
########################################################
# DATA FOR CRYSTALLOGRAPHIC QUARTIC SURFACE FAMILY 4.1 #
########################################################


##################
# GROUP & FAMILY #
##################

Generators of crystallographic group:
[[1, 0, 0, 0], [0, 1, 0, 0], [0, 0, -1, 0], [0, 0, 0, 1]]
[[1, 0, 0, 0], [0, 1, 0, 0], [0, 0, 1, 0], [0, 0, 0, -1]]

Invariant polynomials:
w^4
z^2*w^2
y^2*w^2
x*y*w^2
x^2*w^2
z^4
y^2*z^2
x*y*z^2
x^2*z^2
y^4
x*y^3
x^2*y^2
x^3*y
x^4

Equivalent crystallographic groups:
4.2
4.3
4.4

############
# HOMOLOGY #
############


Intersection product:
[[-2, 0, 1, 0, 0, 0, 0, 0, 1, 0, 1, 1, -1, 2, 1, 0, -1, 0, 0, 1, 0, 0], [0, -2, -1, -1, -1, -1, 1, 0, 0, 0, 0, -1, 0, -1, 0, -1, 0, 1, 0, 0, 0, -1], [1, -1, -2, -1, -1, -1, 1, 0, -1, 0, -1, -1, 1, -2, -1, -1, 1, 1, 0, -1, 0, -1], [0, -1, -1, -2, 0, 0, 1, 0, 1, 0, 1, -1, -1, 1, 0, 0, -1, 1, 0, 0, -1, -1], [0, -1, -1, 0, -2, -1, 1, 1, 0, 0, 0, -1, 1, -2, -1, -1, 1, 1, 1, -1, 1, -1], [0, -1, -1, 0, -1, -2, 1, 1, 0, 0, 0, -1, 1, -2, -1, -1, 1, 1, 1, -1, 1, -1], [0, 1, 1, 1, 1, 1, -2, -1, -1, 0, -1, 2, 0, 1, 1, 0, 0, -1, -1, 1, 0, 1], [0, 0, 0, 0, 1, 1, -1, -2, 0, 0, 0, 1, -1, 2, 1, 0, -1, 0, -1, 1, -1, 0], [1, 0, -1, 1, 0, 0, -1, 0, -2, 0, -1, 0, 2, -2, -1, 0, 2, 0, 1, -1, 1, 0], [0, 0, 0, 0, 0, 0, 0, 0, 0, -2, 0, 0, 1, 0, 0, 0, 1, 0, 1, 0, 0, 0], [1, 0, -1, 1, 0, 0, -1, 0, -1, 0, -2, 0, 2, -2, -1, 0, 2, 0, 1, -1, 1, 0], [1, -1, -1, -1, -1, -1, 2, 1, 0, 0, 0, -2, 1, -2, -1, -1, 1, 1, 0, -1, 0, -1], [-1, 0, 1, -1, 1, 1, 0, -1, 2, 1, 2, 1, -4, 4, 2, 0, -3, 0, -2, 2, -2, 0], [2, -1, -2, 1, -2, -2, 1, 2, -2, 0, -2, -2, 4, -6, -3, -1, 4, 1, 2, -3, 2, -1], [1, 0, -1, 0, -1, -1, 1, 1, -1, 0, -1, -1, 2, -3, -2, 0, 1, 0, 0, -1, 1, 0], [0, -1, -1, 0, -1, -1, 0, 0, 0, 0, 0, -1, 0, -1, 0, -2, 1, 1, 1, -1, 1, -1], [-1, 0, 1, -1, 1, 1, 0, -1, 2, 1, 2, 1, -3, 4, 1, 1, -4, 0, -2, 2, -2, 0], [0, 1, 1, 1, 1, 1, -1, 0, 0, 0, 0, 1, 0, 1, 0, 1, 0, -2, -1, 1, 0, 1], [0, 0, 0, 0, 1, 1, -1, -1, 1, 1, 1, 0, -2, 2, 0, 1, -2, -1, -2, 1, -1, 0], [1, 0, -1, 0, -1, -1, 1, 1, -1, 0, -1, -1, 2, -3, -1, -1, 2, 1, 1, -2, 1, 0], [0, 0, 0, -1, 1, 1, 0, -1, 1, 0, 1, 0, -2, 2, 1, 1, -2, 0, -1, 1, -2, 0], [0, -1, -1, -1, -1, -1, 1, 0, 0, 0, 0, -1, 0, -1, 0, -1, 0, 1, 0, 0, 0, -2]]

Basis of the generic Picard lattice:
[1, 0, 0, 0, 0, 0, 0, 0, 0, 0, 0, 0, 0, -1, 1, -1, -1, 0, 2, 1, 0, 2]
[0, 1, 0, 0, 0, 0, 0, 0, 0, 0, 0, 0, 0, -1, 1, 0, -1, 0, 1, 0, 0, 0]
[0, 0, 1, 0, 0, 0, 0, 0, 0, 0, 0, 0, 0, 1, 0, 1, 1, 0, -2, -2, 0, -2]
[0, 0, 0, 1, 0, 0, 0, 0, 0, 0, 0, 0, 0, 3, -1, 1, 2, 0, -5, -3, 0, -4]
[0, 0, 0, 0, 1, 0, 0, 0, 0, 0, 0, 0, 0, -3, 1, -2, -2, 0, 5, 3, -1, 4]
[0, 0, 0, 0, 0, 1, 0, 0, 0, 0, 0, 0, 0, 0, 0, 0, 0, 0, -1, -1, 0, -1]
[0, 0, 0, 0, 0, 0, 1, 0, 0, 0, 0, 0, 0, -1, 1, 0, -1, 0, 2, 1, 1, 2]
[0, 0, 0, 0, 0, 0, 0, 1, 0, 0, 0, 0, 0, 0, 1, 1, 0, 0, -1, -1, 0, -1]
[0, 0, 0, 0, 0, 0, 0, 0, 1, 0, 0, 0, 0, -1, 1, 0, 0, 0, 1, 1, 0, 1]
[0, 0, 0, 0, 0, 0, 0, 0, 0, 1, 0, 0, 0, -2, 0, -2, -1, 0, 4, 3, -2, 4]
[0, 0, 0, 0, 0, 0, 0, 0, 0, 0, 1, 0, 0, 2, 0, 2, 2, 0, -5, -3, 1, -4]
[0, 0, 0, 0, 0, 0, 0, 0, 0, 0, 0, 0, 1, 1, 0, 0, 0, -1, -2, -2, 0, -2]

Class of hyperplane section:
[0, 0, 2, -1, -1, -1, -1, -1, 0, 1, 0, 0, 0, 1, -2, 0, 2, 0, 0, 0, -2, 0]

Action of the group on homology:
[[0, 0, -1, 0, -1, -1, 0, 1, 0, 0, 0, 0, 1, -1, -1, -1, 1, 1, 1, -1, 1, -1], [0, 0, 0, 1, -1, 0, 0, 1, 1, 1, 1, 0, 0, 0, -1, 0, 0, 0, 1, -1, 1, 0], [0, -1, -1, 0, -2, -1, 2, 2, 0, 0, 1, -1, 2, -1, -2, -1, 2, 1, 2, -2, 1, -1], [-1, 1, 1, -1, 3, 1, -2, -3, 0, 0, -1, 2, -3, 3, 3, 1, -3, -1, -3, 3, -2, 1], [-1, 0, 1, -1, 2, 1, -1, -3, -1, -1, -1, 1, -2, 2, 3, 1, -2, -1, -3, 3, -2, 1], [0, 0, 0, -1, 2, 1, -1, -3, -1, 0, -1, 0, -2, 1, 2, 1, -2, -1, -3, 2, -2, 1], [-1, 1, 1, 0, 2, 1, -2, -2, 0, 0, 0, 1, -2, 2, 2, 1, -2, -1, -2, 2, -1, 1], [0, 0, 0, -1, 2, 0, -1, -2, 0, 0, -1, 1, -2, 1, 2, 1, -2, 0, -2, 2, -2, 0], [0, 0, 0, 1, -1, 0, 0, 1, 0, 0, 0, -1, 1, -1, -1, 0, 1, -1, 1, -1, 1, 0], [0, 0, 0, 1, -2, 0, 1, 2, 1, 0, 1, -1, 1, -1, -2, 0, 1, 0, 2, -2, 1, 0], [0, 0, 0, 0, -1, 0, 1, 1, 0, 0, 0, -1, 1, -1, -1, 0, 1, 0, 1, -1, 1, 0], [0, 0, 0, 0, 0, 0, 0, 0, 0, 0, 0, -1, 0, 0, 0, 0, 0, 0, 0, 0, 0, 0], [0, 0, 0, 1, -1, 0, 0, 1, 1, 0, 0, -1, 0, -1, -1, 0, 1, -1, 1, -1, 1, 0], [0, 0, 0, 0, 0, -1, 0, 0, 0, 0, 0, 1, 0, 0, 0, -1, 0, 1, 0, 0, 0, -1], [0, 1, 0, 0, 1, 0, -1, 0, 1, 0, 0, 0, -1, 0, 0, 1, -1, -1, -1, 1, 0, 0], [0, 0, 0, -1, 0, -1, 1, 1, 0, 0, 1, 0, 0, 0, 0, -1, 0, 1, 0, 0, 0, -1], [0, -1, 0, 0, -2, -1, 2, 2, 0, 0, 1, -1, 2, -1, -2, -1, 1, 1, 2, -2, 1, -1], [0, 0, 0, -1, 1, 0, 0, -1, -1, 0, 0, 1, -1, 1, 1, 0, -1, 0, -1, 1, -1, 0], [0, 0, 0, 1, -1, 0, 0, 1, 0, 0, 0, 0, 1, -1, -1, 0, 1, 0, 1, -1, 1, 1], [0, 0, 0, 1, -1, 0, 0, 1, 0, 0, 0, 0, 1, -1, -1, 0, 1, 0, 2, -2, 1, 1], [0, 1, 0, -1, 2, 0, -1, -2, -1, -1, 0, 1, -1, 1, 2, 0, -1, 0, -2, 2, -1, 0], [0, 0, 0, 1, -1, 0, 0, 1, 0, 0, 0, 0, 1, -1, -1, 0, 1, 0, 2, -1, 1, 0]]
[[0, 0, 0, 1, 0, 0, -1, 0, 0, 0, 0, 0, 0, 0, 0, -1, 1, 0, 1, -1, 1, 1], [0, 0, 0, 1, 0, 0, -1, 0, 0, 0, 0, 1, 0, 0, 0, 0, 0, 0, 1, 0, 0, 0], [0, 0, 0, 0, 0, 0, 0, 0, 0, -1, 0, 1, 0, 1, 1, -1, 1, 1, 1, 0, -1, -1], [0, 0, 0, -1, 0, 0, 1, 1, 0, 1, 0, -1, 1, -1, -1, 1, 0, 0, 0, -1, 1, 1], [0, 0, 0, -1, 0, 0, 1, 0, -1, 0, 0, -1, 1, -1, 0, 1, 0, 0, -1, 0, 0, 0], [0, 0, 0, -1, 0, 0, 1, 0, 0, 0, -1, -1, 1, -1, 0, 1, 0, 0, -1, 0, 0, 0], [0, 0, 0, 0, 0, 0, 0, 1, 0, 1, 0, -1, 1, -1, -1, 1, 0, 0, 0, -1, 1, 1], [0, 0, 0, 0, 0, 0, 1, 0, 0, 1, 0, -1, 1, -1, -1, 1, 0, 0, 0, -1, 1, 1], [0, 0, 0, 0, 0, 1, -1, -1, 0, 0, 0, 0, -2, 1, 1, 0, -1, -1, -1, 1, -1, 0], [0, 0, 0, 1, 0, 0, -1, 0, 1, 0, 1, 0, -2, 1, 0, 0, -1, -1, 0, 0, -1, 0], [0, 0, 0, 0, 1, 0, -1, -1, 0, 0, 0, 0, -2, 1, 1, 0, -1, -1, -1, 1, -1, 0], [0, 0, 0, 0, 0, 0, 0, 0, 0, 0, 0, -1, 0, 0, 0, 0, 0, 0, 0, 0, 0, 0], [1, 0, -1, 1, 0, 0, -1, 0, 0, 1, 0, -1, -1, -1, -1, 0, 0, -1, 0, -1, 0, 0], [0, -1, 0, 0, -1, -1, 1, 1, 0, 0, 0, 0, 1, -1, -1, -1, 1, 1, 1, -1, 1, 0], [1, 1, 0, 1, 1, 1, -1, 0, 0, 1, 0, -1, 0, -1, -1, 1, 0, -1, 0, -1, 1, 2], [-1, 0, 1, -1, 0, 0, 1, 0, 0, -1, 0, 1, 0, 1, 1, -1, 0, 1, 0, 1, 0, 0], [-1, -1, 1, -1, 0, 0, 0, -1, 1, -1, 1, 1, -3, 3, 2, -1, -2, 0, -1, 2, -2, -1], [-1, 0, 1, -1, 0, 0, 1, 0, 0, -1, 0, 1, 0, 1, 1, 0, 0, 0, 0, 1, 0, 0], [0, 1, 0, 1, 0, 0, -1, 0, 0, 0, 0, 1, 0, 0, 0, 0, 0, 0, 0, 0, 0, 0], [-1, 0, 0, 0, 0, 0, -1, -1, 1, 0, 1, 1, -3, 2, 1, 0, -2, -1, -1, 1, -1, 0], [0, 0, 0, -1, 0, 0, 1, 0, -1, -1, -1, 0, 2, -1, 0, 0, 1, 1, 0, 0, 1, 1], [0, 0, 0, 1, 0, 0, -1, 0, 1, 1, 1, 0, -2, 1, 0, 0, -1, -1, 0, 0, 0, 0]]

####################
# ALGEBRAIC CURVES #
####################


There are 104 conics:
[0, 1, 2, -2, -2, -2, -1, -2, 1, 2, 1, 0, 1, 0, -1, 0, 2, -1, 1, 1, -2, 1]
[0, -1, 0, 1, 1, 1, 0, 1, -1, -1, -1, 0, -1, 1, -1, 0, 0, 1, -1, -1, 0, -1]
[0, 0, 2, -2, -1, -1, -1, -2, 1, 1, 1, 0, 1, 0, -1, 0, 2, -1, 0, 0, -1, 0]
[0, 0, 0, 1, 0, 0, 0, 1, -1, 0, -1, 0, -1, 1, -1, 0, 0, 1, 0, 0, -1, 0]
[0, 1, 2, -2, -2, -1, -1, -3, 1, 2, 1, 0, 1, 0, -2, -1, 2, -1, 1, 1, -2, 1]
[0, -1, 0, 1, 1, 0, 0, 2, -1, -1, -1, 0, -1, 1, 0, 1, 0, 1, -1, -1, 0, -1]
[1, 0, 0, 0, -1, -1, -1, 1, 0, 0, -1, 0, 0, 1, 0, 0, 0, 0, 0, 0, -1, 0]
[-1, 0, 2, -1, 0, 0, 0, -2, 0, 1, 1, 0, 0, 0, -2, 0, 2, 0, 0, 0, -1, 0]
[0, 1, 2, -2, -2, -1, -1, -2, 1, 2, 1, 0, 1, 0, -1, 0, 2, -1, 0, 0, -2, 0]
[0, -1, 0, 1, 1, 0, 0, 1, -1, -1, -1, 0, -1, 1, -1, 0, 0, 1, 0, 0, 0, 0]
[1, 1, 2, -2, -2, -2, -1, -2, 0, 1, 1, 0, 0, 1, -1, 1, 2, 0, 0, 0, 0, 0]
[-1, -1, 0, 1, 1, 1, 0, 1, 0, 0, -1, 0, 0, 0, -1, -1, 0, 0, 0, 0, -2, 0]
[1, 0, 0, 1, 0, -1, 0, 1, -1, -1, -1, 0, -1, 2, 0, 1, 0, 1, -1, -1, 1, -1]
[-1, 0, 2, -2, -1, 0, -1, -2, 1, 2, 1, 0, 1, -1, -2, -1, 2, -1, 1, 1, -3, 1]
[0, 0, 2, -2, -1, -1, -1, -2, 0, 1, 1, 0, 0, 0, -2, 0, 2, 0, 1, 1, -1, 1]
[0, 0, 0, 1, 0, 0, 0, 1, 0, 0, -1, 0, 0, 1, 0, 0, 0, 0, -1, -1, -1, -1]
[1, 1, 2, -3, -3, -2, -2, -2, 1, 2, 1, 0, 1, 0, -1, 0, 2, -1, 1, 1, -2, 1]
[-1, -1, 0, 2, 2, 1, 1, 1, -1, -1, -1, 0, -1, 1, -1, 0, 0, 1, -1, -1, 0, -1]
[0, 0, 2, -2, -1, -1, -1, -1, 0, 1, 1, 0, 0, 0, -1, 1, 2, 0, 0, 0, -1, 0]
[0, 0, 0, 1, 0, 0, 0, 0, 0, 0, -1, 0, 0, 1, -1, -1, 0, 0, 0, 0, -1, 0]
[0, 1, 2, -2, -2, -1, -1, -2, 0, 2, 1, 0, 0, 0, -2, 0, 2, 0, 1, 1, -2, 1]
[0, -1, 0, 1, 1, 0, 0, 1, 0, -1, -1, 0, 0, 1, 0, 0, 0, 0, -1, -1, 0, -1]
[0, 0, 2, -2, -1, 0, -1, -2, 0, 1, 1, 0, 0, 0, -2, 0, 2, 0, 0, 0, -1, 0]
[0, 0, 0, 1, 0, -1, 0, 1, 0, 0, -1, 0, 0, 1, 0, 0, 0, 0, 0, 0, -1, 0]
[1, 0, 1, -1, -1, -1, -1, 0, -1, 0, 0, 0, -1, 1, -1, 1, 1, 1, 0, 0, 0, 0]
[-1, 0, 1, 0, 0, 0, 0, -1, 1, 1, 0, 0, 1, 0, -1, -1, 1, -1, 0, 0, -2, 0]
[0, 0, 1, 0, 0, -1, 0, -1, 0, 0, 0, 0, 0, 1, -1, 0, 1, 0, 0, 0, 0, 0]
[0, 0, 1, -1, -1, 0, -1, 0, 0, 1, 0, 0, 0, 0, -1, 0, 1, 0, 0, 0, -2, 0]
[1, 1, 1, -1, -2, -2, -1, -1, 1, 1, 0, 0, 1, 1, 0, 0, 1, -1, 0, 0, -1, 0]
[-1, -1, 1, 0, 1, 1, 0, 0, -1, 0, 0, 0, -1, 0, -2, 0, 1, 1, 0, 0, -1, 0]
[0, 0, 1, 0, 0, -1, 0, 0, 0, 0, 0, 0, 0, 1, 0, 1, 1, 0, -1, -1, 0, -1]
[0, 0, 1, -1, -1, 0, -1, -1, 0, 1, 0, 0, 0, 0, -2, -1, 1, 0, 1, 1, -2, 1]
[0, 1, 1, 0, -1, -1, 0, -1, 0, 1, 0, 0, 0, 1, -1, 0, 1, 0, 0, 0, -1, 0]
[0, -1, 1, -1, 0, 0, -1, 0, 0, 0, 0, 0, 0, 0, -1, 0, 1, 0, 0, 0, -1, 0]
[0, 0, 1, 0, 0, 0, 0, -1, 0, 0, 0, 0, 0, 1, -1, 0, 1, 0, -1, -1, 0, -1]
[0, 0, 1, -1, -1, -1, -1, 0, 0, 1, 0, 0, 0, 0, -1, 0, 1, 0, 1, 1, -2, 1]
[0, 0, 1, 0, 0, 0, 0, 0, -1, 0, 0, 0, -1, 1, -1, 1, 1, 1, -1, -1, 0, -1]
[0, 0, 1, -1, -1, -1, -1, -1, 1, 1, 0, 0, 1, 0, -1, -1, 1, -1, 1, 1, -2, 1]
[1, 1, 1, -1, -2, -1, -1, -1, 0, 1, 0, 0, 0, 1, -1, 0, 1, 0, 0, 0, -1, 0]
[-1, -1, 1, 0, 1, 0, 0, 0, 0, 0, 0, 0, 0, 0, -1, 0, 1, 0, 0, 0, -1, 0]
[0, 0, 1, 0, 0, 0, 0, -1, -1, 0, 0, 0, -1, 1, -2, 0, 1, 1, 0, 0, 0, 0]
[0, 0, 1, -1, -1, -1, -1, 0, 1, 1, 0, 0, 1, 0, 0, 0, 1, -1, 0, 0, -2, 0]
[1, 0, 1, -1, -1, -2, -1, 0, 0, 0, 0, 0, 0, 1, 0, 1, 1, 0, 0, 0, 0, 0]
[-1, 0, 1, 0, 0, 1, 0, -1, 0, 1, 0, 0, 0, 0, -2, -1, 1, 0, 0, 0, -2, 0]
[1, 0, 1, -1, -1, -1, -1, 0, 0, 0, 0, 0, 0, 1, 0, 1, 1, 0, -1, -1, 0, -1]
[-1, 0, 1, 0, 0, 0, 0, -1, 0, 1, 0, 0, 0, 0, -2, -1, 1, 0, 1, 1, -2, 1]
[1, 1, 1, -1, -2, -2, -1, 0, 0, 1, 0, 0, 0, 1, 0, 1, 1, 0, 0, 0, -1, 0]
[-1, -1, 1, 0, 1, 1, 0, -1, 0, 0, 0, 0, 0, 0, -2, -1, 1, 0, 0, 0, -1, 0]
[1, 1, 2, -2, -2, -2, -2, -2, 1, 2, 1, 0, 1, 0, -1, -1, 2, -1, 1, 1, -3, 1]
[-1, -1, 0, 1, 1, 1, 1, 1, -1, -1, -1, 0, -1, 1, -1, 1, 0, 1, -1, -1, 1, -1]
[0, 1, 2, -2, -2, -2, -2, -2, 1, 2, 1, 0, 0, 0, -2, 0, 3, 0, 1, 2, -3, 1]
[0, -1, 0, 1, 1, 1, 1, 1, -1, -1, -1, 0, 0, 1, 0, 0, -1, 0, -1, -2, 1, -1]
[1, -1, 0, 1, 0, 0, 1, 1, -1, -1, -1, 0, -1, 2, 0, 1, 0, 1, -1, -1, 2, 0]
[-1, 1, 2, -2, -1, -1, -2, -2, 1, 2, 1, 0, 1, -1, -2, -1, 2, -1, 1, 1, -4, 0]
[0, 1, 1, -2, -2, -2, -2, -2, 1, 2, 1, 0, 1, 0, -2, -1, 2, -1, 1, 2, -3, 1]
[0, -1, 1, 1, 1, 1, 1, 1, -1, -1, -1, 0, -1, 1, 0, 1, 0, 1, -1, -2, 1, -1]
[0, 0, 2, -2, -1, -1, -2, -2, 1, 1, 1, 0, 0, 0, -2, 0, 3, 0, 0, 1, -2, 0]
[0, 0, 0, 1, 0, 0, 1, 1, -1, 0, -1, 0, 0, 1, 0, 0, -1, 0, 0, -1, 0, 0]
[0, 0, 1, 0, 0, 0, 0, 0, -1, -1, -1, 0, -1, 1, -1, 1, 0, 1, 0, -1, 1, -1]
[0, 0, 1, -1, -1, -1, -1, -1, 1, 2, 1, 0, 1, 0, -1, -1, 2, -1, 0, 1, -3, 1]
[0, 1, 2, -2, -1, -2, -2, -2, 0, 1, 1, 0, 0, 0, -2, 0, 2, 0, 1, 1, -2, 0]
[0, -1, 0, 1, 0, 1, 1, 1, 0, 0, -1, 0, 0, 1, 0, 0, 0, 0, -1, -1, 0, 0]
[0, 1, 1, -1, -1, -2, -1, -1, 0, 2, 1, 0, 1, 0, -1, -1, 1, -1, 1, 1, -3, 1]
[0, -1, 1, 0, 0, 1, 0, 0, 0, -1, -1, 0, -1, 1, -1, 1, 1, 1, -1, -1, 1, -1]
[0, 0, 2, -1, 0, -1, -1, -1, 0, 1, 1, 0, 0, 0, -1, 0, 2, 0, 0, 0, -2, 0]
[0, 0, 0, 0, -1, 0, 0, 0, 0, 0, -1, 0, 0, 1, -1, 0, 0, 0, 0, 0, 0, 0]
[1, 0, 1, -1, -1, -2, -1, -1, 0, 1, 1, 0, 0, 1, -1, 0, 2, 0, 0, 1, -1, 1]
[-1, 0, 1, 0, 0, 1, 0, 0, 0, 0, -1, 0, 0, 0, -1, 0, 0, 0, 0, -1, -1, -1]
[0, 0, 1, 0, -1, 0, 0, 0, 0, 0, -1, 0, -1, 1, -1, 1, 1, 1, 0, 0, 0, 0]
[0, 0, 1, -1, 0, -1, -1, -1, 0, 1, 1, 0, 1, 0, -1, -1, 1, -1, 0, 0, -2, 0]
[1, 0, 1, 0, -1, 0, 0, 0, 0, 0, -1, 0, 0, 1, 0, 0, 0, 0, 0, -1, 0, 0]
[-1, 0, 1, -1, 0, -1, -1, -1, 0, 1, 1, 0, 0, 0, -2, 0, 2, 0, 0, 1, -2, 0]
[0, 1, 2, -2, -2, -1, -2, -2, 1, 1, 0, 0, 0, 0, -2, 0, 2, 0, 1, 1, -2, 0]
[0, -1, 0, 1, 1, 0, 1, 1, -1, 0, 0, 0, 0, 1, 0, 0, 0, 0, -1, -1, 0, 0]
[0, 1, 1, -1, -2, -1, -1, -1, 1, 2, 0, 0, 1, 0, -1, -1, 1, -1, 1, 1, -3, 1]
[0, -1, 1, 0, 1, 0, 0, 0, -1, -1, 0, 0, -1, 1, -1, 1, 1, 1, -1, -1, 1, -1]
[0, 0, 2, -1, -1, 0, -1, -1, 1, 1, 0, 0, 0, 0, -1, 0, 2, 0, 0, 0, -2, 0]
[0, 0, 0, 0, 0, -1, 0, 0, -1, 0, 0, 0, 0, 1, -1, 0, 0, 0, 0, 0, 0, 0]
[1, 0, 1, -1, -2, -1, -1, -1, 1, 1, 0, 0, 0, 1, -1, 0, 2, 0, 0, 1, -1, 1]
[-1, 0, 1, 0, 1, 0, 0, 0, -1, 0, 0, 0, 0, 0, -1, 0, 0, 0, 0, -1, -1, -1]
[0, 0, 1, 0, 0, -1, 0, 0, -1, 0, 0, 0, -1, 1, -1, 1, 1, 1, 0, 0, 0, 0]
[0, 0, 1, -1, -1, 0, -1, -1, 1, 1, 0, 0, 1, 0, -1, -1, 1, -1, 0, 0, -2, 0]
[1, 0, 1, 0, 0, -1, 0, 0, -1, 0, 0, 0, 0, 1, 0, 0, 0, 0, 0, -1, 0, 0]
[-1, 0, 1, -1, -1, 0, -1, -1, 1, 1, 0, 0, 0, 0, -2, 0, 2, 0, 0, 1, -2, 0]
[0, 1, 2, -1, -1, -1, -1, -1, 0, 1, 0, 0, 0, 0, -1, 0, 1, 0, 1, 0, -2, 0]
[0, -1, 0, 0, 0, 0, 0, 0, 0, 0, 0, 0, 0, 1, -1, 0, 1, 0, -1, 0, 0, 0]
[1, 1, 1, -1, -2, -2, -1, -1, 0, 1, 0, 0, 0, 1, -1, 0, 1, 0, 1, 1, -1, 1]
[-1, -1, 1, 0, 1, 1, 0, 0, 0, 0, 0, 0, 0, 0, -1, 0, 1, 0, -1, -1, -1, -1]
[0, 1, 1, -1, -1, -1, -1, -1, 0, 1, 0, 0, 1, 0, -1, -1, 0, -1, 1, 0, -2, 0]
[0, -1, 1, 0, 0, 0, 0, 0, 0, 0, 0, 0, -1, 1, -1, 1, 2, 1, -1, 0, 0, 0]
[1, -1, 1, 0, 0, 0, 0, 0, 0, 0, 0, 0, 0, 1, 0, 0, 1, 0, -1, -1, 0, 0]
[-1, 1, 1, -1, -1, -1, -1, -1, 0, 1, 0, 0, 0, 0, -2, 0, 1, 0, 1, 1, -2, 0]
[1, 0, 2, -1, -1, -1, -1, -1, 0, 0, 0, 0, -1, 1, -1, 1, 2, 1, 0, 0, 0, 0]
[-1, 0, 0, 0, 0, 0, 0, 0, 0, 1, 0, 0, 1, 0, -1, -1, 0, -1, 0, 0, -2, 0]
[1, 0, 1, 0, -1, -1, 0, 0, 0, 1, 0, 0, 0, 1, 0, 0, 1, 0, 0, 0, -1, 1]
[-1, 0, 1, -1, 0, 0, -1, -1, 0, 0, 0, 0, 0, 0, -2, 0, 1, 0, 0, 0, -1, -1]
[0, 0, 2, -1, 0, 0, -1, -1, 0, 0, 0, 0, 0, 0, -1, 0, 1, 0, 0, -1, -1, -1]
[0, 0, 0, 0, -1, -1, 0, 0, 0, 1, 0, 0, 0, 1, -1, 0, 1, 0, 0, 1, -1, 1]
[1, 0, 0, 0, -1, -1, 0, 0, 0, 1, 0, 0, 1, 1, 0, -1, 0, -1, 0, 0, -1, 1]
[-1, 0, 2, -1, 0, 0, -1, -1, 0, 0, 0, 0, -1, 0, -2, 1, 2, 1, 0, 0, -1, -1]
[1, 0, 1, -1, -1, -1, -1, -1, 0, 0, 0, 0, 0, 1, -1, 0, 1, 0, 0, 0, 0, 0]
[-1, 0, 1, 0, 0, 0, 0, 0, 0, 1, 0, 0, 0, 0, -1, 0, 1, 0, 0, 0, -2, 0]
[0, 0, 1, 0, 0, 0, 0, 0, 0, 1, 0, 0, 1, 0, 0, -1, 0, -1, 0, -1, -2, 0]
[0, 0, 1, -1, -1, -1, -1, -1, 0, 0, 0, 0, -1, 1, -2, 1, 2, 1, 0, 1, 0, 0]

################
# DISCRIMINANT #
################

We did not manage to compute the discriminant.
The restriction of the discriminant to the line we chose had 2 components of degree 1, 1 component of degree 2, 1 component of degree 6, 2 components of degree 10, and 1 component of degree 14.
The equation of the line we chose is:
(-13*x^4 - 14*x^3*y - 3*x^2*y^2 - 11*x*y^3 - 9*y^4 - x^2*z^2 - 6*x*y*z^2 + 4*y^2*z^2 - 2*z^4 + 13*x^2*w^2 - 9*x*y*w^2 + 7*y^2*w^2 + 3*z^2*w^2 + 5*w^4)*t - 59*x^4 + 62*x^3*y - 93*x^2*y^2 - 41*x*y^3 - 28*y^4 + 68*x^2*z^2 - 10*x*y*z^2 + 31*y^2*z^2 + 64*z^4 + 70*x^2*w^2 + 4*x*y*w^2 + 95*y^2*w^2 + 20*z^2*w^2 - 89*w^4

#############
# MONODROMY #
#############


Generators of the monodromy group on the second homology group:
[[1, 0, 0, 0, 0, 0, 0, 0, 0, 0, 0, 0, 0, 0, 0, 0, 0, 0, 0, 0, 0, 0], [-1, 1, 1, 0, 0, 0, 0, 0, 0, -1, 0, 1, 0, 1, 1, 0, 0, 0, 0, 1, 0, 0], [-1, 0, 2, 1, 0, 0, -1, 0, 0, -1, 0, 1, 0, 1, 1, 0, 0, -1, 0, 1, 0, 0], [2, 0, -2, 0, 0, 0, 1, 0, 0, 2, 0, -2, 0, -2, -2, 0, 0, 1, 0, -2, 0, 0], [1, 0, -1, 0, 0, 1, 0, 0, 0, 1, 0, -1, 0, -1, -1, 0, 0, 0, 0, -1, 0, 0], [1, 0, -1, 0, 1, 0, 0, 0, 0, 1, 0, -1, 0, -1, -1, 0, 0, 0, 0, -1, 0, 0], [1, 0, -1, 0, 0, 0, 1, 0, 0, 1, 0, -1, 0, -1, -1, 0, 0, 0, 0, -1, 0, 0], [2, 0, -2, -1, 0, 0, 1, 1, 0, 2, 0, -2, 0, -2, -2, 0, 0, 1, 0, -2, 0, 0], [-1, 0, 1, 0, 0, 0, 0, 0, 0, -1, 1, 1, 0, 1, 1, 0, 0, 0, 0, 1, 0, 0], [-2, 0, 2, 0, 0, 0, 0, 0, 0, -1, 0, 2, 0, 2, 2, 0, 0, 0, 0, 2, 0, 0], [-1, 0, 1, 0, 0, 0, 0, 0, 1, -1, 0, 1, 0, 1, 1, 0, 0, 0, 0, 1, 0, 0], [0, 0, 0, 0, 0, 0, 0, 0, 0, 0, 0, 1, 0, 0, 0, 0, 0, 0, 0, 0, 0, 0], [-1, 0, 1, -1, 0, 0, 1, 0, 0, -1, 0, 1, 1, 1, 1, 0, 0, 1, 0, 1, 0, 0], [1, 0, -1, 0, 0, 0, 0, 0, 0, 1, 0, -1, 0, 0, -1, 0, 0, 0, 0, -1, 0, 0], [1, 0, -1, -1, 0, 0, 1, 0, 0, 1, 0, -1, 0, -1, 0, 0, 0, 1, 0, -1, 0, 0], [1, 0, -1, 1, 0, 0, -1, 0, 0, 1, 0, -1, 0, -1, -1, 1, 0, -1, 0, -1, 0, 0], [-1, 0, 1, 1, 0, 0, -1, 0, 0, -1, 0, 1, 0, 1, 1, 0, 1, -1, 0, 1, 0, 0], [1, 0, -1, 1, 0, 0, -1, 0, 0, 1, 0, -1, 0, -1, -1, 0, 0, 0, 0, -1, 0, 0], [-1, 0, 1, 0, 0, 0, 0, 0, 0, -1, 0, 1, 0, 1, 1, 0, 0, 0, 1, 1, 0, 0], [-1, 0, 1, 0, 0, 0, 0, 0, 0, -1, 0, 1, 0, 1, 1, 0, 0, 0, 0, 2, 0, 0], [2, 0, -2, 1, 0, 0, -1, 0, 0, 2, 0, -2, 0, -2, -2, 0, 0, -1, 0, -2, 1, 0], [-1, 0, 1, 0, 0, 0, 0, 0, 0, -1, 0, 1, 0, 1, 1, 0, 0, 0, 0, 1, 0, 1]]
[[1, 0, 0, 0, 0, 0, 0, 0, 0, 0, 0, 0, 0, 0, 0, 0, 0, 0, 0, 0, 0, 0], [0, 1, 0, 0, 0, 0, 0, 0, 0, 0, 0, 0, 0, 0, 0, 0, 0, 0, 0, 0, 0, 0], [0, 0, 1, 0, 0, 0, 0, 0, 0, 0, 0, 0, 0, 0, 0, 0, 0, 0, 0, 0, 0, 0], [0, 0, 0, 1, 0, 0, 0, 0, 0, 0, 0, 0, 0, 0, 0, 0, 0, 0, 0, 0, 0, 0], [0, 0, 0, 0, 1, 0, 0, 0, 0, 0, 0, 0, 0, 0, 0, 0, 0, 0, 0, 0, 0, 0], [0, 0, 0, 0, 0, 1, 0, 0, 0, 0, 0, 0, 0, 0, 0, 0, 0, 0, 0, 0, 0, 0], [0, 0, 0, 0, 0, 0, 1, 0, 0, 0, 0, 0, 0, 0, 0, 0, 0, 0, 0, 0, 0, 0], [0, 0, 0, 0, 0, 0, 0, 1, 0, 0, 0, 0, 0, 0, 0, 0, 0, 0, 0, 0, 0, 0], [0, 0, 0, 0, 0, 0, 0, 0, 1, 0, 0, 0, 0, 0, 0, 0, 0, 0, 0, 0, 0, 0], [0, 0, 0, 0, 0, 0, 0, 0, 0, 1, 0, 0, 0, 0, 0, 0, 0, 0, 0, 0, 0, 0], [0, 0, 0, 0, 0, 0, 0, 0, 0, 0, 1, 0, 0, 0, 0, 0, 0, 0, 0, 0, 0, 0], [0, 0, 0, 0, 0, 0, 0, 0, 0, 0, 0, 1, 0, 0, 0, 0, 0, 0, 0, 0, 0, 0], [0, 0, 0, 0, 0, 0, 0, 0, 0, 0, 0, 0, 1, 0, 0, 0, 0, 0, 0, 0, 0, 0], [0, 0, 0, 0, 0, 0, 0, 0, 0, 0, 0, 0, 0, 1, 0, 0, 0, 0, 0, 0, 0, 0], [0, 0, 0, 0, 0, 0, 0, 0, 0, 0, 0, 0, 0, 0, 1, 0, 0, 0, 0, 0, 0, 0], [0, 0, 0, 0, 0, 0, 0, 0, 0, 0, 0, 0, 0, 0, 0, 1, 0, 0, 0, 0, 0, 0], [0, 0, 0, 0, 0, 0, 0, 0, 0, 0, 0, 0, 0, 0, 0, 0, 1, 0, 0, 0, 0, 0], [0, 0, 0, 0, 0, 0, 0, 0, 0, 0, 0, 0, 0, 0, 0, 0, 0, 1, 0, 0, 0, 0], [0, 0, 0, 0, 0, 0, 0, 0, 0, 0, 0, 0, 0, 0, 0, 0, 0, 0, 1, 0, 0, 0], [0, 0, 0, 0, 0, 0, 0, 0, 0, 0, 0, 0, 0, 0, 0, 0, 0, 0, 0, 1, 0, 0], [0, 0, 0, 0, 0, 0, 0, 0, 0, 0, 0, 0, 0, 0, 0, 0, 0, 0, 0, 0, 1, 0], [0, 0, 0, 0, 0, 0, 0, 0, 0, 0, 0, 0, 0, 0, 0, 0, 0, 0, 0, 0, 0, 1]]
[[0, -1, -1, -1, -1, -1, 1, 0, 0, 0, 0, 0, 0, 0, 0, -1, 0, 1, 0, 0, 0, -1], [0, 1, 0, 0, 0, 0, 0, 0, 0, 0, 0, 0, 0, 0, 0, 0, 0, 0, 0, 0, 0, 0], [-1, -1, 0, -1, -1, -1, 1, 0, 0, 0, 0, 0, 0, 0, 0, -1, 0, 1, 0, 0, 0, -1], [0, 0, 0, 1, 0, 0, 0, 0, 0, 0, 0, 0, 0, 0, 0, 0, 0, 0, 0, 0, 0, 0], [0, 0, 0, 0, 1, 0, 0, 0, 0, 0, 0, 0, 0, 0, 0, 0, 0, 0, 0, 0, 0, 0], [0, 0, 0, 0, 0, 1, 0, 0, 0, 0, 0, 0, 0, 0, 0, 0, 0, 0, 0, 0, 0, 0], [0, 0, 0, 0, 0, 0, 1, 0, 0, 0, 0, 0, 0, 0, 0, 0, 0, 0, 0, 0, 0, 0], [0, 0, 0, 0, 0, 0, 0, 1, 0, 0, 0, 0, 0, 0, 0, 0, 0, 0, 0, 0, 0, 0], [0, 0, 0, 0, 0, 0, 0, 0, 1, 0, 0, 0, 0, 0, 0, 0, 0, 0, 0, 0, 0, 0], [0, 0, 0, 0, 0, 0, 0, 0, 0, 1, 0, 0, 0, 0, 0, 0, 0, 0, 0, 0, 0, 0], [0, 0, 0, 0, 0, 0, 0, 0, 0, 0, 1, 0, 0, 0, 0, 0, 0, 0, 0, 0, 0, 0], [0, 0, 0, 0, 0, 0, 0, 0, 0, 0, 0, 1, 0, 0, 0, 0, 0, 0, 0, 0, 0, 0], [0, 0, 0, 0, 0, 0, 0, 0, 0, 0, 0, 0, 1, 0, 0, 0, 0, 0, 0, 0, 0, 0], [0, 0, 0, 0, 0, 0, 0, 0, 0, 0, 0, 0, 0, 1, 0, 0, 0, 0, 0, 0, 0, 0], [0, 0, 0, 0, 0, 0, 0, 0, 0, 0, 0, 0, 0, 0, 0, 1, -1, -1, -1, 1, 0, 0], [0, 0, 0, 0, 0, 0, 0, 0, 0, 0, 0, 0, 0, 0, 0, 1, 0, 0, 0, 0, 0, 0], [0, 0, 0, 0, 0, 0, 0, 0, 0, 0, 0, 0, 0, 0, 0, 0, 1, 0, 0, 0, 0, 0], [0, 0, 0, 0, 0, 0, 0, 0, 0, 0, 0, 0, 0, 0, 0, 0, 0, 1, 0, 0, 0, 0], [0, 0, 0, 0, 0, 0, 0, 0, 0, 0, 0, 0, 0, 0, 0, 0, 0, 0, 1, 0, 0, 0], [0, 0, 0, 0, 0, 0, 0, 0, 0, 0, 0, 0, 0, 0, 1, -1, 1, 1, 1, 0, 0, 0], [0, 0, 0, 0, 0, 0, 0, 0, 0, 0, 0, 0, 0, 0, 0, 0, 0, 0, 0, 0, 1, 0], [0, 0, 0, 0, 0, 0, 0, 0, 0, 0, 0, 0, 0, 0, 0, 0, 0, 0, 0, 0, 0, 1]]
[[1, 0, 0, 0, 0, 0, 0, 0, 0, 0, 0, 0, 0, 0, 0, 0, 0, 0, 0, 0, 0, 0], [0, 1, 0, 0, 0, 0, 0, 0, 0, 0, 0, 0, 0, 0, 0, 0, 0, 0, 0, 0, 0, 0], [0, 0, 1, 0, 0, 0, 0, 0, 0, 0, 0, 0, 0, 0, 0, 0, 0, 0, 0, 0, 0, 0], [0, 0, 0, 1, 0, 0, 0, 0, 0, 0, 0, 0, 0, 0, 0, 0, 0, 0, 0, 0, 0, 0], [0, 0, 0, 0, 1, 0, 0, 0, 0, 0, 0, 0, 0, 0, 0, 0, 0, 0, 0, 0, 0, 0], [0, 0, 0, 0, 0, 1, 0, 0, 0, 0, 0, 0, 0, 0, 0, 0, 0, 0, 0, 0, 0, 0], [0, 0, 0, 0, 0, 0, 1, 0, 0, 0, 0, 0, 0, 0, 0, 0, 0, 0, 0, 0, 0, 0], [0, 0, 0, 0, 0, 0, 0, 1, 0, 0, 0, 0, 0, 0, 0, 0, 0, 0, 0, 0, 0, 0], [0, 0, 0, 0, 0, 0, 0, 0, 1, 0, 0, 0, 0, 0, 0, 0, 0, 0, 0, 0, 0, 0], [0, 0, 0, 0, 0, 0, 0, 0, 0, 1, 0, 0, 0, 0, 0, 0, 0, 0, 0, 0, 0, 0], [0, 0, 0, 0, 0, 0, 0, 0, 0, 0, 1, 0, 0, 0, 0, 0, 0, 0, 0, 0, 0, 0], [0, 0, 0, 0, 0, 0, 0, 0, 0, 0, 0, 1, 0, 0, 0, 0, 0, 0, 0, 0, 0, 0], [0, 0, 0, 0, 0, 0, 0, 0, 0, 0, 0, 0, 1, 0, 0, 0, 0, 0, 0, 0, 0, 0], [0, 0, 0, 0, 0, 0, 0, 0, 0, 0, 0, 0, 0, 1, 0, 0, 0, 0, 0, 0, 0, 0], [0, 0, 0, 0, 0, 0, 0, 0, 0, 0, 0, 0, 0, 0, 1, 0, 0, 0, 0, 0, 0, 0], [0, 0, 0, 0, 0, 0, 0, 0, 0, 0, 0, 0, 0, 0, 0, 1, 0, 0, 0, 0, 0, 0], [0, 0, 0, 0, 0, 0, 0, 0, 0, 0, 0, 0, 0, 0, 0, 0, 1, 0, 0, 0, 0, 0], [0, 0, 0, 0, 0, 0, 0, 0, 0, 0, 0, 0, 0, 0, 0, 0, 0, 1, 0, 0, 0, 0], [0, 0, 0, 0, 0, 0, 0, 0, 0, 0, 0, 0, 0, 0, 0, 0, 0, 0, 1, 0, 0, 0], [0, 0, 0, 0, 0, 0, 0, 0, 0, 0, 0, 0, 0, 0, 0, 0, 0, 0, 0, 1, 0, 0], [0, 0, 0, 0, 0, 0, 0, 0, 0, 0, 0, 0, 0, 0, 0, 0, 0, 0, 0, 0, 1, 0], [0, 0, 0, 0, 0, 0, 0, 0, 0, 0, 0, 0, 0, 0, 0, 0, 0, 0, 0, 0, 0, 1]]
[[1, 0, 0, 0, 0, 0, 0, 0, 0, 0, 0, 0, 0, 0, 0, 0, 0, 0, 0, 0, 0, 0], [0, 1, 0, 0, 0, 0, 0, 0, 0, 0, 0, 0, 0, 0, 0, 0, 0, 0, 0, 0, 0, 0], [0, 0, 1, 0, 0, 0, 0, 0, -1, 0, 0, 0, 1, 0, 0, 0, 0, 0, 0, 0, 0, 0], [0, 0, 0, 1, 0, 0, 0, 0, 1, 0, 0, 0, -1, 0, 0, 0, 0, 0, 0, 0, 0, 0], [-1, 0, 1, -1, 1, 1, 0, -1, 0, -1, 0, 1, -1, 2, 2, 0, -1, 0, -1, 2, -1, 0], [0, 0, 0, 0, 0, 1, 0, 0, 0, 0, 0, 0, 0, 0, 0, 0, 0, 0, 0, 0, 0, 0], [-1, 0, 1, -1, 0, 1, 1, -1, 0, -1, 0, 1, -1, 2, 2, 0, -1, 0, -1, 2, -1, 0], [0, 0, 0, 0, 0, 0, 0, 1, 1, 0, 0, 0, -1, 0, 0, 0, 0, 0, 0, 0, 0, 0], [0, 0, 0, 0, 0, 0, 0, 0, 0, 0, 0, 0, 1, 0, 0, 0, 0, 0, 0, 0, 0, 0], [0, 0, 0, 0, 0, 0, 0, 0, 0, 1, 0, 0, 0, 0, 0, 0, 0, 0, 0, 0, 0, 0], [0, 0, 0, 0, 0, 0, 0, 0, 0, 0, 1, 0, 0, 0, 0, 0, 0, 0, 0, 0, 0, 0], [-1, 0, 1, -1, 0, 1, 0, -1, -1, -1, 0, 2, 0, 2, 2, 0, -1, 0, -1, 2, -1, 0], [0, 0, 0, 0, 0, 0, 0, 0, 1, 0, 0, 0, 0, 0, 0, 0, 0, 0, 0, 0, 0, 0], [1, 0, -1, 1, 0, -1, 0, 1, 1, 1, 0, -1, 0, -1, -2, 0, 1, 0, 1, -2, 1, 0], [0, 0, 0, 0, 0, 0, 0, 0, 1, 0, 0, 0, -1, 0, 1, 0, 0, 0, 0, 0, 0, 0], [1, 0, -1, 1, 0, -1, 0, 1, 0, 1, 0, -1, 1, -2, -2, 1, 1, 0, 1, -2, 1, 0], [1, 0, -1, 1, 0, -1, 0, 1, -1, 1, 0, -1, 2, -2, -2, 0, 2, 0, 1, -2, 1, 0], [1, 0, -1, 1, 0, -1, 0, 1, 0, 1, 0, -1, 1, -2, -2, 0, 1, 1, 1, -2, 1, 0], [0, 0, 0, 0, 0, 0, 0, 0, 0, 0, 0, 0, 0, 0, 0, 0, 0, 0, 1, 0, 0, 0], [1, 0, -1, 1, 0, -1, 0, 1, 0, 1, 0, -1, 1, -2, -2, 0, 1, 0, 1, -1, 1, 0], [0, 0, 0, 0, 0, 0, 0, 0, 0, 0, 0, 0, 0, 0, 0, 0, 0, 0, 0, 0, 1, 0], [0, 0, 0, 0, 0, 0, 0, 0, 0, 0, 0, 0, 0, 0, 0, 0, 0, 0, 0, 0, 0, 1]]
[[1, 0, 0, 0, 0, 0, 0, 0, 0, 0, 0, 0, 0, 0, 0, 0, 0, 0, 0, 0, 0, 0], [0, 1, 0, 0, 0, 0, 0, 0, 0, 0, 0, 0, 0, 0, 0, 0, 0, 0, 0, 0, 0, 0], [0, 0, 1, 0, 0, 0, 0, 0, 0, 0, 0, 0, 0, 0, 0, 0, 0, 0, 0, 0, 0, 0], [0, 0, 0, 1, 0, 0, 0, 0, 0, 0, 0, 0, 0, 0, 0, 0, 0, 0, 0, 0, 0, 0], [0, 0, 0, 0, 1, 0, 0, 0, 0, 0, 0, 0, 0, 0, 0, 0, 0, 0, 0, 0, 0, 0], [0, 0, 0, 0, 0, 1, 0, 0, 0, 0, 0, 0, 0, 0, 0, 0, 0, 0, 0, 0, 0, 0], [0, 0, 0, 0, 0, 0, 1, 0, 0, 0, 0, 0, 0, 0, 0, 0, 0, 0, 0, 0, 0, 0], [0, 0, 0, 0, 0, 0, 0, 1, 0, 0, 0, 0, 0, 0, 0, 0, 0, 0, 0, 0, 0, 0], [0, 0, 0, 0, 0, 0, 0, 0, 1, 0, 0, 0, 0, 0, 0, 0, 0, 0, 0, 0, 0, 0], [0, 0, 0, 0, 0, 0, 0, 0, 0, 1, 0, 0, 0, 0, 0, 0, 0, 0, 0, 0, 0, 0], [0, 0, 0, 0, 0, 0, 0, 0, 0, 0, 1, 0, 0, 0, 0, 0, 0, 0, 0, 0, 0, 0], [0, 0, 0, 0, 0, 0, 0, 0, 0, 0, 0, 1, 0, 0, 0, 0, 0, 0, 0, 0, 0, 0], [0, 0, 0, 0, 0, 0, 0, 0, 0, 0, 0, 0, 1, 0, 0, 0, 0, 0, 0, 0, 0, 0], [0, 0, 0, 0, 0, 0, 0, 0, 0, 0, 0, 0, 0, 1, 0, 0, 0, 0, 0, 0, 0, 0], [0, 0, 0, 0, 0, 0, 0, 0, 0, 0, 0, 0, 0, 0, 1, 0, 0, 0, 0, 0, 0, 0], [0, 0, 0, 0, 0, 0, 0, 0, 0, 0, 0, 0, 0, 0, 0, 1, 0, 0, 0, 0, 0, 0], [0, 0, 0, 0, 0, 0, 0, 0, 0, 0, 0, 0, 0, 0, 0, 0, 1, 0, 0, 0, 0, 0], [0, 0, 0, 0, 0, 0, 0, 0, 0, 0, 0, 0, 0, 0, 0, 0, 0, 1, 0, 0, 0, 0], [0, 0, 0, 0, 0, 0, 0, 0, 0, 0, 0, 0, 0, 0, 0, 0, 0, 0, 1, 0, 0, 0], [0, 0, 0, 0, 0, 0, 0, 0, 0, 0, 0, 0, 0, 0, 0, 0, 0, 0, 0, 1, 0, 0], [0, 0, 0, 0, 0, 0, 0, 0, 0, 0, 0, 0, 0, 0, 0, 0, 0, 0, 0, 0, 1, 0], [0, 0, 0, 0, 0, 0, 0, 0, 0, 0, 0, 0, 0, 0, 0, 0, 0, 0, 0, 0, 0, 1]]
[[1, 0, 0, 0, 0, 0, 0, 0, 0, 0, 0, 0, 0, 0, 0, 0, 0, 0, 0, 0, 0, 0], [0, 1, 0, 0, 0, 0, 0, 0, 0, 0, 0, 0, 0, 0, 0, 0, 0, 0, 0, 0, 0, 0], [0, 0, 1, 0, 0, 0, 0, 0, 0, 0, 0, 0, 0, 0, 0, 0, 0, 0, 0, 0, 0, 0], [0, 0, 0, 1, 0, 0, 0, 0, 0, 0, 0, 0, 0, 0, 0, 0, 0, 0, 0, 0, 0, 0], [0, 0, 0, 0, 1, 0, 0, 0, 0, 0, 0, 0, 0, 0, 0, 0, 0, 0, 0, 0, 0, 0], [0, 0, 0, 0, 0, 1, 0, 0, 0, 0, 0, 0, 0, 0, 0, 0, 0, 0, 0, 0, 0, 0], [0, 0, 0, 0, 0, 0, 1, 0, 0, 0, 0, 0, 0, 0, 0, 0, 0, 0, 0, 0, 0, 0], [0, 0, 0, 0, 0, 0, 0, 1, 0, 0, 0, 0, 0, 0, 0, 0, 0, 0, 0, 0, 0, 0], [0, 0, 0, 0, 0, 0, 0, 0, 1, 0, 0, 0, 0, 0, 0, 0, 0, 0, 0, 0, 0, 0], [0, 0, 0, 0, 0, 0, 0, 0, 0, 1, 0, 0, 0, 0, 0, 0, 0, 0, 0, 0, 0, 0], [0, 0, 0, 0, 0, 0, 0, 0, 0, 0, 1, 0, 0, 0, 0, 0, 0, 0, 0, 0, 0, 0], [0, 0, 0, 0, 0, 0, 0, 0, 0, 0, 0, 1, 0, 0, 0, 0, 0, 0, 0, 0, 0, 0], [0, 0, 0, 0, 0, 0, 0, 0, 0, 0, 0, 0, 1, 0, 0, 0, 0, 0, 0, 0, 0, 0], [0, 0, 0, 0, 0, 0, 0, 0, 0, 0, 0, 0, 0, 1, 0, 0, 0, 0, 0, 0, 0, 0], [0, 0, 0, 0, 0, 0, 0, 0, 0, 0, 0, 0, 0, 0, 1, 0, 0, 0, 0, 0, 0, 0], [0, 0, 0, 0, 0, 0, 0, 0, 0, 0, 0, 0, 0, 0, 0, 1, 0, 0, 0, 0, 0, 0], [0, 0, 0, 0, 0, 0, 0, 0, 0, 0, 0, 0, 0, 0, 0, 0, 1, 0, 0, 0, 0, 0], [0, 0, 0, 0, 0, 0, 0, 0, 0, 0, 0, 0, 0, 0, 0, 0, 0, 1, 0, 0, 0, 0], [0, 0, 0, 0, 0, 0, 0, 0, 0, 0, 0, 0, 0, 0, 0, 0, 0, 0, 1, 0, 0, 0], [0, 0, 0, 0, 0, 0, 0, 0, 0, 0, 0, 0, 0, 0, 0, 0, 0, 0, 0, 1, 0, 0], [0, 0, 0, 0, 0, 0, 0, 0, 0, 0, 0, 0, 0, 0, 0, 0, 0, 0, 0, 0, 1, 0], [0, 0, 0, 0, 0, 0, 0, 0, 0, 0, 0, 0, 0, 0, 0, 0, 0, 0, 0, 0, 0, 1]]
[[1, 0, 0, 0, 0, 0, 0, 0, 0, 0, 0, 0, 0, 0, 0, 0, 0, 0, 0, 0, 0, 0], [0, 1, 0, 0, 0, 0, 0, 0, 0, 0, 0, 0, 0, 0, 0, 0, 0, 0, 0, 0, 0, 0], [0, 0, 1, 0, 0, 0, 0, 0, 0, 0, 0, 0, 0, 0, 0, 0, 0, 0, 0, 0, 0, 0], [0, 0, 0, 1, 0, 0, 0, 0, 0, 0, 0, 0, 0, 0, 0, 0, 0, 0, 0, 0, 0, 0], [0, 0, 0, 0, 1, 0, 0, 0, 0, 0, 0, 0, 0, 0, 0, 0, 0, 0, 0, 0, 0, 0], [0, 0, 0, 0, 0, 1, 0, 0, 0, 0, 0, 0, 0, 0, 0, 0, 0, 0, 0, 0, 0, 0], [0, 0, 0, 0, 0, 0, 1, 0, 0, 0, 0, 0, 0, 0, 0, 0, 0, 0, 0, 0, 0, 0], [0, 0, 0, 0, 0, 0, 0, 1, 0, 0, 0, 0, 0, 0, 0, 0, 0, 0, 0, 0, 0, 0], [0, 0, 0, 0, 0, 0, 0, 0, 1, 0, 0, 0, 0, 0, 0, 0, 0, 0, 0, 0, 0, 0], [0, 0, 0, 0, 0, 0, 0, 0, 0, 1, 0, 0, 0, 0, 0, 0, 0, 0, 0, 0, 0, 0], [0, 0, 0, 0, 0, 0, 0, 0, 0, 0, 1, 0, 0, 0, 0, 0, 0, 0, 0, 0, 0, 0], [0, 0, 0, 0, 0, 0, 0, 0, 0, 0, 0, 1, 0, 0, 0, 0, 0, 0, 0, 0, 0, 0], [0, 0, 0, 0, 0, 0, 0, 0, 0, 0, 0, 0, 1, 0, 0, 0, 0, 0, 0, 0, 0, 0], [0, 0, 0, 0, 0, 0, 0, 0, 0, 0, 0, 0, 0, 1, 0, 0, 0, 0, 0, 0, 0, 0], [0, 0, 0, 0, 0, 0, 0, 0, 0, 0, 0, 0, 0, 0, 1, 0, 0, 0, 0, 0, 0, 0], [0, 0, 0, 0, 0, 0, 0, 0, 0, 0, 0, 0, 0, 0, 0, 1, 0, 0, 0, 0, 0, 0], [0, 0, 0, 0, 0, 0, 0, 0, 0, 0, 0, 0, 0, 0, 0, 0, 1, 0, 0, 0, 0, 0], [0, 0, 0, 0, 0, 0, 0, 0, 0, 0, 0, 0, 0, 0, 0, 0, 0, 1, 0, 0, 0, 0], [0, 0, 0, 0, 0, 0, 0, 0, 0, 0, 0, 0, 0, 0, 0, 0, 0, 0, 1, 0, 0, 0], [0, 0, 0, 0, 0, 0, 0, 0, 0, 0, 0, 0, 0, 0, 0, 0, 0, 0, 0, 1, 0, 0], [0, 0, 0, 0, 0, 0, 0, 0, 0, 0, 0, 0, 0, 0, 0, 0, 0, 0, 0, 0, 1, 0], [0, 0, 0, 0, 0, 0, 0, 0, 0, 0, 0, 0, 0, 0, 0, 0, 0, 0, 0, 0, 0, 1]]
[[1, 0, 0, 0, 0, 0, 0, 0, 0, 0, 0, 0, 0, 0, 0, 0, 0, 0, 0, 0, 0, 0], [0, 1, 0, 0, 0, 0, 0, 0, 0, 0, 0, 0, 0, 0, 0, 0, 0, 0, 0, 0, 0, 0], [0, 0, 1, 0, 0, 0, 0, 0, 0, 0, 0, 0, 0, 0, 0, 0, 0, 0, 0, 0, 0, 0], [0, 0, 0, 1, 0, 0, 0, 0, 0, 0, 0, 0, 0, 0, 0, 0, 0, 0, 0, 0, 0, 0], [0, 0, 0, 0, 1, 0, 0, 0, 0, 0, 0, 0, 0, 0, 0, 0, 0, 0, 0, 0, 0, 0], [0, 0, 0, 0, 0, 1, 0, 0, 0, 0, 0, 0, 0, 0, 0, 0, 0, 0, 0, 0, 0, 0], [0, 0, 0, 0, 0, 0, 1, 0, 0, 0, 0, 0, 0, 0, 0, 0, 0, 0, 0, 0, 0, 0], [0, 0, 0, 0, 0, 0, 0, 1, 0, 0, 0, 0, 0, 0, 0, 0, 0, 0, 0, 0, 0, 0], [0, 0, 0, 0, 0, 0, 0, 0, 1, 0, 0, 0, 0, 0, 0, 0, 0, 0, 0, 0, 0, 0], [0, 0, 0, 0, 0, 0, 0, 0, 0, 1, 0, 0, 0, 0, 0, 0, 0, 0, 0, 0, 0, 0], [0, 0, 0, 0, 0, 0, 0, 0, 0, 0, 1, 0, 0, 0, 0, 0, 0, 0, 0, 0, 0, 0], [0, 0, 0, 0, 0, 0, 0, 0, 0, 0, 0, 1, 0, 0, 0, 0, 0, 0, 0, 0, 0, 0], [0, 0, 0, 0, 0, 0, 0, 0, 0, 0, 0, 0, 1, 0, 0, 0, 0, 0, 0, 0, 0, 0], [0, 0, 0, 0, 0, 0, 0, 0, 0, 0, 0, 0, 0, 1, 0, 0, 0, 0, 0, 0, 0, 0], [0, 0, 0, 0, 0, 0, 0, 0, 0, 0, 0, 0, 0, 0, 1, 0, 0, 0, 0, 0, 0, 0], [0, 0, 0, 0, 0, 0, 0, 0, 0, 0, 0, 0, 0, 0, 0, 1, 0, 0, 0, 0, 0, 0], [0, 0, 0, 0, 0, 0, 0, 0, 0, 0, 0, 0, 0, 0, 0, 0, 1, 0, 0, 0, 0, 0], [0, 0, 0, 0, 0, 0, 0, 0, 0, 0, 0, 0, 0, 0, 0, 0, 0, 1, 0, 0, 0, 0], [0, 0, 0, 0, 0, 0, 0, 0, 0, 0, 0, 0, 0, 0, 0, 0, 0, 0, 1, 0, 0, 0], [0, 0, 0, 0, 0, 0, 0, 0, 0, 0, 0, 0, 0, 0, 0, 0, 0, 0, 0, 1, 0, 0], [0, 0, 0, 0, 0, 0, 0, 0, 0, 0, 0, 0, 0, 0, 0, 0, 0, 0, 0, 0, 1, 0], [0, 0, 0, 0, 0, 0, 0, 0, 0, 0, 0, 0, 0, 0, 0, 0, 0, 0, 0, 0, 0, 1]]
[[1, 0, 0, 0, 0, 0, 0, 0, 0, 0, 0, 0, 0, 0, 0, 0, 0, 0, 0, 0, 0, 0], [0, 1, 0, 0, 0, 0, 0, 0, 0, 0, 0, 0, 0, 0, 0, 0, 0, 0, 0, 0, 0, 0], [0, 0, 1, 0, 0, 0, 0, 0, 0, 0, 0, 0, 0, 0, 0, 0, 0, 0, 0, 0, 0, 0], [0, 0, 0, 1, 0, 0, 0, 0, 0, 0, 0, 0, 0, 0, 0, 0, 0, 0, 0, 0, 0, 0], [0, 0, 0, 0, 1, 0, 0, 0, 0, 0, 0, 0, 0, 0, 0, 0, 0, 0, 0, 0, 0, 0], [0, 0, 0, 0, 0, 1, 0, 0, 0, 0, 0, 0, 0, 0, 0, 0, 0, 0, 0, 0, 0, 0], [0, 0, 0, 0, 0, 0, 1, 0, 0, 0, 0, 0, 0, 0, 0, 0, 0, 0, 0, 0, 0, 0], [0, 0, 0, 0, 0, 0, 0, 1, 0, 0, 0, 0, 0, 0, 0, 0, 0, 0, 0, 0, 0, 0], [0, 0, 0, 0, 0, 0, 0, 0, 1, 0, 0, 0, 0, 0, 0, 0, 0, 0, 0, 0, 0, 0], [0, 0, 0, 0, 0, 0, 0, 0, 0, 1, 0, 0, 0, 0, 0, 0, 0, 0, 0, 0, 0, 0], [0, 0, 0, 0, 0, 0, 0, 0, 0, 0, 1, 0, 0, 0, 0, 0, 0, 0, 0, 0, 0, 0], [0, 0, 0, 0, 0, 0, 0, 0, 0, 0, 0, 1, 0, 0, 0, 0, 0, 0, 0, 0, 0, 0], [0, 0, 0, 0, 0, 0, 0, 0, 0, 0, 0, 0, 1, 0, 0, 0, 0, 0, 0, 0, 0, 0], [0, 0, 0, 0, 0, 0, 0, 0, 0, 0, 0, 0, 0, 1, 0, 0, 0, 0, 0, 0, 0, 0], [0, 0, 0, 0, 0, 0, 0, 0, 0, 0, 0, 0, 0, 0, 1, 0, 0, 0, 0, 0, 0, 0], [0, 0, 0, 0, 0, 0, 0, 0, 0, 0, 0, 0, 0, 0, 0, 1, 0, 0, 0, 0, 0, 0], [0, 0, 0, 0, 0, 0, 0, 0, 0, 0, 0, 0, 0, 0, 0, 0, 1, 0, 0, 0, 0, 0], [0, 0, 0, 0, 0, 0, 0, 0, 0, 0, 0, 0, 0, 0, 0, 0, 0, 1, 0, 0, 0, 0], [0, 0, 0, 0, 0, 0, 0, 0, 0, 0, 0, 0, 0, 0, 0, 0, 0, 0, 1, 0, 0, 0], [0, 0, 0, 0, 0, 0, 0, 0, 0, 0, 0, 0, 0, 0, 0, 0, 0, 0, 0, 1, 0, 0], [0, 0, 0, 0, 0, 0, 0, 0, 0, 0, 0, 0, 0, 0, 0, 0, 0, 0, 0, 0, 1, 0], [0, 0, 0, 0, 0, 0, 0, 0, 0, 0, 0, 0, 0, 0, 0, 0, 0, 0, 0, 0, 0, 1]]
[[2, 0, -1, 0, 0, 0, 0, 0, -1, 0, -1, -1, 1, -2, -1, 0, 1, 0, 0, -1, 0, 0], [0, 0, 0, -1, 0, 1, 0, -1, 0, 0, 0, 0, -1, 1, 1, 0, -1, 0, -1, 1, -1, 0], [0, 0, 1, 0, 0, 0, 0, 0, 0, 0, 0, 0, 0, 0, 0, 0, 0, 0, 0, 0, 0, 0], [0, 0, 0, 1, 0, 0, 0, 0, 0, 0, 0, 0, 0, 0, 0, 0, 0, 0, 0, 0, 0, 0], [-1, 0, 1, 0, 1, 0, 0, 0, 1, 0, 1, 1, -1, 2, 1, 0, -1, 0, 0, 1, 0, 0], [-1, 1, 1, 1, 0, 0, 0, 1, 1, 0, 1, 1, 0, 1, 0, 0, 0, 0, 1, 0, 1, 0], [0, 0, 0, 0, 0, 0, 1, 0, 0, 0, 0, 0, 0, 0, 0, 0, 0, 0, 0, 0, 0, 0], [0, 0, 0, 0, 0, 0, 0, 1, 0, 0, 0, 0, 0, 0, 0, 0, 0, 0, 0, 0, 0, 0], [0, 0, 0, 0, 0, 0, 0, 0, 0, 0, 0, 1, 1, 0, 0, 0, 0, 1, 1, 0, 0, 0], [0, 0, 0, 0, 0, 0, 0, 0, 0, 1, 0, 0, 0, 0, 0, 0, 0, 0, 0, 0, 0, 0], [0, 0, 0, 0, 0, 0, 0, 0, 0, 0, 1, 0, 0, 0, 0, 0, 0, 0, 0, 0, 0, 0], [0, 0, 0, 0, 0, 0, 0, 0, 0, 0, 0, 1, 0, 0, 0, 0, 0, 0, 0, 0, 0, 0], [0, 0, 0, 0, 0, 0, 0, 0, 0, 0, 0, 0, 0, 0, 0, 0, 0, 0, 0, 0, 0, 1], [1, 0, -1, 0, 0, 0, 0, 0, -1, 0, -1, -1, 1, -1, -1, 0, 1, 0, 0, -1, 0, 0], [1, 0, -1, 0, 0, 0, 0, 0, -1, 0, -1, -1, 0, -2, 0, 0, 1, 0, 0, -1, 0, 1], [1, 0, -1, 0, 0, 0, 0, 0, -1, 0, -1, -1, 1, -2, -1, 1, 1, 0, 0, -1, 0, 0], [0, 0, 0, 0, 0, 0, 0, 0, -1, 0, 0, 1, 2, 0, 0, 0, 1, 1, 1, 0, 0, -1], [0, 0, 0, 0, 0, 0, 0, 0, 0, 0, 0, 0, 1, 0, 0, 0, 0, 1, 0, 0, 0, -1], [0, 0, 0, 0, 0, 0, 0, 0, 1, 0, 0, -1, -1, 0, 0, 0, 0, -1, 0, 0, 0, 0], [0, 0, 0, 0, 0, 0, 0, 0, 0, 0, 0, 0, 1, 0, 0, 0, 0, 0, 0, 1, 0, -1], [1, 0, -1, 0, 0, 0, 0, 0, -1, 0, -1, -1, 1, -2, -1, 0, 1, 0, 0, -1, 1, 0], [0, 0, 0, 0, 0, 0, 0, 0, 0, 0, 0, 0, 1, 0, 0, 0, 0, 0, 0, 0, 0, 0]]
[[1, 0, 0, 0, 0, 0, 0, 0, 0, 0, 0, 0, 0, 0, 0, 0, 0, 0, 0, 0, 0, 0], [0, 1, 0, 0, 0, 0, 0, 0, 0, 0, 0, 0, 0, 0, 0, 0, 0, 0, 0, 0, 0, 0], [0, 0, 1, -1, 0, 0, 1, -1, 0, 0, 0, 0, -1, 1, 1, -1, -1, 1, -1, 1, -1, -1], [0, 0, 0, 3, 0, 0, -2, 2, 0, 0, 0, 0, 2, -2, -2, 2, 2, -2, 2, -2, 2, 2], [0, 0, 0, 1, 1, 0, -1, 1, 0, 0, 0, 0, 1, -1, -1, 1, 1, -1, 1, -1, 1, 1], [0, 0, 0, 1, 0, 1, -1, 1, 0, 0, 0, 0, 1, -1, -1, 1, 1, -1, 1, -1, 1, 1], [0, 0, 0, 1, 0, 0, 0, 1, 0, 0, 0, 0, 1, -1, -1, 1, 1, -1, 1, -1, 1, 1], [0, 0, 0, 1, 0, 0, -1, 2, 0, 0, 0, 0, 1, -1, -1, 1, 1, -1, 1, -1, 1, 1], [0, 0, 0, -1, 0, 0, 1, -1, 1, 0, 0, 0, -1, 1, 1, -1, -1, 1, -1, 1, -1, -1], [0, 0, 0, -1, 0, 0, 1, -1, 0, 1, 0, 0, -1, 1, 1, -1, -1, 1, -1, 1, -1, -1], [0, 0, 0, -1, 0, 0, 1, -1, 0, 0, 1, 0, -1, 1, 1, -1, -1, 1, -1, 1, -1, -1], [0, -1, 0, -2, -1, -1, 3, 0, 0, -1, 0, 0, 0, 0, 1, -2, 0, 2, 0, 1, -1, -2], [0, 0, 0, -1, 0, 0, 1, -1, 0, 0, 0, 0, 0, 1, 1, -1, -1, 1, -1, 1, -1, -1], [0, 0, 0, 1, 0, 0, -1, 1, 0, 0, 0, 0, 1, 0, -1, 1, 1, -1, 1, -1, 1, 1], [0, 0, 0, 0, 0, 0, 0, 0, 0, 0, 0, 0, 0, 0, 1, 0, 0, 0, 0, 0, 0, 0], [0, 0, 0, 0, 0, 0, 0, 0, 0, 0, 0, 0, 0, 0, 0, 1, 0, 0, 0, 0, 0, 0], [0, 0, 0, -1, 0, 0, 1, -1, 0, 0, 0, 0, -1, 1, 1, -1, 0, 1, -1, 1, -1, -1], [0, 0, 0, 1, 0, 0, -1, 1, 0, 0, 0, 0, 1, -1, -1, 1, 1, 0, 1, -1, 1, 1], [0, 1, 0, 1, 1, 1, -2, -1, 0, 1, 0, 1, -1, 1, 0, 1, -1, -1, 0, 0, 0, 1], [0, 1, 0, 1, 1, 1, -2, -1, 0, 1, 0, 1, -1, 1, 0, 1, -1, -1, -1, 1, 0, 1], [0, 0, 0, 1, 0, 0, -1, 1, 0, 0, 0, 0, 1, -1, -1, 1, 1, -1, 1, -1, 2, 1], [0, 0, 0, -1, 0, 0, 1, -1, 0, 0, 0, 0, -1, 1, 1, -1, -1, 1, -1, 1, -1, 0]]
[[1, 0, 0, 0, 0, 0, 0, 0, 0, 0, 0, 0, 0, 0, 0, 0, 0, 0, 0, 0, 0, 0], [0, 1, 0, 0, 0, 0, 0, 0, 0, 0, 0, 0, 0, 0, 0, 0, 0, 0, 0, 0, 0, 0], [0, 0, 1, 0, 0, 0, 0, 0, 0, 0, 0, 0, 0, 0, 0, 0, 0, 0, 0, 0, 0, 0], [0, 0, 0, 1, 0, 0, 0, 0, 0, 0, 0, 0, 0, 0, 0, 0, 0, 0, 0, 0, 0, 0], [0, 0, 0, 0, 1, 0, 0, 0, 0, 0, 0, 0, 0, 0, 0, 0, 0, 0, 0, 0, 0, 0], [0, 0, 0, 0, 0, 1, 0, 0, 0, 0, 0, 0, 0, 0, 0, 0, 0, 0, 0, 0, 0, 0], [0, 0, 0, 0, 0, 0, 1, 0, 0, 0, 0, 0, 0, 0, 0, 0, 0, 0, 0, 0, 0, 0], [0, 0, 0, 0, 0, 0, 0, 1, 0, 0, 0, 0, 0, 0, 0, 0, 0, 0, 0, 0, 0, 0], [0, 0, 0, 0, 0, 0, 0, 0, 1, 0, 0, 0, 0, 0, 0, 0, 0, 0, 0, 0, 0, 0], [0, 0, 0, 0, 0, 0, 0, 0, 0, 1, 0, 0, 0, 0, 0, 0, 0, 0, 0, 0, 0, 0], [0, 0, 0, 0, 0, 0, 0, 0, 0, 0, 1, 0, 0, 0, 0, 0, 0, 0, 0, 0, 0, 0], [0, 0, 0, 0, 0, 0, 0, 0, 0, 0, 0, 1, 0, 0, 0, 0, 0, 0, 0, 0, 0, 0], [0, 0, 0, 0, 0, 0, 0, 0, 0, 0, 0, 0, 1, 0, 0, 0, 0, 0, 0, 0, 0, 0], [0, 0, 0, 0, 0, 0, 0, 0, 0, 0, 0, 0, 0, 1, 0, 0, 0, 0, 0, 0, 0, 0], [0, 0, 0, 0, 0, 0, 0, 0, 0, 0, 0, 0, 0, 0, 1, 0, 0, 0, 0, 0, 0, 0], [0, 0, 0, 0, 0, 0, 0, 0, 0, 0, 0, 0, 0, 0, 0, 1, 0, 0, 0, 0, 0, 0], [0, 0, 0, 0, 0, 0, 0, 0, 0, 0, 0, 0, 0, 0, 0, 0, 1, 0, 0, 0, 0, 0], [0, 0, 0, 0, 0, 0, 0, 0, 0, 0, 0, 0, 0, 0, 0, 0, 0, 1, 0, 0, 0, 0], [0, 0, 0, 0, 0, 0, 0, 0, 0, 0, 0, 0, 0, 0, 0, 0, 0, 0, 1, 0, 0, 0], [0, 0, 0, 0, 0, 0, 0, 0, 0, 0, 0, 0, 0, 0, 0, 0, 0, 0, 0, 1, 0, 0], [0, 0, 0, 0, 0, 0, 0, 0, 0, 0, 0, 0, 0, 0, 0, 0, 0, 0, 0, 0, 1, 0], [0, 0, 0, 0, 0, 0, 0, 0, 0, 0, 0, 0, 0, 0, 0, 0, 0, 0, 0, 0, 0, 1]]
[[1, 0, 0, 0, 0, 0, 0, 0, 0, 0, 0, 0, 0, 0, 0, 0, 0, 0, 0, 0, 0, 0], [0, 1, 0, 0, 0, 0, 0, 0, 0, 0, 0, 0, 0, 0, 0, 0, 0, 0, 0, 0, 0, 0], [0, 0, 1, 0, 0, 0, 0, 0, 0, 0, 0, 0, 0, 0, 0, 0, 0, 0, 0, 0, 0, 0], [-1, -1, 0, 0, 0, 0, 0, -1, 1, 0, 1, 0, -2, 2, 1, 0, -2, 0, -1, 1, -1, 0], [-1, -1, 0, -1, 1, 0, 0, -1, 1, 0, 1, 0, -2, 2, 1, 0, -2, 0, -1, 1, -1, 0], [-1, -1, 0, -1, 0, 1, 0, -1, 1, 0, 1, 0, -2, 2, 1, 0, -2, 0, -1, 1, -1, 0], [-1, -1, 0, -1, 0, 0, 1, -1, 1, 0, 1, 0, -2, 2, 1, 0, -2, 0, -1, 1, -1, 0], [-1, -1, 0, -1, 0, 0, 0, 0, 1, 0, 1, 0, -2, 2, 1, 0, -2, 0, -1, 1, -1, 0], [1, 1, 0, 1, 0, 0, 0, 1, 0, 0, -1, 0, 2, -2, -1, 0, 2, 0, 1, -1, 1, 0], [1, 1, 0, 1, 0, 0, 0, 1, -1, 1, -1, 0, 2, -2, -1, 0, 2, 0, 1, -1, 1, 0], [1, 1, 0, 1, 0, 0, 0, 1, -1, 0, 0, 0, 2, -2, -1, 0, 2, 0, 1, -1, 1, 0], [0, 0, 0, 0, 0, 0, 0, 0, 0, 0, 0, 1, 0, 0, 0, 0, 0, 0, 0, 0, 0, 0], [1, 1, 0, 1, 0, 0, 0, 1, -1, 0, -1, 0, 2, -2, -1, 0, 2, -1, 0, 0, 1, 0], [0, 0, 0, 0, 0, 0, 0, 0, 0, 0, 0, 0, 0, 1, 0, 0, 0, 0, 0, 0, 0, 0], [0, 0, 0, 0, 0, 0, 0, 0, 0, 0, 0, 0, -1, 0, 1, 0, 0, -1, -1, 1, 0, 0], [0, 0, 0, 0, 0, 0, 0, 0, 0, 0, 0, 0, 0, 0, 0, 1, 0, 0, 0, 0, 0, 0], [1, 1, 0, 1, 0, 0, 0, 1, -1, 0, -1, 0, 3, -2, -1, 0, 3, 1, 2, -2, 1, 0], [0, 0, 0, 0, 0, 0, 0, 0, 0, 0, 0, 0, 0, 0, 0, 0, 0, 1, 0, 0, 0, 0], [0, 0, 0, 0, 0, 0, 0, 0, 0, 0, 0, 0, 0, 0, 0, 0, 0, 0, 1, 0, 0, 0], [1, 1, 0, 1, 0, 0, 0, 1, -1, 0, -1, 0, 3, -2, -1, 0, 2, 1, 2, -1, 1, 0], [-1, -1, 0, -1, 0, 0, 0, -1, 1, 0, 1, 0, -2, 2, 1, 0, -2, 0, -1, 1, 0, 0], [1, 1, 0, 1, 0, 0, 0, 1, -1, 0, -1, 0, 2, -2, -1, 0, 2, 0, 1, -1, 1, 1]]
[[1, 0, 0, 0, 0, 0, 0, 0, 0, 0, 0, 0, 0, 0, 0, 0, 0, 0, 0, 0, 0, 0], [0, 1, 0, 0, 0, 0, 0, 0, 0, 0, 0, 0, 0, 0, 0, 0, 0, 0, 0, 0, 0, 0], [0, 0, 0, 0, 0, 0, 0, 0, 0, 0, 0, 0, 0, 0, 0, 0, 1, 0, 1, -1, 0, 0], [0, 0, 0, 1, 0, 0, 0, 0, 0, 0, 0, 0, 0, 0, 0, 0, 0, 0, 0, 0, 0, 0], [0, 0, 0, 0, 1, 0, 0, 0, 0, 0, 0, 0, 0, 0, 0, 0, 0, 0, 0, 0, 0, 0], [0, 0, 0, 0, 0, 1, 0, 0, 0, 0, 0, 0, 0, 0, 0, 0, 0, 0, 0, 0, 0, 0], [0, 0, 1, 0, 0, 0, 1, 0, 0, 0, 0, 0, 0, 0, 0, 0, -1, 0, -1, 1, 0, 0], [0, 0, 0, 0, 0, 0, 0, 1, 0, 0, 0, 0, 0, 0, 0, 0, 0, 0, 0, 0, 0, 0], [0, 0, 0, 0, 0, 0, 0, 0, 1, 0, 0, 0, 0, 0, 0, 0, 0, 0, 0, 0, 0, 0], [0, 0, 0, 0, 0, 0, 0, 0, 0, 1, 0, 0, 0, 0, 0, 0, 0, 0, 0, 0, 0, 0], [0, 0, 0, 0, 0, 0, 0, 0, 0, 0, 1, 0, 0, 0, 0, 0, 0, 0, 0, 0, 0, 0], [0, 0, 1, 0, 0, 0, 0, 0, 0, 0, 0, 1, 0, 0, 0, 0, -1, 0, -1, 1, 0, 0], [0, 0, 0, 0, 0, 0, 0, 0, 0, 0, 0, 0, 1, 0, 0, 0, 0, 0, 0, 0, 0, 0], [0, 0, 0, 0, 0, 0, 0, 0, 0, 0, 0, 0, 0, 1, 0, 0, 0, 0, 0, 0, 0, 0], [0, 0, 1, 0, 0, 0, 0, 0, 0, 0, 0, 0, 0, 0, 1, 0, -1, 0, -1, 1, 0, 0], [0, 0, 0, 0, 0, 0, 0, 0, 0, 0, 0, 0, 0, 0, 0, 1, 0, 0, 0, 0, 0, 0], [0, 0, 0, 0, 0, 0, 0, 0, 0, 0, 0, 0, 0, 0, 0, 0, 1, 0, 0, 0, 0, 0], [0, 0, -1, 0, 0, 0, 0, 0, 0, 0, 0, 0, 0, 0, 0, 0, 1, 1, 1, -1, 0, 0], [0, 0, 0, 0, 0, 0, 0, 0, 0, 0, 0, 0, 0, 0, 0, 0, 0, 0, 1, 0, 0, 0], [0, 0, -1, 0, 0, 0, 0, 0, 0, 0, 0, 0, 0, 0, 0, 0, 1, 0, 1, 0, 0, 0], [0, 0, 0, 0, 0, 0, 0, 0, 0, 0, 0, 0, 0, 0, 0, 0, 0, 0, 0, 0, 1, 0], [0, 0, 0, 0, 0, 0, 0, 0, 0, 0, 0, 0, 0, 0, 0, 0, 0, 0, 0, 0, 0, 1]]
[[1, 0, 0, 0, 0, 0, 0, 0, 0, 0, 0, 0, 0, 0, 0, 0, 0, 0, 0, 0, 0, 0], [0, 1, 0, 0, 0, 0, 0, 0, 0, 0, 0, 0, 0, 0, 0, 0, 0, 0, 0, 0, 0, 0], [0, 0, 1, 0, 0, 0, 0, 0, 0, 0, 0, 0, 0, 0, 0, 0, 0, 0, 0, 0, 0, 0], [0, 0, 0, 1, 0, 0, 0, 0, 0, 0, 0, 0, 0, 0, 0, 0, 0, 0, 0, 0, 0, 0], [0, 0, 0, 0, 1, 0, 0, 0, 0, 0, 0, 0, 0, 0, 0, 0, 0, 0, 0, 0, 0, 0], [0, 0, 0, 0, 0, 1, 0, 0, 0, 0, 0, 0, 0, 0, 0, 0, 0, 0, 0, 0, 0, 0], [0, 0, 0, 0, 0, 0, 1, 0, 0, 0, 0, 0, 0, 0, 0, 0, 0, 0, 0, 0, 0, 0], [0, 0, 0, 0, 0, 0, 0, 1, 0, 0, 0, 0, 0, 0, 0, 0, 0, 0, 0, 0, 0, 0], [0, 0, 0, 0, 0, 0, 0, 0, 1, 0, 0, 0, 0, 0, 0, 0, 0, 0, 0, 0, 0, 0], [0, 0, 0, 0, 0, 0, 0, 0, 0, 1, 0, 0, 0, 0, 0, 0, 0, 0, 0, 0, 0, 0], [0, 0, 0, 0, 0, 0, 0, 0, 0, 0, 1, 0, 0, 0, 0, 0, 0, 0, 0, 0, 0, 0], [0, 0, 0, 0, 0, 0, 0, 0, 0, 0, 0, 1, 0, 0, 0, 0, 0, 0, 0, 0, 0, 0], [0, 0, 0, 0, 0, 0, 0, 0, 0, 0, 0, 0, 1, 0, 0, 0, 0, 0, 0, 0, 0, 0], [0, 0, 0, 0, 0, 0, 0, 0, 0, 0, 0, 0, 0, 1, 0, 0, 0, 0, 0, 0, 0, 0], [0, 0, 0, 0, 0, 0, 0, 0, 0, 0, 0, 0, 0, 0, 1, 0, 0, 0, 0, 0, 0, 0], [0, 0, 0, 0, 0, 0, 0, 0, 0, 0, 0, 0, 0, 0, 0, 1, 0, 0, 0, 0, 0, 0], [0, 0, 0, 0, 0, 0, 0, 0, 0, 0, 0, 0, 0, 0, 0, 0, 1, 0, 0, 0, 0, 0], [0, 0, 0, 0, 0, 0, 0, 0, 0, 0, 0, 0, 0, 0, 0, 0, 0, 1, 0, 0, 0, 0], [0, 0, 0, 0, 0, 0, 0, 0, 0, 0, 0, 0, 0, 0, 0, 0, 0, 0, 1, 0, 0, 0], [0, 0, 0, 0, 0, 0, 0, 0, 0, 0, 0, 0, 0, 0, 0, 0, 0, 0, 0, 1, 0, 0], [0, 0, 0, 0, 0, 0, 0, 0, 0, 0, 0, 0, 0, 0, 0, 0, 0, 0, 0, 0, 1, 0], [0, 0, 0, 0, 0, 0, 0, 0, 0, 0, 0, 0, 0, 0, 0, 0, 0, 0, 0, 0, 0, 1]]
[[1, 0, 0, 0, 0, 0, 0, 0, 0, 0, 0, 0, 0, 0, 0, 0, 0, 0, 0, 0, 0, 0], [0, 1, 0, 0, 0, 0, 0, 0, 0, 0, 0, 0, 0, 0, 0, 0, 0, 0, 0, 0, 0, 0], [0, 0, 1, 0, 0, 0, 0, 0, 0, 0, 0, 0, 0, 0, 0, 0, 0, 0, 0, 0, 0, 0], [0, 0, 0, 1, 0, 0, 0, 0, 0, 0, 0, 0, 0, 0, 0, 0, 0, 0, 0, 0, 0, 0], [0, 0, 0, 0, 1, 0, 0, 0, 0, 0, 0, 0, 0, 0, 0, 0, 0, 0, 0, 0, 0, 0], [0, 0, 0, 0, 0, 1, 0, 0, 0, 0, 0, 0, 0, 0, 0, 0, 0, 0, 0, 0, 0, 0], [0, 0, 0, 0, 0, 0, 1, 0, 0, 0, 0, 0, 0, 0, 0, 0, 0, 0, 0, 0, 0, 0], [0, 0, 0, 0, 0, 0, 0, 1, 0, 0, 0, 0, 0, 0, 0, 0, 0, 0, 0, 0, 0, 0], [0, 0, 0, 0, 0, 0, 0, 0, 1, 0, 0, 0, 0, 0, 0, 0, 0, 0, 0, 0, 0, 0], [0, 0, 0, 0, 0, 0, 0, 0, 0, 1, 0, 0, 0, 0, 0, 0, 0, 0, 0, 0, 0, 0], [0, 0, 0, 0, 0, 0, 0, 0, 0, 0, 1, 0, 0, 0, 0, 0, 0, 0, 0, 0, 0, 0], [0, 0, 0, 0, 0, 0, 0, 0, 0, 0, 0, 1, 0, 0, 0, 0, 0, 0, 0, 0, 0, 0], [0, 0, 0, 0, 0, 0, 0, 0, 0, 0, 0, 0, 1, 0, 0, 0, 0, 0, 0, 0, 0, 0], [0, 0, 0, 0, 0, 0, 0, 0, 0, 0, 0, 0, 0, 1, 0, 0, 0, 0, 0, 0, 0, 0], [0, 0, 0, 0, 0, 0, 0, 0, 0, 0, 0, 0, 0, 0, 1, 0, 0, 0, 0, 0, 0, 0], [0, 0, 0, 0, 0, 0, 0, 0, 0, 0, 0, 0, 0, 0, 0, 1, 0, 0, 0, 0, 0, 0], [0, 0, 0, 0, 0, 0, 0, 0, 0, 0, 0, 0, 0, 0, 0, 0, 1, 0, 0, 0, 0, 0], [0, 0, 0, 0, 0, 0, 0, 0, 0, 0, 0, 0, 0, 0, 0, 0, 0, 1, 0, 0, 0, 0], [0, 0, 0, 0, 0, 0, 0, 0, 0, 0, 0, 0, 0, 0, 0, 0, 0, 0, 1, 0, 0, 0], [0, 0, 0, 0, 0, 0, 0, 0, 0, 0, 0, 0, 0, 0, 0, 0, 0, 0, 0, 1, 0, 0], [0, 0, 0, 0, 0, 0, 0, 0, 0, 0, 0, 0, 0, 0, 0, 0, 0, 0, 0, 0, 1, 0], [0, 0, 0, 0, 0, 0, 0, 0, 0, 0, 0, 0, 0, 0, 0, 0, 0, 0, 0, 0, 0, 1]]
[[-1, 0, 0, 0, 0, 0, 0, 0, 0, 0, 0, 0, 0, 0, 0, 0, 0, 0, 0, 0, 0, 0], [0, 1, 1, 0, 1, 1, 0, -1, 0, 0, 0, 0, -1, 1, 1, 1, -1, -1, -1, 1, -1, 1], [0, 0, 1, 0, 0, 0, 0, 0, 0, 0, 0, 0, 0, 0, 0, 0, 0, 0, 0, 0, 0, 0], [0, 0, -1, 1, -1, -1, 0, 1, 0, 0, 0, 0, 1, -1, -1, -1, 1, 1, 1, -1, 1, -1], [1, 0, -1, 0, 0, -1, 0, 1, 0, 0, 0, 0, 1, -1, -1, -1, 1, 1, 1, -1, 1, -1], [1, 0, -1, 0, -1, 0, 0, 1, 0, 0, 0, 0, 1, -1, -1, -1, 1, 1, 1, -1, 1, -1], [0, 0, -1, 0, -1, -1, 1, 1, 0, 0, 0, 0, 1, -1, -1, -1, 1, 1, 1, -1, 1, -1], [0, 0, 0, 0, 0, 0, 0, 0, -1, -1, -1, 1, 1, 0, 0, 0, 0, 0, 0, 1, 0, 0], [0, 0, 0, 0, 0, 0, 0, 0, 1, 0, 0, 0, 0, 0, 0, 0, 0, 0, 0, 0, 0, 0], [0, 0, 0, 0, 0, 0, 0, 0, 0, 1, 0, 0, 0, 0, 0, 0, 0, 0, 0, 0, 0, 0], [0, 0, 0, 0, 0, 0, 0, 0, 0, 0, 1, 0, 0, 0, 0, 0, 0, 0, 0, 0, 0, 0], [0, 0, 0, 0, 0, 0, 0, 0, 0, 0, 0, 1, 0, 0, 0, 0, 0, 0, 0, 0, 0, 0], [0, 0, 0, 0, 0, 0, 0, 0, 0, 0, 0, 0, 1, 0, 0, 0, 0, 0, 0, 0, 0, 0], [-1, 0, 0, 0, 0, 0, 0, 0, 0, 0, 0, 0, 0, 1, 0, 0, 0, 0, 0, 0, 0, 0], [-1, 0, 0, 0, 0, 0, 0, -1, -1, -1, -1, 1, 1, 0, 1, 0, 0, 0, 0, 1, 0, 0], [-1, 0, 0, 1, 0, 0, -1, 0, 0, 0, 0, 0, 0, 0, 0, 0, 1, 0, 1, -1, 1, 1], [0, 0, 0, 0, 0, 0, 0, 0, 0, 0, 0, 0, 0, 0, 0, 0, 1, 0, 0, 0, 0, 0], [0, 0, 0, 0, 0, 0, 0, 0, 0, 0, 0, 0, 0, 0, 0, 0, 0, 1, 0, 0, 0, 0], [0, 0, 0, 0, 0, 0, 0, 1, 1, 1, 1, -1, -1, 0, 0, 0, 0, 0, 1, -1, 0, 0], [0, 0, 0, 0, 0, 0, 0, 1, 1, 1, 1, -1, -1, 0, 0, 0, 0, 0, 0, 0, 0, 0], [-1, 0, 0, 0, 0, 0, 0, 0, 0, 0, 0, 0, 0, 0, 0, 0, 0, 0, 0, 0, 1, 0], [0, 0, 0, -1, 0, 0, 1, 0, 0, 0, 0, 0, 0, 0, 0, 1, -1, 0, -1, 1, -1, 0]]
[[1, 0, 0, 0, 0, 0, 0, 0, 0, 0, 0, 0, 0, 0, 0, 0, 0, 0, 0, 0, 0, 0], [0, 0, 0, 0, -1, -1, 1, 0, 0, 0, 0, 0, 0, -1, 0, -1, 0, 1, 0, 0, 0, -1], [0, 0, 1, 0, 0, 0, 0, 0, 0, 0, 0, 0, 0, 0, 0, 0, 0, 0, 0, 0, 0, 0], [0, 1, 0, 1, 1, 1, -1, 0, 0, 0, 0, 0, 0, 1, 0, 1, 0, -1, 0, 0, 0, 1], [0, 1, 0, 0, 2, 1, -1, 0, 0, 0, 0, 0, 0, 1, 0, 1, 0, -1, 0, 0, 0, 1], [0, 1, 0, 0, 1, 2, -1, 0, 0, 0, 0, 0, 0, 1, 0, 1, 0, -1, 0, 0, 0, 1], [0, 1, 0, 0, 1, 1, 0, 0, 0, 0, 0, 0, 0, 1, 0, 1, 0, -1, 0, 0, 0, 1], [0, 0, 0, 0, 0, 0, 0, 1, 0, 0, 0, 0, 0, 0, 0, 0, 0, 0, 0, 0, 0, 0], [0, 0, 0, 0, 0, 0, 0, 0, 1, 0, 0, 0, 0, 0, 0, 0, 0, 0, 0, 0, 0, 0], [0, -1, 0, 0, -1, -1, 1, 0, 0, 1, 0, 0, 0, -1, 0, -1, 0, 1, 0, 0, 0, -1], [0, 0, 0, 0, 0, 0, 0, 0, 0, 0, 1, 0, 0, 0, 0, 0, 0, 0, 0, 0, 0, 0], [0, 1, 0, 0, 1, 1, -1, 0, 0, 0, 0, 1, 0, 1, 0, 1, 0, -1, 0, 0, 0, 1], [0, -1, 0, 0, -1, -1, 1, 0, 0, 0, 0, 0, 1, -1, 0, -1, 0, 1, 0, 0, 0, -1], [0, -1, 0, 0, -1, -1, 1, 0, 0, 0, 0, 0, 0, 0, 0, -1, 0, 1, 0, 0, 0, -1], [0, 0, 0, 0, 0, 0, 0, 0, 0, 0, 0, 0, 0, 0, 1, 0, 0, 0, 0, 0, 0, 0], [0, 0, 0, 0, 0, 0, 0, 0, 0, 0, 0, 0, 0, 0, 0, 1, 0, 0, 0, 0, 0, 0], [0, -1, 0, 0, -1, -1, 1, 0, 0, 0, 0, 0, 0, -1, 0, -1, 1, 1, 0, 0, 0, -1], [0, 0, 0, 0, 0, 0, 0, 0, 0, 0, 0, 0, 0, 0, 0, 0, 0, 1, 0, 0, 0, 0], [0, 0, 0, 0, 0, 0, 0, 0, 0, 0, 0, 0, 0, 0, 0, 0, 0, 0, 1, 0, 0, 0], [0, -1, 0, 0, -1, -1, 1, 0, 0, 0, 0, 0, 0, -1, 0, -1, 0, 1, 0, 1, 0, -1], [0, 1, 0, 0, 1, 1, -1, 0, 0, 0, 0, 0, 0, 1, 0, 1, 0, -1, 0, 0, 1, 1], [0, -1, 0, 0, -1, -1, 1, 0, 0, 0, 0, 0, 0, -1, 0, -1, 0, 1, 0, 0, 0, 0]]
[[1, -1, -1, -1, 0, 0, 0, -1, 0, 0, 0, -1, -1, 0, 0, 0, -1, 0, -1, 0, -1, 0], [1, 1, 0, 0, 0, 1, 0, 0, -1, 0, -1, 0, 1, -1, 0, 0, 1, 0, 0, 0, 0, 0], [0, 0, 1, 0, 0, 0, 0, 0, 0, 0, 0, 0, 0, 0, 0, 0, 0, 0, 0, 0, 0, 0], [-1, -1, -1, 0, 0, -1, 0, -1, 1, 0, 1, -1, -2, 1, 0, 0, -2, 0, -1, 0, -1, 0], [-1, 0, 0, 0, 1, -1, 0, 0, 1, 0, 1, 0, -1, 1, 0, 0, -1, 0, 0, 0, 0, 0], [-2, 0, 0, 0, 0, -1, 0, 0, 2, 0, 2, 0, -2, 2, 0, 0, -2, 0, 0, 0, 0, 0], [-1, -1, -1, -1, 0, -1, 1, -1, 1, 0, 1, -1, -2, 1, 0, 0, -2, 0, -1, 0, -1, 0], [-1, -1, -1, -1, 0, -1, 0, 0, 1, 0, 1, -1, -2, 1, 0, 0, -2, 0, -1, 0, -1, 0], [1, 1, 1, 1, 0, 1, 0, 1, -1, 0, -1, 2, 2, -1, 0, 0, 2, 0, 1, 1, 1, 0], [1, 1, 1, 1, 0, 1, 0, 1, -1, 1, -1, 1, 2, -1, 0, 0, 2, 0, 1, 0, 1, 0], [1, 1, 1, 1, 0, 1, 0, 1, -1, 0, 0, 1, 2, -1, 0, 0, 2, 0, 1, 0, 1, 0], [0, 0, 0, 0, 0, 0, 0, 0, 0, 0, 0, 1, 0, 0, 0, 0, 0, 0, 0, 0, 0, 0], [1, 1, 1, 1, 0, 1, 0, 1, -2, 0, -1, 2, 3, -1, 0, 0, 2, 0, 1, 1, 1, 0], [0, -1, -1, -1, 0, 0, 0, -1, 0, 0, 0, -1, -1, 1, 0, 0, -1, 0, -1, 0, -1, 0], [0, -1, -1, -1, 0, 0, 0, -1, -1, 0, 0, 0, -1, 0, 1, 0, -1, 0, -1, 1, -1, 0], [0, -1, -1, -1, 0, 0, 0, -1, 0, 0, 0, -1, -1, 0, 0, 1, -1, 0, -1, 0, -1, 0], [1, 1, 1, 1, 0, 1, 0, 1, -1, 0, -1, 1, 2, -1, 0, 0, 3, 0, 1, 0, 1, 0], [0, 0, 0, 0, 0, 0, 0, 0, 0, 0, 0, 0, 0, 0, 0, 0, 0, 0, -1, 1, 0, -1], [0, 0, 0, 0, 0, 0, 0, 0, 1, 0, 0, -1, 0, 0, 0, 0, 0, 0, 1, -1, 0, 0], [1, 1, 1, 1, 0, 1, 0, 1, 0, 0, -1, 0, 2, -1, 0, 0, 2, 0, 1, 0, 1, 0], [-1, -2, -2, -2, 0, -1, 0, -2, 1, 0, 1, -2, -3, 1, 0, 0, -3, 0, -2, 0, -1, 0], [1, 1, 1, 1, 0, 1, 0, 1, -1, 0, -1, 1, 2, -1, 0, 0, 2, -1, 0, 1, 1, 0]]
[[1, 0, 0, 0, 0, 0, 0, 0, 0, 0, 0, 0, 0, 0, 0, 0, 0, 0, 0, 0, 0, 0], [0, 0, 0, 0, -1, -1, 1, 1, 0, -1, 0, 0, 1, -1, 0, -1, 1, 1, 1, 0, 0, -1], [0, -1, 1, 0, -1, -1, 1, 1, 0, -1, 0, 0, 1, -1, 0, -1, 1, 1, 1, 0, 0, -1], [0, 2, 0, 1, 3, 2, -3, -2, 0, 2, -1, 0, -2, 2, 0, 3, -2, -3, -2, 0, 0, 3], [0, 1, 0, 0, 2, 1, -1, -1, 0, 1, 0, 0, -1, 1, 0, 1, -1, -1, -1, 0, 0, 1], [0, 1, 0, 0, 2, 2, -2, -1, 0, 1, -1, 0, -1, 1, 0, 2, -1, -2, -1, 0, 0, 2], [0, 1, 0, 0, 2, 1, -1, -1, 0, 1, -1, 0, -1, 1, 0, 2, -1, -2, -1, 0, 0, 2], [0, 2, 0, 0, 2, 2, -2, -1, 0, 2, 0, 0, -2, 2, 0, 2, -2, -2, -2, 0, 0, 2], [0, -1, 0, 0, -2, -1, 2, 1, 1, -1, 1, 0, 1, -1, 0, -2, 1, 2, 1, 0, 0, -2], [0, -2, 0, 0, -3, -2, 3, 2, 0, -1, 1, 0, 2, -2, 0, -3, 2, 3, 2, 0, 0, -3], [0, -1, 0, 0, -1, -1, 1, 1, 0, -1, 1, 0, 1, -1, 0, -1, 1, 1, 1, 0, 0, -1], [0, 0, 0, 0, 0, 0, 0, 0, 0, 0, 0, 1, 0, 0, 0, 0, 0, 0, 0, 0, 0, 0], [0, -1, 0, 0, -2, -1, 2, 1, 0, -1, 1, 0, 2, -1, 0, -2, 1, 2, 1, 0, 0, -2], [0, 0, 0, 0, 0, 0, 0, 0, 0, 0, 0, 0, 0, 1, 0, 0, 0, 0, 0, 0, 0, 0], [0, 1, 0, 0, 1, 1, -1, -1, 0, 1, 0, 0, -1, 1, 1, 1, -1, -1, -1, 0, 0, 1], [0, 0, 0, 0, 0, 0, 0, 0, 0, 0, 0, 0, 0, 0, 0, 1, 0, 0, 0, 0, 0, 0], [0, -2, 0, 0, -3, -2, 3, 2, 0, -2, 1, 0, 2, -2, 0, -3, 3, 3, 2, 0, 0, -3], [0, 0, 0, 0, 0, 0, 0, 0, 0, 0, 0, 0, 0, 0, 0, 0, 0, 1, 0, 0, 0, 0], [0, 0, 0, 0, 0, 0, 0, 0, 0, 0, 0, 0, 0, 0, 0, 0, 0, 0, 1, 0, 0, 0], [0, -1, 0, 0, -2, -1, 2, 1, 0, -1, 1, 0, 1, -1, 0, -2, 1, 2, 1, 1, 0, -2], [0, 1, 0, 0, 2, 1, -2, -1, 0, 1, -1, 0, -1, 1, 0, 2, -1, -2, -1, 0, 1, 2], [0, -1, 0, 0, -2, -1, 2, 1, 0, -1, 1, 0, 1, -1, 0, -2, 1, 2, 1, 0, 0, -1]]
[[0, 0, 0, 1, 0, 0, -1, 0, 0, 0, 0, 0, 0, 0, 0, 0, 1, -1, 1, -1, 1, 1], [0, 1, 0, 0, 0, 0, 0, 0, 0, 0, 0, 0, 0, 0, 0, 0, 0, 0, 0, 0, 0, 0], [0, 0, 0, 0, 0, 0, -1, 0, 0, 1, 0, 0, -1, 0, 0, 0, 0, 0, 0, -1, 0, 0], [-1, 0, 0, 2, 0, 0, -1, 0, 0, 0, 0, 0, 0, 0, 0, 0, 1, -1, 1, -1, 1, 1], [0, 0, 0, 0, 1, 0, 0, 0, 0, 0, 0, 0, 0, 0, 0, 0, 0, 0, 0, 0, 0, 0], [0, 0, 0, 0, 0, 1, 0, 0, 0, 0, 0, 0, 0, 0, 0, 0, 0, 0, 0, 0, 0, 0], [0, 0, 0, 0, 0, 0, 1, 0, 0, 0, 0, 0, 0, 0, 0, 0, 0, 0, 0, 0, 0, 0], [-1, 0, 1, 1, 0, 0, 0, 1, 0, -1, 0, 0, 1, 0, 0, 0, 1, -1, 1, 0, 1, 1], [1, 0, 0, -1, 0, 0, 1, 0, 1, 0, 0, 0, 0, 0, 0, 0, -1, 1, -1, 1, -1, -1], [1, 0, 0, -1, 0, 0, 1, 0, 0, 1, 0, 0, 0, 0, 0, 0, -1, 1, -1, 1, -1, -1], [1, 0, 0, -1, 0, 0, 1, 0, 0, 0, 1, 0, 0, 0, 0, 0, -1, 1, -1, 1, -1, -1], [1, 0, 1, -1, 0, 0, 2, 0, 0, -1, 0, 1, 1, 0, 0, 0, -1, 1, -1, 2, -1, -1], [1, 0, 0, -1, 0, 0, 1, 0, 0, 0, 0, 0, 1, 0, 0, 0, -1, 1, -1, 1, -1, -1], [-1, 0, 0, 1, 0, 0, -1, 0, 0, 0, 0, 0, 0, 1, 0, 0, 1, -1, 1, -1, 1, 1], [0, 0, 1, 0, 0, 0, 1, 0, 0, -1, 0, 0, 1, 0, 1, 0, 0, 0, 0, 1, 0, 0], [-1, 0, 0, 1, 0, 0, -1, 0, 0, 0, 0, 0, 0, 0, 0, 1, 1, -1, 1, -1, 1, 1], [1, 0, 0, -1, 0, 0, 1, 0, 0, 0, 0, 0, 0, 0, 0, 0, 0, 1, -1, 1, -1, -1], [-1, 0, 0, 1, 0, 0, -1, 0, 0, 0, 0, 0, 0, 0, 0, 0, 1, 0, 1, -1, 1, 1], [0, 0, -1, 0, 0, 0, -1, 0, 0, 1, 0, 0, -1, 0, 0, 0, 0, 0, 1, -1, 0, 0], [0, 0, -1, 0, 0, 0, -1, 0, 0, 1, 0, 0, -1, 0, 0, 0, 0, 0, 0, 0, 0, 0], [-1, 0, 0, 1, 0, 0, -1, 0, 0, 0, 0, 0, 0, 0, 0, 0, 1, -1, 1, -1, 2, 1], [1, 0, 0, -1, 0, 0, 1, 0, 0, 0, 0, 0, 0, 0, 0, 0, -1, 1, -1, 1, -1, 0]]
[[1, 0, 0, 0, 0, 0, 0, 0, 0, 0, 0, 0, 0, 0, 0, 0, 0, 0, 0, 0, 0, 0], [0, 1, 0, 0, 0, 0, 0, 0, 0, 0, 0, 0, 0, 0, 0, 0, 0, 0, 0, 0, 0, 0], [-1, 0, 1, -1, 1, 1, -1, -1, 1, 0, 1, 0, -2, 3, 1, 1, -2, -1, 0, 0, -1, 1], [-1, 0, 0, 0, 1, 1, -1, -1, 1, 0, 1, 0, -2, 3, 1, 1, -2, -1, 0, 0, -1, 1], [0, 0, 0, 0, 1, 0, 0, 0, 0, 0, 0, 0, 0, 0, 0, 0, 0, 0, 0, 0, 0, 0], [0, 0, 0, 0, 0, 1, 0, 0, 0, 0, 0, 0, 0, 0, 0, 0, 0, 0, 0, 0, 0, 0], [0, 0, 0, 0, 0, 0, 1, 0, 0, 0, 0, 0, 0, 0, 0, 0, 0, 0, 0, 0, 0, 0], [0, 0, 0, 0, 0, 0, 0, 1, 0, 0, 0, 0, 0, 0, 0, 0, 0, 0, 0, 0, 0, 0], [1, 0, 0, 1, -1, -1, 1, 1, 0, 0, -1, 0, 2, -3, -1, -1, 2, 1, 0, 0, 1, -1], [1, 0, 0, 1, -1, -1, 1, 1, -1, 1, -1, 0, 2, -3, -1, -1, 2, 1, 0, 0, 1, -1], [1, 0, 0, 1, -1, -1, 1, 1, -1, 0, 0, 0, 2, -3, -1, -1, 2, 1, 0, 0, 1, -1], [1, 0, 0, 1, -1, -1, 1, 1, -1, 0, -1, 1, 2, -3, -1, -1, 2, 1, 0, 0, 1, -1], [2, 0, 0, 2, -2, -2, 2, 2, -2, 0, -2, 0, 5, -6, -2, -2, 4, 2, 0, 0, 2, -2], [0, 0, 0, 0, 0, 0, 0, 0, 0, 0, 0, 0, 0, 1, 0, 0, 0, 0, 0, 0, 0, 0], [1, 0, 0, 1, -1, -1, 1, 1, -1, 0, -1, 0, 2, -3, 0, -1, 2, 1, 0, 0, 1, -1], [-1, 0, 0, -1, 1, 1, -1, -1, 1, 0, 1, 0, -2, 3, 1, 2, -2, -1, 0, 0, -1, 1], [0, 0, 0, 0, 0, 0, 0, 0, 0, 0, 0, 0, 0, 0, 0, 0, 1, 0, 0, 0, 0, 0], [-1, 0, 0, -1, 1, 1, -1, -1, 1, 0, 1, 0, -2, 3, 1, 1, -2, 0, 0, 0, -1, 1], [0, 0, 0, 0, 0, 0, 0, 0, 0, 0, 0, 0, 0, 0, 0, 0, 0, 0, 1, 0, 0, 0], [0, 0, 0, 0, 0, 0, 0, 0, 0, 0, 0, 0, 0, 0, 0, 0, 0, 0, 0, 1, 0, 0], [-1, 0, 0, -1, 1, 1, -1, -1, 1, 0, 1, 0, -2, 3, 1, 1, -2, -1, 0, 0, 0, 1], [1, 0, 0, 1, -1, -1, 1, 1, -1, 0, -1, 0, 2, -3, -1, -1, 2, 1, 0, 0, 1, 0]]
[[0, 0, 0, -1, 1, 1, -1, -2, 0, 0, 0, 0, -2, 2, 1, 1, -2, -1, -1, 0, -1, 2], [0, 1, 0, 0, 0, 0, 0, 0, 0, 0, 0, 0, 0, 0, 0, 0, 0, 0, 0, 0, 0, 0], [-1, 0, 1, -1, 1, 0, -1, -1, 1, 0, 0, 0, -2, 2, 1, 1, -2, -1, -1, 0, -1, 1], [-3, 0, 0, -2, 3, 2, -3, -5, 1, 0, 0, 0, -6, 6, 3, 3, -6, -3, -3, 0, -3, 5], [0, 0, 0, 0, 1, 0, 0, 0, 0, 0, 0, 0, 0, 0, 0, 0, 0, 0, 0, 0, 0, 0], [-1, 0, 0, -1, 1, 1, -1, -1, 1, 0, 0, 0, -2, 2, 1, 1, -2, -1, -1, 0, -1, 1], [-2, 0, 0, -2, 2, 1, -1, -3, 1, 0, 0, 0, -4, 4, 2, 2, -4, -2, -2, 0, -2, 3], [-2, 0, 0, -2, 2, 2, -2, -3, 0, 0, 0, 0, -4, 4, 2, 2, -4, -2, -2, 0, -2, 4], [4, 0, 0, 4, -4, -2, 4, 6, -1, 0, 0, 0, 8, -8, -4, -4, 8, 4, 4, 0, 4, -6], [3, 0, 0, 3, -3, -2, 3, 5, -1, 1, 0, 0, 6, -6, -3, -3, 6, 3, 3, 0, 3, -5], [3, 0, 0, 3, -3, -2, 3, 5, -1, 0, 1, 0, 6, -6, -3, -3, 6, 3, 3, 0, 3, -5], [2, 0, 0, 2, -2, -1, 2, 3, -1, 0, 0, 1, 4, -4, -2, -2, 4, 2, 2, 0, 2, -3], [4, 0, 0, 4, -4, -2, 4, 6, -2, 0, 0, 0, 9, -8, -4, -4, 8, 4, 4, 0, 4, -6], [-1, 0, 0, -1, 1, 1, -1, -2, 0, 0, 0, 0, -2, 3, 1, 1, -2, -1, -1, 0, -1, 2], [0, 0, 0, 0, 0, 1, 0, -1, -1, 0, 0, 0, 0, 0, 1, 0, 0, 0, 0, 0, 0, 1], [-1, 0, 0, -1, 1, 1, -1, -2, 0, 0, 0, 0, -2, 2, 1, 2, -2, -1, -1, 0, -1, 2], [3, 0, 0, 3, -3, -2, 3, 5, -1, 0, 0, 0, 6, -6, -3, -3, 7, 3, 3, 0, 3, -5], [0, 0, 0, 0, 0, 0, 0, 0, 0, 0, 0, 0, 0, 0, 0, 0, 0, 1, 0, 0, 0, 0], [-1, 0, 0, -1, 1, 0, -1, -1, 1, 0, 0, 0, -2, 2, 1, 1, -2, -1, 0, 0, -1, 1], [1, 0, 0, 1, -1, -1, 1, 2, 0, 0, 0, 0, 2, -2, -1, -1, 2, 1, 1, 1, 1, -2], [-3, 0, 0, -3, 3, 2, -3, -5, 1, 0, 0, 0, -6, 6, 3, 3, -6, -3, -3, 0, -2, 5], [3, 0, 0, 3, -3, -2, 3, 5, -1, 0, 0, 0, 6, -6, -3, -3, 6, 3, 3, 0, 3, -4]]
[[1, 0, 0, 0, 0, 0, 0, 0, 0, 0, 0, 0, 0, 0, 0, 0, 0, 0, 0, 0, 0, 0], [0, 1, 0, 0, 0, 0, 0, 0, 0, 0, 0, 0, 0, 0, 0, 0, 0, 0, 0, 0, 0, 0], [0, 0, 1, 0, 0, 0, 0, 0, 0, 0, 0, 0, 0, 0, 0, 0, 0, 0, 0, 0, 0, 0], [0, 0, 0, 1, 0, 0, 0, 0, 0, 0, 0, 0, 0, 0, 0, 0, 0, 0, 0, 0, 0, 0], [0, 0, 0, 0, 1, 0, 0, 0, 0, 0, 0, 0, 0, 0, 0, 0, 0, 0, 0, 0, 0, 0], [0, 0, 0, 0, 0, 1, 0, 0, 0, 0, 0, 0, 0, 0, 0, 0, 0, 0, 0, 0, 0, 0], [0, 0, 0, 0, 0, 0, 1, 0, 0, 0, 0, 0, 0, 0, 0, 0, 0, 0, 0, 0, 0, 0], [0, 0, 0, 0, 0, 0, 0, 1, 0, 0, 0, 0, 0, 0, 0, 0, 0, 0, 0, 0, 0, 0], [0, 0, 0, 0, 0, 0, 0, 0, 1, 0, 0, 0, 0, 0, 0, 0, 0, 0, 0, 0, 0, 0], [0, 0, 0, 0, 0, 0, 0, 0, 0, 1, 0, 0, 0, 0, 0, 0, 0, 0, 0, 0, 0, 0], [0, 0, 0, 0, 0, 0, 0, 0, 0, 0, 1, 0, 0, 0, 0, 0, 0, 0, 0, 0, 0, 0], [0, 0, 0, 0, 0, 0, 0, 0, 0, 0, 0, 1, 0, 0, 0, 0, 0, 0, 0, 0, 0, 0], [0, 0, 0, 0, 0, 0, 0, 0, 0, 0, 0, 0, 1, 0, 0, 0, 0, 0, 0, 0, 0, 0], [0, 0, 0, 0, 0, 0, 0, 0, 0, 0, 0, 0, 0, 1, 0, 0, 0, 0, 0, 0, 0, 0], [0, 0, 0, 0, 0, 0, 0, 0, 0, 0, 0, 0, 0, 0, 1, 0, 0, 0, 0, 0, 0, 0], [0, 0, 0, 0, 0, 0, 0, 0, 0, 0, 0, 0, 0, 0, 0, 1, 0, 0, 0, 0, 0, 0], [0, 0, 0, 0, 0, 0, 0, 0, 0, 0, 0, 0, 0, 0, 0, 0, 1, 0, 0, 0, 0, 0], [0, 0, 0, 0, 0, 0, 0, 0, 0, 0, 0, 0, 0, 0, 0, 0, 0, 1, 0, 0, 0, 0], [0, 0, 0, 0, 0, 0, 0, 0, 0, 0, 0, 0, 0, 0, 0, 0, 0, 0, 1, 0, 0, 0], [0, 0, 0, 0, 0, 0, 0, 0, 0, 0, 0, 0, 0, 0, 0, 0, 0, 0, 0, 1, 0, 0], [0, 0, 0, 0, 0, 0, 0, 0, 0, 0, 0, 0, 0, 0, 0, 0, 0, 0, 0, 0, 1, 0], [0, 0, 0, 0, 0, 0, 0, 0, 0, 0, 0, 0, 0, 0, 0, 0, 0, 0, 0, 0, 0, 1]]
[[1, 0, 0, 0, 0, 0, 0, 0, 0, 0, 0, 0, 0, 0, 0, 0, 0, 0, 0, 0, 0, 0], [0, 1, 0, 0, 0, 0, 0, 0, 0, 0, 0, 0, 0, 0, 0, 0, 0, 0, 0, 0, 0, 0], [0, 0, 1, 0, 0, 0, 0, 0, 0, 0, 0, 0, 0, 0, 0, 0, 0, 0, 0, 0, 0, 0], [0, 0, 0, 1, 0, 0, 0, 0, 0, 0, 0, 0, 0, 0, 0, 0, 0, 0, 0, 0, 0, 0], [0, 0, 0, 0, 1, 0, 0, 0, 0, 0, 0, 0, 0, 0, 0, 0, 0, 0, 0, 0, 0, 0], [0, 0, 0, 0, 0, 1, 0, 0, 0, 0, 0, 0, 0, 0, 0, 0, 0, 0, 0, 0, 0, 0], [0, 0, 0, 0, 0, 0, 1, 0, 0, 0, 0, 0, 0, 0, 0, 0, 0, 0, 0, 0, 0, 0], [0, 0, 0, 0, 0, 0, 0, 1, 0, 0, 0, 0, 0, 0, 0, 0, 0, 0, 0, 0, 0, 0], [0, 0, 0, 0, 0, 0, 0, 0, 1, 0, 0, 0, 0, 0, 0, 0, 0, 0, 0, 0, 0, 0], [0, 0, 0, 0, 0, 0, 0, 0, 0, 1, 0, 0, 0, 0, 0, 0, 0, 0, 0, 0, 0, 0], [0, 0, 0, 0, 0, 0, 0, 0, 0, 0, 1, 0, 0, 0, 0, 0, 0, 0, 0, 0, 0, 0], [0, 0, 0, 0, 0, 0, 0, 0, 0, 0, 0, 1, 0, 0, 0, 0, 0, 0, 0, 0, 0, 0], [0, 0, 0, 0, 0, 0, 0, 0, 0, 0, 0, 0, 1, 0, 0, 0, 0, 0, 0, 0, 0, 0], [0, 0, 0, 0, 0, 0, 0, 0, 0, 0, 0, 0, 0, 1, 0, 0, 0, 0, 0, 0, 0, 0], [0, 0, 0, 0, 0, 0, 0, 0, 0, 0, 0, 0, 0, 0, 1, 0, 0, 0, 0, 0, 0, 0], [0, 0, 0, 0, 0, 0, 0, 0, 0, 0, 0, 0, 0, 0, 0, 1, 0, 0, 0, 0, 0, 0], [0, 0, 0, 0, 0, 0, 0, 0, 0, 0, 0, 0, 0, 0, 0, 0, 1, 0, 0, 0, 0, 0], [0, 0, 0, 0, 0, 0, 0, 0, 0, 0, 0, 0, 0, 0, 0, 0, 0, 1, 0, 0, 0, 0], [0, 0, 0, 0, 0, 0, 0, 0, 0, 0, 0, 0, 0, 0, 0, 0, 0, 0, 1, 0, 0, 0], [0, 0, 0, 0, 0, 0, 0, 0, 0, 0, 0, 0, 0, 0, 0, 0, 0, 0, 0, 1, 0, 0], [0, 0, 0, 0, 0, 0, 0, 0, 0, 0, 0, 0, 0, 0, 0, 0, 0, 0, 0, 0, 1, 0], [0, 0, 0, 0, 0, 0, 0, 0, 0, 0, 0, 0, 0, 0, 0, 0, 0, 0, 0, 0, 0, 1]]
[[1, 0, 0, 0, 0, 0, 0, 0, 0, 0, 0, 0, 0, 0, 0, 0, 0, 0, 0, 0, 0, 0], [0, 1, 0, 0, 0, 0, 0, 0, 0, 0, 0, 0, 0, 0, 0, 0, 0, 0, 0, 0, 0, 0], [0, 0, 1, 0, 0, 0, 0, 0, 0, 0, 0, 0, 0, 0, 0, 0, 0, 0, 0, 0, 0, 0], [0, 0, 0, 1, 0, 0, 0, 0, 0, 0, 0, 0, 0, 0, 0, 0, 0, 0, 0, 0, 0, 0], [0, 0, 0, 0, 1, 0, 0, 0, 0, 0, 0, 0, 0, 0, 0, 0, 0, 0, 0, 0, 0, 0], [0, 0, 0, 0, 0, 1, 0, 0, 0, 0, 0, 0, 0, 0, 0, 0, 0, 0, 0, 0, 0, 0], [0, 0, 0, 0, 0, 0, 1, 0, 0, 0, 0, 0, 0, 0, 0, 0, 0, 0, 0, 0, 0, 0], [0, 0, 0, 0, 0, 0, 0, 1, 0, 0, 0, 0, 0, 0, 0, 0, 0, 0, 0, 0, 0, 0], [0, 0, 0, 0, 0, 0, 0, 0, 1, 0, 0, 0, 0, 0, 0, 0, 0, 0, 0, 0, 0, 0], [0, 0, 0, 0, 0, 0, 0, 0, 0, 1, 0, 0, 0, 0, 0, 0, 0, 0, 0, 0, 0, 0], [0, 0, 0, 0, 0, 0, 0, 0, 0, 0, 1, 0, 0, 0, 0, 0, 0, 0, 0, 0, 0, 0], [0, 0, 0, 0, 0, 0, 0, 0, 0, 0, 0, 1, 0, 0, 0, 0, 0, 0, 0, 0, 0, 0], [0, 0, 0, 0, 0, 0, 0, 0, 0, 0, 0, 0, 1, 0, 0, 0, 0, 0, 0, 0, 0, 0], [0, 0, 0, 0, 0, 0, 0, 0, 0, 0, 0, 0, 0, 1, 0, 0, 0, 0, 0, 0, 0, 0], [0, 0, 0, 0, 0, 0, 0, 0, 0, 0, 0, 0, 0, 0, 1, 0, 0, 0, 0, 0, 0, 0], [0, 0, 0, 0, 0, 0, 0, 0, 0, 0, 0, 0, 0, 0, 0, 1, 0, 0, 0, 0, 0, 0], [0, 0, 0, 0, 0, 0, 0, 0, 0, 0, 0, 0, 0, 0, 0, 0, 1, 0, 0, 0, 0, 0], [0, 0, 0, 0, 0, 0, 0, 0, 0, 0, 0, 0, 0, 0, 0, 0, 0, 1, 0, 0, 0, 0], [0, 0, 0, 0, 0, 0, 0, 0, 0, 0, 0, 0, 0, 0, 0, 0, 0, 0, 1, 0, 0, 0], [0, 0, 0, 0, 0, 0, 0, 0, 0, 0, 0, 0, 0, 0, 0, 0, 0, 0, 0, 1, 0, 0], [0, 0, 0, 0, 0, 0, 0, 0, 0, 0, 0, 0, 0, 0, 0, 0, 0, 0, 0, 0, 1, 0], [0, 0, 0, 0, 0, 0, 0, 0, 0, 0, 0, 0, 0, 0, 0, 0, 0, 0, 0, 0, 0, 1]]
[[1, 0, 0, 0, 0, 0, 0, 0, 0, 0, 0, 0, 0, 0, 0, 0, 0, 0, 0, 0, 0, 0], [0, 1, 0, 0, 0, 0, 0, 0, 0, 0, 0, 0, 0, 0, 0, 0, 0, 0, 0, 0, 0, 0], [0, 0, 1, 0, 0, 0, 0, 0, 0, 0, 0, 0, 0, 0, 0, 0, 0, 0, 0, 0, 0, 0], [0, 0, 0, 1, 0, 0, 0, 0, 0, 0, 0, 0, 0, 0, 0, 0, 0, 0, 0, 0, 0, 0], [0, 0, 0, 0, 1, 0, 0, 0, 0, 0, 0, 0, 0, 0, 0, 0, 0, 0, 0, 0, 0, 0], [0, 0, 0, 0, 0, 1, 0, 0, 0, 0, 0, 0, 0, 0, 0, 0, 0, 0, 0, 0, 0, 0], [0, 0, 0, 0, 0, 0, 1, 0, 0, 0, 0, 0, 0, 0, 0, 0, 0, 0, 0, 0, 0, 0], [0, 0, 0, 0, 0, 0, 0, 1, 0, 0, 0, 0, 0, 0, 0, 0, 0, 0, 0, 0, 0, 0], [0, 0, 0, 0, 0, 0, 0, 0, 1, 0, 0, 0, 0, 0, 0, 0, 0, 0, 0, 0, 0, 0], [0, 0, 0, 0, 0, 0, 0, 0, 0, 1, 0, 0, 0, 0, 0, 0, 0, 0, 0, 0, 0, 0], [0, 0, 0, 0, 0, 0, 0, 0, 0, 0, 1, 0, 0, 0, 0, 0, 0, 0, 0, 0, 0, 0], [0, 0, 0, 0, 0, 0, 0, 0, 0, 0, 0, 1, 0, 0, 0, 0, 0, 0, 0, 0, 0, 0], [0, 0, 0, 0, 0, 0, 0, 0, 0, 0, 0, 0, 1, 0, 0, 0, 0, 0, 0, 0, 0, 0], [0, 0, 0, 0, 0, 0, 0, 0, 0, 0, 0, 0, 0, 1, 0, 0, 0, 0, 0, 0, 0, 0], [0, 0, 0, 0, 0, 0, 0, 0, 0, 0, 0, 0, 0, 0, 1, 0, 0, 0, 0, 0, 0, 0], [0, 0, 0, 0, 0, 0, 0, 0, 0, 0, 0, 0, 0, 0, 0, 1, 0, 0, 0, 0, 0, 0], [0, 0, 0, 0, 0, 0, 0, 0, 0, 0, 0, 0, 0, 0, 0, 0, 1, 0, 0, 0, 0, 0], [0, 0, 0, 0, 0, 0, 0, 0, 0, 0, 0, 0, 0, 0, 0, 0, 0, 1, 0, 0, 0, 0], [0, 0, 0, 0, 0, 0, 0, 0, 0, 0, 0, 0, 0, 0, 0, 0, 0, 0, 1, 0, 0, 0], [0, 0, 0, 0, 0, 0, 0, 0, 0, 0, 0, 0, 0, 0, 0, 0, 0, 0, 0, 1, 0, 0], [0, 0, 0, 0, 0, 0, 0, 0, 0, 0, 0, 0, 0, 0, 0, 0, 0, 0, 0, 0, 1, 0], [0, 0, 0, 0, 0, 0, 0, 0, 0, 0, 0, 0, 0, 0, 0, 0, 0, 0, 0, 0, 0, 1]]
[[1, 0, 0, 0, 0, 0, 0, 0, 0, 0, 0, 0, 0, 0, 0, 0, 0, 0, 0, 0, 0, 0], [0, 1, 0, 0, 0, 0, 0, 0, 0, 0, 0, 0, 0, 0, 0, 0, 0, 0, 0, 0, 0, 0], [0, 0, 1, 0, 0, 0, 0, 0, 0, 0, 0, 0, 0, 0, 0, 0, 0, 0, 0, 0, 0, 0], [0, 0, 0, 1, 0, 0, 0, 0, 0, 0, 0, 0, 0, 0, 0, 0, 0, 0, 0, 0, 0, 0], [0, 0, 0, 0, 1, 0, 0, 0, 0, 0, 0, 0, 0, 0, 0, 0, 0, 0, 0, 0, 0, 0], [0, 0, 0, 0, 0, 1, 0, 0, 0, 0, 0, 0, 0, 0, 0, 0, 0, 0, 0, 0, 0, 0], [0, 0, 0, 0, 0, 0, 1, 0, 0, 0, 0, 0, 0, 0, 0, 0, 0, 0, 0, 0, 0, 0], [0, 0, 0, 0, 0, 0, 0, 1, 0, 0, 0, 0, 0, 0, 0, 0, 0, 0, 0, 0, 0, 0], [0, 0, 0, 0, 0, 0, 0, 0, 1, 0, 0, 0, 0, 0, 0, 0, 0, 0, 0, 0, 0, 0], [0, 0, 0, 0, 0, 0, 0, 0, 0, 1, 0, 0, 0, 0, 0, 0, 0, 0, 0, 0, 0, 0], [0, 0, 0, 0, 0, 0, 0, 0, 0, 0, 1, 0, 0, 0, 0, 0, 0, 0, 0, 0, 0, 0], [0, 0, 0, 0, 0, 0, 0, 0, 0, 0, 0, 1, 0, 0, 0, 0, 0, 0, 0, 0, 0, 0], [0, 0, 0, 0, 0, 0, 0, 0, 0, 0, 0, 0, 1, 0, 0, 0, 0, 0, 0, 0, 0, 0], [0, 0, 0, 0, 0, 0, 0, 0, 0, 0, 0, 0, 0, 1, 0, 0, 0, 0, 0, 0, 0, 0], [0, 0, 0, 0, 0, 0, 0, 0, 0, 0, 0, 0, 0, 0, 1, 0, 0, 0, 0, 0, 0, 0], [0, 0, 0, 0, 0, 0, 0, 0, 0, 0, 0, 0, 0, 0, 0, 1, 0, 0, 0, 0, 0, 0], [0, 0, 0, 0, 0, 0, 0, 0, 0, 0, 0, 0, 0, 0, 0, 0, 1, 0, 0, 0, 0, 0], [0, 0, 0, 0, 0, 0, 0, 0, 0, 0, 0, 0, 0, 0, 0, 0, 0, 1, 0, 0, 0, 0], [0, 0, 0, 0, 0, 0, 0, 0, 0, 0, 0, 0, 0, 0, 0, 0, 0, 0, 1, 0, 0, 0], [0, 0, 0, 0, 0, 0, 0, 0, 0, 0, 0, 0, 0, 0, 0, 0, 0, 0, 0, 1, 0, 0], [0, 0, 0, 0, 0, 0, 0, 0, 0, 0, 0, 0, 0, 0, 0, 0, 0, 0, 0, 0, 1, 0], [0, 0, 0, 0, 0, 0, 0, 0, 0, 0, 0, 0, 0, 0, 0, 0, 0, 0, 0, 0, 0, 1]]
[[1, 0, 0, 0, 0, 0, 0, 0, 0, 0, 0, 0, 0, 0, 0, 0, 0, 0, 0, 0, 0, 0], [0, 1, 0, 0, 0, 0, 0, 0, 0, 0, 0, 0, 0, 0, 0, 0, 0, 0, 0, 0, 0, 0], [0, 0, 1, 0, 0, 0, 0, 0, 0, 0, 0, 0, 0, 0, 0, 0, 0, 0, 0, 0, 0, 0], [0, 0, 0, 1, 0, 0, 0, 0, 0, 0, 0, 0, 0, 0, 0, 0, 0, 0, 0, 0, 0, 0], [0, 0, 0, 0, 1, 0, 0, 0, 0, 0, 0, 0, 0, 0, 0, 0, 0, 0, 0, 0, 0, 0], [0, 0, 0, 0, 0, 1, 0, 0, 0, 0, 0, 0, 0, 0, 0, 0, 0, 0, 0, 0, 0, 0], [0, 0, 0, 0, 0, 0, 1, 0, 0, 0, 0, 0, 0, 0, 0, 0, 0, 0, 0, 0, 0, 0], [0, 0, 0, 0, 0, 0, 0, 1, 0, 0, 0, 0, 0, 0, 0, 0, 0, 0, 0, 0, 0, 0], [0, 0, 0, 0, 0, 0, 0, 0, 1, 0, 0, 0, 0, 0, 0, 0, 0, 0, 0, 0, 0, 0], [0, 0, 0, 0, 0, 0, 0, 0, 0, 1, 0, 0, 0, 0, 0, 0, 0, 0, 0, 0, 0, 0], [0, 0, 0, 0, 0, 0, 0, 0, 0, 0, 1, 0, 0, 0, 0, 0, 0, 0, 0, 0, 0, 0], [0, 0, 0, 0, 0, 0, 0, 0, 0, 0, 0, 1, 0, 0, 0, 0, 0, 0, 0, 0, 0, 0], [0, 0, 0, 0, 0, 0, 0, 0, 0, 0, 0, 0, 1, 0, 0, 0, 0, 0, 0, 0, 0, 0], [0, 0, 0, 0, 0, 0, 0, 0, 0, 0, 0, 0, 0, 1, 0, 0, 0, 0, 0, 0, 0, 0], [0, 0, 0, 0, 0, 0, 0, 0, 0, 0, 0, 0, 0, 0, 1, 0, 0, 0, 0, 0, 0, 0], [0, 0, 0, 0, 0, 0, 0, 0, 0, 0, 0, 0, 0, 0, 0, 1, 0, 0, 0, 0, 0, 0], [0, 0, 0, 0, 0, 0, 0, 0, 0, 0, 0, 0, 0, 0, 0, 0, 1, 0, 0, 0, 0, 0], [0, 0, 0, 0, 0, 0, 0, 0, 0, 0, 0, 0, 0, 0, 0, 0, 0, 1, 0, 0, 0, 0], [0, 0, 0, 0, 0, 0, 0, 0, 0, 0, 0, 0, 0, 0, 0, 0, 0, 0, 1, 0, 0, 0], [0, 0, 0, 0, 0, 0, 0, 0, 0, 0, 0, 0, 0, 0, 0, 0, 0, 0, 0, 1, 0, 0], [0, 0, 0, 0, 0, 0, 0, 0, 0, 0, 0, 0, 0, 0, 0, 0, 0, 0, 0, 0, 1, 0], [0, 0, 0, 0, 0, 0, 0, 0, 0, 0, 0, 0, 0, 0, 0, 0, 0, 0, 0, 0, 0, 1]]
[[0, 0, 0, -1, 0, 0, 0, -1, -1, 0, -2, 1, 0, 0, 1, 0, 0, 0, -1, 1, 0, 0], [0, 1, 0, 0, 0, 0, 0, 0, 0, 0, 0, 0, 0, 0, 0, 0, 0, 0, 0, 0, 0, 0], [0, 0, 1, 0, 0, 0, 0, 0, 0, 0, 0, 0, 0, 0, 0, 0, 0, 0, 0, 0, 0, 0], [-1, 0, 0, 0, 1, 0, -1, -2, -2, 1, -3, 1, -1, 0, 2, 0, 0, -1, -2, 1, 0, 1], [0, 0, 0, 0, 1, 0, 0, 0, 0, 0, 0, 0, 0, 0, 0, 0, 0, 0, 0, 0, 0, 0], [0, 0, 0, 0, 1, 1, -1, -1, -1, 1, -1, 0, -1, 0, 1, 0, 0, -1, -1, 0, 0, 1], [-1, 0, 0, -1, 1, 0, 0, -2, -2, 1, -3, 1, -1, 0, 2, 0, 0, -1, -2, 1, 0, 1], [-1, 0, 0, -1, 1, 0, -1, -1, -2, 1, -3, 1, -1, 0, 2, 0, 0, -1, -2, 1, 0, 1], [1, 0, 0, 1, -1, 0, 1, 2, 3, -1, 3, -1, 1, 0, -2, 0, 0, 1, 2, -1, 0, -1], [1, 0, 0, 1, -2, 0, 2, 3, 3, -1, 4, -1, 2, 0, -3, 0, 0, 2, 3, -1, 0, -2], [0, 0, 0, 0, -1, 0, 1, 1, 1, -1, 2, 0, 1, 0, -1, 0, 0, 1, 1, 0, 0, -1], [0, 0, 0, 0, 0, 0, 0, 0, 0, 0, 0, 1, 0, 0, 0, 0, 0, 0, 0, 0, 0, 0], [0, 0, 0, 0, -1, 0, 1, 1, 1, -1, 1, 0, 2, 0, -1, 0, 0, 1, 1, 0, 0, -1], [0, 0, 0, 0, 0, 0, 0, 0, 0, 0, 0, 0, 0, 1, 0, 0, 0, 0, 0, 0, 0, 0], [-1, 0, 0, -1, 0, 0, 0, -1, -1, 0, -2, 1, 0, 0, 2, 0, 0, 0, -1, 1, 0, 0], [1, 0, 0, 1, 0, 0, 0, 1, 1, 0, 2, -1, 0, 0, -1, 1, 0, 0, 1, -1, 0, 0], [2, 0, 0, 2, -2, 0, 2, 4, 4, -2, 6, -2, 2, 0, -4, 0, 1, 2, 4, -2, 0, -2], [1, 0, 0, 1, 0, 0, 0, 1, 1, 0, 2, -1, 0, 0, -1, 0, 0, 1, 1, -1, 0, 0], [0, 0, 0, 0, 0, 0, 0, 0, 0, 0, 0, 0, 0, 0, 0, 0, 0, 0, 1, 0, 0, 0], [1, 0, 0, 1, -1, 0, 1, 2, 2, -1, 3, -1, 1, 0, -2, 0, 0, 1, 2, 0, 0, -1], [0, 0, 0, 0, 1, 0, -1, -1, -1, 1, -1, 0, -1, 0, 1, 0, 0, -1, -1, 0, 1, 1], [0, 0, 0, 0, -1, 0, 1, 1, 1, -1, 1, 0, 1, 0, -1, 0, 0, 1, 1, 0, 0, 0]]
[[0, 0, 1, 0, 0, 0, 0, 0, 0, 0, -1, 1, 0, 0, 1, 0, 0, 0, 0, 1, 0, 0], [0, 0, 0, 0, 0, -1, 0, 0, -1, 0, -1, 0, 1, -1, 0, -1, 1, 0, 0, 0, 1, 0], [1, 0, 0, 1, 0, 0, 0, 1, 1, 0, 2, -2, 0, 0, -2, 1, 0, -1, 1, -2, 0, 1], [-1, 0, 1, 0, 0, 0, 0, -1, -1, 0, -2, 2, 0, 0, 2, -1, 0, 1, -1, 2, 0, -1], [0, 1, 0, 0, 1, 1, 0, 0, 1, 0, 1, 0, -1, 1, 0, 1, -1, 0, 0, 0, -1, 0], [0, 0, 0, 0, 0, 1, 0, 0, 0, 0, 0, 0, 0, 0, 0, 0, 0, 0, 0, 0, 0, 0], [-1, 0, 1, -1, 0, 0, 1, -1, -1, 0, -2, 2, 0, 0, 2, -1, 0, 1, -1, 2, 0, -1], [-1, 0, 1, -1, 0, 0, 0, 0, -1, 0, -2, 2, 0, 0, 2, -1, 0, 1, -1, 2, 0, -1], [1, 0, -1, 0, 0, 0, 0, 0, 1, 0, 1, -1, 0, 0, -1, 0, 0, 0, 0, -1, 0, 0], [1, 0, -1, 0, 0, 0, 0, 0, 0, -1, 1, -1, 1, 0, -1, 0, 1, 0, 1, -1, 0, 0], [0, 0, 0, 0, 0, 0, 0, 0, 0, 0, 1, 0, 0, 0, 0, 0, 0, 0, 0, 0, 0, 0], [0, 0, 0, 0, 0, 0, 0, 0, 0, 0, 0, 1, 0, 0, 0, 0, 0, 0, 0, 0, 0, 0], [0, 0, 0, -1, 0, 0, 0, -1, -1, 0, -1, 1, 1, 0, 1, -1, 0, 1, -1, 1, 0, -1], [-1, 0, 1, 0, 0, 0, 0, 0, 0, 0, -1, 1, 0, 1, 1, 0, 0, 0, 0, 1, 0, 0], [-1, 0, 1, -1, 0, 0, 0, -1, -1, 0, -2, 2, 0, 0, 3, -1, 0, 1, -1, 2, 0, -1], [0, 0, 0, 1, 0, 0, 0, 1, 1, 0, 1, -1, 0, 0, -1, 2, 0, -1, 1, -1, 0, 1], [1, 0, -1, 1, 0, 0, 0, 1, 1, 0, 2, -2, 0, 0, -2, 1, 1, -1, 1, -2, 0, 1], [0, 0, 0, 1, 0, 0, 0, 1, 1, 0, 1, -1, 0, 0, -1, 1, 0, 0, 1, -1, 0, 1], [1, 0, -1, 0, 0, 0, 0, 0, 0, 0, 1, -1, 0, 0, -1, 0, 0, 0, 1, -1, 0, 0], [1, 0, -1, 0, 0, 0, 0, 0, 0, 0, 1, -1, 0, 0, -1, 0, 0, 0, 0, 0, 0, 0], [-1, 1, 1, 1, 0, 1, 0, 1, 2, 0, 1, 0, -1, 1, 0, 2, -1, -1, 1, 0, 0, 1], [0, 0, 0, -1, 0, 0, 0, -1, -1, 0, -1, 1, 0, 0, 1, -1, 0, 1, -1, 1, 0, 0]]
[[1, 0, 0, 0, 0, 0, 0, 0, 0, 0, 0, 0, 0, 0, 0, 0, 0, 0, 0, 0, 0, 0], [0, 1, 0, 0, 0, 0, 0, 0, 0, 0, 0, 0, 0, 0, 0, 0, 0, 0, 0, 0, 0, 0], [0, 0, 1, 0, 0, 0, 0, 0, 0, 0, 0, 0, 0, 0, 0, 0, 0, 0, 0, 0, 0, 0], [0, 0, 0, 1, 0, 0, 0, 0, 0, 0, 0, 0, 0, 0, 0, 0, 0, 0, 0, 0, 0, 0], [0, 0, 0, 0, 1, 0, 0, 0, 0, 0, 0, 0, 0, 0, 0, 0, 0, 0, 0, 0, 0, 0], [0, 0, 0, 0, 0, 1, 0, 0, 0, 0, 0, 0, 0, 0, 0, 0, 0, 0, 0, 0, 0, 0], [0, 0, 0, 0, 0, 0, 1, 0, 0, 0, 0, 0, 0, 0, 0, 0, 0, 0, 0, 0, 0, 0], [0, 0, 0, 0, 0, 0, 0, 1, 0, 0, 0, 0, 0, 0, 0, 0, 0, 0, 0, 0, 0, 0], [0, 0, 0, 0, 0, 0, 0, 0, 1, 0, 0, 0, 0, 0, 0, 0, 0, 0, 0, 0, 0, 0], [0, 0, 0, 0, 0, 0, 0, 0, 0, 1, 0, 0, 0, 0, 0, 0, 0, 0, 0, 0, 0, 0], [0, 0, 0, 0, 0, 0, 0, 0, 0, 0, 1, 0, 0, 0, 0, 0, 0, 0, 0, 0, 0, 0], [0, 0, 0, 0, 0, 0, 0, 0, 0, 0, 0, 1, 0, 0, 0, 0, 0, 0, 0, 0, 0, 0], [0, 0, 0, 0, 0, 0, 0, 0, 0, 0, 0, 0, 1, 0, 0, 0, 0, 0, 0, 0, 0, 0], [0, 0, 0, 0, 0, 0, 0, 0, 0, 0, 0, 0, 0, 1, 0, 0, 0, 0, 0, 0, 0, 0], [0, 0, 0, 0, 0, 0, 0, 0, 0, 0, 0, 0, 0, 0, 1, 0, 0, 0, 0, 0, 0, 0], [0, 0, 0, 0, 0, 0, 0, 0, 0, 0, 0, 0, 0, 0, 0, 1, 0, 0, 0, 0, 0, 0], [0, 0, 0, 0, 0, 0, 0, 0, 0, 0, 0, 0, 0, 0, 0, 0, 1, 0, 0, 0, 0, 0], [0, 0, 0, 0, 0, 0, 0, 0, 0, 0, 0, 0, 0, 0, 0, 0, 0, 1, 0, 0, 0, 0], [0, 0, 0, 0, 0, 0, 0, 0, 0, 0, 0, 0, 0, 0, 0, 0, 0, 0, 1, 0, 0, 0], [0, 0, 0, 0, 0, 0, 0, 0, 0, 0, 0, 0, 0, 0, 0, 0, 0, 0, 0, 1, 0, 0], [0, 0, 0, 0, 0, 0, 0, 0, 0, 0, 0, 0, 0, 0, 0, 0, 0, 0, 0, 0, 1, 0], [0, 0, 0, 0, 0, 0, 0, 0, 0, 0, 0, 0, 0, 0, 0, 0, 0, 0, 0, 0, 0, 1]]
[[1, 0, 0, 0, 0, 0, 0, 0, 0, 0, 0, 0, 0, 0, 0, 0, 0, 0, 0, 0, 0, 0], [0, 1, 0, 0, 0, 0, 0, 0, 0, 0, 0, 0, 0, 0, 0, 0, 0, 0, 0, 0, 0, 0], [0, 1, 1, 0, 1, 1, -1, -1, 1, 0, 1, 0, -2, 2, 0, 1, -2, -1, -1, 0, -1, 1], [0, -1, 0, 1, -1, -1, 1, 2, 0, -1, 0, -1, 2, -2, -1, 0, 2, 0, 2, -1, 1, 0], [0, -1, 0, 0, 0, -1, 1, 1, -1, 0, -1, 0, 2, -2, 0, -1, 2, 1, 1, 0, 1, -1], [0, -1, 0, 0, -1, 0, 1, 1, -1, 0, -1, 0, 2, -2, 0, -1, 2, 1, 1, 0, 1, -1], [0, -1, 0, 0, -1, -1, 2, 1, -1, 0, -1, 0, 2, -2, 0, -1, 2, 1, 1, 0, 1, -1], [0, -1, 0, 0, -1, -1, 1, 2, -1, 0, -1, 0, 2, -2, 0, -1, 2, 1, 1, 0, 1, -1], [0, 0, 0, 0, 0, 0, 0, -1, 0, 1, -1, 1, 0, 0, 1, -1, 0, 1, -1, 1, 0, -1], [0, 1, 0, 0, 1, 1, -1, -1, 1, 1, 1, 0, -2, 2, 0, 1, -2, -1, -1, 0, -1, 1], [0, 0, 0, 0, 0, 0, 0, -1, -1, 1, 0, 1, 0, 0, 1, -1, 0, 1, -1, 1, 0, -1], [0, -1, 0, 0, -1, -1, 1, 0, -2, 1, -2, 2, 2, -2, 1, -2, 2, 2, 0, 1, 1, -2], [0, 0, 0, 0, 0, 0, 0, -1, -1, 1, -1, 1, 1, 0, 1, -1, 0, 1, -1, 1, 0, -1], [0, 0, 0, 0, 0, 0, 0, 1, 1, -1, 1, -1, 0, 1, -1, 1, 0, -1, 1, -1, 0, 1], [0, 0, 0, 0, 0, 0, 0, 0, 0, 0, 0, 0, 0, 0, 1, 0, 0, 0, 0, 0, 0, 0], [0, 1, 0, 0, 1, 1, -1, 0, 2, -1, 2, -1, -2, 2, -1, 3, -2, -2, 0, -1, -1, 2], [0, 1, 0, 0, 1, 1, -1, -1, 1, 0, 1, 0, -2, 2, 0, 1, -1, -1, -1, 0, -1, 1], [0, 0, 0, 0, 0, 0, 0, 1, 1, -1, 1, -1, 0, 0, -1, 1, 0, 0, 1, -1, 0, 1], [0, 1, 0, 0, 1, 1, -1, -1, 1, 0, 1, 0, -2, 2, 0, 1, -2, -1, 0, 0, -1, 1], [0, 1, 0, 0, 1, 1, -1, -1, 1, 0, 1, 0, -2, 2, 0, 1, -2, -1, -1, 1, -1, 1], [0, 0, 0, 0, 0, 0, 0, 1, 1, -1, 1, -1, 0, 0, -1, 1, 0, -1, 1, -1, 1, 1], [0, 0, 0, 0, 0, 0, 0, -1, -1, 1, -1, 1, 0, 0, 1, -1, 0, 1, -1, 1, 0, 0]]
[[1, 0, 0, 0, 0, 0, 0, 0, 0, 0, 0, 0, 0, 0, 0, 0, 0, 0, 0, 0, 0, 0], [0, 1, 0, 0, 0, 0, 0, 0, 0, 0, 0, 0, 0, 0, 0, 0, 0, 0, 0, 0, 0, 0], [0, 0, 1, 0, 0, 0, 0, 0, 0, 0, 0, 0, 0, 0, 0, 0, 0, 0, 0, 0, 0, 0], [0, 0, 0, 1, 0, 0, 0, 0, 0, 0, 0, 0, 0, 0, 0, 0, 0, 0, 0, 0, 0, 0], [0, 0, 0, 0, 1, 0, 0, 0, 0, 0, 0, 0, 0, 0, 0, 0, 0, 0, 0, 0, 0, 0], [0, 0, 0, 0, 0, 1, 0, 0, 0, 0, 0, 0, 0, 0, 0, 0, 0, 0, 0, 0, 0, 0], [0, 0, 0, 0, 0, 0, 1, 0, 0, 0, 0, 0, 0, 0, 0, 0, 0, 0, 0, 0, 0, 0], [0, 0, 0, 0, 0, 0, 0, 1, 0, 0, 0, 0, 0, 0, 0, 0, 0, 0, 0, 0, 0, 0], [0, 0, 0, 0, 0, 0, 0, 0, 1, 0, 0, 0, 0, 0, 0, 0, 0, 0, 0, 0, 0, 0], [0, 0, 0, 0, 0, 0, 0, 0, 0, 1, 0, 0, 0, 0, 0, 0, 0, 0, 0, 0, 0, 0], [0, 0, 0, 0, 0, 0, 0, 0, 0, 0, 1, 0, 0, 0, 0, 0, 0, 0, 0, 0, 0, 0], [0, 0, 0, 0, 0, 0, 0, 0, 0, 0, 0, 1, 0, 0, 0, 0, 0, 0, 0, 0, 0, 0], [0, 0, 0, 0, 0, 0, 0, 0, 0, 0, 0, 0, 1, 0, 0, 0, 0, 0, 0, 0, 0, 0], [0, 0, 0, 0, 0, 0, 0, 0, 0, 0, 0, 0, 0, 1, 0, 0, 0, 0, 0, 0, 0, 0], [0, 0, 0, 0, 0, 0, 0, 0, 0, 0, 0, 0, 0, 0, 1, 0, 0, 0, 0, 0, 0, 0], [0, 0, 0, 0, 0, 0, 0, 0, 0, 0, 0, 0, 0, 0, 0, 1, 0, 0, 0, 0, 0, 0], [0, 0, 0, 0, 0, 0, 0, 0, 0, 0, 0, 0, 0, 0, 0, 0, 1, 0, 0, 0, 0, 0], [0, 0, 0, 0, 0, 0, 0, 0, 0, 0, 0, 0, 0, 0, 0, 0, 0, 1, 0, 0, 0, 0], [0, 0, 0, 0, 0, 0, 0, 0, 0, 0, 0, 0, 0, 0, 0, 0, 0, 0, 1, 0, 0, 0], [0, 0, 0, 0, 0, 0, 0, 0, 0, 0, 0, 0, 0, 0, 0, 0, 0, 0, 0, 1, 0, 0], [0, 0, 0, 0, 0, 0, 0, 0, 0, 0, 0, 0, 0, 0, 0, 0, 0, 0, 0, 0, 1, 0], [0, 0, 0, 0, 0, 0, 0, 0, 0, 0, 0, 0, 0, 0, 0, 0, 0, 0, 0, 0, 0, 1]]
[[1, 0, 0, 0, 0, 0, 0, 0, 0, 0, 0, 0, 0, 0, 0, 0, 0, 0, 0, 0, 0, 0], [0, 1, 0, 0, 0, 0, 0, 0, 0, 0, 0, 0, 0, 0, 0, 0, 0, 0, 0, 0, 0, 0], [0, 0, 1, 0, 0, 0, 0, 0, 0, 0, 0, 0, 0, 0, 0, 0, 0, 0, 0, 0, 0, 0], [0, 0, 0, 1, 0, 0, 0, 0, 0, 0, 0, 0, 0, 0, 0, 0, 0, 0, 0, 0, 0, 0], [0, 0, 0, 0, 1, 0, 0, 0, 0, 0, 0, 0, 0, 0, 0, 0, 0, 0, 0, 0, 0, 0], [0, 0, 0, 0, 0, 1, 0, 0, 0, 0, 0, 0, 0, 0, 0, 0, 0, 0, 0, 0, 0, 0], [0, 0, 0, 0, 0, 0, 1, 0, 0, 0, 0, 0, 0, 0, 0, 0, 0, 0, 0, 0, 0, 0], [0, 0, 0, 0, 0, 0, 0, 1, 0, 0, 0, 0, 0, 0, 0, 0, 0, 0, 0, 0, 0, 0], [0, 0, 0, 0, 0, 0, 0, 0, 1, 0, 0, 0, 0, 0, 0, 0, 0, 0, 0, 0, 0, 0], [0, 0, 0, 0, 0, 0, 0, 0, 0, 1, 0, 0, 0, 0, 0, 0, 0, 0, 0, 0, 0, 0], [0, 0, 0, 0, 0, 0, 0, 0, 0, 0, 1, 0, 0, 0, 0, 0, 0, 0, 0, 0, 0, 0], [0, 0, 0, 0, 0, 0, 0, 0, 0, 0, 0, 1, 0, 0, 0, 0, 0, 0, 0, 0, 0, 0], [0, 0, 0, 0, 0, 0, 0, 0, 0, 0, 0, 0, 1, 0, 0, 0, 0, 0, 0, 0, 0, 0], [0, 0, 0, 0, 0, 0, 0, 0, 0, 0, 0, 0, 0, 1, 0, 0, 0, 0, 0, 0, 0, 0], [0, 0, 0, 0, 0, 0, 0, 0, 0, 0, 0, 0, 0, 0, 1, 0, 0, 0, 0, 0, 0, 0], [0, 0, 0, 0, 0, 0, 0, 0, 0, 0, 0, 0, 0, 0, 0, 1, 0, 0, 0, 0, 0, 0], [0, 0, 0, 0, 0, 0, 0, 0, 0, 0, 0, 0, 0, 0, 0, 0, 1, 0, 0, 0, 0, 0], [0, 0, 0, 0, 0, 0, 0, 0, 0, 0, 0, 0, 0, 0, 0, 0, 0, 1, 0, 0, 0, 0], [0, 0, 0, 0, 0, 0, 0, 0, 0, 0, 0, 0, 0, 0, 0, 0, 0, 0, 1, 0, 0, 0], [0, 0, 0, 0, 0, 0, 0, 0, 0, 0, 0, 0, 0, 0, 0, 0, 0, 0, 0, 1, 0, 0], [0, 0, 0, 0, 0, 0, 0, 0, 0, 0, 0, 0, 0, 0, 0, 0, 0, 0, 0, 0, 1, 0], [0, 0, 0, 0, 0, 0, 0, 0, 0, 0, 0, 0, 0, 0, 0, 0, 0, 0, 0, 0, 0, 1]]
[[1, 0, 0, 0, 0, 0, 0, 0, 0, 0, 0, 0, 0, 0, 0, 0, 0, 0, 0, 0, 0, 0], [0, 1, 0, 0, 0, 0, 0, 0, 0, 0, 0, 0, 0, 0, 0, 0, 0, 0, 0, 0, 0, 0], [0, 0, 1, 0, 0, 0, 0, 0, 0, 0, 0, 0, 0, 0, 0, 0, 0, 0, 0, 0, 0, 0], [0, 0, 0, 1, 0, 0, 0, 0, 0, 0, 0, 0, 0, 0, 0, 0, 0, 0, 0, 0, 0, 0], [0, 0, 0, 0, 1, 0, 0, 0, 0, 0, 0, 0, 0, 0, 0, 0, 0, 0, 0, 0, 0, 0], [0, 0, 0, 0, 0, 1, 0, 0, 0, 0, 0, 0, 0, 0, 0, 0, 0, 0, 0, 0, 0, 0], [0, 0, 0, 0, 0, 0, 1, 0, 0, 0, 0, 0, 0, 0, 0, 0, 0, 0, 0, 0, 0, 0], [0, 0, 0, 0, 0, 0, 0, 1, 0, 0, 0, 0, 0, 0, 0, 0, 0, 0, 0, 0, 0, 0], [0, 0, 0, 0, 0, 0, 0, 0, 1, 0, 0, 0, 0, 0, 0, 0, 0, 0, 0, 0, 0, 0], [0, 0, 0, 0, 0, 0, 0, 0, 0, 1, 0, 0, 0, 0, 0, 0, 0, 0, 0, 0, 0, 0], [0, 0, 0, 0, 0, 0, 0, 0, 0, 0, 1, 0, 0, 0, 0, 0, 0, 0, 0, 0, 0, 0], [0, 0, 0, 0, 0, 0, 0, 0, 0, 0, 0, 1, 0, 0, 0, 0, 0, 0, 0, 0, 0, 0], [0, 0, 0, 0, 0, 0, 0, 0, 0, 0, 0, 0, 1, 0, 0, 0, 0, 0, 0, 0, 0, 0], [0, 0, 0, 0, 0, 0, 0, 0, 0, 0, 0, 0, 0, 1, 0, 0, 0, 0, 0, 0, 0, 0], [0, 0, 0, 0, 0, 0, 0, 0, 0, 0, 0, 0, 0, 0, 1, 0, 0, 0, 0, 0, 0, 0], [0, 0, 0, 0, 0, 0, 0, 0, 0, 0, 0, 0, 0, 0, 0, 1, 0, 0, 0, 0, 0, 0], [0, 0, 0, 0, 0, 0, 0, 0, 0, 0, 0, 0, 0, 0, 0, 0, 1, 0, 0, 0, 0, 0], [0, 0, 0, 0, 0, 0, 0, 0, 0, 0, 0, 0, 0, 0, 0, 0, 0, 1, 0, 0, 0, 0], [0, 0, 0, 0, 0, 0, 0, 0, 0, 0, 0, 0, 0, 0, 0, 0, 0, 0, 1, 0, 0, 0], [0, 0, 0, 0, 0, 0, 0, 0, 0, 0, 0, 0, 0, 0, 0, 0, 0, 0, 0, 1, 0, 0], [0, 0, 0, 0, 0, 0, 0, 0, 0, 0, 0, 0, 0, 0, 0, 0, 0, 0, 0, 0, 1, 0], [0, 0, 0, 0, 0, 0, 0, 0, 0, 0, 0, 0, 0, 0, 0, 0, 0, 0, 0, 0, 0, 1]]
[[1, 0, 0, 0, 0, 0, 0, 0, 0, 0, 0, 0, 0, 0, 0, 0, 0, 0, 0, 0, 0, 0], [0, 1, 0, 0, 0, 0, 0, 0, 0, 0, 0, 0, 0, 0, 0, 0, 0, 0, 0, 0, 0, 0], [0, 0, 1, 0, 0, 0, 0, 0, 0, 0, 0, 0, 0, 0, 0, 0, 0, 0, 0, 0, 0, 0], [0, 0, 0, 1, 0, 0, 0, 0, 0, 0, 0, 0, 0, 0, 0, 0, 0, 0, 0, 0, 0, 0], [0, 0, 0, 0, 1, 0, 0, 0, 0, 0, 0, 0, 0, 0, 0, 0, 0, 0, 0, 0, 0, 0], [0, 0, 0, 0, 0, 1, 0, 0, 0, 0, 0, 0, 0, 0, 0, 0, 0, 0, 0, 0, 0, 0], [0, 0, 0, 0, 0, 0, 1, 0, 0, 0, 0, 0, 0, 0, 0, 0, 0, 0, 0, 0, 0, 0], [0, 0, 0, 0, 0, 0, 0, 1, 0, 0, 0, 0, 0, 0, 0, 0, 0, 0, 0, 0, 0, 0], [0, 0, 0, 0, 0, 0, 0, 0, 1, 0, 0, 0, 0, 0, 0, 0, 0, 0, 0, 0, 0, 0], [0, 0, 0, 0, 0, 0, 0, 0, 0, 1, 0, 0, 0, 0, 0, 0, 0, 0, 0, 0, 0, 0], [0, 0, 0, 0, 0, 0, 0, 0, 0, 0, 1, 0, 0, 0, 0, 0, 0, 0, 0, 0, 0, 0], [0, 0, 0, 0, 0, 0, 0, 0, 0, 0, 0, 1, 0, 0, 0, 0, 0, 0, 0, 0, 0, 0], [0, 0, 0, 0, 0, 0, 0, 0, 0, 0, 0, 0, 1, 0, 0, 0, 0, 0, 0, 0, 0, 0], [0, 0, 0, 0, 0, 0, 0, 0, 0, 0, 0, 0, 0, 1, 0, 0, 0, 0, 0, 0, 0, 0], [0, 0, 0, 0, 0, 0, 0, 0, 0, 0, 0, 0, 0, 0, 1, 0, 0, 0, 0, 0, 0, 0], [0, 0, 0, 0, 0, 0, 0, 0, 0, 0, 0, 0, 0, 0, 0, 1, 0, 0, 0, 0, 0, 0], [0, 0, 0, 0, 0, 0, 0, 0, 0, 0, 0, 0, 0, 0, 0, 0, 1, 0, 0, 0, 0, 0], [0, 0, 0, 0, 0, 0, 0, 0, 0, 0, 0, 0, 0, 0, 0, 0, 0, 1, 0, 0, 0, 0], [0, 0, 0, 0, 0, 0, 0, 0, 0, 0, 0, 0, 0, 0, 0, 0, 0, 0, 1, 0, 0, 0], [0, 0, 0, 0, 0, 0, 0, 0, 0, 0, 0, 0, 0, 0, 0, 0, 0, 0, 0, 1, 0, 0], [0, 0, 0, 0, 0, 0, 0, 0, 0, 0, 0, 0, 0, 0, 0, 0, 0, 0, 0, 0, 1, 0], [0, 0, 0, 0, 0, 0, 0, 0, 0, 0, 0, 0, 0, 0, 0, 0, 0, 0, 0, 0, 0, 1]]
[[0, 1, 1, 1, 0, 0, 0, 1, 0, 0, 0, 1, 1, 0, 0, 0, 1, 0, 1, 0, 1, 0], [0, 1, 0, 0, 0, 0, 0, 0, 0, 0, 0, 0, 0, 0, 0, 0, 0, 0, 0, 0, 0, 0], [0, 0, 1, 0, 0, 0, 0, 0, 0, 0, 0, 0, 0, 0, 0, 0, 0, 0, 0, 0, 0, 0], [1, -1, -1, 0, 0, 0, 0, -1, 0, 0, 0, -1, -1, 0, 0, 0, -1, 0, -1, 0, -1, 0], [1, -1, -1, -1, 1, 0, 0, -1, 0, 0, 0, -1, -1, 0, 0, 0, -1, 0, -1, 0, -1, 0], [0, -1, 0, -1, 1, 1, 0, -2, 1, 0, 1, -1, -3, 2, 1, 1, -3, -1, -2, 1, -2, 1], [1, -1, -1, -1, 0, 0, 1, -1, 0, 0, 0, -1, -1, 0, 0, 0, -1, 0, -1, 0, -1, 0], [0, -1, 0, -1, 1, 0, 0, -2, 1, -1, 0, -1, -2, 2, 1, 1, -3, -1, -2, 1, -2, 1], [0, 1, 0, 1, -1, 0, 0, 3, 0, 1, 0, 1, 2, -2, -1, -1, 3, 1, 2, -1, 2, -1], [0, 1, 0, 1, -1, 0, 0, 2, -1, 1, -1, 1, 3, -2, -1, -1, 3, 1, 2, -1, 2, -1], [0, 1, 0, 1, -1, 0, 0, 2, -1, 0, 0, 1, 3, -2, -1, -1, 3, 1, 2, -1, 2, -1], [0, 0, 0, 0, 0, 0, 0, 0, 0, 0, 0, 1, 0, 0, 0, 0, 0, 0, 0, 0, 0, 0], [0, 1, 0, 1, -1, 0, 0, 3, -1, 1, 0, 1, 3, -2, -1, -1, 3, 1, 2, -1, 2, -1], [0, 0, 0, 0, 0, 0, 0, 0, 0, 0, 0, 0, 0, 1, 0, 0, 0, 0, 0, 0, 0, 0], [0, 0, 0, 0, 0, 0, 0, 0, 0, 0, 0, 0, 0, 0, 1, 0, 0, 0, 0, 0, 0, 0], [0, 0, 0, 1, 0, 0, -1, 0, 0, 0, 0, 0, 0, 0, 0, 0, 1, -1, 0, 0, 1, 0], [0, 1, 0, 1, -1, 0, 0, 2, -1, 0, -1, 1, 3, -2, -1, -1, 4, 1, 2, -1, 2, -1], [0, 0, 0, 1, 0, 0, -1, 0, 0, 0, 0, 0, 0, 0, 0, -1, 1, 0, 0, 0, 1, 0], [0, 0, 0, 0, 0, 0, 0, 0, 0, 0, 0, 0, 0, 0, 0, 0, 0, 0, 1, 0, 0, 0], [0, 1, 0, 1, -1, 0, 0, 2, -1, 0, -1, 1, 3, -2, -1, -1, 3, 1, 2, 0, 2, -1], [0, -1, 0, -1, 1, 0, 0, -2, 1, 0, 1, -1, -3, 2, 1, 1, -3, -1, -2, 1, -1, 1], [0, 1, 0, 1, -1, 0, 0, 2, -1, 0, -1, 1, 3, -2, -1, -1, 3, 1, 2, -1, 2, 0]]
[[1, 0, 0, 0, 0, 0, 0, 0, 0, 0, 0, 0, 0, 0, 0, 0, 0, 0, 0, 0, 0, 0], [0, 1, 0, 0, 0, 0, 0, 0, 0, 0, 0, 0, 0, 0, 0, 0, 0, 0, 0, 0, 0, 0], [0, 0, 1, 0, 0, 0, 0, 0, 0, 0, 0, 0, 0, 0, 0, 0, 0, 0, 0, 0, 0, 0], [-1, 0, 1, -2, 2, 1, 0, -3, 1, -1, 0, 0, -3, 4, 2, 2, -5, -1, -3, 2, -3, 2], [0, 0, 0, 0, 1, 0, 0, 0, 0, 0, 0, 0, 0, 0, 0, 0, 0, 0, 0, 0, 0, 0], [-1, 0, 1, -1, 1, 1, 0, -1, 1, -1, 0, 0, -1, 2, 1, 1, -2, -1, -1, 1, -1, 1], [-1, 0, 1, -3, 2, 1, 1, -3, 1, -1, 0, 0, -3, 4, 2, 2, -5, -1, -3, 2, -3, 2], [-1, 0, 1, -3, 2, 1, 0, -2, 1, -1, 0, 0, -3, 4, 2, 2, -5, -1, -3, 2, -3, 2], [2, 0, -2, 4, -3, -1, 0, 4, -1, 2, 0, 0, 4, -6, -3, -3, 7, 2, 4, -3, 4, -3], [1, 0, -1, 3, -2, -1, 0, 3, -1, 2, 0, 0, 3, -4, -2, -2, 5, 1, 3, -2, 3, -2], [1, 0, -1, 3, -2, -1, 0, 3, -1, 1, 1, 0, 3, -4, -2, -2, 5, 1, 3, -2, 3, -2], [0, 0, 0, 0, 0, 0, 0, 0, 0, 0, 0, 1, 0, 0, 0, 0, 0, 0, 0, 0, 0, 0], [2, 0, -2, 4, -3, -1, 0, 4, -2, 2, 0, 0, 5, -6, -3, -3, 7, 2, 4, -3, 4, -3], [0, 0, 0, 0, 0, 0, 0, 0, 0, 0, 0, 0, 0, 1, 0, 0, 0, 0, 0, 0, 0, 0], [0, 0, 0, -2, 1, 1, 0, -2, 0, 0, 0, 0, -2, 2, 2, 1, -3, 0, -2, 1, -2, 1], [0, 0, 0, 0, 0, 0, 0, 0, 0, 0, 0, 0, 0, 0, 0, 1, 0, 0, 0, 0, 0, 0], [1, 0, -1, 3, -2, -1, 0, 3, -1, 1, 0, 0, 3, -4, -2, -2, 6, 1, 3, -2, 3, -2], [0, 0, 0, 2, -1, -1, 0, 2, 0, 0, 0, 0, 2, -2, -1, -1, 3, 1, 2, -1, 2, -1], [0, 0, 0, 0, 0, 0, 0, 0, 0, 0, 0, 0, 0, 0, 0, 0, 0, 0, 1, 0, 0, 0], [1, 0, -1, 3, -2, -1, 0, 3, -1, 1, 0, 0, 3, -4, -2, -2, 5, 1, 3, -1, 3, -2], [-1, 0, 1, -3, 2, 1, 0, -3, 1, -1, 0, 0, -3, 4, 2, 2, -5, -1, -3, 2, -2, 2], [1, 0, -1, 3, -2, -1, 0, 3, -1, 1, 0, 0, 3, -4, -2, -2, 5, 1, 3, -2, 3, -1]]
[[1, 0, 0, 0, 0, 0, 0, 0, 0, 0, 0, 0, 0, 0, 0, 0, 0, 0, 0, 0, 0, 0], [0, 1, 0, 0, 0, 0, 0, 0, 0, 0, 0, 0, 0, 0, 0, 0, 0, 0, 0, 0, 0, 0], [0, -1, 0, -1, 0, -1, 1, -1, 0, 0, 0, -1, -1, 0, 0, 0, -1, 0, -1, 0, -1, 0], [0, 0, 0, 1, 0, 0, 0, 0, 0, 0, 0, 0, 0, 0, 0, 0, 0, 0, 0, 0, 0, 0], [0, 0, 0, 0, 1, 0, 0, 0, 0, 0, 0, 0, 0, 0, 0, 0, 0, 0, 0, 0, 0, 0], [0, -1, -1, -1, 0, 0, 1, -1, 0, 0, 0, -1, -1, 0, 0, 0, -1, 0, -1, 0, -1, 0], [0, 0, 0, 0, 0, 0, 1, 0, 0, 0, 0, 0, 0, 0, 0, 0, 0, 0, 0, 0, 0, 0], [0, -1, -1, -2, 0, -1, 2, -1, 0, -1, -1, -1, -1, 0, 1, 0, -1, 1, -1, 0, -2, 0], [0, 1, 1, 2, 0, 1, -2, 2, 1, 1, 1, 1, 1, 0, -1, 0, 1, -1, 1, 0, 2, 0], [0, 1, 1, 1, 0, 1, -1, 1, 0, 1, 0, 1, 1, 0, 0, 0, 1, 0, 1, 0, 1, 0], [0, 1, 1, 1, 0, 1, -1, 1, 0, 0, 1, 1, 1, 0, 0, 0, 1, 0, 1, 0, 1, 0], [0, 0, 0, 0, 0, 0, 0, 0, 0, 0, 0, 1, 0, 0, 0, 0, 0, 0, 0, 0, 0, 0], [0, 1, 1, 1, 0, 1, -1, 1, 0, 0, 0, 1, 2, 0, 0, 0, 1, 0, 1, 0, 1, 0], [0, 0, 0, 0, 0, 0, 0, 0, 0, 0, 0, 0, 0, 1, 0, 0, 0, 0, 0, 0, 0, 0], [0, 0, 0, 0, 0, 0, 0, 0, 0, 0, 0, 0, 0, 0, 1, 0, 0, 0, 0, 0, 0, 0], [0, 0, 0, 1, 0, 0, -1, 1, 0, 1, 1, 0, 0, 0, -1, 1, 0, -1, 0, 0, 1, 0], [0, 1, 1, 2, 0, 1, -2, 2, 0, 1, 1, 1, 1, 0, -1, 0, 2, -1, 1, 0, 2, 0], [0, 0, 0, 1, 0, 0, -1, 1, 0, 1, 1, 0, 0, 0, -1, 0, 0, 0, 0, 0, 1, 0], [0, 0, 0, 0, 0, 0, 0, 0, 0, 0, 0, 0, 0, 0, 0, 0, 0, 0, 1, 0, 0, 0], [0, 1, 1, 1, 0, 1, -1, 1, 0, 0, 0, 1, 1, 0, 0, 0, 1, 0, 1, 1, 1, 0], [0, -1, -1, -1, 0, -1, 1, -1, 0, 0, 0, -1, -1, 0, 0, 0, -1, 0, -1, 0, 0, 0], [0, 1, 1, 1, 0, 1, -1, 1, 0, 0, 0, 1, 1, 0, 0, 0, 1, 0, 1, 0, 1, 1]]
[[0, 0, 0, -2, 1, 1, 0, -2, 0, 0, -1, 0, -2, 2, 2, 1, -2, -1, -2, 1, -2, 1], [0, 1, 0, 0, 0, 0, 0, 0, 0, 0, 0, 0, 0, 0, 0, 0, 0, 0, 0, 0, 0, 0], [-2, 0, 1, -4, 2, 1, 0, -4, -1, -1, -2, 1, -3, 4, 4, 1, -3, -1, -3, 2, -3, 2], [-2, 0, 0, -3, 2, 1, 0, -4, -1, -1, -2, 1, -3, 4, 4, 1, -3, -1, -3, 2, -3, 2], [0, 0, 0, 0, 1, 0, 0, 0, 0, 0, 0, 0, 0, 0, 0, 0, 0, 0, 0, 0, 0, 0], [-1, 0, 0, -2, 1, 1, 0, -2, -1, -1, -1, 1, -1, 2, 2, 0, -1, 0, -1, 1, -1, 1], [-2, 0, 0, -4, 2, 1, 1, -4, -1, -1, -2, 1, -3, 4, 4, 1, -3, -1, -3, 2, -3, 2], [-2, 0, 0, -4, 2, 1, 0, -3, -1, -1, -2, 1, -3, 4, 4, 1, -3, -1, -3, 2, -3, 2], [3, 0, 0, 6, -3, -2, 0, 6, 2, 1, 3, -1, 5, -6, -6, -2, 5, 2, 5, -3, 5, -3], [3, 0, 0, 6, -3, -2, 0, 6, 1, 2, 3, -1, 5, -6, -6, -2, 5, 2, 5, -3, 5, -3], [2, 0, 0, 4, -2, -1, 0, 4, 1, 1, 3, -1, 3, -4, -4, -1, 3, 1, 3, -2, 3, -2], [0, 0, 0, 0, 0, 0, 0, 0, 0, 0, 0, 1, 0, 0, 0, 0, 0, 0, 0, 0, 0, 0], [3, 0, 0, 6, -3, -2, 0, 6, 1, 1, 3, -1, 6, -6, -6, -2, 5, 2, 5, -3, 5, -3], [1, 0, 0, 2, -1, 0, 0, 2, 1, 1, 1, -1, 1, -1, -2, 0, 1, 0, 1, -1, 1, -1], [0, 0, 0, 0, 0, 0, 0, 0, 0, 0, 0, 0, 0, 0, 1, 0, 0, 0, 0, 0, 0, 0], [1, 0, 0, 2, -1, 0, 0, 2, 1, 1, 1, -1, 1, -2, -2, 1, 1, 0, 1, -1, 1, -1], [4, 0, 0, 8, -4, -2, 0, 8, 2, 2, 4, -2, 6, -8, -8, -2, 7, 2, 6, -4, 6, -4], [1, 0, 0, 2, -1, 0, 0, 2, 1, 1, 1, -1, 1, -2, -2, 0, 1, 1, 1, -1, 1, -1], [0, 0, 0, 0, 0, 0, 0, 0, 0, 0, 0, 0, 0, 0, 0, 0, 0, 0, 1, 0, 0, 0], [2, 0, 0, 4, -2, -1, 0, 4, 1, 1, 2, -1, 3, -4, -4, -1, 3, 1, 3, -1, 3, -2], [-2, 0, 0, -4, 2, 2, 0, -4, 0, 0, -2, 0, -4, 4, 4, 2, -4, -2, -4, 2, -3, 2], [2, 0, 0, 4, -2, -1, 0, 4, 1, 1, 2, -1, 3, -4, -4, -1, 3, 1, 3, -2, 3, -1]]
[[0, 0, 0, -1, 0, 0, 1, -1, 0, 0, 0, 0, -1, 1, 1, 0, -1, 0, -1, 1, -1, 0], [1, 1, 0, 1, 0, 0, -1, 1, 0, 0, 0, 0, 1, -1, -1, 0, 1, 0, 1, -1, 1, 0], [0, -1, 0, -3, 0, -1, 2, -1, -1, -1, -2, 0, 0, 0, 2, -1, 0, 2, -1, 1, -2, -1], [-1, 0, 0, 1, 0, 0, 0, -1, 0, 0, 1, 0, -1, 1, 0, 0, -1, -1, -1, 1, 0, 0], [-1, 0, 0, -1, 1, 0, 1, -1, 0, 0, 0, 0, -1, 1, 1, 0, -1, 0, -1, 1, -1, 0], [-1, -1, -1, -3, 0, 0, 2, -2, -1, -1, -1, 0, -1, 1, 2, -1, -1, 1, -2, 2, -2, -1], [-1, -1, -1, -3, 0, -1, 3, -2, -1, -1, -1, 0, -1, 1, 2, -1, -1, 1, -2, 2, -2, -1], [-2, 0, 0, -2, 0, 0, 2, -2, -1, -1, 0, 0, -1, 2, 2, -1, -1, 0, -2, 2, -1, 0], [1, 0, 0, 1, 0, 0, -1, 1, 1, 0, 0, 0, 1, -1, -1, 0, 1, 0, 1, -1, 1, 0], [2, 0, 0, 2, 0, 0, -2, 2, 0, 1, 0, 0, 2, -2, -2, 0, 2, 0, 2, -2, 2, 0], [1, 0, 0, 0, 0, 0, 0, 1, 0, 0, 0, 0, 1, -1, 0, 0, 1, 1, 1, -1, 0, 0], [-1, -1, -1, -5, 0, -1, 4, -3, -2, -2, -3, 1, 0, 1, 4, -2, 0, 3, -2, 2, -3, -1], [1, 0, 0, 1, 0, 0, -1, 1, 0, 0, 0, 0, 2, -1, -1, 0, 1, 0, 1, -1, 1, 0], [0, 1, 1, 4, 0, 1, -3, 2, 2, 2, 3, 0, -1, 1, -3, 2, -1, -3, 1, -1, 2, 1], [-1, 0, 0, 0, 0, 0, 0, -1, 0, 0, 1, 0, -1, 1, 1, 0, -1, -1, -1, 1, 0, 0], [0, 1, 1, 4, 0, 1, -3, 2, 2, 2, 3, 0, -1, 0, -3, 3, -1, -3, 1, -1, 2, 1], [2, 1, 1, 5, 0, 1, -4, 4, 2, 2, 2, 0, 1, -2, -4, 2, 2, -2, 3, -3, 3, 1], [0, 1, 1, 4, 0, 1, -3, 2, 2, 2, 3, 0, -1, 0, -3, 2, -1, -2, 1, -1, 2, 1], [1, 0, 0, 1, 0, 0, -1, 1, 0, 0, 0, 0, 1, -1, -1, 0, 1, 0, 2, -1, 1, 0], [2, 1, 1, 4, 0, 1, -3, 3, 1, 1, 1, 0, 2, -2, -3, 1, 2, -1, 3, -2, 3, 1], [-2, 0, 0, -1, 0, 0, 1, -1, 1, 1, 1, 0, -3, 2, 1, 1, -3, -1, -2, 2, -1, 0], [1, 0, 0, 1, 0, 0, -1, 1, 0, 0, 0, 0, 1, -1, -1, 0, 1, 0, 1, -1, 1, 1]]
[[1, 0, 0, 0, 0, 0, 0, 0, 0, 0, 0, 0, 0, 0, 0, 0, 0, 0, 0, 0, 0, 0], [0, 1, 0, 0, 0, 0, 0, 0, 0, 0, 0, 0, 0, 0, 0, 0, 0, 0, 0, 0, 0, 0], [0, 0, 1, 0, 0, 0, 0, 0, 0, 0, 0, 0, 0, 0, 0, 0, 0, 0, 0, 0, 0, 0], [0, 0, 0, 1, 0, 0, 0, 0, 0, 0, 0, 0, 0, 0, 0, 0, 0, 0, 0, 0, 0, 0], [0, 0, 0, 0, 1, 0, 0, 0, 0, 0, 0, 0, 0, 0, 0, 0, 0, 0, 0, 0, 0, 0], [0, 0, 0, 0, 0, 1, 0, 0, 0, 0, 0, 0, 0, 0, 0, 0, 0, 0, 0, 0, 0, 0], [0, 0, 0, 0, 0, 0, 1, 0, 0, 0, 0, 0, 0, 0, 0, 0, 0, 0, 0, 0, 0, 0], [0, 0, 0, 0, 0, 0, 0, 1, 0, 0, 0, 0, 0, 0, 0, 0, 0, 0, 0, 0, 0, 0], [0, 0, 0, 0, 0, 0, 0, 0, 1, 0, 0, 0, 0, 0, 0, 0, 0, 0, 0, 0, 0, 0], [0, 0, 0, 0, 0, 0, 0, 0, 0, 1, 0, 0, 0, 0, 0, 0, 0, 0, 0, 0, 0, 0], [0, 0, 0, 0, 0, 0, 0, 0, 0, 0, 1, 0, 0, 0, 0, 0, 0, 0, 0, 0, 0, 0], [0, 0, 0, 0, 0, 0, 0, 0, 0, 0, 0, 1, 0, 0, 0, 0, 0, 0, 0, 0, 0, 0], [0, 0, 0, 0, 0, 0, 0, 0, 0, 0, 0, 0, 1, 0, 0, 0, 0, 0, 0, 0, 0, 0], [0, 0, 0, 0, 0, 0, 0, 0, 0, 0, 0, 0, 0, 1, 0, 0, 0, 0, 0, 0, 0, 0], [0, 0, 0, 0, 0, 0, 0, 0, 0, 0, 0, 0, 0, 0, 1, 0, 0, 0, 0, 0, 0, 0], [0, 0, 0, 0, 0, 0, 0, 0, 0, 0, 0, 0, 0, 0, 0, 1, 0, 0, 0, 0, 0, 0], [0, 0, 0, 0, 0, 0, 0, 0, 0, 0, 0, 0, 0, 0, 0, 0, 1, 0, 0, 0, 0, 0], [0, 0, 0, 0, 0, 0, 0, 0, 0, 0, 0, 0, 0, 0, 0, 0, 0, 1, 0, 0, 0, 0], [0, 0, 0, 0, 0, 0, 0, 0, 0, 0, 0, 0, 0, 0, 0, 0, 0, 0, 1, 0, 0, 0], [0, 0, 0, 0, 0, 0, 0, 0, 0, 0, 0, 0, 0, 0, 0, 0, 0, 0, 0, 1, 0, 0], [0, 0, 0, 0, 0, 0, 0, 0, 0, 0, 0, 0, 0, 0, 0, 0, 0, 0, 0, 0, 1, 0], [0, 0, 0, 0, 0, 0, 0, 0, 0, 0, 0, 0, 0, 0, 0, 0, 0, 0, 0, 0, 0, 1]]
[[1, 0, 0, 0, 0, 0, 0, 0, 0, 0, 0, 0, 0, 0, 0, 0, 0, 0, 0, 0, 0, 0], [0, 1, 0, 0, 0, 0, 0, 0, 0, 0, 0, 0, 0, 0, 0, 0, 0, 0, 0, 0, 0, 0], [0, 0, 1, 0, 0, 0, 0, 0, 0, 0, 0, 0, 0, 0, 0, 0, 0, 0, 0, 0, 0, 0], [0, 0, 0, 1, 0, 0, 0, 0, 0, 0, 0, 0, 0, 0, 0, 0, 0, 0, 0, 0, 0, 0], [0, 0, 0, 0, 1, 0, 0, 0, 0, 0, 0, 0, 0, 0, 0, 0, 0, 0, 0, 0, 0, 0], [0, 0, 0, 0, 0, 1, 0, 0, 0, 0, 0, 0, 0, 0, 0, 0, 0, 0, 0, 0, 0, 0], [0, 0, 0, 0, 0, 0, 1, 0, 0, 0, 0, 0, 0, 0, 0, 0, 0, 0, 0, 0, 0, 0], [0, 0, 0, 0, 0, 0, 0, 1, 0, 0, 0, 0, 0, 0, 0, 0, 0, 0, 0, 0, 0, 0], [0, 0, 0, 0, 0, 0, 0, 0, 1, 0, 0, 0, 0, 0, 0, 0, 0, 0, 0, 0, 0, 0], [0, 0, 0, 0, 0, 0, 0, 0, 0, 1, 0, 0, 0, 0, 0, 0, 0, 0, 0, 0, 0, 0], [0, 0, 0, 0, 0, 0, 0, 0, 0, 0, 1, 0, 0, 0, 0, 0, 0, 0, 0, 0, 0, 0], [0, 0, 0, 0, 0, 0, 0, 0, 0, 0, 0, 1, 0, 0, 0, 0, 0, 0, 0, 0, 0, 0], [0, 0, 0, 0, 0, 0, 0, 0, 0, 0, 0, 0, 1, 0, 0, 0, 0, 0, 0, 0, 0, 0], [0, 0, 0, 0, 0, 0, 0, 0, 0, 0, 0, 0, 0, 1, 0, 0, 0, 0, 0, 0, 0, 0], [0, 0, 0, 0, 0, 0, 0, 0, 0, 0, 0, 0, 0, 0, 1, 0, 0, 0, 0, 0, 0, 0], [0, 0, 0, 0, 0, 0, 0, 0, 0, 0, 0, 0, 0, 0, 0, 1, 0, 0, 0, 0, 0, 0], [0, 0, 0, 0, 0, 0, 0, 0, 0, 0, 0, 0, 0, 0, 0, 0, 1, 0, 0, 0, 0, 0], [0, 0, 0, 0, 0, 0, 0, 0, 0, 0, 0, 0, 0, 0, 0, 0, 0, 1, 0, 0, 0, 0], [0, 0, 0, 0, 0, 0, 0, 0, 0, 0, 0, 0, 0, 0, 0, 0, 0, 0, 1, 0, 0, 0], [0, 0, 0, 0, 0, 0, 0, 0, 0, 0, 0, 0, 0, 0, 0, 0, 0, 0, 0, 1, 0, 0], [0, 0, 0, 0, 0, 0, 0, 0, 0, 0, 0, 0, 0, 0, 0, 0, 0, 0, 0, 0, 1, 0], [0, 0, 0, 0, 0, 0, 0, 0, 0, 0, 0, 0, 0, 0, 0, 0, 0, 0, 0, 0, 0, 1]]
[[1, 0, 0, 0, 0, 0, 0, 0, 0, 0, 0, 0, 0, 0, 0, 0, 0, 0, 0, 0, 0, 0], [0, 1, 0, 0, 0, 0, 0, 0, 0, 0, 0, 0, 0, 0, 0, 0, 0, 0, 0, 0, 0, 0], [0, 0, 1, 0, 0, 0, 0, 0, 0, 0, 0, 0, 0, 0, 0, 0, 0, 0, 0, 0, 0, 0], [0, 0, 0, 1, 0, 0, 0, 0, 0, 0, 0, 0, 0, 0, 0, 0, 0, 0, 0, 0, 0, 0], [0, 0, 0, 0, 1, 0, 0, 0, 0, 0, 0, 0, 0, 0, 0, 0, 0, 0, 0, 0, 0, 0], [0, 0, 0, 0, 0, 1, 0, 0, 0, 0, 0, 0, 0, 0, 0, 0, 0, 0, 0, 0, 0, 0], [0, 0, 0, 0, 0, 0, 1, 0, 0, 0, 0, 0, 0, 0, 0, 0, 0, 0, 0, 0, 0, 0], [0, 0, 0, 0, 0, 0, 0, 1, 0, 0, 0, 0, 0, 0, 0, 0, 0, 0, 0, 0, 0, 0], [0, 0, 0, 0, 0, 0, 0, 0, 1, 0, 0, 0, 0, 0, 0, 0, 0, 0, 0, 0, 0, 0], [0, 0, 0, 0, 0, 0, 0, 0, 0, 1, 0, 0, 0, 0, 0, 0, 0, 0, 0, 0, 0, 0], [0, 0, 0, 0, 0, 0, 0, 0, 0, 0, 1, 0, 0, 0, 0, 0, 0, 0, 0, 0, 0, 0], [0, 0, 0, 0, 0, 0, 0, 0, 0, 0, 0, 1, 0, 0, 0, 0, 0, 0, 0, 0, 0, 0], [0, 0, 0, 0, 0, 0, 0, 0, 0, 0, 0, 0, 1, 0, 0, 0, 0, 0, 0, 0, 0, 0], [0, 0, 0, 0, 0, 0, 0, 0, 0, 0, 0, 0, 0, 1, 0, 0, 0, 0, 0, 0, 0, 0], [0, 0, 0, 0, 0, 0, 0, 0, 0, 0, 0, 0, 0, 0, 1, 0, 0, 0, 0, 0, 0, 0], [0, 0, 0, 0, 0, 0, 0, 0, 0, 0, 0, 0, 0, 0, 0, 1, 0, 0, 0, 0, 0, 0], [0, 0, 0, 0, 0, 0, 0, 0, 0, 0, 0, 0, 0, 0, 0, 0, 1, 0, 0, 0, 0, 0], [0, 0, 0, 0, 0, 0, 0, 0, 0, 0, 0, 0, 0, 0, 0, 0, 0, 1, 0, 0, 0, 0], [0, 0, 0, 0, 0, 0, 0, 0, 0, 0, 0, 0, 0, 0, 0, 0, 0, 0, 1, 0, 0, 0], [0, 0, 0, 0, 0, 0, 0, 0, 0, 0, 0, 0, 0, 0, 0, 0, 0, 0, 0, 1, 0, 0], [0, 0, 0, 0, 0, 0, 0, 0, 0, 0, 0, 0, 0, 0, 0, 0, 0, 0, 0, 0, 1, 0], [0, 0, 0, 0, 0, 0, 0, 0, 0, 0, 0, 0, 0, 0, 0, 0, 0, 0, 0, 0, 0, 1]]
[[1, 0, 0, 0, 0, 0, 0, 0, 0, 0, 0, 0, 0, 0, 0, 0, 0, 0, 0, 0, 0, 0], [0, 1, 0, 0, 0, 0, 0, 0, 0, 0, 0, 0, 0, 0, 0, 0, 0, 0, 0, 0, 0, 0], [0, 0, 1, 0, 0, 0, 0, 0, 0, 0, 0, 0, 0, 0, 0, 0, 0, 0, 0, 0, 0, 0], [0, 0, 0, 1, 0, 0, 0, 0, 0, 0, 0, 0, 0, 0, 0, 0, 0, 0, 0, 0, 0, 0], [0, 0, 0, 0, 1, 0, 0, 0, 0, 0, 0, 0, 0, 0, 0, 0, 0, 0, 0, 0, 0, 0], [0, 0, 0, 0, 0, 1, 0, 0, 0, 0, 0, 0, 0, 0, 0, 0, 0, 0, 0, 0, 0, 0], [0, 0, 0, 0, 0, 0, 1, 0, 0, 0, 0, 0, 0, 0, 0, 0, 0, 0, 0, 0, 0, 0], [0, 0, 0, 0, 0, 0, 0, 1, 0, 0, 0, 0, 0, 0, 0, 0, 0, 0, 0, 0, 0, 0], [0, 0, 0, 0, 0, 0, 0, 0, 1, 0, 0, 0, 0, 0, 0, 0, 0, 0, 0, 0, 0, 0], [0, 0, 0, 0, 0, 0, 0, 0, 0, 1, 0, 0, 0, 0, 0, 0, 0, 0, 0, 0, 0, 0], [0, 0, 0, 0, 0, 0, 0, 0, 0, 0, 1, 0, 0, 0, 0, 0, 0, 0, 0, 0, 0, 0], [0, 0, 0, 0, 0, 0, 0, 0, 0, 0, 0, 1, 0, 0, 0, 0, 0, 0, 0, 0, 0, 0], [0, 0, 0, 0, 0, 0, 0, 0, 0, 0, 0, 0, 1, 0, 0, 0, 0, 0, 0, 0, 0, 0], [0, 0, 0, 0, 0, 0, 0, 0, 0, 0, 0, 0, 0, 1, 0, 0, 0, 0, 0, 0, 0, 0], [0, 0, 0, 0, 0, 0, 0, 0, 0, 0, 0, 0, 0, 0, 1, 0, 0, 0, 0, 0, 0, 0], [0, 0, 0, 0, 0, 0, 0, 0, 0, 0, 0, 0, 0, 0, 0, 1, 0, 0, 0, 0, 0, 0], [0, 0, 0, 0, 0, 0, 0, 0, 0, 0, 0, 0, 0, 0, 0, 0, 1, 0, 0, 0, 0, 0], [0, 0, 0, 0, 0, 0, 0, 0, 0, 0, 0, 0, 0, 0, 0, 0, 0, 1, 0, 0, 0, 0], [0, 0, 0, 0, 0, 0, 0, 0, 0, 0, 0, 0, 0, 0, 0, 0, 0, 0, 1, 0, 0, 0], [0, 0, 0, 0, 0, 0, 0, 0, 0, 0, 0, 0, 0, 0, 0, 0, 0, 0, 0, 1, 0, 0], [0, 0, 0, 0, 0, 0, 0, 0, 0, 0, 0, 0, 0, 0, 0, 0, 0, 0, 0, 0, 1, 0], [0, 0, 0, 0, 0, 0, 0, 0, 0, 0, 0, 0, 0, 0, 0, 0, 0, 0, 0, 0, 0, 1]]
[[1, 0, 0, 0, 0, 0, 0, 0, 0, 0, 0, 0, 0, 0, 0, 0, 0, 0, 0, 0, 0, 0], [0, 1, 0, 0, 1, 0, -1, -1, 1, 0, 0, 0, -2, 1, 0, 1, -2, -1, -1, 0, -1, 1], [0, 0, 1, 0, 1, 0, -1, -1, 0, 0, -1, 1, -1, 1, 1, 0, -1, 0, -1, 1, -1, 0], [0, 0, 0, 1, -1, 0, 1, 1, 1, 0, 2, -2, 0, -1, -2, 1, 0, -1, 1, -2, 1, 1], [0, 0, 0, 0, -1, 0, 2, 2, -2, 0, 0, 0, 4, -2, 0, -2, 4, 2, 2, 0, 2, -2], [0, 0, 0, 0, -1, 1, 1, 1, -1, 0, 0, 0, 2, -1, 0, -1, 2, 1, 1, 0, 1, -1], [0, 0, 0, 0, -1, 0, 2, 1, -1, 0, 0, 0, 2, -1, 0, -1, 2, 1, 1, 0, 1, -1], [0, 0, 0, 0, -1, 0, 1, 2, 1, 0, 2, -2, 0, -1, -2, 1, 0, -1, 1, -2, 1, 1], [0, 0, 0, 0, -1, 0, 1, 1, -2, 0, -2, 2, 4, -1, 2, -3, 4, 3, 1, 2, 1, -3], [0, 0, 0, 0, 1, 0, -1, -1, 0, 1, -1, 1, -1, 1, 1, 0, -1, 0, -1, 1, -1, 0], [0, 0, 0, 0, 0, 0, 0, 0, -2, 0, -1, 2, 2, 0, 2, -2, 2, 2, 0, 2, 0, -2], [0, 0, 0, 0, -2, 0, 2, 2, -4, 0, -2, 3, 6, -2, 2, -4, 6, 4, 2, 2, 2, -4], [0, 0, 0, 0, 0, 0, 0, 0, -1, 0, -1, 1, 2, 0, 1, -1, 1, 1, 0, 1, 0, -1], [0, 0, 0, 0, 1, 0, -1, -1, 3, 0, 2, -2, -4, 2, -2, 3, -4, -3, -1, -2, -1, 3], [0, 0, 0, 0, 0, 0, 0, 0, 1, 0, 1, -1, -1, 0, 0, 1, -1, -1, 0, -1, 0, 1], [0, 0, 0, 0, 1, 0, -1, -1, 2, 0, 1, -1, -3, 1, -1, 3, -3, -2, -1, -1, -1, 2], [0, 0, 0, 0, 1, 0, -1, -1, 0, 0, -1, 1, -1, 1, 1, 0, 0, 0, -1, 1, -1, 0], [0, 0, 0, 0, 0, 0, 0, 0, 1, 0, 1, -1, -1, 0, -1, 1, -1, 0, 0, -1, 0, 1], [0, 0, 0, 0, 1, 0, -1, -1, 1, 0, 0, 0, -2, 1, 0, 1, -2, -1, 0, 0, -1, 1], [0, 0, 0, 0, 1, 0, -1, -1, 1, 0, 0, 0, -2, 1, 0, 1, -2, -1, -1, 1, -1, 1], [0, 0, 0, 0, 0, 0, 0, 0, 1, 0, 1, -1, -1, 0, -1, 1, -1, -1, 0, -1, 1, 1], [0, 0, 0, 0, 0, 0, 0, 0, -1, 0, -1, 1, 1, 0, 1, -1, 1, 1, 0, 1, 0, 0]]
[[1, 0, 0, 0, 0, 0, 0, 0, 0, 0, 0, 0, 0, 0, 0, 0, 0, 0, 0, 0, 0, 0], [0, 1, 0, 0, 0, 0, 0, 0, 0, 0, 0, 0, 0, 0, 0, 0, 0, 0, 0, 0, 0, 0], [0, 1, 1, 0, 1, 1, -1, -1, 0, -1, 0, 0, -1, 1, 0, 2, -1, -2, -1, 0, -1, 2], [0, 0, 0, 1, 0, 0, 0, 0, 0, 0, 0, 0, 0, 0, 0, 0, 0, 0, 0, 0, 0, 0], [0, 0, 0, 0, 1, 0, 0, 0, 0, 0, 0, 0, 0, 0, 0, 0, 0, 0, 0, 0, 0, 0], [0, 0, 0, 0, 0, 1, 0, 0, 0, 0, 0, 0, 0, 0, 0, 0, 0, 0, 0, 0, 0, 0], [0, 0, 0, 0, 0, 0, 1, 0, 0, 0, 0, 0, 0, 0, 0, 0, 0, 0, 0, 0, 0, 0], [0, 0, 0, 0, 0, 0, 0, 1, 0, 0, 0, 0, 0, 0, 0, 0, 0, 0, 0, 0, 0, 0], [0, -1, 0, 0, -1, -1, 1, 1, 1, 1, 0, 0, 1, -1, 0, -2, 1, 2, 1, 0, 1, -2], [0, 0, 0, 0, 0, 0, 0, 0, 0, 1, 0, 0, 0, 0, 0, 0, 0, 0, 0, 0, 0, 0], [0, -1, 0, 0, -1, -1, 1, 1, 0, 1, 1, 0, 1, -1, 0, -2, 1, 2, 1, 0, 1, -2], [0, -1, 0, 0, -1, -1, 1, 1, 0, 1, 0, 1, 1, -1, 0, -2, 1, 2, 1, 0, 1, -2], [0, -1, 0, 0, -1, -1, 1, 1, 0, 1, 0, 0, 2, -1, 0, -2, 1, 2, 1, 0, 1, -2], [0, 0, 0, 0, 0, 0, 0, 0, 0, 0, 0, 0, 0, 1, 0, 0, 0, 0, 0, 0, 0, 0], [0, 0, 0, 0, 0, 0, 0, 0, 0, 0, 0, 0, 0, 0, 1, 0, 0, 0, 0, 0, 0, 0], [0, 0, 0, 0, 0, 0, 0, 0, 0, 0, 0, 0, 0, 0, 0, 1, 0, 0, 0, 0, 0, 0], [0, -1, 0, 0, -1, -1, 1, 1, 0, 1, 0, 0, 1, -1, 0, -2, 2, 2, 1, 0, 1, -2], [0, 0, 0, 0, 0, 0, 0, 0, 0, 0, 0, 0, 0, 0, 0, 0, 0, 1, 0, 0, 0, 0], [0, 1, 0, 0, 1, 1, -1, -1, 0, -1, 0, 0, -1, 1, 0, 2, -1, -2, 0, 0, -1, 2], [0, 0, 0, 0, 0, 0, 0, 0, 0, 0, 0, 0, 0, 0, 0, 0, 0, 0, 0, 1, 0, 0], [0, 1, 0, 0, 1, 1, -1, -1, 0, -1, 0, 0, -1, 1, 0, 2, -1, -2, -1, 0, 0, 2], [0, -1, 0, 0, -1, -1, 1, 1, 0, 1, 0, 0, 1, -1, 0, -2, 1, 2, 1, 0, 1, -1]]
[[1, 0, 0, 0, 0, 0, 0, 0, 0, 0, 0, 0, 0, 0, 0, 0, 0, 0, 0, 0, 0, 0], [0, 1, 0, 0, 0, 0, 0, 0, 0, 0, 0, 0, 0, 0, 0, 0, 0, 0, 0, 0, 0, 0], [0, 0, 1, 0, 0, 0, 0, 0, 0, 0, 0, 0, 0, 0, 0, 0, 0, 0, 0, 0, 0, 0], [0, 0, 0, 1, 0, 0, 0, 0, 0, 0, 0, 0, 0, 0, 0, 0, 0, 0, 0, 0, 0, 0], [0, 0, 0, 0, 1, 0, 0, 0, 0, 0, 0, 0, 0, 0, 0, 0, 0, 0, 0, 0, 0, 0], [0, 0, 0, 0, 0, 1, 0, 0, 0, 0, 0, 0, 0, 0, 0, 0, 0, 0, 0, 0, 0, 0], [0, 0, 0, 0, 0, 0, 1, 0, 0, 0, 0, 0, 0, 0, 0, 0, 0, 0, 0, 0, 0, 0], [0, 0, 0, 0, 0, 0, 0, 1, 0, 0, 0, 0, 0, 0, 0, 0, 0, 0, 0, 0, 0, 0], [0, 0, 0, 0, 0, 0, 0, 0, 1, 0, 0, 0, 0, 0, 0, 0, 0, 0, 0, 0, 0, 0], [0, 0, 0, 0, 0, 0, 0, 0, 0, 1, 0, 0, 0, 0, 0, 0, 0, 0, 0, 0, 0, 0], [0, 0, 0, 0, 0, 0, 0, 0, 0, 0, 1, 0, 0, 0, 0, 0, 0, 0, 0, 0, 0, 0], [0, 0, 0, 0, 0, 0, 0, 0, 0, 0, 0, 1, 0, 0, 0, 0, 0, 0, 0, 0, 0, 0], [0, 0, 0, 0, 0, 0, 0, 0, 0, 0, 0, 0, 1, 0, 0, 0, 0, 0, 0, 0, 0, 0], [0, 0, 0, 0, 0, 0, 0, 0, 0, 0, 0, 0, 0, 1, 0, 0, 0, 0, 0, 0, 0, 0], [0, 0, 0, 0, 0, 0, 0, 0, 0, 0, 0, 0, 0, 0, 1, 0, 0, 0, 0, 0, 0, 0], [0, 0, 0, 0, 0, 0, 0, 0, 0, 0, 0, 0, 0, 0, 0, 1, 0, 0, 0, 0, 0, 0], [0, 0, 0, 0, 0, 0, 0, 0, 0, 0, 0, 0, 0, 0, 0, 0, 1, 0, 0, 0, 0, 0], [0, 0, 0, 0, 0, 0, 0, 0, 0, 0, 0, 0, 0, 0, 0, 0, 0, 1, 0, 0, 0, 0], [0, 0, 0, 0, 0, 0, 0, 0, 0, 0, 0, 0, 0, 0, 0, 0, 0, 0, 1, 0, 0, 0], [0, 0, 0, 0, 0, 0, 0, 0, 0, 0, 0, 0, 0, 0, 0, 0, 0, 0, 0, 1, 0, 0], [0, 0, 0, 0, 0, 0, 0, 0, 0, 0, 0, 0, 0, 0, 0, 0, 0, 0, 0, 0, 1, 0], [0, 0, 0, 0, 0, 0, 0, 0, 0, 0, 0, 0, 0, 0, 0, 0, 0, 0, 0, 0, 0, 1]]
[[1, 0, 0, 0, 0, 0, 0, 0, 0, 0, 0, 0, 0, 0, 0, 0, 0, 0, 0, 0, 0, 0], [-2, 2, 2, -4, 5, 3, -3, -6, 2, -1, 0, 1, -8, 8, 3, 6, -10, -6, -6, 3, -5, 6], [-1, 1, 2, -2, 3, 2, -2, -4, 1, 0, 0, 1, -5, 5, 2, 3, -6, -3, -4, 2, -3, 3], [-4, 1, 4, -7, 9, 5, -5, -10, 4, -3, 0, 1, -14, 14, 5, 12, -18, -12, -10, 5, -9, 12], [3, -2, -3, 6, -7, -5, 5, 10, -3, 1, 0, -2, 13, -13, -5, -9, 16, 9, 10, -5, 8, -9], [1, -1, -1, 2, -3, -1, 2, 4, -1, 0, 0, -1, 5, -5, -2, -3, 6, 3, 4, -2, 3, -3], [-1, 0, 1, -2, 2, 1, 0, -2, 1, -1, 0, 0, -3, 3, 1, 3, -4, -3, -2, 1, -2, 3], [-3, 1, 3, -6, 7, 4, -4, -7, 3, -2, 0, 1, -11, 11, 4, 9, -14, -9, -8, 4, -7, 9], [7, -3, -7, 14, -17, -10, 10, 20, -6, 4, 0, -3, 27, -27, -10, -21, 34, 21, 20, -10, 17, -21], [3, -1, -3, 6, -7, -4, 4, 8, -3, 3, 0, -1, 11, -11, -4, -9, 14, 9, 8, -4, 7, -9], [5, -2, -5, 10, -12, -7, 7, 14, -5, 3, 1, -2, 19, -19, -7, -15, 24, 15, 14, -7, 12, -15], [6, -3, -6, 12, -15, -9, 9, 18, -6, 3, 0, -2, 24, -24, -9, -18, 30, 18, 18, -9, 15, -18], [5, -2, -5, 10, -12, -7, 7, 14, -5, 3, 0, -2, 20, -19, -7, -15, 24, 15, 14, -7, 12, -15], [-3, 1, 3, -6, 7, 4, -4, -8, 3, -2, 0, 1, -11, 12, 4, 9, -14, -9, -8, 4, -7, 9], [-2, 1, 2, -4, 5, 3, -3, -6, 2, -1, 0, 1, -8, 8, 4, 6, -10, -6, -6, 3, -5, 6], [-2, 1, 2, -4, 5, 3, -3, -6, 2, -1, 0, 1, -8, 8, 3, 7, -10, -6, -6, 3, -5, 6], [3, -1, -3, 6, -7, -4, 4, 8, -3, 2, 0, -1, 11, -11, -4, -9, 15, 9, 8, -4, 7, -9], [-1, 0, 1, -2, 2, 1, -1, -2, 1, -1, 0, 0, -3, 3, 1, 3, -4, -2, -2, 1, -2, 3], [-1, 1, 1, -2, 3, 2, -2, -4, 1, 0, 0, 1, -5, 5, 2, 3, -6, -3, -3, 2, -3, 3], [1, 0, -1, 2, -2, -1, 1, 2, -1, 1, 0, 0, 3, -3, -1, -3, 4, 3, 2, 0, 2, -3], [-3, 1, 3, -6, 7, 4, -4, -8, 3, -2, 0, 1, -11, 11, 4, 9, -14, -9, -8, 4, -6, 9], [3, -1, -3, 6, -7, -4, 4, 8, -3, 2, 0, -1, 11, -11, -4, -9, 14, 9, 8, -4, 7, -8]]
[[1, 0, 0, 0, 0, 0, 0, 0, 0, 0, 0, 0, 0, 0, 0, 0, 0, 0, 0, 0, 0, 0], [-1, 1, 1, -4, 3, 1, 0, -5, 0, -1, -2, 1, -4, 4, 3, 3, -6, -2, -5, 3, -4, 3], [0, 0, 1, 0, 0, 0, 0, 0, 0, 0, 0, 0, 0, 0, 0, 0, 0, 0, 0, 0, 0, 0], [-3, 0, 3, -11, 9, 3, 0, -15, 0, -3, -6, 3, -12, 12, 9, 9, -18, -6, -15, 9, -12, 9], [1, 0, -1, 4, -2, -1, 0, 5, 0, 1, 2, -1, 4, -4, -3, -3, 6, 2, 5, -3, 4, -3], [-1, 0, 1, -4, 3, 2, 0, -5, 0, -1, -2, 1, -4, 4, 3, 3, -6, -2, -5, 3, -4, 3], [-2, 0, 2, -8, 6, 2, 1, -10, 0, -2, -4, 2, -8, 8, 6, 6, -12, -4, -10, 6, -8, 6], [-4, 0, 4, -16, 12, 4, 0, -19, 0, -4, -8, 4, -16, 16, 12, 12, -24, -8, -20, 12, -16, 12], [5, 0, -5, 20, -15, -5, 0, 25, 1, 5, 10, -5, 20, -20, -15, -15, 30, 10, 25, -15, 20, -15], [3, 0, -3, 12, -9, -3, 0, 15, 0, 4, 6, -3, 12, -12, -9, -9, 18, 6, 15, -9, 12, -9], [3, 0, -3, 12, -9, -3, 0, 15, 0, 3, 7, -3, 12, -12, -9, -9, 18, 6, 15, -9, 12, -9], [2, 0, -2, 8, -6, -2, 0, 10, 0, 2, 4, -1, 8, -8, -6, -6, 12, 4, 10, -6, 8, -6], [3, 0, -3, 12, -9, -3, 0, 15, 0, 3, 6, -3, 13, -12, -9, -9, 18, 6, 15, -9, 12, -9], [-1, 0, 1, -4, 3, 1, 0, -5, 0, -1, -2, 1, -4, 5, 3, 3, -6, -2, -5, 3, -4, 3], [-2, 0, 2, -8, 6, 2, 0, -10, 0, -2, -4, 2, -8, 8, 7, 6, -12, -4, -10, 6, -8, 6], [1, 0, -1, 4, -3, -1, 0, 5, 0, 1, 2, -1, 4, -4, -3, -2, 6, 2, 5, -3, 4, -3], [4, 0, -4, 16, -12, -4, 0, 20, 0, 4, 8, -4, 16, -16, -12, -12, 25, 8, 20, -12, 16, -12], [1, 0, -1, 4, -3, -1, 0, 5, 0, 1, 2, -1, 4, -4, -3, -3, 6, 3, 5, -3, 4, -3], [0, 0, 0, 0, 0, 0, 0, 0, 0, 0, 0, 0, 0, 0, 0, 0, 0, 0, 1, 0, 0, 0], [2, 0, -2, 8, -6, -2, 0, 10, 0, 2, 4, -2, 8, -8, -6, -6, 12, 4, 10, -5, 8, -6], [-2, 0, 2, -8, 6, 2, 0, -10, 0, -2, -4, 2, -8, 8, 6, 6, -12, -4, -10, 6, -7, 6], [2, 0, -2, 8, -6, -2, 0, 10, 0, 2, 4, -2, 8, -8, -6, -6, 12, 4, 10, -6, 8, -5]]
[[0, -1, 0, -1, 0, 0, 0, -1, 0, -1, 0, 0, -1, 1, 1, 0, -1, 0, 0, 0, -1, 1], [-1, 0, 0, -1, 0, 0, 0, -1, 0, -1, 0, 0, -1, 1, 1, 0, -1, 0, 0, 0, -1, 1], [-2, -1, 1, -2, 0, 0, 0, -2, 1, -1, 1, 0, -3, 3, 2, 0, -3, 0, -1, 0, -2, 1], [0, 0, 0, 1, 0, 0, 0, 0, 0, 0, 0, 0, 0, 0, 0, 0, 0, 0, 0, 0, 0, 0], [1, 1, 0, 1, 1, 0, 0, 1, 0, 1, 0, 0, 1, -1, -1, 0, 1, 0, 0, 0, 1, -1], [1, 1, 0, 1, 0, 1, 0, 1, 0, 1, 0, 0, 1, -1, -1, 0, 1, 0, 0, 0, 1, -1], [0, 0, 0, 0, 0, 0, 1, 0, 0, 0, 0, 0, 0, 0, 0, 0, 0, 0, 0, 0, 0, 0], [0, 0, 0, 0, 0, 0, 0, 1, 0, 0, 0, 0, 0, 0, 0, 0, 0, 0, 0, 0, 0, 0], [2, 1, 0, 2, 0, 0, 0, 2, 0, 1, -1, 0, 3, -3, -2, 0, 3, 0, 1, 0, 2, -1], [0, 0, 0, 0, 0, 0, 0, 0, 0, 1, 0, 0, 0, 0, 0, 0, 0, 0, 0, 0, 0, 0], [2, 1, 0, 2, 0, 0, 0, 2, -1, 1, 0, 0, 3, -3, -2, 0, 3, 0, 1, 0, 2, -1], [2, 1, 0, 2, 0, 0, 0, 2, -1, 1, -1, 1, 3, -3, -2, 0, 3, 0, 1, 0, 2, -1], [2, 1, 0, 2, 0, 0, 0, 2, -1, 1, -1, 0, 4, -3, -2, 0, 3, 0, 1, 0, 2, -1], [-1, -1, 0, -1, 0, 0, 0, -1, 0, -1, 0, 0, -1, 2, 1, 0, -1, 0, 0, 0, -1, 1], [1, 0, 0, 1, 0, 0, 0, 1, -1, 0, -1, 0, 2, -2, 0, 0, 2, 0, 1, 0, 1, 0], [-1, -1, 0, -1, 0, 0, 0, -1, 0, -1, 0, 0, -1, 1, 1, 1, -1, 0, 0, 0, -1, 1], [0, 0, 0, 0, 0, 0, 0, 0, 0, 0, 0, 0, 0, 0, 0, 0, 1, 0, 0, 0, 0, 0], [0, 0, 0, 0, 0, 0, 0, 0, 0, 0, 0, 0, 0, 0, 0, 0, 0, 1, 0, 0, 0, 0], [-1, 0, 0, -1, 0, 0, 0, -1, 1, 0, 1, 0, -2, 2, 1, 0, -2, 0, 0, 0, -1, 0], [-1, 0, 0, -1, 0, 0, 0, -1, 1, 0, 1, 0, -2, 2, 1, 0, -2, 0, -1, 1, -1, 0], [-1, -1, 0, -1, 0, 0, 0, -1, 0, -1, 0, 0, -1, 1, 1, 0, -1, 0, 0, 0, 0, 1], [1, 1, 0, 1, 0, 0, 0, 1, 0, 1, 0, 0, 1, -1, -1, 0, 1, 0, 0, 0, 1, 0]]
[[1, 0, 0, 0, 0, 0, 0, 0, 0, 0, 0, 0, 0, 0, 0, 0, 0, 0, 0, 0, 0, 0], [0, 1, 0, 1, 0, -1, 0, 1, 0, 0, 0, 0, 1, -1, -1, 0, 1, 0, 1, -1, 1, 0], [0, 0, 1, 1, 0, -1, 0, 1, 0, 0, -1, 0, 2, -1, -1, 0, 1, 0, 1, -1, 1, 0], [0, 0, 0, -1, 0, 2, 0, -2, 0, 0, 1, 0, -3, 2, 2, 0, -2, 0, -2, 2, -2, 0], [0, 0, 0, -2, 1, 2, 0, -2, 0, 0, 0, 0, -2, 2, 2, 0, -2, 0, -2, 2, -2, 0], [-1, 0, 1, -2, 1, 2, 0, -2, 0, -1, 0, 1, -2, 3, 3, 0, -2, 0, -2, 3, -2, 0], [-1, 0, 1, -3, 1, 2, 1, -3, 0, -1, 0, 1, -3, 4, 4, 0, -3, 0, -3, 4, -3, 0], [0, 0, 0, -2, 0, 2, 0, -1, 0, 0, 1, 0, -3, 2, 2, 0, -2, 0, -2, 2, -2, 0], [0, 0, 0, 0, 0, -1, 1, 1, 0, 0, 0, 0, 2, -1, -1, 0, 1, 1, 1, -1, 1, 0], [0, 0, 0, 2, 0, -2, 0, 2, 0, 1, 0, 0, 2, -2, -2, 0, 2, 0, 2, -2, 2, 0], [0, 0, 0, 1, 0, -1, 0, 1, 0, 0, 0, 0, 2, -1, -1, 0, 1, 0, 1, -1, 1, 0], [-1, 0, 1, -3, 1, 1, 1, -2, -1, -1, -1, 2, 0, 3, 3, 0, -2, 1, -2, 3, -2, 0], [0, 0, 0, 1, 0, -1, 0, 1, 0, 0, 1, 0, 1, -1, -1, 0, 1, 0, 1, -1, 1, 0], [1, 0, -1, 2, -1, 0, -1, 1, 1, 1, 1, -1, -1, -1, -2, 0, 1, -1, 1, -2, 1, 0], [0, 0, 0, -1, 0, 1, 0, -1, 0, 0, 1, 0, -2, 1, 2, 0, -1, 0, -1, 1, -1, 0], [1, 0, -1, 2, -1, 0, -1, 1, 1, 1, 0, -1, 0, -2, -2, 1, 1, -1, 1, -2, 1, 0], [1, 0, -1, 3, -1, -2, 0, 3, 0, 1, -1, -1, 4, -4, -4, 0, 4, 0, 3, -4, 3, 0], [1, 0, -1, 2, -1, 0, -1, 1, 1, 1, 0, -1, 0, -2, -2, 0, 1, 0, 1, -2, 1, 0], [0, 0, 0, 1, 0, -1, 0, 1, 0, 0, 0, 0, 1, -1, -1, 0, 1, 0, 2, -1, 1, 0], [1, 0, -1, 3, -1, -2, 0, 3, 0, 1, 0, -1, 3, -4, -4, 0, 3, 0, 3, -3, 3, 0], [0, 0, 0, -1, 0, 2, -1, -2, 1, 0, 0, 0, -3, 2, 2, 0, -2, -1, -2, 2, -1, 0], [0, 0, 0, 1, 0, -1, 0, 1, 0, 0, 0, 0, 1, -1, -1, 0, 1, 0, 1, -1, 1, 1]]
[[1, 0, 0, 0, 0, 0, 0, 0, 0, 0, 0, 0, 0, 0, 0, 0, 0, 0, 0, 0, 0, 0], [0, 1, 0, 0, 0, 0, 0, 0, 0, 0, 0, 0, 0, 0, 0, 0, 0, 0, 0, 0, 0, 0], [0, 0, 1, 0, 0, 0, 0, 0, 0, 0, 0, 0, 0, 0, 0, 0, 0, 0, 0, 0, 0, 0], [0, 0, 0, 1, 0, 0, 0, 0, 0, 0, 0, 0, 0, 0, 0, 0, 0, 0, 0, 0, 0, 0], [0, 0, 0, 0, 1, 0, 0, 0, 0, 0, 0, 0, 0, 0, 0, 0, 0, 0, 0, 0, 0, 0], [0, 0, 0, 0, 0, 1, 0, 0, 0, 0, 0, 0, 0, 0, 0, 0, 0, 0, 0, 0, 0, 0], [0, 0, 0, 0, 0, 0, 1, 0, 0, 0, 0, 0, 0, 0, 0, 0, 0, 0, 0, 0, 0, 0], [0, 0, 0, 0, 0, 0, 0, 1, 0, 0, 0, 0, 0, 0, 0, 0, 0, 0, 0, 0, 0, 0], [0, 0, 0, 0, 0, 0, 0, 0, 1, 0, 0, 0, 0, 0, 0, 0, 0, 0, 0, 0, 0, 0], [0, 0, 0, 0, 0, 0, 0, 0, 0, 1, 0, 0, 0, 0, 0, 0, 0, 0, 0, 0, 0, 0], [0, 0, 0, 0, 0, 0, 0, 0, 0, 0, 1, 0, 0, 0, 0, 0, 0, 0, 0, 0, 0, 0], [0, 0, 0, 0, 0, 0, 0, 0, 0, 0, 0, 1, 0, 0, 0, 0, 0, 0, 0, 0, 0, 0], [0, 0, 0, 0, 0, 0, 0, 0, 0, 0, 0, 0, 1, 0, 0, 0, 0, 0, 0, 0, 0, 0], [0, 0, 0, 0, 0, 0, 0, 0, 0, 0, 0, 0, 0, 1, 0, 0, 0, 0, 0, 0, 0, 0], [0, 0, 0, 0, 0, 0, 0, 0, 0, 0, 0, 0, 0, 0, 1, 0, 0, 0, 0, 0, 0, 0], [0, 0, 0, 0, 0, 0, 0, 0, 0, 0, 0, 0, 0, 0, 0, 1, 0, 0, 0, 0, 0, 0], [0, 0, 0, 0, 0, 0, 0, 0, 0, 0, 0, 0, 0, 0, 0, 0, 1, 0, 0, 0, 0, 0], [0, 0, 0, 0, 0, 0, 0, 0, 0, 0, 0, 0, 0, 0, 0, 0, 0, 1, 0, 0, 0, 0], [0, 0, 0, 0, 0, 0, 0, 0, 0, 0, 0, 0, 0, 0, 0, 0, 0, 0, 1, 0, 0, 0], [0, 0, 0, 0, 0, 0, 0, 0, 0, 0, 0, 0, 0, 0, 0, 0, 0, 0, 0, 1, 0, 0], [0, 0, 0, 0, 0, 0, 0, 0, 0, 0, 0, 0, 0, 0, 0, 0, 0, 0, 0, 0, 1, 0], [0, 0, 0, 0, 0, 0, 0, 0, 0, 0, 0, 0, 0, 0, 0, 0, 0, 0, 0, 0, 0, 1]]
[[0, 0, 1, 0, 1, 1, 0, -1, 0, 0, 0, 0, -1, 1, 1, 1, -1, -1, -1, 1, -1, 1], [-1, 0, 0, -1, 0, 0, 1, -1, 0, 0, 0, 0, -1, 1, 1, 0, -1, 0, -1, 1, -1, 0], [-1, -2, 0, -2, -1, -1, 2, -1, 0, 0, 0, 0, -1, 1, 1, -1, -1, 1, -1, 1, -1, -1], [1, 1, 0, 2, 0, 0, -1, 1, 0, 0, 0, 0, 1, -1, -1, 0, 1, 0, 1, -1, 1, 0], [1, 0, -1, 0, 0, -1, 0, 1, 0, 0, 0, 0, 1, -1, -1, -1, 1, 1, 1, -1, 1, -1], [1, 0, -1, 0, -1, 0, 0, 1, 0, 0, 0, 0, 1, -1, -1, -1, 1, 1, 1, -1, 1, -1], [1, 1, 0, 1, 0, 0, 0, 1, 0, 0, 0, 0, 1, -1, -1, 0, 1, 0, 1, -1, 1, 0], [0, 0, 0, 0, 0, 0, 0, 0, -1, -1, -1, 1, 1, 0, 1, -1, 1, 1, 1, 0, 0, 0], [0, 0, 0, 0, 0, 0, 0, 0, 1, 0, 0, 0, 0, 0, 0, 0, 0, 0, 0, 0, 0, 0], [0, 0, 0, 0, 0, 0, 0, 0, 0, 1, 0, 0, 0, 0, 0, 0, 0, 0, 0, 0, 0, 0], [0, 0, 0, 0, 0, 0, 0, 0, 0, 0, 1, 0, 0, 0, 0, 0, 0, 0, 0, 0, 0, 0], [0, 0, 0, 0, 0, 0, 0, 0, 0, 0, 0, 1, 0, 0, 0, 0, 0, 0, 0, 0, 0, 0], [0, 0, 0, 0, 0, 0, 0, 0, 0, 0, 0, 0, 1, 0, 0, 0, 0, 0, 0, 0, 0, 0], [0, 1, 1, 1, 1, 1, -1, 0, 0, 0, 0, 0, 0, 1, 0, 1, 0, -1, 0, 0, 0, 1], [0, 1, 1, 2, 1, 1, -2, 0, 0, 0, 0, 0, 0, 0, 0, 1, 0, -2, 0, 0, 1, 2], [0, 1, 1, 2, 1, 1, -2, 0, 0, 0, 0, 0, 0, 0, -1, 2, 0, -2, 0, 0, 1, 2], [0, 0, 0, 0, 0, 0, 0, 0, 0, 0, 0, 0, 0, 0, 0, 0, 1, 0, 0, 0, 0, 0], [0, 0, 0, 0, 0, 0, 0, 0, 0, 0, 0, 0, 0, 0, 0, 0, 0, 1, 0, 0, 0, 0], [0, 0, 0, 0, 0, 0, 0, 1, 1, 1, 1, -1, -1, 0, -1, 1, -1, -1, 0, 0, 0, 0], [0, 0, 0, -1, 0, 0, 1, 0, 0, 0, 0, 0, 0, 0, 1, 0, 0, 1, 0, 1, -1, -1], [0, 1, 1, 1, 1, 1, -1, 0, 0, 0, 0, 0, 0, 0, 0, 1, 0, -1, 0, 0, 1, 1], [0, 0, 0, -1, 0, 0, 1, 0, 0, 0, 0, 0, 0, 0, 1, 0, 0, 1, 0, 0, -1, 0]]
[[1, 0, 0, 0, 0, 0, 0, 0, 0, 0, 0, 0, 0, 0, 0, 0, 0, 0, 0, 0, 0, 0], [0, 1, 0, 0, 0, 0, 0, 0, 0, 0, 0, 0, 0, 0, 0, 0, 0, 0, 0, 0, 0, 0], [0, 0, 1, 0, 0, 0, 0, 0, 0, 0, 0, 0, 0, 0, 0, 0, 0, 0, 0, 0, 0, 0], [0, 0, 0, 1, 0, 0, 0, 0, 0, 0, 0, 0, 0, 0, 0, 0, 0, 0, 0, 0, 0, 0], [0, 0, 0, 0, 1, 0, 0, 0, 0, 0, 0, 0, 0, 0, 0, 0, 0, 0, 0, 0, 0, 0], [0, 0, 0, 0, 0, 1, 0, 0, 0, 0, 0, 0, 0, 0, 0, 0, 0, 0, 0, 0, 0, 0], [0, 0, 0, 0, 0, 0, 1, 0, 0, 0, 0, 0, 0, 0, 0, 0, 0, 0, 0, 0, 0, 0], [0, 0, 0, 0, 0, 0, 0, 1, 0, 0, 0, 0, 0, 0, 0, 0, 0, 0, 0, 0, 0, 0], [0, 0, 0, 0, 0, 0, 0, 0, 1, 0, 0, 0, 0, 0, 0, 0, 0, 0, 0, 0, 0, 0], [0, 0, 0, 0, 0, 0, 0, 0, 0, 1, 0, 0, 0, 0, 0, 0, 0, 0, 0, 0, 0, 0], [0, 0, 0, 0, 0, 0, 0, 0, 0, 0, 1, 0, 0, 0, 0, 0, 0, 0, 0, 0, 0, 0], [0, 0, 0, 0, 0, 0, 0, 0, 0, 0, 0, 1, 0, 0, 0, 0, 0, 0, 0, 0, 0, 0], [0, 0, 0, 0, 0, 0, 0, 0, 0, 0, 0, 0, 1, 0, 0, 0, 0, 0, 0, 0, 0, 0], [0, 0, 0, 0, 0, 0, 0, 0, 0, 0, 0, 0, 0, 1, 0, 0, 0, 0, 0, 0, 0, 0], [0, 0, 0, 0, 0, 0, 0, 0, 0, 0, 0, 0, 0, 0, 1, 0, 0, 0, 0, 0, 0, 0], [0, 0, 0, 0, 0, 0, 0, 0, 0, 0, 0, 0, 0, 0, 0, 1, 0, 0, 0, 0, 0, 0], [0, 0, 0, 0, 0, 0, 0, 0, 0, 0, 0, 0, 0, 0, 0, 0, 1, 0, 0, 0, 0, 0], [0, 0, 0, 0, 0, 0, 0, 0, 0, 0, 0, 0, 0, 0, 0, 0, 0, 1, 0, 0, 0, 0], [0, 0, 0, 0, 0, 0, 0, 0, 0, 0, 0, 0, 0, 0, 0, 0, 0, 0, 1, 0, 0, 0], [0, 0, 0, 0, 0, 0, 0, 0, 0, 0, 0, 0, 0, 0, 0, 0, 0, 0, 0, 1, 0, 0], [0, 0, 0, 0, 0, 0, 0, 0, 0, 0, 0, 0, 0, 0, 0, 0, 0, 0, 0, 0, 1, 0], [0, 0, 0, 0, 0, 0, 0, 0, 0, 0, 0, 0, 0, 0, 0, 0, 0, 0, 0, 0, 0, 1]]
[[0, 0, 0, -2, 1, 0, 0, -2, -1, 0, -2, 1, -1, 1, 2, 0, -1, 0, -2, 1, -1, 1], [0, 1, 0, 0, 0, 0, 0, 0, 0, 0, 0, 0, 0, 0, 0, 0, 0, 0, 0, 0, 0, 0], [0, 0, 1, 0, 0, 0, 0, 0, 0, 0, 0, 0, 0, 0, 0, 0, 0, 0, 0, 0, 0, 0], [-2, 0, 0, -3, 2, 0, 0, -4, -2, 0, -4, 2, -2, 2, 4, 0, -2, 0, -4, 2, -2, 2], [0, 0, 0, 0, 1, 0, 0, 0, 0, 0, 0, 0, 0, 0, 0, 0, 0, 0, 0, 0, 0, 0], [-1, 0, 0, -2, 1, 1, 0, -2, -1, 0, -2, 1, -1, 1, 2, 0, -1, 0, -2, 1, -1, 1], [-2, 0, 0, -4, 2, 0, 1, -4, -2, 0, -4, 2, -2, 2, 4, 0, -2, 0, -4, 2, -2, 2], [-2, 0, 0, -4, 2, 0, 0, -3, -2, 0, -4, 2, -2, 2, 4, 0, -2, 0, -4, 2, -2, 2], [2, 0, 0, 4, -2, 0, 0, 4, 3, 0, 4, -2, 2, -2, -4, 0, 2, 0, 4, -2, 2, -2], [2, 0, 0, 4, -2, 0, 0, 4, 2, 1, 4, -2, 2, -2, -4, 0, 2, 0, 4, -2, 2, -2], [1, 0, 0, 2, -1, 0, 0, 2, 1, 0, 3, -1, 1, -1, -2, 0, 1, 0, 2, -1, 1, -1], [0, 0, 0, 0, 0, 0, 0, 0, 0, 0, 0, 1, 0, 0, 0, 0, 0, 0, 0, 0, 0, 0], [1, 0, 0, 2, -1, 0, 0, 2, 1, 0, 2, -1, 2, -1, -2, 0, 1, 0, 2, -1, 1, -1], [0, 0, 0, 0, 0, 0, 0, 0, 0, 0, 0, 0, 0, 1, 0, 0, 0, 0, 0, 0, 0, 0], [-1, 0, 0, -2, 1, 0, 0, -2, -1, 0, -2, 1, -1, 1, 3, 0, -1, 0, -2, 1, -1, 1], [1, 0, 0, 2, -1, 0, 0, 2, 1, 0, 2, -1, 1, -1, -2, 1, 1, 0, 2, -1, 1, -1], [3, 0, 0, 6, -3, 0, 0, 6, 3, 0, 6, -3, 3, -3, -6, 0, 4, 0, 6, -3, 3, -3], [1, 0, 0, 2, -1, 0, 0, 2, 1, 0, 2, -1, 1, -1, -2, 0, 1, 1, 2, -1, 1, -1], [0, 0, 0, 0, 0, 0, 0, 0, 0, 0, 0, 0, 0, 0, 0, 0, 0, 0, 1, 0, 0, 0], [1, 0, 0, 2, -1, 0, 0, 2, 1, 0, 2, -1, 1, -1, -2, 0, 1, 0, 2, 0, 1, -1], [-1, 0, 0, -2, 1, 0, 0, -2, -1, 0, -2, 1, -1, 1, 2, 0, -1, 0, -2, 1, 0, 1], [1, 0, 0, 2, -1, 0, 0, 2, 1, 0, 2, -1, 1, -1, -2, 0, 1, 0, 2, -1, 1, 0]]
[[1, 0, 0, 0, 0, 0, 0, 0, 0, 0, 0, 0, 0, 0, 0, 0, 0, 0, 0, 0, 0, 0], [0, 1, 0, 0, 0, 0, 0, 0, 0, 0, 0, 0, 0, 0, 0, 0, 0, 0, 0, 0, 0, 0], [0, 0, 1, 0, 0, 0, 0, 0, 0, 0, 0, 0, 0, 0, 0, 0, 0, 0, 0, 0, 0, 0], [0, 0, 0, 1, 0, 0, 0, 0, 0, 0, 0, 0, 0, 0, 0, 0, 0, 0, 0, 0, 0, 0], [0, 0, 0, 0, 1, 0, 0, 0, 0, 0, 0, 0, 0, 0, 0, 0, 0, 0, 0, 0, 0, 0], [0, 0, 0, 0, 0, 1, 0, 0, 0, 0, 0, 0, 0, 0, 0, 0, 0, 0, 0, 0, 0, 0], [0, 0, 0, 0, 0, 0, 1, 0, 0, 0, 0, 0, 0, 0, 0, 0, 0, 0, 0, 0, 0, 0], [0, 0, 0, 0, 0, 0, 0, 1, 0, 0, 0, 0, 0, 0, 0, 0, 0, 0, 0, 0, 0, 0], [0, 0, 0, 0, 0, 0, 0, 0, 1, 0, 0, 0, 0, 0, 0, 0, 0, 0, 0, 0, 0, 0], [0, 0, 0, 0, 0, 0, 0, 0, 0, 1, 0, 0, 0, 0, 0, 0, 0, 0, 0, 0, 0, 0], [0, 0, 0, 0, 0, 0, 0, 0, 0, 0, 1, 0, 0, 0, 0, 0, 0, 0, 0, 0, 0, 0], [0, 0, 0, 0, 0, 0, 0, 0, 0, 0, 0, 1, 0, 0, 0, 0, 0, 0, 0, 0, 0, 0], [0, 0, 0, 0, 0, 0, 0, 0, 0, 0, 0, 0, 1, 0, 0, 0, 0, 0, 0, 0, 0, 0], [0, 0, 0, 0, 0, 0, 0, 0, 0, 0, 0, 0, 0, 1, 0, 0, 0, 0, 0, 0, 0, 0], [0, 0, 0, 0, 0, 0, 0, 0, 0, 0, 0, 0, 0, 0, 1, 0, 0, 0, 0, 0, 0, 0], [0, 0, 0, 0, 0, 0, 0, 0, 0, 0, 0, 0, 0, 0, 0, 1, 0, 0, 0, 0, 0, 0], [0, 0, 0, 0, 0, 0, 0, 0, 0, 0, 0, 0, 0, 0, 0, 0, 1, 0, 0, 0, 0, 0], [0, 0, 0, 0, 0, 0, 0, 0, 0, 0, 0, 0, 0, 0, 0, 0, 0, 1, 0, 0, 0, 0], [0, 0, 0, 0, 0, 0, 0, 0, 0, 0, 0, 0, 0, 0, 0, 0, 0, 0, 1, 0, 0, 0], [0, 0, 0, 0, 0, 0, 0, 0, 0, 0, 0, 0, 0, 0, 0, 0, 0, 0, 0, 1, 0, 0], [0, 0, 0, 0, 0, 0, 0, 0, 0, 0, 0, 0, 0, 0, 0, 0, 0, 0, 0, 0, 1, 0], [0, 0, 0, 0, 0, 0, 0, 0, 0, 0, 0, 0, 0, 0, 0, 0, 0, 0, 0, 0, 0, 1]]
[[0, 1, 1, 0, 1, 1, -1, -1, 1, 0, 0, 1, -2, 2, 1, 1, -2, -1, -1, 1, -1, 1], [0, 1, 0, 0, 1, 0, -1, -1, 0, 0, 0, 0, -1, 1, 0, 0, -1, -1, -1, 0, 0, 1], [0, 0, 1, 1, 1, 0, -1, -1, 0, 1, 0, 0, -1, 1, 0, 0, -1, -1, -1, 0, 0, 1], [0, 0, 0, -1, -1, 0, 1, 2, 1, -1, 1, -1, 0, -1, -1, 1, 0, 0, 1, -1, 0, 0], [1, -1, -1, 0, -2, -1, 3, 3, -1, 0, 0, -1, 4, -4, -1, -1, 4, 3, 3, -1, 1, -3], [1, -1, -1, 0, -2, 0, 2, 2, -1, 0, 0, -1, 3, -3, -1, -1, 3, 2, 2, -1, 1, -2], [0, 0, 0, -1, -1, 0, 2, 1, 0, -1, 0, 0, 1, -1, 0, 0, 1, 1, 1, 0, 0, -1], [0, 0, 0, -1, -1, 0, 1, 2, 0, -1, 0, 0, 1, -1, 0, 0, 1, 1, 1, 0, 0, -1], [1, -1, -1, 1, -1, -1, 1, 0, -1, 0, -1, 0, 3, -2, 0, -2, 3, 2, 1, 0, 1, -2], [0, 0, 0, 0, 1, 0, -1, -2, -1, 0, -1, 1, 0, 1, 1, -1, 0, 0, -1, 1, 0, 0], [0, 0, 0, 1, 0, 0, 0, -1, -1, 0, 0, 1, 1, 0, 1, -1, 1, 1, 0, 1, 0, -1], [1, -1, -1, 1, -2, -1, 2, 1, -2, 0, -1, 1, 4, -3, 0, -2, 4, 3, 2, 0, 1, -3], [0, 0, 0, 0, 0, 0, 0, -1, -1, -1, -1, 1, 2, 0, 1, -1, 1, 1, 0, 1, 0, -1], [-1, 1, 1, -1, 1, 1, -1, 0, 2, 0, 1, 0, -3, 3, 0, 2, -3, -2, -1, 0, -1, 2], [-1, 1, 1, -1, 1, 1, -1, -1, 1, -1, 0, 1, -2, 2, 2, 1, -2, -1, -1, 1, -1, 1], [-1, 1, 1, 0, 2, 1, -2, -1, 2, 1, 1, 0, -4, 3, 0, 3, -4, -3, -2, 0, -1, 3], [0, 0, 0, 1, 1, 0, -1, -1, 0, 1, 0, 0, -1, 1, 0, 0, 0, -1, -1, 0, 0, 1], [0, 0, 0, 0, 0, 0, 0, 1, 1, 1, 1, -1, -1, 0, -1, 1, -1, 0, 0, -1, 0, 1], [0, 0, 0, 0, 1, 0, -1, -1, 0, 0, 0, 0, -1, 1, 0, 0, -1, -1, 0, 0, 0, 1], [0, 0, 0, 0, 1, 0, -1, -1, 0, 0, 0, 0, -1, 1, 0, 0, -1, -1, -1, 1, 0, 1], [-1, 1, 1, 0, 0, 1, 0, 1, 2, 1, 1, 0, -2, 1, 0, 2, -2, -1, 0, 0, 0, 1], [0, 0, 0, 0, 0, 0, 0, -1, -1, -1, -1, 1, 1, 0, 1, -1, 1, 1, 0, 1, 0, 0]]
[[1, 0, 0, 0, 0, 0, 0, 0, 0, 0, 0, 0, 0, 0, 0, 0, 0, 0, 0, 0, 0, 0], [0, 1, 0, 0, 0, 0, 0, 0, 0, 0, 0, 0, 0, 0, 0, 0, 0, 0, 0, 0, 0, 0], [0, 0, 1, 0, 0, 0, 0, 0, 0, 0, 0, 0, 0, 0, 0, 0, 0, 0, 0, 0, 0, 0], [0, 0, 0, 1, 0, 0, 0, 0, 0, 0, 0, 0, 0, 0, 0, 0, 0, 0, 0, 0, 0, 0], [0, 0, 0, 0, 1, 0, 0, 0, 0, 0, 0, 0, 0, 0, 0, 0, 0, 0, 0, 0, 0, 0], [0, 0, 0, 0, 0, 1, 0, 0, 0, 0, 0, 0, 0, 0, 0, 0, 0, 0, 0, 0, 0, 0], [0, 0, 0, 0, 0, 0, 1, 0, 0, 0, 0, 0, 0, 0, 0, 0, 0, 0, 0, 0, 0, 0], [0, 0, 0, 0, 0, 0, 0, 1, 0, 0, 0, 0, 0, 0, 0, 0, 0, 0, 0, 0, 0, 0], [0, 0, 0, 0, 0, 0, 0, 0, 1, 0, 0, 0, 0, 0, 0, 0, 0, 0, 0, 0, 0, 0], [0, 0, 0, 0, 0, 0, 0, 0, 0, 1, 0, 0, 0, 0, 0, 0, 0, 0, 0, 0, 0, 0], [0, 0, 0, 0, 0, 0, 0, 0, 0, 0, 1, 0, 0, 0, 0, 0, 0, 0, 0, 0, 0, 0], [0, 0, 0, 0, 0, 0, 0, 0, 0, 0, 0, 1, 0, 0, 0, 0, 0, 0, 0, 0, 0, 0], [0, 0, 0, 0, 0, 0, 0, 0, 0, 0, 0, 0, 1, 0, 0, 0, 0, 0, 0, 0, 0, 0], [0, 0, 0, 0, 0, 0, 0, 0, 0, 0, 0, 0, 0, 1, 0, 0, 0, 0, 0, 0, 0, 0], [0, 0, 0, 0, 0, 0, 0, 0, 0, 0, 0, 0, 0, 0, 1, 0, 0, 0, 0, 0, 0, 0], [0, 0, 0, 0, 0, 0, 0, 0, 0, 0, 0, 0, 0, 0, 0, 1, 0, 0, 0, 0, 0, 0], [0, 0, 0, 0, 0, 0, 0, 0, 0, 0, 0, 0, 0, 0, 0, 0, 1, 0, 0, 0, 0, 0], [0, 0, 0, 0, 0, 0, 0, 0, 0, 0, 0, 0, 0, 0, 0, 0, 0, 1, 0, 0, 0, 0], [0, 0, 0, 0, 0, 0, 0, 0, 0, 0, 0, 0, 0, 0, 0, 0, 0, 0, 1, 0, 0, 0], [0, 0, 0, 0, 0, 0, 0, 0, 0, 0, 0, 0, 0, 0, 0, 0, 0, 0, 0, 1, 0, 0], [0, 0, 0, 0, 0, 0, 0, 0, 0, 0, 0, 0, 0, 0, 0, 0, 0, 0, 0, 0, 1, 0], [0, 0, 0, 0, 0, 0, 0, 0, 0, 0, 0, 0, 0, 0, 0, 0, 0, 0, 0, 0, 0, 1]]
[[0, 0, 1, 0, 1, 1, 0, -1, 0, 0, 0, 0, -1, 1, 1, 1, -1, -1, -1, 1, -1, 1], [-1, 0, 0, -1, 0, 0, 1, -1, 0, 0, 0, 0, -1, 1, 1, 0, -1, 0, -1, 1, -1, 0], [-1, -2, 0, -2, -1, -1, 2, -1, 0, 0, 0, 0, -1, 1, 1, -1, -1, 1, -1, 1, -1, -1], [1, 1, 0, 2, 0, 0, -1, 1, 0, 0, 0, 0, 1, -1, -1, 0, 1, 0, 1, -1, 1, 0], [1, 0, -1, 0, 0, -1, 0, 1, 0, 0, 0, 0, 1, -1, -1, -1, 1, 1, 1, -1, 1, -1], [1, 0, -1, 0, -1, 0, 0, 1, 0, 0, 0, 0, 1, -1, -1, -1, 1, 1, 1, -1, 1, -1], [1, 1, 0, 1, 0, 0, 0, 1, 0, 0, 0, 0, 1, -1, -1, 0, 1, 0, 1, -1, 1, 0], [0, 0, 0, 0, 0, 0, 0, 0, -1, -1, -1, 1, 1, 0, 1, -1, 1, 1, 1, 0, 0, 0], [0, 0, 0, 0, 0, 0, 0, 0, 1, 0, 0, 0, 0, 0, 0, 0, 0, 0, 0, 0, 0, 0], [0, 0, 0, 0, 0, 0, 0, 0, 0, 1, 0, 0, 0, 0, 0, 0, 0, 0, 0, 0, 0, 0], [0, 0, 0, 0, 0, 0, 0, 0, 0, 0, 1, 0, 0, 0, 0, 0, 0, 0, 0, 0, 0, 0], [0, 0, 0, 0, 0, 0, 0, 0, 0, 0, 0, 1, 0, 0, 0, 0, 0, 0, 0, 0, 0, 0], [0, 0, 0, 0, 0, 0, 0, 0, 0, 0, 0, 0, 1, 0, 0, 0, 0, 0, 0, 0, 0, 0], [0, 1, 1, 1, 1, 1, -1, 0, 0, 0, 0, 0, 0, 1, 0, 1, 0, -1, 0, 0, 0, 1], [0, 1, 1, 2, 1, 1, -2, 0, 0, 0, 0, 0, 0, 0, 0, 1, 0, -2, 0, 0, 1, 2], [0, 1, 1, 2, 1, 1, -2, 0, 0, 0, 0, 0, 0, 0, -1, 2, 0, -2, 0, 0, 1, 2], [0, 0, 0, 0, 0, 0, 0, 0, 0, 0, 0, 0, 0, 0, 0, 0, 1, 0, 0, 0, 0, 0], [0, 0, 0, 0, 0, 0, 0, 0, 0, 0, 0, 0, 0, 0, 0, 0, 0, 1, 0, 0, 0, 0], [0, 0, 0, 0, 0, 0, 0, 1, 1, 1, 1, -1, -1, 0, -1, 1, -1, -1, 0, 0, 0, 0], [0, 0, 0, -1, 0, 0, 1, 0, 0, 0, 0, 0, 0, 0, 1, 0, 0, 1, 0, 1, -1, -1], [0, 1, 1, 1, 1, 1, -1, 0, 0, 0, 0, 0, 0, 0, 0, 1, 0, -1, 0, 0, 1, 1], [0, 0, 0, -1, 0, 0, 1, 0, 0, 0, 0, 0, 0, 0, 1, 0, 0, 1, 0, 0, -1, 0]]
[[1, 0, 0, 0, 0, 0, 0, 0, 0, 0, 0, 0, 0, 0, 0, 0, 0, 0, 0, 0, 0, 0], [0, 1, 0, 0, 0, 0, 0, 0, 0, 0, 0, 0, 0, 0, 0, 0, 0, 0, 0, 0, 0, 0], [0, 0, 1, 0, 0, 0, 0, 0, 0, 0, 0, 0, 0, 0, 0, 0, 0, 0, 0, 0, 0, 0], [0, 0, 0, 1, 0, 0, 0, 0, 0, 0, 0, 0, 0, 0, 0, 0, 0, 0, 0, 0, 0, 0], [0, 0, 0, 0, 1, 0, 0, 0, 0, 0, 0, 0, 0, 0, 0, 0, 0, 0, 0, 0, 0, 0], [0, 0, 0, 0, 0, 1, 0, 0, 0, 0, 0, 0, 0, 0, 0, 0, 0, 0, 0, 0, 0, 0], [0, 0, 0, 0, 0, 0, 1, 0, 0, 0, 0, 0, 0, 0, 0, 0, 0, 0, 0, 0, 0, 0], [0, 0, 0, 0, 0, 0, 0, 1, 0, 0, 0, 0, 0, 0, 0, 0, 0, 0, 0, 0, 0, 0], [0, 0, 0, 0, 0, 0, 0, 0, 1, 0, 0, 0, 0, 0, 0, 0, 0, 0, 0, 0, 0, 0], [0, 0, 0, 0, 0, 0, 0, 0, 0, 1, 0, 0, 0, 0, 0, 0, 0, 0, 0, 0, 0, 0], [0, 0, 0, 0, 0, 0, 0, 0, 0, 0, 1, 0, 0, 0, 0, 0, 0, 0, 0, 0, 0, 0], [0, 0, 0, 0, 0, 0, 0, 0, 0, 0, 0, 1, 0, 0, 0, 0, 0, 0, 0, 0, 0, 0], [0, 0, 0, 0, 0, 0, 0, 0, 0, 0, 0, 0, 1, 0, 0, 0, 0, 0, 0, 0, 0, 0], [0, 0, 0, 0, 0, 0, 0, 0, 0, 0, 0, 0, 0, 1, 0, 0, 0, 0, 0, 0, 0, 0], [0, 0, 0, 0, 0, 0, 0, 0, 0, 0, 0, 0, 0, 0, 1, 0, 0, 0, 0, 0, 0, 0], [0, 0, 0, 0, 0, 0, 0, 0, 0, 0, 0, 0, 0, 0, 0, 1, 0, 0, 0, 0, 0, 0], [0, 0, 0, 0, 0, 0, 0, 0, 0, 0, 0, 0, 0, 0, 0, 0, 1, 0, 0, 0, 0, 0], [0, 0, 0, 0, 0, 0, 0, 0, 0, 0, 0, 0, 0, 0, 0, 0, 0, 1, 0, 0, 0, 0], [0, 0, 0, 0, 0, 0, 0, 0, 0, 0, 0, 0, 0, 0, 0, 0, 0, 0, 1, 0, 0, 0], [0, 0, 0, 0, 0, 0, 0, 0, 0, 0, 0, 0, 0, 0, 0, 0, 0, 0, 0, 1, 0, 0], [0, 0, 0, 0, 0, 0, 0, 0, 0, 0, 0, 0, 0, 0, 0, 0, 0, 0, 0, 0, 1, 0], [0, 0, 0, 0, 0, 0, 0, 0, 0, 0, 0, 0, 0, 0, 0, 0, 0, 0, 0, 0, 0, 1]]
[[1, 0, -1, -1, 0, -1, 1, 0, -1, 0, -1, 0, 1, -1, 0, -1, 1, 1, 0, 0, 0, -1], [0, 1, 1, 1, 0, 1, -1, 0, 1, 0, 1, 0, -1, 1, 0, 1, -1, -1, 0, 0, 0, 1], [0, 0, 1, 0, 0, 0, 0, 0, 0, 0, 0, 0, 0, 0, 0, 0, 0, 0, 0, 0, 0, 0], [0, 0, -1, 0, 0, -1, 1, 0, -1, 0, -1, 0, 1, -1, 0, -1, 1, 1, 0, 0, 0, -1], [0, 0, 0, 0, 1, 0, 0, 0, 0, 0, 0, 0, 0, 0, 0, 0, 0, 0, 0, 0, 0, 0], [0, 0, -1, -1, 0, 0, 1, 0, -1, 0, -1, 0, 1, -1, 0, -1, 1, 1, 0, 0, 0, -1], [0, 0, -1, -1, 0, -1, 2, 0, -1, 0, -1, 0, 1, -1, 0, -1, 1, 1, 0, 0, 0, -1], [0, 0, -1, -1, 0, -1, 1, 1, -1, 0, -1, 0, 1, -1, 0, -1, 1, 1, 0, 0, 0, -1], [0, 0, 0, 0, 0, 0, 0, 0, 1, 0, 0, 0, 0, 0, 0, 0, 0, 0, 0, 0, 0, 0], [0, 0, 1, 1, 0, 1, -1, 0, 1, 1, 1, 0, -1, 1, 0, 1, -1, -1, 0, 0, 0, 1], [0, 0, 0, -1, 0, 0, 1, 0, 0, 0, 0, 0, 0, 0, 1, -1, 1, 1, 0, 0, 0, 0], [0, 0, -1, -2, 0, -1, 2, 0, -1, 0, -2, 1, 1, -1, 1, -2, 2, 2, 0, 0, 0, -1], [0, 0, 0, -1, 0, 0, 1, 0, 0, 0, -1, 0, 1, 0, 1, -1, 1, 1, 0, 0, 0, 0], [0, 0, 0, 1, 0, 0, -1, 0, 0, 0, 1, 0, 0, 1, -1, 1, -1, -1, 0, 0, 0, 0], [0, 0, -1, -1, 0, -1, 1, 0, -1, 0, -1, 0, 1, -1, 1, -1, 1, 1, 0, 0, 0, -1], [0, 0, 0, 1, 0, 0, -1, 0, 0, 0, 1, 0, 0, 0, -1, 2, -1, -1, 0, 0, 0, 0], [0, 0, 1, 2, 0, 1, -2, 0, 1, 0, 2, 0, -1, 1, -1, 2, -1, -2, 0, 0, 0, 1], [0, 0, 0, 1, 0, 0, -1, 0, 0, 0, 1, 0, 0, 0, -1, 1, -1, 0, 0, 0, 0, 0], [0, 0, 1, 1, 0, 1, -1, 0, 1, 0, 1, 0, -1, 1, 0, 1, -1, -1, 1, 0, 0, 1], [0, 0, 1, 1, 0, 1, -1, 0, 1, 0, 1, 0, -1, 1, 0, 1, -1, -1, 0, 1, 0, 1], [0, 0, -1, 0, 0, -1, 0, 0, -1, 0, 0, 0, 1, -1, -1, 0, 0, 0, 0, 0, 1, -1], [0, 0, 0, 0, 0, 0, 0, 0, 0, 0, 0, 0, 0, 0, 0, 0, 0, 0, 0, 0, 0, 1]]
[[0, 1, 1, -1, 1, 1, 0, -1, 0, 0, 0, 1, -1, 2, 1, 1, -2, 0, -1, 1, -1, 1], [0, 1, 0, 0, 0, 0, 0, 0, 0, 0, 0, 0, 0, 0, 0, 0, 0, 0, 0, 0, 0, 0], [0, 0, 1, 0, 0, 0, 0, 0, 0, 0, 0, 0, 0, 0, 0, 0, 0, 0, 0, 0, 0, 0], [-1, 0, 1, -2, 2, 1, -1, -2, 1, -1, 0, 0, -3, 4, 2, 1, -4, -2, -3, 2, -2, 2], [1, -1, -1, 1, 0, -1, 0, 1, 0, 0, 0, -1, 1, -2, -1, -1, 2, 0, 1, -1, 1, -1], [0, -1, 0, 0, 0, 0, 0, 1, 1, 0, 1, -1, -1, 0, 0, 0, 0, -1, 0, 0, 0, 0], [-1, 0, 1, -3, 2, 1, 0, -2, 1, -1, 0, 0, -3, 4, 2, 1, -4, -2, -3, 2, -2, 2], [0, 0, 0, -1, 1, 1, -1, -1, 0, 0, 0, 0, -2, 2, 1, 0, -2, -1, -2, 1, -1, 1], [1, 0, -1, 3, -2, -1, 1, 2, 0, 1, 0, 0, 3, -4, -2, -1, 4, 2, 3, -2, 2, -2], [1, 0, -1, 2, -2, -1, 1, 2, -1, 1, -1, 0, 4, -4, -2, -1, 4, 2, 3, -2, 2, -2], [1, 0, -1, 2, -2, -1, 1, 2, -1, 0, 0, 0, 4, -4, -2, -1, 4, 2, 3, -2, 2, -2], [0, 0, 0, 0, 0, 0, 0, 0, 0, 0, 0, 1, 0, 0, 0, 0, 0, 0, 0, 0, 0, 0], [1, 0, -1, 3, -2, -1, 1, 2, -1, 1, 0, 0, 4, -4, -2, -1, 4, 2, 3, -2, 2, -2], [0, 0, 0, 0, 0, 0, 0, 0, 0, 0, 0, 0, 0, 1, 0, 0, 0, 0, 0, 0, 0, 0], [-1, 1, 1, -2, 2, 2, -1, -3, 0, 0, 0, 1, -3, 4, 3, 1, -4, -1, -3, 2, -2, 2], [0, 0, 0, -1, 1, 1, -1, -2, 0, 0, 0, 0, -2, 2, 1, 1, -2, -1, -2, 1, -1, 1], [1, 0, -1, 2, -2, -1, 1, 2, -1, 0, -1, 0, 4, -4, -2, -1, 5, 2, 3, -2, 2, -2], [1, -1, -1, 1, -1, -1, 0, 1, 0, 0, 0, -1, 1, -2, -1, -1, 2, 1, 1, -1, 1, -1], [0, 0, 0, 0, 0, 0, 0, 0, 0, 0, 0, 0, 0, 0, 0, 0, 0, 0, 1, 0, 0, 0], [1, 0, -1, 2, -2, -1, 1, 2, -1, 0, -1, 0, 4, -4, -2, -1, 4, 2, 3, -1, 2, -2], [-1, 0, 1, -2, 2, 1, -1, -2, 1, 0, 1, 0, -4, 4, 2, 1, -4, -2, -3, 2, -1, 2], [1, 0, -1, 2, -2, -1, 1, 2, -1, 0, -1, 0, 4, -4, -2, -1, 4, 2, 3, -2, 2, -1]]
[[1, 0, 0, 0, 0, 0, 0, 0, 0, 0, 0, 0, 0, 0, 0, 0, 0, 0, 0, 0, 0, 0], [0, 1, 0, 0, 0, 0, 0, 0, 0, 0, 0, 0, 0, 0, 0, 0, 0, 0, 0, 0, 0, 0], [0, 0, 1, 0, 0, 0, 0, 0, 0, 0, 0, 0, 0, 0, 0, 0, 0, 0, 0, 0, 0, 0], [0, 0, 0, 1, 0, 0, 0, 0, 0, 0, 0, 0, 0, 0, 0, 0, 0, 0, 0, 0, 0, 0], [0, 0, 0, 0, 1, 0, 0, 0, 0, 0, 0, 0, 0, 0, 0, 0, 0, 0, 0, 0, 0, 0], [0, 0, 0, 0, 0, 1, 0, 0, 0, 0, 0, 0, 0, 0, 0, 0, 0, 0, 0, 0, 0, 0], [0, 0, 0, 0, 0, 0, 1, 0, 0, 0, 0, 0, 0, 0, 0, 0, 0, 0, 0, 0, 0, 0], [0, 0, 0, 0, 0, 0, 0, 1, 0, 0, 0, 0, 0, 0, 0, 0, 0, 0, 0, 0, 0, 0], [0, 0, 0, 0, 0, 0, 0, 0, 1, 0, 0, 0, 0, 0, 0, 0, 0, 0, 0, 0, 0, 0], [0, 0, 0, 0, 0, 0, 0, 0, 0, 1, 0, 0, 0, 0, 0, 0, 0, 0, 0, 0, 0, 0], [0, 0, 0, 0, 0, 0, 0, 0, 0, 0, 1, 0, 0, 0, 0, 0, 0, 0, 0, 0, 0, 0], [0, 0, 0, 0, 0, 0, 0, 0, 0, 0, 0, 1, 0, 0, 0, 0, 0, 0, 0, 0, 0, 0], [0, 0, 0, 0, 0, 0, 0, 0, 0, 0, 0, 0, 1, 0, 0, 0, 0, 0, 0, 0, 0, 0], [0, 0, 0, 0, 0, 0, 0, 0, 0, 0, 0, 0, 0, 1, 0, 0, 0, 0, 0, 0, 0, 0], [0, 0, 0, 0, 0, 0, 0, 0, 0, 0, 0, 0, 0, 0, 1, 0, 0, 0, 0, 0, 0, 0], [0, 0, 0, 0, 0, 0, 0, 0, 0, 0, 0, 0, 0, 0, 0, 1, 0, 0, 0, 0, 0, 0], [0, 0, 0, 0, 0, 0, 0, 0, 0, 0, 0, 0, 0, 0, 0, 0, 1, 0, 0, 0, 0, 0], [0, 0, 0, 0, 0, 0, 0, 0, 0, 0, 0, 0, 0, 0, 0, 0, 0, 1, 0, 0, 0, 0], [0, 0, 0, 0, 0, 0, 0, 0, 0, 0, 0, 0, 0, 0, 0, 0, 0, 0, 1, 0, 0, 0], [0, 0, 0, 0, 0, 0, 0, 0, 0, 0, 0, 0, 0, 0, 0, 0, 0, 0, 0, 1, 0, 0], [0, 0, 0, 0, 0, 0, 0, 0, 0, 0, 0, 0, 0, 0, 0, 0, 0, 0, 0, 0, 1, 0], [0, 0, 0, 0, 0, 0, 0, 0, 0, 0, 0, 0, 0, 0, 0, 0, 0, 0, 0, 0, 0, 1]]
[[1, 0, 0, 0, 0, 0, 0, 0, 0, 0, 0, 0, 0, 0, 0, 0, 0, 0, 0, 0, 0, 0], [0, 1, 0, 0, 0, 0, 0, 0, 0, 0, 0, 0, 0, 0, 0, 0, 0, 0, 0, 0, 0, 0], [0, -1, 0, -1, 0, -1, 1, -1, 0, 0, 0, -1, -1, 0, 0, 0, -1, 0, -1, 0, -1, 0], [0, 0, 0, 1, 0, 0, 0, 0, 0, 0, 0, 0, 0, 0, 0, 0, 0, 0, 0, 0, 0, 0], [0, 0, 0, 0, 1, 0, 0, 0, 0, 0, 0, 0, 0, 0, 0, 0, 0, 0, 0, 0, 0, 0], [0, -1, -1, -1, 0, 0, 1, -1, 0, 0, 0, -1, -1, 0, 0, 0, -1, 0, -1, 0, -1, 0], [0, 0, 0, 0, 0, 0, 1, 0, 0, 0, 0, 0, 0, 0, 0, 0, 0, 0, 0, 0, 0, 0], [0, -1, -1, -2, 0, -1, 2, -1, 0, -1, -1, -1, -1, 0, 1, 0, -1, 1, -1, 0, -2, 0], [0, 1, 1, 2, 0, 1, -2, 2, 1, 1, 1, 1, 1, 0, -1, 0, 1, -1, 1, 0, 2, 0], [0, 1, 1, 1, 0, 1, -1, 1, 0, 1, 0, 1, 1, 0, 0, 0, 1, 0, 1, 0, 1, 0], [0, 1, 1, 1, 0, 1, -1, 1, 0, 0, 1, 1, 1, 0, 0, 0, 1, 0, 1, 0, 1, 0], [0, 0, 0, 0, 0, 0, 0, 0, 0, 0, 0, 1, 0, 0, 0, 0, 0, 0, 0, 0, 0, 0], [0, 1, 1, 1, 0, 1, -1, 1, 0, 0, 0, 1, 2, 0, 0, 0, 1, 0, 1, 0, 1, 0], [0, 0, 0, 0, 0, 0, 0, 0, 0, 0, 0, 0, 0, 1, 0, 0, 0, 0, 0, 0, 0, 0], [0, 0, 0, 0, 0, 0, 0, 0, 0, 0, 0, 0, 0, 0, 1, 0, 0, 0, 0, 0, 0, 0], [0, 0, 0, 1, 0, 0, -1, 1, 0, 1, 1, 0, 0, 0, -1, 1, 0, -1, 0, 0, 1, 0], [0, 1, 1, 2, 0, 1, -2, 2, 0, 1, 1, 1, 1, 0, -1, 0, 2, -1, 1, 0, 2, 0], [0, 0, 0, 1, 0, 0, -1, 1, 0, 1, 1, 0, 0, 0, -1, 0, 0, 0, 0, 0, 1, 0], [0, 0, 0, 0, 0, 0, 0, 0, 0, 0, 0, 0, 0, 0, 0, 0, 0, 0, 1, 0, 0, 0], [0, 1, 1, 1, 0, 1, -1, 1, 0, 0, 0, 1, 1, 0, 0, 0, 1, 0, 1, 1, 1, 0], [0, -1, -1, -1, 0, -1, 1, -1, 0, 0, 0, -1, -1, 0, 0, 0, -1, 0, -1, 0, 0, 0], [0, 1, 1, 1, 0, 1, -1, 1, 0, 0, 0, 1, 1, 0, 0, 0, 1, 0, 1, 0, 1, 1]]
[[1, 0, 0, 0, 0, 0, 0, 0, 0, 0, 0, 0, 0, 0, 0, 0, 0, 0, 0, 0, 0, 0], [0, 1, 0, 0, 0, 0, 0, 0, 0, 0, 0, 0, 0, 0, 0, 0, 0, 0, 0, 0, 0, 0], [0, 0, 1, 0, 0, 0, 0, 0, 0, 0, 0, 0, 0, 0, 0, 0, 0, 0, 0, 0, 0, 0], [0, 0, 0, 1, 0, 0, 0, 0, 0, 0, 0, 0, 0, 0, 0, 0, 0, 0, 0, 0, 0, 0], [0, 0, 0, 0, 1, 0, 0, 0, 0, 0, 0, 0, 0, 0, 0, 0, 0, 0, 0, 0, 0, 0], [0, 0, 0, 0, 0, 1, 0, 0, 0, 0, 0, 0, 0, 0, 0, 0, 0, 0, 0, 0, 0, 0], [0, 0, 0, 0, 0, 0, 1, 0, 0, 0, 0, 0, 0, 0, 0, 0, 0, 0, 0, 0, 0, 0], [0, 0, 0, 0, 0, 0, 0, 1, 0, 0, 0, 0, 0, 0, 0, 0, 0, 0, 0, 0, 0, 0], [0, 0, 0, 0, 0, 0, 0, 0, 1, 0, 0, 0, 0, 0, 0, 0, 0, 0, 0, 0, 0, 0], [0, 0, 0, 0, 0, 0, 0, 0, 0, 1, 0, 0, 0, 0, 0, 0, 0, 0, 0, 0, 0, 0], [0, 0, 0, 0, 0, 0, 0, 0, 0, 0, 1, 0, 0, 0, 0, 0, 0, 0, 0, 0, 0, 0], [0, 0, 0, 0, 0, 0, 0, 0, 0, 0, 0, 1, 0, 0, 0, 0, 0, 0, 0, 0, 0, 0], [0, 0, 0, 0, 0, 0, 0, 0, 0, 0, 0, 0, 1, 0, 0, 0, 0, 0, 0, 0, 0, 0], [0, 0, 0, 0, 0, 0, 0, 0, 0, 0, 0, 0, 0, 1, 0, 0, 0, 0, 0, 0, 0, 0], [0, 0, 0, 0, 0, 0, 0, 0, 0, 0, 0, 0, 0, 0, 1, 0, 0, 0, 0, 0, 0, 0], [0, 0, 0, 0, 0, 0, 0, 0, 0, 0, 0, 0, 0, 0, 0, 1, 0, 0, 0, 0, 0, 0], [0, 0, 0, 0, 0, 0, 0, 0, 0, 0, 0, 0, 0, 0, 0, 0, 1, 0, 0, 0, 0, 0], [0, 0, 0, 0, 0, 0, 0, 0, 0, 0, 0, 0, 0, 0, 0, 0, 0, 1, 0, 0, 0, 0], [0, 0, 0, 0, 0, 0, 0, 0, 0, 0, 0, 0, 0, 0, 0, 0, 0, 0, 1, 0, 0, 0], [0, 0, 0, 0, 0, 0, 0, 0, 0, 0, 0, 0, 0, 0, 0, 0, 0, 0, 0, 1, 0, 0], [0, 0, 0, 0, 0, 0, 0, 0, 0, 0, 0, 0, 0, 0, 0, 0, 0, 0, 0, 0, 1, 0], [0, 0, 0, 0, 0, 0, 0, 0, 0, 0, 0, 0, 0, 0, 0, 0, 0, 0, 0, 0, 0, 1]]
[[1, 0, 0, 0, 0, 0, 0, 0, 0, 0, 0, 0, 0, 0, 0, 0, 0, 0, 0, 0, 0, 0], [0, 1, 0, 1, 0, -1, 0, 1, 0, 0, 0, 0, 1, -1, -1, 0, 1, 0, 1, -1, 1, 0], [0, 0, 1, 1, 0, -1, 0, 1, 0, 0, -1, 0, 2, -1, -1, 0, 1, 0, 1, -1, 1, 0], [0, 0, 0, -1, 0, 2, 0, -2, 0, 0, 1, 0, -3, 2, 2, 0, -2, 0, -2, 2, -2, 0], [0, 0, 0, -2, 1, 2, 0, -2, 0, 0, 0, 0, -2, 2, 2, 0, -2, 0, -2, 2, -2, 0], [-1, 0, 1, -2, 1, 2, 0, -2, 0, -1, 0, 1, -2, 3, 3, 0, -2, 0, -2, 3, -2, 0], [-1, 0, 1, -3, 1, 2, 1, -3, 0, -1, 0, 1, -3, 4, 4, 0, -3, 0, -3, 4, -3, 0], [0, 0, 0, -2, 0, 2, 0, -1, 0, 0, 1, 0, -3, 2, 2, 0, -2, 0, -2, 2, -2, 0], [0, 0, 0, 0, 0, -1, 1, 1, 0, 0, 0, 0, 2, -1, -1, 0, 1, 1, 1, -1, 1, 0], [0, 0, 0, 2, 0, -2, 0, 2, 0, 1, 0, 0, 2, -2, -2, 0, 2, 0, 2, -2, 2, 0], [0, 0, 0, 1, 0, -1, 0, 1, 0, 0, 0, 0, 2, -1, -1, 0, 1, 0, 1, -1, 1, 0], [-1, 0, 1, -3, 1, 1, 1, -2, -1, -1, -1, 2, 0, 3, 3, 0, -2, 1, -2, 3, -2, 0], [0, 0, 0, 1, 0, -1, 0, 1, 0, 0, 1, 0, 1, -1, -1, 0, 1, 0, 1, -1, 1, 0], [1, 0, -1, 2, -1, 0, -1, 1, 1, 1, 1, -1, -1, -1, -2, 0, 1, -1, 1, -2, 1, 0], [0, 0, 0, -1, 0, 1, 0, -1, 0, 0, 1, 0, -2, 1, 2, 0, -1, 0, -1, 1, -1, 0], [1, 0, -1, 2, -1, 0, -1, 1, 1, 1, 0, -1, 0, -2, -2, 1, 1, -1, 1, -2, 1, 0], [1, 0, -1, 3, -1, -2, 0, 3, 0, 1, -1, -1, 4, -4, -4, 0, 4, 0, 3, -4, 3, 0], [1, 0, -1, 2, -1, 0, -1, 1, 1, 1, 0, -1, 0, -2, -2, 0, 1, 0, 1, -2, 1, 0], [0, 0, 0, 1, 0, -1, 0, 1, 0, 0, 0, 0, 1, -1, -1, 0, 1, 0, 2, -1, 1, 0], [1, 0, -1, 3, -1, -2, 0, 3, 0, 1, 0, -1, 3, -4, -4, 0, 3, 0, 3, -3, 3, 0], [0, 0, 0, -1, 0, 2, -1, -2, 1, 0, 0, 0, -3, 2, 2, 0, -2, -1, -2, 2, -1, 0], [0, 0, 0, 1, 0, -1, 0, 1, 0, 0, 0, 0, 1, -1, -1, 0, 1, 0, 1, -1, 1, 1]]
[[1, 0, 0, 0, 0, 0, 0, 0, 0, 0, 0, 0, 0, 0, 0, 0, 0, 0, 0, 0, 0, 0], [0, 1, 0, 0, 0, 0, 0, 0, 0, 0, 0, 0, 0, 0, 0, 0, 0, 0, 0, 0, 0, 0], [0, 0, 1, 0, 0, 0, 0, 0, 0, 0, 0, 0, 0, 0, 0, 0, 0, 0, 0, 0, 0, 0], [0, 0, 0, 1, 0, 0, 0, 0, 0, 0, 0, 0, 0, 0, 0, 0, 0, 0, 0, 0, 0, 0], [0, 0, 0, 0, 1, 0, 0, 0, 0, 0, 0, 0, 0, 0, 0, 0, 0, 0, 0, 0, 0, 0], [0, 0, 0, 0, 0, 1, 0, 0, 0, 0, 0, 0, 0, 0, 0, 0, 0, 0, 0, 0, 0, 0], [0, 0, 0, 0, 0, 0, 1, 0, 0, 0, 0, 0, 0, 0, 0, 0, 0, 0, 0, 0, 0, 0], [0, 0, 0, 0, 0, 0, 0, 1, 0, 0, 0, 0, 0, 0, 0, 0, 0, 0, 0, 0, 0, 0], [0, 0, 0, 0, 0, 0, 0, 0, 1, 0, 0, 0, 0, 0, 0, 0, 0, 0, 0, 0, 0, 0], [0, 0, 0, 0, 0, 0, 0, 0, 0, 1, 0, 0, 0, 0, 0, 0, 0, 0, 0, 0, 0, 0], [0, 0, 0, 0, 0, 0, 0, 0, 0, 0, 1, 0, 0, 0, 0, 0, 0, 0, 0, 0, 0, 0], [0, 0, 0, 0, 0, 0, 0, 0, 0, 0, 0, 1, 0, 0, 0, 0, 0, 0, 0, 0, 0, 0], [0, 0, 0, 0, 0, 0, 0, 0, 0, 0, 0, 0, 1, 0, 0, 0, 0, 0, 0, 0, 0, 0], [0, 0, 0, 0, 0, 0, 0, 0, 0, 0, 0, 0, 0, 1, 0, 0, 0, 0, 0, 0, 0, 0], [0, 0, 0, 0, 0, 0, 0, 0, 0, 0, 0, 0, 0, 0, 1, 0, 0, 0, 0, 0, 0, 0], [0, 0, 0, 0, 0, 0, 0, 0, 0, 0, 0, 0, 0, 0, 0, 1, 0, 0, 0, 0, 0, 0], [0, 0, 0, 0, 0, 0, 0, 0, 0, 0, 0, 0, 0, 0, 0, 0, 1, 0, 0, 0, 0, 0], [0, 0, 0, 0, 0, 0, 0, 0, 0, 0, 0, 0, 0, 0, 0, 0, 0, 1, 0, 0, 0, 0], [0, 0, 0, 0, 0, 0, 0, 0, 0, 0, 0, 0, 0, 0, 0, 0, 0, 0, 1, 0, 0, 0], [0, 0, 0, 0, 0, 0, 0, 0, 0, 0, 0, 0, 0, 0, 0, 0, 0, 0, 0, 1, 0, 0], [0, 0, 0, 0, 0, 0, 0, 0, 0, 0, 0, 0, 0, 0, 0, 0, 0, 0, 0, 0, 1, 0], [0, 0, 0, 0, 0, 0, 0, 0, 0, 0, 0, 0, 0, 0, 0, 0, 0, 0, 0, 0, 0, 1]]
[[1, 0, 0, 0, 0, 0, 0, 0, 0, 0, 0, 0, 0, 0, 0, 0, 0, 0, 0, 0, 0, 0], [0, 1, 0, 0, 0, 0, 0, 0, 0, 0, 0, 0, 0, 0, 0, 0, 0, 0, 0, 0, 0, 0], [0, 0, 1, 0, 0, 0, 0, 0, 0, 0, 0, 0, 0, 0, 0, 0, 0, 0, 0, 0, 0, 0], [0, 0, 0, 1, 0, 0, 0, 0, 0, 0, 0, 0, 0, 0, 0, 0, 0, 0, 0, 0, 0, 0], [0, 0, 0, 0, 1, 0, 0, 0, 0, 0, 0, 0, 0, 0, 0, 0, 0, 0, 0, 0, 0, 0], [0, 0, 0, 0, 0, 1, 0, 0, 0, 0, 0, 0, 0, 0, 0, 0, 0, 0, 0, 0, 0, 0], [0, 0, 0, 0, 0, 0, 1, 0, 0, 0, 0, 0, 0, 0, 0, 0, 0, 0, 0, 0, 0, 0], [0, 0, 0, 0, 0, 0, 0, 1, 0, 0, 0, 0, 0, 0, 0, 0, 0, 0, 0, 0, 0, 0], [0, 0, 0, 0, 0, 0, 0, 0, 1, 0, 0, 0, 0, 0, 0, 0, 0, 0, 0, 0, 0, 0], [0, 0, 0, 0, 0, 0, 0, 0, 0, 1, 0, 0, 0, 0, 0, 0, 0, 0, 0, 0, 0, 0], [0, 0, 0, 0, 0, 0, 0, 0, 0, 0, 1, 0, 0, 0, 0, 0, 0, 0, 0, 0, 0, 0], [0, 0, 0, 0, 0, 0, 0, 0, 0, 0, 0, 1, 0, 0, 0, 0, 0, 0, 0, 0, 0, 0], [0, 0, 0, 0, 0, 0, 0, 0, 0, 0, 0, 0, 1, 0, 0, 0, 0, 0, 0, 0, 0, 0], [0, 0, 0, 0, 0, 0, 0, 0, 0, 0, 0, 0, 0, 1, 0, 0, 0, 0, 0, 0, 0, 0], [0, 0, 0, 0, 0, 0, 0, 0, 0, 0, 0, 0, 0, 0, 1, 0, 0, 0, 0, 0, 0, 0], [0, 0, 0, 0, 0, 0, 0, 0, 0, 0, 0, 0, 0, 0, 0, 1, 0, 0, 0, 0, 0, 0], [0, 0, 0, 0, 0, 0, 0, 0, 0, 0, 0, 0, 0, 0, 0, 0, 1, 0, 0, 0, 0, 0], [0, 0, 0, 0, 0, 0, 0, 0, 0, 0, 0, 0, 0, 0, 0, 0, 0, 1, 0, 0, 0, 0], [0, 0, 0, 0, 0, 0, 0, 0, 0, 0, 0, 0, 0, 0, 0, 0, 0, 0, 1, 0, 0, 0], [0, 0, 0, 0, 0, 0, 0, 0, 0, 0, 0, 0, 0, 0, 0, 0, 0, 0, 0, 1, 0, 0], [0, 0, 0, 0, 0, 0, 0, 0, 0, 0, 0, 0, 0, 0, 0, 0, 0, 0, 0, 0, 1, 0], [0, 0, 0, 0, 0, 0, 0, 0, 0, 0, 0, 0, 0, 0, 0, 0, 0, 0, 0, 0, 0, 1]]
[[0, 0, 0, 0, -1, 0, 0, 1, 0, 0, 0, 1, 1, 0, 0, -1, 1, 1, 1, 0, 1, -1], [0, 1, 0, 0, 0, 0, 0, 0, 0, 0, 0, 0, 0, 0, 0, 0, 0, 0, 0, 0, 0, 0], [0, 0, 1, 0, 0, 0, 0, 0, 0, 0, 0, 0, 0, 0, 0, 0, 0, 0, 0, 0, 0, 0], [0, 0, 0, 1, 0, 0, 0, 0, 0, 0, 0, 0, 0, 0, 0, 0, 0, 0, 0, 0, 0, 0], [0, 0, 0, 0, 1, 0, 0, 0, 0, 0, 0, 0, 0, 0, 0, 0, 0, 0, 0, 0, 0, 0], [1, 0, 0, 0, 1, 1, 0, -1, 0, 0, 0, -1, -1, 0, 0, 1, -1, -1, -1, 0, -1, 1], [0, 0, 0, 0, 0, 0, 1, 0, 0, 0, 0, 0, 0, 0, 0, 0, 0, 0, 0, 0, 0, 0], [1, 0, 0, -1, 1, 0, 1, -1, 0, -1, -1, -1, -1, 0, 0, 2, -2, -1, -2, 1, -2, 1], [-1, 0, 0, 1, -1, 0, -1, 2, 1, 1, 1, 1, 1, 0, 0, -2, 2, 1, 2, -1, 2, -1], [-1, 0, 0, 0, -1, 0, 0, 1, 0, 1, 0, 1, 1, 0, 0, -1, 1, 1, 1, 0, 1, -1], [-1, 0, 0, 0, -1, 0, 0, 1, 0, 0, 1, 1, 1, 0, 0, -1, 1, 1, 1, 0, 1, -1], [0, 0, 0, 0, 0, 0, 0, 0, 0, 0, 0, 1, 0, 0, 0, 0, 0, 0, 0, 0, 0, 0], [-1, 0, 0, 0, -1, 0, 0, 1, 0, 0, 0, 1, 2, 0, 0, -1, 1, 1, 1, 0, 1, -1], [0, 0, 0, 0, 0, 0, 0, 0, 0, 0, 0, 0, 0, 1, 0, 0, 0, 0, 0, 0, 0, 0], [0, 0, 0, -1, 0, 0, 1, -1, 0, -1, -1, 0, 0, 0, 1, 1, -1, 0, -1, 1, -1, 0], [0, 0, 0, 1, 0, 0, -1, 1, 0, 1, 1, 0, 0, 0, 0, 0, 1, 0, 1, -1, 1, 0], [-1, 0, 0, 1, -1, 0, -1, 2, 0, 1, 1, 1, 1, 0, 0, -2, 3, 1, 2, -1, 2, -1], [0, 0, 0, 1, 0, 0, -1, 1, 0, 1, 1, 0, 0, 0, 0, -1, 1, 1, 1, -1, 1, 0], [0, 0, 0, 0, 0, 0, 0, 0, 0, 0, 0, 0, 0, 0, 0, 0, 0, 0, 1, 0, 0, 0], [-1, 0, 0, 1, -1, 0, -1, 2, 0, 1, 1, 1, 1, 0, 0, -2, 2, 1, 2, 0, 2, -1], [1, 0, 0, 0, 1, 0, 0, -1, 0, 0, 0, -1, -1, 0, 0, 1, -1, -1, -1, 0, 0, 1], [-1, 0, 0, 0, -1, 0, 0, 1, 0, 0, 0, 1, 1, 0, 0, -1, 1, 1, 1, 0, 1, 0]]
[[1, 0, 0, 0, 0, 0, 0, 0, 0, 0, 0, 0, 0, 0, 0, 0, 0, 0, 0, 0, 0, 0], [0, 1, 0, 0, 0, 0, 0, 0, 0, 0, 0, 0, 0, 0, 0, 0, 0, 0, 0, 0, 0, 0], [0, 0, 1, 0, 0, 0, 0, 0, 0, 0, 0, 0, 0, 0, 0, 0, 0, 0, 0, 0, 0, 0], [0, 0, 0, 1, 0, 0, 0, 0, 0, 0, 0, 0, 0, 0, 0, 0, 0, 0, 0, 0, 0, 0], [0, 0, 0, 0, 1, 0, 0, 0, 0, 0, 0, 0, 0, 0, 0, 0, 0, 0, 0, 0, 0, 0], [0, 0, 0, 0, 0, 1, 0, 0, 0, 0, 0, 0, 0, 0, 0, 0, 0, 0, 0, 0, 0, 0], [0, 0, 0, 0, 0, 0, 1, 0, 0, 0, 0, 0, 0, 0, 0, 0, 0, 0, 0, 0, 0, 0], [0, 0, 0, 0, 0, 0, 0, 1, 0, 0, 0, 0, 0, 0, 0, 0, 0, 0, 0, 0, 0, 0], [0, 0, 0, 0, 0, 0, 0, 0, 1, 0, 0, 0, 0, 0, 0, 0, 0, 0, 0, 0, 0, 0], [0, 0, 0, 0, 0, 0, 0, 0, 0, 1, 0, 0, 0, 0, 0, 0, 0, 0, 0, 0, 0, 0], [0, 0, 0, 0, 0, 0, 0, 0, 0, 0, 1, 0, 0, 0, 0, 0, 0, 0, 0, 0, 0, 0], [0, 0, 0, 0, 0, 0, 0, 0, 0, 0, 0, 1, 0, 0, 0, 0, 0, 0, 0, 0, 0, 0], [0, 0, 0, 0, 0, 0, 0, 0, 0, 0, 0, 0, 1, 0, 0, 0, 0, 0, 0, 0, 0, 0], [0, 0, 0, 0, 0, 0, 0, 0, 0, 0, 0, 0, 0, 1, 0, 0, 0, 0, 0, 0, 0, 0], [0, 0, 0, 0, 0, 0, 0, 0, 0, 0, 0, 0, 0, 0, 1, 0, 0, 0, 0, 0, 0, 0], [0, 0, 0, 0, 0, 0, 0, 0, 0, 0, 0, 0, 0, 0, 0, 1, 0, 0, 0, 0, 0, 0], [0, 0, 0, 0, 0, 0, 0, 0, 0, 0, 0, 0, 0, 0, 0, 0, 1, 0, 0, 0, 0, 0], [0, 0, 0, 0, 0, 0, 0, 0, 0, 0, 0, 0, 0, 0, 0, 0, 0, 1, 0, 0, 0, 0], [0, 0, 0, 0, 0, 0, 0, 0, 0, 0, 0, 0, 0, 0, 0, 0, 0, 0, 1, 0, 0, 0], [0, 0, 0, 0, 0, 0, 0, 0, 0, 0, 0, 0, 0, 0, 0, 0, 0, 0, 0, 1, 0, 0], [0, 0, 0, 0, 0, 0, 0, 0, 0, 0, 0, 0, 0, 0, 0, 0, 0, 0, 0, 0, 1, 0], [0, 0, 0, 0, 0, 0, 0, 0, 0, 0, 0, 0, 0, 0, 0, 0, 0, 0, 0, 0, 0, 1]]
[[1, 0, 0, 0, 0, 0, 0, 0, 0, 0, 0, 0, 0, 0, 0, 0, 0, 0, 0, 0, 0, 0], [0, 1, 0, 0, 0, 0, 0, 0, 0, 0, 0, 0, 0, 0, 0, 0, 0, 0, 0, 0, 0, 0], [0, 0, 1, 0, 0, 0, 0, 0, 0, 0, 0, 0, 0, 0, 0, 0, 0, 0, 0, 0, 0, 0], [0, 0, 0, 1, 0, 0, 0, 0, 0, 0, 0, 0, 0, 0, 0, 0, 0, 0, 0, 0, 0, 0], [0, 0, 0, 0, 1, 0, 0, 0, 0, 0, 0, 0, 0, 0, 0, 0, 0, 0, 0, 0, 0, 0], [0, 0, 0, 0, 0, 1, 0, 0, 0, 0, 0, 0, 0, 0, 0, 0, 0, 0, 0, 0, 0, 0], [0, 0, 0, 0, 0, 0, 1, 0, 0, 0, 0, 0, 0, 0, 0, 0, 0, 0, 0, 0, 0, 0], [0, 0, 0, 0, 0, 0, 0, 1, 0, 0, 0, 0, 0, 0, 0, 0, 0, 0, 0, 0, 0, 0], [0, 0, 0, 0, 0, 0, 0, 0, 1, 0, 0, 0, 0, 0, 0, 0, 0, 0, 0, 0, 0, 0], [0, 0, 0, 0, 0, 0, 0, 0, 0, 1, 0, 0, 0, 0, 0, 0, 0, 0, 0, 0, 0, 0], [0, 0, 0, 0, 0, 0, 0, 0, 0, 0, 1, 0, 0, 0, 0, 0, 0, 0, 0, 0, 0, 0], [0, 0, 0, 0, 0, 0, 0, 0, 0, 0, 0, 1, 0, 0, 0, 0, 0, 0, 0, 0, 0, 0], [0, 0, 0, 0, 0, 0, 0, 0, 0, 0, 0, 0, 1, 0, 0, 0, 0, 0, 0, 0, 0, 0], [0, 0, 0, 0, 0, 0, 0, 0, 0, 0, 0, 0, 0, 1, 0, 0, 0, 0, 0, 0, 0, 0], [0, 0, 0, 0, 0, 0, 0, 0, 0, 0, 0, 0, 0, 0, 1, 0, 0, 0, 0, 0, 0, 0], [0, 0, 0, 0, 0, 0, 0, 0, 0, 0, 0, 0, 0, 0, 0, 1, 0, 0, 0, 0, 0, 0], [0, 0, 0, 0, 0, 0, 0, 0, 0, 0, 0, 0, 0, 0, 0, 0, 1, 0, 0, 0, 0, 0], [0, 0, 0, 0, 0, 0, 0, 0, 0, 0, 0, 0, 0, 0, 0, 0, 0, 1, 0, 0, 0, 0], [0, 0, 0, 0, 0, 0, 0, 0, 0, 0, 0, 0, 0, 0, 0, 0, 0, 0, 1, 0, 0, 0], [0, 0, 0, 0, 0, 0, 0, 0, 0, 0, 0, 0, 0, 0, 0, 0, 0, 0, 0, 1, 0, 0], [0, 0, 0, 0, 0, 0, 0, 0, 0, 0, 0, 0, 0, 0, 0, 0, 0, 0, 0, 0, 1, 0], [0, 0, 0, 0, 0, 0, 0, 0, 0, 0, 0, 0, 0, 0, 0, 0, 0, 0, 0, 0, 0, 1]]
[[1, 0, 0, 0, 0, 0, 0, 0, 0, 0, 0, 0, 0, 0, 0, 0, 0, 0, 0, 0, 0, 0], [0, 1, 0, 0, 0, 0, 0, 0, 0, 0, 0, 0, 0, 0, 0, 0, 0, 0, 0, 0, 0, 0], [0, 0, 1, 0, 0, 0, 0, 0, 0, 0, 0, 0, 0, 0, 0, 0, 0, 0, 0, 0, 0, 0], [0, 0, 0, 1, 0, 0, 0, 0, 0, 0, 0, 0, 0, 0, 0, 0, 0, 0, 0, 0, 0, 0], [0, 0, 0, 0, 1, 0, 0, 0, 0, 0, 0, 0, 0, 0, 0, 0, 0, 0, 0, 0, 0, 0], [0, 0, 0, 0, 0, 1, 0, 0, 0, 0, 0, 0, 0, 0, 0, 0, 0, 0, 0, 0, 0, 0], [0, 0, 0, 0, 0, 0, 1, 0, 0, 0, 0, 0, 0, 0, 0, 0, 0, 0, 0, 0, 0, 0], [0, 0, 0, 0, 0, 0, 0, 1, 0, 0, 0, 0, 0, 0, 0, 0, 0, 0, 0, 0, 0, 0], [0, 0, 0, 0, 0, 0, 0, 0, 1, 0, 0, 0, 0, 0, 0, 0, 0, 0, 0, 0, 0, 0], [0, 0, 0, 0, 0, 0, 0, 0, 0, 1, 0, 0, 0, 0, 0, 0, 0, 0, 0, 0, 0, 0], [0, 0, 0, 0, 0, 0, 0, 0, 0, 0, 1, 0, 0, 0, 0, 0, 0, 0, 0, 0, 0, 0], [0, 0, 0, 0, 0, 0, 0, 0, 0, 0, 0, 1, 0, 0, 0, 0, 0, 0, 0, 0, 0, 0], [0, 0, 0, 0, 0, 0, 0, 0, 0, 0, 0, 0, 1, 0, 0, 0, 0, 0, 0, 0, 0, 0], [0, 0, 0, 0, 0, 0, 0, 0, 0, 0, 0, 0, 0, 1, 0, 0, 0, 0, 0, 0, 0, 0], [0, 0, 0, 0, 0, 0, 0, 0, 0, 0, 0, 0, 0, 0, 1, 0, 0, 0, 0, 0, 0, 0], [0, 0, 0, 0, 0, 0, 0, 0, 0, 0, 0, 0, 0, 0, 0, 1, 0, 0, 0, 0, 0, 0], [0, 0, 0, 0, 0, 0, 0, 0, 0, 0, 0, 0, 0, 0, 0, 0, 1, 0, 0, 0, 0, 0], [0, 0, 0, 0, 0, 0, 0, 0, 0, 0, 0, 0, 0, 0, 0, 0, 0, 1, 0, 0, 0, 0], [0, 0, 0, 0, 0, 0, 0, 0, 0, 0, 0, 0, 0, 0, 0, 0, 0, 0, 1, 0, 0, 0], [0, 0, 0, 0, 0, 0, 0, 0, 0, 0, 0, 0, 0, 0, 0, 0, 0, 0, 0, 1, 0, 0], [0, 0, 0, 0, 0, 0, 0, 0, 0, 0, 0, 0, 0, 0, 0, 0, 0, 0, 0, 0, 1, 0], [0, 0, 0, 0, 0, 0, 0, 0, 0, 0, 0, 0, 0, 0, 0, 0, 0, 0, 0, 0, 0, 1]]
[[1, -1, -1, 0, -1, 0, 0, 0, 0, 0, 0, -1, 0, -1, -1, 0, 0, 0, 0, -1, 0, 0], [0, 0, -1, 0, -1, 0, 0, 0, 0, 0, 0, -1, 0, -1, -1, 0, 0, 0, 0, -1, 0, 0], [-1, -1, 0, 1, -2, -1, 0, 1, 1, 0, 1, -1, 0, -1, -2, 0, 0, 0, 1, -2, 1, 0], [1, 1, 1, 0, 2, 1, 0, -1, -1, 0, -1, 1, 0, 1, 2, 0, 0, 0, -1, 2, -1, 0], [0, 1, 1, 0, 2, 0, 0, 0, 0, 0, 0, 1, 0, 1, 1, 0, 0, 0, 0, 1, 0, 0], [0, 2, 2, 0, 2, 1, 0, 0, 0, 0, 0, 2, 0, 2, 2, 0, 0, 0, 0, 2, 0, 0], [1, 1, 1, -1, 2, 1, 1, -1, -1, 0, -1, 1, 0, 1, 2, 0, 0, 0, -1, 2, -1, 0], [1, 1, 1, -1, 2, 1, 0, 0, -1, 0, -1, 1, 0, 1, 2, 0, 0, 0, -1, 2, -1, 0], [0, 0, 0, -1, 0, 0, 1, 0, 0, 0, -1, 1, 1, 0, 0, 0, 0, 1, 0, 1, 0, 0], [-1, -1, -1, 1, -2, -1, 0, 1, 1, 1, 1, -1, 0, -1, -2, 0, 0, 0, 1, -2, 1, 0], [0, 0, 0, -2, 0, 0, 2, 0, -1, 0, -1, 1, 2, 0, 0, 0, 0, 1, -1, 2, 0, -1], [1, 1, 1, -3, 2, 1, 2, -1, -2, 0, -3, 3, 2, 1, 2, 0, 0, 1, -2, 4, -1, -1], [0, 0, 0, -1, 0, 0, 1, 0, -1, 0, -1, 1, 2, 0, 0, 0, 0, 1, 0, 1, 0, 0], [0, -1, -1, 2, -1, 0, -2, 0, 1, 0, 2, -2, -2, 0, -1, 0, 0, -1, 1, -3, 0, 1], [1, 0, 0, -2, 1, 1, 1, -1, -2, 0, -2, 1, 1, 0, 2, 0, 0, 1, -1, 2, -1, 0], [0, -1, -1, 2, -1, 0, -2, 0, 1, 0, 2, -2, -2, -1, -1, 1, 0, -1, 1, -3, 0, 1], [-1, -1, -1, 1, -2, -1, 0, 1, 1, 0, 1, -1, 0, -1, -2, 0, 1, 0, 1, -2, 1, 0], [0, 0, 0, 1, 0, 0, -1, 0, 1, 0, 1, -1, -1, 0, 0, 0, 0, 0, 0, -1, 0, 0], [-1, -1, -1, 2, -2, -1, -1, 1, 2, 0, 2, -2, -1, -1, -2, 0, 0, -1, 2, -3, 1, 0], [-1, -1, -1, 2, -2, -1, -1, 1, 2, 0, 2, -2, -1, -1, -2, 0, 0, -1, 1, -2, 1, 0], [1, 0, 0, 1, 1, 1, -2, -1, 0, 0, 1, -1, -2, 0, 1, 0, 0, -1, 0, -1, 0, 1], [0, 0, 0, -1, 0, 0, 1, 0, 0, 0, -1, 0, 1, 0, 0, 0, 0, 0, -1, 1, 0, 0]]
[[0, -1, 0, -3, 1, 0, 1, -4, 1, -1, -1, -1, -4, 2, 2, 2, -5, -1, -4, 1, -4, 2], [-2, -1, 0, -6, 2, -1, 2, -8, 1, -3, -2, -1, -7, 4, 4, 3, -9, -1, -7, 2, -7, 4], [-2, -2, 1, -6, 2, -1, 2, -8, 1, -3, -2, -1, -7, 4, 4, 3, -9, -1, -7, 2, -7, 4], [-2, -2, 0, -5, 2, -1, 2, -8, 1, -3, -2, -1, -7, 4, 4, 3, -9, -1, -7, 2, -7, 4], [2, 2, 0, 6, -1, 1, -2, 8, -1, 3, 2, 1, 7, -4, -4, -3, 9, 1, 7, -2, 7, -4], [-1, -1, 0, -3, 1, 0, 1, -4, 0, -2, -1, 0, -3, 2, 2, 1, -4, 0, -3, 1, -3, 2], [-2, -2, 0, -6, 2, -1, 3, -8, 1, -3, -2, -1, -7, 4, 4, 3, -9, -1, -7, 2, -7, 4], [-6, -6, 0, -18, 6, -3, 6, -23, 3, -9, -6, -3, -21, 12, 12, 9, -27, -3, -21, 6, -21, 12], [9, 9, 0, 27, -9, 4, -9, 36, -4, 13, 9, 5, 32, -18, -18, -14, 41, 5, 32, -9, 32, -18], [3, 3, 0, 9, -3, 1, -3, 12, -2, 5, 3, 2, 11, -6, -6, -5, 14, 2, 11, -3, 11, -6], [6, 6, 0, 18, -6, 3, -6, 24, -3, 9, 7, 3, 21, -12, -12, -9, 27, 3, 21, -6, 21, -12], [4, 4, 0, 12, -4, 2, -4, 16, -2, 6, 4, 3, 14, -8, -8, -6, 18, 2, 14, -4, 14, -8], [5, 5, 0, 15, -5, 2, -5, 20, -3, 7, 5, 3, 19, -10, -10, -8, 23, 3, 18, -5, 18, -10], [-3, -3, 0, -9, 3, -1, 3, -12, 2, -4, -3, -2, -11, 7, 6, 5, -14, -2, -11, 3, -11, 6], [-2, -2, 0, -6, 2, -1, 2, -8, 1, -3, -2, -1, -7, 4, 5, 3, -9, -1, -7, 2, -7, 4], [1, 1, 0, 3, -1, 1, -1, 4, 0, 2, 1, 0, 3, -2, -2, 0, 4, 0, 3, -1, 3, -2], [6, 6, 0, 18, -6, 3, -6, 24, -3, 9, 6, 3, 21, -12, -12, -9, 28, 3, 21, -6, 21, -12], [3, 3, 0, 9, -3, 2, -3, 12, -1, 5, 3, 1, 10, -6, -6, -4, 13, 2, 10, -3, 10, -6], [-2, -2, 0, -6, 2, -1, 2, -8, 1, -3, -2, -1, -7, 4, 4, 3, -9, -1, -6, 2, -7, 4], [2, 2, 0, 6, -2, 1, -2, 8, -1, 3, 2, 1, 7, -4, -4, -3, 9, 1, 7, -1, 7, -4], [-4, -4, 0, -12, 4, -1, 4, -16, 3, -5, -4, -3, -15, 8, 8, 7, -19, -3, -15, 4, -14, 8], [4, 4, 0, 12, -4, 2, -4, 16, -2, 6, 4, 2, 14, -8, -8, -6, 18, 2, 14, -4, 14, -7]]
[[0, 0, 0, 0, -1, 0, 0, 1, 0, 0, 0, 1, 1, 0, 0, -1, 1, 1, 1, 0, 1, -1], [0, 1, 0, 0, 0, 0, 0, 0, 0, 0, 0, 0, 0, 0, 0, 0, 0, 0, 0, 0, 0, 0], [0, 0, 1, 0, 0, 0, 0, 0, 0, 0, 0, 0, 0, 0, 0, 0, 0, 0, 0, 0, 0, 0], [0, 0, 0, 1, 0, 0, 0, 0, 0, 0, 0, 0, 0, 0, 0, 0, 0, 0, 0, 0, 0, 0], [0, 0, 0, 0, 1, 0, 0, 0, 0, 0, 0, 0, 0, 0, 0, 0, 0, 0, 0, 0, 0, 0], [1, 0, 0, 0, 1, 1, 0, -1, 0, 0, 0, -1, -1, 0, 0, 1, -1, -1, -1, 0, -1, 1], [0, 0, 0, 0, 0, 0, 1, 0, 0, 0, 0, 0, 0, 0, 0, 0, 0, 0, 0, 0, 0, 0], [1, 0, 0, -1, 1, 0, 1, -1, 0, -1, -1, -1, -1, 0, 0, 2, -2, -1, -2, 1, -2, 1], [-1, 0, 0, 1, -1, 0, -1, 2, 1, 1, 1, 1, 1, 0, 0, -2, 2, 1, 2, -1, 2, -1], [-1, 0, 0, 0, -1, 0, 0, 1, 0, 1, 0, 1, 1, 0, 0, -1, 1, 1, 1, 0, 1, -1], [-1, 0, 0, 0, -1, 0, 0, 1, 0, 0, 1, 1, 1, 0, 0, -1, 1, 1, 1, 0, 1, -1], [0, 0, 0, 0, 0, 0, 0, 0, 0, 0, 0, 1, 0, 0, 0, 0, 0, 0, 0, 0, 0, 0], [-1, 0, 0, 0, -1, 0, 0, 1, 0, 0, 0, 1, 2, 0, 0, -1, 1, 1, 1, 0, 1, -1], [0, 0, 0, 0, 0, 0, 0, 0, 0, 0, 0, 0, 0, 1, 0, 0, 0, 0, 0, 0, 0, 0], [0, 0, 0, -1, 0, 0, 1, -1, 0, -1, -1, 0, 0, 0, 1, 1, -1, 0, -1, 1, -1, 0], [0, 0, 0, 1, 0, 0, -1, 1, 0, 1, 1, 0, 0, 0, 0, 0, 1, 0, 1, -1, 1, 0], [-1, 0, 0, 1, -1, 0, -1, 2, 0, 1, 1, 1, 1, 0, 0, -2, 3, 1, 2, -1, 2, -1], [0, 0, 0, 1, 0, 0, -1, 1, 0, 1, 1, 0, 0, 0, 0, -1, 1, 1, 1, -1, 1, 0], [0, 0, 0, 0, 0, 0, 0, 0, 0, 0, 0, 0, 0, 0, 0, 0, 0, 0, 1, 0, 0, 0], [-1, 0, 0, 1, -1, 0, -1, 2, 0, 1, 1, 1, 1, 0, 0, -2, 2, 1, 2, 0, 2, -1], [1, 0, 0, 0, 1, 0, 0, -1, 0, 0, 0, -1, -1, 0, 0, 1, -1, -1, -1, 0, 0, 1], [-1, 0, 0, 0, -1, 0, 0, 1, 0, 0, 0, 1, 1, 0, 0, -1, 1, 1, 1, 0, 1, 0]]
[[1, 0, 0, 0, 0, 0, 0, 0, 0, 0, 0, 0, 0, 0, 0, 0, 0, 0, 0, 0, 0, 0], [0, 1, 0, -1, 1, 0, 0, -1, 0, 0, -1, 1, -1, 1, 1, 0, -1, 0, -1, 1, -1, 0], [0, 0, 1, 0, 1, 0, -1, -1, 0, 0, -1, 1, -1, 1, 1, 0, -1, 0, -1, 1, -1, 0], [0, 0, 0, 0, -1, 0, 2, 1, 0, 0, 1, -1, 1, -1, -1, 0, 1, 0, 1, -1, 1, 0], [0, 0, 0, 2, -1, 0, 0, 2, 0, 0, 2, -2, 2, -2, -2, 0, 2, 0, 2, -2, 2, 0], [0, 0, 0, 1, -1, 1, 0, 1, 0, 0, 1, -1, 1, -1, -1, 0, 1, 0, 1, -1, 1, 0], [0, 0, 0, 1, -1, 0, 1, 1, 0, 0, 1, -1, 1, -1, -1, 0, 1, 0, 1, -1, 1, 0], [0, 0, 0, -1, -1, 0, 2, 2, 0, 0, 1, -1, 1, -1, -1, 0, 1, 0, 1, -1, 1, 0], [0, 0, 0, 1, 0, 0, -1, 0, 1, 0, 0, 0, 0, 0, 0, 0, 0, 0, 0, 0, 0, 0], [0, 0, 0, 0, 1, 0, -1, -1, 0, 1, -1, 1, -1, 1, 1, 0, -1, 0, -1, 1, -1, 0], [0, 0, 0, 0, 1, 0, -1, -1, 0, 0, 0, 1, -1, 1, 1, 0, -1, 0, -1, 1, -1, 0], [0, 0, 0, 2, -1, 0, -1, 1, 0, 0, 1, 0, 1, -1, -1, 0, 1, 0, 1, -1, 1, 0], [0, 0, 0, -1, 1, 0, 0, -1, 0, 0, -1, 1, 0, 1, 1, 0, -1, 0, -1, 1, -1, 0], [0, 0, 0, -1, 0, 0, 1, 0, 0, 0, 0, 0, 0, 1, 0, 0, 0, 0, 0, 0, 0, 0], [0, 0, 0, -1, 0, 0, 1, 0, 0, 0, 0, 0, 0, 0, 1, 0, 0, 0, 0, 0, 0, 0], [0, 0, 0, 0, 0, 0, 0, 0, 0, 0, 0, 0, 0, 0, 0, 1, 0, 0, 0, 0, 0, 0], [0, 0, 0, 0, 1, 0, -1, -1, 0, 0, -1, 1, -1, 1, 1, 0, 0, 0, -1, 1, -1, 0], [0, 0, 0, -1, 0, 0, 1, 0, 0, 0, 0, 0, 0, 0, 0, 0, 0, 1, 0, 0, 0, 0], [0, 0, 0, 1, 0, 0, -1, 0, 0, 0, 0, 0, 0, 0, 0, 0, 0, 0, 1, 0, 0, 0], [0, 0, 0, -1, 1, 0, 0, -1, 0, 0, -1, 1, -1, 1, 1, 0, -1, 0, -1, 2, -1, 0], [0, 0, 0, 1, -1, 0, 0, 1, 0, 0, 1, -1, 1, -1, -1, 0, 1, 0, 1, -1, 2, 0], [0, 0, 0, -1, 1, 0, 0, -1, 0, 0, -1, 1, -1, 1, 1, 0, -1, 0, -1, 1, -1, 1]]
[[1, 0, 0, 0, 0, 0, 0, 0, 0, 0, 0, 0, 0, 0, 0, 0, 0, 0, 0, 0, 0, 0], [0, 1, 0, 0, 0, 0, 0, 0, 0, 0, 0, 0, 0, 0, 0, 0, 0, 0, 0, 0, 0, 0], [0, 0, 1, -2, 1, 0, 1, -3, 0, -2, -1, -1, -2, 1, 1, 2, -3, -1, -3, 1, -3, 2], [0, 0, 0, 1, 0, 0, 0, 0, 0, 0, 0, 0, 0, 0, 0, 0, 0, 0, 0, 0, 0, 0], [0, 0, 0, 0, 1, 0, 0, 0, 0, 0, 0, 0, 0, 0, 0, 0, 0, 0, 0, 0, 0, 0], [0, 0, 0, -2, 1, 1, 1, -3, 0, -2, -1, -1, -2, 1, 1, 2, -3, -1, -3, 1, -3, 2], [0, 0, 0, -2, 1, 0, 2, -3, 0, -2, -1, -1, -2, 1, 1, 2, -3, -1, -3, 1, -3, 2], [0, 0, 0, -4, 2, 0, 2, -5, 0, -4, -2, -2, -4, 2, 2, 4, -6, -2, -6, 2, -6, 4], [0, 0, 0, 6, -3, 0, -3, 9, 1, 6, 3, 3, 6, -3, -3, -6, 9, 3, 9, -3, 9, -6], [0, 0, 0, 2, -1, 0, -1, 3, 0, 3, 1, 1, 2, -1, -1, -2, 3, 1, 3, -1, 3, -2], [0, 0, 0, 4, -2, 0, -2, 6, 0, 4, 3, 2, 4, -2, -2, -4, 6, 2, 6, -2, 6, -4], [0, 0, 0, 0, 0, 0, 0, 0, 0, 0, 0, 1, 0, 0, 0, 0, 0, 0, 0, 0, 0, 0], [0, 0, 0, 4, -2, 0, -2, 6, 0, 4, 2, 2, 5, -2, -2, -4, 6, 2, 6, -2, 6, -4], [0, 0, 0, 0, 0, 0, 0, 0, 0, 0, 0, 0, 0, 1, 0, 0, 0, 0, 0, 0, 0, 0], [0, 0, 0, -2, 1, 0, 1, -3, 0, -2, -1, -1, -2, 1, 2, 2, -3, -1, -3, 1, -3, 2], [0, 0, 0, 2, -1, 0, -1, 3, 0, 2, 1, 1, 2, -1, -1, -1, 3, 1, 3, -1, 3, -2], [0, 0, 0, 6, -3, 0, -3, 9, 0, 6, 3, 3, 6, -3, -3, -6, 10, 3, 9, -3, 9, -6], [0, 0, 0, 4, -2, 0, -2, 6, 0, 4, 2, 2, 4, -2, -2, -4, 6, 3, 6, -2, 6, -4], [0, 0, 0, -2, 1, 0, 1, -3, 0, -2, -1, -1, -2, 1, 1, 2, -3, -1, -2, 1, -3, 2], [0, 0, 0, 4, -2, 0, -2, 6, 0, 4, 2, 2, 4, -2, -2, -4, 6, 2, 6, -1, 6, -4], [0, 0, 0, -4, 2, 0, 2, -6, 0, -4, -2, -2, -4, 2, 2, 4, -6, -2, -6, 2, -5, 4], [0, 0, 0, 4, -2, 0, -2, 6, 0, 4, 2, 2, 4, -2, -2, -4, 6, 2, 6, -2, 6, -3]]
[[1, 0, 0, 0, 0, 0, 0, 0, 0, 0, 0, 0, 0, 0, 0, 0, 0, 0, 0, 0, 0, 0], [0, 1, 0, 0, 0, 0, 0, 0, 0, 0, 0, 0, 0, 0, 0, 0, 0, 0, 0, 0, 0, 0], [0, 0, 1, 0, 0, 0, 0, 0, 0, 0, 0, 0, 0, 0, 0, 0, 0, 0, 0, 0, 0, 0], [0, 0, 0, -1, 1, 0, 1, -2, 0, -1, -1, 0, -1, 1, 1, 1, -2, 0, -2, 1, -2, 1], [0, 0, 0, 0, 1, 0, 0, 0, 0, 0, 0, 0, 0, 0, 0, 0, 0, 0, 0, 0, 0, 0], [0, 0, 0, -2, 1, 1, 1, -2, 0, -1, -1, 0, -1, 1, 1, 1, -2, 0, -2, 1, -2, 1], [0, 0, 0, -2, 1, 0, 2, -2, 0, -1, -1, 0, -1, 1, 1, 1, -2, 0, -2, 1, -2, 1], [0, 0, 0, -4, 2, 0, 2, -3, 0, -2, -2, 0, -2, 2, 2, 2, -4, 0, -4, 2, -4, 2], [0, 0, 0, 4, -2, 0, -2, 4, 1, 2, 2, 0, 2, -2, -2, -2, 4, 0, 4, -2, 4, -2], [0, 0, 0, 2, -1, 0, -1, 2, 0, 2, 1, 0, 1, -1, -1, -1, 2, 0, 2, -1, 2, -1], [0, 0, 0, 2, -1, 0, -1, 2, 0, 1, 2, 0, 1, -1, -1, -1, 2, 0, 2, -1, 2, -1], [0, 0, 0, 0, 0, 0, 0, 0, 0, 0, 0, 1, 0, 0, 0, 0, 0, 0, 0, 0, 0, 0], [0, 0, 0, 2, -1, 0, -1, 2, 0, 1, 1, 0, 2, -1, -1, -1, 2, 0, 2, -1, 2, -1], [0, 0, 0, 0, 0, 0, 0, 0, 0, 0, 0, 0, 0, 1, 0, 0, 0, 0, 0, 0, 0, 0], [0, 0, 0, -2, 1, 0, 1, -2, 0, -1, -1, 0, -1, 1, 2, 1, -2, 0, -2, 1, -2, 1], [0, 0, 0, 2, -1, 0, -1, 2, 0, 1, 1, 0, 1, -1, -1, 0, 2, 0, 2, -1, 2, -1], [0, 0, 0, 4, -2, 0, -2, 4, 0, 2, 2, 0, 2, -2, -2, -2, 5, 0, 4, -2, 4, -2], [0, 0, 0, 2, -1, 0, -1, 2, 0, 1, 1, 0, 1, -1, -1, -1, 2, 1, 2, -1, 2, -1], [0, 0, 0, 0, 0, 0, 0, 0, 0, 0, 0, 0, 0, 0, 0, 0, 0, 0, 1, 0, 0, 0], [0, 0, 0, 2, -1, 0, -1, 2, 0, 1, 1, 0, 1, -1, -1, -1, 2, 0, 2, 0, 2, -1], [0, 0, 0, -2, 1, 0, 1, -2, 0, -1, -1, 0, -1, 1, 1, 1, -2, 0, -2, 1, -1, 1], [0, 0, 0, 2, -1, 0, -1, 2, 0, 1, 1, 0, 1, -1, -1, -1, 2, 0, 2, -1, 2, 0]]
[[1, 0, 0, 0, 0, 0, 0, 0, 0, 0, 0, 0, 0, 0, 0, 0, 0, 0, 0, 0, 0, 0], [0, 1, 0, 0, 0, 0, 0, 0, 0, 0, 0, 0, 0, 0, 0, 0, 0, 0, 0, 0, 0, 0], [0, 0, 1, 0, 0, 0, 0, 0, 0, 0, 0, 0, 0, 0, 0, 0, 0, 0, 0, 0, 0, 0], [0, 0, 0, 1, 0, 0, 0, 0, 0, 0, 0, 0, 0, 0, 0, 0, 0, 0, 0, 0, 0, 0], [0, 0, 0, 0, 1, 0, 0, 0, 0, 0, 0, 0, 0, 0, 0, 0, 0, 0, 0, 0, 0, 0], [0, 0, 0, 0, 0, 1, 0, 0, 0, 0, 0, 0, 0, 0, 0, 0, 0, 0, 0, 0, 0, 0], [0, 0, 0, 0, 0, 0, 1, 0, 0, 0, 0, 0, 0, 0, 0, 0, 0, 0, 0, 0, 0, 0], [0, 0, 0, 0, 0, 0, 0, 1, 0, 0, 0, 0, 0, 0, 0, 0, 0, 0, 0, 0, 0, 0], [0, 0, 0, 0, 0, 0, 0, 0, 1, 0, 0, 0, 0, 0, 0, 0, 0, 0, 0, 0, 0, 0], [0, 0, 0, 0, 0, 0, 0, 0, 0, 1, 0, 0, 0, 0, 0, 0, 0, 0, 0, 0, 0, 0], [0, 0, 0, 0, 0, 0, 0, 0, 0, 0, 1, 0, 0, 0, 0, 0, 0, 0, 0, 0, 0, 0], [0, 0, 0, 0, 0, 0, 0, 0, 0, 0, 0, 1, 0, 0, 0, 0, 0, 0, 0, 0, 0, 0], [0, 0, 0, 0, 0, 0, 0, 0, 0, 0, 0, 0, 1, 0, 0, 0, 0, 0, 0, 0, 0, 0], [0, 0, 0, 0, 0, 0, 0, 0, 0, 0, 0, 0, 0, 1, 0, 0, 0, 0, 0, 0, 0, 0], [0, 0, 0, 0, 0, 0, 0, 0, 0, 0, 0, 0, 0, 0, 1, 0, 0, 0, 0, 0, 0, 0], [0, 0, 0, 0, 0, 0, 0, 0, 0, 0, 0, 0, 0, 0, 0, 1, 0, 0, 0, 0, 0, 0], [0, 0, 0, 0, 0, 0, 0, 0, 0, 0, 0, 0, 0, 0, 0, 0, 1, 0, 0, 0, 0, 0], [0, 0, 0, 0, 0, 0, 0, 0, 0, 0, 0, 0, 0, 0, 0, 0, 0, 1, 0, 0, 0, 0], [0, 0, 0, 0, 0, 0, 0, 0, 0, 0, 0, 0, 0, 0, 0, 0, 0, 0, 1, 0, 0, 0], [0, 0, 0, 0, 0, 0, 0, 0, 0, 0, 0, 0, 0, 0, 0, 0, 0, 0, 0, 1, 0, 0], [0, 0, 0, 0, 0, 0, 0, 0, 0, 0, 0, 0, 0, 0, 0, 0, 0, 0, 0, 0, 1, 0], [0, 0, 0, 0, 0, 0, 0, 0, 0, 0, 0, 0, 0, 0, 0, 0, 0, 0, 0, 0, 0, 1]]
[[1, 0, 0, 0, 0, 0, 0, 0, 0, 0, 0, 0, 0, 0, 0, 0, 0, 0, 0, 0, 0, 0], [0, 1, 0, 1, -1, 0, 0, 1, 0, 0, 0, 0, 1, -1, -1, 0, 1, 0, 1, -1, 1, 0], [0, 0, 1, 1, -1, 0, 0, 1, 0, 0, 0, 0, 1, -1, -1, 0, 1, 0, 1, -1, 1, 0], [0, 0, 0, -1, 2, 0, 0, -2, 0, 0, 0, 0, -2, 2, 2, 0, -2, 0, -2, 2, -2, 0], [0, 0, 0, -1, 2, 0, 0, -1, 0, 0, 0, 0, -1, 1, 1, 0, -1, 0, -1, 1, -1, 0], [0, 0, 0, -2, 2, 1, 0, -2, 0, 0, 0, 0, -2, 2, 2, 0, -2, 0, -2, 2, -2, 0], [0, 0, 0, -2, 2, 0, 1, -2, 0, 0, 0, 0, -2, 2, 2, 0, -2, 0, -2, 2, -2, 0], [0, 0, 0, -2, 2, 0, 0, -1, 0, 0, 0, 0, -2, 2, 2, 0, -2, 0, -2, 2, -2, 0], [0, 0, 0, 1, -1, 0, 0, 1, 1, 0, 0, 0, 1, -1, -1, 0, 1, 0, 1, -1, 1, 0], [0, 0, 0, 2, -2, 0, 0, 2, 0, 1, 0, 0, 2, -2, -2, 0, 2, 0, 2, -2, 2, 0], [0, 0, 0, 0, -1, 0, 1, 1, 0, 0, 0, 0, 2, -1, -1, 0, 1, 1, 1, -1, 1, 0], [0, 0, 0, -2, 1, 0, 1, -1, 0, 0, -1, 1, 0, 1, 1, 0, -1, 1, -1, 1, -1, 0], [0, 0, 0, 1, -1, 0, 0, 1, 0, 0, 0, 0, 2, -1, -1, 0, 1, 0, 1, -1, 1, 0], [0, 0, 0, 1, 0, 0, -1, 0, 0, 0, 1, 0, -1, 1, 0, 0, 0, -1, 0, 0, 0, 0], [0, 0, 0, -1, 1, 0, 0, -1, 0, 0, 0, 0, -1, 1, 2, 0, -1, 0, -1, 1, -1, 0], [0, 0, 0, 1, 0, 0, -1, 0, 0, 0, 1, 0, -1, 0, 0, 1, 0, -1, 0, 0, 0, 0], [0, 0, 0, 2, -2, 0, 0, 2, 0, 0, 0, 0, 2, -2, -2, 0, 3, 0, 2, -2, 2, 0], [0, 0, 0, 1, 0, 0, -1, 0, 0, 0, 1, 0, -1, 0, 0, 0, 0, 0, 0, 0, 0, 0], [0, 0, 0, 1, -1, 0, 0, 1, 0, 0, 0, 0, 1, -1, -1, 0, 1, 0, 2, -1, 1, 0], [0, 0, 0, 2, -2, 0, 0, 2, 0, 0, 0, 0, 2, -2, -2, 0, 2, 0, 2, -1, 2, 0], [0, 0, 0, -1, 2, 0, -1, -2, 0, 0, 1, 0, -3, 2, 2, 0, -2, -1, -2, 2, -1, 0], [0, 0, 0, 1, -1, 0, 0, 1, 0, 0, 0, 0, 1, -1, -1, 0, 1, 0, 1, -1, 1, 1]]

#################
# GALOIS GROUPS #
#################


Generators of the monodromy group on the generic Picard lattice:
[[1, 0, 0, 0, 0, 0, 0, 0, 0, 0, 0], [-1, 0, 1, 1, -1, -1, 0, 0, 0, -1, 0], [0, 0, 1, 0, 1, -1, 0, 0, 1, 0, -1], [1, 1, -1, 0, 0, 2, 0, 0, -1, 1, 1], [1, 1, -1, -1, 1, 2, 0, 0, 0, 1, 0], [1, 1, -1, -1, 2, 1, 0, 0, 0, 1, 0], [1, 1, -1, -1, 1, 1, 1, 0, 0, 1, 0], [1, 1, -1, -1, 0, 2, 0, 1, -1, 1, 1], [-1, -1, 1, 1, -1, -1, 0, 0, 0, -1, 1], [-2, -2, 2, 2, -2, -2, 0, 0, 0, -1, 0], [-1, -1, 1, 1, -1, -1, 0, 0, 1, -1, 0]]
[[1, 0, 0, 0, 0, 0, 0, 0, 0, 0, 0], [0, 1, 0, 0, 0, 0, 0, 0, 0, 0, 0], [0, 0, 1, 0, 0, 0, 0, 0, 0, 0, 0], [0, 0, 0, 1, 0, 0, 0, 0, 0, 0, 0], [0, 0, 0, 0, 1, 0, 0, 0, 0, 0, 0], [0, 0, 0, 0, 0, 1, 0, 0, 0, 0, 0], [0, 0, 0, 0, 0, 0, 1, 0, 0, 0, 0], [0, 0, 0, 0, 0, 0, 0, 1, 0, 0, 0], [0, 0, 0, 0, 0, 0, 0, 0, 1, 0, 0], [0, 0, 0, 0, 0, 0, 0, 0, 0, 1, 0], [0, 0, 0, 0, 0, 0, 0, 0, 0, 0, 1]]
[[0, 0, -1, 0, -1, 0, 0, 0, 0, -1, 1], [0, 1, 0, 0, 0, 0, 0, 0, 0, 0, 0], [-1, 0, 0, 0, -1, 0, 0, 0, 0, -1, 1], [0, 0, 0, 1, 0, 0, 0, 0, 0, 0, 0], [0, 0, 0, 0, 1, 0, 0, 0, 0, 0, 0], [0, 0, 0, 0, 0, 1, 0, 0, 0, 0, 0], [0, 0, 0, 0, 0, 0, 1, 0, 0, 0, 0], [0, 0, 0, 0, 0, 0, 0, 1, 0, 0, 0], [0, 0, 0, 0, 0, 0, 0, 0, 1, 0, 0], [0, 0, 0, 0, 0, 0, 0, 0, 0, 1, 0], [0, 0, 0, 0, 0, 0, 0, 0, 0, 0, 1]]
[[1, 0, 0, 0, 0, 0, 0, 0, 0, 0, 0], [0, 1, 0, 0, 0, 0, 0, 0, 0, 0, 0], [0, 0, 1, 0, 0, 0, 0, 0, 0, 0, 0], [0, 0, 0, 1, 0, 0, 0, 0, 0, 0, 0], [0, 0, 0, 0, 1, 0, 0, 0, 0, 0, 0], [0, 0, 0, 0, 0, 1, 0, 0, 0, 0, 0], [0, 0, 0, 0, 0, 0, 1, 0, 0, 0, 0], [0, 0, 0, 0, 0, 0, 0, 1, 0, 0, 0], [0, 0, 0, 0, 0, 0, 0, 0, 1, 0, 0], [0, 0, 0, 0, 0, 0, 0, 0, 0, 1, 0], [0, 0, 0, 0, 0, 0, 0, 0, 0, 0, 1]]
[[1, 0, 0, 0, 0, 0, 0, 0, 0, 0, 0], [0, 1, 0, 0, 0, 0, 0, 0, 0, 0, 0], [1, 1, 0, -2, 2, 0, 1, 0, 0, 1, -1], [-1, -1, 1, 3, -2, 0, -1, 0, 0, -1, 1], [-1, -1, 1, 2, -1, 0, -1, 0, 0, -1, 1], [0, 0, 0, 0, 0, 1, 0, 0, 0, 0, 0], [-1, -1, 1, 2, -2, 0, 0, 0, 0, -1, 1], [-1, -1, 1, 2, -2, 0, -1, 1, 0, -1, 1], [1, 1, -1, -2, 2, 0, 1, 0, 1, 1, -1], [0, 0, 0, 0, 0, 0, 0, 0, 0, 1, 0], [0, 0, 0, 0, 0, 0, 0, 0, 0, 0, 1]]
[[1, 0, 0, 0, 0, 0, 0, 0, 0, 0, 0], [0, 1, 0, 0, 0, 0, 0, 0, 0, 0, 0], [0, 0, 1, 0, 0, 0, 0, 0, 0, 0, 0], [0, 0, 0, 1, 0, 0, 0, 0, 0, 0, 0], [0, 0, 0, 0, 1, 0, 0, 0, 0, 0, 0], [0, 0, 0, 0, 0, 1, 0, 0, 0, 0, 0], [0, 0, 0, 0, 0, 0, 1, 0, 0, 0, 0], [0, 0, 0, 0, 0, 0, 0, 1, 0, 0, 0], [0, 0, 0, 0, 0, 0, 0, 0, 1, 0, 0], [0, 0, 0, 0, 0, 0, 0, 0, 0, 1, 0], [0, 0, 0, 0, 0, 0, 0, 0, 0, 0, 1]]
[[1, 0, 0, 0, 0, 0, 0, 0, 0, 0, 0], [0, 1, 0, 0, 0, 0, 0, 0, 0, 0, 0], [0, 0, 1, 0, 0, 0, 0, 0, 0, 0, 0], [0, 0, 0, 1, 0, 0, 0, 0, 0, 0, 0], [0, 0, 0, 0, 1, 0, 0, 0, 0, 0, 0], [0, 0, 0, 0, 0, 1, 0, 0, 0, 0, 0], [0, 0, 0, 0, 0, 0, 1, 0, 0, 0, 0], [0, 0, 0, 0, 0, 0, 0, 1, 0, 0, 0], [0, 0, 0, 0, 0, 0, 0, 0, 1, 0, 0], [0, 0, 0, 0, 0, 0, 0, 0, 0, 1, 0], [0, 0, 0, 0, 0, 0, 0, 0, 0, 0, 1]]
[[1, 0, 0, 0, 0, 0, 0, 0, 0, 0, 0], [0, 1, 0, 0, 0, 0, 0, 0, 0, 0, 0], [0, 0, 1, 0, 0, 0, 0, 0, 0, 0, 0], [0, 0, 0, 1, 0, 0, 0, 0, 0, 0, 0], [0, 0, 0, 0, 1, 0, 0, 0, 0, 0, 0], [0, 0, 0, 0, 0, 1, 0, 0, 0, 0, 0], [0, 0, 0, 0, 0, 0, 1, 0, 0, 0, 0], [0, 0, 0, 0, 0, 0, 0, 1, 0, 0, 0], [0, 0, 0, 0, 0, 0, 0, 0, 1, 0, 0], [0, 0, 0, 0, 0, 0, 0, 0, 0, 1, 0], [0, 0, 0, 0, 0, 0, 0, 0, 0, 0, 1]]
[[1, 0, 0, 0, 0, 0, 0, 0, 0, 0, 0], [0, 1, 0, 0, 0, 0, 0, 0, 0, 0, 0], [0, 0, 1, 0, 0, 0, 0, 0, 0, 0, 0], [0, 0, 0, 1, 0, 0, 0, 0, 0, 0, 0], [0, 0, 0, 0, 1, 0, 0, 0, 0, 0, 0], [0, 0, 0, 0, 0, 1, 0, 0, 0, 0, 0], [0, 0, 0, 0, 0, 0, 1, 0, 0, 0, 0], [0, 0, 0, 0, 0, 0, 0, 1, 0, 0, 0], [0, 0, 0, 0, 0, 0, 0, 0, 1, 0, 0], [0, 0, 0, 0, 0, 0, 0, 0, 0, 1, 0], [0, 0, 0, 0, 0, 0, 0, 0, 0, 0, 1]]
[[1, 0, 0, 0, 0, 0, 0, 0, 0, 0, 0], [0, 1, 0, 0, 0, 0, 0, 0, 0, 0, 0], [0, 0, 1, 0, 0, 0, 0, 0, 0, 0, 0], [0, 0, 0, 1, 0, 0, 0, 0, 0, 0, 0], [0, 0, 0, 0, 1, 0, 0, 0, 0, 0, 0], [0, 0, 0, 0, 0, 1, 0, 0, 0, 0, 0], [0, 0, 0, 0, 0, 0, 1, 0, 0, 0, 0], [0, 0, 0, 0, 0, 0, 0, 1, 0, 0, 0], [0, 0, 0, 0, 0, 0, 0, 0, 1, 0, 0], [0, 0, 0, 0, 0, 0, 0, 0, 0, 1, 0], [0, 0, 0, 0, 0, 0, 0, 0, 0, 0, 1]]
[[2, 1, -1, -2, 2, 1, 0, 0, 0, 1, -1], [0, 0, 0, 1, -1, 1, -1, 0, 0, 0, 1], [0, 0, 1, 0, 0, 0, 0, 0, 0, 0, 0], [0, 0, 0, 1, 0, 0, 0, 0, 0, 0, 0], [-1, -1, 1, 2, -1, -1, 0, 0, 0, -1, 1], [-1, 0, 1, 1, -1, -1, 1, 0, 0, -1, 0], [0, 0, 0, 0, 0, 0, 1, 0, 0, 0, 0], [0, 0, 0, 0, 0, 0, 0, 1, 0, 0, 0], [0, -1, 0, -1, 1, -1, 0, -1, -1, 2, -3], [0, 0, 0, 0, 0, 0, 0, 0, 0, 1, 0], [0, 0, 0, 0, 0, 0, 0, 0, 0, 0, 1]]
[[1, 0, 0, 0, 0, 0, 0, 0, 0, 0, 0], [0, 1, 0, 0, 0, 0, 0, 0, 0, 0, 0], [0, 1, 1, 2, -1, 1, -1, 0, 0, -1, 2], [0, -2, 0, -3, 2, -2, 2, 0, 0, 2, -4], [0, -1, 0, -2, 2, -1, 1, 0, 0, 1, -2], [0, -1, 0, -2, 1, 0, 1, 0, 0, 1, -2], [0, -1, 0, -2, 1, -1, 2, 0, 0, 1, -2], [0, -1, 0, -2, 1, -1, 1, 1, 0, 1, -2], [0, 1, 0, 2, -1, 1, -1, 0, 1, -1, 2], [0, 1, 0, 2, -1, 1, -1, 0, 0, 0, 2], [0, 1, 0, 2, -1, 1, -1, 0, 0, -1, 3]]
[[1, 0, 0, 0, 0, 0, 0, 0, 0, 0, 0], [0, 1, 0, 0, 0, 0, 0, 0, 0, 0, 0], [0, 0, 1, 0, 0, 0, 0, 0, 0, 0, 0], [0, 0, 0, 1, 0, 0, 0, 0, 0, 0, 0], [0, 0, 0, 0, 1, 0, 0, 0, 0, 0, 0], [0, 0, 0, 0, 0, 1, 0, 0, 0, 0, 0], [0, 0, 0, 0, 0, 0, 1, 0, 0, 0, 0], [0, 0, 0, 0, 0, 0, 0, 1, 0, 0, 0], [0, 0, 0, 0, 0, 0, 0, 0, 1, 0, 0], [0, 0, 0, 0, 0, 0, 0, 0, 0, 1, 0], [0, 0, 0, 0, 0, 0, 0, 0, 0, 0, 1]]
[[1, 0, 0, 0, 0, 0, 0, 0, 0, 0, 0], [0, 1, 0, 0, 0, 0, 0, 0, 0, 0, 0], [0, 0, 1, 0, 0, 0, 0, 0, 0, 0, 0], [-1, -1, 0, 3, -2, 0, -1, 0, 0, -1, 2], [-1, -1, 0, 2, -1, 0, -1, 0, 0, -1, 2], [-1, -1, 0, 2, -2, 1, -1, 0, 0, -1, 2], [-1, -1, 0, 2, -2, 0, 0, 0, 0, -1, 2], [-1, -1, 0, 2, -2, 0, -1, 1, 0, -1, 2], [1, 1, 0, -2, 2, 0, 1, 0, 1, 1, -2], [1, 1, 0, -2, 2, 0, 1, 0, 0, 2, -2], [1, 1, 0, -2, 2, 0, 1, 0, 0, 1, -1]]
[[1, 0, 0, 0, 0, 0, 0, 0, 0, 0, 0], [0, 1, 0, 0, 0, 0, 0, 0, 0, 0, 0], [0, 0, 1, 0, 0, 0, 0, 0, 0, 0, 0], [0, 0, 0, 1, 0, 0, 0, 0, 0, 0, 0], [0, 0, 0, 0, 1, 0, 0, 0, 0, 0, 0], [0, 0, 0, 0, 0, 1, 0, 0, 0, 0, 0], [0, 0, 0, 0, 0, 0, 1, 0, 0, 0, 0], [0, 0, 0, 0, 0, 0, 0, 1, 0, 0, 0], [0, 0, 0, 0, 0, 0, 0, 0, 1, 0, 0], [0, 0, 0, 0, 0, 0, 0, 0, 0, 1, 0], [0, 0, 0, 0, 0, 0, 0, 0, 0, 0, 1]]
[[1, 0, 0, 0, 0, 0, 0, 0, 0, 0, 0], [0, 1, 0, 0, 0, 0, 0, 0, 0, 0, 0], [0, 0, 1, 0, 0, 0, 0, 0, 0, 0, 0], [0, 0, 0, 1, 0, 0, 0, 0, 0, 0, 0], [0, 0, 0, 0, 1, 0, 0, 0, 0, 0, 0], [0, 0, 0, 0, 0, 1, 0, 0, 0, 0, 0], [0, 0, 0, 0, 0, 0, 1, 0, 0, 0, 0], [0, 0, 0, 0, 0, 0, 0, 1, 0, 0, 0], [0, 0, 0, 0, 0, 0, 0, 0, 1, 0, 0], [0, 0, 0, 0, 0, 0, 0, 0, 0, 1, 0], [0, 0, 0, 0, 0, 0, 0, 0, 0, 0, 1]]
[[1, 0, 0, 0, 0, 0, 0, 0, 0, 0, 0], [0, 1, 0, 0, 0, 0, 0, 0, 0, 0, 0], [0, 0, 1, 0, 0, 0, 0, 0, 0, 0, 0], [0, 0, 0, 1, 0, 0, 0, 0, 0, 0, 0], [0, 0, 0, 0, 1, 0, 0, 0, 0, 0, 0], [0, 0, 0, 0, 0, 1, 0, 0, 0, 0, 0], [0, 0, 0, 0, 0, 0, 1, 0, 0, 0, 0], [0, 0, 0, 0, 0, 0, 0, 1, 0, 0, 0], [0, 0, 0, 0, 0, 0, 0, 0, 1, 0, 0], [0, 0, 0, 0, 0, 0, 0, 0, 0, 1, 0], [0, 0, 0, 0, 0, 0, 0, 0, 0, 0, 1]]
[[-1, 0, 0, 0, 0, 0, 0, 0, 0, 0, 0], [0, 0, 1, 1, 0, 0, 0, 0, 0, 1, 0], [0, 0, 1, 0, 0, 0, 0, 0, 0, 0, 0], [0, 1, -1, 0, 0, 0, 0, 0, 0, -1, 0], [1, 1, -1, -1, 1, 0, 0, 0, 0, -1, 0], [1, 1, -1, -1, 0, 1, 0, 0, 0, -1, 0], [0, 1, -1, -1, 0, 0, 1, 0, 0, -1, 0], [0, -1, -1, -1, 1, -1, 0, -1, -1, 1, -3], [0, 0, 0, 0, 0, 0, 0, 0, 1, 0, 0], [0, 0, 0, 0, 0, 0, 0, 0, 0, 1, 0], [0, 0, 0, 0, 0, 0, 0, 0, 0, 0, 1]]
[[1, 0, 0, 0, 0, 0, 0, 0, 0, 0, 0], [0, 1, 0, 0, 0, 0, 0, 0, 0, 0, 0], [0, 0, 1, 0, 0, 0, 0, 0, 0, 0, 0], [0, 0, 0, 1, 0, 0, 0, 0, 0, 0, 0], [0, 0, 0, 0, 1, 0, 0, 0, 0, 0, 0], [0, 0, 0, 0, 0, 1, 0, 0, 0, 0, 0], [0, 0, 0, 0, 0, 0, 1, 0, 0, 0, 0], [0, 0, 0, 0, 0, 0, 0, 1, 0, 0, 0], [0, 0, 0, 0, 0, 0, 0, 0, 1, 0, 0], [0, 0, 0, 0, 0, 0, 0, 0, 0, 1, 0], [0, 0, 0, 0, 0, 0, 0, 0, 0, 0, 1]]
[[1, 0, -1, 0, 0, 1, -1, 0, 0, 0, 1], [1, 1, 0, -1, 1, 1, 0, 0, 0, 1, -1], [0, 0, 1, 0, 0, 0, 0, 0, 0, 0, 0], [-1, 0, -1, 2, -1, 0, -1, 0, 0, -1, 2], [-1, 0, 0, 1, 0, -1, 0, 0, 0, -1, 1], [-2, 0, 0, 2, -2, -1, 0, 0, 0, -2, 2], [-1, 0, -1, 1, -1, 0, 0, 0, 0, -1, 2], [-1, 0, -1, 1, -1, 0, -1, 1, 0, -1, 2], [0, -2, 1, 0, 0, -1, 0, -1, -1, 2, -3], [1, 0, 1, -1, 1, 0, 1, 0, 0, 2, -2], [1, 0, 1, -1, 1, 0, 1, 0, 0, 1, -1]]
[[1, 0, 0, 0, 0, 0, 0, 0, 0, 0, 0], [0, 0, 0, -1, 1, -1, 0, 0, 0, 1, -2], [0, -1, 1, -1, 1, -1, 0, 0, 0, 1, -2], [0, 1, 0, 2, -1, 1, 0, 0, 0, -1, 2], [0, 1, 0, 1, 0, 1, 0, 0, 0, -1, 2], [0, 0, 0, 0, 0, 1, 0, 0, 0, 0, 0], [0, 0, 0, 0, 0, 0, 1, 0, 0, 0, 0], [0, 2, 0, 2, -2, 2, 0, 1, 0, -2, 4], [0, 0, 0, 0, 0, 0, 0, 0, 1, 0, 0], [0, -1, 0, -1, 1, -1, 0, 0, 0, 2, -2], [0, -1, 0, -1, 1, -1, 0, 0, 0, 1, -1]]
[[1, -1, 0, -1, 1, -1, 1, -1, 0, 1, -2], [0, 1, 0, 0, 0, 0, 0, 0, 0, 0, 0], [0, 1, 1, 1, -1, 1, -1, 1, 0, -1, 2], [0, -1, 0, 0, 1, -1, 1, -1, 0, 1, -2], [0, 0, 0, 0, 1, 0, 0, 0, 0, 0, 0], [0, 0, 0, 0, 0, 1, 0, 0, 0, 0, 0], [0, 0, 0, 0, 0, 0, 1, 0, 0, 0, 0], [0, -2, 0, -2, 2, -2, 2, -1, 0, 2, -4], [0, 1, 0, 1, -1, 1, -1, 1, 1, -1, 2], [0, 1, 0, 1, -1, 1, -1, 1, 0, 0, 2], [0, 1, 0, 1, -1, 1, -1, 1, 0, -1, 3]]
[[1, 0, 0, 0, 0, 0, 0, 0, 0, 0, 0], [0, 1, 0, 0, 0, 0, 0, 0, 0, 0, 0], [0, 0, 1, 0, 0, 0, 0, 0, 0, 0, 0], [0, 0, 0, 1, 0, 0, 0, 0, 0, 0, 0], [0, 0, 0, 0, 1, 0, 0, 0, 0, 0, 0], [0, 0, 0, 0, 0, 1, 0, 0, 0, 0, 0], [0, 0, 0, 0, 0, 0, 1, 0, 0, 0, 0], [0, 0, 0, 0, 0, 0, 0, 1, 0, 0, 0], [0, 0, 0, 0, 0, 0, 0, 0, 1, 0, 0], [0, 0, 0, 0, 0, 0, 0, 0, 0, 1, 0], [0, 0, 0, 0, 0, 0, 0, 0, 0, 0, 1]]
[[1, -1, 0, 0, 0, 0, 0, -1, -1, 1, -1], [0, 1, 0, 0, 0, 0, 0, 0, 0, 0, 0], [0, 1, 1, 0, 0, 0, 0, 1, 1, -1, 1], [0, -1, 0, 1, 0, 0, 0, -1, -1, 1, -1], [0, 0, 0, 0, 1, 0, 0, 0, 0, 0, 0], [0, 1, 0, 0, 0, 1, 0, 1, 1, -1, 1], [0, 0, 0, 0, 0, 0, 1, 0, 0, 0, 0], [0, -2, 0, 0, 0, 0, 0, -1, -2, 2, -2], [0, 0, 0, 0, 0, 0, 0, 0, 1, 0, 0], [0, 1, 0, 0, 0, 0, 0, 1, 1, 0, 1], [0, 1, 0, 0, 0, 0, 0, 1, 1, -1, 2]]
[[1, 0, 0, 0, 0, 0, 0, 0, 0, 0, 0], [0, 1, 0, 0, 0, 0, 0, 0, 0, 0, 0], [0, 0, 1, 0, 0, 0, 0, 0, 0, 0, 0], [0, 0, 0, 1, 0, 0, 0, 0, 0, 0, 0], [0, 0, 0, 0, 1, 0, 0, 0, 0, 0, 0], [0, 0, 0, 0, 0, 1, 0, 0, 0, 0, 0], [0, 0, 0, 0, 0, 0, 1, 0, 0, 0, 0], [0, 0, 0, 0, 0, 0, 0, 1, 0, 0, 0], [0, 0, 0, 0, 0, 0, 0, 0, 1, 0, 0], [0, 0, 0, 0, 0, 0, 0, 0, 0, 1, 0], [0, 0, 0, 0, 0, 0, 0, 0, 0, 0, 1]]
[[1, 0, 0, 0, 0, 0, 0, 0, 0, 0, 0], [0, 1, 0, 0, 0, 0, 0, 0, 0, 0, 0], [0, 0, 1, 0, 0, 0, 0, 0, 0, 0, 0], [0, 0, 0, 1, 0, 0, 0, 0, 0, 0, 0], [0, 0, 0, 0, 1, 0, 0, 0, 0, 0, 0], [0, 0, 0, 0, 0, 1, 0, 0, 0, 0, 0], [0, 0, 0, 0, 0, 0, 1, 0, 0, 0, 0], [0, 0, 0, 0, 0, 0, 0, 1, 0, 0, 0], [0, 0, 0, 0, 0, 0, 0, 0, 1, 0, 0], [0, 0, 0, 0, 0, 0, 0, 0, 0, 1, 0], [0, 0, 0, 0, 0, 0, 0, 0, 0, 0, 1]]
[[1, 0, 0, 0, 0, 0, 0, 0, 0, 0, 0], [0, 1, 0, 0, 0, 0, 0, 0, 0, 0, 0], [0, 0, 1, 0, 0, 0, 0, 0, 0, 0, 0], [0, 0, 0, 1, 0, 0, 0, 0, 0, 0, 0], [0, 0, 0, 0, 1, 0, 0, 0, 0, 0, 0], [0, 0, 0, 0, 0, 1, 0, 0, 0, 0, 0], [0, 0, 0, 0, 0, 0, 1, 0, 0, 0, 0], [0, 0, 0, 0, 0, 0, 0, 1, 0, 0, 0], [0, 0, 0, 0, 0, 0, 0, 0, 1, 0, 0], [0, 0, 0, 0, 0, 0, 0, 0, 0, 1, 0], [0, 0, 0, 0, 0, 0, 0, 0, 0, 0, 1]]
[[1, 0, 0, 0, 0, 0, 0, 0, 0, 0, 0], [0, 1, 0, 0, 0, 0, 0, 0, 0, 0, 0], [0, 0, 1, 0, 0, 0, 0, 0, 0, 0, 0], [0, 0, 0, 1, 0, 0, 0, 0, 0, 0, 0], [0, 0, 0, 0, 1, 0, 0, 0, 0, 0, 0], [0, 0, 0, 0, 0, 1, 0, 0, 0, 0, 0], [0, 0, 0, 0, 0, 0, 1, 0, 0, 0, 0], [0, 0, 0, 0, 0, 0, 0, 1, 0, 0, 0], [0, 0, 0, 0, 0, 0, 0, 0, 1, 0, 0], [0, 0, 0, 0, 0, 0, 0, 0, 0, 1, 0], [0, 0, 0, 0, 0, 0, 0, 0, 0, 0, 1]]
[[1, 0, 0, 0, 0, 0, 0, 0, 0, 0, 0], [0, 1, 0, 0, 0, 0, 0, 0, 0, 0, 0], [0, 0, 1, 0, 0, 0, 0, 0, 0, 0, 0], [0, 0, 0, 1, 0, 0, 0, 0, 0, 0, 0], [0, 0, 0, 0, 1, 0, 0, 0, 0, 0, 0], [0, 0, 0, 0, 0, 1, 0, 0, 0, 0, 0], [0, 0, 0, 0, 0, 0, 1, 0, 0, 0, 0], [0, 0, 0, 0, 0, 0, 0, 1, 0, 0, 0], [0, 0, 0, 0, 0, 0, 0, 0, 1, 0, 0], [0, 0, 0, 0, 0, 0, 0, 0, 0, 1, 0], [0, 0, 0, 0, 0, 0, 0, 0, 0, 0, 1]]
[[1, 0, 0, 0, 0, 0, 0, 0, 0, 0, 0], [0, 1, 0, 0, 0, 0, 0, 0, 0, 0, 0], [0, 0, 1, 0, 0, 0, 0, 0, 0, 0, 0], [0, 0, 0, 1, 0, 0, 0, 0, 0, 0, 0], [0, 0, 0, 0, 1, 0, 0, 0, 0, 0, 0], [0, 0, 0, 0, 0, 1, 0, 0, 0, 0, 0], [0, 0, 0, 0, 0, 0, 1, 0, 0, 0, 0], [0, 0, 0, 0, 0, 0, 0, 1, 0, 0, 0], [0, 0, 0, 0, 0, 0, 0, 0, 1, 0, 0], [0, 0, 0, 0, 0, 0, 0, 0, 0, 1, 0], [0, 0, 0, 0, 0, 0, 0, 0, 0, 0, 1]]
[[0, 0, 0, 0, -1, 0, 0, 0, 0, -1, 0], [0, 1, 0, 0, 0, 0, 0, 0, 0, 0, 0], [0, 0, 1, 0, 0, 0, 0, 0, 0, 0, 0], [0, 0, 0, 1, 0, 0, 0, 0, 0, 0, 0], [0, 0, 0, 0, 1, 0, 0, 0, 0, 0, 0], [1, 0, 0, 0, 1, 1, 0, 0, 0, 1, 0], [0, 0, 0, 0, 0, 0, 1, 0, 0, 0, 0], [0, 0, 0, 0, 0, 0, 0, 1, 0, 0, 0], [0, 0, 0, 0, 0, 0, 0, 0, 1, 0, 0], [-1, 0, 0, 0, -1, 0, 0, 0, 0, 0, 0], [-1, 0, 0, 0, -1, 0, 0, 0, 0, -1, 1]]
[[0, -1, 1, 0, 0, -1, 0, 0, 0, 1, -2], [1, 0, -1, -2, 2, -1, 1, -1, 0, 1, -2], [1, 0, 0, -1, 1, 0, 1, 0, 0, 1, 0], [-1, 0, 1, 2, -1, 0, -1, 0, 0, -1, 0], [-1, 1, 1, 2, -1, 1, -1, 1, 0, -1, 2], [0, 0, 0, 0, 0, 1, 0, 0, 0, 0, 0], [-1, 0, 1, 1, -1, 0, 0, 0, 0, -1, 0], [-1, 0, 1, 1, -1, 0, -1, 1, 0, -1, 0], [1, 1, -1, 0, 0, 1, 0, 0, 1, -1, 2], [1, 0, -1, -1, 1, 0, 0, -1, 0, 0, 0], [0, 0, 0, 0, 0, 0, 0, 0, 0, 0, 1]]
[[1, 0, 0, 0, 0, 0, 0, 0, 0, 0, 0], [0, 1, 0, 0, 0, 0, 0, 0, 0, 0, 0], [0, 0, 1, 0, 0, 0, 0, 0, 0, 0, 0], [0, 0, 0, 1, 0, 0, 0, 0, 0, 0, 0], [0, 0, 0, 0, 1, 0, 0, 0, 0, 0, 0], [0, 0, 0, 0, 0, 1, 0, 0, 0, 0, 0], [0, 0, 0, 0, 0, 0, 1, 0, 0, 0, 0], [0, 0, 0, 0, 0, 0, 0, 1, 0, 0, 0], [0, 0, 0, 0, 0, 0, 0, 0, 1, 0, 0], [0, 0, 0, 0, 0, 0, 0, 0, 0, 1, 0], [0, 0, 0, 0, 0, 0, 0, 0, 0, 0, 1]]
[[1, 0, 0, 0, 0, 0, 0, 0, 0, 0, 0], [0, 1, 0, 0, 0, 0, 0, 0, 0, 0, 0], [0, 1, 1, 2, -1, 1, -1, 0, 0, -1, 2], [0, -2, 0, -3, 2, -2, 2, 0, 0, 2, -4], [0, -1, 0, -2, 2, -1, 1, 0, 0, 1, -2], [0, -1, 0, -2, 1, 0, 1, 0, 0, 1, -2], [0, -1, 0, -2, 1, -1, 2, 0, 0, 1, -2], [0, -1, 0, -2, 1, -1, 1, 1, 0, 1, -2], [0, 1, 0, 2, -1, 1, -1, 0, 1, -1, 2], [0, 1, 0, 2, -1, 1, -1, 0, 0, 0, 2], [0, 1, 0, 2, -1, 1, -1, 0, 0, -1, 3]]
[[1, 0, 0, 0, 0, 0, 0, 0, 0, 0, 0], [0, 1, 0, 0, 0, 0, 0, 0, 0, 0, 0], [0, 0, 1, 0, 0, 0, 0, 0, 0, 0, 0], [0, 0, 0, 1, 0, 0, 0, 0, 0, 0, 0], [0, 0, 0, 0, 1, 0, 0, 0, 0, 0, 0], [0, 0, 0, 0, 0, 1, 0, 0, 0, 0, 0], [0, 0, 0, 0, 0, 0, 1, 0, 0, 0, 0], [0, 0, 0, 0, 0, 0, 0, 1, 0, 0, 0], [0, 0, 0, 0, 0, 0, 0, 0, 1, 0, 0], [0, 0, 0, 0, 0, 0, 0, 0, 0, 1, 0], [0, 0, 0, 0, 0, 0, 0, 0, 0, 0, 1]]
[[1, 0, 0, 0, 0, 0, 0, 0, 0, 0, 0], [0, 1, 0, 0, 0, 0, 0, 0, 0, 0, 0], [0, 0, 1, 0, 0, 0, 0, 0, 0, 0, 0], [0, 0, 0, 1, 0, 0, 0, 0, 0, 0, 0], [0, 0, 0, 0, 1, 0, 0, 0, 0, 0, 0], [0, 0, 0, 0, 0, 1, 0, 0, 0, 0, 0], [0, 0, 0, 0, 0, 0, 1, 0, 0, 0, 0], [0, 0, 0, 0, 0, 0, 0, 1, 0, 0, 0], [0, 0, 0, 0, 0, 0, 0, 0, 1, 0, 0], [0, 0, 0, 0, 0, 0, 0, 0, 0, 1, 0], [0, 0, 0, 0, 0, 0, 0, 0, 0, 0, 1]]
[[1, 0, 0, 0, 0, 0, 0, 0, 0, 0, 0], [0, 1, 0, 0, 0, 0, 0, 0, 0, 0, 0], [0, 0, 1, 0, 0, 0, 0, 0, 0, 0, 0], [0, 0, 0, 1, 0, 0, 0, 0, 0, 0, 0], [0, 0, 0, 0, 1, 0, 0, 0, 0, 0, 0], [0, 0, 0, 0, 0, 1, 0, 0, 0, 0, 0], [0, 0, 0, 0, 0, 0, 1, 0, 0, 0, 0], [0, 0, 0, 0, 0, 0, 0, 1, 0, 0, 0], [0, 0, 0, 0, 0, 0, 0, 0, 1, 0, 0], [0, 0, 0, 0, 0, 0, 0, 0, 0, 1, 0], [0, 0, 0, 0, 0, 0, 0, 0, 0, 0, 1]]
[[1, 0, 0, 0, 0, 0, 0, 0, 0, 0, 0], [0, 1, 0, 0, 0, 0, 0, 0, 0, 0, 0], [0, 0, 1, 0, 0, 0, 0, 0, 0, 0, 0], [0, 0, 0, 1, 0, 0, 0, 0, 0, 0, 0], [0, 0, 0, 0, 1, 0, 0, 0, 0, 0, 0], [0, 0, 0, 0, 0, 1, 0, 0, 0, 0, 0], [0, 0, 0, 0, 0, 0, 1, 0, 0, 0, 0], [0, 0, 0, 0, 0, 0, 0, 1, 0, 0, 0], [0, 0, 0, 0, 0, 0, 0, 0, 1, 0, 0], [0, 0, 0, 0, 0, 0, 0, 0, 0, 1, 0], [0, 0, 0, 0, 0, 0, 0, 0, 0, 0, 1]]
[[0, 0, 1, 0, 0, -1, 1, 0, 0, 0, -1], [0, 1, 0, 0, 0, 0, 0, 0, 0, 0, 0], [0, 0, 1, 0, 0, 0, 0, 0, 0, 0, 0], [1, 0, -1, 1, 0, 1, -1, 0, 0, 0, 1], [1, 0, -1, 0, 1, 1, -1, 0, 0, 0, 1], [0, -1, 0, 2, -1, 1, -1, 0, 0, 0, 2], [1, 0, -1, 0, 0, 1, 0, 0, 0, 0, 1], [1, 0, -1, 0, 1, 0, 0, 0, 1, 0, 0], [-1, 0, 1, 0, -1, 0, 0, 1, 0, 0, 0], [0, 1, 0, -2, 1, 0, 1, 0, 0, 1, -2], [0, 1, 0, -2, 1, 0, 1, 0, 0, 0, -1]]
[[1, 0, 0, 0, 0, 0, 0, 0, 0, 0, 0], [0, 1, 0, 0, 0, 0, 0, 0, 0, 0, 0], [0, 0, 1, 0, 0, 0, 0, 0, 0, 0, 0], [0, 0, 0, 1, 0, 0, 0, 0, 0, 0, 0], [0, 0, 0, 0, 1, 0, 0, 0, 0, 0, 0], [0, 0, 0, -1, 1, 0, 1, 0, 1, 0, -1], [0, 0, 0, 0, 0, 0, 1, 0, 0, 0, 0], [0, 0, 0, 0, 0, 0, 0, 1, 0, 0, 0], [0, 0, 0, 1, -1, 1, -1, 0, 0, 0, 1], [0, 0, 0, 0, 0, 0, 0, 0, 0, 1, 0], [0, 0, 0, 0, 0, 0, 0, 0, 0, 0, 1]]
[[1, 0, 0, 0, 0, 0, 0, 0, 0, 0, 0], [0, 1, 0, 0, 0, 0, 0, 0, 0, 0, 0], [0, 0, 0, 0, 0, 0, 0, 0, 0, 0, 1], [0, 0, 0, 1, 0, 0, 0, 0, 0, 0, 0], [0, 0, 0, 0, 1, 0, 0, 0, 0, 0, 0], [0, 0, -1, 0, 0, 1, 0, 0, 0, 0, 1], [0, 0, 0, 0, 0, 0, 1, 0, 0, 0, 0], [0, 0, 0, 0, 0, 0, 0, 1, 0, 0, 0], [0, 0, 0, 0, 0, 0, 0, 0, 1, 0, 0], [0, 0, 1, 0, 0, 0, 0, 0, 0, 1, -1], [0, 0, 1, 0, 0, 0, 0, 0, 0, 0, 0]]
[[1, 1, 0, 0, 0, 1, 0, 1, 1, 0, 1], [0, 1, 0, 0, 0, 0, 0, 0, 0, 0, 0], [0, 0, 1, 0, 0, 0, 0, 0, 0, 0, 0], [0, 0, 0, 1, 0, 0, 0, 0, 0, 0, 0], [0, 0, 0, 0, 1, 0, 0, 0, 0, 0, 0], [0, -1, 0, 0, 0, 0, 0, -1, -1, 0, -1], [0, 0, 0, 0, 0, 0, 1, 0, 0, 0, 0], [0, 0, 0, 0, 0, 0, 0, 1, 0, 0, 0], [0, -1, 0, 0, 0, -1, 0, -1, 0, 0, -1], [0, -1, 0, 0, 0, -1, 0, -1, -1, 1, -1], [0, 0, 0, 0, 0, 0, 0, 0, 0, 0, 1]]
[[0, 0, 0, 1, -1, 0, 0, 0, 0, 0, 1], [1, 1, 0, -1, 1, 0, 0, 0, 0, 0, -1], [0, 0, 1, 0, 0, 0, -1, 1, 0, 0, 0], [-1, 0, -1, 2, -1, 0, 0, -1, 0, -1, 2], [-1, 0, 0, 1, 0, 0, 0, 0, 0, 0, 1], [-1, 0, -1, 1, -1, 1, -1, 0, 0, -1, 2], [-1, 0, -1, 1, -1, 0, 0, 0, 0, -1, 2], [-1, 0, -1, 1, -1, 0, 1, -1, 0, -1, 2], [1, 0, 0, -1, 1, 0, 0, 0, 1, 0, -1], [2, 0, 0, -2, 2, 0, 0, 0, 0, 1, -2], [1, 0, 1, -1, 1, 0, 0, 1, 0, 1, -1]]
[[1, 0, 0, 0, 0, 0, 0, 0, 0, 0, 0], [0, 1, 0, 0, 0, 0, 0, 0, 0, 0, 0], [0, 0, 1, 0, 0, 0, 0, 0, 0, 0, 0], [0, 0, 0, 1, 0, 0, 0, 0, 0, 0, 0], [0, 0, 0, 0, 1, 0, 0, 0, 0, 0, 0], [0, 0, 0, 0, 0, 1, 0, 0, 0, 0, 0], [0, 0, 0, 0, 0, 0, 1, 0, 0, 0, 0], [0, 0, 0, 0, 0, 0, 0, 1, 0, 0, 0], [0, 0, 0, 0, 0, 0, 0, 0, 1, 0, 0], [0, 0, 0, 0, 0, 0, 0, 0, 0, 1, 0], [0, 0, 0, 0, 0, 0, 0, 0, 0, 0, 1]]
[[1, 0, 0, 0, 0, 0, 0, 0, 0, 0, 0], [0, 1, 0, 0, 0, 0, 0, 0, 0, 0, 0], [0, 0, 1, 0, 0, 0, 0, 0, 0, 0, 0], [0, 0, 0, 1, 0, 0, 0, 0, 0, 0, 0], [0, 0, 0, 0, 1, 0, 0, 0, 0, 0, 0], [0, 0, 0, 0, 0, 1, 0, 0, 0, 0, 0], [0, 0, 0, 0, 0, 0, 1, 0, 0, 0, 0], [0, 0, 0, 0, 0, 0, 0, 1, 0, 0, 0], [0, 0, 0, 0, 0, 0, 0, 0, 1, 0, 0], [0, 0, 0, 0, 0, 0, 0, 0, 0, 1, 0], [0, 0, 0, 0, 0, 0, 0, 0, 0, 0, 1]]
[[1, 0, 0, 0, 0, 0, 0, 0, 0, 0, 0], [0, 1, 0, 0, 0, 0, 0, 0, 0, 0, 0], [0, 0, 1, 0, 0, 0, 0, 0, 0, 0, 0], [0, 0, 0, 1, 0, 0, 0, 0, 0, 0, 0], [0, 0, 0, 0, 1, 0, 0, 0, 0, 0, 0], [0, 0, 0, 0, 0, 1, 0, 0, 0, 0, 0], [0, 0, 0, 0, 0, 0, 1, 0, 0, 0, 0], [0, 0, 0, 0, 0, 0, 0, 1, 0, 0, 0], [0, 0, 0, 0, 0, 0, 0, 0, 1, 0, 0], [0, 0, 0, 0, 0, 0, 0, 0, 0, 1, 0], [0, 0, 0, 0, 0, 0, 0, 0, 0, 0, 1]]
[[1, 0, 0, 0, 0, 0, 0, 0, 0, 0, 0], [0, 1, 0, 0, 0, 0, 0, 0, 0, 0, 0], [0, 0, 1, 0, 0, 0, 0, 0, 0, 0, 0], [0, 0, 0, 1, 0, 0, 0, 0, 0, 0, 0], [0, 0, 0, 0, 1, 0, 0, 0, 0, 0, 0], [0, 0, 0, 0, 0, 1, 0, 0, 0, 0, 0], [0, 0, 0, 0, 0, 0, 1, 0, 0, 0, 0], [0, 0, 0, 0, 0, 0, 0, 1, 0, 0, 0], [0, 0, 0, 0, 0, 0, 0, 0, 1, 0, 0], [0, 0, 0, 0, 0, 0, 0, 0, 0, 1, 0], [0, 0, 0, 0, 0, 0, 0, 0, 0, 0, 1]]
[[1, 0, 0, 0, 0, 0, 0, 0, 0, 0, 0], [0, 1, 0, 1, 0, 0, -1, 0, 0, 0, 0], [0, 0, 1, 2, 0, 0, -2, 0, 0, 0, 0], [0, 0, 0, -2, 0, 0, 3, 0, 0, 0, 0], [0, 0, 0, -2, 1, 0, 2, 0, 0, 0, 0], [0, 0, 0, -1, 0, 1, 1, 0, 0, 0, 0], [0, 0, 0, -1, 0, 0, 2, 0, 0, 0, 0], [0, 0, 0, -3, 0, 0, 3, 1, 0, 0, 0], [0, 0, 0, 1, 0, 0, -1, 0, 1, 0, 0], [0, 0, 0, 2, 0, 0, -2, 0, 0, 1, 0], [0, 0, 0, 2, 0, 0, -2, 0, 0, 0, 1]]
[[1, 0, 0, 0, 0, 0, 0, 0, 0, 0, 0], [0, 1, 0, 0, 0, 0, 0, 0, 0, 0, 0], [0, 0, 1, 0, 0, 0, 0, 0, 0, 0, 0], [0, 0, 0, 1, 0, 0, 0, 0, 0, 0, 0], [0, 0, 0, 0, 1, 0, 0, 0, 0, 0, 0], [0, 0, 0, 0, 0, 1, 0, 0, 0, 0, 0], [0, 0, 0, 0, 0, 0, 1, 0, 0, 0, 0], [0, 0, 0, 0, 0, 0, 0, 1, 0, 0, 0], [0, 0, 0, 0, 0, 0, 0, 0, 1, 0, 0], [0, 0, 0, 0, 0, 0, 0, 0, 0, 1, 0], [0, 0, 0, 0, 0, 0, 0, 0, 0, 0, 1]]
[[1, 0, 0, 0, 0, 0, 0, 0, 0, 0, 0], [0, 1, 0, 0, 0, 0, 0, 0, 0, 0, 0], [0, 0, 1, 0, 0, 0, 0, 0, 0, 0, 0], [0, 0, 0, 1, 0, 0, 0, 0, 0, 0, 0], [0, 0, 0, 0, 1, 0, 0, 0, 0, 0, 0], [0, 0, 0, 0, 0, 1, 0, 0, 0, 0, 0], [0, 0, 0, 0, 0, 0, 1, 0, 0, 0, 0], [0, 0, 0, 0, 0, 0, 0, 1, 0, 0, 0], [0, 0, 0, 0, 0, 0, 0, 0, 1, 0, 0], [0, 0, 0, 0, 0, 0, 0, 0, 0, 1, 0], [0, 0, 0, 0, 0, 0, 0, 0, 0, 0, 1]]
[[1, 0, 0, 0, 0, 0, 0, 0, 0, 0, 0], [0, 1, 0, 0, 0, 0, 0, 0, 0, 0, 0], [0, 1, 1, 2, -1, 1, -1, 0, 0, -1, 2], [0, -2, 0, -3, 2, -2, 2, 0, 0, 2, -4], [0, -1, 0, -2, 2, -1, 1, 0, 0, 1, -2], [0, -1, 0, -2, 1, 0, 1, 0, 0, 1, -2], [0, -1, 0, -2, 1, -1, 2, 0, 0, 1, -2], [0, -1, 0, -2, 1, -1, 1, 1, 0, 1, -2], [0, 1, 0, 2, -1, 1, -1, 0, 1, -1, 2], [0, 1, 0, 2, -1, 1, -1, 0, 0, 0, 2], [0, 1, 0, 2, -1, 1, -1, 0, 0, -1, 3]]
[[1, 0, 0, 0, 0, 0, 0, 0, 0, 0, 0], [0, 1, 0, 0, 0, 0, 0, 0, 0, 0, 0], [0, 0, 1, 0, 0, 0, 0, 0, 0, 0, 0], [0, 0, 0, 1, 0, 0, 0, 0, 0, 0, 0], [0, 0, 0, 0, 1, 0, 0, 0, 0, 0, 0], [0, 0, 0, 0, 0, 1, 0, 0, 0, 0, 0], [0, 0, 0, 0, 0, 0, 1, 0, 0, 0, 0], [0, 0, 0, 0, 0, 0, 0, 1, 0, 0, 0], [0, 0, 0, 0, 0, 0, 0, 0, 1, 0, 0], [0, 0, 0, 0, 0, 0, 0, 0, 0, 1, 0], [0, 0, 0, 0, 0, 0, 0, 0, 0, 0, 1]]
[[1, -2, 0, -1, 1, -1, 0, -1, -1, 2, -3], [0, -1, 0, -1, 1, -1, 0, -1, -1, 2, -3], [0, 0, 1, 0, 0, 0, 0, 0, 0, 0, 0], [0, 0, 0, 1, 0, 0, 0, 0, 0, 0, 0], [0, 2, 0, 1, 0, 1, 0, 1, 1, -2, 3], [0, 2, 0, 1, -1, 2, 0, 1, 1, -2, 3], [0, 0, 0, 0, 0, 0, 1, 0, 0, 0, 0], [0, 0, 0, 0, 0, 0, 0, 1, 0, 0, 0], [0, 0, 0, 0, 0, 0, 0, 0, 1, 0, 0], [0, 0, 0, 0, 0, 0, 0, 0, 0, 1, 0], [0, 0, 0, 0, 0, 0, 0, 0, 0, 0, 1]]
[[1, 0, 0, 0, 0, 0, 0, 0, 0, 0, 0], [0, 1, 0, -1, 1, -1, 1, 0, 0, 0, -1], [1, 1, 0, -3, 3, -1, 2, 0, 1, 1, -3], [-1, -1, 1, 5, -4, 2, -3, 0, -1, -1, 4], [0, 0, 0, 2, -1, 2, -2, 0, 0, 0, 2], [-1, -1, 1, 3, -2, 1, -2, 0, 0, -1, 2], [-1, -1, 1, 4, -3, 1, -2, 0, 0, -1, 3], [-1, -1, 1, 4, -4, 2, -3, 1, -1, -1, 4], [0, 0, 0, -2, 1, -1, 2, 0, 0, 0, -1], [0, 0, 0, -2, 2, -2, 2, 0, 0, 1, -2], [1, 1, -1, -3, 3, -1, 2, 0, 1, 1, -2]]
[[1, 0, 0, 0, 0, 0, 0, 0, 0, 0, 0], [0, 1, 0, 0, 0, 0, 0, 0, 0, 0, 0], [0, 0, 1, 0, 0, 0, 0, 0, 0, 0, 0], [0, 0, 0, 1, 0, 0, 0, 0, 0, 0, 0], [0, 0, 0, 0, 1, 0, 0, 0, 0, 0, 0], [0, 0, 0, 0, 0, 1, 0, 0, 0, 0, 0], [0, 0, 0, 0, 0, 0, 1, 0, 0, 0, 0], [0, 0, 0, 0, 0, 0, 0, 1, 0, 0, 0], [0, 0, 0, 0, 0, 0, 0, 0, 1, 0, 0], [0, 0, 0, 0, 0, 0, 0, 0, 0, 1, 0], [0, 0, 0, 0, 0, 0, 0, 0, 0, 0, 1]]
[[0, -1, 1, 1, 0, 0, 0, 0, 0, 1, 0], [-1, 0, 0, 1, -1, 0, 0, 0, 0, 0, 1], [-1, -1, 0, 1, -2, 0, 0, 0, 0, -1, 2], [1, 1, 0, 0, 1, 0, 0, 0, 0, 0, -1], [1, 1, -1, -1, 1, 0, 0, 0, 0, -1, 0], [1, 1, -1, -1, 0, 1, 0, 0, 0, -1, 0], [1, 1, 0, -1, 1, 0, 1, 0, 0, 0, -1], [1, -1, 0, -1, 2, -1, 0, -1, -1, 2, -4], [0, 0, 0, 0, 0, 0, 0, 0, 1, 0, 0], [0, 0, 0, 0, 0, 0, 0, 0, 0, 1, 0], [0, 0, 0, 0, 0, 0, 0, 0, 0, 0, 1]]
[[1, 0, 0, 0, 0, 0, 0, 0, 0, 0, 0], [0, 1, 0, 0, 0, 0, 0, 0, 0, 0, 0], [0, 0, 1, 0, 0, 0, 0, 0, 0, 0, 0], [0, 0, 0, 1, 0, 0, 0, 0, 0, 0, 0], [0, 0, 0, 0, 1, 0, 0, 0, 0, 0, 0], [0, 0, 0, 0, 0, 1, 0, 0, 0, 0, 0], [0, 0, 0, 0, 0, 0, 1, 0, 0, 0, 0], [0, 0, 0, 0, 0, 0, 0, 1, 0, 0, 0], [0, 0, 0, 0, 0, 0, 0, 0, 1, 0, 0], [0, 0, 0, 0, 0, 0, 0, 0, 0, 1, 0], [0, 0, 0, 0, 0, 0, 0, 0, 0, 0, 1]]
[[1, 0, 0, 0, 0, 0, 0, 0, 0, 0, 0], [0, 1, 0, 0, 0, 0, 0, 0, 0, 0, 0], [0, 0, 1, 0, 0, 0, 0, 0, 0, 0, 0], [0, 0, 0, 1, 0, 0, 0, 0, 0, 0, 0], [0, 0, 0, 0, 1, 0, 0, 0, 0, 0, 0], [0, 0, 0, 0, 0, 1, 0, 0, 0, 0, 0], [0, 0, 0, 0, 0, 0, 1, 0, 0, 0, 0], [0, 0, 0, 0, 0, 0, 0, 1, 0, 0, 0], [0, 0, 0, 0, 0, 0, 0, 0, 1, 0, 0], [0, 0, 0, 0, 0, 0, 0, 0, 0, 1, 0], [0, 0, 0, 0, 0, 0, 0, 0, 0, 0, 1]]
[[1, 0, 0, 0, 0, 0, 0, 0, 0, 0, 0], [0, 1, 0, 0, 0, 0, 0, 0, 0, 0, 0], [0, 0, 1, 0, 0, 0, 0, 0, 0, 0, 0], [0, 0, 0, 1, 0, 0, 0, 0, 0, 0, 0], [0, 0, 0, 0, 1, 0, 0, 0, 0, 0, 0], [0, 0, 0, 0, 0, 1, 0, 0, 0, 0, 0], [0, 0, 0, 0, 0, 0, 1, 0, 0, 0, 0], [0, 0, 0, 0, 0, 0, 0, 1, 0, 0, 0], [0, 0, 0, 0, 0, 0, 0, 0, 1, 0, 0], [0, 0, 0, 0, 0, 0, 0, 0, 0, 1, 0], [0, 0, 0, 0, 0, 0, 0, 0, 0, 0, 1]]
[[0, 0, 1, 2, -1, 0, -1, 0, 0, 0, 0], [1, 1, -1, 0, 1, 0, 0, -1, 0, 0, 0], [1, 0, 0, 1, 1, 0, 0, -1, 0, 1, 0], [-1, 0, 1, -2, -1, 0, 1, 2, 0, -1, 0], [-1, 0, 1, -2, 0, 0, 1, 2, 0, 0, 0], [0, 0, 0, -2, 0, 1, 1, 1, 0, 0, 0], [-1, 0, 1, -1, -1, 0, 1, 1, 0, -1, 0], [-1, 0, 1, -1, -1, 0, 0, 2, 0, -1, 0], [1, 0, -1, 0, 1, 0, 0, -1, 1, 0, 0], [1, 0, -1, 1, 1, 0, -1, -2, 0, 0, 0], [0, 0, 0, 2, 0, 0, -1, -1, 0, 0, 1]]
[[1, 0, 0, 0, 0, 0, 0, 0, 0, 0, 0], [0, 1, 0, 0, 0, 0, 0, 0, 0, 0, 0], [0, 0, 1, 0, 0, 0, 0, 0, 0, 0, 0], [0, 0, 0, 1, 0, 0, 0, 0, 0, 0, 0], [0, 0, 0, 0, 1, 0, 0, 0, 0, 0, 0], [0, 0, 0, 0, 0, 1, 0, 0, 0, 0, 0], [0, 0, 0, 0, 0, 0, 1, 0, 0, 0, 0], [0, 0, 0, 0, 0, 0, 0, 1, 0, 0, 0], [0, 0, 0, 0, 0, 0, 0, 0, 1, 0, 0], [0, 0, 0, 0, 0, 0, 0, 0, 0, 1, 0], [0, 0, 0, 0, 0, 0, 0, 0, 0, 0, 1]]
[[0, -1, 1, 1, 0, 0, 0, 0, 0, 1, 0], [-1, 0, 0, 1, -1, 0, 0, 0, 0, 0, 1], [-1, -1, 0, 1, -2, 0, 0, 0, 0, -1, 2], [1, 1, 0, 0, 1, 0, 0, 0, 0, 0, -1], [1, 1, -1, -1, 1, 0, 0, 0, 0, -1, 0], [1, 1, -1, -1, 0, 1, 0, 0, 0, -1, 0], [1, 1, 0, -1, 1, 0, 1, 0, 0, 0, -1], [1, -1, 0, -1, 2, -1, 0, -1, -1, 2, -4], [0, 0, 0, 0, 0, 0, 0, 0, 1, 0, 0], [0, 0, 0, 0, 0, 0, 0, 0, 0, 1, 0], [0, 0, 0, 0, 0, 0, 0, 0, 0, 0, 1]]
[[1, 0, 0, 0, 0, 0, 0, 0, 0, 0, 0], [0, 1, 0, 0, 0, 0, 0, 0, 0, 0, 0], [0, 0, 1, 0, 0, 0, 0, 0, 0, 0, 0], [0, 0, 0, 1, 0, 0, 0, 0, 0, 0, 0], [0, 0, 0, 0, 1, 0, 0, 0, 0, 0, 0], [0, 0, 0, 0, 0, 1, 0, 0, 0, 0, 0], [0, 0, 0, 0, 0, 0, 1, 0, 0, 0, 0], [0, 0, 0, 0, 0, 0, 0, 1, 0, 0, 0], [0, 0, 0, 0, 0, 0, 0, 0, 1, 0, 0], [0, 0, 0, 0, 0, 0, 0, 0, 0, 1, 0], [0, 0, 0, 0, 0, 0, 0, 0, 0, 0, 1]]
[[1, 1, -1, -1, 1, 0, 0, 0, 0, 0, 0], [0, 0, 1, 1, -1, 0, 0, 0, 0, 0, 0], [0, 0, 1, 0, 0, 0, 0, 0, 0, 0, 0], [0, 1, -1, 0, 1, 0, 0, 0, 0, 0, 0], [0, 0, 0, 0, 1, 0, 0, 0, 0, 0, 0], [0, 1, -1, -1, 1, 1, 0, 0, 0, 0, 0], [0, 1, -1, -1, 1, 0, 1, 0, 0, 0, 0], [0, 1, -1, -1, 1, 0, 0, 1, 0, 0, 0], [0, 0, 0, 0, 0, 0, 0, 0, 1, 0, 0], [0, -1, 1, 1, -1, 0, 0, 0, 0, 1, 0], [0, -1, 1, 1, -1, 0, 0, 0, 0, 0, 1]]
[[0, 0, 1, 1, -1, 0, 0, 0, -1, 0, 0], [0, 1, 0, 0, 0, 0, 0, 0, 0, 0, 0], [0, 0, 1, 0, 0, 0, 0, 0, 0, 0, 0], [1, 0, -1, 0, 1, 0, 0, 0, 1, 0, 0], [1, 0, -1, -1, 2, 0, 0, 0, 1, 0, 0], [0, -1, 0, 0, 0, 0, 0, 1, 1, 0, 1], [1, 0, -1, -1, 1, 0, 1, 0, 1, 0, 0], [1, 0, -1, 1, 0, 1, -1, 0, 0, 0, 1], [-1, 0, 1, 1, -1, 0, 0, 0, 0, 0, 0], [0, 1, 0, -2, 1, 0, 1, 0, 0, 1, -2], [0, 1, 0, -2, 1, 0, 1, 0, 0, 0, -1]]
[[1, 0, 0, 0, 0, 0, 0, 0, 0, 0, 0], [0, 1, 0, 0, 0, 0, 0, 0, 0, 0, 0], [0, 0, 1, 0, 0, 0, 0, 0, 0, 0, 0], [0, 0, 0, 1, 0, 0, 0, 0, 0, 0, 0], [0, 0, 0, 0, 1, 0, 0, 0, 0, 0, 0], [0, 0, 0, 0, 0, 1, 0, 0, 0, 0, 0], [0, 0, 0, 0, 0, 0, 1, 0, 0, 0, 0], [0, 0, 0, 0, 0, 0, 0, 1, 0, 0, 0], [0, 0, 0, 0, 0, 0, 0, 0, 1, 0, 0], [0, 0, 0, 0, 0, 0, 0, 0, 0, 1, 0], [0, 0, 0, 0, 0, 0, 0, 0, 0, 0, 1]]
[[1, 0, 0, 0, 0, 0, 0, 0, 0, 0, 0], [0, 1, 0, 0, 0, 0, 0, 0, 0, 0, 0], [0, 0, 0, 0, 0, 0, 0, 0, 0, 0, 1], [0, 0, 0, 1, 0, 0, 0, 0, 0, 0, 0], [0, 0, 0, 0, 1, 0, 0, 0, 0, 0, 0], [0, 0, -1, 0, 0, 1, 0, 0, 0, 0, 1], [0, 0, 0, 0, 0, 0, 1, 0, 0, 0, 0], [0, 0, 0, 0, 0, 0, 0, 1, 0, 0, 0], [0, 0, 0, 0, 0, 0, 0, 0, 1, 0, 0], [0, 0, 1, 0, 0, 0, 0, 0, 0, 1, -1], [0, 0, 1, 0, 0, 0, 0, 0, 0, 0, 0]]
[[1, 0, 0, 0, 0, 0, 0, 0, 0, 0, 0], [0, 1, 0, 0, 0, 0, 0, 0, 0, 0, 0], [0, 0, 1, 0, 0, 0, 0, 0, 0, 0, 0], [0, 0, 0, 1, 0, 0, 0, 0, 0, 0, 0], [0, 0, 0, 0, 1, 0, 0, 0, 0, 0, 0], [0, 0, 0, 0, 0, 1, 0, 0, 0, 0, 0], [0, 0, 0, 0, 0, 0, 1, 0, 0, 0, 0], [0, 0, 0, 0, 0, 0, 0, 1, 0, 0, 0], [0, 0, 0, 0, 0, 0, 0, 0, 1, 0, 0], [0, 0, 0, 0, 0, 0, 0, 0, 0, 1, 0], [0, 0, 0, 0, 0, 0, 0, 0, 0, 0, 1]]
[[1, 0, 0, 0, 0, 0, 0, 0, 0, 0, 0], [0, 1, 0, -1, 1, -1, 1, 0, 0, 0, -1], [1, 1, 0, -3, 3, -1, 2, 0, 1, 1, -3], [-1, -1, 1, 5, -4, 2, -3, 0, -1, -1, 4], [0, 0, 0, 2, -1, 2, -2, 0, 0, 0, 2], [-1, -1, 1, 3, -2, 1, -2, 0, 0, -1, 2], [-1, -1, 1, 4, -3, 1, -2, 0, 0, -1, 3], [-1, -1, 1, 4, -4, 2, -3, 1, -1, -1, 4], [0, 0, 0, -2, 1, -1, 2, 0, 0, 0, -1], [0, 0, 0, -2, 2, -2, 2, 0, 0, 1, -2], [1, 1, -1, -3, 3, -1, 2, 0, 1, 1, -2]]
[[1, 0, 0, 0, 0, 0, 0, 0, 0, 0, 0], [0, 1, 0, 0, 0, 0, 0, 0, 0, 0, 0], [0, 0, 1, 0, 0, 0, 0, 0, 0, 0, 0], [0, 0, 0, 1, 0, 0, 0, 0, 0, 0, 0], [0, 0, 0, 0, 1, 0, 0, 0, 0, 0, 0], [0, 0, 0, 0, 0, 1, 0, 0, 0, 0, 0], [0, 0, 0, 0, 0, 0, 1, 0, 0, 0, 0], [0, 0, 0, 0, 0, 0, 0, 1, 0, 0, 0], [0, 0, 0, 0, 0, 0, 0, 0, 1, 0, 0], [0, 0, 0, 0, 0, 0, 0, 0, 0, 1, 0], [0, 0, 0, 0, 0, 0, 0, 0, 0, 0, 1]]
[[1, 0, 0, 0, 0, 0, 0, 0, 0, 0, 0], [0, 1, 0, 0, 0, 0, 0, 0, 0, 0, 0], [0, 0, 1, 0, 0, 0, 0, 0, 0, 0, 0], [0, 0, 0, 1, 0, 0, 0, 0, 0, 0, 0], [0, 0, 0, 0, 1, 0, 0, 0, 0, 0, 0], [0, 0, 0, 0, 0, 1, 0, 0, 0, 0, 0], [0, 0, 0, 0, 0, 0, 1, 0, 0, 0, 0], [0, 0, 0, 0, 0, 0, 0, 1, 0, 0, 0], [0, 0, 0, 0, 0, 0, 0, 0, 1, 0, 0], [0, 0, 0, 0, 0, 0, 0, 0, 0, 1, 0], [0, 0, 0, 0, 0, 0, 0, 0, 0, 0, 1]]
[[0, 0, 0, 0, -1, 0, 0, 0, 0, -1, 0], [0, 1, 0, 0, 0, 0, 0, 0, 0, 0, 0], [0, 0, 1, 0, 0, 0, 0, 0, 0, 0, 0], [0, 0, 0, 1, 0, 0, 0, 0, 0, 0, 0], [0, 0, 0, 0, 1, 0, 0, 0, 0, 0, 0], [1, 0, 0, 0, 1, 1, 0, 0, 0, 1, 0], [0, 0, 0, 0, 0, 0, 1, 0, 0, 0, 0], [0, 0, 0, 0, 0, 0, 0, 1, 0, 0, 0], [0, 0, 0, 0, 0, 0, 0, 0, 1, 0, 0], [-1, 0, 0, 0, -1, 0, 0, 0, 0, 0, 0], [-1, 0, 0, 0, -1, 0, 0, 0, 0, -1, 1]]
[[1, 0, 0, 0, 0, 0, 0, 0, 0, 0, 0], [0, 1, 0, 0, 0, 0, 0, 0, 0, 0, 0], [0, 0, 1, 0, 0, 0, 0, 0, 0, 0, 0], [0, 0, 0, 1, 0, 0, 0, 0, 0, 0, 0], [0, 0, 0, 0, 1, 0, 0, 0, 0, 0, 0], [0, 0, 0, 0, 0, 1, 0, 0, 0, 0, 0], [0, 0, 0, 0, 0, 0, 1, 0, 0, 0, 0], [0, 0, 0, 0, 0, 0, 0, 1, 0, 0, 0], [0, 0, 0, 0, 0, 0, 0, 0, 1, 0, 0], [0, 0, 0, 0, 0, 0, 0, 0, 0, 1, 0], [0, 0, 0, 0, 0, 0, 0, 0, 0, 0, 1]]
[[1, 0, 0, 0, 0, 0, 0, 0, 0, 0, 0], [0, 1, 0, 0, 0, 0, 0, 0, 0, 0, 0], [0, 0, 1, 0, 0, 0, 0, 0, 0, 0, 0], [0, 0, 0, 1, 0, 0, 0, 0, 0, 0, 0], [0, 0, 0, 0, 1, 0, 0, 0, 0, 0, 0], [0, 0, 0, 0, 0, 1, 0, 0, 0, 0, 0], [0, 0, 0, 0, 0, 0, 1, 0, 0, 0, 0], [0, 0, 0, 0, 0, 0, 0, 1, 0, 0, 0], [0, 0, 0, 0, 0, 0, 0, 0, 1, 0, 0], [0, 0, 0, 0, 0, 0, 0, 0, 0, 1, 0], [0, 0, 0, 0, 0, 0, 0, 0, 0, 0, 1]]
[[1, 0, 0, 0, 0, 0, 0, 0, 0, 0, 0], [0, 1, 0, 0, 0, 0, 0, 0, 0, 0, 0], [0, 0, 1, 0, 0, 0, 0, 0, 0, 0, 0], [0, 0, 0, 1, 0, 0, 0, 0, 0, 0, 0], [0, 0, 0, 0, 1, 0, 0, 0, 0, 0, 0], [0, 0, 0, 0, 0, 1, 0, 0, 0, 0, 0], [0, 0, 0, 0, 0, 0, 1, 0, 0, 0, 0], [0, 0, 0, 0, 0, 0, 0, 1, 0, 0, 0], [0, 0, 0, 0, 0, 0, 0, 0, 1, 0, 0], [0, 0, 0, 0, 0, 0, 0, 0, 0, 1, 0], [0, 0, 0, 0, 0, 0, 0, 0, 0, 0, 1]]
[[1, 0, -1, -1, 0, 1, 0, 0, 0, 0, 0], [0, 1, -1, -1, 0, 1, 0, 0, 0, 0, 0], [-1, 0, 0, -1, -1, 0, 1, 0, 0, -1, 0], [1, 0, 1, 2, 1, 0, -1, 0, 0, 1, 0], [0, 0, 1, 1, 1, -1, 0, 0, 0, 0, 0], [0, 0, 2, 2, 0, -1, 0, 0, 0, 0, 0], [1, 0, 1, 1, 1, 0, 0, 0, 0, 1, 0], [1, 0, 1, 1, 1, 0, -1, 1, 0, 1, 0], [-1, -2, 0, 0, -1, -1, 0, -1, -1, 1, -2], [-1, 0, -1, -1, -1, 0, 1, 0, 0, 0, 0], [-1, 0, -1, -1, -1, 0, 1, 0, 0, -1, 1]]
[[1, 1, 0, 0, 0, 1, 0, 1, 1, 0, 1], [0, 1, 0, 0, 0, 0, 0, 0, 0, 0, 0], [0, 0, 1, 0, 0, 0, 0, 0, 0, 0, 0], [0, 0, 0, 1, 0, 0, 0, 0, 0, 0, 0], [0, 0, 0, 0, 1, 0, 0, 0, 0, 0, 0], [0, -1, 0, 0, 0, 0, 0, -1, -1, 0, -1], [0, 0, 0, 0, 0, 0, 1, 0, 0, 0, 0], [0, 0, 0, 0, 0, 0, 0, 1, 0, 0, 0], [0, -1, 0, 0, 0, -1, 0, -1, 0, 0, -1], [0, -1, 0, 0, 0, -1, 0, -1, -1, 1, -1], [0, 0, 0, 0, 0, 0, 0, 0, 0, 0, 1]]
[[0, 0, 0, 0, -1, 0, 0, 0, 0, -1, 0], [0, 1, 0, 0, 0, 0, 0, 0, 0, 0, 0], [0, 0, 1, 0, 0, 0, 0, 0, 0, 0, 0], [0, 0, 0, 1, 0, 0, 0, 0, 0, 0, 0], [0, 0, 0, 0, 1, 0, 0, 0, 0, 0, 0], [1, 0, 0, 0, 1, 1, 0, 0, 0, 1, 0], [0, 0, 0, 0, 0, 0, 1, 0, 0, 0, 0], [0, 0, 0, 0, 0, 0, 0, 1, 0, 0, 0], [0, 0, 0, 0, 0, 0, 0, 0, 1, 0, 0], [-1, 0, 0, 0, -1, 0, 0, 0, 0, 0, 0], [-1, 0, 0, 0, -1, 0, 0, 0, 0, -1, 1]]
[[1, 0, 0, 0, 0, 0, 0, 0, 0, 0, 0], [0, 1, 0, 1, 0, 0, -1, 0, 0, 0, 0], [0, 0, 1, 2, 0, 0, -2, 0, 0, 0, 0], [0, 0, 0, -2, 0, 0, 3, 0, 0, 0, 0], [0, 0, 0, -2, 1, 0, 2, 0, 0, 0, 0], [0, 0, 0, -1, 0, 1, 1, 0, 0, 0, 0], [0, 0, 0, -1, 0, 0, 2, 0, 0, 0, 0], [0, 0, 0, -3, 0, 0, 3, 1, 0, 0, 0], [0, 0, 0, 1, 0, 0, -1, 0, 1, 0, 0], [0, 0, 0, 2, 0, 0, -2, 0, 0, 1, 0], [0, 0, 0, 2, 0, 0, -2, 0, 0, 0, 1]]
[[1, 0, 0, 0, 0, 0, 0, 0, 0, 0, 0], [0, 1, 0, 0, 0, 0, 0, 0, 0, 0, 0], [0, 0, 1, 0, 0, 0, 0, 0, 0, 0, 0], [0, 0, 0, 1, 0, 0, 0, 0, 0, 0, 0], [0, 0, 0, 0, 1, 0, 0, 0, 0, 0, 0], [0, 0, 0, 0, 0, 1, 0, 0, 0, 0, 0], [0, 0, 0, 0, 0, 0, 1, 0, 0, 0, 0], [0, 0, 0, 0, 0, 0, 0, 1, 0, 0, 0], [0, 0, 0, 0, 0, 0, 0, 0, 1, 0, 0], [0, 0, 0, 0, 0, 0, 0, 0, 0, 1, 0], [0, 0, 0, 0, 0, 0, 0, 0, 0, 0, 1]]
[[1, 0, 0, 0, 0, 0, 0, 0, 0, 0, 0], [0, 1, 0, 0, 0, 0, 0, 0, 0, 0, 0], [0, 0, 1, 0, 0, 0, 0, 0, 0, 0, 0], [0, 0, 0, 1, 0, 0, 0, 0, 0, 0, 0], [0, 0, 0, 0, 1, 0, 0, 0, 0, 0, 0], [0, 0, 0, 0, 0, 1, 0, 0, 0, 0, 0], [0, 0, 0, 0, 0, 0, 1, 0, 0, 0, 0], [0, 0, 0, 0, 0, 0, 0, 1, 0, 0, 0], [0, 0, 0, 0, 0, 0, 0, 0, 1, 0, 0], [0, 0, 0, 0, 0, 0, 0, 0, 0, 1, 0], [0, 0, 0, 0, 0, 0, 0, 0, 0, 0, 1]]
[[1, 0, 0, 0, 0, 0, 0, 0, 0, 0, 0], [0, 1, 0, 0, 0, 0, 0, 0, 0, 0, 0], [0, 0, 1, 0, 0, 0, 0, 0, 0, 0, 0], [0, 0, 0, 1, 0, 0, 0, 0, 0, 0, 0], [0, 0, 0, 0, 1, 0, 0, 0, 0, 0, 0], [0, 0, 0, 0, 0, 1, 0, 0, 0, 0, 0], [0, 0, 0, 0, 0, 0, 1, 0, 0, 0, 0], [0, 0, 0, 0, 0, 0, 0, 1, 0, 0, 0], [0, 0, 0, 0, 0, 0, 0, 0, 1, 0, 0], [0, 0, 0, 0, 0, 0, 0, 0, 0, 1, 0], [0, 0, 0, 0, 0, 0, 0, 0, 0, 0, 1]]
[[1, 0, 0, 0, 0, 0, 0, 0, 0, 0, 0], [0, 1, 0, -1, 0, 0, 1, 0, 0, 0, -1], [0, 0, 1, -1, 0, 0, 1, 0, 0, 0, -1], [0, 0, 0, 3, 0, 0, -2, 0, 0, 0, 2], [0, 0, 0, 1, 1, 0, -1, 0, 0, 0, 1], [0, 0, 0, 2, 0, 1, -2, 0, 0, 0, 2], [0, 0, 0, 2, 0, 0, -1, 0, 0, 0, 2], [0, 0, 0, 2, 0, 0, -2, 1, 0, 0, 2], [0, 0, 0, -1, 0, 0, 1, 0, 1, 0, -1], [0, 0, 0, -2, 0, 0, 2, 0, 0, 1, -2], [0, 0, 0, -2, 0, 0, 2, 0, 0, 0, -1]]

Generators of monodromy action on conics:
(55,73)(56,74)(59,78)(60,77)(63,85)(64,86)(67,93)(68,94)(69,98)(70,97)(71,99)(72,100)
(1,3)(2,4)(5,8)(6,7)(9,11)(10,12)(13,16)(14,15)(17,19)(18,20)(21,23)(22,24)(25,28)(26,27)(29,31)(30,32)(33,35)(34,36)(37,39)(38,40)(41,44)(42,43)(45,47)(46,48)(49,65)(50,66)(51,57)(52,58)(53,62)(54,61)(55,72)(56,71)(59,68)(60,67)(63,70)(64,69)(73,100)(74,99)(75,76)(77,93)(78,94)(79,90)(80,89)(81,82)(83,103)(84,104)(85,97)(86,98)(87,88)(91,95)(92,96)(101,102)
(1,6,41)(2,5,42)(3,7,44)(4,8,43)(9,45,39)(10,46,40)(11,47,37)(12,48,38)(13,21,31,25,33,19)(14,22,32,26,34,20)(15,24,30,27,36,18)(16,23,29,28,35,17)(49,84,52)(50,83,51)(53,95,90)(54,96,89)(55,94,70)(56,93,69)(57,66,103)(58,65,104)(59,85,100)(60,86,99)(61,92,80)(62,91,79)(63,72,78)(64,71,77)(67,98,74)(68,97,73)(75,88,101)(76,87,102)
(1,14,21,44,33,26)(2,13,22,43,34,25)(3,15,23,41,35,27)(4,16,24,42,36,28)(9,46)(10,45)(11,48)(12,47)(17,32,39,20,29,38)(18,31,40,19,30,37)(49,73,79)(50,74,80)(51,77)(52,78)(53,70,59,86,83,96)(54,69,60,85,84,95)(55,71)(56,72)(57,93)(58,94)(61,64,67,97,104,91)(62,63,68,98,103,92)(65,100,90)(66,99,89)(81,88)(82,87)
