
#########################################################
# DATA FOR CRYSTALLOGRAPHIC QUARTIC SURFACE FAMILY 32.3 #
#########################################################


##################
# GROUP & FAMILY #
##################

Generators of crystallographic group:
[[0, -1, 0, 0], [-1, 0, 0, 0], [0, 0, -1, 0], [0, 0, 0, 1]]
[[0, 0, 1, 0], [0, 0, 0, 1], [0, -1, 0, 0], [1, 0, 0, 0]]

Invariant polynomials:
x^4 + y^4 + z^4 + w^4
-x^3*z - y^3*z + x*z^3 + y*z^3 + x^3*w - y^3*w - x*w^3 + y*w^3
x^2*y^2 + z^2*w^2
-x^2*y*z - x*y^2*z - x^2*y*w + x*y^2*w - x*z^2*w + y*z^2*w + x*z*w^2 + y*z*w^2
x^2*z^2 + y^2*z^2 + x^2*w^2 + y^2*w^2
-x*y*z^2 + x^2*z*w - y^2*z*w + x*y*w^2

Equivalent crystallographic groups:

############
# HOMOLOGY #
############


Intersection product:
[[-2, -1, -1, 0, 0, -1, 0, 0, -1, -1, 1, 0, 1, -2, -1, -2, 1, -1, -1, 0, 0, 0], [-1, -2, -2, -1, -1, -1, -1, -1, 0, 0, 2, 0, 2, -2, -1, -2, 2, -3, -3, -2, 1, 1], [-1, -2, -4, -2, -4, -1, -2, -3, 2, 2, 2, -3, 2, -4, -3, -3, 2, -7, -7, -6, 2, 2], [0, -1, -2, -2, -3, 0, -1, -2, 2, 2, 1, -2, 1, -2, -2, -1, 1, -5, -5, -5, 2, 2], [0, -1, -4, -3, -10, -1, -3, -5, 4, 4, 3, -7, 3, -7, -7, -5, 3, -14, -14, -13, 4, 4], [-1, -1, -1, 0, -1, -2, -1, -1, 0, 0, 1, -1, 1, -2, -1, -2, 1, -2, -2, -1, 0, 0], [0, -1, -2, -1, -3, -1, -2, -2, 2, 2, 1, -2, 1, -2, -2, -1, 1, -5, -5, -5, 2, 2], [0, -1, -3, -2, -5, -1, -2, -4, 3, 3, 1, -4, 1, -4, -4, -2, 1, -8, -8, -8, 3, 3], [-1, 0, 2, 2, 4, 0, 2, 3, -4, -3, 0, 3, 0, 2, 3, 0, 0, 6, 6, 7, -3, -3], [-1, 0, 2, 2, 4, 0, 2, 3, -3, -4, 0, 3, 0, 2, 3, 0, 0, 6, 6, 7, -3, -3], [1, 2, 2, 1, 3, 1, 1, 1, 0, 0, -4, 2, -3, 3, 2, 3, -3, 6, 6, 5, -2, -2], [0, 0, -3, -2, -7, -1, -2, -4, 3, 3, 2, -6, 2, -5, -5, -4, 2, -10, -10, -9, 2, 2], [1, 2, 2, 1, 3, 1, 1, 1, 0, 0, -3, 2, -4, 3, 2, 3, -3, 6, 6, 5, -2, -2], [-2, -2, -4, -2, -7, -2, -2, -4, 2, 2, 3, -5, 3, -8, -5, -6, 3, -10, -10, -8, 2, 2], [-1, -1, -3, -2, -7, -1, -2, -4, 3, 3, 2, -5, 2, -5, -6, -4, 3, -11, -11, -10, 3, 3], [-2, -2, -3, -1, -5, -2, -1, -2, 0, 0, 3, -4, 3, -6, -4, -6, 3, -7, -7, -5, 1, 1], [1, 2, 2, 1, 3, 1, 1, 1, 0, 0, -3, 2, -3, 3, 3, 3, -4, 6, 6, 5, -2, -2], [-1, -3, -7, -5, -14, -2, -5, -8, 6, 6, 6, -10, 6, -10, -11, -7, 6, -24, -23, -22, 8, 8], [-1, -3, -7, -5, -14, -2, -5, -8, 6, 6, 6, -10, 6, -10, -11, -7, 6, -23, -24, -22, 8, 8], [0, -2, -6, -5, -13, -1, -5, -8, 7, 7, 5, -9, 5, -8, -10, -5, 5, -22, -22, -22, 8, 8], [0, 1, 2, 2, 4, 0, 2, 3, -3, -3, -2, 2, -2, 2, 3, 1, -2, 8, 8, 8, -4, -3], [0, 1, 2, 2, 4, 0, 2, 3, -3, -3, -2, 2, -2, 2, 3, 1, -2, 8, 8, 8, -3, -4]]

Basis of the generic Picard lattice:
[1, 3, 0, 0, 0, 0, 0, 0, 0, -1, 0, 0, 0, 0, 0, 0, 1, 0, 0, -1, 0, 1]
[0, 4, 0, 0, 0, 0, 0, 0, 0, 0, 0, 0, 0, 0, 0, 0, 1, 3, 0, -5, -7, 3]
[0, 0, 1, 0, 0, 0, 0, 0, 0, 1, 0, 0, 0, 0, 0, 0, -1, 3, 0, -5, -9, 2]
[0, 0, 0, 1, 0, 0, 0, 0, 0, 1, 0, 0, 0, 0, 0, 0, -1, 2, 0, -3, -7, 3]
[0, 0, 0, 0, 1, 0, 0, 0, 0, 0, 0, 0, 0, 0, 0, 0, 0, 1, 0, -2, -2, 0]
[0, 0, 0, 0, 0, 1, 0, 0, 0, 0, 0, 0, 0, 0, 0, 0, 0, 1, 0, -2, -3, 0]
[0, 0, 0, 0, 0, 0, 1, 0, 0, 1, 0, 0, 0, 0, 0, 0, 0, 2, 0, -3, -6, 2]
[0, 0, 0, 0, 0, 0, 0, 1, 0, 1, 0, 0, 0, 0, 0, 0, -1, 1, 0, -2, -5, 2]
[0, 0, 0, 0, 0, 0, 0, 0, 1, -1, 0, 0, 0, 0, 0, 0, 1, 0, 0, 0, 1, -1]
[0, 0, 0, 0, 0, 0, 0, 0, 0, 0, 1, 0, 0, 0, 0, 0, -1, -1, 0, 2, 3, 0]
[0, 0, 0, 0, 0, 0, 0, 0, 0, 0, 0, 1, 0, 0, 0, 0, -1, 2, 0, -4, -5, -1]
[0, 0, 0, 0, 0, 0, 0, 0, 0, 0, 0, 0, 1, 0, 0, 0, -1, -1, 0, 2, 2, 1]
[0, 0, 0, 0, 0, 0, 0, 0, 0, 0, 0, 0, 0, 1, 0, 0, 0, 2, 0, -4, -4, -2]
[0, 0, 0, 0, 0, 0, 0, 0, 0, 0, 0, 0, 0, 0, 1, 0, -1, 1, 0, -2, -5, 3]
[0, 0, 0, 0, 0, 0, 0, 0, 0, 0, 0, 0, 0, 0, 0, 1, 0, 2, 0, -4, -6, 0]
[0, 0, 0, 0, 0, 0, 0, 0, 0, 0, 0, 0, 0, 0, 0, 0, 0, 0, 1, -1, -2, 2]

Class of hyperplane section:
[-1, -3, 3, 0, 1, 3, -3, -1, 0, 0, 0, -3, 0, 0, 0, 0, 0, 0, 0, 1, 0, 0]

Action of the group on homology:
[[0, -1, -2, 0, 0, -1, -1, 0, 0, -1, 2, -1, 1, -1, 0, -1, 1, -1, -1, -1, 0, 1], [1, 2, 2, 0, 0, 1, 1, 0, 0, 1, -2, 1, -1, 1, 0, 1, -1, 1, 1, 1, 0, -1], [0, 0, 1, 0, 1, 0, 1, 2, -2, -2, 1, 0, -1, 0, 1, -1, -1, 4, 4, 4, -2, -1], [-1, -1, -1, 1, 2, -1, -1, 0, 0, 0, 0, 1, 1, 1, 1, 1, 1, 0, 0, 0, 0, 0], [0, 0, -1, 0, 0, -1, 0, 1, -1, -2, 2, -2, -1, -2, 0, -2, -1, 2, 2, 2, -2, 0], [0, 0, 1, 0, 2, 0, 1, 2, -2, -2, 0, 1, -2, 0, 2, 0, -2, 6, 6, 6, -3, -2], [-1, -1, -3, 0, -2, -1, -3, -4, 4, 4, 0, -1, 3, 0, -2, 1, 3, -10, -9, -9, 4, 3], [-1, -1, -2, 0, -2, -1, -1, -1, 1, 0, 2, -2, 1, -3, -2, -2, 2, -4, -4, -4, 1, 2], [-1, -1, -2, 0, 0, -1, -2, -2, 2, 2, 0, 0, 1, 0, -1, 0, 2, -4, -3, -3, 1, 1], [-1, -1, -2, 0, -1, -1, -2, -2, 2, 2, 1, -1, 2, -1, -1, 0, 2, -5, -5, -5, 2, 2], [-1, -1, -2, 0, 0, -1, -2, -2, 1, 2, 0, 0, 2, 0, -1, 0, 2, -4, -4, -3, 1, 1], [0, 0, -1, 0, -1, 0, -1, -1, 1, 1, 0, 0, 1, 0, -1, 0, 1, -3, -3, -3, 1, 1], [-1, -1, -2, 0, 0, -1, -2, -2, 1, 2, 0, 0, 2, 0, -1, 0, 2, -4, -3, -3, 1, 1], [0, 0, 1, 0, 0, 0, 0, -1, 1, 1, -1, 1, 0, 1, 0, 1, 0, -1, -1, -1, 1, 0], [2, 2, 4, 0, 0, 2, 3, 2, -1, -1, -1, 1, -3, 1, 2, 1, -3, 5, 5, 4, -1, -2], [-1, -1, -2, 0, 0, 0, -1, -1, 0, 1, 0, 0, 2, 0, -1, 0, 2, -3, -3, -2, 1, 1], [1, 1, 2, 0, 0, 1, 1, 1, 0, 0, -1, 1, -1, 1, 1, 1, -1, 2, 2, 2, 0, -1], [0, 0, 0, 0, 0, 0, -1, -1, 1, 2, -1, 1, 0, 1, 0, 1, 0, -1, -1, -1, 1, 0], [0, 0, 0, 0, 0, 0, 0, 0, 0, 0, -1, 0, 1, 0, 0, 0, 0, 0, 0, 0, 0, 0], [0, 0, 0, 0, 1, 0, 0, 0, 0, 0, 0, 0, 0, 1, 0, 1, 1, 0, 0, 0, 0, 0], [1, 1, 1, 0, 0, 0, 1, 1, -1, -1, -1, -1, -1, 0, 0, 0, -1, 3, 2, 2, -1, -1], [1, 1, 2, 0, 1, 1, 1, 1, 0, 0, -1, 1, -1, 2, 1, 2, -1, 2, 2, 1, 0, 0]]
[[-1, 0, -1, 0, -3, -1, 1, 0, -1, -1, 0, -4, 1, -5, -2, -3, 0, -1, -2, -2, 0, 0], [2, 1, 1, 0, 3, 1, -1, 0, 1, 1, 0, 4, -1, 5, 2, 3, 0, 1, 2, 2, 0, 0], [0, 0, 1, 1, 3, 0, 1, 2, -3, -2, 0, 1, -1, 2, 2, 1, -1, 5, 6, 5, -2, -2], [-1, -1, -1, -1, -4, -1, 0, -1, 1, 0, 1, -3, 2, -5, -2, -3, 1, -4, -5, -4, 1, 1], [-1, 0, -1, 1, -1, -2, 1, 1, -3, -3, 0, -4, 0, -4, -1, -3, -1, 2, 3, 2, -2, -2], [0, 0, 1, 1, 3, -1, 0, 2, -2, -2, 0, 1, -1, 2, 2, 1, -1, 5, 6, 5, -2, -2], [-1, 0, -2, -2, -7, 1, 0, -3, 4, 3, 0, -4, 2, -6, -4, -3, 1, -9, -11, -9, 3, 3], [-1, 0, -1, 1, -3, -1, 1, 0, -1, -2, 0, -4, 1, -5, -2, -3, 0, -1, -2, -2, 0, 0], [0, 0, -1, -1, -4, 0, 0, -2, 2, 1, 0, -3, 1, -4, -2, -2, 0, -4, -5, -4, 1, 1], [-1, -1, -2, -1, -4, 0, 0, -1, 1, 0, 1, -3, 2, -5, -2, -3, 1, -4, -5, -4, 1, 1], [0, -1, -2, -2, -5, 0, -1, -2, 2, 1, 2, -3, 3, -4, -3, -3, 2, -7, -8, -6, 2, 2], [0, 0, -1, -1, -3, 0, -1, -2, 2, 2, 1, -1, 1, -2, -2, -1, 1, -5, -6, -5, 2, 2], [0, -1, -2, -2, -4, 0, -1, -2, 2, 1, 2, -2, 2, -4, -2, -3, 1, -5, -6, -4, 1, 2], [0, 0, 1, 0, 2, 1, 0, 0, 1, 1, -1, 3, -1, 3, 1, 2, 0, 1, 1, 1, 0, 0], [1, 2, 4, 3, 8, 1, 1, 3, -2, 0, -3, 6, -4, 9, 5, 6, -2, 9, 11, 8, -2, -3], [0, -1, -2, -2, -5, 0, -1, -2, 2, 1, 2, -3, 3, -4, -3, -3, 2, -7, -8, -6, 2, 3], [1, 1, 2, 1, 4, 1, 0, 1, 0, 1, -2, 4, -2, 5, 3, 4, -1, 4, 5, 4, -1, -1], [1, 0, 0, -1, -1, 1, -1, -1, 2, 2, 0, 1, 0, 1, 0, 1, 0, -2, -2, -2, 1, 1], [0, -1, -1, -1, 0, 0, -1, -1, 1, 1, 1, 1, 1, 0, 0, 0, 1, -2, -2, -1, 1, 1], [0, 0, 0, 0, 0, 0, 1, 1, -1, -2, 0, -1, 0, -1, 0, -1, 0, 2, 1, 2, -1, -1], [1, 0, 0, 0, 2, 0, 0, 1, -1, -1, 0, 1, -1, 2, 1, 1, 0, 3, 3, 3, -1, -1], [0, 0, 1, 1, 3, 0, 1, 2, -2, -2, -1, 2, -1, 2, 2, 1, -1, 5, 5, 5, -1, -2]]

####################
# ALGEBRAIC CURVES #
####################


There are no conics.

################
# DISCRIMINANT #
################

The discriminant has 1 component of degree 2, and 3 components of degree 6:
128*Z[0]^6 + 192*Z[0]^5*Z[2] + 192*Z[0]^4*Z[1]^2 + 192*Z[0]^4*Z[1]*Z[3] + 96*Z[0]^4*Z[2]^2 - 128*Z[0]^4*Z[4]^2 + 128*Z[0]^4*Z[4]*Z[5] - 32*Z[0]^4*Z[5]^2 + 192*Z[0]^3*Z[1]^2*Z[2] + 432*Z[0]^3*Z[1]^2*Z[4] - 216*Z[0]^3*Z[1]^2*Z[5] + 192*Z[0]^3*Z[1]*Z[2]*Z[3] + 288*Z[0]^3*Z[1]*Z[3]*Z[4] - 144*Z[0]^3*Z[1]*Z[3]*Z[5] + 16*Z[0]^3*Z[2]^3 - 128*Z[0]^3*Z[2]*Z[4]^2 + 128*Z[0]^3*Z[2]*Z[4]*Z[5] - 32*Z[0]^3*Z[2]*Z[5]^2 + 144*Z[0]^3*Z[3]^2*Z[4] - 72*Z[0]^3*Z[3]^2*Z[5] - 147*Z[0]^2*Z[1]^4 - 132*Z[0]^2*Z[1]^3*Z[3] + 48*Z[0]^2*Z[1]^2*Z[2]^2 + 360*Z[0]^2*Z[1]^2*Z[2]*Z[4] - 180*Z[0]^2*Z[1]^2*Z[2]*Z[5] - 174*Z[0]^2*Z[1]^2*Z[3]^2 + 160*Z[0]^2*Z[1]^2*Z[4]^2 - 160*Z[0]^2*Z[1]^2*Z[4]*Z[5] + 40*Z[0]^2*Z[1]^2*Z[5]^2 + 48*Z[0]^2*Z[1]*Z[2]^2*Z[3] + 144*Z[0]^2*Z[1]*Z[2]*Z[3]*Z[4] - 72*Z[0]^2*Z[1]*Z[2]*Z[3]*Z[5] - 108*Z[0]^2*Z[1]*Z[3]^3 + 160*Z[0]^2*Z[1]*Z[3]*Z[4]^2 - 160*Z[0]^2*Z[1]*Z[3]*Z[4]*Z[5] + 40*Z[0]^2*Z[1]*Z[3]*Z[5]^2 - 32*Z[0]^2*Z[2]^2*Z[4]^2 + 32*Z[0]^2*Z[2]^2*Z[4]*Z[5] - 8*Z[0]^2*Z[2]^2*Z[5]^2 + 72*Z[0]^2*Z[2]*Z[3]^2*Z[4] - 36*Z[0]^2*Z[2]*Z[3]^2*Z[5] - 27*Z[0]^2*Z[3]^4 + 32*Z[0]^2*Z[4]^4 - 64*Z[0]^2*Z[4]^3*Z[5] + 48*Z[0]^2*Z[4]^2*Z[5]^2 - 16*Z[0]^2*Z[4]*Z[5]^3 + 2*Z[0]^2*Z[5]^4 - 114*Z[0]*Z[1]^4*Z[2] - 108*Z[0]*Z[1]^4*Z[4] + 54*Z[0]*Z[1]^4*Z[5] - 12*Z[0]*Z[1]^3*Z[2]*Z[3] - 180*Z[0]*Z[1]^3*Z[3]*Z[4] + 90*Z[0]*Z[1]^3*Z[3]*Z[5] + 72*Z[0]*Z[1]^2*Z[2]^2*Z[4] - 36*Z[0]*Z[1]^2*Z[2]^2*Z[5] - 6*Z[0]*Z[1]^2*Z[2]*Z[3]^2 + 80*Z[0]*Z[1]^2*Z[2]*Z[4]^2 - 80*Z[0]*Z[1]^2*Z[2]*Z[4]*Z[5] + 20*Z[0]*Z[1]^2*Z[2]*Z[5]^2 - 108*Z[0]*Z[1]^2*Z[3]^2*Z[4] + 54*Z[0]*Z[1]^2*Z[3]^2*Z[5] - 24*Z[0]*Z[1]^2*Z[4]^3 + 36*Z[0]*Z[1]^2*Z[4]^2*Z[5] - 18*Z[0]*Z[1]^2*Z[4]*Z[5]^2 + 3*Z[0]*Z[1]^2*Z[5]^3 + 80*Z[0]*Z[1]*Z[2]*Z[3]*Z[4]^2 - 80*Z[0]*Z[1]*Z[2]*Z[3]*Z[4]*Z[5] + 20*Z[0]*Z[1]*Z[2]*Z[3]*Z[5]^2 - 36*Z[0]*Z[1]*Z[3]^3*Z[4] + 18*Z[0]*Z[1]*Z[3]^3*Z[5] - 16*Z[0]*Z[1]*Z[3]*Z[4]^3 + 24*Z[0]*Z[1]*Z[3]*Z[4]^2*Z[5] - 12*Z[0]*Z[1]*Z[3]*Z[4]*Z[5]^2 + 2*Z[0]*Z[1]*Z[3]*Z[5]^3 + 16*Z[0]*Z[2]*Z[4]^4 - 32*Z[0]*Z[2]*Z[4]^3*Z[5] + 24*Z[0]*Z[2]*Z[4]^2*Z[5]^2 - 8*Z[0]*Z[2]*Z[4]*Z[5]^3 + Z[0]*Z[2]*Z[5]^4 - 8*Z[0]*Z[3]^2*Z[4]^3 + 12*Z[0]*Z[3]^2*Z[4]^2*Z[5] - 6*Z[0]*Z[3]^2*Z[4]*Z[5]^2 + Z[0]*Z[3]^2*Z[5]^3 + 16*Z[1]^6 + 48*Z[1]^5*Z[3] - 27*Z[1]^4*Z[2]^2 - 36*Z[1]^4*Z[2]*Z[4] + 18*Z[1]^4*Z[2]*Z[5] + 48*Z[1]^4*Z[3]^2 + 4*Z[1]^4*Z[4]^2 - 4*Z[1]^4*Z[4]*Z[5] + Z[1]^4*Z[5]^2 - 36*Z[1]^3*Z[2]*Z[3]*Z[4] + 18*Z[1]^3*Z[2]*Z[3]*Z[5] + 16*Z[1]^3*Z[3]^3 + 8*Z[1]^3*Z[3]*Z[4]^2 - 8*Z[1]^3*Z[3]*Z[4]*Z[5] + 2*Z[1]^3*Z[3]*Z[5]^2 - 8*Z[1]^2*Z[2]*Z[4]^3 + 12*Z[1]^2*Z[2]*Z[4]^2*Z[5] - 6*Z[1]^2*Z[2]*Z[4]*Z[5]^2 + Z[1]^2*Z[2]*Z[5]^3 + 4*Z[1]^2*Z[3]^2*Z[4]^2 - 4*Z[1]^2*Z[3]^2*Z[4]*Z[5] + Z[1]^2*Z[3]^2*Z[5]^2
256*Z[0]^6 - 768*Z[0]^5*Z[4] + 960*Z[0]^4*Z[1]^2 + 384*Z[0]^4*Z[1]*Z[3] - 128*Z[0]^4*Z[2]^2 + 256*Z[0]^4*Z[2]*Z[4] + 192*Z[0]^4*Z[3]^2 + 832*Z[0]^4*Z[4]^2 + 192*Z[0]^4*Z[5]^2 - 288*Z[0]^3*Z[1]^2*Z[2] - 1632*Z[0]^3*Z[1]^2*Z[4] - 576*Z[0]^3*Z[1]*Z[2]*Z[3] - 192*Z[0]^3*Z[1]*Z[3]*Z[4] + 256*Z[0]^3*Z[2]^2*Z[4] - 288*Z[0]^3*Z[2]*Z[3]^2 - 512*Z[0]^3*Z[2]*Z[4]^2 + 288*Z[0]^3*Z[2]*Z[5]^2 - 96*Z[0]^3*Z[3]^2*Z[4] - 384*Z[0]^3*Z[4]^3 - 672*Z[0]^3*Z[4]*Z[5]^2 + 1092*Z[0]^2*Z[1]^4 + 528*Z[0]^2*Z[1]^3*Z[3] - 176*Z[0]^2*Z[1]^2*Z[2]^2 + 784*Z[0]^2*Z[1]^2*Z[2]*Z[4] + 576*Z[0]^2*Z[1]^2*Z[2]*Z[5] + 24*Z[0]^2*Z[1]^2*Z[3]^2 + 832*Z[0]^2*Z[1]^2*Z[4]^2 - 576*Z[0]^2*Z[1]^2*Z[4]*Z[5] + 696*Z[0]^2*Z[1]^2*Z[5]^2 + 160*Z[0]^2*Z[1]*Z[2]^2*Z[3] + 544*Z[0]^2*Z[1]*Z[2]*Z[3]*Z[4] + 576*Z[0]^2*Z[1]*Z[2]*Z[3]*Z[5] - 240*Z[0]^2*Z[1]*Z[3]^3 - 128*Z[0]^2*Z[1]*Z[3]*Z[4]^2 - 576*Z[0]^2*Z[1]*Z[3]*Z[4]*Z[5] + 624*Z[0]^2*Z[1]*Z[3]*Z[5]^2 + 16*Z[0]^2*Z[2]^4 - 64*Z[0]^2*Z[2]^3*Z[4] + 80*Z[0]^2*Z[2]^2*Z[3]^2 - 96*Z[0]^2*Z[2]^2*Z[4]^2 + 80*Z[0]^2*Z[2]^2*Z[5]^2 + 272*Z[0]^2*Z[2]*Z[3]^2*Z[4] + 320*Z[0]^2*Z[2]*Z[4]^3 - 592*Z[0]^2*Z[2]*Z[4]*Z[5]^2 - 60*Z[0]^2*Z[3]^4 - 64*Z[0]^2*Z[3]^2*Z[4]^2 + 312*Z[0]^2*Z[3]^2*Z[5]^2 + 64*Z[0]^2*Z[4]^4 + 800*Z[0]^2*Z[4]^2*Z[5]^2 - 60*Z[0]^2*Z[5]^4 - 252*Z[0]*Z[1]^4*Z[2] - 840*Z[0]*Z[1]^4*Z[4] + 432*Z[0]*Z[1]^4*Z[5] - 432*Z[0]*Z[1]^3*Z[2]*Z[3] - 96*Z[0]*Z[1]^3*Z[3]*Z[4] + 1296*Z[0]*Z[1]^3*Z[3]*Z[5] + 8*Z[0]*Z[1]^2*Z[2]^3 + 152*Z[0]*Z[1]^2*Z[2]^2*Z[4] - 72*Z[0]*Z[1]^2*Z[2]*Z[3]^2 - 544*Z[0]*Z[1]^2*Z[2]*Z[4]^2 - 576*Z[0]*Z[1]^2*Z[2]*Z[4]*Z[5] + 288*Z[0]*Z[1]^2*Z[2]*Z[5]^2 + 48*Z[0]*Z[1]^2*Z[3]^2*Z[4] + 1296*Z[0]*Z[1]^2*Z[3]^2*Z[5] - 96*Z[0]*Z[1]^2*Z[4]^3 + 576*Z[0]*Z[1]^2*Z[4]^2*Z[5] - 984*Z[0]*Z[1]^2*Z[4]*Z[5]^2 - 432*Z[0]*Z[1]^2*Z[5]^3 + 16*Z[0]*Z[1]*Z[2]^3*Z[3] - 208*Z[0]*Z[1]*Z[2]^2*Z[3]*Z[4] + 144*Z[0]*Z[1]*Z[2]*Z[3]^3 - 64*Z[0]*Z[1]*Z[2]*Z[3]*Z[4]^2 - 576*Z[0]*Z[1]*Z[2]*Z[3]*Z[4]*Z[5] + 96*Z[0]*Z[1]*Z[3]^3*Z[4] + 432*Z[0]*Z[1]*Z[3]^3*Z[5] + 64*Z[0]*Z[1]*Z[3]*Z[4]^3 + 576*Z[0]*Z[1]*Z[3]*Z[4]^2*Z[5] - 624*Z[0]*Z[1]*Z[3]*Z[4]*Z[5]^2 - 432*Z[0]*Z[1]*Z[3]*Z[5]^3 - 16*Z[0]*Z[2]^4*Z[4] + 8*Z[0]*Z[2]^3*Z[3]^2 + 64*Z[0]*Z[2]^3*Z[4]^2 - 8*Z[0]*Z[2]^3*Z[5]^2 - 104*Z[0]*Z[2]^2*Z[3]^2*Z[4] - 32*Z[0]*Z[2]^2*Z[4]^3 - 56*Z[0]*Z[2]^2*Z[4]*Z[5]^2 + 36*Z[0]*Z[2]*Z[3]^4 - 32*Z[0]*Z[2]*Z[3]^2*Z[4]^2 - 64*Z[0]*Z[2]*Z[4]^4 + 352*Z[0]*Z[2]*Z[4]^2*Z[5]^2 - 36*Z[0]*Z[2]*Z[5]^4 + 24*Z[0]*Z[3]^4*Z[4] + 32*Z[0]*Z[3]^2*Z[4]^3 - 312*Z[0]*Z[3]^2*Z[4]*Z[5]^2 - 384*Z[0]*Z[4]^3*Z[5]^2 + 96*Z[0]*Z[4]*Z[5]^4 + 500*Z[1]^6 + 600*Z[1]^5*Z[3] - 47*Z[1]^4*Z[2]^2 + 220*Z[1]^4*Z[2]*Z[4] + 504*Z[1]^4*Z[2]*Z[5] + 540*Z[1]^4*Z[3]^2 + 100*Z[1]^4*Z[4]^2 - 720*Z[1]^4*Z[4]*Z[5] - 132*Z[1]^4*Z[5]^2 + 164*Z[1]^3*Z[2]^2*Z[3] - 112*Z[1]^3*Z[2]*Z[3]*Z[4] + 360*Z[1]^3*Z[2]*Z[3]*Z[5] + 272*Z[1]^3*Z[3]^3 + 80*Z[1]^3*Z[3]*Z[4]^2 - 1008*Z[1]^3*Z[3]*Z[4]*Z[5] - 624*Z[1]^3*Z[3]*Z[5]^2 + 16*Z[1]^2*Z[2]^4 - 68*Z[1]^2*Z[2]^3*Z[4] - 16*Z[1]^2*Z[2]^3*Z[5] + 86*Z[1]^2*Z[2]^2*Z[3]^2 + 64*Z[1]^2*Z[2]^2*Z[4]^2 + 48*Z[1]^2*Z[2]^2*Z[4]*Z[5] + 82*Z[1]^2*Z[2]^2*Z[5]^2 - 136*Z[1]^2*Z[2]*Z[3]^2*Z[4] - 216*Z[1]^2*Z[2]*Z[3]^2*Z[5] + 48*Z[1]^2*Z[2]*Z[4]^3 + 96*Z[1]^2*Z[2]*Z[4]^2*Z[5] - 308*Z[1]^2*Z[2]*Z[4]*Z[5]^2 - 72*Z[1]^2*Z[2]*Z[5]^3 + 108*Z[1]^2*Z[3]^4 + 56*Z[1]^2*Z[3]^2*Z[4]^2 - 432*Z[1]^2*Z[3]^2*Z[4]*Z[5] - 264*Z[1]^2*Z[3]^2*Z[5]^2 - 128*Z[1]^2*Z[4]^3*Z[5] + 400*Z[1]^2*Z[4]^2*Z[5]^2 + 288*Z[1]^2*Z[4]*Z[5]^3 + 60*Z[1]^2*Z[5]^4 - 8*Z[1]*Z[2]^3*Z[3]*Z[4] - 16*Z[1]*Z[2]^3*Z[3]*Z[5] + 4*Z[1]*Z[2]^2*Z[3]^3 + 64*Z[1]*Z[2]^2*Z[3]*Z[4]^2 + 48*Z[1]*Z[2]^2*Z[3]*Z[4]*Z[5] + 4*Z[1]*Z[2]^2*Z[3]*Z[5]^2 - 80*Z[1]*Z[2]*Z[3]^3*Z[4] - 72*Z[1]*Z[2]*Z[3]^3*Z[5] - 32*Z[1]*Z[2]*Z[3]*Z[4]^3 + 96*Z[1]*Z[2]*Z[3]*Z[4]^2*Z[5] - 8*Z[1]*Z[2]*Z[3]*Z[4]*Z[5]^2 - 72*Z[1]*Z[2]*Z[3]*Z[5]^3 + 24*Z[1]*Z[3]^5 + 16*Z[1]*Z[3]^3*Z[4]^2 - 144*Z[1]*Z[3]^3*Z[4]*Z[5] + 48*Z[1]*Z[3]^3*Z[5]^2 - 128*Z[1]*Z[3]*Z[4]^3*Z[5] + 160*Z[1]*Z[3]*Z[4]^2*Z[5]^2 + 288*Z[1]*Z[3]*Z[4]*Z[5]^3 + 24*Z[1]*Z[3]*Z[5]^4 + 4*Z[2]^4*Z[4]^2 - 4*Z[2]^3*Z[3]^2*Z[4] - 16*Z[2]^3*Z[4]^3 + 4*Z[2]^3*Z[4]*Z[5]^2 + Z[2]^2*Z[3]^4 + 32*Z[2]^2*Z[3]^2*Z[4]^2 + 2*Z[2]^2*Z[3]^2*Z[5]^2 + 16*Z[2]^2*Z[4]^4 + 8*Z[2]^2*Z[4]^2*Z[5]^2 + Z[2]^2*Z[5]^4 - 20*Z[2]*Z[3]^4*Z[4] - 16*Z[2]*Z[3]^2*Z[4]^3 - 4*Z[2]*Z[3]^2*Z[4]*Z[5]^2 - 64*Z[2]*Z[4]^3*Z[5]^2 + 16*Z[2]*Z[4]*Z[5]^4 + 4*Z[3]^6 + 4*Z[3]^4*Z[4]^2 + 12*Z[3]^4*Z[5]^2 + 80*Z[3]^2*Z[4]^2*Z[5]^2 + 12*Z[3]^2*Z[5]^4 + 64*Z[4]^4*Z[5]^2 - 32*Z[4]^2*Z[5]^4 + 4*Z[5]^6
4*Z[0]^2 - 4*Z[0]*Z[2] + 2*Z[1]^2 - 4*Z[1]*Z[3] + Z[2]^2 + 2*Z[3]^2
512*Z[0]^6 + 768*Z[0]^5*Z[4] + 192*Z[0]^4*Z[1]^2 - 384*Z[0]^4*Z[1]*Z[3] - 256*Z[0]^4*Z[2]^2 - 256*Z[0]^4*Z[2]*Z[4] - 384*Z[0]^4*Z[3]^2 - 256*Z[0]^4*Z[4]*Z[5] - 128*Z[0]^4*Z[5]^2 + 288*Z[0]^3*Z[1]^2*Z[2] + 768*Z[0]^3*Z[1]^2*Z[4] - 960*Z[0]^3*Z[1]*Z[3]*Z[4] + 288*Z[0]^3*Z[1]*Z[3]*Z[5] - 256*Z[0]^3*Z[2]^2*Z[4] + 96*Z[0]^3*Z[2]*Z[3]^2 + 128*Z[0]^3*Z[2]*Z[4]*Z[5] + 64*Z[0]^3*Z[2]*Z[5]^2 - 576*Z[0]^3*Z[3]^2*Z[4] - 672*Z[0]^3*Z[3]^2*Z[5] - 384*Z[0]^3*Z[4]^3 - 384*Z[0]^3*Z[4]^2*Z[5] - 96*Z[0]^3*Z[4]*Z[5]^2 - 192*Z[0]^2*Z[1]^4 + 336*Z[0]^2*Z[1]^3*Z[3] - 64*Z[0]^2*Z[1]^2*Z[2]^2 + 224*Z[0]^2*Z[1]^2*Z[2]*Z[4] - 144*Z[0]^2*Z[1]^2*Z[2]*Z[5] - 144*Z[0]^2*Z[1]^2*Z[3]^2 + 720*Z[0]^2*Z[1]^2*Z[4]^2 + 176*Z[0]^2*Z[1]^2*Z[4]*Z[5] - 92*Z[0]^2*Z[1]^2*Z[5]^2 + 32*Z[0]^2*Z[1]*Z[2]^2*Z[3] + 224*Z[0]^2*Z[1]*Z[2]*Z[3]*Z[4] + 624*Z[0]^2*Z[1]*Z[2]*Z[3]*Z[5] + 48*Z[0]^2*Z[1]*Z[3]^3 - 672*Z[0]^2*Z[1]*Z[3]*Z[4]^2 + 416*Z[0]^2*Z[1]*Z[3]*Z[4]*Z[5] + 376*Z[0]^2*Z[1]*Z[3]*Z[5]^2 + 32*Z[0]^2*Z[2]^4 + 64*Z[0]^2*Z[2]^3*Z[4] + 64*Z[0]^2*Z[2]^2*Z[3]^2 + 64*Z[0]^2*Z[2]^2*Z[4]*Z[5] + 32*Z[0]^2*Z[2]^2*Z[5]^2 + 192*Z[0]^2*Z[2]*Z[3]^2*Z[4] - 160*Z[0]^2*Z[2]*Z[3]^2*Z[5] + 320*Z[0]^2*Z[2]*Z[4]^3 + 320*Z[0]^2*Z[2]*Z[4]^2*Z[5] + 80*Z[0]^2*Z[2]*Z[4]*Z[5]^2 - 48*Z[0]^2*Z[3]^4 - 304*Z[0]^2*Z[3]^2*Z[4]^2 - 848*Z[0]^2*Z[3]^2*Z[4]*Z[5] - 348*Z[0]^2*Z[3]^2*Z[5]^2 - 128*Z[0]^2*Z[4]^4 - 128*Z[0]^2*Z[4]^3*Z[5] + 32*Z[0]^2*Z[4]*Z[5]^3 + 8*Z[0]^2*Z[5]^4 - 72*Z[0]*Z[1]^4*Z[2] - 240*Z[0]*Z[1]^4*Z[4] - 108*Z[0]*Z[1]^4*Z[5] + 144*Z[0]*Z[1]^3*Z[2]*Z[3] + 384*Z[0]*Z[1]^3*Z[3]*Z[4] + 144*Z[0]*Z[1]^3*Z[3]*Z[5] - 56*Z[0]*Z[1]^2*Z[2]^3 - 224*Z[0]*Z[1]^2*Z[2]^2*Z[4] - 144*Z[0]*Z[1]^2*Z[2]^2*Z[5] - 96*Z[0]*Z[1]^2*Z[2]*Z[3]^2 - 144*Z[0]*Z[1]^2*Z[2]*Z[4]^2 - 368*Z[0]*Z[1]^2*Z[2]*Z[4]*Z[5] - 148*Z[0]*Z[1]^2*Z[2]*Z[5]^2 - 96*Z[0]*Z[1]^2*Z[3]^2*Z[4] + 24*Z[0]*Z[1]^2*Z[3]^2*Z[5] + 192*Z[0]*Z[1]^2*Z[4]^3 + 96*Z[0]*Z[1]^2*Z[4]^2*Z[5] - 48*Z[0]*Z[1]^2*Z[4]*Z[5]^2 - 24*Z[0]*Z[1]^2*Z[5]^3 + 32*Z[0]*Z[1]*Z[2]^3*Z[3] + 112*Z[0]*Z[1]*Z[2]^2*Z[3]*Z[4] + 120*Z[0]*Z[1]*Z[2]^2*Z[3]*Z[5] + 48*Z[0]*Z[1]*Z[2]*Z[3]^3 + 288*Z[0]*Z[1]*Z[2]*Z[3]*Z[4]^2 + 736*Z[0]*Z[1]*Z[2]*Z[3]*Z[4]*Z[5] + 296*Z[0]*Z[1]*Z[2]*Z[3]*Z[5]^2 - 48*Z[0]*Z[1]*Z[3]^3*Z[5] - 128*Z[0]*Z[1]*Z[3]*Z[4]^3 + 192*Z[0]*Z[1]*Z[3]*Z[4]^2*Z[5] + 288*Z[0]*Z[1]*Z[3]*Z[4]*Z[5]^2 + 80*Z[0]*Z[1]*Z[3]*Z[5]^3 + 16*Z[0]*Z[2]^4*Z[4] - 8*Z[0]*Z[2]^3*Z[3]^2 - 32*Z[0]*Z[2]^3*Z[4]*Z[5] - 16*Z[0]*Z[2]^3*Z[5]^2 + 48*Z[0]*Z[2]^2*Z[3]^2*Z[4] - 8*Z[0]*Z[2]^2*Z[3]^2*Z[5] - 32*Z[0]*Z[2]^2*Z[4]^3 - 32*Z[0]*Z[2]^2*Z[4]^2*Z[5] - 8*Z[0]*Z[2]^2*Z[4]*Z[5]^2 - 24*Z[0]*Z[2]*Z[3]^4 + 112*Z[0]*Z[2]*Z[3]^2*Z[4]^2 - 112*Z[0]*Z[2]*Z[3]^2*Z[4]*Z[5] - 84*Z[0]*Z[2]*Z[3]^2*Z[5]^2 + 128*Z[0]*Z[2]*Z[4]^4 + 128*Z[0]*Z[2]*Z[4]^3*Z[5] - 32*Z[0]*Z[2]*Z[4]*Z[5]^3 - 8*Z[0]*Z[2]*Z[5]^4 - 48*Z[0]*Z[3]^4*Z[4] - 12*Z[0]*Z[3]^4*Z[5] - 64*Z[0]*Z[3]^2*Z[4]^3 - 288*Z[0]*Z[3]^2*Z[4]^2*Z[5] - 240*Z[0]*Z[3]^2*Z[4]*Z[5]^2 - 56*Z[0]*Z[3]^2*Z[5]^3 + Z[1]^6 - 6*Z[1]^5*Z[3] - 4*Z[1]^4*Z[2]^2 - 40*Z[1]^4*Z[2]*Z[4] - 18*Z[1]^4*Z[2]*Z[5] + 15*Z[1]^4*Z[3]^2 - 72*Z[1]^4*Z[4]^2 - 64*Z[1]^4*Z[4]*Z[5] - 14*Z[1]^4*Z[5]^2 + 4*Z[1]^3*Z[2]^2*Z[3] + 64*Z[1]^3*Z[2]*Z[3]*Z[4] + 24*Z[1]^3*Z[2]*Z[3]*Z[5] - 20*Z[1]^3*Z[3]^3 + 96*Z[1]^3*Z[3]*Z[4]^2 + 64*Z[1]^3*Z[3]*Z[4]*Z[5] + 8*Z[1]^3*Z[3]*Z[5]^2 - 4*Z[1]^2*Z[2]^4 - 40*Z[1]^2*Z[2]^3*Z[4] - 20*Z[1]^2*Z[2]^3*Z[5] + 4*Z[1]^2*Z[2]^2*Z[3]^2 - 108*Z[1]^2*Z[2]^2*Z[4]^2 - 116*Z[1]^2*Z[2]^2*Z[4]*Z[5] - 31*Z[1]^2*Z[2]^2*Z[5]^2 - 16*Z[1]^2*Z[2]*Z[3]^2*Z[4] + 4*Z[1]^2*Z[2]*Z[3]^2*Z[5] - 96*Z[1]^2*Z[2]*Z[4]^3 - 176*Z[1]^2*Z[2]*Z[4]^2*Z[5] - 104*Z[1]^2*Z[2]*Z[4]*Z[5]^2 - 20*Z[1]^2*Z[2]*Z[5]^3 + 15*Z[1]^2*Z[3]^4 + 16*Z[1]^2*Z[3]^2*Z[4]^2 + 64*Z[1]^2*Z[3]^2*Z[4]*Z[5] + 28*Z[1]^2*Z[3]^2*Z[5]^2 + 8*Z[1]*Z[2]^3*Z[3]*Z[4] + 4*Z[1]*Z[2]^3*Z[3]*Z[5] - 4*Z[1]*Z[2]^2*Z[3]^3 + 24*Z[1]*Z[2]^2*Z[3]*Z[4]^2 + 40*Z[1]*Z[2]^2*Z[3]*Z[4]*Z[5] + 14*Z[1]*Z[2]^2*Z[3]*Z[5]^2 - 8*Z[1]*Z[2]*Z[3]^3*Z[5] + 64*Z[1]*Z[2]*Z[3]*Z[4]^3 + 160*Z[1]*Z[2]*Z[3]*Z[4]^2*Z[5] + 112*Z[1]*Z[2]*Z[3]*Z[4]*Z[5]^2 + 24*Z[1]*Z[2]*Z[3]*Z[5]^3 - 6*Z[1]*Z[3]^5 - 32*Z[1]*Z[3]^3*Z[4]^2 - 64*Z[1]*Z[3]^3*Z[4]*Z[5] - 24*Z[1]*Z[3]^3*Z[5]^2 - 16*Z[2]^3*Z[4]^3 - 16*Z[2]^3*Z[4]^2*Z[5] - 4*Z[2]^3*Z[4]*Z[5]^2 + 20*Z[2]^2*Z[3]^2*Z[4]^2 + 12*Z[2]^2*Z[3]^2*Z[4]*Z[5] + Z[2]^2*Z[3]^2*Z[5]^2 - 32*Z[2]^2*Z[4]^4 - 32*Z[2]^2*Z[4]^3*Z[5] + 8*Z[2]^2*Z[4]*Z[5]^3 + 2*Z[2]^2*Z[5]^4 - 8*Z[2]*Z[3]^4*Z[4] - 2*Z[2]*Z[3]^4*Z[5] + 32*Z[2]*Z[3]^2*Z[4]^3 + 16*Z[2]*Z[3]^2*Z[4]^2*Z[5] - 8*Z[2]*Z[3]^2*Z[4]*Z[5]^2 - 4*Z[2]*Z[3]^2*Z[5]^3 + Z[3]^6 - 8*Z[3]^4*Z[4]^2 + 2*Z[3]^4*Z[5]^2

#############
# MONODROMY #
#############


Generators of the monodromy group on the second homology group:
[[2, 1, 2, 2, 3, 1, 3, 4, -4, -5, -3, 1, -2, 2, 2, 2, -2, 9, 8, 8, -2, -1], [-1, 0, -2, -2, -3, -1, -3, -4, 4, 5, 3, -1, 2, -2, -2, -2, 2, -9, -8, -8, 2, 1], [-1, -1, -1, 0, -1, 1, 1, 1, -2, -2, 1, -1, 1, -2, -1, -2, 1, 0, 0, 1, 0, -1], [1, 1, 3, 2, 4, 0, 1, 2, -1, -1, -3, 3, -2, 4, 3, 4, -2, 6, 6, 5, -1, 0], [2, 2, 3, 3, 4, 3, 6, 7, -7, -9, -4, 0, -3, 2, 2, 2, -3, 14, 12, 12, -3, -3], [0, 0, 0, 0, 0, 2, 1, 1, -1, -1, 0, 0, 0, 0, 0, 0, 0, 1, 1, 1, 0, -1], [0, 0, 1, 1, 3, -3, -1, -1, 1, 1, -2, 2, -1, 2, 2, 2, -1, 2, 2, 2, -1, 1], [2, 2, 3, 3, 3, 1, 4, 5, -5, -6, -4, 0, -3, 2, 2, 2, -3, 11, 10, 9, -3, -2], [0, 0, 1, 1, 3, -1, 0, 0, 0, 0, -2, 2, -1, 2, 2, 2, -1, 3, 4, 3, -1, 0], [1, 1, 2, 2, 3, -1, 1, 2, -2, -2, -3, 1, -2, 2, 2, 2, -2, 7, 6, 6, -2, -1], [0, 0, 1, 1, 3, -2, -1, 0, 0, 0, -1, 2, -1, 2, 2, 2, -1, 3, 3, 3, -1, 0], [0, 0, 0, 0, 0, -1, -1, -1, 1, 1, 0, 1, 0, 0, 0, 0, 0, -1, -1, -1, 0, 1], [0, 0, 1, 1, 3, -2, -1, 0, 0, 0, -1, 2, -1, 2, 1, 1, 0, 3, 3, 3, -1, 0], [-1, -1, -2, -2, -3, -1, -3, -4, 4, 5, 2, -1, 2, -1, -2, -1, 2, -9, -8, -8, 2, 2], [-1, -1, -3, -3, -6, 2, -1, -3, 3, 4, 4, -3, 3, -4, -3, -3, 3, -11, -10, -10, 3, 1], [0, 0, 1, 1, 3, -2, -1, 0, 0, 0, 0, 2, -1, 2, 2, 1, -1, 3, 3, 3, -1, 0], [-1, -1, -2, -2, -3, 0, -2, -3, 3, 4, 3, -1, 3, -2, -1, -2, 2, -8, -7, -7, 2, 1], [-1, -1, -1, -1, 0, -1, -2, -2, 2, 3, 1, 1, 1, 0, 0, 0, 1, -3, -3, -3, 1, 1], [0, 0, 0, 0, 0, -1, -1, 0, 1, 0, 0, 0, 0, 0, 0, 0, 0, 0, 0, 0, 0, 0], [0, 0, 0, 0, 0, -1, -1, -2, 1, 2, 0, 0, 0, 0, 0, 0, 0, -2, -1, -1, 0, 0], [0, 0, -1, -1, -3, 0, -1, -2, 2, 2, 1, -2, 1, -2, -2, -1, 1, -5, -5, -5, 2, 1], [0, 0, 0, 0, 0, 0, 0, 0, 0, 0, 0, 0, 0, 0, 0, 0, 0, 0, 0, 0, 0, -1]]
[[1, 0, 0, 0, 0, 0, 0, 0, 0, 0, 0, 0, 0, 0, 0, 0, 0, 0, 0, 0, 0, 0], [0, 1, 0, 0, 0, 0, 0, 0, 0, 0, 0, 0, 0, 0, 0, 0, 0, 0, 0, 0, 0, 0], [0, 0, 1, 0, 0, 0, 0, 0, 0, 0, 0, 0, 0, 0, 0, 0, 0, 0, 0, 0, 0, 0], [0, 0, 0, 1, 0, 0, 0, 0, 0, 0, 0, 0, 0, 0, 0, 0, 0, 0, 0, 0, 0, 0], [0, 0, 0, 0, 1, 0, 0, 0, 0, 0, 0, 0, 0, 0, 0, 0, 0, 0, 0, 0, 0, 0], [0, 0, 0, 0, 0, 1, 0, 0, 0, 0, 0, 0, 0, 0, 0, 0, 0, 0, 0, 0, 0, 0], [0, 0, 0, 0, 0, 0, 1, 0, 0, 0, 0, 0, 0, 0, 0, 0, 0, 0, 0, 0, 0, 0], [0, 0, 0, 0, 0, 0, 0, 1, 0, 0, 0, 0, 0, 0, 0, 0, 0, 0, 0, 0, 0, 0], [0, 0, 0, 0, 0, 0, 0, 0, 1, 0, 0, 0, 0, 0, 0, 0, 0, 0, 0, 0, 0, 0], [0, 0, 0, 0, 0, 0, 0, 0, 0, 1, 0, 0, 0, 0, 0, 0, 0, 0, 0, 0, 0, 0], [0, 0, 0, 0, 0, 0, 0, 0, 0, 0, 1, 0, 0, 0, 0, 0, 0, 0, 0, 0, 0, 0], [0, 0, 0, 0, 0, 0, 0, 0, 0, 0, 0, 1, 0, 0, 0, 0, 0, 0, 0, 0, 0, 0], [0, 0, 0, 0, 0, 0, 0, 0, 0, 0, 0, 0, 1, 0, 0, 0, 0, 0, 0, 0, 0, 0], [0, 0, 0, 0, 0, 0, 0, 0, 0, 0, 0, 0, 0, 1, 0, 0, 0, 0, 0, 0, 0, 0], [0, 0, 0, 0, 0, 0, 0, 0, 0, 0, 0, 0, 0, 0, 1, 0, 0, 0, 0, 0, 0, 0], [0, 0, 0, 0, 0, 0, 0, 0, 0, 0, 0, 0, 0, 0, 0, 1, 0, 0, 0, 0, 0, 0], [0, 0, 0, 0, 0, 0, 0, 0, 0, 0, 0, 0, 0, 0, 0, 0, 1, 0, 0, 0, 0, 0], [0, 0, 0, 0, 0, 0, 0, 0, 0, 0, 0, 0, 0, 0, 0, 0, 0, 1, 0, 0, 0, 0], [0, 0, 0, 0, 0, 0, 0, 0, 0, 0, 0, 0, 0, 0, 0, 0, 0, 0, 1, 0, 0, 0], [0, 0, 0, 0, 0, 0, 0, 0, 0, 0, 0, 0, 0, 0, 0, 0, 0, 0, 0, 1, 0, 0], [0, 0, 0, 0, 0, 0, 0, 0, 0, 0, 0, 0, 0, 0, 0, 0, 0, 0, 0, 0, 1, 0], [0, 0, 0, 0, 0, 0, 0, 0, 0, 0, 0, 0, 0, 0, 0, 0, 0, 0, 0, 0, 0, 1]]
[[1, 0, 0, 0, 0, 0, 0, 0, 0, 0, 0, 0, 0, 0, 0, 0, 0, 0, 0, 0, 0, 0], [0, 1, 0, 0, 0, 0, 0, 0, 0, 0, 0, 0, 0, 0, 0, 0, 0, 0, 0, 0, 0, 0], [0, 0, 1, 0, 0, 0, 0, 0, 0, 0, 0, 0, 0, 0, 0, 0, 0, 0, 0, 0, 0, 0], [0, 0, 0, 1, 0, 0, 0, 0, 0, 0, 0, 0, 0, 0, 0, 0, 0, 0, 0, 0, 0, 0], [0, 0, 0, 0, 1, 0, 0, 0, 0, 0, 0, 0, 0, 0, 0, 0, 0, 0, 0, 0, 0, 0], [0, 0, 0, 0, 0, 1, 0, 0, 0, 0, 0, 0, 0, 0, 0, 0, 0, 0, 0, 0, 0, 0], [0, 0, 0, 0, 0, 0, 1, 0, 0, 0, 0, 0, 0, 0, 0, 0, 0, 0, 0, 0, 0, 0], [0, 0, 0, 0, 0, 0, 0, 1, 0, 0, 0, 0, 0, 0, 0, 0, 0, 0, 0, 0, 0, 0], [0, 0, 0, 0, 0, 0, 0, 0, 1, 0, 0, 0, 0, 0, 0, 0, 0, 0, 0, 0, 0, 0], [0, 0, 0, 0, 0, 0, 0, 0, 0, 1, 0, 0, 0, 0, 0, 0, 0, 0, 0, 0, 0, 0], [0, 0, 0, 0, 0, 0, 0, 0, 0, 0, 1, 0, 0, 0, 0, 0, 0, 0, 0, 0, 0, 0], [0, 0, 0, 0, 0, 0, 0, 0, 0, 0, 0, 1, 0, 0, 0, 0, 0, 0, 0, 0, 0, 0], [0, 0, 0, 0, 0, 0, 0, 0, 0, 0, 0, 0, 1, 0, 0, 0, 0, 0, 0, 0, 0, 0], [0, 0, 0, 0, 0, 0, 0, 0, 0, 0, 0, 0, 0, 1, 0, 0, 0, 0, 0, 0, 0, 0], [0, 0, 0, 0, 0, 0, 0, 0, 0, 0, 0, 0, 0, 0, 1, 0, 0, 0, 0, 0, 0, 0], [0, 0, 0, 0, 0, 0, 0, 0, 0, 0, 0, 0, 0, 0, 0, 1, 0, 0, 0, 0, 0, 0], [0, 0, 0, 0, 0, 0, 0, 0, 0, 0, 0, 0, 0, 0, 0, 0, 1, 0, 0, 0, 0, 0], [0, 0, 0, 0, 0, 0, 0, 0, 0, 0, 0, 0, 0, 0, 0, 0, 0, 1, 0, 0, 0, 0], [0, 0, 0, 0, 0, 0, 0, 0, 0, 0, 0, 0, 0, 0, 0, 0, 0, 0, 1, 0, 0, 0], [0, 0, 0, 0, 0, 0, 0, 0, 0, 0, 0, 0, 0, 0, 0, 0, 0, 0, 0, 1, 0, 0], [0, 0, 0, 0, 0, 0, 0, 0, 0, 0, 0, 0, 0, 0, 0, 0, 0, 0, 0, 0, 1, 0], [0, 0, 0, 0, 0, 0, 0, 0, 0, 0, 0, 0, 0, 0, 0, 0, 0, 0, 0, 0, 0, 1]]
[[1, 1, 1, 0, 1, 0, 1, 2, -1, -1, -2, 0, -2, 0, 1, 1, -2, 5, 5, 4, 0, -1], [0, 0, -1, 0, -1, 0, -1, -2, 1, 1, 2, 0, 2, 0, -1, -1, 2, -5, -5, -4, 0, 1], [1, 0, 1, 0, 2, 0, 0, 3, -1, -3, 0, 1, -1, 2, 1, 1, 0, 5, 5, 5, -2, -1], [0, 1, 1, 1, 1, 0, 1, 0, -1, 1, -2, 0, -2, 0, 1, 1, -2, 3, 3, 2, 0, -1], [3, 2, 2, 0, 4, 0, 2, 6, -3, -6, -3, 0, -4, 2, 2, 2, -3, 14, 12, 12, -3, -3], [1, 0, 0, 0, 1, -1, 0, 3, -2, -4, 0, -1, -1, 0, 0, -1, 0, 6, 5, 6, -3, -2], [-3, -1, -1, 0, -1, 0, 0, -5, 2, 6, 0, 1, 1, -2, 0, 0, 0, -8, -6, -7, 4, 2], [1, 1, 1, 0, 1, 0, 1, 2, -1, -1, -2, 0, -2, 0, 1, 1, -2, 5, 4, 4, 0, -1], [-1, 0, 0, 0, 1, 0, 0, -2, 1, 3, -1, 1, -1, 0, 1, 1, -1, -1, 0, -1, 1, 0], [0, 0, 0, 0, 1, 0, 0, -1, 0, 2, -1, 1, -1, 0, 1, 1, -1, 1, 1, 1, 1, 0], [0, 0, 0, 0, 1, 0, 0, -2, 0, 2, -1, 1, -1, 0, 0, 1, 0, 0, 0, 0, 1, 0], [0, 0, 0, 0, 0, 0, 0, -1, 0, 1, 0, 1, 0, 0, 0, 0, 0, -1, -1, -1, 1, 0], [1, 0, 0, 0, 3, 0, 0, -1, -1, 1, -1, 2, -1, 2, 2, 2, -1, 3, 3, 3, 0, -1], [-2, -1, -1, 0, -2, 0, -1, -3, 2, 3, 1, 0, 2, -1, -1, -1, 1, -7, -6, -6, 1, 2], [-2, -1, -1, 0, -4, 0, -1, 0, 2, 0, 3, -2, 4, -2, -2, -3, 3, -8, -7, -7, 0, 2], [0, 0, 0, 0, 0, 0, 0, -2, 0, 2, 0, 0, 0, 0, 0, 1, 0, -2, -2, -2, 2, 0], [-2, -1, -1, 0, -3, 0, -1, -2, 2, 2, 3, -1, 3, -2, -1, -2, 2, -8, -7, -7, 1, 2], [-1, -1, -1, 0, 0, 0, -1, -2, 1, 2, 1, 1, 1, 0, 0, 0, 1, -3, -3, -3, 1, 1], [1, 0, 0, 0, 0, 0, 0, -1, 0, 0, 0, 0, 0, 0, 0, 0, 0, 0, 0, 0, 0, 0], [-1, 0, 0, 0, 0, 0, 0, -1, 0, 2, 0, 0, 0, 0, 0, 0, 0, -2, -1, -1, 0, 0], [0, 0, 0, 0, 0, 0, 0, 0, 0, 0, 0, 0, 0, 0, 0, 0, 0, 0, 0, 0, -1, 0], [0, 0, 0, 0, -1, 0, 0, 0, 0, 0, 1, -1, 1, 0, -1, -1, 1, -2, -2, -2, 0, 1]]
[[1, 0, 0, 0, 0, 0, 0, 0, 0, 0, 0, 0, 0, 0, 0, 0, 0, 0, 0, 0, 0, 0], [0, 1, 0, 0, 0, 0, 0, 0, 0, 0, 0, 0, 0, 0, 0, 0, 0, 0, 0, 0, 0, 0], [0, 0, 1, 0, 0, 0, 0, 0, 0, 0, 0, 0, 0, 0, 0, 0, 0, 0, 0, 0, 0, 0], [0, 0, 0, 1, 0, 0, 0, 0, 0, 0, 0, 0, 0, 0, 0, 0, 0, 0, 0, 0, 0, 0], [0, 0, 0, 0, 1, 0, 0, 0, 0, 0, 0, 0, 0, 0, 0, 0, 0, 0, 0, 0, 0, 0], [0, 0, 0, 0, 0, 1, 0, 0, 0, 0, 0, 0, 0, 0, 0, 0, 0, 0, 0, 0, 0, 0], [0, 0, 0, 0, 0, 0, 1, 0, 0, 0, 0, 0, 0, 0, 0, 0, 0, 0, 0, 0, 0, 0], [0, 0, 0, 0, 0, 0, 0, 1, 0, 0, 0, 0, 0, 0, 0, 0, 0, 0, 0, 0, 0, 0], [0, 0, 0, 0, 0, 0, 0, 0, 1, 0, 0, 0, 0, 0, 0, 0, 0, 0, 0, 0, 0, 0], [0, 0, 0, 0, 0, 0, 0, 0, 0, 1, 0, 0, 0, 0, 0, 0, 0, 0, 0, 0, 0, 0], [0, 0, 0, 0, 0, 0, 0, 0, 0, 0, 1, 0, 0, 0, 0, 0, 0, 0, 0, 0, 0, 0], [0, 0, 0, 0, 0, 0, 0, 0, 0, 0, 0, 1, 0, 0, 0, 0, 0, 0, 0, 0, 0, 0], [0, 0, 0, 0, 0, 0, 0, 0, 0, 0, 0, 0, 1, 0, 0, 0, 0, 0, 0, 0, 0, 0], [0, 0, 0, 0, 0, 0, 0, 0, 0, 0, 0, 0, 0, 1, 0, 0, 0, 0, 0, 0, 0, 0], [0, 0, 0, 0, 0, 0, 0, 0, 0, 0, 0, 0, 0, 0, 1, 0, 0, 0, 0, 0, 0, 0], [0, 0, 0, 0, 0, 0, 0, 0, 0, 0, 0, 0, 0, 0, 0, 1, 0, 0, 0, 0, 0, 0], [0, 0, 0, 0, 0, 0, 0, 0, 0, 0, 0, 0, 0, 0, 0, 0, 1, 0, 0, 0, 0, 0], [0, 0, 0, 0, 0, 0, 0, 0, 0, 0, 0, 0, 0, 0, 0, 0, 0, 1, 0, 0, 0, 0], [0, 0, 0, 0, 0, 0, 0, 0, 0, 0, 0, 0, 0, 0, 0, 0, 0, 0, 1, 0, 0, 0], [0, 0, 0, 0, 0, 0, 0, 0, 0, 0, 0, 0, 0, 0, 0, 0, 0, 0, 0, 1, 0, 0], [0, 0, 0, 0, 0, 0, 0, 0, 0, 0, 0, 0, 0, 0, 0, 0, 0, 0, 0, 0, 1, 0], [0, 0, 0, 0, 0, 0, 0, 0, 0, 0, 0, 0, 0, 0, 0, 0, 0, 0, 0, 0, 0, 1]]
[[0, -1, -1, 0, 1, -1, 0, 1, -1, -2, 1, 0, 1, -1, 1, -1, 0, 2, 1, 2, -1, 0], [1, 2, 1, 0, -1, 1, 0, -1, 1, 2, -1, 0, -1, 1, -1, 1, 0, -2, -1, -2, 1, 0], [2, 2, 0, -3, 5, 1, 1, 0, 0, -3, -2, 1, -3, 3, 0, 2, -1, 6, 7, 9, -4, -2], [-1, -1, 0, 2, 0, -1, 0, 1, -1, -1, 1, 0, 1, -1, 1, -1, 0, 1, 0, 0, 0, 0], [1, 1, -1, -2, 6, 0, 1, 1, -1, -4, -1, 1, -2, 2, 1, 1, -1, 7, 7, 9, -4, -2], [3, 3, 0, -3, 8, 2, 2, 1, -1, -5, -3, 2, -5, 5, 1, 3, -2, 11, 12, 14, -6, -4], [-6, -6, 0, 6, -12, -3, -2, 0, 0, 6, 6, -3, 9, -9, 0, -6, 3, -15, -18, -21, 9, 6], [-1, -1, 0, 1, 0, -1, 0, 2, -1, -1, 1, 0, 1, -1, 1, -1, 0, 1, 0, 0, 0, 0], [-2, -2, 0, 2, -4, -1, -1, 0, 1, 2, 2, -1, 3, -3, 0, -2, 1, -5, -6, -7, 3, 2], [0, 0, 0, 1, 1, -1, 0, 1, -1, -1, 0, 0, 0, 0, 1, -1, -1, 3, 2, 3, -1, -1], [2, 2, 0, 0, 2, 0, 0, 0, 0, -2, -1, 0, -2, 2, 0, 0, -2, 4, 4, 6, -2, -2], [1, 1, 0, 0, 1, 0, 0, 0, 0, -1, -1, 1, -1, 1, 0, 0, -1, 2, 2, 3, -1, -1], [3, 3, 1, 0, 5, 0, 1, 1, -1, -4, -3, 1, -3, 4, 1, 1, -3, 9, 9, 11, -4, -4], [-2, -2, 0, 1, -5, 0, -1, -1, 1, 4, 2, -1, 3, -2, -1, -1, 2, -8, -8, -10, 4, 3], [-3, -3, 0, 0, -7, 1, -1, -2, 2, 7, 3, -1, 4, -4, -1, 0, 4, -13, -12, -16, 6, 5], [1, 1, 1, 2, 1, -1, 0, 1, -1, -2, -1, 0, -1, 1, 1, 0, -2, 4, 3, 4, -1, -2], [-2, -2, 0, 1, -5, 0, -1, -1, 1, 4, 2, -1, 3, -3, -1, -1, 3, -8, -8, -10, 4, 3], [2, 2, 0, -1, 1, 1, 0, -1, 1, 0, -2, 0, -2, 2, -1, 1, -1, 2, 2, 3, -1, -1], [1, 1, 0, 0, 1, 0, 0, 0, 0, -1, -1, 0, -1, 1, 0, 0, -1, 2, 3, 3, -1, -1], [-2, -2, 1, 2, -2, -1, 0, 1, -1, 1, 2, 0, 2, -2, 1, -1, 1, -2, -3, -4, 2, 1], [-1, -1, 0, 0, -1, 0, 0, 0, 0, 1, 1, 0, 1, -1, 0, 0, 1, -2, -2, -3, 2, 1], [-1, -1, 1, 1, -2, 0, 0, 0, 0, 2, 1, 0, 1, -1, 0, 0, 1, -3, -3, -5, 2, 2]]
[[1, 0, 0, 0, 0, 0, 0, 0, 0, 0, 0, 0, 0, 0, 0, 0, 0, 0, 0, 0, 0, 0], [0, 1, 0, 0, 0, 0, 0, 0, 0, 0, 0, 0, 0, 0, 0, 0, 0, 0, 0, 0, 0, 0], [0, 0, 1, 0, 0, 0, 0, 0, 0, 0, 0, 0, 0, 0, 0, 0, 0, 0, 0, 0, 0, 0], [0, 0, 0, 1, 0, 0, 0, 0, 0, 0, 0, 0, 0, 0, 0, 0, 0, 0, 0, 0, 0, 0], [0, 0, 0, 0, 1, 0, 0, 0, 0, 0, 0, 0, 0, 0, 0, 0, 0, 0, 0, 0, 0, 0], [0, 0, 0, 0, 0, 1, 0, 0, 0, 0, 0, 0, 0, 0, 0, 0, 0, 0, 0, 0, 0, 0], [0, 0, 0, 0, 0, 0, 1, 0, 0, 0, 0, 0, 0, 0, 0, 0, 0, 0, 0, 0, 0, 0], [0, 0, 0, 0, 0, 0, 0, 1, 0, 0, 0, 0, 0, 0, 0, 0, 0, 0, 0, 0, 0, 0], [0, 0, 0, 0, 0, 0, 0, 0, 1, 0, 0, 0, 0, 0, 0, 0, 0, 0, 0, 0, 0, 0], [0, 0, 0, 0, 0, 0, 0, 0, 0, 1, 0, 0, 0, 0, 0, 0, 0, 0, 0, 0, 0, 0], [0, 0, 0, 0, 0, 0, 0, 0, 0, 0, 1, 0, 0, 0, 0, 0, 0, 0, 0, 0, 0, 0], [0, 0, 0, 0, 0, 0, 0, 0, 0, 0, 0, 1, 0, 0, 0, 0, 0, 0, 0, 0, 0, 0], [0, 0, 0, 0, 0, 0, 0, 0, 0, 0, 0, 0, 1, 0, 0, 0, 0, 0, 0, 0, 0, 0], [0, 0, 0, 0, 0, 0, 0, 0, 0, 0, 0, 0, 0, 1, 0, 0, 0, 0, 0, 0, 0, 0], [0, 0, 0, 0, 0, 0, 0, 0, 0, 0, 0, 0, 0, 0, 1, 0, 0, 0, 0, 0, 0, 0], [0, 0, 0, 0, 0, 0, 0, 0, 0, 0, 0, 0, 0, 0, 0, 1, 0, 0, 0, 0, 0, 0], [0, 0, 0, 0, 0, 0, 0, 0, 0, 0, 0, 0, 0, 0, 0, 0, 1, 0, 0, 0, 0, 0], [0, 0, 0, 0, 0, 0, 0, 0, 0, 0, 0, 0, 0, 0, 0, 0, 0, 1, 0, 0, 0, 0], [0, 0, 0, 0, 0, 0, 0, 0, 0, 0, 0, 0, 0, 0, 0, 0, 0, 0, 1, 0, 0, 0], [0, 0, 0, 0, 0, 0, 0, 0, 0, 0, 0, 0, 0, 0, 0, 0, 0, 0, 0, 1, 0, 0], [0, 0, 0, 0, 0, 0, 0, 0, 0, 0, 0, 0, 0, 0, 0, 0, 0, 0, 0, 0, 1, 0], [0, 0, 0, 0, 0, 0, 0, 0, 0, 0, 0, 0, 0, 0, 0, 0, 0, 0, 0, 0, 0, 1]]
[[1, 0, 0, 0, 0, 0, 0, 0, 0, 0, 0, 0, 0, 0, 0, 0, 0, 0, 0, 0, 0, 0], [0, 1, 0, 0, 0, 0, 0, 0, 0, 0, 0, 0, 0, 0, 0, 0, 0, 0, 0, 0, 0, 0], [0, 0, 1, 0, 0, 0, 0, 0, 0, 0, 0, 0, 0, 0, 0, 0, 0, 0, 0, 0, 0, 0], [0, 0, 0, 1, 0, 0, 0, 0, 0, 0, 0, 0, 0, 0, 0, 0, 0, 0, 0, 0, 0, 0], [0, 0, 0, 0, 1, 0, 0, 0, 0, 0, 0, 0, 0, 0, 0, 0, 0, 0, 0, 0, 0, 0], [0, 0, 0, 0, 0, 1, 0, 0, 0, 0, 0, 0, 0, 0, 0, 0, 0, 0, 0, 0, 0, 0], [0, 0, 0, 0, 0, 0, 1, 0, 0, 0, 0, 0, 0, 0, 0, 0, 0, 0, 0, 0, 0, 0], [0, 0, 0, 0, 0, 0, 0, 1, 0, 0, 0, 0, 0, 0, 0, 0, 0, 0, 0, 0, 0, 0], [0, 0, 0, 0, 0, 0, 0, 0, 1, 0, 0, 0, 0, 0, 0, 0, 0, 0, 0, 0, 0, 0], [0, 0, 0, 0, 0, 0, 0, 0, 0, 1, 0, 0, 0, 0, 0, 0, 0, 0, 0, 0, 0, 0], [0, 0, 0, 0, 0, 0, 0, 0, 0, 0, 1, 0, 0, 0, 0, 0, 0, 0, 0, 0, 0, 0], [0, 0, 0, 0, 0, 0, 0, 0, 0, 0, 0, 1, 0, 0, 0, 0, 0, 0, 0, 0, 0, 0], [0, 0, 0, 0, 0, 0, 0, 0, 0, 0, 0, 0, 1, 0, 0, 0, 0, 0, 0, 0, 0, 0], [0, 0, 0, 0, 0, 0, 0, 0, 0, 0, 0, 0, 0, 1, 0, 0, 0, 0, 0, 0, 0, 0], [0, 0, 0, 0, 0, 0, 0, 0, 0, 0, 0, 0, 0, 0, 1, 0, 0, 0, 0, 0, 0, 0], [0, 0, 0, 0, 0, 0, 0, 0, 0, 0, 0, 0, 0, 0, 0, 1, 0, 0, 0, 0, 0, 0], [0, 0, 0, 0, 0, 0, 0, 0, 0, 0, 0, 0, 0, 0, 0, 0, 1, 0, 0, 0, 0, 0], [0, 0, 0, 0, 0, 0, 0, 0, 0, 0, 0, 0, 0, 0, 0, 0, 0, 1, 0, 0, 0, 0], [0, 0, 0, 0, 0, 0, 0, 0, 0, 0, 0, 0, 0, 0, 0, 0, 0, 0, 1, 0, 0, 0], [0, 0, 0, 0, 0, 0, 0, 0, 0, 0, 0, 0, 0, 0, 0, 0, 0, 0, 0, 1, 0, 0], [0, 0, 0, 0, 0, 0, 0, 0, 0, 0, 0, 0, 0, 0, 0, 0, 0, 0, 0, 0, 1, 0], [0, 0, 0, 0, 0, 0, 0, 0, 0, 0, 0, 0, 0, 0, 0, 0, 0, 0, 0, 0, 0, 1]]
[[1, 0, 0, 0, 0, 0, 0, 0, 0, 0, 0, 0, 0, 0, 0, 0, 0, 0, 0, 0, 0, 0], [0, 1, 0, 0, 0, 0, 0, 0, 0, 0, 0, 0, 0, 0, 0, 0, 0, 0, 0, 0, 0, 0], [0, 0, 1, 0, 0, 0, 0, 0, 0, 0, 0, 0, 0, 0, 0, 0, 0, 0, 0, 0, 0, 0], [0, 0, 0, 1, 0, 0, 0, 0, 0, 0, 0, 0, 0, 0, 0, 0, 0, 0, 0, 0, 0, 0], [0, 0, 0, 0, 1, 0, 0, 0, 0, 0, 0, 0, 0, 0, 0, 0, 0, 0, 0, 0, 0, 0], [0, 0, 0, 0, 0, 1, 0, 0, 0, 0, 0, 0, 0, 0, 0, 0, 0, 0, 0, 0, 0, 0], [0, 0, 0, 0, 0, 0, 1, 0, 0, 0, 0, 0, 0, 0, 0, 0, 0, 0, 0, 0, 0, 0], [0, 0, 0, 0, 0, 0, 0, 1, 0, 0, 0, 0, 0, 0, 0, 0, 0, 0, 0, 0, 0, 0], [0, 0, 0, 0, 0, 0, 0, 0, 1, 0, 0, 0, 0, 0, 0, 0, 0, 0, 0, 0, 0, 0], [0, 0, 0, 0, 0, 0, 0, 0, 0, 1, 0, 0, 0, 0, 0, 0, 0, 0, 0, 0, 0, 0], [0, 0, 0, 0, 0, 0, 0, 0, 0, 0, 1, 0, 0, 0, 0, 0, 0, 0, 0, 0, 0, 0], [0, 0, 0, 0, 0, 0, 0, 0, 0, 0, 0, 1, 0, 0, 0, 0, 0, 0, 0, 0, 0, 0], [0, 0, 0, 0, 0, 0, 0, 0, 0, 0, 0, 0, 1, 0, 0, 0, 0, 0, 0, 0, 0, 0], [0, 0, 0, 0, 0, 0, 0, 0, 0, 0, 0, 0, 0, 1, 0, 0, 0, 0, 0, 0, 0, 0], [0, 0, 0, 0, 0, 0, 0, 0, 0, 0, 0, 0, 0, 0, 1, 0, 0, 0, 0, 0, 0, 0], [0, 0, 0, 0, 0, 0, 0, 0, 0, 0, 0, 0, 0, 0, 0, 1, 0, 0, 0, 0, 0, 0], [0, 0, 0, 0, 0, 0, 0, 0, 0, 0, 0, 0, 0, 0, 0, 0, 1, 0, 0, 0, 0, 0], [0, 0, 0, 0, 0, 0, 0, 0, 0, 0, 0, 0, 0, 0, 0, 0, 0, 1, 0, 0, 0, 0], [0, 0, 0, 0, 0, 0, 0, 0, 0, 0, 0, 0, 0, 0, 0, 0, 0, 0, 1, 0, 0, 0], [0, 0, 0, 0, 0, 0, 0, 0, 0, 0, 0, 0, 0, 0, 0, 0, 0, 0, 0, 1, 0, 0], [0, 0, 0, 0, 0, 0, 0, 0, 0, 0, 0, 0, 0, 0, 0, 0, 0, 0, 0, 0, 1, 0], [0, 0, 0, 0, 0, 0, 0, 0, 0, 0, 0, 0, 0, 0, 0, 0, 0, 0, 0, 0, 0, 1]]
[[0, -1, 0, 1, 0, -1, 0, 1, -2, -1, 1, 0, 1, -1, 0, -1, 1, 0, 0, 0, 0, 0], [1, 2, 0, -1, 0, 1, 0, -1, 2, 1, -1, 0, -1, 1, 0, 1, -1, 0, 0, 0, 0, 0], [1, 1, 1, -1, 0, 1, 0, -1, 2, 1, -1, 0, -1, 1, 0, 1, -1, 0, 0, 0, 0, 0], [-1, -1, -1, 1, 1, -1, -1, -1, 0, 1, 0, 1, 0, 0, 0, 0, 1, -1, 0, 0, 0, 0], [0, 0, 1, 1, 0, 0, 1, 2, -2, -2, 1, -1, 1, -1, 0, -1, 0, 1, 0, 0, 0, 0], [1, 1, 0, -1, 0, 2, 0, -1, 2, 1, -1, 0, -1, 1, 0, 1, -1, 0, 0, 0, 0, 0], [-3, -3, -1, 2, 1, -3, 0, 1, -4, -1, 2, 1, 2, -2, 0, -2, 3, -1, 0, 0, 0, 0], [-1, -1, 0, 1, 0, -1, 0, 2, -2, -1, 1, 0, 1, -1, 0, -1, 1, 0, 0, 0, 0, 0], [-2, -2, -1, 1, 1, -2, -1, 0, -1, 0, 1, 1, 1, -1, 0, -1, 2, -1, 0, 0, 0, 0], [-1, -1, -1, 0, 1, -1, -1, -1, 0, 2, 0, 1, 0, 0, 0, 0, 1, -1, 0, 0, 0, 0], [-1, -1, -2, -1, 2, -1, -2, -3, 2, 3, 0, 2, -1, 1, 0, 1, 1, -2, 0, 0, 0, 0], [0, 0, -1, -1, 1, 0, -1, -2, 2, 2, -1, 2, -1, 1, 0, 1, 0, -1, 0, 0, 0, 0], [-1, -1, -2, -1, 2, -1, -2, -3, 2, 3, -1, 2, 0, 1, 0, 1, 1, -2, 0, 0, 0, 0], [0, 0, 0, 0, 0, 0, 0, 0, 0, 0, 0, 0, 0, 1, 0, 0, 0, 0, 0, 0, 0, 0], [2, 2, 2, 0, -2, 2, 2, 2, 0, -2, 0, -2, 0, 0, 1, 0, -2, 2, 0, 0, 0, 0], [-1, -1, -1, 0, 1, -1, -1, -1, 0, 1, 0, 1, 0, 0, 0, 1, 1, -1, 0, 0, 0, 0], [1, 1, 1, 0, -1, 1, 1, 1, 0, -1, 0, -1, 0, 0, 0, 0, 0, 1, 0, 0, 0, 0], [0, 0, -1, -1, 1, 0, -1, -2, 2, 2, -1, 1, -1, 1, 0, 1, 0, 0, 0, 0, 0, 0], [0, 0, 0, 0, 0, 0, 0, 0, 0, 0, 0, 0, 0, 0, 0, 0, 0, 0, 1, 0, 0, 0], [-1, -1, 0, 1, 0, -1, 0, 1, -2, -1, 1, 0, 1, -1, 0, -1, 1, 0, 0, 1, 0, 0], [0, 0, 1, 1, -1, 0, 1, 2, -2, -2, 1, -1, 1, -1, 0, -1, 0, 1, 0, 0, 1, 0], [0, 0, 1, 1, -1, 0, 1, 2, -2, -2, 1, -1, 1, -1, 0, -1, 0, 1, 0, 0, 0, 1]]
[[1, 0, 0, 0, 0, 0, 0, 0, 0, 0, 0, 0, 0, 0, 0, 0, 0, 0, 0, 0, 0, 0], [0, 1, 0, 0, 0, 0, 0, 0, 0, 0, 0, 0, 0, 0, 0, 0, 0, 0, 0, 0, 0, 0], [0, 0, 1, 0, 0, 0, 0, 0, 0, 0, 0, 0, 0, 0, 0, 0, 0, 0, 0, 0, 0, 0], [0, 0, 0, 1, 0, 0, 0, 0, 0, 0, 0, 0, 0, 0, 0, 0, 0, 0, 0, 0, 0, 0], [0, 0, 0, 0, 1, 0, 0, 0, 0, 0, 0, 0, 0, 0, 0, 0, 0, 0, 0, 0, 0, 0], [0, 0, 0, 0, 0, 1, 0, 0, 0, 0, 0, 0, 0, 0, 0, 0, 0, 0, 0, 0, 0, 0], [0, 0, 0, 0, 0, 0, 1, 0, 0, 0, 0, 0, 0, 0, 0, 0, 0, 0, 0, 0, 0, 0], [0, 0, 0, 0, 0, 0, 0, 1, 0, 0, 0, 0, 0, 0, 0, 0, 0, 0, 0, 0, 0, 0], [0, 0, 0, 0, 0, 0, 0, 0, 1, 0, 0, 0, 0, 0, 0, 0, 0, 0, 0, 0, 0, 0], [0, 0, 0, 0, 0, 0, 0, 0, 0, 1, 0, 0, 0, 0, 0, 0, 0, 0, 0, 0, 0, 0], [0, 0, 0, 0, 0, 0, 0, 0, 0, 0, 1, 0, 0, 0, 0, 0, 0, 0, 0, 0, 0, 0], [0, 0, 0, 0, 0, 0, 0, 0, 0, 0, 0, 1, 0, 0, 0, 0, 0, 0, 0, 0, 0, 0], [0, 0, 0, 0, 0, 0, 0, 0, 0, 0, 0, 0, 1, 0, 0, 0, 0, 0, 0, 0, 0, 0], [0, 0, 0, 0, 0, 0, 0, 0, 0, 0, 0, 0, 0, 1, 0, 0, 0, 0, 0, 0, 0, 0], [0, 0, 0, 0, 0, 0, 0, 0, 0, 0, 0, 0, 0, 0, 1, 0, 0, 0, 0, 0, 0, 0], [0, 0, 0, 0, 0, 0, 0, 0, 0, 0, 0, 0, 0, 0, 0, 1, 0, 0, 0, 0, 0, 0], [0, 0, 0, 0, 0, 0, 0, 0, 0, 0, 0, 0, 0, 0, 0, 0, 1, 0, 0, 0, 0, 0], [0, 0, 0, 0, 0, 0, 0, 0, 0, 0, 0, 0, 0, 0, 0, 0, 0, 1, 0, 0, 0, 0], [0, 0, 0, 0, 0, 0, 0, 0, 0, 0, 0, 0, 0, 0, 0, 0, 0, 0, 1, 0, 0, 0], [0, 0, 0, 0, 0, 0, 0, 0, 0, 0, 0, 0, 0, 0, 0, 0, 0, 0, 0, 1, 0, 0], [0, 0, 0, 0, 0, 0, 0, 0, 0, 0, 0, 0, 0, 0, 0, 0, 0, 0, 0, 0, 1, 0], [0, 0, 0, 0, 0, 0, 0, 0, 0, 0, 0, 0, 0, 0, 0, 0, 0, 0, 0, 0, 0, 1]]
[[0, -1, -2, -1, -1, 0, -1, -1, 1, 1, 2, -1, 2, -1, 0, 0, 1, -4, -4, -4, 2, 2], [1, 2, 2, 1, 1, 0, 1, 1, -1, -1, -2, 1, -2, 1, 0, 0, -1, 4, 4, 4, -2, -2], [0, 1, 2, 1, 2, 1, 1, 2, -1, -1, -1, 1, -1, 2, 1, 1, -1, 4, 3, 3, -1, -1], [-1, -2, -3, -2, -2, 0, -1, -3, 2, 2, 2, -1, 2, -2, -1, -1, 2, -7, -5, -5, 2, 2], [1, 0, 0, 0, -1, 0, 0, 1, -1, -1, 2, -2, 2, -1, 0, -1, 0, -1, -2, -2, 1, 1], [1, 1, 2, 1, 2, 1, 1, 1, -1, -1, -1, 1, -1, 2, 1, 1, -1, 4, 3, 3, -1, -1], [-2, -3, -5, -2, -4, -2, -3, -4, 3, 3, 3, -2, 3, -4, -2, -2, 3, -11, -8, -8, 3, 3], [0, -1, -1, -1, -1, -1, -1, -1, 1, 1, 2, -1, 2, -1, 0, 0, 1, -4, -4, -4, 2, 2], [-1, -2, -3, -2, -2, -1, -2, -3, 2, 3, 2, -1, 2, -2, -1, -1, 2, -7, -5, -5, 2, 2], [-1, -2, -3, -2, -2, -1, -2, -3, 3, 2, 2, -1, 2, -2, -1, -1, 2, -7, -5, -5, 2, 2], [-1, -2, -3, -2, -1, -1, -2, -3, 2, 2, 2, 0, 1, -1, -1, -1, 2, -6, -3, -3, 1, 1], [0, 0, -1, -1, 0, 0, -1, -2, 2, 2, 0, 1, 0, 1, 0, 1, 0, -3, -2, -2, 1, 1], [-1, -2, -3, -2, -1, -1, -2, -3, 2, 2, 1, 0, 2, -1, -1, -1, 2, -6, -3, -3, 1, 1], [-1, 0, 0, 0, -1, 0, 0, -1, 1, 1, -1, 0, -1, -1, -1, 0, 0, -1, -1, -1, 0, 0], [1, 4, 5, 3, 3, 2, 3, 3, -1, -1, -5, 2, -5, 3, 2, 3, -4, 10, 7, 7, -3, -3], [0, -2, -2, -1, 0, -1, -1, 0, -1, -1, 2, 0, 2, 0, 0, -1, 2, -2, 0, 0, 0, 0], [1, 2, 2, 1, 0, 1, 1, 1, 0, 0, -2, 0, -2, 1, 0, 1, -1, 3, 2, 2, -1, -1], [0, 0, -1, -1, -1, 0, -1, -2, 2, 2, -1, 0, -1, 0, -1, 0, 0, -2, -1, -1, 0, 0], [0, 0, 0, 0, 0, 0, 0, 0, 0, 0, 0, 0, 0, 0, 0, 0, 0, 0, 1, 0, 0, 0], [-1, -2, -1, 0, 0, -1, 0, 1, -2, -2, 2, 0, 2, -2, 0, -2, 2, 0, 0, 1, 0, 0], [0, 0, 1, 1, 0, 0, 1, 2, -2, -2, 0, 0, 0, -1, 0, -1, 0, 3, 2, 2, 0, -1], [0, 0, 1, 1, 0, 0, 1, 2, -2, -2, 0, 0, 0, -1, 0, -1, 0, 3, 2, 2, -1, 0]]
[[1, 0, 0, 0, 0, 0, 0, 0, 0, 0, 0, 0, 0, 0, 0, 0, 0, 0, 0, 0, 0, 0], [0, 1, 0, 0, 0, 0, 0, 0, 0, 0, 0, 0, 0, 0, 0, 0, 0, 0, 0, 0, 0, 0], [0, 0, 1, 0, 0, 0, 0, 0, 0, 0, 0, 0, 0, 0, 0, 0, 0, 0, 0, 0, 0, 0], [0, 0, 0, 1, 0, 0, 0, 0, 0, 0, 0, 0, 0, 0, 0, 0, 0, 0, 0, 0, 0, 0], [0, 0, 0, 0, 1, 0, 0, 0, 0, 0, 0, 0, 0, 0, 0, 0, 0, 0, 0, 0, 0, 0], [0, 0, 0, 0, 0, 1, 0, 0, 0, 0, 0, 0, 0, 0, 0, 0, 0, 0, 0, 0, 0, 0], [0, 0, 0, 0, 0, 0, 1, 0, 0, 0, 0, 0, 0, 0, 0, 0, 0, 0, 0, 0, 0, 0], [0, 0, 0, 0, 0, 0, 0, 1, 0, 0, 0, 0, 0, 0, 0, 0, 0, 0, 0, 0, 0, 0], [0, 0, 0, 0, 0, 0, 0, 0, 1, 0, 0, 0, 0, 0, 0, 0, 0, 0, 0, 0, 0, 0], [0, 0, 0, 0, 0, 0, 0, 0, 0, 1, 0, 0, 0, 0, 0, 0, 0, 0, 0, 0, 0, 0], [0, 0, 0, 0, 0, 0, 0, 0, 0, 0, 1, 0, 0, 0, 0, 0, 0, 0, 0, 0, 0, 0], [0, 0, 0, 0, 0, 0, 0, 0, 0, 0, 0, 1, 0, 0, 0, 0, 0, 0, 0, 0, 0, 0], [0, 0, 0, 0, 0, 0, 0, 0, 0, 0, 0, 0, 1, 0, 0, 0, 0, 0, 0, 0, 0, 0], [0, 0, 0, 0, 0, 0, 0, 0, 0, 0, 0, 0, 0, 1, 0, 0, 0, 0, 0, 0, 0, 0], [0, 0, 0, 0, 0, 0, 0, 0, 0, 0, 0, 0, 0, 0, 1, 0, 0, 0, 0, 0, 0, 0], [0, 0, 0, 0, 0, 0, 0, 0, 0, 0, 0, 0, 0, 0, 0, 1, 0, 0, 0, 0, 0, 0], [0, 0, 0, 0, 0, 0, 0, 0, 0, 0, 0, 0, 0, 0, 0, 0, 1, 0, 0, 0, 0, 0], [0, 0, 0, 0, 0, 0, 0, 0, 0, 0, 0, 0, 0, 0, 0, 0, 0, 1, 0, 0, 0, 0], [0, 0, 0, 0, 0, 0, 0, 0, 0, 0, 0, 0, 0, 0, 0, 0, 0, 0, 1, 0, 0, 0], [0, 0, 0, 0, 0, 0, 0, 0, 0, 0, 0, 0, 0, 0, 0, 0, 0, 0, 0, 1, 0, 0], [0, 0, 0, 0, 0, 0, 0, 0, 0, 0, 0, 0, 0, 0, 0, 0, 0, 0, 0, 0, 1, 0], [0, 0, 0, 0, 0, 0, 0, 0, 0, 0, 0, 0, 0, 0, 0, 0, 0, 0, 0, 0, 0, 1]]
[[1, 0, 0, 0, 0, 0, 0, 0, 0, 0, 0, 0, 0, 0, 0, 0, 0, 0, 0, 0, 0, 0], [0, 1, 0, 0, 0, 0, 0, 0, 0, 0, 0, 0, 0, 0, 0, 0, 0, 0, 0, 0, 0, 0], [0, 0, 1, 0, 0, 0, 0, 0, 0, 0, 0, 0, 0, 0, 0, 0, 0, 0, 0, 0, 0, 0], [0, 0, 0, 1, 0, 0, 0, 0, 0, 0, 0, 0, 0, 0, 0, 0, 0, 0, 0, 0, 0, 0], [0, 0, 0, 0, 1, 0, 0, 0, 0, 0, 0, 0, 0, 0, 0, 0, 0, 0, 0, 0, 0, 0], [0, 0, 0, 0, 0, 1, 0, 0, 0, 0, 0, 0, 0, 0, 0, 0, 0, 0, 0, 0, 0, 0], [0, 0, 0, 0, 0, 0, 1, 0, 0, 0, 0, 0, 0, 0, 0, 0, 0, 0, 0, 0, 0, 0], [0, 0, 0, 0, 0, 0, 0, 1, 0, 0, 0, 0, 0, 0, 0, 0, 0, 0, 0, 0, 0, 0], [0, 0, 0, 0, 0, 0, 0, 0, 1, 0, 0, 0, 0, 0, 0, 0, 0, 0, 0, 0, 0, 0], [0, 0, 0, 0, 0, 0, 0, 0, 0, 1, 0, 0, 0, 0, 0, 0, 0, 0, 0, 0, 0, 0], [0, 0, 0, 0, 0, 0, 0, 0, 0, 0, 1, 0, 0, 0, 0, 0, 0, 0, 0, 0, 0, 0], [0, 0, 0, 0, 0, 0, 0, 0, 0, 0, 0, 1, 0, 0, 0, 0, 0, 0, 0, 0, 0, 0], [0, 0, 0, 0, 0, 0, 0, 0, 0, 0, 0, 0, 1, 0, 0, 0, 0, 0, 0, 0, 0, 0], [0, 0, 0, 0, 0, 0, 0, 0, 0, 0, 0, 0, 0, 1, 0, 0, 0, 0, 0, 0, 0, 0], [0, 0, 0, 0, 0, 0, 0, 0, 0, 0, 0, 0, 0, 0, 1, 0, 0, 0, 0, 0, 0, 0], [0, 0, 0, 0, 0, 0, 0, 0, 0, 0, 0, 0, 0, 0, 0, 1, 0, 0, 0, 0, 0, 0], [0, 0, 0, 0, 0, 0, 0, 0, 0, 0, 0, 0, 0, 0, 0, 0, 1, 0, 0, 0, 0, 0], [0, 0, 0, 0, 0, 0, 0, 0, 0, 0, 0, 0, 0, 0, 0, 0, 0, 1, 0, 0, 0, 0], [0, 0, 0, 0, 0, 0, 0, 0, 0, 0, 0, 0, 0, 0, 0, 0, 0, 0, 1, 0, 0, 0], [0, 0, 0, 0, 0, 0, 0, 0, 0, 0, 0, 0, 0, 0, 0, 0, 0, 0, 0, 1, 0, 0], [0, 0, 0, 0, 0, 0, 0, 0, 0, 0, 0, 0, 0, 0, 0, 0, 0, 0, 0, 0, 1, 0], [0, 0, 0, 0, 0, 0, 0, 0, 0, 0, 0, 0, 0, 0, 0, 0, 0, 0, 0, 0, 0, 1]]
[[1, 0, 0, 0, 0, 0, 0, 0, 0, 0, 0, 0, 0, 0, 0, 0, 0, 0, 0, 0, 0, 0], [0, 1, 0, 0, 0, 0, 0, 0, 0, 0, 0, 0, 0, 0, 0, 0, 0, 0, 0, 0, 0, 0], [0, 0, 1, 0, 0, 0, 0, 0, 0, 0, 0, 0, 0, 0, 0, 0, 0, 0, 0, 0, 0, 0], [0, 0, 0, 1, 0, 0, 0, 0, 0, 0, 0, 0, 0, 0, 0, 0, 0, 0, 0, 0, 0, 0], [0, 0, 0, 0, 1, 0, 0, 0, 0, 0, 0, 0, 0, 0, 0, 0, 0, 0, 0, 0, 0, 0], [0, 0, 0, 0, 0, 1, 0, 0, 0, 0, 0, 0, 0, 0, 0, 0, 0, 0, 0, 0, 0, 0], [0, 0, 0, 0, 0, 0, 1, 0, 0, 0, 0, 0, 0, 0, 0, 0, 0, 0, 0, 0, 0, 0], [0, 0, 0, 0, 0, 0, 0, 1, 0, 0, 0, 0, 0, 0, 0, 0, 0, 0, 0, 0, 0, 0], [0, 0, 0, 0, 0, 0, 0, 0, 1, 0, 0, 0, 0, 0, 0, 0, 0, 0, 0, 0, 0, 0], [0, 0, 0, 0, 0, 0, 0, 0, 0, 1, 0, 0, 0, 0, 0, 0, 0, 0, 0, 0, 0, 0], [0, 0, 0, 0, 0, 0, 0, 0, 0, 0, 1, 0, 0, 0, 0, 0, 0, 0, 0, 0, 0, 0], [0, 0, 0, 0, 0, 0, 0, 0, 0, 0, 0, 1, 0, 0, 0, 0, 0, 0, 0, 0, 0, 0], [0, 0, 0, 0, 0, 0, 0, 0, 0, 0, 0, 0, 1, 0, 0, 0, 0, 0, 0, 0, 0, 0], [0, 0, 0, 0, 0, 0, 0, 0, 0, 0, 0, 0, 0, 1, 0, 0, 0, 0, 0, 0, 0, 0], [0, 0, 0, 0, 0, 0, 0, 0, 0, 0, 0, 0, 0, 0, 1, 0, 0, 0, 0, 0, 0, 0], [0, 0, 0, 0, 0, 0, 0, 0, 0, 0, 0, 0, 0, 0, 0, 1, 0, 0, 0, 0, 0, 0], [0, 0, 0, 0, 0, 0, 0, 0, 0, 0, 0, 0, 0, 0, 0, 0, 1, 0, 0, 0, 0, 0], [0, 0, 0, 0, 0, 0, 0, 0, 0, 0, 0, 0, 0, 0, 0, 0, 0, 1, 0, 0, 0, 0], [0, 0, 0, 0, 0, 0, 0, 0, 0, 0, 0, 0, 0, 0, 0, 0, 0, 0, 1, 0, 0, 0], [0, 0, 0, 0, 0, 0, 0, 0, 0, 0, 0, 0, 0, 0, 0, 0, 0, 0, 0, 1, 0, 0], [0, 0, 0, 0, 0, 0, 0, 0, 0, 0, 0, 0, 0, 0, 0, 0, 0, 0, 0, 0, 1, 0], [0, 0, 0, 0, 0, 0, 0, 0, 0, 0, 0, 0, 0, 0, 0, 0, 0, 0, 0, 0, 0, 1]]
[[0, -1, -1, 0, -2, -1, 0, 0, -1, -1, 1, -2, 0, -2, -2, -2, 0, -1, -2, -2, 0, 1], [1, 2, 1, 0, 2, 1, 0, 0, 1, 1, -1, 2, 0, 2, 2, 2, 0, 1, 2, 2, 0, -1], [-1, -1, 0, 0, -1, -1, 0, 0, -1, -1, 1, -1, 0, -2, -1, -2, 0, 0, 0, 0, -1, 1], [0, 0, 0, 1, -1, 0, 0, 0, 0, 0, 0, -1, 0, 0, -1, 0, 0, -1, -2, -2, 1, 0], [-2, -2, -2, 0, -2, -2, 0, 0, -2, -2, 2, -3, 0, -4, -3, -4, 0, -1, -2, -2, -1, 2], [-1, -1, -1, 0, -1, 0, 0, 0, -1, -1, 1, -1, 0, -2, -1, -2, 0, 0, 0, 0, -1, 1], [1, 1, 1, 0, 0, 1, 1, 0, 1, 1, -1, 0, 0, 2, 0, 2, 0, -1, -2, -2, 2, -1], [-1, -1, -1, 0, -2, -1, 0, 1, -1, -1, 1, -2, 0, -2, -2, -2, 0, -1, -2, -2, 0, 1], [0, 0, 0, 0, -1, 0, 0, 0, 1, 0, 0, -1, 0, 0, -1, 0, 0, -1, -2, -2, 1, 0], [0, 0, 0, 0, -1, 0, 0, 0, 0, 1, 0, -1, 0, 0, -1, 0, 0, -1, -2, -2, 1, 0], [1, 1, 1, 0, 1, 1, 0, 0, 1, 1, 0, 1, 0, 2, 1, 2, 0, 0, 0, 0, 1, -1], [2, 2, 1, 0, 2, 1, 0, 0, 1, 1, -1, 2, -1, 2, 2, 2, 0, 2, 3, 3, -1, -2], [1, 1, 0, 0, 0, 0, 0, 0, 0, 0, 0, -1, 0, 0, 0, 0, 0, 1, 0, 1, 0, -2], [1, 1, 1, 0, 2, 1, 0, 0, 1, 1, -1, 2, 0, 3, 2, 2, 0, 1, 2, 2, 0, -1], [-1, -1, 0, 0, 0, 0, 0, 0, 0, 0, 0, 1, 1, 0, 1, 0, 0, -1, 0, -1, 0, 2], [0, 0, 0, 0, 0, 0, 0, 0, 0, 0, 0, 0, 0, 0, 0, 1, 0, 0, -1, 0, 1, -1], [-1, -1, 0, 0, 0, 0, 0, 0, 0, 0, 0, 1, 1, 0, 0, 0, 1, -1, -1, -1, 1, 1], [1, 1, 1, 0, 2, 1, 0, 0, 1, 1, -1, 2, 0, 2, 2, 2, 0, 2, 2, 2, 0, -1], [0, 0, 0, 0, 0, 0, 0, 0, 0, 0, 0, 0, 0, 0, 0, 0, 0, 0, 0, 0, 1, -1], [0, 0, 0, 0, -2, 0, 0, 0, 0, 0, 0, -2, 0, 0, -2, 0, 0, -2, -3, -3, 1, 1], [0, 0, 0, 0, -1, 0, 0, 0, 0, 0, 0, -1, 0, 0, -1, 0, 0, -1, -1, -2, 1, 1], [0, 0, 0, 0, -1, 0, 0, 0, 0, 0, 0, -1, 0, 0, -1, 0, 0, -1, -2, -2, 1, 1]]
[[1, -1, 1, 1, 2, -1, 1, 4, -5, -5, 2, 1, 1, 0, 1, -1, 1, 6, 4, 5, -2, -1], [0, 2, -1, -1, -2, 1, -1, -4, 5, 5, -2, -1, -1, 0, -1, 1, -1, -6, -4, -5, 2, 1], [0, -1, 2, 1, 2, -1, 1, 4, -5, -5, 2, 1, 1, 0, 1, -1, 1, 6, 4, 5, -2, -1], [0, 0, -1, 0, 0, 0, 0, -1, 1, 1, 0, -1, 0, 0, 0, 0, 0, -1, -1, -1, 0, 0], [1, -3, 3, 3, 4, -3, 2, 11, -15, -14, 7, 2, 4, -1, 1, -4, 4, 14, 8, 12, -4, -2], [0, -2, 1, 1, 2, -1, 1, 5, -7, -7, 4, 1, 2, -1, 1, -2, 2, 7, 4, 6, -2, -1], [0, 2, -1, -1, -2, 2, 0, -5, 7, 7, -4, -1, -2, 1, -1, 2, -2, -7, -4, -6, 2, 1], [0, -1, 0, 0, 0, -1, 0, 2, -2, -2, 2, 0, 1, -1, 0, -1, 1, 1, 0, 1, 0, 0], [1, 0, 0, 0, -1, 0, 0, 1, -1, -1, 1, -1, 1, 0, -1, -1, 1, 0, -1, 0, 0, 0], [0, 0, 0, 0, 0, 0, 0, 0, 0, 1, 0, 0, 0, 0, 0, 0, 0, 0, 0, 0, 0, 0], [1, 1, 0, 0, -1, 1, 0, 0, 0, 1, 0, -1, 0, 1, -1, 0, 0, -1, -1, -1, 0, 0], [0, 1, -2, -2, -2, 1, -1, -5, 6, 6, -2, -1, -1, 0, -1, 1, -1, -7, -5, -6, 2, 1], [1, 0, 0, 0, -1, 0, 0, 1, -2, -1, 1, -1, 2, 0, -1, -1, 1, 0, -1, 0, 0, 0], [-1, 1, -1, -1, -1, 1, -1, -5, 7, 6, -3, 0, -2, 1, 0, 2, -2, -6, -3, -5, 2, 1], [-2, 1, -1, -1, 0, 1, -1, -6, 9, 7, -4, 1, -3, 0, 2, 3, -3, -6, -2, -5, 2, 1], [1, 1, 0, 0, -1, 1, 0, 0, 0, 1, -1, -1, 0, 1, -1, 1, 0, -1, -1, -1, 0, 0], [-1, 1, -1, -1, -1, 1, -1, -5, 7, 6, -3, 0, -2, 0, 0, 2, -1, -6, -3, -5, 2, 1], [0, 1, -1, -1, -2, 1, -1, -4, 5, 5, -2, -1, -1, 0, -1, 1, -1, -5, -4, -5, 2, 1], [1, 0, 0, 0, -1, 0, 0, 1, -2, -1, 1, -1, 1, 0, -1, -1, 1, 0, 0, 0, 0, 0], [0, 0, 1, 1, 2, 0, 1, 3, -3, -3, 0, 1, 0, 1, 1, 0, 0, 5, 4, 5, -2, -1], [0, 0, 1, 1, 2, 0, 1, 3, -3, -3, 0, 1, 0, 1, 1, 0, 0, 5, 4, 4, -1, -1], [0, 0, 0, 0, 0, 0, 0, 0, 0, 0, 0, 0, 0, 0, 0, 0, 0, 0, 0, 0, 0, 1]]
[[1, 0, 0, 0, 0, 0, 0, 0, 0, 0, 0, 0, 0, 0, 0, 0, 0, 0, 0, 0, 0, 0], [0, 1, 0, 0, 0, 0, 0, 0, 0, 0, 0, 0, 0, 0, 0, 0, 0, 0, 0, 0, 0, 0], [0, 0, 1, 0, 0, 0, 0, 0, 0, 0, 0, 0, 0, 0, 0, 0, 0, 0, 0, 0, 0, 0], [0, 0, 0, 1, 0, 0, 0, 0, 0, 0, 0, 0, 0, 0, 0, 0, 0, 0, 0, 0, 0, 0], [0, 0, 0, 0, 1, 0, 0, 0, 0, 0, 0, 0, 0, 0, 0, 0, 0, 0, 0, 0, 0, 0], [0, 0, 0, 0, 0, 1, 0, 0, 0, 0, 0, 0, 0, 0, 0, 0, 0, 0, 0, 0, 0, 0], [0, 0, 0, 0, 0, 0, 1, 0, 0, 0, 0, 0, 0, 0, 0, 0, 0, 0, 0, 0, 0, 0], [0, 0, 0, 0, 0, 0, 0, 1, 0, 0, 0, 0, 0, 0, 0, 0, 0, 0, 0, 0, 0, 0], [0, 0, 0, 0, 0, 0, 0, 0, 1, 0, 0, 0, 0, 0, 0, 0, 0, 0, 0, 0, 0, 0], [0, 0, 0, 0, 0, 0, 0, 0, 0, 1, 0, 0, 0, 0, 0, 0, 0, 0, 0, 0, 0, 0], [0, 0, 0, 0, 0, 0, 0, 0, 0, 0, 1, 0, 0, 0, 0, 0, 0, 0, 0, 0, 0, 0], [0, 0, 0, 0, 0, 0, 0, 0, 0, 0, 0, 1, 0, 0, 0, 0, 0, 0, 0, 0, 0, 0], [0, 0, 0, 0, 0, 0, 0, 0, 0, 0, 0, 0, 1, 0, 0, 0, 0, 0, 0, 0, 0, 0], [0, 0, 0, 0, 0, 0, 0, 0, 0, 0, 0, 0, 0, 1, 0, 0, 0, 0, 0, 0, 0, 0], [0, 0, 0, 0, 0, 0, 0, 0, 0, 0, 0, 0, 0, 0, 1, 0, 0, 0, 0, 0, 0, 0], [0, 0, 0, 0, 0, 0, 0, 0, 0, 0, 0, 0, 0, 0, 0, 1, 0, 0, 0, 0, 0, 0], [0, 0, 0, 0, 0, 0, 0, 0, 0, 0, 0, 0, 0, 0, 0, 0, 1, 0, 0, 0, 0, 0], [0, 0, 0, 0, 0, 0, 0, 0, 0, 0, 0, 0, 0, 0, 0, 0, 0, 1, 0, 0, 0, 0], [0, 0, 0, 0, 0, 0, 0, 0, 0, 0, 0, 0, 0, 0, 0, 0, 0, 0, 1, 0, 0, 0], [0, 0, 0, 0, 0, 0, 0, 0, 0, 0, 0, 0, 0, 0, 0, 0, 0, 0, 0, 1, 0, 0], [0, 0, 0, 0, 0, 0, 0, 0, 0, 0, 0, 0, 0, 0, 0, 0, 0, 0, 0, 0, 1, 0], [0, 0, 0, 0, 0, 0, 0, 0, 0, 0, 0, 0, 0, 0, 0, 0, 0, 0, 0, 0, 0, 1]]
[[1, 0, 0, 0, 0, 0, 0, 0, 0, 0, 0, 0, 0, 0, 0, 0, 0, 0, 0, 0, 0, 0], [0, 1, 0, 0, 0, 0, 0, 0, 0, 0, 0, 0, 0, 0, 0, 0, 0, 0, 0, 0, 0, 0], [0, 0, 1, 0, 0, 0, 0, 0, 0, 0, 0, 0, 0, 0, 0, 0, 0, 0, 0, 0, 0, 0], [0, 0, 0, 1, 0, 0, 0, 0, 0, 0, 0, 0, 0, 0, 0, 0, 0, 0, 0, 0, 0, 0], [0, 0, 0, 0, 1, 0, 0, 0, 0, 0, 0, 0, 0, 0, 0, 0, 0, 0, 0, 0, 0, 0], [0, 0, 0, 0, 0, 1, 0, 0, 0, 0, 0, 0, 0, 0, 0, 0, 0, 0, 0, 0, 0, 0], [0, 0, 0, 0, 0, 0, 1, 0, 0, 0, 0, 0, 0, 0, 0, 0, 0, 0, 0, 0, 0, 0], [0, 0, 0, 0, 0, 0, 0, 1, 0, 0, 0, 0, 0, 0, 0, 0, 0, 0, 0, 0, 0, 0], [0, 0, 0, 0, 0, 0, 0, 0, 1, 0, 0, 0, 0, 0, 0, 0, 0, 0, 0, 0, 0, 0], [0, 0, 0, 0, 0, 0, 0, 0, 0, 1, 0, 0, 0, 0, 0, 0, 0, 0, 0, 0, 0, 0], [0, 0, 0, 0, 0, 0, 0, 0, 0, 0, 1, 0, 0, 0, 0, 0, 0, 0, 0, 0, 0, 0], [0, 0, 0, 0, 0, 0, 0, 0, 0, 0, 0, 1, 0, 0, 0, 0, 0, 0, 0, 0, 0, 0], [0, 0, 0, 0, 0, 0, 0, 0, 0, 0, 0, 0, 1, 0, 0, 0, 0, 0, 0, 0, 0, 0], [0, 0, 0, 0, 0, 0, 0, 0, 0, 0, 0, 0, 0, 1, 0, 0, 0, 0, 0, 0, 0, 0], [0, 0, 0, 0, 0, 0, 0, 0, 0, 0, 0, 0, 0, 0, 1, 0, 0, 0, 0, 0, 0, 0], [0, 0, 0, 0, 0, 0, 0, 0, 0, 0, 0, 0, 0, 0, 0, 1, 0, 0, 0, 0, 0, 0], [0, 0, 0, 0, 0, 0, 0, 0, 0, 0, 0, 0, 0, 0, 0, 0, 1, 0, 0, 0, 0, 0], [0, 0, 0, 0, 0, 0, 0, 0, 0, 0, 0, 0, 0, 0, 0, 0, 0, 1, 0, 0, 0, 0], [0, 0, 0, 0, 0, 0, 0, 0, 0, 0, 0, 0, 0, 0, 0, 0, 0, 0, 1, 0, 0, 0], [0, 0, 0, 0, 0, 0, 0, 0, 0, 0, 0, 0, 0, 0, 0, 0, 0, 0, 0, 1, 0, 0], [0, 0, 0, 0, 0, 0, 0, 0, 0, 0, 0, 0, 0, 0, 0, 0, 0, 0, 0, 0, 1, 0], [0, 0, 0, 0, 0, 0, 0, 0, 0, 0, 0, 0, 0, 0, 0, 0, 0, 0, 0, 0, 0, 1]]
[[1, 0, 0, 0, 0, 0, 0, 0, 0, 0, 0, 0, 0, 0, 0, 0, 0, 0, 0, 0, 0, 0], [0, 1, 0, 0, 0, 0, 0, 0, 0, 0, 0, 0, 0, 0, 0, 0, 0, 0, 0, 0, 0, 0], [0, 0, 1, 0, 0, 0, 0, 0, 0, 0, 0, 0, 0, 0, 0, 0, 0, 0, 0, 0, 0, 0], [0, 0, 0, 1, 0, 0, 0, 0, 0, 0, 0, 0, 0, 0, 0, 0, 0, 0, 0, 0, 0, 0], [0, 0, 0, 0, 1, 0, 0, 0, 0, 0, 0, 0, 0, 0, 0, 0, 0, 0, 0, 0, 0, 0], [0, 0, 0, 0, 0, 1, 0, 0, 0, 0, 0, 0, 0, 0, 0, 0, 0, 0, 0, 0, 0, 0], [0, 0, 0, 0, 0, 0, 1, 0, 0, 0, 0, 0, 0, 0, 0, 0, 0, 0, 0, 0, 0, 0], [0, 0, 0, 0, 0, 0, 0, 1, 0, 0, 0, 0, 0, 0, 0, 0, 0, 0, 0, 0, 0, 0], [0, 0, 0, 0, 0, 0, 0, 0, 1, 0, 0, 0, 0, 0, 0, 0, 0, 0, 0, 0, 0, 0], [0, 0, 0, 0, 0, 0, 0, 0, 0, 1, 0, 0, 0, 0, 0, 0, 0, 0, 0, 0, 0, 0], [0, 0, 0, 0, 0, 0, 0, 0, 0, 0, 1, 0, 0, 0, 0, 0, 0, 0, 0, 0, 0, 0], [0, 0, 0, 0, 0, 0, 0, 0, 0, 0, 0, 1, 0, 0, 0, 0, 0, 0, 0, 0, 0, 0], [0, 0, 0, 0, 0, 0, 0, 0, 0, 0, 0, 0, 1, 0, 0, 0, 0, 0, 0, 0, 0, 0], [0, 0, 0, 0, 0, 0, 0, 0, 0, 0, 0, 0, 0, 1, 0, 0, 0, 0, 0, 0, 0, 0], [0, 0, 0, 0, 0, 0, 0, 0, 0, 0, 0, 0, 0, 0, 1, 0, 0, 0, 0, 0, 0, 0], [0, 0, 0, 0, 0, 0, 0, 0, 0, 0, 0, 0, 0, 0, 0, 1, 0, 0, 0, 0, 0, 0], [0, 0, 0, 0, 0, 0, 0, 0, 0, 0, 0, 0, 0, 0, 0, 0, 1, 0, 0, 0, 0, 0], [0, 0, 0, 0, 0, 0, 0, 0, 0, 0, 0, 0, 0, 0, 0, 0, 0, 1, 0, 0, 0, 0], [0, 0, 0, 0, 0, 0, 0, 0, 0, 0, 0, 0, 0, 0, 0, 0, 0, 0, 1, 0, 0, 0], [0, 0, 0, 0, 0, 0, 0, 0, 0, 0, 0, 0, 0, 0, 0, 0, 0, 0, 0, 1, 0, 0], [0, 0, 0, 0, 0, 0, 0, 0, 0, 0, 0, 0, 0, 0, 0, 0, 0, 0, 0, 0, 1, 0], [0, 0, 0, 0, 0, 0, 0, 0, 0, 0, 0, 0, 0, 0, 0, 0, 0, 0, 0, 0, 0, 1]]
[[0, 0, 0, 1, -1, -1, 1, 1, -2, -2, -1, -2, 0, -2, -1, -2, -1, 2, 1, 1, 0, -2], [1, 1, 0, -1, 1, 1, -1, -1, 2, 2, 1, 2, 0, 2, 1, 2, 1, -2, -1, -1, 0, 2], [-1, -2, -1, -1, -3, -1, -1, -1, 0, 0, 1, -2, 3, -2, -3, -2, 2, -5, -5, -5, 2, 2], [0, 1, 1, 2, 1, 0, 1, 1, -1, -1, -1, 0, -2, 0, 1, 0, -2, 4, 3, 3, -1, -2], [-2, -2, -2, 0, -3, -2, 0, 0, -2, -2, 0, -4, 3, -4, -4, -4, 1, -3, -4, -4, 2, 0], [-1, -2, -2, -1, -3, 0, -1, -1, 0, 0, 1, -2, 3, -2, -3, -2, 2, -5, -5, -5, 2, 2], [1, 3, 3, 2, 4, 1, 3, 2, -1, -1, -2, 2, -5, 2, 4, 2, -4, 9, 8, 8, -3, -4], [-1, 0, 0, 1, -1, -1, 1, 2, -2, -2, -1, -2, 0, -2, -1, -2, -1, 2, 1, 1, 0, -2], [0, 1, 1, 1, 1, 0, 1, 1, 0, -1, -1, 0, -2, 0, 1, 0, -2, 4, 3, 3, -1, -2], [0, 1, 1, 1, 1, 0, 1, 1, -1, 0, -1, 0, -2, 0, 1, 0, -2, 4, 3, 3, -1, -2], [0, 1, 1, 1, 2, 0, 1, 1, -1, -1, 0, 1, -2, 0, 2, 0, -2, 5, 4, 5, -2, -2], [1, 2, 2, 1, 3, 1, 1, 1, 0, 0, -1, 3, -2, 2, 3, 2, -1, 4, 5, 5, -2, -2], [1, 2, 2, 1, 3, 1, 1, 1, 0, 0, -1, 2, -3, 2, 3, 2, -3, 6, 5, 5, -2, -2], [1, 1, 1, 0, 2, 1, 0, 0, 1, 1, 0, 2, -1, 3, 2, 2, 0, 1, 2, 2, -1, 0], [0, -2, -2, -2, -3, 0, -2, -2, 2, 2, 2, -1, 4, 0, -2, 0, 4, -9, -7, -8, 3, 4], [0, 1, 1, 1, 2, 0, 1, 1, -1, -1, -1, 1, -3, 0, 2, 1, -3, 6, 4, 5, -2, -2], [0, -1, -1, -1, -1, 0, -1, -1, 1, 1, 1, 0, 1, 0, -1, 0, 2, -3, -3, -3, 1, 2], [1, 1, 1, 0, 2, 1, 0, 0, 1, 1, 0, 2, -1, 2, 2, 2, 0, 2, 2, 2, -1, 0], [0, 0, 0, 0, 1, 0, 0, 0, 0, 0, 0, 1, -1, 0, 1, 0, -1, 2, 2, 2, -1, 0], [0, 0, 0, 0, -1, 0, 0, 0, 0, 0, 0, -1, -1, 0, -1, 0, -1, 0, -1, -1, 1, 0], [0, -1, -1, -1, -1, 0, -1, -1, 1, 1, 1, 0, 1, 0, -1, 0, 1, -3, -3, -3, 2, 2], [0, 0, 0, 0, -1, 0, 0, 0, 0, 0, 0, -1, 0, 0, -1, 0, 0, -1, -1, -2, 1, 1]]
[[-1, 0, 0, 0, -2, -1, 2, 0, -1, -2, 0, -4, 0, -2, -3, -2, -1, -3, -3, -3, 1, 1], [2, 1, 0, 0, 2, 1, -2, 0, 1, 2, 0, 4, 0, 2, 3, 2, 1, 3, 3, 3, -1, -1], [0, 0, 1, 1, 3, 1, 1, 2, -2, -2, -1, 2, -1, 2, 2, 1, -1, 5, 5, 5, -2, -2], [-1, 0, 0, 0, -3, -1, 1, -1, 0, 0, 1, -4, 1, -2, -3, -2, 0, -5, -5, -5, 2, 2], [0, 0, 0, 0, 1, 0, 1, 0, -1, -1, 0, -1, 0, 0, 0, 0, -1, 0, 0, 0, 0, 0], [0, 0, 0, 0, 0, 1, 0, 0, 0, 0, 0, 0, 0, 0, 0, 0, 0, 0, 0, 0, 0, 0], [0, 0, 0, -1, -3, -1, 0, -2, 2, 2, 1, -2, 1, -2, -2, -1, 1, -5, -5, -5, 2, 2], [-1, 0, 0, 0, -2, -1, 2, 0, -1, -2, 0, -4, 0, -2, -2, -1, -2, -3, -3, -3, 1, 1], [1, 0, 0, -1, -1, 0, 0, -1, 1, 1, 1, -1, 1, 0, 0, 0, 0, -2, -2, -2, 1, 1], [-1, 0, 0, 0, -2, -1, 1, -1, 0, 0, 0, -3, 0, -2, -2, -1, -1, -3, -3, -3, 1, 1], [1, 0, 0, -1, -1, 0, -1, -1, 1, 2, 2, 0, 1, 0, 0, 0, 1, -2, -2, -2, 1, 1], [1, 0, 0, -1, -1, 0, -1, -1, 1, 2, 1, 1, 1, 0, 0, 0, 1, -2, -2, -2, 1, 1], [1, 0, 0, -1, -1, 0, -1, -1, 1, 2, 1, 0, 2, 0, 0, 0, 1, -2, -2, -2, 1, 1], [1, 0, 0, 0, 0, 0, -2, -1, 2, 2, 0, 2, 0, 1, 1, 1, 1, 0, 0, 0, 0, 0], [-2, 0, 0, 2, 2, 0, 1, 2, -1, -3, -2, 1, -2, 0, 1, 0, -1, 4, 4, 4, -2, -2], [0, 0, 0, -1, -1, 0, 0, 0, 0, 1, 1, -1, 1, 0, -1, 0, 1, -2, -2, -2, 1, 1], [-1, 0, 0, 1, 1, 0, 1, 1, -1, -2, -1, 0, -1, 0, 0, 0, 0, 2, 2, 2, -1, -1], [0, 0, 0, 0, 0, 0, 0, 0, 0, 0, 0, 0, 0, 0, 0, 0, 0, 1, 0, 0, 0, 0], [0, 0, 0, 0, 0, 0, 0, 0, 0, 0, 0, 0, 0, 0, 0, 0, 0, 0, 1, 0, 0, 0], [0, 0, 0, 0, 0, 0, 0, 0, 0, 0, 0, 0, 0, 0, 0, 0, 0, 0, 0, 1, 0, 0], [-1, 0, 0, 1, 1, 0, 1, 1, -1, -2, -1, 0, -1, 0, 0, 0, -1, 2, 2, 2, 0, -1], [-1, 0, 0, 1, 1, 0, 1, 1, -1, -2, -1, 0, -1, 0, 0, 0, -1, 2, 2, 2, -1, 0]]
[[1, 0, 0, 0, 0, 0, 0, 0, 0, 0, 0, 0, 0, 0, 0, 0, 0, 0, 0, 0, 0, 0], [0, 1, 0, 0, 0, 0, 0, 0, 0, 0, 0, 0, 0, 0, 0, 0, 0, 0, 0, 0, 0, 0], [0, 0, 1, 0, 0, 0, 0, 0, 0, 0, 0, 0, 0, 0, 0, 0, 0, 0, 0, 0, 0, 0], [0, 0, 0, 1, 0, 0, 0, 0, 0, 0, 0, 0, 0, 0, 0, 0, 0, 0, 0, 0, 0, 0], [0, 0, 0, 0, 1, 0, 0, 0, 0, 0, 0, 0, 0, 0, 0, 0, 0, 0, 0, 0, 0, 0], [0, 0, 0, 0, 0, 1, 0, 0, 0, 0, 0, 0, 0, 0, 0, 0, 0, 0, 0, 0, 0, 0], [0, 0, 0, 0, 0, 0, 1, 0, 0, 0, 0, 0, 0, 0, 0, 0, 0, 0, 0, 0, 0, 0], [0, 0, 0, 0, 0, 0, 0, 1, 0, 0, 0, 0, 0, 0, 0, 0, 0, 0, 0, 0, 0, 0], [0, 0, 0, 0, 0, 0, 0, 0, 1, 0, 0, 0, 0, 0, 0, 0, 0, 0, 0, 0, 0, 0], [0, 0, 0, 0, 0, 0, 0, 0, 0, 1, 0, 0, 0, 0, 0, 0, 0, 0, 0, 0, 0, 0], [0, 0, 0, 0, 0, 0, 0, 0, 0, 0, 1, 0, 0, 0, 0, 0, 0, 0, 0, 0, 0, 0], [0, 0, 0, 0, 0, 0, 0, 0, 0, 0, 0, 1, 0, 0, 0, 0, 0, 0, 0, 0, 0, 0], [0, 0, 0, 0, 0, 0, 0, 0, 0, 0, 0, 0, 1, 0, 0, 0, 0, 0, 0, 0, 0, 0], [0, 0, 0, 0, 0, 0, 0, 0, 0, 0, 0, 0, 0, 1, 0, 0, 0, 0, 0, 0, 0, 0], [0, 0, 0, 0, 0, 0, 0, 0, 0, 0, 0, 0, 0, 0, 1, 0, 0, 0, 0, 0, 0, 0], [0, 0, 0, 0, 0, 0, 0, 0, 0, 0, 0, 0, 0, 0, 0, 1, 0, 0, 0, 0, 0, 0], [0, 0, 0, 0, 0, 0, 0, 0, 0, 0, 0, 0, 0, 0, 0, 0, 1, 0, 0, 0, 0, 0], [0, 0, 0, 0, 0, 0, 0, 0, 0, 0, 0, 0, 0, 0, 0, 0, 0, 1, 0, 0, 0, 0], [0, 0, 0, 0, 0, 0, 0, 0, 0, 0, 0, 0, 0, 0, 0, 0, 0, 0, 1, 0, 0, 0], [0, 0, 0, 0, 0, 0, 0, 0, 0, 0, 0, 0, 0, 0, 0, 0, 0, 0, 0, 1, 0, 0], [0, 0, 0, 0, 0, 0, 0, 0, 0, 0, 0, 0, 0, 0, 0, 0, 0, 0, 0, 0, 1, 0], [0, 0, 0, 0, 0, 0, 0, 0, 0, 0, 0, 0, 0, 0, 0, 0, 0, 0, 0, 0, 0, 1]]
[[0, -1, -1, 0, 1, -1, 0, 1, -1, -2, 1, 0, 1, -1, 1, -1, 0, 2, 1, 2, -1, 0], [1, 2, 1, 0, -1, 1, 0, -1, 1, 2, -1, 0, -1, 1, -1, 1, 0, -2, -1, -2, 1, 0], [2, -2, 0, -3, 1, 1, -3, 0, 0, 1, 2, 5, 1, 3, 0, 2, 3, 2, -1, 1, 0, 2], [-1, 0, 0, 2, 1, -1, 1, 1, -1, -2, 0, -1, 0, -1, 1, -1, -1, 2, 2, 2, -1, -1], [4, -3, -1, -4, 4, 1, -5, 1, -1, 0, 3, 9, 1, 6, 1, 3, 4, 7, 1, 5, -1, 2], [3, -2, 0, -3, 3, 2, -3, 1, -1, 0, 2, 7, 0, 5, 1, 3, 3, 6, 2, 4, -1, 1], [-3, 2, 0, 4, -2, -2, 4, 0, 0, -2, -2, -7, 0, -5, 0, -4, -4, -3, 0, -1, 0, -2], [-1, 0, 0, 1, 1, -1, 1, 2, -1, -2, 0, -1, 0, -1, 1, -1, -1, 2, 2, 2, -1, -1], [1, 0, 0, 0, 0, 0, -1, 0, 1, 0, 0, 1, 0, 1, 0, 0, 0, 1, 0, 1, 0, 0], [0, 0, 0, 1, 1, -1, 0, 1, -1, -1, 0, 0, 0, 0, 1, -1, -1, 3, 2, 3, -1, -1], [2, 0, 0, 0, 0, 0, -2, 0, 0, 0, 1, 2, 0, 2, 0, 0, 0, 2, 0, 2, 0, 0], [-2, 1, 0, 2, -1, -1, 2, 0, 0, -1, -1, -3, 0, -3, 0, -2, -2, -2, 0, -1, 0, -1], [3, 0, 1, 0, 2, 0, -2, 1, -1, -1, 0, 4, 0, 4, 1, 1, 0, 6, 3, 5, -1, -1], [-2, 1, 0, 1, -2, 0, 2, -1, 1, 1, -1, -4, 0, -2, -1, -1, -1, -5, -2, -4, 1, 0], [-3, 1, 0, 0, -3, 1, 3, -2, 2, 3, -1, -5, 0, -4, -1, 0, 0, -9, -4, -8, 2, 1], [1, 1, 1, 2, 1, -1, 0, 1, -1, -2, -1, 0, -1, 1, 1, 0, -2, 4, 3, 4, -1, -2], [-2, 1, 0, 1, -2, 0, 2, -1, 1, 1, -1, -4, 0, -3, -1, -1, 0, -5, -2, -4, 1, 0], [-1, 1, 0, 1, -2, 0, 1, -1, 1, 1, -1, -3, 0, -2, -1, -1, -1, -3, -2, -3, 1, 0], [1, 0, 0, 0, 0, 0, -1, 0, 0, 0, 0, 1, 0, 1, 0, 0, 0, 1, 1, 1, 0, 0], [1, 0, 1, 0, 2, 0, 0, 1, -1, -1, 0, 2, -1, 2, 1, 1, 0, 4, 3, 4, -1, -1], [-1, 0, 0, 0, 0, 0, 1, 0, 0, 0, 0, -1, 0, -1, 0, 0, 0, -1, 0, -1, 1, 0], [-1, 1, 1, 1, 0, 0, 2, 0, 0, 0, -1, -2, -1, -1, 0, 0, -1, -1, 1, -1, 0, 0]]
[[1, 0, 0, 0, 0, 0, 0, 0, 0, 0, 0, 0, 0, 0, 0, 0, 0, 0, 0, 0, 0, 0], [0, 1, 0, 0, 0, 0, 0, 0, 0, 0, 0, 0, 0, 0, 0, 0, 0, 0, 0, 0, 0, 0], [0, 0, 1, 0, 0, 0, 0, 0, 0, 0, 0, 0, 0, 0, 0, 0, 0, 0, 0, 0, 0, 0], [0, 0, 0, 1, 0, 0, 0, 0, 0, 0, 0, 0, 0, 0, 0, 0, 0, 0, 0, 0, 0, 0], [0, 0, 0, 0, 1, 0, 0, 0, 0, 0, 0, 0, 0, 0, 0, 0, 0, 0, 0, 0, 0, 0], [0, 0, 0, 0, 0, 1, 0, 0, 0, 0, 0, 0, 0, 0, 0, 0, 0, 0, 0, 0, 0, 0], [0, 0, 0, 0, 0, 0, 1, 0, 0, 0, 0, 0, 0, 0, 0, 0, 0, 0, 0, 0, 0, 0], [0, 0, 0, 0, 0, 0, 0, 1, 0, 0, 0, 0, 0, 0, 0, 0, 0, 0, 0, 0, 0, 0], [0, 0, 0, 0, 0, 0, 0, 0, 1, 0, 0, 0, 0, 0, 0, 0, 0, 0, 0, 0, 0, 0], [0, 0, 0, 0, 0, 0, 0, 0, 0, 1, 0, 0, 0, 0, 0, 0, 0, 0, 0, 0, 0, 0], [0, 0, 0, 0, 0, 0, 0, 0, 0, 0, 1, 0, 0, 0, 0, 0, 0, 0, 0, 0, 0, 0], [0, 0, 0, 0, 0, 0, 0, 0, 0, 0, 0, 1, 0, 0, 0, 0, 0, 0, 0, 0, 0, 0], [0, 0, 0, 0, 0, 0, 0, 0, 0, 0, 0, 0, 1, 0, 0, 0, 0, 0, 0, 0, 0, 0], [0, 0, 0, 0, 0, 0, 0, 0, 0, 0, 0, 0, 0, 1, 0, 0, 0, 0, 0, 0, 0, 0], [0, 0, 0, 0, 0, 0, 0, 0, 0, 0, 0, 0, 0, 0, 1, 0, 0, 0, 0, 0, 0, 0], [0, 0, 0, 0, 0, 0, 0, 0, 0, 0, 0, 0, 0, 0, 0, 1, 0, 0, 0, 0, 0, 0], [0, 0, 0, 0, 0, 0, 0, 0, 0, 0, 0, 0, 0, 0, 0, 0, 1, 0, 0, 0, 0, 0], [0, 0, 0, 0, 0, 0, 0, 0, 0, 0, 0, 0, 0, 0, 0, 0, 0, 1, 0, 0, 0, 0], [0, 0, 0, 0, 0, 0, 0, 0, 0, 0, 0, 0, 0, 0, 0, 0, 0, 0, 1, 0, 0, 0], [0, 0, 0, 0, 0, 0, 0, 0, 0, 0, 0, 0, 0, 0, 0, 0, 0, 0, 0, 1, 0, 0], [0, 0, 0, 0, 0, 0, 0, 0, 0, 0, 0, 0, 0, 0, 0, 0, 0, 0, 0, 0, 1, 0], [0, 0, 0, 0, 0, 0, 0, 0, 0, 0, 0, 0, 0, 0, 0, 0, 0, 0, 0, 0, 0, 1]]
[[0, 0, -1, 0, -2, -1, 0, -1, 1, -1, 0, -3, 0, -2, -2, -1, -1, -3, -3, -3, 1, 1], [1, 1, 1, 0, 2, 1, 0, 1, -1, 1, 0, 3, 0, 2, 2, 1, 1, 3, 3, 3, -1, -1], [-1, 0, 1, 0, 1, 0, 1, 1, -1, -1, -1, 0, -1, 0, 0, 0, -1, 2, 2, 2, -1, -1], [0, 0, 0, 1, 0, -1, 0, 0, 0, -1, 0, -1, 0, 0, 0, 0, -1, 0, 0, 0, 0, 0], [0, 0, 0, 0, 1, -1, 0, 0, 0, -1, 0, -1, 0, 0, 0, 0, -1, 0, 0, 0, 0, 0], [0, 0, 1, 0, 3, 0, 1, 2, -2, -2, -1, 1, -1, 2, 2, 1, -2, 5, 5, 5, -2, -2], [1, 0, -1, 0, -4, 0, -2, -3, 4, 3, 2, -1, 2, -2, -1, 0, 2, -7, -7, -7, 3, 3], [0, 0, -1, 0, -3, -1, 0, -1, 1, -1, 1, -4, 1, -2, -3, -2, 0, -5, -5, -5, 2, 2], [1, 0, 0, 0, -1, 0, -1, -1, 2, 1, 1, 0, 1, 0, 0, 0, 1, -2, -2, -2, 1, 1], [0, 0, -1, 0, -3, -1, -1, -2, 2, 1, 1, -3, 1, -2, -2, -1, 0, -5, -5, -5, 2, 2], [1, 0, 0, 0, -1, 0, -1, -1, 1, 1, 2, 0, 1, 0, 0, 0, 1, -2, -2, -2, 1, 1], [1, 0, 0, 0, -1, 0, -1, -1, 1, 1, 1, 1, 1, 0, 0, 0, 1, -2, -2, -2, 1, 1], [1, 0, 0, 0, -1, 0, -1, -1, 1, 1, 1, 0, 2, 0, 0, 0, 1, -2, -2, -2, 1, 1], [0, 0, 0, 0, 0, 1, -1, 0, 1, 2, 0, 2, 0, 1, 1, 1, 1, 0, 0, 0, 0, 0], [-2, 0, 0, 0, 2, 1, 2, 2, -2, -1, -2, 1, -2, 0, 1, 0, -1, 4, 4, 4, -2, -2], [1, 0, 0, 0, -1, 0, 0, -1, 0, 0, 1, -1, 1, 0, -1, 0, 1, -2, -2, -2, 1, 1], [-1, 0, 0, 0, 1, 0, 1, 1, -1, -1, -1, 0, -1, 0, 0, 0, 0, 2, 2, 2, -1, -1], [0, 0, 0, 0, 0, 0, 0, 0, 0, 0, 0, 0, 0, 0, 0, 0, 0, 1, 0, 0, 0, 0], [0, 0, 0, 0, 0, 0, 0, 0, 0, 0, 0, 0, 0, 0, 0, 0, 0, 0, 1, 0, 0, 0], [0, 0, 0, 0, 0, 0, 0, 0, 0, 0, 0, 0, 0, 0, 0, 0, 0, 0, 0, 1, 0, 0], [-1, 0, 0, 0, 1, 0, 1, 1, -1, -1, -1, 0, -1, 0, 0, 0, -1, 2, 2, 2, 0, -1], [-1, 0, 0, 0, 1, 0, 1, 1, -1, -1, -1, 0, -1, 0, 0, 0, -1, 2, 2, 2, -1, 0]]
[[1, 0, 0, 0, 0, 0, 0, 0, 0, 0, 0, 0, 0, 0, 0, 0, 0, 0, 0, 0, 0, 0], [0, 1, 0, 0, 0, 0, 0, 0, 0, 0, 0, 0, 0, 0, 0, 0, 0, 0, 0, 0, 0, 0], [0, 0, 1, 0, 0, 0, 0, 0, 0, 0, 0, 0, 0, 0, 0, 0, 0, 0, 0, 0, 0, 0], [0, 0, 0, 1, 0, 0, 0, 0, 0, 0, 0, 0, 0, 0, 0, 0, 0, 0, 0, 0, 0, 0], [0, 0, 0, 0, 1, 0, 0, 0, 0, 0, 0, 0, 0, 0, 0, 0, 0, 0, 0, 0, 0, 0], [0, 0, 0, 0, 0, 1, 0, 0, 0, 0, 0, 0, 0, 0, 0, 0, 0, 0, 0, 0, 0, 0], [0, 0, 0, 0, 0, 0, 1, 0, 0, 0, 0, 0, 0, 0, 0, 0, 0, 0, 0, 0, 0, 0], [0, 0, 0, 0, 0, 0, 0, 1, 0, 0, 0, 0, 0, 0, 0, 0, 0, 0, 0, 0, 0, 0], [0, 0, 0, 0, 0, 0, 0, 0, 1, 0, 0, 0, 0, 0, 0, 0, 0, 0, 0, 0, 0, 0], [0, 0, 0, 0, 0, 0, 0, 0, 0, 1, 0, 0, 0, 0, 0, 0, 0, 0, 0, 0, 0, 0], [0, 0, 0, 0, 0, 0, 0, 0, 0, 0, 1, 0, 0, 0, 0, 0, 0, 0, 0, 0, 0, 0], [0, 0, 0, 0, 0, 0, 0, 0, 0, 0, 0, 1, 0, 0, 0, 0, 0, 0, 0, 0, 0, 0], [0, 0, 0, 0, 0, 0, 0, 0, 0, 0, 0, 0, 1, 0, 0, 0, 0, 0, 0, 0, 0, 0], [0, 0, 0, 0, 0, 0, 0, 0, 0, 0, 0, 0, 0, 1, 0, 0, 0, 0, 0, 0, 0, 0], [0, 0, 0, 0, 0, 0, 0, 0, 0, 0, 0, 0, 0, 0, 1, 0, 0, 0, 0, 0, 0, 0], [0, 0, 0, 0, 0, 0, 0, 0, 0, 0, 0, 0, 0, 0, 0, 1, 0, 0, 0, 0, 0, 0], [0, 0, 0, 0, 0, 0, 0, 0, 0, 0, 0, 0, 0, 0, 0, 0, 1, 0, 0, 0, 0, 0], [0, 0, 0, 0, 0, 0, 0, 0, 0, 0, 0, 0, 0, 0, 0, 0, 0, 1, 0, 0, 0, 0], [0, 0, 0, 0, 0, 0, 0, 0, 0, 0, 0, 0, 0, 0, 0, 0, 0, 0, 1, 0, 0, 0], [0, 0, 0, 0, 0, 0, 0, 0, 0, 0, 0, 0, 0, 0, 0, 0, 0, 0, 0, 1, 0, 0], [0, 0, 0, 0, 0, 0, 0, 0, 0, 0, 0, 0, 0, 0, 0, 0, 0, 0, 0, 0, 1, 0], [0, 0, 0, 0, 0, 0, 0, 0, 0, 0, 0, 0, 0, 0, 0, 0, 0, 0, 0, 0, 0, 1]]
[[1, 0, 0, 0, 0, 0, 0, 0, 0, 0, 0, 0, 0, 0, 0, 0, 0, 0, 0, 0, 0, 0], [0, 1, 0, 0, 0, 0, 0, 0, 0, 0, 0, 0, 0, 0, 0, 0, 0, 0, 0, 0, 0, 0], [0, 0, 1, 0, 0, 0, 0, 0, 0, 0, 0, 0, 0, 0, 0, 0, 0, 0, 0, 0, 0, 0], [0, 0, 0, 1, 0, 0, 0, 0, 0, 0, 0, 0, 0, 0, 0, 0, 0, 0, 0, 0, 0, 0], [0, 0, 0, 0, 1, 0, 0, 0, 0, 0, 0, 0, 0, 0, 0, 0, 0, 0, 0, 0, 0, 0], [0, 0, 0, 0, 0, 1, 0, 0, 0, 0, 0, 0, 0, 0, 0, 0, 0, 0, 0, 0, 0, 0], [0, 0, 0, 0, 0, 0, 1, 0, 0, 0, 0, 0, 0, 0, 0, 0, 0, 0, 0, 0, 0, 0], [0, 0, 0, 0, 0, 0, 0, 1, 0, 0, 0, 0, 0, 0, 0, 0, 0, 0, 0, 0, 0, 0], [0, 0, 0, 0, 0, 0, 0, 0, 1, 0, 0, 0, 0, 0, 0, 0, 0, 0, 0, 0, 0, 0], [0, 0, 0, 0, 0, 0, 0, 0, 0, 1, 0, 0, 0, 0, 0, 0, 0, 0, 0, 0, 0, 0], [0, 0, 0, 0, 0, 0, 0, 0, 0, 0, 1, 0, 0, 0, 0, 0, 0, 0, 0, 0, 0, 0], [0, 0, 0, 0, 0, 0, 0, 0, 0, 0, 0, 1, 0, 0, 0, 0, 0, 0, 0, 0, 0, 0], [0, 0, 0, 0, 0, 0, 0, 0, 0, 0, 0, 0, 1, 0, 0, 0, 0, 0, 0, 0, 0, 0], [0, 0, 0, 0, 0, 0, 0, 0, 0, 0, 0, 0, 0, 1, 0, 0, 0, 0, 0, 0, 0, 0], [0, 0, 0, 0, 0, 0, 0, 0, 0, 0, 0, 0, 0, 0, 1, 0, 0, 0, 0, 0, 0, 0], [0, 0, 0, 0, 0, 0, 0, 0, 0, 0, 0, 0, 0, 0, 0, 1, 0, 0, 0, 0, 0, 0], [0, 0, 0, 0, 0, 0, 0, 0, 0, 0, 0, 0, 0, 0, 0, 0, 1, 0, 0, 0, 0, 0], [0, 0, 0, 0, 0, 0, 0, 0, 0, 0, 0, 0, 0, 0, 0, 0, 0, 1, 0, 0, 0, 0], [0, 0, 0, 0, 0, 0, 0, 0, 0, 0, 0, 0, 0, 0, 0, 0, 0, 0, 1, 0, 0, 0], [0, 0, 0, 0, 0, 0, 0, 0, 0, 0, 0, 0, 0, 0, 0, 0, 0, 0, 0, 1, 0, 0], [0, 0, 0, 0, 0, 0, 0, 0, 0, 0, 0, 0, 0, 0, 0, 0, 0, 0, 0, 0, 1, 0], [0, 0, 0, 0, 0, 0, 0, 0, 0, 0, 0, 0, 0, 0, 0, 0, 0, 0, 0, 0, 0, 1]]
[[-2, 1, 3, 4, 4, -1, 5, 5, -6, -7, -1, -1, -1, -1, 2, -1, -2, 7, 8, 7, -3, -3], [3, 0, -3, -4, -4, 1, -5, -5, 6, 7, 1, 1, 1, 1, -2, 1, 2, -7, -8, -7, 3, 3], [2, -2, -2, -4, -2, 1, -5, -5, 6, 7, 2, 3, 2, 2, -1, 2, 3, -7, -8, -7, 4, 4], [-2, 0, 1, 3, 2, -1, 3, 3, -4, -5, -1, -1, -1, -2, 1, -2, -1, 5, 6, 5, -3, -3], [1, -1, -1, -2, 0, 1, -2, -2, 3, 3, 1, 2, 1, 1, 0, 1, 1, -3, -3, -3, 2, 2], [2, -2, -3, -4, -2, 2, -5, -5, 6, 7, 2, 3, 2, 2, -1, 2, 3, -7, -8, -7, 4, 4], [-3, 2, 3, 5, 4, -2, 6, 5, -7, -7, -4, -2, -4, -2, 2, -2, -4, 10, 12, 10, -6, -6], [-3, 1, 3, 4, 4, -1, 5, 6, -6, -7, -1, -1, -1, -1, 2, -1, -2, 7, 8, 7, -3, -3], [-1, 0, 0, 1, 2, -1, 0, 0, 0, 0, -2, 1, -2, 0, 1, 0, -1, 3, 4, 3, -2, -2], [-2, 0, 1, 2, 2, -1, 3, 3, -4, -4, -1, -1, -1, -2, 1, -2, -1, 5, 6, 5, -3, -3], [0, -1, -2, -1, 0, -1, -2, -2, 1, 2, -1, 1, -1, -1, 0, -1, 0, 1, 1, 1, -2, -1], [-1, 1, 1, 2, 1, -1, 2, 2, -3, -3, -1, -1, -1, -1, 0, -1, -1, 3, 3, 3, -2, -2], [0, -1, -2, -1, 0, -1, -2, -2, 1, 2, -1, 1, -1, -1, 0, -1, 0, 1, 1, 1, -1, -2], [0, 0, 0, 0, 0, 0, 0, 0, 0, 0, 0, 0, 0, 1, 0, 0, 0, 0, 0, 0, 0, 0], [2, 1, 1, -1, -2, 2, -1, -1, 3, 3, 2, 0, 2, 3, 0, 3, 1, -6, -6, -6, 4, 4], [-1, 0, 0, 1, 1, -1, 1, 1, -2, -2, -2, 0, -2, -2, 1, -1, -2, 5, 5, 5, -3, -3], [1, 1, 1, 0, -1, 1, 0, 0, 1, 1, 0, 0, 0, 1, 0, 1, 0, -1, -1, -1, 1, 1], [-1, 0, 0, 1, -1, -1, 1, 1, -2, -2, 0, -2, 0, -2, -1, -2, 0, 0, 1, 1, -1, -1], [0, 0, -1, 0, -1, -1, 0, 0, -1, -1, 0, -2, 0, -2, -1, -2, 0, 1, 0, 1, -1, -1], [1, 0, 0, -1, 1, 1, -1, -1, 2, 2, -1, 2, -1, 2, 1, 2, 0, 1, 1, 0, 0, 0], [0, 1, 1, 1, -1, 0, 2, 2, -2, -3, 0, -3, 1, -1, -1, -1, 0, 0, 0, 0, 0, 0], [0, 1, 1, 1, -1, 0, 2, 2, -2, -3, 1, -3, 0, -1, -1, -1, 0, 0, 0, 0, 0, 0]]
[[1, 0, 0, 0, 0, 0, 0, 0, 0, 0, 0, 0, 0, 0, 0, 0, 0, 0, 0, 0, 0, 0], [0, 1, 0, 0, 0, 0, 0, 0, 0, 0, 0, 0, 0, 0, 0, 0, 0, 0, 0, 0, 0, 0], [0, 0, 1, 0, 0, 0, 0, 0, 0, 0, 0, 0, 0, 0, 0, 0, 0, 0, 0, 0, 0, 0], [0, 0, 0, 1, 0, 0, 0, 0, 0, 0, 0, 0, 0, 0, 0, 0, 0, 0, 0, 0, 0, 0], [0, 0, 0, 0, 1, 0, 0, 0, 0, 0, 0, 0, 0, 0, 0, 0, 0, 0, 0, 0, 0, 0], [0, 0, 0, 0, 0, 1, 0, 0, 0, 0, 0, 0, 0, 0, 0, 0, 0, 0, 0, 0, 0, 0], [0, 0, 0, 0, 0, 0, 1, 0, 0, 0, 0, 0, 0, 0, 0, 0, 0, 0, 0, 0, 0, 0], [0, 0, 0, 0, 0, 0, 0, 1, 0, 0, 0, 0, 0, 0, 0, 0, 0, 0, 0, 0, 0, 0], [0, 0, 0, 0, 0, 0, 0, 0, 1, 0, 0, 0, 0, 0, 0, 0, 0, 0, 0, 0, 0, 0], [0, 0, 0, 0, 0, 0, 0, 0, 0, 1, 0, 0, 0, 0, 0, 0, 0, 0, 0, 0, 0, 0], [0, 0, 0, 0, 0, 0, 0, 0, 0, 0, 1, 0, 0, 0, 0, 0, 0, 0, 0, 0, 0, 0], [0, 0, 0, 0, 0, 0, 0, 0, 0, 0, 0, 1, 0, 0, 0, 0, 0, 0, 0, 0, 0, 0], [0, 0, 0, 0, 0, 0, 0, 0, 0, 0, 0, 0, 1, 0, 0, 0, 0, 0, 0, 0, 0, 0], [0, 0, 0, 0, 0, 0, 0, 0, 0, 0, 0, 0, 0, 1, 0, 0, 0, 0, 0, 0, 0, 0], [0, 0, 0, 0, 0, 0, 0, 0, 0, 0, 0, 0, 0, 0, 1, 0, 0, 0, 0, 0, 0, 0], [0, 0, 0, 0, 0, 0, 0, 0, 0, 0, 0, 0, 0, 0, 0, 1, 0, 0, 0, 0, 0, 0], [0, 0, 0, 0, 0, 0, 0, 0, 0, 0, 0, 0, 0, 0, 0, 0, 1, 0, 0, 0, 0, 0], [0, 0, 0, 0, 0, 0, 0, 0, 0, 0, 0, 0, 0, 0, 0, 0, 0, 1, 0, 0, 0, 0], [0, 0, 0, 0, 0, 0, 0, 0, 0, 0, 0, 0, 0, 0, 0, 0, 0, 0, 1, 0, 0, 0], [0, 0, 0, 0, 0, 0, 0, 0, 0, 0, 0, 0, 0, 0, 0, 0, 0, 0, 0, 1, 0, 0], [0, 0, 0, 0, 0, 0, 0, 0, 0, 0, 0, 0, 0, 0, 0, 0, 0, 0, 0, 0, 1, 0], [0, 0, 0, 0, 0, 0, 0, 0, 0, 0, 0, 0, 0, 0, 0, 0, 0, 0, 0, 0, 0, 1]]
[[0, 0, 0, 1, 1, -1, 1, 1, -2, -2, 0, -1, 0, -1, 0, -1, 0, 1, 2, 2, -1, -1], [1, 1, 0, -1, -1, 1, -1, -1, 2, 2, 0, 1, 0, 1, 0, 1, 0, -1, -2, -2, 1, 1], [1, 0, 1, -1, -1, 1, -1, -1, 2, 2, 0, 1, 0, 1, 0, 1, 0, -1, -2, -2, 1, 1], [-1, -1, -1, 1, 1, -1, -1, -1, 0, 1, 0, 1, 0, 0, 0, 0, 1, -1, 0, 0, 0, 0], [1, 0, 0, -1, 0, 1, -1, -1, 2, 2, 0, 1, 0, 1, 0, 1, 0, -1, -2, -2, 1, 1], [1, 0, 0, -1, -1, 2, -1, -1, 2, 2, 0, 1, 0, 1, 0, 1, 0, -1, -2, -2, 1, 1], [-2, -2, -2, 0, 2, -2, -1, -2, 0, 2, 0, 2, 0, 0, 0, 0, 2, -2, 0, 0, 0, 0], [-1, 0, 0, 1, 1, -1, 1, 2, -2, -2, 0, -1, 0, -1, 0, -1, 0, 1, 2, 2, -1, -1], [-1, -2, -2, -1, 1, -1, -3, -3, 3, 4, 0, 3, 0, 1, 0, 1, 2, -3, -2, -2, 1, 1], [-1, -1, -1, 0, 1, -1, -1, -1, 0, 2, 0, 1, 0, 0, 0, 0, 1, -1, 0, 0, 0, 0], [-1, -2, -2, -1, 1, -1, -3, -3, 2, 4, 1, 3, 0, 1, 0, 1, 2, -3, -2, -2, 1, 1], [-1, 0, 0, 1, 1, -1, 1, 1, -2, -2, 0, 0, 0, -1, 0, -1, 0, 1, 2, 2, -1, -1], [-1, -2, -2, -1, 1, -1, -3, -3, 2, 4, 0, 3, 1, 1, 0, 1, 2, -3, -2, -2, 1, 1], [0, 0, 0, 0, 0, 0, 0, 0, 0, 0, 0, 0, 0, 1, 0, 0, 0, 0, 0, 0, 0, 0], [2, 2, 2, 0, -2, 2, 2, 2, 0, -2, 0, -2, 0, 0, 1, 0, -2, 2, 0, 0, 0, 0], [-1, -1, -1, 0, 1, -1, -1, -1, 0, 1, 0, 1, 0, 0, 0, 1, 1, -1, 0, 0, 0, 0], [1, 1, 1, 0, -1, 1, 1, 1, 0, -1, 0, -1, 0, 0, 0, 0, 0, 1, 0, 0, 0, 0], [-1, 0, 0, 1, 1, -1, 1, 1, -2, -2, 0, -1, 0, -1, 0, -1, 0, 2, 2, 2, -1, -1], [0, 0, 0, 0, 0, 0, 0, 0, 0, 0, 0, 0, 0, 0, 0, 0, 0, 0, 1, 0, 0, 0], [0, -1, -1, -1, 0, 0, -2, -2, 2, 3, 0, 2, 0, 1, 0, 1, 1, -2, -2, -1, 1, 1], [0, 1, 1, 1, 0, 0, 2, 2, -2, -3, 0, -2, 0, -1, 0, -1, -1, 2, 2, 2, 0, -1], [0, 1, 1, 1, 0, 0, 2, 2, -2, -3, 0, -2, 0, -1, 0, -1, -1, 2, 2, 2, -1, 0]]
[[1, 0, 0, 0, 0, 0, 0, 0, 0, 0, 0, 0, 0, 0, 0, 0, 0, 0, 0, 0, 0, 0], [0, 1, 0, 0, 0, 0, 0, 0, 0, 0, 0, 0, 0, 0, 0, 0, 0, 0, 0, 0, 0, 0], [0, 0, 1, 0, 0, 0, 0, 0, 0, 0, 0, 0, 0, 0, 0, 0, 0, 0, 0, 0, 0, 0], [0, 0, 0, 1, 0, 0, 0, 0, 0, 0, 0, 0, 0, 0, 0, 0, 0, 0, 0, 0, 0, 0], [0, 0, 0, 0, 1, 0, 0, 0, 0, 0, 0, 0, 0, 0, 0, 0, 0, 0, 0, 0, 0, 0], [0, 0, 0, 0, 0, 1, 0, 0, 0, 0, 0, 0, 0, 0, 0, 0, 0, 0, 0, 0, 0, 0], [0, 0, 0, 0, 0, 0, 1, 0, 0, 0, 0, 0, 0, 0, 0, 0, 0, 0, 0, 0, 0, 0], [0, 0, 0, 0, 0, 0, 0, 1, 0, 0, 0, 0, 0, 0, 0, 0, 0, 0, 0, 0, 0, 0], [0, 0, 0, 0, 0, 0, 0, 0, 1, 0, 0, 0, 0, 0, 0, 0, 0, 0, 0, 0, 0, 0], [0, 0, 0, 0, 0, 0, 0, 0, 0, 1, 0, 0, 0, 0, 0, 0, 0, 0, 0, 0, 0, 0], [0, 0, 0, 0, 0, 0, 0, 0, 0, 0, 1, 0, 0, 0, 0, 0, 0, 0, 0, 0, 0, 0], [0, 0, 0, 0, 0, 0, 0, 0, 0, 0, 0, 1, 0, 0, 0, 0, 0, 0, 0, 0, 0, 0], [0, 0, 0, 0, 0, 0, 0, 0, 0, 0, 0, 0, 1, 0, 0, 0, 0, 0, 0, 0, 0, 0], [0, 0, 0, 0, 0, 0, 0, 0, 0, 0, 0, 0, 0, 1, 0, 0, 0, 0, 0, 0, 0, 0], [0, 0, 0, 0, 0, 0, 0, 0, 0, 0, 0, 0, 0, 0, 1, 0, 0, 0, 0, 0, 0, 0], [0, 0, 0, 0, 0, 0, 0, 0, 0, 0, 0, 0, 0, 0, 0, 1, 0, 0, 0, 0, 0, 0], [0, 0, 0, 0, 0, 0, 0, 0, 0, 0, 0, 0, 0, 0, 0, 0, 1, 0, 0, 0, 0, 0], [0, 0, 0, 0, 0, 0, 0, 0, 0, 0, 0, 0, 0, 0, 0, 0, 0, 1, 0, 0, 0, 0], [0, 0, 0, 0, 0, 0, 0, 0, 0, 0, 0, 0, 0, 0, 0, 0, 0, 0, 1, 0, 0, 0], [0, 0, 0, 0, 0, 0, 0, 0, 0, 0, 0, 0, 0, 0, 0, 0, 0, 0, 0, 1, 0, 0], [0, 0, 0, 0, 0, 0, 0, 0, 0, 0, 0, 0, 0, 0, 0, 0, 0, 0, 0, 0, 1, 0], [0, 0, 0, 0, 0, 0, 0, 0, 0, 0, 0, 0, 0, 0, 0, 0, 0, 0, 0, 0, 0, 1]]
[[1, 0, 0, 0, 0, 0, 0, 0, 0, 0, 0, 0, 0, 0, 0, 0, 0, 0, 0, 0, 0, 0], [0, 1, 0, 0, 0, 0, 0, 0, 0, 0, 0, 0, 0, 0, 0, 0, 0, 0, 0, 0, 0, 0], [0, 0, 1, 0, 0, 0, 0, 0, 0, 0, 0, 0, 0, 0, 0, 0, 0, 0, 0, 0, 0, 0], [0, 0, 0, 1, 0, 0, 0, 0, 0, 0, 0, 0, 0, 0, 0, 0, 0, 0, 0, 0, 0, 0], [0, 0, 0, 0, 1, 0, 0, 0, 0, 0, 0, 0, 0, 0, 0, 0, 0, 0, 0, 0, 0, 0], [0, 0, 0, 0, 0, 1, 0, 0, 0, 0, 0, 0, 0, 0, 0, 0, 0, 0, 0, 0, 0, 0], [0, 0, 0, 0, 0, 0, 1, 0, 0, 0, 0, 0, 0, 0, 0, 0, 0, 0, 0, 0, 0, 0], [0, 0, 0, 0, 0, 0, 0, 1, 0, 0, 0, 0, 0, 0, 0, 0, 0, 0, 0, 0, 0, 0], [0, 0, 0, 0, 0, 0, 0, 0, 1, 0, 0, 0, 0, 0, 0, 0, 0, 0, 0, 0, 0, 0], [0, 0, 0, 0, 0, 0, 0, 0, 0, 1, 0, 0, 0, 0, 0, 0, 0, 0, 0, 0, 0, 0], [0, 0, 0, 0, 0, 0, 0, 0, 0, 0, 1, 0, 0, 0, 0, 0, 0, 0, 0, 0, 0, 0], [0, 0, 0, 0, 0, 0, 0, 0, 0, 0, 0, 1, 0, 0, 0, 0, 0, 0, 0, 0, 0, 0], [0, 0, 0, 0, 0, 0, 0, 0, 0, 0, 0, 0, 1, 0, 0, 0, 0, 0, 0, 0, 0, 0], [0, 0, 0, 0, 0, 0, 0, 0, 0, 0, 0, 0, 0, 1, 0, 0, 0, 0, 0, 0, 0, 0], [0, 0, 0, 0, 0, 0, 0, 0, 0, 0, 0, 0, 0, 0, 1, 0, 0, 0, 0, 0, 0, 0], [0, 0, 0, 0, 0, 0, 0, 0, 0, 0, 0, 0, 0, 0, 0, 1, 0, 0, 0, 0, 0, 0], [0, 0, 0, 0, 0, 0, 0, 0, 0, 0, 0, 0, 0, 0, 0, 0, 1, 0, 0, 0, 0, 0], [0, 0, 0, 0, 0, 0, 0, 0, 0, 0, 0, 0, 0, 0, 0, 0, 0, 1, 0, 0, 0, 0], [0, 0, 0, 0, 0, 0, 0, 0, 0, 0, 0, 0, 0, 0, 0, 0, 0, 0, 1, 0, 0, 0], [0, 0, 0, 0, 0, 0, 0, 0, 0, 0, 0, 0, 0, 0, 0, 0, 0, 0, 0, 1, 0, 0], [0, 0, 0, 0, 0, 0, 0, 0, 0, 0, 0, 0, 0, 0, 0, 0, 0, 0, 0, 0, 1, 0], [0, 0, 0, 0, 0, 0, 0, 0, 0, 0, 0, 0, 0, 0, 0, 0, 0, 0, 0, 0, 0, 1]]
[[1, 0, 0, 0, 0, 0, 0, 0, 0, 0, 0, 0, 0, 0, 0, 0, 0, 0, 0, 0, 0, 0], [0, 1, 0, 0, 0, 0, 0, 0, 0, 0, 0, 0, 0, 0, 0, 0, 0, 0, 0, 0, 0, 0], [0, 0, 1, 0, 0, 0, 0, 0, 0, 0, 0, 0, 0, 0, 0, 0, 0, 0, 0, 0, 0, 0], [0, 0, 0, 1, 0, 0, 0, 0, 0, 0, 0, 0, 0, 0, 0, 0, 0, 0, 0, 0, 0, 0], [0, 0, 0, 0, 1, 0, 0, 0, 0, 0, 0, 0, 0, 0, 0, 0, 0, 0, 0, 0, 0, 0], [0, 0, 0, 0, 0, 1, 0, 0, 0, 0, 0, 0, 0, 0, 0, 0, 0, 0, 0, 0, 0, 0], [0, 0, 0, 0, 0, 0, 1, 0, 0, 0, 0, 0, 0, 0, 0, 0, 0, 0, 0, 0, 0, 0], [0, 0, 0, 0, 0, 0, 0, 1, 0, 0, 0, 0, 0, 0, 0, 0, 0, 0, 0, 0, 0, 0], [0, 0, 0, 0, 0, 0, 0, 0, 1, 0, 0, 0, 0, 0, 0, 0, 0, 0, 0, 0, 0, 0], [0, 0, 0, 0, 0, 0, 0, 0, 0, 1, 0, 0, 0, 0, 0, 0, 0, 0, 0, 0, 0, 0], [0, 0, 0, 0, 0, 0, 0, 0, 0, 0, 1, 0, 0, 0, 0, 0, 0, 0, 0, 0, 0, 0], [0, 0, 0, 0, 0, 0, 0, 0, 0, 0, 0, 1, 0, 0, 0, 0, 0, 0, 0, 0, 0, 0], [0, 0, 0, 0, 0, 0, 0, 0, 0, 0, 0, 0, 1, 0, 0, 0, 0, 0, 0, 0, 0, 0], [0, 0, 0, 0, 0, 0, 0, 0, 0, 0, 0, 0, 0, 1, 0, 0, 0, 0, 0, 0, 0, 0], [0, 0, 0, 0, 0, 0, 0, 0, 0, 0, 0, 0, 0, 0, 1, 0, 0, 0, 0, 0, 0, 0], [0, 0, 0, 0, 0, 0, 0, 0, 0, 0, 0, 0, 0, 0, 0, 1, 0, 0, 0, 0, 0, 0], [0, 0, 0, 0, 0, 0, 0, 0, 0, 0, 0, 0, 0, 0, 0, 0, 1, 0, 0, 0, 0, 0], [0, 0, 0, 0, 0, 0, 0, 0, 0, 0, 0, 0, 0, 0, 0, 0, 0, 1, 0, 0, 0, 0], [0, 0, 0, 0, 0, 0, 0, 0, 0, 0, 0, 0, 0, 0, 0, 0, 0, 0, 1, 0, 0, 0], [0, 0, 0, 0, 0, 0, 0, 0, 0, 0, 0, 0, 0, 0, 0, 0, 0, 0, 0, 1, 0, 0], [0, 0, 0, 0, 0, 0, 0, 0, 0, 0, 0, 0, 0, 0, 0, 0, 0, 0, 0, 0, 1, 0], [0, 0, 0, 0, 0, 0, 0, 0, 0, 0, 0, 0, 0, 0, 0, 0, 0, 0, 0, 0, 0, 1]]
[[1, 1, 1, 1, 4, -1, 3, 4, -5, -7, 0, -1, -1, 0, 1, -1, -1, 8, 8, 9, -4, -3], [0, 0, -1, -1, -4, 1, -3, -4, 5, 7, 0, 1, 1, 0, -1, 1, 1, -8, -8, -9, 4, 3], [0, 1, 2, 1, 4, -1, 3, 4, -5, -7, 0, -1, -1, 0, 1, -1, -1, 8, 8, 9, -4, -3], [0, -1, -1, 0, -1, 0, -1, -1, 1, 2, 1, 0, 1, 0, 0, 0, 1, -2, -3, -3, 1, 1], [0, 1, 1, 1, 6, -2, 4, 5, -7, -10, 1, -2, -1, -1, 1, -2, -1, 10, 10, 12, -5, -4], [0, 1, 1, 1, 5, -1, 4, 5, -7, -10, 1, -2, -1, -1, 1, -2, -1, 10, 10, 12, -5, -4], [-1, -4, -3, -3, -10, 3, -8, -11, 15, 21, 0, 5, 3, 1, -1, 4, 3, -21, -22, -26, 11, 9], [0, 0, 0, 0, 1, -1, 1, 2, -2, -3, 1, -1, 0, -1, 0, -1, 0, 2, 2, 3, -1, -1], [0, -2, -2, -2, -5, 1, -4, -5, 7, 9, 1, 1, 2, 0, -1, 1, 2, -10, -11, -12, 5, 4], [0, 0, 0, 0, 0, 0, 0, 0, 0, 1, 0, 0, 0, 0, 0, 0, 0, 0, 0, 0, 0, 0], [1, 1, 0, 0, -1, 1, 0, 0, 0, 1, 0, -1, 0, 1, -1, 0, 0, -1, -1, -1, 0, 0], [1, 1, 0, 0, 0, 0, 1, 1, -2, -2, 0, -1, 0, 0, -1, -1, 0, 1, 1, 2, -1, -1], [1, 1, 0, 0, 0, 0, 1, 1, -2, -2, 0, -2, 1, 0, -1, -1, 0, 1, 1, 2, -1, -1], [-1, -2, -1, -1, -4, 1, -4, -5, 7, 9, 0, 3, 1, 1, 0, 2, 1, -9, -9, -11, 5, 4], [-2, -3, -1, -1, -4, 1, -5, -6, 9, 11, 0, 5, 1, 0, 2, 3, 1, -10, -10, -13, 6, 5], [1, 1, 0, 0, -1, 1, 0, 0, 0, 1, -1, -1, 0, 1, -1, 1, 0, -1, -1, -1, 0, 0], [-1, -2, -1, -1, -4, 1, -4, -5, 7, 9, 0, 3, 1, 0, 0, 2, 2, -9, -9, -11, 5, 4], [1, 2, 1, 1, 1, 0, 2, 2, -3, -4, -1, -2, -1, 0, -1, -1, -1, 4, 4, 5, -2, -2], [1, 1, 0, 0, 0, 0, 1, 1, -2, -2, 0, -2, 0, 0, -1, -1, 0, 1, 2, 2, -1, -1], [-1, -2, -1, -1, -2, 1, -3, -3, 5, 7, 0, 3, 1, 1, 1, 2, 1, -5, -6, -7, 3, 3], [0, 1, 1, 1, 3, 0, 2, 3, -3, -4, -1, 0, -1, 1, 1, 0, -1, 6, 6, 6, -2, -2], [0, 0, 0, 0, 0, 0, 0, 0, 0, 0, 0, 0, 0, 0, 0, 0, 0, 0, 0, 0, 0, 1]]
[[1, 0, 0, 0, 0, 0, 0, 0, 0, 0, 0, 0, 0, 0, 0, 0, 0, 0, 0, 0, 0, 0], [0, 1, 0, 0, 0, 0, 0, 0, 0, 0, 0, 0, 0, 0, 0, 0, 0, 0, 0, 0, 0, 0], [0, 0, 1, 0, 0, 0, 0, 0, 0, 0, 0, 0, 0, 0, 0, 0, 0, 0, 0, 0, 0, 0], [0, 0, 0, 1, 0, 0, 0, 0, 0, 0, 0, 0, 0, 0, 0, 0, 0, 0, 0, 0, 0, 0], [0, 0, 0, 0, 1, 0, 0, 0, 0, 0, 0, 0, 0, 0, 0, 0, 0, 0, 0, 0, 0, 0], [0, 0, 0, 0, 0, 1, 0, 0, 0, 0, 0, 0, 0, 0, 0, 0, 0, 0, 0, 0, 0, 0], [0, 0, 0, 0, 0, 0, 1, 0, 0, 0, 0, 0, 0, 0, 0, 0, 0, 0, 0, 0, 0, 0], [0, 0, 0, 0, 0, 0, 0, 1, 0, 0, 0, 0, 0, 0, 0, 0, 0, 0, 0, 0, 0, 0], [0, 0, 0, 0, 0, 0, 0, 0, 1, 0, 0, 0, 0, 0, 0, 0, 0, 0, 0, 0, 0, 0], [0, 0, 0, 0, 0, 0, 0, 0, 0, 1, 0, 0, 0, 0, 0, 0, 0, 0, 0, 0, 0, 0], [0, 0, 0, 0, 0, 0, 0, 0, 0, 0, 1, 0, 0, 0, 0, 0, 0, 0, 0, 0, 0, 0], [0, 0, 0, 0, 0, 0, 0, 0, 0, 0, 0, 1, 0, 0, 0, 0, 0, 0, 0, 0, 0, 0], [0, 0, 0, 0, 0, 0, 0, 0, 0, 0, 0, 0, 1, 0, 0, 0, 0, 0, 0, 0, 0, 0], [0, 0, 0, 0, 0, 0, 0, 0, 0, 0, 0, 0, 0, 1, 0, 0, 0, 0, 0, 0, 0, 0], [0, 0, 0, 0, 0, 0, 0, 0, 0, 0, 0, 0, 0, 0, 1, 0, 0, 0, 0, 0, 0, 0], [0, 0, 0, 0, 0, 0, 0, 0, 0, 0, 0, 0, 0, 0, 0, 1, 0, 0, 0, 0, 0, 0], [0, 0, 0, 0, 0, 0, 0, 0, 0, 0, 0, 0, 0, 0, 0, 0, 1, 0, 0, 0, 0, 0], [0, 0, 0, 0, 0, 0, 0, 0, 0, 0, 0, 0, 0, 0, 0, 0, 0, 1, 0, 0, 0, 0], [0, 0, 0, 0, 0, 0, 0, 0, 0, 0, 0, 0, 0, 0, 0, 0, 0, 0, 1, 0, 0, 0], [0, 0, 0, 0, 0, 0, 0, 0, 0, 0, 0, 0, 0, 0, 0, 0, 0, 0, 0, 1, 0, 0], [0, 0, 0, 0, 0, 0, 0, 0, 0, 0, 0, 0, 0, 0, 0, 0, 0, 0, 0, 0, 1, 0], [0, 0, 0, 0, 0, 0, 0, 0, 0, 0, 0, 0, 0, 0, 0, 0, 0, 0, 0, 0, 0, 1]]
[[2, 2, 2, 1, 5, -1, 3, 4, -6, -7, -1, 0, -3, 2, 1, 0, -2, 10, 10, 12, -5, -4], [-1, -1, -2, -1, -5, 1, -3, -4, 6, 7, 1, 0, 3, -2, -1, 0, 2, -10, -10, -12, 5, 4], [1, 2, 3, 1, 6, 0, 3, 6, -6, -8, -1, 1, -2, 4, 1, 1, -1, 11, 11, 13, -6, -3], [0, -1, -1, 0, -1, -1, 0, -1, -1, 0, 1, -1, 0, -2, 0, -2, 0, -1, 0, 0, 0, -1], [3, 4, 4, 1, 9, -1, 6, 9, -11, -15, -1, -1, -4, 4, 1, 0, -3, 18, 18, 22, -10, -6], [2, 3, 3, 1, 7, 0, 4, 7, -8, -11, -1, 0, -3, 4, 1, 1, -2, 14, 14, 17, -8, -4], [-4, -6, -6, -2, -11, -1, -7, -13, 13, 19, 2, 0, 4, -8, -1, -2, 3, -23, -22, -27, 12, 6], [1, 1, 1, 0, 1, -1, 1, 1, -2, -2, 0, -1, -1, 0, 0, 0, -1, 2, 2, 3, -1, -1], [-1, -2, -2, -1, -2, -1, -2, -4, 3, 5, 1, 0, 1, -2, 0, -1, 1, -6, -5, -6, 3, 1], [0, 0, 0, 0, 0, -1, 1, 0, -2, -2, 0, -1, -1, -2, -1, -2, 0, 1, 2, 3, -1, -2], [-1, -1, -1, 0, 1, -1, 1, 0, -3, -3, 1, 0, 0, -2, -1, -3, 1, 1, 2, 4, -1, -2], [0, 0, 0, 0, 0, 0, 0, -1, 0, 1, 0, 1, 0, 0, 0, 0, 0, -1, -1, -1, 1, 0], [0, 1, 1, 1, 4, -1, 3, 3, -6, -7, -1, 0, -2, 0, 0, -2, -1, 8, 9, 11, -4, -5], [-2, -3, -3, -1, -7, 0, -5, -7, 9, 11, 1, 0, 3, -3, -1, 0, 2, -14, -14, -17, 7, 5], [-1, -2, -2, -1, -7, 2, -6, -6, 12, 14, 1, 1, 4, 0, 1, 4, 2, -15, -16, -21, 8, 8], [-1, -1, -1, 0, 0, 0, 1, 0, -2, -1, 0, 0, 0, -2, 0, -2, 0, 1, 1, 2, 0, -2], [-1, -2, -2, -1, -6, 1, -4, -5, 8, 10, 1, 0, 3, -2, 0, 1, 2, -11, -12, -15, 6, 5], [0, 0, 0, 0, 1, 0, 1, 1, -2, -3, 0, 0, 0, 0, -1, -1, 1, 2, 2, 3, -1, -1], [0, 1, 1, 1, 2, 0, 2, 2, -3, -4, -1, 0, -1, 0, 0, -1, -1, 5, 5, 6, -2, -2], [-1, -2, -2, -1, -4, 0, -3, -4, 5, 7, 1, 0, 1, -2, 0, 0, 1, -8, -7, -9, 4, 2], [0, 0, 0, 0, 0, 0, 0, 1, 0, -1, 0, 0, 0, 0, 0, 0, 0, 1, 1, 1, 0, 0], [0, 0, 0, 0, -2, 1, -1, -1, 3, 3, 0, 0, 0, 0, 0, 1, 0, -3, -3, -5, 2, 2]]
[[1, 0, 0, 0, 0, 0, 0, 0, 0, 0, 0, 0, 0, 0, 0, 0, 0, 0, 0, 0, 0, 0], [0, 1, 0, 0, 0, 0, 0, 0, 0, 0, 0, 0, 0, 0, 0, 0, 0, 0, 0, 0, 0, 0], [0, 0, 1, 0, 0, 0, 0, 0, 0, 0, 0, 0, 0, 0, 0, 0, 0, 0, 0, 0, 0, 0], [0, 0, 0, 1, 0, 0, 0, 0, 0, 0, 0, 0, 0, 0, 0, 0, 0, 0, 0, 0, 0, 0], [0, 0, 0, 0, 1, 0, 0, 0, 0, 0, 0, 0, 0, 0, 0, 0, 0, 0, 0, 0, 0, 0], [0, 0, 0, 0, 0, 1, 0, 0, 0, 0, 0, 0, 0, 0, 0, 0, 0, 0, 0, 0, 0, 0], [0, 0, 0, 0, 0, 0, 1, 0, 0, 0, 0, 0, 0, 0, 0, 0, 0, 0, 0, 0, 0, 0], [0, 0, 0, 0, 0, 0, 0, 1, 0, 0, 0, 0, 0, 0, 0, 0, 0, 0, 0, 0, 0, 0], [0, 0, 0, 0, 0, 0, 0, 0, 1, 0, 0, 0, 0, 0, 0, 0, 0, 0, 0, 0, 0, 0], [0, 0, 0, 0, 0, 0, 0, 0, 0, 1, 0, 0, 0, 0, 0, 0, 0, 0, 0, 0, 0, 0], [0, 0, 0, 0, 0, 0, 0, 0, 0, 0, 1, 0, 0, 0, 0, 0, 0, 0, 0, 0, 0, 0], [0, 0, 0, 0, 0, 0, 0, 0, 0, 0, 0, 1, 0, 0, 0, 0, 0, 0, 0, 0, 0, 0], [0, 0, 0, 0, 0, 0, 0, 0, 0, 0, 0, 0, 1, 0, 0, 0, 0, 0, 0, 0, 0, 0], [0, 0, 0, 0, 0, 0, 0, 0, 0, 0, 0, 0, 0, 1, 0, 0, 0, 0, 0, 0, 0, 0], [0, 0, 0, 0, 0, 0, 0, 0, 0, 0, 0, 0, 0, 0, 1, 0, 0, 0, 0, 0, 0, 0], [0, 0, 0, 0, 0, 0, 0, 0, 0, 0, 0, 0, 0, 0, 0, 1, 0, 0, 0, 0, 0, 0], [0, 0, 0, 0, 0, 0, 0, 0, 0, 0, 0, 0, 0, 0, 0, 0, 1, 0, 0, 0, 0, 0], [0, 0, 0, 0, 0, 0, 0, 0, 0, 0, 0, 0, 0, 0, 0, 0, 0, 1, 0, 0, 0, 0], [0, 0, 0, 0, 0, 0, 0, 0, 0, 0, 0, 0, 0, 0, 0, 0, 0, 0, 1, 0, 0, 0], [0, 0, 0, 0, 0, 0, 0, 0, 0, 0, 0, 0, 0, 0, 0, 0, 0, 0, 0, 1, 0, 0], [0, 0, 0, 0, 0, 0, 0, 0, 0, 0, 0, 0, 0, 0, 0, 0, 0, 0, 0, 0, 1, 0], [0, 0, 0, 0, 0, 0, 0, 0, 0, 0, 0, 0, 0, 0, 0, 0, 0, 0, 0, 0, 0, 1]]
[[-2, -1, 0, 3, -1, -3, 4, 6, -10, -11, 3, -6, 3, -5, -3, -7, 0, 3, 2, 4, -3, -2], [3, 2, 0, -3, 1, 3, -4, -6, 10, 11, -3, 6, -3, 5, 3, 7, 0, -3, -2, -4, 3, 2], [-1, -1, 0, 0, -2, -1, 1, 1, -3, -3, 2, -3, 2, -3, -2, -3, 1, -2, -2, -1, 0, 0], [1, 0, -1, 0, 0, 1, -1, -1, 2, 2, -1, 1, 0, 1, 1, 1, 0, 0, 0, 0, 0, 0], [-3, -2, -1, 2, -2, -3, 4, 5, -10, -11, 4, -7, 4, -7, -4, -8, 1, 0, 0, 2, -2, -2], [-2, -1, 0, 1, -2, -1, 2, 2, -5, -5, 3, -4, 2, -4, -3, -4, 1, -2, -2, -1, 0, 0], [4, 2, 0, -2, 4, 4, -3, -4, 10, 10, -6, 8, -4, 8, 6, 8, -2, 4, 4, 2, 0, 0], [-2, -1, 0, 2, -1, -2, 3, 5, -7, -8, 2, -4, 2, -4, -2, -5, 0, 2, 2, 3, -2, -2], [1, 0, -1, -1, 0, 1, -1, -1, 3, 2, -1, 1, 0, 1, 1, 1, 0, 0, 0, 0, 0, 0], [0, 0, 0, 1, 1, 0, 1, 2, -2, -2, -1, 0, 0, 0, 1, -1, -1, 4, 4, 4, -2, -2], [3, 1, -1, -2, 2, 3, -3, -3, 7, 7, -3, 5, -2, 5, 4, 5, -1, 2, 2, 1, 0, 0], [3, 1, -1, -3, 1, 3, -4, -5, 9, 10, -3, 6, -2, 5, 3, 6, 0, -2, -2, -3, 2, 2], [2, 1, 0, -1, 2, 2, -2, -2, 5, 5, -3, 4, -1, 4, 3, 4, -1, 2, 2, 1, 0, 0], [3, 1, 0, -3, 1, 3, -4, -6, 10, 11, -3, 6, -3, 6, 3, 7, 0, -3, -2, -4, 3, 2], [0, 0, 1, -1, -1, 0, -1, -3, 3, 4, 1, 1, -1, 0, 0, 2, 1, -5, -4, -5, 3, 2], [0, 1, 1, 2, 3, 0, 1, 3, -2, -3, -2, 1, -1, 2, 2, 1, -2, 7, 6, 6, -3, -2], [-1, 0, 1, 1, 0, -1, 1, 1, -2, -2, 1, -1, 0, -1, -1, -1, 1, 0, 0, 0, 0, 0], [0, 0, 0, 0, 0, 0, 0, 0, 0, 0, 0, 0, 0, 0, 0, 0, 0, 1, 0, 0, 0, 0], [-1, 0, 0, 1, 0, -1, 1, 2, -3, -3, 1, -2, 1, -1, -1, -2, 0, 1, 1, 1, -1, 0], [-1, 0, 1, 2, 1, -1, 2, 3, -4, -5, 0, -1, 0, -1, 0, -2, -1, 4, 4, 5, -2, -2], [-4, -1, 1, 4, -1, -4, 5, 7, -12, -13, 4, -7, 3, -6, -4, -8, 0, 3, 2, 4, -2, -2], [-3, -1, 1, 3, -1, -3, 4, 5, -9, -10, 3, -5, 2, -5, -3, -6, 0, 2, 2, 3, -2, -1]]
[[1, 0, 0, 0, 0, 0, 0, 0, 0, 0, 0, 0, 0, 0, 0, 0, 0, 0, 0, 0, 0, 0], [0, 1, 0, 0, 0, 0, 0, 0, 0, 0, 0, 0, 0, 0, 0, 0, 0, 0, 0, 0, 0, 0], [0, 0, 1, 0, 0, 0, 0, 0, 0, 0, 0, 0, 0, 0, 0, 0, 0, 0, 0, 0, 0, 0], [0, 0, 0, 1, 0, 0, 0, 0, 0, 0, 0, 0, 0, 0, 0, 0, 0, 0, 0, 0, 0, 0], [0, 0, 0, 0, 1, 0, 0, 0, 0, 0, 0, 0, 0, 0, 0, 0, 0, 0, 0, 0, 0, 0], [0, 0, 0, 0, 0, 1, 0, 0, 0, 0, 0, 0, 0, 0, 0, 0, 0, 0, 0, 0, 0, 0], [0, 0, 0, 0, 0, 0, 1, 0, 0, 0, 0, 0, 0, 0, 0, 0, 0, 0, 0, 0, 0, 0], [0, 0, 0, 0, 0, 0, 0, 1, 0, 0, 0, 0, 0, 0, 0, 0, 0, 0, 0, 0, 0, 0], [0, 0, 0, 0, 0, 0, 0, 0, 1, 0, 0, 0, 0, 0, 0, 0, 0, 0, 0, 0, 0, 0], [0, 0, 0, 0, 0, 0, 0, 0, 0, 1, 0, 0, 0, 0, 0, 0, 0, 0, 0, 0, 0, 0], [0, 0, 0, 0, 0, 0, 0, 0, 0, 0, 1, 0, 0, 0, 0, 0, 0, 0, 0, 0, 0, 0], [0, 0, 0, 0, 0, 0, 0, 0, 0, 0, 0, 1, 0, 0, 0, 0, 0, 0, 0, 0, 0, 0], [0, 0, 0, 0, 0, 0, 0, 0, 0, 0, 0, 0, 1, 0, 0, 0, 0, 0, 0, 0, 0, 0], [0, 0, 0, 0, 0, 0, 0, 0, 0, 0, 0, 0, 0, 1, 0, 0, 0, 0, 0, 0, 0, 0], [0, 0, 0, 0, 0, 0, 0, 0, 0, 0, 0, 0, 0, 0, 1, 0, 0, 0, 0, 0, 0, 0], [0, 0, 0, 0, 0, 0, 0, 0, 0, 0, 0, 0, 0, 0, 0, 1, 0, 0, 0, 0, 0, 0], [0, 0, 0, 0, 0, 0, 0, 0, 0, 0, 0, 0, 0, 0, 0, 0, 1, 0, 0, 0, 0, 0], [0, 0, 0, 0, 0, 0, 0, 0, 0, 0, 0, 0, 0, 0, 0, 0, 0, 1, 0, 0, 0, 0], [0, 0, 0, 0, 0, 0, 0, 0, 0, 0, 0, 0, 0, 0, 0, 0, 0, 0, 1, 0, 0, 0], [0, 0, 0, 0, 0, 0, 0, 0, 0, 0, 0, 0, 0, 0, 0, 0, 0, 0, 0, 1, 0, 0], [0, 0, 0, 0, 0, 0, 0, 0, 0, 0, 0, 0, 0, 0, 0, 0, 0, 0, 0, 0, 1, 0], [0, 0, 0, 0, 0, 0, 0, 0, 0, 0, 0, 0, 0, 0, 0, 0, 0, 0, 0, 0, 0, 1]]
[[-1, 0, 0, 0, 0, 0, 1, 1, -1, 0, 0, -1, 1, -1, 0, -1, 0, 0, 0, -1, 1, 0], [2, 1, 0, 0, 0, 0, -1, -1, 1, 0, 0, 1, -1, 1, 0, 1, 0, 0, 0, 1, -1, 0], [0, -1, 0, 0, -1, -1, 0, 2, -3, -4, 4, -2, 3, -1, -2, -3, 3, -2, -2, 0, 0, 0], [-1, 0, -1, -1, 0, 2, -1, -4, 6, 8, -4, 2, -2, 1, 2, 4, -2, -2, -2, -5, 3, 2], [-1, 0, 0, 0, -2, -1, 1, 2, -3, -3, 3, -4, 3, -3, -3, -4, 2, -3, -3, -2, 1, 0], [-1, -1, 0, 1, -2, -2, 1, 3, -6, -7, 5, -4, 4, -4, -4, -6, 4, -2, -2, 1, -1, -1], [0, 1, -1, -2, 3, 4, -2, -7, 12, 15, -10, 7, -7, 6, 6, 10, -6, 1, 2, -4, 3, 2], [-1, 0, 0, -1, 0, 1, 0, -1, 3, 4, -2, 1, -1, 0, 1, 2, -1, -1, -1, -3, 2, 1], [-1, 0, -1, -1, 1, 1, -1, -3, 4, 6, -3, 2, -2, 1, 2, 3, -2, -1, 0, -2, 1, 1], [-1, 0, 0, 0, 3, 1, 0, -1, 2, 4, -3, 3, -2, 2, 3, 3, -2, 3, 3, 1, 0, 0], [-1, 0, -1, 0, 2, 0, -1, -2, 2, 4, -3, 2, -2, 1, 2, 2, -2, 2, 2, 1, -1, 0], [0, 0, -1, -1, 0, 1, -1, -2, 3, 4, -2, 2, -1, 1, 1, 2, -1, -1, -1, -2, 1, 1], [-1, 0, 0, 1, 4, 0, 0, 0, -1, 1, -2, 3, -1, 2, 3, 2, -2, 4, 5, 4, -2, -1], [1, 0, 0, -1, 0, 1, -1, -3, 4, 4, -2, 2, -2, 2, 1, 3, -1, -1, -1, -2, 1, 1], [3, 0, 0, -2, -5, 1, -2, -3, 6, 3, 1, -1, 0, 0, -2, 1, 2, -7, -7, -7, 4, 2], [-1, 1, 1, 2, 4, 0, 1, 2, -2, -1, -3, 2, -2, 2, 3, 2, -3, 7, 7, 6, -3, -2], [2, 1, 1, 0, -1, 1, 0, 0, 1, 0, 0, 0, -1, 1, 0, 1, 0, 0, 0, 0, 0, 0], [0, 0, 0, 1, 1, -1, 0, 1, -3, -2, 1, 0, 0, 0, 0, -1, 0, 2, 2, 3, -2, -1], [0, 0, 0, 1, 1, -1, 1, 2, -4, -4, 1, -1, 1, -1, 0, -2, 0, 3, 3, 4, -3, -1], [-1, 0, 1, 1, 3, 0, 1, 1, -1, -1, -1, 2, -1, 1, 2, 1, -1, 4, 4, 4, -1, -1], [0, 0, 1, 2, 1, -2, 2, 4, -7, -8, 3, -2, 2, -2, -1, -4, 1, 4, 3, 6, -3, -2], [0, 0, 1, 1, 0, -1, 1, 2, -3, -4, 2, -1, 1, -1, -1, -2, 1, 1, 1, 2, -1, 0]]
[[1, 0, 0, 0, 0, 0, 0, 0, 0, 0, 0, 0, 0, 0, 0, 0, 0, 0, 0, 0, 0, 0], [0, 1, 0, 0, 0, 0, 0, 0, 0, 0, 0, 0, 0, 0, 0, 0, 0, 0, 0, 0, 0, 0], [0, 0, 1, 0, 0, 0, 0, 0, 0, 0, 0, 0, 0, 0, 0, 0, 0, 0, 0, 0, 0, 0], [0, 0, 0, 1, 0, 0, 0, 0, 0, 0, 0, 0, 0, 0, 0, 0, 0, 0, 0, 0, 0, 0], [0, 0, 0, 0, 1, 0, 0, 0, 0, 0, 0, 0, 0, 0, 0, 0, 0, 0, 0, 0, 0, 0], [0, 0, 0, 0, 0, 1, 0, 0, 0, 0, 0, 0, 0, 0, 0, 0, 0, 0, 0, 0, 0, 0], [0, 0, 0, 0, 0, 0, 1, 0, 0, 0, 0, 0, 0, 0, 0, 0, 0, 0, 0, 0, 0, 0], [0, 0, 0, 0, 0, 0, 0, 1, 0, 0, 0, 0, 0, 0, 0, 0, 0, 0, 0, 0, 0, 0], [0, 0, 0, 0, 0, 0, 0, 0, 1, 0, 0, 0, 0, 0, 0, 0, 0, 0, 0, 0, 0, 0], [0, 0, 0, 0, 0, 0, 0, 0, 0, 1, 0, 0, 0, 0, 0, 0, 0, 0, 0, 0, 0, 0], [0, 0, 0, 0, 0, 0, 0, 0, 0, 0, 1, 0, 0, 0, 0, 0, 0, 0, 0, 0, 0, 0], [0, 0, 0, 0, 0, 0, 0, 0, 0, 0, 0, 1, 0, 0, 0, 0, 0, 0, 0, 0, 0, 0], [0, 0, 0, 0, 0, 0, 0, 0, 0, 0, 0, 0, 1, 0, 0, 0, 0, 0, 0, 0, 0, 0], [0, 0, 0, 0, 0, 0, 0, 0, 0, 0, 0, 0, 0, 1, 0, 0, 0, 0, 0, 0, 0, 0], [0, 0, 0, 0, 0, 0, 0, 0, 0, 0, 0, 0, 0, 0, 1, 0, 0, 0, 0, 0, 0, 0], [0, 0, 0, 0, 0, 0, 0, 0, 0, 0, 0, 0, 0, 0, 0, 1, 0, 0, 0, 0, 0, 0], [0, 0, 0, 0, 0, 0, 0, 0, 0, 0, 0, 0, 0, 0, 0, 0, 1, 0, 0, 0, 0, 0], [0, 0, 0, 0, 0, 0, 0, 0, 0, 0, 0, 0, 0, 0, 0, 0, 0, 1, 0, 0, 0, 0], [0, 0, 0, 0, 0, 0, 0, 0, 0, 0, 0, 0, 0, 0, 0, 0, 0, 0, 1, 0, 0, 0], [0, 0, 0, 0, 0, 0, 0, 0, 0, 0, 0, 0, 0, 0, 0, 0, 0, 0, 0, 1, 0, 0], [0, 0, 0, 0, 0, 0, 0, 0, 0, 0, 0, 0, 0, 0, 0, 0, 0, 0, 0, 0, 1, 0], [0, 0, 0, 0, 0, 0, 0, 0, 0, 0, 0, 0, 0, 0, 0, 0, 0, 0, 0, 0, 0, 1]]
[[1, 0, 0, 0, 0, 0, 0, 0, 0, 0, 0, 0, 0, 0, 0, 0, 0, 0, 0, 0, 0, 0], [0, 1, 0, 0, 0, 0, 0, 0, 0, 0, 0, 0, 0, 0, 0, 0, 0, 0, 0, 0, 0, 0], [0, 0, 1, 0, 0, 0, 0, 0, 0, 0, 0, 0, 0, 0, 0, 0, 0, 0, 0, 0, 0, 0], [0, 0, 0, 1, 0, 0, 0, 0, 0, 0, 0, 0, 0, 0, 0, 0, 0, 0, 0, 0, 0, 0], [0, 0, 0, 0, 1, 0, 0, 0, 0, 0, 0, 0, 0, 0, 0, 0, 0, 0, 0, 0, 0, 0], [0, 0, 0, 0, 0, 1, 0, 0, 0, 0, 0, 0, 0, 0, 0, 0, 0, 0, 0, 0, 0, 0], [0, 0, 0, 0, 0, 0, 1, 0, 0, 0, 0, 0, 0, 0, 0, 0, 0, 0, 0, 0, 0, 0], [0, 0, 0, 0, 0, 0, 0, 1, 0, 0, 0, 0, 0, 0, 0, 0, 0, 0, 0, 0, 0, 0], [0, 0, 0, 0, 0, 0, 0, 0, 1, 0, 0, 0, 0, 0, 0, 0, 0, 0, 0, 0, 0, 0], [0, 0, 0, 0, 0, 0, 0, 0, 0, 1, 0, 0, 0, 0, 0, 0, 0, 0, 0, 0, 0, 0], [0, 0, 0, 0, 0, 0, 0, 0, 0, 0, 1, 0, 0, 0, 0, 0, 0, 0, 0, 0, 0, 0], [0, 0, 0, 0, 0, 0, 0, 0, 0, 0, 0, 1, 0, 0, 0, 0, 0, 0, 0, 0, 0, 0], [0, 0, 0, 0, 0, 0, 0, 0, 0, 0, 0, 0, 1, 0, 0, 0, 0, 0, 0, 0, 0, 0], [0, 0, 0, 0, 0, 0, 0, 0, 0, 0, 0, 0, 0, 1, 0, 0, 0, 0, 0, 0, 0, 0], [0, 0, 0, 0, 0, 0, 0, 0, 0, 0, 0, 0, 0, 0, 1, 0, 0, 0, 0, 0, 0, 0], [0, 0, 0, 0, 0, 0, 0, 0, 0, 0, 0, 0, 0, 0, 0, 1, 0, 0, 0, 0, 0, 0], [0, 0, 0, 0, 0, 0, 0, 0, 0, 0, 0, 0, 0, 0, 0, 0, 1, 0, 0, 0, 0, 0], [0, 0, 0, 0, 0, 0, 0, 0, 0, 0, 0, 0, 0, 0, 0, 0, 0, 1, 0, 0, 0, 0], [0, 0, 0, 0, 0, 0, 0, 0, 0, 0, 0, 0, 0, 0, 0, 0, 0, 0, 1, 0, 0, 0], [0, 0, 0, 0, 0, 0, 0, 0, 0, 0, 0, 0, 0, 0, 0, 0, 0, 0, 0, 1, 0, 0], [0, 0, 0, 0, 0, 0, 0, 0, 0, 0, 0, 0, 0, 0, 0, 0, 0, 0, 0, 0, 1, 0], [0, 0, 0, 0, 0, 0, 0, 0, 0, 0, 0, 0, 0, 0, 0, 0, 0, 0, 0, 0, 0, 1]]
[[0, -1, -1, 0, -1, -1, 0, 0, -1, -2, 1, -1, 1, -2, -1, -2, 0, -1, -1, 0, 0, 0], [1, 2, 1, 0, 1, 1, 0, 0, 1, 2, -1, 1, -1, 2, 1, 2, 0, 1, 1, 0, 0, 0], [-2, -1, 0, 0, -1, -1, 1, 1, -3, -4, 1, -2, 1, -2, -3, -3, 0, -1, -1, 0, -1, 0], [1, 0, 0, 1, 0, 0, 0, 0, 0, 0, 0, 0, 0, 0, 1, 0, 0, 1, 1, 1, 0, -1], [-2, -2, -2, 0, -1, -2, 1, 1, -4, -6, 2, -3, 2, -4, -3, -5, 0, -1, -1, 1, -1, -1], [-2, -1, -1, 0, -1, -1, 1, 1, -4, -5, 2, -3, 1, -2, -4, -4, 0, -1, -2, 0, -1, 0], [3, 1, 1, 0, 1, 2, -1, -2, 6, 7, -2, 4, -1, 2, 6, 5, 0, 1, 2, 0, 2, 0], [0, -1, -1, 0, -1, -1, 0, 1, -1, -2, 1, -1, 1, -2, 0, -2, 0, 0, 0, 1, 0, -1], [1, 0, 0, 0, 0, 0, 0, 0, 1, 0, 0, 0, 0, 0, 1, 0, 0, 1, 1, 1, 0, -1], [0, -1, -1, 0, -1, -1, 0, 0, -1, -1, 1, -1, 1, -2, 0, -2, 0, 0, 0, 1, 0, -1], [1, 0, 0, 0, 0, 0, 0, 0, 0, 0, 1, 0, 0, 0, 1, 0, 0, 1, 1, 1, 0, -1], [2, 1, 1, 0, 1, 1, -1, -1, 3, 4, -1, 3, -1, 2, 3, 3, 0, 1, 1, 0, 1, 0], [1, 0, 0, 0, 0, -1, 0, 0, -1, -1, 1, -1, 1, 0, 0, -1, 0, 1, 0, 1, 0, -1], [1, 1, 1, 0, 1, 2, -1, -1, 4, 5, -2, 3, -1, 3, 3, 4, 0, 0, 1, -1, 1, 1], [-1, 1, 1, 0, 1, 2, 0, 0, 2, 3, -2, 2, -1, 2, 1, 3, 0, -1, 0, -2, 0, 2], [1, 0, 0, 0, 0, -1, 0, 0, -1, -1, 1, -1, 0, 0, 0, 0, 0, 1, 0, 1, 0, -1], [-1, 0, 0, 0, 0, 0, 0, 0, 0, 0, 0, 0, 0, 0, -1, 0, 1, -1, -1, -1, 0, 1], [0, 0, 0, 0, 0, 0, 0, 0, 0, 0, 0, 0, 0, 0, 0, 0, 0, 1, 0, 0, 0, 0], [0, 0, 0, 0, 0, -1, 0, 0, -1, -1, 1, -1, 0, 0, -1, -1, 0, 0, 0, 0, 0, 0], [0, 0, 0, 0, 0, 0, 1, 1, -2, -2, 0, -1, 0, 0, -1, -1, 0, 1, 1, 2, -1, -1], [-1, 0, 0, 0, 0, 0, 1, 1, -2, -2, 0, -1, 0, 0, -2, -1, 0, 0, 0, 0, 0, 0], [0, 0, 0, 0, 0, 0, 1, 1, -2, -2, 0, -1, 0, 0, -1, -1, 0, 1, 1, 1, -1, 0]]
[[1, 0, 0, 0, 0, 0, 0, 0, 0, 0, 0, 0, 0, 0, 0, 0, 0, 0, 0, 0, 0, 0], [0, 1, 0, 0, 0, 0, 0, 0, 0, 0, 0, 0, 0, 0, 0, 0, 0, 0, 0, 0, 0, 0], [0, 0, 1, 0, 0, 0, 0, 0, 0, 0, 0, 0, 0, 0, 0, 0, 0, 0, 0, 0, 0, 0], [0, 0, 0, 1, 0, 0, 0, 0, 0, 0, 0, 0, 0, 0, 0, 0, 0, 0, 0, 0, 0, 0], [0, 0, 0, 0, 1, 0, 0, 0, 0, 0, 0, 0, 0, 0, 0, 0, 0, 0, 0, 0, 0, 0], [0, 0, 0, 0, 0, 1, 0, 0, 0, 0, 0, 0, 0, 0, 0, 0, 0, 0, 0, 0, 0, 0], [0, 0, 0, 0, 0, 0, 1, 0, 0, 0, 0, 0, 0, 0, 0, 0, 0, 0, 0, 0, 0, 0], [0, 0, 0, 0, 0, 0, 0, 1, 0, 0, 0, 0, 0, 0, 0, 0, 0, 0, 0, 0, 0, 0], [0, 0, 0, 0, 0, 0, 0, 0, 1, 0, 0, 0, 0, 0, 0, 0, 0, 0, 0, 0, 0, 0], [0, 0, 0, 0, 0, 0, 0, 0, 0, 1, 0, 0, 0, 0, 0, 0, 0, 0, 0, 0, 0, 0], [0, 0, 0, 0, 0, 0, 0, 0, 0, 0, 1, 0, 0, 0, 0, 0, 0, 0, 0, 0, 0, 0], [0, 0, 0, 0, 0, 0, 0, 0, 0, 0, 0, 1, 0, 0, 0, 0, 0, 0, 0, 0, 0, 0], [0, 0, 0, 0, 0, 0, 0, 0, 0, 0, 0, 0, 1, 0, 0, 0, 0, 0, 0, 0, 0, 0], [0, 0, 0, 0, 0, 0, 0, 0, 0, 0, 0, 0, 0, 1, 0, 0, 0, 0, 0, 0, 0, 0], [0, 0, 0, 0, 0, 0, 0, 0, 0, 0, 0, 0, 0, 0, 1, 0, 0, 0, 0, 0, 0, 0], [0, 0, 0, 0, 0, 0, 0, 0, 0, 0, 0, 0, 0, 0, 0, 1, 0, 0, 0, 0, 0, 0], [0, 0, 0, 0, 0, 0, 0, 0, 0, 0, 0, 0, 0, 0, 0, 0, 1, 0, 0, 0, 0, 0], [0, 0, 0, 0, 0, 0, 0, 0, 0, 0, 0, 0, 0, 0, 0, 0, 0, 1, 0, 0, 0, 0], [0, 0, 0, 0, 0, 0, 0, 0, 0, 0, 0, 0, 0, 0, 0, 0, 0, 0, 1, 0, 0, 0], [0, 0, 0, 0, 0, 0, 0, 0, 0, 0, 0, 0, 0, 0, 0, 0, 0, 0, 0, 1, 0, 0], [0, 0, 0, 0, 0, 0, 0, 0, 0, 0, 0, 0, 0, 0, 0, 0, 0, 0, 0, 0, 1, 0], [0, 0, 0, 0, 0, 0, 0, 0, 0, 0, 0, 0, 0, 0, 0, 0, 0, 0, 0, 0, 0, 1]]
[[1, 0, 0, 0, 0, 0, 0, 0, 0, 0, 0, 0, 0, 0, 0, 0, 0, 0, 0, 0, 0, 0], [0, 1, 0, 0, 0, 0, 0, 0, 0, 0, 0, 0, 0, 0, 0, 0, 0, 0, 0, 0, 0, 0], [0, 0, 1, 0, 0, 0, 0, 0, 0, 0, 0, 0, 0, 0, 0, 0, 0, 0, 0, 0, 0, 0], [0, 0, 0, 1, 0, 0, 0, 0, 0, 0, 0, 0, 0, 0, 0, 0, 0, 0, 0, 0, 0, 0], [0, 0, 0, 0, 1, 0, 0, 0, 0, 0, 0, 0, 0, 0, 0, 0, 0, 0, 0, 0, 0, 0], [0, 0, 0, 0, 0, 1, 0, 0, 0, 0, 0, 0, 0, 0, 0, 0, 0, 0, 0, 0, 0, 0], [0, 0, 0, 0, 0, 0, 1, 0, 0, 0, 0, 0, 0, 0, 0, 0, 0, 0, 0, 0, 0, 0], [0, 0, 0, 0, 0, 0, 0, 1, 0, 0, 0, 0, 0, 0, 0, 0, 0, 0, 0, 0, 0, 0], [0, 0, 0, 0, 0, 0, 0, 0, 1, 0, 0, 0, 0, 0, 0, 0, 0, 0, 0, 0, 0, 0], [0, 0, 0, 0, 0, 0, 0, 0, 0, 1, 0, 0, 0, 0, 0, 0, 0, 0, 0, 0, 0, 0], [0, 0, 0, 0, 0, 0, 0, 0, 0, 0, 1, 0, 0, 0, 0, 0, 0, 0, 0, 0, 0, 0], [0, 0, 0, 0, 0, 0, 0, 0, 0, 0, 0, 1, 0, 0, 0, 0, 0, 0, 0, 0, 0, 0], [0, 0, 0, 0, 0, 0, 0, 0, 0, 0, 0, 0, 1, 0, 0, 0, 0, 0, 0, 0, 0, 0], [0, 0, 0, 0, 0, 0, 0, 0, 0, 0, 0, 0, 0, 1, 0, 0, 0, 0, 0, 0, 0, 0], [0, 0, 0, 0, 0, 0, 0, 0, 0, 0, 0, 0, 0, 0, 1, 0, 0, 0, 0, 0, 0, 0], [0, 0, 0, 0, 0, 0, 0, 0, 0, 0, 0, 0, 0, 0, 0, 1, 0, 0, 0, 0, 0, 0], [0, 0, 0, 0, 0, 0, 0, 0, 0, 0, 0, 0, 0, 0, 0, 0, 1, 0, 0, 0, 0, 0], [0, 0, 0, 0, 0, 0, 0, 0, 0, 0, 0, 0, 0, 0, 0, 0, 0, 1, 0, 0, 0, 0], [0, 0, 0, 0, 0, 0, 0, 0, 0, 0, 0, 0, 0, 0, 0, 0, 0, 0, 1, 0, 0, 0], [0, 0, 0, 0, 0, 0, 0, 0, 0, 0, 0, 0, 0, 0, 0, 0, 0, 0, 0, 1, 0, 0], [0, 0, 0, 0, 0, 0, 0, 0, 0, 0, 0, 0, 0, 0, 0, 0, 0, 0, 0, 0, 1, 0], [0, 0, 0, 0, 0, 0, 0, 0, 0, 0, 0, 0, 0, 0, 0, 0, 0, 0, 0, 0, 0, 1]]
[[1, 0, -1, -1, -3, 0, 0, 0, 0, 0, 1, -3, 1, -2, -2, -2, 1, -3, -3, -3, 1, 0], [0, 1, 1, 1, 3, 0, 0, 0, 0, 0, -1, 3, -1, 2, 2, 2, -1, 3, 3, 3, -1, 0], [0, 0, 2, 1, 2, 0, 0, 1, -1, -1, 0, 2, 0, 2, 1, 1, 0, 2, 2, 2, -1, 0], [0, 0, -2, -1, -5, 0, 0, -1, 1, 1, 1, -5, 1, -4, -3, -3, 1, -5, -5, -5, 2, 0], [-1, -1, 0, 0, -1, -1, 0, 1, -2, -2, 2, -1, 2, -2, -2, -3, 2, -2, -2, -1, 0, 0], [-1, -1, 1, 1, 1, 0, 0, 1, -2, -2, 1, 2, 1, 0, 0, -1, 1, 1, 1, 2, -1, 0], [1, 1, -2, -2, -4, 1, 1, -1, 2, 2, 0, -5, 0, -2, -2, -1, 0, -4, -4, -5, 2, 0], [0, 0, -1, -1, -2, 0, 0, 0, 1, 1, 0, -2, 0, -2, -1, -1, 0, -2, -2, -2, 1, 0], [0, 0, -1, -1, -3, 0, 0, 0, 0, 0, 2, -3, 1, -2, -2, -2, 1, -3, -4, -3, 1, 0], [0, 0, -1, -1, -3, 0, 0, 0, 0, 1, 1, -3, 1, -2, -2, -2, 1, -3, -3, -3, 1, 0], [0, 0, -1, -1, -3, 0, 0, 0, 0, 0, 2, -3, 1, -2, -2, -2, 1, -3, -3, -3, 1, 0], [1, 1, -1, -1, -1, 1, 0, -1, 2, 2, -1, -1, -1, 0, 0, 1, -1, -1, -1, -2, 1, 0], [0, 0, -1, -1, -3, 0, 0, 0, -1, 0, 2, -3, 2, -2, -2, -2, 1, -3, -4, -3, 1, 0], [0, 0, 0, 0, 1, 0, 0, -1, 1, 1, -1, 1, -1, 1, 1, 1, -1, 1, 1, 1, 0, 0], [0, 0, 2, 2, 6, 0, 0, 0, 1, 0, -3, 6, -2, 4, 5, 4, -2, 6, 7, 6, -2, 0], [0, 0, -1, -1, -3, 0, 0, 0, 0, 0, 1, -3, 1, -2, -2, -1, 1, -3, -3, -3, 1, 0], [0, 0, 1, 1, 3, 0, 0, 0, 0, 0, -1, 3, -1, 2, 2, 2, 0, 3, 3, 3, -1, 0], [0, 0, 0, 0, 0, 0, 0, 0, 0, 0, 0, 0, 0, 0, 0, 0, 0, 1, 0, 0, 0, 0], [0, 0, 0, 0, 0, 0, 0, 0, -1, 0, 1, 0, 0, 0, 0, 0, 0, 0, 0, 0, 0, 0], [0, 0, 0, 0, -1, 0, 0, 1, -1, -1, 1, -1, 1, 0, -1, -1, 1, -1, -1, 0, 0, 0], [0, 0, 1, 1, 2, 0, 0, 1, -1, -1, 0, 2, 0, 2, 1, 1, 0, 2, 2, 2, 0, 0], [0, 0, 0, 0, 0, 0, 0, 0, 0, 0, 0, 0, 0, 0, 0, 0, 0, 0, 0, 0, 0, 1]]
[[1, 0, 0, 0, 0, 0, 0, 0, 0, 0, 0, 0, 0, 0, 0, 0, 0, 0, 0, 0, 0, 0], [0, 1, 0, 0, 0, 0, 0, 0, 0, 0, 0, 0, 0, 0, 0, 0, 0, 0, 0, 0, 0, 0], [0, 0, 1, 0, 0, 0, 0, 0, 0, 0, 0, 0, 0, 0, 0, 0, 0, 0, 0, 0, 0, 0], [0, 0, 0, 1, 0, 0, 0, 0, 0, 0, 0, 0, 0, 0, 0, 0, 0, 0, 0, 0, 0, 0], [0, 0, 0, 0, 1, 0, 0, 0, 0, 0, 0, 0, 0, 0, 0, 0, 0, 0, 0, 0, 0, 0], [0, 0, 0, 0, 0, 1, 0, 0, 0, 0, 0, 0, 0, 0, 0, 0, 0, 0, 0, 0, 0, 0], [0, 0, 0, 0, 0, 0, 1, 0, 0, 0, 0, 0, 0, 0, 0, 0, 0, 0, 0, 0, 0, 0], [0, 0, 0, 0, 0, 0, 0, 1, 0, 0, 0, 0, 0, 0, 0, 0, 0, 0, 0, 0, 0, 0], [0, 0, 0, 0, 0, 0, 0, 0, 1, 0, 0, 0, 0, 0, 0, 0, 0, 0, 0, 0, 0, 0], [0, 0, 0, 0, 0, 0, 0, 0, 0, 1, 0, 0, 0, 0, 0, 0, 0, 0, 0, 0, 0, 0], [0, 0, 0, 0, 0, 0, 0, 0, 0, 0, 1, 0, 0, 0, 0, 0, 0, 0, 0, 0, 0, 0], [0, 0, 0, 0, 0, 0, 0, 0, 0, 0, 0, 1, 0, 0, 0, 0, 0, 0, 0, 0, 0, 0], [0, 0, 0, 0, 0, 0, 0, 0, 0, 0, 0, 0, 1, 0, 0, 0, 0, 0, 0, 0, 0, 0], [0, 0, 0, 0, 0, 0, 0, 0, 0, 0, 0, 0, 0, 1, 0, 0, 0, 0, 0, 0, 0, 0], [0, 0, 0, 0, 0, 0, 0, 0, 0, 0, 0, 0, 0, 0, 1, 0, 0, 0, 0, 0, 0, 0], [0, 0, 0, 0, 0, 0, 0, 0, 0, 0, 0, 0, 0, 0, 0, 1, 0, 0, 0, 0, 0, 0], [0, 0, 0, 0, 0, 0, 0, 0, 0, 0, 0, 0, 0, 0, 0, 0, 1, 0, 0, 0, 0, 0], [0, 0, 0, 0, 0, 0, 0, 0, 0, 0, 0, 0, 0, 0, 0, 0, 0, 1, 0, 0, 0, 0], [0, 0, 0, 0, 0, 0, 0, 0, 0, 0, 0, 0, 0, 0, 0, 0, 0, 0, 1, 0, 0, 0], [0, 0, 0, 0, 0, 0, 0, 0, 0, 0, 0, 0, 0, 0, 0, 0, 0, 0, 0, 1, 0, 0], [0, 0, 0, 0, 0, 0, 0, 0, 0, 0, 0, 0, 0, 0, 0, 0, 0, 0, 0, 0, 1, 0], [0, 0, 0, 0, 0, 0, 0, 0, 0, 0, 0, 0, 0, 0, 0, 0, 0, 0, 0, 0, 0, 1]]
[[0, 1, 1, 1, 0, 0, 0, 0, 1, 1, -1, 0, -1, 0, 0, 1, -1, 0, 0, -1, 1, 0], [1, 0, -1, -1, 0, 0, 0, 0, -1, -1, 1, 0, 1, 0, 0, -1, 1, 0, 0, 1, -1, 0], [0, 0, 1, 0, 0, -1, 0, 0, -1, -1, 1, -1, 1, 0, -1, -1, 1, -1, -1, 0, 0, 0], [0, 0, 0, 1, 0, 1, 0, 0, 1, 1, -1, 1, -1, 0, 1, 1, -1, 1, 1, 0, 0, 0], [0, 0, 0, 0, 0, -1, -1, -1, 1, 1, 1, -1, 1, 0, -1, 0, 1, -3, -3, -3, 2, 1], [0, 0, 0, 0, 0, -1, 0, 0, -2, -2, 2, -2, 2, 0, -2, -2, 2, -2, -2, 0, 0, 0], [0, 0, 0, 0, -1, 3, 0, -1, 5, 5, -3, 3, -3, 0, 3, 4, -3, 1, 1, -3, 2, 1], [0, 0, 0, 0, -1, 0, -1, 0, 2, 2, 0, 0, 0, 0, 0, 1, 0, -2, -2, -3, 2, 1], [0, 0, 0, 0, 0, 1, 0, 0, 2, 1, -1, 1, -1, 0, 1, 1, -1, 1, 1, 0, 0, 0], [0, 0, 0, 0, 0, 1, 0, 0, 1, 1, 0, 1, -1, 0, 1, 1, -1, 0, 1, 0, 0, 0], [0, 0, 0, 0, 1, 1, 1, 1, -1, -1, 0, 1, -1, 0, 1, 0, -1, 3, 3, 3, -2, -1], [0, 0, 0, 0, 0, 0, 0, 0, 0, 0, 0, 1, 0, 0, 0, 0, 0, 0, 0, 0, 0, 0], [0, 0, 0, 0, 1, 1, 1, 1, -1, -2, 0, 1, 0, 0, 1, 0, -1, 2, 3, 3, -2, -1], [0, 0, 0, 0, 0, 1, 0, 0, 1, 1, -1, 1, -1, 1, 1, 1, -1, 1, 1, 0, 0, 0], [0, 0, 0, 0, -1, -1, -1, -1, 1, 2, 0, -1, 1, 0, 0, 0, 1, -2, -3, -3, 2, 1], [0, 0, 0, 0, 1, 1, 1, 1, -1, -1, -1, 1, -1, 0, 1, 1, -1, 3, 3, 3, -2, -1], [0, 0, 0, 0, 0, 0, 0, 0, 0, 0, 0, 0, 0, 0, 0, 0, 1, 0, 0, 0, 0, 0], [0, 0, 0, 0, 1, 0, 1, 1, -2, -3, 1, 0, 0, 0, 0, -1, 0, 2, 2, 3, -2, -1], [0, 0, 0, 0, 1, 0, 1, 1, -2, -2, 0, 0, 0, 0, 0, -1, 0, 2, 3, 3, -2, -1], [0, 0, 0, 0, 0, 1, 0, 0, 1, 1, -1, 1, -1, 0, 1, 1, -1, 1, 1, 1, 0, 0], [0, 0, 0, 0, 1, 0, 1, 1, -2, -2, 0, 0, 0, 0, 0, -1, 0, 2, 2, 3, -1, -1], [0, 0, 0, 0, 0, 0, 0, 0, 0, 0, 0, 0, 0, 0, 0, 0, 0, 0, 0, 0, 0, 1]]
[[1, 0, 0, 0, 0, 0, 0, 0, 0, 0, 0, 0, 0, 0, 0, 0, 0, 0, 0, 0, 0, 0], [0, 1, 0, 0, 0, 0, 0, 0, 0, 0, 0, 0, 0, 0, 0, 0, 0, 0, 0, 0, 0, 0], [0, 0, 1, 0, 0, 0, 0, 0, 0, 0, 0, 0, 0, 0, 0, 0, 0, 0, 0, 0, 0, 0], [0, 0, 0, 1, 0, 0, 0, 0, 0, 0, 0, 0, 0, 0, 0, 0, 0, 0, 0, 0, 0, 0], [0, 0, 0, 0, 1, 0, 0, 0, 0, 0, 0, 0, 0, 0, 0, 0, 0, 0, 0, 0, 0, 0], [0, 0, 0, 0, 0, 1, 0, 0, 0, 0, 0, 0, 0, 0, 0, 0, 0, 0, 0, 0, 0, 0], [0, 0, 0, 0, 0, 0, 1, 0, 0, 0, 0, 0, 0, 0, 0, 0, 0, 0, 0, 0, 0, 0], [0, 0, 0, 0, 0, 0, 0, 1, 0, 0, 0, 0, 0, 0, 0, 0, 0, 0, 0, 0, 0, 0], [0, 0, 0, 0, 0, 0, 0, 0, 1, 0, 0, 0, 0, 0, 0, 0, 0, 0, 0, 0, 0, 0], [0, 0, 0, 0, 0, 0, 0, 0, 0, 1, 0, 0, 0, 0, 0, 0, 0, 0, 0, 0, 0, 0], [0, 0, 0, 0, 0, 0, 0, 0, 0, 0, 1, 0, 0, 0, 0, 0, 0, 0, 0, 0, 0, 0], [0, 0, 0, 0, 0, 0, 0, 0, 0, 0, 0, 1, 0, 0, 0, 0, 0, 0, 0, 0, 0, 0], [0, 0, 0, 0, 0, 0, 0, 0, 0, 0, 0, 0, 1, 0, 0, 0, 0, 0, 0, 0, 0, 0], [0, 0, 0, 0, 0, 0, 0, 0, 0, 0, 0, 0, 0, 1, 0, 0, 0, 0, 0, 0, 0, 0], [0, 0, 0, 0, 0, 0, 0, 0, 0, 0, 0, 0, 0, 0, 1, 0, 0, 0, 0, 0, 0, 0], [0, 0, 0, 0, 0, 0, 0, 0, 0, 0, 0, 0, 0, 0, 0, 1, 0, 0, 0, 0, 0, 0], [0, 0, 0, 0, 0, 0, 0, 0, 0, 0, 0, 0, 0, 0, 0, 0, 1, 0, 0, 0, 0, 0], [0, 0, 0, 0, 0, 0, 0, 0, 0, 0, 0, 0, 0, 0, 0, 0, 0, 1, 0, 0, 0, 0], [0, 0, 0, 0, 0, 0, 0, 0, 0, 0, 0, 0, 0, 0, 0, 0, 0, 0, 1, 0, 0, 0], [0, 0, 0, 0, 0, 0, 0, 0, 0, 0, 0, 0, 0, 0, 0, 0, 0, 0, 0, 1, 0, 0], [0, 0, 0, 0, 0, 0, 0, 0, 0, 0, 0, 0, 0, 0, 0, 0, 0, 0, 0, 0, 1, 0], [0, 0, 0, 0, 0, 0, 0, 0, 0, 0, 0, 0, 0, 0, 0, 0, 0, 0, 0, 0, 0, 1]]

#################
# GALOIS GROUPS #
#################


Generators of the monodromy group on the generic Picard lattice:
[[-1, 2, 4, 0, 0, 2, 2, -2, 0, 0, 2, -2, 4, 0, 2], [8, -11, -9, -3, -1, -6, -6, 2, 2, -5, 1, -4, -7, -6, -3], [-4, 6, 7, 2, -1, 3, 4, -3, 0, 2, 2, 0, 6, 2, 3], [0, 0, 1, 0, 2, 1, 0, -1, 0, 1, 1, 0, 1, 0, 0], [4, -5, -5, -1, 1, -3, -3, 1, 1, -1, 0, 0, -4, -2, -2], [-8, 10, 11, 3, -2, 6, 6, -3, -2, 3, 1, 0, 9, 4, 4], [-8, 11, 10, 2, 3, 7, 6, -3, -3, 6, -1, 4, 7, 6, 3], [-4, 5, 6, 2, -1, 3, 3, -2, -1, 2, 1, 0, 5, 2, 3], [-4, 5, 6, 2, -2, 2, 3, -2, 0, 2, 1, 0, 5, 2, 2], [-4, 5, 5, 1, 0, 3, 3, -1, -1, 2, 0, 0, 4, 2, 2], [-4, 4, 5, 2, -2, 2, 2, -1, -1, 1, 0, 0, 3, 1, 2], [0, 0, -1, 0, 0, 0, 0, 1, -1, -1, -1, 1, -1, 1, 0], [8, -10, -12, -3, 2, -5, -6, 4, 1, -4, -2, 0, -9, -3, -4], [-4, 5, 6, 2, -2, 2, 3, -2, 1, 2, 1, 0, 5, 1, 2], [0, 0, 0, 0, -1, -1, 0, 1, 0, 0, 0, 0, 0, 0, 0]]
[[1, 0, 0, 0, 0, 0, 0, 0, 0, 0, 0, 0, 0, 0, 0], [0, 1, 0, 0, 0, 0, 0, 0, 0, 0, 0, 0, 0, 0, 0], [0, 0, 1, 0, 0, 0, 0, 0, 0, 0, 0, 0, 0, 0, 0], [0, 0, 0, 1, 0, 0, 0, 0, 0, 0, 0, 0, 0, 0, 0], [0, 0, 0, 0, 1, 0, 0, 0, 0, 0, 0, 0, 0, 0, 0], [0, 0, 0, 0, 0, 1, 0, 0, 0, 0, 0, 0, 0, 0, 0], [0, 0, 0, 0, 0, 0, 1, 0, 0, 0, 0, 0, 0, 0, 0], [0, 0, 0, 0, 0, 0, 0, 1, 0, 0, 0, 0, 0, 0, 0], [0, 0, 0, 0, 0, 0, 0, 0, 1, 0, 0, 0, 0, 0, 0], [0, 0, 0, 0, 0, 0, 0, 0, 0, 1, 0, 0, 0, 0, 0], [0, 0, 0, 0, 0, 0, 0, 0, 0, 0, 1, 0, 0, 0, 0], [0, 0, 0, 0, 0, 0, 0, 0, 0, 0, 0, 1, 0, 0, 0], [0, 0, 0, 0, 0, 0, 0, 0, 0, 0, 0, 0, 1, 0, 0], [0, 0, 0, 0, 0, 0, 0, 0, 0, 0, 0, 0, 0, 1, 0], [0, 0, 0, 0, 0, 0, 0, 0, 0, 0, 0, 0, 0, 0, 1]]
[[1, 0, 0, 0, 0, 0, 0, 0, 0, 0, 0, 0, 0, 0, 0], [0, 1, 0, 0, 0, 0, 0, 0, 0, 0, 0, 0, 0, 0, 0], [0, 0, 1, 0, 0, 0, 0, 0, 0, 0, 0, 0, 0, 0, 0], [0, 0, 0, 1, 0, 0, 0, 0, 0, 0, 0, 0, 0, 0, 0], [0, 0, 0, 0, 1, 0, 0, 0, 0, 0, 0, 0, 0, 0, 0], [0, 0, 0, 0, 0, 1, 0, 0, 0, 0, 0, 0, 0, 0, 0], [0, 0, 0, 0, 0, 0, 1, 0, 0, 0, 0, 0, 0, 0, 0], [0, 0, 0, 0, 0, 0, 0, 1, 0, 0, 0, 0, 0, 0, 0], [0, 0, 0, 0, 0, 0, 0, 0, 1, 0, 0, 0, 0, 0, 0], [0, 0, 0, 0, 0, 0, 0, 0, 0, 1, 0, 0, 0, 0, 0], [0, 0, 0, 0, 0, 0, 0, 0, 0, 0, 1, 0, 0, 0, 0], [0, 0, 0, 0, 0, 0, 0, 0, 0, 0, 0, 1, 0, 0, 0], [0, 0, 0, 0, 0, 0, 0, 0, 0, 0, 0, 0, 1, 0, 0], [0, 0, 0, 0, 0, 0, 0, 0, 0, 0, 0, 0, 0, 1, 0], [0, 0, 0, 0, 0, 0, 0, 0, 0, 0, 0, 0, 0, 0, 1]]
[[4, -5, -4, -2, -3, -4, -2, -1, 3, -3, 2, -4, -3, -5, -1], [-3, 4, 3, 1, 1, 2, 3, 1, -1, 2, -1, 2, 3, 3, 2], [-1, 1, 1, 0, -1, 0, 0, -3, 1, 1, 0, 0, -1, -1, -1], [-2, 2, 1, 0, -1, 0, 2, 0, 1, 1, 0, 0, 1, 0, 0], [-6, 7, 5, 1, 2, 4, 4, 1, -3, 4, -3, 4, 3, 5, 1], [12, -16, -11, -3, -6, -9, -9, -2, 6, -9, 5, -10, -8, -12, -3], [4, -5, -4, -2, -3, -4, -2, -1, 3, -3, 2, -4, -3, -5, -2], [2, -3, -2, 0, -2, -2, -2, -2, 2, -1, 1, -2, -2, -3, -1], [5, -7, -5, -1, -3, -4, -5, -1, 2, -4, 1, -4, -5, -5, -2], [5, -6, -5, -1, -2, -4, -4, 0, 2, -2, 1, -2, -4, -4, -2], [5, -6, -4, 0, -3, -4, -4, -2, 3, -2, 2, -2, -3, -4, -2], [-4, 5, 5, 1, 2, 4, 3, -1, -2, 2, 0, 1, 4, 3, 2], [-9, 11, 8, 2, 6, 8, 7, 3, -6, 5, -3, 6, 7, 9, 4], [10, -12, -10, -2, -4, -8, -8, 0, 4, -6, 2, -4, -8, -7, -4], [1, 0, 0, 0, 0, 0, -1, 0, 0, 0, 0, 0, 0, 0, 0]]
[[1, 0, 0, 0, 0, 0, 0, 0, 0, 0, 0, 0, 0, 0, 0], [0, 1, 0, 0, 0, 0, 0, 0, 0, 0, 0, 0, 0, 0, 0], [0, 0, 1, 0, 0, 0, 0, 0, 0, 0, 0, 0, 0, 0, 0], [0, 0, 0, 1, 0, 0, 0, 0, 0, 0, 0, 0, 0, 0, 0], [0, 0, 0, 0, 1, 0, 0, 0, 0, 0, 0, 0, 0, 0, 0], [0, 0, 0, 0, 0, 1, 0, 0, 0, 0, 0, 0, 0, 0, 0], [0, 0, 0, 0, 0, 0, 1, 0, 0, 0, 0, 0, 0, 0, 0], [0, 0, 0, 0, 0, 0, 0, 1, 0, 0, 0, 0, 0, 0, 0], [0, 0, 0, 0, 0, 0, 0, 0, 1, 0, 0, 0, 0, 0, 0], [0, 0, 0, 0, 0, 0, 0, 0, 0, 1, 0, 0, 0, 0, 0], [0, 0, 0, 0, 0, 0, 0, 0, 0, 0, 1, 0, 0, 0, 0], [0, 0, 0, 0, 0, 0, 0, 0, 0, 0, 0, 1, 0, 0, 0], [0, 0, 0, 0, 0, 0, 0, 0, 0, 0, 0, 0, 1, 0, 0], [0, 0, 0, 0, 0, 0, 0, 0, 0, 0, 0, 0, 0, 1, 0], [0, 0, 0, 0, 0, 0, 0, 0, 0, 0, 0, 0, 0, 0, 1]]
[[-2, 2, 3, 1, 0, 2, 2, 0, 0, 1, 1, -1, 4, 1, 1], [-3, 3, 2, 1, 1, 3, 2, 0, -1, 0, 0, -1, 3, 2, 2], [-2, 2, 3, 1, 0, 1, 1, 0, 0, 2, 0, 1, 2, 1, 0], [-5, 4, 4, 3, 1, 4, 3, 0, -1, 2, 0, 0, 5, 3, 2], [-6, 6, 4, 3, 3, 5, 3, 0, -2, 4, -2, 3, 4, 5, 2], [6, -6, -3, -3, -3, -5, -3, 0, 3, -3, 3, -3, -3, -6, -3], [-2, 2, 2, 1, 0, 1, 2, 0, 0, 2, 0, 1, 2, 1, 0], [2, -2, -1, -1, -1, -2, -1, 1, 1, -1, 1, -1, -1, -2, -1], [4, -4, -2, -2, -2, -4, -2, 0, 3, -2, 2, -2, -2, -4, -2], [2, -2, -1, -1, -1, -2, -1, 0, 1, 0, 1, -1, -1, -2, -1], [1, 0, 0, 0, -1, -2, -1, 0, 1, 2, 1, 2, -1, -1, -2], [2, -2, -2, -1, 0, -1, -1, 0, 0, -2, 0, 0, -2, -1, 0], [0, 0, -2, 0, 2, 2, 0, 0, -2, -2, -2, 0, -1, 2, 2], [3, -2, -1, -1, -2, -4, -2, 0, 2, 1, 1, 1, -2, -2, -3], [2, -2, -1, -1, -1, -2, -1, 0, 1, -1, 1, -1, -1, -2, 0]]
[[1, 0, 0, 0, 0, 0, 0, 0, 0, 0, 0, 0, 0, 0, 0], [0, 1, 0, 0, 0, 0, 0, 0, 0, 0, 0, 0, 0, 0, 0], [0, 0, 1, 0, 0, 0, 0, 0, 0, 0, 0, 0, 0, 0, 0], [0, 0, 0, 1, 0, 0, 0, 0, 0, 0, 0, 0, 0, 0, 0], [0, 0, 0, 0, 1, 0, 0, 0, 0, 0, 0, 0, 0, 0, 0], [0, 0, 0, 0, 0, 1, 0, 0, 0, 0, 0, 0, 0, 0, 0], [0, 0, 0, 0, 0, 0, 1, 0, 0, 0, 0, 0, 0, 0, 0], [0, 0, 0, 0, 0, 0, 0, 1, 0, 0, 0, 0, 0, 0, 0], [0, 0, 0, 0, 0, 0, 0, 0, 1, 0, 0, 0, 0, 0, 0], [0, 0, 0, 0, 0, 0, 0, 0, 0, 1, 0, 0, 0, 0, 0], [0, 0, 0, 0, 0, 0, 0, 0, 0, 0, 1, 0, 0, 0, 0], [0, 0, 0, 0, 0, 0, 0, 0, 0, 0, 0, 1, 0, 0, 0], [0, 0, 0, 0, 0, 0, 0, 0, 0, 0, 0, 0, 1, 0, 0], [0, 0, 0, 0, 0, 0, 0, 0, 0, 0, 0, 0, 0, 1, 0], [0, 0, 0, 0, 0, 0, 0, 0, 0, 0, 0, 0, 0, 0, 1]]
[[1, 0, 0, 0, 0, 0, 0, 0, 0, 0, 0, 0, 0, 0, 0], [0, 1, 0, 0, 0, 0, 0, 0, 0, 0, 0, 0, 0, 0, 0], [0, 0, 1, 0, 0, 0, 0, 0, 0, 0, 0, 0, 0, 0, 0], [0, 0, 0, 1, 0, 0, 0, 0, 0, 0, 0, 0, 0, 0, 0], [0, 0, 0, 0, 1, 0, 0, 0, 0, 0, 0, 0, 0, 0, 0], [0, 0, 0, 0, 0, 1, 0, 0, 0, 0, 0, 0, 0, 0, 0], [0, 0, 0, 0, 0, 0, 1, 0, 0, 0, 0, 0, 0, 0, 0], [0, 0, 0, 0, 0, 0, 0, 1, 0, 0, 0, 0, 0, 0, 0], [0, 0, 0, 0, 0, 0, 0, 0, 1, 0, 0, 0, 0, 0, 0], [0, 0, 0, 0, 0, 0, 0, 0, 0, 1, 0, 0, 0, 0, 0], [0, 0, 0, 0, 0, 0, 0, 0, 0, 0, 1, 0, 0, 0, 0], [0, 0, 0, 0, 0, 0, 0, 0, 0, 0, 0, 1, 0, 0, 0], [0, 0, 0, 0, 0, 0, 0, 0, 0, 0, 0, 0, 1, 0, 0], [0, 0, 0, 0, 0, 0, 0, 0, 0, 0, 0, 0, 0, 1, 0], [0, 0, 0, 0, 0, 0, 0, 0, 0, 0, 0, 0, 0, 0, 1]]
[[1, 0, 0, 0, 0, 0, 0, 0, 0, 0, 0, 0, 0, 0, 0], [0, 1, 0, 0, 0, 0, 0, 0, 0, 0, 0, 0, 0, 0, 0], [0, 0, 1, 0, 0, 0, 0, 0, 0, 0, 0, 0, 0, 0, 0], [0, 0, 0, 1, 0, 0, 0, 0, 0, 0, 0, 0, 0, 0, 0], [0, 0, 0, 0, 1, 0, 0, 0, 0, 0, 0, 0, 0, 0, 0], [0, 0, 0, 0, 0, 1, 0, 0, 0, 0, 0, 0, 0, 0, 0], [0, 0, 0, 0, 0, 0, 1, 0, 0, 0, 0, 0, 0, 0, 0], [0, 0, 0, 0, 0, 0, 0, 1, 0, 0, 0, 0, 0, 0, 0], [0, 0, 0, 0, 0, 0, 0, 0, 1, 0, 0, 0, 0, 0, 0], [0, 0, 0, 0, 0, 0, 0, 0, 0, 1, 0, 0, 0, 0, 0], [0, 0, 0, 0, 0, 0, 0, 0, 0, 0, 1, 0, 0, 0, 0], [0, 0, 0, 0, 0, 0, 0, 0, 0, 0, 0, 1, 0, 0, 0], [0, 0, 0, 0, 0, 0, 0, 0, 0, 0, 0, 0, 1, 0, 0], [0, 0, 0, 0, 0, 0, 0, 0, 0, 0, 0, 0, 0, 1, 0], [0, 0, 0, 0, 0, 0, 0, 0, 0, 0, 0, 0, 0, 0, 1]]
[[2, -2, -1, 0, -1, -1, -1, 0, 0, -1, 0, -1, -1, -1, 0], [-1, 3, 1, 0, 1, 1, 1, 0, 0, 1, 0, 1, 1, 1, 0], [2, -4, -1, 0, -2, -2, -2, 0, 0, -2, 0, -2, -2, -2, 0], [-1, 2, 1, 1, 1, 1, 1, 0, 0, 1, 0, 1, 1, 1, 0], [-1, 2, 1, 0, 2, 1, 1, 0, 0, 1, 0, 1, 1, 1, 0], [4, -8, -4, 0, -4, -3, -4, 0, 0, -4, 0, -4, -4, -4, 0], [1, -2, -1, 0, -1, -1, 0, 0, 0, -1, 0, -1, -1, -1, 0], [3, -6, -3, 0, -3, -3, -3, 1, 0, -3, 0, -3, -3, -3, 0], [3, -6, -3, 0, -3, -3, -3, 0, 1, -3, 0, -3, -3, -3, 0], [1, -2, -1, 0, -1, -1, -1, 0, 0, 0, 0, -1, -1, -1, 0], [3, -6, -3, 0, -3, -3, -3, 0, 0, -3, 1, -3, -3, -3, 0], [0, 0, 0, 0, 0, 0, 0, 0, 0, 0, 0, 1, 0, 0, 0], [-4, 8, 4, 0, 4, 4, 4, 0, 0, 4, 0, 4, 5, 4, 0], [2, -4, -2, 0, -2, -2, -2, 0, 0, -2, 0, -2, -2, -1, 0], [0, 0, 0, 0, 0, 0, 0, 0, 0, 0, 0, 0, 0, 0, 1]]
[[1, 0, 0, 0, 0, 0, 0, 0, 0, 0, 0, 0, 0, 0, 0], [0, 1, 0, 0, 0, 0, 0, 0, 0, 0, 0, 0, 0, 0, 0], [0, 0, 1, 0, 0, 0, 0, 0, 0, 0, 0, 0, 0, 0, 0], [0, 0, 0, 1, 0, 0, 0, 0, 0, 0, 0, 0, 0, 0, 0], [0, 0, 0, 0, 1, 0, 0, 0, 0, 0, 0, 0, 0, 0, 0], [0, 0, 0, 0, 0, 1, 0, 0, 0, 0, 0, 0, 0, 0, 0], [0, 0, 0, 0, 0, 0, 1, 0, 0, 0, 0, 0, 0, 0, 0], [0, 0, 0, 0, 0, 0, 0, 1, 0, 0, 0, 0, 0, 0, 0], [0, 0, 0, 0, 0, 0, 0, 0, 1, 0, 0, 0, 0, 0, 0], [0, 0, 0, 0, 0, 0, 0, 0, 0, 1, 0, 0, 0, 0, 0], [0, 0, 0, 0, 0, 0, 0, 0, 0, 0, 1, 0, 0, 0, 0], [0, 0, 0, 0, 0, 0, 0, 0, 0, 0, 0, 1, 0, 0, 0], [0, 0, 0, 0, 0, 0, 0, 0, 0, 0, 0, 0, 1, 0, 0], [0, 0, 0, 0, 0, 0, 0, 0, 0, 0, 0, 0, 0, 1, 0], [0, 0, 0, 0, 0, 0, 0, 0, 0, 0, 0, 0, 0, 0, 1]]
[[6, -8, -5, -1, -2, -4, -3, 1, 3, -6, 3, -5, -1, -4, 0], [-5, 6, 4, 2, 2, 3, 3, -1, -1, 4, -1, 4, 2, 3, 0], [10, -13, -9, -3, -3, -6, -6, 2, 3, -9, 3, -8, -4, -7, 0], [2, -1, -1, 0, 0, -1, 0, 0, 2, -2, 2, -1, 1, -1, 0], [-4, 6, 4, 2, 2, 3, 2, -1, -1, 4, -1, 4, 2, 3, 0], [14, -19, -12, -5, -6, -10, -8, 3, 4, -13, 4, -12, -6, -10, 0], [6, -7, -5, -1, -3, -4, -3, 1, 3, -6, 3, -5, -1, -4, 0], [9, -12, -8, -3, -4, -6, -5, 1, 3, -9, 3, -8, -4, -7, 0], [10, -13, -9, -3, -4, -7, -6, 2, 3, -8, 2, -7, -5, -7, 0], [4, -5, -3, -1, -2, -3, -2, 0, 2, -3, 2, -3, -1, -3, 0], [10, -13, -9, -3, -4, -7, -6, 2, 2, -8, 3, -7, -5, -7, 0], [-3, 3, 2, 0, 1, 2, 1, 0, -2, 2, -2, 1, 0, 2, 0], [-19, 24, 17, 5, 7, 13, 11, -4, -6, 16, -6, 13, 8, 13, 0], [9, -11, -8, -2, -3, -6, -5, 2, 2, -6, 2, -4, -4, -5, 0], [0, 0, 0, 0, 0, 0, 0, 0, 0, 0, 0, 0, 0, 0, 1]]
[[1, 0, 0, 0, 0, 0, 0, 0, 0, 0, 0, 0, 0, 0, 0], [0, 1, 0, 0, 0, 0, 0, 0, 0, 0, 0, 0, 0, 0, 0], [0, 0, 1, 0, 0, 0, 0, 0, 0, 0, 0, 0, 0, 0, 0], [0, 0, 0, 1, 0, 0, 0, 0, 0, 0, 0, 0, 0, 0, 0], [0, 0, 0, 0, 1, 0, 0, 0, 0, 0, 0, 0, 0, 0, 0], [0, 0, 0, 0, 0, 1, 0, 0, 0, 0, 0, 0, 0, 0, 0], [0, 0, 0, 0, 0, 0, 1, 0, 0, 0, 0, 0, 0, 0, 0], [0, 0, 0, 0, 0, 0, 0, 1, 0, 0, 0, 0, 0, 0, 0], [0, 0, 0, 0, 0, 0, 0, 0, 1, 0, 0, 0, 0, 0, 0], [0, 0, 0, 0, 0, 0, 0, 0, 0, 1, 0, 0, 0, 0, 0], [0, 0, 0, 0, 0, 0, 0, 0, 0, 0, 1, 0, 0, 0, 0], [0, 0, 0, 0, 0, 0, 0, 0, 0, 0, 0, 1, 0, 0, 0], [0, 0, 0, 0, 0, 0, 0, 0, 0, 0, 0, 0, 1, 0, 0], [0, 0, 0, 0, 0, 0, 0, 0, 0, 0, 0, 0, 0, 1, 0], [0, 0, 0, 0, 0, 0, 0, 0, 0, 0, 0, 0, 0, 0, 1]]
[[1, 0, 0, 0, 0, 0, 0, 0, 0, 0, 0, 0, 0, 0, 0], [0, 1, 0, 0, 0, 0, 0, 0, 0, 0, 0, 0, 0, 0, 0], [0, 0, 1, 0, 0, 0, 0, 0, 0, 0, 0, 0, 0, 0, 0], [0, 0, 0, 1, 0, 0, 0, 0, 0, 0, 0, 0, 0, 0, 0], [0, 0, 0, 0, 1, 0, 0, 0, 0, 0, 0, 0, 0, 0, 0], [0, 0, 0, 0, 0, 1, 0, 0, 0, 0, 0, 0, 0, 0, 0], [0, 0, 0, 0, 0, 0, 1, 0, 0, 0, 0, 0, 0, 0, 0], [0, 0, 0, 0, 0, 0, 0, 1, 0, 0, 0, 0, 0, 0, 0], [0, 0, 0, 0, 0, 0, 0, 0, 1, 0, 0, 0, 0, 0, 0], [0, 0, 0, 0, 0, 0, 0, 0, 0, 1, 0, 0, 0, 0, 0], [0, 0, 0, 0, 0, 0, 0, 0, 0, 0, 1, 0, 0, 0, 0], [0, 0, 0, 0, 0, 0, 0, 0, 0, 0, 0, 1, 0, 0, 0], [0, 0, 0, 0, 0, 0, 0, 0, 0, 0, 0, 0, 1, 0, 0], [0, 0, 0, 0, 0, 0, 0, 0, 0, 0, 0, 0, 0, 1, 0], [0, 0, 0, 0, 0, 0, 0, 0, 0, 0, 0, 0, 0, 0, 1]]
[[1, 0, 0, 0, 0, 0, 0, 0, 0, 0, 0, 0, 0, 0, 0], [0, 1, 0, 0, 0, 0, 0, 0, 0, 0, 0, 0, 0, 0, 0], [0, 0, 1, 0, 0, 0, 0, 0, 0, 0, 0, 0, 0, 0, 0], [0, 0, 0, 1, 0, 0, 0, 0, 0, 0, 0, 0, 0, 0, 0], [0, 0, 0, 0, 1, 0, 0, 0, 0, 0, 0, 0, 0, 0, 0], [0, 0, 0, 0, 0, 1, 0, 0, 0, 0, 0, 0, 0, 0, 0], [0, 0, 0, 0, 0, 0, 1, 0, 0, 0, 0, 0, 0, 0, 0], [0, 0, 0, 0, 0, 0, 0, 1, 0, 0, 0, 0, 0, 0, 0], [0, 0, 0, 0, 0, 0, 0, 0, 1, 0, 0, 0, 0, 0, 0], [0, 0, 0, 0, 0, 0, 0, 0, 0, 1, 0, 0, 0, 0, 0], [0, 0, 0, 0, 0, 0, 0, 0, 0, 0, 1, 0, 0, 0, 0], [0, 0, 0, 0, 0, 0, 0, 0, 0, 0, 0, 1, 0, 0, 0], [0, 0, 0, 0, 0, 0, 0, 0, 0, 0, 0, 0, 1, 0, 0], [0, 0, 0, 0, 0, 0, 0, 0, 0, 0, 0, 0, 0, 1, 0], [0, 0, 0, 0, 0, 0, 0, 0, 0, 0, 0, 0, 0, 0, 1]]
[[-5, 7, 6, 1, 2, 5, 4, -1, -2, 3, -2, 2, 4, 4, 2], [-8, 10, 9, 1, 2, 7, 6, -2, -2, 3, -1, 0, 7, 4, 4], [2, -2, -2, 0, 0, -2, -2, 1, 0, 0, -1, 2, -3, 0, -2], [-14, 16, 15, 3, 4, 12, 10, -3, -4, 6, -3, 2, 11, 8, 6], [-8, 9, 9, 1, 3, 7, 6, -2, -2, 3, -1, 0, 7, 4, 4], [10, -11, -12, -1, -2, -8, -8, 3, 2, -3, 0, 2, -10, -4, -6], [-6, 7, 6, 1, 2, 5, 5, -1, -2, 3, -2, 2, 4, 4, 2], [2, -2, -3, 0, 0, -2, -2, 2, 0, 0, -1, 2, -3, 0, -2], [8, -9, -9, -1, -2, -7, -6, 2, 3, -3, 1, 0, -7, -4, -4], [2, -2, -3, 0, 0, -2, -2, 1, 0, 1, -1, 2, -3, 0, -2], [5, -6, -7, -1, -1, -5, -5, 2, 1, -1, -1, 2, -7, -2, -5], [6, -7, -6, -1, -2, -5, -4, 1, 2, -3, 2, -1, -4, -4, -2], [-5, 6, 7, 1, 1, 5, 5, -2, -1, 1, 2, -2, 8, 2, 5], [9, -11, -10, -2, -3, -8, -7, 2, 3, -4, 1, -2, -8, -5, -5], [9, -11, -10, -2, -3, -8, -7, 2, 3, -4, 1, -2, -8, -6, -4]]
[[-3, 4, 3, 2, 1, 3, 2, 0, -1, 3, -1, 2, 3, 3, 1], [-4, 5, 3, 2, 1, 3, 2, 0, -1, 3, -1, 2, 3, 3, 1], [-2, 2, 2, 1, 1, 2, 1, 0, -1, 1, -1, 2, 1, 2, 0], [0, -1, -1, 2, -1, 0, -1, 1, 1, 0, 0, -1, 1, 0, 0], [0, -1, -1, 1, 0, 0, -1, 1, 1, 0, 0, -1, 1, 0, 0], [0, 1, 1, -1, 1, 1, 1, -1, -1, 0, 0, 1, -1, 0, 0], [4, -5, -4, -1, -2, -3, -2, 1, 2, -3, 1, -3, -2, -3, -1], [2, -2, -2, -1, 0, -1, -1, 1, 0, -2, 0, 0, -2, -1, -1], [-2, 3, 2, 0, 2, 2, 2, -1, -1, 1, -1, 3, 0, 2, 0], [2, -2, -2, -1, 0, -1, -1, 0, 0, -1, 0, 0, -2, -1, -1], [2, -2, -2, -1, 0, -1, -1, 0, 0, -2, 1, 0, -2, -1, -1], [2, -2, -1, -1, -1, -2, -1, 0, 1, -1, 1, -1, -1, -2, 0], [0, 0, 1, 0, -1, -1, 0, 0, 1, 1, 1, -2, 2, -1, 1], [-2, 3, 2, 0, 2, 2, 2, -1, -2, 1, -1, 3, 0, 3, 0], [2, -2, -2, -1, 0, -1, -1, 0, 0, -2, 0, 0, -2, -1, 0]]
[[1, 0, 0, 0, 0, 0, 0, 0, 0, 0, 0, 0, 0, 0, 0], [0, 1, 0, 0, 0, 0, 0, 0, 0, 0, 0, 0, 0, 0, 0], [0, 0, 1, 0, 0, 0, 0, 0, 0, 0, 0, 0, 0, 0, 0], [0, 0, 0, 1, 0, 0, 0, 0, 0, 0, 0, 0, 0, 0, 0], [0, 0, 0, 0, 1, 0, 0, 0, 0, 0, 0, 0, 0, 0, 0], [0, 0, 0, 0, 0, 1, 0, 0, 0, 0, 0, 0, 0, 0, 0], [0, 0, 0, 0, 0, 0, 1, 0, 0, 0, 0, 0, 0, 0, 0], [0, 0, 0, 0, 0, 0, 0, 1, 0, 0, 0, 0, 0, 0, 0], [0, 0, 0, 0, 0, 0, 0, 0, 1, 0, 0, 0, 0, 0, 0], [0, 0, 0, 0, 0, 0, 0, 0, 0, 1, 0, 0, 0, 0, 0], [0, 0, 0, 0, 0, 0, 0, 0, 0, 0, 1, 0, 0, 0, 0], [0, 0, 0, 0, 0, 0, 0, 0, 0, 0, 0, 1, 0, 0, 0], [0, 0, 0, 0, 0, 0, 0, 0, 0, 0, 0, 0, 1, 0, 0], [0, 0, 0, 0, 0, 0, 0, 0, 0, 0, 0, 0, 0, 1, 0], [0, 0, 0, 0, 0, 0, 0, 0, 0, 0, 0, 0, 0, 0, 1]]
[[1, 0, 0, 0, 0, 0, 0, 0, 0, 0, 0, 0, 0, 0, 0], [0, 1, 0, 0, 0, 0, 0, 0, 0, 0, 0, 0, 0, 0, 0], [0, 0, 1, 0, 0, 0, 0, 0, 0, 0, 0, 0, 0, 0, 0], [0, 0, 0, 1, 0, 0, 0, 0, 0, 0, 0, 0, 0, 0, 0], [0, 0, 0, 0, 1, 0, 0, 0, 0, 0, 0, 0, 0, 0, 0], [0, 0, 0, 0, 0, 1, 0, 0, 0, 0, 0, 0, 0, 0, 0], [0, 0, 0, 0, 0, 0, 1, 0, 0, 0, 0, 0, 0, 0, 0], [0, 0, 0, 0, 0, 0, 0, 1, 0, 0, 0, 0, 0, 0, 0], [0, 0, 0, 0, 0, 0, 0, 0, 1, 0, 0, 0, 0, 0, 0], [0, 0, 0, 0, 0, 0, 0, 0, 0, 1, 0, 0, 0, 0, 0], [0, 0, 0, 0, 0, 0, 0, 0, 0, 0, 1, 0, 0, 0, 0], [0, 0, 0, 0, 0, 0, 0, 0, 0, 0, 0, 1, 0, 0, 0], [0, 0, 0, 0, 0, 0, 0, 0, 0, 0, 0, 0, 1, 0, 0], [0, 0, 0, 0, 0, 0, 0, 0, 0, 0, 0, 0, 0, 1, 0], [0, 0, 0, 0, 0, 0, 0, 0, 0, 0, 0, 0, 0, 0, 1]]
[[1, 0, 0, 0, 0, 0, 0, 0, 0, 0, 0, 0, 0, 0, 0], [0, 1, 0, 0, 0, 0, 0, 0, 0, 0, 0, 0, 0, 0, 0], [0, 0, 1, 0, 0, 0, 0, 0, 0, 0, 0, 0, 0, 0, 0], [0, 0, 0, 1, 0, 0, 0, 0, 0, 0, 0, 0, 0, 0, 0], [0, 0, 0, 0, 1, 0, 0, 0, 0, 0, 0, 0, 0, 0, 0], [0, 0, 0, 0, 0, 1, 0, 0, 0, 0, 0, 0, 0, 0, 0], [0, 0, 0, 0, 0, 0, 1, 0, 0, 0, 0, 0, 0, 0, 0], [0, 0, 0, 0, 0, 0, 0, 1, 0, 0, 0, 0, 0, 0, 0], [0, 0, 0, 0, 0, 0, 0, 0, 1, 0, 0, 0, 0, 0, 0], [0, 0, 0, 0, 0, 0, 0, 0, 0, 1, 0, 0, 0, 0, 0], [0, 0, 0, 0, 0, 0, 0, 0, 0, 0, 1, 0, 0, 0, 0], [0, 0, 0, 0, 0, 0, 0, 0, 0, 0, 0, 1, 0, 0, 0], [0, 0, 0, 0, 0, 0, 0, 0, 0, 0, 0, 0, 1, 0, 0], [0, 0, 0, 0, 0, 0, 0, 0, 0, 0, 0, 0, 0, 1, 0], [0, 0, 0, 0, 0, 0, 0, 0, 0, 0, 0, 0, 0, 0, 1]]
[[4, -4, -5, -1, -1, -4, -4, 1, 0, 1, -1, 2, -6, -2, -4], [6, -7, -6, -2, -2, -4, -4, 2, 0, -6, 2, -4, -4, -4, 0], [-3, 4, 3, 1, 1, 1, 1, -1, 0, 5, -2, 4, 0, 2, -2], [9, -12, -11, -2, -3, -8, -8, 3, 0, -5, 1, -2, -10, -6, -4], [6, -8, -6, -2, -1, -4, -4, 2, 0, -6, 2, -4, -4, -4, 0], [-9, 12, 8, 3, 3, 6, 5, -3, 0, 11, -4, 8, 4, 6, -2], [3, -4, -5, -1, -1, -4, -3, 1, 0, 1, -1, 2, -6, -2, -4], [-3, 4, 2, 1, 1, 1, 1, 0, 0, 5, -2, 4, 0, 2, -2], [-5, 6, 5, 1, 1, 3, 3, -2, 1, 5, -1, 2, 3, 2, -1], [-3, 4, 3, 1, 1, 2, 2, -1, 0, 4, -1, 2, 2, 2, 0], [-9, 12, 9, 3, 3, 6, 6, -3, 0, 9, -2, 6, 6, 6, 0], [-3, 4, 4, 1, 1, 3, 3, -1, 0, 1, 0, 1, 4, 2, 2], [8, -10, -7, -2, -2, -4, -4, 3, 0, -10, 3, -6, -2, -4, 3], [-8, 10, 8, 2, 2, 5, 5, -3, 0, 8, -2, 4, 5, 5, -1], [-5, 6, 6, 1, 1, 4, 4, -2, 0, 3, 0, 0, 5, 2, 2]]
[[3, -2, -2, -1, -1, -1, -1, 0, 1, -3, 1, -2, -1, -2, 0], [-3, 4, 3, 2, 2, 2, 2, -1, -1, 5, -1, 4, 2, 3, 0], [4, -4, -3, -2, -2, -2, -2, 0, 2, -6, 2, -4, -2, -4, 0], [1, 0, 0, 1, 0, 0, 0, -1, 1, 0, 1, 0, 1, 0, 0], [0, 0, 0, 0, 1, 0, 0, 0, 0, 0, 0, 0, 0, 0, 0], [3, -3, -3, -2, -2, -1, -2, 1, 1, -5, 1, -4, -2, -3, 0], [3, -1, -1, -1, -1, -1, 0, -1, 2, -2, 2, -2, 1, -1, 0], [3, -2, -2, -1, -1, -1, -1, 0, 2, -3, 2, -2, 0, -2, 0], [2, -2, -2, -1, -1, -1, -1, 0, 2, -3, 1, -2, -1, -2, 0], [2, -2, -2, -1, -1, -1, -1, 0, 1, -2, 1, -2, -1, -2, 0], [2, -2, -2, -1, -1, -1, -1, 0, 1, -3, 2, -2, -1, -2, 0], [-1, 1, 1, 0, 0, 0, 0, 1, -1, 1, -1, 1, 0, 1, 0], [-5, 4, 4, 2, 2, 2, 2, 1, -3, 6, -3, 4, 2, 4, 0], [2, -3, -3, -1, -1, -1, -1, 0, 1, -4, 1, -2, -2, -2, 0], [0, 0, 0, 0, 0, 0, 0, 0, 0, 0, 0, 0, 0, 0, 1]]
[[1, 0, 0, 0, 0, 0, 0, 0, 0, 0, 0, 0, 0, 0, 0], [0, 1, 0, 0, 0, 0, 0, 0, 0, 0, 0, 0, 0, 0, 0], [0, 0, 1, 0, 0, 0, 0, 0, 0, 0, 0, 0, 0, 0, 0], [0, 0, 0, 1, 0, 0, 0, 0, 0, 0, 0, 0, 0, 0, 0], [0, 0, 0, 0, 1, 0, 0, 0, 0, 0, 0, 0, 0, 0, 0], [0, 0, 0, 0, 0, 1, 0, 0, 0, 0, 0, 0, 0, 0, 0], [0, 0, 0, 0, 0, 0, 1, 0, 0, 0, 0, 0, 0, 0, 0], [0, 0, 0, 0, 0, 0, 0, 1, 0, 0, 0, 0, 0, 0, 0], [0, 0, 0, 0, 0, 0, 0, 0, 1, 0, 0, 0, 0, 0, 0], [0, 0, 0, 0, 0, 0, 0, 0, 0, 1, 0, 0, 0, 0, 0], [0, 0, 0, 0, 0, 0, 0, 0, 0, 0, 1, 0, 0, 0, 0], [0, 0, 0, 0, 0, 0, 0, 0, 0, 0, 0, 1, 0, 0, 0], [0, 0, 0, 0, 0, 0, 0, 0, 0, 0, 0, 0, 1, 0, 0], [0, 0, 0, 0, 0, 0, 0, 0, 0, 0, 0, 0, 0, 1, 0], [0, 0, 0, 0, 0, 0, 0, 0, 0, 0, 0, 0, 0, 0, 1]]
[[-2, 2, 3, 1, 0, 2, 2, 0, 0, 1, 1, -1, 4, 1, 1], [-3, 3, 2, 1, 1, 3, 2, 0, -1, 0, 0, -1, 3, 2, 2], [-2, 2, 3, 1, 0, 1, 1, 0, 0, 2, 0, 1, 2, 1, 0], [-5, 4, 4, 3, 1, 4, 3, 0, -1, 2, 0, 0, 5, 3, 2], [-6, 6, 4, 3, 3, 5, 3, 0, -2, 4, -2, 3, 4, 5, 2], [6, -6, -3, -3, -3, -5, -3, 0, 3, -3, 3, -3, -3, -6, -3], [-2, 2, 2, 1, 0, 1, 2, 0, 0, 2, 0, 1, 2, 1, 0], [2, -2, -1, -1, -1, -2, -1, 1, 1, -1, 1, -1, -1, -2, -1], [4, -4, -2, -2, -2, -4, -2, 0, 3, -2, 2, -2, -2, -4, -2], [2, -2, -1, -1, -1, -2, -1, 0, 1, 0, 1, -1, -1, -2, -1], [1, 0, 0, 0, -1, -2, -1, 0, 1, 2, 1, 2, -1, -1, -2], [2, -2, -2, -1, 0, -1, -1, 0, 0, -2, 0, 0, -2, -1, 0], [0, 0, -2, 0, 2, 2, 0, 0, -2, -2, -2, 0, -1, 2, 2], [3, -2, -1, -1, -2, -4, -2, 0, 2, 1, 1, 1, -2, -2, -3], [2, -2, -1, -1, -1, -2, -1, 0, 1, -1, 1, -1, -1, -2, 0]]
[[1, 0, 0, 0, 0, 0, 0, 0, 0, 0, 0, 0, 0, 0, 0], [0, 1, 0, 0, 0, 0, 0, 0, 0, 0, 0, 0, 0, 0, 0], [0, 0, 1, 0, 0, 0, 0, 0, 0, 0, 0, 0, 0, 0, 0], [0, 0, 0, 1, 0, 0, 0, 0, 0, 0, 0, 0, 0, 0, 0], [0, 0, 0, 0, 1, 0, 0, 0, 0, 0, 0, 0, 0, 0, 0], [0, 0, 0, 0, 0, 1, 0, 0, 0, 0, 0, 0, 0, 0, 0], [0, 0, 0, 0, 0, 0, 1, 0, 0, 0, 0, 0, 0, 0, 0], [0, 0, 0, 0, 0, 0, 0, 1, 0, 0, 0, 0, 0, 0, 0], [0, 0, 0, 0, 0, 0, 0, 0, 1, 0, 0, 0, 0, 0, 0], [0, 0, 0, 0, 0, 0, 0, 0, 0, 1, 0, 0, 0, 0, 0], [0, 0, 0, 0, 0, 0, 0, 0, 0, 0, 1, 0, 0, 0, 0], [0, 0, 0, 0, 0, 0, 0, 0, 0, 0, 0, 1, 0, 0, 0], [0, 0, 0, 0, 0, 0, 0, 0, 0, 0, 0, 0, 1, 0, 0], [0, 0, 0, 0, 0, 0, 0, 0, 0, 0, 0, 0, 0, 1, 0], [0, 0, 0, 0, 0, 0, 0, 0, 0, 0, 0, 0, 0, 0, 1]]
[[3, -2, -1, -1, -1, -2, -1, 1, 1, -2, 1, -2, 0, -1, 0], [-3, 4, 2, 1, 1, 2, 2, -1, -1, 3, -1, 2, 1, 2, 0], [1, 0, 1, 0, -1, -1, 0, 0, 1, 0, 1, 0, 1, 0, 0], [1, 0, 0, 1, -1, -1, 0, 0, 1, 0, 1, 0, 1, 0, 0], [-3, 5, 3, 2, 1, 2, 3, -2, 0, 5, 0, 4, 3, 3, 0], [6, -7, -4, -3, -2, -4, -4, 3, 2, -7, 2, -6, -2, -4, 0], [6, -6, -4, -2, -2, -4, -3, 2, 2, -6, 2, -4, -2, -4, 0], [3, -3, -2, -1, -1, -2, -2, 2, 1, -3, 1, -2, -1, -2, 0], [3, -3, -2, -1, -1, -2, -2, 1, 2, -3, 1, -2, -1, -2, 0], [3, -3, -2, -1, -1, -2, -2, 1, 1, -2, 1, -2, -1, -2, 0], [3, -3, -2, -1, -1, -2, -2, 1, 1, -3, 2, -2, -1, -2, 0], [-2, 1, 1, 0, 1, 1, 1, 0, -1, 1, -1, 1, 0, 1, 0], [-7, 6, 4, 2, 3, 5, 4, -2, -3, 6, -3, 4, 2, 4, 0], [4, -4, -3, -1, -1, -2, -3, 1, 1, -4, 1, -2, -2, -2, 0], [0, 0, 0, 0, 0, 0, 0, 0, 0, 0, 0, 0, 0, 0, 1]]
[[1, 0, 0, 0, 0, 0, 0, 0, 0, 0, 0, 0, 0, 0, 0], [0, 1, 0, 0, 0, 0, 0, 0, 0, 0, 0, 0, 0, 0, 0], [0, 0, 1, 0, 0, 0, 0, 0, 0, 0, 0, 0, 0, 0, 0], [0, 0, 0, 1, 0, 0, 0, 0, 0, 0, 0, 0, 0, 0, 0], [0, 0, 0, 0, 1, 0, 0, 0, 0, 0, 0, 0, 0, 0, 0], [0, 0, 0, 0, 0, 1, 0, 0, 0, 0, 0, 0, 0, 0, 0], [0, 0, 0, 0, 0, 0, 1, 0, 0, 0, 0, 0, 0, 0, 0], [0, 0, 0, 0, 0, 0, 0, 1, 0, 0, 0, 0, 0, 0, 0], [0, 0, 0, 0, 0, 0, 0, 0, 1, 0, 0, 0, 0, 0, 0], [0, 0, 0, 0, 0, 0, 0, 0, 0, 1, 0, 0, 0, 0, 0], [0, 0, 0, 0, 0, 0, 0, 0, 0, 0, 1, 0, 0, 0, 0], [0, 0, 0, 0, 0, 0, 0, 0, 0, 0, 0, 1, 0, 0, 0], [0, 0, 0, 0, 0, 0, 0, 0, 0, 0, 0, 0, 1, 0, 0], [0, 0, 0, 0, 0, 0, 0, 0, 0, 0, 0, 0, 0, 1, 0], [0, 0, 0, 0, 0, 0, 0, 0, 0, 0, 0, 0, 0, 0, 1]]
[[1, 0, 0, 0, 0, 0, 0, 0, 0, 0, 0, 0, 0, 0, 0], [0, 1, 0, 0, 0, 0, 0, 0, 0, 0, 0, 0, 0, 0, 0], [0, 0, 1, 0, 0, 0, 0, 0, 0, 0, 0, 0, 0, 0, 0], [0, 0, 0, 1, 0, 0, 0, 0, 0, 0, 0, 0, 0, 0, 0], [0, 0, 0, 0, 1, 0, 0, 0, 0, 0, 0, 0, 0, 0, 0], [0, 0, 0, 0, 0, 1, 0, 0, 0, 0, 0, 0, 0, 0, 0], [0, 0, 0, 0, 0, 0, 1, 0, 0, 0, 0, 0, 0, 0, 0], [0, 0, 0, 0, 0, 0, 0, 1, 0, 0, 0, 0, 0, 0, 0], [0, 0, 0, 0, 0, 0, 0, 0, 1, 0, 0, 0, 0, 0, 0], [0, 0, 0, 0, 0, 0, 0, 0, 0, 1, 0, 0, 0, 0, 0], [0, 0, 0, 0, 0, 0, 0, 0, 0, 0, 1, 0, 0, 0, 0], [0, 0, 0, 0, 0, 0, 0, 0, 0, 0, 0, 1, 0, 0, 0], [0, 0, 0, 0, 0, 0, 0, 0, 0, 0, 0, 0, 1, 0, 0], [0, 0, 0, 0, 0, 0, 0, 0, 0, 0, 0, 0, 0, 1, 0], [0, 0, 0, 0, 0, 0, 0, 0, 0, 0, 0, 0, 0, 0, 1]]
[[-4, 5, 4, 3, 1, 3, 2, -1, -1, 5, -1, 3, 3, 3, 1], [10, -12, -9, -3, -4, -7, -6, 2, 4, -10, 4, -8, -5, -8, -1], [-7, 8, 6, 3, 3, 5, 3, 0, -4, 8, -4, 6, 3, 6, 1], [6, -7, -5, -1, -2, -4, -3, 1, 3, -5, 3, -5, -2, -5, 0], [10, -13, -9, -3, -3, -7, -6, 2, 4, -10, 4, -8, -5, -8, -1], [-18, 22, 16, 6, 6, 13, 10, -4, -8, 18, -8, 14, 8, 14, 2], [-5, 5, 4, 3, 1, 3, 3, -1, -1, 5, -1, 3, 3, 3, 1], [-8, 9, 7, 3, 2, 5, 4, -1, -4, 8, -4, 6, 3, 6, 1], [-12, 14, 11, 3, 4, 9, 7, -2, -6, 10, -5, 7, 6, 9, 2], [-6, 7, 5, 2, 2, 4, 3, -1, -3, 6, -3, 5, 2, 5, 0], [-3, 3, 1, 1, 1, 1, 0, 0, -3, 6, -4, 5, -2, 3, -2], [0, 0, 0, 0, 0, 0, 0, 0, 0, 0, 0, 1, 0, 0, 0], [12, -13, -9, -4, -4, -8, -5, 1, 7, -13, 7, -9, -3, -9, 0], [-9, 11, 8, 2, 3, 6, 5, -2, -4, 10, -4, 6, 4, 7, 0], [-3, 3, 2, 0, 1, 2, 1, 0, -2, 2, -2, 2, 0, 2, -1]]
[[1, 0, 0, 0, 0, 0, 0, 0, 0, 0, 0, 0, 0, 0, 0], [0, 1, 0, 0, 0, 0, 0, 0, 0, 0, 0, 0, 0, 0, 0], [0, 0, 1, 0, 0, 0, 0, 0, 0, 0, 0, 0, 0, 0, 0], [0, 0, 0, 1, 0, 0, 0, 0, 0, 0, 0, 0, 0, 0, 0], [0, 0, 0, 0, 1, 0, 0, 0, 0, 0, 0, 0, 0, 0, 0], [0, 0, 0, 0, 0, 1, 0, 0, 0, 0, 0, 0, 0, 0, 0], [0, 0, 0, 0, 0, 0, 1, 0, 0, 0, 0, 0, 0, 0, 0], [0, 0, 0, 0, 0, 0, 0, 1, 0, 0, 0, 0, 0, 0, 0], [0, 0, 0, 0, 0, 0, 0, 0, 1, 0, 0, 0, 0, 0, 0], [0, 0, 0, 0, 0, 0, 0, 0, 0, 1, 0, 0, 0, 0, 0], [0, 0, 0, 0, 0, 0, 0, 0, 0, 0, 1, 0, 0, 0, 0], [0, 0, 0, 0, 0, 0, 0, 0, 0, 0, 0, 1, 0, 0, 0], [0, 0, 0, 0, 0, 0, 0, 0, 0, 0, 0, 0, 1, 0, 0], [0, 0, 0, 0, 0, 0, 0, 0, 0, 0, 0, 0, 0, 1, 0], [0, 0, 0, 0, 0, 0, 0, 0, 0, 0, 0, 0, 0, 0, 1]]
[[2, -2, -1, 0, -1, -1, -1, 0, 0, -1, 0, -1, -1, -1, 0], [-1, 3, 1, 0, 1, 1, 1, 0, 0, 1, 0, 1, 1, 1, 0], [2, -4, -1, 0, -2, -2, -2, 0, 0, -2, 0, -2, -2, -2, 0], [-1, 2, 1, 1, 1, 1, 1, 0, 0, 1, 0, 1, 1, 1, 0], [-1, 2, 1, 0, 2, 1, 1, 0, 0, 1, 0, 1, 1, 1, 0], [4, -8, -4, 0, -4, -3, -4, 0, 0, -4, 0, -4, -4, -4, 0], [1, -2, -1, 0, -1, -1, 0, 0, 0, -1, 0, -1, -1, -1, 0], [3, -6, -3, 0, -3, -3, -3, 1, 0, -3, 0, -3, -3, -3, 0], [3, -6, -3, 0, -3, -3, -3, 0, 1, -3, 0, -3, -3, -3, 0], [1, -2, -1, 0, -1, -1, -1, 0, 0, 0, 0, -1, -1, -1, 0], [3, -6, -3, 0, -3, -3, -3, 0, 0, -3, 1, -3, -3, -3, 0], [0, 0, 0, 0, 0, 0, 0, 0, 0, 0, 0, 1, 0, 0, 0], [-4, 8, 4, 0, 4, 4, 4, 0, 0, 4, 0, 4, 5, 4, 0], [2, -4, -2, 0, -2, -2, -2, 0, 0, -2, 0, -2, -2, -1, 0], [0, 0, 0, 0, 0, 0, 0, 0, 0, 0, 0, 0, 0, 0, 1]]
[[1, 0, 0, 0, 0, 0, 0, 0, 0, 0, 0, 0, 0, 0, 0], [0, 1, 0, 0, 0, 0, 0, 0, 0, 0, 0, 0, 0, 0, 0], [0, 0, 1, 0, 0, 0, 0, 0, 0, 0, 0, 0, 0, 0, 0], [0, 0, 0, 1, 0, 0, 0, 0, 0, 0, 0, 0, 0, 0, 0], [0, 0, 0, 0, 1, 0, 0, 0, 0, 0, 0, 0, 0, 0, 0], [0, 0, 0, 0, 0, 1, 0, 0, 0, 0, 0, 0, 0, 0, 0], [0, 0, 0, 0, 0, 0, 1, 0, 0, 0, 0, 0, 0, 0, 0], [0, 0, 0, 0, 0, 0, 0, 1, 0, 0, 0, 0, 0, 0, 0], [0, 0, 0, 0, 0, 0, 0, 0, 1, 0, 0, 0, 0, 0, 0], [0, 0, 0, 0, 0, 0, 0, 0, 0, 1, 0, 0, 0, 0, 0], [0, 0, 0, 0, 0, 0, 0, 0, 0, 0, 1, 0, 0, 0, 0], [0, 0, 0, 0, 0, 0, 0, 0, 0, 0, 0, 1, 0, 0, 0], [0, 0, 0, 0, 0, 0, 0, 0, 0, 0, 0, 0, 1, 0, 0], [0, 0, 0, 0, 0, 0, 0, 0, 0, 0, 0, 0, 0, 1, 0], [0, 0, 0, 0, 0, 0, 0, 0, 0, 0, 0, 0, 0, 0, 1]]
[[1, 0, 0, 0, 0, 0, 0, 0, 0, 0, 0, 0, 0, 0, 0], [0, 1, 0, 0, 0, 0, 0, 0, 0, 0, 0, 0, 0, 0, 0], [0, 0, 1, 0, 0, 0, 0, 0, 0, 0, 0, 0, 0, 0, 0], [0, 0, 0, 1, 0, 0, 0, 0, 0, 0, 0, 0, 0, 0, 0], [0, 0, 0, 0, 1, 0, 0, 0, 0, 0, 0, 0, 0, 0, 0], [0, 0, 0, 0, 0, 1, 0, 0, 0, 0, 0, 0, 0, 0, 0], [0, 0, 0, 0, 0, 0, 1, 0, 0, 0, 0, 0, 0, 0, 0], [0, 0, 0, 0, 0, 0, 0, 1, 0, 0, 0, 0, 0, 0, 0], [0, 0, 0, 0, 0, 0, 0, 0, 1, 0, 0, 0, 0, 0, 0], [0, 0, 0, 0, 0, 0, 0, 0, 0, 1, 0, 0, 0, 0, 0], [0, 0, 0, 0, 0, 0, 0, 0, 0, 0, 1, 0, 0, 0, 0], [0, 0, 0, 0, 0, 0, 0, 0, 0, 0, 0, 1, 0, 0, 0], [0, 0, 0, 0, 0, 0, 0, 0, 0, 0, 0, 0, 1, 0, 0], [0, 0, 0, 0, 0, 0, 0, 0, 0, 0, 0, 0, 0, 1, 0], [0, 0, 0, 0, 0, 0, 0, 0, 0, 0, 0, 0, 0, 0, 1]]
[[1, 0, 0, 0, 0, 0, 0, 0, 0, 0, 0, 0, 0, 0, 0], [0, 1, 0, 0, 0, 0, 0, 0, 0, 0, 0, 0, 0, 0, 0], [0, 0, 1, 0, 0, 0, 0, 0, 0, 0, 0, 0, 0, 0, 0], [0, 0, 0, 1, 0, 0, 0, 0, 0, 0, 0, 0, 0, 0, 0], [0, 0, 0, 0, 1, 0, 0, 0, 0, 0, 0, 0, 0, 0, 0], [0, 0, 0, 0, 0, 1, 0, 0, 0, 0, 0, 0, 0, 0, 0], [0, 0, 0, 0, 0, 0, 1, 0, 0, 0, 0, 0, 0, 0, 0], [0, 0, 0, 0, 0, 0, 0, 1, 0, 0, 0, 0, 0, 0, 0], [0, 0, 0, 0, 0, 0, 0, 0, 1, 0, 0, 0, 0, 0, 0], [0, 0, 0, 0, 0, 0, 0, 0, 0, 1, 0, 0, 0, 0, 0], [0, 0, 0, 0, 0, 0, 0, 0, 0, 0, 1, 0, 0, 0, 0], [0, 0, 0, 0, 0, 0, 0, 0, 0, 0, 0, 1, 0, 0, 0], [0, 0, 0, 0, 0, 0, 0, 0, 0, 0, 0, 0, 1, 0, 0], [0, 0, 0, 0, 0, 0, 0, 0, 0, 0, 0, 0, 0, 1, 0], [0, 0, 0, 0, 0, 0, 0, 0, 0, 0, 0, 0, 0, 0, 1]]
[[-3, 4, 3, 2, 1, 3, 2, 0, -1, 3, -1, 2, 3, 3, 1], [-4, 5, 3, 2, 1, 3, 2, 0, -1, 3, -1, 2, 3, 3, 1], [-2, 2, 2, 1, 1, 2, 1, 0, -1, 1, -1, 2, 1, 2, 0], [0, -1, -1, 2, -1, 0, -1, 1, 1, 0, 0, -1, 1, 0, 0], [0, -1, -1, 1, 0, 0, -1, 1, 1, 0, 0, -1, 1, 0, 0], [0, 1, 1, -1, 1, 1, 1, -1, -1, 0, 0, 1, -1, 0, 0], [4, -5, -4, -1, -2, -3, -2, 1, 2, -3, 1, -3, -2, -3, -1], [2, -2, -2, -1, 0, -1, -1, 1, 0, -2, 0, 0, -2, -1, -1], [-2, 3, 2, 0, 2, 2, 2, -1, -1, 1, -1, 3, 0, 2, 0], [2, -2, -2, -1, 0, -1, -1, 0, 0, -1, 0, 0, -2, -1, -1], [2, -2, -2, -1, 0, -1, -1, 0, 0, -2, 1, 0, -2, -1, -1], [2, -2, -1, -1, -1, -2, -1, 0, 1, -1, 1, -1, -1, -2, 0], [0, 0, 1, 0, -1, -1, 0, 0, 1, 1, 1, -2, 2, -1, 1], [-2, 3, 2, 0, 2, 2, 2, -1, -2, 1, -1, 3, 0, 3, 0], [2, -2, -2, -1, 0, -1, -1, 0, 0, -2, 0, 0, -2, -1, 0]]
[[1, 0, 0, 0, 0, 0, 0, 0, 0, 0, 0, 0, 0, 0, 0], [0, 1, 0, 0, 0, 0, 0, 0, 0, 0, 0, 0, 0, 0, 0], [0, 0, 1, 0, 0, 0, 0, 0, 0, 0, 0, 0, 0, 0, 0], [0, 0, 0, 1, 0, 0, 0, 0, 0, 0, 0, 0, 0, 0, 0], [0, 0, 0, 0, 1, 0, 0, 0, 0, 0, 0, 0, 0, 0, 0], [0, 0, 0, 0, 0, 1, 0, 0, 0, 0, 0, 0, 0, 0, 0], [0, 0, 0, 0, 0, 0, 1, 0, 0, 0, 0, 0, 0, 0, 0], [0, 0, 0, 0, 0, 0, 0, 1, 0, 0, 0, 0, 0, 0, 0], [0, 0, 0, 0, 0, 0, 0, 0, 1, 0, 0, 0, 0, 0, 0], [0, 0, 0, 0, 0, 0, 0, 0, 0, 1, 0, 0, 0, 0, 0], [0, 0, 0, 0, 0, 0, 0, 0, 0, 0, 1, 0, 0, 0, 0], [0, 0, 0, 0, 0, 0, 0, 0, 0, 0, 0, 1, 0, 0, 0], [0, 0, 0, 0, 0, 0, 0, 0, 0, 0, 0, 0, 1, 0, 0], [0, 0, 0, 0, 0, 0, 0, 0, 0, 0, 0, 0, 0, 1, 0], [0, 0, 0, 0, 0, 0, 0, 0, 0, 0, 0, 0, 0, 0, 1]]
[[-2, 4, 3, 1, 0, 2, 2, -2, 0, 3, -1, 2, 2, 2, 0], [-10, 12, 10, 3, 3, 8, 8, -2, -3, 5, -1, 4, 8, 7, 4], [6, -6, -5, -2, -2, -4, -4, 0, 2, -2, 0, -2, -4, -4, -2], [-10, 14, 11, 3, 3, 9, 9, -3, -2, 6, -1, 4, 10, 8, 4], [-12, 15, 13, 3, 4, 10, 10, -3, -3, 6, -1, 4, 11, 9, 5], [16, -20, -17, -4, -6, -13, -14, 3, 4, -7, 0, -6, -15, -12, -7], [3, -2, -2, -1, -2, -2, -1, -1, 2, -2, 1, -2, -1, -2, -1], [9, -11, -9, -2, -4, -7, -7, 1, 3, -5, 1, -4, -7, -7, -3], [13, -17, -13, -4, -5, -10, -10, 2, 4, -8, 2, -8, -10, -11, -4], [5, -6, -5, -1, -2, -4, -4, 0, 2, -2, 1, -2, -4, -4, -2], [8, -10, -9, -2, -3, -7, -7, 1, 2, -2, 0, -2, -8, -6, -4], [3, -4, -3, -1, -1, -3, -3, 2, 0, -2, 0, -1, -3, -2, -1], [-12, 14, 12, 4, 5, 9, 9, 0, -4, 5, -1, 6, 10, 10, 5], [10, -13, -11, -3, -3, -8, -8, 1, 3, -4, 1, -4, -9, -8, -5], [2, -3, -2, -1, -1, -2, -2, 0, 1, -1, 1, -2, -2, -3, -1]]
[[1, 0, 0, 0, 0, 0, 0, 0, 0, 0, 0, 0, 0, 0, 0], [0, 1, 0, 0, 0, 0, 0, 0, 0, 0, 0, 0, 0, 0, 0], [0, 0, 1, 0, 0, 0, 0, 0, 0, 0, 0, 0, 0, 0, 0], [0, 0, 0, 1, 0, 0, 0, 0, 0, 0, 0, 0, 0, 0, 0], [0, 0, 0, 0, 1, 0, 0, 0, 0, 0, 0, 0, 0, 0, 0], [0, 0, 0, 0, 0, 1, 0, 0, 0, 0, 0, 0, 0, 0, 0], [0, 0, 0, 0, 0, 0, 1, 0, 0, 0, 0, 0, 0, 0, 0], [0, 0, 0, 0, 0, 0, 0, 1, 0, 0, 0, 0, 0, 0, 0], [0, 0, 0, 0, 0, 0, 0, 0, 1, 0, 0, 0, 0, 0, 0], [0, 0, 0, 0, 0, 0, 0, 0, 0, 1, 0, 0, 0, 0, 0], [0, 0, 0, 0, 0, 0, 0, 0, 0, 0, 1, 0, 0, 0, 0], [0, 0, 0, 0, 0, 0, 0, 0, 0, 0, 0, 1, 0, 0, 0], [0, 0, 0, 0, 0, 0, 0, 0, 0, 0, 0, 0, 1, 0, 0], [0, 0, 0, 0, 0, 0, 0, 0, 0, 0, 0, 0, 0, 1, 0], [0, 0, 0, 0, 0, 0, 0, 0, 0, 0, 0, 0, 0, 0, 1]]
[[0, 1, 1, 0, 1, 1, 1, 0, -1, 1, 0, 1, 1, 1, 0], [5, -5, -5, -2, -1, -3, -3, 1, 1, -4, 1, -3, -3, -3, -1], [-1, 1, 2, 0, 1, 1, 1, 0, -1, 1, 0, 1, 1, 1, 0], [8, -9, -8, -2, -1, -5, -5, 2, 1, -4, 1, -3, -5, -4, -2], [6, -7, -6, -2, -1, -4, -4, 1, 2, -5, 1, -4, -4, -4, -1], [-12, 14, 12, 4, 4, 9, 8, -2, -4, 10, -2, 8, 8, 8, 2], [3, -3, -3, -1, 0, -2, -1, 1, 0, 0, 0, 0, -2, -1, -1], [-1, 1, 1, 0, 1, 1, 1, 1, -1, 1, 0, 1, 1, 1, 0], [-7, 8, 7, 2, 3, 5, 5, -1, -2, 6, -1, 5, 5, 5, 1], [-4, 4, 4, 1, 1, 3, 3, -1, -1, 2, 0, 1, 3, 2, 1], [-6, 7, 6, 2, 2, 4, 4, -1, -2, 5, 0, 4, 4, 4, 1], [1, -1, -1, 0, -1, -1, -1, 0, 1, -1, 0, 0, -1, -1, 0], [8, -9, -8, -2, -4, -6, -6, 1, 4, -7, 1, -6, -5, -6, -1], [-12, 14, 12, 4, 4, 8, 8, -2, -4, 10, -2, 8, 8, 9, 2], [-4, 4, 4, 1, 1, 3, 3, -1, -1, 1, 0, 1, 3, 2, 2]]
[[1, 0, 0, 0, 0, 0, 0, 0, 0, 0, 0, 0, 0, 0, 0], [0, 1, 0, 0, 0, 0, 0, 0, 0, 0, 0, 0, 0, 0, 0], [0, 0, 1, 0, 0, 0, 0, 0, 0, 0, 0, 0, 0, 0, 0], [0, 0, 0, 1, 0, 0, 0, 0, 0, 0, 0, 0, 0, 0, 0], [0, 0, 0, 0, 1, 0, 0, 0, 0, 0, 0, 0, 0, 0, 0], [0, 0, 0, 0, 0, 1, 0, 0, 0, 0, 0, 0, 0, 0, 0], [0, 0, 0, 0, 0, 0, 1, 0, 0, 0, 0, 0, 0, 0, 0], [0, 0, 0, 0, 0, 0, 0, 1, 0, 0, 0, 0, 0, 0, 0], [0, 0, 0, 0, 0, 0, 0, 0, 1, 0, 0, 0, 0, 0, 0], [0, 0, 0, 0, 0, 0, 0, 0, 0, 1, 0, 0, 0, 0, 0], [0, 0, 0, 0, 0, 0, 0, 0, 0, 0, 1, 0, 0, 0, 0], [0, 0, 0, 0, 0, 0, 0, 0, 0, 0, 0, 1, 0, 0, 0], [0, 0, 0, 0, 0, 0, 0, 0, 0, 0, 0, 0, 1, 0, 0], [0, 0, 0, 0, 0, 0, 0, 0, 0, 0, 0, 0, 0, 1, 0], [0, 0, 0, 0, 0, 0, 0, 0, 0, 0, 0, 0, 0, 0, 1]]
[[2, -4, -4, 0, -1, -2, -2, 0, 1, -2, 1, -1, -3, -3, -1], [11, -13, -11, -3, -3, -8, -7, 4, 3, -9, 2, -5, -7, -7, -2], [-6, 5, 5, 2, 1, 4, 3, -3, -1, 3, 0, 1, 3, 2, 1], [10, -13, -12, -3, -3, -8, -7, 3, 3, -9, 2, -5, -9, -8, -3], [12, -15, -13, -4, -3, -9, -9, 5, 2, -10, 1, -6, -10, -8, -3], [-18, 20, 18, 6, 4, 13, 12, -8, -4, 14, -2, 8, 12, 10, 4], [-2, 1, 0, 1, 0, 1, 1, -1, 0, 1, 0, 0, 0, 0, 0], [-7, 7, 7, 2, 1, 5, 5, -4, -1, 4, 0, 1, 5, 3, 2], [-14, 15, 14, 4, 3, 10, 9, -5, -4, 9, -2, 5, 9, 8, 3], [-4, 4, 4, 1, 1, 3, 3, -2, -1, 3, 0, 1, 3, 2, 1], [-10, 11, 11, 4, 2, 7, 7, -5, -2, 8, 0, 4, 8, 6, 3], [-3, 5, 4, 1, 1, 3, 2, -1, -1, 3, -1, 2, 3, 3, 1], [17, -17, -16, -6, -4, -12, -11, 7, 4, -11, 1, -6, -11, -9, -4], [-15, 17, 15, 5, 4, 10, 10, -5, -4, 12, -2, 8, 10, 10, 3], [-8, 10, 9, 2, 3, 7, 6, -2, -3, 5, -1, 3, 7, 6, 3]]
[[1, 0, 0, 0, 0, 0, 0, 0, 0, 0, 0, 0, 0, 0, 0], [0, 1, 0, 0, 0, 0, 0, 0, 0, 0, 0, 0, 0, 0, 0], [0, 0, 1, 0, 0, 0, 0, 0, 0, 0, 0, 0, 0, 0, 0], [0, 0, 0, 1, 0, 0, 0, 0, 0, 0, 0, 0, 0, 0, 0], [0, 0, 0, 0, 1, 0, 0, 0, 0, 0, 0, 0, 0, 0, 0], [0, 0, 0, 0, 0, 1, 0, 0, 0, 0, 0, 0, 0, 0, 0], [0, 0, 0, 0, 0, 0, 1, 0, 0, 0, 0, 0, 0, 0, 0], [0, 0, 0, 0, 0, 0, 0, 1, 0, 0, 0, 0, 0, 0, 0], [0, 0, 0, 0, 0, 0, 0, 0, 1, 0, 0, 0, 0, 0, 0], [0, 0, 0, 0, 0, 0, 0, 0, 0, 1, 0, 0, 0, 0, 0], [0, 0, 0, 0, 0, 0, 0, 0, 0, 0, 1, 0, 0, 0, 0], [0, 0, 0, 0, 0, 0, 0, 0, 0, 0, 0, 1, 0, 0, 0], [0, 0, 0, 0, 0, 0, 0, 0, 0, 0, 0, 0, 1, 0, 0], [0, 0, 0, 0, 0, 0, 0, 0, 0, 0, 0, 0, 0, 1, 0], [0, 0, 0, 0, 0, 0, 0, 0, 0, 0, 0, 0, 0, 0, 1]]
[[1, 0, 0, 0, 0, 0, 0, 0, 0, 0, 0, 0, 0, 0, 0], [0, 1, 0, 0, 0, 0, 0, 0, 0, 0, 0, 0, 0, 0, 0], [0, 0, 1, 0, 0, 0, 0, 0, 0, 0, 0, 0, 0, 0, 0], [0, 0, 0, 1, 0, 0, 0, 0, 0, 0, 0, 0, 0, 0, 0], [0, 0, 0, 0, 1, 0, 0, 0, 0, 0, 0, 0, 0, 0, 0], [0, 0, 0, 0, 0, 1, 0, 0, 0, 0, 0, 0, 0, 0, 0], [0, 0, 0, 0, 0, 0, 1, 0, 0, 0, 0, 0, 0, 0, 0], [0, 0, 0, 0, 0, 0, 0, 1, 0, 0, 0, 0, 0, 0, 0], [0, 0, 0, 0, 0, 0, 0, 0, 1, 0, 0, 0, 0, 0, 0], [0, 0, 0, 0, 0, 0, 0, 0, 0, 1, 0, 0, 0, 0, 0], [0, 0, 0, 0, 0, 0, 0, 0, 0, 0, 1, 0, 0, 0, 0], [0, 0, 0, 0, 0, 0, 0, 0, 0, 0, 0, 1, 0, 0, 0], [0, 0, 0, 0, 0, 0, 0, 0, 0, 0, 0, 0, 1, 0, 0], [0, 0, 0, 0, 0, 0, 0, 0, 0, 0, 0, 0, 0, 1, 0], [0, 0, 0, 0, 0, 0, 0, 0, 0, 0, 0, 0, 0, 0, 1]]
[[6, -6, -4, -2, -2, -4, -3, 1, 2, -3, 2, -4, -2, -4, -1], [-1, 2, 1, 0, 1, 1, 1, 0, -1, 1, 0, 0, 1, 1, 1], [4, -4, -3, -1, -1, -3, -3, 1, 1, -1, 0, 0, -3, -2, -2], [8, -9, -7, -2, -2, -6, -5, 2, 2, -3, 2, -4, -4, -5, -2], [0, 0, 0, 0, 1, 0, 0, 0, 0, 0, 0, 0, 0, 0, 0], [6, -7, -5, -2, -3, -4, -4, 1, 3, -4, 2, -4, -3, -5, -2], [9, -10, -8, -3, -3, -7, -5, 2, 3, -4, 2, -4, -5, -6, -3], [4, -4, -4, -1, -1, -3, -3, 2, 1, -1, 0, 0, -3, -2, -2], [4, -4, -4, -1, -1, -3, -3, 1, 2, -1, 0, 0, -3, -2, -2], [1, -1, -1, 0, -1, -1, -1, 0, 1, 0, 0, 0, -1, -1, -1], [5, -5, -5, -1, -2, -4, -4, 1, 2, -2, 1, 0, -4, -3, -3], [-4, 4, 4, 1, 1, 3, 3, -1, -1, 1, 0, 1, 3, 2, 2], [-14, 15, 13, 4, 5, 11, 10, -3, -5, 6, -2, 4, 10, 9, 6], [5, -5, -5, -1, -2, -4, -4, 1, 2, -2, 0, 0, -4, -2, -3], [1, -1, -1, 0, -1, -1, -1, 0, 1, -1, 0, 0, -1, -1, 0]]
[[1, 0, 0, 0, 0, 0, 0, 0, 0, 0, 0, 0, 0, 0, 0], [0, 1, 0, 0, 0, 0, 0, 0, 0, 0, 0, 0, 0, 0, 0], [0, 0, 1, 0, 0, 0, 0, 0, 0, 0, 0, 0, 0, 0, 0], [0, 0, 0, 1, 0, 0, 0, 0, 0, 0, 0, 0, 0, 0, 0], [0, 0, 0, 0, 1, 0, 0, 0, 0, 0, 0, 0, 0, 0, 0], [0, 0, 0, 0, 0, 1, 0, 0, 0, 0, 0, 0, 0, 0, 0], [0, 0, 0, 0, 0, 0, 1, 0, 0, 0, 0, 0, 0, 0, 0], [0, 0, 0, 0, 0, 0, 0, 1, 0, 0, 0, 0, 0, 0, 0], [0, 0, 0, 0, 0, 0, 0, 0, 1, 0, 0, 0, 0, 0, 0], [0, 0, 0, 0, 0, 0, 0, 0, 0, 1, 0, 0, 0, 0, 0], [0, 0, 0, 0, 0, 0, 0, 0, 0, 0, 1, 0, 0, 0, 0], [0, 0, 0, 0, 0, 0, 0, 0, 0, 0, 0, 1, 0, 0, 0], [0, 0, 0, 0, 0, 0, 0, 0, 0, 0, 0, 0, 1, 0, 0], [0, 0, 0, 0, 0, 0, 0, 0, 0, 0, 0, 0, 0, 1, 0], [0, 0, 0, 0, 0, 0, 0, 0, 0, 0, 0, 0, 0, 0, 1]]
[[1, 0, 0, 0, 0, 0, 0, 0, 0, 0, 0, 0, 0, 0, 0], [0, 1, 0, 0, 0, 0, 0, 0, 0, 0, 0, 0, 0, 0, 0], [0, 0, 1, 0, 0, 0, 0, 0, 0, 0, 0, 0, 0, 0, 0], [0, 0, 0, 1, 0, 0, 0, 0, 0, 0, 0, 0, 0, 0, 0], [0, 0, 0, 0, 1, 0, 0, 0, 0, 0, 0, 0, 0, 0, 0], [0, 0, 0, 0, 0, 1, 0, 0, 0, 0, 0, 0, 0, 0, 0], [0, 0, 0, 0, 0, 0, 1, 0, 0, 0, 0, 0, 0, 0, 0], [0, 0, 0, 0, 0, 0, 0, 1, 0, 0, 0, 0, 0, 0, 0], [0, 0, 0, 0, 0, 0, 0, 0, 1, 0, 0, 0, 0, 0, 0], [0, 0, 0, 0, 0, 0, 0, 0, 0, 1, 0, 0, 0, 0, 0], [0, 0, 0, 0, 0, 0, 0, 0, 0, 0, 1, 0, 0, 0, 0], [0, 0, 0, 0, 0, 0, 0, 0, 0, 0, 0, 1, 0, 0, 0], [0, 0, 0, 0, 0, 0, 0, 0, 0, 0, 0, 0, 1, 0, 0], [0, 0, 0, 0, 0, 0, 0, 0, 0, 0, 0, 0, 0, 1, 0], [0, 0, 0, 0, 0, 0, 0, 0, 0, 0, 0, 0, 0, 0, 1]]
[[5, -5, -6, -2, 0, -3, -3, 2, 0, -3, -1, 0, -5, -2, -2], [-4, 6, 5, 2, 1, 3, 3, -1, -1, 3, 0, 2, 4, 3, 2], [8, -10, -10, -4, -1, -6, -6, 3, 1, -6, -1, -2, -9, -5, -4], [4, -5, -5, -1, -1, -3, -3, 2, 0, -3, 0, -2, -4, -3, -1], [0, 0, 1, 0, 0, 0, 0, 0, 0, 0, 1, -2, 1, -1, 1], [4, -5, -7, -2, 1, -2, -3, 2, 0, -3, -2, 2, -6, -1, -3], [4, -5, -5, -2, -1, -3, -2, 1, 1, -3, 0, -2, -4, -3, -2], [4, -5, -6, -2, 0, -3, -3, 2, 1, -3, -1, 0, -5, -2, -3], [4, -5, -6, -2, 0, -3, -3, 2, 1, -3, -1, 0, -5, -2, -2], [0, 0, -1, 0, 1, 0, 0, 0, 0, 1, -1, 2, -1, 1, -1], [4, -5, -6, -2, 0, -3, -3, 1, 1, -3, 0, 0, -5, -2, -3], [0, 0, 1, 0, -1, 0, 0, -1, 1, 0, 1, -1, 1, -1, 0], [-8, 10, 12, 4, 0, 6, 6, -3, -1, 6, 2, 0, 11, 4, 5], [4, -5, -6, -2, 0, -3, -3, 2, 0, -3, -1, 0, -5, -1, -2], [0, 0, 0, 0, 0, 0, 0, -1, 1, 0, 0, 0, 0, 0, 0]]
[[1, 0, 0, 0, 0, 0, 0, 0, 0, 0, 0, 0, 0, 0, 0], [0, 1, 0, 0, 0, 0, 0, 0, 0, 0, 0, 0, 0, 0, 0], [0, 0, 1, 0, 0, 0, 0, 0, 0, 0, 0, 0, 0, 0, 0], [0, 0, 0, 1, 0, 0, 0, 0, 0, 0, 0, 0, 0, 0, 0], [0, 0, 0, 0, 1, 0, 0, 0, 0, 0, 0, 0, 0, 0, 0], [0, 0, 0, 0, 0, 1, 0, 0, 0, 0, 0, 0, 0, 0, 0], [0, 0, 0, 0, 0, 0, 1, 0, 0, 0, 0, 0, 0, 0, 0], [0, 0, 0, 0, 0, 0, 0, 1, 0, 0, 0, 0, 0, 0, 0], [0, 0, 0, 0, 0, 0, 0, 0, 1, 0, 0, 0, 0, 0, 0], [0, 0, 0, 0, 0, 0, 0, 0, 0, 1, 0, 0, 0, 0, 0], [0, 0, 0, 0, 0, 0, 0, 0, 0, 0, 1, 0, 0, 0, 0], [0, 0, 0, 0, 0, 0, 0, 0, 0, 0, 0, 1, 0, 0, 0], [0, 0, 0, 0, 0, 0, 0, 0, 0, 0, 0, 0, 1, 0, 0], [0, 0, 0, 0, 0, 0, 0, 0, 0, 0, 0, 0, 0, 1, 0], [0, 0, 0, 0, 0, 0, 0, 0, 0, 0, 0, 0, 0, 0, 1]]
[[1, -1, -1, 0, -1, -2, -1, 0, 1, 0, 0, 0, -2, -1, -1], [4, -4, -4, -1, -2, -3, -3, 1, 1, -4, 1, -2, -3, -3, -1], [-4, 5, 5, 1, 2, 3, 3, -1, -1, 4, -1, 2, 3, 3, 1], [8, -10, -8, -1, -4, -7, -6, 2, 3, -7, 2, -4, -6, -6, -2], [8, -10, -8, -2, -3, -6, -6, 2, 2, -8, 2, -4, -6, -6, -2], [-8, 10, 8, 2, 4, 6, 6, -2, -1, 9, -2, 4, 6, 6, 2], [4, -5, -4, -1, -2, -4, -2, 1, 2, -3, 1, -2, -3, -3, -1], [-4, 5, 4, 1, 2, 3, 3, 0, -1, 4, -1, 2, 3, 3, 1], [-8, 10, 8, 2, 4, 7, 6, -2, -2, 7, -2, 4, 6, 6, 2], [0, 0, 0, 0, 0, 0, 0, 0, 0, 1, 0, 0, 0, 0, 0], [-4, 6, 5, 1, 3, 4, 4, -1, -1, 5, 0, 2, 5, 4, 2], [-4, 5, 4, 1, 2, 3, 3, -1, -1, 4, -1, 3, 3, 3, 1], [4, -6, -5, -1, -3, -4, -4, 1, 1, -5, 1, -2, -4, -4, -2], [-8, 10, 8, 2, 4, 7, 6, -2, -3, 7, -2, 4, 6, 7, 2], [-4, 5, 4, 1, 2, 4, 3, -1, -2, 3, -1, 2, 3, 3, 2]]
[[1, 0, 0, 0, 0, 0, 0, 0, 0, 0, 0, 0, 0, 0, 0], [0, 1, 0, 0, 0, 0, 0, 0, 0, 0, 0, 0, 0, 0, 0], [0, 0, 1, 0, 0, 0, 0, 0, 0, 0, 0, 0, 0, 0, 0], [0, 0, 0, 1, 0, 0, 0, 0, 0, 0, 0, 0, 0, 0, 0], [0, 0, 0, 0, 1, 0, 0, 0, 0, 0, 0, 0, 0, 0, 0], [0, 0, 0, 0, 0, 1, 0, 0, 0, 0, 0, 0, 0, 0, 0], [0, 0, 0, 0, 0, 0, 1, 0, 0, 0, 0, 0, 0, 0, 0], [0, 0, 0, 0, 0, 0, 0, 1, 0, 0, 0, 0, 0, 0, 0], [0, 0, 0, 0, 0, 0, 0, 0, 1, 0, 0, 0, 0, 0, 0], [0, 0, 0, 0, 0, 0, 0, 0, 0, 1, 0, 0, 0, 0, 0], [0, 0, 0, 0, 0, 0, 0, 0, 0, 0, 1, 0, 0, 0, 0], [0, 0, 0, 0, 0, 0, 0, 0, 0, 0, 0, 1, 0, 0, 0], [0, 0, 0, 0, 0, 0, 0, 0, 0, 0, 0, 0, 1, 0, 0], [0, 0, 0, 0, 0, 0, 0, 0, 0, 0, 0, 0, 0, 1, 0], [0, 0, 0, 0, 0, 0, 0, 0, 0, 0, 0, 0, 0, 0, 1]]
