
#########################################################
# DATA FOR CRYSTALLOGRAPHIC QUARTIC SURFACE FAMILY 12.3 #
#########################################################


##################
# GROUP & FAMILY #
##################

Generators of crystallographic group:
[[0, -1, 0, -1], [-1, 0, -1, 0], [0, 0, 0, 1], [0, 0, 1, 0]]
[[0, -1, 0, -1], [-1, 0, 0, 0], [0, 0, 0, 1], [0, 0, -1, 0]]

Invariant polynomials:
z^4 + w^4
-8*x^3*y - 8*x*y^3 - 12*x^2*y*z - 4*y^3*z + 2*y*z^3 - 4*x^3*w - 12*x*y^2*w - 6*x^2*z*w - 6*y^2*z*w + z^3*w + 2*x*w^3 + z*w^3
-x^4 - y^4 - 2*x^3*z + x*z^3 - 2*y^3*w + y*w^3
z^2*w^2
4*x^3*y + 4*x*y^3 + 6*x^2*y*z + 2*y^3*z + 2*x*y*z^2 + 2*x^3*w + 6*x*y^2*w + 3*x^2*z*w + 3*y^2*z*w + x*z^2*w + 2*x*y*w^2 + y*z*w^2
y^2*z^2 + y*z^2*w + x^2*w^2 + x*z*w^2
x^4 + y^4 + 2*x^3*z + x^2*z^2 + 2*y^3*w + y^2*w^2
x^2*y^2 + x*y^2*z + x^2*y*w + x*y*z*w

Equivalent crystallographic groups:
12.4
12.5

############
# HOMOLOGY #
############


Intersection product:
[[-2, -1, 1, -1, 0, 0, -1, 0, 1, -1, -2, -1, 0, 0, 0, 1, 0, 1, -1, 1, 1, 1], [-1, -2, 0, 0, -1, 0, -1, 0, 1, 0, -1, -2, -1, 0, 0, 0, 0, 1, -2, 0, 1, 0], [1, 0, -2, 1, 0, 0, 0, 1, 0, 0, 1, 0, 0, 1, 1, 0, 1, 1, 0, 0, 0, 0], [-1, 0, 1, -2, 0, -1, 0, 0, 0, -1, -1, 0, 0, 0, -1, 0, 0, 0, 0, 0, 0, 0], [0, -1, 0, 0, -2, -1, 0, 0, 0, 0, 1, -1, -1, 0, 0, -1, 0, 0, -1, -1, 0, -1], [0, 0, 0, -1, -1, -2, 0, 0, 0, -1, 0, 0, 0, 1, 0, 0, 0, 0, 0, 0, 0, 0], [-1, -1, 0, 0, 0, 0, -2, 0, 1, -1, -2, -2, -1, 0, 0, 0, 0, 1, -2, 0, 1, 0], [0, 0, 1, 0, 0, 0, 0, -2, -1, 0, 0, 0, 0, -1, -1, -1, -1, -2, 0, -1, -1, -1], [1, 1, 0, 0, 0, 0, 1, -1, -2, 0, 1, 1, 1, 0, 0, 0, 0, -1, 1, 0, -1, 0], [-1, 0, 0, -1, 0, -1, -1, 0, 0, -2, -2, -1, 0, 1, 0, 1, 0, 1, -1, 1, 1, 1], [-2, -1, 1, -1, 1, 0, -2, 0, 1, -2, -4, -2, -1, 0, -1, 0, 0, 1, -2, 0, 1, 0], [-1, -2, 0, 0, -1, 0, -2, 0, 1, -1, -2, -4, -2, 0, 0, -1, 0, 1, -3, -1, 1, -1], [0, -1, 0, 0, -1, 0, -1, 0, 1, 0, -1, -2, -2, 0, 0, -1, 0, 0, -1, -1, 0, -1], [0, 0, 1, 0, 0, 1, 0, -1, 0, 1, 0, 0, 0, -2, -1, -1, -1, -1, 0, -1, -1, -1], [0, 0, 1, -1, 0, 0, 0, -1, 0, 0, -1, 0, 0, -1, -2, -1, 0, -1, 0, -1, -1, -1], [1, 0, 0, 0, -1, 0, 0, -1, 0, 1, 0, -1, -1, -1, -1, -2, 0, -1, 0, -1, -1, -1], [0, 0, 1, 0, 0, 0, 0, -1, 0, 0, 0, 0, 0, -1, 0, 0, -2, -2, 0, -1, -1, -1], [1, 1, 1, 0, 0, 0, 1, -2, -1, 1, 1, 1, 0, -1, -1, -1, -2, -4, 2, -1, -2, -1], [-1, -2, 0, 0, -1, 0, -2, 0, 1, -1, -2, -3, -1, 0, 0, 0, 0, 2, -4, -1, 1, -1], [1, 0, 0, 0, -1, 0, 0, -1, 0, 1, 0, -1, -1, -1, -1, -1, -1, -1, -1, -2, -1, -1], [1, 1, 0, 0, 0, 0, 1, -1, -1, 1, 1, 1, 0, -1, -1, -1, -1, -2, 1, -1, -2, 0], [1, 0, 0, 0, -1, 0, 0, -1, 0, 1, 0, -1, -1, -1, -1, -1, -1, -1, -1, -1, 0, -2]]

Basis of the generic Picard lattice:
[1, 0, 0, 0, 0, 0, 0, 0, 0, 0, 0, 0, 0, 0, 1, 0, 0, -1, 1, 0, 2, -1]
[0, 1, 0, 0, 0, 0, 0, 0, 0, 0, 0, 0, 0, 0, 0, 0, 0, -1, 0, 1, 1, -2]
[0, 0, 1, 0, 0, 0, 0, 0, 0, 0, 0, 0, 0, 0, 1, 0, 0, 1, 0, -2, -1, 3]
[0, 0, 0, 1, 0, 0, 0, 0, 0, 0, 0, 0, 0, 0, -1, 0, 0, 0, 0, 1, 0, -1]
[0, 0, 0, 0, 1, 0, 0, 0, 0, 0, 0, 0, 0, 0, -2, 0, 0, 1, -1, 1, -1, -1]
[0, 0, 0, 0, 0, 1, 0, 0, 0, 0, 0, 0, 0, 0, 0, 0, 0, 1, 0, -1, 0, 1]
[0, 0, 0, 0, 0, 0, 1, 0, 0, 0, 0, 0, 0, 0, 1, 0, 0, -1, 0, 1, 1, -1]
[0, 0, 0, 0, 0, 0, 0, 1, 0, 0, 0, 0, 0, 0, -1, 0, 0, -1, -1, 2, 0, -2]
[0, 0, 0, 0, 0, 0, 0, 0, 1, 0, 0, 0, 0, 0, 0, 0, 0, 1, 0, -2, -1, 2]
[0, 0, 0, 0, 0, 0, 0, 0, 0, 1, 0, 0, 0, 0, 2, 0, 0, -1, 1, 0, 2, -1]
[0, 0, 0, 0, 0, 0, 0, 0, 0, 0, 1, 0, 0, 0, 1, 0, 0, -3, 0, 3, 2, -3]
[0, 0, 0, 0, 0, 0, 0, 0, 0, 0, 0, 1, 0, 0, 0, 0, 0, -1, -1, 1, 0, -1]
[0, 0, 0, 0, 0, 0, 0, 0, 0, 0, 0, 0, 1, 0, 0, 0, 0, 0, 0, -1, 0, 1]
[0, 0, 0, 0, 0, 0, 0, 0, 0, 0, 0, 0, 0, 1, -1, 0, -1, 1, 0, 0, -1, 0]
[0, 0, 0, 0, 0, 0, 0, 0, 0, 0, 0, 0, 0, 0, 0, 1, 0, 1, 0, -2, -1, 2]

Class of hyperplane section:
[0, 0, 0, 0, -1, 2, 0, 0, 0, 0, 0, 0, 1, 3, -1, -2, -3, 2, 1, 0, 0, 0]

Action of the group on homology:
[[-1, -1, 1, 1, -1, 0, 0, 0, 0, -1, 0, 0, 0, 0, 1, 0, 0, 0, 0, 0, 0, -1], [1, 1, -1, 0, 0, 0, 0, 0, 0, 1, 1, 0, 0, 0, 0, 0, 0, 0, 0, 0, 0, 1], [0, -1, 0, 0, -2, -1, 0, 0, 0, 0, 1, -1, -1, 0, 0, -1, 0, 0, -1, -1, 0, -1], [1, 0, -1, -1, -1, -1, 0, 0, 0, 1, 1, -1, -1, 0, 0, 0, -1, 0, -1, 0, 1, 0], [0, -1, -1, 0, -1, -1, 0, 0, 0, 0, 1, -1, -1, 0, 0, -1, 0, 0, -1, -1, 0, -1], [-1, 1, 2, 1, 1, 1, 0, -1, -1, -1, -1, 2, 1, 0, 0, 0, 0, -1, 2, 0, -1, 0], [0, 0, 0, 0, 0, 0, 0, -1, -1, 0, 0, 0, 0, 0, 0, 0, 0, 0, 0, 0, 0, 1], [0, 0, 0, 0, 0, 0, 0, 1, 0, 0, 0, 0, 0, 0, 0, 0, 0, 0, 0, 0, 0, 0], [-1, 0, 1, 0, 0, 0, -1, -1, 0, -1, -1, 0, 0, 0, 0, 0, 0, 0, 0, 0, 0, 0], [1, 0, -1, -1, 0, 0, 0, 0, 0, 1, 0, -1, 0, 0, -1, 0, 0, 0, -1, 0, 0, 0], [0, 0, 0, 0, -1, -1, 0, 0, 0, 0, 1, 0, -1, 0, 0, -1, 0, 0, 0, -1, 0, -1], [-1, 0, 1, 1, 1, 1, 0, 0, 0, -1, -1, 1, 1, 0, 0, 0, 1, 0, 1, 1, 0, 0], [-1, 0, 1, 0, 1, 1, -1, 0, 0, -1, -2, 0, 1, 0, 0, 1, 0, 1, -1, 0, 0, 0], [-1, 0, 1, 0, 0, 0, -1, -1, -1, -1, -1, 0, 0, 1, 0, 0, 0, 0, 0, 0, 0, 0], [0, 0, 0, 1, 1, 1, 0, 0, 0, -1, -1, 0, 1, 0, 0, 0, 1, 0, 0, 0, -1, 0], [2, 0, -2, -1, -1, -1, 1, 1, 1, 2, 2, -1, -1, 0, 0, 0, 0, 0, 0, 0, 1, 0], [1, 0, -1, 0, 0, 0, 1, 1, 1, 1, 1, 0, 0, 0, 0, 0, 1, 0, 0, 0, 0, 0], [0, 0, 0, -1, -1, -1, 0, -1, -1, 0, 1, 0, 0, 0, 0, 0, -1, 0, 0, 0, 0, 0], [0, 0, 0, -1, 0, 0, 0, 0, 0, 0, 0, 0, 0, 0, 0, 1, -1, 0, 0, 0, 0, 0], [1, 0, -1, 0, -1, -1, 0, 0, 0, 1, 1, 0, -1, 0, 0, -1, 0, 0, 0, 0, 0, 0], [-1, 0, 1, 1, 1, 1, 0, 0, 0, -1, -1, 1, 1, 0, 0, 1, 0, 0, 0, 0, 0, 0], [-1, 0, 1, 0, 0, 0, 0, 0, 0, -1, -1, 0, 0, 0, 0, 0, 0, 0, 0, 0, 0, 0]]
[[1, 0, -1, 1, -1, 0, 1, 1, 0, 1, 1, 0, 0, 0, 0, 0, 0, 0, -1, 0, 0, 0], [-1, 0, 1, -1, 1, 0, 0, 0, 0, -1, -1, 0, 0, 0, 0, 0, 0, 0, 1, 0, 0, 0], [0, 0, 0, 0, 0, 0, 0, 0, 0, 0, -1, 0, 0, 0, 0, 0, 0, 0, 0, 1, 0, 1], [-1, 0, 1, -1, 1, 0, -1, -1, 0, -1, -2, 0, 0, 0, -1, -1, 1, 0, 1, 0, -1, 1], [0, 0, 0, 0, 1, 1, 0, 0, 0, 0, -1, 1, 1, 0, 0, 1, 1, 1, 0, 1, 0, 1], [1, 0, -1, 0, -2, -1, 1, 1, 0, 1, 2, -1, 0, 0, 0, 0, -1, 0, -1, 0, 1, -1], [0, 0, -1, -1, 0, -1, 0, 1, 0, -1, 0, 0, 0, 1, 0, 0, 1, 1, 0, 0, 0, 0], [0, 0, 1, 0, -1, -1, 0, -1, 0, 0, 0, 0, 0, 0, 0, 0, -1, -1, 0, 0, 0, 0], [1, 0, -1, 0, 0, 0, 1, 1, 0, 1, 1, 0, 0, 0, 0, 0, 0, 0, 0, 0, 0, 0], [-1, 0, 1, 0, 1, 0, -1, -1, 0, -1, -1, 1, 0, 0, 0, 0, 0, 0, 1, 0, 0, 0], [0, 0, 0, 0, 1, 1, 0, 0, 0, 0, -1, 0, 1, 0, 0, 1, 0, 0, 0, 1, 0, 1], [2, 0, -1, 1, -2, 0, 1, 0, 0, 2, 2, -1, -1, -1, 0, -1, -1, -1, -1, -1, 0, -2], [0, 0, 0, 0, -1, -1, 1, 0, 0, 1, 2, 1, 0, 0, 0, 0, -1, -1, 1, 0, 0, 0], [0, 0, 0, -1, -1, -1, 0, 0, 0, 0, 0, 0, 0, 0, -1, 0, -1, 0, 0, 0, 0, 0], [1, 0, -1, 1, -1, 0, 1, 1, 0, 1, 2, 0, -1, 0, 1, 0, 0, 0, 0, 0, 1, -1], [-1, 1, 1, 0, 3, 1, -1, -1, -1, -2, -2, 1, 1, 0, 0, 0, 1, 0, 1, 0, -1, 1], [0, 0, 0, 1, 1, 1, 0, 0, 0, 0, 0, 0, 0, -1, 1, 0, 0, 0, 0, 0, 0, 0], [-1, 0, 0, -1, 1, 0, -1, 0, 0, -1, -2, 0, 0, 1, -1, 0, 1, 1, 0, 0, 0, 1], [-1, 0, 0, 0, 1, 0, -1, 0, 0, -1, -1, 0, 0, 1, 0, 0, 1, 1, 0, 0, 0, 1], [-1, -1, 1, -1, 0, 0, -1, -1, 0, -1, -2, -1, 0, 0, -1, 0, 0, 0, -1, 0, 0, 0], [1, 0, -1, 1, -1, 0, 1, 1, 0, 1, 2, 0, 0, 0, 1, 0, 0, 0, 0, 0, 0, -1], [1, 0, -1, 1, -1, 0, 1, 1, 0, 1, 2, 0, 0, 0, 1, 0, 0, 0, 0, 0, 0, 0]]

####################
# ALGEBRAIC CURVES #
####################


There are 200 conics:
[0, 0, 0, 0, 0, 1, 0, 0, 1, 0, 1, -1, 1, 2, -1, -1, -2, 1, 1, 0, 0, 0]
[0, 0, 0, 0, -1, 1, 0, 0, -1, 0, -1, 1, 0, 1, 0, -1, -1, 1, 0, 0, 0, 0]
[1, 0, 1, 0, 0, 2, 0, 0, 1, -1, 1, 0, 1, 2, -1, -2, -2, 1, 0, 0, 0, 1]
[-1, 0, -1, 0, -1, 0, 0, 0, -1, 1, -1, 0, 0, 1, 0, 0, -1, 1, 1, 0, 0, -1]
[1, 0, 0, -1, -1, 3, 0, 0, 0, -1, 0, 1, 0, 2, 0, -2, -2, 1, 0, 0, 1, 0]
[-1, 0, 0, 1, 0, -1, 0, 0, 0, 1, 0, -1, 1, 1, -1, 0, -1, 1, 1, 0, -1, 0]
[1, -1, 0, -1, -1, 2, -1, 1, 0, 0, 0, 1, 2, 2, 0, -2, -2, 0, 0, -1, 1, 1]
[-1, 1, 0, 1, 0, 0, 1, -1, 0, 0, 0, -1, -1, 1, -1, 0, -1, 2, 1, 1, -1, -1]
[0, 0, 1, 1, 1, -1, 0, 0, -1, 1, 0, -1, -1, 1, -1, 1, -1, 2, 1, 1, -1, -1]
[0, 0, -1, -1, -2, 3, 0, 0, 1, -1, 0, 1, 2, 2, 0, -3, -2, 0, 0, -1, 1, 1]
[1, -1, 0, -1, -1, 3, 1, 0, 1, -1, 0, 1, 2, 3, 0, -4, -3, 1, 0, 0, 1, 1]
[-1, 1, 0, 1, 0, -1, -1, 0, -1, 1, 0, -1, -1, 0, -1, 2, 0, 1, 1, 0, -1, -1]
[1, -1, 0, -1, 0, 2, 0, -1, 1, -1, 1, 1, 0, 2, 0, -2, -2, 1, 0, 0, 0, 1]
[-1, 1, 0, 1, -1, 0, 0, 1, -1, 1, -1, -1, 1, 1, -1, 0, -1, 1, 1, 0, 0, -1]
[1, -1, 0, -1, 0, 2, 0, 0, 1, -1, 1, 0, 1, 2, -1, -2, -2, 1, 0, 0, 0, 1]
[-1, 1, 0, 1, -1, 0, 0, 0, -1, 1, -1, 0, 0, 1, 0, 0, -1, 1, 1, 0, 0, -1]
[0, 0, 0, 1, -1, 1, 0, 0, 0, 0, 0, 0, 1, 2, -1, -1, -2, 1, 1, 0, 0, 0]
[0, 0, 0, -1, 0, 1, 0, 0, 0, 0, 0, 0, 0, 1, 0, -1, -1, 1, 0, 0, 0, 0]
[0, 0, 0, 1, -1, 1, 0, 1, 0, 0, 0, -1, 2, 2, -2, -1, -2, 1, 1, 0, 0, 0]
[0, 0, 0, -1, 0, 1, 0, -1, 0, 0, 0, 1, -1, 1, 1, -1, -1, 1, 0, 0, 0, 0]
[0, 0, 0, 1, 0, 0, -1, 0, 0, 0, 1, -1, 0, 1, -2, 1, -1, 1, 1, 0, -1, 0]
[0, 0, 0, -1, -1, 2, 1, 0, 0, 0, -1, 1, 1, 2, 1, -3, -2, 1, 0, 0, 1, 0]
[1, -1, 1, 1, 1, 0, 0, 0, 0, 0, 1, -1, 0, 2, -2, 0, -2, 2, 1, 1, -1, 0]
[-1, 1, -1, -1, -2, 2, 0, 0, 0, 0, -1, 1, 1, 1, 1, -2, -1, 0, 0, -1, 1, 0]
[0, 0, 0, 1, 0, 1, 1, -1, 1, -1, 1, -1, 0, 2, -2, -1, -2, 2, 1, 1, -1, 0]
[0, 0, 0, -1, -1, 1, -1, 1, -1, 1, -1, 1, 1, 1, 1, -1, -1, 0, 0, -1, 1, 0]
[2, -1, 0, -1, -1, 4, 0, 0, 1, -2, 1, 1, 1, 3, -1, -3, -3, 1, 0, 0, 1, 1]
[-2, 1, 0, 1, 0, -2, 0, 0, -1, 2, -1, -1, 0, 0, 0, 1, 0, 1, 1, 0, -1, -1]
[0, 1, 1, 0, 0, 1, 0, 0, 0, 0, 0, 0, 0, 1, 0, -1, -1, 1, 0, 0, 0, 0]
[0, -1, -1, 0, -1, 1, 0, 0, 0, 0, 0, 0, 1, 2, -1, -1, -2, 1, 1, 0, 0, 0]
[1, -1, 0, 0, -1, 2, 0, 0, 0, -1, 0, 1, 1, 2, -1, -2, -2, 1, 0, 0, 0, 1]
[-1, 1, 0, 0, 0, 0, 0, 0, 0, 1, 0, -1, 0, 1, 0, 0, -1, 1, 1, 0, 0, -1]
[1, -1, 0, 0, 0, 1, 0, 0, 0, 0, 0, 0, 0, 2, -1, -1, -2, 2, 1, 0, 0, 0]
[-1, 1, 0, 0, -1, 1, 0, 0, 0, 0, 0, 0, 1, 1, 0, -1, -1, 0, 0, 0, 0, 0]
[0, 0, 0, 1, 0, 0, 0, -1, 0, 0, 0, 0, -1, 1, -1, 0, -1, 2, 1, 0, -1, 0]
[0, 0, 0, -1, -1, 2, 0, 1, 0, 0, 0, 0, 2, 2, 0, -2, -2, 0, 0, 0, 1, 0]
[0, 0, 0, 1, -1, 1, 1, 0, 0, 0, -1, 0, 1, 2, -1, -2, -2, 2, 1, 0, 0, 0]
[0, 0, 0, -1, 0, 1, -1, 0, 0, 0, 1, 0, 0, 1, 0, 0, -1, 0, 0, 0, 0, 0]
[0, 0, 1, 0, 1, 0, 0, 0, 0, 0, 1, -1, 0, 1, -1, 0, -1, 1, 0, 1, -1, 0]
[0, 0, -1, 0, -2, 2, 0, 0, 0, 0, -1, 1, 1, 2, 0, -2, -2, 1, 1, -1, 1, 0]
[0, 0, 0, 1, -1, 0, -1, 1, -1, 1, -1, 0, 1, 1, -1, 0, -1, 1, 1, -1, 0, 0]
[0, 0, 0, -1, 0, 2, 1, -1, 1, -1, 1, 0, 0, 2, 0, -2, -2, 1, 0, 1, 0, 0]
[1, 0, 0, -2, -1, 4, 0, 0, 1, -2, 1, 1, 1, 2, 0, -3, -2, 0, -1, 0, 1, 1]
[-1, 0, 0, 2, 0, -2, 0, 0, -1, 2, -1, -1, 0, 1, -1, 1, -1, 2, 2, 0, -1, -1]
[1, 0, 1, 1, 0, 1, 0, 0, 0, 0, 0, 0, 0, 2, -1, -1, -2, 2, 1, 0, 0, 0]
[-1, 0, -1, -1, -1, 1, 0, 0, 0, 0, 0, 0, 1, 1, 0, -1, -1, 0, 0, 0, 0, 0]
[1, -1, 0, -2, -1, 3, 0, 0, 0, -1, 0, 2, 1, 2, 1, -3, -2, 0, -1, 0, 1, 1]
[-1, 1, 0, 2, 0, -1, 0, 0, 0, 1, 0, -2, 0, 1, -2, 1, -1, 2, 2, 0, -1, -1]
[1, -1, 0, -1, -1, 2, 0, 0, 0, 0, -1, 2, 1, 2, 1, -3, -2, 1, 0, -1, 1, 1]
[-1, 1, 0, 1, 0, 0, 0, 0, 0, 0, 1, -2, 0, 1, -2, 1, -1, 1, 1, 1, -1, -1]
[1, 0, 1, 0, 0, 2, 0, 0, 0, -1, 1, 0, 0, 2, -1, -1, -2, 1, 0, 1, 0, 0]
[-1, 0, -1, 0, -1, 0, 0, 0, 0, 1, -1, 0, 1, 1, 0, -1, -1, 1, 1, -1, 0, 0]
[1, 0, 0, -1, -1, 3, 0, 0, 1, -1, 0, 1, 1, 2, 0, -3, -2, 1, 0, -1, 1, 1]
[-1, 0, 0, 1, 0, -1, 0, 0, -1, 1, 0, -1, 0, 1, -1, 1, -1, 1, 1, 1, -1, -1]
[0, 0, 0, 0, 0, 1, 1, -1, 1, 0, 0, 0, 0, 2, 0, -2, -2, 2, 1, 0, 0, 0]
[0, 0, 0, 0, -1, 1, -1, 1, -1, 0, 0, 0, 1, 1, -1, 0, -1, 0, 0, 0, 0, 0]
[0, 0, 1, 1, 1, -1, 0, 0, 0, 1, 0, -1, 0, 1, -1, 0, -1, 2, 1, 0, -1, 0]
[0, 0, -1, -1, -2, 3, 0, 0, 0, -1, 0, 1, 1, 2, 0, -2, -2, 0, 0, 0, 1, 0]
[0, 0, 0, 0, 0, 0, -1, 0, 0, 1, 0, 0, 0, 1, 0, 0, -1, 1, 1, -1, 0, 0]
[0, 0, 0, 0, -1, 2, 1, 0, 0, -1, 0, 0, 1, 2, -1, -2, -2, 1, 0, 1, 0, 0]
[0, 0, 0, 0, 0, 1, 0, -1, 0, -1, 1, 0, -1, 1, -1, 0, -1, 1, 0, 1, -1, 0]
[0, 0, 0, 0, -1, 1, 0, 1, 0, 1, -1, 0, 2, 2, 0, -2, -2, 1, 1, -1, 1, 0]
[1, -1, 0, -1, 0, 2, 0, 0, 0, -1, 1, 0, 0, 2, -1, -1, -2, 1, 0, 1, 0, 0]
[-1, 1, 0, 1, -1, 0, 0, 0, 0, 1, -1, 0, 1, 1, 0, -1, -1, 1, 1, -1, 0, 0]
[1, -1, 0, 0, -1, 2, 0, 0, 0, -1, 0, 1, 0, 2, -1, -2, -2, 1, 0, 1, 0, 0]
[-1, 1, 0, 0, 0, 0, 0, 0, 0, 1, 0, -1, 1, 1, 0, 0, -1, 1, 1, -1, 0, 0]
[0, 0, 1, 0, 0, 0, -1, 1, 0, 1, 0, 0, 1, 1, 0, -1, -1, 0, 0, 0, 0, 0]
[0, 0, -1, 0, -1, 2, 1, -1, 0, -1, 0, 0, 0, 2, -1, -1, -2, 2, 1, 0, 0, 0]
[1, -1, 0, 0, 0, 0, -1, 0, -1, 0, 0, 0, 0, 1, -1, 0, -1, 1, 1, 0, 0, 0]
[-1, 1, 0, 0, -1, 2, 1, 0, 1, 0, 0, 0, 1, 2, 0, -2, -2, 1, 0, 0, 0, 0]
[1, 0, 0, -2, -1, 3, 0, 0, 1, -1, 0, 1, 2, 2, 1, -4, -2, 0, 0, -1, 2, 1]
[-1, 0, 0, 2, 0, -1, 0, 0, -1, 1, 0, -1, -1, 1, -2, 2, -1, 2, 1, 1, -2, -1]
[1, 0, 1, 1, 0, 1, 0, 0, 0, -1, 1, -1, -1, 2, -2, 0, -2, 2, 1, 1, -1, 0]
[-1, 0, -1, -1, -1, 1, 0, 0, 0, 1, -1, 1, 2, 1, 1, -2, -1, 0, 0, -1, 1, 0]
[0, 0, 0, 1, 1, 0, 0, -1, 0, 0, 1, -1, -1, 1, -2, 1, -1, 2, 1, 1, -1, -1]
[0, 0, 0, -1, -2, 2, 0, 1, 0, 0, -1, 1, 2, 2, 1, -3, -2, 0, 0, -1, 1, 1]
[0, 0, 0, 1, -1, 1, -1, 0, -1, 0, 0, 0, 0, 1, -1, 0, -1, 1, 1, 0, 0, 0]
[0, 0, 0, -1, 0, 1, 1, 0, 1, 0, 0, 0, 1, 2, 0, -2, -2, 1, 0, 0, 0, 0]
[1, 0, 0, -2, -1, 3, 0, 0, 1, -1, 0, 2, 1, 2, 1, -3, -2, 0, -1, -1, 1, 1]
[-1, 0, 0, 2, 0, -1, 0, 0, -1, 1, 0, -2, 0, 1, -2, 1, -1, 2, 2, 1, -1, -1]
[1, 0, 0, 0, -1, 2, 0, 0, 0, -1, 0, 1, 0, 2, -1, -1, -2, 1, 0, 0, 0, 0]
[-1, 0, 0, 0, 0, 0, 0, 0, 0, 1, 0, -1, 1, 1, 0, -1, -1, 1, 1, 0, 0, 0]
[0, 0, 0, 1, 0, 0, 1, 0, 0, 0, 0, -1, 0, 2, -2, 0, -2, 2, 1, 1, -1, -1]
[0, 0, 0, -1, -1, 2, -1, 0, 0, 0, 0, 1, 1, 1, 1, -2, -1, 0, 0, -1, 1, 1]
[0, 0, 0, 1, -2, 1, 0, 1, -1, 0, -1, 0, 1, 2, -1, -1, -2, 1, 1, 0, 0, 0]
[0, 0, 0, -1, 1, 1, 0, -1, 1, 0, 1, 0, 0, 1, 0, -1, -1, 1, 0, 0, 0, 0]
[1, 0, 1, -1, 0, 2, 0, 0, 1, -1, 1, 0, 0, 2, 0, -2, -2, 1, 0, 0, 0, 1]
[-1, 0, -1, 1, -1, 0, 0, 0, -1, 1, -1, 0, 1, 1, -1, 0, -1, 1, 1, 0, 0, -1]
[1, 0, 0, 0, -1, 2, 0, 0, 0, -1, 0, 0, 1, 2, -1, -2, -2, 1, 1, 0, 1, 0]
[-1, 0, 0, 0, 0, 0, 0, 0, 0, 1, 0, 0, 0, 1, 0, 0, -1, 1, 0, 0, -1, 0]
[1, -1, 0, -2, 0, 1, -1, 0, 0, 0, 0, 1, 1, 1, 1, -2, -1, 0, 0, -1, 1, 1]
[-1, 1, 0, 2, -1, 1, 1, 0, 0, 0, 0, -1, 0, 2, -2, 0, -2, 2, 1, 1, -1, -1]
[0, 0, 1, 2, 0, -1, -1, 1, -1, 1, 0, -1, 0, 1, -2, 1, -1, 1, 1, 1, -1, -1]
[0, 0, -1, -2, -1, 3, 1, -1, 1, -1, 0, 1, 1, 2, 1, -3, -2, 1, 0, -1, 1, 1]
[1, -1, 0, -2, -1, 3, 0, 0, 1, -1, 0, 2, 1, 2, 1, -4, -2, 0, -1, 0, 1, 1]
[-1, 1, 0, 2, 0, -1, 0, 0, -1, 1, 0, -2, 0, 1, -2, 2, -1, 2, 2, 0, -1, -1]
[1, -1, 0, -1, -1, 2, 0, 0, 0, -1, 0, 1, 0, 2, 0, -2, -2, 1, 0, 0, 0, 1]
[-1, 1, 0, 1, 0, 0, 0, 0, 0, 1, 0, -1, 1, 1, -1, 0, -1, 1, 1, 0, 0, -1]
[0, 1, 1, 1, -1, 1, 0, 1, 0, 0, 0, -1, 1, 2, -1, -1, -2, 1, 1, 0, 0, 0]
[0, -1, -1, -1, 0, 1, 0, -1, 0, 0, 0, 1, 0, 1, 0, -1, -1, 1, 0, 0, 0, 0]
[2, -1, 0, -2, 0, 3, 0, -1, 1, -2, 1, 1, 0, 2, 0, -3, -2, 1, 0, 0, 1, 1]
[-2, 1, 0, 2, -1, -1, 0, 1, -1, 2, -1, -1, 1, 1, -1, 1, -1, 1, 1, 0, -1, -1]
[0, 0, 0, 0, 0, 2, 1, -1, 1, -1, 1, 0, -1, 2, -1, -1, -2, 2, 0, 1, -1, 0]
[0, 0, 0, 0, -1, 0, -1, 1, -1, 1, -1, 0, 2, 1, 0, -1, -1, 0, 1, -1, 1, 0]
[1, -1, 0, -1, -1, 3, 0, 0, 0, -1, 0, 1, 1, 2, 0, -3, -2, 1, 0, 0, 1, 1]
[-1, 1, 0, 1, 0, -1, 0, 0, 0, 1, 0, -1, 0, 1, -1, 1, -1, 1, 1, 0, -1, -1]
[1, 0, 1, 0, 0, 1, 0, 1, 0, 0, 0, 0, 1, 2, -1, -1, -2, 1, 0, 0, 0, 0]
[-1, 0, -1, 0, -1, 1, 0, -1, 0, 0, 0, 0, 0, 1, 0, -1, -1, 1, 1, 0, 0, 0]
[2, -1, 0, -2, -1, 4, 1, 0, 1, -2, 0, 2, 1, 3, 0, -4, -3, 1, -1, 0, 1, 1]
[-2, 1, 0, 2, 0, -2, -1, 0, -1, 2, 0, -2, 0, 0, -1, 2, 0, 1, 2, 0, -1, -1]
[0, 0, 1, 1, 0, 0, -1, 1, -1, 1, 0, -1, 1, 1, -1, 0, -1, 1, 1, 0, 0, 0]
[0, 0, -1, -1, -1, 2, 1, -1, 1, -1, 0, 1, 0, 2, 0, -2, -2, 1, 0, 0, 0, 0]
[1, -1, -1, -2, -2, 3, 0, 0, 0, -1, -1, 2, 2, 2, 1, -4, -2, 0, 0, -1, 2, 1]
[-1, 1, 1, 2, 1, -1, 0, 0, 0, 1, 1, -2, -1, 1, -2, 2, -1, 2, 1, 1, -2, -1]
[1, 0, 1, 0, 1, 0, -1, 0, 0, 0, 1, -1, 0, 1, -1, 0, -1, 1, 1, 0, 0, 0]
[-1, 0, -1, 0, -2, 2, 1, 0, 0, 0, -1, 1, 1, 2, 0, -2, -2, 1, 0, 0, 0, 0]
[1, 0, 0, -1, -2, 4, 1, 0, 1, -2, 0, 1, 1, 3, 0, -4, -3, 1, 0, 0, 1, 1]
[-1, 0, 0, 1, 1, -2, -1, 0, -1, 2, 0, -1, 0, 0, -1, 2, 0, 1, 1, 0, -1, -1]
[0, 0, 1, 1, 0, -1, -1, 1, -1, 1, 0, -1, 0, 1, -1, 1, -1, 1, 1, 0, -1, 0]
[0, 0, -1, -1, -1, 3, 1, -1, 1, -1, 0, 1, 1, 2, 0, -3, -2, 1, 0, 0, 1, 0]
[1, -1, 1, 0, 1, 0, -1, 0, 0, 0, 1, 0, -1, 1, -1, 0, -1, 1, 0, 1, -1, 0]
[-1, 1, -1, 0, -2, 2, 1, 0, 0, 0, -1, 0, 2, 2, 0, -2, -2, 1, 1, -1, 1, 0]
[0, 0, 0, 0, 1, 0, 0, -1, 0, 0, 1, -1, -1, 1, -1, 1, -1, 2, 1, 0, -1, 0]
[0, 0, 0, 0, -2, 2, 0, 1, 0, 0, -1, 1, 2, 2, 0, -3, -2, 0, 0, 0, 1, 0]
[0, 1, 0, 0, -1, 2, 1, 0, 1, -1, 0, 0, 1, 2, -1, -2, -2, 1, 0, 0, 0, 0]
[0, -1, 0, 0, 0, 0, -1, 0, -1, 1, 0, 0, 0, 1, 0, 0, -1, 1, 1, 0, 0, 0]
[1, 0, 0, -1, -1, 3, 1, 0, 1, -1, 0, 1, 1, 3, 0, -3, -3, 1, 0, 0, 1, 0]
[-1, 0, 0, 1, 0, -1, -1, 0, -1, 1, 0, -1, 0, 0, -1, 1, 0, 1, 1, 0, -1, 0]
[0, 0, 1, 1, 1, 0, 0, -1, 0, 0, 1, -1, -1, 1, -1, 0, -1, 2, 1, 1, -1, 0]
[0, 0, -1, -1, -2, 2, 0, 1, 0, 0, -1, 1, 2, 2, 0, -2, -2, 0, 0, -1, 1, 0]
[0, 0, 0, 0, 0, 1, -1, 0, 0, 0, 1, -1, 0, 1, -1, 0, -1, 1, 1, 0, 0, 0]
[0, 0, 0, 0, -1, 1, 1, 0, 0, 0, -1, 1, 1, 2, 0, -2, -2, 1, 0, 0, 0, 0]
[1, -1, 0, -1, 0, 1, 0, 0, 0, 0, 0, 1, 0, 2, 0, -1, -2, 1, 0, 0, 0, 0]
[-1, 1, 0, 1, -1, 1, 0, 0, 0, 0, 0, -1, 1, 1, -1, -1, -1, 1, 1, 0, 0, 0]
[0, 0, 0, 0, 0, 0, 0, 0, 0, 0, 0, 0, 0, 1, -1, 0, -1, 1, 0, 0, -1, 0]
[0, 0, 0, 0, -1, 2, 0, 0, 0, 0, 0, 0, 1, 2, 0, -2, -2, 1, 1, 0, 1, 0]
[0, 1, 0, 0, 0, 2, 1, -1, 1, -1, 1, -1, 0, 2, -1, -1, -2, 2, 1, 0, 0, 0]
[0, -1, 0, 0, -1, 0, -1, 1, -1, 1, -1, 1, 1, 1, 0, -1, -1, 0, 0, 0, 0, 0]
[1, 0, 1, 0, 0, 2, 0, 0, 1, -1, 1, 0, 0, 2, -1, -2, -2, 1, 0, 1, 0, 0]
[-1, 0, -1, 0, -1, 0, 0, 0, -1, 1, -1, 0, 1, 1, 0, 0, -1, 1, 1, -1, 0, 0]
[1, 0, 1, 0, 1, 1, 1, -1, 1, -1, 1, 0, -1, 2, -1, -1, -2, 2, 0, 1, -1, 0]
[-1, 0, -1, 0, -2, 1, -1, 1, -1, 1, -1, 0, 2, 1, 0, -1, -1, 0, 1, -1, 1, 0]
[1, 0, 0, -1, 0, 2, 0, 0, 1, -1, 1, 0, 0, 2, -1, -1, -2, 1, 0, 0, 0, 0]
[-1, 0, 0, 1, -1, 0, 0, 0, -1, 1, -1, 0, 1, 1, 0, -1, -1, 1, 1, 0, 0, 0]
[2, -1, 1, -1, 0, 2, 0, 0, 0, -1, 0, 1, 1, 2, 0, -3, -2, 1, 0, 0, 1, 1]
[-2, 1, -1, 1, -1, 0, 0, 0, 0, 1, 0, -1, 0, 1, -1, 1, -1, 1, 1, 0, -1, -1]
[2, -1, 1, -1, -1, 2, -1, 1, 0, -1, 0, 1, 1, 2, 0, -3, -2, 0, 0, 0, 1, 1]
[-2, 1, -1, 1, 0, 0, 1, -1, 0, 1, 0, -1, 0, 1, -1, 1, -1, 2, 1, 0, -1, -1]
[2, -1, 1, -1, -1, 3, 0, 1, 0, -1, 0, 1, 1, 3, 0, -3, -3, 1, 0, 0, 1, 1]
[-2, 1, -1, 1, 0, -1, 0, -1, 0, 1, 0, -1, 0, 0, -1, 1, 0, 1, 1, 0, -1, -1]
[2, -1, 0, -2, -1, 3, -1, 1, 0, -1, 0, 1, 2, 2, 0, -3, -2, 0, 0, -1, 2, 1]
[-2, 1, 0, 2, 0, -1, 1, -1, 0, 1, 0, -1, -1, 1, -1, 1, -1, 2, 1, 1, -2, -1]
[2, -1, 0, -2, -1, 3, -1, 0, 0, -1, 0, 2, 1, 2, 1, -3, -2, 0, 0, -1, 2, 1]
[-2, 1, 0, 2, 0, -1, 1, 0, 0, 1, 0, -2, 0, 1, -2, 1, -1, 2, 1, 1, -2, -1]
[2, -1, 1, -1, -1, 3, -1, 1, 0, -1, 0, 2, 1, 2, 0, -3, -2, 0, -1, 0, 1, 1]
[-2, 1, -1, 1, 0, -1, 1, -1, 0, 1, 0, -2, 0, 1, -1, 1, -1, 2, 2, 0, -1, -1]
[1, 0, 0, -1, -1, 2, 0, 0, 0, -1, 0, 0, 1, 2, 0, -2, -2, 1, 1, -1, 1, 1]
[-1, 0, 0, 1, 0, 0, 0, 0, 0, 1, 0, 0, 0, 1, -1, 0, -1, 1, 0, 1, -1, -1]
[1, 0, 1, 0, -1, 2, 0, 1, 0, -1, 0, 0, 1, 2, -1, -2, -2, 1, 0, 0, 0, 1]
[-1, 0, -1, 0, 0, 0, 0, -1, 0, 1, 0, 0, 0, 1, 0, 0, -1, 1, 1, 0, 0, -1]
[1, 0, 1, 0, -1, 2, 0, 0, 0, -1, 0, 1, 0, 2, 0, -2, -2, 1, 0, 0, 0, 1]
[-1, 0, -1, 0, 0, 0, 0, 0, 0, 1, 0, -1, 1, 1, -1, 0, -1, 1, 1, 0, 0, -1]
[1, 0, 0, -1, -1, 2, -1, 0, 0, -1, 0, 1, 1, 1, 0, -2, -1, 0, 0, -1, 1, 1]
[-1, 0, 0, 1, 0, 0, 1, 0, 0, 1, 0, -1, 0, 2, -1, 0, -2, 2, 1, 1, -1, -1]
[1, 0, 0, -1, -1, 3, 0, 0, 0, -1, 0, 1, 1, 2, 0, -2, -2, 1, 0, -1, 1, 1]
[-1, 0, 0, 1, 0, -1, 0, 0, 0, 1, 0, -1, 0, 1, -1, 0, -1, 1, 1, 1, -1, -1]
[1, 0, 0, -1, -2, 3, -1, 1, 0, -1, 0, 1, 1, 2, 0, -2, -2, 0, 0, -1, 1, 1]
[-1, 0, 0, 1, 1, -1, 1, -1, 0, 1, 0, -1, 0, 1, -1, 0, -1, 2, 1, 1, -1, -1]
[1, -1, 0, -1, 0, 1, 0, 0, 0, 0, 0, 0, 1, 2, 0, -2, -2, 1, 1, 0, 1, 0]
[-1, 1, 0, 1, -1, 1, 0, 0, 0, 0, 0, 0, 0, 1, -1, 0, -1, 1, 0, 0, -1, 0]
[1, -1, 1, 0, 0, 1, 0, 1, 0, 0, 0, 0, 1, 2, -1, -2, -2, 1, 0, 1, 0, 0]
[-1, 1, -1, 0, -1, 1, 0, -1, 0, 0, 0, 0, 0, 1, 0, 0, -1, 1, 1, -1, 0, 0]
[1, -1, 1, 0, 0, 1, 0, 0, 0, 0, 0, 1, 0, 2, 0, -2, -2, 1, 0, 1, 0, 0]
[-1, 1, -1, 0, -1, 1, 0, 0, 0, 0, 0, -1, 1, 1, -1, 0, -1, 1, 1, -1, 0, 0]
[1, -1, 0, -1, 0, 1, -1, 0, 0, 0, 0, 1, 1, 1, 0, -2, -1, 0, 0, 0, 1, 0]
[-1, 1, 0, 1, -1, 1, 1, 0, 0, 0, 0, -1, 0, 2, -1, 0, -2, 2, 1, 0, -1, 0]
[1, -1, 0, -1, 0, 2, 0, 0, 0, 0, 0, 1, 1, 2, 0, -2, -2, 1, 0, 0, 1, 0]
[-1, 1, 0, 1, -1, 0, 0, 0, 0, 0, 0, -1, 0, 1, -1, 0, -1, 1, 1, 0, -1, 0]
[1, -1, 0, -1, -1, 2, -1, 1, 0, 0, 0, 1, 1, 2, 0, -2, -2, 0, 0, 0, 1, 0]
[-1, 1, 0, 1, 0, 0, 1, -1, 0, 0, 0, -1, 0, 1, -1, 0, -1, 2, 1, 0, -1, 0]
[0, 0, 1, 1, 0, 0, 1, 0, 0, 0, 0, -1, 0, 2, -1, -1, -2, 2, 1, 1, -1, 0]
[0, 0, -1, -1, -1, 2, -1, 0, 0, 0, 0, 1, 1, 1, 0, -1, -1, 0, 0, -1, 1, 0]
[0, 0, 0, 0, 0, 0, 0, 0, 0, 0, 0, -1, 1, 1, -1, -1, -1, 1, 1, 0, 0, 0]
[0, 0, 0, 0, -1, 2, 0, 0, 0, 0, 0, 1, 0, 2, 0, -1, -2, 1, 0, 0, 0, 0]
[0, 0, 0, 0, 0, 0, 0, -1, 0, 0, 0, 0, 0, 1, 0, -1, -1, 1, 1, 0, 0, 0]
[0, 0, 0, 0, -1, 2, 0, 1, 0, 0, 0, 0, 1, 2, -1, -1, -2, 1, 0, 0, 0, 0]
[0, 0, 1, 1, 0, 0, 0, 0, 0, 0, 0, 0, 0, 1, -1, -1, -1, 1, 0, 1, -1, 0]
[0, 0, -1, -1, -1, 2, 0, 0, 0, 0, 0, 0, 1, 2, 0, -1, -2, 1, 1, -1, 1, 0]
[0, 0, 0, 0, 0, 1, 1, 0, 0, 0, 0, -1, 1, 2, -1, -1, -2, 2, 1, 0, 0, 0]
[0, 0, 0, 0, -1, 1, -1, 0, 0, 0, 0, 1, 0, 1, 0, -1, -1, 0, 0, 0, 0, 0]
[0, 0, 0, 0, 0, 1, 0, -1, 0, 0, 0, 1, 0, 1, 0, -1, -1, 1, 0, 0, 0, 0]
[0, 0, 0, 0, -1, 1, 0, 1, 0, 0, 0, -1, 1, 2, -1, -1, -2, 1, 1, 0, 0, 0]
[0, 0, 0, 0, 0, 1, 1, -1, 0, 0, 0, 0, 0, 2, 0, -1, -2, 2, 1, 0, 0, 0]
[0, 0, 0, 0, -1, 1, -1, 1, 0, 0, 0, 0, 1, 1, -1, -1, -1, 0, 0, 0, 0, 0]
[0, 0, 1, 1, 0, 1, 1, 0, 0, 0, 0, 0, 0, 2, -1, -1, -2, 2, 0, 1, -1, 0]
[0, 0, -1, -1, -1, 1, -1, 0, 0, 0, 0, 0, 1, 1, 0, -1, -1, 0, 1, -1, 1, 0]
[0, 0, 1, 1, -1, 1, 0, 1, 0, 0, 0, 0, 0, 2, -1, -1, -2, 1, 0, 1, -1, 0]
[0, 0, -1, -1, 0, 1, 0, -1, 0, 0, 0, 0, 1, 1, 0, -1, -1, 1, 1, -1, 1, 0]
[0, 0, 0, 0, 0, 1, 0, 0, 0, 0, 0, 0, 1, 1, -1, -1, -1, 1, 0, 0, 0, 0]
[0, 0, 0, 0, -1, 1, 0, 0, 0, 0, 0, 0, 0, 2, 0, -1, -2, 1, 1, 0, 0, 0]

################
# DISCRIMINANT #
################

We did not manage to compute the discriminant.
The restriction of the discriminant to the line we chose had 5 components of degree 1, 3 components of degree 2, 1 component of degree 5, and 1 component of degree 10.
The equation of the line we chose is:
(-3*x^4 + 28*x^3*y - 6*x^2*y^2 + 28*x*y^3 - 3*y^4 - 6*x^3*z + 42*x^2*y*z - 6*x*y^2*z + 14*y^3*z + 4*x^2*z^2 + 26*x*y*z^2 - 2*y^2*z^2 + 7*x*z^3 + 6*y*z^3 + 5*z^4 + 14*x^3*w - 6*x^2*y*w + 42*x*y^2*w - 6*y^3*w + 21*x^2*z*w - 6*x*y*z*w + 21*y^2*z*w + 13*x*z^2*w - 2*y*z^2*w + 3*z^3*w - 2*x^2*w^2 + 26*x*y*w^2 + 4*y^2*w^2 - 2*x*z*w^2 + 13*y*z*w^2 - 9*z^2*w^2 + 6*x*w^3 + 7*y*w^3 + 3*z*w^3 + 5*w^4)*t - 64*x^4 + 120*x^3*y - 10*x^2*y^2 + 120*x*y^3 - 64*y^4 - 128*x^3*z + 180*x^2*y*z - 10*x*y^2*z + 60*y^3*z + 31*x^2*z^2 + 140*x*y*z^2 + 64*y^2*z^2 + 95*x*z^3 + 40*y*z^3 - 89*z^4 + 60*x^3*w - 10*x^2*y*w + 180*x*y^2*w - 128*y^3*w + 90*x^2*z*w - 10*x*y*z*w + 90*y^2*z*w + 70*x*z^2*w + 64*y*z^2*w + 20*z^3*w + 64*x^2*w^2 + 140*x*y*w^2 + 31*y^2*w^2 + 64*x*z*w^2 + 70*y*z*w^2 + 4*z^2*w^2 + 40*x*w^3 + 95*y*w^3 + 20*z*w^3 - 89*w^4

#############
# MONODROMY #
#############


Generators of the monodromy group on the second homology group:
[[1, 0, 0, 0, 0, 0, 0, 0, 0, 0, 0, 0, 0, 0, 0, 0, 0, 0, 0, 0, 0, 0], [0, 1, 0, 0, 0, 0, 0, 0, 0, 0, 0, 0, 0, 0, 0, 0, 0, 0, 0, 0, 0, 0], [0, 0, 1, 0, 0, 0, 0, 0, 0, 0, 0, 0, 0, 0, 0, 0, 0, 0, 0, 0, 0, 0], [0, 0, 0, 1, 0, 0, 0, 0, 0, 0, 0, 0, 0, 0, 0, 0, 0, 0, 0, 0, 0, 0], [0, 0, 0, 0, 1, 0, 0, 0, 0, 0, 0, 0, 0, 0, 0, 0, 0, 0, 0, 0, 0, 0], [0, 0, 0, 0, 0, 1, 0, 0, 0, 0, 0, 0, 0, 0, 0, 0, 0, 0, 0, 0, 0, 0], [0, 0, 0, 0, 0, 0, 1, 0, 0, 0, 0, 0, 0, 0, 0, 0, 0, 0, 0, 0, 0, 0], [0, 0, 0, 0, 0, 0, 0, 1, 0, 0, 0, 0, 0, 0, 0, 0, 0, 0, 0, 0, 0, 0], [0, 0, 0, 0, 0, 0, 0, 0, 1, 0, 0, 0, 0, 0, 0, 0, 0, 0, 0, 0, 0, 0], [0, 0, 0, 0, 0, 0, 0, 0, 0, 1, 0, 0, 0, 0, 0, 0, 0, 0, 0, 0, 0, 0], [0, 0, 0, 0, 0, 0, 0, 0, 0, 0, 1, 0, 0, 0, 0, 0, 0, 0, 0, 0, 0, 0], [0, 0, 0, 0, 0, 0, 0, 0, 0, 0, 0, 1, 0, 0, 0, 0, 0, 0, 0, 0, 0, 0], [0, 0, 0, 0, 0, 0, 0, 0, 0, 0, 0, 0, 1, 0, 0, 0, 0, 0, 0, 0, 0, 0], [0, 0, 0, 0, 0, 0, 0, 0, 0, 0, 0, 0, 0, 1, 0, 0, 0, 0, 0, 0, 0, 0], [0, 0, 0, 0, 0, 0, 0, 0, 0, 0, 0, 0, 0, 0, 1, 0, 0, 0, 0, 0, 0, 0], [0, 0, 0, 0, 0, 0, 0, 0, 0, 0, 0, 0, 0, 0, 0, 1, 0, 0, 0, 0, 0, 0], [0, 0, 0, 0, 0, 0, 0, 0, 0, 0, 0, 0, 0, 0, 0, 0, 1, 0, 0, 0, 0, 0], [0, 0, 0, 0, 0, 0, 0, 0, 0, 0, 0, 0, 0, 0, 0, 0, 0, 1, 0, 0, 0, 0], [0, 0, 0, 0, 0, 0, 0, 0, 0, 0, 0, 0, 0, 0, 0, 0, 0, 0, 1, 0, 0, 0], [0, 0, 0, 0, 0, 0, 0, 0, 0, 0, 0, 0, 0, 0, 0, 0, 0, 0, 0, 1, 0, 0], [0, 0, 0, 0, 0, 0, 0, 0, 0, 0, 0, 0, 0, 0, 0, 0, 0, 0, 0, 0, 1, 0], [0, 0, 0, 0, 0, 0, 0, 0, 0, 0, 0, 0, 0, 0, 0, 0, 0, 0, 0, 0, 0, 1]]
[[1, 0, 0, 0, 0, 0, 0, 0, 0, 0, 0, 0, 0, 1, 0, 0, 1, 0, 0, 0, 0, 0], [0, 1, 0, 0, 0, 0, 0, 0, 0, 0, 0, 0, 0, -1, 0, 0, -1, 0, 0, 0, 0, 0], [0, 0, 1, 0, 0, 0, 0, 0, 0, 0, 0, 0, 0, 0, 0, 0, 0, 0, 0, 0, 0, 0], [0, 0, 0, 1, 0, 0, 0, 0, 0, 0, 0, 0, 0, 0, 0, 0, 0, 0, 0, 0, 0, 0], [0, 0, 0, 0, 1, 0, 0, 0, 0, 0, 0, 0, 0, 0, 0, 0, 0, 0, 0, 0, 0, 0], [0, 0, 0, 0, 0, 1, 0, 0, 0, 0, 0, 0, 0, 0, 0, 0, 0, 0, 0, 0, 0, 0], [0, 0, 0, 0, 0, 0, 1, 0, 0, 0, 0, 0, 0, 0, 0, 0, 0, 0, 0, 0, 0, 0], [0, 0, 0, 0, 0, 0, 0, 1, 0, 0, 0, 0, 0, 0, 0, 0, 0, 0, 0, 0, 0, 0], [0, 0, 0, 0, 0, 0, 0, 0, 1, 0, 0, 0, 0, 0, 0, 0, 0, 0, 0, 0, 0, 0], [0, 0, 0, 0, 0, 0, 0, 0, 0, 1, 0, 0, 0, -1, 0, 0, -1, 0, 0, 0, 0, 0], [0, 0, 0, 0, 0, 0, 0, 0, 0, 0, 1, 0, 0, 0, 0, 0, 0, 0, 0, 0, 0, 0], [0, 0, 0, 0, 0, 0, 0, 0, 0, 0, 0, 1, 0, 0, 0, 0, 0, 0, 0, 0, 0, 0], [0, 0, 0, 0, 0, 0, 0, 0, 0, 0, 0, 0, 1, 0, 0, 0, 0, 0, 0, 0, 0, 0], [0, 0, 0, 0, 0, 0, 0, 0, 0, 0, 0, 0, 0, 0, 0, 0, -1, 0, 0, 0, 0, 0], [0, 0, 0, 0, 0, 0, 0, 0, 0, 0, 0, 0, 0, 0, 1, 0, 0, 0, 0, 0, 0, 0], [0, 0, 0, 0, 0, 0, 0, 0, 0, 0, 0, 0, 0, 0, 0, 1, 0, 0, 0, 0, 0, 0], [0, 0, 0, 0, 0, 0, 0, 0, 0, 0, 0, 0, 0, -1, 0, 0, 0, 0, 0, 0, 0, 0], [0, 0, 0, 0, 0, 0, 0, 0, 0, 0, 0, 0, 0, 1, 0, 0, 1, 1, 0, 0, 0, 0], [0, 0, 0, 0, 0, 0, 0, 0, 0, 0, 0, 0, 0, 1, 0, 0, 1, 0, 1, 0, 0, 0], [0, 0, 0, 0, 0, 0, 0, 0, 0, 0, 0, 0, 0, 0, 0, 0, 0, 0, 0, 1, 0, 0], [0, 0, 0, 0, 0, 0, 0, 0, 0, 0, 0, 0, 0, 0, 0, 0, 0, 0, 0, 0, 1, 0], [0, 0, 0, 0, 0, 0, 0, 0, 0, 0, 0, 0, 0, 0, 0, 0, 0, 0, 0, 0, 0, 1]]
[[0, 0, 1, -1, 0, 0, -1, -1, 0, -1, -2, -1, 0, 0, -1, 0, 0, 0, -1, 0, 0, 0], [1, 1, -1, 1, 0, 0, 1, 1, 0, 1, 2, 1, 0, 0, 1, 0, 0, 0, 1, 0, 0, 0], [0, 0, 1, 0, 0, 0, 0, 0, 0, 0, 0, 0, 0, 0, 0, 0, 0, 0, 0, 0, 0, 0], [-1, 0, 1, 0, 0, 0, 0, 0, 1, 1, 0, 0, 0, 0, 1, 1, -1, 0, 0, 1, 1, 1], [0, 0, 0, 0, 1, 0, 0, 0, 0, 0, 0, 0, 0, 0, 0, 0, 0, 0, 0, 0, 0, 0], [0, 0, 0, 0, 0, 1, 0, 0, -1, -1, 0, 0, 0, -1, -1, -1, 0, 0, 0, -1, -1, -1], [0, 0, 0, 0, 0, 0, 1, 0, 0, 0, 0, 0, 0, 0, 0, 0, 0, 0, 0, 0, 0, 0], [0, 0, 0, 0, 0, 0, 0, 1, 0, 0, 0, 0, 0, 0, 0, 0, 0, 0, 0, 0, 0, 0], [0, 0, 0, 0, 0, 0, 0, 0, 0, -1, 0, 0, 0, 0, 0, 0, 0, 0, 0, 0, 0, -1], [0, 0, 0, 0, 0, 0, 0, 0, 0, 1, 0, 0, 0, 0, 0, 0, 0, 0, 0, 0, 0, 0], [0, 0, 0, 0, 0, 0, 0, 0, 0, 0, 1, 0, 0, 0, 0, 0, 0, 0, 0, 0, 0, 0], [0, 0, 0, 0, 0, 0, 0, 0, -1, -1, 0, 1, 0, -1, -1, -1, 0, 0, 0, -1, -1, -1], [0, 0, 0, 0, 0, 0, 0, 0, -1, -1, 0, 0, 1, 0, 0, 0, 0, 0, 0, 0, 0, -1], [-1, 0, 1, -1, 0, 0, 0, 0, -1, -1, 0, 0, 0, -1, -1, -1, -1, 0, 0, -1, -1, -1], [1, 0, -1, 1, 0, 0, 0, 0, -1, -1, 0, 0, 0, 0, 0, -1, 1, 0, 0, -1, -1, -1], [0, 0, 0, 0, 0, 0, 0, 0, 2, 2, 0, 0, 0, 1, 1, 2, 0, 0, 0, 1, 1, 2], [1, 0, -1, 1, 0, 0, 1, 1, 0, 1, 2, 1, 0, 0, 1, 0, 1, 0, 1, 0, 0, 0], [-1, 0, 1, -1, 0, 0, -1, -1, 1, 0, -2, -1, 0, 1, 0, 1, 0, 1, -1, 1, 1, 1], [-1, 0, 1, -1, 0, 0, -1, -1, 1, 0, -2, -1, 0, 1, 0, 1, 0, 0, 0, 1, 1, 1], [0, 0, 0, 0, 0, 0, 0, 0, 1, 1, 0, 0, 0, 0, 0, 0, 0, 0, 0, 1, 0, 1], [0, 0, 0, 0, 0, 0, 0, 0, -1, -1, 0, 0, 0, -1, -1, -1, 0, 0, 0, -1, 0, -1], [0, 0, 0, 0, 0, 0, 0, 0, -1, -1, 0, 0, 0, 0, 0, 0, 0, 0, 0, 0, 0, 0]]
[[1, 0, 0, 0, 0, 0, 0, 0, 0, 0, 0, 0, 0, 0, 0, 0, 0, 0, 0, 0, 0, 0], [0, 1, 0, 0, 0, 0, 0, 0, 0, 0, 0, 0, 0, 0, 0, 0, 0, 0, 0, 0, 0, 0], [0, 0, 1, 0, 0, 0, 0, 0, 0, 0, 0, 0, 0, 0, 0, 0, 0, 0, 0, 0, 0, 0], [0, 0, 0, 1, 0, 0, 0, 0, 0, 0, 0, 0, 0, 0, 0, 0, 0, 0, 0, 0, 0, 0], [0, 0, 0, 0, 1, 0, 0, 0, 0, 0, 0, 0, 0, 0, 0, 0, 0, 0, 0, 0, 0, 0], [0, 0, 0, 0, 0, 1, 0, 0, 0, 0, 0, 0, 0, 0, 0, 0, 0, 0, 0, 0, 0, 0], [0, 0, 0, 0, 0, 0, 1, 0, 0, 0, 0, 0, 0, 0, 0, 0, 0, 0, 0, 0, 0, 0], [0, 0, 0, 0, 0, 0, 0, 1, 0, 0, 0, 0, 0, 0, 0, 0, 0, 0, 0, 0, 0, 0], [0, 0, 0, 0, 0, 0, 0, 0, 1, 0, 0, 0, 0, 0, 0, 0, 0, 0, 0, 0, 0, 0], [0, 0, 0, 0, 0, 0, 0, 0, 0, 1, 0, 0, 0, 0, 0, 0, 0, 0, 0, 0, 0, 0], [0, 0, 0, 0, 0, 0, 0, 0, 0, 0, 1, 0, 0, 0, 0, 0, 0, 0, 0, 0, 0, 0], [0, 0, 0, 0, 0, 0, 0, 0, 0, 0, 0, 1, 0, 0, 0, 0, 0, 0, 0, 0, 0, 0], [0, 0, 0, 0, 0, 0, 0, 0, 0, 0, 0, 0, 1, 0, 0, 0, 0, 0, 0, 0, 0, 0], [0, 0, 0, 0, 0, 0, 0, 0, 0, 0, 0, 0, 0, 1, 0, 0, 0, 0, 0, 0, 0, 0], [0, 0, 0, 0, 0, 0, 0, 0, 0, 0, 0, 0, 0, 0, 1, 0, 0, 0, 0, 0, 0, 0], [0, 0, 0, 0, 0, 0, 0, 0, 0, 0, 0, 0, 0, 0, 0, 1, 0, 0, 0, 0, 0, 0], [0, 0, 0, 0, 0, 0, 0, 0, 0, 0, 0, 0, 0, 0, 0, 0, 1, 0, 0, 0, 0, 0], [0, 0, 0, 0, 0, 0, 0, 0, 0, 0, 0, 0, 0, 0, 0, 0, 0, 1, 0, 0, 0, 0], [0, 0, 0, 0, 0, 0, 0, 0, 0, 0, 0, 0, 0, 0, 0, 0, 0, 0, 1, 0, 0, 0], [0, 0, 0, 0, 0, 0, 0, 0, 0, 0, 0, 0, 0, 0, 0, 0, 0, 0, 0, 1, 0, 0], [0, 0, 0, 0, 0, 0, 0, 0, 0, 0, 0, 0, 0, 0, 0, 0, 0, 0, 0, 0, 1, 0], [0, 0, 0, 0, 0, 0, 0, 0, 0, 0, 0, 0, 0, 0, 0, 0, 0, 0, 0, 0, 0, 1]]
[[1, 0, 0, 0, 0, 0, 0, 0, 0, 1, 0, 0, 0, 0, 0, 0, 0, 0, 0, 0, 0, 1], [0, 1, 0, 0, 0, 0, 0, 0, 0, 0, 0, 0, 0, 0, 0, 0, 0, 0, 0, 0, 0, 0], [0, 0, 1, 0, 0, 0, 0, 0, 0, 0, 0, 0, 0, 0, 0, 0, 0, 0, 0, 0, 0, 0], [1, 1, 0, 0, 0, 0, 1, -1, -1, 1, 0, 0, 0, 0, -1, 0, -1, -2, 0, 0, -1, 0], [0, 0, 0, 0, 1, 0, 0, 0, 0, 0, 0, 0, 0, 0, 0, 0, 0, 0, 0, 0, 0, 0], [-2, -1, 1, 0, 0, 0, -1, 1, 1, -1, 0, 1, 1, 0, 1, 1, 0, 2, 0, 0, 1, 1], [0, 0, 0, 0, 0, 0, 1, 0, 0, 1, 0, 0, 0, 0, 0, 0, 0, 0, 0, 0, 0, 1], [0, 0, 0, 1, 0, 0, 0, 1, 0, -1, 1, 1, 0, 0, 1, 0, 0, 0, 1, 0, 0, -1], [0, 0, 0, 0, 0, 0, 0, 0, 1, 1, 0, 0, 0, 0, 0, 0, 0, 0, 0, 0, 0, 1], [0, 0, 0, 0, 0, 0, 0, 0, 0, -1, 0, 0, 0, 0, 0, 0, 0, 0, 0, 0, 0, -2], [0, 0, 0, 0, 0, 0, 0, 0, 0, 1, 1, 0, 0, 0, 0, 0, 0, 0, 0, 0, 0, 1], [-1, -1, 0, 0, 0, 0, -1, 1, 1, -1, -1, 0, 0, 0, 0, 0, 1, 2, -1, 0, 1, 0], [0, 0, 0, 1, 0, 0, 0, 0, 0, -1, 1, 1, 1, 0, 1, 0, 0, 0, 1, 0, 0, -1], [-2, -1, 1, 0, 0, -1, -1, 1, 1, -2, 0, 1, 1, 1, 1, 1, 0, 2, 0, 0, 1, 0], [-1, -1, 0, 0, 0, 0, -1, 1, 1, -2, -1, -1, 0, 0, 1, 0, 1, 2, -1, 0, 1, -1], [2, 1, -1, 0, 0, 1, 1, -1, -1, 2, 0, -1, -1, 0, -1, 0, 0, -2, 0, 0, -1, 0], [0, 0, 0, 0, 0, 0, 0, 0, 0, -1, 0, 0, 0, 0, 0, 0, 1, 0, 0, 0, 0, -1], [1, 1, 0, -1, 0, 0, 1, -1, -1, 2, 0, 0, 0, 0, -1, 0, -1, -1, 0, 0, -1, 1], [1, 1, 0, -1, 0, 0, 1, -1, -1, 1, 0, 0, 0, 0, -1, 0, -1, -2, 1, 0, -1, 0], [0, 0, 0, 0, 0, 0, 0, 0, 0, 1, 0, 0, 0, 0, 0, 0, 0, 0, 0, 1, 0, 1], [0, 0, 0, 0, 0, 0, 0, 0, 0, 0, 0, 0, 0, 0, 0, 0, 0, 0, 0, 0, 1, 0], [0, 0, 0, 0, 0, 0, 0, 0, 0, 0, 0, 0, 0, 0, 0, 0, 0, 0, 0, 0, 0, 1]]
[[1, 0, 0, 0, 0, 0, 0, 0, 0, 0, 0, 0, 0, 0, 0, 0, 0, 0, 0, 0, 0, 0], [0, 1, 0, 0, 0, 0, 0, 0, 0, 0, 0, 0, 0, 0, 0, 0, 0, 0, 0, 0, 0, 0], [0, 0, 1, 0, 0, 0, 0, 0, 0, 0, 0, 0, 0, 0, 0, 0, 0, 0, 0, 0, 0, 0], [0, 0, 0, 1, 0, 0, 0, 0, 0, 0, 0, 0, 0, 0, 0, 0, 0, 0, 0, 0, 0, 0], [0, 0, 0, 0, 1, 0, 0, 0, 0, 0, 0, 0, 0, 0, 0, 0, 0, 0, 0, 0, 0, 0], [0, 0, 0, 0, 0, 1, 0, 0, 0, 0, 0, 0, 0, 0, 0, 0, 0, 0, 0, 0, 0, 0], [0, 0, 0, 0, 0, 0, 1, 0, 0, 0, 0, 0, 0, 0, 0, 0, 0, 0, 0, 0, 0, 0], [0, 0, 0, 0, 0, 0, 0, 1, 0, 0, 0, 0, 0, 0, 0, 0, 0, 0, 0, 0, 0, 0], [0, 0, 0, 0, 0, 0, 0, 0, 1, 0, 0, 0, 0, 0, 0, 0, 0, 0, 0, 0, 0, 0], [0, 0, 0, 0, 0, 0, 0, 0, 0, 1, 0, 0, 0, 0, 0, 0, 0, 0, 0, 0, 0, 0], [0, 0, 0, 0, 0, 0, 0, 0, 0, 0, 1, 0, 0, 0, 0, 0, 0, 0, 0, 0, 0, 0], [0, 0, 0, 0, 0, 0, 0, 0, 0, 0, 0, 1, 0, 0, 0, 0, 0, 0, 0, 0, 0, 0], [0, 0, 0, 0, 0, 0, 0, 0, 0, 0, 0, 0, 1, 0, 0, 0, 0, 0, 0, 0, 0, 0], [0, 0, 0, 0, 0, 0, 0, 0, 0, 0, 0, 0, 0, 1, 0, 0, 0, 0, 0, 0, 0, 0], [0, 0, 0, 0, 0, 0, 0, 0, 0, 0, 0, 0, 0, 0, 1, 0, 0, 0, 0, 0, 0, 0], [0, 0, 0, 0, 0, 0, 0, 0, 0, 0, 0, 0, 0, 0, 0, 1, 0, 0, 0, 0, 0, 0], [0, 0, 0, 0, 0, 0, 0, 0, 0, 0, 0, 0, 0, 0, 0, 0, 1, 0, 0, 0, 0, 0], [0, 0, 0, 0, 0, 0, 0, 0, 0, 0, 0, 0, 0, 0, 0, 0, 0, 1, 0, 0, 0, 0], [0, 0, 0, 0, 0, 0, 0, 0, 0, 0, 0, 0, 0, 0, 0, 0, 0, 0, 1, 0, 0, 0], [0, 0, 0, 0, 0, 0, 0, 0, 0, 0, 0, 0, 0, 0, 0, 0, 0, 0, 0, 1, 0, 0], [0, 0, 0, 0, 0, 0, 0, 0, 0, 0, 0, 0, 0, 0, 0, 0, 0, 0, 0, 0, 1, 0], [0, 0, 0, 0, 0, 0, 0, 0, 0, 0, 0, 0, 0, 0, 0, 0, 0, 0, 0, 0, 0, 1]]
[[1, 0, 0, 0, 0, 0, 0, 0, 0, 0, 0, 0, 0, 0, 0, 0, 0, 0, 0, 0, 0, 0], [0, 1, 0, 0, 0, 0, 0, 0, 0, 0, 0, 0, 0, 0, 0, 0, 0, 0, 0, 0, 0, 0], [0, 0, 1, 0, 0, 0, 0, 0, 0, 0, 0, 0, 0, 0, 0, 0, 0, 0, 0, 0, 0, 0], [0, 0, 0, 1, 0, 0, 0, 0, 0, 0, 0, 0, 0, 0, 0, 0, 0, 0, 0, 0, 0, 0], [0, 0, 0, 0, 1, 0, 0, 0, 0, 0, 0, 0, 0, 0, 0, 0, 0, 0, 0, 0, 0, 0], [0, 0, 0, 0, 0, 1, 0, 0, 0, 0, 0, 0, 0, 0, 0, 0, 0, 0, 0, 0, 0, 0], [0, 0, 0, 0, 0, 0, 1, 0, 0, 0, 0, 0, 0, 0, 0, 0, 0, 0, 0, 0, 0, 0], [0, 0, 0, 0, 0, 0, 0, 1, 0, 0, 0, 0, 0, 0, 0, 0, 0, 0, 0, 0, 0, 0], [0, 0, 0, 0, 0, 0, 0, 0, 1, 0, 0, 0, 0, 0, 0, 0, 0, 0, 0, 0, 0, 0], [0, 0, 0, 0, 0, 0, 0, 0, 0, 1, 0, 0, 0, 0, 0, 0, 0, 0, 0, 0, 0, 0], [0, 0, 0, 0, 0, 0, 0, 0, 0, 0, 1, 0, 0, 0, 0, 0, 0, 0, 0, 0, 0, 0], [0, 0, 0, 0, 0, 0, 0, 0, 0, 0, 0, 1, 0, 0, 0, 0, 0, 0, 0, 0, 0, 0], [0, 0, 0, 0, 0, 0, 0, 0, 0, 0, 0, 0, 1, 0, 0, 0, 0, 0, 0, 0, 0, 0], [0, 0, 0, 0, 0, 0, 0, 0, 0, 0, 0, 0, 0, 1, 0, 0, 0, 0, 0, 0, 0, 0], [0, 0, 0, 0, 0, 0, 0, 0, 0, 0, 0, 0, 0, 0, 1, 0, 0, 0, 0, 0, 0, 0], [0, 0, 0, 0, 0, 0, 0, 0, 0, 0, 0, 0, 0, 0, 0, 1, 0, 0, 0, 0, 0, 0], [0, 0, 0, 0, 0, 0, 0, 0, 0, 0, 0, 0, 0, 0, 0, 0, 1, 0, 0, 0, 0, 0], [0, 0, 0, 0, 0, 0, 0, 0, 0, 0, 0, 0, 0, 0, 0, 0, 0, 1, 0, 0, 0, 0], [0, 0, 0, 0, 0, 0, 0, 0, 0, 0, 0, 0, 0, 0, 0, 0, 0, 0, 1, 0, 0, 0], [0, 0, 0, 0, 0, 0, 0, 0, 0, 0, 0, 0, 0, 0, 0, 0, 0, 0, 0, 1, 0, 0], [0, 0, 0, 0, 0, 0, 0, 0, 0, 0, 0, 0, 0, 0, 0, 0, 0, 0, 0, 0, 1, 0], [0, 0, 0, 0, 0, 0, 0, 0, 0, 0, 0, 0, 0, 0, 0, 0, 0, 0, 0, 0, 0, 1]]
[[1, 0, 0, 0, 0, 0, 0, 0, 0, 0, 0, 0, 0, 0, 0, 0, 0, 0, 0, 0, 0, 0], [0, 1, 0, 0, 0, 0, 0, 0, 0, 0, 0, 0, 0, 0, 0, 0, 0, 0, 0, 0, 0, 0], [0, 0, 1, 0, 0, 0, 0, 0, 0, 0, 0, 0, 0, 0, 0, 0, 0, 0, 0, 0, 0, 0], [0, 0, 0, 1, 0, 0, 0, 0, 0, 0, 0, 0, 0, 0, 0, 0, 0, 0, 0, 0, 0, 0], [0, 0, 0, 0, 1, 0, 0, 0, 0, 0, 0, 0, 0, 0, 0, 0, 0, 0, 0, 0, 0, 0], [0, 0, 0, 0, 0, 1, 0, 0, 0, 0, 0, 0, 0, 0, 0, 0, 0, 0, 0, 0, 0, 0], [0, 0, 0, 0, 0, 0, 1, 0, 0, 0, 0, 0, 0, 0, 0, 0, 0, 0, 0, 0, 0, 0], [0, 0, 0, 0, 0, 0, 0, 1, 0, 0, 0, 0, 0, 0, 0, 0, 0, 0, 0, 0, 0, 0], [0, 0, 0, 0, 0, 0, 0, 0, 1, 0, 0, 0, 0, 0, 0, 0, 0, 0, 0, 0, 0, 0], [0, 0, 0, 0, 0, 0, 0, 0, 0, 1, 0, 0, 0, 0, 0, 0, 0, 0, 0, 0, 0, 0], [0, 0, 0, 0, 0, 0, 0, 0, 0, 0, 1, 0, 0, 0, 0, 0, 0, 0, 0, 0, 0, 0], [0, 0, 0, 0, 0, 0, 0, 0, 0, 0, 0, 1, 0, 0, 0, 0, 0, 0, 0, 0, 0, 0], [0, 0, 0, 0, 0, 0, 0, 0, 0, 0, 0, 0, 1, 0, 0, 0, 0, 0, 0, 0, 0, 0], [0, 0, 0, 0, 0, 0, 0, 0, 0, 0, 0, 0, 0, 1, 0, 0, 0, 0, 0, 0, 0, 0], [0, 0, 0, 0, 0, 0, 0, 0, 0, 0, 0, 0, 0, 0, 1, 0, 0, 0, 0, 0, 0, 0], [0, 0, 0, 0, 0, 0, 0, 0, 0, 0, 0, 0, 0, 0, 0, 1, 0, 0, 0, 0, 0, 0], [0, 0, 0, 0, 0, 0, 0, 0, 0, 0, 0, 0, 0, 0, 0, 0, 1, 0, 0, 0, 0, 0], [0, 0, 0, 0, 0, 0, 0, 0, 0, 0, 0, 0, 0, 0, 0, 0, 0, 1, 0, 0, 0, 0], [0, 0, 0, 0, 0, 0, 0, 0, 0, 0, 0, 0, 0, 0, 0, 0, 0, 0, 1, 0, 0, 0], [0, 0, 0, 0, 0, 0, 0, 0, 0, 0, 0, 0, 0, 0, 0, 0, 0, 0, 0, 1, 0, 0], [0, 0, 0, 0, 0, 0, 0, 0, 0, 0, 0, 0, 0, 0, 0, 0, 0, 0, 0, 0, 1, 0], [0, 0, 0, 0, 0, 0, 0, 0, 0, 0, 0, 0, 0, 0, 0, 0, 0, 0, 0, 0, 0, 1]]
[[1, 0, 0, 0, 0, 0, 0, 0, 0, 1, 0, 0, 0, 0, 0, 0, 0, 0, 0, 0, 0, 1], [0, 1, 0, 0, 0, 0, 0, 0, 0, 0, 0, 0, 0, 0, 0, 0, 0, 0, 0, 0, 0, 0], [0, 0, 1, 0, 0, 0, 0, 0, 0, 0, 0, 0, 0, 0, 0, 0, 0, 0, 0, 0, 0, 0], [1, 1, 0, 0, 0, 0, 1, -1, -1, 1, 0, 0, 0, 0, -1, 0, -1, -2, 0, 0, -1, 0], [0, 0, 0, 0, 1, 0, 0, 0, 0, 0, 0, 0, 0, 0, 0, 0, 0, 0, 0, 0, 0, 0], [-2, -1, 1, 0, 0, 0, -1, 1, 1, -1, 0, 1, 1, 0, 1, 1, 0, 2, 0, 0, 1, 1], [0, 0, 0, 0, 0, 0, 1, 0, 0, 1, 0, 0, 0, 0, 0, 0, 0, 0, 0, 0, 0, 1], [0, 0, 0, 1, 0, 0, 0, 1, 0, -1, 1, 1, 0, 0, 1, 0, 0, 0, 1, 0, 0, -1], [0, 0, 0, 0, 0, 0, 0, 0, 1, 1, 0, 0, 0, 0, 0, 0, 0, 0, 0, 0, 0, 1], [0, 0, 0, 0, 0, 0, 0, 0, 0, -1, 0, 0, 0, 0, 0, 0, 0, 0, 0, 0, 0, -2], [0, 0, 0, 0, 0, 0, 0, 0, 0, 1, 1, 0, 0, 0, 0, 0, 0, 0, 0, 0, 0, 1], [-1, -1, 0, 0, 0, 0, -1, 1, 1, -1, -1, 0, 0, 0, 0, 0, 1, 2, -1, 0, 1, 0], [0, 0, 0, 1, 0, 0, 0, 0, 0, -1, 1, 1, 1, 0, 1, 0, 0, 0, 1, 0, 0, -1], [-2, -1, 1, 0, 0, -1, -1, 1, 1, -2, 0, 1, 1, 1, 1, 1, 0, 2, 0, 0, 1, 0], [-1, -1, 0, 0, 0, 0, -1, 1, 1, -2, -1, -1, 0, 0, 1, 0, 1, 2, -1, 0, 1, -1], [2, 1, -1, 0, 0, 1, 1, -1, -1, 2, 0, -1, -1, 0, -1, 0, 0, -2, 0, 0, -1, 0], [0, 0, 0, 0, 0, 0, 0, 0, 0, -1, 0, 0, 0, 0, 0, 0, 1, 0, 0, 0, 0, -1], [1, 1, 0, -1, 0, 0, 1, -1, -1, 2, 0, 0, 0, 0, -1, 0, -1, -1, 0, 0, -1, 1], [1, 1, 0, -1, 0, 0, 1, -1, -1, 1, 0, 0, 0, 0, -1, 0, -1, -2, 1, 0, -1, 0], [0, 0, 0, 0, 0, 0, 0, 0, 0, 1, 0, 0, 0, 0, 0, 0, 0, 0, 0, 1, 0, 1], [0, 0, 0, 0, 0, 0, 0, 0, 0, 0, 0, 0, 0, 0, 0, 0, 0, 0, 0, 0, 1, 0], [0, 0, 0, 0, 0, 0, 0, 0, 0, 0, 0, 0, 0, 0, 0, 0, 0, 0, 0, 0, 0, 1]]
[[1, 0, 0, 0, 0, 0, 0, 0, 0, 0, 0, 0, 0, 0, 0, 0, 0, 0, 0, 0, 0, 0], [0, 1, 0, 0, 0, 0, 0, 0, 0, 0, 0, 0, 0, 0, 0, 0, 0, 0, 0, 0, 0, 0], [0, 0, 1, 0, 0, 0, 0, 0, 0, 0, 0, 0, 0, 0, 0, 0, 0, 0, 0, 0, 0, 0], [0, 0, 0, 1, 0, 0, 0, -1, -1, 0, 0, -1, 0, 0, 0, 0, -1, -1, -1, 0, 0, 0], [0, 0, 0, 0, 1, 0, 0, 0, 0, 0, 0, 0, 0, 0, 0, 0, 0, 0, 0, 0, 0, 0], [0, 0, 0, 0, 0, 1, 0, 1, 1, 0, 0, 1, 0, 0, 0, 0, 1, 1, 1, 0, 0, 0], [0, 0, 0, 0, 0, 0, 1, 0, 0, 0, 0, 0, 0, 0, 0, 0, 0, 0, 0, 0, 0, 0], [0, 0, 0, 0, 0, 0, 0, 1, 0, 0, 0, 0, 0, 0, 0, 0, 0, 0, 0, 0, 0, 0], [0, 0, 0, 0, 0, 0, 0, 0, 1, 0, 0, 0, 0, 0, 0, 0, 0, 0, 0, 0, 0, 0], [-1, 0, 1, -1, 0, 0, 0, 0, 0, 0, 0, 1, 1, 0, 0, 1, 0, 0, 1, 1, 0, 0], [1, 0, -1, 1, 0, 0, 0, 0, 0, 1, 1, -1, -1, 0, 0, -1, 0, 0, -1, -1, 0, 0], [0, 0, 0, 0, 0, 0, 0, 0, 0, 0, 0, 1, 0, 0, 0, 0, 0, 0, 0, 0, 0, 0], [-1, 0, 1, -1, 0, 0, 0, 1, 1, -1, 0, 2, 2, 0, 0, 1, 1, 1, 2, 1, 0, 0], [-1, 0, 1, -1, 0, 0, 0, 1, 1, -1, 0, 2, 1, 1, 0, 1, 1, 1, 2, 1, 0, 0], [-1, 0, 1, -1, 0, 0, 0, 1, 1, -1, 0, 2, 1, 0, 1, 1, 1, 1, 2, 1, 0, 0], [1, 0, -1, 1, 0, 0, 0, -1, -1, 1, 0, -2, -1, 0, 0, 0, -1, -1, -2, -1, 0, 0], [0, 0, 0, 0, 0, 0, 0, 0, 0, 0, 0, 0, 0, 0, 0, 0, 1, 0, 0, 0, 0, 0], [0, 0, 0, 0, 0, 0, 0, -1, -1, 0, 0, -1, 0, 0, 0, 0, -1, 0, -1, 0, 0, 0], [0, 0, 0, 0, 0, 0, 0, -1, -1, 0, 0, -1, 0, 0, 0, 0, -1, -1, 0, 0, 0, 0], [1, 0, -1, 1, 0, 0, 0, 0, 0, 1, 0, -1, -1, 0, 0, -1, 0, 0, -1, 0, 0, 0], [0, 0, 0, 0, 0, 0, 0, 0, 0, 0, 0, 0, 0, 0, 0, 0, 0, 0, 0, 0, 1, 0], [0, 0, 0, 0, 0, 0, 0, 0, 0, 0, 0, 0, 0, 0, 0, 0, 0, 0, 0, 0, 0, 1]]
[[1, 0, 0, 0, 0, 0, 0, 0, 0, 0, 0, 0, 0, 0, 0, 0, 0, 0, 0, 0, 0, 0], [0, 1, 0, 0, 0, 0, 0, 0, 0, 0, 0, 0, 0, 0, 0, 0, 0, 0, 0, 0, 0, 0], [0, 0, 1, 0, 0, 0, 0, 0, 0, 0, 0, 0, 0, 0, 0, 0, 0, 0, 0, 0, 0, 0], [0, 0, 0, 1, 0, 0, 0, 0, 0, 0, 0, 0, 0, 0, 0, 0, 0, 0, 0, 0, 0, 0], [0, 0, 0, 0, 1, 0, 0, 0, 0, 0, 0, 0, 0, 0, 0, 0, 0, 0, 0, 0, 0, 0], [0, 0, 0, 0, 0, 1, 0, 0, 0, 0, 0, 0, 0, 0, 0, 0, 0, 0, 0, 0, 0, 0], [0, 0, 0, 0, 0, 0, 1, 0, 0, 0, 0, 0, 0, 0, 0, 0, 0, 0, 0, 0, 0, 0], [0, 0, 0, 0, 0, 0, 0, 1, 0, 0, 0, 0, 0, 0, 0, 0, 0, 0, 0, 0, 0, 0], [0, 0, 0, 0, 0, 0, 0, 0, 1, 0, 0, 0, 0, 0, 0, 0, 0, 0, 0, 0, 0, 0], [0, 0, 0, 0, 0, 0, 0, 0, 0, 1, 0, 0, 0, 0, 0, 0, 0, 0, 0, 0, 0, 0], [0, 0, 0, 0, 0, 0, 0, 0, 0, 0, 1, 0, 0, 0, 0, 0, 0, 0, 0, 0, 0, 0], [0, 0, 0, 0, 0, 0, 0, 0, 0, 0, 0, 1, 0, 0, 0, 0, 0, 0, 0, 0, 0, 0], [0, 0, 0, 0, 0, 0, 0, 0, 0, 0, 0, 0, 1, 0, 0, 0, 0, 0, 0, 0, 0, 0], [0, 0, 0, 0, 0, 0, 0, 0, 0, 0, 0, 0, 0, 1, 0, 0, 0, 0, 0, 0, 0, 0], [0, 0, 0, 0, 0, 0, 0, 0, 0, 0, 0, 0, 0, 0, 1, 0, 0, 0, 0, 0, 0, 0], [0, 0, 0, 0, 0, 0, 0, 0, 0, 0, 0, 0, 0, 0, 0, 1, 0, 0, 0, 0, 0, 0], [0, 0, 0, 0, 0, 0, 0, 0, 0, 0, 0, 0, 0, 0, 0, 0, 1, 0, 0, 0, 0, 0], [0, 0, 0, 0, 0, 0, 0, 0, 0, 0, 0, 0, 0, 0, 0, 0, 0, 1, 0, 0, 0, 0], [0, 0, 0, 0, 0, 0, 0, 0, 0, 0, 0, 0, 0, 0, 0, 0, 0, 0, 1, 0, 0, 0], [0, 0, 0, 0, 0, 0, 0, 0, 0, 0, 0, 0, 0, 0, 0, 0, 0, 0, 0, 1, 0, 0], [0, 0, 0, 0, 0, 0, 0, 0, 0, 0, 0, 0, 0, 0, 0, 0, 0, 0, 0, 0, 1, 0], [0, 0, 0, 0, 0, 0, 0, 0, 0, 0, 0, 0, 0, 0, 0, 0, 0, 0, 0, 0, 0, 1]]
[[-1, -2, 0, 1, -1, 0, 0, 0, 1, 0, 1, 0, 0, 0, 1, 0, 0, 0, 0, 0, 0, -1], [0, 1, 0, -1, 1, 0, 0, 0, -1, 0, -1, 0, 0, 0, -1, 0, 0, 0, 0, 0, 0, 1], [0, 0, 1, 0, 0, 0, 1, -1, -1, 1, 1, 1, 0, -1, -1, -1, -1, -2, 1, -1, -1, -1], [2, 2, 0, 0, 1, 0, 1, -1, -2, 1, 0, 1, 0, -1, -2, -1, -1, -2, 1, -1, -1, 0], [1, 1, 0, 1, 0, 0, 2, 0, -2, 1, 2, 1, 0, -1, 0, -1, -1, -2, 1, -1, -1, 0], [-3, -3, 0, -1, -1, -1, -2, 0, 2, -2, -1, -1, 0, 2, 1, 1, 1, 2, -1, 1, 1, 0], [0, 0, 0, 0, 0, 0, 0, -1, -1, 0, 0, 0, 0, 0, 0, 0, 0, 0, 0, 0, 0, 1], [0, 0, 0, 0, 0, 0, -1, 0, 1, 0, 0, 0, 0, 0, 0, 0, 0, 0, 0, 0, 0, -1], [-1, -1, 0, 0, 0, 0, 0, 0, 0, 0, 0, 0, 0, 0, 0, 0, 0, 0, 0, 0, 0, 1], [2, 2, 0, 0, 0, 0, 0, 0, 0, 1, 0, 0, 0, 0, 0, 0, 0, 0, 0, 0, 0, 0], [0, 0, 0, 0, 0, 0, 2, 0, -2, 1, 2, 1, 0, -1, -1, -1, -1, -2, 1, -1, -1, 0], [-2, -2, 0, 0, 0, 0, -1, 1, 2, -1, -1, -1, -1, 1, 1, 0, 1, 1, 0, 1, 1, 0], [-1, -1, 0, 0, 0, 0, -2, 0, 2, -1, -1, -1, 0, 1, 1, 1, 0, 1, -1, 0, 0, 0], [-1, -1, 0, 0, 0, 0, -1, -1, 0, 0, 0, 0, 0, 1, 0, 0, 0, 0, 0, 0, 0, 0], [-1, -1, 0, 0, 0, 0, -1, 1, 2, -1, -1, -1, 0, 1, 2, 1, 1, 2, -1, 1, 1, 0], [3, 3, 0, 0, 0, 0, 2, 0, -2, 1, 1, 1, 1, -1, -1, 0, 0, -1, 1, 0, 0, 0], [1, 1, 0, 0, 0, 0, 1, 1, 0, 0, 0, 0, 0, 0, 0, 0, 1, 0, 0, 0, 0, 0], [1, 1, 0, 0, 0, 0, 1, -1, -2, 1, 1, 1, 0, -1, -1, -1, -1, -1, 1, -1, -1, 0], [1, 1, 0, 0, 0, 0, 0, 0, 0, 0, 0, 1, 1, 0, 0, 1, 0, 1, 0, 0, 0, 0], [1, 1, 0, 0, 0, 0, 1, -1, -2, 1, 1, 1, 0, -1, -1, -1, -1, -2, 1, 0, -1, 0], [-2, -2, 0, 0, 0, 0, -1, 1, 2, -1, -1, -1, -1, 1, 1, 1, 0, 1, -1, 0, 1, 0], [-1, -1, 0, 0, 0, 0, 0, 0, 1, 0, 0, 0, 0, 0, 0, 0, 0, 0, 0, 0, 0, 0]]
[[1, -1, -1, 1, 0, 0, 0, 1, 0, 0, 1, -1, -1, 0, 1, -1, 0, 0, 0, -1, 0, -1], [0, 1, 0, 0, 0, 0, 0, 0, 0, 0, 0, 0, 0, 0, 0, 0, 0, 0, 0, 0, 0, 0], [0, -1, 0, 1, 0, 0, 1, 1, -1, 0, 2, -1, -1, -1, 1, -2, -1, -1, 0, -2, -1, -2], [0, 1, 1, -1, -2, -1, 1, -1, 1, 1, 0, 1, 1, 0, -1, 1, 0, 0, 0, 2, 1, 1], [0, 0, 0, 0, 0, 0, 1, 0, 0, 1, 1, 0, 0, -1, 0, -1, 0, 0, 0, 0, 0, 0], [0, -2, -2, 3, 3, 2, -1, 2, -2, -2, 1, -2, -2, 0, 2, -2, -1, -1, 0, -4, -2, -3], [0, 0, 0, 0, 0, 0, 0, 0, 1, 0, -1, 0, 0, 1, 0, 1, 1, 1, 0, 1, 1, 1], [0, 0, 0, 0, 0, 0, 0, 1, 0, 0, 0, 0, 0, 0, 0, 0, 0, 0, 0, 0, 0, 0], [0, -1, -1, 2, 2, 1, 0, 1, -1, -1, 1, -1, -1, -1, 1, -2, -1, -1, 0, -3, -2, -2], [0, 2, 2, -3, -2, -1, 0, -2, 2, 2, -2, 2, 2, 1, -2, 3, 1, 1, 0, 4, 2, 3], [0, -1, -1, 2, 1, 1, 1, 1, -2, 0, 3, -1, -1, -2, 1, -3, -1, -1, 0, -3, -2, -2], [0, -2, -2, 3, 3, 1, 0, 2, -3, -2, 2, -1, -2, -1, 2, -3, -2, -2, 0, -5, -3, -4], [0, 0, 0, 0, 1, 0, -1, 0, 0, -1, -1, 0, 1, 1, 0, 1, 0, 0, 0, 0, 0, 0], [0, -1, -1, 2, 2, 1, 0, 1, -2, -1, 1, -1, -1, 0, 1, -2, -1, -1, 0, -3, -2, -2], [0, 0, 0, 0, 1, 0, -1, 0, 0, -1, -1, 0, 0, 1, 1, 1, 0, 0, 0, 0, 0, 0], [0, 2, 2, -3, -4, -1, 1, -2, 3, 3, -1, 2, 2, 0, -2, 3, 2, 2, 0, 5, 3, 4], [0, 0, 0, 0, 0, 0, 1, 0, -1, 0, 1, 0, 0, -1, 0, -1, 0, -1, 0, -1, -1, -1], [0, 1, 1, -2, -2, -1, 0, -1, 2, 1, -1, 1, 1, 1, -1, 2, 1, 2, 0, 3, 2, 2], [0, 2, 2, -3, -2, -1, 0, -2, 2, 1, -2, 2, 2, 1, -2, 3, 1, 1, 1, 4, 2, 3], [0, 0, 0, 0, -1, 0, 0, 0, 1, 1, 0, 0, 0, 0, 0, 0, 1, 1, 0, 2, 1, 1], [0, -1, -1, 2, 3, 1, 0, 1, -3, -2, 1, -1, -1, -1, 1, -2, -2, -2, 0, -4, -2, -3], [0, -1, -1, 1, 1, 0, 0, 1, -1, -1, 1, -1, -1, 0, 1, -1, -1, -1, 0, -2, -1, -1]]
[[1, 0, 0, 0, 0, 0, 0, 0, 0, 0, 0, 0, 0, 0, 0, 0, 0, 0, 0, 0, 0, 0], [0, 1, 0, 0, 0, 0, 0, 0, 0, 0, 0, 0, 0, 0, 0, 0, 0, 0, 0, 0, 0, 0], [0, 0, 1, 0, 0, 0, 0, 0, 0, 0, 0, 0, 0, 0, 0, 0, 0, 0, 0, 0, 0, 0], [0, 0, 0, 1, 0, 0, 0, 0, 0, 0, 0, 0, 0, 0, 0, 0, 0, 0, 0, 0, 0, 0], [0, 0, 0, 0, 1, 0, 0, 0, 0, 0, 0, 0, 0, 0, 0, 0, 0, 0, 0, 0, 0, 0], [0, 0, 0, 0, 0, 1, 0, 0, 0, 0, 0, 0, 0, 0, 0, 0, 0, 0, 0, 0, 0, 0], [0, 0, 0, 0, 0, 0, 1, 0, 0, 0, 0, 0, 0, 0, 0, 0, 0, 0, 0, 0, 0, 0], [0, 0, 0, 0, 0, 0, 0, 1, 0, 0, 0, 0, 0, 0, 0, 0, 0, 0, 0, 0, 0, 0], [0, 0, 0, 0, 0, 0, 0, 0, 1, 0, 0, 0, 0, 0, 0, 0, 0, 0, 0, 0, 0, 0], [0, 0, 0, 0, 0, 0, 0, 0, 0, 1, 0, 0, 0, 0, 0, 0, 0, 0, 0, 0, 0, 0], [0, 0, 0, 0, 0, 0, 0, 0, 0, 0, 1, 0, 0, 0, 0, 0, 0, 0, 0, 0, 0, 0], [0, 0, 0, 0, 0, 0, 0, 0, 0, 0, 0, 1, 0, 0, 0, 0, 0, 0, 0, 0, 0, 0], [0, 0, 0, 0, 0, 0, 0, 0, 0, 0, 0, 0, 1, 0, 0, 0, 0, 0, 0, 0, 0, 0], [0, 0, 0, 0, 0, 0, 0, 0, 0, 0, 0, 0, 0, 1, 0, 0, 0, 0, 0, 0, 0, 0], [0, 0, 0, 0, 0, 0, 0, 0, 0, 0, 0, 0, 0, 0, 1, 0, 0, 0, 0, 0, 0, 0], [0, 0, 0, 0, 0, 0, 0, 0, 0, 0, 0, 0, 0, 0, 0, 1, 0, 0, 0, 0, 0, 0], [0, 0, 0, 0, 0, 0, 0, 0, 0, 0, 0, 0, 0, 0, 0, 0, 1, 0, 0, 0, 0, 0], [0, 0, 0, 0, 0, 0, 0, 0, 0, 0, 0, 0, 0, 0, 0, 0, 0, 1, 0, 0, 0, 0], [0, 0, 0, 0, 0, 0, 0, 0, 0, 0, 0, 0, 0, 0, 0, 0, 0, 0, 1, 0, 0, 0], [0, 0, 0, 0, 0, 0, 0, 0, 0, 0, 0, 0, 0, 0, 0, 0, 0, 0, 0, 1, 0, 0], [0, 0, 0, 0, 0, 0, 0, 0, 0, 0, 0, 0, 0, 0, 0, 0, 0, 0, 0, 0, 1, 0], [0, 0, 0, 0, 0, 0, 0, 0, 0, 0, 0, 0, 0, 0, 0, 0, 0, 0, 0, 0, 0, 1]]
[[1, 0, 0, 0, 0, 0, 0, 0, 0, 0, 0, 0, 0, 0, 0, 0, 0, 0, 0, 0, 0, 0], [0, 1, 0, 0, 0, 0, 0, 0, 0, 0, 0, 0, 0, 0, 0, 0, 0, 0, 0, 0, 0, 0], [0, 0, 1, 0, 0, 0, 0, 0, 0, 0, 0, 0, 0, 0, 0, 0, 0, 0, 0, 0, 0, 0], [0, 0, 0, 1, 0, 0, 0, 0, 0, 0, 0, 0, 0, 0, 0, 0, 0, 0, 0, 0, 0, 0], [0, 0, 0, 0, 1, 0, 0, 0, 0, 0, 0, 0, 0, 0, 0, 0, 0, 0, 0, 0, 0, 0], [0, 0, 0, 0, 0, 1, 0, 0, 0, 0, 0, 0, 0, 0, 0, 0, 0, 0, 0, 0, 0, 0], [0, 0, 0, 0, 0, 0, 1, 0, 0, 0, 0, 0, 0, 0, 0, 0, 0, 0, 0, 0, 0, 0], [0, 0, 0, 0, 0, 0, 0, 1, 0, 0, 0, 0, 0, 0, 0, 0, 0, 0, 0, 0, 0, 0], [0, 0, 0, 0, 0, 0, 0, 0, 1, 0, 0, 0, 0, 0, 0, 0, 0, 0, 0, 0, 0, 0], [0, 0, 0, 0, 0, 0, 0, 0, 0, 1, 0, 0, 0, 0, 0, 0, 0, 0, 0, 0, 0, 0], [0, 0, 0, 0, 0, 0, 0, 0, 0, 0, 1, 0, 0, 0, 0, 0, 0, 0, 0, 0, 0, 0], [0, 0, 0, 0, 0, 0, 0, 0, 0, 0, 0, 1, 0, 0, 0, 0, 0, 0, 0, 0, 0, 0], [0, 0, 0, 0, 0, 0, 0, 0, 0, 0, 0, 0, 1, 0, 0, 0, 0, 0, 0, 0, 0, 0], [0, 0, 0, 0, 0, 0, 0, 0, 0, 0, 0, 0, 0, 1, 0, 0, 0, 0, 0, 0, 0, 0], [0, 0, 0, 0, 0, 0, 0, 0, 0, 0, 0, 0, 0, 0, 1, 0, 0, 0, 0, 0, 0, 0], [0, 0, 0, 0, 0, 0, 0, 0, 0, 0, 0, 0, 0, 0, 0, 1, 0, 0, 0, 0, 0, 0], [0, 0, 0, 0, 0, 0, 0, 0, 0, 0, 0, 0, 0, 0, 0, 0, 1, 0, 0, 0, 0, 0], [0, 0, 0, 0, 0, 0, 0, 0, 0, 0, 0, 0, 0, 0, 0, 0, 0, 1, 0, 0, 0, 0], [0, 0, 0, 0, 0, 0, 0, 0, 0, 0, 0, 0, 0, 0, 0, 0, 0, 0, 1, 0, 0, 0], [0, 0, 0, 0, 0, 0, 0, 0, 0, 0, 0, 0, 0, 0, 0, 0, 0, 0, 0, 1, 0, 0], [0, 0, 0, 0, 0, 0, 0, 0, 0, 0, 0, 0, 0, 0, 0, 0, 0, 0, 0, 0, 1, 0], [0, 0, 0, 0, 0, 0, 0, 0, 0, 0, 0, 0, 0, 0, 0, 0, 0, 0, 0, 0, 0, 1]]
[[1, 0, 0, 0, 0, 0, 0, 0, 0, 0, 0, 0, 0, 0, 0, 0, 0, 0, 0, 0, 0, 0], [0, 1, 0, 0, 0, 0, 0, 0, 0, 0, 0, 0, 0, 0, 0, 0, 0, 0, 0, 0, 0, 0], [0, 0, 1, 0, 0, 0, 0, 0, 0, 0, 0, 0, 0, 0, 0, 0, 0, 0, 0, 0, 0, 0], [0, 0, 0, 1, 0, 0, 0, 0, 0, 0, 0, 0, 0, 0, 0, 0, 0, 0, 0, 0, 0, 0], [0, 0, 0, 0, 1, 0, 0, 0, 0, 0, 0, 0, 0, 0, 0, 0, 0, 0, 0, 0, 0, 0], [0, 0, 0, 0, 0, 1, 0, 0, 0, 0, 0, 0, 0, 0, 0, 0, 0, 0, 0, 0, 0, 0], [0, 0, 0, 0, 0, 0, 1, 0, 0, 0, 0, 0, 0, 0, 0, 0, 0, 0, 0, 0, 0, 0], [0, 0, 0, 0, 0, 0, 0, 1, 0, 0, 0, 0, 0, 0, 0, 0, 0, 0, 0, 0, 0, 0], [0, 0, 0, 0, 0, 0, 0, 0, 1, 0, 0, 0, 0, 0, 0, 0, 0, 0, 0, 0, 0, 0], [0, 0, 0, 0, 0, 0, 0, 0, 0, 1, 0, 0, 0, 0, 0, 0, 0, 0, 0, 0, 0, 0], [0, 0, 0, 0, 0, 0, 0, 0, 0, 0, 1, 0, 0, 0, 0, 0, 0, 0, 0, 0, 0, 0], [0, 0, 0, 0, 0, 0, 0, 0, 0, 0, 0, 1, 0, 0, 0, 0, 0, 0, 0, 0, 0, 0], [0, 0, 0, 0, 0, 0, 0, 0, 0, 0, 0, 0, 1, 0, 0, 0, 0, 0, 0, 0, 0, 0], [0, 0, 0, 0, 0, 0, 0, 0, 0, 0, 0, 0, 0, 1, 0, 0, 0, 0, 0, 0, 0, 0], [0, 0, 0, 0, 0, 0, 0, 0, 0, 0, 0, 0, 0, 0, 1, 0, 0, 0, 0, 0, 0, 0], [0, 0, 0, 0, 0, 0, 0, 0, 0, 0, 0, 0, 0, 0, 0, 1, 0, 0, 0, 0, 0, 0], [0, 0, 0, 0, 0, 0, 0, 0, 0, 0, 0, 0, 0, 0, 0, 0, 1, 0, 0, 0, 0, 0], [0, 0, 0, 0, 0, 0, 0, 0, 0, 0, 0, 0, 0, 0, 0, 0, 0, 1, 0, 0, 0, 0], [0, 0, 0, 0, 0, 0, 0, 0, 0, 0, 0, 0, 0, 0, 0, 0, 0, 0, 1, 0, 0, 0], [0, 0, 0, 0, 0, 0, 0, 0, 0, 0, 0, 0, 0, 0, 0, 0, 0, 0, 0, 1, 0, 0], [0, 0, 0, 0, 0, 0, 0, 0, 0, 0, 0, 0, 0, 0, 0, 0, 0, 0, 0, 0, 1, 0], [0, 0, 0, 0, 0, 0, 0, 0, 0, 0, 0, 0, 0, 0, 0, 0, 0, 0, 0, 0, 0, 1]]
[[1, 2, 0, 0, 2, 0, 2, 0, -2, 0, 2, 4, 2, 0, 0, 0, 0, -2, 4, 0, -2, 0], [0, 0, 0, 0, -1, 0, -1, 0, 1, 0, -1, -2, -1, 0, 0, 0, 0, 1, -2, 0, 1, 0], [0, 1, 0, 0, 2, 1, 1, 1, -1, 0, 1, 2, 1, 0, 0, 0, 1, 0, 2, 0, -1, 0], [0, -1, -1, 1, 0, 1, -1, 1, 1, 0, -1, -2, -1, 0, 0, 0, 1, 2, -2, 0, 1, 0], [0, 0, 0, 0, 1, 0, 0, 1, 0, 0, 0, 0, 0, 0, 0, 0, 0, 0, 0, 0, 0, 0], [0, 2, 1, 0, 1, 0, 2, -1, -2, 0, 2, 4, 2, 0, 0, 0, -1, -3, 4, 0, -2, 0], [0, 0, 0, 0, 0, 0, 1, 1, 0, 0, 0, 0, 0, 0, 0, 0, 0, 0, 0, 0, 0, 0], [0, 0, 0, 0, 0, 0, 0, -1, 0, 0, 0, 0, 0, 0, 0, 0, 0, 0, 0, 0, 0, 0], [0, 1, 0, 0, 1, 0, 1, 1, 0, 0, 1, 2, 1, 0, 0, 0, 0, -1, 2, 0, -1, 0], [0, -2, 0, 0, -2, 0, -2, -1, 2, 1, -2, -4, -2, 0, 0, 0, 0, 2, -4, 0, 2, 0], [0, 1, 0, 0, 1, 0, 1, 1, -1, 0, 2, 2, 1, 0, 0, 0, 0, -1, 2, 0, -1, 0], [0, 1, 0, 0, 1, 0, 1, 0, -1, 0, 1, 3, 1, 0, 0, 0, 0, -1, 2, 0, -1, 0], [0, 0, 0, 0, 0, 0, 0, -1, 0, 0, 0, 0, 0, 0, 0, -1, 0, -1, 1, 0, -1, 0], [0, 1, 0, 0, 1, 0, 1, 0, -1, 0, 1, 2, 1, 1, 0, 0, 0, -1, 2, 0, -1, 0], [0, 0, 0, 0, 0, 0, 0, 0, 0, 0, 0, 0, 0, 0, 1, 0, 0, 0, 0, 0, 0, 0], [0, -2, 0, 0, -2, 0, -2, 0, 2, 0, -2, -4, -2, 0, 0, 1, 0, 2, -4, 0, 2, 0], [0, -1, 0, 0, -1, 0, -1, 0, 1, 0, -1, -2, -1, 0, 0, 0, 1, 1, -2, 0, 1, 0], [0, 0, 0, 0, 0, 0, 0, 1, 0, 0, 0, 0, 0, 0, 0, 0, 0, 1, 0, 0, 0, 0], [0, -1, 0, 0, -1, 0, -1, 0, 1, 0, -1, -2, -1, 0, 0, 0, 0, 1, -1, 0, 1, 0], [0, 0, 0, 0, 0, 0, 0, 0, 0, 0, 0, 0, 1, 0, 0, 1, 0, 1, -1, 1, 1, 0], [0, 1, 0, 0, 1, 0, 1, 0, -1, 0, 1, 2, 0, 0, 0, -1, 0, -2, 3, 0, -1, 0], [0, 1, 0, 0, 1, 0, 1, 0, -1, 0, 1, 2, 1, 0, 0, 0, 0, -1, 2, 0, -1, 1]]
[[1, 0, 0, 0, 0, 0, 1, 0, -1, 0, 1, 1, -1, 0, 0, -2, 0, -3, 3, -2, -3, -2], [0, 1, 0, 0, 0, 0, 0, 0, 0, 0, 0, 0, 1, 0, 0, 1, 0, 1, -1, 1, 1, 1], [0, 0, 1, 0, 0, 0, 1, 0, -1, 0, 1, 1, 0, 0, 0, -1, 0, -2, 2, -1, -2, -1], [0, 0, 0, 1, 0, 0, 0, 0, 0, 0, 0, 0, 1, 0, 0, 1, 0, 1, -1, 1, 1, 1], [0, 0, 0, 0, 0, -1, 1, 0, -1, 0, 1, 1, 1, 0, 0, 0, 0, 0, 0, 0, 0, 0], [0, 0, 0, 0, 0, 1, 0, 0, 0, 0, 0, 0, -2, 0, 0, -2, 0, -2, 2, -2, -2, -2], [0, 0, 0, 0, 0, 0, 1, 0, 0, 0, 0, 0, 0, 0, 0, 0, 0, 0, 0, 0, 0, 0], [0, 0, 0, 0, -1, -1, -1, 0, 1, 0, 0, -1, -1, 0, 0, 0, -1, 0, -1, 0, 1, 0], [0, 0, 0, 0, 1, 1, 1, 1, 0, 0, 0, 1, 0, 0, 0, -1, 1, -1, 2, -1, -2, -1], [0, 0, 0, 0, -1, -1, -1, -1, 1, 1, 0, -1, 1, 0, 0, 2, -1, 2, -3, 2, 3, 2], [0, 0, 0, 0, 0, 0, 1, 1, -1, 0, 1, 1, 0, 0, 0, -1, 1, 0, 1, -1, -1, -1], [0, 0, 0, 0, 1, 1, 0, 0, 0, 0, 0, 1, -1, 0, 0, -1, 0, -2, 2, -1, -2, -1], [0, 0, 0, 0, 1, 1, -1, 0, 1, 0, -1, -1, -1, 0, 0, -1, 0, -1, 1, -1, -1, -1], [0, 0, 0, 0, 0, 0, 0, 0, 0, 0, 0, 0, -1, 1, 0, -1, 0, -1, 1, -1, -1, -1], [0, 0, 0, 0, 1, 1, 0, 0, 0, 0, 0, 0, 0, 0, 1, 0, 0, -1, 1, 0, -1, 0], [0, 0, 0, 0, -1, -1, 0, 0, 0, 0, 0, 0, 2, 0, 0, 3, 0, 3, -3, 2, 3, 2], [0, 0, 0, 0, 0, 0, 0, 0, 0, 0, 0, 0, 1, 0, 0, 1, 1, 1, -1, 1, 1, 1], [0, 0, 0, 0, 0, 0, 1, 0, -1, 0, 1, 1, 1, 0, 0, 0, 0, 0, 1, 0, -1, 0], [0, 0, 0, 0, 0, 0, 0, 0, 0, 0, 0, 0, 1, 0, 0, 1, 0, 1, 0, 1, 1, 1], [0, 0, 0, 0, -1, -1, 0, 0, 0, 0, 0, 0, 0, 0, 0, 0, 0, 1, -1, 1, 1, 0], [0, 0, 0, 0, 1, 1, 0, 0, 0, 0, 0, 0, -1, 0, 0, -1, 0, -2, 2, -1, -1, -1], [0, 0, 0, 0, 0, 0, 0, 0, 0, 0, 0, 0, -1, 0, 0, -1, 0, -1, 1, -1, -1, 0]]
[[1, 0, 0, 0, 0, 0, 0, 0, 0, 0, 0, 0, 0, 0, 0, 0, 0, 0, 0, 0, 0, 0], [0, 1, 0, 0, 0, 0, 0, 0, 0, 0, 0, 0, 0, 0, 0, 0, 0, 0, 0, 0, 0, 0], [0, 0, 1, 0, 0, 0, 0, 0, 0, 0, 0, 0, 0, 0, 0, 0, 0, 0, 0, 0, 0, 0], [0, 0, 0, 1, 0, 0, 0, 0, 0, 0, 0, 0, 0, 0, 0, 0, 0, 0, 0, 0, 0, 0], [0, 0, 0, 0, 1, 0, 0, 0, 0, 0, 0, 0, 0, 0, 0, 0, 0, 0, 0, 0, 0, 0], [0, 0, 0, 0, 0, 1, 0, 0, 0, 0, 0, 0, 0, 0, 0, 0, 0, 0, 0, 0, 0, 0], [0, 0, 0, 0, 0, 0, 1, 0, 0, 0, 0, 0, 0, 0, 0, 0, 0, 0, 0, 0, 0, 0], [0, 0, 0, 0, 0, 0, 0, 1, 0, 0, 0, 0, 0, 0, 0, 0, 0, 0, 0, 0, 0, 0], [0, 0, 0, 0, 0, 0, 0, 0, 1, 0, 0, 0, 0, 0, 0, 0, 0, 0, 0, 0, 0, 0], [0, 0, 0, 0, 0, 0, 0, 0, 0, 1, 0, 0, 0, 0, 0, 0, 0, 0, 0, 0, 0, 0], [0, 0, 0, 0, 0, 0, 0, 0, 0, 0, 1, 0, 0, 0, 0, 0, 0, 0, 0, 0, 0, 0], [0, 0, 0, 0, 0, 0, 0, 0, 0, 0, 0, 1, 0, 0, 0, 0, 0, 0, 0, 0, 0, 0], [0, 0, 0, 0, 0, 0, 0, 0, 0, 0, 0, 0, 1, 0, 0, 0, 0, 0, 0, 0, 0, 0], [0, 0, 0, 0, 0, 0, 0, 0, 0, 0, 0, 0, 0, 1, 0, 0, 0, 0, 0, 0, 0, 0], [0, 0, 0, 0, 0, 0, 0, 0, 0, 0, 0, 0, 0, 0, 1, 0, 0, 0, 0, 0, 0, 0], [0, 0, 0, 0, 0, 0, 0, 0, 0, 0, 0, 0, 0, 0, 0, 1, 0, 0, 0, 0, 0, 0], [0, 0, 0, 0, 0, 0, 0, 0, 0, 0, 0, 0, 0, 0, 0, 0, 1, 0, 0, 0, 0, 0], [0, 0, 0, 0, 0, 0, 0, 0, 0, 0, 0, 0, 0, 0, 0, 0, 0, 1, 0, 0, 0, 0], [0, 0, 0, 0, 0, 0, 0, 0, 0, 0, 0, 0, 0, 0, 0, 0, 0, 0, 1, 0, 0, 0], [0, 0, 0, 0, 0, 0, 0, 0, 0, 0, 0, 0, 0, 0, 0, 0, 0, 0, 0, 1, 0, 0], [0, 0, 0, 0, 0, 0, 0, 0, 0, 0, 0, 0, 0, 0, 0, 0, 0, 0, 0, 0, 1, 0], [0, 0, 0, 0, 0, 0, 0, 0, 0, 0, 0, 0, 0, 0, 0, 0, 0, 0, 0, 0, 0, 1]]
[[1, 0, 0, 0, 0, 0, 0, 0, 0, 0, 0, 0, 0, 0, 0, 0, 0, 0, 0, 0, 0, 0], [0, 0, 0, 0, 0, 0, 0, 0, 0, 0, 0, 0, 0, 0, 0, 0, 0, 0, 0, 0, 0, -1], [0, 0, 1, 0, 0, 0, 0, 0, 0, 0, 0, 0, 0, 0, 0, 0, 0, 0, 0, 0, 0, 0], [0, 1, 0, 1, 0, 0, 0, 0, 1, 1, 0, 0, 0, 0, 0, 0, 0, 0, 0, 1, 1, 1], [0, 1, 0, 0, 1, 0, 0, 0, 0, 0, 0, 0, 0, 0, 0, 0, 0, 0, 0, 0, 0, 1], [0, -2, 0, 0, 0, 1, 0, 0, -1, -1, 0, 0, 0, 0, 0, 0, 0, 0, 0, -1, -1, -2], [0, 0, 0, 0, 0, 0, 0, -1, 0, 0, -1, 0, 0, 0, -1, 0, 0, 0, -1, 0, 0, 0], [0, 0, 0, 0, 0, 0, 0, 1, 0, 0, 0, 0, 0, 0, 0, 0, 0, 0, 0, 0, 0, 0], [0, -1, 0, 0, 0, 0, 0, 0, 0, -1, 0, 0, 0, 0, 0, 0, 0, 0, 0, -1, -1, -1], [0, 1, 0, 0, 0, 0, 0, 0, 0, 1, 0, 0, 0, 0, 0, 0, 0, 0, 0, 0, 0, 1], [0, 0, 0, 0, 0, 0, 0, 0, 0, 0, 1, 0, 0, 0, 0, 0, 0, 0, 0, 0, 0, 0], [0, -1, 0, 0, 0, 0, 1, 1, -1, -1, 1, 1, 0, 0, 1, 0, 0, 0, 1, -1, -1, -1], [0, -1, 0, 0, 0, 0, 0, 0, -1, -1, 0, 0, 1, 0, 0, 0, 0, 0, 0, -1, -1, -1], [0, -1, 1, 0, 0, 1, 0, -1, -1, 0, 0, 0, 0, -1, -1, -1, -1, -1, 0, -2, -2, -2], [0, -1, 0, 0, 0, 0, 0, 0, -1, -1, 0, 0, 0, 0, 1, 0, 0, 0, 0, -1, -1, -1], [0, 2, 0, 0, 0, 0, 0, 0, 2, 2, 0, 0, 0, 0, 0, 1, 0, 0, 0, 2, 2, 2], [0, 0, 0, 0, 0, 0, 1, 1, 0, 0, 1, 0, 0, 0, 1, 0, 1, 0, 1, 0, 0, 0], [0, 1, 0, 0, 0, 0, -1, -1, 1, 1, -1, 0, 0, 0, -1, 0, 0, 1, -1, 1, 1, 1], [0, 1, 0, 0, 0, 0, -1, -1, 1, 1, -1, 0, 0, 0, -1, 0, 0, 0, 0, 1, 1, 1], [0, 1, 0, 0, 0, 0, 0, 0, 0, 0, 0, 0, 0, 0, 0, 0, 0, 0, 0, 1, 0, 1], [0, -1, 0, 0, 0, 0, 0, 0, -1, -1, 0, 0, 0, 0, 0, 0, 0, 0, 0, -1, 0, -1], [0, -1, 0, 0, 0, 0, 0, 0, 0, 0, 0, 0, 0, 0, 0, 0, 0, 0, 0, 0, 0, 0]]
[[1, 0, 0, 0, 1, 1, 0, 0, 0, 0, -1, 0, 0, 0, 0, 0, 0, -1, 1, 0, -1, 0], [0, 1, 0, 0, 0, 0, 0, 0, 0, 0, 0, 0, 0, 0, 0, 0, 0, 0, 0, 0, 0, 0], [0, 0, 1, 0, 1, 1, 0, 0, 0, 0, -1, 0, 0, 0, 0, 0, 0, -1, 1, 0, -1, 0], [0, 0, 0, 1, 0, 0, 0, 0, 0, 0, 0, 0, 0, 0, 0, 0, 0, 0, 0, 0, 0, 0], [0, 0, 0, 0, 1, 0, 0, 0, 0, 0, 0, 0, 0, 0, 0, 0, 0, 0, 0, 0, 0, 0], [0, 0, 0, 0, 0, 1, 0, 0, 0, 0, 0, 0, 0, 0, 0, 0, 0, 0, 0, 0, 0, 0], [0, 0, 0, 0, 0, 0, 1, 0, 0, 0, 0, 0, 0, 0, 0, 0, 0, 0, 0, 0, 0, 0], [0, 0, 0, 0, -1, -1, 0, 1, 0, 0, 1, 0, 0, 0, 0, 0, 0, 1, -1, 0, 1, 0], [0, 0, 0, 0, 1, 1, 0, 0, 1, 0, -1, 0, 0, 0, 0, 0, 0, -1, 1, 0, -1, 0], [0, 0, 0, 0, -1, -1, 0, 0, 0, 1, 1, 0, 0, 0, 0, 0, 0, 1, -1, 0, 1, 0], [0, 0, 0, 0, 1, 1, 0, 0, 0, 0, 0, 0, 0, 0, 0, 0, 0, -1, 1, 0, -1, 0], [0, 0, 0, 0, 0, 0, 0, 0, 0, 0, 0, 1, 0, 0, 0, 0, 0, 0, 0, 0, 0, 0], [0, 0, 0, 0, 0, 0, 0, 0, 0, 0, 0, 0, 1, 0, 0, 0, 0, 0, 0, 0, 0, 0], [0, 0, 0, 0, 0, 0, 0, 0, 0, 0, 0, 0, 0, 1, 0, 0, 0, 0, 0, 0, 0, 0], [0, 0, 0, 0, 0, 0, 0, 0, 0, 0, 0, 0, 0, 0, 1, 0, 0, 0, 0, 0, 0, 0], [0, 0, 0, 0, 0, 0, 0, 0, 0, 0, 0, 0, 0, 0, 0, 1, 0, 0, 0, 0, 0, 0], [0, 0, 0, 0, 0, 0, 0, 0, 0, 0, 0, 0, 0, 0, 0, 0, 1, 0, 0, 0, 0, 0], [0, 0, 0, 0, 1, 1, 0, 0, 0, 0, -1, 0, 0, 0, 0, 0, 0, 0, 1, 0, -1, 0], [0, 0, 0, 0, 0, 0, 0, 0, 0, 0, 0, 0, 0, 0, 0, 0, 0, 0, 1, 0, 0, 0], [0, 0, 0, 0, 0, 0, 0, 0, 0, 0, 0, 0, 0, 0, 0, 0, 0, 0, 0, 1, 0, 0], [0, 0, 0, 0, 0, 0, 0, 0, 0, 0, 0, 0, 0, 0, 0, 0, 0, 0, 0, 0, 1, 0], [0, 0, 0, 0, 0, 0, 0, 0, 0, 0, 0, 0, 0, 0, 0, 0, 0, 0, 0, 0, 0, 1]]
[[1, 0, 0, 0, 0, 0, 0, 0, 0, 0, 0, 0, 0, 0, 0, 0, 0, 0, 0, 0, 0, 0], [0, 1, 0, 0, 0, 0, 0, 0, 0, 0, 0, 0, 0, 0, 0, 0, 0, 0, 0, 0, 0, 0], [0, 0, 1, 0, 0, 0, 0, 0, 0, 0, 0, 0, 0, 0, 0, 0, 0, 0, 0, 0, 0, 0], [0, 0, 0, 1, 0, 0, 0, 0, 0, 0, 0, 0, 0, 0, 0, 0, 0, 0, 0, 0, 0, 0], [0, 0, 0, 0, 1, 0, 0, 0, 0, 0, 0, 0, 0, 0, 0, 0, 0, 0, 0, 0, 0, 0], [0, 0, 0, 0, 0, 1, 0, 0, 0, 0, 0, 0, 0, 0, 0, 0, 0, 0, 0, 0, 0, 0], [0, 0, 0, 0, 0, 0, 1, 0, 0, 0, 0, 0, 0, 0, 0, 0, 0, 0, 0, 0, 0, 0], [0, 0, 0, 0, 0, 0, 0, 1, 0, 0, 0, 0, 0, 0, 0, 0, 0, 0, 0, 0, 0, 0], [0, 0, 0, 0, 0, 0, 0, 0, 1, 0, 0, 0, 0, 0, 0, 0, 0, 0, 0, 0, 0, 0], [0, 0, 0, 0, 0, 0, 0, 0, 0, 1, 0, 0, 0, 0, 0, 0, 0, 0, 0, 0, 0, 0], [0, 0, 0, 0, 0, 0, 0, 0, 0, 0, 1, 0, 0, 0, 0, 0, 0, 0, 0, 0, 0, 0], [0, 0, 0, 0, 0, 0, 0, 0, 0, 0, 0, 1, 0, 0, 0, 0, 0, 0, 0, 0, 0, 0], [0, 0, 0, 0, 0, 0, 0, 0, 0, 0, 0, 0, 1, 0, 0, 0, 0, 0, 0, 0, 0, 0], [0, 0, 0, 0, 0, 0, 0, 0, 0, 0, 0, 0, 0, 1, 0, 0, 0, 0, 0, 0, 0, 0], [0, 0, 0, 0, 0, 0, 0, 0, 0, 0, 0, 0, 0, 0, 1, 0, 0, 0, 0, 0, 0, 0], [0, 0, 0, 0, 0, 0, 0, 0, 0, 0, 0, 0, 0, 0, 0, 1, 0, 0, 0, 0, 0, 0], [0, 0, 0, 0, 0, 0, 0, 0, 0, 0, 0, 0, 0, 0, 0, 0, 1, 0, 0, 0, 0, 0], [0, 0, 0, 0, 0, 0, 0, 0, 0, 0, 0, 0, 0, 0, 0, 0, 0, 1, 0, 0, 0, 0], [0, 0, 0, 0, 0, 0, 0, 0, 0, 0, 0, 0, 0, 0, 0, 0, 0, 0, 1, 0, 0, 0], [0, 0, 0, 0, 0, 0, 0, 0, 0, 0, 0, 0, 0, 0, 0, 0, 0, 0, 0, 1, 0, 0], [0, 0, 0, 0, 0, 0, 0, 0, 0, 0, 0, 0, 0, 0, 0, 0, 0, 0, 0, 0, 1, 0], [0, 0, 0, 0, 0, 0, 0, 0, 0, 0, 0, 0, 0, 0, 0, 0, 0, 0, 0, 0, 0, 1]]
[[1, 0, 0, 0, 0, 0, 0, 0, 0, 0, 0, 0, 0, 0, 0, 0, 0, 0, 0, 0, 0, 0], [0, 1, 0, 0, 0, 0, 0, 0, 0, 0, 0, 0, 0, 0, 0, 0, 0, 0, 0, 0, 0, 0], [0, 0, 1, 0, 0, 0, 0, 0, 0, 0, 0, 0, 0, 0, 0, 0, 0, 0, 0, 0, 0, 0], [0, 0, 0, 1, 0, 0, 0, 0, 0, 0, 0, 0, 0, 0, 0, 0, 0, 0, 0, 0, 0, 0], [0, 0, 0, 0, 1, 0, 0, 0, 0, 0, 0, 0, 0, 0, 0, 0, 0, 0, 0, 0, 0, 0], [0, 0, 0, 0, 0, 1, 0, 0, 0, 0, 0, 0, 0, 0, 0, 0, 0, 0, 0, 0, 0, 0], [0, 0, 0, 0, 0, 0, 1, 0, 0, 0, 0, 0, 0, 0, 0, 0, 0, 0, 0, 0, 0, 0], [0, 0, 0, 0, 0, 0, 0, 1, 0, 0, 0, 0, 0, 0, 0, 0, 0, 0, 0, 0, 0, 0], [0, 0, 0, 0, 0, 0, 0, 0, 1, 0, 0, 0, 0, 0, 0, 0, 0, 0, 0, 0, 0, 0], [0, 0, 0, 0, 0, 0, 0, 0, 0, 1, 0, 0, 0, 0, 0, 0, 0, 0, 0, 0, 0, 0], [0, 0, 0, 0, 0, 0, 0, 0, 0, 0, 1, 0, 0, 0, 0, 0, 0, 0, 0, 0, 0, 0], [0, 0, 0, 0, 0, 0, 0, 0, 0, 0, 0, 1, 0, 0, 0, 0, 0, 0, 0, 0, 0, 0], [0, 0, 0, 0, 0, 0, 0, 0, 0, 0, 0, 0, 1, 0, 0, 0, 0, 0, 0, 0, 0, 0], [0, 0, 0, 0, 0, 0, 0, 0, 0, 0, 0, 0, 0, 1, 0, 0, 0, 0, 0, 0, 0, 0], [0, 0, 0, 0, 0, 0, 0, 0, 0, 0, 0, 0, 0, 0, 1, 0, 0, 0, 0, 0, 0, 0], [0, 0, 0, 0, 0, 0, 0, 0, 0, 0, 0, 0, 0, 0, 0, 1, 0, 0, 0, 0, 0, 0], [0, 0, 0, 0, 0, 0, 0, 0, 0, 0, 0, 0, 0, 0, 0, 0, 1, 0, 0, 0, 0, 0], [0, 0, 0, 0, 0, 0, 0, 0, 0, 0, 0, 0, 0, 0, 0, 0, 0, 1, 0, 0, 0, 0], [0, 0, 0, 0, 0, 0, 0, 0, 0, 0, 0, 0, 0, 0, 0, 0, 0, 0, 1, 0, 0, 0], [0, 0, 0, 0, 0, 0, 0, 0, 0, 0, 0, 0, 0, 0, 0, 0, 0, 0, 0, 1, 0, 0], [0, 0, 0, 0, 0, 0, 0, 0, 0, 0, 0, 0, 0, 0, 0, 0, 0, 0, 0, 0, 1, 0], [0, 0, 0, 0, 0, 0, 0, 0, 0, 0, 0, 0, 0, 0, 0, 0, 0, 0, 0, 0, 0, 1]]
[[1, 0, 0, 0, 0, 0, 0, 0, 0, 0, 0, 0, 0, 0, 0, 0, 0, 0, 0, 0, 0, 0], [0, 1, 0, 0, 0, 0, 0, 0, 0, 0, 0, 0, 0, 0, 0, 0, 0, 0, 0, 0, 0, 0], [0, 0, 1, 0, 0, 0, 0, 0, 0, 0, 0, 0, 0, 0, 0, 0, 0, 0, 0, 0, 0, 0], [0, 0, 0, 1, 0, 0, 0, 0, 0, 0, 0, 0, 0, 0, 0, 0, 0, 0, 0, 0, 0, 0], [0, 0, 0, 0, 1, 0, 0, 0, 0, 0, 0, 0, 0, 0, 0, 0, 0, 0, 0, 0, 0, 0], [0, 0, 0, 0, 0, 1, 0, 0, 0, 0, 0, 0, 0, 0, 0, 0, 0, 0, 0, 0, 0, 0], [0, 0, 0, 0, 0, 0, 1, 0, 0, 0, 0, 0, 0, 0, 0, 0, 0, 0, 0, 0, 0, 0], [0, 0, 0, 0, 0, 0, 0, 1, 0, 0, 0, 0, 0, 0, 0, 0, 0, 0, 0, 0, 0, 0], [0, 0, 0, 0, 0, 0, 0, 0, 1, 0, 0, 0, 0, 0, 0, 0, 0, 0, 0, 0, 0, 0], [0, 0, 0, 0, 0, 0, 0, 0, 0, 1, 0, 0, 0, 0, 0, 0, 0, 0, 0, 0, 0, 0], [0, 0, 0, 0, 0, 0, 0, 0, 0, 0, 1, 0, 0, 0, 0, 0, 0, 0, 0, 0, 0, 0], [0, 0, 0, 0, 0, 0, 0, 0, 0, 0, 0, 1, 0, 0, 0, 0, 0, 0, 0, 0, 0, 0], [0, 0, 0, 0, 0, 0, 0, 0, 0, 0, 0, 0, 1, 0, 0, 0, 0, 0, 0, 0, 0, 0], [0, 0, 0, 0, 0, 0, 0, 0, 0, 0, 0, 0, 0, 1, 0, 0, 0, 0, 0, 0, 0, 0], [0, 0, 0, 0, 0, 0, 0, 0, 0, 0, 0, 0, 0, 0, 1, 0, 0, 0, 0, 0, 0, 0], [0, 0, 0, 0, 0, 0, 0, 0, 0, 0, 0, 0, 0, 0, 0, 1, 0, 0, 0, 0, 0, 0], [0, 0, 0, 0, 0, 0, 0, 0, 0, 0, 0, 0, 0, 0, 0, 0, 1, 0, 0, 0, 0, 0], [0, 0, 0, 0, 0, 0, 0, 0, 0, 0, 0, 0, 0, 0, 0, 0, 0, 1, 0, 0, 0, 0], [0, 0, 0, 0, 0, 0, 0, 0, 0, 0, 0, 0, 0, 0, 0, 0, 0, 0, 1, 0, 0, 0], [0, 0, 0, 0, 0, 0, 0, 0, 0, 0, 0, 0, 0, 0, 0, 0, 0, 0, 0, 1, 0, 0], [0, 0, 0, 0, 0, 0, 0, 0, 0, 0, 0, 0, 0, 0, 0, 0, 0, 0, 0, 0, 1, 0], [0, 0, 0, 0, 0, 0, 0, 0, 0, 0, 0, 0, 0, 0, 0, 0, 0, 0, 0, 0, 0, 1]]
[[1, 0, 0, 0, 0, 0, 0, 0, 0, 0, 0, 0, 0, 0, 0, 0, 0, 0, 0, 0, 0, 0], [0, 1, 0, 0, 0, 0, 0, 0, 0, 0, 0, 0, 0, 0, 0, 0, 0, 0, 0, 0, 0, 0], [0, 0, 1, 0, 0, 0, 0, 0, 0, 0, 0, 0, 0, 0, 0, 0, 0, 0, 0, 0, 0, 0], [0, 0, 0, 1, 0, 0, 0, 0, 0, 0, 0, 0, 0, 0, 0, 0, 0, 0, 0, 0, 0, 0], [0, 0, 0, 0, 1, 0, 0, 0, 0, 0, 0, 0, 0, 0, 0, 0, 0, 0, 0, 0, 0, 0], [0, 0, 0, 0, 0, 1, 0, 0, 0, 0, 0, 0, 0, 0, 0, 0, 0, 0, 0, 0, 0, 0], [0, 0, 0, 0, 0, 0, 1, 0, 0, 0, 0, 0, 0, 0, 0, 0, 0, 0, 0, 0, 0, 0], [0, 0, 0, 0, 0, 0, 0, 1, 0, 0, 0, 0, 0, 0, 0, 0, 0, 0, 0, 0, 0, 0], [0, 0, 0, 0, 0, 0, 0, 0, 1, 0, 0, 0, 0, 0, 0, 0, 0, 0, 0, 0, 0, 0], [0, 0, 0, 0, 0, 0, 0, 0, 0, 1, 0, 0, 0, 0, 0, 0, 0, 0, 0, 0, 0, 0], [0, 0, 0, 0, 0, 0, 0, 0, 0, 0, 1, 0, 0, 0, 0, 0, 0, 0, 0, 0, 0, 0], [0, 0, 0, 0, 0, 0, 0, 0, 0, 0, 0, 1, 0, 0, 0, 0, 0, 0, 0, 0, 0, 0], [0, 0, 0, 0, 0, 0, 0, 0, 0, 0, 0, 0, 1, 0, 0, 0, 0, 0, 0, 0, 0, 0], [0, 0, 0, 0, 0, 0, 0, 0, 0, 0, 0, 0, 0, 1, 0, 0, 0, 0, 0, 0, 0, 0], [0, 0, 0, 0, 0, 0, 0, 0, 0, 0, 0, 0, 0, 0, 1, 0, 0, 0, 0, 0, 0, 0], [0, 0, 0, 0, 0, 0, 0, 0, 0, 0, 0, 0, 0, 0, 0, 1, 0, 0, 0, 0, 0, 0], [0, 0, 0, 0, 0, 0, 0, 0, 0, 0, 0, 0, 0, 0, 0, 0, 1, 0, 0, 0, 0, 0], [0, 0, 0, 0, 0, 0, 0, 0, 0, 0, 0, 0, 0, 0, 0, 0, 0, 1, 0, 0, 0, 0], [0, 0, 0, 0, 0, 0, 0, 0, 0, 0, 0, 0, 0, 0, 0, 0, 0, 0, 1, 0, 0, 0], [0, 0, 0, 0, 0, 0, 0, 0, 0, 0, 0, 0, 0, 0, 0, 0, 0, 0, 0, 1, 0, 0], [0, 0, 0, 0, 0, 0, 0, 0, 0, 0, 0, 0, 0, 0, 0, 0, 0, 0, 0, 0, 1, 0], [0, 0, 0, 0, 0, 0, 0, 0, 0, 0, 0, 0, 0, 0, 0, 0, 0, 0, 0, 0, 0, 1]]
[[1, 0, 0, 0, 0, 0, 0, 0, 0, 0, 0, 0, 0, 0, 0, 0, 0, 0, 0, 0, 0, 0], [0, 1, 0, 0, 0, 0, 0, 0, 0, 0, 0, 0, 0, 0, 0, 0, 0, 0, 0, 0, 0, 0], [0, 0, 1, 0, 0, 0, 0, 0, 0, 0, 0, 0, 0, 0, 0, 0, 0, 0, 0, 0, 0, 0], [0, 0, 0, 1, 0, 0, 0, 0, 0, 0, 0, 0, 0, 0, 0, 0, 0, 0, 0, 0, 0, 0], [0, 0, 0, 0, 1, 0, 0, 0, 0, 0, 0, 0, 0, 0, 0, 0, 0, 0, 0, 0, 0, 0], [0, 0, 0, 0, 0, 1, 0, 0, 0, 0, 0, 0, 0, 0, 0, 0, 0, 0, 0, 0, 0, 0], [0, 0, 0, 0, 0, 0, 1, 0, 0, 0, 0, 0, 0, 0, 0, 0, 0, 0, 0, 0, 0, 0], [0, 0, 0, 0, 0, 0, 0, 1, 0, 0, 0, 0, 0, 0, 0, 0, 0, 0, 0, 0, 0, 0], [0, 0, 0, 0, 0, 0, 0, 0, 1, 0, 0, 0, 0, 0, 0, 0, 0, 0, 0, 0, 0, 0], [0, 0, 0, 0, 0, 0, 0, 0, 0, 1, 0, 0, 0, 0, 0, 0, 0, 0, 0, 0, 0, 0], [0, 0, 0, 0, 0, 0, 0, 0, 0, 0, 1, 0, 0, 0, 0, 0, 0, 0, 0, 0, 0, 0], [0, 0, 0, 0, 0, 0, 0, 0, 0, 0, 0, 1, 0, 0, 0, 0, 0, 0, 0, 0, 0, 0], [0, 0, 0, 0, 0, 0, 0, 0, 0, 0, 0, 0, 1, 0, 0, 0, 0, 0, 0, 0, 0, 0], [0, 0, 0, 0, 0, 0, 0, 0, 0, 0, 0, 0, 0, 1, 0, 0, 0, 0, 0, 0, 0, 0], [0, 0, 0, 0, 0, 0, 0, 0, 0, 0, 0, 0, 0, 0, 1, 0, 0, 0, 0, 0, 0, 0], [0, 0, 0, 0, 0, 0, 0, 0, 0, 0, 0, 0, 0, 0, 0, 1, 0, 0, 0, 0, 0, 0], [0, 0, 0, 0, 0, 0, 0, 0, 0, 0, 0, 0, 0, 0, 0, 0, 1, 0, 0, 0, 0, 0], [0, 0, 0, 0, 0, 0, 0, 0, 0, 0, 0, 0, 0, 0, 0, 0, 0, 1, 0, 0, 0, 0], [0, 0, 0, 0, 0, 0, 0, 0, 0, 0, 0, 0, 0, 0, 0, 0, 0, 0, 1, 0, 0, 0], [0, 0, 0, 0, 0, 0, 0, 0, 0, 0, 0, 0, 0, 0, 0, 0, 0, 0, 0, 1, 0, 0], [0, 0, 0, 0, 0, 0, 0, 0, 0, 0, 0, 0, 0, 0, 0, 0, 0, 0, 0, 0, 1, 0], [0, 0, 0, 0, 0, 0, 0, 0, 0, 0, 0, 0, 0, 0, 0, 0, 0, 0, 0, 0, 0, 1]]
[[1, 0, 0, 0, 0, 0, 0, 0, 0, 0, 0, 0, 0, 0, 0, 0, 0, 0, 0, 0, 0, 0], [0, 1, 0, 0, 0, 0, 0, 0, 0, 0, 0, 0, 0, 0, 0, 0, 0, 0, 0, 0, 0, 0], [0, 0, 1, 0, 0, 0, 0, 0, 0, 0, 0, 0, 0, 0, 0, 0, 0, 0, 0, 0, 0, 0], [0, 0, 0, 1, 0, 0, 0, 0, 0, 0, 0, 0, 0, 0, 0, 0, 0, 0, 0, 0, 0, 0], [0, 0, 0, 0, 1, 0, 0, 0, 0, 0, 0, 0, 0, 0, 0, 0, 0, 0, 0, 0, 0, 0], [0, 0, 0, 0, 0, 1, 0, 0, 0, 0, 0, 0, 0, 0, 0, 0, 0, 0, 0, 0, 0, 0], [0, 0, 0, 0, 0, 0, 1, 0, 0, 0, 0, 0, 0, 0, 0, 0, 0, 0, 0, 0, 0, 0], [0, 0, 0, 0, 0, 0, 0, 1, 0, 0, 0, 0, 0, 0, 0, 0, 0, 0, 0, 0, 0, 0], [0, 0, 0, 0, 0, 0, 0, 0, 1, 0, 0, 0, 0, 0, 0, 0, 0, 0, 0, 0, 0, 0], [0, 0, 0, 0, 0, 0, 0, 0, 0, 1, 0, 0, 0, 0, 0, 0, 0, 0, 0, 0, 0, 0], [0, 0, 0, 0, 0, 0, 0, 0, 0, 0, 1, 0, 0, 0, 0, 0, 0, 0, 0, 0, 0, 0], [0, 0, 0, 0, 0, 0, 0, 0, 0, 0, 0, 1, 0, 0, 0, 0, 0, 0, 0, 0, 0, 0], [0, 0, 0, 0, 0, 0, 0, 0, 0, 0, 0, 0, 1, 0, 0, 0, 0, 0, 0, 0, 0, 0], [0, 0, 0, 0, 0, 0, 0, 0, 0, 0, 0, 0, 0, 1, 0, 0, 0, 0, 0, 0, 0, 0], [0, 0, 0, 0, 0, 0, 0, 0, 0, 0, 0, 0, 0, 0, 1, 0, 0, 0, 0, 0, 0, 0], [0, 0, 0, 0, 0, 0, 0, 0, 0, 0, 0, 0, 0, 0, 0, 1, 0, 0, 0, 0, 0, 0], [0, 0, 0, 0, 0, 0, 0, 0, 0, 0, 0, 0, 0, 0, 0, 0, 1, 0, 0, 0, 0, 0], [0, 0, 0, 0, 0, 0, 0, 0, 0, 0, 0, 0, 0, 0, 0, 0, 0, 1, 0, 0, 0, 0], [0, 0, 0, 0, 0, 0, 0, 0, 0, 0, 0, 0, 0, 0, 0, 0, 0, 0, 1, 0, 0, 0], [0, 0, 0, 0, 0, 0, 0, 0, 0, 0, 0, 0, 0, 0, 0, 0, 0, 0, 0, 1, 0, 0], [0, 0, 0, 0, 0, 0, 0, 0, 0, 0, 0, 0, 0, 0, 0, 0, 0, 0, 0, 0, 1, 0], [0, 0, 0, 0, 0, 0, 0, 0, 0, 0, 0, 0, 0, 0, 0, 0, 0, 0, 0, 0, 0, 1]]
[[1, 0, 0, 0, 0, 0, 1, 1, -1, -1, 3, 2, 2, 0, 1, 0, 2, 2, 1, -1, -1, -2], [0, 1, -1, 0, 1, 0, -1, -1, 1, 1, -4, -2, -2, 1, -1, 1, -2, -2, -1, 2, 2, 3], [0, 1, 0, 0, 2, 1, 0, -1, 0, 1, -2, 0, 0, 0, -1, 1, -1, -1, 0, 1, 1, 2], [0, 2, -1, 1, 3, 2, -1, -3, 2, 4, -7, -3, -3, -1, -3, 1, -5, -5, -1, 3, 3, 6], [0, 1, 0, 0, 2, 1, -1, -2, 1, 2, -4, -2, -2, -1, -2, 0, -3, -3, -1, 1, 1, 3], [0, -3, 1, 0, -4, -2, 2, 5, -3, -6, 11, 5, 5, 2, 5, -1, 8, 8, 2, -4, -4, -9], [0, 0, 0, 0, 0, 0, 0, -1, 0, 0, -2, -1, -1, 0, -1, 0, -1, -1, -1, 0, 0, 1], [0, 0, 0, 0, 0, 0, 1, 2, -1, -1, 3, 2, 2, 0, 1, 0, 2, 2, 1, -1, -1, -2], [0, -1, 0, 0, -1, -1, 0, 1, 0, -2, 2, 1, 1, 1, 1, 0, 2, 2, 0, -1, -1, -2], [0, 1, 0, 0, 1, 1, -1, -2, 1, 3, -4, -2, -2, -1, -2, 0, -3, -3, -1, 1, 1, 3], [0, 1, -1, 0, 2, 1, -1, -2, 1, 2, -4, -2, -2, 0, -2, 1, -3, -3, -1, 2, 2, 4], [0, -2, 1, 0, -3, -2, 2, 4, -2, -4, 9, 5, 4, 1, 4, -1, 6, 6, 2, -3, -3, -7], [0, -2, 1, 0, -3, -2, 1, 3, -2, -4, 7, 3, 4, 1, 3, -1, 5, 5, 1, -3, -3, -6], [0, -1, 1, 0, -2, -1, 1, 2, -2, -3, 6, 3, 3, 1, 2, -1, 4, 4, 1, -3, -3, -5], [0, -2, 1, 0, -3, -2, 1, 3, -2, -4, 7, 3, 3, 1, 4, -1, 5, 5, 1, -3, -3, -6], [0, 3, -1, 0, 4, 3, -2, -5, 4, 7, -12, -6, -6, -2, -5, 2, -9, -9, -2, 5, 5, 10], [0, 0, 0, 0, 0, 0, 0, 0, 1, 1, -1, -1, -1, 0, 0, 0, 0, -1, 0, 1, 1, 1], [0, 2, -1, 0, 3, 2, -2, -4, 2, 4, -9, -4, -4, -1, -4, 1, -6, -5, -2, 3, 3, 7], [0, 1, 0, 0, 1, 1, -1, -2, 1, 2, -4, -2, -2, -1, -2, 0, -3, -3, 0, 1, 1, 3], [0, 2, -1, 0, 3, 2, -1, -3, 1, 3, -6, -2, -2, -1, -3, 1, -4, -4, -1, 3, 2, 5], [0, -2, 1, 0, -3, -2, 1, 3, -2, -4, 7, 3, 3, 1, 3, -1, 5, 5, 1, -3, -2, -6], [0, -1, 0, 0, -1, -1, 1, 2, -1, -2, 4, 2, 2, 1, 2, 0, 3, 3, 1, -1, -1, -2]]
[[-1, -1, 0, 1, -1, 0, 0, 0, 0, -1, 1, 0, 0, 0, 1, 0, 0, 0, 0, -1, -1, 0], [1, 1, 0, 0, 0, 0, 0, 0, 0, 1, 0, 0, 0, 0, 0, 0, 0, 0, 0, 1, 1, 0], [0, 1, 0, 0, 0, -1, 1, 0, -1, 0, 1, 1, 0, 1, 0, 0, 0, -1, 1, 0, 0, 1], [1, 3, -1, -1, 2, -1, 1, 0, 0, 3, -1, 1, -1, 1, -2, 0, -1, -2, 1, 2, 2, 4], [0, 1, -1, 0, 1, -1, 1, 0, -1, 1, 0, 1, 0, 1, -1, 0, 0, -1, 0, 1, 1, 2], [-1, -3, 2, 1, -3, 1, -1, -1, 0, -3, 2, -1, 1, -2, 2, -1, 0, 1, 0, -3, -3, -5], [0, 0, 0, 0, 0, 0, 0, -1, 0, 1, -1, -1, -1, 0, -1, -1, 0, -1, 0, 1, 1, 1], [0, 0, 0, 0, 0, 0, 0, 1, 0, -1, 1, 0, 0, 0, 1, 0, 0, 0, 1, -1, -1, -1], [0, -1, 0, 1, -1, 0, 0, 0, 0, -1, 1, 0, 1, 0, 1, 0, 1, 1, 0, 0, 0, -1], [1, 1, 0, -1, 1, 0, 0, 0, 0, 1, -1, 0, 0, 0, -1, 0, 0, 0, 0, 0, 0, 0], [0, 1, -1, 0, 0, -1, 1, 0, -1, 1, 1, 1, 0, 1, -1, 0, 0, -1, 0, 1, 1, 2], [-1, -2, 1, 1, -1, 1, -1, 0, 0, -3, 1, 0, 1, -1, 2, 0, 1, 2, 0, -2, -2, -3], [0, -2, 1, 1, -1, 1, -1, 0, 1, -2, 1, -1, 1, -1, 2, 0, 0, 1, 0, -2, -2, -4], [-1, -2, 2, 0, -2, 0, -1, -1, 0, -2, 1, -1, 1, -1, 1, -1, 0, 1, 0, -2, -2, -3], [0, -2, 1, 1, -1, 1, -1, 0, 0, -3, 0, -1, 1, -1, 2, 0, 1, 2, -1, -2, -2, -4], [1, 3, -1, -2, 2, -1, 1, 0, 0, 4, -2, 1, -1, 1, -3, 1, -1, -2, 0, 3, 3, 5], [1, 0, 0, 0, 0, 0, 1, 1, 0, 0, 1, 1, 1, 0, 1, 1, 1, 1, 0, 0, 0, -1], [0, 2, -1, -1, 1, -1, 0, -1, 0, 3, -2, 0, -2, 1, -3, -1, -1, -2, 0, 2, 2, 4], [0, 1, 0, -1, 1, 0, 0, 0, 1, 2, -2, 0, -1, 0, -2, 0, -1, -1, 0, 1, 1, 2], [0, 2, -1, -1, 1, -1, 1, 0, -1, 1, 0, 1, 0, 1, -1, 0, 0, -1, 1, 2, 1, 3], [-1, -2, 1, 1, -1, 1, -1, 0, 1, -2, 0, -1, 0, -1, 1, 0, 0, 1, -1, -2, -1, -3], [0, -1, 0, 1, -1, 0, 0, 0, 0, -1, 1, 0, 0, 0, 1, 0, 0, 0, 0, -1, -1, -1]]
[[1, 0, 0, 0, 0, 0, 0, 0, 0, 0, 0, 0, 0, 0, 0, 0, 0, 0, 0, 0, 0, 0], [0, 1, 0, 0, 0, 0, 0, 0, 0, 0, 0, 0, 0, 0, 0, 0, 0, 0, 0, 0, 0, 0], [0, 0, 1, 0, 0, 0, 0, 0, 0, 0, 0, 0, 0, 0, 0, 0, 0, 0, 0, 0, 0, 0], [0, 0, 0, 1, 0, 0, 0, 0, 0, 0, 0, 0, 0, 0, 0, 0, 0, 0, 0, 0, 0, 0], [0, 0, 0, 0, 1, 0, 0, 0, 0, 0, 0, 0, 0, 0, 0, 0, 0, 0, 0, 0, 0, 0], [0, 0, 0, 0, 0, 1, 0, 0, 0, 0, 0, 0, 0, 0, 0, 0, 0, 0, 0, 0, 0, 0], [0, 0, 0, 0, 0, 0, 1, 0, 0, 0, 0, 0, 0, 0, 0, 0, 0, 0, 0, 0, 0, 0], [0, 0, 0, 0, 0, 0, 0, 1, 0, 0, 0, 0, 0, 0, 0, 0, 0, 0, 0, 0, 0, 0], [0, 0, 0, 0, 0, 0, 0, 0, 1, 0, 0, 0, 0, 0, 0, 0, 0, 0, 0, 0, 0, 0], [0, 0, 0, 0, 0, 0, 0, 0, 0, 1, 0, 0, 0, 0, 0, 0, 0, 0, 0, 0, 0, 0], [0, 0, 0, 0, 0, 0, 0, 0, 0, 0, 1, 0, 0, 0, 0, 0, 0, 0, 0, 0, 0, 0], [0, 0, 0, 0, 0, 0, 0, 0, 0, 0, 0, 1, 0, 0, 0, 0, 0, 0, 0, 0, 0, 0], [0, 0, 0, 0, 0, 0, 0, 0, 0, 0, 0, 0, 1, 0, 0, 0, 0, 0, 0, 0, 0, 0], [0, 0, 0, 0, 0, 0, 0, 0, 0, 0, 0, 0, 0, 1, 0, 0, 0, 0, 0, 0, 0, 0], [0, 0, 0, 0, 0, 0, 0, 0, 0, 0, 0, 0, 0, 0, 1, 0, 0, 0, 0, 0, 0, 0], [0, 0, 0, 0, 0, 0, 0, 0, 0, 0, 0, 0, 0, 0, 0, 1, 0, 0, 0, 0, 0, 0], [0, 0, 0, 0, 0, 0, 0, 0, 0, 0, 0, 0, 0, 0, 0, 0, 1, 0, 0, 0, 0, 0], [0, 0, 0, 0, 0, 0, 0, 0, 0, 0, 0, 0, 0, 0, 0, 0, 0, 1, 0, 0, 0, 0], [0, 0, 0, 0, 0, 0, 0, 0, 0, 0, 0, 0, 0, 0, 0, 0, 0, 0, 1, 0, 0, 0], [0, 0, 0, 0, 0, 0, 0, 0, 0, 0, 0, 0, 0, 0, 0, 0, 0, 0, 0, 1, 0, 0], [0, 0, 0, 0, 0, 0, 0, 0, 0, 0, 0, 0, 0, 0, 0, 0, 0, 0, 0, 0, 1, 0], [0, 0, 0, 0, 0, 0, 0, 0, 0, 0, 0, 0, 0, 0, 0, 0, 0, 0, 0, 0, 0, 1]]
[[1, 0, 0, 0, 0, 0, 0, 0, 0, 0, 1, 1, 1, 0, 0, 0, 1, 1, 0, 0, 0, -1], [0, 1, 0, 0, 1, 1, 0, -1, 0, 1, -2, -1, -1, -1, -1, 0, -2, -2, 0, 0, 0, 1], [0, 0, 1, 0, 1, 1, 0, -1, 0, 1, -1, 0, 0, -1, -1, 0, -1, -1, 0, 0, 0, 0], [0, 0, 0, 1, 1, 1, 0, -1, 0, 1, -2, -1, -1, -1, -1, 0, -2, -2, 0, 0, 0, 1], [0, 0, 0, 0, 1, 0, 0, 0, 0, 0, -1, -1, -1, 0, 0, 0, -1, -1, 0, 0, 0, 1], [0, 0, 0, 0, -1, 0, 0, 1, 0, -1, 3, 2, 2, 1, 1, 0, 3, 3, 0, 0, 0, -2], [0, 0, 0, 0, 0, 0, 1, 0, 0, 0, 0, 0, 0, 0, 0, 0, 0, 0, 0, 0, 0, 0], [0, 0, 0, 0, 0, 0, 0, 1, 0, 0, 1, 1, 1, 0, 0, 0, 1, 1, 0, 0, 0, -1], [0, 0, 0, 0, 0, 0, 0, 0, 1, 0, 0, 0, 0, 0, 0, 0, 0, 0, 0, 0, 0, 0], [0, 0, 0, 0, 0, 0, 0, 0, 0, 1, -1, -1, -1, 0, 0, 0, -1, -1, 0, 0, 0, 1], [0, 0, 0, 0, 1, 1, 0, -1, 0, 1, -1, -1, -1, -1, -1, 0, -2, -2, 0, 0, 0, 1], [0, 0, 0, 0, -1, -1, 0, 1, 0, -1, 2, 2, 1, 1, 1, 0, 2, 2, 0, 0, 0, -1], [0, 0, 0, 0, -1, -1, 0, 1, 0, -1, 2, 1, 2, 1, 1, 0, 2, 2, 0, 0, 0, -1], [0, 0, 0, 0, 0, 0, 0, 0, 0, 0, 1, 1, 1, 1, 0, 0, 1, 1, 0, 0, 0, -1], [0, 0, 0, 0, -1, -1, 0, 1, 0, -1, 2, 1, 1, 1, 2, 0, 2, 2, 0, 0, 0, -1], [0, 0, 0, 0, 1, 1, 0, -1, 0, 1, -3, -2, -2, -1, -1, 1, -3, -3, 0, 0, 0, 2], [0, 0, 0, 0, 0, 0, 0, 0, 0, 0, -1, -1, -1, 0, 0, 0, 0, -1, 0, 0, 0, 1], [0, 0, 0, 0, 1, 1, 0, -1, 0, 1, -2, -1, -1, -1, -1, 0, -2, -1, 0, 0, 0, 1], [0, 0, 0, 0, 0, 0, 0, 0, 0, 0, 0, 0, 0, 0, 0, 0, 0, 0, 1, 0, 0, 0], [0, 0, 0, 0, 1, 1, 0, -1, 0, 1, -2, -1, -1, -1, -1, 0, -2, -2, 0, 1, 0, 1], [0, 0, 0, 0, -1, -1, 0, 1, 0, -1, 2, 1, 1, 1, 1, 0, 2, 2, 0, 0, 1, -1], [0, 0, 0, 0, 0, 0, 0, 0, 0, 0, 1, 1, 1, 0, 0, 0, 1, 1, 0, 0, 0, 0]]
[[1, 2, 0, 0, 2, 0, 2, 0, -2, 0, 2, 4, 2, 0, 0, 0, 0, -2, 4, 0, -2, 0], [0, 0, 0, 0, -1, 0, -1, 0, 1, 0, -1, -2, -1, 0, 0, 0, 0, 1, -2, 0, 1, 0], [0, 1, 0, 0, 2, 1, 1, 1, -1, 0, 1, 2, 1, 0, 0, 0, 1, 0, 2, 0, -1, 0], [0, -1, -1, 1, 0, 1, -1, 1, 1, 0, -1, -2, -1, 0, 0, 0, 1, 2, -2, 0, 1, 0], [0, 0, 0, 0, 1, 0, 0, 1, 0, 0, 0, 0, 0, 0, 0, 0, 0, 0, 0, 0, 0, 0], [0, 2, 1, 0, 1, 0, 2, -1, -2, 0, 2, 4, 2, 0, 0, 0, -1, -3, 4, 0, -2, 0], [0, 0, 0, 0, 0, 0, 1, 1, 0, 0, 0, 0, 0, 0, 0, 0, 0, 0, 0, 0, 0, 0], [0, 0, 0, 0, 0, 0, 0, -1, 0, 0, 0, 0, 0, 0, 0, 0, 0, 0, 0, 0, 0, 0], [0, 1, 0, 0, 1, 0, 1, 1, 0, 0, 1, 2, 1, 0, 0, 0, 0, -1, 2, 0, -1, 0], [0, -2, 0, 0, -2, 0, -2, -1, 2, 1, -2, -4, -2, 0, 0, 0, 0, 2, -4, 0, 2, 0], [0, 1, 0, 0, 1, 0, 1, 1, -1, 0, 2, 2, 1, 0, 0, 0, 0, -1, 2, 0, -1, 0], [0, 1, 0, 0, 1, 0, 1, 0, -1, 0, 1, 3, 1, 0, 0, 0, 0, -1, 2, 0, -1, 0], [0, 0, 0, 0, 0, 0, 0, -1, 0, 0, 0, 0, 0, 0, 0, -1, 0, -1, 1, 0, -1, 0], [0, 1, 0, 0, 1, 0, 1, 0, -1, 0, 1, 2, 1, 1, 0, 0, 0, -1, 2, 0, -1, 0], [0, 0, 0, 0, 0, 0, 0, 0, 0, 0, 0, 0, 0, 0, 1, 0, 0, 0, 0, 0, 0, 0], [0, -2, 0, 0, -2, 0, -2, 0, 2, 0, -2, -4, -2, 0, 0, 1, 0, 2, -4, 0, 2, 0], [0, -1, 0, 0, -1, 0, -1, 0, 1, 0, -1, -2, -1, 0, 0, 0, 1, 1, -2, 0, 1, 0], [0, 0, 0, 0, 0, 0, 0, 1, 0, 0, 0, 0, 0, 0, 0, 0, 0, 1, 0, 0, 0, 0], [0, -1, 0, 0, -1, 0, -1, 0, 1, 0, -1, -2, -1, 0, 0, 0, 0, 1, -1, 0, 1, 0], [0, 0, 0, 0, 0, 0, 0, 0, 0, 0, 0, 0, 1, 0, 0, 1, 0, 1, -1, 1, 1, 0], [0, 1, 0, 0, 1, 0, 1, 0, -1, 0, 1, 2, 0, 0, 0, -1, 0, -2, 3, 0, -1, 0], [0, 1, 0, 0, 1, 0, 1, 0, -1, 0, 1, 2, 1, 0, 0, 0, 0, -1, 2, 0, -1, 1]]
[[1, 0, 0, 0, 0, 0, 0, 0, 0, 0, 0, 0, 0, 0, 0, 0, 0, 0, 0, 0, 0, 0], [0, 1, 0, 0, 0, 0, 0, 0, 0, 0, 0, 0, 0, 0, 0, 0, 0, 0, 0, 0, 0, 0], [0, 0, 1, 0, 0, 0, 0, 0, 0, 0, 0, 0, 0, 0, 0, 0, 0, 0, 0, 0, 0, 0], [0, 0, 0, 1, 0, 0, 0, 0, 0, 0, 0, 0, 0, 0, 0, 0, 0, 0, 0, 0, 0, 0], [0, 0, 0, 0, 1, 0, 0, 0, 0, 0, 0, 0, 0, 0, 0, 0, 0, 0, 0, 0, 0, 0], [0, 0, 0, 0, 0, 1, 0, 0, 0, 0, 0, 0, 0, 0, 0, 0, 0, 0, 0, 0, 0, 0], [0, 0, 0, 0, 0, 0, 1, 0, 0, 0, 0, 0, 0, 0, 0, 0, 0, 0, 0, 0, 0, 0], [0, 0, 0, 0, 0, 0, 0, 1, 0, 0, 0, 0, 0, 0, 0, 0, 0, 0, 0, 0, 0, 0], [0, 0, 0, 0, 0, 0, 0, 0, 1, 0, 0, 0, 0, 0, 0, 0, 0, 0, 0, 0, 0, 0], [0, 0, 0, 0, 0, 0, 0, 0, 0, 1, 0, 0, 0, 0, 0, 0, 0, 0, 0, 0, 0, 0], [0, 0, 0, 0, 0, 0, 0, 0, 0, 0, 1, 0, 0, 0, 0, 0, 0, 0, 0, 0, 0, 0], [0, 0, 0, 0, 0, 0, 0, 0, 0, 0, 0, 1, 0, 0, 0, 0, 0, 0, 0, 0, 0, 0], [0, 0, 0, 0, 0, 0, 0, 0, 0, 0, 0, 0, 1, 0, 0, 0, 0, 0, 0, 0, 0, 0], [0, 0, 0, 0, 0, 0, 0, 0, 0, 0, 0, 0, 0, 1, 0, 0, 0, 0, 0, 0, 0, 0], [0, 0, 0, 0, 0, 0, 0, 0, 0, 0, 0, 0, 0, 0, 1, 0, 0, 0, 0, 0, 0, 0], [0, 0, 0, 0, 0, 0, 0, 0, 0, 0, 0, 0, 0, 0, 0, 1, 0, 0, 0, 0, 0, 0], [0, 0, 0, 0, 0, 0, 0, 0, 0, 0, 0, 0, 0, 0, 0, 0, 1, 0, 0, 0, 0, 0], [0, 0, 0, 0, 0, 0, 0, 0, 0, 0, 0, 0, 0, 0, 0, 0, 0, 1, 0, 0, 0, 0], [0, 0, 0, 0, 0, 0, 0, 0, 0, 0, 0, 0, 0, 0, 0, 0, 0, 0, 1, 0, 0, 0], [0, 0, 0, 0, 0, 0, 0, 0, 0, 0, 0, 0, 0, 0, 0, 0, 0, 0, 0, 1, 0, 0], [0, 0, 0, 0, 0, 0, 0, 0, 0, 0, 0, 0, 0, 0, 0, 0, 0, 0, 0, 0, 1, 0], [0, 0, 0, 0, 0, 0, 0, 0, 0, 0, 0, 0, 0, 0, 0, 0, 0, 0, 0, 0, 0, 1]]
[[1, 0, 0, 0, 0, 0, 0, 0, 0, 0, 0, 0, 0, 0, 0, 0, 0, 0, 0, 0, 0, 0], [0, 1, 0, 0, 0, 0, 0, 0, 0, 0, 0, 0, 0, 0, 0, 0, 0, 0, 0, 0, 0, 0], [0, 0, 1, 0, 0, 0, 0, 0, 0, 0, 0, 0, 0, 0, 0, 0, 0, 0, 0, 0, 0, 0], [0, 0, 0, 1, 0, 0, 0, 0, 0, 0, 0, 0, 0, 0, 0, 0, 0, 0, 0, 0, 0, 0], [0, 0, 0, 0, 1, 0, 0, 0, 0, 0, 0, 0, 0, 0, 0, 0, 0, 0, 0, 0, 0, 0], [0, 0, 0, 0, 0, 1, 0, 0, 0, 0, 0, 0, 0, 0, 0, 0, 0, 0, 0, 0, 0, 0], [0, 0, 0, 0, 0, 0, 1, 0, 0, 0, 0, 0, 0, 0, 0, 0, 0, 0, 0, 0, 0, 0], [0, 0, 0, 0, 0, 0, 0, 1, 0, 0, 0, 0, 0, 0, 0, 0, 0, 0, 0, 0, 0, 0], [0, 0, 0, 0, 0, 0, 0, 0, 1, 0, 0, 0, 0, 0, 0, 0, 0, 0, 0, 0, 0, 0], [0, 0, 0, 0, 0, 0, 0, 0, 0, 1, 0, 0, 0, 0, 0, 0, 0, 0, 0, 0, 0, 0], [0, 0, 0, 0, 0, 0, 0, 0, 0, 0, 1, 0, 0, 0, 0, 0, 0, 0, 0, 0, 0, 0], [0, 0, 0, 0, 0, 0, 0, 0, 0, 0, 0, 1, 0, 0, 0, 0, 0, 0, 0, 0, 0, 0], [0, 0, 0, 0, 0, 0, 0, 0, 0, 0, 0, 0, 1, 0, 0, 0, 0, 0, 0, 0, 0, 0], [0, 0, 0, 0, 0, 0, 0, 0, 0, 0, 0, 0, 0, 1, 0, 0, 0, 0, 0, 0, 0, 0], [0, 0, 0, 0, 0, 0, 0, 0, 0, 0, 0, 0, 0, 0, 1, 0, 0, 0, 0, 0, 0, 0], [0, 0, 0, 0, 0, 0, 0, 0, 0, 0, 0, 0, 0, 0, 0, 1, 0, 0, 0, 0, 0, 0], [0, 0, 0, 0, 0, 0, 0, 0, 0, 0, 0, 0, 0, 0, 0, 0, 1, 0, 0, 0, 0, 0], [0, 0, 0, 0, 0, 0, 0, 0, 0, 0, 0, 0, 0, 0, 0, 0, 0, 1, 0, 0, 0, 0], [0, 0, 0, 0, 0, 0, 0, 0, 0, 0, 0, 0, 0, 0, 0, 0, 0, 0, 1, 0, 0, 0], [0, 0, 0, 0, 0, 0, 0, 0, 0, 0, 0, 0, 0, 0, 0, 0, 0, 0, 0, 1, 0, 0], [0, 0, 0, 0, 0, 0, 0, 0, 0, 0, 0, 0, 0, 0, 0, 0, 0, 0, 0, 0, 1, 0], [0, 0, 0, 0, 0, 0, 0, 0, 0, 0, 0, 0, 0, 0, 0, 0, 0, 0, 0, 0, 0, 1]]
[[1, 0, -3, 2, 1, -1, -1, 3, 0, -2, 2, 0, 0, 2, 3, -1, 2, 2, 0, 0, 0, -1], [0, 0, 3, -2, -2, 1, 1, -3, 1, 3, -2, -1, -1, -2, -3, 1, -2, -2, 0, 0, 1, 1], [0, 0, -1, 1, 0, -1, 0, 2, 0, -1, 2, 0, 0, 1, 2, -1, 1, 1, 0, 0, 0, -1], [0, 0, 2, -1, -2, 0, 2, -2, 0, 2, 0, 0, 0, -2, -2, 0, -2, -2, 0, 0, 0, 0], [0, 0, 0, 0, 0, 0, 1, 0, 0, 1, 1, 0, 0, -1, 0, -1, 0, 0, 0, 0, 0, 0], [0, 0, -4, 3, 3, 0, -3, 4, 0, -4, 1, 0, 0, 4, 4, 0, 3, 3, 0, 0, 0, -1], [0, 0, -1, 1, 1, 0, 0, 1, 0, -1, 0, 0, 0, 1, 1, 0, 1, 1, 0, 0, 0, 0], [0, 0, 0, 0, 0, 0, 0, 1, 0, 0, 0, 0, 0, 0, 0, 0, 0, 0, 0, 0, 0, 0], [0, 0, -1, 1, 1, 0, -1, 1, 1, -1, 0, 0, 0, 1, 1, 0, 1, 1, 0, 0, 0, 0], [0, 0, 4, -3, -2, 1, 2, -4, 0, 4, -2, 0, 0, -3, -4, 1, -3, -3, 0, 0, 0, 1], [0, 0, -1, 1, 0, 0, 0, 1, 0, 0, 2, 0, 0, 0, 1, -1, 1, 1, 0, 0, 0, 0], [0, 0, -3, 2, 2, -1, -2, 3, 0, -3, 1, 1, 0, 3, 3, 0, 2, 2, 0, 0, 0, -1], [0, 0, 0, 0, 1, 0, -1, 0, 0, -1, -1, 0, 1, 1, 0, 1, 0, 0, 0, 0, 0, 0], [0, 0, -1, 1, 1, 0, -1, 1, 0, -1, 0, 0, 0, 2, 1, 0, 1, 1, 0, 0, 0, 0], [0, 0, 0, 0, 1, 0, -1, 0, 0, -1, -1, 0, 0, 1, 1, 1, 0, 0, 0, 0, 0, 0], [0, 0, 3, -2, -3, 1, 3, -3, 0, 4, 0, 0, 0, -4, -3, 0, -2, -2, 0, 0, 0, 1], [0, 0, 1, -1, -1, 0, 1, -1, 0, 1, 0, 0, 0, -1, -1, 0, 0, -1, 0, 0, 0, 0], [0, 0, 1, -1, -1, 0, 1, -1, 0, 1, 0, 0, 0, -1, -1, 0, -1, 0, 0, 0, 0, 0], [0, 1, 1, -1, 0, 0, 1, -1, -1, 0, 0, 1, 1, -1, -1, 0, -1, -1, 1, 0, -1, 0], [0, -1, 2, -1, -2, 1, 1, -2, 1, 3, -1, -1, -1, -2, -2, 0, -1, -1, 0, 1, 1, 1], [0, 1, -3, 2, 3, -1, -2, 3, -1, -4, 1, 1, 1, 3, 3, 0, 2, 2, 0, 0, 0, -1], [0, 0, -2, 1, 1, -1, -1, 2, 0, -2, 1, 0, 0, 2, 2, 0, 1, 1, 0, 0, 0, 0]]
[[-1, 0, -1, 1, 2, 1, 0, 4, 1, -2, 1, 2, 2, 2, 3, 2, 3, 3, 2, 2, 0, 1], [0, -1, 1, -1, -2, -1, -1, -3, 0, 1, -2, -3, -2, -1, -2, -1, -2, -1, -3, -1, 1, 0], [0, 0, -1, 0, 0, 0, 0, 2, 0, -1, 1, 0, 0, 1, 1, 0, 2, 2, 0, 0, 0, 0], [2, 0, -1, 0, -2, -1, 0, -2, -1, 1, 0, -2, -2, -1, -2, -2, -1, -1, -2, -2, 0, -1], [1, 0, -1, 1, 0, 1, 0, 0, 0, 1, 1, -1, -1, -1, 0, -1, 0, 0, -1, -1, 0, -1], [-3, 0, 1, -1, 3, 0, -1, 3, 1, -3, -1, 3, 3, 3, 2, 3, 2, 2, 3, 3, 0, 2], [0, 0, 0, 0, 0, 0, -1, 0, 0, 0, 0, 0, 0, 0, 0, 0, 0, 0, 0, 0, 0, 0], [0, 0, 0, 0, 0, 0, 1, 0, -1, 0, 0, 0, 0, 0, 0, 0, 0, 0, 0, 0, 0, 1], [-1, 0, 0, 0, 1, 0, -1, 1, 1, -1, 0, 1, 1, 1, 1, 1, 1, 1, 1, 1, 0, 1], [2, 0, 0, 0, -2, 0, 1, -3, -1, 3, 0, -2, -2, -2, -2, -2, -2, -2, -2, -2, 0, -1], [0, 0, 0, 0, 0, 0, 0, 0, 0, 0, 1, 0, 0, 0, 0, 0, 0, 0, 0, 0, 0, 0], [-2, 0, 0, 0, 2, 0, 0, 3, 1, -2, 0, 2, 2, 2, 2, 2, 2, 2, 2, 2, 1, 1], [-1, 0, 0, 0, 1, 0, 0, 1, 0, -1, 0, 2, 2, 1, 1, 1, 1, 1, 1, 1, -1, 1], [-1, 0, 0, 0, 1, 0, -1, 1, 0, -1, 0, 1, 1, 2, 1, 1, 1, 1, 1, 1, 0, 1], [-1, 0, 0, 0, 1, 0, 0, 2, 1, -1, 0, 1, 1, 1, 2, 1, 1, 1, 1, 1, 0, 0], [3, 0, 0, 0, -3, 0, 1, -4, -1, 3, 0, -3, -3, -3, -3, -3, -2, -3, -2, -2, 0, -2], [1, 0, 0, 0, -1, 0, 1, -1, 0, 1, 0, -1, -1, -1, -1, -1, 0, -1, -1, -1, 0, -1], [1, 0, 0, 0, -1, 0, -1, -1, 0, 1, 0, -1, -1, -1, -1, -1, -1, 0, -1, -1, 0, -1], [1, 0, 0, 0, -1, 0, 0, -1, 0, 1, 0, 0, -1, -1, -1, -1, -1, -1, 0, -1, -1, -1], [1, 0, 0, 0, -1, 0, 0, -2, -1, 1, 0, -2, -1, -1, -1, 0, -2, -1, -2, -1, 1, 0], [-2, 0, 0, 0, 2, 0, 0, 3, 1, -2, 0, 3, 2, 2, 2, 2, 2, 2, 2, 2, 0, 1], [-1, 0, 0, 0, 1, 0, 0, 2, 1, -1, 0, 1, 1, 1, 1, 1, 1, 1, 1, 1, 0, 1]]
[[1, 0, 0, 0, 0, 0, 0, 0, 0, 0, 0, 0, 0, 0, 0, 0, 0, 0, 0, 0, 0, 0], [0, 1, 0, 0, 0, 0, 0, 0, 0, 0, 0, 0, 0, 0, 0, 0, 0, 0, 0, 0, 0, 0], [0, 0, 1, 0, 0, 0, 0, 0, 0, 0, 0, 0, 0, 0, 0, 0, 0, 0, 0, 0, 0, 0], [0, 0, 0, 1, 0, 0, 0, 0, 0, 0, 0, 0, 0, 0, 0, 0, 0, 0, 0, 0, 0, 0], [0, 0, 0, 0, 1, 0, 0, 0, 0, 0, 0, 0, 0, 0, 0, 0, 0, 0, 0, 0, 0, 0], [0, 0, 0, 0, 0, 1, 0, 0, 0, 0, 0, 0, 0, 0, 0, 0, 0, 0, 0, 0, 0, 0], [0, 0, 0, 0, 0, 0, 1, 0, 0, 0, 0, 0, 0, 0, 0, 0, 0, 0, 0, 0, 0, 0], [0, 0, 0, 0, 0, 0, 0, 1, 0, 0, 0, 0, 0, 0, 0, 0, 0, 0, 0, 0, 0, 0], [0, 0, 0, 0, 0, 0, 0, 0, 1, 0, 0, 0, 0, 0, 0, 0, 0, 0, 0, 0, 0, 0], [0, 0, 0, 0, 0, 0, 0, 0, 0, 1, 0, 0, 0, 0, 0, 0, 0, 0, 0, 0, 0, 0], [0, 0, 0, 0, 0, 0, 0, 0, 0, 0, 1, 0, 0, 0, 0, 0, 0, 0, 0, 0, 0, 0], [0, 0, 0, 0, 0, 0, 0, 0, 0, 0, 0, 1, 0, 0, 0, 0, 0, 0, 0, 0, 0, 0], [0, 0, 0, 0, 0, 0, 0, 0, 0, 0, 0, 0, 1, 0, 0, 0, 0, 0, 0, 0, 0, 0], [0, 0, 0, 0, 0, 0, 0, 0, 0, 0, 0, 0, 0, 1, 0, 0, 0, 0, 0, 0, 0, 0], [0, 0, 0, 0, 0, 0, 0, 0, 0, 0, 0, 0, 0, 0, 1, 0, 0, 0, 0, 0, 0, 0], [0, 0, 0, 0, 0, 0, 0, 0, 0, 0, 0, 0, 0, 0, 0, 1, 0, 0, 0, 0, 0, 0], [0, 0, 0, 0, 0, 0, 0, 0, 0, 0, 0, 0, 0, 0, 0, 0, 1, 0, 0, 0, 0, 0], [0, 0, 0, 0, 0, 0, 0, 0, 0, 0, 0, 0, 0, 0, 0, 0, 0, 1, 0, 0, 0, 0], [0, 0, 0, 0, 0, 0, 0, 0, 0, 0, 0, 0, 0, 0, 0, 0, 0, 0, 1, 0, 0, 0], [0, 0, 0, 0, 0, 0, 0, 0, 0, 0, 0, 0, 0, 0, 0, 0, 0, 0, 0, 1, 0, 0], [0, 0, 0, 0, 0, 0, 0, 0, 0, 0, 0, 0, 0, 0, 0, 0, 0, 0, 0, 0, 1, 0], [0, 0, 0, 0, 0, 0, 0, 0, 0, 0, 0, 0, 0, 0, 0, 0, 0, 0, 0, 0, 0, 1]]
[[2, 0, -1, 1, 0, 0, 0, 1, -1, -1, 2, 0, 1, 0, 2, -1, 1, 1, 0, -1, -2, -2], [-1, 1, 1, -1, 0, 0, 0, -1, 1, 1, -2, 0, -1, 0, -2, 1, -1, -1, 0, 1, 2, 2], [0, 0, 1, 0, 0, 0, 0, 0, 0, 0, 0, 0, 0, 0, 0, 0, 0, 0, 0, 0, 0, 0], [-2, 0, 2, -1, 0, 0, 0, -2, 1, 1, -3, 0, -1, 0, -3, 2, -2, -2, 0, 2, 3, 3], [-1, 0, 1, -1, 1, 0, 0, -1, 1, 1, -2, 0, -1, 0, -2, 1, -1, -1, 0, 1, 2, 2], [3, 0, -3, 3, 0, 1, 0, 3, -2, -2, 5, 0, 2, 0, 5, -3, 3, 3, 0, -3, -5, -5], [0, 0, 0, 0, 0, 0, 1, 0, 0, 0, 0, 0, 0, 0, 0, 0, 0, 0, 0, 0, 0, 0], [0, 0, 0, 0, 0, 0, 0, 1, 0, 0, 0, 0, 0, 0, 0, 0, 0, 0, 0, 0, 0, 0], [1, 0, -1, 1, 0, 0, 0, 1, 0, -1, 2, 0, 1, 0, 2, -1, 1, 1, 0, -1, -2, -2], [-2, 0, 2, -2, 0, 0, 0, -2, 1, 2, -3, 0, -1, 0, -3, 2, -2, -2, 0, 2, 3, 3], [0, 0, 0, 0, 0, 0, 0, 0, 1, 1, 0, 0, -1, 0, -1, 0, 0, 0, 0, 0, 1, 1], [2, 0, -2, 2, 0, 0, 0, 2, -2, -2, 4, 1, 2, 0, 4, -2, 2, 2, 0, -2, -4, -4], [1, 0, -1, 1, 0, 0, 0, 1, -1, -1, 2, 0, 2, 0, 2, -1, 1, 1, 0, -1, -2, -2], [1, 0, -1, 1, 0, 0, 0, 1, -1, -1, 2, 0, 1, 1, 2, -1, 1, 1, 0, -1, -2, -2], [1, 0, -1, 1, 0, 0, 0, 1, -1, -1, 2, 0, 1, 0, 3, -1, 1, 1, 0, -1, -2, -2], [-2, 0, 2, -2, 0, 0, 0, -2, 2, 2, -4, 0, -2, 0, -4, 3, -2, -2, 0, 2, 4, 4], [0, 0, 0, 0, 0, 0, 0, 0, 0, 0, 0, 0, 0, 0, 0, 0, 1, 0, 0, 0, 0, 0], [-2, 0, 2, -2, 0, 0, 0, -2, 1, 1, -3, 0, -1, 0, -3, 2, -2, -1, 0, 2, 3, 3], [-1, 0, 1, -1, 0, 0, 0, -1, 0, 0, -1, 0, 0, 0, -1, 1, -1, -1, 1, 1, 1, 1], [-1, 0, 1, -1, 0, 0, 0, -1, 2, 2, -3, 0, -2, 0, -3, 1, -1, -1, 0, 2, 3, 3], [2, 0, -2, 2, 0, 0, 0, 2, -2, -2, 4, 0, 2, 0, 4, -2, 2, 2, 0, -2, -3, -4], [1, 0, -1, 1, 0, 0, 0, 1, -1, -1, 2, 0, 1, 0, 2, -1, 1, 1, 0, -1, -2, -1]]
[[1, 0, 0, 0, 0, 0, 0, 0, 0, 0, 0, 0, 0, 0, 0, 0, 0, 0, 0, 0, 0, 0], [0, 1, 0, 0, 0, 0, 0, 0, 0, 0, 0, 0, 0, 0, 0, 0, 0, 0, 0, 0, 0, 0], [0, 0, 1, 0, 0, 0, 0, 0, 0, 0, 0, 0, 0, 0, 0, 0, 0, 0, 0, 0, 0, 0], [0, 0, 0, 1, 0, 0, 0, 0, 0, 0, 0, 0, 0, 0, 0, 0, 0, 0, 0, 0, 0, 0], [0, 0, 0, 0, 1, 0, 0, 0, 0, 0, 0, 0, 0, 0, 0, 0, 0, 0, 0, 0, 0, 0], [0, 0, 0, 0, 0, 1, 0, 0, 0, 0, 0, 0, 0, 0, 0, 0, 0, 0, 0, 0, 0, 0], [0, 0, 0, 0, 0, 0, 1, 0, 0, 0, 0, 0, 0, 0, 0, 0, 0, 0, 0, 0, 0, 0], [0, 0, 0, 0, 0, 0, 0, 1, 0, 0, 0, 0, 0, 0, 0, 0, 0, 0, 0, 0, 0, 0], [0, 0, 0, 0, 0, 0, 0, 0, 1, 0, 0, 0, 0, 0, 0, 0, 0, 0, 0, 0, 0, 0], [0, 0, 0, 0, 0, 0, 0, 0, 0, 1, 0, 0, 0, 0, 0, 0, 0, 0, 0, 0, 0, 0], [0, 0, 0, 0, 0, 0, 0, 0, 0, 0, 1, 0, 0, 0, 0, 0, 0, 0, 0, 0, 0, 0], [0, 0, 0, 0, 0, 0, 0, 0, 0, 0, 0, 1, 0, 0, 0, 0, 0, 0, 0, 0, 0, 0], [0, 0, 0, 0, 0, 0, 0, 0, 0, 0, 0, 0, 1, 0, 0, 0, 0, 0, 0, 0, 0, 0], [0, 0, 0, 0, 0, 0, 0, 0, 0, 0, 0, 0, 0, 1, 0, 0, 0, 0, 0, 0, 0, 0], [0, 0, 0, 0, 0, 0, 0, 0, 0, 0, 0, 0, 0, 0, 1, 0, 0, 0, 0, 0, 0, 0], [0, 0, 0, 0, 0, 0, 0, 0, 0, 0, 0, 0, 0, 0, 0, 1, 0, 0, 0, 0, 0, 0], [0, 0, 0, 0, 0, 0, 0, 0, 0, 0, 0, 0, 0, 0, 0, 0, 1, 0, 0, 0, 0, 0], [0, 0, 0, 0, 0, 0, 0, 0, 0, 0, 0, 0, 0, 0, 0, 0, 0, 1, 0, 0, 0, 0], [0, 0, 0, 0, 0, 0, 0, 0, 0, 0, 0, 0, 0, 0, 0, 0, 0, 0, 1, 0, 0, 0], [0, 0, 0, 0, 0, 0, 0, 0, 0, 0, 0, 0, 0, 0, 0, 0, 0, 0, 0, 1, 0, 0], [0, 0, 0, 0, 0, 0, 0, 0, 0, 0, 0, 0, 0, 0, 0, 0, 0, 0, 0, 0, 1, 0], [0, 0, 0, 0, 0, 0, 0, 0, 0, 0, 0, 0, 0, 0, 0, 0, 0, 0, 0, 0, 0, 1]]
[[1, 0, 0, 0, 0, 0, 0, 0, 0, 0, 0, 0, 0, 0, 0, 0, 0, 0, 0, 0, 0, 0], [0, 1, 0, 0, 0, 0, 0, 0, 0, 0, 0, 0, 0, 0, 0, 0, 0, 0, 0, 0, 0, 0], [0, 0, 1, 0, 0, 0, 0, 0, 0, 0, 0, 0, 0, 0, 0, 0, 0, 0, 0, 0, 0, 0], [0, 0, 0, 1, 0, 0, 0, 0, 0, 0, 0, 0, 0, 0, 0, 0, 0, 0, 0, 0, 0, 0], [0, 0, 0, 0, 1, 0, 0, 0, 0, 0, 0, 0, 0, 0, 0, 0, 0, 0, 0, 0, 0, 0], [0, 0, 0, 0, 0, 1, 0, 0, 0, 0, 0, 0, 0, 0, 0, 0, 0, 0, 0, 0, 0, 0], [0, 0, 0, 0, 0, 0, 1, 0, 0, 0, 0, 0, 0, 0, 0, 0, 0, 0, 0, 0, 0, 0], [0, 0, 0, 0, 0, 0, 0, 1, 0, 0, 0, 0, 0, 0, 0, 0, 0, 0, 0, 0, 0, 0], [0, 0, 0, 0, 0, 0, 0, 0, 1, 0, 0, 0, 0, 0, 0, 0, 0, 0, 0, 0, 0, 0], [0, 0, 0, 0, 0, 0, 0, 0, 0, 1, 0, 0, 0, 0, 0, 0, 0, 0, 0, 0, 0, 0], [0, 0, 0, 0, 0, 0, 0, 0, 0, 0, 1, 0, 0, 0, 0, 0, 0, 0, 0, 0, 0, 0], [0, 0, 0, 0, 0, 0, 0, 0, 0, 0, 0, 1, 0, 0, 0, 0, 0, 0, 0, 0, 0, 0], [0, 0, 0, 0, 0, 0, 0, 0, 0, 0, 0, 0, 1, 0, 0, 0, 0, 0, 0, 0, 0, 0], [0, 0, 0, 0, 0, 0, 0, 0, 0, 0, 0, 0, 0, 1, 0, 0, 0, 0, 0, 0, 0, 0], [0, 0, 0, 0, 0, 0, 0, 0, 0, 0, 0, 0, 0, 0, 1, 0, 0, 0, 0, 0, 0, 0], [0, 0, 0, 0, 0, 0, 0, 0, 0, 0, 0, 0, 0, 0, 0, 1, 0, 0, 0, 0, 0, 0], [0, 0, 0, 0, 0, 0, 0, 0, 0, 0, 0, 0, 0, 0, 0, 0, 1, 0, 0, 0, 0, 0], [0, 0, 0, 0, 0, 0, 0, 0, 0, 0, 0, 0, 0, 0, 0, 0, 0, 1, 0, 0, 0, 0], [0, 0, 0, 0, 0, 0, 0, 0, 0, 0, 0, 0, 0, 0, 0, 0, 0, 0, 1, 0, 0, 0], [0, 0, 0, 0, 0, 0, 0, 0, 0, 0, 0, 0, 0, 0, 0, 0, 0, 0, 0, 1, 0, 0], [0, 0, 0, 0, 0, 0, 0, 0, 0, 0, 0, 0, 0, 0, 0, 0, 0, 0, 0, 0, 1, 0], [0, 0, 0, 0, 0, 0, 0, 0, 0, 0, 0, 0, 0, 0, 0, 0, 0, 0, 0, 0, 0, 1]]
[[2, 1, 0, 0, 0, 0, 1, 0, -1, 0, 1, 1, 1, 0, 0, -2, 2, -1, 3, 0, -3, -1], [-1, 0, 0, 0, 0, 0, -1, 0, 1, 0, -1, -1, -1, 0, 0, 1, -1, 1, -2, 0, 2, 1], [0, 0, 1, 0, 0, 0, 0, 0, 0, 0, 0, 0, 0, 0, 0, 0, 0, 0, 0, 0, 0, 0], [-1, -1, 0, 0, 0, 0, -1, 0, 1, 0, -1, -1, -1, 0, 0, 2, -2, 1, -3, 0, 2, 1], [0, 0, 0, 1, 1, 0, 0, 0, 0, 0, 0, 0, 0, 0, 0, 1, -1, 0, -1, 0, 2, 0], [1, 1, 0, 0, 0, 1, 1, 0, -1, 0, 1, 1, 1, 0, 0, -3, 3, -1, 4, 0, -4, -1], [1, 0, -1, 1, 0, 1, 1, 1, 0, 1, 1, 0, 0, 0, 1, 0, 1, 1, 0, 0, 0, 0], [-2, -1, 1, -1, 0, -1, -1, 0, 1, -1, -2, -1, -1, 0, -1, 0, -1, 0, -1, 0, 1, 1], [2, 1, -1, 1, 0, 1, 1, 1, 0, 1, 2, 1, 1, 0, 1, -1, 2, 0, 2, 0, -2, -1], [-2, -1, 1, -1, 0, -1, -1, -1, 1, 0, -2, -1, -1, 0, -1, 2, -3, 0, -3, 0, 3, 1], [0, 0, 0, 1, 0, 0, 0, 0, 0, 0, 1, 0, 0, 0, 0, 0, 0, 0, 0, 0, 1, 0], [1, 1, 0, 0, 0, 0, 1, 0, -1, 0, 1, 2, 1, 0, 0, -2, 2, -1, 3, 0, -3, -1], [0, 0, 0, -1, 0, 0, 0, 0, 0, 0, 0, 0, 1, 0, 0, -1, 1, 0, 1, 0, -2, 0], [0, 0, 0, 0, 0, 0, 0, 0, 0, 0, 0, 0, 0, 1, 0, -1, 1, 0, 1, 0, -1, 0], [1, 1, 0, 0, 0, 0, 1, 0, -1, 0, 1, 1, 1, 0, 1, -1, 1, -1, 2, 0, -2, -1], [-1, -1, 0, 0, 0, 0, -1, 0, 1, 0, -1, -1, -1, 0, 0, 3, -2, 1, -3, 0, 3, 1], [0, 0, 0, 0, 0, 0, 0, 0, 0, 0, 0, 0, 0, 0, 0, 1, 0, 0, -1, 0, 1, 0], [0, 0, 0, 0, 0, 0, 0, 0, 0, 0, 0, 0, 0, 0, 0, 1, -1, 1, -1, 0, 1, 0], [0, 0, 0, -1, 0, 0, 0, 0, 0, 0, 0, 0, 0, 0, 0, 1, -1, 0, 0, 0, 0, 0], [-1, -1, 0, 1, 0, 0, -1, 0, 1, 0, -1, -1, -1, 0, 0, 1, -1, 1, -2, 1, 3, 1], [1, 1, 0, -1, 0, 0, 1, 0, -1, 0, 1, 1, 1, 0, 0, -2, 2, -1, 3, 0, -3, -1], [1, 1, 0, 0, 0, 0, 1, 0, -1, 0, 1, 1, 1, 0, 0, -1, 1, -1, 2, 0, -2, 0]]
[[1, 0, 0, 0, 0, 0, 0, 0, 0, 0, 0, 0, 0, 0, 0, 0, 0, 0, 0, 0, 0, 0], [0, 1, 0, 0, 0, 0, 0, 0, 0, 0, 0, 0, 0, 0, 0, 0, 0, 0, 0, 0, 0, 0], [0, 0, 1, 0, 0, 0, 0, 0, 0, 0, 0, 0, 0, 0, 0, 0, 0, 0, 0, 0, 0, 0], [0, 0, 0, 1, 0, 0, 0, 0, 0, 0, 0, 0, 0, 0, 0, 0, 0, 0, 0, 0, 0, 0], [0, 0, 0, 0, 1, 0, 0, 0, 0, 0, 0, 0, 0, 0, 0, 0, 0, 0, 0, 0, 0, 0], [0, 0, 0, 0, 0, 1, 0, 0, 0, 0, 0, 0, 0, 0, 0, 0, 0, 0, 0, 0, 0, 0], [0, 0, 0, 0, 0, 0, 1, 0, 0, 0, 0, 0, 0, 0, 0, 0, 0, 0, 0, 0, 0, 0], [0, 0, 0, 0, 0, 0, 0, 1, 0, 0, 0, 0, 0, 0, 0, 0, 0, 0, 0, 0, 0, 0], [0, 0, 0, 0, 0, 0, 0, 0, 1, 0, 0, 0, 0, 0, 0, 0, 0, 0, 0, 0, 0, 0], [0, 0, 0, 0, 0, 0, 0, 0, 0, 1, 0, 0, 0, 0, 0, 0, 0, 0, 0, 0, 0, 0], [0, 0, 0, 0, 0, 0, 0, 0, 0, 0, 1, 0, 0, 0, 0, 0, 0, 0, 0, 0, 0, 0], [0, 0, 0, 0, 0, 0, 0, 0, 0, 0, 0, 1, 0, 0, 0, 0, 0, 0, 0, 0, 0, 0], [0, 0, 0, 0, 0, 0, 0, 0, 0, 0, 0, 0, 1, 0, 0, 0, 0, 0, 0, 0, 0, 0], [0, 0, 0, 0, 0, 0, 0, 0, 0, 0, 0, 0, 0, 1, 0, 0, 0, 0, 0, 0, 0, 0], [0, 0, 0, 0, 0, 0, 0, 0, 0, 0, 0, 0, 0, 0, 1, 0, 0, 0, 0, 0, 0, 0], [0, 0, 0, 0, 0, 0, 0, 0, 0, 0, 0, 0, 0, 0, 0, 1, 0, 0, 0, 0, 0, 0], [0, 0, 0, 0, 0, 0, 0, 0, 0, 0, 0, 0, 0, 0, 0, 0, 1, 0, 0, 0, 0, 0], [0, 0, 0, 0, 0, 0, 0, 0, 0, 0, 0, 0, 0, 0, 0, 0, 0, 1, 0, 0, 0, 0], [0, 0, 0, 0, 0, 0, 0, 0, 0, 0, 0, 0, 0, 0, 0, 0, 0, 0, 1, 0, 0, 0], [0, 0, 0, 0, 0, 0, 0, 0, 0, 0, 0, 0, 0, 0, 0, 0, 0, 0, 0, 1, 0, 0], [0, 0, 0, 0, 0, 0, 0, 0, 0, 0, 0, 0, 0, 0, 0, 0, 0, 0, 0, 0, 1, 0], [0, 0, 0, 0, 0, 0, 0, 0, 0, 0, 0, 0, 0, 0, 0, 0, 0, 0, 0, 0, 0, 1]]
[[2, 1, 0, 0, 0, 0, 1, 0, -1, 0, 1, 1, 1, 0, 0, -2, 2, -1, 3, 0, -3, -1], [-1, 0, 0, 0, 0, 0, -1, 0, 1, 0, -1, -1, -1, 0, 0, 1, -1, 1, -2, 0, 2, 1], [0, 0, 1, 0, 0, 0, 0, 0, 0, 0, 0, 0, 0, 0, 0, 0, 0, 0, 0, 0, 0, 0], [-1, -1, 0, 0, 0, 0, -1, 0, 1, 0, -1, -1, -1, 0, 0, 2, -2, 1, -3, 0, 2, 1], [0, 0, 0, 1, 1, 0, 0, 0, 0, 0, 0, 0, 0, 0, 0, 1, -1, 0, -1, 0, 2, 0], [1, 1, 0, 0, 0, 1, 1, 0, -1, 0, 1, 1, 1, 0, 0, -3, 3, -1, 4, 0, -4, -1], [1, 0, -1, 1, 0, 1, 1, 1, 0, 1, 1, 0, 0, 0, 1, 0, 1, 1, 0, 0, 0, 0], [-2, -1, 1, -1, 0, -1, -1, 0, 1, -1, -2, -1, -1, 0, -1, 0, -1, 0, -1, 0, 1, 1], [2, 1, -1, 1, 0, 1, 1, 1, 0, 1, 2, 1, 1, 0, 1, -1, 2, 0, 2, 0, -2, -1], [-2, -1, 1, -1, 0, -1, -1, -1, 1, 0, -2, -1, -1, 0, -1, 2, -3, 0, -3, 0, 3, 1], [0, 0, 0, 1, 0, 0, 0, 0, 0, 0, 1, 0, 0, 0, 0, 0, 0, 0, 0, 0, 1, 0], [1, 1, 0, 0, 0, 0, 1, 0, -1, 0, 1, 2, 1, 0, 0, -2, 2, -1, 3, 0, -3, -1], [0, 0, 0, -1, 0, 0, 0, 0, 0, 0, 0, 0, 1, 0, 0, -1, 1, 0, 1, 0, -2, 0], [0, 0, 0, 0, 0, 0, 0, 0, 0, 0, 0, 0, 0, 1, 0, -1, 1, 0, 1, 0, -1, 0], [1, 1, 0, 0, 0, 0, 1, 0, -1, 0, 1, 1, 1, 0, 1, -1, 1, -1, 2, 0, -2, -1], [-1, -1, 0, 0, 0, 0, -1, 0, 1, 0, -1, -1, -1, 0, 0, 3, -2, 1, -3, 0, 3, 1], [0, 0, 0, 0, 0, 0, 0, 0, 0, 0, 0, 0, 0, 0, 0, 1, 0, 0, -1, 0, 1, 0], [0, 0, 0, 0, 0, 0, 0, 0, 0, 0, 0, 0, 0, 0, 0, 1, -1, 1, -1, 0, 1, 0], [0, 0, 0, -1, 0, 0, 0, 0, 0, 0, 0, 0, 0, 0, 0, 1, -1, 0, 0, 0, 0, 0], [-1, -1, 0, 1, 0, 0, -1, 0, 1, 0, -1, -1, -1, 0, 0, 1, -1, 1, -2, 1, 3, 1], [1, 1, 0, -1, 0, 0, 1, 0, -1, 0, 1, 1, 1, 0, 0, -2, 2, -1, 3, 0, -3, -1], [1, 1, 0, 0, 0, 0, 1, 0, -1, 0, 1, 1, 1, 0, 0, -1, 1, -1, 2, 0, -2, 0]]
[[1, 0, 0, 0, 0, 0, 0, 0, 0, 0, 0, 0, 0, 0, 0, 0, 0, 0, 0, 0, 0, 0], [0, 1, 0, 0, 0, 0, 0, 0, 0, 0, 0, 0, 0, 0, 0, 0, 0, 0, 0, 0, 0, 0], [0, 0, 1, 0, 0, 0, 0, 0, 0, 0, 0, 0, 0, 0, 0, 0, 0, 0, 0, 0, 0, 0], [0, 0, 0, 1, 0, 0, 0, 0, 0, 0, 0, 0, 0, 0, 0, 0, 0, 0, 0, 0, 0, 0], [0, 0, 0, 0, 1, 0, 0, 0, 0, 0, 0, 0, 0, 0, 0, 0, 0, 0, 0, 0, 0, 0], [0, 0, 0, 0, 0, 1, 0, 0, 0, 0, 0, 0, 0, 0, 0, 0, 0, 0, 0, 0, 0, 0], [0, 0, 0, 0, 0, 0, 1, 0, 0, 0, 0, 0, 0, 0, 0, 0, 0, 0, 0, 0, 0, 0], [0, 0, 0, 0, 0, 0, 0, 1, 0, 0, 0, 0, 0, 0, 0, 0, 0, 0, 0, 0, 0, 0], [0, 0, 0, 0, 0, 0, 0, 0, 1, 0, 0, 0, 0, 0, 0, 0, 0, 0, 0, 0, 0, 0], [0, 0, 0, 0, 0, 0, 0, 0, 0, 1, 0, 0, 0, 0, 0, 0, 0, 0, 0, 0, 0, 0], [0, 0, 0, 0, 0, 0, 0, 0, 0, 0, 1, 0, 0, 0, 0, 0, 0, 0, 0, 0, 0, 0], [0, 0, 0, 0, 0, 0, 0, 0, 0, 0, 0, 1, 0, 0, 0, 0, 0, 0, 0, 0, 0, 0], [0, 0, 0, 0, 0, 0, 0, 0, 0, 0, 0, 0, 1, 0, 0, 0, 0, 0, 0, 0, 0, 0], [0, 0, 0, 0, 0, 0, 0, 0, 0, 0, 0, 0, 0, 1, 0, 0, 0, 0, 0, 0, 0, 0], [0, 0, 0, 0, 0, 0, 0, 0, 0, 0, 0, 0, 0, 0, 1, 0, 0, 0, 0, 0, 0, 0], [0, 0, 0, 0, 0, 0, 0, 0, 0, 0, 0, 0, 0, 0, 0, 1, 0, 0, 0, 0, 0, 0], [0, 0, 0, 0, 0, 0, 0, 0, 0, 0, 0, 0, 0, 0, 0, 0, 1, 0, 0, 0, 0, 0], [0, 0, 0, 0, 0, 0, 0, 0, 0, 0, 0, 0, 0, 0, 0, 0, 0, 1, 0, 0, 0, 0], [0, 0, 0, 0, 0, 0, 0, 0, 0, 0, 0, 0, 0, 0, 0, 0, 0, 0, 1, 0, 0, 0], [0, 0, 0, 0, 0, 0, 0, 0, 0, 0, 0, 0, 0, 0, 0, 0, 0, 0, 0, 1, 0, 0], [0, 0, 0, 0, 0, 0, 0, 0, 0, 0, 0, 0, 0, 0, 0, 0, 0, 0, 0, 0, 1, 0], [0, 0, 0, 0, 0, 0, 0, 0, 0, 0, 0, 0, 0, 0, 0, 0, 0, 0, 0, 0, 0, 1]]
[[0, -1, 0, 0, -1, 0, 0, 0, 0, -1, 0, -1, 0, 0, 0, 0, 0, 0, -1, -2, -2, -1], [1, 1, 0, 0, 0, 0, 0, 0, 0, 1, 0, 0, 0, 0, 0, 0, 0, 0, 0, 1, 1, 0], [-1, 0, 0, 0, 0, -1, 0, 1, 0, -2, 0, 0, 0, 1, 0, 0, 1, 1, 0, 0, 1, 0], [0, 1, 0, 0, 1, 0, 0, 0, 0, 0, 0, 0, 0, 0, 0, 0, 0, 0, 1, 2, 2, 1], [-1, 0, -1, 1, 1, -1, 0, 1, 0, -2, 0, 1, 0, 1, 0, 0, 1, 1, 0, 1, 2, 0], [0, -1, 1, -1, -1, 0, -1, -1, 0, 0, -1, -1, 0, 0, -1, 0, -1, -1, -1, -3, -3, -1], [0, 0, 1, -1, 0, -1, 0, -1, 0, 0, -1, 0, 0, 0, -1, 0, -1, -1, 0, 0, 0, 0], [-1, 1, 0, 0, 1, 0, 0, 1, 0, -1, 0, 1, 0, 0, 0, 0, 0, 0, 1, 0, 0, 1], [2, 0, 0, 0, -1, 0, 1, -1, -1, 1, 1, 0, 1, 0, 0, 0, 0, -1, 0, -1, -2, -1], [-1, 1, 0, 0, 1, 0, 0, 0, 0, 0, 0, 1, 0, 0, 0, 0, 0, 0, 1, 2, 2, 1], [0, 0, -1, 1, 0, -1, 0, 1, 0, -1, 1, 1, 0, 1, 0, 0, 1, 1, 0, 0, 1, 0], [0, -1, 0, -1, -1, 0, 0, 0, 0, 0, 0, -1, 0, 0, 0, 0, 0, 0, -1, -2, -2, -1], [0, 0, 1, 0, 0, 1, 0, -1, 0, 1, 0, 0, 1, -1, 0, 0, -1, -1, 0, -1, -2, 0], [-1, 0, 1, -1, 0, -1, -1, -1, 0, -1, -1, 0, 0, 1, -1, 0, -1, -1, 0, -1, -1, 0], [0, -1, 0, 0, -1, 0, 0, 0, 0, 0, 0, -1, 0, 0, 1, 0, 0, 0, -1, -1, -1, -1], [2, 1, -1, 1, 0, 1, 1, 0, 0, 2, 1, 0, -1, -1, 0, -1, 1, 0, 1, 2, 2, 0], [1, 0, -1, 1, 0, 1, 1, 1, 0, 1, 1, 0, 0, 0, 1, 0, 2, 1, 0, 1, 1, 0], [-1, 0, 1, -1, 0, -1, -1, -1, 0, -1, -1, 0, 0, 0, -1, 0, -1, 0, 0, 1, 1, 0], [0, 0, 1, 0, 0, 1, 0, -1, 0, 1, 0, 0, 0, -1, 0, 0, -1, -1, 1, 1, 0, 0], [0, 1, -1, 0, 1, -1, 0, 1, 0, -1, 0, 1, 0, 1, 0, 0, 1, 1, 1, 1, 1, 1], [0, -1, 1, 0, -1, 1, 0, -1, 0, 1, 0, -1, 0, -1, 0, 0, -1, -1, -1, -2, -2, -1], [0, -1, 0, 0, -1, 0, 0, 0, 0, 0, 0, -1, 0, 0, 0, 0, 0, 0, -1, -1, -1, 0]]
[[1, 0, 0, 0, 0, 0, 0, 0, 0, 0, 0, 0, 0, 0, 0, 0, 0, 0, 0, 0, 0, 0], [0, 1, 0, 0, 0, 0, 0, 0, 0, 0, 0, 0, 0, 0, 0, 0, 0, 0, 0, 0, 0, 0], [0, 0, 1, 0, 0, 0, 0, 0, 0, 0, 0, 0, 0, 0, 0, 0, 0, 0, 0, 0, 0, 0], [0, 0, 0, 1, 0, 0, 0, 0, 0, 0, 0, 0, 0, 0, 0, 0, 0, 0, 0, 0, 0, 0], [0, 0, 0, 0, 1, 0, 0, 0, 0, 0, 0, 0, 0, 0, 0, 0, 0, 0, 0, 0, 0, 0], [0, 0, 0, 0, 0, 1, 0, 0, 0, 0, 0, 0, 0, 0, 0, 0, 0, 0, 0, 0, 0, 0], [0, 0, 0, 0, 0, 0, 1, 0, 0, 0, 0, 0, 0, 0, 0, 0, 0, 0, 0, 0, 0, 0], [0, 0, 0, 0, 0, 0, 0, 1, 0, 0, 0, 0, 0, 0, 0, 0, 0, 0, 0, 0, 0, 0], [0, 0, 0, 0, 0, 0, 0, 0, 1, 0, 0, 0, 0, 0, 0, 0, 0, 0, 0, 0, 0, 0], [0, 0, 0, 0, 0, 0, 0, 0, 0, 1, 0, 0, 0, 0, 0, 0, 0, 0, 0, 0, 0, 0], [0, 0, 0, 0, 0, 0, 0, 0, 0, 0, 1, 0, 0, 0, 0, 0, 0, 0, 0, 0, 0, 0], [0, 0, 0, 0, 0, 0, 0, 0, 0, 0, 0, 1, 0, 0, 0, 0, 0, 0, 0, 0, 0, 0], [0, 0, 0, 0, 0, 0, 0, 0, 0, 0, 0, 0, 1, 0, 0, 0, 0, 0, 0, 0, 0, 0], [0, 0, 0, 0, 0, 0, 0, 0, 0, 0, 0, 0, 0, 1, 0, 0, 0, 0, 0, 0, 0, 0], [0, 0, 0, 0, 0, 0, 0, 0, 0, 0, 0, 0, 0, 0, 1, 0, 0, 0, 0, 0, 0, 0], [0, 0, 0, 0, 0, 0, 0, 0, 0, 0, 0, 0, 0, 0, 0, 1, 0, 0, 0, 0, 0, 0], [0, 0, 0, 0, 0, 0, 0, 0, 0, 0, 0, 0, 0, 0, 0, 0, 1, 0, 0, 0, 0, 0], [0, 0, 0, 0, 0, 0, 0, 0, 0, 0, 0, 0, 0, 0, 0, 0, 0, 1, 0, 0, 0, 0], [0, 0, 0, 0, 0, 0, 0, 0, 0, 0, 0, 0, 0, 0, 0, 0, 0, 0, 1, 0, 0, 0], [0, 0, 0, 0, 0, 0, 0, 0, 0, 0, 0, 0, 0, 0, 0, 0, 0, 0, 0, 1, 0, 0], [0, 0, 0, 0, 0, 0, 0, 0, 0, 0, 0, 0, 0, 0, 0, 0, 0, 0, 0, 0, 1, 0], [0, 0, 0, 0, 0, 0, 0, 0, 0, 0, 0, 0, 0, 0, 0, 0, 0, 0, 0, 0, 0, 1]]
[[1, 0, 0, 0, 0, 0, 0, 0, 0, 0, 0, 0, 0, 0, 0, 0, 0, 0, 0, 0, 0, 0], [0, 1, 0, 0, 0, 0, 0, 0, 0, 0, 0, 0, 0, 0, 0, 0, 0, 0, 0, 0, 0, 0], [0, 0, 1, 0, 0, 0, 0, 0, 0, 0, 0, 0, 0, 0, 0, 0, 0, 0, 0, 0, 0, 0], [0, 0, 0, 1, 0, 0, 0, 0, 0, 0, 0, 0, 0, 0, 0, 0, 0, 0, 0, 0, 0, 0], [0, 0, 0, 0, 1, 0, 0, 0, 0, 0, 0, 0, 0, 0, 0, 0, 0, 0, 0, 0, 0, 0], [0, 0, 0, 0, 0, 1, 0, 0, 0, 0, 0, 0, 0, 0, 0, 0, 0, 0, 0, 0, 0, 0], [0, 0, 0, 0, 0, 0, 1, 0, 0, 0, 0, 0, 0, 0, 0, 0, 0, 0, 0, 0, 0, 0], [0, 0, 0, 0, 0, 0, 0, 1, 0, 0, 0, 0, 0, 0, 0, 0, 0, 0, 0, 0, 0, 0], [0, 0, 0, 0, 0, 0, 0, 0, 1, 0, 0, 0, 0, 0, 0, 0, 0, 0, 0, 0, 0, 0], [0, 0, 0, 0, 0, 0, 0, 0, 0, 1, 0, 0, 0, 0, 0, 0, 0, 0, 0, 0, 0, 0], [0, 0, 0, 0, 0, 0, 0, 0, 0, 0, 1, 0, 0, 0, 0, 0, 0, 0, 0, 0, 0, 0], [0, 0, 0, 0, 0, 0, 0, 0, 0, 0, 0, 1, 0, 0, 0, 0, 0, 0, 0, 0, 0, 0], [0, 0, 0, 0, 0, 0, 0, 0, 0, 0, 0, 0, 1, 0, 0, 0, 0, 0, 0, 0, 0, 0], [0, 0, 0, 0, 0, 0, 0, 0, 0, 0, 0, 0, 0, 1, 0, 0, 0, 0, 0, 0, 0, 0], [0, 0, 0, 0, 0, 0, 0, 0, 0, 0, 0, 0, 0, 0, 1, 0, 0, 0, 0, 0, 0, 0], [0, 0, 0, 0, 0, 0, 0, 0, 0, 0, 0, 0, 0, 0, 0, 1, 0, 0, 0, 0, 0, 0], [0, 0, 0, 0, 0, 0, 0, 0, 0, 0, 0, 0, 0, 0, 0, 0, 1, 0, 0, 0, 0, 0], [0, 0, 0, 0, 0, 0, 0, 0, 0, 0, 0, 0, 0, 0, 0, 0, 0, 1, 0, 0, 0, 0], [0, 0, 0, 0, 0, 0, 0, 0, 0, 0, 0, 0, 0, 0, 0, 0, 0, 0, 1, 0, 0, 0], [0, 0, 0, 0, 0, 0, 0, 0, 0, 0, 0, 0, 0, 0, 0, 0, 0, 0, 0, 1, 0, 0], [0, 0, 0, 0, 0, 0, 0, 0, 0, 0, 0, 0, 0, 0, 0, 0, 0, 0, 0, 0, 1, 0], [0, 0, 0, 0, 0, 0, 0, 0, 0, 0, 0, 0, 0, 0, 0, 0, 0, 0, 0, 0, 0, 1]]
[[0, 0, 1, 0, 0, 0, 0, 0, 0, 0, 0, 0, 0, 0, 1, 0, 0, 0, 1, 1, 1, 0], [1, 1, -1, 0, 0, 0, 0, 0, 0, 0, 0, 0, 0, 0, 0, 0, 0, 0, 0, 0, -1, 0], [0, 0, 1, 0, 0, 0, 0, 0, 0, 0, 0, 0, 0, 0, 0, 0, 0, 0, 0, 0, 0, 0], [0, 0, 0, 1, 0, 0, 0, 0, 0, 0, 0, 0, 0, 0, -1, 0, 0, 0, -1, -1, 0, 0], [-1, 0, 1, 0, 1, 0, 0, 0, 0, 0, 0, 0, 0, 0, -1, 0, 0, 0, -1, -1, 1, 0], [0, 0, 0, 0, 0, 1, 0, 0, 0, 0, 0, 0, 0, 0, 2, 0, 0, 0, 2, 2, 0, 0], [0, 0, 0, 0, 0, 1, 0, 0, 0, 0, -1, -1, 0, -1, 0, 0, 0, 1, -1, 0, 0, 0], [-1, -1, 0, 0, 0, -1, 0, 1, 0, -1, 0, 0, -1, 2, 0, 0, 1, 0, 0, 0, 1, 0], [0, 0, 0, 0, 0, 1, -1, 0, 1, 0, -1, -1, 0, -1, 1, 0, 0, 1, 0, 1, 0, 0], [1, 0, -1, 0, 0, 0, 0, 0, 0, 1, 0, 0, 0, 0, -1, 0, 0, 0, -1, -1, -1, 0], [-1, 0, 1, 0, 0, 0, 0, 0, 0, 0, 1, 0, 0, 0, 0, 0, 0, 0, 0, 0, 1, 0], [0, 0, 0, 0, 0, 0, 0, 0, 0, 0, 0, 1, 0, 0, 1, 0, 0, 0, 1, 1, 0, 0], [0, -1, -1, 0, 0, 0, -1, 0, 0, -1, -1, -1, 0, 1, 1, 0, 1, 1, 0, 1, 0, 0], [0, 0, 0, 0, 0, 1, -1, 0, 0, 0, -1, -1, 0, 0, 1, 0, 0, 1, 0, 1, 0, 0], [1, 0, -1, 0, 0, 0, 0, 0, 0, 0, 0, 0, 0, 0, 1, 0, 0, 0, 0, 0, -1, 0], [1, 1, 0, 0, 0, 0, 1, 0, 0, 1, 1, 1, 1, -1, -1, 1, -1, -1, 0, -1, -1, 0], [2, 1, -1, 0, 0, 0, 1, 0, 0, 1, 1, 1, 1, -1, 0, 0, 0, -1, 1, 0, -2, 0], [-1, 0, 1, 0, 0, 0, 0, 0, 0, 0, 0, 0, 0, 0, -1, 0, 0, 1, -1, -1, 1, 0], [0, 0, 0, 0, 0, 0, 0, 0, 0, 0, 0, 0, 0, 0, -1, 0, 0, 0, 0, -1, 0, 0], [-1, 0, 1, 0, 0, 0, 0, 0, 0, 0, 0, 0, 0, 0, -1, 0, 0, 0, -1, 0, 1, 0], [1, 0, -1, 0, 0, 0, 0, 0, 0, 0, 0, 0, 0, 0, 1, 0, 0, 0, 1, 1, 0, 0], [0, 0, 0, 0, 0, 0, 0, 0, 0, 0, 0, 0, 0, 0, 1, 0, 0, 0, 1, 1, 0, 1]]
[[1, 0, 1, -1, -1, 0, 0, 0, 0, 0, 0, 0, 0, 0, 0, 0, 1, 1, 0, 0, 0, -1], [0, 1, -1, 1, 1, 0, 0, 0, 0, 0, 0, 0, 0, 0, 0, 0, -1, -1, 0, 0, 0, 1], [-1, 0, 0, 1, 2, 0, -1, 0, 0, -1, -2, -1, -1, 0, 0, 0, -2, -1, -1, 0, 1, 1], [-1, 0, -1, 2, 2, 0, -1, 0, 0, -1, -2, -1, -1, 0, 0, 0, -2, -1, -1, 0, 1, 1], [-1, 0, -1, 1, 3, 0, -1, 0, 0, -1, -2, -1, -1, 0, 0, 0, -2, -1, -1, 0, 1, 1], [1, 0, 2, -2, -3, 1, 1, 0, 0, 1, 2, 1, 1, 0, 0, 0, 3, 2, 1, 0, -1, -2], [0, 0, 0, 0, 0, 0, 1, 0, 0, 0, 0, 0, 0, 0, 0, 0, 0, 0, 0, 0, 0, 0], [0, 0, 0, 0, 0, 0, 0, 1, 0, 0, 0, 0, 0, 0, 0, 0, 0, 0, 0, 0, 0, 0], [0, 0, 1, -1, -1, 0, 0, 0, 1, 0, 0, 0, 0, 0, 0, 0, 1, 1, 0, 0, 0, -1], [0, 0, -1, 1, 1, 0, 0, 0, 0, 1, 0, 0, 0, 0, 0, 0, -1, -1, 0, 0, 0, 1], [-2, 0, -1, 1, 3, 0, -2, 0, 0, -2, -3, -2, -2, 0, 0, 0, -3, -1, -2, 0, 2, 1], [1, 0, 1, -1, -2, 0, 1, 0, 0, 1, 2, 2, 1, 0, 0, 0, 2, 1, 1, 0, -1, -1], [1, 0, 2, -2, -3, 0, 1, 0, 0, 1, 2, 1, 2, 0, 0, 0, 3, 2, 1, 0, -1, -2], [0, 0, 1, -1, -1, 0, 0, 0, 0, 0, 0, 0, 0, 1, 0, 0, 1, 1, 0, 0, 0, -1], [2, 0, 1, -1, -3, 0, 2, 0, 0, 2, 4, 2, 2, 0, 1, 0, 3, 1, 2, 0, -2, -1], [-1, 0, -2, 2, 3, 0, -1, 0, 0, -1, -2, -1, -1, 0, 0, 1, -3, -2, -1, 0, 1, 2], [0, 0, -1, 1, 1, 0, 0, 0, 0, 0, 0, 0, 0, 0, 0, 0, 0, -1, 0, 0, 0, 1], [-1, 0, -1, 1, 2, 0, -1, 0, 0, -1, -2, -1, -1, 0, 0, 0, -2, 0, -1, 0, 1, 1], [0, 0, 0, 0, 0, 0, 0, 0, 0, 0, 0, 0, 0, 0, 0, 0, 0, 0, 1, 0, 0, 0], [-1, 0, -1, 1, 2, 0, -1, 0, 0, -1, -2, -1, -1, 0, 0, 0, -2, -1, -1, 1, 1, 1], [1, 0, 1, -1, -2, 0, 1, 0, 0, 1, 2, 1, 1, 0, 0, 0, 2, 1, 1, 0, 0, -1], [0, 0, 1, -1, -1, 0, 0, 0, 0, 0, 0, 0, 0, 0, 0, 0, 1, 1, 0, 0, 0, 0]]
[[1, 0, 0, 0, 0, 0, 0, 0, 0, 0, 0, 0, 0, 0, 0, 0, 0, 0, 0, 0, 0, 0], [0, 1, 0, 0, 0, 0, 0, 0, 0, 0, 0, 0, 0, 0, 0, 0, 0, 0, 0, 0, 0, 0], [0, 0, 1, 0, 0, 0, 0, 0, 0, 0, 0, 0, 0, 0, 0, 0, 0, 0, 0, 0, 0, 0], [0, 0, 0, 1, 0, 0, 0, 0, 0, 0, 0, 0, 0, 0, 0, 0, 0, 0, 0, 0, 0, 0], [0, 0, 0, 0, 1, 0, 0, 0, 0, 0, 0, 0, 0, 0, 0, 0, 0, 0, 0, 0, 0, 0], [0, 0, 0, 0, 0, 1, 0, 0, 0, 0, 0, 0, 0, 0, 0, 0, 0, 0, 0, 0, 0, 0], [0, 0, 0, 0, 0, 0, 1, 0, 0, 0, 0, 0, 0, 0, 0, 0, 0, 0, 0, 0, 0, 0], [0, 0, 0, 0, 0, 0, 0, 1, 0, 0, 0, 0, 0, 0, 0, 0, 0, 0, 0, 0, 0, 0], [0, 0, 0, 0, 0, 0, 0, 0, 1, 0, 0, 0, 0, 0, 0, 0, 0, 0, 0, 0, 0, 0], [0, 0, 0, 0, 0, 0, 0, 0, 0, 1, 0, 0, 0, 0, 0, 0, 0, 0, 0, 0, 0, 0], [0, 0, 0, 0, 0, 0, 0, 0, 0, 0, 1, 0, 0, 0, 0, 0, 0, 0, 0, 0, 0, 0], [0, 0, 0, 0, 0, 0, 0, 0, 0, 0, 0, 1, 0, 0, 0, 0, 0, 0, 0, 0, 0, 0], [0, 0, 0, 0, 0, 0, 0, 0, 0, 0, 0, 0, 1, 0, 0, 0, 0, 0, 0, 0, 0, 0], [0, 0, 0, 0, 0, 0, 0, 0, 0, 0, 0, 0, 0, 1, 0, 0, 0, 0, 0, 0, 0, 0], [0, 0, 0, 0, 0, 0, 0, 0, 0, 0, 0, 0, 0, 0, 1, 0, 0, 0, 0, 0, 0, 0], [0, 0, 0, 0, 0, 0, 0, 0, 0, 0, 0, 0, 0, 0, 0, 1, 0, 0, 0, 0, 0, 0], [0, 0, 0, 0, 0, 0, 0, 0, 0, 0, 0, 0, 0, 0, 0, 0, 1, 0, 0, 0, 0, 0], [0, 0, 0, 0, 0, 0, 0, 0, 0, 0, 0, 0, 0, 0, 0, 0, 0, 1, 0, 0, 0, 0], [0, 0, 0, 0, 0, 0, 0, 0, 0, 0, 0, 0, 0, 0, 0, 0, 0, 0, 1, 0, 0, 0], [0, 0, 0, 0, 0, 0, 0, 0, 0, 0, 0, 0, 0, 0, 0, 0, 0, 0, 0, 1, 0, 0], [0, 0, 0, 0, 0, 0, 0, 0, 0, 0, 0, 0, 0, 0, 0, 0, 0, 0, 0, 0, 1, 0], [0, 0, 0, 0, 0, 0, 0, 0, 0, 0, 0, 0, 0, 0, 0, 0, 0, 0, 0, 0, 0, 1]]
[[5, 1, 0, -2, -3, 1, 2, 0, 0, 4, 2, 0, 1, -1, 0, -1, 3, 1, 2, 1, -3, -1], [-2, 0, 0, 0, 1, -1, -1, 0, 0, -2, -1, 0, 0, 1, 0, 1, -1, 0, -1, 0, 1, 1], [-6, -2, 1, 2, 4, -2, -3, 1, 1, -6, -4, -1, -2, 2, 0, 1, -3, 0, -3, -1, 5, 1], [-4, -1, 0, 3, 3, -1, -2, 0, 0, -4, -2, 0, -1, 1, 0, 1, -3, -1, -2, -1, 3, 1], [-8, -2, 0, 4, 7, -2, -4, 1, 1, -8, -5, -1, -3, 2, 0, 1, -5, -1, -4, -2, 7, 1], [7, 1, 0, -5, -6, 2, 3, 0, 0, 7, 3, 0, 2, -1, 0, -1, 6, 3, 3, 2, -6, -1], [3, 1, 0, -1, -2, 1, 2, -1, -1, 3, 2, 1, 1, -1, 0, 0, 1, 0, 1, 0, -3, 0], [-6, -2, 0, 2, 4, -2, -3, 2, 1, -6, -4, -1, -2, 2, 0, 1, -3, 0, -3, -1, 5, 1], [7, 2, 0, -3, -5, 2, 3, -1, 0, 7, 4, 1, 2, -2, 0, -1, 4, 1, 3, 1, -6, -1], [-5, -1, 0, 3, 4, -1, -2, 0, 0, -4, -2, 0, -1, 1, 0, 1, -4, -2, -2, -1, 4, 1], [-9, -3, 0, 3, 6, -3, -5, 2, 2, -9, -6, -2, -4, 3, 0, 1, -4, 1, -5, -2, 8, 1], [5, 1, 0, -3, -4, 1, 3, 0, 0, 5, 3, 1, 2, -1, 0, -1, 4, 1, 3, 2, -4, -1], [7, 2, 0, -3, -5, 2, 3, -1, -1, 7, 4, 1, 3, -2, 0, -1, 4, 1, 3, 1, -6, -1], [1, 0, 0, -1, -1, 0, 0, 0, 0, 1, 0, 0, 0, 1, 0, 0, 1, 1, 0, 0, -1, 0], [7, 2, 0, -3, -5, 2, 4, -1, -1, 7, 5, 1, 3, -2, 1, -1, 4, 0, 4, 2, -6, -1], [-3, 0, 0, 3, 3, 0, -1, 0, 0, -3, -1, 0, -1, 0, 0, 1, -3, -2, -1, -1, 3, 0], [-1, 0, 0, 1, 1, 0, 0, 0, 0, -1, 0, 0, 0, 0, 0, 0, 0, -1, 0, 0, 1, 0], [-4, -1, 0, 2, 3, -1, -2, 0, 0, -4, -2, 0, -1, 1, 0, 1, -3, 0, -2, -1, 3, 1], [2, 1, 0, 0, -1, 1, 1, -1, -1, 2, 2, 1, 1, -1, 0, 0, 0, -1, 2, 0, -2, 0], [-7, -2, 0, 3, 5, -2, -4, 1, 1, -7, -5, -1, -3, 2, 0, 1, -4, 0, -4, -1, 6, 1], [8, 2, 0, -4, -6, 2, 4, -1, -1, 8, 5, 1, 3, -2, 0, -1, 5, 1, 4, 2, -6, -1], [4, 1, 0, -2, -3, 1, 2, 0, 0, 4, 2, 0, 1, -1, 0, -1, 3, 1, 2, 1, -3, 0]]
[[1, 0, 0, 0, 0, 0, 0, 0, 0, 0, 0, 0, 0, 0, 0, 0, 0, 0, 0, 0, 0, 0], [0, 1, 0, 0, 0, 0, 0, 0, 0, 0, 0, 0, 0, 0, 0, 0, 0, 0, 0, 0, 0, 0], [0, 0, 1, 0, 0, 0, 0, 0, 0, 0, 0, 0, 0, 0, 0, 0, 0, 0, 0, 0, 0, 0], [0, 0, 0, 1, 0, 0, 0, 0, 0, 0, 0, 0, 0, 0, 0, 0, 0, 0, 0, 0, 0, 0], [0, 0, 0, 0, 1, 0, 0, 0, 0, 0, 0, 0, 0, 0, 0, 0, 0, 0, 0, 0, 0, 0], [0, 0, 0, 0, 0, 1, 0, 0, 0, 0, 0, 0, 0, 0, 0, 0, 0, 0, 0, 0, 0, 0], [0, 0, 0, 0, 0, 0, 1, 0, 0, 0, 0, 0, 0, 0, 0, 0, 0, 0, 0, 0, 0, 0], [0, 0, 0, 0, 0, 0, 0, 1, 0, 0, 0, 0, 0, 0, 0, 0, 0, 0, 0, 0, 0, 0], [0, 0, 0, 0, 0, 0, 0, 0, 1, 0, 0, 0, 0, 0, 0, 0, 0, 0, 0, 0, 0, 0], [0, 0, 0, 0, 0, 0, 0, 0, 0, 1, 0, 0, 0, 0, 0, 0, 0, 0, 0, 0, 0, 0], [0, 0, 0, 0, 0, 0, 0, 0, 0, 0, 1, 0, 0, 0, 0, 0, 0, 0, 0, 0, 0, 0], [0, 0, 0, 0, 0, 0, 0, 0, 0, 0, 0, 1, 0, 0, 0, 0, 0, 0, 0, 0, 0, 0], [0, 0, 0, 0, 0, 0, 0, 0, 0, 0, 0, 0, 1, 0, 0, 0, 0, 0, 0, 0, 0, 0], [0, 0, 0, 0, 0, 0, 0, 0, 0, 0, 0, 0, 0, 1, 0, 0, 0, 0, 0, 0, 0, 0], [0, 0, 0, 0, 0, 0, 0, 0, 0, 0, 0, 0, 0, 0, 1, 0, 0, 0, 0, 0, 0, 0], [0, 0, 0, 0, 0, 0, 0, 0, 0, 0, 0, 0, 0, 0, 0, 1, 0, 0, 0, 0, 0, 0], [0, 0, 0, 0, 0, 0, 0, 0, 0, 0, 0, 0, 0, 0, 0, 0, 1, 0, 0, 0, 0, 0], [0, 0, 0, 0, 0, 0, 0, 0, 0, 0, 0, 0, 0, 0, 0, 0, 0, 1, 0, 0, 0, 0], [0, 0, 0, 0, 0, 0, 0, 0, 0, 0, 0, 0, 0, 0, 0, 0, 0, 0, 1, 0, 0, 0], [0, 0, 0, 0, 0, 0, 0, 0, 0, 0, 0, 0, 0, 0, 0, 0, 0, 0, 0, 1, 0, 0], [0, 0, 0, 0, 0, 0, 0, 0, 0, 0, 0, 0, 0, 0, 0, 0, 0, 0, 0, 0, 1, 0], [0, 0, 0, 0, 0, 0, 0, 0, 0, 0, 0, 0, 0, 0, 0, 0, 0, 0, 0, 0, 0, 1]]
[[0, -1, 0, 1, 0, 1, 0, 1, 1, 0, 0, 0, 0, 0, 1, 1, 0, 1, -1, 0, 0, 0], [2, 2, 0, -1, -1, 0, 1, -1, -1, 2, 1, 0, 0, -1, -1, -1, 0, -1, 1, 0, -1, 0], [-3, -1, 1, 1, 2, -1, -2, 1, 1, -4, -2, 0, 0, 2, 1, 1, 0, 1, -1, 0, 2, 0], [1, 1, 0, 0, 0, -1, 0, -1, -1, 0, 0, 0, 0, 0, -1, -1, 0, -1, 1, 0, 0, 0], [-3, -1, 0, 1, 3, -1, -2, 1, 1, -4, -2, 0, 0, 2, 1, 1, 0, 1, -1, 0, 2, 0], [1, 0, 0, 0, -1, 2, 1, 0, 0, 2, 1, 0, 0, -1, 0, 0, 0, 0, 0, 0, -1, 0], [2, 1, 0, -1, -1, 0, 2, -1, -1, 2, 1, 0, 0, -1, -1, -1, 0, -1, 1, 0, -1, 0], [-3, -1, 0, 1, 2, -1, -2, 2, 1, -4, -2, 0, 0, 2, 1, 1, 0, 1, -1, 0, 2, 0], [3, 1, 0, -1, -2, 1, 2, -1, 0, 4, 2, 0, 0, -2, -1, -1, 0, -1, 1, 0, -2, 0], [-1, 0, 0, 0, 1, -1, -1, 0, 0, -1, -1, 0, 0, 1, 0, 0, 0, 0, 0, 0, 1, 0], [-3, -1, 0, 1, 2, -1, -2, 1, 1, -4, -1, 0, 0, 2, 1, 1, 0, 1, -1, 0, 2, 0], [1, 0, 0, 0, -1, 1, 1, 0, 0, 2, 1, 1, 0, -1, 0, 0, 0, 0, 0, 0, -1, 0], [1, 0, 0, 0, -1, 1, 1, 0, 0, 2, 1, 0, 1, -1, 0, 0, 0, 0, 0, 0, -1, 0], [0, 0, 0, 0, 0, 0, 0, 0, 0, 0, 0, 0, 0, 1, 0, 0, 0, 0, 0, 0, 0, 0], [1, 0, 0, 0, -1, 1, 1, 0, 0, 2, 1, 0, 0, -1, 1, 0, 0, 0, 0, 0, -1, 0], [1, 1, 0, -1, 0, -1, 0, -1, -1, 0, 0, 0, 0, 0, -1, 0, 0, -1, 1, 0, 0, 0], [0, 0, 0, 0, 0, 0, 0, 0, 0, 0, 0, 0, 0, 0, 0, 0, 1, 0, 0, 0, 0, 0], [-1, 0, 0, 0, 1, -1, -1, 0, 0, -2, -1, 0, 0, 1, 0, 0, 0, 1, 0, 0, 1, 0], [0, 0, 0, 0, 0, 0, 0, 0, 0, 0, 0, 0, 0, 0, 0, 0, 0, 0, 1, 0, 0, 0], [-1, 0, 0, 0, 1, -1, -1, 0, 0, -2, -1, 0, 0, 1, 0, 0, 0, 0, 0, 1, 1, 0], [2, 0, 0, 0, -2, 2, 2, 0, 0, 4, 2, 0, 0, -2, 0, 0, 0, 0, 0, 0, -1, 0], [1, 0, 0, 0, -1, 1, 1, 0, 0, 2, 1, 0, 0, -1, 0, 0, 0, 0, 0, 0, -1, 1]]
[[-1, -1, 1, 0, 0, 0, 0, 0, 1, -1, -1, 0, 0, 0, 0, 0, 0, 0, 0, 0, 0, -2], [1, 1, -1, 0, 0, 0, 0, 0, 0, 1, 1, 0, 0, 0, 0, 0, 0, 0, 0, 0, 0, 1], [-1, -1, 1, 0, 0, 0, 0, 0, 1, 0, 0, 0, 0, 0, 0, 0, 0, 0, 0, 0, 1, -1], [1, 0, -1, 0, -1, 0, 0, 0, 0, 2, 1, -1, -1, -1, 0, -1, 0, 1, -1, 0, 1, 1], [0, 0, 0, 1, 0, 0, 1, 1, 0, 0, 1, 0, 0, 0, 1, 0, 0, 0, 0, 0, 1, 0], [-1, 0, 1, -1, 1, 0, -1, -1, 0, -2, -2, 0, 0, 1, -1, 0, 0, -1, 1, 0, -1, -2], [2, 1, -1, 0, 0, 0, 1, 0, -1, 1, 1, 0, 0, 0, 0, 0, 0, 0, 0, 0, 0, 0], [-2, -1, 1, -1, 1, 0, -1, 0, 1, -1, -2, 0, 0, 0, -1, 0, 0, 0, 0, 0, 0, 0], [1, 1, 0, 0, 0, 0, 0, 0, 0, 0, 0, 0, 0, 0, 0, 0, 0, 0, 0, 0, 0, -1], [0, 0, 0, 0, 0, 0, 0, 0, 0, 1, 0, 0, 0, 0, 0, 0, 0, 0, 0, 0, 0, 2], [-1, 0, 1, 0, 0, 0, 0, 0, 0, -1, 0, 0, 0, 0, 0, 0, 0, 0, 0, 0, 1, -1], [0, 0, 0, 0, 0, -1, 0, 0, 0, -1, 0, 1, 0, 1, 0, 0, 0, -1, 1, 0, -1, -1], [-2, -1, 1, -1, 1, 0, -2, 0, 1, -2, -3, -1, 0, 1, 0, 1, 0, 1, -1, 0, 0, 0], [-1, 0, 1, -1, 1, 0, -1, -1, 0, -1, -2, 0, 0, 1, -1, 0, 0, 0, 0, 0, 0, -1], [0, 0, 0, 1, 1, 0, 0, 0, 0, -1, 0, 1, 1, 1, 1, 1, 0, -1, 1, 0, -1, 0], [2, 1, -1, 0, -2, 0, 2, 0, -1, 3, 3, 0, 0, -2, 0, -1, 0, 0, 0, 0, 0, 2], [1, 0, -1, 1, -1, 0, 1, 1, 0, 1, 2, 0, 0, 0, 1, 0, 1, 0, 0, 0, 0, 1], [0, 0, 0, 0, 0, 0, 0, 0, 0, 0, 0, 0, 0, 0, 0, 0, 0, 1, 0, 0, 1, 0], [0, 0, 0, 0, 0, 1, 0, 0, 0, 1, 0, 0, 0, -1, 0, 0, 0, 1, 0, 0, 0, 1], [0, 0, 0, 0, 0, 0, 0, 0, 0, 0, 0, 0, 0, 0, 0, 0, 0, 0, 0, 1, 1, 0], [0, 0, 0, 0, 0, 0, 0, 0, 0, 0, 0, 0, 0, 0, 0, 0, 0, 0, 0, 0, -1, 0], [0, 0, 0, 0, 0, 0, 0, 0, 0, 0, 0, 0, 0, 0, 0, 0, 0, 0, 0, 0, 0, -1]]

#################
# GALOIS GROUPS #
#################


Generators of the monodromy group on the generic Picard lattice:
[[1, 0, 0, 0, 0, 0, 0, 0, 0, 0, 0, 0, 0, 0], [0, 1, 0, 0, 0, 0, 0, 0, 0, 0, 0, 0, 0, 0], [0, 0, 1, 0, 0, 0, 0, 0, 0, 0, 0, 0, 0, 0], [0, 0, 0, 1, 0, 0, 0, 0, 0, 0, 0, 0, 0, 0], [0, 0, 0, 0, 1, 0, 0, 0, 0, 0, 0, 0, 0, 0], [0, 0, 0, 0, 0, 1, 0, 0, 0, 0, 0, 0, 0, 0], [0, 0, 0, 0, 0, 0, 1, 0, 0, 0, 0, 0, 0, 0], [0, 0, 0, 0, 0, 0, 0, 1, 0, 0, 0, 0, 0, 0], [0, 0, 0, 0, 0, 0, 0, 0, 1, 0, 0, 0, 0, 0], [0, 0, 0, 0, 0, 0, 0, 0, 0, 1, 0, 0, 0, 0], [0, 0, 0, 0, 0, 0, 0, 0, 0, 0, 1, 0, 0, 0], [0, 0, 0, 0, 0, 0, 0, 0, 0, 0, 0, 1, 0, 0], [0, 0, 0, 0, 0, 0, 0, 0, 0, 0, 0, 0, 1, 0], [0, 0, 0, 0, 0, 0, 0, 0, 0, 0, 0, 0, 0, 1]]
[[1, 0, 0, 0, 0, 0, 0, 0, 0, 0, 0, 0, 0, 0], [0, 1, 0, 0, 0, 0, 0, 0, 0, 0, 0, 0, 0, 0], [0, 0, 1, 0, 0, 0, 0, 0, 0, 0, 0, 0, 0, 0], [0, 0, 0, 1, 0, 0, 0, 0, 0, 0, 0, 0, 0, 0], [0, 0, 0, 0, 1, 0, 0, 0, 0, 0, 0, 0, 0, 0], [0, 0, 0, 0, 0, 1, 0, 0, 0, 0, 0, 0, 0, 0], [0, 0, 0, 0, 0, 0, 1, 0, 0, 0, 0, 0, 0, 0], [0, 0, 0, 0, 0, 0, 0, 1, 0, 0, 0, 0, 0, 0], [0, 0, 0, 0, 0, 0, 0, 0, 1, 0, 0, 0, 0, 0], [0, 0, 0, 0, 0, 0, 0, 0, 0, 1, 0, 0, 0, 0], [0, 0, 0, 0, 0, 0, 0, 0, 0, 0, 1, 0, 0, 0], [0, 0, 0, 0, 0, 0, 0, 0, 0, 0, 0, 1, 0, 0], [0, 0, 0, 0, 0, 0, 0, 0, 0, 0, 0, 0, 1, 0], [0, 0, 0, 0, 0, 0, 0, 0, 0, 0, 0, 0, 0, 1]]
[[-1, 0, 0, 0, 2, 0, -1, 1, 0, -3, -2, 0, 0, 0], [2, 1, 0, 0, -2, 0, 1, -1, 0, 3, 2, 0, 0, 0], [0, 0, 1, 0, 0, 0, 0, 0, 0, 0, 0, 0, 0, 0], [0, 0, 2, -1, -2, 0, 1, -1, 0, 3, 2, 0, 0, 0], [0, 0, 0, 0, 1, 0, 0, 0, 0, 0, 0, 0, 0, 0], [-1, 0, -1, 1, 2, 1, -1, 1, 0, -3, -2, 0, 0, 0], [0, 0, 0, 0, 0, 0, 1, 0, 0, 0, 0, 0, 0, 0], [0, 0, 0, 0, 0, 0, 0, 1, 0, 0, 0, 0, 0, 0], [1, 2, -3, 1, 1, -1, 1, 2, -2, 0, 3, 1, -1, -2], [0, 0, 0, 0, 0, 0, 0, 0, 0, 1, 0, 0, 0, 0], [0, 0, 0, 0, 0, 0, 0, 0, 0, 0, 1, 0, 0, 0], [-1, 0, -1, 1, 2, 0, -1, 1, 0, -3, -2, 1, 0, 0], [1, 2, -3, 1, 1, -1, 1, 2, -3, 0, 3, 1, 0, -2], [0, -2, 4, -2, -3, 1, 0, -3, 3, 3, -1, -1, 1, 3]]
[[1, 0, 0, 0, 0, 0, 0, 0, 0, 0, 0, 0, 0, 0], [0, 1, 0, 0, 0, 0, 0, 0, 0, 0, 0, 0, 0, 0], [0, 0, 1, 0, 0, 0, 0, 0, 0, 0, 0, 0, 0, 0], [0, 0, 0, 1, 0, 0, 0, 0, 0, 0, 0, 0, 0, 0], [0, 0, 0, 0, 1, 0, 0, 0, 0, 0, 0, 0, 0, 0], [0, 0, 0, 0, 0, 1, 0, 0, 0, 0, 0, 0, 0, 0], [0, 0, 0, 0, 0, 0, 1, 0, 0, 0, 0, 0, 0, 0], [0, 0, 0, 0, 0, 0, 0, 1, 0, 0, 0, 0, 0, 0], [0, 0, 0, 0, 0, 0, 0, 0, 1, 0, 0, 0, 0, 0], [0, 0, 0, 0, 0, 0, 0, 0, 0, 1, 0, 0, 0, 0], [0, 0, 0, 0, 0, 0, 0, 0, 0, 0, 1, 0, 0, 0], [0, 0, 0, 0, 0, 0, 0, 0, 0, 0, 0, 1, 0, 0], [0, 0, 0, 0, 0, 0, 0, 0, 0, 0, 0, 0, 1, 0], [0, 0, 0, 0, 0, 0, 0, 0, 0, 0, 0, 0, 0, 1]]
[[0, -2, 3, -1, -1, 1, -1, -2, 2, 0, -3, -1, 1, 2], [0, 1, 0, 0, 0, 0, 0, 0, 0, 0, 0, 0, 0, 0], [0, 0, 1, 0, 0, 0, 0, 0, 0, 0, 0, 0, 0, 0], [1, 2, -2, 1, 0, -2, 2, 2, -2, 0, 4, 2, 0, -1], [0, 0, 0, 0, 1, 0, 0, 0, 0, 0, 0, 0, 0, 0], [-2, -4, 6, -2, -2, 3, -2, -4, 4, 0, -6, -2, 2, 4], [-1, -2, 3, -1, -1, 1, 0, -2, 2, 0, -3, -1, 1, 2], [2, 2, -2, 1, -1, -1, 1, 1, -2, 2, 4, 1, -1, -2], [-1, -2, 3, -1, -1, 1, -1, -2, 3, 0, -3, -1, 1, 2], [2, 4, -6, 2, 2, -2, 2, 4, -4, 1, 6, 2, -2, -4], [-1, -2, 3, -1, -1, 1, -1, -2, 2, 0, -2, -1, 1, 2], [-2, -2, 1, 0, 2, 2, -2, 0, 2, -2, -5, -1, 0, 1], [2, 2, -2, 1, -1, -1, 1, 0, -2, 2, 4, 1, 0, -2], [1, 2, -3, 1, 1, -1, 1, 2, -2, 0, 3, 1, -1, -1]]
[[1, 0, 0, 0, 0, 0, 0, 0, 0, 0, 0, 0, 0, 0], [0, 1, 0, 0, 0, 0, 0, 0, 0, 0, 0, 0, 0, 0], [0, 0, 1, 0, 0, 0, 0, 0, 0, 0, 0, 0, 0, 0], [0, 0, 0, 1, 0, 0, 0, 0, 0, 0, 0, 0, 0, 0], [0, 0, 0, 0, 1, 0, 0, 0, 0, 0, 0, 0, 0, 0], [0, 0, 0, 0, 0, 1, 0, 0, 0, 0, 0, 0, 0, 0], [0, 0, 0, 0, 0, 0, 1, 0, 0, 0, 0, 0, 0, 0], [0, 0, 0, 0, 0, 0, 0, 1, 0, 0, 0, 0, 0, 0], [0, 0, 0, 0, 0, 0, 0, 0, 1, 0, 0, 0, 0, 0], [0, 0, 0, 0, 0, 0, 0, 0, 0, 1, 0, 0, 0, 0], [0, 0, 0, 0, 0, 0, 0, 0, 0, 0, 1, 0, 0, 0], [0, 0, 0, 0, 0, 0, 0, 0, 0, 0, 0, 1, 0, 0], [0, 0, 0, 0, 0, 0, 0, 0, 0, 0, 0, 0, 1, 0], [0, 0, 0, 0, 0, 0, 0, 0, 0, 0, 0, 0, 0, 1]]
[[1, 0, 0, 0, 0, 0, 0, 0, 0, 0, 0, 0, 0, 0], [0, 1, 0, 0, 0, 0, 0, 0, 0, 0, 0, 0, 0, 0], [0, 0, 1, 0, 0, 0, 0, 0, 0, 0, 0, 0, 0, 0], [0, 0, 0, 1, 0, 0, 0, 0, 0, 0, 0, 0, 0, 0], [0, 0, 0, 0, 1, 0, 0, 0, 0, 0, 0, 0, 0, 0], [0, 0, 0, 0, 0, 1, 0, 0, 0, 0, 0, 0, 0, 0], [0, 0, 0, 0, 0, 0, 1, 0, 0, 0, 0, 0, 0, 0], [0, 0, 0, 0, 0, 0, 0, 1, 0, 0, 0, 0, 0, 0], [0, 0, 0, 0, 0, 0, 0, 0, 1, 0, 0, 0, 0, 0], [0, 0, 0, 0, 0, 0, 0, 0, 0, 1, 0, 0, 0, 0], [0, 0, 0, 0, 0, 0, 0, 0, 0, 0, 1, 0, 0, 0], [0, 0, 0, 0, 0, 0, 0, 0, 0, 0, 0, 1, 0, 0], [0, 0, 0, 0, 0, 0, 0, 0, 0, 0, 0, 0, 1, 0], [0, 0, 0, 0, 0, 0, 0, 0, 0, 0, 0, 0, 0, 1]]
[[1, 0, 0, 0, 0, 0, 0, 0, 0, 0, 0, 0, 0, 0], [0, 1, 0, 0, 0, 0, 0, 0, 0, 0, 0, 0, 0, 0], [0, 0, 1, 0, 0, 0, 0, 0, 0, 0, 0, 0, 0, 0], [0, 0, 0, 1, 0, 0, 0, 0, 0, 0, 0, 0, 0, 0], [0, 0, 0, 0, 1, 0, 0, 0, 0, 0, 0, 0, 0, 0], [0, 0, 0, 0, 0, 1, 0, 0, 0, 0, 0, 0, 0, 0], [0, 0, 0, 0, 0, 0, 1, 0, 0, 0, 0, 0, 0, 0], [0, 0, 0, 0, 0, 0, 0, 1, 0, 0, 0, 0, 0, 0], [0, 0, 0, 0, 0, 0, 0, 0, 1, 0, 0, 0, 0, 0], [0, 0, 0, 0, 0, 0, 0, 0, 0, 1, 0, 0, 0, 0], [0, 0, 0, 0, 0, 0, 0, 0, 0, 0, 1, 0, 0, 0], [0, 0, 0, 0, 0, 0, 0, 0, 0, 0, 0, 1, 0, 0], [0, 0, 0, 0, 0, 0, 0, 0, 0, 0, 0, 0, 1, 0], [0, 0, 0, 0, 0, 0, 0, 0, 0, 0, 0, 0, 0, 1]]
[[0, -2, 3, -1, -1, 1, -1, -2, 2, 0, -3, -1, 1, 2], [0, 1, 0, 0, 0, 0, 0, 0, 0, 0, 0, 0, 0, 0], [0, 0, 1, 0, 0, 0, 0, 0, 0, 0, 0, 0, 0, 0], [1, 2, -2, 1, 0, -2, 2, 2, -2, 0, 4, 2, 0, -1], [0, 0, 0, 0, 1, 0, 0, 0, 0, 0, 0, 0, 0, 0], [-2, -4, 6, -2, -2, 3, -2, -4, 4, 0, -6, -2, 2, 4], [-1, -2, 3, -1, -1, 1, 0, -2, 2, 0, -3, -1, 1, 2], [2, 2, -2, 1, -1, -1, 1, 1, -2, 2, 4, 1, -1, -2], [-1, -2, 3, -1, -1, 1, -1, -2, 3, 0, -3, -1, 1, 2], [2, 4, -6, 2, 2, -2, 2, 4, -4, 1, 6, 2, -2, -4], [-1, -2, 3, -1, -1, 1, -1, -2, 2, 0, -2, -1, 1, 2], [-2, -2, 1, 0, 2, 2, -2, 0, 2, -2, -5, -1, 0, 1], [2, 2, -2, 1, -1, -1, 1, 0, -2, 2, 4, 1, 0, -2], [1, 2, -3, 1, 1, -1, 1, 2, -2, 0, 3, 1, -1, -1]]
[[1, 0, 0, 0, 0, 0, 0, 0, 0, 0, 0, 0, 0, 0], [0, 1, 0, 0, 0, 0, 0, 0, 0, 0, 0, 0, 0, 0], [0, 0, 1, 0, 0, 0, 0, 0, 0, 0, 0, 0, 0, 0], [0, 1, -1, 1, 0, -1, 1, 1, -2, 0, 3, 1, 0, -1], [0, 0, 0, 0, 1, 0, 0, 0, 0, 0, 0, 0, 0, 0], [0, -1, 1, 0, 0, 2, -1, -1, 2, 0, -3, -1, 0, 1], [0, 0, 0, 0, 0, 0, 1, 0, 0, 0, 0, 0, 0, 0], [0, 0, 0, 0, 0, 0, 0, 1, 0, 0, 0, 0, 0, 0], [0, 0, 0, 0, 0, 0, 0, 0, 1, 0, 0, 0, 0, 0], [0, 1, -1, 0, 0, -1, 1, 1, -2, 1, 3, 1, 0, -1], [0, -1, 1, 0, 0, 1, -1, -1, 2, 0, -2, -1, 0, 1], [0, 0, 0, 0, 0, 0, 0, 0, 0, 0, 0, 1, 0, 0], [0, 0, 0, 0, 0, 0, 0, 0, 0, 0, 0, 0, 1, 0], [0, 0, 0, 0, 0, 0, 0, 0, 0, 0, 0, 0, 0, 1]]
[[1, 0, 0, 0, 0, 0, 0, 0, 0, 0, 0, 0, 0, 0], [0, 1, 0, 0, 0, 0, 0, 0, 0, 0, 0, 0, 0, 0], [0, 0, 1, 0, 0, 0, 0, 0, 0, 0, 0, 0, 0, 0], [0, 0, 0, 1, 0, 0, 0, 0, 0, 0, 0, 0, 0, 0], [0, 0, 0, 0, 1, 0, 0, 0, 0, 0, 0, 0, 0, 0], [0, 0, 0, 0, 0, 1, 0, 0, 0, 0, 0, 0, 0, 0], [0, 0, 0, 0, 0, 0, 1, 0, 0, 0, 0, 0, 0, 0], [0, 0, 0, 0, 0, 0, 0, 1, 0, 0, 0, 0, 0, 0], [0, 0, 0, 0, 0, 0, 0, 0, 1, 0, 0, 0, 0, 0], [0, 0, 0, 0, 0, 0, 0, 0, 0, 1, 0, 0, 0, 0], [0, 0, 0, 0, 0, 0, 0, 0, 0, 0, 1, 0, 0, 0], [0, 0, 0, 0, 0, 0, 0, 0, 0, 0, 0, 1, 0, 0], [0, 0, 0, 0, 0, 0, 0, 0, 0, 0, 0, 0, 1, 0], [0, 0, 0, 0, 0, 0, 0, 0, 0, 0, 0, 0, 0, 1]]
[[0, 0, -2, 1, -1, -1, 1, 1, -1, 2, 4, 1, -1, -2], [-1, -1, 2, -1, 1, 1, -1, -1, 1, -2, -4, -1, 1, 2], [1, 2, -2, 1, 0, -2, 1, 1, -2, 1, 4, 2, 0, -2], [2, 2, -1, 1, 1, -1, 0, 0, -1, -1, 0, 1, 1, 0], [1, 1, 1, 0, -2, -1, 1, -1, -1, 1, 2, 1, 1, 0], [-2, -3, 0, -1, -1, 0, 0, 0, 1, 0, 0, -1, -1, 0], [-1, -2, 3, -1, -1, 1, -1, -3, 1, -1, -3, -1, 1, 2], [1, 2, -3, 1, 1, -1, 0, 2, -1, 1, 3, 1, -1, -2], [-2, -3, 3, -1, -1, 1, -1, -2, 2, -1, -3, -1, 1, 2], [2, 2, 0, 0, 0, 0, 0, 0, 0, 1, 0, 0, 0, 0], [0, 0, 0, 0, -1, -1, 1, 0, -1, 0, 2, 1, 1, 0], [-1, -1, -1, 0, 0, 0, 0, 1, 0, 1, 1, -1, -2, -2], [-1, -2, 2, -1, -1, 1, -1, -1, 3, 0, -2, -1, 0, 2], [3, 4, -2, 1, 1, -1, 1, 1, -3, 0, 2, 1, 1, -1]]
[[2, 0, -1, 0, -1, 0, 0, 0, 0, 2, 1, -1, -1, -1], [0, 1, 0, 0, 0, 0, 0, 0, 0, 0, 0, 0, 0, 0], [1, 1, -1, 0, -1, -1, 1, 1, -1, 2, 3, 0, -1, -2], [0, 2, -2, 1, 0, -2, 2, 2, -2, 0, 4, 2, 0, -2], [-1, 0, 0, 0, 1, 0, 0, 0, 0, 0, 0, 0, 0, -1], [2, -1, 0, 0, -1, 2, -1, -1, 1, 2, -1, -2, -1, 1], [0, -1, 1, 0, 0, 1, 0, -1, 1, 0, -2, -1, 0, 1], [0, 0, 0, 0, 0, 0, 0, 1, 0, 0, 0, 0, 0, 0], [0, -1, 1, 0, 0, 1, -1, -1, 2, 0, -2, -1, 0, 1], [-1, 1, 0, 0, 1, -1, 1, 1, -1, -1, 1, 2, 1, 0], [-1, -1, 1, 0, 0, 1, -1, -1, 1, 0, -1, -1, 0, 0], [2, 0, -1, 0, -1, 0, 0, 0, 0, 2, 1, 0, -1, 0], [1, 0, 0, 0, 0, 0, 0, 0, 0, 0, 0, 0, 1, 1], [-3, 0, 1, 0, 1, 0, 0, 0, 0, -2, -1, 1, 1, 0]]
[[1, 0, 0, 0, 0, 0, 0, 0, 0, 0, 0, 0, 0, 0], [0, 1, 0, 0, 0, 0, 0, 0, 0, 0, 0, 0, 0, 0], [0, 0, 1, 0, 0, 0, 0, 0, 0, 0, 0, 0, 0, 0], [0, 0, 0, 1, 0, 0, 0, 0, 0, 0, 0, 0, 0, 0], [0, 0, 0, 0, 1, 0, 0, 0, 0, 0, 0, 0, 0, 0], [0, 0, 0, 0, 0, 1, 0, 0, 0, 0, 0, 0, 0, 0], [0, 0, 0, 0, 0, 0, 1, 0, 0, 0, 0, 0, 0, 0], [0, 0, 0, 0, 0, 0, 0, 1, 0, 0, 0, 0, 0, 0], [0, 0, 0, 0, 0, 0, 0, 0, 1, 0, 0, 0, 0, 0], [0, 0, 0, 0, 0, 0, 0, 0, 0, 1, 0, 0, 0, 0], [0, 0, 0, 0, 0, 0, 0, 0, 0, 0, 1, 0, 0, 0], [0, 0, 0, 0, 0, 0, 0, 0, 0, 0, 0, 1, 0, 0], [0, 0, 0, 0, 0, 0, 0, 0, 0, 0, 0, 0, 1, 0], [0, 0, 0, 0, 0, 0, 0, 0, 0, 0, 0, 0, 0, 1]]
[[1, 0, 0, 0, 0, 0, 0, 0, 0, 0, 0, 0, 0, 0], [0, 1, 0, 0, 0, 0, 0, 0, 0, 0, 0, 0, 0, 0], [0, 0, 1, 0, 0, 0, 0, 0, 0, 0, 0, 0, 0, 0], [0, 0, 0, 1, 0, 0, 0, 0, 0, 0, 0, 0, 0, 0], [0, 0, 0, 0, 1, 0, 0, 0, 0, 0, 0, 0, 0, 0], [0, 0, 0, 0, 0, 1, 0, 0, 0, 0, 0, 0, 0, 0], [0, 0, 0, 0, 0, 0, 1, 0, 0, 0, 0, 0, 0, 0], [0, 0, 0, 0, 0, 0, 0, 1, 0, 0, 0, 0, 0, 0], [0, 0, 0, 0, 0, 0, 0, 0, 1, 0, 0, 0, 0, 0], [0, 0, 0, 0, 0, 0, 0, 0, 0, 1, 0, 0, 0, 0], [0, 0, 0, 0, 0, 0, 0, 0, 0, 0, 1, 0, 0, 0], [0, 0, 0, 0, 0, 0, 0, 0, 0, 0, 0, 1, 0, 0], [0, 0, 0, 0, 0, 0, 0, 0, 0, 0, 0, 0, 1, 0], [0, 0, 0, 0, 0, 0, 0, 0, 0, 0, 0, 0, 0, 1]]
[[1, 0, 0, 0, 0, 0, 0, 0, 0, 0, 0, 0, 0, 0], [0, 1, 0, 0, 0, 0, 0, 0, 0, 0, 0, 0, 0, 0], [0, 0, 1, 0, 0, 0, 0, 0, 0, 0, 0, 0, 0, 0], [0, 0, 0, 1, 0, 0, 0, 0, 0, 0, 0, 0, 0, 0], [0, 0, 0, 0, 1, 0, 0, 0, 0, 0, 0, 0, 0, 0], [0, 0, 0, 0, 0, 1, 0, 0, 0, 0, 0, 0, 0, 0], [0, 0, 0, 0, 0, 0, 1, 0, 0, 0, 0, 0, 0, 0], [0, 0, 0, 0, 0, 0, 0, 1, 0, 0, 0, 0, 0, 0], [0, 0, 0, 0, 0, 0, 0, 0, 1, 0, 0, 0, 0, 0], [0, 0, 0, 0, 0, 0, 0, 0, 0, 1, 0, 0, 0, 0], [0, 0, 0, 0, 0, 0, 0, 0, 0, 0, 1, 0, 0, 0], [0, 0, 0, 0, 0, 0, 0, 0, 0, 0, 0, 1, 0, 0], [0, 0, 0, 0, 0, 0, 0, 0, 0, 0, 0, 0, 1, 0], [0, 0, 0, 0, 0, 0, 0, 0, 0, 0, 0, 0, 0, 1]]
[[3, 2, 0, 0, -2, -2, 2, -2, -2, 2, 4, 2, 2, 0], [-1, 0, 0, 0, 1, 1, -1, 1, 1, -1, -2, -1, -1, 0], [0, 0, 1, 0, 1, 1, 0, -1, 0, 0, -1, 0, 1, 1], [-2, -2, 0, 1, 3, 3, -2, 1, 2, -2, -5, -2, -1, 1], [0, 0, 0, 0, 1, 0, 0, 1, 0, 0, 0, 0, 0, 0], [3, 3, 0, 0, -4, -3, 3, -2, -3, 3, 7, 3, 2, -1], [0, 0, 0, 0, 0, 0, 1, 1, 0, 0, 0, 0, 0, 0], [0, 0, 0, 0, 0, 0, 0, -1, 0, 0, 0, 0, 0, 0], [1, 1, 0, 0, -1, -1, 1, 0, 0, 1, 2, 1, 1, 0], [-2, -2, 0, 0, 2, 2, -2, 1, 2, -1, -4, -2, -2, 0], [1, 1, 0, 0, -1, -1, 1, 0, -1, 1, 3, 1, 1, 0], [1, 1, 0, 0, -1, -1, 1, -1, -1, 1, 2, 2, 1, 0], [0, 0, 0, 0, -1, -1, 0, -1, 0, 0, 1, 0, 0, -1], [-2, -2, 0, 0, 2, 2, -2, 2, 2, -2, -4, -2, -2, 1]]
[[3, 2, -2, 0, -3, -3, 1, 0, -1, 2, 4, 1, -1, -2], [-1, 0, 1, 0, 1, 1, 0, 0, 0, -1, -1, 0, 1, 1], [1, 1, 0, 0, -2, -2, 1, 0, -1, 1, 3, 1, 0, -1], [-1, -1, 1, 1, 1, 1, 0, 0, 0, -1, -1, 0, 1, 1], [0, 0, 0, 0, 0, -1, 1, 0, -1, 0, 1, 1, 1, 0], [2, 2, -2, 0, -2, -1, 0, 0, 0, 2, 2, 0, -2, -2], [0, 0, 0, 0, 0, 0, 1, 0, 0, 0, 0, 0, 0, 0], [1, 1, -1, 0, -1, -1, 0, 1, 0, 1, 2, 0, -1, -1], [0, 0, 0, 0, 0, 0, 0, 0, 1, 0, -1, 0, 0, 0], [-1, -1, 1, 0, 1, 1, 0, 0, 0, 0, 0, 0, 1, 1], [0, 0, 0, 0, 0, 0, 0, 0, 0, 0, -1, 0, 0, 0], [1, 1, -1, 0, -1, -1, 0, 0, 0, 1, 2, 1, -1, -1], [1, 1, -1, 0, 0, 0, -1, 0, 1, 1, 0, -1, -1, -1], [-2, -2, 2, 0, 2, 2, 0, 0, 0, -2, -3, 0, 2, 3]]
[[1, 0, 0, 0, 0, 0, 0, 0, 0, 0, 0, 0, 0, 0], [0, 1, 0, 0, 0, 0, 0, 0, 0, 0, 0, 0, 0, 0], [0, 0, 1, 0, 0, 0, 0, 0, 0, 0, 0, 0, 0, 0], [0, 0, 0, 1, 0, 0, 0, 0, 0, 0, 0, 0, 0, 0], [0, 0, 0, 0, 1, 0, 0, 0, 0, 0, 0, 0, 0, 0], [0, 0, 0, 0, 0, 1, 0, 0, 0, 0, 0, 0, 0, 0], [0, 0, 0, 0, 0, 0, 1, 0, 0, 0, 0, 0, 0, 0], [0, 0, 0, 0, 0, 0, 0, 1, 0, 0, 0, 0, 0, 0], [0, 0, 0, 0, 0, 0, 0, 0, 1, 0, 0, 0, 0, 0], [0, 0, 0, 0, 0, 0, 0, 0, 0, 1, 0, 0, 0, 0], [0, 0, 0, 0, 0, 0, 0, 0, 0, 0, 1, 0, 0, 0], [0, 0, 0, 0, 0, 0, 0, 0, 0, 0, 0, 1, 0, 0], [0, 0, 0, 0, 0, 0, 0, 0, 0, 0, 0, 0, 1, 0], [0, 0, 0, 0, 0, 0, 0, 0, 0, 0, 0, 0, 0, 1]]
[[1, 0, 0, 0, 0, 0, 0, 0, 0, 0, 0, 0, 0, 0], [1, 2, -3, 1, 1, -1, 1, 2, -2, 1, 3, 1, -1, -2], [0, 0, 1, 0, 0, 0, 0, 0, 0, 0, 0, 0, 0, 0], [0, 1, 0, 1, 0, 0, 0, 0, 0, 1, 1, 0, 0, -1], [-1, -1, 3, -1, 0, 1, -1, -2, 2, -1, -3, -1, 1, 2], [1, 0, -3, 1, 1, 0, 1, 2, -2, 0, 2, 1, -1, -1], [-1, 0, -1, 1, 2, 0, 0, 1, 0, -2, -1, 1, 0, 0], [0, 0, 0, 0, 0, 0, 0, 1, 0, 0, 0, 0, 0, 0], [0, -1, 0, 0, 0, 0, 0, 0, 1, -1, -1, 0, 0, 1], [-1, -1, 3, -1, -1, 1, -1, -2, 2, 0, -3, -1, 1, 2], [0, 0, 0, 0, 0, 0, 0, 0, 0, 0, 1, 0, 0, 0], [1, -1, 1, -1, -2, 0, 1, -1, 0, 1, 0, 0, 0, 1], [0, -1, 0, 0, 0, 0, 0, 0, 0, -1, -1, 0, 1, 1], [0, 2, 0, 0, 0, 0, 0, 0, 0, 2, 2, 0, 0, -1]]
[[1, 0, 0, 0, 0, 0, 0, 0, 0, 0, 0, 0, 0, 0], [0, 1, 0, 0, 0, 0, 0, 0, 0, 0, 0, 0, 0, 0], [0, 0, 1, 0, 0, 0, 0, 0, 0, 0, 0, 0, 0, 0], [0, 0, 0, 1, 0, 0, 0, 0, 0, 0, 0, 0, 0, 0], [0, 0, 0, 0, 1, 0, 0, 0, 0, 0, 0, 0, 0, 0], [0, 0, 0, 0, 0, 1, 0, 0, 0, 0, 0, 0, 0, 0], [0, 0, 0, 0, 0, 0, 1, 0, 0, 0, 0, 0, 0, 0], [0, 0, 0, 0, 0, 0, 0, 1, 0, 0, 0, 0, 0, 0], [0, 0, 0, 0, 0, 0, 0, 0, 1, 0, 0, 0, 0, 0], [0, 0, 0, 0, 0, 0, 0, 0, 0, 1, 0, 0, 0, 0], [0, 0, 0, 0, 0, 0, 0, 0, 0, 0, 1, 0, 0, 0], [0, 0, 0, 0, 0, 0, 0, 0, 0, 0, 0, 1, 0, 0], [0, 0, 0, 0, 0, 0, 0, 0, 0, 0, 0, 0, 1, 0], [0, 0, 0, 0, 0, 0, 0, 0, 0, 0, 0, 0, 0, 1]]
[[1, 0, 0, 0, 0, 0, 0, 0, 0, 0, 0, 0, 0, 0], [0, 1, 0, 0, 0, 0, 0, 0, 0, 0, 0, 0, 0, 0], [0, 0, 1, 0, 0, 0, 0, 0, 0, 0, 0, 0, 0, 0], [0, 0, 0, 1, 0, 0, 0, 0, 0, 0, 0, 0, 0, 0], [0, 0, 0, 0, 1, 0, 0, 0, 0, 0, 0, 0, 0, 0], [0, 0, 0, 0, 0, 1, 0, 0, 0, 0, 0, 0, 0, 0], [0, 0, 0, 0, 0, 0, 1, 0, 0, 0, 0, 0, 0, 0], [0, 0, 0, 0, 0, 0, 0, 1, 0, 0, 0, 0, 0, 0], [0, 0, 0, 0, 0, 0, 0, 0, 1, 0, 0, 0, 0, 0], [0, 0, 0, 0, 0, 0, 0, 0, 0, 1, 0, 0, 0, 0], [0, 0, 0, 0, 0, 0, 0, 0, 0, 0, 1, 0, 0, 0], [0, 0, 0, 0, 0, 0, 0, 0, 0, 0, 0, 1, 0, 0], [0, 0, 0, 0, 0, 0, 0, 0, 0, 0, 0, 0, 1, 0], [0, 0, 0, 0, 0, 0, 0, 0, 0, 0, 0, 0, 0, 1]]
[[1, 0, 0, 0, 0, 0, 0, 0, 0, 0, 0, 0, 0, 0], [0, 1, 0, 0, 0, 0, 0, 0, 0, 0, 0, 0, 0, 0], [0, 0, 1, 0, 0, 0, 0, 0, 0, 0, 0, 0, 0, 0], [0, 0, 0, 1, 0, 0, 0, 0, 0, 0, 0, 0, 0, 0], [0, 0, 0, 0, 1, 0, 0, 0, 0, 0, 0, 0, 0, 0], [0, 0, 0, 0, 0, 1, 0, 0, 0, 0, 0, 0, 0, 0], [0, 0, 0, 0, 0, 0, 1, 0, 0, 0, 0, 0, 0, 0], [0, 0, 0, 0, 0, 0, 0, 1, 0, 0, 0, 0, 0, 0], [0, 0, 0, 0, 0, 0, 0, 0, 1, 0, 0, 0, 0, 0], [0, 0, 0, 0, 0, 0, 0, 0, 0, 1, 0, 0, 0, 0], [0, 0, 0, 0, 0, 0, 0, 0, 0, 0, 1, 0, 0, 0], [0, 0, 0, 0, 0, 0, 0, 0, 0, 0, 0, 1, 0, 0], [0, 0, 0, 0, 0, 0, 0, 0, 0, 0, 0, 0, 1, 0], [0, 0, 0, 0, 0, 0, 0, 0, 0, 0, 0, 0, 0, 1]]
[[1, 0, 0, 0, 0, 0, 0, 0, 0, 0, 0, 0, 0, 0], [0, 1, 0, 0, 0, 0, 0, 0, 0, 0, 0, 0, 0, 0], [0, 0, 1, 0, 0, 0, 0, 0, 0, 0, 0, 0, 0, 0], [0, 0, 0, 1, 0, 0, 0, 0, 0, 0, 0, 0, 0, 0], [0, 0, 0, 0, 1, 0, 0, 0, 0, 0, 0, 0, 0, 0], [0, 0, 0, 0, 0, 1, 0, 0, 0, 0, 0, 0, 0, 0], [0, 0, 0, 0, 0, 0, 1, 0, 0, 0, 0, 0, 0, 0], [0, 0, 0, 0, 0, 0, 0, 1, 0, 0, 0, 0, 0, 0], [0, 0, 0, 0, 0, 0, 0, 0, 1, 0, 0, 0, 0, 0], [0, 0, 0, 0, 0, 0, 0, 0, 0, 1, 0, 0, 0, 0], [0, 0, 0, 0, 0, 0, 0, 0, 0, 0, 1, 0, 0, 0], [0, 0, 0, 0, 0, 0, 0, 0, 0, 0, 0, 1, 0, 0], [0, 0, 0, 0, 0, 0, 0, 0, 0, 0, 0, 0, 1, 0], [0, 0, 0, 0, 0, 0, 0, 0, 0, 0, 0, 0, 0, 1]]
[[1, 0, 0, 0, 0, 0, 0, 0, 0, 0, 0, 0, 0, 0], [0, 1, 0, 0, 0, 0, 0, 0, 0, 0, 0, 0, 0, 0], [0, 0, 1, 0, 0, 0, 0, 0, 0, 0, 0, 0, 0, 0], [0, 0, 0, 1, 0, 0, 0, 0, 0, 0, 0, 0, 0, 0], [0, 0, 0, 0, 1, 0, 0, 0, 0, 0, 0, 0, 0, 0], [0, 0, 0, 0, 0, 1, 0, 0, 0, 0, 0, 0, 0, 0], [0, 0, 0, 0, 0, 0, 1, 0, 0, 0, 0, 0, 0, 0], [0, 0, 0, 0, 0, 0, 0, 1, 0, 0, 0, 0, 0, 0], [0, 0, 0, 0, 0, 0, 0, 0, 1, 0, 0, 0, 0, 0], [0, 0, 0, 0, 0, 0, 0, 0, 0, 1, 0, 0, 0, 0], [0, 0, 0, 0, 0, 0, 0, 0, 0, 0, 1, 0, 0, 0], [0, 0, 0, 0, 0, 0, 0, 0, 0, 0, 0, 1, 0, 0], [0, 0, 0, 0, 0, 0, 0, 0, 0, 0, 0, 0, 1, 0], [0, 0, 0, 0, 0, 0, 0, 0, 0, 0, 0, 0, 0, 1]]
[[1, 0, 0, 0, 0, 0, 0, 0, 0, 0, 0, 0, 0, 0], [0, 1, 0, 0, 0, 0, 0, 0, 0, 0, 0, 0, 0, 0], [0, 0, 1, 0, 0, 0, 0, 0, 0, 0, 0, 0, 0, 0], [0, 0, 0, 1, 0, 0, 0, 0, 0, 0, 0, 0, 0, 0], [0, 0, 0, 0, 1, 0, 0, 0, 0, 0, 0, 0, 0, 0], [0, 0, 0, 0, 0, 1, 0, 0, 0, 0, 0, 0, 0, 0], [0, 0, 0, 0, 0, 0, 1, 0, 0, 0, 0, 0, 0, 0], [0, 0, 0, 0, 0, 0, 0, 1, 0, 0, 0, 0, 0, 0], [0, 0, 0, 0, 0, 0, 0, 0, 1, 0, 0, 0, 0, 0], [0, 0, 0, 0, 0, 0, 0, 0, 0, 1, 0, 0, 0, 0], [0, 0, 0, 0, 0, 0, 0, 0, 0, 0, 1, 0, 0, 0], [0, 0, 0, 0, 0, 0, 0, 0, 0, 0, 0, 1, 0, 0], [0, 0, 0, 0, 0, 0, 0, 0, 0, 0, 0, 0, 1, 0], [0, 0, 0, 0, 0, 0, 0, 0, 0, 0, 0, 0, 0, 1]]
[[1, 0, 0, 0, 0, 0, 0, 0, 0, 0, 0, 0, 0, 0], [0, 1, 0, 0, 0, 0, 0, 0, 0, 0, 0, 0, 0, 0], [0, 0, 1, 0, 0, 0, 0, 0, 0, 0, 0, 0, 0, 0], [0, 0, 0, 1, 0, 0, 0, 0, 0, 0, 0, 0, 0, 0], [0, 0, 0, 0, 1, 0, 0, 0, 0, 0, 0, 0, 0, 0], [0, 0, 0, 0, 0, 1, 0, 0, 0, 0, 0, 0, 0, 0], [0, 0, 0, 0, 0, 0, 1, 0, 0, 0, 0, 0, 0, 0], [0, 0, 0, 0, 0, 0, 0, 1, 0, 0, 0, 0, 0, 0], [0, 0, 0, 0, 0, 0, 0, 0, 1, 0, 0, 0, 0, 0], [0, 0, 0, 0, 0, 0, 0, 0, 0, 1, 0, 0, 0, 0], [0, 0, 0, 0, 0, 0, 0, 0, 0, 0, 1, 0, 0, 0], [0, 0, 0, 0, 0, 0, 0, 0, 0, 0, 0, 1, 0, 0], [0, 0, 0, 0, 0, 0, 0, 0, 0, 0, 0, 0, 1, 0], [0, 0, 0, 0, 0, 0, 0, 0, 0, 0, 0, 0, 0, 1]]
[[1, 0, 0, 0, 1, 1, 0, -1, 0, 0, -1, 0, 1, 1], [1, 1, -1, 0, -1, -1, 1, 1, -1, 1, 2, 0, -1, -1], [0, 0, 1, 0, 1, 1, 0, -1, 0, 0, -1, 0, 1, 1], [0, 1, 0, 1, 0, 0, 0, 0, 0, 1, 1, 0, 0, -1], [-1, 0, 1, 0, 1, 0, -1, 0, 1, -1, -1, 0, 0, 0], [1, -1, -1, 0, 0, 1, 1, 0, -1, 0, 0, 0, 0, 1], [-1, -1, 1, 0, 0, 0, 0, 0, 1, -2, -2, 0, 0, 1], [0, 0, 0, 0, 1, 1, 0, 0, 0, 0, -1, 0, 1, 1], [0, -1, 0, 0, 0, 0, 0, 0, 1, -1, -1, 0, 0, 1], [-1, 0, 1, 0, 0, 0, -1, 0, 1, 0, -1, 0, 0, 0], [0, 0, 0, 0, 0, 0, 0, 0, 0, 0, 1, 0, 0, 0], [1, 0, -1, 0, 0, 0, 1, 0, -1, 1, 1, 1, 0, 0], [0, -1, 0, 0, 0, 0, 0, 0, 0, -1, -1, 0, 1, 1], [0, 2, 0, 0, -1, -1, 0, 1, 0, 2, 3, 0, -1, -2]]
[[-2, -3, 4, -1, -3, 1, -1, -3, 3, -1, -3, -1, 1, 3], [2, 3, -3, 1, 1, -1, 1, 2, -3, 2, 4, 1, -1, -3], [1, 0, 2, -1, -3, -1, 1, -2, 0, 1, 1, 0, 1, 1], [2, 1, 1, -1, -1, -1, 1, -1, 0, 2, 1, 0, 1, 0], [0, 0, 0, 0, 0, -1, 1, 0, -1, 0, 1, 1, 1, 0], [-1, 0, -1, 1, -1, 0, -1, 0, 0, -1, 1, 0, -1, -1], [0, 1, -2, 1, 1, -1, 0, 1, -2, 0, 2, 0, -1, -3], [1, 0, 1, -1, -2, 0, 0, -1, 1, 1, 0, -1, 0, 1], [0, 0, -1, 1, 0, 0, 0, 0, -1, 0, 1, 0, 0, -1], [1, 1, -1, 0, 2, 0, 0, 1, 0, 0, -1, 0, 0, 0], [0, 0, 0, 0, -1, -1, 1, 0, -1, 0, 2, 1, 1, 0], [-2, -2, 2, 0, 0, 2, -2, -2, 2, -2, -4, -1, 0, 2], [1, 1, -2, 1, 0, 0, 0, 1, 0, 1, 2, 0, -1, -1], [1, 1, 0, -1, 1, -1, 1, 1, -1, 1, 1, 1, 1, 0]]
[[1, 0, 0, 0, 0, 0, 0, 0, 0, 0, 0, 0, 0, 0], [0, 1, 0, 0, 0, 0, 0, 0, 0, 0, 0, 0, 0, 0], [0, 0, 1, 0, 0, 0, 0, 0, 0, 0, 0, 0, 0, 0], [0, 0, 0, 1, 0, 0, 0, 0, 0, 0, 0, 0, 0, 0], [0, 0, 0, 0, 1, 0, 0, 0, 0, 0, 0, 0, 0, 0], [0, 0, 0, 0, 0, 1, 0, 0, 0, 0, 0, 0, 0, 0], [0, 0, 0, 0, 0, 0, 1, 0, 0, 0, 0, 0, 0, 0], [0, 0, 0, 0, 0, 0, 0, 1, 0, 0, 0, 0, 0, 0], [0, 0, 0, 0, 0, 0, 0, 0, 1, 0, 0, 0, 0, 0], [0, 0, 0, 0, 0, 0, 0, 0, 0, 1, 0, 0, 0, 0], [0, 0, 0, 0, 0, 0, 0, 0, 0, 0, 1, 0, 0, 0], [0, 0, 0, 0, 0, 0, 0, 0, 0, 0, 0, 1, 0, 0], [0, 0, 0, 0, 0, 0, 0, 0, 0, 0, 0, 0, 1, 0], [0, 0, 0, 0, 0, 0, 0, 0, 0, 0, 0, 0, 0, 1]]
[[1, 1, -2, 1, 2, 0, 0, 1, -1, 0, 1, 1, 0, -1], [0, 1, 0, 0, 0, 0, 0, 0, 0, 0, 0, 0, 0, 0], [0, 1, -1, 1, 2, 0, 0, 1, -1, 0, 1, 1, 0, -1], [0, 0, 0, 1, 0, 0, 0, 0, 0, 0, 0, 0, 0, 0], [0, -1, 2, -1, -1, 0, 0, -1, 1, 0, -1, -1, 0, 1], [0, 1, -2, 1, 2, 1, 0, 1, -1, 0, 1, 1, 0, -1], [0, 0, 0, 0, 0, 0, 1, 0, 0, 0, 0, 0, 0, 0], [0, 1, -2, 1, 2, 0, 0, 2, -1, 0, 1, 1, 0, -1], [0, 0, 0, 0, 0, 0, 0, 0, 1, 0, 0, 0, 0, 0], [0, -1, 2, -1, -2, 0, 0, -1, 1, 1, -1, -1, 0, 1], [0, 0, 0, 0, 0, 0, 0, 0, 0, 0, 1, 0, 0, 0], [0, 0, 0, 0, 0, 0, 0, 0, 0, 0, 0, 1, 0, 0], [0, 0, 0, 0, 0, 0, 0, 0, 0, 0, 0, 0, 1, 0], [0, -1, 2, -1, -2, 0, 0, -1, 1, 0, -1, -1, 0, 2]]
[[3, 2, 0, 0, -2, -2, 2, -2, -2, 2, 4, 2, 2, 0], [-1, 0, 0, 0, 1, 1, -1, 1, 1, -1, -2, -1, -1, 0], [0, 0, 1, 0, 1, 1, 0, -1, 0, 0, -1, 0, 1, 1], [-2, -2, 0, 1, 3, 3, -2, 1, 2, -2, -5, -2, -1, 1], [0, 0, 0, 0, 1, 0, 0, 1, 0, 0, 0, 0, 0, 0], [3, 3, 0, 0, -4, -3, 3, -2, -3, 3, 7, 3, 2, -1], [0, 0, 0, 0, 0, 0, 1, 1, 0, 0, 0, 0, 0, 0], [0, 0, 0, 0, 0, 0, 0, -1, 0, 0, 0, 0, 0, 0], [1, 1, 0, 0, -1, -1, 1, 0, 0, 1, 2, 1, 1, 0], [-2, -2, 0, 0, 2, 2, -2, 1, 2, -1, -4, -2, -2, 0], [1, 1, 0, 0, -1, -1, 1, 0, -1, 1, 3, 1, 1, 0], [1, 1, 0, 0, -1, -1, 1, -1, -1, 1, 2, 2, 1, 0], [0, 0, 0, 0, -1, -1, 0, -1, 0, 0, 1, 0, 0, -1], [-2, -2, 0, 0, 2, 2, -2, 2, 2, -2, -4, -2, -2, 1]]
[[1, 0, 0, 0, 0, 0, 0, 0, 0, 0, 0, 0, 0, 0], [0, 1, 0, 0, 0, 0, 0, 0, 0, 0, 0, 0, 0, 0], [0, 0, 1, 0, 0, 0, 0, 0, 0, 0, 0, 0, 0, 0], [0, 0, 0, 1, 0, 0, 0, 0, 0, 0, 0, 0, 0, 0], [0, 0, 0, 0, 1, 0, 0, 0, 0, 0, 0, 0, 0, 0], [0, 0, 0, 0, 0, 1, 0, 0, 0, 0, 0, 0, 0, 0], [0, 0, 0, 0, 0, 0, 1, 0, 0, 0, 0, 0, 0, 0], [0, 0, 0, 0, 0, 0, 0, 1, 0, 0, 0, 0, 0, 0], [0, 0, 0, 0, 0, 0, 0, 0, 1, 0, 0, 0, 0, 0], [0, 0, 0, 0, 0, 0, 0, 0, 0, 1, 0, 0, 0, 0], [0, 0, 0, 0, 0, 0, 0, 0, 0, 0, 1, 0, 0, 0], [0, 0, 0, 0, 0, 0, 0, 0, 0, 0, 0, 1, 0, 0], [0, 0, 0, 0, 0, 0, 0, 0, 0, 0, 0, 0, 1, 0], [0, 0, 0, 0, 0, 0, 0, 0, 0, 0, 0, 0, 0, 1]]
[[1, 0, 0, 0, 0, 0, 0, 0, 0, 0, 0, 0, 0, 0], [0, 1, 0, 0, 0, 0, 0, 0, 0, 0, 0, 0, 0, 0], [0, 0, 1, 0, 0, 0, 0, 0, 0, 0, 0, 0, 0, 0], [0, 0, 0, 1, 0, 0, 0, 0, 0, 0, 0, 0, 0, 0], [0, 0, 0, 0, 1, 0, 0, 0, 0, 0, 0, 0, 0, 0], [0, 0, 0, 0, 0, 1, 0, 0, 0, 0, 0, 0, 0, 0], [0, 0, 0, 0, 0, 0, 1, 0, 0, 0, 0, 0, 0, 0], [0, 0, 0, 0, 0, 0, 0, 1, 0, 0, 0, 0, 0, 0], [0, 0, 0, 0, 0, 0, 0, 0, 1, 0, 0, 0, 0, 0], [0, 0, 0, 0, 0, 0, 0, 0, 0, 1, 0, 0, 0, 0], [0, 0, 0, 0, 0, 0, 0, 0, 0, 0, 1, 0, 0, 0], [0, 0, 0, 0, 0, 0, 0, 0, 0, 0, 0, 1, 0, 0], [0, 0, 0, 0, 0, 0, 0, 0, 0, 0, 0, 0, 1, 0], [0, 0, 0, 0, 0, 0, 0, 0, 0, 0, 0, 0, 0, 1]]
[[2, 0, -1, 0, -1, 0, 0, 0, 0, 2, 1, -1, -1, -1], [0, 1, 0, 0, 0, 0, 0, 0, 0, 0, 0, 0, 0, 0], [1, 1, -1, 0, -1, -1, 1, 1, -1, 2, 3, 0, -1, -2], [0, 2, -2, 1, 0, -2, 2, 2, -2, 0, 4, 2, 0, -2], [-1, 0, 0, 0, 1, 0, 0, 0, 0, 0, 0, 0, 0, -1], [2, -1, 0, 0, -1, 2, -1, -1, 1, 2, -1, -2, -1, 1], [0, -1, 1, 0, 0, 1, 0, -1, 1, 0, -2, -1, 0, 1], [0, 0, 0, 0, 0, 0, 0, 1, 0, 0, 0, 0, 0, 0], [0, -1, 1, 0, 0, 1, -1, -1, 2, 0, -2, -1, 0, 1], [-1, 1, 0, 0, 1, -1, 1, 1, -1, -1, 1, 2, 1, 0], [-1, -1, 1, 0, 0, 1, -1, -1, 1, 0, -1, -1, 0, 0], [2, 0, -1, 0, -1, 0, 0, 0, 0, 2, 1, 0, -1, 0], [1, 0, 0, 0, 0, 0, 0, 0, 0, 0, 0, 0, 1, 1], [-3, 0, 1, 0, 1, 0, 0, 0, 0, -2, -1, 1, 1, 0]]
[[-1, -3, 4, -1, -1, 3, 0, -2, 2, 1, -3, -2, 1, 3], [-1, 0, -1, 0, 1, -1, -1, 1, 0, -2, -1, 0, -1, -1], [-1, -2, 2, -1, 0, 2, -1, -1, 2, -1, -4, -2, 0, 2], [1, 1, -3, 1, 1, -1, -1, 1, 0, -2, -1, 0, -1, -1], [0, 1, -2, 1, 2, 1, -1, 1, 0, 0, 0, 0, -1, -1], [-1, -3, 5, -2, -2, 1, 1, -2, 1, 1, -1, -1, 2, 3], [0, 0, 0, 0, 0, 0, -1, 0, 0, 0, 0, 0, 0, 0], [-1, -2, 3, -1, -1, 1, 0, -2, 1, -1, -3, -1, 1, 2], [-1, -2, 3, -1, -1, 1, -1, -2, 2, 0, -2, -1, 1, 2], [1, 2, -3, 1, 1, -1, 0, 1, -1, 0, 1, 1, -1, -2], [0, 0, 0, 0, 0, 0, 0, 0, 0, 0, 1, 0, 0, 0], [0, -1, 2, -1, -1, 1, 1, -1, 0, 2, 0, -1, 1, 1], [-2, -3, 4, -1, -1, 1, 0, -2, 2, -1, -3, 0, 2, 3], [2, 5, -8, 3, 3, -3, 0, 4, -4, -1, 5, 2, -3, -6]]
[[1, 0, 0, 0, 0, 0, 0, 0, 0, 0, 0, 0, 0, 0], [0, 1, 0, 0, 0, 0, 0, 0, 0, 0, 0, 0, 0, 0], [0, 0, 1, 0, 0, 0, 0, 0, 0, 0, 0, 0, 0, 0], [0, 0, 0, 1, 0, 0, 0, 0, 0, 0, 0, 0, 0, 0], [0, 0, 0, 0, 1, 0, 0, 0, 0, 0, 0, 0, 0, 0], [0, 0, 0, 0, 0, 1, 0, 0, 0, 0, 0, 0, 0, 0], [0, 0, 0, 0, 0, 0, 1, 0, 0, 0, 0, 0, 0, 0], [0, 0, 0, 0, 0, 0, 0, 1, 0, 0, 0, 0, 0, 0], [0, 0, 0, 0, 0, 0, 0, 0, 1, 0, 0, 0, 0, 0], [0, 0, 0, 0, 0, 0, 0, 0, 0, 1, 0, 0, 0, 0], [0, 0, 0, 0, 0, 0, 0, 0, 0, 0, 1, 0, 0, 0], [0, 0, 0, 0, 0, 0, 0, 0, 0, 0, 0, 1, 0, 0], [0, 0, 0, 0, 0, 0, 0, 0, 0, 0, 0, 0, 1, 0], [0, 0, 0, 0, 0, 0, 0, 0, 0, 0, 0, 0, 0, 1]]
[[1, 0, 0, 0, 0, 0, 0, 0, 0, 0, 0, 0, 0, 0], [0, 1, 0, 0, 0, 0, 0, 0, 0, 0, 0, 0, 0, 0], [0, 0, 1, 0, 0, 0, 0, 0, 0, 0, 0, 0, 0, 0], [0, 1, -1, 1, 0, -1, 1, 1, -2, 0, 3, 1, 0, -1], [0, 0, 0, 0, 1, 0, 0, 0, 0, 0, 0, 0, 0, 0], [0, -1, 1, 0, 0, 2, -1, -1, 2, 0, -3, -1, 0, 1], [0, 0, 0, 0, 0, 0, 1, 0, 0, 0, 0, 0, 0, 0], [0, 0, 0, 0, 0, 0, 0, 1, 0, 0, 0, 0, 0, 0], [0, 0, 0, 0, 0, 0, 0, 0, 1, 0, 0, 0, 0, 0], [0, 1, -1, 0, 0, -1, 1, 1, -2, 1, 3, 1, 0, -1], [0, -1, 1, 0, 0, 1, -1, -1, 2, 0, -2, -1, 0, 1], [0, 0, 0, 0, 0, 0, 0, 0, 0, 0, 0, 1, 0, 0], [0, 0, 0, 0, 0, 0, 0, 0, 0, 0, 0, 0, 1, 0], [0, 0, 0, 0, 0, 0, 0, 0, 0, 0, 0, 0, 0, 1]]
[[1, 0, 0, 0, 0, 0, 0, 0, 0, 0, 0, 0, 0, 0], [0, 1, 0, 0, 0, 0, 0, 0, 0, 0, 0, 0, 0, 0], [0, 0, 1, 0, 0, 0, 0, 0, 0, 0, 0, 0, 0, 0], [0, 0, 0, 1, 0, 0, 0, 0, 0, 0, 0, 0, 0, 0], [0, 0, 0, 0, 1, 0, 0, 0, 0, 0, 0, 0, 0, 0], [0, 0, 0, 0, 0, 1, 0, 0, 0, 0, 0, 0, 0, 0], [0, 0, 0, 0, 0, 0, 1, 0, 0, 0, 0, 0, 0, 0], [0, 0, 0, 0, 0, 0, 0, 1, 0, 0, 0, 0, 0, 0], [0, 0, 0, 0, 0, 0, 0, 0, 1, 0, 0, 0, 0, 0], [0, 0, 0, 0, 0, 0, 0, 0, 0, 1, 0, 0, 0, 0], [0, 0, 0, 0, 0, 0, 0, 0, 0, 0, 1, 0, 0, 0], [0, 0, 0, 0, 0, 0, 0, 0, 0, 0, 0, 1, 0, 0], [0, 0, 0, 0, 0, 0, 0, 0, 0, 0, 0, 0, 1, 0], [0, 0, 0, 0, 0, 0, 0, 0, 0, 0, 0, 0, 0, 1]]
[[1, 0, 0, 0, 0, 0, 0, 0, 0, 0, 0, 0, 0, 0], [0, 1, 0, 0, 0, 0, 0, 0, 0, 0, 0, 0, 0, 0], [0, 0, 1, 0, 0, 0, 0, 0, 0, 0, 0, 0, 0, 0], [0, 0, 0, 1, 0, 0, 0, 0, 0, 0, 0, 0, 0, 0], [0, 0, 0, 0, 1, 0, 0, 0, 0, 0, 0, 0, 0, 0], [0, 0, 0, 0, 0, 1, 0, 0, 0, 0, 0, 0, 0, 0], [0, 0, 0, 0, 0, 0, 1, 0, 0, 0, 0, 0, 0, 0], [0, 0, 0, 0, 0, 0, 0, 1, 0, 0, 0, 0, 0, 0], [0, 0, 0, 0, 0, 0, 0, 0, 1, 0, 0, 0, 0, 0], [0, 0, 0, 0, 0, 0, 0, 0, 0, 1, 0, 0, 0, 0], [0, 0, 0, 0, 0, 0, 0, 0, 0, 0, 1, 0, 0, 0], [0, 0, 0, 0, 0, 0, 0, 0, 0, 0, 0, 1, 0, 0], [0, 0, 0, 0, 0, 0, 0, 0, 0, 0, 0, 0, 1, 0], [0, 0, 0, 0, 0, 0, 0, 0, 0, 0, 0, 0, 0, 1]]
[[1, 1, -1, 1, 0, -2, 0, 0, -1, -1, 1, 0, 0, -2], [-1, -1, 2, -1, 0, 2, -1, -1, 2, 0, -3, -1, 0, 2], [0, 0, 1, 0, 0, 0, 0, 0, 0, 0, 0, 0, 0, 0], [-1, -2, 2, -1, 0, 2, 0, 0, 2, 0, -2, 0, 0, 3], [2, 2, -2, 1, 1, 0, 1, 1, -2, 2, 3, 1, 0, -1], [-1, 0, 0, 1, 0, -1, -1, -1, 0, -2, -1, -1, 0, -2], [0, -1, 1, 0, 0, 2, 0, -1, 1, 1, -2, -1, 0, 1], [-2, -2, 2, -1, 0, 0, -1, 0, 2, -2, -3, -1, 0, 1], [1, 1, -1, 1, 0, 0, 0, 0, 0, 1, 1, 0, 0, -1], [0, 0, 0, -1, 0, 0, 1, 1, 0, 1, 1, 1, 0, 1], [1, 1, -1, 1, 0, 0, 0, 0, -1, 1, 2, 0, 0, -1], [0, 1, -1, 1, 0, -2, 0, 0, -1, -1, 1, 1, 0, -2], [-2, -2, 2, -1, 0, 0, -1, -1, 2, -2, -3, -1, 1, 1], [0, -1, 1, -1, 0, 2, 0, 0, 1, 1, -1, 0, 0, 3]]
[[1, 0, 0, 0, 0, 0, 0, 0, 0, 0, 0, 0, 0, 0], [0, 1, 0, 0, 0, 0, 0, 0, 0, 0, 0, 0, 0, 0], [0, 0, 1, 0, 0, 0, 0, 0, 0, 0, 0, 0, 0, 0], [0, 0, 0, 1, 0, 0, 0, 0, 0, 0, 0, 0, 0, 0], [0, 0, 0, 0, 1, 0, 0, 0, 0, 0, 0, 0, 0, 0], [0, 0, 0, 0, 0, 1, 0, 0, 0, 0, 0, 0, 0, 0], [0, 0, 0, 0, 0, 0, 1, 0, 0, 0, 0, 0, 0, 0], [0, 0, 0, 0, 0, 0, 0, 1, 0, 0, 0, 0, 0, 0], [0, 0, 0, 0, 0, 0, 0, 0, 1, 0, 0, 0, 0, 0], [0, 0, 0, 0, 0, 0, 0, 0, 0, 1, 0, 0, 0, 0], [0, 0, 0, 0, 0, 0, 0, 0, 0, 0, 1, 0, 0, 0], [0, 0, 0, 0, 0, 0, 0, 0, 0, 0, 0, 1, 0, 0], [0, 0, 0, 0, 0, 0, 0, 0, 0, 0, 0, 0, 1, 0], [0, 0, 0, 0, 0, 0, 0, 0, 0, 0, 0, 0, 0, 1]]
[[1, 1, -1, 1, 0, -2, 0, 0, -1, -1, 1, 0, 0, -2], [-1, -1, 2, -1, 0, 2, -1, -1, 2, 0, -3, -1, 0, 2], [0, 0, 1, 0, 0, 0, 0, 0, 0, 0, 0, 0, 0, 0], [-1, -2, 2, -1, 0, 2, 0, 0, 2, 0, -2, 0, 0, 3], [2, 2, -2, 1, 1, 0, 1, 1, -2, 2, 3, 1, 0, -1], [-1, 0, 0, 1, 0, -1, -1, -1, 0, -2, -1, -1, 0, -2], [0, -1, 1, 0, 0, 2, 0, -1, 1, 1, -2, -1, 0, 1], [-2, -2, 2, -1, 0, 0, -1, 0, 2, -2, -3, -1, 0, 1], [1, 1, -1, 1, 0, 0, 0, 0, 0, 1, 1, 0, 0, -1], [0, 0, 0, -1, 0, 0, 1, 1, 0, 1, 1, 1, 0, 1], [1, 1, -1, 1, 0, 0, 0, 0, -1, 1, 2, 0, 0, -1], [0, 1, -1, 1, 0, -2, 0, 0, -1, -1, 1, 1, 0, -2], [-2, -2, 2, -1, 0, 0, -1, -1, 2, -2, -3, -1, 1, 1], [0, -1, 1, -1, 0, 2, 0, 0, 1, 1, -1, 0, 0, 3]]
[[1, 0, 0, 0, 0, 0, 0, 0, 0, 0, 0, 0, 0, 0], [0, 1, 0, 0, 0, 0, 0, 0, 0, 0, 0, 0, 0, 0], [0, 0, 1, 0, 0, 0, 0, 0, 0, 0, 0, 0, 0, 0], [0, 0, 0, 1, 0, 0, 0, 0, 0, 0, 0, 0, 0, 0], [0, 0, 0, 0, 1, 0, 0, 0, 0, 0, 0, 0, 0, 0], [0, 0, 0, 0, 0, 1, 0, 0, 0, 0, 0, 0, 0, 0], [0, 0, 0, 0, 0, 0, 1, 0, 0, 0, 0, 0, 0, 0], [0, 0, 0, 0, 0, 0, 0, 1, 0, 0, 0, 0, 0, 0], [0, 0, 0, 0, 0, 0, 0, 0, 1, 0, 0, 0, 0, 0], [0, 0, 0, 0, 0, 0, 0, 0, 0, 1, 0, 0, 0, 0], [0, 0, 0, 0, 0, 0, 0, 0, 0, 0, 1, 0, 0, 0], [0, 0, 0, 0, 0, 0, 0, 0, 0, 0, 0, 1, 0, 0], [0, 0, 0, 0, 0, 0, 0, 0, 0, 0, 0, 0, 1, 0], [0, 0, 0, 0, 0, 0, 0, 0, 0, 0, 0, 0, 0, 1]]
[[-2, -3, 3, -1, -1, 1, -1, -1, 4, -3, -5, -1, 1, 4], [2, 3, -3, 1, 1, -1, 1, 2, -3, 2, 4, 1, -1, -3], [0, 0, 0, 0, 0, 0, 0, 0, 0, -1, -1, -1, 0, 0], [2, 3, -3, 1, 1, -1, 1, 1, -4, 2, 5, 0, -1, -4], [1, 2, -4, 2, 2, -1, 1, 2, -3, 0, 3, 1, -1, -3], [-2, -4, 5, -2, -2, 1, -2, -2, 6, -3, -7, -1, 2, 6], [1, 1, -1, 0, 0, -2, 1, 1, -1, 0, 2, 1, 0, -1], [-1, -1, 3, -1, -1, 1, -1, -2, 2, -1, -3, -1, 1, 2], [1, 0, 0, 0, -1, -1, 1, 0, 0, 0, 1, 1, 1, 1], [1, 3, -3, 1, 1, -1, 1, 1, -4, 2, 5, 1, -1, -4], [1, 0, -1, 1, 0, 0, 0, 0, 0, 0, 0, 0, 0, 0], [-2, -3, 3, -2, -1, 1, -1, -1, 4, -2, -5, -1, 1, 4], [-2, -2, 4, -1, -1, 1, -1, -2, 3, -1, -3, 0, 2, 3], [3, 5, -7, 3, 3, -1, 1, 3, -6, 3, 7, 1, -3, -7]]
[[1, 0, 0, 0, 0, 0, 0, 0, 0, 0, 0, 0, 0, 0], [0, 1, 0, 0, 0, 0, 0, 0, 0, 0, 0, 0, 0, 0], [0, 0, 1, 0, 0, 0, 0, 0, 0, 0, 0, 0, 0, 0], [0, 0, 0, 1, 0, 0, 0, 0, 0, 0, 0, 0, 0, 0], [0, 0, 0, 0, 1, 0, 0, 0, 0, 0, 0, 0, 0, 0], [0, 0, 0, 0, 0, 1, 0, 0, 0, 0, 0, 0, 0, 0], [0, 0, 0, 0, 0, 0, 1, 0, 0, 0, 0, 0, 0, 0], [0, 0, 0, 0, 0, 0, 0, 1, 0, 0, 0, 0, 0, 0], [0, 0, 0, 0, 0, 0, 0, 0, 1, 0, 0, 0, 0, 0], [0, 0, 0, 0, 0, 0, 0, 0, 0, 1, 0, 0, 0, 0], [0, 0, 0, 0, 0, 0, 0, 0, 0, 0, 1, 0, 0, 0], [0, 0, 0, 0, 0, 0, 0, 0, 0, 0, 0, 1, 0, 0], [0, 0, 0, 0, 0, 0, 0, 0, 0, 0, 0, 0, 1, 0], [0, 0, 0, 0, 0, 0, 0, 0, 0, 0, 0, 0, 0, 1]]
[[1, 0, 0, 0, 0, 0, 0, 0, 0, 0, 0, 0, 0, 0], [0, 1, 0, 0, 0, 0, 0, 0, 0, 0, 0, 0, 0, 0], [0, 0, 1, 0, 0, 0, 0, 0, 0, 0, 0, 0, 0, 0], [0, 0, 0, 1, 0, 0, 0, 0, 0, 0, 0, 0, 0, 0], [0, 0, 0, 0, 1, 0, 0, 0, 0, 0, 0, 0, 0, 0], [0, 0, 0, 0, 0, 1, 0, 0, 0, 0, 0, 0, 0, 0], [0, 0, 0, 0, 0, 0, 1, 0, 0, 0, 0, 0, 0, 0], [0, 0, 0, 0, 0, 0, 0, 1, 0, 0, 0, 0, 0, 0], [0, 0, 0, 0, 0, 0, 0, 0, 1, 0, 0, 0, 0, 0], [0, 0, 0, 0, 0, 0, 0, 0, 0, 1, 0, 0, 0, 0], [0, 0, 0, 0, 0, 0, 0, 0, 0, 0, 1, 0, 0, 0], [0, 0, 0, 0, 0, 0, 0, 0, 0, 0, 0, 1, 0, 0], [0, 0, 0, 0, 0, 0, 0, 0, 0, 0, 0, 0, 1, 0], [0, 0, 0, 0, 0, 0, 0, 0, 0, 0, 0, 0, 0, 1]]
[[2, 2, -1, 0, -1, -1, 1, 0, -3, 3, 4, 0, -1, -3], [0, 0, 0, 0, 0, 0, 0, 0, 1, -1, -1, 0, 0, 1], [0, 0, 1, 0, 0, 0, 0, 0, 0, 0, 0, 0, 0, 0], [-1, -1, 1, 1, 1, 1, -1, 0, 2, -2, -3, 0, 1, 2], [-1, 0, 1, 0, 2, 1, -1, 0, 1, -1, -2, 0, 1, 1], [2, 2, -2, 0, -2, -1, 2, 0, -4, 4, 6, 0, -2, -4], [-2, -1, 1, 0, 2, 2, -1, 0, 1, -2, -4, -1, 0, 1], [1, 0, -1, 0, -1, -1, 1, 1, -1, 1, 2, 0, -1, -1], [-1, 0, 0, 0, 1, 1, -1, 0, 0, 0, -1, -1, -1, -1], [-1, -2, 1, 0, 1, 1, -1, 0, 3, -2, -4, 0, 1, 3], [0, 1, 0, 0, 0, 0, 0, 0, -1, 1, 2, 0, 0, -1], [1, 1, -1, 0, -1, -1, 1, 0, -2, 2, 3, 1, -1, -2], [0, -1, -1, 0, 0, 0, 0, 0, -1, 0, 0, -1, -1, -1], [0, 0, 1, 0, 0, 0, 0, 0, 2, -1, -1, 1, 2, 3]]
[[1, 1, -1, 0, 1, 0, 0, 1, -1, 0, 0, 0, -1, -1], [0, 0, 1, 0, -1, 0, 0, -1, 1, 0, 0, 0, 1, 1], [0, 0, 1, 0, 0, 0, 0, 0, 0, 0, 0, 0, 0, 0], [0, 0, 0, 1, 0, 0, 0, 0, 0, 0, 0, 0, 0, 0], [0, 0, 0, 0, 1, 0, 0, 0, 0, 0, 0, 0, 0, 0], [0, 1, -1, 0, 1, 1, 0, 1, -1, 0, 0, 0, -1, -1], [0, 0, 0, 0, 0, 0, 1, 0, 0, 0, 0, 0, 0, 0], [0, 0, 0, 0, 0, 0, 0, 1, 0, 0, 0, 0, 0, 0], [0, 1, -1, 0, 1, 0, 0, 1, 0, 0, 0, 0, -1, -1], [0, -1, 1, 0, -1, 0, 0, -1, 1, 1, 0, 0, 1, 1], [0, 1, -1, 0, 1, 0, 0, 1, -1, 0, 1, 0, -1, -1], [0, 0, 0, 0, 0, 0, 0, 0, 0, 0, 0, 1, 0, 0], [0, 1, -1, 0, 1, 0, 0, 1, -1, 0, 0, 0, 0, -1], [0, -1, 1, 0, -1, 0, 0, -1, 1, 0, 0, 0, 1, 2]]
[[1, 0, 0, 0, 0, 0, 0, 0, 0, 0, 0, 0, 0, 0], [0, 1, 0, 0, 0, 0, 0, 0, 0, 0, 0, 0, 0, 0], [0, 0, 1, 0, 0, 0, 0, 0, 0, 0, 0, 0, 0, 0], [0, 0, 0, 1, 0, 0, 0, 0, 0, 0, 0, 0, 0, 0], [0, 0, 0, 0, 1, 0, 0, 0, 0, 0, 0, 0, 0, 0], [0, 0, 0, 0, 0, 1, 0, 0, 0, 0, 0, 0, 0, 0], [0, 0, 0, 0, 0, 0, 1, 0, 0, 0, 0, 0, 0, 0], [0, 0, 0, 0, 0, 0, 0, 1, 0, 0, 0, 0, 0, 0], [0, 0, 0, 0, 0, 0, 0, 0, 1, 0, 0, 0, 0, 0], [0, 0, 0, 0, 0, 0, 0, 0, 0, 1, 0, 0, 0, 0], [0, 0, 0, 0, 0, 0, 0, 0, 0, 0, 1, 0, 0, 0], [0, 0, 0, 0, 0, 0, 0, 0, 0, 0, 0, 1, 0, 0], [0, 0, 0, 0, 0, 0, 0, 0, 0, 0, 0, 0, 1, 0], [0, 0, 0, 0, 0, 0, 0, 0, 0, 0, 0, 0, 0, 1]]
[[1, 0, -1, 0, 1, 0, 0, 1, 0, 0, -1, -1, -1, -1], [-1, -1, 2, -1, -1, 0, 0, -1, 1, -1, -1, 0, 1, 2], [0, 0, 1, 0, 0, 0, 0, 0, 0, 0, 0, 0, 0, 0], [0, 0, 1, 1, -1, 0, 0, -1, 0, 0, 1, 1, 1, 1], [1, 2, -1, 1, 1, 0, 0, 0, -1, 1, 2, 1, 0, -1], [-2, -4, 2, -2, 1, 2, -1, 0, 3, -2, -7, -3, -1, 2], [-1, -2, 3, -1, -1, 1, 0, -2, 2, -1, -3, 0, 1, 3], [0, 0, 0, 0, 0, 0, 0, 1, 0, 0, 0, 0, 0, 0], [-1, -2, 2, -1, 0, 1, -1, -1, 3, -1, -4, -1, 0, 2], [1, 2, -1, 1, -1, -1, 1, 0, -2, 2, 5, 2, 1, -1], [0, 0, 0, 0, 1, 1, -1, 0, 1, 0, -2, -1, -1, 0], [0, 0, -2, 0, 1, -1, 1, 2, -1, 0, 1, 0, -1, -2], [-1, -2, 2, -1, 0, 1, -1, -1, 2, -1, -4, -1, 1, 2], [2, 4, -3, 2, 0, -1, 1, 1, -3, 2, 6, 2, 0, -2]]
[[1, 0, 0, 0, 0, 0, 0, 0, 0, 0, 0, 0, 0, 0], [0, 1, 0, 0, 0, 0, 0, 0, 0, 0, 0, 0, 0, 0], [0, 0, 1, 0, 0, 0, 0, 0, 0, 0, 0, 0, 0, 0], [0, 0, 0, 1, 0, 0, 0, 0, 0, 0, 0, 0, 0, 0], [0, 0, 0, 0, 1, 0, 0, 0, 0, 0, 0, 0, 0, 0], [0, 0, 0, 0, 0, 1, 0, 0, 0, 0, 0, 0, 0, 0], [0, 0, 0, 0, 0, 0, 1, 0, 0, 0, 0, 0, 0, 0], [0, 0, 0, 0, 0, 0, 0, 1, 0, 0, 0, 0, 0, 0], [0, 0, 0, 0, 0, 0, 0, 0, 1, 0, 0, 0, 0, 0], [0, 0, 0, 0, 0, 0, 0, 0, 0, 1, 0, 0, 0, 0], [0, 0, 0, 0, 0, 0, 0, 0, 0, 0, 1, 0, 0, 0], [0, 0, 0, 0, 0, 0, 0, 0, 0, 0, 0, 1, 0, 0], [0, 0, 0, 0, 0, 0, 0, 0, 0, 0, 0, 0, 1, 0], [0, 0, 0, 0, 0, 0, 0, 0, 0, 0, 0, 0, 0, 1]]
[[-1, -2, 2, 0, 0, 2, 0, 0, 2, 0, -2, 0, 0, 2], [1, 2, -1, 0, 0, -1, 0, 0, -1, 0, 1, 0, 0, -1], [0, 0, 1, 0, 0, 0, 0, 0, 0, 0, 0, 0, 0, 0], [2, 2, -2, 1, 0, -2, 0, 0, -2, 0, 2, 0, 0, -2], [0, 0, 0, 0, 1, 0, 0, 0, 0, 0, 0, 0, 0, 0], [-1, -1, 1, 0, 0, 2, 0, 0, 1, 0, -1, 0, 0, 1], [1, 1, -1, 0, 0, -1, 1, 0, -1, 0, 1, 0, 0, -1], [0, 0, 0, 0, 0, 0, 0, 1, 0, 0, 0, 0, 0, 0], [0, 0, 0, 0, 0, 0, 0, 0, 1, 0, 0, 0, 0, 0], [1, 1, -1, 0, 0, -1, 0, 0, -1, 1, 1, 0, 0, -1], [0, 0, 0, 0, 0, 0, 0, 0, 0, 0, 1, 0, 0, 0], [-1, -1, 1, 0, 0, 1, 0, 0, 1, 0, -1, 1, 0, 1], [-1, -1, 1, 0, 0, 1, 0, 0, 1, 0, -1, 0, 1, 1], [2, 2, -2, 0, 0, -2, 0, 0, -2, 0, 2, 0, 0, -1]]
[[1, 3, -5, 2, 2, -2, 2, 4, -3, 1, 5, 2, -2, -4], [0, -1, 2, -1, -1, 1, -1, -2, 2, 0, -2, -1, 1, 2], [1, 2, -3, 1, 1, -1, 1, 2, -2, 2, 4, 1, -1, -3], [-1, -2, 2, -1, 0, 2, -2, -2, 2, 0, -4, -2, 0, 1], [1, 1, 0, 0, -1, 0, 1, 0, -1, 2, 2, 0, 0, -1], [2, 4, -6, 2, 2, -3, 2, 4, -4, 0, 6, 2, -2, -4], [2, 1, -1, 0, 0, 0, 1, 0, -1, 1, 1, 0, 0, 0], [-2, -1, 0, 0, 2, 0, -1, 1, 1, -2, -2, 0, 0, 0], [2, 3, -3, 1, 1, -1, 1, 2, -2, 1, 3, 1, -1, -2], [-2, -4, 6, -2, -2, 2, -2, -4, 4, -1, -6, -2, 2, 4], [1, 3, -3, 1, 1, -1, 1, 2, -3, 1, 4, 1, -1, -3], [2, 2, -3, 1, -1, -3, 2, 2, -2, 1, 5, 2, -1, -2], [-2, -2, 2, -1, 1, 1, -1, 0, 2, -2, -4, -1, 0, 2], [-2, -3, 5, -2, -2, 2, -2, -4, 3, -1, -5, -2, 2, 3]]

Generators of monodromy action on conics:
(73,75)(74,76)(85,88)(86,87)(97,100)(98,99)(117,120)(118,119)(147,175)(148,176)(149,177)(150,178)(157,198)(158,197)(159,199)(160,200)(161,191)(162,192)(167,182)(168,181)
(69,72)(70,71)(89,92)(90,91)(101,103)(102,104)(113,116)(114,115)(145,195)(146,196)(147,197)(148,198)(151,186)(152,185)(153,184)(154,183)(157,176)(158,175)(163,170)(164,169)
(1,20,30,16)(2,19,29,15)(3,18,31,14)(4,17,32,13)(5,21,8,23)(6,22,7,24)(9,27,12,25)(10,28,11,26)(33,81,50,129)(34,82,49,130)(35,83,51,131)(36,84,52,132)(37,107,43,128)(38,108,44,127)(39,105,41,125)(40,106,42,126)(45,143,61,80)(46,144,62,79)(47,142,64,78)(48,141,63,77)(53,135,60,111)(54,136,59,112)(55,133,58,110)(56,134,57,109)(65,93,139,121)(66,94,140,122)(67,95,138,124)(68,96,137,123)(69,89,115,101)(70,90,116,102)(71,91,113,104)(72,92,114,103)(85,99,87,97)(86,100,88,98)(117,119)(118,120)(145,151,163,183)(146,152,164,184)(149,167,178,181)(150,168,177,182)(153,196,185,169)(154,195,186,170)(155,194,187,171)(156,193,188,172)(161,192)(162,191)(165,174,180,189)(166,173,179,190)
(1,32)(2,31)(3,29)(4,30)(5,27)(6,28)(7,26)(8,25)(9,23)(10,24)(11,22)(12,21)(13,20)(14,19)(15,18)(16,17)(33,63)(34,64)(35,61)(36,62)(37,60)(38,59)(39,57)(40,58)(41,56)(42,55)(43,53)(44,54)(45,51)(46,52)(47,49)(48,50)(77,81)(78,82)(79,84)(80,83)(105,109)(106,110)(107,111)(108,112)(125,134)(126,133)(127,136)(128,135)(129,141)(130,142)(131,143)(132,144)
(1,62,82,11,55,136)(2,61,81,12,56,135)(3,64,84,10,53,134)(4,63,83,9,54,133)(5,50,107,28,47,112)(6,49,108,27,48,111)(7,52,105,25,45,110)(8,51,106,26,46,109)(13,40,131,19,57,144)(14,39,132,20,58,143)(15,37,129,17,59,142)(16,38,130,18,60,141)(21,41,128,31,35,77)(22,42,127,32,36,78)(23,44,126,30,33,80)(24,43,125,29,34,79)(65,75,93,118,138,100)(66,76,94,117,137,99)(67,74,95,120,139,98)(68,73,96,119,140,97)(85,123)(86,124)(87,122)(88,121)(89,115,104,91,113,101)(90,116,103,92,114,102)(145,185,153,196,151,183)(146,186,154,195,152,184)(147,198)(148,197)(149,156)(150,155)(159,180,161,172,167,174)(160,179,162,171,168,173)(165,178)(166,177)(181,193,200,188,192,189)(182,194,199,187,191,190)
