
#########################################################
# DATA FOR CRYSTALLOGRAPHIC QUARTIC SURFACE FAMILY 26.2 #
#########################################################

##################
# GROUP & FAMILY #
##################

Generators of crystallographic group:
[[0, 1, 0, 0], [1, 0, 0, 0], [0, 0, 0, -1], [0, 0, -1, 0]]
[[0, 1, 0, 0], [0, 0, 1, 0], [0, 0, 0, 1], [-1, 0, 0, 0]]

Invariant polynomials:
x^4 + y^4 + z^4 + w^4
x^3*y + x*y^3 + y^3*z + y*z^3 - x^3*w + z^3*w - x*w^3 + z*w^3
x^2*y^2 + y^2*z^2 + x^2*w^2 + z^2*w^2
x^2*y*z + x*y*z^2 - x*y^2*w + x^2*z*w + y^2*z*w - x*z^2*w + x*y*w^2 + y*z*w^2
-x*y^2*z + x^2*y*w - y*z^2*w + x*z*w^2
x^2*z^2 + y^2*w^2

Equivalent crystallographic groups:

############
# HOMOLOGY #
############

Intersection product:
[[-2, 2, 0, 0, 1, -1, 0, 0, 0, 1, 0, 1, 1, 1, 1, 1, -1, 0, 2, -1, -1, -1], [2, -8, -1, 1, -5, 2, -1, 1, -2, -4, -1, -5, -2, -4, -4, -4, 1, -2, -3, 2, 3, 3], [0, -1, -2, -1, -1, 0, -1, -1, -2, 1, -1, -1, -2, -2, 1, 1, 1, 1, 0, 0, 0, 0], [0, 1, -1, -2, 1, 0, 0, -1, -1, 2, -1, 1, -1, -1, 2, 2, 1, 2, 0, 0, -1, -1], [1, -5, -1, 1, -4, 1, -1, 0, -2, -2, -1, -3, -2, -3, -2, -2, 1, -1, -2, 1, 2, 2], [-1, 2, 0, 0, 1, -2, 0, -1, 0, 2, 0, 2, 0, 1, 2, 2, 0, 1, 1, -1, -1, -1], [0, -1, -1, 0, -1, 0, -2, -1, -2, 1, -1, -1, -2, -2, 1, 1, 1, 1, 0, 0, 0, 0], [0, 1, -1, -1, 0, -1, -1, -2, -1, 2, -1, 1, -1, -1, 2, 2, 1, 2, 0, 0, -1, -1], [0, -2, -2, -1, -2, 0, -2, -1, -4, 1, -2, -2, -3, -4, 1, 1, 1, 2, -1, 0, 0, 0], [1, -4, 1, 2, -2, 2, 1, 2, 1, -4, 1, -2, 0, 0, -3, -3, 0, -3, -1, 1, 2, 2], [0, -1, -1, -1, -1, 0, -1, -1, -2, 1, -2, -1, -1, -2, 0, 0, 0, 1, -1, 0, 0, 0], [1, -5, -1, 1, -3, 2, -1, 1, -2, -2, -1, -4, -2, -3, -2, -2, 1, -1, -2, 1, 2, 2], [1, -2, -2, -1, -2, 0, -2, -1, -3, 0, -1, -2, -4, -4, 1, 1, 1, 2, -2, 0, 0, 0], [1, -4, -2, -1, -3, 1, -2, -1, -4, 0, -2, -3, -4, -6, 0, 0, 2, 2, -3, 1, 1, 1], [1, -4, 1, 2, -2, 2, 1, 2, 1, -3, 0, -2, 1, 0, -4, -3, 0, -3, -1, 1, 2, 2], [1, -4, 1, 2, -2, 2, 1, 2, 1, -3, 0, -2, 1, 0, -3, -4, 0, -3, -1, 1, 2, 2], [-1, 1, 1, 1, 1, 0, 1, 1, 1, 0, 0, 1, 1, 2, 0, 0, -2, -1, 1, -1, 0, 0], [0, -2, 1, 2, -1, 1, 1, 2, 2, -3, 1, -1, 2, 2, -3, -3, -1, -4, 1, 0, 1, 1], [2, -3, 0, 0, -2, 1, 0, 0, -1, -1, -1, -2, -2, -3, -1, -1, 1, 1, -4, 1, 1, 1], [-1, 2, 0, 0, 1, -1, 0, 0, 0, 1, 0, 1, 0, 1, 1, 1, -1, 0, 1, -2, -1, -1], [-1, 3, 0, -1, 2, -1, 0, -1, 0, 2, 0, 2, 0, 1, 2, 2, 0, 1, 1, -1, -2, -1], [-1, 3, 0, -1, 2, -1, 0, -1, 0, 2, 0, 2, 0, 1, 2, 2, 0, 1, 1, -1, -1, -2]]

Basis of the generic Picard lattice:
[1, 0, 0, 0, 0, 0, 0, 0, 0, 0, 0, 0, 0, 0, 0, 0, 0, 0, 1, -1, 1, -2]
[0, 1, 0, 0, 0, 0, 0, 0, 0, 0, 0, 0, 0, -1, 0, 0, -1, 0, 2, 0, 4, -6]
[0, 0, 1, 0, 0, 0, 0, 0, 0, 0, 0, 0, 0, 0, 0, 0, 1, 0, -2, 1, -4, 8]
[0, 0, 0, 1, 0, 0, 0, 0, 0, 0, 0, 0, 0, 0, 0, 0, 1, 0, -1, 0, -2, 4]
[0, 0, 0, 0, 1, 0, 0, 0, 0, 0, 0, 0, 0, -1, 0, 0, -1, 0, 1, 0, 2, -3]
[0, 0, 0, 0, 0, 1, 0, 0, 0, 1, 0, 0, 0, 0, 0, 0, 0, 0, -2, 1, -3, 7]
[0, 0, 0, 0, 0, 0, 1, 0, 0, 0, 0, 0, 0, 0, 0, 0, 1, 0, -2, 1, -4, 9]
[0, 0, 0, 0, 0, 0, 0, 1, 0, 1, 0, 0, 0, 0, 0, 0, 1, 0, -2, 1, -3, 8]
[0, 0, 0, 0, 0, 0, 0, 0, 1, 2, 0, 0, 0, -4, 0, 0, -5, 0, 10, -3, 17, -28]
[0, 0, 0, 0, 0, 0, 0, 0, 0, 3, 0, 0, 0, -4, 0, 0, -6, 0, 10, -2, 18, -29]
[0, 0, 0, 0, 0, 0, 0, 0, 0, 0, 1, 0, 0, 0, 0, 0, 0, 0, 0, 0, 0, -1]
[0, 0, 0, 0, 0, 0, 0, 0, 0, 0, 0, 1, 0, -1, 0, 0, -1, 0, 1, 0, 2, -2]
[0, 0, 0, 0, 0, 0, 0, 0, 0, 0, 0, 0, 1, -1, 0, 0, 0, 0, 2, -1, 3, -4]
[0, 0, 0, 0, 0, 0, 0, 0, 0, 0, 0, 0, 0, 0, 1, 0, 0, 0, -2, 1, -2, 5]
[0, 0, 0, 0, 0, 0, 0, 0, 0, 0, 0, 0, 0, 0, 0, 1, 0, 0, -2, 1, -3, 7]
[0, 0, 0, 0, 0, 0, 0, 0, 0, 0, 0, 0, 0, 0, 0, 0, 0, 1, 0, 0, 0, 2]

Class of hyperplane section:
[2, 1, 3, 0, 0, -1, 3, -2, 0, 0, -1, -3, -1, -1, 0, 0, 0, 0, 3, 0, 0, 0]

Action of the group on homology:
[[-1, 1, 1, 0, 1, -1, 1, 0, 1, 1, 0, 2, 0, 1, 2, 2, -1, 1, 1, 0, -1, -1], [-2, 2, 0, 0, 1, -1, 0, 0, 0, 1, 0, 1, 0, 1, 1, 2, -1, 0, 2, -1, -1, -1], [-1, 1, 0, 0, 0, -1, 0, 0, 0, 0, 1, 0, -1, 0, 1, 1, -1, 0, 1, -1, 0, -1], [0, -1, 1, 1, 0, 0, 1, 0, 1, 0, 0, 1, 1, 1, 0, 0, 1, 0, 0, 1, 0, 1], [0, 0, 0, 0, 0, -1, 0, -1, 0, 1, 0, 1, 0, 0, 1, 1, 1, 1, 0, 1, 0, 0], [1, -2, 0, 0, -1, 1, 0, 0, 0, -1, 0, -1, 0, 0, -1, -2, 1, -1, -1, 0, 1, 1], [-1, -1, 0, 0, -1, -1, 0, -1, -1, 1, -1, 0, -1, -1, 1, 1, 0, 1, 0, 0, 0, 0], [0, 1, 0, 0, 1, 1, 0, 1, 0, 0, 0, 0, 0, 0, 0, 1, 0, 0, 0, 0, -1, 0], [0, 2, 0, 0, 1, 0, 0, 0, 1, 1, 0, 1, 1, 1, 0, 1, 0, 0, 1, 0, -1, -1], [1, -3, 0, 0, -1, 1, 0, 0, 0, -1, 0, -2, -1, -1, -1, -2, 1, -1, -2, 0, 1, 2], [2, -4, 0, 0, -2, 1, -1, 0, -1, -2, 0, -3, -1, -2, -2, -4, 1, -1, -3, 0, 2, 2], [1, -1, 0, 0, 0, 1, 0, 0, 0, -1, 0, 0, 0, 0, -1, -1, 1, -1, -1, 0, 0, 1], [0, 1, 1, 0, 1, 0, 1, 1, 1, 0, 0, 1, 2, 1, 0, -1, -1, 0, 0, 0, 0, -1], [1, -1, -1, 0, -1, 1, -1, 0, -1, -1, 0, -2, -1, -1, -1, -1, 0, 0, -1, 0, 1, 1], [-1, 2, 1, 0, 2, 0, 1, 1, 1, 1, 0, 2, 2, 2, 1, 1, -1, 0, 2, 0, -1, -1], [0, 1, 1, 0, 1, 0, 1, 1, 1, 0, 0, 1, 1, 1, 0, 0, -1, 0, 0, 0, 0, -1], [-1, 2, 0, 0, 1, 0, 0, 0, 0, 1, 0, 1, 0, 0, 1, 2, 0, 1, 1, 0, -1, -1], [1, 0, -1, 0, -1, 0, -1, -1, -1, 0, 0, -1, -1, -1, 0, 0, 1, 1, -1, 0, 0, 0], [-1, 1, 0, 0, 0, -1, 0, -1, 0, 1, 0, 1, -1, 0, 2, 2, 0, 1, 1, 0, -1, -1], [0, -2, -1, 0, -1, 0, -1, 0, -1, -1, 0, -2, -1, -1, -1, -1, 0, -1, 0, 0, 1, 1], [-1, 2, 1, 0, 2, 0, 1, 0, 1, 1, 0, 2, 1, 2, 1, 2, 0, 0, 1, 0, -1, -1], [-1, 2, 0, 0, 1, -1, 0, 0, 0, 1, 0, 1, 0, 1, 1, 1, -1, 0, 1, -1, -1, -1]]
[[0, -1, -1, 1, -2, -1, -1, 0, -1, 0, 0, -2, -1, -1, 0, 0, 0, 0, 0, 0, 0, 0], [0, 0, -1, 0, -1, -1, -1, 0, -1, 0, 0, -1, -2, -1, 1, 0, -1, 0, 0, -1, -1, -1], [0, -1, -1, 0, -2, -1, -1, 0, -1, 0, 0, -2, -2, -1, 0, 0, -1, 0, 0, -1, 0, 0], [0, 0, 1, 0, 1, 0, 1, -1, 1, 1, 0, 2, 1, 1, 1, 1, 2, 0, 0, 1, 0, 0], [0, 0, 0, 0, 0, -1, 0, -1, 0, 1, 0, 1, 0, 0, 1, 1, 1, 1, 0, 1, 0, 0], [0, 0, 1, 0, 1, 1, 1, 0, 1, -1, 1, 1, 1, 1, -1, 0, 1, -1, 0, 0, 1, 1], [0, -1, 0, 0, -1, -1, -1, -1, -1, 1, 0, -1, -2, -2, 1, 1, 1, 1, -1, 0, 0, 0], [-1, 1, 0, 0, 1, 1, 1, 1, 0, 0, -1, 1, 1, 1, 1, 0, -1, 0, 1, 0, -1, -1], [0, 1, 0, 0, 1, 0, 1, 1, 1, 0, 0, 1, 1, 1, 0, 0, -1, 0, 1, 0, -1, -1], [-1, 0, 1, 0, 1, 1, 1, -1, 1, 0, 0, 1, 1, 1, 0, 0, 1, -1, 0, 0, 1, 1], [0, -1, 1, 0, 0, 1, 0, -1, 0, -1, 0, 0, 1, 0, -2, -1, 1, -1, -1, 0, 2, 2], [-1, 1, 1, 0, 2, 1, 1, 0, 1, 0, 0, 2, 2, 2, 0, 0, 1, -1, 1, 0, 0, 0], [1, 0, 0, 1, -1, 0, 0, 1, 0, -1, 0, -1, 1, 0, -2, -1, -1, 0, -1, 0, 0, 1], [0, 0, 0, -1, 1, 1, 0, 0, 0, 0, 0, 0, 0, 0, 0, 0, 0, 0, 0, 0, 1, 0], [0, 1, 0, 1, 0, 0, 0, 1, 0, 0, 0, 0, 1, 1, 0, 0, -1, 0, 1, 0, -1, 0], [1, 0, 0, 1, -1, 0, 0, 1, 0, -1, 0, -1, 0, 0, -1, -1, -1, 0, -1, 0, 0, 0], [0, 0, -1, -1, 0, 0, 0, 0, -1, 1, -1, 0, -1, -1, 1, 1, 0, 1, 0, 0, -1, -1], [0, -1, 0, -1, 0, 0, 0, 0, 0, 0, 0, 0, 0, -1, -1, 0, 0, 0, 0, 0, 1, 0], [0, -2, -1, 0, -2, -1, -1, 0, -1, 0, 0, -2, -2, -2, 0, 0, 0, 0, 0, 0, 0, 0], [0, 0, 0, 0, 0, 0, -1, -1, 0, 0, 0, 0, -1, 0, 1, 0, 0, 0, 0, 0, 0, 0], [0, -1, 0, 1, -1, 0, 0, 1, 0, -1, 0, -1, 0, 0, -1, -1, -1, -1, 0, 0, 0, 0], [-1, 2, 0, 0, 1, -1, 0, 0, 0, 1, 0, 1, 0, 1, 1, 1, -1, 0, 1, -1, -1, -1]]

####################
# ALGEBRAIC CURVES #
####################

There are no conics.

################
# DISCRIMINANT #
################

The discriminant has 1 component of degree 2, and 3 components of degree 6:
128*Z[0]^6 + 192*Z[0]^5*Z[5] - 192*Z[0]^4*Z[1]^2 - 192*Z[0]^4*Z[1]*Z[3] - 128*Z[0]^4*Z[2]^2 + 128*Z[0]^4*Z[2]*Z[4] - 32*Z[0]^4*Z[4]^2 + 96*Z[0]^4*Z[5]^2 + 432*Z[0]^3*Z[1]^2*Z[2] - 216*Z[0]^3*Z[1]^2*Z[4] - 192*Z[0]^3*Z[1]^2*Z[5] + 288*Z[0]^3*Z[1]*Z[2]*Z[3] - 144*Z[0]^3*Z[1]*Z[3]*Z[4] - 192*Z[0]^3*Z[1]*Z[3]*Z[5] - 128*Z[0]^3*Z[2]^2*Z[5] + 144*Z[0]^3*Z[2]*Z[3]^2 + 128*Z[0]^3*Z[2]*Z[4]*Z[5] - 72*Z[0]^3*Z[3]^2*Z[4] - 32*Z[0]^3*Z[4]^2*Z[5] + 16*Z[0]^3*Z[5]^3 - 147*Z[0]^2*Z[1]^4 - 132*Z[0]^2*Z[1]^3*Z[3] - 160*Z[0]^2*Z[1]^2*Z[2]^2 + 160*Z[0]^2*Z[1]^2*Z[2]*Z[4] + 360*Z[0]^2*Z[1]^2*Z[2]*Z[5] - 174*Z[0]^2*Z[1]^2*Z[3]^2 - 40*Z[0]^2*Z[1]^2*Z[4]^2 - 180*Z[0]^2*Z[1]^2*Z[4]*Z[5] - 48*Z[0]^2*Z[1]^2*Z[5]^2 - 160*Z[0]^2*Z[1]*Z[2]^2*Z[3] + 160*Z[0]^2*Z[1]*Z[2]*Z[3]*Z[4] + 144*Z[0]^2*Z[1]*Z[2]*Z[3]*Z[5] - 108*Z[0]^2*Z[1]*Z[3]^3 - 40*Z[0]^2*Z[1]*Z[3]*Z[4]^2 - 72*Z[0]^2*Z[1]*Z[3]*Z[4]*Z[5] - 48*Z[0]^2*Z[1]*Z[3]*Z[5]^2 + 32*Z[0]^2*Z[2]^4 - 64*Z[0]^2*Z[2]^3*Z[4] + 48*Z[0]^2*Z[2]^2*Z[4]^2 - 32*Z[0]^2*Z[2]^2*Z[5]^2 + 72*Z[0]^2*Z[2]*Z[3]^2*Z[5] - 16*Z[0]^2*Z[2]*Z[4]^3 + 32*Z[0]^2*Z[2]*Z[4]*Z[5]^2 - 27*Z[0]^2*Z[3]^4 - 36*Z[0]^2*Z[3]^2*Z[4]*Z[5] + 2*Z[0]^2*Z[4]^4 - 8*Z[0]^2*Z[4]^2*Z[5]^2 + 108*Z[0]*Z[1]^4*Z[2] - 54*Z[0]*Z[1]^4*Z[4] - 114*Z[0]*Z[1]^4*Z[5] + 180*Z[0]*Z[1]^3*Z[2]*Z[3] - 90*Z[0]*Z[1]^3*Z[3]*Z[4] - 12*Z[0]*Z[1]^3*Z[3]*Z[5] - 24*Z[0]*Z[1]^2*Z[2]^3 + 36*Z[0]*Z[1]^2*Z[2]^2*Z[4] - 80*Z[0]*Z[1]^2*Z[2]^2*Z[5] + 108*Z[0]*Z[1]^2*Z[2]*Z[3]^2 - 18*Z[0]*Z[1]^2*Z[2]*Z[4]^2 + 80*Z[0]*Z[1]^2*Z[2]*Z[4]*Z[5] + 72*Z[0]*Z[1]^2*Z[2]*Z[5]^2 - 54*Z[0]*Z[1]^2*Z[3]^2*Z[4] - 6*Z[0]*Z[1]^2*Z[3]^2*Z[5] + 3*Z[0]*Z[1]^2*Z[4]^3 - 20*Z[0]*Z[1]^2*Z[4]^2*Z[5] - 36*Z[0]*Z[1]^2*Z[4]*Z[5]^2 - 16*Z[0]*Z[1]*Z[2]^3*Z[3] + 24*Z[0]*Z[1]*Z[2]^2*Z[3]*Z[4] - 80*Z[0]*Z[1]*Z[2]^2*Z[3]*Z[5] + 36*Z[0]*Z[1]*Z[2]*Z[3]^3 - 12*Z[0]*Z[1]*Z[2]*Z[3]*Z[4]^2 + 80*Z[0]*Z[1]*Z[2]*Z[3]*Z[4]*Z[5] - 18*Z[0]*Z[1]*Z[3]^3*Z[4] + 2*Z[0]*Z[1]*Z[3]*Z[4]^3 - 20*Z[0]*Z[1]*Z[3]*Z[4]^2*Z[5] + 16*Z[0]*Z[2]^4*Z[5] - 8*Z[0]*Z[2]^3*Z[3]^2 - 32*Z[0]*Z[2]^3*Z[4]*Z[5] + 12*Z[0]*Z[2]^2*Z[3]^2*Z[4] + 24*Z[0]*Z[2]^2*Z[4]^2*Z[5] - 6*Z[0]*Z[2]*Z[3]^2*Z[4]^2 - 8*Z[0]*Z[2]*Z[4]^3*Z[5] + Z[0]*Z[3]^2*Z[4]^3 + Z[0]*Z[4]^4*Z[5] - 16*Z[1]^6 - 48*Z[1]^5*Z[3] + 4*Z[1]^4*Z[2]^2 - 4*Z[1]^4*Z[2]*Z[4] + 36*Z[1]^4*Z[2]*Z[5] - 48*Z[1]^4*Z[3]^2 + Z[1]^4*Z[4]^2 - 18*Z[1]^4*Z[4]*Z[5] - 27*Z[1]^4*Z[5]^2 + 8*Z[1]^3*Z[2]^2*Z[3] - 8*Z[1]^3*Z[2]*Z[3]*Z[4] + 36*Z[1]^3*Z[2]*Z[3]*Z[5] - 16*Z[1]^3*Z[3]^3 + 2*Z[1]^3*Z[3]*Z[4]^2 - 18*Z[1]^3*Z[3]*Z[4]*Z[5] - 8*Z[1]^2*Z[2]^3*Z[5] + 4*Z[1]^2*Z[2]^2*Z[3]^2 + 12*Z[1]^2*Z[2]^2*Z[4]*Z[5] - 4*Z[1]^2*Z[2]*Z[3]^2*Z[4] - 6*Z[1]^2*Z[2]*Z[4]^2*Z[5] + Z[1]^2*Z[3]^2*Z[4]^2 + Z[1]^2*Z[4]^3*Z[5]
256*Z[0]^6 + 768*Z[0]^5*Z[2] - 960*Z[0]^4*Z[1]^2 - 384*Z[0]^4*Z[1]*Z[3] + 832*Z[0]^4*Z[2]^2 - 256*Z[0]^4*Z[2]*Z[5] - 192*Z[0]^4*Z[3]^2 + 192*Z[0]^4*Z[4]^2 - 128*Z[0]^4*Z[5]^2 - 1632*Z[0]^3*Z[1]^2*Z[2] + 288*Z[0]^3*Z[1]^2*Z[5] - 192*Z[0]^3*Z[1]*Z[2]*Z[3] + 576*Z[0]^3*Z[1]*Z[3]*Z[5] + 384*Z[0]^3*Z[2]^3 - 512*Z[0]^3*Z[2]^2*Z[5] - 96*Z[0]^3*Z[2]*Z[3]^2 + 672*Z[0]^3*Z[2]*Z[4]^2 - 256*Z[0]^3*Z[2]*Z[5]^2 + 288*Z[0]^3*Z[3]^2*Z[5] + 288*Z[0]^3*Z[4]^2*Z[5] + 1092*Z[0]^2*Z[1]^4 + 528*Z[0]^2*Z[1]^3*Z[3] - 832*Z[0]^2*Z[1]^2*Z[2]^2 + 576*Z[0]^2*Z[1]^2*Z[2]*Z[4] + 784*Z[0]^2*Z[1]^2*Z[2]*Z[5] + 24*Z[0]^2*Z[1]^2*Z[3]^2 - 696*Z[0]^2*Z[1]^2*Z[4]^2 + 576*Z[0]^2*Z[1]^2*Z[4]*Z[5] + 176*Z[0]^2*Z[1]^2*Z[5]^2 + 128*Z[0]^2*Z[1]*Z[2]^2*Z[3] + 576*Z[0]^2*Z[1]*Z[2]*Z[3]*Z[4] + 544*Z[0]^2*Z[1]*Z[2]*Z[3]*Z[5] - 240*Z[0]^2*Z[1]*Z[3]^3 - 624*Z[0]^2*Z[1]*Z[3]*Z[4]^2 + 576*Z[0]^2*Z[1]*Z[3]*Z[4]*Z[5] - 160*Z[0]^2*Z[1]*Z[3]*Z[5]^2 + 64*Z[0]^2*Z[2]^4 - 320*Z[0]^2*Z[2]^3*Z[5] + 64*Z[0]^2*Z[2]^2*Z[3]^2 + 800*Z[0]^2*Z[2]^2*Z[4]^2 - 96*Z[0]^2*Z[2]^2*Z[5]^2 + 272*Z[0]^2*Z[2]*Z[3]^2*Z[5] + 592*Z[0]^2*Z[2]*Z[4]^2*Z[5] + 64*Z[0]^2*Z[2]*Z[5]^3 - 60*Z[0]^2*Z[3]^4 - 312*Z[0]^2*Z[3]^2*Z[4]^2 - 80*Z[0]^2*Z[3]^2*Z[5]^2 - 60*Z[0]^2*Z[4]^4 + 80*Z[0]^2*Z[4]^2*Z[5]^2 + 16*Z[0]^2*Z[5]^4 + 840*Z[0]*Z[1]^4*Z[2] - 432*Z[0]*Z[1]^4*Z[4] - 252*Z[0]*Z[1]^4*Z[5] + 96*Z[0]*Z[1]^3*Z[2]*Z[3] - 1296*Z[0]*Z[1]^3*Z[3]*Z[4] - 432*Z[0]*Z[1]^3*Z[3]*Z[5] - 96*Z[0]*Z[1]^2*Z[2]^3 + 576*Z[0]*Z[1]^2*Z[2]^2*Z[4] + 544*Z[0]*Z[1]^2*Z[2]^2*Z[5] - 48*Z[0]*Z[1]^2*Z[2]*Z[3]^2 - 984*Z[0]*Z[1]^2*Z[2]*Z[4]^2 + 576*Z[0]*Z[1]^2*Z[2]*Z[4]*Z[5] + 152*Z[0]*Z[1]^2*Z[2]*Z[5]^2 - 1296*Z[0]*Z[1]^2*Z[3]^2*Z[4] - 72*Z[0]*Z[1]^2*Z[3]^2*Z[5] - 432*Z[0]*Z[1]^2*Z[4]^3 - 288*Z[0]*Z[1]^2*Z[4]^2*Z[5] - 8*Z[0]*Z[1]^2*Z[5]^3 + 64*Z[0]*Z[1]*Z[2]^3*Z[3] + 576*Z[0]*Z[1]*Z[2]^2*Z[3]*Z[4] + 64*Z[0]*Z[1]*Z[2]^2*Z[3]*Z[5] - 96*Z[0]*Z[1]*Z[2]*Z[3]^3 - 624*Z[0]*Z[1]*Z[2]*Z[3]*Z[4]^2 + 576*Z[0]*Z[1]*Z[2]*Z[3]*Z[4]*Z[5] - 208*Z[0]*Z[1]*Z[2]*Z[3]*Z[5]^2 - 432*Z[0]*Z[1]*Z[3]^3*Z[4] + 144*Z[0]*Z[1]*Z[3]^3*Z[5] - 432*Z[0]*Z[1]*Z[3]*Z[4]^3 - 16*Z[0]*Z[1]*Z[3]*Z[5]^3 - 64*Z[0]*Z[2]^4*Z[5] + 32*Z[0]*Z[2]^3*Z[3]^2 + 384*Z[0]*Z[2]^3*Z[4]^2 + 32*Z[0]*Z[2]^3*Z[5]^2 + 32*Z[0]*Z[2]^2*Z[3]^2*Z[5] + 352*Z[0]*Z[2]^2*Z[4]^2*Z[5] + 64*Z[0]*Z[2]^2*Z[5]^3 - 24*Z[0]*Z[2]*Z[3]^4 - 312*Z[0]*Z[2]*Z[3]^2*Z[4]^2 - 104*Z[0]*Z[2]*Z[3]^2*Z[5]^2 - 96*Z[0]*Z[2]*Z[4]^4 + 56*Z[0]*Z[2]*Z[4]^2*Z[5]^2 + 16*Z[0]*Z[2]*Z[5]^4 + 36*Z[0]*Z[3]^4*Z[5] - 8*Z[0]*Z[3]^2*Z[5]^3 - 36*Z[0]*Z[4]^4*Z[5] - 8*Z[0]*Z[4]^2*Z[5]^3 - 500*Z[1]^6 - 600*Z[1]^5*Z[3] + 100*Z[1]^4*Z[2]^2 - 720*Z[1]^4*Z[2]*Z[4] - 220*Z[1]^4*Z[2]*Z[5] - 540*Z[1]^4*Z[3]^2 - 132*Z[1]^4*Z[4]^2 - 504*Z[1]^4*Z[4]*Z[5] - 47*Z[1]^4*Z[5]^2 + 80*Z[1]^3*Z[2]^2*Z[3] - 1008*Z[1]^3*Z[2]*Z[3]*Z[4] + 112*Z[1]^3*Z[2]*Z[3]*Z[5] - 272*Z[1]^3*Z[3]^3 - 624*Z[1]^3*Z[3]*Z[4]^2 - 360*Z[1]^3*Z[3]*Z[4]*Z[5] + 164*Z[1]^3*Z[3]*Z[5]^2 + 128*Z[1]^2*Z[2]^3*Z[4] + 48*Z[1]^2*Z[2]^3*Z[5] + 56*Z[1]^2*Z[2]^2*Z[3]^2 - 400*Z[1]^2*Z[2]^2*Z[4]^2 + 96*Z[1]^2*Z[2]^2*Z[4]*Z[5] - 64*Z[1]^2*Z[2]^2*Z[5]^2 - 432*Z[1]^2*Z[2]*Z[3]^2*Z[4] + 136*Z[1]^2*Z[2]*Z[3]^2*Z[5] - 288*Z[1]^2*Z[2]*Z[4]^3 - 308*Z[1]^2*Z[2]*Z[4]^2*Z[5] - 48*Z[1]^2*Z[2]*Z[4]*Z[5]^2 - 68*Z[1]^2*Z[2]*Z[5]^3 - 108*Z[1]^2*Z[3]^4 - 264*Z[1]^2*Z[3]^2*Z[4]^2 + 216*Z[1]^2*Z[3]^2*Z[4]*Z[5] + 86*Z[1]^2*Z[3]^2*Z[5]^2 - 60*Z[1]^2*Z[4]^4 - 72*Z[1]^2*Z[4]^3*Z[5] - 82*Z[1]^2*Z[4]^2*Z[5]^2 - 16*Z[1]^2*Z[4]*Z[5]^3 - 16*Z[1]^2*Z[5]^4 + 128*Z[1]*Z[2]^3*Z[3]*Z[4] - 32*Z[1]*Z[2]^3*Z[3]*Z[5] + 16*Z[1]*Z[2]^2*Z[3]^3 - 160*Z[1]*Z[2]^2*Z[3]*Z[4]^2 + 96*Z[1]*Z[2]^2*Z[3]*Z[4]*Z[5] - 64*Z[1]*Z[2]^2*Z[3]*Z[5]^2 - 144*Z[1]*Z[2]*Z[3]^3*Z[4] + 80*Z[1]*Z[2]*Z[3]^3*Z[5] - 288*Z[1]*Z[2]*Z[3]*Z[4]^3 - 8*Z[1]*Z[2]*Z[3]*Z[4]^2*Z[5] - 48*Z[1]*Z[2]*Z[3]*Z[4]*Z[5]^2 - 8*Z[1]*Z[2]*Z[3]*Z[5]^3 - 24*Z[1]*Z[3]^5 + 48*Z[1]*Z[3]^3*Z[4]^2 + 72*Z[1]*Z[3]^3*Z[4]*Z[5] + 4*Z[1]*Z[3]^3*Z[5]^2 - 24*Z[1]*Z[3]*Z[4]^4 - 72*Z[1]*Z[3]*Z[4]^3*Z[5] - 4*Z[1]*Z[3]*Z[4]^2*Z[5]^2 - 16*Z[1]*Z[3]*Z[4]*Z[5]^3 + 64*Z[2]^4*Z[4]^2 + 16*Z[2]^4*Z[5]^2 - 16*Z[2]^3*Z[3]^2*Z[5] + 64*Z[2]^3*Z[4]^2*Z[5] + 16*Z[2]^3*Z[5]^3 + 4*Z[2]^2*Z[3]^4 - 80*Z[2]^2*Z[3]^2*Z[4]^2 - 32*Z[2]^2*Z[3]^2*Z[5]^2 - 32*Z[2]^2*Z[4]^4 + 8*Z[2]^2*Z[4]^2*Z[5]^2 + 4*Z[2]^2*Z[5]^4 + 20*Z[2]*Z[3]^4*Z[5] - 4*Z[2]*Z[3]^2*Z[4]^2*Z[5] - 4*Z[2]*Z[3]^2*Z[5]^3 - 16*Z[2]*Z[4]^4*Z[5] - 4*Z[2]*Z[4]^2*Z[5]^3 - 4*Z[3]^6 + 12*Z[3]^4*Z[4]^2 + Z[3]^4*Z[5]^2 - 12*Z[3]^2*Z[4]^4 - 2*Z[3]^2*Z[4]^2*Z[5]^2 + 4*Z[4]^6 + Z[4]^4*Z[5]^2
4*Z[0]^2 - 4*Z[0]*Z[5] - 2*Z[1]^2 + 4*Z[1]*Z[3] - 2*Z[3]^2 + Z[5]^2
512*Z[0]^6 - 768*Z[0]^5*Z[2] - 192*Z[0]^4*Z[1]^2 + 384*Z[0]^4*Z[1]*Z[3] - 256*Z[0]^4*Z[2]*Z[4] + 256*Z[0]^4*Z[2]*Z[5] + 384*Z[0]^4*Z[3]^2 - 128*Z[0]^4*Z[4]^2 - 256*Z[0]^4*Z[5]^2 + 768*Z[0]^3*Z[1]^2*Z[2] - 288*Z[0]^3*Z[1]^2*Z[5] - 960*Z[0]^3*Z[1]*Z[2]*Z[3] + 288*Z[0]^3*Z[1]*Z[3]*Z[4] + 384*Z[0]^3*Z[2]^3 + 384*Z[0]^3*Z[2]^2*Z[4] - 576*Z[0]^3*Z[2]*Z[3]^2 + 96*Z[0]^3*Z[2]*Z[4]^2 + 128*Z[0]^3*Z[2]*Z[4]*Z[5] + 256*Z[0]^3*Z[2]*Z[5]^2 - 672*Z[0]^3*Z[3]^2*Z[4] - 96*Z[0]^3*Z[3]^2*Z[5] + 64*Z[0]^3*Z[4]^2*Z[5] - 192*Z[0]^2*Z[1]^4 + 336*Z[0]^2*Z[1]^3*Z[3] - 720*Z[0]^2*Z[1]^2*Z[2]^2 - 176*Z[0]^2*Z[1]^2*Z[2]*Z[4] + 224*Z[0]^2*Z[1]^2*Z[2]*Z[5] - 144*Z[0]^2*Z[1]^2*Z[3]^2 + 92*Z[0]^2*Z[1]^2*Z[4]^2 - 144*Z[0]^2*Z[1]^2*Z[4]*Z[5] + 64*Z[0]^2*Z[1]^2*Z[5]^2 + 672*Z[0]^2*Z[1]*Z[2]^2*Z[3] - 416*Z[0]^2*Z[1]*Z[2]*Z[3]*Z[4] + 224*Z[0]^2*Z[1]*Z[2]*Z[3]*Z[5] + 48*Z[0]^2*Z[1]*Z[3]^3 - 376*Z[0]^2*Z[1]*Z[3]*Z[4]^2 + 624*Z[0]^2*Z[1]*Z[3]*Z[4]*Z[5] - 32*Z[0]^2*Z[1]*Z[3]*Z[5]^2 - 128*Z[0]^2*Z[2]^4 - 128*Z[0]^2*Z[2]^3*Z[4] - 320*Z[0]^2*Z[2]^3*Z[5] + 304*Z[0]^2*Z[2]^2*Z[3]^2 - 320*Z[0]^2*Z[2]^2*Z[4]*Z[5] + 848*Z[0]^2*Z[2]*Z[3]^2*Z[4] + 192*Z[0]^2*Z[2]*Z[3]^2*Z[5] + 32*Z[0]^2*Z[2]*Z[4]^3 - 80*Z[0]^2*Z[2]*Z[4]^2*Z[5] + 64*Z[0]^2*Z[2]*Z[4]*Z[5]^2 - 64*Z[0]^2*Z[2]*Z[5]^3 - 48*Z[0]^2*Z[3]^4 + 348*Z[0]^2*Z[3]^2*Z[4]^2 - 160*Z[0]^2*Z[3]^2*Z[4]*Z[5] - 64*Z[0]^2*Z[3]^2*Z[5]^2 + 8*Z[0]^2*Z[4]^4 + 32*Z[0]^2*Z[4]^2*Z[5]^2 + 32*Z[0]^2*Z[5]^4 + 240*Z[0]*Z[1]^4*Z[2] + 108*Z[0]*Z[1]^4*Z[4] - 72*Z[0]*Z[1]^4*Z[5] - 384*Z[0]*Z[1]^3*Z[2]*Z[3] - 144*Z[0]*Z[1]^3*Z[3]*Z[4] + 144*Z[0]*Z[1]^3*Z[3]*Z[5] + 192*Z[0]*Z[1]^2*Z[2]^3 + 96*Z[0]*Z[1]^2*Z[2]^2*Z[4] + 144*Z[0]*Z[1]^2*Z[2]^2*Z[5] + 96*Z[0]*Z[1]^2*Z[2]*Z[3]^2 - 48*Z[0]*Z[1]^2*Z[2]*Z[4]^2 + 368*Z[0]*Z[1]^2*Z[2]*Z[4]*Z[5] - 224*Z[0]*Z[1]^2*Z[2]*Z[5]^2 - 24*Z[0]*Z[1]^2*Z[3]^2*Z[4] - 96*Z[0]*Z[1]^2*Z[3]^2*Z[5] - 24*Z[0]*Z[1]^2*Z[4]^3 + 148*Z[0]*Z[1]^2*Z[4]^2*Z[5] - 144*Z[0]*Z[1]^2*Z[4]*Z[5]^2 + 56*Z[0]*Z[1]^2*Z[5]^3 - 128*Z[0]*Z[1]*Z[2]^3*Z[3] + 192*Z[0]*Z[1]*Z[2]^2*Z[3]*Z[4] - 288*Z[0]*Z[1]*Z[2]^2*Z[3]*Z[5] + 288*Z[0]*Z[1]*Z[2]*Z[3]*Z[4]^2 - 736*Z[0]*Z[1]*Z[2]*Z[3]*Z[4]*Z[5] + 112*Z[0]*Z[1]*Z[2]*Z[3]*Z[5]^2 + 48*Z[0]*Z[1]*Z[3]^3*Z[4] + 48*Z[0]*Z[1]*Z[3]^3*Z[5] + 80*Z[0]*Z[1]*Z[3]*Z[4]^3 - 296*Z[0]*Z[1]*Z[3]*Z[4]^2*Z[5] + 120*Z[0]*Z[1]*Z[3]*Z[4]*Z[5]^2 - 32*Z[0]*Z[1]*Z[3]*Z[5]^3 + 128*Z[0]*Z[2]^4*Z[5] - 64*Z[0]*Z[2]^3*Z[3]^2 + 128*Z[0]*Z[2]^3*Z[4]*Z[5] + 32*Z[0]*Z[2]^3*Z[5]^2 - 288*Z[0]*Z[2]^2*Z[3]^2*Z[4] - 112*Z[0]*Z[2]^2*Z[3]^2*Z[5] + 32*Z[0]*Z[2]^2*Z[4]*Z[5]^2 + 48*Z[0]*Z[2]*Z[3]^4 - 240*Z[0]*Z[2]*Z[3]^2*Z[4]^2 + 112*Z[0]*Z[2]*Z[3]^2*Z[4]*Z[5] + 48*Z[0]*Z[2]*Z[3]^2*Z[5]^2 - 32*Z[0]*Z[2]*Z[4]^3*Z[5] + 8*Z[0]*Z[2]*Z[4]^2*Z[5]^2 - 32*Z[0]*Z[2]*Z[4]*Z[5]^3 - 16*Z[0]*Z[2]*Z[5]^4 + 12*Z[0]*Z[3]^4*Z[4] - 24*Z[0]*Z[3]^4*Z[5] - 56*Z[0]*Z[3]^2*Z[4]^3 + 84*Z[0]*Z[3]^2*Z[4]^2*Z[5] - 8*Z[0]*Z[3]^2*Z[4]*Z[5]^2 + 8*Z[0]*Z[3]^2*Z[5]^3 - 8*Z[0]*Z[4]^4*Z[5] - 16*Z[0]*Z[4]^2*Z[5]^3 - Z[1]^6 + 6*Z[1]^5*Z[3] - 72*Z[1]^4*Z[2]^2 - 64*Z[1]^4*Z[2]*Z[4] + 40*Z[1]^4*Z[2]*Z[5] - 15*Z[1]^4*Z[3]^2 - 14*Z[1]^4*Z[4]^2 + 18*Z[1]^4*Z[4]*Z[5] - 4*Z[1]^4*Z[5]^2 + 96*Z[1]^3*Z[2]^2*Z[3] + 64*Z[1]^3*Z[2]*Z[3]*Z[4] - 64*Z[1]^3*Z[2]*Z[3]*Z[5] + 20*Z[1]^3*Z[3]^3 + 8*Z[1]^3*Z[3]*Z[4]^2 - 24*Z[1]^3*Z[3]*Z[4]*Z[5] + 4*Z[1]^3*Z[3]*Z[5]^2 - 96*Z[1]^2*Z[2]^3*Z[5] + 16*Z[1]^2*Z[2]^2*Z[3]^2 - 176*Z[1]^2*Z[2]^2*Z[4]*Z[5] + 108*Z[1]^2*Z[2]^2*Z[5]^2 + 64*Z[1]^2*Z[2]*Z[3]^2*Z[4] + 16*Z[1]^2*Z[2]*Z[3]^2*Z[5] - 104*Z[1]^2*Z[2]*Z[4]^2*Z[5] + 116*Z[1]^2*Z[2]*Z[4]*Z[5]^2 - 40*Z[1]^2*Z[2]*Z[5]^3 - 15*Z[1]^2*Z[3]^4 + 28*Z[1]^2*Z[3]^2*Z[4]^2 - 4*Z[1]^2*Z[3]^2*Z[4]*Z[5] + 4*Z[1]^2*Z[3]^2*Z[5]^2 - 20*Z[1]^2*Z[4]^3*Z[5] + 31*Z[1]^2*Z[4]^2*Z[5]^2 - 20*Z[1]^2*Z[4]*Z[5]^3 + 4*Z[1]^2*Z[5]^4 + 64*Z[1]*Z[2]^3*Z[3]*Z[5] - 32*Z[1]*Z[2]^2*Z[3]^3 + 160*Z[1]*Z[2]^2*Z[3]*Z[4]*Z[5] - 24*Z[1]*Z[2]^2*Z[3]*Z[5]^2 - 64*Z[1]*Z[2]*Z[3]^3*Z[4] + 112*Z[1]*Z[2]*Z[3]*Z[4]^2*Z[5] - 40*Z[1]*Z[2]*Z[3]*Z[4]*Z[5]^2 + 8*Z[1]*Z[2]*Z[3]*Z[5]^3 + 6*Z[1]*Z[3]^5 - 24*Z[1]*Z[3]^3*Z[4]^2 + 8*Z[1]*Z[3]^3*Z[4]*Z[5] - 4*Z[1]*Z[3]^3*Z[5]^2 + 24*Z[1]*Z[3]*Z[4]^3*Z[5] - 14*Z[1]*Z[3]*Z[4]^2*Z[5]^2 + 4*Z[1]*Z[3]*Z[4]*Z[5]^3 - 32*Z[2]^4*Z[5]^2 + 32*Z[2]^3*Z[3]^2*Z[5] - 32*Z[2]^3*Z[4]*Z[5]^2 + 16*Z[2]^3*Z[5]^3 - 8*Z[2]^2*Z[3]^4 + 16*Z[2]^2*Z[3]^2*Z[4]*Z[5] - 20*Z[2]^2*Z[3]^2*Z[5]^2 + 16*Z[2]^2*Z[4]*Z[5]^3 + 8*Z[2]*Z[3]^4*Z[5] - 8*Z[2]*Z[3]^2*Z[4]^2*Z[5] - 12*Z[2]*Z[3]^2*Z[4]*Z[5]^2 + 8*Z[2]*Z[4]^3*Z[5]^2 + 4*Z[2]*Z[4]^2*Z[5]^3 - Z[3]^6 + 2*Z[3]^4*Z[4]^2 + 2*Z[3]^4*Z[4]*Z[5] - 4*Z[3]^2*Z[4]^3*Z[5] - Z[3]^2*Z[4]^2*Z[5]^2 + 2*Z[4]^4*Z[5]^2

#############
# MONODROMY #
#############

Generators of the monodromy group on the second homology group:
[[1, 0, 0, 0, 0, 0, 0, 0, 0, 0, 0, 0, 0, 0, 0, 0, 0, 0, 0, 0, 0, -1], [0, 0, 0, 0, 0, 1, 0, 0, 0, 0, 0, 0, 1, 0, 0, 0, 1, 0, 1, 1, 0, -1], [0, 0, 1, 0, 0, 0, 0, 0, 0, 0, 0, 0, 0, 0, 0, 0, 0, 0, 0, 0, 0, -1], [0, 0, 0, 1, 0, 0, 0, 0, 0, 0, 0, 0, 0, 0, 0, 0, 0, 0, 0, 0, 0, 1], [0, 0, 0, 0, 1, 0, 0, 0, 0, 0, 0, 0, 0, 0, 0, 0, 0, 0, 0, 0, 0, 0], [0, 1, 0, 0, 0, 0, 0, 0, 0, 0, 0, 0, -1, 0, 0, 0, -1, 0, -1, -1, 0, 1], [0, 0, 0, 0, 0, 0, 1, 0, 0, 0, 0, 0, 0, 0, 0, 0, 0, 0, 0, 0, 0, 0], [0, -1, 0, 0, 0, 1, 0, 1, 0, 0, 0, 0, 1, 0, 0, 0, 1, 0, 1, 1, 0, 0], [-1, 1, 0, 0, 1, 0, 0, 0, 1, 1, 0, 1, 1, 1, 1, 1, 0, 0, 2, 0, -1, -1], [1, -1, 0, 0, -1, 0, 0, 0, 0, 0, 0, -1, -1, -1, -1, -1, 0, 0, -2, 0, 1, 2], [1, 0, 0, 0, -1, -1, 0, 0, 0, -1, 1, -1, -2, -1, -1, -1, -1, 0, -3, -1, 1, 2], [0, 0, 0, 0, 0, 0, 0, 0, 0, 0, 0, 1, 0, 0, 0, 0, 0, 0, 0, 0, 0, 1], [0, 1, 0, 0, 0, -1, 0, 0, 0, 0, 0, 0, 0, 0, 0, 0, -1, 0, -1, -1, 0, -1], [0, 0, 0, 0, 0, 0, 0, 0, 0, 0, 0, 0, 0, 1, 0, 0, 0, 0, 0, 0, 0, 1], [0, 0, 0, 0, 0, 0, 0, 0, 0, 0, 0, 0, 0, 0, 0, 1, 0, 0, 0, 0, 0, -1], [0, 0, 0, 0, 0, 0, 0, 0, 0, 0, 0, 0, 0, 0, 1, 0, 0, 0, 0, 0, 0, -1], [-1, 1, 0, 0, 1, 0, 0, 0, 0, 1, 0, 1, 1, 1, 1, 1, 1, 0, 2, 0, -1, -1], [-1, 2, 0, 0, 1, -1, 0, 0, 0, 1, 0, 1, 0, 1, 1, 1, -1, 1, 1, -1, -1, 0], [0, 0, 0, 0, 0, 0, 0, 0, 0, 0, 0, 0, 0, 0, 0, 0, 0, 0, 1, 0, 0, -1], [1, -2, 0, 0, -1, 1, 0, 0, 0, -1, 0, -1, 0, -1, -1, -1, 1, 0, -1, 2, 1, 1], [-1, 1, 0, 0, 1, 0, 0, 0, 0, 1, 0, 1, 1, 1, 1, 1, 0, 0, 2, 0, 0, -1], [0, 0, 0, 0, 0, 0, 0, 0, 0, 0, 0, 0, 0, 0, 0, 0, 0, 0, 0, 0, 0, -1]]
[[1, 0, 0, 0, 0, 0, 0, 0, 0, 0, 0, 0, 0, 0, 0, 0, 0, 0, 0, 0, 0, 0], [0, 1, 0, 0, 0, 0, 0, 0, 0, 0, 0, 0, 0, 0, 0, 0, 0, 0, 0, 0, 0, 0], [0, 0, 1, 0, 0, 0, 0, 0, 0, 0, 0, 0, 0, 0, 0, 0, 0, 0, 0, 0, 0, 0], [0, 0, 0, 1, 0, 0, 0, 0, 0, 0, 0, 0, 0, 0, 0, 0, 0, 0, 0, 0, 0, 0], [0, 0, 0, 0, 1, 0, 0, 0, 0, 0, 0, 0, 0, 0, 0, 0, 0, 0, 0, 0, 0, 0], [0, 0, 0, 0, 0, 1, 0, 0, 0, 0, 0, 0, 0, 0, 0, 0, 0, 0, 0, 0, 0, 0], [0, 0, 0, 0, 0, 0, 1, 0, 0, 0, 0, 0, 0, 0, 0, 0, 0, 0, 0, 0, 0, 0], [0, 0, 0, 0, 0, 0, 0, 1, 0, 0, 0, 0, 0, 0, 0, 0, 0, 0, 0, 0, 0, 0], [0, 0, 0, 0, 0, 0, 0, 0, 1, 0, 0, 0, 0, 0, 0, 0, 0, 0, 0, 0, 0, 0], [0, 0, 0, 0, 0, 0, 0, 0, 0, 1, 0, 0, 0, 0, 0, 0, 0, 0, 0, 0, 0, 0], [0, 0, 0, 0, 0, 0, 0, 0, 0, 0, 1, 0, 0, 0, 0, 0, 0, 0, 0, 0, 0, 0], [0, 0, 0, 0, 0, 0, 0, 0, 0, 0, 0, 1, 0, 0, 0, 0, 0, 0, 0, 0, 0, 0], [0, 0, 0, 0, 0, 0, 0, 0, 0, 0, 0, 0, 1, 0, 0, 0, 0, 0, 0, 0, 0, 0], [0, 0, 0, 0, 0, 0, 0, 0, 0, 0, 0, 0, 0, 1, 0, 0, 0, 0, 0, 0, 0, 0], [0, 0, 0, 0, 0, 0, 0, 0, 0, 0, 0, 0, 0, 0, 1, 0, 0, 0, 0, 0, 0, 0], [0, 0, 0, 0, 0, 0, 0, 0, 0, 0, 0, 0, 0, 0, 0, 1, 0, 0, 0, 0, 0, 0], [0, 0, 0, 0, 0, 0, 0, 0, 0, 0, 0, 0, 0, 0, 0, 0, 1, 0, 0, 0, 0, 0], [0, 0, 0, 0, 0, 0, 0, 0, 0, 0, 0, 0, 0, 0, 0, 0, 0, 1, 0, 0, 0, 0], [0, 0, 0, 0, 0, 0, 0, 0, 0, 0, 0, 0, 0, 0, 0, 0, 0, 0, 1, 0, 0, 0], [0, 0, 0, 0, 0, 0, 0, 0, 0, 0, 0, 0, 0, 0, 0, 0, 0, 0, 0, 1, 0, 0], [0, 0, 0, 0, 0, 0, 0, 0, 0, 0, 0, 0, 0, 0, 0, 0, 0, 0, 0, 0, 1, 0], [0, 0, 0, 0, 0, 0, 0, 0, 0, 0, 0, 0, 0, 0, 0, 0, 0, 0, 0, 0, 0, 1]]
[[1, 0, 0, 0, 0, 0, 0, 0, 0, 0, 0, 0, 0, 0, 0, 0, 0, 0, 0, 0, 0, 0], [0, 1, 0, 0, 0, 0, 0, 0, 0, 0, 0, 0, 0, 0, 0, 0, 0, 0, 0, 0, 0, 0], [0, 0, 1, 0, 0, 0, 0, 0, 0, 0, 0, 0, 0, 0, 0, 0, 0, 0, 0, 0, 0, 0], [0, 0, 0, 1, 0, 0, 0, 0, 0, 0, 0, 0, 0, 0, 0, 0, 0, 0, 0, 0, 0, 0], [0, 0, 0, 0, 1, 0, 0, 0, 0, 0, 0, 0, 0, 0, 0, 0, 0, 0, 0, 0, 0, 0], [0, 0, 0, 0, 0, 1, 0, 0, 0, 0, 0, 0, 0, 0, 0, 0, 0, 0, 0, 0, 0, 0], [0, 0, 0, 0, 0, 0, 1, 0, 0, 0, 0, 0, 0, 0, 0, 0, 0, 0, 0, 0, 0, 0], [0, 0, 0, 0, 0, 0, 0, 1, 0, 0, 0, 0, 0, 0, 0, 0, 0, 0, 0, 0, 0, 0], [0, 0, 0, 0, 0, 0, 0, 0, 1, 0, 0, 0, 0, 0, 0, 0, 0, 0, 0, 0, 0, 0], [0, 0, 0, 0, 0, 0, 0, 0, 0, 1, 0, 0, 0, 0, 0, 0, 0, 0, 0, 0, 0, 0], [0, 0, 0, 0, 0, 0, 0, 0, 0, 0, 1, 0, 0, 0, 0, 0, 0, 0, 0, 0, 0, 0], [0, 0, 0, 0, 0, 0, 0, 0, 0, 0, 0, 1, 0, 0, 0, 0, 0, 0, 0, 0, 0, 0], [0, 0, 0, 0, 0, 0, 0, 0, 0, 0, 0, 0, 1, 0, 0, 0, 0, 0, 0, 0, 0, 0], [0, 0, 0, 0, 0, 0, 0, 0, 0, 0, 0, 0, 0, 1, 0, 0, 0, 0, 0, 0, 0, 0], [0, 0, 0, 0, 0, 0, 0, 0, 0, 0, 0, 0, 0, 0, 1, 0, 0, 0, 0, 0, 0, 0], [0, 0, 0, 0, 0, 0, 0, 0, 0, 0, 0, 0, 0, 0, 0, 1, 0, 0, 0, 0, 0, 0], [0, 0, 0, 0, 0, 0, 0, 0, 0, 0, 0, 0, 0, 0, 0, 0, 1, 0, 0, 0, 0, 0], [0, 0, 0, 0, 0, 0, 0, 0, 0, 0, 0, 0, 0, 0, 0, 0, 0, 1, 0, 0, 0, 0], [0, 0, 0, 0, 0, 0, 0, 0, 0, 0, 0, 0, 0, 0, 0, 0, 0, 0, 1, 0, 0, 0], [0, 0, 0, 0, 0, 0, 0, 0, 0, 0, 0, 0, 0, 0, 0, 0, 0, 0, 0, 1, 0, 0], [0, 0, 0, 0, 0, 0, 0, 0, 0, 0, 0, 0, 0, 0, 0, 0, 0, 0, 0, 0, 1, 0], [0, 0, 0, 0, 0, 0, 0, 0, 0, 0, 0, 0, 0, 0, 0, 0, 0, 0, 0, 0, 0, 1]]
[[-1, -1, 0, -1, 1, 1, 1, 0, 0, 1, -1, 1, -1, -1, 2, 2, 1, 1, 1, 1, -1, 0], [0, -1, 0, 1, -2, -1, 0, 1, 0, -2, 0, -2, 0, 0, -2, -2, -3, -1, -1, -1, 1, 1], [0, -3, -1, 0, -3, 0, -1, 0, -2, -1, -1, -3, -2, -3, -1, -1, -1, 0, -1, 0, 1, 1], [-2, 3, 0, -2, 5, 1, 1, -2, 0, 5, -1, 5, -1, 1, 6, 6, 5, 3, 3, 1, -3, -2], [0, 0, 0, 0, 1, 0, 0, 0, 0, 0, 0, 0, 0, 0, 0, 0, 0, 0, 0, 0, 0, 0], [-1, 1, 0, -1, 2, 1, 0, -1, 0, 2, 0, 2, 0, 1, 2, 2, 3, 0, 2, 0, -1, -1], [-2, 1, 0, -1, 2, 0, 1, -1, 0, 2, 0, 2, -1, 0, 3, 3, 2, 1, 2, 0, -1, -1], [1, 1, 0, 0, 0, 0, 0, 0, 0, 0, 0, 1, -1, 0, 1, 1, 0, 1, -1, 0, -1, 0], [2, -1, 0, 1, -2, 0, 0, 1, 1, -2, 0, -2, 1, 0, -3, -3, -2, -1, -2, 0, 1, 1], [-2, 3, 0, -2, 4, 0, 0, -3, 0, 5, 0, 5, -2, 1, 6, 6, 5, 2, 3, 0, -3, -2], [-1, 1, 0, -1, 2, 0, 0, -1, 0, 2, 1, 2, 0, 1, 2, 2, 3, 0, 2, 0, -1, -1], [0, 2, 0, -1, 2, 0, 0, -1, 0, 2, 0, 2, 0, 1, 2, 2, 2, 1, 0, 0, -1, -1], [0, 0, 0, -1, 1, 1, 1, 0, 0, 1, -1, 2, 1, 0, 1, 1, 1, 1, 1, 1, -1, 0], [0, 0, 0, 1, -1, 0, -1, 0, 0, -1, 1, -1, 0, 0, -1, -1, 0, -1, 0, 0, 1, 0], [0, 0, 0, -1, 1, 1, 1, 0, 0, 1, -1, 2, 0, 0, 2, 1, 1, 1, 1, 1, -1, 0], [0, 0, 0, -1, 1, 1, 1, 0, 0, 1, -1, 2, 0, 0, 1, 2, 1, 1, 1, 1, -1, 0], [1, -1, 0, 1, -2, 0, 0, 1, 0, -2, 0, -2, 0, -1, -2, -2, -2, 0, -2, 0, 1, 1], [1, -2, 0, 2, -3, 0, -1, 1, 0, -3, 1, -4, 1, -1, -4, -4, -1, -2, -2, 0, 2, 1], [0, -2, 0, 1, -2, 0, 0, 1, 0, -2, 0, -3, 0, -1, -2, -2, -2, -1, -1, 0, 1, 1], [0, 0, 0, 1, -1, -2, -1, 0, 0, -1, 1, -1, 0, 1, -1, -1, -2, -1, 0, -1, 1, 0], [0, 0, 0, -1, 1, 1, 1, -1, 0, 1, -1, 2, -1, 0, 2, 2, 2, 1, 0, 1, -1, 0], [0, 0, 0, 0, 0, 0, 0, 0, 0, 0, 0, 0, 0, 0, 0, 0, 0, 0, 0, 0, 0, 1]]
[[1, 0, 0, 0, 0, 0, 0, -1, 0, 1, -1, 1, 0, 0, 1, 1, 1, 1, 0, 1, -1, 0], [0, 1, 0, 0, 0, 0, 0, 0, 0, 0, 0, 0, 0, 0, 0, 0, 0, 0, 0, 0, 0, 0], [0, 0, 0, 0, 0, 0, 0, 0, 0, 0, 0, 0, 0, 0, 0, 0, 0, 0, 1, 0, 0, 0], [0, 2, 1, 0, 2, 0, 0, -1, 1, 2, 0, 2, 0, 1, 2, 2, 1, 1, 0, 0, -1, -1], [0, 1, 1, 0, 1, 0, 0, 0, 0, 0, 0, 0, 0, 1, 0, 0, -1, 0, -1, -1, 0, 0], [0, -1, 0, 0, 0, 1, 0, 0, 0, 0, 0, 0, 0, -1, 0, 0, 1, 0, 0, 1, 0, 0], [0, 2, 1, -1, 2, 0, 1, -1, 1, 2, 0, 2, 0, 1, 2, 2, 1, 1, 0, 0, -1, -1], [0, 0, -1, 0, 0, 0, 0, 0, 0, 1, -1, 1, 0, 0, 1, 1, 1, 1, 1, 1, -1, 0], [0, -2, 0, 1, -2, 0, 0, 1, 0, -2, 0, -2, 0, -1, -2, -2, -1, -1, -1, 0, 1, 1], [0, 0, 0, 0, 0, 0, 0, 0, 0, 1, 0, 0, 0, 0, 0, 0, 0, 0, 0, 0, 0, 0], [0, 0, 0, 0, 0, 0, 0, 0, 0, 0, 1, 0, 0, 0, 0, 0, 0, 0, 0, 0, 0, 0], [0, 0, 0, 0, 0, 0, 0, 0, 0, 0, 0, 1, 0, 0, 0, 0, 0, 0, 0, 0, 0, 0], [0, 0, -1, 0, 0, 0, 0, -1, 0, 1, -1, 1, 1, 0, 1, 1, 1, 1, 1, 1, -1, 0], [0, -1, 0, 0, 0, 0, 0, 1, 0, -1, 1, -1, 0, 0, -1, -1, 0, -1, 0, 0, 1, 0], [0, 0, -1, 0, 0, 0, 0, -1, 0, 1, -1, 1, 0, 0, 2, 1, 1, 1, 1, 1, -1, 0], [0, 0, -1, 0, 0, 0, 0, -1, 0, 1, -1, 1, 0, 0, 1, 2, 1, 1, 1, 1, -1, 0], [0, 0, 0, 0, 0, 0, 0, 0, 0, 0, 0, 0, 0, 0, 0, 0, 1, 0, 0, 0, 0, 0], [0, -1, 1, 0, 0, 0, 0, 1, 0, -1, 1, -1, 0, -1, -1, -1, 0, 0, -1, 0, 1, 0], [0, 0, 1, 0, 0, 0, 0, 0, 0, 0, 0, 0, 0, 0, 0, 0, 0, 0, 0, 0, 0, 0], [0, 1, 0, 0, 0, 0, 0, 1, 0, -1, 1, -1, 0, 1, -1, -1, -2, -1, 0, -1, 1, 0], [0, 0, 0, 0, 0, 0, 0, -1, 0, 1, -1, 1, 0, 0, 1, 1, 1, 1, 0, 1, 0, 0], [0, 0, 0, 0, 0, 0, 0, 0, 0, 0, 0, 0, 0, 0, 0, 0, 0, 0, 0, 0, 0, 1]]
[[1, 0, 0, 0, 0, 0, 0, 0, 0, 0, 0, 0, 0, 0, 0, 0, 0, 0, 0, 0, 0, 0], [0, 1, 0, 0, 0, 0, 0, 0, 0, 0, 0, 0, 0, 0, 0, 0, 0, 0, 0, 0, 0, 0], [0, 0, 1, 0, 0, 0, 0, 0, 0, 0, 0, 0, 0, 0, 0, 0, 0, 0, 0, 0, 0, 0], [0, 0, 0, 1, 0, 0, 0, 0, 0, 0, 0, 0, 0, 0, 0, 0, 0, 0, 0, 0, 0, 0], [0, 0, 0, 0, 1, 0, 0, 0, 0, 0, 0, 0, 0, 0, 0, 0, 0, 0, 0, 0, 0, 0], [0, 0, 0, 0, 0, 1, 0, 0, 0, 0, 0, 0, 0, 0, 0, 0, 0, 0, 0, 0, 0, 0], [0, 0, 0, 0, 0, 0, 1, 0, 0, 0, 0, 0, 0, 0, 0, 0, 0, 0, 0, 0, 0, 0], [0, 0, 0, 0, 0, 0, 0, 1, 0, 0, 0, 0, 0, 0, 0, 0, 0, 0, 0, 0, 0, 0], [0, 0, 0, 0, 0, 0, 0, 0, 1, 0, 0, 0, 0, 0, 0, 0, 0, 0, 0, 0, 0, 0], [0, 0, 0, 0, 0, 0, 0, 0, 0, 1, 0, 0, 0, 0, 0, 0, 0, 0, 0, 0, 0, 0], [0, 0, 0, 0, 0, 0, 0, 0, 0, 0, 1, 0, 0, 0, 0, 0, 0, 0, 0, 0, 0, 0], [0, 0, 0, 0, 0, 0, 0, 0, 0, 0, 0, 1, 0, 0, 0, 0, 0, 0, 0, 0, 0, 0], [0, 0, 0, 0, 0, 0, 0, 0, 0, 0, 0, 0, 1, 0, 0, 0, 0, 0, 0, 0, 0, 0], [0, 0, 0, 0, 0, 0, 0, 0, 0, 0, 0, 0, 0, 1, 0, 0, 0, 0, 0, 0, 0, 0], [0, 0, 0, 0, 0, 0, 0, 0, 0, 0, 0, 0, 0, 0, 1, 0, 0, 0, 0, 0, 0, 0], [0, 0, 0, 0, 0, 0, 0, 0, 0, 0, 0, 0, 0, 0, 0, 1, 0, 0, 0, 0, 0, 0], [0, 0, 0, 0, 0, 0, 0, 0, 0, 0, 0, 0, 0, 0, 0, 0, 1, 0, 0, 0, 0, 0], [0, 0, 0, 0, 0, 0, 0, 0, 0, 0, 0, 0, 0, 0, 0, 0, 0, 1, 0, 0, 0, 0], [0, 0, 0, 0, 0, 0, 0, 0, 0, 0, 0, 0, 0, 0, 0, 0, 0, 0, 1, 0, 0, 0], [0, 0, 0, 0, 0, 0, 0, 0, 0, 0, 0, 0, 0, 0, 0, 0, 0, 0, 0, 1, 0, 0], [0, 0, 0, 0, 0, 0, 0, 0, 0, 0, 0, 0, 0, 0, 0, 0, 0, 0, 0, 0, 1, 0], [0, 0, 0, 0, 0, 0, 0, 0, 0, 0, 0, 0, 0, 0, 0, 0, 0, 0, 0, 0, 0, 1]]
[[1, 0, 0, 0, 0, 0, 0, 0, 0, 0, 0, 0, 0, 0, 0, 0, 0, 0, 0, 0, 0, 0], [0, 1, 0, 0, 0, 0, 0, 0, 0, 0, 0, 0, 0, 0, 0, 0, 0, 0, 0, 0, 0, 0], [0, 0, 1, 0, 0, 0, 0, 0, 0, 0, 0, 0, 0, 0, 0, 0, 0, 0, 0, 0, 0, 0], [0, 0, 0, 1, 0, 0, 0, 0, 0, 0, 0, 0, 0, 0, 0, 0, 0, 0, 0, 0, 0, 0], [0, 0, 0, 0, 1, 0, 0, 0, 0, 0, 0, 0, 0, 0, 0, 0, 0, 0, 0, 0, 0, 0], [0, 0, 0, 0, 0, 1, 0, 0, 0, 0, 0, 0, 0, 0, 0, 0, 0, 0, 0, 0, 0, 0], [0, 0, 0, 0, 0, 0, 1, 0, 0, 0, 0, 0, 0, 0, 0, 0, 0, 0, 0, 0, 0, 0], [0, 0, 0, 0, 0, 0, 0, 1, 0, 0, 0, 0, 0, 0, 0, 0, 0, 0, 0, 0, 0, 0], [0, 0, 0, 0, 0, 0, 0, 0, 1, 0, 0, 0, 0, 0, 0, 0, 0, 0, 0, 0, 0, 0], [0, 0, 0, 0, 0, 0, 0, 0, 0, 1, 0, 0, 0, 0, 0, 0, 0, 0, 0, 0, 0, 0], [0, 0, 0, 0, 0, 0, 0, 0, 0, 0, 1, 0, 0, 0, 0, 0, 0, 0, 0, 0, 0, 0], [0, 0, 0, 0, 0, 0, 0, 0, 0, 0, 0, 1, 0, 0, 0, 0, 0, 0, 0, 0, 0, 0], [0, 0, 0, 0, 0, 0, 0, 0, 0, 0, 0, 0, 1, 0, 0, 0, 0, 0, 0, 0, 0, 0], [0, 0, 0, 0, 0, 0, 0, 0, 0, 0, 0, 0, 0, 1, 0, 0, 0, 0, 0, 0, 0, 0], [0, 0, 0, 0, 0, 0, 0, 0, 0, 0, 0, 0, 0, 0, 1, 0, 0, 0, 0, 0, 0, 0], [0, 0, 0, 0, 0, 0, 0, 0, 0, 0, 0, 0, 0, 0, 0, 1, 0, 0, 0, 0, 0, 0], [0, 0, 0, 0, 0, 0, 0, 0, 0, 0, 0, 0, 0, 0, 0, 0, 1, 0, 0, 0, 0, 0], [0, 0, 0, 0, 0, 0, 0, 0, 0, 0, 0, 0, 0, 0, 0, 0, 0, 1, 0, 0, 0, 0], [0, 0, 0, 0, 0, 0, 0, 0, 0, 0, 0, 0, 0, 0, 0, 0, 0, 0, 1, 0, 0, 0], [0, 0, 0, 0, 0, 0, 0, 0, 0, 0, 0, 0, 0, 0, 0, 0, 0, 0, 0, 1, 0, 0], [0, 0, 0, 0, 0, 0, 0, 0, 0, 0, 0, 0, 0, 0, 0, 0, 0, 0, 0, 0, 1, 0], [0, 0, 0, 0, 0, 0, 0, 0, 0, 0, 0, 0, 0, 0, 0, 0, 0, 0, 0, 0, 0, 1]]
[[1, 0, 0, 0, 0, 0, 0, 0, 0, 0, 0, 0, 0, 0, 0, 0, 0, 0, 0, 0, 0, 0], [0, 1, 0, 0, 0, 0, 0, 0, 0, 0, 0, 0, 0, 0, 0, 0, 0, 0, 0, 0, 0, 0], [0, 0, 1, 0, 0, 0, 0, 0, 0, 0, 0, 0, 0, 0, 0, 0, 0, 0, 0, 0, 0, 0], [0, 0, 0, 1, 0, 0, 0, 0, 0, 0, 0, 0, 0, 0, 0, 0, 0, 0, 0, 0, 0, 0], [0, 0, 0, 0, 1, 0, 0, 0, 0, 0, 0, 0, 0, 0, 0, 0, 0, 0, 0, 0, 0, 0], [0, 0, 0, 0, 0, 1, 0, 0, 0, 0, 0, 0, 0, 0, 0, 0, 0, 0, 0, 0, 0, 0], [0, 0, 0, 0, 0, 0, 1, 0, 0, 0, 0, 0, 0, 0, 0, 0, 0, 0, 0, 0, 0, 0], [0, 0, 0, 0, 0, 0, 0, 1, 0, 0, 0, 0, 0, 0, 0, 0, 0, 0, 0, 0, 0, 0], [0, 0, 0, 0, 0, 0, 0, 0, 1, 0, 0, 0, 0, 0, 0, 0, 0, 0, 0, 0, 0, 0], [0, 0, 0, 0, 0, 0, 0, 0, 0, 1, 0, 0, 0, 0, 0, 0, 0, 0, 0, 0, 0, 0], [0, 0, 0, 0, 0, 0, 0, 0, 0, 0, 1, 0, 0, 0, 0, 0, 0, 0, 0, 0, 0, 0], [0, 0, 0, 0, 0, 0, 0, 0, 0, 0, 0, 1, 0, 0, 0, 0, 0, 0, 0, 0, 0, 0], [0, 0, 0, 0, 0, 0, 0, 0, 0, 0, 0, 0, 1, 0, 0, 0, 0, 0, 0, 0, 0, 0], [0, 0, 0, 0, 0, 0, 0, 0, 0, 0, 0, 0, 0, 1, 0, 0, 0, 0, 0, 0, 0, 0], [0, 0, 0, 0, 0, 0, 0, 0, 0, 0, 0, 0, 0, 0, 1, 0, 0, 0, 0, 0, 0, 0], [0, 0, 0, 0, 0, 0, 0, 0, 0, 0, 0, 0, 0, 0, 0, 1, 0, 0, 0, 0, 0, 0], [0, 0, 0, 0, 0, 0, 0, 0, 0, 0, 0, 0, 0, 0, 0, 0, 1, 0, 0, 0, 0, 0], [0, 0, 0, 0, 0, 0, 0, 0, 0, 0, 0, 0, 0, 0, 0, 0, 0, 1, 0, 0, 0, 0], [0, 0, 0, 0, 0, 0, 0, 0, 0, 0, 0, 0, 0, 0, 0, 0, 0, 0, 1, 0, 0, 0], [0, 0, 0, 0, 0, 0, 0, 0, 0, 0, 0, 0, 0, 0, 0, 0, 0, 0, 0, 1, 0, 0], [0, 0, 0, 0, 0, 0, 0, 0, 0, 0, 0, 0, 0, 0, 0, 0, 0, 0, 0, 0, 1, 0], [0, 0, 0, 0, 0, 0, 0, 0, 0, 0, 0, 0, 0, 0, 0, 0, 0, 0, 0, 0, 0, 1]]
[[1, 0, 0, 0, 0, 0, 0, 0, 0, 0, 0, 0, 0, 0, 0, 0, 0, 0, 0, 0, 0, 0], [0, 1, 0, 0, 0, 0, 0, 0, 0, 0, 0, 0, 0, 0, 0, 0, 0, 0, 0, 0, 0, 0], [0, 0, 1, 0, 0, 0, 0, 0, 0, 0, 0, 0, 0, 0, 0, 0, 0, 0, 0, 0, 0, 0], [0, 0, 0, 1, 0, 0, 0, 0, 0, 0, 0, 0, 0, 0, 0, 0, 0, 0, 0, 0, 0, 0], [0, 0, 0, 0, 1, 0, 0, 0, 0, 0, 0, 0, 0, 0, 0, 0, 0, 0, 0, 0, 0, 0], [0, 0, 0, 0, 0, 1, 0, 0, 0, 0, 0, 0, 0, 0, 0, 0, 0, 0, 0, 0, 0, 0], [0, 0, 0, 0, 0, 0, 1, 0, 0, 0, 0, 0, 0, 0, 0, 0, 0, 0, 0, 0, 0, 0], [0, 0, 0, 0, 0, 0, 0, 1, 0, 0, 0, 0, 0, 0, 0, 0, 0, 0, 0, 0, 0, 0], [0, 0, 0, 0, 0, 0, 0, 0, 1, 0, 0, 0, 0, 0, 0, 0, 0, 0, 0, 0, 0, 0], [0, 0, 0, 0, 0, 0, 0, 0, 0, 1, 0, 0, 0, 0, 0, 0, 0, 0, 0, 0, 0, 0], [0, 0, 0, 0, 0, 0, 0, 0, 0, 0, 1, 0, 0, 0, 0, 0, 0, 0, 0, 0, 0, 0], [0, 0, 0, 0, 0, 0, 0, 0, 0, 0, 0, 1, 0, 0, 0, 0, 0, 0, 0, 0, 0, 0], [0, 0, 0, 0, 0, 0, 0, 0, 0, 0, 0, 0, 1, 0, 0, 0, 0, 0, 0, 0, 0, 0], [0, 0, 0, 0, 0, 0, 0, 0, 0, 0, 0, 0, 0, 1, 0, 0, 0, 0, 0, 0, 0, 0], [0, 0, 0, 0, 0, 0, 0, 0, 0, 0, 0, 0, 0, 0, 1, 0, 0, 0, 0, 0, 0, 0], [0, 0, 0, 0, 0, 0, 0, 0, 0, 0, 0, 0, 0, 0, 0, 1, 0, 0, 0, 0, 0, 0], [0, 0, 0, 0, 0, 0, 0, 0, 0, 0, 0, 0, 0, 0, 0, 0, 1, 0, 0, 0, 0, 0], [0, 0, 0, 0, 0, 0, 0, 0, 0, 0, 0, 0, 0, 0, 0, 0, 0, 1, 0, 0, 0, 0], [0, 0, 0, 0, 0, 0, 0, 0, 0, 0, 0, 0, 0, 0, 0, 0, 0, 0, 1, 0, 0, 0], [0, 0, 0, 0, 0, 0, 0, 0, 0, 0, 0, 0, 0, 0, 0, 0, 0, 0, 0, 1, 0, 0], [0, 0, 0, 0, 0, 0, 0, 0, 0, 0, 0, 0, 0, 0, 0, 0, 0, 0, 0, 0, 1, 0], [0, 0, 0, 0, 0, 0, 0, 0, 0, 0, 0, 0, 0, 0, 0, 0, 0, 0, 0, 0, 0, 1]]
[[0, 1, 0, -1, 1, 0, 0, -1, -1, 2, -1, 1, -1, 0, 2, 2, 1, 1, 0, -1, -1, -1], [-1, 2, -1, -1, 1, 0, -1, -1, -1, 2, -1, 0, -1, 0, 2, 2, 0, 1, 1, -1, -1, -1], [0, 0, 0, 0, 0, 0, -1, 0, 0, 0, 0, -1, 0, 0, 0, 0, -1, 0, 1, 0, 0, 0], [-1, 2, 1, -1, 2, 1, 2, -1, -1, 3, -1, 3, -1, 0, 3, 3, 3, 2, -1, -1, -1, -1], [-1, 2, 1, -2, 3, 1, 2, -1, -1, 3, -1, 3, -1, 0, 3, 3, 3, 2, -1, -1, -1, -1], [1, -2, 1, 2, -2, 0, 0, 1, 1, -3, 1, -1, 1, 0, -3, -3, -1, -2, -1, 1, 1, 1], [-1, 1, 0, -1, 1, 0, 1, -1, -1, 2, -1, 1, -1, 0, 2, 2, 1, 1, 0, -1, -1, -1], [0, 0, -1, 0, 0, 0, -1, 1, 0, 0, 0, -1, 0, 0, 0, 0, -1, 0, 1, 0, 0, 0], [0, 0, 0, 0, 0, 0, 0, 0, 1, 0, 0, 0, 0, 0, 0, 0, 0, 0, 0, 0, 0, 0], [-1, 0, 1, 0, 0, 0, 1, 0, -1, 1, 0, 1, -1, -1, 0, 1, 1, 0, -1, -1, 0, 0], [1, -2, 1, 2, -2, -1, 0, 1, 1, -3, 2, -1, 1, 0, -3, -3, -1, -2, -1, 1, 1, 1], [0, 0, 0, 0, 0, 0, 0, 0, 0, 0, 0, 1, 0, 0, 0, 0, 0, 0, 0, 0, 0, 0], [2, -2, 0, 2, -2, -1, -1, 1, 2, -3, 1, -2, 3, 1, -3, -4, -2, -2, 0, 2, 1, 1], [0, -1, 0, 1, -1, 0, 0, 1, 0, -2, 1, -1, 0, 0, -2, -1, -1, -1, 0, 0, 1, 1], [0, 0, 0, 0, 0, 0, 0, 0, 0, 0, 0, 0, 0, 0, 1, 0, 0, 0, 0, 0, 0, 0], [1, 0, 0, 0, 0, 0, 0, 0, 1, 0, 0, 0, 1, 1, 0, 0, 0, 0, 0, 1, 0, 0], [0, 0, -1, 0, 0, 0, -1, 0, 0, 0, 0, -1, 0, 0, 0, 0, 0, 0, 1, 0, 0, 0], [1, -2, 0, 2, -2, -1, -1, 1, 1, -3, 1, -2, 1, 0, -3, -3, -2, -1, 0, 1, 1, 1], [-1, 1, 0, -1, 1, 0, 0, -1, -1, 2, -1, 1, -1, 0, 2, 2, 1, 1, 1, -1, -1, -1], [-2, 2, 0, -2, 2, 1, 1, -1, -2, 3, -1, 2, -2, -1, 3, 4, 2, 2, 0, -1, -1, -1], [-1, 1, 0, -1, 1, 0, 0, -1, -1, 2, -1, 1, -1, 0, 2, 2, 1, 1, 0, -1, 0, -1], [-1, 1, 0, -1, 1, 0, 0, -1, -1, 2, -1, 1, -1, 0, 2, 2, 1, 1, 0, -1, -1, 0]]
[[1, 0, 0, 0, 0, 0, 0, 0, 0, 0, 0, 0, 0, 0, 0, 0, 0, 0, 0, 0, 0, 0], [0, 1, 0, 0, 0, 0, 0, 0, 0, 0, 0, 0, 0, 0, 0, 0, 0, 0, 0, 0, 0, 0], [0, 0, 1, 0, 0, 0, 0, 0, 0, 0, 0, 0, 0, 0, 0, 0, 0, 0, 0, 0, 0, 0], [0, 0, 0, 1, 0, 0, 0, 0, 0, 0, 0, 0, 0, 0, 0, 0, 0, 0, 0, 0, 0, 0], [0, 0, 0, 0, 1, 0, 0, 0, 0, 0, 0, 0, 0, 0, 0, 0, 0, 0, 0, 0, 0, 0], [0, 0, 0, 0, 0, 1, 0, 0, 0, 0, 0, 0, 0, 0, 0, 0, 0, 0, 0, 0, 0, 0], [0, 0, 0, 0, 0, 0, 1, 0, 0, 0, 0, 0, 0, 0, 0, 0, 0, 0, 0, 0, 0, 0], [0, 0, 0, 0, 0, 0, 0, 1, 0, 0, 0, 0, 0, 0, 0, 0, 0, 0, 0, 0, 0, 0], [0, 0, 0, 0, 0, 0, 0, 0, 1, 0, 0, 0, 0, 0, 0, 0, 0, 0, 0, 0, 0, 0], [0, 0, 0, 0, 0, 0, 0, 0, 0, 1, 0, 0, 0, 0, 0, 0, 0, 0, 0, 0, 0, 0], [0, 0, 0, 0, 0, 0, 0, 0, 0, 0, 1, 0, 0, 0, 0, 0, 0, 0, 0, 0, 0, 0], [0, 0, 0, 0, 0, 0, 0, 0, 0, 0, 0, 1, 0, 0, 0, 0, 0, 0, 0, 0, 0, 0], [0, 0, 0, 0, 0, 0, 0, 0, 0, 0, 0, 0, 1, 0, 0, 0, 0, 0, 0, 0, 0, 0], [0, 0, 0, 0, 0, 0, 0, 0, 0, 0, 0, 0, 0, 1, 0, 0, 0, 0, 0, 0, 0, 0], [0, 0, 0, 0, 0, 0, 0, 0, 0, 0, 0, 0, 0, 0, 1, 0, 0, 0, 0, 0, 0, 0], [0, 0, 0, 0, 0, 0, 0, 0, 0, 0, 0, 0, 0, 0, 0, 1, 0, 0, 0, 0, 0, 0], [0, 0, 0, 0, 0, 0, 0, 0, 0, 0, 0, 0, 0, 0, 0, 0, 1, 0, 0, 0, 0, 0], [0, 0, 0, 0, 0, 0, 0, 0, 0, 0, 0, 0, 0, 0, 0, 0, 0, 1, 0, 0, 0, 0], [0, 0, 0, 0, 0, 0, 0, 0, 0, 0, 0, 0, 0, 0, 0, 0, 0, 0, 1, 0, 0, 0], [0, 0, 0, 0, 0, 0, 0, 0, 0, 0, 0, 0, 0, 0, 0, 0, 0, 0, 0, 1, 0, 0], [0, 0, 0, 0, 0, 0, 0, 0, 0, 0, 0, 0, 0, 0, 0, 0, 0, 0, 0, 0, 1, 0], [0, 0, 0, 0, 0, 0, 0, 0, 0, 0, 0, 0, 0, 0, 0, 0, 0, 0, 0, 0, 0, 1]]
[[0, 0, -1, -2, 1, 3, 0, -1, -3, 3, -2, 3, -4, -3, 6, 6, 5, 4, 2, 2, -3, -1], [2, -1, 0, 2, -3, -2, -1, 1, 1, -3, 1, -4, 1, 0, -5, -5, -4, -2, -3, -1, 2, 2], [2, -2, 1, 2, -3, -2, -1, 1, 1, -3, 1, -4, 1, 0, -5, -5, -4, -2, -3, -1, 2, 2], [-4, 3, -1, -4, 6, 6, 2, -2, -4, 7, -3, 9, -5, -2, 13, 13, 11, 6, 7, 3, -6, -4], [-1, 1, 0, -1, 2, 2, 0, -1, -1, 2, -1, 3, -2, -1, 4, 4, 3, 2, 2, 1, -2, -1], [-1, 1, 0, -1, 2, 1, 1, 0, 0, 1, 0, 1, 1, 1, 1, 1, 1, 0, 1, 0, 0, -1], [-1, 1, 0, -1, 1, 2, 1, -1, -1, 2, -1, 3, -2, -1, 4, 4, 3, 2, 2, 1, -2, -1], [0, 0, 0, 0, 0, 0, 0, 1, 0, 0, 0, 0, 0, 0, 0, 0, 0, 0, 0, 0, 0, 0], [0, -1, -1, -1, 0, 1, 0, 0, -1, 1, -1, 0, -2, -2, 2, 2, 2, 2, 0, 1, -1, 0], [-3, 3, 0, -3, 5, 3, 2, -1, -1, 5, -1, 6, -1, 1, 7, 7, 6, 2, 5, 1, -3, -3], [-1, 2, 1, 0, 2, -1, 1, 0, 2, 0, 2, 1, 3, 3, -1, -1, -1, -2, 1, -1, 1, -1], [-1, 1, 0, -1, 2, 0, 1, 0, 0, 1, 0, 2, 1, 1, 1, 1, 1, 0, 1, 0, 0, -1], [0, -1, -1, -1, 0, 2, 0, 0, -2, 1, -1, 1, -2, -2, 3, 3, 3, 2, 1, 1, -2, 0], [0, 1, 1, 1, 0, -2, 0, 0, 2, -1, 1, -1, 3, 3, -3, -3, -3, -2, -1, -1, 2, 0], [0, -1, -1, -1, 0, 2, 0, 0, -2, 1, -1, 1, -3, -2, 4, 3, 3, 2, 1, 1, -2, 0], [0, -1, -1, -1, 0, 2, 0, 0, -2, 1, -1, 1, -3, -2, 3, 4, 3, 2, 1, 1, -2, 0], [1, -1, 0, 1, -2, -1, -1, 0, 0, -1, 0, -2, 0, -1, -2, -2, -1, 0, -2, 0, 1, 1], [0, 1, 1, 1, 0, -2, 0, 0, 2, -1, 1, -1, 3, 2, -3, -3, -3, -1, -1, -1, 2, 0], [1, -1, 0, 1, -2, -1, -1, 0, 0, -1, 0, -2, 0, -1, -2, -2, -2, 0, -1, 0, 1, 1], [1, 0, 1, 2, -1, -2, 0, 1, 3, -3, 2, -2, 3, 3, -5, -5, -4, -4, -1, -1, 2, 1], [0, -1, -1, -1, 0, 2, 0, 0, -2, 1, -1, 1, -3, -2, 3, 3, 3, 2, 1, 1, -1, 0], [0, 0, 0, 0, 0, 0, 0, 0, 0, 0, 0, 0, 0, 0, 0, 0, 0, 0, 0, 0, 0, 1]]
[[1, 0, 0, 0, 0, 0, 0, 0, 0, 0, 0, 0, 0, 0, 0, 0, 0, 0, 0, 0, 0, 0], [0, 1, 0, 0, 0, 0, 0, 0, 0, 0, 0, 0, 0, 0, 0, 0, 0, 0, 0, 0, 0, 0], [0, 0, 1, 0, 0, 0, 0, 0, 0, 0, 0, 0, 0, 0, 0, 0, 0, 0, 0, 0, 0, 0], [0, 0, 0, 1, 0, 0, 0, 0, 0, 0, 0, 0, 0, 0, 0, 0, 0, 0, 0, 0, 0, 0], [0, 0, 0, 0, 1, 0, 0, 0, 0, 0, 0, 0, 0, 0, 0, 0, 0, 0, 0, 0, 0, 0], [0, 0, 0, 0, 0, 1, 0, 0, 0, 0, 0, 0, 0, 0, 0, 0, 0, 0, 0, 0, 0, 0], [0, 0, 0, 0, 0, 0, 1, 0, 0, 0, 0, 0, 0, 0, 0, 0, 0, 0, 0, 0, 0, 0], [0, 0, 0, 0, 0, 0, 0, 1, 0, 0, 0, 0, 0, 0, 0, 0, 0, 0, 0, 0, 0, 0], [0, 0, 0, 0, 0, 0, 0, 0, 1, 0, 0, 0, 0, 0, 0, 0, 0, 0, 0, 0, 0, 0], [0, 0, 0, 0, 0, 0, 0, 0, 0, 1, 0, 0, 0, 0, 0, 0, 0, 0, 0, 0, 0, 0], [0, 0, 0, 0, 0, 0, 0, 0, 0, 0, 1, 0, 0, 0, 0, 0, 0, 0, 0, 0, 0, 0], [0, 0, 0, 0, 0, 0, 0, 0, 0, 0, 0, 1, 0, 0, 0, 0, 0, 0, 0, 0, 0, 0], [0, 0, 0, 0, 0, 0, 0, 0, 0, 0, 0, 0, 1, 0, 0, 0, 0, 0, 0, 0, 0, 0], [0, 0, 0, 0, 0, 0, 0, 0, 0, 0, 0, 0, 0, 1, 0, 0, 0, 0, 0, 0, 0, 0], [0, 0, 0, 0, 0, 0, 0, 0, 0, 0, 0, 0, 0, 0, 1, 0, 0, 0, 0, 0, 0, 0], [0, 0, 0, 0, 0, 0, 0, 0, 0, 0, 0, 0, 0, 0, 0, 1, 0, 0, 0, 0, 0, 0], [0, 0, 0, 0, 0, 0, 0, 0, 0, 0, 0, 0, 0, 0, 0, 0, 1, 0, 0, 0, 0, 0], [0, 0, 0, 0, 0, 0, 0, 0, 0, 0, 0, 0, 0, 0, 0, 0, 0, 1, 0, 0, 0, 0], [0, 0, 0, 0, 0, 0, 0, 0, 0, 0, 0, 0, 0, 0, 0, 0, 0, 0, 1, 0, 0, 0], [0, 0, 0, 0, 0, 0, 0, 0, 0, 0, 0, 0, 0, 0, 0, 0, 0, 0, 0, 1, 0, 0], [0, 0, 0, 0, 0, 0, 0, 0, 0, 0, 0, 0, 0, 0, 0, 0, 0, 0, 0, 0, 1, 0], [0, 0, 0, 0, 0, 0, 0, 0, 0, 0, 0, 0, 0, 0, 0, 0, 0, 0, 0, 0, 0, 1]]
[[1, 0, 0, 0, 0, 0, 0, 0, 0, 0, 0, 0, 0, 0, 0, 0, 0, 0, 0, 0, 0, 0], [0, 1, 0, 0, 0, 0, 0, 0, 0, 0, 0, 0, 0, 0, 0, 0, 0, 0, 0, 0, 0, 0], [0, 0, 1, 0, 0, 0, 0, 0, 0, 0, 0, 0, 0, 0, 0, 0, 0, 0, 0, 0, 0, 0], [0, 0, 0, 1, 0, 0, 0, 0, 0, 0, 0, 0, 0, 0, 0, 0, 0, 0, 0, 0, 0, 0], [0, 0, 0, 0, 1, 0, 0, 0, 0, 0, 0, 0, 0, 0, 0, 0, 0, 0, 0, 0, 0, 0], [0, 0, 0, 0, 0, 1, 0, 0, 0, 0, 0, 0, 0, 0, 0, 0, 0, 0, 0, 0, 0, 0], [0, 0, 0, 0, 0, 0, 1, 0, 0, 0, 0, 0, 0, 0, 0, 0, 0, 0, 0, 0, 0, 0], [0, 0, 0, 0, 0, 0, 0, 1, 0, 0, 0, 0, 0, 0, 0, 0, 0, 0, 0, 0, 0, 0], [0, 0, 0, 0, 0, 0, 0, 0, 1, 0, 0, 0, 0, 0, 0, 0, 0, 0, 0, 0, 0, 0], [0, 0, 0, 0, 0, 0, 0, 0, 0, 1, 0, 0, 0, 0, 0, 0, 0, 0, 0, 0, 0, 0], [0, 0, 0, 0, 0, 0, 0, 0, 0, 0, 1, 0, 0, 0, 0, 0, 0, 0, 0, 0, 0, 0], [0, 0, 0, 0, 0, 0, 0, 0, 0, 0, 0, 1, 0, 0, 0, 0, 0, 0, 0, 0, 0, 0], [0, 0, 0, 0, 0, 0, 0, 0, 0, 0, 0, 0, 1, 0, 0, 0, 0, 0, 0, 0, 0, 0], [0, 0, 0, 0, 0, 0, 0, 0, 0, 0, 0, 0, 0, 1, 0, 0, 0, 0, 0, 0, 0, 0], [0, 0, 0, 0, 0, 0, 0, 0, 0, 0, 0, 0, 0, 0, 1, 0, 0, 0, 0, 0, 0, 0], [0, 0, 0, 0, 0, 0, 0, 0, 0, 0, 0, 0, 0, 0, 0, 1, 0, 0, 0, 0, 0, 0], [0, 0, 0, 0, 0, 0, 0, 0, 0, 0, 0, 0, 0, 0, 0, 0, 1, 0, 0, 0, 0, 0], [0, 0, 0, 0, 0, 0, 0, 0, 0, 0, 0, 0, 0, 0, 0, 0, 0, 1, 0, 0, 0, 0], [0, 0, 0, 0, 0, 0, 0, 0, 0, 0, 0, 0, 0, 0, 0, 0, 0, 0, 1, 0, 0, 0], [0, 0, 0, 0, 0, 0, 0, 0, 0, 0, 0, 0, 0, 0, 0, 0, 0, 0, 0, 1, 0, 0], [0, 0, 0, 0, 0, 0, 0, 0, 0, 0, 0, 0, 0, 0, 0, 0, 0, 0, 0, 0, 1, 0], [0, 0, 0, 0, 0, 0, 0, 0, 0, 0, 0, 0, 0, 0, 0, 0, 0, 0, 0, 0, 0, 1]]
[[1, 0, 0, 0, 0, 0, 0, 0, 0, 0, 0, 0, 0, 0, 0, 0, 0, 0, 0, 0, 0, 0], [0, 1, 0, 0, 0, 0, 0, 0, 0, 0, 0, 0, 0, 0, 0, 0, 0, 0, 0, 0, 0, 0], [0, 0, 1, 0, 0, 0, 0, 0, 0, 0, 0, 0, 0, 0, 0, 0, 0, 0, 0, 0, 0, 0], [0, 0, 0, 1, 0, 0, 0, 0, 0, 0, 0, 0, 0, 0, 0, 0, 0, 0, 0, 0, 0, 0], [0, 0, 0, 0, 1, 0, 0, 0, 0, 0, 0, 0, 0, 0, 0, 0, 0, 0, 0, 0, 0, 0], [0, 0, 0, 0, 0, 1, 0, 0, 0, 0, 0, 0, 0, 0, 0, 0, 0, 0, 0, 0, 0, 0], [0, 0, 0, 0, 0, 0, 1, 0, 0, 0, 0, 0, 0, 0, 0, 0, 0, 0, 0, 0, 0, 0], [0, 0, 0, 0, 0, 0, 0, 1, 0, 0, 0, 0, 0, 0, 0, 0, 0, 0, 0, 0, 0, 0], [0, 0, 0, 0, 0, 0, 0, 0, 1, 0, 0, 0, 0, 0, 0, 0, 0, 0, 0, 0, 0, 0], [0, 0, 0, 0, 0, 0, 0, 0, 0, 1, 0, 0, 0, 0, 0, 0, 0, 0, 0, 0, 0, 0], [0, 0, 0, 0, 0, 0, 0, 0, 0, 0, 1, 0, 0, 0, 0, 0, 0, 0, 0, 0, 0, 0], [0, 0, 0, 0, 0, 0, 0, 0, 0, 0, 0, 1, 0, 0, 0, 0, 0, 0, 0, 0, 0, 0], [0, 0, 0, 0, 0, 0, 0, 0, 0, 0, 0, 0, 1, 0, 0, 0, 0, 0, 0, 0, 0, 0], [0, 0, 0, 0, 0, 0, 0, 0, 0, 0, 0, 0, 0, 1, 0, 0, 0, 0, 0, 0, 0, 0], [0, 0, 0, 0, 0, 0, 0, 0, 0, 0, 0, 0, 0, 0, 1, 0, 0, 0, 0, 0, 0, 0], [0, 0, 0, 0, 0, 0, 0, 0, 0, 0, 0, 0, 0, 0, 0, 1, 0, 0, 0, 0, 0, 0], [0, 0, 0, 0, 0, 0, 0, 0, 0, 0, 0, 0, 0, 0, 0, 0, 1, 0, 0, 0, 0, 0], [0, 0, 0, 0, 0, 0, 0, 0, 0, 0, 0, 0, 0, 0, 0, 0, 0, 1, 0, 0, 0, 0], [0, 0, 0, 0, 0, 0, 0, 0, 0, 0, 0, 0, 0, 0, 0, 0, 0, 0, 1, 0, 0, 0], [0, 0, 0, 0, 0, 0, 0, 0, 0, 0, 0, 0, 0, 0, 0, 0, 0, 0, 0, 1, 0, 0], [0, 0, 0, 0, 0, 0, 0, 0, 0, 0, 0, 0, 0, 0, 0, 0, 0, 0, 0, 0, 1, 0], [0, 0, 0, 0, 0, 0, 0, 0, 0, 0, 0, 0, 0, 0, 0, 0, 0, 0, 0, 0, 0, 1]]
[[1, 0, 0, 0, 0, 0, 0, 0, 0, 0, 0, 0, 0, 0, 0, 0, 0, 0, 0, 0, 0, 0], [0, 1, 0, 0, 0, 0, 0, 0, 0, 0, 0, 0, 0, 0, 0, 0, 0, 0, 0, 0, 0, 0], [0, 0, 1, 0, 0, 0, 0, 0, 0, 0, 0, 0, 0, 0, 0, 0, 0, 0, 0, 0, 0, 0], [0, 0, 0, 1, 0, 0, 0, 0, 0, 0, 0, 0, 0, 0, 0, 0, 0, 0, 0, 0, 0, 0], [0, 0, 0, 0, 1, 0, 0, 0, 0, 0, 0, 0, 0, 0, 0, 0, 0, 0, 0, 0, 0, 0], [0, 0, 0, 0, 0, 1, 0, 0, 0, 0, 0, 0, 0, 0, 0, 0, 0, 0, 0, 0, 0, 0], [0, 0, 0, 0, 0, 0, 1, 0, 0, 0, 0, 0, 0, 0, 0, 0, 0, 0, 0, 0, 0, 0], [0, 0, 0, 0, 0, 0, 0, 1, 0, 0, 0, 0, 0, 0, 0, 0, 0, 0, 0, 0, 0, 0], [0, 0, 0, 0, 0, 0, 0, 0, 1, 0, 0, 0, 0, 0, 0, 0, 0, 0, 0, 0, 0, 0], [0, 0, 0, 0, 0, 0, 0, 0, 0, 1, 0, 0, 0, 0, 0, 0, 0, 0, 0, 0, 0, 0], [0, 0, 0, 0, 0, 0, 0, 0, 0, 0, 1, 0, 0, 0, 0, 0, 0, 0, 0, 0, 0, 0], [0, 0, 0, 0, 0, 0, 0, 0, 0, 0, 0, 1, 0, 0, 0, 0, 0, 0, 0, 0, 0, 0], [0, 0, 0, 0, 0, 0, 0, 0, 0, 0, 0, 0, 1, 0, 0, 0, 0, 0, 0, 0, 0, 0], [0, 0, 0, 0, 0, 0, 0, 0, 0, 0, 0, 0, 0, 1, 0, 0, 0, 0, 0, 0, 0, 0], [0, 0, 0, 0, 0, 0, 0, 0, 0, 0, 0, 0, 0, 0, 1, 0, 0, 0, 0, 0, 0, 0], [0, 0, 0, 0, 0, 0, 0, 0, 0, 0, 0, 0, 0, 0, 0, 1, 0, 0, 0, 0, 0, 0], [0, 0, 0, 0, 0, 0, 0, 0, 0, 0, 0, 0, 0, 0, 0, 0, 1, 0, 0, 0, 0, 0], [0, 0, 0, 0, 0, 0, 0, 0, 0, 0, 0, 0, 0, 0, 0, 0, 0, 1, 0, 0, 0, 0], [0, 0, 0, 0, 0, 0, 0, 0, 0, 0, 0, 0, 0, 0, 0, 0, 0, 0, 1, 0, 0, 0], [0, 0, 0, 0, 0, 0, 0, 0, 0, 0, 0, 0, 0, 0, 0, 0, 0, 0, 0, 1, 0, 0], [0, 0, 0, 0, 0, 0, 0, 0, 0, 0, 0, 0, 0, 0, 0, 0, 0, 0, 0, 0, 1, 0], [0, 0, 0, 0, 0, 0, 0, 0, 0, 0, 0, 0, 0, 0, 0, 0, 0, 0, 0, 0, 0, 1]]
[[1, 0, 0, 0, 0, 0, 0, 0, 0, 0, 0, 0, 0, 0, 0, 0, 0, 0, 0, 0, 0, 0], [0, 1, 0, 0, 0, 0, 0, 0, 0, 0, 0, 0, 0, 0, 0, 0, 0, 0, 0, 0, 0, 0], [0, 0, 1, 0, 0, 0, 0, 0, 0, 0, 0, 0, 0, 0, 0, 0, 0, 0, 0, 0, 0, 0], [0, 0, 0, 1, 0, 0, 0, 0, 0, 0, 0, 0, 0, 0, 0, 0, 0, 0, 0, 0, 0, 0], [0, 0, 0, 0, 1, 0, 0, 0, 0, 0, 0, 0, 0, 0, 0, 0, 0, 0, 0, 0, 0, 0], [0, 0, 0, 0, 0, 1, 0, 0, 0, 0, 0, 0, 0, 0, 0, 0, 0, 0, 0, 0, 0, 0], [0, 0, 0, 0, 0, 0, 1, 0, 0, 0, 0, 0, 0, 0, 0, 0, 0, 0, 0, 0, 0, 0], [0, 0, 0, 0, 0, 0, 0, 1, 0, 0, 0, 0, 0, 0, 0, 0, 0, 0, 0, 0, 0, 0], [0, 0, 0, 0, 0, 0, 0, 0, 1, 0, 0, 0, 0, 0, 0, 0, 0, 0, 0, 0, 0, 0], [0, 0, 0, 0, 0, 0, 0, 0, 0, 1, 0, 0, 0, 0, 0, 0, 0, 0, 0, 0, 0, 0], [0, 0, 0, 0, 0, 0, 0, 0, 0, 0, 1, 0, 0, 0, 0, 0, 0, 0, 0, 0, 0, 0], [0, 0, 0, 0, 0, 0, 0, 0, 0, 0, 0, 1, 0, 0, 0, 0, 0, 0, 0, 0, 0, 0], [0, 0, 0, 0, 0, 0, 0, 0, 0, 0, 0, 0, 1, 0, 0, 0, 0, 0, 0, 0, 0, 0], [0, 0, 0, 0, 0, 0, 0, 0, 0, 0, 0, 0, 0, 1, 0, 0, 0, 0, 0, 0, 0, 0], [0, 0, 0, 0, 0, 0, 0, 0, 0, 0, 0, 0, 0, 0, 1, 0, 0, 0, 0, 0, 0, 0], [0, 0, 0, 0, 0, 0, 0, 0, 0, 0, 0, 0, 0, 0, 0, 1, 0, 0, 0, 0, 0, 0], [0, 0, 0, 0, 0, 0, 0, 0, 0, 0, 0, 0, 0, 0, 0, 0, 1, 0, 0, 0, 0, 0], [0, 0, 0, 0, 0, 0, 0, 0, 0, 0, 0, 0, 0, 0, 0, 0, 0, 1, 0, 0, 0, 0], [0, 0, 0, 0, 0, 0, 0, 0, 0, 0, 0, 0, 0, 0, 0, 0, 0, 0, 1, 0, 0, 0], [0, 0, 0, 0, 0, 0, 0, 0, 0, 0, 0, 0, 0, 0, 0, 0, 0, 0, 0, 1, 0, 0], [0, 0, 0, 0, 0, 0, 0, 0, 0, 0, 0, 0, 0, 0, 0, 0, 0, 0, 0, 0, 1, 0], [0, 0, 0, 0, 0, 0, 0, 0, 0, 0, 0, 0, 0, 0, 0, 0, 0, 0, 0, 0, 0, 1]]
[[0, 2, 0, 0, 1, 0, 0, 0, 0, 1, 0, 1, 0, 0, 2, 1, 0, 1, 1, 0, -1, -1], [2, -2, 1, 1, -2, 0, 0, 0, 1, -3, 1, -1, 0, 0, -3, -3, -1, -2, -2, 0, 2, 1], [1, -1, 1, 0, -1, 0, 0, 0, 0, -1, 0, -1, -1, -1, -1, -1, -1, 0, -2, 0, 1, 0], [-1, 1, -1, 0, 1, 0, 0, 0, -1, 2, -1, 1, 0, 0, 2, 2, 1, 1, 2, 0, -2, 0], [0, 0, 0, 0, 1, 0, 0, 0, 0, 0, 0, 0, 0, 0, 0, 0, 0, 0, 0, 0, 0, 0], [-1, 1, -1, -1, 1, 1, 0, 0, -1, 2, -1, 0, 0, 0, 1, 2, 1, 1, 1, 0, -1, 0], [0, 0, 0, 0, 0, 0, 1, 0, 0, 0, 0, 0, 0, 0, 0, 0, 0, 0, 0, 0, 0, 0], [0, 0, 1, 1, 0, 0, 0, 1, 1, -1, 1, 1, 1, 1, 0, -1, 0, -1, 1, 0, 0, 0], [0, 0, 0, 0, 0, 0, 0, 0, 1, 0, 0, 1, 0, 0, 1, 0, 0, 0, 1, 0, -1, 0], [-1, 1, 0, 0, 1, 0, 0, 0, 0, 2, 0, 0, 1, 1, 0, 1, 1, 0, 1, 0, 0, 0], [-1, 1, -1, -1, 1, 0, 0, 0, -1, 2, 0, -1, 0, 0, 0, 2, 1, 1, 0, 0, 0, 0], [-1, 1, 0, 0, 1, 0, 0, 0, 0, 1, 0, 1, 1, 1, 0, 1, 1, 0, 1, 0, 0, 0], [-1, 2, -1, -1, 1, 0, 0, 0, -1, 2, -1, 1, 0, -1, 3, 2, 0, 2, 1, 0, -2, -1], [0, 0, 0, 0, 0, 0, 0, 0, 0, 0, 0, 0, 0, 1, 0, 0, 0, 0, 0, 0, 0, 0], [0, 0, 0, 0, 0, 0, 0, 0, 0, 0, 0, 0, 0, 0, 1, 0, 0, 0, 0, 0, 0, 0], [-1, 2, 0, 0, 1, 0, 0, 0, 0, 1, 0, 2, 0, 0, 3, 2, 0, 1, 2, 0, -2, -1], [1, -1, 0, 0, -1, 0, 0, 0, 0, -1, 0, 0, -1, -1, 0, -1, 0, 0, -1, 0, 0, 0], [0, 0, -1, -1, 0, 0, 0, 0, -1, 1, -1, 0, -1, -1, 1, 1, 0, 2, 0, 0, -1, 0], [1, -1, 0, 0, -1, 0, 0, 0, 0, -1, 0, -1, -1, -1, -1, -1, -1, 0, -1, 0, 1, 0], [1, -2, 1, 1, -1, 0, 0, 0, 1, -2, 1, -1, 1, 1, -3, -2, 0, -2, -1, 1, 2, 1], [0, 0, 0, 0, 0, 0, 0, 0, 0, 0, 0, 1, 0, 0, 1, 0, 0, 0, 1, 0, 0, 0], [1, -1, 1, 1, -1, 0, 0, 0, 1, -2, 1, -1, 0, 0, -2, -2, -1, -1, -2, 0, 2, 1]]
[[1, 0, 0, 0, 0, 0, 0, 0, 0, 0, 0, 0, 0, 0, 0, 0, 0, 0, 0, 0, 0, 0], [0, 1, 0, 0, 0, 0, 0, 0, 0, 0, 0, 0, 0, 0, 0, 0, 0, 0, 0, 0, 0, 0], [0, 0, 1, 0, 0, 0, 0, 0, 0, 0, 0, 0, 0, 0, 0, 0, 0, 0, 0, 0, 0, 0], [0, 0, 0, 1, 0, 0, 0, 0, 0, 0, 0, 0, 0, 0, 0, 0, 0, 0, 0, 0, 0, 0], [0, 0, 0, 0, 1, 0, 0, 0, 0, 0, 0, 0, 0, 0, 0, 0, 0, 0, 0, 0, 0, 0], [0, 0, 0, 0, 0, 1, 0, 0, 0, 0, 0, 0, 0, 0, 0, 0, 0, 0, 0, 0, 0, 0], [0, 0, 0, 0, 0, 0, 1, 0, 0, 0, 0, 0, 0, 0, 0, 0, 0, 0, 0, 0, 0, 0], [0, 0, 0, 0, 0, 0, 0, 1, 0, 0, 0, 0, 0, 0, 0, 0, 0, 0, 0, 0, 0, 0], [0, 0, 0, 0, 0, 0, 0, 0, 1, 0, 0, 0, 0, 0, 0, 0, 0, 0, 0, 0, 0, 0], [0, 0, 0, 0, 0, 0, 0, 0, 0, 1, 0, 0, 0, 0, 0, 0, 0, 0, 0, 0, 0, 0], [0, 0, 0, 0, 0, 0, 0, 0, 0, 0, 1, 0, 0, 0, 0, 0, 0, 0, 0, 0, 0, 0], [0, 0, 0, 0, 0, 0, 0, 0, 0, 0, 0, 1, 0, 0, 0, 0, 0, 0, 0, 0, 0, 0], [0, 0, 0, 0, 0, 0, 0, 0, 0, 0, 0, 0, 1, 0, 0, 0, 0, 0, 0, 0, 0, 0], [0, 0, 0, 0, 0, 0, 0, 0, 0, 0, 0, 0, 0, 1, 0, 0, 0, 0, 0, 0, 0, 0], [0, 0, 0, 0, 0, 0, 0, 0, 0, 0, 0, 0, 0, 0, 1, 0, 0, 0, 0, 0, 0, 0], [0, 0, 0, 0, 0, 0, 0, 0, 0, 0, 0, 0, 0, 0, 0, 1, 0, 0, 0, 0, 0, 0], [0, 0, 0, 0, 0, 0, 0, 0, 0, 0, 0, 0, 0, 0, 0, 0, 1, 0, 0, 0, 0, 0], [0, 0, 0, 0, 0, 0, 0, 0, 0, 0, 0, 0, 0, 0, 0, 0, 0, 1, 0, 0, 0, 0], [0, 0, 0, 0, 0, 0, 0, 0, 0, 0, 0, 0, 0, 0, 0, 0, 0, 0, 1, 0, 0, 0], [0, 0, 0, 0, 0, 0, 0, 0, 0, 0, 0, 0, 0, 0, 0, 0, 0, 0, 0, 1, 0, 0], [0, 0, 0, 0, 0, 0, 0, 0, 0, 0, 0, 0, 0, 0, 0, 0, 0, 0, 0, 0, 1, 0], [0, 0, 0, 0, 0, 0, 0, 0, 0, 0, 0, 0, 0, 0, 0, 0, 0, 0, 0, 0, 0, 1]]
[[1, 0, 0, 0, 0, 0, 0, 0, 0, 0, 0, 0, 0, 0, 0, 0, 0, 0, 0, 0, 0, 0], [0, 1, 0, 0, 0, 0, 0, 0, 0, 0, 0, 0, 0, 0, 0, 0, 0, 0, 0, 0, 0, 0], [0, 0, 1, 0, 0, 0, 0, 0, 0, 0, 0, 0, 0, 0, 0, 0, 0, 0, 0, 0, 0, 0], [0, 0, 0, 1, 0, 0, 0, 0, 0, 0, 0, 0, 0, 0, 0, 0, 0, 0, 0, 0, 0, 0], [0, 0, 0, 0, 1, 0, 0, 0, 0, 0, 0, 0, 0, 0, 0, 0, 0, 0, 0, 0, 0, 0], [0, 0, 0, 0, 0, 1, 0, 0, 0, 0, 0, 0, 0, 0, 0, 0, 0, 0, 0, 0, 0, 0], [0, 0, 0, 0, 0, 0, 1, 0, 0, 0, 0, 0, 0, 0, 0, 0, 0, 0, 0, 0, 0, 0], [0, 0, 0, 0, 0, 0, 0, 1, 0, 0, 0, 0, 0, 0, 0, 0, 0, 0, 0, 0, 0, 0], [0, 0, 0, 0, 0, 0, 0, 0, 1, 0, 0, 0, 0, 0, 0, 0, 0, 0, 0, 0, 0, 0], [0, 0, 0, 0, 0, 0, 0, 0, 0, 1, 0, 0, 0, 0, 0, 0, 0, 0, 0, 0, 0, 0], [0, 0, 0, 0, 0, 0, 0, 0, 0, 0, 1, 0, 0, 0, 0, 0, 0, 0, 0, 0, 0, 0], [0, 0, 0, 0, 0, 0, 0, 0, 0, 0, 0, 1, 0, 0, 0, 0, 0, 0, 0, 0, 0, 0], [0, 0, 0, 0, 0, 0, 0, 0, 0, 0, 0, 0, 1, 0, 0, 0, 0, 0, 0, 0, 0, 0], [0, 0, 0, 0, 0, 0, 0, 0, 0, 0, 0, 0, 0, 1, 0, 0, 0, 0, 0, 0, 0, 0], [0, 0, 0, 0, 0, 0, 0, 0, 0, 0, 0, 0, 0, 0, 1, 0, 0, 0, 0, 0, 0, 0], [0, 0, 0, 0, 0, 0, 0, 0, 0, 0, 0, 0, 0, 0, 0, 1, 0, 0, 0, 0, 0, 0], [0, 0, 0, 0, 0, 0, 0, 0, 0, 0, 0, 0, 0, 0, 0, 0, 1, 0, 0, 0, 0, 0], [0, 0, 0, 0, 0, 0, 0, 0, 0, 0, 0, 0, 0, 0, 0, 0, 0, 1, 0, 0, 0, 0], [0, 0, 0, 0, 0, 0, 0, 0, 0, 0, 0, 0, 0, 0, 0, 0, 0, 0, 1, 0, 0, 0], [0, 0, 0, 0, 0, 0, 0, 0, 0, 0, 0, 0, 0, 0, 0, 0, 0, 0, 0, 1, 0, 0], [0, 0, 0, 0, 0, 0, 0, 0, 0, 0, 0, 0, 0, 0, 0, 0, 0, 0, 0, 0, 1, 0], [0, 0, 0, 0, 0, 0, 0, 0, 0, 0, 0, 0, 0, 0, 0, 0, 0, 0, 0, 0, 0, 1]]
[[1, 0, 0, 0, 0, 0, 0, 0, 0, 0, 0, 0, 0, 0, 0, 0, 0, 0, 0, 0, 0, 0], [0, 1, 0, 0, 0, 0, 0, 0, 0, 0, 0, 0, 0, 0, 0, 0, 0, 0, 0, 0, 0, 0], [0, 0, 1, 0, 0, 0, 0, 0, 0, 0, 0, 0, 0, 0, 0, 0, 0, 0, 0, 0, 0, 0], [0, 0, 0, 1, 0, 0, 0, 0, 0, 0, 0, 0, 0, 0, 0, 0, 0, 0, 0, 0, 0, 0], [0, 0, 0, 0, 1, 0, 0, 0, 0, 0, 0, 0, 0, 0, 0, 0, 0, 0, 0, 0, 0, 0], [0, 0, 0, 0, 0, 1, 0, 0, 0, 0, 0, 0, 0, 0, 0, 0, 0, 0, 0, 0, 0, 0], [0, 0, 0, 0, 0, 0, 1, 0, 0, 0, 0, 0, 0, 0, 0, 0, 0, 0, 0, 0, 0, 0], [0, 0, 0, 0, 0, 0, 0, 1, 0, 0, 0, 0, 0, 0, 0, 0, 0, 0, 0, 0, 0, 0], [0, 0, 0, 0, 0, 0, 0, 0, 1, 0, 0, 0, 0, 0, 0, 0, 0, 0, 0, 0, 0, 0], [0, 0, 0, 0, 0, 0, 0, 0, 0, 1, 0, 0, 0, 0, 0, 0, 0, 0, 0, 0, 0, 0], [0, 0, 0, 0, 0, 0, 0, 0, 0, 0, 1, 0, 0, 0, 0, 0, 0, 0, 0, 0, 0, 0], [0, 0, 0, 0, 0, 0, 0, 0, 0, 0, 0, 1, 0, 0, 0, 0, 0, 0, 0, 0, 0, 0], [0, 0, 0, 0, 0, 0, 0, 0, 0, 0, 0, 0, 1, 0, 0, 0, 0, 0, 0, 0, 0, 0], [0, 0, 0, 0, 0, 0, 0, 0, 0, 0, 0, 0, 0, 1, 0, 0, 0, 0, 0, 0, 0, 0], [0, 0, 0, 0, 0, 0, 0, 0, 0, 0, 0, 0, 0, 0, 1, 0, 0, 0, 0, 0, 0, 0], [0, 0, 0, 0, 0, 0, 0, 0, 0, 0, 0, 0, 0, 0, 0, 1, 0, 0, 0, 0, 0, 0], [0, 0, 0, 0, 0, 0, 0, 0, 0, 0, 0, 0, 0, 0, 0, 0, 1, 0, 0, 0, 0, 0], [0, 0, 0, 0, 0, 0, 0, 0, 0, 0, 0, 0, 0, 0, 0, 0, 0, 1, 0, 0, 0, 0], [0, 0, 0, 0, 0, 0, 0, 0, 0, 0, 0, 0, 0, 0, 0, 0, 0, 0, 1, 0, 0, 0], [0, 0, 0, 0, 0, 0, 0, 0, 0, 0, 0, 0, 0, 0, 0, 0, 0, 0, 0, 1, 0, 0], [0, 0, 0, 0, 0, 0, 0, 0, 0, 0, 0, 0, 0, 0, 0, 0, 0, 0, 0, 0, 1, 0], [0, 0, 0, 0, 0, 0, 0, 0, 0, 0, 0, 0, 0, 0, 0, 0, 0, 0, 0, 0, 0, 1]]
[[-1, 2, 2, 0, 2, 0, 2, 0, 1, 2, -1, 3, 1, 1, 2, 2, 0, 2, 0, 0, -1, -1], [-1, 4, 1, -2, 4, 0, 1, -1, 0, 4, -1, 4, 0, 1, 4, 4, 1, 3, 1, -1, -2, -2], [0, 0, 1, 0, 0, 0, 0, 0, 0, 0, 0, 0, 0, 0, 0, 0, 0, 0, 0, 0, 0, 0], [0, 0, 1, 0, 1, 0, 2, 0, 1, 1, 0, 2, 0, 0, 1, 1, 1, 1, -1, 0, 0, 0], [0, 1, 1, 0, 1, 0, 1, -1, 1, 1, 0, 2, 0, 0, 1, 1, 1, 1, -1, 0, 0, 0], [1, -4, -1, 1, -3, 1, 0, 2, 0, -4, 1, -4, 0, -1, -4, -4, -1, -3, -1, 1, 2, 2], [0, 0, 1, 0, 0, 0, 1, 0, 1, 0, 0, 1, 0, 0, 0, 0, -1, 0, 0, 0, 0, 0], [-1, 4, 0, -1, 3, 0, 0, -1, -1, 4, -1, 3, 0, 1, 4, 4, 2, 3, 1, -1, -2, -2], [0, 1, -1, -1, 1, 0, -1, -1, -1, 2, -1, 0, -1, -1, 2, 2, 1, 2, 0, 0, -1, -1], [0, -1, 0, 1, -1, 0, 1, 1, 1, -1, 1, -1, 1, 1, -2, -2, 0, -2, 0, 0, 1, 1], [1, -5, -1, 3, -5, 0, -1, 3, 1, -7, 3, -6, 1, 0, -7, -7, -3, -6, 0, 1, 3, 3], [0, 0, -1, 0, 0, 0, 0, 0, -1, 0, 0, 0, 0, 0, 0, 0, 1, 0, 0, 0, 0, 0], [0, -2, 0, 2, -2, 0, -1, 2, 1, -4, 1, -3, 2, 1, -3, -4, -3, -3, 1, 1, 1, 1], [1, -2, -1, 0, -2, 0, -1, 0, -1, -1, 0, -2, -1, -1, -2, -1, 0, -1, -1, 0, 1, 1], [-2, 2, 1, 0, 2, 0, 1, 0, 0, 2, -1, 2, 1, 1, 2, 2, 0, 1, 1, -1, -1, -1], [-1, 2, 1, 0, 2, 0, 1, 0, 1, 1, 0, 2, 1, 2, 2, 2, 0, 1, 1, 0, -1, -1], [0, 1, 0, -1, 1, 0, -1, -1, -1, 2, -1, 1, -1, -1, 2, 2, 1, 2, 0, 0, -1, -1], [3, -5, -2, 1, -5, 0, -3, 1, -1, -5, 1, -6, -2, -3, -5, -5, -2, -3, -2, 1, 2, 2], [0, 1, 1, -1, 1, 0, 1, -1, 0, 2, -1, 2, -1, -1, 2, 2, 1, 2, -1, 0, -1, -1], [-1, 3, 1, -1, 3, 0, 2, -1, 1, 3, 0, 4, 1, 2, 2, 3, 2, 1, 1, -1, -1, -1], [-1, 3, 1, -1, 3, 0, 1, -1, 0, 3, -1, 3, 0, 1, 3, 3, 1, 2, 0, -1, -1, -2], [-1, 3, 1, -1, 3, 0, 1, -1, 0, 3, -1, 3, 0, 1, 3, 3, 1, 2, 0, -1, -2, -1]]
[[1, 0, 0, 0, 0, 0, 0, 0, 0, 0, 0, 0, 0, 0, 0, 0, 0, 0, 0, 0, 0, 0], [0, 1, 0, 0, 0, 0, 0, 0, 0, 0, 0, 0, 0, 0, 0, 0, 0, 0, 0, 0, 0, 0], [0, 0, 1, 0, 0, 0, 0, 0, 0, 0, 0, 0, 0, 0, 0, 0, 0, 0, 0, 0, 0, 0], [0, 0, 0, 1, 0, 0, 0, 0, 0, 0, 0, 0, 0, 0, 0, 0, 0, 0, 0, 0, 0, 0], [0, 0, 0, 0, 1, 0, 0, 0, 0, 0, 0, 0, 0, 0, 0, 0, 0, 0, 0, 0, 0, 0], [0, 0, 0, 0, 0, 1, 0, 0, 0, 0, 0, 0, 0, 0, 0, 0, 0, 0, 0, 0, 0, 0], [0, 0, 0, 0, 0, 0, 1, 0, 0, 0, 0, 0, 0, 0, 0, 0, 0, 0, 0, 0, 0, 0], [0, 0, 0, 0, 0, 0, 0, 1, 0, 0, 0, 0, 0, 0, 0, 0, 0, 0, 0, 0, 0, 0], [0, 0, 0, 0, 0, 0, 0, 0, 1, 0, 0, 0, 0, 0, 0, 0, 0, 0, 0, 0, 0, 0], [0, 0, 0, 0, 0, 0, 0, 0, 0, 1, 0, 0, 0, 0, 0, 0, 0, 0, 0, 0, 0, 0], [0, 0, 0, 0, 0, 0, 0, 0, 0, 0, 1, 0, 0, 0, 0, 0, 0, 0, 0, 0, 0, 0], [0, 0, 0, 0, 0, 0, 0, 0, 0, 0, 0, 1, 0, 0, 0, 0, 0, 0, 0, 0, 0, 0], [0, 0, 0, 0, 0, 0, 0, 0, 0, 0, 0, 0, 1, 0, 0, 0, 0, 0, 0, 0, 0, 0], [0, 0, 0, 0, 0, 0, 0, 0, 0, 0, 0, 0, 0, 1, 0, 0, 0, 0, 0, 0, 0, 0], [0, 0, 0, 0, 0, 0, 0, 0, 0, 0, 0, 0, 0, 0, 1, 0, 0, 0, 0, 0, 0, 0], [0, 0, 0, 0, 0, 0, 0, 0, 0, 0, 0, 0, 0, 0, 0, 1, 0, 0, 0, 0, 0, 0], [0, 0, 0, 0, 0, 0, 0, 0, 0, 0, 0, 0, 0, 0, 0, 0, 1, 0, 0, 0, 0, 0], [0, 0, 0, 0, 0, 0, 0, 0, 0, 0, 0, 0, 0, 0, 0, 0, 0, 1, 0, 0, 0, 0], [0, 0, 0, 0, 0, 0, 0, 0, 0, 0, 0, 0, 0, 0, 0, 0, 0, 0, 1, 0, 0, 0], [0, 0, 0, 0, 0, 0, 0, 0, 0, 0, 0, 0, 0, 0, 0, 0, 0, 0, 0, 1, 0, 0], [0, 0, 0, 0, 0, 0, 0, 0, 0, 0, 0, 0, 0, 0, 0, 0, 0, 0, 0, 0, 1, 0], [0, 0, 0, 0, 0, 0, 0, 0, 0, 0, 0, 0, 0, 0, 0, 0, 0, 0, 0, 0, 0, 1]]
[[-2, 4, 1, -3, 4, 1, 4, -1, 0, 7, -3, 8, 0, -1, 7, 8, 5, 6, 2, 0, -5, -4], [-1, 2, 0, -1, 1, 1, 2, 0, 1, 2, -1, 3, 1, 1, 2, 2, 1, 1, 2, 0, -2, -1], [0, 0, 0, 0, -1, 0, 0, 0, 0, 0, 0, 0, 0, 0, 0, 0, -1, 0, 1, 0, 0, 0], [-2, 4, 1, -2, 5, 1, 3, -1, 0, 6, -2, 6, 0, 0, 6, 7, 5, 5, 1, 0, -4, -3], [-1, 2, 0, -1, 2, 0, 1, -1, 0, 3, -1, 3, 0, 0, 3, 3, 2, 2, 1, 0, -2, -2], [1, -2, 1, 2, -1, -1, -2, 1, 0, -4, 2, -4, 0, 1, -4, -4, -3, -3, -2, 0, 3, 2], [-1, 1, 1, 0, 1, 0, 1, 0, 1, 1, 0, 1, 1, 1, 1, 0, 0, 0, 1, 0, 0, -1], [0, 1, -1, -2, 1, 2, 2, 0, -1, 3, -2, 3, -1, -2, 3, 4, 4, 3, 0, 0, -3, -1], [0, 1, -1, -1, 0, 0, 1, -1, 0, 2, -1, 2, -1, -1, 2, 3, 2, 2, 0, 0, -2, -1], [1, -2, 1, 1, 0, 0, -1, 1, 0, -2, 1, -3, 0, 0, -3, -3, -1, -2, -2, 0, 2, 2], [3, -6, 1, 4, -4, -2, -5, 2, 0, -9, 4, -10, 0, 1, -9, -11, -7, -7, -4, 0, 7, 5], [1, 0, 0, 0, 1, 0, -1, 0, 0, -1, 1, -1, 0, 1, -1, -1, 0, -1, -1, 0, 1, 1], [0, -1, 0, 0, -1, -1, 0, 0, -1, 0, -1, 0, 0, -1, 0, 0, -1, 1, -1, 0, 0, 0], [1, -2, 0, 2, -2, 0, -2, 1, 0, -4, 2, -4, 0, 0, -4, -4, -2, -3, -1, 0, 3, 2], [-2, 3, 0, -3, 3, 1, 4, -1, -1, 6, -3, 7, -1, -2, 7, 8, 5, 6, 1, 0, -5, -3], [-1, 1, 0, -2, 1, 1, 2, -1, -1, 4, -3, 4, -1, -2, 4, 5, 3, 4, 0, 0, -3, -2], [0, 0, -1, 0, -1, 0, 0, 0, 0, 0, 0, 0, 0, 0, 0, 0, 0, 0, 1, 0, 0, 0], [2, -3, 0, 4, -4, -2, -4, 1, 1, -7, 4, -7, 1, 2, -7, -8, -5, -6, -1, 0, 5, 3], [-1, 2, 0, -1, 1, 0, 1, -1, 0, 3, -1, 3, 0, 0, 3, 3, 2, 2, 2, 0, -2, -2], [0, 0, 0, -1, 1, 2, 1, 0, 0, 1, -1, 1, 0, -1, 1, 1, 2, 1, 0, 1, -1, 0], [-1, 2, 0, -2, 2, 1, 3, -1, 0, 4, -2, 5, 0, 0, 4, 5, 4, 3, 1, 0, -3, -2], [-1, 2, 0, -1, 1, 0, 1, -1, 0, 3, -1, 3, 0, 0, 3, 3, 2, 2, 1, 0, -2, -1]]
[[1, 0, 0, 0, 0, 0, 0, 0, 0, 0, 0, 0, 0, 0, 0, 0, 0, 0, 0, 0, 0, 0], [0, 1, 0, 0, 0, 0, 0, 0, 0, 0, 0, 0, 0, 0, 0, 0, 0, 0, 0, 0, 0, 0], [0, 0, 1, 0, 0, 0, 0, 0, 0, 0, 0, 0, 0, 0, 0, 0, 0, 0, 0, 0, 0, 0], [0, 0, 0, 1, 0, 0, 0, 0, 0, 0, 0, 0, 0, 0, 0, 0, 0, 0, 0, 0, 0, 0], [0, 0, 0, 0, 1, 0, 0, 0, 0, 0, 0, 0, 0, 0, 0, 0, 0, 0, 0, 0, 0, 0], [0, 0, 0, 0, 0, 1, 0, 0, 0, 0, 0, 0, 0, 0, 0, 0, 0, 0, 0, 0, 0, 0], [0, 0, 0, 0, 0, 0, 1, 0, 0, 0, 0, 0, 0, 0, 0, 0, 0, 0, 0, 0, 0, 0], [0, 0, 0, 0, 0, 0, 0, 1, 0, 0, 0, 0, 0, 0, 0, 0, 0, 0, 0, 0, 0, 0], [0, 0, 0, 0, 0, 0, 0, 0, 1, 0, 0, 0, 0, 0, 0, 0, 0, 0, 0, 0, 0, 0], [0, 0, 0, 0, 0, 0, 0, 0, 0, 1, 0, 0, 0, 0, 0, 0, 0, 0, 0, 0, 0, 0], [0, 0, 0, 0, 0, 0, 0, 0, 0, 0, 1, 0, 0, 0, 0, 0, 0, 0, 0, 0, 0, 0], [0, 0, 0, 0, 0, 0, 0, 0, 0, 0, 0, 1, 0, 0, 0, 0, 0, 0, 0, 0, 0, 0], [0, 0, 0, 0, 0, 0, 0, 0, 0, 0, 0, 0, 1, 0, 0, 0, 0, 0, 0, 0, 0, 0], [0, 0, 0, 0, 0, 0, 0, 0, 0, 0, 0, 0, 0, 1, 0, 0, 0, 0, 0, 0, 0, 0], [0, 0, 0, 0, 0, 0, 0, 0, 0, 0, 0, 0, 0, 0, 1, 0, 0, 0, 0, 0, 0, 0], [0, 0, 0, 0, 0, 0, 0, 0, 0, 0, 0, 0, 0, 0, 0, 1, 0, 0, 0, 0, 0, 0], [0, 0, 0, 0, 0, 0, 0, 0, 0, 0, 0, 0, 0, 0, 0, 0, 1, 0, 0, 0, 0, 0], [0, 0, 0, 0, 0, 0, 0, 0, 0, 0, 0, 0, 0, 0, 0, 0, 0, 1, 0, 0, 0, 0], [0, 0, 0, 0, 0, 0, 0, 0, 0, 0, 0, 0, 0, 0, 0, 0, 0, 0, 1, 0, 0, 0], [0, 0, 0, 0, 0, 0, 0, 0, 0, 0, 0, 0, 0, 0, 0, 0, 0, 0, 0, 1, 0, 0], [0, 0, 0, 0, 0, 0, 0, 0, 0, 0, 0, 0, 0, 0, 0, 0, 0, 0, 0, 0, 1, 0], [0, 0, 0, 0, 0, 0, 0, 0, 0, 0, 0, 0, 0, 0, 0, 0, 0, 0, 0, 0, 0, 1]]
[[1, -2, -1, 0, -2, -1, -1, 0, 1, 0, -1, -1, 0, -3, -1, -1, 0, 1, 0, 1, -2, 0], [0, 0, -1, 0, -1, -1, -1, 0, 0, 0, 0, -1, -1, -2, 0, 0, 0, 1, 0, 0, -1, 0], [1, -2, -2, 0, -3, -1, -2, 0, 0, -1, 0, -3, -1, -4, -2, -2, 0, 0, 0, 0, -1, 0], [-2, 2, 3, 1, 3, 1, 2, 0, 1, 1, 0, 3, 1, 5, 2, 2, -1, -1, 1, -1, 1, 0], [-1, 0, 2, 1, 1, 1, 0, 0, 0, 0, 0, 0, 0, 3, 0, 0, -1, -2, 0, -1, 2, 1], [-1, 0, 1, 0, 1, 1, 1, 0, -1, 0, 0, 1, 0, 1, 1, 1, 0, 0, 0, 0, 1, 0], [-1, -1, 1, 1, -1, 0, 0, 0, 0, 0, 0, -1, -1, 1, 0, 0, -1, -1, 0, -1, 1, 1], [1, 2, -2, -2, 1, -1, 0, -1, 0, 2, -1, 2, 0, -2, 2, 2, 2, 3, 0, 1, -3, -2], [1, 0, 0, 0, 0, 0, 0, 0, 0, 0, 0, 0, 0, -1, 0, 0, 1, 1, -1, 1, 0, 0], [-3, 2, 3, 0, 4, 1, 3, 0, 0, 1, 1, 3, 0, 6, 3, 3, -1, -2, 1, -2, 2, 0], [-2, 1, 2, 0, 2, 1, 2, 0, 0, 0, 1, 2, 1, 4, 1, 1, -1, -2, 1, -1, 2, 0], [-1, 2, 2, 0, 3, 1, 2, 0, 0, 0, 1, 3, 0, 4, 2, 2, 0, -1, 0, -1, 1, 0], [2, 0, -2, -1, -1, -1, -1, 0, 1, 1, -1, 0, 2, -4, -1, -1, 1, 3, 0, 2, -3, -1], [0, -1, -1, 0, -1, 0, 0, 0, -1, -1, 0, -1, 0, 0, -1, -1, 0, -1, 0, 0, 1, 0], [2, 0, -2, -1, -1, -1, -1, 0, 1, 1, -1, 0, 1, -4, 0, -1, 1, 3, 0, 2, -3, -1], [2, 0, -2, -1, -1, -1, -1, 0, 1, 1, -1, 0, 1, -4, -1, 0, 1, 3, 0, 2, -3, -1], [0, 0, 0, 0, 0, 0, 0, 0, 0, 0, 0, 0, 0, 0, 0, 0, 1, 0, 0, 0, 0, 0], [0, -2, 0, 1, -2, 1, 0, 0, -1, -2, 0, -2, 0, 0, -2, -2, 0, -2, -1, 0, 2, 1], [0, -2, 0, 1, -2, 0, -1, 0, 0, -1, 0, -2, -1, -1, -1, -1, 0, -1, 0, 0, 0, 1], [-1, 1, 0, 0, 1, 0, 0, 0, 0, 0, 1, 0, -1, 2, 1, 1, -1, -1, 1, -1, 1, 0], [1, 0, 0, 0, 0, 0, 0, 0, 1, 0, 0, 0, 0, -1, 0, 0, 1, 1, -1, 1, -1, 0], [0, 0, 0, 0, 0, 0, 0, 0, 0, 0, 0, 0, 0, 0, 0, 0, 0, 0, 0, 0, 0, 1]]
[[0, 0, 1, 0, 1, 0, 1, 1, 1, 0, 0, 1, 1, 1, 0, 0, -1, 0, 1, 0, 0, 0], [0, 1, 0, 0, 0, -1, 0, 0, 1, 0, 0, 0, 1, 0, -1, -1, -1, 0, 0, 0, 0, 0], [1, 0, 0, 0, -1, -2, -1, -1, 1, 0, 0, -1, 1, -1, -2, -2, -1, 0, -1, 0, 0, 0], [-2, 0, 2, 1, 2, 3, 2, 2, -1, 0, 0, 2, -1, 2, 3, 3, 1, 0, 2, 0, 0, 0], [-1, 0, 1, 0, 2, 2, 1, 1, -1, 0, 0, 1, -1, 1, 2, 2, 1, 0, 1, 0, 0, 0], [0, 0, 0, 0, 0, 1, 0, 0, 0, 0, 0, 0, 0, 0, 0, 0, 0, 0, 0, 0, 0, 0], [-1, 0, 1, 0, 1, 1, 2, 1, 0, 0, 0, 1, 0, 1, 1, 1, 0, 0, 1, 0, 0, 0], [1, 0, -1, 0, -1, -1, -1, 0, 0, 0, 0, -1, 0, -1, -1, -1, 0, 0, -1, 0, 0, 0], [0, 0, 0, 0, 0, 1, 0, 0, 0, 0, 0, 0, -1, 0, 1, 1, 1, 0, 0, 0, 0, 0], [-1, 0, 1, 0, 1, 2, 1, 1, -1, 1, 0, 1, -1, 1, 2, 2, 1, 0, 1, 0, 0, 0], [0, 0, 0, 0, 0, 0, 0, 0, 0, 0, 1, 0, 0, 0, 0, 0, 0, 0, 0, 0, 0, 0], [0, 0, 0, 0, 0, 1, 0, 0, -1, 0, 0, 1, -1, 0, 1, 1, 1, 0, 0, 0, 0, 0], [0, 0, 0, 0, 0, -1, 0, 0, 1, 0, 0, 0, 2, 0, -1, -1, -1, 0, 0, 0, 0, 0], [1, 0, -1, 0, -1, -1, -1, -1, 0, 0, 0, -1, 0, 0, -1, -1, 0, 0, -1, 0, 0, 0], [0, 0, 0, 0, 0, -1, 0, 0, 1, 0, 0, 0, 1, 0, 0, -1, -1, 0, 0, 0, 0, 0], [0, 0, 0, 0, 0, -1, 0, 0, 1, 0, 0, 0, 1, 0, -1, 0, -1, 0, 0, 0, 0, 0], [0, 0, 0, 0, 0, 0, 0, 0, 0, 0, 0, 0, 0, 0, 0, 0, 1, 0, 0, 0, 0, 0], [1, 0, -1, 0, -1, 0, -1, -1, -1, 0, 0, -1, -1, -1, 0, 0, 1, 1, -1, 0, 0, 0], [0, 0, 0, 0, 0, 0, 0, 0, 0, 0, 0, 0, 0, 0, 0, 0, 0, 0, 1, 0, 0, 0], [0, 0, 0, 0, 0, 0, 0, 0, 0, 0, 0, 0, 0, 0, 0, 0, 0, 0, 0, 1, 0, 0], [0, 0, 0, 0, 0, 0, 0, 0, 0, 0, 0, 0, 0, 0, 0, 0, 0, 0, 0, 0, 1, 0], [0, 0, 0, 0, 0, 0, 0, 0, 0, 0, 0, 0, 0, 0, 0, 0, 0, 0, 0, 0, 0, 1]]
[[1, 0, 0, 0, 0, 0, 0, 0, 0, 0, 0, 0, 0, 0, 0, 0, 0, 0, 0, 0, 0, 0], [0, 1, 0, 0, 0, 0, 0, 0, 0, 0, 0, 0, 0, 0, 0, 0, 0, 0, 0, 0, 0, 0], [0, 0, 1, 0, 0, 0, 0, 0, 0, 0, 0, 0, 0, 0, 0, 0, 0, 0, 0, 0, 0, 0], [0, 0, 0, 1, 0, 0, 0, 0, 0, 0, 0, 0, 0, 0, 0, 0, 0, 0, 0, 0, 0, 0], [0, 0, 0, 0, 1, 0, 0, 0, 0, 0, 0, 0, 0, 0, 0, 0, 0, 0, 0, 0, 0, 0], [0, 0, 0, 0, 0, 1, 0, 0, 0, 0, 0, 0, 0, 0, 0, 0, 0, 0, 0, 0, 0, 0], [0, 0, 0, 0, 0, 0, 1, 0, 0, 0, 0, 0, 0, 0, 0, 0, 0, 0, 0, 0, 0, 0], [0, 0, 0, 0, 0, 0, 0, 1, 0, 0, 0, 0, 0, 0, 0, 0, 0, 0, 0, 0, 0, 0], [0, 0, 0, 0, 0, 0, 0, 0, 1, 0, 0, 0, 0, 0, 0, 0, 0, 0, 0, 0, 0, 0], [0, 0, 0, 0, 0, 0, 0, 0, 0, 1, 0, 0, 0, 0, 0, 0, 0, 0, 0, 0, 0, 0], [0, 0, 0, 0, 0, 0, 0, 0, 0, 0, 1, 0, 0, 0, 0, 0, 0, 0, 0, 0, 0, 0], [0, 0, 0, 0, 0, 0, 0, 0, 0, 0, 0, 1, 0, 0, 0, 0, 0, 0, 0, 0, 0, 0], [0, 0, 0, 0, 0, 0, 0, 0, 0, 0, 0, 0, 1, 0, 0, 0, 0, 0, 0, 0, 0, 0], [0, 0, 0, 0, 0, 0, 0, 0, 0, 0, 0, 0, 0, 1, 0, 0, 0, 0, 0, 0, 0, 0], [0, 0, 0, 0, 0, 0, 0, 0, 0, 0, 0, 0, 0, 0, 1, 0, 0, 0, 0, 0, 0, 0], [0, 0, 0, 0, 0, 0, 0, 0, 0, 0, 0, 0, 0, 0, 0, 1, 0, 0, 0, 0, 0, 0], [0, 0, 0, 0, 0, 0, 0, 0, 0, 0, 0, 0, 0, 0, 0, 0, 1, 0, 0, 0, 0, 0], [0, 0, 0, 0, 0, 0, 0, 0, 0, 0, 0, 0, 0, 0, 0, 0, 0, 1, 0, 0, 0, 0], [0, 0, 0, 0, 0, 0, 0, 0, 0, 0, 0, 0, 0, 0, 0, 0, 0, 0, 1, 0, 0, 0], [0, 0, 0, 0, 0, 0, 0, 0, 0, 0, 0, 0, 0, 0, 0, 0, 0, 0, 0, 1, 0, 0], [0, 0, 0, 0, 0, 0, 0, 0, 0, 0, 0, 0, 0, 0, 0, 0, 0, 0, 0, 0, 1, 0], [0, 0, 0, 0, 0, 0, 0, 0, 0, 0, 0, 0, 0, 0, 0, 0, 0, 0, 0, 0, 0, 1]]
[[1, 0, 0, 0, 0, 0, 0, 0, 0, 0, 0, 0, 0, 0, 0, 0, 0, 0, 0, 0, 0, 0], [0, 1, 0, 0, 0, 0, 0, 0, 0, 0, 0, 0, 0, 0, 0, 0, 0, 0, 0, 0, 0, 0], [0, 0, 1, 0, 0, 0, 0, 0, 0, 0, 0, 0, 0, 0, 0, 0, 0, 0, 0, 0, 0, 0], [0, 0, 0, 1, 0, 0, 0, 0, 0, 0, 0, 0, 0, 0, 0, 0, 0, 0, 0, 0, 0, 0], [0, 0, 0, 0, 1, 0, 0, 0, 0, 0, 0, 0, 0, 0, 0, 0, 0, 0, 0, 0, 0, 0], [0, 0, 0, 0, 0, 1, 0, 0, 0, 0, 0, 0, 0, 0, 0, 0, 0, 0, 0, 0, 0, 0], [0, 0, 0, 0, 0, 0, 1, 0, 0, 0, 0, 0, 0, 0, 0, 0, 0, 0, 0, 0, 0, 0], [0, 0, 0, 0, 0, 0, 0, 1, 0, 0, 0, 0, 0, 0, 0, 0, 0, 0, 0, 0, 0, 0], [0, 0, 0, 0, 0, 0, 0, 0, 1, 0, 0, 0, 0, 0, 0, 0, 0, 0, 0, 0, 0, 0], [0, 0, 0, 0, 0, 0, 0, 0, 0, 1, 0, 0, 0, 0, 0, 0, 0, 0, 0, 0, 0, 0], [0, 0, 0, 0, 0, 0, 0, 0, 0, 0, 1, 0, 0, 0, 0, 0, 0, 0, 0, 0, 0, 0], [0, 0, 0, 0, 0, 0, 0, 0, 0, 0, 0, 1, 0, 0, 0, 0, 0, 0, 0, 0, 0, 0], [0, 0, 0, 0, 0, 0, 0, 0, 0, 0, 0, 0, 1, 0, 0, 0, 0, 0, 0, 0, 0, 0], [0, 0, 0, 0, 0, 0, 0, 0, 0, 0, 0, 0, 0, 1, 0, 0, 0, 0, 0, 0, 0, 0], [0, 0, 0, 0, 0, 0, 0, 0, 0, 0, 0, 0, 0, 0, 1, 0, 0, 0, 0, 0, 0, 0], [0, 0, 0, 0, 0, 0, 0, 0, 0, 0, 0, 0, 0, 0, 0, 1, 0, 0, 0, 0, 0, 0], [0, 0, 0, 0, 0, 0, 0, 0, 0, 0, 0, 0, 0, 0, 0, 0, 1, 0, 0, 0, 0, 0], [0, 0, 0, 0, 0, 0, 0, 0, 0, 0, 0, 0, 0, 0, 0, 0, 0, 1, 0, 0, 0, 0], [0, 0, 0, 0, 0, 0, 0, 0, 0, 0, 0, 0, 0, 0, 0, 0, 0, 0, 1, 0, 0, 0], [0, 0, 0, 0, 0, 0, 0, 0, 0, 0, 0, 0, 0, 0, 0, 0, 0, 0, 0, 1, 0, 0], [0, 0, 0, 0, 0, 0, 0, 0, 0, 0, 0, 0, 0, 0, 0, 0, 0, 0, 0, 0, 1, 0], [0, 0, 0, 0, 0, 0, 0, 0, 0, 0, 0, 0, 0, 0, 0, 0, 0, 0, 0, 0, 0, 1]]
[[1, 0, 0, 0, 0, 0, 0, 0, 0, 0, 0, 0, 0, 0, 0, 0, 0, 0, 0, 0, 0, 0], [0, 1, 0, 0, 0, 0, 0, 0, 0, 0, 0, 0, 0, 0, 0, 0, 0, 0, 0, 0, 0, 0], [0, 0, 1, 0, 0, 0, 0, 0, 0, 0, 0, 0, 0, 0, 0, 0, 0, 0, 0, 0, 0, 0], [0, 0, 0, 1, 0, 0, 0, 0, 0, 0, 0, 0, 0, 0, 0, 0, 0, 0, 0, 0, 0, 0], [0, 0, 0, 0, 1, 0, 0, 0, 0, 0, 0, 0, 0, 0, 0, 0, 0, 0, 0, 0, 0, 0], [0, 0, 0, 0, 0, 1, 0, 0, 0, 0, 0, 0, 0, 0, 0, 0, 0, 0, 0, 0, 0, 0], [0, 0, 0, 0, 0, 0, 1, 0, 0, 0, 0, 0, 0, 0, 0, 0, 0, 0, 0, 0, 0, 0], [0, 0, 0, 0, 0, 0, 0, 1, 0, 0, 0, 0, 0, 0, 0, 0, 0, 0, 0, 0, 0, 0], [0, 0, 0, 0, 0, 0, 0, 0, 1, 0, 0, 0, 0, 0, 0, 0, 0, 0, 0, 0, 0, 0], [0, 0, 0, 0, 0, 0, 0, 0, 0, 1, 0, 0, 0, 0, 0, 0, 0, 0, 0, 0, 0, 0], [0, 0, 0, 0, 0, 0, 0, 0, 0, 0, 1, 0, 0, 0, 0, 0, 0, 0, 0, 0, 0, 0], [0, 0, 0, 0, 0, 0, 0, 0, 0, 0, 0, 1, 0, 0, 0, 0, 0, 0, 0, 0, 0, 0], [0, 0, 0, 0, 0, 0, 0, 0, 0, 0, 0, 0, 1, 0, 0, 0, 0, 0, 0, 0, 0, 0], [0, 0, 0, 0, 0, 0, 0, 0, 0, 0, 0, 0, 0, 1, 0, 0, 0, 0, 0, 0, 0, 0], [0, 0, 0, 0, 0, 0, 0, 0, 0, 0, 0, 0, 0, 0, 1, 0, 0, 0, 0, 0, 0, 0], [0, 0, 0, 0, 0, 0, 0, 0, 0, 0, 0, 0, 0, 0, 0, 1, 0, 0, 0, 0, 0, 0], [0, 0, 0, 0, 0, 0, 0, 0, 0, 0, 0, 0, 0, 0, 0, 0, 1, 0, 0, 0, 0, 0], [0, 0, 0, 0, 0, 0, 0, 0, 0, 0, 0, 0, 0, 0, 0, 0, 0, 1, 0, 0, 0, 0], [0, 0, 0, 0, 0, 0, 0, 0, 0, 0, 0, 0, 0, 0, 0, 0, 0, 0, 1, 0, 0, 0], [0, 0, 0, 0, 0, 0, 0, 0, 0, 0, 0, 0, 0, 0, 0, 0, 0, 0, 0, 1, 0, 0], [0, 0, 0, 0, 0, 0, 0, 0, 0, 0, 0, 0, 0, 0, 0, 0, 0, 0, 0, 0, 1, 0], [0, 0, 0, 0, 0, 0, 0, 0, 0, 0, 0, 0, 0, 0, 0, 0, 0, 0, 0, 0, 0, 1]]
[[1, 0, -1, 0, -1, 0, -1, 0, -1, 0, 0, -1, -1, -2, 0, 0, 1, 1, 0, 0, -1, 0], [0, 1, 0, 0, 0, 0, 0, 0, 0, 0, 0, 0, 0, 0, 0, 0, 0, 0, 0, 0, 0, 0], [0, 0, 0, 0, -1, 0, -1, 0, -1, 0, 0, -1, -1, -2, 0, 0, 0, 1, 0, 0, 0, 0], [0, 1, 0, -1, 2, 0, 1, -1, 0, 2, -1, 2, 0, 1, 2, 2, 1, 1, 0, 0, -1, -1], [0, 0, 0, 0, 1, 0, 0, 0, 0, 0, 0, 0, 0, 0, 0, 0, 0, 0, 0, 0, 0, 0], [0, 0, 1, 0, 1, 1, 1, 0, 1, 0, 0, 1, 1, 2, 0, 0, 0, -1, 0, 0, 0, 0], [0, 0, 0, 0, 0, 0, 1, 0, 0, 0, 0, 0, 0, 0, 0, 0, 0, 0, 0, 0, 0, 0], [0, 0, 0, 0, 0, 0, 0, 1, 0, 0, 0, 0, 0, 0, 0, 0, 0, 0, 0, 0, 0, 0], [0, 0, 0, 0, 0, 0, 0, 0, 1, 0, 0, 0, 0, 0, 0, 0, 0, 0, 0, 0, 0, 0], [0, 0, 1, 0, 1, 0, 1, 0, 1, 1, 0, 1, 1, 2, 0, 0, 0, -1, 0, 0, 0, 0], [0, 0, 1, 0, 1, 0, 1, 0, 1, 0, 1, 1, 1, 2, 0, 0, 0, -1, 0, 0, 0, 0], [0, 1, 1, 0, 2, 0, 1, 0, 1, 1, 0, 2, 1, 3, 1, 1, 0, 0, 0, 0, 0, 0], [0, 0, -1, 0, -1, 0, -1, 0, -1, 0, 0, -1, 0, -2, 0, 0, 1, 1, 0, 0, -1, 0], [0, -1, 0, 0, -1, 0, 0, 0, 0, -1, 0, 0, 0, 0, -1, -1, -1, -1, 0, 0, 1, 0], [0, 0, -1, 0, -1, 0, -1, 0, -1, 0, 0, -1, -1, -2, 1, 0, 1, 1, 0, 0, -1, 0], [0, 0, -1, 0, -1, 0, -1, 0, -1, 0, 0, -1, -1, -2, 0, 1, 1, 1, 0, 0, -1, 0], [0, 0, 0, 0, 0, 0, 0, 0, 0, 0, 0, 0, 0, 0, 0, 0, 0, 0, 0, 0, 1, 0], [0, -1, 1, 0, 0, 0, 1, 0, 1, -1, 0, 1, 1, 1, -1, -1, -1, -1, 0, 0, 1, 0], [0, 0, 0, 0, 0, 0, 0, 0, 0, 0, 0, 0, 0, 0, 0, 0, 0, 0, 1, 0, 0, 0], [0, 0, 0, 0, 0, 0, 0, 0, 0, 0, 0, 0, 0, 0, 0, 0, 0, 0, 0, 1, 0, 0], [0, 0, 0, 0, 0, 0, 0, 0, 0, 0, 0, 0, 0, 0, 0, 0, 1, 0, 0, 0, 0, 0], [0, 0, 0, 0, 0, 0, 0, 0, 0, 0, 0, 0, 0, 0, 0, 0, 0, 0, 0, 0, 0, 1]]
[[1, 0, 0, 0, 0, 0, 0, 0, 0, 0, 0, 0, 0, 0, 0, 0, 0, 0, 0, 0, 0, 0], [0, 1, 0, 0, 0, 0, 0, 0, 0, 0, 0, 0, 0, 0, 0, 0, 0, 0, 0, 0, 0, 0], [0, 0, 1, 0, 0, 0, 0, 0, 0, 0, 0, 0, 0, 0, 0, 0, 0, 0, 0, 0, 0, 0], [0, 0, 0, 1, 0, 0, 0, 0, 0, 0, 0, 0, 0, 0, 0, 0, 0, 0, 0, 0, 0, 0], [0, 0, 0, 0, 1, 0, 0, 0, 0, 0, 0, 0, 0, 0, 0, 0, 0, 0, 0, 0, 0, 0], [0, 0, 0, 0, 0, 1, 0, 0, 0, 0, 0, 0, 0, 0, 0, 0, 0, 0, 0, 0, 0, 0], [0, 0, 0, 0, 0, 0, 1, 0, 0, 0, 0, 0, 0, 0, 0, 0, 0, 0, 0, 0, 0, 0], [0, 0, 0, 0, 0, 0, 0, 1, 0, 0, 0, 0, 0, 0, 0, 0, 0, 0, 0, 0, 0, 0], [0, 0, 0, 0, 0, 0, 0, 0, 1, 0, 0, 0, 0, 0, 0, 0, 0, 0, 0, 0, 0, 0], [0, 0, 0, 0, 0, 0, 0, 0, 0, 1, 0, 0, 0, 0, 0, 0, 0, 0, 0, 0, 0, 0], [0, 0, 0, 0, 0, 0, 0, 0, 0, 0, 1, 0, 0, 0, 0, 0, 0, 0, 0, 0, 0, 0], [0, 0, 0, 0, 0, 0, 0, 0, 0, 0, 0, 1, 0, 0, 0, 0, 0, 0, 0, 0, 0, 0], [0, 0, 0, 0, 0, 0, 0, 0, 0, 0, 0, 0, 1, 0, 0, 0, 0, 0, 0, 0, 0, 0], [0, 0, 0, 0, 0, 0, 0, 0, 0, 0, 0, 0, 0, 1, 0, 0, 0, 0, 0, 0, 0, 0], [0, 0, 0, 0, 0, 0, 0, 0, 0, 0, 0, 0, 0, 0, 1, 0, 0, 0, 0, 0, 0, 0], [0, 0, 0, 0, 0, 0, 0, 0, 0, 0, 0, 0, 0, 0, 0, 1, 0, 0, 0, 0, 0, 0], [0, 0, 0, 0, 0, 0, 0, 0, 0, 0, 0, 0, 0, 0, 0, 0, 1, 0, 0, 0, 0, 0], [0, 0, 0, 0, 0, 0, 0, 0, 0, 0, 0, 0, 0, 0, 0, 0, 0, 1, 0, 0, 0, 0], [0, 0, 0, 0, 0, 0, 0, 0, 0, 0, 0, 0, 0, 0, 0, 0, 0, 0, 1, 0, 0, 0], [0, 0, 0, 0, 0, 0, 0, 0, 0, 0, 0, 0, 0, 0, 0, 0, 0, 0, 0, 1, 0, 0], [0, 0, 0, 0, 0, 0, 0, 0, 0, 0, 0, 0, 0, 0, 0, 0, 0, 0, 0, 0, 1, 0], [0, 0, 0, 0, 0, 0, 0, 0, 0, 0, 0, 0, 0, 0, 0, 0, 0, 0, 0, 0, 0, 1]]
[[0, 0, 0, 0, 0, 0, 0, 0, -1, 1, -1, 0, 0, -1, 1, 1, 0, 1, 0, 0, -1, 0], [-1, -1, -1, 0, -1, 0, -1, 0, -2, 0, -1, -2, -1, -2, 0, 0, 0, 0, 0, 0, 0, 0], [0, -2, 0, 0, -1, 0, -1, 0, -1, -1, 0, -2, -1, -1, -1, -1, 0, -1, 0, 0, 1, 0], [0, 2, 1, 1, 1, 0, 1, 0, 1, 1, 0, 2, 1, 1, 1, 1, 0, 1, 0, 0, -1, 0], [0, 2, 1, 0, 2, 0, 1, 0, 1, 1, 0, 2, 1, 1, 1, 1, 0, 1, 0, 0, -1, 0], [1, 0, 0, 0, 0, 1, 0, 0, 1, -1, 1, 0, 0, 1, -1, -1, 0, -1, 0, 0, 1, 0], [0, 0, 0, 0, 0, 0, 0, -1, 0, 0, 0, 0, -1, 0, 0, 1, 0, 0, 0, 0, 0, 0], [-1, 0, 0, 0, 0, 0, 0, 1, -1, 1, -1, 0, 0, -1, 1, 1, 0, 1, 0, 0, -1, 0], [-1, 0, 0, 0, 0, 0, 1, 1, 0, 1, -1, 0, 1, -1, 1, 0, 0, 1, 0, 0, -1, 0], [1, 0, 0, 0, 0, 0, -1, -1, 1, 0, 1, 0, -1, 1, -1, 0, 0, -1, 0, 0, 1, 0], [2, 0, 0, 0, 0, 0, -1, -1, 2, -2, 3, 0, -1, 2, -2, -1, 0, -2, 0, 0, 2, 0], [0, 0, 0, 0, 0, 0, 0, 0, 0, 0, 0, 1, 0, 0, 0, 0, 0, 0, 0, 0, 0, 0], [1, 0, 0, 0, 0, 0, 0, 0, 1, -1, 1, 0, 1, 1, -1, -1, 0, -1, 0, 0, 1, 0], [0, 0, 0, 0, 0, 0, 0, 0, 0, 0, 0, 0, 0, 1, 0, 0, 0, 0, 0, 0, 0, 0], [0, 0, 0, 0, 0, 0, 0, 0, 0, 0, 0, 0, 0, 0, 1, 0, 0, 0, 0, 0, 0, 0], [0, 0, 0, 0, 0, 0, 1, 1, 0, 0, 0, 0, 1, 0, 0, 0, 0, 0, 0, 0, 0, 0], [-1, 0, 0, 0, 0, 0, 0, 0, -1, 1, -1, 0, 0, -1, 1, 1, 1, 1, 0, 0, -1, 0], [0, 0, 0, 0, 0, 0, 0, 0, 0, 0, 0, 0, 0, 0, 0, 0, 0, 1, 0, 0, 0, 0], [-1, 0, 0, 0, 0, 0, 0, 0, -1, 1, -1, 0, 0, -1, 1, 1, 0, 1, 1, 0, -1, 0], [-1, 2, 0, 0, 1, -1, 0, 0, 0, 1, 0, 1, 0, 1, 1, 1, -1, 0, 1, -1, -1, -1], [-1, 0, 0, 0, 0, 0, 0, 0, -1, 1, -1, 0, 0, -1, 1, 1, 0, 1, 0, 0, 0, 0], [0, -2, -1, 0, -1, 0, -1, 0, -1, -1, 0, -2, -1, -1, -1, -1, 0, -1, 0, 0, 1, 1]]
[[1, 0, 0, 0, 0, 0, 0, 0, 0, 0, 0, 0, 0, 0, 0, 0, 0, 0, 0, 0, 0, 0], [0, 1, 0, 0, 0, 0, 0, 0, 0, 0, 0, 0, 0, 0, 0, 0, 0, 0, 0, 0, 0, 0], [0, 0, 1, 0, 0, 0, 0, 0, 0, 0, 0, 0, 0, 0, 0, 0, 0, 0, 0, 0, 0, 0], [0, 0, 0, 1, 0, 0, 0, 0, 0, 0, 0, 0, 0, 0, 0, 0, 0, 0, 0, 0, 0, 0], [0, 0, 0, 0, 1, 0, 0, 0, 0, 0, 0, 0, 0, 0, 0, 0, 0, 0, 0, 0, 0, 0], [0, 0, 0, 0, 0, 1, 0, 0, 0, 0, 0, 0, 0, 0, 0, 0, 0, 0, 0, 0, 0, 0], [0, 0, 0, 0, 0, 0, 1, 0, 0, 0, 0, 0, 0, 0, 0, 0, 0, 0, 0, 0, 0, 0], [0, 0, 0, 0, 0, 0, 0, 1, 0, 0, 0, 0, 0, 0, 0, 0, 0, 0, 0, 0, 0, 0], [0, 0, 0, 0, 0, 0, 0, 0, 1, 0, 0, 0, 0, 0, 0, 0, 0, 0, 0, 0, 0, 0], [0, 0, 0, 0, 0, 0, 0, 0, 0, 1, 0, 0, 0, 0, 0, 0, 0, 0, 0, 0, 0, 0], [0, 0, 0, 0, 0, 0, 0, 0, 0, 0, 1, 0, 0, 0, 0, 0, 0, 0, 0, 0, 0, 0], [0, 0, 0, 0, 0, 0, 0, 0, 0, 0, 0, 1, 0, 0, 0, 0, 0, 0, 0, 0, 0, 0], [0, 0, 0, 0, 0, 0, 0, 0, 0, 0, 0, 0, 1, 0, 0, 0, 0, 0, 0, 0, 0, 0], [0, 0, 0, 0, 0, 0, 0, 0, 0, 0, 0, 0, 0, 1, 0, 0, 0, 0, 0, 0, 0, 0], [0, 0, 0, 0, 0, 0, 0, 0, 0, 0, 0, 0, 0, 0, 1, 0, 0, 0, 0, 0, 0, 0], [0, 0, 0, 0, 0, 0, 0, 0, 0, 0, 0, 0, 0, 0, 0, 1, 0, 0, 0, 0, 0, 0], [0, 0, 0, 0, 0, 0, 0, 0, 0, 0, 0, 0, 0, 0, 0, 0, 1, 0, 0, 0, 0, 0], [0, 0, 0, 0, 0, 0, 0, 0, 0, 0, 0, 0, 0, 0, 0, 0, 0, 1, 0, 0, 0, 0], [0, 0, 0, 0, 0, 0, 0, 0, 0, 0, 0, 0, 0, 0, 0, 0, 0, 0, 1, 0, 0, 0], [0, 0, 0, 0, 0, 0, 0, 0, 0, 0, 0, 0, 0, 0, 0, 0, 0, 0, 0, 1, 0, 0], [0, 0, 0, 0, 0, 0, 0, 0, 0, 0, 0, 0, 0, 0, 0, 0, 0, 0, 0, 0, 1, 0], [0, 0, 0, 0, 0, 0, 0, 0, 0, 0, 0, 0, 0, 0, 0, 0, 0, 0, 0, 0, 0, 1]]
[[1, 0, 0, 0, 0, 0, 0, 0, 0, 0, 0, 0, 0, 0, 0, 0, 0, 0, 0, 0, 0, 0], [0, 1, 0, 0, 0, 0, 0, 0, 0, 0, 0, 0, 0, 0, 0, 0, 0, 0, 0, 0, 0, 0], [0, 0, 1, 0, 0, 0, 0, 0, 0, 0, 0, 0, 0, 0, 0, 0, 0, 0, 0, 0, 0, 0], [0, 0, 0, 1, 0, 0, 0, 0, 0, 0, 0, 0, 0, 0, 0, 0, 0, 0, 0, 0, 0, 0], [0, 0, 0, 0, 1, 0, 0, 0, 0, 0, 0, 0, 0, 0, 0, 0, 0, 0, 0, 0, 0, 0], [0, 0, 0, 0, 0, 1, 0, 0, 0, 0, 0, 0, 0, 0, 0, 0, 0, 0, 0, 0, 0, 0], [0, 0, 0, 0, 0, 0, 1, 0, 0, 0, 0, 0, 0, 0, 0, 0, 0, 0, 0, 0, 0, 0], [0, 0, 0, 0, 0, 0, 0, 1, 0, 0, 0, 0, 0, 0, 0, 0, 0, 0, 0, 0, 0, 0], [0, 0, 0, 0, 0, 0, 0, 0, 1, 0, 0, 0, 0, 0, 0, 0, 0, 0, 0, 0, 0, 0], [0, 0, 0, 0, 0, 0, 0, 0, 0, 1, 0, 0, 0, 0, 0, 0, 0, 0, 0, 0, 0, 0], [0, 0, 0, 0, 0, 0, 0, 0, 0, 0, 1, 0, 0, 0, 0, 0, 0, 0, 0, 0, 0, 0], [0, 0, 0, 0, 0, 0, 0, 0, 0, 0, 0, 1, 0, 0, 0, 0, 0, 0, 0, 0, 0, 0], [0, 0, 0, 0, 0, 0, 0, 0, 0, 0, 0, 0, 1, 0, 0, 0, 0, 0, 0, 0, 0, 0], [0, 0, 0, 0, 0, 0, 0, 0, 0, 0, 0, 0, 0, 1, 0, 0, 0, 0, 0, 0, 0, 0], [0, 0, 0, 0, 0, 0, 0, 0, 0, 0, 0, 0, 0, 0, 1, 0, 0, 0, 0, 0, 0, 0], [0, 0, 0, 0, 0, 0, 0, 0, 0, 0, 0, 0, 0, 0, 0, 1, 0, 0, 0, 0, 0, 0], [0, 0, 0, 0, 0, 0, 0, 0, 0, 0, 0, 0, 0, 0, 0, 0, 1, 0, 0, 0, 0, 0], [0, 0, 0, 0, 0, 0, 0, 0, 0, 0, 0, 0, 0, 0, 0, 0, 0, 1, 0, 0, 0, 0], [0, 0, 0, 0, 0, 0, 0, 0, 0, 0, 0, 0, 0, 0, 0, 0, 0, 0, 1, 0, 0, 0], [0, 0, 0, 0, 0, 0, 0, 0, 0, 0, 0, 0, 0, 0, 0, 0, 0, 0, 0, 1, 0, 0], [0, 0, 0, 0, 0, 0, 0, 0, 0, 0, 0, 0, 0, 0, 0, 0, 0, 0, 0, 0, 1, 0], [0, 0, 0, 0, 0, 0, 0, 0, 0, 0, 0, 0, 0, 0, 0, 0, 0, 0, 0, 0, 0, 1]]
[[1, 0, 0, 0, 0, 0, 0, 0, 0, 0, 0, 0, 0, 0, 0, 0, 0, 0, 0, 0, 0, 0], [0, 1, 0, 0, 0, 0, 0, 0, 0, 0, 0, 0, 0, 0, 0, 0, 0, 0, 0, 0, 0, 0], [0, 0, 1, 0, 0, 0, 0, 0, 0, 0, 0, 0, 0, 0, 0, 0, 0, 0, 0, 0, 0, 0], [0, 0, 0, 1, 0, 0, 0, 0, 0, 0, 0, 0, 0, 0, 0, 0, 0, 0, 0, 0, 0, 0], [0, 0, 0, 0, 1, 0, 0, 0, 0, 0, 0, 0, 0, 0, 0, 0, 0, 0, 0, 0, 0, 0], [0, 0, 0, 0, 0, 1, 0, 0, 0, 0, 0, 0, 0, 0, 0, 0, 0, 0, 0, 0, 0, 0], [0, 0, 0, 0, 0, 0, 1, 0, 0, 0, 0, 0, 0, 0, 0, 0, 0, 0, 0, 0, 0, 0], [0, 0, 0, 0, 0, 0, 0, 1, 0, 0, 0, 0, 0, 0, 0, 0, 0, 0, 0, 0, 0, 0], [0, 0, 0, 0, 0, 0, 0, 0, 1, 0, 0, 0, 0, 0, 0, 0, 0, 0, 0, 0, 0, 0], [0, 0, 0, 0, 0, 0, 0, 0, 0, 1, 0, 0, 0, 0, 0, 0, 0, 0, 0, 0, 0, 0], [0, 0, 0, 0, 0, 0, 0, 0, 0, 0, 1, 0, 0, 0, 0, 0, 0, 0, 0, 0, 0, 0], [0, 0, 0, 0, 0, 0, 0, 0, 0, 0, 0, 1, 0, 0, 0, 0, 0, 0, 0, 0, 0, 0], [0, 0, 0, 0, 0, 0, 0, 0, 0, 0, 0, 0, 1, 0, 0, 0, 0, 0, 0, 0, 0, 0], [0, 0, 0, 0, 0, 0, 0, 0, 0, 0, 0, 0, 0, 1, 0, 0, 0, 0, 0, 0, 0, 0], [0, 0, 0, 0, 0, 0, 0, 0, 0, 0, 0, 0, 0, 0, 1, 0, 0, 0, 0, 0, 0, 0], [0, 0, 0, 0, 0, 0, 0, 0, 0, 0, 0, 0, 0, 0, 0, 1, 0, 0, 0, 0, 0, 0], [0, 0, 0, 0, 0, 0, 0, 0, 0, 0, 0, 0, 0, 0, 0, 0, 1, 0, 0, 0, 0, 0], [0, 0, 0, 0, 0, 0, 0, 0, 0, 0, 0, 0, 0, 0, 0, 0, 0, 1, 0, 0, 0, 0], [0, 0, 0, 0, 0, 0, 0, 0, 0, 0, 0, 0, 0, 0, 0, 0, 0, 0, 1, 0, 0, 0], [0, 0, 0, 0, 0, 0, 0, 0, 0, 0, 0, 0, 0, 0, 0, 0, 0, 0, 0, 1, 0, 0], [0, 0, 0, 0, 0, 0, 0, 0, 0, 0, 0, 0, 0, 0, 0, 0, 0, 0, 0, 0, 1, 0], [0, 0, 0, 0, 0, 0, 0, 0, 0, 0, 0, 0, 0, 0, 0, 0, 0, 0, 0, 0, 0, 1]]
[[1, 0, 0, 0, 0, 0, 0, 0, 0, 0, 0, 0, 0, 0, 0, 0, 0, 0, 0, 0, 0, 0], [0, 1, 0, 0, 0, 0, 0, 0, 0, 0, 0, 0, 0, 0, 0, 0, 0, 0, 0, 0, 0, 0], [0, 0, 1, 0, 0, 0, 0, 0, 0, 0, 0, 0, 0, 0, 0, 0, 0, 0, 0, 0, 0, 0], [0, 0, 0, 1, 0, 0, 0, 0, 0, 0, 0, 0, 0, 0, 0, 0, 0, 0, 0, 0, 0, 0], [0, 0, 0, 0, 1, 0, 0, 0, 0, 0, 0, 0, 0, 0, 0, 0, 0, 0, 0, 0, 0, 0], [0, 0, 0, 0, 0, 1, 0, 0, 0, 0, 0, 0, 0, 0, 0, 0, 0, 0, 0, 0, 0, 0], [0, 0, 0, 0, 0, 0, 1, 0, 0, 0, 0, 0, 0, 0, 0, 0, 0, 0, 0, 0, 0, 0], [0, 0, 0, 0, 0, 0, 0, 1, 0, 0, 0, 0, 0, 0, 0, 0, 0, 0, 0, 0, 0, 0], [0, 0, 0, 0, 0, 0, 0, 0, 1, 0, 0, 0, 0, 0, 0, 0, 0, 0, 0, 0, 0, 0], [0, 0, 0, 0, 0, 0, 0, 0, 0, 1, 0, 0, 0, 0, 0, 0, 0, 0, 0, 0, 0, 0], [0, 0, 0, 0, 0, 0, 0, 0, 0, 0, 1, 0, 0, 0, 0, 0, 0, 0, 0, 0, 0, 0], [0, 0, 0, 0, 0, 0, 0, 0, 0, 0, 0, 1, 0, 0, 0, 0, 0, 0, 0, 0, 0, 0], [0, 0, 0, 0, 0, 0, 0, 0, 0, 0, 0, 0, 1, 0, 0, 0, 0, 0, 0, 0, 0, 0], [0, 0, 0, 0, 0, 0, 0, 0, 0, 0, 0, 0, 0, 1, 0, 0, 0, 0, 0, 0, 0, 0], [0, 0, 0, 0, 0, 0, 0, 0, 0, 0, 0, 0, 0, 0, 1, 0, 0, 0, 0, 0, 0, 0], [0, 0, 0, 0, 0, 0, 0, 0, 0, 0, 0, 0, 0, 0, 0, 1, 0, 0, 0, 0, 0, 0], [0, 0, 0, 0, 0, 0, 0, 0, 0, 0, 0, 0, 0, 0, 0, 0, 1, 0, 0, 0, 0, 0], [0, 0, 0, 0, 0, 0, 0, 0, 0, 0, 0, 0, 0, 0, 0, 0, 0, 1, 0, 0, 0, 0], [0, 0, 0, 0, 0, 0, 0, 0, 0, 0, 0, 0, 0, 0, 0, 0, 0, 0, 1, 0, 0, 0], [0, 0, 0, 0, 0, 0, 0, 0, 0, 0, 0, 0, 0, 0, 0, 0, 0, 0, 0, 1, 0, 0], [0, 0, 0, 0, 0, 0, 0, 0, 0, 0, 0, 0, 0, 0, 0, 0, 0, 0, 0, 0, 1, 0], [0, 0, 0, 0, 0, 0, 0, 0, 0, 0, 0, 0, 0, 0, 0, 0, 0, 0, 0, 0, 0, 1]]
[[-1, 2, 1, 1, 1, 0, 2, 2, 0, 1, 0, 2, 1, 2, 3, 3, -1, 1, 2, -1, -2, -1], [-1, 0, 0, 1, -1, -1, 0, 0, 0, -1, 1, 0, 0, 0, 0, 0, 0, -1, 1, 0, 0, 0], [1, -2, -3, -2, -2, -3, -4, -5, 0, -1, 2, -3, -4, -3, -3, -2, 1, -2, -1, 0, 3, 0], [-2, 4, 3, 2, 3, 2, 4, 4, 0, 3, -2, 4, 3, 4, 5, 5, -1, 3, 2, -1, -4, -1], [-2, 3, 2, 1, 3, 1, 3, 3, 0, 2, -1, 3, 2, 3, 4, 4, -1, 2, 2, -1, -3, -1], [2, -2, -2, -2, -1, 0, -3, -4, 0, 0, 0, -2, -2, -2, -3, -2, 2, -1, -2, 1, 2, 1], [0, 0, -1, -1, 0, -1, 0, -2, 0, 1, 0, 0, -1, 0, 0, 1, 1, 0, 0, 0, 0, 0], [-1, 0, 2, 2, 0, 1, 2, 4, 0, -1, 0, 1, 2, 1, 1, 0, -1, 0, 1, 0, -1, 0], [-3, 3, 5, 4, 2, 3, 6, 8, 1, 0, -1, 4, 5, 4, 5, 3, -3, 2, 3, -1, -4, -1], [2, -2, -2, -2, -1, -1, -3, -4, 0, 1, 0, -2, -2, -2, -3, -2, 2, -1, -2, 1, 2, 1], [5, -4, -5, -5, -2, -2, -7, -9, 0, 0, 1, -5, -5, -5, -7, -5, 4, -2, -5, 2, 5, 2], [0, 1, 1, 0, 1, 1, 1, 1, 0, 1, -1, 2, 1, 1, 1, 1, 0, 1, 0, 0, -1, 0], [1, 0, -1, -1, 0, 0, -1, -1, 0, 0, 0, -1, 0, -1, -1, -1, 0, 0, -1, 0, 1, 0], [2, -3, -2, -1, -2, -1, -3, -3, 0, -2, 1, -3, -2, -2, -4, -4, 1, -2, -2, 1, 3, 1], [0, 0, 0, 0, 0, 0, 0, 0, 0, 0, 0, 0, 0, 0, 1, 0, 0, 0, 0, 0, 0, 0], [0, 0, 1, 1, 0, 1, 1, 2, 0, -1, 0, 0, 1, 0, 0, 0, -1, 0, 0, 0, 0, 0], [-2, 2, 2, 2, 1, 1, 3, 4, 0, 0, 0, 2, 2, 2, 3, 2, -1, 1, 2, -1, -2, -1], [0, 0, 0, 0, 0, 0, 0, 0, 0, 0, 0, 0, 0, 0, 0, 0, 0, 1, 0, 0, 0, 0], [-2, 2, 1, 1, 1, 0, 2, 2, 0, 1, 0, 2, 1, 2, 3, 3, -1, 1, 3, -1, -2, -1], [0, 0, 0, 0, 0, 0, 0, 0, 0, 0, 0, 0, 0, 0, 0, 0, 0, 0, 0, 1, 0, 0], [-1, 0, 1, 1, 0, 0, 1, 1, 0, 0, 0, 1, 1, 1, 1, 1, 0, 0, 1, 0, 0, 0], [0, -1, -1, 0, -1, -1, -1, -1, 0, -1, 1, -1, -1, -1, -1, -1, 0, -1, 0, 0, 1, 1]]
[[1, 0, 0, 0, 0, 0, 0, 0, 0, 0, 0, 0, 0, 0, 0, 0, 0, 0, 0, 0, 0, 0], [0, 1, 0, 0, 0, 0, 0, 0, 0, 0, 0, 0, 0, 0, 0, 0, 0, 0, 0, 0, 0, 0], [0, 0, 1, 0, 0, 0, 0, 0, 0, 0, 0, 0, 0, 0, 0, 0, 0, 0, 0, 0, 0, 0], [0, 0, 0, 1, 0, 0, 0, 0, 0, 0, 0, 0, 0, 0, 0, 0, 0, 0, 0, 0, 0, 0], [0, 0, 0, 0, 1, 0, 0, 0, 0, 0, 0, 0, 0, 0, 0, 0, 0, 0, 0, 0, 0, 0], [0, 0, 0, 0, 0, 1, 0, 0, 0, 0, 0, 0, 0, 0, 0, 0, 0, 0, 0, 0, 0, 0], [0, 0, 0, 0, 0, 0, 1, 0, 0, 0, 0, 0, 0, 0, 0, 0, 0, 0, 0, 0, 0, 0], [0, 0, 0, 0, 0, 0, 0, 1, 0, 0, 0, 0, 0, 0, 0, 0, 0, 0, 0, 0, 0, 0], [0, 0, 0, 0, 0, 0, 0, 0, 1, 0, 0, 0, 0, 0, 0, 0, 0, 0, 0, 0, 0, 0], [0, 0, 0, 0, 0, 0, 0, 0, 0, 1, 0, 0, 0, 0, 0, 0, 0, 0, 0, 0, 0, 0], [0, 0, 0, 0, 0, 0, 0, 0, 0, 0, 1, 0, 0, 0, 0, 0, 0, 0, 0, 0, 0, 0], [0, 0, 0, 0, 0, 0, 0, 0, 0, 0, 0, 1, 0, 0, 0, 0, 0, 0, 0, 0, 0, 0], [0, 0, 0, 0, 0, 0, 0, 0, 0, 0, 0, 0, 1, 0, 0, 0, 0, 0, 0, 0, 0, 0], [0, 0, 0, 0, 0, 0, 0, 0, 0, 0, 0, 0, 0, 1, 0, 0, 0, 0, 0, 0, 0, 0], [0, 0, 0, 0, 0, 0, 0, 0, 0, 0, 0, 0, 0, 0, 1, 0, 0, 0, 0, 0, 0, 0], [0, 0, 0, 0, 0, 0, 0, 0, 0, 0, 0, 0, 0, 0, 0, 1, 0, 0, 0, 0, 0, 0], [0, 0, 0, 0, 0, 0, 0, 0, 0, 0, 0, 0, 0, 0, 0, 0, 1, 0, 0, 0, 0, 0], [0, 0, 0, 0, 0, 0, 0, 0, 0, 0, 0, 0, 0, 0, 0, 0, 0, 1, 0, 0, 0, 0], [0, 0, 0, 0, 0, 0, 0, 0, 0, 0, 0, 0, 0, 0, 0, 0, 0, 0, 1, 0, 0, 0], [0, 0, 0, 0, 0, 0, 0, 0, 0, 0, 0, 0, 0, 0, 0, 0, 0, 0, 0, 1, 0, 0], [0, 0, 0, 0, 0, 0, 0, 0, 0, 0, 0, 0, 0, 0, 0, 0, 0, 0, 0, 0, 1, 0], [0, 0, 0, 0, 0, 0, 0, 0, 0, 0, 0, 0, 0, 0, 0, 0, 0, 0, 0, 0, 0, 1]]
[[1, 0, 0, 0, 0, 0, 0, 0, 0, 0, 0, 0, 0, 0, 0, 0, 0, 0, 0, 0, 0, 0], [0, 1, 0, 0, 0, 0, 0, 0, 0, 0, 0, 0, 0, 0, 0, 0, 0, 0, 0, 0, 0, 0], [0, 0, 1, 0, 0, 0, 0, 0, 0, 0, 0, 0, 0, 0, 0, 0, 0, 0, 0, 0, 0, 0], [0, 0, 0, 1, 0, 0, 0, 0, 0, 0, 0, 0, 0, 0, 0, 0, 0, 0, 0, 0, 0, 0], [0, 0, 0, 0, 1, 0, 0, 0, 0, 0, 0, 0, 0, 0, 0, 0, 0, 0, 0, 0, 0, 0], [0, 0, 0, 0, 0, 1, 0, 0, 0, 0, 0, 0, 0, 0, 0, 0, 0, 0, 0, 0, 0, 0], [0, 0, 0, 0, 0, 0, 1, 0, 0, 0, 0, 0, 0, 0, 0, 0, 0, 0, 0, 0, 0, 0], [0, 0, 0, 0, 0, 0, 0, 1, 0, 0, 0, 0, 0, 0, 0, 0, 0, 0, 0, 0, 0, 0], [0, 0, 0, 0, 0, 0, 0, 0, 1, 0, 0, 0, 0, 0, 0, 0, 0, 0, 0, 0, 0, 0], [0, 0, 0, 0, 0, 0, 0, 0, 0, 1, 0, 0, 0, 0, 0, 0, 0, 0, 0, 0, 0, 0], [0, 0, 0, 0, 0, 0, 0, 0, 0, 0, 1, 0, 0, 0, 0, 0, 0, 0, 0, 0, 0, 0], [0, 0, 0, 0, 0, 0, 0, 0, 0, 0, 0, 1, 0, 0, 0, 0, 0, 0, 0, 0, 0, 0], [0, 0, 0, 0, 0, 0, 0, 0, 0, 0, 0, 0, 1, 0, 0, 0, 0, 0, 0, 0, 0, 0], [0, 0, 0, 0, 0, 0, 0, 0, 0, 0, 0, 0, 0, 1, 0, 0, 0, 0, 0, 0, 0, 0], [0, 0, 0, 0, 0, 0, 0, 0, 0, 0, 0, 0, 0, 0, 1, 0, 0, 0, 0, 0, 0, 0], [0, 0, 0, 0, 0, 0, 0, 0, 0, 0, 0, 0, 0, 0, 0, 1, 0, 0, 0, 0, 0, 0], [0, 0, 0, 0, 0, 0, 0, 0, 0, 0, 0, 0, 0, 0, 0, 0, 1, 0, 0, 0, 0, 0], [0, 0, 0, 0, 0, 0, 0, 0, 0, 0, 0, 0, 0, 0, 0, 0, 0, 1, 0, 0, 0, 0], [0, 0, 0, 0, 0, 0, 0, 0, 0, 0, 0, 0, 0, 0, 0, 0, 0, 0, 1, 0, 0, 0], [0, 0, 0, 0, 0, 0, 0, 0, 0, 0, 0, 0, 0, 0, 0, 0, 0, 0, 0, 1, 0, 0], [0, 0, 0, 0, 0, 0, 0, 0, 0, 0, 0, 0, 0, 0, 0, 0, 0, 0, 0, 0, 1, 0], [0, 0, 0, 0, 0, 0, 0, 0, 0, 0, 0, 0, 0, 0, 0, 0, 0, 0, 0, 0, 0, 1]]
[[1, 1, 1, 0, 0, 0, 1, 0, 0, 1, -1, 1, 0, -1, 1, 1, 0, 2, -2, 0, -1, -1], [0, 3, 1, 0, 1, 0, 1, 0, 1, 1, 0, 2, 1, 1, 1, 1, 0, 1, 0, -1, -1, -1], [0, 0, 1, 0, 0, 0, 0, 0, 0, 0, 0, 0, 0, 0, 0, 0, 0, 0, 0, 0, 0, 0], [0, 0, 0, 1, 0, 0, 0, 0, 0, 0, 0, 0, 0, 0, 0, 0, 0, 0, 0, 0, 0, 0], [0, 2, 1, 0, 2, 0, 1, 0, 1, 1, 0, 2, 1, 1, 1, 1, 0, 1, 0, 0, -1, -1], [0, -4, -2, 0, -2, 1, -2, 0, -2, -2, 0, -4, -2, -2, -2, -2, 0, -2, 0, 1, 2, 2], [0, 0, 0, 0, 0, 0, 0, -1, 0, 0, 0, 0, -1, 0, 1, 0, 0, 0, 0, 0, 0, 0], [0, 2, 1, 0, 1, 0, 1, 1, 1, 1, 0, 2, 1, 1, 1, 1, 0, 1, 0, -1, -1, -1], [0, 2, 1, 0, 1, 0, 2, 1, 2, 1, 0, 2, 2, 1, 0, 1, 0, 1, 0, 0, -1, -1], [0, -4, -2, 0, -2, 0, -3, -1, -2, -1, 0, -4, -3, -2, -1, -2, 0, -2, 0, 0, 2, 2], [0, -6, -3, 0, -3, 0, -4, -1, -3, -3, 1, -6, -4, -3, -2, -3, 0, -3, 0, 1, 3, 3], [0, -2, -1, 0, -1, 0, -1, 0, -1, -1, 0, -1, -1, -1, -1, -1, 0, -1, 0, 0, 1, 1], [0, 0, 0, 0, 0, 0, 0, 0, 0, 0, 0, 0, 1, 0, 0, 0, 0, 0, 0, 1, 0, 0], [0, -2, -1, 0, -1, 0, -1, 0, -1, -1, 0, -2, -1, 0, -1, -1, 0, -1, 0, 0, 1, 1], [0, 2, 1, 0, 1, 0, 2, 1, 1, 1, 0, 2, 2, 1, 1, 1, 0, 1, 0, 0, -1, -1], [0, 2, 1, 0, 1, 0, 1, 0, 1, 1, 0, 2, 1, 1, 1, 2, 0, 1, 0, 0, -1, -1], [0, 2, 1, 0, 1, 0, 1, 0, 1, 1, 0, 2, 1, 1, 1, 1, 1, 1, 0, 0, -1, -1], [0, -2, -1, 0, -1, 0, -1, 0, -1, -1, 0, -2, -1, -1, -1, -1, 0, 0, 0, 1, 1, 1], [0, 1, 1, 0, 0, 0, 1, 0, 0, 1, -1, 1, 0, -1, 1, 1, 0, 2, -1, 0, -1, -1], [0, 0, 0, 0, 0, 0, 0, 0, 0, 0, 0, 0, 0, 0, 0, 0, 0, 0, 0, -1, 0, 0], [0, 2, 1, 0, 1, 0, 1, 0, 1, 1, 0, 2, 1, 1, 1, 1, 0, 1, 0, 0, 0, -1], [0, 2, 1, 0, 1, 0, 1, 0, 1, 1, 0, 2, 1, 1, 1, 1, 0, 1, 0, 0, -1, 0]]
[[-2, 3, 2, 2, 0, -1, 3, 4, 1, 1, -1, 2, 5, 1, 1, 0, -4, 2, 2, -1, -3, -1], [-1, 0, 1, 1, -1, 0, 2, 3, 1, -1, 0, 0, 3, 0, -1, -2, -2, -1, 1, 0, -1, 0], [0, -2, 0, 0, -1, 0, -1, -1, 0, -1, 1, -1, -1, 0, -1, -1, 1, -2, 1, 1, 2, 0], [0, 1, 1, 0, 2, 0, 1, 0, 1, 1, 0, 2, 0, 1, 1, 2, 0, 1, 0, 0, -1, 0], [-1, 3, 1, 1, 1, -1, 1, 1, 1, 1, 0, 2, 2, 1, 1, 1, -2, 1, 1, -1, -2, -1], [2, -3, -2, -3, 2, 2, -3, -5, -1, 0, 1, -1, -6, 0, 0, 2, 5, -1, -1, 2, 4, 1], [1, -3, 0, -1, 0, 1, -1, -3, 1, -1, 1, 0, -3, 0, -1, 0, 2, -2, 0, 2, 3, 1], [-1, 2, 1, 2, -1, 0, 2, 4, 0, 0, -1, 0, 4, 0, 0, -1, -2, 1, 0, -1, -3, 0], [-2, 5, 1, 2, -1, -2, 4, 6, 0, 2, -2, 1, 6, -1, 2, 0, -5, 4, 0, -3, -6, -2], [3, -6, -2, -3, 2, 3, -5, -8, 0, -1, 2, -2, -8, 1, -2, 1, 8, -4, -1, 4, 7, 3], [4, -7, -3, -4, 2, 3, -7, -10, -1, -2, 3, -3, -11, 0, -2, 1, 9, -4, -2, 4, 9, 3], [1, -1, -1, -1, 1, 1, -1, -2, -1, 0, 0, 0, -2, 0, 0, 1, 3, 0, -1, 1, 1, 1], [-1, 2, 0, 0, 1, -1, 0, 0, 0, 1, 0, 1, 1, 1, 1, 1, -1, 1, 1, -1, 0, -1], [2, -3, -1, -1, -1, 1, -2, -2, -1, -1, 0, -2, -3, -1, -1, -1, 2, -1, -2, 1, 2, 1], [-2, 3, 1, 1, 1, -1, 2, 2, 1, 1, 0, 2, 3, 2, 2, 1, -2, 1, 2, -1, -2, -1], [-2, 2, 1, 2, -1, -1, 2, 4, 0, 0, -1, 0, 4, 0, 0, -1, -4, 1, 1, -2, -2, -1], [-1, 2, 1, 1, -1, -1, 2, 3, 0, 1, -1, 1, 3, -1, 1, 0, -2, 2, 0, -1, -3, -1], [2, -1, -1, -1, -1, 0, -1, -1, -1, 0, 0, -1, -2, -2, 0, 0, 1, 1, -2, 0, 0, 0], [-1, 2, 1, 1, -1, -1, 2, 3, 0, 1, -1, 1, 3, -1, 1, 0, -3, 2, 1, -1, -3, -1], [0, 1, 1, 1, 0, 0, 1, 2, 1, -1, 0, 0, 2, 1, -1, -2, -2, -1, 0, -1, -1, 0], [-1, 1, 1, 1, 0, 0, 2, 2, 1, 0, 0, 1, 3, 1, 0, 0, -1, 0, 1, 0, -1, 0], [0, -2, -1, 0, -1, 0, -1, -1, 0, -1, 1, -1, -1, 0, -1, -1, 1, -2, 1, 1, 2, 1]]
[[1, 0, 0, 0, 0, 0, 0, 0, 0, 0, 0, 0, 0, 0, 0, 0, 0, 0, 0, 0, 0, 0], [0, 1, 0, 0, 0, 0, 0, 0, 0, 0, 0, 0, 0, 0, 0, 0, 0, 0, 0, 0, 0, 0], [0, 0, 1, 0, 0, 0, 0, 0, 0, 0, 0, 0, 0, 0, 0, 0, 0, 0, 0, 0, 0, 0], [0, 0, 0, 1, 0, 0, 0, 0, 0, 0, 0, 0, 0, 0, 0, 0, 0, 0, 0, 0, 0, 0], [0, 0, 0, 0, 1, 0, 0, 0, 0, 0, 0, 0, 0, 0, 0, 0, 0, 0, 0, 0, 0, 0], [0, 0, 0, 0, 0, 1, 0, 0, 0, 0, 0, 0, 0, 0, 0, 0, 0, 0, 0, 0, 0, 0], [0, 0, 0, 0, 0, 0, 1, 0, 0, 0, 0, 0, 0, 0, 0, 0, 0, 0, 0, 0, 0, 0], [0, 0, 0, 0, 0, 0, 0, 1, 0, 0, 0, 0, 0, 0, 0, 0, 0, 0, 0, 0, 0, 0], [0, 0, 0, 0, 0, 0, 0, 0, 1, 0, 0, 0, 0, 0, 0, 0, 0, 0, 0, 0, 0, 0], [0, 0, 0, 0, 0, 0, 0, 0, 0, 1, 0, 0, 0, 0, 0, 0, 0, 0, 0, 0, 0, 0], [0, 0, 0, 0, 0, 0, 0, 0, 0, 0, 1, 0, 0, 0, 0, 0, 0, 0, 0, 0, 0, 0], [0, 0, 0, 0, 0, 0, 0, 0, 0, 0, 0, 1, 0, 0, 0, 0, 0, 0, 0, 0, 0, 0], [0, 0, 0, 0, 0, 0, 0, 0, 0, 0, 0, 0, 1, 0, 0, 0, 0, 0, 0, 0, 0, 0], [0, 0, 0, 0, 0, 0, 0, 0, 0, 0, 0, 0, 0, 1, 0, 0, 0, 0, 0, 0, 0, 0], [0, 0, 0, 0, 0, 0, 0, 0, 0, 0, 0, 0, 0, 0, 1, 0, 0, 0, 0, 0, 0, 0], [0, 0, 0, 0, 0, 0, 0, 0, 0, 0, 0, 0, 0, 0, 0, 1, 0, 0, 0, 0, 0, 0], [0, 0, 0, 0, 0, 0, 0, 0, 0, 0, 0, 0, 0, 0, 0, 0, 1, 0, 0, 0, 0, 0], [0, 0, 0, 0, 0, 0, 0, 0, 0, 0, 0, 0, 0, 0, 0, 0, 0, 1, 0, 0, 0, 0], [0, 0, 0, 0, 0, 0, 0, 0, 0, 0, 0, 0, 0, 0, 0, 0, 0, 0, 1, 0, 0, 0], [0, 0, 0, 0, 0, 0, 0, 0, 0, 0, 0, 0, 0, 0, 0, 0, 0, 0, 0, 1, 0, 0], [0, 0, 0, 0, 0, 0, 0, 0, 0, 0, 0, 0, 0, 0, 0, 0, 0, 0, 0, 0, 1, 0], [0, 0, 0, 0, 0, 0, 0, 0, 0, 0, 0, 0, 0, 0, 0, 0, 0, 0, 0, 0, 0, 1]]
[[1, 0, 0, 0, 0, 1, 0, 1, 0, 0, 0, -1, 0, 0, 0, 0, 0, 0, 0, 0, 0, 0], [0, 1, 0, 0, 0, 0, 0, 0, 0, 0, 0, 0, 0, 0, 0, 0, 0, 0, 0, 0, 0, 0], [0, 1, 0, -1, 1, 0, 0, -1, 1, 1, 0, 0, 0, 0, 0, 0, 0, 0, 0, 0, 0, 0], [0, -1, 0, 1, -1, 1, 0, 1, -1, 0, -1, -1, 0, 0, 0, 0, 0, 0, 0, 0, 0, 0], [0, -1, 0, 0, 0, 1, 0, 1, -1, 0, -1, -1, 0, 0, 0, 0, 0, 0, 0, 0, 0, 0], [0, 0, 0, 0, 0, -1, -1, -2, 0, 1, 0, 1, 0, 0, 0, 0, 1, 0, 0, 0, 0, 0], [0, 0, 0, 0, 0, 0, 0, 0, 0, 1, 0, -1, 0, 0, 0, 0, 1, 0, 0, 0, 0, 0], [0, 0, 0, 0, 0, 0, 1, 1, 0, -1, 0, 1, 0, 0, 0, 0, -1, 0, 0, 0, 0, 0], [0, -1, 1, 1, -1, 1, 1, 2, 0, -2, 0, 0, 0, 0, 0, 0, -1, 0, 0, 0, 0, 0], [0, 0, 0, 0, 0, -1, 0, -1, 0, 1, 0, 1, 0, 0, 0, 0, 0, 0, 0, 0, 0, 0], [0, 0, -1, -1, 0, -2, -1, -3, 0, 2, 0, 1, 0, 0, 0, 0, 1, 0, 0, 0, 0, 0], [0, 0, 0, 0, 0, 0, 0, 0, 0, 0, 0, 1, 0, 0, 0, 0, 0, 0, 0, 0, 0, 0], [0, 0, 0, 0, 0, 0, 0, 0, 0, 0, 0, 0, 1, 0, 0, 0, 0, 0, 0, 0, 0, 0], [0, 1, 0, 0, 1, -1, 0, -1, 1, 0, 1, 1, 0, 1, 0, 0, 0, 0, 0, 0, 0, 0], [0, 0, 0, 0, 0, 0, 0, 0, 0, 0, 0, 0, 0, 0, 1, 0, 0, 0, 0, 0, 0, 0], [0, 0, 0, 0, 0, 0, 0, 0, 0, 0, 0, 0, 0, 0, 0, 1, 0, 0, 0, 0, 0, 0], [0, 0, 0, 0, 0, 1, 1, 1, 0, -1, 0, 0, 0, 0, 0, 0, 0, 0, 0, 0, 0, 0], [0, 0, 0, 0, 0, 0, 0, 0, 0, 0, 0, 0, 0, 0, 0, 0, 0, 1, 0, 0, 0, 0], [0, 0, 0, 0, 0, 1, 0, 1, 0, 0, 0, -1, 0, 0, 0, 0, 0, 0, 1, 0, 0, 0], [0, 0, 0, 0, 0, 0, 0, 0, 0, 0, 0, 0, 0, 0, 0, 0, 0, 0, 0, 1, 0, 0], [0, 0, 0, 0, 0, 0, 0, 0, 0, 0, 0, 0, 0, 0, 0, 0, 0, 0, 0, 0, 1, 0], [0, 0, 0, 0, 0, 0, 0, 0, 0, 0, 0, 0, 0, 0, 0, 0, 0, 0, 0, 0, 0, 1]]
[[1, 0, 0, 0, 0, 0, 0, 0, 0, 0, 0, 0, 0, 0, 0, 0, 0, 0, 0, 0, 0, 0], [0, 1, 0, 0, 0, 0, 0, 0, 0, 0, 0, 0, 0, 0, 0, 0, 0, 0, 0, 0, 0, 0], [0, 0, 1, 0, 0, 0, 0, 0, 0, 0, 0, 0, 0, 0, 0, 0, 0, 0, 0, 0, 0, 0], [0, 0, 0, 1, 0, 0, 0, 0, 0, 0, 0, 0, 0, 0, 0, 0, 0, 0, 0, 0, 0, 0], [0, 0, 0, 0, 1, 0, 0, 0, 0, 0, 0, 0, 0, 0, 0, 0, 0, 0, 0, 0, 0, 0], [0, 0, 0, 0, 0, 1, 0, 0, 0, 0, 0, 0, 0, 0, 0, 0, 0, 0, 0, 0, 0, 0], [0, 0, 0, 0, 0, 0, 1, 0, 0, 0, 0, 0, 0, 0, 0, 0, 0, 0, 0, 0, 0, 0], [0, 0, 0, 0, 0, 0, 0, 1, 0, 0, 0, 0, 0, 0, 0, 0, 0, 0, 0, 0, 0, 0], [0, 0, 0, 0, 0, 0, 0, 0, 1, 0, 0, 0, 0, 0, 0, 0, 0, 0, 0, 0, 0, 0], [0, 0, 0, 0, 0, 0, 0, 0, 0, 1, 0, 0, 0, 0, 0, 0, 0, 0, 0, 0, 0, 0], [0, 0, 0, 0, 0, 0, 0, 0, 0, 0, 1, 0, 0, 0, 0, 0, 0, 0, 0, 0, 0, 0], [0, 0, 0, 0, 0, 0, 0, 0, 0, 0, 0, 1, 0, 0, 0, 0, 0, 0, 0, 0, 0, 0], [0, 0, 0, 0, 0, 0, 0, 0, 0, 0, 0, 0, 1, 0, 0, 0, 0, 0, 0, 0, 0, 0], [0, 0, 0, 0, 0, 0, 0, 0, 0, 0, 0, 0, 0, 1, 0, 0, 0, 0, 0, 0, 0, 0], [0, 0, 0, 0, 0, 0, 0, 0, 0, 0, 0, 0, 0, 0, 1, 0, 0, 0, 0, 0, 0, 0], [0, 0, 0, 0, 0, 0, 0, 0, 0, 0, 0, 0, 0, 0, 0, 1, 0, 0, 0, 0, 0, 0], [0, 0, 0, 0, 0, 0, 0, 0, 0, 0, 0, 0, 0, 0, 0, 0, 1, 0, 0, 0, 0, 0], [0, 0, 0, 0, 0, 0, 0, 0, 0, 0, 0, 0, 0, 0, 0, 0, 0, 1, 0, 0, 0, 0], [0, 0, 0, 0, 0, 0, 0, 0, 0, 0, 0, 0, 0, 0, 0, 0, 0, 0, 1, 0, 0, 0], [0, 0, 0, 0, 0, 0, 0, 0, 0, 0, 0, 0, 0, 0, 0, 0, 0, 0, 0, 1, 0, 0], [0, 0, 0, 0, 0, 0, 0, 0, 0, 0, 0, 0, 0, 0, 0, 0, 0, 0, 0, 0, 1, 0], [0, 0, 0, 0, 0, 0, 0, 0, 0, 0, 0, 0, 0, 0, 0, 0, 0, 0, 0, 0, 0, 1]]
[[1, 0, 0, 0, 0, 0, 0, 0, 0, 0, 0, 0, 0, 0, 0, 0, 0, 0, 0, 0, 0, 0], [0, 1, 0, 0, 0, 0, 0, 0, 0, 0, 0, 0, 0, 0, 0, 0, 0, 0, 0, 0, 0, 0], [0, 0, 1, 0, 0, 0, 0, 0, 0, 0, 0, 0, 0, 0, 0, 0, 0, 0, 0, 0, 0, 0], [0, 0, 0, 1, 0, 0, 0, 0, 0, 0, 0, 0, 0, 0, 0, 0, 0, 0, 0, 0, 0, 0], [0, 0, 0, 0, 1, 0, 0, 0, 0, 0, 0, 0, 0, 0, 0, 0, 0, 0, 0, 0, 0, 0], [0, 0, 0, 0, 0, 1, 0, 0, 0, 0, 0, 0, 0, 0, 0, 0, 0, 0, 0, 0, 0, 0], [0, 0, 0, 0, 0, 0, 1, 0, 0, 0, 0, 0, 0, 0, 0, 0, 0, 0, 0, 0, 0, 0], [0, 0, 0, 0, 0, 0, 0, 1, 0, 0, 0, 0, 0, 0, 0, 0, 0, 0, 0, 0, 0, 0], [0, 0, 0, 0, 0, 0, 0, 0, 1, 0, 0, 0, 0, 0, 0, 0, 0, 0, 0, 0, 0, 0], [0, 0, 0, 0, 0, 0, 0, 0, 0, 1, 0, 0, 0, 0, 0, 0, 0, 0, 0, 0, 0, 0], [0, 0, 0, 0, 0, 0, 0, 0, 0, 0, 1, 0, 0, 0, 0, 0, 0, 0, 0, 0, 0, 0], [0, 0, 0, 0, 0, 0, 0, 0, 0, 0, 0, 1, 0, 0, 0, 0, 0, 0, 0, 0, 0, 0], [0, 0, 0, 0, 0, 0, 0, 0, 0, 0, 0, 0, 1, 0, 0, 0, 0, 0, 0, 0, 0, 0], [0, 0, 0, 0, 0, 0, 0, 0, 0, 0, 0, 0, 0, 1, 0, 0, 0, 0, 0, 0, 0, 0], [0, 0, 0, 0, 0, 0, 0, 0, 0, 0, 0, 0, 0, 0, 1, 0, 0, 0, 0, 0, 0, 0], [0, 0, 0, 0, 0, 0, 0, 0, 0, 0, 0, 0, 0, 0, 0, 1, 0, 0, 0, 0, 0, 0], [0, 0, 0, 0, 0, 0, 0, 0, 0, 0, 0, 0, 0, 0, 0, 0, 1, 0, 0, 0, 0, 0], [0, 0, 0, 0, 0, 0, 0, 0, 0, 0, 0, 0, 0, 0, 0, 0, 0, 1, 0, 0, 0, 0], [0, 0, 0, 0, 0, 0, 0, 0, 0, 0, 0, 0, 0, 0, 0, 0, 0, 0, 1, 0, 0, 0], [0, 0, 0, 0, 0, 0, 0, 0, 0, 0, 0, 0, 0, 0, 0, 0, 0, 0, 0, 1, 0, 0], [0, 0, 0, 0, 0, 0, 0, 0, 0, 0, 0, 0, 0, 0, 0, 0, 0, 0, 0, 0, 1, 0], [0, 0, 0, 0, 0, 0, 0, 0, 0, 0, 0, 0, 0, 0, 0, 0, 0, 0, 0, 0, 0, 1]]
[[1, 0, 0, 0, 0, 0, 0, 0, 0, 0, 0, 0, 0, 0, 0, 0, 0, 0, 0, 0, 0, 0], [0, 1, 0, 0, 0, 0, 0, 0, 0, 0, 0, 0, 0, 0, 0, 0, 0, 0, 0, 0, 0, 0], [0, 0, 1, 0, 0, 0, 0, 0, 0, 0, 0, 0, 0, 0, 0, 0, 0, 0, 0, 0, 0, 0], [0, 0, 0, 1, 0, 0, 0, 0, 0, 0, 0, 0, 0, 0, 0, 0, 0, 0, 0, 0, 0, 0], [0, 0, 0, 0, 1, 0, 0, 0, 0, 0, 0, 0, 0, 0, 0, 0, 0, 0, 0, 0, 0, 0], [0, 0, 0, 0, 0, 1, 0, 0, 0, 0, 0, 0, 0, 0, 0, 0, 0, 0, 0, 0, 0, 0], [0, 0, 0, 0, 0, 0, 1, 0, 0, 0, 0, 0, 0, 0, 0, 0, 0, 0, 0, 0, 0, 0], [0, 0, 0, 0, 0, 0, 0, 1, 0, 0, 0, 0, 0, 0, 0, 0, 0, 0, 0, 0, 0, 0], [0, 0, 0, 0, 0, 0, 0, 0, 1, 0, 0, 0, 0, 0, 0, 0, 0, 0, 0, 0, 0, 0], [0, 0, 0, 0, 0, 0, 0, 0, 0, 1, 0, 0, 0, 0, 0, 0, 0, 0, 0, 0, 0, 0], [0, 0, 0, 0, 0, 0, 0, 0, 0, 0, 1, 0, 0, 0, 0, 0, 0, 0, 0, 0, 0, 0], [0, 0, 0, 0, 0, 0, 0, 0, 0, 0, 0, 1, 0, 0, 0, 0, 0, 0, 0, 0, 0, 0], [0, 0, 0, 0, 0, 0, 0, 0, 0, 0, 0, 0, 1, 0, 0, 0, 0, 0, 0, 0, 0, 0], [0, 0, 0, 0, 0, 0, 0, 0, 0, 0, 0, 0, 0, 1, 0, 0, 0, 0, 0, 0, 0, 0], [0, 0, 0, 0, 0, 0, 0, 0, 0, 0, 0, 0, 0, 0, 1, 0, 0, 0, 0, 0, 0, 0], [0, 0, 0, 0, 0, 0, 0, 0, 0, 0, 0, 0, 0, 0, 0, 1, 0, 0, 0, 0, 0, 0], [0, 0, 0, 0, 0, 0, 0, 0, 0, 0, 0, 0, 0, 0, 0, 0, 1, 0, 0, 0, 0, 0], [0, 0, 0, 0, 0, 0, 0, 0, 0, 0, 0, 0, 0, 0, 0, 0, 0, 1, 0, 0, 0, 0], [0, 0, 0, 0, 0, 0, 0, 0, 0, 0, 0, 0, 0, 0, 0, 0, 0, 0, 1, 0, 0, 0], [0, 0, 0, 0, 0, 0, 0, 0, 0, 0, 0, 0, 0, 0, 0, 0, 0, 0, 0, 1, 0, 0], [0, 0, 0, 0, 0, 0, 0, 0, 0, 0, 0, 0, 0, 0, 0, 0, 0, 0, 0, 0, 1, 0], [0, 0, 0, 0, 0, 0, 0, 0, 0, 0, 0, 0, 0, 0, 0, 0, 0, 0, 0, 0, 0, 1]]
[[-1, -1, 1, 1, 0, 0, 1, 1, 1, -1, 0, 0, 1, 1, 0, -1, -1, -1, 1, 0, 0, 0], [0, -2, 0, -1, 0, 1, 0, -1, 0, 0, 0, 0, -1, -1, 1, 0, 2, 0, 0, 1, 1, 0], [0, -3, 0, 0, -2, 0, -1, -1, -1, -1, 0, -2, -2, -2, -1, -1, 1, -1, -1, 0, 2, 0], [0, 1, 1, 0, 2, 0, 1, 0, 1, 1, 0, 2, 0, 1, 1, 2, 0, 1, 0, 0, -1, 0], [0, 0, 0, 0, 1, 0, 0, 0, 0, 0, 0, 0, 0, 0, 0, 0, 0, 0, 0, 0, 0, 0], [0, 1, 0, 0, 0, 0, 0, 0, 0, 0, 0, 0, -1, 0, -1, 1, -1, 0, -1, -1, 0, 0], [0, -2, 0, -1, 0, 0, 1, -1, 0, 0, 0, 0, -2, -1, 0, 1, 1, 0, -1, 0, 1, 0], [0, 1, 0, 0, 1, 1, 0, 0, 0, 1, 0, 1, 1, 1, 2, 1, 2, 1, 1, 1, -1, 0], [0, 2, 0, 1, 0, 0, 0, 2, 1, 0, 0, 0, 3, 1, 1, -2, -2, 0, 2, 0, -2, 0], [0, 0, 0, -1, 1, 0, 0, -3, 0, 2, 0, 1, -3, 0, 0, 4, 3, 1, -2, 0, 1, 0], [0, 1, 0, 0, 0, -1, 0, -1, 0, 0, 1, 0, -2, 0, -2, 2, 0, 0, -2, -1, 1, 0], [0, 2, 0, 0, 1, 0, 0, -1, 0, 1, 0, 2, 0, 1, 1, 2, 1, 1, 0, 0, -1, 0], [-1, 3, 1, 1, 1, -1, 1, 2, 1, 0, 0, 1, 3, 2, 0, -1, -3, 0, 1, -1, -1, -1], [1, -2, -1, 0, -2, 0, -1, 0, -1, -1, 0, -2, -1, -1, -2, -1, 0, -1, -1, 0, 1, 1], [0, 0, 1, 0, 1, 1, 1, 0, 1, 0, 0, 1, 1, 1, 0, 0, 1, 0, 0, 1, 1, 0], [-1, 2, 1, 1, 1, 0, 1, 2, 1, 0, 0, 1, 3, 2, 1, -1, -2, 0, 2, 0, -1, -1], [0, 0, 0, 0, 0, 0, 0, 1, 0, 0, 0, 0, 1, 0, 1, -1, 0, 0, 1, 0, -1, 0], [1, -1, -1, 1, -3, -1, -1, 2, -1, -2, 0, -3, 0, -2, -2, -3, -3, -1, -1, -1, -1, 1], [0, -2, 0, 0, -1, 0, 0, 0, 0, -1, 0, -1, -1, -1, 0, -1, 0, -1, 0, 0, 0, 0], [0, -1, -1, -1, 0, 0, -1, -2, -1, 1, 0, 0, -2, -1, 1, 2, 2, 1, 0, 1, 1, 0], [0, 0, 1, 0, 1, 1, 1, 0, 1, 0, 0, 1, 1, 1, 1, 0, 1, 0, 0, 1, 0, 0], [1, -2, 0, -1, 0, 1, 0, -2, 0, 0, 0, 0, -2, -1, 0, 0, 3, 0, -2, 1, 2, 0]]
[[1, 0, 0, 0, 0, 0, 0, 0, 0, 0, 0, 0, 0, 0, 0, 0, 0, 0, 0, 0, 0, 0], [0, 1, 0, 0, 0, 0, 0, 0, 0, 0, 0, 0, 0, 0, 0, 0, 0, 0, 0, 0, 0, 0], [0, 0, 1, 0, 0, 0, 0, 0, 0, 0, 0, 0, 0, 0, 0, 0, 0, 0, 0, 0, 0, 0], [0, 0, 0, 1, 0, 0, 0, 0, 0, 0, 0, 0, 0, 0, 0, 0, 0, 0, 0, 0, 0, 0], [0, 0, 0, 0, 1, 0, 0, 0, 0, 0, 0, 0, 0, 0, 0, 0, 0, 0, 0, 0, 0, 0], [0, 0, 0, 0, 0, 1, 0, 0, 0, 0, 0, 0, 0, 0, 0, 0, 0, 0, 0, 0, 0, 0], [0, 0, 0, 0, 0, 0, 1, 0, 0, 0, 0, 0, 0, 0, 0, 0, 0, 0, 0, 0, 0, 0], [0, 0, 0, 0, 0, 0, 0, 1, 0, 0, 0, 0, 0, 0, 0, 0, 0, 0, 0, 0, 0, 0], [0, 0, 0, 0, 0, 0, 0, 0, 1, 0, 0, 0, 0, 0, 0, 0, 0, 0, 0, 0, 0, 0], [0, 0, 0, 0, 0, 0, 0, 0, 0, 1, 0, 0, 0, 0, 0, 0, 0, 0, 0, 0, 0, 0], [0, 0, 0, 0, 0, 0, 0, 0, 0, 0, 1, 0, 0, 0, 0, 0, 0, 0, 0, 0, 0, 0], [0, 0, 0, 0, 0, 0, 0, 0, 0, 0, 0, 1, 0, 0, 0, 0, 0, 0, 0, 0, 0, 0], [0, 0, 0, 0, 0, 0, 0, 0, 0, 0, 0, 0, 1, 0, 0, 0, 0, 0, 0, 0, 0, 0], [0, 0, 0, 0, 0, 0, 0, 0, 0, 0, 0, 0, 0, 1, 0, 0, 0, 0, 0, 0, 0, 0], [0, 0, 0, 0, 0, 0, 0, 0, 0, 0, 0, 0, 0, 0, 1, 0, 0, 0, 0, 0, 0, 0], [0, 0, 0, 0, 0, 0, 0, 0, 0, 0, 0, 0, 0, 0, 0, 1, 0, 0, 0, 0, 0, 0], [0, 0, 0, 0, 0, 0, 0, 0, 0, 0, 0, 0, 0, 0, 0, 0, 1, 0, 0, 0, 0, 0], [0, 0, 0, 0, 0, 0, 0, 0, 0, 0, 0, 0, 0, 0, 0, 0, 0, 1, 0, 0, 0, 0], [0, 0, 0, 0, 0, 0, 0, 0, 0, 0, 0, 0, 0, 0, 0, 0, 0, 0, 1, 0, 0, 0], [0, 0, 0, 0, 0, 0, 0, 0, 0, 0, 0, 0, 0, 0, 0, 0, 0, 0, 0, 1, 0, 0], [0, 0, 0, 0, 0, 0, 0, 0, 0, 0, 0, 0, 0, 0, 0, 0, 0, 0, 0, 0, 1, 0], [0, 0, 0, 0, 0, 0, 0, 0, 0, 0, 0, 0, 0, 0, 0, 0, 0, 0, 0, 0, 0, 1]]
[[1, 0, 0, 0, -1, 0, 0, 0, 0, 0, 0, 0, 0, 0, 0, 0, 0, 0, 0, 0, 0, 0], [0, 1, 0, 0, 0, 0, 0, 0, 0, 0, 0, 0, 0, 0, 0, 0, 0, 0, 0, 0, 0, 0], [0, 1, 1, 0, 1, 0, 1, 0, 2, 0, 1, 1, 1, 2, 0, 0, 0, -1, 1, 0, 0, 0], [0, 0, 0, 1, -1, 0, 0, 0, 0, 0, 0, 0, 0, 0, 0, 0, 0, 0, 0, 0, 0, 0], [0, 0, 0, 0, -1, 0, 0, 0, 0, 0, 0, 0, 0, 0, 0, 0, 0, 0, 0, 0, 0, 0], [0, 0, 0, 0, 1, 0, 0, -1, 0, 1, 0, 1, 0, 0, 1, 1, 1, 1, 0, 1, 0, 0], [0, 0, 0, 0, -1, 0, 0, -1, 0, 1, -1, 0, 0, 0, 0, 0, 0, 0, 0, 0, 0, 0], [0, 0, 0, 0, 1, 0, 0, 1, 0, 0, 0, 0, 0, 0, 0, 0, 0, 0, 0, 0, 0, 0], [0, -1, 0, 0, -1, 0, 0, 1, -1, -1, 0, -1, -1, -2, 0, 0, 0, 1, -1, 0, 0, 0], [0, 0, 0, 0, 1, 0, 0, 0, 0, 1, 0, 0, 0, 0, 0, 0, 0, 0, 0, 0, 0, 0], [0, 0, 0, 0, 1, 0, -1, -1, 0, 1, 0, 0, 0, 0, 0, 0, 0, 0, 0, 0, 0, 0], [0, 0, 0, 0, 1, 0, 0, 0, 0, 0, 0, 1, 0, 0, 0, 0, 0, 0, 0, 0, 0, 0], [0, 0, 0, 0, 0, 0, 0, 0, 0, 0, 0, 0, 1, 0, 0, 0, 0, 0, 0, 0, 0, 0], [0, 0, 0, 0, 1, 0, 0, 0, 0, 0, 0, 0, 0, 1, 0, 0, 0, 0, 0, 0, 0, 0], [0, 0, 0, 0, 0, 0, 0, 0, 0, 0, 0, 0, 0, 0, 1, 0, 0, 0, 0, 0, 0, 0], [0, 0, 0, 0, 0, 0, 0, 0, 0, 0, 0, 0, 0, 0, 0, 1, 0, 0, 0, 0, 0, 0], [0, 0, 0, 0, 0, 0, 0, 0, 0, 0, 0, 0, 0, 0, 0, 0, 1, 0, 0, 0, 0, 0], [0, 0, 0, 0, 0, 0, 0, 0, 0, 0, 0, 0, 0, 0, 0, 0, 0, 1, 0, 0, 0, 0], [0, 0, 0, 0, -1, 0, 0, 0, 0, 0, 0, 0, 0, 0, 0, 0, 0, 0, 1, 0, 0, 0], [0, 0, 0, 0, 0, 1, 0, 1, 0, -1, 0, -1, 0, 0, -1, -1, -1, -1, 0, 0, 0, 0], [0, 0, 0, 0, 0, 0, 0, 0, 0, 0, 0, 0, 0, 0, 0, 0, 0, 0, 0, 0, 1, 0], [0, 0, 0, 0, 0, 0, 0, 0, 0, 0, 0, 0, 0, 0, 0, 0, 0, 0, 0, 0, 0, 1]]
[[1, 0, 0, 0, 0, 0, 0, 0, 0, 0, 0, 0, 0, 0, 0, 0, 0, 0, 0, 0, 0, 0], [0, 1, 0, 0, 0, 0, 0, 0, 0, 0, 0, 0, 0, 0, 0, 0, 0, 0, 0, 0, 0, 0], [0, 0, 1, 0, 0, 0, 0, 0, 0, 0, 0, 0, 0, 0, 0, 0, 0, 0, 0, 0, 0, 0], [0, 0, 0, 1, 0, 0, 0, 0, 0, 0, 0, 0, 0, 0, 0, 0, 0, 0, 0, 0, 0, 0], [0, 0, 0, 0, 1, 0, 0, 0, 0, 0, 0, 0, 0, 0, 0, 0, 0, 0, 0, 0, 0, 0], [0, 0, 0, 0, 0, 1, 0, 0, 0, 0, 0, 0, 0, 0, 0, 0, 0, 0, 0, 0, 0, 0], [0, 0, 0, 0, 0, 0, 1, 0, 0, 0, 0, 0, 0, 0, 0, 0, 0, 0, 0, 0, 0, 0], [0, 0, 0, 0, 0, 0, 0, 1, 0, 0, 0, 0, 0, 0, 0, 0, 0, 0, 0, 0, 0, 0], [0, 0, 0, 0, 0, 0, 0, 0, 1, 0, 0, 0, 0, 0, 0, 0, 0, 0, 0, 0, 0, 0], [0, 0, 0, 0, 0, 0, 0, 0, 0, 1, 0, 0, 0, 0, 0, 0, 0, 0, 0, 0, 0, 0], [0, 0, 0, 0, 0, 0, 0, 0, 0, 0, 1, 0, 0, 0, 0, 0, 0, 0, 0, 0, 0, 0], [0, 0, 0, 0, 0, 0, 0, 0, 0, 0, 0, 1, 0, 0, 0, 0, 0, 0, 0, 0, 0, 0], [0, 0, 0, 0, 0, 0, 0, 0, 0, 0, 0, 0, 1, 0, 0, 0, 0, 0, 0, 0, 0, 0], [0, 0, 0, 0, 0, 0, 0, 0, 0, 0, 0, 0, 0, 1, 0, 0, 0, 0, 0, 0, 0, 0], [0, 0, 0, 0, 0, 0, 0, 0, 0, 0, 0, 0, 0, 0, 1, 0, 0, 0, 0, 0, 0, 0], [0, 0, 0, 0, 0, 0, 0, 0, 0, 0, 0, 0, 0, 0, 0, 1, 0, 0, 0, 0, 0, 0], [0, 0, 0, 0, 0, 0, 0, 0, 0, 0, 0, 0, 0, 0, 0, 0, 1, 0, 0, 0, 0, 0], [0, 0, 0, 0, 0, 0, 0, 0, 0, 0, 0, 0, 0, 0, 0, 0, 0, 1, 0, 0, 0, 0], [0, 0, 0, 0, 0, 0, 0, 0, 0, 0, 0, 0, 0, 0, 0, 0, 0, 0, 1, 0, 0, 0], [0, 0, 0, 0, 0, 0, 0, 0, 0, 0, 0, 0, 0, 0, 0, 0, 0, 0, 0, 1, 0, 0], [0, 0, 0, 0, 0, 0, 0, 0, 0, 0, 0, 0, 0, 0, 0, 0, 0, 0, 0, 0, 1, 0], [0, 0, 0, 0, 0, 0, 0, 0, 0, 0, 0, 0, 0, 0, 0, 0, 0, 0, 0, 0, 0, 1]]
[[0, 0, 1, 0, 1, 0, 1, 1, 1, 0, 0, 1, 1, 1, 0, 0, -1, 0, 1, 0, 0, 0], [0, 0, 1, 0, 1, 1, 1, 0, 1, 0, 0, 1, 0, 1, 0, 1, 1, 0, 0, 1, 1, 0], [0, 0, 1, 0, 0, 0, 0, 0, 0, 0, 0, 0, 0, 0, 0, 0, 0, 0, 0, 0, 0, 0], [0, -1, 1, 1, 1, 1, 1, 0, 1, 0, 0, 1, 0, 1, 0, 1, 1, 0, 0, 1, 1, 0], [0, 0, 0, 0, 1, 0, 0, 0, 0, 0, 0, 0, 0, 0, 0, 0, 0, 0, 0, 0, 0, 0], [0, 0, 0, 0, 0, 1, 0, 0, 0, 0, 0, 0, 0, 0, 0, 0, 0, 0, 0, 0, 0, 0], [0, -1, 1, 0, 1, 1, 2, 0, 1, 0, 0, 1, 0, 1, 0, 1, 1, 0, 0, 1, 1, 0], [1, -1, 0, 0, 0, 1, 0, 0, 0, 0, 0, 0, -1, 0, 0, 1, 2, 0, -1, 1, 1, 0], [0, 1, -1, 0, -1, -1, -1, 0, 0, 0, 0, -1, 0, -1, 0, -1, -1, 0, 0, -1, -1, 0], [1, -2, 1, 0, 1, 2, 1, -1, 1, 1, 0, 1, -1, 1, 0, 2, 3, 0, -1, 2, 2, 0], [0, 0, 0, 0, 0, 0, 0, 0, 0, 0, 1, 0, 0, 0, 0, 0, 0, 0, 0, 0, 0, 0], [1, -1, 0, 0, 0, 1, 0, -1, 0, 0, 0, 1, -1, 0, 0, 1, 2, 0, -1, 1, 1, 0], [-1, 1, 0, 0, 0, -1, 0, 1, 0, 0, 0, 0, 2, 0, 0, -1, -2, 0, 1, -1, -1, 0], [0, 1, -1, 0, -1, -1, -1, 0, -1, 0, 0, -1, 0, 0, 0, -1, -1, 0, 0, -1, -1, 0], [0, -1, 1, 0, 1, 1, 1, 0, 1, 0, 0, 1, 0, 1, 1, 1, 1, 0, 0, 1, 1, 0], [-1, 1, 0, 0, 0, -1, 0, 1, 0, 0, 0, 0, 1, 0, 0, 0, -2, 0, 1, -1, -1, 0], [0, 0, 0, 0, 0, 0, 0, 0, 0, 0, 0, 0, 0, 0, 0, 0, 1, 0, 0, 0, 0, 0], [0, 2, -2, 0, -2, -2, -2, 0, -2, 0, 0, -2, 0, -2, 0, -2, -2, 1, 0, -2, -2, 0], [0, 0, 0, 0, 0, 0, 0, 0, 0, 0, 0, 0, 0, 0, 0, 0, 0, 0, 1, 0, 0, 0], [0, 0, 0, 0, 0, 0, 0, 0, 0, 0, 0, 0, 0, 0, 0, 0, 0, 0, 0, 1, 0, 0], [0, 0, 0, 0, 0, 0, 0, 0, 0, 0, 0, 0, 0, 0, 0, 0, 0, 0, 0, 0, 1, 0], [1, -2, 1, 0, 1, 2, 1, -1, 1, 0, 0, 1, -1, 1, 0, 2, 3, 0, -1, 2, 2, 1]]
[[1, 0, 0, 0, 0, 0, 0, 0, 0, 0, 0, 0, 0, 0, 0, 0, 0, 0, 0, 0, 0, 0], [0, 1, 0, 0, 0, 0, 0, 0, 0, 0, 0, 0, 0, 0, 0, 0, 0, 0, 0, 0, 0, 0], [0, 0, 1, 0, 0, 0, 0, 0, 0, 0, 0, 0, 0, 0, 0, 0, 0, 0, 0, 0, 0, 0], [0, 0, 0, 1, 0, 0, 0, 0, 0, 0, 0, 0, 0, 0, 0, 0, 0, 0, 0, 0, 0, 0], [0, 0, 0, 0, 1, 0, 0, 0, 0, 0, 0, 0, 0, 0, 0, 0, 0, 0, 0, 0, 0, 0], [0, 0, 0, 0, 0, 1, 0, 0, 0, 0, 0, 0, 0, 0, 0, 0, 0, 0, 0, 0, 0, 0], [0, 0, 0, 0, 0, 0, 1, 0, 0, 0, 0, 0, 0, 0, 0, 0, 0, 0, 0, 0, 0, 0], [0, 0, 0, 0, 0, 0, 0, 1, 0, 0, 0, 0, 0, 0, 0, 0, 0, 0, 0, 0, 0, 0], [0, 0, 0, 0, 0, 0, 0, 0, 1, 0, 0, 0, 0, 0, 0, 0, 0, 0, 0, 0, 0, 0], [0, 0, 0, 0, 0, 0, 0, 0, 0, 1, 0, 0, 0, 0, 0, 0, 0, 0, 0, 0, 0, 0], [0, 0, 0, 0, 0, 0, 0, 0, 0, 0, 1, 0, 0, 0, 0, 0, 0, 0, 0, 0, 0, 0], [0, 0, 0, 0, 0, 0, 0, 0, 0, 0, 0, 1, 0, 0, 0, 0, 0, 0, 0, 0, 0, 0], [0, 0, 0, 0, 0, 0, 0, 0, 0, 0, 0, 0, 1, 0, 0, 0, 0, 0, 0, 0, 0, 0], [0, 0, 0, 0, 0, 0, 0, 0, 0, 0, 0, 0, 0, 1, 0, 0, 0, 0, 0, 0, 0, 0], [0, 0, 0, 0, 0, 0, 0, 0, 0, 0, 0, 0, 0, 0, 1, 0, 0, 0, 0, 0, 0, 0], [0, 0, 0, 0, 0, 0, 0, 0, 0, 0, 0, 0, 0, 0, 0, 1, 0, 0, 0, 0, 0, 0], [0, 0, 0, 0, 0, 0, 0, 0, 0, 0, 0, 0, 0, 0, 0, 0, 1, 0, 0, 0, 0, 0], [0, 0, 0, 0, 0, 0, 0, 0, 0, 0, 0, 0, 0, 0, 0, 0, 0, 1, 0, 0, 0, 0], [0, 0, 0, 0, 0, 0, 0, 0, 0, 0, 0, 0, 0, 0, 0, 0, 0, 0, 1, 0, 0, 0], [0, 0, 0, 0, 0, 0, 0, 0, 0, 0, 0, 0, 0, 0, 0, 0, 0, 0, 0, 1, 0, 0], [0, 0, 0, 0, 0, 0, 0, 0, 0, 0, 0, 0, 0, 0, 0, 0, 0, 0, 0, 0, 1, 0], [0, 0, 0, 0, 0, 0, 0, 0, 0, 0, 0, 0, 0, 0, 0, 0, 0, 0, 0, 0, 0, 1]]
[[2, -3, 0, 1, -2, 1, 0, 1, 0, -2, 0, -2, 0, -1, -2, -2, 0, -1, -1, 1, 1, 1], [2, -5, 0, 2, -4, 2, 0, 2, 0, -4, 0, -4, 0, -2, -4, -4, 0, -2, -2, 2, 2, 2], [1, -3, 0, 1, -3, 0, -1, 1, -1, -2, 0, -3, -1, -2, -2, -3, -1, -1, -1, 0, 1, 1], [-1, 3, 1, 0, 3, 0, 1, -1, 1, 2, 0, 3, 1, 2, 2, 3, 1, 1, 1, 0, -1, -1], [0, 0, 0, 0, 1, 0, 0, 0, 0, 0, 0, 0, 0, 0, 0, 0, 0, 0, 0, 0, 0, 0], [-2, 6, 0, -2, 4, -1, 0, -2, 0, 4, 0, 4, 0, 2, 4, 4, 0, 2, 2, -2, -2, -2], [0, 0, 0, 0, 0, 0, 1, 0, 0, 0, 0, 0, 0, 0, 0, 0, 0, 0, 0, 0, 0, 0], [1, -3, 1, 1, -1, 2, 1, 2, 1, -2, 0, -1, 1, 0, -2, -1, 1, -1, -1, 2, 1, 1], [1, -3, 0, 1, -2, 1, 0, 1, 1, -2, 0, -2, 0, -1, -2, -2, 0, -1, -1, 1, 1, 1], [-2, 6, 1, -2, 5, -1, 1, -2, 1, 5, 0, 5, 1, 3, 4, 5, 1, 2, 2, -1, -2, -2], [-3, 9, 0, -3, 6, -3, 0, -3, 0, 6, 1, 6, 0, 3, 6, 6, 0, 3, 3, -3, -3, -3], [-1, 3, 1, -1, 3, 0, 1, -1, 1, 2, 0, 4, 1, 2, 2, 3, 1, 1, 1, 0, -1, -1], [1, 0, -1, 0, -1, -1, -1, 0, -1, 0, 0, -1, -1, -1, 0, 0, -1, 1, -1, -1, 0, 0], [-2, 3, 0, -1, 2, -1, 0, -1, 0, 2, 0, 2, 1, 2, 2, 1, 0, 0, 2, -1, -1, -1], [2, -3, 0, 1, -2, 1, 0, 1, 0, -2, 0, -2, -1, -1, -1, -1, 0, 0, -2, 1, 1, 1], [1, -3, -1, 1, -3, 0, -1, 1, -1, -2, 0, -3, -1, -2, -2, -2, -1, -1, -1, 0, 1, 1], [1, -3, 0, 1, -2, 1, 0, 1, 0, -2, 0, -2, 0, -1, -2, -2, 1, -1, -1, 1, 1, 1], [-2, 3, 0, -1, 2, -1, 0, -1, 0, 2, 0, 2, 1, 1, 2, 1, 0, 1, 2, -1, -1, -1], [1, -3, 0, 1, -2, 1, 0, 1, 0, -2, 0, -2, 0, -1, -2, -2, 0, -1, 0, 1, 1, 1], [0, 0, 0, 0, 0, 0, 0, 0, 0, 0, 0, 0, 0, 0, 0, 0, 0, 0, 0, 1, 0, 0], [1, -3, 0, 1, -2, 1, 0, 1, 0, -2, 0, -2, 0, -1, -2, -2, 0, -1, -1, 1, 1, 2], [1, -3, 0, 1, -2, 1, 0, 1, 0, -2, 0, -2, 0, -1, -2, -2, 0, -1, -1, 1, 2, 1]]

#################
# GALOIS GROUPS #
#################

Generators of the monodromy group on the generic Picard lattice:
[[3, 6, -8, -4, 3, -7, -9, -8, -1, 1, 2, 4, -5, -7, -2], [2, 7, -8, -4, 3, -7, -9, -8, -1, 1, 2, 6, -6, -8, -2], [2, 6, -7, -4, 3, -7, -9, -8, -1, 1, 2, 4, -5, -7, -2], [-2, -6, 8, 5, -3, 7, 9, 8, 1, -1, -2, -4, 5, 7, 2], [0, 0, 0, 0, 1, 0, 0, 0, 0, 0, 0, 0, 0, 0, 0], [-2, -6, 8, 4, -3, 8, 9, 8, 1, -1, -2, -6, 6, 8, 2], [0, 0, 0, 0, 0, 0, 1, 0, 0, 0, 0, 0, 0, 0, 0], [0, 0, 0, 0, 0, 0, 0, 1, 0, 0, 0, 2, -1, -1, 0], [2, 6, -8, -4, 3, -7, -9, -8, 0, 1, 2, 5, -6, -7, -2], [-4, -12, 16, 8, -6, 14, 18, 16, 2, -1, -4, -11, 12, 15, 4], [-2, -6, 8, 4, -3, 7, 9, 8, 1, -1, -1, -4, 5, 7, 2], [2, 6, -8, -4, 3, -7, -9, -8, -1, 1, 2, 3, -4, -6, -2], [2, 6, -8, -4, 3, -7, -9, -8, -1, 1, 2, 4, -5, -6, -2], [2, 6, -8, -4, 3, -7, -9, -8, -1, 1, 2, 4, -4, -7, -2], [0, 0, 0, 0, 0, 0, 0, 0, 0, 0, 0, -1, 0, 1, 1]]
[[1, 0, 0, 0, 0, 0, 0, 0, 0, 0, 0, 0, 0, 0, 0], [0, 1, 0, 0, 0, 0, 0, 0, 0, 0, 0, 0, 0, 0, 0], [0, 0, 1, 0, 0, 0, 0, 0, 0, 0, 0, 0, 0, 0, 0], [0, 0, 0, 1, 0, 0, 0, 0, 0, 0, 0, 0, 0, 0, 0], [0, 0, 0, 0, 1, 0, 0, 0, 0, 0, 0, 0, 0, 0, 0], [0, 0, 0, 0, 0, 1, 0, 0, 0, 0, 0, 0, 0, 0, 0], [0, 0, 0, 0, 0, 0, 1, 0, 0, 0, 0, 0, 0, 0, 0], [0, 0, 0, 0, 0, 0, 0, 1, 0, 0, 0, 0, 0, 0, 0], [0, 0, 0, 0, 0, 0, 0, 0, 1, 0, 0, 0, 0, 0, 0], [0, 0, 0, 0, 0, 0, 0, 0, 0, 1, 0, 0, 0, 0, 0], [0, 0, 0, 0, 0, 0, 0, 0, 0, 0, 1, 0, 0, 0, 0], [0, 0, 0, 0, 0, 0, 0, 0, 0, 0, 0, 1, 0, 0, 0], [0, 0, 0, 0, 0, 0, 0, 0, 0, 0, 0, 0, 1, 0, 0], [0, 0, 0, 0, 0, 0, 0, 0, 0, 0, 0, 0, 0, 1, 0], [0, 0, 0, 0, 0, 0, 0, 0, 0, 0, 0, 0, 0, 0, 1]]
[[1, 0, 0, 0, 0, 0, 0, 0, 0, 0, 0, 0, 0, 0, 0], [0, 1, 0, 0, 0, 0, 0, 0, 0, 0, 0, 0, 0, 0, 0], [0, 0, 1, 0, 0, 0, 0, 0, 0, 0, 0, 0, 0, 0, 0], [0, 0, 0, 1, 0, 0, 0, 0, 0, 0, 0, 0, 0, 0, 0], [0, 0, 0, 0, 1, 0, 0, 0, 0, 0, 0, 0, 0, 0, 0], [0, 0, 0, 0, 0, 1, 0, 0, 0, 0, 0, 0, 0, 0, 0], [0, 0, 0, 0, 0, 0, 1, 0, 0, 0, 0, 0, 0, 0, 0], [0, 0, 0, 0, 0, 0, 0, 1, 0, 0, 0, 0, 0, 0, 0], [0, 0, 0, 0, 0, 0, 0, 0, 1, 0, 0, 0, 0, 0, 0], [0, 0, 0, 0, 0, 0, 0, 0, 0, 1, 0, 0, 0, 0, 0], [0, 0, 0, 0, 0, 0, 0, 0, 0, 0, 1, 0, 0, 0, 0], [0, 0, 0, 0, 0, 0, 0, 0, 0, 0, 0, 1, 0, 0, 0], [0, 0, 0, 0, 0, 0, 0, 0, 0, 0, 0, 0, 1, 0, 0], [0, 0, 0, 0, 0, 0, 0, 0, 0, 0, 0, 0, 0, 1, 0], [0, 0, 0, 0, 0, 0, 0, 0, 0, 0, 0, 0, 0, 0, 1]]
[[-2, -3, 4, 1, 0, 4, 5, 4, 0, -1, 0, -2, 3, 4, 1], [-1, -2, 2, 1, -1, 2, 3, 2, 0, -1, 0, -2, 2, 3, 1], [-2, -3, 4, 2, -1, 5, 5, 5, -2, -2, 0, -2, 4, 5, 2], [1, 3, -4, -2, 2, -4, -5, -4, 0, 1, 0, 2, -3, -4, -1], [0, 0, 0, 0, 1, 0, 0, 0, 0, 0, 0, 0, 0, 0, 0], [2, 3, -5, -2, 1, -5, -6, -5, 1, 1, 0, 4, -5, -6, -2], [1, 5, -6, -3, 3, -6, -6, -6, 0, 1, 2, 4, -4, -5, -1], [-1, -5, 6, 3, -3, 5, 6, 5, 1, 0, -2, -6, 5, 6, 1], [-1, -5, 6, 3, -3, 6, 7, 6, 1, -1, -2, -4, 4, 5, 1], [2, 3, -5, -2, 1, -6, -6, -5, 1, 2, 0, 4, -5, -6, -2], [1, 1, -2, -1, 0, -2, -3, -2, 0, 1, -1, 0, -1, -2, -1], [-1, -3, 4, 1, -1, 4, 5, 4, 0, -1, 0, -1, 2, 3, 1], [-1, -3, 4, 1, -1, 4, 5, 4, 0, -1, 0, -2, 3, 3, 1], [-1, -3, 4, 1, -1, 4, 5, 4, 0, -1, 0, -2, 2, 4, 1], [-1, -2, 3, 3, -2, 2, 3, 3, 1, 0, -2, 0, 1, 1, 0]]
[[-1, -5, 6, 3, -3, 5, 6, 5, 0, -1, -2, -4, 4, 5, 1], [0, 1, 0, 0, 0, 0, 0, 0, 0, 0, 0, 0, 0, 0, 0], [1, 2, -2, -1, 1, -2, -2, -2, 0, 0, 1, 2, -2, -2, 0], [1, 2, -2, -1, 1, -2, -4, -3, 0, 1, 0, 0, -1, -2, -1], [0, -1, 1, 0, 0, 1, 0, 0, 0, 0, -1, -2, 1, 1, 0], [-1, -1, 2, 1, 0, 2, 2, 2, 0, 0, 0, 0, 1, 1, 0], [1, 2, -2, -2, 1, -2, -3, -3, 0, 1, 0, 0, -1, -2, -1], [-1, -3, 3, 2, -2, 3, 4, 4, 0, -1, -1, -2, 2, 3, 1], [-2, -4, 5, 3, -2, 4, 6, 5, 1, -1, -1, -2, 3, 4, 1], [0, 0, 0, 0, 0, 0, 0, 0, 0, 1, 0, 0, 0, 0, 0], [0, 0, 0, 0, 0, 0, 0, 0, 0, 0, 1, 0, 0, 0, 0], [-1, -3, 3, 2, -2, 3, 4, 3, 0, -1, -1, -1, 2, 3, 1], [-1, -3, 3, 2, -2, 3, 4, 3, 0, -1, -1, -2, 3, 3, 1], [-1, -3, 3, 2, -2, 3, 4, 3, 0, -1, -1, -2, 2, 4, 1], [0, 2, -1, -1, 2, -2, -2, -1, 0, 1, 1, 2, -1, -2, 0]]
[[1, 0, 0, 0, 0, 0, 0, 0, 0, 0, 0, 0, 0, 0, 0], [0, 1, 0, 0, 0, 0, 0, 0, 0, 0, 0, 0, 0, 0, 0], [0, 0, 1, 0, 0, 0, 0, 0, 0, 0, 0, 0, 0, 0, 0], [0, 0, 0, 1, 0, 0, 0, 0, 0, 0, 0, 0, 0, 0, 0], [0, 0, 0, 0, 1, 0, 0, 0, 0, 0, 0, 0, 0, 0, 0], [0, 0, 0, 0, 0, 1, 0, 0, 0, 0, 0, 0, 0, 0, 0], [0, 0, 0, 0, 0, 0, 1, 0, 0, 0, 0, 0, 0, 0, 0], [0, 0, 0, 0, 0, 0, 0, 1, 0, 0, 0, 0, 0, 0, 0], [0, 0, 0, 0, 0, 0, 0, 0, 1, 0, 0, 0, 0, 0, 0], [0, 0, 0, 0, 0, 0, 0, 0, 0, 1, 0, 0, 0, 0, 0], [0, 0, 0, 0, 0, 0, 0, 0, 0, 0, 1, 0, 0, 0, 0], [0, 0, 0, 0, 0, 0, 0, 0, 0, 0, 0, 1, 0, 0, 0], [0, 0, 0, 0, 0, 0, 0, 0, 0, 0, 0, 0, 1, 0, 0], [0, 0, 0, 0, 0, 0, 0, 0, 0, 0, 0, 0, 0, 1, 0], [0, 0, 0, 0, 0, 0, 0, 0, 0, 0, 0, 0, 0, 0, 1]]
[[1, 0, 0, 0, 0, 0, 0, 0, 0, 0, 0, 0, 0, 0, 0], [0, 1, 0, 0, 0, 0, 0, 0, 0, 0, 0, 0, 0, 0, 0], [0, 0, 1, 0, 0, 0, 0, 0, 0, 0, 0, 0, 0, 0, 0], [0, 0, 0, 1, 0, 0, 0, 0, 0, 0, 0, 0, 0, 0, 0], [0, 0, 0, 0, 1, 0, 0, 0, 0, 0, 0, 0, 0, 0, 0], [0, 0, 0, 0, 0, 1, 0, 0, 0, 0, 0, 0, 0, 0, 0], [0, 0, 0, 0, 0, 0, 1, 0, 0, 0, 0, 0, 0, 0, 0], [0, 0, 0, 0, 0, 0, 0, 1, 0, 0, 0, 0, 0, 0, 0], [0, 0, 0, 0, 0, 0, 0, 0, 1, 0, 0, 0, 0, 0, 0], [0, 0, 0, 0, 0, 0, 0, 0, 0, 1, 0, 0, 0, 0, 0], [0, 0, 0, 0, 0, 0, 0, 0, 0, 0, 1, 0, 0, 0, 0], [0, 0, 0, 0, 0, 0, 0, 0, 0, 0, 0, 1, 0, 0, 0], [0, 0, 0, 0, 0, 0, 0, 0, 0, 0, 0, 0, 1, 0, 0], [0, 0, 0, 0, 0, 0, 0, 0, 0, 0, 0, 0, 0, 1, 0], [0, 0, 0, 0, 0, 0, 0, 0, 0, 0, 0, 0, 0, 0, 1]]
[[1, 0, 0, 0, 0, 0, 0, 0, 0, 0, 0, 0, 0, 0, 0], [0, 1, 0, 0, 0, 0, 0, 0, 0, 0, 0, 0, 0, 0, 0], [0, 0, 1, 0, 0, 0, 0, 0, 0, 0, 0, 0, 0, 0, 0], [0, 0, 0, 1, 0, 0, 0, 0, 0, 0, 0, 0, 0, 0, 0], [0, 0, 0, 0, 1, 0, 0, 0, 0, 0, 0, 0, 0, 0, 0], [0, 0, 0, 0, 0, 1, 0, 0, 0, 0, 0, 0, 0, 0, 0], [0, 0, 0, 0, 0, 0, 1, 0, 0, 0, 0, 0, 0, 0, 0], [0, 0, 0, 0, 0, 0, 0, 1, 0, 0, 0, 0, 0, 0, 0], [0, 0, 0, 0, 0, 0, 0, 0, 1, 0, 0, 0, 0, 0, 0], [0, 0, 0, 0, 0, 0, 0, 0, 0, 1, 0, 0, 0, 0, 0], [0, 0, 0, 0, 0, 0, 0, 0, 0, 0, 1, 0, 0, 0, 0], [0, 0, 0, 0, 0, 0, 0, 0, 0, 0, 0, 1, 0, 0, 0], [0, 0, 0, 0, 0, 0, 0, 0, 0, 0, 0, 0, 1, 0, 0], [0, 0, 0, 0, 0, 0, 0, 0, 0, 0, 0, 0, 0, 1, 0], [0, 0, 0, 0, 0, 0, 0, 0, 0, 0, 0, 0, 0, 0, 1]]
[[1, 0, 0, 0, 0, 0, 0, 0, 0, 0, 0, 0, 0, 0, 0], [0, 1, 0, 0, 0, 0, 0, 0, 0, 0, 0, 0, 0, 0, 0], [0, 0, 1, 0, 0, 0, 0, 0, 0, 0, 0, 0, 0, 0, 0], [0, 0, 0, 1, 0, 0, 0, 0, 0, 0, 0, 0, 0, 0, 0], [0, 0, 0, 0, 1, 0, 0, 0, 0, 0, 0, 0, 0, 0, 0], [0, 0, 0, 0, 0, 1, 0, 0, 0, 0, 0, 0, 0, 0, 0], [0, 0, 0, 0, 0, 0, 1, 0, 0, 0, 0, 0, 0, 0, 0], [0, 0, 0, 0, 0, 0, 0, 1, 0, 0, 0, 0, 0, 0, 0], [0, 0, 0, 0, 0, 0, 0, 0, 1, 0, 0, 0, 0, 0, 0], [0, 0, 0, 0, 0, 0, 0, 0, 0, 1, 0, 0, 0, 0, 0], [0, 0, 0, 0, 0, 0, 0, 0, 0, 0, 1, 0, 0, 0, 0], [0, 0, 0, 0, 0, 0, 0, 0, 0, 0, 0, 1, 0, 0, 0], [0, 0, 0, 0, 0, 0, 0, 0, 0, 0, 0, 0, 1, 0, 0], [0, 0, 0, 0, 0, 0, 0, 0, 0, 0, 0, 0, 0, 1, 0], [0, 0, 0, 0, 0, 0, 0, 0, 0, 0, 0, 0, 0, 0, 1]]
[[2, 2, -4, -2, 1, -3, -5, -4, -1, 0, 0, 1, -2, -3, -1], [2, 6, -8, -4, 3, -5, -9, -7, -2, 0, 1, 3, -4, -5, -1], [1, 3, -3, -2, 2, -2, -4, -3, -1, 0, 1, 2, -2, -2, 0], [0, -1, 1, 1, -1, 1, 1, 1, 0, 0, -1, -1, 1, 0, 0], [0, -1, 1, 0, 0, 1, 1, 1, 0, 0, -1, -1, 1, 0, 0], [-2, -5, 7, 4, -3, 4, 7, 5, 2, 0, -1, -3, 3, 4, 0], [1, 2, -4, -2, 1, -3, -4, -4, -1, 0, 0, 1, -2, -3, -1], [1, 3, -4, -2, 2, -2, -4, -2, -1, 0, 1, 2, -2, -2, 0], [0, 0, 0, 0, 0, 0, 0, 0, 1, 0, 0, 0, 0, 0, 0], [-2, -5, 7, 4, -3, 3, 7, 5, 2, 1, -1, -3, 3, 4, 0], [0, 0, 0, 0, 0, 0, 0, 0, 0, 0, 1, 0, 0, 0, 0], [-1, -3, 4, 2, -2, 2, 4, 3, 1, 0, -1, -1, 2, 2, 0], [0, 0, 0, 0, 0, 0, 0, 0, 0, 0, 0, 0, 1, 0, 0], [0, -1, 1, 0, -1, 1, 1, 1, 0, 0, -1, -1, 1, 1, 0], [-1, -2, 3, 2, -1, 1, 3, 2, 1, 0, 0, -1, 1, 2, 1]]
[[1, 0, 0, 0, 0, 0, 0, 0, 0, 0, 0, 0, 0, 0, 0], [0, 1, 0, 0, 0, 0, 0, 0, 0, 0, 0, 0, 0, 0, 0], [0, 0, 1, 0, 0, 0, 0, 0, 0, 0, 0, 0, 0, 0, 0], [0, 0, 0, 1, 0, 0, 0, 0, 0, 0, 0, 0, 0, 0, 0], [0, 0, 0, 0, 1, 0, 0, 0, 0, 0, 0, 0, 0, 0, 0], [0, 0, 0, 0, 0, 1, 0, 0, 0, 0, 0, 0, 0, 0, 0], [0, 0, 0, 0, 0, 0, 1, 0, 0, 0, 0, 0, 0, 0, 0], [0, 0, 0, 0, 0, 0, 0, 1, 0, 0, 0, 0, 0, 0, 0], [0, 0, 0, 0, 0, 0, 0, 0, 1, 0, 0, 0, 0, 0, 0], [0, 0, 0, 0, 0, 0, 0, 0, 0, 1, 0, 0, 0, 0, 0], [0, 0, 0, 0, 0, 0, 0, 0, 0, 0, 1, 0, 0, 0, 0], [0, 0, 0, 0, 0, 0, 0, 0, 0, 0, 0, 1, 0, 0, 0], [0, 0, 0, 0, 0, 0, 0, 0, 0, 0, 0, 0, 1, 0, 0], [0, 0, 0, 0, 0, 0, 0, 0, 0, 0, 0, 0, 0, 1, 0], [0, 0, 0, 0, 0, 0, 0, 0, 0, 0, 0, 0, 0, 0, 1]]
[[-1, -4, 6, 3, -2, 6, 6, 6, -1, -1, -1, -4, 5, 6, 2], [-2, -7, 9, 5, -4, 8, 10, 9, 1, -1, -3, -6, 6, 8, 2], [-2, -8, 10, 5, -4, 8, 10, 9, 1, -1, -3, -6, 6, 8, 2], [2, 8, -9, -4, 4, -8, -10, -9, -1, 1, 3, 6, -6, -8, -2], [0, 1, 0, 0, 1, 0, -1, -1, 0, 0, 1, 0, 0, 0, 0], [2, 7, -9, -5, 4, -7, -9, -8, -1, 1, 2, 6, -6, -8, -2], [0, 1, 0, 0, 0, 0, 0, -1, 0, 0, 1, 0, 0, 0, 0], [0, 0, 0, 0, 0, 0, 0, 1, 0, 0, 0, 0, 0, 0, 0], [-2, -5, 6, 3, -2, 6, 7, 7, 0, -1, -2, -4, 5, 6, 2], [4, 12, -15, -8, 6, -14, -16, -15, 0, 3, 4, 10, -11, -14, -4], [2, 7, -9, -5, 4, -8, -9, -8, -1, 1, 3, 6, -6, -8, -2], [-2, -8, 9, 5, -4, 8, 10, 9, 1, -1, -3, -5, 6, 8, 2], [-2, -8, 9, 5, -4, 8, 10, 9, 1, -1, -3, -6, 7, 8, 2], [-2, -8, 9, 5, -4, 8, 10, 9, 1, -1, -3, -6, 6, 9, 2], [2, 8, -9, -5, 4, -8, -10, -9, -1, 1, 3, 6, -6, -8, -1]]
[[1, 0, 0, 0, 0, 0, 0, 0, 0, 0, 0, 0, 0, 0, 0], [0, 1, 0, 0, 0, 0, 0, 0, 0, 0, 0, 0, 0, 0, 0], [0, 0, 1, 0, 0, 0, 0, 0, 0, 0, 0, 0, 0, 0, 0], [0, 0, 0, 1, 0, 0, 0, 0, 0, 0, 0, 0, 0, 0, 0], [0, 0, 0, 0, 1, 0, 0, 0, 0, 0, 0, 0, 0, 0, 0], [0, 0, 0, 0, 0, 1, 0, 0, 0, 0, 0, 0, 0, 0, 0], [0, 0, 0, 0, 0, 0, 1, 0, 0, 0, 0, 0, 0, 0, 0], [0, 0, 0, 0, 0, 0, 0, 1, 0, 0, 0, 0, 0, 0, 0], [0, 0, 0, 0, 0, 0, 0, 0, 1, 0, 0, 0, 0, 0, 0], [0, 0, 0, 0, 0, 0, 0, 0, 0, 1, 0, 0, 0, 0, 0], [0, 0, 0, 0, 0, 0, 0, 0, 0, 0, 1, 0, 0, 0, 0], [0, 0, 0, 0, 0, 0, 0, 0, 0, 0, 0, 1, 0, 0, 0], [0, 0, 0, 0, 0, 0, 0, 0, 0, 0, 0, 0, 1, 0, 0], [0, 0, 0, 0, 0, 0, 0, 0, 0, 0, 0, 0, 0, 1, 0], [0, 0, 0, 0, 0, 0, 0, 0, 0, 0, 0, 0, 0, 0, 1]]
[[1, 0, 0, 0, 0, 0, 0, 0, 0, 0, 0, 0, 0, 0, 0], [0, 1, 0, 0, 0, 0, 0, 0, 0, 0, 0, 0, 0, 0, 0], [0, 0, 1, 0, 0, 0, 0, 0, 0, 0, 0, 0, 0, 0, 0], [0, 0, 0, 1, 0, 0, 0, 0, 0, 0, 0, 0, 0, 0, 0], [0, 0, 0, 0, 1, 0, 0, 0, 0, 0, 0, 0, 0, 0, 0], [0, 0, 0, 0, 0, 1, 0, 0, 0, 0, 0, 0, 0, 0, 0], [0, 0, 0, 0, 0, 0, 1, 0, 0, 0, 0, 0, 0, 0, 0], [0, 0, 0, 0, 0, 0, 0, 1, 0, 0, 0, 0, 0, 0, 0], [0, 0, 0, 0, 0, 0, 0, 0, 1, 0, 0, 0, 0, 0, 0], [0, 0, 0, 0, 0, 0, 0, 0, 0, 1, 0, 0, 0, 0, 0], [0, 0, 0, 0, 0, 0, 0, 0, 0, 0, 1, 0, 0, 0, 0], [0, 0, 0, 0, 0, 0, 0, 0, 0, 0, 0, 1, 0, 0, 0], [0, 0, 0, 0, 0, 0, 0, 0, 0, 0, 0, 0, 1, 0, 0], [0, 0, 0, 0, 0, 0, 0, 0, 0, 0, 0, 0, 0, 1, 0], [0, 0, 0, 0, 0, 0, 0, 0, 0, 0, 0, 0, 0, 0, 1]]
[[1, 0, 0, 0, 0, 0, 0, 0, 0, 0, 0, 0, 0, 0, 0], [0, 1, 0, 0, 0, 0, 0, 0, 0, 0, 0, 0, 0, 0, 0], [0, 0, 1, 0, 0, 0, 0, 0, 0, 0, 0, 0, 0, 0, 0], [0, 0, 0, 1, 0, 0, 0, 0, 0, 0, 0, 0, 0, 0, 0], [0, 0, 0, 0, 1, 0, 0, 0, 0, 0, 0, 0, 0, 0, 0], [0, 0, 0, 0, 0, 1, 0, 0, 0, 0, 0, 0, 0, 0, 0], [0, 0, 0, 0, 0, 0, 1, 0, 0, 0, 0, 0, 0, 0, 0], [0, 0, 0, 0, 0, 0, 0, 1, 0, 0, 0, 0, 0, 0, 0], [0, 0, 0, 0, 0, 0, 0, 0, 1, 0, 0, 0, 0, 0, 0], [0, 0, 0, 0, 0, 0, 0, 0, 0, 1, 0, 0, 0, 0, 0], [0, 0, 0, 0, 0, 0, 0, 0, 0, 0, 1, 0, 0, 0, 0], [0, 0, 0, 0, 0, 0, 0, 0, 0, 0, 0, 1, 0, 0, 0], [0, 0, 0, 0, 0, 0, 0, 0, 0, 0, 0, 0, 1, 0, 0], [0, 0, 0, 0, 0, 0, 0, 0, 0, 0, 0, 0, 0, 1, 0], [0, 0, 0, 0, 0, 0, 0, 0, 0, 0, 0, 0, 0, 0, 1]]
[[1, 0, 0, 0, 0, 0, 0, 0, 0, 0, 0, 0, 0, 0, 0], [0, 1, 0, 0, 0, 0, 0, 0, 0, 0, 0, 0, 0, 0, 0], [0, 0, 1, 0, 0, 0, 0, 0, 0, 0, 0, 0, 0, 0, 0], [0, 0, 0, 1, 0, 0, 0, 0, 0, 0, 0, 0, 0, 0, 0], [0, 0, 0, 0, 1, 0, 0, 0, 0, 0, 0, 0, 0, 0, 0], [0, 0, 0, 0, 0, 1, 0, 0, 0, 0, 0, 0, 0, 0, 0], [0, 0, 0, 0, 0, 0, 1, 0, 0, 0, 0, 0, 0, 0, 0], [0, 0, 0, 0, 0, 0, 0, 1, 0, 0, 0, 0, 0, 0, 0], [0, 0, 0, 0, 0, 0, 0, 0, 1, 0, 0, 0, 0, 0, 0], [0, 0, 0, 0, 0, 0, 0, 0, 0, 1, 0, 0, 0, 0, 0], [0, 0, 0, 0, 0, 0, 0, 0, 0, 0, 1, 0, 0, 0, 0], [0, 0, 0, 0, 0, 0, 0, 0, 0, 0, 0, 1, 0, 0, 0], [0, 0, 0, 0, 0, 0, 0, 0, 0, 0, 0, 0, 1, 0, 0], [0, 0, 0, 0, 0, 0, 0, 0, 0, 0, 0, 0, 0, 1, 0], [0, 0, 0, 0, 0, 0, 0, 0, 0, 0, 0, 0, 0, 0, 1]]
[[1, 0, 0, 0, 0, 0, 0, 0, 0, 0, 0, 0, 0, 0, 0], [0, 1, 0, 0, 0, 0, 0, 0, 0, 0, 0, 0, 0, 0, 0], [0, 0, 1, 0, 0, 0, 0, 0, 0, 0, 0, 0, 0, 0, 0], [0, 0, 0, 1, 0, 0, 0, 0, 0, 0, 0, 0, 0, 0, 0], [0, 0, 0, 0, 1, 0, 0, 0, 0, 0, 0, 0, 0, 0, 0], [0, 0, 0, 0, 0, 1, 0, 0, 0, 0, 0, 0, 0, 0, 0], [0, 0, 0, 0, 0, 0, 1, 0, 0, 0, 0, 0, 0, 0, 0], [0, 0, 0, 0, 0, 0, 0, 1, 0, 0, 0, 0, 0, 0, 0], [0, 0, 0, 0, 0, 0, 0, 0, 1, 0, 0, 0, 0, 0, 0], [0, 0, 0, 0, 0, 0, 0, 0, 0, 1, 0, 0, 0, 0, 0], [0, 0, 0, 0, 0, 0, 0, 0, 0, 0, 1, 0, 0, 0, 0], [0, 0, 0, 0, 0, 0, 0, 0, 0, 0, 0, 1, 0, 0, 0], [0, 0, 0, 0, 0, 0, 0, 0, 0, 0, 0, 0, 1, 0, 0], [0, 0, 0, 0, 0, 0, 0, 0, 0, 0, 0, 0, 0, 1, 0], [0, 0, 0, 0, 0, 0, 0, 0, 0, 0, 0, 0, 0, 0, 1]]
[[2, 6, -6, -3, 3, -5, -7, -6, -1, 1, 2, 3, -3, -5, -1], [0, -3, 4, 2, -2, 2, 4, 2, 2, 0, 0, -2, 2, 2, 0], [0, 1, 0, -1, 1, 0, -1, -1, -1, 0, 1, -1, 1, 0, 0], [-1, -4, 4, 3, -2, 4, 5, 5, 0, -1, -2, -2, 2, 4, 1], [0, 0, 0, 0, 1, 0, 0, 0, 0, 0, 0, 0, 0, 0, 0], [-1, -2, 2, 1, -1, 4, 3, 4, -1, -1, -2, -1, 1, 3, 1], [0, 0, 0, 0, 0, 0, 1, 0, 0, 0, 0, 0, 0, 0, 0], [1, 1, -1, 0, 0, -3, -2, -2, 2, 1, 1, 2, -2, -3, -1], [0, -2, 2, 1, -1, 1, 2, 1, 2, 0, 0, -1, 1, 1, 0], [-1, 0, 0, 0, 0, 2, 1, 3, -2, 0, -2, 0, 0, 2, 1], [0, 1, -1, 0, 0, -1, -1, 0, 0, 0, 0, 2, -2, -1, 0], [0, 3, -3, -2, 2, -1, -3, -2, -2, 0, 1, 1, 0, -1, 0], [0, 0, 0, 0, 0, 0, 0, 0, 0, 0, 0, 0, 1, 0, 0], [1, 4, -4, -2, 2, -4, -5, -5, 0, 1, 2, 2, -2, -3, -1], [-1, -3, 3, 1, -1, 4, 4, 4, -1, -1, -1, -3, 3, 4, 2]]
[[1, 0, 0, 0, 0, 0, 0, 0, 0, 0, 0, 0, 0, 0, 0], [0, 1, 0, 0, 0, 0, 0, 0, 0, 0, 0, 0, 0, 0, 0], [0, 0, 1, 0, 0, 0, 0, 0, 0, 0, 0, 0, 0, 0, 0], [0, 0, 0, 1, 0, 0, 0, 0, 0, 0, 0, 0, 0, 0, 0], [0, 0, 0, 0, 1, 0, 0, 0, 0, 0, 0, 0, 0, 0, 0], [0, 0, 0, 0, 0, 1, 0, 0, 0, 0, 0, 0, 0, 0, 0], [0, 0, 0, 0, 0, 0, 1, 0, 0, 0, 0, 0, 0, 0, 0], [0, 0, 0, 0, 0, 0, 0, 1, 0, 0, 0, 0, 0, 0, 0], [0, 0, 0, 0, 0, 0, 0, 0, 1, 0, 0, 0, 0, 0, 0], [0, 0, 0, 0, 0, 0, 0, 0, 0, 1, 0, 0, 0, 0, 0], [0, 0, 0, 0, 0, 0, 0, 0, 0, 0, 1, 0, 0, 0, 0], [0, 0, 0, 0, 0, 0, 0, 0, 0, 0, 0, 1, 0, 0, 0], [0, 0, 0, 0, 0, 0, 0, 0, 0, 0, 0, 0, 1, 0, 0], [0, 0, 0, 0, 0, 0, 0, 0, 0, 0, 0, 0, 0, 1, 0], [0, 0, 0, 0, 0, 0, 0, 0, 0, 0, 0, 0, 0, 0, 1]]
[[1, 0, 0, 0, 0, 0, 0, 0, 0, 0, 0, 0, 0, 0, 0], [0, 1, 0, 0, 0, 0, 0, 0, 0, 0, 0, 0, 0, 0, 0], [0, 0, 1, 0, 0, 0, 0, 0, 0, 0, 0, 0, 0, 0, 0], [0, 0, 0, 1, 0, 0, 0, 0, 0, 0, 0, 0, 0, 0, 0], [0, 0, 0, 0, 1, 0, 0, 0, 0, 0, 0, 0, 0, 0, 0], [0, 0, 0, 0, 0, 1, 0, 0, 0, 0, 0, 0, 0, 0, 0], [0, 0, 0, 0, 0, 0, 1, 0, 0, 0, 0, 0, 0, 0, 0], [0, 0, 0, 0, 0, 0, 0, 1, 0, 0, 0, 0, 0, 0, 0], [0, 0, 0, 0, 0, 0, 0, 0, 1, 0, 0, 0, 0, 0, 0], [0, 0, 0, 0, 0, 0, 0, 0, 0, 1, 0, 0, 0, 0, 0], [0, 0, 0, 0, 0, 0, 0, 0, 0, 0, 1, 0, 0, 0, 0], [0, 0, 0, 0, 0, 0, 0, 0, 0, 0, 0, 1, 0, 0, 0], [0, 0, 0, 0, 0, 0, 0, 0, 0, 0, 0, 0, 1, 0, 0], [0, 0, 0, 0, 0, 0, 0, 0, 0, 0, 0, 0, 0, 1, 0], [0, 0, 0, 0, 0, 0, 0, 0, 0, 0, 0, 0, 0, 0, 1]]
[[1, 0, 0, 0, 0, 0, 0, 0, 0, 0, 0, 0, 0, 0, 0], [0, 1, 0, 0, 0, 0, 0, 0, 0, 0, 0, 0, 0, 0, 0], [0, 0, 1, 0, 0, 0, 0, 0, 0, 0, 0, 0, 0, 0, 0], [0, 0, 0, 1, 0, 0, 0, 0, 0, 0, 0, 0, 0, 0, 0], [0, 0, 0, 0, 1, 0, 0, 0, 0, 0, 0, 0, 0, 0, 0], [0, 0, 0, 0, 0, 1, 0, 0, 0, 0, 0, 0, 0, 0, 0], [0, 0, 0, 0, 0, 0, 1, 0, 0, 0, 0, 0, 0, 0, 0], [0, 0, 0, 0, 0, 0, 0, 1, 0, 0, 0, 0, 0, 0, 0], [0, 0, 0, 0, 0, 0, 0, 0, 1, 0, 0, 0, 0, 0, 0], [0, 0, 0, 0, 0, 0, 0, 0, 0, 1, 0, 0, 0, 0, 0], [0, 0, 0, 0, 0, 0, 0, 0, 0, 0, 1, 0, 0, 0, 0], [0, 0, 0, 0, 0, 0, 0, 0, 0, 0, 0, 1, 0, 0, 0], [0, 0, 0, 0, 0, 0, 0, 0, 0, 0, 0, 0, 1, 0, 0], [0, 0, 0, 0, 0, 0, 0, 0, 0, 0, 0, 0, 0, 1, 0], [0, 0, 0, 0, 0, 0, 0, 0, 0, 0, 0, 0, 0, 0, 1]]
[[0, 3, -2, -2, 2, -2, -3, -3, -1, 0, 2, 1, -1, -2, 0], [3, 8, -9, -6, 5, -7, -11, -9, -2, 1, 3, 4, -5, -7, -1], [0, 0, 1, 0, 0, 0, 0, 0, 0, 0, 0, 0, 0, 0, 0], [-1, -3, 4, 2, -1, 3, 5, 4, 1, 0, 0, -2, 3, 3, 1], [-1, -2, 4, 2, -1, 3, 4, 3, 1, 0, 0, -2, 3, 3, 1], [-3, -8, 9, 5, -4, 8, 12, 10, 2, -1, -3, -4, 5, 7, 1], [0, 1, 0, -1, 1, 0, 0, -1, 0, 0, 2, 0, 0, 0, 0], [3, 7, -9, -4, 3, -7, -11, -8, -2, 1, 1, 4, -5, -7, -1], [1, 3, -4, -2, 2, -2, -5, -3, -2, 0, 0, 1, -1, -2, 0], [-3, -8, 9, 6, -5, 6, 12, 9, 4, 0, -3, -3, 3, 6, 0], [0, -1, 0, 1, -1, 0, 1, 1, 0, 0, -1, 0, 0, 0, 0], [-1, 0, 0, 0, 0, -1, 0, -1, 1, 0, 0, 1, -1, -1, -1], [1, 5, -6, -3, 3, -5, -7, -6, -1, 0, 2, 4, -4, -5, -1], [1, 4, -5, -3, 2, -5, -6, -6, 0, 1, 1, 2, -3, -4, -1], [-2, -8, 9, 5, -4, 8, 10, 9, 1, -1, -3, -6, 6, 8, 1]]
[[1, 0, 0, 0, 0, 0, 0, 0, 0, 0, 0, 0, 0, 0, 0], [0, 1, 0, 0, 0, 0, 0, 0, 0, 0, 0, 0, 0, 0, 0], [0, 0, 1, 0, 0, 0, 0, 0, 0, 0, 0, 0, 0, 0, 0], [0, 0, 0, 1, 0, 0, 0, 0, 0, 0, 0, 0, 0, 0, 0], [0, 0, 0, 0, 1, 0, 0, 0, 0, 0, 0, 0, 0, 0, 0], [0, 0, 0, 0, 0, 1, 0, 0, 0, 0, 0, 0, 0, 0, 0], [0, 0, 0, 0, 0, 0, 1, 0, 0, 0, 0, 0, 0, 0, 0], [0, 0, 0, 0, 0, 0, 0, 1, 0, 0, 0, 0, 0, 0, 0], [0, 0, 0, 0, 0, 0, 0, 0, 1, 0, 0, 0, 0, 0, 0], [0, 0, 0, 0, 0, 0, 0, 0, 0, 1, 0, 0, 0, 0, 0], [0, 0, 0, 0, 0, 0, 0, 0, 0, 0, 1, 0, 0, 0, 0], [0, 0, 0, 0, 0, 0, 0, 0, 0, 0, 0, 1, 0, 0, 0], [0, 0, 0, 0, 0, 0, 0, 0, 0, 0, 0, 0, 1, 0, 0], [0, 0, 0, 0, 0, 0, 0, 0, 0, 0, 0, 0, 0, 1, 0], [0, 0, 0, 0, 0, 0, 0, 0, 0, 0, 0, 0, 0, 0, 1]]
[[3, 8, -10, -6, 4, -9, -11, -10, -1, 1, 4, 6, -7, -9, -2], [1, 2, -3, -2, 0, -2, -2, -3, 1, 0, 1, 2, -3, -3, -1], [1, 3, -3, -2, 1, -2, -3, -3, -1, 0, 2, 2, -2, -2, 0], [1, 3, -4, -2, 2, -4, -5, -4, 0, 1, 0, 2, -3, -4, -1], [2, 6, -8, -4, 3, -7, -9, -8, -1, 1, 2, 4, -5, -7, -2], [-2, -4, 6, 3, -1, 4, 5, 5, 0, 0, -2, -4, 4, 5, 1], [2, 8, -9, -5, 4, -8, -10, -9, -1, 1, 3, 6, -6, -9, -2], [-1, -7, 7, 4, -4, 7, 9, 8, 2, -1, -3, -4, 4, 6, 1], [0, -2, 1, 1, -2, 1, 2, 1, 1, 0, -1, -2, 1, 2, 0], [-4, -10, 14, 7, -3, 11, 13, 13, 0, -1, -4, -8, 10, 11, 3], [-1, -5, 6, 3, -2, 5, 6, 6, 1, 0, -3, -4, 4, 5, 1], [-1, -1, 1, 0, 0, 1, 1, 1, -2, -1, 1, -1, 2, 2, 1], [0, 0, -1, -1, 0, -1, 0, -1, 0, 0, 1, 0, 0, 0, 0], [0, 0, -1, -1, 0, 0, -1, -1, -1, -1, 1, 0, 0, 0, 0], [0, 0, 1, 2, -1, -1, 0, 0, 1, 1, -1, 0, 0, 0, 0]]
[[1, 0, 0, 0, 0, 0, 0, 0, 0, 0, 0, 0, 0, 0, 0], [0, 1, 0, 0, 0, 0, 0, 0, 0, 0, 0, 0, 0, 0, 0], [0, 0, 1, 0, 0, 0, 0, 0, 0, 0, 0, 0, 0, 0, 0], [0, 0, 0, 1, 0, 0, 0, 0, 0, 0, 0, 0, 0, 0, 0], [0, 0, 0, 0, 1, 0, 0, 0, 0, 0, 0, 0, 0, 0, 0], [0, 0, 0, 0, 0, 1, 0, 0, 0, 0, 0, 0, 0, 0, 0], [0, 0, 0, 0, 0, 0, 1, 0, 0, 0, 0, 0, 0, 0, 0], [0, 0, 0, 0, 0, 0, 0, 1, 0, 0, 0, 0, 0, 0, 0], [0, 0, 0, 0, 0, 0, 0, 0, 1, 0, 0, 0, 0, 0, 0], [0, 0, 0, 0, 0, 0, 0, 0, 0, 1, 0, 0, 0, 0, 0], [0, 0, 0, 0, 0, 0, 0, 0, 0, 0, 1, 0, 0, 0, 0], [0, 0, 0, 0, 0, 0, 0, 0, 0, 0, 0, 1, 0, 0, 0], [0, 0, 0, 0, 0, 0, 0, 0, 0, 0, 0, 0, 1, 0, 0], [0, 0, 0, 0, 0, 0, 0, 0, 0, 0, 0, 0, 0, 1, 0], [0, 0, 0, 0, 0, 0, 0, 0, 0, 0, 0, 0, 0, 0, 1]]
[[-2, -7, 8, 4, -3, 6, 8, 7, 2, -1, -2, -4, 4, 6, 1], [-1, -2, 3, 2, -1, 2, 3, 3, 1, 0, -1, -2, 2, 3, 1], [0, -2, 2, 2, -1, 1, 2, 2, 2, 0, -1, 0, 0, 1, 0], [1, 4, -5, -3, 2, -4, -6, -6, -1, 0, 2, 2, -3, -4, -1], [0, 0, 0, 0, 0, 1, -1, 0, -1, -1, 0, 0, 0, 0, 0], [0, 3, -3, -2, 2, -2, -3, -3, -2, 0, 2, 2, -1, -2, 0], [-1, -3, 3, 2, -2, 3, 3, 3, 0, -1, -1, -2, 2, 3, 1], [1, 2, -3, -2, 1, -3, -3, -3, 0, 1, 0, 0, -1, -2, -1], [-1, -2, 4, 2, -1, 3, 4, 4, 0, 0, -1, -2, 3, 3, 1], [2, 8, -10, -6, 4, -8, -10, -10, -2, 1, 4, 6, -6, -8, -2], [1, 2, -3, -2, 1, -3, -3, -4, 0, 1, 1, 0, -1, -2, -1], [-1, -3, 5, 2, -1, 4, 5, 5, 1, 0, -1, -1, 2, 3, 1], [-1, -3, 5, 2, -1, 4, 5, 5, 1, 0, -1, -2, 3, 3, 1], [-1, -3, 5, 2, -1, 4, 5, 5, 1, 0, -1, -2, 2, 4, 1], [-1, -2, 2, 2, -2, 2, 3, 2, 0, -1, -1, 0, 1, 1, 0]]
[[1, 2, -2, -2, 2, -2, -2, -2, 0, 0, 2, 2, -2, -2, 0], [0, 2, -1, -1, 1, -1, -1, -1, 0, 0, 1, 1, -1, -1, 0], [0, 0, 1, 0, 0, 0, 0, 0, 0, 0, 0, 0, 0, 0, 0], [0, 1, -1, 0, 1, -1, -1, -1, 0, 0, 1, 1, -1, -1, 0], [0, 0, 0, 0, 1, 0, 0, 0, 0, 0, 0, 0, 0, 0, 0], [0, 0, 0, 0, 0, 1, 0, 0, 0, 0, 0, 0, 0, 0, 0], [0, 1, -1, -1, 1, -1, 0, -1, 0, 0, 1, 1, -1, -1, 0], [0, -1, 1, 1, -1, 1, 1, 2, 0, 0, -1, -1, 1, 1, 0], [0, -1, 1, 1, -1, 1, 1, 1, 1, 0, -1, -1, 1, 1, 0], [0, 0, 0, 0, 0, 0, 0, 0, 0, 1, 0, 0, 0, 0, 0], [0, -1, 1, 1, -1, 1, 1, 1, 0, 0, 0, -1, 1, 1, 0], [0, 1, -1, -1, 1, -1, -1, -1, 0, 0, 1, 2, -1, -1, 0], [0, 1, -1, -1, 1, -1, -1, -1, 0, 0, 1, 1, 0, -1, 0], [0, 1, -1, -1, 1, -1, -1, -1, 0, 0, 1, 1, -1, 0, 0], [0, -2, 2, 2, -2, 2, 2, 2, 0, 0, -2, -2, 2, 2, 1]]
[[1, 0, 0, 0, 0, 0, 0, 0, 0, 0, 0, 0, 0, 0, 0], [0, 1, 0, 0, 0, 0, 0, 0, 0, 0, 0, 0, 0, 0, 0], [0, 0, 1, 0, 0, 0, 0, 0, 0, 0, 0, 0, 0, 0, 0], [0, 0, 0, 1, 0, 0, 0, 0, 0, 0, 0, 0, 0, 0, 0], [0, 0, 0, 0, 1, 0, 0, 0, 0, 0, 0, 0, 0, 0, 0], [0, 0, 0, 0, 0, 1, 0, 0, 0, 0, 0, 0, 0, 0, 0], [0, 0, 0, 0, 0, 0, 1, 0, 0, 0, 0, 0, 0, 0, 0], [0, 0, 0, 0, 0, 0, 0, 1, 0, 0, 0, 0, 0, 0, 0], [0, 0, 0, 0, 0, 0, 0, 0, 1, 0, 0, 0, 0, 0, 0], [0, 0, 0, 0, 0, 0, 0, 0, 0, 1, 0, 0, 0, 0, 0], [0, 0, 0, 0, 0, 0, 0, 0, 0, 0, 1, 0, 0, 0, 0], [0, 0, 0, 0, 0, 0, 0, 0, 0, 0, 0, 1, 0, 0, 0], [0, 0, 0, 0, 0, 0, 0, 0, 0, 0, 0, 0, 1, 0, 0], [0, 0, 0, 0, 0, 0, 0, 0, 0, 0, 0, 0, 0, 1, 0], [0, 0, 0, 0, 0, 0, 0, 0, 0, 0, 0, 0, 0, 0, 1]]
[[1, 0, 0, 0, 0, 0, 0, 0, 0, 0, 0, 0, 0, 0, 0], [0, 1, 0, 0, 0, 0, 0, 0, 0, 0, 0, 0, 0, 0, 0], [0, 0, 1, 0, 0, 0, 0, 0, 0, 0, 0, 0, 0, 0, 0], [0, 0, 0, 1, 0, 0, 0, 0, 0, 0, 0, 0, 0, 0, 0], [0, 0, 0, 0, 1, 0, 0, 0, 0, 0, 0, 0, 0, 0, 0], [0, 0, 0, 0, 0, 1, 0, 0, 0, 0, 0, 0, 0, 0, 0], [0, 0, 0, 0, 0, 0, 1, 0, 0, 0, 0, 0, 0, 0, 0], [0, 0, 0, 0, 0, 0, 0, 1, 0, 0, 0, 0, 0, 0, 0], [0, 0, 0, 0, 0, 0, 0, 0, 1, 0, 0, 0, 0, 0, 0], [0, 0, 0, 0, 0, 0, 0, 0, 0, 1, 0, 0, 0, 0, 0], [0, 0, 0, 0, 0, 0, 0, 0, 0, 0, 1, 0, 0, 0, 0], [0, 0, 0, 0, 0, 0, 0, 0, 0, 0, 0, 1, 0, 0, 0], [0, 0, 0, 0, 0, 0, 0, 0, 0, 0, 0, 0, 1, 0, 0], [0, 0, 0, 0, 0, 0, 0, 0, 0, 0, 0, 0, 0, 1, 0], [0, 0, 0, 0, 0, 0, 0, 0, 0, 0, 0, 0, 0, 0, 1]]
[[1, 0, 0, 0, 0, 0, 0, 0, 0, 0, 0, 0, 0, 0, 0], [0, 1, 0, 0, 0, 0, 0, 0, 0, 0, 0, 0, 0, 0, 0], [0, 0, 1, 0, 0, 0, 0, 0, 0, 0, 0, 0, 0, 0, 0], [0, 0, 0, 1, 0, 0, 0, 0, 0, 0, 0, 0, 0, 0, 0], [0, 0, 0, 0, 1, 0, 0, 0, 0, 0, 0, 0, 0, 0, 0], [0, 0, 0, 0, 0, 1, 0, 0, 0, 0, 0, 0, 0, 0, 0], [0, 0, 0, 0, 0, 0, 1, 0, 0, 0, 0, 0, 0, 0, 0], [0, 0, 0, 0, 0, 0, 0, 1, 0, 0, 0, 0, 0, 0, 0], [0, 0, 0, 0, 0, 0, 0, 0, 1, 0, 0, 0, 0, 0, 0], [0, 0, 0, 0, 0, 0, 0, 0, 0, 1, 0, 0, 0, 0, 0], [0, 0, 0, 0, 0, 0, 0, 0, 0, 0, 1, 0, 0, 0, 0], [0, 0, 0, 0, 0, 0, 0, 0, 0, 0, 0, 1, 0, 0, 0], [0, 0, 0, 0, 0, 0, 0, 0, 0, 0, 0, 0, 1, 0, 0], [0, 0, 0, 0, 0, 0, 0, 0, 0, 0, 0, 0, 0, 1, 0], [0, 0, 0, 0, 0, 0, 0, 0, 0, 0, 0, 0, 0, 0, 1]]
[[0, -3, 4, 3, -2, 3, 4, 4, 1, 0, -2, -2, 2, 3, 1], [0, 1, 0, 0, 0, 0, 0, 0, 0, 0, 0, 0, 0, 0, 0], [0, 2, 0, 0, 1, 0, -1, 0, -1, 0, 1, 1, 0, 0, 1], [1, 1, -3, -2, 1, -2, -3, -3, -1, 0, 0, 0, -1, -2, -1], [0, 0, 0, 0, 1, 0, 0, 0, 0, 0, 0, 0, 0, 0, 0], [0, -2, 1, 0, -1, 1, 1, 0, 1, 0, -1, -1, 0, 0, -1], [0, 0, 0, 0, 0, 0, 1, 0, 0, 0, 0, 0, 0, 0, 0], [0, 0, 0, 0, 0, 0, 0, 1, 0, 0, 0, 0, 0, 0, 0], [0, 0, 0, 0, 0, 0, 0, 0, 1, 0, 0, 0, 0, 0, 0], [0, -2, 1, 0, -1, 0, 1, 0, 1, 1, -1, -1, 0, 0, -1], [0, -2, 1, 0, -1, 1, 1, 1, 0, 0, -1, -2, 1, 1, 0], [-1, -3, 4, 3, -2, 3, 4, 4, 1, 0, -2, -1, 2, 3, 1], [-1, -3, 4, 3, -2, 3, 4, 4, 1, 0, -2, -2, 3, 3, 1], [-1, -3, 4, 3, -2, 3, 4, 4, 1, 0, -2, -2, 2, 4, 1], [1, 3, -4, -3, 2, -4, -4, -5, 0, 0, 3, 3, -3, -4, -1]]
[[1, 0, 0, 0, 0, 0, 0, 0, 0, 0, 0, 0, 0, 0, 0], [0, 1, 0, 0, 0, 0, 0, 0, 0, 0, 0, 0, 0, 0, 0], [0, 0, 1, 0, 0, 0, 0, 0, 0, 0, 0, 0, 0, 0, 0], [0, 0, 0, 1, 0, 0, 0, 0, 0, 0, 0, 0, 0, 0, 0], [0, 0, 0, 0, 1, 0, 0, 0, 0, 0, 0, 0, 0, 0, 0], [0, 0, 0, 0, 0, 1, 0, 0, 0, 0, 0, 0, 0, 0, 0], [0, 0, 0, 0, 0, 0, 1, 0, 0, 0, 0, 0, 0, 0, 0], [0, 0, 0, 0, 0, 0, 0, 1, 0, 0, 0, 0, 0, 0, 0], [0, 0, 0, 0, 0, 0, 0, 0, 1, 0, 0, 0, 0, 0, 0], [0, 0, 0, 0, 0, 0, 0, 0, 0, 1, 0, 0, 0, 0, 0], [0, 0, 0, 0, 0, 0, 0, 0, 0, 0, 1, 0, 0, 0, 0], [0, 0, 0, 0, 0, 0, 0, 0, 0, 0, 0, 1, 0, 0, 0], [0, 0, 0, 0, 0, 0, 0, 0, 0, 0, 0, 0, 1, 0, 0], [0, 0, 0, 0, 0, 0, 0, 0, 0, 0, 0, 0, 0, 1, 0], [0, 0, 0, 0, 0, 0, 0, 0, 0, 0, 0, 0, 0, 0, 1]]
[[-1, -3, 4, 2, -1, 4, 4, 4, -1, -1, -1, -2, 3, 4, 1], [-1, 1, -1, 0, 1, 0, -1, 0, -2, -1, 0, 1, 0, 0, 0], [1, 3, -4, -2, 2, -4, -5, -4, -1, 0, 1, 3, -3, -4, -1], [-1, -3, 5, 3, -2, 4, 5, 4, 1, 0, -1, -3, 3, 4, 1], [-1, -3, 5, 2, -1, 4, 5, 4, 1, 0, -1, -3, 3, 4, 1], [2, 3, -4, -2, 1, -3, -4, -4, 1, 1, 1, 2, -3, -4, -1], [0, 0, 0, 0, 0, 0, 0, -1, 0, 0, 0, -1, 0, 1, 0], [-2, -3, 4, 2, -1, 4, 4, 5, -1, -1, -1, -2, 3, 4, 1], [-2, -3, 4, 2, -1, 4, 5, 5, 0, -1, -1, -1, 3, 3, 1], [4, 6, -8, -4, 2, -8, -9, -9, 2, 3, 2, 3, -6, -7, -2], [0, 0, 0, 0, 0, 0, 0, 0, 0, 0, 1, 0, 0, 0, 0], [2, 3, -4, -2, 1, -4, -4, -4, 1, 1, 1, 3, -3, -4, -1], [0, 0, 0, 0, 0, 0, 0, 0, 0, 0, 0, 0, 1, 0, 0], [0, 0, 0, 0, 0, 0, 1, 1, 0, 0, 0, 1, 0, 0, 0], [0, 0, 0, 0, 0, 0, 0, 0, 0, 0, 0, 0, 0, 0, 1]]
[[1, 0, 0, 0, 0, 0, 0, 0, 0, 0, 0, 0, 0, 0, 0], [0, 1, 0, 0, 0, 0, 0, 0, 0, 0, 0, 0, 0, 0, 0], [0, 0, 1, 0, 0, 0, 0, 0, 0, 0, 0, 0, 0, 0, 0], [0, 0, 0, 1, 0, 0, 0, 0, 0, 0, 0, 0, 0, 0, 0], [0, 0, 0, 0, 1, 0, 0, 0, 0, 0, 0, 0, 0, 0, 0], [0, 0, 0, 0, 0, 1, 0, 0, 0, 0, 0, 0, 0, 0, 0], [0, 0, 0, 0, 0, 0, 1, 0, 0, 0, 0, 0, 0, 0, 0], [0, 0, 0, 0, 0, 0, 0, 1, 0, 0, 0, 0, 0, 0, 0], [0, 0, 0, 0, 0, 0, 0, 0, 1, 0, 0, 0, 0, 0, 0], [0, 0, 0, 0, 0, 0, 0, 0, 0, 1, 0, 0, 0, 0, 0], [0, 0, 0, 0, 0, 0, 0, 0, 0, 0, 1, 0, 0, 0, 0], [0, 0, 0, 0, 0, 0, 0, 0, 0, 0, 0, 1, 0, 0, 0], [0, 0, 0, 0, 0, 0, 0, 0, 0, 0, 0, 0, 1, 0, 0], [0, 0, 0, 0, 0, 0, 0, 0, 0, 0, 0, 0, 0, 1, 0], [0, 0, 0, 0, 0, 0, 0, 0, 0, 0, 0, 0, 0, 0, 1]]
[[1, 0, 0, 0, 0, 0, 0, 0, 0, 0, 0, 0, 0, 0, 0], [0, 1, 0, 0, 0, 0, 0, 0, 0, 0, 0, 0, 0, 0, 0], [0, 0, 1, 0, 0, 0, 0, 0, 0, 0, 0, 0, 0, 0, 0], [0, 0, 0, 1, 0, 0, 0, 0, 0, 0, 0, 0, 0, 0, 0], [0, 0, 0, 0, 1, 0, 0, 0, 0, 0, 0, 0, 0, 0, 0], [0, 0, 0, 0, 0, 1, 0, 0, 0, 0, 0, 0, 0, 0, 0], [0, 0, 0, 0, 0, 0, 1, 0, 0, 0, 0, 0, 0, 0, 0], [0, 0, 0, 0, 0, 0, 0, 1, 0, 0, 0, 0, 0, 0, 0], [0, 0, 0, 0, 0, 0, 0, 0, 1, 0, 0, 0, 0, 0, 0], [0, 0, 0, 0, 0, 0, 0, 0, 0, 1, 0, 0, 0, 0, 0], [0, 0, 0, 0, 0, 0, 0, 0, 0, 0, 1, 0, 0, 0, 0], [0, 0, 0, 0, 0, 0, 0, 0, 0, 0, 0, 1, 0, 0, 0], [0, 0, 0, 0, 0, 0, 0, 0, 0, 0, 0, 0, 1, 0, 0], [0, 0, 0, 0, 0, 0, 0, 0, 0, 0, 0, 0, 0, 1, 0], [0, 0, 0, 0, 0, 0, 0, 0, 0, 0, 0, 0, 0, 0, 1]]
[[1, 0, 0, 0, 0, 0, 0, 0, 0, 0, 0, 0, 0, 0, 0], [0, 1, 0, 0, 0, 0, 0, 0, 0, 0, 0, 0, 0, 0, 0], [0, 0, 1, 0, 0, 0, 0, 0, 0, 0, 0, 0, 0, 0, 0], [0, 0, 0, 1, 0, 0, 0, 0, 0, 0, 0, 0, 0, 0, 0], [0, 0, 0, 0, 1, 0, 0, 0, 0, 0, 0, 0, 0, 0, 0], [0, 0, 0, 0, 0, 1, 0, 0, 0, 0, 0, 0, 0, 0, 0], [0, 0, 0, 0, 0, 0, 1, 0, 0, 0, 0, 0, 0, 0, 0], [0, 0, 0, 0, 0, 0, 0, 1, 0, 0, 0, 0, 0, 0, 0], [0, 0, 0, 0, 0, 0, 0, 0, 1, 0, 0, 0, 0, 0, 0], [0, 0, 0, 0, 0, 0, 0, 0, 0, 1, 0, 0, 0, 0, 0], [0, 0, 0, 0, 0, 0, 0, 0, 0, 0, 1, 0, 0, 0, 0], [0, 0, 0, 0, 0, 0, 0, 0, 0, 0, 0, 1, 0, 0, 0], [0, 0, 0, 0, 0, 0, 0, 0, 0, 0, 0, 0, 1, 0, 0], [0, 0, 0, 0, 0, 0, 0, 0, 0, 0, 0, 0, 0, 1, 0], [0, 0, 0, 0, 0, 0, 0, 0, 0, 0, 0, 0, 0, 0, 1]]
[[1, 0, 0, 0, 0, 0, 0, 0, 0, 0, 0, 0, 0, 0, 0], [0, 1, 0, 0, 0, 0, 0, 0, 0, 0, 0, 0, 0, 0, 0], [0, 0, 1, 0, 0, 0, 0, 0, 0, 0, 0, 0, 0, 0, 0], [0, 0, 0, 1, 0, 0, 0, 0, 0, 0, 0, 0, 0, 0, 0], [0, 0, 0, 0, 1, 0, 0, 0, 0, 0, 0, 0, 0, 0, 0], [0, 0, 0, 0, 0, 1, 0, 0, 0, 0, 0, 0, 0, 0, 0], [0, 0, 0, 0, 0, 0, 1, 0, 0, 0, 0, 0, 0, 0, 0], [0, 0, 0, 0, 0, 0, 0, 1, 0, 0, 0, 0, 0, 0, 0], [0, 0, 0, 0, 0, 0, 0, 0, 1, 0, 0, 0, 0, 0, 0], [0, 0, 0, 0, 0, 0, 0, 0, 0, 1, 0, 0, 0, 0, 0], [0, 0, 0, 0, 0, 0, 0, 0, 0, 0, 1, 0, 0, 0, 0], [0, 0, 0, 0, 0, 0, 0, 0, 0, 0, 0, 1, 0, 0, 0], [0, 0, 0, 0, 0, 0, 0, 0, 0, 0, 0, 0, 1, 0, 0], [0, 0, 0, 0, 0, 0, 0, 0, 0, 0, 0, 0, 0, 1, 0], [0, 0, 0, 0, 0, 0, 0, 0, 0, 0, 0, 0, 0, 0, 1]]
[[2, 3, -5, -2, 1, -5, -5, -5, 0, 1, 1, 2, -3, -3, -1], [0, 2, -2, 0, 0, -4, -2, -3, 1, 1, 1, 2, -2, -2, -1], [3, 10, -12, -6, 5, -11, -13, -12, -1, 2, 4, 6, -7, -9, -2], [-1, -5, 5, 3, -3, 5, 5, 5, 0, -1, -3, -4, 3, 5, 1], [0, -1, 0, 0, 0, 0, 0, 0, 0, 0, -1, -1, 0, 1, 0], [-1, -4, 5, 2, -2, 6, 5, 5, 0, -1, -2, -3, 3, 4, 1], [0, -1, 0, 0, -1, 0, 1, 0, 0, 0, -1, -1, 0, 1, 0], [-1, -2, 3, 2, -1, 1, 3, 3, 1, 0, 0, 0, 1, 1, 0], [-1, -2, 3, 2, -1, 1, 3, 2, 2, 0, 0, 0, 1, 1, 0], [-1, -5, 7, 2, -2, 9, 7, 8, -1, -1, -3, -5, 5, 6, 2], [-1, -4, 5, 2, -2, 5, 5, 5, 0, -1, -1, -3, 3, 4, 1], [1, 3, -3, -2, 2, -1, -3, -2, -1, 0, 1, 2, -1, -2, 0], [0, 0, 0, 0, 0, 0, 0, 0, 0, 0, 0, 0, 1, 0, 0], [0, 1, 0, 0, 1, 0, 0, 0, 0, 0, 1, 1, 0, 0, 0], [0, 0, 0, 0, 0, 0, 0, 0, 0, 0, 0, 0, 0, 0, 1]]
[[1, 0, 0, 0, 0, 0, 0, 0, 0, 0, 0, 0, 0, 0, 0], [0, 1, 0, 0, 0, 0, 0, 0, 0, 0, 0, 0, 0, 0, 0], [0, 0, 1, 0, 0, 0, 0, 0, 0, 0, 0, 0, 0, 0, 0], [0, 0, 0, 1, 0, 0, 0, 0, 0, 0, 0, 0, 0, 0, 0], [0, 0, 0, 0, 1, 0, 0, 0, 0, 0, 0, 0, 0, 0, 0], [0, 0, 0, 0, 0, 1, 0, 0, 0, 0, 0, 0, 0, 0, 0], [0, 0, 0, 0, 0, 0, 1, 0, 0, 0, 0, 0, 0, 0, 0], [0, 0, 0, 0, 0, 0, 0, 1, 0, 0, 0, 0, 0, 0, 0], [0, 0, 0, 0, 0, 0, 0, 0, 1, 0, 0, 0, 0, 0, 0], [0, 0, 0, 0, 0, 0, 0, 0, 0, 1, 0, 0, 0, 0, 0], [0, 0, 0, 0, 0, 0, 0, 0, 0, 0, 1, 0, 0, 0, 0], [0, 0, 0, 0, 0, 0, 0, 0, 0, 0, 0, 1, 0, 0, 0], [0, 0, 0, 0, 0, 0, 0, 0, 0, 0, 0, 0, 1, 0, 0], [0, 0, 0, 0, 0, 0, 0, 0, 0, 0, 0, 0, 0, 1, 0], [0, 0, 0, 0, 0, 0, 0, 0, 0, 0, 0, 0, 0, 0, 1]]
[[1, 0, 0, 0, 0, 0, 0, 0, 0, 0, 0, 0, 0, 0, 0], [0, 1, 0, 0, 0, 0, 0, 0, 0, 0, 0, 0, 0, 0, 0], [0, 0, 1, 0, 0, 0, 0, 0, 0, 0, 0, 0, 0, 0, 0], [0, 0, 0, 1, 0, 0, 0, 0, 0, 0, 0, 0, 0, 0, 0], [0, 0, 0, 0, 1, 0, 0, 0, 0, 0, 0, 0, 0, 0, 0], [0, 0, 0, 0, 0, 1, 0, 0, 0, 0, 0, 0, 0, 0, 0], [0, 0, 0, 0, 0, 0, 1, 0, 0, 0, 0, 0, 0, 0, 0], [0, 0, 0, 0, 0, 0, 0, 1, 0, 0, 0, 0, 0, 0, 0], [0, 0, 0, 0, 0, 0, 0, 0, 1, 0, 0, 0, 0, 0, 0], [0, 0, 0, 0, 0, 0, 0, 0, 0, 1, 0, 0, 0, 0, 0], [0, 0, 0, 0, 0, 0, 0, 0, 0, 0, 1, 0, 0, 0, 0], [0, 0, 0, 0, 0, 0, 0, 0, 0, 0, 0, 1, 0, 0, 0], [0, 0, 0, 0, 0, 0, 0, 0, 0, 0, 0, 0, 1, 0, 0], [0, 0, 0, 0, 0, 0, 0, 0, 0, 0, 0, 0, 0, 1, 0], [0, 0, 0, 0, 0, 0, 0, 0, 0, 0, 0, 0, 0, 0, 1]]
[[0, 0, 1, 0, 0, 1, 0, 0, -1, 0, 0, -2, 2, 1, 0], [2, 4, -4, -2, 1, -4, -5, -5, 1, 1, 1, 2, -3, -4, -1], [0, 0, 1, 0, 0, 0, 0, 0, 0, 0, 0, 0, 0, 0, 0], [0, 0, 0, 1, 0, 0, 0, 0, 0, 0, 0, 0, 0, 0, 0], [1, 3, -3, -2, 2, -3, -4, -4, 0, 1, 1, 1, -2, -3, -1], [-3, -6, 7, 4, -2, 8, 9, 9, -1, -2, -2, -3, 5, 7, 2], [0, 0, 0, 0, 0, 0, 0, -1, 0, 0, 0, -1, 1, 0, 0], [2, 3, -4, -2, 1, -4, -5, -4, 1, 1, 1, 2, -3, -4, -1], [1, 3, -3, -2, 1, -3, -3, -3, 1, 1, 1, 2, -3, -3, -1], [-4, -9, 10, 6, -3, 10, 12, 12, -1, -2, -3, -5, 8, 10, 3], [-1, -3, 3, 2, -1, 3, 4, 4, 0, -1, 0, -1, 2, 3, 1], [-1, 0, 1, 0, 0, 1, 1, 1, -1, 0, 0, 0, 1, 1, 0], [1, 3, -3, -2, 1, -3, -3, -3, 0, 1, 1, 2, -2, -3, -1], [1, 3, -3, -2, 1, -3, -4, -4, 0, 1, 1, 1, -2, -2, -1], [-2, -3, 4, 2, -1, 4, 5, 5, -1, -1, -1, -2, 3, 4, 2]]
[[0, 4, -3, -2, 2, -3, -3, -3, -1, 0, 3, 4, -3, -3, 0], [-1, 0, 1, 0, 0, 0, 2, 1, 1, 0, 1, 2, -1, -1, -1], [2, 7, -8, -4, 3, -8, -9, -8, -1, 1, 3, 6, -6, -8, -2], [-1, -4, 5, 2, -1, 4, 5, 4, 1, 0, -1, -4, 3, 5, 1], [1, 4, -4, -2, 2, -4, -5, -5, 0, 1, 2, 2, -3, -3, -1], [1, 0, -1, -1, 1, 1, -1, 0, -1, 0, -1, -2, 1, 1, 1], [0, 1, 0, -1, 1, 0, 0, -1, 0, 0, 2, 0, 0, 0, 0], [-3, -8, 10, 6, -5, 8, 11, 10, 2, -1, -4, -4, 5, 7, 1], [-1, -1, 1, 1, -1, 1, 2, 2, 0, 0, -1, 0, 1, 1, 0], [1, -2, 2, 1, 0, 3, 1, 2, 0, 0, -2, -4, 3, 3, 2], [-2, -8, 9, 5, -4, 8, 10, 9, 1, -1, -4, -6, 6, 8, 2], [3, 10, -12, -6, 5, -10, -13, -11, -2, 1, 4, 7, -7, -9, -1], [1, 5, -6, -3, 2, -6, -6, -6, 0, 1, 2, 4, -4, -5, -1], [1, 6, -7, -3, 3, -6, -7, -6, -1, 0, 3, 6, -5, -6, -1], [0, -4, 4, 2, -2, 4, 4, 4, 0, 0, -2, -4, 4, 4, 1]]
[[1, 0, 0, 0, 0, 0, 0, 0, 0, 0, 0, 0, 0, 0, 0], [0, 1, 0, 0, 0, 0, 0, 0, 0, 0, 0, 0, 0, 0, 0], [0, 0, 1, 0, 0, 0, 0, 0, 0, 0, 0, 0, 0, 0, 0], [0, 0, 0, 1, 0, 0, 0, 0, 0, 0, 0, 0, 0, 0, 0], [0, 0, 0, 0, 1, 0, 0, 0, 0, 0, 0, 0, 0, 0, 0], [0, 0, 0, 0, 0, 1, 0, 0, 0, 0, 0, 0, 0, 0, 0], [0, 0, 0, 0, 0, 0, 1, 0, 0, 0, 0, 0, 0, 0, 0], [0, 0, 0, 0, 0, 0, 0, 1, 0, 0, 0, 0, 0, 0, 0], [0, 0, 0, 0, 0, 0, 0, 0, 1, 0, 0, 0, 0, 0, 0], [0, 0, 0, 0, 0, 0, 0, 0, 0, 1, 0, 0, 0, 0, 0], [0, 0, 0, 0, 0, 0, 0, 0, 0, 0, 1, 0, 0, 0, 0], [0, 0, 0, 0, 0, 0, 0, 0, 0, 0, 0, 1, 0, 0, 0], [0, 0, 0, 0, 0, 0, 0, 0, 0, 0, 0, 0, 1, 0, 0], [0, 0, 0, 0, 0, 0, 0, 0, 0, 0, 0, 0, 0, 1, 0], [0, 0, 0, 0, 0, 0, 0, 0, 0, 0, 0, 0, 0, 0, 1]]
[[1, 0, 0, 0, 0, 1, 0, 1, 0, 0, -1, 0, 0, 0, 0], [0, 1, 0, 0, 0, 0, 0, 0, 0, 0, 0, 0, 0, 0, 0], [0, 1, 0, -1, 1, 1, 0, 0, 0, 0, 0, 0, 0, 0, 0], [0, -1, 0, 1, -1, 1, 0, 1, -1, -1, -1, 0, 0, 0, 0], [0, -1, 0, 0, 0, 1, 0, 1, -1, -1, -1, 0, 0, 0, 0], [0, -1, 1, 1, -1, 0, 0, 0, 0, 0, 0, 0, 0, 0, 0], [0, -1, 1, 1, -1, 1, 1, 2, 0, 0, -2, 0, 0, 0, 0], [0, 1, -1, -1, 1, -1, 0, -1, 0, 0, 2, 0, 0, 0, 0], [0, 0, 0, 0, 0, -1, 0, -1, 1, 0, 1, 0, 0, 0, 0], [0, -1, 0, 0, -1, 0, 0, 0, -1, 0, 0, 0, 0, 0, 0], [0, 0, 0, 0, 0, 0, 0, 0, 0, 0, 1, 0, 0, 0, 0], [0, 0, 0, 0, 0, 0, 0, 0, 0, 0, 0, 1, 0, 0, 0], [0, 0, 0, 0, 0, 0, 0, 0, 0, 0, 0, 0, 1, 0, 0], [0, 0, 0, 0, 0, 0, 0, 0, 0, 0, 0, 0, 0, 1, 0], [0, 0, 0, 0, 0, 0, 0, 0, 0, 0, 0, 0, 0, 0, 1]]
[[1, 0, 0, 0, 0, 0, 0, 0, 0, 0, 0, 0, 0, 0, 0], [0, 1, 0, 0, 0, 0, 0, 0, 0, 0, 0, 0, 0, 0, 0], [0, 0, 1, 0, 0, 0, 0, 0, 0, 0, 0, 0, 0, 0, 0], [0, 0, 0, 1, 0, 0, 0, 0, 0, 0, 0, 0, 0, 0, 0], [0, 0, 0, 0, 1, 0, 0, 0, 0, 0, 0, 0, 0, 0, 0], [0, 0, 0, 0, 0, 1, 0, 0, 0, 0, 0, 0, 0, 0, 0], [0, 0, 0, 0, 0, 0, 1, 0, 0, 0, 0, 0, 0, 0, 0], [0, 0, 0, 0, 0, 0, 0, 1, 0, 0, 0, 0, 0, 0, 0], [0, 0, 0, 0, 0, 0, 0, 0, 1, 0, 0, 0, 0, 0, 0], [0, 0, 0, 0, 0, 0, 0, 0, 0, 1, 0, 0, 0, 0, 0], [0, 0, 0, 0, 0, 0, 0, 0, 0, 0, 1, 0, 0, 0, 0], [0, 0, 0, 0, 0, 0, 0, 0, 0, 0, 0, 1, 0, 0, 0], [0, 0, 0, 0, 0, 0, 0, 0, 0, 0, 0, 0, 1, 0, 0], [0, 0, 0, 0, 0, 0, 0, 0, 0, 0, 0, 0, 0, 1, 0], [0, 0, 0, 0, 0, 0, 0, 0, 0, 0, 0, 0, 0, 0, 1]]
[[1, 0, 0, 0, 0, 0, 0, 0, 0, 0, 0, 0, 0, 0, 0], [0, 1, 0, 0, 0, 0, 0, 0, 0, 0, 0, 0, 0, 0, 0], [0, 0, 1, 0, 0, 0, 0, 0, 0, 0, 0, 0, 0, 0, 0], [0, 0, 0, 1, 0, 0, 0, 0, 0, 0, 0, 0, 0, 0, 0], [0, 0, 0, 0, 1, 0, 0, 0, 0, 0, 0, 0, 0, 0, 0], [0, 0, 0, 0, 0, 1, 0, 0, 0, 0, 0, 0, 0, 0, 0], [0, 0, 0, 0, 0, 0, 1, 0, 0, 0, 0, 0, 0, 0, 0], [0, 0, 0, 0, 0, 0, 0, 1, 0, 0, 0, 0, 0, 0, 0], [0, 0, 0, 0, 0, 0, 0, 0, 1, 0, 0, 0, 0, 0, 0], [0, 0, 0, 0, 0, 0, 0, 0, 0, 1, 0, 0, 0, 0, 0], [0, 0, 0, 0, 0, 0, 0, 0, 0, 0, 1, 0, 0, 0, 0], [0, 0, 0, 0, 0, 0, 0, 0, 0, 0, 0, 1, 0, 0, 0], [0, 0, 0, 0, 0, 0, 0, 0, 0, 0, 0, 0, 1, 0, 0], [0, 0, 0, 0, 0, 0, 0, 0, 0, 0, 0, 0, 0, 1, 0], [0, 0, 0, 0, 0, 0, 0, 0, 0, 0, 0, 0, 0, 0, 1]]
[[1, 0, 0, 0, 0, 0, 0, 0, 0, 0, 0, 0, 0, 0, 0], [0, 1, 0, 0, 0, 0, 0, 0, 0, 0, 0, 0, 0, 0, 0], [0, 0, 1, 0, 0, 0, 0, 0, 0, 0, 0, 0, 0, 0, 0], [0, 0, 0, 1, 0, 0, 0, 0, 0, 0, 0, 0, 0, 0, 0], [0, 0, 0, 0, 1, 0, 0, 0, 0, 0, 0, 0, 0, 0, 0], [0, 0, 0, 0, 0, 1, 0, 0, 0, 0, 0, 0, 0, 0, 0], [0, 0, 0, 0, 0, 0, 1, 0, 0, 0, 0, 0, 0, 0, 0], [0, 0, 0, 0, 0, 0, 0, 1, 0, 0, 0, 0, 0, 0, 0], [0, 0, 0, 0, 0, 0, 0, 0, 1, 0, 0, 0, 0, 0, 0], [0, 0, 0, 0, 0, 0, 0, 0, 0, 1, 0, 0, 0, 0, 0], [0, 0, 0, 0, 0, 0, 0, 0, 0, 0, 1, 0, 0, 0, 0], [0, 0, 0, 0, 0, 0, 0, 0, 0, 0, 0, 1, 0, 0, 0], [0, 0, 0, 0, 0, 0, 0, 0, 0, 0, 0, 0, 1, 0, 0], [0, 0, 0, 0, 0, 0, 0, 0, 0, 0, 0, 0, 0, 1, 0], [0, 0, 0, 0, 0, 0, 0, 0, 0, 0, 0, 0, 0, 0, 1]]
[[0, 1, -2, -1, 1, -3, -2, -3, 1, 0, 1, 2, -2, -3, -1], [0, 1, -1, -1, 1, -1, -1, -1, 0, 0, 1, 2, 0, -2, 0], [1, 4, -5, -2, 2, -5, -6, -5, -1, 0, 2, 4, -3, -5, -1], [-1, -4, 5, 2, -1, 4, 5, 4, 1, 0, -1, -4, 3, 5, 1], [0, 0, 0, 0, 1, 0, 0, 0, 0, 0, 0, 0, 0, 0, 0], [0, 0, 0, 0, 0, 1, 0, 0, 0, 0, 0, -2, 0, 2, 0], [0, 0, -1, -1, 1, -1, 0, -1, 0, 0, 1, 0, 0, 0, 0], [-1, -4, 5, 3, -3, 4, 5, 5, 1, 0, -3, -2, 3, 3, 1], [0, -1, 2, 1, -1, 2, 2, 2, 1, 0, -1, 0, 1, 0, 0], [0, 1, -1, 0, 0, -1, -1, -1, 0, 1, 0, -2, -1, 2, 0], [-1, -4, 5, 3, -3, 4, 5, 4, 1, 0, -2, -4, 3, 5, 1], [2, 8, -9, -5, 4, -8, -10, -9, -1, 1, 3, 5, -6, -8, -2], [0, 2, -1, -1, 1, -1, -1, -1, 0, 0, 1, 2, -1, -2, 0], [2, 8, -9, -5, 4, -8, -10, -9, -1, 1, 3, 6, -6, -9, -2], [-2, -8, 9, 5, -4, 8, 10, 9, 1, -1, -3, -6, 6, 8, 1]]
[[1, 0, 0, 0, 0, 0, 0, 0, 0, 0, 0, 0, 0, 0, 0], [0, 1, 0, 0, 0, 0, 0, 0, 0, 0, 0, 0, 0, 0, 0], [0, 0, 1, 0, 0, 0, 0, 0, 0, 0, 0, 0, 0, 0, 0], [0, 0, 0, 1, 0, 0, 0, 0, 0, 0, 0, 0, 0, 0, 0], [0, 0, 0, 0, 1, 0, 0, 0, 0, 0, 0, 0, 0, 0, 0], [0, 0, 0, 0, 0, 1, 0, 0, 0, 0, 0, 0, 0, 0, 0], [0, 0, 0, 0, 0, 0, 1, 0, 0, 0, 0, 0, 0, 0, 0], [0, 0, 0, 0, 0, 0, 0, 1, 0, 0, 0, 0, 0, 0, 0], [0, 0, 0, 0, 0, 0, 0, 0, 1, 0, 0, 0, 0, 0, 0], [0, 0, 0, 0, 0, 0, 0, 0, 0, 1, 0, 0, 0, 0, 0], [0, 0, 0, 0, 0, 0, 0, 0, 0, 0, 1, 0, 0, 0, 0], [0, 0, 0, 0, 0, 0, 0, 0, 0, 0, 0, 1, 0, 0, 0], [0, 0, 0, 0, 0, 0, 0, 0, 0, 0, 0, 0, 1, 0, 0], [0, 0, 0, 0, 0, 0, 0, 0, 0, 0, 0, 0, 0, 1, 0], [0, 0, 0, 0, 0, 0, 0, 0, 0, 0, 0, 0, 0, 0, 1]]
[[1, 0, 0, 0, -1, 0, 0, 0, 0, 0, 0, 0, 0, 0, 0], [0, 1, 0, 0, 0, 0, 0, 0, 0, 0, 0, 0, 0, 0, 0], [1, 1, -1, -1, 0, -2, -1, -2, 2, 1, 0, 1, -2, -2, -1], [0, 0, 0, 1, -1, 0, 0, 0, 0, 0, 0, 0, 0, 0, 0], [0, 0, 0, 0, -1, 0, 0, 0, 0, 0, 0, 0, 0, 0, 0], [-1, -1, 2, 1, 0, 2, 2, 2, -1, 0, 0, -1, 2, 2, 1], [0, 0, 0, 0, -1, 1, 0, 0, -1, -1, 0, 0, 0, 0, 0], [0, 0, 0, 0, 1, 0, 0, 1, 0, 0, 0, 0, 0, 0, 0], [-1, -1, 2, 1, 0, 1, 2, 2, 0, 0, 0, -1, 2, 2, 1], [0, 0, 0, 0, 1, 1, -1, 0, -1, 0, 0, 0, 0, 0, 0], [0, 0, 0, 0, 1, 0, 0, 0, 0, 0, 1, 0, 0, 0, 0], [0, 0, 0, 0, 0, 0, 0, 0, 0, 0, 0, 1, 0, 0, 0], [0, 0, 0, 0, 0, 0, 0, 0, 0, 0, 0, 0, 1, 0, 0], [0, 0, 0, 0, 0, 0, 0, 0, 0, 0, 0, 0, 0, 1, 0], [0, 0, 0, 0, 0, 0, 0, 0, 0, 0, 0, 0, 0, 0, 1]]
[[1, 0, 0, 0, 0, 0, 0, 0, 0, 0, 0, 0, 0, 0, 0], [0, 1, 0, 0, 0, 0, 0, 0, 0, 0, 0, 0, 0, 0, 0], [0, 0, 1, 0, 0, 0, 0, 0, 0, 0, 0, 0, 0, 0, 0], [0, 0, 0, 1, 0, 0, 0, 0, 0, 0, 0, 0, 0, 0, 0], [0, 0, 0, 0, 1, 0, 0, 0, 0, 0, 0, 0, 0, 0, 0], [0, 0, 0, 0, 0, 1, 0, 0, 0, 0, 0, 0, 0, 0, 0], [0, 0, 0, 0, 0, 0, 1, 0, 0, 0, 0, 0, 0, 0, 0], [0, 0, 0, 0, 0, 0, 0, 1, 0, 0, 0, 0, 0, 0, 0], [0, 0, 0, 0, 0, 0, 0, 0, 1, 0, 0, 0, 0, 0, 0], [0, 0, 0, 0, 0, 0, 0, 0, 0, 1, 0, 0, 0, 0, 0], [0, 0, 0, 0, 0, 0, 0, 0, 0, 0, 1, 0, 0, 0, 0], [0, 0, 0, 0, 0, 0, 0, 0, 0, 0, 0, 1, 0, 0, 0], [0, 0, 0, 0, 0, 0, 0, 0, 0, 0, 0, 0, 1, 0, 0], [0, 0, 0, 0, 0, 0, 0, 0, 0, 0, 0, 0, 0, 1, 0], [0, 0, 0, 0, 0, 0, 0, 0, 0, 0, 0, 0, 0, 0, 1]]
[[1, 2, -2, -2, 2, -2, -2, -2, 0, 0, 2, 2, -2, -2, 0], [0, 2, -1, -1, 1, -1, -1, -1, 0, 0, 1, 1, -1, -1, 0], [0, 0, 1, 0, 0, 0, 0, 0, 0, 0, 0, 0, 0, 0, 0], [0, 1, -1, 0, 1, -1, -1, -1, 0, 0, 1, 1, -1, -1, 0], [0, 0, 0, 0, 1, 0, 0, 0, 0, 0, 0, 0, 0, 0, 0], [0, 0, 0, 0, 0, 1, 0, 0, 0, 0, 0, 0, 0, 0, 0], [0, 1, -1, -1, 1, -1, 0, -1, 0, 0, 1, 1, -1, -1, 0], [0, -1, 1, 1, -1, 1, 1, 2, 0, 0, -1, -1, 1, 1, 0], [0, -1, 1, 1, -1, 1, 1, 1, 1, 0, -1, -1, 1, 1, 0], [0, 0, 0, 0, 0, 0, 0, 0, 0, 1, 0, 0, 0, 0, 0], [0, -1, 1, 1, -1, 1, 1, 1, 0, 0, 0, -1, 1, 1, 0], [0, 1, -1, -1, 1, -1, -1, -1, 0, 0, 1, 2, -1, -1, 0], [0, 1, -1, -1, 1, -1, -1, -1, 0, 0, 1, 1, 0, -1, 0], [0, 1, -1, -1, 1, -1, -1, -1, 0, 0, 1, 1, -1, 0, 0], [0, -2, 2, 2, -2, 2, 2, 2, 0, 0, -2, -2, 2, 2, 1]]
[[1, 0, 0, 0, 0, 0, 0, 0, 0, 0, 0, 0, 0, 0, 0], [0, 1, 0, 0, 0, 0, 0, 0, 0, 0, 0, 0, 0, 0, 0], [0, 0, 1, 0, 0, 0, 0, 0, 0, 0, 0, 0, 0, 0, 0], [0, 0, 0, 1, 0, 0, 0, 0, 0, 0, 0, 0, 0, 0, 0], [0, 0, 0, 0, 1, 0, 0, 0, 0, 0, 0, 0, 0, 0, 0], [0, 0, 0, 0, 0, 1, 0, 0, 0, 0, 0, 0, 0, 0, 0], [0, 0, 0, 0, 0, 0, 1, 0, 0, 0, 0, 0, 0, 0, 0], [0, 0, 0, 0, 0, 0, 0, 1, 0, 0, 0, 0, 0, 0, 0], [0, 0, 0, 0, 0, 0, 0, 0, 1, 0, 0, 0, 0, 0, 0], [0, 0, 0, 0, 0, 0, 0, 0, 0, 1, 0, 0, 0, 0, 0], [0, 0, 0, 0, 0, 0, 0, 0, 0, 0, 1, 0, 0, 0, 0], [0, 0, 0, 0, 0, 0, 0, 0, 0, 0, 0, 1, 0, 0, 0], [0, 0, 0, 0, 0, 0, 0, 0, 0, 0, 0, 0, 1, 0, 0], [0, 0, 0, 0, 0, 0, 0, 0, 0, 0, 0, 0, 0, 1, 0], [0, 0, 0, 0, 0, 0, 0, 0, 0, 0, 0, 0, 0, 0, 1]]
[[-1, -6, 7, 4, -3, 6, 8, 7, 1, -1, -2, -3, 4, 5, 1], [-4, -11, 14, 8, -6, 12, 16, 14, 2, -2, -4, -6, 8, 10, 2], [-1, -4, 5, 3, -2, 4, 5, 5, 0, -1, -1, -2, 3, 3, 1], [1, 4, -4, -2, 2, -4, -5, -5, 0, 1, 1, 2, -3, -3, -1], [0, 0, 0, 0, 1, 0, 0, 0, 0, 0, 0, 0, 0, 0, 0], [4, 12, -14, -8, 6, -11, -16, -14, -2, 2, 4, 6, -8, -10, -2], [0, 0, 0, 0, 0, 0, 1, 0, 0, 0, 0, 0, 0, 0, 0], [-3, -8, 10, 5, -4, 8, 11, 10, 2, -1, -3, -4, 5, 7, 1], [-2, -6, 7, 4, -3, 6, 8, 7, 2, -1, -2, -3, 4, 5, 1], [6, 18, -21, -12, 9, -18, -24, -21, -3, 4, 6, 9, -12, -15, -3], [1, 4, -4, -3, 2, -4, -5, -5, 0, 1, 2, 2, -3, -3, -1], [1, 0, -1, 0, 0, 0, -1, 0, -1, 0, 0, -1, 1, 1, 1], [-2, -8, 9, 5, -4, 8, 10, 9, 1, -1, -3, -6, 7, 8, 2], [-1, -4, 4, 3, -2, 4, 5, 5, 0, -1, -1, -2, 3, 4, 1], [2, 8, -9, -5, 4, -8, -10, -9, -1, 1, 3, 6, -6, -8, -1]]
