
#########################################################
# DATA FOR CRYSTALLOGRAPHIC QUARTIC SURFACE FAMILY 24.1 #
#########################################################


##################
# GROUP & FAMILY #
##################

Generators of crystallographic group:
[[1, 0, 0, 1], [0, 1, 0, -1], [0, 0, 0, -1], [0, 0, 1, -1]]
[[1, 0, 1, 0], [0, 0, -1, 1], [0, 0, -1, 0], [0, 1, -1, 0]]
[[1, 1, 0, 0], [0, -1, 0, 0], [0, -1, 0, 1], [0, -1, 1, 0]]

Invariant polynomials:
4*x^4 + 4*x^3*y + 6*x^2*y^2 + 4*x*y^3 + y^4 + 4*x^3*z + 6*x^2*z^2 + 4*x*z^3 + z^4 + 4*x^3*w + 6*x^2*w^2 + 4*x*w^3 + w^4
12*x^4 + 12*x^3*y + 9*x^2*y^2 + 3*x*y^3 + 12*x^3*z + 6*x^2*y*z + 3*x*y^2*z + y^3*z + 9*x^2*z^2 + 3*x*y*z^2 + 3*x*z^3 + y*z^3 + 12*x^3*w + 6*x^2*y*w + 3*x*y^2*w + y^3*w + 6*x^2*z*w + 3*x*z^2*w + z^3*w + 9*x^2*w^2 + 3*x*y*w^2 + 3*x*z*w^2 + 3*x*w^3 + y*w^3 + z*w^3
6*x^4 + 6*x^3*y + 3*x^2*y^2 + 6*x^3*z + 4*x^2*y*z + 2*x*y^2*z + 3*x^2*z^2 + 2*x*y*z^2 + y^2*z^2 + 6*x^3*w + 4*x^2*y*w + 2*x*y^2*w + 4*x^2*z*w + 2*x*z^2*w + 3*x^2*w^2 + 2*x*y*w^2 + y^2*w^2 + 2*x*z*w^2 + z^2*w^2
6*x^4 + 6*x^3*y + 3*x^2*y^2 + 6*x^3*z + 4*x^2*y*z + 2*x*y^2*z + 3*x^2*z^2 + 2*x*y*z^2 + 6*x^3*w + 4*x^2*y*w + 2*x*y^2*w + 4*x^2*z*w + y^2*z*w + 2*x*z^2*w + y*z^2*w + 3*x^2*w^2 + 2*x*y*w^2 + 2*x*z*w^2 + y*z*w^2
x^4 + x^3*y + x^3*z + x^2*y*z + x^3*w + x^2*y*w + x^2*z*w + x*y*z*w

Equivalent crystallographic groups:
24.2
24.3
24.4
24.5

############
# HOMOLOGY #
############


Intersection product:
[[-4, 1, 0, 1, -2, 0, 1, 1, 0, 0, 1, 1, 3, 1, -3, -2, 0, 1, 3, 0, -3, -2], [1, -6, 0, 1, 0, -1, -1, -1, -1, -1, -1, 0, 0, -1, 2, 1, -1, 1, 1, 2, 2, 1], [0, 0, -2, 0, 0, -1, -1, -1, -1, -1, 0, -1, -2, -1, 2, 1, -1, 0, -1, 0, 1, 0], [1, 1, 0, -2, 1, 0, 0, -2, -1, 0, 0, -2, -2, 0, 0, 0, -1, -1, -3, -2, 0, 0], [-2, 0, 0, 1, -2, 0, 0, 2, 1, 0, 1, 2, 2, 0, 0, 0, 1, 1, 3, 2, -1, -1], [0, -1, -1, 0, 0, -2, 0, -2, -2, -1, 0, -2, -1, 0, 0, 0, -2, 0, -1, -1, 0, 0], [1, -1, -1, 0, 0, 0, -2, 0, 0, 0, 0, 0, -2, -1, 3, 2, 0, 0, -1, 1, 2, 1], [1, -1, -1, -2, 2, -2, 0, -6, -4, -1, -1, -5, -3, 0, -1, -1, -4, -1, -4, -4, 0, 0], [0, -1, -1, -1, 1, -2, 0, -4, -4, -1, 0, -3, -2, 0, 0, 0, -3, 0, -2, -2, 0, 0], [0, -1, -1, 0, 0, -1, 0, -1, -1, -2, 0, -2, -1, 0, 0, 0, -2, 0, -1, -1, 0, 0], [1, -1, 0, 0, 1, 0, 0, -1, 0, 0, -2, 0, 1, 0, -1, -1, 0, 0, 0, 0, 0, 0], [1, 0, -1, -2, 2, -2, 0, -5, -3, -2, 0, -6, -4, 0, 0, 0, -4, -1, -5, -4, 0, 0], [3, 0, -2, -2, 2, -1, -2, -3, -2, -1, 1, -4, -8, -2, 6, 4, -2, -1, -6, -1, 4, 2], [1, -1, -1, 0, 0, 0, -1, 0, 0, 0, 0, 0, -2, -2, 3, 2, 0, 0, -1, 1, 2, 1], [-3, 2, 2, 0, 0, 0, 3, -1, 0, 0, -1, 0, 6, 3, -8, -5, 0, 0, 3, -2, -5, -3], [-2, 1, 1, 0, 0, 0, 2, -1, 0, 0, -1, 0, 4, 2, -5, -4, 0, 0, 2, -1, -3, -2], [0, -1, -1, -1, 1, -2, 0, -4, -3, -2, 0, -4, -2, 0, 0, 0, -4, 0, -2, -2, 0, 0], [1, 1, 0, -1, 1, 0, 0, -1, 0, 0, 0, -1, -1, 0, 0, 0, 0, -2, -3, -2, 0, 0], [3, 1, -1, -3, 3, -1, -1, -4, -2, -1, 0, -5, -6, -1, 3, 2, -2, -3, -8, -4, 2, 1], [0, 2, 0, -2, 2, -1, 1, -4, -2, -1, 0, -4, -1, 1, -2, -1, -2, -2, -4, -4, -1, -1], [-3, 2, 1, 0, -1, 0, 2, 0, 0, 0, 0, 0, 4, 2, -5, -3, 0, 0, 2, -1, -4, -2], [-2, 1, 0, 0, -1, 0, 1, 0, 0, 0, 0, 0, 2, 1, -3, -2, 0, 0, 1, -1, -2, -2]]

Basis of the generic Picard lattice:
[1, 0, 0, 0, 0, 0, 0, 0, 0, 0, 0, 0, 0, 0, 0, 0, 3, -9, 3, -3, -3, 2]
[0, 1, 0, 0, 0, 0, 0, 0, 0, 0, 0, 0, 0, 0, 0, 0, 0, 0, 0, 0, 0, 1]
[0, 0, 1, 0, 0, 0, 0, 0, 0, 0, 0, 0, 0, 0, 0, 0, 1, -5, 2, -2, 0, 0]
[0, 0, 0, 1, 0, 0, 0, 0, 0, 0, 0, 0, 0, 0, 0, 0, 2, -2, 0, -1, -1, 0]
[0, 0, 0, 0, 1, 0, 0, 0, 0, 0, 0, 0, 0, 0, 0, 0, 3, -8, 3, -3, -2, 1]
[0, 0, 0, 0, 0, 1, 0, 0, 0, 0, 0, 0, 0, 0, 0, 0, 0, -1, 0, 0, 0, -1]
[0, 0, 0, 0, 0, 0, 1, 0, 0, 0, 0, 0, 0, 0, 0, 0, 2, -5, 2, -2, 0, 0]
[0, 0, 0, 0, 0, 0, 0, 1, 0, 0, 0, 0, 0, 0, 0, 0, 0, 0, -1, 0, 0, -1]
[0, 0, 0, 0, 0, 0, 0, 0, 1, 0, 0, 0, 0, 0, 0, 0, 1, -2, 0, -1, -1, 0]
[0, 0, 0, 0, 0, 0, 0, 0, 0, 1, 0, 0, 0, 0, 0, 0, 2, -6, 2, -2, -1, 1]
[0, 0, 0, 0, 0, 0, 0, 0, 0, 0, 1, 0, 0, 0, 0, 0, 2, -2, 0, -1, -1, 0]
[0, 0, 0, 0, 0, 0, 0, 0, 0, 0, 0, 1, 0, 0, 0, 0, 1, -3, 0, -1, -1, 0]
[0, 0, 0, 0, 0, 0, 0, 0, 0, 0, 0, 0, 1, 0, 0, 0, 3, -6, 2, -3, 0, 0]
[0, 0, 0, 0, 0, 0, 0, 0, 0, 0, 0, 0, 0, 1, 0, 0, 2, -4, 2, -2, 0, 1]
[0, 0, 0, 0, 0, 0, 0, 0, 0, 0, 0, 0, 0, 0, 1, 0, 1, -2, 0, -1, -2, 0]
[0, 0, 0, 0, 0, 0, 0, 0, 0, 0, 0, 0, 0, 0, 0, 1, 1, -1, 0, -1, -1, 0]
[0, 0, 0, 0, 0, 0, 0, 0, 0, 0, 0, 0, 0, 0, 0, 0, 4, -7, 2, -3, -2, 1]

Class of hyperplane section:
[0, -1, -2, -2, 2, 0, 0, 3, -1, 2, 0, -3, 0, 0, 0, 0, 0, -3, 3, 0, 0, 0]

Action of the group on homology:
[[-1, 1, -1, 0, 0, -1, 1, -2, -2, 0, 0, -2, 0, 1, -3, -2, -2, 0, -1, -3, -1, -1], [0, 1, 0, 0, 0, 0, 0, 0, 0, 0, 0, 0, 0, 0, -1, 1, 0, 0, 0, 0, -1, 0], [0, 0, 0, 0, -1, 0, -1, 1, 0, 0, 0, 1, 0, -1, -1, 3, 0, 1, 1, 1, -2, 0], [-1, 1, -1, 0, -1, -1, 0, -1, -2, 0, 1, -1, -1, 0, -2, 1, -2, 1, 0, -1, -2, 0], [2, -2, 1, 0, 1, 1, -1, 1, 2, 1, 0, 2, -1, -1, 5, 0, 2, 0, 1, 2, 4, 1], [-1, 1, -1, 0, 0, -1, 1, -2, -2, 0, 0, -2, 0, 0, -2, -1, -2, 0, -1, -2, -1, 0], [-1, 1, 0, 0, 0, 0, 1, 0, -1, 0, 0, 0, 1, 1, -1, -1, 0, 0, 0, 0, -1, 0], [0, -1, 0, 0, 0, 0, 0, 0, 0, 1, 0, 0, -1, 0, 1, -1, 0, 0, 0, -1, 2, 0], [0, -1, 0, 0, 0, 0, 0, 0, 0, -1, 0, 0, 0, 0, 1, 0, 0, 0, 0, 1, 0, 0], [0, -1, 0, 0, 0, -1, 1, -1, -1, 0, 0, -1, 0, 1, 0, -2, -1, 0, 0, -1, 1, 0], [1, -1, 0, 0, 1, 0, 0, -1, 0, 0, 0, 0, 0, 0, 1, -1, 0, -1, -1, -1, 2, 0], [0, 0, 0, 1, -1, 1, -1, 3, 2, 0, 0, 3, 1, -1, 1, 2, 2, 1, 2, 3, -1, 0], [0, 0, 1, 0, 1, 0, 1, -1, 0, 0, 0, -1, 1, 1, -1, -1, 0, -1, -1, -1, 0, 0], [0, 0, 0, 0, 0, 0, 0, 0, 0, 0, 0, 0, 0, 0, 1, 0, 0, 0, 0, 1, 0, 0], [1, 0, 1, 0, 1, 0, 0, 0, 0, 0, 0, 0, 0, 0, 1, 1, 0, 0, 0, 1, 0, 1], [-2, 1, 0, 0, -1, 0, 1, 0, 0, 0, 0, 0, 2, 1, -2, -2, 0, 0, 1, 0, -2, -1], [1, 1, 1, -1, 1, 1, 0, 0, 1, 0, 0, 0, 0, 0, 0, 0, 1, -1, -1, 0, 0, 0], [1, 1, 1, -1, 1, 1, 0, 0, 1, 0, 0, 0, 0, 0, 0, 1, 1, -1, -2, 0, -1, 0], [0, 0, 0, 0, 0, 0, 0, 0, 0, 0, 0, 0, 0, 0, 1, -1, 0, 0, 1, 0, 1, 0], [0, 0, -1, 0, 0, -1, 0, -1, -1, 0, 0, -1, -1, 0, 0, 0, -1, 0, -1, -1, 1, 0], [0, 0, 0, 0, 0, 0, 0, 0, 0, 0, 0, 0, 0, 0, 0, 1, 1, -1, -1, 0, 0, 0], [0, 0, 0, 0, 0, 1, 0, 1, 1, -1, 0, 0, 0, 0, 0, 0, 0, 0, 0, 0, 0, 0]]
[[0, 0, -1, -1, 0, -1, 0, -2, -2, 0, 0, -2, -2, 0, 0, 0, -1, 0, -2, -1, 0, 0], [0, -1, 0, 1, -1, 0, -1, 2, 1, 0, 0, 2, 1, 0, 1, 1, 1, 1, 2, 2, 1, 0], [0, -1, 0, 3, -3, 2, -3, 7, 4, 2, 0, 8, 3, -1, 3, 2, 4, 3, 7, 5, 2, 0], [-1, -2, -1, 2, -2, 0, -2, 2, 0, 1, 0, 3, 1, 0, 1, 1, 1, 2, 3, 2, 1, 0], [1, 2, 0, -2, 3, -1, 2, -4, -2, -1, 0, -4, -2, 0, -1, -1, -2, -3, -5, -4, -1, 0], [0, -2, 0, 0, 0, -1, 0, -1, -1, 0, 0, -1, -1, 0, 1, 1, 0, 0, -1, 1, 1, 1], [-1, -1, 1, 0, 0, 0, 1, -1, -1, 0, 0, -1, 1, 1, -2, -1, -1, 1, 1, 0, -1, 0], [0, 2, -1, -2, 1, -1, 1, -3, -3, 0, 0, -3, -2, 0, -1, -1, -2, -2, -4, -4, -1, 0], [-1, 1, 1, 0, 0, 1, 1, 0, 1, 0, 0, 0, 2, 1, -3, -2, 0, 0, 1, -1, -2, -1], [-1, 1, 0, -2, 1, -1, 2, -4, -3, 0, 0, -4, -1, 1, -3, -2, -2, -2, -4, -4, -2, -1], [1, 1, -1, -2, 2, -1, 1, -4, -2, -1, 0, -4, -3, -1, 0, 0, -2, -2, -5, -3, 0, 0], [0, 0, 1, 2, -1, 2, -1, 4, 3, 1, 0, 5, 3, 0, 0, 0, 2, 2, 5, 3, 0, 0], [0, 0, 0, -1, 1, -1, 1, -2, -1, -1, 0, -3, -1, 0, 0, 0, -1, -1, -3, -1, 0, 0], [0, 0, 1, 0, 1, 0, 1, -1, 0, 0, -1, -1, 1, 1, -2, -1, 0, 0, 0, 0, -1, 0], [0, -2, 1, 1, 0, 0, 0, 1, 1, 0, -1, 1, 2, 0, 0, 0, 1, 1, 2, 2, 0, 0], [-1, 1, 1, 0, 0, 0, 1, 0, 0, 0, 1, -1, 0, 1, -1, 0, 0, 0, 0, 0, -1, 0], [2, -1, 0, 0, 1, 0, -1, 0, 1, -1, 0, -1, -2, -1, 3, 2, 0, 0, -1, 1, 2, 1], [1, 0, 1, 1, 0, 1, 0, 2, 2, 0, 0, 2, 2, 0, 0, 0, 1, 1, 2, 1, 0, 0], [0, 0, 0, -1, 1, -1, 1, -2, -1, -1, 0, -3, -2, 0, 0, 0, -1, -1, -2, -1, 0, 0], [0, 0, -1, -1, 0, -1, 0, -2, -2, 0, 0, -1, -1, 0, 0, 0, -1, -1, -2, -1, 0, 0], [0, 0, 0, 0, 0, 0, 0, 0, 0, 0, 0, 0, 0, 0, 0, 0, 0, 0, 0, 0, 1, 0], [0, 0, 0, 0, 0, 1, 0, 1, 1, -1, 0, 0, 0, 0, 0, 0, 0, 0, 0, 0, 0, 0]]
[[1, 0, 0, 0, 0, 0, 0, 0, 0, 0, 0, 0, 0, 0, 0, 0, 0, 0, 0, 0, 0, 0], [-1, 0, -1, 2, -1, -1, 0, 1, 0, 0, 0, 1, 1, 0, 0, 0, 0, 1, 2, 1, 0, 0], [-4, 1, -3, 5, -4, -1, 0, 4, 0, 1, 1, 4, 2, 0, -1, -1, 0, 4, 7, 1, -1, -1], [-1, 1, -1, 3, -2, 0, 0, 3, 1, 1, 1, 3, 1, 0, 0, 0, 1, 2, 4, 1, 0, 0], [3, 1, 3, -4, 3, 2, 0, -1, 2, 0, -1, -1, 0, 0, 0, 0, 2, -3, -4, -1, 0, 0], [1, -2, 1, 1, 0, 0, 0, 1, 1, 0, 0, 1, 1, 0, 1, 1, 1, 0, 1, 2, 1, 1], [1, -1, 1, -1, 1, 0, 0, -1, 0, 0, 0, -1, -1, 0, 2, 1, 0, -1, -2, 1, 1, 1], [0, 2, 1, -2, 0, 1, 1, 0, 0, 0, 0, -1, 1, 1, -3, -2, 0, -1, -1, -3, -2, -1], [0, 0, 0, -1, 1, 0, 0, -2, -1, 0, 0, -1, -1, 0, 0, 0, -1, -1, -2, -1, 0, 0], [2, 1, 2, -3, 2, 1, 1, -2, 0, 0, -1, -2, 0, 1, -2, -1, 0, -2, -3, -2, -1, 0], [2, 0, 1, -2, 2, 1, 0, -1, 1, -1, -1, -1, 0, 0, 0, 0, 1, -2, -3, 0, 0, 0], [-3, 0, -2, 2, -2, -1, 0, 0, -1, 0, 1, 0, 0, 0, -1, -1, -2, 2, 2, -1, -1, -1], [2, -1, 1, -1, 2, 0, 0, -1, 0, -1, -1, -1, 0, 0, 1, 1, 0, -1, -2, 1, 1, 1], [1, -1, 1, -1, 1, 0, 0, -1, 0, 0, 0, -1, -1, 0, 1, 1, 0, -1, -2, 0, 1, 0], [2, -1, 1, 0, 1, 0, 0, 1, 1, 0, 0, 1, -1, -1, 3, 2, 1, 0, 0, 2, 2, 1], [1, -1, 1, -1, 1, 0, -1, -1, 0, 0, 0, -1, -1, 0, 2, 2, 0, -1, -2, 1, 1, 1], [1, -1, 0, 0, 1, 0, -1, 0, 0, 0, 0, 0, -2, -1, 3, 2, 1, 0, -1, 2, 2, 1], [-1, -1, -1, 1, 0, -1, 0, -1, -2, 0, 0, 0, 0, 0, 0, 0, -1, 1, 0, 0, 0, 0], [3, -1, 2, -2, 2, 1, -1, 0, 2, 0, -1, 0, -1, -1, 3, 2, 2, -2, -2, 2, 2, 1], [-1, 1, 0, 0, -1, 0, 1, 0, 0, 0, 0, 0, 2, 1, -3, -2, 0, 0, 1, -1, -2, -1], [-1, -1, -1, 1, 0, -1, 0, -1, -1, -1, -1, -1, 1, 1, -1, -1, -1, 0, 0, 0, 0, 0], [-1, 0, -1, 0, 0, 0, 0, -1, -1, 0, 0, -1, -1, -1, 0, 0, -1, 0, -1, -1, 0, 0]]

####################
# ALGEBRAIC CURVES #
####################


There are 344 conics:
[0, 0, -1, -2, 0, -1, 0, 1, 0, 0, 0, -1, 1, 0, 0, 0, 1, 0, 1, -1, 1, 1]
[0, -1, -1, 0, 2, 1, 0, 2, -1, 2, 0, -2, -1, 0, 0, 0, -1, -3, 2, 1, -1, -1]
[0, 0, -1, -1, 1, 0, 0, 1, -1, 0, 0, -2, 1, 0, 1, 0, 1, -1, 2, -1, 0, 0]
[0, -1, -1, -1, 1, 0, 0, 2, 0, 2, 0, -1, -1, 0, -1, 0, -1, -2, 1, 1, 0, 0]
[0, 1, 2, 1, -2, 0, 0, 0, -1, -1, -2, 0, 0, 0, 1, 0, 0, 0, 0, -1, 1, 0]
[0, -2, -4, -3, 4, 0, 0, 3, 0, 3, 2, -3, 0, 0, -1, 0, 0, -3, 3, 1, -1, 0]
[0, 0, 1, 0, -1, 1, 0, 0, -1, 0, -1, 0, -1, 0, 0, 0, 0, -2, 1, 0, 0, 0]
[0, -1, -3, -2, 3, -1, 0, 3, 0, 2, 1, -3, 1, 0, 0, 0, 0, -1, 2, 0, 0, 0]
[0, 0, 1, 0, -1, 1, 0, 0, 0, 0, -1, -1, -1, 0, 0, 0, 0, -1, 1, 0, 0, 0]
[0, -1, -3, -2, 3, -1, 0, 3, -1, 2, 1, -2, 1, 0, 0, 0, 0, -2, 2, 0, 0, 0]
[0, 0, 1, 1, -1, 1, 0, 0, -1, 0, -1, -1, -1, 0, 0, 0, 1, -1, 1, 0, 0, 0]
[0, -1, -3, -3, 3, -1, 0, 3, 0, 2, 1, -2, 1, 0, 0, 0, -1, -2, 2, 0, 0, 0]
[0, 0, -2, -2, 2, 0, 0, 2, -1, 1, 1, -2, 1, 0, 0, 0, 0, -1, 2, 0, 1, 0]
[0, -1, 0, 0, 0, 0, 0, 1, 0, 1, -1, -1, -1, 0, 0, 0, 0, -2, 1, 0, -1, 0]
[0, 0, -1, -1, 1, 0, 0, 2, -1, 0, -1, -1, 0, 0, 0, 0, 0, -1, 1, 0, 0, 0]
[0, -1, -1, -1, 1, 0, 0, 1, 0, 2, 1, -2, 0, 0, 0, 0, 0, -2, 2, 0, 0, 0]
[0, 0, 0, -1, 1, -1, -1, 2, -1, 0, 0, -1, 0, 0, 0, -1, 0, -1, 1, 0, 0, 1]
[0, -1, -2, -1, 1, 1, 1, 1, 0, 2, 0, -2, 0, 0, 0, 1, 0, -2, 2, 0, 0, -1]
[0, 0, -1, -1, 1, 0, -1, 2, -1, 1, 0, -2, 1, 0, 1, -1, 0, -1, 1, 0, 0, 0]
[0, -1, -1, -1, 1, 0, 1, 1, 0, 1, 0, -1, -1, 0, -1, 1, 0, -2, 2, 0, 0, 0]
[0, 0, 0, -1, 1, -1, 0, 2, -1, 0, 0, -1, 0, -1, -1, 0, 0, -1, 1, 0, 1, 0]
[0, -1, -2, -1, 1, 1, 0, 1, 0, 2, 0, -2, 0, 1, 1, 0, 0, -2, 2, 0, -1, 0]
[0, 0, -1, -1, 1, 0, 0, 2, -1, 1, 0, -2, 1, -1, 0, 0, 0, -1, 1, 0, 1, -1]
[0, -1, -1, -1, 1, 0, 0, 1, 0, 1, 0, -1, -1, 1, 0, 0, 0, -2, 2, 0, -1, 1]
[0, 0, 0, -1, 1, -1, -1, 2, -1, 1, 1, -2, 1, -1, 0, -1, 0, -1, 1, 0, 1, 0]
[0, -1, -2, -1, 1, 1, 1, 1, 0, 1, -1, -1, -1, 1, 0, 1, 0, -2, 2, 0, -1, 0]
[0, 0, 1, 0, 0, -1, -1, 2, -1, 0, -1, -1, 0, -1, 0, -1, 0, -1, 0, 0, 0, 0]
[0, -1, -3, -2, 2, 1, 1, 1, 0, 2, 1, -2, 0, 1, 0, 1, 0, -2, 3, 0, 0, 0]
[0, 1, 2, 1, -1, 0, -1, 1, -2, -1, -1, -1, 0, -1, 0, -1, 1, 0, 0, 0, 1, 0]
[0, -2, -4, -3, 3, 0, 1, 2, 1, 3, 1, -2, 0, 1, 0, 1, -1, -3, 3, 0, -1, 0]
[0, 1, 2, 0, -1, 0, -1, 1, -1, -1, -1, -1, 0, -1, 0, -1, 0, 0, 0, 0, 1, 0]
[0, -2, -4, -2, 3, 0, 1, 2, 0, 3, 1, -2, 0, 1, 0, 1, 0, -3, 3, 0, -1, 0]
[0, 1, 2, 0, -1, 0, -1, 1, -2, -1, -1, 0, 0, -1, 0, -1, 0, -1, 0, 0, 1, 0]
[0, -2, -4, -2, 3, 0, 1, 2, 1, 3, 1, -3, 0, 1, 0, 1, 0, -2, 3, 0, -1, 0]
[0, 0, 1, 1, -2, 1, 1, -1, 0, 0, -2, 0, -1, 1, 1, 1, 0, -1, 1, -1, 0, 0]
[0, -1, -3, -3, 4, -1, -1, 4, -1, 2, 2, -3, 1, -1, -1, -1, 0, -2, 2, 1, 0, 0]
[0, 0, 0, -1, 1, -1, -1, 3, -1, 1, 0, -1, 0, -1, -1, -1, -1, -1, 0, 1, 1, 0]
[0, -1, -2, -1, 1, 1, 1, 0, 0, 1, 0, -2, 0, 1, 1, 1, 1, -2, 3, -1, -1, 0]
[0, 0, 0, 0, 2, 0, -1, 3, -2, 1, 0, -2, 0, -1, 0, -1, -1, -2, 1, 1, 0, -1]
[0, -1, -2, -2, 0, 0, 1, 0, 1, 1, 0, -1, 0, 1, 0, 1, 1, -1, 2, -1, 0, 1]
[0, 0, 1, 1, 0, 1, 0, 1, -1, 0, -1, -1, -1, 0, 0, 0, 0, -2, 1, 0, 0, -1]
[0, -1, -3, -3, 2, -1, 0, 2, 0, 2, 1, -2, 1, 0, 0, 0, 0, -1, 2, 0, 0, 1]
[0, 0, 1, 1, 0, 0, 0, 1, 0, 1, -1, -1, -1, 0, 0, 0, -1, -2, 1, 0, 0, 0]
[0, -1, -3, -3, 2, 0, 0, 2, -1, 1, 1, -2, 1, 0, 0, 0, 1, -1, 2, 0, 0, 0]
[1, -1, -2, -2, 1, 0, 0, 2, -1, 1, 1, -2, 1, 0, 0, 0, 0, -2, 2, 0, 0, 0]
[-1, 0, 0, 0, 1, 0, 0, 1, 0, 1, -1, -1, -1, 0, 0, 0, 0, -1, 1, 0, 0, 0]
[0, 0, 0, 0, 1, 1, -1, 1, -1, 1, 0, -2, 0, 0, 0, 0, 0, -2, 2, 0, 0, 0]
[0, -1, -2, -2, 1, -1, 1, 2, 0, 1, 0, -1, 0, 0, 0, 0, 0, -1, 1, 0, 0, 0]
[1, 0, -2, -1, 0, 1, 1, 1, -1, 1, 0, -2, 1, 0, 1, 0, 0, -2, 2, 0, 0, 0]
[-1, -1, 0, -1, 2, -1, -1, 2, 0, 1, 0, -1, -1, 0, -1, 0, 0, -1, 1, 0, 0, 0]
[1, -2, -5, -3, 4, 0, 0, 4, -1, 3, 2, -4, 1, 0, 0, 0, 0, -3, 3, 1, -2, 0]
[-1, 1, 3, 1, -2, 0, 0, -1, 0, -1, -2, 1, -1, 0, 0, 0, 0, 0, 0, -1, 2, 0]
[1, -1, -3, -2, 2, 1, 0, 3, -1, 2, 1, -3, 1, 0, 0, 0, -1, -2, 2, 1, 0, -1]
[-1, 0, 1, 0, 0, -1, 0, 0, 0, 0, -1, 0, -1, 0, 0, 0, 1, -1, 1, -1, 0, 1]
[0, 0, 0, 0, 0, 0, 0, 1, -1, 0, -1, -1, 0, 0, 1, -1, 0, -1, 1, 0, 0, 0]
[0, -1, -2, -2, 2, 0, 0, 2, 0, 2, 1, -2, 0, 0, -1, 1, 0, -2, 2, 0, 0, 0]
[0, 0, 0, -1, 0, 0, 0, 1, -1, 0, 0, -1, 0, 0, 1, -1, 0, -1, 1, 0, 0, 0]
[0, -1, -2, -1, 2, 0, 0, 2, 0, 2, 0, -2, 0, 0, -1, 1, 0, -2, 2, 0, 0, 0]
[1, -1, -3, -2, 2, 0, 0, 3, -1, 2, 2, -3, 1, 0, 0, -1, 0, -2, 2, 1, 0, 0]
[-1, 0, 1, 0, 0, 0, 0, 0, 0, 0, -2, 0, -1, 0, 0, 1, 0, -1, 1, -1, 0, 0]
[0, 0, 0, -1, 0, 0, 0, 1, -1, 0, -1, -1, 0, -1, 0, 0, 0, -1, 1, 0, 0, 0]
[0, -1, -2, -1, 2, 0, 0, 2, 0, 2, 1, -2, 0, 1, 0, 0, 0, -2, 2, 0, 0, 0]
[1, -1, -3, -2, 2, 0, 0, 3, -1, 2, 1, -3, 1, -1, -1, 0, 0, -2, 2, 1, 0, 0]
[-1, 0, 1, 0, 0, 0, 0, 0, 0, 0, -1, 0, -1, 1, 1, 0, 0, -1, 1, -1, 0, 0]
[1, -1, -3, -3, 2, 0, 0, 3, -1, 2, 2, -3, 1, -1, -1, 0, 0, -2, 2, 1, 0, 0]
[-1, 0, 1, 1, 0, 0, 0, 0, 0, 0, -2, 0, -1, 1, 1, 0, 0, -1, 1, -1, 0, 0]
[0, 0, 0, -1, 0, -1, 0, 1, -1, 0, 0, -1, 0, -1, 0, -1, 1, -1, 1, 0, 0, 1]
[0, -1, -2, -1, 2, 1, 0, 2, 0, 2, 0, -2, 0, 1, 0, 1, -1, -2, 2, 0, 0, -1]
[0, 1, 2, 0, -2, 0, 0, 0, -1, -1, -1, 0, 0, -1, 0, -1, 0, 0, 0, 0, 2, 0]
[0, -2, -4, -2, 4, 0, 0, 3, 0, 3, 1, -3, 0, 1, 0, 1, 0, -3, 3, 0, -2, 0]
[0, 0, -1, 0, 0, 1, 1, 0, 0, 1, -1, -1, 0, 1, 1, 1, 0, -2, 2, -1, 0, 0]
[0, -1, -1, -2, 2, -1, -1, 3, -1, 1, 1, -2, 0, -1, -1, -1, 0, -1, 1, 1, 0, 0]
[1, 0, -1, -1, 1, 1, -1, 2, -2, 1, 1, -3, 1, -1, 0, -1, 0, -2, 2, 1, 0, 0]
[-1, -1, -1, -1, 1, -1, 1, 1, 1, 1, -1, 0, -1, 1, 0, 1, 0, -1, 1, -1, 0, 0]
[0, 0, -1, -1, 1, 0, 0, 2, -1, 1, 0, -2, 0, -1, 0, -1, 0, -1, 1, 1, 0, 0]
[0, -1, -1, -1, 1, 0, 0, 1, 0, 1, 0, -1, 0, 1, 0, 1, 0, -2, 2, -1, 0, 0]
[1, 0, 0, 0, 0, 0, 0, 2, -1, 1, 0, -2, 0, -1, 0, -1, -1, -2, 1, 1, 0, 0]
[-1, -1, -2, -2, 2, 0, 0, 1, 0, 1, 0, -1, 0, 1, 0, 1, 1, -1, 2, -1, 0, 0]
[1, 0, 0, 0, 0, 1, 0, 2, -2, 0, 0, -2, 0, -1, 0, -1, 0, -2, 1, 1, 0, -1]
[-1, -1, -2, -2, 2, -1, 0, 1, 1, 2, 0, -1, 0, 1, 0, 1, 0, -1, 2, -1, 0, 1]
[1, 0, 0, 0, -1, 1, 0, 1, -1, 1, 0, -2, 0, -1, 0, -1, 0, -2, 1, 1, 0, 0]
[-1, -1, -2, -2, 3, -1, 0, 2, 0, 1, 0, -1, 0, 1, 0, 1, 0, -1, 2, -1, 0, 0]
[0, 0, 0, 0, 0, 0, 0, 1, 0, 0, -1, -1, 0, 1, 1, 0, 0, -1, 1, -1, 0, 0]
[0, -1, -2, -2, 2, 0, 0, 2, -1, 2, 1, -2, 0, -1, -1, 0, 0, -2, 2, 1, 0, 0]
[0, 0, -1, -1, 1, 0, 0, 1, 0, 1, 0, -2, 1, 0, 0, 1, 0, -1, 2, -1, 1, 0]
[0, -1, -1, -1, 1, 0, 0, 2, -1, 1, 0, -1, -1, 0, 0, -1, 0, -2, 1, 1, -1, 0]
[0, 0, 0, 0, 0, 0, 0, 1, -1, 0, -1, -1, 0, 0, 0, 1, 1, -1, 1, -1, 0, 0]
[0, -1, -2, -2, 2, 0, 0, 2, 0, 2, 1, -2, 0, 0, 0, -1, -1, -2, 2, 1, 0, 0]
[1, -1, -2, -1, 1, 1, 1, 2, -1, 2, 1, -2, 0, 0, 0, 0, -1, -3, 2, 1, 0, -1]
[-1, 0, 0, -1, 1, -1, -1, 1, 0, 0, -1, -1, 0, 0, 0, 0, 1, 0, 1, -1, 0, 1]
[1, -1, -2, -1, 1, 1, 0, 2, -1, 2, 0, -2, 0, 0, 0, 0, -1, -3, 2, 1, -1, 0]
[-1, 0, 0, -1, 1, -1, 0, 1, 0, 0, 0, -1, 0, 0, 0, 0, 1, 0, 1, -1, 1, 0]
[1, -1, -2, -1, 1, 1, 0, 2, -1, 2, 1, -3, 0, 0, 0, 0, 0, -2, 2, 1, -1, 0]
[-1, 0, 0, -1, 1, -1, 0, 1, 0, 0, -1, 0, 0, 0, 0, 0, 0, -1, 1, -1, 1, 0]
[1, -1, -3, -1, 2, 1, 1, 2, -1, 2, 1, -3, 0, 0, 0, 0, 0, -3, 3, 1, -1, 0]
[-1, 0, 1, -1, 0, -1, -1, 1, 0, 0, -1, 0, 0, 0, 0, 0, 0, 0, 0, -1, 1, 0]
[1, -2, -4, -2, 3, 1, 0, 3, -1, 3, 2, -4, 1, 0, 0, 0, 0, -3, 3, 1, -1, -1]
[-1, 1, 2, 0, -1, -1, 0, 0, 0, -1, -2, 1, -1, 0, 0, 0, 0, 0, 0, -1, 1, 1]
[0, 0, 0, -1, 1, 0, -1, 2, -1, 0, 0, -1, 0, 0, -1, 0, 0, -1, 1, 0, 1, 0]
[0, -1, -2, -1, 1, 0, 1, 1, 0, 2, 0, -2, 0, 0, 1, 0, 0, -2, 2, 0, -1, 0]
[1, -1, -2, -2, 1, 1, 0, 2, -1, 1, 1, -2, 0, 0, -1, 0, 0, -2, 2, 1, 0, 0]
[-1, 0, 0, 0, 1, -1, 0, 1, 0, 1, -1, -1, 0, 0, 1, 0, 0, -1, 1, -1, 0, 0]
[0, 0, 0, -1, -1, 0, 1, 0, 0, 0, -1, 0, -1, 0, 0, 0, 0, -1, 1, 0, 0, 1]
[0, -1, -2, -1, 3, 0, -1, 3, -1, 2, 1, -3, 1, 0, 0, 0, 0, -2, 2, 0, 0, -1]
[0, 0, -1, 0, 2, 0, 0, 2, -1, 1, 0, -2, 0, 0, 0, 0, 0, -2, 2, 0, 0, 0]
[0, -1, -1, -2, 0, 0, 0, 1, 0, 1, 0, -1, 0, 0, 0, 0, 0, -1, 1, 0, 0, 0]
[0, 0, 0, 0, 1, 0, -1, 2, -1, 1, 0, -2, 0, 0, 0, 0, 0, -1, 1, 0, 0, 0]
[0, -1, -2, -2, 1, 0, 1, 1, 0, 1, 0, -1, 0, 0, 0, 0, 0, -2, 2, 0, 0, 0]
[0, 0, 0, 0, 1, 0, -1, 2, -1, 1, -1, -1, 0, 0, 0, 0, -1, -2, 1, 0, 0, 0]
[0, -1, -2, -2, 1, 0, 1, 1, 0, 1, 1, -2, 0, 0, 0, 0, 1, -1, 2, 0, 0, 0]
[0, 0, 0, 0, 1, 0, 0, 2, -1, 1, 0, -1, 0, 0, 0, 0, -1, -2, 1, 0, 1, -1]
[0, -1, -2, -2, 1, 0, 0, 1, 0, 1, 0, -2, 0, 0, 0, 0, 1, -1, 2, 0, -1, 1]
[1, -1, -2, -1, 0, 1, 1, 1, -1, 1, 0, -2, 0, 0, 0, 1, 1, -2, 2, 0, -1, 0]
[-1, 0, 0, -1, 2, -1, -1, 2, 0, 1, 0, -1, 0, 0, 0, -1, -1, -1, 1, 0, 1, 0]
[1, -1, -3, -2, 1, 1, 1, 1, 0, 2, 1, -3, 1, 0, 0, 1, 0, -2, 3, 0, 0, 0]
[-1, 0, 1, 0, 1, -1, -1, 2, -1, 0, -1, 0, -1, 0, 0, -1, 0, -1, 0, 0, 0, 0]
[1, -1, -2, -1, 0, 1, 1, 1, 0, 1, 0, -2, 0, 1, 1, 0, 0, -2, 2, 0, -1, 0]
[-1, 0, 0, -1, 2, -1, -1, 2, -1, 1, 0, -1, 0, -1, -1, 0, 0, -1, 1, 0, 1, 0]
[0, 1, 2, 1, -1, 0, -1, 1, -1, 0, -1, -1, 0, -1, 0, -1, 0, -1, 0, 0, 1, 0]
[0, -2, -4, -3, 3, 0, 1, 2, 0, 2, 1, -2, 0, 1, 0, 1, 0, -2, 3, 0, -1, 0]
[0, 0, 1, 1, 0, 0, 0, 2, -1, 1, -1, -1, -1, -1, 0, -1, -1, -2, 0, 1, 0, -1]
[0, -1, -3, -3, 2, 0, 0, 1, 0, 1, 1, -2, 1, 1, 0, 1, 1, -1, 3, -1, 0, 1]
[1, 0, 1, 1, 0, 1, -1, 2, -2, 1, 0, -2, 0, -1, 0, -1, -1, -3, 1, 1, 0, -1]
[-1, -1, -3, -3, 2, -1, 1, 1, 1, 1, 0, -1, 0, 1, 0, 1, 1, 0, 2, -1, 0, 1]
[0, 0, 0, 0, 1, 1, -1, 2, -2, 1, 0, -2, 0, -1, 0, -1, 0, -2, 1, 1, 0, -1]
[0, -1, -2, -2, 1, -1, 1, 1, 1, 1, 0, -1, 0, 1, 0, 1, 0, -1, 2, -1, 0, 1]
[0, 0, 0, 0, 1, 0, -1, 2, -1, 2, 0, -2, 0, -1, 0, -1, -1, -2, 1, 1, 0, 0]
[0, -1, -2, -2, 1, 0, 1, 1, 0, 0, 0, -1, 0, 1, 0, 1, 1, -1, 2, -1, 0, 0]
[0, 0, 1, 0, 1, 0, -1, 2, -2, 0, 0, -1, -1, -1, -1, -1, 0, -2, 1, 1, 0, 0]
[0, -1, -3, -2, 1, 0, 1, 1, 1, 2, 0, -2, 1, 1, 1, 1, 0, -1, 2, -1, 0, 0]
[0, 0, 1, 0, 0, 0, -1, 2, -1, 0, -1, -1, -1, -1, -1, -1, 0, -1, 0, 1, 0, 0]
[0, -1, -3, -2, 2, 0, 1, 1, 0, 2, 1, -2, 1, 1, 1, 1, 0, -2, 3, -1, 0, 0]
[0, 0, 0, -1, 1, 0, -1, 2, -1, 1, 0, -1, 0, -1, -1, -1, -1, -2, 1, 1, 1, 0]
[0, -1, -2, -1, 1, 0, 1, 1, 0, 1, 0, -2, 0, 1, 1, 1, 1, -1, 2, -1, -1, 0]
[0, 0, 0, -1, 1, 0, -1, 2, -1, 1, 1, -2, 0, -1, -1, -1, 0, -1, 1, 1, 1, 0]
[0, -1, -2, -1, 1, 0, 1, 1, 0, 1, -1, -1, 0, 1, 1, 1, 0, -2, 2, -1, -1, 0]
[0, 0, -1, 0, 0, 1, 1, 0, -1, 0, -1, -1, 0, 1, 1, 1, 1, -1, 2, -1, 0, 0]
[0, -1, -1, -2, 2, -1, -1, 3, 0, 2, 1, -2, 0, -1, -1, -1, -1, -2, 1, 1, 0, 0]
[0, 0, -1, -1, 0, 1, 1, 0, 0, 0, -1, -1, 0, 1, 1, 1, 0, -1, 2, -1, 0, 0]
[0, -1, -1, -1, 2, -1, -1, 3, -1, 2, 1, -2, 0, -1, -1, -1, 0, -2, 1, 1, 0, 0]
[0, 1, 3, 1, -2, 0, 0, 0, -1, -1, -1, 0, -1, -1, 0, -1, 0, -1, 0, 0, 1, 0]
[0, -2, -5, -3, 4, 0, 0, 3, 0, 3, 1, -3, 1, 1, 0, 1, 0, -2, 3, 0, -1, 0]
[1, -1, -4, -2, 2, 1, 1, 2, 0, 2, 1, -3, 1, 1, 0, 1, 0, -2, 3, 0, 0, 0]
[-1, 0, 2, 0, 0, -1, -1, 1, -1, 0, -1, 0, -1, -1, 0, -1, 0, -1, 0, 0, 0, 0]
[0, 1, 3, 1, -2, 0, -1, 0, -1, -1, -2, 0, -1, -1, 0, -1, 0, -1, 0, 0, 0, 1]
[0, -2, -5, -3, 4, 0, 1, 3, 0, 3, 2, -3, 1, 1, 0, 1, 0, -2, 3, 0, 0, -1]
[0, 1, 4, 2, -3, 0, -1, 0, -1, -1, -2, 0, -1, -1, 0, -1, 0, 0, -1, 0, 1, 0]
[0, -2, -6, -4, 5, 0, 1, 3, 0, 3, 2, -3, 1, 1, 0, 1, 0, -3, 4, 0, -1, 0]
[1, -2, -5, -3, 3, 0, 1, 3, 0, 3, 2, -3, 1, 1, 0, 1, 0, -3, 3, 0, -1, 0]
[-1, 1, 3, 1, -1, 0, -1, 0, -1, -1, -2, 0, -1, -1, 0, -1, 0, 0, 0, 0, 1, 0]
[0, 1, 3, 2, -2, 0, 0, 0, -1, -1, -2, 0, -1, -1, 0, -1, 0, -1, 0, 0, 1, 0]
[0, -2, -5, -4, 4, 0, 0, 3, 0, 3, 2, -3, 1, 1, 0, 1, 0, -2, 3, 0, -1, 0]
[1, -1, -2, -1, 1, 1, 0, 2, -1, 1, 0, -2, 0, 1, 0, 1, 0, -2, 2, 0, -1, 0]
[-1, 0, 0, -1, 1, -1, 0, 1, 0, 1, 0, -1, 0, -1, 0, -1, 0, -1, 1, 0, 1, 0]
[0, 0, 1, 0, 0, 0, -1, 1, -1, 0, 0, -2, 0, -1, 0, -1, 1, -1, 1, 0, 0, 0]
[0, -1, -3, -2, 2, 0, 1, 2, 0, 2, 0, -1, 0, 1, 0, 1, -1, -2, 2, 0, 0, 0]
[0, 0, 0, 0, -1, 0, 0, 0, 0, 0, -1, -1, 0, 1, 1, 0, 1, 0, 1, -1, 0, 1]
[0, -1, -2, -2, 3, 0, 0, 3, -1, 2, 1, -2, 0, -1, -1, 0, -1, -3, 2, 1, 0, -1]
[0, 0, 0, 0, 1, 0, 0, 2, -1, 1, -1, -1, -1, -1, -1, 0, -1, -2, 1, 1, 0, 0]
[0, -1, -2, -2, 1, 0, 0, 1, 0, 1, 1, -2, 1, 1, 1, 0, 1, -1, 2, -1, 0, 0]
[1, 0, 0, 0, 0, 1, -1, 2, -2, 1, 0, -2, 0, -1, -1, 0, 0, -2, 1, 1, 0, 0]
[-1, -1, -2, -2, 2, -1, 1, 1, 1, 1, 0, -1, 0, 1, 1, 0, 0, -1, 2, -1, 0, 0]
[1, 0, 0, 0, 0, 1, 0, 2, -1, 1, 0, -2, 0, -1, -1, 0, -1, -2, 1, 1, 1, -1]
[-1, -1, -2, -2, 2, -1, 0, 1, 0, 1, 0, -1, 0, 1, 1, 0, 1, -1, 2, -1, -1, 1]
[0, 0, -1, -1, 0, 0, 1, 0, 0, 0, 0, -1, 0, 1, 1, 0, 1, -1, 2, -1, 0, 1]
[0, -1, -1, -1, 2, 0, -1, 3, -1, 2, 0, -2, 0, -1, -1, 0, -1, -2, 1, 1, 0, -1]
[0, 0, 0, 0, -1, 0, 1, 0, 0, 0, -1, 0, 0, 1, 1, 0, 0, -1, 1, -1, 1, 0]
[0, -1, -2, -2, 3, 0, -1, 3, -1, 2, 1, -3, 0, -1, -1, 0, 0, -2, 2, 1, -1, 0]
[1, -1, -2, -1, 2, 0, 0, 3, -1, 2, 1, -3, 0, -1, -1, 0, 0, -3, 2, 1, -1, 0]
[-1, 0, 0, -1, 0, 0, 0, 0, 0, 0, -1, 0, 0, 1, 1, 0, 0, 0, 1, -1, 1, 0]
[0, 0, 0, -1, -1, 0, 0, 0, 0, 0, -1, 0, 0, 1, 1, 0, 0, -1, 1, -1, 0, 1]
[0, -1, -2, -1, 3, 0, 0, 3, -1, 2, 1, -3, 0, -1, -1, 0, 0, -2, 2, 1, 0, -1]
[0, 1, 3, 2, -2, 1, 0, 0, -2, -1, -2, 0, -1, -1, 0, 0, 0, -1, 0, 0, 1, -1]
[0, -2, -5, -4, 4, -1, 0, 3, 1, 3, 2, -3, 1, 1, 0, 0, 0, -2, 3, 0, -1, 1]
[0, 1, 1, 0, -1, 1, 0, 0, -1, 0, -1, -1, 0, -1, 0, 0, 0, -1, 1, 0, 1, 0]
[0, -2, -3, -2, 3, -1, 0, 3, 0, 2, 1, -2, 0, 1, 0, 0, 0, -2, 2, 0, -1, 0]
[0, 0, 0, 0, 0, 0, 0, 1, -1, 1, -1, -1, 0, -1, 0, 0, 0, -2, 1, 0, 0, 0]
[0, -1, -2, -2, 2, 0, 0, 2, 0, 1, 1, -2, 0, 1, 0, 0, 0, -1, 2, 0, 0, 0]
[0, 0, 0, 0, 0, 0, 0, 1, -1, 1, 0, -2, 0, -1, 0, 0, 1, -1, 1, 0, 0, 0]
[0, -1, -2, -2, 2, 0, 0, 2, 0, 1, 0, -1, 0, 1, 0, 0, -1, -2, 2, 0, 0, 0]
[0, 0, 0, 0, 1, 0, 0, 1, -1, 1, 0, -2, 0, -1, 0, 0, 0, -2, 2, 0, 0, 0]
[0, -1, -2, -2, 1, 0, 0, 2, 0, 1, 0, -1, 0, 1, 0, 0, 0, -1, 1, 0, 0, 0]
[0, 0, 0, 0, 0, 0, 0, 1, 0, 1, -1, -2, 0, -1, 0, 0, 0, -1, 1, 0, 0, 0]
[0, -1, -2, -2, 2, 0, 0, 2, -1, 1, 1, -1, 0, 1, 0, 0, 0, -2, 2, 0, 0, 0]
[1, -1, -3, -1, 2, 1, 0, 2, -1, 2, 1, -3, 1, 1, 1, 0, 0, -3, 3, 0, -1, 0]
[-1, 0, 1, -1, 0, -1, 0, 1, 0, 0, -1, 0, -1, -1, -1, 0, 0, 0, 0, 0, 1, 0]
[0, 0, 1, -1, 0, 0, -1, 1, -1, 0, 0, -1, 0, -1, -1, 0, 0, -1, 1, 0, 1, 0]
[0, -1, -3, -1, 2, 0, 1, 2, 0, 2, 0, -2, 0, 1, 1, 0, 0, -2, 2, 0, -1, 0]
[0, 0, 0, -1, 0, 0, 0, 1, -1, 0, 0, -1, 0, -1, -1, 0, 1, -1, 1, 0, 1, 0]
[0, -1, -2, -1, 2, 0, 0, 2, 0, 2, 0, -2, 0, 1, 1, 0, -1, -2, 2, 0, -1, 0]
[0, 0, 0, -1, 0, -1, 0, 1, 0, 1, 0, -1, 0, -1, -1, 0, 0, -1, 1, 0, 1, 1]
[0, -1, -2, -1, 2, 1, 0, 2, -1, 1, 0, -2, 0, 1, 1, 0, 0, -2, 2, 0, -1, -1]
[0, 0, 0, 0, 1, 0, 0, 2, -1, 1, 0, -1, -1, 0, 0, -1, -1, -2, 1, 1, 0, 0]
[0, -1, -2, -2, 1, 0, 0, 1, 0, 1, 0, -2, 1, 0, 0, 1, 1, -1, 2, -1, 0, 0]
[0, 0, 0, 0, -1, 0, 1, 0, 0, 0, -1, -1, 0, 0, 0, 1, 1, 0, 1, -1, 1, 0]
[0, -1, -2, -2, 3, 0, -1, 3, -1, 2, 1, -2, 0, 0, 0, -1, -1, -3, 2, 1, -1, 0]
[0, 0, -1, -1, 0, 0, 1, 0, 0, 0, -1, -1, 0, 0, 0, 1, 1, -1, 2, -1, 0, 1]
[0, -1, -1, -1, 2, 0, -1, 3, -1, 2, 1, -2, 0, 0, 0, -1, -1, -2, 1, 1, 0, -1]
[1, 0, 0, 0, 0, 1, -1, 2, -1, 1, 0, -2, 0, 0, 0, -1, -1, -2, 1, 1, 0, 0]
[-1, -1, -2, -2, 2, -1, 1, 1, 0, 1, 0, -1, 0, 0, 0, 1, 1, -1, 2, -1, 0, 0]
[0, 0, 0, -1, -1, 0, 0, 0, 0, 0, -1, -1, 0, 0, 0, 1, 1, 0, 1, -1, 0, 1]
[0, -1, -2, -1, 3, 0, 0, 3, -1, 2, 1, -2, 0, 0, 0, -1, -1, -3, 2, 1, 0, -1]
[0, 0, 0, -1, -1, 0, 1, 0, 0, 0, -1, 0, 0, 0, 0, 1, 0, -1, 1, -1, 1, 0]
[0, -1, -2, -1, 3, 0, -1, 3, -1, 2, 1, -3, 0, 0, 0, -1, 0, -2, 2, 1, -1, 0]
[0, 1, 3, 2, -2, 1, -1, 0, -2, -1, -2, 0, -1, 0, 1, -1, 0, -1, 0, 0, 0, 0]
[0, -2, -5, -4, 4, -1, 1, 3, 1, 3, 2, -3, 1, 0, -1, 1, 0, -2, 3, 0, 0, 0]
[0, 1, 2, 1, -2, 1, 0, 0, -1, -1, -2, 0, -1, 0, 1, -1, 0, -1, 0, 0, 0, 0]
[0, -2, -4, -3, 4, -1, 0, 3, 0, 3, 2, -3, 1, 0, -1, 1, 0, -2, 3, 0, 0, 0]
[0, 1, 3, 2, -2, 1, 0, 0, -1, -1, -2, 0, -1, 0, 1, -1, -1, -1, 0, 0, 1, -1]
[0, -2, -5, -4, 4, -1, 0, 3, 0, 3, 2, -3, 1, 0, -1, 1, 1, -2, 3, 0, -1, 1]
[0, 0, 1, 1, 0, 0, 0, 1, -1, 0, -1, -1, -1, 0, 1, -1, 0, -2, 1, 0, -1, 0]
[0, -1, -3, -3, 2, 0, 0, 2, 0, 2, 1, -2, 1, 0, -1, 1, 0, -1, 2, 0, 1, 0]
[0, 0, 0, 0, 0, 0, 0, 1, -1, 1, 0, -1, 0, 0, 1, -1, 0, -2, 1, 0, 0, 0]
[0, -1, -2, -2, 2, 0, 0, 2, 0, 1, 0, -2, 0, 0, -1, 1, 0, -1, 2, 0, 0, 0]
[0, 1, 1, 1, -1, 1, 0, 0, -1, 0, -1, -1, 0, 0, 1, -1, 0, -1, 1, 0, 1, 0]
[0, -2, -3, -3, 3, -1, 0, 3, 0, 2, 1, -2, 0, 0, -1, 1, 0, -2, 2, 0, -1, 0]
[0, 0, 0, 0, 0, 0, 0, 1, 0, 1, -1, -1, 0, 0, 1, -1, -1, -2, 1, 0, 0, 0]
[0, -1, -2, -2, 2, 0, 0, 2, -1, 1, 1, -2, 0, 0, -1, 1, 1, -1, 2, 0, 0, 0]
[0, 0, 0, 0, 0, 0, 0, 1, 0, 1, 0, -2, 0, 0, 1, -1, 0, -1, 1, 0, 0, 0]
[0, -1, -2, -2, 2, 0, 0, 2, -1, 1, 0, -1, 0, 0, -1, 1, 0, -2, 2, 0, 0, 0]
[1, -1, -3, -1, 2, 1, 0, 2, -1, 2, 1, -4, 1, 0, 0, 1, 1, -2, 3, 0, -1, 0]
[-1, 0, 1, -1, 0, -1, 0, 1, 0, 0, -1, 1, -1, 0, 0, -1, -1, -1, 0, 0, 1, 0]
[0, 0, 2, 0, -1, 0, -1, 1, -1, -1, -1, 0, -1, 0, 0, -1, 0, -1, 0, 0, 0, 0]
[0, -1, -4, -2, 3, 0, 1, 2, 0, 3, 1, -3, 1, 0, 0, 1, 0, -2, 3, 0, 0, 0]
[1, -1, -3, -1, 2, 1, 1, 2, -1, 2, 1, -3, 1, 0, 0, 1, 0, -3, 3, 0, 0, -1]
[-1, 0, 1, -1, 0, -1, -1, 1, 0, 0, -1, 0, -1, 0, 0, -1, 0, 0, 0, 0, 0, 1]
[0, 0, 1, 0, -1, -1, 0, 1, 0, 0, -1, 0, -1, 0, 0, -1, 0, -1, 0, 0, 0, 1]
[0, -1, -3, -2, 3, 1, 0, 2, -1, 2, 1, -3, 1, 0, 0, 1, 0, -2, 3, 0, 0, -1]
[1, -1, -2, -1, 1, 1, 0, 2, -1, 2, 1, -3, 1, 0, 0, 1, 0, -2, 2, 0, 0, -1]
[-1, 0, 0, -1, 1, -1, 0, 1, 0, 0, -1, 0, -1, 0, 0, -1, 0, -1, 1, 0, 0, 1]
[0, 0, 0, -1, 0, 0, -1, 1, -1, 0, 0, -1, 0, 0, 0, -1, 1, -1, 1, 0, 0, 1]
[0, -1, -2, -1, 2, 0, 1, 2, 0, 2, 0, -2, 0, 0, 0, 1, -1, -2, 2, 0, 0, -1]
[1, -1, -3, -2, 2, 1, 0, 2, -1, 2, 1, -3, 1, 0, 0, 1, 0, -3, 3, 0, -1, 0]
[-1, 0, 1, 0, 0, -1, 0, 1, 0, 0, -1, 0, -1, 0, 0, -1, 0, 0, 0, 0, 1, 0]
[0, 0, 1, 0, 0, 0, -1, 1, -1, 0, 0, -1, 0, 0, 0, -1, 0, -1, 1, 0, 1, 0]
[0, -1, -3, -2, 2, 0, 1, 2, 0, 2, 0, -2, 0, 0, 0, 1, 0, -2, 2, 0, -1, 0]
[0, 0, 0, -1, 0, 0, 0, 1, 0, 0, 0, -1, 0, 0, 0, -1, 0, -1, 1, 0, 1, 0]
[0, -1, -2, -1, 2, 0, 0, 2, -1, 2, 0, -2, 0, 0, 0, 1, 0, -2, 2, 0, -1, 0]
[1, 0, -1, 0, 0, 1, 1, 1, -1, 1, 0, -2, 0, 0, 0, 1, 0, -2, 2, 0, 0, 0]
[-1, -1, -1, -2, 2, -1, -1, 2, 0, 1, 0, -1, 0, 0, 0, -1, 0, -1, 1, 0, 0, 0]
[1, -2, -5, -3, 4, 0, 0, 4, 0, 4, 2, -4, 1, 0, -1, 1, -1, -3, 3, 1, -1, 0]
[-1, 1, 3, 1, -2, 0, 0, -1, -1, -2, -2, 1, -1, 0, 1, -1, 1, 0, 0, -1, 1, 0]
[1, -2, -5, -3, 4, 1, 0, 4, -1, 3, 2, -4, 1, 0, -1, 1, 0, -3, 3, 1, -1, -1]
[-1, 1, 3, 1, -2, -1, 0, -1, 0, -1, -2, 1, -1, 0, 1, -1, 0, 0, 0, -1, 1, 1]
[1, 0, -1, 0, 1, 2, 0, 2, -2, 1, 0, -2, 0, 0, 0, 0, -1, -3, 2, 1, 0, -1]
[-1, -1, -1, -2, 1, -2, 0, 1, 1, 1, 0, -1, 0, 0, 0, 0, 1, 0, 1, -1, 0, 1]
[1, -1, -2, -1, 2, 1, 0, 3, -1, 2, 1, -3, 0, 0, 0, 0, -1, -3, 2, 1, -1, -1]
[-1, 0, 0, -1, 0, -1, 0, 0, 0, 0, -1, 0, 0, 0, 0, 0, 1, 0, 1, -1, 1, 1]
[1, -1, -2, 0, 2, 1, 0, 3, -2, 2, 1, -3, 0, 0, 0, 0, 0, -3, 2, 1, -1, -1]
[-1, 0, 0, -2, 0, -1, 0, 0, 1, 0, -1, 0, 0, 0, 0, 0, 0, 0, 1, -1, 1, 1]
[1, -1, -2, 0, 2, 1, 0, 3, -1, 2, 0, -3, 0, 0, 0, 0, -1, -3, 2, 1, -1, -1]
[-1, 0, 0, -2, 0, -1, 0, 0, 0, 0, 0, 0, 0, 0, 0, 0, 1, 0, 1, -1, 1, 1]
[1, -1, -3, -1, 2, 1, 0, 3, -1, 3, 1, -3, 1, 0, 0, 0, -1, -3, 2, 1, 0, -1]
[-1, 0, 1, -1, 0, -1, 0, 0, 0, -1, -1, 0, -1, 0, 0, 0, 1, 0, 1, -1, 0, 1]
[1, -1, -4, -2, 3, 1, 0, 3, -1, 3, 2, -4, 1, 0, 0, 0, 0, -3, 3, 1, -1, 0]
[-1, 0, 2, 0, -1, -1, 0, 0, 0, -1, -2, 1, -1, 0, 0, 0, 0, 0, 0, -1, 1, 0]
[1, -1, -3, -1, 3, 1, 0, 3, -1, 3, 2, -4, 1, 0, 0, 0, -1, -3, 3, 1, 0, -1]
[-1, 0, 1, -1, -1, -1, 0, 0, 0, -1, -2, 1, -1, 0, 0, 0, 1, 0, 0, -1, 0, 1]
[0, 1, 3, 1, -3, 0, 0, -1, -1, -2, -2, 1, -1, 0, 0, 0, 1, 0, 0, -1, 1, 1]
[0, -2, -5, -3, 5, 0, 0, 4, 0, 4, 2, -4, 1, 0, 0, 0, -1, -3, 3, 1, -1, -1]
[0, 0, 0, 0, 0, 1, 0, 1, -1, 1, -1, -1, 0, 0, 1, 0, -1, -2, 1, 0, 0, -1]
[0, -1, -2, -2, 2, -1, 0, 2, 0, 1, 1, -2, 0, 0, -1, 0, 1, -1, 2, 0, 0, 1]
[0, 0, -1, 0, 1, 1, 1, 1, -1, 1, 0, -2, 0, 0, 1, 0, 0, -2, 2, 0, 0, -1]
[0, -1, -1, -2, 1, -1, -1, 2, 0, 1, 0, -1, 0, 0, -1, 0, 0, -1, 1, 0, 0, 1]
[1, 0, 0, 1, -1, 1, 0, 1, -1, 1, -1, -2, 0, 0, 1, 0, 0, -2, 1, 0, -1, 0]
[-1, -1, -2, -3, 3, -1, 0, 2, 0, 1, 1, -1, 0, 0, -1, 0, 0, -1, 2, 0, 1, 0]
[0, 0, -1, 0, 1, 1, 0, 1, -1, 1, -1, -2, 0, 0, 1, 0, 0, -2, 2, 0, -1, 0]
[0, -1, -1, -2, 1, -1, 0, 2, 0, 1, 1, -1, 0, 0, -1, 0, 0, -1, 1, 0, 1, 0]
[0, 0, 0, 1, 0, 1, 0, 1, -1, 1, -1, -2, 0, 0, 1, 0, 0, -1, 1, 0, 0, -1]
[0, -1, -2, -3, 2, -1, 0, 2, 0, 1, 1, -1, 0, 0, -1, 0, 0, -2, 2, 0, 0, 1]
[1, 0, -1, 0, 0, 2, 0, 1, -1, 1, 0, -3, 1, 0, 1, 0, 0, -2, 2, 0, 0, -1]
[-1, -1, -1, -2, 2, -2, 0, 2, 0, 1, 0, 0, -1, 0, -1, 0, 0, -1, 1, 0, 0, 1]
[0, 0, -1, -1, 0, 0, 0, 0, 0, 1, 0, -2, 1, 0, 1, 0, 1, -1, 2, -1, 0, 1]
[0, -1, -1, -1, 2, 0, 0, 3, -1, 1, 0, -1, -1, 0, -1, 0, -1, -2, 1, 1, 0, -1]
[0, 0, 0, 0, -1, 0, 1, 0, 0, 0, -1, -1, 0, 0, 1, 0, 1, -1, 1, -1, 0, 0]
[0, -1, -2, -2, 3, 0, -1, 3, -1, 2, 1, -2, 0, 0, -1, 0, -1, -2, 2, 1, 0, 0]
[0, 0, 1, 1, -1, 0, 0, 0, -1, 0, -1, -1, 0, 0, 1, 0, 1, -1, 1, -1, 0, 0]
[0, -1, -3, -3, 3, 0, 0, 3, 0, 2, 1, -2, 0, 0, -1, 0, -1, -2, 2, 1, 0, 0]
[1, -1, -2, -1, 2, 0, 0, 3, -1, 2, 1, -2, 0, 0, -1, 0, -1, -3, 2, 1, 0, 0]
[-1, 0, 0, -1, 0, 0, 0, 0, 0, 0, -1, -1, 0, 0, 1, 0, 1, 0, 1, -1, 0, 0]
[0, 0, 1, 0, -1, 0, 0, 0, 0, 0, -1, -1, 0, 0, 1, 0, 0, -1, 1, -1, 0, 0]
[0, -1, -3, -2, 3, 0, 0, 3, -1, 2, 1, -2, 0, 0, -1, 0, 0, -2, 2, 1, 0, 0]
[0, 1, 2, 1, -2, 1, 0, -1, -1, -1, -1, -1, 0, 0, 1, 0, 1, 0, 1, -1, 1, 0]
[0, -2, -4, -3, 4, -1, 0, 4, 0, 3, 1, -2, 0, 0, -1, 0, -1, -3, 2, 1, -1, 0]
[0, 1, 2, 1, -2, 1, 0, -1, -1, -1, -2, 0, 0, 0, 1, 0, 0, -1, 1, -1, 1, 0]
[0, -2, -4, -3, 4, -1, 0, 4, 0, 3, 2, -3, 0, 0, -1, 0, 0, -2, 2, 1, -1, 0]
[0, 1, 2, 1, -3, 1, 0, -1, -1, -1, -2, 0, 0, 0, 1, 0, 1, 0, 0, -1, 1, 0]
[0, -2, -4, -3, 5, -1, 0, 4, 0, 3, 2, -3, 0, 0, -1, 0, -1, -3, 3, 1, -1, 0]
[0, 1, 3, 2, -3, 1, 0, -1, -1, -2, -3, 0, -1, 0, 1, 0, 1, 0, 0, -1, 0, 0]
[0, -2, -5, -4, 5, -1, 0, 4, 0, 4, 3, -3, 1, 0, -1, 0, -1, -3, 3, 1, 0, 0]
[1, -2, -4, -3, 4, 0, -1, 4, -1, 3, 3, -4, 1, 0, -1, 0, 0, -3, 3, 1, -1, 0]
[-1, 1, 2, 1, -2, 0, 1, -1, 0, -1, -3, 1, -1, 0, 1, 0, 0, 0, 0, -1, 1, 0]
[0, 0, 1, 0, -1, 0, 0, 1, -1, 0, -1, 0, -1, 0, 0, 0, 0, -1, 0, 0, 0, 0]
[0, -1, -3, -2, 3, 0, 0, 2, 0, 2, 1, -3, 1, 0, 0, 0, 0, -2, 3, 0, 0, 0]
[0, 0, 1, 0, 0, 0, 0, 1, -1, 0, -1, 0, -1, 0, 0, 0, -1, -2, 1, 0, 0, 0]
[0, -1, -3, -2, 2, 0, 0, 2, 0, 2, 1, -3, 1, 0, 0, 0, 1, -1, 2, 0, 0, 0]
[1, -1, -2, -1, 1, 0, 0, 2, 0, 2, 1, -3, 1, 0, 0, 0, 0, -2, 2, 0, 0, 0]
[-1, 0, 0, -1, 1, 0, 0, 1, -1, 0, -1, 0, -1, 0, 0, 0, 0, -1, 1, 0, 0, 0]
[0, 0, 0, -1, 0, 1, 0, 1, -1, 0, 0, -1, 0, 0, 0, 0, 0, -1, 1, 0, 1, -1]
[0, -1, -2, -1, 2, -1, 0, 2, 0, 2, 0, -2, 0, 0, 0, 0, 0, -2, 2, 0, -1, 1]
[0, 1, 2, 1, -2, 1, 0, 0, -1, -1, -2, 0, -1, 0, 0, 0, 0, 0, 0, 0, 1, 0]
[0, -2, -4, -3, 4, -1, 0, 3, 0, 3, 2, -3, 1, 0, 0, 0, 0, -3, 3, 0, -1, 0]
[0, 0, 1, 0, -1, 0, 0, 1, 0, 0, -2, 0, -1, 0, 0, 0, -1, -1, 0, 0, 0, 0]
[0, -1, -3, -2, 3, 0, 0, 2, -1, 2, 2, -3, 1, 0, 0, 0, 1, -2, 3, 0, 0, 0]
[0, 0, 0, -1, 0, 1, -1, 1, -1, 0, -1, -1, 0, 0, 0, 0, 0, -1, 1, 0, 0, 0]
[0, -1, -2, -1, 2, -1, 1, 2, 0, 2, 1, -2, 0, 0, 0, 0, 0, -2, 2, 0, 0, 0]
[0, 0, 0, -1, 0, 0, 0, 1, 0, 1, 0, -1, 0, 0, 0, 0, -1, -1, 1, 0, 1, 0]
[0, -1, -2, -1, 2, 0, 0, 2, -1, 1, 0, -2, 0, 0, 0, 0, 1, -2, 2, 0, -1, 0]
[0, 0, 0, 0, 0, 0, 1, 1, -1, 0, -1, 0, -1, 0, 0, 0, 0, -2, 1, 0, 0, 0]
[0, -1, -2, -2, 2, 0, -1, 2, 0, 2, 1, -3, 1, 0, 0, 0, 0, -1, 2, 0, 0, 0]
[0, 0, -1, -1, 1, 0, 0, 1, 0, 1, 0, -2, 0, 0, 0, 0, 0, -1, 2, 0, 0, 1]
[0, -1, -1, -1, 1, 0, 0, 2, -1, 1, 0, -1, 0, 0, 0, 0, 0, -2, 1, 0, 0, -1]
[0, 0, 0, 0, 0, 0, 0, 1, 0, 1, -1, -1, 0, 0, 0, 0, -1, -1, 1, 0, 1, 0]
[0, -1, -2, -2, 2, 0, 0, 2, -1, 1, 1, -2, 0, 0, 0, 0, 1, -2, 2, 0, -1, 0]
[0, 0, -1, -1, 0, 0, 0, 1, 0, 1, -1, -1, 0, 0, 0, 0, 0, -1, 1, 0, 0, 1]
[0, -1, -1, -1, 2, 0, 0, 2, -1, 1, 1, -2, 0, 0, 0, 0, 0, -2, 2, 0, 0, -1]
[0, 0, 1, 1, -1, 0, 0, 1, -1, 0, -2, 0, -1, 0, 0, 0, 0, -1, 0, 0, 0, 0]
[0, -1, -3, -3, 3, 0, 0, 2, 0, 2, 2, -3, 1, 0, 0, 0, 0, -2, 3, 0, 0, 0]
[1, 0, 0, 0, -1, 1, 0, 1, -1, 0, -1, -1, 0, 0, 0, 0, 0, -2, 1, 0, 0, 0]
[-1, -1, -2, -2, 3, -1, 0, 2, 0, 2, 1, -2, 0, 0, 0, 0, 0, -1, 2, 0, 0, 0]
[0, 0, 0, 0, 0, 1, 0, 1, -1, 0, -1, -1, 0, 0, 0, 0, 0, -1, 1, 0, 1, -1]
[0, -1, -2, -2, 2, -1, 0, 2, 0, 2, 1, -2, 0, 0, 0, 0, 0, -2, 2, 0, -1, 1]
[0, 0, 0, 0, 0, 0, 0, 1, -1, 0, -1, -1, -1, 0, 0, 0, 1, -1, 1, 0, -1, 1]
[0, -1, -2, -2, 2, 0, 0, 2, 0, 2, 1, -2, 1, 0, 0, 0, -1, -2, 2, 0, 1, -1]
[0, 0, -1, -1, 1, 0, 0, 1, -1, 1, 0, -1, 0, 0, 0, 0, 0, -2, 2, 0, 0, 1]
[0, -1, -1, -1, 1, 0, 0, 2, 0, 1, 0, -2, 0, 0, 0, 0, 0, -1, 1, 0, 0, -1]
[0, 0, 1, 1, 0, 0, 0, 1, -1, 0, -1, -1, -1, 0, 0, 0, 0, -1, 1, 0, 0, 0]
[0, -1, -3, -3, 2, 0, 0, 2, 0, 2, 1, -2, 1, 0, 0, 0, 0, -2, 2, 0, 0, 0]
[0, 0, 0, 0, 0, 0, 0, 1, -1, 1, 0, -1, 0, 0, 0, 0, 0, -1, 1, 0, 1, 0]
[0, -1, -2, -2, 2, 0, 0, 2, 0, 1, 0, -2, 0, 0, 0, 0, 0, -2, 2, 0, -1, 0]
[0, 0, 0, 0, 0, 0, 1, 1, 0, 0, -1, -1, -1, 0, 0, 0, 0, -1, 1, 0, 0, 0]
[0, -1, -2, -2, 2, 0, -1, 2, -1, 2, 1, -2, 1, 0, 0, 0, 0, -2, 2, 0, 0, 0]
[1, 0, -1, -1, 0, 1, 0, 1, -1, 1, 1, -2, 1, 0, 0, 0, 0, -2, 2, 0, 1, 0]
[-1, -1, -1, -1, 2, -1, 0, 2, 0, 1, -1, -1, -1, 0, 0, 0, 0, -1, 1, 0, -1, 0]
[0, 0, -1, -1, 0, 0, 1, 1, 0, 1, 0, -1, 0, 0, 0, 0, 0, -1, 1, 0, 1, 0]
[0, -1, -1, -1, 2, 0, -1, 2, -1, 1, 0, -2, 0, 0, 0, 0, 0, -2, 2, 0, -1, 0]
[0, 0, -1, -1, 1, 0, 1, 1, 0, 1, 0, -1, 0, 0, 0, 0, -1, -2, 2, 0, 1, 0]
[0, -1, -1, -1, 1, 0, -1, 2, -1, 1, 0, -2, 0, 0, 0, 0, 1, -1, 1, 0, -1, 0]
[1, 0, 0, 0, -1, 1, 0, 1, -1, 0, 0, -2, 0, 0, 0, 0, 1, -1, 1, 0, 0, 0]
[-1, -1, -2, -2, 3, -1, 0, 2, 0, 2, 0, -1, 0, 0, 0, 0, -1, -2, 2, 0, 0, 0]
[0, 0, -1, -1, 1, 1, 0, 1, -1, 0, 0, -2, 0, 0, 0, 0, 1, -1, 2, 0, 0, 0]
[0, -1, -1, -1, 1, -1, 0, 2, 0, 2, 0, -1, 0, 0, 0, 0, -1, -2, 1, 0, 0, 0]
[1, 0, 0, 0, 0, 1, 0, 1, -1, 0, 0, -2, 0, 0, 0, 0, 0, -2, 2, 0, 0, 0]
[-1, -1, -2, -2, 2, -1, 0, 2, 0, 2, 0, -1, 0, 0, 0, 0, 0, -1, 1, 0, 0, 0]

################
# DISCRIMINANT #
################

We did not manage to compute the discriminant.
The restriction of the discriminant to the line we chose had 4 components of degree 1, 1 component of degree 2, and 2 components of degree 5.
The equation of the line we chose is:
(57*x^4 + 57*x^3*y + 51*x^2*y^2 + 29*x*y^3 + 5*y^4 + 57*x^3*z + 23*x^2*y*z + 5*x*y^2*z + 3*y^3*z + 51*x^2*z^2 + 5*x*y*z^2 + 7*y^2*z^2 + 29*x*z^3 + 3*y*z^3 + 5*z^4 + 57*x^3*w + 23*x^2*y*w + 5*x*y^2*w + 3*y^3*w + 23*x^2*z*w + 13*x*y*z*w - 9*y^2*z*w + 5*x*z^2*w - 9*y*z^2*w + 3*z^3*w + 51*x^2*w^2 + 5*x*y*w^2 + 7*y^2*w^2 + 5*x*z*w^2 - 9*y*z*w^2 + 7*z^2*w^2 + 29*x*w^3 + 3*y*w^3 + 3*z*w^3 + 5*w^4)*t + 548*x^4 + 548*x^3*y - 57*x^2*y^2 - 296*x*y^3 - 89*y^4 + 548*x^3*z + 586*x^2*y*z + 258*x*y^2*z + 20*y^3*z - 57*x^2*z^2 + 258*x*y*z^2 + 95*y^2*z^2 - 296*x*z^3 + 20*y*z^3 - 89*z^4 + 548*x^3*w + 586*x^2*y*w + 258*x*y^2*w + 20*y^3*w + 586*x^2*z*w + 70*x*y*z*w + 4*y^2*z*w + 258*x*z^2*w + 4*y*z^2*w + 20*z^3*w - 57*x^2*w^2 + 258*x*y*w^2 + 95*y^2*w^2 + 258*x*z*w^2 + 4*y*z*w^2 + 95*z^2*w^2 - 296*x*w^3 + 20*y*w^3 + 20*z*w^3 - 89*w^4

#############
# MONODROMY #
#############


Generators of the monodromy group on the second homology group:
[[-2, 0, 0, 1, -2, 0, 1, 1, 0, 0, 0, 1, 3, 1, -3, -2, -1, 1, 3, 0, -2, -1], [2, 3, 0, -2, 2, 0, 0, -2, 0, 0, 0, -2, -2, 0, 0, 0, 0, -2, -4, -2, 0, 0], [5, 5, 1, -5, 5, 0, 0, -5, 0, 0, 0, -5, -5, 0, 0, 0, 0, -5, -10, -5, 0, 0], [1, 4, 0, -2, 2, 0, 1, -3, 0, 0, 0, -3, -1, 1, -3, -2, -1, -3, -5, -4, -2, -1], [-2, -5, 0, 4, -2, 0, -1, 4, 0, 0, 0, 4, 2, -1, 3, 2, 1, 4, 7, 5, 2, 1], [-2, 1, 0, 0, -1, 1, 1, 0, 0, 0, 0, 0, 2, 1, -3, -2, -1, 0, 1, -1, -2, -1], [0, 0, 0, 0, 0, 0, 1, 0, 0, 0, 0, 0, 0, 0, 0, 0, 0, 0, 0, 0, 0, 0], [-3, -3, 0, 3, -3, 0, 0, 4, 0, 0, 0, 3, 3, 0, 0, 0, 0, 3, 6, 3, 0, 0], [2, -1, 0, 0, 1, 0, -1, 0, 1, 0, 0, 0, -2, -1, 3, 2, 1, 0, -1, 1, 2, 1], [-3, -3, 0, 3, -3, 0, 0, 3, 0, 1, 0, 3, 3, 0, 0, 0, 0, 3, 6, 3, 0, 0], [-3, -3, 0, 3, -3, 0, 0, 3, 0, 0, 1, 3, 3, 0, 0, 0, 0, 3, 6, 3, 0, 0], [5, 2, 0, -3, 4, 0, -1, -3, 0, 0, 0, -2, -5, -1, 3, 2, 1, -3, -7, -2, 2, 1], [-1, -1, 0, 1, -1, 0, 0, 1, 0, 0, 0, 1, 2, 0, 0, 0, 0, 1, 2, 1, 0, 0], [0, 0, 0, 0, 0, 0, 0, 0, 0, 0, 0, 0, 0, 1, 0, 0, 0, 0, 0, 0, 0, 0], [1, 1, 0, -1, 1, 0, 0, -1, 0, 0, 0, -1, -1, 0, 1, 0, 0, -1, -2, -1, 0, 0], [1, -1, 0, 0, 1, 0, 0, -1, 0, 0, -1, 0, 0, 0, 0, 0, 0, 0, 0, 0, 1, 0], [-2, 1, 0, 0, -1, 0, 1, 0, 0, 0, 0, 0, 2, 1, -3, -2, 0, 0, 1, -1, -2, -1], [2, 2, 0, -2, 2, 0, 0, -2, 0, 0, 0, -2, -2, 0, 0, 0, 0, -1, -4, -2, 0, 0], [-2, -2, 0, 2, -2, 0, 0, 2, 0, 0, 0, 2, 2, 0, 0, 0, 0, 2, 5, 2, 0, 0], [-1, -1, 0, 1, -1, 0, 0, 1, 0, 0, 0, 1, 1, 0, 0, 0, 0, 1, 2, 2, 0, 0], [0, 2, 0, -1, 0, 0, 0, 0, 0, 0, 1, -1, -1, 0, 0, 1, 0, -1, -2, -1, 0, 0], [0, 0, 0, 0, 0, 0, 0, 0, 0, 0, 0, 0, 0, 0, 0, 0, 0, 0, 0, 0, 0, 1]]
[[1, 0, 0, 0, 0, 0, 0, 0, 0, 0, 0, 0, 0, 0, 0, 0, 0, 0, 0, 0, 0, 0], [0, 1, 0, 0, 0, 0, 0, 0, 0, 0, 0, 0, 0, 0, 0, 0, 0, 0, 0, 0, 0, 0], [0, 0, 1, 0, 0, 0, 0, 0, 0, 0, 0, 0, 0, 0, 0, 0, 0, 0, 0, 0, 0, 0], [0, 0, 0, 1, 0, 0, 0, 0, 0, 0, 0, 0, 0, 0, 0, 0, 0, 0, 0, 0, 0, 0], [0, 0, 0, 0, 1, 0, 0, 0, 0, 0, 0, 0, 0, 0, 0, 0, 0, 0, 0, 0, 0, 0], [0, 0, 0, 0, 0, 1, 0, 0, 0, 0, 0, 0, 0, 0, 0, 0, 0, 0, 0, 0, 0, 0], [0, 0, 0, 0, 0, 0, 1, 0, 0, 0, 0, 0, 0, 0, 0, 0, 0, 0, 0, 0, 0, 0], [0, 0, 0, 0, 0, 0, 0, 1, 0, 0, 0, 0, 0, 0, 0, 0, 0, 0, 0, 0, 0, 0], [0, 0, 0, 0, 0, 0, 0, 0, 1, 0, 0, 0, 0, 0, 0, 0, 0, 0, 0, 0, 0, 0], [0, 0, 0, 0, 0, 0, 0, 0, 0, 1, 0, 0, 0, 0, 0, 0, 0, 0, 0, 0, 0, 0], [0, 0, 0, 0, 0, 0, 0, 0, 0, 0, 1, 0, 0, 0, 0, 0, 0, 0, 0, 0, 0, 0], [0, 0, 0, 0, 0, 0, 0, 0, 0, 0, 0, 1, 0, 0, 0, 0, 0, 0, 0, 0, 0, 0], [0, 0, 0, 0, 0, 0, 0, 0, 0, 0, 0, 0, 1, 0, 0, 0, 0, 0, 0, 0, 0, 0], [0, 0, 0, 0, 0, 0, 0, 0, 0, 0, 0, 0, 0, 1, 0, 0, 0, 0, 0, 0, 0, 0], [0, 0, 0, 0, 0, 0, 0, 0, 0, 0, 0, 0, 0, 0, 1, 0, 0, 0, 0, 0, 0, 0], [0, 0, 0, 0, 0, 0, 0, 0, 0, 0, 0, 0, 0, 0, 0, 1, 0, 0, 0, 0, 0, 0], [0, 0, 0, 0, 0, 0, 0, 0, 0, 0, 0, 0, 0, 0, 0, 0, 1, 0, 0, 0, 0, 0], [0, 0, 0, 0, 0, 0, 0, 0, 0, 0, 0, 0, 0, 0, 0, 0, 0, 1, 0, 0, 0, 0], [0, 0, 0, 0, 0, 0, 0, 0, 0, 0, 0, 0, 0, 0, 0, 0, 0, 0, 1, 0, 0, 0], [0, 0, 0, 0, 0, 0, 0, 0, 0, 0, 0, 0, 0, 0, 0, 0, 0, 0, 0, 1, 0, 0], [0, 0, 0, 0, 0, 0, 0, 0, 0, 0, 0, 0, 0, 0, 0, 0, 0, 0, 0, 0, 1, 0], [0, 0, 0, 0, 0, 0, 0, 0, 0, 0, 0, 0, 0, 0, 0, 0, 0, 0, 0, 0, 0, 1]]
[[1, 0, 0, 0, 0, 0, 0, 0, 0, 0, 0, 0, 0, 0, 0, 0, 0, 0, 0, 0, 0, 0], [0, 1, 0, 0, 0, 0, 0, 0, 0, 0, 0, 0, 0, 0, 0, 0, 0, 0, 0, 0, 0, 0], [0, 0, 1, 0, 0, 0, 0, 0, 0, 0, 0, 0, 0, 0, 0, 0, 0, 0, 0, 0, 0, 0], [0, 0, 0, 1, 0, 0, 0, 0, 0, 0, 0, 0, 0, 0, 0, 0, 0, 0, 0, 0, 0, 0], [0, 0, 0, 0, 1, 0, 0, 0, 0, 0, 0, 0, 0, 0, 0, 0, 0, 0, 0, 0, 0, 0], [0, 0, 0, 0, 0, 1, 0, 0, 0, 0, 0, 0, 0, 0, 0, 0, 0, 0, 0, 0, 0, 0], [0, 0, 0, 0, 0, 0, 1, 0, 0, 0, 0, 0, 0, 0, 0, 0, 0, 0, 0, 0, 0, 0], [0, 0, 0, 0, 0, 0, 0, 1, 0, 0, 0, 0, 0, 0, 0, 0, 0, 0, 0, 0, 0, 0], [0, 0, 0, 0, 0, 0, 0, 0, 1, 0, 0, 0, 0, 0, 0, 0, 0, 0, 0, 0, 0, 0], [0, 0, 0, 0, 0, 0, 0, 0, 0, 1, 0, 0, 0, 0, 0, 0, 0, 0, 0, 0, 0, 0], [0, 0, 0, 0, 0, 0, 0, 0, 0, 0, 1, 0, 0, 0, 0, 0, 0, 0, 0, 0, 0, 0], [0, 0, 0, 0, 0, 0, 0, 0, 0, 0, 0, 1, 0, 0, 0, 0, 0, 0, 0, 0, 0, 0], [0, 0, 0, 0, 0, 0, 0, 0, 0, 0, 0, 0, 1, 0, 0, 0, 0, 0, 0, 0, 0, 0], [0, 0, 0, 0, 0, 0, 0, 0, 0, 0, 0, 0, 0, 1, 0, 0, 0, 0, 0, 0, 0, 0], [0, 0, 0, 0, 0, 0, 0, 0, 0, 0, 0, 0, 0, 0, 1, 0, 0, 0, 0, 0, 0, 0], [0, 0, 0, 0, 0, 0, 0, 0, 0, 0, 0, 0, 0, 0, 0, 1, 0, 0, 0, 0, 0, 0], [0, 0, 0, 0, 0, 0, 0, 0, 0, 0, 0, 0, 0, 0, 0, 0, 1, 0, 0, 0, 0, 0], [0, 0, 0, 0, 0, 0, 0, 0, 0, 0, 0, 0, 0, 0, 0, 0, 0, 1, 0, 0, 0, 0], [0, 0, 0, 0, 0, 0, 0, 0, 0, 0, 0, 0, 0, 0, 0, 0, 0, 0, 1, 0, 0, 0], [0, 0, 0, 0, 0, 0, 0, 0, 0, 0, 0, 0, 0, 0, 0, 0, 0, 0, 0, 1, 0, 0], [0, 0, 0, 0, 0, 0, 0, 0, 0, 0, 0, 0, 0, 0, 0, 0, 0, 0, 0, 0, 1, 0], [0, 0, 0, 0, 0, 0, 0, 0, 0, 0, 0, 0, 0, 0, 0, 0, 0, 0, 0, 0, 0, 1]]
[[1, 0, 0, 0, 0, 0, 0, 0, 0, 0, 0, 0, 0, 0, 0, 0, 0, 0, 0, 0, 0, 0], [0, 1, 0, 0, 0, 0, 0, 0, 0, 0, 0, 0, 0, 0, 0, 0, 0, 0, 0, 0, 0, 0], [0, 0, 1, 0, 0, 0, 0, 0, 0, 0, 0, 0, 0, 0, 0, 0, 0, 0, 0, 0, 0, 0], [0, 0, 0, 1, 0, 0, 0, 0, 0, 0, 0, 0, 0, 0, 0, 0, 0, 0, 0, 0, 0, 0], [0, 0, 0, 0, 1, 0, 0, 0, 0, 0, 0, 0, 0, 0, 0, 0, 0, 0, 0, 0, 0, 0], [0, 0, 0, 0, 0, 1, 0, 0, 0, 0, 0, 0, 0, 0, 0, 0, 0, 0, 0, 0, 0, 0], [0, 0, 0, 0, 0, 0, 1, 0, 0, 0, 0, 0, 0, 0, 0, 0, 0, 0, 0, 0, 0, 0], [0, 0, 0, 0, 0, 0, 0, 1, 0, 0, 0, 0, 0, 0, 0, 0, 0, 0, 0, 0, 0, 0], [0, 0, 0, 0, 0, 0, 0, 0, 1, 0, 0, 0, 0, 0, 0, 0, 0, 0, 0, 0, 0, 0], [0, 0, 0, 0, 0, 0, 0, 0, 0, 1, 0, 0, 0, 0, 0, 0, 0, 0, 0, 0, 0, 0], [0, 0, 0, 0, 0, 0, 0, 0, 0, 0, 1, 0, 0, 0, 0, 0, 0, 0, 0, 0, 0, 0], [0, 0, 0, 0, 0, 0, 0, 0, 0, 0, 0, 1, 0, 0, 0, 0, 0, 0, 0, 0, 0, 0], [0, 0, 0, 0, 0, 0, 0, 0, 0, 0, 0, 0, 1, 0, 0, 0, 0, 0, 0, 0, 0, 0], [0, 0, 0, 0, 0, 0, 0, 0, 0, 0, 0, 0, 0, 1, 0, 0, 0, 0, 0, 0, 0, 0], [0, 0, 0, 0, 0, 0, 0, 0, 0, 0, 0, 0, 0, 0, 1, 0, 0, 0, 0, 0, 0, 0], [0, 0, 0, 0, 0, 0, 0, 0, 0, 0, 0, 0, 0, 0, 0, 1, 0, 0, 0, 0, 0, 0], [0, 0, 0, 0, 0, 0, 0, 0, 0, 0, 0, 0, 0, 0, 0, 0, 1, 0, 0, 0, 0, 0], [0, 0, 0, 0, 0, 0, 0, 0, 0, 0, 0, 0, 0, 0, 0, 0, 0, 1, 0, 0, 0, 0], [0, 0, 0, 0, 0, 0, 0, 0, 0, 0, 0, 0, 0, 0, 0, 0, 0, 0, 1, 0, 0, 0], [0, 0, 0, 0, 0, 0, 0, 0, 0, 0, 0, 0, 0, 0, 0, 0, 0, 0, 0, 1, 0, 0], [0, 0, 0, 0, 0, 0, 0, 0, 0, 0, 0, 0, 0, 0, 0, 0, 0, 0, 0, 0, 1, 0], [0, 0, 0, 0, 0, 0, 0, 0, 0, 0, 0, 0, 0, 0, 0, 0, 0, 0, 0, 0, 0, 1]]
[[1, 0, 0, 0, 0, 0, 0, 0, 0, 0, 0, 0, 0, 0, 0, 0, 0, 0, 0, 0, 0, 0], [0, -1, 1, 0, 0, 1, 0, 1, 0, 0, 0, 1, 1, 0, 0, 0, 0, 1, 1, 0, 0, 0], [0, -1, 2, 0, 0, 4, 0, 4, 1, 1, 0, 4, 1, -1, 1, 0, 1, 3, 3, 0, 0, 0], [0, -2, 1, 1, 0, 2, 0, 2, 0, 0, 0, 2, 1, 0, 0, 0, 0, 2, 2, 0, 0, 0], [0, 2, -1, 0, 1, -2, 0, -2, 0, 0, 0, -2, -1, 0, 0, 0, 0, -2, -2, 0, 0, 0], [0, -1, 0, 0, 0, -1, 0, -2, -1, -1, 0, -2, 0, 1, -1, 0, -1, -1, -1, 0, 0, 0], [-1, -1, -1, 0, -1, -2, 0, -2, -1, -1, 0, -2, 0, 1, -1, 0, -1, -1, -1, 0, 0, -1], [0, 2, -1, 0, 0, -1, 0, 0, 0, 0, 0, -1, -1, 0, 0, 0, 0, -1, -1, 0, 0, 0], [0, 0, 0, 0, 0, 0, 0, 0, 1, 0, 0, 0, 0, 0, 0, 0, 0, 0, 0, 0, 0, 0], [0, 1, -1, 0, 0, -2, 0, -2, -1, 0, 0, -2, -1, 1, -1, 0, -1, -1, -1, 0, 0, 0], [0, 2, -1, 0, 0, -1, 0, -1, 0, 0, 1, -1, -1, 0, 0, 0, 0, -1, -1, 0, 0, 0], [0, -1, 1, 0, 0, 2, 0, 2, 1, 1, 0, 3, 1, -1, 1, 0, 1, 1, 1, 0, 0, 0], [0, 1, -1, 0, 0, -2, 0, -2, -1, -1, 0, -2, 0, 1, -1, 0, -1, -1, -1, 0, 0, 0], [0, 0, 0, 0, 0, -1, 0, -1, 0, 0, 0, -1, 0, 1, 0, 0, 0, -1, -1, 0, 0, 0], [0, -1, 0, 0, 0, -1, 0, -1, -1, -1, 0, -1, 0, 1, 0, 0, -1, 0, 0, 0, 0, 0], [0, 0, 0, 0, 0, -1, 0, -1, 0, 0, 0, -1, 0, 0, 0, 1, 0, -1, -1, 0, 0, 0], [0, 0, 0, 0, 0, 0, 0, 0, 0, 0, 0, 0, 0, 0, 0, 0, 1, 0, 0, 0, 0, 0], [0, 0, 0, 0, 0, 0, 0, 0, 0, 0, 0, 0, 0, 0, 0, 0, 0, 1, 0, 0, 0, 0], [0, 0, 0, 0, 0, -1, 0, -1, 0, 0, 0, -1, 0, 0, 0, 0, 0, -1, 0, 0, 0, 0], [0, 0, 0, 0, 0, 0, 0, 0, 0, 0, 0, 0, 0, 0, 0, 0, 0, 0, 0, 1, 0, 0], [0, 0, 0, 0, 0, 0, 0, 0, 0, 0, 0, 0, 0, 0, 0, 0, 0, 0, 0, 0, 1, 0], [-1, 0, -1, 0, -1, 0, -1, 0, 0, 0, 0, 0, 0, 0, 0, 0, 0, 0, 0, 0, 0, 0]]
[[1, 0, 0, 0, 0, 0, 0, 0, 0, 0, 0, 0, 0, 0, 0, 0, 0, 0, 0, 0, 0, 0], [0, 1, 0, 0, 0, 0, 0, 0, 0, 0, 0, 0, 0, 0, 0, 0, 0, 0, 0, 0, 0, 0], [0, 0, 1, 0, 0, 0, 0, 0, 0, 0, 0, 0, 0, 0, 0, 0, 0, 0, 0, 0, 0, 0], [0, 0, 0, 1, 0, 0, 0, 0, 0, 0, 0, 0, 0, 0, 0, 0, 0, 0, 0, 0, 0, 0], [0, 0, 0, 0, 1, 0, 0, 0, 0, 0, 0, 0, 0, 0, 0, 0, 0, 0, 0, 0, 0, 0], [0, 0, 0, 0, 0, 1, 0, 0, 0, 0, 0, 0, 0, 0, 0, 0, 0, 0, 0, 0, 0, 0], [0, 0, 0, 0, 0, 0, 1, 0, 0, 0, 0, 0, 0, 0, 0, 0, 0, 0, 0, 0, 0, 0], [0, 0, 0, 0, 0, 0, 0, 1, 0, 0, 0, 0, 0, 0, 0, 0, 0, 0, 0, 0, 0, 0], [0, 0, 0, 0, 0, 0, 0, 0, 1, 0, 0, 0, 0, 0, 0, 0, 0, 0, 0, 0, 0, 0], [0, 0, 0, 0, 0, 0, 0, 0, 0, 1, 0, 0, 0, 0, 0, 0, 0, 0, 0, 0, 0, 0], [0, 0, 0, 0, 0, 0, 0, 0, 0, 0, 1, 0, 0, 0, 0, 0, 0, 0, 0, 0, 0, 0], [0, 0, 0, 0, 0, 0, 0, 0, 0, 0, 0, 1, 0, 0, 0, 0, 0, 0, 0, 0, 0, 0], [0, 0, 0, 0, 0, 0, 0, 0, 0, 0, 0, 0, 1, 0, 0, 0, 0, 0, 0, 0, 0, 0], [0, 0, 0, 0, 0, 0, 0, 0, 0, 0, 0, 0, 0, 1, 0, 0, 0, 0, 0, 0, 0, 0], [0, 0, 0, 0, 0, 0, 0, 0, 0, 0, 0, 0, 0, 0, 1, 0, 0, 0, 0, 0, 0, 0], [0, 0, 0, 0, 0, 0, 0, 0, 0, 0, 0, 0, 0, 0, 0, 1, 0, 0, 0, 0, 0, 0], [0, 0, 0, 0, 0, 0, 0, 0, 0, 0, 0, 0, 0, 0, 0, 0, 1, 0, 0, 0, 0, 0], [0, 0, 0, 0, 0, 0, 0, 0, 0, 0, 0, 0, 0, 0, 0, 0, 0, 1, 0, 0, 0, 0], [0, 0, 0, 0, 0, 0, 0, 0, 0, 0, 0, 0, 0, 0, 0, 0, 0, 0, 1, 0, 0, 0], [0, 0, 0, 0, 0, 0, 0, 0, 0, 0, 0, 0, 0, 0, 0, 0, 0, 0, 0, 1, 0, 0], [0, 0, 0, 0, 0, 0, 0, 0, 0, 0, 0, 0, 0, 0, 0, 0, 0, 0, 0, 0, 1, 0], [0, 0, 0, 0, 0, 0, 0, 0, 0, 0, 0, 0, 0, 0, 0, 0, 0, 0, 0, 0, 0, 1]]
[[-1, 1, 1, 1, -1, 1, 1, 2, 1, 1, 0, 2, 3, 1, -3, -2, 0, 1, 3, -1, -2, -1], [2, 0, -2, -1, 2, -2, -1, -4, -2, -2, -1, -4, -3, 0, 2, 1, -1, -2, -5, 0, 2, 1], [2, 0, -3, -2, 2, -4, -1, -6, -4, -4, -1, -7, -4, 0, 2, 1, -3, -3, -8, -1, 1, 1], [1, 2, -2, -1, 1, -2, 0, -3, -2, -2, 0, -4, -2, 0, 0, 0, -2, -2, -5, -2, 0, 0], [-2, -1, 4, 2, -3, 4, 1, 8, 4, 4, 2, 9, 4, -2, 0, 1, 3, 4, 10, 2, -2, -1], [1, 1, -1, -1, 2, 0, 0, -3, -1, -1, -1, -3, -1, 1, -1, -1, -1, -2, -4, -2, 1, 0], [2, 0, -1, -1, 3, -1, 0, -4, -1, -1, -1, -4, -3, 1, 1, 0, 0, -2, -5, 0, 3, 1], [-2, -1, 3, 2, -3, 3, 1, 7, 3, 3, 1, 7, 4, -1, -1, 0, 2, 3, 8, 1, -2, -1], [0, 0, 0, 0, 0, 0, 0, 0, 1, 0, 0, 0, 0, 0, 0, 0, 1, 0, 0, 1, 0, 0], [-1, 0, 2, 1, -1, 2, 1, 3, 2, 3, 0, 4, 3, 0, -2, -1, 2, 1, 4, 0, -1, -1], [-2, -1, 2, 2, -2, 2, 1, 4, 2, 2, 1, 5, 4, 0, -2, -1, 1, 2, 6, 0, -2, -1], [1, 0, -2, -1, 1, -2, -1, -3, -2, -2, 0, -3, -3, 0, 2, 1, -1, -1, -4, 1, 1, 1], [2, -2, 0, 0, 2, 0, -1, -2, 0, 0, -1, -1, -1, 0, 2, 1, 1, -1, -2, 1, 3, 1], [1, 1, 0, -1, 1, 0, 0, -1, 0, 0, 0, -1, -1, 1, 0, 0, 1, -1, -2, 0, 1, 0], [1, 1, 0, -1, 1, 0, 0, -1, 0, 0, 0, -1, -1, 0, 1, 0, 1, -1, -2, 0, 1, 0], [2, 0, -1, -1, 3, -1, -1, -4, -1, -1, -1, -4, -3, 1, 1, 1, 0, -2, -5, 0, 3, 1], [-1, 1, 0, 0, -1, 0, 0, 1, 0, 0, 1, 0, 0, 0, 0, 0, -1, 1, 1, -1, -1, 0], [2, -1, -2, -1, 2, -2, -1, -4, -2, -2, -1, -4, -3, 0, 2, 1, -1, -1, -5, 0, 2, 1], [-2, 1, 2, 1, -2, 2, 1, 4, 2, 2, 1, 4, 3, 0, -2, -1, 1, 2, 6, 0, -2, -1], [1, -1, 0, 0, 1, 0, 0, -1, 0, 0, -1, 0, 0, 0, 0, 0, 0, -1, -1, 0, 1, 0], [1, -2, -2, 0, 1, -2, -1, -3, -2, -2, -1, -3, -2, 0, 2, 1, -1, -1, -3, 1, 2, 1], [0, 0, 0, 0, 0, 0, 0, 0, 0, 0, 0, 0, 0, 0, 0, 0, 0, 0, 0, 0, 0, 1]]
[[1, 0, 0, 0, 0, 0, 0, 0, 0, 0, 0, 0, 0, 0, 0, 0, 0, 0, 0, 0, 0, 0], [1, 0, 1, 0, 1, 1, 0, 1, 1, 0, 0, 1, 0, -1, 2, 1, 1, 0, 0, 1, 1, 1], [2, -2, 3, 0, 2, 2, 0, 2, 2, 0, 0, 2, 0, -2, 4, 2, 2, 0, 0, 2, 2, 2], [1, -1, 1, 1, 1, 1, 0, 1, 1, 0, 0, 1, 0, -1, 2, 1, 1, 0, 0, 1, 1, 1], [-1, 1, -1, 0, 0, -1, 0, -1, -1, 0, 0, -1, 0, 1, -2, -1, -1, 0, 0, -1, -1, -1], [-1, 1, -1, 0, -1, 0, 0, -1, -1, 0, 0, -1, 0, 1, -2, -1, -1, 0, 0, -1, -1, -1], [-1, 1, -1, 0, -1, -1, 1, -1, -1, 0, 0, -1, 0, 1, -2, -1, -1, 0, 0, -1, -1, -1], [-1, 1, -1, 0, -1, -1, 0, 0, -1, 0, 0, -1, 0, 1, -2, -1, -1, 0, 0, -1, -1, -1], [0, 0, 0, 0, 0, 0, 0, 0, 1, 0, 0, 0, 0, 0, 0, 0, 0, 0, 0, 0, 0, 0], [-1, 1, -1, 0, -1, -1, 0, -1, -1, 1, 0, -1, 0, 1, -2, -1, -1, 0, 0, -1, -1, -1], [-1, 1, -1, 0, -1, -1, 0, -1, -1, 0, 1, -1, 0, 1, -2, -1, -1, 0, 0, -1, -1, -1], [1, -1, 1, 0, 1, 1, 0, 1, 1, 0, 0, 2, 0, -1, 2, 1, 1, 0, 0, 1, 1, 1], [-1, 1, -1, 0, -1, -1, 0, -1, -1, 0, 0, -1, 1, 1, -2, -1, -1, 0, 0, -1, -1, -1], [0, 0, 0, 0, 0, 0, 0, 0, 0, 0, 0, 0, 0, 1, 0, 0, 0, 0, 0, 0, 0, 0], [0, 0, 0, 0, 0, 0, 0, 0, 0, 0, 0, 0, 0, 0, 1, 0, 0, 0, 0, 0, 0, 0], [0, 0, 0, 0, 0, 0, 0, 0, 0, 0, 0, 0, 0, 0, 0, 1, 0, 0, 0, 0, 0, 0], [0, 0, 0, 0, 0, 0, 0, 0, 0, 0, 0, 0, 0, 0, 0, 0, 1, 0, 0, 0, 0, 0], [0, 0, 0, 0, 0, 0, 0, 0, 0, 0, 0, 0, 0, 0, 0, 0, 0, 1, 0, 0, 0, 0], [0, 0, 0, 0, 0, 0, 0, 0, 0, 0, 0, 0, 0, 0, 0, 0, 0, 0, 1, 0, 0, 0], [0, 0, 0, 0, 0, 0, 0, 0, 0, 0, 0, 0, 0, 0, 0, 0, 0, 0, 0, 1, 0, 0], [0, 0, 0, 0, 0, 0, 0, 0, 0, 0, 0, 0, 0, 0, 0, 0, 0, 0, 0, 0, 1, 0], [-1, 1, -1, 0, -1, -1, 0, -1, -1, 0, 0, -1, 0, 1, -2, -1, -1, 0, 0, -1, -1, 0]]
[[1, 0, 0, 0, 0, 0, 0, 0, 0, 0, 0, 0, 0, 0, 0, 0, 0, 0, 0, 0, 0, 0], [0, 1, 0, 0, 0, 0, 0, 0, 0, 0, 0, 0, 0, 0, 0, 0, 0, 0, 0, 0, 0, 0], [0, 0, 1, 0, 0, 0, 0, 0, 0, 0, 0, 0, 0, 0, 0, 0, 0, 0, 0, 0, 0, 0], [0, 0, 0, 1, 0, 0, 0, 0, 0, 0, 0, 0, 0, 0, 0, 0, 0, 0, 0, 0, 0, 0], [0, 0, 0, 0, 1, 0, 0, 0, 0, 0, 0, 0, 0, 0, 0, 0, 0, 0, 0, 0, 0, 0], [0, 0, 0, 0, 0, 1, 0, 0, 0, 0, 0, 0, 0, 0, 0, 0, 0, 0, 0, 0, 0, 0], [0, 0, 0, 0, 0, 0, 1, 0, 0, 0, 0, 0, 0, 0, 0, 0, 0, 0, 0, 0, 0, 0], [0, 0, 0, 0, 0, 0, 0, 1, 0, 0, 0, 0, 0, 0, 0, 0, 0, 0, 0, 0, 0, 0], [0, 0, 0, 0, 0, 0, 0, 0, 1, 0, 0, 0, 0, 0, 0, 0, 0, 0, 0, 0, 0, 0], [0, 0, 0, 0, 0, 0, 0, 0, 0, 1, 0, 0, 0, 0, 0, 0, 0, 0, 0, 0, 0, 0], [0, 0, 0, 0, 0, 0, 0, 0, 0, 0, 1, 0, 0, 0, 0, 0, 0, 0, 0, 0, 0, 0], [0, 0, 0, 0, 0, 0, 0, 0, 0, 0, 0, 1, 0, 0, 0, 0, 0, 0, 0, 0, 0, 0], [0, 0, 0, 0, 0, 0, 0, 0, 0, 0, 0, 0, 1, 0, 0, 0, 0, 0, 0, 0, 0, 0], [0, 0, 0, 0, 0, 0, 0, 0, 0, 0, 0, 0, 0, 1, 0, 0, 0, 0, 0, 0, 0, 0], [0, 0, 0, 0, 0, 0, 0, 0, 0, 0, 0, 0, 0, 0, 1, 0, 0, 0, 0, 0, 0, 0], [0, 0, 0, 0, 0, 0, 0, 0, 0, 0, 0, 0, 0, 0, 0, 1, 0, 0, 0, 0, 0, 0], [0, 0, 0, 0, 0, 0, 0, 0, 0, 0, 0, 0, 0, 0, 0, 0, 1, 0, 0, 0, 0, 0], [0, 0, 0, 0, 0, 0, 0, 0, 0, 0, 0, 0, 0, 0, 0, 0, 0, 1, 0, 0, 0, 0], [0, 0, 0, 0, 0, 0, 0, 0, 0, 0, 0, 0, 0, 0, 0, 0, 0, 0, 1, 0, 0, 0], [0, 0, 0, 0, 0, 0, 0, 0, 0, 0, 0, 0, 0, 0, 0, 0, 0, 0, 0, 1, 0, 0], [0, 0, 0, 0, 0, 0, 0, 0, 0, 0, 0, 0, 0, 0, 0, 0, 0, 0, 0, 0, 1, 0], [0, 0, 0, 0, 0, 0, 0, 0, 0, 0, 0, 0, 0, 0, 0, 0, 0, 0, 0, 0, 0, 1]]
[[1, 0, 0, 0, 0, 0, 0, 0, 0, 0, 0, 0, 0, 0, 0, 0, 0, 0, 0, 0, 0, 0], [0, 1, 0, 0, 0, 0, 0, 0, 0, 0, 0, 0, 0, 0, 0, 0, 0, 0, 0, 0, 0, 0], [0, 0, 1, 0, 0, 0, 0, 0, 0, 0, 0, 0, 0, 0, 0, 0, 0, 0, 0, 0, 0, 0], [0, 0, 0, 1, 0, 0, 0, 0, 0, 0, 0, 0, 0, 0, 0, 0, 0, 0, 0, 0, 0, 0], [0, 0, 0, 0, 1, 0, 0, 0, 0, 0, 0, 0, 0, 0, 0, 0, 0, 0, 0, 0, 0, 0], [0, 0, 0, 0, 0, 1, 0, 0, 0, 0, 0, 0, 0, 0, 0, 0, 0, 0, 0, 0, 0, 0], [0, 0, 0, 0, 0, 0, 1, 0, 0, 0, 0, 0, 0, 0, 0, 0, 0, 0, 0, 0, 0, 0], [0, 0, 0, 0, 0, 0, 0, 1, 0, 0, 0, 0, 0, 0, 0, 0, 0, 0, 0, 0, 0, 0], [0, 0, 0, 0, 0, 0, 0, 0, 1, 0, 0, 0, 0, 0, 0, 0, 0, 0, 0, 0, 0, 0], [0, 0, 0, 0, 0, 0, 0, 0, 0, 1, 0, 0, 0, 0, 0, 0, 0, 0, 0, 0, 0, 0], [0, 0, 0, 0, 0, 0, 0, 0, 0, 0, 1, 0, 0, 0, 0, 0, 0, 0, 0, 0, 0, 0], [0, 0, 0, 0, 0, 0, 0, 0, 0, 0, 0, 1, 0, 0, 0, 0, 0, 0, 0, 0, 0, 0], [0, 0, 0, 0, 0, 0, 0, 0, 0, 0, 0, 0, 1, 0, 0, 0, 0, 0, 0, 0, 0, 0], [0, 0, 0, 0, 0, 0, 0, 0, 0, 0, 0, 0, 0, 1, 0, 0, 0, 0, 0, 0, 0, 0], [0, 0, 0, 0, 0, 0, 0, 0, 0, 0, 0, 0, 0, 0, 1, 0, 0, 0, 0, 0, 0, 0], [0, 0, 0, 0, 0, 0, 0, 0, 0, 0, 0, 0, 0, 0, 0, 1, 0, 0, 0, 0, 0, 0], [0, 0, 0, 0, 0, 0, 0, 0, 0, 0, 0, 0, 0, 0, 0, 0, 1, 0, 0, 0, 0, 0], [0, 0, 0, 0, 0, 0, 0, 0, 0, 0, 0, 0, 0, 0, 0, 0, 0, 1, 0, 0, 0, 0], [0, 0, 0, 0, 0, 0, 0, 0, 0, 0, 0, 0, 0, 0, 0, 0, 0, 0, 1, 0, 0, 0], [0, 0, 0, 0, 0, 0, 0, 0, 0, 0, 0, 0, 0, 0, 0, 0, 0, 0, 0, 1, 0, 0], [0, 0, 0, 0, 0, 0, 0, 0, 0, 0, 0, 0, 0, 0, 0, 0, 0, 0, 0, 0, 1, 0], [0, 0, 0, 0, 0, 0, 0, 0, 0, 0, 0, 0, 0, 0, 0, 0, 0, 0, 0, 0, 0, 1]]
[[1, 0, 0, 0, 0, 0, 0, 0, 0, 0, 0, 0, 0, 0, 0, 0, 0, 0, 0, 0, 0, 0], [2, -2, 2, -1, 3, 1, 0, -1, 2, -1, 0, -1, -1, 0, 3, 2, 2, -3, -4, 2, 3, 2], [2, -2, 4, -2, 4, 2, 1, -2, 3, -1, 0, -2, -1, 1, 1, 1, 2, -4, -5, 1, 2, 2], [1, -2, 2, 0, 2, 1, 1, -1, 2, -1, 0, -1, 0, 1, 0, 0, 1, -2, -2, 1, 1, 1], [-3, 3, -3, 2, -4, -2, 0, 2, -3, 1, 0, 2, 2, 0, -4, -3, -3, 5, 7, -2, -4, -3], [1, -2, 1, 1, 0, 0, 0, 1, 1, 0, 0, 1, 1, 0, 1, 1, 1, 0, 1, 2, 1, 1], [1, -1, 0, 0, 1, 0, 0, 0, 0, 0, 0, 0, -1, -1, 3, 2, 1, -1, -2, 1, 2, 1], [-3, 4, -2, 1, -4, -1, 1, 2, -2, 1, 0, 1, 2, 1, -6, -4, -3, 4, 6, -3, -5, -3], [0, 0, -1, 0, 0, 0, -1, 0, 0, 0, 0, 0, -1, -1, 2, 1, 0, 0, -1, 0, 1, 0], [-1, 1, -2, 1, -2, -1, 0, 1, -2, 0, 0, 0, 0, 0, -1, -1, -2, 3, 3, -1, -1, -1], [-2, 3, -2, 1, -3, -1, 0, 1, -2, 1, 1, 1, 1, 0, -3, -2, -2, 3, 4, -2, -3, -2], [1, 0, 1, -1, 2, 1, 0, -1, 1, 0, 0, 0, -1, 0, 1, 1, 1, -2, -3, 0, 1, 1], [0, 0, 0, 0, 0, 0, 0, 0, 0, 0, 0, 0, 1, 0, 0, 0, 0, 0, 0, 0, 0, 0], [2, -2, 0, 0, 2, 0, -1, -1, 0, 0, -1, 0, -1, -1, 4, 2, 1, -1, -2, 2, 3, 2], [1, -1, 1, 0, 1, 0, 0, 0, 1, 0, 0, 0, 0, 0, 2, 1, 1, -1, -1, 1, 1, 1], [2, -4, 0, 0, 2, 0, -1, -1, 0, -1, -1, 0, -1, -2, 5, 3, 1, -1, -2, 3, 4, 2], [-1, 0, 0, 0, -1, 0, 0, 0, 0, 1, 0, 1, 1, 0, -1, -1, 1, 0, 1, 0, -1, -1], [0, 0, 1, -1, 1, 1, 0, -1, 1, 1, 0, 0, 0, 0, 0, 0, 1, -1, -2, 0, 0, 0], [0, -1, -1, 1, -1, -1, -1, 1, -1, 0, 0, 1, 0, -1, 2, 1, 0, 1, 2, 1, 1, 0], [1, 0, 0, 0, 1, 0, 0, 0, 0, -1, 0, -1, -1, 0, 1, 1, 0, 0, -1, 1, 1, 1], [1, 0, 1, -1, 2, 1, 0, -1, 1, 0, 0, -1, -1, 0, 1, 1, 1, -2, -3, 0, 2, 1], [-3, 2, -1, 0, -3, 0, 0, 1, -1, 1, 1, 1, 1, 1, -3, -2, -1, 1, 2, -2, -3, -2]]
[[-1, -1, -2, 0, -1, -1, -1, -2, -2, -1, 0, -2, -1, 0, -1, 0, -2, 0, -1, -1, 0, 0], [0, 1, 0, 0, 0, 0, 0, 0, -1, 1, 0, 1, 0, 0, 0, 0, 0, 1, 1, 0, 0, 0], [0, 2, 1, 1, -1, 1, 0, 3, -1, 4, 1, 6, 1, 0, 1, 0, 2, 3, 5, 1, 0, 0], [-1, 0, -1, 1, -1, 0, -1, 0, -2, 2, 0, 2, 0, 0, 0, 0, 0, 2, 2, 0, 0, 0], [2, 0, 2, -1, 2, 1, 0, 1, 4, -1, -1, -1, 1, 0, 1, 0, 2, -2, -2, 1, 0, 0], [-2, -1, -2, 0, -1, 0, -1, -2, -2, -1, 0, -2, -1, 0, -1, 0, -2, 0, -1, -1, 0, 0], [-2, -1, -2, 0, -1, -1, 0, -2, -1, -2, 0, -3, -1, 0, -1, 0, -2, -1, -2, -1, 0, 0], [-1, 0, -1, 0, -1, 0, -1, 1, 1, -1, 0, -1, 0, 0, 0, 0, 0, -1, -1, 0, 0, 0], [1, 0, 1, 0, 1, 0, 1, 0, 1, 0, 0, 0, 0, 0, 0, 0, 0, 0, 0, 0, 0, 0], [-2, -1, -2, 0, -1, -1, -1, -2, 0, -2, 0, -4, -1, 0, -1, 0, -2, -2, -3, -1, 0, 0], [1, -1, 1, -1, 1, 0, 0, -1, 1, -1, 0, -2, 0, 0, 0, 0, 0, -1, -2, 0, 0, 0], [2, 1, 2, 0, 1, 1, 1, 2, 1, 2, 0, 4, 1, 0, 1, 0, 2, 1, 2, 1, 0, 0], [-1, -1, -1, 0, 0, -1, 0, -2, -1, -2, 0, -3, 0, 0, -1, 0, -2, -1, -2, -1, 0, 0], [-1, -1, -1, 0, 0, -1, 0, -2, -1, -2, 0, -3, -1, 1, -1, 0, -2, -1, -2, -1, 0, 0], [-1, -1, -1, 0, 0, -1, 0, -2, -2, -1, 0, -2, -1, 0, 0, 0, -2, 0, -1, -1, 0, 0], [0, 0, 0, 0, 0, 0, 0, 0, 1, -1, 0, -1, 0, 0, 0, 1, 0, -1, -1, 0, 0, 0], [1, 0, 1, 0, 1, 0, 1, 0, 0, 0, 0, 0, 0, 0, 0, 0, 1, 0, 0, 0, 0, 0], [0, 1, 0, 1, 0, 0, 1, 1, 0, 0, 1, 1, 0, 0, 0, 0, 0, 1, 1, 0, 0, 0], [1, -1, 1, -1, 1, 0, 0, -1, 1, -1, -1, -2, 0, 0, 0, 0, 0, -1, -1, 0, 0, 0], [-1, 0, -1, 0, -1, 0, -1, 0, 0, 0, 0, 0, 0, 0, 0, 0, 0, 0, 0, 1, 0, 0], [0, 0, 0, 0, 0, 0, 0, 0, 0, 0, 0, 0, 0, 0, 0, 0, 0, 0, 0, 0, 1, 0], [1, 0, 1, 0, 1, 0, 1, 0, 0, 0, 0, 0, 0, 0, 0, 0, 0, 0, 0, 0, 0, 1]]
[[1, 0, 0, 0, 0, 0, 0, 0, 0, 0, 0, 0, 0, 0, 0, 0, 0, 0, 0, 0, 0, 0], [0, 1, 0, 0, 0, 0, 0, 0, 0, 0, 0, 0, 0, 0, 0, 0, 0, 0, 0, 0, 0, 0], [0, 0, 1, 0, 0, 0, 0, 0, 0, 0, 0, 0, 0, 0, 0, 0, 0, 0, 0, 0, 0, 0], [0, 0, 0, 1, 0, 0, 0, 0, 0, 0, 0, 0, 0, 0, 0, 0, 0, 0, 0, 0, 0, 0], [0, 0, 0, 0, 1, 0, 0, 0, 0, 0, 0, 0, 0, 0, 0, 0, 0, 0, 0, 0, 0, 0], [0, 0, 0, 0, 0, 1, 0, 0, 0, 0, 0, 0, 0, 0, 0, 0, 0, 0, 0, 0, 0, 0], [0, 0, 0, 0, 0, 0, 1, 0, 0, 0, 0, 0, 0, 0, 0, 0, 0, 0, 0, 0, 0, 0], [0, 0, 0, 0, 0, 0, 0, 1, 0, 0, 0, 0, 0, 0, 0, 0, 0, 0, 0, 0, 0, 0], [0, 0, 0, 0, 0, 0, 0, 0, 1, 0, 0, 0, 0, 0, 0, 0, 0, 0, 0, 0, 0, 0], [0, 0, 0, 0, 0, 0, 0, 0, 0, 1, 0, 0, 0, 0, 0, 0, 0, 0, 0, 0, 0, 0], [0, 0, 0, 0, 0, 0, 0, 0, 0, 0, 1, 0, 0, 0, 0, 0, 0, 0, 0, 0, 0, 0], [0, 0, 0, 0, 0, 0, 0, 0, 0, 0, 0, 1, 0, 0, 0, 0, 0, 0, 0, 0, 0, 0], [0, 0, 0, 0, 0, 0, 0, 0, 0, 0, 0, 0, 1, 0, 0, 0, 0, 0, 0, 0, 0, 0], [0, 0, 0, 0, 0, 0, 0, 0, 0, 0, 0, 0, 0, 1, 0, 0, 0, 0, 0, 0, 0, 0], [0, 0, 0, 0, 0, 0, 0, 0, 0, 0, 0, 0, 0, 0, 1, 0, 0, 0, 0, 0, 0, 0], [0, 0, 0, 0, 0, 0, 0, 0, 0, 0, 0, 0, 0, 0, 0, 1, 0, 0, 0, 0, 0, 0], [0, 0, 0, 0, 0, 0, 0, 0, 0, 0, 0, 0, 0, 0, 0, 0, 1, 0, 0, 0, 0, 0], [0, 0, 0, 0, 0, 0, 0, 0, 0, 0, 0, 0, 0, 0, 0, 0, 0, 1, 0, 0, 0, 0], [0, 0, 0, 0, 0, 0, 0, 0, 0, 0, 0, 0, 0, 0, 0, 0, 0, 0, 1, 0, 0, 0], [0, 0, 0, 0, 0, 0, 0, 0, 0, 0, 0, 0, 0, 0, 0, 0, 0, 0, 0, 1, 0, 0], [0, 0, 0, 0, 0, 0, 0, 0, 0, 0, 0, 0, 0, 0, 0, 0, 0, 0, 0, 0, 1, 0], [0, 0, 0, 0, 0, 0, 0, 0, 0, 0, 0, 0, 0, 0, 0, 0, 0, 0, 0, 0, 0, 1]]
[[-1, -1, -2, 0, -1, -1, 0, -2, -2, -1, 0, -2, -1, 1, -2, -2, -2, 0, -1, -2, 0, -1], [-2, 2, -2, 0, -1, -1, 0, -1, -1, -1, 0, -2, 0, 1, -3, -1, -2, 0, -1, -2, -2, -1], [-6, 7, -6, 1, -4, -1, 0, -1, -2, -1, 1, -3, 0, 2, -9, -4, -5, 1, 0, -7, -6, -3], [-5, 4, -5, 0, -3, -1, 0, -3, -3, -1, 1, -4, -1, 2, -8, -4, -5, 0, -2, -7, -4, -3], [8, -5, 9, -1, 5, 3, 0, 6, 6, 3, -1, 8, 2, -4, 13, 7, 9, 0, 3, 10, 6, 3], [-2, -1, -3, 0, -1, -1, 0, -3, -2, -2, 0, -4, -2, 1, -3, -2, -3, -1, -3, -3, 0, -1], [-2, -1, -3, 0, -1, -1, -1, -4, -3, -1, 0, -4, -2, 1, -3, -2, -3, -1, -3, -3, 0, 0], [1, -2, 0, 0, 0, 0, 0, 0, -1, 0, 0, 0, -1, -1, 2, 0, 0, 0, 0, -1, 2, 0], [1, 0, 2, 0, 1, 1, 0, 1, 1, 1, 0, 2, 1, 0, 1, 1, 2, 0, 1, 2, 0, 1], [0, -3, -1, 0, 0, -1, 0, -3, -3, 0, 0, -2, -2, 0, 0, -1, -1, -1, -2, -2, 2, 0], [5, -5, 5, 0, 3, 1, 0, 3, 3, 1, -1, 5, 2, -2, 8, 4, 5, 0, 2, 7, 4, 2], [-3, 4, -2, 1, -2, 0, 0, 0, 0, 0, 1, -1, 1, 1, -5, -2, -2, 1, 1, -3, -4, -1], [1, -2, 0, 0, 1, -1, 0, -1, -1, -1, 0, -1, -1, 0, 2, 1, 0, -1, -2, 1, 2, 1], [0, 0, 0, 0, 0, 0, 0, -1, 0, 0, 0, -1, 0, 1, -2, -1, 0, -1, -1, -1, 0, 0], [0, 0, 0, 0, 0, 0, 0, 0, 0, 0, 0, 0, 0, 0, -1, 0, 0, 0, 0, 0, 0, 0], [-1, 0, 0, 0, 0, 0, 0, -1, 0, 0, 0, -1, 0, 1, -1, -1, 0, -1, -1, 0, 0, 0], [4, -1, 4, -1, 3, 1, 0, 2, 3, 1, -1, 3, 1, -1, 5, 3, 3, 0, 1, 5, 2, 2], [-1, 3, -3, 0, 0, -1, 0, -3, -2, -1, 0, -3, -1, 1, -4, -2, -3, -1, -3, -4, -2, 0], [5, -4, 7, -1, 3, 2, 0, 5, 5, 2, -1, 6, 2, -2, 9, 5, 7, 0, 3, 9, 4, 2], [-1, -1, -2, 0, -1, -1, 0, -2, -2, -1, 0, -2, -1, 0, -1, -1, -2, 0, -1, -2, 0, -1], [-1, 1, -1, 0, 0, -1, 0, -1, -1, -1, 0, -2, 0, 1, -1, 0, -1, -1, -2, -1, -1, 0], [0, 0, 0, 0, 0, 0, 0, 0, 0, 0, 0, 0, 0, 0, 0, 0, 0, 0, 0, 0, 0, 1]]
[[1, 0, 0, 0, 0, 0, 0, 0, 0, 0, 0, 0, 0, 0, 0, 0, 0, 0, 0, 0, 0, 0], [0, 1, 0, 0, 0, 0, 0, 0, 0, 0, 0, 0, 0, 0, 0, 0, 0, 0, 0, 0, 0, 0], [0, 0, 1, 0, 0, 0, 0, 0, 0, 0, 0, 0, 0, 0, 0, 0, 0, 0, 0, 0, 0, 0], [0, 0, 0, 1, 0, 0, 0, 0, 0, 0, 0, 0, 0, 0, 0, 0, 0, 0, 0, 0, 0, 0], [0, 0, 0, 0, 1, 0, 0, 0, 0, 0, 0, 0, 0, 0, 0, 0, 0, 0, 0, 0, 0, 0], [0, 0, 0, 0, 0, 1, 0, 0, 0, 0, 0, 0, 0, 0, 0, 0, 0, 0, 0, 0, 0, 0], [0, 0, 0, 0, 0, 0, 1, 0, 0, 0, 0, 0, 0, 0, 0, 0, 0, 0, 0, 0, 0, 0], [0, 0, 0, 0, 0, 0, 0, 1, 0, 0, 0, 0, 0, 0, 0, 0, 0, 0, 0, 0, 0, 0], [0, 0, 0, 0, 0, 0, 0, 0, 1, 0, 0, 0, 0, 0, 0, 0, 0, 0, 0, 0, 0, 0], [0, 0, 0, 0, 0, 0, 0, 0, 0, 1, 0, 0, 0, 0, 0, 0, 0, 0, 0, 0, 0, 0], [0, 0, 0, 0, 0, 0, 0, 0, 0, 0, 1, 0, 0, 0, 0, 0, 0, 0, 0, 0, 0, 0], [0, 0, 0, 0, 0, 0, 0, 0, 0, 0, 0, 1, 0, 0, 0, 0, 0, 0, 0, 0, 0, 0], [0, 0, 0, 0, 0, 0, 0, 0, 0, 0, 0, 0, 1, 0, 0, 0, 0, 0, 0, 0, 0, 0], [0, 0, 0, 0, 0, 0, 0, 0, 0, 0, 0, 0, 0, 1, 0, 0, 0, 0, 0, 0, 0, 0], [0, 0, 0, 0, 0, 0, 0, 0, 0, 0, 0, 0, 0, 0, 1, 0, 0, 0, 0, 0, 0, 0], [0, 0, 0, 0, 0, 0, 0, 0, 0, 0, 0, 0, 0, 0, 0, 1, 0, 0, 0, 0, 0, 0], [0, 0, 0, 0, 0, 0, 0, 0, 0, 0, 0, 0, 0, 0, 0, 0, 1, 0, 0, 0, 0, 0], [0, 0, 0, 0, 0, 0, 0, 0, 0, 0, 0, 0, 0, 0, 0, 0, 0, 1, 0, 0, 0, 0], [0, 0, 0, 0, 0, 0, 0, 0, 0, 0, 0, 0, 0, 0, 0, 0, 0, 0, 1, 0, 0, 0], [0, 0, 0, 0, 0, 0, 0, 0, 0, 0, 0, 0, 0, 0, 0, 0, 0, 0, 0, 1, 0, 0], [0, 0, 0, 0, 0, 0, 0, 0, 0, 0, 0, 0, 0, 0, 0, 0, 0, 0, 0, 0, 1, 0], [0, 0, 0, 0, 0, 0, 0, 0, 0, 0, 0, 0, 0, 0, 0, 0, 0, 0, 0, 0, 0, 1]]
[[1, 0, 0, 0, 0, 0, 0, 0, 0, 0, 0, 0, 0, 0, 0, 0, 0, 0, 0, 0, 0, 0], [0, 1, 0, 0, 0, 0, 0, 0, 0, 0, 0, 0, 0, 0, 0, 0, 0, 0, 0, 0, 0, 0], [0, 0, 1, 0, 0, 0, 0, 0, 0, 0, 0, 0, 0, 0, 0, 0, 0, 0, 0, 0, 0, 0], [0, 0, 0, 1, 0, 0, 0, 0, 0, 0, 0, 0, 0, 0, 0, 0, 0, 0, 0, 0, 0, 0], [0, 0, 0, 0, 1, 0, 0, 0, 0, 0, 0, 0, 0, 0, 0, 0, 0, 0, 0, 0, 0, 0], [0, 0, 0, 0, 0, 1, 0, 0, 0, 0, 0, 0, 0, 0, 0, 0, 0, 0, 0, 0, 0, 0], [0, 0, 0, 0, 0, 0, 1, 0, 0, 0, 0, 0, 0, 0, 0, 0, 0, 0, 0, 0, 0, 0], [0, 0, 0, 0, 0, 0, 0, 1, 0, 0, 0, 0, 0, 0, 0, 0, 0, 0, 0, 0, 0, 0], [0, 0, 0, 0, 0, 0, 0, 0, 1, 0, 0, 0, 0, 0, 0, 0, 0, 0, 0, 0, 0, 0], [0, 0, 0, 0, 0, 0, 0, 0, 0, 1, 0, 0, 0, 0, 0, 0, 0, 0, 0, 0, 0, 0], [0, 0, 0, 0, 0, 0, 0, 0, 0, 0, 1, 0, 0, 0, 0, 0, 0, 0, 0, 0, 0, 0], [0, 0, 0, 0, 0, 0, 0, 0, 0, 0, 0, 1, 0, 0, 0, 0, 0, 0, 0, 0, 0, 0], [0, 0, 0, 0, 0, 0, 0, 0, 0, 0, 0, 0, 1, 0, 0, 0, 0, 0, 0, 0, 0, 0], [0, 0, 0, 0, 0, 0, 0, 0, 0, 0, 0, 0, 0, 1, 0, 0, 0, 0, 0, 0, 0, 0], [0, 0, 0, 0, 0, 0, 0, 0, 0, 0, 0, 0, 0, 0, 1, 0, 0, 0, 0, 0, 0, 0], [0, 0, 0, 0, 0, 0, 0, 0, 0, 0, 0, 0, 0, 0, 0, 1, 0, 0, 0, 0, 0, 0], [0, 0, 0, 0, 0, 0, 0, 0, 0, 0, 0, 0, 0, 0, 0, 0, 1, 0, 0, 0, 0, 0], [0, 0, 0, 0, 0, 0, 0, 0, 0, 0, 0, 0, 0, 0, 0, 0, 0, 1, 0, 0, 0, 0], [0, 0, 0, 0, 0, 0, 0, 0, 0, 0, 0, 0, 0, 0, 0, 0, 0, 0, 1, 0, 0, 0], [0, 0, 0, 0, 0, 0, 0, 0, 0, 0, 0, 0, 0, 0, 0, 0, 0, 0, 0, 1, 0, 0], [0, 0, 0, 0, 0, 0, 0, 0, 0, 0, 0, 0, 0, 0, 0, 0, 0, 0, 0, 0, 1, 0], [0, 0, 0, 0, 0, 0, 0, 0, 0, 0, 0, 0, 0, 0, 0, 0, 0, 0, 0, 0, 0, 1]]
[[-3, 1, -4, 1, -4, -1, -1, 0, -2, -1, 2, -1, -2, 0, -3, -2, -3, 1, 1, -4, -2, -2], [4, -2, 5, -2, 5, 0, 2, -1, 1, 0, -2, -1, 1, 1, 4, 3, 3, -1, -3, 5, 3, 2], [-2, 1, 0, 1, -1, -1, 2, -1, -2, -1, 1, -2, 0, 1, -4, -2, -3, 2, 2, -3, -2, -1], [-2, 0, -1, 1, -1, -1, 1, -1, -2, -1, 1, -2, -1, 1, -2, -1, -2, 1, 0, -2, -1, -1], [0, 1, -1, 0, 0, 1, -2, 1, 1, 1, 0, 2, 0, -1, 1, 0, 1, -1, 0, 0, 0, 0], [0, -2, 0, 0, 0, 0, 0, 0, 0, -1, 0, -1, -1, 0, 1, 1, 0, 0, -1, 1, 1, 0], [-2, 1, -3, 1, -3, 0, -1, 1, 0, 0, 1, 1, -1, -1, -1, -1, -1, 0, 1, -2, -1, -1], [-10, 6, -11, 4, -11, -1, -3, 2, -4, -1, 5, 0, -3, -1, -10, -7, -8, 3, 6, -12, -7, -5], [2, 0, 2, -1, 2, 1, 0, 0, 2, 1, -1, 1, 1, 0, 2, 1, 2, -1, -1, 2, 1, 1], [-8, 4, -9, 3, -9, -1, -3, 1, -3, 0, 4, 0, -3, -1, -7, -5, -6, 2, 4, -9, -5, -4], [4, -2, 4, -2, 4, 1, 0, 0, 2, 1, -1, 1, 1, 0, 5, 3, 4, -2, -3, 5, 3, 2], [0, 1, 0, 1, 0, 0, 1, 0, 0, 0, 0, 1, 1, 0, -2, -1, -1, 1, 2, -1, -1, 0], [2, -2, 2, -1, 2, 0, 0, 0, 1, 0, -1, 0, 1, 0, 3, 2, 2, -1, -2, 3, 2, 1], [0, 0, -1, 1, -1, 0, -1, 1, 1, 0, 0, 1, 0, 0, 0, 0, 0, 0, 1, 0, 0, 0], [-2, 0, -3, 2, -3, -1, -1, 1, 0, -1, 1, 0, -1, -1, -1, -1, -2, 1, 2, -2, -1, -1], [4, -2, 4, -2, 4, 1, 0, 0, 2, 1, -2, 1, 1, 0, 5, 4, 4, -2, -3, 5, 3, 2], [6, -3, 6, -2, 6, 1, 1, 0, 3, 1, -3, 1, 2, 0, 6, 4, 6, -2, -3, 7, 4, 3], [-2, 2, -3, 2, -3, 0, -1, 1, 0, 0, 1, 1, 0, -1, -3, -2, -2, 2, 3, -3, -2, -1], [6, -4, 6, -3, 6, 1, 0, 0, 3, 1, -3, 1, 1, 0, 8, 5, 6, -3, -4, 8, 5, 3], [0, 0, 1, -1, 1, 0, 1, -1, -1, 0, 0, -1, 0, 1, 0, 0, 0, 0, -1, 1, 0, 0], [6, -3, 7, -3, 7, 1, 2, -1, 2, 1, -3, 0, 2, 1, 6, 4, 5, -2, -4, 7, 5, 3], [0, 0, 0, 0, 0, 0, 0, 0, 0, 0, 0, 0, 0, 0, 0, 0, 0, 0, 0, 0, 0, 1]]
[[1, 0, 0, 0, 0, 0, 0, 0, 0, 0, 0, 0, 0, 0, 0, 0, 0, 0, 0, 0, 0, 0], [0, 1, 0, 0, 0, 0, 0, 0, 0, 0, 0, 0, 0, 0, 0, 0, 0, 0, 0, 0, 0, 0], [0, 0, 1, 0, 0, 0, 0, 0, 0, 0, 0, 0, 0, 0, 0, 0, 0, 0, 0, 0, 0, 0], [0, 0, 0, 1, 0, 0, 0, 0, 0, 0, 0, 0, 0, 0, 0, 0, 0, 0, 0, 0, 0, 0], [0, 0, 0, 0, 1, 0, 0, 0, 0, 0, 0, 0, 0, 0, 0, 0, 0, 0, 0, 0, 0, 0], [0, 0, 0, 0, 0, 1, 0, 0, 0, 0, 0, 0, 0, 0, 0, 0, 0, 0, 0, 0, 0, 0], [0, 0, 0, 0, 0, 0, 1, 0, 0, 0, 0, 0, 0, 0, 0, 0, 0, 0, 0, 0, 0, 0], [0, 0, 0, 0, 0, 0, 0, 1, 0, 0, 0, 0, 0, 0, 0, 0, 0, 0, 0, 0, 0, 0], [0, 0, 0, 0, 0, 0, 0, 0, 1, 0, 0, 0, 0, 0, 0, 0, 0, 0, 0, 0, 0, 0], [0, 0, 0, 0, 0, 0, 0, 0, 0, 1, 0, 0, 0, 0, 0, 0, 0, 0, 0, 0, 0, 0], [0, 0, 0, 0, 0, 0, 0, 0, 0, 0, 1, 0, 0, 0, 0, 0, 0, 0, 0, 0, 0, 0], [0, 0, 0, 0, 0, 0, 0, 0, 0, 0, 0, 1, 0, 0, 0, 0, 0, 0, 0, 0, 0, 0], [0, 0, 0, 0, 0, 0, 0, 0, 0, 0, 0, 0, 1, 0, 0, 0, 0, 0, 0, 0, 0, 0], [0, 0, 0, 0, 0, 0, 0, 0, 0, 0, 0, 0, 0, 1, 0, 0, 0, 0, 0, 0, 0, 0], [0, 0, 0, 0, 0, 0, 0, 0, 0, 0, 0, 0, 0, 0, 1, 0, 0, 0, 0, 0, 0, 0], [0, 0, 0, 0, 0, 0, 0, 0, 0, 0, 0, 0, 0, 0, 0, 1, 0, 0, 0, 0, 0, 0], [0, 0, 0, 0, 0, 0, 0, 0, 0, 0, 0, 0, 0, 0, 0, 0, 1, 0, 0, 0, 0, 0], [0, 0, 0, 0, 0, 0, 0, 0, 0, 0, 0, 0, 0, 0, 0, 0, 0, 1, 0, 0, 0, 0], [0, 0, 0, 0, 0, 0, 0, 0, 0, 0, 0, 0, 0, 0, 0, 0, 0, 0, 1, 0, 0, 0], [0, 0, 0, 0, 0, 0, 0, 0, 0, 0, 0, 0, 0, 0, 0, 0, 0, 0, 0, 1, 0, 0], [0, 0, 0, 0, 0, 0, 0, 0, 0, 0, 0, 0, 0, 0, 0, 0, 0, 0, 0, 0, 1, 0], [0, 0, 0, 0, 0, 0, 0, 0, 0, 0, 0, 0, 0, 0, 0, 0, 0, 0, 0, 0, 0, 1]]
[[1, 0, 0, 0, 0, 0, 0, 0, 0, 0, 0, 0, 0, 0, 0, 0, 0, 0, 0, 0, 0, 0], [0, 1, 0, 0, 0, 0, 0, 0, 0, 0, 0, 0, 0, 0, 0, 0, 0, 0, 0, 0, 0, 0], [0, 0, 1, 0, 0, 0, 0, 0, 0, 0, 0, 0, 0, 0, 0, 0, 0, 0, 0, 0, 0, 0], [0, 0, 0, 1, 0, 0, 0, 0, 0, 0, 0, 0, 0, 0, 0, 0, 0, 0, 0, 0, 0, 0], [0, 0, 0, 0, 1, 0, 0, 0, 0, 0, 0, 0, 0, 0, 0, 0, 0, 0, 0, 0, 0, 0], [0, 0, 0, 0, 0, 1, 0, 0, 0, 0, 0, 0, 0, 0, 0, 0, 0, 0, 0, 0, 0, 0], [0, 0, 0, 0, 0, 0, 1, 0, 0, 0, 0, 0, 0, 0, 0, 0, 0, 0, 0, 0, 0, 0], [0, 0, 0, 0, 0, 0, 0, 1, 0, 0, 0, 0, 0, 0, 0, 0, 0, 0, 0, 0, 0, 0], [0, 0, 0, 0, 0, 0, 0, 0, 1, 0, 0, 0, 0, 0, 0, 0, 0, 0, 0, 0, 0, 0], [0, 0, 0, 0, 0, 0, 0, 0, 0, 1, 0, 0, 0, 0, 0, 0, 0, 0, 0, 0, 0, 0], [0, 0, 0, 0, 0, 0, 0, 0, 0, 0, 1, 0, 0, 0, 0, 0, 0, 0, 0, 0, 0, 0], [0, 0, 0, 0, 0, 0, 0, 0, 0, 0, 0, 1, 0, 0, 0, 0, 0, 0, 0, 0, 0, 0], [0, 0, 0, 0, 0, 0, 0, 0, 0, 0, 0, 0, 1, 0, 0, 0, 0, 0, 0, 0, 0, 0], [0, 0, 0, 0, 0, 0, 0, 0, 0, 0, 0, 0, 0, 1, 0, 0, 0, 0, 0, 0, 0, 0], [0, 0, 0, 0, 0, 0, 0, 0, 0, 0, 0, 0, 0, 0, 1, 0, 0, 0, 0, 0, 0, 0], [0, 0, 0, 0, 0, 0, 0, 0, 0, 0, 0, 0, 0, 0, 0, 1, 0, 0, 0, 0, 0, 0], [0, 0, 0, 0, 0, 0, 0, 0, 0, 0, 0, 0, 0, 0, 0, 0, 1, 0, 0, 0, 0, 0], [0, 0, 0, 0, 0, 0, 0, 0, 0, 0, 0, 0, 0, 0, 0, 0, 0, 1, 0, 0, 0, 0], [0, 0, 0, 0, 0, 0, 0, 0, 0, 0, 0, 0, 0, 0, 0, 0, 0, 0, 1, 0, 0, 0], [0, 0, 0, 0, 0, 0, 0, 0, 0, 0, 0, 0, 0, 0, 0, 0, 0, 0, 0, 1, 0, 0], [0, 0, 0, 0, 0, 0, 0, 0, 0, 0, 0, 0, 0, 0, 0, 0, 0, 0, 0, 0, 1, 0], [0, 0, 0, 0, 0, 0, 0, 0, 0, 0, 0, 0, 0, 0, 0, 0, 0, 0, 0, 0, 0, 1]]
[[0, 0, -1, 0, 0, 0, -1, -1, -1, 0, 0, -1, -1, 0, -1, 0, -1, 0, -1, -2, 0, 0], [-1, -2, 0, 1, -1, -1, 0, 0, -1, 0, 0, 1, 1, 1, 0, 0, 0, 1, 2, 2, 0, 0], [-4, -2, -3, 4, -5, -1, -1, 3, -2, 0, 2, 5, 1, 0, 0, -1, -1, 4, 8, 2, -1, 0], [-2, -2, -2, 2, -3, -1, -1, 1, -2, 0, 1, 2, 0, 0, 0, 0, -1, 3, 4, 1, 0, 0], [4, 2, 2, -3, 3, 2, 0, 0, 4, 0, -1, -1, -1, -2, 2, 1, 2, -3, -4, -1, 1, 0], [1, -2, 1, 0, 1, -1, 0, -1, -1, 0, -1, -1, 1, 1, 0, 1, 0, 0, -1, 1, 1, 1], [-1, 0, 0, 0, 0, 0, 0, 0, 0, 0, 0, -1, 0, 0, 0, 0, 0, 0, -1, 0, 0, 0], [1, 2, -1, -1, 0, 2, -1, 1, 2, 0, 0, 0, -2, -2, 0, 0, 0, -1, -1, -3, 0, 0], [-1, 1, 0, 0, 0, 0, 1, 0, 0, 0, 0, 0, 1, 0, -1, -1, 0, 0, 0, 0, -1, -1], [0, 2, -1, -1, 0, 1, 0, 0, 1, -1, 0, -2, -1, -1, -2, -1, -1, -1, -2, -4, -1, -1], [3, 1, 2, -3, 4, 0, 1, -4, 0, 0, -2, -4, 0, 1, -1, 0, 0, -3, -6, -2, 0, 0], [-2, 0, -1, 2, -2, 0, 0, 2, 0, 0, 1, 3, 1, 0, 0, -1, 0, 2, 4, 2, -1, 0], [1, -1, 2, -1, 2, 0, 1, -2, 0, 0, -1, -2, 1, 1, -1, 0, 0, -1, -2, 0, 0, 0], [0, 0, 0, 0, 0, 0, 0, 0, 0, 0, 0, 0, 0, -1, 0, 0, 0, 0, 0, 0, 0, 0], [-1, -1, 0, 1, -1, 0, 0, 1, 0, 0, 1, 1, 0, -1, 0, 0, 0, 1, 2, 0, 0, 0], [0, 0, 1, 0, 0, 0, 0, 1, 1, 0, 0, 0, 1, 0, 1, 1, 1, 0, 0, 2, 0, 0], [2, -1, 1, -1, 2, -1, 0, -2, -1, 0, 0, -2, -2, 0, 3, 2, 0, -1, -3, 1, 2, 1], [-1, -1, -1, 2, -1, 0, 0, 1, 0, 0, 1, 2, 0, -1, 1, 0, 0, 1, 2, 1, 0, 0], [2, 0, 2, -2, 2, 0, 0, -1, 1, 0, -1, -2, 0, 0, 1, 1, 1, -2, -3, 0, 1, 0], [1, 1, 0, -1, 1, 0, 0, -1, 0, 0, -1, -1, 0, 1, -1, 0, 0, -1, -2, -1, 0, 0], [0, -2, 1, 0, 1, -1, 1, -2, -1, 0, -2, -1, 2, 2, -1, -1, 0, 0, 0, 2, 0, 0], [0, 0, 1, -1, 1, 0, 1, -1, -1, 0, 0, -1, 0, 1, 0, 0, 0, -1, -2, 0, 0, 0]]
[[1, 0, 0, 0, 0, 0, 0, 0, 0, 0, 0, 0, 0, 0, 0, 0, 0, 0, 0, 0, 0, 0], [0, 1, 0, 0, 0, 0, 0, 0, 0, 0, 0, 0, 0, 0, 0, 0, 0, 0, 0, 0, 0, 0], [0, 0, 1, 0, 0, 0, 0, 0, 0, 0, 0, 0, 0, 0, 0, 0, 0, 0, 0, 0, 0, 0], [0, 0, 0, 1, 0, 0, 0, 0, 0, 0, 0, 0, 0, 0, 0, 0, 0, 0, 0, 0, 0, 0], [0, 0, 0, 0, 1, 0, 0, 0, 0, 0, 0, 0, 0, 0, 0, 0, 0, 0, 0, 0, 0, 0], [0, 0, 0, 0, 0, 1, 0, 0, 0, 0, 0, 0, 0, 0, 0, 0, 0, 0, 0, 0, 0, 0], [0, 0, 0, 0, 0, 0, 1, 0, 0, 0, 0, 0, 0, 0, 0, 0, 0, 0, 0, 0, 0, 0], [0, 0, 0, 0, 0, 0, 0, 1, 0, 0, 0, 0, 0, 0, 0, 0, 0, 0, 0, 0, 0, 0], [0, 0, 0, 0, 0, 0, 0, 0, 1, 0, 0, 0, 0, 0, 0, 0, 0, 0, 0, 0, 0, 0], [0, 0, 0, 0, 0, 0, 0, 0, 0, 1, 0, 0, 0, 0, 0, 0, 0, 0, 0, 0, 0, 0], [0, 0, 0, 0, 0, 0, 0, 0, 0, 0, 1, 0, 0, 0, 0, 0, 0, 0, 0, 0, 0, 0], [0, 0, 0, 0, 0, 0, 0, 0, 0, 0, 0, 1, 0, 0, 0, 0, 0, 0, 0, 0, 0, 0], [0, 0, 0, 0, 0, 0, 0, 0, 0, 0, 0, 0, 1, 0, 0, 0, 0, 0, 0, 0, 0, 0], [0, 0, 0, 0, 0, 0, 0, 0, 0, 0, 0, 0, 0, 1, 0, 0, 0, 0, 0, 0, 0, 0], [0, 0, 0, 0, 0, 0, 0, 0, 0, 0, 0, 0, 0, 0, 1, 0, 0, 0, 0, 0, 0, 0], [0, 0, 0, 0, 0, 0, 0, 0, 0, 0, 0, 0, 0, 0, 0, 1, 0, 0, 0, 0, 0, 0], [0, 0, 0, 0, 0, 0, 0, 0, 0, 0, 0, 0, 0, 0, 0, 0, 1, 0, 0, 0, 0, 0], [0, 0, 0, 0, 0, 0, 0, 0, 0, 0, 0, 0, 0, 0, 0, 0, 0, 1, 0, 0, 0, 0], [0, 0, 0, 0, 0, 0, 0, 0, 0, 0, 0, 0, 0, 0, 0, 0, 0, 0, 1, 0, 0, 0], [0, 0, 0, 0, 0, 0, 0, 0, 0, 0, 0, 0, 0, 0, 0, 0, 0, 0, 0, 1, 0, 0], [0, 0, 0, 0, 0, 0, 0, 0, 0, 0, 0, 0, 0, 0, 0, 0, 0, 0, 0, 0, 1, 0], [0, 0, 0, 0, 0, 0, 0, 0, 0, 0, 0, 0, 0, 0, 0, 0, 0, 0, 0, 0, 0, 1]]
[[0, 0, -1, 0, 0, 0, -1, -1, -1, 0, 0, -1, -1, 0, -1, 0, -1, 0, -1, -2, 0, 0], [-1, -2, 0, 1, -1, -1, 0, 0, -1, 0, 0, 1, 1, 1, 0, 0, 0, 1, 2, 2, 0, 0], [-4, -2, -3, 4, -5, -1, -1, 3, -2, 0, 2, 5, 1, 0, 0, -1, -1, 4, 8, 2, -1, 0], [-2, -2, -2, 2, -3, -1, -1, 1, -2, 0, 1, 2, 0, 0, 0, 0, -1, 3, 4, 1, 0, 0], [4, 2, 2, -3, 3, 2, 0, 0, 4, 0, -1, -1, -1, -2, 2, 1, 2, -3, -4, -1, 1, 0], [1, -2, 1, 0, 1, -1, 0, -1, -1, 0, -1, -1, 1, 1, 0, 1, 0, 0, -1, 1, 1, 1], [-1, 0, 0, 0, 0, 0, 0, 0, 0, 0, 0, -1, 0, 0, 0, 0, 0, 0, -1, 0, 0, 0], [1, 2, -1, -1, 0, 2, -1, 1, 2, 0, 0, 0, -2, -2, 0, 0, 0, -1, -1, -3, 0, 0], [-1, 1, 0, 0, 0, 0, 1, 0, 0, 0, 0, 0, 1, 0, -1, -1, 0, 0, 0, 0, -1, -1], [0, 2, -1, -1, 0, 1, 0, 0, 1, -1, 0, -2, -1, -1, -2, -1, -1, -1, -2, -4, -1, -1], [3, 1, 2, -3, 4, 0, 1, -4, 0, 0, -2, -4, 0, 1, -1, 0, 0, -3, -6, -2, 0, 0], [-2, 0, -1, 2, -2, 0, 0, 2, 0, 0, 1, 3, 1, 0, 0, -1, 0, 2, 4, 2, -1, 0], [1, -1, 2, -1, 2, 0, 1, -2, 0, 0, -1, -2, 1, 1, -1, 0, 0, -1, -2, 0, 0, 0], [0, 0, 0, 0, 0, 0, 0, 0, 0, 0, 0, 0, 0, -1, 0, 0, 0, 0, 0, 0, 0, 0], [-1, -1, 0, 1, -1, 0, 0, 1, 0, 0, 1, 1, 0, -1, 0, 0, 0, 1, 2, 0, 0, 0], [0, 0, 1, 0, 0, 0, 0, 1, 1, 0, 0, 0, 1, 0, 1, 1, 1, 0, 0, 2, 0, 0], [2, -1, 1, -1, 2, -1, 0, -2, -1, 0, 0, -2, -2, 0, 3, 2, 0, -1, -3, 1, 2, 1], [-1, -1, -1, 2, -1, 0, 0, 1, 0, 0, 1, 2, 0, -1, 1, 0, 0, 1, 2, 1, 0, 0], [2, 0, 2, -2, 2, 0, 0, -1, 1, 0, -1, -2, 0, 0, 1, 1, 1, -2, -3, 0, 1, 0], [1, 1, 0, -1, 1, 0, 0, -1, 0, 0, -1, -1, 0, 1, -1, 0, 0, -1, -2, -1, 0, 0], [0, -2, 1, 0, 1, -1, 1, -2, -1, 0, -2, -1, 2, 2, -1, -1, 0, 0, 0, 2, 0, 0], [0, 0, 1, -1, 1, 0, 1, -1, -1, 0, 0, -1, 0, 1, 0, 0, 0, -1, -2, 0, 0, 0]]
[[1, 0, 0, 0, 0, 0, 0, 0, 0, 0, 0, 0, 0, 0, 0, 0, 0, 0, 0, 0, 0, 0], [0, 1, 0, 0, 0, 0, 0, 0, 0, 0, 0, 0, 0, 0, 0, 0, 0, 0, 0, 0, 0, 0], [0, 0, 1, 0, 0, 0, 0, 0, 0, 0, 0, 0, 0, 0, 0, 0, 0, 0, 0, 0, 0, 0], [0, 0, 0, 1, 0, 0, 0, 0, 0, 0, 0, 0, 0, 0, 0, 0, 0, 0, 0, 0, 0, 0], [0, 0, 0, 0, 1, 0, 0, 0, 0, 0, 0, 0, 0, 0, 0, 0, 0, 0, 0, 0, 0, 0], [0, 0, 0, 0, 0, 1, 0, 0, 0, 0, 0, 0, 0, 0, 0, 0, 0, 0, 0, 0, 0, 0], [0, 0, 0, 0, 0, 0, 1, 0, 0, 0, 0, 0, 0, 0, 0, 0, 0, 0, 0, 0, 0, 0], [0, 0, 0, 0, 0, 0, 0, 1, 0, 0, 0, 0, 0, 0, 0, 0, 0, 0, 0, 0, 0, 0], [0, 0, 0, 0, 0, 0, 0, 0, 1, 0, 0, 0, 0, 0, 0, 0, 0, 0, 0, 0, 0, 0], [0, 0, 0, 0, 0, 0, 0, 0, 0, 1, 0, 0, 0, 0, 0, 0, 0, 0, 0, 0, 0, 0], [0, 0, 0, 0, 0, 0, 0, 0, 0, 0, 1, 0, 0, 0, 0, 0, 0, 0, 0, 0, 0, 0], [0, 0, 0, 0, 0, 0, 0, 0, 0, 0, 0, 1, 0, 0, 0, 0, 0, 0, 0, 0, 0, 0], [0, 0, 0, 0, 0, 0, 0, 0, 0, 0, 0, 0, 1, 0, 0, 0, 0, 0, 0, 0, 0, 0], [0, 0, 0, 0, 0, 0, 0, 0, 0, 0, 0, 0, 0, 1, 0, 0, 0, 0, 0, 0, 0, 0], [0, 0, 0, 0, 0, 0, 0, 0, 0, 0, 0, 0, 0, 0, 1, 0, 0, 0, 0, 0, 0, 0], [0, 0, 0, 0, 0, 0, 0, 0, 0, 0, 0, 0, 0, 0, 0, 1, 0, 0, 0, 0, 0, 0], [0, 0, 0, 0, 0, 0, 0, 0, 0, 0, 0, 0, 0, 0, 0, 0, 1, 0, 0, 0, 0, 0], [0, 0, 0, 0, 0, 0, 0, 0, 0, 0, 0, 0, 0, 0, 0, 0, 0, 1, 0, 0, 0, 0], [0, 0, 0, 0, 0, 0, 0, 0, 0, 0, 0, 0, 0, 0, 0, 0, 0, 0, 1, 0, 0, 0], [0, 0, 0, 0, 0, 0, 0, 0, 0, 0, 0, 0, 0, 0, 0, 0, 0, 0, 0, 1, 0, 0], [0, 0, 0, 0, 0, 0, 0, 0, 0, 0, 0, 0, 0, 0, 0, 0, 0, 0, 0, 0, 1, 0], [0, 0, 0, 0, 0, 0, 0, 0, 0, 0, 0, 0, 0, 0, 0, 0, 0, 0, 0, 0, 0, 1]]
[[-2, 2, -3, 2, -4, 0, -2, 3, 1, 0, 2, 3, -1, -3, 0, 0, -1, 2, 5, -1, -2, -1], [10, -5, 9, -8, 15, -2, 7, -15, -7, 2, -8, -13, 1, 9, 0, 0, 2, -7, -20, 2, 7, 5], [8, -6, 9, -6, 12, -2, 6, -12, -6, 2, -6, -10, 2, 8, 0, 0, 2, -6, -16, 2, 6, 4], [9, -5, 8, -6, 13, -2, 6, -13, -6, 2, -7, -11, 1, 8, 0, 0, 2, -6, -17, 2, 6, 5], [-18, 11, -16, 15, -27, 4, -13, 29, 14, -4, 15, 25, -1, -16, 0, 0, -3, 13, 38, -3, -13, -9], [6, -3, 5, -5, 9, -1, 4, -10, -5, 2, -5, -8, 0, 5, 0, 0, 1, -4, -12, 1, 4, 4], [0, 0, 0, 0, 0, 0, 1, 0, 0, 0, 0, 0, 0, 0, 0, 0, 0, 0, 0, 0, 0, 0], [-17, 10, -15, 14, -26, 3, -12, 27, 12, -3, 14, 23, -1, -15, 0, 0, -3, 12, 35, -3, -12, -8], [1, -1, 1, -1, 2, 0, 1, -2, 0, 0, -1, -2, 0, 1, 0, 0, 0, -1, -3, 0, 1, 0], [-12, 8, -11, 10, -19, 3, -9, 20, 10, -2, 10, 17, -1, -11, 0, 0, -2, 9, 26, -2, -9, -6], [-2, 3, -3, 1, -3, 1, -2, 3, 2, -1, 2, 2, -2, -3, 0, 0, -1, 2, 4, -1, -2, -1], [5, -4, 5, -4, 8, -1, 4, -8, -4, 1, -4, -6, 1, 5, 0, 0, 1, -4, -11, 1, 4, 2], [2, 0, 1, -2, 3, 0, 1, -3, -1, 0, -2, -3, 0, 1, 0, 0, 0, -1, -4, 0, 1, 1], [-2, 1, -2, 1, -2, 0, -1, 1, 0, 0, 1, 1, -1, -1, 0, 0, -1, 1, 2, -1, -1, -1], [-6, 3, -5, 5, -9, 1, -4, 9, 4, -1, 5, 8, 0, -5, 1, 0, -1, 4, 12, -1, -4, -3], [6, -3, 5, -5, 9, -1, 4, -9, -4, 1, -5, -8, 0, 5, 0, 1, 1, -4, -12, 1, 4, 3], [1, -1, 1, -1, 2, 0, 1, -2, -1, 0, -1, -2, 0, 1, 0, 0, 1, -1, -3, 0, 1, 0], [-1, -1, 0, 1, -1, 0, 0, 1, 0, 0, 1, 1, 1, 0, 0, 0, 0, 1, 1, 0, 0, -1], [-4, 3, -4, 3, -6, 1, -3, 6, 3, -1, 3, 5, -1, -4, 0, 0, -1, 3, 9, -1, -3, -2], [5, -2, 4, -4, 7, -1, 3, -7, -3, 1, -4, -6, 0, 4, 0, 0, 1, -3, -9, 2, 3, 3], [12, -6, 10, -10, 18, -2, 8, -18, -8, 2, -10, -16, 0, 10, 0, 0, 2, -8, -24, 2, 9, 6], [2, -2, 2, -2, 4, 0, 2, -4, -2, 0, -2, -4, 0, 2, 0, 0, 0, -2, -6, 0, 2, 1]]
[[1, 0, 0, 0, 0, 0, 0, 0, 0, 0, 0, 0, 0, 0, 0, 0, 0, 0, 0, 0, 0, 0], [0, 1, 0, 0, 0, 0, 0, 0, 0, 0, 0, 0, 0, 0, 0, 0, 0, 0, 0, 0, 0, 0], [0, 0, 1, 0, 0, 0, 0, 0, 0, 0, 0, 0, 0, 0, 0, 0, 0, 0, 0, 0, 0, 0], [0, 0, 0, 1, 0, 0, 0, 0, 0, 0, 0, 0, 0, 0, 0, 0, 0, 0, 0, 0, 0, 0], [0, 0, 0, 0, 1, 0, 0, 0, 0, 0, 0, 0, 0, 0, 0, 0, 0, 0, 0, 0, 0, 0], [0, 0, 0, 0, 0, 1, 0, 0, 0, 0, 0, 0, 0, 0, 0, 0, 0, 0, 0, 0, 0, 0], [0, 0, 0, 0, 0, 0, 1, 0, 0, 0, 0, 0, 0, 0, 0, 0, 0, 0, 0, 0, 0, 0], [0, 0, 0, 0, 0, 0, 0, 1, 0, 0, 0, 0, 0, 0, 0, 0, 0, 0, 0, 0, 0, 0], [0, 0, 0, 0, 0, 0, 0, 0, 1, 0, 0, 0, 0, 0, 0, 0, 0, 0, 0, 0, 0, 0], [0, 0, 0, 0, 0, 0, 0, 0, 0, 1, 0, 0, 0, 0, 0, 0, 0, 0, 0, 0, 0, 0], [0, 0, 0, 0, 0, 0, 0, 0, 0, 0, 1, 0, 0, 0, 0, 0, 0, 0, 0, 0, 0, 0], [0, 0, 0, 0, 0, 0, 0, 0, 0, 0, 0, 1, 0, 0, 0, 0, 0, 0, 0, 0, 0, 0], [0, 0, 0, 0, 0, 0, 0, 0, 0, 0, 0, 0, 1, 0, 0, 0, 0, 0, 0, 0, 0, 0], [0, 0, 0, 0, 0, 0, 0, 0, 0, 0, 0, 0, 0, 1, 0, 0, 0, 0, 0, 0, 0, 0], [0, 0, 0, 0, 0, 0, 0, 0, 0, 0, 0, 0, 0, 0, 1, 0, 0, 0, 0, 0, 0, 0], [0, 0, 0, 0, 0, 0, 0, 0, 0, 0, 0, 0, 0, 0, 0, 1, 0, 0, 0, 0, 0, 0], [0, 0, 0, 0, 0, 0, 0, 0, 0, 0, 0, 0, 0, 0, 0, 0, 1, 0, 0, 0, 0, 0], [0, 0, 0, 0, 0, 0, 0, 0, 0, 0, 0, 0, 0, 0, 0, 0, 0, 1, 0, 0, 0, 0], [0, 0, 0, 0, 0, 0, 0, 0, 0, 0, 0, 0, 0, 0, 0, 0, 0, 0, 1, 0, 0, 0], [0, 0, 0, 0, 0, 0, 0, 0, 0, 0, 0, 0, 0, 0, 0, 0, 0, 0, 0, 1, 0, 0], [0, 0, 0, 0, 0, 0, 0, 0, 0, 0, 0, 0, 0, 0, 0, 0, 0, 0, 0, 0, 1, 0], [0, 0, 0, 0, 0, 0, 0, 0, 0, 0, 0, 0, 0, 0, 0, 0, 0, 0, 0, 0, 0, 1]]
[[1, 0, 0, 0, 0, 0, 0, 0, 0, 0, 0, 0, 0, 0, 0, 0, 0, 0, 0, 0, 0, 0], [1, 0, 2, 0, 1, 0, 1, 1, 1, 1, -1, 1, 2, 1, 1, 1, 2, 0, 0, 3, 1, 1], [1, -1, 0, 3, -2, 0, -2, 5, 4, 1, 0, 5, 1, -2, 3, 2, 3, 2, 5, 4, 2, 1], [1, -1, 1, 2, 0, 0, 0, 2, 2, 1, -1, 2, 2, 0, 1, 1, 2, 1, 2, 3, 1, 1], [-2, 2, -3, 0, -1, 0, -1, -1, -1, -2, 2, -2, -3, -1, -2, -2, -3, 0, 0, -5, -2, -2], [1, -1, 2, 0, 1, 1, 1, 1, 1, 1, -1, 1, 2, 1, 1, 1, 2, 0, 0, 3, 1, 1], [0, 0, -1, 0, 0, 0, 0, -1, -1, 0, 0, 0, -1, -1, 0, 0, -1, 0, 0, -1, 0, 0], [-2, 2, -4, 1, -3, 0, -2, 1, 0, -2, 2, -1, -3, -2, -2, -2, -3, 1, 2, -5, -2, -2], [0, 0, 0, -1, 1, 0, 0, -2, -1, 0, 0, -1, -1, 0, 0, 0, -1, -1, -2, -1, 0, 0], [-2, 2, -3, 0, -2, 0, -1, -1, -1, -1, 2, -2, -3, -1, -2, -2, -3, 0, 0, -5, -2, -2], [0, 0, 2, -2, 2, 0, 2, -3, -2, 0, 0, -3, 1, 2, -2, -1, -1, -1, -3, -1, -1, 0], [0, 0, -1, 1, -1, 0, -1, 1, 1, 0, 0, 2, 0, -1, 0, 0, 0, 1, 2, 0, 0, 0], [0, 0, 1, -1, 1, 0, 1, -1, -1, 0, 0, -1, 1, 1, 0, 0, 0, -1, -2, 0, 0, 0], [0, 0, -1, 0, 0, 0, -1, -1, -1, 0, 0, 0, -1, 0, 0, 0, -1, 0, 0, -1, 0, 0], [0, 0, -3, 2, -2, 0, -3, 2, 1, 0, 1, 3, -2, -3, 3, 1, 0, 1, 3, 0, 1, 0], [0, 0, 1, -1, 1, 0, 1, -1, -1, 0, 0, -1, 0, 1, 0, 1, 0, -1, -2, 0, 0, 0], [1, -1, 2, -1, 2, 0, 1, -1, -1, 1, -1, 0, 1, 1, 1, 1, 2, -1, -2, 2, 1, 1], [0, 0, -2, 1, -1, 0, -2, 1, 0, 0, 1, 2, -2, -2, 2, 1, 0, 1, 1, 0, 1, 0], [0, 0, 1, -1, 1, 0, 1, -1, -1, 0, 0, -1, 0, 1, 0, 0, 0, -1, -1, 0, 0, 0], [0, 0, 2, -1, 1, 0, 2, -1, 0, 0, -1, -2, 2, 2, -2, -1, 0, 0, -1, 1, -1, 0], [1, -1, 4, -2, 3, 0, 3, -2, -1, 1, -2, -2, 3, 3, -1, 0, 1, -1, -3, 2, 1, 1], [0, 0, 1, -1, 1, 0, 1, -1, -1, 0, 0, -1, 0, 1, 0, 0, 0, -1, -2, 0, 0, 1]]
[[1, 0, 0, 0, 0, 0, 0, 0, 0, 0, 0, 0, 0, 0, 0, 0, 0, 0, 0, 0, 0, 0], [0, 1, 0, 0, 0, 0, 0, 0, 0, 0, 0, 0, 0, 0, 0, 0, 0, 0, 0, 0, 0, 0], [0, 0, 1, 0, 0, 0, 0, 0, 0, 0, 0, 0, 0, 0, 0, 0, 0, 0, 0, 0, 0, 0], [0, 0, 0, 1, 0, 0, 0, 0, 0, 0, 0, 0, 0, 0, 0, 0, 0, 0, 0, 0, 0, 0], [0, 0, 0, 0, 1, 0, 0, 0, 0, 0, 0, 0, 0, 0, 0, 0, 0, 0, 0, 0, 0, 0], [0, 0, 0, 0, 0, 1, 0, 0, 0, 0, 0, 0, 0, 0, 0, 0, 0, 0, 0, 0, 0, 0], [0, 0, 0, 0, 0, 0, 1, 0, 0, 0, 0, 0, 0, 0, 0, 0, 0, 0, 0, 0, 0, 0], [0, 0, 0, 0, 0, 0, 0, 1, 0, 0, 0, 0, 0, 0, 0, 0, 0, 0, 0, 0, 0, 0], [0, 0, 0, 0, 0, 0, 0, 0, 1, 0, 0, 0, 0, 0, 0, 0, 0, 0, 0, 0, 0, 0], [0, 0, 0, 0, 0, 0, 0, 0, 0, 1, 0, 0, 0, 0, 0, 0, 0, 0, 0, 0, 0, 0], [0, 0, 0, 0, 0, 0, 0, 0, 0, 0, 1, 0, 0, 0, 0, 0, 0, 0, 0, 0, 0, 0], [0, 0, 0, 0, 0, 0, 0, 0, 0, 0, 0, 1, 0, 0, 0, 0, 0, 0, 0, 0, 0, 0], [0, 0, 0, 0, 0, 0, 0, 0, 0, 0, 0, 0, 1, 0, 0, 0, 0, 0, 0, 0, 0, 0], [0, 0, 0, 0, 0, 0, 0, 0, 0, 0, 0, 0, 0, 1, 0, 0, 0, 0, 0, 0, 0, 0], [0, 0, 0, 0, 0, 0, 0, 0, 0, 0, 0, 0, 0, 0, 1, 0, 0, 0, 0, 0, 0, 0], [0, 0, 0, 0, 0, 0, 0, 0, 0, 0, 0, 0, 0, 0, 0, 1, 0, 0, 0, 0, 0, 0], [0, 0, 0, 0, 0, 0, 0, 0, 0, 0, 0, 0, 0, 0, 0, 0, 1, 0, 0, 0, 0, 0], [0, 0, 0, 0, 0, 0, 0, 0, 0, 0, 0, 0, 0, 0, 0, 0, 0, 1, 0, 0, 0, 0], [0, 0, 0, 0, 0, 0, 0, 0, 0, 0, 0, 0, 0, 0, 0, 0, 0, 0, 1, 0, 0, 0], [0, 0, 0, 0, 0, 0, 0, 0, 0, 0, 0, 0, 0, 0, 0, 0, 0, 0, 0, 1, 0, 0], [0, 0, 0, 0, 0, 0, 0, 0, 0, 0, 0, 0, 0, 0, 0, 0, 0, 0, 0, 0, 1, 0], [0, 0, 0, 0, 0, 0, 0, 0, 0, 0, 0, 0, 0, 0, 0, 0, 0, 0, 0, 0, 0, 1]]
[[1, 0, 0, 0, 0, 0, 0, 0, 0, 0, 0, 0, 0, 0, 0, 0, 0, 0, 0, 0, 0, 0], [0, 1, 0, 0, 0, 0, 0, 0, 0, 0, 0, 0, 0, 0, 0, 0, 0, 0, 0, 0, 0, 0], [0, 0, 1, 0, 0, 0, 0, 0, 0, 0, 0, 0, 0, 0, 0, 0, 0, 0, 0, 0, 0, 0], [0, 0, 0, 1, 0, 0, 0, 0, 0, 0, 0, 0, 0, 0, 0, 0, 0, 0, 0, 0, 0, 0], [0, 0, 0, 0, 1, 0, 0, 0, 0, 0, 0, 0, 0, 0, 0, 0, 0, 0, 0, 0, 0, 0], [0, 0, 0, 0, 0, 1, 0, 0, 0, 0, 0, 0, 0, 0, 0, 0, 0, 0, 0, 0, 0, 0], [0, 0, 0, 0, 0, 0, 1, 0, 0, 0, 0, 0, 0, 0, 0, 0, 0, 0, 0, 0, 0, 0], [0, 0, 0, 0, 0, 0, 0, 1, 0, 0, 0, 0, 0, 0, 0, 0, 0, 0, 0, 0, 0, 0], [0, 0, 0, 0, 0, 0, 0, 0, 1, 0, 0, 0, 0, 0, 0, 0, 0, 0, 0, 0, 0, 0], [0, 0, 0, 0, 0, 0, 0, 0, 0, 1, 0, 0, 0, 0, 0, 0, 0, 0, 0, 0, 0, 0], [0, 0, 0, 0, 0, 0, 0, 0, 0, 0, 1, 0, 0, 0, 0, 0, 0, 0, 0, 0, 0, 0], [0, 0, 0, 0, 0, 0, 0, 0, 0, 0, 0, 1, 0, 0, 0, 0, 0, 0, 0, 0, 0, 0], [0, 0, 0, 0, 0, 0, 0, 0, 0, 0, 0, 0, 1, 0, 0, 0, 0, 0, 0, 0, 0, 0], [0, 0, 0, 0, 0, 0, 0, 0, 0, 0, 0, 0, 0, 1, 0, 0, 0, 0, 0, 0, 0, 0], [0, 0, 0, 0, 0, 0, 0, 0, 0, 0, 0, 0, 0, 0, 1, 0, 0, 0, 0, 0, 0, 0], [0, 0, 0, 0, 0, 0, 0, 0, 0, 0, 0, 0, 0, 0, 0, 1, 0, 0, 0, 0, 0, 0], [0, 0, 0, 0, 0, 0, 0, 0, 0, 0, 0, 0, 0, 0, 0, 0, 1, 0, 0, 0, 0, 0], [0, 0, 0, 0, 0, 0, 0, 0, 0, 0, 0, 0, 0, 0, 0, 0, 0, 1, 0, 0, 0, 0], [0, 0, 0, 0, 0, 0, 0, 0, 0, 0, 0, 0, 0, 0, 0, 0, 0, 0, 1, 0, 0, 0], [0, 0, 0, 0, 0, 0, 0, 0, 0, 0, 0, 0, 0, 0, 0, 0, 0, 0, 0, 1, 0, 0], [0, 0, 0, 0, 0, 0, 0, 0, 0, 0, 0, 0, 0, 0, 0, 0, 0, 0, 0, 0, 1, 0], [0, 0, 0, 0, 0, 0, 0, 0, 0, 0, 0, 0, 0, 0, 0, 0, 0, 0, 0, 0, 0, 1]]
[[0, 0, -1, 1, -1, 0, -1, 1, 1, 0, 0, 2, 0, -2, 1, 0, 0, 1, 3, 1, 0, 0], [2, 1, 2, -6, 7, -3, 7, -15, -11, 3, -6, -14, 2, 11, -13, -8, -5, -4, -16, -9, -2, 0], [1, 3, 2, -7, 7, -3, 8, -16, -12, 5, -7, -15, 4, 14, -17, -10, -5, -5, -19, -11, -4, -1], [3, 2, 3, -8, 9, -3, 9, -19, -13, 5, -8, -17, 3, 14, -18, -11, -6, -5, -20, -12, -3, 0], [-4, -1, -5, 15, -17, 7, -18, 38, 28, -8, 15, 35, -4, -27, 33, 21, 13, 9, 39, 22, 5, 0], [2, 0, 2, -5, 6, -2, 6, -13, -9, 3, -5, -11, 1, 8, -10, -7, -4, -3, -12, -7, -1, 1], [-1, -1, 1, 0, 0, 0, 1, -1, -1, 0, 0, -1, 1, 1, -2, -1, -1, 1, 1, 0, -1, 0], [-3, -1, -4, 10, -12, 4, -12, 25, 18, -5, 9, 23, -2, -18, 21, 13, 8, 6, 26, 14, 3, 0], [0, -1, 1, 0, 1, 0, 1, -1, -1, 0, 0, -1, 0, 1, -1, 0, 0, 0, -1, 0, 0, 0], [-2, -1, -2, 8, -9, 4, -9, 20, 15, -4, 7, 19, -1, -14, 16, 10, 7, 5, 22, 12, 2, 0], [1, -2, -2, 3, -2, 1, -4, 6, 5, -3, 2, 6, -3, -7, 9, 5, 2, 2, 7, 5, 3, 1], [0, 1, 2, -5, 5, -2, 6, -12, -9, 3, -4, -12, 2, 10, -12, -7, -4, -3, -14, -8, -3, -1], [1, 0, 0, 0, 1, 0, 0, 0, 0, -1, 0, 0, -1, -1, 2, 1, 0, 0, 0, 1, 1, 1], [-2, 1, 0, 1, -2, 1, -1, 3, 2, 0, 2, 3, 0, -2, 1, 1, 1, 1, 4, 1, -1, -1], [-3, 2, -1, 4, -6, 3, -5, 12, 8, -1, 5, 12, 1, -7, 7, 5, 4, 3, 13, 6, -1, -1], [0, 0, 2, -2, 3, -1, 4, -6, -4, 1, -2, -6, 1, 5, -6, -4, -2, -1, -5, -3, -1, 0], [0, 0, -1, 0, 0, 0, -1, 0, 0, -1, 1, 0, -2, -1, 2, 1, -1, 0, 0, 0, 1, 0], [-1, 1, 0, -1, 1, -1, 2, -3, -3, 0, 0, -3, 1, 3, -4, -2, -2, -1, -4, -3, -2, -1], [-2, 0, -2, 6, -7, 3, -7, 15, 11, -3, 6, 14, -2, -11, 13, 8, 5, 4, 17, 9, 2, 0], [3, -2, 1, -3, 4, -2, 3, -8, -5, 1, -4, -7, 0, 4, -4, -3, -2, -2, -8, -3, 1, 1], [3, 0, 2, -7, 9, -4, 8, -18, -13, 2, -7, -18, 0, 12, -13, -8, -6, -5, -20, -10, -1, 1], [1, -1, 1, -3, 4, -1, 4, -8, -6, 1, -3, -8, 0, 5, -6, -4, -3, -2, -9, -5, 0, 0]]
[[1, 0, 0, 0, 0, 0, 0, 0, 0, 0, 0, 0, 0, 0, 0, 0, 0, 0, 0, 0, 0, 0], [0, 1, 0, 0, 0, 0, 0, 0, 0, 0, 0, 0, 0, 0, 0, 0, 0, 0, 0, 0, 0, 0], [0, 0, 1, 0, 0, 0, 0, 0, 0, 0, 0, 0, 0, 0, 0, 0, 0, 0, 0, 0, 0, 0], [0, 0, 0, 1, 0, 0, 0, 0, 0, 0, 0, 0, 0, 0, 0, 0, 0, 0, 0, 0, 0, 0], [0, 0, 0, 0, 1, 0, 0, 0, 0, 0, 0, 0, 0, 0, 0, 0, 0, 0, 0, 0, 0, 0], [0, 0, 0, 0, 0, 1, 0, 0, 0, 0, 0, 0, 0, 0, 0, 0, 0, 0, 0, 0, 0, 0], [0, 0, 0, 0, 0, 0, 1, 0, 0, 0, 0, 0, 0, 0, 0, 0, 0, 0, 0, 0, 0, 0], [0, 0, 0, 0, 0, 0, 0, 1, 0, 0, 0, 0, 0, 0, 0, 0, 0, 0, 0, 0, 0, 0], [0, 0, 0, 0, 0, 0, 0, 0, 1, 0, 0, 0, 0, 0, 0, 0, 0, 0, 0, 0, 0, 0], [0, 0, 0, 0, 0, 0, 0, 0, 0, 1, 0, 0, 0, 0, 0, 0, 0, 0, 0, 0, 0, 0], [0, 0, 0, 0, 0, 0, 0, 0, 0, 0, 1, 0, 0, 0, 0, 0, 0, 0, 0, 0, 0, 0], [0, 0, 0, 0, 0, 0, 0, 0, 0, 0, 0, 1, 0, 0, 0, 0, 0, 0, 0, 0, 0, 0], [0, 0, 0, 0, 0, 0, 0, 0, 0, 0, 0, 0, 1, 0, 0, 0, 0, 0, 0, 0, 0, 0], [0, 0, 0, 0, 0, 0, 0, 0, 0, 0, 0, 0, 0, 1, 0, 0, 0, 0, 0, 0, 0, 0], [0, 0, 0, 0, 0, 0, 0, 0, 0, 0, 0, 0, 0, 0, 1, 0, 0, 0, 0, 0, 0, 0], [0, 0, 0, 0, 0, 0, 0, 0, 0, 0, 0, 0, 0, 0, 0, 1, 0, 0, 0, 0, 0, 0], [0, 0, 0, 0, 0, 0, 0, 0, 0, 0, 0, 0, 0, 0, 0, 0, 1, 0, 0, 0, 0, 0], [0, 0, 0, 0, 0, 0, 0, 0, 0, 0, 0, 0, 0, 0, 0, 0, 0, 1, 0, 0, 0, 0], [0, 0, 0, 0, 0, 0, 0, 0, 0, 0, 0, 0, 0, 0, 0, 0, 0, 0, 1, 0, 0, 0], [0, 0, 0, 0, 0, 0, 0, 0, 0, 0, 0, 0, 0, 0, 0, 0, 0, 0, 0, 1, 0, 0], [0, 0, 0, 0, 0, 0, 0, 0, 0, 0, 0, 0, 0, 0, 0, 0, 0, 0, 0, 0, 1, 0], [0, 0, 0, 0, 0, 0, 0, 0, 0, 0, 0, 0, 0, 0, 0, 0, 0, 0, 0, 0, 0, 1]]
[[-1, 0, 0, 0, 0, 0, 0, 0, 0, 0, 0, 0, 0, 0, 0, 0, 0, 0, 0, 0, 0, 0], [0, 2, -2, -1, 0, -2, 1, -4, -4, 0, 0, -4, -2, 1, -3, -2, -3, 0, -3, -4, -1, -1], [-1, 4, -4, -2, -1, -5, 3, -9, -10, 0, 1, -9, -3, 3, -9, -6, -8, 0, -6, -11, -4, -3], [-1, 4, -4, -2, 0, -4, 2, -8, -8, 0, 0, -8, -3, 3, -7, -5, -6, -1, -7, -9, -3, -2], [1, -5, 6, 3, 0, 6, -4, 13, 12, 0, 1, 13, 4, -5, 13, 9, 10, 1, 10, 15, 4, 4], [-1, 2, -2, -2, 1, -1, 1, -5, -4, 0, -1, -5, -2, 2, -4, -3, -3, -1, -5, -5, -1, -1], [1, 1, 0, -1, 1, 0, 1, -1, 0, 0, -1, -1, 0, 1, -1, -1, 0, -1, -2, -1, 0, 0], [-1, -3, 3, 2, -1, 3, -2, 7, 5, 1, 1, 7, 2, -2, 6, 4, 5, 1, 6, 7, 2, 2], [1, 0, 0, 0, 0, 0, 0, 0, 1, 0, 0, 0, 0, 0, 0, 0, 0, 0, 0, 0, 0, 0], [0, -2, 3, 1, 0, 3, -2, 6, 6, 1, 0, 6, 2, -2, 6, 4, 5, 0, 4, 7, 2, 2], [1, -3, 3, 1, 1, 3, -2, 5, 6, 0, 0, 5, 1, -2, 6, 4, 5, 0, 3, 7, 3, 2], [1, 2, -3, -1, 0, -3, 2, -6, -6, 0, 0, -5, -2, 2, -6, -4, -5, 0, -4, -7, -2, -2], [1, -2, 1, 0, 1, 1, -1, 1, 2, 0, -1, 1, 0, -1, 3, 2, 2, 0, 0, 3, 2, 1], [0, 0, 0, 0, 0, 0, 0, 1, 1, -1, 0, 0, 0, 0, 1, 1, 0, 0, 0, 1, 0, 0], [0, 0, 0, 0, 0, 0, 0, 1, 1, -1, 0, 0, 0, -1, 2, 1, 0, 0, 0, 1, 0, 0], [1, 1, 0, -1, 1, 0, 0, -1, 0, 0, -1, -1, 0, 1, -1, 0, 0, -1, -2, -1, 0, 0], [0, 0, 1, 1, 0, 1, 0, 3, 3, -1, 0, 2, 2, -1, 1, 1, 2, 0, 2, 2, 0, 0], [1, 1, -1, 0, 0, -1, 1, -2, -2, 0, 0, -2, 0, 1, -3, -2, -2, 1, -1, -3, -1, -1], [0, -2, 3, 1, 0, 3, -2, 7, 7, -1, 0, 6, 2, -3, 7, 5, 5, 0, 5, 8, 2, 2], [-1, 0, 0, 0, 0, 0, 0, -1, -1, 1, 0, 0, 0, 1, -1, -1, 0, 0, 0, 0, 0, 0], [1, 0, -1, -1, 0, -1, 0, -2, -2, 0, 0, -2, -2, 0, 0, 0, -1, 0, -2, -1, 1, 0], [1, 0, -1, 0, 1, -1, 1, -3, -2, 0, -1, -3, -1, 1, -3, -2, -2, 0, -2, -3, 0, 0]]
[[1, 0, 0, 0, 0, 0, 0, 0, 0, 0, 0, 0, 0, 0, 0, 0, 0, 0, 0, 0, 0, 0], [0, 1, 0, 0, 0, 0, 0, 0, 0, 0, 0, 0, 0, 0, 0, 0, 0, 0, 0, 0, 0, 0], [0, 0, 1, 0, 0, 0, 0, 0, 0, 0, 0, 0, 0, 0, 0, 0, 0, 0, 0, 0, 0, 0], [0, 0, 0, 1, 0, 0, 0, 0, 0, 0, 0, 0, 0, 0, 0, 0, 0, 0, 0, 0, 0, 0], [0, 0, 0, 0, 1, 0, 0, 0, 0, 0, 0, 0, 0, 0, 0, 0, 0, 0, 0, 0, 0, 0], [0, 0, 0, 0, 0, 1, 0, 0, 0, 0, 0, 0, 0, 0, 0, 0, 0, 0, 0, 0, 0, 0], [0, 0, 0, 0, 0, 0, 1, 0, 0, 0, 0, 0, 0, 0, 0, 0, 0, 0, 0, 0, 0, 0], [0, 0, 0, 0, 0, 0, 0, 1, 0, 0, 0, 0, 0, 0, 0, 0, 0, 0, 0, 0, 0, 0], [0, 0, 0, 0, 0, 0, 0, 0, 1, 0, 0, 0, 0, 0, 0, 0, 0, 0, 0, 0, 0, 0], [0, 0, 0, 0, 0, 0, 0, 0, 0, 1, 0, 0, 0, 0, 0, 0, 0, 0, 0, 0, 0, 0], [0, 0, 0, 0, 0, 0, 0, 0, 0, 0, 1, 0, 0, 0, 0, 0, 0, 0, 0, 0, 0, 0], [0, 0, 0, 0, 0, 0, 0, 0, 0, 0, 0, 1, 0, 0, 0, 0, 0, 0, 0, 0, 0, 0], [0, 0, 0, 0, 0, 0, 0, 0, 0, 0, 0, 0, 1, 0, 0, 0, 0, 0, 0, 0, 0, 0], [0, 0, 0, 0, 0, 0, 0, 0, 0, 0, 0, 0, 0, 1, 0, 0, 0, 0, 0, 0, 0, 0], [0, 0, 0, 0, 0, 0, 0, 0, 0, 0, 0, 0, 0, 0, 1, 0, 0, 0, 0, 0, 0, 0], [0, 0, 0, 0, 0, 0, 0, 0, 0, 0, 0, 0, 0, 0, 0, 1, 0, 0, 0, 0, 0, 0], [0, 0, 0, 0, 0, 0, 0, 0, 0, 0, 0, 0, 0, 0, 0, 0, 1, 0, 0, 0, 0, 0], [0, 0, 0, 0, 0, 0, 0, 0, 0, 0, 0, 0, 0, 0, 0, 0, 0, 1, 0, 0, 0, 0], [0, 0, 0, 0, 0, 0, 0, 0, 0, 0, 0, 0, 0, 0, 0, 0, 0, 0, 1, 0, 0, 0], [0, 0, 0, 0, 0, 0, 0, 0, 0, 0, 0, 0, 0, 0, 0, 0, 0, 0, 0, 1, 0, 0], [0, 0, 0, 0, 0, 0, 0, 0, 0, 0, 0, 0, 0, 0, 0, 0, 0, 0, 0, 0, 1, 0], [0, 0, 0, 0, 0, 0, 0, 0, 0, 0, 0, 0, 0, 0, 0, 0, 0, 0, 0, 0, 0, 1]]
[[1, 0, 0, 0, 0, 0, 0, 0, 0, 0, 0, 0, 0, 0, 0, 0, 0, 0, 0, 0, 0, 0], [0, 1, 0, 0, 0, 0, 0, 0, 0, 0, 0, 0, 0, 0, 0, 0, 0, 0, 0, 0, 0, 0], [0, 0, 1, 0, 0, 0, 0, 0, 0, 0, 0, 0, 0, 0, 0, 0, 0, 0, 0, 0, 0, 0], [0, 0, 0, 1, 0, 0, 0, 0, 0, 0, 0, 0, 0, 0, 0, 0, 0, 0, 0, 0, 0, 0], [0, 0, 0, 0, 1, 0, 0, 0, 0, 0, 0, 0, 0, 0, 0, 0, 0, 0, 0, 0, 0, 0], [0, 0, 0, 0, 0, 1, 0, 0, 0, 0, 0, 0, 0, 0, 0, 0, 0, 0, 0, 0, 0, 0], [0, 0, 0, 0, 0, 0, 1, 0, 0, 0, 0, 0, 0, 0, 0, 0, 0, 0, 0, 0, 0, 0], [0, 0, 0, 0, 0, 0, 0, 1, 0, 0, 0, 0, 0, 0, 0, 0, 0, 0, 0, 0, 0, 0], [0, 0, 0, 0, 0, 0, 0, 0, 1, 0, 0, 0, 0, 0, 0, 0, 0, 0, 0, 0, 0, 0], [0, 0, 0, 0, 0, 0, 0, 0, 0, 1, 0, 0, 0, 0, 0, 0, 0, 0, 0, 0, 0, 0], [0, 0, 0, 0, 0, 0, 0, 0, 0, 0, 1, 0, 0, 0, 0, 0, 0, 0, 0, 0, 0, 0], [0, 0, 0, 0, 0, 0, 0, 0, 0, 0, 0, 1, 0, 0, 0, 0, 0, 0, 0, 0, 0, 0], [0, 0, 0, 0, 0, 0, 0, 0, 0, 0, 0, 0, 1, 0, 0, 0, 0, 0, 0, 0, 0, 0], [0, 0, 0, 0, 0, 0, 0, 0, 0, 0, 0, 0, 0, 1, 0, 0, 0, 0, 0, 0, 0, 0], [0, 0, 0, 0, 0, 0, 0, 0, 0, 0, 0, 0, 0, 0, 1, 0, 0, 0, 0, 0, 0, 0], [0, 0, 0, 0, 0, 0, 0, 0, 0, 0, 0, 0, 0, 0, 0, 1, 0, 0, 0, 0, 0, 0], [0, 0, 0, 0, 0, 0, 0, 0, 0, 0, 0, 0, 0, 0, 0, 0, 1, 0, 0, 0, 0, 0], [0, 0, 0, 0, 0, 0, 0, 0, 0, 0, 0, 0, 0, 0, 0, 0, 0, 1, 0, 0, 0, 0], [0, 0, 0, 0, 0, 0, 0, 0, 0, 0, 0, 0, 0, 0, 0, 0, 0, 0, 1, 0, 0, 0], [0, 0, 0, 0, 0, 0, 0, 0, 0, 0, 0, 0, 0, 0, 0, 0, 0, 0, 0, 1, 0, 0], [0, 0, 0, 0, 0, 0, 0, 0, 0, 0, 0, 0, 0, 0, 0, 0, 0, 0, 0, 0, 1, 0], [0, 0, 0, 0, 0, 0, 0, 0, 0, 0, 0, 0, 0, 0, 0, 0, 0, 0, 0, 0, 0, 1]]
[[1, 0, 0, 0, 0, 0, 0, 0, 0, 0, 0, 0, 0, 0, 0, 0, 0, 0, 0, 0, 0, 0], [0, 1, 0, 0, 0, 0, 0, 0, 0, 0, 0, 0, 0, 0, 0, 0, 0, 0, 0, 0, 0, 0], [0, 0, 1, 0, 0, 0, 0, 0, 0, 0, 0, 0, 0, 0, 0, 0, 0, 0, 0, 0, 0, 0], [0, 0, 0, 1, 0, 0, 0, 0, 0, 0, 0, 0, 0, 0, 0, 0, 0, 0, 0, 0, 0, 0], [0, 0, 0, 0, 1, 0, 0, 0, 0, 0, 0, 0, 0, 0, 0, 0, 0, 0, 0, 0, 0, 0], [0, 0, 0, 0, 0, 1, 0, 0, 0, 0, 0, 0, 0, 0, 0, 0, 0, 0, 0, 0, 0, 0], [0, 0, 0, 0, 0, 0, 1, 0, 0, 0, 0, 0, 0, 0, 0, 0, 0, 0, 0, 0, 0, 0], [0, 0, 0, 0, 0, 0, 0, 1, 0, 0, 0, 0, 0, 0, 0, 0, 0, 0, 0, 0, 0, 0], [0, 0, 0, 0, 0, 0, 0, 0, 1, 0, 0, 0, 0, 0, 0, 0, 0, 0, 0, 0, 0, 0], [0, 0, 0, 0, 0, 0, 0, 0, 0, 1, 0, 0, 0, 0, 0, 0, 0, 0, 0, 0, 0, 0], [0, 0, 0, 0, 0, 0, 0, 0, 0, 0, 1, 0, 0, 0, 0, 0, 0, 0, 0, 0, 0, 0], [0, 0, 0, 0, 0, 0, 0, 0, 0, 0, 0, 1, 0, 0, 0, 0, 0, 0, 0, 0, 0, 0], [0, 0, 0, 0, 0, 0, 0, 0, 0, 0, 0, 0, 1, 0, 0, 0, 0, 0, 0, 0, 0, 0], [0, 0, 0, 0, 0, 0, 0, 0, 0, 0, 0, 0, 0, 1, 0, 0, 0, 0, 0, 0, 0, 0], [0, 0, 0, 0, 0, 0, 0, 0, 0, 0, 0, 0, 0, 0, 1, 0, 0, 0, 0, 0, 0, 0], [0, 0, 0, 0, 0, 0, 0, 0, 0, 0, 0, 0, 0, 0, 0, 1, 0, 0, 0, 0, 0, 0], [0, 0, 0, 0, 0, 0, 0, 0, 0, 0, 0, 0, 0, 0, 0, 0, 1, 0, 0, 0, 0, 0], [0, 0, 0, 0, 0, 0, 0, 0, 0, 0, 0, 0, 0, 0, 0, 0, 0, 1, 0, 0, 0, 0], [0, 0, 0, 0, 0, 0, 0, 0, 0, 0, 0, 0, 0, 0, 0, 0, 0, 0, 1, 0, 0, 0], [0, 0, 0, 0, 0, 0, 0, 0, 0, 0, 0, 0, 0, 0, 0, 0, 0, 0, 0, 1, 0, 0], [0, 0, 0, 0, 0, 0, 0, 0, 0, 0, 0, 0, 0, 0, 0, 0, 0, 0, 0, 0, 1, 0], [0, 0, 0, 0, 0, 0, 0, 0, 0, 0, 0, 0, 0, 0, 0, 0, 0, 0, 0, 0, 0, 1]]
[[1, 0, 0, 0, 0, 0, 0, 0, 0, 0, 0, 0, 0, 0, 0, 0, 0, 0, 0, 0, 0, 0], [0, 1, 1, -1, 1, 2, 1, -1, 0, 2, -1, 0, 1, 1, -3, -2, 0, 0, -1, -2, -1, 0], [0, 1, 2, -1, 1, 5, 1, 1, 2, 5, -2, 3, 2, 1, -4, -3, 2, 1, 0, -2, -1, 0], [0, -1, 1, 0, 1, 3, 1, -1, 0, 3, -2, 1, 2, 1, -4, -3, 0, 1, 0, -2, -1, 0], [-1, 0, -2, 2, -2, -4, -2, 2, 1, -4, 2, 0, -1, -2, 5, 3, 0, 0, 3, 4, 1, -1], [0, 0, 0, 0, 0, 1, 0, 0, 0, 0, 0, 0, 0, 0, 0, 0, 0, 0, 0, 0, 0, 0], [0, -1, 0, 0, 0, -1, 0, -1, -1, -1, 0, -1, 0, 0, 0, 1, -1, 0, 0, 0, 0, 0], [-1, 0, -1, 1, -2, -2, -1, 2, 1, -2, 1, 0, 0, -1, 2, 1, 0, 0, 2, 2, 0, -1], [1, -1, 0, 0, 1, -1, 0, -1, -1, -1, 0, -1, -1, 0, 1, 1, -1, 0, -1, 0, 1, 1], [0, -1, -1, 1, -1, -3, -1, 0, -1, -2, 1, -1, -1, -1, 3, 2, -1, 0, 1, 2, 1, 0], [0, 0, -1, 1, -1, -2, -1, 1, 0, -2, 2, 0, -1, -1, 3, 2, 0, 0, 1, 2, 1, 0], [0, 0, 1, -1, 1, 2, 1, -1, 0, 2, -1, 0, 1, 1, -3, -2, 0, 0, -2, -3, -1, 0], [0, 1, 0, 0, 0, -1, 0, 0, 0, -1, 1, 0, 0, 0, 1, 1, 0, -1, 0, 1, 0, 0], [0, -1, 0, 0, 0, -1, 0, -1, -1, -1, 0, -1, 0, 1, 0, 0, -1, 0, 0, 0, 0, 0], [0, 0, 0, 0, 0, 0, -1, 0, 0, 0, 0, 1, 0, 0, 1, 1, 0, 0, 1, 1, 0, 0], [0, -1, 0, 0, 0, -1, 1, -1, -1, -1, 0, -1, 0, 0, 0, 0, -1, 0, 0, 0, 0, 0], [0, 0, 0, 0, 0, 0, 0, 0, 0, 0, 0, 1, 0, 0, 0, 0, 1, 0, 1, 1, 0, 0], [0, 1, 1, -1, 1, 1, 1, -1, 0, 1, 0, 0, 0, 1, -2, -1, 0, 0, -1, -1, -1, 0], [0, 0, -1, 1, -1, -2, -1, 1, 0, -2, 1, 0, -1, -1, 3, 2, 0, 0, 2, 2, 1, 0], [0, 0, 0, 0, 0, 0, 0, 0, 0, 0, 0, -1, 0, 0, 0, 0, 0, 0, -1, 0, 0, 0], [0, 1, 1, -1, 1, 1, 1, -1, 0, 1, 0, -1, 0, 1, -2, -1, 0, -1, -2, -2, 0, 0], [0, 0, 0, 0, 0, 0, 0, 0, 0, 0, 0, 0, 0, 0, 0, 0, 0, 0, 0, 0, 0, 1]]
[[-2, -1, -1, 0, -1, -1, 0, -1, -1, -1, 0, -1, 0, 0, 0, 0, -1, 0, 0, 1, 0, 0], [0, 3, -1, 0, 0, -1, 1, -1, -1, 1, 0, -1, 0, 1, -3, -2, -1, 0, -1, -3, -2, -1], [1, 6, -1, 0, 0, -2, 3, -3, -3, 4, 0, -2, 1, 3, -10, -7, -3, 1, -1, -10, -6, -3], [0, 5, -1, -1, 0, -1, 2, -3, -2, 3, 0, -2, 0, 2, -7, -5, -2, 0, -2, -7, -4, -2], [2, -5, 2, 0, 1, 2, -3, 4, 4, -3, 0, 3, -1, -3, 10, 7, 4, -1, 1, 8, 6, 3], [-2, 0, -1, 0, -1, 0, 0, 0, 0, 0, 0, 0, 0, 0, 0, 0, 0, 0, 0, 1, 0, 0], [-1, 0, 1, 0, 0, 1, 0, 1, 1, 0, 0, 1, 1, 0, 1, 1, 1, 0, 1, 3, 0, 1], [-1, -3, 0, 0, -1, 0, -1, 1, 0, -2, 0, 0, 0, -1, 3, 2, 0, 0, 1, 2, 2, 1], [1, 0, 1, 0, 1, 1, 0, 0, 0, 1, 0, 1, 0, 0, 0, 0, 1, 0, 0, 0, 0, 0], [-2, -3, 1, 0, -1, 1, -1, 2, 2, -2, 0, 1, 1, -1, 4, 3, 2, -1, 1, 5, 2, 1], [1, -5, 0, 0, 1, 0, -2, 0, 1, -3, -1, 0, -1, -2, 6, 4, 1, -1, -1, 5, 4, 2], [2, 4, 0, 0, 1, 0, 2, -2, -2, 3, 0, -1, 0, 2, -7, -5, -2, 2, 0, -7, -4, -2], [-1, -2, 0, 0, 0, 0, -1, 1, 1, -2, 0, 0, 0, -1, 4, 3, 1, -1, -1, 4, 2, 1], [-1, 0, 1, 0, 0, 1, 0, 1, 1, 0, 0, 1, 1, 0, 0, 1, 1, 0, 1, 2, 0, 0], [0, 1, 1, 0, 0, 1, 0, 2, 2, 1, 0, 2, 1, -1, 1, 1, 2, 0, 1, 2, 0, 0], [-1, 0, 1, 0, 0, 1, 0, 1, 1, 0, 0, 1, 1, 1, 0, 0, 1, 0, 1, 2, 0, 0], [1, -1, 0, 0, 1, 0, -1, 0, 1, -1, 0, 0, -1, -1, 3, 2, 0, -1, -1, 2, 2, 1], [1, 2, 0, 0, 1, 0, 1, -1, -1, 1, 0, 0, 1, 1, -3, -2, -1, 0, -1, -3, -2, -1], [0, -3, 1, 0, 0, 1, -2, 3, 3, -2, 0, 2, -1, -2, 7, 5, 3, -1, 1, 7, 4, 2], [-1, -1, -1, 0, -1, -1, 0, -1, -1, -1, 0, -1, 0, 0, 0, 0, -1, 0, 0, 0, 0, 0], [-1, 1, -1, 0, 0, -1, 0, -1, -1, -1, 0, -2, 0, 1, -1, 0, -1, -1, -2, -1, -1, 0], [1, 0, 0, 0, 1, 0, 1, -1, -1, 0, 0, -1, -1, 0, -1, -1, -1, 0, -1, -2, 0, 0]]

#################
# GALOIS GROUPS #
#################


Generators of the monodromy group on the generic Picard lattice:
[[1, -1, 2, -1, 1, 0, 2, -1, -1, 1, -2, -1, 2, 2, -2, -2], [2, 3, -6, 4, 0, 2, -6, 2, 6, -4, 6, 6, -4, -8, 6, 4], [5, 5, -14, 10, 0, 5, -15, 5, 15, -10, 15, 15, -10, -20, 15, 10], [4, 3, -10, 8, 1, 4, -10, 3, 11, -7, 10, 11, -6, -14, 10, 6], [-5, -4, 13, -9, 0, -5, 13, -4, -14, 9, -13, -14, 8, 18, -13, -8], [1, 0, -1, 1, 1, 2, -1, 0, 2, -1, 1, 2, 0, -2, 1, 0], [0, 0, 0, 0, 0, 0, 1, 0, 0, 0, 0, 0, 0, 0, 0, 0], [-3, -3, 9, -6, 0, -3, 9, -2, -9, 6, -9, -9, 6, 12, -9, -6], [-1, 0, 1, -1, -1, -1, 1, 0, -1, 1, -1, -2, 0, 2, -1, 0], [-3, -3, 9, -6, 0, -3, 9, -3, -9, 7, -9, -9, 6, 12, -9, -6], [-3, -3, 9, -6, 0, -3, 9, -3, -9, 6, -8, -9, 6, 12, -9, -6], [2, 3, -8, 5, -1, 2, -8, 3, 7, -5, 8, 8, -6, -10, 8, 6], [-1, -1, 3, -2, 0, -1, 3, -1, -3, 2, -3, -3, 3, 4, -3, -2], [0, 0, 0, 0, 0, 0, 0, 0, 0, 0, 0, 0, 0, 1, 0, 0], [1, 1, -3, 2, 0, 1, -3, 1, 3, -2, 3, 3, -2, -4, 4, 2], [0, -1, 2, -1, 1, 0, 2, -1, -1, 1, -2, -1, 2, 2, -2, -1]]
[[1, 0, 0, 0, 0, 0, 0, 0, 0, 0, 0, 0, 0, 0, 0, 0], [0, 1, 0, 0, 0, 0, 0, 0, 0, 0, 0, 0, 0, 0, 0, 0], [0, 0, 1, 0, 0, 0, 0, 0, 0, 0, 0, 0, 0, 0, 0, 0], [0, 0, 0, 1, 0, 0, 0, 0, 0, 0, 0, 0, 0, 0, 0, 0], [0, 0, 0, 0, 1, 0, 0, 0, 0, 0, 0, 0, 0, 0, 0, 0], [0, 0, 0, 0, 0, 1, 0, 0, 0, 0, 0, 0, 0, 0, 0, 0], [0, 0, 0, 0, 0, 0, 1, 0, 0, 0, 0, 0, 0, 0, 0, 0], [0, 0, 0, 0, 0, 0, 0, 1, 0, 0, 0, 0, 0, 0, 0, 0], [0, 0, 0, 0, 0, 0, 0, 0, 1, 0, 0, 0, 0, 0, 0, 0], [0, 0, 0, 0, 0, 0, 0, 0, 0, 1, 0, 0, 0, 0, 0, 0], [0, 0, 0, 0, 0, 0, 0, 0, 0, 0, 1, 0, 0, 0, 0, 0], [0, 0, 0, 0, 0, 0, 0, 0, 0, 0, 0, 1, 0, 0, 0, 0], [0, 0, 0, 0, 0, 0, 0, 0, 0, 0, 0, 0, 1, 0, 0, 0], [0, 0, 0, 0, 0, 0, 0, 0, 0, 0, 0, 0, 0, 1, 0, 0], [0, 0, 0, 0, 0, 0, 0, 0, 0, 0, 0, 0, 0, 0, 1, 0], [0, 0, 0, 0, 0, 0, 0, 0, 0, 0, 0, 0, 0, 0, 0, 1]]
[[1, 0, 0, 0, 0, 0, 0, 0, 0, 0, 0, 0, 0, 0, 0, 0], [0, 1, 0, 0, 0, 0, 0, 0, 0, 0, 0, 0, 0, 0, 0, 0], [0, 0, 1, 0, 0, 0, 0, 0, 0, 0, 0, 0, 0, 0, 0, 0], [0, 0, 0, 1, 0, 0, 0, 0, 0, 0, 0, 0, 0, 0, 0, 0], [0, 0, 0, 0, 1, 0, 0, 0, 0, 0, 0, 0, 0, 0, 0, 0], [0, 0, 0, 0, 0, 1, 0, 0, 0, 0, 0, 0, 0, 0, 0, 0], [0, 0, 0, 0, 0, 0, 1, 0, 0, 0, 0, 0, 0, 0, 0, 0], [0, 0, 0, 0, 0, 0, 0, 1, 0, 0, 0, 0, 0, 0, 0, 0], [0, 0, 0, 0, 0, 0, 0, 0, 1, 0, 0, 0, 0, 0, 0, 0], [0, 0, 0, 0, 0, 0, 0, 0, 0, 1, 0, 0, 0, 0, 0, 0], [0, 0, 0, 0, 0, 0, 0, 0, 0, 0, 1, 0, 0, 0, 0, 0], [0, 0, 0, 0, 0, 0, 0, 0, 0, 0, 0, 1, 0, 0, 0, 0], [0, 0, 0, 0, 0, 0, 0, 0, 0, 0, 0, 0, 1, 0, 0, 0], [0, 0, 0, 0, 0, 0, 0, 0, 0, 0, 0, 0, 0, 1, 0, 0], [0, 0, 0, 0, 0, 0, 0, 0, 0, 0, 0, 0, 0, 0, 1, 0], [0, 0, 0, 0, 0, 0, 0, 0, 0, 0, 0, 0, 0, 0, 0, 1]]
[[1, 0, 0, 0, 0, 0, 0, 0, 0, 0, 0, 0, 0, 0, 0, 0], [0, 1, 0, 0, 0, 0, 0, 0, 0, 0, 0, 0, 0, 0, 0, 0], [0, 0, 1, 0, 0, 0, 0, 0, 0, 0, 0, 0, 0, 0, 0, 0], [0, 0, 0, 1, 0, 0, 0, 0, 0, 0, 0, 0, 0, 0, 0, 0], [0, 0, 0, 0, 1, 0, 0, 0, 0, 0, 0, 0, 0, 0, 0, 0], [0, 0, 0, 0, 0, 1, 0, 0, 0, 0, 0, 0, 0, 0, 0, 0], [0, 0, 0, 0, 0, 0, 1, 0, 0, 0, 0, 0, 0, 0, 0, 0], [0, 0, 0, 0, 0, 0, 0, 1, 0, 0, 0, 0, 0, 0, 0, 0], [0, 0, 0, 0, 0, 0, 0, 0, 1, 0, 0, 0, 0, 0, 0, 0], [0, 0, 0, 0, 0, 0, 0, 0, 0, 1, 0, 0, 0, 0, 0, 0], [0, 0, 0, 0, 0, 0, 0, 0, 0, 0, 1, 0, 0, 0, 0, 0], [0, 0, 0, 0, 0, 0, 0, 0, 0, 0, 0, 1, 0, 0, 0, 0], [0, 0, 0, 0, 0, 0, 0, 0, 0, 0, 0, 0, 1, 0, 0, 0], [0, 0, 0, 0, 0, 0, 0, 0, 0, 0, 0, 0, 0, 1, 0, 0], [0, 0, 0, 0, 0, 0, 0, 0, 0, 0, 0, 0, 0, 0, 1, 0], [0, 0, 0, 0, 0, 0, 0, 0, 0, 0, 0, 0, 0, 0, 0, 1]]
[[1, 0, 0, 0, 0, 0, 0, 0, 0, 0, 0, 0, 0, 0, 0, 0], [-1, -1, 3, -2, 0, 0, 2, 0, -2, 1, -2, -2, 2, 3, -2, -1], [-4, -1, 5, -4, -1, 1, 4, 1, -4, 2, -4, -4, 3, 6, -4, -2], [-2, -2, 5, -3, 0, 0, 4, 0, -4, 2, -4, -4, 3, 6, -4, -2], [2, 2, -5, 4, 1, 0, -4, 0, 4, -2, 4, 4, -3, -6, 4, 2], [2, -1, 1, 0, 1, 0, 0, -1, 0, 0, 0, 0, 0, 0, 0, 0], [0, -2, 1, 0, 0, 0, 1, 0, 0, 0, 0, 0, 1, 0, 0, 0], [1, 2, -3, 2, 0, 0, -2, 1, 2, -1, 2, 2, -2, -3, 2, 1], [0, 0, 0, 0, 0, 0, 0, 0, 1, 0, 0, 0, 0, 0, 0, 0], [2, 1, 0, 0, 1, -1, 0, -1, 0, 1, 0, 0, -1, 0, 0, 0], [1, 2, -3, 2, 0, 0, -2, 0, 2, -1, 3, 2, -2, -3, 2, 1], [-2, -1, 0, 0, -1, 1, 0, 1, 0, 0, 0, 1, 1, 0, 0, 0], [2, 1, 0, 0, 1, -1, 0, -1, 0, 0, 0, 0, 0, 0, 0, 0], [1, 0, -2, 2, 0, 0, -2, 0, 2, -1, 2, 2, -1, -2, 2, 1], [1, -1, 3, -2, 1, -1, 2, -1, -2, 1, -2, -2, 1, 3, -1, -1], [1, 0, -2, 2, 0, 0, -2, 0, 2, -1, 2, 2, -1, -3, 2, 2]]
[[1, 0, 0, 0, 0, 0, 0, 0, 0, 0, 0, 0, 0, 0, 0, 0], [0, 1, 0, 0, 0, 0, 0, 0, 0, 0, 0, 0, 0, 0, 0, 0], [0, 0, 1, 0, 0, 0, 0, 0, 0, 0, 0, 0, 0, 0, 0, 0], [0, 0, 0, 1, 0, 0, 0, 0, 0, 0, 0, 0, 0, 0, 0, 0], [0, 0, 0, 0, 1, 0, 0, 0, 0, 0, 0, 0, 0, 0, 0, 0], [0, 0, 0, 0, 0, 1, 0, 0, 0, 0, 0, 0, 0, 0, 0, 0], [0, 0, 0, 0, 0, 0, 1, 0, 0, 0, 0, 0, 0, 0, 0, 0], [0, 0, 0, 0, 0, 0, 0, 1, 0, 0, 0, 0, 0, 0, 0, 0], [0, 0, 0, 0, 0, 0, 0, 0, 1, 0, 0, 0, 0, 0, 0, 0], [0, 0, 0, 0, 0, 0, 0, 0, 0, 1, 0, 0, 0, 0, 0, 0], [0, 0, 0, 0, 0, 0, 0, 0, 0, 0, 1, 0, 0, 0, 0, 0], [0, 0, 0, 0, 0, 0, 0, 0, 0, 0, 0, 1, 0, 0, 0, 0], [0, 0, 0, 0, 0, 0, 0, 0, 0, 0, 0, 0, 1, 0, 0, 0], [0, 0, 0, 0, 0, 0, 0, 0, 0, 0, 0, 0, 0, 1, 0, 0], [0, 0, 0, 0, 0, 0, 0, 0, 0, 0, 0, 0, 0, 0, 1, 0], [0, 0, 0, 0, 0, 0, 0, 0, 0, 0, 0, 0, 0, 0, 0, 1]]
[[1, 0, -1, 2, 1, 1, -1, 0, 2, -1, 1, 2, 1, -1, 0, 0], [1, 1, 0, -1, 0, -1, 0, 0, -1, 0, -1, -1, -1, 0, 1, 0], [3, 1, 0, -2, 0, -2, -1, 1, -1, -1, -1, -1, -3, -2, 4, 1], [2, 2, -2, 1, 0, 0, -2, 2, 2, -2, 2, 2, -2, -4, 4, 2], [-2, -2, 2, 0, 0, 1, 2, -1, -1, 2, 0, 0, 2, 2, -3, 0], [1, 1, -2, 2, 1, 2, -2, 1, 3, -2, 2, 3, 0, -3, 2, 1], [-1, 1, 0, 0, 0, 0, 1, 0, 0, 0, 0, -1, 0, 1, -1, -1], [-1, -2, 1, 1, 0, 1, 1, 0, 0, 1, 0, 1, 2, 1, -2, 0], [-1, 0, -2, 1, -1, 0, -1, 0, 1, -1, 1, 0, -1, -1, 0, 0], [-1, -1, -3, 4, 0, 2, -2, 0, 3, -1, 3, 4, 1, -3, 0, 1], [0, -2, 0, 2, 1, 1, 0, -1, 1, 0, 1, 2, 2, 0, -1, 0], [0, 1, 1, -3, -1, -2, 1, 0, -3, 1, -2, -3, -2, 2, 0, -1], [-1, -1, 1, 0, 0, 0, 1, -1, -1, 1, -1, -1, 2, 2, -2, -1], [-1, 1, -3, 2, -1, 1, -2, 1, 2, -2, 3, 2, -1, -2, 1, 1], [-1, 1, -3, 2, -1, 1, -2, 1, 2, -2, 3, 2, -1, -3, 2, 1], [-1, 1, 0, 0, 0, 0, 0, 0, 0, 0, 0, -1, 0, 1, -1, 0]]
[[1, 0, 0, 0, 0, 0, 0, 0, 0, 0, 0, 0, 0, 0, 0, 0], [0, 1, 0, 0, 0, 0, 0, 0, 0, 0, 0, 0, 0, 0, 0, 0], [0, 0, 1, 0, 0, 0, 0, 0, 0, 0, 0, 0, 0, 0, 0, 0], [0, 0, 0, 1, 0, 0, 0, 0, 0, 0, 0, 0, 0, 0, 0, 0], [0, 0, 0, 0, 1, 0, 0, 0, 0, 0, 0, 0, 0, 0, 0, 0], [0, 0, 0, 0, 0, 1, 0, 0, 0, 0, 0, 0, 0, 0, 0, 0], [0, 0, 0, 0, 0, 0, 1, 0, 0, 0, 0, 0, 0, 0, 0, 0], [0, 0, 0, 0, 0, 0, 0, 1, 0, 0, 0, 0, 0, 0, 0, 0], [0, 0, 0, 0, 0, 0, 0, 0, 1, 0, 0, 0, 0, 0, 0, 0], [0, 0, 0, 0, 0, 0, 0, 0, 0, 1, 0, 0, 0, 0, 0, 0], [0, 0, 0, 0, 0, 0, 0, 0, 0, 0, 1, 0, 0, 0, 0, 0], [0, 0, 0, 0, 0, 0, 0, 0, 0, 0, 0, 1, 0, 0, 0, 0], [0, 0, 0, 0, 0, 0, 0, 0, 0, 0, 0, 0, 1, 0, 0, 0], [0, 0, 0, 0, 0, 0, 0, 0, 0, 0, 0, 0, 0, 1, 0, 0], [0, 0, 0, 0, 0, 0, 0, 0, 0, 0, 0, 0, 0, 0, 1, 0], [0, 0, 0, 0, 0, 0, 0, 0, 0, 0, 0, 0, 0, 0, 0, 1]]
[[1, 0, 0, 0, 0, 0, 0, 0, 0, 0, 0, 0, 0, 0, 0, 0], [0, 1, 0, 0, 0, 0, 0, 0, 0, 0, 0, 0, 0, 0, 0, 0], [0, 0, 1, 0, 0, 0, 0, 0, 0, 0, 0, 0, 0, 0, 0, 0], [0, 0, 0, 1, 0, 0, 0, 0, 0, 0, 0, 0, 0, 0, 0, 0], [0, 0, 0, 0, 1, 0, 0, 0, 0, 0, 0, 0, 0, 0, 0, 0], [0, 0, 0, 0, 0, 1, 0, 0, 0, 0, 0, 0, 0, 0, 0, 0], [0, 0, 0, 0, 0, 0, 1, 0, 0, 0, 0, 0, 0, 0, 0, 0], [0, 0, 0, 0, 0, 0, 0, 1, 0, 0, 0, 0, 0, 0, 0, 0], [0, 0, 0, 0, 0, 0, 0, 0, 1, 0, 0, 0, 0, 0, 0, 0], [0, 0, 0, 0, 0, 0, 0, 0, 0, 1, 0, 0, 0, 0, 0, 0], [0, 0, 0, 0, 0, 0, 0, 0, 0, 0, 1, 0, 0, 0, 0, 0], [0, 0, 0, 0, 0, 0, 0, 0, 0, 0, 0, 1, 0, 0, 0, 0], [0, 0, 0, 0, 0, 0, 0, 0, 0, 0, 0, 0, 1, 0, 0, 0], [0, 0, 0, 0, 0, 0, 0, 0, 0, 0, 0, 0, 0, 1, 0, 0], [0, 0, 0, 0, 0, 0, 0, 0, 0, 0, 0, 0, 0, 0, 1, 0], [0, 0, 0, 0, 0, 0, 0, 0, 0, 0, 0, 0, 0, 0, 0, 1]]
[[1, 0, 0, 0, 0, 0, 0, 0, 0, 0, 0, 0, 0, 0, 0, 0], [0, 1, 0, 0, 0, 0, 0, 0, 0, 0, 0, 0, 0, 0, 0, 0], [0, 0, 1, 0, 0, 0, 0, 0, 0, 0, 0, 0, 0, 0, 0, 0], [0, 0, 0, 1, 0, 0, 0, 0, 0, 0, 0, 0, 0, 0, 0, 0], [0, 0, 0, 0, 1, 0, 0, 0, 0, 0, 0, 0, 0, 0, 0, 0], [0, 0, 0, 0, 0, 1, 0, 0, 0, 0, 0, 0, 0, 0, 0, 0], [0, 0, 0, 0, 0, 0, 1, 0, 0, 0, 0, 0, 0, 0, 0, 0], [0, 0, 0, 0, 0, 0, 0, 1, 0, 0, 0, 0, 0, 0, 0, 0], [0, 0, 0, 0, 0, 0, 0, 0, 1, 0, 0, 0, 0, 0, 0, 0], [0, 0, 0, 0, 0, 0, 0, 0, 0, 1, 0, 0, 0, 0, 0, 0], [0, 0, 0, 0, 0, 0, 0, 0, 0, 0, 1, 0, 0, 0, 0, 0], [0, 0, 0, 0, 0, 0, 0, 0, 0, 0, 0, 1, 0, 0, 0, 0], [0, 0, 0, 0, 0, 0, 0, 0, 0, 0, 0, 0, 1, 0, 0, 0], [0, 0, 0, 0, 0, 0, 0, 0, 0, 0, 0, 0, 0, 1, 0, 0], [0, 0, 0, 0, 0, 0, 0, 0, 0, 0, 0, 0, 0, 0, 1, 0], [0, 0, 0, 0, 0, 0, 0, 0, 0, 0, 0, 0, 0, 0, 0, 1]]
[[1, 0, 0, 0, 0, 0, 0, 0, 0, 0, 0, 0, 0, 0, 0, 0], [1, 0, -4, 4, 0, 2, -4, 1, 5, -3, 5, 5, -2, -5, 3, 2], [3, 0, -7, 7, 1, 4, -8, 1, 10, -6, 9, 9, -5, -10, 6, 4], [2, -1, -3, 4, 1, 2, -3, 0, 5, -3, 4, 4, -2, -4, 2, 1], [-2, 0, 9, -8, 1, -4, 9, -2, -10, 6, -10, -10, 5, 11, -7, -5], [1, -1, 1, 0, 0, -1, 1, -1, -1, 1, -1, -1, 1, 2, -2, -1], [-1, 0, -1, 1, -1, 0, 0, 1, 0, 0, 1, 1, 0, -1, 1, 1], [0, 1, 5, -5, 1, -2, 5, -1, -5, 3, -6, -6, 2, 6, -4, -3], [-2, 0, 1, -1, -1, 0, 1, 1, -1, 1, -1, -1, 1, 1, 0, 0], [-2, 0, 8, -7, 0, -3, 8, -1, -8, 5, -8, -9, 4, 10, -6, -4], [-1, 1, 4, -4, 0, -2, 4, -1, -5, 3, -4, -5, 2, 5, -3, -2], [1, 1, -5, 4, 0, 2, -5, 1, 5, -3, 5, 6, -3, -6, 4, 3], [0, 0, 0, 0, 0, 0, 0, 0, 0, 0, 0, 0, 1, 0, 0, 0], [0, 0, 1, -1, 0, -1, 1, -1, -2, 2, -2, -1, 1, 2, -1, -1], [1, 0, -2, 2, 0, 0, -2, 0, 2, -1, 2, 2, -1, -2, 2, 1], [-1, -2, 4, -3, 0, -1, 4, -1, -4, 3, -4, -3, 3, 4, -3, -2]]
[[0, -1, 3, -3, 0, -1, 2, -1, -3, 2, -3, -3, 1, 3, -2, -1], [-1, 1, 2, -2, 0, -1, 2, -1, -3, 2, -2, -2, 1, 3, -2, -1], [-3, 2, 2, -2, -1, -2, 3, -2, -6, 4, -2, -2, 2, 6, -4, -2], [-3, 0, 3, -3, -1, -2, 3, -2, -6, 4, -4, -4, 2, 6, -4, -2], [2, 0, -7, 6, 0, 3, -7, 3, 9, -6, 6, 6, -3, -9, 6, 3], [-1, -1, 3, -3, 0, 0, 2, -1, -3, 2, -3, -3, 1, 3, -2, -1], [0, -1, 1, -1, 0, 0, 1, 0, 0, 0, -1, -1, 0, 0, 0, 0], [0, 0, -3, 2, -1, 1, -3, 2, 3, -2, 2, 2, -1, -3, 2, 1], [1, 0, 1, 0, 1, 0, 1, 0, 1, 0, 0, 0, 0, 0, 0, 0], [1, -1, -1, 1, 0, 1, -2, 1, 3, -1, 1, 1, -1, -3, 2, 1], [1, -1, -1, 1, 0, 1, -2, 1, 3, -2, 2, 1, -1, -3, 2, 1], [0, 1, -1, 1, 0, 0, 0, 0, 0, 0, 1, 2, 0, 0, 0, 0], [1, -1, 2, -1, 1, 0, 1, 0, 0, 0, -1, -1, 1, 0, 0, 0], [1, -1, 2, -1, 1, 0, 1, 0, 0, 0, -1, -1, 0, 1, 0, 0], [0, -1, 4, -3, 1, -1, 3, -1, -3, 2, -3, -3, 1, 3, -1, -1], [1, 0, -2, 2, 0, 1, -2, 1, 3, -2, 2, 2, -1, -3, 2, 2]]
[[1, 0, 0, 0, 0, 0, 0, 0, 0, 0, 0, 0, 0, 0, 0, 0], [0, 1, 0, 0, 0, 0, 0, 0, 0, 0, 0, 0, 0, 0, 0, 0], [0, 0, 1, 0, 0, 0, 0, 0, 0, 0, 0, 0, 0, 0, 0, 0], [0, 0, 0, 1, 0, 0, 0, 0, 0, 0, 0, 0, 0, 0, 0, 0], [0, 0, 0, 0, 1, 0, 0, 0, 0, 0, 0, 0, 0, 0, 0, 0], [0, 0, 0, 0, 0, 1, 0, 0, 0, 0, 0, 0, 0, 0, 0, 0], [0, 0, 0, 0, 0, 0, 1, 0, 0, 0, 0, 0, 0, 0, 0, 0], [0, 0, 0, 0, 0, 0, 0, 1, 0, 0, 0, 0, 0, 0, 0, 0], [0, 0, 0, 0, 0, 0, 0, 0, 1, 0, 0, 0, 0, 0, 0, 0], [0, 0, 0, 0, 0, 0, 0, 0, 0, 1, 0, 0, 0, 0, 0, 0], [0, 0, 0, 0, 0, 0, 0, 0, 0, 0, 1, 0, 0, 0, 0, 0], [0, 0, 0, 0, 0, 0, 0, 0, 0, 0, 0, 1, 0, 0, 0, 0], [0, 0, 0, 0, 0, 0, 0, 0, 0, 0, 0, 0, 1, 0, 0, 0], [0, 0, 0, 0, 0, 0, 0, 0, 0, 0, 0, 0, 0, 1, 0, 0], [0, 0, 0, 0, 0, 0, 0, 0, 0, 0, 0, 0, 0, 0, 1, 0], [0, 0, 0, 0, 0, 0, 0, 0, 0, 0, 0, 0, 0, 0, 0, 1]]
[[-1, -2, 3, -2, 0, 0, 3, 0, -2, 1, -2, -2, 2, 3, -2, -2], [0, 1, -1, 0, 0, 0, -1, 1, 1, -1, 0, 0, -1, -1, 1, 1], [0, 4, -5, 2, 0, 1, -4, 2, 4, -3, 2, 2, -3, -4, 3, 3], [-1, 1, -2, 1, 0, 2, -2, 2, 3, -2, 2, 2, -1, -3, 2, 2], [-1, -2, 1, 1, -1, 0, 1, 0, -1, 1, 1, 1, 2, 0, 0, 0], [-1, -2, 2, -1, 0, 1, 2, 1, 0, 0, -1, -1, 1, 1, -1, -1], [0, -1, 1, -1, 0, 0, 0, -1, -1, 1, -1, -1, 0, 1, -1, -1], [-1, -2, 3, -1, 0, 0, 3, 0, -2, 1, -1, -1, 3, 2, -1, -1], [1, 1, -3, 2, 0, 0, -3, -1, 1, -1, 2, 2, -2, -2, 1, 1], [-1, -3, 2, 0, 0, 0, 2, -1, -2, 1, 0, 0, 2, 1, -1, -1], [0, -3, 3, -1, 0, -1, 3, -1, -3, 2, -2, -1, 3, 3, -2, -2], [1, 3, -4, 2, 0, 0, -4, 0, 3, -2, 2, 1, -3, -3, 2, 2], [0, -1, 2, -1, 0, -1, 2, 0, -2, 1, -1, -1, 1, 2, -1, -1], [1, 0, -3, 3, 0, 1, -3, 0, 3, -2, 3, 3, -1, -3, 1, 1], [0, 0, 0, 0, 0, 0, 0, 0, 0, 0, 0, 0, 0, 0, -1, 0], [0, 0, -2, 2, 0, 1, -2, 0, 2, -1, 2, 2, -1, -2, 1, 0]]
[[1, 0, 0, 0, 0, 0, 0, 0, 0, 0, 0, 0, 0, 0, 0, 0], [0, 1, 0, 0, 0, 0, 0, 0, 0, 0, 0, 0, 0, 0, 0, 0], [0, 0, 1, 0, 0, 0, 0, 0, 0, 0, 0, 0, 0, 0, 0, 0], [0, 0, 0, 1, 0, 0, 0, 0, 0, 0, 0, 0, 0, 0, 0, 0], [0, 0, 0, 0, 1, 0, 0, 0, 0, 0, 0, 0, 0, 0, 0, 0], [0, 0, 0, 0, 0, 1, 0, 0, 0, 0, 0, 0, 0, 0, 0, 0], [0, 0, 0, 0, 0, 0, 1, 0, 0, 0, 0, 0, 0, 0, 0, 0], [0, 0, 0, 0, 0, 0, 0, 1, 0, 0, 0, 0, 0, 0, 0, 0], [0, 0, 0, 0, 0, 0, 0, 0, 1, 0, 0, 0, 0, 0, 0, 0], [0, 0, 0, 0, 0, 0, 0, 0, 0, 1, 0, 0, 0, 0, 0, 0], [0, 0, 0, 0, 0, 0, 0, 0, 0, 0, 1, 0, 0, 0, 0, 0], [0, 0, 0, 0, 0, 0, 0, 0, 0, 0, 0, 1, 0, 0, 0, 0], [0, 0, 0, 0, 0, 0, 0, 0, 0, 0, 0, 0, 1, 0, 0, 0], [0, 0, 0, 0, 0, 0, 0, 0, 0, 0, 0, 0, 0, 1, 0, 0], [0, 0, 0, 0, 0, 0, 0, 0, 0, 0, 0, 0, 0, 0, 1, 0], [0, 0, 0, 0, 0, 0, 0, 0, 0, 0, 0, 0, 0, 0, 0, 1]]
[[1, 0, 0, 0, 0, 0, 0, 0, 0, 0, 0, 0, 0, 0, 0, 0], [0, 1, 0, 0, 0, 0, 0, 0, 0, 0, 0, 0, 0, 0, 0, 0], [0, 0, 1, 0, 0, 0, 0, 0, 0, 0, 0, 0, 0, 0, 0, 0], [0, 0, 0, 1, 0, 0, 0, 0, 0, 0, 0, 0, 0, 0, 0, 0], [0, 0, 0, 0, 1, 0, 0, 0, 0, 0, 0, 0, 0, 0, 0, 0], [0, 0, 0, 0, 0, 1, 0, 0, 0, 0, 0, 0, 0, 0, 0, 0], [0, 0, 0, 0, 0, 0, 1, 0, 0, 0, 0, 0, 0, 0, 0, 0], [0, 0, 0, 0, 0, 0, 0, 1, 0, 0, 0, 0, 0, 0, 0, 0], [0, 0, 0, 0, 0, 0, 0, 0, 1, 0, 0, 0, 0, 0, 0, 0], [0, 0, 0, 0, 0, 0, 0, 0, 0, 1, 0, 0, 0, 0, 0, 0], [0, 0, 0, 0, 0, 0, 0, 0, 0, 0, 1, 0, 0, 0, 0, 0], [0, 0, 0, 0, 0, 0, 0, 0, 0, 0, 0, 1, 0, 0, 0, 0], [0, 0, 0, 0, 0, 0, 0, 0, 0, 0, 0, 0, 1, 0, 0, 0], [0, 0, 0, 0, 0, 0, 0, 0, 0, 0, 0, 0, 0, 1, 0, 0], [0, 0, 0, 0, 0, 0, 0, 0, 0, 0, 0, 0, 0, 0, 1, 0], [0, 0, 0, 0, 0, 0, 0, 0, 0, 0, 0, 0, 0, 0, 0, 1]]
[[-1, -1, 1, -1, -1, 0, 1, 1, -1, 0, 0, -1, 0, 1, 0, 0], [-1, 0, 3, -2, 0, -1, 3, 0, -2, 1, -2, -3, 1, 3, -2, -1], [0, 0, 7, -4, 2, -2, 6, -2, -4, 2, -4, -6, 2, 6, -4, -2], [-2, -1, 4, -2, 0, -1, 4, 0, -3, 1, -2, -4, 1, 4, -2, -1], [1, 1, -6, 4, 0, 2, -6, 1, 4, -2, 4, 6, -2, -6, 4, 2], [-2, -2, 3, -2, -1, 0, 3, 1, -2, 1, -2, -3, 1, 3, -2, -1], [0, 0, -3, 2, -1, 1, -2, 1, 2, -1, 2, 3, -1, -3, 2, 1], [0, 1, -2, 1, 0, 1, -2, 1, 1, -1, 2, 2, -1, -2, 2, 1], [1, 1, -3, 2, 0, 1, -3, 0, 3, -1, 2, 3, -1, -3, 2, 1], [-1, 0, -2, 1, -1, 1, -2, 1, 1, 0, 2, 2, -1, -2, 2, 1], [0, 0, -3, 2, -1, 1, -3, 1, 2, -1, 3, 3, -1, -3, 2, 1], [2, 1, 2, -1, 2, -1, 2, -2, -1, 1, -2, -1, 1, 2, -2, -1], [-1, -1, 0, 0, -1, 0, 0, 1, 0, 0, 0, 0, 1, 0, 0, 0], [1, 0, -1, 1, 0, 0, -1, 0, 1, 0, 0, 1, 0, 0, 0, 0], [0, -1, 2, -1, 0, -1, 2, 0, -1, 1, -2, -2, 1, 2, -1, -1], [0, 0, -3, 2, -1, 1, -3, 1, 2, -1, 2, 3, -1, -3, 2, 2]]
[[1, 0, 0, 0, 0, 0, 0, 0, 0, 0, 0, 0, 0, 0, 0, 0], [0, 1, 0, 0, 0, 0, 0, 0, 0, 0, 0, 0, 0, 0, 0, 0], [0, 0, 1, 0, 0, 0, 0, 0, 0, 0, 0, 0, 0, 0, 0, 0], [0, 0, 0, 1, 0, 0, 0, 0, 0, 0, 0, 0, 0, 0, 0, 0], [0, 0, 0, 0, 1, 0, 0, 0, 0, 0, 0, 0, 0, 0, 0, 0], [0, 0, 0, 0, 0, 1, 0, 0, 0, 0, 0, 0, 0, 0, 0, 0], [0, 0, 0, 0, 0, 0, 1, 0, 0, 0, 0, 0, 0, 0, 0, 0], [0, 0, 0, 0, 0, 0, 0, 1, 0, 0, 0, 0, 0, 0, 0, 0], [0, 0, 0, 0, 0, 0, 0, 0, 1, 0, 0, 0, 0, 0, 0, 0], [0, 0, 0, 0, 0, 0, 0, 0, 0, 1, 0, 0, 0, 0, 0, 0], [0, 0, 0, 0, 0, 0, 0, 0, 0, 0, 1, 0, 0, 0, 0, 0], [0, 0, 0, 0, 0, 0, 0, 0, 0, 0, 0, 1, 0, 0, 0, 0], [0, 0, 0, 0, 0, 0, 0, 0, 0, 0, 0, 0, 1, 0, 0, 0], [0, 0, 0, 0, 0, 0, 0, 0, 0, 0, 0, 0, 0, 1, 0, 0], [0, 0, 0, 0, 0, 0, 0, 0, 0, 0, 0, 0, 0, 0, 1, 0], [0, 0, 0, 0, 0, 0, 0, 0, 0, 0, 0, 0, 0, 0, 0, 1]]
[[1, 0, 0, 0, 0, 0, 0, 0, 0, 0, 0, 0, 0, 0, 0, 0], [0, 1, 0, 0, 0, 0, 0, 0, 0, 0, 0, 0, 0, 0, 0, 0], [0, 0, 1, 0, 0, 0, 0, 0, 0, 0, 0, 0, 0, 0, 0, 0], [0, 0, 0, 1, 0, 0, 0, 0, 0, 0, 0, 0, 0, 0, 0, 0], [0, 0, 0, 0, 1, 0, 0, 0, 0, 0, 0, 0, 0, 0, 0, 0], [0, 0, 0, 0, 0, 1, 0, 0, 0, 0, 0, 0, 0, 0, 0, 0], [0, 0, 0, 0, 0, 0, 1, 0, 0, 0, 0, 0, 0, 0, 0, 0], [0, 0, 0, 0, 0, 0, 0, 1, 0, 0, 0, 0, 0, 0, 0, 0], [0, 0, 0, 0, 0, 0, 0, 0, 1, 0, 0, 0, 0, 0, 0, 0], [0, 0, 0, 0, 0, 0, 0, 0, 0, 1, 0, 0, 0, 0, 0, 0], [0, 0, 0, 0, 0, 0, 0, 0, 0, 0, 1, 0, 0, 0, 0, 0], [0, 0, 0, 0, 0, 0, 0, 0, 0, 0, 0, 1, 0, 0, 0, 0], [0, 0, 0, 0, 0, 0, 0, 0, 0, 0, 0, 0, 1, 0, 0, 0], [0, 0, 0, 0, 0, 0, 0, 0, 0, 0, 0, 0, 0, 1, 0, 0], [0, 0, 0, 0, 0, 0, 0, 0, 0, 0, 0, 0, 0, 0, 1, 0], [0, 0, 0, 0, 0, 0, 0, 0, 0, 0, 0, 0, 0, 0, 0, 1]]
[[0, 0, 0, 0, 0, 0, -1, 0, 0, 0, 0, 0, 0, 0, 0, 1], [-1, -2, 4, -3, 0, -2, 4, -2, -5, 3, -4, -4, 2, 6, -4, -3], [-2, -2, 8, -7, 0, -5, 9, -5, -12, 7, -9, -9, 4, 14, -9, -7], [-3, -2, 8, -7, -1, -4, 8, -3, -10, 6, -8, -9, 4, 12, -8, -5], [3, 2, -9, 7, 0, 5, -9, 4, 12, -7, 9, 10, -4, -14, 9, 6], [0, -1, 3, -2, 0, -2, 2, -1, -3, 2, -3, -3, 2, 4, -3, -1], [-2, 0, 0, 0, -1, 0, 0, 1, 0, 0, 0, -1, 0, 0, 0, 0], [2, 2, -6, 4, 0, 3, -6, 2, 7, -4, 5, 6, -3, -8, 5, 4], [-1, 0, -1, 1, 0, 1, 0, 1, 1, -1, 1, 1, 0, -2, 1, 0], [1, 1, -5, 4, 0, 3, -5, 3, 7, -5, 5, 5, -2, -8, 5, 4], [3, 1, -6, 5, 1, 3, -7, 2, 8, -5, 6, 7, -3, -10, 7, 5], [-1, 0, 3, -3, 0, -2, 4, -2, -5, 3, -4, -4, 1, 6, -4, -4], [1, -1, 0, 1, 1, 1, -1, 0, 2, -1, 1, 1, 0, -2, 1, 1], [0, 0, 0, 0, 0, 0, 0, 0, 0, 0, 0, 0, 0, -1, 0, 0], [-1, -1, 2, -1, 0, -1, 2, -1, -2, 1, -1, -2, 1, 2, -2, -1], [-1, 0, 0, 0, -1, 0, 0, 1, 0, 0, 0, -1, 0, 0, 0, 0]]
[[1, 0, 0, 0, 0, 0, 0, 0, 0, 0, 0, 0, 0, 0, 0, 0], [0, 1, 0, 0, 0, 0, 0, 0, 0, 0, 0, 0, 0, 0, 0, 0], [0, 0, 1, 0, 0, 0, 0, 0, 0, 0, 0, 0, 0, 0, 0, 0], [0, 0, 0, 1, 0, 0, 0, 0, 0, 0, 0, 0, 0, 0, 0, 0], [0, 0, 0, 0, 1, 0, 0, 0, 0, 0, 0, 0, 0, 0, 0, 0], [0, 0, 0, 0, 0, 1, 0, 0, 0, 0, 0, 0, 0, 0, 0, 0], [0, 0, 0, 0, 0, 0, 1, 0, 0, 0, 0, 0, 0, 0, 0, 0], [0, 0, 0, 0, 0, 0, 0, 1, 0, 0, 0, 0, 0, 0, 0, 0], [0, 0, 0, 0, 0, 0, 0, 0, 1, 0, 0, 0, 0, 0, 0, 0], [0, 0, 0, 0, 0, 0, 0, 0, 0, 1, 0, 0, 0, 0, 0, 0], [0, 0, 0, 0, 0, 0, 0, 0, 0, 0, 1, 0, 0, 0, 0, 0], [0, 0, 0, 0, 0, 0, 0, 0, 0, 0, 0, 1, 0, 0, 0, 0], [0, 0, 0, 0, 0, 0, 0, 0, 0, 0, 0, 0, 1, 0, 0, 0], [0, 0, 0, 0, 0, 0, 0, 0, 0, 0, 0, 0, 0, 1, 0, 0], [0, 0, 0, 0, 0, 0, 0, 0, 0, 0, 0, 0, 0, 0, 1, 0], [0, 0, 0, 0, 0, 0, 0, 0, 0, 0, 0, 0, 0, 0, 0, 1]]
[[0, 0, 0, 0, 0, 0, -1, 0, 0, 0, 0, 0, 0, 0, 0, 1], [-1, -2, 4, -3, 0, -2, 4, -2, -5, 3, -4, -4, 2, 6, -4, -3], [-2, -2, 8, -7, 0, -5, 9, -5, -12, 7, -9, -9, 4, 14, -9, -7], [-3, -2, 8, -7, -1, -4, 8, -3, -10, 6, -8, -9, 4, 12, -8, -5], [3, 2, -9, 7, 0, 5, -9, 4, 12, -7, 9, 10, -4, -14, 9, 6], [0, -1, 3, -2, 0, -2, 2, -1, -3, 2, -3, -3, 2, 4, -3, -1], [-2, 0, 0, 0, -1, 0, 0, 1, 0, 0, 0, -1, 0, 0, 0, 0], [2, 2, -6, 4, 0, 3, -6, 2, 7, -4, 5, 6, -3, -8, 5, 4], [-1, 0, -1, 1, 0, 1, 0, 1, 1, -1, 1, 1, 0, -2, 1, 0], [1, 1, -5, 4, 0, 3, -5, 3, 7, -5, 5, 5, -2, -8, 5, 4], [3, 1, -6, 5, 1, 3, -7, 2, 8, -5, 6, 7, -3, -10, 7, 5], [-1, 0, 3, -3, 0, -2, 4, -2, -5, 3, -4, -4, 1, 6, -4, -4], [1, -1, 0, 1, 1, 1, -1, 0, 2, -1, 1, 1, 0, -2, 1, 1], [0, 0, 0, 0, 0, 0, 0, 0, 0, 0, 0, 0, 0, -1, 0, 0], [-1, -1, 2, -1, 0, -1, 2, -1, -2, 1, -1, -2, 1, 2, -2, -1], [-1, 0, 0, 0, -1, 0, 0, 1, 0, 0, 0, -1, 0, 0, 0, 0]]
[[1, 0, 0, 0, 0, 0, 0, 0, 0, 0, 0, 0, 0, 0, 0, 0], [0, 1, 0, 0, 0, 0, 0, 0, 0, 0, 0, 0, 0, 0, 0, 0], [0, 0, 1, 0, 0, 0, 0, 0, 0, 0, 0, 0, 0, 0, 0, 0], [0, 0, 0, 1, 0, 0, 0, 0, 0, 0, 0, 0, 0, 0, 0, 0], [0, 0, 0, 0, 1, 0, 0, 0, 0, 0, 0, 0, 0, 0, 0, 0], [0, 0, 0, 0, 0, 1, 0, 0, 0, 0, 0, 0, 0, 0, 0, 0], [0, 0, 0, 0, 0, 0, 1, 0, 0, 0, 0, 0, 0, 0, 0, 0], [0, 0, 0, 0, 0, 0, 0, 1, 0, 0, 0, 0, 0, 0, 0, 0], [0, 0, 0, 0, 0, 0, 0, 0, 1, 0, 0, 0, 0, 0, 0, 0], [0, 0, 0, 0, 0, 0, 0, 0, 0, 1, 0, 0, 0, 0, 0, 0], [0, 0, 0, 0, 0, 0, 0, 0, 0, 0, 1, 0, 0, 0, 0, 0], [0, 0, 0, 0, 0, 0, 0, 0, 0, 0, 0, 1, 0, 0, 0, 0], [0, 0, 0, 0, 0, 0, 0, 0, 0, 0, 0, 0, 1, 0, 0, 0], [0, 0, 0, 0, 0, 0, 0, 0, 0, 0, 0, 0, 0, 1, 0, 0], [0, 0, 0, 0, 0, 0, 0, 0, 0, 0, 0, 0, 0, 0, 1, 0], [0, 0, 0, 0, 0, 0, 0, 0, 0, 0, 0, 0, 0, 0, 0, 1]]
[[1, 1, 0, -1, 0, -1, 0, -1, -1, 1, -1, -1, -1, 0, 0, 0], [0, 0, 0, 1, 0, 0, 0, 0, 0, 0, 1, 1, 1, 0, 0, 0], [0, -2, 1, 2, 0, 0, 0, 0, 0, 0, 2, 2, 2, 0, 0, 0], [1, 0, -1, 2, 0, -1, -1, -1, 0, 0, 1, 1, 0, 0, 0, 0], [1, 2, -1, -1, 1, 0, -1, 0, 1, -1, -1, -1, -2, 0, 0, 0], [1, 1, -1, 0, 0, -1, -1, -2, -1, 1, 0, 0, -1, 0, 0, 0], [0, 0, 0, 0, 0, 0, 1, 0, 0, 0, 0, 0, 0, 0, 0, 0], [1, 2, -1, -1, 0, -1, -1, 0, 0, 0, -1, -1, -2, 0, 0, 0], [-1, -1, 1, 0, 0, 1, 1, 1, 1, 0, 0, 0, 1, 0, 0, 0], [1, 2, -1, -1, 0, 0, -1, 0, 1, 0, -1, -1, -2, 0, 0, 0], [0, 2, 0, -2, 0, 0, 0, 0, 0, 0, -1, -2, -2, 0, 0, 0], [-1, -2, 1, 1, 0, 1, 1, 1, 0, 0, 1, 2, 2, 0, 0, 0], [0, 1, 0, -1, 0, 0, 0, 0, 0, 0, -1, -1, 0, 0, 0, 0], [-1, 0, 1, -1, 0, 0, 1, 0, -1, 1, -1, -1, 0, 1, 0, 0], [0, 0, 0, 0, 0, 0, 0, 0, 0, 0, 0, 0, 0, 0, 1, 0], [0, 0, 0, 0, 0, 0, 0, 0, 0, 0, 0, 0, 0, 0, 0, 1]]
[[1, 0, 0, 0, 0, 0, 0, 0, 0, 0, 0, 0, 0, 0, 0, 0], [0, 1, 0, 0, 0, 0, 0, 0, 0, 0, 0, 0, 0, 0, 0, 0], [0, 0, 1, 0, 0, 0, 0, 0, 0, 0, 0, 0, 0, 0, 0, 0], [0, 0, 0, 1, 0, 0, 0, 0, 0, 0, 0, 0, 0, 0, 0, 0], [0, 0, 0, 0, 1, 0, 0, 0, 0, 0, 0, 0, 0, 0, 0, 0], [0, 0, 0, 0, 0, 1, 0, 0, 0, 0, 0, 0, 0, 0, 0, 0], [0, 0, 0, 0, 0, 0, 1, 0, 0, 0, 0, 0, 0, 0, 0, 0], [0, 0, 0, 0, 0, 0, 0, 1, 0, 0, 0, 0, 0, 0, 0, 0], [0, 0, 0, 0, 0, 0, 0, 0, 1, 0, 0, 0, 0, 0, 0, 0], [0, 0, 0, 0, 0, 0, 0, 0, 0, 1, 0, 0, 0, 0, 0, 0], [0, 0, 0, 0, 0, 0, 0, 0, 0, 0, 1, 0, 0, 0, 0, 0], [0, 0, 0, 0, 0, 0, 0, 0, 0, 0, 0, 1, 0, 0, 0, 0], [0, 0, 0, 0, 0, 0, 0, 0, 0, 0, 0, 0, 1, 0, 0, 0], [0, 0, 0, 0, 0, 0, 0, 0, 0, 0, 0, 0, 0, 1, 0, 0], [0, 0, 0, 0, 0, 0, 0, 0, 0, 0, 0, 0, 0, 0, 1, 0], [0, 0, 0, 0, 0, 0, 0, 0, 0, 0, 0, 0, 0, 0, 0, 1]]
[[1, 0, 0, 0, 0, 0, 0, 0, 0, 0, 0, 0, 0, 0, 0, 0], [-1, 1, 0, 0, -1, -1, 1, 0, -1, 1, -1, -1, 1, 2, -2, -1], [-2, 0, 2, -1, -2, -3, 3, -1, -3, 3, -4, -4, 3, 6, -6, -3], [-1, 0, 1, 0, -1, -2, 2, -1, -2, 2, -3, -3, 2, 4, -4, -2], [1, 0, -1, 1, 2, 2, -2, 1, 3, -3, 3, 2, -2, -4, 4, 2], [-1, 0, 0, 0, -1, 0, 1, 0, -1, 1, -1, -1, 1, 2, -2, -1], [1, 0, 1, -1, 1, 0, 1, -1, -1, 1, -1, 0, 0, 0, 0, 0], [1, 0, 0, 0, 1, 1, -1, 1, 2, -2, 1, 0, -1, -2, 2, 1], [1, 0, 0, 0, 1, 1, -1, 0, 1, 0, 1, 2, -1, -2, 2, 1], [1, 0, -1, 1, 1, 2, -2, 1, 3, -2, 3, 2, -2, -4, 4, 2], [1, 0, 0, 0, 1, 1, -1, 0, 1, -1, 2, 1, -1, -2, 2, 1], [0, 0, 1, -1, 0, -1, 1, -1, -1, 1, -2, -1, 1, 2, -2, -1], [0, 0, -1, 1, 0, 1, -1, 1, 1, -1, 2, 2, 0, -2, 2, 1], [1, 0, 1, -1, 1, 0, 0, -1, -1, 1, -1, 0, 0, 1, 0, 0], [0, 0, 1, -1, 0, -1, 1, -1, -2, 2, -2, -1, 1, 2, -1, -1], [0, 0, -1, 1, 0, 1, -1, 1, 1, -1, 2, 2, -1, -2, 2, 2]]
[[1, 0, 0, 0, 0, 0, 0, 0, 0, 0, 0, 0, 0, 0, 0, 0], [0, 1, 0, 0, 0, 0, 0, 0, 0, 0, 0, 0, 0, 0, 0, 0], [0, 0, 1, 0, 0, 0, 0, 0, 0, 0, 0, 0, 0, 0, 0, 0], [0, 0, 0, 1, 0, 0, 0, 0, 0, 0, 0, 0, 0, 0, 0, 0], [0, 0, 0, 0, 1, 0, 0, 0, 0, 0, 0, 0, 0, 0, 0, 0], [0, 0, 0, 0, 0, 1, 0, 0, 0, 0, 0, 0, 0, 0, 0, 0], [0, 0, 0, 0, 0, 0, 1, 0, 0, 0, 0, 0, 0, 0, 0, 0], [0, 0, 0, 0, 0, 0, 0, 1, 0, 0, 0, 0, 0, 0, 0, 0], [0, 0, 0, 0, 0, 0, 0, 0, 1, 0, 0, 0, 0, 0, 0, 0], [0, 0, 0, 0, 0, 0, 0, 0, 0, 1, 0, 0, 0, 0, 0, 0], [0, 0, 0, 0, 0, 0, 0, 0, 0, 0, 1, 0, 0, 0, 0, 0], [0, 0, 0, 0, 0, 0, 0, 0, 0, 0, 0, 1, 0, 0, 0, 0], [0, 0, 0, 0, 0, 0, 0, 0, 0, 0, 0, 0, 1, 0, 0, 0], [0, 0, 0, 0, 0, 0, 0, 0, 0, 0, 0, 0, 0, 1, 0, 0], [0, 0, 0, 0, 0, 0, 0, 0, 0, 0, 0, 0, 0, 0, 1, 0], [0, 0, 0, 0, 0, 0, 0, 0, 0, 0, 0, 0, 0, 0, 0, 1]]
[[1, 0, 0, 0, 0, 0, 0, 0, 0, 0, 0, 0, 0, 0, 0, 0], [0, 1, 0, 0, 0, 0, 0, 0, 0, 0, 0, 0, 0, 0, 0, 0], [0, 0, 1, 0, 0, 0, 0, 0, 0, 0, 0, 0, 0, 0, 0, 0], [0, 0, 0, 1, 0, 0, 0, 0, 0, 0, 0, 0, 0, 0, 0, 0], [0, 0, 0, 0, 1, 0, 0, 0, 0, 0, 0, 0, 0, 0, 0, 0], [0, 0, 0, 0, 0, 1, 0, 0, 0, 0, 0, 0, 0, 0, 0, 0], [0, 0, 0, 0, 0, 0, 1, 0, 0, 0, 0, 0, 0, 0, 0, 0], [0, 0, 0, 0, 0, 0, 0, 1, 0, 0, 0, 0, 0, 0, 0, 0], [0, 0, 0, 0, 0, 0, 0, 0, 1, 0, 0, 0, 0, 0, 0, 0], [0, 0, 0, 0, 0, 0, 0, 0, 0, 1, 0, 0, 0, 0, 0, 0], [0, 0, 0, 0, 0, 0, 0, 0, 0, 0, 1, 0, 0, 0, 0, 0], [0, 0, 0, 0, 0, 0, 0, 0, 0, 0, 0, 1, 0, 0, 0, 0], [0, 0, 0, 0, 0, 0, 0, 0, 0, 0, 0, 0, 1, 0, 0, 0], [0, 0, 0, 0, 0, 0, 0, 0, 0, 0, 0, 0, 0, 1, 0, 0], [0, 0, 0, 0, 0, 0, 0, 0, 0, 0, 0, 0, 0, 0, 1, 0], [0, 0, 0, 0, 0, 0, 0, 0, 0, 0, 0, 0, 0, 0, 0, 1]]
[[1, 0, 2, -2, 1, -1, 2, -2, -2, 2, -3, -2, 1, 2, -2, -2], [1, 1, -4, 3, 0, 1, -4, 1, 3, -2, 3, 4, -1, -4, 3, 2], [0, 2, -11, 8, -2, 3, -10, 4, 8, -5, 8, 10, -3, -10, 7, 5], [2, 2, -7, 5, 0, 2, -7, 1, 6, -3, 5, 7, -2, -7, 4, 3], [-1, -1, 6, -4, 0, -2, 6, -1, -4, 2, -4, -6, 2, 6, -4, -2], [2, 1, -2, 1, 1, 0, -2, -2, 1, 0, 1, 2, -1, -2, 1, 0], [0, -1, 4, -3, 1, -1, 3, -2, -3, 2, -3, -4, 1, 4, -3, -2], [0, -1, 4, -3, 0, -2, 4, -1, -3, 2, -4, -4, 2, 4, -3, -2], [-1, -1, 1, 0, 0, 0, 1, 0, -1, 0, 0, -1, 0, 1, -1, 0], [1, -1, 3, -2, 1, -1, 3, -2, -2, 1, -3, -3, 1, 3, -3, -2], [0, -1, 6, -5, 1, -2, 6, -2, -5, 3, -6, -6, 2, 6, -4, -3], [-2, 0, -5, 4, -2, 2, -5, 3, 4, -3, 5, 4, -2, -5, 4, 3], [1, 1, 2, -2, 1, -1, 2, -1, -2, 1, -2, -2, 0, 2, -1, -1], [-1, 0, -1, 1, 0, 1, -1, 0, 1, -1, 2, 1, -1, -2, 1, 1], [0, 1, -2, 1, 0, 1, -2, 0, 1, -1, 2, 2, -1, -2, 1, 1], [0, 0, 1, 0, 1, 0, 1, -1, 0, 0, 0, -1, 0, 1, -1, -1]]
[[1, 0, 0, 0, 0, 0, 0, 0, 0, 0, 0, 0, 0, 0, 0, 0], [0, 1, 0, 0, 0, 0, 0, 0, 0, 0, 0, 0, 0, 0, 0, 0], [0, 0, 1, 0, 0, 0, 0, 0, 0, 0, 0, 0, 0, 0, 0, 0], [0, 0, 0, 1, 0, 0, 0, 0, 0, 0, 0, 0, 0, 0, 0, 0], [0, 0, 0, 0, 1, 0, 0, 0, 0, 0, 0, 0, 0, 0, 0, 0], [0, 0, 0, 0, 0, 1, 0, 0, 0, 0, 0, 0, 0, 0, 0, 0], [0, 0, 0, 0, 0, 0, 1, 0, 0, 0, 0, 0, 0, 0, 0, 0], [0, 0, 0, 0, 0, 0, 0, 1, 0, 0, 0, 0, 0, 0, 0, 0], [0, 0, 0, 0, 0, 0, 0, 0, 1, 0, 0, 0, 0, 0, 0, 0], [0, 0, 0, 0, 0, 0, 0, 0, 0, 1, 0, 0, 0, 0, 0, 0], [0, 0, 0, 0, 0, 0, 0, 0, 0, 0, 1, 0, 0, 0, 0, 0], [0, 0, 0, 0, 0, 0, 0, 0, 0, 0, 0, 1, 0, 0, 0, 0], [0, 0, 0, 0, 0, 0, 0, 0, 0, 0, 0, 0, 1, 0, 0, 0], [0, 0, 0, 0, 0, 0, 0, 0, 0, 0, 0, 0, 0, 1, 0, 0], [0, 0, 0, 0, 0, 0, 0, 0, 0, 0, 0, 0, 0, 0, 1, 0], [0, 0, 0, 0, 0, 0, 0, 0, 0, 0, 0, 0, 0, 0, 0, 1]]
[[-1, 0, 0, 0, 0, 0, 0, 0, 0, 0, 0, 0, 0, 0, 0, 0], [0, 1, 2, -2, 0, -1, 2, 0, -2, 1, -1, -2, 0, 1, 0, 0], [2, 1, 4, -3, 1, -2, 3, 0, -3, 1, 0, -2, 0, 0, 2, 1], [1, 2, -1, 0, 0, -1, -1, 1, 0, -1, 2, 1, -2, -3, 4, 2], [-1, -1, -3, 2, -1, 1, -3, -1, 1, 0, 0, 1, -1, 1, -2, -1], [-1, 1, -1, 0, 0, 1, -1, 1, 1, -1, 1, 1, -1, -2, 2, 1], [1, 1, -3, 2, 0, 1, -2, 1, 3, -2, 2, 3, -1, -3, 2, 1], [-2, -1, -1, 1, -1, 0, -1, -1, -1, 1, 0, 0, 0, 2, -2, -1], [1, 0, 0, 0, 0, 0, 0, 0, 1, 0, 0, 0, 0, 0, 0, 0], [-1, 0, -3, 2, -1, 1, -3, 0, 2, 0, 1, 2, -1, -1, 0, 0], [-2, -1, -1, 1, -1, 1, -1, 0, 1, 0, 0, 0, 0, 1, -2, -1], [2, 0, 3, -2, 1, -1, 3, 0, -2, 1, -1, -1, 1, 1, 0, 0], [-2, -1, 1, -1, -1, 0, 1, 0, -1, 1, -2, -2, 1, 2, -2, -1], [0, 0, 1, -1, 0, 0, 1, 1, 0, 0, -1, -1, 0, 1, 0, 0], [0, 0, 1, -1, 0, 0, 1, 1, 0, 0, -1, -1, 0, 0, 1, 0], [1, 1, -3, 2, 0, 1, -3, 1, 3, -2, 2, 3, -1, -3, 2, 2]]
[[1, 0, 0, 0, 0, 0, 0, 0, 0, 0, 0, 0, 0, 0, 0, 0], [0, 1, 0, 0, 0, 0, 0, 0, 0, 0, 0, 0, 0, 0, 0, 0], [0, 0, 1, 0, 0, 0, 0, 0, 0, 0, 0, 0, 0, 0, 0, 0], [0, 0, 0, 1, 0, 0, 0, 0, 0, 0, 0, 0, 0, 0, 0, 0], [0, 0, 0, 0, 1, 0, 0, 0, 0, 0, 0, 0, 0, 0, 0, 0], [0, 0, 0, 0, 0, 1, 0, 0, 0, 0, 0, 0, 0, 0, 0, 0], [0, 0, 0, 0, 0, 0, 1, 0, 0, 0, 0, 0, 0, 0, 0, 0], [0, 0, 0, 0, 0, 0, 0, 1, 0, 0, 0, 0, 0, 0, 0, 0], [0, 0, 0, 0, 0, 0, 0, 0, 1, 0, 0, 0, 0, 0, 0, 0], [0, 0, 0, 0, 0, 0, 0, 0, 0, 1, 0, 0, 0, 0, 0, 0], [0, 0, 0, 0, 0, 0, 0, 0, 0, 0, 1, 0, 0, 0, 0, 0], [0, 0, 0, 0, 0, 0, 0, 0, 0, 0, 0, 1, 0, 0, 0, 0], [0, 0, 0, 0, 0, 0, 0, 0, 0, 0, 0, 0, 1, 0, 0, 0], [0, 0, 0, 0, 0, 0, 0, 0, 0, 0, 0, 0, 0, 1, 0, 0], [0, 0, 0, 0, 0, 0, 0, 0, 0, 0, 0, 0, 0, 0, 1, 0], [0, 0, 0, 0, 0, 0, 0, 0, 0, 0, 0, 0, 0, 0, 0, 1]]
[[1, 0, 0, 0, 0, 0, 0, 0, 0, 0, 0, 0, 0, 0, 0, 0], [0, 1, 0, 0, 0, 0, 0, 0, 0, 0, 0, 0, 0, 0, 0, 0], [0, 0, 1, 0, 0, 0, 0, 0, 0, 0, 0, 0, 0, 0, 0, 0], [0, 0, 0, 1, 0, 0, 0, 0, 0, 0, 0, 0, 0, 0, 0, 0], [0, 0, 0, 0, 1, 0, 0, 0, 0, 0, 0, 0, 0, 0, 0, 0], [0, 0, 0, 0, 0, 1, 0, 0, 0, 0, 0, 0, 0, 0, 0, 0], [0, 0, 0, 0, 0, 0, 1, 0, 0, 0, 0, 0, 0, 0, 0, 0], [0, 0, 0, 0, 0, 0, 0, 1, 0, 0, 0, 0, 0, 0, 0, 0], [0, 0, 0, 0, 0, 0, 0, 0, 1, 0, 0, 0, 0, 0, 0, 0], [0, 0, 0, 0, 0, 0, 0, 0, 0, 1, 0, 0, 0, 0, 0, 0], [0, 0, 0, 0, 0, 0, 0, 0, 0, 0, 1, 0, 0, 0, 0, 0], [0, 0, 0, 0, 0, 0, 0, 0, 0, 0, 0, 1, 0, 0, 0, 0], [0, 0, 0, 0, 0, 0, 0, 0, 0, 0, 0, 0, 1, 0, 0, 0], [0, 0, 0, 0, 0, 0, 0, 0, 0, 0, 0, 0, 0, 1, 0, 0], [0, 0, 0, 0, 0, 0, 0, 0, 0, 0, 0, 0, 0, 0, 1, 0], [0, 0, 0, 0, 0, 0, 0, 0, 0, 0, 0, 0, 0, 0, 0, 1]]
[[1, 0, 0, 0, 0, 0, 0, 0, 0, 0, 0, 0, 0, 0, 0, 0], [0, 1, 0, 0, 0, 0, 0, 0, 0, 0, 0, 0, 0, 0, 0, 0], [0, 0, 1, 0, 0, 0, 0, 0, 0, 0, 0, 0, 0, 0, 0, 0], [0, 0, 0, 1, 0, 0, 0, 0, 0, 0, 0, 0, 0, 0, 0, 0], [0, 0, 0, 0, 1, 0, 0, 0, 0, 0, 0, 0, 0, 0, 0, 0], [0, 0, 0, 0, 0, 1, 0, 0, 0, 0, 0, 0, 0, 0, 0, 0], [0, 0, 0, 0, 0, 0, 1, 0, 0, 0, 0, 0, 0, 0, 0, 0], [0, 0, 0, 0, 0, 0, 0, 1, 0, 0, 0, 0, 0, 0, 0, 0], [0, 0, 0, 0, 0, 0, 0, 0, 1, 0, 0, 0, 0, 0, 0, 0], [0, 0, 0, 0, 0, 0, 0, 0, 0, 1, 0, 0, 0, 0, 0, 0], [0, 0, 0, 0, 0, 0, 0, 0, 0, 0, 1, 0, 0, 0, 0, 0], [0, 0, 0, 0, 0, 0, 0, 0, 0, 0, 0, 1, 0, 0, 0, 0], [0, 0, 0, 0, 0, 0, 0, 0, 0, 0, 0, 0, 1, 0, 0, 0], [0, 0, 0, 0, 0, 0, 0, 0, 0, 0, 0, 0, 0, 1, 0, 0], [0, 0, 0, 0, 0, 0, 0, 0, 0, 0, 0, 0, 0, 0, 1, 0], [0, 0, 0, 0, 0, 0, 0, 0, 0, 0, 0, 0, 0, 0, 0, 1]]
[[1, 0, 0, 0, 0, 0, 0, 0, 0, 0, 0, 0, 0, 0, 0, 0], [0, 1, -3, 2, 0, 2, -3, 0, 3, -1, 2, 3, -1, -3, 1, 1], [-3, 1, -6, 4, -2, 4, -5, 1, 5, -1, 3, 5, -1, -4, 0, 1], [-1, -1, -1, 1, 0, 2, -1, -1, 1, 1, -1, 1, 1, 0, -2, -1], [0, -1, 5, -3, 1, -3, 5, 0, -4, 1, -3, -5, 2, 4, -1, -2], [0, 0, 0, 0, 0, 1, 0, 0, 0, 0, 0, 0, 0, 0, 0, 0], [1, -1, 3, -2, 1, -1, 2, -1, -2, 1, -2, -2, 1, 2, -1, 0], [0, -1, 2, -1, 0, -1, 2, 1, -1, 0, -1, -2, 1, 1, 0, -1], [1, 0, 4, -3, 1, -2, 3, -1, -3, 2, -3, -3, 1, 4, -2, -1], [1, -1, 6, -4, 1, -3, 5, -1, -5, 3, -4, -5, 2, 5, -2, -2], [0, 0, 3, -2, 0, -2, 3, 0, -3, 1, -1, -3, 1, 3, -1, -1], [-1, 0, -4, 3, -1, 2, -4, 1, 4, -2, 3, 4, -1, -4, 2, 2], [2, 1, -1, 1, 1, 0, -1, 0, 1, -1, 2, 2, -1, -2, 2, 1], [1, -1, 3, -2, 1, -1, 2, -1, -2, 1, -2, -2, 1, 3, -1, -1], [1, 0, 1, -1, 1, 0, 0, -1, -1, 1, -1, 0, 0, 1, 0, 0], [1, -1, 3, -2, 1, -1, 3, -1, -2, 1, -2, -2, 1, 2, -1, -1]]
[[-1, -1, 3, -3, 0, -1, 3, -1, -3, 2, -3, -3, 1, 3, -2, -2], [1, 2, -4, 3, 0, 0, -3, 1, 3, -2, 3, 3, -2, -4, 3, 2], [4, 3, -9, 8, 1, 0, -8, 1, 8, -5, 8, 8, -4, -10, 7, 5], [2, 3, -8, 6, 0, 1, -7, 1, 7, -4, 7, 7, -4, -9, 6, 4], [-2, -2, 5, -4, -1, 0, 4, 0, -4, 2, -4, -4, 3, 6, -4, -2], [-2, 0, 0, -1, -1, 0, 1, 0, -1, 1, -1, -1, 0, 1, -1, -1], [0, 1, 0, -1, 0, 0, 0, -1, -1, 1, -1, -1, -1, 1, -1, -1], [-1, -2, 5, -4, 0, -1, 4, -1, -4, 2, -4, -4, 3, 5, -3, -2], [0, 0, -2, 2, 0, 1, -2, 0, 1, -1, 2, 2, -1, -2, 1, 1], [-2, -2, 1, -1, -1, 1, 1, 0, -1, 0, -1, -1, 1, 1, -1, -1], [-1, -3, 6, -5, 0, -1, 5, -1, -5, 3, -6, -5, 3, 6, -4, -3], [2, 2, -3, 3, 1, 0, -3, 0, 3, -2, 3, 2, -2, -3, 2, 2], [-2, -1, 2, -2, -1, 0, 2, 1, -2, 1, -2, -2, 1, 2, -1, -1], [-1, 0, 0, 0, 0, 1, 0, 0, 0, 0, 0, 0, 0, 0, -1, 0], [-1, 1, -3, 2, -1, 1, -2, 1, 2, -1, 2, 2, -1, -3, 1, 1], [-1, 0, 0, 0, 0, 1, 0, 0, 0, 0, 0, 0, 0, 1, -1, -1]]

Generators of monodromy action on conics:
(13,25)(14,26)(15,27)(16,28)(17,19)(18,20)(21,23)(22,24)(43,68)(44,67)(45,49)(46,50)(53,77)(54,78)(71,76)(72,75)(81,101)(82,102)(95,97)(96,98)(99,119)(100,120)(103,106)(104,105)(121,274)(122,273)(123,245)(124,246)(125,129)(126,130)(127,276)(128,275)(137,277)(138,278)(139,281)(140,282)(141,299)(142,300)(143,297)(144,298)(145,305)(146,306)(147,301)(148,302)(151,321)(152,322)(153,265)(154,266)(155,341)(156,342)(159,166)(160,165)(169,243)(170,244)(175,187)(176,188)(177,220)(178,219)(179,218)(180,217)(181,228)(182,227)(183,214)(184,213)(191,212)(192,211)(193,198)(194,197)(207,223)(208,224)(215,235)(216,236)(229,239)(230,240)(253,279)(254,280)(255,291)(256,292)(259,287)(260,288)(261,295)(262,296)(263,316)(264,315)(267,336)(268,335)(269,327)(270,328)(271,343)(272,344)(309,312)(310,311)(323,338)(324,337)(325,332)(326,331)
(5,12)(6,11)(29,36)(30,35)(51,55)(52,56)(65,69)(66,70)(87,94)(88,93)(107,114)(108,113)(133,161)(134,162)(137,148)(138,147)(149,167)(150,168)(151,169)(152,170)(153,180)(154,179)(157,174)(158,173)(195,206)(196,205)(201,250)(202,249)(209,247)(210,248)(215,255)(216,256)(217,265)(218,266)(221,294)(222,293)(229,324)(230,323)(233,285)(234,286)(235,291)(236,292)(237,339)(238,340)(239,337)(240,338)(241,313)(242,314)(243,321)(244,322)(259,270)(260,269)(277,302)(278,301)(283,318)(284,317)(287,328)(288,327)(289,330)(290,329)
(1,2)(3,4)(5,11)(6,12)(7,8)(9,10)(13,26)(14,25)(15,28)(16,27)(17,20)(18,19)(21,24)(22,23)(29,35)(30,36)(31,32)(33,34)(37,38)(39,40)(41,42)(43,67)(44,68)(45,50)(46,49)(47,48)(51,56)(52,55)(53,78)(54,77)(57,58)(59,60)(61,62)(63,64)(65,70)(66,69)(71,75)(72,76)(73,74)(79,80)(81,102)(82,101)(83,84)(85,86)(87,93)(88,94)(89,90)(91,92)(95,98)(96,97)(99,120)(100,119)(103,105)(104,106)(107,113)(108,114)(109,110)(111,112)(115,116)(117,118)(121,273)(122,274)(123,246)(124,245)(125,130)(126,129)(127,275)(128,276)(131,132)(133,162)(134,161)(135,136)(137,301)(138,302)(139,282)(140,281)(141,300)(142,299)(143,298)(144,297)(145,306)(146,305)(147,277)(148,278)(149,168)(150,167)(151,244)(152,243)(153,218)(154,217)(155,342)(156,341)(157,173)(158,174)(159,165)(160,166)(163,164)(169,322)(170,321)(171,172)(175,188)(176,187)(177,219)(178,220)(179,265)(180,266)(181,227)(182,228)(183,213)(184,214)(185,186)(189,190)(191,211)(192,212)(193,197)(194,198)(195,205)(196,206)(199,200)(201,249)(202,250)(203,204)(207,224)(208,223)(209,248)(210,247)(215,292)(216,291)(221,293)(222,294)(225,226)(229,338)(230,337)(231,232)(233,286)(234,285)(235,256)(236,255)(237,340)(238,339)(239,323)(240,324)(241,314)(242,313)(251,252)(253,280)(254,279)(257,258)(259,327)(260,328)(261,296)(262,295)(263,315)(264,316)(267,335)(268,336)(269,287)(270,288)(271,344)(272,343)(283,317)(284,318)(289,329)(290,330)(303,304)(307,308)(309,311)(310,312)(319,320)(325,331)(326,332)(333,334)
(1,205,21,157,33,327)(2,206,22,158,34,328)(3,147,10,283,27,329)(4,148,9,284,28,330)(5,29)(6,30)(7,288,40,196,20,174)(8,287,39,195,19,173)(11,12)(13,289,37,137,31,317)(14,290,38,138,32,318)(15,301)(16,302)(17,259)(18,260)(23,269)(24,270)(25,277)(26,278)(35,36)(41,241,78,247,58,152)(42,242,77,248,57,151)(43,210,64,169,80,314)(44,209,63,170,79,313)(45,235)(46,236)(47,216,62,233,50,149)(48,215,61,234,49,150)(51,52)(53,321)(54,322)(55,69)(56,70)(59,285,72,167,73,256)(60,286,71,168,74,255)(65,66)(67,244)(68,243)(75,292)(76,291)(81,340,110,217,84,162)(82,339,109,218,83,161)(85,338,111,221,96,249)(86,337,112,222,95,250)(87,107)(88,108)(89,294,106,202,115,240)(90,293,105,201,116,239)(91,266,117,133,120,237)(92,265,118,134,119,238)(93,94)(97,324)(98,323)(99,153)(100,154)(101,180)(102,179)(103,230)(104,229)(113,114)(121,224,280)(122,223,279)(123,208,160)(124,207,159)(125,232,296,261,172,130)(126,231,295,262,171,129)(127,200,219,177,320,275)(128,199,220,178,319,276)(131,156,341,303,282,139)(132,155,342,304,281,140)(135,136)(141,300,252,211,191,164)(142,299,251,212,192,163)(143,305,274)(144,306,273)(145,272,165)(146,271,166)(175,334,335,267,186,188)(176,333,336,268,185,187)(181,246,213)(182,245,214)(183,344,263)(184,343,264)(189,190)(193,197,226,309,311,258)(194,198,225,310,312,257)(203,204)(227,325,254)(228,326,253)(297,332,316)(298,331,315)(307,308)
