
########################################################
# DATA FOR CRYSTALLOGRAPHIC QUARTIC SURFACE FAMILY 7.4 #
########################################################


##################
# GROUP & FAMILY #
##################

Generators of crystallographic group:
[[-1, 0, 0, 0], [0, -1, 0, 0], [0, 0, 1, 0], [0, 0, 0, -1]]
[[-1, 0, 0, 0], [0, -1, 0, 0], [0, 0, 0, 1], [0, 0, -1, 0]]

Invariant polynomials:
z^4 + w^4
z^2*w^2
y^2*z^2 + y^2*w^2
x*y*z^2 + x*y*w^2
x^2*z^2 + x^2*w^2
y^4
x*y^3
x^2*y^2
x^3*y
x^4

Equivalent crystallographic groups:
7.5
7.6
7.7

############
# HOMOLOGY #
############


Intersection product:
[[-4, -3, 3, -3, -2, -1, -3, -2, 0, -1, -5, 0, 3, -3, 2, -2, -1, -3, 2, -2, -2, 1], [-3, -6, 4, -4, -1, -2, -4, -2, -1, -2, -5, -1, 4, -5, 3, -1, -2, -4, 2, -2, -2, 2], [3, 4, -4, 3, 1, 2, 3, 2, 0, 2, 4, 1, -3, 3, -3, 1, 2, 3, -1, 2, 2, -1], [-3, -4, 3, -6, -1, -1, -4, -2, -1, -1, -5, -1, 4, -4, 3, -1, -1, -4, 2, -2, -2, 1], [-2, -1, 1, -1, -2, 0, -1, -1, 1, 0, -3, 0, 2, -1, 1, -1, 0, -1, 1, -1, -1, 0], [-1, -2, 2, -1, 0, -2, -1, -1, 0, -1, -1, -1, 1, -1, 1, 0, -1, -1, 0, -1, -1, 0], [-3, -4, 3, -4, -1, -1, -4, -2, 0, -1, -4, -1, 3, -3, 2, -1, -1, -3, 2, -2, -2, 1], [-2, -2, 2, -2, -1, -1, -2, -2, 1, 0, -2, -1, 2, -1, 1, 0, 0, -1, 1, -1, -1, 0], [0, -1, 0, -1, 1, 0, 0, 1, -2, 0, 0, 0, 0, -1, 0, 0, 0, -1, 0, 0, 0, 1], [-1, -2, 2, -1, 0, -1, -1, 0, 0, -2, -1, -1, 1, -1, 1, 0, -1, -1, 0, -1, -1, 0], [-5, -5, 4, -5, -3, -1, -4, -2, 0, -1, -10, 0, 7, -6, 5, -2, -2, -5, 3, -3, -3, 1], [0, -1, 1, -1, 0, -1, -1, -1, 0, -1, 0, -2, 0, 0, 0, 1, 0, 0, 0, 0, 0, 0], [3, 4, -3, 4, 2, 1, 3, 2, 0, 1, 7, 0, -6, 5, -4, 1, 2, 4, -2, 2, 2, -1], [-3, -5, 3, -4, -1, -1, -3, -1, -1, -1, -6, 0, 5, -6, 3, -1, -2, -4, 2, -2, -2, 2], [2, 3, -3, 3, 1, 1, 2, 1, 0, 1, 5, 0, -4, 3, -4, 1, 2, 3, -1, 2, 2, 0], [-2, -1, 1, -1, -1, 0, -1, 0, 0, 0, -2, 1, 1, -1, 1, -2, 0, -1, 1, -1, -1, 0], [-1, -2, 2, -1, 0, -1, -1, 0, 0, -1, -2, 0, 2, -2, 2, 0, -2, -1, 0, -1, -1, 0], [-3, -4, 3, -4, -1, -1, -3, -1, -1, -1, -5, 0, 4, -4, 3, -1, -1, -4, 2, -2, -2, 1], [2, 2, -1, 2, 1, 0, 2, 1, 0, 0, 3, 0, -2, 2, -1, 1, 0, 2, -2, 1, 1, -1], [-2, -2, 2, -2, -1, -1, -2, -1, 0, -1, -3, 0, 2, -2, 2, -1, -1, -2, 1, -2, -1, 0], [-2, -2, 2, -2, -1, -1, -2, -1, 0, -1, -3, 0, 2, -2, 2, -1, -1, -2, 1, -1, -2, 0], [1, 2, -1, 1, 0, 0, 1, 0, 1, 0, 1, 0, -1, 2, 0, 0, 0, 1, -1, 0, 0, -2]]

Basis of the generic Picard lattice:
[1, 0, 0, 0, 0, 0, 0, 0, 0, 0, 0, 0, 0, 0, 0, 0, -1, 2, 2, -2, 1, 1]
[0, 1, 0, 0, 0, 0, 0, 0, 0, 0, 0, 0, 0, 0, 0, 3, -1, -1, 1, 1, -1, 0]
[0, 0, 1, 0, 0, 0, 0, 0, 0, 0, 0, 0, 0, 0, 0, -1, 1, 0, -1, 0, 0, 0]
[0, 0, 0, 1, 0, 0, 0, 0, 0, 0, 0, 0, 0, 0, 0, 0, -1, 1, 2, -2, 1, 0]
[0, 0, 0, 0, 1, 0, 0, 0, 0, 0, 0, 0, 0, 0, 0, -1, 0, 0, 1, -1, 1, 0]
[0, 0, 0, 0, 0, 1, 0, 0, 0, 0, 0, 0, 0, 0, 0, 0, -1, -1, 0, 1, 0, -1]
[0, 0, 0, 0, 0, 0, 1, 0, 0, 0, 0, 0, 0, 0, 0, -1, -1, 0, 2, -1, 1, -1]
[0, 0, 0, 0, 0, 0, 0, 1, 0, 0, 0, 0, 0, 0, 0, -2, 0, -1, 1, -1, 1, -1]
[0, 0, 0, 0, 0, 0, 0, 0, 1, 0, 0, 0, 0, 0, 0, 1, -1, 0, 0, 1, 0, 0]
[0, 0, 0, 0, 0, 0, 0, 0, 0, 1, 0, 0, 0, 0, 0, -1, -1, -2, 0, 2, 0, -2]
[0, 0, 0, 0, 0, 0, 0, 0, 0, 0, 1, 0, 0, 0, 0, 1, 0, 0, 1, -2, 1, 1]
[0, 0, 0, 0, 0, 0, 0, 0, 0, 0, 0, 1, 0, 0, 0, 0, 0, -1, 0, 0, 0, -1]
[0, 0, 0, 0, 0, 0, 0, 0, 0, 0, 0, 0, 1, 0, 0, -2, 0, 0, -1, 1, 0, -1]
[0, 0, 0, 0, 0, 0, 0, 0, 0, 0, 0, 0, 0, 1, 0, 2, -1, 0, 1, 0, 0, 1]
[0, 0, 0, 0, 0, 0, 0, 0, 0, 0, 0, 0, 0, 0, 1, -1, 0, 1, 0, 0, 0, 0]

Class of hyperplane section:
[-3, 0, -3, 1, 0, 0, 0, 0, 0, 0, 2, -2, 0, -1, 3, 0, 0, 0, 0, 0, 0, 0]

Action of the group on homology:
[[0, 0, 1, 1, 0, -1, 0, -1, 0, -1, 2, -1, -2, 1, -2, 0, 0, 1, 0, 0, 0, 0], [0, -1, 0, 0, 0, 0, 0, 0, 0, 0, 0, 0, 0, 0, 0, 0, 0, 0, 0, 0, 0, 0], [1, 0, 0, 1, 0, -1, 0, -1, 0, -1, 2, -1, -2, 1, -2, 0, 0, 1, 0, 0, 0, 0], [0, 0, -1, 0, 0, 1, 0, 1, 0, 1, 0, 1, 0, 0, 0, 0, 0, 0, 0, 0, 0, 0], [0, 0, 0, -1, 0, 0, 0, 0, 0, 0, 0, 0, 0, -1, 0, 0, 0, 0, 0, 0, 0, 0], [2, 2, -2, 2, 1, 1, 2, 2, 0, 1, 2, 1, -1, 1, -1, 1, 0, 2, -1, 1, 1, -1], [0, 1, 0, -1, 0, 0, 0, 0, 0, 0, -1, 0, 1, 0, 1, 0, 0, 0, 0, 0, 0, -1], [-1, -2, 1, -1, -1, -1, -2, -2, 0, -1, -1, -1, 1, -1, 0, 0, 0, -1, 1, 0, 0, 1], [-1, -2, 1, -2, 0, -1, -2, -1, -1, -1, -1, -1, 1, -2, 0, 0, 0, -1, 1, 0, 0, 1], [0, -1, 0, 0, 0, 0, -1, 0, 0, 0, 0, 0, 0, 0, 0, 0, 0, 0, 1, 0, 0, 0], [0, 0, -1, 0, 0, 1, 0, 1, 0, 1, -1, 1, 1, 0, 1, 0, 0, 0, 0, 0, 1, 0], [0, 1, 1, 1, 0, -1, 1, -1, 0, -1, 1, -1, -2, 1, -1, -1, 0, 0, -1, -1, -1, 0], [0, 0, 0, 0, -1, 0, 0, 0, 0, -1, 0, 0, 0, 0, 0, 0, 0, 0, 0, 0, 1, 0], [0, 0, 1, 0, -1, -1, 0, -1, 0, -1, 0, -1, 0, 0, 0, 0, 0, 0, 0, 0, 0, 0], [0, 1, -1, 0, 1, 1, 1, 1, 0, 2, 0, 1, 0, 1, 1, 0, 0, 0, -1, 0, 0, 0], [0, 1, 0, 1, 0, 0, 1, 0, 0, 0, 0, 0, -1, 1, 0, -1, 0, 0, -1, 0, -1, 0], [-1, 0, 1, 0, 0, -1, 0, -1, 0, -1, 0, 0, -1, 0, 0, -1, -1, -1, -1, -1, -1, 1], [1, 2, 0, 1, 1, 0, 2, 0, 0, 0, 2, 0, -2, 2, 0, 0, 0, 0, -2, 0, 0, 0], [0, 0, 0, -1, 0, 0, 0, 0, 0, 1, -1, 0, 1, 0, 1, 0, 0, 0, 0, 0, 0, -1], [0, -1, 0, -1, 0, 0, -1, 0, 0, 0, -1, -1, 1, -1, 0, 1, 0, 0, 1, 0, 0, 0], [0, -1, 0, -1, 0, 0, -1, 0, 0, 0, 0, 0, 1, -1, 0, 0, 0, 0, 1, 0, 0, 0], [0, 0, 1, 0, 0, -1, 0, -1, 0, -1, 1, -1, -1, 1, 0, 0, 0, 0, -1, 0, 0, 0]]
[[1, 2, -1, 2, 0, 1, 2, 1, 0, 1, 1, 1, -1, 2, -1, 0, 1, 2, 0, 1, 1, -2], [0, 1, 0, 1, 0, 0, 0, 0, 0, 0, 2, 0, -2, 2, -1, 0, 1, 1, 0, 1, 1, 0], [1, 2, -1, 2, 0, 1, 2, 1, 0, 2, 1, 1, -1, 2, -1, 0, 1, 2, 0, 1, 1, -1], [0, -1, 1, -1, 0, -1, -1, -1, 0, -1, 0, -1, 0, 0, 1, 0, 0, -1, 0, 0, 0, 1], [1, 1, 0, 1, 0, 0, 1, 0, 1, 0, 0, 0, 0, 1, 1, 0, -1, 0, -1, -1, -1, -1], [0, -1, 1, -1, 0, -1, -1, -2, 1, 0, -1, -1, 1, -1, 1, 0, -1, -1, 0, -1, -1, 1], [0, -1, 0, 0, 0, 0, 0, 0, 0, 0, -1, 0, 1, -2, 0, 0, -1, -1, 0, -1, -1, 1], [0, 1, -1, 1, 1, 1, 1, 2, -1, 1, 1, 1, -1, 1, -1, 0, 1, 1, 0, 1, 1, 0], [0, 1, -1, 1, 0, 1, 1, 1, 0, 1, -1, 1, 1, 0, 0, 0, 0, 0, 0, 0, 0, 0], [0, 0, 0, 0, 0, 0, 0, 0, 0, 0, 0, 0, 0, 0, 0, 0, 0, 0, 0, 0, 1, 1], [-1, -2, 1, -1, 0, -1, -2, -1, 0, -1, 0, -1, 0, -1, 0, 0, 0, -1, 1, 0, 0, 2], [0, 2, -1, 1, -1, 1, 2, 1, 0, 1, 0, 1, 0, 1, -1, 0, 1, 2, 0, 1, 0, -3], [-1, -1, 1, -1, 0, 0, -1, 0, 0, 0, -1, 0, 0, 0, 1, -1, 0, -1, 1, -1, -1, 0], [0, 1, -1, 0, 0, 1, 1, 1, 0, 1, -1, 1, 0, 0, 0, -1, 0, 0, 0, -1, -1, -1], [0, -1, 0, 0, 0, -1, -1, -1, 0, -1, 2, -1, -1, 0, -1, 1, 1, 0, 0, 1, 1, 1], [-1, 0, 0, 0, -1, 0, 0, 0, 0, 0, 0, 0, 0, 0, -1, 0, 1, 1, 0, 1, 0, -1], [1, 1, -1, 1, 0, 1, 1, 1, 0, 1, 2, 0, -1, 2, -1, 1, 2, 2, 0, 2, 1, -2], [0, 0, 0, 0, 0, 0, 0, 0, 0, 0, 2, 0, -1, 1, -1, 1, 1, 1, 0, 1, 0, -2], [0, 0, 0, 1, 0, 0, 0, 0, 0, -1, 1, 0, -1, 0, -1, 0, 0, 0, 0, 0, 0, 1], [0, 0, 0, 0, 0, 0, 0, 0, 0, 0, -1, 1, 1, -1, 1, -1, -1, -1, 0, -1, 0, 1], [0, 0, 0, 0, 0, 0, 0, 0, 0, 0, -2, 0, 1, -1, 1, 0, -1, -1, 0, -1, 0, 1], [0, 1, -1, 1, 0, 1, 1, 1, 0, 1, 1, 1, -1, 1, -1, 0, 1, 1, 0, 1, 0, -1]]

####################
# ALGEBRAIC CURVES #
####################


There are 208 conics:
[-1, 0, -1, 1, -1, 0, -1, 1, 0, 1, 2, -2, 1, 0, 1, -1, -1, -1, 0, 0, 1, 0]
[-2, 0, -2, 0, 1, 0, 1, -1, 0, -1, 0, 0, -1, -1, 2, 1, 1, 1, 0, 0, -1, 0]
[-1, 0, -1, 1, 0, 0, -1, 0, 0, 0, 1, 0, 0, -1, 1, 0, 1, 0, -1, -1, 0, 0]
[-2, 0, -2, 0, 0, 0, 1, 0, 0, 0, 1, -2, 0, 0, 2, 0, -1, 0, 1, 1, 0, 0]
[-1, 0, -1, 1, 0, 1, -1, 0, 0, 0, 1, -1, 0, -1, 1, 0, 0, 0, -1, 0, 0, 0]
[-2, 0, -2, 0, 0, -1, 1, 0, 0, 0, 1, -1, 0, 0, 2, 0, 0, 0, 1, 0, 0, 0]
[-1, -1, -2, 0, 0, 0, 0, 0, 0, -1, 0, 1, 0, 1, 1, 1, 0, 1, 0, -1, 0, 1]
[-2, 1, -1, 1, 0, 0, 0, 0, 0, 1, 2, -3, 0, -2, 2, -1, 0, -1, 0, 1, 0, -1]
[-1, 0, -1, 1, 0, 0, -1, 0, 0, 0, 1, 0, 1, 0, 1, 0, 0, 0, -1, 0, 0, 0]
[-2, 0, -2, 0, 0, 0, 1, 0, 0, 0, 1, -2, -1, -1, 2, 0, 0, 0, 1, 0, 0, 0]
[-1, 0, -1, 1, 0, 1, -1, 0, -1, 0, 1, -1, 1, 0, 1, -1, 0, 0, -1, 0, 0, 0]
[-2, 0, -2, 0, 0, -1, 1, 0, 1, 0, 1, -1, -1, -1, 2, 1, 0, 0, 1, 0, 0, 0]
[-1, 0, -1, 1, -1, 0, -1, 1, 0, 0, 1, -1, 1, 0, 0, 0, 0, -1, -1, 0, 0, 0]
[-2, 0, -2, 0, 1, 0, 1, -1, 0, 0, 1, -1, -1, -1, 3, 0, 0, 1, 1, 0, 0, 0]
[-1, 0, -1, -1, 1, -1, 1, 0, 1, -1, 0, 0, 0, 0, 1, 0, 1, 1, 0, 0, 0, 1]
[-2, 0, -2, 2, -1, 1, -1, 0, -1, 1, 2, -2, 0, -1, 2, 0, -1, -1, 0, 0, 0, -1]
[-1, -1, -2, 0, -1, 0, 0, 0, 0, 0, 1, 0, 0, 0, 1, 0, 0, 0, -1, 0, 0, 0]
[-2, 1, -1, 1, 1, 0, 0, 0, 0, 0, 1, -2, 0, -1, 2, 0, 0, 0, 1, 0, 0, 0]
[-1, 0, -1, 1, -1, 0, -1, 0, -1, 0, 1, 0, 0, 0, 2, 1, 1, 1, -1, -1, -1, 1]
[-2, 0, -2, 0, 1, 0, 1, 0, 1, 0, 1, -2, 0, -1, 1, -1, -1, -1, 1, 1, 1, -1]
[-1, 0, -1, 0, 0, -1, 0, 0, 0, 0, 0, 0, -1, 0, 2, 1, 1, 1, 0, 0, -1, 1]
[-2, 0, -2, 1, 0, 1, 0, 0, 0, 0, 2, -2, 1, -1, 1, -1, -1, -1, 0, 0, 1, -1]
[-1, -1, -2, -1, 0, -1, 1, 0, 1, 0, 0, 0, -1, 0, 1, 0, 0, 0, 0, 1, 0, 0]
[-2, 1, -1, 2, 0, 1, -1, 0, -1, 0, 2, -2, 1, -1, 2, 0, 0, 0, 0, -1, 0, 0]
[-1, 0, -1, 0, 0, 0, 0, 0, 0, -1, 1, 0, 1, 0, 1, 0, 1, 1, -1, -1, 0, 1]
[-2, 0, -2, 1, 0, 0, 0, 0, 0, 1, 1, -2, -1, -1, 2, 0, -1, -1, 1, 1, 0, -1]
[-1, 0, -1, 0, 0, -1, 0, 1, 1, 0, 0, -1, 0, 0, 0, 0, 0, -1, 0, 1, 0, 0]
[-2, 0, -2, 1, 0, 1, 0, -1, -1, 0, 2, -1, 0, -1, 3, 0, 0, 1, 0, -1, 0, 0]
[-1, 0, -1, 0, 1, 0, 0, 0, 0, 0, 0, -1, 0, 0, 1, -1, 0, 0, 0, 1, 0, 0]
[-2, 0, -2, 1, -1, 0, 0, 0, 0, 0, 2, -1, 0, -1, 2, 1, 0, 0, 0, -1, 0, 0]
[-1, 0, -1, 0, 1, -1, 0, 0, 1, 0, 0, 0, 0, 0, 1, 0, 0, 0, 0, 1, 0, 0]
[-2, 0, -2, 1, -1, 1, 0, 0, -1, 0, 2, -2, 0, -1, 2, 0, 0, 0, 0, -1, 0, 0]
[-1, -1, -2, -1, 1, -1, 1, 0, 1, -1, -1, 1, -1, 1, 1, 1, 0, 1, 1, 0, 0, 1]
[-2, 1, -1, 2, -1, 1, -1, 0, -1, 1, 3, -3, 1, -2, 2, -1, 0, -1, -1, 0, 0, -1]
[-1, 0, -1, 0, 1, 0, 0, 0, 1, 0, 0, -1, -1, -1, 1, 0, 0, 0, 0, 1, 0, 0]
[-2, 0, -2, 1, -1, 0, 0, 0, -1, 0, 2, -1, 1, 0, 2, 0, 0, 0, 0, -1, 0, 0]
[-1, 0, -1, 0, 1, -1, 0, 0, 1, 0, 0, 0, -1, -1, 1, 0, 1, 0, 0, 0, 0, 0]
[-2, 0, -2, 1, -1, 1, 0, 0, -1, 0, 2, -2, 1, 0, 2, 0, -1, 0, 0, 0, 0, 0]
[-1, 0, -1, 0, 0, -1, 0, 1, 1, 1, 1, -2, 0, 0, 1, -1, -1, -1, 1, 1, 1, 0]
[-2, 0, -2, 1, 0, 1, 0, -1, -1, -1, 1, 0, 0, -1, 2, 1, 1, 1, -1, -1, -1, 0]
[-1, 0, -1, 1, 0, 0, -1, 1, 1, 1, 1, -2, 0, -1, 0, -1, -1, -2, 0, 1, 1, -1]
[-2, 0, -2, 0, 0, 0, 1, -1, -1, -1, 1, 0, 0, 0, 3, 1, 1, 2, 0, -1, -1, 1]
[-1, -1, -1, 0, 1, 0, 0, 0, 1, 0, 0, 0, 0, 1, 0, 0, -1, -1, 0, 1, 1, 0]
[-2, 1, -2, 1, -1, 0, 0, 0, -1, 0, 2, -2, 0, -2, 3, 0, 1, 1, 0, -1, -1, 0]
[-1, 0, -1, 1, 1, 0, -1, 0, 0, 0, 0, 0, 0, 0, 1, 0, 0, 0, 0, 0, 0, 0]
[-2, 0, -2, 0, -1, 0, 1, 0, 0, 0, 2, -2, 0, -1, 2, 0, 0, 0, 0, 0, 0, 0]
[0, 0, -1, 0, 0, -1, -1, 1, 1, 0, 0, 0, 0, 0, 1, 0, 0, 1, 0, 0, 0, 1]
[-3, 0, -2, 1, 0, 1, 1, -1, -1, 0, 2, -2, 0, -1, 2, 0, 0, -1, 0, 0, 0, -1]
[0, 0, 0, 0, 0, 0, -1, 1, 1, 0, 0, 0, 0, 0, 0, 0, 0, -1, -1, 1, 0, 0]
[-3, 0, -3, 1, 0, 0, 1, -1, -1, 0, 2, -2, 0, -1, 3, 0, 0, 1, 1, -1, 0, 0]
[0, 0, -1, 0, 0, -1, -1, 1, 0, 0, 0, 0, 1, 1, 0, 0, 0, 0, 0, 0, 0, 1]
[-3, 0, -2, 1, 0, 1, 1, -1, 0, 0, 2, -2, -1, -2, 3, 0, 0, 0, 0, 0, 0, -1]
[0, -1, -1, -1, 1, -1, 0, 0, 1, -1, -1, 2, 0, 1, 0, 0, 1, 1, -1, 0, 0, 1]
[-3, 1, -2, 2, -1, 1, 0, 0, -1, 1, 3, -4, 0, -2, 3, 0, -1, -1, 1, 0, 0, -1]
[0, 0, 0, 0, 0, -1, -1, 1, 1, 0, 0, 0, 0, 0, 0, 0, 1, 0, -1, 0, 0, 1]
[-3, 0, -3, 1, 0, 1, 1, -1, -1, 0, 2, -2, 0, -1, 3, 0, -1, 0, 1, 0, 0, -1]
[-1, -1, -1, 0, 0, 0, 0, 1, 1, 0, 0, -1, 0, 1, 0, -1, -1, -1, 0, 1, 1, 0]
[-2, 1, -2, 1, 0, 0, 0, -1, -1, 0, 2, -1, 0, -2, 3, 1, 1, 1, 0, -1, -1, 0]
[-1, 0, -1, 1, 1, 0, -1, 0, 0, 0, 0, -1, 1, 0, 0, -1, 0, 0, -1, 1, 0, 0]
[-2, 0, -2, 0, -1, 0, 1, 0, 0, 0, 2, -1, -1, -1, 3, 1, 0, 0, 1, -1, 0, 0]
[-1, 0, -1, 1, 0, 0, -1, 0, 0, 1, 1, -1, -1, -1, 2, 0, 0, 0, 0, 0, 0, 0]
[-2, 0, -2, 0, 0, 0, 1, 0, 0, -1, 1, -1, 1, 0, 1, 0, 0, 0, 0, 0, 0, 0]
[-1, -1, -2, 0, 0, -1, 0, 0, 1, 0, 0, 1, -1, 0, 1, 1, 0, 0, 0, 0, 0, 0]
[-2, 1, -1, 1, 0, 1, 0, 0, -1, 0, 2, -3, 1, -1, 2, -1, 0, 0, 0, 0, 0, 0]
[0, -1, -1, -1, -1, -1, 0, 1, 1, 0, 0, 1, -1, 1, 1, 1, 0, 0, 0, 0, 0, 1]
[-3, 1, -2, 2, 1, 1, 0, -1, -1, 0, 2, -3, 1, -2, 2, -1, 0, 0, 0, 0, 0, -1]
[0, 0, -1, 0, 0, -1, -1, 0, 0, 0, 0, 1, 0, 0, 1, 1, 1, 1, -1, 0, -1, 1]
[-3, 0, -2, 1, 0, 1, 1, 0, 0, 0, 2, -3, 0, -1, 2, -1, -1, -1, 1, 0, 1, -1]
[-1, -1, -2, 0, 0, 0, 0, 0, 0, 0, 0, 0, -1, 0, 1, 0, 0, 0, 0, 0, 0, 0]
[-2, 1, -1, 1, 0, 0, 0, 0, 0, 0, 2, -2, 1, -1, 2, 0, 0, 0, 0, 0, 0, 0]
[-1, 0, -1, 1, 0, 0, -1, 0, 0, 1, 1, -1, 0, -1, 1, -1, 0, -1, -1, 1, 0, -1]
[-2, 0, -2, 0, 0, 0, 1, 0, 0, -1, 1, -1, 0, 0, 2, 1, 0, 1, 1, -1, 0, 1]
[-1, -1, -2, 0, 0, 0, 0, 0, 0, 0, 0, 0, 0, 1, 1, 0, -1, 0, 0, 1, 0, 0]
[-2, 1, -1, 1, 0, 0, 0, 0, 0, 0, 2, -2, 0, -2, 2, 0, 1, 0, 0, -1, 0, 0]
[-1, 0, -1, 1, -1, -1, -1, 1, 0, 1, 1, -1, 0, 0, 1, 0, 0, -1, 0, 0, 0, 0]
[-2, 0, -2, 0, 1, 1, 1, -1, 0, -1, 1, -1, 0, -1, 2, 0, 0, 1, 0, 0, 0, 0]
[-1, 0, -1, 1, -1, 0, -1, 1, 0, 1, 1, -2, 0, 0, 1, 0, -1, -1, 0, 1, 0, 0]
[-2, 0, -2, 0, 1, 0, 1, -1, 0, -1, 1, 0, 0, -1, 2, 0, 1, 1, 0, -1, 0, 0]
[-1, 0, -1, 1, 0, 0, -1, 0, 0, 0, 0, 0, -1, -1, 1, 1, 1, 0, -1, 0, -1, 0]
[-2, 0, -2, 0, 0, 0, 1, 0, 0, 0, 2, -2, 1, 0, 2, -1, -1, 0, 1, 0, 1, 0]
[-1, -1, -1, 0, 0, 0, 0, 0, 1, 0, 0, 0, -1, 0, 1, 0, 0, 0, -1, 1, 0, 0]
[-2, 1, -2, 1, 0, 0, 0, 0, -1, 0, 2, -2, 1, -1, 2, 0, 0, 0, 1, -1, 0, 0]
[-1, -1, -2, 0, 0, -1, 0, 0, 0, 0, 0, 0, 0, 1, 1, 0, 0, 1, 0, 0, 0, 1]
[-2, 1, -1, 1, 0, 1, 0, 0, 0, 0, 2, -2, 0, -2, 2, 0, 0, -1, 0, 0, 0, -1]
[-1, -1, -1, 0, 0, 0, 0, 0, 0, 0, 0, 0, 0, 1, 0, 0, 0, -1, -1, 1, 0, 0]
[-2, 1, -2, 1, 0, 0, 0, 0, 0, 0, 2, -2, 0, -2, 3, 0, 0, 1, 1, -1, 0, 0]
[0, 0, -1, 0, -1, -1, -1, 1, 0, 0, 0, 0, 0, 0, 1, 0, 1, 1, -1, 0, -1, 1]
[-3, 0, -2, 1, 1, 1, 1, -1, 0, 0, 2, -2, 0, -1, 2, 0, -1, -1, 1, 0, 1, -1]
[-1, 0, -1, 0, 0, 0, 0, 1, 1, 0, 1, -1, 0, 0, 1, 0, -1, -1, 1, 0, 1, 0]
[-2, 0, -2, 1, 0, 0, 0, -1, -1, 0, 1, -1, 0, -1, 2, 0, 1, 1, -1, 0, -1, 0]
[-1, 1, -1, 1, 1, 0, -1, 0, 0, 0, 1, -1, 1, -1, 1, 0, 0, 0, 0, 0, 0, 0]
[-2, -1, -2, 0, -1, 0, 1, 0, 0, 0, 1, -1, -1, 0, 2, 0, 0, 0, 0, 0, 0, 0]
[-1, 0, -1, 0, 1, 0, 0, 0, 1, 0, 1, -1, 0, -1, 1, -1, 0, 0, 0, 0, 1, 0]
[-2, 0, -2, 1, -1, 0, 0, 0, -1, 0, 1, -1, 0, 0, 2, 1, 0, 0, 0, 0, -1, 0]
[-1, 0, -1, 0, 1, -1, 0, 0, 1, -1, 0, 1, 0, 0, 1, 1, 1, 1, 0, -1, 0, 1]
[-2, 0, -2, 1, -1, 1, 0, 0, -1, 1, 2, -3, 0, -1, 2, -1, -1, -1, 0, 1, 0, -1]
[-1, 0, -2, 0, -1, -1, 0, 0, -1, 0, 1, 0, 0, 0, 2, 1, 1, 1, 0, -1, -1, 1]
[-2, 0, -1, 1, 1, 1, 0, 0, 1, 0, 1, -2, 0, -1, 1, -1, -1, -1, 0, 1, 1, -1]
[-1, 0, -1, 0, -1, 0, 0, 0, 0, 0, 1, 0, -1, -1, 2, 1, 1, 0, -1, 0, -1, 0]
[-2, 0, -2, 1, 1, 0, 0, 0, 0, 0, 1, -2, 1, 0, 1, -1, -1, 0, 1, 0, 1, 0]
[-1, 0, -1, 0, 1, 0, 0, 0, 0, -1, 0, 0, 0, 0, 1, 0, 1, 1, 0, -1, 0, 1]
[-2, 0, -2, 1, -1, 0, 0, 0, 0, 1, 2, -2, 0, -1, 2, 0, -1, -1, 0, 1, 0, -1]
[-1, 0, -2, 0, -1, -1, 0, 0, 0, 0, 1, 0, -1, -1, 3, 1, 1, 2, 0, -1, -1, 1]
[-2, 0, -1, 1, 1, 1, 0, 0, 0, 0, 1, -2, 1, 0, 0, -1, -1, -2, 0, 1, 1, -1]
[-1, 0, -1, 0, 0, -1, 0, 1, 1, 0, 1, -1, 1, 0, 0, -1, 0, -1, 0, 0, 1, 0]
[-2, 0, -2, 1, 0, 1, 0, -1, -1, 0, 1, -1, -1, -1, 3, 1, 0, 1, 0, 0, -1, 0]
[-1, 0, -1, 0, 0, 0, 0, 1, 1, 0, 1, -2, 1, 0, 0, -1, -1, -1, 0, 1, 1, 0]
[-2, 0, -2, 1, 0, 0, 0, -1, -1, 0, 1, 0, -1, -1, 3, 1, 1, 1, 0, -1, -1, 0]
[-1, 0, -1, 0, 1, 0, 0, 0, 1, -1, 0, 0, 0, -1, 0, 0, 1, 0, -1, 0, 0, 0]
[-2, 0, -2, 1, -1, 0, 0, 0, -1, 1, 2, -2, 0, 0, 3, 0, -1, 0, 1, 0, 0, 0]
[-1, 1, -1, 1, 0, 0, -1, 1, 0, 0, 1, -2, 1, -1, 1, -1, 0, 0, 0, 0, 0, 0]
[-2, -1, -2, 0, 0, 0, 1, -1, 0, 0, 1, 0, -1, 0, 2, 1, 0, 0, 0, 0, 0, 0]
[-1, 1, 0, 1, 1, 0, -1, 0, 0, 0, 1, -1, 1, -1, 1, -1, 1, 0, -1, 0, 0, 0]
[-2, -1, -3, 0, -1, 0, 1, 0, 0, 0, 1, -1, -1, 0, 2, 1, -1, 0, 1, 0, 0, 0]
[-1, 0, -1, 0, 1, 0, 0, 0, 0, -1, 0, 0, 1, 1, 1, 0, 0, 1, 0, 0, 0, 1]
[-2, 0, -2, 1, -1, 0, 0, 0, 0, 1, 2, -2, -1, -2, 2, 0, 0, -1, 0, 0, 0, -1]
[-1, 0, -1, 0, 0, 0, 0, 0, 1, 0, 1, 0, -1, -1, 2, 1, 0, 0, 0, 0, 0, 0]
[-2, 0, -2, 1, 0, 0, 0, 0, -1, 0, 1, -2, 1, 0, 1, -1, 0, 0, 0, 0, 0, 0]
[-1, 0, -2, 0, 0, -1, 0, 0, 0, 0, 1, 0, 0, 0, 2, 1, 0, 1, 1, -1, 0, 1]
[-2, 0, -1, 1, 0, 1, 0, 0, 0, 0, 1, -2, 0, -1, 1, -1, 0, -1, -1, 1, 0, -1]
[-1, 0, -1, 0, 0, 0, 0, 0, 0, -1, 0, 0, 0, 0, 1, 1, 1, 1, -1, 0, -1, 1]
[-2, 0, -2, 1, 0, 0, 0, 0, 0, 1, 2, -2, 0, -1, 2, -1, -1, -1, 1, 0, 1, -1]
[-1, 0, -1, 0, 0, -1, 0, 0, 0, -1, 0, 1, 0, 0, 1, 1, 2, 1, -1, -1, -1, 1]
[-2, 0, -2, 1, 0, 1, 0, 0, 0, 1, 2, -3, 0, -1, 2, -1, -2, -1, 1, 1, 1, -1]
[-1, 0, -1, 0, -1, -1, 0, 1, 0, 0, 1, -1, 1, 1, 1, 0, 0, 0, 0, 0, 0, 1]
[-2, 0, -2, 1, 1, 1, 0, -1, 0, 0, 1, -1, -1, -2, 2, 0, 0, 0, 0, 0, 0, -1]
[-1, 0, -1, 0, 0, 0, 0, 0, 0, 0, 1, -1, 1, 0, 1, -1, 0, 0, -1, 1, 0, 0]
[-2, 0, -2, 1, 0, 0, 0, 0, 0, 0, 1, -1, -1, -1, 2, 1, 0, 0, 1, -1, 0, 0]
[-1, -1, -2, -1, 0, 0, 1, 0, 0, -1, 0, 0, 0, 1, 1, 0, 0, 1, 0, 0, 0, 1]
[-2, 1, -1, 2, 0, 0, -1, 0, 0, 1, 2, -2, 0, -2, 2, 0, 0, -1, 0, 0, 0, -1]
[-1, 0, -1, 0, 0, 0, 0, 0, 0, 0, 1, -1, 0, -1, 1, -1, 1, 0, -1, 0, 0, 0]
[-2, 0, -2, 1, 0, 0, 0, 0, 0, 0, 1, -1, 0, 0, 2, 1, -1, 0, 1, 0, 0, 0]
[-1, 1, -1, 1, 0, 0, -1, 0, -1, 0, 1, -1, 1, -1, 1, 0, 1, 0, -1, 0, -1, 0]
[-2, -1, -2, 0, 0, 0, 1, 0, 1, 0, 1, -1, -1, 0, 2, 0, -1, 0, 1, 0, 1, 0]
[-1, 0, -1, 0, -1, 0, 0, 1, 0, 0, 1, -1, 0, 0, 1, 0, 0, -1, 0, 0, 0, 0]
[-2, 0, -2, 1, 1, 0, 0, -1, 0, 0, 1, -1, 0, -1, 2, 0, 0, 1, 0, 0, 0, 0]
[-1, 0, -1, 0, 0, 0, 0, 0, 0, 0, 1, 0, 0, 0, 1, 1, 0, -1, 0, 0, 0, 0]
[-2, 0, -2, 1, 0, 0, 0, 0, 0, 0, 1, -2, 0, -1, 2, -1, 0, 1, 0, 0, 0, 0]
[0, 1, -1, 0, -1, -1, -1, 1, 0, 0, 1, 0, 0, -1, 2, 1, 1, 1, 0, -1, -1, 1]
[-3, -1, -2, 1, 1, 1, 1, -1, 0, 0, 1, -2, 0, 0, 1, -1, -1, -1, 0, 1, 1, -1]
[-1, 0, -1, 0, 0, 1, 0, 0, 0, 0, 1, -1, -1, -1, 2, 0, 0, 0, 0, 0, 0, 0]
[-2, 0, -2, 1, 0, -1, 0, 0, 0, 0, 1, -1, 1, 0, 1, 0, 0, 0, 0, 0, 0, 0]
[-1, 0, -1, 0, -1, 0, 0, 1, 1, 1, 2, -2, 0, -1, 1, -1, -1, -2, 0, 1, 1, -1]
[-2, 0, -2, 1, 1, 0, 0, -1, -1, -1, 0, 0, 0, 0, 2, 1, 1, 2, 0, -1, -1, 1]
[-1, -1, -2, -1, 0, 0, 1, 0, 1, -1, 0, 1, -1, 0, 1, 1, 0, 0, 0, 0, 0, 0]
[-2, 1, -1, 2, 0, 0, -1, 0, -1, 1, 2, -3, 1, -1, 2, -1, 0, 0, 0, 0, 0, 0]
[-1, 0, -1, 0, 0, 0, 0, 0, 0, 0, 1, 0, 0, 0, 2, 0, 0, 0, 0, 0, 0, 0]
[-2, 0, -2, 1, 0, 0, 0, 0, 0, 0, 1, -2, 0, -1, 1, 0, 0, 0, 0, 0, 0, 0]
[-1, 0, -2, 0, 0, 0, 0, 0, 0, 0, 1, -1, 0, -1, 1, 0, 0, 0, 0, 0, 0, 0]
[-2, 0, -1, 1, 0, 0, 0, 0, 0, 0, 1, -1, 0, 0, 2, 0, 0, 0, 0, 0, 0, 0]
[-1, 1, -1, 1, 0, 0, -1, 0, -1, 1, 2, -2, 1, -1, 2, -1, 0, 0, 0, 0, 0, 0]
[-2, -1, -2, 0, 0, 0, 1, 0, 1, -1, 0, 0, -1, 0, 1, 1, 0, 0, 0, 0, 0, 0]
[-1, 0, -2, 0, 1, 0, 0, -1, -1, -1, 0, 1, 0, 0, 2, 1, 1, 2, 0, -1, -1, 1]
[-2, 0, -1, 1, -1, 0, 0, 1, 1, 1, 2, -3, 0, -1, 1, -1, -1, -2, 0, 1, 1, -1]
[-1, 0, -2, 0, 0, -1, 0, 0, 0, 0, 1, 0, 1, 0, 1, 0, 0, 0, 0, 0, 0, 0]
[-2, 0, -1, 1, 0, 1, 0, 0, 0, 0, 1, -2, -1, -1, 2, 0, 0, 0, 0, 0, 0, 0]
[-1, 1, -1, 1, -1, -1, -1, 1, 0, 0, 1, -1, 0, -1, 2, 1, 1, 1, 0, -1, -1, 1]
[-2, -1, -2, 0, 1, 1, 1, -1, 0, 0, 1, -1, 0, 0, 1, -1, -1, -1, 0, 1, 1, -1]
[-1, 0, -2, 0, 0, 0, 0, 0, 0, 0, 1, -1, 0, -1, 2, -1, 0, 1, 0, 0, 0, 0]
[-2, 0, -1, 1, 0, 0, 0, 0, 0, 0, 1, -1, 0, 0, 1, 1, 0, -1, 0, 0, 0, 0]
[-1, 0, -1, 0, -1, 0, 0, 1, 1, 0, 1, -1, -1, -1, 1, 1, 0, -1, 0, 0, 0, 0]
[-2, 0, -2, 1, 1, 0, 0, -1, -1, 0, 1, -1, 1, 0, 2, -1, 0, 1, 0, 0, 0, 0]
[-1, 1, 0, 1, -1, 0, -1, 1, 0, 1, 2, -2, 0, -1, 2, 0, 0, -1, 0, 0, 0, 0]
[-2, -1, -3, 0, 1, 0, 1, -1, 0, -1, 0, 0, 0, 0, 1, 0, 0, 1, 0, 0, 0, 0]
[-1, 0, -1, 0, 0, 0, 0, 0, 0, -1, 0, 1, -1, 0, 2, 2, 1, 1, 0, -1, -1, 1]
[-2, 0, -2, 1, 0, 0, 0, 0, 0, 1, 2, -3, 1, -1, 1, -2, -1, -1, 0, 1, 1, -1]
[-1, 0, -1, 0, -1, -1, 0, 1, 1, 0, 1, 0, 0, 0, 1, 1, 0, -1, 0, 0, 0, 0]
[-2, 0, -2, 1, 1, 1, 0, -1, -1, 0, 1, -2, 0, -1, 2, -1, 0, 1, 0, 0, 0, 0]
[-1, 1, -2, 1, 0, -1, -1, 0, -1, 0, 1, -1, 1, -1, 2, 0, 1, 2, 0, -1, -1, 1]
[-2, -1, -1, 0, 0, 1, 1, 0, 1, 0, 1, -1, -1, 0, 1, 0, -1, -2, 0, 1, 1, -1]
[-1, 0, -1, 0, -1, 0, 0, 1, 1, 0, 1, -1, -1, -1, 2, 0, 0, 0, 0, 0, 0, 0]
[-2, 0, -2, 1, 1, 0, 0, -1, -1, 0, 1, -1, 1, 0, 1, 0, 0, 0, 0, 0, 0, 0]
[-1, 1, -1, 1, 0, 0, -1, 0, -1, 0, 1, -1, 0, -1, 2, 1, 1, 1, 0, -1, -1, 1]
[-2, -1, -2, 0, 0, 0, 1, 0, 1, 0, 1, -1, 0, 0, 1, -1, -1, -1, 0, 1, 1, -1]
[-1, 1, -1, 1, -1, -1, -1, 1, 0, 1, 2, -2, 1, -1, 1, 0, 0, -1, 0, 0, 0, 0]
[-2, -1, -2, 0, 1, 1, 1, -1, 0, -1, 0, 0, -1, 0, 2, 0, 0, 1, 0, 0, 0, 0]
[-1, 0, -2, 0, 0, -1, 0, 0, 0, -1, 0, 1, 0, 0, 1, 2, 1, 1, 0, -1, -1, 1]
[-2, 0, -1, 1, 0, 1, 0, 0, 0, 1, 2, -3, 0, -1, 2, -2, -1, -1, 0, 1, 1, -1]
[-1, 1, -1, 1, 0, -1, -1, 0, -1, 0, 1, 0, 1, 0, 2, 1, 1, 1, 0, -1, -1, 1]
[-2, -1, -2, 0, 0, 1, 1, 0, 1, 0, 1, -2, -1, -1, 1, -1, -1, -1, 0, 1, 1, -1]
[-1, 0, -2, 0, 0, -1, 0, 0, 0, -1, 0, 1, 0, 0, 2, 1, 1, 2, 0, -1, -1, 1]
[-2, 0, -1, 1, 0, 1, 0, 0, 0, 1, 2, -3, 0, -1, 1, -1, -1, -2, 0, 1, 1, -1]
[-1, -1, -2, -1, 0, -1, 1, 0, 1, -1, 0, 1, 0, 1, 1, 1, 0, 1, 0, 0, 0, 1]
[-2, 1, -1, 2, 0, 1, -1, 0, -1, 1, 2, -3, 0, -2, 2, -1, 0, -1, 0, 0, 0, -1]
[-1, 1, -1, 1, -1, 0, -1, 1, 0, 1, 2, -3, 0, -2, 2, -1, 0, 0, 0, 0, 0, 0]
[-2, -1, -2, 0, 1, 0, 1, -1, 0, -1, 0, 1, 0, 1, 1, 1, 0, 0, 0, 0, 0, 0]
[-1, 1, -1, 1, 0, 0, -1, 0, 0, 0, 1, -1, 0, -2, 2, 0, 1, 1, -1, 0, -1, 0]
[-2, -1, -2, 0, 0, 0, 1, 0, 0, 0, 1, -1, 0, 1, 1, 0, -1, -1, 1, 0, 1, 0]
[-1, 1, -1, 1, -1, -1, -1, 1, 0, 1, 2, -2, 1, -1, 2, -1, 0, 0, 0, 0, 0, 0]
[-2, -1, -2, 0, 1, 1, 1, -1, 0, -1, 0, 0, -1, 0, 1, 1, 0, 0, 0, 0, 0, 0]
[-1, -1, -2, -1, 0, -1, 1, 0, 1, -1, 0, 1, -1, 0, 1, 1, 1, 1, 0, -1, 0, 1]
[-2, 1, -1, 2, 0, 1, -1, 0, -1, 1, 2, -3, 1, -1, 2, -1, -1, -1, 0, 1, 0, -1]
[-1, 1, -1, 1, 0, 0, -1, 0, -1, 0, 1, -1, 0, -1, 3, 0, 1, 2, 0, -1, -1, 1]
[-2, -1, -2, 0, 0, 0, 1, 0, 1, 0, 1, -1, 0, 0, 0, 0, -1, -2, 0, 1, 1, -1]
[-1, 0, -1, 0, 0, -1, 0, 0, 1, 0, 1, 0, 0, -1, 1, 0, 1, 0, -1, 0, 0, 0]
[-2, 0, -2, 1, 0, 1, 0, 0, -1, 0, 1, -2, 0, 0, 2, 0, -1, 0, 1, 0, 0, 0]
[-1, 0, -2, 0, -1, -1, 0, 1, 1, 0, 1, -1, 0, -1, 1, 0, 0, 0, 0, 0, 0, 0]
[-2, 0, -1, 1, 1, 1, 0, -1, -1, 0, 1, -1, 0, 0, 2, 0, 0, 0, 0, 0, 0, 0]
[-1, 0, -2, 0, -1, -1, 0, 1, 0, 0, 1, -1, 0, 0, 2, 0, 0, 1, 1, -1, 0, 1]
[-2, 0, -1, 1, 1, 1, 0, -1, 0, 0, 1, -1, 0, -1, 1, 0, 0, -1, -1, 1, 0, -1]
[-1, 0, -2, 0, 0, 0, 0, 0, 0, -1, 0, 0, -1, -1, 2, 1, 1, 2, 0, -1, -1, 1]
[-2, 0, -1, 1, 0, 0, 0, 0, 0, 1, 2, -2, 1, 0, 1, -1, -1, -2, 0, 1, 1, -1]
[-1, 0, -1, 0, 1, 0, 0, -1, 0, -1, 0, 1, -1, -1, 2, 1, 2, 2, -1, -1, -1, 1]
[-2, 0, -2, 1, -1, 0, 0, 1, 0, 1, 2, -3, 1, 0, 1, -1, -2, -2, 1, 1, 1, -1]
[-1, 0, -1, 0, 0, -1, 0, 0, 0, 0, 1, 0, 0, 0, 2, 0, 1, 1, 0, -1, 0, 1]
[-2, 0, -2, 1, 0, 1, 0, 0, 0, 0, 1, -2, 0, -1, 1, 0, -1, -1, 0, 1, 0, -1]
[-1, 0, -1, 0, 0, 0, 0, 0, 0, 0, 1, -1, 0, 0, 2, 0, 0, 1, 0, 0, 0, 1]
[-2, 0, -2, 1, 0, 0, 0, 0, 0, 0, 1, -1, 0, -1, 1, 0, 0, -1, 0, 0, 0, -1]

################
# DISCRIMINANT #
################

The discriminant has 3 components of degree 1, 1 component of degree 6, and 2 components of degree 10:
2*Z[0] + Z[1]
2*Z[0] - Z[1]
256*Z[5]^3*Z[9]^3 - 192*Z[5]^2*Z[6]*Z[8]*Z[9]^2 - 128*Z[5]^2*Z[7]^2*Z[9]^2 + 144*Z[5]^2*Z[7]*Z[8]^2*Z[9] - 27*Z[5]^2*Z[8]^4 + 144*Z[5]*Z[6]^2*Z[7]*Z[9]^2 - 6*Z[5]*Z[6]^2*Z[8]^2*Z[9] - 80*Z[5]*Z[6]*Z[7]^2*Z[8]*Z[9] + 18*Z[5]*Z[6]*Z[7]*Z[8]^3 + 16*Z[5]*Z[7]^4*Z[9] - 4*Z[5]*Z[7]^3*Z[8]^2 - 27*Z[6]^4*Z[9]^2 + 18*Z[6]^3*Z[7]*Z[8]*Z[9] - 4*Z[6]^3*Z[8]^3 - 4*Z[6]^2*Z[7]^3*Z[9] + Z[6]^2*Z[7]^2*Z[8]^2
4096*Z[0]^4*Z[5]^3*Z[9]^3 - 3072*Z[0]^4*Z[5]^2*Z[6]*Z[8]*Z[9]^2 - 2048*Z[0]^4*Z[5]^2*Z[7]^2*Z[9]^2 + 2304*Z[0]^4*Z[5]^2*Z[7]*Z[8]^2*Z[9] - 432*Z[0]^4*Z[5]^2*Z[8]^4 + 2304*Z[0]^4*Z[5]*Z[6]^2*Z[7]*Z[9]^2 - 96*Z[0]^4*Z[5]*Z[6]^2*Z[8]^2*Z[9] - 1280*Z[0]^4*Z[5]*Z[6]*Z[7]^2*Z[8]*Z[9] + 288*Z[0]^4*Z[5]*Z[6]*Z[7]*Z[8]^3 + 256*Z[0]^4*Z[5]*Z[7]^4*Z[9] - 64*Z[0]^4*Z[5]*Z[7]^3*Z[8]^2 - 432*Z[0]^4*Z[6]^4*Z[9]^2 + 288*Z[0]^4*Z[6]^3*Z[7]*Z[8]*Z[9] - 64*Z[0]^4*Z[6]^3*Z[8]^3 - 64*Z[0]^4*Z[6]^2*Z[7]^3*Z[9] + 16*Z[0]^4*Z[6]^2*Z[7]^2*Z[8]^2 + 8192*Z[0]^3*Z[1]*Z[5]^3*Z[9]^3 - 6144*Z[0]^3*Z[1]*Z[5]^2*Z[6]*Z[8]*Z[9]^2 - 4096*Z[0]^3*Z[1]*Z[5]^2*Z[7]^2*Z[9]^2 + 4608*Z[0]^3*Z[1]*Z[5]^2*Z[7]*Z[8]^2*Z[9] - 864*Z[0]^3*Z[1]*Z[5]^2*Z[8]^4 + 4608*Z[0]^3*Z[1]*Z[5]*Z[6]^2*Z[7]*Z[9]^2 - 192*Z[0]^3*Z[1]*Z[5]*Z[6]^2*Z[8]^2*Z[9] - 2560*Z[0]^3*Z[1]*Z[5]*Z[6]*Z[7]^2*Z[8]*Z[9] + 576*Z[0]^3*Z[1]*Z[5]*Z[6]*Z[7]*Z[8]^3 + 512*Z[0]^3*Z[1]*Z[5]*Z[7]^4*Z[9] - 128*Z[0]^3*Z[1]*Z[5]*Z[7]^3*Z[8]^2 - 864*Z[0]^3*Z[1]*Z[6]^4*Z[9]^2 + 576*Z[0]^3*Z[1]*Z[6]^3*Z[7]*Z[8]*Z[9] - 128*Z[0]^3*Z[1]*Z[6]^3*Z[8]^3 - 128*Z[0]^3*Z[1]*Z[6]^2*Z[7]^3*Z[9] + 32*Z[0]^3*Z[1]*Z[6]^2*Z[7]^2*Z[8]^2 - 6144*Z[0]^3*Z[2]^2*Z[5]^2*Z[9]^3 + 3072*Z[0]^3*Z[2]^2*Z[5]*Z[6]*Z[8]*Z[9]^2 + 2048*Z[0]^3*Z[2]^2*Z[5]*Z[7]^2*Z[9]^2 - 2304*Z[0]^3*Z[2]^2*Z[5]*Z[7]*Z[8]^2*Z[9] + 432*Z[0]^3*Z[2]^2*Z[5]*Z[8]^4 - 1152*Z[0]^3*Z[2]^2*Z[6]^2*Z[7]*Z[9]^2 + 48*Z[0]^3*Z[2]^2*Z[6]^2*Z[8]^2*Z[9] + 640*Z[0]^3*Z[2]^2*Z[6]*Z[7]^2*Z[8]*Z[9] - 144*Z[0]^3*Z[2]^2*Z[6]*Z[7]*Z[8]^3 - 128*Z[0]^3*Z[2]^2*Z[7]^4*Z[9] + 32*Z[0]^3*Z[2]^2*Z[7]^3*Z[8]^2 + 3072*Z[0]^3*Z[2]*Z[3]*Z[5]^2*Z[8]*Z[9]^2 - 4608*Z[0]^3*Z[2]*Z[3]*Z[5]*Z[6]*Z[7]*Z[9]^2 + 192*Z[0]^3*Z[2]*Z[3]*Z[5]*Z[6]*Z[8]^2*Z[9] + 1280*Z[0]^3*Z[2]*Z[3]*Z[5]*Z[7]^2*Z[8]*Z[9] - 288*Z[0]^3*Z[2]*Z[3]*Z[5]*Z[7]*Z[8]^3 + 1728*Z[0]^3*Z[2]*Z[3]*Z[6]^3*Z[9]^2 - 864*Z[0]^3*Z[2]*Z[3]*Z[6]^2*Z[7]*Z[8]*Z[9] + 192*Z[0]^3*Z[2]*Z[3]*Z[6]^2*Z[8]^3 + 128*Z[0]^3*Z[2]*Z[3]*Z[6]*Z[7]^3*Z[9] - 32*Z[0]^3*Z[2]*Z[3]*Z[6]*Z[7]^2*Z[8]^2 + 4096*Z[0]^3*Z[2]*Z[4]*Z[5]^2*Z[7]*Z[9]^2 - 2304*Z[0]^3*Z[2]*Z[4]*Z[5]^2*Z[8]^2*Z[9] - 2304*Z[0]^3*Z[2]*Z[4]*Z[5]*Z[6]^2*Z[9]^2 + 2560*Z[0]^3*Z[2]*Z[4]*Z[5]*Z[6]*Z[7]*Z[8]*Z[9] - 288*Z[0]^3*Z[2]*Z[4]*Z[5]*Z[6]*Z[8]^3 - 1024*Z[0]^3*Z[2]*Z[4]*Z[5]*Z[7]^3*Z[9] + 192*Z[0]^3*Z[2]*Z[4]*Z[5]*Z[7]^2*Z[8]^2 - 288*Z[0]^3*Z[2]*Z[4]*Z[6]^3*Z[8]*Z[9] + 192*Z[0]^3*Z[2]*Z[4]*Z[6]^2*Z[7]^2*Z[9] - 32*Z[0]^3*Z[2]*Z[4]*Z[6]^2*Z[7]*Z[8]^2 + 2048*Z[0]^3*Z[3]^2*Z[5]^2*Z[7]*Z[9]^2 - 1152*Z[0]^3*Z[3]^2*Z[5]^2*Z[8]^2*Z[9] - 1152*Z[0]^3*Z[3]^2*Z[5]*Z[6]^2*Z[9]^2 + 1280*Z[0]^3*Z[3]^2*Z[5]*Z[6]*Z[7]*Z[8]*Z[9] - 144*Z[0]^3*Z[3]^2*Z[5]*Z[6]*Z[8]^3 - 512*Z[0]^3*Z[3]^2*Z[5]*Z[7]^3*Z[9] + 96*Z[0]^3*Z[3]^2*Z[5]*Z[7]^2*Z[8]^2 - 144*Z[0]^3*Z[3]^2*Z[6]^3*Z[8]*Z[9] + 96*Z[0]^3*Z[3]^2*Z[6]^2*Z[7]^2*Z[9] - 16*Z[0]^3*Z[3]^2*Z[6]^2*Z[7]*Z[8]^2 + 3072*Z[0]^3*Z[3]*Z[4]*Z[5]^2*Z[6]*Z[9]^2 - 4608*Z[0]^3*Z[3]*Z[4]*Z[5]^2*Z[7]*Z[8]*Z[9] + 1728*Z[0]^3*Z[3]*Z[4]*Z[5]^2*Z[8]^3 + 192*Z[0]^3*Z[3]*Z[4]*Z[5]*Z[6]^2*Z[8]*Z[9] + 1280*Z[0]^3*Z[3]*Z[4]*Z[5]*Z[6]*Z[7]^2*Z[9] - 864*Z[0]^3*Z[3]*Z[4]*Z[5]*Z[6]*Z[7]*Z[8]^2 + 128*Z[0]^3*Z[3]*Z[4]*Z[5]*Z[7]^3*Z[8] - 288*Z[0]^3*Z[3]*Z[4]*Z[6]^3*Z[7]*Z[9] + 192*Z[0]^3*Z[3]*Z[4]*Z[6]^3*Z[8]^2 - 32*Z[0]^3*Z[3]*Z[4]*Z[6]^2*Z[7]^2*Z[8] - 6144*Z[0]^3*Z[4]^2*Z[5]^3*Z[9]^2 + 3072*Z[0]^3*Z[4]^2*Z[5]^2*Z[6]*Z[8]*Z[9] + 2048*Z[0]^3*Z[4]^2*Z[5]^2*Z[7]^2*Z[9] - 1152*Z[0]^3*Z[4]^2*Z[5]^2*Z[7]*Z[8]^2 - 2304*Z[0]^3*Z[4]^2*Z[5]*Z[6]^2*Z[7]*Z[9] + 48*Z[0]^3*Z[4]^2*Z[5]*Z[6]^2*Z[8]^2 + 640*Z[0]^3*Z[4]^2*Z[5]*Z[6]*Z[7]^2*Z[8] - 128*Z[0]^3*Z[4]^2*Z[5]*Z[7]^4 + 432*Z[0]^3*Z[4]^2*Z[6]^4*Z[9] - 144*Z[0]^3*Z[4]^2*Z[6]^3*Z[7]*Z[8] + 32*Z[0]^3*Z[4]^2*Z[6]^2*Z[7]^3 + 6144*Z[0]^2*Z[1]^2*Z[5]^3*Z[9]^3 - 4608*Z[0]^2*Z[1]^2*Z[5]^2*Z[6]*Z[8]*Z[9]^2 - 3072*Z[0]^2*Z[1]^2*Z[5]^2*Z[7]^2*Z[9]^2 + 3456*Z[0]^2*Z[1]^2*Z[5]^2*Z[7]*Z[8]^2*Z[9] - 648*Z[0]^2*Z[1]^2*Z[5]^2*Z[8]^4 + 3456*Z[0]^2*Z[1]^2*Z[5]*Z[6]^2*Z[7]*Z[9]^2 - 144*Z[0]^2*Z[1]^2*Z[5]*Z[6]^2*Z[8]^2*Z[9] - 1920*Z[0]^2*Z[1]^2*Z[5]*Z[6]*Z[7]^2*Z[8]*Z[9] + 432*Z[0]^2*Z[1]^2*Z[5]*Z[6]*Z[7]*Z[8]^3 + 384*Z[0]^2*Z[1]^2*Z[5]*Z[7]^4*Z[9] - 96*Z[0]^2*Z[1]^2*Z[5]*Z[7]^3*Z[8]^2 - 648*Z[0]^2*Z[1]^2*Z[6]^4*Z[9]^2 + 432*Z[0]^2*Z[1]^2*Z[6]^3*Z[7]*Z[8]*Z[9] - 96*Z[0]^2*Z[1]^2*Z[6]^3*Z[8]^3 - 96*Z[0]^2*Z[1]^2*Z[6]^2*Z[7]^3*Z[9] + 24*Z[0]^2*Z[1]^2*Z[6]^2*Z[7]^2*Z[8]^2 - 9216*Z[0]^2*Z[1]*Z[2]^2*Z[5]^2*Z[9]^3 + 4608*Z[0]^2*Z[1]*Z[2]^2*Z[5]*Z[6]*Z[8]*Z[9]^2 + 3072*Z[0]^2*Z[1]*Z[2]^2*Z[5]*Z[7]^2*Z[9]^2 - 3456*Z[0]^2*Z[1]*Z[2]^2*Z[5]*Z[7]*Z[8]^2*Z[9] + 648*Z[0]^2*Z[1]*Z[2]^2*Z[5]*Z[8]^4 - 1728*Z[0]^2*Z[1]*Z[2]^2*Z[6]^2*Z[7]*Z[9]^2 + 72*Z[0]^2*Z[1]*Z[2]^2*Z[6]^2*Z[8]^2*Z[9] + 960*Z[0]^2*Z[1]*Z[2]^2*Z[6]*Z[7]^2*Z[8]*Z[9] - 216*Z[0]^2*Z[1]*Z[2]^2*Z[6]*Z[7]*Z[8]^3 - 192*Z[0]^2*Z[1]*Z[2]^2*Z[7]^4*Z[9] + 48*Z[0]^2*Z[1]*Z[2]^2*Z[7]^3*Z[8]^2 + 4608*Z[0]^2*Z[1]*Z[2]*Z[3]*Z[5]^2*Z[8]*Z[9]^2 - 6912*Z[0]^2*Z[1]*Z[2]*Z[3]*Z[5]*Z[6]*Z[7]*Z[9]^2 + 288*Z[0]^2*Z[1]*Z[2]*Z[3]*Z[5]*Z[6]*Z[8]^2*Z[9] + 1920*Z[0]^2*Z[1]*Z[2]*Z[3]*Z[5]*Z[7]^2*Z[8]*Z[9] - 432*Z[0]^2*Z[1]*Z[2]*Z[3]*Z[5]*Z[7]*Z[8]^3 + 2592*Z[0]^2*Z[1]*Z[2]*Z[3]*Z[6]^3*Z[9]^2 - 1296*Z[0]^2*Z[1]*Z[2]*Z[3]*Z[6]^2*Z[7]*Z[8]*Z[9] + 288*Z[0]^2*Z[1]*Z[2]*Z[3]*Z[6]^2*Z[8]^3 + 192*Z[0]^2*Z[1]*Z[2]*Z[3]*Z[6]*Z[7]^3*Z[9] - 48*Z[0]^2*Z[1]*Z[2]*Z[3]*Z[6]*Z[7]^2*Z[8]^2 + 6144*Z[0]^2*Z[1]*Z[2]*Z[4]*Z[5]^2*Z[7]*Z[9]^2 - 3456*Z[0]^2*Z[1]*Z[2]*Z[4]*Z[5]^2*Z[8]^2*Z[9] - 3456*Z[0]^2*Z[1]*Z[2]*Z[4]*Z[5]*Z[6]^2*Z[9]^2 + 3840*Z[0]^2*Z[1]*Z[2]*Z[4]*Z[5]*Z[6]*Z[7]*Z[8]*Z[9] - 432*Z[0]^2*Z[1]*Z[2]*Z[4]*Z[5]*Z[6]*Z[8]^3 - 1536*Z[0]^2*Z[1]*Z[2]*Z[4]*Z[5]*Z[7]^3*Z[9] + 288*Z[0]^2*Z[1]*Z[2]*Z[4]*Z[5]*Z[7]^2*Z[8]^2 - 432*Z[0]^2*Z[1]*Z[2]*Z[4]*Z[6]^3*Z[8]*Z[9] + 288*Z[0]^2*Z[1]*Z[2]*Z[4]*Z[6]^2*Z[7]^2*Z[9] - 48*Z[0]^2*Z[1]*Z[2]*Z[4]*Z[6]^2*Z[7]*Z[8]^2 + 3072*Z[0]^2*Z[1]*Z[3]^2*Z[5]^2*Z[7]*Z[9]^2 - 1728*Z[0]^2*Z[1]*Z[3]^2*Z[5]^2*Z[8]^2*Z[9] - 1728*Z[0]^2*Z[1]*Z[3]^2*Z[5]*Z[6]^2*Z[9]^2 + 1920*Z[0]^2*Z[1]*Z[3]^2*Z[5]*Z[6]*Z[7]*Z[8]*Z[9] - 216*Z[0]^2*Z[1]*Z[3]^2*Z[5]*Z[6]*Z[8]^3 - 768*Z[0]^2*Z[1]*Z[3]^2*Z[5]*Z[7]^3*Z[9] + 144*Z[0]^2*Z[1]*Z[3]^2*Z[5]*Z[7]^2*Z[8]^2 - 216*Z[0]^2*Z[1]*Z[3]^2*Z[6]^3*Z[8]*Z[9] + 144*Z[0]^2*Z[1]*Z[3]^2*Z[6]^2*Z[7]^2*Z[9] - 24*Z[0]^2*Z[1]*Z[3]^2*Z[6]^2*Z[7]*Z[8]^2 + 4608*Z[0]^2*Z[1]*Z[3]*Z[4]*Z[5]^2*Z[6]*Z[9]^2 - 6912*Z[0]^2*Z[1]*Z[3]*Z[4]*Z[5]^2*Z[7]*Z[8]*Z[9] + 2592*Z[0]^2*Z[1]*Z[3]*Z[4]*Z[5]^2*Z[8]^3 + 288*Z[0]^2*Z[1]*Z[3]*Z[4]*Z[5]*Z[6]^2*Z[8]*Z[9] + 1920*Z[0]^2*Z[1]*Z[3]*Z[4]*Z[5]*Z[6]*Z[7]^2*Z[9] - 1296*Z[0]^2*Z[1]*Z[3]*Z[4]*Z[5]*Z[6]*Z[7]*Z[8]^2 + 192*Z[0]^2*Z[1]*Z[3]*Z[4]*Z[5]*Z[7]^3*Z[8] - 432*Z[0]^2*Z[1]*Z[3]*Z[4]*Z[6]^3*Z[7]*Z[9] + 288*Z[0]^2*Z[1]*Z[3]*Z[4]*Z[6]^3*Z[8]^2 - 48*Z[0]^2*Z[1]*Z[3]*Z[4]*Z[6]^2*Z[7]^2*Z[8] - 9216*Z[0]^2*Z[1]*Z[4]^2*Z[5]^3*Z[9]^2 + 4608*Z[0]^2*Z[1]*Z[4]^2*Z[5]^2*Z[6]*Z[8]*Z[9] + 3072*Z[0]^2*Z[1]*Z[4]^2*Z[5]^2*Z[7]^2*Z[9] - 1728*Z[0]^2*Z[1]*Z[4]^2*Z[5]^2*Z[7]*Z[8]^2 - 3456*Z[0]^2*Z[1]*Z[4]^2*Z[5]*Z[6]^2*Z[7]*Z[9] + 72*Z[0]^2*Z[1]*Z[4]^2*Z[5]*Z[6]^2*Z[8]^2 + 960*Z[0]^2*Z[1]*Z[4]^2*Z[5]*Z[6]*Z[7]^2*Z[8] - 192*Z[0]^2*Z[1]*Z[4]^2*Z[5]*Z[7]^4 + 648*Z[0]^2*Z[1]*Z[4]^2*Z[6]^4*Z[9] - 216*Z[0]^2*Z[1]*Z[4]^2*Z[6]^3*Z[7]*Z[8] + 48*Z[0]^2*Z[1]*Z[4]^2*Z[6]^2*Z[7]^3 + 3072*Z[0]^2*Z[2]^4*Z[5]*Z[9]^3 - 768*Z[0]^2*Z[2]^4*Z[6]*Z[8]*Z[9]^2 - 512*Z[0]^2*Z[2]^4*Z[7]^2*Z[9]^2 + 576*Z[0]^2*Z[2]^4*Z[7]*Z[8]^2*Z[9] - 108*Z[0]^2*Z[2]^4*Z[8]^4 - 3072*Z[0]^2*Z[2]^3*Z[3]*Z[5]*Z[8]*Z[9]^2 + 2304*Z[0]^2*Z[2]^3*Z[3]*Z[6]*Z[7]*Z[9]^2 - 96*Z[0]^2*Z[2]^3*Z[3]*Z[6]*Z[8]^2*Z[9] - 640*Z[0]^2*Z[2]^3*Z[3]*Z[7]^2*Z[8]*Z[9] + 144*Z[0]^2*Z[2]^3*Z[3]*Z[7]*Z[8]^3 - 4096*Z[0]^2*Z[2]^3*Z[4]*Z[5]*Z[7]*Z[9]^2 + 2304*Z[0]^2*Z[2]^3*Z[4]*Z[5]*Z[8]^2*Z[9] + 1152*Z[0]^2*Z[2]^3*Z[4]*Z[6]^2*Z[9]^2 - 1280*Z[0]^2*Z[2]^3*Z[4]*Z[6]*Z[7]*Z[8]*Z[9] + 144*Z[0]^2*Z[2]^3*Z[4]*Z[6]*Z[8]^3 + 512*Z[0]^2*Z[2]^3*Z[4]*Z[7]^3*Z[9] - 96*Z[0]^2*Z[2]^3*Z[4]*Z[7]^2*Z[8]^2 + 256*Z[0]^2*Z[2]^2*Z[3]^2*Z[5]*Z[7]*Z[9]^2 + 1056*Z[0]^2*Z[2]^2*Z[3]^2*Z[5]*Z[8]^2*Z[9] - 2016*Z[0]^2*Z[2]^2*Z[3]^2*Z[6]^2*Z[9]^2 + 224*Z[0]^2*Z[2]^2*Z[3]^2*Z[6]*Z[7]*Z[8]*Z[9] - 120*Z[0]^2*Z[2]^2*Z[3]^2*Z[6]*Z[8]^3 + 192*Z[0]^2*Z[2]^2*Z[3]^2*Z[7]^3*Z[9] - 32*Z[0]^2*Z[2]^2*Z[3]^2*Z[7]^2*Z[8]^2 + 1536*Z[0]^2*Z[2]^2*Z[3]*Z[4]*Z[5]*Z[6]*Z[9]^2 + 2048*Z[0]^2*Z[2]^2*Z[3]*Z[4]*Z[5]*Z[7]*Z[8]*Z[9] - 1440*Z[0]^2*Z[2]^2*Z[3]*Z[4]*Z[5]*Z[8]^3 + 768*Z[0]^2*Z[2]^2*Z[3]*Z[4]*Z[6]^2*Z[8]*Z[9] - 1024*Z[0]^2*Z[2]^2*Z[3]*Z[4]*Z[6]*Z[7]^2*Z[9] + 496*Z[0]^2*Z[2]^2*Z[3]*Z[4]*Z[6]*Z[7]*Z[8]^2 - 64*Z[0]^2*Z[2]^2*Z[3]*Z[4]*Z[7]^3*Z[8] + 7168*Z[0]^2*Z[2]^2*Z[4]^2*Z[5]^2*Z[9]^2 - 4352*Z[0]^2*Z[2]^2*Z[4]^2*Z[5]*Z[6]*Z[8]*Z[9] - 512*Z[0]^2*Z[2]^2*Z[4]^2*Z[5]*Z[7]^2*Z[9] + 960*Z[0]^2*Z[2]^2*Z[4]^2*Z[5]*Z[7]*Z[8]^2 + 960*Z[0]^2*Z[2]^2*Z[4]^2*Z[6]^2*Z[7]*Z[9] - 8*Z[0]^2*Z[2]^2*Z[4]^2*Z[6]^2*Z[8]^2 - 320*Z[0]^2*Z[2]^2*Z[4]^2*Z[6]*Z[7]^2*Z[8] + 64*Z[0]^2*Z[2]^2*Z[4]^2*Z[7]^4 + 2304*Z[0]^2*Z[2]*Z[3]^3*Z[5]*Z[6]*Z[9]^2 - 1280*Z[0]^2*Z[2]*Z[3]^3*Z[5]*Z[7]*Z[8]*Z[9] + 144*Z[0]^2*Z[2]*Z[3]^3*Z[5]*Z[8]^3 + 432*Z[0]^2*Z[2]*Z[3]^3*Z[6]^2*Z[8]*Z[9] - 192*Z[0]^2*Z[2]*Z[3]^3*Z[6]*Z[7]^2*Z[9] + 32*Z[0]^2*Z[2]*Z[3]^3*Z[6]*Z[7]*Z[8]^2 - 5120*Z[0]^2*Z[2]*Z[3]^2*Z[4]*Z[5]^2*Z[9]^2 - 1664*Z[0]^2*Z[2]*Z[3]^2*Z[4]*Z[5]*Z[6]*Z[8]*Z[9] + 256*Z[0]^2*Z[2]*Z[3]^2*Z[4]*Z[5]*Z[7]^2*Z[9] + 672*Z[0]^2*Z[2]*Z[3]^2*Z[4]*Z[5]*Z[7]*Z[8]^2 + 672*Z[0]^2*Z[2]*Z[3]^2*Z[4]*Z[6]^2*Z[7]*Z[9] - 560*Z[0]^2*Z[2]*Z[3]^2*Z[4]*Z[6]^2*Z[8]^2 + 64*Z[0]^2*Z[2]*Z[3]^2*Z[4]*Z[6]*Z[7]^2*Z[8] + 1536*Z[0]^2*Z[2]*Z[3]*Z[4]^2*Z[5]^2*Z[8]*Z[9] + 2048*Z[0]^2*Z[2]*Z[3]*Z[4]^2*Z[5]*Z[6]*Z[7]*Z[9] + 768*Z[0]^2*Z[2]*Z[3]*Z[4]^2*Z[5]*Z[6]*Z[8]^2 - 1024*Z[0]^2*Z[2]*Z[3]*Z[4]^2*Z[5]*Z[7]^2*Z[8] - 1440*Z[0]^2*Z[2]*Z[3]*Z[4]^2*Z[6]^3*Z[9] + 496*Z[0]^2*Z[2]*Z[3]*Z[4]^2*Z[6]^2*Z[7]*Z[8] - 64*Z[0]^2*Z[2]*Z[3]*Z[4]^2*Z[6]*Z[7]^3 - 4096*Z[0]^2*Z[2]*Z[4]^3*Z[5]^2*Z[7]*Z[9] + 1152*Z[0]^2*Z[2]*Z[4]^3*Z[5]^2*Z[8]^2 + 2304*Z[0]^2*Z[2]*Z[4]^3*Z[5]*Z[6]^2*Z[9] - 1280*Z[0]^2*Z[2]*Z[4]^3*Z[5]*Z[6]*Z[7]*Z[8] + 512*Z[0]^2*Z[2]*Z[4]^3*Z[5]*Z[7]^3 + 144*Z[0]^2*Z[2]*Z[4]^3*Z[6]^3*Z[8] - 96*Z[0]^2*Z[2]*Z[4]^3*Z[6]^2*Z[7]^2 - 512*Z[0]^2*Z[3]^4*Z[5]^2*Z[9]^2 - 320*Z[0]^2*Z[3]^4*Z[5]*Z[6]*Z[8]*Z[9] + 384*Z[0]^2*Z[3]^4*Z[5]*Z[7]^2*Z[9] - 48*Z[0]^2*Z[3]^4*Z[5]*Z[7]*Z[8]^2 - 48*Z[0]^2*Z[3]^4*Z[6]^2*Z[7]*Z[9] + 4*Z[0]^2*Z[3]^4*Z[6]^2*Z[8]^2 + 2304*Z[0]^2*Z[3]^3*Z[4]*Z[5]^2*Z[8]*Z[9] - 1280*Z[0]^2*Z[3]^3*Z[4]*Z[5]*Z[6]*Z[7]*Z[9] + 432*Z[0]^2*Z[3]^3*Z[4]*Z[5]*Z[6]*Z[8]^2 - 192*Z[0]^2*Z[3]^3*Z[4]*Z[5]*Z[7]^2*Z[8] + 144*Z[0]^2*Z[3]^3*Z[4]*Z[6]^3*Z[9] + 32*Z[0]^2*Z[3]^3*Z[4]*Z[6]^2*Z[7]*Z[8] + 256*Z[0]^2*Z[3]^2*Z[4]^2*Z[5]^2*Z[7]*Z[9] - 2016*Z[0]^2*Z[3]^2*Z[4]^2*Z[5]^2*Z[8]^2 + 1056*Z[0]^2*Z[3]^2*Z[4]^2*Z[5]*Z[6]^2*Z[9] + 224*Z[0]^2*Z[3]^2*Z[4]^2*Z[5]*Z[6]*Z[7]*Z[8] + 192*Z[0]^2*Z[3]^2*Z[4]^2*Z[5]*Z[7]^3 - 120*Z[0]^2*Z[3]^2*Z[4]^2*Z[6]^3*Z[8] - 32*Z[0]^2*Z[3]^2*Z[4]^2*Z[6]^2*Z[7]^2 - 3072*Z[0]^2*Z[3]*Z[4]^3*Z[5]^2*Z[6]*Z[9] + 2304*Z[0]^2*Z[3]*Z[4]^3*Z[5]^2*Z[7]*Z[8] - 96*Z[0]^2*Z[3]*Z[4]^3*Z[5]*Z[6]^2*Z[8] - 640*Z[0]^2*Z[3]*Z[4]^3*Z[5]*Z[6]*Z[7]^2 + 144*Z[0]^2*Z[3]*Z[4]^3*Z[6]^3*Z[7] + 3072*Z[0]^2*Z[4]^4*Z[5]^3*Z[9] - 768*Z[0]^2*Z[4]^4*Z[5]^2*Z[6]*Z[8] - 512*Z[0]^2*Z[4]^4*Z[5]^2*Z[7]^2 + 576*Z[0]^2*Z[4]^4*Z[5]*Z[6]^2*Z[7] - 108*Z[0]^2*Z[4]^4*Z[6]^4 + 2048*Z[0]*Z[1]^3*Z[5]^3*Z[9]^3 - 1536*Z[0]*Z[1]^3*Z[5]^2*Z[6]*Z[8]*Z[9]^2 - 1024*Z[0]*Z[1]^3*Z[5]^2*Z[7]^2*Z[9]^2 + 1152*Z[0]*Z[1]^3*Z[5]^2*Z[7]*Z[8]^2*Z[9] - 216*Z[0]*Z[1]^3*Z[5]^2*Z[8]^4 + 1152*Z[0]*Z[1]^3*Z[5]*Z[6]^2*Z[7]*Z[9]^2 - 48*Z[0]*Z[1]^3*Z[5]*Z[6]^2*Z[8]^2*Z[9] - 640*Z[0]*Z[1]^3*Z[5]*Z[6]*Z[7]^2*Z[8]*Z[9] + 144*Z[0]*Z[1]^3*Z[5]*Z[6]*Z[7]*Z[8]^3 + 128*Z[0]*Z[1]^3*Z[5]*Z[7]^4*Z[9] - 32*Z[0]*Z[1]^3*Z[5]*Z[7]^3*Z[8]^2 - 216*Z[0]*Z[1]^3*Z[6]^4*Z[9]^2 + 144*Z[0]*Z[1]^3*Z[6]^3*Z[7]*Z[8]*Z[9] - 32*Z[0]*Z[1]^3*Z[6]^3*Z[8]^3 - 32*Z[0]*Z[1]^3*Z[6]^2*Z[7]^3*Z[9] + 8*Z[0]*Z[1]^3*Z[6]^2*Z[7]^2*Z[8]^2 - 4608*Z[0]*Z[1]^2*Z[2]^2*Z[5]^2*Z[9]^3 + 2304*Z[0]*Z[1]^2*Z[2]^2*Z[5]*Z[6]*Z[8]*Z[9]^2 + 1536*Z[0]*Z[1]^2*Z[2]^2*Z[5]*Z[7]^2*Z[9]^2 - 1728*Z[0]*Z[1]^2*Z[2]^2*Z[5]*Z[7]*Z[8]^2*Z[9] + 324*Z[0]*Z[1]^2*Z[2]^2*Z[5]*Z[8]^4 - 864*Z[0]*Z[1]^2*Z[2]^2*Z[6]^2*Z[7]*Z[9]^2 + 36*Z[0]*Z[1]^2*Z[2]^2*Z[6]^2*Z[8]^2*Z[9] + 480*Z[0]*Z[1]^2*Z[2]^2*Z[6]*Z[7]^2*Z[8]*Z[9] - 108*Z[0]*Z[1]^2*Z[2]^2*Z[6]*Z[7]*Z[8]^3 - 96*Z[0]*Z[1]^2*Z[2]^2*Z[7]^4*Z[9] + 24*Z[0]*Z[1]^2*Z[2]^2*Z[7]^3*Z[8]^2 + 2304*Z[0]*Z[1]^2*Z[2]*Z[3]*Z[5]^2*Z[8]*Z[9]^2 - 3456*Z[0]*Z[1]^2*Z[2]*Z[3]*Z[5]*Z[6]*Z[7]*Z[9]^2 + 144*Z[0]*Z[1]^2*Z[2]*Z[3]*Z[5]*Z[6]*Z[8]^2*Z[9] + 960*Z[0]*Z[1]^2*Z[2]*Z[3]*Z[5]*Z[7]^2*Z[8]*Z[9] - 216*Z[0]*Z[1]^2*Z[2]*Z[3]*Z[5]*Z[7]*Z[8]^3 + 1296*Z[0]*Z[1]^2*Z[2]*Z[3]*Z[6]^3*Z[9]^2 - 648*Z[0]*Z[1]^2*Z[2]*Z[3]*Z[6]^2*Z[7]*Z[8]*Z[9] + 144*Z[0]*Z[1]^2*Z[2]*Z[3]*Z[6]^2*Z[8]^3 + 96*Z[0]*Z[1]^2*Z[2]*Z[3]*Z[6]*Z[7]^3*Z[9] - 24*Z[0]*Z[1]^2*Z[2]*Z[3]*Z[6]*Z[7]^2*Z[8]^2 + 3072*Z[0]*Z[1]^2*Z[2]*Z[4]*Z[5]^2*Z[7]*Z[9]^2 - 1728*Z[0]*Z[1]^2*Z[2]*Z[4]*Z[5]^2*Z[8]^2*Z[9] - 1728*Z[0]*Z[1]^2*Z[2]*Z[4]*Z[5]*Z[6]^2*Z[9]^2 + 1920*Z[0]*Z[1]^2*Z[2]*Z[4]*Z[5]*Z[6]*Z[7]*Z[8]*Z[9] - 216*Z[0]*Z[1]^2*Z[2]*Z[4]*Z[5]*Z[6]*Z[8]^3 - 768*Z[0]*Z[1]^2*Z[2]*Z[4]*Z[5]*Z[7]^3*Z[9] + 144*Z[0]*Z[1]^2*Z[2]*Z[4]*Z[5]*Z[7]^2*Z[8]^2 - 216*Z[0]*Z[1]^2*Z[2]*Z[4]*Z[6]^3*Z[8]*Z[9] + 144*Z[0]*Z[1]^2*Z[2]*Z[4]*Z[6]^2*Z[7]^2*Z[9] - 24*Z[0]*Z[1]^2*Z[2]*Z[4]*Z[6]^2*Z[7]*Z[8]^2 + 1536*Z[0]*Z[1]^2*Z[3]^2*Z[5]^2*Z[7]*Z[9]^2 - 864*Z[0]*Z[1]^2*Z[3]^2*Z[5]^2*Z[8]^2*Z[9] - 864*Z[0]*Z[1]^2*Z[3]^2*Z[5]*Z[6]^2*Z[9]^2 + 960*Z[0]*Z[1]^2*Z[3]^2*Z[5]*Z[6]*Z[7]*Z[8]*Z[9] - 108*Z[0]*Z[1]^2*Z[3]^2*Z[5]*Z[6]*Z[8]^3 - 384*Z[0]*Z[1]^2*Z[3]^2*Z[5]*Z[7]^3*Z[9] + 72*Z[0]*Z[1]^2*Z[3]^2*Z[5]*Z[7]^2*Z[8]^2 - 108*Z[0]*Z[1]^2*Z[3]^2*Z[6]^3*Z[8]*Z[9] + 72*Z[0]*Z[1]^2*Z[3]^2*Z[6]^2*Z[7]^2*Z[9] - 12*Z[0]*Z[1]^2*Z[3]^2*Z[6]^2*Z[7]*Z[8]^2 + 2304*Z[0]*Z[1]^2*Z[3]*Z[4]*Z[5]^2*Z[6]*Z[9]^2 - 3456*Z[0]*Z[1]^2*Z[3]*Z[4]*Z[5]^2*Z[7]*Z[8]*Z[9] + 1296*Z[0]*Z[1]^2*Z[3]*Z[4]*Z[5]^2*Z[8]^3 + 144*Z[0]*Z[1]^2*Z[3]*Z[4]*Z[5]*Z[6]^2*Z[8]*Z[9] + 960*Z[0]*Z[1]^2*Z[3]*Z[4]*Z[5]*Z[6]*Z[7]^2*Z[9] - 648*Z[0]*Z[1]^2*Z[3]*Z[4]*Z[5]*Z[6]*Z[7]*Z[8]^2 + 96*Z[0]*Z[1]^2*Z[3]*Z[4]*Z[5]*Z[7]^3*Z[8] - 216*Z[0]*Z[1]^2*Z[3]*Z[4]*Z[6]^3*Z[7]*Z[9] + 144*Z[0]*Z[1]^2*Z[3]*Z[4]*Z[6]^3*Z[8]^2 - 24*Z[0]*Z[1]^2*Z[3]*Z[4]*Z[6]^2*Z[7]^2*Z[8] - 4608*Z[0]*Z[1]^2*Z[4]^2*Z[5]^3*Z[9]^2 + 2304*Z[0]*Z[1]^2*Z[4]^2*Z[5]^2*Z[6]*Z[8]*Z[9] + 1536*Z[0]*Z[1]^2*Z[4]^2*Z[5]^2*Z[7]^2*Z[9] - 864*Z[0]*Z[1]^2*Z[4]^2*Z[5]^2*Z[7]*Z[8]^2 - 1728*Z[0]*Z[1]^2*Z[4]^2*Z[5]*Z[6]^2*Z[7]*Z[9] + 36*Z[0]*Z[1]^2*Z[4]^2*Z[5]*Z[6]^2*Z[8]^2 + 480*Z[0]*Z[1]^2*Z[4]^2*Z[5]*Z[6]*Z[7]^2*Z[8] - 96*Z[0]*Z[1]^2*Z[4]^2*Z[5]*Z[7]^4 + 324*Z[0]*Z[1]^2*Z[4]^2*Z[6]^4*Z[9] - 108*Z[0]*Z[1]^2*Z[4]^2*Z[6]^3*Z[7]*Z[8] + 24*Z[0]*Z[1]^2*Z[4]^2*Z[6]^2*Z[7]^3 + 3072*Z[0]*Z[1]*Z[2]^4*Z[5]*Z[9]^3 - 768*Z[0]*Z[1]*Z[2]^4*Z[6]*Z[8]*Z[9]^2 - 512*Z[0]*Z[1]*Z[2]^4*Z[7]^2*Z[9]^2 + 576*Z[0]*Z[1]*Z[2]^4*Z[7]*Z[8]^2*Z[9] - 108*Z[0]*Z[1]*Z[2]^4*Z[8]^4 - 3072*Z[0]*Z[1]*Z[2]^3*Z[3]*Z[5]*Z[8]*Z[9]^2 + 2304*Z[0]*Z[1]*Z[2]^3*Z[3]*Z[6]*Z[7]*Z[9]^2 - 96*Z[0]*Z[1]*Z[2]^3*Z[3]*Z[6]*Z[8]^2*Z[9] - 640*Z[0]*Z[1]*Z[2]^3*Z[3]*Z[7]^2*Z[8]*Z[9] + 144*Z[0]*Z[1]*Z[2]^3*Z[3]*Z[7]*Z[8]^3 - 4096*Z[0]*Z[1]*Z[2]^3*Z[4]*Z[5]*Z[7]*Z[9]^2 + 2304*Z[0]*Z[1]*Z[2]^3*Z[4]*Z[5]*Z[8]^2*Z[9] + 1152*Z[0]*Z[1]*Z[2]^3*Z[4]*Z[6]^2*Z[9]^2 - 1280*Z[0]*Z[1]*Z[2]^3*Z[4]*Z[6]*Z[7]*Z[8]*Z[9] + 144*Z[0]*Z[1]*Z[2]^3*Z[4]*Z[6]*Z[8]^3 + 512*Z[0]*Z[1]*Z[2]^3*Z[4]*Z[7]^3*Z[9] - 96*Z[0]*Z[1]*Z[2]^3*Z[4]*Z[7]^2*Z[8]^2 + 256*Z[0]*Z[1]*Z[2]^2*Z[3]^2*Z[5]*Z[7]*Z[9]^2 + 1056*Z[0]*Z[1]*Z[2]^2*Z[3]^2*Z[5]*Z[8]^2*Z[9] - 2016*Z[0]*Z[1]*Z[2]^2*Z[3]^2*Z[6]^2*Z[9]^2 + 224*Z[0]*Z[1]*Z[2]^2*Z[3]^2*Z[6]*Z[7]*Z[8]*Z[9] - 120*Z[0]*Z[1]*Z[2]^2*Z[3]^2*Z[6]*Z[8]^3 + 192*Z[0]*Z[1]*Z[2]^2*Z[3]^2*Z[7]^3*Z[9] - 32*Z[0]*Z[1]*Z[2]^2*Z[3]^2*Z[7]^2*Z[8]^2 + 1536*Z[0]*Z[1]*Z[2]^2*Z[3]*Z[4]*Z[5]*Z[6]*Z[9]^2 + 2048*Z[0]*Z[1]*Z[2]^2*Z[3]*Z[4]*Z[5]*Z[7]*Z[8]*Z[9] - 1440*Z[0]*Z[1]*Z[2]^2*Z[3]*Z[4]*Z[5]*Z[8]^3 + 768*Z[0]*Z[1]*Z[2]^2*Z[3]*Z[4]*Z[6]^2*Z[8]*Z[9] - 1024*Z[0]*Z[1]*Z[2]^2*Z[3]*Z[4]*Z[6]*Z[7]^2*Z[9] + 496*Z[0]*Z[1]*Z[2]^2*Z[3]*Z[4]*Z[6]*Z[7]*Z[8]^2 - 64*Z[0]*Z[1]*Z[2]^2*Z[3]*Z[4]*Z[7]^3*Z[8] + 7168*Z[0]*Z[1]*Z[2]^2*Z[4]^2*Z[5]^2*Z[9]^2 - 4352*Z[0]*Z[1]*Z[2]^2*Z[4]^2*Z[5]*Z[6]*Z[8]*Z[9] - 512*Z[0]*Z[1]*Z[2]^2*Z[4]^2*Z[5]*Z[7]^2*Z[9] + 960*Z[0]*Z[1]*Z[2]^2*Z[4]^2*Z[5]*Z[7]*Z[8]^2 + 960*Z[0]*Z[1]*Z[2]^2*Z[4]^2*Z[6]^2*Z[7]*Z[9] - 8*Z[0]*Z[1]*Z[2]^2*Z[4]^2*Z[6]^2*Z[8]^2 - 320*Z[0]*Z[1]*Z[2]^2*Z[4]^2*Z[6]*Z[7]^2*Z[8] + 64*Z[0]*Z[1]*Z[2]^2*Z[4]^2*Z[7]^4 + 2304*Z[0]*Z[1]*Z[2]*Z[3]^3*Z[5]*Z[6]*Z[9]^2 - 1280*Z[0]*Z[1]*Z[2]*Z[3]^3*Z[5]*Z[7]*Z[8]*Z[9] + 144*Z[0]*Z[1]*Z[2]*Z[3]^3*Z[5]*Z[8]^3 + 432*Z[0]*Z[1]*Z[2]*Z[3]^3*Z[6]^2*Z[8]*Z[9] - 192*Z[0]*Z[1]*Z[2]*Z[3]^3*Z[6]*Z[7]^2*Z[9] + 32*Z[0]*Z[1]*Z[2]*Z[3]^3*Z[6]*Z[7]*Z[8]^2 - 5120*Z[0]*Z[1]*Z[2]*Z[3]^2*Z[4]*Z[5]^2*Z[9]^2 - 1664*Z[0]*Z[1]*Z[2]*Z[3]^2*Z[4]*Z[5]*Z[6]*Z[8]*Z[9] + 256*Z[0]*Z[1]*Z[2]*Z[3]^2*Z[4]*Z[5]*Z[7]^2*Z[9] + 672*Z[0]*Z[1]*Z[2]*Z[3]^2*Z[4]*Z[5]*Z[7]*Z[8]^2 + 672*Z[0]*Z[1]*Z[2]*Z[3]^2*Z[4]*Z[6]^2*Z[7]*Z[9] - 560*Z[0]*Z[1]*Z[2]*Z[3]^2*Z[4]*Z[6]^2*Z[8]^2 + 64*Z[0]*Z[1]*Z[2]*Z[3]^2*Z[4]*Z[6]*Z[7]^2*Z[8] + 1536*Z[0]*Z[1]*Z[2]*Z[3]*Z[4]^2*Z[5]^2*Z[8]*Z[9] + 2048*Z[0]*Z[1]*Z[2]*Z[3]*Z[4]^2*Z[5]*Z[6]*Z[7]*Z[9] + 768*Z[0]*Z[1]*Z[2]*Z[3]*Z[4]^2*Z[5]*Z[6]*Z[8]^2 - 1024*Z[0]*Z[1]*Z[2]*Z[3]*Z[4]^2*Z[5]*Z[7]^2*Z[8] - 1440*Z[0]*Z[1]*Z[2]*Z[3]*Z[4]^2*Z[6]^3*Z[9] + 496*Z[0]*Z[1]*Z[2]*Z[3]*Z[4]^2*Z[6]^2*Z[7]*Z[8] - 64*Z[0]*Z[1]*Z[2]*Z[3]*Z[4]^2*Z[6]*Z[7]^3 - 4096*Z[0]*Z[1]*Z[2]*Z[4]^3*Z[5]^2*Z[7]*Z[9] + 1152*Z[0]*Z[1]*Z[2]*Z[4]^3*Z[5]^2*Z[8]^2 + 2304*Z[0]*Z[1]*Z[2]*Z[4]^3*Z[5]*Z[6]^2*Z[9] - 1280*Z[0]*Z[1]*Z[2]*Z[4]^3*Z[5]*Z[6]*Z[7]*Z[8] + 512*Z[0]*Z[1]*Z[2]*Z[4]^3*Z[5]*Z[7]^3 + 144*Z[0]*Z[1]*Z[2]*Z[4]^3*Z[6]^3*Z[8] - 96*Z[0]*Z[1]*Z[2]*Z[4]^3*Z[6]^2*Z[7]^2 - 512*Z[0]*Z[1]*Z[3]^4*Z[5]^2*Z[9]^2 - 320*Z[0]*Z[1]*Z[3]^4*Z[5]*Z[6]*Z[8]*Z[9] + 384*Z[0]*Z[1]*Z[3]^4*Z[5]*Z[7]^2*Z[9] - 48*Z[0]*Z[1]*Z[3]^4*Z[5]*Z[7]*Z[8]^2 - 48*Z[0]*Z[1]*Z[3]^4*Z[6]^2*Z[7]*Z[9] + 4*Z[0]*Z[1]*Z[3]^4*Z[6]^2*Z[8]^2 + 2304*Z[0]*Z[1]*Z[3]^3*Z[4]*Z[5]^2*Z[8]*Z[9] - 1280*Z[0]*Z[1]*Z[3]^3*Z[4]*Z[5]*Z[6]*Z[7]*Z[9] + 432*Z[0]*Z[1]*Z[3]^3*Z[4]*Z[5]*Z[6]*Z[8]^2 - 192*Z[0]*Z[1]*Z[3]^3*Z[4]*Z[5]*Z[7]^2*Z[8] + 144*Z[0]*Z[1]*Z[3]^3*Z[4]*Z[6]^3*Z[9] + 32*Z[0]*Z[1]*Z[3]^3*Z[4]*Z[6]^2*Z[7]*Z[8] + 256*Z[0]*Z[1]*Z[3]^2*Z[4]^2*Z[5]^2*Z[7]*Z[9] - 2016*Z[0]*Z[1]*Z[3]^2*Z[4]^2*Z[5]^2*Z[8]^2 + 1056*Z[0]*Z[1]*Z[3]^2*Z[4]^2*Z[5]*Z[6]^2*Z[9] + 224*Z[0]*Z[1]*Z[3]^2*Z[4]^2*Z[5]*Z[6]*Z[7]*Z[8] + 192*Z[0]*Z[1]*Z[3]^2*Z[4]^2*Z[5]*Z[7]^3 - 120*Z[0]*Z[1]*Z[3]^2*Z[4]^2*Z[6]^3*Z[8] - 32*Z[0]*Z[1]*Z[3]^2*Z[4]^2*Z[6]^2*Z[7]^2 - 3072*Z[0]*Z[1]*Z[3]*Z[4]^3*Z[5]^2*Z[6]*Z[9] + 2304*Z[0]*Z[1]*Z[3]*Z[4]^3*Z[5]^2*Z[7]*Z[8] - 96*Z[0]*Z[1]*Z[3]*Z[4]^3*Z[5]*Z[6]^2*Z[8] - 640*Z[0]*Z[1]*Z[3]*Z[4]^3*Z[5]*Z[6]*Z[7]^2 + 144*Z[0]*Z[1]*Z[3]*Z[4]^3*Z[6]^3*Z[7] + 3072*Z[0]*Z[1]*Z[4]^4*Z[5]^3*Z[9] - 768*Z[0]*Z[1]*Z[4]^4*Z[5]^2*Z[6]*Z[8] - 512*Z[0]*Z[1]*Z[4]^4*Z[5]^2*Z[7]^2 + 576*Z[0]*Z[1]*Z[4]^4*Z[5]*Z[6]^2*Z[7] - 108*Z[0]*Z[1]*Z[4]^4*Z[6]^4 - 512*Z[0]*Z[2]^6*Z[9]^3 + 768*Z[0]*Z[2]^5*Z[3]*Z[8]*Z[9]^2 + 1024*Z[0]*Z[2]^5*Z[4]*Z[7]*Z[9]^2 - 576*Z[0]*Z[2]^5*Z[4]*Z[8]^2*Z[9] - 640*Z[0]*Z[2]^4*Z[3]^2*Z[7]*Z[9]^2 - 240*Z[0]*Z[2]^4*Z[3]^2*Z[8]^2*Z[9] - 1536*Z[0]*Z[2]^4*Z[3]*Z[4]*Z[6]*Z[9]^2 + 128*Z[0]*Z[2]^4*Z[3]*Z[4]*Z[7]*Z[8]*Z[9] + 288*Z[0]*Z[2]^4*Z[3]*Z[4]*Z[8]^3 - 2560*Z[0]*Z[2]^4*Z[4]^2*Z[5]*Z[9]^2 + 1408*Z[0]*Z[2]^4*Z[4]^2*Z[6]*Z[8]*Z[9] - 256*Z[0]*Z[2]^4*Z[4]^2*Z[7]^2*Z[9] - 192*Z[0]*Z[2]^4*Z[4]^2*Z[7]*Z[8]^2 + 576*Z[0]*Z[2]^3*Z[3]^3*Z[6]*Z[9]^2 + 352*Z[0]*Z[2]^3*Z[3]^3*Z[7]*Z[8]*Z[9] - 8*Z[0]*Z[2]^3*Z[3]^3*Z[8]^3 + 2816*Z[0]*Z[2]^3*Z[3]^2*Z[4]*Z[5]*Z[9]^2 - 32*Z[0]*Z[2]^3*Z[3]^2*Z[4]*Z[6]*Z[8]*Z[9] + 64*Z[0]*Z[2]^3*Z[3]^2*Z[4]*Z[7]^2*Z[9] - 368*Z[0]*Z[2]^3*Z[3]^2*Z[4]*Z[7]*Z[8]^2 - 256*Z[0]*Z[2]^3*Z[3]*Z[4]^2*Z[5]*Z[8]*Z[9] - 640*Z[0]*Z[2]^3*Z[3]*Z[4]^2*Z[6]*Z[7]*Z[9] - 416*Z[0]*Z[2]^3*Z[3]*Z[4]^2*Z[6]*Z[8]^2 + 512*Z[0]*Z[2]^3*Z[3]*Z[4]^2*Z[7]^2*Z[8] + 3072*Z[0]*Z[2]^3*Z[4]^3*Z[5]*Z[7]*Z[9] - 1088*Z[0]*Z[2]^3*Z[4]^3*Z[5]*Z[8]^2 - 1088*Z[0]*Z[2]^3*Z[4]^3*Z[6]^2*Z[9] + 640*Z[0]*Z[2]^3*Z[4]^3*Z[6]*Z[7]*Z[8] - 256*Z[0]*Z[2]^3*Z[4]^3*Z[7]^3 - 640*Z[0]*Z[2]^2*Z[3]^4*Z[5]*Z[9]^2 - 272*Z[0]*Z[2]^2*Z[3]^4*Z[6]*Z[8]*Z[9] - 96*Z[0]*Z[2]^2*Z[3]^4*Z[7]^2*Z[9] + 8*Z[0]*Z[2]^2*Z[3]^4*Z[7]*Z[8]^2 - 832*Z[0]*Z[2]^2*Z[3]^3*Z[4]*Z[5]*Z[8]*Z[9] + 160*Z[0]*Z[2]^2*Z[3]^3*Z[4]*Z[6]*Z[7]*Z[9] + 328*Z[0]*Z[2]^2*Z[3]^3*Z[4]*Z[6]*Z[8]^2 + 64*Z[0]*Z[2]^2*Z[3]^3*Z[4]*Z[7]^2*Z[8] - 1536*Z[0]*Z[2]^2*Z[3]^2*Z[4]^2*Z[5]*Z[7]*Z[9] + 1296*Z[0]*Z[2]^2*Z[3]^2*Z[4]^2*Z[5]*Z[8]^2 + 1296*Z[0]*Z[2]^2*Z[3]^2*Z[4]^2*Z[6]^2*Z[9] - 672*Z[0]*Z[2]^2*Z[3]^2*Z[4]^2*Z[6]*Z[7]*Z[8] - 64*Z[0]*Z[2]^2*Z[3]^2*Z[4]^2*Z[7]^3 - 256*Z[0]*Z[2]^2*Z[3]*Z[4]^3*Z[5]*Z[6]*Z[9] - 640*Z[0]*Z[2]^2*Z[3]*Z[4]^3*Z[5]*Z[7]*Z[8] - 416*Z[0]*Z[2]^2*Z[3]*Z[4]^3*Z[6]^2*Z[8] + 512*Z[0]*Z[2]^2*Z[3]*Z[4]^3*Z[6]*Z[7]^2 - 2560*Z[0]*Z[2]^2*Z[4]^4*Z[5]^2*Z[9] + 1408*Z[0]*Z[2]^2*Z[4]^4*Z[5]*Z[6]*Z[8] - 256*Z[0]*Z[2]^2*Z[4]^4*Z[5]*Z[7]^2 - 192*Z[0]*Z[2]^2*Z[4]^4*Z[6]^2*Z[7] + 320*Z[0]*Z[2]*Z[3]^5*Z[5]*Z[8]*Z[9] + 96*Z[0]*Z[2]*Z[3]^5*Z[6]*Z[7]*Z[9] - 8*Z[0]*Z[2]*Z[3]^5*Z[6]*Z[8]^2 + 512*Z[0]*Z[2]*Z[3]^4*Z[4]*Z[5]*Z[7]*Z[9] - 384*Z[0]*Z[2]*Z[3]^4*Z[4]*Z[5]*Z[8]^2 - 384*Z[0]*Z[2]*Z[3]^4*Z[4]*Z[6]^2*Z[9] - 64*Z[0]*Z[2]*Z[3]^4*Z[4]*Z[6]*Z[7]*Z[8] - 832*Z[0]*Z[2]*Z[3]^3*Z[4]^2*Z[5]*Z[6]*Z[9] + 160*Z[0]*Z[2]*Z[3]^3*Z[4]^2*Z[5]*Z[7]*Z[8] + 328*Z[0]*Z[2]*Z[3]^3*Z[4]^2*Z[6]^2*Z[8] + 64*Z[0]*Z[2]*Z[3]^3*Z[4]^2*Z[6]*Z[7]^2 + 2816*Z[0]*Z[2]*Z[3]^2*Z[4]^3*Z[5]^2*Z[9] - 32*Z[0]*Z[2]*Z[3]^2*Z[4]^3*Z[5]*Z[6]*Z[8] + 64*Z[0]*Z[2]*Z[3]^2*Z[4]^3*Z[5]*Z[7]^2 - 368*Z[0]*Z[2]*Z[3]^2*Z[4]^3*Z[6]^2*Z[7] - 1536*Z[0]*Z[2]*Z[3]*Z[4]^4*Z[5]^2*Z[8] + 128*Z[0]*Z[2]*Z[3]*Z[4]^4*Z[5]*Z[6]*Z[7] + 288*Z[0]*Z[2]*Z[3]*Z[4]^4*Z[6]^3 + 1024*Z[0]*Z[2]*Z[4]^5*Z[5]^2*Z[7] - 576*Z[0]*Z[2]*Z[4]^5*Z[5]*Z[6]^2 - 128*Z[0]*Z[3]^6*Z[5]*Z[7]*Z[9] + 8*Z[0]*Z[3]^6*Z[5]*Z[8]^2 + 8*Z[0]*Z[3]^6*Z[6]^2*Z[9] + 320*Z[0]*Z[3]^5*Z[4]*Z[5]*Z[6]*Z[9] + 96*Z[0]*Z[3]^5*Z[4]*Z[5]*Z[7]*Z[8] - 8*Z[0]*Z[3]^5*Z[4]*Z[6]^2*Z[8] - 640*Z[0]*Z[3]^4*Z[4]^2*Z[5]^2*Z[9] - 272*Z[0]*Z[3]^4*Z[4]^2*Z[5]*Z[6]*Z[8] - 96*Z[0]*Z[3]^4*Z[4]^2*Z[5]*Z[7]^2 + 8*Z[0]*Z[3]^4*Z[4]^2*Z[6]^2*Z[7] + 576*Z[0]*Z[3]^3*Z[4]^3*Z[5]^2*Z[8] + 352*Z[0]*Z[3]^3*Z[4]^3*Z[5]*Z[6]*Z[7] - 8*Z[0]*Z[3]^3*Z[4]^3*Z[6]^3 - 640*Z[0]*Z[3]^2*Z[4]^4*Z[5]^2*Z[7] - 240*Z[0]*Z[3]^2*Z[4]^4*Z[5]*Z[6]^2 + 768*Z[0]*Z[3]*Z[4]^5*Z[5]^2*Z[6] - 512*Z[0]*Z[4]^6*Z[5]^3 + 256*Z[1]^4*Z[5]^3*Z[9]^3 - 192*Z[1]^4*Z[5]^2*Z[6]*Z[8]*Z[9]^2 - 128*Z[1]^4*Z[5]^2*Z[7]^2*Z[9]^2 + 144*Z[1]^4*Z[5]^2*Z[7]*Z[8]^2*Z[9] - 27*Z[1]^4*Z[5]^2*Z[8]^4 + 144*Z[1]^4*Z[5]*Z[6]^2*Z[7]*Z[9]^2 - 6*Z[1]^4*Z[5]*Z[6]^2*Z[8]^2*Z[9] - 80*Z[1]^4*Z[5]*Z[6]*Z[7]^2*Z[8]*Z[9] + 18*Z[1]^4*Z[5]*Z[6]*Z[7]*Z[8]^3 + 16*Z[1]^4*Z[5]*Z[7]^4*Z[9] - 4*Z[1]^4*Z[5]*Z[7]^3*Z[8]^2 - 27*Z[1]^4*Z[6]^4*Z[9]^2 + 18*Z[1]^4*Z[6]^3*Z[7]*Z[8]*Z[9] - 4*Z[1]^4*Z[6]^3*Z[8]^3 - 4*Z[1]^4*Z[6]^2*Z[7]^3*Z[9] + Z[1]^4*Z[6]^2*Z[7]^2*Z[8]^2 - 768*Z[1]^3*Z[2]^2*Z[5]^2*Z[9]^3 + 384*Z[1]^3*Z[2]^2*Z[5]*Z[6]*Z[8]*Z[9]^2 + 256*Z[1]^3*Z[2]^2*Z[5]*Z[7]^2*Z[9]^2 - 288*Z[1]^3*Z[2]^2*Z[5]*Z[7]*Z[8]^2*Z[9] + 54*Z[1]^3*Z[2]^2*Z[5]*Z[8]^4 - 144*Z[1]^3*Z[2]^2*Z[6]^2*Z[7]*Z[9]^2 + 6*Z[1]^3*Z[2]^2*Z[6]^2*Z[8]^2*Z[9] + 80*Z[1]^3*Z[2]^2*Z[6]*Z[7]^2*Z[8]*Z[9] - 18*Z[1]^3*Z[2]^2*Z[6]*Z[7]*Z[8]^3 - 16*Z[1]^3*Z[2]^2*Z[7]^4*Z[9] + 4*Z[1]^3*Z[2]^2*Z[7]^3*Z[8]^2 + 384*Z[1]^3*Z[2]*Z[3]*Z[5]^2*Z[8]*Z[9]^2 - 576*Z[1]^3*Z[2]*Z[3]*Z[5]*Z[6]*Z[7]*Z[9]^2 + 24*Z[1]^3*Z[2]*Z[3]*Z[5]*Z[6]*Z[8]^2*Z[9] + 160*Z[1]^3*Z[2]*Z[3]*Z[5]*Z[7]^2*Z[8]*Z[9] - 36*Z[1]^3*Z[2]*Z[3]*Z[5]*Z[7]*Z[8]^3 + 216*Z[1]^3*Z[2]*Z[3]*Z[6]^3*Z[9]^2 - 108*Z[1]^3*Z[2]*Z[3]*Z[6]^2*Z[7]*Z[8]*Z[9] + 24*Z[1]^3*Z[2]*Z[3]*Z[6]^2*Z[8]^3 + 16*Z[1]^3*Z[2]*Z[3]*Z[6]*Z[7]^3*Z[9] - 4*Z[1]^3*Z[2]*Z[3]*Z[6]*Z[7]^2*Z[8]^2 + 512*Z[1]^3*Z[2]*Z[4]*Z[5]^2*Z[7]*Z[9]^2 - 288*Z[1]^3*Z[2]*Z[4]*Z[5]^2*Z[8]^2*Z[9] - 288*Z[1]^3*Z[2]*Z[4]*Z[5]*Z[6]^2*Z[9]^2 + 320*Z[1]^3*Z[2]*Z[4]*Z[5]*Z[6]*Z[7]*Z[8]*Z[9] - 36*Z[1]^3*Z[2]*Z[4]*Z[5]*Z[6]*Z[8]^3 - 128*Z[1]^3*Z[2]*Z[4]*Z[5]*Z[7]^3*Z[9] + 24*Z[1]^3*Z[2]*Z[4]*Z[5]*Z[7]^2*Z[8]^2 - 36*Z[1]^3*Z[2]*Z[4]*Z[6]^3*Z[8]*Z[9] + 24*Z[1]^3*Z[2]*Z[4]*Z[6]^2*Z[7]^2*Z[9] - 4*Z[1]^3*Z[2]*Z[4]*Z[6]^2*Z[7]*Z[8]^2 + 256*Z[1]^3*Z[3]^2*Z[5]^2*Z[7]*Z[9]^2 - 144*Z[1]^3*Z[3]^2*Z[5]^2*Z[8]^2*Z[9] - 144*Z[1]^3*Z[3]^2*Z[5]*Z[6]^2*Z[9]^2 + 160*Z[1]^3*Z[3]^2*Z[5]*Z[6]*Z[7]*Z[8]*Z[9] - 18*Z[1]^3*Z[3]^2*Z[5]*Z[6]*Z[8]^3 - 64*Z[1]^3*Z[3]^2*Z[5]*Z[7]^3*Z[9] + 12*Z[1]^3*Z[3]^2*Z[5]*Z[7]^2*Z[8]^2 - 18*Z[1]^3*Z[3]^2*Z[6]^3*Z[8]*Z[9] + 12*Z[1]^3*Z[3]^2*Z[6]^2*Z[7]^2*Z[9] - 2*Z[1]^3*Z[3]^2*Z[6]^2*Z[7]*Z[8]^2 + 384*Z[1]^3*Z[3]*Z[4]*Z[5]^2*Z[6]*Z[9]^2 - 576*Z[1]^3*Z[3]*Z[4]*Z[5]^2*Z[7]*Z[8]*Z[9] + 216*Z[1]^3*Z[3]*Z[4]*Z[5]^2*Z[8]^3 + 24*Z[1]^3*Z[3]*Z[4]*Z[5]*Z[6]^2*Z[8]*Z[9] + 160*Z[1]^3*Z[3]*Z[4]*Z[5]*Z[6]*Z[7]^2*Z[9] - 108*Z[1]^3*Z[3]*Z[4]*Z[5]*Z[6]*Z[7]*Z[8]^2 + 16*Z[1]^3*Z[3]*Z[4]*Z[5]*Z[7]^3*Z[8] - 36*Z[1]^3*Z[3]*Z[4]*Z[6]^3*Z[7]*Z[9] + 24*Z[1]^3*Z[3]*Z[4]*Z[6]^3*Z[8]^2 - 4*Z[1]^3*Z[3]*Z[4]*Z[6]^2*Z[7]^2*Z[8] - 768*Z[1]^3*Z[4]^2*Z[5]^3*Z[9]^2 + 384*Z[1]^3*Z[4]^2*Z[5]^2*Z[6]*Z[8]*Z[9] + 256*Z[1]^3*Z[4]^2*Z[5]^2*Z[7]^2*Z[9] - 144*Z[1]^3*Z[4]^2*Z[5]^2*Z[7]*Z[8]^2 - 288*Z[1]^3*Z[4]^2*Z[5]*Z[6]^2*Z[7]*Z[9] + 6*Z[1]^3*Z[4]^2*Z[5]*Z[6]^2*Z[8]^2 + 80*Z[1]^3*Z[4]^2*Z[5]*Z[6]*Z[7]^2*Z[8] - 16*Z[1]^3*Z[4]^2*Z[5]*Z[7]^4 + 54*Z[1]^3*Z[4]^2*Z[6]^4*Z[9] - 18*Z[1]^3*Z[4]^2*Z[6]^3*Z[7]*Z[8] + 4*Z[1]^3*Z[4]^2*Z[6]^2*Z[7]^3 + 768*Z[1]^2*Z[2]^4*Z[5]*Z[9]^3 - 192*Z[1]^2*Z[2]^4*Z[6]*Z[8]*Z[9]^2 - 128*Z[1]^2*Z[2]^4*Z[7]^2*Z[9]^2 + 144*Z[1]^2*Z[2]^4*Z[7]*Z[8]^2*Z[9] - 27*Z[1]^2*Z[2]^4*Z[8]^4 - 768*Z[1]^2*Z[2]^3*Z[3]*Z[5]*Z[8]*Z[9]^2 + 576*Z[1]^2*Z[2]^3*Z[3]*Z[6]*Z[7]*Z[9]^2 - 24*Z[1]^2*Z[2]^3*Z[3]*Z[6]*Z[8]^2*Z[9] - 160*Z[1]^2*Z[2]^3*Z[3]*Z[7]^2*Z[8]*Z[9] + 36*Z[1]^2*Z[2]^3*Z[3]*Z[7]*Z[8]^3 - 1024*Z[1]^2*Z[2]^3*Z[4]*Z[5]*Z[7]*Z[9]^2 + 576*Z[1]^2*Z[2]^3*Z[4]*Z[5]*Z[8]^2*Z[9] + 288*Z[1]^2*Z[2]^3*Z[4]*Z[6]^2*Z[9]^2 - 320*Z[1]^2*Z[2]^3*Z[4]*Z[6]*Z[7]*Z[8]*Z[9] + 36*Z[1]^2*Z[2]^3*Z[4]*Z[6]*Z[8]^3 + 128*Z[1]^2*Z[2]^3*Z[4]*Z[7]^3*Z[9] - 24*Z[1]^2*Z[2]^3*Z[4]*Z[7]^2*Z[8]^2 + 64*Z[1]^2*Z[2]^2*Z[3]^2*Z[5]*Z[7]*Z[9]^2 + 264*Z[1]^2*Z[2]^2*Z[3]^2*Z[5]*Z[8]^2*Z[9] - 504*Z[1]^2*Z[2]^2*Z[3]^2*Z[6]^2*Z[9]^2 + 56*Z[1]^2*Z[2]^2*Z[3]^2*Z[6]*Z[7]*Z[8]*Z[9] - 30*Z[1]^2*Z[2]^2*Z[3]^2*Z[6]*Z[8]^3 + 48*Z[1]^2*Z[2]^2*Z[3]^2*Z[7]^3*Z[9] - 8*Z[1]^2*Z[2]^2*Z[3]^2*Z[7]^2*Z[8]^2 + 384*Z[1]^2*Z[2]^2*Z[3]*Z[4]*Z[5]*Z[6]*Z[9]^2 + 512*Z[1]^2*Z[2]^2*Z[3]*Z[4]*Z[5]*Z[7]*Z[8]*Z[9] - 360*Z[1]^2*Z[2]^2*Z[3]*Z[4]*Z[5]*Z[8]^3 + 192*Z[1]^2*Z[2]^2*Z[3]*Z[4]*Z[6]^2*Z[8]*Z[9] - 256*Z[1]^2*Z[2]^2*Z[3]*Z[4]*Z[6]*Z[7]^2*Z[9] + 124*Z[1]^2*Z[2]^2*Z[3]*Z[4]*Z[6]*Z[7]*Z[8]^2 - 16*Z[1]^2*Z[2]^2*Z[3]*Z[4]*Z[7]^3*Z[8] + 1792*Z[1]^2*Z[2]^2*Z[4]^2*Z[5]^2*Z[9]^2 - 1088*Z[1]^2*Z[2]^2*Z[4]^2*Z[5]*Z[6]*Z[8]*Z[9] - 128*Z[1]^2*Z[2]^2*Z[4]^2*Z[5]*Z[7]^2*Z[9] + 240*Z[1]^2*Z[2]^2*Z[4]^2*Z[5]*Z[7]*Z[8]^2 + 240*Z[1]^2*Z[2]^2*Z[4]^2*Z[6]^2*Z[7]*Z[9] - 2*Z[1]^2*Z[2]^2*Z[4]^2*Z[6]^2*Z[8]^2 - 80*Z[1]^2*Z[2]^2*Z[4]^2*Z[6]*Z[7]^2*Z[8] + 16*Z[1]^2*Z[2]^2*Z[4]^2*Z[7]^4 + 576*Z[1]^2*Z[2]*Z[3]^3*Z[5]*Z[6]*Z[9]^2 - 320*Z[1]^2*Z[2]*Z[3]^3*Z[5]*Z[7]*Z[8]*Z[9] + 36*Z[1]^2*Z[2]*Z[3]^3*Z[5]*Z[8]^3 + 108*Z[1]^2*Z[2]*Z[3]^3*Z[6]^2*Z[8]*Z[9] - 48*Z[1]^2*Z[2]*Z[3]^3*Z[6]*Z[7]^2*Z[9] + 8*Z[1]^2*Z[2]*Z[3]^3*Z[6]*Z[7]*Z[8]^2 - 1280*Z[1]^2*Z[2]*Z[3]^2*Z[4]*Z[5]^2*Z[9]^2 - 416*Z[1]^2*Z[2]*Z[3]^2*Z[4]*Z[5]*Z[6]*Z[8]*Z[9] + 64*Z[1]^2*Z[2]*Z[3]^2*Z[4]*Z[5]*Z[7]^2*Z[9] + 168*Z[1]^2*Z[2]*Z[3]^2*Z[4]*Z[5]*Z[7]*Z[8]^2 + 168*Z[1]^2*Z[2]*Z[3]^2*Z[4]*Z[6]^2*Z[7]*Z[9] - 140*Z[1]^2*Z[2]*Z[3]^2*Z[4]*Z[6]^2*Z[8]^2 + 16*Z[1]^2*Z[2]*Z[3]^2*Z[4]*Z[6]*Z[7]^2*Z[8] + 384*Z[1]^2*Z[2]*Z[3]*Z[4]^2*Z[5]^2*Z[8]*Z[9] + 512*Z[1]^2*Z[2]*Z[3]*Z[4]^2*Z[5]*Z[6]*Z[7]*Z[9] + 192*Z[1]^2*Z[2]*Z[3]*Z[4]^2*Z[5]*Z[6]*Z[8]^2 - 256*Z[1]^2*Z[2]*Z[3]*Z[4]^2*Z[5]*Z[7]^2*Z[8] - 360*Z[1]^2*Z[2]*Z[3]*Z[4]^2*Z[6]^3*Z[9] + 124*Z[1]^2*Z[2]*Z[3]*Z[4]^2*Z[6]^2*Z[7]*Z[8] - 16*Z[1]^2*Z[2]*Z[3]*Z[4]^2*Z[6]*Z[7]^3 - 1024*Z[1]^2*Z[2]*Z[4]^3*Z[5]^2*Z[7]*Z[9] + 288*Z[1]^2*Z[2]*Z[4]^3*Z[5]^2*Z[8]^2 + 576*Z[1]^2*Z[2]*Z[4]^3*Z[5]*Z[6]^2*Z[9] - 320*Z[1]^2*Z[2]*Z[4]^3*Z[5]*Z[6]*Z[7]*Z[8] + 128*Z[1]^2*Z[2]*Z[4]^3*Z[5]*Z[7]^3 + 36*Z[1]^2*Z[2]*Z[4]^3*Z[6]^3*Z[8] - 24*Z[1]^2*Z[2]*Z[4]^3*Z[6]^2*Z[7]^2 - 128*Z[1]^2*Z[3]^4*Z[5]^2*Z[9]^2 - 80*Z[1]^2*Z[3]^4*Z[5]*Z[6]*Z[8]*Z[9] + 96*Z[1]^2*Z[3]^4*Z[5]*Z[7]^2*Z[9] - 12*Z[1]^2*Z[3]^4*Z[5]*Z[7]*Z[8]^2 - 12*Z[1]^2*Z[3]^4*Z[6]^2*Z[7]*Z[9] + Z[1]^2*Z[3]^4*Z[6]^2*Z[8]^2 + 576*Z[1]^2*Z[3]^3*Z[4]*Z[5]^2*Z[8]*Z[9] - 320*Z[1]^2*Z[3]^3*Z[4]*Z[5]*Z[6]*Z[7]*Z[9] + 108*Z[1]^2*Z[3]^3*Z[4]*Z[5]*Z[6]*Z[8]^2 - 48*Z[1]^2*Z[3]^3*Z[4]*Z[5]*Z[7]^2*Z[8] + 36*Z[1]^2*Z[3]^3*Z[4]*Z[6]^3*Z[9] + 8*Z[1]^2*Z[3]^3*Z[4]*Z[6]^2*Z[7]*Z[8] + 64*Z[1]^2*Z[3]^2*Z[4]^2*Z[5]^2*Z[7]*Z[9] - 504*Z[1]^2*Z[3]^2*Z[4]^2*Z[5]^2*Z[8]^2 + 264*Z[1]^2*Z[3]^2*Z[4]^2*Z[5]*Z[6]^2*Z[9] + 56*Z[1]^2*Z[3]^2*Z[4]^2*Z[5]*Z[6]*Z[7]*Z[8] + 48*Z[1]^2*Z[3]^2*Z[4]^2*Z[5]*Z[7]^3 - 30*Z[1]^2*Z[3]^2*Z[4]^2*Z[6]^3*Z[8] - 8*Z[1]^2*Z[3]^2*Z[4]^2*Z[6]^2*Z[7]^2 - 768*Z[1]^2*Z[3]*Z[4]^3*Z[5]^2*Z[6]*Z[9] + 576*Z[1]^2*Z[3]*Z[4]^3*Z[5]^2*Z[7]*Z[8] - 24*Z[1]^2*Z[3]*Z[4]^3*Z[5]*Z[6]^2*Z[8] - 160*Z[1]^2*Z[3]*Z[4]^3*Z[5]*Z[6]*Z[7]^2 + 36*Z[1]^2*Z[3]*Z[4]^3*Z[6]^3*Z[7] + 768*Z[1]^2*Z[4]^4*Z[5]^3*Z[9] - 192*Z[1]^2*Z[4]^4*Z[5]^2*Z[6]*Z[8] - 128*Z[1]^2*Z[4]^4*Z[5]^2*Z[7]^2 + 144*Z[1]^2*Z[4]^4*Z[5]*Z[6]^2*Z[7] - 27*Z[1]^2*Z[4]^4*Z[6]^4 - 256*Z[1]*Z[2]^6*Z[9]^3 + 384*Z[1]*Z[2]^5*Z[3]*Z[8]*Z[9]^2 + 512*Z[1]*Z[2]^5*Z[4]*Z[7]*Z[9]^2 - 288*Z[1]*Z[2]^5*Z[4]*Z[8]^2*Z[9] - 320*Z[1]*Z[2]^4*Z[3]^2*Z[7]*Z[9]^2 - 120*Z[1]*Z[2]^4*Z[3]^2*Z[8]^2*Z[9] - 768*Z[1]*Z[2]^4*Z[3]*Z[4]*Z[6]*Z[9]^2 + 64*Z[1]*Z[2]^4*Z[3]*Z[4]*Z[7]*Z[8]*Z[9] + 144*Z[1]*Z[2]^4*Z[3]*Z[4]*Z[8]^3 - 1280*Z[1]*Z[2]^4*Z[4]^2*Z[5]*Z[9]^2 + 704*Z[1]*Z[2]^4*Z[4]^2*Z[6]*Z[8]*Z[9] - 128*Z[1]*Z[2]^4*Z[4]^2*Z[7]^2*Z[9] - 96*Z[1]*Z[2]^4*Z[4]^2*Z[7]*Z[8]^2 + 288*Z[1]*Z[2]^3*Z[3]^3*Z[6]*Z[9]^2 + 176*Z[1]*Z[2]^3*Z[3]^3*Z[7]*Z[8]*Z[9] - 4*Z[1]*Z[2]^3*Z[3]^3*Z[8]^3 + 1408*Z[1]*Z[2]^3*Z[3]^2*Z[4]*Z[5]*Z[9]^2 - 16*Z[1]*Z[2]^3*Z[3]^2*Z[4]*Z[6]*Z[8]*Z[9] + 32*Z[1]*Z[2]^3*Z[3]^2*Z[4]*Z[7]^2*Z[9] - 184*Z[1]*Z[2]^3*Z[3]^2*Z[4]*Z[7]*Z[8]^2 - 128*Z[1]*Z[2]^3*Z[3]*Z[4]^2*Z[5]*Z[8]*Z[9] - 320*Z[1]*Z[2]^3*Z[3]*Z[4]^2*Z[6]*Z[7]*Z[9] - 208*Z[1]*Z[2]^3*Z[3]*Z[4]^2*Z[6]*Z[8]^2 + 256*Z[1]*Z[2]^3*Z[3]*Z[4]^2*Z[7]^2*Z[8] + 1536*Z[1]*Z[2]^3*Z[4]^3*Z[5]*Z[7]*Z[9] - 544*Z[1]*Z[2]^3*Z[4]^3*Z[5]*Z[8]^2 - 544*Z[1]*Z[2]^3*Z[4]^3*Z[6]^2*Z[9] + 320*Z[1]*Z[2]^3*Z[4]^3*Z[6]*Z[7]*Z[8] - 128*Z[1]*Z[2]^3*Z[4]^3*Z[7]^3 - 320*Z[1]*Z[2]^2*Z[3]^4*Z[5]*Z[9]^2 - 136*Z[1]*Z[2]^2*Z[3]^4*Z[6]*Z[8]*Z[9] - 48*Z[1]*Z[2]^2*Z[3]^4*Z[7]^2*Z[9] + 4*Z[1]*Z[2]^2*Z[3]^4*Z[7]*Z[8]^2 - 416*Z[1]*Z[2]^2*Z[3]^3*Z[4]*Z[5]*Z[8]*Z[9] + 80*Z[1]*Z[2]^2*Z[3]^3*Z[4]*Z[6]*Z[7]*Z[9] + 164*Z[1]*Z[2]^2*Z[3]^3*Z[4]*Z[6]*Z[8]^2 + 32*Z[1]*Z[2]^2*Z[3]^3*Z[4]*Z[7]^2*Z[8] - 768*Z[1]*Z[2]^2*Z[3]^2*Z[4]^2*Z[5]*Z[7]*Z[9] + 648*Z[1]*Z[2]^2*Z[3]^2*Z[4]^2*Z[5]*Z[8]^2 + 648*Z[1]*Z[2]^2*Z[3]^2*Z[4]^2*Z[6]^2*Z[9] - 336*Z[1]*Z[2]^2*Z[3]^2*Z[4]^2*Z[6]*Z[7]*Z[8] - 32*Z[1]*Z[2]^2*Z[3]^2*Z[4]^2*Z[7]^3 - 128*Z[1]*Z[2]^2*Z[3]*Z[4]^3*Z[5]*Z[6]*Z[9] - 320*Z[1]*Z[2]^2*Z[3]*Z[4]^3*Z[5]*Z[7]*Z[8] - 208*Z[1]*Z[2]^2*Z[3]*Z[4]^3*Z[6]^2*Z[8] + 256*Z[1]*Z[2]^2*Z[3]*Z[4]^3*Z[6]*Z[7]^2 - 1280*Z[1]*Z[2]^2*Z[4]^4*Z[5]^2*Z[9] + 704*Z[1]*Z[2]^2*Z[4]^4*Z[5]*Z[6]*Z[8] - 128*Z[1]*Z[2]^2*Z[4]^4*Z[5]*Z[7]^2 - 96*Z[1]*Z[2]^2*Z[4]^4*Z[6]^2*Z[7] + 160*Z[1]*Z[2]*Z[3]^5*Z[5]*Z[8]*Z[9] + 48*Z[1]*Z[2]*Z[3]^5*Z[6]*Z[7]*Z[9] - 4*Z[1]*Z[2]*Z[3]^5*Z[6]*Z[8]^2 + 256*Z[1]*Z[2]*Z[3]^4*Z[4]*Z[5]*Z[7]*Z[9] - 192*Z[1]*Z[2]*Z[3]^4*Z[4]*Z[5]*Z[8]^2 - 192*Z[1]*Z[2]*Z[3]^4*Z[4]*Z[6]^2*Z[9] - 32*Z[1]*Z[2]*Z[3]^4*Z[4]*Z[6]*Z[7]*Z[8] - 416*Z[1]*Z[2]*Z[3]^3*Z[4]^2*Z[5]*Z[6]*Z[9] + 80*Z[1]*Z[2]*Z[3]^3*Z[4]^2*Z[5]*Z[7]*Z[8] + 164*Z[1]*Z[2]*Z[3]^3*Z[4]^2*Z[6]^2*Z[8] + 32*Z[1]*Z[2]*Z[3]^3*Z[4]^2*Z[6]*Z[7]^2 + 1408*Z[1]*Z[2]*Z[3]^2*Z[4]^3*Z[5]^2*Z[9] - 16*Z[1]*Z[2]*Z[3]^2*Z[4]^3*Z[5]*Z[6]*Z[8] + 32*Z[1]*Z[2]*Z[3]^2*Z[4]^3*Z[5]*Z[7]^2 - 184*Z[1]*Z[2]*Z[3]^2*Z[4]^3*Z[6]^2*Z[7] - 768*Z[1]*Z[2]*Z[3]*Z[4]^4*Z[5]^2*Z[8] + 64*Z[1]*Z[2]*Z[3]*Z[4]^4*Z[5]*Z[6]*Z[7] + 144*Z[1]*Z[2]*Z[3]*Z[4]^4*Z[6]^3 + 512*Z[1]*Z[2]*Z[4]^5*Z[5]^2*Z[7] - 288*Z[1]*Z[2]*Z[4]^5*Z[5]*Z[6]^2 - 64*Z[1]*Z[3]^6*Z[5]*Z[7]*Z[9] + 4*Z[1]*Z[3]^6*Z[5]*Z[8]^2 + 4*Z[1]*Z[3]^6*Z[6]^2*Z[9] + 160*Z[1]*Z[3]^5*Z[4]*Z[5]*Z[6]*Z[9] + 48*Z[1]*Z[3]^5*Z[4]*Z[5]*Z[7]*Z[8] - 4*Z[1]*Z[3]^5*Z[4]*Z[6]^2*Z[8] - 320*Z[1]*Z[3]^4*Z[4]^2*Z[5]^2*Z[9] - 136*Z[1]*Z[3]^4*Z[4]^2*Z[5]*Z[6]*Z[8] - 48*Z[1]*Z[3]^4*Z[4]^2*Z[5]*Z[7]^2 + 4*Z[1]*Z[3]^4*Z[4]^2*Z[6]^2*Z[7] + 288*Z[1]*Z[3]^3*Z[4]^3*Z[5]^2*Z[8] + 176*Z[1]*Z[3]^3*Z[4]^3*Z[5]*Z[6]*Z[7] - 4*Z[1]*Z[3]^3*Z[4]^3*Z[6]^3 - 320*Z[1]*Z[3]^2*Z[4]^4*Z[5]^2*Z[7] - 120*Z[1]*Z[3]^2*Z[4]^4*Z[5]*Z[6]^2 + 384*Z[1]*Z[3]*Z[4]^5*Z[5]^2*Z[6] - 256*Z[1]*Z[4]^6*Z[5]^3 + 256*Z[2]^6*Z[4]^2*Z[9]^2 - 128*Z[2]^5*Z[3]^2*Z[4]*Z[9]^2 - 256*Z[2]^5*Z[3]*Z[4]^2*Z[8]*Z[9] - 512*Z[2]^5*Z[4]^3*Z[7]*Z[9] + 256*Z[2]^5*Z[4]^3*Z[8]^2 + 16*Z[2]^4*Z[3]^4*Z[9]^2 + 128*Z[2]^4*Z[3]^3*Z[4]*Z[8]*Z[9] + 512*Z[2]^4*Z[3]^2*Z[4]^2*Z[7]*Z[9] - 128*Z[2]^4*Z[3]^2*Z[4]^2*Z[8]^2 + 768*Z[2]^4*Z[3]*Z[4]^3*Z[6]*Z[9] - 256*Z[2]^4*Z[3]*Z[4]^3*Z[7]*Z[8] + 512*Z[2]^4*Z[4]^4*Z[5]*Z[9] - 512*Z[2]^4*Z[4]^4*Z[6]*Z[8] + 256*Z[2]^4*Z[4]^4*Z[7]^2 - 16*Z[2]^3*Z[3]^5*Z[8]*Z[9] - 160*Z[2]^3*Z[3]^4*Z[4]*Z[7]*Z[9] + 16*Z[2]^3*Z[3]^4*Z[4]*Z[8]^2 - 640*Z[2]^3*Z[3]^3*Z[4]^2*Z[6]*Z[9] + 128*Z[2]^3*Z[3]^3*Z[4]^2*Z[7]*Z[8] - 1280*Z[2]^3*Z[3]^2*Z[4]^3*Z[5]*Z[9] + 512*Z[2]^3*Z[3]^2*Z[4]^3*Z[6]*Z[8] - 128*Z[2]^3*Z[3]^2*Z[4]^3*Z[7]^2 + 768*Z[2]^3*Z[3]*Z[4]^4*Z[5]*Z[8] - 256*Z[2]^3*Z[3]*Z[4]^4*Z[6]*Z[7] - 512*Z[2]^3*Z[4]^5*Z[5]*Z[7] + 256*Z[2]^3*Z[4]^5*Z[6]^2 + 16*Z[2]^2*Z[3]^6*Z[7]*Z[9] + 176*Z[2]^2*Z[3]^5*Z[4]*Z[6]*Z[9] - 16*Z[2]^2*Z[3]^5*Z[4]*Z[7]*Z[8] + 800*Z[2]^2*Z[3]^4*Z[4]^2*Z[5]*Z[9] - 160*Z[2]^2*Z[3]^4*Z[4]^2*Z[6]*Z[8] + 16*Z[2]^2*Z[3]^4*Z[4]^2*Z[7]^2 - 640*Z[2]^2*Z[3]^3*Z[4]^3*Z[5]*Z[8] + 128*Z[2]^2*Z[3]^3*Z[4]^3*Z[6]*Z[7] + 512*Z[2]^2*Z[3]^2*Z[4]^4*Z[5]*Z[7] - 128*Z[2]^2*Z[3]^2*Z[4]^4*Z[6]^2 - 256*Z[2]^2*Z[3]*Z[4]^5*Z[5]*Z[6] + 256*Z[2]^2*Z[4]^6*Z[5]^2 - 16*Z[2]*Z[3]^7*Z[6]*Z[9] - 192*Z[2]*Z[3]^6*Z[4]*Z[5]*Z[9] + 16*Z[2]*Z[3]^6*Z[4]*Z[6]*Z[8] + 176*Z[2]*Z[3]^5*Z[4]^2*Z[5]*Z[8] - 16*Z[2]*Z[3]^5*Z[4]^2*Z[6]*Z[7] - 160*Z[2]*Z[3]^4*Z[4]^3*Z[5]*Z[7] + 16*Z[2]*Z[3]^4*Z[4]^3*Z[6]^2 + 128*Z[2]*Z[3]^3*Z[4]^4*Z[5]*Z[6] - 128*Z[2]*Z[3]^2*Z[4]^5*Z[5]^2 + 16*Z[3]^8*Z[5]*Z[9] - 16*Z[3]^7*Z[4]*Z[5]*Z[8] + 16*Z[3]^6*Z[4]^2*Z[5]*Z[7] - 16*Z[3]^5*Z[4]^3*Z[5]*Z[6] + 16*Z[3]^4*Z[4]^4*Z[5]^2
4096*Z[0]^4*Z[5]^3*Z[9]^3 - 3072*Z[0]^4*Z[5]^2*Z[6]*Z[8]*Z[9]^2 - 2048*Z[0]^4*Z[5]^2*Z[7]^2*Z[9]^2 + 2304*Z[0]^4*Z[5]^2*Z[7]*Z[8]^2*Z[9] - 432*Z[0]^4*Z[5]^2*Z[8]^4 + 2304*Z[0]^4*Z[5]*Z[6]^2*Z[7]*Z[9]^2 - 96*Z[0]^4*Z[5]*Z[6]^2*Z[8]^2*Z[9] - 1280*Z[0]^4*Z[5]*Z[6]*Z[7]^2*Z[8]*Z[9] + 288*Z[0]^4*Z[5]*Z[6]*Z[7]*Z[8]^3 + 256*Z[0]^4*Z[5]*Z[7]^4*Z[9] - 64*Z[0]^4*Z[5]*Z[7]^3*Z[8]^2 - 432*Z[0]^4*Z[6]^4*Z[9]^2 + 288*Z[0]^4*Z[6]^3*Z[7]*Z[8]*Z[9] - 64*Z[0]^4*Z[6]^3*Z[8]^3 - 64*Z[0]^4*Z[6]^2*Z[7]^3*Z[9] + 16*Z[0]^4*Z[6]^2*Z[7]^2*Z[8]^2 - 3072*Z[0]^3*Z[2]^2*Z[5]^2*Z[9]^3 + 1536*Z[0]^3*Z[2]^2*Z[5]*Z[6]*Z[8]*Z[9]^2 + 1024*Z[0]^3*Z[2]^2*Z[5]*Z[7]^2*Z[9]^2 - 1152*Z[0]^3*Z[2]^2*Z[5]*Z[7]*Z[8]^2*Z[9] + 216*Z[0]^3*Z[2]^2*Z[5]*Z[8]^4 - 576*Z[0]^3*Z[2]^2*Z[6]^2*Z[7]*Z[9]^2 + 24*Z[0]^3*Z[2]^2*Z[6]^2*Z[8]^2*Z[9] + 320*Z[0]^3*Z[2]^2*Z[6]*Z[7]^2*Z[8]*Z[9] - 72*Z[0]^3*Z[2]^2*Z[6]*Z[7]*Z[8]^3 - 64*Z[0]^3*Z[2]^2*Z[7]^4*Z[9] + 16*Z[0]^3*Z[2]^2*Z[7]^3*Z[8]^2 + 1536*Z[0]^3*Z[2]*Z[3]*Z[5]^2*Z[8]*Z[9]^2 - 2304*Z[0]^3*Z[2]*Z[3]*Z[5]*Z[6]*Z[7]*Z[9]^2 + 96*Z[0]^3*Z[2]*Z[3]*Z[5]*Z[6]*Z[8]^2*Z[9] + 640*Z[0]^3*Z[2]*Z[3]*Z[5]*Z[7]^2*Z[8]*Z[9] - 144*Z[0]^3*Z[2]*Z[3]*Z[5]*Z[7]*Z[8]^3 + 864*Z[0]^3*Z[2]*Z[3]*Z[6]^3*Z[9]^2 - 432*Z[0]^3*Z[2]*Z[3]*Z[6]^2*Z[7]*Z[8]*Z[9] + 96*Z[0]^3*Z[2]*Z[3]*Z[6]^2*Z[8]^3 + 64*Z[0]^3*Z[2]*Z[3]*Z[6]*Z[7]^3*Z[9] - 16*Z[0]^3*Z[2]*Z[3]*Z[6]*Z[7]^2*Z[8]^2 + 2048*Z[0]^3*Z[2]*Z[4]*Z[5]^2*Z[7]*Z[9]^2 - 1152*Z[0]^3*Z[2]*Z[4]*Z[5]^2*Z[8]^2*Z[9] - 1152*Z[0]^3*Z[2]*Z[4]*Z[5]*Z[6]^2*Z[9]^2 + 1280*Z[0]^3*Z[2]*Z[4]*Z[5]*Z[6]*Z[7]*Z[8]*Z[9] - 144*Z[0]^3*Z[2]*Z[4]*Z[5]*Z[6]*Z[8]^3 - 512*Z[0]^3*Z[2]*Z[4]*Z[5]*Z[7]^3*Z[9] + 96*Z[0]^3*Z[2]*Z[4]*Z[5]*Z[7]^2*Z[8]^2 - 144*Z[0]^3*Z[2]*Z[4]*Z[6]^3*Z[8]*Z[9] + 96*Z[0]^3*Z[2]*Z[4]*Z[6]^2*Z[7]^2*Z[9] - 16*Z[0]^3*Z[2]*Z[4]*Z[6]^2*Z[7]*Z[8]^2 + 1024*Z[0]^3*Z[3]^2*Z[5]^2*Z[7]*Z[9]^2 - 576*Z[0]^3*Z[3]^2*Z[5]^2*Z[8]^2*Z[9] - 576*Z[0]^3*Z[3]^2*Z[5]*Z[6]^2*Z[9]^2 + 640*Z[0]^3*Z[3]^2*Z[5]*Z[6]*Z[7]*Z[8]*Z[9] - 72*Z[0]^3*Z[3]^2*Z[5]*Z[6]*Z[8]^3 - 256*Z[0]^3*Z[3]^2*Z[5]*Z[7]^3*Z[9] + 48*Z[0]^3*Z[3]^2*Z[5]*Z[7]^2*Z[8]^2 - 72*Z[0]^3*Z[3]^2*Z[6]^3*Z[8]*Z[9] + 48*Z[0]^3*Z[3]^2*Z[6]^2*Z[7]^2*Z[9] - 8*Z[0]^3*Z[3]^2*Z[6]^2*Z[7]*Z[8]^2 + 1536*Z[0]^3*Z[3]*Z[4]*Z[5]^2*Z[6]*Z[9]^2 - 2304*Z[0]^3*Z[3]*Z[4]*Z[5]^2*Z[7]*Z[8]*Z[9] + 864*Z[0]^3*Z[3]*Z[4]*Z[5]^2*Z[8]^3 + 96*Z[0]^3*Z[3]*Z[4]*Z[5]*Z[6]^2*Z[8]*Z[9] + 640*Z[0]^3*Z[3]*Z[4]*Z[5]*Z[6]*Z[7]^2*Z[9] - 432*Z[0]^3*Z[3]*Z[4]*Z[5]*Z[6]*Z[7]*Z[8]^2 + 64*Z[0]^3*Z[3]*Z[4]*Z[5]*Z[7]^3*Z[8] - 144*Z[0]^3*Z[3]*Z[4]*Z[6]^3*Z[7]*Z[9] + 96*Z[0]^3*Z[3]*Z[4]*Z[6]^3*Z[8]^2 - 16*Z[0]^3*Z[3]*Z[4]*Z[6]^2*Z[7]^2*Z[8] - 3072*Z[0]^3*Z[4]^2*Z[5]^3*Z[9]^2 + 1536*Z[0]^3*Z[4]^2*Z[5]^2*Z[6]*Z[8]*Z[9] + 1024*Z[0]^3*Z[4]^2*Z[5]^2*Z[7]^2*Z[9] - 576*Z[0]^3*Z[4]^2*Z[5]^2*Z[7]*Z[8]^2 - 1152*Z[0]^3*Z[4]^2*Z[5]*Z[6]^2*Z[7]*Z[9] + 24*Z[0]^3*Z[4]^2*Z[5]*Z[6]^2*Z[8]^2 + 320*Z[0]^3*Z[4]^2*Z[5]*Z[6]*Z[7]^2*Z[8] - 64*Z[0]^3*Z[4]^2*Z[5]*Z[7]^4 + 216*Z[0]^3*Z[4]^2*Z[6]^4*Z[9] - 72*Z[0]^3*Z[4]^2*Z[6]^3*Z[7]*Z[8] + 16*Z[0]^3*Z[4]^2*Z[6]^2*Z[7]^3 + 768*Z[0]^2*Z[2]^4*Z[5]*Z[9]^3 - 192*Z[0]^2*Z[2]^4*Z[6]*Z[8]*Z[9]^2 - 128*Z[0]^2*Z[2]^4*Z[7]^2*Z[9]^2 + 144*Z[0]^2*Z[2]^4*Z[7]*Z[8]^2*Z[9] - 27*Z[0]^2*Z[2]^4*Z[8]^4 - 768*Z[0]^2*Z[2]^3*Z[3]*Z[5]*Z[8]*Z[9]^2 + 576*Z[0]^2*Z[2]^3*Z[3]*Z[6]*Z[7]*Z[9]^2 - 24*Z[0]^2*Z[2]^3*Z[3]*Z[6]*Z[8]^2*Z[9] - 160*Z[0]^2*Z[2]^3*Z[3]*Z[7]^2*Z[8]*Z[9] + 36*Z[0]^2*Z[2]^3*Z[3]*Z[7]*Z[8]^3 - 1024*Z[0]^2*Z[2]^3*Z[4]*Z[5]*Z[7]*Z[9]^2 + 576*Z[0]^2*Z[2]^3*Z[4]*Z[5]*Z[8]^2*Z[9] + 288*Z[0]^2*Z[2]^3*Z[4]*Z[6]^2*Z[9]^2 - 320*Z[0]^2*Z[2]^3*Z[4]*Z[6]*Z[7]*Z[8]*Z[9] + 36*Z[0]^2*Z[2]^3*Z[4]*Z[6]*Z[8]^3 + 128*Z[0]^2*Z[2]^3*Z[4]*Z[7]^3*Z[9] - 24*Z[0]^2*Z[2]^3*Z[4]*Z[7]^2*Z[8]^2 + 64*Z[0]^2*Z[2]^2*Z[3]^2*Z[5]*Z[7]*Z[9]^2 + 264*Z[0]^2*Z[2]^2*Z[3]^2*Z[5]*Z[8]^2*Z[9] - 504*Z[0]^2*Z[2]^2*Z[3]^2*Z[6]^2*Z[9]^2 + 56*Z[0]^2*Z[2]^2*Z[3]^2*Z[6]*Z[7]*Z[8]*Z[9] - 30*Z[0]^2*Z[2]^2*Z[3]^2*Z[6]*Z[8]^3 + 48*Z[0]^2*Z[2]^2*Z[3]^2*Z[7]^3*Z[9] - 8*Z[0]^2*Z[2]^2*Z[3]^2*Z[7]^2*Z[8]^2 + 384*Z[0]^2*Z[2]^2*Z[3]*Z[4]*Z[5]*Z[6]*Z[9]^2 + 512*Z[0]^2*Z[2]^2*Z[3]*Z[4]*Z[5]*Z[7]*Z[8]*Z[9] - 360*Z[0]^2*Z[2]^2*Z[3]*Z[4]*Z[5]*Z[8]^3 + 192*Z[0]^2*Z[2]^2*Z[3]*Z[4]*Z[6]^2*Z[8]*Z[9] - 256*Z[0]^2*Z[2]^2*Z[3]*Z[4]*Z[6]*Z[7]^2*Z[9] + 124*Z[0]^2*Z[2]^2*Z[3]*Z[4]*Z[6]*Z[7]*Z[8]^2 - 16*Z[0]^2*Z[2]^2*Z[3]*Z[4]*Z[7]^3*Z[8] + 1792*Z[0]^2*Z[2]^2*Z[4]^2*Z[5]^2*Z[9]^2 - 1088*Z[0]^2*Z[2]^2*Z[4]^2*Z[5]*Z[6]*Z[8]*Z[9] - 128*Z[0]^2*Z[2]^2*Z[4]^2*Z[5]*Z[7]^2*Z[9] + 240*Z[0]^2*Z[2]^2*Z[4]^2*Z[5]*Z[7]*Z[8]^2 + 240*Z[0]^2*Z[2]^2*Z[4]^2*Z[6]^2*Z[7]*Z[9] - 2*Z[0]^2*Z[2]^2*Z[4]^2*Z[6]^2*Z[8]^2 - 80*Z[0]^2*Z[2]^2*Z[4]^2*Z[6]*Z[7]^2*Z[8] + 16*Z[0]^2*Z[2]^2*Z[4]^2*Z[7]^4 + 576*Z[0]^2*Z[2]*Z[3]^3*Z[5]*Z[6]*Z[9]^2 - 320*Z[0]^2*Z[2]*Z[3]^3*Z[5]*Z[7]*Z[8]*Z[9] + 36*Z[0]^2*Z[2]*Z[3]^3*Z[5]*Z[8]^3 + 108*Z[0]^2*Z[2]*Z[3]^3*Z[6]^2*Z[8]*Z[9] - 48*Z[0]^2*Z[2]*Z[3]^3*Z[6]*Z[7]^2*Z[9] + 8*Z[0]^2*Z[2]*Z[3]^3*Z[6]*Z[7]*Z[8]^2 - 1280*Z[0]^2*Z[2]*Z[3]^2*Z[4]*Z[5]^2*Z[9]^2 - 416*Z[0]^2*Z[2]*Z[3]^2*Z[4]*Z[5]*Z[6]*Z[8]*Z[9] + 64*Z[0]^2*Z[2]*Z[3]^2*Z[4]*Z[5]*Z[7]^2*Z[9] + 168*Z[0]^2*Z[2]*Z[3]^2*Z[4]*Z[5]*Z[7]*Z[8]^2 + 168*Z[0]^2*Z[2]*Z[3]^2*Z[4]*Z[6]^2*Z[7]*Z[9] - 140*Z[0]^2*Z[2]*Z[3]^2*Z[4]*Z[6]^2*Z[8]^2 + 16*Z[0]^2*Z[2]*Z[3]^2*Z[4]*Z[6]*Z[7]^2*Z[8] + 384*Z[0]^2*Z[2]*Z[3]*Z[4]^2*Z[5]^2*Z[8]*Z[9] + 512*Z[0]^2*Z[2]*Z[3]*Z[4]^2*Z[5]*Z[6]*Z[7]*Z[9] + 192*Z[0]^2*Z[2]*Z[3]*Z[4]^2*Z[5]*Z[6]*Z[8]^2 - 256*Z[0]^2*Z[2]*Z[3]*Z[4]^2*Z[5]*Z[7]^2*Z[8] - 360*Z[0]^2*Z[2]*Z[3]*Z[4]^2*Z[6]^3*Z[9] + 124*Z[0]^2*Z[2]*Z[3]*Z[4]^2*Z[6]^2*Z[7]*Z[8] - 16*Z[0]^2*Z[2]*Z[3]*Z[4]^2*Z[6]*Z[7]^3 - 1024*Z[0]^2*Z[2]*Z[4]^3*Z[5]^2*Z[7]*Z[9] + 288*Z[0]^2*Z[2]*Z[4]^3*Z[5]^2*Z[8]^2 + 576*Z[0]^2*Z[2]*Z[4]^3*Z[5]*Z[6]^2*Z[9] - 320*Z[0]^2*Z[2]*Z[4]^3*Z[5]*Z[6]*Z[7]*Z[8] + 128*Z[0]^2*Z[2]*Z[4]^3*Z[5]*Z[7]^3 + 36*Z[0]^2*Z[2]*Z[4]^3*Z[6]^3*Z[8] - 24*Z[0]^2*Z[2]*Z[4]^3*Z[6]^2*Z[7]^2 - 128*Z[0]^2*Z[3]^4*Z[5]^2*Z[9]^2 - 80*Z[0]^2*Z[3]^4*Z[5]*Z[6]*Z[8]*Z[9] + 96*Z[0]^2*Z[3]^4*Z[5]*Z[7]^2*Z[9] - 12*Z[0]^2*Z[3]^4*Z[5]*Z[7]*Z[8]^2 - 12*Z[0]^2*Z[3]^4*Z[6]^2*Z[7]*Z[9] + Z[0]^2*Z[3]^4*Z[6]^2*Z[8]^2 + 576*Z[0]^2*Z[3]^3*Z[4]*Z[5]^2*Z[8]*Z[9] - 320*Z[0]^2*Z[3]^3*Z[4]*Z[5]*Z[6]*Z[7]*Z[9] + 108*Z[0]^2*Z[3]^3*Z[4]*Z[5]*Z[6]*Z[8]^2 - 48*Z[0]^2*Z[3]^3*Z[4]*Z[5]*Z[7]^2*Z[8] + 36*Z[0]^2*Z[3]^3*Z[4]*Z[6]^3*Z[9] + 8*Z[0]^2*Z[3]^3*Z[4]*Z[6]^2*Z[7]*Z[8] + 64*Z[0]^2*Z[3]^2*Z[4]^2*Z[5]^2*Z[7]*Z[9] - 504*Z[0]^2*Z[3]^2*Z[4]^2*Z[5]^2*Z[8]^2 + 264*Z[0]^2*Z[3]^2*Z[4]^2*Z[5]*Z[6]^2*Z[9] + 56*Z[0]^2*Z[3]^2*Z[4]^2*Z[5]*Z[6]*Z[7]*Z[8] + 48*Z[0]^2*Z[3]^2*Z[4]^2*Z[5]*Z[7]^3 - 30*Z[0]^2*Z[3]^2*Z[4]^2*Z[6]^3*Z[8] - 8*Z[0]^2*Z[3]^2*Z[4]^2*Z[6]^2*Z[7]^2 - 768*Z[0]^2*Z[3]*Z[4]^3*Z[5]^2*Z[6]*Z[9] + 576*Z[0]^2*Z[3]*Z[4]^3*Z[5]^2*Z[7]*Z[8] - 24*Z[0]^2*Z[3]*Z[4]^3*Z[5]*Z[6]^2*Z[8] - 160*Z[0]^2*Z[3]*Z[4]^3*Z[5]*Z[6]*Z[7]^2 + 36*Z[0]^2*Z[3]*Z[4]^3*Z[6]^3*Z[7] + 768*Z[0]^2*Z[4]^4*Z[5]^3*Z[9] - 192*Z[0]^2*Z[4]^4*Z[5]^2*Z[6]*Z[8] - 128*Z[0]^2*Z[4]^4*Z[5]^2*Z[7]^2 + 144*Z[0]^2*Z[4]^4*Z[5]*Z[6]^2*Z[7] - 27*Z[0]^2*Z[4]^4*Z[6]^4 - 64*Z[0]*Z[2]^6*Z[9]^3 + 96*Z[0]*Z[2]^5*Z[3]*Z[8]*Z[9]^2 + 128*Z[0]*Z[2]^5*Z[4]*Z[7]*Z[9]^2 - 72*Z[0]*Z[2]^5*Z[4]*Z[8]^2*Z[9] - 80*Z[0]*Z[2]^4*Z[3]^2*Z[7]*Z[9]^2 - 30*Z[0]*Z[2]^4*Z[3]^2*Z[8]^2*Z[9] - 192*Z[0]*Z[2]^4*Z[3]*Z[4]*Z[6]*Z[9]^2 + 16*Z[0]*Z[2]^4*Z[3]*Z[4]*Z[7]*Z[8]*Z[9] + 36*Z[0]*Z[2]^4*Z[3]*Z[4]*Z[8]^3 - 320*Z[0]*Z[2]^4*Z[4]^2*Z[5]*Z[9]^2 + 176*Z[0]*Z[2]^4*Z[4]^2*Z[6]*Z[8]*Z[9] - 32*Z[0]*Z[2]^4*Z[4]^2*Z[7]^2*Z[9] - 24*Z[0]*Z[2]^4*Z[4]^2*Z[7]*Z[8]^2 + 72*Z[0]*Z[2]^3*Z[3]^3*Z[6]*Z[9]^2 + 44*Z[0]*Z[2]^3*Z[3]^3*Z[7]*Z[8]*Z[9] - Z[0]*Z[2]^3*Z[3]^3*Z[8]^3 + 352*Z[0]*Z[2]^3*Z[3]^2*Z[4]*Z[5]*Z[9]^2 - 4*Z[0]*Z[2]^3*Z[3]^2*Z[4]*Z[6]*Z[8]*Z[9] + 8*Z[0]*Z[2]^3*Z[3]^2*Z[4]*Z[7]^2*Z[9] - 46*Z[0]*Z[2]^3*Z[3]^2*Z[4]*Z[7]*Z[8]^2 - 32*Z[0]*Z[2]^3*Z[3]*Z[4]^2*Z[5]*Z[8]*Z[9] - 80*Z[0]*Z[2]^3*Z[3]*Z[4]^2*Z[6]*Z[7]*Z[9] - 52*Z[0]*Z[2]^3*Z[3]*Z[4]^2*Z[6]*Z[8]^2 + 64*Z[0]*Z[2]^3*Z[3]*Z[4]^2*Z[7]^2*Z[8] + 384*Z[0]*Z[2]^3*Z[4]^3*Z[5]*Z[7]*Z[9] - 136*Z[0]*Z[2]^3*Z[4]^3*Z[5]*Z[8]^2 - 136*Z[0]*Z[2]^3*Z[4]^3*Z[6]^2*Z[9] + 80*Z[0]*Z[2]^3*Z[4]^3*Z[6]*Z[7]*Z[8] - 32*Z[0]*Z[2]^3*Z[4]^3*Z[7]^3 - 80*Z[0]*Z[2]^2*Z[3]^4*Z[5]*Z[9]^2 - 34*Z[0]*Z[2]^2*Z[3]^4*Z[6]*Z[8]*Z[9] - 12*Z[0]*Z[2]^2*Z[3]^4*Z[7]^2*Z[9] + Z[0]*Z[2]^2*Z[3]^4*Z[7]*Z[8]^2 - 104*Z[0]*Z[2]^2*Z[3]^3*Z[4]*Z[5]*Z[8]*Z[9] + 20*Z[0]*Z[2]^2*Z[3]^3*Z[4]*Z[6]*Z[7]*Z[9] + 41*Z[0]*Z[2]^2*Z[3]^3*Z[4]*Z[6]*Z[8]^2 + 8*Z[0]*Z[2]^2*Z[3]^3*Z[4]*Z[7]^2*Z[8] - 192*Z[0]*Z[2]^2*Z[3]^2*Z[4]^2*Z[5]*Z[7]*Z[9] + 162*Z[0]*Z[2]^2*Z[3]^2*Z[4]^2*Z[5]*Z[8]^2 + 162*Z[0]*Z[2]^2*Z[3]^2*Z[4]^2*Z[6]^2*Z[9] - 84*Z[0]*Z[2]^2*Z[3]^2*Z[4]^2*Z[6]*Z[7]*Z[8] - 8*Z[0]*Z[2]^2*Z[3]^2*Z[4]^2*Z[7]^3 - 32*Z[0]*Z[2]^2*Z[3]*Z[4]^3*Z[5]*Z[6]*Z[9] - 80*Z[0]*Z[2]^2*Z[3]*Z[4]^3*Z[5]*Z[7]*Z[8] - 52*Z[0]*Z[2]^2*Z[3]*Z[4]^3*Z[6]^2*Z[8] + 64*Z[0]*Z[2]^2*Z[3]*Z[4]^3*Z[6]*Z[7]^2 - 320*Z[0]*Z[2]^2*Z[4]^4*Z[5]^2*Z[9] + 176*Z[0]*Z[2]^2*Z[4]^4*Z[5]*Z[6]*Z[8] - 32*Z[0]*Z[2]^2*Z[4]^4*Z[5]*Z[7]^2 - 24*Z[0]*Z[2]^2*Z[4]^4*Z[6]^2*Z[7] + 40*Z[0]*Z[2]*Z[3]^5*Z[5]*Z[8]*Z[9] + 12*Z[0]*Z[2]*Z[3]^5*Z[6]*Z[7]*Z[9] - Z[0]*Z[2]*Z[3]^5*Z[6]*Z[8]^2 + 64*Z[0]*Z[2]*Z[3]^4*Z[4]*Z[5]*Z[7]*Z[9] - 48*Z[0]*Z[2]*Z[3]^4*Z[4]*Z[5]*Z[8]^2 - 48*Z[0]*Z[2]*Z[3]^4*Z[4]*Z[6]^2*Z[9] - 8*Z[0]*Z[2]*Z[3]^4*Z[4]*Z[6]*Z[7]*Z[8] - 104*Z[0]*Z[2]*Z[3]^3*Z[4]^2*Z[5]*Z[6]*Z[9] + 20*Z[0]*Z[2]*Z[3]^3*Z[4]^2*Z[5]*Z[7]*Z[8] + 41*Z[0]*Z[2]*Z[3]^3*Z[4]^2*Z[6]^2*Z[8] + 8*Z[0]*Z[2]*Z[3]^3*Z[4]^2*Z[6]*Z[7]^2 + 352*Z[0]*Z[2]*Z[3]^2*Z[4]^3*Z[5]^2*Z[9] - 4*Z[0]*Z[2]*Z[3]^2*Z[4]^3*Z[5]*Z[6]*Z[8] + 8*Z[0]*Z[2]*Z[3]^2*Z[4]^3*Z[5]*Z[7]^2 - 46*Z[0]*Z[2]*Z[3]^2*Z[4]^3*Z[6]^2*Z[7] - 192*Z[0]*Z[2]*Z[3]*Z[4]^4*Z[5]^2*Z[8] + 16*Z[0]*Z[2]*Z[3]*Z[4]^4*Z[5]*Z[6]*Z[7] + 36*Z[0]*Z[2]*Z[3]*Z[4]^4*Z[6]^3 + 128*Z[0]*Z[2]*Z[4]^5*Z[5]^2*Z[7] - 72*Z[0]*Z[2]*Z[4]^5*Z[5]*Z[6]^2 - 16*Z[0]*Z[3]^6*Z[5]*Z[7]*Z[9] + Z[0]*Z[3]^6*Z[5]*Z[8]^2 + Z[0]*Z[3]^6*Z[6]^2*Z[9] + 40*Z[0]*Z[3]^5*Z[4]*Z[5]*Z[6]*Z[9] + 12*Z[0]*Z[3]^5*Z[4]*Z[5]*Z[7]*Z[8] - Z[0]*Z[3]^5*Z[4]*Z[6]^2*Z[8] - 80*Z[0]*Z[3]^4*Z[4]^2*Z[5]^2*Z[9] - 34*Z[0]*Z[3]^4*Z[4]^2*Z[5]*Z[6]*Z[8] - 12*Z[0]*Z[3]^4*Z[4]^2*Z[5]*Z[7]^2 + Z[0]*Z[3]^4*Z[4]^2*Z[6]^2*Z[7] + 72*Z[0]*Z[3]^3*Z[4]^3*Z[5]^2*Z[8] + 44*Z[0]*Z[3]^3*Z[4]^3*Z[5]*Z[6]*Z[7] - Z[0]*Z[3]^3*Z[4]^3*Z[6]^3 - 80*Z[0]*Z[3]^2*Z[4]^4*Z[5]^2*Z[7] - 30*Z[0]*Z[3]^2*Z[4]^4*Z[5]*Z[6]^2 + 96*Z[0]*Z[3]*Z[4]^5*Z[5]^2*Z[6] - 64*Z[0]*Z[4]^6*Z[5]^3 + 16*Z[2]^6*Z[4]^2*Z[9]^2 - 8*Z[2]^5*Z[3]^2*Z[4]*Z[9]^2 - 16*Z[2]^5*Z[3]*Z[4]^2*Z[8]*Z[9] - 32*Z[2]^5*Z[4]^3*Z[7]*Z[9] + 16*Z[2]^5*Z[4]^3*Z[8]^2 + Z[2]^4*Z[3]^4*Z[9]^2 + 8*Z[2]^4*Z[3]^3*Z[4]*Z[8]*Z[9] + 32*Z[2]^4*Z[3]^2*Z[4]^2*Z[7]*Z[9] - 8*Z[2]^4*Z[3]^2*Z[4]^2*Z[8]^2 + 48*Z[2]^4*Z[3]*Z[4]^3*Z[6]*Z[9] - 16*Z[2]^4*Z[3]*Z[4]^3*Z[7]*Z[8] + 32*Z[2]^4*Z[4]^4*Z[5]*Z[9] - 32*Z[2]^4*Z[4]^4*Z[6]*Z[8] + 16*Z[2]^4*Z[4]^4*Z[7]^2 - Z[2]^3*Z[3]^5*Z[8]*Z[9] - 10*Z[2]^3*Z[3]^4*Z[4]*Z[7]*Z[9] + Z[2]^3*Z[3]^4*Z[4]*Z[8]^2 - 40*Z[2]^3*Z[3]^3*Z[4]^2*Z[6]*Z[9] + 8*Z[2]^3*Z[3]^3*Z[4]^2*Z[7]*Z[8] - 80*Z[2]^3*Z[3]^2*Z[4]^3*Z[5]*Z[9] + 32*Z[2]^3*Z[3]^2*Z[4]^3*Z[6]*Z[8] - 8*Z[2]^3*Z[3]^2*Z[4]^3*Z[7]^2 + 48*Z[2]^3*Z[3]*Z[4]^4*Z[5]*Z[8] - 16*Z[2]^3*Z[3]*Z[4]^4*Z[6]*Z[7] - 32*Z[2]^3*Z[4]^5*Z[5]*Z[7] + 16*Z[2]^3*Z[4]^5*Z[6]^2 + Z[2]^2*Z[3]^6*Z[7]*Z[9] + 11*Z[2]^2*Z[3]^5*Z[4]*Z[6]*Z[9] - Z[2]^2*Z[3]^5*Z[4]*Z[7]*Z[8] + 50*Z[2]^2*Z[3]^4*Z[4]^2*Z[5]*Z[9] - 10*Z[2]^2*Z[3]^4*Z[4]^2*Z[6]*Z[8] + Z[2]^2*Z[3]^4*Z[4]^2*Z[7]^2 - 40*Z[2]^2*Z[3]^3*Z[4]^3*Z[5]*Z[8] + 8*Z[2]^2*Z[3]^3*Z[4]^3*Z[6]*Z[7] + 32*Z[2]^2*Z[3]^2*Z[4]^4*Z[5]*Z[7] - 8*Z[2]^2*Z[3]^2*Z[4]^4*Z[6]^2 - 16*Z[2]^2*Z[3]*Z[4]^5*Z[5]*Z[6] + 16*Z[2]^2*Z[4]^6*Z[5]^2 - Z[2]*Z[3]^7*Z[6]*Z[9] - 12*Z[2]*Z[3]^6*Z[4]*Z[5]*Z[9] + Z[2]*Z[3]^6*Z[4]*Z[6]*Z[8] + 11*Z[2]*Z[3]^5*Z[4]^2*Z[5]*Z[8] - Z[2]*Z[3]^5*Z[4]^2*Z[6]*Z[7] - 10*Z[2]*Z[3]^4*Z[4]^3*Z[5]*Z[7] + Z[2]*Z[3]^4*Z[4]^3*Z[6]^2 + 8*Z[2]*Z[3]^3*Z[4]^4*Z[5]*Z[6] - 8*Z[2]*Z[3]^2*Z[4]^5*Z[5]^2 + Z[3]^8*Z[5]*Z[9] - Z[3]^7*Z[4]*Z[5]*Z[8] + Z[3]^6*Z[4]^2*Z[5]*Z[7] - Z[3]^5*Z[4]^3*Z[5]*Z[6] + Z[3]^4*Z[4]^4*Z[5]^2
Z[0]

#############
# MONODROMY #
#############


Generators of the monodromy group on the second homology group:
[[1, 0, 0, 0, 0, 0, 0, 0, 0, 0, 0, 0, 0, 0, 0, 0, 0, 0, 0, 0, 0, 0], [0, 1, 0, 0, 0, 0, 0, 0, 0, 0, 0, 0, 0, 0, 0, 0, 0, 0, 0, 0, 0, 0], [0, 0, 1, 0, 0, 0, 0, 0, 0, 0, 0, 0, 0, 0, 0, 0, 0, 0, 0, 0, 0, 0], [0, 0, 0, 1, 0, 0, 0, 0, 0, 0, 0, 0, 0, 0, 0, 0, 0, 0, 0, 0, 0, 0], [0, 0, 0, 0, 1, 0, 0, 0, 0, 0, 0, 0, 0, 0, 0, 0, 0, 0, 0, 0, 0, 0], [0, 0, 0, 0, 0, 1, 0, 0, 0, 0, 0, 0, 0, 0, 0, 0, 0, 0, 0, 0, 0, 0], [0, 0, 0, 0, 0, 0, 1, 0, 0, 0, 0, 0, 0, 0, 0, 0, 0, 0, 0, 0, 0, 0], [0, 0, 0, 0, 0, 0, 0, 1, 0, 0, 0, 0, 0, 0, 0, 0, 0, 0, 0, 0, 0, 0], [0, 0, 0, 0, 0, 0, 0, 0, 1, 0, 0, 0, 0, 0, 0, 0, 0, 0, 0, 0, 0, 0], [0, 0, 0, 0, 0, 0, 0, 0, 0, 1, 0, 0, 0, 0, 0, 0, 0, 0, 0, 0, 0, 0], [0, 0, 0, 0, 0, 0, 0, 0, 0, 0, 1, 0, 0, 0, 0, 0, 0, 0, 0, 0, 0, 0], [0, 0, 0, 0, 0, 0, 0, 0, 0, 0, 0, 1, 0, 0, 0, 0, 0, 0, 0, 0, 0, 0], [0, 0, 0, 0, 0, 0, 0, 0, 0, 0, 0, 0, 1, 0, 0, 0, 0, 0, 0, 0, 0, 0], [0, 0, 0, 0, 0, 0, 0, 0, 0, 0, 0, 0, 0, 1, 0, 0, 0, 0, 0, 0, 0, 0], [0, 0, 0, 0, 0, 0, 0, 0, 0, 0, 0, 0, 0, 0, 1, 0, 0, 0, 0, 0, 0, 0], [0, 0, 0, 0, 0, 0, 0, 0, 0, 0, 0, 0, 0, 0, 0, 1, 0, 0, 0, 0, 0, 0], [0, 0, 0, 0, 0, 0, 0, 0, 0, 0, 0, 0, 0, 0, 0, 0, 1, 0, 0, 0, 0, 0], [0, 0, 0, 0, 0, 0, 0, 0, 0, 0, 0, 0, 0, 0, 0, 0, 0, 1, 0, 0, 0, 0], [0, 0, 0, 0, 0, 0, 0, 0, 0, 0, 0, 0, 0, 0, 0, 0, 0, 0, 1, 0, 0, 0], [0, 0, 0, 0, 0, 0, 0, 0, 0, 0, 0, 0, 0, 0, 0, 0, 0, 0, 0, 1, 0, 0], [0, 0, 0, 0, 0, 0, 0, 0, 0, 0, 0, 0, 0, 0, 0, 0, 0, 0, 0, 0, 1, 0], [0, 0, 0, 0, 0, 0, 0, 0, 0, 0, 0, 0, 0, 0, 0, 0, 0, 0, 0, 0, 0, 1]]
[[1, 0, 0, 0, 0, 0, 0, 0, 0, 0, 0, 0, 0, 0, 0, 0, 0, 0, 0, 0, 0, 0], [0, 1, 0, 0, 0, 0, 0, 0, 0, 0, 0, 0, 0, 0, 0, 0, 0, 0, 0, 0, 0, 0], [0, 0, 1, 0, 0, 0, 0, 0, 0, 0, 0, 0, 0, 0, 0, 0, 0, 0, 0, 0, 0, 0], [0, 0, 0, 1, 0, 0, 0, 0, 0, 0, 0, 0, 0, 0, 0, 0, 0, 0, 0, 0, 0, 0], [0, 0, 0, 0, 1, 0, 0, 0, 0, 0, 0, 0, 0, 0, 0, 0, 0, 0, 0, 0, 0, 0], [0, 0, 0, 0, 0, 1, 0, 0, 0, 0, 0, 0, 0, 0, 0, 0, 0, 0, 0, 0, 0, 0], [0, 0, 0, 0, 0, 0, 1, 0, 0, 0, 0, 0, 0, 0, 0, 0, 0, 0, 0, 0, 0, 0], [0, 0, 0, 0, 0, 0, 0, 1, 0, 0, 0, 0, 0, 0, 0, 0, 0, 0, 0, 0, 0, 0], [0, 0, 0, 0, 0, 0, 0, 0, 1, 0, 0, 0, 0, 0, 0, 0, 0, 0, 0, 0, 0, 0], [0, 0, 0, 0, 0, 0, 0, 0, 0, 1, 0, 0, 0, 0, 0, 0, 0, 0, 0, 0, 0, 0], [0, 0, 0, 0, 0, 0, 0, 0, 0, 0, 1, 0, 0, 0, 0, 0, 0, 0, 0, 0, 0, 0], [0, 0, 0, 0, 0, 0, 0, 0, 0, 0, 0, 1, 0, 0, 0, 0, 0, 0, 0, 0, 0, 0], [0, 0, 0, 0, 0, 0, 0, 0, 0, 0, 0, 0, 1, 0, 0, 0, 0, 0, 0, 0, 0, 0], [0, 0, 0, 0, 0, 0, 0, 0, 0, 0, 0, 0, 0, 1, 0, 0, 0, 0, 0, 0, 0, 0], [0, 0, 0, 0, 0, 0, 0, 0, 0, 0, 0, 0, 0, 0, 1, 0, 0, 0, 0, 0, 0, 0], [0, 0, 0, 0, 0, 0, 0, 0, 0, 0, 0, 0, 0, 0, 0, 1, 0, 0, 0, 0, 0, 0], [0, 0, 0, 0, 0, 0, 0, 0, 0, 0, 0, 0, 0, 0, 0, 0, 1, 0, 0, 0, 0, 0], [0, 0, 0, 0, 0, 0, 0, 0, 0, 0, 0, 0, 0, 0, 0, 0, 0, 1, 0, 0, 0, 0], [0, 0, 0, 0, 0, 0, 0, 0, 0, 0, 0, 0, 0, 0, 0, 0, 0, 0, 1, 0, 0, 0], [0, 0, 0, 0, 0, 0, 0, 0, 0, 0, 0, 0, 0, 0, 0, 0, 0, 0, 0, 1, 0, 0], [0, 0, 0, 0, 0, 0, 0, 0, 0, 0, 0, 0, 0, 0, 0, 0, 0, 0, 0, 0, 1, 0], [0, 0, 0, 0, 0, 0, 0, 0, 0, 0, 0, 0, 0, 0, 0, 0, 0, 0, 0, 0, 0, 1]]
[[1, 1, 0, 0, 0, 0, 1, 0, 0, 0, 0, 0, 0, 0, 0, 0, 0, 0, 0, -1, 0, -1], [0, 0, 0, -1, 0, 0, -1, 0, 0, 0, -1, 0, 1, 0, 1, 0, 0, 0, 0, 0, 0, -1], [0, 0, 1, -1, 0, 0, 0, 0, 0, 0, -1, 0, 1, 0, 1, 0, 0, 0, 0, -1, 0, -2], [0, 0, 0, 0, 0, 0, 0, 0, 0, 0, -1, 0, 1, 0, 1, 0, 0, 0, 0, 1, 0, 0], [0, 0, 0, 1, 1, 0, 0, 0, 0, 0, 1, 0, -1, 0, -1, 0, 0, 0, 0, 0, 0, 1], [0, 0, 0, 0, 0, 1, 0, 0, 0, 0, 0, 0, 0, 0, 0, 0, 0, 0, 0, 1, 0, 1], [0, -1, 0, 1, 0, 0, 0, 0, 0, 0, 1, 0, -1, 0, -1, 0, 0, 0, 0, 0, 0, 1], [0, 0, 0, -1, 0, 0, 0, 1, 0, 0, -1, 0, 1, 0, 1, 0, 0, 0, 0, -1, 0, -2], [0, 0, 0, 0, 0, 0, 0, 0, 1, 0, 0, 0, 0, 0, 0, 0, 0, 0, 0, -1, 0, -1], [0, 0, 0, -1, 0, 0, 0, 0, 0, 1, -1, 0, 1, 0, 1, 0, 0, 0, 0, 0, 0, -1], [0, -1, 0, -1, 0, 0, -1, 0, 0, 0, 0, 0, 1, 0, 1, 0, 0, 0, 0, 1, 0, 0], [0, 0, 1, 0, 0, -1, 0, -1, 0, -1, 1, -1, -1, 0, -1, 1, 0, 0, 0, -1, 0, 0], [0, 0, 0, 0, 0, 0, 0, 0, 0, 0, 0, 0, 1, 0, 0, 0, 0, 0, 0, 0, 0, 0], [0, 1, 0, 1, 0, 0, 1, 0, 0, 0, 1, 0, -1, 1, -1, 0, 0, 0, 0, -1, 0, 0], [0, -1, 0, 0, 0, 0, -1, 0, 0, 0, 0, 0, 0, 0, 1, 0, 0, 0, 0, 1, 0, 1], [0, 0, 0, 0, 0, 0, 0, 0, 0, 0, 0, 0, 0, 0, 0, 1, 0, 0, 0, 0, 0, 0], [0, 0, 0, 0, 0, 0, 0, 0, 0, 0, 0, 0, 0, 0, 0, 0, 1, 0, 0, 0, 0, 0], [0, 0, 0, 1, 0, 0, 0, 0, 0, 0, 1, 0, -1, 0, -1, 0, 0, 1, 0, 0, 0, 1], [0, -1, 0, 0, 0, 0, -1, 0, 0, 0, 0, 0, 0, 0, 0, 0, 0, 0, 1, 0, 0, 0], [0, 0, 0, 0, 0, 0, 0, 0, 0, 0, 0, 0, 0, 0, 0, 0, 0, 0, 0, 0, 0, -1], [0, 0, 0, 0, 0, 0, 0, 0, 0, 0, 0, 0, 0, 0, 0, 0, 0, 0, 0, 0, 1, 0], [0, 0, 0, 0, 0, 0, 0, 0, 0, 0, 0, 0, 0, 0, 0, 0, 0, 0, 0, -1, 0, 0]]
[[1, 1, 0, 2, 0, 0, 1, 0, 1, 0, 1, 0, -1, 1, -1, 0, 0, 2, 0, 0, 1, -1], [-1, -1, 1, -2, -1, -1, -2, -1, -1, -1, -2, -1, 1, -1, 1, 0, 0, 0, 0, 0, 1, -1], [0, 0, 1, 0, 0, 0, 0, 0, 0, 0, 0, 0, 0, 0, 0, 0, 0, 1, 0, 0, 1, -1], [0, -1, 0, -1, 0, 0, -1, 0, -1, 0, -1, 0, 1, -1, 1, 0, 0, -1, 0, 0, 0, 0], [0, 0, 0, 0, 1, 0, 0, 0, 0, 0, 0, 0, 0, 0, 0, 0, 0, -1, 0, 0, -1, 1], [0, 0, 0, 0, 0, 1, 0, 0, 0, 0, 0, 0, 0, 0, 0, 0, 0, -1, 0, 0, -1, 1], [0, 0, 0, 0, 0, 0, 1, 0, 0, 0, 0, 0, 0, 0, 0, 0, 0, -1, 0, 0, -1, 1], [0, 0, 0, 0, 0, 0, 0, 1, 0, 0, 0, 0, 0, 0, 0, 0, 0, 1, 0, 0, 1, -1], [0, 0, 0, 0, 0, 0, 0, 0, 1, 0, 0, 0, 0, 0, 0, 0, 0, 0, 0, 0, 0, 0], [0, 0, 0, 0, 0, 0, 0, 0, 0, 1, 0, 0, 0, 0, 0, 0, 0, 0, 0, 0, 0, 0], [-1, -2, 1, -2, -1, -1, -2, -1, -1, -1, -1, -1, 1, -1, 1, 0, 0, -1, 0, 0, 0, 0], [0, 1, 0, 2, 0, 0, 1, 0, 1, 0, 1, 1, -1, 1, -1, 0, 0, 2, 0, 0, 1, -1], [0, 0, 0, 0, 0, 0, 0, 0, 0, 0, 0, 0, 1, 0, 0, 0, 0, 0, 0, 0, 0, 0], [1, 2, -1, 2, 1, 1, 2, 1, 1, 1, 2, 1, -1, 2, -1, 0, 0, 1, 0, 0, 0, 0], [-1, -2, 1, -2, -1, -1, -2, -1, -1, -1, -2, -1, 1, -1, 2, 0, 0, -1, 0, 0, 0, 0], [0, 1, -1, 1, 0, 1, 1, 1, 0, 1, 1, 1, -1, 1, -1, 0, 1, 2, 0, 1, 1, -1], [0, 0, 0, 0, 0, 0, 0, 0, 0, 0, 0, 0, 0, 0, 0, 0, 1, 1, 0, 0, 1, -1], [0, 0, 0, 0, 0, 0, 0, 0, 0, 0, 0, 0, 0, 0, 0, 0, 0, 1, 0, 0, 0, 0], [-1, -2, 1, -2, -1, -1, -2, -1, -1, -1, -2, -1, 1, -1, 1, 0, 0, -1, 1, 0, 0, 0], [0, -1, 1, -1, 0, -1, -1, -1, 0, -1, -1, -1, 1, -1, 1, 1, -1, -1, 0, 0, 0, 0], [0, 0, 0, 0, 0, 0, 0, 0, 0, 0, 0, 0, 0, 0, 0, 0, 0, -1, 0, 0, 0, 1], [0, 0, 0, 0, 0, 0, 0, 0, 0, 0, 0, 0, 0, 0, 0, 0, 0, 1, 0, 0, 1, 0]]
[[1, 0, 0, 0, 0, 0, 0, 0, 0, 0, 0, 0, 0, 0, 0, 0, 0, 0, 0, 0, 0, 0], [0, 1, 0, 0, 0, 0, 0, 0, 0, 0, 0, 0, 0, 0, 0, 0, 0, 0, 0, 0, 0, 0], [0, 0, 1, 0, 0, 0, 0, 0, 0, 0, 0, 0, 0, 0, 0, 0, 0, 0, 0, 0, 0, 0], [0, 0, 0, 1, 0, 0, 0, 0, 0, 0, 0, 0, 0, 0, 0, 0, 0, 0, 0, 0, 0, 0], [0, 0, 0, 0, 1, 0, 0, 0, 0, 0, 0, 0, 0, 0, 0, 0, 0, 0, 0, 0, 0, 0], [0, 0, 0, 0, 0, 1, 0, 0, 0, 0, 0, 0, 0, 0, 0, 0, 0, 0, 0, 0, 0, 0], [0, 0, 0, 0, 0, 0, 1, 0, 0, 0, 0, 0, 0, 0, 0, 0, 0, 0, 0, 0, 0, 0], [0, 0, 0, 0, 0, 0, 0, 1, 0, 0, 0, 0, 0, 0, 0, 0, 0, 0, 0, 0, 0, 0], [0, 0, 0, 0, 0, 0, 0, 0, 1, 0, 0, 0, 0, 0, 0, 0, 0, 0, 0, 0, 0, 0], [0, 0, 0, 0, 0, 0, 0, 0, 0, 1, 0, 0, 0, 0, 0, 0, 0, 0, 0, 0, 0, 0], [0, 0, 0, 0, 0, 0, 0, 0, 0, 0, 1, 0, 0, 0, 0, 0, 0, 0, 0, 0, 0, 0], [0, 0, 0, 0, 0, 0, 0, 0, 0, 0, 0, 1, 0, 0, 0, 0, 0, 0, 0, 0, 0, 0], [0, 0, 0, 0, 0, 0, 0, 0, 0, 0, 0, 0, 1, 0, 0, 0, 0, 0, 0, 0, 0, 0], [0, 0, 0, 0, 0, 0, 0, 0, 0, 0, 0, 0, 0, 1, 0, 0, 0, 0, 0, 0, 0, 0], [0, 0, 0, 0, 0, 0, 0, 0, 0, 0, 0, 0, 0, 0, 1, 0, 0, 0, 0, 0, 0, 0], [0, 0, 0, 0, 0, 0, 0, 0, 0, 0, 0, 0, 0, 0, 0, 1, 0, 0, 0, 0, 0, 0], [0, 0, 0, 0, 0, 0, 0, 0, 0, 0, 0, 0, 0, 0, 0, 0, 1, 0, 0, 0, 0, 0], [0, 0, 0, 0, 0, 0, 0, 0, 0, 0, 0, 0, 0, 0, 0, 0, 0, 1, 0, 0, 0, 0], [0, 0, 0, 0, 0, 0, 0, 0, 0, 0, 0, 0, 0, 0, 0, 0, 0, 0, 1, 0, 0, 0], [0, 0, 0, 0, 0, 0, 0, 0, 0, 0, 0, 0, 0, 0, 0, 0, 0, 0, 0, 1, 0, 0], [0, 0, 0, 0, 0, 0, 0, 0, 0, 0, 0, 0, 0, 0, 0, 0, 0, 0, 0, 0, 1, 0], [0, 0, 0, 0, 0, 0, 0, 0, 0, 0, 0, 0, 0, 0, 0, 0, 0, 0, 0, 0, 0, 1]]
[[1, 0, 0, 0, 0, 0, 0, 0, 0, 0, 0, 0, 0, 0, 0, 0, 0, 0, 0, 0, 0, 0], [0, 1, 0, 0, 0, 0, 0, 0, 0, 0, 0, 0, 0, 0, 0, 0, 0, 0, 0, 0, 0, 0], [0, 0, 1, 0, 0, 0, 0, 0, 0, 0, 0, 0, 0, 0, 0, 0, 0, 0, 0, 0, 0, 0], [0, 0, 0, 1, 0, 0, 0, 0, 0, 0, 0, 0, 0, 0, 0, 0, 0, 0, 0, 0, 0, 0], [0, 0, 0, 0, 1, 0, 0, 0, 0, 0, 0, 0, 0, 0, 0, 0, 0, 0, 0, 0, 0, 0], [1, 0, 0, 1, 1, 0, 1, 1, -1, -1, 1, 0, -1, 0, 0, 0, -1, 0, -1, 0, 0, 0], [0, 0, 0, 0, 0, 0, 1, 0, 0, 0, 0, 0, 0, 0, 0, 0, 0, 0, 0, 0, 0, 0], [-1, 0, 0, -1, -1, 1, -1, 0, 1, 1, -1, 0, 1, 0, 0, 0, 1, 0, 1, 0, 0, 0], [0, 0, 0, 0, 0, 0, 0, 0, 1, 0, 0, 0, 0, 0, 0, 0, 0, 0, 0, 0, 0, 0], [0, 0, 0, 0, 0, 0, 0, 0, 0, 1, 0, 0, 0, 0, 0, 0, 0, 0, 0, 0, 0, 0], [0, 0, 0, 0, 0, 0, 0, 0, 0, 0, 1, 0, 0, 0, 0, 0, 0, 0, 0, 0, 0, 0], [0, 0, 0, 0, 0, 0, 0, 0, 0, 0, 0, 1, 0, 0, 0, 0, 0, 0, 0, 0, 0, 0], [0, 0, 0, 0, 0, 0, 0, 0, 0, 0, 0, 0, 1, 0, 0, 0, 0, 0, 0, 0, 0, 0], [0, 0, 0, 0, 0, 0, 0, 0, 0, 0, 0, 0, 0, 1, 0, 0, 0, 0, 0, 0, 0, 0], [0, 0, 0, 0, 0, 0, 0, 0, 0, 0, 0, 0, 0, 0, 1, 0, 0, 0, 0, 0, 0, 0], [0, 0, 0, 0, 0, 0, 0, 0, 0, 0, 0, 0, 0, 0, 0, 1, 0, 0, 0, 0, 0, 0], [0, 0, 0, 0, 0, 0, 0, 0, 0, 0, 0, 0, 0, 0, 0, 0, 1, 0, 0, 0, 0, 0], [0, 0, 0, 0, 0, 0, 0, 0, 0, 0, 0, 0, 0, 0, 0, 0, 0, 1, 0, 0, 0, 0], [0, 0, 0, 0, 0, 0, 0, 0, 0, 0, 0, 0, 0, 0, 0, 0, 0, 0, 1, 0, 0, 0], [0, 0, 0, 0, 0, 0, 0, 0, 0, 0, 0, 0, 0, 0, 0, 0, 0, 0, 0, 1, 0, 0], [0, 0, 0, 0, 0, 0, 0, 0, 0, 0, 0, 0, 0, 0, 0, 0, 0, 0, 0, 0, 1, 0], [0, 0, 0, 0, 0, 0, 0, 0, 0, 0, 0, 0, 0, 0, 0, 0, 0, 0, 0, 0, 0, 1]]
[[1, 0, 0, 0, 0, 0, 0, 0, 0, 0, 0, 0, 0, 0, 0, 0, 0, 0, 0, 0, 0, 0], [0, 0, 0, -1, 0, 0, 0, 0, -1, 0, 0, 0, 0, -1, 0, 0, 0, -1, 0, 0, 0, 1], [1, 2, -1, 1, 0, 1, 1, 1, 0, 1, 2, 0, -2, 2, -2, 0, 2, 2, 0, 1, 1, -1], [0, -1, 0, 0, 0, 0, 0, 0, -1, 0, 0, 0, 0, -1, 0, 0, 0, -1, 0, 0, 0, 1], [-1, -2, 1, -1, 0, -1, 0, -1, -1, 0, -2, 0, 1, -2, 1, -1, -1, -2, 0, -1, -1, 2], [-1, -1, 1, 0, -1, 0, 0, -1, 0, 0, -2, 0, 1, -1, 1, -1, -1, -1, 0, -1, -1, 1], [0, 1, 0, 1, 0, 0, 1, 0, 1, 0, 0, 0, 0, 1, 0, 0, 0, 1, 0, 0, 0, -1], [0, 0, 0, 0, 0, 0, 0, 1, 0, 0, 0, 0, 0, 0, 0, 0, 0, 0, 0, 0, 0, 0], [-1, -1, 1, 0, -1, -1, 0, -1, 1, 0, -2, 0, 1, -1, 1, -1, -1, -1, 0, -1, -1, 1], [0, 0, 0, 0, 0, 0, 0, 0, 0, 1, 0, 0, 0, 0, 0, 0, 0, 0, 0, 0, 0, 0], [0, 0, 0, 0, 0, 0, 0, 0, 0, 0, 1, 0, 0, 0, 0, 0, 0, 0, 0, 0, 0, 0], [2, 4, -3, 2, 1, 2, 1, 2, 1, 1, 4, 1, -3, 4, -3, 1, 3, 4, 0, 2, 2, -3], [0, -1, 0, -1, 0, 0, 0, 0, -1, 0, 0, 0, 1, -1, 0, 0, 0, -1, 0, 0, 0, 1], [0, -1, 0, 0, 0, 0, 0, 0, 0, 0, -1, 0, 1, -1, 0, 0, -1, 0, 0, 0, 0, 1], [1, 1, -1, 0, 1, 1, 0, 1, 0, 0, 2, 0, -1, 1, 0, 1, 1, 1, 0, 1, 1, -1], [2, 4, -3, 2, 1, 2, 1, 2, 1, 1, 4, 0, -3, 4, -3, 2, 3, 4, 0, 2, 2, -3], [1, 1, -1, 0, 1, 1, 0, 1, 0, 0, 2, 0, -1, 1, -1, 1, 2, 1, 0, 1, 1, -1], [2, 3, -2, 0, 2, 2, 0, 2, 0, 0, 5, 0, -3, 4, -2, 2, 3, 3, 0, 2, 2, -3], [0, 0, 0, 0, 0, 0, 0, 0, 0, 0, 0, 0, 0, 0, 0, 0, 0, 0, 1, 0, 0, 0], [-1, -1, 1, 0, -1, -1, 0, -1, 0, 0, -2, 0, 1, -1, 1, -1, -1, -1, 0, 0, -1, 1], [-1, -1, 1, 0, -1, -1, 0, -1, 0, 0, -2, 0, 1, -1, 1, -1, -1, -1, 0, -1, 0, 1], [1, 1, -1, 0, 1, 1, 0, 1, 0, 0, 2, 0, -1, 1, -1, 1, 1, 1, 0, 1, 1, 0]]
[[1, 0, 0, 0, 0, 0, 1, 0, 0, 1, 0, 0, 0, 0, 0, 0, 0, 0, 0, 0, -1, 0], [0, 1, 0, 0, 0, 0, 0, 0, 0, 0, 0, 0, 0, 0, 0, 0, 0, 0, 0, 0, 0, 0], [0, 0, 1, 0, 0, 0, 1, 0, 0, 1, 0, 0, 0, 0, 0, 0, 0, 0, 0, 0, -1, 0], [0, 0, 0, 1, 0, 0, 0, 0, 0, 0, 0, 0, 0, 0, 0, 0, 0, 0, 0, 0, 0, 0], [0, -1, 0, 0, 1, 0, 1, 0, 0, 1, 1, 0, 0, -1, -1, 0, 0, 0, 0, 0, -1, 1], [0, 0, 0, 0, 0, 1, 0, 0, 0, 0, 0, 0, 0, 0, 0, 0, 0, 0, 0, 0, 0, 0], [0, 0, 0, 0, 0, 0, 0, 0, 0, -1, 0, 0, 0, 0, 0, 0, 0, 0, 0, 0, 1, 0], [-1, -1, 1, 0, 0, 0, 1, 1, 0, 1, -1, 1, 1, -1, 1, -1, -1, -1, 0, -1, -2, 1], [-1, -1, 1, 0, 0, 0, 1, 0, 1, 1, -1, 1, 1, -1, 1, -1, -1, -1, 0, -1, -2, 1], [-1, -1, 1, 0, 0, 0, 0, 0, 0, 1, -1, 1, 1, -1, 1, -1, -1, -1, 0, -1, -1, 1], [0, 1, 0, 0, 0, 0, -1, 0, 0, -1, 0, 0, 0, 1, 1, 0, 0, 0, 0, 0, 1, -1], [2, 2, -2, 0, 0, 0, 0, 0, 0, 0, 2, -1, -2, 2, -2, 2, 2, 2, 0, 2, 2, -2], [0, 0, 0, 0, 0, 0, 1, 0, 0, 1, 0, 0, 1, 0, 0, 0, 0, 0, 0, 0, -1, 0], [0, -1, 0, 0, 0, 0, 1, 0, 0, 1, 1, 0, 0, 0, -1, 0, 0, 0, 0, 0, -1, 1], [1, 1, -1, 0, 0, 0, -2, 0, 0, -2, 1, -1, -1, 1, 0, 1, 1, 1, 0, 1, 3, -1], [1, 1, -1, 0, 0, 0, -1, 0, 0, -1, 1, -1, -1, 1, -1, 2, 1, 1, 0, 1, 2, -1], [0, -1, 0, -1, 0, 0, -1, 0, 0, 0, -1, -1, 1, -1, 0, 1, 1, 0, 1, 1, 0, 0], [2, 2, -2, 0, 0, 0, -1, 0, 0, -1, 2, -2, -2, 2, -2, 2, 2, 3, 0, 2, 3, -2], [1, 2, -1, 1, 0, 0, 0, 0, 0, -1, 2, 0, -2, 2, -1, 0, 1, 1, 0, 0, 2, -1], [0, 1, 0, 1, 0, 0, 1, 0, 0, 0, 1, 1, -1, 1, 0, -1, 0, 0, -1, 0, 0, 0], [-1, -1, 1, 0, 0, 0, 1, 0, 0, 1, -1, 1, 1, -1, 1, -1, -1, -1, 0, -1, -1, 1], [1, 1, -1, 0, 0, 0, 0, 0, 0, 0, 1, -1, -1, 1, -1, 1, 1, 1, 0, 1, 1, 0]]
[[1, 0, 0, 0, 0, 0, 0, 0, 0, 0, 0, 0, 0, 0, 0, 0, 0, 0, 0, 0, 0, 0], [0, 1, 0, 0, 0, 0, 0, 0, 0, 0, 0, 0, 0, 0, 0, 0, 0, 0, 0, 0, 0, 0], [0, 0, 1, 0, 0, 0, 0, 0, 0, 0, 0, 0, 0, 0, 0, 0, 0, 0, 0, 0, 0, 0], [0, 0, 0, 1, 0, 0, 0, 0, 0, 0, 0, 0, 0, 0, 0, 0, 0, 0, 0, 0, 0, 0], [0, 0, 0, 0, 1, 0, 0, 0, 0, 0, 0, 0, 0, 0, 0, 0, 0, 0, 0, 0, 0, 0], [0, 0, 0, 0, 0, 1, 0, 0, 0, 0, 0, 0, 0, 0, 0, 0, 0, 0, 0, 0, 0, 0], [0, 0, 0, 0, 0, 0, 1, 0, 0, 0, 0, 0, 0, 0, 0, 0, 0, 0, 0, 0, 0, 0], [0, 0, 0, 0, 0, 0, 0, 1, 0, 0, 0, 0, 0, 0, 0, 0, 0, 0, 0, 0, 0, 0], [0, 0, 0, 0, 0, 0, 0, 0, 1, 0, 0, 0, 0, 0, 0, 0, 0, 0, 0, 0, 0, 0], [0, 0, 0, 0, 0, 0, 0, 0, 0, 1, 0, 0, 0, 0, 0, 0, 0, 0, 0, 0, 0, 0], [0, 0, 0, 0, 0, 0, 0, 0, 0, 0, 1, 0, 0, 0, 0, 0, 0, 0, 0, 0, 0, 0], [0, 0, 0, 0, 0, 0, 0, 0, 0, 0, 0, 1, 0, 0, 0, 0, 0, 0, 0, 0, 0, 0], [0, 0, 0, 0, 0, 0, 0, 0, 0, 0, 0, 0, 1, 0, 0, 0, 0, 0, 0, 0, 0, 0], [0, 0, 0, 0, 0, 0, 0, 0, 0, 0, 0, 0, 0, 1, 0, 0, 0, 0, 0, 0, 0, 0], [0, 0, 0, 0, 0, 0, 0, 0, 0, 0, 0, 0, 0, 0, 1, 0, 0, 0, 0, 0, 0, 0], [0, 0, 0, 0, 0, 0, 0, 0, 0, 0, 0, 0, 0, 0, 0, 1, 0, 0, 0, 0, 0, 0], [0, 0, 0, 0, 0, 0, 0, 0, 0, 0, 0, 0, 0, 0, 0, 0, 1, 0, 0, 0, 0, 0], [0, 0, 0, 0, 0, 0, 0, 0, 0, 0, 0, 0, 0, 0, 0, 0, 0, 1, 0, 0, 0, 0], [0, 0, 0, 0, 0, 0, 0, 0, 0, 0, 0, 0, 0, 0, 0, 0, 0, 0, 1, 0, 0, 0], [0, 0, 0, 0, 0, 0, 0, 0, 0, 0, 0, 0, 0, 0, 0, 0, 0, 0, 0, 1, 0, 0], [0, 0, 0, 0, 0, 0, 0, 0, 0, 0, 0, 0, 0, 0, 0, 0, 0, 0, 0, 0, 1, 0], [0, 0, 0, 0, 0, 0, 0, 0, 0, 0, 0, 0, 0, 0, 0, 0, 0, 0, 0, 0, 0, 1]]
[[1, 0, 0, 0, 0, 0, 0, 0, 0, 0, 0, 0, 0, 0, 0, 0, 0, 0, 0, 0, 0, 0], [0, -1, 1, -1, 0, -1, -1, -1, 0, -1, -1, -1, 1, -1, 1, 0, -1, -1, 0, -1, -1, 0], [0, -2, 2, -1, 0, -1, -1, -1, 0, -1, -1, -1, 1, -1, 1, 0, -1, -1, 0, -1, -1, 0], [0, 0, 0, 1, 0, 0, 0, 0, 0, 0, 0, 0, 0, 0, 0, 0, 0, 0, 0, 0, 0, 0], [0, 0, 0, 0, 1, 0, 0, 0, 0, 0, 0, 0, 0, 0, 0, 0, 0, 0, 0, 0, 0, 0], [0, 0, 0, 0, 0, 1, 0, 0, 0, 0, 0, 0, 0, 0, 0, 0, 0, 0, 0, 0, 0, 0], [0, 0, 0, 0, 0, 0, 1, 0, 0, 0, 0, 0, 0, 0, 0, 0, 0, 0, 0, 0, 0, 0], [0, -2, 1, -1, 0, -1, -1, 0, 0, -1, -1, -1, 1, -1, 1, 0, -1, -1, 0, -1, -1, 0], [0, -2, 1, -1, 0, -1, -1, -1, 1, -1, -1, -1, 1, -1, 1, 0, -1, -1, 0, -1, -1, 0], [0, -2, 1, -1, 0, -1, -1, -1, 0, 0, -1, -1, 1, -1, 1, 0, -1, -1, 0, -1, -1, 0], [0, 0, 0, 0, 0, 0, 0, 0, 0, 0, 1, 0, 0, 0, 0, 0, 0, 0, 0, 0, 0, 0], [0, 2, -1, 1, 0, 1, 1, 1, 0, 1, 1, 2, -1, 1, -1, 0, 1, 1, 0, 1, 1, 0], [0, 0, 0, 0, 0, 0, 0, 0, 0, 0, 0, 0, 1, 0, 0, 0, 0, 0, 0, 0, 0, 0], [0, 0, 0, 0, 0, 0, 0, 0, 0, 0, 0, 0, 0, 1, 0, 0, 0, 0, 0, 0, 0, 0], [0, 2, -1, 1, 0, 1, 1, 1, 0, 1, 1, 1, -1, 1, 0, 0, 1, 1, 0, 1, 1, 0], [0, 2, -1, 1, 0, 1, 1, 1, 0, 1, 1, 1, -1, 1, -1, 1, 1, 1, 0, 1, 1, 0], [0, 2, -1, 1, 0, 1, 1, 1, 0, 1, 1, 1, -1, 1, -1, 0, 2, 1, 0, 1, 1, 0], [0, 4, -2, 2, 0, 2, 2, 2, 0, 2, 2, 2, -2, 2, -2, 0, 2, 3, 0, 2, 2, 0], [0, 0, 0, 0, 0, 0, 0, 0, 0, 0, 0, 0, 0, 0, 0, 0, 0, 0, 1, 0, 0, 0], [0, -2, 1, -1, 0, -1, -1, -1, 0, -1, -1, -1, 1, -1, 1, 0, -1, -1, 0, 0, -1, 0], [0, -2, 1, -1, 0, -1, -1, -1, 0, -1, -1, -1, 1, -1, 1, 0, -1, -1, 0, -1, 0, 0], [0, 0, 0, 0, 0, 0, 0, 0, 0, 0, 0, 0, 0, 0, 0, 0, 0, 0, 0, 0, 0, 1]]
[[1, 0, 0, 0, 0, 0, 0, 0, 0, 0, 0, 0, 0, 0, 0, 0, 0, 0, 0, 0, 0, 0], [0, 1, 0, 0, 0, 0, 0, 0, 0, 0, 0, 0, 0, 0, 0, 0, 0, 0, 0, 0, 0, 0], [0, 0, 1, 0, 0, 0, 0, 0, 0, 0, 0, 0, 0, 0, 0, 0, 0, 0, 0, 0, 0, 0], [0, 0, 0, 1, 0, 0, 0, 0, 0, 0, 0, 0, 0, 0, 0, 0, 0, 0, 0, 0, 0, 0], [0, 0, 0, 0, 1, 0, 0, 0, 0, 0, 0, 0, 0, 0, 0, 0, 0, 0, 0, 0, 0, 0], [0, 0, 0, 0, 0, 1, 0, 0, 0, 0, 0, 0, 0, 0, 0, 0, 0, 0, 0, 0, 0, 0], [0, 0, 0, 0, 0, 0, 1, 0, 0, 0, 0, 0, 0, 0, 0, 0, 0, 0, 0, 0, 0, 0], [0, 0, 0, 0, 0, 0, 0, 1, 0, 0, 0, 0, 0, 0, 0, 0, 0, 0, 0, 0, 0, 0], [0, 0, 0, 0, 0, 0, 0, 0, 1, 0, 0, 0, 0, 0, 0, 0, 0, 0, 0, 0, 0, 0], [0, 0, 0, 0, 0, 0, 0, 0, 0, 1, 0, 0, 0, 0, 0, 0, 0, 0, 0, 0, 0, 0], [0, 0, 0, 0, 0, 0, 0, 0, 0, 0, 1, 0, 0, 0, 0, 0, 0, 0, 0, 0, 0, 0], [0, 0, 0, 0, 0, 0, 0, 0, 0, 0, 0, 1, 0, 0, 0, 0, 0, 0, 0, 0, 0, 0], [0, 0, 0, 0, 0, 0, 0, 0, 0, 0, 0, 0, 1, 0, 0, 0, 0, 0, 0, 0, 0, 0], [0, 0, 0, 0, 0, 0, 0, 0, 0, 0, 0, 0, 0, 1, 0, 0, 0, 0, 0, 0, 0, 0], [0, 0, 0, 0, 0, 0, 0, 0, 0, 0, 0, 0, 0, 0, 1, 0, 0, 0, 0, 0, 0, 0], [0, 0, 0, 0, 0, 0, 0, 0, 0, 0, 0, 0, 0, 0, 0, 1, 0, 0, 0, 0, 0, 0], [0, 0, 0, 0, 0, 0, 0, 0, 0, 0, 0, 0, 0, 0, 0, 0, 1, 0, 0, 0, 0, 0], [0, 0, 0, 0, 0, 0, 0, 0, 0, 0, 0, 0, 0, 0, 0, 0, 0, 1, 0, 0, 0, 0], [0, 0, 0, 0, 0, 0, 0, 0, 0, 0, 0, 0, 0, 0, 0, 0, 0, 0, 1, 0, 0, 0], [0, 0, 0, 0, 0, 0, 0, 0, 0, 0, 0, 0, 0, 0, 0, 0, 0, 0, 0, 1, 0, 0], [0, 0, 0, 0, 0, 0, 0, 0, 0, 0, 0, 0, 0, 0, 0, 0, 0, 0, 0, 0, 1, 0], [0, 0, 0, 0, 0, 0, 0, 0, 0, 0, 0, 0, 0, 0, 0, 0, 0, 0, 0, 0, 0, 1]]
[[0, 0, 1, 0, 0, 0, 0, 0, 0, -1, 0, 0, 0, 0, 0, 0, 0, 0, 0, 0, 0, -1], [0, -1, 0, 0, 0, 0, 0, 0, 0, 0, 0, 0, 0, 0, 0, 0, 0, 0, 0, 0, 0, 0], [0, -2, 1, -1, 0, 0, 0, 0, 0, 0, -2, 0, 2, -2, 1, 0, -1, -1, 0, -1, -1, 0], [1, 1, -2, 2, 0, 1, 1, 1, 0, 1, 1, 1, -1, 1, -1, 0, 1, 1, 0, 1, 1, 0], [0, -2, 1, -1, 1, -1, -1, -1, 0, 0, -1, -1, 1, -1, 1, 0, -1, -1, 0, -1, -1, 1], [1, 0, -1, 0, 0, 1, 0, 0, 0, 1, 0, 0, 0, 0, 0, 0, 0, 0, 0, 0, 0, 1], [0, -1, 1, -1, 0, -1, 0, -1, 0, 0, -1, -1, 1, -1, 1, 0, -1, -1, 0, -1, -1, 1], [-1, -4, 2, -2, 0, -1, -1, 0, 0, -1, -3, -1, 3, -3, 2, 0, -2, -2, 0, -2, -2, 0], [-1, -5, 3, -3, 0, -2, -2, -2, 1, -1, -4, -2, 4, -4, 3, 0, -3, -3, 0, -3, -3, 1], [0, -2, 0, -1, 0, 0, 0, 0, 0, 1, -2, 0, 2, -2, 1, 0, -1, -1, 0, -1, -1, 0], [1, 1, -2, 1, 0, 1, 1, 1, 0, 1, 2, 1, -1, 1, -1, 0, 1, 1, 0, 1, 1, 0], [-1, 3, 1, 1, 0, 0, 0, 0, 0, -1, 2, 1, -2, 2, -1, 0, 1, 1, 0, 1, 1, -1], [0, -1, 0, 0, 0, 0, 0, 0, 0, 0, 0, 0, 1, 0, 0, 0, 0, 0, 0, 0, 0, 0], [-1, -2, 2, -2, 0, -1, -1, -1, 0, -1, -3, -1, 3, -2, 2, 0, -2, -2, 0, -2, -2, 0], [1, 5, -3, 3, 0, 2, 2, 2, 0, 1, 4, 2, -4, 4, -2, 0, 3, 3, 0, 3, 3, -1], [0, 4, -1, 2, 0, 1, 1, 1, 0, 0, 3, 1, -3, 3, -2, 1, 2, 2, 0, 2, 2, -1], [0, 3, -1, 2, 0, 1, 1, 1, 0, 0, 3, 1, -3, 3, -2, 0, 3, 2, 0, 2, 2, -1], [0, 7, -2, 4, 0, 2, 2, 2, 0, 0, 6, 2, -6, 6, -4, 0, 4, 5, 0, 4, 4, -2], [0, 0, 0, 0, 0, 0, 0, 0, 0, 0, 0, 0, 0, 0, 0, 0, 0, 0, 1, 0, 0, 0], [0, -3, 1, -2, 0, -1, -1, -1, 0, 0, -3, -1, 3, -3, 2, 0, -2, -2, 0, -1, -2, 1], [0, -3, 1, -2, 0, -1, -1, -1, 0, 0, -3, -1, 3, -3, 2, 0, -2, -2, 0, -2, -1, 1], [-1, 0, 1, 0, 0, 0, 0, 0, 0, -1, 0, 0, 0, 0, 0, 0, 0, 0, 0, 0, 0, 0]]
[[1, 0, 0, 0, 0, 0, 0, 0, 0, 0, 0, 0, 0, 0, 0, 0, 0, 0, 0, 0, 0, 0], [0, 1, 0, 0, 0, 0, 0, 0, 0, 0, 0, 0, 0, 0, 0, 0, 0, 0, 0, 0, 0, 0], [0, 0, 1, 0, 0, 0, 0, 0, 0, 0, 0, 0, 0, 0, 0, 0, 0, 0, 0, 0, 0, 0], [0, 0, 0, 1, 0, 0, 0, 0, 0, 0, 0, 0, 0, 0, 0, 0, 0, 0, 0, 0, 0, 0], [0, 0, 0, 0, 1, 0, 0, 0, 0, 0, 0, 0, 0, 0, 0, 0, 0, 0, 0, 0, 0, 0], [0, 0, 0, 0, 0, 1, 0, 0, 0, 0, 0, 0, 0, 0, 0, 0, 0, 0, 0, 0, 0, 0], [0, 0, 0, 0, 0, 0, 1, 0, 0, 0, 0, 0, 0, 0, 0, 0, 0, 0, 0, 0, 0, 0], [0, 0, 0, 0, 0, 0, 0, 1, 0, 0, 0, 0, 0, 0, 0, 0, 0, 0, 0, 0, 0, 0], [0, 0, 0, 0, 0, 0, 0, 0, 1, 0, 0, 0, 0, 0, 0, 0, 0, 0, 0, 0, 0, 0], [0, 0, 0, 0, 0, 0, 0, 0, 0, 1, 0, 0, 0, 0, 0, 0, 0, 0, 0, 0, 0, 0], [0, 0, 0, 0, 0, 0, 0, 0, 0, 0, 1, 0, 0, 0, 0, 0, 0, 0, 0, 0, 0, 0], [0, 0, 0, 0, 0, 0, 0, 0, 0, 0, 0, 1, 0, 0, 0, 0, 0, 0, 0, 0, 0, 0], [0, 0, 0, 0, 0, 0, 0, 0, 0, 0, 0, 0, 1, 0, 0, 0, 0, 0, 0, 0, 0, 0], [0, 0, 0, 0, 0, 0, 0, 0, 0, 0, 0, 0, 0, 1, 0, 0, 0, 0, 0, 0, 0, 0], [0, 0, 0, 0, 0, 0, 0, 0, 0, 0, 0, 0, 0, 0, 1, 0, 0, 0, 0, 0, 0, 0], [0, 0, 0, 0, 0, 0, 0, 0, 0, 0, 0, 0, 0, 0, 0, 1, 0, 0, 0, 0, 0, 0], [0, 0, 0, 0, 0, 0, 0, 0, 0, 0, 0, 0, 0, 0, 0, 0, 1, 0, 0, 0, 0, 0], [0, 0, 0, 0, 0, 0, 0, 0, 0, 0, 0, 0, 0, 0, 0, 0, 0, 1, 0, 0, 0, 0], [0, 0, 0, 0, 0, 0, 0, 0, 0, 0, 0, 0, 0, 0, 0, 0, 0, 0, 1, 0, 0, 0], [0, 0, 0, 0, 0, 0, 0, 0, 0, 0, 0, 0, 0, 0, 0, 0, 0, 0, 0, 1, 0, 0], [0, 0, 0, 0, 0, 0, 0, 0, 0, 0, 0, 0, 0, 0, 0, 0, 0, 0, 0, 0, 1, 0], [0, 0, 0, 0, 0, 0, 0, 0, 0, 0, 0, 0, 0, 0, 0, 0, 0, 0, 0, 0, 0, 1]]
[[0, -2, 1, -1, 0, 0, -1, 0, 0, 0, -2, 0, 2, -2, 1, 0, -1, -1, 1, -1, -1, 0], [0, -1, 0, -1, 0, 0, 0, 0, 0, 1, 0, 0, 1, -1, 0, 0, 0, 0, 0, 0, -1, 0], [-1, -4, 2, -2, 0, 0, -1, 0, 0, 1, -2, 0, 3, -3, 1, 0, -1, -1, 1, -1, -2, 0], [1, 1, -1, 1, 0, 0, 1, 0, 0, 0, 2, 0, -1, 1, -1, 0, 1, 1, -1, 1, 1, 0], [0, -1, 0, 0, 1, 0, 0, 0, 0, 1, 0, 0, 0, 0, 0, 0, 0, 0, 0, 0, -1, 0], [1, 2, -1, 1, 0, 1, 1, 0, 0, 0, 2, 0, -2, 2, -1, 0, 1, 1, -1, 1, 1, 0], [0, 1, 0, 1, 0, 0, 1, 0, 0, 0, 0, 0, -1, 1, 0, 0, 0, 0, 0, 0, 0, 0], [-2, -6, 3, -3, 0, -1, -2, 0, 0, 0, -3, -1, 4, -4, 2, 0, -2, -2, 1, -2, -3, 1], [-2, -5, 3, -2, 0, -1, -2, -1, 1, 0, -3, -1, 3, -3, 2, 0, -2, -2, 1, -2, -3, 1], [-1, -3, 2, -2, 0, -1, -1, -1, 0, 0, -1, -1, 2, -2, 1, 0, -1, -1, 0, -1, -1, 1], [1, 2, -1, 1, 0, 0, 1, 0, 0, 0, 3, 0, -2, 2, -1, 0, 1, 1, -1, 1, 1, 0], [0, 2, -1, 1, 0, 1, 0, 1, 0, 0, -1, 2, 0, 0, 0, 0, 0, 0, 1, 0, 1, -1], [0, -1, 0, 0, 0, 0, 0, 0, 0, 1, 0, 0, 1, 0, 0, 0, 0, 0, 0, 0, -1, 0], [-1, -2, 1, -1, 0, 0, -1, 0, 0, 0, -2, 0, 2, -1, 1, 0, -1, -1, 1, -1, -1, 0], [2, 5, -3, 2, 0, 1, 2, 1, 0, 0, 3, 1, -3, 3, -1, 0, 2, 2, -1, 2, 3, -1], [1, 3, -2, 1, 0, 1, 1, 1, 0, 0, 1, 1, -1, 1, -1, 1, 1, 1, 0, 1, 2, -1], [0, 0, -1, 0, 0, 1, 0, 1, 0, 1, -1, 1, 1, -1, 0, 0, 1, 0, 1, 0, 0, -1], [2, 6, -4, 3, 0, 2, 2, 2, 0, 1, 2, 2, -3, 3, -2, 0, 2, 3, 0, 2, 3, -2], [1, 2, -1, 1, 0, 0, 1, 0, 0, 0, 2, 0, -2, 2, -1, 0, 1, 1, 0, 1, 1, 0], [-1, -2, 2, -1, 0, -1, -1, -1, 0, -1, -1, -1, 1, -1, 1, 0, -1, -1, 0, 0, -1, 1], [-1, -3, 2, -1, 0, -1, -1, -1, 0, 0, -1, -1, 1, -1, 1, 0, -1, -1, 0, -1, -1, 1], [0, 0, -1, 0, 0, 1, 0, 1, 0, 1, -1, 1, 1, -1, 0, 0, 0, 0, 1, 0, 0, 0]]
[[1, 0, 0, 0, 0, 0, 0, 0, 0, 0, 0, 0, 0, 0, 0, 0, 0, 0, 0, 0, 0, 0], [0, 1, 0, 0, 0, 0, 0, 0, 0, 0, 0, 0, 0, 0, 0, 0, 0, 0, 0, 0, 0, 0], [0, 0, 1, 0, 0, 0, 0, 0, 0, 0, 0, 0, 0, 0, 0, 0, 0, 0, 0, 0, 0, 0], [0, 0, 0, 1, 0, 0, 0, 0, 0, 0, 0, 0, 0, 0, 0, 0, 0, 0, 0, 0, 0, 0], [0, 0, 0, 0, 1, 0, 0, 0, 0, 0, 0, 0, 0, 0, 0, 0, 0, 0, 0, 0, 0, 0], [0, 0, 0, 0, 0, 1, 0, 0, 0, 0, 0, 0, 0, 0, 0, 0, 0, 0, 0, 0, 0, 0], [0, 0, 0, 0, 0, 0, 1, 0, 0, 0, 0, 0, 0, 0, 0, 0, 0, 0, 0, 0, 0, 0], [0, 0, 0, 0, 0, 0, 0, 1, 0, 0, 0, 0, 0, 0, 0, 0, 0, 0, 0, 0, 0, 0], [0, 0, 0, 0, 0, 0, 0, 0, 1, 0, 0, 0, 0, 0, 0, 0, 0, 0, 0, 0, 0, 0], [0, 0, 0, 0, 0, 0, 0, 0, 0, 1, 0, 0, 0, 0, 0, 0, 0, 0, 0, 0, 0, 0], [0, 0, 0, 0, 0, 0, 0, 0, 0, 0, 1, 0, 0, 0, 0, 0, 0, 0, 0, 0, 0, 0], [0, 0, 0, 0, 0, 0, 0, 0, 0, 0, 0, 1, 0, 0, 0, 0, 0, 0, 0, 0, 0, 0], [0, 0, 0, 0, 0, 0, 0, 0, 0, 0, 0, 0, 1, 0, 0, 0, 0, 0, 0, 0, 0, 0], [0, 0, 0, 0, 0, 0, 0, 0, 0, 0, 0, 0, 0, 1, 0, 0, 0, 0, 0, 0, 0, 0], [0, 0, 0, 0, 0, 0, 0, 0, 0, 0, 0, 0, 0, 0, 1, 0, 0, 0, 0, 0, 0, 0], [0, 0, 0, 0, 0, 0, 0, 0, 0, 0, 0, 0, 0, 0, 0, 1, 0, 0, 0, 0, 0, 0], [0, 0, 0, 0, 0, 0, 0, 0, 0, 0, 0, 0, 0, 0, 0, 0, 1, 0, 0, 0, 0, 0], [0, 0, 0, 0, 0, 0, 0, 0, 0, 0, 0, 0, 0, 0, 0, 0, 0, 1, 0, 0, 0, 0], [0, 0, 0, 0, 0, 0, 0, 0, 0, 0, 0, 0, 0, 0, 0, 0, 0, 0, 1, 0, 0, 0], [0, 0, 0, 0, 0, 0, 0, 0, 0, 0, 0, 0, 0, 0, 0, 0, 0, 0, 0, 1, 0, 0], [0, 0, 0, 0, 0, 0, 0, 0, 0, 0, 0, 0, 0, 0, 0, 0, 0, 0, 0, 0, 1, 0], [0, 0, 0, 0, 0, 0, 0, 0, 0, 0, 0, 0, 0, 0, 0, 0, 0, 0, 0, 0, 0, 1]]
[[1, 0, 0, 0, 0, 0, 0, 0, 0, 0, 0, 0, 0, 0, 0, 0, 0, 0, 0, 0, 0, 0], [0, 1, 0, 0, 0, 0, 0, 0, 0, 0, 0, 0, 0, 0, 0, 0, 0, 0, 0, 0, 0, 0], [0, 0, 1, 0, 0, 0, 0, 0, 0, 0, 0, 0, 0, 0, 0, 0, 0, 0, 0, 0, 0, 0], [0, 0, 0, 1, 0, 0, 0, 0, 0, 0, 0, 0, 0, 0, 0, 0, 0, 0, 0, 0, 0, 0], [0, 0, 0, 0, 1, 0, 0, 0, 0, 0, 0, 0, 0, 0, 0, 0, 0, 0, 0, 0, 0, 0], [0, 0, 0, 0, 0, 1, 0, 0, 0, 0, 0, 0, 0, 0, 0, 0, 0, 0, 0, 0, 0, 0], [0, 0, 0, 0, 0, 0, 1, 0, 0, 0, 0, 0, 0, 0, 0, 0, 0, 0, 0, 0, 0, 0], [0, 0, 0, 0, 0, 0, 0, 1, 0, 0, 0, 0, 0, 0, 0, 0, 0, 0, 0, 0, 0, 0], [0, 0, 0, 0, 0, 0, 0, 0, 1, 0, 0, 0, 0, 0, 0, 0, 0, 0, 0, 0, 0, 0], [0, 0, 0, 0, 0, 0, 0, 0, 0, 1, 0, 0, 0, 0, 0, 0, 0, 0, 0, 0, 0, 0], [0, 0, 0, 0, 0, 0, 0, 0, 0, 0, 1, 0, 0, 0, 0, 0, 0, 0, 0, 0, 0, 0], [0, 0, 0, 0, 0, 0, 0, 0, 0, 0, 0, 1, 0, 0, 0, 0, 0, 0, 0, 0, 0, 0], [0, 0, 0, 0, 0, 0, 0, 0, 0, 0, 0, 0, 1, 0, 0, 0, 0, 0, 0, 0, 0, 0], [0, 0, 0, 0, 0, 0, 0, 0, 0, 0, 0, 0, 0, 1, 0, 0, 0, 0, 0, 0, 0, 0], [0, 0, 0, 0, 0, 0, 0, 0, 0, 0, 0, 0, 0, 0, 1, 0, 0, 0, 0, 0, 0, 0], [0, 0, 0, 0, 0, 0, 0, 0, 0, 0, 0, 0, 0, 0, 0, 1, 0, 0, 0, 0, 0, 0], [0, 0, 0, 0, 0, 0, 0, 0, 0, 0, 0, 0, 0, 0, 0, 0, 1, 0, 0, 0, 0, 0], [0, 0, 0, 0, 0, 0, 0, 0, 0, 0, 0, 0, 0, 0, 0, 0, 0, 1, 0, 0, 0, 0], [0, 0, 0, 0, 0, 0, 0, 0, 0, 0, 0, 0, 0, 0, 0, 0, 0, 0, 1, 0, 0, 0], [0, 0, 0, 0, 0, 0, 0, 0, 0, 0, 0, 0, 0, 0, 0, 0, 0, 0, 0, 1, 0, 0], [0, 0, 0, 0, 0, 0, 0, 0, 0, 0, 0, 0, 0, 0, 0, 0, 0, 0, 0, 0, 1, 0], [0, 0, 0, 0, 0, 0, 0, 0, 0, 0, 0, 0, 0, 0, 0, 0, 0, 0, 0, 0, 0, 1]]
[[1, 0, 0, 0, 0, 0, 0, 0, 0, 0, 0, 0, 0, 0, 0, 0, 0, 0, 0, 0, 0, 0], [0, 1, 0, 0, 0, 0, 0, 0, 0, 0, 0, 0, 0, 0, 0, 0, 0, 0, 0, 0, 0, 0], [0, 0, 1, 0, 0, 0, 0, 0, 0, 0, 0, 0, 0, 0, 0, 0, 0, 0, 0, 0, 0, 0], [0, 0, 0, 1, 0, 0, 0, 0, 0, 0, 0, 0, 0, 0, 0, 0, 0, 0, 0, 0, 0, 0], [0, 0, 0, 0, 1, 0, 0, 0, 0, 0, 0, 0, 0, 0, 0, 0, 0, 0, 0, 0, 0, 0], [0, 0, 0, 0, 0, 1, 0, 0, 0, 0, 0, 0, 0, 0, 0, 0, 0, 0, 0, 0, 0, 0], [0, 0, 0, 0, 0, 0, 1, 0, 0, 0, 0, 0, 0, 0, 0, 0, 0, 0, 0, 0, 0, 0], [0, 0, 0, 0, 0, 0, 0, 1, 0, 0, 0, 0, 0, 0, 0, 0, 0, 0, 0, 0, 0, 0], [0, 0, 0, 0, 0, 0, 0, 0, 1, 0, 0, 0, 0, 0, 0, 0, 0, 0, 0, 0, 0, 0], [0, 0, 0, 0, 0, 0, 0, 0, 0, 1, 0, 0, 0, 0, 0, 0, 0, 0, 0, 0, 0, 0], [0, 0, 0, 0, 0, 0, 0, 0, 0, 0, 1, 0, 0, 0, 0, 0, 0, 0, 0, 0, 0, 0], [0, 0, 0, 0, 0, 0, 0, 0, 0, 0, 0, 1, 0, 0, 0, 0, 0, 0, 0, 0, 0, 0], [0, 0, 0, 0, 0, 0, 0, 0, 0, 0, 0, 0, 1, 0, 0, 0, 0, 0, 0, 0, 0, 0], [0, 0, 0, 0, 0, 0, 0, 0, 0, 0, 0, 0, 0, 1, 0, 0, 0, 0, 0, 0, 0, 0], [0, 0, 0, 0, 0, 0, 0, 0, 0, 0, 0, 0, 0, 0, 1, 0, 0, 0, 0, 0, 0, 0], [0, 0, 0, 0, 0, 0, 0, 0, 0, 0, 0, 0, 0, 0, 0, 1, 0, 0, 0, 0, 0, 0], [0, 0, 0, 0, 0, 0, 0, 0, 0, 0, 0, 0, 0, 0, 0, 0, 1, 0, 0, 0, 0, 0], [0, 0, 0, 0, 0, 0, 0, 0, 0, 0, 0, 0, 0, 0, 0, 0, 0, 1, 0, 0, 0, 0], [0, 0, 0, 0, 0, 0, 0, 0, 0, 0, 0, 0, 0, 0, 0, 0, 0, 0, 1, 0, 0, 0], [0, 0, 0, 0, 0, 0, 0, 0, 0, 0, 0, 0, 0, 0, 0, 0, 0, 0, 0, 1, 0, 0], [0, 0, 0, 0, 0, 0, 0, 0, 0, 0, 0, 0, 0, 0, 0, 0, 0, 0, 0, 0, 1, 0], [0, 0, 0, 0, 0, 0, 0, 0, 0, 0, 0, 0, 0, 0, 0, 0, 0, 0, 0, 0, 0, 1]]
[[1, 0, 0, 0, 0, 0, 0, 0, 0, 0, 0, 0, 0, 0, 0, 0, 0, 0, 0, 0, 0, 0], [0, 1, 0, 0, 0, 0, 0, 0, 0, 0, 0, 0, 0, 0, 0, 0, 0, 0, 0, 0, 0, 0], [0, 0, 1, 0, 0, 0, 0, 0, 0, 0, 0, 0, 0, 0, 0, 0, 0, 0, 0, 0, 0, 0], [0, 0, 0, 1, 0, 0, 0, 0, 0, 0, 0, 0, 0, 0, 0, 0, 0, 0, 0, 0, 0, 0], [0, 0, 0, 0, 1, 0, 0, 0, 0, 0, 0, 0, 0, 0, 0, 0, 0, 0, 0, 0, 0, 0], [0, 0, 0, 0, 0, 1, 0, 0, 0, 0, 0, 0, 0, 0, 0, 0, 0, 0, 0, 0, 0, 0], [0, 0, 0, 0, 0, 0, 1, 0, 0, 0, 0, 0, 0, 0, 0, 0, 0, 0, 0, 0, 0, 0], [0, 0, 0, 0, 0, 0, 0, 1, 0, 0, 0, 0, 0, 0, 0, 0, 0, 0, 0, 0, 0, 0], [0, 0, 0, 0, 0, 0, 0, 0, 1, 0, 0, 0, 0, 0, 0, 0, 0, 0, 0, 0, 0, 0], [0, 0, 0, 0, 0, 0, 0, 0, 0, 1, 0, 0, 0, 0, 0, 0, 0, 0, 0, 0, 0, 0], [0, 0, 0, 0, 0, 0, 0, 0, 0, 0, 1, 0, 0, 0, 0, 0, 0, 0, 0, 0, 0, 0], [0, 0, 0, 0, 0, 0, 0, 0, 0, 0, 0, 1, 0, 0, 0, 0, 0, 0, 0, 0, 0, 0], [0, 0, 0, 0, 0, 0, 0, 0, 0, 0, 0, 0, 1, 0, 0, 0, 0, 0, 0, 0, 0, 0], [0, 0, 0, 0, 0, 0, 0, 0, 0, 0, 0, 0, 0, 1, 0, 0, 0, 0, 0, 0, 0, 0], [0, 0, 0, 0, 0, 0, 0, 0, 0, 0, 0, 0, 0, 0, 1, 0, 0, 0, 0, 0, 0, 0], [0, 0, 0, 0, 0, 0, 0, 0, 0, 0, 0, 0, 0, 0, 0, 1, 0, 0, 0, 0, 0, 0], [0, 0, 0, 0, 0, 0, 0, 0, 0, 0, 0, 0, 0, 0, 0, 0, 1, 0, 0, 0, 0, 0], [0, 0, 0, 0, 0, 0, 0, 0, 0, 0, 0, 0, 0, 0, 0, 0, 0, 1, 0, 0, 0, 0], [0, 0, 0, 0, 0, 0, 0, 0, 0, 0, 0, 0, 0, 0, 0, 0, 0, 0, 1, 0, 0, 0], [0, 0, 0, 0, 0, 0, 0, 0, 0, 0, 0, 0, 0, 0, 0, 0, 0, 0, 0, 1, 0, 0], [0, 0, 0, 0, 0, 0, 0, 0, 0, 0, 0, 0, 0, 0, 0, 0, 0, 0, 0, 0, 1, 0], [0, 0, 0, 0, 0, 0, 0, 0, 0, 0, 0, 0, 0, 0, 0, 0, 0, 0, 0, 0, 0, 1]]
[[1, 0, 0, 0, 0, 0, 0, 0, 0, 0, 0, 0, 0, 0, 0, 0, 0, 0, 0, 0, 0, 0], [0, 1, 0, 0, 0, 0, 0, 0, 0, 0, 0, 0, 0, 0, 0, 0, 0, 0, 0, 0, 0, 0], [0, 0, 1, 0, 0, 0, 0, 0, 0, 0, 0, 0, 0, 0, 0, 0, 0, 0, 0, 0, 0, 0], [0, 0, 0, 1, 0, 0, 0, 0, 0, 0, 0, 0, 0, 0, 0, 0, 0, 0, 0, 0, 0, 0], [0, 0, 0, 0, 1, 0, 0, 0, 0, 0, 0, 0, 0, 0, 0, 0, 0, 0, 0, 0, 0, 0], [0, 0, 0, 0, 0, 1, 0, 0, 0, 0, 0, 0, 0, 0, 0, 0, 0, 0, 0, 0, 0, 0], [0, 0, 0, 0, 0, 0, 1, 0, 0, 0, 0, 0, 0, 0, 0, 0, 0, 0, 0, 0, 0, 0], [0, 0, 0, 0, 0, 0, 0, 1, 0, 0, 0, 0, 0, 0, 0, 0, 0, 0, 0, 0, 0, 0], [0, 0, 0, 0, 0, 0, 0, 0, 1, 0, 0, 0, 0, 0, 0, 0, 0, 0, 0, 0, 0, 0], [0, 0, 0, 0, 0, 0, 0, 0, 0, 1, 0, 0, 0, 0, 0, 0, 0, 0, 0, 0, 0, 0], [0, 0, 0, 0, 0, 0, 0, 0, 0, 0, 1, 0, 0, 0, 0, 0, 0, 0, 0, 0, 0, 0], [0, 0, 0, 0, 0, 0, 0, 0, 0, 0, 0, 1, 0, 0, 0, 0, 0, 0, 0, 0, 0, 0], [0, 0, 0, 0, 0, 0, 0, 0, 0, 0, 0, 0, 1, 0, 0, 0, 0, 0, 0, 0, 0, 0], [0, 0, 0, 0, 0, 0, 0, 0, 0, 0, 0, 0, 0, 1, 0, 0, 0, 0, 0, 0, 0, 0], [0, 0, 0, 0, 0, 0, 0, 0, 0, 0, 0, 0, 0, 0, 1, 0, 0, 0, 0, 0, 0, 0], [0, 0, 0, 0, 0, 0, 0, 0, 0, 0, 0, 0, 0, 0, 0, 1, 0, 0, 0, 0, 0, 0], [0, 0, 0, 0, 0, 0, 0, 0, 0, 0, 0, 0, 0, 0, 0, 0, 1, 0, 0, 0, 0, 0], [0, 0, 0, 0, 0, 0, 0, 0, 0, 0, 0, 0, 0, 0, 0, 0, 0, 1, 0, 0, 0, 0], [0, 0, 0, 0, 0, 0, 0, 0, 0, 0, 0, 0, 0, 0, 0, 0, 0, 0, 1, 0, 0, 0], [0, 0, 0, 0, 0, 0, 0, 0, 0, 0, 0, 0, 0, 0, 0, 0, 0, 0, 0, 1, 0, 0], [0, 0, 0, 0, 0, 0, 0, 0, 0, 0, 0, 0, 0, 0, 0, 0, 0, 0, 0, 0, 1, 0], [0, 0, 0, 0, 0, 0, 0, 0, 0, 0, 0, 0, 0, 0, 0, 0, 0, 0, 0, 0, 0, 1]]
[[1, 0, 0, 0, 0, 0, 0, 0, 0, 0, 0, 0, 0, 0, 0, 0, 0, 0, 0, 0, 0, 0], [0, 1, 0, 0, 0, 0, 0, 0, 0, 0, 0, 0, 0, 0, 0, 0, 0, 0, 0, 0, 0, 0], [0, 0, 1, 0, 0, 0, 0, 0, 0, 0, 0, 0, 0, 0, 0, 0, 0, 0, 0, 0, 0, 0], [0, 0, 0, 1, 0, 0, 0, 0, 0, 0, 0, 0, 0, 0, 0, 0, 0, 0, 0, 0, 0, 0], [-1, -1, 1, 0, 0, -1, 0, 0, 0, -1, -2, 0, 1, -1, 1, -1, -1, -1, 0, -1, -1, 0], [0, -1, 1, 1, 0, -1, 1, 0, 0, -1, -1, 0, 1, -1, 1, 0, -2, -1, -1, -1, -1, 0], [0, 0, 0, 0, 0, 0, 1, 0, 0, 0, 0, 0, 0, 0, 0, 0, 0, 0, 0, 0, 0, 0], [1, 1, -1, 0, 1, 1, 0, 1, 0, 1, 2, 0, -1, 1, -1, 1, 1, 1, 0, 1, 1, 0], [0, -1, 0, -1, 1, 0, 0, 1, -1, 0, 0, 0, 0, -1, 0, 0, 0, -1, 0, 0, 0, 1], [0, 0, 0, 0, 0, 0, 0, 0, 0, 1, 0, 0, 0, 0, 0, 0, 0, 0, 0, 0, 0, 0], [0, 0, 0, 0, 0, 0, 0, 0, 0, 0, 1, 0, 0, 0, 0, 0, 0, 0, 0, 0, 0, 0], [-1, 0, 0, -1, -1, 1, -1, 0, 0, 0, -1, 1, 0, 0, 0, -1, 1, 0, 1, 0, 0, 0], [1, 0, 0, 1, 1, 0, 1, 1, 0, 0, 1, 0, 0, 0, 0, 0, -1, 1, -1, 0, 0, 0], [1, 0, 0, 1, 1, 0, 1, 1, 0, 0, 1, 0, -1, 1, 0, 0, -1, 1, -1, 0, 0, 0], [-1, 0, 0, -1, -1, 0, -1, -1, 0, 0, -1, 0, 1, 0, 1, 0, 1, -1, 1, 0, 0, 0], [-1, 0, 0, -1, -1, 1, -1, 0, 0, 0, -1, 0, 0, 0, 0, 0, 1, 0, 1, 0, 0, 0], [0, 0, 0, 0, 0, 0, 0, 0, 0, 0, 0, 0, 0, 0, 0, 0, 1, 0, 0, 0, 0, 0], [-1, 0, 0, -1, -1, 0, -1, -1, 0, 0, -1, 0, 1, 0, 0, 0, 1, 0, 1, 0, 0, 0], [0, 0, 0, 0, 0, 0, 0, 0, 0, 0, 0, 0, 0, 0, 0, 0, 0, 0, 1, 0, 0, 0], [0, 0, 0, 0, 0, 0, 0, 0, 0, 0, 0, 0, 0, 0, 0, 0, 0, 0, 0, 1, 0, 0], [0, 0, 0, 0, 0, 0, 0, 0, 0, 0, 0, 0, 0, 0, 0, 0, 0, 0, 0, 0, 1, 0], [0, 0, 0, 0, 0, 0, 0, 0, 0, 0, 0, 0, 0, 0, 0, 0, 0, 0, 0, 0, 0, 1]]
[[1, 0, 0, 0, 0, 0, 1, 1, -1, 0, 0, 0, 0, 0, 0, 0, 0, 0, 0, 0, 0, 0], [0, 1, 0, 0, 0, 0, 0, 0, 0, 0, 0, 0, 0, 0, 0, 0, 0, 0, 0, 0, 0, 0], [0, 0, 1, 0, 0, 0, 1, 1, -1, 0, 0, 0, 0, 0, 0, 0, 0, 0, 0, 0, 0, 0], [0, 0, 0, 1, 0, 0, 0, 0, 0, 0, 0, 0, 0, 0, 0, 0, 0, 0, 0, 0, 0, 0], [0, 0, 0, 0, 1, 0, 1, 1, -1, 0, 0, 0, 0, 0, 0, 0, 0, 0, 0, 0, 0, 0], [-1, -1, 1, 0, 0, 0, 0, 0, 0, 0, -1, 1, 1, -1, 1, -1, -1, -1, 0, -1, -1, 0], [0, 0, 0, 0, 0, 0, 0, -1, 1, 0, 0, 0, 0, 0, 0, 0, 0, 0, 0, 0, 0, 0], [0, 0, 0, 0, 0, 0, 0, 1, 0, 0, 0, 0, 0, 0, 0, 0, 0, 0, 0, 0, 0, 0], [0, 0, 0, 0, 0, 0, 1, 1, 0, 0, 0, 0, 0, 0, 0, 0, 0, 0, 0, 0, 0, 0], [0, 0, 0, 0, 0, 0, 0, 0, 0, 1, 0, 0, 0, 0, 0, 0, 0, 0, 0, 0, 0, 0], [0, 0, 0, 0, 0, 0, -1, -1, 1, 0, 1, 0, 0, 0, 0, 0, 0, 0, 0, 0, 0, 0], [1, 1, -1, 0, 0, 1, 1, 1, -1, 0, 1, 0, -1, 1, -1, 1, 1, 1, 0, 1, 1, 0], [0, -1, 0, 0, 1, 0, 0, 1, -1, 0, 1, 0, 0, -1, -1, 0, 0, 0, 0, 0, 0, 1], [0, -1, 0, 0, 1, 0, 0, 1, -1, 0, 1, 0, -1, 0, -1, 0, 0, 0, 0, 0, 0, 1], [0, 0, 0, 0, 0, 0, -1, -1, 1, 0, 0, 0, 0, 0, 1, 0, 0, 0, 0, 0, 0, 0], [0, 0, 0, 0, 0, 0, 0, 0, 0, 0, 0, 0, 0, 0, 0, 1, 0, 0, 0, 0, 0, 0], [1, 0, 0, 1, 1, 0, 2, 2, -1, 0, 1, 0, 0, 0, 0, 1, 0, 1, -1, 1, 0, 0], [0, 0, 0, 0, 0, 0, 0, 0, 0, 0, 0, 0, 0, 0, 0, 0, 0, 1, 0, 0, 0, 0], [0, 0, 0, 0, 0, 0, -1, -1, 1, 0, 0, 0, 0, 0, 0, 0, 0, 0, 1, 0, 0, 0], [-1, 0, 0, -1, -1, 0, -1, -1, 0, 0, -1, 0, 0, 0, 0, -1, 1, -1, 1, 0, 0, 0], [0, 0, 0, 0, 0, 0, 0, 0, 0, 0, 0, 0, 0, 0, 0, 0, 0, 0, 0, 0, 1, 0], [0, 0, 0, 0, 0, 0, 0, 0, 0, 0, 0, 0, 0, 0, 0, 0, 0, 0, 0, 0, 0, 1]]
[[1, 0, 0, 0, 0, 0, 0, 0, 0, 0, 0, 0, 0, 0, 0, 0, 0, 0, 0, 0, 0, 0], [0, 1, 0, 0, 0, 0, 0, 0, 0, 0, 0, 0, 0, 0, 0, 0, 0, 0, 0, 0, 0, 0], [0, 0, 1, 0, 0, 0, 0, 0, 0, 0, 0, 0, 0, 0, 0, 0, 0, 0, 0, 0, 0, 0], [0, 0, 0, 1, 0, 0, 0, 0, 0, 0, 0, 0, 0, 0, 0, 0, 0, 0, 0, 0, 0, 0], [0, 0, 0, 0, 1, 0, 0, 0, 0, 0, 0, 0, 0, 0, 0, 0, 0, 0, 0, 0, 0, 0], [0, 0, 0, 0, 0, 1, 0, 0, 0, 0, 0, 0, 0, 0, 0, 0, 0, 0, 0, 0, 0, 0], [0, 0, 0, 0, 0, 0, 1, 0, 0, 0, 0, 0, 0, 0, 0, 0, 0, 0, 0, 0, 0, 0], [0, 0, 0, 0, 0, 0, 0, 1, 0, 0, 0, 0, 0, 0, 0, 0, 0, 0, 0, 0, 0, 0], [0, 0, 0, 0, 0, 0, 0, 0, 1, 0, 0, 0, 0, 0, 0, 0, 0, 0, 0, 0, 0, 0], [0, 0, 0, 0, 0, 0, 0, 0, 0, 1, 0, 0, 0, 0, 0, 0, 0, 0, 0, 0, 0, 0], [0, 0, 0, 0, 0, 0, 0, 0, 0, 0, 1, 0, 0, 0, 0, 0, 0, 0, 0, 0, 0, 0], [0, 0, 0, 0, 0, 0, 0, 0, 0, 0, 0, 1, 0, 0, 0, 0, 0, 0, 0, 0, 0, 0], [0, 0, 0, 0, 0, 0, 0, 0, 0, 0, 0, 0, 1, 0, 0, 0, 0, 0, 0, 0, 0, 0], [0, 0, 0, 0, 0, 0, 0, 0, 0, 0, 0, 0, 0, 1, 0, 0, 0, 0, 0, 0, 0, 0], [0, 0, 0, 0, 0, 0, 0, 0, 0, 0, 0, 0, 0, 0, 1, 0, 0, 0, 0, 0, 0, 0], [0, 0, 0, 0, 0, 0, 0, 0, 0, 0, 0, 0, 0, 0, 0, 1, 0, 0, 0, 0, 0, 0], [0, 0, 0, 0, 0, 0, 0, 0, 0, 0, 0, 0, 0, 0, 0, 0, 1, 0, 0, 0, 0, 0], [0, 0, 0, 0, 0, 0, 0, 0, 0, 0, 0, 0, 0, 0, 0, 0, 0, 1, 0, 0, 0, 0], [0, 0, 0, 0, 0, 0, 0, 0, 0, 0, 0, 0, 0, 0, 0, 0, 0, 0, 1, 0, 0, 0], [0, 0, 0, 0, 0, 0, 0, 0, 0, 0, 0, 0, 0, 0, 0, 0, 0, 0, 0, 1, 0, 0], [0, 0, 0, 0, 0, 0, 0, 0, 0, 0, 0, 0, 0, 0, 0, 0, 0, 0, 0, 0, 1, 0], [0, 0, 0, 0, 0, 0, 0, 0, 0, 0, 0, 0, 0, 0, 0, 0, 0, 0, 0, 0, 0, 1]]
[[0, -2, 1, -1, 0, 0, 0, 1, -1, 0, -2, 0, 2, -2, 1, 0, 0, -1, 1, 0, -1, 0], [1, -1, 0, 2, 1, 0, 2, 2, 0, 1, 1, 1, 1, -1, 0, 1, 0, 1, 0, 1, 0, 0], [0, -4, 2, 1, 1, 0, 2, 3, -1, 1, -1, 1, 3, -3, 1, 1, 0, 0, 1, 1, -1, 0], [1, 4, -2, 2, -1, 0, 0, -2, 2, 0, 1, 0, -2, 3, -1, 0, 0, 1, -1, 0, 1, -1], [0, 0, 0, 0, 1, 0, 0, 0, 0, 0, 0, 0, 0, 0, 0, 0, 0, 0, 0, 0, 0, 0], [1, 4, -2, 1, -1, 1, 0, -2, 2, 0, 1, 0, -2, 3, -1, 0, 0, 1, -1, 0, 1, -1], [0, 4, -1, -1, -1, 0, -1, -3, 1, -1, 1, -1, -3, 3, -1, -1, 0, 0, -1, -1, 1, 0], [0, -6, 2, 1, 2, 0, 2, 5, -2, 1, 0, 1, 3, -4, 1, 1, 0, 0, 1, 1, -1, 1], [-1, -4, 2, -1, 1, 0, 0, 2, -1, 0, -1, 0, 2, -3, 1, 0, 0, -1, 1, 0, -1, 1], [0, -1, 0, 1, 0, 0, 1, 1, 0, 1, 0, 1, 1, -1, 0, 0, 0, 0, 0, 0, 0, 0], [1, 4, -2, 1, -1, 0, 0, -2, 2, 0, 2, 0, -2, 3, -1, 0, 0, 1, -1, 0, 1, -1], [-2, -5, 3, -3, 1, 0, -1, 2, -3, 0, -3, 0, 3, -4, 2, 0, 0, -2, 2, 0, -2, 1], [1, -1, 0, 1, 1, 0, 1, 1, 0, 1, 1, 0, 1, 0, 0, 1, 0, 1, 0, 1, 0, 0], [-1, -4, 2, -1, 1, 0, 0, 2, -2, 0, -1, 0, 2, -2, 1, 0, 0, -1, 1, 0, -1, 1], [0, 5, -2, 0, -2, 0, -1, -3, 2, -1, 0, 0, -2, 3, 0, -1, 0, 0, -1, -1, 1, -1], [-1, -4, 2, -1, 1, 0, 0, 2, -2, 0, -1, 0, 2, -3, 1, 1, 0, -1, 1, 0, -1, 1], [0, -3, 1, 0, 1, 0, 1, 2, -1, 1, -1, 0, 2, -2, 1, 1, 1, 0, 1, 1, -1, 0], [-1, -2, 1, -1, 0, 0, 0, 1, -1, 0, -2, 0, 2, -2, 1, 0, 0, 0, 1, 0, -1, 0], [0, 3, -1, 0, -1, 0, -1, -2, 1, -1, 1, 0, -2, 2, -1, -1, 0, 0, 0, -1, 1, 0], [0, 3, -1, 0, -1, 0, -1, -2, 1, -1, 1, 0, -2, 2, -1, -1, 0, 0, -1, 0, 1, 0], [0, 0, 0, 0, 0, 0, 0, 0, 0, 0, 0, 0, 0, 0, 0, 0, 0, 0, 0, 0, 1, 0], [-1, -2, 1, -1, 0, 0, 0, 1, -1, 0, -2, 0, 2, -2, 1, 0, 0, -1, 1, 0, -1, 1]]
[[-1, -4, 2, -1, 0, 0, 0, 2, -2, 0, -2, 1, 3, -4, 1, 0, 0, -1, 2, 0, 0, 1], [-1, -4, 2, 0, 1, 0, 1, 3, -2, 1, 0, 2, 3, -4, 1, 1, 0, 0, 1, 2, 0, 1], [-2, -5, 3, 0, 0, 0, 1, 3, -2, 1, -2, 2, 4, -5, 1, 0, 0, 0, 2, 1, 0, 1], [1, 2, -1, 1, 0, 0, 0, -1, 1, 0, 1, 0, -1, 2, 0, 0, 0, 0, -1, 0, 0, -1], [0, 0, 0, 0, 1, 0, 0, 0, 0, 0, 0, 0, 0, 0, 0, 0, 0, 0, 0, 0, 0, 0], [2, 6, -3, 1, -1, 1, 0, -3, 3, 0, 1, -1, -3, 5, -1, -1, 0, 1, -2, -1, 0, -2], [3, 9, -4, 1, -1, 0, 0, -5, 4, -1, 2, -3, -6, 8, -2, -1, 0, 1, -3, -2, 0, -2], [-2, -7, 3, 0, 1, 0, 1, 5, -3, 1, -1, 2, 4, -6, 1, 1, 0, 0, 2, 2, 0, 2], [-1, -2, 1, 0, 0, 0, 0, 1, 0, 0, -1, 0, 1, -2, 0, 0, 0, 0, 1, 0, 0, 1], [0, 0, 0, 0, 0, 0, 0, 0, 0, 1, 0, 0, 0, 0, 0, 0, 0, 0, 0, 0, 0, 0], [2, 4, -2, 1, 0, 0, 0, -2, 2, 0, 3, -1, -3, 4, -1, 0, 0, 1, -2, 0, 0, -1], [-3, -6, 3, -1, 0, 0, 0, 3, -3, 0, -3, 2, 4, -6, 1, 0, 0, -1, 3, 0, 0, 2], [0, -2, 1, 0, 1, 0, 0, 1, -1, 0, 1, 0, 1, -1, 0, 1, 0, 0, 0, 1, 0, 1], [-1, -2, 1, 0, 0, 0, 0, 1, -1, 0, -1, 0, 1, -1, 0, 0, 0, 0, 1, 0, 0, 1], [1, 2, -1, 0, 0, 0, 0, -1, 1, 0, 1, 0, -1, 2, 1, 0, 0, 0, -1, 0, 0, -1], [-2, -5, 2, 0, 0, 0, 1, 3, -2, 1, -2, 2, 4, -5, 1, 1, 0, 0, 2, 1, 0, 1], [-3, -9, 4, -1, 1, 0, 1, 5, -4, 1, -2, 3, 6, -8, 2, 1, 1, -1, 3, 2, 0, 2], [-2, -6, 3, -2, 1, 0, 0, 3, -3, 0, -1, 2, 4, -5, 2, 1, 0, -1, 2, 1, 0, 1], [2, 4, -2, 1, 0, 0, 0, -2, 2, 0, 2, -1, -3, 4, -1, 0, 0, 1, -1, 0, 0, -1], [1, 5, -2, 0, -1, 0, -1, -3, 2, -1, 0, -2, -3, 4, -1, -1, 0, 0, -1, -1, 0, -1], [1, 2, -1, 1, 0, 0, 0, -1, 1, 0, 1, -1, -2, 2, -1, 0, 0, 1, -1, 0, 1, 0], [-1, -2, 1, -1, 0, 0, 0, 1, -1, 0, -1, 1, 2, -2, 1, 0, 0, -1, 1, 0, 0, 1]]
[[0, -2, 1, 0, 0, 0, 0, 1, -1, 0, 0, 1, 1, -2, 0, 0, 0, 0, 1, 1, 0, 1], [-1, -1, 1, 0, 0, 0, 0, 1, -1, 0, 0, 1, 1, -2, 0, 0, 0, 0, 1, 1, 0, 1], [-1, -2, 2, 0, 0, 0, 0, 1, -1, 0, 0, 1, 1, -2, 0, 0, 0, 0, 1, 1, 0, 1], [0, 0, 0, 1, 0, 0, 0, 0, 0, 0, 0, 0, 0, 0, 0, 0, 0, 0, 0, 0, 0, 0], [0, 0, 0, 0, 1, 0, 0, 0, 0, 0, 0, 0, 0, 0, 0, 0, 0, 0, 0, 0, 0, 0], [1, 2, -1, 0, 0, 1, 0, -1, 1, 0, 0, -1, -1, 2, 0, 0, 0, 0, -1, -1, 0, -1], [2, 4, -2, 0, 0, 0, 1, -2, 2, 0, 0, -2, -2, 4, 0, 0, 0, 0, -2, -2, 0, -2], [-1, -2, 1, 0, 0, 0, 0, 2, -1, 0, 0, 1, 1, -2, 0, 0, 0, 0, 1, 1, 0, 1], [0, 0, 0, 0, 0, 0, 0, 0, 1, 0, 0, 0, 0, 0, 0, 0, 0, 0, 0, 0, 0, 0], [0, 0, 0, 0, 0, 0, 0, 0, 0, 1, 0, 0, 0, 0, 0, 0, 0, 0, 0, 0, 0, 0], [1, 2, -1, 0, 0, 0, 0, -1, 1, 0, 1, -1, -1, 2, 0, 0, 0, 0, -1, -1, 0, -1], [-1, -2, 1, 0, 0, 0, 0, 1, -1, 0, 0, 2, 1, -2, 0, 0, 0, 0, 1, 1, 0, 1], [0, 0, 0, 0, 0, 0, 0, 0, 0, 0, 0, 0, 1, 0, 0, 0, 0, 0, 0, 0, 0, 0], [0, 0, 0, 0, 0, 0, 0, 0, 0, 0, 0, 0, 0, 1, 0, 0, 0, 0, 0, 0, 0, 0], [0, 0, 0, 0, 0, 0, 0, 0, 0, 0, 0, 0, 0, 0, 1, 0, 0, 0, 0, 0, 0, 0], [-1, -2, 1, 0, 0, 0, 0, 1, -1, 0, 0, 1, 1, -2, 0, 1, 0, 0, 1, 1, 0, 1], [-2, -4, 2, 0, 0, 0, 0, 2, -2, 0, 0, 2, 2, -4, 0, 0, 1, 0, 2, 2, 0, 2], [-1, -2, 1, 0, 0, 0, 0, 1, -1, 0, 0, 1, 1, -2, 0, 0, 0, 1, 1, 1, 0, 1], [1, 2, -1, 0, 0, 0, 0, -1, 1, 0, 0, -1, -1, 2, 0, 0, 0, 0, 0, -1, 0, -1], [1, 2, -1, 0, 0, 0, 0, -1, 1, 0, 0, -1, -1, 2, 0, 0, 0, 0, -1, 0, 0, -1], [0, 0, 0, 0, 0, 0, 0, 0, 0, 0, 0, 0, 0, 0, 0, 0, 0, 0, 0, 0, 1, 0], [0, 0, 0, 0, 0, 0, 0, 0, 0, 0, 0, 0, 0, 0, 0, 0, 0, 0, 0, 0, 0, 1]]
[[1, 0, 0, 0, 0, 0, 0, 0, 0, 0, 0, 0, 0, 0, 0, 0, 0, 0, 0, 0, 0, 0], [0, 1, 0, 0, 0, 0, 0, 0, 0, 0, 0, 0, 0, 0, 0, 0, 0, 0, 0, 0, 0, 0], [0, 0, 1, 0, 0, 0, 0, 0, 0, 0, 0, 0, 0, 0, 0, 0, 0, 0, 0, 0, 0, 0], [0, 0, 0, 1, 0, 0, 0, 0, 0, 0, 0, 0, 0, 0, 0, 0, 0, 0, 0, 0, 0, 0], [0, 0, 0, 0, 1, 0, 0, 0, 0, 0, 0, 0, 0, 0, 0, 0, 0, 0, 0, 0, 0, 0], [0, 0, 0, 0, 0, 1, 0, 0, 0, 0, 0, 0, 0, 0, 0, 0, 0, 0, 0, 0, 0, 0], [0, 0, 0, 0, 0, 0, 1, 0, 0, 0, 0, 0, 0, 0, 0, 0, 0, 0, 0, 0, 0, 0], [0, 0, 0, 0, 0, 0, 0, 1, 0, 0, 0, 0, 0, 0, 0, 0, 0, 0, 0, 0, 0, 0], [0, 0, 0, 0, 0, 0, 0, 0, 1, 0, 0, 0, 0, 0, 0, 0, 0, 0, 0, 0, 0, 0], [0, 0, 0, 0, 0, 0, 0, 0, 0, 1, 0, 0, 0, 0, 0, 0, 0, 0, 0, 0, 0, 0], [0, 0, 0, 0, 0, 0, 0, 0, 0, 0, 1, 0, 0, 0, 0, 0, 0, 0, 0, 0, 0, 0], [0, 0, 0, 0, 0, 0, 0, 0, 0, 0, 0, 1, 0, 0, 0, 0, 0, 0, 0, 0, 0, 0], [0, 0, 0, 0, 0, 0, 0, 0, 0, 0, 0, 0, 1, 0, 0, 0, 0, 0, 0, 0, 0, 0], [0, 0, 0, 0, 0, 0, 0, 0, 0, 0, 0, 0, 0, 1, 0, 0, 0, 0, 0, 0, 0, 0], [0, 0, 0, 0, 0, 0, 0, 0, 0, 0, 0, 0, 0, 0, 1, 0, 0, 0, 0, 0, 0, 0], [0, 0, 0, 0, 0, 0, 0, 0, 0, 0, 0, 0, 0, 0, 0, 1, 0, 0, 0, 0, 0, 0], [0, 0, 0, 0, 0, 0, 0, 0, 0, 0, 0, 0, 0, 0, 0, 0, 1, 0, 0, 0, 0, 0], [0, 0, 0, 0, 0, 0, 0, 0, 0, 0, 0, 0, 0, 0, 0, 0, 0, 1, 0, 0, 0, 0], [0, 0, 0, 0, 0, 0, 0, 0, 0, 0, 0, 0, 0, 0, 0, 0, 0, 0, 1, 0, 0, 0], [0, 0, 0, 0, 0, 0, 0, 0, 0, 0, 0, 0, 0, 0, 0, 0, 0, 0, 0, 1, 0, 0], [0, 0, 0, 0, 0, 0, 0, 0, 0, 0, 0, 0, 0, 0, 0, 0, 0, 0, 0, 0, 1, 0], [0, 0, 0, 0, 0, 0, 0, 0, 0, 0, 0, 0, 0, 0, 0, 0, 0, 0, 0, 0, 0, 1]]
[[1, 0, 0, 0, 0, 0, 0, 0, 0, 0, 0, 0, 0, 0, 0, 0, 0, 0, 0, 0, 0, 0], [0, 1, 0, 0, 0, 0, 0, 0, 0, 0, 0, 0, 0, 0, 0, 0, 0, 0, 0, 0, 0, 0], [0, 0, 1, 0, 0, 0, 0, 0, 0, 0, 0, 0, 0, 0, 0, 0, 0, 0, 0, 0, 0, 0], [0, 0, 0, 1, 0, 0, 0, 0, 0, 0, 0, 0, 0, 0, 0, 0, 0, 0, 0, 0, 0, 0], [0, 0, 0, 0, 1, 0, 0, 0, 0, 0, 0, 0, 0, 0, 0, 0, 0, 0, 0, 0, 0, 0], [0, 0, 0, 0, 0, 1, 0, 0, 0, 0, 0, 0, 0, 0, 0, 0, 0, 0, 0, 0, 0, 0], [0, 0, 0, 0, 0, 0, 1, 0, 0, 0, 0, 0, 0, 0, 0, 0, 0, 0, 0, 0, 0, 0], [0, 0, 0, 0, 0, 0, 0, 1, 0, 0, 0, 0, 0, 0, 0, 0, 0, 0, 0, 0, 0, 0], [0, 0, 0, 0, 0, 0, 0, 0, 1, 0, 0, 0, 0, 0, 0, 0, 0, 0, 0, 0, 0, 0], [0, 0, 0, 0, 0, 0, 0, 0, 0, 1, 0, 0, 0, 0, 0, 0, 0, 0, 0, 0, 0, 0], [0, 0, 0, 0, 0, 0, 0, 0, 0, 0, 1, 0, 0, 0, 0, 0, 0, 0, 0, 0, 0, 0], [0, 0, 0, 0, 0, 0, 0, 0, 0, 0, 0, 1, 0, 0, 0, 0, 0, 0, 0, 0, 0, 0], [0, 0, 0, 0, 0, 0, 0, 0, 0, 0, 0, 0, 1, 0, 0, 0, 0, 0, 0, 0, 0, 0], [0, 0, 0, 0, 0, 0, 0, 0, 0, 0, 0, 0, 0, 1, 0, 0, 0, 0, 0, 0, 0, 0], [0, 0, 0, 0, 0, 0, 0, 0, 0, 0, 0, 0, 0, 0, 1, 0, 0, 0, 0, 0, 0, 0], [0, 0, 0, 0, 0, 0, 0, 0, 0, 0, 0, 0, 0, 0, 0, 1, 0, 0, 0, 0, 0, 0], [0, 0, 0, 0, 0, 0, 0, 0, 0, 0, 0, 0, 0, 0, 0, 0, 1, 0, 0, 0, 0, 0], [0, 0, 0, 0, 0, 0, 0, 0, 0, 0, 0, 0, 0, 0, 0, 0, 0, 1, 0, 0, 0, 0], [0, 0, 0, 0, 0, 0, 0, 0, 0, 0, 0, 0, 0, 0, 0, 0, 0, 0, 1, 0, 0, 0], [0, 0, 0, 0, 0, 0, 0, 0, 0, 0, 0, 0, 0, 0, 0, 0, 0, 0, 0, 1, 0, 0], [0, 0, 0, 0, 0, 0, 0, 0, 0, 0, 0, 0, 0, 0, 0, 0, 0, 0, 0, 0, 1, 0], [0, 0, 0, 0, 0, 0, 0, 0, 0, 0, 0, 0, 0, 0, 0, 0, 0, 0, 0, 0, 0, 1]]
[[1, 0, 0, 0, 0, 0, 0, 0, 0, 0, 0, 0, 0, 0, 0, 0, 0, 0, 0, 0, 0, 0], [0, 1, 0, 0, 0, 0, 0, 0, 0, 0, 0, 0, 0, 0, 0, 0, 0, 0, 0, 0, 0, 0], [0, 0, 1, 0, 0, 0, 0, 0, 0, 0, 0, 0, 0, 0, 0, 0, 0, 0, 0, 0, 0, 0], [0, 0, 0, 1, 0, 0, 0, 0, 0, 0, 0, 0, 0, 0, 0, 0, 0, 0, 0, 0, 0, 0], [0, 0, 0, 0, 1, 0, 0, 0, 0, 0, 0, 0, 0, 0, 0, 0, 0, 0, 0, 0, 0, 0], [0, 0, 0, 0, 0, 1, 0, 0, 0, 0, 0, 0, 0, 0, 0, 0, 0, 0, 0, 0, 0, 0], [0, 0, 0, 0, 0, 0, 1, 0, 0, 0, 0, 0, 0, 0, 0, 0, 0, 0, 0, 0, 0, 0], [0, 0, 0, 0, 0, 0, 0, 1, 0, 0, 0, 0, 0, 0, 0, 0, 0, 0, 0, 0, 0, 0], [0, 0, 0, 0, 0, 0, 0, 0, 1, 0, 0, 0, 0, 0, 0, 0, 0, 0, 0, 0, 0, 0], [0, 0, 0, 0, 0, 0, 0, 0, 0, 1, 0, 0, 0, 0, 0, 0, 0, 0, 0, 0, 0, 0], [0, 0, 0, 0, 0, 0, 0, 0, 0, 0, 1, 0, 0, 0, 0, 0, 0, 0, 0, 0, 0, 0], [0, 0, 0, 0, 0, 0, 0, 0, 0, 0, 0, 1, 0, 0, 0, 0, 0, 0, 0, 0, 0, 0], [0, 0, 0, 0, 0, 0, 0, 0, 0, 0, 0, 0, 1, 0, 0, 0, 0, 0, 0, 0, 0, 0], [0, 0, 0, 0, 0, 0, 0, 0, 0, 0, 0, 0, 0, 1, 0, 0, 0, 0, 0, 0, 0, 0], [0, 0, 0, 0, 0, 0, 0, 0, 0, 0, 0, 0, 0, 0, 1, 0, 0, 0, 0, 0, 0, 0], [0, 0, 0, 0, 0, 0, 0, 0, 0, 0, 0, 0, 0, 0, 0, 1, 0, 0, 0, 0, 0, 0], [0, 0, 0, 0, 0, 0, 0, 0, 0, 0, 0, 0, 0, 0, 0, 0, 1, 0, 0, 0, 0, 0], [0, 0, 0, 0, 0, 0, 0, 0, 0, 0, 0, 0, 0, 0, 0, 0, 0, 1, 0, 0, 0, 0], [0, 0, 0, 0, 0, 0, 0, 0, 0, 0, 0, 0, 0, 0, 0, 0, 0, 0, 1, 0, 0, 0], [0, 0, 0, 0, 0, 0, 0, 0, 0, 0, 0, 0, 0, 0, 0, 0, 0, 0, 0, 1, 0, 0], [0, 0, 0, 0, 0, 0, 0, 0, 0, 0, 0, 0, 0, 0, 0, 0, 0, 0, 0, 0, 1, 0], [0, 0, 0, 0, 0, 0, 0, 0, 0, 0, 0, 0, 0, 0, 0, 0, 0, 0, 0, 0, 0, 1]]
[[1, 0, 0, 0, 0, 0, 0, 0, 0, 0, 0, 0, 0, 0, 0, 0, 0, 0, 0, 0, 0, 0], [0, 1, 0, 0, 0, 0, 0, 0, 0, 0, 0, 0, 0, 0, 0, 0, 0, 0, 0, 0, 0, 0], [0, 0, 1, 0, 0, 0, 0, 0, 0, 0, 0, 0, 0, 0, 0, 0, 0, 0, 0, 0, 0, 0], [-1, 0, 1, -2, -1, -1, -2, -3, 1, -1, -2, -2, 1, 0, 1, 0, -1, -1, 0, -1, -1, 0], [-1, 0, 0, -1, 0, 0, -1, -1, 0, 0, -1, 0, 0, 0, 0, -1, 0, -1, 0, -1, -1, 0], [-1, 0, 1, -1, -1, 0, -1, -2, 1, -1, -2, -1, 1, 0, 1, 0, -1, -1, 0, -1, -1, 0], [-1, 0, 0, -1, -1, 0, -1, -2, 1, 0, -1, 0, 0, 0, 0, -1, -1, -1, 0, -2, -1, 0], [0, 0, 0, 0, 0, 0, 0, 1, 0, 0, 0, 0, 0, 0, 0, 0, 0, 0, 0, 0, 0, 0], [-1, 0, 0, -1, -1, 0, -1, -1, 1, 0, -1, 0, 0, 0, 0, -1, 0, -1, 0, -1, -1, 0], [-1, 0, 1, -1, -1, -1, -1, -2, 1, 0, -2, -1, 1, 0, 1, 0, -1, -1, 0, -1, -1, 0], [-1, 0, 1, -1, -1, -1, -1, -2, 1, -1, -1, -1, 1, 0, 1, 0, -1, -1, 0, -1, -1, 0], [3, 0, -2, 3, 3, 2, 4, 6, -3, 2, 5, 3, -2, 0, -2, 1, 3, 3, 0, 4, 3, 0], [0, 0, 0, 0, 0, 0, 0, 0, 0, 0, 0, 0, 1, 0, 0, 0, 0, 0, 0, 0, 0, 0], [1, 0, -1, 1, 1, 1, 1, 2, -1, 1, 2, 1, -1, 1, -1, 0, 1, 1, 0, 1, 1, 0], [0, 0, 0, 0, 0, 0, 0, 0, 0, 0, 0, 0, 0, 0, 1, 0, 0, 0, 0, 0, 0, 0], [3, 0, -2, 3, 3, 2, 4, 6, -3, 2, 5, 2, -2, 0, -2, 2, 3, 3, 0, 4, 3, 0], [2, 0, -1, 2, 2, 1, 2, 3, -1, 1, 3, 1, -1, 0, -1, 1, 2, 2, 0, 2, 2, 0], [3, 0, -2, 5, 3, 2, 5, 7, -3, 2, 5, 3, -2, 0, -2, 1, 3, 4, 0, 4, 3, 0], [-1, 0, 0, -1, -1, 0, -1, -1, 0, 0, -1, 0, 0, 0, 0, -1, 0, -1, 1, -1, -1, 0], [-2, 0, 1, -2, -2, -1, -3, -4, 2, -1, -3, -1, 1, 0, 1, -1, -2, -2, 0, -2, -2, 0], [-2, 0, 1, -2, -2, -1, -2, -3, 1, -1, -3, -1, 1, 0, 1, -1, -1, -2, 0, -2, -1, 0], [1, 0, -1, 1, 1, 1, 1, 2, -1, 1, 2, 1, -1, 0, -1, 0, 1, 1, 0, 1, 1, 1]]
[[0, 1, 0, 1, -1, 0, 1, 0, 0, 0, 0, 0, -1, 1, -1, -1, 1, 1, 0, 0, 0, -1], [0, 1, 0, 2, 0, 0, 1, 1, 0, 0, 0, 1, 0, 0, 0, 0, 0, 1, 0, 1, 1, 0], [-1, 1, 1, 0, -1, 0, 0, -1, 1, 0, -1, 0, 0, 1, 0, -1, 0, 0, 0, -1, -1, -1], [0, 0, 0, 0, 0, 0, -1, -1, 1, 0, -1, 0, 1, 0, 1, 0, -1, -1, 0, -1, -1, 0], [0, 0, 0, -2, 1, 0, -1, -1, 0, 0, 0, -1, 0, 0, 0, 0, 0, -1, 0, -1, -1, 0], [0, 0, 0, -1, 0, 1, -1, -1, 1, 0, -1, 0, 1, 0, 1, 0, -1, -1, 0, -1, -1, 0], [0, 0, 0, -3, 0, 0, -2, -3, 2, 0, 0, -2, 0, 1, 0, 0, -1, -1, 0, -2, -2, 0], [-1, 1, 0, 0, -1, 0, 0, 0, 1, 0, -1, 0, 0, 1, 0, -1, 0, 0, 0, -1, -1, -1], [-1, 1, 0, -2, -1, 0, -1, -2, 2, 0, -1, -1, 0, 1, 0, -1, 0, -1, 0, -2, -2, -1], [-1, 1, 0, -1, -1, 0, -1, -2, 2, 1, -2, 0, 1, 1, 1, -1, -1, -1, 0, -2, -2, -1], [0, 0, 0, 1, 0, 0, 0, 0, 1, 0, 0, 1, 1, 0, 1, 0, -1, 0, 0, 0, 0, 0], [1, -1, 0, 3, 1, 0, 3, 4, -4, 0, 4, 1, -3, -1, -3, 1, 3, 3, 0, 4, 4, 1], [0, 0, 0, 0, 0, 0, 0, 0, 0, 0, 0, 0, 1, 0, 0, 0, 0, 0, 0, 0, 0, 0], [0, 0, 0, -1, 0, 0, 0, 0, -1, 0, 1, -1, -1, 1, -1, 0, 1, 0, 0, 0, 0, 0], [1, -1, 0, 2, 1, 0, 1, 2, -1, 0, 1, 1, 0, -1, 1, 1, 0, 1, 0, 2, 2, 1], [1, -1, 0, 4, 1, 0, 3, 4, -3, 0, 3, 1, -2, -1, -2, 2, 2, 3, 0, 4, 4, 1], [1, -1, 0, 3, 1, 0, 2, 3, -2, 0, 2, 1, -1, -1, -1, 1, 2, 2, 0, 3, 3, 1], [2, -2, 0, 4, 2, 0, 4, 6, -5, 0, 3, 2, -1, -3, -1, 2, 2, 3, 0, 5, 5, 2], [0, 0, 0, 0, 0, 0, 0, 0, 0, 0, 0, 0, 0, 0, 0, 0, 0, 0, 1, 0, 0, 0], [-1, 1, 0, -3, -1, 0, -2, -3, 2, 0, -2, -1, 1, 1, 1, -1, -1, -2, 0, -2, -3, -1], [-1, 1, 0, -3, -1, 0, -2, -3, 2, 0, -2, -1, 1, 1, 1, -1, -1, -2, 0, -3, -2, -1], [0, 0, 0, 1, 0, 0, 1, 1, -1, 0, 1, 0, -1, 0, -1, 0, 1, 1, 0, 1, 1, 1]]
[[1, 0, 0, 0, 0, 0, 0, 0, 0, 0, 0, 0, 0, 0, 0, 0, 0, 0, 0, 0, 0, 0], [0, 1, 0, 0, 0, 0, 0, 0, 0, 0, 0, 0, 0, 0, 0, 0, 0, 0, 0, 0, 0, 0], [0, 0, 1, 0, 0, 0, 0, 0, 0, 0, 0, 0, 0, 0, 0, 0, 0, 0, 0, 0, 0, 0], [0, 0, 0, 1, 0, 0, 0, 0, 0, 0, 0, 0, 0, 0, 0, 0, 0, 0, 0, 0, 0, 0], [0, 0, 0, 0, 1, 0, 0, 0, 0, 0, 0, 0, 0, 0, 0, 0, 0, 0, 0, 0, 0, 0], [0, 0, 0, 0, 0, 1, 0, 0, 0, 0, 0, 0, 0, 0, 0, 0, 0, 0, 0, 0, 0, 0], [0, 0, 0, 0, 0, 0, 1, 0, 0, 0, 0, 0, 0, 0, 0, 0, 0, 0, 0, 0, 0, 0], [0, 0, 0, 0, 0, 0, 0, 1, 0, 0, 0, 0, 0, 0, 0, 0, 0, 0, 0, 0, 0, 0], [0, 0, 0, 0, 0, 0, 0, 0, 1, 0, 0, 0, 0, 0, 0, 0, 0, 0, 0, 0, 0, 0], [0, 0, 0, 0, 0, 0, 0, 0, 0, 1, 0, 0, 0, 0, 0, 0, 0, 0, 0, 0, 0, 0], [0, 0, 0, 0, 0, 0, 0, 0, 0, 0, 1, 0, 0, 0, 0, 0, 0, 0, 0, 0, 0, 0], [0, 0, 0, 0, 0, 0, 0, 0, 0, 0, 0, 1, 0, 0, 0, 0, 0, 0, 0, 0, 0, 0], [0, 0, 0, 0, 0, 0, 0, 0, 0, 0, 0, 0, 1, 0, 0, 0, 0, 0, 0, 0, 0, 0], [0, 0, 0, 0, 0, 0, 0, 0, 0, 0, 0, 0, 0, 1, 0, 0, 0, 0, 0, 0, 0, 0], [0, 0, 0, 0, 0, 0, 0, 0, 0, 0, 0, 0, 0, 0, 1, 0, 0, 0, 0, 0, 0, 0], [0, 0, 0, 0, 0, 0, 0, 0, 0, 0, 0, 0, 0, 0, 0, 1, 0, 0, 0, 0, 0, 0], [0, 0, 0, 0, 0, 0, 0, 0, 0, 0, 0, 0, 0, 0, 0, 0, 1, 0, 0, 0, 0, 0], [0, 0, 0, 0, 0, 0, 0, 0, 0, 0, 0, 0, 0, 0, 0, 0, 0, 1, 0, 0, 0, 0], [0, 0, 0, 0, 0, 0, 0, 0, 0, 0, 0, 0, 0, 0, 0, 0, 0, 0, 1, 0, 0, 0], [0, 0, 0, 0, 0, 0, 0, 0, 0, 0, 0, 0, 0, 0, 0, 0, 0, 0, 0, 1, 0, 0], [0, 0, 0, 0, 0, 0, 0, 0, 0, 0, 0, 0, 0, 0, 0, 0, 0, 0, 0, 0, 1, 0], [0, 0, 0, 0, 0, 0, 0, 0, 0, 0, 0, 0, 0, 0, 0, 0, 0, 0, 0, 0, 0, 1]]
[[1, 0, 0, 0, 0, 0, 0, 0, 0, 0, 0, 0, 0, 0, 0, 0, 0, 0, 0, 0, 0, 0], [0, 1, 0, 0, 0, 0, 0, 0, 0, 0, 0, 0, 0, 0, 0, 0, 0, 0, 0, 0, 0, 0], [0, 0, 1, 0, 0, 0, 0, 0, 0, 0, 0, 0, 0, 0, 0, 0, 0, 0, 0, 0, 0, 0], [0, 0, 0, 1, 0, 0, 0, 0, 0, 0, 0, 0, 0, 0, 0, 0, 0, 0, 0, 0, 0, 0], [0, 0, 0, 0, 1, 0, 0, 0, 0, 0, 0, 0, 0, 0, 0, 0, 0, 0, 0, 0, 0, 0], [0, 0, 0, 0, 0, 1, 0, 0, 0, 0, 0, 0, 0, 0, 0, 0, 0, 0, 0, 0, 0, 0], [0, 0, 0, 0, 0, 0, 1, 0, 0, 0, 0, 0, 0, 0, 0, 0, 0, 0, 0, 0, 0, 0], [0, 0, 0, 0, 0, 0, 0, 1, 0, 0, 0, 0, 0, 0, 0, 0, 0, 0, 0, 0, 0, 0], [0, 0, 0, 0, 0, 0, 0, 0, 1, 0, 0, 0, 0, 0, 0, 0, 0, 0, 0, 0, 0, 0], [0, 0, 0, 0, 0, 0, 0, 0, 0, 1, 0, 0, 0, 0, 0, 0, 0, 0, 0, 0, 0, 0], [0, 0, 0, 0, 0, 0, 0, 0, 0, 0, 1, 0, 0, 0, 0, 0, 0, 0, 0, 0, 0, 0], [0, 0, 0, 0, 0, 0, 0, 0, 0, 0, 0, 1, 0, 0, 0, 0, 0, 0, 0, 0, 0, 0], [0, 0, 0, 0, 0, 0, 0, 0, 0, 0, 0, 0, 1, 0, 0, 0, 0, 0, 0, 0, 0, 0], [0, 0, 0, 0, 0, 0, 0, 0, 0, 0, 0, 0, 0, 1, 0, 0, 0, 0, 0, 0, 0, 0], [0, 0, 0, 0, 0, 0, 0, 0, 0, 0, 0, 0, 0, 0, 1, 0, 0, 0, 0, 0, 0, 0], [0, 0, 0, 0, 0, 0, 0, 0, 0, 0, 0, 0, 0, 0, 0, 1, 0, 0, 0, 0, 0, 0], [0, 0, 0, 0, 0, 0, 0, 0, 0, 0, 0, 0, 0, 0, 0, 0, 1, 0, 0, 0, 0, 0], [0, 0, 0, 0, 0, 0, 0, 0, 0, 0, 0, 0, 0, 0, 0, 0, 0, 1, 0, 0, 0, 0], [0, 0, 0, 0, 0, 0, 0, 0, 0, 0, 0, 0, 0, 0, 0, 0, 0, 0, 1, 0, 0, 0], [0, 0, 0, 0, 0, 0, 0, 0, 0, 0, 0, 0, 0, 0, 0, 0, 0, 0, 0, 1, 0, 0], [0, 0, 0, 0, 0, 0, 0, 0, 0, 0, 0, 0, 0, 0, 0, 0, 0, 0, 0, 0, 1, 0], [0, 0, 0, 0, 0, 0, 0, 0, 0, 0, 0, 0, 0, 0, 0, 0, 0, 0, 0, 0, 0, 1]]
[[1, 0, 0, 0, 0, 0, 0, 0, 0, 0, 0, 0, 0, 0, 0, 0, 0, 0, 0, 0, 0, 0], [0, 1, 0, 0, 0, 0, 0, 0, 0, 0, 0, 0, 0, 0, 0, 0, 0, 0, 0, 0, 0, 0], [0, 0, 1, 0, 0, 0, 0, 0, 0, 0, 0, 0, 0, 0, 0, 0, 0, 0, 0, 0, 0, 0], [0, 0, 0, 1, 0, 0, 0, 0, 0, 0, 0, 0, 0, 0, 0, 0, 0, 0, 0, 0, 0, 0], [0, 0, 0, 0, 1, 0, 0, 0, 0, 0, 0, 0, 0, 0, 0, 0, 0, 0, 0, 0, 0, 0], [0, 0, 0, 0, 0, 1, 0, 0, 0, 0, 0, 0, 0, 0, 0, 0, 0, 0, 0, 0, 0, 0], [0, 0, 0, 0, 0, 0, 1, 0, 0, 0, 0, 0, 0, 0, 0, 0, 0, 0, 0, 0, 0, 0], [0, 0, 0, 0, 0, 0, 0, 1, 0, 0, 0, 0, 0, 0, 0, 0, 0, 0, 0, 0, 0, 0], [0, 0, 0, 0, 0, 0, 0, 0, 1, 0, 0, 0, 0, 0, 0, 0, 0, 0, 0, 0, 0, 0], [0, 0, 0, 0, 0, 0, 0, 0, 0, 1, 0, 0, 0, 0, 0, 0, 0, 0, 0, 0, 0, 0], [0, 0, 0, 0, 0, 0, 0, 0, 0, 0, 1, 0, 0, 0, 0, 0, 0, 0, 0, 0, 0, 0], [0, 0, 0, 0, 0, 0, 0, 0, 0, 0, 0, 1, 0, 0, 0, 0, 0, 0, 0, 0, 0, 0], [0, 0, 0, 0, 0, 0, 0, 0, 0, 0, 0, 0, 1, 0, 0, 0, 0, 0, 0, 0, 0, 0], [0, 0, 0, 0, 0, 0, 0, 0, 0, 0, 0, 0, 0, 1, 0, 0, 0, 0, 0, 0, 0, 0], [0, 0, 0, 0, 0, 0, 0, 0, 0, 0, 0, 0, 0, 0, 1, 0, 0, 0, 0, 0, 0, 0], [0, 0, 0, 0, 0, 0, 0, 0, 0, 0, 0, 0, 0, 0, 0, 1, 0, 0, 0, 0, 0, 0], [0, 0, 0, 0, 0, 0, 0, 0, 0, 0, 0, 0, 0, 0, 0, 0, 1, 0, 0, 0, 0, 0], [0, 0, 0, 0, 0, 0, 0, 0, 0, 0, 0, 0, 0, 0, 0, 0, 0, 1, 0, 0, 0, 0], [0, 0, 0, 0, 0, 0, 0, 0, 0, 0, 0, 0, 0, 0, 0, 0, 0, 0, 1, 0, 0, 0], [0, 0, 0, 0, 0, 0, 0, 0, 0, 0, 0, 0, 0, 0, 0, 0, 0, 0, 0, 1, 0, 0], [0, 0, 0, 0, 0, 0, 0, 0, 0, 0, 0, 0, 0, 0, 0, 0, 0, 0, 0, 0, 1, 0], [0, 0, 0, 0, 0, 0, 0, 0, 0, 0, 0, 0, 0, 0, 0, 0, 0, 0, 0, 0, 0, 1]]
[[1, 0, 0, 0, 0, 0, 0, 0, 0, 0, 0, 0, 0, 0, 0, 0, 0, 0, 0, 0, 0, 0], [0, 1, 0, 0, 0, 0, 0, 0, 0, 0, 0, 0, 0, 0, 0, 0, 0, 0, 0, 0, 0, 0], [0, 0, 1, 0, 0, 0, 0, 0, 0, 0, 0, 0, 0, 0, 0, 0, 0, 0, 0, 0, 0, 0], [0, 0, 0, 1, 0, 0, 0, 0, 0, 0, 0, 0, 0, 0, 0, 0, 0, 0, 0, 0, 0, 0], [0, 0, 0, 0, 1, 0, 0, 0, 0, 0, 0, 0, 0, 0, 0, 0, 0, 0, 0, 0, 0, 0], [0, 0, 0, 0, 0, 1, 0, 0, 0, 0, 0, 0, 0, 0, 0, 0, 0, 0, 0, 0, 0, 0], [0, 0, 0, 0, 0, 0, 1, 0, 0, 0, 0, 0, 0, 0, 0, 0, 0, 0, 0, 0, 0, 0], [0, 0, 0, 0, 0, 0, 0, 1, 0, 0, 0, 0, 0, 0, 0, 0, 0, 0, 0, 0, 0, 0], [0, 0, 0, 0, 0, 0, 0, 0, 1, 0, 0, 0, 0, 0, 0, 0, 0, 0, 0, 0, 0, 0], [0, 0, 0, 0, 0, 0, 0, 0, 0, 1, 0, 0, 0, 0, 0, 0, 0, 0, 0, 0, 0, 0], [0, 0, 0, 0, 0, 0, 0, 0, 0, 0, 1, 0, 0, 0, 0, 0, 0, 0, 0, 0, 0, 0], [0, 0, 0, 0, 0, 0, 0, 0, 0, 0, 0, 1, 0, 0, 0, 0, 0, 0, 0, 0, 0, 0], [0, 0, 0, 0, 0, 0, 0, 0, 0, 0, 0, 0, 1, 0, 0, 0, 0, 0, 0, 0, 0, 0], [0, 0, 0, 0, 0, 0, 0, 0, 0, 0, 0, 0, 0, 1, 0, 0, 0, 0, 0, 0, 0, 0], [0, 0, 0, 0, 0, 0, 0, 0, 0, 0, 0, 0, 0, 0, 1, 0, 0, 0, 0, 0, 0, 0], [0, 0, 0, 0, 0, 0, 0, 0, 0, 0, 0, 0, 0, 0, 0, 1, 0, 0, 0, 0, 0, 0], [0, 0, 0, 0, 0, 0, 0, 0, 0, 0, 0, 0, 0, 0, 0, 0, 1, 0, 0, 0, 0, 0], [0, 0, 0, 0, 0, 0, 0, 0, 0, 0, 0, 0, 0, 0, 0, 0, 0, 1, 0, 0, 0, 0], [0, 0, 0, 0, 0, 0, 0, 0, 0, 0, 0, 0, 0, 0, 0, 0, 0, 0, 1, 0, 0, 0], [0, 0, 0, 0, 0, 0, 0, 0, 0, 0, 0, 0, 0, 0, 0, 0, 0, 0, 0, 1, 0, 0], [0, 0, 0, 0, 0, 0, 0, 0, 0, 0, 0, 0, 0, 0, 0, 0, 0, 0, 0, 0, 1, 0], [0, 0, 0, 0, 0, 0, 0, 0, 0, 0, 0, 0, 0, 0, 0, 0, 0, 0, 0, 0, 0, 1]]
[[1, 0, 0, 0, 0, 0, 0, 0, 0, 0, 0, 0, 0, 0, 0, 0, 0, 0, 0, 0, 0, 0], [1, 0, -1, 1, 0, 1, 1, 1, 0, 1, 1, 0, 0, 0, -1, 1, 2, 1, 1, 1, 1, 0], [1, -1, 0, 1, 0, 1, 1, 1, 0, 1, 1, 0, 0, 0, -1, 1, 2, 1, 1, 1, 1, 0], [1, 3, -2, 2, 0, 0, 1, 0, 0, 0, 2, 0, -3, 2, -2, 0, 0, 1, -1, 0, 1, 0], [1, 2, -1, 1, 1, 0, 1, 0, 0, 0, 2, 0, -2, 2, -1, 0, 0, 1, -1, 0, 1, 0], [0, 3, -1, 0, 0, 0, 0, -1, 0, 0, 1, 0, -3, 2, -1, -1, -1, 0, -1, -1, 0, 0], [-1, 1, 1, -1, 0, -1, 0, -1, 0, -1, -1, 0, 0, 0, 1, -1, -2, -1, -1, -1, -1, 0], [0, -4, 1, 0, 0, 1, 0, 2, 0, 1, -1, 0, 3, -2, 1, 1, 2, 0, 2, 1, 0, 0], [0, -1, 1, 0, 0, 0, 0, 0, 1, 0, 0, 0, 1, 0, 1, 0, 0, 0, 0, 0, 0, 0], [1, 0, -1, 1, 0, 1, 1, 1, 0, 1, 1, 0, 0, 0, -1, 1, 1, 1, 0, 1, 1, 0], [0, 1, -1, 0, 0, 0, 0, 0, 0, 0, 1, 0, -1, 0, -1, 0, 0, 0, 0, 0, 0, 0], [-1, -3, 2, -1, 0, 0, -1, 0, 0, 0, -2, 1, 3, -2, 2, 0, 0, -1, 1, 0, -1, 0], [0, 0, -1, 0, 0, 0, 0, 0, 0, 1, 0, 0, 0, 0, -1, 0, 1, 0, 1, 0, 0, 0], [-1, -2, 1, -1, 0, 0, -1, 0, 0, 0, -2, 0, 2, -1, 1, 0, 0, -1, 1, 0, -1, 0], [0, 2, -1, 0, 0, 0, 0, 0, 0, -1, 0, 0, -1, 0, 0, 0, -1, 0, -1, 0, 0, 0], [-1, -3, 2, -1, 0, 0, -1, 0, 0, 0, -2, 0, 3, -2, 2, 1, 0, -1, 1, 0, -1, 0], [0, 0, 0, 0, 0, 0, 0, 0, 0, 0, 0, 0, 0, 0, 0, 0, 1, 0, 0, 0, 0, 0], [-1, -2, 1, -1, 0, 0, -1, 0, 0, 0, -2, 0, 2, -2, 1, 0, 0, 0, 1, 0, -1, 0], [0, 1, 0, 0, 0, 0, 0, 0, 0, -1, 0, 0, 0, 0, 0, 0, -1, 0, 0, 0, 0, 0], [1, 2, -1, 1, 0, 0, 1, 0, 0, 0, 2, 0, -2, 2, -1, 0, 0, 1, -1, 1, 1, 0], [0, 0, 0, 0, 0, 0, 0, 0, 0, 0, 0, 0, 0, 0, 0, 0, 0, 0, 0, 0, 1, 0], [-1, -2, 1, -1, 0, 0, -1, 0, 0, 0, -2, 0, 2, -2, 1, 0, 0, -1, 1, 0, -1, 1]]
[[1, 0, 0, 0, 0, 0, 0, 0, 0, 0, 0, 0, 0, 0, 0, 0, 0, 0, 0, 0, 0, 0], [0, -2, 1, 0, -1, 0, 0, 0, 0, 0, -1, 0, 2, -2, 1, 1, 1, 0, 1, 1, 1, 0], [1, 0, 0, 1, 0, 0, 1, 0, 0, 1, 1, 0, 0, 0, -1, 1, 1, 1, 0, 1, 1, 0], [1, 2, -1, 2, 0, 0, 1, 0, 1, 0, 2, 0, -2, 2, -1, 0, 0, 1, -1, 0, 0, -1], [1, 2, -1, 1, 1, 0, 1, 0, 1, 0, 2, 0, -2, 2, -1, 0, 0, 1, -1, 0, 0, -1], [2, 5, -3, 2, 1, 1, 2, 0, 1, 1, 4, 0, -4, 4, -3, 0, 0, 2, -2, 0, 0, -1], [0, 3, -1, 0, 1, 0, 1, 0, 0, 0, 1, 0, -2, 2, -1, -1, -1, 0, -1, -1, -1, 0], [0, -3, 1, 0, 0, 0, 0, 1, -1, 1, -1, 0, 2, -2, 1, 1, 1, 0, 1, 1, 1, 1], [0, 0, 0, 0, 1, 0, 0, 0, 0, 1, 0, 0, 0, 0, 0, 0, 0, 0, 0, 0, 0, 1], [0, 0, 0, 0, 0, 0, 0, 0, 0, 1, 0, 0, 0, 0, 0, 0, 0, 0, 0, 0, 0, 0], [0, 0, 0, 0, 0, 0, 0, 0, 0, 0, 1, 0, 0, 0, 0, 0, 0, 0, 0, 0, 0, 0], [-2, -4, 2, -2, -1, 0, -2, 0, -1, -1, -4, 1, 4, -4, 2, 0, 0, -2, 2, 0, 0, 1], [1, 1, 0, 1, 0, 0, 1, 0, 1, 0, 2, 0, -1, 2, 0, 0, 0, 1, -1, 0, 0, -1], [0, 0, 0, 0, 0, 0, 0, 0, 0, 0, 0, 0, 0, 1, 0, 0, 0, 0, 0, 0, 0, 0], [-1, -1, 0, -1, -1, 0, -1, 0, 0, -1, -2, 0, 2, -2, 1, 0, 0, -1, 1, 0, 0, 0], [-2, -4, 2, -2, -1, 0, -2, 0, -1, -1, -4, 0, 4, -4, 2, 1, 0, -2, 2, 0, 0, 1], [-1, -2, 1, -1, -1, 0, -1, 0, 0, -1, -2, 0, 2, -2, 1, 0, 1, -1, 1, 0, 0, 0], [-2, -4, 2, -2, -2, 0, -2, 0, 0, -2, -4, 0, 4, -4, 2, 0, 0, -1, 2, 0, 0, 0], [0, 0, 0, 0, 0, 0, 0, 0, 0, 0, 0, 0, 0, 0, 0, 0, 0, 0, 1, 0, 0, 0], [1, 2, -1, 1, 1, 0, 1, 0, 0, 1, 2, 0, -2, 2, -1, 0, 0, 1, -1, 1, 0, 0], [1, 2, -1, 1, 1, 0, 1, 0, 0, 1, 2, 0, -2, 2, -1, 0, 0, 1, -1, 0, 1, 0], [-1, -2, 1, -1, -1, 0, -1, 0, 0, -1, -2, 0, 2, -2, 1, 0, 0, -1, 1, 0, 0, 1]]
[[1, 0, 0, 0, 0, 0, 0, 0, 0, 0, 0, 0, 0, 0, 0, 0, 0, 0, 0, 0, 0, 0], [0, 1, 0, 0, 0, 0, 0, 0, 0, 0, 0, 0, 0, 0, 0, 0, 0, 0, 0, 0, 0, 0], [0, 0, 1, 0, 0, 0, 0, 0, 0, 0, 0, 0, 0, 0, 0, 0, 0, 0, 0, 0, 0, 0], [0, 0, 0, 1, 0, 0, 0, 0, 0, 0, 0, 0, 0, 0, 0, 0, 0, 0, 0, 0, 0, 0], [0, 0, 0, 0, 1, 0, 0, 0, 0, 0, 0, 0, 0, 0, 0, 0, 0, 0, 0, 0, 0, 0], [0, 0, 0, 0, 0, 1, 0, 0, 0, 0, 0, 0, 0, 0, 0, 0, 0, 0, 0, 0, 0, 0], [0, 0, 0, 0, 0, 0, 1, 0, 0, 0, 0, 0, 0, 0, 0, 0, 0, 0, 0, 0, 0, 0], [0, 0, 0, 0, 0, 0, 0, 1, 0, 0, 0, 0, 0, 0, 0, 0, 0, 0, 0, 0, 0, 0], [0, 0, 0, 0, 0, 0, 0, 0, 1, 0, 0, 0, 0, 0, 0, 0, 0, 0, 0, 0, 0, 0], [0, 0, 0, 0, 0, 0, 0, 0, 0, 1, 0, 0, 0, 0, 0, 0, 0, 0, 0, 0, 0, 0], [0, 0, 0, 0, 0, 0, 0, 0, 0, 0, 1, 0, 0, 0, 0, 0, 0, 0, 0, 0, 0, 0], [0, 0, 0, 0, 0, 0, 0, 0, 0, 0, 0, 1, 0, 0, 0, 0, 0, 0, 0, 0, 0, 0], [0, 0, 0, 0, 0, 0, 0, 0, 0, 0, 0, 0, 1, 0, 0, 0, 0, 0, 0, 0, 0, 0], [0, 0, 0, 0, 0, 0, 0, 0, 0, 0, 0, 0, 0, 1, 0, 0, 0, 0, 0, 0, 0, 0], [0, 0, 0, 0, 0, 0, 0, 0, 0, 0, 0, 0, 0, 0, 1, 0, 0, 0, 0, 0, 0, 0], [0, 0, 0, 0, 0, 0, 0, 0, 0, 0, 0, 0, 0, 0, 0, 1, 0, 0, 0, 0, 0, 0], [0, 0, 0, 0, 0, 0, 0, 0, 0, 0, 0, 0, 0, 0, 0, 0, 1, 0, 0, 0, 0, 0], [0, 0, 0, 0, 0, 0, 0, 0, 0, 0, 0, 0, 0, 0, 0, 0, 0, 1, 0, 0, 0, 0], [0, 0, 0, 0, 0, 0, 0, 0, 0, 0, 0, 0, 0, 0, 0, 0, 0, 0, 1, 0, 0, 0], [0, 0, 0, 0, 0, 0, 0, 0, 0, 0, 0, 0, 0, 0, 0, 0, 0, 0, 0, 1, 0, 0], [0, 0, 0, 0, 0, 0, 0, 0, 0, 0, 0, 0, 0, 0, 0, 0, 0, 0, 0, 0, 1, 0], [0, 0, 0, 0, 0, 0, 0, 0, 0, 0, 0, 0, 0, 0, 0, 0, 0, 0, 0, 0, 0, 1]]
[[1, 0, 0, 0, 0, 0, 0, 0, 0, 0, 0, 0, 0, 0, 0, 0, 0, 0, 0, 0, 0, 0], [-1, -1, 1, -1, -1, 0, -1, -1, 0, 0, -2, 0, 2, -2, 1, 0, 0, -1, 1, 0, 0, 1], [0, 0, 1, 0, 0, 0, 0, 0, 0, 0, 0, 0, 0, 0, 0, 0, 0, 0, 0, 0, 0, 0], [0, 0, 0, 1, 0, 0, 0, 0, 0, 0, 0, 0, 0, 0, 0, 0, 0, 0, 0, 0, 0, 0], [0, 0, 0, 0, 1, 0, 0, 0, 0, 0, 0, 0, 0, 0, 0, 0, 0, 0, 0, 0, 0, 0], [1, 2, -1, 1, 1, 1, 1, 1, 0, 0, 2, 0, -2, 2, -1, 0, 0, 1, -1, 0, 0, -1], [1, 2, -1, 1, 1, 0, 2, 1, 0, 0, 2, 0, -2, 2, -1, 0, 0, 1, -1, 0, 0, -1], [-1, -2, 1, -1, -1, 0, -1, 0, 0, 0, -2, 0, 2, -2, 1, 0, 0, -1, 1, 0, 0, 1], [0, 0, 0, 0, 0, 0, 0, 0, 1, 0, 0, 0, 0, 0, 0, 0, 0, 0, 0, 0, 0, 0], [0, 0, 0, 0, 0, 0, 0, 0, 0, 1, 0, 0, 0, 0, 0, 0, 0, 0, 0, 0, 0, 0], [0, 0, 0, 0, 0, 0, 0, 0, 0, 0, 1, 0, 0, 0, 0, 0, 0, 0, 0, 0, 0, 0], [0, 0, 0, 0, 0, 0, 0, 0, 0, 0, 0, 1, 0, 0, 0, 0, 0, 0, 0, 0, 0, 0], [0, 0, 0, 0, 0, 0, 0, 0, 0, 0, 0, 0, 1, 0, 0, 0, 0, 0, 0, 0, 0, 0], [0, 0, 0, 0, 0, 0, 0, 0, 0, 0, 0, 0, 0, 1, 0, 0, 0, 0, 0, 0, 0, 0], [0, 0, 0, 0, 0, 0, 0, 0, 0, 0, 0, 0, 0, 0, 1, 0, 0, 0, 0, 0, 0, 0], [0, 0, 0, 0, 0, 0, 0, 0, 0, 0, 0, 0, 0, 0, 0, 1, 0, 0, 0, 0, 0, 0], [0, 0, 0, 0, 0, 0, 0, 0, 0, 0, 0, 0, 0, 0, 0, 0, 1, 0, 0, 0, 0, 0], [0, 0, 0, 0, 0, 0, 0, 0, 0, 0, 0, 0, 0, 0, 0, 0, 0, 1, 0, 0, 0, 0], [0, 0, 0, 0, 0, 0, 0, 0, 0, 0, 0, 0, 0, 0, 0, 0, 0, 0, 1, 0, 0, 0], [0, 0, 0, 0, 0, 0, 0, 0, 0, 0, 0, 0, 0, 0, 0, 0, 0, 0, 0, 1, 0, 0], [0, 0, 0, 0, 0, 0, 0, 0, 0, 0, 0, 0, 0, 0, 0, 0, 0, 0, 0, 0, 1, 0], [0, 0, 0, 0, 0, 0, 0, 0, 0, 0, 0, 0, 0, 0, 0, 0, 0, 0, 0, 0, 0, 1]]
[[1, 0, 0, 0, 0, 0, 0, 0, 0, 0, 0, 0, 0, 0, 0, 0, 0, 0, 0, 0, 0, 0], [0, 1, 0, 0, 0, 0, 0, 0, 0, 0, 0, 0, 0, 0, 0, 0, 0, 0, 0, 0, 0, 0], [0, 0, 1, 0, 0, 0, 0, 0, 0, 0, 0, 0, 0, 0, 0, 0, 0, 0, 0, 0, 0, 0], [0, 0, 0, 1, 0, 0, 0, 0, 0, 0, 0, 0, 0, 0, 0, 0, 0, 0, 0, 0, 0, 0], [0, 0, 0, 0, 1, 0, 0, 0, 0, 0, 0, 0, 0, 0, 0, 0, 0, 0, 0, 0, 0, 0], [0, 0, 0, 0, 0, 1, 0, 0, 0, 0, 0, 0, 0, 0, 0, 0, 0, 0, 0, 0, 0, 0], [0, 0, 0, 0, 0, 0, 1, 0, 0, 0, 0, 0, 0, 0, 0, 0, 0, 0, 0, 0, 0, 0], [0, 0, 0, 0, 0, 0, 0, 1, 0, 0, 0, 0, 0, 0, 0, 0, 0, 0, 0, 0, 0, 0], [0, 0, 0, 0, 0, 0, 0, 0, 1, 0, 0, 0, 0, 0, 0, 0, 0, 0, 0, 0, 0, 0], [0, 0, 0, 0, 0, 0, 0, 0, 0, 1, 0, 0, 0, 0, 0, 0, 0, 0, 0, 0, 0, 0], [0, 0, 0, 0, 0, 0, 0, 0, 0, 0, 1, 0, 0, 0, 0, 0, 0, 0, 0, 0, 0, 0], [0, 0, 0, 0, 0, 0, 0, 0, 0, 0, 0, 1, 0, 0, 0, 0, 0, 0, 0, 0, 0, 0], [0, 0, 0, 0, 0, 0, 0, 0, 0, 0, 0, 0, 1, 0, 0, 0, 0, 0, 0, 0, 0, 0], [0, 0, 0, 0, 0, 0, 0, 0, 0, 0, 0, 0, 0, 1, 0, 0, 0, 0, 0, 0, 0, 0], [0, 0, 0, 0, 0, 0, 0, 0, 0, 0, 0, 0, 0, 0, 1, 0, 0, 0, 0, 0, 0, 0], [0, 0, 0, 0, 0, 0, 0, 0, 0, 0, 0, 0, 0, 0, 0, 1, 0, 0, 0, 0, 0, 0], [0, 0, 0, 0, 0, 0, 0, 0, 0, 0, 0, 0, 0, 0, 0, 0, 1, 0, 0, 0, 0, 0], [0, 0, 0, 0, 0, 0, 0, 0, 0, 0, 0, 0, 0, 0, 0, 0, 0, 1, 0, 0, 0, 0], [0, 0, 0, 0, 0, 0, 0, 0, 0, 0, 0, 0, 0, 0, 0, 0, 0, 0, 1, 0, 0, 0], [0, 0, 0, 0, 0, 0, 0, 0, 0, 0, 0, 0, 0, 0, 0, 0, 0, 0, 0, 1, 0, 0], [0, 0, 0, 0, 0, 0, 0, 0, 0, 0, 0, 0, 0, 0, 0, 0, 0, 0, 0, 0, 1, 0], [0, 0, 0, 0, 0, 0, 0, 0, 0, 0, 0, 0, 0, 0, 0, 0, 0, 0, 0, 0, 0, 1]]
[[1, 0, 0, 0, 0, 0, 0, 0, 0, 0, 0, 0, 0, 0, 0, 0, 0, 0, 0, 0, 0, 0], [0, 1, 0, 0, 0, 0, 0, 0, 0, 0, 0, 0, 0, 0, 0, 0, 0, 0, 0, 0, 0, 0], [0, 0, 1, 0, 0, 0, 0, 0, 0, 0, 0, 0, 0, 0, 0, 0, 0, 0, 0, 0, 0, 0], [0, 0, 0, 1, 0, 0, 0, 0, 0, 0, 0, 0, 0, 0, 0, 0, 0, 0, 0, 0, 0, 0], [0, 0, 0, 0, 1, 0, 0, 0, 0, 0, 0, 0, 0, 0, 0, 0, 0, 0, 0, 0, 0, 0], [0, 0, 0, 0, 0, 1, 0, 0, 0, 0, 0, 0, 0, 0, 0, 0, 0, 0, 0, 0, 0, 0], [0, 0, 0, 0, 0, 0, 1, 0, 0, 0, 0, 0, 0, 0, 0, 0, 0, 0, 0, 0, 0, 0], [0, 0, 0, 0, 0, 0, 0, 1, 0, 0, 0, 0, 0, 0, 0, 0, 0, 0, 0, 0, 0, 0], [0, 0, 0, 0, 0, 0, 0, 0, 1, 0, 0, 0, 0, 0, 0, 0, 0, 0, 0, 0, 0, 0], [0, 0, 0, 0, 0, 0, 0, 0, 0, 1, 0, 0, 0, 0, 0, 0, 0, 0, 0, 0, 0, 0], [0, 0, 0, 0, 0, 0, 0, 0, 0, 0, 1, 0, 0, 0, 0, 0, 0, 0, 0, 0, 0, 0], [0, 0, 0, 0, 0, 0, 0, 0, 0, 0, 0, 1, 0, 0, 0, 0, 0, 0, 0, 0, 0, 0], [0, 0, 0, 0, 0, 0, 0, 0, 0, 0, 0, 0, 1, 0, 0, 0, 0, 0, 0, 0, 0, 0], [0, 0, 0, 0, 0, 0, 0, 0, 0, 0, 0, 0, 0, 1, 0, 0, 0, 0, 0, 0, 0, 0], [0, 0, 0, 0, 0, 0, 0, 0, 0, 0, 0, 0, 0, 0, 1, 0, 0, 0, 0, 0, 0, 0], [0, 0, 0, 0, 0, 0, 0, 0, 0, 0, 0, 0, 0, 0, 0, 1, 0, 0, 0, 0, 0, 0], [0, 0, 0, 0, 0, 0, 0, 0, 0, 0, 0, 0, 0, 0, 0, 0, 1, 0, 0, 0, 0, 0], [0, 0, 0, 0, 0, 0, 0, 0, 0, 0, 0, 0, 0, 0, 0, 0, 0, 1, 0, 0, 0, 0], [0, 0, 0, 0, 0, 0, 0, 0, 0, 0, 0, 0, 0, 0, 0, 0, 0, 0, 1, 0, 0, 0], [0, 0, 0, 0, 0, 0, 0, 0, 0, 0, 0, 0, 0, 0, 0, 0, 0, 0, 0, 1, 0, 0], [0, 0, 0, 0, 0, 0, 0, 0, 0, 0, 0, 0, 0, 0, 0, 0, 0, 0, 0, 0, 1, 0], [0, 0, 0, 0, 0, 0, 0, 0, 0, 0, 0, 0, 0, 0, 0, 0, 0, 0, 0, 0, 0, 1]]
[[2, 0, 0, 1, 1, 0, 1, 1, 0, 0, 1, 0, 0, 0, 0, 1, 0, 1, 0, 1, 0, -1], [1, 0, -1, 1, 1, 1, 1, 3, -2, 0, 2, 1, -1, 0, -1, 0, 2, 1, 1, 2, 1, 0], [2, -1, 0, 2, 2, 1, 2, 4, -2, 0, 3, 1, -1, 0, -1, 1, 2, 2, 1, 3, 1, -1], [-1, 1, -1, -1, -1, 1, -1, -1, 0, 1, -2, 0, 0, 0, 0, -1, 0, -1, 0, -1, 0, 1], [-2, 0, 1, -2, -1, -1, -2, -3, 1, 0, -3, -1, 1, 0, 1, -1, -1, -2, 0, -2, -1, 1], [-2, 0, 1, -2, -2, 0, -2, -3, 1, 0, -3, -1, 1, 0, 1, -1, -1, -2, 0, -2, -1, 1], [-2, 1, 1, -2, -2, -1, -1, -4, 2, 0, -3, -1, 1, 0, 1, -1, -2, -2, -1, -3, -1, 1], [2, 0, -1, 2, 2, 1, 2, 4, -1, 0, 3, 1, -1, 0, -1, 1, 1, 2, 0, 2, 1, -1], [0, 0, 0, 0, 0, 0, 0, 0, 1, 0, 0, 0, 0, 0, 0, 0, 0, 0, 0, 0, 0, 0], [1, 0, -1, 1, 1, 1, 1, 2, -1, 1, 2, 1, -1, 0, -1, 0, 1, 1, 0, 1, 1, 0], [-1, 1, -1, -2, -1, 1, -1, -1, 0, 1, -1, 0, 0, 0, 0, -1, 0, -1, 0, -1, 0, 1], [2, -2, 1, 3, 2, -1, 2, 3, -1, -1, 3, 1, 0, 0, 0, 2, 1, 2, 1, 3, 0, -2], [0, 1, -1, -1, 0, 1, 0, 0, 0, 1, -1, 0, 1, 0, 0, 0, 0, 0, 0, 0, 0, 0], [1, 1, 0, 1, 1, 0, 1, 0, 1, 0, 1, 0, 0, 1, 0, 1, -1, 1, -1, 0, 0, -1], [-1, 0, 0, -1, -1, 0, -1, -1, 0, 0, -1, 0, 0, 0, 1, -1, 0, -1, 0, -1, 0, 1], [2, -2, 0, 3, 2, 0, 2, 4, -2, -1, 4, 1, -1, 0, -1, 2, 2, 2, 1, 3, 1, -1], [1, -1, 0, 1, 1, 0, 1, 2, -1, 0, 1, 0, 0, 0, 0, 1, 2, 1, 1, 2, 0, -1], [1, -2, 1, 2, 1, -1, 1, 2, -1, -1, 2, 0, 0, 0, 0, 1, 1, 2, 1, 2, 0, -1], [-1, 1, 0, -1, -1, 0, -1, -2, 1, 0, -1, 0, 0, 0, 0, -1, -1, -1, 0, -2, 0, 1], [-1, 1, 0, -1, -1, 0, -1, -2, 1, 0, -1, 0, 0, 0, 0, -1, -1, -1, -1, -1, 0, 1], [0, 0, 0, 0, 0, 0, 0, 0, 0, 0, 0, 0, 0, 0, 0, 0, 0, 0, 0, 0, 1, 0], [1, 0, 0, 1, 1, 0, 1, 1, 0, 0, 1, 0, 0, 0, 0, 1, 0, 1, 0, 1, 0, 0]]
[[1, 0, 0, 0, 0, 0, 0, 0, 0, 0, 0, 0, 0, 0, 0, 0, 0, 0, 0, 0, 0, 0], [2, -1, 0, 1, 1, -1, 1, 2, -3, -2, 2, 0, -1, -1, 0, 1, 1, 0, 0, 2, 2, 0], [1, 0, 0, 1, 0, 0, 1, 1, -1, 0, 1, 0, -1, 0, -1, 0, 1, 1, 0, 1, 1, 0], [0, 1, -1, 0, 0, 1, 0, 0, 0, 1, 1, 0, -1, 1, -1, 0, 1, 0, 0, 0, 0, 0], [-1, 2, -1, -1, 0, 1, 0, -1, 1, 2, 0, 0, -1, 2, -1, -1, 1, 0, 0, -1, -1, 0], [-1, 1, 0, 0, -1, 1, 0, -1, 1, 1, -1, 0, 0, 1, 0, -1, 0, 0, 0, -1, -1, 0], [-2, 2, 0, -1, -1, 1, 0, -2, 3, 2, -2, 0, 1, 1, 0, -1, -1, 0, 0, -2, -2, 0], [0, 0, 0, 0, 0, 0, 0, 1, 0, 0, 0, 0, 0, 0, 0, 0, 0, 0, 0, 0, 0, 0], [-1, 1, 0, 0, -1, 0, 0, -1, 2, 1, -1, 0, 0, 1, 0, -1, 0, 0, 0, -1, -1, 0], [0, 0, 0, 0, 0, 0, 0, 0, 0, 1, 0, 0, 0, 0, 0, 0, 0, 0, 0, 0, 0, 0], [0, 0, 0, 0, 0, 0, 0, 0, 0, 0, 1, 0, 0, 0, 0, 0, 0, 0, 0, 0, 0, 0], [2, -2, 0, 2, 1, -1, 1, 2, -2, -2, 1, 1, 0, -2, 0, 1, 0, 1, 0, 2, 2, 0], [0, 1, -1, -1, 0, 1, 0, 0, 0, 1, 1, 0, 0, 1, -1, 0, 1, 0, 0, 0, 0, 0], [0, 1, -1, 0, 0, 1, 0, 0, 1, 1, 0, 0, 0, 1, -1, 0, 0, 1, 0, 0, 0, 0], [1, -1, 0, 0, 1, 0, 0, 1, -1, -1, 1, 0, 0, -1, 1, 1, 0, 0, 0, 1, 1, 0], [2, -2, 0, 2, 1, -1, 1, 2, -2, -2, 1, 0, 0, -2, 0, 2, 0, 1, 0, 2, 2, 0], [1, -1, 0, 0, 1, 0, 0, 1, -1, -1, 1, 0, 0, -1, 0, 1, 1, 0, 0, 1, 1, 0], [2, -3, 1, 0, 2, -1, 0, 2, -3, -3, 2, 0, 0, -2, 1, 2, 0, 0, 0, 2, 2, 0], [0, 0, 0, 0, 0, 0, 0, 0, 0, 0, 0, 0, 0, 0, 0, 0, 0, 0, 1, 0, 0, 0], [-1, 1, 0, 0, -1, 0, 0, -1, 1, 1, -1, 0, 0, 1, 0, -1, 0, 0, 0, 0, -1, 0], [-1, 1, 0, 0, -1, 0, 0, -1, 1, 1, -1, 0, 0, 1, 0, -1, 0, 0, 0, -1, 0, 0], [1, -1, 0, 0, 1, 0, 0, 1, -1, -1, 1, 0, 0, -1, 0, 1, 0, 0, 0, 1, 1, 1]]
[[1, 0, 0, 0, 0, 0, 0, 0, 0, 0, 0, 0, 0, 0, 0, 0, 0, 0, 0, 0, 0, 0], [0, 1, 0, 0, 0, 0, 0, 0, 0, 0, 0, 0, 0, 0, 0, 0, 0, 0, 0, 0, 0, 0], [0, 0, 1, -1, 0, 0, -1, -1, 1, 0, 0, -1, 0, 1, 0, 0, 0, 0, 0, -1, -1, -1], [0, 0, 0, 1, 0, 0, 0, 0, 0, 0, 0, 0, 0, 0, 0, 0, 0, 0, 0, 0, 0, 0], [0, 0, 0, 0, 1, 0, 0, 0, 0, 0, 0, 0, 0, 0, 0, 0, 0, 0, 0, 0, 0, 0], [0, 0, 0, 0, 0, 1, 0, 0, 0, 0, 0, 0, 0, 0, 0, 0, 0, 0, 0, 0, 0, 0], [0, 0, 0, -1, 0, 0, 0, -1, 1, 0, 0, -1, 0, 1, 0, 0, 0, 0, 0, -1, -1, -1], [0, 0, 0, -1, 0, 0, -1, 0, 1, 0, 0, -1, 0, 1, 0, 0, 0, 0, 0, -1, -1, -1], [0, 0, 0, -1, 0, 0, -1, -1, 2, 0, 0, -1, 0, 1, 0, 0, 0, 0, 0, -1, -1, -1], [0, 0, 0, -1, 0, 0, -1, -1, 1, 1, 0, -1, 0, 1, 0, 0, 0, 0, 0, -1, -1, -1], [0, 0, 0, 0, 0, 0, 0, 0, 0, 0, 1, 0, 0, 0, 0, 0, 0, 0, 0, 0, 0, 0], [0, 0, 0, 1, 0, 0, 1, 1, -1, 0, 0, 2, 0, -1, 0, 0, 0, 0, 0, 1, 1, 1], [0, 0, 0, 0, 0, 0, 0, 0, 0, 0, 0, 0, 1, 0, 0, 0, 0, 0, 0, 0, 0, 0], [0, 0, 0, 0, 0, 0, 0, 0, 0, 0, 0, 0, 0, 1, 0, 0, 0, 0, 0, 0, 0, 0], [0, 0, 0, 1, 0, 0, 1, 1, -1, 0, 0, 1, 0, -1, 1, 0, 0, 0, 0, 1, 1, 1], [0, 0, 0, 1, 0, 0, 1, 1, -1, 0, 0, 1, 0, -1, 0, 1, 0, 0, 0, 1, 1, 1], [0, 0, 0, 1, 0, 0, 1, 1, -1, 0, 0, 1, 0, -1, 0, 0, 1, 0, 0, 1, 1, 1], [0, 0, 0, 2, 0, 0, 2, 2, -2, 0, 0, 2, 0, -2, 0, 0, 0, 1, 0, 2, 2, 2], [0, 0, 0, 0, 0, 0, 0, 0, 0, 0, 0, 0, 0, 0, 0, 0, 0, 0, 1, 0, 0, 0], [0, 0, 0, -1, 0, 0, -1, -1, 1, 0, 0, -1, 0, 1, 0, 0, 0, 0, 0, 0, -1, -1], [0, 0, 0, -1, 0, 0, -1, -1, 1, 0, 0, -1, 0, 1, 0, 0, 0, 0, 0, -1, 0, -1], [0, 0, 0, 0, 0, 0, 0, 0, 0, 0, 0, 0, 0, 0, 0, 0, 0, 0, 0, 0, 0, 1]]
[[1, 0, 0, 0, 0, 0, 0, 0, 0, 0, 0, 0, 0, 0, 0, 0, 0, 0, 0, 0, 0, 0], [0, 1, 0, 0, 0, 0, 0, 0, 0, 0, 0, 0, 0, 0, 0, 0, 0, 0, 0, 0, 0, 0], [0, 0, 1, 0, 0, 0, 0, 0, 0, 0, 0, 0, 0, 0, 0, 0, 0, 0, 0, 0, 0, 0], [0, 0, 0, 1, 0, 0, 0, 0, 0, 0, 0, 0, 0, 0, 0, 0, 0, 0, 0, 0, 0, 0], [0, 0, 0, 0, 1, 0, 0, 0, 0, 0, 0, 0, 0, 0, 0, 0, 0, 0, 0, 0, 0, 0], [0, 0, 0, 0, 0, 1, 0, 0, 0, 0, 0, 0, 0, 0, 0, 0, 0, 0, 0, 0, 0, 0], [0, 0, 0, 0, 0, 0, 1, 0, 0, 0, 0, 0, 0, 0, 0, 0, 0, 0, 0, 0, 0, 0], [0, 0, 0, 0, 0, 0, 0, 1, 0, 0, 0, 0, 0, 0, 0, 0, 0, 0, 0, 0, 0, 0], [0, 0, 0, 0, 0, 0, 0, 0, 1, 0, 0, 0, 0, 0, 0, 0, 0, 0, 0, 0, 0, 0], [0, 0, 0, 0, 0, 0, 0, 0, 0, 1, 0, 0, 0, 0, 0, 0, 0, 0, 0, 0, 0, 0], [0, 0, 0, 0, 0, 0, 0, 0, 0, 0, 1, 0, 0, 0, 0, 0, 0, 0, 0, 0, 0, 0], [0, 0, 0, 0, 0, 0, 0, 0, 0, 0, 0, 1, 0, 0, 0, 0, 0, 0, 0, 0, 0, 0], [0, 0, 0, 0, 0, 0, 0, 0, 0, 0, 0, 0, 1, 0, 0, 0, 0, 0, 0, 0, 0, 0], [0, 0, 0, 0, 0, 0, 0, 0, 0, 0, 0, 0, 0, 1, 0, 0, 0, 0, 0, 0, 0, 0], [0, 0, 0, 0, 0, 0, 0, 0, 0, 0, 0, 0, 0, 0, 1, 0, 0, 0, 0, 0, 0, 0], [0, 0, 0, 0, 0, 0, 0, 0, 0, 0, 0, 0, 0, 0, 0, 1, 0, 0, 0, 0, 0, 0], [0, 0, 0, 0, 0, 0, 0, 0, 0, 0, 0, 0, 0, 0, 0, 0, 1, 0, 0, 0, 0, 0], [0, 0, 0, 0, 0, 0, 0, 0, 0, 0, 0, 0, 0, 0, 0, 0, 0, 1, 0, 0, 0, 0], [0, 0, 0, 0, 0, 0, 0, 0, 0, 0, 0, 0, 0, 0, 0, 0, 0, 0, 1, 0, 0, 0], [0, 0, 0, 0, 0, 0, 0, 0, 0, 0, 0, 0, 0, 0, 0, 0, 0, 0, 0, 1, 0, 0], [0, 0, 0, 0, 0, 0, 0, 0, 0, 0, 0, 0, 0, 0, 0, 0, 0, 0, 0, 0, 1, 0], [0, 0, 0, 0, 0, 0, 0, 0, 0, 0, 0, 0, 0, 0, 0, 0, 0, 0, 0, 0, 0, 1]]
[[2, 2, -1, 2, 1, 0, 2, 2, -1, 0, 4, 1, -3, 2, -2, 0, 1, 2, 0, 1, 1, -1], [0, 1, 0, 0, 0, 0, 0, 0, 0, 0, 0, 0, 0, 0, 0, 0, 0, 0, 0, 0, 0, 0], [1, 2, 0, 2, 1, 0, 2, 2, -1, 0, 4, 1, -3, 2, -2, 0, 1, 2, 0, 1, 1, -1], [0, 0, 0, 1, 0, 0, 0, 0, 0, 0, 0, 0, 0, 0, 0, 0, 0, 0, 0, 0, 0, 0], [0, 0, 0, 0, 0, 0, 0, -1, 1, 0, -1, -1, 0, 0, 0, 0, 0, 0, 0, -1, 0, 0], [0, 0, 0, 0, 0, 1, 0, 0, 0, 0, 0, 0, 0, 0, 0, 0, 0, 0, 0, 0, 0, 0], [-1, -2, 1, -2, -1, 0, -1, -2, 1, 0, -4, -1, 3, -2, 2, 0, -1, -2, 0, -1, -1, 1], [0, 0, 0, -1, 0, 0, 0, 0, 0, 1, -1, 0, 1, 0, 1, 0, 0, -1, 0, -1, 0, 0], [0, 0, 0, -1, 0, 0, 0, -1, 1, 1, -1, 0, 1, 0, 1, 0, 0, -1, 0, -1, 0, 0], [0, 0, 0, 0, 0, 0, 0, 0, 0, 1, 0, 0, 0, 0, 0, 0, 0, 0, 0, 0, 0, 0], [-1, -2, 1, -2, -1, 0, -2, -2, 1, 0, -3, -1, 3, -2, 2, 0, -1, -2, 0, -1, -1, 1], [1, 2, -1, 3, 1, 0, 2, 3, -1, -1, 5, 2, -4, 2, -3, 0, 1, 3, 0, 2, 1, -1], [0, 0, 0, 0, -1, 0, 0, -1, 1, 0, -1, -1, 1, 0, 0, 0, 0, 0, 0, -1, 0, 0], [0, 0, 0, 0, -1, 0, 0, -1, 1, 0, -1, -1, 0, 1, 0, 0, 0, 0, 0, -1, 0, 0], [0, -1, 0, 0, 1, 0, -1, 1, -1, -1, 1, 0, 0, -1, 0, 1, 0, 0, 0, 2, 0, 1], [0, 1, 0, 2, 1, 0, 1, 3, -1, -1, 3, 2, -2, 1, -1, 0, 0, 2, 0, 2, 0, -1], [1, 2, -1, 3, 2, 0, 2, 4, -2, -1, 6, 2, -4, 2, -3, 0, 2, 3, 0, 3, 1, -1], [1, 1, -1, 2, 2, 0, 1, 3, -2, -1, 5, 1, -3, 1, -3, 1, 1, 3, 0, 3, 1, 0], [-1, -2, 1, -2, -1, 0, -2, -2, 1, 0, -4, -1, 3, -2, 2, 0, -1, -2, 1, -1, -1, 1], [0, 0, 0, -1, -1, 0, 0, -2, 1, 1, -2, -1, 1, 0, 1, 0, 0, -1, 0, -1, 0, 0], [0, 0, 0, 0, 0, 0, 0, 0, 0, 0, 0, 0, 0, 0, 0, 0, 0, 0, 0, 0, 1, 0], [0, 0, 0, 0, 0, 0, 0, 0, 0, 0, 0, 0, 0, 0, 0, 0, 0, 0, 0, 0, 0, 1]]
[[1, 0, 0, 0, 0, 0, 0, 0, 0, 0, 0, 0, 0, 0, 0, 0, 0, 0, 0, 0, 0, 0], [0, 1, 0, 0, 0, 0, 0, 0, 0, 0, 0, 0, 0, 0, 0, 0, 0, 0, 0, 0, 0, 0], [0, 0, 1, 0, 0, 0, 0, 0, 0, 0, 0, 0, 0, 0, 0, 0, 0, 0, 0, 0, 0, 0], [0, 0, 0, 1, 0, 0, 0, 0, 0, 0, 0, 0, 0, 0, 0, 0, 0, 0, 0, 0, 0, 0], [0, 0, 0, 0, 1, 0, 0, 0, 0, 0, 0, 0, 0, 0, 0, 0, 0, 0, 0, 0, 0, 0], [0, 0, 0, 0, 0, 1, 0, 0, 0, 0, 0, 0, 0, 0, 0, 0, 0, 0, 0, 0, 0, 0], [0, 0, 0, 0, 0, 0, 1, 0, 0, 0, 0, 0, 0, 0, 0, 0, 0, 0, 0, 0, 0, 0], [0, 0, 0, 0, 0, 0, 0, 1, 0, 0, 0, 0, 0, 0, 0, 0, 0, 0, 0, 0, 0, 0], [0, 0, 0, 0, 0, 0, 0, 0, 1, 0, 0, 0, 0, 0, 0, 0, 0, 0, 0, 0, 0, 0], [0, 0, 0, 0, 0, 0, 0, 0, 0, 1, 0, 0, 0, 0, 0, 0, 0, 0, 0, 0, 0, 0], [0, 0, 0, 0, 0, 0, 0, 0, 0, 0, 1, 0, 0, 0, 0, 0, 0, 0, 0, 0, 0, 0], [0, 0, 0, 0, 0, 0, 0, 0, 0, 0, 0, 1, 0, 0, 0, 0, 0, 0, 0, 0, 0, 0], [0, 0, 0, 0, 0, 0, 0, 0, 0, 0, 0, 0, 1, 0, 0, 0, 0, 0, 0, 0, 0, 0], [0, 0, 0, 0, 0, 0, 0, 0, 0, 0, 0, 0, 0, 1, 0, 0, 0, 0, 0, 0, 0, 0], [0, 0, 0, 0, 0, 0, 0, 0, 0, 0, 0, 0, 0, 0, 1, 0, 0, 0, 0, 0, 0, 0], [0, 0, 0, 0, 0, 0, 0, 0, 0, 0, 0, 0, 0, 0, 0, 1, 0, 0, 0, 0, 0, 0], [0, 0, 0, 0, 0, 0, 0, 0, 0, 0, 0, 0, 0, 0, 0, 0, 1, 0, 0, 0, 0, 0], [0, 0, 0, 0, 0, 0, 0, 0, 0, 0, 0, 0, 0, 0, 0, 0, 0, 1, 0, 0, 0, 0], [0, 0, 0, 0, 0, 0, 0, 0, 0, 0, 0, 0, 0, 0, 0, 0, 0, 0, 1, 0, 0, 0], [0, 0, 0, 0, 0, 0, 0, 0, 0, 0, 0, 0, 0, 0, 0, 0, 0, 0, 0, 1, 0, 0], [0, 0, 0, 0, 0, 0, 0, 0, 0, 0, 0, 0, 0, 0, 0, 0, 0, 0, 0, 0, 1, 0], [0, 0, 0, 0, 0, 0, 0, 0, 0, 0, 0, 0, 0, 0, 0, 0, 0, 0, 0, 0, 0, 1]]
[[1, 0, 0, 0, 0, 0, 0, 0, 0, 0, 0, 0, 0, 0, 0, 0, 0, 0, 0, 0, 0, 0], [0, 1, 0, 0, 0, 0, 0, 0, 0, 0, 0, 0, 0, 0, 0, 0, 0, 0, 0, 0, 0, 0], [0, 0, 1, 0, 0, 0, 0, 0, 0, 0, 0, 0, 0, 0, 0, 0, 0, 0, 0, 0, 0, 0], [-1, -1, 1, -1, 0, -1, -1, -1, 0, 0, -2, -1, 1, -1, 1, 0, -1, -1, 0, -1, -1, 0], [0, 0, 0, 0, 1, 0, 0, 0, 0, 0, 0, 0, 0, 0, 0, 0, -1, 0, -1, -1, 0, 0], [-1, -1, 1, -2, 0, 0, -1, -1, 0, 0, -2, -1, 1, -1, 1, 0, -1, -1, 0, -1, -1, 0], [0, 0, 0, 0, 0, 0, 1, 0, 0, 0, 0, 0, 0, 0, 0, 0, -1, 0, -1, -1, 0, 0], [0, 0, 0, 0, 0, 0, 0, 1, 0, 0, 0, 0, 0, 0, 0, 0, 0, 0, 0, 0, 0, 0], [0, 0, 0, 0, 0, 0, 0, 0, 1, 0, 0, 0, 0, 0, 0, 0, -1, 0, -1, -1, 0, 0], [0, 0, 0, 0, 0, 0, 0, 0, 0, 1, 0, 0, 0, 0, 0, 0, 0, 0, 0, 0, 0, 0], [-1, -1, 1, -2, 0, -1, -1, -1, 0, 0, -1, -1, 1, -1, 1, 0, -1, -1, 0, -1, -1, 0], [1, 1, -1, 2, 0, 1, 1, 1, 0, 0, 2, 2, -1, 1, -1, 0, 2, 1, 1, 2, 1, 0], [-1, -1, 1, -2, 0, -1, -1, -1, 0, 0, -2, -1, 2, -1, 1, 0, -1, -1, 0, -1, -1, 0], [0, 0, 0, 0, 0, 0, 0, 0, 0, 0, 0, 0, 0, 1, 0, 0, 0, 0, 0, 0, 0, 0], [0, 0, 0, 0, 0, 0, 0, 0, 0, 0, 0, 0, 0, 0, 1, 0, 0, 0, 0, 0, 0, 0], [1, 1, -1, 2, 0, 1, 1, 1, 0, 0, 2, 1, -1, 1, -1, 1, 2, 1, 1, 2, 1, 0], [0, 0, 0, 0, 0, 0, 0, 0, 0, 0, 0, 0, 0, 0, 0, 0, 1, 0, 0, 0, 0, 0], [1, 1, -1, 2, 0, 1, 1, 1, 0, 0, 2, 1, -1, 1, -1, 0, 2, 2, 1, 2, 1, 0], [0, 0, 0, 0, 0, 0, 0, 0, 0, 0, 0, 0, 0, 0, 0, 0, -1, 0, 0, -1, 0, 0], [0, 0, 0, 0, 0, 0, 0, 0, 0, 0, 0, 0, 0, 0, 0, 0, -1, 0, -1, 0, 0, 0], [0, 0, 0, 0, 0, 0, 0, 0, 0, 0, 0, 0, 0, 0, 0, 0, 0, 0, 0, 0, 1, 0], [0, 0, 0, 0, 0, 0, 0, 0, 0, 0, 0, 0, 0, 0, 0, 0, 0, 0, 0, 0, 0, 1]]
[[0, 0, 0, 0, 0, 0, 0, 0, 0, 1, 0, 0, 0, 0, -1, 0, 0, 1, 0, 0, 0, 0], [0, 1, 0, 0, 0, 0, 0, 0, 0, 0, 0, 0, 0, 0, 0, 0, 0, 0, 0, 0, 0, 0], [-1, 0, 1, 0, 0, 0, 0, 0, 0, 1, 0, 0, 0, 0, -1, 0, 0, 1, 0, 0, 0, 0], [-1, -1, 1, -1, 0, 0, -1, 0, 0, 0, -1, 0, 1, -1, 1, 0, -1, -1, 0, -1, -1, 0], [-1, -1, 1, -2, 1, 0, -1, 0, 0, 0, -1, 0, 1, -1, 1, 0, -1, -1, 0, -1, -1, 0], [0, 0, 0, 0, 0, 1, 0, 0, 0, 0, 0, 0, 0, 0, 0, 0, 0, 0, 0, 0, 0, 0], [0, 0, 0, 0, 0, 0, 1, 0, 0, 0, 0, 0, 0, 0, 0, 0, 0, 0, 0, 0, 0, 0], [-1, 0, 0, 0, 0, 0, 0, 1, 0, 1, 0, 0, 0, 0, -1, 0, 0, 1, 0, 0, 0, 0], [-1, 0, 0, 0, 0, 0, 0, 0, 1, 1, 0, 0, 0, 0, -1, 0, 0, 1, 0, 0, 0, 0], [0, 0, 0, 0, 0, 0, 0, 0, 0, 1, 0, 0, 0, 0, 0, 0, 0, 0, 0, 0, 0, 0], [0, 0, 0, 0, 0, 0, 0, 0, 0, 0, 1, 0, 0, 0, 0, 0, 0, 0, 0, 0, 0, 0], [1, 1, -1, 2, 0, 0, 1, 0, 0, 0, 1, 1, -1, 1, -1, 0, 1, 1, 0, 1, 1, 0], [-1, -1, 1, -2, 0, 0, -1, 0, 0, 0, -1, 0, 2, -1, 1, 0, -1, -1, 0, -1, -1, 0], [0, 0, 0, 0, 0, 0, 0, 0, 0, 0, 0, 0, 0, 1, 0, 0, 0, 0, 0, 0, 0, 0], [0, 0, 0, 0, 0, 0, 0, 0, 0, 0, 0, 0, 0, 0, 1, 0, 0, 0, 0, 0, 0, 0], [1, 1, -1, 2, 0, 0, 1, 0, 0, 0, 1, 0, -1, 1, -1, 1, 1, 1, 0, 1, 1, 0], [-2, -1, 1, -2, 0, 0, -1, 0, 0, 1, -1, 0, 1, -1, 0, 0, 0, 0, 0, -1, -1, 0], [1, 0, 0, 0, 0, 0, 0, 0, 0, -1, 0, 0, 0, 0, 1, 0, 0, 0, 0, 0, 0, 0], [0, 0, 0, 0, 0, 0, 0, 0, 0, 0, 0, 0, 0, 0, 0, 0, 0, 0, 1, 0, 0, 0], [0, 0, 0, 0, 0, 0, 0, 0, 0, 0, 0, 0, 0, 0, 0, 0, 0, 0, 0, 1, 0, 0], [0, 0, 0, 0, 0, 0, 0, 0, 0, 0, 0, 0, 0, 0, 0, 0, 0, 0, 0, 0, 1, 0], [0, 0, 0, 0, 0, 0, 0, 0, 0, 0, 0, 0, 0, 0, 0, 0, 0, 0, 0, 0, 0, 1]]
[[1, 0, 0, 0, 0, 0, 0, 0, 0, 0, 0, 0, 0, 0, 0, 0, 0, 0, 0, 0, 0, 0], [0, 1, 0, 0, 0, 0, 0, 0, 0, 0, 0, 0, 0, 0, 0, 0, 0, 0, 0, 0, 0, 0], [0, 0, 1, 0, 0, 0, 0, 0, 0, 0, 0, 0, 0, 0, 0, 0, 0, 0, 0, 0, 0, 0], [0, 0, 0, 1, 0, 0, 0, 0, 0, 0, 0, 0, 0, 0, 0, 0, 0, 0, 0, 0, 0, 0], [0, 0, 0, 0, 1, 0, 0, 0, 0, 0, 0, 0, 0, 0, 0, 0, 0, 0, 0, 0, 0, 0], [0, 0, 0, 0, 0, 1, 0, 0, 0, 0, 0, 0, 0, 0, 0, 0, 0, 0, 0, 0, 0, 0], [0, 0, 0, 0, 0, 0, 1, 0, 0, 0, 0, 0, 0, 0, 0, 0, 0, 0, 0, 0, 0, 0], [0, 0, 0, 0, 0, 0, 0, 1, 0, 0, 0, 0, 0, 0, 0, 0, 0, 0, 0, 0, 0, 0], [0, 0, 0, 0, 0, 0, 0, 0, 1, 0, 0, 0, 0, 0, 0, 0, 0, 0, 0, 0, 0, 0], [0, 0, 0, 0, 0, 0, 0, 0, 0, 1, 0, 0, 0, 0, 0, 0, 0, 0, 0, 0, 0, 0], [0, 0, 0, 0, 0, 0, 0, 0, 0, 0, 1, 0, 0, 0, 0, 0, 0, 0, 0, 0, 0, 0], [0, 0, 0, 0, 0, 0, 0, 0, 0, 0, 0, 1, 0, 0, 0, 0, 0, 0, 0, 0, 0, 0], [0, 0, 0, 0, 0, 0, 0, 0, 0, 0, 0, 0, 1, 0, 0, 0, 0, 0, 0, 0, 0, 0], [0, 0, 0, 0, 0, 0, 0, 0, 0, 0, 0, 0, 0, 1, 0, 0, 0, 0, 0, 0, 0, 0], [0, 0, 0, 0, 0, 0, 0, 0, 0, 0, 0, 0, 0, 0, 1, 0, 0, 0, 0, 0, 0, 0], [0, 0, 0, 0, 0, 0, 0, 0, 0, 0, 0, 0, 0, 0, 0, 1, 0, 0, 0, 0, 0, 0], [0, 0, 0, 0, 0, 0, 0, 0, 0, 0, 0, 0, 0, 0, 0, 0, 1, 0, 0, 0, 0, 0], [0, 0, 0, 0, 0, 0, 0, 0, 0, 0, 0, 0, 0, 0, 0, 0, 0, 1, 0, 0, 0, 0], [0, 0, 0, 0, 0, 0, 0, 0, 0, 0, 0, 0, 0, 0, 0, 0, 0, 0, 1, 0, 0, 0], [0, 0, 0, 0, 0, 0, 0, 0, 0, 0, 0, 0, 0, 0, 0, 0, 0, 0, 0, 1, 0, 0], [0, 0, 0, 0, 0, 0, 0, 0, 0, 0, 0, 0, 0, 0, 0, 0, 0, 0, 0, 0, 1, 0], [0, 0, 0, 0, 0, 0, 0, 0, 0, 0, 0, 0, 0, 0, 0, 0, 0, 0, 0, 0, 0, 1]]
[[3, 3, -1, 4, 1, -1, 3, 1, -1, -1, 4, 0, -4, 3, -2, 1, 0, 3, -2, 2, 2, -2], [0, 1, 0, 1, 0, 0, 0, 0, 0, -1, 0, 0, -1, 1, 0, 0, 0, 0, 0, 0, 1, 0], [2, 3, -1, 4, 1, 0, 3, 2, -1, 0, 3, 1, -3, 2, -2, 1, 0, 3, -1, 2, 2, -1], [0, -1, 1, -1, 0, -1, -1, -1, 0, -2, -2, -1, 1, -1, 2, 0, -1, -2, 0, -1, 0, 1], [1, 1, -1, 1, 0, 1, 1, 1, 1, 1, 1, 1, 0, 1, 0, 0, 0, 1, 0, 0, 0, -1], [-1, -2, 1, -3, -1, 0, -2, -3, 2, 1, -5, -1, 4, -2, 3, -1, -1, -3, 1, -3, -2, 1], [-2, -2, 0, -2, -1, 2, -1, 0, 1, 3, -2, 1, 3, -2, 0, -1, 1, -1, 2, -1, -2, 1], [0, 2, -1, 3, 2, 1, 2, 4, -2, 1, 6, 2, -4, 2, -4, 1, 2, 4, 0, 4, 2, 0], [1, 2, -2, 2, 1, 2, 2, 2, 0, 3, 4, 1, -2, 2, -3, 1, 2, 3, 0, 2, 1, 0], [-1, 0, 1, 0, 0, 0, 0, 0, 0, 0, 0, 0, 0, 0, 0, 0, 0, 0, 0, 0, 0, 1], [-3, -3, 2, -3, -1, 0, -3, -2, 1, 0, -4, -1, 3, -2, 2, -1, 0, -3, 2, -2, -2, 2], [3, 3, -2, 3, 0, -1, 3, 1, -1, -1, 3, 0, -3, 2, -2, 1, 0, 3, -2, 2, 2, -3], [-1, -1, 1, 0, 0, 0, -1, 0, 1, 0, 0, 0, 0, 0, 0, 0, 0, 0, 1, 0, -1, 0], [0, 1, -1, 1, 0, 1, 1, 1, 1, 2, 2, 1, -1, 1, -2, 0, 1, 2, 0, 1, -1, -1], [-1, -2, 1, -2, -1, -2, -2, -2, -1, -3, -4, -1, 2, -2, 3, -1, -1, -4, 0, -2, 0, 1], [1, 1, -1, 1, 0, -1, 1, 1, -2, -2, 1, 0, -2, 0, -1, 0, 0, 1, -1, 1, 2, -1], [3, 2, -1, 3, 1, -2, 2, 2, -3, -4, 2, 0, -3, 1, 0, 1, -1, 1, -2, 2, 3, -2], [1, 0, 0, 0, 0, -2, 0, 0, -2, -3, 0, 0, -1, 0, 1, 0, -1, -1, -1, 0, 1, -2], [-1, -1, 0, -1, -1, 1, -1, -1, 1, 1, -1, 0, 1, 0, 0, -1, 1, -1, 1, -1, -1, 1], [0, 0, 0, 0, 0, 1, 0, -1, 2, 2, 0, 0, 1, 0, 0, 0, 0, 0, 0, -1, -1, 1], [0, 0, 0, 0, 0, 0, 0, 0, 0, 1, 0, 0, 0, 0, 0, 0, 0, 0, 0, 0, 0, 1], [0, 1, -1, 1, 0, 1, 1, 1, 0, 1, 1, 1, -1, 1, -1, 0, 1, 1, 0, 1, 0, -1]]
[[1, 0, 0, 0, 0, 0, 0, 0, 0, 0, 0, 0, 0, 0, 0, 0, 0, 0, 0, 0, 0, 0], [0, -1, 1, 0, 0, -1, 0, 0, -1, -1, -1, 0, 1, -2, 1, 0, -1, -1, 0, 0, 0, 1], [0, 0, 1, 0, 0, 0, 0, 0, 0, 0, 0, 0, 0, 0, 0, 0, 0, 0, 0, 0, 0, 0], [0, 0, 0, 1, 0, 0, 0, 0, 0, 0, 0, 0, 0, 0, 0, 0, 0, 0, 0, 0, 0, 0], [0, 0, 0, 0, 1, 0, 0, 0, 0, 0, 0, 0, 0, 0, 0, 0, 0, 0, 0, 0, 0, 0], [0, 0, 0, 0, 0, 1, 0, 0, 0, 0, 0, 0, 0, 0, 0, 0, 0, 0, 0, 0, 0, 0], [0, 2, -1, 0, 0, 1, 1, 0, 1, 1, 1, 0, -1, 2, -1, 0, 1, 1, 0, 0, 0, -1], [0, 0, 0, 0, 0, 0, 0, 1, 0, 0, 0, 0, 0, 0, 0, 0, 0, 0, 0, 0, 0, 0], [0, 0, 0, 0, 0, 0, 0, 0, 1, 0, 0, 0, 0, 0, 0, 0, 0, 0, 0, 0, 0, 0], [0, 0, 0, 0, 0, 0, 0, 0, 0, 1, 0, 0, 0, 0, 0, 0, 0, 0, 0, 0, 0, 0], [0, 0, 0, 0, 0, 0, 0, 0, 0, 0, 1, 0, 0, 0, 0, 0, 0, 0, 0, 0, 0, 0], [0, 0, 0, 0, 0, 0, 0, 0, 0, 0, 0, 1, 0, 0, 0, 0, 0, 0, 0, 0, 0, 0], [0, 0, 0, 0, 0, 0, 0, 0, 0, 0, 0, 0, 1, 0, 0, 0, 0, 0, 0, 0, 0, 0], [0, 0, 0, 0, 0, 0, 0, 0, 0, 0, 0, 0, 0, 1, 0, 0, 0, 0, 0, 0, 0, 0], [0, 0, 0, 0, 0, 0, 0, 0, 0, 0, 0, 0, 0, 0, 1, 0, 0, 0, 0, 0, 0, 0], [0, 0, 0, 0, 0, 0, 0, 0, 0, 0, 0, 0, 0, 0, 0, 1, 0, 0, 0, 0, 0, 0], [0, 0, 0, 0, 0, 0, 0, 0, 0, 0, 0, 0, 0, 0, 0, 0, 1, 0, 0, 0, 0, 0], [0, 0, 0, 0, 0, 0, 0, 0, 0, 0, 0, 0, 0, 0, 0, 0, 0, 1, 0, 0, 0, 0], [0, 0, 0, 0, 0, 0, 0, 0, 0, 0, 0, 0, 0, 0, 0, 0, 0, 0, 1, 0, 0, 0], [0, 0, 0, 0, 0, 0, 0, 0, 0, 0, 0, 0, 0, 0, 0, 0, 0, 0, 0, 1, 0, 0], [0, 0, 0, 0, 0, 0, 0, 0, 0, 0, 0, 0, 0, 0, 0, 0, 0, 0, 0, 0, 1, 0], [0, 0, 0, 0, 0, 0, 0, 0, 0, 0, 0, 0, 0, 0, 0, 0, 0, 0, 0, 0, 0, 1]]
[[-1, -1, 1, -1, -1, 0, -1, 0, -1, -1, -1, 1, 1, -2, 0, -1, 0, -1, 2, 0, 0, 1], [0, 1, 0, 0, 0, 0, 0, 0, 0, 0, 1, 1, 0, 0, 0, 0, 0, 0, 0, 1, 0, 0], [-1, 0, 1, 0, -1, 0, 0, 0, 0, 0, -1, 1, 1, -1, 0, -1, 0, 0, 1, 0, 0, 0], [0, 0, 0, 1, 0, 0, 0, 0, 0, 0, 1, 1, 0, 0, 0, 0, 0, 0, 0, 1, 0, 0], [0, 0, 0, 0, 1, 0, 0, 0, 0, 0, 0, 0, 0, 0, 0, 0, 0, 0, 0, 0, 0, 0], [1, 1, -1, 1, 0, 1, 1, 0, 1, 1, 0, 0, 0, 1, 0, 0, 0, 1, -1, 0, 0, -1], [2, 1, -1, 1, 1, 0, 2, 0, 1, 1, 0, -2, -1, 2, 0, 1, 0, 1, -2, -1, 0, -1], [0, 0, 0, 0, 0, 0, 0, 1, 0, 0, 0, 0, 0, 0, 0, 0, 0, 0, 0, 0, 0, 0], [0, 0, 0, 0, 0, 0, 0, 0, 1, 0, -1, -1, 0, 0, 0, 0, 0, 0, 0, -1, 0, 0], [0, 0, 0, 0, 0, 0, 0, 0, 0, 1, 0, 0, 0, 0, 0, 0, 0, 0, 0, 0, 0, 0], [2, 1, -1, 1, 1, 0, 1, 0, 1, 1, 2, -1, -1, 2, 0, 1, 0, 1, -2, 0, 0, -1], [-2, -1, 1, -1, -1, 0, -1, 0, -1, -1, -2, 1, 1, -2, 0, -1, 0, -1, 2, -1, 0, 1], [1, 0, 0, 0, 1, 0, 0, 0, 0, 0, 1, -1, 0, 1, 0, 1, 0, 0, -1, 0, 0, 0], [0, 0, 0, 0, 0, 0, 0, 0, 0, 0, -1, -1, 0, 1, 0, 0, 0, 0, 0, -1, 0, 0], [0, 0, 0, 0, 0, 0, 0, 0, 0, 0, 1, 1, 0, 0, 1, 0, 0, 0, 0, 1, 0, 0], [-1, 0, 0, 0, -1, 0, 0, 0, 0, 0, -1, 1, 1, -1, 0, 0, 0, 0, 1, 0, 0, 0], [-2, -1, 1, -1, -1, 0, -1, 0, -1, -1, 0, 2, 1, -2, 0, -1, 1, -1, 2, 1, 0, 1], [-1, -1, 1, -2, 0, 0, -1, 0, -1, -1, 0, 1, 1, -1, 1, 0, 0, -1, 1, 0, 0, 0], [2, 1, -1, 1, 1, 0, 1, 0, 1, 1, 1, -1, -1, 2, 0, 1, 0, 1, -1, 0, 0, -1], [0, 0, 0, 0, 0, 0, 0, 0, 0, 0, -1, -1, 0, 0, 0, 0, 0, 0, 0, 0, 0, 0], [0, 0, 0, 1, 0, 0, 0, 0, 0, 0, 1, 0, -1, 0, -1, 0, 0, 1, 0, 1, 1, 1], [0, 0, 0, -1, 0, 0, 0, 0, 0, 0, -1, 0, 1, 0, 1, 0, 0, -1, 0, -1, 0, 0]]
[[1, 0, 0, 0, 0, 0, 0, 0, 0, 0, 0, 0, 0, 0, 0, 0, 0, 0, 0, 0, 0, 0], [0, 1, 0, 0, 0, 0, 0, 0, 0, 0, 0, 0, 0, 0, 0, 0, 0, 0, 0, 0, 0, 0], [0, 0, 1, 0, 0, 0, 0, 0, 0, 0, 0, 0, 0, 0, 0, 0, 0, 0, 0, 0, 0, 0], [0, 0, 0, 1, 0, 0, 0, 0, 0, 0, 0, 0, 0, 0, 0, 0, 0, 0, 0, 0, 0, 0], [0, 0, 0, 0, 1, 0, 0, 0, 0, 0, 0, 0, 0, 0, 0, 0, 0, 0, 0, 0, 0, 0], [0, 0, 0, 0, 0, 1, 0, 0, 0, 0, 0, 0, 0, 0, 0, 0, 0, 0, 0, 0, 0, 0], [0, 0, 0, 0, 0, 0, 1, 0, 0, 0, 0, 0, 0, 0, 0, 0, 0, 0, 0, 0, 0, 0], [0, 0, 0, 0, 0, 0, 0, 1, 0, 0, 0, 0, 0, 0, 0, 0, 0, 0, 0, 0, 0, 0], [0, 0, 0, 0, 0, 0, 0, 0, 1, 0, 0, 0, 0, 0, 0, 0, 0, 0, 0, 0, 0, 0], [0, 0, 0, 0, 0, 0, 0, 0, 0, 1, 0, 0, 0, 0, 0, 0, 0, 0, 0, 0, 0, 0], [0, 0, 0, 0, 0, 0, 0, 0, 0, 0, 1, 0, 0, 0, 0, 0, 0, 0, 0, 0, 0, 0], [0, 0, 0, 0, 0, 0, 0, 0, 0, 0, 0, 1, 0, 0, 0, 0, 0, 0, 0, 0, 0, 0], [0, 0, 0, 0, 0, 0, 0, 0, 0, 0, 0, 0, 1, 0, 0, 0, 0, 0, 0, 0, 0, 0], [0, 0, 0, 0, 0, 0, 0, 0, 0, 0, 0, 0, 0, 1, 0, 0, 0, 0, 0, 0, 0, 0], [0, 0, 0, 0, 0, 0, 0, 0, 0, 0, 0, 0, 0, 0, 1, 0, 0, 0, 0, 0, 0, 0], [0, 0, 0, 0, 0, 0, 0, 0, 0, 0, 0, 0, 0, 0, 0, 1, 0, 0, 0, 0, 0, 0], [0, 0, 0, 0, 0, 0, 0, 0, 0, 0, 0, 0, 0, 0, 0, 0, 1, 0, 0, 0, 0, 0], [0, 0, 0, 0, 0, 0, 0, 0, 0, 0, 0, 0, 0, 0, 0, 0, 0, 1, 0, 0, 0, 0], [0, 0, 0, 0, 0, 0, 0, 0, 0, 0, 0, 0, 0, 0, 0, 0, 0, 0, 1, 0, 0, 0], [0, 0, 0, 0, 0, 0, 0, 0, 0, 0, 0, 0, 0, 0, 0, 0, 0, 0, 0, 1, 0, 0], [0, 0, 0, 0, 0, 0, 0, 0, 0, 0, 0, 0, 0, 0, 0, 0, 0, 0, 0, 0, 1, 0], [0, 0, 0, 0, 0, 0, 0, 0, 0, 0, 0, 0, 0, 0, 0, 0, 0, 0, 0, 0, 0, 1]]
[[1, 0, 0, 0, 0, 0, 0, 0, 0, 0, 0, 0, 0, 0, 0, 0, 0, 0, 0, 0, 0, 0], [0, 1, 0, 0, 0, 0, 0, 0, 0, 0, 0, 0, 0, 0, 0, 0, 0, 0, 0, 0, 0, 0], [0, 0, 1, 0, 0, 0, 0, 0, 0, 0, 0, 0, 0, 0, 0, 0, 0, 0, 0, 0, 0, 0], [0, 0, 0, 1, 0, 0, 0, 0, 0, 0, 0, 0, 0, 0, 0, 0, 0, 0, 0, 0, 0, 0], [0, 0, 0, 0, 1, 0, 0, 0, 0, 0, 0, 0, 0, 0, 0, 0, 0, 0, 0, 0, 0, 0], [0, 0, 0, 0, 0, 1, 0, 0, 0, 0, 0, 0, 0, 0, 0, 0, 0, 0, 0, 0, 0, 0], [0, 0, 0, 0, 0, 0, 1, 0, 0, 0, 0, 0, 0, 0, 0, 0, 0, 0, 0, 0, 0, 0], [0, 0, 0, 0, 0, 0, 0, 1, 0, 0, 0, 0, 0, 0, 0, 0, 0, 0, 0, 0, 0, 0], [0, 0, 0, 0, 0, 0, 0, 0, 1, 0, 0, 0, 0, 0, 0, 0, 0, 0, 0, 0, 0, 0], [0, 0, 0, 0, 0, 0, 0, 0, 0, 1, 0, 0, 0, 0, 0, 0, 0, 0, 0, 0, 0, 0], [0, 0, 0, 0, 0, 0, 0, 0, 0, 0, 1, 0, 0, 0, 0, 0, 0, 0, 0, 0, 0, 0], [0, 0, 0, 0, 0, 0, 0, 0, 0, 0, 0, 1, 0, 0, 0, 0, 0, 0, 0, 0, 0, 0], [0, 0, 0, 0, 0, 0, 0, 0, 0, 0, 0, 0, 1, 0, 0, 0, 0, 0, 0, 0, 0, 0], [0, 0, 0, 0, 0, 0, 0, 0, 0, 0, 0, 0, 0, 1, 0, 0, 0, 0, 0, 0, 0, 0], [0, 0, 0, 0, 0, 0, 0, 0, 0, 0, 0, 0, 0, 0, 1, 0, 0, 0, 0, 0, 0, 0], [0, 0, 0, 0, 0, 0, 0, 0, 0, 0, 0, 0, 0, 0, 0, 1, 0, 0, 0, 0, 0, 0], [0, 0, 0, 0, 0, 0, 0, 0, 0, 0, 0, 0, 0, 0, 0, 0, 1, 0, 0, 0, 0, 0], [0, 0, 0, 0, 0, 0, 0, 0, 0, 0, 0, 0, 0, 0, 0, 0, 0, 1, 0, 0, 0, 0], [0, 0, 0, 0, 0, 0, 0, 0, 0, 0, 0, 0, 0, 0, 0, 0, 0, 0, 1, 0, 0, 0], [0, 0, 0, 0, 0, 0, 0, 0, 0, 0, 0, 0, 0, 0, 0, 0, 0, 0, 0, 1, 0, 0], [0, 0, 0, 0, 0, 0, 0, 0, 0, 0, 0, 0, 0, 0, 0, 0, 0, 0, 0, 0, 1, 0], [0, 0, 0, 0, 0, 0, 0, 0, 0, 0, 0, 0, 0, 0, 0, 0, 0, 0, 0, 0, 0, 1]]
[[3, 2, -1, 2, 1, 0, 2, 1, 0, 0, 3, 0, -2, 2, -1, 1, 0, 2, -1, 1, 1, -1], [0, 1, 0, 0, 0, 0, 0, 0, 0, 0, 0, 0, 0, 0, 0, 0, 0, 0, 0, 0, 0, 0], [2, 2, 0, 2, 1, 0, 2, 1, 0, 0, 3, 0, -2, 2, -1, 1, 0, 2, -1, 1, 1, -1], [0, 0, 0, 1, 0, 0, 0, 0, 0, 0, 0, 0, 0, 0, 0, 0, 0, 0, 0, 0, 0, 0], [0, 0, 0, 0, 0, 0, 0, -1, 1, 0, -1, -1, 1, 0, 0, 1, 0, 0, 0, 0, 0, 0], [0, 0, 0, 1, 0, 0, 0, 0, 0, -1, 1, 0, -1, 0, -1, 0, 0, 0, 0, 0, 0, 0], [-2, -2, 1, -2, -1, 0, -1, -1, 0, 0, -3, 0, 2, -2, 1, -1, 0, -2, 1, -1, -1, 1], [0, 0, 0, -1, 0, 1, 0, 0, 1, 2, -1, 0, 1, 0, 1, 0, 0, 0, 0, -1, 0, 0], [0, 0, 0, -1, 0, 1, 0, 0, 1, 1, -1, 0, 1, 0, 1, 0, 0, 0, 0, 0, 0, 0], [0, 0, 0, 0, 0, 0, 0, 0, 0, 1, 0, 0, 0, 0, 0, 0, 0, 0, 0, 0, 0, 0], [-2, -2, 1, -2, -1, 0, -2, -1, 0, 0, -2, 0, 2, -2, 1, -1, 0, -2, 1, -1, -1, 1], [2, 2, -1, 2, 1, 0, 2, 2, -1, -1, 3, 1, -2, 2, -1, 1, 0, 2, -1, 2, 1, -1], [0, 0, 0, 0, 0, 0, 0, -1, 1, 1, 0, 0, 1, 0, 0, 0, 0, 0, 0, -1, 0, 0], [0, 0, 0, 0, 0, 0, 0, -1, 1, 1, 0, 0, 0, 1, 0, 0, 0, 0, 0, -1, 0, 0], [-2, -2, 1, -1, -1, -1, -2, 0, -1, -2, -2, 0, 1, -2, 1, -1, 0, -2, 1, 0, -1, 1], [0, 0, 0, 0, 1, 0, 0, 2, -2, -1, 1, 1, -1, 0, 0, 0, 0, 0, 0, 1, 0, 0], [2, 2, -1, 2, 1, 0, 2, 2, -1, -1, 3, 0, -2, 2, -1, 1, 1, 2, -1, 2, 1, -1], [0, 0, 0, 1, 0, -1, 0, 1, -1, -2, 1, 0, -1, 0, -1, 0, 0, 1, 0, 1, 0, 0], [-2, -2, 1, -2, -1, 0, -2, -1, 0, 0, -3, 0, 2, -2, 1, -1, 0, -2, 2, -1, -1, 1], [0, 0, 0, 0, 0, 0, 0, -1, 1, 1, 0, 0, 0, 0, 0, 0, 0, 0, 0, 0, 0, 0], [0, 0, 0, 0, 0, 0, 0, 0, 0, 0, 0, 0, 0, 0, 0, 0, 0, 0, 0, 0, 1, 0], [0, 0, 0, 0, 0, 0, 0, 0, 0, 0, 0, 0, 0, 0, 0, 0, 0, 0, 0, 0, 0, 1]]
[[1, 0, 0, 0, 0, 0, 0, 0, 0, 0, 0, 0, 0, 0, 0, 0, 0, 0, 1, 0, 0, 0], [0, 1, 0, 0, 0, 0, 0, 0, 0, 0, 0, 0, 0, 0, 0, 0, 0, 0, 0, 0, 0, 0], [0, 0, 1, 0, 0, 0, 0, 0, 0, 0, 0, 0, 0, 0, 0, 0, 0, 0, 1, 0, 0, 0], [0, 0, 0, 1, 0, 0, 0, 0, 0, 0, 0, 0, 0, 0, 0, 0, 0, 0, 0, 0, 0, 0], [0, 0, 0, 0, 1, 0, 0, 0, 0, 0, 0, 0, 0, 0, 0, 0, 0, 0, 0, 0, 0, 0], [0, 0, 0, 0, 0, 1, 0, 0, 0, 0, 0, 0, 0, 0, 0, 0, 0, 0, 0, 0, 0, 0], [0, 0, 0, 0, 0, 0, 1, 0, 0, 0, 0, 0, 0, 0, 0, 0, 0, 0, -1, 0, 0, 0], [0, 0, 0, 0, 0, 0, 0, 1, 0, 0, 0, 0, 0, 0, 0, 0, 0, 0, 0, 0, 0, 0], [0, 0, 0, 0, 0, 0, 0, 0, 1, 0, 0, 0, 0, 0, 0, 0, 0, 0, 0, 0, 0, 0], [0, 0, 0, 1, 0, 0, 0, 0, 0, 0, 1, 0, -1, 0, -1, 0, 0, 0, 0, 0, 0, 1], [0, 0, 0, 0, 0, 0, 0, 0, 0, 0, 0, -1, 0, 0, 0, 1, 0, 0, -1, 0, 0, 0], [0, 0, 0, -1, 0, 0, 0, 0, 0, 1, -1, 1, 1, 0, 1, 0, 0, 0, 1, 0, 0, -1], [0, 0, 0, 0, 0, 0, 0, 0, 0, 0, -1, -1, 1, 0, 0, 1, 0, 0, 0, 0, 0, 0], [0, 0, 0, 0, 0, 0, 0, 0, 0, 0, 0, 0, 0, 1, 0, 0, 0, 0, 0, 0, 0, 0], [0, 0, 0, 0, 0, 0, 0, 0, 0, 0, 0, 0, 0, 0, 1, 0, 0, 0, -1, 0, 0, 0], [0, 0, 0, -1, 0, 0, 0, 0, 0, 1, 0, 1, 1, 0, 1, 0, 0, 0, 0, 0, 0, -1], [0, 0, 0, -1, 0, 0, 0, 0, 0, 1, -1, 0, 1, 0, 1, 0, 1, 0, 1, 0, 0, -1], [0, 0, 0, -1, 0, 0, 0, 0, 0, 1, -1, 0, 1, 0, 1, 0, 0, 1, 0, 0, 0, -1], [0, 0, 0, 0, 0, 0, 0, 0, 0, 0, 0, 0, 0, 0, 0, 0, 0, 0, -1, 0, 0, 0], [0, 0, 0, 1, 0, 0, 0, 0, 0, -1, 1, 0, -1, 0, -1, 0, 0, 0, 0, 0, 1, 1], [0, 0, 0, 1, 0, 0, 0, 0, 0, -1, 1, 0, -1, 0, -1, 0, 0, 0, 0, 1, 0, 1], [0, 0, 0, -1, 0, 0, 0, 0, 0, 1, -1, 0, 1, 0, 1, 0, 0, 0, 0, 0, 0, 0]]
[[1, 0, 0, 0, 0, 0, 0, 0, 0, 0, 0, 0, 0, 0, 0, 0, 0, 0, 0, 0, 0, 0], [0, 1, 0, 0, 0, 0, 0, 0, 0, 0, 0, 0, 0, 0, 0, 0, 0, 0, 0, 0, 0, 0], [0, 0, 1, 0, 0, 0, 0, 0, 0, 0, 0, 0, 0, 0, 0, 0, 0, 0, 0, 0, 0, 0], [0, 0, 0, 1, 0, 0, 0, 0, 0, 0, 0, 0, 0, 0, 0, 0, 0, 0, 0, 0, 0, 0], [0, 0, 0, 0, 1, 0, 0, 0, 0, 0, 0, 0, 0, 0, 0, 0, 0, 0, 0, 0, 0, 0], [0, 0, 0, 0, 0, 1, 0, 0, 0, 0, 0, 0, 0, 0, 0, 0, 0, 0, 0, 0, 0, 0], [0, 0, 0, 0, 0, 0, 1, 0, 0, 0, 0, 0, 0, 0, 0, 0, 0, 0, 0, 0, 0, 0], [0, 0, 0, 0, 0, 0, 0, 1, 0, 0, 0, 0, 0, 0, 0, 0, 0, 0, 0, 0, 0, 0], [0, 0, 0, 0, 0, 0, 0, 0, 1, 0, 0, 0, 0, 0, 0, 0, 0, 0, 0, 0, 0, 0], [0, 0, 0, 0, 0, 0, 0, 0, 0, 1, 0, 0, 0, 0, 0, 0, 0, 0, 0, 0, 0, 0], [0, 0, 0, 0, 0, 0, 0, 0, 0, 0, 1, 0, 0, 0, 0, 0, 0, 0, 0, 0, 0, 0], [0, 0, 0, 0, 0, 0, 0, 0, 0, 0, 0, 1, 0, 0, 0, 0, 0, 0, 0, 0, 0, 0], [0, 0, 0, 0, 0, 0, 0, 0, 0, 0, 0, 0, 1, 0, 0, 0, 0, 0, 0, 0, 0, 0], [0, 0, 0, 0, 0, 0, 0, 0, 0, 0, 0, 0, 0, 1, 0, 0, 0, 0, 0, 0, 0, 0], [0, 0, 0, 0, 0, 0, 0, 0, 0, 0, 0, 0, 0, 0, 1, 0, 0, 0, 0, 0, 0, 0], [0, 0, 0, 0, 0, 0, 0, 0, 0, 0, 0, 0, 0, 0, 0, 1, 0, 0, 0, 0, 0, 0], [0, 0, 0, 0, 0, 0, 0, 0, 0, 0, 0, 0, 0, 0, 0, 0, 1, 0, 0, 0, 0, 0], [0, 0, 0, 0, 0, 0, 0, 0, 0, 0, 0, 0, 0, 0, 0, 0, 0, 1, 0, 0, 0, 0], [0, 0, 0, 0, 0, 0, 0, 0, 0, 0, 0, 0, 0, 0, 0, 0, 0, 0, 1, 0, 0, 0], [0, 0, 0, 0, 0, 0, 0, 0, 0, 0, 0, 0, 0, 0, 0, 0, 0, 0, 0, 1, 0, 0], [0, 0, 0, 0, 0, 0, 0, 0, 0, 0, 0, 0, 0, 0, 0, 0, 0, 0, 0, 0, 1, 0], [0, 0, 0, 0, 0, 0, 0, 0, 0, 0, 0, 0, 0, 0, 0, 0, 0, 0, 0, 0, 0, 1]]

#################
# GALOIS GROUPS #
#################


Generators of the monodromy group on the generic Picard lattice:
[[1, 0, 0, 0, 0, 0, 0, 0, 0, 0, 0, 0, 0, 0], [0, 1, 0, 0, 0, 0, 0, 0, 0, 0, 0, 0, 0, 0], [0, 0, 1, 0, 0, 0, 0, 0, 0, 0, 0, 0, 0, 0], [0, 0, 0, 1, 0, 0, 0, 0, 0, 0, 0, 0, 0, 0], [0, 0, 0, 0, 1, 0, 0, 0, 0, 0, 0, 0, 0, 0], [0, 0, 0, 0, 0, 1, 0, 0, 0, 0, 0, 0, 0, 0], [0, 0, 0, 0, 0, 0, 1, 0, 0, 0, 0, 0, 0, 0], [0, 0, 0, 0, 0, 0, 0, 1, 0, 0, 0, 0, 0, 0], [0, 0, 0, 0, 0, 0, 0, 0, 1, 0, 0, 0, 0, 0], [0, 0, 0, 0, 0, 0, 0, 0, 0, 1, 0, 0, 0, 0], [0, 0, 0, 0, 0, 0, 0, 0, 0, 0, 1, 0, 0, 0], [0, 0, 0, 0, 0, 0, 0, 0, 0, 0, 0, 1, 0, 0], [0, 0, 0, 0, 0, 0, 0, 0, 0, 0, 0, 0, 1, 0], [0, 0, 0, 0, 0, 0, 0, 0, 0, 0, 0, 0, 0, 1]]
[[1, 0, 0, 0, 0, 0, 0, 0, 0, 0, 0, 0, 0, 0], [0, 1, 0, 0, 0, 0, 0, 0, 0, 0, 0, 0, 0, 0], [0, 0, 1, 0, 0, 0, 0, 0, 0, 0, 0, 0, 0, 0], [0, 0, 0, 1, 0, 0, 0, 0, 0, 0, 0, 0, 0, 0], [0, 0, 0, 0, 1, 0, 0, 0, 0, 0, 0, 0, 0, 0], [0, 0, 0, 0, 0, 1, 0, 0, 0, 0, 0, 0, 0, 0], [0, 0, 0, 0, 0, 0, 1, 0, 0, 0, 0, 0, 0, 0], [0, 0, 0, 0, 0, 0, 0, 1, 0, 0, 0, 0, 0, 0], [0, 0, 0, 0, 0, 0, 0, 0, 1, 0, 0, 0, 0, 0], [0, 0, 0, 0, 0, 0, 0, 0, 0, 1, 0, 0, 0, 0], [0, 0, 0, 0, 0, 0, 0, 0, 0, 0, 1, 0, 0, 0], [0, 0, 0, 0, 0, 0, 0, 0, 0, 0, 0, 1, 0, 0], [0, 0, 0, 0, 0, 0, 0, 0, 0, 0, 0, 0, 1, 0], [0, 0, 0, 0, 0, 0, 0, 0, 0, 0, 0, 0, 0, 1]]
[[-1, 0, 0, -1, 1, 0, 2, -1, 0, 1, 1, 0, -1, 0], [-1, 0, 0, -1, 0, 1, 1, 0, 2, -2, 1, 2, -1, 1], [-3, -1, 1, -2, 1, 1, 3, -1, 2, -1, 2, 2, -2, 1], [-1, 1, 0, -1, -1, 1, -1, 1, 2, -3, 0, 2, 0, 1], [2, 0, 0, 2, 1, -1, -1, 0, -2, 2, -1, -2, 1, -1], [1, 1, 0, 0, -1, 1, -2, 1, 0, -1, -1, 0, 1, 0], [-3, -1, 0, -2, 1, 1, 4, -1, 2, -1, 2, 2, -2, 1], [-1, -1, 0, 0, 1, 0, 2, 0, 0, 1, 1, 0, -1, 0], [-2, 0, 0, -2, 0, 1, 1, 0, 3, -2, 1, 2, -1, 1], [0, 0, 0, -1, -1, 1, -1, 1, 2, -2, 0, 2, 0, 1], [2, 2, 0, 2, 0, -2, -2, 0, -4, 4, -1, -4, 2, -2], [0, 0, 0, 0, 0, 0, 0, 0, 0, 0, 0, 1, 0, 0], [0, 0, 0, 1, 1, -1, 1, -1, -2, 3, 0, -2, 1, -1], [2, 0, 0, 1, -1, 0, -2, 1, 0, -1, -1, 0, 1, 1]]
[[2, -2, 0, 2, 1, -1, 0, 1, -2, 1, -1, 0, 0, 1], [-1, -2, 1, -1, 0, 0, 1, -1, 1, -2, 0, 2, -2, 1], [0, -2, 1, 0, 1, 0, 1, 0, 0, 0, 0, 1, -1, 1], [-1, 0, 0, -1, 0, 1, 1, -1, 2, -1, 1, 1, -1, 0], [0, 2, 0, 0, 0, 0, -1, 0, 0, 0, 0, -1, 1, -1], [0, 2, 0, 0, -1, 1, -1, 0, 0, 0, 0, -1, 1, -1], [0, -2, 0, 0, 1, 0, 2, 0, 0, 0, 0, 1, -1, 1], [0, 0, 0, 0, 0, 0, 0, 1, 0, 0, 0, 0, 0, 0], [0, 0, 0, 0, 0, 0, 0, 0, 1, 0, 0, 0, 0, 0], [-1, -1, 1, -1, -1, 0, 0, -1, 1, -1, 0, 1, -1, 0], [1, -2, 0, 2, 1, -1, 0, 1, -2, 1, 0, 0, 0, 1], [0, 0, 0, 0, 0, 0, 0, 0, 0, 0, 0, 1, 0, 0], [1, 1, -1, 1, 1, 0, 0, 1, -1, 2, 0, -1, 2, 0], [-1, -1, 1, -1, -1, 0, 0, -1, 1, -2, 0, 1, -1, 1]]
[[1, 0, 0, 0, 0, 0, 0, 0, 0, 0, 0, 0, 0, 0], [0, 1, 0, 0, 0, 0, 0, 0, 0, 0, 0, 0, 0, 0], [0, 0, 1, 0, 0, 0, 0, 0, 0, 0, 0, 0, 0, 0], [0, 0, 0, 1, 0, 0, 0, 0, 0, 0, 0, 0, 0, 0], [0, 0, 0, 0, 1, 0, 0, 0, 0, 0, 0, 0, 0, 0], [0, 0, 0, 0, 0, 1, 0, 0, 0, 0, 0, 0, 0, 0], [0, 0, 0, 0, 0, 0, 1, 0, 0, 0, 0, 0, 0, 0], [0, 0, 0, 0, 0, 0, 0, 1, 0, 0, 0, 0, 0, 0], [0, 0, 0, 0, 0, 0, 0, 0, 1, 0, 0, 0, 0, 0], [0, 0, 0, 0, 0, 0, 0, 0, 0, 1, 0, 0, 0, 0], [0, 0, 0, 0, 0, 0, 0, 0, 0, 0, 1, 0, 0, 0], [0, 0, 0, 0, 0, 0, 0, 0, 0, 0, 0, 1, 0, 0], [0, 0, 0, 0, 0, 0, 0, 0, 0, 0, 0, 0, 1, 0], [0, 0, 0, 0, 0, 0, 0, 0, 0, 0, 0, 0, 0, 1]]
[[1, 0, 0, 0, 0, 0, 0, 0, 0, 0, 0, 0, 0, 0], [0, 1, 0, 0, 0, 0, 0, 0, 0, 0, 0, 0, 0, 0], [0, 0, 1, 0, 0, 0, 0, 0, 0, 0, 0, 0, 0, 0], [0, 0, 0, 1, 0, 0, 0, 0, 0, 0, 0, 0, 0, 0], [0, 0, 0, 0, 1, 0, 0, 0, 0, 0, 0, 0, 0, 0], [0, 0, 0, 0, 0, 1, 0, 0, 0, 0, 0, 0, 0, 0], [0, 0, 0, 0, 0, 0, 1, 0, 0, 0, 0, 0, 0, 0], [0, 0, 0, 0, 0, 0, 0, 1, 0, 0, 0, 0, 0, 0], [0, 0, 0, 0, 0, 0, 0, 0, 1, 0, 0, 0, 0, 0], [0, 0, 0, 0, 0, 0, 0, 0, 0, 1, 0, 0, 0, 0], [0, 0, 0, 0, 0, 0, 0, 0, 0, 0, 1, 0, 0, 0], [0, 0, 0, 0, 0, 0, 0, 0, 0, 0, 0, 1, 0, 0], [0, 0, 0, 0, 0, 0, 0, 0, 0, 0, 0, 0, 1, 0], [0, 0, 0, 0, 0, 0, 0, 0, 0, 0, 0, 0, 0, 1]]
[[1, 0, 0, 0, 0, 0, 0, 0, 0, 0, 0, 0, 0, 0], [0, 1, 0, -1, 0, 0, 0, -1, 0, 1, 0, -1, 0, -1], [1, -2, 1, 0, 0, -1, 0, -1, -1, 0, -1, 0, -1, 0], [0, 0, 0, 0, 0, 0, 0, -1, 0, 1, 0, -1, 0, -1], [-1, -2, 1, -1, 1, -1, 1, -2, 0, 0, 0, 0, -1, 0], [-1, -2, 1, 0, 0, 0, 1, -1, 0, -1, 0, 1, -1, 1], [0, 0, 0, 0, 0, 0, 1, 0, 0, 0, 0, 0, 0, 0], [-1, -2, 1, 0, 0, -1, 1, 0, 0, -1, 0, 1, -1, 1], [0, 0, 0, 0, 0, 0, 0, 0, 1, 0, 0, 0, 0, 0], [0, 0, 0, 0, 0, 0, 0, 0, 0, 1, 0, 0, 0, 0], [2, 0, -1, 1, 0, 0, -1, 1, -1, 0, 0, 0, 0, 0], [0, 0, 0, -1, 0, 0, 0, -1, 0, 1, 0, 0, 0, -1], [2, 0, -1, 1, 0, 0, -1, 1, -1, 0, -1, 0, 1, 0], [1, 2, -1, 0, 0, 1, -1, 1, 0, 1, 0, -1, 1, 0]]
[[0, 1, 0, -1, -1, 0, -1, 0, 1, -1, 0, 0, 0, 0], [0, 1, 0, 0, 0, 0, 0, 0, 0, 0, 0, 0, 0, 0], [-1, 1, 1, -1, -1, 0, -1, 0, 1, -1, 0, 0, 0, 0], [0, 0, 0, 1, 0, 0, 0, 0, 0, 0, 0, 0, 0, 0], [1, 0, 0, 0, 0, -1, -2, 0, -1, 1, -1, -1, 0, -1], [0, 0, 0, 0, 0, 1, 0, 0, 0, 0, 0, 0, 0, 0], [-2, -1, 1, -1, 0, 0, 2, -1, 1, -1, 1, 1, -1, 1], [-2, -1, 1, -1, 0, 0, 1, 0, 1, -1, 1, 1, -1, 1], [-1, -2, 1, 0, 1, 0, 2, -1, 1, 0, 1, 1, -1, 1], [-1, 0, 0, 0, 1, 1, 2, 0, 1, 0, 1, 1, 0, 1], [2, 4, -2, 0, -2, 0, -4, 2, 0, 0, -1, -2, 2, -2], [-1, 1, 0, -1, -1, 0, -1, 0, 1, -1, 0, 1, 0, 0], [1, 0, 0, 0, -1, -1, -2, 0, -1, 1, -1, -1, 1, -1], [3, 0, -1, 2, 1, 0, 0, 1, -2, 2, -1, -1, 1, 0]]
[[1, 0, 0, 0, 0, 0, 0, 0, 0, 0, 0, 0, 0, 0], [0, 1, 0, 0, 0, 0, 0, 0, 0, 0, 0, 0, 0, 0], [0, 0, 1, 0, 0, 0, 0, 0, 0, 0, 0, 0, 0, 0], [0, 0, 0, 1, 0, 0, 0, 0, 0, 0, 0, 0, 0, 0], [0, 0, 0, 0, 1, 0, 0, 0, 0, 0, 0, 0, 0, 0], [0, 0, 0, 0, 0, 1, 0, 0, 0, 0, 0, 0, 0, 0], [0, 0, 0, 0, 0, 0, 1, 0, 0, 0, 0, 0, 0, 0], [0, 0, 0, 0, 0, 0, 0, 1, 0, 0, 0, 0, 0, 0], [0, 0, 0, 0, 0, 0, 0, 0, 1, 0, 0, 0, 0, 0], [0, 0, 0, 0, 0, 0, 0, 0, 0, 1, 0, 0, 0, 0], [0, 0, 0, 0, 0, 0, 0, 0, 0, 0, 1, 0, 0, 0], [0, 0, 0, 0, 0, 0, 0, 0, 0, 0, 0, 1, 0, 0], [0, 0, 0, 0, 0, 0, 0, 0, 0, 0, 0, 0, 1, 0], [0, 0, 0, 0, 0, 0, 0, 0, 0, 0, 0, 0, 0, 1]]
[[1, 0, 0, 0, 0, 0, 0, 0, 0, 0, 0, 0, 0, 0], [0, 1, 0, 0, 0, 0, 0, 0, 0, 0, 0, 0, 0, 0], [0, 0, 1, 0, 0, 0, 0, 0, 0, 0, 0, 0, 0, 0], [0, 0, 0, 1, 0, 0, 0, 0, 0, 0, 0, 0, 0, 0], [0, 0, 0, 0, 1, 0, 0, 0, 0, 0, 0, 0, 0, 0], [0, 0, 0, 0, 0, 1, 0, 0, 0, 0, 0, 0, 0, 0], [0, 0, 0, 0, 0, 0, 1, 0, 0, 0, 0, 0, 0, 0], [0, 0, 0, 0, 0, 0, 0, 1, 0, 0, 0, 0, 0, 0], [0, 0, 0, 0, 0, 0, 0, 0, 1, 0, 0, 0, 0, 0], [0, 0, 0, 0, 0, 0, 0, 0, 0, 1, 0, 0, 0, 0], [0, 0, 0, 0, 0, 0, 0, 0, 0, 0, 1, 0, 0, 0], [0, 0, 0, 0, 0, 0, 0, 0, 0, 0, 0, 1, 0, 0], [0, 0, 0, 0, 0, 0, 0, 0, 0, 0, 0, 0, 1, 0], [0, 0, 0, 0, 0, 0, 0, 0, 0, 0, 0, 0, 0, 1]]
[[1, 0, 0, 0, 0, 0, 0, 0, 0, 0, 0, 0, 0, 0], [0, 1, 0, 0, 0, 0, 0, 0, 0, 0, 0, 0, 0, 0], [0, 0, 1, 0, 0, 0, 0, 0, 0, 0, 0, 0, 0, 0], [0, 0, 0, 1, 0, 0, 0, 0, 0, 0, 0, 0, 0, 0], [0, 0, 0, 0, 1, 0, 0, 0, 0, 0, 0, 0, 0, 0], [0, 0, 0, 0, 0, 1, 0, 0, 0, 0, 0, 0, 0, 0], [0, 0, 0, 0, 0, 0, 1, 0, 0, 0, 0, 0, 0, 0], [0, 0, 0, 0, 0, 0, 0, 1, 0, 0, 0, 0, 0, 0], [0, 0, 0, 0, 0, 0, 0, 0, 1, 0, 0, 0, 0, 0], [0, 0, 0, 0, 0, 0, 0, 0, 0, 1, 0, 0, 0, 0], [0, 0, 0, 0, 0, 0, 0, 0, 0, 0, 1, 0, 0, 0], [0, 0, 0, 0, 0, 0, 0, 0, 0, 0, 0, 1, 0, 0], [0, 0, 0, 0, 0, 0, 0, 0, 0, 0, 0, 0, 1, 0], [0, 0, 0, 0, 0, 0, 0, 0, 0, 0, 0, 0, 0, 1]]
[[-2, 0, 1, -1, 0, 1, 1, 0, 1, -1, 1, 1, -1, 0], [0, -1, 0, 0, 0, 0, 0, 0, 0, 0, 0, 0, 0, 0], [-1, 0, 0, -1, 0, 1, 1, 0, 1, -1, 1, 1, -1, 0], [1, -1, -1, 1, 0, 0, 0, 0, 0, 0, 0, 0, 0, 0], [2, 0, 0, 1, 1, -1, -1, 0, -1, 1, -1, -1, 1, 0], [3, 0, -1, 1, 0, 0, -1, 0, -1, 1, -1, -1, 1, 0], [-2, 0, 0, -1, 0, 1, 2, 0, 1, -1, 1, 1, -1, 0], [0, 1, 0, 0, 0, 0, 0, 1, 0, 0, 0, 0, 0, 0], [-1, 0, -1, -1, 0, 1, 1, 0, 2, -1, 1, 1, -1, 0], [1, -1, -1, 0, 0, 0, 0, 0, 0, 1, 0, 0, 0, 0], [-2, 1, 2, 0, 0, 0, 0, 0, 0, 0, 1, 0, 0, 0], [0, -1, 0, 0, 0, 0, 0, 0, 0, 0, 0, 1, 0, 0], [-2, 2, 0, -1, 0, 1, 1, 0, 1, -1, 1, 1, 0, 0], [0, -1, 0, 0, 0, 0, 0, 0, 0, 0, 0, 0, 0, 1]]
[[1, 0, 0, 0, 0, 0, 0, 0, 0, 0, 0, 0, 0, 0], [0, 1, 0, 0, 0, 0, 0, 0, 0, 0, 0, 0, 0, 0], [0, 0, 1, 0, 0, 0, 0, 0, 0, 0, 0, 0, 0, 0], [0, 0, 0, 1, 0, 0, 0, 0, 0, 0, 0, 0, 0, 0], [0, 0, 0, 0, 1, 0, 0, 0, 0, 0, 0, 0, 0, 0], [0, 0, 0, 0, 0, 1, 0, 0, 0, 0, 0, 0, 0, 0], [0, 0, 0, 0, 0, 0, 1, 0, 0, 0, 0, 0, 0, 0], [0, 0, 0, 0, 0, 0, 0, 1, 0, 0, 0, 0, 0, 0], [0, 0, 0, 0, 0, 0, 0, 0, 1, 0, 0, 0, 0, 0], [0, 0, 0, 0, 0, 0, 0, 0, 0, 1, 0, 0, 0, 0], [0, 0, 0, 0, 0, 0, 0, 0, 0, 0, 1, 0, 0, 0], [0, 0, 0, 0, 0, 0, 0, 0, 0, 0, 0, 1, 0, 0], [0, 0, 0, 0, 0, 0, 0, 0, 0, 0, 0, 0, 1, 0], [0, 0, 0, 0, 0, 0, 0, 0, 0, 0, 0, 0, 0, 1]]
[[0, 1, -1, 0, 1, 1, 2, 0, 1, 0, 1, 0, 0, 0], [0, 0, 0, -1, -1, 0, -1, 0, 1, -1, 0, 1, -1, 0], [-1, 0, 0, -1, 0, 1, 1, 0, 2, -1, 1, 1, -1, 0], [1, -2, 1, 0, -1, -1, -2, 0, -1, 0, -1, 1, -1, 0], [0, 0, 0, 0, 0, 0, -1, 0, 1, -1, 0, 0, 0, 0], [1, -1, 1, 0, -1, 0, -2, 0, -1, 0, -1, 0, 0, 0], [0, 0, 0, 0, 0, 0, 1, 0, 0, 0, 0, 0, 0, 0], [0, 1, 0, 1, 0, 0, 0, 1, 0, 0, 0, -1, 1, 0], [1, -1, 1, 0, 0, -1, -1, 0, -1, 1, -1, 0, 0, 0], [1, -1, 1, 0, -1, -1, -2, 0, -1, 1, -1, 0, 0, 0], [-2, 2, -2, 0, 2, 2, 4, 0, 2, 0, 3, 0, 0, 0], [0, 0, 0, 0, -1, 0, -1, 0, 1, -1, 0, 1, 0, 0], [-1, 1, -1, 0, 1, 1, 2, 0, 1, 0, 1, 0, 1, 0], [0, -1, 0, -1, 0, 0, 0, 0, 0, 0, 0, 1, -1, 1]]
[[1, 0, 0, 0, 0, 0, 0, 0, 0, 0, 0, 0, 0, 0], [0, 1, 0, 0, 0, 0, 0, 0, 0, 0, 0, 0, 0, 0], [0, 0, 1, 0, 0, 0, 0, 0, 0, 0, 0, 0, 0, 0], [0, 0, 0, 1, 0, 0, 0, 0, 0, 0, 0, 0, 0, 0], [0, 0, 0, 0, 1, 0, 0, 0, 0, 0, 0, 0, 0, 0], [0, 0, 0, 0, 0, 1, 0, 0, 0, 0, 0, 0, 0, 0], [0, 0, 0, 0, 0, 0, 1, 0, 0, 0, 0, 0, 0, 0], [0, 0, 0, 0, 0, 0, 0, 1, 0, 0, 0, 0, 0, 0], [0, 0, 0, 0, 0, 0, 0, 0, 1, 0, 0, 0, 0, 0], [0, 0, 0, 0, 0, 0, 0, 0, 0, 1, 0, 0, 0, 0], [0, 0, 0, 0, 0, 0, 0, 0, 0, 0, 1, 0, 0, 0], [0, 0, 0, 0, 0, 0, 0, 0, 0, 0, 0, 1, 0, 0], [0, 0, 0, 0, 0, 0, 0, 0, 0, 0, 0, 0, 1, 0], [0, 0, 0, 0, 0, 0, 0, 0, 0, 0, 0, 0, 0, 1]]
[[1, 0, 0, 0, 0, 0, 0, 0, 0, 0, 0, 0, 0, 0], [0, 1, 0, 0, 0, 0, 0, 0, 0, 0, 0, 0, 0, 0], [0, 0, 1, 0, 0, 0, 0, 0, 0, 0, 0, 0, 0, 0], [0, 0, 0, 1, 0, 0, 0, 0, 0, 0, 0, 0, 0, 0], [0, 0, 0, 0, 1, 0, 0, 0, 0, 0, 0, 0, 0, 0], [0, 0, 0, 0, 0, 1, 0, 0, 0, 0, 0, 0, 0, 0], [0, 0, 0, 0, 0, 0, 1, 0, 0, 0, 0, 0, 0, 0], [0, 0, 0, 0, 0, 0, 0, 1, 0, 0, 0, 0, 0, 0], [0, 0, 0, 0, 0, 0, 0, 0, 1, 0, 0, 0, 0, 0], [0, 0, 0, 0, 0, 0, 0, 0, 0, 1, 0, 0, 0, 0], [0, 0, 0, 0, 0, 0, 0, 0, 0, 0, 1, 0, 0, 0], [0, 0, 0, 0, 0, 0, 0, 0, 0, 0, 0, 1, 0, 0], [0, 0, 0, 0, 0, 0, 0, 0, 0, 0, 0, 0, 1, 0], [0, 0, 0, 0, 0, 0, 0, 0, 0, 0, 0, 0, 0, 1]]
[[1, 0, 0, 0, 0, 0, 0, 0, 0, 0, 0, 0, 0, 0], [0, 1, 0, 0, 0, 0, 0, 0, 0, 0, 0, 0, 0, 0], [0, 0, 1, 0, 0, 0, 0, 0, 0, 0, 0, 0, 0, 0], [0, 0, 0, 1, 0, 0, 0, 0, 0, 0, 0, 0, 0, 0], [0, 0, 0, 0, 1, 0, 0, 0, 0, 0, 0, 0, 0, 0], [0, 0, 0, 0, 0, 1, 0, 0, 0, 0, 0, 0, 0, 0], [0, 0, 0, 0, 0, 0, 1, 0, 0, 0, 0, 0, 0, 0], [0, 0, 0, 0, 0, 0, 0, 1, 0, 0, 0, 0, 0, 0], [0, 0, 0, 0, 0, 0, 0, 0, 1, 0, 0, 0, 0, 0], [0, 0, 0, 0, 0, 0, 0, 0, 0, 1, 0, 0, 0, 0], [0, 0, 0, 0, 0, 0, 0, 0, 0, 0, 1, 0, 0, 0], [0, 0, 0, 0, 0, 0, 0, 0, 0, 0, 0, 1, 0, 0], [0, 0, 0, 0, 0, 0, 0, 0, 0, 0, 0, 0, 1, 0], [0, 0, 0, 0, 0, 0, 0, 0, 0, 0, 0, 0, 0, 1]]
[[1, 0, 0, 0, 0, 0, 0, 0, 0, 0, 0, 0, 0, 0], [0, 1, 0, 0, 0, 0, 0, 0, 0, 0, 0, 0, 0, 0], [0, 0, 1, 0, 0, 0, 0, 0, 0, 0, 0, 0, 0, 0], [0, 0, 0, 1, 0, 0, 0, 0, 0, 0, 0, 0, 0, 0], [0, 0, 0, 0, 1, 0, 0, 0, 0, 0, 0, 0, 0, 0], [0, 0, 0, 0, 0, 1, 0, 0, 0, 0, 0, 0, 0, 0], [0, 0, 0, 0, 0, 0, 1, 0, 0, 0, 0, 0, 0, 0], [0, 0, 0, 0, 0, 0, 0, 1, 0, 0, 0, 0, 0, 0], [0, 0, 0, 0, 0, 0, 0, 0, 1, 0, 0, 0, 0, 0], [0, 0, 0, 0, 0, 0, 0, 0, 0, 1, 0, 0, 0, 0], [0, 0, 0, 0, 0, 0, 0, 0, 0, 0, 1, 0, 0, 0], [0, 0, 0, 0, 0, 0, 0, 0, 0, 0, 0, 1, 0, 0], [0, 0, 0, 0, 0, 0, 0, 0, 0, 0, 0, 0, 1, 0], [0, 0, 0, 0, 0, 0, 0, 0, 0, 0, 0, 0, 0, 1]]
[[1, 0, 0, 0, 0, 0, 0, 0, 0, 0, 0, 0, 0, 0], [0, 1, 0, 0, 0, 0, 0, 0, 0, 0, 0, 0, 0, 0], [0, 0, 1, 0, 0, 0, 0, 0, 0, 0, 0, 0, 0, 0], [0, 0, 0, 1, 0, 0, 0, 0, 0, 0, 0, 0, 0, 0], [0, 0, 0, 0, 1, 0, 0, 0, 0, 0, 0, 0, 0, 0], [0, 0, 0, 0, 0, 1, 0, 0, 0, 0, 0, 0, 0, 0], [0, 0, 0, 0, 0, 0, 1, 0, 0, 0, 0, 0, 0, 0], [0, 0, 0, 0, 0, 0, 0, 1, 0, 0, 0, 0, 0, 0], [0, 0, 0, 0, 0, 0, 0, 0, 1, 0, 0, 0, 0, 0], [0, 0, 0, 0, 0, 0, 0, 0, 0, 1, 0, 0, 0, 0], [0, 0, 0, 0, 0, 0, 0, 0, 0, 0, 1, 0, 0, 0], [0, 0, 0, 0, 0, 0, 0, 0, 0, 0, 0, 1, 0, 0], [0, 0, 0, 0, 0, 0, 0, 0, 0, 0, 0, 0, 1, 0], [0, 0, 0, 0, 0, 0, 0, 0, 0, 0, 0, 0, 0, 1]]
[[1, 0, 0, 0, 0, 0, 0, 0, 0, 0, 0, 0, 0, 0], [0, 1, 0, 0, 0, 0, 0, 0, 0, 0, 0, 0, 0, 0], [0, 0, 1, 0, 0, 0, 0, 0, 0, 0, 0, 0, 0, 0], [0, 0, 0, 1, 0, 0, 0, 0, 0, 0, 0, 0, 0, 0], [-3, -2, 1, -1, 1, 0, 3, -1, 1, -2, 1, 2, -2, 1], [-2, 1, 0, 0, -1, 1, 0, 1, 1, -1, 1, 1, 0, 0], [3, 2, -1, 1, 0, 0, -2, 1, -1, 2, -1, -2, 2, -1], [0, 0, 0, -1, 1, 0, 1, -1, 0, 1, 0, -1, 0, -1], [0, 0, 0, 0, 0, 0, 0, 0, 1, 0, 0, 0, 0, 0], [0, 0, 0, 0, 0, 0, 0, 0, 0, 1, 0, 0, 0, 0], [-1, -3, 1, -1, 1, 0, 3, -2, 0, -1, 1, 1, -2, 1], [2, -1, 0, 1, 0, 0, -1, 1, -1, 0, -1, 1, 0, 1], [2, -1, 0, 1, 0, 0, -1, 1, -1, 0, -1, 0, 1, 1], [-2, 1, 0, -1, 0, 0, 1, -1, 1, 0, 1, 0, 0, 0]]
[[0, 0, 0, -1, 0, 0, 1, -1, 0, 0, 0, 0, 0, 0], [0, 1, 0, 0, 0, 0, 0, 0, 0, 0, 0, 0, 0, 0], [-1, 0, 1, -1, 0, 0, 1, -1, 0, 0, 0, 0, 0, 0], [0, 0, 0, 1, 0, 0, 0, 0, 0, 0, 0, 0, 0, 0], [-1, 0, 0, -1, 1, 0, 1, -1, 0, 0, 0, 0, 0, 0], [-3, -2, 1, -1, 1, 1, 3, -1, 2, -1, 2, 2, -2, 1], [0, 0, 0, 0, 0, 0, 1, 0, 0, 0, 0, 0, 0, 0], [-1, 0, 0, -1, 0, 0, 1, 0, 0, 0, 0, 0, 0, 0], [0, 0, 0, 0, 0, 0, 0, 0, 1, 0, 0, 0, 0, 0], [1, 0, 0, 1, 0, 0, -1, 1, 0, 1, 0, 0, 0, 0], [2, 2, -1, 0, -1, 0, -2, 0, -2, 1, -1, -2, 2, -1], [2, -1, 0, 1, 1, -1, 0, -1, -2, 2, -1, -1, 0, -1], [2, -1, 0, 1, 1, -1, 0, -1, -2, 2, -1, -2, 1, -1], [1, 0, 0, 1, 0, 0, -1, 1, 0, 0, 0, 0, 0, 1]]
[[1, 0, 0, 0, 0, 0, 0, 0, 0, 0, 0, 0, 0, 0], [0, 1, 0, 0, 0, 0, 0, 0, 0, 0, 0, 0, 0, 0], [0, 0, 1, 0, 0, 0, 0, 0, 0, 0, 0, 0, 0, 0], [0, 0, 0, 1, 0, 0, 0, 0, 0, 0, 0, 0, 0, 0], [0, 0, 0, 0, 1, 0, 0, 0, 0, 0, 0, 0, 0, 0], [0, 0, 0, 0, 0, 1, 0, 0, 0, 0, 0, 0, 0, 0], [0, 0, 0, 0, 0, 0, 1, 0, 0, 0, 0, 0, 0, 0], [0, 0, 0, 0, 0, 0, 0, 1, 0, 0, 0, 0, 0, 0], [0, 0, 0, 0, 0, 0, 0, 0, 1, 0, 0, 0, 0, 0], [0, 0, 0, 0, 0, 0, 0, 0, 0, 1, 0, 0, 0, 0], [0, 0, 0, 0, 0, 0, 0, 0, 0, 0, 1, 0, 0, 0], [0, 0, 0, 0, 0, 0, 0, 0, 0, 0, 0, 1, 0, 0], [0, 0, 0, 0, 0, 0, 0, 0, 0, 0, 0, 0, 1, 0], [0, 0, 0, 0, 0, 0, 0, 0, 0, 0, 0, 0, 0, 1]]
[[-2, 1, 0, -2, 0, 1, 2, -1, 2, -2, 1, 1, -1, 0], [1, 2, -1, 1, -1, 0, -2, 2, 0, 0, 0, 0, 1, 0], [-2, 2, 0, -1, -1, 1, 0, 1, 2, -2, 1, 1, 0, 0], [1, 1, -1, 2, -1, 0, -2, 2, 0, 0, 0, 0, 1, 0], [0, 0, 0, 0, 1, 0, 0, 0, 0, 0, 0, 0, 0, 0], [1, 1, -1, 1, -1, 1, -2, 2, 0, 0, 0, 0, 1, 0], [0, 0, 0, 0, 0, 0, 1, 0, 0, 0, 0, 0, 0, 0], [-1, -1, 1, -1, 1, 0, 2, -1, 0, 0, 0, 0, -1, 0], [-1, -1, 0, 0, 0, 0, 1, 0, 1, 0, 1, 1, -1, 0], [1, 1, -1, 1, -1, 0, -2, 2, 0, 1, 0, 0, 1, 0], [-3, 1, 1, -3, 1, 1, 3, -3, 2, -2, 1, 0, -1, 0], [2, 2, -1, 1, -1, 0, -3, 2, 0, 0, -1, 0, 2, 0], [-1, -1, 1, -1, 1, 0, 2, -2, 0, 0, 0, 0, 0, 0], [-1, -1, 0, 0, 0, 0, 1, 0, 0, 0, 1, 1, -1, 1]]
[[-1, -1, 0, -1, 2, 0, 4, -2, 0, 1, 1, 0, -1, 0], [-1, 2, 0, -1, -1, 1, -1, 1, 2, -1, 1, 1, 0, 0], [-2, -2, 1, -1, 1, 0, 3, -1, 1, -1, 1, 2, -2, 1], [-1, 1, 0, 0, -1, 1, -1, 1, 2, -1, 1, 1, 0, 0], [0, 0, 0, 0, 1, 0, 0, 0, 0, 0, 0, 0, 0, 0], [0, -1, 0, 0, -1, 1, -1, 1, 1, -2, 0, 2, -1, 1], [0, 0, 0, 0, 0, 0, 1, 0, 0, 0, 0, 0, 0, 0], [1, -1, 0, 1, 1, -1, 1, 0, -2, 1, -1, -1, 0, 0], [0, 0, 0, 0, 0, 0, 0, 0, 1, 0, 0, 0, 0, 0], [2, 1, 0, 1, -2, 0, -4, 2, 0, 0, -1, 0, 1, 0], [-1, -2, 0, 0, 3, -1, 5, -3, -2, 2, 1, -1, -1, 0], [2, 2, 0, 1, -1, 0, -3, 1, -1, 1, -1, -1, 2, -1], [1, -1, 0, 1, 1, -1, 1, -1, -2, 1, -1, -1, 1, 0], [-1, 1, 0, -1, -1, 1, -1, 1, 2, -1, 1, 1, 0, 1]]
[[1, 0, 0, 0, 0, 0, 0, 0, 0, 0, 0, 0, 0, 0], [0, 1, 0, 0, 0, 0, 0, 0, 0, 0, 0, 0, 0, 0], [0, 0, 1, 0, 0, 0, 0, 0, 0, 0, 0, 0, 0, 0], [0, 0, 0, 1, 0, 0, 0, 0, 0, 0, 0, 0, 0, 0], [0, 0, 0, 0, 1, 0, 0, 0, 0, 0, 0, 0, 0, 0], [0, 0, 0, 0, 0, 1, 0, 0, 0, 0, 0, 0, 0, 0], [0, 0, 0, 0, 0, 0, 1, 0, 0, 0, 0, 0, 0, 0], [0, 0, 0, 0, 0, 0, 0, 1, 0, 0, 0, 0, 0, 0], [0, 0, 0, 0, 0, 0, 0, 0, 1, 0, 0, 0, 0, 0], [0, 0, 0, 0, 0, 0, 0, 0, 0, 1, 0, 0, 0, 0], [0, 0, 0, 0, 0, 0, 0, 0, 0, 0, 1, 0, 0, 0], [0, 0, 0, 0, 0, 0, 0, 0, 0, 0, 0, 1, 0, 0], [0, 0, 0, 0, 0, 0, 0, 0, 0, 0, 0, 0, 1, 0], [0, 0, 0, 0, 0, 0, 0, 0, 0, 0, 0, 0, 0, 1]]
[[1, 0, 0, 0, 0, 0, 0, 0, 0, 0, 0, 0, 0, 0], [0, 1, 0, 0, 0, 0, 0, 0, 0, 0, 0, 0, 0, 0], [0, 0, 1, 0, 0, 0, 0, 0, 0, 0, 0, 0, 0, 0], [0, 0, 0, 1, 0, 0, 0, 0, 0, 0, 0, 0, 0, 0], [0, 0, 0, 0, 1, 0, 0, 0, 0, 0, 0, 0, 0, 0], [0, 0, 0, 0, 0, 1, 0, 0, 0, 0, 0, 0, 0, 0], [0, 0, 0, 0, 0, 0, 1, 0, 0, 0, 0, 0, 0, 0], [0, 0, 0, 0, 0, 0, 0, 1, 0, 0, 0, 0, 0, 0], [0, 0, 0, 0, 0, 0, 0, 0, 1, 0, 0, 0, 0, 0], [0, 0, 0, 0, 0, 0, 0, 0, 0, 1, 0, 0, 0, 0], [0, 0, 0, 0, 0, 0, 0, 0, 0, 0, 1, 0, 0, 0], [0, 0, 0, 0, 0, 0, 0, 0, 0, 0, 0, 1, 0, 0], [0, 0, 0, 0, 0, 0, 0, 0, 0, 0, 0, 0, 1, 0], [0, 0, 0, 0, 0, 0, 0, 0, 0, 0, 0, 0, 0, 1]]
[[1, 0, 0, 0, 0, 0, 0, 0, 0, 0, 0, 0, 0, 0], [0, 1, 0, 0, 0, 0, 0, 0, 0, 0, 0, 0, 0, 0], [0, 0, 1, 0, 0, 0, 0, 0, 0, 0, 0, 0, 0, 0], [0, 0, 0, 1, 0, 0, 0, 0, 0, 0, 0, 0, 0, 0], [0, 0, 0, 0, 1, 0, 0, 0, 0, 0, 0, 0, 0, 0], [0, 0, 0, 0, 0, 1, 0, 0, 0, 0, 0, 0, 0, 0], [0, 0, 0, 0, 0, 0, 1, 0, 0, 0, 0, 0, 0, 0], [0, 0, 0, 0, 0, 0, 0, 1, 0, 0, 0, 0, 0, 0], [0, 0, 0, 0, 0, 0, 0, 0, 1, 0, 0, 0, 0, 0], [0, 0, 0, 0, 0, 0, 0, 0, 0, 1, 0, 0, 0, 0], [0, 0, 0, 0, 0, 0, 0, 0, 0, 0, 1, 0, 0, 0], [0, 0, 0, 0, 0, 0, 0, 0, 0, 0, 0, 1, 0, 0], [0, 0, 0, 0, 0, 0, 0, 0, 0, 0, 0, 0, 1, 0], [0, 0, 0, 0, 0, 0, 0, 0, 0, 0, 0, 0, 0, 1]]
[[1, 0, 0, 0, 0, 0, 0, 0, 0, 0, 0, 0, 0, 0], [0, 1, 0, 0, 0, 0, 0, 0, 0, 0, 0, 0, 0, 0], [0, 0, 1, 0, 0, 0, 0, 0, 0, 0, 0, 0, 0, 0], [0, 0, 0, 1, 0, 0, 0, 0, 0, 0, 0, 0, 0, 0], [0, 0, 0, 0, 1, 0, 0, 0, 0, 0, 0, 0, 0, 0], [0, 0, 0, 0, 0, 1, 0, 0, 0, 0, 0, 0, 0, 0], [0, 0, 0, 0, 0, 0, 1, 0, 0, 0, 0, 0, 0, 0], [0, 0, 0, 0, 0, 0, 0, 1, 0, 0, 0, 0, 0, 0], [0, 0, 0, 0, 0, 0, 0, 0, 1, 0, 0, 0, 0, 0], [0, 0, 0, 0, 0, 0, 0, 0, 0, 1, 0, 0, 0, 0], [0, 0, 0, 0, 0, 0, 0, 0, 0, 0, 1, 0, 0, 0], [0, 0, 0, 0, 0, 0, 0, 0, 0, 0, 0, 1, 0, 0], [0, 0, 0, 0, 0, 0, 0, 0, 0, 0, 0, 0, 1, 0], [0, 0, 0, 0, 0, 0, 0, 0, 0, 0, 0, 0, 0, 1]]
[[1, 0, 0, 0, 0, 0, 0, 0, 0, 0, 0, 0, 0, 0], [0, 1, 0, 0, 0, 0, 0, 0, 0, 0, 0, 0, 0, 0], [0, 0, 1, 0, 0, 0, 0, 0, 0, 0, 0, 0, 0, 0], [0, 2, 0, 0, -1, 0, -2, 1, 0, -1, -1, 0, 1, 0], [-2, -2, 1, -1, 1, 0, 2, -2, 1, -1, 1, 1, -2, 0], [-1, 2, 0, 0, -1, 1, -1, 1, 0, -1, 0, 0, 1, 0], [0, 0, 0, 0, 0, 0, 1, 0, 0, 0, 0, 0, 0, 0], [-2, -2, 1, -1, 0, 0, 2, -1, 1, -1, 1, 1, -2, 0], [-1, 2, 0, 0, -1, 0, -1, 1, 1, -1, 0, 0, 1, 0], [-1, 2, 0, 0, -1, 0, -1, 1, 0, 0, 0, 0, 1, 0], [2, -2, 0, -1, 1, 0, 0, -1, 0, 1, 0, 0, -1, 0], [0, 0, 0, 0, 0, 0, 0, 0, 0, 0, 0, 1, 0, 0], [1, -2, 0, 0, 1, 0, 1, -1, 0, 1, 0, 0, 0, 0], [0, 0, 0, 0, 0, 0, 0, 0, 0, 0, 0, 0, 0, 1]]
[[-2, -4, 2, -1, 0, -1, 2, -2, 0, -2, 0, 2, -3, 1], [0, 0, 0, 1, 0, 0, 0, 1, 0, -1, 0, 1, 0, 1], [-3, -2, 2, -1, 0, 0, 2, -1, 1, -2, 1, 2, -2, 1], [0, 2, -1, 1, 0, 1, 0, 1, 1, 0, 1, 0, 1, 0], [0, 1, 0, -1, 1, 0, 0, -1, 0, 1, 0, -1, 0, -1], [0, 2, -1, 0, 0, 2, 0, 1, 1, 0, 1, 0, 1, 0], [-3, -2, 1, -1, 0, 0, 3, -1, 1, -2, 1, 2, -2, 1], [-3, -1, 1, -2, 0, 0, 2, -1, 1, -1, 1, 1, -2, 0], [-3, 0, 0, -1, 0, 1, 2, 0, 3, -2, 2, 2, -1, 1], [0, 1, -1, 1, 0, 1, 0, 2, 1, 0, 1, 1, 1, 1], [3, -4, 2, 1, 0, -3, -2, -2, -4, 2, -3, -2, -1, -1], [0, 0, 0, 0, 0, 0, 0, 0, 0, 0, 0, 1, 0, 0], [0, -1, 1, -1, 0, -1, 0, -2, -1, 1, -1, -1, 0, -1], [3, 1, -1, 2, 0, 0, -2, 2, -1, 1, -1, -1, 2, 1]]
[[1, 0, 0, 0, 0, 0, 0, 0, 0, 0, 0, 0, 0, 0], [0, 1, 0, 0, 0, 0, 0, 0, 0, 0, 0, 0, 0, 0], [0, 0, 1, 0, 0, 0, 0, 0, 0, 0, 0, 0, 0, 0], [0, 0, 0, 1, 0, 0, 0, 0, 0, 0, 0, 0, 0, 0], [0, 0, 0, 0, 1, 0, 0, 0, 0, 0, 0, 0, 0, 0], [0, 0, 0, 0, 0, 1, 0, 0, 0, 0, 0, 0, 0, 0], [0, 0, 0, 0, 0, 0, 1, 0, 0, 0, 0, 0, 0, 0], [0, 0, 0, 0, 0, 0, 0, 1, 0, 0, 0, 0, 0, 0], [0, 0, 0, 0, 0, 0, 0, 0, 1, 0, 0, 0, 0, 0], [0, 0, 0, 0, 0, 0, 0, 0, 0, 1, 0, 0, 0, 0], [0, 0, 0, 0, 0, 0, 0, 0, 0, 0, 1, 0, 0, 0], [0, 0, 0, 0, 0, 0, 0, 0, 0, 0, 0, 1, 0, 0], [0, 0, 0, 0, 0, 0, 0, 0, 0, 0, 0, 0, 1, 0], [0, 0, 0, 0, 0, 0, 0, 0, 0, 0, 0, 0, 0, 1]]
[[1, 0, 0, 0, 0, 0, 0, 0, 0, 0, 0, 0, 0, 0], [0, 1, 0, 0, 0, 0, 0, 0, 0, 0, 0, 0, 0, 0], [0, 0, 1, 0, 0, 0, 0, 0, 0, 0, 0, 0, 0, 0], [0, 0, 0, 1, 0, 0, 0, 0, 0, 0, 0, 0, 0, 0], [0, 0, 0, 0, 1, 0, 0, 0, 0, 0, 0, 0, 0, 0], [0, 0, 0, 0, 0, 1, 0, 0, 0, 0, 0, 0, 0, 0], [0, 0, 0, 0, 0, 0, 1, 0, 0, 0, 0, 0, 0, 0], [0, 0, 0, 0, 0, 0, 0, 1, 0, 0, 0, 0, 0, 0], [0, 0, 0, 0, 0, 0, 0, 0, 1, 0, 0, 0, 0, 0], [0, 0, 0, 0, 0, 0, 0, 0, 0, 1, 0, 0, 0, 0], [0, 0, 0, 0, 0, 0, 0, 0, 0, 0, 1, 0, 0, 0], [0, 0, 0, 0, 0, 0, 0, 0, 0, 0, 0, 1, 0, 0], [0, 0, 0, 0, 0, 0, 0, 0, 0, 0, 0, 0, 1, 0], [0, 0, 0, 0, 0, 0, 0, 0, 0, 0, 0, 0, 0, 1]]
[[1, 0, 0, 0, 0, 0, 0, 0, 0, 0, 0, 0, 0, 0], [0, 1, 0, 0, 0, 0, 0, 0, 0, 0, 0, 0, 0, 0], [0, 0, 1, 0, 0, 0, 0, 0, 0, 0, 0, 0, 0, 0], [0, 0, 0, 1, 0, 0, 0, 0, 0, 0, 0, 0, 0, 0], [0, 0, 0, 0, 1, 0, 0, 0, 0, 0, 0, 0, 0, 0], [0, 0, 0, 0, 0, 1, 0, 0, 0, 0, 0, 0, 0, 0], [0, 0, 0, 0, 0, 0, 1, 0, 0, 0, 0, 0, 0, 0], [0, 0, 0, 0, 0, 0, 0, 1, 0, 0, 0, 0, 0, 0], [0, 0, 0, 0, 0, 0, 0, 0, 1, 0, 0, 0, 0, 0], [0, 0, 0, 0, 0, 0, 0, 0, 0, 1, 0, 0, 0, 0], [0, 0, 0, 0, 0, 0, 0, 0, 0, 0, 1, 0, 0, 0], [0, 0, 0, 0, 0, 0, 0, 0, 0, 0, 0, 1, 0, 0], [0, 0, 0, 0, 0, 0, 0, 0, 0, 0, 0, 0, 1, 0], [0, 0, 0, 0, 0, 0, 0, 0, 0, 0, 0, 0, 0, 1]]
[[1, 0, 0, 0, 0, 0, 0, 0, 0, 0, 0, 0, 0, 0], [0, 1, 0, 0, 0, 0, 0, 0, 0, 0, 0, 0, 0, 0], [0, 0, 1, 0, 0, 0, 0, 0, 0, 0, 0, 0, 0, 0], [0, 0, 0, 1, 0, 0, 0, 0, 0, 0, 0, 0, 0, 0], [0, 0, 0, 0, 1, 0, 0, 0, 0, 0, 0, 0, 0, 0], [0, 0, 0, 0, 0, 1, 0, 0, 0, 0, 0, 0, 0, 0], [0, 0, 0, 0, 0, 0, 1, 0, 0, 0, 0, 0, 0, 0], [0, 0, 0, 0, 0, 0, 0, 1, 0, 0, 0, 0, 0, 0], [0, 0, 0, 0, 0, 0, 0, 0, 1, 0, 0, 0, 0, 0], [0, 0, 0, 0, 0, 0, 0, 0, 0, 1, 0, 0, 0, 0], [0, 0, 0, 0, 0, 0, 0, 0, 0, 0, 1, 0, 0, 0], [0, 0, 0, 0, 0, 0, 0, 0, 0, 0, 0, 1, 0, 0], [0, 0, 0, 0, 0, 0, 0, 0, 0, 0, 0, 0, 1, 0], [0, 0, 0, 0, 0, 0, 0, 0, 0, 0, 0, 0, 0, 1]]
[[1, 0, 0, 0, 0, 0, 0, 0, 0, 0, 0, 0, 0, 0], [2, 1, -1, 1, 0, -1, -1, 0, -2, 2, -1, -2, 1, -1], [2, 0, 0, 1, 0, -1, -1, 0, -2, 2, -1, -2, 1, -1], [2, 0, -1, 2, 0, -1, -1, 0, -2, 2, -1, -2, 1, -1], [2, -1, 0, 1, 1, -1, -1, 0, -2, 2, -1, -1, 1, 0], [0, -1, 0, 0, 1, 0, 1, -1, 0, 1, 0, -1, 0, 0], [0, 0, 0, 0, 0, 0, 1, 0, 0, 0, 0, 0, 0, 0], [0, -1, 1, 0, 0, 0, 0, 1, 0, 0, 0, 1, 0, 1], [2, 1, -1, 1, -1, 0, -2, 1, -1, 1, -1, -1, 1, -1], [0, 1, -1, 0, 0, 0, 0, 0, 0, 1, 0, -1, 0, -1], [-2, 0, 1, -1, 0, 1, 1, 0, 2, -2, 2, 2, -1, 1], [0, 0, -1, 0, 1, -1, 1, -1, 0, 1, 0, -1, 0, -1], [-2, 1, 0, -1, 0, 1, 1, 0, 2, -2, 1, 1, 0, 0], [0, 2, -1, 0, -1, 1, -1, 1, 0, -1, 0, 0, 0, 0]]
[[1, 0, 0, 0, 0, 0, 0, 0, 0, 0, 0, 0, 0, 0], [0, 1, 0, 0, -1, 0, -1, 1, 0, 0, 0, 0, 0, 0], [2, 1, 0, 1, -1, -1, -3, 1, -1, 1, -1, -1, 1, -1], [0, 0, 0, 1, -1, 0, -1, 1, 0, 0, 0, 0, 0, 0], [0, 0, 0, 0, 0, 0, -1, 1, 0, 0, 0, 0, 0, 0], [2, 1, -1, 1, -1, 0, -3, 1, -1, 1, -1, -1, 1, -1], [2, 0, 0, 1, 0, -1, -1, 0, -1, 1, -1, -1, 1, 0], [2, 0, 0, 1, 1, -1, -1, 0, -1, 1, -1, -1, 1, 0], [0, 0, 0, 0, 0, 0, 0, 0, 1, 0, 0, 0, 0, 0], [0, 0, 0, 0, 0, 0, 0, 0, 0, 1, 0, 0, 0, 0], [-2, 0, 0, -1, 1, 1, 3, -1, 1, -1, 2, 1, -1, 0], [0, -1, 1, 0, -1, 0, -1, 1, 0, 0, 0, 1, 0, 1], [0, 0, 0, 0, 0, 0, 0, 0, 0, 0, 0, 0, 1, 0], [-2, 1, -1, -1, 0, 1, 2, 0, 1, -1, 1, 1, -1, 0]]
[[1, 0, 0, 0, 0, 0, 0, 0, 0, 0, 0, 0, 0, 0], [0, 1, 0, 0, 0, 0, 0, 0, 0, 0, 0, 0, 0, 0], [0, 0, 1, 0, 0, 0, 0, 0, 0, 0, 0, 0, 0, 0], [0, 0, 0, 1, 0, 0, 0, 0, 0, 0, 0, 0, 0, 0], [0, 0, 0, 0, 1, 0, 0, 0, 0, 0, 0, 0, 0, 0], [0, 0, 0, 0, 0, 1, 0, 0, 0, 0, 0, 0, 0, 0], [0, 0, 0, 0, 0, 0, 1, 0, 0, 0, 0, 0, 0, 0], [0, 0, 0, 0, 0, 0, 0, 1, 0, 0, 0, 0, 0, 0], [0, 0, 0, 0, 0, 0, 0, 0, 1, 0, 0, 0, 0, 0], [0, 0, 0, 0, 0, 0, 0, 0, 0, 1, 0, 0, 0, 0], [0, 0, 0, 0, 0, 0, 0, 0, 0, 0, 1, 0, 0, 0], [0, 0, 0, 0, 0, 0, 0, 0, 0, 0, 0, 1, 0, 0], [0, 0, 0, 0, 0, 0, 0, 0, 0, 0, 0, 0, 1, 0], [0, 0, 0, 0, 0, 0, 0, 0, 0, 0, 0, 0, 0, 1]]
[[1, 0, 0, 0, 0, 0, 0, 0, 0, 0, 0, 0, 0, 0], [0, 1, 0, 0, 0, 0, 0, 0, 0, 0, 0, 0, 0, 0], [0, 0, 1, 0, 0, 0, 0, 0, 0, 0, 0, 0, 0, 0], [0, 0, 0, 1, 0, 0, 0, 0, 0, 0, 0, 0, 0, 0], [0, 0, 0, 0, 1, 0, 0, 0, 0, 0, 0, 0, 0, 0], [0, 0, 0, 0, 0, 1, 0, 0, 0, 0, 0, 0, 0, 0], [0, 0, 0, 0, 0, 0, 1, 0, 0, 0, 0, 0, 0, 0], [0, 0, 0, 0, 0, 0, 0, 1, 0, 0, 0, 0, 0, 0], [0, 0, 0, 0, 0, 0, 0, 0, 1, 0, 0, 0, 0, 0], [0, 0, 0, 0, 0, 0, 0, 0, 0, 1, 0, 0, 0, 0], [0, 0, 0, 0, 0, 0, 0, 0, 0, 0, 1, 0, 0, 0], [0, 0, 0, 0, 0, 0, 0, 0, 0, 0, 0, 1, 0, 0], [0, 0, 0, 0, 0, 0, 0, 0, 0, 0, 0, 0, 1, 0], [0, 0, 0, 0, 0, 0, 0, 0, 0, 0, 0, 0, 0, 1]]
[[1, 0, 0, 0, 0, 0, 0, 0, 0, 0, 0, 0, 0, 0], [0, 1, 0, 0, 0, 0, 0, 0, 0, 0, 0, 0, 0, 0], [0, 0, 1, 0, 0, 0, 0, 0, 0, 0, 0, 0, 0, 0], [0, 0, 0, 1, 0, 0, 0, 0, 0, 0, 0, 0, 0, 0], [0, 0, 0, 0, 1, 0, 0, 0, 0, 0, 0, 0, 0, 0], [0, 0, 0, 0, 0, 1, 0, 0, 0, 0, 0, 0, 0, 0], [0, 0, 0, 0, 0, 0, 1, 0, 0, 0, 0, 0, 0, 0], [0, 0, 0, 0, 0, 0, 0, 1, 0, 0, 0, 0, 0, 0], [0, 0, 0, 0, 0, 0, 0, 0, 1, 0, 0, 0, 0, 0], [0, 0, 0, 0, 0, 0, 0, 0, 0, 1, 0, 0, 0, 0], [0, 0, 0, 0, 0, 0, 0, 0, 0, 0, 1, 0, 0, 0], [0, 0, 0, 0, 0, 0, 0, 0, 0, 0, 0, 1, 0, 0], [0, 0, 0, 0, 0, 0, 0, 0, 0, 0, 0, 0, 1, 0], [0, 0, 0, 0, 0, 0, 0, 0, 0, 0, 0, 0, 0, 1]]
[[1, 0, 0, 0, 0, 0, 0, 0, 0, 0, 0, 0, 0, 0], [0, 1, 0, 0, 0, 0, 0, 0, 0, 0, 0, 0, 0, 0], [0, 0, 1, 0, 0, 0, 0, 0, 0, 0, 0, 0, 0, 0], [0, 0, 0, 1, 0, 0, 0, 0, 0, 0, 0, 0, 0, 0], [0, 0, 0, 0, 1, 0, 0, 0, 0, 0, 0, 0, 0, 0], [0, 0, 0, 0, 0, 1, 0, 0, 0, 0, 0, 0, 0, 0], [0, 0, 0, 0, 0, 0, 1, 0, 0, 0, 0, 0, 0, 0], [0, 0, 0, 0, 0, 0, 0, 1, 0, 0, 0, 0, 0, 0], [0, 0, 0, 0, 0, 0, 0, 0, 1, 0, 0, 0, 0, 0], [0, 0, 0, 0, 0, 0, 0, 0, 0, 1, 0, 0, 0, 0], [0, 0, 0, 0, 0, 0, 0, 0, 0, 0, 1, 0, 0, 0], [0, 0, 0, 0, 0, 0, 0, 0, 0, 0, 0, 1, 0, 0], [0, 0, 0, 0, 0, 0, 0, 0, 0, 0, 0, 0, 1, 0], [0, 0, 0, 0, 0, 0, 0, 0, 0, 0, 0, 0, 0, 1]]
[[1, 3, -1, 0, -1, 1, -2, 2, 1, -1, 0, 0, 1, 0], [0, -1, 0, -1, 1, 0, 2, -2, 0, 0, 0, 0, -1, 0], [0, 1, 0, -1, 0, 1, 0, 0, 1, -1, 0, 0, 0, 0], [0, -2, 0, 0, 1, 0, 2, -2, 0, 0, 0, 0, -1, 0], [-1, -1, 1, 0, 1, -1, 1, -1, 0, 0, 0, 0, 0, 0], [-1, -1, 1, 0, 0, 0, 1, -1, 0, 0, 0, 0, 0, 0], [1, 1, -1, 0, 0, 1, 0, 1, 0, 0, 0, 0, 0, 0], [0, 0, 0, 0, 0, 0, 0, 1, 0, 0, 0, 0, 0, 0], [1, -2, 0, 0, 1, 0, 1, -1, 0, 1, 0, 0, -1, 0], [0, -2, 0, -1, 1, 0, 2, -2, 0, 1, 0, 0, -1, 0], [-1, 5, -1, 0, -2, 1, -3, 3, 2, -2, 1, 0, 2, 0], [0, 1, -1, -1, 0, 1, 0, 0, 1, -1, 0, 1, 0, 0], [1, 3, -1, 1, -1, 1, -3, 3, 0, 0, 0, 0, 2, 0], [0, -3, 1, 0, 1, -1, 2, -2, -1, 1, 0, 0, -1, 1]]
[[1, 0, 0, 0, 0, 0, 0, 0, 0, 0, 0, 0, 0, 0], [0, 1, 0, -1, 0, 0, 0, -1, 0, 1, 0, -1, 0, -1], [1, -2, 1, 0, 0, -1, 0, -1, -1, 0, -1, 0, -1, 0], [0, 0, 0, 0, 0, 0, 0, -1, 0, 1, 0, -1, 0, -1], [-1, -2, 1, -1, 1, -1, 1, -2, 0, 0, 0, 0, -1, 0], [-1, -2, 1, 0, 0, 0, 1, -1, 0, -1, 0, 1, -1, 1], [0, 0, 0, 0, 0, 0, 1, 0, 0, 0, 0, 0, 0, 0], [-1, -2, 1, 0, 0, -1, 1, 0, 0, -1, 0, 1, -1, 1], [0, 0, 0, 0, 0, 0, 0, 0, 1, 0, 0, 0, 0, 0], [0, 0, 0, 0, 0, 0, 0, 0, 0, 1, 0, 0, 0, 0], [2, 0, -1, 1, 0, 0, -1, 1, -1, 0, 0, 0, 0, 0], [0, 0, 0, -1, 0, 0, 0, -1, 0, 1, 0, 0, 0, -1], [2, 0, -1, 1, 0, 0, -1, 1, -1, 0, -1, 0, 1, 0], [1, 2, -1, 0, 0, 1, -1, 1, 0, 1, 0, -1, 1, 0]]
[[1, 0, 0, 0, 0, 0, 0, 0, 0, 0, 0, 0, 0, 0], [0, 1, 0, 0, 0, 0, 0, 0, 0, 0, 0, 0, 0, 0], [0, 0, 1, 0, 0, 0, 0, 0, 0, 0, 0, 0, 0, 0], [0, 0, 0, 1, 0, 0, 0, 0, 0, 0, 0, 0, 0, 0], [0, 0, 0, 0, 1, 0, 0, 0, 0, 0, 0, 0, 0, 0], [0, 0, 0, 0, 0, 1, 0, 0, 0, 0, 0, 0, 0, 0], [0, 0, 0, 0, 0, 0, 1, 0, 0, 0, 0, 0, 0, 0], [0, 0, 0, 0, 0, 0, 0, 1, 0, 0, 0, 0, 0, 0], [0, 0, 0, 0, 0, 0, 0, 0, 1, 0, 0, 0, 0, 0], [0, 0, 0, 0, 0, 0, 0, 0, 0, 1, 0, 0, 0, 0], [0, 0, 0, 0, 0, 0, 0, 0, 0, 0, 1, 0, 0, 0], [0, 0, 0, 0, 0, 0, 0, 0, 0, 0, 0, 1, 0, 0], [0, 0, 0, 0, 0, 0, 0, 0, 0, 0, 0, 0, 1, 0], [0, 0, 0, 0, 0, 0, 0, 0, 0, 0, 0, 0, 0, 1]]
[[1, 0, 0, 0, 0, 0, 0, 0, 0, 0, 0, 0, 0, 0], [0, 1, 0, 0, 0, 0, 0, 0, 0, 0, 0, 0, 0, 0], [0, 0, 1, 0, 0, 0, 0, 0, 0, 0, 0, 0, 0, 0], [0, 0, 0, 1, 0, 0, 0, 0, 0, 0, 0, 0, 0, 0], [0, 0, 0, 0, 1, 0, 0, 0, 0, 0, 0, 0, 0, 0], [0, 0, 0, 0, 0, 1, 0, 0, 0, 0, 0, 0, 0, 0], [0, 0, 0, 0, 0, 0, 1, 0, 0, 0, 0, 0, 0, 0], [0, 0, 0, 0, 0, 0, 0, 1, 0, 0, 0, 0, 0, 0], [0, 0, 0, 0, 0, 0, 0, 0, 1, 0, 0, 0, 0, 0], [0, 0, 0, 0, 0, 0, 0, 0, 0, 1, 0, 0, 0, 0], [0, 0, 0, 0, 0, 0, 0, 0, 0, 0, 1, 0, 0, 0], [0, 0, 0, 0, 0, 0, 0, 0, 0, 0, 0, 1, 0, 0], [0, 0, 0, 0, 0, 0, 0, 0, 0, 0, 0, 0, 1, 0], [0, 0, 0, 0, 0, 0, 0, 0, 0, 0, 0, 0, 0, 1]]
[[1, -1, 0, 0, 1, -1, 1, -1, -1, 2, 0, -1, 0, 0], [0, 1, 0, 0, 0, 0, 0, 0, 0, 0, 0, 0, 0, 0], [0, -1, 1, 0, 1, -1, 1, -1, -1, 2, 0, -1, 0, 0], [0, 0, 0, 1, 0, 0, 0, 0, 0, 0, 0, 0, 0, 0], [1, -1, 0, 1, 1, -1, 0, 0, -2, 1, -1, -1, 0, 0], [0, 0, 0, 0, 0, 1, 0, 0, 0, 0, 0, 0, 0, 0], [-1, 0, 0, -1, 1, 0, 2, -1, 1, 1, 1, 0, 0, 0], [-1, 0, 0, -1, 1, 0, 1, 0, 1, 1, 1, 0, 0, 0], [0, 0, 0, 0, 0, 0, 0, 0, 1, 0, 0, 0, 0, 0], [0, 1, 0, 0, -1, 1, -1, 1, 1, -1, 0, 1, 0, 0], [1, -1, 0, 1, 0, -1, 0, 0, -2, 1, 0, -1, 0, 0], [1, -1, 0, 1, 0, -1, 0, 0, -2, 1, -1, 0, 0, 0], [1, -1, 0, 1, 0, -1, 0, 0, -2, 1, -1, -1, 1, 0], [2, 4, -1, 1, -2, 1, -4, 2, 0, -1, -1, -1, 2, -1]]
[[1, 0, 0, 0, 0, 0, 0, 0, 0, 0, 0, 0, 0, 0], [0, 1, 0, 0, 0, 0, 0, 0, 0, 0, 0, 0, 0, 0], [0, 0, 1, 0, 0, 0, 0, 0, 0, 0, 0, 0, 0, 0], [0, 0, 0, 1, 0, 0, 0, 0, 0, 0, 0, 0, 0, 0], [0, 0, 0, 0, 1, 0, 0, 0, 0, 0, 0, 0, 0, 0], [0, 0, 0, 0, 0, 1, 0, 0, 0, 0, 0, 0, 0, 0], [0, 0, 0, 0, 0, 0, 1, 0, 0, 0, 0, 0, 0, 0], [0, 0, 0, 0, 0, 0, 0, 1, 0, 0, 0, 0, 0, 0], [0, 0, 0, 0, 0, 0, 0, 0, 1, 0, 0, 0, 0, 0], [0, 0, 0, 0, 0, 0, 0, 0, 0, 1, 0, 0, 0, 0], [0, 0, 0, 0, 0, 0, 0, 0, 0, 0, 1, 0, 0, 0], [0, 0, 0, 0, 0, 0, 0, 0, 0, 0, 0, 1, 0, 0], [0, 0, 0, 0, 0, 0, 0, 0, 0, 0, 0, 0, 1, 0], [0, 0, 0, 0, 0, 0, 0, 0, 0, 0, 0, 0, 0, 1]]
[[1, 0, 0, 0, 0, 0, 0, 0, 0, 0, 0, 0, 0, 0], [0, 1, 0, 0, 0, 0, 0, 0, 0, 0, 0, 0, 0, 0], [0, 0, 1, 0, 0, 0, 0, 0, 0, 0, 0, 0, 0, 0], [-1, 1, 0, 0, 0, 0, 0, 0, 1, -1, 0, 0, 0, 0], [1, -1, 0, 1, 1, 0, 0, 0, -1, 1, 0, 0, 0, 0], [-1, 1, 0, -1, 0, 1, 0, 0, 1, -1, 0, 0, 0, 0], [0, 0, 0, 0, 0, 0, 1, 0, 0, 0, 0, 0, 0, 0], [1, -1, 0, 1, 0, 0, 0, 1, -1, 1, 0, 0, 0, 0], [0, 0, 0, 0, 0, 0, 0, 0, 1, 0, 0, 0, 0, 0], [-1, 1, 0, -1, 0, 0, 0, 0, 1, 0, 0, 0, 0, 0], [0, 0, 0, 0, 0, 0, 0, 0, 0, 0, 1, 0, 0, 0], [-1, 1, 0, -1, 0, 0, 0, 0, 1, -1, 0, 1, 0, 0], [0, 0, 0, 0, 0, 0, 0, 0, 0, 0, 0, 0, 1, 0], [0, 0, 0, 0, 0, 0, 0, 0, 0, 0, 0, 0, 0, 1]]
[[2, -1, 0, 1, 0, -1, -1, 0, -1, 0, -1, 0, 0, 0], [0, 1, 0, 0, 0, 0, 0, 0, 0, 0, 0, 0, 0, 0], [1, -1, 1, 1, 0, -1, -1, 0, -1, 0, -1, 0, 0, 0], [-1, 1, 0, 0, 0, 1, 1, 0, 1, 0, 1, 0, 0, 0], [-1, 1, 0, -1, 1, 1, 1, 0, 1, 0, 1, 0, 0, 0], [0, 0, 0, 0, 0, 1, 0, 0, 0, 0, 0, 0, 0, 0], [1, -1, 0, 1, 0, -1, 0, 0, -1, 0, -1, 0, 0, 0], [1, -1, 0, 1, 0, -1, -1, 1, -1, 0, -1, 0, 0, 0], [0, 0, 0, 0, 0, 0, 0, 0, 1, 0, 0, 0, 0, 0], [0, 0, 0, 0, 0, 0, 0, 0, 0, 1, 0, 0, 0, 0], [1, -1, 0, 1, 0, -1, -1, 0, -1, 0, 0, 0, 0, 0], [-1, 1, 0, -1, 0, 1, 1, 0, 1, 0, 1, 1, 0, 0], [0, 0, 0, 0, 0, 0, 0, 0, 0, 0, 0, 0, 1, 0], [0, 0, 0, 0, 0, 0, 0, 0, 0, 0, 0, 0, 0, 1]]
[[1, 0, 0, 0, 0, 0, 0, 0, 0, 0, 0, 0, 0, 0], [0, 1, 0, 0, 0, 0, 0, 0, 0, 0, 0, 0, 0, 0], [0, 0, 1, 0, 0, 0, 0, 0, 0, 0, 0, 0, 0, 0], [0, 0, 0, 1, 0, 0, 0, 0, 0, 0, 0, 0, 0, 0], [0, 0, 0, 0, 1, 0, 0, 0, 0, 0, 0, 0, 0, 0], [0, 0, 0, 0, 0, 1, 0, 0, 0, 0, 0, 0, 0, 0], [0, 0, 0, 0, 0, 0, 1, 0, 0, 0, 0, 0, 0, 0], [0, 0, 0, 0, 0, 0, 0, 1, 0, 0, 0, 0, 0, 0], [0, 0, 0, 0, 0, 0, 0, 0, 1, 0, 0, 0, 0, 0], [0, 0, 0, 0, 0, 0, 0, 0, 0, 1, 0, 0, 0, 0], [0, 0, 0, 0, 0, 0, 0, 0, 0, 0, 1, 0, 0, 0], [0, 0, 0, 0, 0, 0, 0, 0, 0, 0, 0, 1, 0, 0], [0, 0, 0, 0, 0, 0, 0, 0, 0, 0, 0, 0, 1, 0], [0, 0, 0, 0, 0, 0, 0, 0, 0, 0, 0, 0, 0, 1]]
[[1, 1, 0, 1, -2, 0, -4, 2, 0, -1, -1, 0, 1, 0], [0, 0, 0, 1, 1, 0, 1, 0, -1, 1, 0, -1, 1, 0], [2, 2, -1, 2, -1, 0, -3, 2, -1, 0, -1, -1, 2, 0], [0, 1, 0, 0, 1, 0, 1, 0, -1, 1, 0, -1, 1, 0], [0, 0, -1, 0, 0, 1, 1, 1, 1, 0, 1, 1, 0, 1], [-1, -1, 0, -1, 2, 0, 3, -1, 1, 0, 1, 1, -1, 1], [3, 1, 0, 2, -1, -1, -4, 1, -2, 1, -2, -2, 2, -1], [4, 1, -1, 2, -1, -1, -4, 1, -2, 2, -2, -2, 2, -1], [1, 0, 1, 1, 0, -1, -1, 0, -2, 1, -1, -1, 1, 0], [-1, -1, 1, 0, 2, -1, 3, -2, -1, 1, 0, -1, 0, 0], [-1, 1, -1, -1, -3, 1, -3, 2, 2, -3, 0, 2, -1, 0], [0, 1, 0, 1, 0, 0, 0, 1, 0, 0, 0, -1, 1, 0], [0, 0, 0, 0, -2, 0, -2, 1, 1, -2, 0, 1, -1, 0], [-4, -2, 1, -2, 2, 0, 5, -3, 1, 0, 2, 1, -2, 0]]
[[1, 0, 0, 0, 0, 0, 0, 0, 0, 0, 0, 0, 0, 0], [0, 1, 0, 0, 0, 0, 0, 0, 0, 0, 0, 0, 0, 0], [0, 0, 1, 0, 0, 0, 0, 0, 0, 0, 0, 0, 0, 0], [0, 0, 0, 1, 0, 0, 0, 0, 0, 0, 0, 0, 0, 0], [0, 0, 0, 0, 1, 0, 0, 0, 0, 0, 0, 0, 0, 0], [0, 0, 0, 0, 0, 1, 0, 0, 0, 0, 0, 0, 0, 0], [0, 0, 0, 0, 0, 0, 1, 0, 0, 0, 0, 0, 0, 0], [0, 0, 0, 0, 0, 0, 0, 1, 0, 0, 0, 0, 0, 0], [0, 0, 0, 0, 0, 0, 0, 0, 1, 0, 0, 0, 0, 0], [0, 0, 0, 0, 0, 0, 0, 0, 0, 1, 0, 0, 0, 0], [0, 0, 0, 0, 0, 0, 0, 0, 0, 0, 1, 0, 0, 0], [0, 0, 0, 0, 0, 0, 0, 0, 0, 0, 0, 1, 0, 0], [0, 0, 0, 0, 0, 0, 0, 0, 0, 0, 0, 0, 1, 0], [0, 0, 0, 0, 0, 0, 0, 0, 0, 0, 0, 0, 0, 1]]
[[-1, -1, 0, -1, 2, 0, 4, -2, 0, 1, 1, 0, -1, 0], [-1, 2, 0, -1, -1, 1, -1, 1, 2, -1, 1, 1, 0, 0], [-2, -2, 1, -1, 1, 0, 3, -1, 1, -1, 1, 2, -2, 1], [-1, 1, 0, 0, -1, 1, -1, 1, 2, -1, 1, 1, 0, 0], [0, 0, 0, 0, 1, 0, 0, 0, 0, 0, 0, 0, 0, 0], [0, -1, 0, 0, -1, 1, -1, 1, 1, -2, 0, 2, -1, 1], [0, 0, 0, 0, 0, 0, 1, 0, 0, 0, 0, 0, 0, 0], [1, -1, 0, 1, 1, -1, 1, 0, -2, 1, -1, -1, 0, 0], [0, 0, 0, 0, 0, 0, 0, 0, 1, 0, 0, 0, 0, 0], [2, 1, 0, 1, -2, 0, -4, 2, 0, 0, -1, 0, 1, 0], [-1, -2, 0, 0, 3, -1, 5, -3, -2, 2, 1, -1, -1, 0], [2, 2, 0, 1, -1, 0, -3, 1, -1, 1, -1, -1, 2, -1], [1, -1, 0, 1, 1, -1, 1, -1, -2, 1, -1, -1, 1, 0], [-1, 1, 0, -1, -1, 1, -1, 1, 2, -1, 1, 1, 0, 1]]
[[1, 0, 0, 0, 0, 0, 0, 0, 0, 0, 0, 0, 0, 0], [0, 1, 0, 0, 0, 0, 0, 0, 0, 0, 0, 0, 0, 0], [0, 0, 1, 0, 0, 0, 0, 0, 0, 0, 0, 0, 0, 0], [0, 0, 0, 1, 0, 0, 0, 0, 0, 0, 0, 0, 0, 0], [0, 0, 0, 0, 1, 0, 0, 0, 0, 0, 0, 0, 0, 0], [0, 0, 0, 0, 0, 1, 0, 0, 0, 0, 0, 0, 0, 0], [0, 0, 0, 0, 0, 0, 1, 0, 0, 0, 0, 0, 0, 0], [0, 0, 0, 0, 0, 0, 0, 1, 0, 0, 0, 0, 0, 0], [0, 0, 0, 0, 0, 0, 0, 0, 1, 0, 0, 0, 0, 0], [0, 0, 0, 0, 0, 0, 0, 0, 0, 1, 0, 0, 0, 0], [0, 0, 0, 0, 0, 0, 0, 0, 0, 0, 1, 0, 0, 0], [0, 0, 0, 0, 0, 0, 0, 0, 0, 0, 0, 1, 0, 0], [0, 0, 0, 0, 0, 0, 0, 0, 0, 0, 0, 0, 1, 0], [0, 0, 0, 0, 0, 0, 0, 0, 0, 0, 0, 0, 0, 1]]
[[1, 0, 0, 0, 0, 0, 0, 0, 0, 0, 0, 0, 0, 0], [0, 1, 0, 0, 0, 0, 0, 0, 0, 0, 0, 0, 0, 0], [0, 0, 1, 0, 0, 0, 0, 0, 0, 0, 0, 0, 0, 0], [0, 0, 0, 1, 0, 0, 0, 0, 0, 0, 0, 0, 0, 0], [0, 0, 0, 0, 1, 0, 0, 0, 0, 0, 0, 0, 0, 0], [0, 0, 0, 0, 0, 1, 0, 0, 0, 0, 0, 0, 0, 0], [0, 0, 0, 0, 0, 0, 1, 0, 0, 0, 0, 0, 0, 0], [0, 0, 0, 0, 0, 0, 0, 1, 0, 0, 0, 0, 0, 0], [0, 0, 0, 0, 0, 0, 0, 0, 1, 0, 0, 0, 0, 0], [0, 0, 0, 0, 0, 0, 0, 0, 0, 1, 0, 0, 0, 0], [0, 0, 0, 0, 0, 0, 0, 0, 0, 0, 1, 0, 0, 0], [0, 0, 0, 0, 0, 0, 0, 0, 0, 0, 0, 1, 0, 0], [0, 0, 0, 0, 0, 0, 0, 0, 0, 0, 0, 0, 1, 0], [0, 0, 0, 0, 0, 0, 0, 0, 0, 0, 0, 0, 0, 1]]
[[3, 2, -1, 1, -1, 0, -3, 2, -1, 1, -1, -1, 2, 0], [0, 1, 0, 0, 0, 0, 0, 0, 0, 0, 0, 0, 0, 0], [2, 2, 0, 1, -1, 0, -3, 2, -1, 1, -1, -1, 2, 0], [0, 0, 0, 1, 0, 0, 0, 0, 0, 0, 0, 0, 0, 0], [1, 3, -1, 1, -1, 0, -3, 2, -1, 0, -1, -1, 2, -1], [0, 0, 0, 1, 0, 0, 0, 0, -1, 1, 0, -1, 0, -1], [1, -1, 0, 0, 1, 0, 1, 0, 0, 1, 0, 0, 0, 1], [0, 0, 0, -1, 0, 1, 0, 1, 1, -1, 0, 1, 0, 1], [0, 0, 0, 0, 0, 0, 0, 0, 1, 0, 0, 0, 0, 0], [-2, -2, 1, -1, 1, 0, 3, -2, 1, 0, 1, 1, -2, 0], [1, 3, -1, 0, -2, 1, -3, 2, 0, -1, 0, 0, 2, 0], [1, -1, 0, 1, 1, -1, 0, 0, -1, 2, 0, 0, 0, 0], [1, -1, 0, 1, 1, -1, 0, 0, -1, 2, 0, -1, 1, 0], [-3, -1, 1, -1, 0, 0, 3, -2, 1, -2, 1, 1, -2, 0]]
[[1, 1, -1, 0, 1, 0, 1, 0, 0, 1, 0, -1, 1, 0], [0, 1, 0, 0, 0, 0, 0, 0, 0, 0, 0, 0, 0, 0], [0, 1, 0, 0, 1, 0, 1, 0, 0, 1, 0, -1, 1, 0], [0, 0, 0, 1, 0, 0, 0, 0, 0, 0, 0, 0, 0, 0], [0, 0, 0, 0, 1, 0, 0, 0, 0, 0, 0, 0, 0, 0], [0, 0, 0, 0, 0, 1, 0, 0, 0, 0, 0, 0, 0, 0], [0, 0, 0, 0, 0, 0, 1, 0, 0, 0, 0, 0, 0, 0], [0, 0, 0, 0, 0, 0, 0, 1, 0, 0, 0, 0, 0, 0], [2, 0, 0, 2, 0, -1, -1, 0, -2, 2, -1, -2, 1, -1], [1, 2, 0, 1, -2, 0, -3, 1, -1, 0, -1, -1, 1, -1], [-2, 1, -1, -2, 1, 1, 2, 0, 3, -1, 2, 1, 0, 1], [1, 3, -1, 1, -1, 0, -2, 1, -1, 0, -1, -1, 2, -1], [0, 0, 0, 0, 0, 0, 0, 0, 0, 0, 0, 0, 1, 0], [0, -1, 1, 0, -1, 0, -1, 0, 0, -1, 0, 1, -1, 1]]
[[1, 0, 0, 0, 0, 0, 0, 0, 0, 0, 0, 0, 0, 0], [0, 1, 0, 0, 0, 0, 0, 0, 0, 0, 0, 0, 0, 0], [0, 0, 1, 0, 0, 0, 0, 0, 0, 0, 0, 0, 0, 0], [0, 0, 0, 1, 0, 0, 0, 0, 0, 0, 0, 0, 0, 0], [0, 0, 0, 0, 1, 0, 0, 0, 0, 0, 0, 0, 0, 0], [0, 0, 0, 0, 0, 1, 0, 0, 0, 0, 0, 0, 0, 0], [0, 0, 0, 0, 0, 0, 1, 0, 0, 0, 0, 0, 0, 0], [0, 0, 0, 0, 0, 0, 0, 1, 0, 0, 0, 0, 0, 0], [0, 0, 0, 0, 0, 0, 0, 0, 1, 0, 0, 0, 0, 0], [0, 0, 0, 0, 0, 0, 0, 0, 0, 1, 0, 0, 0, 0], [0, 0, 0, 0, 0, 0, 0, 0, 0, 0, 1, 0, 0, 0], [0, 0, 0, 0, 0, 0, 0, 0, 0, 0, 0, 1, 0, 0], [0, 0, 0, 0, 0, 0, 0, 0, 0, 0, 0, 0, 1, 0], [0, 0, 0, 0, 0, 0, 0, 0, 0, 0, 0, 0, 0, 1]]

Generators of monodromy action on conics:
(43,47)(44,48)(49,59)(50,60)(51,57)(52,58)(65,83)(66,84)(67,81)(68,82)(85,87)(86,88)(89,100)(90,99)(91,98)(92,97)(103,112)(104,111)(117,136)(118,135)(119,134)(120,133)(137,138)(139,140)(141,168)(142,167)(143,166)(144,165)(145,164)(146,163)(147,162)(148,161)(149,180)(150,179)(151,178)(152,177)(153,176)(154,175)(155,174)(156,173)(157,160)(158,159)(169,170)(171,172)(181,186)(182,185)(187,200)(188,199)(189,202)(190,201)(193,198)(194,197)
(15,26)(16,25)(17,24)(18,23)(19,22)(20,21)(41,55)(42,56)(45,53)(46,54)(61,93)(62,94)(63,95)(64,96)(65,89)(66,90)(67,91)(68,92)(69,101)(70,102)(71,113)(72,114)(73,115)(74,116)(75,105)(76,106)(77,107)(78,108)(79,109)(80,110)(81,98)(82,97)(83,100)(84,99)(85,104)(86,103)(87,111)(88,112)(121,206)(122,205)(123,208)(124,207)(125,204)(126,203)(127,192)(128,191)(129,196)(130,195)(131,184)(132,183)(143,163)(144,164)(145,165)(146,166)(149,173)(150,174)(155,179)(156,180)(157,197)(158,198)(159,193)(160,194)
(5,28)(6,27)(9,30)(10,29)(11,32)(12,31)(13,36)(14,35)(41,122)(42,121)(43,134,47,119)(44,133,48,120)(45,128)(46,127)(49,50)(51,188,57,199)(52,187,58,200)(53,191)(54,192)(55,205)(56,206)(59,60)(65,83)(66,84)(67,112,81,103)(68,111,82,104)(71,116)(72,115)(73,114)(74,113)(77,110)(78,109)(79,108)(80,107)(85,92,87,97)(86,91,88,98)(89,100)(90,99)(117,136)(118,135)(137,140,171,169)(138,139,172,170)(141,168)(142,167)(143,166)(144,165)(145,164)(146,163)(147,148)(149,158,180,159)(150,157,179,160)(151,182,178,185)(152,181,177,186)(153,190,176,201)(154,189,175,202)(155,194,174,197)(156,193,173,198)(161,162)
(1,93,122,20,56,62,40,123,79,21,77,207)(2,94,121,19,55,61,39,124,80,22,78,208)(3,37,26,4,38,25)(5,205,41,14,204,76,36,109,108,27,106,125)(6,206,42,13,203,75,35,110,107,28,105,126)(7,95,128,18,54,64,34,131,71,23,73,183)(8,96,127,17,53,63,33,132,72,24,74,184)(9,191,45,12,196,70,32,113,116,29,102,129)(10,192,46,11,195,69,31,114,115,30,101,130)(15,16)(43,134,100,88,68,66,48,120,90,85,81,83)(44,133,99,87,67,65,47,119,89,86,82,84)(49,103,51,117,199,91,60,111,58,135,187,97)(50,104,52,118,200,92,59,112,57,136,188,98)(137,171,169)(138,172,170)(141,189,149,147,197,153,167,201,179,161,193,175)(142,190,150,148,198,154,168,202,180,162,194,176)(143,159,155,145,181,177,165,157,173,163,185,151)(144,160,156,146,182,178,166,158,174,164,186,152)
