
########################################################
# DATA FOR CRYSTALLOGRAPHIC QUARTIC SURFACE FAMILY 6.1 #
########################################################


##################
# GROUP & FAMILY #
##################

Generators of crystallographic group:
[[-1, 0, 0, 0], [0, -1, 0, 0], [0, 0, 1, 0], [0, 0, 0, 1]]
[[1, 0, 0, 0], [0, 1, 0, 0], [0, 0, -1, 0], [0, 0, 0, 1]]
[[-1, 0, 0, 0], [0, 1, 0, 0], [0, 0, 1, 0], [0, 0, 0, 1]]

Invariant polynomials:
w^4
z^2*w^2
y^2*w^2
x^2*w^2
z^4
y^2*z^2
x^2*z^2
y^4
x^2*y^2
x^4

Equivalent crystallographic groups:
6.2
6.3

############
# HOMOLOGY #
############


Intersection product:
[[-8, -2, -2, -4, 2, 2, -1, -1, -3, -2, -7, -1, -7, -7, -4, -2, -4, -4, 1, 1, 0, -3], [-2, -2, -1, -1, 1, 1, 0, 1, -1, -1, -2, 1, -2, -2, -1, 0, -1, -1, 1, 1, 0, -1], [-2, -1, -2, -1, 1, 1, 0, 1, -1, -1, -2, 1, -2, -2, -1, 0, -1, -1, 1, 1, 0, -1], [-4, -1, -1, -4, 2, 2, 0, -1, -2, 0, -6, -1, -6, -5, -3, -1, -2, -3, 1, 1, -1, -2], [2, 1, 1, 2, -4, -3, -2, 1, 1, 0, 6, 1, 6, 5, 2, 1, 2, 2, -2, -2, 0, 1], [2, 1, 1, 2, -3, -4, -2, 1, 1, 0, 6, 1, 6, 5, 2, 1, 2, 2, -2, -2, 0, 1], [-1, 0, 0, 0, -2, -2, -2, 0, 0, 0, 2, 0, 2, 1, 0, 0, 0, 1, -1, -1, 0, 0], [-1, 1, 1, -1, 1, 1, 0, -4, 0, 1, -3, -3, -3, -3, -2, -2, -2, 0, 0, 0, 0, 0], [-3, -1, -1, -2, 1, 1, 0, 0, -2, 0, -4, -1, -4, -4, -2, -1, -2, -1, 1, 1, 0, -1], [-2, -1, -1, 0, 0, 0, 0, 1, 0, -2, 0, 1, 0, 0, 0, 0, -1, 0, 0, 0, 1, 0], [-7, -2, -2, -6, 6, 6, 2, -3, -4, 0, -14, -3, -13, -12, -6, -3, -5, -6, 3, 3, -1, -4], [-1, 1, 1, -1, 1, 1, 0, -3, -1, 1, -3, -4, -3, -3, -2, -2, -2, 0, 0, 0, 0, 0], [-7, -2, -2, -6, 6, 6, 2, -3, -4, 0, -13, -3, -14, -12, -6, -3, -5, -6, 3, 3, -1, -4], [-7, -2, -2, -5, 5, 5, 1, -3, -4, 0, -12, -3, -12, -12, -6, -3, -6, -4, 3, 3, 0, -3], [-4, -1, -1, -3, 2, 2, 0, -2, -2, 0, -6, -2, -6, -6, -4, -2, -3, -2, 1, 1, 0, -2], [-2, 0, 0, -1, 1, 1, 0, -2, -1, 0, -3, -2, -3, -3, -2, -2, -2, -1, 0, 0, 0, -1], [-4, -1, -1, -2, 2, 2, 0, -2, -2, -1, -5, -2, -5, -6, -3, -2, -4, -1, 1, 1, 1, -1], [-4, -1, -1, -3, 2, 2, 1, 0, -1, 0, -6, 0, -6, -4, -2, -1, -1, -4, 1, 1, -1, -2], [1, 1, 1, 1, -2, -2, -1, 0, 1, 0, 3, 0, 3, 3, 1, 0, 1, 1, -2, -1, 0, 1], [1, 1, 1, 1, -2, -2, -1, 0, 1, 0, 3, 0, 3, 3, 1, 0, 1, 1, -1, -2, 0, 1], [0, 0, 0, -1, 0, 0, 0, 0, 0, 1, -1, 0, -1, 0, 0, 0, 1, -1, 0, 0, -2, -1], [-3, -1, -1, -2, 1, 1, 0, 0, -1, 0, -4, 0, -4, -3, -2, -1, -1, -2, 1, 1, -1, -2]]

Basis of the generic Picard lattice:
[1, 0, 0, 0, 0, 0, 0, 0, 0, 0, 0, 0, 4, 1, 0, -4, -3, -3, 3, 3, 0, 0]
[0, 1, 0, 0, 0, 0, 0, 0, 0, 0, 0, 0, 6, 0, 0, -4, -4, -3, 5, 3, -1, 1]
[0, 0, 1, 0, 0, 0, 0, 0, 0, 0, 0, 0, 6, 0, 0, -4, -4, -3, 4, 4, -1, 1]
[0, 0, 0, 1, 0, 0, 0, 0, 0, 0, 0, 0, 3, -1, 0, -2, -1, -2, 2, 1, -1, 1]
[0, 0, 0, 0, 1, 0, 0, 0, 0, 0, 0, 0, 4, 0, 0, -3, -2, -2, 3, 1, -1, 1]
[0, 0, 0, 0, 0, 1, 0, 0, 0, 0, 0, 0, 4, 0, 0, -3, -2, -2, 2, 2, -1, 1]
[0, 0, 0, 0, 0, 0, 1, 0, 0, 0, 0, 0, 0, 0, 0, 0, 0, 0, 0, -1, -1, 0]
[0, 0, 0, 0, 0, 0, 0, 1, 0, 0, 0, 0, 5, 0, 0, -3, -5, -2, 4, 2, -2, 1]
[0, 0, 0, 0, 0, 0, 0, 0, 1, 0, 0, 0, 6, 0, 0, -3, -6, -3, 5, 2, -3, 2]
[0, 0, 0, 0, 0, 0, 0, 0, 0, 1, 0, 0, 5, 1, 0, -3, -5, -3, 4, 3, -1, 1]
[0, 0, 0, 0, 0, 0, 0, 0, 0, 0, 1, 0, 1, -1, 0, -1, 0, -1, 1, 1, 0, 0]
[0, 0, 0, 0, 0, 0, 0, 0, 0, 0, 0, 1, 3, 1, 0, -2, -5, -1, 3, 1, -2, 1]
[0, 0, 0, 0, 0, 0, 0, 0, 0, 0, 0, 0, 8, 0, 0, -5, -6, -4, 6, 4, -2, 2]
[0, 0, 0, 0, 0, 0, 0, 0, 0, 0, 0, 0, 0, 0, 1, 0, -1, 0, 1, -1, -1, 0]

Class of hyperplane section:
[-1, 0, 0, 0, 1, 1, 0, 0, -1, 3, 0, 1, 0, 3, 0, 0, -3, 0, 0, 0, 0, 0]

Action of the group on homology:
[[1, 0, 0, 0, 0, 0, 0, 0, 1, 0, 1, 1, 0, 1, 1, 0, 1, 0, 0, 0, 0, 1], [0, 0, 0, -1, 1, 1, 1, 0, 0, 0, -2, 1, -2, -1, 0, 0, 0, -1, 1, 1, -1, 0], [0, 0, 0, -1, 1, 1, 1, 0, 0, 0, -2, 1, -2, -1, -1, 0, 0, -1, 1, 1, 0, 0], [0, -1, -1, 0, 1, 1, 1, 1, 0, -1, -1, 1, -1, 0, 0, 0, 0, 0, 1, 1, 0, 0], [-1, 0, 0, -1, 1, 1, 0, -1, -2, 0, -3, -1, -2, -3, -2, 0, -2, -1, 0, 1, 0, -1], [-1, 0, 0, -1, 1, 1, 0, -1, -2, 0, -3, -1, -2, -3, -2, 0, -2, -1, 1, 0, 0, -1], [0, 1, 1, 2, -2, -2, -1, 0, 0, 0, 4, -2, 4, 2, 1, 0, 0, 2, -2, -2, 1, 0], [0, 0, 0, -1, 1, 1, 1, 0, 0, 0, -2, 1, -2, -1, 0, 0, 0, -1, 1, 1, 0, 1], [0, 0, 0, -1, 1, 1, 1, 0, 1, 0, -1, 1, -2, 0, 1, 0, 1, -1, 1, 1, 0, 1], [-2, 0, 0, 0, -1, -1, -2, -1, -2, 0, 0, -2, 1, -2, -2, 0, -3, 1, -1, -1, 1, -1], [0, 1, 1, 1, -1, -1, -1, -1, -1, 0, 2, -2, 2, 0, 0, 0, -1, 1, -1, -1, 1, 0], [0, 0, 0, 0, 0, 0, 0, 0, -1, 0, -1, 0, 0, -1, -1, 0, -1, 0, 0, 0, 0, -1], [-2, 0, 0, -1, 0, 0, -1, 0, -2, 0, -1, -1, -1, -2, -1, 0, -1, -1, 0, 0, 0, -1], [-2, 0, 0, 0, -1, -1, -2, -1, -1, 0, 0, -1, 0, -1, -2, 0, -2, 0, -1, -1, 0, -1], [0, 0, -1, 0, 0, 0, 0, 0, 1, 0, 0, 1, 0, 0, 0, 0, 0, 0, 0, 0, 0, 0], [2, 0, 0, 1, 0, 0, 1, 1, 2, 0, 2, 1, 2, 3, 2, 1, 2, 1, 0, 0, 0, 1], [2, -1, 0, 0, 1, 1, 2, 1, 1, 0, -1, 1, 0, 1, 1, 0, 2, 0, 1, 1, -1, 0], [2, 0, 0, 0, 1, 1, 2, 0, 1, 1, -2, 1, -1, 0, 0, 0, 1, 0, 1, 1, -1, 0], [-1, 0, 0, 0, -1, 0, -1, 0, 0, 0, 1, 0, 0, 0, 0, 0, 0, 0, 0, 0, 0, 0], [-1, 0, 0, 0, 0, -1, -1, 0, 0, 0, 1, 0, 0, 0, 0, 0, 0, 0, 0, 0, 0, 0], [0, -1, 0, 0, 0, 0, 0, 0, 1, 0, 0, 1, 0, 0, 0, 0, 0, 0, 0, 0, 0, 0], [0, 0, 0, 0, 0, 0, 0, 1, -1, 0, 0, -1, 0, 0, 0, 0, 0, 0, 0, 0, 0, 0]]
[[1, 0, 0, 3, -1, -1, 0, 0, 1, -1, 4, 0, 4, 2, 2, 0, 0, 2, -1, -1, 2, 0], [2, 1, 1, 1, -1, -1, 0, -1, 1, 1, 2, -1, 2, 2, 0, 0, 1, 1, -1, -1, 0, 0], [2, 1, 1, 1, -1, -1, 0, -1, 1, 1, 2, -1, 2, 2, 1, 0, 1, 1, -1, -1, -1, 0], [1, 0, 0, 1, -1, -1, 0, 1, 1, 0, 2, 1, 2, 2, 1, 0, 1, 0, -1, -1, 0, 0], [-1, 0, 0, -1, 0, 0, 0, 0, 0, 1, -2, 0, -2, -1, -1, 0, 0, -1, 1, 0, -1, 0], [-1, 0, 0, -1, 0, 0, 0, 0, 0, 1, -2, 0, -2, -1, -1, 0, 0, -1, 0, 1, -1, 0], [-2, 0, 0, -4, 1, 1, -1, 0, -2, 0, -4, 0, -4, -2, -2, 0, 0, -2, 1, 1, -2, 0], [2, 1, 1, 2, -1, -1, 0, -1, 1, 1, 2, -1, 3, 2, 1, 0, 1, 1, -1, -1, 0, 0], [3, 1, 1, 3, -1, -1, 0, -1, 1, 1, 4, -1, 4, 2, 2, 0, 1, 2, -1, -1, 1, 0], [-4, -1, -1, -3, 2, 2, 0, 0, -1, 0, -6, 0, -6, -4, -3, 0, -2, -2, 2, 2, -1, 0], [-1, 0, 0, -2, 1, 1, 0, -1, 0, 1, -3, 0, -3, -2, -1, 0, 0, -1, 1, 1, -1, 0], [-1, 0, 0, -1, 0, 0, 0, 0, 0, 0, -1, 0, -2, 0, -1, 0, 0, -1, 0, 0, -1, 0], [-1, 0, 0, -2, 1, 1, 0, 0, -1, 1, -3, -1, -3, -2, -1, 0, 0, -1, 1, 1, -1, 0], [-3, -1, -1, -1, 1, 1, 0, 0, -1, -1, -3, 0, -3, -3, -2, 0, -3, 0, 1, 1, 1, 0], [0, -1, 0, 1, 0, 0, 0, 0, 0, -1, 1, 0, 1, 0, 0, 0, -1, 1, 0, 0, 1, 0], [0, 0, 0, 0, 0, 0, 0, 0, 0, 0, 0, 0, 0, 0, 0, -1, 0, 0, 0, 0, 0, 0], [2, 1, 0, 0, -1, -1, 0, 1, 0, 0, 2, 1, 2, 2, 1, 0, 2, -1, -1, -1, -1, 0], [1, 1, 1, 0, -1, -1, 0, 0, 0, 0, 1, 0, 1, 2, 0, 0, 1, -1, -1, -1, -1, 0], [0, 0, 0, 0, 1, 0, 0, -1, 0, 0, 0, -1, 0, -1, 0, 0, -1, 1, 0, 0, 1, 0], [0, 0, 0, 0, 0, 1, 0, -1, 0, 0, 0, -1, 0, -1, 0, 0, -1, 1, 0, 0, 1, 0], [0, 0, -1, 1, 0, 0, 0, 0, 0, -1, 1, 0, 1, 0, 0, 0, -1, 1, 0, 0, 1, 0], [-2, -1, -1, -2, 1, 1, 0, 1, -1, 0, -3, 1, -3, -2, -1, 0, 0, -2, 1, 1, -1, -1]]
[[-1, 0, 0, -1, 1, 1, 0, -1, 0, 0, -1, -1, -1, -1, 0, 0, 0, -1, 0, 0, 0, 0], [0, 0, 0, 1, -2, -1, -1, 0, 0, 0, 2, 0, 2, 1, 0, 0, 0, 1, -1, -1, 0, 0], [0, 0, 0, 1, -1, -2, -1, 0, 0, 0, 2, 0, 2, 1, 0, 0, 0, 1, -1, -1, 0, 0], [0, 1, 1, 0, -1, -1, -1, -1, 0, 1, 1, -1, 1, 0, 0, 0, 0, 0, -1, -1, 0, 0], [0, -1, 0, 1, -1, -1, 0, 1, 1, 0, 1, 1, 1, 1, 0, 0, 0, 1, 0, 0, 0, 0], [0, 0, -1, 1, -1, -1, 0, 1, 1, 0, 1, 1, 1, 1, 0, 0, 0, 1, 0, 0, 0, 0], [2, 0, 0, 0, 0, 0, 1, 2, 0, 0, 0, 2, 0, 2, 1, 0, 2, 0, 1, 1, -1, 0], [0, 0, 0, 1, -1, -1, -1, -1, 1, 0, 2, 0, 2, 1, 0, 0, 0, 1, -1, -1, 0, 0], [0, 0, 0, 0, 0, 0, -1, -1, 0, 0, 1, -1, 1, 0, 0, 0, 0, 0, -1, -1, 0, 0], [0, -1, -1, 1, 1, 1, 2, 2, 1, 0, -2, 2, -2, 0, 0, 0, 0, 0, 2, 2, 0, 0], [1, -1, -1, 1, 0, 0, 1, 2, 1, 0, 0, 2, 1, 1, 1, 0, 1, 1, 1, 1, 0, 0], [0, 0, 0, 1, -1, -1, 0, 1, 0, 0, 1, 0, 1, 1, 0, 0, 0, 1, 0, 0, 0, 0], [1, -1, -1, 1, 0, 0, 1, 2, 1, 0, 1, 2, 0, 1, 1, 0, 1, 1, 1, 1, 0, 0], [-1, -1, -1, -1, 2, 2, 2, 1, 0, 0, -4, 1, -4, -2, -1, 0, -1, -1, 2, 2, 0, 0], [-1, 0, 0, -1, 1, 1, 0, -1, -1, 0, -2, -1, -2, -2, -1, 0, -1, -1, 1, 0, 0, 0], [-1, 1, 1, -1, 0, 0, -1, -2, -1, 0, -1, -2, -1, -1, -1, -1, -1, -1, -1, -1, 0, 0], [1, 2, 2, 0, -2, -2, -2, -2, -1, 0, 3, -2, 3, 1, 0, 0, 0, 0, -3, -2, 0, 0], [-1, 1, 1, 0, -2, -2, -2, -1, -1, -1, 2, -1, 2, 1, -1, 0, -1, 0, -2, -2, 0, 0], [0, -1, -1, 0, 1, 1, 1, 1, 0, 0, -1, 1, -1, -1, 1, 0, 0, 0, 1, 1, 0, 0], [0, -1, -1, 0, 1, 1, 1, 1, 0, 0, -1, 1, -1, -1, 0, 0, 0, 0, 1, 1, 1, 0], [-1, 0, 0, -1, 1, 1, 0, -1, -1, 0, -2, -1, -2, -2, -1, 0, -1, -1, 0, 1, 0, 0], [0, 0, 0, 0, 0, 0, 0, 0, 0, 0, 0, 0, 0, 0, 0, 0, 0, 0, 0, 0, 0, -1]]

####################
# ALGEBRAIC CURVES #
####################


There are 176 conics:
[0, 0, 0, 1, 0, 0, 0, 0, -1, 0, -1, 1, -1, 1, 0, 0, 0, 1, -1, -1, 0, 0]
[-1, 0, 0, -1, 1, 1, 0, 0, 0, 3, 1, 0, 1, 2, 0, 0, -3, -1, 1, 1, 0, 0]
[1, 0, 0, 0, 0, 0, -2, 0, 1, 1, 0, 0, -1, 2, 1, 0, -3, -1, 1, 1, 1, -1]
[-2, 0, 0, 0, 1, 1, 2, 0, -2, 2, 0, 1, 1, 1, -1, 0, 0, 1, -1, -1, -1, 1]
[1, -1, -1, 0, 0, 0, -2, 0, 1, 1, -1, -1, -1, 2, 1, 1, -2, -1, 0, 0, 1, 0]
[-2, 1, 1, 0, 1, 1, 2, 0, -2, 2, 1, 2, 1, 1, -1, -1, -1, 1, 0, 0, -1, 0]
[0, -1, 0, 0, 1, 0, -1, 0, 0, 2, 0, 0, 0, 2, 0, 0, -2, -1, 0, 1, 1, 0]
[-1, 1, 0, 0, 0, 1, 1, 0, -1, 1, 0, 1, 0, 1, 0, 0, -1, 1, 0, -1, -1, 0]
[0, -1, -1, 0, 0, 0, 0, -1, -1, 3, 0, 0, 0, 3, 1, 0, -3, -2, 1, 1, 1, 0]
[-1, 1, 1, 0, 1, 1, 0, 1, 0, 0, 0, 1, 0, 0, -1, 0, 0, 2, -1, -1, -1, 0]
[0, -1, -1, -1, 1, 1, 0, 0, 0, 3, 1, 0, 1, 3, 0, -1, -4, -2, 1, 1, 0, 0]
[-1, 1, 1, 1, 0, 0, 0, 0, -1, 0, -1, 1, -1, 0, 0, 1, 1, 2, -1, -1, 0, 0]
[0, 0, 0, 0, -1, -1, 2, 0, 0, 0, 0, 0, 0, 0, -1, 1, -1, 0, 0, 0, -1, 0]
[-1, 0, 0, 0, 2, 2, -2, 0, -1, 3, 0, 1, 0, 3, 1, -1, -2, 0, 0, 0, 1, 0]
[0, 0, 0, 0, 1, 1, -2, 1, 0, 2, 0, 0, -1, 2, 1, 0, -2, 0, 0, 0, 1, -1]
[-1, 0, 0, 0, 0, 0, 2, -1, -1, 1, 0, 1, 1, 1, -1, 0, -1, 0, 0, 0, -1, 1]
[0, -1, 0, 0, 0, 1, -1, 0, 0, 2, 0, 0, 0, 2, 1, 0, -3, -1, 0, 1, 0, 0]
[-1, 1, 0, 0, 1, 0, 1, 0, -1, 1, 0, 1, 0, 1, -1, 0, 0, 1, 0, -1, 0, 0]
[0, -1, 0, 0, 1, 0, -1, 0, 0, 2, 0, 0, 0, 2, 1, 0, -3, -1, 1, 0, 0, 0]
[-1, 1, 0, 0, 0, 1, 1, 0, -1, 1, 0, 1, 0, 1, -1, 0, 0, 1, -1, 0, 0, 0]
[0, 1, 1, 0, 0, 0, 0, 1, 0, 0, -1, 0, 0, 1, 0, 0, -1, 1, 0, 0, 0, -1]
[-1, -1, -1, 0, 1, 1, 0, -1, -1, 3, 1, 1, 0, 2, 0, 0, -2, -1, 0, 0, 0, 1]
[0, -1, -1, -1, 0, 0, 0, -1, -1, 2, 0, 0, 0, 3, 1, 0, -3, -1, 1, 1, 1, 0]
[-1, 1, 1, 1, 1, 1, 0, 1, 0, 1, 0, 1, 0, 0, -1, 0, 0, 1, -1, -1, -1, 0]
[0, 0, 0, 1, 1, 1, -2, 1, 1, 2, 0, 0, 0, 1, 0, 0, -2, -1, 0, 0, 0, 0]
[-1, 0, 0, -1, 0, 0, 2, -1, -2, 1, 0, 1, 0, 2, 0, 0, -1, 1, 0, 0, 0, 0]
[1, 0, 0, 0, 0, 0, -2, 1, 1, 1, -1, -1, 0, 2, 1, 0, -3, -1, 1, 1, 1, -1]
[-2, 0, 0, 0, 1, 1, 2, -1, -2, 2, 1, 2, 0, 1, -1, 0, 0, 1, -1, -1, -1, 1]
[0, 0, -1, 0, 0, 1, -1, 0, 0, 2, 0, 0, 0, 2, 0, 0, -2, -1, 0, 1, 1, 0]
[-1, 0, 1, 0, 1, 0, 1, 0, -1, 1, 0, 1, 0, 1, 0, 0, -1, 1, 0, -1, -1, 0]
[0, 0, -1, 0, 1, 0, -1, 0, 0, 2, 0, 0, 0, 2, 0, 0, -2, -1, 1, 0, 1, 0]
[-1, 0, 1, 0, 0, 1, 1, 0, -1, 1, 0, 1, 0, 1, 0, 0, -1, 1, -1, 0, -1, 0]
[0, -1, -1, 0, 0, 0, 0, -1, 0, 2, 0, 0, 1, 2, 0, 0, -3, -2, 1, 1, 0, 1]
[-1, 1, 1, 0, 1, 1, 0, 1, -1, 1, 0, 1, -1, 1, 0, 0, 0, 2, -1, -1, 0, -1]
[1, -1, -1, 0, -1, -1, 0, 0, 1, 1, 0, -1, 0, 1, 0, 1, -3, -2, 1, 1, 0, 0]
[-2, 1, 1, 0, 2, 2, 0, 0, -2, 2, 0, 2, 0, 2, 0, -1, 0, 2, -1, -1, 0, 0]
[0, 0, 0, 1, 0, 0, -2, 0, 0, 1, -1, 0, -1, 1, 1, 1, -1, 0, 0, 0, 1, 0]
[-1, 0, 0, -1, 1, 1, 2, 0, -1, 2, 1, 1, 1, 2, -1, -1, -2, 0, 0, 0, -1, 0]
[0, 0, 0, 0, 1, 1, -2, 1, 1, 1, 0, 0, 0, 1, 0, 0, -2, 0, 0, 0, 0, 0]
[-1, 0, 0, 0, 0, 0, 2, -1, -2, 2, 0, 1, 0, 2, 0, 0, -1, 0, 0, 0, 0, 0]
[0, 0, -1, 0, 0, 1, -1, 0, 0, 2, 0, 0, 0, 2, 1, 0, -3, -1, 1, 0, 0, 0]
[-1, 0, 1, 0, 1, 0, 1, 0, -1, 1, 0, 1, 0, 1, -1, 0, 0, 1, -1, 0, 0, 0]
[0, 0, 0, 0, 0, 0, 0, 0, 0, 0, -1, 0, -1, 1, 0, 1, 0, 1, -1, -1, 0, 0]
[-1, 0, 0, 0, 1, 1, 0, 0, -1, 3, 1, 1, 1, 2, 0, -1, -3, -1, 1, 1, 0, 0]
[0, 1, 1, 0, 0, 0, 0, 0, 0, 0, 0, 1, -1, 1, 0, 0, -1, 1, 0, 0, 0, -1]
[-1, -1, -1, 0, 1, 1, 0, 0, -1, 3, 0, 0, 1, 2, 0, 0, -2, -1, 0, 0, 0, 1]
[1, -1, -1, 1, 0, 0, -2, 0, 0, 1, -1, 0, -1, 2, 1, 0, -2, -1, 0, 0, 1, 0]
[-2, 1, 1, -1, 1, 1, 2, 0, -1, 2, 1, 1, 1, 1, -1, 0, -1, 1, 0, 0, -1, 0]
[0, 0, 0, 1, 0, 0, -1, 1, 0, 0, -1, 0, -1, 0, 0, 1, 0, 1, -1, -1, 0, 0]
[-1, 0, 0, -1, 1, 1, 1, -1, -1, 3, 1, 1, 1, 3, 0, -1, -3, -1, 1, 1, 0, 0]
[0, 0, 0, -1, 0, 0, 1, 0, 0, 2, 1, 0, 0, 2, 0, 0, -3, -1, 1, 1, 0, -1]
[-1, 0, 0, 1, 1, 1, -1, 0, -1, 1, -1, 1, 0, 1, 0, 0, 0, 1, -1, -1, 0, 1]
[0, -1, -1, 0, 0, 0, 1, 0, 0, 1, 0, 0, 1, 1, -1, 0, -2, -1, 0, 0, -1, 1]
[-1, 1, 1, 0, 1, 1, -1, 0, -1, 2, 0, 1, -1, 2, 1, 0, -1, 1, 0, 0, 1, -1]
[0, -1, -1, 1, -1, -1, 1, -1, -1, 1, -1, 0, 0, 1, 0, 1, -1, -1, 0, 0, 0, 1]
[-1, 1, 1, -1, 2, 2, -1, 1, 0, 2, 1, 1, 0, 2, 0, -1, -2, 1, 0, 0, 0, -1]
[0, 0, -1, 0, 0, 0, 0, 0, -1, 1, -1, 0, 0, 2, 0, 0, -1, 0, 0, 0, 1, 0]
[-1, 0, 1, 0, 1, 1, 0, 0, 0, 2, 1, 1, 0, 1, 0, 0, -2, 0, 0, 0, -1, 0]
[0, 0, 1, -1, 0, 0, 0, 0, 0, 1, 0, 0, 0, 2, 1, 0, -3, 0, 1, 1, 0, -1]
[-1, 0, -1, 1, 1, 1, 0, 0, -1, 2, 0, 1, 0, 1, -1, 0, 0, 0, -1, -1, 0, 1]
[0, 0, 0, 1, 1, 0, -1, 1, 0, 1, -1, 0, 0, 1, 0, 0, -1, 0, 0, -1, 0, 0]
[-1, 0, 0, -1, 0, 1, 1, -1, -1, 2, 1, 1, 0, 2, 0, 0, -2, 0, 0, 1, 0, 0]
[0, 0, 0, 1, 0, 1, -1, 1, 0, 1, -1, 0, 0, 1, 0, 0, -1, 0, -1, 0, 0, 0]
[-1, 0, 0, -1, 1, 0, 1, -1, -1, 2, 1, 1, 0, 2, 0, 0, -2, 0, 1, 0, 0, 0]
[0, 1, 1, 0, 0, 1, -1, 1, 1, 1, 0, 0, 0, 1, 0, 0, -2, 0, 0, 1, 0, -1]
[-1, -1, -1, 0, 1, 0, 1, -1, -2, 2, 0, 1, 0, 2, 0, 0, -1, 0, 0, -1, 0, 1]
[0, 1, 1, 0, 1, 0, -1, 1, 1, 1, 0, 0, 0, 1, 0, 0, -2, 0, 1, 0, 0, -1]
[-1, -1, -1, 0, 0, 1, 1, -1, -2, 2, 0, 1, 0, 2, 0, 0, -1, 0, -1, 0, 0, 1]
[0, -1, 0, 0, 0, 0, 0, 0, -1, 1, -1, 0, 0, 2, 1, 0, -2, 0, 0, 0, 0, 0]
[-1, 1, 0, 0, 1, 1, 0, 0, 0, 2, 1, 1, 0, 1, -1, 0, -1, 0, 0, 0, 0, 0]
[0, 1, 0, -1, 0, 0, 0, 0, 0, 1, 0, 0, 0, 2, 0, 0, -2, 0, 1, 1, 1, -1]
[-1, -1, 0, 1, 1, 1, 0, 0, -1, 2, 0, 1, 0, 1, 0, 0, -1, 0, -1, -1, -1, 1]
[0, 0, 0, 0, -1, -1, 1, -1, 0, 1, 0, 0, 0, 1, 0, 1, -2, -1, 1, 1, 0, 0]
[-1, 0, 0, 0, 2, 2, -1, 1, -1, 2, 0, 1, 0, 2, 0, -1, -1, 1, -1, -1, 0, 0]
[0, 0, 0, -1, 0, 0, 1, 0, 1, 1, 1, 0, 1, 1, -1, 0, -3, -1, 1, 1, -1, 0]
[-1, 0, 0, 1, 1, 1, -1, 0, -2, 2, -1, 1, -1, 2, 1, 0, 0, 1, -1, -1, 1, 0]
[0, -1, -1, 0, 0, 0, 1, 0, -1, 2, 0, 0, 0, 2, 0, 0, -2, -1, 0, 0, 0, 0]
[-1, 1, 1, 0, 1, 1, -1, 0, 0, 1, 0, 1, 0, 1, 0, 0, -1, 1, 0, 0, 0, 0]
[0, 1, 1, 0, 0, 0, -1, 1, 1, 0, 0, 0, -1, 0, 0, 1, -1, 1, 0, 0, 0, -1]
[-1, -1, -1, 0, 1, 1, 1, -1, -2, 3, 0, 1, 1, 3, 0, -1, -2, -1, 0, 0, 0, 1]
[0, -1, 0, 0, 1, 0, 0, 0, 0, 2, 0, 0, 0, 2, 0, 0, -2, -1, 0, 0, 0, 0]
[-1, 1, 0, 0, 0, 1, 0, 0, -1, 1, 0, 1, 0, 1, 0, 0, -1, 1, 0, 0, 0, 0]
[0, -1, -1, -1, 0, 0, 1, -1, -1, 2, 0, 0, 0, 3, 0, 0, -2, -1, 0, 1, 1, 0]
[-1, 1, 1, 1, 1, 1, -1, 1, 0, 1, 0, 1, 0, 0, 0, 0, -1, 1, 0, -1, -1, 0]
[0, 0, 1, 0, 1, 1, -2, 1, 0, 1, -1, 0, -1, 2, 1, 0, -1, 1, -1, 0, 1, -1]
[-1, 0, -1, 0, 0, 0, 2, -1, -1, 2, 1, 1, 1, 1, -1, 0, -2, -1, 1, 0, -1, 1]
[0, 0, 0, 0, -1, 0, 1, 0, 0, 1, 0, 0, 1, 1, 0, 0, -3, -1, 1, 1, -1, 0]
[-1, 0, 0, 0, 2, 1, -1, 0, -1, 2, 0, 1, -1, 2, 0, 0, 0, 1, -1, -1, 1, 0]
[0, 1, 0, 0, 0, 0, 0, 1, 0, 1, 0, 0, 0, 1, 0, 0, -2, 0, 1, 0, 0, -1]
[-1, -1, 0, 0, 1, 1, 0, -1, -1, 2, 0, 1, 0, 2, 0, 0, -1, 0, -1, 0, 0, 1]
[0, -1, 0, 0, 0, -1, 0, -1, -1, 1, -1, 0, -1, 2, 1, 1, -1, 0, 0, 0, 1, 0]
[-1, 1, 0, 0, 1, 2, 0, 1, 0, 2, 1, 1, 1, 1, -1, -1, -2, 0, 0, 0, -1, 0]
[0, -1, 0, -1, 1, 0, 0, 0, 0, 1, 0, 0, 0, 2, 0, 0, -2, 0, 0, 0, 0, 0]
[-1, 1, 0, 1, 0, 1, 0, 0, -1, 2, 0, 1, 0, 1, 0, 0, -1, 0, 0, 0, 0, 0]
[0, -1, 0, 0, 0, 0, 0, 0, 0, 1, 0, 0, -1, 1, 0, 1, -1, 0, -1, 0, 0, 0]
[-1, 1, 0, 0, 1, 1, 0, 0, -1, 2, 0, 1, 1, 2, 0, -1, -2, 0, 1, 0, 0, 0]
[0, 0, 0, 0, 1, 0, -1, 0, 0, 1, -1, 0, 0, 2, 0, 0, -1, 0, 0, 0, 1, 0]
[-1, 0, 0, 0, 0, 1, 1, 0, -1, 2, 1, 1, 0, 1, 0, 0, -2, 0, 0, 0, -1, 0]
[0, 0, 0, 1, 0, 0, -1, 0, 0, 1, -1, 0, -1, 1, 0, 1, 0, 0, -1, 0, 1, 0]
[-1, 0, 0, -1, 1, 1, 1, 0, -1, 2, 1, 1, 1, 2, 0, -1, -3, 0, 1, 0, -1, 0]
[0, 0, 0, 0, 1, 1, -1, 1, 1, 1, 0, 0, 0, 1, -1, 0, -1, 0, -1, 0, 0, 0]
[-1, 0, 0, 0, 0, 0, 1, -1, -2, 2, 0, 1, 0, 2, 1, 0, -2, 0, 1, 0, 0, 0]
[1, 0, 0, 0, 0, -1, -1, 1, 1, 0, -1, -1, -1, 1, 0, 1, -1, 0, 0, 0, 1, -1]
[-2, 0, 0, 0, 1, 2, 1, -1, -2, 3, 1, 2, 1, 2, 0, -1, -2, 0, 0, 0, -1, 1]
[1, -1, 0, 0, -1, -1, 0, 0, 1, 0, -1, -1, 0, 1, 0, 1, -2, -1, 0, 1, 0, 0]
[-2, 1, 0, 0, 2, 2, 0, 0, -2, 3, 1, 2, 0, 2, 0, -1, -1, 1, 0, -1, 0, 0]
[0, -1, -1, 0, 0, -1, 1, -1, 0, 1, 0, 0, 0, 1, -1, 1, -1, -1, 0, 0, 0, 1]
[-1, 1, 1, 0, 1, 2, -1, 1, -1, 2, 0, 1, 0, 2, 1, -1, -2, 1, 0, 0, 0, -1]
[0, 0, 1, 1, 1, 0, -2, 1, 1, 0, -1, 0, -1, 0, 0, 1, 0, 1, -1, -1, 0, 0]
[-1, 0, -1, -1, 0, 1, 2, -1, -2, 3, 1, 1, 1, 3, 0, -1, -3, -1, 1, 1, 0, 0]
[0, 0, 0, 0, 0, 0, -1, 0, 0, 0, -1, 0, -1, 1, 0, 1, 0, 1, -1, 0, 1, 0]
[-1, 0, 0, 0, 1, 1, 1, 0, -1, 3, 1, 1, 1, 2, 0, -1, -3, -1, 1, 0, -1, 0]
[1, 0, 0, 1, -1, -1, -1, 0, 1, -1, -1, 0, -1, 0, 0, 1, -1, 0, 0, 0, 0, 0]
[-2, 0, 0, -1, 2, 2, 1, 0, -2, 4, 1, 1, 1, 3, 0, -1, -2, 0, 0, 0, 0, 0]
[0, 0, 0, 0, 1, 1, -1, 0, -1, 2, 0, 1, -1, 3, 1, -1, -2, 0, 0, 0, 1, -1]
[-1, 0, 0, 0, 0, 0, 1, 0, 0, 1, 0, 0, 1, 0, -1, 1, -1, 0, 0, 0, -1, 1]
[0, -1, -1, -1, 0, 0, 1, -1, -1, 2, 0, 0, 0, 3, 1, 0, -3, -1, 1, 0, 0, 0]
[-1, 1, 1, 1, 1, 1, -1, 1, 0, 1, 0, 1, 0, 0, -1, 0, 0, 1, -1, 0, 0, 0]
[0, 1, 0, 1, 0, 1, -2, 1, 1, 0, -1, 0, -1, 0, 0, 1, 0, 1, -1, -1, 0, 0]
[-1, -1, 0, -1, 1, 0, 2, -1, -2, 3, 1, 1, 1, 3, 0, -1, -3, -1, 1, 1, 0, 0]
[0, 0, 0, 0, 0, -1, 1, 0, 0, 1, 0, 0, 1, 1, -1, 0, -2, -1, 1, 1, 0, 0]
[-1, 0, 0, 0, 1, 2, -1, 0, -1, 2, 0, 1, -1, 2, 1, 0, -1, 1, -1, -1, 0, 0]
[1, 0, -1, 0, -1, -1, 0, 0, 1, 0, -1, -1, 0, 1, 0, 1, -2, -1, 1, 0, 0, 0]
[-2, 0, 1, 0, 2, 2, 0, 0, -2, 3, 1, 2, 0, 2, 0, -1, -1, 1, -1, 0, 0, 0]
[1, 1, 0, 1, 0, 0, -2, 1, 1, 0, -1, 0, -1, 1, 0, 0, -1, 0, 0, 0, 1, -1]
[-2, -1, 0, -1, 1, 1, 2, -1, -2, 3, 1, 1, 1, 2, 0, 0, -2, 0, 0, 0, -1, 1]
[0, -1, 0, 0, 0, 0, 0, -1, -1, 1, 0, 1, -1, 2, 1, 0, -2, 0, 0, 0, 0, 0]
[-1, 1, 0, 0, 1, 1, 0, 1, 0, 2, 0, 0, 1, 1, -1, 0, -1, 0, 0, 0, 0, 0]
[0, 0, -1, 0, 0, 1, 0, 0, 0, 2, 0, 0, 0, 2, 0, 0, -2, -1, 0, 0, 0, 0]
[-1, 0, 1, 0, 1, 0, 0, 0, -1, 1, 0, 1, 0, 1, 0, 0, -1, 1, 0, 0, 0, 0]
[0, 0, 0, 0, 0, 0, -1, 0, 0, 0, -1, 0, -1, 1, 1, 1, -1, 1, 0, -1, 0, 0]
[-1, 0, 0, 0, 1, 1, 1, 0, -1, 3, 1, 1, 1, 2, -1, -1, -2, -1, 0, 1, 0, 0]
[0, 1, 1, 1, 1, 1, -3, 1, 0, 0, -1, 1, -2, 1, 1, 0, 0, 2, -1, -1, 1, -1]
[-1, -1, -1, -1, 0, 0, 3, -1, -1, 3, 1, 0, 2, 2, -1, 0, -3, -2, 1, 1, -1, 1]
[1, -1, -1, 0, -1, -1, 1, -1, 0, 1, 0, 0, 0, 2, 0, 0, -3, -2, 1, 1, 0, 0]
[-2, 1, 1, 0, 2, 2, -1, 1, -1, 2, 0, 1, 0, 1, 0, 0, 0, 2, -1, -1, 0, 0]
[0, 1, 0, 0, 1, 1, -2, 1, 0, 1, -1, 0, -1, 2, 1, 0, -1, 1, 0, -1, 1, -1]
[-1, -1, 0, 0, 0, 0, 2, -1, -1, 2, 1, 1, 1, 1, -1, 0, -2, -1, 0, 1, -1, 1]
[0, -1, -1, 0, -1, 0, 1, -1, 0, 1, 0, 0, 0, 1, 0, 1, -2, -1, 0, 0, -1, 1]
[-1, 1, 1, 0, 2, 1, -1, 1, -1, 2, 0, 1, 0, 2, 0, -1, -1, 1, 0, 0, 1, -1]
[1, 0, 0, 0, 0, 0, -1, 1, 1, 0, 0, 0, -1, 1, 0, 0, -2, 0, 0, 0, 0, -1]
[-2, 0, 0, 0, 1, 1, 1, -1, -2, 3, 0, 1, 1, 2, 0, 0, -1, 0, 0, 0, 0, 1]
[0, 0, 0, 1, 0, 0, -1, -1, -1, 1, -1, 1, -1, 2, 1, 0, -1, 0, 0, 0, 1, 0]
[-1, 0, 0, -1, 1, 1, 1, 1, 0, 2, 1, 0, 1, 1, -1, 0, -2, 0, 0, 0, -1, 0]
[0, 0, 0, 0, 0, 1, -1, 0, 0, 1, -1, 0, 0, 2, 1, 0, -2, 0, 0, 0, 0, 0]
[-1, 0, 0, 0, 1, 0, 1, 0, -1, 2, 1, 1, 0, 1, -1, 0, -1, 0, 0, 0, 0, 0]
[0, 0, 1, 0, 0, 0, 0, 1, 0, 1, 0, 0, 0, 1, 0, 0, -2, 0, 0, 1, 0, -1]
[-1, 0, -1, 0, 1, 1, 0, -1, -1, 2, 0, 1, 0, 2, 0, 0, -1, 0, 0, -1, 0, 1]
[0, 0, 0, 1, 0, 0, -1, 0, 0, 1, -1, 0, -1, 1, 1, 1, -1, 0, 0, -1, 0, 0]
[-1, 0, 0, -1, 1, 1, 1, 0, -1, 2, 1, 1, 1, 2, -1, -1, -2, 0, 0, 1, 0, 0]
[0, 0, -1, 0, -1, 0, 0, -1, -1, 1, -1, 0, -1, 2, 1, 1, -1, 0, 0, 0, 1, 0]
[-1, 0, 1, 0, 2, 1, 0, 1, 0, 2, 1, 1, 1, 1, -1, -1, -2, 0, 0, 0, -1, 0]
[0, 0, -1, 0, 0, 0, 0, 0, 0, 1, 0, 0, -1, 1, 0, 1, -1, 0, 0, -1, 0, 0]
[-1, 0, 1, 0, 1, 1, 0, 0, -1, 2, 0, 1, 1, 2, 0, -1, -2, 0, 0, 1, 0, 0]
[1, 0, 0, 0, -1, 0, -1, 1, 1, 0, -1, -1, -1, 1, 1, 1, -2, 0, 0, 0, 0, -1]
[-2, 0, 0, 0, 2, 1, 1, -1, -2, 3, 1, 2, 1, 2, -1, -1, -1, 0, 0, 0, 0, 1]
[1, 0, 0, 1, -1, -1, -1, 0, 0, 0, -1, 0, -2, 1, 1, 1, -1, 0, 0, 0, 1, -1]
[-2, 0, 0, -1, 2, 2, 1, 0, -1, 3, 1, 1, 2, 2, -1, -1, -2, 0, 0, 0, -1, 1]
[0, 0, 0, 0, 1, 1, -1, 0, 0, 1, 0, 1, 0, 2, 0, -1, -2, 0, 0, 0, 0, 0]
[-1, 0, 0, 0, 0, 0, 1, 0, -1, 2, 0, 0, 0, 1, 0, 1, -1, 0, 0, 0, 0, 0]
[0, 0, -1, -1, 0, 1, 0, 0, 0, 1, 0, 0, 0, 2, 0, 0, -2, 0, 0, 0, 0, 0]
[-1, 0, 1, 1, 1, 0, 0, 0, -1, 2, 0, 1, 0, 1, 0, 0, -1, 0, 0, 0, 0, 0]
[0, 0, 0, 0, 1, 1, -1, 1, 1, 1, 0, 0, 0, 1, 0, 0, -2, 0, 0, -1, -1, 0]
[-1, 0, 0, 0, 0, 0, 1, -1, -2, 2, 0, 1, 0, 2, 0, 0, -1, 0, 0, 1, 1, 0]
[0, 0, -1, 0, 0, 0, 0, -1, -1, 1, 0, 1, -1, 2, 0, 0, -1, 0, 0, 0, 1, 0]
[-1, 0, 1, 0, 1, 1, 0, 1, 0, 2, 0, 0, 1, 1, 0, 0, -2, 0, 0, 0, -1, 0]
[1, 0, 1, 1, 0, 0, -2, 1, 1, 0, -1, 0, -1, 1, 1, 0, -2, 0, 0, 0, 0, -1]
[-2, 0, -1, -1, 1, 1, 2, -1, -2, 3, 1, 1, 1, 2, -1, 0, -1, 0, 0, 0, 0, 1]
[1, 0, 0, 0, 0, -1, -1, 0, 0, 0, -1, 0, -1, 2, 1, 0, -2, 0, 1, 0, 1, -1]
[-2, 0, 0, 0, 1, 2, 1, 0, -1, 3, 1, 1, 1, 1, -1, 0, -1, 0, -1, 0, -1, 1]
[1, 0, 0, 0, -1, 0, -1, 0, 0, 0, -1, 0, -1, 2, 1, 0, -2, 0, 0, 1, 1, -1]
[-2, 0, 0, 0, 2, 1, 1, 0, -1, 3, 1, 1, 1, 1, -1, 0, -1, 0, 0, -1, -1, 1]
[0, 0, 0, 1, 0, 1, -1, 0, 0, 1, 0, 1, -1, 1, 0, 0, -1, 0, -1, 0, 0, 0]
[-1, 0, 0, -1, 1, 0, 1, 0, -1, 2, 0, 0, 1, 2, 0, 0, -2, 0, 1, 0, 0, 0]
[0, 0, 0, 1, 1, 0, -1, 0, 0, 1, 0, 1, -1, 1, 0, 0, -1, 0, 0, -1, 0, 0]
[-1, 0, 0, -1, 0, 1, 1, 0, -1, 2, 0, 0, 1, 2, 0, 0, -2, 0, 0, 1, 0, 0]

################
# DISCRIMINANT #
################

The discriminant has 4 components of degree 1, 6 components of degree 2, 4 components of degree 3, and 1 component of degree 4:
16*Z[0]*Z[4]*Z[7]*Z[9] - 4*Z[0]*Z[4]*Z[8]^2 - 4*Z[0]*Z[5]^2*Z[9] + 4*Z[0]*Z[5]*Z[6]*Z[8] - 4*Z[0]*Z[6]^2*Z[7] - 4*Z[1]^2*Z[7]*Z[9] + Z[1]^2*Z[8]^2 + 4*Z[1]*Z[2]*Z[5]*Z[9] - 2*Z[1]*Z[2]*Z[6]*Z[8] - 2*Z[1]*Z[3]*Z[5]*Z[8] + 4*Z[1]*Z[3]*Z[6]*Z[7] - 4*Z[2]^2*Z[4]*Z[9] + Z[2]^2*Z[6]^2 + 4*Z[2]*Z[3]*Z[4]*Z[8] - 2*Z[2]*Z[3]*Z[5]*Z[6] - 4*Z[3]^2*Z[4]*Z[7] + Z[3]^2*Z[5]^2
4*Z[0]*Z[4] - Z[1]^2
4*Z[0]*Z[4]*Z[7] - Z[0]*Z[5]^2 - Z[1]^2*Z[7] + Z[1]*Z[2]*Z[5] - Z[2]^2*Z[4]
4*Z[0]*Z[4]*Z[9] - Z[0]*Z[6]^2 - Z[1]^2*Z[9] + Z[1]*Z[3]*Z[6] - Z[3]^2*Z[4]
4*Z[0]*Z[7] - Z[2]^2
4*Z[0]*Z[7]*Z[9] - Z[0]*Z[8]^2 - Z[2]^2*Z[9] + Z[2]*Z[3]*Z[8] - Z[3]^2*Z[7]
4*Z[0]*Z[9] - Z[3]^2
4*Z[4]*Z[7] - Z[5]^2
4*Z[4]*Z[7]*Z[9] - Z[4]*Z[8]^2 - Z[5]^2*Z[9] + Z[5]*Z[6]*Z[8] - Z[6]^2*Z[7]
4*Z[4]*Z[9] - Z[6]^2
4*Z[7]*Z[9] - Z[8]^2
Z[0]
Z[4]
Z[7]
Z[9]

#############
# MONODROMY #
#############


Generators of the monodromy group on the second homology group:
[[1, 0, 0, 0, 0, 0, 0, 0, 0, 0, 0, 0, 0, 0, 0, 0, 0, 0, 0, 0, 0, 0], [0, 0, 1, 0, 0, 0, 0, 0, 0, 0, 0, 0, 0, 0, 0, 0, 0, 0, 0, 0, 0, 0], [0, 1, 0, 0, 0, 0, 0, 0, 0, 0, 0, 0, 0, 0, 0, 0, 0, 0, 0, 0, 0, 0], [0, 0, 0, 1, 0, 0, 0, 0, 0, 0, 0, 0, 0, 0, 0, 0, 0, 0, 0, 0, 0, 0], [0, 0, 0, 0, 0, 1, 0, 0, 0, 0, 0, 0, 0, 0, 0, 0, 0, 0, 0, 0, 0, 0], [0, 0, 0, 0, 1, 0, 0, 0, 0, 0, 0, 0, 0, 0, 0, 0, 0, 0, 0, 0, 0, 0], [0, 0, 0, 0, 0, 0, 1, 0, 0, 0, 0, 0, 0, 0, 0, 0, 0, 0, 0, 0, 0, 0], [0, 0, 0, 0, 0, 0, 0, 1, 0, 0, 0, 0, 0, 0, 0, 0, 0, 0, 0, 0, 0, 0], [0, 0, 0, 0, 0, 0, 0, 0, 1, 0, 0, 0, 0, 0, 0, 0, 0, 0, 0, 0, 0, 0], [0, 0, 0, 0, 0, 0, 0, 0, 0, 1, 0, 0, 0, 0, 0, 0, 0, 0, 0, 0, 0, 0], [0, 0, 0, 0, 0, 0, 0, 0, 0, 0, 1, 0, 0, 0, 0, 0, 0, 0, 0, 0, 0, 0], [0, 0, 0, 0, 0, 0, 0, 0, 0, 0, 0, 1, 0, 0, 0, 0, 0, 0, 0, 0, 0, 0], [0, 0, 0, 0, 0, 0, 0, 0, 0, 0, 0, 0, 1, 0, 0, 0, 0, 0, 0, 0, 0, 0], [0, 0, 0, 0, 0, 0, 0, 0, 0, 0, 0, 0, 0, 1, 0, 0, 0, 0, 0, 0, 0, 0], [0, 0, 0, 0, 0, 0, 0, 0, 0, 0, 0, 0, 0, 0, 0, 0, 0, 0, 0, 0, 1, 0], [0, 0, 0, 0, 0, 0, 0, 0, 0, 0, 0, 0, 0, 0, 0, 1, 0, 0, 0, 0, 0, 0], [0, 0, 0, 0, 0, 0, 0, 0, 0, 0, 0, 0, 0, 0, 1, 0, 1, 0, 0, 0, -1, 0], [0, 0, 0, 0, 0, 0, 0, 0, 0, 0, 0, 0, 0, 0, 0, 0, 0, 1, 0, 0, 0, 0], [0, 0, 0, 0, 0, 0, 0, 0, 0, 0, 0, 0, 0, 0, 0, 0, 0, 0, 0, 1, 0, 0], [0, 0, 0, 0, 0, 0, 0, 0, 0, 0, 0, 0, 0, 0, 0, 0, 0, 0, 1, 0, 0, 0], [0, 0, 0, 0, 0, 0, 0, 0, 0, 0, 0, 0, 0, 0, 1, 0, 0, 0, 0, 0, 0, 0], [0, 0, 0, 0, 0, 0, 0, 0, 0, 0, 0, 0, 0, 0, 0, 0, 0, 0, 0, 0, 0, 1]]
[[1, 0, 0, 0, 0, 0, 0, 0, 0, 0, 0, 0, 0, 0, 0, 0, 0, 0, 0, 0, 0, 0], [0, 1, 0, 0, 0, 0, 0, 0, 0, 0, 0, 0, 0, 0, 0, 0, 0, 0, 0, 0, 0, 0], [0, 0, 1, 0, 0, 0, 0, 0, 0, 0, 0, 0, 0, 0, 0, 0, 0, 0, 0, 0, 0, 0], [0, 0, 0, 1, 0, 0, 0, 0, 0, 0, 0, 0, 0, 0, 0, 0, 0, 0, 0, 0, 0, 0], [0, 0, 0, 0, 1, 0, 0, 0, 0, 0, 0, 0, 0, 0, 0, 0, 0, 0, 0, 0, 0, 0], [0, 0, 0, 0, 0, 1, 0, 0, 0, 0, 0, 0, 0, 0, 0, 0, 0, 0, 0, 0, 0, 0], [0, 0, 0, 0, 0, 0, 1, 0, 0, 0, 0, 0, 0, 0, 0, 0, 0, 0, 0, 0, 0, 0], [0, 0, 0, 0, 0, 0, 0, 1, 0, 0, 0, 0, 0, 0, 0, 0, 0, 0, 0, 0, 0, 0], [0, 0, 0, 0, 0, 0, 0, 0, 1, 0, 0, 0, 0, 0, 0, 0, 0, 0, 0, 0, 0, 0], [0, 0, 0, 0, 0, 0, 0, 0, 0, 1, 0, 0, 0, 0, 0, 0, 0, 0, 0, 0, 0, 0], [0, 0, 0, 0, 0, 0, 0, 0, 0, 0, 1, 0, 0, 0, 0, 0, 0, 0, 0, 0, 0, 0], [0, 0, 0, 0, 0, 0, 0, 0, 0, 0, 0, 1, 0, 0, 0, 0, 0, 0, 0, 0, 0, 0], [0, 0, 0, 0, 0, 0, 0, 0, 0, 0, 0, 0, 1, 0, 0, 0, 0, 0, 0, 0, 0, 0], [0, 0, 0, 0, 0, 0, 0, 0, 0, 0, 0, 0, 0, 1, 0, 0, 0, 0, 0, 0, 0, 0], [0, 0, 0, 0, 0, 0, 0, 0, 0, 0, 0, 0, 0, 0, 1, 0, 0, 0, 0, 0, 0, 0], [-2, 0, 0, -1, 1, 1, 0, -2, -1, 0, -3, -2, -3, -3, -2, -1, -2, -1, 0, 0, 0, -1], [0, 0, 0, 0, 0, 0, 0, 0, 0, 0, 0, 0, 0, 0, 0, 0, 1, 0, 0, 0, 0, 0], [0, 0, 0, 0, 0, 0, 0, 0, 0, 0, 0, 0, 0, 0, 0, 0, 0, 1, 0, 0, 0, 0], [0, 0, 0, 0, 0, 0, 0, 0, 0, 0, 0, 0, 0, 0, 0, 0, 0, 0, 1, 0, 0, 0], [0, 0, 0, 0, 0, 0, 0, 0, 0, 0, 0, 0, 0, 0, 0, 0, 0, 0, 0, 1, 0, 0], [0, 0, 0, 0, 0, 0, 0, 0, 0, 0, 0, 0, 0, 0, 0, 0, 0, 0, 0, 0, 1, 0], [0, 0, 0, 0, 0, 0, 0, 0, 0, 0, 0, 0, 0, 0, 0, 0, 0, 0, 0, 0, 0, 1]]
[[1, 0, 0, 0, 0, 0, 0, 0, 0, 0, 0, 0, 0, 0, 0, 0, 0, 0, 0, 0, 0, 0], [0, 1, 0, 0, 0, 0, 0, 0, 0, 0, 0, 0, 0, 0, 0, 0, 0, 0, 0, 0, 0, 0], [0, 0, 1, 0, 0, 0, 0, 0, 0, 0, 0, 0, 0, 0, 0, 0, 0, 0, 0, 0, 0, 0], [0, 0, 0, 1, 0, 0, 0, 0, 0, 0, 0, 0, 0, 0, 0, 0, 0, 0, 0, 0, 0, 0], [0, 0, 0, 0, 1, 0, 0, 0, 0, 0, 0, 0, 0, 0, 0, 0, 0, 0, 0, 0, 0, 0], [0, 0, 0, 0, 0, 1, 0, 0, 0, 0, 0, 0, 0, 0, 0, 0, 0, 0, 0, 0, 0, 0], [0, 0, 0, 0, 0, 0, 1, 0, 0, 0, 0, 0, 0, 0, 0, 0, 0, 0, 0, 0, 0, 0], [0, 0, 0, 0, 0, 0, 0, 1, 0, 0, 0, 0, 0, 0, 0, 0, 0, 0, 0, 0, 0, 0], [0, 0, 0, 0, 0, 0, 0, 0, 1, 0, 0, 0, 0, 0, 0, 0, 0, 0, 0, 0, 0, 0], [0, 0, 0, 0, 0, 0, 0, 0, 0, 1, 0, 0, 0, 0, 0, 0, 0, 0, 0, 0, 0, 0], [0, 0, 0, 0, 0, 0, 0, 0, 0, 0, 1, 0, 0, 0, 0, 0, 0, 0, 0, 0, 0, 0], [0, 0, 0, 0, 0, 0, 0, 0, 0, 0, 0, 1, 0, 0, 0, 0, 0, 0, 0, 0, 0, 0], [0, 0, 0, 0, 0, 0, 0, 0, 0, 0, 0, 0, 1, 0, 0, 0, 0, 0, 0, 0, 0, 0], [0, 0, 0, 0, 0, 0, 0, 0, 0, 0, 0, 0, 0, 1, 0, 0, 0, 0, 0, 0, 0, 0], [0, 0, 0, 0, 0, 0, 0, 0, 0, 0, 0, 0, 0, 0, 1, 0, 0, 0, 0, 0, 0, 0], [0, 0, 0, 0, 0, 0, 0, 0, 0, 0, 0, 0, 0, 0, 0, 1, 0, 0, 0, 0, 0, 0], [0, 0, 0, 0, 0, 0, 0, 0, 0, 0, 0, 0, 0, 0, 0, 0, 1, 0, 0, 0, 0, 0], [0, 0, 0, 0, 0, 0, 0, 0, 0, 0, 0, 0, 0, 0, 0, 0, 0, 1, 0, 0, 0, 0], [0, 0, 0, 0, 0, 0, 0, 0, 0, 0, 0, 0, 0, 0, 0, 0, 0, 0, 1, 0, 0, 0], [0, 0, 0, 0, 0, 0, 0, 0, 0, 0, 0, 0, 0, 0, 0, 0, 0, 0, 0, 1, 0, 0], [0, 0, 0, 0, 0, 0, 0, 0, 0, 0, 0, 0, 0, 0, 0, 0, 0, 0, 0, 0, 1, 0], [0, 0, 0, 0, 0, 0, 0, 0, 0, 0, 0, 0, 0, 0, 0, 0, 0, 0, 0, 0, 0, 1]]
[[1, 0, 0, 0, 0, 0, 0, 0, 0, 0, 0, 0, 0, 0, 0, 0, 0, 0, 0, 0, 0, 0], [0, 1, 0, 0, 0, 0, 0, 0, 0, 0, 0, 0, 0, 0, 0, 0, 0, 0, 0, 0, 0, 0], [0, 0, 1, 0, 0, 0, 0, 0, 0, 0, 0, 0, 0, 0, 0, 0, 0, 0, 0, 0, 0, 0], [0, 0, 0, 1, 0, 0, 0, 0, 0, 0, 0, 0, 0, 0, 0, 0, 0, 0, 0, 0, 0, 0], [0, 0, 0, 0, 1, 0, 0, 0, 0, 0, 0, 0, 0, 0, 0, 0, 0, 0, 0, 0, 0, 0], [0, 0, 0, 0, 0, 1, 0, 0, 0, 0, 0, 0, 0, 0, 0, 0, 0, 0, 0, 0, 0, 0], [0, 0, 0, 0, 0, 0, 1, 0, 0, 0, 0, 0, 0, 0, 0, 0, 0, 0, 0, 0, 0, 0], [0, 0, 0, 0, 0, 0, 0, 1, 0, 0, 0, 0, 0, 0, 0, 0, 0, 0, 0, 0, 0, 0], [0, 0, 0, 0, 0, 0, 0, 0, 1, 0, 0, 0, 0, 0, 0, 0, 0, 0, 0, 0, 0, 0], [0, 0, 0, 0, 0, 0, 0, 0, 0, 1, 0, 0, 0, 0, 0, 0, 0, 0, 0, 0, 0, 0], [0, 0, 0, 0, 0, 0, 0, 0, 0, 0, 1, 0, 0, 0, 0, 0, 0, 0, 0, 0, 0, 0], [0, 0, 0, 0, 0, 0, 0, 0, 0, 0, 0, 1, 0, 0, 0, 0, 0, 0, 0, 0, 0, 0], [0, 0, 0, 0, 0, 0, 0, 0, 0, 0, 0, 0, 1, 0, 0, 0, 0, 0, 0, 0, 0, 0], [0, 0, 0, 0, 0, 0, 0, 0, 0, 0, 0, 0, 0, 1, 0, 0, 0, 0, 0, 0, 0, 0], [0, 0, 0, 0, 0, 0, 0, 0, 0, 0, 0, 0, 0, 0, 1, 0, 0, 0, 0, 0, 0, 0], [0, 0, 0, 0, 0, 0, 0, 0, 0, 0, 0, 0, 0, 0, 0, 1, 0, 0, 0, 0, 0, 0], [0, 0, 0, 0, 0, 0, 0, 0, 0, 0, 0, 0, 0, 0, 0, 0, 1, 0, 0, 0, 0, 0], [0, 0, 0, 0, 0, 0, 0, 0, 0, 0, 0, 0, 0, 0, 0, 0, 0, 1, 0, 0, 0, 0], [0, 0, 0, 0, 0, 0, 0, 0, 0, 0, 0, 0, 0, 0, 0, 0, 0, 0, 1, 0, 0, 0], [0, 0, 0, 0, 0, 0, 0, 0, 0, 0, 0, 0, 0, 0, 0, 0, 0, 0, 0, 1, 0, 0], [0, 0, 0, 0, 0, 0, 0, 0, 0, 0, 0, 0, 0, 0, 0, 0, 0, 0, 0, 0, 1, 0], [0, 0, 0, 0, 0, 0, 0, 0, 0, 0, 0, 0, 0, 0, 0, 0, 0, 0, 0, 0, 0, 1]]
[[1, 0, 0, 0, 0, 0, 0, 0, 0, 0, 0, 0, 0, 0, 0, 0, 0, 0, 0, 0, 0, 0], [2, 1, 0, 0, 1, 1, 1, 0, 0, 1, -1, 0, -1, 0, 0, 0, 1, 0, 1, 1, -1, 0], [2, 0, 1, 0, 1, 1, 1, 0, 0, 1, -1, 0, -1, 0, 0, 0, 1, 0, 1, 1, -1, 0], [0, 0, 0, 1, 0, 0, 1, 1, 1, 0, 0, 1, 0, 1, 1, 0, 1, -1, 0, 0, 0, 0], [0, 0, 0, 0, 1, 0, 0, 0, 0, 0, 0, 0, 0, 0, 0, 0, 0, 0, 0, 0, 0, 0], [0, 0, 0, 0, 0, 1, 0, 0, 0, 0, 0, 0, 0, 0, 0, 0, 0, 0, 0, 0, 0, 0], [-2, 0, 0, 0, -1, -1, -1, -1, -1, -1, 1, -1, 1, -1, -1, 0, -2, 1, -1, -1, 1, 0], [2, 0, 0, 0, 1, 1, 1, 1, 0, 1, -1, 0, -1, 0, 0, 0, 1, 0, 1, 1, -1, 0], [2, 0, 0, 0, 1, 1, 1, 0, 1, 1, -1, 0, -1, 0, 0, 0, 1, 0, 1, 1, -1, 0], [-2, 0, 0, 0, -1, -1, -2, -1, -1, 0, 1, -1, 1, -1, -1, 0, -2, 1, -1, -1, 1, 0], [0, 0, 0, 0, 0, 0, -1, -1, -1, 0, 1, -1, 0, -1, -1, 0, -1, 1, 0, 0, 0, 0], [0, 0, 0, 0, 0, 0, 0, 0, 0, 0, 0, 1, 0, 0, 0, 0, 0, 0, 0, 0, 0, 0], [0, 0, 0, 0, 0, 0, -1, -1, -1, 0, 0, -1, 1, -1, -1, 0, -1, 1, 0, 0, 0, 0], [-2, 0, 0, 0, -1, -1, -2, -1, -1, -1, 1, -1, 1, 0, -1, 0, -2, 1, -1, -1, 1, 0], [0, 0, 0, 0, 0, 0, 0, 0, 0, 0, 0, 0, 0, 0, 1, 0, 0, 0, 0, 0, 0, 0], [0, 0, 0, 0, 0, 0, 1, 1, 1, 0, 0, 1, 0, 1, 1, 1, 1, -1, 0, 0, 0, 0], [0, 0, 0, 0, 0, 0, 2, 2, 2, 0, 0, 2, 0, 2, 2, 0, 3, -2, 0, 0, 0, 0], [0, 0, 0, 0, 0, 0, 2, 2, 2, 0, 0, 2, 0, 2, 2, 0, 2, -1, 0, 0, 0, 0], [0, 0, 0, 0, 0, 0, -1, -1, -1, 0, 0, -1, 0, -1, -1, 0, -1, 1, 1, 0, 0, 0], [0, 0, 0, 0, 0, 0, -1, -1, -1, 0, 0, -1, 0, -1, -1, 0, -1, 1, 0, 1, 0, 0], [0, 0, 0, 0, 0, 0, 0, 0, 0, 0, 0, 0, 0, 0, 0, 0, 0, 0, 0, 0, 1, 0], [0, 0, 0, 0, 0, 0, 0, 0, 0, 0, 0, 0, 0, 0, 0, 0, 0, 0, 0, 0, 0, 1]]
[[1, 0, 0, 0, 0, 0, 0, 0, 0, 0, 0, 0, 0, 0, 0, 0, 0, 0, 0, 0, 0, 0], [0, 1, 0, 0, 0, 0, 0, 0, 0, 0, 0, 0, 0, 0, 0, 0, 0, 0, 0, 0, 0, 0], [0, 0, 1, 0, 0, 0, 0, 0, 0, 0, 0, 0, 0, 0, 0, 0, 0, 0, 0, 0, 0, 0], [-1, 0, 0, 1, -2, -2, -1, 1, 1, 0, 2, 1, 2, 2, 1, 0, 1, 0, -1, -1, 0, 0], [0, 0, 0, 0, 1, 0, 0, 0, 0, 0, 0, 0, 0, 0, 0, 0, 0, 0, 0, 0, 0, 0], [0, 0, 0, 0, 0, 1, 0, 0, 0, 0, 0, 0, 0, 0, 0, 0, 0, 0, 0, 0, 0, 0], [0, 0, 0, 0, 0, 0, 1, 0, 0, 0, 0, 0, 0, 0, 0, 0, 0, 0, 0, 0, 0, 0], [0, 0, 0, 0, 0, 0, 0, 1, 0, 0, 0, 0, 0, 0, 0, 0, 0, 0, 0, 0, 0, 0], [0, 0, 0, 0, 0, 0, 0, 0, 1, 0, 0, 0, 0, 0, 0, 0, 0, 0, 0, 0, 0, 0], [1, 0, 0, 0, 2, 2, 1, -1, -1, 1, -2, -1, -2, -2, -1, 0, -1, 0, 1, 1, 0, 0], [1, 0, 0, 0, 2, 2, 1, -1, -1, 0, -1, -1, -2, -2, -1, 0, -1, 0, 1, 1, 0, 0], [0, 0, 0, 0, 0, 0, 0, 0, 0, 0, 0, 1, 0, 0, 0, 0, 0, 0, 0, 0, 0, 0], [1, 0, 0, 0, 2, 2, 1, -1, -1, 0, -2, -1, -1, -2, -1, 0, -1, 0, 1, 1, 0, 0], [1, 0, 0, 0, 2, 2, 1, -1, -1, 0, -2, -1, -2, -1, -1, 0, -1, 0, 1, 1, 0, 0], [0, 0, 0, 0, 0, 0, 0, 0, 0, 0, 0, 0, 0, 0, 1, 0, 0, 0, 0, 0, 0, 0], [-1, 0, 0, 0, -2, -2, -1, 1, 1, 0, 2, 1, 2, 2, 1, 1, 1, 0, -1, -1, 0, 0], [-2, 0, 0, 0, -4, -4, -2, 2, 2, 0, 4, 2, 4, 4, 2, 0, 3, 0, -2, -2, 0, 0], [-2, 0, 0, 0, -4, -4, -2, 2, 2, 0, 4, 2, 4, 4, 2, 0, 2, 1, -2, -2, 0, 0], [1, 0, 0, 0, 2, 2, 1, -1, -1, 0, -2, -1, -2, -2, -1, 0, -1, 0, 2, 1, 0, 0], [1, 0, 0, 0, 2, 2, 1, -1, -1, 0, -2, -1, -2, -2, -1, 0, -1, 0, 1, 2, 0, 0], [0, 0, 0, 0, 0, 0, 0, 0, 0, 0, 0, 0, 0, 0, 0, 0, 0, 0, 0, 0, 1, 0], [0, 0, 0, 0, 0, 0, 0, 0, 0, 0, 0, 0, 0, 0, 0, 0, 0, 0, 0, 0, 0, 1]]
[[-1, 0, 0, -1, 1, 1, 1, 0, 1, 0, -2, 0, -2, -1, 0, 0, 0, -1, 1, 1, 0, 0], [1, 1, 0, 0, 0, 0, 0, 0, -1, 0, 0, 0, 0, 0, 0, 0, 0, 0, 0, 0, 0, 0], [1, 0, 1, 0, 0, 0, 0, 0, -1, 0, 0, 0, 0, 0, 0, 0, 0, 0, 0, 0, 0, 0], [-1, 0, 0, -1, 1, 1, 0, -1, -1, 0, -2, -1, -2, -2, -1, 0, -1, 0, 1, 1, 0, 0], [1, 0, 0, 0, 1, 0, 0, 0, -1, 0, 0, 0, 0, 0, 0, 0, 0, 0, 0, 0, 0, 0], [1, 0, 0, 0, 0, 1, 0, 0, -1, 0, 0, 0, 0, 0, 0, 0, 0, 0, 0, 0, 0, 0], [2, 0, 0, 2, -2, -2, -1, 0, 0, 0, 4, 0, 4, 2, 0, 0, 0, 2, -2, -2, 0, 0], [0, 0, 0, -1, 1, 1, 1, 1, -1, 0, -2, 0, -2, -1, 0, 0, 0, -1, 1, 1, 0, 0], [0, 0, 0, -1, 1, 1, 1, 0, 0, 0, -2, 0, -2, -1, 0, 0, 0, -1, 1, 1, 0, 0], [-1, -1, -1, 1, -1, -1, -1, 1, 0, -1, 2, 1, 2, 1, 0, 0, -1, 1, -1, -1, 1, 0], [2, 0, 0, 1, -1, -1, -1, 0, -1, 0, 3, 0, 2, 1, 0, 0, 0, 1, -1, -1, 0, 0], [0, 0, 0, 0, 0, 0, 0, 0, 0, 0, 0, 1, 0, 0, 0, 0, 0, 0, 0, 0, 0, 0], [2, 0, 0, 1, -1, -1, -1, 0, -1, 0, 2, 0, 3, 1, 0, 0, 0, 1, -1, -1, 0, 0], [0, 0, 0, 1, -1, -1, -1, 0, 1, 0, 2, 0, 2, 2, 0, 0, 0, 1, -1, -1, 0, 0], [-1, 0, 0, 0, 0, 0, 0, 0, 1, 0, 0, 0, 0, 0, 1, 0, 0, 0, 0, 0, 0, 0], [0, 0, 0, 0, 0, 0, 0, 0, 0, 0, 0, 0, 0, 0, 0, 1, 0, 0, 0, 0, 0, 0], [-1, 0, 0, -1, 1, 1, 1, 0, 0, 0, -2, 0, -2, -1, 0, 0, 1, -1, 1, 1, 0, 0], [-1, 0, 0, 0, 1, 1, 2, 1, 1, 0, -2, 1, -2, 0, 1, 0, 1, -1, 1, 1, 0, 0], [1, 0, 0, 1, -1, -1, -1, 0, 0, 0, 2, 0, 2, 1, 0, 0, 0, 1, 0, -1, 0, 0], [1, 0, 0, 1, -1, -1, -1, 0, 0, 0, 2, 0, 2, 1, 0, 0, 0, 1, -1, 0, 0, 0], [-1, 0, 0, 0, 0, 0, 0, 0, 1, 0, 0, 0, 0, 0, 0, 0, 0, 0, 0, 0, 1, 0], [0, 0, 0, 0, 0, 0, 0, 0, 0, 0, 0, 0, 0, 0, 0, 0, 0, 0, 0, 0, 0, 1]]
[[-2, 0, -1, -1, 0, -1, 0, 2, 1, -1, -1, 2, -1, 1, 1, 0, 1, -2, 0, 1, -1, 0], [0, 1, 0, 0, 0, 0, 0, 0, 0, 0, 0, 0, 0, 0, 0, 0, 0, 0, 0, 0, 0, 0], [-2, 0, 0, -1, 0, 0, 0, 1, 0, -1, -1, 1, -1, 0, 0, 0, 0, -1, 0, 1, 0, 0], [-2, 0, -1, 0, 0, 0, 0, 1, 0, -1, -1, 1, -1, 0, 0, 0, 0, -1, 0, 1, 0, 0], [1, 0, 0, 0, 1, 1, 0, -1, -1, 0, 0, -1, 0, -1, -1, 0, -1, 1, 0, 0, 1, 0], [0, 0, 0, 0, 0, 1, 0, 0, 0, 0, 0, 0, 0, 0, 0, 0, 0, 0, 0, 0, 0, 0], [5, 0, 2, 2, 0, 1, 1, -3, -1, 2, 2, -3, 2, -1, -1, 0, -1, 3, 0, -2, 1, 0], [-2, 0, -1, -1, 0, 0, 0, 2, 0, -1, -1, 1, -1, 0, 0, 0, 0, -1, 0, 1, 0, 0], [-2, 0, -1, -1, 0, 0, 0, 1, 1, -1, -1, 1, -1, 0, 0, 0, 0, -1, 0, 1, 0, 0], [3, 0, 1, 1, 0, 1, 0, -2, -1, 2, 1, -2, 1, -1, -1, 0, -1, 2, 0, -1, 1, 0], [3, 0, 1, 1, 0, 1, 0, -2, -1, 1, 2, -2, 1, -1, -1, 0, -1, 2, 0, -1, 1, 0], [0, 0, 0, 0, 0, 0, 0, 0, 0, 0, 0, 1, 0, 0, 0, 0, 0, 0, 0, 0, 0, 0], [3, 0, 1, 1, 0, 1, 0, -2, -1, 1, 1, -2, 2, -1, -1, 0, -1, 2, 0, -1, 1, 0], [2, 0, 1, 1, 0, 0, 0, -1, 0, 1, 1, -1, 1, 1, 0, 0, 0, 1, 0, -1, 0, 0], [0, 0, 0, 0, 0, 0, 0, 0, 0, 0, 0, 0, 0, 0, 1, 0, 0, 0, 0, 0, 0, 0], [0, 0, 0, 0, 0, 0, 0, 0, 0, 0, 0, 0, 0, 0, 0, 1, 0, 0, 0, 0, 0, 0], [-3, 0, -1, -1, 0, -1, 0, 2, 1, -1, -1, 2, -1, 1, 1, 0, 2, -2, 0, 1, -1, 0], [-3, 0, -1, -1, 0, -1, 0, 2, 1, -1, -1, 2, -1, 1, 1, 0, 1, -1, 0, 1, -1, 0], [0, 0, 0, 0, 0, 0, 0, 0, 0, 0, 0, 0, 0, 0, 0, 0, 0, 0, 1, 0, 0, 0], [2, 0, 1, 1, 0, 0, 0, -1, 0, 1, 1, -1, 1, 0, 0, 0, 0, 1, 0, 0, 0, 0], [-1, 0, 0, 0, 0, -1, 0, 1, 1, 0, 0, 1, 0, 1, 1, 0, 1, -1, 0, 0, 0, 0], [0, 0, 0, 0, 0, 0, 0, 0, 0, 0, 0, 0, 0, 0, 0, 0, 0, 0, 0, 0, 0, 1]]
[[1, 0, 0, 0, 0, 0, 0, 0, 0, 0, 0, 0, 0, 0, 0, 0, 0, 0, 0, 0, 0, 0], [0, 1, 0, 0, 0, 0, 0, 0, 0, 0, 0, 0, 0, 0, 0, 0, 0, 0, 0, 0, 0, 0], [0, 0, 1, 0, 0, 0, 0, 0, 0, 0, 0, 0, 0, 0, 0, 0, 0, 0, 0, 0, 0, 0], [0, 0, 0, 1, 0, 0, 0, 0, 0, 0, 0, 0, 0, 0, 0, 0, 0, 0, 0, 0, 0, 0], [0, 0, 0, 0, 1, 0, 0, 0, 0, 0, 0, 0, 0, 0, 0, 0, 0, 0, 0, 0, 0, 0], [0, 0, 0, 0, 0, 1, 0, 0, 0, 0, 0, 0, 0, 0, 0, 0, 0, 0, 0, 0, 0, 0], [0, 0, 0, 0, 0, 0, 1, 0, 0, 0, 0, 0, 0, 0, 0, 0, 0, 0, 0, 0, 0, 0], [0, 0, 0, 0, 0, 0, 0, 1, 0, 0, 0, 0, 0, 0, 0, 0, 0, 0, 0, 0, 0, 0], [0, 0, 0, 0, 0, 0, 0, 0, 1, 0, 0, 0, 0, 0, 0, 0, 0, 0, 0, 0, 0, 0], [0, 0, 0, 0, 0, 0, 0, 0, 0, 1, 0, 0, 0, 0, 0, 0, 0, 0, 0, 0, 0, 0], [0, 0, 0, 0, 0, 0, 0, 0, 0, 0, 1, 0, 0, 0, 0, 0, 0, 0, 0, 0, 0, 0], [0, 0, 0, 0, 0, 0, 0, 0, 0, 0, 0, 1, 0, 0, 0, 0, 0, 0, 0, 0, 0, 0], [0, 0, 0, 0, 0, 0, 0, 0, 0, 0, 0, 0, 1, 0, 0, 0, 0, 0, 0, 0, 0, 0], [0, 0, 0, 0, 0, 0, 0, 0, 0, 0, 0, 0, 0, 1, 0, 0, 0, 0, 0, 0, 0, 0], [0, 0, 0, 0, 0, 0, 0, 0, 0, 0, 0, 0, 0, 0, 1, 0, 0, 0, 0, 0, 0, 0], [0, 0, 0, 0, 0, 0, 0, 0, 0, 0, 0, 0, 0, 0, 0, 1, 0, 0, 0, 0, 0, 0], [0, 0, 0, 0, 0, 0, 0, 0, 0, 0, 0, 0, 0, 0, 0, 0, 1, 0, 0, 0, 0, 0], [0, 0, 0, 0, 0, 0, 0, 0, 0, 0, 0, 0, 0, 0, 0, 0, 0, 1, 0, 0, 0, 0], [0, 0, 0, 0, 0, 0, 0, 0, 0, 0, 0, 0, 0, 0, 0, 0, 0, 0, 1, 0, 0, 0], [0, 0, 0, 0, 0, 0, 0, 0, 0, 0, 0, 0, 0, 0, 0, 0, 0, 0, 0, 1, 0, 0], [0, 0, 0, 0, 0, 0, 0, 0, 0, 0, 0, 0, 0, 0, 0, 0, 0, 0, 0, 0, 1, 0], [0, 0, 0, 0, 0, 0, 0, 0, 0, 0, 0, 0, 0, 0, 0, 0, 0, 0, 0, 0, 0, 1]]
[[1, 0, 0, 0, 0, 0, 0, 0, 0, 0, 0, 0, 0, 0, 0, 0, 0, 0, 0, 0, 0, 0], [0, 1, 0, 0, 0, 0, 0, 0, 0, 0, 0, 0, 0, 0, 0, 0, 0, 0, 0, 0, 0, 0], [0, 0, 1, 0, 0, 0, 0, 0, 0, 0, 0, 0, 0, 0, 0, 0, 0, 0, 0, 0, 0, 0], [0, 0, 0, 1, 0, 0, 0, 0, 0, 0, 0, 0, 0, 0, 0, 0, 0, 0, 0, 0, 0, 0], [0, 0, 0, 0, 1, 0, 0, 0, 0, 0, 0, 0, 0, 0, 0, 0, 0, 0, 0, 0, 0, 0], [0, 0, 0, 0, 0, 1, 0, 0, 0, 0, 0, 0, 0, 0, 0, 0, 0, 0, 0, 0, 0, 0], [0, 0, 0, 0, 0, 0, 1, 0, 0, 0, 0, 0, 0, 0, 0, 0, 0, 0, 0, 0, 0, 0], [0, 0, 0, 0, 0, 0, 0, 1, 0, 0, 0, 0, 0, 0, 0, 0, 0, 0, 0, 0, 0, 0], [0, 0, 0, 0, 0, 0, 0, 0, 1, 0, 0, 0, 0, 0, 0, 0, 0, 0, 0, 0, 0, 0], [0, 0, 0, 0, 0, 0, 0, 0, 0, 1, 0, 0, 0, 0, 0, 0, 0, 0, 0, 0, 0, 0], [0, 0, 0, 0, 0, 0, 0, 0, 0, 0, 1, 0, 0, 0, 0, 0, 0, 0, 0, 0, 0, 0], [0, 0, 0, 0, 0, 0, 0, 0, 0, 0, 0, 1, 0, 0, 0, 0, 0, 0, 0, 0, 0, 0], [0, 0, 0, 0, 0, 0, 0, 0, 0, 0, 0, 0, 1, 0, 0, 0, 0, 0, 0, 0, 0, 0], [0, 0, 0, 0, 0, 0, 0, 0, 0, 0, 0, 0, 0, 1, 0, 0, 0, 0, 0, 0, 0, 0], [0, 0, 0, 0, 0, 0, 0, 0, 0, 0, 0, 0, 0, 0, 1, 0, 0, 0, 0, 0, 0, 0], [0, 0, 0, 0, 0, 0, 0, 0, 0, 0, 0, 0, 0, 0, 0, 1, 0, 0, 0, 0, 0, 0], [0, 0, 0, 0, 0, 0, 0, 0, 0, 0, 0, 0, 0, 0, 0, 0, 1, 0, 0, 0, 0, 0], [0, 0, 0, 0, 0, 0, 0, 0, 0, 0, 0, 0, 0, 0, 0, 0, 0, 1, 0, 0, 0, 0], [0, 0, 0, 0, 0, 0, 0, 0, 0, 0, 0, 0, 0, 0, 0, 0, 0, 0, 1, 0, 0, 0], [0, 0, 0, 0, 0, 0, 0, 0, 0, 0, 0, 0, 0, 0, 0, 0, 0, 0, 0, 1, 0, 0], [0, 0, 0, 0, 0, 0, 0, 0, 0, 0, 0, 0, 0, 0, 0, 0, 0, 0, 0, 0, 1, 0], [0, 0, 0, 0, 0, 0, 0, 0, 0, 0, 0, 0, 0, 0, 0, 0, 0, 0, 0, 0, 0, 1]]
[[-3, 0, 0, -4, 0, -1, -2, 1, -1, 0, -4, 2, -2, 0, -1, 0, 2, -4, 0, 2, -4, -1], [-2, 0, -1, -2, 1, 1, 0, 1, 0, 0, -3, 2, -3, -1, 0, 0, 1, -3, 1, 2, -2, -1], [-4, 0, -1, -4, 1, 1, -1, 1, -1, -1, -5, 2, -4, -1, -1, 0, 1, -5, 1, 2, -3, -2], [-2, 0, -1, -2, 1, 1, 0, 1, -1, 0, -4, 1, -3, -1, -1, 0, 1, -3, 1, 2, -2, -1], [-1, 0, -1, -1, 1, 1, 0, 0, -1, -1, -1, 0, -2, -1, -1, 0, -1, -1, 0, 0, 0, -1], [-2, 0, -1, -1, 0, 0, -1, 1, -1, -1, -1, 1, -1, 0, -1, 0, 0, -2, 0, 0, -1, -2], [5, 0, 1, 7, -1, 0, 2, -3, 2, 0, 8, -4, 6, 0, 2, 0, -4, 8, -1, -4, 7, 3], [-3, 0, -1, -3, 0, 0, -1, 2, 0, -1, -3, 3, -2, 1, 0, 0, 2, -4, 0, 2, -3, -1], [-1, 0, 0, -2, 0, 0, 0, 1, 1, 0, -2, 2, -1, 1, 0, 0, 2, -2, 0, 2, -2, 0], [3, 1, 1, 4, -2, -1, 0, -2, 0, 0, 6, -3, 4, 1, 0, 0, -3, 5, -2, -4, 4, 1], [0, 1, 0, 1, -1, -1, -1, -1, 0, -1, 3, -1, 2, 1, 0, 0, -1, 1, -1, -2, 1, 0], [-1, 0, -1, -1, 1, 1, 0, 0, -1, 0, -2, 0, -2, -2, -1, 0, -1, -1, 1, 0, 0, -1], [1, 0, 0, 2, -1, 0, 0, -1, 0, -1, 3, -1, 2, 0, 0, 0, -2, 2, -1, -2, 2, 0], [0, 0, 1, 1, -1, -1, -1, -1, -1, 0, 2, -2, 1, 0, -1, 0, -2, 2, -1, -2, 1, 0], [2, 0, 1, 1, 0, 0, 1, 0, 0, 1, 1, -1, 1, 0, 1, 0, 0, 2, 0, 0, 1, 1], [4, 0, 1, 3, 0, 0, 2, 0, 2, 1, 3, 0, 3, 2, 2, 1, 1, 3, 0, 0, 2, 2], [1, -1, -1, 0, 2, 2, 2, 1, 1, 1, -2, 1, -2, -1, 1, 0, 2, -1, 2, 2, 0, 0], [1, -1, -1, 0, 2, 2, 2, 1, 1, 1, -2, 1, -2, -1, 1, 0, 1, 0, 2, 2, 0, 0], [-3, 0, 0, -2, -1, -1, -2, 0, -1, -1, -1, 1, -1, 0, -1, 0, 0, -2, 0, 0, -2, -1], [0, 1, 1, 0, -1, -1, -1, -1, 0, 0, 1, -1, 1, 1, 0, 0, 0, 0, -1, -1, -1, 0], [0, 0, 1, -1, 0, 0, 0, 0, 0, 1, -1, 0, -1, 0, 0, 0, 1, -1, 0, 0, -1, 0], [-2, 0, -1, -1, 0, -1, -1, 1, -1, -1, -1, 1, -1, 0, -1, 0, 0, -2, 0, 0, -1, -1]]
[[-10, 3, -1, -6, 2, -2, -6, -3, -7, -4, -7, -3, -7, -4, -5, -4, -3, -10, -3, 1, -6, -5], [-9, 3, -1, -7, 3, 0, -4, -3, -6, -3, -9, -3, -9, -5, -6, -3, -3, -10, -2, 1, -6, -5], [-21, 5, -1, -15, 6, -1, -10, -7, -14, -7, -19, -7, -19, -11, -13, -7, -7, -22, -5, 2, -13, -11], [-5, 1, -1, -3, 2, 0, -2, -1, -3, -2, -5, -1, -5, -2, -3, -2, -1, -6, -1, 1, -4, -3], [-11, 2, -1, -8, 4, 0, -5, -4, -8, -3, -11, -4, -11, -8, -8, -3, -5, -11, -2, 1, -6, -6], [-23, 5, -2, -16, 6, 0, -11, -8, -16, -7, -21, -8, -21, -14, -15, -7, -9, -23, -5, 2, -13, -12], [30, -6, 4, 20, -8, 2, 15, 8, 20, 10, 26, 8, 26, 16, 18, 10, 10, 30, 6, -4, 18, 16], [-12, 3, -1, -8, 3, -1, -6, -3, -8, -4, -10, -4, -10, -6, -7, -4, -4, -12, -3, 1, -7, -6], [1, 0, 0, 2, -1, -1, 0, 1, 2, 0, 3, 1, 3, 2, 2, 0, 1, 2, 0, 0, 1, 1], [4, -1, 1, 2, -1, 1, 2, 0, 2, 3, 2, 0, 2, 0, 1, 2, 0, 4, 1, -1, 3, 2], [-1, 1, 1, -1, 0, 0, -1, -2, -1, 0, 0, -2, -1, -1, -1, 0, -1, -1, -1, -1, 0, 0], [-13, 3, -1, -10, 4, 0, -6, -5, -9, -4, -13, -4, -13, -8, -9, -4, -5, -14, -3, 1, -8, -7], [-1, 1, 1, -1, 0, 0, -1, -2, -1, 0, -1, -2, 0, -1, -1, 0, -1, -1, -1, -1, 0, 0], [-2, 0, 0, -1, 0, 0, -1, -1, -2, 0, -2, -1, -2, -2, -2, 0, -2, -1, 0, 0, 0, -1], [9, -3, 0, 6, -2, 1, 5, 4, 6, 3, 7, 4, 7, 4, 6, 3, 3, 9, 3, 0, 5, 4], [8, -2, 0, 6, -2, 0, 4, 4, 6, 2, 8, 4, 8, 6, 6, 3, 4, 8, 2, 0, 4, 4], [4, -2, -1, 2, 0, 1, 3, 3, 3, 1, 2, 3, 2, 2, 2, 1, 3, 3, 2, 1, 1, 1], [0, -1, -1, -1, 1, 1, 1, 1, 0, 0, -2, 1, -2, -1, -1, 0, 0, 0, 1, 1, -1, -1], [-9, 3, 0, -6, 2, -1, -5, -4, -6, -3, -7, -4, -7, -4, -5, -3, -3, -9, -2, 0, -5, -4], [3, 0, 1, 2, -1, 0, 1, 0, 2, 1, 3, 0, 3, 2, 2, 1, 1, 3, 0, 0, 2, 2], [-3, 0, -1, -2, 1, 0, -1, 0, -2, -1, -3, 0, -3, -2, -2, -1, -1, -3, 0, 1, -1, -2], [0, 0, 0, 0, 0, 0, 0, 0, 0, 0, 0, 0, 0, 0, 0, 0, 0, 0, 0, 0, 0, 1]]
[[1, 0, 0, 0, 0, 0, 0, 0, 0, 0, 0, 0, 0, 0, 0, 0, 0, 0, 0, 0, 0, 0], [0, 1, 0, 0, 0, 0, 0, 0, 0, 0, 0, 0, 0, 0, 0, 0, 0, 0, 0, 0, 0, 0], [0, 0, 1, 0, 0, 0, 0, 0, 0, 0, 0, 0, 0, 0, 0, 0, 0, 0, 0, 0, 0, 0], [0, 0, 0, 1, 0, 0, 0, 0, 0, 0, 0, 0, 0, 0, 0, 0, 0, 0, 0, 0, 0, 0], [0, 0, 0, 0, 1, 0, 0, 0, 0, 0, 0, 0, 0, 0, 0, 0, 0, 0, 0, 0, 0, 0], [0, 0, 0, 0, 0, 1, 0, 0, 0, 0, 0, 0, 0, 0, 0, 0, 0, 0, 0, 0, 0, 0], [0, 0, 0, 0, 0, 0, 1, 0, 0, 0, 0, 0, 0, 0, 0, 0, 0, 0, 0, 0, 0, 0], [0, 0, 0, 0, 0, 0, 0, 1, 0, 0, 0, 0, 0, 0, 0, 0, 0, 0, 0, 0, 0, 0], [0, 0, 0, 0, 0, 0, 0, 0, 1, 0, 0, 0, 0, 0, 0, 0, 0, 0, 0, 0, 0, 0], [0, 0, 0, 0, 0, 0, 0, 0, 0, 1, 0, 0, 0, 0, 0, 0, 0, 0, 0, 0, 0, 0], [0, 0, 0, 0, 0, 0, 0, 0, 0, 0, 1, 0, 0, 0, 0, 0, 0, 0, 0, 0, 0, 0], [0, 0, 0, 0, 0, 0, 0, 0, 0, 0, 0, 1, 0, 0, 0, 0, 0, 0, 0, 0, 0, 0], [0, 0, 0, 0, 0, 0, 0, 0, 0, 0, 0, 0, 1, 0, 0, 0, 0, 0, 0, 0, 0, 0], [0, 0, 0, 0, 0, 0, 0, 0, 0, 0, 0, 0, 0, 1, 0, 0, 0, 0, 0, 0, 0, 0], [0, 0, 0, 0, 0, 0, 0, 0, 0, 0, 0, 0, 0, 0, 1, 0, 0, 0, 0, 0, 0, 0], [0, 0, 0, 0, 0, 0, 0, 0, 0, 0, 0, 0, 0, 0, 0, 1, 0, 0, 0, 0, 0, 0], [0, 0, 0, 0, 0, 0, 0, 0, 0, 0, 0, 0, 0, 0, 0, 0, 1, 0, 0, 0, 0, 0], [0, 0, 0, 0, 0, 0, 0, 0, 0, 0, 0, 0, 0, 0, 0, 0, 0, 1, 0, 0, 0, 0], [0, 0, 0, 0, 0, 0, 0, 0, 0, 0, 0, 0, 0, 0, 0, 0, 0, 0, 1, 0, 0, 0], [0, 0, 0, 0, 0, 0, 0, 0, 0, 0, 0, 0, 0, 0, 0, 0, 0, 0, 0, 1, 0, 0], [0, 0, 0, 0, 0, 0, 0, 0, 0, 0, 0, 0, 0, 0, 0, 0, 0, 0, 0, 0, 1, 0], [0, 0, 0, 0, 0, 0, 0, 0, 0, 0, 0, 0, 0, 0, 0, 0, 0, 0, 0, 0, 0, 1]]
[[1, 0, 0, 0, 0, 0, 0, 0, 0, 0, 0, 0, 0, 0, 0, 0, 0, 0, 0, 0, 0, 0], [0, 1, 0, 0, 0, 0, 0, 0, 0, 0, 0, 0, 0, 0, 0, 0, 0, 0, 0, 0, 0, 0], [0, 0, 1, 0, 0, 0, 0, 0, 0, 0, 0, 0, 0, 0, 0, 0, 0, 0, 0, 0, 0, 0], [0, 0, 0, 1, 0, 0, 0, 0, 0, 0, 0, 0, 0, 0, 0, 0, 0, 0, 0, 0, 0, 0], [0, 0, 0, 0, 1, 0, 0, 0, 0, 0, 0, 0, 0, 0, 0, 0, 0, 0, 0, 0, 0, 0], [0, 0, 0, 0, 0, 1, 0, 0, 0, 0, 0, 0, 0, 0, 0, 0, 0, 0, 0, 0, 0, 0], [0, 0, 0, 0, 0, 0, 1, 0, 0, 0, 0, 0, 0, 0, 0, 0, 0, 0, 0, 0, 0, 0], [0, 0, 0, 0, 0, 0, 0, 1, 0, 0, 0, 0, 0, 0, 0, 0, 0, 0, 0, 0, 0, 0], [0, 0, 0, 0, 0, 0, 0, 0, 1, 0, 0, 0, 0, 0, 0, 0, 0, 0, 0, 0, 0, 0], [0, 0, 0, 0, 0, 0, 0, 0, 0, 1, 0, 0, 0, 0, 0, 0, 0, 0, 0, 0, 0, 0], [0, 0, 0, 0, 0, 0, 0, 0, 0, 0, 1, 0, 0, 0, 0, 0, 0, 0, 0, 0, 0, 0], [0, 0, 0, 0, 0, 0, 0, 0, 0, 0, 0, 1, 0, 0, 0, 0, 0, 0, 0, 0, 0, 0], [0, 0, 0, 0, 0, 0, 0, 0, 0, 0, 0, 0, 1, 0, 0, 0, 0, 0, 0, 0, 0, 0], [0, 0, 0, 0, 0, 0, 0, 0, 0, 0, 0, 0, 0, 1, 0, 0, 0, 0, 0, 0, 0, 0], [0, 0, 0, 0, 0, 0, 0, 0, 0, 0, 0, 0, 0, 0, 1, 0, 0, 0, 0, 0, 0, 0], [0, 0, 0, 0, 0, 0, 0, 0, 0, 0, 0, 0, 0, 0, 0, 1, 0, 0, 0, 0, 0, 0], [0, 0, 0, 0, 0, 0, 0, 0, 0, 0, 0, 0, 0, 0, 0, 0, 1, 0, 0, 0, 0, 0], [0, 0, 0, 0, 0, 0, 0, 0, 0, 0, 0, 0, 0, 0, 0, 0, 0, 1, 0, 0, 0, 0], [0, 0, 0, 0, 0, 0, 0, 0, 0, 0, 0, 0, 0, 0, 0, 0, 0, 0, 1, 0, 0, 0], [0, 0, 0, 0, 0, 0, 0, 0, 0, 0, 0, 0, 0, 0, 0, 0, 0, 0, 0, 1, 0, 0], [0, 0, 0, 0, 0, 0, 0, 0, 0, 0, 0, 0, 0, 0, 0, 0, 0, 0, 0, 0, 1, 0], [0, 0, 0, 0, 0, 0, 0, 0, 0, 0, 0, 0, 0, 0, 0, 0, 0, 0, 0, 0, 0, 1]]
[[1, 0, 0, 0, 0, 0, 0, 0, 0, 0, 0, 0, 0, 0, 0, 0, 0, 0, 0, 0, 0, 0], [0, 1, 0, 0, 0, 0, 0, 0, 0, 0, 0, 0, 0, 0, 0, 0, 0, 0, 0, 0, 0, 0], [0, 0, 1, 0, 0, 0, 0, 0, 0, 0, 0, 0, 0, 0, 0, 0, 0, 0, 0, 0, 0, 0], [0, 0, 0, 1, 0, 0, 0, 0, 0, 0, 0, 0, 0, 0, 0, 0, 0, 0, 0, 0, 0, 0], [0, 0, 0, 0, 1, 0, 0, 0, 0, 0, 0, 0, 0, 0, 0, 0, 0, 0, 0, 0, 0, 0], [0, 0, 0, 0, 0, 1, 0, 0, 0, 0, 0, 0, 0, 0, 0, 0, 0, 0, 0, 0, 0, 0], [0, 0, 0, 0, 0, 0, 1, 0, 0, 0, 0, 0, 0, 0, 0, 0, 0, 0, 0, 0, 0, 0], [0, 0, 0, 0, 0, 0, 0, 1, 0, 0, 0, 0, 0, 0, 0, 0, 0, 0, 0, 0, 0, 0], [0, 0, 0, 0, 0, 0, 0, 0, 1, 0, 0, 0, 0, 0, 0, 0, 0, 0, 0, 0, 0, 0], [0, 0, 0, 0, 0, 0, 0, 0, 0, 1, 0, 0, 0, 0, 0, 0, 0, 0, 0, 0, 0, 0], [0, 0, 0, 0, 0, 0, 0, 0, 0, 0, 1, 0, 0, 0, 0, 0, 0, 0, 0, 0, 0, 0], [0, 0, 0, 0, 0, 0, 0, 0, 0, 0, 0, 1, 0, 0, 0, 0, 0, 0, 0, 0, 0, 0], [0, 0, 0, 0, 0, 0, 0, 0, 0, 0, 0, 0, 1, 0, 0, 0, 0, 0, 0, 0, 0, 0], [0, 0, 0, 0, 0, 0, 0, 0, 0, 0, 0, 0, 0, 1, 0, 0, 0, 0, 0, 0, 0, 0], [0, 0, 0, 0, 0, 0, 0, 0, 0, 0, 0, 0, 0, 0, 1, 0, 0, 0, 0, 0, 0, 0], [0, 0, 0, 0, 0, 0, 0, 0, 0, 0, 0, 0, 0, 0, 0, 1, 0, 0, 0, 0, 0, 0], [0, 0, 0, 0, 0, 0, 0, 0, 0, 0, 0, 0, 0, 0, 0, 0, 1, 0, 0, 0, 0, 0], [0, 0, 0, 0, 0, 0, 0, 0, 0, 0, 0, 0, 0, 0, 0, 0, 0, 1, 0, 0, 0, 0], [0, 0, 0, 0, 0, 0, 0, 0, 0, 0, 0, 0, 0, 0, 0, 0, 0, 0, 1, 0, 0, 0], [0, 0, 0, 0, 0, 0, 0, 0, 0, 0, 0, 0, 0, 0, 0, 0, 0, 0, 0, 1, 0, 0], [0, 0, 0, 0, 0, 0, 0, 0, 0, 0, 0, 0, 0, 0, 0, 0, 0, 0, 0, 0, 1, 0], [0, 0, 0, 0, 0, 0, 0, 0, 0, 0, 0, 0, 0, 0, 0, 0, 0, 0, 0, 0, 0, 1]]
[[-1, 1, -1, -2, 2, 0, -2, -1, -3, -1, -3, -1, -3, -1, -2, 0, 0, -3, 0, 2, -4, -2], [-2, 2, -1, -2, 2, 0, -2, -1, -3, -1, -3, -1, -3, -1, -2, 0, 0, -3, 0, 2, -4, -2], [-4, 2, -1, -4, 4, 0, -4, -2, -6, -2, -6, -2, -6, -2, -4, 0, 0, -6, 0, 4, -8, -4], [1, -1, 0, 2, -1, 0, 1, 1, 2, 0, 2, 1, 2, 1, 1, 0, 0, 2, 0, -1, 2, 1], [-1, 1, 0, -1, 2, 0, -1, -1, -2, 0, -2, -1, -2, -1, -1, 0, 0, -2, 0, 1, -2, -1], [-3, 2, -1, -3, 3, 1, -3, -2, -5, -1, -5, -2, -5, -2, -3, 0, 0, -5, 0, 3, -6, -3], [4, -2, 2, 4, -4, 0, 5, 2, 6, 2, 6, 2, 6, 2, 4, 0, 0, 6, 0, -4, 8, 4], [-3, 2, -1, -3, 3, 0, -3, -1, -5, -1, -5, -2, -5, -2, -3, 0, 0, -5, 0, 3, -6, -3], [-1, 1, 0, -1, 1, 0, -1, -1, -1, 0, -2, -1, -2, -1, -1, 0, 0, -2, 0, 1, -2, -1], [0, 0, 0, 0, 0, 0, 0, 0, 0, 1, 0, 0, 0, 0, 0, 0, 0, 0, 0, 0, 0, 0], [-1, 1, 0, -1, 1, 0, -1, -1, -2, 0, -1, -1, -2, -1, -1, 0, 0, -2, 0, 1, -2, -1], [-2, 1, -1, -2, 2, 0, -2, -1, -3, -1, -3, 0, -3, -1, -2, 0, 0, -3, 0, 2, -4, -2], [-1, 1, 0, -1, 1, 0, -1, -1, -2, 0, -2, -1, -1, -1, -1, 0, 0, -2, 0, 1, -2, -1], [0, 0, 0, 0, 0, 0, 0, 0, 0, 0, 0, 0, 0, 1, 0, 0, 0, 0, 0, 0, 0, 0], [1, -1, 0, 1, -1, 0, 1, 1, 2, 0, 2, 1, 2, 1, 2, 0, 0, 2, 0, -1, 2, 1], [3, -2, 1, 3, -3, 0, 3, 2, 5, 1, 5, 2, 5, 2, 3, 1, 0, 5, 0, -3, 6, 3], [3, -2, 1, 3, -3, 0, 3, 2, 5, 1, 5, 2, 5, 2, 3, 0, 1, 5, 0, -3, 6, 3], [2, -1, 1, 2, -2, 0, 2, 1, 3, 1, 3, 1, 3, 1, 2, 0, 0, 4, 0, -2, 4, 2], [-2, 1, -1, -2, 2, 0, -2, -1, -3, -1, -3, -1, -3, -1, -2, 0, 0, -3, 1, 2, -4, -2], [0, 0, 0, 0, 0, 0, 0, 0, 0, 0, 0, 0, 0, 0, 0, 0, 0, 0, 0, 1, 0, 0], [-1, 0, -1, -1, 1, 0, -1, 0, -1, -1, -1, 0, -1, 0, -1, 0, 0, -1, 0, 1, -1, -1], [0, 0, 0, 0, 0, 0, 0, 0, 0, 0, 0, 0, 0, 0, 0, 0, 0, 0, 0, 0, 0, 1]]
[[-1, 2, 0, -3, 1, -1, -3, -2, -3, 0, -2, -2, -2, -1, -2, 0, 0, -3, -1, 1, -4, -2], [-3, 3, -1, -3, 1, -2, -4, -1, -5, -2, -2, -1, -2, 0, -2, 0, 0, -5, -2, 1, -5, -3], [-7, 5, -1, -7, 2, -5, -10, -3, -11, -4, -4, -3, -4, 0, -5, 0, 0, -11, -5, 2, -12, -7], [-1, 0, 0, -1, 1, 1, 0, -1, -1, 0, -2, -1, -2, -2, -1, 0, -1, 0, 1, 1, 0, 0], [-3, 2, -1, -3, 2, -2, -4, -1, -5, -2, -2, -1, -2, 0, -2, 0, 0, -5, -2, 1, -5, -3], [-7, 5, -2, -7, 2, -4, -10, -3, -11, -4, -4, -3, -4, 0, -5, 0, 0, -11, -5, 2, -12, -7], [6, -5, 1, 8, -3, 3, 9, 4, 10, 2, 6, 4, 6, 2, 5, 0, 0, 10, 3, -3, 11, 6], [-4, 3, -1, -5, 2, -2, -5, -1, -7, -2, -4, -2, -4, -1, -3, 0, 0, -7, -2, 2, -7, -4], [0, 0, 0, -1, 1, 1, 1, 0, 0, 0, -2, 0, -2, -1, 0, 0, 0, -1, 1, 1, 0, 0], [-1, -1, -1, 1, -1, -1, -1, 1, 0, -1, 2, 1, 2, 1, 0, 0, -1, 1, -1, -1, 1, 0], [-2, 1, -1, -1, 0, -2, -3, 0, -3, -2, 1, 0, 0, 1, -1, 0, 0, -3, -2, 0, -3, -2], [-4, 3, -1, -4, 1, -3, -6, -2, -6, -2, -2, -1, -2, 0, -3, 0, 0, -6, -3, 1, -7, -4], [-2, 1, -1, -1, 0, -2, -3, 0, -3, -2, 0, 0, 1, 1, -1, 0, 0, -3, -2, 0, -3, -2], [0, 0, 0, 1, -1, -1, -1, 0, 1, 0, 2, 0, 2, 2, 0, 0, 0, 1, -1, -1, 0, 0], [3, -2, 1, 3, -1, 2, 4, 1, 5, 2, 2, 1, 2, 0, 3, 0, 0, 5, 2, -1, 5, 3], [4, -3, 1, 4, -1, 3, 6, 2, 6, 2, 2, 2, 2, 0, 3, 1, 0, 6, 3, -1, 7, 4], [3, -2, 1, 2, 0, 3, 5, 1, 4, 2, 0, 1, 0, -1, 2, 0, 1, 4, 3, 0, 5, 3], [3, -1, 1, 2, 0, 2, 4, 1, 3, 2, 0, 1, 0, 0, 2, 0, 1, 3, 2, 0, 3, 2], [-3, 2, -1, -2, 0, -3, -5, -1, -4, -2, 0, -1, 0, 1, -2, 0, 0, -4, -2, 0, -5, -3], [1, -1, 0, 2, -1, 0, 1, 1, 2, 0, 2, 1, 2, 1, 1, 0, 0, 2, 0, 0, 2, 1], [-1, 1, 0, -1, 0, -1, -2, -1, -1, 0, 0, -1, 0, 0, -1, 0, 0, -1, -1, 0, -1, -1], [0, 0, 0, 0, 0, 0, 0, 0, 0, 0, 0, 0, 0, 0, 0, 0, 0, 0, 0, 0, 0, 1]]
[[1, 0, 0, 0, 0, 0, 0, 0, 0, 0, 0, 0, 0, 0, 0, 0, 0, 0, 0, 0, 0, 0], [0, 1, 0, 0, 0, 0, 0, 0, 0, 0, 0, 0, 0, 0, 0, 0, 0, 0, 0, 0, 0, 0], [0, 0, 1, 0, 0, 0, 0, 0, 0, 0, 0, 0, 0, 0, 0, 0, 0, 0, 0, 0, 0, 0], [0, 0, 0, 1, 0, 0, 0, 0, 0, 0, 0, 0, 0, 0, 0, 0, 0, 0, 0, 0, 0, 0], [0, 0, 0, 0, 1, 0, 0, 0, 0, 0, 0, 0, 0, 0, 0, 0, 0, 0, 0, 0, 0, 0], [0, 0, 0, 0, 0, 1, 0, 0, 0, 0, 0, 0, 0, 0, 0, 0, 0, 0, 0, 0, 0, 0], [0, 0, 0, 0, 0, 0, 1, 0, 0, 0, 0, 0, 0, 0, 0, 0, 0, 0, 0, 0, 0, 0], [0, 0, 0, 0, 0, 0, 0, 1, 0, 0, 0, 0, 0, 0, 0, 0, 0, 0, 0, 0, 0, 0], [0, 0, 0, 0, 0, 0, 0, 0, 1, 0, 0, 0, 0, 0, 0, 0, 0, 0, 0, 0, 0, 0], [0, 0, 0, 0, 0, 0, 0, 0, 0, 1, 0, 0, 0, 0, 0, 0, 0, 0, 0, 0, 0, 0], [0, 0, 0, 0, 0, 0, 0, 0, 0, 0, 1, 0, 0, 0, 0, 0, 0, 0, 0, 0, 0, 0], [0, 0, 0, 0, 0, 0, 0, 0, 0, 0, 0, 1, 0, 0, 0, 0, 0, 0, 0, 0, 0, 0], [0, 0, 0, 0, 0, 0, 0, 0, 0, 0, 0, 0, 1, 0, 0, 0, 0, 0, 0, 0, 0, 0], [0, 0, 0, 0, 0, 0, 0, 0, 0, 0, 0, 0, 0, 1, 0, 0, 0, 0, 0, 0, 0, 0], [0, 0, 0, 0, 0, 0, 0, 0, 0, 0, 0, 0, 0, 0, 1, 0, 0, 0, 0, 0, 0, 0], [0, 0, 0, 0, 0, 0, 0, 0, 0, 0, 0, 0, 0, 0, 0, 1, 0, 0, 0, 0, 0, 0], [0, 0, 0, 0, 0, 0, 0, 0, 0, 0, 0, 0, 0, 0, 0, 0, 1, 0, 0, 0, 0, 0], [0, 0, 0, 0, 0, 0, 0, 0, 0, 0, 0, 0, 0, 0, 0, 0, 0, 1, 0, 0, 0, 0], [0, 0, 0, 0, 0, 0, 0, 0, 0, 0, 0, 0, 0, 0, 0, 0, 0, 0, 1, 0, 0, 0], [0, 0, 0, 0, 0, 0, 0, 0, 0, 0, 0, 0, 0, 0, 0, 0, 0, 0, 0, 1, 0, 0], [0, 0, 0, 0, 0, 0, 0, 0, 0, 0, 0, 0, 0, 0, 0, 0, 0, 0, 0, 0, 1, 0], [0, 0, 0, 0, 0, 0, 0, 0, 0, 0, 0, 0, 0, 0, 0, 0, 0, 0, 0, 0, 0, 1]]
[[1, 0, 0, 0, 0, 0, 0, 0, 0, 0, 0, 0, 0, 0, 0, 0, 0, 0, 0, 0, 0, 0], [0, 1, 0, 0, 0, 0, -1, -1, -1, 0, 0, -1, 0, 0, -1, 0, 0, 0, 0, 0, -1, -1], [0, 0, 1, 0, 0, 0, -1, -1, -1, 0, 0, -1, 0, 0, -1, 0, 0, 0, 0, 0, -1, -1], [0, 0, 0, 1, 0, 0, 1, 1, 1, 0, 0, 1, 0, 0, 1, 0, 0, 0, 0, 0, 1, 1], [0, 0, 0, 0, 1, 0, -1, -1, -1, 0, 0, -1, 0, 0, -1, 0, 0, 0, 0, 0, -1, -1], [0, 0, 0, 0, 0, 1, -1, -1, -1, 0, 0, -1, 0, 0, -1, 0, 0, 0, 0, 0, -1, -1], [0, 0, 0, 0, 0, 0, 1, 0, 0, 0, 0, 0, 0, 0, 0, 0, 0, 0, 0, 0, 0, 0], [0, 0, 0, 0, 0, 0, -1, 0, -1, 0, 0, -1, 0, 0, -1, 0, 0, 0, 0, 0, -1, -1], [0, 0, 0, 0, 0, 0, 0, 0, 1, 0, 0, 0, 0, 0, 0, 0, 0, 0, 0, 0, 0, 0], [0, 0, 0, 0, 0, 0, -1, -1, -1, 1, 0, -1, 0, 0, -1, 0, 0, 0, 0, 0, -1, -1], [0, 0, 0, 0, 0, 0, -1, -1, -1, 0, 1, -1, 0, 0, -1, 0, 0, 0, 0, 0, -1, -1], [0, 0, 0, 0, 0, 0, -1, -1, -1, 0, 0, 0, 0, 0, -1, 0, 0, 0, 0, 0, -1, -1], [0, 0, 0, 0, 0, 0, -1, -1, -1, 0, 0, -1, 1, 0, -1, 0, 0, 0, 0, 0, -1, -1], [0, 0, 0, 0, 0, 0, 0, 0, 0, 0, 0, 0, 0, 1, 0, 0, 0, 0, 0, 0, 0, 0], [0, 0, 0, 0, 0, 0, 0, 0, 0, 0, 0, 0, 0, 0, 1, 0, 0, 0, 0, 0, 0, 0], [0, 0, 0, 0, 0, 0, 1, 1, 1, 0, 0, 1, 0, 0, 1, 1, 0, 0, 0, 0, 1, 1], [0, 0, 0, 0, 0, 0, 2, 2, 2, 0, 0, 2, 0, 0, 2, 0, 1, 0, 0, 0, 2, 2], [0, 0, 0, 0, 0, 0, 1, 1, 1, 0, 0, 1, 0, 0, 1, 0, 0, 1, 0, 0, 1, 1], [0, 0, 0, 0, 0, 0, 0, 0, 0, 0, 0, 0, 0, 0, 0, 0, 0, 0, 1, 0, 0, 0], [0, 0, 0, 0, 0, 0, 0, 0, 0, 0, 0, 0, 0, 0, 0, 0, 0, 0, 0, 1, 0, 0], [0, 0, 0, 0, 0, 0, 0, 0, 0, 0, 0, 0, 0, 0, 0, 0, 0, 0, 0, 0, 1, 0], [0, 0, 0, 0, 0, 0, 0, 0, 0, 0, 0, 0, 0, 0, 0, 0, 0, 0, 0, 0, 0, 1]]
[[-2, -1, -1, -2, 2, 2, 2, 2, 1, -1, -5, 3, -4, -2, 0, 0, 0, -3, 2, 2, 0, 0], [1, 1, 0, 1, -1, -1, -1, 0, -1, 0, 2, -1, 2, 1, 0, 0, 0, 1, -1, -1, 0, 0], [1, 0, 1, 1, -1, -1, -1, 0, -1, 0, 2, -1, 2, 1, 0, 0, 0, 1, -1, -1, 0, 0], [-1, 0, 0, 0, 1, 1, 1, 0, 1, 0, -2, 1, -2, -1, 0, 0, 0, -1, 1, 1, 0, 0], [3, 1, 1, 2, -1, -2, -2, -2, -1, 1, 5, -3, 4, 2, 0, 0, 0, 3, -2, -2, 0, 0], [3, 1, 1, 2, -2, -1, -2, -2, -1, 1, 5, -3, 4, 2, 0, 0, 0, 3, -2, -2, 0, 0], [3, 1, 1, 2, -2, -2, -1, -2, -1, 1, 5, -3, 4, 2, 0, 0, 0, 3, -2, -2, 0, 0], [0, 0, 0, 0, 0, 0, 0, 1, 0, 0, 0, 0, 0, 0, 0, 0, 0, 0, 0, 0, 0, 0], [-2, -1, -1, -1, 1, 1, 1, 2, 1, -1, -3, 2, -2, -1, 0, 0, 0, -2, 1, 1, 0, 0], [3, 1, 1, 2, -2, -2, -2, -2, -1, 2, 5, -3, 4, 2, 0, 0, 0, 3, -2, -2, 0, 0], [1, 0, 0, 1, -1, -1, -1, 0, -1, 0, 3, -1, 2, 1, 0, 0, 0, 1, -1, -1, 0, 0], [3, 1, 1, 2, -2, -2, -2, -2, -1, 1, 5, -2, 4, 2, 0, 0, 0, 3, -2, -2, 0, 0], [3, 1, 1, 2, -2, -2, -2, -2, -1, 1, 5, -3, 5, 2, 0, 0, 0, 3, -2, -2, 0, 0], [0, 0, 0, 0, 0, 0, 0, 0, 0, 0, 0, 0, 0, 1, 0, 0, 0, 0, 0, 0, 0, 0], [0, 0, 0, 0, 0, 0, 0, 0, 0, 0, 0, 0, 0, 0, 1, 0, 0, 0, 0, 0, 0, 0], [0, 0, 0, 0, 0, 0, 0, 0, 0, 0, 0, 0, 0, 0, 0, 1, 0, 0, 0, 0, 0, 0], [-1, 0, 0, -1, 1, 1, 1, 0, 1, 0, -2, 1, -2, -1, 0, 0, 1, -1, 1, 1, 0, 0], [0, 0, 0, 0, 0, 0, 0, 0, 0, 0, 0, 0, 0, 0, 0, 0, 0, 1, 0, 0, 0, 0], [-2, -1, -1, -1, 1, 1, 1, 2, 0, -1, -3, 2, -2, -1, 0, 0, 0, -2, 2, 1, 0, 0], [-2, -1, -1, -1, 1, 1, 1, 2, 0, -1, -3, 2, -2, -1, 0, 0, 0, -2, 1, 2, 0, 0], [0, 0, 0, 0, 0, 0, 0, 0, 0, 0, 0, 0, 0, 0, 0, 0, 0, 0, 0, 0, 1, 0], [-1, 0, 0, -1, 1, 1, 1, 0, 1, 0, -2, 1, -2, -1, 0, 0, 0, -1, 1, 1, 0, 1]]
[[1, 0, 0, 0, 0, 0, 0, 0, 0, 0, 0, 0, 0, 0, 0, 0, 0, 0, 0, 0, 0, 0], [0, 1, 0, 0, 0, 0, 0, 0, 0, 0, 0, 0, 0, 0, 0, 0, 0, 0, 0, 0, 0, 0], [0, 0, 1, 0, 0, 0, 0, 0, 0, 0, 0, 0, 0, 0, 0, 0, 0, 0, 0, 0, 0, 0], [0, 0, 0, 1, 0, 0, 0, 0, 0, 0, 0, 0, 0, 0, 0, 0, 0, 0, 0, 0, 0, 0], [0, 0, 0, 0, 1, 0, 0, 0, 0, 0, 0, 0, 0, 0, 0, 0, 0, 0, 0, 0, 0, 0], [0, 0, 0, 0, 0, 1, 0, 0, 0, 0, 0, 0, 0, 0, 0, 0, 0, 0, 0, 0, 0, 0], [0, 0, 0, 0, 0, 0, 1, 0, 0, 0, 0, 0, 0, 0, 0, 0, 0, 0, 0, 0, 0, 0], [0, 0, 0, 0, 0, 0, 0, 1, 0, 0, 0, 0, 0, 0, 0, 0, 0, 0, 0, 0, 0, 0], [0, 0, 0, 0, 0, 0, 0, 0, 1, 0, 0, 0, 0, 0, 0, 0, 0, 0, 0, 0, 0, 0], [0, 0, 0, 0, 0, 0, 0, 0, 0, 1, 0, 0, 0, 0, 0, 0, 0, 0, 0, 0, 0, 0], [0, 0, 0, 0, 0, 0, 0, 0, 0, 0, 1, 0, 0, 0, 0, 0, 0, 0, 0, 0, 0, 0], [0, 0, 0, 0, 0, 0, 0, 0, 0, 0, 0, 1, 0, 0, 0, 0, 0, 0, 0, 0, 0, 0], [0, 0, 0, 0, 0, 0, 0, 0, 0, 0, 0, 0, 1, 0, 0, 0, 0, 0, 0, 0, 0, 0], [0, 0, 0, 0, 0, 0, 0, 0, 0, 0, 0, 0, 0, 1, 0, 0, 0, 0, 0, 0, 0, 0], [0, 0, 0, 0, 0, 0, 0, 0, 0, 0, 0, 0, 0, 0, 1, 0, 0, 0, 0, 0, 0, 0], [0, 0, 0, 0, 0, 0, 0, 0, 0, 0, 0, 0, 0, 0, 0, 1, 0, 0, 0, 0, 0, 0], [0, 0, 0, 0, 0, 0, 0, 0, 0, 0, 0, 0, 0, 0, 0, 0, 1, 0, 0, 0, 0, 0], [0, 0, 0, 0, 0, 0, 0, 0, 0, 0, 0, 0, 0, 0, 0, 0, 0, 1, 0, 0, 0, 0], [0, 0, 0, 0, 0, 0, 0, 0, 0, 0, 0, 0, 0, 0, 0, 0, 0, 0, 1, 0, 0, 0], [0, 0, 0, 0, 0, 0, 0, 0, 0, 0, 0, 0, 0, 0, 0, 0, 0, 0, 0, 1, 0, 0], [0, 0, 0, 0, 0, 0, 0, 0, 0, 0, 0, 0, 0, 0, 0, 0, 0, 0, 0, 0, 1, 0], [0, 0, 0, 0, 0, 0, 0, 0, 0, 0, 0, 0, 0, 0, 0, 0, 0, 0, 0, 0, 0, 1]]
[[1, 0, 0, 0, 0, 0, 0, 0, 0, 0, 0, 0, 0, 0, 0, 0, 0, 0, 0, 0, 0, 0], [0, 1, 0, 0, 0, 0, 0, 0, 0, 0, 0, 0, 0, 0, 0, 0, 0, 0, 0, 0, 0, 0], [0, 0, 1, 0, 0, 0, 0, 0, 0, 0, 0, 0, 0, 0, 0, 0, 0, 0, 0, 0, 0, 0], [0, 0, 0, 1, 0, 0, 0, 0, 0, 0, 0, 0, 0, 0, 0, 0, 0, 0, 0, 0, 0, 0], [0, 0, 0, 0, 1, 0, 0, 0, 0, 0, 0, 0, 0, 0, 0, 0, 0, 0, 0, 0, 0, 0], [0, 0, 0, 0, 0, 1, 0, 0, 0, 0, 0, 0, 0, 0, 0, 0, 0, 0, 0, 0, 0, 0], [0, 0, 0, 0, 0, 0, 1, 0, 0, 0, 0, 0, 0, 0, 0, 0, 0, 0, 0, 0, 0, 0], [0, 0, 0, 0, 0, 0, 0, 1, 0, 0, 0, 0, 0, 0, 0, 0, 0, 0, 0, 0, 0, 0], [0, 0, 0, 0, 0, 0, 0, 0, 1, 0, 0, 0, 0, 0, 0, 0, 0, 0, 0, 0, 0, 0], [0, 0, 0, 0, 0, 0, 0, 0, 0, 1, 0, 0, 0, 0, 0, 0, 0, 0, 0, 0, 0, 0], [0, 0, 0, 0, 0, 0, 0, 0, 0, 0, 1, 0, 0, 0, 0, 0, 0, 0, 0, 0, 0, 0], [0, 0, 0, 0, 0, 0, 0, 0, 0, 0, 0, 1, 0, 0, 0, 0, 0, 0, 0, 0, 0, 0], [0, 0, 0, 0, 0, 0, 0, 0, 0, 0, 0, 0, 1, 0, 0, 0, 0, 0, 0, 0, 0, 0], [0, 0, 0, 0, 0, 0, 0, 0, 0, 0, 0, 0, 0, 1, 0, 0, 0, 0, 0, 0, 0, 0], [0, 0, 0, 0, 0, 0, 0, 0, 0, 0, 0, 0, 0, 0, 1, 0, 0, 0, 0, 0, 0, 0], [0, 0, 0, 0, 0, 0, 0, 0, 0, 0, 0, 0, 0, 0, 0, 1, 0, 0, 0, 0, 0, 0], [0, 0, 0, 0, 0, 0, 0, 0, 0, 0, 0, 0, 0, 0, 0, 0, 1, 0, 0, 0, 0, 0], [0, 0, 0, 0, 0, 0, 0, 0, 0, 0, 0, 0, 0, 0, 0, 0, 0, 1, 0, 0, 0, 0], [0, 0, 0, 0, 0, 0, 0, 0, 0, 0, 0, 0, 0, 0, 0, 0, 0, 0, 1, 0, 0, 0], [0, 0, 0, 0, 0, 0, 0, 0, 0, 0, 0, 0, 0, 0, 0, 0, 0, 0, 0, 1, 0, 0], [0, 0, 0, 0, 0, 0, 0, 0, 0, 0, 0, 0, 0, 0, 0, 0, 0, 0, 0, 0, 1, 0], [0, 0, 0, 0, 0, 0, 0, 0, 0, 0, 0, 0, 0, 0, 0, 0, 0, 0, 0, 0, 0, 1]]
[[1, 0, 0, 0, 0, 0, 0, 0, 0, 0, 0, 0, 0, 0, 0, 0, 0, 0, 0, 0, 0, 0], [0, 1, 0, 0, 0, 0, 0, 0, 0, 0, 0, 0, 0, 0, 0, 0, 0, 0, 0, 0, 0, 0], [0, 0, 1, 0, 0, 0, 0, 0, 0, 0, 0, 0, 0, 0, 0, 0, 0, 0, 0, 0, 0, 0], [0, 0, 0, 1, 0, 0, 0, 0, 0, 0, 0, 0, 0, 0, 0, 0, 0, 0, 0, 0, 0, 0], [0, 0, 0, 0, 1, 0, 0, 0, 0, 0, 0, 0, 0, 0, 0, 0, 0, 0, 0, 0, 0, 0], [0, 0, 0, 0, 0, 1, 0, 0, 0, 0, 0, 0, 0, 0, 0, 0, 0, 0, 0, 0, 0, 0], [0, 0, 0, 0, 0, 0, 1, 0, 0, 0, 0, 0, 0, 0, 0, 0, 0, 0, 0, 0, 0, 0], [0, 0, 0, 0, 0, 0, 0, 1, 0, 0, 0, 0, 0, 0, 0, 0, 0, 0, 0, 0, 0, 0], [0, 0, 0, 0, 0, 0, 0, 0, 1, 0, 0, 0, 0, 0, 0, 0, 0, 0, 0, 0, 0, 0], [0, 0, 0, 0, 0, 0, 0, 0, 0, 1, 0, 0, 0, 0, 0, 0, 0, 0, 0, 0, 0, 0], [0, 0, 0, 0, 0, 0, 0, 0, 0, 0, 1, 0, 0, 0, 0, 0, 0, 0, 0, 0, 0, 0], [0, 0, 0, 0, 0, 0, 0, 0, 0, 0, 0, 1, 0, 0, 0, 0, 0, 0, 0, 0, 0, 0], [0, 0, 0, 0, 0, 0, 0, 0, 0, 0, 0, 0, 1, 0, 0, 0, 0, 0, 0, 0, 0, 0], [0, 0, 0, 0, 0, 0, 0, 0, 0, 0, 0, 0, 0, 1, 0, 0, 0, 0, 0, 0, 0, 0], [0, 0, 0, 0, 0, 0, 0, 0, 0, 0, 0, 0, 0, 0, 1, 0, 0, 0, 0, 0, 0, 0], [0, 0, 0, 0, 0, 0, 0, 0, 0, 0, 0, 0, 0, 0, 0, 1, 0, 0, 0, 0, 0, 0], [0, 0, 0, 0, 0, 0, 0, 0, 0, 0, 0, 0, 0, 0, 0, 0, 1, 0, 0, 0, 0, 0], [0, 0, 0, 0, 0, 0, 0, 0, 0, 0, 0, 0, 0, 0, 0, 0, 0, 1, 0, 0, 0, 0], [0, 0, 0, 0, 0, 0, 0, 0, 0, 0, 0, 0, 0, 0, 0, 0, 0, 0, 1, 0, 0, 0], [0, 0, 0, 0, 0, 0, 0, 0, 0, 0, 0, 0, 0, 0, 0, 0, 0, 0, 0, 1, 0, 0], [0, 0, 0, 0, 0, 0, 0, 0, 0, 0, 0, 0, 0, 0, 0, 0, 0, 0, 0, 0, 1, 0], [0, 0, 0, 0, 0, 0, 0, 0, 0, 0, 0, 0, 0, 0, 0, 0, 0, 0, 0, 0, 0, 1]]
[[1, 0, 0, 0, 0, 0, 0, 0, 0, 0, 0, 0, 0, 0, 0, 0, 0, 0, 0, 0, 0, 0], [0, 1, 0, 0, 0, 0, 0, 0, 0, 0, 0, 0, 0, 0, 0, 0, 0, 0, 0, 0, 0, 0], [0, 0, 1, 0, 0, 0, 0, 0, 0, 0, 0, 0, 0, 0, 0, 0, 0, 0, 0, 0, 0, 0], [0, 0, 0, 1, 0, 0, 0, 0, 0, 0, 0, 0, 0, 0, 0, 0, 0, 0, 0, 0, 0, 0], [0, 0, 0, 0, 1, 0, 0, 0, 0, 0, 0, 0, 0, 0, 0, 0, 0, 0, 0, 0, 0, 0], [0, 0, 0, 0, 0, 1, 0, 0, 0, 0, 0, 0, 0, 0, 0, 0, 0, 0, 0, 0, 0, 0], [0, 0, 0, 0, 0, 0, 1, 0, 0, 0, 0, 0, 0, 0, 0, 0, 0, 0, 0, 0, 0, 0], [0, 0, 0, 0, 0, 0, 0, 1, 0, 0, 0, 0, 0, 0, 0, 0, 0, 0, 0, 0, 0, 0], [0, 0, 0, 0, 0, 0, 0, 0, 1, 0, 0, 0, 0, 0, 0, 0, 0, 0, 0, 0, 0, 0], [0, 0, 0, 0, 0, 0, 0, 0, 0, 1, 0, 0, 0, 0, 0, 0, 0, 0, 0, 0, 0, 0], [0, 0, 0, 0, 0, 0, 0, 0, 0, 0, 1, 0, 0, 0, 0, 0, 0, 0, 0, 0, 0, 0], [0, 0, 0, 0, 0, 0, 0, 0, 0, 0, 0, 1, 0, 0, 0, 0, 0, 0, 0, 0, 0, 0], [0, 0, 0, 0, 0, 0, 0, 0, 0, 0, 0, 0, 1, 0, 0, 0, 0, 0, 0, 0, 0, 0], [0, 0, 0, 0, 0, 0, 0, 0, 0, 0, 0, 0, 0, 1, 0, 0, 0, 0, 0, 0, 0, 0], [0, 0, 0, 0, 0, 0, 0, 0, 0, 0, 0, 0, 0, 0, 1, 0, 0, 0, 0, 0, 0, 0], [0, 0, 0, 0, 0, 0, 0, 0, 0, 0, 0, 0, 0, 0, 0, 1, 0, 0, 0, 0, 0, 0], [0, 0, 0, 0, 0, 0, 0, 0, 0, 0, 0, 0, 0, 0, 0, 0, 1, 0, 0, 0, 0, 0], [0, 0, 0, 0, 0, 0, 0, 0, 0, 0, 0, 0, 0, 0, 0, 0, 0, 1, 0, 0, 0, 0], [0, 0, 0, 0, 0, 0, 0, 0, 0, 0, 0, 0, 0, 0, 0, 0, 0, 0, 1, 0, 0, 0], [0, 0, 0, 0, 0, 0, 0, 0, 0, 0, 0, 0, 0, 0, 0, 0, 0, 0, 0, 1, 0, 0], [0, 0, 0, 0, 0, 0, 0, 0, 0, 0, 0, 0, 0, 0, 0, 0, 0, 0, 0, 0, 1, 0], [0, 0, 0, 0, 0, 0, 0, 0, 0, 0, 0, 0, 0, 0, 0, 0, 0, 0, 0, 0, 0, 1]]
[[0, 1, 0, 0, 0, -1, -1, 0, 0, -1, 1, 0, 1, 2, 1, 0, 1, -1, -1, 0, -1, 0], [-1, 1, 0, -1, 1, 0, 0, 0, -1, 0, -2, 0, -2, -1, -1, 0, 0, -2, 0, 1, -1, -1], [-3, 1, 0, -2, 1, 0, -1, 0, -2, -1, -3, 0, -3, -1, -1, 0, 0, -4, 0, 1, -3, -2], [0, 0, 0, 1, 0, 0, 0, 0, 0, 0, 0, 0, 0, 0, 0, 0, 0, 0, 0, 0, 0, 0], [-2, 0, -1, -2, 2, 1, 0, 0, -2, 0, -4, 0, -4, -3, -2, 0, -1, -3, 1, 1, -2, -2], [-4, 0, -1, -3, 2, 1, -1, 0, -3, -1, -5, 0, -5, -3, -3, 0, -1, -5, 0, 2, -3, -3], [4, -1, 1, 3, -2, 0, 2, 0, 3, 1, 5, 0, 5, 2, 2, 0, 0, 6, 0, -2, 4, 3], [-1, 1, 0, -1, 1, 0, 0, 1, -1, 0, -2, 0, -2, 0, 0, 0, 1, -3, 0, 1, -2, -1], [2, 1, 1, 1, 0, 0, 1, 0, 2, 1, 1, 0, 1, 2, 2, 0, 2, 0, 0, 0, 0, 1], [-2, -1, -1, -1, 0, 0, -1, 0, -1, 0, -1, 0, -1, -2, -2, 0, -2, 0, 0, 0, 0, -1], [0, 0, 0, 0, 0, 0, 0, 0, 0, 0, 1, 0, 0, 0, 0, 0, 0, 0, 0, 0, 0, 0], [-3, 0, -1, -2, 1, 0, -1, 0, -2, -1, -3, 1, -3, -2, -2, 0, -1, -3, 0, 1, -2, -2], [0, 0, 0, 0, 0, 0, 0, 0, 0, 0, 0, 0, 1, 0, 0, 0, 0, 0, 0, 0, 0, 0], [-2, -1, -1, -1, 0, 0, -1, 0, -1, -1, -1, 0, -1, -1, -2, 0, -2, 0, 0, 0, 0, -1], [0, -1, 0, 0, 0, 0, 0, 0, 0, 0, 0, 0, 0, -1, 0, 0, -1, 1, 0, 0, 1, 0], [3, 0, 1, 2, -1, 0, 1, 0, 2, 1, 3, 0, 3, 2, 2, 1, 1, 3, 0, -1, 2, 2], [1, 0, 0, 0, 0, 1, 1, 0, 0, 1, -1, 0, -1, -1, 0, 0, 1, 0, 1, 0, 0, 0], [0, 0, 0, -1, 1, 1, 1, 0, -1, 1, -3, 0, -3, -2, -1, 0, 0, -1, 1, 1, -1, -1], [-1, 0, 0, 0, 0, -1, -1, 0, 0, -1, 1, 0, 1, 1, 0, 0, 0, 0, 0, 0, 0, 0], [1, 0, 0, 1, -1, 0, 0, 0, 1, 0, 2, 0, 2, 1, 1, 0, 0, 2, 0, 0, 1, 1], [-2, 0, -1, -1, 0, 0, -1, 0, -1, -1, -1, 0, -1, -1, -1, 0, -1, -1, 0, 0, 0, -1], [0, 0, 0, 0, 0, 0, 0, 0, 0, 0, 0, 0, 0, 0, 0, 0, 0, 0, 0, 0, 0, 1]]
[[1, 0, 0, 0, 0, 0, 0, 0, 0, 0, 0, 0, 0, 0, 0, 0, 0, 0, 0, 0, 0, 0], [0, 1, 0, 0, 0, 0, 0, 0, 0, 0, 0, 0, 0, 0, 0, 0, 0, 0, 0, 0, 0, 0], [0, 0, 1, 0, 0, 0, 0, 0, 0, 0, 0, 0, 0, 0, 0, 0, 0, 0, 0, 0, 0, 0], [0, 0, 0, 1, 0, 0, 0, 0, 0, 0, 0, 0, 0, 0, 0, 0, 0, 0, 0, 0, 0, 0], [0, 0, 0, 0, 1, 0, 0, 0, 0, 0, 0, 0, 0, 0, 0, 0, 0, 0, 0, 0, 0, 0], [0, 0, 0, 0, 0, 1, 0, 0, 0, 0, 0, 0, 0, 0, 0, 0, 0, 0, 0, 0, 0, 0], [0, 0, 0, 0, 0, 0, 1, 0, 0, 0, 0, 0, 0, 0, 0, 0, 0, 0, 0, 0, 0, 0], [0, 0, 0, 0, 0, 0, 0, 1, 0, 0, 0, 0, 0, 0, 0, 0, 0, 0, 0, 0, 0, 0], [0, 0, 0, 0, 0, 0, 0, 0, 1, 0, 0, 0, 0, 0, 0, 0, 0, 0, 0, 0, 0, 0], [0, 0, 0, 0, 0, 0, 0, 0, 0, 1, 0, 0, 0, 0, 0, 0, 0, 0, 0, 0, 0, 0], [0, 0, 0, 0, 0, 0, 0, 0, 0, 0, 1, 0, 0, 0, 0, 0, 0, 0, 0, 0, 0, 0], [0, 0, 0, 0, 0, 0, 0, 0, 0, 0, 0, 1, 0, 0, 0, 0, 0, 0, 0, 0, 0, 0], [0, 0, 0, 0, 0, 0, 0, 0, 0, 0, 0, 0, 1, 0, 0, 0, 0, 0, 0, 0, 0, 0], [0, 0, 0, 0, 0, 0, 0, 0, 0, 0, 0, 0, 0, 1, 0, 0, 0, 0, 0, 0, 0, 0], [0, 0, 0, 0, 0, 0, 0, 0, 0, 0, 0, 0, 0, 0, 1, 0, 0, 0, 0, 0, 0, 0], [0, 0, 0, 0, 0, 0, 0, 0, 0, 0, 0, 0, 0, 0, 0, 1, 0, 0, 0, 0, 0, 0], [0, 0, 0, 0, 0, 0, 0, 0, 0, 0, 0, 0, 0, 0, 0, 0, 1, 0, 0, 0, 0, 0], [0, 0, 0, 0, 0, 0, 0, 0, 0, 0, 0, 0, 0, 0, 0, 0, 0, 1, 0, 0, 0, 0], [0, 0, 0, 0, 0, 0, 0, 0, 0, 0, 0, 0, 0, 0, 0, 0, 0, 0, 1, 0, 0, 0], [0, 0, 0, 0, 0, 0, 0, 0, 0, 0, 0, 0, 0, 0, 0, 0, 0, 0, 0, 1, 0, 0], [0, 0, 0, 0, 0, 0, 0, 0, 0, 0, 0, 0, 0, 0, 0, 0, 0, 0, 0, 0, 1, 0], [0, 0, 0, 0, 0, 0, 0, 0, 0, 0, 0, 0, 0, 0, 0, 0, 0, 0, 0, 0, 0, 1]]
[[2, 0, 0, 1, -1, -1, 0, 2, 1, 0, 3, 1, 2, 3, 2, 1, 2, 1, 0, 0, 0, 1], [1, 1, 0, 1, -1, -1, 0, 1, 1, 0, 2, 1, 2, 2, 1, 1, 1, 1, 0, 0, 0, 1], [1, 0, 1, 1, -1, -1, 0, 1, 1, 0, 2, 1, 2, 2, 1, 1, 1, 1, 0, 0, 0, 1], [0, 0, 0, 1, 0, 0, 0, 0, 0, 0, 0, 0, 0, 0, 0, 0, 0, 0, 0, 0, 0, 0], [0, 0, 0, 0, 1, 0, 0, -1, 0, 0, -1, 0, 0, -1, -1, 0, -1, 0, 0, 0, 0, 0], [0, 0, 0, 0, 0, 1, 0, -1, 0, 0, -1, 0, 0, -1, -1, 0, -1, 0, 0, 0, 0, 0], [-2, 0, 0, -2, 2, 2, 1, -2, -2, 0, -4, -2, -4, -4, -2, -2, -2, -2, 0, 0, 0, -2], [1, 0, 0, 1, -1, -1, 0, 2, 1, 0, 2, 1, 2, 2, 1, 1, 1, 1, 0, 0, 0, 1], [1, 0, 0, 1, -1, -1, 0, 2, 2, 0, 3, 1, 2, 3, 2, 1, 2, 1, 0, 0, 0, 1], [-1, 0, 0, -1, 1, 1, 0, -2, -1, 1, -3, -1, -2, -3, -2, -1, -2, -1, 0, 0, 0, -1], [-2, 0, 0, -2, 2, 2, 0, -3, -2, 0, -4, -2, -4, -5, -3, -2, -3, -2, 0, 0, 0, -2], [1, 0, 0, 1, -1, -1, 0, 1, 1, 0, 2, 2, 2, 2, 1, 1, 1, 1, 0, 0, 0, 1], [-1, 0, 0, -1, 1, 1, 0, -1, -1, 0, -2, -1, -1, -2, -1, -1, -1, -1, 0, 0, 0, -1], [-1, 0, 0, -1, 1, 1, 0, -2, -1, 0, -3, -1, -2, -2, -2, -1, -2, -1, 0, 0, 0, -1], [1, 0, 0, 1, -1, -1, 0, 1, 1, 0, 2, 1, 2, 2, 2, 1, 1, 1, 0, 0, 0, 1], [-1, 0, 0, -1, 1, 1, 0, -1, -1, 0, -2, -1, -2, -2, -1, 0, -1, -1, 0, 0, 0, -1], [1, 0, 0, 1, -1, -1, 0, 1, 1, 0, 2, 1, 2, 2, 1, 1, 2, 1, 0, 0, 0, 1], [2, 0, 0, 2, -2, -2, 0, 2, 2, 0, 4, 2, 4, 4, 2, 2, 2, 3, 0, 0, 0, 2], [-1, 0, 0, -1, 1, 1, 0, -1, -1, 0, -2, -1, -2, -2, -1, -1, -1, -1, 1, 0, 0, -1], [-1, 0, 0, -1, 1, 1, 0, -1, -1, 0, -2, -1, -2, -2, -1, -1, -1, -1, 0, 1, 0, -1], [1, 0, 0, 1, -1, -1, 0, 1, 1, 0, 2, 1, 2, 2, 1, 1, 1, 1, 0, 0, 1, 1], [-1, 0, 0, -1, 1, 1, 0, -1, -1, 0, -2, -1, -2, -2, -1, -1, -1, -1, 0, 0, 0, 0]]
[[-1, -1, -1, -2, 1, 1, 0, 1, -1, 0, -3, 1, -3, -2, -1, 0, 0, -2, 1, 1, -1, 0], [0, 1, 0, 0, 0, 0, 0, 0, 0, 0, 0, 0, 0, 0, 0, 0, 0, 0, 0, 0, 0, 1], [0, 0, 1, 0, 0, 0, 0, 0, 0, 0, 0, 0, 0, 0, 0, 0, 0, 0, 0, 0, 0, 1], [0, 0, 0, 1, 0, 0, 0, 0, 0, 0, 0, 0, 0, 0, 0, 0, 0, 0, 0, 0, 0, 0], [2, 1, 1, 2, 0, -1, 0, -1, 1, 0, 3, -1, 3, 2, 1, 0, 0, 2, -1, -1, 1, 1], [2, 1, 1, 2, -1, 0, 0, -1, 1, 0, 3, -1, 3, 2, 1, 0, 0, 2, -1, -1, 1, 1], [0, 0, 0, 0, 0, 0, 1, 0, 0, 0, 0, 0, 0, 0, 0, 0, 0, 0, 0, 0, 0, -2], [0, 0, 0, 0, 0, 0, 0, 0, 1, 0, 0, 1, 0, 0, 0, 0, 0, 0, 0, 0, 0, 1], [-2, -1, -1, -2, 1, 1, 0, 1, 0, 0, -3, 1, -3, -2, -1, 0, 0, -2, 1, 1, -1, 0], [2, 1, 1, 2, -1, -1, 0, -1, 1, 1, 3, -1, 3, 2, 1, 0, 0, 2, -1, -1, 1, 0], [0, 0, 0, 0, 0, 0, 0, 0, 0, 0, 0, 0, 1, 0, 0, 0, 0, 0, 0, 0, 0, -1], [2, 1, 1, 2, -1, -1, 0, 0, 0, 0, 3, -1, 3, 2, 1, 0, 0, 2, -1, -1, 1, 1], [0, 0, 0, 0, 0, 0, 0, 0, 0, 0, 1, 0, 0, 0, 0, 0, 0, 0, 0, 0, 0, -1], [0, 0, 0, 0, 0, 0, 0, 0, 0, 0, 0, 0, 0, 1, 0, 0, 0, 0, 0, 0, 0, 0], [0, 0, 0, 0, 0, 0, 0, 0, 0, 0, 0, 0, 0, 0, 1, 0, 0, 0, 0, 0, 0, 1], [0, 0, 0, 0, 0, 0, 0, 0, 0, 0, 0, 0, 0, 0, 0, 1, 0, 0, 0, 0, 0, 0], [2, 1, 1, 2, -1, -1, 0, -1, 1, 0, 3, -1, 3, 2, 1, 0, 1, 2, -1, -1, 1, 1], [2, 1, 1, 2, -1, -1, 0, -1, 1, 0, 3, -1, 3, 2, 1, 0, 0, 3, -1, -1, 1, 2], [-2, -1, -1, -2, 1, 1, 0, 1, -1, 0, -3, 1, -3, -2, -1, 0, 0, -2, 2, 1, -1, -1], [-2, -1, -1, -2, 1, 1, 0, 1, -1, 0, -3, 1, -3, -2, -1, 0, 0, -2, 1, 2, -1, -1], [0, 0, 0, 0, 0, 0, 0, 0, 0, 0, 0, 0, 0, 0, 0, 0, 0, 0, 0, 0, 1, 1], [0, 0, 0, 0, 0, 0, 0, 0, 0, 0, 0, 0, 0, 0, 0, 0, 0, 0, 0, 0, 0, -1]]
[[1, 0, -1, -1, 1, 0, 0, 1, 0, 0, -1, 2, -1, 0, 0, 1, 1, -1, 1, 1, -1, 0], [0, 1, 0, 0, 0, 0, 0, 0, 0, 0, 0, 0, 0, 0, 0, 0, 0, 0, 0, 0, 0, 0], [0, 0, 0, -1, 1, 0, 0, 1, 0, 0, -1, 2, -1, 0, 0, 1, 1, -1, 1, 1, -1, 0], [0, 0, 0, 1, 0, 0, 0, 0, 0, 0, 0, 0, 0, 0, 0, 0, 0, 0, 0, 0, 0, 0], [0, 0, 1, 1, 0, 0, 0, -1, 0, 0, 1, -2, 1, 0, 0, -1, -1, 1, -1, -1, 1, 0], [0, 0, 0, 0, 0, 1, 0, 0, 0, 0, 0, 0, 0, 0, 0, 0, 0, 0, 0, 0, 0, 0], [0, 0, 1, 1, -1, 0, 1, -1, 0, 0, 1, -2, 1, 0, 0, -1, -1, 1, -1, -1, 1, 0], [0, 0, -1, -1, 1, 0, 0, 2, 0, 0, -1, 2, -1, 0, 0, 1, 1, -1, 1, 1, -1, 0], [0, 0, -1, -1, 1, 0, 0, 1, 1, 0, -1, 2, -1, 0, 0, 1, 1, -1, 1, 1, -1, 0], [0, 0, 1, 1, -1, 0, 0, -1, 0, 1, 1, -2, 1, 0, 0, -1, -1, 1, -1, -1, 1, 0], [1, 0, 0, 0, 0, 0, 0, 1, 0, 0, 1, 1, 1, 1, 1, 1, 1, 0, 0, 1, -1, 0], [0, 0, 1, 1, -1, 0, 0, -1, 0, 0, 1, -1, 1, 0, 0, -1, -1, 1, -1, -1, 1, 0], [0, 0, 0, 0, 0, 0, 0, 0, 0, 0, 0, 0, 1, 0, 0, 0, 0, 0, 0, 0, 0, 0], [0, 0, 0, 0, 0, 0, 0, 0, 0, 0, 0, 0, 0, 1, 0, 0, 0, 0, 0, 0, 0, 0], [-1, 0, 0, 0, 0, 0, 0, -1, 0, 0, 0, -1, -1, -1, 0, -1, -1, 0, 0, -1, 1, 0], [-1, 0, 1, 1, -1, 0, 0, -2, 0, 0, 1, -3, 0, -1, -1, -1, -2, 1, -1, -2, 2, 0], [0, 0, 1, 1, -1, 0, 0, -1, 0, 0, 1, -2, 1, 0, 0, -1, 0, 1, -1, -1, 1, 0], [-1, 0, 1, 1, -1, 0, 0, -2, 0, 0, 1, -3, 0, -1, -1, -2, -2, 2, -1, -2, 2, 0], [1, 0, -1, -1, 1, 0, 0, 2, 0, 0, -1, 3, 0, 1, 1, 2, 2, -1, 2, 2, -2, 0], [0, 0, -1, -1, 1, 0, 0, 1, 0, 0, -1, 2, -1, 0, 0, 1, 1, -1, 1, 2, -1, 0], [0, 0, 0, 0, 0, 0, 0, 0, 0, 0, 0, 0, 0, 0, 0, 0, 0, 0, 0, 0, 1, 0], [1, 0, 0, 0, 0, 0, 0, 1, 0, 0, 0, 1, 1, 1, 1, 1, 1, 0, 0, 1, -1, 1]]
[[-5, -1, -1, -2, -1, -1, 0, 4, 2, -2, -2, 4, -2, 2, 1, 0, 2, -4, 1, 1, -1, 0], [-2, 0, 0, -1, 0, 0, 0, 1, 0, -1, -1, 1, -1, 0, 0, 0, 0, -1, 0, 1, 0, 0], [-2, 0, 0, -1, 0, 0, 0, 1, 0, -1, -1, 1, -1, 0, 0, 0, 0, -1, 1, 0, 0, 0], [-4, -1, -1, -1, 0, 0, 0, 2, 0, -2, -2, 2, -2, 0, 0, 0, 0, -2, 1, 1, 0, 0], [1, 0, 0, 0, 1, 1, 0, -1, -1, 0, 0, -1, 0, -1, 0, 0, -1, 1, 0, 0, 0, 0], [1, 0, 0, 0, 1, 1, 0, -1, -1, 0, 0, -1, 0, -1, -1, 0, -1, 1, 0, 0, 1, 0], [10, 2, 2, 4, 1, 1, 1, -6, -2, 4, 4, -6, 4, -2, -1, 0, -2, 6, -2, -2, 1, 0], [-4, -1, -1, -2, 0, 0, 0, 3, 0, -2, -2, 2, -2, 0, 0, 0, 0, -2, 1, 1, 0, 0], [-4, -1, -1, -2, 0, 0, 0, 2, 1, -2, -2, 2, -2, 0, 0, 0, 0, -2, 1, 1, 0, 0], [6, 1, 1, 2, 1, 1, 0, -4, -2, 3, 2, -4, 2, -2, -1, 0, -2, 4, -1, -1, 1, 0], [6, 1, 1, 2, 1, 1, 0, -4, -2, 2, 3, -4, 2, -2, -1, 0, -2, 4, -1, -1, 1, 0], [0, 0, 0, 0, 0, 0, 0, 0, 0, 0, 0, 1, 0, 0, 0, 0, 0, 0, 0, 0, 0, 0], [6, 1, 1, 2, 1, 1, 0, -4, -2, 2, 2, -4, 3, -2, -1, 0, -2, 4, -1, -1, 1, 0], [4, 1, 1, 2, 0, 0, 0, -2, 0, 2, 2, -2, 2, 1, 0, 0, 0, 2, -1, -1, 0, 0], [-1, 0, 0, 0, 0, -1, 0, 1, 1, 0, 0, 1, 0, 1, 1, 0, 1, -1, 0, 0, 0, 0], [0, 0, 0, 0, 0, 0, 0, 0, 0, 0, 0, 0, 0, 0, 0, 1, 0, 0, 0, 0, 0, 0], [-5, -1, -1, -2, -1, 0, 0, 3, 1, -2, -2, 3, -2, 1, 1, 0, 2, -3, 1, 1, -1, 0], [-6, -1, -1, -2, -1, -1, 0, 4, 2, -2, -2, 4, -2, 2, 1, 0, 2, -3, 1, 1, -1, 0], [2, 0, 1, 1, 0, 0, 0, -1, 0, 1, 1, -1, 1, 0, 0, 0, 0, 1, 0, 0, 0, 0], [2, 1, 0, 1, 0, 0, 0, -1, 0, 1, 1, -1, 1, 0, 0, 0, 0, 1, 0, 0, 0, 0], [-1, 0, 0, 0, -1, 0, 0, 1, 1, 0, 0, 1, 0, 1, 1, 0, 1, -1, 0, 0, 0, 0], [0, 0, 0, 0, 0, 0, 0, 0, 0, 0, 0, 0, 0, 0, 0, 0, 0, 0, 0, 0, 0, 1]]
[[1, 0, 0, 0, 0, 0, 0, 0, 0, 0, 0, 0, 0, 0, 0, 0, 0, 0, 0, 0, 0, 0], [0, 1, 0, 0, 0, 0, 0, 0, 0, 0, 0, 0, 0, 0, 0, 0, 0, 0, 0, 0, 0, 0], [0, 0, 1, 0, 0, 0, 0, 0, 0, 0, 0, 0, 0, 0, 0, 0, 0, 0, 0, 0, 0, 0], [0, 0, 0, 1, 0, 0, 0, 0, 0, 0, 0, 0, 0, 0, 0, 0, 0, 0, 0, 0, 0, 0], [0, 0, 0, 0, 1, 0, 0, 0, 0, 0, 0, 0, 0, 0, 0, 0, 0, 0, 0, 0, 0, 0], [0, 0, 0, 0, 0, 1, 0, 0, 0, 0, 0, 0, 0, 0, 0, 0, 0, 0, 0, 0, 0, 0], [0, 0, 0, 0, 0, 0, 1, 0, 0, 0, 0, 0, 0, 0, 0, 0, 0, 0, 0, 0, 0, 0], [0, 0, 0, 0, 0, 0, 0, 1, 0, 0, 0, 0, 0, 0, 0, 0, 0, 0, 0, 0, 0, 0], [0, 0, 0, 0, 0, 0, 0, 0, 1, 0, 0, 0, 0, 0, 0, 0, 0, 0, 0, 0, 0, 0], [0, 0, 0, 0, 0, 0, 0, 0, 0, 1, 0, 0, 0, 0, 0, 0, 0, 0, 0, 0, 0, 0], [0, 0, 0, 0, 0, 0, 0, 0, 0, 0, 1, 0, 0, 0, 0, 0, 0, 0, 0, 0, 0, 0], [0, 0, 0, 0, 0, 0, 0, 0, 0, 0, 0, 1, 0, 0, 0, 0, 0, 0, 0, 0, 0, 0], [0, 0, 0, 0, 0, 0, 0, 0, 0, 0, 0, 0, 1, 0, 0, 0, 0, 0, 0, 0, 0, 0], [0, 0, 0, 0, 0, 0, 0, 0, 0, 0, 0, 0, 0, 1, 0, 0, 0, 0, 0, 0, 0, 0], [0, 0, 0, 0, 0, 0, 0, 0, 0, 0, 0, 0, 0, 0, 1, 0, 0, 0, 0, 0, 0, 0], [0, 0, 0, 0, 0, 0, 0, 0, 0, 0, 0, 0, 0, 0, 0, 1, 0, 0, 0, 0, 0, 0], [0, 0, 0, 0, 0, 0, 0, 0, 0, 0, 0, 0, 0, 0, 0, 0, 1, 0, 0, 0, 0, 0], [0, 0, 0, 0, 0, 0, 0, 0, 0, 0, 0, 0, 0, 0, 0, 0, 0, 1, 0, 0, 0, 0], [0, 0, 0, 0, 0, 0, 0, 0, 0, 0, 0, 0, 0, 0, 0, 0, 0, 0, 1, 0, 0, 0], [0, 0, 0, 0, 0, 0, 0, 0, 0, 0, 0, 0, 0, 0, 0, 0, 0, 0, 0, 1, 0, 0], [0, 0, 0, 0, 0, 0, 0, 0, 0, 0, 0, 0, 0, 0, 0, 0, 0, 0, 0, 0, 1, 0], [0, 0, 0, 0, 0, 0, 0, 0, 0, 0, 0, 0, 0, 0, 0, 0, 0, 0, 0, 0, 0, 1]]
[[1, 0, 0, 0, 0, 0, 0, 0, 0, 0, 0, 0, 0, 0, 0, 0, 0, 0, 0, 0, 0, 0], [0, 1, 0, 0, 0, 0, 0, 0, 0, 0, 0, 0, 0, 0, 0, 0, 0, 0, 0, 0, 0, 0], [0, 0, 1, 0, 0, 0, 0, 0, 0, 0, 0, 0, 0, 0, 0, 0, 0, 0, 0, 0, 0, 0], [0, 0, 0, 1, 0, 0, 0, 0, 0, 0, 0, 0, 0, 0, 0, 0, 0, 0, 0, 0, 0, 0], [0, 0, 0, 0, 1, 0, 0, 0, 0, 0, 0, 0, 0, 0, 0, 0, 0, 0, 0, 0, 0, 0], [0, 0, 0, 0, 0, 1, 0, 0, 0, 0, 0, 0, 0, 0, 0, 0, 0, 0, 0, 0, 0, 0], [0, 0, 0, 0, 0, 0, 1, 0, 0, 0, 0, 0, 0, 0, 0, 0, 0, 0, 0, 0, 0, 0], [0, 0, 0, 0, 0, 0, 0, 1, 0, 0, 0, 0, 0, 0, 0, 0, 0, 0, 0, 0, 0, 0], [0, 0, 0, 0, 0, 0, 0, 0, 1, 0, 0, 0, 0, 0, 0, 0, 0, 0, 0, 0, 0, 0], [0, 0, 0, 0, 0, 0, 0, 0, 0, 1, 0, 0, 0, 0, 0, 0, 0, 0, 0, 0, 0, 0], [0, 0, 0, 0, 0, 0, 0, 0, 0, 0, 1, 0, 0, 0, 0, 0, 0, 0, 0, 0, 0, 0], [0, 0, 0, 0, 0, 0, 0, 0, 0, 0, 0, 1, 0, 0, 0, 0, 0, 0, 0, 0, 0, 0], [0, 0, 0, 0, 0, 0, 0, 0, 0, 0, 0, 0, 1, 0, 0, 0, 0, 0, 0, 0, 0, 0], [0, 0, 0, 0, 0, 0, 0, 0, 0, 0, 0, 0, 0, 1, 0, 0, 0, 0, 0, 0, 0, 0], [0, 0, 0, 0, 0, 0, 0, 0, 0, 0, 0, 0, 0, 0, 1, 0, 0, 0, 0, 0, 0, 0], [0, 0, 0, 0, 0, 0, 0, 0, 0, 0, 0, 0, 0, 0, 0, 1, 0, 0, 0, 0, 0, 0], [0, 0, 0, 0, 0, 0, 0, 0, 0, 0, 0, 0, 0, 0, 0, 0, 1, 0, 0, 0, 0, 0], [0, 0, 0, 0, 0, 0, 0, 0, 0, 0, 0, 0, 0, 0, 0, 0, 0, 1, 0, 0, 0, 0], [0, 0, 0, 0, 0, 0, 0, 0, 0, 0, 0, 0, 0, 0, 0, 0, 0, 0, 1, 0, 0, 0], [0, 0, 0, 0, 0, 0, 0, 0, 0, 0, 0, 0, 0, 0, 0, 0, 0, 0, 0, 1, 0, 0], [0, 0, 0, 0, 0, 0, 0, 0, 0, 0, 0, 0, 0, 0, 0, 0, 0, 0, 0, 0, 1, 0], [0, 0, 0, 0, 0, 0, 0, 0, 0, 0, 0, 0, 0, 0, 0, 0, 0, 0, 0, 0, 0, 1]]
[[-3, 0, 0, -4, 0, -1, -2, 1, -1, 0, -4, 2, -2, 0, -1, 0, 2, -4, 0, 2, -4, -1], [-2, 0, -1, -2, 1, 1, 0, 1, 0, 0, -3, 2, -3, -1, 0, 0, 1, -3, 1, 2, -2, -1], [-4, 0, -1, -4, 1, 1, -1, 1, -1, -1, -5, 2, -4, -1, -1, 0, 1, -5, 1, 2, -3, -2], [-2, 0, -1, -2, 1, 1, 0, 1, -1, 0, -4, 1, -3, -1, -1, 0, 1, -3, 1, 2, -2, -1], [-1, 0, -1, -1, 1, 1, 0, 0, -1, -1, -1, 0, -2, -1, -1, 0, -1, -1, 0, 0, 0, -1], [-2, 0, -1, -1, 0, 0, -1, 1, -1, -1, -1, 1, -1, 0, -1, 0, 0, -2, 0, 0, -1, -2], [5, 0, 1, 7, -1, 0, 2, -3, 2, 0, 8, -4, 6, 0, 2, 0, -4, 8, -1, -4, 7, 3], [-3, 0, -1, -3, 0, 0, -1, 2, 0, -1, -3, 3, -2, 1, 0, 0, 2, -4, 0, 2, -3, -1], [-1, 0, 0, -2, 0, 0, 0, 1, 1, 0, -2, 2, -1, 1, 0, 0, 2, -2, 0, 2, -2, 0], [3, 1, 1, 4, -2, -1, 0, -2, 0, 0, 6, -3, 4, 1, 0, 0, -3, 5, -2, -4, 4, 1], [0, 1, 0, 1, -1, -1, -1, -1, 0, -1, 3, -1, 2, 1, 0, 0, -1, 1, -1, -2, 1, 0], [-1, 0, -1, -1, 1, 1, 0, 0, -1, 0, -2, 0, -2, -2, -1, 0, -1, -1, 1, 0, 0, -1], [1, 0, 0, 2, -1, 0, 0, -1, 0, -1, 3, -1, 2, 0, 0, 0, -2, 2, -1, -2, 2, 0], [0, 0, 1, 1, -1, -1, -1, -1, -1, 0, 2, -2, 1, 0, -1, 0, -2, 2, -1, -2, 1, 0], [2, 0, 1, 1, 0, 0, 1, 0, 0, 1, 1, -1, 1, 0, 1, 0, 0, 2, 0, 0, 1, 1], [4, 0, 1, 3, 0, 0, 2, 0, 2, 1, 3, 0, 3, 2, 2, 1, 1, 3, 0, 0, 2, 2], [1, -1, -1, 0, 2, 2, 2, 1, 1, 1, -2, 1, -2, -1, 1, 0, 2, -1, 2, 2, 0, 0], [1, -1, -1, 0, 2, 2, 2, 1, 1, 1, -2, 1, -2, -1, 1, 0, 1, 0, 2, 2, 0, 0], [-3, 0, 0, -2, -1, -1, -2, 0, -1, -1, -1, 1, -1, 0, -1, 0, 0, -2, 0, 0, -2, -1], [0, 1, 1, 0, -1, -1, -1, -1, 0, 0, 1, -1, 1, 1, 0, 0, 0, 0, -1, -1, -1, 0], [0, 0, 1, -1, 0, 0, 0, 0, 0, 1, -1, 0, -1, 0, 0, 0, 1, -1, 0, 0, -1, 0], [-2, 0, -1, -1, 0, -1, -1, 1, -1, -1, -1, 1, -1, 0, -1, 0, 0, -2, 0, 0, -1, -1]]
[[1, 0, 0, 0, 0, 0, 0, 0, 0, 0, 0, 0, 0, 0, 0, 0, 0, 0, 0, 0, 0, 0], [0, 1, 0, 0, 0, 0, 0, 0, 0, 0, 0, 0, 0, 0, 0, 0, 0, 0, 0, 0, 0, 0], [0, 0, 1, 0, 0, 0, 0, 0, 0, 0, 0, 0, 0, 0, 0, 0, 0, 0, 0, 0, 0, 0], [0, 0, 0, 1, 0, 0, 0, 0, 0, 0, 0, 0, 0, 0, 0, 0, 0, 0, 0, 0, 0, 0], [0, 0, 0, 0, 1, 0, 0, 0, 0, 0, 0, 0, 0, 0, 0, 0, 0, 0, 0, 0, 0, 0], [0, 0, 0, 0, 0, 1, 0, 0, 0, 0, 0, 0, 0, 0, 0, 0, 0, 0, 0, 0, 0, 0], [0, 0, 0, 0, 0, 0, 1, 0, 0, 0, 0, 0, 0, 0, 0, 0, 0, 0, 0, 0, 0, 0], [0, 0, 0, 0, 0, 0, 0, 1, 0, 0, 0, 0, 0, 0, 0, 0, 0, 0, 0, 0, 0, 0], [0, 0, 0, 0, 0, 0, 0, 0, 1, 0, 0, 0, 0, 0, 0, 0, 0, 0, 0, 0, 0, 0], [0, 0, 0, 0, 0, 0, 0, 0, 0, 1, 0, 0, 0, 0, 0, 0, 0, 0, 0, 0, 0, 0], [0, 0, 0, 0, 0, 0, 0, 0, 0, 0, 1, 0, 0, 0, 0, 0, 0, 0, 0, 0, 0, 0], [0, 0, 0, 0, 0, 0, 0, 0, 0, 0, 0, 1, 0, 0, 0, 0, 0, 0, 0, 0, 0, 0], [0, 0, 0, 0, 0, 0, 0, 0, 0, 0, 0, 0, 1, 0, 0, 0, 0, 0, 0, 0, 0, 0], [0, 0, 0, 0, 0, 0, 0, 0, 0, 0, 0, 0, 0, 1, 0, 0, 0, 0, 0, 0, 0, 0], [0, 0, 0, 0, 0, 0, 0, 0, 0, 0, 0, 0, 0, 0, 1, 0, 0, 0, 0, 0, 0, 0], [0, 0, 0, 0, 0, 0, 0, 0, 0, 0, 0, 0, 0, 0, 0, 1, 0, 0, 0, 0, 0, 0], [0, 0, 0, 0, 0, 0, 0, 0, 0, 0, 0, 0, 0, 0, 0, 0, 1, 0, 0, 0, 0, 0], [0, 0, 0, 0, 0, 0, 0, 0, 0, 0, 0, 0, 0, 0, 0, 0, 0, 1, 0, 0, 0, 0], [0, 0, 0, 0, 0, 0, 0, 0, 0, 0, 0, 0, 0, 0, 0, 0, 0, 0, 1, 0, 0, 0], [0, 0, 0, 0, 0, 0, 0, 0, 0, 0, 0, 0, 0, 0, 0, 0, 0, 0, 0, 1, 0, 0], [0, 0, 0, 0, 0, 0, 0, 0, 0, 0, 0, 0, 0, 0, 0, 0, 0, 0, 0, 0, 1, 0], [0, 0, 0, 0, 0, 0, 0, 0, 0, 0, 0, 0, 0, 0, 0, 0, 0, 0, 0, 0, 0, 1]]
[[1, 0, 0, 0, 0, 0, 0, 0, 0, 0, 0, 0, 0, 0, 0, 0, 0, 0, 0, 0, 0, 0], [0, 1, 0, 0, 0, 0, 0, 0, 0, 0, 0, 0, 0, 0, 0, 0, 0, 0, 0, 0, 0, 0], [0, 0, 1, 0, 0, 0, 0, 0, 0, 0, 0, 0, 0, 0, 0, 0, 0, 0, 0, 0, 0, 0], [0, 0, 0, 1, 0, 0, 0, 0, 0, 0, 0, 0, 0, 0, 0, 0, 0, 0, 0, 0, 0, 0], [0, 0, 0, 0, 1, 0, 0, 0, 0, 0, 0, 0, 0, 0, 0, 0, 0, 0, 0, 0, 0, 0], [0, 0, 0, 0, 0, 1, 0, 0, 0, 0, 0, 0, 0, 0, 0, 0, 0, 0, 0, 0, 0, 0], [0, 0, 0, 0, 0, 0, 1, 0, 0, 0, 0, 0, 0, 0, 0, 0, 0, 0, 0, 0, 0, 0], [0, 0, 0, 0, 0, 0, 0, 1, 0, 0, 0, 0, 0, 0, 0, 0, 0, 0, 0, 0, 0, 0], [0, 0, 0, 0, 0, 0, 0, 0, 1, 0, 0, 0, 0, 0, 0, 0, 0, 0, 0, 0, 0, 0], [0, 0, 0, 0, 0, 0, 0, 0, 0, 1, 0, 0, 0, 0, 0, 0, 0, 0, 0, 0, 0, 0], [0, 0, 0, 0, 0, 0, 0, 0, 0, 0, 1, 0, 0, 0, 0, 0, 0, 0, 0, 0, 0, 0], [0, 0, 0, 0, 0, 0, 0, 0, 0, 0, 0, 1, 0, 0, 0, 0, 0, 0, 0, 0, 0, 0], [0, 0, 0, 0, 0, 0, 0, 0, 0, 0, 0, 0, 1, 0, 0, 0, 0, 0, 0, 0, 0, 0], [0, 0, 0, 0, 0, 0, 0, 0, 0, 0, 0, 0, 0, 1, 0, 0, 0, 0, 0, 0, 0, 0], [0, 0, 0, 0, 0, 0, 0, 0, 0, 0, 0, 0, 0, 0, 1, 0, 0, 0, 0, 0, 0, 0], [0, 0, 0, 0, 0, 0, 0, 0, 0, 0, 0, 0, 0, 0, 0, 1, 0, 0, 0, 0, 0, 0], [0, 0, 0, 0, 0, 0, 0, 0, 0, 0, 0, 0, 0, 0, 0, 0, 1, 0, 0, 0, 0, 0], [0, 0, 0, 0, 0, 0, 0, 0, 0, 0, 0, 0, 0, 0, 0, 0, 0, 1, 0, 0, 0, 0], [0, 0, 0, 0, 0, 0, 0, 0, 0, 0, 0, 0, 0, 0, 0, 0, 0, 0, 1, 0, 0, 0], [0, 0, 0, 0, 0, 0, 0, 0, 0, 0, 0, 0, 0, 0, 0, 0, 0, 0, 0, 1, 0, 0], [0, 0, 0, 0, 0, 0, 0, 0, 0, 0, 0, 0, 0, 0, 0, 0, 0, 0, 0, 0, 1, 0], [0, 0, 0, 0, 0, 0, 0, 0, 0, 0, 0, 0, 0, 0, 0, 0, 0, 0, 0, 0, 0, 1]]
[[-2, -1, 0, -1, -1, 0, 0, 2, 1, -1, -1, 2, -1, 1, 0, 0, 1, -2, 1, 0, 0, 0], [-2, 0, 0, -1, 0, 0, 0, 1, 0, -1, -1, 1, -1, 0, 0, 0, 0, -1, 1, 0, 0, 0], [0, 0, 1, 0, 0, 0, 0, 0, 0, 0, 0, 0, 0, 0, 0, 0, 0, 0, 0, 0, 0, 0], [-2, -1, 0, 0, 0, 0, 0, 1, 0, -1, -1, 1, -1, 0, 0, 0, 0, -1, 1, 0, 0, 0], [0, 0, 0, 0, 1, 0, 0, 0, 0, 0, 0, 0, 0, 0, 0, 0, 0, 0, 0, 0, 0, 0], [1, 0, 0, 0, 1, 1, 0, -1, -1, 0, 0, -1, 0, -1, 0, 0, -1, 1, 0, 0, 0, 0], [5, 2, 0, 2, 1, 0, 1, -3, -1, 2, 2, -3, 2, -1, 0, 0, -1, 3, -2, 0, 0, 0], [-2, -1, 0, -1, 0, 0, 0, 2, 0, -1, -1, 1, -1, 0, 0, 0, 0, -1, 1, 0, 0, 0], [-2, -1, 0, -1, 0, 0, 0, 1, 1, -1, -1, 1, -1, 0, 0, 0, 0, -1, 1, 0, 0, 0], [3, 1, 0, 1, 1, 0, 0, -2, -1, 2, 1, -2, 1, -1, 0, 0, -1, 2, -1, 0, 0, 0], [3, 1, 0, 1, 1, 0, 0, -2, -1, 1, 2, -2, 1, -1, 0, 0, -1, 2, -1, 0, 0, 0], [0, 0, 0, 0, 0, 0, 0, 0, 0, 0, 0, 1, 0, 0, 0, 0, 0, 0, 0, 0, 0, 0], [3, 1, 0, 1, 1, 0, 0, -2, -1, 1, 1, -2, 2, -1, 0, 0, -1, 2, -1, 0, 0, 0], [2, 1, 0, 1, 0, 0, 0, -1, 0, 1, 1, -1, 1, 1, 0, 0, 0, 1, -1, 0, 0, 0], [-1, 0, 0, 0, -1, 0, 0, 1, 1, 0, 0, 1, 0, 1, 1, 0, 1, -1, 0, 0, 0, 0], [0, 0, 0, 0, 0, 0, 0, 0, 0, 0, 0, 0, 0, 0, 0, 1, 0, 0, 0, 0, 0, 0], [-2, -1, 0, -1, 0, 0, 0, 1, 0, -1, -1, 1, -1, 0, 0, 0, 1, -1, 1, 0, 0, 0], [-3, -1, 0, -1, -1, 0, 0, 2, 1, -1, -1, 2, -1, 1, 0, 0, 1, -1, 1, 0, 0, 0], [2, 1, 0, 1, 0, 0, 0, -1, 0, 1, 1, -1, 1, 0, 0, 0, 0, 1, 0, 0, 0, 0], [0, 0, 0, 0, 0, 0, 0, 0, 0, 0, 0, 0, 0, 0, 0, 0, 0, 0, 0, 1, 0, 0], [0, 0, 0, 0, 0, 0, 0, 0, 0, 0, 0, 0, 0, 0, 0, 0, 0, 0, 0, 0, 1, 0], [0, 0, 0, 0, 0, 0, 0, 0, 0, 0, 0, 0, 0, 0, 0, 0, 0, 0, 0, 0, 0, 1]]
[[-3, -1, -1, -3, 1, 1, -1, 1, -2, -1, -5, 1, -3, -2, -2, 0, 0, -4, 1, 1, -2, -2], [-2, 0, -1, -2, 1, 1, 0, 1, -1, -1, -3, 1, -2, -1, -1, 0, 0, -2, 1, 1, -1, -1], [-2, -1, 0, -2, 1, 1, 0, 1, -1, -1, -3, 1, -2, -1, -1, 0, 0, -2, 1, 1, -1, -1], [0, -1, -1, 0, 1, 1, 1, 1, 0, -1, -1, 1, -1, 0, 0, 0, 0, 0, 1, 1, 0, 0], [-2, 0, 0, -1, 1, 0, -1, -1, -1, -1, -1, 0, -1, -1, -1, 0, -1, -1, 0, 0, 0, -1], [-2, 0, 0, -1, 0, 1, -1, -1, -1, -1, -1, 0, -1, -1, -1, 0, -1, -1, 0, 0, 0, -1], [4, 2, 2, 4, -2, -2, 1, -2, 2, 2, 6, -2, 4, 2, 2, 0, 0, 4, -2, -2, 2, 2], [-4, -1, -1, -3, 1, 1, -1, 1, -2, -2, -4, 1, -3, -2, -2, 0, -1, -3, 1, 1, -1, -2], [-2, -1, -1, -2, 1, 1, 0, 1, -1, -1, -3, 0, -2, -2, -1, 0, -1, -1, 1, 1, 0, 0], [0, 1, 1, 1, -1, -1, -1, -2, 0, 1, 2, -1, 1, 0, 0, 0, -1, 1, -1, -1, 1, 0], [-4, 0, 0, -2, 0, 0, -2, -1, -2, -1, -2, 0, -2, -2, -2, 0, -1, -3, 0, 0, -1, -2], [0, 0, 0, 0, 0, 0, 0, 0, 0, 0, 0, 1, 0, 0, 0, 0, 0, 0, 0, 0, 0, 0], [0, 1, 1, 1, -1, -1, -1, -2, 0, 0, 2, -1, 2, 0, 0, 0, -1, 1, -1, -1, 1, 0], [0, 1, 1, 1, -1, -1, -1, -1, 0, 1, 1, -1, 1, 1, 0, 0, 0, 0, -1, -1, 0, 0], [2, 0, 0, 1, 0, 0, 1, 1, 1, 1, 1, 0, 1, 1, 2, 0, 1, 1, 0, 0, 0, 1], [4, 0, 0, 2, 0, 0, 2, 1, 2, 1, 3, 0, 2, 2, 2, 1, 1, 3, 0, 0, 1, 2], [6, 0, 0, 3, 0, 0, 3, 1, 3, 1, 5, 0, 3, 3, 3, 0, 2, 5, 0, 0, 2, 3], [4, 0, 0, 2, 0, 0, 2, 1, 2, 1, 3, 0, 2, 2, 2, 0, 1, 4, 0, 0, 1, 2], [-2, 0, 0, -1, 0, 0, -1, 0, -1, 0, -2, 0, -1, -1, -1, 0, 0, -2, 1, 0, -1, -1], [-2, 0, 0, -1, 0, 0, -1, 0, -1, 0, -2, 0, -1, -1, -1, 0, 0, -2, 0, 1, -1, -1], [2, 0, 0, 1, 0, 0, 1, 1, 1, 1, 1, 0, 1, 1, 1, 0, 1, 1, 0, 0, 1, 1], [-2, 0, 0, -1, 0, 0, -1, -1, 0, -1, -1, 1, -1, 0, -1, 0, 0, -2, 0, 0, -1, -1]]
[[1, 0, 0, 0, 0, 0, 0, 0, 0, 0, 0, 0, 0, 0, 0, 0, 0, 0, 0, 0, 0, 0], [0, 1, 0, 0, 0, 0, 0, 0, 0, 0, 0, 0, 0, 0, 0, 0, 0, 0, 0, 0, 0, 0], [0, 0, 1, 0, 0, 0, 0, 0, 0, 0, 0, 0, 0, 0, 0, 0, 0, 0, 0, 0, 0, 0], [0, 0, 0, 1, 0, 0, 0, 0, 0, 0, 0, 0, 0, 0, 0, 0, 0, 0, 0, 0, 0, 0], [0, 0, 0, 0, 1, 0, 0, 0, 0, 0, 0, 0, 0, 0, 0, 0, 0, 0, 0, 0, 0, 0], [0, 0, 0, 0, 0, 1, 0, 0, 0, 0, 0, 0, 0, 0, 0, 0, 0, 0, 0, 0, 0, 0], [0, 0, 0, 0, 0, 0, 1, 0, 0, 0, 0, 0, 0, 0, 0, 0, 0, 0, 0, 0, 0, 0], [0, 0, 0, 0, 0, 0, 0, 1, 0, 0, 0, 0, 0, 0, 0, 0, 0, 0, 0, 0, 0, 0], [0, 0, 0, 0, 0, 0, 0, 0, 1, 0, 0, 0, 0, 0, 0, 0, 0, 0, 0, 0, 0, 0], [0, 0, 0, 0, 0, 0, 0, 0, 0, 1, 0, 0, 0, 0, 0, 0, 0, 0, 0, 0, 0, 0], [0, 0, 0, 0, 0, 0, 0, 0, 0, 0, 1, 0, 0, 0, 0, 0, 0, 0, 0, 0, 0, 0], [0, 0, 0, 0, 0, 0, 0, 0, 0, 0, 0, 1, 0, 0, 0, 0, 0, 0, 0, 0, 0, 0], [0, 0, 0, 0, 0, 0, 0, 0, 0, 0, 0, 0, 1, 0, 0, 0, 0, 0, 0, 0, 0, 0], [0, 0, 0, 0, 0, 0, 0, 0, 0, 0, 0, 0, 0, 1, 0, 0, 0, 0, 0, 0, 0, 0], [0, 0, 0, 0, 0, 0, 0, 0, 0, 0, 0, 0, 0, 0, 1, 0, 0, 0, 0, 0, 0, 0], [0, 0, 0, 0, 0, 0, 0, 0, 0, 0, 0, 0, 0, 0, 0, 1, 0, 0, 0, 0, 0, 0], [0, 0, 0, 0, 0, 0, 0, 0, 0, 0, 0, 0, 0, 0, 0, 0, 1, 0, 0, 0, 0, 0], [0, 0, 0, 0, 0, 0, 0, 0, 0, 0, 0, 0, 0, 0, 0, 0, 0, 1, 0, 0, 0, 0], [0, 0, 0, 0, 0, 0, 0, 0, 0, 0, 0, 0, 0, 0, 0, 0, 0, 0, 1, 0, 0, 0], [0, 0, 0, 0, 0, 0, 0, 0, 0, 0, 0, 0, 0, 0, 0, 0, 0, 0, 0, 1, 0, 0], [0, 0, 0, 0, 0, 0, 0, 0, 0, 0, 0, 0, 0, 0, 0, 0, 0, 0, 0, 0, 1, 0], [0, 0, 0, 0, 0, 0, 0, 0, 0, 0, 0, 0, 0, 0, 0, 0, 0, 0, 0, 0, 0, 1]]
[[2, 0, 0, 1, 1, 1, 2, 1, 1, 0, 0, 0, -1, 0, 1, 0, 0, 1, 1, 1, 1, 2], [0, 1, 0, 0, 0, 0, 0, 0, 0, 0, 0, 0, 0, 0, 0, 0, 0, 0, 0, 0, 0, 0], [0, 0, 1, 0, 0, 0, 0, 0, 0, 0, 0, 0, 0, 0, 0, 0, 0, 0, 0, 0, 0, 0], [0, 0, 0, 1, 0, 0, 0, 0, 0, 0, 0, 0, 0, 0, 0, 0, 0, 0, 0, 0, 0, 0], [-1, 0, 0, -1, 0, -1, -2, -1, -1, 0, 0, 0, 1, 0, -1, 0, 0, -1, -1, -1, -1, -2], [-1, 0, 0, -1, -1, 0, -2, -1, -1, 0, 0, 0, 1, 0, -1, 0, 0, -1, -1, -1, -1, -2], [-2, 0, 0, -2, -2, -2, -3, -2, -2, 0, 0, 0, 2, 0, -2, 0, 0, -2, -2, -2, -2, -4], [0, 0, 0, 0, 0, 0, 0, 1, 0, 0, 0, 0, 0, 0, 0, 0, 0, 0, 0, 0, 0, 0], [1, 0, 0, 1, 1, 1, 2, 1, 2, 0, 0, 0, -1, 0, 1, 0, 0, 1, 1, 1, 1, 2], [-1, 0, 0, -1, -1, -1, -2, -1, -1, 1, 0, 0, 1, 0, -1, 0, 0, -1, -1, -1, -1, -2], [-2, 0, 0, -2, -2, -2, -4, -2, -2, 0, 1, 0, 2, 0, -2, 0, 0, -2, -2, -2, -2, -4], [0, 0, 0, 0, 0, 0, 0, 0, 0, 0, 0, 1, 0, 0, 0, 0, 0, 0, 0, 0, 0, 0], [-1, 0, 0, -1, -1, -1, -2, -1, -1, 0, 0, 0, 2, 0, -1, 0, 0, -1, -1, -1, -1, -2], [0, 0, 0, 0, 0, 0, 0, 0, 0, 0, 0, 0, 0, 1, 0, 0, 0, 0, 0, 0, 0, 0], [1, 0, 0, 1, 1, 1, 2, 1, 1, 0, 0, 0, -1, 0, 2, 0, 0, 1, 1, 1, 1, 2], [0, 0, 0, 0, 0, 0, 0, 0, 0, 0, 0, 0, 0, 0, 0, 1, 0, 0, 0, 0, 0, 0], [1, 0, 0, 1, 1, 1, 2, 1, 1, 0, 0, 0, -1, 0, 1, 0, 1, 1, 1, 1, 1, 2], [1, 0, 0, 1, 1, 1, 2, 1, 1, 0, 0, 0, -1, 0, 1, 0, 0, 2, 1, 1, 1, 2], [0, 0, 0, 0, 0, 0, 0, 0, 0, 0, 0, 0, 0, 0, 0, 0, 0, 0, 1, 0, 0, 0], [0, 0, 0, 0, 0, 0, 0, 0, 0, 0, 0, 0, 0, 0, 0, 0, 0, 0, 0, 1, 0, 0], [1, 0, 0, 1, 1, 1, 2, 1, 1, 0, 0, 0, -1, 0, 1, 0, 0, 1, 1, 1, 2, 2], [-1, 0, 0, -1, -1, -1, -2, -1, -1, 0, 0, 0, 1, 0, -1, 0, 0, -1, -1, -1, -1, -1]]
[[-1, 0, 0, -2, 2, 2, 2, 2, 0, 0, -4, 0, -4, -2, 0, 0, 0, -2, 2, 2, 0, 2], [0, 1, 0, 0, 0, 0, 0, 0, 0, 0, 0, 0, 0, 0, 0, 0, 0, 0, 0, 0, 0, 0], [0, 0, 1, 0, 0, 0, 0, 0, 0, 0, 0, 0, 0, 0, 0, 0, 0, 0, 0, 0, 0, 0], [-1, 0, 0, 0, 1, 1, 1, 1, 0, 0, -2, 0, -2, -1, 0, 0, 0, -1, 1, 1, 0, 1], [1, 0, 0, 1, 0, -1, -1, -1, 0, 0, 2, 0, 2, 1, 0, 0, 0, 1, -1, -1, 0, -1], [1, 0, 0, 1, -1, 0, -1, -1, 0, 0, 2, 0, 2, 1, 0, 0, 0, 1, -1, -1, 0, -1], [3, 0, 0, 2, -3, -3, -3, -4, -1, 1, 5, -1, 6, 2, -1, 0, 0, 3, -3, -3, -1, -4], [0, 0, 0, 0, 0, 0, 0, 1, 0, 0, 0, 0, 0, 0, 0, 0, 0, 0, 0, 0, 0, 0], [-1, 0, 0, -1, 1, 1, 1, 1, 1, 0, -2, 0, -2, -1, 0, 0, 0, -1, 1, 1, 0, 1], [2, 0, 0, 2, -2, -2, -2, -2, 0, 1, 4, 0, 4, 2, 0, 0, 0, 2, -2, -2, 0, -2], [2, 0, 0, 1, -2, -2, -3, -3, -1, 1, 4, -1, 4, 1, -1, 0, 0, 2, -2, -2, -1, -3], [0, 0, 0, 0, 0, 0, 0, 0, 0, 0, 0, 1, 0, 0, 0, 0, 0, 0, 0, 0, 0, 0], [2, 0, 0, 2, -2, -2, -2, -2, 0, 0, 4, 0, 5, 2, 0, 0, 0, 2, -2, -2, 0, -2], [0, 0, 0, 0, 0, 0, 0, 0, 0, 0, 0, 0, 0, 1, 0, 0, 0, 0, 0, 0, 0, 0], [-1, 0, 0, -1, 1, 1, 1, 1, 0, 0, -2, 0, -2, -1, 1, 0, 0, -1, 1, 1, 0, 1], [0, 0, 0, 0, 0, 0, 0, 0, 0, 0, 0, 0, 0, 0, 0, 1, 0, 0, 0, 0, 0, 0], [-1, 0, 0, 0, 1, 1, 2, 2, 1, -1, -1, 1, -2, 0, 1, 0, 1, -1, 1, 1, 1, 2], [-1, 0, 0, 0, 1, 1, 2, 2, 1, -1, -1, 1, -2, 0, 1, 0, 0, 0, 1, 1, 1, 2], [0, 0, 0, 0, 0, 0, 0, 0, 0, 0, 0, 0, 0, 0, 0, 0, 0, 0, 1, 0, 0, 0], [0, 0, 0, 0, 0, 0, 0, 0, 0, 0, 0, 0, 0, 0, 0, 0, 0, 0, 0, 1, 0, 0], [-1, 0, 0, -1, 1, 1, 1, 1, 0, 0, -2, 0, -2, -1, 0, 0, 0, -1, 1, 1, 1, 1], [1, 0, 0, 1, -1, -1, -1, -1, 0, 0, 2, 0, 2, 1, 0, 0, 0, 1, -1, -1, 0, 0]]
[[1, 0, 0, 0, 0, 0, 0, 0, 0, 0, 0, 0, 0, 0, 0, 0, 0, 0, 0, 0, 0, 0], [0, 1, 0, 0, 0, 0, 0, 0, 0, 0, 0, 0, 0, 0, 0, 0, 0, 0, 0, 0, 0, 0], [0, 0, 1, 0, 0, 0, 0, 0, 0, 0, 0, 0, 0, 0, 0, 0, 0, 0, 0, 0, 0, 0], [0, 0, 0, 1, 0, 0, 0, 0, 0, 0, 0, 0, 0, 0, 0, 0, 0, 0, 0, 0, 0, 0], [0, 0, 0, 0, 1, 0, 0, 0, 0, 0, 0, 0, 0, 0, 0, 0, 0, 0, 0, 0, 0, 0], [0, 0, 0, 0, 0, 1, 0, 0, 0, 0, 0, 0, 0, 0, 0, 0, 0, 0, 0, 0, 0, 0], [0, 0, 0, 0, 0, 0, 1, 0, 0, 0, 0, 0, 0, 0, 0, 0, 0, 0, 0, 0, 0, 0], [0, 0, 0, 0, 0, 0, 0, 1, 0, 0, 0, 0, 0, 0, 0, 0, 0, 0, 0, 0, 0, 0], [0, 0, 0, 0, 0, 0, 0, 0, 1, 0, 0, 0, 0, 0, 0, 0, 0, 0, 0, 0, 0, 0], [0, 0, 0, 0, 0, 0, 0, 0, 0, 1, 0, 0, 0, 0, 0, 0, 0, 0, 0, 0, 0, 0], [0, 0, 0, 0, 0, 0, 0, 0, 0, 0, 1, 0, 0, 0, 0, 0, 0, 0, 0, 0, 0, 0], [0, 0, 0, 0, 0, 0, 0, 0, 0, 0, 0, 1, 0, 0, 0, 0, 0, 0, 0, 0, 0, 0], [0, 0, 0, 0, 0, 0, 0, 0, 0, 0, 0, 0, 1, 0, 0, 0, 0, 0, 0, 0, 0, 0], [0, 0, 0, 0, 0, 0, 0, 0, 0, 0, 0, 0, 0, 1, 0, 0, 0, 0, 0, 0, 0, 0], [0, 0, 0, 0, 0, 0, 0, 0, 0, 0, 0, 0, 0, 0, 1, 0, 0, 0, 0, 0, 0, 0], [0, 0, 0, 0, 0, 0, 0, 0, 0, 0, 0, 0, 0, 0, 0, 1, 0, 0, 0, 0, 0, 0], [0, 0, 0, 0, 0, 0, 0, 0, 0, 0, 0, 0, 0, 0, 0, 0, 1, 0, 0, 0, 0, 0], [0, 0, 0, 0, 0, 0, 0, 0, 0, 0, 0, 0, 0, 0, 0, 0, 0, 1, 0, 0, 0, 0], [0, 0, 0, 0, 0, 0, 0, 0, 0, 0, 0, 0, 0, 0, 0, 0, 0, 0, 1, 0, 0, 0], [0, 0, 0, 0, 0, 0, 0, 0, 0, 0, 0, 0, 0, 0, 0, 0, 0, 0, 0, 1, 0, 0], [0, 0, 0, 0, 0, 0, 0, 0, 0, 0, 0, 0, 0, 0, 0, 0, 0, 0, 0, 0, 1, 0], [0, 0, 0, 0, 0, 0, 0, 0, 0, 0, 0, 0, 0, 0, 0, 0, 0, 0, 0, 0, 0, 1]]
[[1, 0, 0, 0, 0, 0, 0, 0, 0, 0, 0, 0, 0, 0, 0, 0, 0, 0, 0, 0, 0, 0], [0, 1, 0, 0, 0, 0, 0, 0, 0, 0, 0, 0, 0, 0, 0, 0, 0, 0, 0, 0, 0, 0], [0, 0, 1, 0, 0, 0, 0, 0, 0, 0, 0, 0, 0, 0, 0, 0, 0, 0, 0, 0, 0, 0], [0, 0, 0, 1, 0, 0, 0, 0, 0, 0, 0, 0, 0, 0, 0, 0, 0, 0, 0, 0, 0, 0], [0, 0, 0, 0, 1, 0, 0, 0, 0, 0, 0, 0, 0, 0, 0, 0, 0, 0, 0, 0, 0, 0], [0, 0, 0, 0, 0, 1, 0, 0, 0, 0, 0, 0, 0, 0, 0, 0, 0, 0, 0, 0, 0, 0], [0, 0, 0, 0, 0, 0, 1, 0, 0, 0, 0, 0, 0, 0, 0, 0, 0, 0, 0, 0, 0, 0], [0, 0, 0, 0, 0, 0, 0, 1, 0, 0, 0, 0, 0, 0, 0, 0, 0, 0, 0, 0, 0, 0], [0, 0, 0, 0, 0, 0, 0, 0, 1, 0, 0, 0, 0, 0, 0, 0, 0, 0, 0, 0, 0, 0], [0, 0, 0, 0, 0, 0, 0, 0, 0, 1, 0, 0, 0, 0, 0, 0, 0, 0, 0, 0, 0, 0], [0, 0, 0, 0, 0, 0, 0, 0, 0, 0, 1, 0, 0, 0, 0, 0, 0, 0, 0, 0, 0, 0], [0, 0, 0, 0, 0, 0, 0, 0, 0, 0, 0, 1, 0, 0, 0, 0, 0, 0, 0, 0, 0, 0], [0, 0, 0, 0, 0, 0, 0, 0, 0, 0, 0, 0, 1, 0, 0, 0, 0, 0, 0, 0, 0, 0], [0, 0, 0, 0, 0, 0, 0, 0, 0, 0, 0, 0, 0, 1, 0, 0, 0, 0, 0, 0, 0, 0], [0, 0, 0, 0, 0, 0, 0, 0, 0, 0, 0, 0, 0, 0, 1, 0, 0, 0, 0, 0, 0, 0], [0, 0, 0, 0, 0, 0, 0, 0, 0, 0, 0, 0, 0, 0, 0, 1, 0, 0, 0, 0, 0, 0], [0, 0, 0, 0, 0, 0, 0, 0, 0, 0, 0, 0, 0, 0, 0, 0, 1, 0, 0, 0, 0, 0], [0, 0, 0, 0, 0, 0, 0, 0, 0, 0, 0, 0, 0, 0, 0, 0, 0, 1, 0, 0, 0, 0], [0, 0, 0, 0, 0, 0, 0, 0, 0, 0, 0, 0, 0, 0, 0, 0, 0, 0, 1, 0, 0, 0], [0, 0, 0, 0, 0, 0, 0, 0, 0, 0, 0, 0, 0, 0, 0, 0, 0, 0, 0, 1, 0, 0], [0, 0, 0, 0, 0, 0, 0, 0, 0, 0, 0, 0, 0, 0, 0, 0, 0, 0, 0, 0, 1, 0], [0, 0, 0, 0, 0, 0, 0, 0, 0, 0, 0, 0, 0, 0, 0, 0, 0, 0, 0, 0, 0, 1]]
[[1, 0, 0, 0, 0, 0, 0, 0, 0, 0, 0, 0, 0, 0, 0, 0, 0, 0, 0, 0, 0, 0], [0, 1, 0, 0, 0, 0, 0, 0, 0, 0, 0, 0, 0, 0, 0, 0, 0, 0, 0, 0, 0, 0], [0, 0, 1, 0, 0, 0, 0, 0, 0, 0, 0, 0, 0, 0, 0, 0, 0, 0, 0, 0, 0, 0], [0, 0, 0, 1, 0, 0, 0, 0, 0, 0, 0, 0, 0, 0, 0, 0, 0, 0, 0, 0, 0, 0], [0, 0, 0, 0, 1, 0, 0, 0, 0, 0, 0, 0, 0, 0, 0, 0, 0, 0, 0, 0, 0, 0], [0, 0, 0, 0, 0, 1, 0, 0, 0, 0, 0, 0, 0, 0, 0, 0, 0, 0, 0, 0, 0, 0], [0, 0, 0, 0, 0, 0, 1, 0, 0, 0, 0, 0, 0, 0, 0, 0, 0, 0, 0, 0, 0, 0], [0, 0, 0, 0, 0, 0, 0, 1, 0, 0, 0, 0, 0, 0, 0, 0, 0, 0, 0, 0, 0, 0], [0, 0, 0, 0, 0, 0, 0, 0, 1, 0, 0, 0, 0, 0, 0, 0, 0, 0, 0, 0, 0, 0], [0, 0, 0, 0, 0, 0, 0, 0, 0, 1, 0, 0, 0, 0, 0, 0, 0, 0, 0, 0, 0, 0], [0, 0, 0, 0, 0, 0, 0, 0, 0, 0, 1, 0, 0, 0, 0, 0, 0, 0, 0, 0, 0, 0], [0, 0, 0, 0, 0, 0, 0, 0, 0, 0, 0, 1, 0, 0, 0, 0, 0, 0, 0, 0, 0, 0], [0, 0, 0, 0, 0, 0, 0, 0, 0, 0, 0, 0, 1, 0, 0, 0, 0, 0, 0, 0, 0, 0], [0, 0, 0, 0, 0, 0, 0, 0, 0, 0, 0, 0, 0, 1, 0, 0, 0, 0, 0, 0, 0, 0], [0, 0, 0, 0, 0, 0, 0, 0, 0, 0, 0, 0, 0, 0, 1, 0, 0, 0, 0, 0, 0, 0], [0, 0, 0, 0, 0, 0, 0, 0, 0, 0, 0, 0, 0, 0, 0, 1, 0, 0, 0, 0, 0, 0], [0, 0, 0, 0, 0, 0, 0, 0, 0, 0, 0, 0, 0, 0, 0, 0, 1, 0, 0, 0, 0, 0], [0, 0, 0, 0, 0, 0, 0, 0, 0, 0, 0, 0, 0, 0, 0, 0, 0, 1, 0, 0, 0, 0], [0, 0, 0, 0, 0, 0, 0, 0, 0, 0, 0, 0, 0, 0, 0, 0, 0, 0, 1, 0, 0, 0], [0, 0, 0, 0, 0, 0, 0, 0, 0, 0, 0, 0, 0, 0, 0, 0, 0, 0, 0, 1, 0, 0], [0, 0, 0, 0, 0, 0, 0, 0, 0, 0, 0, 0, 0, 0, 0, 0, 0, 0, 0, 0, 1, 0], [0, 0, 0, 0, 0, 0, 0, 0, 0, 0, 0, 0, 0, 0, 0, 0, 0, 0, 0, 0, 0, 1]]
[[2, -1, -1, 2, 0, 0, 2, 7, 3, -2, 3, 7, 3, 6, 5, 4, 5, 0, 3, 3, 0, 3], [0, 1, 0, -1, 1, 1, 1, 1, 0, 0, -2, 1, -2, 0, 0, 1, 1, -2, 1, 1, -1, 0], [0, 0, 1, -1, 1, 1, 1, 1, 0, 0, -2, 1, -2, 0, 0, 1, 1, -2, 1, 1, -1, 0], [0, 0, 0, 1, 0, 0, 0, 0, 0, 0, 0, 0, 0, 0, 0, 0, 0, 0, 0, 0, 0, 0], [-1, 0, 0, -2, 2, 1, 0, -2, -2, 1, -4, -2, -4, -4, -3, -1, -2, -2, 0, 0, -1, -2], [-1, 0, 0, -2, 1, 2, 0, -2, -2, 1, -4, -2, -4, -4, -3, -1, -2, -2, 0, 0, -1, -2], [0, 2, 2, 0, -2, -2, -3, -10, -2, 2, 2, -10, 2, -4, -4, -6, -6, 4, -6, -6, 2, -2], [1, 0, 0, 0, 1, 1, 2, 4, 1, 0, -1, 3, -1, 2, 2, 2, 3, -2, 2, 2, -1, 1], [2, 0, 0, 2, 0, 0, 2, 4, 3, 0, 2, 4, 2, 4, 4, 2, 4, 0, 2, 2, 0, 2], [-2, 0, 0, -2, 0, 0, -2, -4, -2, 1, -2, -4, -2, -4, -4, -2, -4, 0, -2, -2, 0, -2], [0, 1, 1, -1, 0, 0, -1, -4, -1, 1, 0, -4, -1, -2, -2, -2, -2, 0, -2, -2, 0, -1], [-1, 0, 0, -2, 1, 1, 0, -1, -1, 0, -3, 0, -3, -2, -2, 0, -1, -2, 0, 0, -1, -1], [0, 1, 1, -1, 0, 0, -1, -4, -1, 1, -1, -4, 0, -2, -2, -2, -2, 0, -2, -2, 0, -1], [-2, -1, -1, -1, 0, 0, -1, 0, -1, -1, -1, 0, -1, -1, -2, 0, -2, 0, 0, 0, 0, -1], [-1, -1, -1, 0, 0, 0, 0, 2, 0, -1, 0, 2, 0, 0, 1, 1, 0, 0, 1, 1, 0, 0], [1, 1, 1, 2, -2, -2, -2, -5, -1, 2, 3, -5, 3, -2, -1, -3, -3, 4, -3, -3, 2, -1], [0, 0, 0, 0, 0, 0, 0, -1, -1, 1, -1, -1, -1, -2, -1, -1, 0, 0, 0, 0, 0, -1], [0, 0, 0, -1, 1, 1, 1, 0, -1, 1, -3, 0, -3, -2, -1, 0, 0, -1, 1, 1, -1, -1], [0, 0, 0, 0, 0, 0, 0, 1, 1, -1, 1, 1, 1, 2, 1, 1, 1, 0, 1, 0, 0, 1], [0, 0, 0, 0, 0, 0, 0, 1, 1, -1, 1, 1, 1, 2, 1, 1, 1, 0, 0, 1, 0, 1], [-1, -1, -1, 0, 0, 0, 0, 2, 0, -1, 0, 2, 0, 0, 0, 1, 0, 0, 1, 1, 1, 0], [0, 0, 0, 0, 0, 0, 0, 0, 0, 0, 0, 0, 0, 0, 0, 0, 0, 0, 0, 0, 0, 1]]
[[-2, 0, -2, -1, 1, 0, 0, 5, 0, -3, -1, 5, -1, 3, 2, 3, 3, -4, 2, 3, -3, 0], [-1, 1, 0, -1, 1, 0, 0, 1, 0, -1, -1, 1, -1, 1, 0, 1, 1, -2, 0, 1, -1, 0], [-2, 0, 0, -1, 1, 0, 0, 3, 0, -2, -1, 3, -1, 2, 1, 2, 2, -3, 1, 2, -2, 0], [0, 0, 0, 1, 0, 0, 0, 0, 0, 0, 0, 0, 0, 0, 0, 0, 0, 0, 0, 0, 0, 0], [0, 0, 0, 0, 1, 0, 0, 0, 0, 0, 0, 0, 0, 0, 0, 0, 0, 0, 0, 0, 0, 0], [-1, 0, 0, -1, 1, 1, 0, 1, 0, -1, -1, 1, -1, 1, 0, 1, 1, -2, 0, 1, -1, 0], [5, 0, 3, 2, -2, 0, 1, -8, 0, 5, 2, -8, 2, -5, -3, -5, -5, 7, -3, -5, 5, 0], [-2, 0, -1, -1, 1, 0, 0, 4, 0, -2, -1, 3, -1, 2, 1, 2, 2, -3, 1, 2, -2, 0], [-1, 0, -1, 0, 0, 0, 0, 2, 1, -1, 0, 2, 0, 1, 1, 1, 1, -1, 1, 1, -1, 0], [1, 0, 1, 0, 0, 0, 0, -2, 0, 2, 0, -2, 0, -1, -1, -1, -1, 1, -1, -1, 1, 0], [1, 0, 1, 0, 0, 0, 0, -2, 0, 1, 1, -2, 0, -1, -1, -1, -1, 1, -1, -1, 1, 0], [-1, 0, 0, -1, 1, 0, 0, 1, 0, -1, -1, 2, -1, 1, 0, 1, 1, -2, 0, 1, -1, 0], [1, 0, 1, 0, 0, 0, 0, -2, 0, 1, 0, -2, 1, -1, -1, -1, -1, 1, -1, -1, 1, 0], [0, 0, 0, 0, 0, 0, 0, 0, 0, 0, 0, 0, 0, 1, 0, 0, 0, 0, 0, 0, 0, 0], [0, 0, 0, 0, 0, 0, 0, 0, 0, 0, 0, 0, 0, 0, 1, 0, 0, 0, 0, 0, 0, 0], [3, 0, 1, 2, -2, 0, 0, -4, 0, 3, 2, -4, 2, -3, -1, -2, -3, 5, -1, -3, 3, 0], [1, 0, 0, 1, -1, 0, 0, -1, 0, 1, 1, -1, 1, -1, 0, -1, 0, 2, 0, -1, 1, 0], [0, 0, 0, 0, 0, 0, 0, 0, 0, 0, 0, 0, 0, 0, 0, 0, 0, 1, 0, 0, 0, 0], [-1, 0, 0, -1, 1, 0, 0, 1, 0, -1, -1, 1, -1, 1, 0, 1, 1, -2, 1, 1, -1, 0], [0, 0, 0, 0, 0, 0, 0, 0, 0, 0, 0, 0, 0, 0, 0, 0, 0, 0, 0, 1, 0, 0], [-1, 0, -1, 0, 0, 0, 0, 2, 0, -1, 0, 2, 0, 1, 1, 1, 1, -1, 1, 1, 0, 0], [0, 0, 0, 0, 0, 0, 0, 0, 0, 0, 0, 0, 0, 0, 0, 0, 0, 0, 0, 0, 0, 1]]
[[1, 0, 0, 0, 0, 0, 0, 0, 0, 0, 0, 0, 0, 0, 0, 0, 0, 0, 0, 0, 0, 0], [0, 1, 0, 0, 0, 0, 0, 0, 0, 0, 0, 0, 0, 0, 0, 0, 0, 0, 0, 0, 0, 0], [0, 0, 1, 0, 0, 0, 0, 0, 0, 0, 0, 0, 0, 0, 0, 0, 0, 0, 0, 0, 0, 0], [0, 0, 0, 1, 0, 0, 0, 0, 0, 0, 0, 0, 0, 0, 0, 0, 0, 0, 0, 0, 0, 0], [0, 0, 0, 0, 1, 0, 0, 0, 0, 0, 0, 0, 0, 0, 0, 0, 0, 0, 0, 0, 0, 0], [0, 0, 0, 0, 0, 1, 0, 0, 0, 0, 0, 0, 0, 0, 0, 0, 0, 0, 0, 0, 0, 0], [0, 0, 0, 0, 0, 0, 1, 0, 0, 0, 0, 0, 0, 0, 0, 0, 0, 0, 0, 0, 0, 0], [0, 0, 0, 0, 0, 0, 0, 1, 0, 0, 0, 0, 0, 0, 0, 0, 0, 0, 0, 0, 0, 0], [0, 0, 0, 0, 0, 0, 0, 0, 1, 0, 0, 0, 0, 0, 0, 0, 0, 0, 0, 0, 0, 0], [0, 0, 0, 0, 0, 0, 0, 0, 0, 1, 0, 0, 0, 0, 0, 0, 0, 0, 0, 0, 0, 0], [0, 0, 0, 0, 0, 0, 0, 0, 0, 0, 1, 0, 0, 0, 0, 0, 0, 0, 0, 0, 0, 0], [0, 0, 0, 0, 0, 0, 0, 0, 0, 0, 0, 1, 0, 0, 0, 0, 0, 0, 0, 0, 0, 0], [0, 0, 0, 0, 0, 0, 0, 0, 0, 0, 0, 0, 1, 0, 0, 0, 0, 0, 0, 0, 0, 0], [0, 0, 0, 0, 0, 0, 0, 0, 0, 0, 0, 0, 0, 1, 0, 0, 0, 0, 0, 0, 0, 0], [0, 0, 0, 0, 0, 0, 0, 0, 0, 0, 0, 0, 0, 0, 1, 0, 0, 0, 0, 0, 0, 0], [0, 0, 0, 0, 0, 0, 0, 0, 0, 0, 0, 0, 0, 0, 0, 1, 0, 0, 0, 0, 0, 0], [0, 0, 0, 0, 0, 0, 0, 0, 0, 0, 0, 0, 0, 0, 0, 0, 1, 0, 0, 0, 0, 0], [0, 0, 0, 0, 0, 0, 0, 0, 0, 0, 0, 0, 0, 0, 0, 0, 0, 1, 0, 0, 0, 0], [0, 0, 0, 0, 0, 0, 0, 0, 0, 0, 0, 0, 0, 0, 0, 0, 0, 0, 1, 0, 0, 0], [0, 0, 0, 0, 0, 0, 0, 0, 0, 0, 0, 0, 0, 0, 0, 0, 0, 0, 0, 1, 0, 0], [0, 0, 0, 0, 0, 0, 0, 0, 0, 0, 0, 0, 0, 0, 0, 0, 0, 0, 0, 0, 1, 0], [0, 0, 0, 0, 0, 0, 0, 0, 0, 0, 0, 0, 0, 0, 0, 0, 0, 0, 0, 0, 0, 1]]
[[1, 0, 0, 0, 0, 0, 0, 0, 0, 0, 0, 0, 0, 0, 0, 0, 0, 0, 0, 0, 0, 0], [0, 1, 0, 0, 0, 0, 0, 0, 0, 0, 0, 0, 0, 0, 0, 0, 0, 0, 0, 0, 0, 0], [0, 0, 1, 0, 0, 0, 0, 0, 0, 0, 0, 0, 0, 0, 0, 0, 0, 0, 0, 0, 0, 0], [0, 0, 0, 1, 0, 0, 0, 0, 0, 0, 0, 0, 0, 0, 0, 0, 0, 0, 0, 0, 0, 0], [0, 0, 0, 0, 1, 0, 0, 0, 0, 0, 0, 0, 0, 0, 0, 0, 0, 0, 0, 0, 0, 0], [0, 0, 0, 0, 0, 1, 0, 0, 0, 0, 0, 0, 0, 0, 0, 0, 0, 0, 0, 0, 0, 0], [0, 0, 0, 0, 0, 0, 1, 0, 0, 0, 0, 0, 0, 0, 0, 0, 0, 0, 0, 0, 0, 0], [0, 0, 0, 0, 0, 0, 0, 1, 0, 0, 0, 0, 0, 0, 0, 0, 0, 0, 0, 0, 0, 0], [0, 0, 0, 0, 0, 0, 0, 0, 1, 0, 0, 0, 0, 0, 0, 0, 0, 0, 0, 0, 0, 0], [0, 0, 0, 0, 0, 0, 0, 0, 0, 1, 0, 0, 0, 0, 0, 0, 0, 0, 0, 0, 0, 0], [0, 0, 0, 0, 0, 0, 0, 0, 0, 0, 1, 0, 0, 0, 0, 0, 0, 0, 0, 0, 0, 0], [0, 0, 0, 0, 0, 0, 0, 0, 0, 0, 0, 1, 0, 0, 0, 0, 0, 0, 0, 0, 0, 0], [0, 0, 0, 0, 0, 0, 0, 0, 0, 0, 0, 0, 1, 0, 0, 0, 0, 0, 0, 0, 0, 0], [0, 0, 0, 0, 0, 0, 0, 0, 0, 0, 0, 0, 0, 1, 0, 0, 0, 0, 0, 0, 0, 0], [0, 0, 0, 0, 0, 0, 0, 0, 0, 0, 0, 0, 0, 0, 1, 0, 0, 0, 0, 0, 0, 0], [0, 0, 0, 0, 0, 0, 0, 0, 0, 0, 0, 0, 0, 0, 0, 1, 0, 0, 0, 0, 0, 0], [0, 0, 0, 0, 0, 0, 0, 0, 0, 0, 0, 0, 0, 0, 0, 0, 1, 0, 0, 0, 0, 0], [0, 0, 0, 0, 0, 0, 0, 0, 0, 0, 0, 0, 0, 0, 0, 0, 0, 1, 0, 0, 0, 0], [0, 0, 0, 0, 0, 0, 0, 0, 0, 0, 0, 0, 0, 0, 0, 0, 0, 0, 1, 0, 0, 0], [0, 0, 0, 0, 0, 0, 0, 0, 0, 0, 0, 0, 0, 0, 0, 0, 0, 0, 0, 1, 0, 0], [0, 0, 0, 0, 0, 0, 0, 0, 0, 0, 0, 0, 0, 0, 0, 0, 0, 0, 0, 0, 1, 0], [0, 0, 0, 0, 0, 0, 0, 0, 0, 0, 0, 0, 0, 0, 0, 0, 0, 0, 0, 0, 0, 1]]
[[1, 0, 0, 0, 0, 0, 0, 0, 0, 0, 0, 0, 0, 0, 0, 0, 0, 0, 0, 0, 0, 0], [0, 1, 0, 0, 0, 0, 0, 0, 0, 0, 0, 0, 0, 0, 0, 0, 0, 0, 0, 0, 0, 0], [0, 0, 1, 0, 0, 0, 0, 0, 0, 0, 0, 0, 0, 0, 0, 0, 0, 0, 0, 0, 0, 0], [0, 0, 0, 1, 0, 0, 0, 0, 0, 0, 0, 0, 0, 0, 0, 0, 0, 0, 0, 0, 0, 0], [0, 0, 0, 0, 1, 0, 0, 0, 0, 0, 0, 0, 0, 0, 0, 0, 0, 0, 0, 0, 0, 0], [0, 0, 0, 0, 0, 1, 0, 0, 0, 0, 0, 0, 0, 0, 0, 0, 0, 0, 0, 0, 0, 0], [0, 0, 0, 0, 0, 0, 1, 0, 0, 0, 0, 0, 0, 0, 0, 0, 0, 0, 0, 0, 0, 0], [0, 0, 0, 0, 0, 0, 0, 1, 0, 0, 0, 0, 0, 0, 0, 0, 0, 0, 0, 0, 0, 0], [0, 0, 0, 0, 0, 0, 0, 0, 1, 0, 0, 0, 0, 0, 0, 0, 0, 0, 0, 0, 0, 0], [0, 0, 0, 0, 0, 0, 0, 0, 0, 1, 0, 0, 0, 0, 0, 0, 0, 0, 0, 0, 0, 0], [0, 0, 0, 0, 0, 0, 0, 0, 0, 0, 1, 0, 0, 0, 0, 0, 0, 0, 0, 0, 0, 0], [0, 0, 0, 0, 0, 0, 0, 0, 0, 0, 0, 1, 0, 0, 0, 0, 0, 0, 0, 0, 0, 0], [0, 0, 0, 0, 0, 0, 0, 0, 0, 0, 0, 0, 1, 0, 0, 0, 0, 0, 0, 0, 0, 0], [0, 0, 0, 0, 0, 0, 0, 0, 0, 0, 0, 0, 0, 1, 0, 0, 0, 0, 0, 0, 0, 0], [0, 0, 0, 0, 0, 0, 0, 0, 0, 0, 0, 0, 0, 0, 1, 0, 0, 0, 0, 0, 0, 0], [0, 0, 0, 0, 0, 0, 0, 0, 0, 0, 0, 0, 0, 0, 0, 1, 0, 0, 0, 0, 0, 0], [0, 0, 0, 0, 0, 0, 0, 0, 0, 0, 0, 0, 0, 0, 0, 0, 1, 0, 0, 0, 0, 0], [0, 0, 0, 0, 0, 0, 0, 0, 0, 0, 0, 0, 0, 0, 0, 0, 0, 1, 0, 0, 0, 0], [0, 0, 0, 0, 0, 0, 0, 0, 0, 0, 0, 0, 0, 0, 0, 0, 0, 0, 1, 0, 0, 0], [0, 0, 0, 0, 0, 0, 0, 0, 0, 0, 0, 0, 0, 0, 0, 0, 0, 0, 0, 1, 0, 0], [0, 0, 0, 0, 0, 0, 0, 0, 0, 0, 0, 0, 0, 0, 0, 0, 0, 0, 0, 0, 1, 0], [0, 0, 0, 0, 0, 0, 0, 0, 0, 0, 0, 0, 0, 0, 0, 0, 0, 0, 0, 0, 0, 1]]
[[1, 0, 0, 0, 0, 0, 0, 0, 0, 0, 0, 0, 0, 0, 0, 0, 0, 0, 0, 0, 0, 0], [0, 1, 0, 0, 0, 0, 0, 0, 0, 0, 0, 0, 0, 0, 0, 0, 0, 0, 0, 0, 0, 0], [0, 0, 1, 0, 0, 0, 0, 0, 0, 0, 0, 0, 0, 0, 0, 0, 0, 0, 0, 0, 0, 0], [0, 0, 0, 1, 0, 0, 0, 0, 0, 0, 0, 0, 0, 0, 0, 0, 0, 0, 0, 0, 0, 0], [0, 0, 0, 0, 1, 0, 0, 0, 0, 0, 0, 0, 0, 0, 0, 0, 0, 0, 0, 0, 0, 0], [0, 0, 0, 0, 0, 1, 0, 0, 0, 0, 0, 0, 0, 0, 0, 0, 0, 0, 0, 0, 0, 0], [0, 0, 0, 0, 0, 0, 1, 0, 0, 0, 0, 0, 0, 0, 0, 0, 0, 0, 0, 0, 0, 0], [0, 0, 0, 0, 0, 0, 0, 1, 0, 0, 0, 0, 0, 0, 0, 0, 0, 0, 0, 0, 0, 0], [0, 0, 0, 0, 0, 0, 0, 0, 1, 0, 0, 0, 0, 0, 0, 0, 0, 0, 0, 0, 0, 0], [0, 0, 0, 0, 0, 0, 0, 0, 0, 1, 0, 0, 0, 0, 0, 0, 0, 0, 0, 0, 0, 0], [0, 0, 0, 0, 0, 0, 0, 0, 0, 0, 1, 0, 0, 0, 0, 0, 0, 0, 0, 0, 0, 0], [0, 0, 0, 0, 0, 0, 0, 0, 0, 0, 0, 1, 0, 0, 0, 0, 0, 0, 0, 0, 0, 0], [0, 0, 0, 0, 0, 0, 0, 0, 0, 0, 0, 0, 1, 0, 0, 0, 0, 0, 0, 0, 0, 0], [0, 0, 0, 0, 0, 0, 0, 0, 0, 0, 0, 0, 0, 1, 0, 0, 0, 0, 0, 0, 0, 0], [0, 0, 0, 0, 0, 0, 0, 0, 0, 0, 0, 0, 0, 0, 1, 0, 0, 0, 0, 0, 0, 0], [0, 0, 0, 0, 0, 0, 0, 0, 0, 0, 0, 0, 0, 0, 0, 1, 0, 0, 0, 0, 0, 0], [0, 0, 0, 0, 0, 0, 0, 0, 0, 0, 0, 0, 0, 0, 0, 0, 1, 0, 0, 0, 0, 0], [0, 0, 0, 0, 0, 0, 0, 0, 0, 0, 0, 0, 0, 0, 0, 0, 0, 1, 0, 0, 0, 0], [0, 0, 0, 0, 0, 0, 0, 0, 0, 0, 0, 0, 0, 0, 0, 0, 0, 0, 1, 0, 0, 0], [0, 0, 0, 0, 0, 0, 0, 0, 0, 0, 0, 0, 0, 0, 0, 0, 0, 0, 0, 1, 0, 0], [0, 0, 0, 0, 0, 0, 0, 0, 0, 0, 0, 0, 0, 0, 0, 0, 0, 0, 0, 0, 1, 0], [0, 0, 0, 0, 0, 0, 0, 0, 0, 0, 0, 0, 0, 0, 0, 0, 0, 0, 0, 0, 0, 1]]
[[2, 1, 0, 1, -1, -1, 0, 0, 1, 0, 2, 1, 2, 2, 1, 0, 1, 1, 0, -1, 0, 1], [0, 0, 0, 0, 0, 0, 0, 1, 0, 0, 0, 0, 0, 0, 0, 0, 0, 0, 0, 0, 1, 1], [-2, -1, -1, -1, 1, 1, 0, 1, -1, -1, -2, 1, -2, -2, -1, 0, -1, -1, 1, 1, 1, 0], [1, 0, 0, 1, -1, 0, 0, 0, 1, 0, 2, 0, 1, 1, 0, 0, 0, 2, 0, 0, 1, 1], [-1, 0, 0, -1, 1, 1, 0, 0, -2, 0, -2, -1, -2, -2, -1, 0, -1, -1, 0, 1, 0, -1], [-2, 0, 0, -2, 2, 2, 0, -1, -2, 0, -4, -1, -4, -3, -2, 0, -1, -3, 0, 1, -1, -2], [-1, -1, 0, 0, 2, 1, 1, -1, 0, 0, -2, -1, -1, -2, 0, 0, -1, -1, 0, 1, 0, -1], [0, 1, 0, 0, 0, 0, 0, 0, 0, 0, 0, 0, 0, 0, 0, 0, 0, 0, 0, 0, 1, 1], [1, 1, 0, 1, -2, -1, 0, 1, 1, 0, 2, 1, 2, 2, 1, 0, 1, 1, 0, -1, 1, 2], [-2, 0, 0, -2, 2, 1, 0, -1, -2, 0, -4, -1, -3, -2, -2, 0, -1, -3, -1, 1, -2, -3], [-2, 0, 0, -1, 2, 1, 0, -1, -2, -1, -3, -1, -2, -2, -1, 0, -1, -3, -1, 1, -1, -2], [-1, -1, 0, -1, 1, 1, 0, 0, -1, 0, -2, 0, -2, -2, -1, 0, -1, -1, 0, 1, 0, -1], [-2, 0, 0, -2, 2, 1, 0, -1, -2, 0, -4, -1, -3, -3, -2, 0, -1, -3, 0, 1, -1, -2], [-1, 0, 0, -1, 1, 0, 0, 0, -1, 0, -2, 0, -2, 0, -1, 0, 0, -2, 0, 0, -2, -2], [1, 0, 0, 0, -1, -1, 0, 1, 1, 0, 2, 1, 1, 2, 1, 0, 1, 1, 0, -1, 0, 1], [2, 0, 0, 2, -2, -1, 0, 1, 2, 0, 4, 1, 4, 3, 2, 1, 1, 3, 0, -1, 1, 2], [2, -1, 0, 2, -2, 0, 0, 1, 2, 1, 4, 0, 3, 1, 2, 0, 1, 4, 1, 0, 2, 2], [1, -1, 0, 1, -1, 0, 0, 1, 1, 1, 2, 0, 1, 0, 1, 0, 0, 3, 1, 0, 2, 2], [-1, 0, 0, -1, 1, 0, 0, 0, -1, -1, -2, 0, -1, 0, -1, 0, 0, -2, 0, 0, -1, -1], [0, 0, 0, 0, 0, -1, 0, 1, 0, 0, 0, 1, 0, 1, 0, 0, 1, -1, 0, 0, -1, 0], [1, 0, 0, 1, -1, -1, 0, 1, 1, 0, 2, 1, 2, 2, 1, 0, 1, 1, 0, -1, 0, 0], [-1, 0, 0, -1, 1, 1, 0, -1, -1, 0, -2, -1, -2, -2, -1, 0, -1, -1, 0, 1, -1, -1]]
[[1, 0, 0, 0, 0, 0, 0, 0, 0, 0, 0, 0, 0, 0, 0, 0, 0, 0, 0, 0, 0, 0], [0, 1, 0, 0, 0, 0, 0, 0, 0, 0, 0, 0, 0, 0, 0, 0, 0, 0, 0, 0, 0, 0], [0, 0, 1, 0, 0, 0, 0, 0, 0, 0, 0, 0, 0, 0, 0, 0, 0, 0, 0, 0, 0, 0], [0, 0, 0, 1, 0, 0, 0, 0, 0, 0, 0, 0, 0, 0, 0, 0, 0, 0, 0, 0, 0, 0], [0, 0, 0, 0, 1, 0, 0, 0, 0, 0, 0, 0, 0, 0, 0, 0, 0, 0, 0, 0, 0, 0], [0, 0, 0, 0, 0, 1, 0, 0, 0, 0, 0, 0, 0, 0, 0, 0, 0, 0, 0, 0, 0, 0], [0, 0, 0, 0, 0, 0, 1, 0, 0, 0, 0, 0, 0, 0, 0, 0, 0, 0, 0, 0, 0, 0], [0, 0, 0, 0, 0, 0, 0, 1, 0, 0, 0, 0, 0, 0, 0, 0, 0, 0, 0, 0, 0, 0], [0, 0, 0, 0, 0, 0, 0, 0, 1, 0, 0, 0, 0, 0, 0, 0, 0, 0, 0, 0, 0, 0], [0, 0, 0, 0, 0, 0, 0, 0, 0, 1, 0, 0, 0, 0, 0, 0, 0, 0, 0, 0, 0, 0], [0, 0, 0, 0, 0, 0, 0, 0, 0, 0, 1, 0, 0, 0, 0, 0, 0, 0, 0, 0, 0, 0], [0, 0, 0, 0, 0, 0, 0, 0, 0, 0, 0, 1, 0, 0, 0, 0, 0, 0, 0, 0, 0, 0], [0, 0, 0, 0, 0, 0, 0, 0, 0, 0, 0, 0, 1, 0, 0, 0, 0, 0, 0, 0, 0, 0], [0, 0, 0, 0, 0, 0, 0, 0, 0, 0, 0, 0, 0, 1, 0, 0, 0, 0, 0, 0, 0, 0], [0, 0, 0, 0, 0, 0, 0, 0, 0, 0, 0, 0, 0, 0, 1, 0, 0, 0, 0, 0, 0, 0], [0, 0, 0, 0, 0, 0, 0, 0, 0, 0, 0, 0, 0, 0, 0, 1, 0, 0, 0, 0, 0, 0], [0, 0, 0, 0, 0, 0, 0, 0, 0, 0, 0, 0, 0, 0, 0, 0, 1, 0, 0, 0, 0, 0], [0, 0, 0, 0, 0, 0, 0, 0, 0, 0, 0, 0, 0, 0, 0, 0, 0, 1, 0, 0, 0, 0], [0, 0, 0, 0, 0, 0, 0, 0, 0, 0, 0, 0, 0, 0, 0, 0, 0, 0, 1, 0, 0, 0], [0, 0, 0, 0, 0, 0, 0, 0, 0, 0, 0, 0, 0, 0, 0, 0, 0, 0, 0, 1, 0, 0], [0, 0, 0, 0, 0, 0, 0, 0, 0, 0, 0, 0, 0, 0, 0, 0, 0, 0, 0, 0, 1, 0], [0, 0, 0, 0, 0, 0, 0, 0, 0, 0, 0, 0, 0, 0, 0, 0, 0, 0, 0, 0, 0, 1]]
[[1, 0, 0, 0, 0, 0, 0, 0, 0, 0, 0, 0, 0, 0, 0, 0, 0, 0, 0, 0, 0, 0], [0, 0, 1, 0, 0, 0, 0, 0, 0, 0, 0, 0, 0, 0, 0, 0, 0, 0, 0, 0, 0, 0], [0, 1, 0, 0, 0, 0, 0, 0, 0, 0, 0, 0, 0, 0, 0, 0, 0, 0, 0, 0, 0, 0], [0, 0, 0, 1, 0, 0, 0, 0, 0, 0, 0, 0, 0, 0, 0, 0, 0, 0, 0, 0, 0, 0], [0, 0, 0, 0, 0, 1, 0, 0, 0, 0, 0, 0, 0, 0, 0, 0, 0, 0, 0, 0, 0, 0], [0, 0, 0, 0, 1, 0, 0, 0, 0, 0, 0, 0, 0, 0, 0, 0, 0, 0, 0, 0, 0, 0], [0, 0, 0, 0, 0, 0, 1, 0, 0, 0, 0, 0, 0, 0, 0, 0, 0, 0, 0, 0, 0, 0], [0, 0, 0, 0, 0, 0, 0, 1, 0, 0, 0, 0, 0, 0, 0, 0, 0, 0, 0, 0, 0, 0], [0, 0, 0, 0, 0, 0, 0, 0, 1, 0, 0, 0, 0, 0, 0, 0, 0, 0, 0, 0, 0, 0], [0, 0, 0, 0, 0, 0, 0, 0, 0, 1, 0, 0, 0, 0, 0, 0, 0, 0, 0, 0, 0, 0], [0, 0, 0, 0, 0, 0, 0, 0, 0, 0, 1, 0, 0, 0, 0, 0, 0, 0, 0, 0, 0, 0], [0, 0, 0, 0, 0, 0, 0, 0, 0, 0, 0, 1, 0, 0, 0, 0, 0, 0, 0, 0, 0, 0], [0, 0, 0, 0, 0, 0, 0, 0, 0, 0, 0, 0, 1, 0, 0, 0, 0, 0, 0, 0, 0, 0], [0, 0, 0, 0, 0, 0, 0, 0, 0, 0, 0, 0, 0, 1, 0, 0, 0, 0, 0, 0, 0, 0], [0, 0, 0, 0, 0, 0, 0, 0, 0, 0, 0, 0, 0, 0, 0, 0, 0, 0, 0, 0, 1, 0], [0, 0, 0, 0, 0, 0, 0, 0, 0, 0, 0, 0, 0, 0, 0, 1, 0, 0, 0, 0, 0, 0], [0, 0, 0, 0, 0, 0, 0, 0, 0, 0, 0, 0, 0, 0, 1, 0, 1, 0, 0, 0, -1, 0], [0, 0, 0, 0, 0, 0, 0, 0, 0, 0, 0, 0, 0, 0, 0, 0, 0, 1, 0, 0, 0, 0], [0, 0, 0, 0, 0, 0, 0, 0, 0, 0, 0, 0, 0, 0, 0, 0, 0, 0, 0, 1, 0, 0], [0, 0, 0, 0, 0, 0, 0, 0, 0, 0, 0, 0, 0, 0, 0, 0, 0, 0, 1, 0, 0, 0], [0, 0, 0, 0, 0, 0, 0, 0, 0, 0, 0, 0, 0, 0, 1, 0, 0, 0, 0, 0, 0, 0], [0, 0, 0, 0, 0, 0, 0, 0, 0, 0, 0, 0, 0, 0, 0, 0, 0, 0, 0, 0, 0, 1]]
[[1, 0, 0, 0, 0, 0, 0, 0, 0, 0, 0, 0, 0, 0, 0, 0, 0, 0, 0, 0, 0, 0], [0, 1, 0, 0, 0, 0, 0, 0, 0, 0, 0, 0, 0, 0, 0, 0, 0, 0, 0, 0, 0, 0], [0, 0, 1, 0, 0, 0, 0, 0, 0, 0, 0, 0, 0, 0, 0, 0, 0, 0, 0, 0, 0, 0], [0, 0, 0, 1, 0, 0, 0, 0, 0, 0, 0, 0, 0, 0, 0, 0, 0, 0, 0, 0, 0, 0], [0, 0, 0, 0, 1, 0, 0, 0, 0, 0, 0, 0, 0, 0, 0, 0, 0, 0, 0, 0, 0, 0], [0, 0, 0, 0, 0, 1, 0, 0, 0, 0, 0, 0, 0, 0, 0, 0, 0, 0, 0, 0, 0, 0], [0, 0, 0, 0, 0, 0, 1, 0, 0, 0, 0, 0, 0, 0, 0, 0, 0, 0, 0, 0, 0, 0], [0, 0, 0, 0, 0, 0, 0, 1, 0, 0, 0, 0, 0, 0, 0, 0, 0, 0, 0, 0, 0, 0], [0, 0, 0, 0, 0, 0, 0, 0, 1, 0, 0, 0, 0, 0, 0, 0, 0, 0, 0, 0, 0, 0], [0, 0, 0, 0, 0, 0, 0, 0, 0, 1, 0, 0, 0, 0, 0, 0, 0, 0, 0, 0, 0, 0], [0, 0, 0, 0, 0, 0, 0, 0, 0, 0, 1, 0, 0, 0, 0, 0, 0, 0, 0, 0, 0, 0], [0, 0, 0, 0, 0, 0, 0, 0, 0, 0, 0, 1, 0, 0, 0, 0, 0, 0, 0, 0, 0, 0], [0, 0, 0, 0, 0, 0, 0, 0, 0, 0, 0, 0, 1, 0, 0, 0, 0, 0, 0, 0, 0, 0], [0, 0, 0, 0, 0, 0, 0, 0, 0, 0, 0, 0, 0, 1, 0, 0, 0, 0, 0, 0, 0, 0], [0, 0, 0, 0, 0, 0, 0, 0, 0, 0, 0, 0, 0, 0, 1, 0, 0, 0, 0, 0, 0, 0], [0, 0, 0, 0, 0, 0, 0, 0, 0, 0, 0, 0, 0, 0, 0, 1, 0, 0, 0, 0, 0, 0], [0, 0, 0, 0, 0, 0, 0, 0, 0, 0, 0, 0, 0, 0, 0, 0, 1, 0, 0, 0, 0, 0], [0, 0, 0, 0, 0, 0, 0, 0, 0, 0, 0, 0, 0, 0, 0, 0, 0, 1, 0, 0, 0, 0], [0, 0, 0, 0, 0, 0, 0, 0, 0, 0, 0, 0, 0, 0, 0, 0, 0, 0, 1, 0, 0, 0], [0, 0, 0, 0, 0, 0, 0, 0, 0, 0, 0, 0, 0, 0, 0, 0, 0, 0, 0, 1, 0, 0], [0, 0, 0, 0, 0, 0, 0, 0, 0, 0, 0, 0, 0, 0, 0, 0, 0, 0, 0, 0, 1, 0], [0, 0, 0, 0, 0, 0, 0, 0, 0, 0, 0, 0, 0, 0, 0, 0, 0, 0, 0, 0, 0, 1]]
[[2, 0, 0, 0, 0, 0, 0, 1, 0, 0, 1, 1, 0, 1, 1, 1, 1, 0, 0, 1, -1, 1], [1, 1, 0, 0, 0, 0, 0, 1, 0, 0, 1, 1, 0, 1, 1, 1, 1, 0, 0, 1, -1, 1], [3, 1, 1, 1, 0, -1, 0, 2, 0, 0, 3, 1, 2, 3, 2, 2, 2, 1, 0, 1, -1, 2], [0, 0, 0, 1, 0, 0, 0, 0, 0, 0, 0, 0, 0, 0, 0, 0, 0, 0, 0, 0, 0, 0], [0, 0, 0, 0, 1, 0, 0, 0, 0, 0, 0, 0, 0, 0, 0, 0, 0, 0, 0, 0, 0, 0], [2, 1, 0, 1, 0, 0, 0, 1, 0, 0, 2, 0, 2, 2, 1, 1, 1, 1, 0, 0, 0, 1], [-4, -1, 0, -1, 0, 1, 1, -3, 0, 0, -4, -2, -2, -4, -3, -3, -3, -1, 0, -2, 2, -3], [1, 0, 0, 0, 0, 0, 0, 2, 0, 0, 1, 1, 0, 1, 1, 1, 1, 0, 0, 1, -1, 1], [1, 0, 0, 0, 0, 0, 0, 1, 1, 0, 1, 1, 0, 1, 1, 1, 1, 0, 0, 1, -1, 1], [-1, 0, 0, 0, 0, 0, 0, -1, 0, 1, -1, -1, 0, -1, -1, -1, -1, 0, 0, -1, 1, -1], [-1, 0, 0, 0, 0, 0, 0, -1, 0, 0, 0, -1, 0, -1, -1, -1, -1, 0, 0, -1, 1, -1], [2, 1, 0, 1, 0, -1, 0, 1, 0, 0, 2, 1, 2, 2, 1, 1, 1, 1, 0, 0, 0, 1], [0, 0, 0, 0, 0, 0, 0, 0, 0, 0, 0, 0, 1, 0, 0, 0, 0, 0, 0, 0, 0, 0], [0, 0, 0, 0, 0, 0, 0, 0, 0, 0, 0, 0, 0, 1, 0, 0, 0, 0, 0, 0, 0, 0], [0, 0, 0, 0, 0, 0, 0, 0, 0, 0, 0, 0, 0, 0, 1, 0, 0, 0, 0, 0, 0, 0], [-3, -1, 0, -1, 0, 1, 0, -2, 0, 0, -3, -1, -2, -3, -2, -1, -2, -1, 0, -1, 1, -2], [0, 0, 0, 0, 0, 0, 0, 0, 0, 0, 0, 0, 0, 0, 0, 0, 1, 0, 0, 0, 0, 0], [0, 0, 0, 0, 0, 0, 0, 0, 0, 0, 0, 0, 0, 0, 0, 0, 0, 1, 0, 0, 0, 0], [1, 0, 0, 0, 0, 0, 0, 1, 0, 0, 1, 1, 0, 1, 1, 1, 1, 0, 1, 1, -1, 1], [0, 0, 0, 0, 0, 0, 0, 0, 0, 0, 0, 0, 0, 0, 0, 0, 0, 0, 0, 1, 0, 0], [1, 0, 0, 0, 0, 0, 0, 1, 0, 0, 1, 1, 0, 1, 1, 1, 1, 0, 0, 1, 0, 1], [-1, 0, 0, 0, 0, 0, 0, -1, 0, 0, -1, -1, 0, -1, -1, -1, -1, 0, 0, -1, 1, 0]]
[[-1, -1, -1, -2, 1, 1, 0, 1, -1, 0, -3, 1, -3, -2, -1, 0, 0, -2, 1, 1, -1, 0], [0, 1, 0, 0, 0, 0, 0, 0, 0, 0, 0, 0, 0, 0, 0, 0, 0, 0, 0, 0, 0, 1], [0, 0, 1, 0, 0, 0, 0, 0, 0, 0, 0, 0, 0, 0, 0, 0, 0, 0, 0, 0, 0, 1], [0, 0, 0, 1, 0, 0, 0, 0, 0, 0, 0, 0, 0, 0, 0, 0, 0, 0, 0, 0, 0, 0], [2, 1, 1, 2, 0, -1, 0, -1, 1, 0, 3, -1, 3, 2, 1, 0, 0, 2, -1, -1, 1, 1], [2, 1, 1, 2, -1, 0, 0, -1, 1, 0, 3, -1, 3, 2, 1, 0, 0, 2, -1, -1, 1, 1], [0, 0, 0, 0, 0, 0, 1, 0, 0, 0, 0, 0, 0, 0, 0, 0, 0, 0, 0, 0, 0, -2], [0, 0, 0, 0, 0, 0, 0, 0, 1, 0, 0, 1, 0, 0, 0, 0, 0, 0, 0, 0, 0, 1], [-2, -1, -1, -2, 1, 1, 0, 1, 0, 0, -3, 1, -3, -2, -1, 0, 0, -2, 1, 1, -1, 0], [2, 1, 1, 2, -1, -1, 0, -1, 1, 1, 3, -1, 3, 2, 1, 0, 0, 2, -1, -1, 1, 0], [0, 0, 0, 0, 0, 0, 0, 0, 0, 0, 0, 0, 1, 0, 0, 0, 0, 0, 0, 0, 0, -1], [2, 1, 1, 2, -1, -1, 0, 0, 0, 0, 3, -1, 3, 2, 1, 0, 0, 2, -1, -1, 1, 1], [0, 0, 0, 0, 0, 0, 0, 0, 0, 0, 1, 0, 0, 0, 0, 0, 0, 0, 0, 0, 0, -1], [0, 0, 0, 0, 0, 0, 0, 0, 0, 0, 0, 0, 0, 1, 0, 0, 0, 0, 0, 0, 0, 0], [0, 0, 0, 0, 0, 0, 0, 0, 0, 0, 0, 0, 0, 0, 1, 0, 0, 0, 0, 0, 0, 1], [0, 0, 0, 0, 0, 0, 0, 0, 0, 0, 0, 0, 0, 0, 0, 1, 0, 0, 0, 0, 0, 0], [2, 1, 1, 2, -1, -1, 0, -1, 1, 0, 3, -1, 3, 2, 1, 0, 1, 2, -1, -1, 1, 1], [2, 1, 1, 2, -1, -1, 0, -1, 1, 0, 3, -1, 3, 2, 1, 0, 0, 3, -1, -1, 1, 2], [-2, -1, -1, -2, 1, 1, 0, 1, -1, 0, -3, 1, -3, -2, -1, 0, 0, -2, 2, 1, -1, -1], [-2, -1, -1, -2, 1, 1, 0, 1, -1, 0, -3, 1, -3, -2, -1, 0, 0, -2, 1, 2, -1, -1], [0, 0, 0, 0, 0, 0, 0, 0, 0, 0, 0, 0, 0, 0, 0, 0, 0, 0, 0, 0, 1, 1], [0, 0, 0, 0, 0, 0, 0, 0, 0, 0, 0, 0, 0, 0, 0, 0, 0, 0, 0, 0, 0, -1]]
[[0, 0, 0, 0, 0, 0, 0, 0, 0, 0, 0, -1, -1, 0, 0, -1, 0, 0, 0, 0, 0, 0], [-1, 1, 0, 0, 0, 0, 0, -1, 0, 0, -1, -1, -1, -1, -1, -1, -1, 0, 0, 0, 0, 0], [-1, 0, 1, 0, 0, 0, 0, -1, 0, 0, -1, -1, -1, -1, -1, -1, -1, 0, 0, 0, 0, 0], [0, 0, 0, 1, 0, 0, 0, 0, 0, 0, 0, 0, 0, 0, 0, 0, 0, 0, 0, 0, 0, 0], [0, 0, 0, 0, 1, 0, 0, -1, 0, 0, -1, 0, 0, -1, -1, 0, -1, 0, 0, 0, 0, 0], [0, 0, 0, 0, 0, 1, 0, -1, 0, 0, -1, 0, 0, -1, -1, 0, -1, 0, 0, 0, 0, 0], [2, 0, 0, 0, 0, 0, 1, 2, 0, 0, 2, 2, 2, 2, 2, 2, 2, 0, 0, 0, 0, 0], [-1, 0, 0, 0, 0, 0, 0, 0, 0, 0, -1, -1, -1, -1, -1, -1, -1, 0, 0, 0, 0, 0], [-1, 0, 0, 0, 0, 0, 0, 0, 1, 0, 0, -1, -1, 0, 0, -1, 0, 0, 0, 0, 0, 0], [1, 0, 0, 0, 0, 0, 0, 0, 0, 1, 0, 1, 1, 0, 0, 1, 0, 0, 0, 0, 0, 0], [2, 0, 0, 0, 0, 0, 0, 1, 0, 0, 2, 2, 2, 1, 1, 2, 1, 0, 0, 0, 0, 0], [-1, 0, 0, 0, 0, 0, 0, -1, 0, 0, -1, 0, -1, -1, -1, -1, -1, 0, 0, 0, 0, 0], [1, 0, 0, 0, 0, 0, 0, 1, 0, 0, 1, 1, 2, 1, 1, 1, 1, 0, 0, 0, 0, 0], [1, 0, 0, 0, 0, 0, 0, 0, 0, 0, 0, 1, 1, 1, 0, 1, 0, 0, 0, 0, 0, 0], [-1, 0, 0, 0, 0, 0, 0, -1, 0, 0, -1, -1, -1, -1, 0, -1, -1, 0, 0, 0, 0, 0], [-1, 0, 0, 0, 0, 0, 0, 0, 0, 0, 0, -1, -1, 0, 0, 0, 0, 0, 0, 0, 0, 0], [-1, 0, 0, 0, 0, 0, 0, -1, 0, 0, -1, -1, -1, -1, -1, -1, 0, 0, 0, 0, 0, 0], [-2, 0, 0, 0, 0, 0, 0, -2, 0, 0, -2, -2, -2, -2, -2, -2, -2, 1, 0, 0, 0, 0], [1, 0, 0, 0, 0, 0, 0, 1, 0, 0, 1, 1, 1, 1, 1, 1, 1, 0, 1, 0, 0, 0], [1, 0, 0, 0, 0, 0, 0, 1, 0, 0, 1, 1, 1, 1, 1, 1, 1, 0, 0, 1, 0, 0], [-1, 0, 0, 0, 0, 0, 0, -1, 0, 0, -1, -1, -1, -1, -1, -1, -1, 0, 0, 0, 1, 0], [1, 0, 0, 0, 0, 0, 0, 1, 0, 0, 1, 1, 1, 1, 1, 1, 1, 0, 0, 0, 0, 1]]
[[1, 0, 0, 0, 0, 0, 0, 0, 0, 0, 0, 0, 0, 0, 0, 0, 0, 0, 0, 0, 0, 0], [0, 1, 0, 0, 0, 0, 0, 0, 0, 0, 0, 0, 0, 0, 0, 0, 0, 0, 0, 0, 0, 0], [0, 0, 1, 0, 0, 0, 0, 0, 0, 0, 0, 0, 0, 0, 0, 0, 0, 0, 0, 0, 0, 0], [0, 0, 0, 1, 0, 0, 0, 0, 0, 0, 0, 0, 0, 0, 0, 0, 0, 0, 0, 0, 0, 0], [0, 0, 0, 0, 1, 0, 0, 0, 0, 0, 0, 0, 0, 0, 0, 0, 0, 0, 0, 0, 0, 0], [0, 0, 0, 0, 0, 1, 0, 0, 0, 0, 0, 0, 0, 0, 0, 0, 0, 0, 0, 0, 0, 0], [0, 0, 0, 0, 0, 0, 1, 0, 0, 0, 0, 0, 0, 0, 0, 0, 0, 0, 0, 0, 0, 0], [0, 0, 0, 0, 0, 0, 0, 1, 0, 0, 0, 0, 0, 0, 0, 0, 0, 0, 0, 0, 0, 0], [0, 0, 0, 0, 0, 0, 0, 0, 1, 0, 0, 0, 0, 0, 0, 0, 0, 0, 0, 0, 0, 0], [0, 0, 0, 0, 0, 0, 0, 0, 0, 1, 0, 0, 0, 0, 0, 0, 0, 0, 0, 0, 0, 0], [0, 0, 0, 0, 0, 0, 0, 0, 0, 0, 1, 0, 0, 0, 0, 0, 0, 0, 0, 0, 0, 0], [0, 0, 0, 0, 0, 0, 0, 0, 0, 0, 0, 1, 0, 0, 0, 0, 0, 0, 0, 0, 0, 0], [0, 0, 0, 0, 0, 0, 0, 0, 0, 0, 0, 0, 1, 0, 0, 0, 0, 0, 0, 0, 0, 0], [0, 0, 0, 0, 0, 0, 0, 0, 0, 0, 0, 0, 0, 1, 0, 0, 0, 0, 0, 0, 0, 0], [0, 0, 0, 0, 0, 0, 0, 0, 0, 0, 0, 0, 0, 0, 1, 0, 0, 0, 0, 0, 0, 0], [0, 0, 0, 0, 0, 0, 0, 0, 0, 0, 0, 0, 0, 0, 0, 1, 0, 0, 0, 0, 0, 0], [0, 0, 0, 0, 0, 0, 0, 0, 0, 0, 0, 0, 0, 0, 0, 0, 1, 0, 0, 0, 0, 0], [0, 0, 0, 0, 0, 0, 0, 0, 0, 0, 0, 0, 0, 0, 0, 0, 0, 1, 0, 0, 0, 0], [0, 0, 0, 0, 0, 0, 0, 0, 0, 0, 0, 0, 0, 0, 0, 0, 0, 0, 1, 0, 0, 0], [0, 0, 0, 0, 0, 0, 0, 0, 0, 0, 0, 0, 0, 0, 0, 0, 0, 0, 0, 1, 0, 0], [0, 0, 0, 0, 0, 0, 0, 0, 0, 0, 0, 0, 0, 0, 0, 0, 0, 0, 0, 0, 1, 0], [0, 0, 0, 0, 0, 0, 0, 0, 0, 0, 0, 0, 0, 0, 0, 0, 0, 0, 0, 0, 0, 1]]
[[2, 1, 0, 1, -1, -1, 0, 0, 1, 0, 2, 1, 2, 2, 1, 0, 1, 1, 0, -1, 0, 1], [0, 0, 0, 0, 0, 0, 0, 1, 0, 0, 0, 0, 0, 0, 0, 0, 0, 0, 0, 0, 1, 1], [-2, -1, -1, -1, 1, 1, 0, 1, -1, -1, -2, 1, -2, -2, -1, 0, -1, -1, 1, 1, 1, 0], [1, 0, 0, 1, -1, 0, 0, 0, 1, 0, 2, 0, 1, 1, 0, 0, 0, 2, 0, 0, 1, 1], [-1, 0, 0, -1, 1, 1, 0, 0, -2, 0, -2, -1, -2, -2, -1, 0, -1, -1, 0, 1, 0, -1], [-2, 0, 0, -2, 2, 2, 0, -1, -2, 0, -4, -1, -4, -3, -2, 0, -1, -3, 0, 1, -1, -2], [-1, -1, 0, 0, 2, 1, 1, -1, 0, 0, -2, -1, -1, -2, 0, 0, -1, -1, 0, 1, 0, -1], [0, 1, 0, 0, 0, 0, 0, 0, 0, 0, 0, 0, 0, 0, 0, 0, 0, 0, 0, 0, 1, 1], [1, 1, 0, 1, -2, -1, 0, 1, 1, 0, 2, 1, 2, 2, 1, 0, 1, 1, 0, -1, 1, 2], [-2, 0, 0, -2, 2, 1, 0, -1, -2, 0, -4, -1, -3, -2, -2, 0, -1, -3, -1, 1, -2, -3], [-2, 0, 0, -1, 2, 1, 0, -1, -2, -1, -3, -1, -2, -2, -1, 0, -1, -3, -1, 1, -1, -2], [-1, -1, 0, -1, 1, 1, 0, 0, -1, 0, -2, 0, -2, -2, -1, 0, -1, -1, 0, 1, 0, -1], [-2, 0, 0, -2, 2, 1, 0, -1, -2, 0, -4, -1, -3, -3, -2, 0, -1, -3, 0, 1, -1, -2], [-1, 0, 0, -1, 1, 0, 0, 0, -1, 0, -2, 0, -2, 0, -1, 0, 0, -2, 0, 0, -2, -2], [1, 0, 0, 0, -1, -1, 0, 1, 1, 0, 2, 1, 1, 2, 1, 0, 1, 1, 0, -1, 0, 1], [2, 0, 0, 2, -2, -1, 0, 1, 2, 0, 4, 1, 4, 3, 2, 1, 1, 3, 0, -1, 1, 2], [2, -1, 0, 2, -2, 0, 0, 1, 2, 1, 4, 0, 3, 1, 2, 0, 1, 4, 1, 0, 2, 2], [1, -1, 0, 1, -1, 0, 0, 1, 1, 1, 2, 0, 1, 0, 1, 0, 0, 3, 1, 0, 2, 2], [-1, 0, 0, -1, 1, 0, 0, 0, -1, -1, -2, 0, -1, 0, -1, 0, 0, -2, 0, 0, -1, -1], [0, 0, 0, 0, 0, -1, 0, 1, 0, 0, 0, 1, 0, 1, 0, 0, 1, -1, 0, 0, -1, 0], [1, 0, 0, 1, -1, -1, 0, 1, 1, 0, 2, 1, 2, 2, 1, 0, 1, 1, 0, -1, 0, 0], [-1, 0, 0, -1, 1, 1, 0, -1, -1, 0, -2, -1, -2, -2, -1, 0, -1, -1, 0, 1, -1, -1]]
[[0, -1, 0, 0, 1, 1, 1, 0, 0, 0, -2, 0, -2, -2, -1, -1, -1, 0, 1, 1, 1, 0], [0, 1, 0, 0, 0, 0, 0, 0, 0, 0, 0, 0, 0, 0, 0, 0, 0, 0, 0, 0, 0, 0], [1, 1, 1, 0, -1, -1, -1, 0, 0, 0, 2, 0, 2, 2, 1, 1, 1, 0, -1, -1, -1, 0], [0, 0, 0, 1, 0, 0, 0, 0, 0, 0, 0, 0, 0, 0, 0, 0, 0, 0, 0, 0, 0, 0], [1, 1, 0, 0, 0, -1, -1, 0, 0, 0, 2, 0, 2, 2, 1, 1, 1, 0, -1, -1, -1, 0], [2, 1, 0, 1, -2, -2, -2, 1, 0, 0, 5, 1, 5, 4, 2, 2, 2, 1, -2, -1, -1, 0], [1, 1, 0, 0, -1, -1, 0, 0, 0, 0, 2, 0, 2, 2, 1, 1, 1, 0, -1, -1, -1, 0], [0, 0, 0, 0, 0, 0, 0, 1, 0, 0, 0, 0, 0, 0, 0, 0, 0, 0, 0, 0, 0, 0], [-1, -1, 0, 0, 1, 1, 1, 0, 1, 0, -2, 0, -2, -2, -1, -1, -1, 0, 1, 1, 1, 0], [1, 1, 0, 0, -1, -1, -1, 0, 0, 1, 2, 0, 2, 2, 1, 1, 1, 0, -1, -1, -1, 0], [1, 1, 0, 0, -1, -1, -1, 0, 0, 0, 3, 0, 2, 2, 1, 1, 1, 0, -1, -1, -1, 0], [1, 1, 0, 0, -1, -1, -1, 0, 0, 0, 2, 1, 2, 2, 1, 1, 1, 0, -1, -1, -1, 0], [1, 1, 0, 0, -1, -1, -1, 0, 0, 0, 2, 0, 3, 2, 1, 1, 1, 0, -1, -1, -1, 0], [0, 0, 0, 0, 0, 0, 0, 0, 0, 0, 0, 0, 0, 1, 0, 0, 0, 0, 0, 0, 0, 0], [-1, -1, 0, 0, 1, 1, 1, 0, 0, 0, -2, 0, -2, -2, 0, -1, -1, 0, 1, 1, 1, 0], [-1, -1, 0, 0, 1, 1, 1, 0, 0, 0, -2, 0, -2, -2, -1, 0, -1, 0, 1, 1, 1, 0], [0, 0, 0, 0, 0, 0, 0, 0, 0, 0, 0, 0, 0, 0, 0, 0, 1, 0, 0, 0, 0, 0], [0, 0, 0, 0, 0, 0, 0, 0, 0, 0, 0, 0, 0, 0, 0, 0, 0, 1, 0, 0, 0, 0], [0, 0, 0, 0, 0, 0, 0, 0, 0, 0, 0, 0, 0, 0, 0, 0, 0, 0, 1, 0, 0, 0], [-1, 0, 0, -1, 1, 2, 1, -1, 0, 0, -3, -1, -3, -2, -1, -1, -1, -1, 1, 1, 0, 0], [0, 0, 0, 0, 0, 0, 0, 0, 0, 0, 0, 0, 0, 0, 0, 0, 0, 0, 0, 0, 1, 0], [0, 0, 0, 0, 0, 0, 0, 0, 0, 0, 0, 0, 0, 0, 0, 0, 0, 0, 0, 0, 0, 1]]
[[-1, -1, -1, -2, 1, 1, 0, 1, -1, 0, -3, 1, -3, -2, -1, 0, 0, -2, 1, 1, -1, 0], [0, 1, 0, 0, 0, 0, 0, 0, 0, 0, 0, 0, 0, 0, 0, 0, 0, 0, 0, 0, 0, 1], [0, 0, 1, 0, 0, 0, 0, 0, 0, 0, 0, 0, 0, 0, 0, 0, 0, 0, 0, 0, 0, 1], [0, 0, 0, 1, 0, 0, 0, 0, 0, 0, 0, 0, 0, 0, 0, 0, 0, 0, 0, 0, 0, 0], [2, 1, 1, 2, 0, -1, 0, -1, 1, 0, 3, -1, 3, 2, 1, 0, 0, 2, -1, -1, 1, 1], [2, 1, 1, 2, -1, 0, 0, -1, 1, 0, 3, -1, 3, 2, 1, 0, 0, 2, -1, -1, 1, 1], [0, 0, 0, 0, 0, 0, 1, 0, 0, 0, 0, 0, 0, 0, 0, 0, 0, 0, 0, 0, 0, -2], [0, 0, 0, 0, 0, 0, 0, 0, 1, 0, 0, 1, 0, 0, 0, 0, 0, 0, 0, 0, 0, 1], [-2, -1, -1, -2, 1, 1, 0, 1, 0, 0, -3, 1, -3, -2, -1, 0, 0, -2, 1, 1, -1, 0], [2, 1, 1, 2, -1, -1, 0, -1, 1, 1, 3, -1, 3, 2, 1, 0, 0, 2, -1, -1, 1, 0], [0, 0, 0, 0, 0, 0, 0, 0, 0, 0, 0, 0, 1, 0, 0, 0, 0, 0, 0, 0, 0, -1], [2, 1, 1, 2, -1, -1, 0, 0, 0, 0, 3, -1, 3, 2, 1, 0, 0, 2, -1, -1, 1, 1], [0, 0, 0, 0, 0, 0, 0, 0, 0, 0, 1, 0, 0, 0, 0, 0, 0, 0, 0, 0, 0, -1], [0, 0, 0, 0, 0, 0, 0, 0, 0, 0, 0, 0, 0, 1, 0, 0, 0, 0, 0, 0, 0, 0], [0, 0, 0, 0, 0, 0, 0, 0, 0, 0, 0, 0, 0, 0, 1, 0, 0, 0, 0, 0, 0, 1], [0, 0, 0, 0, 0, 0, 0, 0, 0, 0, 0, 0, 0, 0, 0, 1, 0, 0, 0, 0, 0, 0], [2, 1, 1, 2, -1, -1, 0, -1, 1, 0, 3, -1, 3, 2, 1, 0, 1, 2, -1, -1, 1, 1], [2, 1, 1, 2, -1, -1, 0, -1, 1, 0, 3, -1, 3, 2, 1, 0, 0, 3, -1, -1, 1, 2], [-2, -1, -1, -2, 1, 1, 0, 1, -1, 0, -3, 1, -3, -2, -1, 0, 0, -2, 2, 1, -1, -1], [-2, -1, -1, -2, 1, 1, 0, 1, -1, 0, -3, 1, -3, -2, -1, 0, 0, -2, 1, 2, -1, -1], [0, 0, 0, 0, 0, 0, 0, 0, 0, 0, 0, 0, 0, 0, 0, 0, 0, 0, 0, 0, 1, 1], [0, 0, 0, 0, 0, 0, 0, 0, 0, 0, 0, 0, 0, 0, 0, 0, 0, 0, 0, 0, 0, -1]]
[[1, 0, 0, 0, 0, 0, 0, 0, 0, 0, 0, 0, 0, 0, 0, 0, 0, 0, 0, 0, 0, 0], [0, 1, 0, 0, 0, 0, 0, 0, 0, 0, 0, 0, 0, 0, 0, 0, 0, 0, 0, 0, 0, 0], [0, 0, 1, 0, 0, 0, 0, 0, 0, 0, 0, 0, 0, 0, 0, 0, 0, 0, 0, 0, 0, 0], [0, 0, 0, 1, 0, 0, 0, 0, 0, 0, 0, 0, 0, 0, 0, 0, 0, 0, 0, 0, 0, 0], [0, 0, 0, 0, 1, 0, 0, 0, 0, 0, 0, 0, 0, 0, 0, 0, 0, 0, 0, 0, 0, 0], [0, 0, 0, 0, 0, 1, 0, 0, 0, 0, 0, 0, 0, 0, 0, 0, 0, 0, 0, 0, 0, 0], [0, 0, 0, 0, 0, 0, 1, 0, 0, 0, 0, 0, 0, 0, 0, 0, 0, 0, 0, 0, 0, 0], [0, 0, 0, 0, 0, 0, 0, 1, 0, 0, 0, 0, 0, 0, 0, 0, 0, 0, 0, 0, 0, 0], [0, 0, 0, 0, 0, 0, 0, 0, 1, 0, 0, 0, 0, 0, 0, 0, 0, 0, 0, 0, 0, 0], [0, 0, 0, 0, 0, 0, 0, 0, 0, 1, 0, 0, 0, 0, 0, 0, 0, 0, 0, 0, 0, 0], [0, 0, 0, 0, 0, 0, 0, 0, 0, 0, 1, 0, 0, 0, 0, 0, 0, 0, 0, 0, 0, 0], [0, 0, 0, 0, 0, 0, 0, 0, 0, 0, 0, 1, 0, 0, 0, 0, 0, 0, 0, 0, 0, 0], [0, 0, 0, 0, 0, 0, 0, 0, 0, 0, 0, 0, 1, 0, 0, 0, 0, 0, 0, 0, 0, 0], [0, 0, 0, 0, 0, 0, 0, 0, 0, 0, 0, 0, 0, 1, 0, 0, 0, 0, 0, 0, 0, 0], [0, 0, 0, 0, 0, 0, 0, 0, 0, 0, 0, 0, 0, 0, 1, 0, 0, 0, 0, 0, 0, 0], [0, 0, 0, 0, 0, 0, 0, 0, 0, 0, 0, 0, 0, 0, 0, 1, 0, 0, 0, 0, 0, 0], [0, 0, 0, 0, 0, 0, 0, 0, 0, 0, 0, 0, 0, 0, 0, 0, 1, 0, 0, 0, 0, 0], [0, 0, 0, 0, 0, 0, 0, 0, 0, 0, 0, 0, 0, 0, 0, 0, 0, 1, 0, 0, 0, 0], [0, 0, 0, 0, 0, 0, 0, 0, 0, 0, 0, 0, 0, 0, 0, 0, 0, 0, 1, 0, 0, 0], [0, 0, 0, 0, 0, 0, 0, 0, 0, 0, 0, 0, 0, 0, 0, 0, 0, 0, 0, 1, 0, 0], [0, 0, 0, 0, 0, 0, 0, 0, 0, 0, 0, 0, 0, 0, 0, 0, 0, 0, 0, 0, 1, 0], [0, 0, 0, 0, 0, 0, 0, 0, 0, 0, 0, 0, 0, 0, 0, 0, 0, 0, 0, 0, 0, 1]]

#################
# GALOIS GROUPS #
#################


Generators of the monodromy group on the generic Picard lattice:
[[1, 0, 0, 0, 0, 0, 0, 0, 0, 0, 0, 0, 0], [0, 0, 1, 0, 0, 0, 0, 0, 0, 0, 0, 0, 0], [0, 1, 0, 0, 0, 0, 0, 0, 0, 0, 0, 0, 0], [0, 0, 0, 1, 0, 0, 0, 0, 0, 0, 0, 0, 0], [0, 0, 0, 0, 0, 1, 0, 0, 0, 0, 0, 0, 0], [0, 0, 0, 0, 1, 0, 0, 0, 0, 0, 0, 0, 0], [0, 0, 0, 0, 0, 0, 1, 0, 0, 0, 0, 0, 0], [0, 0, 0, 0, 0, 0, 0, 1, 0, 0, 0, 0, 0], [0, 0, 0, 0, 0, 0, 0, 0, 1, 0, 0, 0, 0], [0, 0, 0, 0, 0, 0, 0, 0, 0, 1, 0, 0, 0], [0, 0, 0, 0, 0, 0, 0, 0, 0, 0, 1, 0, 0], [0, 0, 0, 0, 0, 0, 0, 0, 0, 0, 0, 1, 0], [2, 1, 1, 1, 1, 1, -1, -2, -3, -1, 2, -4, -1]]
[[1, 0, 0, 0, 0, 0, 0, 0, 0, 0, 0, 0, 0], [0, 1, 0, 0, 0, 0, 0, 0, 0, 0, 0, 0, 0], [0, 0, 1, 0, 0, 0, 0, 0, 0, 0, 0, 0, 0], [0, 0, 0, 1, 0, 0, 0, 0, 0, 0, 0, 0, 0], [0, 0, 0, 0, 1, 0, 0, 0, 0, 0, 0, 0, 0], [0, 0, 0, 0, 0, 1, 0, 0, 0, 0, 0, 0, 0], [0, 0, 0, 0, 0, 0, 1, 0, 0, 0, 0, 0, 0], [0, 0, 0, 0, 0, 0, 0, 1, 0, 0, 0, 0, 0], [0, 0, 0, 0, 0, 0, 0, 0, 1, 0, 0, 0, 0], [0, 0, 0, 0, 0, 0, 0, 0, 0, 1, 0, 0, 0], [0, 0, 0, 0, 0, 0, 0, 0, 0, 0, 1, 0, 0], [0, 0, 0, 0, 0, 0, 0, 0, 0, 0, 0, 1, 0], [0, 0, 0, 0, 0, 0, 0, 0, 0, 0, 0, 0, 1]]
[[1, 0, 0, 0, 0, 0, 0, 0, 0, 0, 0, 0, 0], [0, 1, 0, 0, 0, 0, 0, 0, 0, 0, 0, 0, 0], [0, 0, 1, 0, 0, 0, 0, 0, 0, 0, 0, 0, 0], [0, 0, 0, 1, 0, 0, 0, 0, 0, 0, 0, 0, 0], [0, 0, 0, 0, 1, 0, 0, 0, 0, 0, 0, 0, 0], [0, 0, 0, 0, 0, 1, 0, 0, 0, 0, 0, 0, 0], [0, 0, 0, 0, 0, 0, 1, 0, 0, 0, 0, 0, 0], [0, 0, 0, 0, 0, 0, 0, 1, 0, 0, 0, 0, 0], [0, 0, 0, 0, 0, 0, 0, 0, 1, 0, 0, 0, 0], [0, 0, 0, 0, 0, 0, 0, 0, 0, 1, 0, 0, 0], [0, 0, 0, 0, 0, 0, 0, 0, 0, 0, 1, 0, 0], [0, 0, 0, 0, 0, 0, 0, 0, 0, 0, 0, 1, 0], [0, 0, 0, 0, 0, 0, 0, 0, 0, 0, 0, 0, 1]]
[[1, 0, 0, 0, 0, 0, 0, 0, 0, 0, 0, 0, 0], [0, 1, 0, 0, 0, 0, 0, 0, 0, 0, 0, 0, 0], [0, 0, 1, 0, 0, 0, 0, 0, 0, 0, 0, 0, 0], [0, 0, 0, 1, 0, 0, 0, 0, 0, 0, 0, 0, 0], [0, 0, 0, 0, 1, 0, 0, 0, 0, 0, 0, 0, 0], [0, 0, 0, 0, 0, 1, 0, 0, 0, 0, 0, 0, 0], [0, 0, 0, 0, 0, 0, 1, 0, 0, 0, 0, 0, 0], [0, 0, 0, 0, 0, 0, 0, 1, 0, 0, 0, 0, 0], [0, 0, 0, 0, 0, 0, 0, 0, 1, 0, 0, 0, 0], [0, 0, 0, 0, 0, 0, 0, 0, 0, 1, 0, 0, 0], [0, 0, 0, 0, 0, 0, 0, 0, 0, 0, 1, 0, 0], [0, 0, 0, 0, 0, 0, 0, 0, 0, 0, 0, 1, 0], [0, 0, 0, 0, 0, 0, 0, 0, 0, 0, 0, 0, 1]]
[[1, 0, 0, 0, 0, 0, 0, 0, 0, 0, 0, 0, 0], [3, 2, 1, 2, 2, 2, 1, -2, -2, -1, 2, -4, 0], [3, 1, 2, 2, 2, 2, 1, -2, -2, -1, 2, -4, 0], [3, 1, 1, 3, 2, 2, 1, -2, -2, -1, 2, -4, 0], [0, 0, 0, 0, 1, 0, 0, 0, 0, 0, 0, 0, 0], [0, 0, 0, 0, 0, 1, 0, 0, 0, 0, 0, 0, 0], [-6, -2, -2, -4, -4, -4, -1, 4, 4, 2, -4, 8, 0], [3, 1, 1, 2, 2, 2, 1, -1, -2, -1, 2, -4, 0], [3, 1, 1, 2, 2, 2, 1, -2, -1, -1, 2, -4, 0], [-6, -2, -2, -4, -4, -4, -2, 4, 4, 3, -4, 8, 0], [-3, -1, -1, -2, -2, -2, -1, 2, 2, 1, -1, 4, 0], [0, 0, 0, 0, 0, 0, 0, 0, 0, 0, 0, 1, 0], [0, 0, 0, 0, 0, 0, 0, 0, 0, 0, 0, 0, 1]]
[[1, 0, 0, 0, 0, 0, 0, 0, 0, 0, 0, 0, 0], [0, 1, 0, 0, 0, 0, 0, 0, 0, 0, 0, 0, 0], [0, 0, 1, 0, 0, 0, 0, 0, 0, 0, 0, 0, 0], [0, 0, 0, 1, 0, 0, 0, 0, 0, 0, 0, 0, 0], [0, 0, 0, 0, 1, 0, 0, 0, 0, 0, 0, 0, 0], [0, 0, 0, 0, 0, 1, 0, 0, 0, 0, 0, 0, 0], [0, 0, 0, 0, 0, 0, 1, 0, 0, 0, 0, 0, 0], [0, 0, 0, 0, 0, 0, 0, 1, 0, 0, 0, 0, 0], [0, 0, 0, 0, 0, 0, 0, 0, 1, 0, 0, 0, 0], [0, 0, 0, 0, 0, 0, 0, 0, 0, 1, 0, 0, 0], [0, 0, 0, 0, 0, 0, 0, 0, 0, 0, 1, 0, 0], [0, 0, 0, 0, 0, 0, 0, 0, 0, 0, 0, 1, 0], [0, 0, 0, 0, 0, 0, 0, 0, 0, 0, 0, 0, 1]]
[[1, 1, 1, 1, 1, 1, 0, -2, -1, -1, 2, -4, 0], [1, 1, 0, 0, 0, 0, 0, 0, -1, 0, 0, 0, 0], [1, 0, 1, 0, 0, 0, 0, 0, -1, 0, 0, 0, 0], [-2, 0, 0, -1, -1, -1, -1, 0, 0, 0, 0, 0, 0], [1, 0, 0, 0, 1, 0, 0, 0, -1, 0, 0, 0, 0], [1, 0, 0, 0, 0, 1, 0, 0, -1, 0, 0, 0, 0], [-2, -2, -2, -2, -2, -2, 1, 4, 4, 2, -4, 8, 0], [2, 1, 1, 1, 1, 1, 0, -1, -3, -1, 2, -4, 0], [2, 1, 1, 1, 1, 1, 0, -2, -2, -1, 2, -4, 0], [-4, -3, -3, -5, -4, -4, -1, 6, 5, 4, -6, 12, 0], [0, -1, -1, -1, -1, -1, 0, 2, 1, 1, -1, 4, 0], [0, 0, 0, 0, 0, 0, 0, 0, 0, 0, 0, 1, 0], [-1, 0, 0, 0, 0, 0, 0, 0, 1, 0, 0, 0, 1]]
[[1, 0, 0, 0, 0, 0, 0, 0, 0, 0, 0, 0, 0], [0, 1, 0, 0, 0, 0, 0, 0, 0, 0, 0, 0, 0], [0, 0, 1, -1, -1, 0, -1, 0, -1, 0, 0, 0, -1], [0, 0, 0, 0, -1, 0, -1, 0, -1, 0, 0, 0, -1], [0, 0, 0, -1, 0, 0, -1, 0, -1, 0, 0, 0, -1], [0, 0, 0, 0, 0, 1, 0, 0, 0, 0, 0, 0, 0], [0, 0, 0, 1, 1, 0, 2, 0, 1, 0, 0, 0, 1], [0, 0, 0, -1, -1, 0, -1, 1, -1, 0, 0, 0, -1], [0, 0, 0, -1, -1, 0, -1, 0, 0, 0, 0, 0, -1], [0, 0, 0, 0, 0, 0, 0, 0, 0, 1, 0, 0, 0], [0, 0, 0, 0, 0, 0, 0, 0, 0, 0, 1, 0, 0], [0, 0, 0, 0, 0, 0, 0, 0, 0, 0, 0, 1, 0], [0, 0, 0, 0, 0, 0, 0, 0, 0, 0, 0, 0, 1]]
[[1, 0, 0, 0, 0, 0, 0, 0, 0, 0, 0, 0, 0], [0, 1, 0, 0, 0, 0, 0, 0, 0, 0, 0, 0, 0], [0, 0, 1, 0, 0, 0, 0, 0, 0, 0, 0, 0, 0], [0, 0, 0, 1, 0, 0, 0, 0, 0, 0, 0, 0, 0], [0, 0, 0, 0, 1, 0, 0, 0, 0, 0, 0, 0, 0], [0, 0, 0, 0, 0, 1, 0, 0, 0, 0, 0, 0, 0], [0, 0, 0, 0, 0, 0, 1, 0, 0, 0, 0, 0, 0], [0, 0, 0, 0, 0, 0, 0, 1, 0, 0, 0, 0, 0], [0, 0, 0, 0, 0, 0, 0, 0, 1, 0, 0, 0, 0], [0, 0, 0, 0, 0, 0, 0, 0, 0, 1, 0, 0, 0], [0, 0, 0, 0, 0, 0, 0, 0, 0, 0, 1, 0, 0], [0, 0, 0, 0, 0, 0, 0, 0, 0, 0, 0, 1, 0], [0, 0, 0, 0, 0, 0, 0, 0, 0, 0, 0, 0, 1]]
[[1, 0, 0, 0, 0, 0, 0, 0, 0, 0, 0, 0, 0], [0, 1, 0, 0, 0, 0, 0, 0, 0, 0, 0, 0, 0], [0, 0, 1, 0, 0, 0, 0, 0, 0, 0, 0, 0, 0], [0, 0, 0, 1, 0, 0, 0, 0, 0, 0, 0, 0, 0], [0, 0, 0, 0, 1, 0, 0, 0, 0, 0, 0, 0, 0], [0, 0, 0, 0, 0, 1, 0, 0, 0, 0, 0, 0, 0], [0, 0, 0, 0, 0, 0, 1, 0, 0, 0, 0, 0, 0], [0, 0, 0, 0, 0, 0, 0, 1, 0, 0, 0, 0, 0], [0, 0, 0, 0, 0, 0, 0, 0, 1, 0, 0, 0, 0], [0, 0, 0, 0, 0, 0, 0, 0, 0, 1, 0, 0, 0], [0, 0, 0, 0, 0, 0, 0, 0, 0, 0, 1, 0, 0], [0, 0, 0, 0, 0, 0, 0, 0, 0, 0, 0, 1, 0], [0, 0, 0, 0, 0, 0, 0, 0, 0, 0, 0, 0, 1]]
[[-1, -1, 1, -1, -1, 0, 0, 0, 1, 1, -2, 1, -1], [2, 1, 1, 2, 1, 2, 0, -2, -2, -1, 3, -4, 0], [2, 1, 1, 1, 1, 2, 0, -2, -2, -1, 2, -4, 0], [2, 1, 1, 2, 1, 2, 0, -2, -3, -1, 2, -5, -1], [4, 2, 1, 4, 4, 4, 0, -4, -6, -5, 7, -10, 0], [2, 1, 0, 1, 1, 1, 0, 0, -2, -1, 2, -2, 0], [-8, -3, -5, -7, -6, -8, -1, 8, 10, 6, -9, 18, 2], [2, 0, 1, 0, 0, 2, 0, -1, -1, 0, 0, -1, -1], [2, 0, 2, 0, 0, 2, 0, -2, -1, 0, 0, -2, -2], [0, 1, -1, 1, 1, 0, 0, 0, -1, -2, 2, -1, 1], [-2, 0, -2, -2, -1, -2, 0, 2, 3, 1, -2, 5, 1], [0, 1, -1, 1, 1, 0, 0, 0, -1, -1, 2, -2, 1], [0, 0, 1, 0, 0, 0, 0, 0, -1, 0, 0, -1, 0]]
[[-3, -2, -2, -6, -5, -5, -1, 6, 6, 6, -8, 14, 0], [3, 2, 1, 3, 3, 3, 1, -3, -3, -3, 4, -7, 0], [3, 1, 2, 3, 3, 3, 1, -3, -3, -3, 4, -7, 0], [2, 0, 0, 1, 1, 1, 1, 0, 0, 0, 0, 0, 0], [1, 1, 1, 4, 3, 2, 0, -3, -4, -4, 6, -9, 0], [1, 1, 1, 4, 2, 3, 0, -3, -4, -4, 6, -9, 0], [2, 2, 2, 4, 4, 4, 1, -6, -4, -4, 4, -10, 0], [0, 0, 0, 0, 0, 0, 0, 1, 0, 0, 0, 0, 0], [-4, -2, -2, -6, -5, -5, -1, 6, 7, 6, -8, 14, 0], [2, 2, 2, 6, 4, 4, 0, -6, -6, -5, 8, -14, 0], [2, 2, 2, 5, 4, 4, 0, -6, -5, -5, 7, -12, 0], [4, 2, 2, 6, 5, 5, 1, -6, -6, -6, 8, -13, 0], [-1, -1, -1, -2, -2, -2, 0, 3, 2, 2, -2, 5, 1]]
[[1, 0, 0, 0, 0, 0, 0, 0, 0, 0, 0, 0, 0], [0, 1, 0, 0, 0, 0, 0, 0, 0, 0, 0, 0, 0], [0, 0, 1, 0, 0, 0, 0, 0, 0, 0, 0, 0, 0], [0, 0, 0, 1, 0, 0, 0, 0, 0, 0, 0, 0, 0], [0, 0, 0, 0, 1, 0, 0, 0, 0, 0, 0, 0, 0], [0, 0, 0, 0, 0, 1, 0, 0, 0, 0, 0, 0, 0], [0, 0, 0, 0, 0, 0, 1, 0, 0, 0, 0, 0, 0], [0, 0, 0, 0, 0, 0, 0, 1, 0, 0, 0, 0, 0], [0, 0, 0, 0, 0, 0, 0, 0, 1, 0, 0, 0, 0], [0, 0, 0, 0, 0, 0, 0, 0, 0, 1, 0, 0, 0], [0, 0, 0, 0, 0, 0, 0, 0, 0, 0, 1, 0, 0], [0, 0, 0, 0, 0, 0, 0, 0, 0, 0, 0, 1, 0], [0, 0, 0, 0, 0, 0, 0, 0, 0, 0, 0, 0, 1]]
[[1, 0, 0, 0, 0, 0, 0, 0, 0, 0, 0, 0, 0], [0, 1, 0, 0, 0, 0, 0, 0, 0, 0, 0, 0, 0], [0, 0, 1, 0, 0, 0, 0, 0, 0, 0, 0, 0, 0], [0, 0, 0, 1, 0, 0, 0, 0, 0, 0, 0, 0, 0], [0, 0, 0, 0, 1, 0, 0, 0, 0, 0, 0, 0, 0], [0, 0, 0, 0, 0, 1, 0, 0, 0, 0, 0, 0, 0], [0, 0, 0, 0, 0, 0, 1, 0, 0, 0, 0, 0, 0], [0, 0, 0, 0, 0, 0, 0, 1, 0, 0, 0, 0, 0], [0, 0, 0, 0, 0, 0, 0, 0, 1, 0, 0, 0, 0], [0, 0, 0, 0, 0, 0, 0, 0, 0, 1, 0, 0, 0], [0, 0, 0, 0, 0, 0, 0, 0, 0, 0, 1, 0, 0], [0, 0, 0, 0, 0, 0, 0, 0, 0, 0, 0, 1, 0], [0, 0, 0, 0, 0, 0, 0, 0, 0, 0, 0, 0, 1]]
[[1, 0, 0, 0, 0, 0, 0, 0, 0, 0, 0, 0, 0], [0, 1, 0, 0, 0, 0, 0, 0, 0, 0, 0, 0, 0], [0, 0, 1, 0, 0, 0, 0, 0, 0, 0, 0, 0, 0], [0, 0, 0, 1, 0, 0, 0, 0, 0, 0, 0, 0, 0], [0, 0, 0, 0, 1, 0, 0, 0, 0, 0, 0, 0, 0], [0, 0, 0, 0, 0, 1, 0, 0, 0, 0, 0, 0, 0], [0, 0, 0, 0, 0, 0, 1, 0, 0, 0, 0, 0, 0], [0, 0, 0, 0, 0, 0, 0, 1, 0, 0, 0, 0, 0], [0, 0, 0, 0, 0, 0, 0, 0, 1, 0, 0, 0, 0], [0, 0, 0, 0, 0, 0, 0, 0, 0, 1, 0, 0, 0], [0, 0, 0, 0, 0, 0, 0, 0, 0, 0, 1, 0, 0], [0, 0, 0, 0, 0, 0, 0, 0, 0, 0, 0, 1, 0], [0, 0, 0, 0, 0, 0, 0, 0, 0, 0, 0, 0, 1]]
[[1, 0, 0, 0, 0, 0, 0, 0, 0, 0, 0, 0, 0], [0, 1, 0, 0, 0, 0, 0, 0, 0, 0, 0, 0, 0], [0, 0, 1, 0, 0, 0, 0, 0, 0, 0, 0, 0, 0], [-1, -1, -1, -1, -1, -1, 0, 2, 2, 1, -2, 4, 0], [1, 1, 1, 2, 2, 1, 0, -2, -2, -1, 2, -4, 0], [1, 1, 1, 2, 1, 2, 0, -2, -2, -1, 2, -4, 0], [0, 0, 0, 0, 0, 0, 1, 0, 0, 0, 0, 0, 0], [1, 1, 1, 2, 1, 1, 0, -1, -2, -1, 2, -4, 0], [1, 1, 1, 2, 1, 1, 0, -2, -1, -1, 2, -4, 0], [0, 0, 0, 0, 0, 0, 0, 0, 0, 1, 0, 0, 0], [1, 1, 1, 2, 1, 1, 0, -2, -2, -1, 3, -4, 0], [0, 0, 0, 0, 0, 0, 0, 0, 0, 0, 0, 1, 0], [-1, -1, -1, -2, -1, -1, 0, 2, 2, 1, -2, 4, 1]]
[[1, 1, 1, 1, 1, 1, 0, -2, -1, -1, 2, -4, 0], [1, 1, 0, 0, 0, 0, 0, 0, -1, 0, 0, 0, 0], [1, 0, 1, 0, 0, 0, 0, 0, -1, 0, 0, 0, 0], [-2, 0, 0, -1, -1, -1, -1, 0, 0, 0, 0, 0, 0], [1, 0, 0, 0, 1, 0, 0, 0, -1, 0, 0, 0, 0], [1, 0, 0, 0, 0, 1, 0, 0, -1, 0, 0, 0, 0], [-2, -2, -2, -2, -2, -2, 1, 4, 4, 2, -4, 8, 0], [2, 1, 1, 1, 1, 1, 0, -1, -3, -1, 2, -4, 0], [2, 1, 1, 1, 1, 1, 0, -2, -2, -1, 2, -4, 0], [-4, -3, -3, -5, -4, -4, -1, 6, 5, 4, -6, 12, 0], [0, -1, -1, -1, -1, -1, 0, 2, 1, 1, -1, 4, 0], [0, 0, 0, 0, 0, 0, 0, 0, 0, 0, 0, 1, 0], [-1, 0, 0, 0, 0, 0, 0, 0, 1, 0, 0, 0, 1]]
[[1, 0, 0, 0, 0, 0, 0, 0, 0, 0, 0, 0, 0], [0, 1, 0, 0, 0, 0, 0, 0, 0, 0, 0, 0, 0], [0, 0, 1, 0, 0, 0, 0, 0, 0, 0, 0, 0, 0], [0, 0, 0, 1, 0, 0, 0, 0, 0, 0, 0, 0, 0], [0, 0, 0, 0, 1, 0, 0, 0, 0, 0, 0, 0, 0], [0, 0, 0, 0, 0, 1, 0, 0, 0, 0, 0, 0, 0], [0, 0, 0, 0, 0, 0, 1, 0, 0, 0, 0, 0, 0], [0, 0, 0, 0, 0, 0, 0, 1, 0, 0, 0, 0, 0], [0, 0, 0, 0, 0, 0, 0, 0, 1, 0, 0, 0, 0], [0, 0, 0, 0, 0, 0, 0, 0, 0, 1, 0, 0, 0], [0, 0, 0, 0, 0, 0, 0, 0, 0, 0, 1, 0, 0], [0, 0, 0, 0, 0, 0, 0, 0, 0, 0, 0, 1, 0], [0, 0, 0, 0, 0, 0, 0, 0, 0, 0, 0, 0, 1]]
[[1, 0, 0, 0, 0, 0, 0, 0, 0, 0, 0, 0, 0], [0, 1, 0, 0, 0, 0, 0, 0, 0, 0, 0, 0, 0], [0, 0, 1, 0, 0, 0, 0, 0, 0, 0, 0, 0, 0], [0, 0, 0, 1, 0, 0, 0, 0, 0, 0, 0, 0, 0], [0, 0, 0, 0, 1, 0, 0, 0, 0, 0, 0, 0, 0], [0, 0, 0, 0, 0, 1, 0, 0, 0, 0, 0, 0, 0], [0, 0, 0, 0, 0, 0, 1, 0, 0, 0, 0, 0, 0], [0, 0, 0, 0, 0, 0, 0, 1, 0, 0, 0, 0, 0], [0, 0, 0, 0, 0, 0, 0, 0, 1, 0, 0, 0, 0], [0, 0, 0, 0, 0, 0, 0, 0, 0, 1, 0, 0, 0], [0, 0, 0, 0, 0, 0, 0, 0, 0, 0, 1, 0, 0], [0, 0, 0, 0, 0, 0, 0, 0, 0, 0, 0, 1, 0], [0, 0, 0, 0, 0, 0, 0, 0, 0, 0, 0, 0, 1]]
[[1, 0, 0, 0, 0, 0, 0, 0, 0, 0, 0, 0, 0], [-1, 0, -1, -1, -1, -1, 0, 2, 1, 1, -2, 3, 0], [-1, -1, 0, -1, -1, -1, 0, 2, 1, 1, -2, 3, 0], [1, 1, 1, 2, 1, 1, 0, -2, -1, -1, 2, -3, 0], [0, 0, 0, 0, 1, 0, 0, 0, 0, 0, 0, 0, 0], [0, 0, 0, 0, 0, 1, 0, 0, 0, 0, 0, 0, 0], [0, 0, 0, 0, 0, 0, 1, 0, 0, 0, 0, 0, 0], [0, 0, 0, 0, 0, 0, 0, 1, 0, 0, 0, 0, 0], [-1, -1, -1, -1, -1, -1, 0, 2, 2, 1, -2, 3, 0], [0, 0, 0, 0, 0, 0, 0, 0, 0, 1, 0, 0, 0], [-1, -1, -1, -1, -1, -1, 0, 2, 1, 1, -1, 3, 0], [0, 0, 0, 0, 0, 0, 0, 0, 0, 0, 0, 1, 0], [0, 0, 0, 0, 0, 0, 0, 0, 0, 0, 0, 0, 1]]
[[1, 0, 0, 0, 0, 0, 0, 0, 0, 0, 0, 0, 0], [0, 1, 0, 0, 0, 0, 0, 0, 0, 0, 0, 0, 0], [0, 0, 1, 0, 0, 0, 0, 0, 0, 0, 0, 0, 0], [0, 0, 0, 1, 0, 0, 0, 0, 0, 0, 0, 0, 0], [0, 0, 0, 0, 1, 0, 0, 0, 0, 0, 0, 0, 0], [0, 0, 0, 0, 0, 1, 0, 0, 0, 0, 0, 0, 0], [0, 0, 0, 0, 0, 0, 1, 0, 0, 0, 0, 0, 0], [0, 0, 0, 0, 0, 0, 0, 1, 0, 0, 0, 0, 0], [0, 0, 0, 0, 0, 0, 0, 0, 1, 0, 0, 0, 0], [0, 0, 0, 0, 0, 0, 0, 0, 0, 1, 0, 0, 0], [0, 0, 0, 0, 0, 0, 0, 0, 0, 0, 1, 0, 0], [0, 0, 0, 0, 0, 0, 0, 0, 0, 0, 0, 1, 0], [0, 0, 0, 0, 0, 0, 0, 0, 0, 0, 0, 0, 1]]
[[1, 0, 0, 0, 0, 0, 0, 0, 0, 0, 0, 0, 0], [0, 1, 0, 0, 0, 0, 0, 0, 0, 0, 0, 0, 0], [0, 0, 1, 0, 0, 0, 0, 0, 0, 0, 0, 0, 0], [0, 0, 0, 1, 0, 0, 0, 0, 0, 0, 0, 0, 0], [0, 0, 0, 0, 1, 0, 0, 0, 0, 0, 0, 0, 0], [0, 0, 0, 0, 0, 1, 0, 0, 0, 0, 0, 0, 0], [0, 0, 0, 0, 0, 0, 1, 0, 0, 0, 0, 0, 0], [0, 0, 0, 0, 0, 0, 0, 1, 0, 0, 0, 0, 0], [0, 0, 0, 0, 0, 0, 0, 0, 1, 0, 0, 0, 0], [0, 0, 0, 0, 0, 0, 0, 0, 0, 1, 0, 0, 0], [0, 0, 0, 0, 0, 0, 0, 0, 0, 0, 1, 0, 0], [0, 0, 0, 0, 0, 0, 0, 0, 0, 0, 0, 1, 0], [0, 0, 0, 0, 0, 0, 0, 0, 0, 0, 0, 0, 1]]
[[1, 0, 0, 0, 0, 0, 0, 0, 0, 0, 0, 0, 0], [0, 1, 0, 0, 0, 0, 0, 0, 0, 0, 0, 0, 0], [0, 0, 1, 0, 0, 0, 0, 0, 0, 0, 0, 0, 0], [0, 0, 0, 1, 0, 0, 0, 0, 0, 0, 0, 0, 0], [0, 0, 0, 0, 1, 0, 0, 0, 0, 0, 0, 0, 0], [0, 0, 0, 0, 0, 1, 0, 0, 0, 0, 0, 0, 0], [0, 0, 0, 0, 0, 0, 1, 0, 0, 0, 0, 0, 0], [0, 0, 0, 0, 0, 0, 0, 1, 0, 0, 0, 0, 0], [0, 0, 0, 0, 0, 0, 0, 0, 1, 0, 0, 0, 0], [0, 0, 0, 0, 0, 0, 0, 0, 0, 1, 0, 0, 0], [0, 0, 0, 0, 0, 0, 0, 0, 0, 0, 1, 0, 0], [0, 0, 0, 0, 0, 0, 0, 0, 0, 0, 0, 1, 0], [0, 0, 0, 0, 0, 0, 0, 0, 0, 0, 0, 0, 1]]
[[1, 0, 0, 0, 0, 0, 0, 0, 0, 0, 0, 0, 0], [0, 1, 0, 0, 0, 0, 0, 0, 0, 0, 0, 0, 0], [0, 0, 1, 0, 0, 0, 0, 0, 0, 0, 0, 0, 0], [0, 0, 0, 1, 0, 0, 0, 0, 0, 0, 0, 0, 0], [0, 0, 0, 0, 1, 0, 0, 0, 0, 0, 0, 0, 0], [0, 0, 0, 0, 0, 1, 0, 0, 0, 0, 0, 0, 0], [0, 0, 0, 0, 0, 0, 1, 0, 0, 0, 0, 0, 0], [0, 0, 0, 0, 0, 0, 0, 1, 0, 0, 0, 0, 0], [0, 0, 0, 0, 0, 0, 0, 0, 1, 0, 0, 0, 0], [0, 0, 0, 0, 0, 0, 0, 0, 0, 1, 0, 0, 0], [0, 0, 0, 0, 0, 0, 0, 0, 0, 0, 1, 0, 0], [0, 0, 0, 0, 0, 0, 0, 0, 0, 0, 0, 1, 0], [0, 0, 0, 0, 0, 0, 0, 0, 0, 0, 0, 0, 1]]
[[1, 0, 0, -1, 0, 0, 0, 0, 1, 1, -2, 2, 0], [3, 2, 2, 3, 2, 2, 0, -3, -4, -2, 4, -7, -1], [1, 1, 1, 2, 1, 1, 1, -1, -1, -1, 2, -3, 1], [0, 0, 0, 1, 0, 0, 0, 0, 0, 0, 0, 0, 0], [1, 1, 0, 3, 2, 1, 1, -1, -2, -2, 4, -5, 1], [3, 1, 2, 4, 2, 3, 0, -3, -5, -3, 6, -9, -1], [-4, -2, -2, -5, -3, -3, 0, 4, 5, 3, -6, 10, 0], [4, 2, 2, 4, 3, 3, 1, -3, -4, -2, 4, -8, 0], [4, 2, 2, 3, 3, 3, 1, -4, -2, -1, 2, -6, 0], [-4, -2, -2, -3, -3, -3, -1, 4, 3, 2, -2, 6, 0], [0, 0, 0, 0, 0, 0, 0, 0, 0, 0, 1, 0, 0], [0, 0, 0, 1, 0, 0, 0, 0, -1, -1, 2, -1, 0], [-1, -1, 0, -1, -1, -1, -1, 1, 0, 0, 0, 1, 0]]
[[1, 0, 0, 0, 0, 0, 0, 0, 0, 0, 0, 0, 0], [0, 1, 0, 0, 0, 0, 0, 0, 0, 0, 0, 0, 0], [0, 0, 1, 0, 0, 0, 0, 0, 0, 0, 0, 0, 0], [0, 0, 0, 1, 0, 0, 0, 0, 0, 0, 0, 0, 0], [0, 0, 0, 0, 1, 0, 0, 0, 0, 0, 0, 0, 0], [0, 0, 0, 0, 0, 1, 0, 0, 0, 0, 0, 0, 0], [0, 0, 0, 0, 0, 0, 1, 0, 0, 0, 0, 0, 0], [0, 0, 0, 0, 0, 0, 0, 1, 0, 0, 0, 0, 0], [0, 0, 0, 0, 0, 0, 0, 0, 1, 0, 0, 0, 0], [0, 0, 0, 0, 0, 0, 0, 0, 0, 1, 0, 0, 0], [0, 0, 0, 0, 0, 0, 0, 0, 0, 0, 1, 0, 0], [0, 0, 0, 0, 0, 0, 0, 0, 0, 0, 0, 1, 0], [0, 0, 0, 0, 0, 0, 0, 0, 0, 0, 0, 0, 1]]
[[3, 1, 1, 2, 2, 2, 0, -2, -3, -2, 3, -5, 0], [-2, 0, -1, -2, -2, -2, 0, 2, 3, 2, -3, 5, 0], [-2, -1, 0, -2, -2, -2, 0, 2, 3, 2, -3, 5, 0], [0, 0, 0, 1, 0, 0, 0, 0, 0, 0, 0, 0, 0], [-4, -2, -2, -4, -3, -4, 0, 4, 6, 4, -6, 10, 0], [-4, -2, -2, -4, -4, -3, 0, 4, 6, 4, -6, 10, 0], [4, 2, 2, 4, 4, 4, 1, -4, -6, -4, 6, -10, 0], [-2, -1, -1, -2, -2, -2, 0, 3, 3, 2, -3, 5, 0], [2, 1, 1, 2, 2, 2, 0, -2, -2, -2, 3, -5, 0], [-2, -1, -1, -2, -2, -2, 0, 2, 3, 3, -3, 5, 0], [0, 0, 0, 0, 0, 0, 0, 0, 0, 0, 1, 0, 0], [-2, -1, -1, -2, -2, -2, 0, 2, 3, 2, -3, 6, 0], [-2, -1, -1, -2, -2, -2, 0, 2, 3, 2, -3, 5, 1]]
[[1, 0, 0, 3, 2, 2, 0, -2, -3, -3, 4, -6, 0], [-2, 0, -1, -1, -1, -1, 0, 1, 2, 1, -2, 3, 0], [-2, -1, 0, -1, -1, -1, 0, 1, 2, 1, -2, 3, 0], [0, 0, 0, 1, 0, 0, 0, 0, 0, 0, 0, 0, 0], [-2, -1, -1, -4, -2, -3, 0, 3, 5, 4, -6, 9, 0], [-2, -1, -1, -4, -3, -2, 0, 3, 5, 4, -6, 9, 0], [4, 2, 2, 2, 2, 2, 1, -2, -4, -2, 4, -6, 0], [-2, -1, -1, -1, -1, -1, 0, 1, 3, 1, -2, 4, 0], [0, 0, 0, 3, 2, 2, 0, -2, -2, -3, 4, -6, 0], [0, 0, 0, -3, -2, -2, 0, 2, 3, 4, -4, 6, 0], [-2, -1, -1, -4, -3, -3, 0, 4, 4, 4, -5, 8, 0], [-2, -1, -1, -4, -3, -3, 0, 4, 4, 4, -6, 9, 0], [-2, -1, -1, -1, -1, -1, 0, 1, 2, 1, -2, 3, 1]]
[[2, 1, 0, 2, 2, 1, 0, -2, -2, -2, 3, -4, 0], [0, 1, 0, 0, 0, 0, 0, 0, 0, 0, 0, 0, 0], [1, 1, 1, 2, 2, 1, 0, -2, -2, -2, 3, -4, 0], [0, 0, 0, 1, 0, 0, 0, 0, 0, 0, 0, 0, 0], [-1, -1, 0, -2, -1, -1, 0, 2, 2, 2, -3, 4, 0], [0, 0, 0, 0, 0, 1, 0, 0, 0, 0, 0, 0, 0], [-1, -1, 0, -2, -2, -1, 1, 2, 2, 2, -3, 4, 0], [1, 1, 0, 2, 2, 1, 0, -1, -2, -2, 3, -4, 0], [1, 1, 0, 2, 2, 1, 0, -2, -1, -2, 3, -4, 0], [-1, -1, 0, -2, -2, -1, 0, 2, 2, 3, -3, 4, 0], [-1, -1, 0, -2, -2, -1, 0, 2, 2, 2, -2, 4, 0], [-1, -1, 0, -2, -2, -1, 0, 2, 2, 2, -3, 5, 0], [1, 1, 0, 2, 2, 1, 0, -2, -2, -2, 3, -4, 1]]
[[1, 0, 0, 0, 0, 0, 0, 0, 0, 0, 0, 0, 0], [0, 0, 1, -1, -1, 0, -1, 0, -1, 0, 0, 0, -1], [-2, 0, -1, -2, -1, -2, 0, 2, 2, 1, -2, 4, 1], [-2, -1, -1, -2, -2, -2, -1, 2, 1, 1, -2, 4, 0], [-2, -1, -1, -2, -1, -1, 0, 2, 2, 1, -2, 4, 1], [0, 0, 0, -1, 0, 0, -1, 0, -1, 0, 0, 0, -1], [2, 1, 1, 3, 2, 2, 2, -2, -1, -1, 2, -4, 0], [-2, -1, -1, -3, -2, -2, -1, 3, 1, 1, -2, 4, 0], [-2, -1, -1, -3, -2, -2, -1, 2, 2, 1, -2, 4, 0], [0, 0, 0, 0, 0, 0, 0, 0, 0, 1, 0, 0, 0], [0, 0, 0, 0, 0, 0, 0, 0, 0, 0, 1, 0, 0], [0, 0, 0, 0, 0, 0, 0, 0, 0, 0, 0, 1, 0], [2, 1, 1, 2, 2, 1, 0, -2, -2, -1, 2, -4, 0]]
[[1, 0, 0, 0, 0, 0, 0, 0, 0, 0, 0, 0, 0], [0, 1, 0, 0, 0, 0, 0, 0, 0, 0, 0, 0, 0], [0, 0, 1, 0, 0, 0, 0, 0, 0, 0, 0, 0, 0], [0, 0, 0, 1, 0, 0, 0, 0, 0, 0, 0, 0, 0], [0, 0, 0, 0, 1, 0, 0, 0, 0, 0, 0, 0, 0], [0, 0, 0, 0, 0, 1, 0, 0, 0, 0, 0, 0, 0], [0, 0, 0, 0, 0, 0, 1, 0, 0, 0, 0, 0, 0], [0, 0, 0, 0, 0, 0, 0, 1, 0, 0, 0, 0, 0], [0, 0, 0, 0, 0, 0, 0, 0, 1, 0, 0, 0, 0], [0, 0, 0, 0, 0, 0, 0, 0, 0, 1, 0, 0, 0], [0, 0, 0, 0, 0, 0, 0, 0, 0, 0, 1, 0, 0], [0, 0, 0, 0, 0, 0, 0, 0, 0, 0, 0, 1, 0], [0, 0, 0, 0, 0, 0, 0, 0, 0, 0, 0, 0, 1]]
[[1, 0, 0, 0, 0, 0, 0, 0, 0, 0, 0, 0, 0], [0, 1, 0, 0, 0, 0, 0, 0, 0, 0, 0, 0, 0], [0, 0, 1, 0, 0, 0, 0, 0, 0, 0, 0, 0, 0], [0, 0, 0, 1, 0, 0, 0, 0, 0, 0, 0, 0, 0], [0, 0, 0, 0, 1, 0, 0, 0, 0, 0, 0, 0, 0], [0, 0, 0, 0, 0, 1, 0, 0, 0, 0, 0, 0, 0], [0, 0, 0, 0, 0, 0, 1, 0, 0, 0, 0, 0, 0], [0, 0, 0, 0, 0, 0, 0, 1, 0, 0, 0, 0, 0], [0, 0, 0, 0, 0, 0, 0, 0, 1, 0, 0, 0, 0], [0, 0, 0, 0, 0, 0, 0, 0, 0, 1, 0, 0, 0], [0, 0, 0, 0, 0, 0, 0, 0, 0, 0, 1, 0, 0], [0, 0, 0, 0, 0, 0, 0, 0, 0, 0, 0, 1, 0], [0, 0, 0, 0, 0, 0, 0, 0, 0, 0, 0, 0, 1]]
[[-1, -1, 1, -1, -1, 0, 0, 0, 1, 1, -2, 1, -1], [2, 1, 1, 2, 1, 2, 0, -2, -2, -1, 3, -4, 0], [2, 1, 1, 1, 1, 2, 0, -2, -2, -1, 2, -4, 0], [2, 1, 1, 2, 1, 2, 0, -2, -3, -1, 2, -5, -1], [4, 2, 1, 4, 4, 4, 0, -4, -6, -5, 7, -10, 0], [2, 1, 0, 1, 1, 1, 0, 0, -2, -1, 2, -2, 0], [-8, -3, -5, -7, -6, -8, -1, 8, 10, 6, -9, 18, 2], [2, 0, 1, 0, 0, 2, 0, -1, -1, 0, 0, -1, -1], [2, 0, 2, 0, 0, 2, 0, -2, -1, 0, 0, -2, -2], [0, 1, -1, 1, 1, 0, 0, 0, -1, -2, 2, -1, 1], [-2, 0, -2, -2, -1, -2, 0, 2, 3, 1, -2, 5, 1], [0, 1, -1, 1, 1, 0, 0, 0, -1, -1, 2, -2, 1], [0, 0, 1, 0, 0, 0, 0, 0, -1, 0, 0, -1, 0]]
[[1, 0, 0, 0, 0, 0, 0, 0, 0, 0, 0, 0, 0], [0, 1, 0, 0, 0, 0, 0, 0, 0, 0, 0, 0, 0], [0, 0, 1, 0, 0, 0, 0, 0, 0, 0, 0, 0, 0], [0, 0, 0, 1, 0, 0, 0, 0, 0, 0, 0, 0, 0], [0, 0, 0, 0, 1, 0, 0, 0, 0, 0, 0, 0, 0], [0, 0, 0, 0, 0, 1, 0, 0, 0, 0, 0, 0, 0], [0, 0, 0, 0, 0, 0, 1, 0, 0, 0, 0, 0, 0], [0, 0, 0, 0, 0, 0, 0, 1, 0, 0, 0, 0, 0], [0, 0, 0, 0, 0, 0, 0, 0, 1, 0, 0, 0, 0], [0, 0, 0, 0, 0, 0, 0, 0, 0, 1, 0, 0, 0], [0, 0, 0, 0, 0, 0, 0, 0, 0, 0, 1, 0, 0], [0, 0, 0, 0, 0, 0, 0, 0, 0, 0, 0, 1, 0], [0, 0, 0, 0, 0, 0, 0, 0, 0, 0, 0, 0, 1]]
[[1, 0, 0, 0, 0, 0, 0, 0, 0, 0, 0, 0, 0], [0, 1, 0, 0, 0, 0, 0, 0, 0, 0, 0, 0, 0], [0, 0, 1, 0, 0, 0, 0, 0, 0, 0, 0, 0, 0], [0, 0, 0, 1, 0, 0, 0, 0, 0, 0, 0, 0, 0], [0, 0, 0, 0, 1, 0, 0, 0, 0, 0, 0, 0, 0], [0, 0, 0, 0, 0, 1, 0, 0, 0, 0, 0, 0, 0], [0, 0, 0, 0, 0, 0, 1, 0, 0, 0, 0, 0, 0], [0, 0, 0, 0, 0, 0, 0, 1, 0, 0, 0, 0, 0], [0, 0, 0, 0, 0, 0, 0, 0, 1, 0, 0, 0, 0], [0, 0, 0, 0, 0, 0, 0, 0, 0, 1, 0, 0, 0], [0, 0, 0, 0, 0, 0, 0, 0, 0, 0, 1, 0, 0], [0, 0, 0, 0, 0, 0, 0, 0, 0, 0, 0, 1, 0], [0, 0, 0, 0, 0, 0, 0, 0, 0, 0, 0, 0, 1]]
[[1, 0, 0, 0, 0, 0, 0, 0, 0, 0, 0, 0, 0], [-2, 0, -1, -2, -1, -2, 0, 2, 2, 1, -2, 4, 1], [0, 0, 1, 0, 0, 0, 0, 0, 0, 0, 0, 0, 0], [-2, -1, -1, -1, -1, -2, 0, 2, 2, 1, -2, 4, 1], [0, 0, 0, 0, 1, 0, 0, 0, 0, 0, 0, 0, 0], [-2, -1, -1, -2, -1, -1, 0, 2, 2, 1, -2, 4, 1], [2, 1, 1, 2, 1, 2, 1, -2, -2, -1, 2, -4, -1], [-2, -1, -1, -2, -1, -2, 0, 3, 2, 1, -2, 4, 1], [-2, -1, -1, -2, -1, -2, 0, 2, 3, 1, -2, 4, 1], [0, 0, 0, 0, 0, 0, 0, 0, 0, 1, 0, 0, 0], [0, 0, 0, 0, 0, 0, 0, 0, 0, 0, 1, 0, 0], [0, 0, 0, 0, 0, 0, 0, 0, 0, 0, 0, 1, 0], [2, 1, 1, 2, 1, 2, 0, -2, -2, -1, 2, -4, 0]]
[[-1, -1, -1, -1, -1, -1, 0, 2, 1, 1, -2, 2, 0], [-1, 0, -1, -2, -1, -1, 0, 2, 1, 1, -2, 3, 0], [-1, -1, 0, -2, -1, -1, 0, 2, 1, 1, -2, 3, 0], [0, -1, -1, -2, -1, -1, 0, 2, 1, 1, -2, 4, 0], [-1, 0, 0, -1, 0, -1, -1, 0, 0, 0, 0, 1, 0], [-1, 0, 0, -1, -1, 0, -1, 0, 0, 0, 0, 1, 0], [2, 2, 2, 4, 2, 2, 1, -4, -2, -2, 4, -6, 0], [-2, -1, -1, -3, -2, -2, -1, 3, 1, 1, -2, 4, 0], [-4, -2, -2, -4, -3, -3, -1, 4, 3, 2, -4, 6, 0], [0, 1, 1, 1, 0, 0, -1, -2, -1, 0, 2, -2, 0], [-2, 0, 0, 0, -1, -1, -1, 0, 0, 0, 1, 0, 0], [0, 0, 0, 0, 0, 0, 0, 0, 0, 0, 0, 1, 0], [1, 0, 0, 1, 1, 1, 1, 0, 0, 0, 0, -1, 1]]
[[1, 0, 0, 0, 0, 0, 0, 0, 0, 0, 0, 0, 0], [0, 1, 0, 0, 0, 0, 0, 0, 0, 0, 0, 0, 0], [0, 0, 1, 0, 0, 0, 0, 0, 0, 0, 0, 0, 0], [0, 0, 0, 1, 0, 0, 0, 0, 0, 0, 0, 0, 0], [0, 0, 0, 0, 1, 0, 0, 0, 0, 0, 0, 0, 0], [0, 0, 0, 0, 0, 1, 0, 0, 0, 0, 0, 0, 0], [0, 0, 0, 0, 0, 0, 1, 0, 0, 0, 0, 0, 0], [0, 0, 0, 0, 0, 0, 0, 1, 0, 0, 0, 0, 0], [0, 0, 0, 0, 0, 0, 0, 0, 1, 0, 0, 0, 0], [0, 0, 0, 0, 0, 0, 0, 0, 0, 1, 0, 0, 0], [0, 0, 0, 0, 0, 0, 0, 0, 0, 0, 1, 0, 0], [0, 0, 0, 0, 0, 0, 0, 0, 0, 0, 0, 1, 0], [0, 0, 0, 0, 0, 0, 0, 0, 0, 0, 0, 0, 1]]
[[1, 0, 0, 0, 0, 0, 0, 0, 0, 0, 0, 0, 0], [0, 1, 0, 0, 0, 0, 0, 0, 0, 0, 0, 0, 0], [0, 0, 1, 0, 0, 0, 0, 0, 0, 0, 0, 0, 0], [0, 0, 0, 1, 0, 0, 0, 0, 0, 0, 0, 0, 0], [0, 0, 0, 0, 1, 0, 0, 0, 0, 0, 0, 0, 0], [0, 0, 0, 0, 0, 1, 0, 0, 0, 0, 0, 0, 0], [0, 0, 0, 0, 0, 0, 1, 0, 0, 0, 0, 0, 0], [0, 0, 0, 0, 0, 0, 0, 1, 0, 0, 0, 0, 0], [0, 0, 0, 0, 0, 0, 0, 0, 1, 0, 0, 0, 0], [0, 0, 0, 0, 0, 0, 0, 0, 0, 1, 0, 0, 0], [0, 0, 0, 0, 0, 0, 0, 0, 0, 0, 1, 0, 0], [0, 0, 0, 0, 0, 0, 0, 0, 0, 0, 0, 1, 0], [0, 0, 0, 0, 0, 0, 0, 0, 0, 0, 0, 0, 1]]
[[-1, 0, 0, 0, 0, 0, 0, 0, 0, 0, 0, -2, 0], [0, 1, 0, 0, 0, 0, 0, 0, 0, 0, 0, 0, 0], [0, 0, 1, 0, 0, 0, 0, 0, 0, 0, 0, 0, 0], [-1, 0, 0, 1, 0, 0, 0, 0, 0, 0, 0, -1, 0], [1, 0, 0, 0, 1, 0, 0, 0, 0, 0, 0, 1, 0], [1, 0, 0, 0, 0, 1, 0, 0, 0, 0, 0, 1, 0], [2, 0, 0, 0, 0, 0, 1, 0, 0, 0, 0, 2, 0], [0, 0, 0, 0, 0, 0, 0, 1, 0, 0, 0, 0, 0], [-1, 0, 0, 0, 0, 0, 0, 0, 1, 0, 0, -1, 0], [2, 0, 0, 0, 0, 0, 0, 0, 0, 1, 0, 2, 0], [1, 0, 0, 0, 0, 0, 0, 0, 0, 0, 1, 1, 0], [0, 0, 0, 0, 0, 0, 0, 0, 0, 0, 0, 1, 0], [-1, 0, 0, 0, 0, 0, 0, 0, 0, 0, 0, -1, 1]]
[[1, 0, 0, 0, 0, 0, 0, 0, 0, 0, 0, 0, 0], [0, 1, 0, 0, 0, 0, 0, 0, 0, 0, 0, 0, 0], [0, 0, 1, 0, 0, 0, 0, 0, 0, 0, 0, 0, 0], [0, 0, 0, 1, 0, 0, 0, 0, 0, 0, 0, 0, 0], [0, 0, 0, 0, 1, 0, 0, 0, 0, 0, 0, 0, 0], [0, 0, 0, 0, 0, 1, 0, 0, 0, 0, 0, 0, 0], [0, 0, 0, 0, 0, 0, 1, 0, 0, 0, 0, 0, 0], [0, 0, 0, 0, 0, 0, 0, 1, 0, 0, 0, 0, 0], [0, 0, 0, 0, 0, 0, 0, 0, 1, 0, 0, 0, 0], [0, 0, 0, 0, 0, 0, 0, 0, 0, 1, 0, 0, 0], [0, 0, 0, 0, 0, 0, 0, 0, 0, 0, 1, 0, 0], [0, 0, 0, 0, 0, 0, 0, 0, 0, 0, 0, 1, 0], [0, 0, 0, 0, 0, 0, 0, 0, 0, 0, 0, 0, 1]]
[[1, 0, 0, 0, 0, 0, 0, 0, 0, 0, 0, 0, 0], [0, 1, 0, 0, 0, 0, 0, 0, 0, 0, 0, 0, 0], [0, 0, 1, 0, 0, 0, 0, 0, 0, 0, 0, 0, 0], [0, 0, 0, 1, 0, 0, 0, 0, 0, 0, 0, 0, 0], [0, 0, 0, 0, 1, 0, 0, 0, 0, 0, 0, 0, 0], [0, 0, 0, 0, 0, 1, 0, 0, 0, 0, 0, 0, 0], [0, 0, 0, 0, 0, 0, 1, 0, 0, 0, 0, 0, 0], [0, 0, 0, 0, 0, 0, 0, 1, 0, 0, 0, 0, 0], [0, 0, 0, 0, 0, 0, 0, 0, 1, 0, 0, 0, 0], [0, 0, 0, 0, 0, 0, 0, 0, 0, 1, 0, 0, 0], [0, 0, 0, 0, 0, 0, 0, 0, 0, 0, 1, 0, 0], [0, 0, 0, 0, 0, 0, 0, 0, 0, 0, 0, 1, 0], [0, 0, 0, 0, 0, 0, 0, 0, 0, 0, 0, 0, 1]]
[[1, 0, 0, 0, 0, 0, 0, 0, 0, 0, 0, 0, 0], [0, 1, 0, 0, 0, 0, 0, 0, 0, 0, 0, 0, 0], [0, 0, 1, 0, 0, 0, 0, 0, 0, 0, 0, 0, 0], [0, 0, 0, 1, 0, 0, 0, 0, 0, 0, 0, 0, 0], [0, 0, 0, 0, 1, 0, 0, 0, 0, 0, 0, 0, 0], [0, 0, 0, 0, 0, 1, 0, 0, 0, 0, 0, 0, 0], [0, 0, 0, 0, 0, 0, 1, 0, 0, 0, 0, 0, 0], [0, 0, 0, 0, 0, 0, 0, 1, 0, 0, 0, 0, 0], [0, 0, 0, 0, 0, 0, 0, 0, 1, 0, 0, 0, 0], [0, 0, 0, 0, 0, 0, 0, 0, 0, 1, 0, 0, 0], [0, 0, 0, 0, 0, 0, 0, 0, 0, 0, 1, 0, 0], [0, 0, 0, 0, 0, 0, 0, 0, 0, 0, 0, 1, 0], [0, 0, 0, 0, 0, 0, 0, 0, 0, 0, 0, 0, 1]]
[[-3, -2, -2, -6, -5, -5, -1, 6, 6, 6, -8, 14, 0], [4, 3, 2, 5, 4, 4, 1, -5, -5, -4, 6, -11, 0], [4, 2, 3, 5, 4, 4, 1, -5, -5, -4, 6, -11, 0], [0, 0, 0, 1, 0, 0, 0, 0, 0, 0, 0, 0, 0], [4, 2, 2, 6, 5, 4, 1, -5, -6, -5, 8, -13, 0], [4, 2, 2, 6, 4, 5, 1, -5, -6, -5, 8, -13, 0], [0, 0, 0, 0, 2, 2, 1, -2, 0, -2, 0, -2, 0], [4, 2, 2, 4, 3, 3, 1, -3, -4, -2, 4, -8, 0], [0, 0, 0, -2, -2, -2, 0, 2, 3, 4, -4, 6, 0], [0, 0, 0, 2, 2, 2, 0, -2, -2, -3, 4, -6, 0], [4, 2, 2, 5, 5, 5, 1, -6, -5, -5, 7, -12, 0], [4, 2, 2, 6, 5, 5, 1, -6, -6, -6, 8, -13, 0], [-4, -2, -2, -4, -4, -4, -1, 5, 4, 3, -4, 9, 1]]
[[-2, -1, -2, -3, -3, -3, 0, 4, 4, 3, -4, 8, 1], [3, 2, 2, 3, 3, 3, 0, -4, -4, -3, 4, -8, -1], [0, 0, 1, 0, 0, 0, 0, 0, 0, 0, 0, 0, 0], [0, 0, 0, 1, 0, 0, 0, 0, 0, 0, 0, 0, 0], [0, 0, 0, 0, 1, 0, 0, 0, 0, 0, 0, 0, 0], [3, 1, 2, 3, 3, 4, 0, -4, -4, -3, 4, -8, -1], [3, 1, 2, 3, 3, 3, 1, -4, -4, -3, 4, -8, -1], [0, 0, 0, 0, 0, 0, 0, 1, 0, 0, 0, 0, 0], [-3, -1, -2, -3, -3, -3, 0, 4, 5, 3, -4, 8, 1], [3, 1, 2, 3, 3, 3, 0, -4, -4, -2, 4, -8, -1], [3, 1, 2, 3, 3, 3, 0, -4, -4, -3, 5, -8, -1], [3, 1, 2, 3, 3, 3, 0, -4, -4, -3, 4, -7, -1], [0, 0, 0, 0, 0, 0, 0, 0, 0, 0, 0, 0, 1]]
[[1, 0, 0, 0, 0, 0, 0, 0, 0, 0, 0, 0, 0], [0, 1, 0, 0, 0, 0, 0, 0, 0, 0, 0, 0, 0], [0, 0, 1, 0, 0, 0, 0, 0, 0, 0, 0, 0, 0], [0, 0, 0, 1, 0, 0, 0, 0, 0, 0, 0, 0, 0], [0, 0, 0, 0, 1, 0, 0, 0, 0, 0, 0, 0, 0], [0, 0, 0, 0, 0, 1, 0, 0, 0, 0, 0, 0, 0], [0, 0, 0, 0, 0, 0, 1, 0, 0, 0, 0, 0, 0], [0, 0, 0, 0, 0, 0, 0, 1, 0, 0, 0, 0, 0], [0, 0, 0, 0, 0, 0, 0, 0, 1, 0, 0, 0, 0], [0, 0, 0, 0, 0, 0, 0, 0, 0, 1, 0, 0, 0], [0, 0, 0, 0, 0, 0, 0, 0, 0, 0, 1, 0, 0], [0, 0, 0, 0, 0, 0, 0, 0, 0, 0, 0, 1, 0], [0, 0, 0, 0, 0, 0, 0, 0, 0, 0, 0, 0, 1]]
[[1, 0, 0, 0, 0, 0, 0, 0, 0, 0, 0, 0, 0], [0, 1, 0, 0, 0, 0, 0, 0, 0, 0, 0, 0, 0], [0, 0, 1, 0, 0, 0, 0, 0, 0, 0, 0, 0, 0], [0, 0, 0, 1, 0, 0, 0, 0, 0, 0, 0, 0, 0], [0, 0, 0, 0, 1, 0, 0, 0, 0, 0, 0, 0, 0], [0, 0, 0, 0, 0, 1, 0, 0, 0, 0, 0, 0, 0], [0, 0, 0, 0, 0, 0, 1, 0, 0, 0, 0, 0, 0], [0, 0, 0, 0, 0, 0, 0, 1, 0, 0, 0, 0, 0], [0, 0, 0, 0, 0, 0, 0, 0, 1, 0, 0, 0, 0], [0, 0, 0, 0, 0, 0, 0, 0, 0, 1, 0, 0, 0], [0, 0, 0, 0, 0, 0, 0, 0, 0, 0, 1, 0, 0], [0, 0, 0, 0, 0, 0, 0, 0, 0, 0, 0, 1, 0], [0, 0, 0, 0, 0, 0, 0, 0, 0, 0, 0, 0, 1]]
[[1, 0, 0, 0, 0, 0, 0, 0, 0, 0, 0, 0, 0], [0, 1, 0, 0, 0, 0, 0, 0, 0, 0, 0, 0, 0], [0, 0, 1, 0, 0, 0, 0, 0, 0, 0, 0, 0, 0], [0, 0, 0, 1, 0, 0, 0, 0, 0, 0, 0, 0, 0], [0, 0, 0, 0, 1, 0, 0, 0, 0, 0, 0, 0, 0], [0, 0, 0, 0, 0, 1, 0, 0, 0, 0, 0, 0, 0], [0, 0, 0, 0, 0, 0, 1, 0, 0, 0, 0, 0, 0], [0, 0, 0, 0, 0, 0, 0, 1, 0, 0, 0, 0, 0], [0, 0, 0, 0, 0, 0, 0, 0, 1, 0, 0, 0, 0], [0, 0, 0, 0, 0, 0, 0, 0, 0, 1, 0, 0, 0], [0, 0, 0, 0, 0, 0, 0, 0, 0, 0, 1, 0, 0], [0, 0, 0, 0, 0, 0, 0, 0, 0, 0, 0, 1, 0], [0, 0, 0, 0, 0, 0, 0, 0, 0, 0, 0, 0, 1]]
[[1, 0, 0, 0, 0, 0, 0, 0, 0, 0, 0, 0, 0], [0, 1, 0, 0, 0, 0, 0, 0, 0, 0, 0, 0, 0], [0, 0, 1, 0, 0, 0, 0, 0, 0, 0, 0, 0, 0], [0, 0, 0, 1, 0, 0, 0, 0, 0, 0, 0, 0, 0], [0, 0, 0, 0, 1, 0, 0, 0, 0, 0, 0, 0, 0], [0, 0, 0, 0, 0, 1, 0, 0, 0, 0, 0, 0, 0], [0, 0, 0, 0, 0, 0, 1, 0, 0, 0, 0, 0, 0], [0, 0, 0, 0, 0, 0, 0, 1, 0, 0, 0, 0, 0], [0, 0, 0, 0, 0, 0, 0, 0, 1, 0, 0, 0, 0], [0, 0, 0, 0, 0, 0, 0, 0, 0, 1, 0, 0, 0], [0, 0, 0, 0, 0, 0, 0, 0, 0, 0, 1, 0, 0], [0, 0, 0, 0, 0, 0, 0, 0, 0, 0, 0, 1, 0], [0, 0, 0, 0, 0, 0, 0, 0, 0, 0, 0, 0, 1]]
[[-1, 0, -2, -2, -1, -2, 1, 2, 4, 2, -4, 7, 1], [0, 0, 0, 0, 0, 0, -1, 0, -1, 0, 0, -1, -1], [-2, -1, -1, -2, -2, -2, -2, 2, 0, 1, -1, 3, -1], [0, 0, 0, -1, -1, 0, -1, 0, 0, 0, 0, 1, -1], [2, 1, 2, 2, 1, 2, -1, -2, -5, -2, 4, -7, -1], [6, 3, 4, 8, 6, 7, 0, -8, -10, -7, 11, -19, -1], [-2, -2, 0, -2, -2, -2, 0, 2, 3, 3, -3, 4, 0], [0, 1, 0, 0, 0, 0, -1, -1, -1, 0, 0, -1, -1], [-2, 0, -2, -2, -2, -2, 0, 2, 3, 2, -4, 6, 0], [6, 2, 4, 6, 5, 6, 1, -6, -8, -5, 8, -15, -1], [2, 0, 2, 2, 1, 2, 0, -2, -3, -1, 2, -5, -1], [2, 0, 2, 2, 1, 2, -1, -2, -4, -2, 4, -6, -1], [2, 1, 0, 2, 3, 2, 1, -2, -2, -3, 3, -4, 1]]
[[1, 0, 0, 0, 0, 0, 0, 0, 0, 0, 0, 0, 0], [0, 1, 0, 0, 0, 0, 0, 0, 0, 0, 0, 0, 0], [0, 0, 1, 0, 0, 0, 0, 0, 0, 0, 0, 0, 0], [0, 0, 0, 1, 0, 0, 0, 0, 0, 0, 0, 0, 0], [0, 0, 0, 0, 1, 0, 0, 0, 0, 0, 0, 0, 0], [0, 0, 0, 0, 0, 1, 0, 0, 0, 0, 0, 0, 0], [0, 0, 0, 0, 0, 0, 1, 0, 0, 0, 0, 0, 0], [0, 0, 0, 0, 0, 0, 0, 1, 0, 0, 0, 0, 0], [0, 0, 0, 0, 0, 0, 0, 0, 1, 0, 0, 0, 0], [0, 0, 0, 0, 0, 0, 0, 0, 0, 1, 0, 0, 0], [0, 0, 0, 0, 0, 0, 0, 0, 0, 0, 1, 0, 0], [0, 0, 0, 0, 0, 0, 0, 0, 0, 0, 0, 1, 0], [0, 0, 0, 0, 0, 0, 0, 0, 0, 0, 0, 0, 1]]
[[1, 0, 0, 0, 0, 0, 0, 0, 0, 0, 0, 0, 0], [0, 0, 1, 0, 0, 0, 0, 0, 0, 0, 0, 0, 0], [0, 1, 0, 0, 0, 0, 0, 0, 0, 0, 0, 0, 0], [0, 0, 0, 1, 0, 0, 0, 0, 0, 0, 0, 0, 0], [0, 0, 0, 0, 0, 1, 0, 0, 0, 0, 0, 0, 0], [0, 0, 0, 0, 1, 0, 0, 0, 0, 0, 0, 0, 0], [0, 0, 0, 0, 0, 0, 1, 0, 0, 0, 0, 0, 0], [0, 0, 0, 0, 0, 0, 0, 1, 0, 0, 0, 0, 0], [0, 0, 0, 0, 0, 0, 0, 0, 1, 0, 0, 0, 0], [0, 0, 0, 0, 0, 0, 0, 0, 0, 1, 0, 0, 0], [0, 0, 0, 0, 0, 0, 0, 0, 0, 0, 1, 0, 0], [0, 0, 0, 0, 0, 0, 0, 0, 0, 0, 0, 1, 0], [2, 1, 1, 1, 1, 1, -1, -2, -3, -1, 2, -4, -1]]
[[1, 0, 0, 0, 0, 0, 0, 0, 0, 0, 0, 0, 0], [0, 1, 0, 0, 0, 0, 0, 0, 0, 0, 0, 0, 0], [0, 0, 1, 0, 0, 0, 0, 0, 0, 0, 0, 0, 0], [0, 0, 0, 1, 0, 0, 0, 0, 0, 0, 0, 0, 0], [0, 0, 0, 0, 1, 0, 0, 0, 0, 0, 0, 0, 0], [0, 0, 0, 0, 0, 1, 0, 0, 0, 0, 0, 0, 0], [0, 0, 0, 0, 0, 0, 1, 0, 0, 0, 0, 0, 0], [0, 0, 0, 0, 0, 0, 0, 1, 0, 0, 0, 0, 0], [0, 0, 0, 0, 0, 0, 0, 0, 1, 0, 0, 0, 0], [0, 0, 0, 0, 0, 0, 0, 0, 0, 1, 0, 0, 0], [0, 0, 0, 0, 0, 0, 0, 0, 0, 0, 1, 0, 0], [0, 0, 0, 0, 0, 0, 0, 0, 0, 0, 0, 1, 0], [0, 0, 0, 0, 0, 0, 0, 0, 0, 0, 0, 0, 1]]
[[2, 0, 1, 2, 1, 2, 0, -2, -2, -2, 3, -4, 0], [1, 1, 1, 2, 1, 2, 0, -2, -2, -2, 3, -4, 0], [0, 0, 1, 0, 0, 0, 0, 0, 0, 0, 0, 0, 0], [0, 0, 0, 1, 0, 0, 0, 0, 0, 0, 0, 0, 0], [0, 0, 0, 0, 1, 0, 0, 0, 0, 0, 0, 0, 0], [-1, 0, -1, -2, -1, -1, 0, 2, 2, 2, -3, 4, 0], [-1, 0, -1, -2, -1, -2, 1, 2, 2, 2, -3, 4, 0], [1, 0, 1, 2, 1, 2, 0, -1, -2, -2, 3, -4, 0], [1, 0, 1, 2, 1, 2, 0, -2, -1, -2, 3, -4, 0], [-1, 0, -1, -2, -1, -2, 0, 2, 2, 3, -3, 4, 0], [-1, 0, -1, -2, -1, -2, 0, 2, 2, 2, -2, 4, 0], [-1, 0, -1, -2, -1, -2, 0, 2, 2, 2, -3, 5, 0], [0, 0, 0, 0, 0, 0, 0, 0, 0, 0, 0, 0, 1]]
[[1, 0, 0, 3, 2, 2, 0, -2, -3, -3, 4, -6, 0], [-2, 0, -1, -1, -1, -1, 0, 1, 2, 1, -2, 3, 0], [-2, -1, 0, -1, -1, -1, 0, 1, 2, 1, -2, 3, 0], [0, 0, 0, 1, 0, 0, 0, 0, 0, 0, 0, 0, 0], [-2, -1, -1, -4, -2, -3, 0, 3, 5, 4, -6, 9, 0], [-2, -1, -1, -4, -3, -2, 0, 3, 5, 4, -6, 9, 0], [4, 2, 2, 2, 2, 2, 1, -2, -4, -2, 4, -6, 0], [-2, -1, -1, -1, -1, -1, 0, 1, 3, 1, -2, 4, 0], [0, 0, 0, 3, 2, 2, 0, -2, -2, -3, 4, -6, 0], [0, 0, 0, -3, -2, -2, 0, 2, 3, 4, -4, 6, 0], [-2, -1, -1, -4, -3, -3, 0, 4, 4, 4, -5, 8, 0], [-2, -1, -1, -4, -3, -3, 0, 4, 4, 4, -6, 9, 0], [-2, -1, -1, -1, -1, -1, 0, 1, 2, 1, -2, 3, 1]]
[[3, 1, 1, 2, 2, 2, 0, -2, -3, -2, 3, -5, 0], [-2, 0, -1, -2, -2, -2, 0, 2, 3, 2, -3, 5, 0], [-2, -1, 0, -2, -2, -2, 0, 2, 3, 2, -3, 5, 0], [0, 0, 0, 1, 0, 0, 0, 0, 0, 0, 0, 0, 0], [-4, -2, -2, -4, -3, -4, 0, 4, 6, 4, -6, 10, 0], [-4, -2, -2, -4, -4, -3, 0, 4, 6, 4, -6, 10, 0], [4, 2, 2, 4, 4, 4, 1, -4, -6, -4, 6, -10, 0], [-2, -1, -1, -2, -2, -2, 0, 3, 3, 2, -3, 5, 0], [2, 1, 1, 2, 2, 2, 0, -2, -2, -2, 3, -5, 0], [-2, -1, -1, -2, -2, -2, 0, 2, 3, 3, -3, 5, 0], [0, 0, 0, 0, 0, 0, 0, 0, 0, 0, 1, 0, 0], [-2, -1, -1, -2, -2, -2, 0, 2, 3, 2, -3, 6, 0], [-2, -1, -1, -2, -2, -2, 0, 2, 3, 2, -3, 5, 1]]
[[1, 0, 0, 0, 0, 0, 0, 0, 0, 0, 0, 0, 0], [0, 1, 0, 0, 0, 0, 0, 0, 0, 0, 0, 0, 0], [0, 0, 1, 0, 0, 0, 0, 0, 0, 0, 0, 0, 0], [0, 0, 0, 1, 0, 0, 0, 0, 0, 0, 0, 0, 0], [0, 0, 0, 0, 1, 0, 0, 0, 0, 0, 0, 0, 0], [0, 0, 0, 0, 0, 1, 0, 0, 0, 0, 0, 0, 0], [0, 0, 0, 0, 0, 0, 1, 0, 0, 0, 0, 0, 0], [0, 0, 0, 0, 0, 0, 0, 1, 0, 0, 0, 0, 0], [0, 0, 0, 0, 0, 0, 0, 0, 1, 0, 0, 0, 0], [0, 0, 0, 0, 0, 0, 0, 0, 0, 1, 0, 0, 0], [0, 0, 0, 0, 0, 0, 0, 0, 0, 0, 1, 0, 0], [0, 0, 0, 0, 0, 0, 0, 0, 0, 0, 0, 1, 0], [0, 0, 0, 0, 0, 0, 0, 0, 0, 0, 0, 0, 1]]
[[-1, 0, -2, -2, -1, -2, 1, 2, 4, 2, -4, 7, 1], [0, 0, 0, 0, 0, 0, -1, 0, -1, 0, 0, -1, -1], [-2, -1, -1, -2, -2, -2, -2, 2, 0, 1, -1, 3, -1], [0, 0, 0, -1, -1, 0, -1, 0, 0, 0, 0, 1, -1], [2, 1, 2, 2, 1, 2, -1, -2, -5, -2, 4, -7, -1], [6, 3, 4, 8, 6, 7, 0, -8, -10, -7, 11, -19, -1], [-2, -2, 0, -2, -2, -2, 0, 2, 3, 3, -3, 4, 0], [0, 1, 0, 0, 0, 0, -1, -1, -1, 0, 0, -1, -1], [-2, 0, -2, -2, -2, -2, 0, 2, 3, 2, -4, 6, 0], [6, 2, 4, 6, 5, 6, 1, -6, -8, -5, 8, -15, -1], [2, 0, 2, 2, 1, 2, 0, -2, -3, -1, 2, -5, -1], [2, 0, 2, 2, 1, 2, -1, -2, -4, -2, 4, -6, -1], [2, 1, 0, 2, 3, 2, 1, -2, -2, -3, 3, -4, 1]]
[[0, -1, 0, -2, -2, -2, -1, 2, 1, 2, -2, 4, -1], [0, 1, 0, 0, 0, 0, 0, 0, 0, 0, 0, 0, 0], [1, 1, 1, 2, 2, 2, 1, -2, -1, -2, 2, -4, 1], [0, 0, 0, 1, 0, 0, 0, 0, 0, 0, 0, 0, 0], [1, 1, 0, 2, 3, 2, 1, -2, -1, -2, 2, -4, 1], [0, 0, 0, 0, 0, 1, 0, 0, 0, 0, 0, 0, 0], [1, 1, 0, 2, 2, 2, 2, -2, -1, -2, 2, -4, 1], [0, 0, 0, 0, 0, 0, 0, 1, 0, 0, 0, 0, 0], [-1, -1, 0, -2, -2, -2, -1, 2, 2, 2, -2, 4, -1], [1, 1, 0, 2, 2, 2, 1, -2, -1, -1, 2, -4, 1], [1, 1, 0, 2, 2, 2, 1, -2, -1, -2, 3, -4, 1], [1, 1, 0, 2, 2, 2, 1, -2, -1, -2, 2, -3, 1], [-1, -1, 0, -2, -2, -2, -1, 2, 1, 2, -2, 4, 0]]
[[1, 0, 0, 3, 2, 2, 0, -2, -3, -3, 4, -6, 0], [-2, 0, -1, -1, -1, -1, 0, 1, 2, 1, -2, 3, 0], [-2, -1, 0, -1, -1, -1, 0, 1, 2, 1, -2, 3, 0], [0, 0, 0, 1, 0, 0, 0, 0, 0, 0, 0, 0, 0], [-2, -1, -1, -4, -2, -3, 0, 3, 5, 4, -6, 9, 0], [-2, -1, -1, -4, -3, -2, 0, 3, 5, 4, -6, 9, 0], [4, 2, 2, 2, 2, 2, 1, -2, -4, -2, 4, -6, 0], [-2, -1, -1, -1, -1, -1, 0, 1, 3, 1, -2, 4, 0], [0, 0, 0, 3, 2, 2, 0, -2, -2, -3, 4, -6, 0], [0, 0, 0, -3, -2, -2, 0, 2, 3, 4, -4, 6, 0], [-2, -1, -1, -4, -3, -3, 0, 4, 4, 4, -5, 8, 0], [-2, -1, -1, -4, -3, -3, 0, 4, 4, 4, -6, 9, 0], [-2, -1, -1, -1, -1, -1, 0, 1, 2, 1, -2, 3, 1]]
[[1, 0, 0, 0, 0, 0, 0, 0, 0, 0, 0, 0, 0], [0, 1, 0, 0, 0, 0, 0, 0, 0, 0, 0, 0, 0], [0, 0, 1, 0, 0, 0, 0, 0, 0, 0, 0, 0, 0], [0, 0, 0, 1, 0, 0, 0, 0, 0, 0, 0, 0, 0], [0, 0, 0, 0, 1, 0, 0, 0, 0, 0, 0, 0, 0], [0, 0, 0, 0, 0, 1, 0, 0, 0, 0, 0, 0, 0], [0, 0, 0, 0, 0, 0, 1, 0, 0, 0, 0, 0, 0], [0, 0, 0, 0, 0, 0, 0, 1, 0, 0, 0, 0, 0], [0, 0, 0, 0, 0, 0, 0, 0, 1, 0, 0, 0, 0], [0, 0, 0, 0, 0, 0, 0, 0, 0, 1, 0, 0, 0], [0, 0, 0, 0, 0, 0, 0, 0, 0, 0, 1, 0, 0], [0, 0, 0, 0, 0, 0, 0, 0, 0, 0, 0, 1, 0], [0, 0, 0, 0, 0, 0, 0, 0, 0, 0, 0, 0, 1]]

Generators of monodromy action on conics:
(19,23)(20,24)(25,29)(26,30)(57,61)(58,62)(67,71)(68,72)(81,83)(82,84)(109,111)(110,112)(149,151)(150,152)(161,163)(162,164)(165,175)(166,176)(167,171)(168,172)
(17,22)(18,21)(27,31)(28,32)(59,64)(60,63)(65,70)(66,69)(85,88)(86,87)(105,107)(106,108)(145,148)(146,147)(153,155)(154,156)(165,171)(166,172)(167,175)(168,176)
(13,34)(14,33)(15,35)(16,36)(53,74)(54,73)(55,76)(56,75)(85,105)(86,106)(87,108)(88,107)(113,133)(114,134)(115,135)(116,136)(121,140)(122,139)(123,137)(124,138)
(11,37)(12,38)(15,33)(16,34)(21,28)(22,27)(23,25)(24,26)(49,53)(50,54)(51,73)(52,74)(55,77)(56,78)(57,60)(58,59)(61,66)(62,65)(63,68)(64,67)(69,72)(70,71)(75,79)(76,80)(81,91)(82,92)(83,99)(84,100)(85,90)(86,89)(87,98)(88,97)(93,109)(94,110)(95,105)(96,106)(101,111)(102,112)(103,107)(104,108)(113,141)(114,142)(115,143)(116,144)(117,149)(118,150)(119,161)(120,162)(121,146)(122,145)(123,153)(124,154)(125,165)(126,166)(127,167)(128,168)(129,151)(130,152)(131,163)(132,164)(133,159)(134,160)(135,157)(136,158)(137,148)(138,147)(139,155)(140,156)(169,175)(170,176)(171,173)(172,174)
(9,11)(10,12)(37,39)(38,40)(53,55)(54,56)(73,75)(74,76)(91,93)(92,94)(99,101)(100,102)(141,157)(142,158)(143,159)(144,160)(149,163)(150,164)(151,161)(152,162)
(7,41)(8,42)(21,28)(22,27)(23,25)(24,26)(57,60)(58,59)(61,66)(62,65)(63,68)(64,67)(69,72)(70,71)(81,117)(82,118)(83,129)(84,130)(85,122)(86,121)(87,138)(88,137)(89,146)(90,145)(91,149)(92,150)(93,163)(94,164)(95,155)(96,156)(97,148)(98,147)(99,151)(100,152)(101,161)(102,162)(103,153)(104,154)(105,139)(106,140)(107,123)(108,124)(109,131)(110,132)(111,119)(112,120)(125,165)(126,166)(127,167)(128,168)(169,175)(170,176)(171,173)(172,174)
(5,7)(6,8)(41,44)(42,43)(117,120)(118,119)(121,123)(122,124)(129,132)(130,131)(137,140)(138,139)(145,154)(146,153)(147,155)(148,156)(149,162)(150,161)(151,164)(152,163)
(3,46)(4,45)(15,33)(16,34)(21,28)(22,27)(49,113)(50,114)(51,134)(52,133)(53,141)(54,142)(55,157)(56,158)(57,165)(58,166)(59,126)(60,125)(61,175)(62,176)(63,173)(64,174)(65,170)(66,169)(67,172)(68,171)(69,127)(70,128)(71,168)(72,167)(73,160)(74,159)(75,144)(76,143)(77,135)(78,136)(79,116)(80,115)(85,90)(86,89)(87,98)(88,97)(95,105)(96,106)(103,107)(104,108)(121,146)(122,145)(123,153)(124,154)(137,148)(138,147)(139,155)(140,156)
(1,3)(2,4)(5,8)(6,7)(9,38)(10,37)(11,40)(12,39)(13,33)(14,34)(15,36)(16,35)(17,28)(18,27)(19,26)(20,25)(21,31)(22,32)(23,30)(24,29)(41,43)(42,44)(45,47)(46,48)(49,78)(50,77)(51,80)(52,79)(53,73)(54,74)(55,75)(56,76)(57,67)(58,68)(59,66)(60,65)(61,71)(62,72)(63,70)(64,69)(81,110)(82,109)(83,112)(84,111)(85,106)(86,105)(87,107)(88,108)(89,97)(90,98)(91,100)(92,99)(93,102)(94,101)(95,104)(96,103)(141,143)(142,144)(145,153)(146,154)(147,156)(148,155)(149,161)(150,162)(151,163)(152,164)(157,159)(158,160)(165,167)(166,168)(171,175)(172,176)
(1,4)(2,3)(45,48)(46,47)(113,116)(114,115)(125,128)(126,127)(133,136)(134,135)(141,144)(142,143)(157,160)(158,159)(165,168)(166,167)(169,174)(170,173)(171,176)(172,175)
