
########################################################
# DATA FOR CRYSTALLOGRAPHIC QUARTIC SURFACE FAMILY 7.1 #
########################################################


##################
# GROUP & FAMILY #
##################

Generators of crystallographic group:
[[-1, 0, 0, 0], [0, -1, 0, 0], [0, 0, 0, -1], [0, 0, 1, 0]]

Invariant polynomials:
z^4 + w^4
-z^3*w + z*w^3
z^2*w^2
y^2*z^2 + y^2*w^2
x*y*z^2 + x*y*w^2
x^2*z^2 + x^2*w^2
y^4
x*y^3
x^2*y^2
x^3*y
x^4

Equivalent crystallographic groups:
7.2
7.3

############
# HOMOLOGY #
############


Intersection product:
[[-2, -1, 2, 1, -1, -1, -1, 1, 0, 1, 0, -1, -1, -1, 0, -1, -1, 0, 1, 0, 0, 0], [-1, -2, 0, 0, -1, -1, -1, 0, 0, 2, -1, -1, -1, -1, -1, 0, -1, 2, 0, 0, -2, 1], [2, 0, -6, -2, 1, 3, 1, -2, 1, -4, -1, 3, 1, 1, -1, 3, 2, -1, -2, 1, -1, 1], [1, 0, -2, -2, 1, 1, 1, -1, 0, 0, 0, 1, 1, 1, 0, 1, 1, 0, -1, 0, 0, 0], [-1, -1, 1, 1, -4, -2, -2, 0, 1, 3, -3, -2, -2, -2, -2, 0, -1, 3, 0, 1, -3, 2], [-1, -1, 3, 1, -2, -4, -2, 1, 0, 5, -1, -3, -2, -2, -1, -1, -2, 4, 1, 0, -3, 1], [-1, -1, 1, 1, -2, -2, -2, 0, 0, 2, -1, -1, -1, -1, -1, 0, -1, 2, 0, 0, -2, 1], [1, 0, -2, -1, 0, 1, 0, -2, 0, 0, 0, 1, 1, 1, 0, 1, 1, 0, -1, 0, 0, 0], [0, 0, 1, 0, 1, 0, 0, 0, -2, 1, 1, 0, 1, 1, 1, 0, 0, 0, 0, -1, 1, -1], [1, 2, -4, 0, 3, 5, 2, 0, 1, -12, 2, 5, 2, 2, 1, 2, 3, -8, -1, 1, 5, -1], [0, -1, -1, 0, -3, -1, -1, 0, 1, 2, -4, -1, -1, -1, -2, 1, 0, 3, -1, 1, -3, 2], [-1, -1, 3, 1, -2, -3, -1, 1, 0, 5, -1, -4, -2, -2, -1, -1, -2, 4, 1, 0, -3, 1], [-1, -1, 1, 1, -2, -2, -1, 1, 1, 2, -1, -2, -2, -1, -1, 0, -1, 2, 0, 0, -2, 1], [-1, -1, 1, 1, -2, -2, -1, 1, 1, 2, -1, -2, -1, -2, -1, 0, -1, 2, 0, 0, -2, 1], [0, -1, -1, 0, -2, -1, -1, 0, 1, 1, -2, -1, -1, -1, -2, 1, 0, 2, -1, 0, -2, 1], [-1, 0, 3, 1, 0, -1, 0, 1, 0, 2, 1, -1, 0, 0, 1, -2, -1, 0, 1, -1, 1, -1], [-1, -1, 2, 1, -1, -2, -1, 1, 0, 3, 0, -2, -1, -1, 0, -1, -2, 2, 0, -1, -1, 0], [0, 2, -1, 0, 3, 4, 2, 0, 0, -8, 3, 4, 2, 2, 2, 0, 2, -8, 0, 0, 6, -2], [1, 0, -2, -1, 0, 1, 0, -1, 0, -1, -1, 1, 0, 0, -1, 1, 0, 0, -2, 0, 0, 0], [0, 0, 1, 0, 1, 0, 0, 0, -1, 1, 1, 0, 0, 0, 0, -1, -1, 0, 0, -2, 1, -1], [0, -2, -1, 0, -3, -3, -2, 0, 1, 5, -3, -3, -2, -2, -2, 1, -1, 6, 0, 1, -6, 2], [0, 1, 1, 0, 2, 1, 1, 0, -1, -1, 2, 1, 1, 1, 1, -1, 0, -2, 0, -1, 2, -2]]

Basis of the generic Picard lattice:
[1, 0, 0, 0, 0, 0, 0, 0, 0, 0, 0, 0, 0, 0, 0, 2, -2, 0, 0, 1, 1, -1]
[0, 1, 0, 0, 0, 0, 0, 0, 0, 0, 0, 0, 0, 0, 0, 0, -1, 1, -1, 1, 1, 0]
[0, 0, 1, 0, 0, 0, 0, 0, 0, 0, 0, 0, 0, 0, 0, 0, 0, 0, -1, 1, 0, 0]
[0, 0, 0, 1, 0, 0, 0, 0, 0, 0, 0, 0, 0, 0, 0, 0, 0, 0, -1, 1, 0, 0]
[0, 0, 0, 0, 1, 0, 0, 0, 0, 0, 0, 0, 0, 0, 0, 0, -1, 1, -1, 1, 1, 0]
[0, 0, 0, 0, 0, 1, 0, 0, 0, 0, 0, 0, 0, 0, 0, 2, -1, 0, 1, 1, 0, -3]
[0, 0, 0, 0, 0, 0, 1, 0, 0, 0, 0, 0, 0, 0, 0, 0, -1, 1, -1, 1, 1, 1]
[0, 0, 0, 0, 0, 0, 0, 1, 0, 0, 0, 0, 0, 0, 0, 0, 0, 0, -1, 0, 0, 2]
[0, 0, 0, 0, 0, 0, 0, 0, 1, 0, 0, 0, 0, 0, 0, 0, 0, 0, 0, -1, 0, 2]
[0, 0, 0, 0, 0, 0, 0, 0, 0, 1, 0, 0, 0, 0, 0, 0, 0, -1, 0, 0, 0, 1]
[0, 0, 0, 0, 0, 0, 0, 0, 0, 0, 1, 0, 0, 0, 0, 0, -1, 0, -1, 2, 0, -2]
[0, 0, 0, 0, 0, 0, 0, 0, 0, 0, 0, 1, 0, 0, 0, 2, -1, 0, 2, 0, 0, -3]
[0, 0, 0, 0, 0, 0, 0, 0, 0, 0, 0, 0, 0, 1, 0, 0, -1, 0, 0, 1, 0, -1]
[0, 0, 0, 0, 0, 0, 0, 0, 0, 0, 0, 0, 0, 0, 1, 0, -1, 0, -1, 1, 0, 0]
[0, 0, 0, 0, 0, 0, 0, 0, 0, 0, 0, 0, 0, 0, 0, 3, -2, -1, 1, 1, 0, -3]

Class of hyperplane section:
[0, 0, 3, 0, 3, 3, -3, 0, 3, 1, -1, 0, 0, 0, 0, 3, 0, 0, 0, 0, 0, 0]

Action of the group on homology:
[[0, 0, 1, 0, 1, 0, 1, 1, 0, 1, 1, -1, 0, 0, 1, -1, -1, 0, 0, -1, 1, -1], [0, 0, 0, 0, 0, 0, 0, 0, 0, 0, 0, 0, 0, 0, 0, 0, 1, 0, 1, 1, 0, 0], [1, 1, 0, 0, 0, 0, 0, 0, 0, 0, 0, 1, 0, 0, 0, 1, 0, 0, -1, 0, 0, 0], [0, 0, 0, 0, 0, 0, 0, 0, 0, 0, 0, 0, 0, 0, 0, 0, 0, 0, 1, 0, -1, 1], [2, 3, 0, 0, 1, 1, 1, 0, 0, -2, 1, 2, 1, 1, 1, 1, 2, -2, 1, 1, 1, 0], [1, 2, 2, 1, 1, 1, 1, 1, -1, -1, 2, 1, 1, 1, 2, 0, 1, -2, 1, 0, 3, -1], [-2, -3, -2, 0, -2, -1, -2, -1, 1, 0, -3, -1, -2, -2, -3, 0, -2, 2, -1, 0, -4, 2], [1, 1, 0, 0, 2, 2, 2, 0, -1, -1, 2, 1, 2, 2, 2, 0, 1, -2, 0, -1, 3, -1], [1, 1, 0, 0, 0, 0, 0, 0, 0, 0, 0, 1, 1, 0, 0, 1, 1, 0, 0, 0, 0, 0], [1, 1, 0, 0, 1, 1, 1, 0, 0, -1, 1, 1, 1, 1, 1, 0, 1, -1, 1, 0, 1, 0], [0, 0, 0, 0, 1, 1, 1, 0, -1, 0, 1, 0, 1, 1, 1, 0, 0, 0, 0, -1, 1, 0], [0, -1, -2, -1, 0, 1, 0, -1, 0, -1, -1, 1, 0, 0, -1, 1, 0, 0, -1, 0, -1, 1], [0, 0, 0, 0, 0, 0, 0, 0, 0, 0, 0, 0, 1, 0, 0, 0, 0, 0, 0, 0, 0, 0], [0, 0, 0, 0, 0, 0, 0, -1, 0, 1, 1, 0, 1, 0, 0, 0, 0, 0, 0, -1, 0, 0], [0, 0, 1, 0, 0, -1, 0, 1, 0, 0, 0, -1, -1, 0, 0, 0, 0, 0, -1, 0, 1, -1], [0, -1, -1, 0, -2, -1, -2, -1, 1, 1, -2, 0, -1, -1, -2, 1, 0, 2, 0, 1, -3, 1], [1, 2, 1, 0, 2, 1, 2, 1, -1, -1, 2, 1, 1, 2, 3, 0, 1, -2, 0, 0, 3, -1], [-1, -1, -1, 0, -1, 0, -1, 0, 0, -1, -1, 0, -1, -1, -1, 1, 0, 0, 0, 1, -1, 1], [-1, -2, -1, 0, -2, -1, -2, -1, 1, 1, -2, -1, -1, -2, -2, 0, -1, 2, 0, 1, -3, 1], [0, 0, 0, 0, 0, 0, 0, 0, 0, 0, 0, 0, 0, 0, 0, 0, 0, 0, 1, 0, 0, 1], [-1, -1, -1, 0, -1, 0, -1, 0, 1, -1, -1, 0, -1, -1, -1, 0, 0, 0, 1, 1, -1, 1], [1, 2, 0, 0, 3, 2, 2, 0, -1, -3, 3, 2, 2, 2, 2, 0, 1, -3, 0, -1, 3, -1]]

####################
# ALGEBRAIC CURVES #
####################


There are 208 conics:
[0, 0, 2, 0, 3, 3, -3, 0, 2, 1, -1, -1, 0, 0, 0, 1, 1, 0, -1, 0, 0, 1]
[0, 0, 1, 0, 0, 0, 0, 0, 1, 0, 0, 1, 0, 0, 0, 2, -1, 0, 1, 0, 0, -1]
[0, 0, 2, -1, 2, 3, -3, 1, 2, 1, 0, -1, 0, 0, 0, 1, 1, -1, -1, 0, -1, 1]
[0, 0, 1, 1, 1, 0, 0, -1, 1, 0, -1, 1, 0, 0, 0, 2, -1, 1, 1, 0, 1, -1]
[1, -1, 1, 0, 1, 1, -1, 0, 1, 1, 0, 0, 0, 0, 0, 1, 0, -1, 0, 0, 0, 1]
[-1, 1, 2, 0, 2, 2, -2, 0, 2, 0, -1, 0, 0, 0, 0, 2, 0, 1, 0, 0, 0, -1]
[0, 0, 2, -1, 1, 1, -1, -1, 2, -1, -1, 0, 0, 0, 1, 2, -1, 1, 1, -1, 0, -1]
[0, 0, 1, 1, 2, 2, -2, 1, 1, 2, 0, 0, 0, 0, -1, 1, 1, -1, -1, 1, 0, 1]
[1, 0, 2, -1, 1, 2, -3, 1, 1, 0, 0, 0, 0, 0, 1, 0, 1, 0, -1, 0, -1, 0]
[-1, 0, 1, 1, 2, 1, 0, -1, 2, 1, -1, 0, 0, 0, -1, 3, -1, 0, 1, 0, 1, 0]
[0, 0, 2, 0, 2, 2, -3, 0, 2, 0, -1, 0, 0, 0, 1, 1, 1, 0, 0, -1, -1, 0]
[0, 0, 1, 0, 1, 1, 0, 0, 1, 1, 0, 0, 0, 0, -1, 2, -1, 0, 0, 1, 1, 0]
[0, 0, 2, 0, 3, 2, -3, 0, 2, 1, -1, -1, 0, 0, 0, 2, 0, -1, -1, 0, 0, 1]
[0, 0, 1, 0, 0, 1, 0, 0, 1, 0, 0, 1, 0, 0, 0, 1, 0, 1, 1, 0, 0, -1]
[0, 1, 1, 0, 3, 3, -4, 1, 2, 2, 0, -1, 0, 0, -1, 1, 1, -1, -1, 0, 0, 1]
[0, -1, 2, 0, 0, 0, 1, -1, 1, -1, -1, 1, 0, 0, 1, 2, -1, 1, 1, 0, 0, -1]
[0, 0, 2, 0, 2, 2, -2, -1, 2, 1, -1, -1, 0, 0, 0, 2, 0, -1, 0, 0, 0, 0]
[0, 0, 1, 0, 1, 1, -1, 1, 1, 0, 0, 1, 0, 0, 0, 1, 0, 1, 0, 0, 0, 0]
[0, 0, 2, 0, 1, 1, -1, 0, 2, 0, 0, 1, 0, 0, 0, 1, 0, 1, 0, 0, 0, 0]
[0, 0, 1, 0, 2, 2, -2, 0, 1, 1, -1, -1, 0, 0, 0, 2, 0, -1, 0, 0, 0, 0]
[0, 0, 2, 0, 2, 2, -2, 0, 2, 1, 0, 0, 0, -1, 0, 1, 1, 0, -1, 0, 0, 1]
[0, 0, 1, 0, 1, 1, -1, 0, 1, 0, -1, 0, 0, 1, 0, 2, -1, 0, 1, 0, 0, -1]
[0, 0, 2, 0, 1, 1, -1, -1, 2, 0, -1, 0, 0, 1, 0, 2, -1, 0, 1, 0, 0, -1]
[0, 0, 1, 0, 2, 2, -2, 1, 1, 1, 0, 0, 0, -1, 0, 1, 1, 0, -1, 0, 0, 1]
[0, 1, 1, 0, 2, 2, -3, 1, 2, 1, 0, 0, 0, 1, -1, 1, 0, 0, 0, 0, 0, 0]
[0, -1, 2, 0, 1, 1, 0, -1, 1, 0, -1, 0, 0, -1, 1, 2, 0, 0, 0, 0, 0, 0]
[0, 0, 2, 0, 2, 1, -2, 0, 2, 0, -1, 0, 0, 1, 0, 2, -1, 0, 0, 0, 0, 0]
[0, 0, 1, 0, 1, 2, -1, 0, 1, 1, 0, 0, 0, -1, 0, 1, 1, 0, 0, 0, 0, 0]
[0, 0, 2, 0, 3, 3, -4, 0, 2, 1, -1, -1, 0, -1, 1, 1, 2, -1, -1, -1, -1, 1]
[0, 0, 1, 0, 0, 0, 1, 0, 1, 0, 0, 1, 0, 1, -1, 2, -2, 1, 1, 1, 1, -1]
[1, 0, 2, -1, 2, 3, -4, 1, 1, 1, 0, -1, 0, -1, 1, 0, 2, -1, -2, 0, -1, 1]
[-1, 0, 1, 1, 1, 0, 1, -1, 2, 0, -1, 1, 0, 1, -1, 3, -2, 1, 2, 0, 1, -1]
[0, 0, 2, -1, 2, 2, -2, -1, 2, 0, -1, -1, 0, -1, 1, 2, 0, 0, 0, -1, 0, 0]
[0, 0, 1, 1, 1, 1, -1, 1, 1, 1, 0, 1, 0, 1, -1, 1, 0, 0, 0, 1, 0, 0]
[1, -1, 1, 0, 0, 0, 0, 0, 1, 0, 0, 1, 0, 1, 0, 1, -1, 0, 1, 0, 0, 0]
[-1, 1, 2, 0, 3, 3, -3, 0, 2, 1, -1, -1, 0, -1, 0, 2, 1, 0, -1, 0, 0, 0]
[0, 0, 2, -1, 1, 2, -2, 1, 2, 0, 0, 0, 0, 1, 0, 1, 0, 0, 0, 0, -1, 0]
[0, 0, 1, 1, 2, 1, -1, -1, 1, 1, -1, 0, 0, -1, 0, 2, 0, 0, 0, 0, 1, 0]
[0, 0, 2, 0, 2, 2, -2, 0, 2, 0, -1, 0, 0, 1, 0, 1, 0, 1, 0, 0, 0, 0]
[0, 0, 1, 0, 1, 1, -1, 0, 1, 1, 0, 0, 0, -1, 0, 2, 0, -1, 0, 0, 0, 0]
[0, 0, 2, 0, 1, 1, -1, -1, 1, 0, -1, 0, 0, -1, 1, 2, 0, 0, 0, 0, 0, -1]
[0, 0, 1, 0, 2, 2, -2, 1, 2, 1, 0, 0, 0, 1, -1, 1, 0, 0, 0, 0, 0, 1]
[0, 0, 2, 0, 2, 2, -2, 1, 2, 1, 0, 0, 0, 1, -1, 1, 0, 0, -1, 1, 0, 1]
[0, 0, 1, 0, 1, 1, -1, -1, 1, 0, -1, 0, 0, -1, 1, 2, 0, 0, 1, -1, 0, -1]
[0, 1, 1, 0, 2, 2, -3, 1, 1, 1, 0, 0, 0, -1, 0, 1, 1, 0, -1, 0, 0, 0]
[0, -1, 2, 0, 1, 1, 0, -1, 2, 0, -1, 0, 0, 1, 0, 2, -1, 0, 1, 0, 0, 0]
[0, 0, 2, 0, 2, 1, -2, -1, 2, 0, -1, 0, 0, -1, 1, 2, 0, 0, 0, -1, 0, 0]
[0, 0, 1, 0, 1, 2, -1, 1, 1, 1, 0, 0, 0, 1, -1, 1, 0, 0, 0, 1, 0, 0]
[0, 0, 2, 0, 3, 3, -4, 1, 2, 1, -1, -1, 0, 1, 0, 1, 1, -1, -1, 0, -1, 1]
[0, 0, 1, 0, 0, 0, 1, -1, 1, 0, 0, 1, 0, -1, 0, 2, -1, 1, 1, 0, 1, -1]
[1, 0, 2, -1, 2, 3, -4, 1, 2, 1, 0, -1, 0, 1, 0, 0, 1, -1, -1, 0, -1, 1]
[-1, 0, 1, 1, 1, 0, 1, -1, 1, 0, -1, 1, 0, -1, 0, 3, -1, 1, 1, 0, 1, -1]
[0, 0, 2, -1, 2, 2, -2, 0, 2, 0, -1, -1, 0, 1, 0, 2, -1, 0, 0, 0, 0, 0]
[0, 0, 1, 1, 1, 1, -1, 0, 1, 1, 0, 1, 0, -1, 0, 1, 1, 0, 0, 0, 0, 0]
[1, -1, 1, 0, 0, 0, 0, 0, 0, 0, 0, 1, 0, -1, 1, 1, 0, 0, 0, 0, 0, 0]
[-1, 1, 2, 0, 3, 3, -3, 0, 3, 1, -1, -1, 0, 1, -1, 2, 0, 0, 0, 0, 0, 0]
[1, -1, 2, -1, 1, 2, -2, 1, 1, 0, 0, 0, 0, 0, 1, 0, 1, 0, -1, 0, -1, 1]
[-1, 1, 1, 1, 2, 1, -1, -1, 2, 1, -1, 0, 0, 0, -1, 3, -1, 0, 1, 0, 1, -1]
[0, 0, 2, 0, 2, 3, -3, 1, 2, 1, 0, 0, 0, 0, 0, 0, 2, 0, -1, 0, -1, 1]
[0, 0, 1, 0, 1, 0, 0, -1, 1, 0, -1, 0, 0, 0, 0, 3, -2, 0, 1, 0, 1, -1]
[1, 0, 1, 0, 1, 1, -2, 0, 1, 1, 0, 0, 0, 0, 0, 1, 0, -1, 0, 0, 0, 0]
[-1, 0, 2, 0, 2, 2, -1, 0, 2, 0, -1, 0, 0, 0, 0, 2, 0, 1, 0, 0, 0, 0]
[0, 0, 2, -1, 1, 2, -1, 0, 2, 0, 0, 0, 0, 0, 0, 1, 0, 1, 0, 0, 0, 0]
[0, 0, 1, 1, 2, 1, -2, 0, 1, 1, -1, 0, 0, 0, 0, 2, 0, -1, 0, 0, 0, 0]
[0, 0, 3, -1, 3, 3, -4, 0, 3, 0, -1, -1, 0, 0, 1, 1, 1, 0, -1, -1, -1, 1]
[0, 0, 0, 1, 0, 0, 1, 0, 0, 1, 0, 1, 0, 0, -1, 2, -1, 0, 1, 1, 1, -1]
[0, 1, 2, -1, 3, 4, -5, 2, 2, 1, 0, -1, 0, 0, 0, 0, 2, 0, -2, 0, -1, 1]
[0, -1, 1, 1, 0, -1, 2, -2, 1, 0, -1, 1, 0, 0, 0, 3, -2, 0, 2, 0, 1, -1]
[0, 0, 2, -1, 2, 3, -3, 0, 2, 0, -1, -1, 0, 0, 1, 1, 1, 0, 0, -1, -1, 0]
[0, 0, 1, 1, 1, 0, 0, 0, 1, 1, 0, 1, 0, 0, -1, 2, -1, 0, 0, 1, 1, 0]
[0, 0, 3, -1, 2, 3, -3, 0, 2, 0, -1, -1, 0, 0, 1, 1, 1, 0, -1, 0, -1, 0]
[0, 0, 0, 1, 1, 0, 0, 0, 1, 1, 0, 1, 0, 0, -1, 2, -1, 0, 1, 0, 1, 0]
[0, 0, 3, -1, 3, 3, -4, 0, 2, 0, -1, -1, 0, -1, 1, 1, 2, 0, -1, -1, -1, 0]
[0, 0, 0, 1, 0, 0, 1, 0, 1, 1, 0, 1, 0, 1, -1, 2, -2, 0, 1, 1, 1, 0]
[0, 1, 2, -1, 2, 3, -4, 0, 2, 0, -1, -1, 0, -1, 2, 1, 1, 0, -1, -1, -1, 0]
[0, -1, 1, 1, 1, 0, 1, 0, 1, 1, 0, 1, 0, 1, -2, 2, -1, 0, 1, 1, 1, 0]
[0, 0, 2, -1, 1, 2, -2, 1, 1, 0, 0, 0, 0, -1, 1, 1, 1, 0, -1, 0, -1, 0]
[0, 0, 1, 1, 2, 1, -1, -1, 2, 1, -1, 0, 0, 1, -1, 2, -1, 0, 1, 0, 1, 0]
[0, 0, 2, -1, 1, 2, -2, 0, 2, 0, 0, 0, 0, -1, 1, 1, 1, 0, 0, -1, -1, 0]
[0, 0, 1, 1, 2, 1, -1, 0, 1, 1, -1, 0, 0, 1, -1, 2, -1, 0, 0, 1, 1, 0]
[1, 0, 1, 0, 1, 1, -2, 1, 1, 1, 0, 0, 0, 1, -1, 1, 0, -1, 0, 0, 0, 1]
[-1, 0, 2, 0, 2, 2, -1, -1, 2, 0, -1, 0, 0, -1, 1, 2, 0, 1, 0, 0, 0, -1]
[0, 0, 2, -1, 0, 1, 0, -1, 1, -1, -1, 0, 0, -1, 1, 2, 0, 1, 1, -1, 0, -1]
[0, 0, 1, 1, 3, 2, -3, 1, 2, 2, 0, 0, 0, 1, -1, 1, 0, -1, -1, 1, 0, 1]
[1, -1, 2, 0, 1, 2, -2, 0, 1, 0, 0, 0, 0, -1, 1, 0, 2, 0, -1, 0, -1, 0]
[-1, 1, 1, 0, 2, 1, -1, 0, 2, 1, -1, 0, 0, 1, -1, 3, -2, 0, 1, 0, 1, 0]
[0, 0, 2, -1, 1, 2, -2, 0, 1, 0, -1, 0, 0, -1, 2, 1, 1, 0, 0, -1, -1, 0]
[0, 0, 1, 1, 2, 1, -1, 0, 2, 1, 0, 0, 0, 1, -2, 2, -1, 0, 0, 1, 1, 0]
[0, 0, 2, 0, 2, 2, -2, 0, 2, 0, 0, 0, 0, -1, 0, 1, 1, 1, -1, 0, 0, 0]
[0, 0, 1, 0, 1, 1, -1, 0, 1, 1, -1, 0, 0, 1, 0, 2, -1, -1, 1, 0, 0, 0]
[1, -1, 1, 1, 1, 1, -1, 0, 1, 1, 0, 0, 0, 1, -1, 1, 0, -1, 0, 1, 0, 0]
[-1, 1, 2, -1, 2, 2, -2, 0, 2, 0, -1, 0, 0, -1, 1, 2, 0, 1, 0, -1, 0, 0]
[0, 0, 2, 0, 3, 3, -4, 1, 2, 1, 0, 0, 0, -1, 1, 0, 2, 0, -2, 0, -1, 1]
[0, 0, 1, 0, 0, 0, 1, -1, 1, 0, -1, 0, 0, 1, -1, 3, -2, 0, 2, 0, 1, -1]
[1, 0, 2, -1, 1, 2, -3, 1, 1, 0, 0, 0, 0, -1, 1, 0, 2, 0, -1, -1, -1, 1]
[-1, 0, 1, 1, 2, 1, 0, -1, 2, 1, -1, 0, 0, 1, -1, 3, -2, 0, 1, 1, 1, -1]
[0, 0, 2, 0, 2, 2, -2, 0, 1, 0, -1, 0, 0, -1, 1, 1, 1, 1, -1, 0, 0, 0]
[0, 0, 1, 0, 1, 1, -1, 0, 2, 1, 0, 0, 0, 1, -1, 2, -1, -1, 1, 0, 0, 0]
[0, 0, 2, 0, 2, 2, -2, -1, 2, 0, -1, 0, 0, -1, 1, 1, 1, 1, 0, -1, 0, 0]
[0, 0, 1, 0, 1, 1, -1, 1, 1, 1, 0, 0, 0, 1, -1, 2, -1, -1, 0, 1, 0, 0]
[0, 1, 1, 0, 2, 2, -3, 0, 2, 1, -1, -1, 0, 1, 0, 2, -1, -1, 0, 0, 0, 0]
[0, -1, 2, 0, 1, 1, 0, 0, 1, 0, 0, 1, 0, -1, 0, 1, 1, 1, 0, 0, 0, 0]
[0, 0, 2, 0, 3, 2, -3, 0, 2, 1, -1, -1, 0, 1, -1, 2, 0, -1, 0, 0, 0, 0]
[0, 0, 1, 0, 0, 1, 0, 0, 1, 0, 0, 1, 0, -1, 1, 1, 0, 1, 0, 0, 0, 0]
[0, 1, 2, -1, 2, 3, -4, 1, 2, 1, 0, -1, 0, 0, 0, 1, 1, -1, -1, 0, -1, 0]
[0, -1, 1, 1, 1, 0, 1, -1, 1, 0, -1, 1, 0, 0, 0, 2, -1, 1, 1, 0, 1, 0]
[0, 0, 2, -1, 2, 2, -3, 0, 2, 0, -1, -1, 0, 0, 1, 2, 0, -1, 0, -1, -1, 0]
[0, 0, 1, 1, 1, 1, 0, 0, 1, 1, 0, 1, 0, 0, -1, 1, 0, 1, 0, 1, 1, 0]
[0, 0, 2, 0, 2, 2, -2, -1, 2, 0, -1, -1, 0, 0, 0, 2, 0, 0, 0, 0, 0, -1]
[0, 0, 1, 0, 1, 1, -1, 1, 1, 1, 0, 1, 0, 0, 0, 1, 0, 0, 0, 0, 0, 1]
[1, -1, 1, 1, 1, 1, -1, 1, 1, 1, 1, 1, 0, 0, -1, 0, 1, 0, -1, 1, 0, 1]
[-1, 1, 2, -1, 2, 2, -2, -1, 2, 0, -2, -1, 0, 0, 1, 3, -1, 0, 1, -1, 0, -1]
[0, 0, 2, 0, 3, 3, -4, 0, 2, 1, -1, -1, 0, 0, 1, 1, 1, -1, -1, 0, -1, 0]
[0, 0, 1, 0, 0, 0, 1, 0, 1, 0, 0, 1, 0, 0, -1, 2, -1, 1, 1, 0, 1, 0]
[1, 0, 2, -1, 1, 2, -3, 0, 1, 0, -1, -1, 0, 0, 1, 1, 1, -1, 0, -1, -1, 0]
[-1, 0, 1, 1, 2, 1, 0, 0, 2, 1, 0, 1, 0, 0, -1, 2, -1, 1, 0, 1, 1, 0]
[1, -1, 1, 0, -1, 0, 1, 0, 0, 0, 0, 1, 0, 0, 0, 1, 0, 0, 1, 0, 0, 0]
[-1, 1, 2, 0, 4, 3, -4, 0, 3, 1, -1, -1, 0, 0, 0, 2, 0, 0, -1, 0, 0, 0]
[0, 1, 2, -1, 2, 2, -3, 0, 2, 0, -1, -1, 0, 0, 0, 2, 0, 0, 0, -1, 0, 0]
[0, -1, 1, 1, 1, 1, 0, 0, 1, 1, 0, 1, 0, 0, 0, 1, 0, 0, 0, 1, 0, 0]
[1, 0, 2, 0, 3, 3, -5, 1, 2, 1, 0, -1, 0, 0, 0, 0, 2, -1, -2, 0, -1, 1]
[-1, 0, 1, 0, 0, 0, 2, -1, 1, 0, -1, 1, 0, 0, 0, 3, -2, 1, 2, 0, 1, -1]
[0, 1, 2, -1, 3, 3, -5, 1, 2, 1, -1, -1, 0, 0, 1, 1, 1, -1, -1, -1, -1, 1]
[0, -1, 1, 1, 0, 0, 2, -1, 1, 0, 0, 1, 0, 0, -1, 2, -1, 1, 1, 1, 1, -1]
[0, 1, 2, 0, 3, 3, -4, 0, 2, 1, -1, -1, 0, 0, 0, 1, 1, 0, -1, 0, 0, 0]
[0, -1, 1, 0, 0, 0, 1, 0, 1, 0, 0, 1, 0, 0, 0, 2, -1, 0, 1, 0, 0, 0]
[0, 0, 2, 0, 3, 2, -3, -1, 2, 0, -2, -1, 0, 0, 1, 2, 0, 0, 0, -1, 0, 0]
[0, 0, 1, 0, 0, 1, 0, 1, 1, 1, 1, 1, 0, 0, -1, 1, 0, 0, 0, 1, 0, 0]
[0, 0, 2, 1, 3, 2, -3, 0, 2, 1, -1, 0, 0, 0, 0, 1, 1, 0, -1, 0, 0, 1]
[0, 0, 1, -1, 0, 1, 0, 0, 1, 0, 0, 0, 0, 0, 0, 2, -1, 0, 1, 0, 0, -1]
[1, 0, 1, 0, 2, 2, -3, 1, 1, 1, 0, 0, 0, 0, 0, 0, 1, 0, -1, 0, 0, 1]
[-1, 0, 2, 0, 1, 1, 0, -1, 2, 0, -1, 0, 0, 0, 0, 3, -1, 0, 1, 0, 0, -1]
[0, 0, 2, 0, 2, 1, -1, -1, 2, 0, -1, 0, 0, 0, 0, 2, -1, 1, 0, 0, 1, 0]
[0, 0, 1, 0, 1, 2, -2, 1, 1, 1, 0, 0, 0, 0, 0, 1, 1, -1, 0, 0, -1, 0]
[1, -1, 2, -1, 0, 1, -1, 0, 1, 0, 0, 0, 0, 0, 1, 1, 0, -1, 0, 0, -1, 0]
[-1, 1, 1, 1, 3, 2, -2, 0, 2, 1, -1, 0, 0, 0, -1, 2, 0, 1, 0, 0, 1, 0]
[0, 1, 1, 0, 2, 2, -3, 1, 2, 1, 0, 0, 0, 0, 0, 1, 0, 0, -1, 0, 0, 1]
[0, -1, 2, 0, 1, 1, 0, -1, 1, 0, -1, 0, 0, 0, 0, 2, 0, 0, 1, 0, 0, -1]
[0, 0, 2, 0, 3, 2, -3, 1, 2, 1, 0, 0, 0, 0, -1, 1, 1, 0, -1, 0, 0, 1]
[0, 0, 1, 0, 0, 1, 0, -1, 1, 0, -1, 0, 0, 0, 1, 2, -1, 0, 1, 0, 0, -1]
[1, -1, 2, 0, 1, 1, -1, -1, 1, 0, -1, 0, 0, 0, 1, 1, 0, 0, 0, 0, 0, 0]
[-1, 1, 1, 0, 2, 2, -2, 1, 2, 1, 0, 0, 0, 0, -1, 2, 0, 0, 0, 0, 0, 0]
[0, 0, 2, -1, 1, 1, -1, 0, 2, 0, 0, 0, 0, 0, 0, 2, -1, 0, 0, 0, 0, 0]
[0, 0, 1, 1, 2, 2, -2, 0, 1, 1, -1, 0, 0, 0, 0, 1, 1, 0, 0, 0, 0, 0]
[1, 0, 1, 0, 1, 2, -3, 1, 1, 1, 0, 0, 0, 0, 1, 0, 1, -1, -1, 0, -1, 1]
[-1, 0, 2, 0, 2, 1, 0, -1, 2, 0, -1, 0, 0, 0, -1, 3, -1, 1, 1, 0, 1, -1]
[1, -1, 2, 0, 2, 2, -3, 1, 1, 1, 0, 0, 0, 0, 0, 0, 2, -1, -1, 0, -1, 1]
[-1, 1, 1, 0, 1, 1, 0, -1, 2, 0, -1, 0, 0, 0, 0, 3, -2, 1, 1, 0, 1, -1]
[1, 0, 1, -1, 1, 2, -3, 2, 1, 1, 1, 0, 0, 0, 0, 0, 1, -1, -1, 0, -1, 1]
[-1, 0, 2, 1, 2, 1, 0, -2, 2, 0, -2, 0, 0, 0, 0, 3, -1, 1, 1, 0, 1, -1]
[0, 0, 2, 0, 2, 2, -3, 1, 2, 1, 0, 0, 0, 0, 0, 1, 1, -1, -1, 0, -1, 1]
[0, 0, 1, 0, 1, 1, 0, -1, 1, 0, -1, 0, 0, 0, 0, 2, -1, 1, 1, 0, 1, -1]
[0, 0, 2, 0, 2, 2, -2, 1, 1, 1, 0, 0, 0, 0, -1, 1, 1, 0, -1, 1, 0, 0]
[0, 0, 1, 0, 1, 1, -1, -1, 2, 0, -1, 0, 0, 0, 1, 2, -1, 0, 1, -1, 0, 0]
[1, -1, 2, -1, 0, 0, 0, -1, 1, -1, -1, 0, 0, 0, 1, 2, -1, 0, 1, -1, 0, 0]
[-1, 1, 1, 1, 3, 3, -3, 1, 2, 2, 0, 0, 0, 0, -1, 1, 1, 0, -1, 1, 0, 0]
[0, 1, 1, 0, 1, 2, -2, 1, 1, 1, 0, 0, 0, 0, -1, 1, 1, 0, 0, 0, 0, 0]
[0, -1, 2, 0, 2, 1, -1, -1, 2, 0, -1, 0, 0, 0, 1, 2, -1, 0, 0, 0, 0, 0]
[1, 0, 1, 0, 1, 2, -2, 1, 1, 1, 1, 0, 0, 0, -1, 0, 1, 0, -1, 1, 0, 0]
[-1, 0, 2, 0, 2, 1, -1, -1, 2, 0, -2, 0, 0, 0, 1, 3, -1, 0, 1, -1, 0, 0]
[0, 0, 2, 0, 1, 1, -1, -1, 2, 0, -1, 0, 0, 0, 1, 2, -1, 0, 0, 0, 0, 0]
[0, 0, 1, 0, 2, 2, -2, 1, 1, 1, 0, 0, 0, 0, -1, 1, 1, 0, 0, 0, 0, 0]
[0, 0, 2, -1, 1, 1, -1, -1, 2, 0, -1, 0, 0, 0, 1, 2, -1, 0, 1, -1, 0, 0]
[0, 0, 1, 1, 2, 2, -2, 1, 1, 1, 0, 0, 0, 0, -1, 1, 1, 0, -1, 1, 0, 0]
[0, 0, 2, 0, 2, 2, -2, 0, 2, 1, 0, 0, 0, 0, -1, 1, 1, 0, 0, 0, 0, 0]
[0, 0, 1, 0, 1, 1, -1, 0, 1, 0, -1, 0, 0, 0, 1, 2, -1, 0, 0, 0, 0, 0]
[0, 0, 2, 1, 2, 2, -2, 0, 2, 1, 0, 0, 0, 0, -1, 1, 1, 0, -1, 1, 0, 0]
[0, 0, 1, -1, 1, 1, -1, 0, 1, 0, -1, 0, 0, 0, 1, 2, -1, 0, 1, -1, 0, 0]
[1, 0, 1, -1, 0, 1, -1, 0, 1, 0, 0, 0, 0, 0, 1, 1, -1, 0, 0, 0, 0, 0]
[-1, 0, 2, 1, 3, 2, -2, 0, 2, 1, -1, 0, 0, 0, -1, 2, 1, 0, 0, 0, 0, 0]
[0, 1, 1, -1, 0, 1, -1, 0, 1, 0, -1, 0, 0, 0, 1, 2, -1, 0, 1, -1, 0, 0]
[0, -1, 2, 1, 3, 2, -2, 0, 2, 1, 0, 0, 0, 0, -1, 1, 1, 0, -1, 1, 0, 0]
[1, -1, 2, 0, 1, 1, -1, 0, 1, 0, 0, 0, 0, 0, -1, 1, 1, 0, 0, 0, 0, 0]
[-1, 1, 1, 0, 2, 2, -2, 0, 2, 1, -1, 0, 0, 0, 1, 2, -1, 0, 0, 0, 0, 0]
[0, 0, 2, -1, 1, 1, -1, 0, 1, 0, -1, 0, 0, 0, 1, 2, -1, 0, 0, 0, 0, 0]
[0, 0, 1, 1, 2, 2, -2, 0, 2, 1, 0, 0, 0, 0, -1, 1, 1, 0, 0, 0, 0, 0]
[0, 1, 1, -1, 1, 2, -2, 1, 1, 1, 0, 0, 0, 0, 0, 1, 0, 0, 0, 0, 0, 0]
[0, -1, 2, 1, 2, 1, -1, -1, 2, 0, -1, 0, 0, 0, 0, 2, 0, 0, 0, 0, 0, 0]
[0, 1, 1, 0, 1, 2, -2, 1, 1, 1, 0, 0, 0, 0, 0, 1, 0, 0, -1, 1, 0, 0]
[0, -1, 2, 0, 2, 1, -1, -1, 2, 0, -1, 0, 0, 0, 0, 2, 0, 0, 1, -1, 0, 0]
[1, -1, 2, 0, 1, 1, -1, -1, 2, 0, 0, 0, 0, 0, 0, 1, 0, 0, 0, 0, 0, 0]
[-1, 1, 1, 0, 2, 2, -2, 1, 1, 1, -1, 0, 0, 0, 0, 2, 0, 0, 0, 0, 0, 0]
[0, 0, 2, 0, 1, 1, -1, -1, 2, 0, -1, 0, 0, 0, 0, 2, 0, 0, 1, -1, 0, 0]
[0, 0, 1, 0, 2, 2, -2, 1, 1, 1, 0, 0, 0, 0, 0, 1, 0, 0, -1, 1, 0, 0]
[1, 0, 1, -1, 0, 1, -1, 1, 0, 0, 0, 0, 0, 0, 0, 1, 0, 0, 0, 0, 0, 0]
[-1, 0, 2, 1, 3, 2, -2, -1, 3, 1, -1, 0, 0, 0, 0, 2, 0, 0, 0, 0, 0, 0]
[0, 1, 0, 0, 1, 2, -2, 1, 1, 1, 0, 0, 0, 0, 0, 1, 0, 0, 0, 0, 0, 0]
[0, -1, 3, 0, 2, 1, -1, -1, 2, 0, -1, 0, 0, 0, 0, 2, 0, 0, 0, 0, 0, 0]
[1, -1, 1, 0, 1, 1, -1, 0, 1, 0, 0, 0, 0, 0, 0, 1, 0, 0, 0, 0, 0, 0]
[-1, 1, 2, 0, 2, 2, -2, 0, 2, 1, -1, 0, 0, 0, 0, 2, 0, 0, 0, 0, 0, 0]
[0, 0, 2, 0, 2, 2, -2, 0, 2, 1, 0, 0, 0, 0, 0, 1, 0, 0, -1, 1, 0, 0]
[0, 0, 1, 0, 1, 1, -1, 0, 1, 0, -1, 0, 0, 0, 0, 2, 0, 0, 1, -1, 0, 0]
[1, 0, 1, 0, 0, 1, -1, 0, 1, 0, 0, 0, 0, 0, 0, 1, 0, 0, 0, 0, 0, 0]
[-1, 0, 2, 0, 3, 2, -2, 0, 2, 1, -1, 0, 0, 0, 0, 2, 0, 0, 0, 0, 0, 0]
[1, 0, 1, -1, 0, 1, -1, 0, 1, 0, 0, 0, 0, 0, 0, 1, 0, 0, 1, -1, 0, 0]
[-1, 0, 2, 1, 3, 2, -2, 0, 2, 1, -1, 0, 0, 0, 0, 2, 0, 0, -1, 1, 0, 0]
[1, 0, 2, -1, 0, 1, -1, 0, 1, 0, 0, 0, 0, 0, 0, 1, 0, 0, 0, 0, 0, 0]
[-1, 0, 1, 1, 3, 2, -2, 0, 2, 1, -1, 0, 0, 0, 0, 2, 0, 0, 0, 0, 0, 0]
[0, 1, 1, 0, 1, 2, -2, 0, 2, 1, 0, 0, 0, 0, 0, 1, 0, 0, 0, 0, 0, 0]
[0, -1, 2, 0, 2, 1, -1, 0, 1, 0, -1, 0, 0, 0, 0, 2, 0, 0, 0, 0, 0, 0]
[0, 0, 2, -1, 1, 1, -1, 0, 1, 0, -1, 0, 0, 0, 0, 2, 0, 0, 1, -1, 0, 0]
[0, 0, 1, 1, 2, 2, -2, 0, 2, 1, 0, 0, 0, 0, 0, 1, 0, 0, -1, 1, 0, 0]
[0, 0, 2, 0, 1, 1, -1, 0, 1, 0, -1, 0, 0, 0, 0, 2, 0, 0, 0, 0, 0, 0]
[0, 0, 1, 0, 2, 2, -2, 0, 2, 1, 0, 0, 0, 0, 0, 1, 0, 0, 0, 0, 0, 0]
[1, -1, 2, 0, 1, 1, -1, 0, 1, 0, 0, 0, 0, 0, 0, 1, 0, 0, -1, 1, 0, 0]
[-1, 1, 1, 0, 2, 2, -2, 0, 2, 1, -1, 0, 0, 0, 0, 2, 0, 0, 1, -1, 0, 0]
[1, -1, 2, -1, 1, 1, -1, 0, 1, 0, 0, 0, 0, 0, 0, 1, 0, 0, 0, 0, 0, 0]
[-1, 1, 1, 1, 2, 2, -2, 0, 2, 1, -1, 0, 0, 0, 0, 2, 0, 0, 0, 0, 0, 0]

################
# DISCRIMINANT #
################

We did not manage to compute the discriminant.
The restriction of the discriminant to the line we chose had 5 components of degree 1, 3 components of degree 2, 1 component of degree 5, and 1 component of degree 10.
The equation of the line we chose is:
(-11*x^4 - 9*x^3*y - x^2*y^2 - 6*x*y^3 + 4*y^4 - 2*x^2*z^2 + 13*x*y*z^2 - 9*y^2*z^2 + 5*z^4 - 3*z^3*w - 2*x^2*w^2 + 13*x*y*w^2 - 9*y^2*w^2 + 7*z^2*w^2 + 3*z*w^3 + 5*w^4)*t - 41*x^4 - 28*x^3*y + 68*x^2*y^2 - 10*x*y^3 + 31*y^4 + 64*x^2*z^2 + 70*x*y*z^2 + 4*y^2*z^2 - 89*z^4 - 20*z^3*w + 64*x^2*w^2 + 70*x*y*w^2 + 4*y^2*w^2 + 95*z^2*w^2 + 20*z*w^3 - 89*w^4

#############
# MONODROMY #
#############


Generators of the monodromy group on the second homology group:
[[1, 0, 0, 0, 0, 0, 0, 0, 0, 0, 0, 0, 0, 0, 0, 0, 0, 0, 0, 0, 0, 0], [0, 1, 0, 0, 0, 0, 0, 0, 0, 0, 0, 0, 0, 0, 0, 0, 0, 0, 0, 0, 0, 0], [0, 0, 1, 0, 0, 0, 0, 0, 0, 0, 0, 0, 0, 0, 0, 0, 0, -1, 0, 0, 1, 0], [0, 0, 0, 1, 0, 0, 0, 0, 0, 0, 0, 0, 0, 0, 0, 0, 0, 1, 0, 0, -1, 0], [0, 0, 0, 0, 1, 0, 0, 0, 0, 0, 0, 0, 0, 0, 0, 0, 0, 0, 0, 0, 0, 0], [0, 0, 0, 0, 0, 1, 0, 0, 0, 0, 0, 0, 0, 0, 0, 0, 0, -1, 0, 0, 1, 0], [0, 0, 0, 0, 0, 0, 1, 0, 0, 0, 0, 0, 0, 0, 0, 0, 0, 1, 0, 0, -1, 0], [0, 0, 0, 0, 0, 0, 0, 0, 0, 1, 1, 0, 0, 0, 0, 0, 0, 0, 0, -1, 0, 0], [0, 0, 0, 0, 0, 0, 0, 0, 0, 0, 0, 0, 0, 0, 0, 1, 0, 0, -1, 0, 0, 0], [0, 0, 0, 0, 0, 0, 0, 0, 0, 1, 0, 0, 0, 0, 0, 0, 0, 1, 0, 0, -1, 0], [0, 0, 0, 0, 0, 0, 0, 0, 0, 0, 1, 0, 0, 0, 0, 0, 0, 0, 0, 0, 0, 0], [0, 0, 0, 0, 0, 0, 0, 0, 0, 0, 0, 1, 0, 0, 0, 0, 0, 0, 0, 0, 0, 0], [0, 0, 0, 0, 0, 0, 0, -1, -1, 1, 1, 0, 0, 1, 0, 1, 0, 1, -1, -1, -1, 0], [0, 0, 0, 0, 0, 0, 0, -1, -1, 1, 1, 0, 1, 0, 0, 1, 0, 1, -1, -1, -1, 0], [0, 0, 0, 0, 0, 0, 0, 1, 1, -1, -1, 0, 0, 0, 1, -1, 0, -2, 1, 1, 2, 0], [0, 0, 0, 0, 0, 0, 0, 0, 0, 0, 0, 0, 0, 0, 0, 1, 0, 1, 0, 0, -1, 0], [0, 0, 0, 0, 0, 0, 0, 1, 1, -1, -1, 0, 0, 0, 0, -1, 1, -2, 1, 1, 2, 0], [0, 0, 0, 0, 0, 0, 0, 0, 0, 0, 0, 0, 0, 0, 0, 0, 0, 0, 0, 0, 1, 0], [0, 0, 0, 0, 0, 0, 0, 0, -1, 0, 0, 0, 0, 0, 0, 1, 0, 1, 0, 0, -1, 0], [0, 0, 0, 0, 0, 0, 0, -1, 0, 1, 1, 0, 0, 0, 0, 0, 0, 1, 0, 0, -1, 0], [0, 0, 0, 0, 0, 0, 0, 0, 0, 0, 0, 0, 0, 0, 0, 0, 0, 1, 0, 0, 0, 0], [0, 0, 0, 0, 0, 0, 0, 0, 0, 0, 0, 0, 0, 0, 0, 0, 0, 0, 0, 0, 0, 1]]
[[1, 0, 0, 0, 0, 0, 0, 0, 0, 0, 0, 0, 0, 0, 0, 0, 0, 0, 0, 0, 0, 0], [0, 1, 0, 0, 0, 0, 0, 0, 0, 0, 0, 0, 0, 0, 0, 0, 0, 0, 0, 0, 0, 0], [0, 0, 1, 0, 0, 0, 0, 0, 0, 0, 0, 0, 0, 0, 0, 0, 0, 0, 0, 0, 0, 0], [0, 0, 0, 1, 0, 0, 0, 0, 0, 0, 0, 0, 0, 0, 0, 0, 0, 0, 0, 0, 0, 0], [0, 0, 0, 0, 1, 0, 0, 0, 0, 0, 0, 0, 0, 0, 0, 0, 0, 0, 0, 0, 0, 0], [0, 0, 0, 0, 0, 1, 0, 0, 0, 0, 0, 0, 0, 0, 0, 0, 0, 0, 0, 0, 0, 0], [0, 0, 0, 0, 0, 0, 1, 0, 0, 0, 0, 0, 0, 0, 0, 0, 0, 0, 0, 0, 0, 0], [0, 0, 0, 0, 0, 0, 0, 1, 0, 0, 0, 0, 0, 0, 0, 0, 0, 0, 0, 0, 0, 0], [0, 0, 0, 0, 0, 0, 0, 0, 1, 0, 0, 0, 0, 0, 0, 0, 0, 0, 0, 0, 0, 0], [0, 0, 0, 0, 0, 0, 0, 0, 0, 1, 0, 0, 0, 0, 0, 0, 0, 0, 0, 0, 0, 0], [0, 0, 0, 0, 0, 0, 0, 0, 0, 0, 1, 0, 0, 0, 0, 0, 0, 0, 0, 0, 0, 0], [0, 0, 0, 0, 0, 0, 0, 0, 0, 0, 0, 1, 0, 0, 0, 0, 0, 0, 0, 0, 0, 0], [0, 0, 0, 0, 0, 0, 0, 0, 0, 0, 0, 0, 1, 0, 0, 0, 0, 0, 0, 0, 0, 0], [0, 0, 0, 0, 0, 0, 0, 0, 0, 0, 0, 0, 0, 1, 0, 0, 0, 0, 0, 0, 0, 0], [0, 0, 0, 0, 0, 0, 0, 0, 0, 0, 0, 0, 0, 0, 1, 0, 0, 0, 0, 0, 0, 0], [0, 0, 0, 0, 0, 0, 0, 0, 0, 0, 0, 0, 0, 0, 0, 1, 0, 0, 0, 0, 0, 0], [0, 0, 0, 0, 0, 0, 0, 0, 0, 0, 0, 0, 0, 0, 0, 0, 1, 0, 0, 0, 0, 0], [0, 0, 0, 0, 0, 0, 0, 0, 0, 0, 0, 0, 0, 0, 0, 0, 0, 1, 0, 0, 0, 0], [0, 0, 0, 0, 0, 0, 0, 0, 0, 0, 0, 0, 0, 0, 0, 0, 0, 0, 1, 0, 0, 0], [0, 0, 0, 0, 0, 0, 0, 0, 0, 0, 0, 0, 0, 0, 0, 0, 0, 0, 0, 1, 0, 0], [0, 0, 0, 0, 0, 0, 0, 0, 0, 0, 0, 0, 0, 0, 0, 0, 0, 0, 0, 0, 1, 0], [0, 0, 0, 0, 0, 0, 0, 0, 0, 0, 0, 0, 0, 0, 0, 0, 0, 0, 0, 0, 0, 1]]
[[1, 0, 0, 0, 0, 0, 0, 0, 0, 0, 0, 0, 0, 0, 0, 0, 0, 0, 0, 0, 0, 0], [0, 1, 0, 0, 0, 0, 0, 0, 0, 0, 0, 0, 0, 0, 0, 0, 0, 0, 0, 0, 0, 0], [0, 0, 1, 0, 0, 0, 0, 0, 0, 0, 0, 0, 0, 0, 0, 0, 0, 0, 0, 0, 0, 0], [0, 0, 0, 1, 0, 0, 0, 0, 0, 0, 0, 0, 0, 0, 0, 0, 0, 0, 0, 0, 0, 0], [0, 0, 0, 0, 1, 0, 0, 0, 0, 0, 0, 0, 0, 0, 0, 0, 0, 0, 0, 0, 0, 0], [0, 0, 0, 0, 0, 1, 0, 0, 0, 0, 0, 0, 0, 0, 0, 0, 0, 0, 0, 0, 0, 0], [0, 0, 0, 0, 0, 0, 1, 0, 0, 0, 0, 0, 0, 0, 0, 0, 0, 0, 0, 0, 0, 0], [0, 0, 0, 0, 0, 0, 0, 1, 0, 0, 0, 0, 0, 0, 0, 0, 0, 0, 0, 0, 0, 0], [0, 0, 0, 0, 0, 0, 0, 0, 1, 0, 0, 0, 0, 0, 0, 0, 0, 0, 0, 0, 0, 0], [0, 0, 0, 0, 0, 0, 0, 0, 0, 1, 0, 0, 0, 0, 0, 0, 0, 0, 0, 0, 0, 0], [0, 0, 0, 0, 0, 0, 0, 0, 0, 0, 1, 0, 0, 0, 0, 0, 0, 0, 0, 0, 0, 0], [0, 0, 0, 0, 0, 0, 0, 0, 0, 0, 0, 1, 0, 0, 0, 0, 0, 0, 0, 0, 0, 0], [0, 0, 0, 0, 0, 0, 0, 0, 0, 0, 0, 0, 1, 0, 0, 0, 0, 0, 0, 0, 0, 0], [0, 0, 0, 0, 0, 0, 0, 0, 0, 0, 0, 0, 0, 1, 0, 0, 0, 0, 0, 0, 0, 0], [0, 0, 0, 0, 0, 0, 0, 0, 0, 0, 0, 0, 0, 0, 1, 0, 0, 0, 0, 0, 0, 0], [0, 0, 0, 0, 0, 0, 0, 0, 0, 0, 0, 0, 0, 0, 0, 1, 0, 0, 0, 0, 0, 0], [0, 0, 0, 0, 0, 0, 0, 0, 0, 0, 0, 0, 0, 0, 0, 0, 1, 0, 0, 0, 0, 0], [0, 0, 0, 0, 0, 0, 0, 0, 0, 0, 0, 0, 0, 0, 0, 0, 0, 1, 0, 0, 0, 0], [0, 0, 0, 0, 0, 0, 0, 0, 0, 0, 0, 0, 0, 0, 0, 0, 0, 0, 1, 0, 0, 0], [0, 0, 0, 0, 0, 0, 0, 0, 0, 0, 0, 0, 0, 0, 0, 0, 0, 0, 0, 1, 0, 0], [0, 0, 0, 0, 0, 0, 0, 0, 0, 0, 0, 0, 0, 0, 0, 0, 0, 0, 0, 0, 1, 0], [0, 0, 0, 0, 0, 0, 0, 0, 0, 0, 0, 0, 0, 0, 0, 0, 0, 0, 0, 0, 0, 1]]
[[1, 0, 0, 0, 0, 0, 0, 0, 0, 0, 0, 0, 0, 0, 0, 0, 0, 0, 0, 0, 0, 0], [-1, -1, 1, 1, -2, -1, -1, 1, 1, 2, -1, -2, -1, -1, 0, -1, -1, 1, 1, 0, 0, 0], [0, -1, 1, 0, -1, 0, 0, 1, 0, 2, -1, -1, 0, 0, 0, 0, 0, 1, 0, 0, 0, -1], [0, 1, 0, 1, 1, 0, 0, 0, 0, -2, 1, 1, 0, 0, 0, 0, 0, -1, 0, 0, 0, 0], [-2, -4, 2, 2, -3, -2, -2, 4, 2, 4, -2, -4, -2, -2, 0, -2, -2, 2, 2, 0, 0, -2], [-2, -4, 2, 2, -4, -1, -2, 3, 2, 4, -2, -4, -2, -2, 0, -2, -2, 2, 2, 0, 0, -1], [3, 7, -3, -3, 7, 3, 4, -5, -3, -8, 4, 7, 3, 3, 0, 3, 3, -4, -3, 0, 0, 2], [-1, -2, 1, 1, -2, -1, -1, 1, 1, 2, -1, -2, -1, -1, 0, -1, -1, 1, 1, 0, 0, 1], [0, -1, 0, 0, -1, 0, 0, 1, 1, 2, -1, -1, 0, 0, 0, 0, 0, 1, 0, 0, 0, -1], [-1, -1, 1, 1, -1, -1, -1, 1, 1, 1, 0, -1, -1, -1, 0, -1, -1, 0, 1, 0, 0, 0], [0, 0, 0, 0, 0, 0, 0, -1, 0, 0, 1, 0, 0, 0, 0, 0, 0, 0, 0, 0, 0, 1], [1, 2, -1, -1, 2, 1, 1, -2, -1, -2, 1, 3, 1, 1, 0, 1, 1, -1, -1, 0, 0, 1], [1, 3, -1, -1, 3, 2, 2, -2, -1, -4, 2, 3, 2, 2, 1, 1, 2, -3, 0, 1, 1, 1], [1, 2, -1, -1, 2, 1, 1, -2, -1, -2, 1, 2, 1, 2, 0, 1, 1, -1, -1, 0, 0, 1], [-1, -4, 1, 1, -4, -2, -2, 3, 1, 6, -3, -4, -1, -2, 0, -1, -2, 4, 0, -1, -1, -2], [1, 2, -1, -1, 2, 1, 1, -1, -1, -2, 1, 2, 1, 1, 0, 2, 1, -1, -1, 0, 0, 0], [-3, -7, 3, 3, -7, -4, -4, 5, 3, 8, -4, -7, -3, -4, -1, -3, -3, 5, 2, -1, -1, -2], [0, 0, 0, 0, 0, 0, 0, 0, 0, 0, 0, 0, 0, 0, 0, 0, 0, 1, 0, 0, 0, 0], [2, 4, -2, -2, 4, 2, 2, -3, -2, -4, 2, 4, 2, 2, 0, 2, 2, -2, -1, 0, 0, 1], [0, 1, 0, 0, 1, 0, 0, -1, 0, -2, 1, 1, 0, 0, 0, 0, 0, -1, 0, 1, 0, 1], [0, 1, 0, 0, 1, 0, 0, 0, 0, -2, 1, 1, 0, 0, 0, 0, 0, -1, 0, 0, 1, 0], [-1, -2, 1, 1, -2, -1, -1, 2, 1, 2, -1, -2, -1, -1, 0, -1, -1, 1, 1, 0, 0, 0]]
[[1, 0, 0, 0, 0, 0, 0, 0, 0, 0, 0, 0, 0, 0, 0, 0, 0, 0, 0, 0, 0, 0], [0, 1, 0, 0, 0, 0, 0, 0, 0, 0, 0, 0, 0, 0, 0, 0, 0, 0, 0, 0, 0, 0], [0, 0, 1, 0, 0, 0, 0, 0, 0, 0, 0, 0, 0, 0, 0, 0, 0, 0, 0, 0, 0, 0], [0, 0, 0, 1, 0, 0, 0, 0, 0, 0, 0, 0, 0, 0, 0, 0, 0, 0, 0, 0, 0, 0], [0, 0, 0, 0, 1, 0, 0, 0, 0, 0, 0, 0, 0, 0, 0, 0, 0, 0, 0, 0, 0, 0], [0, 0, 0, 0, 0, 1, 0, 0, 0, 0, 0, 0, 0, 0, 0, 0, 0, 0, 0, 0, 0, 0], [0, 0, 0, 0, 0, 0, 1, 0, 0, 0, 0, 0, 0, 0, 0, 0, 0, 0, 0, 0, 0, 0], [0, 0, 0, 0, 0, 0, 0, 1, 0, 0, 0, 0, 0, 0, 0, 0, 0, 0, 0, 0, 0, 0], [0, 0, 0, 0, 0, 0, 0, 0, 1, 0, 0, 0, 0, 0, 0, 0, 0, 0, 0, 0, 0, 0], [0, 0, 0, 0, 0, 0, 0, 0, 0, 1, 0, 0, 0, 0, 0, 0, 0, 0, 0, 0, 0, 0], [0, 0, 0, 0, 0, 0, 0, 0, 0, 0, 1, 0, 0, 0, 0, 0, 0, 0, 0, 0, 0, 0], [0, 0, 0, 0, 0, 0, 0, 0, 0, 0, 0, 1, 0, 0, 0, 0, 0, 0, 0, 0, 0, 0], [0, 0, 0, 0, 0, 0, 0, 0, 0, 0, 0, 0, 1, 0, 0, 0, 0, 0, 0, 0, 0, 0], [0, 0, 0, 0, 0, 0, 0, 0, 0, 0, 0, 0, 0, 1, 0, 0, 0, 0, 0, 0, 0, 0], [0, 0, 0, 0, 0, 0, 0, 0, 0, 0, 0, 0, 0, 0, 1, 0, 0, 0, 0, 0, 0, 0], [0, 0, 0, 0, 0, 0, 0, 0, 0, 0, 0, 0, 0, 0, 0, 1, 0, 0, 0, 0, 0, 0], [0, 0, 0, 0, 0, 0, 0, 0, 0, 0, 0, 0, 0, 0, 0, 0, 1, 0, 0, 0, 0, 0], [0, 0, 0, 0, 0, 0, 0, 0, 0, 0, 0, 0, 0, 0, 0, 0, 0, 1, 0, 0, 0, 0], [0, 0, 0, 0, 0, 0, 0, 0, 0, 0, 0, 0, 0, 0, 0, 0, 0, 0, 1, 0, 0, 0], [0, 0, 0, 0, 0, 0, 0, 0, 0, 0, 0, 0, 0, 0, 0, 0, 0, 0, 0, 1, 0, 0], [0, 0, 0, 0, 0, 0, 0, 0, 0, 0, 0, 0, 0, 0, 0, 0, 0, 0, 0, 0, 1, 0], [0, 0, 0, 0, 0, 0, 0, 0, 0, 0, 0, 0, 0, 0, 0, 0, 0, 0, 0, 0, 0, 1]]
[[1, 0, 0, 0, 0, 0, 0, 0, 0, 0, 0, 0, 0, 0, 0, 0, 0, 0, 0, 0, 0, 0], [-1, -1, 1, 1, -2, -1, -1, 1, 0, 2, -1, -2, -1, -1, 0, 0, -1, 2, 0, 0, -1, 0], [0, 0, 1, 0, 0, 0, 0, 0, 0, 1, 1, 0, 0, 0, 0, 0, 0, 0, 0, -1, 0, -1], [0, 0, 0, 1, 0, 0, 0, 0, 0, 0, 0, 0, 0, 0, 0, 0, 0, 0, 0, 0, 0, 0], [-2, -4, 2, 2, -3, -2, -2, 2, 0, 6, 0, -4, -2, -2, 0, 0, -2, 4, 0, -2, -2, -2], [-2, -3, 2, 2, -3, -1, -2, 2, 0, 3, 0, -3, -2, -2, 0, 0, -2, 2, 0, -1, -1, -1], [3, 6, -3, -3, 6, 3, 4, -3, 0, -8, 1, 6, 3, 3, 0, 0, 3, -6, 0, 2, 3, 2], [-1, -2, 1, 1, -2, -1, -1, 2, 0, 2, -1, -2, -1, -1, 0, 0, -1, 2, 0, 0, -1, 0], [-1, -2, 1, 1, -2, -1, -1, 1, 1, 3, 0, -2, -1, -1, 0, 0, -1, 2, 0, -1, -1, -1], [-1, -2, 1, 1, -2, -1, -1, 1, 0, 3, -1, -2, -1, -1, 0, 0, -1, 2, 0, 0, -1, 0], [0, 0, 0, 0, 0, 0, 0, 0, 0, -1, 0, 0, 0, 0, 0, 0, 0, 0, 0, 1, 0, 1], [1, 2, -1, -1, 2, 1, 1, -1, 0, -3, 0, 3, 1, 1, 0, 0, 1, -2, 0, 1, 1, 1], [0, 0, 0, 0, 0, 0, 0, 0, 0, 0, 0, 0, 1, 0, 0, 0, 0, 0, 0, 0, 0, 0], [0, 1, 0, 0, 1, 1, 1, 0, 0, -2, 1, 1, 1, 1, 1, 0, 1, -2, 1, 1, 1, 0], [0, -1, 0, 0, -1, -1, -1, 0, 0, 3, 0, -1, -1, 0, 0, 0, -1, 2, -1, -2, -1, -1], [1, 1, -1, -1, 1, 1, 1, -1, 0, 0, 0, 1, 1, 1, 0, 1, 1, 0, 0, 0, 0, 0], [-2, -4, 2, 2, -4, -3, -3, 2, 0, 5, -1, -4, -3, -2, -1, 0, -2, 4, -1, -2, -2, -1], [0, 1, 0, 0, 1, 0, 0, 0, 0, -2, 1, 1, 0, 0, 0, 0, 0, -1, 0, 0, 1, 0], [1, 2, -1, -1, 2, 1, 1, -1, 0, -3, 0, 2, 1, 1, 0, 0, 1, -2, 1, 1, 1, 1], [0, 0, 0, 0, 0, 0, 0, 0, 0, 0, 0, 0, 0, 0, 0, 0, 0, 0, 0, 1, 0, 0], [0, 0, 0, 0, 0, 0, 0, 0, 0, 0, 0, 0, 0, 0, 0, 0, 0, 0, 0, 0, 1, 0], [-1, -2, 1, 1, -2, -1, -1, 1, 0, 3, 0, -2, -1, -1, 0, 0, -1, 2, 0, -1, -1, 0]]
[[1, 0, 0, 0, 0, 0, 0, 0, 0, 0, 0, 0, 0, 0, 0, 0, 0, 0, 0, 0, 0, 0], [0, 1, 0, 0, 0, 0, 0, 0, 0, 0, 0, 0, 0, 0, 0, 0, 0, 0, 0, 0, 0, 0], [0, 0, 1, 0, 0, 0, 0, 0, 0, 0, 0, 0, 0, 0, 0, 0, 0, 0, 0, 0, 0, 0], [0, 0, 0, 1, 0, 0, 0, 0, 0, 0, 0, 0, 0, 0, 0, 0, 0, 0, 0, 0, 0, 0], [0, 0, 0, 0, 1, 0, 0, 0, 0, 0, 0, 0, 0, 0, 0, 0, 0, 0, 0, 0, 0, 0], [0, 0, 0, 0, 0, 1, 0, 0, 0, 0, 0, 0, 0, 0, 0, 0, 0, 0, 0, 0, 0, 0], [0, 0, 0, 0, 0, 0, 1, 0, 0, 0, 0, 0, 0, 0, 0, 0, 0, 0, 0, 0, 0, 0], [0, 0, 0, 0, 0, 0, 0, 1, 0, 0, 0, 0, 0, 0, 0, 0, 0, 0, 0, 0, 0, 0], [0, 0, 0, 0, 0, 0, 0, 0, 1, 0, 0, 0, 0, 0, 0, 0, 0, 0, 0, 0, 0, 0], [0, 0, 0, 0, 0, 0, 0, 0, 0, 1, 0, 0, 0, 0, 0, 0, 0, 0, 0, 0, 0, 0], [0, 0, 0, 0, 0, 0, 0, 0, 0, 0, 1, 0, 0, 0, 0, 0, 0, 0, 0, 0, 0, 0], [0, 0, 0, 0, 0, 0, 0, 0, 0, 0, 0, 1, 0, 0, 0, 0, 0, 0, 0, 0, 0, 0], [0, 0, 0, 0, 0, 0, 0, 0, 0, 0, 0, 0, 1, 0, 0, 0, 0, 0, 0, 0, 0, 0], [0, 0, 0, 0, 0, 0, 0, 0, 0, 0, 0, 0, 0, 1, 0, 0, 0, 0, 0, 0, 0, 0], [0, 0, 0, 0, 0, 0, 0, 0, 0, 0, 0, 0, 0, 0, 1, 0, 0, 0, 0, 0, 0, 0], [0, 0, 0, 0, 0, 0, 0, 0, 0, 0, 0, 0, 0, 0, 0, 1, 0, 0, 0, 0, 0, 0], [0, 0, 0, 0, 0, 0, 0, 0, 0, 0, 0, 0, 0, 0, 0, 0, 1, 0, 0, 0, 0, 0], [0, 0, 0, 0, 0, 0, 0, 0, 0, 0, 0, 0, 0, 0, 0, 0, 0, 1, 0, 0, 0, 0], [0, 0, 0, 0, 0, 0, 0, 0, 0, 0, 0, 0, 0, 0, 0, 0, 0, 0, 1, 0, 0, 0], [0, 0, 0, 0, 0, 0, 0, 0, 0, 0, 0, 0, 0, 0, 0, 0, 0, 0, 0, 1, 0, 0], [0, 0, 0, 0, 0, 0, 0, 0, 0, 0, 0, 0, 0, 0, 0, 0, 0, 0, 0, 0, 1, 0], [0, 0, 0, 0, 0, 0, 0, 0, 0, 0, 0, 0, 0, 0, 0, 0, 0, 0, 0, 0, 0, 1]]
[[1, 0, 0, 0, 0, 0, 0, 0, 0, 0, 0, 0, 0, 0, 0, 0, 0, 0, 0, 0, 0, 0], [0, 1, 0, 0, 0, 0, 0, 0, 0, 0, 0, 0, 0, 0, 0, 0, 0, 0, 0, 0, 0, 0], [0, 0, 1, 0, 0, 0, 0, 0, 0, 0, 0, 0, 0, 0, 0, 0, 0, 0, 0, 0, 0, 0], [0, 0, 0, 1, 0, 0, 0, 0, 0, 0, 0, 0, 0, 0, 0, 0, 0, 0, 0, 0, 0, 0], [0, 0, 0, 0, 1, 0, 0, 0, 0, 0, 0, 0, 0, 0, 0, 0, 0, 0, 0, 0, 0, 0], [0, 0, 0, 0, 0, 1, 0, 0, 0, 0, 0, 0, 0, 0, 0, 0, 0, 0, 0, 0, 0, 0], [0, 0, 0, 0, 0, 0, 1, 0, 0, 0, 0, 0, 0, 0, 0, 0, 0, 0, 0, 0, 0, 0], [0, 0, 0, 0, 0, 0, 0, 1, 0, 0, 0, 0, 0, 0, 0, 0, 0, 0, 0, 0, 0, 0], [0, 0, 0, 0, 0, 0, 0, 0, 1, 0, 0, 0, 0, 0, 0, 0, 0, 0, 0, 0, 0, 0], [0, 0, 0, 0, 0, 0, 0, 0, 0, 1, 0, 0, 0, 0, 0, 0, 0, 0, 0, 0, 0, 0], [0, 0, 0, 0, 0, 0, 0, 0, 0, 0, 1, 0, 0, 0, 0, 0, 0, 0, 0, 0, 0, 0], [0, 0, 0, 0, 0, 0, 0, 0, 0, 0, 0, 1, 0, 0, 0, 0, 0, 0, 0, 0, 0, 0], [0, 0, 0, 0, 0, 0, 0, 0, 0, 0, 0, 0, 1, 0, 0, 0, 0, 0, 0, 0, 0, 0], [0, 0, 0, 0, 0, 0, 0, 0, 0, 0, 0, 0, 0, 1, 0, 0, 0, 0, 0, 0, 0, 0], [0, 0, 0, 0, 0, 0, 0, 0, 0, 0, 0, 0, 0, 0, 1, 0, 0, 0, 0, 0, 0, 0], [0, 0, 0, 0, 0, 0, 0, 0, 0, 0, 0, 0, 0, 0, 0, 1, 0, 0, 0, 0, 0, 0], [0, 0, 0, 0, 0, 0, 0, 0, 0, 0, 0, 0, 0, 0, 0, 0, 1, 0, 0, 0, 0, 0], [0, 0, 0, 0, 0, 0, 0, 0, 0, 0, 0, 0, 0, 0, 0, 0, 0, 1, 0, 0, 0, 0], [0, 0, 0, 0, 0, 0, 0, 0, 0, 0, 0, 0, 0, 0, 0, 0, 0, 0, 1, 0, 0, 0], [0, 0, 0, 0, 0, 0, 0, 0, 0, 0, 0, 0, 0, 0, 0, 0, 0, 0, 0, 1, 0, 0], [0, 0, 0, 0, 0, 0, 0, 0, 0, 0, 0, 0, 0, 0, 0, 0, 0, 0, 0, 0, 1, 0], [0, 0, 0, 0, 0, 0, 0, 0, 0, 0, 0, 0, 0, 0, 0, 0, 0, 0, 0, 0, 0, 1]]
[[1, 0, 0, 0, 0, 0, 0, 0, 0, 0, 0, 0, 0, 0, 0, 0, 0, 0, 0, 0, 0, 0], [0, -2, 0, 1, -2, -3, -2, 2, 1, 4, -2, -4, -3, -3, -1, 0, -2, 5, 2, 1, -4, 1], [0, -3, 3, 2, -3, -5, -3, 3, 1, 7, -2, -6, -4, -4, -1, -1, -3, 7, 3, 1, -5, 0], [0, 3, -2, -1, 3, 5, 3, -3, -1, -7, 2, 6, 4, 4, 1, 1, 3, -7, -3, -1, 5, 0], [0, -6, 4, 4, -5, -10, -6, 6, 2, 14, -4, -12, -8, -8, -2, -2, -6, 14, 6, 2, -10, 0], [0, -7, 4, 5, -6, -10, -7, 7, 2, 14, -4, -13, -9, -9, -2, -2, -7, 15, 7, 2, -11, 0], [0, 12, -6, -7, 11, 18, 12, -11, -4, -25, 8, 22, 15, 15, 4, 3, 11, -26, -11, -4, 19, -1], [0, -1, 0, 1, 0, -1, -1, 2, 0, 0, 0, -1, -1, -1, 0, 0, -1, 1, 1, 0, -1, 0], [0, -3, 2, 2, -3, -5, -3, 3, 2, 7, -2, -6, -4, -4, -1, -1, -3, 7, 3, 1, -5, 0], [0, -1, 0, 1, 0, -1, -1, 1, 0, 1, 0, -1, -1, -1, 0, 0, -1, 1, 1, 0, -1, 0], [0, 2, -2, -1, 3, 4, 2, -2, -1, -7, 3, 5, 3, 3, 1, 1, 2, -6, -2, -1, 4, 0], [0, 2, -2, -2, 2, 4, 2, -3, -1, -5, 1, 5, 3, 3, 0, 1, 2, -5, -3, -1, 3, 0], [0, 4, -2, -2, 4, 6, 4, -3, -1, -9, 3, 8, 6, 5, 2, 1, 4, -9, -3, -1, 7, 0], [0, 4, -2, -2, 4, 6, 4, -3, -1, -9, 3, 8, 5, 6, 2, 1, 4, -9, -3, -1, 7, 0], [0, -6, 4, 3, -7, -10, -6, 5, 2, 16, -5, -13, -8, -8, -2, -2, -6, 15, 5, 2, -11, 0], [0, 1, 0, -1, 0, 1, 1, -1, 0, 0, 0, 1, 1, 1, 0, 1, 1, -1, -1, 0, 1, 0], [0, -8, 4, 5, -7, -12, -8, 7, 2, 16, -5, -15, -10, -10, -3, -2, -7, 17, 7, 2, -13, 0], [0, -1, 0, 0, -1, -1, -1, 0, 0, 2, -1, -2, -1, -1, -1, 0, -1, 3, 0, 0, -2, 0], [0, 4, -2, -3, 3, 6, 4, -4, -1, -7, 2, 7, 5, 5, 1, 1, 4, -8, -3, -1, 6, 0], [0, 2, -2, -1, 3, 4, 2, -2, -1, -7, 2, 5, 3, 3, 1, 1, 2, -6, -2, 0, 4, 0], [0, -1, 0, 0, -1, -1, -1, 0, 0, 2, -1, -2, -1, -1, -1, 0, -1, 2, 0, 0, -1, 0], [0, -1, 2, 2, -1, -3, -2, 2, 0, 3, 0, -3, -2, -2, 0, -1, -2, 3, 2, 0, -2, 0]]
[[1, 0, -1, -1, 0, 0, 0, -1, 0, 0, 0, 1, 1, 1, 0, 1, 1, 0, -1, 0, 0, 0], [0, 1, 0, 0, 0, 0, 0, 0, 0, 0, 0, 0, 0, 0, 0, 0, 0, 0, 0, 0, 0, 0], [0, 0, 1, 0, 0, 0, 0, 0, 0, 0, 0, 0, 0, 0, 0, 0, 0, 0, 0, 0, 0, 0], [0, 0, -1, 0, 0, 0, 0, -1, 0, 0, 0, 1, 1, 1, 0, 1, 1, 0, -1, 0, 0, 0], [0, 0, -1, -1, 1, 0, 0, -1, 0, 0, 0, 1, 1, 1, 0, 1, 1, 0, -1, 0, 0, 0], [0, 0, -2, -2, 0, 1, 0, -2, 0, 0, 0, 2, 2, 2, 0, 2, 2, 0, -2, 0, 0, 0], [0, 0, 2, 2, 0, 0, 1, 2, 0, 0, 0, -2, -2, -2, 0, -2, -2, 0, 2, 0, 0, 0], [0, 0, -2, -2, 0, 0, 0, -1, 0, 0, 0, 2, 2, 2, 0, 2, 2, 0, -2, 0, 0, 0], [0, 0, 0, 0, 0, 0, 0, 0, 1, 0, 0, 0, 0, 0, 0, 0, 0, 0, 0, 0, 0, 0], [0, 0, -1, -1, 0, 0, 0, -1, 0, 1, 0, 1, 1, 1, 0, 1, 1, 0, -1, 0, 0, 0], [0, 0, -1, -1, 0, 0, 0, -1, 0, 0, 1, 1, 1, 1, 0, 1, 1, 0, -1, 0, 0, 0], [0, 0, 1, 1, 0, 0, 0, 1, 0, 0, 0, 0, -1, -1, 0, -1, -1, 0, 1, 0, 0, 0], [0, 0, 0, 0, 0, 0, 0, 0, 0, 0, 0, 0, 1, 0, 0, 0, 0, 0, 0, 0, 0, 0], [0, 0, 0, 0, 0, 0, 0, 0, 0, 0, 0, 0, 0, 1, 0, 0, 0, 0, 0, 0, 0, 0], [0, 0, 0, 0, 0, 0, 0, 0, 0, 0, 0, 0, 0, 0, 1, 0, 0, 0, 0, 0, 0, 0], [0, 0, 2, 2, 0, 0, 0, 2, 0, 0, 0, -2, -2, -2, 0, -1, -2, 0, 2, 0, 0, 0], [0, 0, -2, -2, 0, 0, 0, -2, 0, 0, 0, 2, 2, 2, 0, 2, 3, 0, -2, 0, 0, 0], [0, 0, 1, 1, 0, 0, 0, 1, 0, 0, 0, -1, -1, -1, 0, -1, -1, 1, 1, 0, 0, 0], [0, 0, 2, 2, 0, 0, 0, 2, 0, 0, 0, -2, -2, -2, 0, -2, -2, 0, 3, 0, 0, 0], [0, 0, 0, 0, 0, 0, 0, 0, 0, 0, 0, 0, 0, 0, 0, 0, 0, 0, 0, 1, 0, 0], [0, 0, 1, 1, 0, 0, 0, 1, 0, 0, 0, -1, -1, -1, 0, -1, -1, 0, 1, 0, 1, 0], [0, 0, -2, -2, 0, 0, 0, -2, 0, 0, 0, 2, 2, 2, 0, 2, 2, 0, -2, 0, 0, 1]]
[[1, 0, 0, 0, 0, 0, 0, 0, 0, 0, 0, 0, 0, 0, 0, 0, 0, 0, 0, 0, 0, 0], [0, 1, 0, 0, 0, 0, 0, 0, 0, 0, 0, 0, 0, 0, 0, 0, 0, 0, 0, 0, 0, 0], [0, 0, 1, 0, 0, 0, 0, 0, 0, 0, 0, 0, 0, 0, 0, 0, 0, 0, 0, 0, 0, 0], [0, 0, 0, 1, 0, 0, 0, 0, 0, 0, 0, 0, 0, 0, 0, 0, 0, 0, 0, 0, 0, 0], [0, 0, 0, 0, 1, 0, 0, 0, 0, 0, 0, 0, 0, 0, 0, 0, 0, 0, 0, 0, 0, 0], [0, 0, 0, 0, 0, 1, 0, 0, 0, 0, 0, 0, 0, 0, 0, 0, 0, 0, 0, 0, 0, 0], [0, 0, 0, 0, 0, 0, 1, 0, 0, 0, 0, 0, 0, 0, 0, 0, 0, 0, 0, 0, 0, 0], [0, 0, 0, 0, 0, 0, 0, 1, 0, 0, 0, 0, 0, 0, 0, 0, 0, 0, 0, 0, 0, 0], [0, 0, 0, 0, 0, 0, 0, 0, 1, 0, 0, 0, 0, 0, 0, 0, 0, 0, 0, 0, 0, 0], [0, 0, 0, 0, 0, 0, 0, 0, 0, 1, 0, 0, 0, 0, 0, 0, 0, 0, 0, 0, 0, 0], [0, 0, 0, 0, 0, 0, 0, 0, 0, 0, 1, 0, 0, 0, 0, 0, 0, 0, 0, 0, 0, 0], [0, 0, 0, 0, 0, 0, 0, 0, 0, 0, 0, 1, 0, 0, 0, 0, 0, 0, 0, 0, 0, 0], [0, 0, 0, 0, 0, 0, 0, 0, 0, 0, 0, 0, 1, 0, 0, 0, 0, 0, 0, 0, 0, 0], [0, 0, 0, 0, 0, 0, 0, 0, 0, 0, 0, 0, 0, 1, 0, 0, 0, 0, 0, 0, 0, 0], [0, 0, 0, 0, 0, 0, 0, 0, 0, 0, 0, 0, 0, 0, 1, 0, 0, 0, 0, 0, 0, 0], [0, 0, 0, 0, 0, 0, 0, 0, 0, 0, 0, 0, 0, 0, 0, 1, 0, 0, 0, 0, 0, 0], [0, 0, 0, 0, 0, 0, 0, 0, 0, 0, 0, 0, 0, 0, 0, 0, 1, 0, 0, 0, 0, 0], [0, 0, 0, 0, 0, 0, 0, 0, 0, 0, 0, 0, 0, 0, 0, 0, 0, 1, 0, 0, 0, 0], [0, 0, 0, 0, 0, 0, 0, 0, 0, 0, 0, 0, 0, 0, 0, 0, 0, 0, 1, 0, 0, 0], [0, 0, 0, 0, 0, 0, 0, 0, 0, 0, 0, 0, 0, 0, 0, 0, 0, 0, 0, 1, 0, 0], [0, 0, 0, 0, 0, 0, 0, 0, 0, 0, 0, 0, 0, 0, 0, 0, 0, 0, 0, 0, 1, 0], [0, 0, 0, 0, 0, 0, 0, 0, 0, 0, 0, 0, 0, 0, 0, 0, 0, 0, 0, 0, 0, 1]]
[[1, 0, 0, 0, 0, 0, 0, 0, 0, 0, 0, 0, 0, 0, 0, 0, 0, 0, 0, 0, 0, 0], [-2, -3, 2, 2, -4, -2, -3, 2, 1, 4, -2, -4, -3, -3, -1, -2, -3, 3, 1, 0, -1, -1], [0, -2, 0, 0, -1, 0, -1, 1, 0, 2, -1, -1, -1, -1, -1, 0, -1, 2, 0, -1, -1, -1], [1, 3, 0, 0, 2, 1, 2, -1, -1, -2, 1, 2, 2, 2, 1, 1, 2, -2, 0, 0, 1, 1], [-4, -9, 5, 4, -9, -5, -7, 6, 1, 12, -6, -10, -7, -7, -3, -4, -7, 9, 3, -2, -3, -2], [-3, -6, 4, 3, -7, -3, -5, 4, 1, 8, -4, -7, -5, -5, -2, -3, -5, 6, 2, -1, -2, -1], [6, 13, -7, -6, 14, 7, 11, -8, -2, -16, 8, 14, 10, 10, 4, 6, 10, -12, -4, 2, 4, 3], [-1, 0, 2, 1, -1, 0, 0, 1, 0, 0, 0, -1, 0, 0, 1, -1, 0, -1, 1, 1, 1, 0], [-1, -3, 1, 1, -3, -1, -2, 2, 1, 4, -2, -3, -2, -2, -1, -1, -2, 3, 1, -1, -1, -1], [-1, -1, 2, 1, -2, -1, -1, 1, 0, 3, -1, -2, -1, -1, 0, -1, -1, 1, 1, 0, 0, 0], [1, 4, 0, -1, 3, 2, 3, -2, -1, -4, 3, 3, 3, 3, 2, 1, 3, -4, 0, 1, 2, 1], [2, 5, -2, -2, 5, 3, 4, -3, -1, -6, 3, 6, 4, 4, 2, 2, 4, -5, -1, 1, 2, 1], [2, 5, -2, -2, 5, 3, 4, -3, -1, -6, 3, 5, 5, 4, 2, 2, 4, -5, -1, 1, 2, 1], [2, 5, -2, -2, 5, 3, 4, -3, -1, -6, 3, 5, 4, 5, 2, 2, 4, -5, -1, 1, 2, 1], [-3, -9, 2, 3, -8, -5, -7, 5, 2, 10, -5, -8, -7, -7, -3, -3, -7, 9, 1, -2, -4, -2], [1, 1, -2, -1, 2, 1, 1, -1, 0, -2, 1, 2, 1, 1, 0, 2, 1, -1, -1, 0, 0, 0], [-5, -11, 6, 5, -12, -7, -9, 7, 2, 14, -7, -12, -9, -9, -4, -5, -8, 11, 3, -2, -4, -2], [0, 0, 0, 0, 0, 0, 0, 0, 0, 0, 0, 0, 0, 0, 0, 0, 0, 1, 0, 0, 0, 0], [2, 4, -3, -2, 5, 2, 3, -3, 0, -6, 3, 5, 3, 3, 1, 2, 3, -4, -1, 1, 1, 1], [1, 3, 0, -1, 2, 1, 2, -1, -1, -2, 1, 2, 2, 2, 1, 1, 2, -2, 0, 1, 1, 1], [0, 0, 0, 0, 0, 0, 0, 0, 0, 0, 0, 0, 0, 0, 0, 0, 0, 0, 0, 0, 1, 0], [-1, -2, 1, 1, -2, 0, -1, 1, 0, 2, -1, -2, -1, -1, 0, -1, -1, 1, 1, 0, 0, 0]]
[[-1, -1, 0, 0, -1, -1, 0, 1, 1, 2, -1, -1, 0, 0, 0, 0, 0, 1, -1, -1, 0, -1], [1, 1, -1, -1, 0, 0, 0, -1, 0, 0, 0, 1, 1, 1, 0, 1, 1, 0, -1, 0, 0, 0], [0, 0, 1, 0, 0, 0, 0, 0, 0, 0, 0, 0, 0, 0, 0, 0, 0, 0, 0, 0, 0, 0], [1, 0, -1, -1, 1, 0, 1, -1, 0, 1, 1, 1, 2, 2, 1, 1, 1, 0, -2, -1, 1, -1], [2, 0, -3, -3, 1, 0, 1, -2, 1, 0, 0, 2, 3, 3, 0, 3, 3, 0, -4, -1, 1, -1], [1, -1, -4, -4, -1, 0, 1, -2, 2, 2, -1, 2, 4, 4, 0, 4, 4, 1, -6, -2, 1, -2], [-1, 1, 5, 5, 1, 1, -1, 2, -3, -2, 1, -2, -5, -5, 0, -5, -5, -1, 8, 3, -2, 3], [0, -1, -3, -3, -1, -1, 1, 0, 2, 2, -1, 1, 3, 3, 0, 3, 3, 1, -5, -2, 1, -2], [1, 0, -1, -1, 0, 0, 0, -1, 1, 0, 0, 1, 1, 1, 0, 1, 1, 0, -1, 0, 0, 0], [1, 0, -2, -2, 0, 0, 1, -1, 1, 1, 0, 1, 2, 2, 0, 2, 2, 0, -3, -1, 1, -1], [-1, -1, -1, -1, -1, -1, 0, 0, 1, 2, 0, 0, 1, 1, 0, 1, 1, 1, -2, -1, 0, -1], [0, 1, 2, 2, 1, 1, 0, 1, -1, -2, 1, 0, -2, -2, 0, -2, -2, -1, 3, 1, 0, 1], [0, 0, 0, 0, 0, 0, 0, 0, 0, 0, 0, 0, 1, 0, 0, 0, 0, 0, 0, 0, 0, 0], [0, 0, 0, 0, 0, 0, 0, 0, 0, 0, 0, 0, 0, 1, 0, 0, 0, 0, 0, 0, 0, 0], [0, 0, -1, 0, -1, 0, 0, 0, 1, -1, -1, 0, 0, 0, 0, 1, 1, 0, -1, 0, 0, 0], [1, 1, 2, 2, 1, 1, -1, 0, -2, -2, 1, 0, -2, -2, 0, -1, -2, -1, 4, 2, -1, 2], [0, -1, -3, -4, 0, -1, 2, -1, 2, 3, 0, 1, 4, 4, 1, 3, 4, 1, -6, -3, 2, -3], [0, 0, 1, 1, 0, 0, -1, 0, -1, 0, 0, 0, -1, -1, 0, -1, -1, 1, 2, 1, -1, 1], [0, 1, 3, 3, 1, 1, -1, 1, -2, -2, 1, -1, -3, -3, 0, -3, -3, -1, 6, 2, -1, 2], [0, 0, 0, 0, 0, 0, 0, 0, 0, 0, 0, 0, 0, 0, 0, 0, 0, 0, 0, 1, 0, 0], [0, 0, 1, 1, 0, 0, -1, 0, -1, 0, 0, 0, -1, -1, 0, -1, -1, 0, 2, 1, 0, 1], [0, -1, -3, -3, -1, -1, 1, -1, 2, 2, -1, 1, 3, 3, 0, 3, 3, 1, -5, -2, 1, -1]]
[[-1, -1, 0, 0, -1, -1, 0, 1, 1, 2, -1, -1, 0, 0, 0, 0, 0, 1, -1, -1, 0, -1], [1, 1, -1, -1, 0, 0, 0, -1, 0, 0, 0, 1, 1, 1, 0, 1, 1, 0, -1, 0, 0, 0], [0, 0, 1, 0, 0, 0, 0, 0, 0, 0, 0, 0, 0, 0, 0, 0, 0, 0, 0, 0, 0, 0], [1, 0, -1, -1, 1, 0, 1, -1, 0, 1, 1, 1, 2, 2, 1, 1, 1, 0, -2, -1, 1, -1], [2, 0, -3, -3, 1, 0, 1, -2, 1, 0, 0, 2, 3, 3, 0, 3, 3, 0, -4, -1, 1, -1], [1, -1, -4, -4, -1, 0, 1, -2, 2, 2, -1, 2, 4, 4, 0, 4, 4, 1, -6, -2, 1, -2], [-1, 1, 5, 5, 1, 1, -1, 2, -3, -2, 1, -2, -5, -5, 0, -5, -5, -1, 8, 3, -2, 3], [0, -1, -3, -3, -1, -1, 1, 0, 2, 2, -1, 1, 3, 3, 0, 3, 3, 1, -5, -2, 1, -2], [1, 0, -1, -1, 0, 0, 0, -1, 1, 0, 0, 1, 1, 1, 0, 1, 1, 0, -1, 0, 0, 0], [1, 0, -2, -2, 0, 0, 1, -1, 1, 1, 0, 1, 2, 2, 0, 2, 2, 0, -3, -1, 1, -1], [-1, -1, -1, -1, -1, -1, 0, 0, 1, 2, 0, 0, 1, 1, 0, 1, 1, 1, -2, -1, 0, -1], [0, 1, 2, 2, 1, 1, 0, 1, -1, -2, 1, 0, -2, -2, 0, -2, -2, -1, 3, 1, 0, 1], [0, 0, 0, 0, 0, 0, 0, 0, 0, 0, 0, 0, 1, 0, 0, 0, 0, 0, 0, 0, 0, 0], [0, 0, 0, 0, 0, 0, 0, 0, 0, 0, 0, 0, 0, 1, 0, 0, 0, 0, 0, 0, 0, 0], [0, 0, -1, 0, -1, 0, 0, 0, 1, -1, -1, 0, 0, 0, 0, 1, 1, 0, -1, 0, 0, 0], [1, 1, 2, 2, 1, 1, -1, 0, -2, -2, 1, 0, -2, -2, 0, -1, -2, -1, 4, 2, -1, 2], [0, -1, -3, -4, 0, -1, 2, -1, 2, 3, 0, 1, 4, 4, 1, 3, 4, 1, -6, -3, 2, -3], [0, 0, 1, 1, 0, 0, -1, 0, -1, 0, 0, 0, -1, -1, 0, -1, -1, 1, 2, 1, -1, 1], [0, 1, 3, 3, 1, 1, -1, 1, -2, -2, 1, -1, -3, -3, 0, -3, -3, -1, 6, 2, -1, 2], [0, 0, 0, 0, 0, 0, 0, 0, 0, 0, 0, 0, 0, 0, 0, 0, 0, 0, 0, 1, 0, 0], [0, 0, 1, 1, 0, 0, -1, 0, -1, 0, 0, 0, -1, -1, 0, -1, -1, 0, 2, 1, 0, 1], [0, -1, -3, -3, -1, -1, 1, -1, 2, 2, -1, 1, 3, 3, 0, 3, 3, 1, -5, -2, 1, -1]]
[[-1, -5, 3, 3, -5, -6, -5, 5, 2, 8, -4, -8, -6, -7, -2, -3, -5, 8, 5, 2, -6, 0], [0, 1, 1, 1, 1, 2, 0, 0, -1, -3, 0, 0, -2, -2, -1, -2, -2, -2, 2, 1, 0, 1], [1, 2, 1, 2, 2, 4, 1, 0, -1, -5, 1, 2, -2, -2, 0, -2, -2, -4, 3, 1, 1, 1], [-1, -4, 1, 0, -4, -7, -3, 2, 2, 10, -2, -6, 0, 0, 0, 1, 0, 8, -1, -1, -3, -2], [0, -1, 6, 7, -1, 0, -4, 5, -1, 0, -3, -6, -10, -11, -3, -8, -10, 2, 10, 3, -4, 2], [-1, -7, 9, 10, -8, -6, -10, 10, 1, 10, -8, -16, -17, -19, -6, -11, -16, 12, 15, 5, -11, 2], [2, 9, -13, -15, 10, 7, 14, -14, -1, -10, 11, 21, 25, 28, 9, 17, 23, -14, -23, -8, 15, -4], [-2, -10, 6, 6, -12, -13, -11, 9, 4, 18, -9, -18, -11, -14, -5, -5, -10, 18, 8, 3, -12, 0], [1, 0, 1, 2, 0, 1, -1, 1, 0, -1, -1, -1, -3, -3, -1, -2, -3, 0, 3, 1, -1, 1], [-1, -4, 4, 3, -5, -6, -5, 4, 1, 9, -4, -8, -5, -6, -2, -3, -5, 8, 4, 1, -5, 0], [-1, -5, 2, 1, -6, -8, -5, 3, 2, 11, -3, -8, -2, -3, -1, 0, -2, 10, 1, 0, -5, -1], [1, 5, -4, -5, 5, 5, 6, -6, -1, -7, 5, 10, 9, 10, 3, 5, 8, -8, -8, -3, 7, -1], [0, -2, -4, -4, -2, -4, 0, -2, 2, 6, 0, 0, 7, 6, 2, 6, 6, 4, -6, -2, 0, -2], [0, -2, -4, -3, -3, -4, -1, -2, 2, 5, -1, 0, 5, 5, 1, 6, 5, 4, -6, -1, -1, -1], [0, -1, 5, 6, 0, 3, -2, 5, -1, -3, -3, -5, -12, -12, -4, -9, -10, 0, 11, 4, -4, 3], [2, 8, -6, -6, 9, 10, 9, -8, -3, -14, 7, 15, 11, 13, 4, 7, 10, -14, -9, -3, 10, 0], [-2, -7, 13, 13, -8, -7, -11, 13, 1, 10, -8, -19, -22, -24, -7, -16, -20, 12, 20, 6, -12, 2], [1, 5, -2, -2, 6, 7, 5, -4, -2, -10, 5, 8, 4, 5, 2, 1, 3, -9, -3, -1, 6, 0], [2, 8, -9, -9, 9, 9, 10, -10, -2, -13, 8, 17, 15, 17, 5, 10, 14, -14, -13, -4, 11, -1], [0, 1, -1, -2, 0, -1, 1, -2, 0, 1, 1, 2, 5, 5, 2, 3, 4, 0, -4, -1, 2, -1], [0, 4, -1, -2, 5, 5, 4, -3, -2, -8, 4, 7, 4, 5, 2, 1, 3, -8, -3, -1, 6, 0], [-2, -8, 6, 6, -9, -10, -9, 8, 3, 14, -7, -15, -11, -13, -4, -6, -10, 14, 9, 3, -10, 1]]
[[1, 3, -3, -3, 2, 3, 3, -3, 0, -4, 2, 6, 6, 6, 2, 3, 5, -5, -5, -2, 5, -1], [0, -2, 2, 2, -1, -2, -2, 2, 0, 2, -1, -4, -4, -4, -1, -2, -3, 3, 4, 2, -3, 1], [0, -2, 4, 3, -3, -3, -3, 3, 0, 6, -3, -6, -6, -6, -2, -3, -5, 6, 5, 2, -6, 1], [0, 4, -5, -4, 4, 5, 5, -5, 0, -8, 4, 10, 10, 10, 4, 5, 8, -9, -8, -3, 9, -1], [0, -3, 3, 3, -2, -3, -3, 3, 0, 6, -3, -6, -6, -6, -1, -3, -5, 6, 6, 3, -6, 2], [0, -1, 0, 0, 0, 1, 0, 0, 0, 0, 0, 0, 0, 0, 1, 0, 0, 0, 1, 1, 0, 1], [0, 3, -2, -2, 2, 2, 3, -2, 0, -4, 2, 4, 4, 4, 0, 2, 3, -4, -5, -3, 4, -2], [0, 4, -6, -6, 5, 6, 6, -5, 0, -10, 5, 12, 12, 12, 5, 6, 10, -11, -9, -3, 11, -1], [0, -2, 2, 2, -2, -2, -2, 2, 1, 4, -2, -4, -4, -4, -1, -2, -3, 4, 4, 2, -4, 1], [0, 1, -2, -2, 2, 2, 2, -2, 0, -3, 2, 4, 4, 4, 2, 2, 3, -4, -3, -1, 4, 0], [0, 4, -5, -5, 4, 5, 5, -5, 0, -8, 5, 10, 10, 10, 4, 5, 8, -9, -8, -3, 9, -1], [0, -1, 2, 2, -1, -2, -2, 2, 0, 2, -1, -3, -4, -4, -2, -2, -4, 3, 2, 0, -3, 0], [0, 3, -4, -4, 3, 4, 4, -4, 0, -6, 3, 8, 9, 8, 3, 4, 7, -7, -6, -2, 7, -1], [0, 3, -4, -4, 3, 4, 4, -4, 0, -6, 3, 8, 8, 9, 3, 4, 7, -7, -6, -2, 7, -1], [0, -3, 4, 4, -3, -4, -4, 4, 0, 6, -3, -8, -8, -8, -3, -4, -6, 7, 6, 2, -7, 0], [0, -4, 5, 5, -4, -5, -5, 5, 0, 8, -4, -10, -10, -10, -4, -4, -8, 9, 8, 3, -9, 1], [0, 0, 0, 0, 0, 0, 0, 0, 0, 0, 0, 0, 0, 0, 1, 0, 0, 0, 0, 0, 0, 1], [0, -3, 4, 4, -3, -4, -4, 4, 0, 6, -3, -8, -8, -8, -3, -4, -7, 8, 6, 2, -7, 1], [0, -2, 3, 3, -2, -3, -3, 3, 0, 4, -2, -6, -6, -6, -3, -3, -5, 5, 5, 1, -5, 0], [0, 1, -1, -1, 1, 1, 1, -1, 0, -2, 1, 2, 2, 2, 1, 1, 1, -2, -2, 0, 2, 0], [0, -3, 4, 4, -3, -4, -4, 4, 0, 6, -3, -8, -8, -8, -3, -4, -7, 7, 6, 2, -6, 1], [0, 3, -4, -4, 3, 4, 4, -4, 0, -6, 3, 8, 8, 8, 3, 4, 7, -7, -6, -2, 7, 0]]
[[1, 0, 0, 0, 0, 0, 0, 0, 0, 0, 0, 0, 0, 0, 0, 0, 0, 0, 0, 0, 0, 0], [0, 1, 0, 0, 0, 0, 0, 0, 0, 0, 0, 0, 0, 0, 0, 0, 0, 0, 0, 0, 0, 0], [0, 0, 1, 0, 0, 0, 0, 0, 0, 0, 0, 0, 0, 0, 0, 0, 0, 0, 0, 0, 0, 0], [0, 0, 0, 1, 0, 0, 0, 0, 0, 0, 0, 0, 0, 0, 0, 0, 0, 0, 0, 0, 0, 0], [0, 0, 0, 0, 1, 0, 0, 0, 0, 0, 0, 0, 0, 0, 0, 0, 0, 0, 0, 0, 0, 0], [0, 0, 0, 0, 0, 1, 0, 0, 0, 0, 0, 0, 0, 0, 0, 0, 0, 0, 0, 0, 0, 0], [0, 0, 0, 0, 0, 0, 1, 0, 0, 0, 0, 0, 0, 0, 0, 0, 0, 0, 0, 0, 0, 0], [0, 0, 0, 0, 0, 0, 0, 1, 0, 0, 0, 0, 0, 0, 0, 0, 0, 0, 0, 0, 0, 0], [0, 0, 0, 0, 0, 0, 0, 0, 1, 0, 0, 0, 0, 0, 0, 0, 0, 0, 0, 0, 0, 0], [0, 0, 0, 0, 0, 0, 0, 0, 0, 1, 0, 0, 0, 0, 0, 0, 0, 0, 0, 0, 0, 0], [0, 0, 0, 0, 0, 0, 0, 0, 0, 0, 1, 0, 0, 0, 0, 0, 0, 0, 0, 0, 0, 0], [0, 0, 0, 0, 0, 0, 0, 0, 0, 0, 0, 1, 0, 0, 0, 0, 0, 0, 0, 0, 0, 0], [0, 0, 0, 0, 0, 0, 0, 0, 0, 0, 0, 0, 1, 0, 0, 0, 0, 0, 0, 0, 0, 0], [0, 0, 0, 0, 0, 0, 0, 0, 0, 0, 0, 0, 0, 1, 0, 0, 0, 0, 0, 0, 0, 0], [0, 0, 0, 0, 0, 0, 0, 0, 0, 0, 0, 0, 0, 0, 1, 0, 0, 0, 0, 0, 0, 0], [0, 0, 0, 0, 0, 0, 0, 0, 0, 0, 0, 0, 0, 0, 0, 1, 0, 0, 0, 0, 0, 0], [0, 0, 0, 0, 0, 0, 0, 0, 0, 0, 0, 0, 0, 0, 0, 0, 1, 0, 0, 0, 0, 0], [0, 0, 0, 0, 0, 0, 0, 0, 0, 0, 0, 0, 0, 0, 0, 0, 0, 1, 0, 0, 0, 0], [0, 0, 0, 0, 0, 0, 0, 0, 0, 0, 0, 0, 0, 0, 0, 0, 0, 0, 1, 0, 0, 0], [0, 0, 0, 0, 0, 0, 0, 0, 0, 0, 0, 0, 0, 0, 0, 0, 0, 0, 0, 1, 0, 0], [0, 0, 0, 0, 0, 0, 0, 0, 0, 0, 0, 0, 0, 0, 0, 0, 0, 0, 0, 0, 1, 0], [0, 0, 0, 0, 0, 0, 0, 0, 0, 0, 0, 0, 0, 0, 0, 0, 0, 0, 0, 0, 0, 1]]
[[1, 0, 0, 0, 0, 0, 0, 0, 0, 0, 0, 0, 0, 0, 0, 0, 0, 0, 0, 0, 0, 0], [0, 1, 0, 0, 0, 0, 0, 0, 0, 0, 0, 0, 0, 0, 0, 0, 0, 0, 0, 0, 0, 0], [0, 0, 1, 0, 0, 0, 0, 0, 0, 0, 0, 0, 0, 0, 0, 0, 0, 0, 0, 0, 0, 0], [0, 0, 0, 1, 0, 0, 0, 0, 0, 0, 0, 0, 0, 0, 0, 0, 0, 0, 0, 0, 0, 0], [0, 0, 0, 0, 1, 0, 0, 0, 0, 0, 0, 0, 0, 0, 0, 0, 0, 0, 0, 0, 0, 0], [0, 0, 0, 0, 0, 1, 0, 0, 0, 0, 0, 0, 0, 0, 0, 0, 0, 0, 0, 0, 0, 0], [0, 0, 0, 0, 0, 0, 1, 0, 0, 0, 0, 0, 0, 0, 0, 0, 0, 0, 0, 0, 0, 0], [0, 0, 0, 0, 0, 0, 0, 1, 0, 0, 0, 0, 0, 0, 0, 0, 0, 0, 0, 0, 0, 0], [0, 0, 0, 0, 0, 0, 0, 0, 1, 0, 0, 0, 0, 0, 0, 0, 0, 0, 0, 0, 0, 0], [0, 0, 0, 0, 0, 0, 0, 0, 0, 1, 0, 0, 0, 0, 0, 0, 0, 0, 0, 0, 0, 0], [0, 0, 0, 0, 0, 0, 0, 0, 0, 0, 1, 0, 0, 0, 0, 0, 0, 0, 0, 0, 0, 0], [0, 0, 0, 0, 0, 0, 0, 0, 0, 0, 0, 1, 0, 0, 0, 0, 0, 0, 0, 0, 0, 0], [0, 0, 0, 0, 0, 0, 0, 0, 0, 0, 0, 0, 1, 0, 0, 0, 0, 0, 0, 0, 0, 0], [0, 0, 0, 0, 0, 0, 0, 0, 0, 0, 0, 0, 0, 1, 0, 0, 0, 0, 0, 0, 0, 0], [0, 0, 0, 0, 0, 0, 0, 0, 0, 0, 0, 0, 0, 0, 1, 0, 0, 0, 0, 0, 0, 0], [0, 0, 0, 0, 0, 0, 0, 0, 0, 0, 0, 0, 0, 0, 0, 1, 0, 0, 0, 0, 0, 0], [0, 0, 0, 0, 0, 0, 0, 0, 0, 0, 0, 0, 0, 0, 0, 0, 1, 0, 0, 0, 0, 0], [0, 0, 0, 0, 0, 0, 0, 0, 0, 0, 0, 0, 0, 0, 0, 0, 0, 1, 0, 0, 0, 0], [0, 0, 0, 0, 0, 0, 0, 0, 0, 0, 0, 0, 0, 0, 0, 0, 0, 0, 1, 0, 0, 0], [0, 0, 0, 0, 0, 0, 0, 0, 0, 0, 0, 0, 0, 0, 0, 0, 0, 0, 0, 1, 0, 0], [0, 0, 0, 0, 0, 0, 0, 0, 0, 0, 0, 0, 0, 0, 0, 0, 0, 0, 0, 0, 1, 0], [0, 0, 0, 0, 0, 0, 0, 0, 0, 0, 0, 0, 0, 0, 0, 0, 0, 0, 0, 0, 0, 1]]
[[1, 0, 0, 0, 0, 0, 0, 0, 0, 0, 0, 0, 0, 0, 0, 0, 0, 0, 0, 0, 0, 0], [0, 1, 0, 0, 0, 0, 0, 0, 0, 0, 0, 0, 0, 0, 0, 0, 0, 0, 0, 0, 0, 0], [0, 0, 1, 0, 0, 0, 0, 0, 0, 0, 0, 0, 0, 0, 0, 0, 0, 0, 0, 0, 0, 0], [0, 0, 0, 1, 0, 0, 0, 0, 0, 0, 0, 0, 0, 0, 0, 0, 0, 0, 0, 0, 0, 0], [0, 0, 0, 0, 1, 0, 0, 0, 0, 0, 0, 0, 0, 0, 0, 0, 0, 0, 0, 0, 0, 0], [0, 0, 0, 0, 0, 1, 0, 0, 0, 0, 0, 0, 0, 0, 0, 0, 0, 0, 0, 0, 0, 0], [0, 0, 0, 0, 0, 0, 1, 0, 0, 0, 0, 0, 0, 0, 0, 0, 0, 0, 0, 0, 0, 0], [0, 0, 0, 0, 0, 0, 0, 1, 0, 0, 0, 0, 0, 0, 0, 0, 0, 0, 0, 0, 0, 0], [0, 0, 0, 0, 0, 0, 0, 0, 1, 0, 0, 0, 0, 0, 0, 0, 0, 0, 0, 0, 0, 0], [0, 0, 0, 0, 0, 0, 0, 0, 0, 1, 0, 0, 0, 0, 0, 0, 0, 0, 0, 0, 0, 0], [0, 0, 0, 0, 0, 0, 0, 0, 0, 0, 1, 0, 0, 0, 0, 0, 0, 0, 0, 0, 0, 0], [0, 0, 0, 0, 0, 0, 0, 0, 0, 0, 0, 1, 0, 0, 0, 0, 0, 0, 0, 0, 0, 0], [0, 0, 0, 0, 0, 0, 0, 0, 0, 0, 0, 0, 1, 0, 0, 0, 0, 0, 0, 0, 0, 0], [0, 0, 0, 0, 0, 0, 0, 0, 0, 0, 0, 0, 0, 1, 0, 0, 0, 0, 0, 0, 0, 0], [0, 0, 0, 0, 0, 0, 0, 0, 0, 0, 0, 0, 0, 0, 1, 0, 0, 0, 0, 0, 0, 0], [0, 0, 0, 0, 0, 0, 0, 0, 0, 0, 0, 0, 0, 0, 0, 1, 0, 0, 0, 0, 0, 0], [0, 0, 0, 0, 0, 0, 0, 0, 0, 0, 0, 0, 0, 0, 0, 0, 1, 0, 0, 0, 0, 0], [0, 0, 0, 0, 0, 0, 0, 0, 0, 0, 0, 0, 0, 0, 0, 0, 0, 1, 0, 0, 0, 0], [0, 0, 0, 0, 0, 0, 0, 0, 0, 0, 0, 0, 0, 0, 0, 0, 0, 0, 1, 0, 0, 0], [0, 0, 0, 0, 0, 0, 0, 0, 0, 0, 0, 0, 0, 0, 0, 0, 0, 0, 0, 1, 0, 0], [0, 0, 0, 0, 0, 0, 0, 0, 0, 0, 0, 0, 0, 0, 0, 0, 0, 0, 0, 0, 1, 0], [0, 0, 0, 0, 0, 0, 0, 0, 0, 0, 0, 0, 0, 0, 0, 0, 0, 0, 0, 0, 0, 1]]
[[0, -1, 0, 0, -2, -1, -1, 1, 1, 1, -2, -1, 0, -1, -1, 0, 0, 1, -1, 0, 0, -1], [0, -1, -1, -1, -1, -1, -1, 0, 1, 2, -1, 0, 0, 0, 0, 0, 0, 1, 0, 0, 0, 0], [0, -1, 1, 0, -1, -1, -1, 0, 0, 2, -1, 0, 0, 0, 0, 0, 0, 1, 0, 0, 0, 0], [0, 0, -1, 0, 1, 1, 1, 0, 1, -2, 1, 0, 0, 0, 0, 0, 0, -1, 0, 0, 0, 0], [-1, -5, -2, -2, -3, -3, -3, 1, 3, 5, -4, -1, 0, -1, -1, 0, 0, 3, -1, 0, 0, -1], [-1, -6, -2, -2, -5, -3, -4, 1, 3, 7, -5, -1, 1, -1, -1, 0, 0, 4, -2, -1, 1, -2], [2, 9, 3, 3, 8, 6, 7, -2, -5, -10, 8, 2, -1, 2, 2, 0, 0, -6, 3, 1, -1, 3], [0, -2, -1, -1, -1, -1, -1, 1, 1, 2, -1, 0, 2, 0, 0, 0, 0, 1, -2, -2, 2, -2], [0, -1, 0, 0, -1, -1, -1, 0, 1, 2, -1, 0, 0, 0, 0, 0, 0, 1, 0, 0, 0, 0], [0, -1, -1, -1, 0, 0, 0, 0, 1, 1, 0, 0, 1, 0, 0, 0, 0, 0, -1, -1, 1, -1], [0, 0, 0, 0, 0, 0, 0, 0, 0, 0, 1, 0, 1, 0, 0, 0, 0, 0, -1, -1, 1, -1], [1, 4, 1, 1, 4, 3, 3, -1, -2, -5, 4, 2, 0, 1, 1, 0, 0, -3, 1, 0, 0, 1], [1, 3, 1, 1, 3, 2, 2, -1, -2, -3, 3, 1, 1, 1, 1, 0, 0, -2, 1, 0, 0, 1], [1, 3, 1, 1, 3, 2, 2, -1, -2, -3, 3, 1, 1, 2, 1, 0, 0, -2, 0, -1, 1, 0], [-2, -5, -1, -1, -6, -4, -4, 2, 3, 6, -6, -2, -1, -2, -1, 0, 0, 4, -1, 1, -1, -1], [1, 3, 1, 1, 3, 2, 2, -1, -2, -3, 3, 1, -1, 1, 1, 1, 0, -2, 2, 1, -1, 2], [-2, -8, -3, -3, -7, -5, -5, 2, 5, 8, -7, -2, 1, -2, -2, 0, 1, 5, -3, -1, 1, -3], [0, 0, 0, 0, 0, 0, 0, 0, 0, 0, 0, 0, -1, 0, 0, 0, 0, 1, 1, 1, -1, 1], [1, 5, 2, 2, 4, 3, 3, -1, -3, -5, 4, 1, -1, 1, 1, 0, 0, -3, 3, 1, -1, 2], [1, 2, 0, 0, 3, 2, 2, -1, -1, -3, 3, 1, 1, 1, 1, 0, 0, -2, 0, 0, 1, 0], [0, 1, 0, 0, 1, 1, 1, 0, 0, -2, 1, 0, -1, 0, 0, 0, 0, -1, 1, 1, 0, 1], [-1, -3, -1, -1, -3, -2, -2, 1, 2, 3, -3, -1, 1, -1, -1, 0, 0, 2, -2, -1, 1, -1]]
[[1, 0, 0, 0, 0, 0, 0, 0, 0, 0, 0, 0, 0, 0, 0, 0, 0, 0, 0, 0, 0, 0], [0, 1, 0, 0, 0, 0, 0, 0, 0, 0, 0, 0, 0, 0, 0, 0, 0, 0, 0, 0, 0, 0], [0, 0, 1, 0, 0, 0, 0, 0, 0, 0, 0, 0, 0, 0, 0, 0, 0, 0, 0, 0, 0, 0], [0, 0, 0, 1, 0, 0, 0, 0, 0, 0, 0, 0, 0, 0, 0, 0, 0, 0, 0, 0, 0, 0], [0, 0, 0, 0, 1, 0, 0, 0, 0, 0, 0, 0, 0, 0, 0, 0, 0, 0, 0, 0, 0, 0], [0, 0, 0, 0, 0, 1, 0, 0, 0, 0, 0, 0, 0, 0, 0, 0, 0, 0, 0, 0, 0, 0], [0, 0, 0, 0, 0, 0, 1, 0, 0, 0, 0, 0, 0, 0, 0, 0, 0, 0, 0, 0, 0, 0], [0, 0, 0, 0, 0, 0, 0, 1, 0, 0, 0, 0, 0, 0, 0, 0, 0, 0, 0, 0, 0, 0], [0, 0, 0, 0, 0, 0, 0, 0, 1, 0, 0, 0, 0, 0, 0, 0, 0, 0, 0, 0, 0, 0], [0, 0, 0, 0, 0, 0, 0, 0, 0, 1, 0, 0, 0, 0, 0, 0, 0, 0, 0, 0, 0, 0], [0, 0, 0, 0, 0, 0, 0, 0, 0, 0, 1, 0, 0, 0, 0, 0, 0, 0, 0, 0, 0, 0], [0, 0, 0, 0, 0, 0, 0, 0, 0, 0, 0, 1, 0, 0, 0, 0, 0, 0, 0, 0, 0, 0], [0, 0, 0, 0, 0, 0, 0, 0, 0, 0, 0, 0, 1, 0, 0, 0, 0, 0, 0, 0, 0, 0], [0, 0, 0, 0, 0, 0, 0, 0, 0, 0, 0, 0, 0, 1, 0, 0, 0, 0, 0, 0, 0, 0], [0, 0, 0, 0, 0, 0, 0, 0, 0, 0, 0, 0, 0, 0, 1, 0, 0, 0, 0, 0, 0, 0], [0, 0, 0, 0, 0, 0, 0, 0, 0, 0, 0, 0, 0, 0, 0, 1, 0, 0, 0, 0, 0, 0], [0, 0, 0, 0, 0, 0, 0, 0, 0, 0, 0, 0, 0, 0, 0, 0, 1, 0, 0, 0, 0, 0], [0, 0, 0, 0, 0, 0, 0, 0, 0, 0, 0, 0, 0, 0, 0, 0, 0, 1, 0, 0, 0, 0], [0, 0, 0, 0, 0, 0, 0, 0, 0, 0, 0, 0, 0, 0, 0, 0, 0, 0, 1, 0, 0, 0], [0, 0, 0, 0, 0, 0, 0, 0, 0, 0, 0, 0, 0, 0, 0, 0, 0, 0, 0, 1, 0, 0], [0, 0, 0, 0, 0, 0, 0, 0, 0, 0, 0, 0, 0, 0, 0, 0, 0, 0, 0, 0, 1, 0], [0, 0, 0, 0, 0, 0, 0, 0, 0, 0, 0, 0, 0, 0, 0, 0, 0, 0, 0, 0, 0, 1]]
[[1, 0, 0, 0, 0, 0, 0, 0, 0, 0, 0, 0, 0, 0, 0, 0, 0, 0, 0, 0, 0, 0], [-1, -1, 1, 1, -2, -1, -2, 1, 0, 2, -1, -2, -2, -2, -1, -1, -2, 2, 1, 0, -1, 0], [-1, -2, 2, 1, -2, -1, -2, 1, 0, 2, -1, -2, -2, -2, -1, -1, -2, 2, 1, 0, -1, 0], [1, 2, -1, 0, 2, 1, 2, -1, 0, -2, 1, 2, 2, 2, 1, 1, 2, -2, -1, 0, 1, 0], [-3, -6, 3, 3, -5, -3, -6, 3, 0, 6, -3, -6, -6, -6, -3, -3, -6, 6, 3, 0, -3, 0], [-1, -2, 1, 1, -2, 0, -2, 1, 0, 2, -1, -2, -2, -2, -1, -1, -2, 2, 1, 0, -1, 0], [3, 6, -3, -3, 6, 3, 7, -3, 0, -6, 3, 6, 6, 6, 3, 3, 6, -6, -3, 0, 3, 0], [1, 2, -1, -1, 2, 1, 2, 0, 0, -2, 1, 2, 2, 2, 1, 1, 2, -2, -1, 0, 1, 0], [-1, -2, 1, 1, -2, -1, -2, 1, 1, 2, -1, -2, -2, -2, -1, -1, -2, 2, 1, 0, -1, 0], [0, 0, 0, 0, 0, 0, 0, 0, 0, 1, 0, 0, 0, 0, 0, 0, 0, 0, 0, 0, 0, 0], [2, 4, -2, -2, 4, 2, 4, -2, 0, -4, 3, 4, 4, 4, 2, 2, 4, -4, -2, 0, 2, 0], [1, 2, -1, -1, 2, 1, 2, -1, 0, -2, 1, 3, 2, 2, 1, 1, 2, -2, -1, 0, 1, 0], [2, 4, -2, -2, 4, 2, 4, -2, 0, -4, 2, 4, 5, 4, 2, 2, 4, -4, -2, 0, 2, 0], [2, 4, -2, -2, 4, 2, 4, -2, 0, -4, 2, 4, 4, 5, 2, 2, 4, -4, -2, 0, 2, 0], [-3, -6, 3, 3, -6, -3, -6, 3, 0, 6, -3, -6, -6, -6, -2, -3, -6, 6, 3, 0, -3, 0], [0, 0, 0, 0, 0, 0, 0, 0, 0, 0, 0, 0, 0, 0, 0, 1, 0, 0, 0, 0, 0, 0], [-3, -6, 3, 3, -6, -3, -6, 3, 0, 6, -3, -6, -6, -6, -3, -3, -5, 6, 3, 0, -3, 0], [0, 0, 0, 0, 0, 0, 0, 0, 0, 0, 0, 0, 0, 0, 0, 0, 0, 1, 0, 0, 0, 0], [1, 2, -1, -1, 2, 1, 2, -1, 0, -2, 1, 2, 2, 2, 1, 1, 2, -2, 0, 0, 1, 0], [1, 2, -1, -1, 2, 1, 2, -1, 0, -2, 1, 2, 2, 2, 1, 1, 2, -2, -1, 1, 1, 0], [0, 0, 0, 0, 0, 0, 0, 0, 0, 0, 0, 0, 0, 0, 0, 0, 0, 0, 0, 0, 1, 0], [0, 0, 0, 0, 0, 0, 0, 0, 0, 0, 0, 0, 0, 0, 0, 0, 0, 0, 0, 0, 0, 1]]
[[1, 0, -1, 0, 0, 0, 0, 0, 0, 0, 0, 0, 0, 0, 0, 1, 0, 1, -1, 0, -1, 0], [0, 1, 1, 0, 0, 0, 0, 0, 0, 0, 0, 0, 0, 0, 0, -1, 0, -1, 1, 0, 1, 0], [0, 0, 0, 0, 0, 1, 0, 0, 0, -1, -1, 1, 0, 0, 0, 0, 0, -1, 0, 1, 0, 0], [0, 0, 1, 1, 0, -1, 0, 0, 0, 1, 1, -1, 0, 0, 0, 0, 0, 1, 0, -1, 0, 0], [0, 0, 1, 0, 1, 0, 0, 0, 0, 0, 0, 0, 0, 0, 0, -1, 0, -1, 1, 0, 1, 0], [0, 0, 1, 0, 0, 1, 0, 0, 0, 0, 0, 0, 0, 0, 0, -1, 0, -1, 1, 0, 1, 0], [0, 0, -1, 0, 0, 0, 1, 0, 0, 0, 0, 0, 0, 0, 0, 1, 0, 1, -1, 0, -1, 0], [0, 0, 1, 0, 0, -1, 0, 0, 0, 2, 2, -1, 0, 1, 1, 0, 0, 1, 0, -1, 0, 0], [0, 0, 0, 0, 0, 0, 0, 0, 0, 0, 0, 0, 0, 1, 0, 1, 1, 0, 0, 0, 0, 0], [0, 0, 1, 0, 0, -1, 0, 0, 0, 2, 1, -1, 0, 0, 0, 0, 0, 1, 0, -1, 0, 0], [0, 0, 0, 0, 0, 0, 0, 0, 0, 0, 1, 0, 0, 0, 0, 0, 0, 0, 0, 0, 0, 0], [0, 0, 0, 0, 0, 0, 0, 0, 0, 0, 0, 1, 0, 0, 0, 0, 0, 0, 0, 0, 0, 0], [0, 0, 0, 0, 0, -1, 0, -1, -1, 2, 2, -1, 1, 2, 1, 2, 1, 2, -1, -1, -1, 0], [0, 0, 0, 0, 0, -1, 0, 0, 0, 1, 1, -1, 0, 1, 0, 1, 0, 2, -1, -1, -1, 0], [0, 0, 0, 0, 0, 1, 0, 1, 0, -2, -2, 1, 0, -1, 0, -1, 0, -2, 1, 1, 1, 0], [0, 0, 0, 0, 0, 0, 0, 0, 0, 0, 0, 0, 0, 0, 0, 1, 0, 0, 0, 0, 0, 0], [0, 0, 0, 0, 0, 1, 0, 0, 1, -1, -1, 1, 0, -1, 0, -2, 0, -2, 1, 1, 1, 0], [0, 0, 0, 0, 0, 1, 0, 0, 0, -1, -1, 1, 0, 0, 0, -1, 0, -1, 1, 1, 1, 0], [0, 0, -1, 0, 0, 0, 0, 0, 0, 0, 0, 0, 0, 0, 0, 1, 0, 1, 0, 0, -1, 0], [0, 0, 1, 0, 0, -1, 0, 0, 0, 1, 1, -1, 0, 0, 0, 0, 0, 1, 0, 0, 0, 0], [0, 0, 0, 0, 0, 0, 0, 0, 0, 0, 0, 0, 0, 0, 0, 0, 0, 0, 0, 0, 1, 0], [0, 0, 0, 0, 0, 0, 0, 0, 0, 0, 0, 0, 0, 0, 0, 0, 0, 0, 0, 0, 0, 1]]
[[1, 0, 0, 0, 0, 0, 0, 0, 0, 0, 0, 0, 0, 0, 0, 0, 0, 0, 0, 0, 0, 0], [0, 1, 0, 0, 0, 0, 0, 0, 0, 0, 0, 0, 0, 0, 0, 0, 0, 0, 0, 0, 0, 0], [0, 0, 1, 0, 0, 0, 0, 0, 0, 0, 0, 0, 0, 0, 0, 0, 0, 0, 0, 0, 0, 0], [0, 0, 0, 1, 0, 0, 0, 0, 0, 0, 0, 0, 0, 0, 0, 0, 0, 0, 0, 0, 0, 0], [0, 0, 0, 0, 1, 0, 0, 0, 0, 0, 0, 0, 0, 0, 0, 0, 0, 0, 0, 0, 0, 0], [0, 0, 0, 0, 0, 1, 0, 0, 0, 0, 0, 0, 0, 0, 0, 0, 0, 0, 0, 0, 0, 0], [0, 0, 0, 0, 0, 0, 1, 0, 0, 0, 0, 0, 0, 0, 0, 0, 0, 0, 0, 0, 0, 0], [0, 0, 0, 0, 0, 0, 0, 1, 0, 0, 0, 0, 0, 0, 0, 0, 0, 0, 0, 0, 0, 0], [0, 0, 0, 0, 0, 0, 0, 0, 1, 0, 0, 0, 0, 0, 0, 0, 0, 0, 0, 0, 0, 0], [0, 0, 0, 0, 0, 0, 0, 0, 0, 1, 0, 0, 0, 0, 0, 0, 0, 0, 0, 0, 0, 0], [0, 0, 0, 0, 0, 0, 0, 0, 0, 0, 1, 0, 0, 0, 0, 0, 0, 0, 0, 0, 0, 0], [0, 0, 0, 0, 0, 0, 0, 0, 0, 0, 0, 1, 0, 0, 0, 0, 0, 0, 0, 0, 0, 0], [0, 0, 0, 0, 0, 0, 0, 0, 0, 0, 0, 0, 1, 0, 0, 0, 0, 0, 0, 0, 0, 0], [0, 0, 0, 0, 0, 0, 0, 0, 0, 0, 0, 0, 0, 1, 0, 0, 0, 0, 0, 0, 0, 0], [0, 0, 0, 0, 0, 0, 0, 0, 0, 0, 0, 0, 0, 0, 1, 0, 0, 0, 0, 0, 0, 0], [0, 0, 0, 0, 0, 0, 0, 0, 0, 0, 0, 0, 0, 0, 0, 1, 0, 0, 0, 0, 0, 0], [0, 0, 0, 0, 0, 0, 0, 0, 0, 0, 0, 0, 0, 0, 0, 0, 1, 0, 0, 0, 0, 0], [0, 0, 0, 0, 0, 0, 0, 0, 0, 0, 0, 0, 0, 0, 0, 0, 0, 1, 0, 0, 0, 0], [0, 0, 0, 0, 0, 0, 0, 0, 0, 0, 0, 0, 0, 0, 0, 0, 0, 0, 1, 0, 0, 0], [0, 0, 0, 0, 0, 0, 0, 0, 0, 0, 0, 0, 0, 0, 0, 0, 0, 0, 0, 1, 0, 0], [0, 0, 0, 0, 0, 0, 0, 0, 0, 0, 0, 0, 0, 0, 0, 0, 0, 0, 0, 0, 1, 0], [0, 0, 0, 0, 0, 0, 0, 0, 0, 0, 0, 0, 0, 0, 0, 0, 0, 0, 0, 0, 0, 1]]
[[1, 0, 0, 0, 0, 0, 0, 0, 0, 0, 0, 0, 0, 0, 0, 0, 0, 0, 0, 0, 0, 0], [0, 1, 0, 0, 0, 0, 0, 0, 0, 0, 0, 0, 0, 0, 0, 0, 0, 0, 0, 0, 0, 0], [0, 0, 1, 0, 0, 0, 0, 0, 0, 0, 0, 0, 0, 0, 0, 0, 0, 0, 0, 0, 0, 0], [0, 0, 0, 1, 0, 0, 0, 0, 0, 0, 0, 0, 0, 0, 0, 0, 0, 0, 0, 0, 0, 0], [0, 0, 0, 0, 1, 0, 0, 0, 0, 0, 0, 0, 0, 0, 0, 0, 0, 0, 0, 0, 0, 0], [0, 0, 0, 0, 0, 1, 0, 0, 0, 0, 0, 0, 0, 0, 0, 0, 0, 0, 0, 0, 0, 0], [0, 0, 0, 0, 0, 0, 1, 0, 0, 0, 0, 0, 0, 0, 0, 0, 0, 0, 0, 0, 0, 0], [0, 0, 0, 0, 0, 0, 0, 1, 0, 0, 0, 0, 0, 0, 0, 0, 0, 0, 0, 0, 0, 0], [0, 0, 0, 0, 0, 0, 0, 0, 1, 0, 0, 0, 0, 0, 0, 0, 0, 0, 0, 0, 0, 0], [0, 0, 0, 0, 0, 0, 0, 0, 0, 1, 0, 0, 0, 0, 0, 0, 0, 0, 0, 0, 0, 0], [0, 0, 0, 0, 0, 0, 0, 0, 0, 0, 1, 0, 0, 0, 0, 0, 0, 0, 0, 0, 0, 0], [0, 0, 0, 0, 0, 0, 0, 0, 0, 0, 0, 1, 0, 0, 0, 0, 0, 0, 0, 0, 0, 0], [0, 0, 0, 0, 0, 0, 0, 0, 0, 0, 0, 0, 1, 0, 0, 0, 0, 0, 0, 0, 0, 0], [0, 0, 0, 0, 0, 0, 0, 0, 0, 0, 0, 0, 0, 1, 0, 0, 0, 0, 0, 0, 0, 0], [0, 0, 0, 0, 0, 0, 0, 0, 0, 0, 0, 0, 0, 0, 1, 0, 0, 0, 0, 0, 0, 0], [0, 0, 0, 0, 0, 0, 0, 0, 0, 0, 0, 0, 0, 0, 0, 1, 0, 0, 0, 0, 0, 0], [0, 0, 0, 0, 0, 0, 0, 0, 0, 0, 0, 0, 0, 0, 0, 0, 1, 0, 0, 0, 0, 0], [0, 0, 0, 0, 0, 0, 0, 0, 0, 0, 0, 0, 0, 0, 0, 0, 0, 1, 0, 0, 0, 0], [0, 0, 0, 0, 0, 0, 0, 0, 0, 0, 0, 0, 0, 0, 0, 0, 0, 0, 1, 0, 0, 0], [0, 0, 0, 0, 0, 0, 0, 0, 0, 0, 0, 0, 0, 0, 0, 0, 0, 0, 0, 1, 0, 0], [0, 0, 0, 0, 0, 0, 0, 0, 0, 0, 0, 0, 0, 0, 0, 0, 0, 0, 0, 0, 1, 0], [0, 0, 0, 0, 0, 0, 0, 0, 0, 0, 0, 0, 0, 0, 0, 0, 0, 0, 0, 0, 0, 1]]
[[1, -1, 0, 0, -1, -2, -1, 0, 0, 3, 0, -2, -1, 0, 0, 1, 0, 3, 0, 0, -2, 0], [0, 1, 0, 0, 0, 0, 0, 0, 0, 0, 0, 0, 0, 0, 0, 0, 0, 0, 0, 0, 0, 0], [0, 0, 1, 0, 0, 0, 0, 0, 0, 0, 0, 0, 0, 0, 0, 0, 0, 0, 0, 0, 0, 0], [0, 0, 0, 1, 0, 0, 0, 0, 0, 0, 0, 0, 0, 0, 0, 0, 0, 0, 0, 0, 0, 0], [0, -1, 0, 0, 0, -2, -1, 0, 0, 3, 0, -2, -1, 0, 0, 1, 0, 3, 0, 0, -2, 0], [0, -2, 0, 0, -2, -3, -2, 0, 0, 6, 0, -4, -2, 0, 0, 2, 0, 6, 0, 0, -4, 0], [0, 3, 0, 0, 3, 6, 4, 0, 0, -9, 0, 6, 3, 0, 0, -3, 0, -9, 0, 0, 6, 0], [0, -2, 0, 0, -2, -4, -2, 1, 0, 6, 0, -4, -2, 0, 0, 2, 0, 6, 0, 0, -4, 0], [0, -1, 0, 0, -1, -2, -1, 0, 1, 3, 0, -2, -1, 0, 0, 1, 0, 3, 0, 0, -2, 0], [0, -1, 0, 0, -1, -2, -1, 0, 0, 4, 0, -2, -1, 0, 0, 1, 0, 3, 0, 0, -2, 0], [0, 0, 0, 0, 0, 0, 0, 0, 0, 0, 1, 0, 0, 0, 0, 0, 0, 0, 0, 0, 0, 0], [0, 1, 0, 0, 1, 2, 1, 0, 0, -3, 0, 3, 1, 0, 0, -1, 0, -3, 0, 0, 2, 0], [0, -1, 0, 0, -1, -2, -1, 0, 0, 3, 0, -2, 0, 0, 0, 1, 0, 3, 0, 0, -2, 0], [0, 0, 0, 0, 0, 0, 0, 0, 0, 0, 0, 0, 0, 1, 0, 0, 0, 0, 0, 0, 0, 0], [0, 0, 0, 0, 0, 0, 0, 0, 0, 0, 0, 0, 0, 0, 1, 0, 0, 0, 0, 0, 0, 0], [0, 1, 0, 0, 1, 2, 1, 0, 0, -3, 0, 2, 1, 0, 0, 0, 0, -3, 0, 0, 2, 0], [0, -1, 0, 0, -1, -2, -1, 0, 0, 3, 0, -2, -1, 0, 0, 1, 1, 3, 0, 0, -2, 0], [0, 1, 0, 0, 1, 2, 1, 0, 0, -3, 0, 2, 1, 0, 0, -1, 0, -2, 0, 0, 2, 0], [0, 1, 0, 0, 1, 2, 1, 0, 0, -3, 0, 2, 1, 0, 0, -1, 0, -3, 1, 0, 2, 0], [0, 0, 0, 0, 0, 0, 0, 0, 0, 0, 0, 0, 0, 0, 0, 0, 0, 0, 0, 1, 0, 0], [0, 0, 0, 0, 0, 0, 0, 0, 0, 0, 0, 0, 0, 0, 0, 0, 0, 0, 0, 0, 1, 0], [0, -1, 0, 0, -1, -2, -1, 0, 0, 3, 0, -2, -1, 0, 0, 1, 0, 3, 0, 0, -2, 1]]
[[1, 0, 0, 0, 0, 0, 0, 0, 0, 0, 0, 0, 0, 0, 0, 0, 0, 0, 0, 0, 0, 0], [0, 1, 0, 0, 0, 0, 0, 0, 0, 0, 0, 0, 0, 0, 0, 0, 0, 0, 0, 0, 0, 0], [0, 0, 1, 0, 0, 0, 0, 0, 0, 0, 0, 0, 0, 0, 0, 0, 0, 0, 0, 0, 0, 0], [0, 0, 0, 1, 0, 0, 0, 0, 0, 0, 0, 0, 0, 0, 0, 0, 0, 0, 0, 0, 0, 0], [0, 0, 0, 0, 1, 0, 0, 0, 0, 0, 0, 0, 0, 0, 0, 0, 0, 0, 0, 0, 0, 0], [0, 0, 0, 0, 0, 1, 0, 0, 0, 0, 0, 0, 0, 0, 0, 0, 0, 0, 0, 0, 0, 0], [0, 0, 0, 0, 0, 0, 1, 0, 0, 0, 0, 0, 0, 0, 0, 0, 0, 0, 0, 0, 0, 0], [0, 0, 0, 0, 0, 0, 0, 1, 0, 0, 0, 0, 0, 0, 0, 0, 0, 0, 0, 0, 0, 0], [0, 0, 0, 0, 0, 0, 0, 0, 1, 0, 0, 0, 0, 0, 0, 0, 0, 0, 0, 0, 0, 0], [0, 0, 0, 0, 0, 0, 0, 0, 0, 1, 0, 0, 0, 0, 0, 0, 0, 0, 0, 0, 0, 0], [0, 0, 0, 0, 0, 0, 0, 0, 0, 0, 1, 0, 0, 0, 0, 0, 0, 0, 0, 0, 0, 0], [0, 0, 0, 0, 0, 0, 0, 0, 0, 0, 0, 1, 0, 0, 0, 0, 0, 0, 0, 0, 0, 0], [0, 0, 0, 0, 0, 0, 0, 0, 0, 0, 0, 0, 1, 0, 0, 0, 0, 0, 0, 0, 0, 0], [0, 0, 0, 0, 0, 0, 0, 0, 0, 0, 0, 0, 0, 1, 0, 0, 0, 0, 0, 0, 0, 0], [0, 0, 0, 0, 0, 0, 0, 0, 0, 0, 0, 0, 0, 0, 1, 0, 0, 0, 0, 0, 0, 0], [0, 0, 0, 0, 0, 0, 0, 0, 0, 0, 0, 0, 0, 0, 0, 1, 0, 0, 0, 0, 0, 0], [0, 0, 0, 0, 0, 0, 0, 0, 0, 0, 0, 0, 0, 0, 0, 0, 1, 0, 0, 0, 0, 0], [0, 0, 0, 0, 0, 0, 0, 0, 0, 0, 0, 0, 0, 0, 0, 0, 0, 1, 0, 0, 0, 0], [0, 0, 0, 0, 0, 0, 0, 0, 0, 0, 0, 0, 0, 0, 0, 0, 0, 0, 1, 0, 0, 0], [0, 0, 0, 0, 0, 0, 0, 0, 0, 0, 0, 0, 0, 0, 0, 0, 0, 0, 0, 1, 0, 0], [0, 0, 0, 0, 0, 0, 0, 0, 0, 0, 0, 0, 0, 0, 0, 0, 0, 0, 0, 0, 1, 0], [0, 0, 0, 0, 0, 0, 0, 0, 0, 0, 0, 0, 0, 0, 0, 0, 0, 0, 0, 0, 0, 1]]
[[1, 0, 0, 0, 0, 0, 0, 0, 0, 0, 0, 0, 0, 0, 0, 0, 0, 0, 0, 0, 0, 0], [0, 1, 0, 0, 0, 0, 0, 0, 0, 0, 0, 0, 0, 0, 0, 0, 0, 0, 0, 0, 0, 0], [0, 0, 1, 0, 0, 0, 0, 0, 0, 0, 0, 0, 0, 0, 0, 0, 0, 0, 0, 0, 0, 0], [0, 0, 0, 1, 0, 0, 0, 0, 0, 0, 0, 0, 0, 0, 0, 0, 0, 0, 0, 0, 0, 0], [0, 0, 0, 0, 1, 0, 0, 0, 0, 0, 0, 0, 0, 0, 0, 0, 0, 0, 0, 0, 0, 0], [0, 0, 0, 0, 0, 1, 0, 0, 0, 0, 0, 0, 0, 0, 0, 0, 0, 0, 0, 0, 0, 0], [0, 0, 0, 0, 0, 0, 1, 0, 0, 0, 0, 0, 0, 0, 0, 0, 0, 0, 0, 0, 0, 0], [0, 0, 0, 0, 0, 0, 0, 1, 0, 0, 0, 0, 0, 0, 0, 0, 0, 0, 0, 0, 0, 0], [0, 0, 0, 0, 0, 0, 0, 0, 1, 0, 0, 0, 0, 0, 0, 0, 0, 0, 0, 0, 0, 0], [0, 0, 0, 0, 0, 0, 0, 0, 0, 1, 0, 0, 0, 0, 0, 0, 0, 0, 0, 0, 0, 0], [0, 0, 0, 0, 0, 0, 0, 0, 0, 0, 1, 0, 0, 0, 0, 0, 0, 0, 0, 0, 0, 0], [0, 0, 0, 0, 0, 0, 0, 0, 0, 0, 0, 1, 0, 0, 0, 0, 0, 0, 0, 0, 0, 0], [0, 0, 0, 0, 0, 0, 0, 0, 0, 0, 0, 0, 1, 0, 0, 0, 0, 0, 0, 0, 0, 0], [0, 0, 0, 0, 0, 0, 0, 0, 0, 0, 0, 0, 0, 1, 0, 0, 0, 0, 0, 0, 0, 0], [0, 0, 0, 0, 0, 0, 0, 0, 0, 0, 0, 0, 0, 0, 1, 0, 0, 0, 0, 0, 0, 0], [0, 0, 0, 0, 0, 0, 0, 0, 0, 0, 0, 0, 0, 0, 0, 1, 0, 0, 0, 0, 0, 0], [0, 0, 0, 0, 0, 0, 0, 0, 0, 0, 0, 0, 0, 0, 0, 0, 1, 0, 0, 0, 0, 0], [0, 0, 0, 0, 0, 0, 0, 0, 0, 0, 0, 0, 0, 0, 0, 0, 0, 1, 0, 0, 0, 0], [0, 0, 0, 0, 0, 0, 0, 0, 0, 0, 0, 0, 0, 0, 0, 0, 0, 0, 1, 0, 0, 0], [0, 0, 0, 0, 0, 0, 0, 0, 0, 0, 0, 0, 0, 0, 0, 0, 0, 0, 0, 1, 0, 0], [0, 0, 0, 0, 0, 0, 0, 0, 0, 0, 0, 0, 0, 0, 0, 0, 0, 0, 0, 0, 1, 0], [0, 0, 0, 0, 0, 0, 0, 0, 0, 0, 0, 0, 0, 0, 0, 0, 0, 0, 0, 0, 0, 1]]
[[1, 0, 0, 0, 0, 0, 0, 0, 0, 0, 0, 0, 0, 0, 0, 0, 0, 0, 0, 0, 0, 0], [0, 1, 0, 0, 0, 0, 0, 0, 0, 0, 0, 0, 0, 0, 0, 0, 0, 0, 0, 0, 0, 0], [0, 0, 1, 0, 0, 0, 0, 0, 0, 0, 0, 0, 0, 0, 0, 0, 0, 0, 0, 0, 0, 0], [0, 0, 0, 1, 0, 0, 0, 0, 0, 0, 0, 0, 0, 0, 0, 0, 0, 0, 0, 0, 0, 0], [0, 0, 0, 0, 1, 0, 0, 0, 0, 0, 0, 0, 0, 0, 0, 0, 0, 0, 0, 0, 0, 0], [0, 0, 0, 0, 0, 1, 0, 0, 0, 0, 0, 0, 0, 0, 0, 0, 0, 0, 0, 0, 0, 0], [0, 0, 0, 0, 0, 0, 1, 0, 0, 0, 0, 0, 0, 0, 0, 0, 0, 0, 0, 0, 0, 0], [0, 0, 0, 0, 0, 0, 0, 1, 0, 0, 0, 0, 0, 0, 0, 0, 0, 0, 0, 0, 0, 0], [0, 0, 0, 0, 0, 0, 0, 0, 1, 0, 0, 0, 0, 0, 0, 0, 0, 0, 0, 0, 0, 0], [0, 0, 0, 0, 0, 0, 0, 0, 0, 1, 0, 0, 0, 0, 0, 0, 0, 0, 0, 0, 0, 0], [0, 0, 0, 0, 0, 0, 0, 0, 0, 0, 1, 0, 0, 0, 0, 0, 0, 0, 0, 0, 0, 0], [0, 0, 0, 0, 0, 0, 0, 0, 0, 0, 0, 1, 0, 0, 0, 0, 0, 0, 0, 0, 0, 0], [0, 0, 0, 0, 0, 0, 0, 0, 0, 0, 0, 0, 1, 0, 0, 0, 0, 0, 0, 0, 0, 0], [0, 0, 0, 0, 0, 0, 0, 0, 0, 0, 0, 0, 0, 1, 0, 0, 0, 0, 0, 0, 0, 0], [0, 0, 0, 0, 0, 0, 0, 0, 0, 0, 0, 0, 0, 0, 1, 0, 0, 0, 0, 0, 0, 0], [0, 0, 0, 0, 0, 0, 0, 0, 0, 0, 0, 0, 0, 0, 0, 1, 0, 0, 0, 0, 0, 0], [0, 0, 0, 0, 0, 0, 0, 0, 0, 0, 0, 0, 0, 0, 0, 0, 1, 0, 0, 0, 0, 0], [0, 0, 0, 0, 0, 0, 0, 0, 0, 0, 0, 0, 0, 0, 0, 0, 0, 1, 0, 0, 0, 0], [0, 0, 0, 0, 0, 0, 0, 0, 0, 0, 0, 0, 0, 0, 0, 0, 0, 0, 1, 0, 0, 0], [0, 0, 0, 0, 0, 0, 0, 0, 0, 0, 0, 0, 0, 0, 0, 0, 0, 0, 0, 1, 0, 0], [0, 0, 0, 0, 0, 0, 0, 0, 0, 0, 0, 0, 0, 0, 0, 0, 0, 0, 0, 0, 1, 0], [0, 0, 0, 0, 0, 0, 0, 0, 0, 0, 0, 0, 0, 0, 0, 0, 0, 0, 0, 0, 0, 1]]
[[1, 0, 0, 0, 0, 0, 0, 0, 0, 0, 0, 0, 0, 0, 0, 0, 0, 0, 0, 0, 0, 0], [0, 1, 0, 0, 0, 0, 0, 0, 0, 0, 0, 0, 0, 0, 0, 0, 0, 0, 0, 0, 0, 0], [0, 0, 1, 0, 0, 0, 0, 0, 0, 0, 0, 0, 0, 0, 0, 0, 0, 0, 0, 0, 0, 0], [0, 0, 0, 1, 0, 0, 0, 0, 0, 0, 0, 0, 0, 0, 0, 0, 0, 0, 0, 0, 0, 0], [0, 0, 0, 0, 1, 0, 0, 0, 0, 0, 0, 0, 0, 0, 0, 0, 0, 0, 0, 0, 0, 0], [0, 0, 0, 0, 0, 1, 0, 0, 0, 0, 0, 0, 0, 0, 0, 0, 0, 0, 0, 0, 0, 0], [0, 0, 0, 0, 0, 0, 1, 0, 0, 0, 0, 0, 0, 0, 0, 0, 0, 0, 0, 0, 0, 0], [0, 0, 0, 0, 0, 0, 0, 1, 0, 0, 0, 0, 0, 0, 0, 0, 0, 0, 0, 0, 0, 0], [0, 0, 0, 0, 0, 0, 0, 0, 1, 0, 0, 0, 0, 0, 0, 0, 0, 0, 0, 0, 0, 0], [0, 0, 0, 0, 0, 0, 0, 0, 0, 1, 0, 0, 0, 0, 0, 0, 0, 0, 0, 0, 0, 0], [0, 0, 0, 0, 0, 0, 0, 0, 0, 0, 1, 0, 0, 0, 0, 0, 0, 0, 0, 0, 0, 0], [0, 0, 0, 0, 0, 0, 0, 0, 0, 0, 0, 1, 0, 0, 0, 0, 0, 0, 0, 0, 0, 0], [0, 0, 0, 0, 0, 0, 0, 0, 0, 0, 0, 0, 1, 0, 0, 0, 0, 0, 0, 0, 0, 0], [0, 0, 0, 0, 0, 0, 0, 0, 0, 0, 0, 0, 0, 1, 0, 0, 0, 0, 0, 0, 0, 0], [0, 0, 0, 0, 0, 0, 0, 0, 0, 0, 0, 0, 0, 0, 1, 0, 0, 0, 0, 0, 0, 0], [0, 0, 0, 0, 0, 0, 0, 0, 0, 0, 0, 0, 0, 0, 0, 1, 0, 0, 0, 0, 0, 0], [0, 0, 0, 0, 0, 0, 0, 0, 0, 0, 0, 0, 0, 0, 0, 0, 1, 0, 0, 0, 0, 0], [0, 0, 0, 0, 0, 0, 0, 0, 0, 0, 0, 0, 0, 0, 0, 0, 0, 1, 0, 0, 0, 0], [0, 0, 0, 0, 0, 0, 0, 0, 0, 0, 0, 0, 0, 0, 0, 0, 0, 0, 1, 0, 0, 0], [0, 0, 0, 0, 0, 0, 0, 0, 0, 0, 0, 0, 0, 0, 0, 0, 0, 0, 0, 1, 0, 0], [0, 0, 0, 0, 0, 0, 0, 0, 0, 0, 0, 0, 0, 0, 0, 0, 0, 0, 0, 0, 1, 0], [0, 0, 0, 0, 0, 0, 0, 0, 0, 0, 0, 0, 0, 0, 0, 0, 0, 0, 0, 0, 0, 1]]
[[1, 0, 0, 0, 0, 0, 0, 0, 0, 0, 0, 0, 0, 0, 0, 0, 0, 0, 0, 0, 0, 0], [0, 1, 0, 0, 0, 0, 0, 0, 0, 0, 0, 0, 0, 0, 0, 0, 0, 0, 0, 0, 0, 0], [0, 0, 1, 0, 0, 0, 0, 0, 0, 0, 0, 0, 0, 0, 0, 0, 0, 0, 0, 0, 0, 0], [0, 0, 0, 1, 0, 0, 0, 0, 0, 0, 0, 0, 0, 0, 0, 0, 0, 0, 0, 0, 0, 0], [0, 0, 0, 0, 1, 0, 0, 0, 0, 0, 0, 0, 0, 0, 0, 0, 0, 0, 0, 0, 0, 0], [0, 0, 0, 0, 0, 1, 0, 0, 0, 0, 0, 0, 0, 0, 0, 0, 0, 0, 0, 0, 0, 0], [0, 0, 0, 0, 0, 0, 1, 0, 0, 0, 0, 0, 0, 0, 0, 0, 0, 0, 0, 0, 0, 0], [0, 0, 0, 0, 0, 0, 0, 1, 0, 0, 0, 0, 0, 0, 0, 0, 0, 0, 0, 0, 0, 0], [0, 0, 0, 0, 0, 0, 0, 0, 1, 0, 0, 0, 0, 0, 0, 0, 0, 0, 0, 0, 0, 0], [0, 0, 0, 0, 0, 0, 0, 0, 0, 1, 0, 0, 0, 0, 0, 0, 0, 0, 0, 0, 0, 0], [0, 0, 0, 0, 0, 0, 0, 0, 0, 0, 1, 0, 0, 0, 0, 0, 0, 0, 0, 0, 0, 0], [0, 0, 0, 0, 0, 0, 0, 0, 0, 0, 0, 1, 0, 0, 0, 0, 0, 0, 0, 0, 0, 0], [0, 0, 0, 0, 0, 0, 0, 0, 0, 0, 0, 0, 1, 0, 0, 0, 0, 0, 0, 0, 0, 0], [0, 0, 0, 0, 0, 0, 0, 0, 0, 0, 0, 0, 0, 1, 0, 0, 0, 0, 0, 0, 0, 0], [0, 0, 0, 0, 0, 0, 0, 0, 0, 0, 0, 0, 0, 0, 1, 0, 0, 0, 0, 0, 0, 0], [0, 0, 0, 0, 0, 0, 0, 0, 0, 0, 0, 0, 0, 0, 0, 1, 0, 0, 0, 0, 0, 0], [0, 0, 0, 0, 0, 0, 0, 0, 0, 0, 0, 0, 0, 0, 0, 0, 1, 0, 0, 0, 0, 0], [0, 0, 0, 0, 0, 0, 0, 0, 0, 0, 0, 0, 0, 0, 0, 0, 0, 1, 0, 0, 0, 0], [0, 0, 0, 0, 0, 0, 0, 0, 0, 0, 0, 0, 0, 0, 0, 0, 0, 0, 1, 0, 0, 0], [0, 0, 0, 0, 0, 0, 0, 0, 0, 0, 0, 0, 0, 0, 0, 0, 0, 0, 0, 1, 0, 0], [0, 0, 0, 0, 0, 0, 0, 0, 0, 0, 0, 0, 0, 0, 0, 0, 0, 0, 0, 0, 1, 0], [0, 0, 0, 0, 0, 0, 0, 0, 0, 0, 0, 0, 0, 0, 0, 0, 0, 0, 0, 0, 0, 1]]
[[1, 1, -1, -1, 1, 1, 1, -1, 0, -2, 1, 2, 2, 2, 1, 1, 2, -2, -1, 0, 2, 0], [0, 0, 1, 1, -1, -1, -1, 1, 0, 2, -1, -2, -2, -2, -1, -1, -2, 2, 1, 0, -2, 0], [0, -1, 2, 1, -1, -1, -1, 1, 0, 2, -1, -2, -2, -2, -1, -1, -2, 2, 1, 0, -2, 0], [0, 1, -1, 0, 1, 1, 1, -1, 0, -2, 1, 2, 2, 2, 1, 1, 2, -2, -1, 0, 2, 0], [0, -2, 2, 2, -1, -2, -2, 2, 0, 4, -2, -4, -4, -4, -2, -2, -4, 4, 2, 0, -4, 0], [0, -1, 1, 1, -1, 0, -1, 1, 0, 2, -1, -2, -2, -2, -1, -1, -2, 2, 1, 0, -2, 0], [0, 2, -2, -2, 2, 2, 3, -2, 0, -4, 2, 4, 4, 4, 2, 2, 4, -4, -2, 0, 4, 0], [0, 1, -1, -1, 1, 1, 1, 0, 0, -2, 1, 2, 2, 2, 1, 1, 2, -2, -1, 0, 2, 0], [0, -1, 1, 1, -1, -1, -1, 1, 1, 2, -1, -2, -2, -2, -1, -1, -2, 2, 1, 0, -2, 0], [0, 0, 0, 0, 0, 0, 0, 0, 0, 1, 0, 0, 0, 0, 0, 0, 0, 0, 0, 0, 0, 0], [0, 1, -1, -1, 1, 1, 1, -1, 0, -2, 2, 2, 2, 2, 1, 1, 2, -2, -1, 0, 2, 0], [0, 0, 0, 0, 0, 0, 0, 0, 0, 0, 0, 1, 0, 0, 0, 0, 0, 0, 0, 0, 0, 0], [0, 1, -1, -1, 1, 1, 1, -1, 0, -2, 1, 2, 3, 2, 1, 1, 2, -2, -1, 0, 2, 0], [0, 1, -1, -1, 1, 1, 1, -1, 0, -2, 1, 2, 2, 3, 1, 1, 2, -2, -1, 0, 2, 0], [0, -1, 1, 1, -1, -1, -1, 1, 0, 2, -1, -2, -2, -2, 0, -1, -2, 2, 1, 0, -2, 0], [0, -1, 1, 1, -1, -1, -1, 1, 0, 2, -1, -2, -2, -2, -1, 0, -2, 2, 1, 0, -2, 0], [0, -1, 1, 1, -1, -1, -1, 1, 0, 2, -1, -2, -2, -2, -1, -1, -1, 2, 1, 0, -2, 0], [0, -1, 1, 1, -1, -1, -1, 1, 0, 2, -1, -2, -2, -2, -1, -1, -2, 3, 1, 0, -2, 0], [0, 0, 0, 0, 0, 0, 0, 0, 0, 0, 0, 0, 0, 0, 0, 0, 0, 0, 1, 0, 0, 0], [0, 0, 0, 0, 0, 0, 0, 0, 0, 0, 0, 0, 0, 0, 0, 0, 0, 0, 0, 1, 0, 0], [0, -1, 1, 1, -1, -1, -1, 1, 0, 2, -1, -2, -2, -2, -1, -1, -2, 2, 1, 0, -1, 0], [0, 0, 0, 0, 0, 0, 0, 0, 0, 0, 0, 0, 0, 0, 0, 0, 0, 0, 0, 0, 0, 1]]
[[0, -1, -1, -1, 0, -1, 0, 0, 1, 0, 0, 0, 1, 1, 1, 1, 2, 0, 0, 1, 1, 0], [-1, 0, 1, 1, 0, 0, 0, 1, 0, 0, 0, -1, -1, -1, 0, -1, -1, 0, 1, 0, 0, 0], [1, 1, 1, 0, 0, 1, 1, 0, 0, 0, 0, 0, 0, 0, 0, 0, 0, 0, 0, 0, 0, 0], [1, 1, -1, 0, 0, 0, 0, -1, 0, 0, 0, 1, 1, 1, 0, 1, 1, 0, -1, 0, 0, 0], [2, 2, -1, 0, 0, 2, 2, 0, 1, -1, -1, 0, 0, 0, 0, 1, 1, 0, 0, 1, 0, 1], [0, 0, -2, -1, -1, 1, 1, 0, 2, -1, -1, 0, 1, 1, 1, 2, 3, 0, 0, 2, 1, 1], [0, 0, 2, 1, 1, -1, -2, -1, -3, 1, 1, 1, -1, -1, -2, -2, -4, 0, -1, -3, -2, -1], [-1, -1, -2, -1, -1, -1, 0, 1, 2, -1, -1, 0, 1, 1, 1, 2, 3, 0, 0, 2, 1, 1], [1, 1, 0, 0, 0, 1, 1, 0, 1, 0, 0, 0, 0, 0, 0, 0, 0, 0, 0, 0, 0, 0], [0, 0, -1, 0, -1, 0, 0, 0, 1, 0, -1, 0, 0, 0, 0, 1, 1, 0, 0, 1, 0, 1], [-1, -1, -1, 0, -1, -1, -1, 0, 1, -1, 0, 0, 0, 0, 0, 1, 1, 0, 0, 1, 0, 1], [0, 0, 1, 1, 0, 0, -1, 0, -1, 0, 0, 1, -1, -1, -1, -1, -2, 0, 0, -1, -1, 0], [0, 0, 0, 0, 0, 0, 0, 0, 0, 0, 0, 0, 1, 0, 0, 0, 0, 0, 0, 0, 0, 0], [0, 0, 0, 0, 0, 0, 0, 0, 0, 0, 0, 0, 0, 1, 0, 0, 0, 0, 0, 0, 0, 0], [0, 0, 0, -1, 1, 0, 1, 0, 0, 1, 1, 0, 1, 1, 2, 0, 1, 0, 0, 0, 1, -1], [1, 1, 2, 1, 1, 1, 0, 0, -2, 1, 1, 0, -1, -1, -1, -1, -3, 0, 0, -2, -1, -1], [0, 0, -2, -1, -1, 0, 1, 0, 2, -1, -1, 0, 1, 1, 1, 2, 4, 0, 0, 2, 1, 1], [0, 0, 1, 1, 0, 0, -1, 0, -1, 0, 0, 0, -1, -1, -1, -1, -2, 1, 0, -1, -1, 0], [0, 0, 2, 1, 1, 0, -1, 0, -2, 1, 1, 0, -1, -1, -1, -2, -3, 0, 1, -2, -1, -1], [0, 0, 0, 1, -1, 0, -1, 0, 0, -1, -1, 0, -1, -1, -1, 0, -1, 0, 0, 1, -1, 1], [0, 0, 1, 1, 0, 0, -1, 0, -1, 0, 0, 0, -1, -1, -1, -1, -2, 0, 0, -1, 0, 0], [0, 0, -1, -1, 0, 0, 1, 0, 1, 0, 0, 0, 1, 1, 1, 1, 2, 0, 0, 1, 1, 1]]
[[0, -2, 1, 1, -3, -3, -3, 1, 0, 4, -2, -4, -3, -3, -2, 0, -2, 5, 1, 1, -4, 0], [0, -2, 0, 0, -2, -3, -3, 0, 0, 5, -1, -3, -3, -2, -1, 0, -2, 5, 2, 1, -4, 1], [-1, -4, 2, 1, -4, -5, -5, 1, 0, 7, -2, -5, -5, -4, -2, 0, -3, 7, 3, 2, -6, 1], [1, 3, -1, 0, 4, 4, 4, -1, 0, -6, 3, 4, 4, 3, 2, 0, 2, -6, -2, -2, 5, -1], [-2, -10, 2, 2, -8, -12, -12, 2, 0, 17, -4, -13, -12, -10, -5, 0, -8, 18, 7, 4, -15, 2], [-2, -10, 2, 2, -9, -11, -12, 2, 0, 17, -4, -13, -12, -10, -5, 0, -8, 18, 7, 4, -15, 2], [3, 15, -3, -3, 14, 18, 19, -3, 0, -26, 7, 20, 18, 15, 8, 0, 12, -28, -10, -6, 23, -3], [0, -2, 0, 0, -1, -2, -2, 1, 0, 3, 0, -3, -2, -2, -1, 0, -2, 4, 1, 0, -3, 0], [-1, -4, 1, 1, -4, -5, -5, 1, 1, 7, -2, -5, -5, -4, -2, 0, -3, 7, 3, 2, -6, 1], [0, -2, 0, 0, -1, -2, -2, 0, 0, 4, 0, -3, -2, -2, -1, 0, -2, 4, 1, 0, -3, 0], [1, 4, -1, -1, 4, 5, 5, -1, 0, -7, 3, 5, 5, 4, 2, 0, 3, -7, -3, -2, 6, -1], [1, 4, -1, -1, 4, 5, 5, -1, 0, -7, 2, 6, 5, 4, 2, 0, 3, -7, -3, -2, 6, -1], [1, 5, -1, -1, 5, 6, 6, -1, 0, -9, 3, 7, 7, 5, 3, 0, 4, -10, -3, -2, 8, -1], [1, 7, -1, -1, 7, 8, 8, -1, 0, -13, 5, 9, 8, 7, 4, 0, 5, -14, -4, -3, 11, -2], [-2, -8, 2, 2, -9, -10, -10, 2, 0, 15, -6, -11, -10, -8, -4, 0, -6, 16, 5, 4, -13, 2], [1, 3, -1, -1, 3, 4, 4, -1, 0, -5, 1, 5, 4, 4, 2, 1, 3, -6, -2, -1, 5, 0], [-2, -11, 2, 2, -10, -13, -13, 2, 0, 19, -5, -15, -13, -11, -6, 0, -8, 21, 7, 4, -17, 2], [0, 1, 0, 0, 1, 1, 1, 0, 0, -2, 1, 2, 1, 1, 1, 0, 1, -2, 0, 0, 2, 0], [1, 6, -1, -1, 5, 7, 7, -1, 0, -10, 2, 8, 7, 6, 3, 0, 5, -11, -3, -2, 9, -1], [1, 3, -1, -1, 4, 4, 4, -1, 0, -6, 3, 4, 4, 3, 2, 0, 2, -6, -2, -1, 5, -1], [0, 0, 0, 0, 0, 0, 0, 0, 0, 0, 0, 0, 0, 0, 0, 0, 0, 0, 0, 0, 1, 0], [-1, -3, 1, 1, -3, -4, -4, 1, 0, 5, -1, -5, -4, -4, -2, 0, -3, 6, 2, 1, -5, 1]]
[[0, -1, 0, 0, -1, 0, -1, 0, 0, 0, 0, 0, 0, 0, 0, 0, 0, 0, 0, 0, 1, 0], [0, 1, 0, 0, 0, 0, 0, 0, 0, 0, 0, 0, 0, 0, 0, 0, 0, 0, 0, 0, 0, 0], [0, 0, 1, 0, 0, 0, 0, 0, 0, 0, 0, 0, 0, 0, 0, 0, 0, 0, 0, 0, 0, 0], [0, 0, 0, 1, 0, 0, 0, 0, 0, 0, 0, 0, 0, 0, 0, 0, 0, 0, 0, 0, 0, 0], [-1, -1, 0, 0, 0, 0, -1, 0, 0, 0, 0, 0, 0, 0, 0, 0, 0, 0, 0, 0, 1, 0], [0, 0, 0, 0, 0, 1, 0, 0, 0, 0, 0, 0, 0, 0, 0, 0, 0, 0, 0, 0, 0, 0], [1, 1, 0, 0, 1, 0, 2, 0, 0, 0, 0, 0, 0, 0, 0, 0, 0, 0, 0, 0, -1, 0], [0, 0, 0, 0, 0, 0, 0, 1, 0, 0, 0, 0, 0, 0, 0, 0, 0, 0, 0, 0, 0, 0], [0, 0, 0, 0, 0, 0, 0, 0, 1, 0, 0, 0, 0, 0, 0, 0, 0, 0, 0, 0, 0, 0], [0, 0, 0, 0, 0, 0, 0, 0, 0, 1, 0, 0, 0, 0, 0, 0, 0, 0, 0, 0, 0, 0], [1, 1, 0, 0, 1, 0, 1, 0, 0, 0, 1, 0, 0, 0, 0, 0, 0, 0, 0, 0, -1, 0], [1, 1, 0, 0, 1, 0, 1, 0, 0, 0, 0, 1, 0, 0, 0, 0, 0, 0, 0, 0, -1, 0], [1, 1, 0, 0, 1, 0, 1, 0, 0, 0, 0, 0, 1, 0, 0, 0, 0, 0, 0, 0, -1, 0], [1, 1, 0, 0, 1, 0, 1, 0, 0, 0, 0, 0, 0, 1, 0, 0, 0, 0, 0, 0, -1, 0], [-2, -2, 0, 0, -2, 0, -2, 0, 0, 0, 0, 0, 0, 0, 1, 0, 0, 0, 0, 0, 2, 0], [1, 1, 0, 0, 1, 0, 1, 0, 0, 0, 0, 0, 0, 0, 0, 1, 0, 0, 0, 0, -1, 0], [-2, -2, 0, 0, -2, 0, -2, 0, 0, 0, 0, 0, 0, 0, 0, 0, 1, 0, 0, 0, 2, 0], [1, 1, 0, 0, 1, 0, 1, 0, 0, 0, 0, 0, 0, 0, 0, 0, 0, 1, 0, 0, -1, 0], [1, 1, 0, 0, 1, 0, 1, 0, 0, 0, 0, 0, 0, 0, 0, 0, 0, 0, 1, 0, -1, 0], [1, 1, 0, 0, 1, 0, 1, 0, 0, 0, 0, 0, 0, 0, 0, 0, 0, 0, 0, 1, -1, 0], [1, 1, 0, 0, 1, 0, 1, 0, 0, 0, 0, 0, 0, 0, 0, 0, 0, 0, 0, 0, 0, 0], [0, 0, 0, 0, 0, 0, 0, 0, 0, 0, 0, 0, 0, 0, 0, 0, 0, 0, 0, 0, 0, 1]]
[[1, 0, 0, 0, 0, 0, 0, 0, 0, 0, 0, 0, 0, 0, 0, 0, 0, 0, 0, 0, 0, 0], [0, 1, 0, 0, 0, 0, 0, 0, 0, 0, 0, 0, 0, 0, 0, 0, 0, 0, 0, 0, 0, 0], [0, 0, 1, 0, 0, 0, 0, 0, 0, 0, 0, 0, 0, 0, 0, 0, 0, 0, 0, 0, 0, 0], [0, 0, 0, 1, 0, 0, 0, 0, 0, 0, 0, 0, 0, 0, 0, 0, 0, 0, 0, 0, 0, 0], [0, 0, 0, 0, 1, 0, 0, 0, 0, 0, 0, 0, 0, 0, 0, 0, 0, 0, 0, 0, 0, 0], [0, 0, 0, 0, 0, 1, 0, 0, 0, 0, 0, 0, 0, 0, 0, 0, 0, 0, 0, 0, 0, 0], [0, 0, 0, 0, 0, 0, 1, 0, 0, 0, 0, 0, 0, 0, 0, 0, 0, 0, 0, 0, 0, 0], [0, 0, 0, 0, 0, 0, 0, 1, 0, 0, 0, 0, 0, 0, 0, 0, 0, 0, 0, 0, 0, 0], [0, 0, 0, 0, 0, 0, 0, 0, 1, 0, 0, 0, 0, 0, 0, 0, 0, 0, 0, 0, 0, 0], [0, 0, 0, 0, 0, 0, 0, 0, 0, 1, 0, 0, 0, 0, 0, 0, 0, 0, 0, 0, 0, 0], [0, 0, 0, 0, 0, 0, 0, 0, 0, 0, 1, 0, 0, 0, 0, 0, 0, 0, 0, 0, 0, 0], [0, 0, 0, 0, 0, 0, 0, 0, 0, 0, 0, 1, 0, 0, 0, 0, 0, 0, 0, 0, 0, 0], [0, 0, 0, 0, 0, 0, 0, 0, 0, 0, 0, 0, 1, 0, 0, 0, 0, 0, 0, 0, 0, 0], [0, 0, 0, 0, 0, 0, 0, 0, 0, 0, 0, 0, 0, 1, 0, 0, 0, 0, 0, 0, 0, 0], [0, 0, 0, 0, 0, 0, 0, 0, 0, 0, 0, 0, 0, 0, 1, 0, 0, 0, 0, 0, 0, 0], [0, 0, 0, 0, 0, 0, 0, 0, 0, 0, 0, 0, 0, 0, 0, 1, 0, 0, 0, 0, 0, 0], [0, 0, 0, 0, 0, 0, 0, 0, 0, 0, 0, 0, 0, 0, 0, 0, 1, 0, 0, 0, 0, 0], [0, 0, 0, 0, 0, 0, 0, 0, 0, 0, 0, 0, 0, 0, 0, 0, 0, 1, 0, 0, 0, 0], [0, 0, 0, 0, 0, 0, 0, 0, 0, 0, 0, 0, 0, 0, 0, 0, 0, 0, 1, 0, 0, 0], [0, 0, 0, 0, 0, 0, 0, 0, 0, 0, 0, 0, 0, 0, 0, 0, 0, 0, 0, 1, 0, 0], [0, 0, 0, 0, 0, 0, 0, 0, 0, 0, 0, 0, 0, 0, 0, 0, 0, 0, 0, 0, 1, 0], [0, 0, 0, 0, 0, 0, 0, 0, 0, 0, 0, 0, 0, 0, 0, 0, 0, 0, 0, 0, 0, 1]]
[[1, 0, 0, 0, 0, 0, 0, 0, 0, 0, 0, 0, 0, 0, 0, 0, 0, 0, 0, 0, 0, 0], [0, 1, 0, 0, 0, 0, 0, 0, 0, 0, 0, 0, 0, 0, 0, 0, 0, 0, 0, 0, 0, 0], [0, 0, 1, 0, 0, 0, 0, 0, 0, 0, 0, 0, 0, 0, 0, 0, 0, 0, 0, 0, 0, 0], [0, 0, 0, 1, 0, 0, 0, 0, 0, 0, 0, 0, 0, 0, 0, 0, 0, 0, 0, 0, 0, 0], [0, 0, 0, 0, 1, 0, 0, 0, 0, 0, 0, 0, 0, 0, 0, 0, 0, 0, 0, 0, 0, 0], [0, 0, 0, 0, 0, 1, 0, 0, 0, 0, 0, 0, 0, 0, 0, 0, 0, 0, 0, 0, 0, 0], [0, 0, 0, 0, 0, 0, 1, 0, 0, 0, 0, 0, 0, 0, 0, 0, 0, 0, 0, 0, 0, 0], [0, 0, 0, 0, 0, 0, 0, 1, 0, 0, 0, 0, 0, 0, 0, 0, 0, 0, 0, 0, 0, 0], [0, 0, 0, 0, 0, 0, 0, 0, 1, 0, 0, 0, 0, 0, 0, 0, 0, 0, 0, 0, 0, 0], [0, 0, 0, 0, 0, 0, 0, 0, 0, 1, 0, 0, 0, 0, 0, 0, 0, 0, 0, 0, 0, 0], [0, 0, 0, 0, 0, 0, 0, 0, 0, 0, 1, 0, 0, 0, 0, 0, 0, 0, 0, 0, 0, 0], [0, 0, 0, 0, 0, 0, 0, 0, 0, 0, 0, 1, 0, 0, 0, 0, 0, 0, 0, 0, 0, 0], [0, 0, 0, 0, 0, 0, 0, 0, 0, 0, 0, 0, 1, 0, 0, 0, 0, 0, 0, 0, 0, 0], [0, 0, 0, 0, 0, 0, 0, 0, 0, 0, 0, 0, 0, 1, 0, 0, 0, 0, 0, 0, 0, 0], [0, 0, 0, 0, 0, 0, 0, 0, 0, 0, 0, 0, 0, 0, 1, 0, 0, 0, 0, 0, 0, 0], [0, 0, 0, 0, 0, 0, 0, 0, 0, 0, 0, 0, 0, 0, 0, 1, 0, 0, 0, 0, 0, 0], [0, 0, 0, 0, 0, 0, 0, 0, 0, 0, 0, 0, 0, 0, 0, 0, 1, 0, 0, 0, 0, 0], [0, 0, 0, 0, 0, 0, 0, 0, 0, 0, 0, 0, 0, 0, 0, 0, 0, 1, 0, 0, 0, 0], [0, 0, 0, 0, 0, 0, 0, 0, 0, 0, 0, 0, 0, 0, 0, 0, 0, 0, 1, 0, 0, 0], [0, 0, 0, 0, 0, 0, 0, 0, 0, 0, 0, 0, 0, 0, 0, 0, 0, 0, 0, 1, 0, 0], [0, 0, 0, 0, 0, 0, 0, 0, 0, 0, 0, 0, 0, 0, 0, 0, 0, 0, 0, 0, 1, 0], [0, 0, 0, 0, 0, 0, 0, 0, 0, 0, 0, 0, 0, 0, 0, 0, 0, 0, 0, 0, 0, 1]]
[[1, 0, 0, 0, 0, 0, 0, 0, 0, 0, 0, 0, 0, 0, 0, 0, 0, 0, 0, 0, 0, 0], [0, 1, 0, 0, 0, 0, 0, 0, 0, 0, 0, 0, 0, 0, 0, 0, 0, 0, 0, 0, 0, 0], [0, 0, 1, 0, 0, 0, 0, 0, 0, 0, 0, 0, 0, 0, 0, 0, 0, 0, 0, 0, 0, 0], [0, 0, 0, 1, 0, 0, 0, 0, 0, 0, 0, 0, 0, 0, 0, 0, 0, 0, 0, 0, 0, 0], [0, 0, 0, 0, 1, 0, 0, 0, 0, 0, 0, 0, 0, 0, 0, 0, 0, 0, 0, 0, 0, 0], [0, 0, 0, 0, 0, 1, 0, 0, 0, 0, 0, 0, 0, 0, 0, 0, 0, 0, 0, 0, 0, 0], [0, 0, 0, 0, 0, 0, 1, 0, 0, 0, 0, 0, 0, 0, 0, 0, 0, 0, 0, 0, 0, 0], [0, 0, 0, 0, 0, 0, 0, 1, 0, 0, 0, 0, 0, 0, 0, 0, 0, 0, 0, 0, 0, 0], [0, 0, 0, 0, 0, 0, 0, 0, 1, 0, 0, 0, 0, 0, 0, 0, 0, 0, 0, 0, 0, 0], [0, 0, 0, 0, 0, 0, 0, 0, 0, 1, 0, 0, 0, 0, 0, 0, 0, 0, 0, 0, 0, 0], [0, 0, 0, 0, 0, 0, 0, 0, 0, 0, 1, 0, 0, 0, 0, 0, 0, 0, 0, 0, 0, 0], [0, 0, 0, 0, 0, 0, 0, 0, 0, 0, 0, 1, 0, 0, 0, 0, 0, 0, 0, 0, 0, 0], [0, 0, 0, 0, 0, 0, 0, 0, 0, 0, 0, 0, 1, 0, 0, 0, 0, 0, 0, 0, 0, 0], [0, 0, 0, 0, 0, 0, 0, 0, 0, 0, 0, 0, 0, 1, 0, 0, 0, 0, 0, 0, 0, 0], [0, 0, 0, 0, 0, 0, 0, 0, 0, 0, 0, 0, 0, 0, 1, 0, 0, 0, 0, 0, 0, 0], [0, 0, 0, 0, 0, 0, 0, 0, 0, 0, 0, 0, 0, 0, 0, 1, 0, 0, 0, 0, 0, 0], [0, 0, 0, 0, 0, 0, 0, 0, 0, 0, 0, 0, 0, 0, 0, 0, 1, 0, 0, 0, 0, 0], [0, 0, 0, 0, 0, 0, 0, 0, 0, 0, 0, 0, 0, 0, 0, 0, 0, 1, 0, 0, 0, 0], [0, 0, 0, 0, 0, 0, 0, 0, 0, 0, 0, 0, 0, 0, 0, 0, 0, 0, 1, 0, 0, 0], [0, 0, 0, 0, 0, 0, 0, 0, 0, 0, 0, 0, 0, 0, 0, 0, 0, 0, 0, 1, 0, 0], [0, 0, 0, 0, 0, 0, 0, 0, 0, 0, 0, 0, 0, 0, 0, 0, 0, 0, 0, 0, 1, 0], [0, 0, 0, 0, 0, 0, 0, 0, 0, 0, 0, 0, 0, 0, 0, 0, 0, 0, 0, 0, 0, 1]]
[[1, 0, 0, 0, 0, 0, 0, 0, 0, 0, 0, 0, 0, 0, 0, 0, 0, 0, 0, 0, 0, 0], [0, 1, 0, 0, 0, 0, 0, 0, 0, 0, 0, 0, 0, 0, 0, 0, 0, 0, 0, 0, 0, 0], [0, 0, 1, 0, 0, 0, 0, 0, 0, 0, 0, 0, 0, 0, 0, 0, 0, 0, 0, 0, 0, 0], [0, 0, 0, 1, 0, 0, 0, 0, 0, 0, 0, 0, 0, 0, 0, 0, 0, 0, 0, 0, 0, 0], [0, 0, 0, 0, 1, 0, 0, 0, 0, 0, 0, 0, 0, 0, 0, 0, 0, 0, 0, 0, 0, 0], [0, 0, 0, 0, 0, 1, 0, 0, 0, 0, 0, 0, 0, 0, 0, 0, 0, 0, 0, 0, 0, 0], [0, 0, 0, 0, 0, 0, 1, 0, 0, 0, 0, 0, 0, 0, 0, 0, 0, 0, 0, 0, 0, 0], [0, 0, 0, 0, 0, 0, 0, 1, 0, 0, 0, 0, 0, 0, 0, 0, 0, 0, 0, 0, 0, 0], [0, 0, 0, 0, 0, 0, 0, 0, 1, 0, 0, 0, 0, 0, 0, 0, 0, 0, 0, 0, 0, 0], [0, 0, 0, 0, 0, 0, 0, 0, 0, 1, 0, 0, 0, 0, 0, 0, 0, 0, 0, 0, 0, 0], [0, 0, 0, 0, 0, 0, 0, 0, 0, 0, 1, 0, 0, 0, 0, 0, 0, 0, 0, 0, 0, 0], [0, 0, 0, 0, 0, 0, 0, 0, 0, 0, 0, 1, 0, 0, 0, 0, 0, 0, 0, 0, 0, 0], [0, 0, 0, 0, 0, 0, 0, 0, 0, 0, 0, 0, 1, 0, 0, 0, 0, 0, 0, 0, 0, 0], [0, 0, 0, 0, 0, 0, 0, 0, 0, 0, 0, 0, 0, 1, 0, 0, 0, 0, 0, 0, 0, 0], [0, 0, 0, 0, 0, 0, 0, 0, 0, 0, 0, 0, 0, 0, 1, 0, 0, 0, 0, 0, 0, 0], [0, 0, 0, 0, 0, 0, 0, 0, 0, 0, 0, 0, 0, 0, 0, 1, 0, 0, 0, 0, 0, 0], [0, 0, 0, 0, 0, 0, 0, 0, 0, 0, 0, 0, 0, 0, 0, 0, 1, 0, 0, 0, 0, 0], [0, 0, 0, 0, 0, 0, 0, 0, 0, 0, 0, 0, 0, 0, 0, 0, 0, 1, 0, 0, 0, 0], [0, 0, 0, 0, 0, 0, 0, 0, 0, 0, 0, 0, 0, 0, 0, 0, 0, 0, 1, 0, 0, 0], [0, 0, 0, 0, 0, 0, 0, 0, 0, 0, 0, 0, 0, 0, 0, 0, 0, 0, 0, 1, 0, 0], [0, 0, 0, 0, 0, 0, 0, 0, 0, 0, 0, 0, 0, 0, 0, 0, 0, 0, 0, 0, 1, 0], [0, 0, 0, 0, 0, 0, 0, 0, 0, 0, 0, 0, 0, 0, 0, 0, 0, 0, 0, 0, 0, 1]]
[[1, 0, 0, 0, 0, 0, 0, 0, 0, 0, 0, 0, 0, 0, 0, 0, 0, 0, 0, 0, 0, 0], [0, 1, 0, 0, 0, 0, 0, 0, 0, 0, 0, 0, 0, 0, 0, 0, 0, 0, 0, 0, 0, 0], [0, 0, 1, 0, 0, 0, 0, 0, 0, 0, 0, 0, 0, 0, 0, 0, 0, 0, 0, 0, 0, 0], [0, 0, 0, 1, 0, 0, 0, 0, 0, 0, 0, 0, 0, 0, 0, 0, 0, 0, 0, 0, 0, 0], [0, 0, 0, 0, 1, 0, 0, 0, 0, 0, 0, 0, 0, 0, 0, 0, 0, 0, 0, 0, 0, 0], [0, 0, 0, 0, 0, 1, 0, 0, 0, 0, 0, 0, 0, 0, 0, 0, 0, 0, 0, 0, 0, 0], [0, 0, 0, 0, 0, 0, 1, 0, 0, 0, 0, 0, 0, 0, 0, 0, 0, 0, 0, 0, 0, 0], [0, 0, 0, 0, 0, 0, 0, 1, 0, 0, 0, 0, 0, 0, 0, 0, 0, 0, 0, 0, 0, 0], [0, 0, 0, 0, 0, 0, 0, 0, 1, 0, 0, 0, 0, 0, 0, 0, 0, 0, 0, 0, 0, 0], [0, 0, 0, 0, 0, 0, 0, 0, 0, 1, 0, 0, 0, 0, 0, 0, 0, 0, 0, 0, 0, 0], [0, 0, 0, 0, 0, 0, 0, 0, 0, 0, 1, 0, 0, 0, 0, 0, 0, 0, 0, 0, 0, 0], [0, 0, 0, 0, 0, 0, 0, 0, 0, 0, 0, 1, 0, 0, 0, 0, 0, 0, 0, 0, 0, 0], [0, 0, 0, 0, 0, 0, 0, 0, 0, 0, 0, 0, 1, 0, 0, 0, 0, 0, 0, 0, 0, 0], [0, 0, 0, 0, 0, 0, 0, 0, 0, 0, 0, 0, 0, 1, 0, 0, 0, 0, 0, 0, 0, 0], [0, 0, 0, 0, 0, 0, 0, 0, 0, 0, 0, 0, 0, 0, 1, 0, 0, 0, 0, 0, 0, 0], [0, 0, 0, 0, 0, 0, 0, 0, 0, 0, 0, 0, 0, 0, 0, 1, 0, 0, 0, 0, 0, 0], [0, 0, 0, 0, 0, 0, 0, 0, 0, 0, 0, 0, 0, 0, 0, 0, 1, 0, 0, 0, 0, 0], [0, 0, 0, 0, 0, 0, 0, 0, 0, 0, 0, 0, 0, 0, 0, 0, 0, 1, 0, 0, 0, 0], [0, 0, 0, 0, 0, 0, 0, 0, 0, 0, 0, 0, 0, 0, 0, 0, 0, 0, 1, 0, 0, 0], [0, 0, 0, 0, 0, 0, 0, 0, 0, 0, 0, 0, 0, 0, 0, 0, 0, 0, 0, 1, 0, 0], [0, 0, 0, 0, 0, 0, 0, 0, 0, 0, 0, 0, 0, 0, 0, 0, 0, 0, 0, 0, 1, 0], [0, 0, 0, 0, 0, 0, 0, 0, 0, 0, 0, 0, 0, 0, 0, 0, 0, 0, 0, 0, 0, 1]]
[[1, 0, 0, 0, 0, 0, 0, 0, 0, 0, 0, 0, 0, 0, 0, 0, 0, 0, 0, 0, 0, 0], [0, 1, 0, 0, 0, 0, 0, 0, 0, 0, 0, 0, 0, 0, 0, 0, 0, 0, 0, 0, 0, 0], [0, 0, 1, 0, 0, 0, 0, 0, 0, 0, 0, 0, 0, 0, 0, 0, 0, 0, 0, 0, 0, 0], [0, 0, 0, 1, 0, 0, 0, 0, 0, 0, 0, 0, 0, 0, 0, 0, 0, 0, 0, 0, 0, 0], [0, 0, 0, 0, 1, 0, 0, 0, 0, 0, 0, 0, 0, 0, 0, 0, 0, 0, 0, 0, 0, 0], [0, 0, 0, 0, 0, 1, 0, 0, 0, 0, 0, 0, 0, 0, 0, 0, 0, 0, 0, 0, 0, 0], [0, 0, 0, 0, 0, 0, 1, 0, 0, 0, 0, 0, 0, 0, 0, 0, 0, 0, 0, 0, 0, 0], [0, 0, 0, 0, 0, 0, 0, 1, 0, 0, 0, 0, 0, 0, 0, 0, 0, 0, 0, 0, 0, 0], [0, 0, 0, 0, 0, 0, 0, 0, 1, 0, 0, 0, 0, 0, 0, 0, 0, 0, 0, 0, 0, 0], [0, 0, 0, 0, 0, 0, 0, 0, 0, 1, 0, 0, 0, 0, 0, 0, 0, 0, 0, 0, 0, 0], [0, 0, 0, 0, 0, 0, 0, 0, 0, 0, 1, 0, 0, 0, 0, 0, 0, 0, 0, 0, 0, 0], [0, 0, 0, 0, 0, 0, 0, 0, 0, 0, 0, 1, 0, 0, 0, 0, 0, 0, 0, 0, 0, 0], [0, 0, 0, 0, 0, 0, 0, 0, 0, 0, 0, 0, 1, 0, 0, 0, 0, 0, 0, 0, 0, 0], [0, 0, 0, 0, 0, 0, 0, 0, 0, 0, 0, 0, 0, 1, 0, 0, 0, 0, 0, 0, 0, 0], [0, 0, 0, 0, 0, 0, 0, 0, 0, 0, 0, 0, 0, 0, 1, 0, 0, 0, 0, 0, 0, 0], [0, 0, 0, 0, 0, 0, 0, 0, 0, 0, 0, 0, 0, 0, 0, 1, 0, 0, 0, 0, 0, 0], [0, 0, 0, 0, 0, 0, 0, 0, 0, 0, 0, 0, 0, 0, 0, 0, 1, 0, 0, 0, 0, 0], [0, 0, 0, 0, 0, 0, 0, 0, 0, 0, 0, 0, 0, 0, 0, 0, 0, 1, 0, 0, 0, 0], [0, 0, 0, 0, 0, 0, 0, 0, 0, 0, 0, 0, 0, 0, 0, 0, 0, 0, 1, 0, 0, 0], [0, 0, 0, 0, 0, 0, 0, 0, 0, 0, 0, 0, 0, 0, 0, 0, 0, 0, 0, 1, 0, 0], [0, 0, 0, 0, 0, 0, 0, 0, 0, 0, 0, 0, 0, 0, 0, 0, 0, 0, 0, 0, 1, 0], [0, 0, 0, 0, 0, 0, 0, 0, 0, 0, 0, 0, 0, 0, 0, 0, 0, 0, 0, 0, 0, 1]]
[[-1, 1, 0, 0, 1, 1, 2, 1, 1, -2, 1, 1, 2, 2, 2, 0, 2, -3, -1, -1, 4, -1], [1, -1, 1, 1, -2, -2, -3, 0, -1, 4, -2, -3, -4, -4, -3, -1, -4, 5, 2, 1, -6, 1], [0, -3, 3, 2, -3, -3, -4, 1, -1, 6, -3, -5, -6, -6, -4, -2, -6, 7, 3, 1, -8, 1], [1, 2, -1, -1, 3, 2, 3, -1, 0, -3, 3, 3, 4, 4, 3, 1, 3, -4, -2, -1, 5, -1], [2, -5, 3, 3, -4, -5, -7, 1, -2, 10, -5, -9, -11, -11, -8, -3, -11, 13, 5, 2, -15, 2], [1, -3, 2, 2, -3, -2, -4, 1, -1, 6, -3, -6, -7, -7, -5, -2, -7, 8, 3, 1, -9, 1], [-1, 4, -3, -3, 4, 4, 6, -2, 1, -8, 4, 9, 10, 10, 7, 3, 10, -11, -4, -1, 12, -1], [0, 2, -1, -1, 2, 2, 3, 1, 1, -4, 2, 2, 3, 3, 2, 1, 3, -4, -2, -1, 5, -1], [1, -2, 1, 1, -2, -2, -3, 0, 0, 4, -2, -3, -4, -4, -3, -1, -4, 5, 2, 1, -6, 1], [1, 0, 0, 0, 0, 0, 0, 0, 0, 1, 0, -1, -1, -1, -1, 0, -1, 1, 0, 0, -1, 0], [-1, 2, -1, -1, 2, 2, 3, 0, 1, -4, 3, 3, 4, 4, 3, 1, 4, -5, -2, -1, 6, -1], [0, 0, 0, 0, 0, 0, 0, 0, 0, 0, 0, 1, 0, 0, 0, 0, 0, 0, 0, 0, 0, 0], [0, 3, -2, -2, 3, 3, 4, -1, 1, -6, 3, 5, 7, 6, 4, 2, 6, -7, -3, -1, 8, -1], [0, 3, -2, -2, 3, 3, 4, -1, 1, -6, 3, 5, 6, 7, 4, 2, 6, -7, -3, -1, 8, -1], [0, -2, 1, 2, -3, -2, -3, 1, 0, 3, -3, -4, -5, -5, -3, -1, -4, 5, 2, 1, -6, 1], [1, -1, 0, 0, -1, -1, -2, -1, -1, 2, -1, 0, -1, -1, -1, 1, -1, 2, 1, 1, -3, 1], [0, -3, 3, 2, -2, -3, -3, 2, -1, 7, -2, -7, -7, -7, -4, -3, -7, 8, 3, 0, -8, 0], [0, -2, 1, 1, -2, -2, -3, 0, -1, 4, -2, -2, -3, -3, -2, -1, -3, 5, 2, 1, -5, 1], [0, 1, -1, -1, 1, 1, 1, -1, 0, -2, 1, 3, 3, 3, 2, 1, 3, -3, 0, 0, 3, 0], [0, 0, 0, 0, 0, 0, 0, 0, 0, 0, 0, 0, 0, 0, 0, 0, 0, 0, 0, 1, 0, 0], [0, -2, 1, 1, -2, -2, -3, 0, -1, 4, -2, -2, -3, -3, -2, -1, -3, 4, 2, 1, -4, 1], [0, -1, 1, 1, -1, -1, -1, 1, 0, 2, -1, -3, -3, -3, -2, -1, -3, 3, 1, 0, -3, 1]]
[[0, -2, 2, 1, -2, -3, -3, 1, 0, 4, -2, -3, -4, -4, -2, -2, -4, 4, 2, 1, -4, 0], [1, 2, 0, 0, 2, 2, 2, 0, -1, -2, 1, 1, 1, 0, 0, 0, 0, -2, 0, 0, 0, 0], [1, 2, 1, 1, 2, 2, 2, 0, -1, -2, 1, 2, 2, 1, 1, 0, 0, -2, -1, -1, 1, 0], [0, 0, 0, 0, 0, 0, 0, 0, 0, 0, 0, 0, 0, 1, 0, 0, 1, 0, 1, 0, 0, 0], [3, 4, 2, 1, 5, 4, 4, 0, -3, -2, 1, 2, 2, 0, 0, -2, -2, -2, 1, -1, -2, 0], [2, 2, 3, 2, 3, 3, 2, 1, -3, 0, 0, 0, -1, -3, -1, -3, -5, 0, 2, 0, -4, 0], [-3, -2, -4, -2, -3, -2, -1, -1, 4, -2, 1, 1, 2, 5, 2, 4, 7, -2, -3, -1, 7, 0], [1, -1, 0, 0, 0, 0, -1, 0, -1, 2, -1, -1, -2, -2, -1, -1, -3, 2, 1, 1, -3, 0], [1, 1, 0, 0, 1, 1, 1, 0, 0, 0, 0, 1, 1, 0, 0, 0, 0, 0, 0, 0, -1, 0], [1, 1, 1, 0, 1, 1, 1, 0, -1, 1, 0, 0, 0, 0, 0, -1, -1, 0, 1, 0, -1, 0], [0, 0, 0, 0, 0, 0, 0, 0, 0, 0, 1, 0, 0, 1, 1, 0, 0, 0, 0, 0, 1, 0], [0, 1, -2, -1, 1, 2, 2, -1, 1, -4, 2, 3, 3, 4, 2, 2, 4, -4, -2, -1, 5, 0], [-1, -2, -1, -1, -2, -2, -2, 0, 1, 2, -1, -1, 0, 0, 0, 1, 1, 2, 0, 1, 0, 0], [-1, -1, -1, -1, -1, -1, -1, -1, 1, 1, 1, 0, 1, 2, 1, 1, 2, 0, -1, 0, 2, -1], [0, -1, 1, 1, -1, -1, -1, 1, 0, 1, -2, -2, -3, -4, -2, -1, -3, 2, 1, 1, -4, 1], [0, 1, -2, -1, 0, 1, 1, -1, 1, -2, 1, 2, 3, 3, 1, 3, 4, -2, -2, -1, 3, 0], [2, 2, 3, 2, 3, 2, 2, 1, -3, 0, 0, 0, -1, -2, 0, -3, -4, 0, 2, 0, -3, 0], [0, 1, -1, 0, 2, 2, 2, 0, 0, -4, 2, 2, 2, 2, 1, 1, 2, -3, -1, -1, 3, 0], [-1, -1, -2, -1, -2, -1, -1, -1, 2, 0, 0, 0, 1, 1, 0, 2, 3, 0, -1, 0, 2, 0], [0, 1, 0, 0, 1, 1, 1, 0, 0, -2, 1, 1, 1, 2, 1, 0, 1, -2, 0, 0, 2, 0], [0, 1, 0, 0, 1, 1, 1, 0, 0, -2, 1, 1, 1, 1, 0, 0, 1, -2, 0, -1, 2, 0], [1, 2, 2, 1, 3, 2, 2, 0, -2, -1, 2, 1, 1, 0, 1, -2, -2, -2, 1, -1, 0, 0]]
[[1, 0, 0, 0, 0, 0, 0, 0, 0, 0, 0, 0, 0, 0, 0, 0, 0, 0, 0, 0, 0, 0], [0, 1, 0, 0, 0, 0, 0, 0, 0, 0, 0, 0, 0, 0, 0, 0, 0, 0, 0, 0, 0, 0], [0, 0, 1, 0, 0, 0, 0, 0, 0, 0, 0, 0, 0, 0, 0, 0, 0, 0, 0, 0, 0, 0], [0, 0, 0, 1, 0, 0, 0, 0, 0, 0, 0, 0, 0, 0, 0, 0, 0, 0, 0, 0, 0, 0], [0, 0, 0, 0, 1, 0, 0, 0, 0, 0, 0, 0, 0, 0, 0, 0, 0, 0, 0, 0, 0, 0], [0, 0, 0, 0, 0, 1, 0, 0, 0, 0, 0, 0, 0, 0, 0, 0, 0, 0, 0, 0, 0, 0], [0, 0, 0, 0, 0, 0, 1, 0, 0, 0, 0, 0, 0, 0, 0, 0, 0, 0, 0, 0, 0, 0], [0, 0, 0, 0, 0, 0, 0, 1, 0, 0, 0, 0, 0, 0, 0, 0, 0, 0, 0, 0, 0, 0], [0, 0, 0, 0, 0, 0, 0, 0, 1, 0, 0, 0, 0, 0, 0, 0, 0, 0, 0, 0, 0, 0], [0, 0, 0, 0, 0, 0, 0, 0, 0, 1, 0, 0, 0, 0, 0, 0, 0, 0, 0, 0, 0, 0], [0, 0, 0, 0, 0, 0, 0, 0, 0, 0, 1, 0, 0, 0, 0, 0, 0, 0, 0, 0, 0, 0], [0, 0, 0, 0, 0, 0, 0, 0, 0, 0, 0, 1, 0, 0, 0, 0, 0, 0, 0, 0, 0, 0], [0, 0, 0, 0, 0, 0, 0, 0, 0, 0, 0, 0, 1, 0, 0, 0, 0, 0, 0, 0, 0, 0], [0, 0, 0, 0, 0, 0, 0, 0, 0, 0, 0, 0, 0, 1, 0, 0, 0, 0, 0, 0, 0, 0], [0, 0, 0, 0, 0, 0, 0, 0, 0, 0, 0, 0, 0, 0, 1, 0, 0, 0, 0, 0, 0, 0], [0, 0, 0, 0, 0, 0, 0, 0, 0, 0, 0, 0, 0, 0, 0, 1, 0, 0, 0, 0, 0, 0], [0, 0, 0, 0, 0, 0, 0, 0, 0, 0, 0, 0, 0, 0, 0, 0, 1, 0, 0, 0, 0, 0], [0, 0, 0, 0, 0, 0, 0, 0, 0, 0, 0, 0, 0, 0, 0, 0, 0, 1, 0, 0, 0, 0], [0, 0, 0, 0, 0, 0, 0, 0, 0, 0, 0, 0, 0, 0, 0, 0, 0, 0, 1, 0, 0, 0], [0, 0, 0, 0, 0, 0, 0, 0, 0, 0, 0, 0, 0, 0, 0, 0, 0, 0, 0, 1, 0, 0], [0, 0, 0, 0, 0, 0, 0, 0, 0, 0, 0, 0, 0, 0, 0, 0, 0, 0, 0, 0, 1, 0], [0, 0, 0, 0, 0, 0, 0, 0, 0, 0, 0, 0, 0, 0, 0, 0, 0, 0, 0, 0, 0, 1]]
[[1, 0, 0, 0, -1, -1, -1, 0, 0, 2, -1, -1, -1, -1, -1, 0, -1, 2, 0, 0, -2, 0], [0, -2, 0, 0, -1, -2, -2, 0, 0, 2, -1, -2, -2, -2, -1, 0, -1, 3, 2, 2, -3, 1], [0, -2, 1, 0, -3, -3, -3, 0, 0, 6, -3, -3, -3, -3, -2, 0, -2, 6, 2, 2, -6, 1], [0, 1, 0, 1, 1, 1, 1, 0, 0, -2, 1, 1, 1, 1, 1, 0, 0, -2, -1, -1, 2, 0], [0, -6, 0, 0, -5, -7, -7, 0, 0, 12, -6, -7, -7, -7, -4, 0, -5, 13, 5, 5, -13, 3], [0, -7, 0, 0, -6, -7, -8, 0, 0, 12, -6, -8, -8, -8, -5, 0, -6, 14, 5, 5, -14, 3], [0, 9, 0, 0, 8, 10, 11, 0, 0, -16, 8, 10, 10, 10, 6, 0, 7, -18, -7, -7, 18, -4], [0, -2, 0, 0, -1, -2, -2, 1, 0, 2, -1, -2, -2, -2, -1, 0, -2, 3, 1, 1, -3, 1], [0, -2, 0, 0, -2, -2, -2, 0, 1, 4, -2, -2, -2, -2, -1, 0, -1, 4, 2, 2, -4, 1], [0, -2, 0, 0, -1, -2, -2, 0, 0, 3, -1, -2, -2, -2, -1, 0, -2, 3, 1, 1, -3, 1], [0, 1, 0, 0, 1, 1, 1, 0, 0, -2, 2, 1, 1, 1, 1, 0, 0, -2, -1, -1, 2, 0], [0, 2, 0, 0, 2, 2, 2, 0, 0, -4, 2, 3, 2, 2, 1, 0, 1, -4, -2, -2, 4, -1], [0, 3, 0, 0, 3, 4, 4, 0, 0, -6, 3, 4, 5, 4, 3, 0, 3, -7, -2, -2, 7, -1], [0, 3, 0, 0, 3, 4, 4, 0, 0, -6, 3, 4, 4, 5, 3, 0, 3, -7, -2, -2, 7, -1], [0, -3, 0, 0, -3, -4, -4, 0, 0, 6, -3, -4, -4, -4, -3, 0, -2, 7, 2, 2, -7, 0], [0, 2, 0, 0, 2, 3, 3, 0, 0, -4, 2, 3, 3, 3, 2, 1, 3, -5, -1, -1, 5, -1], [0, -6, 0, 0, -6, -8, -8, 0, 0, 12, -6, -8, -8, -8, -5, 0, -6, 14, 4, 4, -14, 3], [0, 0, 0, 0, 0, 0, 0, 0, 0, 0, 0, 0, 0, 0, 0, 0, 0, 1, 0, 0, 0, 0], [0, 4, 0, 0, 4, 5, 5, 0, 0, -8, 4, 5, 5, 5, 3, 0, 4, -9, -2, -3, 9, -2], [0, 1, 0, 0, 1, 1, 1, 0, 0, -2, 1, 1, 1, 1, 1, 0, 0, -2, -1, 0, 2, 0], [0, 0, 0, 0, 0, 0, 0, 0, 0, 0, 0, 0, 0, 0, 0, 0, 0, 0, 0, 0, 1, 0], [0, -3, 0, 0, -3, -4, -4, 0, 0, 6, -3, -4, -4, -4, -3, 0, -3, 7, 2, 2, -7, 2]]
[[-1, -3, 0, 0, -2, -2, -3, 1, 0, 2, -1, -2, -2, -2, -1, 0, -1, 3, 2, 1, -1, 1], [0, 1, 0, 0, 0, 0, 0, 0, 0, 0, 0, 0, 0, 0, 0, 0, 0, 0, 0, 0, 0, 0], [0, -1, -1, 0, -1, 0, -1, 0, 1, -1, -1, 0, -1, -1, -1, 1, 0, 1, 0, 1, -1, 1], [0, 1, 2, 1, 1, 0, 1, 0, -1, 1, 1, 0, 1, 1, 1, -1, 0, -1, 0, -1, 1, -1], [-1, -2, 0, 0, -2, -2, -3, 0, 1, 2, -1, -2, -2, -2, -1, 0, -1, 3, 1, 2, -1, 1], [-1, -2, 0, 0, -2, -1, -2, 1, 1, 2, -1, -2, -2, -2, -1, 0, -1, 3, 1, 1, -1, 1], [2, 4, 0, 0, 4, 4, 5, -2, -2, -4, 2, 4, 4, 4, 2, 0, 2, -6, -2, -2, 2, -2], [0, 0, 0, 0, 0, 0, 0, 1, 0, 0, 0, 0, 0, 0, 0, 0, 0, 0, 0, 0, 0, 0], [0, 0, 0, 0, 0, 0, 0, 0, 1, 0, 0, 0, 0, 0, 0, 0, 0, 0, 0, 0, 0, 0], [0, 0, 0, 0, 0, 0, 0, 0, 0, 1, 0, 0, 0, 0, 0, 0, 0, 0, 0, 0, 0, 0], [1, 2, 0, 0, 3, 2, 3, 0, -1, -2, 2, 2, 2, 2, 1, 0, 1, -3, -1, -2, 1, -1], [1, 2, 0, 0, 2, 2, 2, -1, -1, -2, 1, 3, 2, 2, 1, 0, 1, -3, -1, -1, 1, -1], [2, 3, 0, 0, 3, 2, 4, 0, 0, -2, 1, 2, 3, 2, 1, 0, 1, -3, -2, -2, 1, -1], [2, 3, 0, 0, 3, 2, 4, 0, 0, -2, 1, 2, 2, 3, 1, 0, 1, -3, -2, -2, 1, -1], [-3, -5, 0, 0, -5, -4, -6, 1, 1, 4, -2, -4, -4, -4, -1, 0, -2, 6, 3, 3, -2, 2], [2, 3, 0, 0, 2, 2, 3, -1, 0, -2, 1, 2, 2, 2, 1, 1, 1, -3, -2, -1, 1, -1], [-3, -5, 0, 0, -5, -4, -6, 1, 1, 4, -2, -4, -4, -4, -2, 0, -1, 6, 3, 3, -2, 2], [1, 2, 0, 0, 2, 2, 2, -1, -1, -2, 1, 2, 2, 2, 1, 0, 1, -2, -1, -1, 1, -1], [2, 3, 0, 0, 2, 2, 3, -1, 0, -2, 1, 2, 2, 2, 1, 0, 1, -3, -1, -1, 1, -1], [1, 2, 0, 0, 3, 2, 3, 0, -1, -2, 1, 2, 2, 2, 1, 0, 1, -3, -1, -1, 1, -1], [1, 2, 0, 0, 2, 2, 2, -1, -1, -2, 1, 2, 2, 2, 1, 0, 1, -3, -1, -1, 2, -1], [0, 0, 0, 0, 0, 0, 0, 0, 0, 0, 0, 0, 0, 0, 0, 0, 0, 0, 0, 0, 0, 1]]
[[1, 0, 0, 0, 0, 0, 0, 0, 0, 0, 0, 0, 0, 0, 0, 0, 0, 0, 0, 0, 0, 0], [0, 1, 0, 0, 0, 0, 0, 0, 0, 0, 0, 0, 0, 0, 0, 0, 0, 0, 0, 0, 0, 0], [0, 0, 1, 0, 0, 0, 0, 0, 0, 0, 0, 0, 0, 0, 0, 0, 0, 0, 0, 0, 0, 0], [0, 0, 0, 1, 0, 0, 0, 0, 0, 0, 0, 0, 0, 0, 0, 0, 0, 0, 0, 0, 0, 0], [0, 0, 0, 0, 1, 0, 0, 0, 0, 0, 0, 0, 0, 0, 0, 0, 0, 0, 0, 0, 0, 0], [0, 0, 0, 0, 0, 1, 0, 0, 0, 0, 0, 0, 0, 0, 0, 0, 0, 0, 0, 0, 0, 0], [0, 0, 0, 0, 0, 0, 1, 0, 0, 0, 0, 0, 0, 0, 0, 0, 0, 0, 0, 0, 0, 0], [0, 0, 0, 0, 0, 0, 0, 1, 0, 0, 0, 0, 0, 0, 0, 0, 0, 0, 0, 0, 0, 0], [0, 0, 0, 0, 0, 0, 0, 0, 1, 0, 0, 0, 0, 0, 0, 0, 0, 0, 0, 0, 0, 0], [0, 0, 0, 0, 0, 0, 0, 0, 0, 1, 0, 0, 0, 0, 0, 0, 0, 0, 0, 0, 0, 0], [0, 0, 0, 0, 0, 0, 0, 0, 0, 0, 1, 0, 0, 0, 0, 0, 0, 0, 0, 0, 0, 0], [0, 0, 0, 0, 0, 0, 0, 0, 0, 0, 0, 1, 0, 0, 0, 0, 0, 0, 0, 0, 0, 0], [0, 0, 0, 0, 0, 0, 0, 0, 0, 0, 0, 0, 1, 0, 0, 0, 0, 0, 0, 0, 0, 0], [0, 0, 0, 0, 0, 0, 0, 0, 0, 0, 0, 0, 0, 1, 0, 0, 0, 0, 0, 0, 0, 0], [0, 0, 0, 0, 0, 0, 0, 0, 0, 0, 0, 0, 0, 0, 1, 0, 0, 0, 0, 0, 0, 0], [0, 0, 0, 0, 0, 0, 0, 0, 0, 0, 0, 0, 0, 0, 0, 1, 0, 0, 0, 0, 0, 0], [0, 0, 0, 0, 0, 0, 0, 0, 0, 0, 0, 0, 0, 0, 0, 0, 1, 0, 0, 0, 0, 0], [0, 0, 0, 0, 0, 0, 0, 0, 0, 0, 0, 0, 0, 0, 0, 0, 0, 1, 0, 0, 0, 0], [0, 0, 0, 0, 0, 0, 0, 0, 0, 0, 0, 0, 0, 0, 0, 0, 0, 0, 1, 0, 0, 0], [0, 0, 0, 0, 0, 0, 0, 0, 0, 0, 0, 0, 0, 0, 0, 0, 0, 0, 0, 1, 0, 0], [0, 0, 0, 0, 0, 0, 0, 0, 0, 0, 0, 0, 0, 0, 0, 0, 0, 0, 0, 0, 1, 0], [0, 0, 0, 0, 0, 0, 0, 0, 0, 0, 0, 0, 0, 0, 0, 0, 0, 0, 0, 0, 0, 1]]
[[1, 0, 0, 0, 0, 0, 0, 0, 0, 0, 0, 0, 0, 0, 0, 0, 0, 0, 0, 0, 0, 0], [0, 0, 0, 0, -1, -1, -1, 0, 0, 2, -1, -1, -1, -1, -1, 0, -1, 2, 0, 0, -2, 0], [0, -1, 1, 0, -1, -1, -1, 0, 0, 2, -1, -1, -1, -1, -1, 0, -1, 2, 0, 0, -2, 0], [0, 0, 0, 1, 0, 0, 0, 0, 0, 0, 0, 0, 0, 0, 0, 0, 0, 0, 0, 0, 0, 0], [0, -3, 0, 0, -2, -3, -3, 0, 0, 6, -3, -3, -3, -3, -3, 0, -3, 6, 0, 0, -6, 0], [0, -3, 0, 0, -3, -2, -3, 0, 0, 6, -3, -3, -3, -3, -3, 0, -3, 6, 0, 0, -6, 0], [0, 4, 0, 0, 4, 4, 5, 0, 0, -8, 4, 4, 4, 4, 4, 0, 4, -8, 0, 0, 8, 0], [0, -1, 0, 0, -1, -1, -1, 1, 0, 2, -1, -1, -1, -1, -1, 0, -1, 2, 0, 0, -2, 0], [0, -1, 0, 0, -1, -1, -1, 0, 1, 2, -1, -1, -1, -1, -1, 0, -1, 2, 0, 0, -2, 0], [0, -1, 0, 0, -1, -1, -1, 0, 0, 3, -1, -1, -1, -1, -1, 0, -1, 2, 0, 0, -2, 0], [0, 0, 0, 0, 0, 0, 0, 0, 0, 0, 1, 0, 0, 0, 0, 0, 0, 0, 0, 0, 0, 0], [0, 1, 0, 0, 1, 1, 1, 0, 0, -2, 1, 2, 1, 1, 1, 0, 1, -2, 0, 0, 2, 0], [0, 1, 0, 0, 1, 1, 1, 0, 0, -2, 1, 1, 2, 1, 1, 0, 1, -2, 0, 0, 2, 0], [0, 1, 0, 0, 1, 1, 1, 0, 0, -2, 1, 1, 1, 2, 1, 0, 1, -2, 0, 0, 2, 0], [0, -1, 0, 0, -1, -1, -1, 0, 0, 2, -1, -1, -1, -1, 0, 0, -1, 2, 0, 0, -2, 0], [0, 1, 0, 0, 1, 1, 1, 0, 0, -2, 1, 1, 1, 1, 1, 1, 1, -2, 0, 0, 2, 0], [0, -3, 0, 0, -3, -3, -3, 0, 0, 6, -3, -3, -3, -3, -3, 0, -2, 6, 0, 0, -6, 0], [0, 0, 0, 0, 0, 0, 0, 0, 0, 0, 0, 0, 0, 0, 0, 0, 0, 1, 0, 0, 0, 0], [0, 2, 0, 0, 2, 2, 2, 0, 0, -4, 2, 2, 2, 2, 2, 0, 2, -4, 1, 0, 4, 0], [0, 0, 0, 0, 0, 0, 0, 0, 0, 0, 0, 0, 0, 0, 0, 0, 0, 0, 0, 1, 0, 0], [0, 0, 0, 0, 0, 0, 0, 0, 0, 0, 0, 0, 0, 0, 0, 0, 0, 0, 0, 0, 1, 0], [0, -2, 0, 0, -2, -2, -2, 0, 0, 4, -2, -2, -2, -2, -2, 0, -2, 4, 0, 0, -4, 1]]
[[0, 0, 0, 0, -1, 0, 0, 0, 1, -1, -1, 0, 0, 0, 0, 0, 1, -1, 0, 1, 1, 0], [0, 1, 0, 0, 0, 0, 0, 0, 0, 0, 0, 0, 0, 0, 0, 0, 0, 0, 0, 0, 0, 0], [1, 1, 1, 0, 2, 1, 1, 0, -1, -1, 2, 1, 1, 1, 1, 0, 0, -1, 0, -1, 1, -1], [1, 0, -2, -1, 1, 1, 1, -1, 0, 0, 0, 1, 1, 1, 0, 1, 1, 0, -1, 0, 0, 0], [1, 2, 0, 0, 4, 2, 2, 0, -1, -3, 3, 2, 2, 2, 2, 0, 1, -3, 0, -1, 3, -2], [0, 2, 0, 0, 2, 2, 1, 0, 0, -4, 2, 3, 2, 2, 2, 0, 2, -4, 0, 0, 4, -2], [0, -3, 0, 0, -3, -3, -2, 0, 0, 6, -3, -3, -3, -3, -3, 0, -3, 6, 0, 0, -6, 3], [-1, 1, 0, 0, 0, 1, 1, 1, 1, -3, 0, 1, 1, 1, 1, 0, 2, -3, 0, 1, 3, -1], [1, 1, 0, 0, 2, 1, 1, 0, 0, -1, 2, 1, 1, 1, 1, 0, 0, -1, 0, -1, 1, -1], [0, 1, 0, 0, 1, 1, 1, 0, 0, -1, 1, 1, 1, 1, 1, 0, 1, -2, 0, 0, 2, -1], [-1, 0, 0, 0, -1, 0, 0, 0, 1, -1, 0, 0, 0, 0, 0, 0, 1, -1, 0, 1, 1, 0], [0, -1, 0, 0, -1, 0, 0, 0, 0, 2, -1, -1, -1, -1, -1, 0, -1, 2, 0, 0, -2, 1], [0, 0, 0, 0, 0, 0, 0, 0, 0, 0, 0, 0, 1, 0, 0, 0, 0, 0, 0, 0, 0, 0], [0, 0, 0, 0, 0, 0, 0, 0, 0, 0, 0, 0, 0, 1, 0, 0, 0, 0, 0, 0, 0, 0], [0, 0, 0, 0, 0, 0, 0, 0, 0, 0, 0, 0, 0, 0, 1, 0, 0, 0, 0, 0, 0, 0], [1, -1, 0, 0, 0, -1, -1, 0, -1, 3, 0, -1, -1, -1, -1, 1, -2, 3, 0, -1, -3, 1], [0, 2, 0, 0, 2, 2, 2, 0, 0, -4, 2, 2, 2, 2, 2, 0, 3, -4, 0, 0, 4, -2], [0, -1, 0, 0, -1, -1, -1, 0, 0, 2, -1, -1, -1, -1, -1, 0, -1, 3, 0, 0, -2, 1], [0, -2, 0, 0, -2, -2, -2, 0, 0, 4, -2, -2, -2, -2, -2, 0, -2, 4, 1, 0, -4, 2], [0, 0, 0, 0, 0, 0, 0, 0, 0, 0, 0, 0, 0, 0, 0, 0, 0, 0, 0, 1, 0, 0], [0, -1, 0, 0, -1, -1, -1, 0, 0, 2, -1, -1, -1, -1, -1, 0, -1, 2, 0, 0, -1, 1], [0, 2, 0, 0, 2, 2, 2, 0, 0, -4, 2, 2, 2, 2, 2, 0, 2, -4, 0, 0, 4, -1]]
[[1, 0, 0, 0, 0, 0, 0, 0, 0, 0, 0, 0, 0, 0, 0, 0, 0, 0, 0, 0, 0, 0], [0, 1, 0, 0, 0, 0, 0, 0, 0, 0, 0, 0, 0, 0, 0, 0, 0, 0, 0, 0, 0, 0], [0, 0, 1, 0, 0, 0, 0, 0, 0, 0, 0, 0, 0, 0, 0, 0, 0, 0, 0, 0, 0, 0], [0, 0, 0, 1, 0, 0, 0, 0, 0, 0, 0, 0, 0, 0, 0, 0, 0, 0, 0, 0, 0, 0], [0, 0, 0, 0, 1, 0, 0, 0, 0, 0, 0, 0, 0, 0, 0, 0, 0, 0, 0, 0, 0, 0], [0, 0, 0, 0, 0, 1, 0, 0, 0, 0, 0, 0, 0, 0, 0, 0, 0, 0, 0, 0, 0, 0], [0, 0, 0, 0, 0, 0, 1, 0, 0, 0, 0, 0, 0, 0, 0, 0, 0, 0, 0, 0, 0, 0], [0, 0, 0, 0, 0, 0, 0, 1, 0, 0, 0, 0, 0, 0, 0, 0, 0, 0, 0, 0, 0, 0], [0, 0, 0, 0, 0, 0, 0, 0, 1, 0, 0, 0, 0, 0, 0, 0, 0, 0, 0, 0, 0, 0], [0, 0, 0, 0, 0, 0, 0, 0, 0, 1, 0, 0, 0, 0, 0, 0, 0, 0, 0, 0, 0, 0], [0, 0, 0, 0, 0, 0, 0, 0, 0, 0, 1, 0, 0, 0, 0, 0, 0, 0, 0, 0, 0, 0], [0, 0, 0, 0, 0, 0, 0, 0, 0, 0, 0, 1, 0, 0, 0, 0, 0, 0, 0, 0, 0, 0], [0, 0, 0, 0, 0, 0, 0, 0, 0, 0, 0, 0, 1, 0, 0, 0, 0, 0, 0, 0, 0, 0], [0, 0, 0, 0, 0, 0, 0, 0, 0, 0, 0, 0, 0, 1, 0, 0, 0, 0, 0, 0, 0, 0], [0, 0, 0, 0, 0, 0, 0, 0, 0, 0, 0, 0, 0, 0, 1, 0, 0, 0, 0, 0, 0, 0], [0, 0, 0, 0, 0, 0, 0, 0, 0, 0, 0, 0, 0, 0, 0, 1, 0, 0, 0, 0, 0, 0], [0, 0, 0, 0, 0, 0, 0, 0, 0, 0, 0, 0, 0, 0, 0, 0, 1, 0, 0, 0, 0, 0], [0, 0, 0, 0, 0, 0, 0, 0, 0, 0, 0, 0, 0, 0, 0, 0, 0, 1, 0, 0, 0, 0], [0, 0, 0, 0, 0, 0, 0, 0, 0, 0, 0, 0, 0, 0, 0, 0, 0, 0, 1, 0, 0, 0], [0, 0, 0, 0, 0, 0, 0, 0, 0, 0, 0, 0, 0, 0, 0, 0, 0, 0, 0, 1, 0, 0], [0, 0, 0, 0, 0, 0, 0, 0, 0, 0, 0, 0, 0, 0, 0, 0, 0, 0, 0, 0, 1, 0], [0, 0, 0, 0, 0, 0, 0, 0, 0, 0, 0, 0, 0, 0, 0, 0, 0, 0, 0, 0, 0, 1]]
[[1, 0, 0, 0, 0, 0, 0, 0, 0, 0, 0, 0, 0, 0, 0, 0, 0, 0, 0, 0, 0, 0], [0, 1, 0, 0, 0, 0, 0, 0, 0, 0, 0, 0, 0, 0, 0, 0, 0, 0, 0, 0, 0, 0], [0, 0, 1, 0, 0, 0, 0, 0, 0, 0, 0, 0, 0, 0, 0, 0, 0, 0, 0, 0, 0, 0], [0, 0, 0, 1, 0, 0, 0, 0, 0, 0, 0, 0, 0, 0, 0, 0, 0, 0, 0, 0, 0, 0], [0, 0, 0, 0, 1, 0, 0, 0, 0, 0, 0, 0, 0, 0, 0, 0, 0, 0, 0, 0, 0, 0], [0, 0, 0, 0, 0, 1, 0, 0, 0, 0, 0, 0, 0, 0, 0, 0, 0, 0, 0, 0, 0, 0], [0, 0, 0, 0, 0, 0, 1, 0, 0, 0, 0, 0, 0, 0, 0, 0, 0, 0, 0, 0, 0, 0], [0, 0, 0, 0, 0, 0, 0, 1, 0, 0, 0, 0, 0, 0, 0, 0, 0, 0, 0, 0, 0, 0], [0, 0, 0, 0, 0, 0, 0, 0, 1, 0, 0, 0, 0, 0, 0, 0, 0, 0, 0, 0, 0, 0], [0, 0, 0, 0, 0, 0, 0, 0, 0, 1, 0, 0, 0, 0, 0, 0, 0, 0, 0, 0, 0, 0], [0, 0, 0, 0, 0, 0, 0, 0, 0, 0, 1, 0, 0, 0, 0, 0, 0, 0, 0, 0, 0, 0], [0, 0, 0, 0, 0, 0, 0, 0, 0, 0, 0, 1, 0, 0, 0, 0, 0, 0, 0, 0, 0, 0], [0, 0, 0, 0, 0, 0, 0, 0, 0, 0, 0, 0, 1, 0, 0, 0, 0, 0, 0, 0, 0, 0], [0, 0, 0, 0, 0, 0, 0, 0, 0, 0, 0, 0, 0, 1, 0, 0, 0, 0, 0, 0, 0, 0], [0, 0, 0, 0, 0, 0, 0, 0, 0, 0, 0, 0, 0, 0, 1, 0, 0, 0, 0, 0, 0, 0], [0, 0, 0, 0, 0, 0, 0, 0, 0, 0, 0, 0, 0, 0, 0, 1, 0, 0, 0, 0, 0, 0], [0, 0, 0, 0, 0, 0, 0, 0, 0, 0, 0, 0, 0, 0, 0, 0, 1, 0, 0, 0, 0, 0], [0, 0, 0, 0, 0, 0, 0, 0, 0, 0, 0, 0, 0, 0, 0, 0, 0, 1, 0, 0, 0, 0], [0, 0, 0, 0, 0, 0, 0, 0, 0, 0, 0, 0, 0, 0, 0, 0, 0, 0, 1, 0, 0, 0], [0, 0, 0, 0, 0, 0, 0, 0, 0, 0, 0, 0, 0, 0, 0, 0, 0, 0, 0, 1, 0, 0], [0, 0, 0, 0, 0, 0, 0, 0, 0, 0, 0, 0, 0, 0, 0, 0, 0, 0, 0, 0, 1, 0], [0, 0, 0, 0, 0, 0, 0, 0, 0, 0, 0, 0, 0, 0, 0, 0, 0, 0, 0, 0, 0, 1]]
[[0, -1, -1, 0, -1, 0, -1, 0, 1, -1, -1, 0, -1, -1, -1, 0, 0, 0, 1, 1, 0, 1], [0, 1, 0, 0, 0, 0, 0, 0, 0, 0, 0, 0, 0, 0, 0, 0, 0, 0, 0, 0, 0, 0], [0, 0, 1, 0, 0, 0, 0, 0, 0, 0, 0, 0, 0, 0, 0, 0, 0, 0, 0, 0, 1, 0], [0, 0, 0, 0, 0, 0, 0, 0, 0, 0, 0, 0, 0, 0, 0, 0, 0, 0, 0, 1, -1, 0], [0, 0, 0, -1, 1, 0, 0, 0, 0, 0, 0, 0, 0, 0, 0, 0, 0, 0, 0, 1, 1, 0], [0, 0, 0, 0, 0, 1, 0, 0, 0, 0, 0, 0, 0, 0, 0, 0, 0, 0, 0, 0, 2, 0], [0, 0, 0, 0, 0, 0, 0, -1, -1, 0, 0, 1, 1, 0, 0, 0, 0, 0, 0, 0, -3, 0], [0, 0, 0, 1, 0, 0, 0, 1, 0, 0, 0, 0, 0, 0, 0, 0, 0, 0, 0, -1, 1, 0], [1, 1, 1, 0, 1, 0, 1, 0, 0, 1, 1, 0, 1, 1, 1, 0, 0, 0, -1, -1, 1, -1], [0, 0, 0, 0, 0, 0, 0, 0, 0, 1, 0, 0, 0, 0, 0, 0, 0, 0, 0, 0, 0, 0], [0, 0, 0, 1, 0, 0, 0, 0, 0, 0, 1, 0, 0, 0, 0, 0, 0, 0, 0, -1, 0, 0], [0, 0, 0, 0, 0, 0, 0, 0, 0, 0, 0, 1, 0, 0, 0, 0, 0, 0, 0, 0, -1, 0], [1, 1, 1, 1, 1, 0, 2, 1, 0, 1, 1, -1, 1, 1, 1, 0, 0, 0, -1, -2, 0, -1], [1, 1, 1, 1, 1, 0, 1, 0, -1, 1, 1, 0, 1, 2, 1, 0, 0, 0, -1, -2, 0, -1], [-1, -1, -1, -1, -1, 0, -1, 0, 1, -1, -1, 0, -1, -1, 0, 0, 0, 0, 1, 2, 1, 1], [1, 1, 1, 0, 1, 0, 1, 0, -1, 1, 1, 0, 1, 1, 1, 1, 0, 0, -1, -1, -1, -1], [-1, -1, -1, -1, -1, 0, -1, 0, 1, -1, -1, 0, -1, -1, -1, 0, 1, 0, 1, 2, 2, 1], [0, 0, 0, 0, 0, 0, 0, 0, 0, 0, 0, 0, 0, 0, 0, 0, 0, 1, 0, 0, -1, 0], [1, 1, 1, 0, 1, 0, 1, 0, -1, 1, 1, 0, 1, 1, 1, 0, 0, 0, 0, -1, -1, -1], [0, 0, 0, 1, 0, 0, 0, 0, 0, 0, 0, 0, 0, 0, 0, 0, 0, 0, 0, 0, -1, 0], [0, 0, 0, 0, 0, 0, 0, 0, 0, 0, 0, 0, 0, 0, 0, 0, 0, 0, 0, 0, -1, 0], [0, 0, 0, 0, 0, 0, 0, 0, 0, 0, 0, 0, 0, 0, 0, 0, 0, 0, 0, 0, 1, 1]]
[[1, 0, 0, 0, 0, 0, 0, 0, 0, 0, 0, 0, 0, 0, 0, 0, 0, 0, 0, 0, 0, 0], [0, 1, 0, 0, 0, 0, 0, 0, 0, 0, 0, 0, 0, 0, 0, 0, 0, 0, 0, 0, 0, 0], [0, 0, 1, 0, 0, 0, 0, 0, 0, 0, 0, 0, 0, 0, 0, 0, 0, 0, 0, 0, 0, 0], [0, 0, 0, 1, 0, 0, 0, 0, 0, 0, 0, 0, 0, 0, 0, 0, 0, 0, 0, 0, 0, 0], [0, 0, 0, 0, 1, 0, 0, 0, 0, 0, 0, 0, 0, 0, 0, 0, 0, 0, 0, 0, 0, 0], [0, 0, 0, 0, 0, 1, 0, 0, 0, 0, 0, 0, 0, 0, 0, 0, 0, 0, 0, 0, 0, 0], [0, 0, 0, 0, 0, 0, 1, 0, 0, 0, 0, 0, 0, 0, 0, 0, 0, 0, 0, 0, 0, 0], [0, 0, 0, 0, 0, 0, 0, 1, 0, 0, 0, 0, 0, 0, 0, 0, 0, 0, 0, 0, 0, 0], [0, 0, 0, 0, 0, 0, 0, 0, 1, 0, 0, 0, 0, 0, 0, 0, 0, 0, 0, 0, 0, 0], [0, 0, 0, 0, 0, 0, 0, 0, 0, 1, 0, 0, 0, 0, 0, 0, 0, 0, 0, 0, 0, 0], [0, 0, 0, 0, 0, 0, 0, 0, 0, 0, 1, 0, 0, 0, 0, 0, 0, 0, 0, 0, 0, 0], [0, 0, 0, 0, 0, 0, 0, 0, 0, 0, 0, 1, 0, 0, 0, 0, 0, 0, 0, 0, 0, 0], [0, 0, 0, 0, 0, 0, 0, 0, 0, 0, 0, 0, 1, 0, 0, 0, 0, 0, 0, 0, 0, 0], [0, 0, 0, 0, 0, 0, 0, 0, 0, 0, 0, 0, 0, 1, 0, 0, 0, 0, 0, 0, 0, 0], [0, 0, 0, 0, 0, 0, 0, 0, 0, 0, 0, 0, 0, 0, 1, 0, 0, 0, 0, 0, 0, 0], [0, 0, 0, 0, 0, 0, 0, 0, 0, 0, 0, 0, 0, 0, 0, 1, 0, 0, 0, 0, 0, 0], [0, 0, 0, 0, 0, 0, 0, 0, 0, 0, 0, 0, 0, 0, 0, 0, 1, 0, 0, 0, 0, 0], [0, 0, 0, 0, 0, 0, 0, 0, 0, 0, 0, 0, 0, 0, 0, 0, 0, 1, 0, 0, 0, 0], [0, 0, 0, 0, 0, 0, 0, 0, 0, 0, 0, 0, 0, 0, 0, 0, 0, 0, 1, 0, 0, 0], [0, 0, 0, 0, 0, 0, 0, 0, 0, 0, 0, 0, 0, 0, 0, 0, 0, 0, 0, 1, 0, 0], [0, 0, 0, 0, 0, 0, 0, 0, 0, 0, 0, 0, 0, 0, 0, 0, 0, 0, 0, 0, 1, 0], [0, 0, 0, 0, 0, 0, 0, 0, 0, 0, 0, 0, 0, 0, 0, 0, 0, 0, 0, 0, 0, 1]]
[[0, -1, -1, 0, -1, 0, -1, 0, 0, -1, -1, 0, -1, -1, -1, 1, 0, 1, 0, 1, -1, 1], [0, 1, 0, 0, 0, 0, 0, 0, 0, 0, 0, 0, 0, 0, 0, 0, 0, 0, 0, 0, 0, 0], [0, 0, 1, 0, 0, 0, 0, 0, 0, 0, 0, 0, 0, 0, 0, 0, 0, 0, 0, 0, 0, 0], [0, 0, 0, 0, 0, 0, 0, -1, 0, 1, 1, 0, 0, 0, 0, 0, 0, 0, 0, 0, 0, 0], [0, 0, 0, -1, 1, 0, 0, -1, 0, 1, 1, 0, 0, 0, 0, 0, 0, 1, 0, 0, 0, 0], [0, 0, 0, 0, 0, 1, 0, 0, 0, 0, 0, 0, 0, 0, 0, 0, 0, 1, 0, 0, 0, 0], [0, 0, 0, 0, 0, 0, 0, -1, -1, 0, 0, 1, 0, 1, 0, 0, 0, -2, 0, 0, 0, 0], [0, 0, 0, 0, 0, 0, 0, 1, 0, 0, 0, 0, 0, 0, 0, 0, 0, 1, 0, 0, 0, 0], [0, 0, 0, 0, 0, 0, 0, 0, 1, 0, 0, 0, 0, 0, 0, 0, 0, 0, 0, 0, 0, 0], [0, 0, 0, 0, 0, 0, 0, 0, 0, 1, 0, 0, 0, 0, 0, 0, 0, 1, 0, 0, 0, 0], [0, 0, 0, 1, 0, 0, 0, 1, 0, -1, 0, 0, 0, 0, 0, 0, 0, 0, 0, 0, 0, 0], [0, 0, 0, 0, 0, 0, 0, 0, 0, 0, 0, 1, 0, 0, 0, 0, 0, -1, 0, 0, 0, 0], [0, 0, 0, 0, 0, 0, 0, 0, 0, 0, 0, 0, 1, 0, 0, 0, 0, 0, 0, 0, 0, 0], [0, 0, 0, 0, 0, 0, 1, 1, 1, 0, 0, -1, 0, 0, 0, 0, 0, 0, 0, 0, 0, 0], [0, 0, 0, 0, 0, 0, 0, 0, 0, 0, 0, 0, 0, 0, 1, 0, 0, 0, 0, 0, 0, 0], [1, 1, 1, 0, 1, 0, 1, 0, 0, 1, 1, 0, 1, 1, 1, 0, 0, -1, 0, -1, 1, -1], [0, 0, 0, 0, 0, 0, 0, 0, 0, 0, 0, 0, 0, 0, 0, 0, 1, 1, 0, 0, 0, 0], [0, 0, 0, 0, 0, 0, 0, 0, 0, 0, 0, 0, 0, 0, 0, 0, 0, -1, 0, 0, 0, 0], [0, 0, 0, 0, 0, 0, 0, 0, 0, 0, 0, 0, 0, 0, 0, 0, 0, -1, 1, 0, 0, 0], [0, 0, 0, 0, 0, 0, 0, 0, 0, 0, 0, 0, 0, 0, 0, 0, 0, 0, 0, 1, 0, 0], [0, 0, 0, 0, 0, 0, 0, 0, 0, 0, 0, 0, 0, 0, 0, 0, 0, -1, 0, 0, 1, 0], [0, 0, 0, 0, 0, 0, 0, 0, 0, 0, 0, 0, 0, 0, 0, 0, 0, 1, 0, 0, 0, 1]]
[[1, 0, 0, 0, 0, 0, 0, 0, 0, 0, 0, 0, 0, 0, 0, 0, 0, 0, 0, 0, 0, 0], [0, 1, 0, 0, 0, 0, 0, 0, 0, 0, 0, 0, 0, 0, 0, 0, 0, 0, 0, 0, 0, 0], [0, 0, 1, 0, 0, 0, 0, 0, 0, 0, 0, 0, 0, 0, 0, 0, 0, 0, 0, 0, 0, 0], [0, 0, 0, 1, 0, 0, 0, 0, 0, 0, 0, 0, 0, 0, 0, 0, 0, 0, 0, 0, 0, 0], [0, 0, 0, 0, 1, 0, 0, 0, 0, 0, 0, 0, 0, 0, 0, 0, 0, 0, 0, 0, 0, 0], [0, 0, 0, 0, 0, 1, 0, 0, 0, 0, 0, 0, 0, 0, 0, 0, 0, 0, 0, 0, 0, 0], [0, 0, 0, 0, 0, 0, 1, 0, 0, 0, 0, 0, 0, 0, 0, 0, 0, 0, 0, 0, 0, 0], [0, 0, 0, 0, 0, 0, 0, 1, 0, 0, 0, 0, 0, 0, 0, 0, 0, 0, 0, 0, 0, 0], [0, 0, 0, 0, 0, 0, 0, 0, 1, 0, 0, 0, 0, 0, 0, 0, 0, 0, 0, 0, 0, 0], [0, 0, 0, 0, 0, 0, 0, 0, 0, 1, 0, 0, 0, 0, 0, 0, 0, 0, 0, 0, 0, 0], [0, 0, 0, 0, 0, 0, 0, 0, 0, 0, 1, 0, 0, 0, 0, 0, 0, 0, 0, 0, 0, 0], [0, 0, 0, 0, 0, 0, 0, 0, 0, 0, 0, 1, 0, 0, 0, 0, 0, 0, 0, 0, 0, 0], [0, 0, 0, 0, 0, 0, 0, 0, 0, 0, 0, 0, 1, 0, 0, 0, 0, 0, 0, 0, 0, 0], [0, 0, 0, 0, 0, 0, 0, 0, 0, 0, 0, 0, 0, 1, 0, 0, 0, 0, 0, 0, 0, 0], [0, 0, 0, 0, 0, 0, 0, 0, 0, 0, 0, 0, 0, 0, 1, 0, 0, 0, 0, 0, 0, 0], [0, 0, 0, 0, 0, 0, 0, 0, 0, 0, 0, 0, 0, 0, 0, 1, 0, 0, 0, 0, 0, 0], [0, 0, 0, 0, 0, 0, 0, 0, 0, 0, 0, 0, 0, 0, 0, 0, 1, 0, 0, 0, 0, 0], [0, 0, 0, 0, 0, 0, 0, 0, 0, 0, 0, 0, 0, 0, 0, 0, 0, 1, 0, 0, 0, 0], [0, 0, 0, 0, 0, 0, 0, 0, 0, 0, 0, 0, 0, 0, 0, 0, 0, 0, 1, 0, 0, 0], [0, 0, 0, 0, 0, 0, 0, 0, 0, 0, 0, 0, 0, 0, 0, 0, 0, 0, 0, 1, 0, 0], [0, 0, 0, 0, 0, 0, 0, 0, 0, 0, 0, 0, 0, 0, 0, 0, 0, 0, 0, 0, 1, 0], [0, 0, 0, 0, 0, 0, 0, 0, 0, 0, 0, 0, 0, 0, 0, 0, 0, 0, 0, 0, 0, 1]]
[[1, 0, 0, 0, 0, 0, 0, 0, 0, 0, 0, 0, 0, 0, 0, 0, 0, 0, 0, 0, 0, 0], [0, 1, 0, 0, 0, 0, 0, 0, 0, 0, 0, 0, 0, 0, 0, 0, 0, 0, 0, 0, 0, 0], [0, 0, 1, 0, 0, 0, 0, 0, 0, 0, 0, 0, 0, 0, 0, 0, 0, 0, 0, 0, 0, 0], [0, 0, 0, 1, 0, 0, 0, 0, 0, 0, 0, 0, 0, 0, 0, 0, 0, 0, 0, 0, 0, 0], [0, 0, 0, 0, 1, 0, 0, 0, 0, 0, 0, 0, 0, 0, 0, 0, 0, 0, 0, 0, 0, 0], [0, 0, 0, 0, 0, 1, 0, 0, 0, 0, 0, 0, 0, 0, 0, 0, 0, 0, 0, 0, 0, 0], [0, 0, 0, 0, 0, 0, 1, 0, 0, 0, 0, 0, 0, 0, 0, 0, 0, 0, 0, 0, 0, 0], [0, 0, 0, 0, 0, 0, 0, 1, 0, 0, 0, 0, 0, 0, 0, 0, 0, 0, 0, 0, 0, 0], [0, 0, 0, 0, 0, 0, 0, 0, 1, 0, 0, 0, 0, 0, 0, 0, 0, 0, 0, 0, 0, 0], [0, 0, 0, 0, 0, 0, 0, 0, 0, 1, 0, 0, 0, 0, 0, 0, 0, 0, 0, 0, 0, 0], [0, 0, 0, 0, 0, 0, 0, 0, 0, 0, 1, 0, 0, 0, 0, 0, 0, 0, 0, 0, 0, 0], [0, 0, 0, 0, 0, 0, 0, 0, 0, 0, 0, 1, 0, 0, 0, 0, 0, 0, 0, 0, 0, 0], [0, 0, 0, 0, 0, 0, 0, 0, 0, 0, 0, 0, 1, 0, 0, 0, 0, 0, 0, 0, 0, 0], [0, 0, 0, 0, 0, 0, 0, 0, 0, 0, 0, 0, 0, 1, 0, 0, 0, 0, 0, 0, 0, 0], [0, 0, 0, 0, 0, 0, 0, 0, 0, 0, 0, 0, 0, 0, 1, 0, 0, 0, 0, 0, 0, 0], [0, 0, 0, 0, 0, 0, 0, 0, 0, 0, 0, 0, 0, 0, 0, 1, 0, 0, 0, 0, 0, 0], [0, 0, 0, 0, 0, 0, 0, 0, 0, 0, 0, 0, 0, 0, 0, 0, 1, 0, 0, 0, 0, 0], [0, 0, 0, 0, 0, 0, 0, 0, 0, 0, 0, 0, 0, 0, 0, 0, 0, 1, 0, 0, 0, 0], [0, 0, 0, 0, 0, 0, 0, 0, 0, 0, 0, 0, 0, 0, 0, 0, 0, 0, 1, 0, 0, 0], [0, 0, 0, 0, 0, 0, 0, 0, 0, 0, 0, 0, 0, 0, 0, 0, 0, 0, 0, 1, 0, 0], [0, 0, 0, 0, 0, 0, 0, 0, 0, 0, 0, 0, 0, 0, 0, 0, 0, 0, 0, 0, 1, 0], [0, 0, 0, 0, 0, 0, 0, 0, 0, 0, 0, 0, 0, 0, 0, 0, 0, 0, 0, 0, 0, 1]]
[[-1, 0, 0, 0, 0, 0, 0, 0, 0, 0, 0, 0, 0, 0, 0, 0, 0, 0, 0, 0, 0, 0], [1, 1, 0, 0, 0, 0, 0, 0, 0, 0, 0, 0, 0, 0, 0, 0, 0, 0, 0, 0, 0, 0], [0, 0, 1, 0, 0, 0, 0, 0, 0, 0, 0, 0, 0, 0, 0, 0, 0, 0, 0, 0, 0, 0], [1, 1, -1, -1, 2, 1, 1, -2, -1, -1, 2, 2, 2, 2, 1, 1, 1, -1, -1, 0, 1, 0], [2, 1, -1, -1, 2, 1, 1, -1, 0, -2, 1, 1, 1, 1, 0, 1, 1, -1, -1, 0, 1, 0], [1, 1, -1, -1, 1, 2, 1, -1, 0, -2, 1, 1, 1, 1, 0, 1, 1, -1, -1, 0, 1, 0], [-1, -1, 0, 0, -1, -1, -1, -1, -1, 2, -1, 1, 0, 0, 0, 0, 0, 1, 1, 1, -2, 1], [0, 1, -1, -1, 1, 1, 1, 0, 0, -2, 1, 1, 1, 1, 0, 1, 1, -1, -1, 0, 1, 0], [1, 0, 0, 0, 0, 0, 0, 0, 1, 0, 0, 0, 0, 0, 0, 0, 0, 0, 0, 0, 0, 0], [1, 1, -1, -1, 1, 1, 1, -1, 0, -1, 1, 1, 1, 1, 0, 1, 1, -1, -1, 0, 1, 0], [-1, 0, 0, 0, 0, 0, 0, 0, 0, 0, 1, 0, 0, 0, 0, 0, 0, 0, 0, 0, 0, 0], [0, 0, 0, 0, 0, 0, 0, 0, 0, 0, 0, 1, 0, 0, 0, 0, 0, 0, 0, 0, 0, 0], [0, 0, 0, 0, 0, 0, 0, 0, 0, 0, 0, 0, 1, 0, 0, 0, 0, 0, 0, 0, 0, 0], [0, 0, 0, 0, 0, 0, 0, 0, 0, 0, 0, 0, 0, 1, 0, 0, 0, 0, 0, 0, 0, 0], [0, 0, 0, 1, -1, 0, 0, 1, 1, -1, -1, -1, -1, -1, 0, 0, 0, 0, 0, 0, 0, 0], [1, -1, 1, 1, -1, -1, -1, 1, 0, 2, -1, -1, -1, -1, 0, 0, -1, 1, 1, 0, -1, 0], [0, 1, 0, -1, 2, 1, 2, 0, 0, -1, 2, 0, 1, 1, 1, 0, 1, -1, -1, -1, 2, -1], [0, -1, 1, 1, -1, -1, -1, 1, 0, 2, -1, -1, -1, -1, 0, -1, -1, 2, 1, 0, -1, 0], [0, -1, 1, 1, -1, -1, -1, 1, 0, 2, -1, -1, -1, -1, 0, -1, -1, 1, 2, 0, -1, 0], [0, 0, 0, 0, 0, 0, 0, 0, 0, 0, 0, 0, 0, 0, 0, 0, 0, 0, 0, 1, 0, 0], [0, -1, 1, 1, -1, -1, -1, 1, 0, 2, -1, -1, -1, -1, 0, -1, -1, 1, 1, 0, 0, 0], [0, 1, -1, -1, 1, 1, 1, -1, 0, -2, 1, 1, 1, 1, 0, 1, 1, -1, -1, 0, 1, 1]]
[[1, 0, 1, 0, 0, -2, 0, 1, 0, 3, 0, -2, 0, 0, 1, 0, 0, 2, 1, 0, -1, 0], [0, 1, -1, 0, 0, 2, 0, -1, 0, -3, 0, 2, 0, 0, -1, 0, 0, -2, -1, 0, 1, 0], [0, 0, 1, 0, 0, 0, 0, 0, 0, 0, 0, 0, 0, 0, 0, 0, 0, 0, 0, 0, 0, 0], [-1, 0, 1, 1, 0, 1, 0, 0, -1, 0, 0, 1, 0, 0, 0, -1, -1, -1, 0, -1, 1, 0], [-1, 0, 0, 0, 1, 3, 0, -1, -1, -3, 0, 3, 0, 0, -1, -1, -1, -3, -1, -1, 2, 0], [1, 0, 0, 0, 0, -2, 0, 1, 1, 3, 0, -3, 0, 0, 1, 1, 1, 3, 1, 1, -2, 0], [-1, 0, 0, 0, 0, 3, 1, -1, -1, -3, 0, 3, 0, 0, -1, -1, -1, -3, -1, -1, 2, 0], [1, 0, 0, 0, 0, -3, 0, 2, 1, 3, 0, -3, 0, 0, 1, 1, 1, 3, 1, 1, -2, 0], [0, 0, 0, 0, 0, 0, 0, 0, 1, 0, 0, 0, 0, 0, 0, 0, 0, 0, 0, 0, 0, 0], [0, 0, 0, 0, 0, 0, 0, 0, 0, 1, 0, 0, 0, 0, 0, 0, 0, 0, 0, 0, 0, 0], [0, 0, 1, 0, 0, -2, 0, 1, 0, 3, 1, -2, 0, 0, 1, 0, 0, 2, 1, 0, -1, 0], [0, 0, 0, 0, 0, 0, 0, 0, 0, 0, 0, 1, 0, 0, 0, 0, 0, 0, 0, 0, 0, 0], [0, 0, 0, 0, 0, 0, 0, 0, 0, 0, 0, 0, 1, 0, 0, 0, 0, 0, 0, 0, 0, 0], [0, 0, 0, 0, 0, 0, 0, 0, 0, 0, 0, 0, 0, 1, 0, 0, 0, 0, 0, 0, 0, 0], [1, 0, -1, 0, 0, -1, 0, 0, 1, 0, 0, -1, 0, 0, 1, 1, 1, 1, 0, 1, -1, 0], [0, 0, -1, 0, 0, 2, 0, -1, 0, -3, 0, 2, 0, 0, -1, 1, 0, -2, -1, 0, 1, 0], [0, 0, 1, 0, 0, -2, 0, 1, 0, 3, 0, -2, 0, 0, 1, 0, 1, 2, 1, 0, -1, 0], [0, 0, 0, 0, 0, 0, 0, 0, 0, 0, 0, 0, 0, 0, 0, 0, 0, 1, 0, 0, 0, 0], [0, 0, -1, 0, 0, 2, 0, -1, 0, -3, 0, 2, 0, 0, -1, 0, 0, -2, 0, 0, 1, 0], [-1, 0, 1, 0, 0, 1, 0, 0, -1, 0, 0, 1, 0, 0, 0, -1, -1, -1, 0, 0, 1, 0], [0, 0, 0, 0, 0, 0, 0, 0, 0, 0, 0, 0, 0, 0, 0, 0, 0, 0, 0, 0, 1, 0], [0, 0, 0, 0, 0, 0, 0, 0, 0, 0, 0, 0, 0, 0, 0, 0, 0, 0, 0, 0, 0, 1]]
[[1, 1, 0, 0, 0, 0, 0, 0, 0, 0, 0, 0, 0, 0, 0, 0, 0, 0, 0, 0, 0, 0], [0, -1, 0, 0, 0, 0, 0, 0, 0, 0, 0, 0, 0, 0, 0, 0, 0, 0, 0, 0, 0, 0], [0, 0, 1, 0, -1, 0, 0, 0, 0, 2, -1, 0, 0, 0, 0, 0, 0, 1, 0, 0, -1, 0], [0, 0, 0, 1, 0, 0, 0, 0, 0, 0, 0, 0, 0, 0, 0, 0, -1, 0, -1, -1, 0, 0], [0, -2, 0, 0, -1, 0, 0, 0, 0, 4, -2, 0, 0, 0, 0, 0, -1, 2, -1, -1, -2, 0], [0, -2, 0, 0, -1, 1, 0, 0, 0, 2, -1, 0, 0, 0, 0, 0, -1, 1, -1, -1, -1, 0], [0, 3, 0, 0, 2, 0, 1, 0, 0, -4, 2, 0, 0, 0, 0, 0, 1, -2, 1, 1, 2, 0], [0, -1, 0, 0, 0, 0, 0, 1, 0, 0, 0, 0, 0, 0, 0, 0, -1, 0, -1, -1, 0, 0], [0, -1, 0, 0, -1, 0, 0, 0, 1, 2, -1, 0, 0, 0, 0, 0, 0, 1, 0, 0, -1, 0], [0, -1, 0, 0, 0, 0, 0, 0, 0, 1, 0, 0, 0, 0, 0, 0, -1, 0, -1, -1, 0, 0], [0, 0, 0, 0, 0, 0, 0, 0, 0, 0, 1, 0, 0, 0, 0, 0, -1, 0, -1, -1, 0, 0], [0, 1, 0, 0, 1, 0, 0, 0, 0, -2, 1, 1, 0, 0, 0, 0, 0, -1, 0, 0, 1, 0], [0, 0, 0, 0, 0, 0, 0, 0, 0, 0, 0, 0, 1, 0, 0, 0, 0, 0, 0, 0, 0, 0], [0, 0, 0, 0, 0, 0, 0, 0, 0, 0, 0, 0, 0, 1, 0, 0, 0, 0, 0, 0, 0, 0], [0, 0, 0, 0, 0, 0, 0, 0, 0, 0, 0, 0, 0, 0, 0, 0, 1, 0, 0, 0, 0, -1], [0, 0, 0, 0, 0, 0, 0, 0, 0, 0, 0, 0, 0, 0, 0, 1, 1, 0, 1, 1, 0, 0], [0, -1, 0, 0, -1, 0, 0, 0, 0, 2, -1, 0, 0, 0, 0, 0, -1, 1, -2, -2, -1, 0], [0, 0, 0, 0, 0, 0, 0, 0, 0, 0, 0, 0, 0, 0, 0, 0, 0, 1, 0, 0, 0, 0], [0, 1, 0, 0, 1, 0, 0, 0, 0, -2, 1, 0, 0, 0, 0, 0, 1, -1, 2, 1, 1, 0], [0, 0, 0, 0, 0, 0, 0, 0, 0, 0, 0, 0, 0, 0, 0, 0, -1, 0, -1, 0, 0, 0], [0, 0, 0, 0, 0, 0, 0, 0, 0, 0, 0, 0, 0, 0, 0, 0, 0, 0, 0, 0, 1, 0], [0, -1, 0, 0, -1, 0, 0, 0, 0, 2, -1, 0, 0, 0, -1, 0, -1, 1, -2, -2, -1, 0]]
[[1, 0, 0, 0, 0, 0, 0, 0, 0, 0, 0, 0, 0, 0, 0, 0, 0, 0, 0, 0, 0, 0], [0, 1, 0, 0, 0, 0, 0, 0, 0, 0, 0, 0, 0, 0, 0, 0, 0, 0, 0, 0, 0, 0], [0, 0, 1, 0, 0, 0, 0, 0, 0, 0, 0, 0, 0, 0, 0, 0, 0, 0, 0, 0, 0, 0], [0, 0, 0, 1, 0, 0, 0, 0, 0, 0, 0, 0, 0, 0, 0, 0, 0, 0, 0, 0, 0, 0], [0, 0, 0, 0, 1, 0, 0, 0, 0, 0, 0, 0, 0, 0, 0, 0, 0, 0, 0, 0, 0, 0], [0, 0, 0, 0, 0, 1, 0, 0, 0, 0, 0, 0, 0, 0, 0, 0, 0, 0, 0, 0, 0, 0], [0, 0, 0, 0, 0, 0, 1, 0, 0, 0, 0, 0, 0, 0, 0, 0, 0, 0, 0, 0, 0, 0], [0, 0, 0, 0, 0, 0, 0, 1, 0, 0, 0, 0, 0, 0, 0, 0, 0, 0, 0, 0, 0, 0], [0, 0, 0, 0, 0, 0, 0, 0, 1, 0, 0, 0, 0, 0, 0, 0, 0, 0, 0, 0, 0, 0], [0, 0, 0, 0, 0, 0, 0, 0, 0, 1, 0, 0, 0, 0, 0, 0, 0, 0, 0, 0, 0, 0], [0, 0, 0, 0, 0, 0, 0, 0, 0, 0, 1, 0, 0, 0, 0, 0, 0, 0, 0, 0, 0, 0], [0, 0, 0, 0, 0, 0, 0, 0, 0, 0, 0, 1, 0, 0, 0, 0, 0, 0, 0, 0, 0, 0], [0, 0, 0, 0, 0, 0, 0, 0, 0, 0, 0, 0, 1, 0, 0, 0, 0, 0, 0, 0, 0, 0], [0, 0, 0, 0, 0, 0, 0, 0, 0, 0, 0, 0, 0, 1, 0, 0, 0, 0, 0, 0, 0, 0], [0, 0, 0, 0, 0, 0, 0, 0, 0, 0, 0, 0, 0, 0, 1, 0, 0, 0, 0, 0, 0, 0], [0, 0, 0, 0, 0, 0, 0, 0, 0, 0, 0, 0, 0, 0, 0, 1, 0, 0, 0, 0, 0, 0], [0, 0, 0, 0, 0, 0, 0, 0, 0, 0, 0, 0, 0, 0, 0, 0, 1, 0, 0, 0, 0, 0], [0, 0, 0, 0, 0, 0, 0, 0, 0, 0, 0, 0, 0, 0, 0, 0, 0, 1, 0, 0, 0, 0], [0, 0, 0, 0, 0, 0, 0, 0, 0, 0, 0, 0, 0, 0, 0, 0, 0, 0, 1, 0, 0, 0], [0, 0, 0, 0, 0, 0, 0, 0, 0, 0, 0, 0, 0, 0, 0, 0, 0, 0, 0, 1, 0, 0], [0, 0, 0, 0, 0, 0, 0, 0, 0, 0, 0, 0, 0, 0, 0, 0, 0, 0, 0, 0, 1, 0], [0, 0, 0, 0, 0, 0, 0, 0, 0, 0, 0, 0, 0, 0, 0, 0, 0, 0, 0, 0, 0, 1]]
[[1, 0, 0, 0, 0, 0, 0, 0, 0, 0, 0, 0, 0, 0, 0, 0, 0, 0, 0, 0, 0, 0], [0, 1, 0, 0, 0, 0, 0, 0, 0, 0, 0, 0, 0, 0, 0, 0, 0, 0, 0, 0, 0, 0], [0, 0, 1, 0, 0, 0, 0, 0, 0, 0, 0, 0, 0, 0, 0, 0, 0, 0, 0, 0, 0, 0], [-1, 0, 0, 1, 0, 1, 0, 0, 0, -2, 1, 1, 0, 0, 0, 0, 0, -2, 0, 0, 1, 0], [-1, 0, 0, 0, 1, 1, 0, 0, 0, -2, 1, 1, 0, 0, 0, 0, 0, -2, 0, 0, 1, 0], [1, 0, 0, 0, 0, -1, 0, 1, 1, 2, -1, -2, -1, -1, 0, 0, 0, 2, 1, 1, -2, 0], [-1, 0, 0, 0, 0, 2, 1, -1, -1, -2, 1, 2, 1, 1, 0, 0, 0, -2, -1, -1, 2, 0], [1, 0, 0, 0, 0, -1, 0, 1, 0, 2, -1, -1, 0, 0, 0, 0, 0, 2, 0, 0, -1, 0], [0, 0, 0, 0, 0, 0, 0, 0, 1, 0, 0, 0, 0, 0, 0, 0, 0, 0, 0, 0, 0, 0], [0, 0, 0, 0, 0, 0, 0, 0, 0, 1, 0, 0, 0, 0, 0, 0, 0, 0, 0, 0, 0, 0], [1, 0, 0, 0, 0, -1, 0, 0, 0, 2, 0, -1, 0, 0, 0, 0, 0, 2, 0, 0, -1, 0], [0, 0, 0, 0, 0, 0, 0, 0, 0, 0, 0, 1, 0, 0, 0, 0, 0, 0, 0, 0, 0, 0], [0, 0, 0, 0, 0, 0, 0, 0, 0, 0, 0, 0, 1, 0, 0, 0, 0, 0, 0, 0, 0, 0], [0, 0, 0, 0, 0, 0, 0, 0, 0, 0, 0, 0, 0, 1, 0, 0, 0, 0, 0, 0, 0, 0], [0, 0, 0, 0, 0, 0, 0, 0, 0, 0, 0, 0, 0, 0, 1, 0, 0, 0, 0, 0, 0, 0], [0, 0, 0, 0, 0, 0, 0, 0, 0, 0, 0, 0, 0, 0, 0, 1, 0, 0, 0, 0, 0, 0], [0, 0, 0, 0, 0, 0, 0, 0, 0, 0, 0, 0, 0, 0, 0, 0, 1, 0, 0, 0, 0, 0], [0, 0, 0, 0, 0, -1, 0, 1, 1, 0, 0, -1, -1, -1, 0, 0, 0, 1, 1, 1, -1, 0], [0, 0, 0, 0, 0, 0, 0, 0, 0, 0, 0, 0, 0, 0, 0, 0, 0, 0, 1, 0, 0, 0], [0, 0, 0, 0, 0, 0, 0, 0, 0, 0, 0, 0, 0, 0, 0, 0, 0, 0, 0, 1, 0, 0], [0, 0, 0, 0, 0, -1, 0, 1, 1, 0, 0, -1, -1, -1, 0, 0, 0, 0, 1, 1, 0, 0], [0, 0, 0, 0, 0, 0, 0, 0, 0, 0, 0, 0, 0, 0, 0, 0, 0, 0, 0, 0, 0, 1]]
[[1, 0, 0, 0, 0, 0, 0, 0, 0, 0, 0, 0, 0, 0, 0, 0, 0, 0, 0, 0, 0, 0], [0, 1, 0, 0, 0, 0, 0, 0, 0, 0, 0, 0, 0, 0, 0, 0, 0, 0, 0, 0, 0, 0], [0, 0, 1, 0, 0, 0, 0, 0, 0, 0, 0, 0, 0, 0, 0, 0, 0, 0, 0, 0, 0, 0], [0, 0, 0, 1, 0, 0, 0, 0, 0, 0, 0, 0, 0, 0, 0, 0, 0, 0, 0, 0, 0, 0], [0, 0, 0, 0, 1, 0, 0, 0, 0, 0, 0, 0, 0, 0, 0, 0, 0, 0, 0, 0, 0, 0], [0, 0, 0, 0, 0, 1, 0, 0, 0, 0, 0, 0, 0, 0, 0, 0, 0, 0, 0, 0, 0, 0], [0, 0, 0, 0, 0, 0, 1, 0, 0, 0, 0, 0, 0, 0, 0, 0, 0, 0, 0, 0, 0, 0], [0, 0, 0, 0, 0, 0, 0, 1, 0, 0, 0, 0, 0, 0, 0, 0, 0, 0, 0, 0, 0, 0], [0, 0, 0, 0, 0, 0, 0, 0, 1, 0, 0, 0, 0, 0, 0, 0, 0, 0, 0, 0, 0, 0], [0, 0, 0, 0, 0, 0, 0, 0, 0, 1, 0, 0, 0, 0, 0, 0, 0, 0, 0, 0, 0, 0], [0, 0, 0, 0, 0, 0, 0, 0, 0, 0, 1, 0, 0, 0, 0, 0, 0, 0, 0, 0, 0, 0], [0, 0, 0, 0, 0, 0, 0, 0, 0, 0, 0, 1, 0, 0, 0, 0, 0, 0, 0, 0, 0, 0], [0, 0, 0, 0, 0, 0, 0, 0, 0, 0, 0, 0, 1, 0, 0, 0, 0, 0, 0, 0, 0, 0], [0, 0, 0, 0, 0, 0, 0, 0, 0, 0, 0, 0, 0, 1, 0, 0, 0, 0, 0, 0, 0, 0], [0, 0, 0, 0, 0, 0, 0, 0, 0, 0, 0, 0, 0, 0, 1, 0, 0, 0, 0, 0, 0, 0], [0, 0, 0, 0, 0, 0, 0, 0, 0, 0, 0, 0, 0, 0, 0, 1, 0, 0, 0, 0, 0, 0], [0, 0, 0, 0, 0, 0, 0, 0, 0, 0, 0, 0, 0, 0, 0, 0, 1, 0, 0, 0, 0, 0], [0, 0, 0, 0, 0, 0, 0, 0, 0, 0, 0, 0, 0, 0, 0, 0, 0, 1, 0, 0, 0, 0], [0, 0, 0, 0, 0, 0, 0, 0, 0, 0, 0, 0, 0, 0, 0, 0, 0, 0, 1, 0, 0, 0], [0, 0, 0, 0, 0, 0, 0, 0, 0, 0, 0, 0, 0, 0, 0, 0, 0, 0, 0, 1, 0, 0], [0, 0, 0, 0, 0, 0, 0, 0, 0, 0, 0, 0, 0, 0, 0, 0, 0, 0, 0, 0, 1, 0], [0, 0, 0, 0, 0, 0, 0, 0, 0, 0, 0, 0, 0, 0, 0, 0, 0, 0, 0, 0, 0, 1]]

#################
# GALOIS GROUPS #
#################


Generators of the monodromy group on the generic Picard lattice:
[[1, 0, 0, 0, 0, 0, 0, 0, 0, 0, 0, 0, 0, 0], [0, 1, 0, 0, 0, 0, 0, 0, 0, 0, 0, 0, 0, 0], [0, 0, 1, 0, 0, -1, 0, 0, 0, 1, 0, -1, 0, 0], [0, 0, 0, 1, 0, 1, 0, 0, 0, -1, 0, 1, 0, 0], [0, 0, 0, 0, 1, 0, 0, 0, 0, 0, 0, 0, 0, 0], [0, 0, 0, 0, 0, 0, 0, 0, 0, 1, 0, -1, 0, 0], [0, 0, 0, 0, 0, 1, 1, 0, 0, -1, 0, 1, 0, 0], [0, -1, -1, -1, -1, 0, -1, 0, 1, 1, -1, 1, -1, -1], [0, 1, 1, 1, 1, -1, 1, 1, 0, 0, 1, -2, 0, 1], [0, 0, 0, 0, 0, 1, 0, 0, 0, 0, 0, 1, 0, 0], [0, 0, 0, 0, 0, 0, 0, 0, 0, 0, 1, 0, 0, 0], [0, 0, 0, 0, 0, 0, 0, 0, 0, 0, 0, 1, 0, 0], [0, 0, 0, 0, 0, 0, 0, 0, 0, 0, 0, 0, -1, 0], [0, 0, 0, 0, 0, -1, 0, 0, 0, 1, 0, -1, 1, 1]]
[[1, 0, 0, 0, 0, 0, 0, 0, 0, 0, 0, 0, 0, 0], [0, 1, 0, 0, 0, 0, 0, 0, 0, 0, 0, 0, 0, 0], [0, 0, 1, 0, 0, 0, 0, 0, 0, 0, 0, 0, 0, 0], [0, 0, 0, 1, 0, 0, 0, 0, 0, 0, 0, 0, 0, 0], [0, 0, 0, 0, 1, 0, 0, 0, 0, 0, 0, 0, 0, 0], [0, 0, 0, 0, 0, 1, 0, 0, 0, 0, 0, 0, 0, 0], [0, 0, 0, 0, 0, 0, 1, 0, 0, 0, 0, 0, 0, 0], [0, 0, 0, 0, 0, 0, 0, 1, 0, 0, 0, 0, 0, 0], [0, 0, 0, 0, 0, 0, 0, 0, 1, 0, 0, 0, 0, 0], [0, 0, 0, 0, 0, 0, 0, 0, 0, 1, 0, 0, 0, 0], [0, 0, 0, 0, 0, 0, 0, 0, 0, 0, 1, 0, 0, 0], [0, 0, 0, 0, 0, 0, 0, 0, 0, 0, 0, 1, 0, 0], [0, 0, 0, 0, 0, 0, 0, 0, 0, 0, 0, 0, 1, 0], [0, 0, 0, 0, 0, 0, 0, 0, 0, 0, 0, 0, 0, 1]]
[[1, 0, 0, 0, 0, 0, 0, 0, 0, 0, 0, 0, 0, 0], [0, 1, 0, 0, 0, 0, 0, 0, 0, 0, 0, 0, 0, 0], [0, 0, 1, 0, 0, 0, 0, 0, 0, 0, 0, 0, 0, 0], [0, 0, 0, 1, 0, 0, 0, 0, 0, 0, 0, 0, 0, 0], [0, 0, 0, 0, 1, 0, 0, 0, 0, 0, 0, 0, 0, 0], [0, 0, 0, 0, 0, 1, 0, 0, 0, 0, 0, 0, 0, 0], [0, 0, 0, 0, 0, 0, 1, 0, 0, 0, 0, 0, 0, 0], [0, 0, 0, 0, 0, 0, 0, 1, 0, 0, 0, 0, 0, 0], [0, 0, 0, 0, 0, 0, 0, 0, 1, 0, 0, 0, 0, 0], [0, 0, 0, 0, 0, 0, 0, 0, 0, 1, 0, 0, 0, 0], [0, 0, 0, 0, 0, 0, 0, 0, 0, 0, 1, 0, 0, 0], [0, 0, 0, 0, 0, 0, 0, 0, 0, 0, 0, 1, 0, 0], [0, 0, 0, 0, 0, 0, 0, 0, 0, 0, 0, 0, 1, 0], [0, 0, 0, 0, 0, 0, 0, 0, 0, 0, 0, 0, 0, 1]]
[[1, 0, 0, 0, 0, 0, 0, 0, 0, 0, 0, 0, 0, 0], [0, 0, 0, 0, -1, 0, 0, 0, 1, 1, -1, 0, 0, 0], [-1, 0, 1, 0, 0, 1, 0, -1, -2, 0, 1, 0, 1, 0], [-1, 0, 0, 1, 0, -1, -1, 0, 0, -1, 1, 0, 0, 0], [-4, -2, 0, 0, -1, 0, -2, -2, -2, 0, 2, 0, 2, 0], [-2, -2, 0, 0, -2, 1, -1, -1, 0, 1, 0, 0, 1, 0], [3, 3, 0, 0, 3, -1, 2, 2, 1, -2, 0, 0, -2, 0], [2, -1, 0, 0, -1, 0, 1, 2, 3, 2, -3, 0, -1, 0], [-1, 0, 0, 0, 0, 1, 0, -1, -1, 0, 1, 0, 1, 0], [-1, -1, 0, 0, -1, -1, -1, 0, 1, 1, 0, 0, 0, 0], [2, 0, 0, 0, 0, 0, 1, 1, 2, 1, -1, 0, -1, 0], [2, 1, 0, 0, 1, 0, 1, 1, 1, 0, -1, 1, -1, 0], [2, 1, 0, 0, 1, 0, 1, 1, 1, 0, -1, 0, 0, 0], [-1, 0, 0, 0, 0, 1, 0, -1, -2, 0, 1, 0, 1, 1]]
[[1, 0, 0, 0, 0, 0, 0, 0, 0, 0, 0, 0, 0, 0], [0, 1, 0, 0, 0, 0, 0, 0, 0, 0, 0, 0, 0, 0], [0, 0, 1, 0, 0, 0, 0, 0, 0, 0, 0, 0, 0, 0], [0, 0, 0, 1, 0, 0, 0, 0, 0, 0, 0, 0, 0, 0], [0, 0, 0, 0, 1, 0, 0, 0, 0, 0, 0, 0, 0, 0], [0, 0, 0, 0, 0, 1, 0, 0, 0, 0, 0, 0, 0, 0], [0, 0, 0, 0, 0, 0, 1, 0, 0, 0, 0, 0, 0, 0], [0, 0, 0, 0, 0, 0, 0, 1, 0, 0, 0, 0, 0, 0], [0, 0, 0, 0, 0, 0, 0, 0, 1, 0, 0, 0, 0, 0], [0, 0, 0, 0, 0, 0, 0, 0, 0, 1, 0, 0, 0, 0], [0, 0, 0, 0, 0, 0, 0, 0, 0, 0, 1, 0, 0, 0], [0, 0, 0, 0, 0, 0, 0, 0, 0, 0, 0, 1, 0, 0], [0, 0, 0, 0, 0, 0, 0, 0, 0, 0, 0, 0, 1, 0], [0, 0, 0, 0, 0, 0, 0, 0, 0, 0, 0, 0, 0, 1]]
[[1, 0, 0, 0, 0, 0, 0, 0, 0, 0, 0, 0, 0, 0], [0, 1, 1, 1, 0, 0, 1, 1, 0, 0, 0, -1, 0, 1], [-2, -1, 0, -1, -1, 0, -2, -2, -1, 0, 1, 1, 0, -1], [0, 0, 0, 1, 0, 0, 0, 0, 0, 0, 0, 0, 0, 0], [-4, -2, 0, 0, -1, 0, -2, -2, -2, 0, 2, 0, 0, 0], [-3, -1, 1, 1, -1, -1, -1, 0, -1, 0, 2, -2, 0, 1], [4, 2, -1, -1, 2, 0, 2, 1, 2, 0, -2, 1, 0, -1], [0, 0, 1, 1, 0, 0, 1, 2, 0, 0, 0, -1, 0, 1], [-2, -1, 0, 0, -1, 0, -1, -1, 0, 0, 1, 0, 0, 0], [0, 0, 1, 1, 0, 0, 1, 1, 0, 1, 0, -1, 0, 1], [2, 1, 1, 1, 1, 0, 2, 2, 1, 0, 0, -1, 0, 1], [2, 1, 0, 0, 1, 0, 1, 1, 1, 0, -1, 1, 0, 0], [-2, -1, 0, 0, -1, 0, -1, -1, -1, 0, 1, 0, 1, 0], [0, 0, -1, -1, 0, 0, -1, -1, 0, 0, 0, 1, 0, 0]]
[[1, 0, 0, 0, 0, 0, 0, 0, 0, 0, 0, 0, 0, 0], [0, 1, 0, 0, 0, 0, 0, 0, 0, 0, 0, 0, 0, 0], [0, 0, 1, 0, 0, 0, 0, 0, 0, 0, 0, 0, 0, 0], [0, 0, 0, 1, 0, 0, 0, 0, 0, 0, 0, 0, 0, 0], [0, 0, 0, 0, 1, 0, 0, 0, 0, 0, 0, 0, 0, 0], [0, 0, 0, 0, 0, 1, 0, 0, 0, 0, 0, 0, 0, 0], [0, 0, 0, 0, 0, 0, 1, 0, 0, 0, 0, 0, 0, 0], [0, 0, 0, 0, 0, 0, 0, 1, 0, 0, 0, 0, 0, 0], [0, 0, 0, 0, 0, 0, 0, 0, 1, 0, 0, 0, 0, 0], [0, 0, 0, 0, 0, 0, 0, 0, 0, 1, 0, 0, 0, 0], [0, 0, 0, 0, 0, 0, 0, 0, 0, 0, 1, 0, 0, 0], [0, 0, 0, 0, 0, 0, 0, 0, 0, 0, 0, 1, 0, 0], [0, 0, 0, 0, 0, 0, 0, 0, 0, 0, 0, 0, 1, 0], [0, 0, 0, 0, 0, 0, 0, 0, 0, 0, 0, 0, 0, 1]]
[[1, 0, 0, 0, 0, 0, 0, 0, 0, 0, 0, 0, 0, 0], [0, 1, 0, 0, 0, 0, 0, 0, 0, 0, 0, 0, 0, 0], [0, 0, 1, 0, 0, 0, 0, 0, 0, 0, 0, 0, 0, 0], [0, 0, 0, 1, 0, 0, 0, 0, 0, 0, 0, 0, 0, 0], [0, 0, 0, 0, 1, 0, 0, 0, 0, 0, 0, 0, 0, 0], [0, 0, 0, 0, 0, 1, 0, 0, 0, 0, 0, 0, 0, 0], [0, 0, 0, 0, 0, 0, 1, 0, 0, 0, 0, 0, 0, 0], [0, 0, 0, 0, 0, 0, 0, 1, 0, 0, 0, 0, 0, 0], [0, 0, 0, 0, 0, 0, 0, 0, 1, 0, 0, 0, 0, 0], [0, 0, 0, 0, 0, 0, 0, 0, 0, 1, 0, 0, 0, 0], [0, 0, 0, 0, 0, 0, 0, 0, 0, 0, 1, 0, 0, 0], [0, 0, 0, 0, 0, 0, 0, 0, 0, 0, 0, 1, 0, 0], [0, 0, 0, 0, 0, 0, 0, 0, 0, 0, 0, 0, 1, 0], [0, 0, 0, 0, 0, 0, 0, 0, 0, 0, 0, 0, 0, 1]]
[[1, 0, 0, 0, 0, 0, 0, 0, 0, 0, 0, 0, 0, 0], [1, 0, -1, 0, 0, 0, 1, 2, 2, 0, -2, 0, -1, 0], [0, 0, 1, 0, 0, 0, 0, 0, 0, 0, 0, 1, 0, 0], [0, 0, 0, 1, 0, 0, 0, 0, 0, 0, 0, -1, 0, 0], [0, 0, 0, 0, 1, 0, 0, 0, 0, 0, 0, 2, 0, 0], [-1, -1, -1, 0, 0, 0, -1, 0, 0, -1, 0, 2, 0, 0], [-1, 1, 1, 0, 0, 0, 0, -2, -2, 0, 2, -3, 1, 0], [-1, -1, -1, 0, 0, -1, -1, 1, 0, -1, 0, 0, 0, 0], [0, 0, 0, 0, 0, 0, 0, 0, 1, 0, 0, 1, 0, 0], [-1, -1, -1, 0, 0, -1, -1, 0, 0, 0, 0, 0, 0, 0], [-1, -1, -1, 0, 0, -1, -1, 0, 0, -1, 1, -1, 0, 0], [0, 0, 0, 0, 0, 0, 0, 0, 0, 0, 0, -1, 0, 0], [0, 0, 0, 0, 0, 0, 0, 0, 0, 0, 0, 0, 1, 0], [1, 1, 1, 0, 0, 1, 1, 0, 0, 1, 0, 1, 0, 1]]
[[1, 0, 0, 0, 0, 0, 0, 0, 0, 0, 0, 0, 0, 0], [0, 1, 0, 0, 0, 0, 0, 0, 0, 0, 0, 0, 0, 0], [0, 0, 1, 0, 0, 0, 0, 0, 0, 0, 0, 0, 0, 0], [0, 0, 0, 1, 0, 0, 0, 0, 0, 0, 0, 0, 0, 0], [0, 0, 0, 0, 1, 0, 0, 0, 0, 0, 0, 0, 0, 0], [0, 0, 0, 0, 0, 1, 0, 0, 0, 0, 0, 0, 0, 0], [0, 0, 0, 0, 0, 0, 1, 0, 0, 0, 0, 0, 0, 0], [0, 0, 0, 0, 0, 0, 0, 1, 0, 0, 0, 0, 0, 0], [0, 0, 0, 0, 0, 0, 0, 0, 1, 0, 0, 0, 0, 0], [0, 0, 0, 0, 0, 0, 0, 0, 0, 1, 0, 0, 0, 0], [0, 0, 0, 0, 0, 0, 0, 0, 0, 0, 1, 0, 0, 0], [0, 0, 0, 0, 0, 0, 0, 0, 0, 0, 0, 1, 0, 0], [0, 0, 0, 0, 0, 0, 0, 0, 0, 0, 0, 0, 1, 0], [0, 0, 0, 0, 0, 0, 0, 0, 0, 0, 0, 0, 0, 1]]
[[1, 0, 0, 0, 0, 0, 0, 0, 0, 0, 0, 0, 0, 0], [0, 1, 0, 0, 0, 0, 0, 0, 0, 0, 0, 0, 0, 0], [0, 0, 1, 0, 0, 0, 0, 0, 0, 0, 0, 0, 0, 0], [0, 0, 0, 1, 0, 0, 0, 0, 0, 0, 0, 0, 0, 0], [0, 0, 0, 0, 1, 0, 0, 0, 0, 0, 0, 0, 0, 0], [0, 0, 0, 0, 0, 1, 0, 0, 0, 0, 0, 0, 0, 0], [0, 0, 0, 0, 0, 0, 1, 0, 0, 0, 0, 0, 0, 0], [0, 0, 0, 0, 0, 0, 0, 1, 0, 0, 0, 0, 0, 0], [0, 0, 0, 0, 0, 0, 0, 0, 1, 0, 0, 0, 0, 0], [0, 0, 0, 0, 0, 0, 0, 0, 0, 1, 0, 0, 0, 0], [0, 0, 0, 0, 0, 0, 0, 0, 0, 0, 1, 0, 0, 0], [0, 0, 0, 0, 0, 0, 0, 0, 0, 0, 0, 1, 0, 0], [0, 0, 0, 0, 0, 0, 0, 0, 0, 0, 0, 0, 1, 0], [0, 0, 0, 0, 0, 0, 0, 0, 0, 0, 0, 0, 0, 1]]
[[1, 0, 0, 0, 0, 0, 0, 0, 0, 0, 0, 0, 0, 0], [-1, 1, 1, 1, 0, 0, 0, -1, -1, 0, 2, -1, 1, 1], [-1, -1, -1, -1, 0, 1, -1, -1, -1, -1, 0, 1, 0, -1], [1, 0, 0, 0, -1, 0, 0, 1, 1, 1, -3, 1, -1, -1], [-1, -1, 0, -1, -1, 1, -1, -1, -1, 1, -2, 1, 0, -1], [0, 0, 1, 0, -1, 1, 0, 0, 0, 1, -1, 0, 0, 0], [2, 1, -1, 0, 2, -1, 2, 2, 2, -1, 0, 0, -1, 0], [-1, 0, 2, 1, -1, 0, 0, 0, -1, 1, 1, -1, 1, 1], [-1, -1, -1, -1, -1, 1, -1, -1, 0, 0, -1, 1, 0, -1], [0, 0, 1, 0, -1, 0, 0, 0, 0, 2, -1, 0, 0, 0], [0, 0, 1, 0, -1, 0, 0, 0, 0, 1, 0, 0, 0, 0], [0, 0, 0, 0, 0, 0, 0, 0, 0, 0, 0, 1, 0, 0], [0, 0, 0, 0, 0, 0, 0, 0, 0, 0, 0, 0, 1, 0], [0, 0, -1, 0, 1, 0, 0, 0, 0, -1, 1, 0, 0, 1]]
[[-1, 0, 0, 0, 0, 0, 0, 0, 0, 0, 0, 0, 0, 0], [1, 1, 0, 0, 0, 0, 0, 0, 0, 0, 0, 0, 0, 0], [0, 0, 1, 0, 0, 0, 0, 0, 0, 0, 0, 0, 0, 0], [1, 1, 0, 0, 2, 0, 1, -1, -1, 0, 2, 0, 1, 1], [2, 1, 0, 0, 2, 0, 1, 0, 0, -1, 1, -1, 0, 0], [1, 1, 0, 0, 1, 1, 1, 0, 0, -1, 1, -1, 0, 0], [-1, -2, 0, 0, -2, 0, -1, 0, 0, 2, -2, 2, 0, 0], [0, 1, 0, 0, 1, 0, 1, 1, 0, -1, 1, -1, 0, 0], [1, 0, 0, 0, 0, 0, 0, 0, 1, 0, 0, 0, 0, 0], [1, 1, 0, 0, 1, 0, 1, 0, 0, 0, 1, -1, 0, 0], [-1, 0, 0, 0, 0, 0, 0, 0, 0, 0, 1, 0, 0, 0], [0, 0, 0, 0, 0, 0, 0, 0, 0, 0, 0, 1, 0, 0], [0, 0, 0, 0, 0, 0, 0, 0, 0, 0, 0, 0, 1, 0], [0, 0, 0, 1, -1, 0, 0, 1, 1, -1, -1, -1, -1, 0]]
[[-1, 0, 0, 0, 0, 0, 0, 0, 0, 0, 0, 0, 0, 0], [1, 1, 0, 0, 0, 0, 0, 0, 0, 0, 0, 0, 0, 0], [0, 0, 1, 0, 0, 0, 0, 0, 0, 0, 0, 0, 0, 0], [1, 1, 0, 0, 2, 0, 1, -1, -1, 0, 2, 0, 1, 1], [2, 1, 0, 0, 2, 0, 1, 0, 0, -1, 1, -1, 0, 0], [1, 1, 0, 0, 1, 1, 1, 0, 0, -1, 1, -1, 0, 0], [-1, -2, 0, 0, -2, 0, -1, 0, 0, 2, -2, 2, 0, 0], [0, 1, 0, 0, 1, 0, 1, 1, 0, -1, 1, -1, 0, 0], [1, 0, 0, 0, 0, 0, 0, 0, 1, 0, 0, 0, 0, 0], [1, 1, 0, 0, 1, 0, 1, 0, 0, 0, 1, -1, 0, 0], [-1, 0, 0, 0, 0, 0, 0, 0, 0, 0, 1, 0, 0, 0], [0, 0, 0, 0, 0, 0, 0, 0, 0, 0, 0, 1, 0, 0], [0, 0, 0, 0, 0, 0, 0, 0, 0, 0, 0, 0, 1, 0], [0, 0, 0, 1, -1, 0, 0, 1, 1, -1, -1, -1, -1, 0]]
[[-1, -1, 0, 0, -1, 0, -1, 0, 0, 0, 0, 1, 0, 0], [0, 0, 0, 0, 0, 0, 0, 0, 0, 0, 0, -1, 0, 0], [-1, -1, -1, 0, -1, 0, -1, -1, 0, 0, 0, 0, 0, 0], [0, 1, 1, 0, 1, 0, 0, -1, -1, 0, 1, 1, 1, 0], [0, 0, -1, 0, 0, 0, -1, -1, 0, 0, -1, 1, 0, 0], [0, 0, -1, 0, -1, 1, -1, -1, 0, 0, -1, 1, 0, 0], [1, 2, 2, 0, 3, -1, 3, 1, -1, 0, 3, -2, 1, 1], [1, 1, 1, 1, -1, 0, 0, 1, 1, 0, -1, 0, -1, 0], [1, 0, -1, 0, 0, 0, 0, 0, 1, 0, -1, 0, 0, 0], [1, 1, 1, 0, 0, 0, 0, 0, 0, 1, -1, 1, 0, 0], [1, 1, 1, 0, 0, 0, 0, 0, 0, 0, 0, 1, 0, 0], [1, 1, 1, 0, 1, 0, 1, 0, 0, 0, 1, 0, 0, 0], [1, 1, 1, 2, 0, -1, 1, 2, 1, 0, 0, -2, 0, 1], [0, -2, -2, -1, -1, 2, 0, 0, 1, 0, -2, 1, -1, -1]]
[[1, 1, 0, 0, 0, 0, 0, 0, 0, 0, 0, 0, 0, 0], [0, -1, 0, 0, 0, 0, 0, 0, 0, 0, 0, 0, 0, 0], [0, 0, 1, 0, -1, 1, 0, 0, 0, 1, -1, 1, 0, 0], [1, 1, 0, 1, 1, -1, 1, 1, 1, 0, 0, -1, 0, 1], [1, -1, 0, 0, 0, 1, 1, 1, 1, 2, -2, 1, 0, 1], [1, -1, 0, 0, 0, 1, 1, 1, 1, 1, -1, 0, 0, 1], [-1, 2, 0, 0, 1, -1, 0, -1, -1, -2, 2, -1, 0, -1], [1, 0, 0, 0, 1, -1, 1, 2, 1, 0, 0, -1, 0, 1], [0, -1, 0, 0, -1, 1, 0, 0, 1, 1, -1, 1, 0, 0], [1, 0, 0, 0, 1, -1, 1, 1, 1, 1, 0, -1, 0, 1], [1, 1, 0, 0, 1, -1, 1, 1, 1, 0, 1, -1, 0, 1], [0, 1, 0, 0, 1, -1, 0, 0, 0, -1, 1, 0, 0, 0], [0, 0, 0, 0, 0, 0, 0, 0, 0, 0, 0, 0, 1, 0], [-2, -1, 0, 0, -1, 1, -2, -2, -2, -1, 1, 1, 0, -1]]
[[1, 0, 0, 0, 0, 0, 0, 0, 0, 0, 0, 0, 0, 0], [0, 1, 0, 0, 0, 0, 0, 0, 0, 0, 0, 0, 0, 0], [0, 0, 1, 0, 0, 0, 0, 0, 0, 0, 0, 0, 0, 0], [0, 0, 0, 1, 0, 0, 0, 0, 0, 0, 0, 0, 0, 0], [0, 0, 0, 0, 1, 0, 0, 0, 0, 0, 0, 0, 0, 0], [0, 0, 0, 0, 0, 1, 0, 0, 0, 0, 0, 0, 0, 0], [0, 0, 0, 0, 0, 0, 1, 0, 0, 0, 0, 0, 0, 0], [0, 0, 0, 0, 0, 0, 0, 1, 0, 0, 0, 0, 0, 0], [0, 0, 0, 0, 0, 0, 0, 0, 1, 0, 0, 0, 0, 0], [0, 0, 0, 0, 0, 0, 0, 0, 0, 1, 0, 0, 0, 0], [0, 0, 0, 0, 0, 0, 0, 0, 0, 0, 1, 0, 0, 0], [0, 0, 0, 0, 0, 0, 0, 0, 0, 0, 0, 1, 0, 0], [0, 0, 0, 0, 0, 0, 0, 0, 0, 0, 0, 0, 1, 0], [0, 0, 0, 0, 0, 0, 0, 0, 0, 0, 0, 0, 0, 1]]
[[1, 0, 0, 0, 0, 0, 0, 0, 0, 0, 0, 0, 0, 0], [0, 1, 0, 0, 0, 0, 0, 0, 0, 0, 0, 0, 0, 0], [0, 0, 1, 0, 0, 0, 0, 0, 0, 0, 0, 0, 0, 0], [0, 0, 0, 1, 0, 0, 0, 0, 0, 0, 0, 0, 0, 0], [0, 0, 0, 0, 1, 0, 0, 0, 0, 0, 0, 0, 0, 0], [0, 0, 0, 0, 0, 1, 0, 0, 0, 0, 0, 0, 0, 0], [0, 0, 0, 0, 0, 0, 1, 0, 0, 0, 0, 0, 0, 0], [0, 0, 0, 0, 0, 0, 0, 1, 0, 0, 0, 0, 0, 0], [0, 0, 0, 0, 0, 0, 0, 0, 1, 0, 0, 0, 0, 0], [0, 0, 0, 0, 0, 0, 0, 0, 0, 1, 0, 0, 0, 0], [0, 0, 0, 0, 0, 0, 0, 0, 0, 0, 1, 0, 0, 0], [0, 0, 0, 0, 0, 0, 0, 0, 0, 0, 0, 1, 0, 0], [0, 0, 0, 0, 0, 0, 0, 0, 0, 0, 0, 0, 1, 0], [0, 0, 0, 0, 0, 0, 0, 0, 0, 0, 0, 0, 0, 1]]
[[1, 0, 0, 0, 0, 0, 0, 0, 0, 0, 0, 0, 0, 0], [0, 1, 0, 0, 0, 0, 0, 0, 0, 0, 0, 0, 0, 0], [0, 0, 1, 0, 0, 0, 0, 0, 0, 0, 0, 0, 0, 0], [0, 0, 0, 1, 0, 0, 0, 0, 0, 0, 0, 0, 0, 0], [0, 0, 0, 0, 1, 0, 0, 0, 0, 0, 0, 0, 0, 0], [0, 0, 0, 0, 0, 1, 0, 0, 0, 0, 0, 0, 0, 0], [0, 0, 0, 0, 0, 0, 1, 0, 0, 0, 0, 0, 0, 0], [0, 0, 0, 0, 0, 0, 0, 1, 0, 0, 0, 0, 0, 0], [0, 0, 0, 0, 0, 0, 0, 0, 1, 0, 0, 0, 0, 0], [0, 0, 0, 0, 0, 0, 0, 0, 0, 1, 0, 0, 0, 0], [0, 0, 0, 0, 0, 0, 0, 0, 0, 0, 1, 0, 0, 0], [0, 0, 0, 0, 0, 0, 0, 0, 0, 0, 0, 1, 0, 0], [0, 0, 0, 0, 0, 0, 0, 0, 0, 0, 0, 0, 1, 0], [0, 0, 0, 0, 0, 0, 0, 0, 0, 0, 0, 0, 0, 1]]
[[0, 1, 1, 1, 0, 0, 0, 0, -1, -1, 1, -1, 0, 0], [1, 0, -1, -1, 0, 0, 0, 0, 1, 1, -1, 1, 0, 0], [1, 0, 1, 0, 0, 0, 0, 0, 0, 1, -1, 1, 0, 0], [-1, -1, -1, 0, 0, 0, 0, 0, 1, -1, 1, -1, 0, 0], [1, -1, -1, -1, 1, 0, 0, 0, 1, 1, -1, 1, 0, 0], [2, 0, -1, -1, 1, 1, 0, -1, 0, 1, -1, 2, 0, 0], [-2, 0, 1, 1, -1, 0, 1, 1, 0, -1, 1, -2, 0, 0], [1, 1, -1, -1, 2, 0, 0, -1, -1, -1, 1, 1, 0, 0], [1, 0, 0, 0, 0, 0, 0, 0, 1, 1, -1, 1, 0, 0], [0, 0, -1, -1, 1, 0, 0, -1, 0, 0, 1, 0, 0, 0], [0, 1, 0, 0, 1, 0, 0, -1, -1, -1, 2, 0, 0, 0], [-1, 0, 0, 0, 0, 0, 0, 0, 0, -1, 1, 0, 0, 0], [0, 1, 0, 0, 1, 0, 0, -1, -1, -1, 1, 0, 1, 0], [0, 0, 1, 1, -1, 0, 0, 1, 0, 1, -1, 0, 0, 1]]
[[1, 0, 0, 0, 0, 0, 0, 0, 0, 0, 0, 0, 0, 0], [0, 1, 0, 0, 0, 0, 0, 0, 0, 0, 0, 0, 0, 0], [0, 0, 1, 0, 0, 0, 0, 0, 0, 0, 0, 0, 0, 0], [0, 0, 0, 1, 0, 0, 0, 0, 0, 0, 0, 0, 0, 0], [0, 0, 0, 0, 1, 0, 0, 0, 0, 0, 0, 0, 0, 0], [0, 0, 0, 0, 0, 1, 0, 0, 0, 0, 0, 0, 0, 0], [0, 0, 0, 0, 0, 0, 1, 0, 0, 0, 0, 0, 0, 0], [0, 0, 0, 0, 0, 0, 0, 1, 0, 0, 0, 0, 0, 0], [0, 0, 0, 0, 0, 0, 0, 0, 1, 0, 0, 0, 0, 0], [0, 0, 0, 0, 0, 0, 0, 0, 0, 1, 0, 0, 0, 0], [0, 0, 0, 0, 0, 0, 0, 0, 0, 0, 1, 0, 0, 0], [0, 0, 0, 0, 0, 0, 0, 0, 0, 0, 0, 1, 0, 0], [0, 0, 0, 0, 0, 0, 0, 0, 0, 0, 0, 0, 1, 0], [0, 0, 0, 0, 0, 0, 0, 0, 0, 0, 0, 0, 0, 1]]
[[1, 0, 0, 0, 0, 0, 0, 0, 0, 0, 0, 0, 0, 0], [0, 1, 0, 0, 0, 0, 0, 0, 0, 0, 0, 0, 0, 0], [0, 0, 1, 0, 0, 0, 0, 0, 0, 0, 0, 0, 0, 0], [0, 0, 0, 1, 0, 0, 0, 0, 0, 0, 0, 0, 0, 0], [0, 0, 0, 0, 1, 0, 0, 0, 0, 0, 0, 0, 0, 0], [0, 0, 0, 0, 0, 1, 0, 0, 0, 0, 0, 0, 0, 0], [0, 0, 0, 0, 0, 0, 1, 0, 0, 0, 0, 0, 0, 0], [0, 0, 0, 0, 0, 0, 0, 1, 0, 0, 0, 0, 0, 0], [0, 0, 0, 0, 0, 0, 0, 0, 1, 0, 0, 0, 0, 0], [0, 0, 0, 0, 0, 0, 0, 0, 0, 1, 0, 0, 0, 0], [0, 0, 0, 0, 0, 0, 0, 0, 0, 0, 1, 0, 0, 0], [0, 0, 0, 0, 0, 0, 0, 0, 0, 0, 0, 1, 0, 0], [0, 0, 0, 0, 0, 0, 0, 0, 0, 0, 0, 0, 1, 0], [0, 0, 0, 0, 0, 0, 0, 0, 0, 0, 0, 0, 0, 1]]
[[1, 1, 0, 1, 1, 0, 1, 1, 0, -1, 1, -1, 0, 1], [0, 0, 0, -1, -1, 0, -1, -1, 0, 1, -1, 1, 0, -1], [-1, 0, 1, 1, 0, 0, 0, 0, -1, 0, 1, -1, 1, 1], [1, 0, 0, 0, 0, 0, 0, 0, 1, 0, -1, 1, -1, -1], [0, -1, 0, -1, 0, 0, -1, -1, 0, 1, -1, 1, 0, -1], [0, -1, 0, -1, -1, 1, -1, -1, 0, 1, -1, 1, 0, -1], [0, 1, 0, 1, 1, 0, 2, 1, 0, -1, 1, -1, 0, 1], [1, 0, 0, -1, 0, 0, 0, 0, 1, 1, 0, 1, 0, 0], [-1, -1, 0, 0, -1, 0, -1, 0, 0, 0, -1, 0, 0, -1], [1, 0, 0, -1, 0, 0, 0, 0, 1, 1, -1, 1, -1, -1], [0, 0, 0, 0, 0, 0, 0, 0, 0, 0, 1, 0, 0, 0], [0, 0, 0, 0, 0, 0, 0, 0, 0, 0, 0, 1, 0, 0], [1, 1, 0, 0, 1, 0, 1, 1, 1, -1, 0, 0, 0, 0], [-1, -1, 0, 0, -1, 0, -1, 0, -1, 0, -1, 0, 0, 0]]
[[1, 0, 0, 0, 0, 0, 0, 0, 0, 0, 0, 0, 0, 0], [0, 1, 0, 0, 0, 0, 0, 0, 0, 0, 0, 0, 0, 0], [0, 0, 1, 0, 0, 0, 0, 0, 0, 0, 0, 0, 0, 0], [0, 0, 0, 1, 0, 0, 0, 0, 0, 0, 0, 0, 0, 0], [0, 0, 0, 0, 1, 0, 0, 0, 0, 0, 0, 0, 0, 0], [0, 0, 0, 0, 0, 1, 0, 0, 0, 0, 0, 0, 0, 0], [0, 0, 0, 0, 0, 0, 1, 0, 0, 0, 0, 0, 0, 0], [0, 0, 0, 0, 0, 0, 0, 1, 0, 0, 0, 0, 0, 0], [0, 0, 0, 0, 0, 0, 0, 0, 1, 0, 0, 0, 0, 0], [0, 0, 0, 0, 0, 0, 0, 0, 0, 1, 0, 0, 0, 0], [0, 0, 0, 0, 0, 0, 0, 0, 0, 0, 1, 0, 0, 0], [0, 0, 0, 0, 0, 0, 0, 0, 0, 0, 0, 1, 0, 0], [0, 0, 0, 0, 0, 0, 0, 0, 0, 0, 0, 0, 1, 0], [0, 0, 0, 0, 0, 0, 0, 0, 0, 0, 0, 0, 0, 1]]
[[1, 0, 0, 0, 0, 0, 0, 0, 0, 0, 0, 0, 0, 0], [0, 1, 0, 0, 0, 0, 0, 0, 0, 0, 0, 0, 0, 0], [0, 0, 1, 0, 0, 0, 0, 0, 0, 0, 0, 0, 0, 0], [0, 0, 0, 1, 0, 0, 0, 0, 0, 0, 0, 0, 0, 0], [0, 0, 0, 0, 1, 0, 0, 0, 0, 0, 0, 0, 0, 0], [0, 0, 0, 0, 0, 1, 0, 0, 0, 0, 0, 0, 0, 0], [0, 0, 0, 0, 0, 0, 1, 0, 0, 0, 0, 0, 0, 0], [0, 0, 0, 0, 0, 0, 0, 1, 0, 0, 0, 0, 0, 0], [0, 0, 0, 0, 0, 0, 0, 0, 1, 0, 0, 0, 0, 0], [0, 0, 0, 0, 0, 0, 0, 0, 0, 1, 0, 0, 0, 0], [0, 0, 0, 0, 0, 0, 0, 0, 0, 0, 1, 0, 0, 0], [0, 0, 0, 0, 0, 0, 0, 0, 0, 0, 0, 1, 0, 0], [0, 0, 0, 0, 0, 0, 0, 0, 0, 0, 0, 0, 1, 0], [0, 0, 0, 0, 0, 0, 0, 0, 0, 0, 0, 0, 0, 1]]
[[1, 0, 0, 0, 0, 0, 0, 0, 0, 0, 0, 0, 0, 0], [0, 1, 0, 0, 0, 0, 0, 0, 0, 0, 0, 0, 0, 0], [0, 0, 1, 0, 0, 0, 0, 0, 0, 0, 0, 0, 0, 0], [0, 0, 0, 1, 0, 0, 0, 0, 0, 0, 0, 0, 0, 0], [0, 0, 0, 0, 1, 0, 0, 0, 0, 0, 0, 0, 0, 0], [0, 0, 0, 0, 0, 1, 0, 0, 0, 0, 0, 0, 0, 0], [0, 0, 0, 0, 0, 0, 1, 0, 0, 0, 0, 0, 0, 0], [0, 0, 0, 0, 0, 0, 0, 1, 0, 0, 0, 0, 0, 0], [0, 0, 0, 0, 0, 0, 0, 0, 1, 0, 0, 0, 0, 0], [0, 0, 0, 0, 0, 0, 0, 0, 0, 1, 0, 0, 0, 0], [0, 0, 0, 0, 0, 0, 0, 0, 0, 0, 1, 0, 0, 0], [0, 0, 0, 0, 0, 0, 0, 0, 0, 0, 0, 1, 0, 0], [0, 0, 0, 0, 0, 0, 0, 0, 0, 0, 0, 0, 1, 0], [0, 0, 0, 0, 0, 0, 0, 0, 0, 0, 0, 0, 0, 1]]
[[1, 0, 0, 0, 0, 0, 0, 0, 0, 0, 0, 0, 0, 0], [0, 1, 0, 0, 0, 0, 0, 0, 0, 0, 0, 0, 0, 0], [0, 0, 1, 0, 0, 0, 0, 0, 0, 0, 0, 0, 0, 0], [0, 0, 0, 1, 0, 0, 0, 0, 0, 0, 0, 0, 0, 0], [0, 0, 0, 0, 1, 0, 0, 0, 0, 0, 0, 0, 0, 0], [0, 0, 0, 0, 0, 1, 0, 0, 0, 0, 0, 0, 0, 0], [0, 0, 0, 0, 0, 0, 1, 0, 0, 0, 0, 0, 0, 0], [0, 0, 0, 0, 0, 0, 0, 1, 0, 0, 0, 0, 0, 0], [0, 0, 0, 0, 0, 0, 0, 0, 1, 0, 0, 0, 0, 0], [0, 0, 0, 0, 0, 0, 0, 0, 0, 1, 0, 0, 0, 0], [0, 0, 0, 0, 0, 0, 0, 0, 0, 0, 1, 0, 0, 0], [0, 0, 0, 0, 0, 0, 0, 0, 0, 0, 0, 1, 0, 0], [0, 0, 0, 0, 0, 0, 0, 0, 0, 0, 0, 0, 1, 0], [0, 0, 0, 0, 0, 0, 0, 0, 0, 0, 0, 0, 0, 1]]
[[1, 0, 0, 0, 0, 0, 0, 0, 0, 0, 0, 0, 0, 0], [0, 1, 0, 0, 0, 0, 0, 0, 0, 0, 0, 0, 0, 0], [0, 0, 1, 0, 0, 0, 0, 0, 0, 0, 0, 0, 0, 0], [0, 0, 0, 1, 0, 0, 0, 0, 0, 0, 0, 0, 0, 0], [0, 0, 0, 0, 1, 0, 0, 0, 0, 0, 0, 0, 0, 0], [0, 0, 0, 0, 0, 1, 0, 0, 0, 0, 0, 0, 0, 0], [0, 0, 0, 0, 0, 0, 1, 0, 0, 0, 0, 0, 0, 0], [0, 0, 0, 0, 0, 0, 0, 1, 0, 0, 0, 0, 0, 0], [0, 0, 0, 0, 0, 0, 0, 0, 1, 0, 0, 0, 0, 0], [0, 0, 0, 0, 0, 0, 0, 0, 0, 1, 0, 0, 0, 0], [0, 0, 0, 0, 0, 0, 0, 0, 0, 0, 1, 0, 0, 0], [0, 0, 0, 0, 0, 0, 0, 0, 0, 0, 0, 1, 0, 0], [0, 0, 0, 0, 0, 0, 0, 0, 0, 0, 0, 0, 1, 0], [0, 0, 0, 0, 0, 0, 0, 0, 0, 0, 0, 0, 0, 1]]
[[1, 0, 0, 0, 0, 0, 0, 0, 0, 0, 0, 0, 0, 0], [0, 1, 0, 0, 0, 0, 0, 0, 0, 0, 0, 0, 0, 0], [0, 0, 1, 0, 0, 0, 0, 0, 0, 0, 0, 0, 0, 0], [0, 0, 0, 1, 0, 0, 0, 0, 0, 0, 0, 0, 0, 0], [0, 0, 0, 0, 1, 0, 0, 0, 0, 0, 0, 0, 0, 0], [0, 0, 0, 0, 0, 1, 0, 0, 0, 0, 0, 0, 0, 0], [0, 0, 0, 0, 0, 0, 1, 0, 0, 0, 0, 0, 0, 0], [0, 0, 0, 0, 0, 0, 0, 1, 0, 0, 0, 0, 0, 0], [0, 0, 0, 0, 0, 0, 0, 0, 1, 0, 0, 0, 0, 0], [0, 0, 0, 0, 0, 0, 0, 0, 0, 1, 0, 0, 0, 0], [0, 0, 0, 0, 0, 0, 0, 0, 0, 0, 1, 0, 0, 0], [0, 0, 0, 0, 0, 0, 0, 0, 0, 0, 0, 1, 0, 0], [0, 0, 0, 0, 0, 0, 0, 0, 0, 0, 0, 0, 1, 0], [0, 0, 0, 0, 0, 0, 0, 0, 0, 0, 0, 0, 0, 1]]
[[1, 0, 0, 0, 0, 0, 0, 0, 0, 0, 0, 0, 0, 0], [0, 1, 0, 0, 0, 0, 0, 0, 0, 0, 0, 0, 0, 0], [0, 0, 1, 0, 0, 0, 0, 0, 0, 0, 0, 0, 0, 0], [0, 0, 0, 1, 0, 0, 0, 0, 0, 0, 0, 0, 0, 0], [0, 0, 0, 0, 1, 0, 0, 0, 0, 0, 0, 0, 0, 0], [0, 0, 0, 0, 0, 1, 0, 0, 0, 0, 0, 0, 0, 0], [0, 0, 0, 0, 0, 0, 1, 0, 0, 0, 0, 0, 0, 0], [0, 0, 0, 0, 0, 0, 0, 1, 0, 0, 0, 0, 0, 0], [0, 0, 0, 0, 0, 0, 0, 0, 1, 0, 0, 0, 0, 0], [0, 0, 0, 0, 0, 0, 0, 0, 0, 1, 0, 0, 0, 0], [0, 0, 0, 0, 0, 0, 0, 0, 0, 0, 1, 0, 0, 0], [0, 0, 0, 0, 0, 0, 0, 0, 0, 0, 0, 1, 0, 0], [0, 0, 0, 0, 0, 0, 0, 0, 0, 0, 0, 0, 1, 0], [0, 0, 0, 0, 0, 0, 0, 0, 0, 0, 0, 0, 0, 1]]
[[1, 0, 0, 0, 0, 0, 0, 0, 0, 0, 0, 0, 0, 0], [0, 1, 0, 0, 0, 0, 0, 0, 0, 0, 0, 0, 0, 0], [0, 0, 1, 0, 0, 0, 0, 0, 0, 0, 0, 0, 0, 0], [0, 0, 0, 1, 0, 0, 0, 0, 0, 0, 0, 0, 0, 0], [0, 0, 0, 0, 1, 0, 0, 0, 0, 0, 0, 0, 0, 0], [0, 0, 0, 0, 0, 1, 0, 0, 0, 0, 0, 0, 0, 0], [0, 0, 0, 0, 0, 0, 1, 0, 0, 0, 0, 0, 0, 0], [0, 0, 0, 0, 0, 0, 0, 1, 0, 0, 0, 0, 0, 0], [0, 0, 0, 0, 0, 0, 0, 0, 1, 0, 0, 0, 0, 0], [0, 0, 0, 0, 0, 0, 0, 0, 0, 1, 0, 0, 0, 0], [0, 0, 0, 0, 0, 0, 0, 0, 0, 0, 1, 0, 0, 0], [0, 0, 0, 0, 0, 0, 0, 0, 0, 0, 0, 1, 0, 0], [0, 0, 0, 0, 0, 0, 0, 0, 0, 0, 0, 0, 1, 0], [0, 0, 0, 0, 0, 0, 0, 0, 0, 0, 0, 0, 0, 1]]
[[1, 0, 0, 0, 0, 0, 0, 0, 0, 0, 0, 0, 0, 0], [0, 1, 0, 0, 0, 0, 0, 0, 0, 0, 0, 0, 0, 0], [0, 0, 1, 0, 0, 0, 0, 0, 0, 0, 0, 0, 0, 0], [0, 0, 0, 1, 0, 0, 0, 0, 0, 0, 0, 0, 0, 0], [0, 0, 0, 0, 1, 0, 0, 0, 0, 0, 0, 0, 0, 0], [0, 0, 0, 0, 0, 1, 0, 0, 0, 0, 0, 0, 0, 0], [0, 0, 0, 0, 0, 0, 1, 0, 0, 0, 0, 0, 0, 0], [0, 0, 0, 0, 0, 0, 0, 1, 0, 0, 0, 0, 0, 0], [0, 0, 0, 0, 0, 0, 0, 0, 1, 0, 0, 0, 0, 0], [0, 0, 0, 0, 0, 0, 0, 0, 0, 1, 0, 0, 0, 0], [0, 0, 0, 0, 0, 0, 0, 0, 0, 0, 1, 0, 0, 0], [0, 0, 0, 0, 0, 0, 0, 0, 0, 0, 0, 1, 0, 0], [0, 0, 0, 0, 0, 0, 0, 0, 0, 0, 0, 0, 1, 0], [0, 0, 0, 0, 0, 0, 0, 0, 0, 0, 0, 0, 0, 1]]
[[0, -1, 0, 0, 0, 0, 0, 0, 0, 0, 0, 0, 0, 0], [-1, 0, 0, 0, 0, 0, 0, 0, 0, 0, 0, 0, 0, 0], [1, 1, 1, 0, 0, 1, 1, 0, 0, 0, 0, 0, 0, 0], [1, 1, 0, 1, 0, 0, 0, 0, 0, 0, 0, 0, 0, 0], [3, 2, 0, 1, 0, 2, 3, 2, 2, 0, -2, -1, -1, 0], [1, 0, 0, 1, -1, 2, 2, 2, 2, 0, -2, -1, -1, 0], [-1, 0, 0, -1, 1, -3, -3, -2, -2, 0, 2, 1, 1, 0], [0, -1, 0, 1, -1, 0, 1, 3, 2, 0, -2, -1, -1, 0], [1, 1, 0, 0, 0, 1, 1, 0, 1, 0, 0, 0, 0, 0], [1, 0, 0, 1, -1, 0, 1, 2, 2, 1, -2, -1, -1, 0], [0, -1, 0, 1, -1, -1, 0, 2, 2, 0, -1, -1, -1, 0], [0, 0, 0, 0, 0, -1, -1, 0, 0, 0, 0, 1, 0, 0], [0, 0, 0, 0, 0, 0, 0, 0, 0, 0, 0, 0, 1, 0], [-1, 0, 0, -1, 1, 1, 0, -2, -2, 0, 2, 1, 1, 1]]
[[0, 1, 1, 1, 0, 0, 0, 0, -1, -1, 1, -1, 0, 0], [1, 0, -1, -1, 0, 0, 0, 0, 1, 1, -1, 1, 0, 0], [-1, -1, 1, 0, -1, -1, -1, 0, 0, 1, 0, 0, 0, 0], [0, 0, -1, 0, 1, 0, 0, -1, 0, -1, 1, 0, 0, 0], [-2, -2, -1, -1, 0, -2, -2, -1, 0, 1, 1, 0, 0, 0], [-2, -2, -1, -1, -1, -1, -2, -1, 0, 1, 1, 0, 0, 0], [2, 2, 1, 1, 1, 2, 3, 1, 0, -1, -1, 0, 0, 0], [0, 0, -1, -1, 1, 0, 0, 0, 0, -1, 1, 0, 0, 0], [-1, -1, 0, 0, -1, -1, -1, 0, 1, 1, 0, 0, 0, 0], [0, 0, -1, -1, 1, 0, 0, -1, 0, 0, 1, 0, 0, 0], [1, 1, 0, 0, 1, 1, 1, 0, 0, -1, 1, 0, 0, 0], [1, 1, 0, 0, 1, 1, 1, 0, 0, -1, 0, 1, 0, 0], [-2, 0, 0, 0, 0, -1, -1, -1, -1, -1, 2, -1, 1, 0], [0, 0, 1, 1, -1, 0, 0, 1, 0, 1, -1, 0, 0, 1]]
[[1, 0, 0, 0, 0, 0, 0, 0, 0, 0, 0, 0, 0, 0], [0, 1, 0, 0, 0, 0, 0, 0, 0, 0, 0, 0, 0, 0], [0, 0, 1, 0, 0, 0, 0, 0, 0, 0, 0, 0, 0, 0], [0, 0, 0, 1, 0, 0, 0, 0, 0, 0, 0, 0, 0, 0], [0, 0, 0, 0, 1, 0, 0, 0, 0, 0, 0, 0, 0, 0], [0, 0, 0, 0, 0, 1, 0, 0, 0, 0, 0, 0, 0, 0], [0, 0, 0, 0, 0, 0, 1, 0, 0, 0, 0, 0, 0, 0], [0, 0, 0, 0, 0, 0, 0, 1, 0, 0, 0, 0, 0, 0], [0, 0, 0, 0, 0, 0, 0, 0, 1, 0, 0, 0, 0, 0], [0, 0, 0, 0, 0, 0, 0, 0, 0, 1, 0, 0, 0, 0], [0, 0, 0, 0, 0, 0, 0, 0, 0, 0, 1, 0, 0, 0], [0, 0, 0, 0, 0, 0, 0, 0, 0, 0, 0, 1, 0, 0], [0, 0, 0, 0, 0, 0, 0, 0, 0, 0, 0, 0, 1, 0], [0, 0, 0, 0, 0, 0, 0, 0, 0, 0, 0, 0, 0, 1]]
[[1, 0, 0, 0, 0, 0, 0, 0, 0, 0, 0, 0, 0, 0], [0, 1, 0, 0, 0, 0, 0, 0, 0, 0, 0, 0, 0, 0], [0, 0, 1, 0, 0, 0, 0, 0, 0, 0, 0, 0, 0, 0], [0, 0, 0, 1, 0, 0, 0, 0, 0, 0, 0, 0, 0, 0], [0, 0, 0, 0, 1, 0, 0, 0, 0, 0, 0, 0, 0, 0], [0, 0, 0, 0, 0, 1, 0, 0, 0, 0, 0, 0, 0, 0], [0, 0, 0, 0, 0, 0, 1, 0, 0, 0, 0, 0, 0, 0], [0, 0, 0, 0, 0, 0, 0, 1, 0, 0, 0, 0, 0, 0], [0, 0, 0, 0, 0, 0, 0, 0, 1, 0, 0, 0, 0, 0], [0, 0, 0, 0, 0, 0, 0, 0, 0, 1, 0, 0, 0, 0], [0, 0, 0, 0, 0, 0, 0, 0, 0, 0, 1, 0, 0, 0], [0, 0, 0, 0, 0, 0, 0, 0, 0, 0, 0, 1, 0, 0], [0, 0, 0, 0, 0, 0, 0, 0, 0, 0, 0, 0, 1, 0], [0, 0, 0, 0, 0, 0, 0, 0, 0, 0, 0, 0, 0, 1]]
[[1, 0, 0, 0, 0, 0, 0, 0, 0, 0, 0, 0, 0, 0], [0, 1, 0, 0, 0, 0, 0, 0, 0, 0, 0, 0, 0, 0], [0, 0, 1, 0, 0, 0, 0, 0, 0, 0, 0, 0, 0, 0], [0, 0, 0, 1, 0, 0, 0, 0, 0, 0, 0, 0, 0, 0], [0, 0, 0, 0, 1, 0, 0, 0, 0, 0, 0, 0, 0, 0], [0, 0, 0, 0, 0, 1, 0, 0, 0, 0, 0, 0, 0, 0], [0, 0, 0, 0, 0, 0, 1, 0, 0, 0, 0, 0, 0, 0], [0, 0, 0, 0, 0, 0, 0, 1, 0, 0, 0, 0, 0, 0], [0, 0, 0, 0, 0, 0, 0, 0, 1, 0, 0, 0, 0, 0], [0, 0, 0, 0, 0, 0, 0, 0, 0, 1, 0, 0, 0, 0], [0, 0, 0, 0, 0, 0, 0, 0, 0, 0, 1, 0, 0, 0], [0, 0, 0, 0, 0, 0, 0, 0, 0, 0, 0, 1, 0, 0], [0, 0, 0, 0, 0, 0, 0, 0, 0, 0, 0, 0, 1, 0], [0, 0, 0, 0, 0, 0, 0, 0, 0, 0, 0, 0, 0, 1]]
[[1, 0, 0, 0, 0, 0, 0, 0, 0, 0, 0, 0, 0, 0], [0, 1, 0, 0, 0, 0, 0, 0, 0, 0, 0, 0, 0, 0], [0, 0, 1, 0, 0, 0, 0, 0, 0, 0, 0, 0, 0, 0], [0, 0, 0, 1, 0, 0, 0, 0, 0, 0, 0, 0, 0, 0], [0, 0, 0, 0, 1, 0, 0, 0, 0, 0, 0, 0, 0, 0], [0, 0, 0, 0, 0, 1, 0, 0, 0, 0, 0, 0, 0, 0], [0, 0, 0, 0, 0, 0, 1, 0, 0, 0, 0, 0, 0, 0], [0, 0, 0, 0, 0, 0, 0, 1, 0, 0, 0, 0, 0, 0], [0, 0, 0, 0, 0, 0, 0, 0, 1, 0, 0, 0, 0, 0], [0, 0, 0, 0, 0, 0, 0, 0, 0, 1, 0, 0, 0, 0], [0, 0, 0, 0, 0, 0, 0, 0, 0, 0, 1, 0, 0, 0], [0, 0, 0, 0, 0, 0, 0, 0, 0, 0, 0, 1, 0, 0], [0, 0, 0, 0, 0, 0, 0, 0, 0, 0, 0, 0, 1, 0], [0, 0, 0, 0, 0, 0, 0, 0, 0, 0, 0, 0, 0, 1]]
[[1, 0, 0, 0, 0, 0, 0, 0, 0, 0, 0, 0, 0, 0], [0, 1, 0, 0, 0, 0, 0, 0, 0, 0, 0, 0, 0, 0], [0, 0, 1, 0, 0, 0, 0, 0, 0, 0, 0, 0, 0, 0], [0, 0, 0, 1, 0, 0, 0, 0, 0, 0, 0, 0, 0, 0], [0, 0, 0, 0, 1, 0, 0, 0, 0, 0, 0, 0, 0, 0], [0, 0, 0, 0, 0, 1, 0, 0, 0, 0, 0, 0, 0, 0], [0, 0, 0, 0, 0, 0, 1, 0, 0, 0, 0, 0, 0, 0], [0, 0, 0, 0, 0, 0, 0, 1, 0, 0, 0, 0, 0, 0], [0, 0, 0, 0, 0, 0, 0, 0, 1, 0, 0, 0, 0, 0], [0, 0, 0, 0, 0, 0, 0, 0, 0, 1, 0, 0, 0, 0], [0, 0, 0, 0, 0, 0, 0, 0, 0, 0, 1, 0, 0, 0], [0, 0, 0, 0, 0, 0, 0, 0, 0, 0, 0, 1, 0, 0], [0, 0, 0, 0, 0, 0, 0, 0, 0, 0, 0, 0, 1, 0], [0, 0, 0, 0, 0, 0, 0, 0, 0, 0, 0, 0, 0, 1]]
[[1, 0, 0, 0, 0, 0, 0, 0, 0, 0, 0, 0, 0, 0], [0, 1, 0, 0, 0, 0, 0, 0, 0, 0, 0, 0, 0, 0], [0, 0, 1, 0, 0, 0, 0, 0, 0, 0, 0, 0, 0, 0], [0, 0, 0, 1, 0, 0, 0, 0, 0, 0, 0, 0, 0, 0], [0, 0, 0, 0, 1, 0, 0, 0, 0, 0, 0, 0, 0, 0], [0, 0, 0, 0, 0, 1, 0, 0, 0, 0, 0, 0, 0, 0], [0, 0, 0, 0, 0, 0, 1, 0, 0, 0, 0, 0, 0, 0], [0, 0, 0, 0, 0, 0, 0, 1, 0, 0, 0, 0, 0, 0], [0, 0, 0, 0, 0, 0, 0, 0, 1, 0, 0, 0, 0, 0], [0, 0, 0, 0, 0, 0, 0, 0, 0, 1, 0, 0, 0, 0], [0, 0, 0, 0, 0, 0, 0, 0, 0, 0, 1, 0, 0, 0], [0, 0, 0, 0, 0, 0, 0, 0, 0, 0, 0, 1, 0, 0], [0, 0, 0, 0, 0, 0, 0, 0, 0, 0, 0, 0, 1, 0], [0, 0, 0, 0, 0, 0, 0, 0, 0, 0, 0, 0, 0, 1]]
[[1, 0, 0, 0, 0, 0, 0, 0, 0, 0, 0, 0, 0, 0], [0, 1, 0, 0, 0, 0, 0, 0, 0, 0, 0, 0, 0, 0], [0, 0, 1, 0, 0, 0, 0, 0, 0, 0, 0, 0, 0, 0], [0, 0, 0, 1, 0, 0, 0, 0, 0, 0, 0, 0, 0, 0], [0, 0, 0, 0, 1, 0, 0, 0, 0, 0, 0, 0, 0, 0], [0, 0, 0, 0, 0, 1, 0, 0, 0, 0, 0, 0, 0, 0], [0, 0, 0, 0, 0, 0, 1, 0, 0, 0, 0, 0, 0, 0], [0, 0, 0, 0, 0, 0, 0, 1, 0, 0, 0, 0, 0, 0], [0, 0, 0, 0, 0, 0, 0, 0, 1, 0, 0, 0, 0, 0], [0, 0, 0, 0, 0, 0, 0, 0, 0, 1, 0, 0, 0, 0], [0, 0, 0, 0, 0, 0, 0, 0, 0, 0, 1, 0, 0, 0], [0, 0, 0, 0, 0, 0, 0, 0, 0, 0, 0, 1, 0, 0], [0, 0, 0, 0, 0, 0, 0, 0, 0, 0, 0, 0, 1, 0], [0, 0, 0, 0, 0, 0, 0, 0, 0, 0, 0, 0, 0, 1]]
[[-1, 0, 0, 0, 0, 0, 0, 0, 0, 0, 0, 0, 0, 0], [1, 1, 0, 0, 0, 0, 0, 0, 0, 0, 0, 0, 0, 0], [0, 0, 1, 0, 0, 0, 0, 0, 0, 0, 0, 0, 0, 0], [1, 1, 0, 0, 2, 0, 1, -1, -1, 0, 2, 0, 1, 1], [2, 1, 0, 0, 2, 0, 1, 0, 0, -1, 1, -1, 0, 0], [1, 1, 0, 0, 1, 1, 1, 0, 0, -1, 1, -1, 0, 0], [-1, -2, 0, 0, -2, 0, -1, 0, 0, 2, -2, 2, 0, 0], [0, 1, 0, 0, 1, 0, 1, 1, 0, -1, 1, -1, 0, 0], [1, 0, 0, 0, 0, 0, 0, 0, 1, 0, 0, 0, 0, 0], [1, 1, 0, 0, 1, 0, 1, 0, 0, 0, 1, -1, 0, 0], [-1, 0, 0, 0, 0, 0, 0, 0, 0, 0, 1, 0, 0, 0], [0, 0, 0, 0, 0, 0, 0, 0, 0, 0, 0, 1, 0, 0], [0, 0, 0, 0, 0, 0, 0, 0, 0, 0, 0, 0, 1, 0], [0, 0, 0, 1, -1, 0, 0, 1, 1, -1, -1, -1, -1, 0]]
[[0, 1, 1, 0, 1, -1, 0, -1, -1, 0, 2, 0, 1, 1], [-1, 0, 0, 0, 0, 0, 0, 0, -1, 0, 1, -1, 0, 0], [1, 1, 1, 1, 1, 0, 1, 1, 0, 0, 0, 0, 0, 1], [-1, -2, -1, -1, -2, 1, -2, -1, 0, 0, -2, 2, 0, -2], [0, 0, 0, -1, 1, 2, 0, -1, -2, 0, 0, 2, 1, 0], [-1, 1, 1, 0, 2, 1, 1, -1, -3, 0, 3, 0, 2, 2], [1, -2, -2, 0, -3, -1, -1, 2, 5, 0, -5, 0, -3, -3], [0, 1, 0, 0, 2, 0, 1, -1, -2, 0, 3, -1, 2, 2], [0, 0, 0, 0, 0, 1, 0, 0, 0, 0, 0, 1, 0, 0], [0, 0, 0, -1, 0, 1, 0, -1, -1, 1, 0, 1, 1, 0], [1, 1, 0, 0, 1, 0, 1, 0, 0, 0, 1, 0, 1, 1], [1, -1, -1, 0, -1, 0, 0, 1, 2, 0, -2, 0, -1, -1], [-1, 0, 0, 0, 0, 0, -1, -2, -1, 0, 2, 0, 1, 0], [0, 0, 1, 1, 0, -1, 1, 2, 1, 0, 0, -2, -1, 1]]
[[1, 0, 0, 0, 0, 0, 0, 0, 0, 0, 0, 0, 0, 0], [0, 1, 0, 0, 0, 0, 0, 0, 0, 0, 0, 0, 0, 0], [0, 0, 1, 0, 0, 0, 0, 0, 0, 0, 0, 0, 0, 0], [0, 0, 0, 1, 0, 0, 0, 0, 0, 0, 0, 0, 0, 0], [0, 0, 0, 0, 1, 0, 0, 0, 0, 0, 0, 0, 0, 0], [0, 0, 0, 0, 0, 1, 0, 0, 0, 0, 0, 0, 0, 0], [0, 0, 0, 0, 0, 0, 1, 0, 0, 0, 0, 0, 0, 0], [0, 0, 0, 0, 0, 0, 0, 1, 0, 0, 0, 0, 0, 0], [0, 0, 0, 0, 0, 0, 0, 0, 1, 0, 0, 0, 0, 0], [0, 0, 0, 0, 0, 0, 0, 0, 0, 1, 0, 0, 0, 0], [0, 0, 0, 0, 0, 0, 0, 0, 0, 0, 1, 0, 0, 0], [0, 0, 0, 0, 0, 0, 0, 0, 0, 0, 0, 1, 0, 0], [0, 0, 0, 0, 0, 0, 0, 0, 0, 0, 0, 0, 1, 0], [0, 0, 0, 0, 0, 0, 0, 0, 0, 0, 0, 0, 0, 1]]
[[1, 1, 0, 0, 0, 0, 0, 0, 0, 0, 0, 0, 0, 0], [0, -1, 0, 0, 0, 0, 0, 0, 0, 0, 0, 0, 0, 0], [0, 0, 1, 0, -1, 1, 0, 0, 0, 1, -1, 1, 0, 0], [1, 1, 0, 1, 1, -1, 1, 1, 1, 0, 0, -1, 0, 1], [1, -1, 0, 0, 0, 1, 1, 1, 1, 2, -2, 1, 0, 1], [1, -1, 0, 0, 0, 1, 1, 1, 1, 1, -1, 0, 0, 1], [-1, 2, 0, 0, 1, -1, 0, -1, -1, -2, 2, -1, 0, -1], [1, 0, 0, 0, 1, -1, 1, 2, 1, 0, 0, -1, 0, 1], [0, -1, 0, 0, -1, 1, 0, 0, 1, 1, -1, 1, 0, 0], [1, 0, 0, 0, 1, -1, 1, 1, 1, 1, 0, -1, 0, 1], [1, 1, 0, 0, 1, -1, 1, 1, 1, 0, 1, -1, 0, 1], [0, 1, 0, 0, 1, -1, 0, 0, 0, -1, 1, 0, 0, 0], [0, 0, 0, 0, 0, 0, 0, 0, 0, 0, 0, 0, 1, 0], [-2, -1, 0, 0, -1, 1, -2, -2, -2, -1, 1, 1, 0, -1]]
[[1, -1, -1, -1, 0, 0, 0, 1, 1, 0, -2, 1, -1, -1], [0, 1, 0, 0, 0, 0, 0, 0, 0, 0, 0, 0, 0, 0], [1, 0, 0, 1, 0, 0, 1, 2, 2, -1, -1, -1, -1, 0], [-1, 0, 1, 0, 0, 0, -1, -2, -2, 1, 1, 1, 1, 0], [2, 2, 1, 1, 2, 0, 2, 1, 1, 0, 1, -1, 0, 1], [2, 1, 0, 0, 1, 1, 2, 2, 2, 0, -1, 0, -1, 0], [-4, -2, 0, 0, -2, 0, -3, -4, -4, 0, 2, 0, 2, 0], [0, 0, 0, 0, 0, 0, 0, 1, 0, 0, 0, 0, 0, 0], [0, 0, 0, 0, 0, 0, 0, 0, 1, 0, 0, 0, 0, 0], [0, 0, 0, 0, 0, 0, 0, 0, 0, 1, 0, 0, 0, 0], [-2, -2, -1, -1, -1, 0, -2, -1, -1, 0, 0, 1, 0, -1], [-2, -1, 0, 0, -1, 0, -2, -2, -2, 0, 1, 1, 1, 0], [0, 0, 0, 0, 0, 0, 0, 0, 0, 0, 0, 0, 1, 0], [2, 1, 0, 0, 1, 0, 2, 2, 2, 0, -1, 0, -1, 1]]
[[1, 0, 0, 0, 0, 0, 0, 0, 0, 0, 0, 0, 0, 0], [0, 1, 0, 0, 0, 0, 0, 0, 0, 0, 0, 0, 0, 0], [0, 0, 1, 0, 0, 0, 0, 0, 0, 0, 0, 0, 0, 0], [0, 0, 0, 1, 0, 0, 0, 0, 0, 0, 0, 0, 0, 0], [0, 0, 0, 0, 1, 0, 0, 0, 0, 0, 0, 0, 0, 0], [0, 0, 0, 0, 0, 1, 0, 0, 0, 0, 0, 0, 0, 0], [0, 0, 0, 0, 0, 0, 1, 0, 0, 0, 0, 0, 0, 0], [0, 0, 0, 0, 0, 0, 0, 1, 0, 0, 0, 0, 0, 0], [0, 0, 0, 0, 0, 0, 0, 0, 1, 0, 0, 0, 0, 0], [0, 0, 0, 0, 0, 0, 0, 0, 0, 1, 0, 0, 0, 0], [0, 0, 0, 0, 0, 0, 0, 0, 0, 0, 1, 0, 0, 0], [0, 0, 0, 0, 0, 0, 0, 0, 0, 0, 0, 1, 0, 0], [0, 0, 0, 0, 0, 0, 0, 0, 0, 0, 0, 0, 1, 0], [0, 0, 0, 0, 0, 0, 0, 0, 0, 0, 0, 0, 0, 1]]
[[1, 0, 0, 0, 0, 0, 0, 0, 0, 0, 0, 0, 0, 0], [0, 1, 0, 0, 0, 0, 0, 0, 0, 0, 0, 0, 0, 0], [0, 0, 1, 0, 0, 0, 0, 0, 0, 0, 0, 0, 0, 0], [0, 0, 0, 1, 0, 0, 0, 0, 0, 0, 0, 0, 0, 0], [0, 0, 0, 0, 1, 0, 0, 0, 0, 0, 0, 0, 0, 0], [0, 0, 0, 0, 0, 1, 0, 0, 0, 0, 0, 0, 0, 0], [0, 0, 0, 0, 0, 0, 1, 0, 0, 0, 0, 0, 0, 0], [0, 0, 0, 0, 0, 0, 0, 1, 0, 0, 0, 0, 0, 0], [0, 0, 0, 0, 0, 0, 0, 0, 1, 0, 0, 0, 0, 0], [0, 0, 0, 0, 0, 0, 0, 0, 0, 1, 0, 0, 0, 0], [0, 0, 0, 0, 0, 0, 0, 0, 0, 0, 1, 0, 0, 0], [0, 0, 0, 0, 0, 0, 0, 0, 0, 0, 0, 1, 0, 0], [0, 0, 0, 0, 0, 0, 0, 0, 0, 0, 0, 0, 1, 0], [0, 0, 0, 0, 0, 0, 0, 0, 0, 0, 0, 0, 0, 1]]
[[0, 0, 1, 1, -1, 0, 0, 0, 0, 0, 0, -1, 0, 0], [0, 1, 0, 0, 0, 0, 0, 0, 0, 0, 0, 0, 0, 0], [-1, 0, 0, -1, 1, 0, -1, -2, -2, -1, 2, 1, 1, 0], [1, 0, -1, 0, 1, 1, 1, 0, 0, 0, 0, 0, 0, 0], [-3, 0, -1, -1, 2, 0, -2, -4, -4, -2, 4, 1, 2, 0], [-4, 0, 0, 0, 0, 0, -3, -4, -4, -2, 4, 1, 2, 0], [6, 0, 0, 0, 0, 0, 4, 6, 6, 3, -6, 0, -3, 0], [-3, 0, 1, 1, -1, 0, -1, -1, -2, -1, 2, -1, 1, 0], [-1, 0, -1, -1, 1, 0, -1, -2, -1, -1, 2, 1, 1, 0], [-2, 0, 0, 0, 0, 0, -1, -2, -2, 0, 2, 0, 1, 0], [-1, 0, 1, 1, -1, 0, 0, 0, 0, 0, 1, -1, 0, 0], [2, 0, 0, 0, 0, 1, 2, 2, 2, 1, -2, 0, -1, 0], [0, 0, 0, 0, 0, 0, 0, 0, 0, 0, 0, 0, 1, 0], [0, 0, 0, 0, 0, 0, 0, 0, 0, 0, 0, 0, 0, 1]]
[[1, 0, 0, 0, 0, 0, 0, 0, 0, 0, 0, 0, 0, 0], [0, 1, 0, 0, 0, 0, 0, 0, 0, 0, 0, 0, 0, 0], [0, 0, 1, 0, 0, 0, 0, 0, 0, 0, 0, 0, 0, 0], [0, 0, 0, 1, 0, 0, 0, 0, 0, 0, 0, 0, 0, 0], [0, 0, 0, 0, 1, 0, 0, 0, 0, 0, 0, 0, 0, 0], [0, 0, 0, 0, 0, 1, 0, 0, 0, 0, 0, 0, 0, 0], [0, 0, 0, 0, 0, 0, 1, 0, 0, 0, 0, 0, 0, 0], [0, 0, 0, 0, 0, 0, 0, 1, 0, 0, 0, 0, 0, 0], [0, 0, 0, 0, 0, 0, 0, 0, 1, 0, 0, 0, 0, 0], [0, 0, 0, 0, 0, 0, 0, 0, 0, 1, 0, 0, 0, 0], [0, 0, 0, 0, 0, 0, 0, 0, 0, 0, 1, 0, 0, 0], [0, 0, 0, 0, 0, 0, 0, 0, 0, 0, 0, 1, 0, 0], [0, 0, 0, 0, 0, 0, 0, 0, 0, 0, 0, 0, 1, 0], [0, 0, 0, 0, 0, 0, 0, 0, 0, 0, 0, 0, 0, 1]]
[[1, 0, 0, 0, 0, 0, 0, 0, 0, 0, 0, 0, 0, 0], [0, 1, 0, 0, 0, 0, 0, 0, 0, 0, 0, 0, 0, 0], [0, 0, 1, 0, 0, 0, 0, 0, 0, 0, 0, 0, 0, 0], [0, 0, 0, 1, 0, 0, 0, 0, 0, 0, 0, 0, 0, 0], [0, 0, 0, 0, 1, 0, 0, 0, 0, 0, 0, 0, 0, 0], [0, 0, 0, 0, 0, 1, 0, 0, 0, 0, 0, 0, 0, 0], [0, 0, 0, 0, 0, 0, 1, 0, 0, 0, 0, 0, 0, 0], [0, 0, 0, 0, 0, 0, 0, 1, 0, 0, 0, 0, 0, 0], [0, 0, 0, 0, 0, 0, 0, 0, 1, 0, 0, 0, 0, 0], [0, 0, 0, 0, 0, 0, 0, 0, 0, 1, 0, 0, 0, 0], [0, 0, 0, 0, 0, 0, 0, 0, 0, 0, 1, 0, 0, 0], [0, 0, 0, 0, 0, 0, 0, 0, 0, 0, 0, 1, 0, 0], [0, 0, 0, 0, 0, 0, 0, 0, 0, 0, 0, 0, 1, 0], [0, 0, 0, 0, 0, 0, 0, 0, 0, 0, 0, 0, 0, 1]]
[[1, -1, -1, 0, -1, 0, 0, 1, 2, 0, -2, 0, -1, -1], [0, 1, 0, 0, 0, 0, 0, 0, 0, 0, 0, 0, 0, 0], [1, 1, 1, 0, 1, 0, 1, 0, 0, 0, 0, 0, 0, 0], [-1, 0, 1, 1, 0, 0, 0, 0, -1, 0, 2, -1, 1, 1], [1, 2, 1, 0, 3, 0, 2, 0, -1, 0, 2, -1, 1, 1], [2, 2, 0, 0, 2, 1, 2, 0, 0, 0, 0, 0, 0, 0], [-3, -3, 0, 0, -3, 0, -3, -1, -1, 0, 0, 1, 0, 0], [1, 0, -1, 0, 0, 0, 0, 1, 1, 0, -2, 1, -1, -1], [1, 2, 1, 0, 2, 0, 1, -1, -1, 0, 2, 0, 1, 1], [0, 0, 0, 0, 0, 0, 0, 0, 0, 1, 0, 0, 0, 0], [0, -1, -1, 0, -1, 0, -1, 0, 1, 0, -1, 1, -1, -1], [-1, -1, 0, 0, -1, 0, -1, 0, 0, 0, 0, 1, 0, 0], [0, 0, 0, 0, 0, 0, -1, -1, -1, 0, 0, 1, 1, 0], [1, 1, 0, 0, 1, 0, 2, 1, 1, 0, 0, -1, 0, 1]]
[[1, 0, 0, 0, 0, 0, 0, 0, 0, 0, 0, 0, 0, 0], [0, 1, 0, 0, 0, 0, 0, 0, 0, 0, 0, 0, 0, 0], [0, 0, 1, 0, 0, 0, 0, 0, 0, 0, 0, 0, 0, 0], [0, 0, 0, 1, 0, 0, 0, 0, 0, 0, 0, 0, 0, 0], [0, 0, 0, 0, 1, 0, 0, 0, 0, 0, 0, 0, 0, 0], [0, 0, 0, 0, 0, 1, 0, 0, 0, 0, 0, 0, 0, 0], [0, 0, 0, 0, 0, 0, 1, 0, 0, 0, 0, 0, 0, 0], [0, 0, 0, 0, 0, 0, 0, 1, 0, 0, 0, 0, 0, 0], [0, 0, 0, 0, 0, 0, 0, 0, 1, 0, 0, 0, 0, 0], [0, 0, 0, 0, 0, 0, 0, 0, 0, 1, 0, 0, 0, 0], [0, 0, 0, 0, 0, 0, 0, 0, 0, 0, 1, 0, 0, 0], [0, 0, 0, 0, 0, 0, 0, 0, 0, 0, 0, 1, 0, 0], [0, 0, 0, 0, 0, 0, 0, 0, 0, 0, 0, 0, 1, 0], [0, 0, 0, 0, 0, 0, 0, 0, 0, 0, 0, 0, 0, 1]]
[[1, 0, 0, 1, 0, 0, 1, 2, 1, -1, -1, -1, -1, 0], [0, 1, 0, 0, 0, 0, 0, 0, 0, 0, 0, 0, 0, 0], [0, 0, 1, 0, 0, 0, 0, 0, 0, 0, 0, 0, 0, 0], [0, 0, 0, 0, 0, 0, 0, -1, 0, 1, 1, 0, 0, 0], [1, 1, 0, -1, 2, 1, 1, -1, 0, 0, 1, 1, 0, 0], [1, 1, 0, 0, 1, 2, 1, 0, 0, -1, 0, 1, 0, 0], [-2, -2, 0, 0, -2, -2, -2, -1, -1, 2, 0, -1, 1, 0], [1, 1, 0, 0, 1, 1, 1, 1, 0, -1, 0, 1, 0, 0], [0, 0, 0, 0, 0, 0, 0, 0, 1, 0, 0, 0, 0, 0], [1, 1, 0, 0, 1, 1, 1, 0, 0, 0, 0, 1, 0, 0], [0, 0, 0, 1, 0, 0, 0, 1, 0, -1, 0, 0, 0, 0], [-1, -1, 0, 0, -1, -1, -1, 0, 0, 1, 0, 0, 0, 0], [0, 0, 0, 0, 0, 0, 1, 1, 1, 0, 0, -1, 0, 0], [0, 0, 0, 0, 0, 0, 0, 0, 0, 0, 0, 0, 0, 1]]
[[1, 0, 0, 0, 0, 0, 0, 0, 0, 0, 0, 0, 0, 0], [0, 1, 0, 0, 0, 0, 0, 0, 0, 0, 0, 0, 0, 0], [0, 0, 1, 0, 0, 0, 0, 0, 0, 0, 0, 0, 0, 0], [0, 0, 0, 1, 0, 0, 0, 0, 0, 0, 0, 0, 0, 0], [0, 0, 0, 0, 1, 0, 0, 0, 0, 0, 0, 0, 0, 0], [0, 0, 0, 0, 0, 1, 0, 0, 0, 0, 0, 0, 0, 0], [0, 0, 0, 0, 0, 0, 1, 0, 0, 0, 0, 0, 0, 0], [0, 0, 0, 0, 0, 0, 0, 1, 0, 0, 0, 0, 0, 0], [0, 0, 0, 0, 0, 0, 0, 0, 1, 0, 0, 0, 0, 0], [0, 0, 0, 0, 0, 0, 0, 0, 0, 1, 0, 0, 0, 0], [0, 0, 0, 0, 0, 0, 0, 0, 0, 0, 1, 0, 0, 0], [0, 0, 0, 0, 0, 0, 0, 0, 0, 0, 0, 1, 0, 0], [0, 0, 0, 0, 0, 0, 0, 0, 0, 0, 0, 0, 1, 0], [0, 0, 0, 0, 0, 0, 0, 0, 0, 0, 0, 0, 0, 1]]
[[1, 0, 0, 0, 0, 0, 0, 0, 0, 0, 0, 0, 0, 0], [0, 1, 0, 0, 0, 0, 0, 0, 0, 0, 0, 0, 0, 0], [0, 0, 1, 0, 0, 0, 0, 0, 0, 0, 0, 0, 0, 0], [0, 0, 0, 1, 0, 0, 0, 0, 0, 0, 0, 0, 0, 0], [0, 0, 0, 0, 1, 0, 0, 0, 0, 0, 0, 0, 0, 0], [0, 0, 0, 0, 0, 1, 0, 0, 0, 0, 0, 0, 0, 0], [0, 0, 0, 0, 0, 0, 1, 0, 0, 0, 0, 0, 0, 0], [0, 0, 0, 0, 0, 0, 0, 1, 0, 0, 0, 0, 0, 0], [0, 0, 0, 0, 0, 0, 0, 0, 1, 0, 0, 0, 0, 0], [0, 0, 0, 0, 0, 0, 0, 0, 0, 1, 0, 0, 0, 0], [0, 0, 0, 0, 0, 0, 0, 0, 0, 0, 1, 0, 0, 0], [0, 0, 0, 0, 0, 0, 0, 0, 0, 0, 0, 1, 0, 0], [0, 0, 0, 0, 0, 0, 0, 0, 0, 0, 0, 0, 1, 0], [0, 0, 0, 0, 0, 0, 0, 0, 0, 0, 0, 0, 0, 1]]
[[-1, 0, 0, 0, 0, 0, 0, 0, 0, 0, 0, 0, 0, 0], [1, 1, 0, 0, 0, 0, 0, 0, 0, 0, 0, 0, 0, 0], [0, 0, 1, 0, 0, 0, 0, 0, 0, 0, 0, 0, 0, 0], [1, 1, 0, 0, 2, 0, 1, -1, -1, 0, 2, 0, 1, 1], [2, 1, 0, 0, 2, 0, 1, 0, 0, -1, 1, -1, 0, 0], [1, 1, 0, 0, 1, 1, 1, 0, 0, -1, 1, -1, 0, 0], [-1, -2, 0, 0, -2, 0, -1, 0, 0, 2, -2, 2, 0, 0], [0, 1, 0, 0, 1, 0, 1, 1, 0, -1, 1, -1, 0, 0], [1, 0, 0, 0, 0, 0, 0, 0, 1, 0, 0, 0, 0, 0], [1, 1, 0, 0, 1, 0, 1, 0, 0, 0, 1, -1, 0, 0], [-1, 0, 0, 0, 0, 0, 0, 0, 0, 0, 1, 0, 0, 0], [0, 0, 0, 0, 0, 0, 0, 0, 0, 0, 0, 1, 0, 0], [0, 0, 0, 0, 0, 0, 0, 0, 0, 0, 0, 0, 1, 0], [0, 0, 0, 1, -1, 0, 0, 1, 1, -1, -1, -1, -1, 0]]
[[1, 0, 0, -1, 0, 0, 0, 0, 0, 1, -1, 1, 0, 0], [0, 1, 0, 1, 0, 0, 0, 0, 0, -1, 1, -1, 0, 0], [0, 0, 1, 0, 0, 0, 0, 0, 0, 0, 0, 0, 0, 0], [0, 0, 0, 0, 0, 0, 0, 0, 0, 1, -1, 1, 0, 0], [0, 0, 0, 0, 1, 0, 0, 0, 0, 0, 0, 0, 0, 0], [0, 0, 0, 0, 0, 1, 0, 0, 0, 0, 0, 0, 0, 0], [0, 0, 0, 0, 0, 0, 1, 0, 0, 0, 0, 0, 0, 0], [0, 0, 0, 0, 0, 0, 0, 1, 0, 0, 0, 0, 0, 0], [0, 0, 0, 0, 0, 0, 0, 0, 1, 0, 0, 0, 0, 0], [0, 0, 0, 0, 0, 0, 0, 0, 0, 1, 0, 0, 0, 0], [0, 0, 0, -1, 0, 0, 0, 0, 0, 1, 0, 1, 0, 0], [0, 0, 0, 0, 0, 0, 0, 0, 0, 0, 0, 1, 0, 0], [0, 0, 0, 0, 0, 0, 0, 0, 0, 0, 0, 0, 1, 0], [0, 0, 0, 1, 0, 0, 0, 0, 0, -1, 1, -1, 0, 1]]
[[1, 1, 0, 0, 0, 0, 0, 0, 0, 0, 0, 0, 0, 0], [0, -1, 0, 0, 0, 0, 0, 0, 0, 0, 0, 0, 0, 0], [0, 0, 1, 0, -1, 1, 0, 0, 0, 1, -1, 1, 0, 0], [1, 1, 0, 1, 1, -1, 1, 1, 1, 0, 0, -1, 0, 1], [1, -1, 0, 0, 0, 1, 1, 1, 1, 2, -2, 1, 0, 1], [1, -1, 0, 0, 0, 1, 1, 1, 1, 1, -1, 0, 0, 1], [-1, 2, 0, 0, 1, -1, 0, -1, -1, -2, 2, -1, 0, -1], [1, 0, 0, 0, 1, -1, 1, 2, 1, 0, 0, -1, 0, 1], [0, -1, 0, 0, -1, 1, 0, 0, 1, 1, -1, 1, 0, 0], [1, 0, 0, 0, 1, -1, 1, 1, 1, 1, 0, -1, 0, 1], [1, 1, 0, 0, 1, -1, 1, 1, 1, 0, 1, -1, 0, 1], [0, 1, 0, 0, 1, -1, 0, 0, 0, -1, 1, 0, 0, 0], [0, 0, 0, 0, 0, 0, 0, 0, 0, 0, 0, 0, 1, 0], [-2, -1, 0, 0, -1, 1, -2, -2, -2, -1, 1, 1, 0, -1]]
[[1, 0, 0, 0, 0, 0, 0, 0, 0, 0, 0, 0, 0, 0], [0, 1, 0, 0, 0, 0, 0, 0, 0, 0, 0, 0, 0, 0], [0, 0, 1, 0, 0, 0, 0, 0, 0, 0, 0, 0, 0, 0], [0, 0, 0, 1, 0, 0, 0, 0, 0, 0, 0, 0, 0, 0], [0, 0, 0, 0, 1, 0, 0, 0, 0, 0, 0, 0, 0, 0], [0, 0, 0, 0, 0, 1, 0, 0, 0, 0, 0, 0, 0, 0], [0, 0, 0, 0, 0, 0, 1, 0, 0, 0, 0, 0, 0, 0], [0, 0, 0, 0, 0, 0, 0, 1, 0, 0, 0, 0, 0, 0], [0, 0, 0, 0, 0, 0, 0, 0, 1, 0, 0, 0, 0, 0], [0, 0, 0, 0, 0, 0, 0, 0, 0, 1, 0, 0, 0, 0], [0, 0, 0, 0, 0, 0, 0, 0, 0, 0, 1, 0, 0, 0], [0, 0, 0, 0, 0, 0, 0, 0, 0, 0, 0, 1, 0, 0], [0, 0, 0, 0, 0, 0, 0, 0, 0, 0, 0, 0, 1, 0], [0, 0, 0, 0, 0, 0, 0, 0, 0, 0, 0, 0, 0, 1]]
[[1, 0, 0, 0, 0, 0, 0, 0, 0, 0, 0, 0, 0, 0], [0, 1, 0, 0, 0, 0, 0, 0, 0, 0, 0, 0, 0, 0], [0, 0, 1, 0, 0, 0, 0, 0, 0, 0, 0, 0, 0, 0], [-2, -1, 0, 1, -1, -1, -1, 0, 0, 0, 1, -1, 0, 0], [-2, -1, 0, 0, 0, -1, -1, 0, 0, 0, 1, -1, 0, 0], [0, 0, 0, 0, 0, 1, 0, 0, 0, 0, 0, 0, 0, 0], [0, 0, 0, 0, 0, 0, 1, 0, 0, 0, 0, 0, 0, 0], [2, 1, 0, 0, 1, 1, 1, 1, 0, 0, -1, 1, 0, 0], [0, 0, 0, 0, 0, 0, 0, 0, 1, 0, 0, 0, 0, 0], [0, 0, 0, 0, 0, 0, 0, 0, 0, 1, 0, 0, 0, 0], [2, 1, 0, 0, 1, 1, 1, 0, 0, 0, 0, 1, 0, 0], [0, 0, 0, 0, 0, 0, 0, 0, 0, 0, 0, 1, 0, 0], [0, 0, 0, 0, 0, 0, 0, 0, 0, 0, 0, 0, 1, 0], [0, 0, 0, 0, 0, 0, 0, 0, 0, 0, 0, 0, 0, 1]]
[[1, 0, 0, 0, 0, 0, 0, 0, 0, 0, 0, 0, 0, 0], [0, 1, 0, 0, 0, 0, 0, 0, 0, 0, 0, 0, 0, 0], [0, 0, 1, 0, 0, 0, 0, 0, 0, 0, 0, 0, 0, 0], [0, 0, 0, 1, 0, 0, 0, 0, 0, 0, 0, 0, 0, 0], [0, 0, 0, 0, 1, 0, 0, 0, 0, 0, 0, 0, 0, 0], [0, 0, 0, 0, 0, 1, 0, 0, 0, 0, 0, 0, 0, 0], [0, 0, 0, 0, 0, 0, 1, 0, 0, 0, 0, 0, 0, 0], [0, 0, 0, 0, 0, 0, 0, 1, 0, 0, 0, 0, 0, 0], [0, 0, 0, 0, 0, 0, 0, 0, 1, 0, 0, 0, 0, 0], [0, 0, 0, 0, 0, 0, 0, 0, 0, 1, 0, 0, 0, 0], [0, 0, 0, 0, 0, 0, 0, 0, 0, 0, 1, 0, 0, 0], [0, 0, 0, 0, 0, 0, 0, 0, 0, 0, 0, 1, 0, 0], [0, 0, 0, 0, 0, 0, 0, 0, 0, 0, 0, 0, 1, 0], [0, 0, 0, 0, 0, 0, 0, 0, 0, 0, 0, 0, 0, 1]]

Generators of monodromy action on conics:
(73,75)(74,76)(81,84)(82,83)(85,87)(86,88)(89,92)(90,91)(93,95)(94,96)(101,103)(102,104)(109,112)(110,111)(113,115)(114,116)(117,120)(118,119)(121,123)(122,124)(137,139)(138,140)(145,147)(146,148)(153,179)(154,180)(155,158)(156,157)(159,177)(160,178)(161,188)(162,187)(163,181)(164,182)(165,199)(166,200)(167,190)(168,189)(169,207)(170,208)(171,172)(173,174)(175,205)(176,206)(183,186)(184,185)(191,197)(192,198)(193,194)(195,204)(196,203)(201,202)
(3,38,39)(4,37,40)(5,136,46,15,106,56)(6,135,45,16,105,55)(7,134,47,14,107,54)(8,133,48,13,108,53)(9,77,41)(10,78,42)(11,79,44)(12,80,43)(17,131,62)(18,132,61)(19,130,64)(20,129,63)(21,152,49)(22,151,50)(23,149,52)(24,150,51)(25,126,58,35,142,68)(26,125,57,36,141,67)(27,128,60,34,143,66)(28,127,59,33,144,65)(29,99,69)(30,100,70)(31,97,71)(32,98,72)(73,85)(74,86)(75,87)(76,88)(81,114,94)(82,113,93)(83,115,95)(84,116,96)(89,138,121,102,109,147)(90,137,122,101,110,148)(91,139,124,103,111,146)(92,140,123,104,112,145)(117,119)(118,120)(153,205)(154,206)(155,157)(156,158)(159,200,167,207,164,188)(160,199,168,208,163,187)(161,177,166,190,169,182)(162,178,165,189,170,181)(175,179)(176,180)(183,195,192)(184,196,191)(185,203,197)(186,204,198)(193,201)(194,202)
(1,174,4,172)(2,173,3,171)(5,206,7,85,36,175,34,88)(6,205,8,86,35,176,33,87)(9,167,12,110,32,189,29,112)(10,168,11,109,31,190,30,111)(13,90,25,181,28,92,16,164)(14,89,26,182,27,91,15,163)(17,177,19,124,24,160,22,121)(18,178,20,123,23,159,21,122)(37,193,40,201)(38,194,39,202)(41,153,43,74,72,180,69,75)(42,154,44,73,71,179,70,76)(45,188,48,137,68,162,65,140)(46,187,47,138,67,161,66,139)(49,101,61,165,63,104,52,200)(50,102,62,166,64,103,51,199)(53,145,58,207,59,148,55,170)(54,146,57,208,60,147,56,169)(77,203,100,81,98,195,79,83)(78,204,99,82,97,196,80,84)(93,150,184,129,96,131,186,152)(94,149,183,130,95,132,185,151)(105,197,128,114,126,192,107,115)(106,198,127,113,125,191,108,116)(117,142,155,134,119,135,157,143)(118,141,156,133,120,136,158,144)
