
#########################################################
# DATA FOR CRYSTALLOGRAPHIC QUARTIC SURFACE FAMILY 18.2 #
#########################################################


##################
# GROUP & FAMILY #
##################

Generators of crystallographic group:
[[1, 0, 1, 0], [0, -1, 0, 0], [0, 0, -1, 0], [0, 0, 0, -1]]
[[-1, 0, 0, 0], [0, -1, 0, 0], [0, 0, -1, 0], [0, 0, 0, -1]]
[[0, -1, 0, -1], [-1, 0, 0, 0], [0, 0, 0, 1], [0, 0, -1, 0]]

Invariant polynomials:
z^4 + w^4
-z^3*w + z*w^3
-x^4 - y^4 - 2*x^3*z + x*z^3 - 2*y^3*w + y*w^3
z^2*w^2
-x^2*z*w + y^2*z*w - x*z^2*w + y*z*w^2
y^2*z^2 + y*z^2*w + x^2*w^2 + x*z*w^2
x^4 + y^4 + 2*x^3*z + x^2*z^2 + 2*y^3*w + y^2*w^2
x^2*y^2 + x*y^2*z + x^2*y*w + x*y*z*w

Equivalent crystallographic groups:

############
# HOMOLOGY #
############


Intersection product:
[[-4, -4, -4, -3, 2, -2, -3, 0, 0, 0, -1, 0, 0, 2, 0, 0, -1, -2, -1, 0, 2, 0], [-4, -6, -5, -3, 2, -2, -4, -2, 1, 0, -3, 1, 0, 2, 1, 0, -1, -2, -2, 0, 3, 0], [-4, -5, -6, -3, 1, -2, -4, -3, 1, -1, -5, 1, -1, 0, 1, -1, 0, -2, -3, -1, 3, 0], [-3, -3, -3, -4, 2, -2, -2, 0, 0, 0, -1, 0, 0, 1, 0, 0, -1, -2, -1, 0, 2, 0], [2, 2, 1, 2, -2, 1, 1, -1, 0, -1, -1, 0, -1, -2, 0, -1, 1, 1, 0, -1, -1, 0], [-2, -2, -2, -2, 1, -2, -1, 1, 0, 0, 0, 0, 0, 1, 0, 0, 0, -1, 0, 0, 1, 0], [-3, -4, -4, -2, 1, -1, -4, -2, 1, 0, -3, 1, 0, 1, 1, 0, 0, -1, -2, -1, 2, 0], [0, -2, -3, 0, -1, 1, -2, -6, 2, -1, -5, 2, -1, -2, 2, 0, 0, 0, -2, -1, 1, 0], [0, 1, 1, 0, 0, 0, 1, 2, -2, 0, 1, -1, 0, 0, -1, -1, 0, 0, 0, 0, 0, 0], [0, 0, -1, 0, -1, 0, 0, -1, 0, -2, -2, 0, -1, -2, 0, -1, 1, 0, -1, -1, 0, 0], [-1, -3, -5, -1, -1, 0, -3, -5, 1, -2, -6, 2, -1, -2, 2, 0, 1, 0, -2, -2, 1, 0], [0, 1, 1, 0, 0, 0, 1, 2, -1, 0, 2, -2, 0, 0, -1, -1, 0, 0, 0, 0, 0, 0], [0, 0, -1, 0, -1, 0, 0, -1, 0, -1, -1, 0, -2, -1, 0, -1, 1, 0, -1, -1, 0, -1], [2, 2, 0, 1, -2, 1, 1, -2, 0, -2, -2, 0, -1, -4, 0, -1, 1, 1, 0, -1, -1, 0], [0, 1, 1, 0, 0, 0, 1, 2, -1, 0, 2, -1, 0, 0, -2, -1, 0, 0, 0, 0, 0, 0], [0, 0, -1, 0, -1, 0, 0, 0, -1, -1, 0, -1, -1, -1, -1, -2, 1, 1, -1, -1, 0, 0], [-1, -1, 0, -1, 1, 0, 0, 0, 0, 1, 1, 0, 1, 1, 0, 1, -2, -1, 0, 1, 1, 0], [-2, -2, -2, -2, 1, -1, -1, 0, 0, 0, 0, 0, 0, 1, 0, 1, -1, -2, 0, 0, 1, -1], [-1, -2, -3, -1, 0, 0, -2, -2, 0, -1, -2, 0, -1, 0, 0, -1, 0, 0, -2, -1, 1, 0], [0, 0, -1, 0, -1, 0, -1, -1, 0, -1, -2, 0, -1, -1, 0, -1, 1, 0, -1, -2, 0, 0], [2, 3, 3, 2, -1, 1, 2, 1, 0, 0, 1, 0, 0, -1, 0, 0, 1, 1, 1, 0, -2, 0], [0, 0, 0, 0, 0, 0, 0, 0, 0, 0, 0, 0, -1, 0, 0, 0, 0, -1, 0, 0, 0, -2]]

Basis of the generic Picard lattice:
[1, 0, 0, 0, 0, 0, 0, 0, 0, 0, 0, 0, 0, 0, -1, 0, 0, 0, 0, 1, 1, -1]
[0, 1, 0, 0, 0, 0, 0, 0, 0, 0, 0, 0, 0, 0, -1, 0, 0, 0, 0, 1, 1, 0]
[0, 0, 1, 0, 0, 0, 0, 0, 0, 0, 0, 0, 0, 0, -1, -1, 0, 0, 0, 1, 0, 1]
[0, 0, 0, 1, 0, 0, 0, 0, 0, 0, 0, 0, 0, 0, 0, 0, 0, -1, 0, 1, 0, 0]
[0, 0, 0, 0, 1, 0, 0, 0, 0, 0, 0, 0, 0, 0, 1, -1, 0, 1, 1, -1, 0, 1]
[0, 0, 0, 0, 0, 1, 0, 0, 0, 0, 0, 0, 0, 0, -1, 0, 0, -1, 0, 0, 0, 0]
[0, 0, 0, 0, 0, 0, 1, 0, 0, 0, 0, 0, 0, 0, -2, 1, 0, -1, -2, 1, 0, -1]
[0, 0, 0, 0, 0, 0, 0, 1, 0, 0, 0, 0, 0, 0, 2, -2, 0, 1, 1, 0, 0, 2]
[0, 0, 0, 0, 0, 0, 0, 0, 1, 0, 0, 0, 0, 0, 0, 0, 0, 0, 0, 1, 0, 0]
[0, 0, 0, 0, 0, 0, 0, 0, 0, 1, 0, 0, 0, 0, -1, -1, 0, 0, 0, -1, -1, 1]
[0, 0, 0, 0, 0, 0, 0, 0, 0, 0, 1, 0, 0, 0, 0, -1, 0, -1, -1, -1, -1, 2]
[0, 0, 0, 0, 0, 0, 0, 0, 0, 0, 0, 1, 0, 0, 0, 0, 0, 0, 0, 1, 0, -1]
[0, 0, 0, 0, 0, 0, 0, 0, 0, 0, 0, 0, 1, 0, 0, -1, 0, 0, 0, -1, -1, 1]
[0, 0, 0, 0, 0, 0, 0, 0, 0, 0, 0, 0, 0, 1, 0, -2, 0, 1, 1, -1, 0, 0]
[0, 0, 0, 0, 0, 0, 0, 0, 0, 0, 0, 0, 0, 0, 0, 0, 1, 0, 0, 1, 0, 1]

Class of hyperplane section:
[-3, 0, 3, 0, 0, -3, 1, -2, 0, 0, -3, -3, 0, 1, -3, 3, 0, 4, 0, 0, 0, -2]

Action of the group on homology:
[[1, 1, 1, 1, 0, 0, 1, 1, -1, -1, 0, 1, -1, 0, 0, -1, 1, 1, 1, 0, -1, 0], [0, 0, 0, 0, 0, 0, 0, 0, 0, 0, -1, 0, 0, -1, 0, 0, 0, -1, 0, 0, 1, -1], [0, 0, 0, 0, -1, 1, 0, -2, 1, 1, 0, 0, 1, -1, 0, 1, -1, 0, -1, 0, 0, 0], [0, 0, 0, -1, 0, 0, 0, 0, 0, 0, 0, 0, 0, 0, 0, 0, 0, 0, 0, 0, 0, 0], [-1, -1, -1, -2, 0, 0, -1, -1, 0, 0, -1, 0, 0, 0, 0, 0, -1, -1, -1, -1, 1, 0], [0, 0, 0, 1, 1, -1, 0, 2, 0, 0, 2, 0, 0, 2, 0, 0, 1, 1, 2, 0, -1, 1], [-2, -2, -2, -2, 1, -1, -2, 0, 0, 0, 0, -1, 0, 1, 0, 0, -1, -1, -1, 0, 1, 0], [0, 0, 0, 0, 1, -1, 1, 2, -1, 0, 3, -1, 0, 2, 0, 0, 0, 1, 2, 1, -1, 1], [-1, -1, 0, 0, 1, 0, 0, 1, 0, 1, 3, -1, 1, 2, 0, 1, -1, 0, 1, 1, 0, 0], [0, 1, 1, 0, 0, 0, 1, 2, -1, 0, 3, -1, 0, 1, -1, 0, 0, 1, 1, 0, -1, 1], [2, 1, 1, 1, 0, 0, 1, 1, -1, -1, -1, 1, -1, 0, 0, -1, 1, 1, 1, 0, -1, 0], [2, 1, 1, 1, 0, 0, 1, 1, -1, -1, 0, 0, -1, 0, 0, -1, 1, 1, 1, 0, -1, 0], [0, -1, -1, 0, 0, 0, -1, -2, 1, -1, -3, 1, -1, -1, 1, 0, 0, -1, -1, 0, 1, -1], [-1, -1, -1, 0, 0, 0, -1, -1, 1, 0, -1, 0, 0, -1, 0, 0, 0, -1, -1, 0, 1, -1], [1, 0, 0, 0, 1, -1, 1, 2, -1, -1, 1, 0, 0, 1, 0, 0, 0, 1, 2, 1, -1, 1], [-1, 0, -1, -1, -1, 0, -1, -2, 0, 0, -3, 0, 0, -2, 0, -1, 0, -1, -2, -1, 1, 0], [0, 0, -1, 1, -1, 0, -1, -1, 0, -1, -3, 1, -1, -1, 0, -1, 1, 0, -1, -1, 0, 0], [-2, -1, -1, -2, 0, 0, -1, -2, 1, 1, -1, -1, 1, -1, 0, 1, -2, -3, -2, 0, 2, -1], [0, 1, 1, 1, 0, 1, 0, 0, 1, 1, 1, 0, 1, 0, 0, 1, 0, 0, 0, 0, 0, 0], [1, 1, 1, 2, -1, 0, 1, 1, 0, 0, 1, 0, 0, 0, 0, 0, 1, 1, 1, 0, -1, 0], [0, 1, 0, 0, 0, 0, 0, 0, 0, 0, -1, 0, 0, -1, 0, 0, 0, -1, 0, 0, 0, -1], [1, 1, 1, 1, 0, 0, 1, 2, -1, 0, 2, 0, 0, 1, 0, 0, 1, 2, 2, 0, -2, 1]]
[[1, 0, 0, 0, 0, 0, 0, 0, 0, 0, 0, 0, 0, 0, 0, 0, 0, 0, 0, 0, 0, 0], [0, 1, 0, 0, 0, 0, 0, 0, 0, 0, 0, 0, 0, 0, 0, 0, 0, 0, 0, 0, 0, 0], [0, 0, 1, 0, 0, 0, 0, 0, 0, 0, 0, 0, 0, 0, 0, 0, 0, 0, 0, 0, 0, 0], [0, 0, 0, 1, 0, 0, 0, 0, 0, 0, 0, 0, 0, 0, 0, 0, 0, 0, 0, 0, 0, 0], [0, 0, 0, 0, 1, 0, 0, 0, 0, 0, 0, 0, 0, 0, 0, 0, 0, 0, 0, 0, 0, 0], [0, 0, 0, 0, 0, 1, 0, 0, 0, 0, 0, 0, 0, 0, 0, 0, 0, 0, 0, 0, 0, 0], [0, 0, 0, 0, 0, 0, 1, 0, 0, 0, 0, 0, 0, 0, 0, 0, 0, 0, 0, 0, 0, 0], [0, 0, 0, 0, 0, 0, 0, 1, 0, 0, 0, 0, 0, 0, 0, 0, 0, 0, 0, 0, 0, 0], [0, 0, 0, 0, 0, 0, 0, 0, 1, 0, 0, 0, 0, 0, 0, 0, 0, 0, 0, 0, 0, 0], [0, 0, 0, 0, 0, 0, 0, 0, 0, 1, 0, 0, 0, 0, 0, 0, 0, 0, 0, 0, 0, 0], [0, 0, 0, 0, 0, 0, 0, 0, 0, 0, 1, 0, 0, 0, 0, 0, 0, 0, 0, 0, 0, 0], [0, 0, 0, 0, 0, 0, 0, 0, 0, 0, 0, 1, 0, 0, 0, 0, 0, 0, 0, 0, 0, 0], [0, 0, 0, 0, 0, 0, 0, 0, 0, 0, 0, 0, 1, 0, 0, 0, 0, 0, 0, 0, 0, 0], [0, 0, 0, 0, 0, 0, 0, 0, 0, 0, 0, 0, 0, 1, 0, 0, 0, 0, 0, 0, 0, 0], [0, 0, 0, 0, 0, 0, 0, 0, 0, 0, 0, 0, 0, 0, 1, 0, 0, 0, 0, 0, 0, 0], [0, 0, 0, 0, 0, 0, 0, 0, 0, 0, 0, 0, 0, 0, 0, 1, 0, 0, 0, 0, 0, 0], [0, 0, 0, 0, 0, 0, 0, 0, 0, 0, 0, 0, 0, 0, 0, 0, 1, 0, 0, 0, 0, 0], [0, 0, 0, 0, 0, 0, 0, 0, 0, 0, 0, 0, 0, 0, 0, 0, 0, 1, 0, 0, 0, 0], [0, 0, 0, 0, 0, 0, 0, 0, 0, 0, 0, 0, 0, 0, 0, 0, 0, 0, 1, 0, 0, 0], [0, 0, 0, 0, 0, 0, 0, 0, 0, 0, 0, 0, 0, 0, 0, 0, 0, 0, 0, 1, 0, 0], [0, 0, 0, 0, 0, 0, 0, 0, 0, 0, 0, 0, 0, 0, 0, 0, 0, 0, 0, 0, 1, 0], [0, 0, 0, 0, 0, 0, 0, 0, 0, 0, 0, 0, 0, 0, 0, 0, 0, 0, 0, 0, 0, 1]]
[[1, -1, -1, 0, 0, 0, 0, -2, 1, -1, -2, 1, -1, -1, 1, 0, 0, 0, 0, 0, 0, 0], [0, 0, 0, 0, 0, 0, -1, -1, 1, 0, -2, 1, 0, -1, 0, -1, 1, 0, -1, -1, 1, 0], [0, 1, 2, 1, -1, 1, 1, 1, -1, 1, 2, -1, 1, 0, 0, 0, 0, 1, 0, 0, 0, 0], [2, 2, 3, 2, -1, 2, 2, 0, 0, 1, 2, 0, 1, 0, 0, 1, 0, 1, 1, 0, -1, 0], [1, 1, 3, 2, 0, 2, 2, 1, 0, 2, 4, 0, 2, 2, 0, 2, -1, 1, 2, 1, -1, 0], [-2, -2, -4, -3, 2, -3, -1, 2, -1, -2, 0, -1, -1, 1, -1, 0, -1, -2, 1, 1, 0, 0], [-1, 0, 0, 0, 1, 0, 0, 2, -1, 1, 3, -1, 1, 2, -1, 1, -1, 0, 1, 1, -1, 0], [-1, -1, -3, -2, 1, -2, 0, 1, -1, -1, 1, -1, -1, 1, -1, 0, -1, -1, 1, 1, -1, 0], [-2, -1, -2, -2, 1, -1, -1, 1, -1, 0, 1, -1, 0, 1, -1, 0, -1, -1, 0, 0, 0, 0], [0, 0, 0, 0, 0, 0, 1, 1, 0, 0, 3, -1, 0, 1, -1, 1, -1, 0, 1, 1, -1, 0], [2, 0, 0, 0, 0, 0, 0, -2, 1, -1, -3, 2, -1, -1, 1, 0, 0, 0, 0, 0, 0, 0], [1, 0, -1, -1, 1, -1, 0, 0, 0, -1, -1, 1, -1, 0, 0, 0, 0, 0, 1, 1, -1, 0], [0, 0, -1, 0, 0, 0, -1, -1, 0, -1, -3, 1, -1, -1, 0, -1, 1, 0, -1, -1, 0, 0], [-1, 0, 0, 0, 0, 0, -1, 0, 0, 0, -1, 0, 0, -1, 0, -1, 1, 0, -1, -1, 1, 0], [1, 0, -1, 0, 0, -1, 0, 0, 0, -1, -1, 1, -1, 0, 0, 0, 0, 0, 1, 0, -1, 0], [0, 0, 1, 1, -1, 1, 0, -2, 1, 1, -1, 0, 1, -1, 1, 0, 0, 0, -1, 0, 1, 0], [0, -1, -1, 0, 0, 0, -1, -2, 1, -1, -3, 1, 0, -1, 1, 0, 0, 0, -1, 0, 1, 1], [-2, 0, 1, 0, 0, 0, -1, 1, 0, 2, 1, -1, 1, 1, 0, -1, 1, 0, -1, -1, 1, 0], [-1, 0, 0, 0, 0, 0, -1, 1, 0, 0, 0, -1, 0, 0, 0, -1, 1, 0, -1, -1, 1, 0], [0, 0, -1, -1, 0, -1, 0, 0, 0, -1, -1, 0, 0, -1, 0, 0, 0, 0, 0, 0, 0, 1], [0, 0, 0, 0, 0, 0, -1, -1, 1, 0, -2, 0, 0, -1, 1, -1, 1, 0, -1, -1, 1, 0], [1, 0, 0, 0, 0, 0, 1, 0, 0, -1, 1, 0, 0, 0, 0, 1, -1, 0, 1, 1, -1, 0]]

####################
# ALGEBRAIC CURVES #
####################


There are 200 conics:
[0, -1, 1, 0, 0, -1, 0, -1, 0, 1, -1, -2, -1, 0, -2, 2, 1, 1, 0, 0, 0, 0]
[-3, 1, 2, 0, 0, -2, 1, -1, 0, -1, -2, -1, 1, 1, -1, 1, -1, 3, 0, 0, 0, -2]
[0, 0, 1, 0, 0, -2, 0, -1, 0, 0, -1, -2, 0, 0, -1, 2, 0, 2, 0, 0, 1, -1]
[-3, 0, 2, 0, 0, -1, 1, -1, 0, 0, -2, -1, 0, 1, -2, 1, 0, 2, 0, 0, -1, -1]
[-1, -1, 1, 0, 0, -1, 1, 0, 1, 1, -2, -2, 0, 0, -1, 1, -1, 2, 0, -1, -1, -1]
[-2, 1, 2, 0, 0, -2, 0, -2, -1, -1, -1, -1, 0, 1, -2, 2, 1, 2, 0, 1, 1, -1]
[0, 0, 0, 0, -1, -1, 0, 0, 0, 1, -1, -1, 0, 0, -1, 1, 0, 1, 0, 0, 0, -1]
[-3, 0, 3, 0, 1, -2, 1, -2, 0, -1, -2, -2, 0, 1, -2, 2, 0, 3, 0, 0, 0, -1]
[-1, 0, 1, 1, 0, -2, 0, -1, 0, 1, -1, -2, -1, 0, -1, 2, 0, 1, 0, 0, 0, 0]
[-2, 0, 2, -1, 0, -1, 1, -1, 0, -1, -2, -1, 1, 1, -2, 1, 0, 3, 0, 0, 0, -2]
[0, 0, 1, 1, 1, -3, 0, -2, -1, 0, 0, -1, 0, 0, -1, 2, 0, 1, -1, -1, 0, -1]
[-3, 0, 2, -1, -1, 0, 1, 0, 1, 0, -3, -2, 0, 1, -2, 1, 0, 3, 1, 1, 0, -1]
[0, 0, 1, 0, -1, -1, -1, -1, 0, 0, 0, -1, 0, 0, -1, 1, 0, 0, 0, 0, 0, 0]
[-3, 0, 2, 0, 1, -2, 2, -1, 0, 0, -3, -2, 0, 1, -2, 2, 0, 4, 0, 0, 0, -2]
[0, 0, 0, 0, -1, -1, 0, 0, 0, 0, 0, -1, 0, 0, 0, 1, 0, 0, -1, 0, 0, 0]
[-3, 0, 3, 0, 1, -2, 1, -2, 0, 0, -3, -2, 0, 1, -3, 2, 0, 4, 1, 0, 0, -2]
[-1, -1, 2, 0, 0, -1, 0, -1, 0, 1, -2, -2, -1, 0, -2, 2, 0, 2, 1, 0, 0, -1]
[-2, 1, 1, 0, 0, -2, 1, -1, 0, -1, -1, -1, 1, 1, -1, 1, 0, 2, -1, 0, 0, -1]
[-1, -1, 1, 0, 0, -1, 1, 0, 0, 1, -2, -2, -1, 0, -1, 2, 0, 2, 0, 0, 0, -1]
[-2, 1, 2, 0, 0, -2, 0, -2, 0, -1, -1, -1, 1, 1, -2, 1, 0, 2, 0, 0, 0, -1]
[-1, -1, 1, -1, -2, 1, 0, 1, 1, 1, -2, -2, -1, 0, -1, 1, 0, 1, 1, 1, 0, 0]
[-2, 1, 2, 1, 2, -4, 1, -3, -1, -1, -1, -1, 1, 1, -2, 2, 0, 3, -1, -1, 0, -2]
[0, -1, 1, -1, -1, 0, 0, 0, 0, 0, -1, -1, 0, 0, -1, 1, 0, 1, 0, 0, 0, -1]
[-3, 1, 2, 1, 1, -3, 1, -2, 0, 0, -2, -2, 0, 1, -2, 2, 0, 3, 0, 0, 0, -1]
[-1, -1, 2, 0, 0, -1, 0, -1, 0, 0, -1, -2, -1, 0, -1, 2, 0, 1, 0, 0, 0, 0]
[-2, 1, 1, 0, 0, -2, 1, -1, 0, 0, -2, -1, 1, 1, -2, 1, 0, 3, 0, 0, 0, -2]
[0, 0, 1, 0, -1, -1, -1, -1, -1, 0, 0, -1, -1, 0, -1, 2, 1, 0, 0, 1, 1, 0]
[-3, 0, 2, 0, 1, -2, 2, -1, 1, 0, -3, -2, 1, 1, -2, 1, -1, 4, 0, -1, -1, -2]
[-1, -1, 1, 0, -1, 0, 0, 0, 0, 1, -1, -1, -1, 0, -1, 1, 0, 0, 0, 0, -1, 0]
[-2, 1, 2, 0, 1, -3, 1, -2, 0, -1, -2, -2, 1, 1, -2, 2, 0, 4, 0, 0, 1, -2]
[-1, 0, 1, 0, -1, -1, 0, 0, 0, 0, -1, -1, 0, 0, 0, 1, -1, 1, 0, 0, 0, -1]
[-2, 0, 2, 0, 1, -2, 1, -2, 0, 0, -2, -2, 0, 1, -3, 2, 1, 3, 0, 0, 0, -1]
[-1, -1, 1, 1, 2, -2, 2, -1, 0, 1, -2, -2, 0, 0, -2, 2, 0, 2, -1, -1, -1, -1]
[-2, 1, 2, -1, -2, -1, -1, -1, 0, -1, -1, -1, 0, 1, -1, 1, 0, 2, 1, 1, 1, -1]
[-1, -1, 1, 0, 0, 0, 1, 0, 1, 1, -2, -2, 0, 0, -2, 1, 0, 1, 0, 0, -1, 0]
[-2, 1, 2, 0, 0, -3, 0, -2, -1, -1, -1, -1, 0, 1, -1, 2, 0, 3, 0, 0, 1, -2]
[-1, 0, 1, 1, 1, -2, 1, -1, 0, 1, -2, -2, 0, 0, -2, 2, 0, 2, 0, 0, 0, -1]
[-2, 0, 2, -1, -1, -1, 0, -1, 0, -1, -1, -1, 0, 1, -1, 1, 0, 2, 0, 0, 0, -1]
[0, 0, 0, 0, 0, -1, 1, 0, 0, 0, -1, -1, 1, 0, -1, 1, 0, 1, -1, 0, 0, -1]
[-3, 0, 3, 0, 0, -2, 0, -2, 0, 0, -2, -2, -1, 1, -2, 2, 0, 3, 1, 0, 0, -1]
[-1, 0, 1, 1, 1, -2, 1, -1, 0, 0, -1, -2, 0, 0, -1, 2, 0, 1, -1, 0, 0, 0]
[-2, 0, 2, -1, -1, -1, 0, -1, 0, 0, -2, -1, 0, 1, -2, 1, 0, 3, 1, 0, 0, -2]
[0, 0, 1, 1, 1, -2, 0, -2, -1, 0, 0, -1, 0, 0, -2, 2, 1, 0, -1, 0, 0, 0]
[-3, 0, 2, -1, -1, -1, 1, 0, 1, 0, -3, -2, 0, 1, -1, 1, -1, 4, 1, 0, 0, -2]
[-1, 0, 1, 1, 1, -2, 1, -1, 0, 0, -1, -1, 1, 0, -1, 1, -1, 1, -1, -1, -1, -1]
[-2, 0, 2, -1, -1, -1, 0, -1, 0, 0, -2, -2, -1, 1, -2, 2, 1, 3, 1, 1, 1, -1]
[-1, 0, 0, 1, 0, -1, 1, 0, 0, 1, -1, -1, 0, 0, -1, 1, 0, 0, -1, 0, -1, 0]
[-2, 0, 3, -1, 0, -2, 0, -2, 0, -1, -2, -2, 0, 1, -2, 2, 0, 4, 1, 0, 1, -2]
[-1, -1, 2, 0, 1, -1, 1, -1, 0, 0, -2, -2, 0, 0, -2, 2, 0, 2, 0, 0, 0, -1]
[-2, 1, 1, 0, -1, -2, 0, -1, 0, 0, -1, -1, 0, 1, -1, 1, 0, 2, 0, 0, 0, -1]
[-1, -1, 1, 0, 0, 0, 1, 0, 0, 1, -2, -2, -1, 0, -2, 2, 1, 1, 0, 1, 0, 0]
[-2, 1, 2, 0, 0, -3, 0, -2, 0, -1, -1, -1, 1, 1, -1, 1, -1, 3, 0, -1, 0, -2]
[-1, 1, 2, 0, 0, -3, -1, -3, -1, -1, 0, -1, 0, 1, -2, 2, 1, 2, 0, 0, 1, -1]
[-2, -1, 1, 0, 0, 0, 2, 1, 1, 1, -3, -2, 0, 0, -1, 1, -1, 2, 0, 0, -1, -1]
[-1, -1, 1, 0, 0, 0, 1, 0, 0, 1, -2, -1, 0, 0, -2, 1, 0, 1, 0, 0, -1, -1]
[-2, 1, 2, 0, 0, -3, 0, -2, 0, -1, -1, -2, 0, 1, -1, 2, 0, 3, 0, 0, 1, -1]
[-1, 1, 1, -1, -1, -2, 0, -1, 0, -1, -1, -1, 1, 1, -1, 1, 0, 3, 0, 0, 1, -2]
[-2, -1, 2, 1, 1, -1, 1, -1, 0, 1, -2, -2, -1, 0, -2, 2, 0, 1, 0, 0, -1, 0]
[-1, -1, 1, 0, 0, 0, 1, 0, 0, 0, -1, -1, 0, 0, -1, 1, 0, 0, -1, 0, -1, 0]
[-2, 1, 2, 0, 0, -3, 0, -2, 0, 0, -2, -2, 0, 1, -2, 2, 0, 4, 1, 0, 1, -2]
[-1, 0, 1, 1, 1, -2, 1, -1, -1, 0, -1, -1, 0, 0, -1, 2, 0, 1, -1, 0, 0, -1]
[-2, 0, 2, -1, -1, -1, 0, -1, 1, 0, -2, -2, 0, 1, -2, 1, 0, 3, 1, 0, 0, -1]
[-1, 0, 1, 0, -1, 0, 0, 0, 0, 0, -1, -1, 0, 0, -1, 1, 0, 0, 0, 1, 0, 0]
[-2, 0, 2, 0, 1, -3, 1, -2, 0, 0, -2, -2, 0, 1, -2, 2, 0, 4, 0, -1, 0, -2]
[-1, 0, 1, 0, 1, -2, 1, -1, 0, 1, -2, -2, 0, 0, -2, 2, 0, 3, 0, -1, 0, -1]
[-2, 0, 2, 0, -1, -1, 0, -1, 0, -1, -1, -1, 0, 1, -1, 1, 0, 1, 0, 1, 0, -1]
[-1, 0, 1, 0, 0, -2, 1, -1, 1, 0, -2, -2, 1, 1, -2, 1, 0, 3, 0, 0, 0, -2]
[-2, 0, 2, 0, 0, -1, 0, -1, -1, 0, -1, -1, -1, 0, -1, 2, 0, 1, 0, 0, 0, 0]
[-1, 0, 1, -1, -1, 0, 0, 0, 0, 0, -1, 0, 0, 0, -1, 1, 0, 1, 0, 1, 0, -1]
[-2, 0, 2, 1, 1, -3, 1, -2, 0, 0, -2, -3, 0, 1, -2, 2, 0, 3, 0, -1, 0, -1]
[-1, -1, 1, -1, -2, 1, 0, 1, 0, 0, -1, 0, 0, 0, 0, 0, 0, 0, 0, 1, -1, 0]
[-2, 1, 2, 1, 2, -4, 1, -3, 0, 0, -2, -3, 0, 1, -3, 3, 0, 4, 0, -1, 1, -2]
[0, 0, 1, 0, 0, -2, 0, -1, 0, 0, 0, -1, 0, 0, -1, 1, 0, 1, -1, 0, 0, 0]
[-3, 0, 2, 0, 0, -1, 1, -1, 0, 0, -3, -2, 0, 1, -2, 2, 0, 3, 1, 0, 0, -2]
[-1, 1, 1, 0, 0, -2, 0, -2, 0, -1, -1, -2, 1, 1, -2, 2, 1, 2, 0, 0, 1, -1]
[-2, -1, 2, 0, 0, -1, 1, 0, 0, 1, -2, -1, -1, 0, -1, 1, -1, 2, 0, 0, -1, -1]
[-1, 1, 2, 1, 1, -4, 0, -3, -1, -1, -1, -2, 1, 1, -2, 2, 0, 3, 0, -1, 1, -2]
[-2, -1, 1, -1, -1, 1, 1, 1, 1, 1, -2, -1, -1, 0, -1, 1, 0, 1, 0, 1, -1, 0]
[0, 0, 1, 1, 1, -3, 0, -2, -1, 0, 0, -1, 0, 0, -1, 2, 1, 1, -1, 0, 0, 0]
[-3, 0, 2, -1, -1, 0, 1, 0, 1, 0, -3, -2, 0, 1, -2, 1, -1, 3, 1, 0, 0, -2]
[-1, -1, 2, 0, 0, -1, 0, -1, -1, 0, -1, -1, -1, 0, -1, 2, 1, 1, 0, 1, 0, 0]
[-2, 1, 1, 0, 0, -2, 1, -1, 1, 0, -2, -2, 1, 1, -2, 1, -1, 3, 0, -1, 0, -2]
[-1, 0, 0, 0, 0, -1, 1, 0, 1, 1, -1, -1, 0, 0, -1, 1, 0, 1, -1, 0, -1, 0]
[-2, 0, 3, 0, 0, -2, 0, -2, -1, -1, -2, -2, 0, 1, -2, 2, 0, 3, 1, 0, 1, -2]
[-1, 0, 1, 1, 1, -3, 1, -1, 0, 1, -1, -1, 0, 0, -1, 1, -1, 2, -1, -1, -1, -1]
[-2, 0, 2, -1, -1, 0, 0, -1, 0, -1, -2, -2, 0, 1, -2, 2, 1, 2, 1, 1, 1, -1]
[-1, -1, 2, -1, -1, 0, 0, 0, 0, 0, -1, -1, -1, 0, -1, 1, 0, 1, 0, 1, 0, 0]
[-2, 1, 1, 1, 1, -3, 1, -2, 0, 0, -2, -2, 1, 1, -2, 2, 0, 3, 0, -1, 0, -2]
[0, 0, 0, 0, -1, -1, 0, 0, 0, 0, 0, 0, 1, 0, 0, 0, 0, 0, -1, 0, -1, 0]
[-3, 0, 3, 0, 1, -2, 1, -2, 0, 0, -3, -3, -1, 1, -3, 3, 0, 4, 1, 0, 1, -2]
[0, 1, 0, 0, 0, -2, 0, -1, 0, 0, 0, 0, 1, 0, -1, 1, 0, 1, -1, 0, 0, -1]
[-3, -1, 3, 0, 0, -1, 1, -1, 0, 0, -3, -3, -1, 1, -2, 2, 0, 3, 1, 0, 0, -1]
[-1, 1, 1, 1, 1, -3, 0, -2, -1, 0, 0, -1, 0, 0, -1, 2, 0, 1, -1, -1, 0, 0]
[-2, -1, 2, -1, -1, 0, 1, 0, 1, 0, -3, -2, 0, 1, -2, 1, 0, 3, 1, 1, 0, -2]
[-1, 1, 1, 1, 0, -3, 0, -2, 0, -1, 0, -1, 1, 1, -1, 1, 0, 1, -1, 0, 0, -1]
[-2, -1, 2, -1, 0, 0, 1, 0, 0, 1, -3, -2, -1, 0, -2, 2, 0, 3, 1, 0, 0, -1]
[-1, 1, 0, 0, -1, -1, 0, 0, 0, 0, 0, 0, 0, 0, 0, 1, 0, 0, -1, 1, 0, 0]
[-2, -1, 3, 0, 1, -2, 1, -2, 0, 0, -3, -3, 0, 1, -3, 2, 0, 4, 1, -1, 0, -2]
[-1, 0, 1, 1, 0, -2, 0, -1, -1, 0, 0, 0, 0, 0, 0, 1, 0, 0, -1, 0, -1, 0]
[-2, 0, 2, -1, 0, -1, 1, -1, 1, 0, -3, -3, 0, 1, -3, 2, 0, 4, 1, 0, 1, -2]
[-1, -1, 2, 0, 1, -2, 1, -1, 0, 1, -2, -2, -1, 0, -2, 2, 0, 3, 0, 0, 0, -1]
[-2, 1, 1, 0, -1, -1, 0, -1, 0, -1, -1, -1, 1, 1, -1, 1, 0, 1, 0, 0, 0, -1]
[-1, 0, 1, 0, -1, -1, 0, 0, 0, 0, 0, 0, 0, 0, 0, 0, -1, 0, -1, 0, -1, 0]
[-2, 0, 2, 0, 1, -2, 1, -2, 0, 0, -3, -3, 0, 1, -3, 3, 1, 4, 1, 0, 1, -2]
[-1, 0, 1, 0, 0, -1, 0, -1, 0, 0, 0, 0, 0, 0, -1, 1, 0, 0, -1, 0, -1, 0]
[-2, 0, 2, 0, 0, -2, 1, -1, 0, 0, -3, -3, 0, 1, -2, 2, 0, 4, 1, 0, 1, -2]
[0, -1, 1, -1, -1, 0, 0, 0, 0, 0, -1, -1, 0, 0, -1, 1, 1, 1, 0, 1, 0, 0]
[-3, 1, 2, 1, 1, -3, 1, -2, 0, 0, -2, -2, 0, 1, -2, 2, -1, 3, 0, -1, 0, -2]
[-1, 0, 0, -1, -2, 1, 0, 1, 1, 1, -1, 0, 0, 0, -1, 0, 0, 0, 0, 1, -1, 0]
[-2, 0, 3, 1, 2, -4, 1, -3, -1, -1, -2, -3, 0, 1, -2, 3, 0, 4, 0, -1, 1, -2]
[-1, 0, 0, 0, 0, -1, 1, 0, 0, 1, -1, 0, 0, 0, -1, 1, 0, 1, -1, 0, -1, -1]
[-2, 0, 3, 0, 0, -2, 0, -2, 0, -1, -2, -3, 0, 1, -2, 2, 0, 3, 1, 0, 1, -1]
[-1, 0, 0, -1, -1, 0, 1, 1, 1, 0, -1, 0, 1, 0, 0, 0, -1, 1, -1, 0, -1, -1]
[-2, 0, 3, 1, 1, -3, 0, -3, -1, 0, -2, -3, -1, 1, -3, 3, 1, 3, 1, 0, 1, -1]
[-1, 0, 2, 0, 1, -2, 0, -2, -1, 0, -1, -2, -1, 0, -2, 3, 1, 2, 0, 0, 1, 0]
[-2, 0, 1, 0, -1, -1, 1, 0, 1, 0, -2, -1, 1, 1, -1, 0, -1, 2, 0, 0, -1, -2]
[-1, 0, 2, 0, 0, -2, 0, -2, -1, -1, -1, -2, 0, 1, -2, 2, 1, 2, 0, 0, 1, -1]
[-2, 0, 1, 0, 0, -1, 1, 0, 1, 1, -2, -1, 0, 0, -1, 1, -1, 2, 0, 0, -1, -1]
[-1, 0, 2, 0, 0, -2, 0, -2, 0, -1, -1, -2, 0, 1, -2, 2, 1, 2, 0, 1, 1, -1]
[-2, 0, 1, 0, 0, -1, 1, 0, 0, 1, -2, -1, 0, 0, -1, 1, -1, 2, 0, -1, -1, -1]
[0, 0, 1, 0, -1, -1, -1, -1, -1, -1, 1, 0, 0, 0, 0, 1, 1, -1, -1, 1, 0, 1]
[-3, 0, 2, 0, 1, -2, 2, -1, 1, 1, -4, -3, 0, 1, -3, 2, -1, 5, 1, -1, 0, -3]
[-1, -1, 1, -1, 0, 0, 1, 0, 1, 1, -2, -1, 0, 0, -2, 1, 0, 2, 0, 0, -1, -1]
[-2, 1, 2, 1, 0, -3, 0, -2, -1, -1, -1, -2, 0, 1, -1, 2, 0, 2, 0, 0, 1, -1]
[-1, -1, 1, -1, -1, 0, 1, 1, 1, 1, -2, -1, 0, 0, -1, 0, -1, 2, 0, 0, -1, -1]
[-2, 1, 2, 1, 1, -3, 0, -3, -1, -1, -1, -2, 0, 1, -2, 3, 1, 2, 0, 0, 1, -1]
[-1, 0, 2, 1, 1, -3, 0, -2, -1, 0, 0, -1, -1, 0, -1, 2, 0, 1, -1, 0, 0, 0]
[-2, 0, 1, -1, -1, 0, 1, 0, 1, 0, -3, -2, 1, 1, -2, 1, 0, 3, 1, 0, 0, -2]
[-1, -1, 1, 0, 0, -1, 1, 0, 0, 1, -2, -1, 0, 0, -1, 1, 0, 2, 0, 0, -1, -1]
[-2, 1, 2, 0, 0, -2, 0, -2, 0, -1, -1, -2, 0, 1, -2, 2, 0, 2, 0, 0, 1, -1]
[-1, 0, 0, -1, -1, 0, 1, 1, 1, 1, -2, -1, 0, 0, -1, 1, 0, 2, 0, 1, 0, -1]
[-2, 0, 3, 1, 1, -3, 0, -3, -1, -1, -1, -2, 0, 1, -2, 2, 0, 2, 0, -1, 0, -1]
[0, 0, 0, 0, -1, -1, 0, 0, -1, 0, 0, 0, 0, 0, 0, 1, 1, 0, -1, 1, 0, 0]
[-3, 0, 3, 0, 1, -2, 1, -2, 1, 0, -3, -3, 0, 1, -3, 2, -1, 4, 1, -1, 0, -2]
[0, 0, 1, 0, -1, -1, -1, -1, -1, 0, 0, 0, 0, 0, -1, 1, 1, 0, 0, 1, 0, 0]
[-3, 0, 2, 0, 1, -2, 2, -1, 1, 0, -3, -3, 0, 1, -2, 2, -1, 4, 0, -1, 0, -2]
[-1, 1, 1, 0, -1, -2, 0, -1, 0, -1, -1, -1, 1, 1, -1, 1, 0, 2, 0, 1, 1, -2]
[-2, -1, 2, 0, 1, -1, 1, -1, 0, 1, -2, -2, -1, 0, -2, 2, 0, 2, 0, -1, -1, 0]
[0, 0, 1, 0, 0, -2, 0, -1, -1, -1, 0, 0, 1, 0, 0, 1, 0, 1, -1, 0, 0, -1]
[-3, 0, 2, 0, 0, -1, 1, -1, 1, 1, -3, -3, -1, 1, -3, 2, 0, 3, 1, 0, 0, -1]
[-1, 0, 1, 0, -1, -1, 0, 0, 0, 0, -1, -1, 0, 0, 0, 1, 0, 1, 0, 1, 0, 0]
[-2, 0, 2, 0, 1, -2, 1, -2, 0, 0, -2, -2, 0, 1, -3, 2, 0, 3, 0, -1, 0, -2]
[-1, 1, 1, 0, 0, -2, 0, -1, -1, 0, -1, -1, 0, 0, -1, 2, 0, 2, 0, 0, 1, -1]
[-2, -1, 2, 0, 0, -1, 1, -1, 1, 0, -2, -2, 0, 1, -2, 1, 0, 2, 0, 0, -1, -1]
[-1, 0, 1, 0, -1, -1, 0, -1, 0, -1, -1, -1, 1, 1, -1, 1, 1, 1, 0, 1, 0, -1]
[-2, 0, 2, 0, 1, -2, 1, -1, 0, 1, -2, -2, -1, 0, -2, 2, -1, 3, 0, -1, 0, -1]
[-1, 1, 1, 0, 0, -2, 0, -2, -1, -1, -1, -1, 1, 1, -2, 2, 1, 2, 0, 0, 1, -2]
[-2, -1, 2, 0, 0, -1, 1, 0, 1, 1, -2, -2, -1, 0, -1, 1, -1, 2, 0, 0, -1, 0]
[-1, -1, 2, 0, 1, -2, 1, -1, 0, 0, -1, -1, 0, 0, -1, 1, -1, 2, -1, -1, -1, -1]
[-2, 1, 1, 0, -1, -1, 0, -1, 0, 0, -2, -2, 0, 1, -2, 2, 1, 2, 1, 1, 1, -1]
[-1, 0, 1, 0, 0, -1, 0, -1, -1, 0, -1, -1, 0, 0, -1, 2, 1, 1, 0, 0, 0, 0]
[-2, 0, 2, 0, 0, -2, 1, -1, 1, 0, -2, -2, 0, 1, -2, 1, -1, 3, 0, 0, 0, -2]
[-1, -1, 2, 0, 0, -1, 0, -1, 0, 1, -1, -1, -1, 0, -2, 1, 0, 1, 0, 0, -1, 0]
[-2, 1, 1, 0, 0, -2, 1, -1, 0, -1, -2, -2, 1, 1, -1, 2, 0, 3, 0, 0, 1, -2]
[-1, -1, 1, 0, 0, -1, 1, 0, 0, 1, -1, -1, -1, 0, -1, 1, 0, 1, -1, 0, -1, 0]
[-2, 1, 2, 0, 0, -2, 0, -2, 0, -1, -2, -2, 1, 1, -2, 2, 0, 3, 1, 0, 1, -2]
[0, -1, 1, 0, -1, -1, 0, 0, 0, 0, 0, 0, 0, 0, 0, 0, 0, 0, -1, 1, -1, 0]
[-3, 1, 2, 0, 1, -2, 1, -2, 0, 0, -3, -3, 0, 1, -3, 3, 0, 4, 1, -1, 1, -2]
[0, 0, 1, 0, 0, -2, 0, -1, -1, 0, 0, 0, 0, 0, -1, 1, 0, 1, -1, 0, 0, -1]
[-3, 0, 2, 0, 0, -1, 1, -1, 1, 0, -3, -3, 0, 1, -2, 2, 0, 3, 1, 0, 0, -1]
[-1, 0, 1, 0, -1, -1, 0, 0, 0, 1, -1, -1, -1, 0, -1, 1, 0, 1, 0, 1, 0, 0]
[-2, 0, 2, 0, 1, -2, 1, -2, 0, -1, -2, -2, 1, 1, -2, 2, 0, 3, 0, -1, 0, -2]
[0, -1, 1, 0, 0, -1, 0, 0, -1, 1, 0, 0, -1, -1, 0, 1, 0, 0, -1, 0, -1, 1]
[-3, 1, 2, 0, 0, -2, 1, -2, 1, -1, -3, -3, 1, 2, -3, 2, 0, 4, 1, 0, 1, -3]
[-1, 0, 1, 0, 0, -2, 1, 0, 0, 0, -1, -1, 0, 0, 0, 1, -1, 2, -1, 0, 0, -1]
[-2, 0, 2, 0, 0, -1, 0, -2, 0, 0, -2, -2, 0, 1, -3, 2, 1, 2, 1, 0, 0, -1]
[-1, 0, 2, 0, 0, -2, 0, -1, 0, 0, -1, -1, 0, 0, -1, 1, -1, 2, 0, 0, 0, -1]
[-2, 0, 1, 0, 0, -1, 1, -1, 0, 0, -2, -2, 0, 1, -2, 2, 1, 2, 0, 0, 0, -1]
[0, 0, 0, -1, -1, 0, 0, 0, 0, 0, 0, 0, 0, 0, -1, 1, 1, 0, -1, 1, 0, 0]
[-3, 0, 3, 1, 1, -3, 1, -2, 0, 0, -3, -3, 0, 1, -2, 2, -1, 4, 1, -1, 0, -2]
[-1, 0, 1, 0, -1, -1, 0, -1, 0, 0, -1, -1, 0, 1, -2, 1, 1, 1, 0, 1, 0, -1]
[-2, 0, 2, 0, 1, -2, 1, -1, 0, 0, -2, -2, 0, 0, -1, 2, -1, 3, 0, -1, 0, -1]
[0, -1, 1, 0, 0, -1, 0, -1, -1, 0, 0, 0, 0, 0, -1, 1, 1, 0, -1, 0, -1, 0]
[-3, 1, 2, 0, 0, -2, 1, -1, 1, 0, -3, -3, 0, 1, -2, 2, -1, 4, 1, 0, 1, -2]
[-1, 0, 1, 0, 0, -1, 0, -1, 0, 1, -1, -1, -1, 0, -2, 2, 1, 1, 0, 1, 0, 0]
[-2, 0, 2, 0, 0, -2, 1, -1, 0, -1, -2, -2, 1, 1, -1, 1, -1, 3, 0, -1, 0, -2]
[-1, -1, 1, 0, -1, 0, 0, 0, 0, 1, -1, -1, -1, 0, -1, 1, 1, 0, 0, 1, -1, 1]
[-2, 1, 2, 0, 1, -3, 1, -2, 0, -1, -2, -2, 1, 1, -2, 2, -1, 4, 0, -1, 1, -3]
[-1, 0, 1, 0, 0, -1, 0, -1, -1, 1, -1, -1, -1, 0, -2, 2, 1, 1, 0, 0, 0, 0]
[-2, 0, 2, 0, 0, -2, 1, -1, 1, -1, -2, -2, 1, 1, -1, 1, -1, 3, 0, 0, 0, -2]
[-1, 0, 1, -1, -2, 0, 0, 0, 1, -1, -1, -1, 1, 1, -1, 0, 0, 1, 0, 1, 0, -1]
[-2, 0, 2, 1, 2, -3, 1, -2, -1, 1, -2, -2, -1, 0, -2, 3, 0, 3, 0, -1, 0, -1]
[-1, 0, 1, 0, 0, -2, 1, -1, 0, -1, -1, -1, 1, 1, -1, 1, 0, 2, -1, 0, 0, -2]
[-2, 0, 2, 0, 0, -1, 0, -1, 0, 1, -2, -2, -1, 0, -2, 2, 0, 2, 1, 0, 0, 0]
[-1, 0, 2, 0, 0, -2, 0, -2, 0, -1, -1, -1, 1, 1, -2, 1, 0, 2, 0, 0, 0, -2]
[-2, 0, 1, 0, 0, -1, 1, 0, 0, 1, -2, -2, -1, 0, -1, 2, 0, 2, 0, 0, 0, 0]
[-1, 0, 1, -1, -1, 0, 0, 0, 1, 0, -1, -1, 0, 0, -1, 1, 0, 1, 0, 1, 0, 0]
[-2, 0, 2, 1, 1, -3, 1, -2, -1, 0, -2, -2, 0, 1, -2, 2, 0, 3, 0, -1, 0, -2]
[-1, 0, 1, -1, -1, 0, 0, 0, 0, 0, -1, -1, 0, 0, -1, 1, 0, 1, 0, 0, 0, 0]
[-2, 0, 2, 1, 1, -3, 1, -2, 0, 0, -2, -2, 0, 1, -2, 2, 0, 3, 0, 0, 0, -2]
[-1, 0, 2, 0, 1, -2, 0, -2, -1, 0, -1, -1, 0, 0, -2, 2, 0, 2, 0, -1, 0, -1]
[-2, 0, 1, 0, -1, -1, 1, 0, 1, 0, -2, -2, 0, 1, -1, 1, 0, 2, 0, 1, 0, -1]
[-1, -1, 2, 0, 0, -1, 0, -1, 0, 0, -1, -1, 0, 0, -1, 1, 0, 1, 0, 0, -1, 0]
[-2, 1, 1, 0, 0, -2, 1, -1, 0, 0, -2, -2, 0, 1, -2, 2, 0, 3, 0, 0, 1, -2]
[-1, 0, 1, 0, 1, -2, 1, -1, -1, 0, -1, -1, 0, 0, -1, 2, 0, 2, -1, -1, 0, -1]
[-2, 0, 2, 0, -1, -1, 0, -1, 1, 0, -2, -2, 0, 1, -2, 1, 0, 2, 1, 1, 0, -1]
[-1, -1, 1, 0, 0, -1, 1, 0, 0, 0, -1, -1, 0, 0, 0, 1, 0, 1, -1, 0, -1, 0]
[-2, 1, 2, 0, 0, -2, 0, -2, 0, 0, -2, -2, 0, 1, -3, 2, 0, 3, 1, 0, 1, -2]
[-1, 0, 1, 0, 1, -2, 1, -1, 0, 0, -1, -1, 0, 0, -1, 2, 0, 2, -1, 0, 0, -1]
[-2, 0, 2, 0, -1, -1, 0, -1, 0, 0, -2, -2, 0, 1, -2, 1, 0, 2, 1, 0, 0, -1]

################
# DISCRIMINANT #
################

We did not manage to compute the discriminant.
The restriction of the discriminant to the line we chose had 3 components of degree 1, 2 components of degree 2, 1 component of degree 4, 1 component of degree 5, and 1 component of degree 10.
The equation of the line we chose is:
(-3*x^4 - 6*x^2*y^2 - 3*y^4 - 6*x^3*z - 6*x*y^2*z + 4*x^2*z^2 - 2*y^2*z^2 + 7*x*z^3 + 5*z^4 - 6*x^2*y*w - 6*y^3*w - 13*x^2*z*w - 6*x*y*z*w + 13*y^2*z*w - 13*x*z^2*w - 2*y*z^2*w - 3*z^3*w - 2*x^2*w^2 + 4*y^2*w^2 - 2*x*z*w^2 + 13*y*z*w^2 - 9*z^2*w^2 + 7*y*w^3 + 3*z*w^3 + 5*w^4)*t - 64*x^4 - 10*x^2*y^2 - 64*y^4 - 128*x^3*z - 10*x*y^2*z + 31*x^2*z^2 + 64*y^2*z^2 + 95*x*z^3 - 89*z^4 - 10*x^2*y*w - 128*y^3*w - 70*x^2*z*w - 10*x*y*z*w + 70*y^2*z*w - 70*x*z^2*w + 64*y*z^2*w - 20*z^3*w + 64*x^2*w^2 + 31*y^2*w^2 + 64*x*z*w^2 + 70*y*z*w^2 + 4*z^2*w^2 + 95*y*w^3 + 20*z*w^3 - 89*w^4

#############
# MONODROMY #
#############


Generators of the monodromy group on the second homology group:
[[0, -1, -1, -1, 1, -1, 0, 1, 0, 0, 1, 0, 1, 1, 0, 1, -1, 0, 1, 1, 0, 1], [0, 0, 0, 0, 0, 0, 0, 0, 0, 0, 0, 0, 0, 0, 0, 0, 0, 0, 0, 0, 1, 0], [0, 1, 1, 0, 0, 0, 0, 0, 0, 0, 0, 0, 0, 0, 0, 0, 0, 0, 0, 0, -1, 0], [0, 0, 0, 0, 1, 0, 0, 0, 0, 0, 0, 0, 0, 0, 0, 0, 0, 0, 0, 1, 0, 0], [0, 0, 0, 0, 1, 0, 0, 0, 0, 0, 0, 0, 0, 0, 0, 0, 0, 0, 0, 0, 0, 0], [0, 0, 0, 1, -1, 1, 0, 0, 0, 0, 0, 0, 0, 0, 0, 0, 0, 0, 0, -1, 0, 0], [1, 1, 1, 1, -1, 1, 1, -1, 0, 0, -1, 0, -1, -1, 0, -1, 1, 0, -1, -1, 0, -1], [1, 1, 1, 1, -1, 1, 0, 0, 0, 0, -1, 0, -1, -1, 0, -1, 1, 0, -1, -1, 0, -1], [1, 1, 1, 1, -1, 1, 0, -1, 1, 0, -1, 0, -1, -1, 0, -1, 1, 0, -1, -1, 0, -1], [0, 0, 0, 0, 0, 0, 0, 0, 0, 1, 0, 0, 0, 0, 0, 0, 0, 0, 0, 0, 0, 0], [-1, -2, -1, -1, 1, -1, 0, 1, 0, 0, 2, 0, 1, 1, 0, 1, -1, 0, 1, 1, 1, 1], [0, -1, 0, 0, 0, 0, 0, 0, 0, 0, 0, 0, 0, 0, 1, 0, 0, 0, 0, 0, 1, 0], [0, -1, 0, 0, 0, 0, 0, 0, 0, 0, 0, 0, 1, 0, 0, 0, 0, 0, 0, 0, 1, 0], [0, 0, 0, 0, 0, 0, 0, 0, 0, 0, 0, 0, 0, 1, 0, 0, 0, 0, 0, 0, 0, 0], [0, -1, 0, 0, 0, 0, 0, 0, 0, 0, 0, 1, 0, 0, 0, 0, 0, 0, 0, 0, 1, 0], [0, 1, 0, 0, 0, 0, 0, 0, 0, 0, 0, 0, 0, 0, 0, 1, 0, 0, 0, 0, -1, 0], [-1, -1, -1, 0, 0, -1, 0, 1, 0, 0, 1, 0, 1, 1, 0, 1, 0, 0, 1, 0, 0, 1], [1, 2, 1, 1, -1, 1, 0, -1, 0, 0, -1, 0, -1, -1, 0, -1, 1, 1, -1, -1, -1, -1], [0, 1, 0, 0, 0, 0, 0, 0, 0, 0, 0, 0, 0, 0, 0, 0, 0, 0, 1, 0, -1, 0], [0, 0, 0, 1, -1, 0, 0, 0, 0, 0, 0, 0, 0, 0, 0, 0, 0, 0, 0, 0, 0, 0], [0, 1, 0, 0, 0, 0, 0, 0, 0, 0, 0, 0, 0, 0, 0, 0, 0, 0, 0, 0, 0, 0], [0, 0, 0, 0, 0, 0, 0, 0, 0, 0, 0, 0, 0, 0, 0, 0, 0, 0, 0, 0, 0, 1]]
[[1, 0, 0, 0, 0, 0, 0, 0, 0, 0, 0, 0, 0, 0, 0, 0, 0, 0, 0, 0, 0, 0], [0, 1, 0, 0, 0, 0, 0, 0, 0, 0, 0, 0, 0, 0, 0, 0, 0, 0, 0, 0, 0, 0], [0, 0, 1, 0, 0, 0, 0, 0, 0, 0, 0, 0, 0, 0, 0, 0, 0, 0, 0, 0, 0, 0], [0, 0, 0, 1, 0, 0, 0, 0, 0, 0, 0, 0, 0, 0, 0, 0, 0, 0, 0, 0, 0, 0], [0, 0, 0, 0, 1, 0, 0, 0, 0, 0, 0, 0, 0, 0, 0, 0, 0, 0, 0, 0, 0, 0], [0, 0, 0, 0, 0, 1, 0, 0, 0, 0, 0, 0, 0, 0, 0, 0, 0, 0, 0, 0, 0, 0], [0, 0, 0, 0, 0, 0, 1, 0, 0, 0, 0, 0, 0, 0, 0, 0, 0, 0, 0, 0, 0, 0], [0, 0, 0, 0, 0, 0, 0, 1, 0, 0, 0, 0, 0, 0, 0, 0, 0, 0, 0, 0, 0, 0], [0, 0, 0, 0, 0, 0, 0, 0, 1, 0, 0, 0, 0, 0, 0, 0, 0, 0, 0, 0, 0, 0], [0, 0, 0, 0, 0, 0, 0, 0, 0, 1, 0, 0, 0, 0, 0, 0, 0, 0, 0, 0, 0, 0], [0, 0, 0, 0, 0, 0, 0, 0, 0, 0, 1, 0, 0, 0, 0, 0, 0, 0, 0, 0, 0, 0], [0, 0, 0, 0, 0, 0, 0, 0, 0, 0, 0, 1, 0, 0, 0, 0, 0, 0, 0, 0, 0, 0], [0, 0, 0, 0, 0, 0, 0, 0, 0, 0, 0, 0, 1, 0, 0, 0, 0, 0, 0, 0, 0, 0], [0, 0, 0, 0, 0, 0, 0, 0, 0, 0, 0, 0, 0, 1, 0, 0, 0, 0, 0, 0, 0, 0], [0, 0, 0, 0, 0, 0, 0, 0, 0, 0, 0, 0, 0, 0, 1, 0, 0, 0, 0, 0, 0, 0], [0, 0, 0, 0, 0, 0, 0, 0, 0, 0, 0, 0, 0, 0, 0, 1, 0, 0, 0, 0, 0, 0], [0, 0, 0, 0, 0, 0, 0, 0, 0, 0, 0, 0, 0, 0, 0, 0, 1, 0, 0, 0, 0, 0], [0, 0, 0, 0, 0, 0, 0, 0, 0, 0, 0, 0, 0, 0, 0, 0, 0, 1, 0, 0, 0, 0], [0, 0, 0, 0, 0, 0, 0, 0, 0, 0, 0, 0, 0, 0, 0, 0, 0, 0, 1, 0, 0, 0], [0, 0, 0, 0, 0, 0, 0, 0, 0, 0, 0, 0, 0, 0, 0, 0, 0, 0, 0, 1, 0, 0], [0, 0, 0, 0, 0, 0, 0, 0, 0, 0, 0, 0, 0, 0, 0, 0, 0, 0, 0, 0, 1, 0], [0, 0, 0, 0, 0, 0, 0, 0, 0, 0, 0, 0, 0, 0, 0, 0, 0, 0, 0, 0, 0, 1]]
[[1, 0, 0, 0, 0, 0, 0, 0, 0, 0, 0, 0, 0, 0, 0, 0, 0, 0, 0, 0, 0, 0], [0, 1, 1, 0, 0, 0, 1, 2, -1, 0, 2, -1, 1, 0, -1, 0, 0, 0, 1, 0, 0, 0], [0, 0, -2, -1, 0, 0, -2, -3, 0, -2, -5, 0, -3, -1, 1, -2, 0, 0, -3, 0, 0, 0], [0, 0, -2, -1, 0, 0, -2, -2, 0, -2, -4, 0, -2, -2, 0, -2, 0, 0, -2, 0, 0, 0], [0, 0, -2, -2, 1, 0, -2, -2, 0, -2, -4, 0, -2, -2, 0, -2, 0, 0, -2, 0, 0, 0], [-2, -2, 2, 1, 1, -1, 2, 4, 1, 4, 7, 1, 4, 4, 0, 4, 0, -1, 4, 0, 1, 0], [0, 0, 1, 0, 0, 0, 1, 0, 1, 1, 1, 1, 1, 0, 0, 1, 0, 0, 1, 0, 0, 0], [0, 0, 3, 2, 0, 0, 2, 3, 1, 3, 5, 1, 3, 2, 0, 3, 0, 0, 3, 0, 0, 0], [0, 0, 1, 1, 0, 0, 1, 1, 1, 1, 2, 0, 1, 1, 0, 1, 0, 0, 1, 0, 0, 0], [0, 0, 0, 0, 0, 0, 0, 0, 0, 1, 0, 0, 0, 0, 0, 0, 0, 0, 0, 0, 0, 0], [0, 0, 1, 0, 0, 0, 1, 2, -1, 0, 3, -1, 1, 0, -1, 0, 0, 0, 1, 0, 0, 0], [0, 0, 2, 1, 0, 0, 2, 3, -1, 1, 4, 0, 2, 1, -1, 1, 0, 0, 2, 0, 0, 0], [0, 0, 0, 0, 0, 0, 0, 0, 0, 0, 0, 0, 1, 0, 0, 0, 0, 0, 0, 0, 0, 0], [0, 0, 0, 0, 0, 0, 0, 0, 0, 0, 0, 0, 0, 1, 0, 0, 0, 0, 0, 0, 0, 0], [0, 0, 3, 1, 0, 0, 2, 3, 0, 2, 5, 0, 3, 1, 0, 2, 0, 0, 3, 0, 0, 0], [0, 0, -1, -1, 0, 0, -1, -1, 0, -1, -2, 0, -1, -1, 0, 0, 0, 0, -1, 0, 0, 0], [0, 0, 0, 0, 0, 0, 0, 0, 0, 0, 0, 0, 0, 0, 0, 0, 1, 0, 0, 0, 0, 0], [0, 0, 0, 0, 0, 0, 0, 0, 0, 0, 0, 0, 0, 0, 0, 0, 0, 1, 0, 0, 0, 0], [0, 0, -2, 0, 0, 0, -1, -2, 0, -1, -3, 0, -2, 0, 1, -1, 0, 0, -1, 0, 0, 0], [0, 0, 1, 1, 0, 0, 1, 1, 0, 1, 2, 0, 1, 1, 0, 1, 0, 0, 1, 1, 0, 0], [0, 0, 0, 0, 0, 0, 0, 0, 0, 0, 0, 0, 0, 0, 0, 0, 0, 0, 0, 0, 1, 0], [0, 0, 0, 0, 0, 0, 0, 0, 0, 0, 0, 0, 0, 0, 0, 0, 0, 0, 0, 0, 0, 1]]
[[1, 0, 0, 0, 0, 0, 0, 0, 0, 0, 0, 0, 0, 0, 0, 0, 0, 0, 0, 0, 0, 0], [0, 1, 0, 0, 0, 0, 0, 0, 0, 0, 0, 0, 0, 0, 0, 0, 0, 0, 0, 0, 0, 0], [0, 0, 1, 0, 0, 0, 0, 0, 0, 0, 0, 0, 0, 0, 0, 0, 0, 0, 0, 0, 0, 0], [0, 0, 0, 1, 0, 0, 0, 0, 0, 0, 0, 0, 0, 0, 0, 0, 0, 0, 0, 0, 0, 0], [0, 0, 0, 0, 1, 0, 0, 0, 0, 0, 0, 0, 0, 0, 0, 0, 0, 0, 0, 0, 0, 0], [0, 0, 0, 0, 0, 1, 0, 0, 0, 0, 0, 0, 0, 0, 0, 0, 0, 0, 0, 0, 0, 0], [0, 0, 0, 0, 0, 0, 1, 0, 0, 0, 0, 0, 0, 0, 0, 0, 0, 0, 0, 0, 0, 0], [0, 0, 0, 0, 0, 0, 0, 1, 0, 0, 0, 0, 0, 0, 0, 0, 0, 0, 0, 0, 0, 0], [0, 0, 0, 0, 0, 0, 0, 0, 1, 0, 0, 0, 0, 0, 0, 0, 0, 0, 0, 0, 0, 0], [0, 0, 0, 0, 0, 0, 0, 0, 0, 1, 0, 0, 0, 0, 0, 0, 0, 0, 0, 0, 0, 0], [0, 0, 0, 0, 0, 0, 0, 0, 0, 0, 1, 0, 0, 0, 0, 0, 0, 0, 0, 0, 0, 0], [0, 0, 0, 0, 0, 0, 0, 0, 0, 0, 0, 1, 0, 0, 0, 0, 0, 0, 0, 0, 0, 0], [0, 0, 0, 0, 0, 0, 0, 0, 0, 0, 0, 0, 1, 0, 0, 0, 0, 0, 0, 0, 0, 0], [0, 0, 0, 0, 0, 0, 0, 0, 0, 0, 0, 0, 0, 1, 0, 0, 0, 0, 0, 0, 0, 0], [0, 0, 0, 0, 0, 0, 0, 0, 0, 0, 0, 0, 0, 0, 1, 0, 0, 0, 0, 0, 0, 0], [0, 0, 0, 0, 0, 0, 0, 0, 0, 0, 0, 0, 0, 0, 0, 1, 0, 0, 0, 0, 0, 0], [0, 0, 0, 0, 0, 0, 0, 0, 0, 0, 0, 0, 0, 0, 0, 0, 1, 0, 0, 0, 0, 0], [0, 0, 0, 0, 0, 0, 0, 0, 0, 0, 0, 0, 0, 0, 0, 0, 0, 1, 0, 0, 0, 0], [0, 0, 0, 0, 0, 0, 0, 0, 0, 0, 0, 0, 0, 0, 0, 0, 0, 0, 1, 0, 0, 0], [0, 0, 0, 0, 0, 0, 0, 0, 0, 0, 0, 0, 0, 0, 0, 0, 0, 0, 0, 1, 0, 0], [0, 0, 0, 0, 0, 0, 0, 0, 0, 0, 0, 0, 0, 0, 0, 0, 0, 0, 0, 0, 1, 0], [0, 0, 0, 0, 0, 0, 0, 0, 0, 0, 0, 0, 0, 0, 0, 0, 0, 0, 0, 0, 0, 1]]
[[0, -1, 0, 1, -1, 0, 0, 0, 0, 0, 1, 0, 0, -1, 0, -1, 1, 1, 0, -1, 1, 0], [-1, 0, -1, 0, 0, 0, 0, 0, 0, 0, 1, 0, 0, 0, -1, 0, 0, 0, 0, 0, 0, 0], [2, 2, 1, -1, 1, 0, 0, 0, 0, 0, -2, 0, 0, 1, 0, 1, -1, -1, 0, 1, -2, 0], [2, 2, 1, 0, 1, 0, -1, 0, 0, 0, -3, 0, -1, 2, 1, 0, 0, -1, -1, 0, -1, 0], [2, 2, 1, -1, 2, 0, -1, 0, 0, 0, -3, 0, -1, 2, 1, 0, 0, -1, -1, 0, -1, 0], [-2, -2, 0, 2, -2, 1, 1, 0, 0, 0, 3, 0, 1, -3, 0, -1, 1, 2, 1, -1, 2, 0], [-1, -1, 0, 0, 0, 0, 1, 0, 0, 0, 1, 0, 0, 0, 0, 0, 0, 0, 0, 0, 1, 0], [-2, -2, 0, 1, -1, 0, 0, 1, 0, 0, 2, 0, 0, -1, 0, -1, 1, 1, 0, -1, 2, 0], [-1, -1, 0, 0, 0, 0, 0, 0, 1, 0, 1, 0, 0, 0, 0, 0, 0, 0, 0, 0, 1, 0], [0, 0, 1, 0, 0, 0, 0, 0, 0, 1, 0, 0, 0, 0, 1, 0, 0, 0, 0, 0, 1, 0], [0, 0, 0, 1, -1, 0, 0, 0, 0, 0, 1, 0, 0, -1, 0, -1, 1, 1, 0, -1, 0, 0], [-1, -1, 0, 1, -1, 0, 0, 0, 0, 0, 1, 1, 0, -1, 0, -1, 1, 1, 0, -1, 1, 0], [-2, -2, -1, 0, 0, 0, 0, 0, 0, 0, 2, 0, 1, 0, -1, 0, 0, 0, 0, 0, 1, 0], [-1, -1, -1, 0, 0, 0, 1, 0, 0, 0, 2, 0, 1, 0, -1, 1, -1, 0, 1, 1, 0, 0], [-2, -2, -1, 1, -1, 0, 0, 0, 0, 0, 2, 0, 0, -1, 0, -1, 1, 1, 0, -1, 1, 0], [1, 1, 0, 0, 0, 0, 0, 0, 0, 0, -1, 0, 0, 0, 0, 1, 0, 0, 0, 0, -1, 0], [0, 0, 0, 1, -1, 0, 1, 0, 0, 0, 1, 0, 1, -2, 0, 0, 1, 1, 1, 0, 0, 0], [0, 0, -1, -2, 2, 0, 0, 0, 0, 0, 0, 0, 0, 2, -1, 2, -2, -1, 0, 2, -1, 0], [1, 1, 0, -1, 1, 0, 0, 0, 0, 0, -1, 0, 0, 1, 0, 1, -1, -1, 1, 1, -1, 0], [0, 0, 0, 1, -1, 0, 0, 0, 0, 0, 0, 0, 0, -1, 0, -1, 1, 1, 0, 0, 0, 0], [0, 0, -1, 0, 0, 0, 0, 0, 0, 0, 0, 0, 0, 0, -1, 0, 0, 0, 0, 0, 0, 0], [1, 1, 1, 1, -1, 0, 0, 0, 0, 0, -1, 0, 0, -1, 1, -1, 1, 1, 0, -1, 0, 1]]
[[-2, -3, -3, 0, 0, 0, 0, 0, 0, 0, 3, 0, 2, 0, -1, 2, -2, 0, 2, 0, 1, 0], [0, 0, 0, 1, -1, 0, 2, 1, -1, 0, 4, 0, 1, 0, -1, 1, -1, 2, 2, 1, -1, 1], [2, 3, 3, 0, 0, 0, -1, 0, 0, 0, -4, 0, -2, 0, 1, -2, 2, -1, -2, -1, -1, -1], [2, 3, 2, 0, 1, 0, -2, -1, 1, 0, -6, 0, -2, 0, 2, -2, 2, -2, -3, -1, 0, -1], [2, 3, 2, 0, 1, 0, -1, 0, 0, 0, -4, 0, -2, 0, 1, -2, 2, -1, -2, -1, -1, -1], [-2, -3, -2, 0, 0, 1, 1, 0, 0, 0, 4, 0, 2, 0, -1, 2, -2, 1, 2, 1, 1, 1], [1, 1, 1, 0, 0, 0, 1, 0, 0, 0, -1, 0, -1, 0, 0, -1, 1, 0, -1, 0, 0, 0], [-1, -1, -1, -1, 1, 0, -1, 0, 1, 0, -1, 0, 0, 0, 0, 0, 0, -1, -1, 0, 2, 0], [1, 1, 1, 0, 0, 0, 0, 0, 1, 0, -1, 0, -1, 0, 0, -1, 1, 0, -1, 0, 0, 0], [0, 0, 0, -1, 1, 0, -1, -1, 1, 1, -2, 0, 0, 0, 1, 0, 0, -1, -1, 0, 1, 0], [-3, -3, -3, 0, 0, 0, 0, 0, 0, 0, 4, 0, 2, 0, -1, 2, -2, 0, 2, 0, 1, 0], [-2, -2, -2, -1, 1, 0, -1, -1, 1, 0, 0, 1, 1, 0, 0, 1, -1, -1, 0, 0, 2, 0], [-1, -2, -1, 1, -1, 0, 2, 1, -1, 0, 5, 0, 2, 0, -2, 1, -1, 2, 2, 1, 0, 1], [0, -1, 0, 1, -1, 0, 2, 1, -1, 0, 4, 0, 1, 1, -1, 1, -1, 2, 2, 1, -1, 1], [-3, -3, -3, 0, 0, 0, 0, 0, 0, 0, 3, 0, 1, 0, -1, 1, -1, 0, 1, 0, 2, 0], [1, 1, 1, 1, -1, 0, 1, 1, -1, 0, 1, 0, 0, 0, 0, 1, 0, 1, 1, 0, -2, 0], [-2, -3, -2, 1, -1, 0, 2, 1, -1, 0, 6, 0, 3, 0, -1, 3, -2, 2, 4, 1, -1, 1], [3, 3, 3, 1, -1, 0, 1, 1, -1, 0, -1, 0, -2, 0, 0, -2, 2, 2, -1, 0, -2, 0], [2, 2, 2, 0, 0, 0, 0, 0, 0, 0, -2, 0, -1, 0, 1, -1, 1, 0, 0, 0, -1, 0], [-1, -1, -1, 0, 0, 0, 0, 0, 0, 0, 1, 0, 1, 0, 0, 1, -1, 0, 1, 1, 0, 0], [1, 1, 1, 1, -1, 0, 1, 1, -1, 0, 1, 0, 0, 0, 0, 0, 0, 1, 1, 0, -1, 0], [-1, 0, -1, -1, 1, 0, -2, -1, 1, 0, -3, 0, 0, 0, 1, 0, 0, -2, -1, -1, 1, 0]]
[[1, 0, 0, 0, 0, 0, 0, 0, 0, 0, 0, 0, 0, 0, 0, 0, 0, 0, 0, 0, 0, 0], [0, 1, 0, 0, 0, 0, 0, 0, 0, 0, 0, 0, 0, 0, 0, 0, 0, 0, 0, 0, 0, 0], [0, 0, 1, 0, 0, 0, 0, 0, 0, 0, 0, 0, 0, 0, 0, 0, 0, 0, 0, 0, 0, 0], [0, 0, 0, 1, 0, 0, 0, 0, 0, 0, 0, 0, 0, 0, 0, 0, 0, 0, 0, 0, 0, 0], [0, 0, 0, 0, 1, 0, 0, 0, 0, 0, 0, 0, 0, 0, 0, 0, 0, 0, 0, 0, 0, 0], [0, 0, 0, 0, 0, 1, 0, 0, 0, 0, 0, 0, 0, 0, 0, 0, 0, 0, 0, 0, 0, 0], [0, 0, 0, 0, 0, 0, 1, 0, 0, 0, 0, 0, 0, 0, 0, 0, 0, 0, 0, 0, 0, 0], [0, 0, 0, 0, 0, 0, 0, 1, 0, 0, 0, 0, 0, 0, 0, 0, 0, 0, 0, 0, 0, 0], [0, 0, 0, 0, 0, 0, 0, 0, 1, 0, 0, 0, 0, 0, 0, 0, 0, 0, 0, 0, 0, 0], [0, 0, 0, 0, 0, 0, 0, 0, 0, 1, 0, 0, 0, 0, 0, 0, 0, 0, 0, 0, 0, 0], [0, 0, 0, 0, 0, 0, 0, 0, 0, 0, 1, 0, 0, 0, 0, 0, 0, 0, 0, 0, 0, 0], [0, 0, 0, 0, 0, 0, 0, 0, 0, 0, 0, 1, 0, 0, 0, 0, 0, 0, 0, 0, 0, 0], [0, 0, 0, 0, 0, 0, 0, 0, 0, 0, 0, 0, 1, 0, 0, 0, 0, 0, 0, 0, 0, 0], [0, 0, 0, 0, 0, 0, 0, 0, 0, 0, 0, 0, 0, 1, 0, 0, 0, 0, 0, 0, 0, 0], [0, 0, 0, 0, 0, 0, 0, 0, 0, 0, 0, 0, 0, 0, 1, 0, 0, 0, 0, 0, 0, 0], [0, 0, 0, 0, 0, 0, 0, 0, 0, 0, 0, 0, 0, 0, 0, 1, 0, 0, 0, 0, 0, 0], [0, 0, 0, 0, 0, 0, 0, 0, 0, 0, 0, 0, 0, 0, 0, 0, 1, 0, 0, 0, 0, 0], [0, 0, 0, 0, 0, 0, 0, 0, 0, 0, 0, 0, 0, 0, 0, 0, 0, 1, 0, 0, 0, 0], [0, 0, 0, 0, 0, 0, 0, 0, 0, 0, 0, 0, 0, 0, 0, 0, 0, 0, 1, 0, 0, 0], [0, 0, 0, 0, 0, 0, 0, 0, 0, 0, 0, 0, 0, 0, 0, 0, 0, 0, 0, 1, 0, 0], [0, 0, 0, 0, 0, 0, 0, 0, 0, 0, 0, 0, 0, 0, 0, 0, 0, 0, 0, 0, 1, 0], [0, 0, 0, 0, 0, 0, 0, 0, 0, 0, 0, 0, 0, 0, 0, 0, 0, 0, 0, 0, 0, 1]]
[[1, 0, 0, 0, 0, 0, 0, 0, 0, 0, 0, 0, 0, 0, 0, 0, 0, 0, 0, 0, 0, 0], [0, 1, 0, 0, 0, 0, 0, 0, 0, 0, 0, 0, 0, 0, 0, 0, 0, 0, 0, 0, 0, 0], [0, 0, 1, 0, 0, 0, 0, 0, 0, 0, 0, 0, 0, 0, 0, 0, 0, 0, 0, 0, 0, 0], [0, 0, 0, 1, 0, 0, 0, 0, 0, 0, 0, 0, 0, 0, 0, 0, 0, 0, 0, 0, 0, 0], [0, 0, 0, 0, 1, 0, 0, 0, 0, 0, 0, 0, 0, 0, 0, 0, 0, 0, 0, 0, 0, 0], [0, 0, 0, 0, 0, 1, 0, 0, 0, 0, 0, 0, 0, 0, 0, 0, 0, 0, 0, 0, 0, 0], [0, 0, 0, 0, 0, 0, 1, 0, 0, 0, 0, 0, 0, 0, 0, 0, 0, 0, 0, 0, 0, 0], [0, 0, 0, 0, 0, 0, 0, 1, 0, 0, 0, 0, 0, 0, 0, 0, 0, 0, 0, 0, 0, 0], [0, 0, 0, 0, 0, 0, 0, 0, 1, 0, 0, 0, 0, 0, 0, 0, 0, 0, 0, 0, 0, 0], [0, 0, 0, 0, 0, 0, 0, 0, 0, 1, 0, 0, 0, 0, 0, 0, 0, 0, 0, 0, 0, 0], [0, 0, 0, 0, 0, 0, 0, 0, 0, 0, 1, 0, 0, 0, 0, 0, 0, 0, 0, 0, 0, 0], [0, 0, 0, 0, 0, 0, 0, 0, 0, 0, 0, 1, 0, 0, 0, 0, 0, 0, 0, 0, 0, 0], [0, 0, 0, 0, 0, 0, 0, 0, 0, 0, 0, 0, 1, 0, 0, 0, 0, 0, 0, 0, 0, 0], [0, 0, 0, 0, 0, 0, 0, 0, 0, 0, 0, 0, 0, 1, 0, 0, 0, 0, 0, 0, 0, 0], [0, 0, 0, 0, 0, 0, 0, 0, 0, 0, 0, 0, 0, 0, 1, 0, 0, 0, 0, 0, 0, 0], [0, 0, 0, 0, 0, 0, 0, 0, 0, 0, 0, 0, 0, 0, 0, 1, 0, 0, 0, 0, 0, 0], [0, 0, 0, 0, 0, 0, 0, 0, 0, 0, 0, 0, 0, 0, 0, 0, 1, 0, 0, 0, 0, 0], [0, 0, 0, 0, 0, 0, 0, 0, 0, 0, 0, 0, 0, 0, 0, 0, 0, 1, 0, 0, 0, 0], [0, 0, 0, 0, 0, 0, 0, 0, 0, 0, 0, 0, 0, 0, 0, 0, 0, 0, 1, 0, 0, 0], [0, 0, 0, 0, 0, 0, 0, 0, 0, 0, 0, 0, 0, 0, 0, 0, 0, 0, 0, 1, 0, 0], [0, 0, 0, 0, 0, 0, 0, 0, 0, 0, 0, 0, 0, 0, 0, 0, 0, 0, 0, 0, 1, 0], [0, 0, 0, 0, 0, 0, 0, 0, 0, 0, 0, 0, 0, 0, 0, 0, 0, 0, 0, 0, 0, 1]]
[[1, 0, 0, 0, 0, 0, 0, 0, 0, 0, 0, 0, 0, 0, 0, 0, 0, 0, 0, 0, 0, 0], [0, 1, 0, 0, 0, 0, 0, 0, 0, 0, 0, 0, 0, 0, 0, 0, 0, 0, 0, 0, 0, 0], [0, 0, 1, 0, 0, 0, 0, 0, 0, 0, 0, 0, 0, 0, 0, 0, 0, 0, 0, 0, 0, 0], [0, 0, 0, 1, 0, 0, 0, 0, 0, 0, 0, 0, 0, 0, 0, 0, 0, 0, 0, 0, 0, 0], [0, 0, 0, 0, 1, 0, 0, 0, 0, 0, 0, 0, 0, 0, 0, 0, 0, 0, 0, 0, 0, 0], [0, 0, 0, 0, 0, 1, 0, 0, 0, 0, 0, 0, 0, 0, 0, 0, 0, 0, 0, 0, 0, 0], [0, 0, 0, 0, 0, 0, 1, 0, 0, 0, 0, 0, 0, 0, 0, 0, 0, 0, 0, 0, 0, 0], [0, 0, 0, 0, 0, 0, 0, 1, 0, 0, 0, 0, 0, 0, 0, 0, 0, 0, 0, 0, 0, 0], [0, 0, 0, 0, 0, 0, 0, 0, 1, 0, 0, 0, 0, 0, 0, 0, 0, 0, 0, 0, 0, 0], [0, 0, 0, 0, 0, 0, 0, 0, 0, 1, 0, 0, 0, 0, 0, 0, 0, 0, 0, 0, 0, 0], [0, 0, 0, 0, 0, 0, 0, 0, 0, 0, 1, 0, 0, 0, 0, 0, 0, 0, 0, 0, 0, 0], [0, 0, 0, 0, 0, 0, 0, 0, 0, 0, 0, 1, 0, 0, 0, 0, 0, 0, 0, 0, 0, 0], [0, 0, 0, 0, 0, 0, 0, 0, 0, 0, 0, 0, 1, 0, 0, 0, 0, 0, 0, 0, 0, 0], [0, 0, 0, 0, 0, 0, 0, 0, 0, 0, 0, 0, 0, 1, 0, 0, 0, 0, 0, 0, 0, 0], [0, 0, 0, 0, 0, 0, 0, 0, 0, 0, 0, 0, 0, 0, 1, 0, 0, 0, 0, 0, 0, 0], [0, 0, 0, 0, 0, 0, 0, 0, 0, 0, 0, 0, 0, 0, 0, 1, 0, 0, 0, 0, 0, 0], [0, 0, 0, 0, 0, 0, 0, 0, 0, 0, 0, 0, 0, 0, 0, 0, 1, 0, 0, 0, 0, 0], [0, 0, 0, 0, 0, 0, 0, 0, 0, 0, 0, 0, 0, 0, 0, 0, 0, 1, 0, 0, 0, 0], [0, 0, 0, 0, 0, 0, 0, 0, 0, 0, 0, 0, 0, 0, 0, 0, 0, 0, 1, 0, 0, 0], [0, 0, 0, 0, 0, 0, 0, 0, 0, 0, 0, 0, 0, 0, 0, 0, 0, 0, 0, 1, 0, 0], [0, 0, 0, 0, 0, 0, 0, 0, 0, 0, 0, 0, 0, 0, 0, 0, 0, 0, 0, 0, 1, 0], [0, 0, 0, 0, 0, 0, 0, 0, 0, 0, 0, 0, 0, 0, 0, 0, 0, 0, 0, 0, 0, 1]]
[[0, -1, 0, -1, 1, -1, 1, 3, -1, 1, 4, -1, 1, 2, -1, 1, -1, 0, 2, 1, 0, 0], [-1, -1, 0, -1, 1, -1, 1, 3, -1, 1, 4, 0, 2, 2, -1, 2, -1, 0, 3, 1, 0, 0], [1, 2, 0, 1, -1, 1, -2, -4, 1, -2, -7, 0, -3, -3, 2, -3, 2, 0, -4, -1, 0, 0], [1, 1, 0, 1, 0, 1, -1, -2, 0, -1, -4, 0, -2, -2, 1, -2, 1, 0, -2, 0, 0, -1], [0, 0, -1, 0, 1, 0, -1, -1, 0, -1, -3, 0, -1, -1, 1, -1, 1, 0, -1, 0, 0, 0], [-1, -1, 1, 0, 0, 0, 2, 3, 0, 2, 7, 0, 3, 3, -2, 3, -2, 0, 3, 0, 0, 1], [1, 1, 0, 1, -1, 1, 0, -3, 1, -1, -4, 1, -1, -2, 1, -1, 1, 0, -2, -1, 0, 0], [1, 1, 1, 1, -1, 1, 0, -1, 1, 0, -1, 1, 0, -1, 0, 0, 0, 0, -1, -1, 0, 0], [1, 1, 0, 1, -1, 1, -1, -3, 2, -1, -4, 1, -1, -2, 1, -1, 1, 0, -2, -1, 0, 0], [1, 1, 0, 1, -1, 1, -1, -3, 1, 0, -4, 1, -1, -2, 1, -1, 1, 0, -2, -1, 0, 0], [-2, -3, 0, -2, 2, -2, 2, 6, -2, 2, 9, -1, 3, 4, -2, 3, -2, 0, 5, 2, 0, 0], [-1, -1, 0, -1, 1, -1, 1, 3, -1, 1, 4, 0, 1, 2, -1, 1, -1, 0, 2, 1, 0, 0], [-1, -1, 0, -1, 1, -1, 1, 3, -1, 1, 4, -1, 2, 2, -1, 1, -1, 0, 2, 1, 0, 0], [0, 0, 0, 0, 0, 0, 0, 0, 0, 0, 0, 0, 0, 1, 0, 0, 0, 0, 0, 0, 0, 0], [-1, -2, 1, -1, 1, -1, 2, 4, -1, 2, 7, 0, 3, 3, -1, 3, -2, 0, 4, 1, 0, 0], [0, 0, 0, 0, 0, 0, 0, 0, 0, 0, 0, 0, 0, 0, 0, 1, 0, 0, 0, 0, 0, 0], [-1, -1, 1, -1, 1, -1, 2, 4, -1, 2, 7, -1, 2, 3, -2, 2, -1, 0, 3, 1, 0, 0], [0, 0, -1, 1, -1, 0, -1, -2, 1, -1, -3, 1, 0, -1, 1, 0, 1, 1, -1, -1, 0, 1], [1, 2, 0, 1, -1, 1, -1, -3, 1, -1, -4, 0, -2, -2, 1, -2, 1, 0, -2, -1, 0, 0], [0, 0, 1, 0, 0, 0, 1, 1, 0, 1, 3, 0, 1, 1, -1, 1, -1, 0, 1, 1, 0, 0], [0, 0, 0, 0, 0, 0, 0, 0, 0, 0, 0, 0, 0, 0, 0, 0, 0, 0, 0, 0, 1, 0], [1, 1, 1, 0, 0, 1, 0, -1, 0, 0, -1, 0, -1, -1, 0, -1, 0, 0, -1, 0, 0, 0]]
[[0, 0, 1, 0, 1, 0, 1, 3, -1, 1, 4, -1, 0, 2, -1, 1, -1, -1, 2, 0, 0, -2], [0, 0, 0, 0, 0, 0, 0, 0, 0, -1, 0, 1, 0, 0, 0, 1, 0, 0, 1, 0, -1, 0], [0, 0, -1, -1, 0, -1, -1, -2, 1, 0, -3, 1, 0, -1, 1, 0, 0, 0, -1, 1, 0, 1], [-1, -1, -1, -1, 1, 0, -1, -1, 0, 0, -1, 0, 0, 0, 0, 0, -1, -1, -1, 1, 1, 0], [0, 0, 0, 0, 1, 0, 0, 0, 0, 0, 0, 0, 0, 0, 0, 0, 0, 0, 0, 2, 0, 0], [1, 1, 1, 2, -1, 1, 1, 1, 0, 0, 1, -1, 0, 0, 0, -1, 1, 1, 0, -2, 0, 0], [1, 1, 1, 1, -1, 1, 1, -1, 0, 0, -1, 0, 0, -1, 0, -1, 1, 1, -1, 0, 0, 1], [1, 1, 2, 2, -1, 2, 0, 0, 0, 1, 0, -1, 0, 0, 0, -2, 1, 1, -2, -2, 1, 0], [1, 1, 1, 1, -1, 1, 0, -1, 0, 0, -2, 0, 0, -1, 1, -1, 1, 1, -1, -1, 0, 1], [0, -1, 0, 0, 0, 0, 0, 0, 0, 0, 0, -1, 0, 0, 0, -1, 0, 0, -1, 0, 1, 0], [-1, 0, 1, 0, 1, 0, 1, 3, -1, 1, 5, -1, 0, 2, -1, 1, -1, -1, 2, 0, 0, -2], [0, 1, 2, 1, 0, 1, 1, 2, -1, 1, 3, -1, 0, 1, -1, -1, 0, 0, 0, -1, 1, -1], [0, 1, 1, 0, 0, 0, 1, 2, -1, 0, 2, 0, 1, 0, -1, 1, 0, 0, 2, 0, -1, 0], [0, 0, -1, -1, 0, -1, 0, 0, 0, -1, -1, 1, 0, 0, 0, 1, 0, 0, 1, 0, -1, 1], [0, 1, 2, 1, 0, 1, 1, 2, 0, 1, 4, -1, 0, 1, -1, 0, 0, 0, 1, -1, 0, -1], [0, -1, -1, 0, 0, 0, -1, -2, 1, 0, -2, 1, 0, 0, 1, 1, 0, 0, -1, 1, 0, 0], [-1, -1, -1, -1, 1, -1, 0, 1, 0, 0, 1, 0, 0, 1, 0, 1, 0, -1, 1, 0, 0, -1], [1, 0, -1, 0, -1, 0, -1, -3, 1, -1, -4, 2, 0, -2, 1, 0, 1, 2, -1, 1, -1, 2], [0, -1, -2, -1, 0, -1, -1, -2, 1, -1, -3, 1, 0, -1, 1, 0, 0, 0, 0, 0, 0, 1], [0, 0, 0, 0, 0, 0, 0, 0, 0, 0, 0, 0, 0, 0, 0, 0, 0, 0, 0, -1, 0, 0], [0, -1, -1, 0, 0, 0, -1, -2, 1, 0, -2, 2, 0, 0, 1, 1, 0, 0, 0, 0, 0, 0], [-1, -1, 0, 0, 1, 0, 0, 1, 0, 1, 2, -1, 0, 2, 0, 0, -1, -1, 0, 0, 1, -1]]
[[1, 0, 0, 0, 0, 0, 0, 0, 0, 0, 0, 0, 0, 0, 0, 0, 0, 0, 0, 0, 0, 0], [0, 1, 0, 0, 0, 0, 0, 0, 0, 0, 0, 0, 0, 0, 0, 0, 0, 0, 0, 0, 0, 0], [0, 0, 1, 0, 0, 0, 0, 0, 0, 0, 0, 0, 0, 0, 0, 0, 0, 0, 0, 0, 0, 0], [0, 0, 0, 1, 0, 0, 0, 0, 0, 0, 0, 0, 0, 0, 0, 0, 0, 0, 0, 0, 0, 0], [0, 0, 0, 0, 1, 0, 0, 0, 0, 0, 0, 0, 0, 0, 0, 0, 0, 0, 0, 0, 0, 0], [0, 0, 0, 0, 0, 1, 0, 0, 0, 0, 0, 0, 0, 0, 0, 0, 0, 0, 0, 0, 0, 0], [0, 0, 0, 0, 0, 0, 1, 0, 0, 0, 0, 0, 0, 0, 0, 0, 0, 0, 0, 0, 0, 0], [0, 0, 0, 0, 0, 0, 0, 1, 0, 0, 0, 0, 0, 0, 0, 0, 0, 0, 0, 0, 0, 0], [0, 0, 0, 0, 0, 0, 0, 0, 1, 0, 0, 0, 0, 0, 0, 0, 0, 0, 0, 0, 0, 0], [0, 0, 0, 0, 0, 0, 0, 0, 0, 1, 0, 0, 0, 0, 0, 0, 0, 0, 0, 0, 0, 0], [0, 0, 0, 0, 0, 0, 0, 0, 0, 0, 1, 0, 0, 0, 0, 0, 0, 0, 0, 0, 0, 0], [0, 0, 0, 0, 0, 0, 0, 0, 0, 0, 0, 1, 0, 0, 0, 0, 0, 0, 0, 0, 0, 0], [0, 0, 0, 0, 0, 0, 0, 0, 0, 0, 0, 0, 1, 0, 0, 0, 0, 0, 0, 0, 0, 0], [0, 0, 0, 0, 0, 0, 0, 0, 0, 0, 0, 0, 0, 1, 0, 0, 0, 0, 0, 0, 0, 0], [0, 0, 0, 0, 0, 0, 0, 0, 0, 0, 0, 0, 0, 0, 1, 0, 0, 0, 0, 0, 0, 0], [0, 0, 0, 0, 0, 0, 0, 0, 0, 0, 0, 0, 0, 0, 0, 1, 0, 0, 0, 0, 0, 0], [0, 0, 0, 0, 0, 0, 0, 0, 0, 0, 0, 0, 0, 0, 0, 0, 1, 0, 0, 0, 0, 0], [0, 0, 0, 0, 0, 0, 0, 0, 0, 0, 0, 0, 0, 0, 0, 0, 0, 1, 0, 0, 0, 0], [0, 0, 0, 0, 0, 0, 0, 0, 0, 0, 0, 0, 0, 0, 0, 0, 0, 0, 1, 0, 0, 0], [0, 0, 0, 0, 0, 0, 0, 0, 0, 0, 0, 0, 0, 0, 0, 0, 0, 0, 0, 1, 0, 0], [0, 0, 0, 0, 0, 0, 0, 0, 0, 0, 0, 0, 0, 0, 0, 0, 0, 0, 0, 0, 1, 0], [0, 0, 0, 0, 0, 0, 0, 0, 0, 0, 0, 0, 0, 0, 0, 0, 0, 0, 0, 0, 0, 1]]
[[1, 0, 0, 0, 0, 0, 0, 0, 0, 0, 0, 0, 0, 0, 0, 0, 0, 0, 0, 0, 0, 0], [0, 1, 0, 0, 0, 0, 0, 0, 0, 0, 0, 0, 0, 0, 0, 0, 0, 0, 0, 0, 0, 0], [0, 0, 1, 0, 0, 0, 0, 0, 0, 0, 0, 0, 0, 0, 0, 0, 0, 0, 0, 0, 0, 0], [0, 0, 0, 1, 0, 0, 0, 0, 0, 0, 0, 0, 0, 0, 0, 0, 0, 0, 0, 0, 0, 0], [0, 0, 0, 0, 1, 0, 0, 0, 0, 0, 0, 0, 0, 0, 0, 0, 0, 0, 0, 0, 0, 0], [0, 0, 0, 0, 0, 1, 0, 0, 0, 0, 0, 0, 0, 0, 0, 0, 0, 0, 0, 0, 0, 0], [0, 0, 0, 0, 0, 0, 1, 0, 0, 0, 0, 0, 0, 0, 0, 0, 0, 0, 0, 0, 0, 0], [0, 0, 0, 0, 0, 0, 0, 1, 0, 0, 0, 0, 0, 0, 0, 0, 0, 0, 0, 0, 0, 0], [0, 0, 0, 0, 0, 0, 0, 0, 1, 0, 0, 0, 0, 0, 0, 0, 0, 0, 0, 0, 0, 0], [0, 0, 0, 0, 0, 0, 0, 0, 0, 1, 0, 0, 0, 0, 0, 0, 0, 0, 0, 0, 0, 0], [0, 0, 0, 0, 0, 0, 0, 0, 0, 0, 1, 0, 0, 0, 0, 0, 0, 0, 0, 0, 0, 0], [0, 0, 0, 0, 0, 0, 0, 0, 0, 0, 0, 1, 0, 0, 0, 0, 0, 0, 0, 0, 0, 0], [0, 0, 0, 0, 0, 0, 0, 0, 0, 0, 0, 0, 1, 0, 0, 0, 0, 0, 0, 0, 0, 0], [0, 0, 0, 0, 0, 0, 0, 0, 0, 0, 0, 0, 0, 1, 0, 0, 0, 0, 0, 0, 0, 0], [0, 0, 0, 0, 0, 0, 0, 0, 0, 0, 0, 0, 0, 0, 1, 0, 0, 0, 0, 0, 0, 0], [0, 0, 0, 0, 0, 0, 0, 0, 0, 0, 0, 0, 0, 0, 0, 1, 0, 0, 0, 0, 0, 0], [0, 0, 0, 0, 0, 0, 0, 0, 0, 0, 0, 0, 0, 0, 0, 0, 1, 0, 0, 0, 0, 0], [0, 0, 0, 0, 0, 0, 0, 0, 0, 0, 0, 0, 0, 0, 0, 0, 0, 1, 0, 0, 0, 0], [0, 0, 0, 0, 0, 0, 0, 0, 0, 0, 0, 0, 0, 0, 0, 0, 0, 0, 1, 0, 0, 0], [0, 0, 0, 0, 0, 0, 0, 0, 0, 0, 0, 0, 0, 0, 0, 0, 0, 0, 0, 1, 0, 0], [0, 0, 0, 0, 0, 0, 0, 0, 0, 0, 0, 0, 0, 0, 0, 0, 0, 0, 0, 0, 1, 0], [0, 0, 0, 0, 0, 0, 0, 0, 0, 0, 0, 0, 0, 0, 0, 0, 0, 0, 0, 0, 0, 1]]
[[0, -1, 0, 0, 0, 0, -1, 0, 0, 0, 0, 0, 0, 1, 1, 0, 0, 0, 0, -1, 0, 0], [-1, -1, -1, -1, 1, 0, 0, 0, 0, 1, 2, 0, 2, 2, 0, 2, -2, 0, 1, 1, 0, 1], [1, 2, 1, 0, 0, 0, 1, 0, 0, -1, -1, 0, -1, -2, -1, 0, 0, -1, 0, 1, -1, -1], [0, 0, 0, 1, 0, 0, 0, 0, 0, 0, 0, 0, 0, 0, 0, 0, 0, 0, 0, 0, 0, 0], [-1, -1, 0, 0, 1, 0, 1, 2, -2, 2, 4, 0, 2, 3, -1, 2, -2, 0, 2, 1, 0, 0], [1, 1, 1, 1, -1, 1, -1, -1, 1, -1, -3, 0, -2, -2, 1, -3, 3, 1, -2, -2, 1, 0], [1, 2, 1, 1, -1, 0, 1, 0, 0, -1, -2, 0, -2, -2, 0, -2, 2, 0, -1, -1, 0, -1], [1, 1, 1, 1, -1, 0, -1, 0, 1, -1, -3, 0, -2, -2, 1, -3, 3, 1, -2, -2, 1, 0], [1, 2, 1, 1, -1, 0, 0, 0, 1, -1, -2, 0, -2, -2, 0, -2, 2, 0, -1, -1, 0, -1], [1, 2, 1, 1, -1, 0, -1, -1, 1, -1, -4, 0, -3, -3, 1, -3, 3, 0, -2, -2, 0, -1], [-2, -4, -1, -1, 1, 0, 0, 1, -1, 3, 6, 0, 4, 5, 0, 3, -3, 1, 2, 1, 1, 2], [0, -1, 0, 0, 0, 0, -1, -1, 1, 0, -1, 1, 0, 0, 1, -1, 1, 1, -1, -1, 1, 1], [0, 0, 0, 0, 0, 0, 0, 0, 0, 0, 0, 0, 1, 0, 0, 0, 0, 0, 0, 0, 0, 0], [1, 2, 0, 0, 0, 0, 0, -1, 1, -2, -3, 0, -2, -2, 0, -1, 1, -1, -1, 0, -1, -1], [0, -1, 0, 0, 0, 0, 0, 0, 0, 1, 1, 0, 1, 1, 1, 0, 0, 1, 0, 0, 1, 1], [-2, -3, -1, -1, 1, 0, 1, 2, -2, 3, 6, 0, 4, 5, -1, 5, -4, 0, 3, 2, 0, 1], [-2, -3, -1, -1, 1, 0, 0, 1, -1, 2, 4, 0, 3, 4, 0, 3, -2, 0, 2, 1, 0, 1], [-1, -1, -1, -1, 1, 0, 2, 2, -2, 2, 5, 0, 3, 3, -2, 4, -4, 0, 3, 3, -1, 0], [1, 2, 0, 0, 0, 0, 0, -1, 1, -2, -3, 0, -2, -3, 0, -1, 1, -1, 0, 0, -1, -1], [0, 0, 0, 0, 0, 0, -1, -1, 1, -1, -2, 0, -1, -1, 1, -1, 1, 0, -1, 0, 0, 0], [-1, -1, -1, -1, 1, 0, 0, 0, 0, 0, 1, 0, 1, 1, 0, 2, -2, -1, 1, 1, 0, 0], [1, 2, 1, 1, -1, 0, -1, -1, 1, -2, -4, 0, -3, -3, 1, -3, 3, 0, -2, -2, 0, 0]]
[[1, 0, 0, 0, 0, 0, 0, 0, 0, 0, 0, 0, 0, 0, 0, 0, 0, 0, 0, 0, 0, 0], [0, 1, 0, 0, 0, 0, 0, 0, 0, 0, 0, 0, 0, 0, 0, 0, 0, 0, 0, 0, 0, 0], [0, 0, 1, 0, 0, 0, 0, 0, 0, 0, 0, 0, 0, 0, 0, 0, 0, 0, 0, 0, 0, 0], [0, 0, 0, 1, 0, 0, 0, 0, 0, 0, 0, 0, 0, 0, 0, 0, 0, 0, 0, 0, 0, 0], [0, 0, 0, 0, 1, 0, 0, 0, 0, 0, 0, 0, 0, 0, 0, 0, 0, 0, 0, 0, 0, 0], [0, 0, 0, 0, 0, 1, 0, 0, 0, 0, 0, 0, 0, 0, 0, 0, 0, 0, 0, 0, 0, 0], [0, 0, 0, 0, 0, 0, 1, 0, 0, 0, 0, 0, 0, 0, 0, 0, 0, 0, 0, 0, 0, 0], [0, 0, 0, 0, 0, 0, 0, 1, 0, 0, 0, 0, 0, 0, 0, 0, 0, 0, 0, 0, 0, 0], [0, 0, 0, 0, 0, 0, 0, 0, 1, 0, 0, 0, 0, 0, 0, 0, 0, 0, 0, 0, 0, 0], [0, 0, 0, 0, 0, 0, 0, 0, 0, 1, 0, 0, 0, 0, 0, 0, 0, 0, 0, 0, 0, 0], [0, 0, 0, 0, 0, 0, 0, 0, 0, 0, 1, 0, 0, 0, 0, 0, 0, 0, 0, 0, 0, 0], [0, 0, 0, 0, 0, 0, 0, 0, 0, 0, 0, 1, 0, 0, 0, 0, 0, 0, 0, 0, 0, 0], [0, 0, 0, 0, 0, 0, 0, 0, 0, 0, 0, 0, 1, 0, 0, 0, 0, 0, 0, 0, 0, 0], [0, 0, 0, 0, 0, 0, 0, 0, 0, 0, 0, 0, 0, 1, 0, 0, 0, 0, 0, 0, 0, 0], [0, 0, 0, 0, 0, 0, 0, 0, 0, 0, 0, 0, 0, 0, 1, 0, 0, 0, 0, 0, 0, 0], [0, 0, 0, 0, 0, 0, 0, 0, 0, 0, 0, 0, 0, 0, 0, 1, 0, 0, 0, 0, 0, 0], [0, 0, 0, 0, 0, 0, 0, 0, 0, 0, 0, 0, 0, 0, 0, 0, 1, 0, 0, 0, 0, 0], [0, 0, 0, 0, 0, 0, 0, 0, 0, 0, 0, 0, 0, 0, 0, 0, 0, 1, 0, 0, 0, 0], [0, 0, 0, 0, 0, 0, 0, 0, 0, 0, 0, 0, 0, 0, 0, 0, 0, 0, 1, 0, 0, 0], [0, 0, 0, 0, 0, 0, 0, 0, 0, 0, 0, 0, 0, 0, 0, 0, 0, 0, 0, 1, 0, 0], [0, 0, 0, 0, 0, 0, 0, 0, 0, 0, 0, 0, 0, 0, 0, 0, 0, 0, 0, 0, 1, 0], [0, 0, 0, 0, 0, 0, 0, 0, 0, 0, 0, 0, 0, 0, 0, 0, 0, 0, 0, 0, 0, 1]]
[[1, 0, 0, 0, 0, 0, 0, 0, 0, 0, 0, 0, 0, 0, 0, 0, 0, 0, 0, 0, 0, 0], [0, 1, 0, 0, 0, 0, 0, 0, 0, 0, 0, 0, 0, 0, 0, 0, 0, 0, 0, 0, 0, 0], [0, 0, 1, 0, 0, 0, 0, 0, 0, 0, 0, 0, 0, 0, 0, 0, 0, 0, 0, 0, 0, 0], [0, 0, 0, 1, 0, 0, 0, 0, 0, 0, 0, 0, 0, 0, 0, 0, 0, 0, 0, 0, 0, 0], [0, 0, 0, 0, 1, 0, 0, 0, 0, 0, 0, 0, 0, 0, 0, 0, 0, 0, 0, 0, 0, 0], [0, 0, 0, 0, 0, 1, 0, 0, 0, 0, 0, 0, 0, 0, 0, 0, 0, 0, 0, 0, 0, 0], [0, 0, 0, 0, 0, 0, 1, 0, 0, 0, 0, 0, 0, 0, 0, 0, 0, 0, 0, 0, 0, 0], [0, 0, 0, 0, 0, 0, 0, 1, 0, 0, 0, 0, 0, 0, 0, 0, 0, 0, 0, 0, 0, 0], [0, 0, 0, 0, 0, 0, 0, 0, 1, 0, 0, 0, 0, 0, 0, 0, 0, 0, 0, 0, 0, 0], [0, 0, 0, 0, 0, 0, 0, 0, 0, 1, 0, 0, 0, 0, 0, 0, 0, 0, 0, 0, 0, 0], [0, 0, 0, 0, 0, 0, 0, 0, 0, 0, 1, 0, 0, 0, 0, 0, 0, 0, 0, 0, 0, 0], [0, 0, 0, 0, 0, 0, 0, 0, 0, 0, 0, 1, 0, 0, 0, 0, 0, 0, 0, 0, 0, 0], [0, 0, 0, 0, 0, 0, 0, 0, 0, 0, 0, 0, 1, 0, 0, 0, 0, 0, 0, 0, 0, 0], [0, 0, 0, 0, 0, 0, 0, 0, 0, 0, 0, 0, 0, 1, 0, 0, 0, 0, 0, 0, 0, 0], [0, 0, 0, 0, 0, 0, 0, 0, 0, 0, 0, 0, 0, 0, 1, 0, 0, 0, 0, 0, 0, 0], [0, 0, 0, 0, 0, 0, 0, 0, 0, 0, 0, 0, 0, 0, 0, 1, 0, 0, 0, 0, 0, 0], [0, 0, 0, 0, 0, 0, 0, 0, 0, 0, 0, 0, 0, 0, 0, 0, 1, 0, 0, 0, 0, 0], [0, 0, 0, 0, 0, 0, 0, 0, 0, 0, 0, 0, 0, 0, 0, 0, 0, 1, 0, 0, 0, 0], [0, 0, 0, 0, 0, 0, 0, 0, 0, 0, 0, 0, 0, 0, 0, 0, 0, 0, 1, 0, 0, 0], [0, 0, 0, 0, 0, 0, 0, 0, 0, 0, 0, 0, 0, 0, 0, 0, 0, 0, 0, 1, 0, 0], [0, 0, 0, 0, 0, 0, 0, 0, 0, 0, 0, 0, 0, 0, 0, 0, 0, 0, 0, 0, 1, 0], [0, 0, 0, 0, 0, 0, 0, 0, 0, 0, 0, 0, 0, 0, 0, 0, 0, 0, 0, 0, 0, 1]]
[[1, 0, 0, 0, 0, 0, 0, 0, 0, 0, 0, 0, 0, 0, 0, 0, 0, 0, 0, 0, 0, 0], [0, 1, 0, 0, 0, 0, 0, 0, 0, 0, 0, 0, 0, 0, 0, 0, 0, 0, 0, 0, 0, 0], [0, 0, 1, 0, 0, 0, 0, 0, 0, 0, 0, 0, 0, 0, 0, 0, 0, 0, 0, 0, 0, 0], [0, 0, 0, 1, 0, 0, 0, 0, 0, 0, 0, 0, 0, 0, 0, 0, 0, 0, 0, 0, 0, 0], [0, 0, 0, 0, 1, 0, 0, 0, 0, 0, 0, 0, 0, 0, 0, 0, 0, 0, 0, 0, 0, 0], [0, 0, 0, 0, 0, 1, 0, 0, 0, 0, 0, 0, 0, 0, 0, 0, 0, 0, 0, 0, 0, 0], [0, 0, 0, 0, 0, 0, 1, 0, 0, 0, 0, 0, 0, 0, 0, 0, 0, 0, 0, 0, 0, 0], [0, 0, 0, 0, 0, 0, 0, 1, 0, 0, 0, 0, 0, 0, 0, 0, 0, 0, 0, 0, 0, 0], [0, 0, 0, 0, 0, 0, 0, 0, 1, 0, 0, 0, 0, 0, 0, 0, 0, 0, 0, 0, 0, 0], [0, 0, 0, 0, 0, 0, 0, 0, 0, 1, 0, 0, 0, 0, 0, 0, 0, 0, 0, 0, 0, 0], [0, 0, 0, 0, 0, 0, 0, 0, 0, 0, 1, 0, 0, 0, 0, 0, 0, 0, 0, 0, 0, 0], [0, 0, 0, 0, 0, 0, 0, 0, 0, 0, 0, 1, 0, 0, 0, 0, 0, 0, 0, 0, 0, 0], [0, 0, 0, 0, 0, 0, 0, 0, 0, 0, 0, 0, 1, 0, 0, 0, 0, 0, 0, 0, 0, 0], [0, 0, 0, 0, 0, 0, 0, 0, 0, 0, 0, 0, 0, 1, 0, 0, 0, 0, 0, 0, 0, 0], [0, 0, 0, 0, 0, 0, 0, 0, 0, 0, 0, 0, 0, 0, 1, 0, 0, 0, 0, 0, 0, 0], [0, 0, 0, 0, 0, 0, 0, 0, 0, 0, 0, 0, 0, 0, 0, 1, 0, 0, 0, 0, 0, 0], [0, 0, 0, 0, 0, 0, 0, 0, 0, 0, 0, 0, 0, 0, 0, 0, 1, 0, 0, 0, 0, 0], [0, 0, 0, 0, 0, 0, 0, 0, 0, 0, 0, 0, 0, 0, 0, 0, 0, 1, 0, 0, 0, 0], [0, 0, 0, 0, 0, 0, 0, 0, 0, 0, 0, 0, 0, 0, 0, 0, 0, 0, 1, 0, 0, 0], [0, 0, 0, 0, 0, 0, 0, 0, 0, 0, 0, 0, 0, 0, 0, 0, 0, 0, 0, 1, 0, 0], [0, 0, 0, 0, 0, 0, 0, 0, 0, 0, 0, 0, 0, 0, 0, 0, 0, 0, 0, 0, 1, 0], [0, 0, 0, 0, 0, 0, 0, 0, 0, 0, 0, 0, 0, 0, 0, 0, 0, 0, 0, 0, 0, 1]]
[[1, 0, 0, 0, 0, 0, 0, 0, 0, 0, 0, 0, 0, 0, 0, 0, 0, 0, 0, 0, 0, 0], [0, 1, 0, 0, 0, 0, 0, 0, 0, 0, 0, 0, 0, 0, 0, 0, 0, 0, 0, 0, 0, 0], [0, 0, 1, 0, 0, 0, 0, 0, 0, 0, 0, 0, 0, 0, 0, 0, 0, 0, 0, 0, 0, 0], [0, 0, 0, 1, 0, 0, 0, 0, 0, 0, 0, 0, 0, 0, 0, 0, 0, 0, 0, 0, 0, 0], [0, 0, 0, 0, 1, 0, 0, 0, 0, 0, 0, 0, 0, 0, 0, 0, 0, 0, 0, 0, 0, 0], [0, 0, 0, 0, 0, 1, 0, 0, 0, 0, 0, 0, 0, 0, 0, 0, 0, 0, 0, 0, 0, 0], [0, 0, 0, 0, 0, 0, 1, 0, 0, 0, 0, 0, 0, 0, 0, 0, 0, 0, 0, 0, 0, 0], [0, 0, 0, 0, 0, 0, 0, 1, 0, 0, 0, 0, 0, 0, 0, 0, 0, 0, 0, 0, 0, 0], [0, 0, 0, 0, 0, 0, 0, 0, 1, 0, 0, 0, 0, 0, 0, 0, 0, 0, 0, 0, 0, 0], [0, 0, 0, 0, 0, 0, 0, 0, 0, 1, 0, 0, 0, 0, 0, 0, 0, 0, 0, 0, 0, 0], [0, 0, 0, 0, 0, 0, 0, 0, 0, 0, 1, 0, 0, 0, 0, 0, 0, 0, 0, 0, 0, 0], [0, 0, 0, 0, 0, 0, 0, 0, 0, 0, 0, 1, 0, 0, 0, 0, 0, 0, 0, 0, 0, 0], [0, 0, 0, 0, 0, 0, 0, 0, 0, 0, 0, 0, 1, 0, 0, 0, 0, 0, 0, 0, 0, 0], [0, 0, 0, 0, 0, 0, 0, 0, 0, 0, 0, 0, 0, 1, 0, 0, 0, 0, 0, 0, 0, 0], [0, 0, 0, 0, 0, 0, 0, 0, 0, 0, 0, 0, 0, 0, 1, 0, 0, 0, 0, 0, 0, 0], [0, 0, 0, 0, 0, 0, 0, 0, 0, 0, 0, 0, 0, 0, 0, 1, 0, 0, 0, 0, 0, 0], [0, 0, 0, 0, 0, 0, 0, 0, 0, 0, 0, 0, 0, 0, 0, 0, 1, 0, 0, 0, 0, 0], [0, 0, 0, 0, 0, 0, 0, 0, 0, 0, 0, 0, 0, 0, 0, 0, 0, 1, 0, 0, 0, 0], [0, 0, 0, 0, 0, 0, 0, 0, 0, 0, 0, 0, 0, 0, 0, 0, 0, 0, 1, 0, 0, 0], [0, 0, 0, 0, 0, 0, 0, 0, 0, 0, 0, 0, 0, 0, 0, 0, 0, 0, 0, 1, 0, 0], [0, 0, 0, 0, 0, 0, 0, 0, 0, 0, 0, 0, 0, 0, 0, 0, 0, 0, 0, 0, 1, 0], [0, 0, 0, 0, 0, 0, 0, 0, 0, 0, 0, 0, 0, 0, 0, 0, 0, 0, 0, 0, 0, 1]]
[[1, 0, 0, 0, 0, 0, 0, 0, 0, 0, 0, 0, 0, 0, 0, 0, 0, 0, 0, 0, 0, 0], [0, 1, 0, 0, 0, 0, 0, 0, 0, 0, 0, 0, 0, 0, 0, 0, 0, 0, 0, 0, 0, 0], [0, 0, 1, 0, 0, 0, 0, 0, 0, 0, 0, 0, 0, 0, 0, 0, 0, 0, 0, 0, 0, 0], [0, 0, 0, 1, 0, 0, 0, 0, 0, 0, 0, 0, 0, 0, 0, 0, 0, 0, 0, 0, 0, 0], [0, 0, 0, 0, 1, 0, 0, 0, 0, 0, 0, 0, 0, 0, 0, 0, 0, 0, 0, 0, 0, 0], [0, 0, 0, 0, 0, 1, 0, 0, 0, 0, 0, 0, 0, 0, 0, 0, 0, 0, 0, 0, 0, 0], [0, 0, 0, 0, 0, 0, 1, 0, 0, 0, 0, 0, 0, 0, 0, 0, 0, 0, 0, 0, 0, 0], [0, 0, 0, 0, 0, 0, 0, 1, 0, 0, 0, 0, 0, 0, 0, 0, 0, 0, 0, 0, 0, 0], [0, 0, 0, 0, 0, 0, 0, 0, 1, 0, 0, 0, 0, 0, 0, 0, 0, 0, 0, 0, 0, 0], [0, 0, 0, 0, 0, 0, 0, 0, 0, 1, 0, 0, 0, 0, 0, 0, 0, 0, 0, 0, 0, 0], [0, 0, 0, 0, 0, 0, 0, 0, 0, 0, 1, 0, 0, 0, 0, 0, 0, 0, 0, 0, 0, 0], [0, 0, 0, 0, 0, 0, 0, 0, 0, 0, 0, 1, 0, 0, 0, 0, 0, 0, 0, 0, 0, 0], [0, 0, 0, 0, 0, 0, 0, 0, 0, 0, 0, 0, 1, 0, 0, 0, 0, 0, 0, 0, 0, 0], [0, 0, 0, 0, 0, 0, 0, 0, 0, 0, 0, 0, 0, 1, 0, 0, 0, 0, 0, 0, 0, 0], [0, 0, 0, 0, 0, 0, 0, 0, 0, 0, 0, 0, 0, 0, 1, 0, 0, 0, 0, 0, 0, 0], [0, 0, 0, 0, 0, 0, 0, 0, 0, 0, 0, 0, 0, 0, 0, 1, 0, 0, 0, 0, 0, 0], [0, 0, 0, 0, 0, 0, 0, 0, 0, 0, 0, 0, 0, 0, 0, 0, 1, 0, 0, 0, 0, 0], [0, 0, 0, 0, 0, 0, 0, 0, 0, 0, 0, 0, 0, 0, 0, 0, 0, 1, 0, 0, 0, 0], [0, 0, 0, 0, 0, 0, 0, 0, 0, 0, 0, 0, 0, 0, 0, 0, 0, 0, 1, 0, 0, 0], [0, 0, 0, 0, 0, 0, 0, 0, 0, 0, 0, 0, 0, 0, 0, 0, 0, 0, 0, 1, 0, 0], [0, 0, 0, 0, 0, 0, 0, 0, 0, 0, 0, 0, 0, 0, 0, 0, 0, 0, 0, 0, 1, 0], [0, 0, 0, 0, 0, 0, 0, 0, 0, 0, 0, 0, 0, 0, 0, 0, 0, 0, 0, 0, 0, 1]]
[[0, -1, -1, 0, 0, 0, -2, -1, 1, 0, -2, 1, 0, 0, 1, 0, 1, 0, 0, -1, 0, 0], [1, 2, 2, 1, 0, 1, 2, 2, -1, 1, 4, -1, 1, 1, -1, 1, -1, 1, 2, 1, -2, 0], [0, 0, 0, 0, 0, 0, 1, 1, -2, 0, 1, -1, 0, 1, -1, 0, -1, 0, 0, 1, 0, 0], [-1, -1, -1, 0, 0, 0, -1, 0, -1, 0, 0, 0, 0, 1, 0, 0, -1, 0, 0, 0, 0, 0], [-2, -2, -2, -1, 1, 0, -1, 1, -2, 0, 2, -1, 0, 3, -1, 0, -2, 0, 0, 1, 0, 0], [1, 1, 1, 0, 0, -1, -1, -2, 4, -1, -5, 2, -2, -4, 2, -2, 4, -1, -2, -2, 2, -1], [-1, 0, 0, -1, 0, -1, 0, 0, 1, -1, -1, 0, -1, -1, 0, -1, 1, -1, -1, -1, 1, 0], [0, 0, 0, 0, 0, -1, -2, -2, 4, -1, -5, 2, -1, -3, 2, -1, 3, -1, -2, -2, 2, 0], [0, 1, 0, -1, 0, -1, 0, 0, 1, -1, -2, 0, -1, -2, 0, -1, 1, -1, -1, -1, 1, 0], [-1, -1, -1, -1, 0, -1, -2, -2, 2, -1, -4, 1, -1, -2, 1, -1, 1, -2, -2, -1, 2, -1], [0, -1, -1, 1, 0, 1, -1, -1, 0, 1, 0, 1, 1, 1, 1, 1, 0, 1, 1, 0, -1, 0], [0, 0, 0, 1, 0, 0, -1, -1, 2, 0, -2, 2, 0, -1, 1, 0, 2, 0, 0, -1, 0, 0], [0, 1, 1, 0, 0, 0, 1, 2, -1, 1, 3, -1, 1, 1, -1, 0, 0, 1, 1, 0, -1, 1], [1, 2, 2, 0, 0, 0, 2, 2, -1, 0, 2, -1, 0, 0, -1, 0, 0, 0, 1, 0, -1, 0], [0, 0, 0, 1, 0, 0, -1, -1, 2, 0, -2, 1, 0, -1, 2, 0, 2, 0, 0, -1, 0, 0], [0, -1, 0, 0, 0, 1, 1, 1, -2, 1, 4, -1, 1, 3, -1, 2, -3, 1, 1, 2, -1, 0], [1, 0, 1, 0, 0, 1, 1, 0, -1, 1, 2, 0, 1, 1, 0, 1, -1, 1, 1, 1, -1, 0], [0, 1, 1, 0, 0, 1, 3, 3, -3, 0, 6, -3, 1, 2, -3, 1, -3, 1, 1, 2, -1, 1], [1, 1, 1, 0, 0, 0, 2, 1, -1, 0, 2, -1, 0, 0, -1, 0, -1, 0, 1, 1, 0, 0], [1, 1, 1, 0, 0, 0, 0, -1, 1, 0, -2, 1, 0, -2, 1, 0, 1, 0, 0, 0, 0, 0], [1, 1, 2, 1, 0, 1, 2, 2, -1, 1, 4, -1, 1, 1, -1, 1, -1, 1, 2, 1, -1, 0], [0, -1, -1, 0, 0, -1, -2, -2, 2, -1, -5, 2, -1, -2, 2, -1, 2, -1, -1, -1, 1, -1]]
[[1, 0, 0, 0, 0, 0, 0, 0, 0, 0, 0, 0, 0, 0, 0, 0, 0, 0, 0, 0, 0, 0], [0, 1, 0, 0, 0, 0, 0, 0, 0, 0, 0, 0, 0, 0, 0, 0, 0, 0, 0, 0, 0, 0], [0, 0, 1, 0, 0, 0, 0, 0, 0, 0, 0, 0, 0, 0, 0, 0, 0, 0, 0, 0, 0, 0], [0, 0, 0, 1, 0, 0, 0, 0, 0, 0, 0, 0, 0, 0, 0, 0, 0, 0, 0, 0, 0, 0], [0, 0, 0, 0, 1, 0, 0, 0, 0, 0, 0, 0, 0, 0, 0, 0, 0, 0, 0, 0, 0, 0], [0, 0, 0, 0, 0, 1, 0, 0, 0, 0, 0, 0, 0, 0, 0, 0, 0, 0, 0, 0, 0, 0], [0, 0, 0, 0, 0, 0, 1, 0, 0, 0, 0, 0, 0, 0, 0, 0, 0, 0, 0, 0, 0, 0], [0, 0, 0, 0, 0, 0, 0, 1, 0, 0, 0, 0, 0, 0, 0, 0, 0, 0, 0, 0, 0, 0], [0, 0, 0, 0, 0, 0, 0, 0, 1, 0, 0, 0, 0, 0, 0, 0, 0, 0, 0, 0, 0, 0], [0, 0, 0, 0, 0, 0, 0, 0, 0, 1, 0, 0, 0, 0, 0, 0, 0, 0, 0, 0, 0, 0], [0, 0, 0, 0, 0, 0, 0, 0, 0, 0, 1, 0, 0, 0, 0, 0, 0, 0, 0, 0, 0, 0], [0, 0, 0, 0, 0, 0, 0, 0, 0, 0, 0, 1, 0, 0, 0, 0, 0, 0, 0, 0, 0, 0], [0, 0, 0, 0, 0, 0, 0, 0, 0, 0, 0, 0, 1, 0, 0, 0, 0, 0, 0, 0, 0, 0], [0, 0, 0, 0, 0, 0, 0, 0, 0, 0, 0, 0, 0, 1, 0, 0, 0, 0, 0, 0, 0, 0], [0, 0, 0, 0, 0, 0, 0, 0, 0, 0, 0, 0, 0, 0, 1, 0, 0, 0, 0, 0, 0, 0], [0, 0, 0, 0, 0, 0, 0, 0, 0, 0, 0, 0, 0, 0, 0, 1, 0, 0, 0, 0, 0, 0], [0, 0, 0, 0, 0, 0, 0, 0, 0, 0, 0, 0, 0, 0, 0, 0, 1, 0, 0, 0, 0, 0], [0, 0, 0, 0, 0, 0, 0, 0, 0, 0, 0, 0, 0, 0, 0, 0, 0, 1, 0, 0, 0, 0], [0, 0, 0, 0, 0, 0, 0, 0, 0, 0, 0, 0, 0, 0, 0, 0, 0, 0, 1, 0, 0, 0], [0, 0, 0, 0, 0, 0, 0, 0, 0, 0, 0, 0, 0, 0, 0, 0, 0, 0, 0, 1, 0, 0], [0, 0, 0, 0, 0, 0, 0, 0, 0, 0, 0, 0, 0, 0, 0, 0, 0, 0, 0, 0, 1, 0], [0, 0, 0, 0, 0, 0, 0, 0, 0, 0, 0, 0, 0, 0, 0, 0, 0, 0, 0, 0, 0, 1]]
[[2, 2, 3, 2, 0, 1, 2, 2, -1, 0, 2, 0, 0, 1, 0, 0, 1, 1, 1, 0, -1, 0], [-2, -2, -3, -2, 1, -1, -2, -1, 0, 0, -1, 0, 0, 1, 0, 0, -1, -1, -1, 0, 1, 0], [-1, -2, -2, -2, 0, -1, -2, -2, 1, 0, -2, 0, 0, -1, 0, 0, -1, -1, -1, 0, 1, 0], [1, 1, 0, 1, -1, 0, 0, -1, 1, -1, -2, 0, -1, -2, 0, -1, 1, 0, -1, -1, 0, 0], [1, 1, 0, 0, 0, 0, 0, -1, 1, 0, -1, 0, 0, -2, 0, 0, 0, 0, 0, 0, 0, 0], [1, 2, 3, 2, 0, 2, 2, 2, -1, 0, 2, 0, 0, 1, 0, 0, 1, 1, 1, 0, -1, 0], [0, 0, 0, 0, 0, 0, 1, 0, 0, 1, 1, 0, 1, 0, 0, 1, -1, 0, 1, 1, 0, 0], [1, 2, 3, 2, 0, 1, 2, 3, -1, 0, 2, 0, 0, 1, 0, 0, 1, 1, 1, 0, -1, 0], [-1, -1, 0, 0, 1, 0, 0, 1, 0, 1, 2, 0, 1, 2, 0, 1, -1, 0, 1, 1, 0, 0], [2, 3, 3, 2, -1, 1, 2, 1, 0, 0, 0, 0, -1, -1, 0, -1, 2, 1, 0, -1, -1, 0], [2, 3, 3, 2, -1, 1, 2, 1, 0, -1, 1, 0, -1, -1, 0, -1, 2, 1, 0, -1, -1, 0], [2, 3, 3, 2, -1, 1, 2, 1, 0, -1, 0, 1, -1, -1, 0, -1, 2, 1, 0, -1, -1, 0], [0, 0, 0, 0, 0, 0, 0, -1, 1, 0, -1, 1, 0, 0, 1, 1, 0, -1, 0, 0, 0, -1], [-2, -3, -3, -2, 1, -1, -2, -1, 0, 1, 0, 0, 1, 2, 0, 1, -2, -1, 0, 1, 1, 0], [2, 3, 3, 2, -1, 1, 2, 1, 0, -1, 0, 0, -1, -1, 1, -1, 2, 1, 0, -1, -1, 0], [-2, -3, -3, -2, 1, -1, -2, 0, -1, 1, 1, -1, 2, 1, -1, 1, -2, 0, 0, 1, 1, 1], [0, 0, 0, 0, 0, 0, 0, 0, 0, 0, 0, 0, 0, 0, 0, 0, 1, 0, 0, 0, 0, 0], [-4, -6, -6, -4, 2, -2, -4, -2, 0, 2, 0, 0, 2, 2, 0, 2, -4, -1, 0, 2, 2, 0], [-2, -3, -3, -2, 1, -1, -2, -1, 0, 0, -1, 0, 0, 1, 0, 0, -1, -1, 0, 0, 1, 0], [0, 0, 0, 0, 0, 0, 0, 0, 0, -1, -1, 0, -1, 0, 0, -1, 1, 0, -1, 0, 0, 0], [-2, -3, -3, -2, 1, -1, -2, -1, 0, 0, -1, 0, 0, 1, 0, 0, -1, -1, -1, 0, 2, 0], [2, 3, 3, 2, -1, 1, 2, 1, 0, -1, 0, 0, -1, -1, 0, -1, 2, 1, 0, -1, -1, 1]]
[[1, 0, 0, 0, 0, 0, 0, 0, 0, 0, 0, 0, 0, 0, 0, 0, 0, 0, 0, 0, 0, 0], [0, 1, 0, 0, 0, 0, 0, 0, 0, 0, 0, 0, 0, 0, 0, 0, 0, 0, 0, 0, 0, 0], [0, 0, 1, 0, 0, 0, 0, 0, 0, 0, 0, 0, 0, 0, 0, 0, 0, 0, 0, 0, 0, 0], [0, 0, 0, 1, 0, 0, 0, 0, 0, 0, 0, 0, 0, 0, 0, 0, 0, 0, 0, 0, 0, 0], [0, 0, 0, 0, 1, 0, 0, 0, 0, 0, 0, 0, 0, 0, 0, 0, 0, 0, 0, 0, 0, 0], [0, 0, 0, 0, 0, 1, 0, 0, 0, 0, 0, 0, 0, 0, 0, 0, 0, 0, 0, 0, 0, 0], [0, 0, 0, 0, 0, 0, 1, 0, 0, 0, 0, 0, 0, 0, 0, 0, 0, 0, 0, 0, 0, 0], [0, 0, 0, 0, 0, 0, 0, 1, 0, 0, 0, 0, 0, 0, 0, 0, 0, 0, 0, 0, 0, 0], [0, 0, 0, 0, 0, 0, 0, 0, 1, 0, 0, 0, 0, 0, 0, 0, 0, 0, 0, 0, 0, 0], [0, 0, 0, 0, 0, 0, 0, 0, 0, 1, 0, 0, 0, 0, 0, 0, 0, 0, 0, 0, 0, 0], [0, 0, 0, 0, 0, 0, 0, 0, 0, 0, 1, 0, 0, 0, 0, 0, 0, 0, 0, 0, 0, 0], [0, 0, 0, 0, 0, 0, 0, 0, 0, 0, 0, 1, 0, 0, 0, 0, 0, 0, 0, 0, 0, 0], [0, 0, 0, 0, 0, 0, 0, 0, 0, 0, 0, 0, 1, 0, 0, 0, 0, 0, 0, 0, 0, 0], [0, 0, 0, 0, 0, 0, 0, 0, 0, 0, 0, 0, 0, 1, 0, 0, 0, 0, 0, 0, 0, 0], [0, 0, 0, 0, 0, 0, 0, 0, 0, 0, 0, 0, 0, 0, 1, 0, 0, 0, 0, 0, 0, 0], [0, 0, 0, 0, 0, 0, 0, 0, 0, 0, 0, 0, 0, 0, 0, 1, 0, 0, 0, 0, 0, 0], [0, 0, 0, 0, 0, 0, 0, 0, 0, 0, 0, 0, 0, 0, 0, 0, 1, 0, 0, 0, 0, 0], [0, 0, 0, 0, 0, 0, 0, 0, 0, 0, 0, 0, 0, 0, 0, 0, 0, 1, 0, 0, 0, 0], [0, 0, 0, 0, 0, 0, 0, 0, 0, 0, 0, 0, 0, 0, 0, 0, 0, 0, 1, 0, 0, 0], [0, 0, 0, 0, 0, 0, 0, 0, 0, 0, 0, 0, 0, 0, 0, 0, 0, 0, 0, 1, 0, 0], [0, 0, 0, 0, 0, 0, 0, 0, 0, 0, 0, 0, 0, 0, 0, 0, 0, 0, 0, 0, 1, 0], [0, 0, 0, 0, 0, 0, 0, 0, 0, 0, 0, 0, 0, 0, 0, 0, 0, 0, 0, 0, 0, 1]]
[[1, 0, 0, 0, 0, 0, 0, 0, 0, 0, 0, 0, 0, 0, 0, 0, 0, 0, 0, 0, 0, 0], [0, 1, 0, 0, 0, 0, 0, 0, 0, 0, 0, 0, 0, 0, 0, 0, 0, 0, 0, 0, 0, 0], [0, -1, -1, -1, 0, 0, 0, -2, -1, 0, -1, 0, 0, 1, 0, 0, -2, 0, 0, 1, 0, 1], [0, -1, -2, 0, 0, 0, 0, -2, -1, 0, -1, 0, 0, 1, 0, 0, -2, 0, 0, 1, 0, 1], [0, -2, -3, -1, 1, 0, 0, -3, -1, 0, -1, 0, 0, 2, 0, 0, -3, 0, 0, 2, 0, 1], [0, 2, 4, 2, 0, 1, 0, 4, 2, 0, 2, 0, 0, -2, 0, 0, 4, 0, 0, -2, 0, -2], [0, 1, 2, 1, 0, 0, 1, 2, 1, 0, 1, 0, 0, -1, 0, 0, 2, 0, 0, -1, 0, -1], [0, 1, 2, 1, 0, 0, 0, 3, 1, 0, 1, 0, 0, -1, 0, 0, 2, 0, 0, -1, 0, -1], [0, 1, 1, 0, 0, 0, 0, 1, 1, 0, 0, 0, 0, -1, 0, 0, 1, 0, 0, -1, 0, 0], [0, 0, 1, 1, 0, 0, 0, 1, 1, 1, 1, 0, 0, 0, 0, 0, 1, 0, 0, 0, 0, -1], [0, 0, 0, 0, 0, 0, 0, 0, 0, 0, 1, 0, 0, 0, 0, 0, 0, 0, 0, 0, 0, 0], [0, 1, 2, 1, 0, 0, 0, 2, 1, 0, 1, 1, 0, -1, 0, 0, 2, 0, 0, -1, 0, -1], [0, 1, 1, 0, 0, 0, 0, 1, 0, 0, 0, 0, 1, -1, 0, 0, 1, 0, 0, -1, 0, 0], [0, 1, 1, 0, 0, 0, 0, 1, 0, 0, 0, 0, 0, 0, 0, 0, 1, 0, 0, -1, 0, 0], [0, 1, 2, 1, 0, 0, 0, 2, 1, 0, 1, 0, 0, -1, 1, 0, 2, 0, 0, -1, 0, -1], [0, -2, -3, -1, 0, 0, 0, -3, -1, 0, -1, 0, 0, 2, 0, 1, -3, 0, 0, 2, 0, 1], [0, 0, 0, 0, 0, 0, 0, 0, 0, 0, 0, 0, 0, 0, 0, 0, 1, 0, 0, 0, 0, 0], [0, -1, -2, -1, 0, 0, 0, -2, -1, 0, -1, 0, 0, 1, 0, 0, -2, 1, 0, 1, 0, 1], [0, 0, 0, 0, 0, 0, 0, 0, 0, 0, 0, 0, 0, 0, 0, 0, 0, 0, 1, 0, 0, 0], [0, 1, 1, 0, 0, 0, 0, 1, 0, 0, 0, 0, 0, -1, 0, 0, 1, 0, 0, 0, 0, 0], [0, 0, 0, 0, 0, 0, 0, 0, 0, 0, 0, 0, 0, 0, 0, 0, 0, 0, 0, 0, 1, 0], [0, 0, 1, 1, 0, 0, 0, 1, 1, 0, 1, 0, 0, 0, 0, 0, 1, 0, 0, 0, 0, 0]]
[[1, 0, 0, 0, 0, 0, 0, 0, 0, 0, 0, 0, 0, 0, 0, 0, 0, 0, 0, 0, 0, 0], [0, 1, 0, 0, 0, 0, 0, 0, 0, 0, 0, 0, 0, 0, 0, 0, 0, 0, 0, 0, 0, 0], [0, 0, 1, 0, 0, 0, 0, 0, 0, 0, 0, 0, 0, 0, 0, 0, 0, 0, 0, 0, 0, 0], [0, 0, 0, 1, 0, 0, 0, 0, 0, 0, 0, 0, 0, 0, 0, 0, 0, 0, 0, 0, 0, 0], [0, 0, 0, 0, 1, 0, 0, 0, 0, 0, 0, 0, 0, 0, 0, 0, 0, 0, 0, 0, 0, 0], [0, 0, 0, 0, 0, 1, 0, 0, 0, 0, 0, 0, 0, 0, 0, 0, 0, 0, 0, 0, 0, 0], [0, 0, 0, 0, 0, 0, 1, 0, 0, 0, 0, 0, 0, 0, 0, 0, 0, 0, 0, 0, 0, 0], [0, 0, 0, 0, 0, 0, 0, 1, 0, 0, 0, 0, 0, 0, 0, 0, 0, 0, 0, 0, 0, 0], [0, 0, 0, 0, 0, 0, 0, 0, 1, 0, 0, 0, 0, 0, 0, 0, 0, 0, 0, 0, 0, 0], [0, 0, 0, 0, 0, 0, 0, 0, 0, 1, 0, 0, 0, 0, 0, 0, 0, 0, 0, 0, 0, 0], [0, 0, 0, 0, 0, 0, 0, 0, 0, 0, 1, 0, 0, 0, 0, 0, 0, 0, 0, 0, 0, 0], [0, 0, 0, 0, 0, 0, 0, 0, 0, 0, 0, 1, 0, 0, 0, 0, 0, 0, 0, 0, 0, 0], [0, 0, 0, 0, 0, 0, 0, 0, 0, 0, 0, 0, 1, 0, 0, 0, 0, 0, 0, 0, 0, 0], [0, 0, 0, 0, 0, 0, 0, 0, 0, 0, 0, 0, 0, 1, 0, 0, 0, 0, 0, 0, 0, 0], [0, 0, 0, 0, 0, 0, 0, 0, 0, 0, 0, 0, 0, 0, 1, 0, 0, 0, 0, 0, 0, 0], [0, 0, 0, 0, 0, 0, 0, 0, 0, 0, 0, 0, 0, 0, 0, 1, 0, 0, 0, 0, 0, 0], [0, 0, 0, 0, 0, 0, 0, 0, 0, 0, 0, 0, 0, 0, 0, 0, 1, 0, 0, 0, 0, 0], [0, 0, 0, 0, 0, 0, 0, 0, 0, 0, 0, 0, 0, 0, 0, 0, 0, 1, 0, 0, 0, 0], [0, 0, 0, 0, 0, 0, 0, 0, 0, 0, 0, 0, 0, 0, 0, 0, 0, 0, 1, 0, 0, 0], [0, 0, 0, 0, 0, 0, 0, 0, 0, 0, 0, 0, 0, 0, 0, 0, 0, 0, 0, 1, 0, 0], [0, 0, 0, 0, 0, 0, 0, 0, 0, 0, 0, 0, 0, 0, 0, 0, 0, 0, 0, 0, 1, 0], [0, 0, 0, 0, 0, 0, 0, 0, 0, 0, 0, 0, 0, 0, 0, 0, 0, 0, 0, 0, 0, 1]]
[[0, -1, 0, 0, 1, 0, 0, 2, 0, 1, 4, 0, 2, 2, -1, 2, -1, 1, 2, 1, -1, 1], [-2, -2, 0, 1, 1, 0, 0, 5, -1, 2, 9, -1, 4, 4, -2, 4, -2, 2, 4, 1, -1, 1], [2, 3, 1, -1, -1, 0, 0, -5, 1, -2, -9, 1, -4, -4, 2, -4, 2, -2, -4, -1, 1, -1], [3, 5, 1, 0, -2, 1, 0, -8, 2, -3, -13, 1, -6, -6, 3, -6, 3, -3, -6, -2, 1, -1], [2, 4, 1, -1, -1, 1, 0, -6, 1, -3, -10, 0, -5, -5, 2, -5, 2, -3, -5, -2, 1, -1], [-1, -3, -1, 1, 1, 0, 0, 4, -1, 2, 6, 0, 3, 3, -1, 3, -1, 2, 3, 1, 0, 0], [-1, -1, 0, 0, 0, 0, 1, 2, -1, 0, 3, -1, 1, 1, -1, 1, -1, 0, 1, 0, 0, 0], [3, 3, 1, 1, -2, 1, 0, -5, 2, -1, -9, 1, -4, -4, 3, -4, 3, -1, -4, -2, 1, -1], [1, 1, 0, 0, -1, 0, 0, -2, 1, -1, -4, 0, -2, -2, 1, -2, 1, -1, -2, -1, 1, -1], [1, 2, 0, -1, -1, 0, 0, -3, 0, -1, -6, 0, -3, -3, 1, -3, 1, -2, -3, -1, 1, -1], [-1, -2, 0, 1, 1, 0, 0, 3, 0, 2, 7, 0, 3, 3, -1, 3, -1, 2, 3, 1, -1, 1], [1, 0, 1, 2, -1, 1, 0, -1, 1, 1, 0, 1, 0, 0, 1, 0, 1, 1, 0, -1, 0, 0], [-2, -3, 0, 1, 1, 0, 0, 5, -1, 2, 9, -1, 5, 4, -2, 4, -2, 2, 4, 1, -1, 1], [-3, -4, -1, 0, 2, -1, 0, 7, -2, 2, 11, -1, 5, 6, -3, 5, -3, 2, 5, 2, -1, 1], [-1, -2, 0, 1, 1, 0, 0, 3, 0, 2, 6, 0, 3, 3, 0, 3, -1, 2, 3, 1, -1, 1], [0, 1, 0, -1, 0, 0, 0, -1, 0, -1, -2, 0, -1, -1, 0, 0, 0, -1, -1, 0, 0, 0], [-3, -4, -1, 0, 2, -1, 0, 7, -2, 2, 11, -1, 5, 5, -3, 5, -2, 2, 5, 2, -1, 1], [-1, 0, 0, -1, 0, 0, 0, 1, -1, -1, 1, -1, 0, 0, -1, 0, -1, 0, 0, 0, 0, 0], [-1, -1, -1, -1, 1, -1, 0, 2, -1, 0, 2, 0, 1, 1, -1, 1, -1, 0, 2, 1, 0, 0], [0, -1, 0, 1, 0, 0, 0, 1, 0, 1, 2, 0, 1, 1, 0, 1, 0, 1, 1, 1, 0, 0], [-1, -1, 0, 0, 1, 0, 0, 2, 0, 1, 4, 0, 2, 2, -1, 2, -1, 1, 2, 1, 0, 1], [2, 2, 0, 0, -1, 0, 0, -4, 1, -1, -7, 1, -3, -3, 2, -3, 2, -1, -3, -1, 1, 0]]
[[0, 1, 1, -1, 2, 0, 1, 3, -1, 1, 4, -1, 1, 2, -2, 0, -1, 0, 1, 1, 0, 0], [-3, -4, -4, -2, 1, -2, -2, 2, -2, 0, 3, -1, 2, 2, -2, 1, -2, 0, 2, 1, 0, 1], [0, -1, -1, 0, -1, -1, -1, -1, 0, -1, -3, 0, -1, -1, 1, -1, 1, 0, -1, -1, 0, 0], [3, 4, 3, 2, -2, 2, 1, -2, 1, -2, -5, 0, -3, -4, 1, -3, 3, 0, -3, -2, 0, -1], [2, 1, 1, 1, -1, 1, 0, -2, 1, -2, -4, 0, -2, -3, 1, -2, 2, 0, -2, -1, 0, -1], [0, 1, 1, 1, 1, 1, 1, 0, 1, 2, 2, 1, 1, 2, 1, 2, -1, 0, 1, 1, 0, 0], [1, 0, 1, 1, -1, 1, 1, -2, 1, 0, -1, 1, 0, -1, 1, 1, 0, 0, 0, 0, 0, 0], [3, 5, 5, 3, -1, 3, 2, -2, 3, 1, -2, 2, -2, -1, 2, 0, 2, 0, -2, -1, 0, -1], [0, 0, 0, 0, 0, 0, 0, -1, 1, 0, -1, 1, 0, 0, 1, 1, 0, 0, 0, 0, 0, 1], [3, 4, 4, 2, -1, 2, 2, -2, 2, 0, -3, 1, -2, -2, 2, -1, 2, 0, -2, 0, 0, -1], [1, 3, 2, 0, 0, 1, 1, 1, 0, 0, 1, -1, -1, -1, -1, -2, 1, 0, -1, -1, 0, -1], [2, 4, 3, 1, -1, 2, 1, -2, 2, 0, -3, 1, -3, -2, 1, -2, 2, -1, -3, -2, 1, -2], [-1, -1, -1, -1, 0, 0, -1, -1, 0, 0, -1, 0, 0, 0, 0, 0, 0, -1, -1, -1, 1, 0], [-4, -6, -5, -3, 2, -3, -2, 3, -3, 1, 5, -1, 4, 4, -2, 3, -4, 0, 4, 2, 0, 2], [1, 3, 3, 1, 0, 2, 1, 0, 1, 1, 1, 0, -1, 0, 0, -1, 1, 0, -1, -1, 0, -1], [-2, -4, -3, -1, 1, -2, -1, 3, -2, 0, 4, -1, 3, 2, -2, 2, -2, 1, 3, 2, -1, 1], [-1, -1, -1, -1, 1, -1, 0, 2, -1, 1, 3, -1, 2, 1, -1, 1, -1, 0, 2, 1, 0, 0], [-4, -8, -6, -2, 1, -3, -3, 1, -2, 0, 3, 0, 3, 3, -1, 3, -3, 1, 3, 2, 0, 2], [-2, -3, -3, -1, 1, -2, -1, 1, -1, 0, 1, 0, 1, 2, 0, 1, -1, 0, 2, 1, 0, 1], [0, 1, 0, 0, 0, 0, 0, 0, 0, 1, 0, 0, 0, 0, 0, 0, 0, 0, 0, 0, 0, 0], [-1, -2, -2, 0, 0, -1, -1, 1, -1, 0, 1, 0, 1, 1, -1, 0, 0, 1, 1, 0, 0, 1], [3, 5, 4, 2, -1, 2, 2, -1, 2, 0, -2, 0, -2, -2, 1, -2, 2, 0, -2, -1, 0, -1]]
[[3, 3, 3, 2, -2, 1, 2, -1, 1, -1, -2, 0, -2, -3, 1, -2, 3, 0, -1, -2, 0, -1], [-3, -4, -4, -2, 3, -1, -3, 3, -3, 2, 5, -1, 4, 6, -2, 3, -5, 1, 2, 3, 0, 2], [-4, -6, -5, -4, 4, -2, -4, 2, -2, 2, 4, 0, 4, 6, -2, 4, -6, 0, 2, 4, 0, 2], [1, 2, 1, 1, -1, 0, 1, -2, 2, -1, -3, 1, -2, -3, 1, -1, 2, -1, -1, -1, 0, -1], [-2, -3, -3, -2, 3, -1, -2, 1, -1, 1, 2, 0, 2, 3, -1, 2, -3, 0, 1, 2, 0, 1], [7, 11, 10, 6, -7, 4, 7, -5, 5, -4, -9, 1, -8, -12, 4, -7, 11, -1, -4, -7, 0, -4], [0, 0, 0, 0, 0, 0, 1, 0, 0, 0, 0, 0, 0, 0, 0, 0, 0, 0, 0, 0, 0, 0], [10, 16, 14, 8, -10, 4, 10, -7, 8, -6, -14, 2, -12, -18, 6, -10, 16, -2, -6, -10, 0, -6], [2, 3, 3, 2, -2, 1, 2, -1, 2, -1, -2, 0, -2, -3, 1, -2, 3, 0, -1, -2, 0, -1], [5, 8, 7, 4, -5, 2, 5, -4, 4, -2, -7, 1, -6, -9, 3, -5, 8, -1, -3, -5, 0, -3], [2, 3, 3, 2, -2, 1, 2, -1, 1, -1, -1, 0, -2, -3, 1, -2, 3, 0, -1, -2, 0, -1], [7, 11, 10, 6, -7, 3, 7, -5, 5, -4, -9, 2, -8, -12, 4, -7, 11, -1, -4, -7, 0, -4], [0, 0, 0, 0, 0, 0, 0, 0, 0, 0, 0, 0, 1, 0, 0, 0, 0, 0, 0, 0, 0, 0], [-5, -8, -7, -4, 5, -2, -5, 4, -4, 3, 7, -1, 6, 10, -3, 5, -8, 1, 3, 5, 0, 3], [5, 8, 7, 4, -5, 2, 5, -4, 4, -3, -7, 1, -6, -9, 4, -5, 8, -1, -3, -5, 0, -3], [-5, -8, -7, -4, 5, -2, -5, 4, -4, 3, 7, -1, 6, 9, -3, 6, -8, 1, 3, 5, 0, 3], [-3, -5, -4, -2, 3, -1, -3, 3, -3, 2, 5, -1, 4, 6, -2, 3, -4, 1, 2, 3, 0, 2], [-7, -11, -10, -6, 7, -3, -7, 5, -5, 4, 9, -1, 8, 12, -4, 7, -11, 2, 4, 7, 0, 4], [-5, -8, -7, -4, 5, -2, -5, 4, -4, 3, 7, -1, 6, 9, -3, 5, -8, 1, 4, 5, 0, 3], [2, 3, 3, 2, -2, 1, 2, -1, 1, -1, -2, 0, -2, -3, 1, -2, 3, 0, -1, -1, 0, -1], [-2, -3, -3, -2, 2, -1, -2, 1, -1, 1, 2, 0, 2, 3, -1, 2, -3, 0, 1, 2, 1, 1], [5, 8, 7, 4, -5, 2, 5, -4, 4, -3, -7, 1, -6, -9, 3, -5, 8, -1, -3, -5, 0, -2]]
[[1, 0, 0, 0, 0, 0, 0, 0, 0, 0, 0, 0, 0, 0, 0, 0, 0, 0, 0, 0, 0, 0], [0, 1, 0, 0, 0, 0, 0, 0, 0, 0, 0, 0, 0, 0, 0, 0, 0, 0, 0, 0, 0, 0], [0, 0, 1, 0, 0, 0, 0, 0, 0, 0, 0, 0, 0, 0, 0, 0, 0, 0, 0, 0, 0, 0], [0, 0, 0, 1, 0, 0, 0, 0, 0, 0, 0, 0, 0, 0, 0, 0, 0, 0, 0, 0, 0, 0], [0, 0, 0, 0, 1, 0, 0, 0, 0, 0, 0, 0, 0, 0, 0, 0, 0, 0, 0, 0, 0, 0], [0, 0, 0, 0, 0, 1, 0, 0, 0, 0, 0, 0, 0, 0, 0, 0, 0, 0, 0, 0, 0, 0], [0, 0, 0, 0, 0, 0, 1, 0, 0, 0, 0, 0, 0, 0, 0, 0, 0, 0, 0, 0, 0, 0], [0, 0, 0, 0, 0, 0, 0, 1, 0, 0, 0, 0, 0, 0, 0, 0, 0, 0, 0, 0, 0, 0], [0, 0, 0, 0, 0, 0, 0, 0, 1, 0, 0, 0, 0, 0, 0, 0, 0, 0, 0, 0, 0, 0], [0, 0, 0, 0, 0, 0, 0, 0, 0, 1, 0, 0, 0, 0, 0, 0, 0, 0, 0, 0, 0, 0], [0, 0, 0, 0, 0, 0, 0, 0, 0, 0, 1, 0, 0, 0, 0, 0, 0, 0, 0, 0, 0, 0], [0, 0, 0, 0, 0, 0, 0, 0, 0, 0, 0, 1, 0, 0, 0, 0, 0, 0, 0, 0, 0, 0], [0, 0, 0, 0, 0, 0, 0, 0, 0, 0, 0, 0, 1, 0, 0, 0, 0, 0, 0, 0, 0, 0], [0, 0, 0, 0, 0, 0, 0, 0, 0, 0, 0, 0, 0, 1, 0, 0, 0, 0, 0, 0, 0, 0], [0, 0, 0, 0, 0, 0, 0, 0, 0, 0, 0, 0, 0, 0, 1, 0, 0, 0, 0, 0, 0, 0], [0, 0, 0, 0, 0, 0, 0, 0, 0, 0, 0, 0, 0, 0, 0, 1, 0, 0, 0, 0, 0, 0], [0, 0, 0, 0, 0, 0, 0, 0, 0, 0, 0, 0, 0, 0, 0, 0, 1, 0, 0, 0, 0, 0], [0, 0, 0, 0, 0, 0, 0, 0, 0, 0, 0, 0, 0, 0, 0, 0, 0, 1, 0, 0, 0, 0], [0, 0, 0, 0, 0, 0, 0, 0, 0, 0, 0, 0, 0, 0, 0, 0, 0, 0, 1, 0, 0, 0], [0, 0, 0, 0, 0, 0, 0, 0, 0, 0, 0, 0, 0, 0, 0, 0, 0, 0, 0, 1, 0, 0], [0, 0, 0, 0, 0, 0, 0, 0, 0, 0, 0, 0, 0, 0, 0, 0, 0, 0, 0, 0, 1, 0], [0, 0, 0, 0, 0, 0, 0, 0, 0, 0, 0, 0, 0, 0, 0, 0, 0, 0, 0, 0, 0, 1]]
[[1, 0, 0, 0, 0, 0, 0, 0, 0, 0, 0, 0, 0, 0, 0, 0, 0, 0, 0, 0, 0, 0], [0, 1, 0, 0, 0, 0, 0, 0, 0, 0, 0, 0, 0, 0, 0, 0, 0, 0, 0, 0, 0, 0], [0, 0, 1, 0, 0, 0, 0, 0, 0, 0, 0, 0, 0, 0, 0, 0, 0, 0, 0, 0, 0, 0], [0, 0, 0, 1, 0, 0, 0, 0, 0, 0, 0, 0, 0, 0, 0, 0, 0, 0, 0, 0, 0, 0], [0, 0, 0, 0, 1, 0, 0, 0, 0, 0, 0, 0, 0, 0, 0, 0, 0, 0, 0, 0, 0, 0], [0, 0, 0, 0, 0, 1, 0, 0, 0, 0, 0, 0, 0, 0, 0, 0, 0, 0, 0, 0, 0, 0], [0, 0, 0, 0, 0, 0, 1, 0, 0, 0, 0, 0, 0, 0, 0, 0, 0, 0, 0, 0, 0, 0], [0, 0, 0, 0, 0, 0, 0, 1, 0, 0, 0, 0, 0, 0, 0, 0, 0, 0, 0, 0, 0, 0], [0, 0, 0, 0, 0, 0, 0, 0, 1, 0, 0, 0, 0, 0, 0, 0, 0, 0, 0, 0, 0, 0], [0, 0, 0, 0, 0, 0, 0, 0, 0, 1, 0, 0, 0, 0, 0, 0, 0, 0, 0, 0, 0, 0], [0, 0, 0, 0, 0, 0, 0, 0, 0, 0, 1, 0, 0, 0, 0, 0, 0, 0, 0, 0, 0, 0], [0, 0, 0, 0, 0, 0, 0, 0, 0, 0, 0, 1, 0, 0, 0, 0, 0, 0, 0, 0, 0, 0], [0, 0, 0, 0, 0, 0, 0, 0, 0, 0, 0, 0, 1, 0, 0, 0, 0, 0, 0, 0, 0, 0], [0, 0, 0, 0, 0, 0, 0, 0, 0, 0, 0, 0, 0, 1, 0, 0, 0, 0, 0, 0, 0, 0], [0, 0, 0, 0, 0, 0, 0, 0, 0, 0, 0, 0, 0, 0, 1, 0, 0, 0, 0, 0, 0, 0], [0, 0, 0, 0, 0, 0, 0, 0, 0, 0, 0, 0, 0, 0, 0, 1, 0, 0, 0, 0, 0, 0], [0, 0, 0, 0, 0, 0, 0, 0, 0, 0, 0, 0, 0, 0, 0, 0, 1, 0, 0, 0, 0, 0], [0, 0, 0, 0, 0, 0, 0, 0, 0, 0, 0, 0, 0, 0, 0, 0, 0, 1, 0, 0, 0, 0], [0, 0, 0, 0, 0, 0, 0, 0, 0, 0, 0, 0, 0, 0, 0, 0, 0, 0, 1, 0, 0, 0], [0, 0, 0, 0, 0, 0, 0, 0, 0, 0, 0, 0, 0, 0, 0, 0, 0, 0, 0, 1, 0, 0], [0, 0, 0, 0, 0, 0, 0, 0, 0, 0, 0, 0, 0, 0, 0, 0, 0, 0, 0, 0, 1, 0], [0, 0, 0, 0, 0, 0, 0, 0, 0, 0, 0, 0, 0, 0, 0, 0, 0, 0, 0, 0, 0, 1]]
[[0, -1, 0, 0, 0, 0, -1, 0, 0, 0, 0, 0, 0, 1, 1, 0, 0, 0, 0, -1, 0, 0], [-1, -1, -2, -1, 1, 0, -1, -1, 0, 0, 0, 0, 1, 1, 0, 1, -2, 0, 0, 1, 0, 1], [-1, -2, -3, -1, 1, 0, -1, -1, -2, 0, 0, 0, 1, 1, -2, 1, -4, 0, 0, 3, 0, 1], [0, 0, 0, 1, 0, 0, 0, 0, 0, 0, 0, 0, 0, 0, 0, 0, 0, 0, 0, 0, 0, 0], [-1, -1, -2, 0, 1, 0, -1, 0, -2, 0, 0, 0, 0, 1, -1, 0, -2, 0, 0, 1, 0, 0], [3, 5, 7, 2, -2, 1, 3, 2, 3, 0, 0, 0, -2, -3, 2, -2, 7, 0, 0, -4, 0, -2], [1, 2, 2, 1, -1, 0, 2, 1, 0, 0, 0, 0, -1, -1, 0, -1, 2, 0, 0, -1, 0, -1], [3, 5, 7, 2, -2, 0, 3, 3, 3, 0, 0, 0, -2, -3, 2, -2, 7, 0, 0, -4, 0, -2], [1, 2, 2, 1, -1, 0, 1, 1, 1, 0, 0, 0, -1, -1, 0, -1, 2, 0, 0, -1, 0, -1], [1, 2, 3, 1, -1, 0, 1, 1, 1, 1, 0, 0, -1, -1, 1, -1, 3, 0, 0, -2, 0, -1], [0, 0, 1, 0, 0, 0, 0, 0, 1, 0, 1, 0, 0, 0, 1, 0, 1, 0, 0, -1, 0, 0], [2, 3, 5, 1, -1, 0, 2, 1, 3, 0, 0, 1, -1, -2, 2, -1, 5, 0, 0, -3, 0, -1], [0, 0, 0, 0, 0, 0, 0, 0, 0, 0, 0, 0, 1, 0, 0, 0, 0, 0, 0, 0, 0, 0], [-1, -2, -3, -1, 1, 0, -1, -1, -1, 0, 0, 0, 1, 2, -1, 1, -3, 0, 0, 2, 0, 1], [2, 3, 4, 1, -1, 0, 2, 1, 2, 0, 0, 0, -1, -2, 2, -1, 4, 0, 0, -2, 0, -1], [-2, -3, -4, -1, 1, 0, -2, -1, -2, 0, 0, 0, 1, 2, -1, 2, -4, 0, 0, 2, 0, 1], [-2, -3, -3, -1, 1, 0, -2, -1, -1, 0, 0, 0, 1, 2, 0, 1, -2, 0, 0, 1, 0, 1], [-1, -1, -3, -1, 1, 0, 0, 0, -2, 0, 1, 0, 1, 1, -2, 2, -4, 0, 1, 3, -1, 0], [-1, -2, -3, -1, 1, 0, -1, -1, -1, 0, 0, 0, 1, 1, -1, 1, -3, 0, 1, 2, 0, 1], [0, 0, 1, 0, 0, 0, 0, 0, 1, 0, 0, 0, 0, 0, 1, 0, 1, 0, 0, 0, 0, 0], [-1, -1, -1, -1, 1, 0, 0, 0, 0, 0, 1, 0, 1, 1, 0, 2, -2, -1, 1, 1, 0, 0], [1, 2, 3, 1, -1, 0, 1, 1, 1, 0, 0, 0, -1, -1, 1, -1, 3, 0, 0, -2, 0, 0]]
[[1, 1, 1, 0, 1, 0, 1, 2, -1, 0, 2, 0, 1, 1, -1, 0, 0, 1, 1, 1, -1, 1], [-1, -1, -2, -1, 0, -1, -1, -1, 0, 0, -1, 0, 0, 0, 0, 0, -1, -1, 0, 0, 1, 0], [-1, -2, -1, -1, 0, -1, -1, -1, 0, 0, -1, 0, 0, 0, 0, 0, -1, -1, 0, 0, 1, 0], [0, 0, 0, 1, 0, 0, 0, 0, 0, 0, 0, 0, 0, 0, 0, 0, 0, 0, 0, 0, 0, 0], [-1, -2, -2, -1, 1, -1, -1, -1, 0, 0, -1, 0, 0, 0, 0, 0, -1, -1, 0, 0, 1, 0], [1, 2, 2, 1, 0, 2, 1, 1, 0, 0, 1, 0, 0, 0, 0, 0, 1, 1, 0, 0, -1, 0], [1, 1, 1, 1, -1, 1, 1, -1, 1, 0, -1, 0, -1, -1, 1, 0, 1, 0, -1, -1, 0, -1], [1, 2, 2, 1, 0, 1, 1, 2, 0, 0, 1, 0, 0, 0, 0, 0, 1, 1, 0, 0, -1, 0], [0, 0, 0, 0, 0, 0, 0, 0, 1, 0, 0, 0, 0, 0, 0, 0, 0, 0, 0, 0, 0, 0], [1, 2, 2, 1, 0, 1, 1, 1, 0, 1, 1, 0, 0, 0, 0, 0, 1, 1, 0, 0, -1, 0], [1, 2, 2, 1, 0, 1, 1, 1, 0, 0, 2, 0, 0, 0, 0, 0, 1, 1, 0, 0, -1, 0], [2, 3, 3, 2, -1, 2, 1, 0, 1, 0, 0, 1, -1, -1, 1, 0, 2, 1, -1, -1, -1, -1], [1, 1, 1, 1, -1, 1, 0, -1, 1, 0, -1, 0, 0, -1, 1, 0, 1, 0, -1, -1, 0, -1], [-1, -2, -2, -1, 0, -1, -1, -1, 0, 0, -1, 0, 0, 1, 0, 0, -1, -1, 0, 0, 1, 0], [1, 2, 2, 1, 0, 1, 1, 1, 0, 0, 1, 0, 0, 0, 1, 0, 1, 1, 0, 0, -1, 0], [-2, -3, -3, -2, 1, -2, -1, 0, -1, 0, 0, 0, 1, 1, -1, 1, -2, -1, 1, 1, 1, 1], [0, 0, 0, 0, 0, 0, 0, 0, 0, 0, 0, 0, 0, 0, 0, 0, 1, 0, 0, 0, 0, 0], [-2, -4, -4, -2, 0, -2, -2, -2, 0, 0, -2, 0, 0, 0, 0, 0, -2, -1, 0, 0, 2, 0], [0, 0, 0, 0, 0, 0, 0, 0, 0, 0, 0, 0, 0, 0, 0, 0, 0, 0, 1, 0, 0, 0], [0, 0, 0, 0, 0, 0, 0, 0, 0, 0, 0, 0, 0, 0, 0, 0, 0, 0, 0, 1, 0, 0], [0, 0, 0, 0, 0, 0, 0, 0, 0, 0, 0, 0, 0, 0, 0, 0, 0, 0, 0, 0, 1, 0], [1, 2, 2, 1, 0, 1, 1, 1, 0, 0, 1, 0, 0, 0, 0, 0, 1, 1, 0, 0, -1, 1]]
[[2, 2, 3, 2, 0, 1, 2, 4, -2, 0, 4, -1, 1, 1, -1, 0, 1, 2, 2, 0, -2, 0], [0, 1, 0, 0, 0, 0, 0, 1, 0, 0, 1, 0, 0, 0, 0, 1, 0, 0, 1, 0, -1, -1], [-2, -3, -4, -3, 0, -2, -3, -5, 1, 0, -7, 1, -2, -1, 1, -2, -1, -3, -3, 0, 3, 0], [-1, -2, -3, -1, 0, -1, -2, -4, 0, 0, -6, 1, -1, -1, 1, -2, -1, -2, -2, 0, 2, 0], [-2, -3, -5, -3, 1, -2, -3, -5, 0, 0, -8, 1, -2, -1, 1, -3, -1, -3, -3, 0, 3, 0], [2, 3, 5, 3, 0, 3, 3, 4, 0, 0, 7, -1, 2, 1, -1, 2, 1, 3, 2, 0, -2, 1], [0, 0, 0, 0, 0, 0, 1, 0, 1, 0, 1, 0, 0, 0, 0, 1, 0, 0, 0, 0, 0, 0], [1, 1, 2, 1, 0, 1, 1, 0, 0, 0, 0, 0, 1, 0, 0, -1, 0, 1, -1, 0, 1, 2], [0, 0, 0, 0, 0, 0, 0, -1, 1, 0, -1, 0, 0, 0, 0, -1, 0, 0, -1, 0, 1, 1], [1, 1, 2, 1, 0, 1, 1, 0, 0, 1, 1, 0, 1, 0, 0, 0, 0, 1, 0, 0, 0, 1], [1, 2, 3, 2, 0, 1, 2, 5, -2, 0, 6, -1, 1, 1, -1, 1, 1, 2, 3, 0, -3, -1], [1, 2, 3, 2, 0, 1, 2, 4, -1, 0, 5, 0, 1, 1, -1, 1, 1, 2, 2, 0, -2, 0], [0, 1, 1, 1, 0, 0, 1, 4, 0, 0, 5, -1, 1, 1, -1, 2, 1, 1, 2, 0, -2, -1], [0, 0, 0, 0, 0, 0, 0, 1, 1, 0, 2, 0, 0, 1, 0, 2, 0, 0, 1, 0, -1, -1], [1, 2, 3, 2, 0, 1, 2, 4, -1, 0, 5, -1, 1, 1, 0, 1, 1, 2, 2, 0, -2, 0], [-1, -2, -3, -2, 0, -1, -2, -4, 0, 0, -6, 1, -1, -1, 1, -1, -1, -2, -2, 0, 2, 0], [1, 1, 2, 1, 0, 1, 1, 2, 0, 0, 3, 0, 1, 0, 0, 2, 1, 1, 2, 0, -2, -1], [-2, -3, -5, -3, 0, -2, -3, -5, 2, 0, -6, 1, -2, -1, 1, -1, -1, -2, -3, 0, 3, 0], [0, 0, 0, 0, 0, 0, 0, 0, 1, 0, 1, 0, 0, 0, 0, 1, 0, 0, 1, 0, 0, 0], [1, 1, 2, 1, 0, 1, 1, 1, 0, 0, 2, 0, 1, 0, 0, 1, 0, 1, 1, 1, -1, 0], [0, 0, 0, 0, 0, 0, 0, 1, 0, 0, 1, 0, 0, 0, 0, 1, 0, 0, 1, 0, 0, -1], [1, 1, 2, 1, 0, 1, 1, 1, -1, 0, 1, 0, 1, 0, 0, 0, 0, 1, 1, 0, -1, 1]]
[[0, 0, 1, 0, 1, 0, 1, 3, -1, 1, 4, -1, 0, 2, -1, 1, -1, -1, 2, 0, 0, -2], [0, 0, 0, 0, 0, 0, 0, 0, 0, -1, 0, 1, 0, 0, 0, 1, 0, 0, 1, 0, -1, 0], [0, 0, -1, -1, 0, -1, -1, -2, 1, 0, -3, 1, 0, -1, 1, 0, 0, 0, -1, 1, 0, 1], [-1, -1, -1, -1, 1, 0, -1, -1, 0, 0, -1, 0, 0, 0, 0, 0, -1, -1, -1, 1, 1, 0], [0, 0, 0, 0, 1, 0, 0, 0, 0, 0, 0, 0, 0, 0, 0, 0, 0, 0, 0, 2, 0, 0], [1, 1, 1, 2, -1, 1, 1, 1, 0, 0, 1, -1, 0, 0, 0, -1, 1, 1, 0, -2, 0, 0], [1, 1, 1, 1, -1, 1, 1, -1, 0, 0, -1, 0, 0, -1, 0, -1, 1, 1, -1, 0, 0, 1], [1, 1, 2, 2, -1, 2, 0, 0, 0, 1, 0, -1, 0, 0, 0, -2, 1, 1, -2, -2, 1, 0], [1, 1, 1, 1, -1, 1, 0, -1, 0, 0, -2, 0, 0, -1, 1, -1, 1, 1, -1, -1, 0, 1], [0, -1, 0, 0, 0, 0, 0, 0, 0, 0, 0, -1, 0, 0, 0, -1, 0, 0, -1, 0, 1, 0], [-1, 0, 1, 0, 1, 0, 1, 3, -1, 1, 5, -1, 0, 2, -1, 1, -1, -1, 2, 0, 0, -2], [0, 1, 2, 1, 0, 1, 1, 2, -1, 1, 3, -1, 0, 1, -1, -1, 0, 0, 0, -1, 1, -1], [0, 1, 1, 0, 0, 0, 1, 2, -1, 0, 2, 0, 1, 0, -1, 1, 0, 0, 2, 0, -1, 0], [0, 0, -1, -1, 0, -1, 0, 0, 0, -1, -1, 1, 0, 0, 0, 1, 0, 0, 1, 0, -1, 1], [0, 1, 2, 1, 0, 1, 1, 2, 0, 1, 4, -1, 0, 1, -1, 0, 0, 0, 1, -1, 0, -1], [0, -1, -1, 0, 0, 0, -1, -2, 1, 0, -2, 1, 0, 0, 1, 1, 0, 0, -1, 1, 0, 0], [-1, -1, -1, -1, 1, -1, 0, 1, 0, 0, 1, 0, 0, 1, 0, 1, 0, -1, 1, 0, 0, -1], [1, 0, -1, 0, -1, 0, -1, -3, 1, -1, -4, 2, 0, -2, 1, 0, 1, 2, -1, 1, -1, 2], [0, -1, -2, -1, 0, -1, -1, -2, 1, -1, -3, 1, 0, -1, 1, 0, 0, 0, 0, 0, 0, 1], [0, 0, 0, 0, 0, 0, 0, 0, 0, 0, 0, 0, 0, 0, 0, 0, 0, 0, 0, -1, 0, 0], [0, -1, -1, 0, 0, 0, -1, -2, 1, 0, -2, 2, 0, 0, 1, 1, 0, 0, 0, 0, 0, 0], [-1, -1, 0, 0, 1, 0, 0, 1, 0, 1, 2, -1, 0, 2, 0, 0, -1, -1, 0, 0, 1, -1]]
[[1, 0, 0, 0, 0, 0, 0, 0, 0, 0, 0, 0, 0, 0, 0, 0, 0, 0, 0, 0, 0, 0], [0, 1, 0, 0, 0, 0, 0, 0, 0, 0, 0, 0, 0, 0, 0, 0, 0, 0, 0, 0, 0, 0], [0, 0, 1, 0, 0, 0, 0, 0, 0, 0, 0, 0, 0, 0, 0, 0, 0, 0, 0, 0, 0, 0], [0, 0, 0, 1, 0, 0, 0, 0, 0, 0, 0, 0, 0, 0, 0, 0, 0, 0, 0, 0, 0, 0], [0, 0, 0, 0, 1, 0, 0, 0, 0, 0, 0, 0, 0, 0, 0, 0, 0, 0, 0, 0, 0, 0], [0, 0, 0, 0, 0, 1, 0, 0, 0, 0, 0, 0, 0, 0, 0, 0, 0, 0, 0, 0, 0, 0], [0, 0, 0, 0, 0, 0, 1, 0, 0, 0, 0, 0, 0, 0, 0, 0, 0, 0, 0, 0, 0, 0], [0, 0, 0, 0, 0, 0, 0, 1, 0, 0, 0, 0, 0, 0, 0, 0, 0, 0, 0, 0, 0, 0], [0, 0, 0, 0, 0, 0, 0, 0, 1, 0, 0, 0, 0, 0, 0, 0, 0, 0, 0, 0, 0, 0], [0, 0, 0, 0, 0, 0, 0, 0, 0, 1, 0, 0, 0, 0, 0, 0, 0, 0, 0, 0, 0, 0], [0, 0, 0, 0, 0, 0, 0, 0, 0, 0, 1, 0, 0, 0, 0, 0, 0, 0, 0, 0, 0, 0], [0, 0, 0, 0, 0, 0, 0, 0, 0, 0, 0, 1, 0, 0, 0, 0, 0, 0, 0, 0, 0, 0], [0, 0, 0, 0, 0, 0, 0, 0, 0, 0, 0, 0, 1, 0, 0, 0, 0, 0, 0, 0, 0, 0], [0, 0, 0, 0, 0, 0, 0, 0, 0, 0, 0, 0, 0, 1, 0, 0, 0, 0, 0, 0, 0, 0], [0, 0, 0, 0, 0, 0, 0, 0, 0, 0, 0, 0, 0, 0, 1, 0, 0, 0, 0, 0, 0, 0], [0, 0, 0, 0, 0, 0, 0, 0, 0, 0, 0, 0, 0, 0, 0, 1, 0, 0, 0, 0, 0, 0], [0, 0, 0, 0, 0, 0, 0, 0, 0, 0, 0, 0, 0, 0, 0, 0, 1, 0, 0, 0, 0, 0], [0, 0, 0, 0, 0, 0, 0, 0, 0, 0, 0, 0, 0, 0, 0, 0, 0, 1, 0, 0, 0, 0], [0, 0, 0, 0, 0, 0, 0, 0, 0, 0, 0, 0, 0, 0, 0, 0, 0, 0, 1, 0, 0, 0], [0, 0, 0, 0, 0, 0, 0, 0, 0, 0, 0, 0, 0, 0, 0, 0, 0, 0, 0, 1, 0, 0], [0, 0, 0, 0, 0, 0, 0, 0, 0, 0, 0, 0, 0, 0, 0, 0, 0, 0, 0, 0, 1, 0], [0, 0, 0, 0, 0, 0, 0, 0, 0, 0, 0, 0, 0, 0, 0, 0, 0, 0, 0, 0, 0, 1]]
[[0, -1, -1, -1, 1, -1, 0, 2, -1, 0, 2, -1, 0, 1, -1, 0, -1, 0, 1, 1, 0, 0], [-1, -1, -2, -1, 1, -1, -1, 1, -1, -1, 0, 0, 0, 0, -1, 0, -1, 0, 1, 1, 0, 0], [-1, -1, -1, 0, 0, -1, -1, 0, 0, -1, -1, 0, 0, 0, 0, 0, 0, 0, 0, 0, 0, 1], [1, 1, 2, 1, 0, 1, 1, 0, 0, 1, 0, 0, 0, 0, 1, 0, 1, 0, 0, 0, 0, -1], [0, 0, 0, 0, 1, 0, 0, 0, 0, 0, -1, 0, 0, 0, 1, 0, 1, 0, 0, 0, 0, 0], [1, 2, 2, 1, -1, 2, 1, -1, 1, 1, 1, 0, 0, 0, 0, 0, 0, 0, -1, -1, 0, 0], [1, 1, 1, 1, -1, 1, 1, -2, 1, 0, -2, 1, 0, -1, 1, 0, 1, 0, -1, -1, 0, 0], [3, 4, 5, 2, -2, 3, 2, -2, 2, 2, -1, 1, 0, -1, 2, 0, 2, 0, -2, -2, 0, -1], [1, 1, 1, 1, -1, 1, 0, -2, 2, 0, -2, 1, 0, -1, 1, 0, 1, 0, -1, -1, 0, 0], [1, 1, 1, 1, -1, 1, 0, -2, 1, 1, -2, 1, 0, -1, 1, 0, 1, 0, -1, -1, 0, 0], [0, 0, 1, -1, 1, 0, 1, 2, -1, 1, 3, -1, 0, 1, 0, 0, 0, 0, 1, 1, 0, -1], [1, 2, 3, 0, 0, 1, 2, 1, 0, 2, 2, 0, 0, 1, 1, 0, 1, 0, 0, 0, 0, -1], [-1, -1, -1, -1, 1, -1, 0, 2, -1, 0, 2, -1, 1, 1, -1, 0, -1, 0, 1, 1, 0, 0], [-2, -3, -4, -1, 1, -2, -2, 1, -1, -2, 0, 0, 0, 1, -2, 0, -2, 0, 1, 1, 0, 1], [1, 1, 2, 0, 0, 1, 1, 0, 0, 1, 1, 0, 0, 0, 1, 0, 0, 0, 0, 0, 0, -1], [0, 0, 0, 0, 0, 0, 0, 0, 0, 0, 0, 0, 0, 0, 0, 1, 0, 0, 0, 0, 0, 0], [-1, -1, -1, -1, 1, -1, 0, 2, -1, 0, 3, -1, 0, 1, -2, 0, -1, 0, 1, 1, 0, 0], [0, 0, -1, 1, -1, 0, -1, -2, 1, -1, -3, 1, 0, -1, 1, 0, 1, 1, -1, -1, 0, 1], [-1, -1, -2, 0, 0, -1, -1, 0, 0, -1, 0, 0, 0, 0, -1, 0, -1, 0, 1, 0, 0, 1], [0, 0, 0, 0, 0, 0, 0, 0, 0, 0, 1, 0, 0, 0, -1, 0, -1, 0, 0, 1, 0, 0], [0, 0, 0, 0, 0, 0, 0, 0, 0, 0, 0, 0, 0, 0, 0, 0, 0, 0, 0, 0, 1, 0], [1, 1, 2, 0, 0, 1, 1, 0, 0, 1, 1, 0, 0, 0, 0, 0, 0, 0, 0, 0, 0, 0]]
[[1, 0, 0, 0, 0, 0, 0, 0, 0, 0, 0, 0, 0, 0, 0, 0, 0, 0, 0, 0, 0, 0], [0, 1, 0, 0, 0, 0, 0, 0, 0, 0, 0, 0, 0, 0, 0, 0, 0, 0, 0, 0, 0, 0], [0, 0, 1, 0, 0, 0, 0, 0, 0, 0, 0, 0, 0, 0, 0, 0, 0, 0, 0, 0, 0, 0], [0, 0, 0, 1, 0, 0, 0, 0, 0, 0, 0, 0, 0, 0, 0, 0, 0, 0, 0, 0, 0, 0], [0, 0, 0, 0, 1, 0, 0, 0, 0, 0, 0, 0, 0, 0, 0, 0, 0, 0, 0, 0, 0, 0], [0, 0, 0, 0, 0, 1, 0, 0, 0, 0, 0, 0, 0, 0, 0, 0, 0, 0, 0, 0, 0, 0], [0, 0, 0, 0, 0, 0, 1, 0, 0, 0, 0, 0, 0, 0, 0, 0, 0, 0, 0, 0, 0, 0], [0, 0, 0, 0, 0, 0, 0, 1, 0, 0, 0, 0, 0, 0, 0, 0, 0, 0, 0, 0, 0, 0], [0, 0, 0, 0, 0, 0, 0, 0, 1, 0, 0, 0, 0, 0, 0, 0, 0, 0, 0, 0, 0, 0], [0, 0, 0, 0, 0, 0, 0, 0, 0, 1, 0, 0, 0, 0, 0, 0, 0, 0, 0, 0, 0, 0], [0, 0, 0, 0, 0, 0, 0, 0, 0, 0, 1, 0, 0, 0, 0, 0, 0, 0, 0, 0, 0, 0], [0, 0, 0, 0, 0, 0, 0, 0, 0, 0, 0, 1, 0, 0, 0, 0, 0, 0, 0, 0, 0, 0], [0, 0, 0, 0, 0, 0, 0, 0, 0, 0, 0, 0, 1, 0, 0, 0, 0, 0, 0, 0, 0, 0], [0, 0, 0, 0, 0, 0, 0, 0, 0, 0, 0, 0, 0, 1, 0, 0, 0, 0, 0, 0, 0, 0], [0, 0, 0, 0, 0, 0, 0, 0, 0, 0, 0, 0, 0, 0, 1, 0, 0, 0, 0, 0, 0, 0], [0, 0, 0, 0, 0, 0, 0, 0, 0, 0, 0, 0, 0, 0, 0, 1, 0, 0, 0, 0, 0, 0], [0, 0, 0, 0, 0, 0, 0, 0, 0, 0, 0, 0, 0, 0, 0, 0, 1, 0, 0, 0, 0, 0], [0, 0, 0, 0, 0, 0, 0, 0, 0, 0, 0, 0, 0, 0, 0, 0, 0, 1, 0, 0, 0, 0], [0, 0, 0, 0, 0, 0, 0, 0, 0, 0, 0, 0, 0, 0, 0, 0, 0, 0, 1, 0, 0, 0], [0, 0, 0, 0, 0, 0, 0, 0, 0, 0, 0, 0, 0, 0, 0, 0, 0, 0, 0, 1, 0, 0], [0, 0, 0, 0, 0, 0, 0, 0, 0, 0, 0, 0, 0, 0, 0, 0, 0, 0, 0, 0, 1, 0], [0, 0, 0, 0, 0, 0, 0, 0, 0, 0, 0, 0, 0, 0, 0, 0, 0, 0, 0, 0, 0, 1]]
[[1, 0, 0, 0, 0, 0, 0, 0, 0, 0, 0, 0, 0, 0, 0, 0, 0, 0, 0, 0, 0, 0], [0, 1, 0, 0, 0, 0, 0, 0, 0, 0, 0, 0, 0, 0, 0, 0, 0, 0, 0, 0, 0, 0], [0, 0, 1, 0, 0, 0, 0, 0, 0, 0, 0, 0, 0, 0, 0, 0, 0, 0, 0, 0, 0, 0], [0, 0, 0, 1, 0, 0, 0, 0, 0, 0, 0, 0, 0, 0, 0, 0, 0, 0, 0, 0, 0, 0], [0, 0, 0, 0, 1, 0, 0, 0, 0, 0, 0, 0, 0, 0, 0, 0, 0, 0, 0, 0, 0, 0], [0, 0, 0, 0, 0, 1, 0, 0, 0, 0, 0, 0, 0, 0, 0, 0, 0, 0, 0, 0, 0, 0], [0, 0, 0, 0, 0, 0, 1, 0, 0, 0, 0, 0, 0, 0, 0, 0, 0, 0, 0, 0, 0, 0], [0, 0, 0, 0, 0, 0, 0, 1, 0, 0, 0, 0, 0, 0, 0, 0, 0, 0, 0, 0, 0, 0], [0, 0, 0, 0, 0, 0, 0, 0, 1, 0, 0, 0, 0, 0, 0, 0, 0, 0, 0, 0, 0, 0], [0, 0, 0, 0, 0, 0, 0, 0, 0, 1, 0, 0, 0, 0, 0, 0, 0, 0, 0, 0, 0, 0], [0, 0, 0, 0, 0, 0, 0, 0, 0, 0, 1, 0, 0, 0, 0, 0, 0, 0, 0, 0, 0, 0], [0, 0, 0, 0, 0, 0, 0, 0, 0, 0, 0, 1, 0, 0, 0, 0, 0, 0, 0, 0, 0, 0], [0, 0, 0, 0, 0, 0, 0, 0, 0, 0, 0, 0, 1, 0, 0, 0, 0, 0, 0, 0, 0, 0], [0, 0, 0, 0, 0, 0, 0, 0, 0, 0, 0, 0, 0, 1, 0, 0, 0, 0, 0, 0, 0, 0], [0, 0, 0, 0, 0, 0, 0, 0, 0, 0, 0, 0, 0, 0, 1, 0, 0, 0, 0, 0, 0, 0], [0, 0, 0, 0, 0, 0, 0, 0, 0, 0, 0, 0, 0, 0, 0, 1, 0, 0, 0, 0, 0, 0], [0, 0, 0, 0, 0, 0, 0, 0, 0, 0, 0, 0, 0, 0, 0, 0, 1, 0, 0, 0, 0, 0], [0, 0, 0, 0, 0, 0, 0, 0, 0, 0, 0, 0, 0, 0, 0, 0, 0, 1, 0, 0, 0, 0], [0, 0, 0, 0, 0, 0, 0, 0, 0, 0, 0, 0, 0, 0, 0, 0, 0, 0, 1, 0, 0, 0], [0, 0, 0, 0, 0, 0, 0, 0, 0, 0, 0, 0, 0, 0, 0, 0, 0, 0, 0, 1, 0, 0], [0, 0, 0, 0, 0, 0, 0, 0, 0, 0, 0, 0, 0, 0, 0, 0, 0, 0, 0, 0, 1, 0], [0, 0, 0, 0, 0, 0, 0, 0, 0, 0, 0, 0, 0, 0, 0, 0, 0, 0, 0, 0, 0, 1]]
[[1, 0, 0, 0, 0, 0, 0, 0, 0, 0, 0, 0, 0, 0, 0, 0, 0, 0, 0, 0, 0, 0], [0, 1, 0, 0, 0, 0, 0, 0, 0, 0, 0, 0, 0, 0, 0, 0, 0, 0, 0, 0, 0, 0], [0, 0, 1, 0, 0, 0, 0, 0, 0, 0, 0, 0, 0, 0, 0, 0, 0, 0, 0, 0, 0, 0], [0, 0, 0, 1, 0, 0, 0, 0, 0, 0, 0, 0, 0, 0, 0, 0, 0, 0, 0, 0, 0, 0], [0, 0, 0, 0, 1, 0, 0, 0, 0, 0, 0, 0, 0, 0, 0, 0, 0, 0, 0, 0, 0, 0], [0, 0, 0, 0, 0, 1, 0, 0, 0, 0, 0, 0, 0, 0, 0, 0, 0, 0, 0, 0, 0, 0], [0, 0, 0, 0, 0, 0, 1, 0, 0, 0, 0, 0, 0, 0, 0, 0, 0, 0, 0, 0, 0, 0], [0, 0, 0, 0, 0, 0, 0, 1, 0, 0, 0, 0, 0, 0, 0, 0, 0, 0, 0, 0, 0, 0], [0, 0, 0, 0, 0, 0, 0, 0, 1, 0, 0, 0, 0, 0, 0, 0, 0, 0, 0, 0, 0, 0], [0, 0, 0, 0, 0, 0, 0, 0, 0, 1, 0, 0, 0, 0, 0, 0, 0, 0, 0, 0, 0, 0], [0, 0, 0, 0, 0, 0, 0, 0, 0, 0, 1, 0, 0, 0, 0, 0, 0, 0, 0, 0, 0, 0], [0, 0, 0, 0, 0, 0, 0, 0, 0, 0, 0, 1, 0, 0, 0, 0, 0, 0, 0, 0, 0, 0], [0, 0, 0, 0, 0, 0, 0, 0, 0, 0, 0, 0, 1, 0, 0, 0, 0, 0, 0, 0, 0, 0], [0, 0, 0, 0, 0, 0, 0, 0, 0, 0, 0, 0, 0, 1, 0, 0, 0, 0, 0, 0, 0, 0], [0, 0, 0, 0, 0, 0, 0, 0, 0, 0, 0, 0, 0, 0, 1, 0, 0, 0, 0, 0, 0, 0], [0, 0, 0, 0, 0, 0, 0, 0, 0, 0, 0, 0, 0, 0, 0, 1, 0, 0, 0, 0, 0, 0], [0, 0, 0, 0, 0, 0, 0, 0, 0, 0, 0, 0, 0, 0, 0, 0, 1, 0, 0, 0, 0, 0], [0, 0, 0, 0, 0, 0, 0, 0, 0, 0, 0, 0, 0, 0, 0, 0, 0, 1, 0, 0, 0, 0], [0, 0, 0, 0, 0, 0, 0, 0, 0, 0, 0, 0, 0, 0, 0, 0, 0, 0, 1, 0, 0, 0], [0, 0, 0, 0, 0, 0, 0, 0, 0, 0, 0, 0, 0, 0, 0, 0, 0, 0, 0, 1, 0, 0], [0, 0, 0, 0, 0, 0, 0, 0, 0, 0, 0, 0, 0, 0, 0, 0, 0, 0, 0, 0, 1, 0], [0, 0, 0, 0, 0, 0, 0, 0, 0, 0, 0, 0, 0, 0, 0, 0, 0, 0, 0, 0, 0, 1]]
[[0, 0, -1, 0, 0, 1, -1, -2, 1, 0, -2, 0, 0, -1, 1, 0, 0, -1, -1, -1, 1, -1], [0, 0, 0, -1, 1, -2, 0, 3, -1, 0, 2, 0, 1, 2, -1, 1, -1, 0, 2, 1, -1, 1], [0, 0, 1, 0, 0, -1, 0, 2, -1, 0, 1, 0, 0, 1, -1, 0, 0, 0, 1, 0, -1, 0], [0, 0, 0, 1, 0, 0, 0, 0, 0, 0, 0, 0, 0, 0, 0, 0, 0, 0, 0, 0, 0, 0], [0, 0, 0, 0, 1, -1, 0, 2, -1, 0, 1, 0, 0, 1, -1, 0, 0, 0, 1, 0, -1, 0], [0, 0, 0, 0, 0, 2, 0, -2, 1, 0, -1, 0, 0, -1, 1, 0, 0, 0, -1, 0, 1, 0], [1, 1, 1, 1, -1, 1, 2, -1, 0, 0, 0, 0, -1, -1, 0, -1, 1, 1, -1, 0, 0, 0], [1, 2, 1, 2, -2, 4, 1, -5, 2, 0, -3, 0, -2, -4, 2, -2, 2, 1, -4, -1, 2, -1], [1, 1, 1, 1, -1, 1, 1, -1, 1, 0, 0, 0, -1, -1, 0, -1, 1, 1, -1, 0, 0, 0], [0, 0, 0, 0, 0, 1, 0, -2, 1, 1, -1, 0, 0, -1, 1, 0, 0, 0, -1, 0, 1, 0], [-1, 0, -1, 0, 0, 1, -1, -2, 1, 0, -1, 0, 0, -1, 1, 0, 0, -1, -1, -1, 1, -1], [0, 1, 0, 1, -1, 3, 0, -5, 2, 0, -3, 1, -1, -3, 2, -1, 1, 0, -3, -1, 2, -1], [1, 1, 1, 1, -1, 1, 1, -1, 0, 0, 0, 0, 0, -1, 0, -1, 1, 1, -1, 0, 0, 0], [0, -1, 0, -1, 1, -2, 0, 3, -1, 0, 2, 0, 1, 3, -1, 1, -1, 0, 2, 1, -1, 1], [-1, 0, -1, 0, 0, 1, -1, -2, 1, 0, -2, 0, -1, -1, 1, -1, 1, -1, -2, -1, 2, -1], [1, 1, 1, 1, -1, 0, 1, 1, -1, 0, 1, 0, 0, 0, 0, 1, 0, 1, 1, 0, -2, 0], [0, 0, 0, 0, 0, 0, 0, 0, 0, 0, 0, 0, 1, 0, 1, 1, 0, 0, 1, 0, -1, 0], [1, 0, 1, 0, 0, -2, 1, 4, -2, 0, 3, 0, 0, 2, -2, 0, 0, 2, 2, 1, -2, 1], [0, -1, 0, -1, 1, -2, 0, 3, -1, 0, 2, 0, 1, 2, -1, 1, -1, 0, 3, 1, -1, 1], [-1, -1, -1, -1, 1, -1, -1, 1, 0, 0, 0, 0, 1, 1, 0, 1, -1, -1, 1, 1, 0, 0], [1, 1, 1, 1, -1, 0, 1, 1, -1, 0, 1, 0, 0, 0, 0, 0, 0, 1, 1, 0, -1, 0], [-1, 0, -1, 0, 0, 1, -1, -2, 1, 0, -2, 0, 0, -1, 1, 0, 0, -1, -1, -1, 1, 0]]
[[2, 1, 1, 2, -2, 2, 1, -2, 0, 0, 0, 0, -1, -1, 1, -1, 1, 2, -1, -1, 0, 0], [-1, 0, -1, -1, 1, -1, -1, 1, 0, 0, 0, 0, 0, 1, -1, 0, 0, -1, 0, 0, 0, 0], [0, 0, 0, -1, 1, -1, 0, 1, 0, 0, 0, 0, 1, 0, -1, 1, -1, -1, 1, 1, -1, 0], [0, 0, 0, 1, 0, 0, 0, 0, 0, 0, 0, 0, 0, 0, 0, 0, 0, 0, 0, 0, 0, 0], [0, 0, 0, 0, 1, 0, 0, 0, 0, 0, 0, 0, 0, 0, 0, 0, 0, 0, 0, 0, 0, 0], [0, 0, 1, 0, 0, 0, -1, 1, 0, 0, -1, 0, 0, 0, 1, -1, 1, 0, 0, -1, 1, 0], [-1, -1, 0, -1, 1, -1, 0, 1, 0, 0, 0, 0, 0, 1, 0, 0, 0, -1, 0, 0, 1, 0], [0, 0, 1, 1, -1, 1, 0, 0, 0, 0, 0, 0, -1, 0, 1, -1, 1, 1, -1, -1, 1, 0], [-1, -1, 0, -1, 1, -1, -1, 1, 1, 0, 0, 0, 0, 1, 0, 0, 0, -1, 0, 0, 1, 0], [0, 0, 1, 0, 0, 0, 0, 0, 0, 1, 0, 0, 0, 0, 1, 0, 0, 0, 0, 0, 1, 0], [2, 2, 1, 3, -3, 3, 2, -3, 0, 0, 1, 0, -1, -2, 1, -1, 1, 3, -1, -1, -1, 0], [1, 1, 1, 2, -2, 2, 1, -2, 0, 0, 0, 1, -1, -1, 1, -1, 1, 2, -1, -1, 0, 0], [0, 0, 0, 1, -1, 2, 1, -2, 0, 0, 1, 0, 0, 0, 0, 0, 0, 1, -1, 0, 0, 0], [-1, -1, -1, -2, 2, -2, -1, 2, 0, 0, 0, 0, 1, 2, -1, 1, -1, -2, 1, 1, 0, 0], [0, 0, 0, 1, -1, 1, 0, -1, 0, 0, 0, 0, -1, 0, 1, -1, 1, 1, -1, -1, 0, 0], [1, 1, 0, 1, -1, 1, 1, -1, 0, 0, 0, 0, 0, -1, 0, 1, 0, 1, 0, 0, -1, 0], [2, 2, 1, 2, -2, 2, 2, -2, 0, 0, 0, 0, 0, -2, 1, 0, 1, 2, 0, 0, -1, 0], [-2, -2, -2, -3, 3, -2, -1, 2, 0, 0, 1, 0, 1, 2, -2, 2, -2, -2, 1, 2, 0, 0], [-1, -1, -1, -2, 2, -2, -1, 2, 0, 0, 0, 0, 1, 1, -1, 1, -1, -2, 2, 1, 0, 0], [0, 0, 0, 0, 0, -1, -1, 1, 0, 0, -1, 0, 0, 0, 0, -1, 1, 0, 0, 0, 0, 0], [0, 0, -1, 0, 0, 0, 0, 0, 0, 0, 0, 0, 0, 0, -1, 0, 0, 0, 0, 0, 0, 0], [1, 1, 1, 1, -1, 0, 0, 0, 0, 0, -1, 0, 0, -1, 1, -1, 1, 1, 0, -1, 0, 1]]
[[1, 0, 0, 0, 0, 0, 0, 0, 0, 0, 0, 0, 0, 0, 0, 0, 0, 0, 0, 0, 0, 0], [0, 1, 0, 0, 0, 0, 0, 0, 0, 0, 0, 0, 0, 0, 0, 0, 0, 0, 0, 0, 0, 0], [0, 0, 1, 0, 0, 0, 0, 0, 0, 0, 0, 0, 0, 0, 0, 0, 0, 0, 0, 0, 0, 0], [0, 0, 0, 1, 0, 0, 0, 0, 0, 0, 0, 0, 0, 0, 0, 0, 0, 0, 0, 0, 0, 0], [0, 0, 0, 0, 1, 0, 0, 0, 0, 0, 0, 0, 0, 0, 0, 0, 0, 0, 0, 0, 0, 0], [0, 0, 0, 0, 0, 1, 0, 0, 0, 0, 0, 0, 0, 0, 0, 0, 0, 0, 0, 0, 0, 0], [0, 0, 0, 0, 0, 0, 1, 0, 0, 0, 0, 0, 0, 0, 0, 0, 0, 0, 0, 0, 0, 0], [0, 0, 0, 0, 0, 0, 0, 1, 0, 0, 0, 0, 0, 0, 0, 0, 0, 0, 0, 0, 0, 0], [0, 0, 0, 0, 0, 0, 0, 0, 1, 0, 0, 0, 0, 0, 0, 0, 0, 0, 0, 0, 0, 0], [0, 0, 0, 0, 0, 0, 0, 0, 0, 1, 0, 0, 0, 0, 0, 0, 0, 0, 0, 0, 0, 0], [0, 0, 0, 0, 0, 0, 0, 0, 0, 0, 1, 0, 0, 0, 0, 0, 0, 0, 0, 0, 0, 0], [0, 0, 0, 0, 0, 0, 0, 0, 0, 0, 0, 1, 0, 0, 0, 0, 0, 0, 0, 0, 0, 0], [0, 0, 0, 0, 0, 0, 0, 0, 0, 0, 0, 0, 1, 0, 0, 0, 0, 0, 0, 0, 0, 0], [0, 0, 0, 0, 0, 0, 0, 0, 0, 0, 0, 0, 0, 1, 0, 0, 0, 0, 0, 0, 0, 0], [0, 0, 0, 0, 0, 0, 0, 0, 0, 0, 0, 0, 0, 0, 1, 0, 0, 0, 0, 0, 0, 0], [0, 0, 0, 0, 0, 0, 0, 0, 0, 0, 0, 0, 0, 0, 0, 1, 0, 0, 0, 0, 0, 0], [0, 0, 0, 0, 0, 0, 0, 0, 0, 0, 0, 0, 0, 0, 0, 0, 1, 0, 0, 0, 0, 0], [0, 0, 0, 0, 0, 0, 0, 0, 0, 0, 0, 0, 0, 0, 0, 0, 0, 1, 0, 0, 0, 0], [0, 0, 0, 0, 0, 0, 0, 0, 0, 0, 0, 0, 0, 0, 0, 0, 0, 0, 1, 0, 0, 0], [0, 0, 0, 0, 0, 0, 0, 0, 0, 0, 0, 0, 0, 0, 0, 0, 0, 0, 0, 1, 0, 0], [0, 0, 0, 0, 0, 0, 0, 0, 0, 0, 0, 0, 0, 0, 0, 0, 0, 0, 0, 0, 1, 0], [0, 0, 0, 0, 0, 0, 0, 0, 0, 0, 0, 0, 0, 0, 0, 0, 0, 0, 0, 0, 0, 1]]
[[1, 0, 0, 0, 0, 0, 0, 0, 0, 0, 0, 0, 0, 0, 0, 0, 0, 0, 0, 0, 0, 0], [0, 1, 0, 0, 0, 0, 0, 0, 0, 0, 0, 0, 0, 0, 0, 0, 0, 0, 0, 0, 0, 0], [0, 0, 1, 0, 0, 0, 0, 0, 0, 0, 0, 0, 0, 0, 0, 0, 0, 0, 0, 0, 0, 0], [0, 0, 0, 1, 0, 0, 0, 0, 0, 0, 0, 0, 0, 0, 0, 0, 0, 0, 0, 0, 0, 0], [0, 0, 0, 0, 1, 0, 0, 0, 0, 0, 0, 0, 0, 0, 0, 0, 0, 0, 0, 0, 0, 0], [0, 0, 0, 0, 0, 1, 0, 0, 0, 0, 0, 0, 0, 0, 0, 0, 0, 0, 0, 0, 0, 0], [0, 0, 0, 0, 0, 0, 1, 0, 0, 0, 0, 0, 0, 0, 0, 0, 0, 0, 0, 0, 0, 0], [0, 0, 0, 0, 0, 0, 0, 1, 0, 0, 0, 0, 0, 0, 0, 0, 0, 0, 0, 0, 0, 0], [0, 0, 0, 0, 0, 0, 0, 0, 1, 0, 0, 0, 0, 0, 0, 0, 0, 0, 0, 0, 0, 0], [0, 0, 0, 0, 0, 0, 0, 0, 0, 1, 0, 0, 0, 0, 0, 0, 0, 0, 0, 0, 0, 0], [0, 0, 0, 0, 0, 0, 0, 0, 0, 0, 1, 0, 0, 0, 0, 0, 0, 0, 0, 0, 0, 0], [0, 0, 0, 0, 0, 0, 0, 0, 0, 0, 0, 1, 0, 0, 0, 0, 0, 0, 0, 0, 0, 0], [0, 0, 0, 0, 0, 0, 0, 0, 0, 0, 0, 0, 1, 0, 0, 0, 0, 0, 0, 0, 0, 0], [0, 0, 0, 0, 0, 0, 0, 0, 0, 0, 0, 0, 0, 1, 0, 0, 0, 0, 0, 0, 0, 0], [0, 0, 0, 0, 0, 0, 0, 0, 0, 0, 0, 0, 0, 0, 1, 0, 0, 0, 0, 0, 0, 0], [0, 0, 0, 0, 0, 0, 0, 0, 0, 0, 0, 0, 0, 0, 0, 1, 0, 0, 0, 0, 0, 0], [0, 0, 0, 0, 0, 0, 0, 0, 0, 0, 0, 0, 0, 0, 0, 0, 1, 0, 0, 0, 0, 0], [0, 0, 0, 0, 0, 0, 0, 0, 0, 0, 0, 0, 0, 0, 0, 0, 0, 1, 0, 0, 0, 0], [0, 0, 0, 0, 0, 0, 0, 0, 0, 0, 0, 0, 0, 0, 0, 0, 0, 0, 1, 0, 0, 0], [0, 0, 0, 0, 0, 0, 0, 0, 0, 0, 0, 0, 0, 0, 0, 0, 0, 0, 0, 1, 0, 0], [0, 0, 0, 0, 0, 0, 0, 0, 0, 0, 0, 0, 0, 0, 0, 0, 0, 0, 0, 0, 1, 0], [0, 0, 0, 0, 0, 0, 0, 0, 0, 0, 0, 0, 0, 0, 0, 0, 0, 0, 0, 0, 0, 1]]
[[1, 0, 0, 0, 0, 0, 0, 0, 0, 0, 0, 0, 0, 0, 0, 0, 0, 0, 0, 0, 0, 0], [0, 1, 0, 0, 0, 0, 0, 1, -1, -1, 0, -1, 0, -1, -1, -1, 0, 0, 0, 0, 0, 0], [-2, -2, -2, -2, 1, -2, -2, 0, 0, -1, -2, 0, -1, 0, 0, -1, 0, -1, -1, 0, 1, 0], [0, 0, 0, -1, 0, 0, 0, 0, 0, 0, 0, 0, 0, 0, 0, 0, 0, 0, 0, 0, 0, 0], [0, 0, 0, -2, 1, 0, 0, 0, 0, 0, 0, 0, 0, 0, 0, 0, 0, 0, 0, 0, 0, 0], [0, 0, 0, 2, 0, 1, 0, -1, 1, 1, 0, 1, 0, 1, 1, 1, 0, 0, 0, 0, 0, 0], [0, 0, 0, 0, 0, 0, 0, -1, 1, 0, -1, 1, 0, -1, 0, 0, 0, 0, 0, 0, 0, 0], [2, 2, 3, 3, -1, 2, 2, 0, 1, 2, 2, 1, 1, 1, 1, 2, 0, 1, 1, 0, -1, 0], [0, 0, 0, 1, 0, 0, 0, 0, 1, 0, 0, 0, 0, 0, 0, 0, 0, 0, 0, 0, 0, 0], [0, 0, 0, 0, 0, 0, 0, 0, 0, 1, 0, 0, 0, 0, 0, 0, 0, 0, 0, 0, 0, 0], [2, 2, 3, 1, -1, 2, 3, 1, -1, 1, 4, -1, 1, 1, 0, 1, 0, 1, 1, 0, -1, 0], [2, 2, 3, 2, -1, 2, 3, 1, -1, 1, 3, 0, 1, 1, 0, 1, 0, 1, 1, 0, -1, 0], [0, 0, 0, 0, 0, 0, 0, 0, 0, 0, 0, 0, 1, 0, 0, 0, 0, 0, 0, 0, 0, 0], [-2, -2, -3, -1, 1, -2, -3, 0, 0, -2, -3, 0, -1, -1, -1, -2, 0, -1, -1, 0, 1, 0], [2, 2, 3, 2, -1, 2, 2, 0, 0, 1, 2, 0, 1, 0, 1, 1, 0, 1, 1, 0, -1, 0], [0, 0, 0, -1, 0, 0, 0, 0, 0, 0, 0, 0, 0, 0, 0, 1, 0, 0, 0, 0, 0, 0], [0, 0, 0, 0, 0, 0, 0, 0, 0, 0, 0, 0, 0, 0, 0, 0, 1, 0, 0, 0, 0, 0], [0, 0, 0, 0, 0, 0, 0, 0, 0, 0, 0, 0, 0, 0, 0, 0, 0, 1, 0, 0, 0, 0], [-2, -2, -3, -1, 1, -2, -2, 0, 0, -1, -2, 0, -1, 0, 0, -1, 0, -1, 0, 0, 1, 0], [0, 0, 0, 1, 0, 0, 0, 0, 0, 0, 0, 0, 0, 0, 0, 0, 0, 0, 0, 1, 0, 0], [0, 0, 0, 0, 0, 0, 0, 0, 0, 0, 0, 0, 0, 0, 0, 0, 0, 0, 0, 0, 1, 0], [0, 0, 0, 0, 0, 0, 0, 0, 0, 0, 0, 0, 0, 0, 0, 0, 0, 0, 0, 0, 0, 1]]
[[2, 1, 1, 1, -1, 2, 1, -1, 0, 1, 2, 0, 0, 1, 1, 1, 0, 2, 0, 0, -1, 0], [-1, 0, -1, -1, 1, -2, -1, 1, 0, -1, -2, 0, 0, -1, -1, -1, 0, -2, 0, 0, 1, 0], [-1, -1, 0, -1, 1, -2, -1, 1, 0, -1, -2, 0, 0, -1, -1, -1, 0, -2, 0, 0, 1, 0], [1, 1, 1, 2, -1, 2, 1, -1, 0, 1, 2, 0, 0, 1, 1, 1, 0, 2, 0, 0, -1, 0], [1, 1, 1, 1, 0, 2, 1, -1, 0, 1, 2, 0, 0, 1, 1, 1, 0, 2, 0, 0, -1, 0], [-5, -5, -5, -5, 3, -7, -7, 1, 2, -3, -10, 2, -2, -3, -1, -5, 2, -6, -2, -2, 5, 0], [-2, -2, -2, -2, 1, -3, -2, 0, 1, -1, -4, 1, -1, -1, 0, -2, 1, -2, -1, -1, 2, 0], [-2, -2, -2, -2, 1, -3, -3, 1, 1, -1, -4, 1, -1, -1, 0, -2, 1, -2, -1, -1, 2, 0], [-3, -3, -3, -3, 2, -5, -4, 1, 2, -2, -6, 1, -1, -2, -1, -3, 1, -4, -1, -1, 3, 0], [-2, -2, -2, -2, 1, -3, -3, 0, 1, 0, -4, 1, -1, -1, 0, -2, 1, -2, -1, -1, 2, 0], [6, 6, 6, 6, -4, 10, 8, -2, -2, 4, 13, -2, 2, 4, 2, 6, -2, 8, 2, 2, -6, 0], [3, 3, 3, 3, -2, 5, 4, -1, -1, 2, 6, 0, 1, 2, 1, 3, -1, 4, 1, 1, -3, 0], [3, 3, 3, 3, -2, 5, 4, -1, -1, 2, 6, -1, 2, 2, 1, 3, -1, 4, 1, 1, -3, 0], [-4, -4, -4, -4, 3, -7, -5, 2, 1, -3, -8, 1, -1, -2, -2, -4, 1, -6, -1, -1, 4, 0], [0, 0, 0, 0, 0, 0, 0, 0, 0, 0, 0, 0, 0, 0, 1, 0, 0, 0, 0, 0, 0, 0], [3, 3, 3, 3, -2, 5, 4, -1, -1, 2, 6, -1, 1, 2, 1, 4, -1, 4, 1, 1, -3, 0], [3, 3, 3, 3, -2, 5, 4, -1, -1, 2, 6, -1, 1, 2, 1, 3, 0, 4, 1, 1, -3, 0], [1, 1, 1, 1, 0, 1, 2, 1, -1, 0, 2, -1, 1, 0, -1, 1, -1, 1, 1, 1, -1, 0], [-1, -1, -1, -1, 1, -2, -1, 1, 0, -1, -2, 0, 0, -1, -1, -1, 0, -2, 1, 0, 1, 0], [-3, -3, -3, -3, 2, -5, -4, 1, 1, -2, -6, 1, -1, -2, -1, -3, 1, -4, -1, 0, 3, 0], [2, 2, 2, 2, -1, 3, 3, 0, -1, 1, 4, -1, 1, 1, 0, 2, -1, 2, 1, 1, -1, 0], [-2, -2, -2, -2, 1, -3, -3, 0, 1, -1, -4, 1, -1, -1, 0, -2, 1, -2, -1, -1, 2, 1]]
[[1, 0, 0, 0, 0, 0, 0, 0, 0, 0, 0, 0, 0, 0, 0, 0, 0, 0, 0, 0, 0, 0], [0, 1, 0, 0, 0, 0, 0, 0, 0, 0, 0, 0, 0, 0, 0, 0, 0, 0, 0, 0, 0, 0], [0, 0, 1, 0, 0, 0, 0, 0, 0, 0, 0, 0, 0, 0, 0, 0, 0, 0, 0, 0, 0, 0], [1, 1, 1, 1, 0, 0, 1, 1, 0, 0, 1, 0, 0, 1, 0, 1, 0, 0, 1, 0, -1, 0], [1, 1, 1, 0, 1, 0, 1, 1, 0, 0, 1, 0, 0, 1, 0, 1, 0, 0, 1, 0, -1, 0], [-1, -1, -1, 0, 0, 1, -1, -1, 0, 0, -1, 0, 0, -1, 0, -1, 0, 0, -1, 0, 1, 0], [-1, -1, -1, 0, 0, 0, 0, -1, 0, 0, -1, 0, 0, -1, 0, -1, 0, 0, -1, 0, 1, 0], [-1, -1, -1, 0, 0, 0, -1, 0, 0, 0, -1, 0, 0, -1, 0, -1, 0, 0, -1, 0, 1, 0], [-1, -1, -1, 0, 0, 0, -1, -1, 1, 0, -1, 0, 0, -1, 0, -1, 0, 0, -1, 0, 1, 0], [0, 0, 0, 0, 0, 0, 0, 0, 0, 1, 0, 0, 0, 0, 0, 0, 0, 0, 0, 0, 0, 0], [1, 1, 1, 0, 0, 0, 1, 1, 0, 0, 2, 0, 0, 1, 0, 1, 0, 0, 1, 0, -1, 0], [0, 0, 0, 0, 0, 0, 0, 0, 0, 0, 0, 1, 0, 0, 0, 0, 0, 0, 0, 0, 0, 0], [0, 0, 0, 0, 0, 0, 0, 0, 0, 0, 0, 0, 1, 0, 0, 0, 0, 0, 0, 0, 0, 0], [-1, -1, -1, 0, 0, 0, -1, -1, 0, 0, -1, 0, 0, 0, 0, -1, 0, 0, -1, 0, 1, 0], [0, 0, 0, 0, 0, 0, 0, 0, 0, 0, 0, 0, 0, 0, 1, 0, 0, 0, 0, 0, 0, 0], [0, 0, 0, 0, 0, 0, 0, 0, 0, 0, 0, 0, 0, 0, 0, 1, 0, 0, 0, 0, 0, 0], [0, 0, 0, 0, 0, 0, 0, 0, 0, 0, 0, 0, 0, 0, 0, 0, 1, 0, 0, 0, 0, 0], [0, 0, 0, 0, 0, 0, 0, 0, 0, 0, 0, 0, 0, 0, 0, 0, 0, 1, 0, 0, 0, 0], [0, 0, 0, 0, 0, 0, 0, 0, 0, 0, 0, 0, 0, 0, 0, 0, 0, 0, 1, 0, 0, 0], [0, 0, 0, 0, 0, 0, 0, 0, 0, 0, 0, 0, 0, 0, 0, 0, 0, 0, 0, 1, 0, 0], [0, 0, 0, 0, 0, 0, 0, 0, 0, 0, 0, 0, 0, 0, 0, 0, 0, 0, 0, 0, 1, 0], [0, 0, 0, 0, 0, 0, 0, 0, 0, 0, 0, 0, 0, 0, 0, 0, 0, 0, 0, 0, 0, 1]]
[[1, 0, 0, 0, 0, 0, 0, 0, 0, 0, 0, 0, 0, 0, 0, 0, 0, 0, 0, 0, 0, 0], [0, 1, 0, 0, 0, 0, 0, 0, 0, 0, 0, 0, 0, 0, 0, 0, 0, 0, 0, 0, 0, 0], [0, 0, 1, 0, 0, 0, 0, 0, 0, 0, 0, 0, 0, 0, 0, 0, 0, 0, 0, 0, 0, 0], [0, 0, 0, 1, 0, 0, 0, 0, 0, 0, 0, 0, 0, 0, 0, 0, 0, 0, 0, 0, 0, 0], [0, 0, 0, 0, 1, 0, 0, 0, 0, 0, 0, 0, 0, 0, 0, 0, 0, 0, 0, 0, 0, 0], [0, 0, 0, 0, 0, 1, 0, 0, 0, 0, 0, 0, 0, 0, 0, 0, 0, 0, 0, 0, 0, 0], [0, 0, 0, 0, 0, 0, 1, 0, 0, 0, 0, 0, 0, 0, 0, 0, 0, 0, 0, 0, 0, 0], [0, 0, 0, 0, 0, 0, 0, 1, 0, 0, 0, 0, 0, 0, 0, 0, 0, 0, 0, 0, 0, 0], [0, 0, 0, 0, 0, 0, 0, 0, 1, 0, 0, 0, 0, 0, 0, 0, 0, 0, 0, 0, 0, 0], [0, 0, 0, 0, 0, 0, 0, 0, 0, 1, 0, 0, 0, 0, 0, 0, 0, 0, 0, 0, 0, 0], [0, 0, 0, 0, 0, 0, 0, 0, 0, 0, 1, 0, 0, 0, 0, 0, 0, 0, 0, 0, 0, 0], [0, 0, 0, 0, 0, 0, 0, 0, 0, 0, 0, 1, 0, 0, 0, 0, 0, 0, 0, 0, 0, 0], [0, 0, 0, 0, 0, 0, 0, 0, 0, 0, 0, 0, 1, 0, 0, 0, 0, 0, 0, 0, 0, 0], [0, 0, 0, 0, 0, 0, 0, 0, 0, 0, 0, 0, 0, 1, 0, 0, 0, 0, 0, 0, 0, 0], [0, 0, 0, 0, 0, 0, 0, 0, 0, 0, 0, 0, 0, 0, 1, 0, 0, 0, 0, 0, 0, 0], [0, 0, 0, 0, 0, 0, 0, 0, 0, 0, 0, 0, 0, 0, 0, 1, 0, 0, 0, 0, 0, 0], [0, 0, 0, 0, 0, 0, 0, 0, 0, 0, 0, 0, 0, 0, 0, 0, 1, 0, 0, 0, 0, 0], [0, 0, 0, 0, 0, 0, 0, 0, 0, 0, 0, 0, 0, 0, 0, 0, 0, 1, 0, 0, 0, 0], [0, 0, 0, 0, 0, 0, 0, 0, 0, 0, 0, 0, 0, 0, 0, 0, 0, 0, 1, 0, 0, 0], [0, 0, 0, 0, 0, 0, 0, 0, 0, 0, 0, 0, 0, 0, 0, 0, 0, 0, 0, 1, 0, 0], [0, 0, 0, 0, 0, 0, 0, 0, 0, 0, 0, 0, 0, 0, 0, 0, 0, 0, 0, 0, 1, 0], [0, 0, 0, 0, 0, 0, 0, 0, 0, 0, 0, 0, 0, 0, 0, 0, 0, 0, 0, 0, 0, 1]]
[[1, 0, 0, 0, 0, 0, 0, 0, 0, 0, 0, 0, 0, 0, 0, 0, 0, 0, 0, 0, 0, 0], [0, 1, 0, 0, 0, 0, 0, 0, 0, 0, 0, 0, 0, 0, 0, 0, 0, 0, 0, 0, 0, 0], [0, 0, 1, 0, 0, 0, 0, 0, 0, 0, 0, 0, 0, 0, 0, 0, 0, 0, 0, 0, 0, 0], [0, 0, 0, 1, 0, 0, 0, 0, 0, 0, 0, 0, 0, 0, 0, 0, 0, 0, 0, 0, 0, 0], [0, 0, 0, 0, 1, 0, 0, 0, 0, 0, 0, 0, 0, 0, 0, 0, 0, 0, 0, 0, 0, 0], [0, 0, 0, 0, 0, 1, 0, 0, 0, 0, 0, 0, 0, 0, 0, 0, 0, 0, 0, 0, 0, 0], [0, 0, 0, 0, 0, 0, 1, 0, 0, 0, 0, 0, 0, 0, 0, 0, 0, 0, 0, 0, 0, 0], [0, 0, 0, 0, 0, 0, 0, 1, 0, 0, 0, 0, 0, 0, 0, 0, 0, 0, 0, 0, 0, 0], [0, 0, 0, 0, 0, 0, 0, 0, 1, 0, 0, 0, 0, 0, 0, 0, 0, 0, 0, 0, 0, 0], [0, 0, 0, 0, 0, 0, 0, 0, 0, 1, 0, 0, 0, 0, 0, 0, 0, 0, 0, 0, 0, 0], [0, 0, 0, 0, 0, 0, 0, 0, 0, 0, 1, 0, 0, 0, 0, 0, 0, 0, 0, 0, 0, 0], [0, 0, 0, 0, 0, 0, 0, 0, 0, 0, 0, 1, 0, 0, 0, 0, 0, 0, 0, 0, 0, 0], [0, 0, 0, 0, 0, 0, 0, 0, 0, 0, 0, 0, 1, 0, 0, 0, 0, 0, 0, 0, 0, 0], [0, 0, 0, 0, 0, 0, 0, 0, 0, 0, 0, 0, 0, 1, 0, 0, 0, 0, 0, 0, 0, 0], [0, 0, 0, 0, 0, 0, 0, 0, 0, 0, 0, 0, 0, 0, 1, 0, 0, 0, 0, 0, 0, 0], [0, 0, 0, 0, 0, 0, 0, 0, 0, 0, 0, 0, 0, 0, 0, 1, 0, 0, 0, 0, 0, 0], [0, 0, 0, 0, 0, 0, 0, 0, 0, 0, 0, 0, 0, 0, 0, 0, 1, 0, 0, 0, 0, 0], [0, 0, 0, 0, 0, 0, 0, 0, 0, 0, 0, 0, 0, 0, 0, 0, 0, 1, 0, 0, 0, 0], [0, 0, 0, 0, 0, 0, 0, 0, 0, 0, 0, 0, 0, 0, 0, 0, 0, 0, 1, 0, 0, 0], [0, 0, 0, 0, 0, 0, 0, 0, 0, 0, 0, 0, 0, 0, 0, 0, 0, 0, 0, 1, 0, 0], [0, 0, 0, 0, 0, 0, 0, 0, 0, 0, 0, 0, 0, 0, 0, 0, 0, 0, 0, 0, 1, 0], [0, 0, 0, 0, 0, 0, 0, 0, 0, 0, 0, 0, 0, 0, 0, 0, 0, 0, 0, 0, 0, 1]]
[[1, 0, 0, 0, 0, 0, 0, 0, 0, 0, 0, 0, 0, 0, 0, 0, 0, 0, 0, 0, 0, 0], [0, 1, 0, 0, 0, 0, 0, 0, 0, 0, 0, 0, 0, 0, 0, 0, 0, 0, 0, 0, 0, 0], [0, 0, 1, 0, 0, 0, 0, 0, 0, 0, 0, 0, 0, 0, 0, 0, 0, 0, 0, 0, 0, 0], [0, 0, 0, 1, 0, 0, 0, 0, 0, 0, 0, 0, 0, 0, 0, 0, 0, 0, 0, 0, 0, 0], [0, 0, 0, 0, 1, 0, 0, 0, 0, 0, 0, 0, 0, 0, 0, 0, 0, 0, 0, 0, 0, 0], [0, 0, 0, 0, 0, 1, 0, 0, 0, 0, 0, 0, 0, 0, 0, 0, 0, 0, 0, 0, 0, 0], [0, 0, 0, 0, 0, 0, 1, 0, 0, 0, 0, 0, 0, 0, 0, 0, 0, 0, 0, 0, 0, 0], [0, 0, 0, 0, 0, 0, 0, 1, 0, 0, 0, 0, 0, 0, 0, 0, 0, 0, 0, 0, 0, 0], [0, 0, 0, 0, 0, 0, 0, 0, 1, 0, 0, 0, 0, 0, 0, 0, 0, 0, 0, 0, 0, 0], [0, 0, 0, 0, 0, 0, 0, 0, 0, 1, 0, 0, 0, 0, 0, 0, 0, 0, 0, 0, 0, 0], [0, 0, 0, 0, 0, 0, 0, 0, 0, 0, 1, 0, 0, 0, 0, 0, 0, 0, 0, 0, 0, 0], [0, 0, 0, 0, 0, 0, 0, 0, 0, 0, 0, 1, 0, 0, 0, 0, 0, 0, 0, 0, 0, 0], [0, 0, 0, 0, 0, 0, 0, 0, 0, 0, 0, 0, 1, 0, 0, 0, 0, 0, 0, 0, 0, 0], [0, 0, 0, 0, 0, 0, 0, 0, 0, 0, 0, 0, 0, 1, 0, 0, 0, 0, 0, 0, 0, 0], [0, 0, 0, 0, 0, 0, 0, 0, 0, 0, 0, 0, 0, 0, 1, 0, 0, 0, 0, 0, 0, 0], [0, 0, 0, 0, 0, 0, 0, 0, 0, 0, 0, 0, 0, 0, 0, 1, 0, 0, 0, 0, 0, 0], [0, 0, 0, 0, 0, 0, 0, 0, 0, 0, 0, 0, 0, 0, 0, 0, 1, 0, 0, 0, 0, 0], [0, 0, 0, 0, 0, 0, 0, 0, 0, 0, 0, 0, 0, 0, 0, 0, 0, 1, 0, 0, 0, 0], [0, 0, 0, 0, 0, 0, 0, 0, 0, 0, 0, 0, 0, 0, 0, 0, 0, 0, 1, 0, 0, 0], [0, 0, 0, 0, 0, 0, 0, 0, 0, 0, 0, 0, 0, 0, 0, 0, 0, 0, 0, 1, 0, 0], [0, 0, 0, 0, 0, 0, 0, 0, 0, 0, 0, 0, 0, 0, 0, 0, 0, 0, 0, 0, 1, 0], [0, 0, 0, 0, 0, 0, 0, 0, 0, 0, 0, 0, 0, 0, 0, 0, 0, 0, 0, 0, 0, 1]]
[[2, 1, 0, 1, -1, 1, 1, -1, 0, -1, 0, 0, -1, -1, 0, 0, 0, 1, 0, 0, -1, 0], [0, 1, 0, 0, 0, 0, 0, 0, 0, 0, 0, 0, 0, 0, 0, 0, 0, 0, 0, 0, 0, 0], [0, 0, 1, 0, 0, 0, 0, 0, 0, 0, 0, 0, 0, 0, 0, 0, 0, 0, 0, 0, 0, 0], [0, 0, 0, 1, 0, 0, 0, 0, 0, 0, 0, 0, 0, 0, 0, 0, 0, 0, 0, 0, 0, 0], [0, 0, 0, 0, 1, 0, 0, 0, 0, 0, 0, 0, 0, 0, 0, 0, 0, 0, 0, 0, 0, 0], [-1, -1, 0, -1, 1, 0, -1, 1, 0, 1, 0, 0, 1, 1, 0, 0, 0, -1, 0, 0, 1, 0], [-1, -1, 0, -1, 1, -1, 0, 1, 0, 1, 0, 0, 1, 1, 0, 0, 0, -1, 0, 0, 1, 0], [-1, -1, 0, -1, 1, -1, -1, 2, 0, 1, 0, 0, 1, 1, 0, 0, 0, -1, 0, 0, 1, 0], [-1, -1, 0, -1, 1, -1, -1, 1, 1, 1, 0, 0, 1, 1, 0, 0, 0, -1, 0, 0, 1, 0], [0, 0, 0, 0, 0, 0, 0, 0, 0, 1, 0, 0, 0, 0, 0, 0, 0, 0, 0, 0, 0, 0], [1, 1, 0, 1, -1, 1, 1, -1, 0, -1, 1, 0, -1, -1, 0, 0, 0, 1, 0, 0, -1, 0], [0, 0, 0, 0, 0, 0, 0, 0, 0, 0, 0, 1, 0, 0, 0, 0, 0, 0, 0, 0, 0, 0], [1, 1, 0, 1, -1, 1, 1, -1, 0, -1, 0, 0, 0, -1, 0, 0, 0, 1, 0, 0, -1, 0], [0, 0, 0, 0, 0, 0, 0, 0, 0, 0, 0, 0, 0, 1, 0, 0, 0, 0, 0, 0, 0, 0], [0, 0, 0, 0, 0, 0, 0, 0, 0, 0, 0, 0, 0, 0, 1, 0, 0, 0, 0, 0, 0, 0], [0, 0, 0, 0, 0, 0, 0, 0, 0, 0, 0, 0, 0, 0, 0, 1, 0, 0, 0, 0, 0, 0], [1, 1, 0, 1, -1, 1, 1, -1, 0, -1, 0, 0, -1, -1, 0, 0, 1, 1, 0, 0, -1, 0], [-1, -1, 0, -1, 1, -1, -1, 1, 0, 1, 0, 0, 1, 1, 0, 0, 0, 0, 0, 0, 1, 0], [0, 0, 0, 0, 0, 0, 0, 0, 0, 0, 0, 0, 0, 0, 0, 0, 0, 0, 1, 0, 0, 0], [0, 0, 0, 0, 0, 0, 0, 0, 0, 0, 0, 0, 0, 0, 0, 0, 0, 0, 0, 1, 0, 0], [0, 0, 0, 0, 0, 0, 0, 0, 0, 0, 0, 0, 0, 0, 0, 0, 0, 0, 0, 0, 1, 0], [0, 0, 0, 0, 0, 0, 0, 0, 0, 0, 0, 0, 0, 0, 0, 0, 0, 0, 0, 0, 0, 1]]
[[0, -1, -1, 0, 0, 0, -2, -1, 1, 0, -2, 1, 0, 0, 1, 0, 1, 0, 0, -1, 0, 0], [1, 2, 2, 1, 0, 1, 2, 2, -1, 1, 4, -1, 1, 1, -1, 1, -1, 1, 2, 1, -2, 0], [0, 0, 0, 0, 0, 0, 1, 1, -2, 0, 1, -1, 0, 1, -1, 0, -1, 0, 0, 1, 0, 0], [-1, -1, -1, 0, 0, 0, -1, 0, -1, 0, 0, 0, 0, 1, 0, 0, -1, 0, 0, 0, 0, 0], [-2, -2, -2, -1, 1, 0, -1, 1, -2, 0, 2, -1, 0, 3, -1, 0, -2, 0, 0, 1, 0, 0], [1, 1, 1, 0, 0, -1, -1, -2, 4, -1, -5, 2, -2, -4, 2, -2, 4, -1, -2, -2, 2, -1], [-1, 0, 0, -1, 0, -1, 0, 0, 1, -1, -1, 0, -1, -1, 0, -1, 1, -1, -1, -1, 1, 0], [0, 0, 0, 0, 0, -1, -2, -2, 4, -1, -5, 2, -1, -3, 2, -1, 3, -1, -2, -2, 2, 0], [0, 1, 0, -1, 0, -1, 0, 0, 1, -1, -2, 0, -1, -2, 0, -1, 1, -1, -1, -1, 1, 0], [-1, -1, -1, -1, 0, -1, -2, -2, 2, -1, -4, 1, -1, -2, 1, -1, 1, -2, -2, -1, 2, -1], [0, -1, -1, 1, 0, 1, -1, -1, 0, 1, 0, 1, 1, 1, 1, 1, 0, 1, 1, 0, -1, 0], [0, 0, 0, 1, 0, 0, -1, -1, 2, 0, -2, 2, 0, -1, 1, 0, 2, 0, 0, -1, 0, 0], [0, 1, 1, 0, 0, 0, 1, 2, -1, 1, 3, -1, 1, 1, -1, 0, 0, 1, 1, 0, -1, 1], [1, 2, 2, 0, 0, 0, 2, 2, -1, 0, 2, -1, 0, 0, -1, 0, 0, 0, 1, 0, -1, 0], [0, 0, 0, 1, 0, 0, -1, -1, 2, 0, -2, 1, 0, -1, 2, 0, 2, 0, 0, -1, 0, 0], [0, -1, 0, 0, 0, 1, 1, 1, -2, 1, 4, -1, 1, 3, -1, 2, -3, 1, 1, 2, -1, 0], [1, 0, 1, 0, 0, 1, 1, 0, -1, 1, 2, 0, 1, 1, 0, 1, -1, 1, 1, 1, -1, 0], [0, 1, 1, 0, 0, 1, 3, 3, -3, 0, 6, -3, 1, 2, -3, 1, -3, 1, 1, 2, -1, 1], [1, 1, 1, 0, 0, 0, 2, 1, -1, 0, 2, -1, 0, 0, -1, 0, -1, 0, 1, 1, 0, 0], [1, 1, 1, 0, 0, 0, 0, -1, 1, 0, -2, 1, 0, -2, 1, 0, 1, 0, 0, 0, 0, 0], [1, 1, 2, 1, 0, 1, 2, 2, -1, 1, 4, -1, 1, 1, -1, 1, -1, 1, 2, 1, -1, 0], [0, -1, -1, 0, 0, -1, -2, -2, 2, -1, -5, 2, -1, -2, 2, -1, 2, -1, -1, -1, 1, -1]]
[[1, 0, 0, 0, 0, 0, 0, 0, 0, 0, 0, 0, 0, 0, 0, 0, 0, 0, 0, 0, 0, 0], [0, 1, 0, 0, 0, 0, 0, 0, 0, 0, 0, 0, 0, 0, 0, 0, 0, 0, 0, 0, 0, 0], [0, 0, 1, 0, 0, 0, 0, 0, 0, 0, 0, 0, 0, 0, 0, 0, 0, 0, 0, 0, 0, 0], [0, 0, 0, 1, 0, 0, 0, 0, 0, 0, 0, 0, 0, 0, 0, 0, 0, 0, 0, 0, 0, 0], [0, 0, 0, 0, 1, 0, 0, 0, 0, 0, 0, 0, 0, 0, 0, 0, 0, 0, 0, 0, 0, 0], [0, 0, 0, 0, 0, 1, 0, 0, 0, 0, 0, 0, 0, 0, 0, 0, 0, 0, 0, 0, 0, 0], [0, 0, 0, 0, 0, 0, 1, 0, 0, 0, 0, 0, 0, 0, 0, 0, 0, 0, 0, 0, 0, 0], [0, 0, 0, 0, 0, 0, 0, 1, 0, 0, 0, 0, 0, 0, 0, 0, 0, 0, 0, 0, 0, 0], [0, 0, 0, 0, 0, 0, 0, 0, 1, 0, 0, 0, 0, 0, 0, 0, 0, 0, 0, 0, 0, 0], [0, 0, 0, 0, 0, 0, 0, 0, 0, 1, 0, 0, 0, 0, 0, 0, 0, 0, 0, 0, 0, 0], [0, 0, 0, 0, 0, 0, 0, 0, 0, 0, 1, 0, 0, 0, 0, 0, 0, 0, 0, 0, 0, 0], [0, 0, 0, 0, 0, 0, 0, 0, 0, 0, 0, 1, 0, 0, 0, 0, 0, 0, 0, 0, 0, 0], [0, 0, 0, 0, 0, 0, 0, 0, 0, 0, 0, 0, 1, 0, 0, 0, 0, 0, 0, 0, 0, 0], [0, 0, 0, 0, 0, 0, 0, 0, 0, 0, 0, 0, 0, 1, 0, 0, 0, 0, 0, 0, 0, 0], [0, 0, 0, 0, 0, 0, 0, 0, 0, 0, 0, 0, 0, 0, 1, 0, 0, 0, 0, 0, 0, 0], [0, 0, 0, 0, 0, 0, 0, 0, 0, 0, 0, 0, 0, 0, 0, 1, 0, 0, 0, 0, 0, 0], [0, 0, 0, 0, 0, 0, 0, 0, 0, 0, 0, 0, 0, 0, 0, 0, 1, 0, 0, 0, 0, 0], [0, 0, 0, 0, 0, 0, 0, 0, 0, 0, 0, 0, 0, 0, 0, 0, 0, 1, 0, 0, 0, 0], [0, 0, 0, 0, 0, 0, 0, 0, 0, 0, 0, 0, 0, 0, 0, 0, 0, 0, 1, 0, 0, 0], [0, 0, 0, 0, 0, 0, 0, 0, 0, 0, 0, 0, 0, 0, 0, 0, 0, 0, 0, 1, 0, 0], [0, 0, 0, 0, 0, 0, 0, 0, 0, 0, 0, 0, 0, 0, 0, 0, 0, 0, 0, 0, 1, 0], [0, 0, 0, 0, 0, 0, 0, 0, 0, 0, 0, 0, 0, 0, 0, 0, 0, 0, 0, 0, 0, 1]]
[[1, 0, 0, 0, 0, 0, 0, 0, 0, 0, 0, 0, 0, 0, 0, 0, 0, 0, 0, 0, 0, 0], [0, 1, 0, 0, 0, 0, 0, 0, 0, 0, 0, 0, 0, 0, 0, 0, 0, 0, 0, 0, 0, 0], [0, 0, 1, 0, 0, 0, 0, 0, 0, 0, 0, 0, 0, 0, 0, 0, 0, 0, 0, 0, 0, 0], [0, 0, 0, 1, 0, 0, 0, 0, 0, 0, 0, 0, 0, 0, 0, 0, 0, 0, 0, 0, 0, 0], [0, 0, 0, 0, 1, 0, 0, 0, 0, 0, 0, 0, 0, 0, 0, 0, 0, 0, 0, 0, 0, 0], [0, 0, 0, 0, 0, 1, 0, 0, 0, 0, 0, 0, 0, 0, 0, 0, 0, 0, 0, 0, 0, 0], [0, 0, 0, 0, 0, 0, 1, 0, 0, 0, 0, 0, 0, 0, 0, 0, 0, 0, 0, 0, 0, 0], [0, 0, 0, 0, 0, 0, 0, 1, 0, 0, 0, 0, 0, 0, 0, 0, 0, 0, 0, 0, 0, 0], [0, 0, 0, 0, 0, 0, 0, 0, 1, 0, 0, 0, 0, 0, 0, 0, 0, 0, 0, 0, 0, 0], [0, 0, 0, 0, 0, 0, 0, 0, 0, 1, 0, 0, 0, 0, 0, 0, 0, 0, 0, 0, 0, 0], [0, 0, 0, 0, 0, 0, 0, 0, 0, 0, 1, 0, 0, 0, 0, 0, 0, 0, 0, 0, 0, 0], [0, 0, 0, 0, 0, 0, 0, 0, 0, 0, 0, 1, 0, 0, 0, 0, 0, 0, 0, 0, 0, 0], [0, 0, 0, 0, 0, 0, 0, 0, 0, 0, 0, 0, 1, 0, 0, 0, 0, 0, 0, 0, 0, 0], [0, 0, 0, 0, 0, 0, 0, 0, 0, 0, 0, 0, 0, 1, 0, 0, 0, 0, 0, 0, 0, 0], [0, 0, 0, 0, 0, 0, 0, 0, 0, 0, 0, 0, 0, 0, 1, 0, 0, 0, 0, 0, 0, 0], [0, 0, 0, 0, 0, 0, 0, 0, 0, 0, 0, 0, 0, 0, 0, 1, 0, 0, 0, 0, 0, 0], [0, 0, 0, 0, 0, 0, 0, 0, 0, 0, 0, 0, 0, 0, 0, 0, 1, 0, 0, 0, 0, 0], [0, 0, 0, 0, 0, 0, 0, 0, 0, 0, 0, 0, 0, 0, 0, 0, 0, 1, 0, 0, 0, 0], [0, 0, 0, 0, 0, 0, 0, 0, 0, 0, 0, 0, 0, 0, 0, 0, 0, 0, 1, 0, 0, 0], [0, 0, 0, 0, 0, 0, 0, 0, 0, 0, 0, 0, 0, 0, 0, 0, 0, 0, 0, 1, 0, 0], [0, 0, 0, 0, 0, 0, 0, 0, 0, 0, 0, 0, 0, 0, 0, 0, 0, 0, 0, 0, 1, 0], [0, 0, 0, 0, 0, 0, 0, 0, 0, 0, 0, 0, 0, 0, 0, 0, 0, 0, 0, 0, 0, 1]]

#################
# GALOIS GROUPS #
#################


Generators of the monodromy group on the generic Picard lattice:
[[0, 0, 0, 0, 2, -1, -2, 3, 1, -1, 0, 0, 0, 1], [1, 1, 0, 0, 0, 0, 0, 0, 0, -1, -1, 0, -1, 0], [-1, 0, 1, 0, 0, 0, 0, 0, 0, 1, 1, 0, 1, 0], [1, 1, 1, 1, 1, 0, 0, 1, 1, -1, -1, 1, -1, 1], [0, 0, 0, 0, 1, 0, 0, 0, 0, 0, 0, 0, 0, 0], [-1, -1, -1, 0, -1, 1, 0, -1, -1, 1, 1, -1, 1, -1], [1, 0, 0, 0, -2, 1, 3, -3, -1, 1, 0, 0, 0, -1], [1, 0, 0, 0, -2, 1, 2, -2, -1, 1, 0, 0, 0, -1], [1, 0, 0, 0, -2, 1, 2, -3, 0, 1, 0, 0, 0, -1], [0, 0, 0, 0, 0, 0, 0, 0, 0, 1, 0, 0, 0, 0], [0, 0, 0, 0, 2, -1, -2, 3, 1, -2, 0, 0, -1, 1], [0, -1, -1, 0, 1, -1, -2, 2, 0, -2, -1, 0, -1, 0], [1, 0, 0, 0, 0, 0, 0, 0, 0, -1, -1, 0, 0, 0], [-2, -1, -1, 0, 1, -1, -2, 2, 0, 0, 1, -1, 1, 1]]
[[1, 0, 0, 0, 0, 0, 0, 0, 0, 0, 0, 0, 0, 0], [0, 1, 0, 0, 0, 0, 0, 0, 0, 0, 0, 0, 0, 0], [0, 0, 1, 0, 0, 0, 0, 0, 0, 0, 0, 0, 0, 0], [0, 0, 0, 1, 0, 0, 0, 0, 0, 0, 0, 0, 0, 0], [0, 0, 0, 0, 1, 0, 0, 0, 0, 0, 0, 0, 0, 0], [0, 0, 0, 0, 0, 1, 0, 0, 0, 0, 0, 0, 0, 0], [0, 0, 0, 0, 0, 0, 1, 0, 0, 0, 0, 0, 0, 0], [0, 0, 0, 0, 0, 0, 0, 1, 0, 0, 0, 0, 0, 0], [0, 0, 0, 0, 0, 0, 0, 0, 1, 0, 0, 0, 0, 0], [0, 0, 0, 0, 0, 0, 0, 0, 0, 1, 0, 0, 0, 0], [0, 0, 0, 0, 0, 0, 0, 0, 0, 0, 1, 0, 0, 0], [0, 0, 0, 0, 0, 0, 0, 0, 0, 0, 0, 1, 0, 0], [0, 0, 0, 0, 0, 0, 0, 0, 0, 0, 0, 0, 1, 0], [0, 0, 0, 0, 0, 0, 0, 0, 0, 0, 0, 0, 0, 1]]
[[1, 0, 0, 0, 0, 0, 0, 0, 0, 0, 0, 0, 0, 0], [1, 2, 2, 0, -1, 1, 2, 0, -1, 1, 1, -1, 1, 0], [-1, -1, -1, -1, 0, -1, 0, 0, 0, -1, 0, 0, -1, 0], [0, 0, 0, -1, 0, 0, 0, 0, 0, 0, 0, 0, 0, 0], [0, 0, 0, -2, 1, 0, 0, 0, 0, 0, 0, 0, 0, 0], [-1, -1, -2, 2, 1, 0, -2, 0, 1, -1, -1, 1, -1, 0], [0, 0, 0, 0, 1, 0, -1, 0, 1, 0, -1, 1, 0, 0], [0, 0, 0, 2, 1, 0, -2, 1, 1, 0, -1, 1, 0, 0], [0, 0, 0, 1, 0, 0, 0, 0, 1, 0, 0, 0, 0, 0], [0, 0, 0, 0, 0, 0, 0, 0, 0, 1, 0, 0, 0, 0], [1, 1, 2, 0, -1, 1, 2, 0, -1, 1, 2, -1, 1, 0], [1, 1, 2, 1, -1, 1, 2, 0, -1, 1, 1, 0, 1, 0], [0, 0, 0, 0, 0, 0, 0, 0, 0, 0, 0, 0, 1, 0], [0, 0, 0, 0, 0, 0, 0, 0, 0, 0, 0, 0, 0, 1]]
[[1, 0, 0, 0, 0, 0, 0, 0, 0, 0, 0, 0, 0, 0], [0, 1, 0, 0, 0, 0, 0, 0, 0, 0, 0, 0, 0, 0], [0, 0, 1, 0, 0, 0, 0, 0, 0, 0, 0, 0, 0, 0], [0, 0, 0, 1, 0, 0, 0, 0, 0, 0, 0, 0, 0, 0], [0, 0, 0, 0, 1, 0, 0, 0, 0, 0, 0, 0, 0, 0], [0, 0, 0, 0, 0, 1, 0, 0, 0, 0, 0, 0, 0, 0], [0, 0, 0, 0, 0, 0, 1, 0, 0, 0, 0, 0, 0, 0], [0, 0, 0, 0, 0, 0, 0, 1, 0, 0, 0, 0, 0, 0], [0, 0, 0, 0, 0, 0, 0, 0, 1, 0, 0, 0, 0, 0], [0, 0, 0, 0, 0, 0, 0, 0, 0, 1, 0, 0, 0, 0], [0, 0, 0, 0, 0, 0, 0, 0, 0, 0, 1, 0, 0, 0], [0, 0, 0, 0, 0, 0, 0, 0, 0, 0, 0, 1, 0, 0], [0, 0, 0, 0, 0, 0, 0, 0, 0, 0, 0, 0, 1, 0], [0, 0, 0, 0, 0, 0, 0, 0, 0, 0, 0, 0, 0, 1]]
[[0, -1, 0, -1, -1, -1, 0, 0, -1, 1, 1, -1, 1, 0], [0, 1, 0, 0, -1, 1, 2, -2, 0, 1, 1, 0, 0, 0], [1, 1, 1, 1, 1, 1, 0, 0, 1, 0, -1, 1, 0, 0], [0, 0, 0, 1, 0, 0, 0, 0, 0, 0, 0, 0, 0, 0], [0, 0, 0, 0, 1, 0, 0, 0, 0, 0, 0, 0, 0, 0], [-1, -1, 0, -1, 0, -1, -2, 2, -1, 0, 0, -1, 1, 0], [0, 0, 0, 0, 0, 0, 1, 0, 0, -1, 0, 0, -1, 0], [-1, -1, 0, -1, -1, -1, 0, 1, -1, 0, 1, -1, 0, 0], [0, 0, 0, 0, 0, 0, 0, 0, 1, -1, 0, 0, -1, 0], [0, 0, 0, 0, 1, -1, -2, 2, 0, -1, -1, 0, -1, 0], [-1, -1, 0, -1, -1, -1, 0, 0, -1, 2, 2, -1, 2, 0], [-1, -1, 0, -1, -1, -1, 0, 0, -1, 1, 1, 0, 1, 0], [0, 0, 0, 0, -1, 1, 2, -2, 0, 0, 1, 0, 0, 0], [0, 0, 0, 0, 1, -1, -2, 2, 0, 0, -1, 0, 1, 1]]
[[0, -1, -4, 0, 1, 1, -2, -2, 0, -2, -2, 0, -1, -2], [0, 1, 2, 0, 0, -1, 0, 2, 0, 1, 1, 0, 1, 1], [0, 0, 2, 0, -2, 0, 2, -1, -1, 2, 1, 0, 1, 0], [0, 0, 0, 1, 0, 0, 0, 0, 0, 0, 0, 0, 0, 0], [0, 0, 1, 0, -1, 0, 2, -1, -1, 2, 1, 0, 1, 0], [0, 0, -1, 0, 2, 1, -2, 1, 1, -2, -1, 0, -1, 0], [1, 1, 2, 0, -1, 0, 3, 0, 0, 1, 1, 0, 0, 1], [1, 1, -1, 0, 1, 1, 0, 0, 1, -2, -1, 0, -2, 0], [1, 1, 2, 0, -1, 0, 2, 0, 1, 1, 1, 0, 0, 1], [0, 0, -1, 0, 2, 0, -2, 1, 1, -1, -1, 0, -1, 0], [-1, -1, -4, 0, 1, 1, -2, -2, 0, -2, -1, 0, -1, -2], [0, 0, -3, 0, 2, 1, -2, -1, 1, -3, -2, 1, -2, -1], [1, 1, 2, 0, -1, 0, 2, 0, 0, 1, 1, 0, 1, 1], [-2, -2, -2, 0, 2, -1, -4, 2, 0, -1, -1, 0, 1, 0]]
[[1, 0, 0, 0, 0, 0, 0, 0, 0, 0, 0, 0, 0, 0], [0, 1, 0, 0, 0, 0, 0, 0, 0, 0, 0, 0, 0, 0], [0, 0, 1, 0, 0, 0, 0, 0, 0, 0, 0, 0, 0, 0], [0, 0, 0, 1, 0, 0, 0, 0, 0, 0, 0, 0, 0, 0], [0, 0, 0, 0, 1, 0, 0, 0, 0, 0, 0, 0, 0, 0], [0, 0, 0, 0, 0, 1, 0, 0, 0, 0, 0, 0, 0, 0], [0, 0, 0, 0, 0, 0, 1, 0, 0, 0, 0, 0, 0, 0], [0, 0, 0, 0, 0, 0, 0, 1, 0, 0, 0, 0, 0, 0], [0, 0, 0, 0, 0, 0, 0, 0, 1, 0, 0, 0, 0, 0], [0, 0, 0, 0, 0, 0, 0, 0, 0, 1, 0, 0, 0, 0], [0, 0, 0, 0, 0, 0, 0, 0, 0, 0, 1, 0, 0, 0], [0, 0, 0, 0, 0, 0, 0, 0, 0, 0, 0, 1, 0, 0], [0, 0, 0, 0, 0, 0, 0, 0, 0, 0, 0, 0, 1, 0], [0, 0, 0, 0, 0, 0, 0, 0, 0, 0, 0, 0, 0, 1]]
[[1, 0, 0, 0, 0, 0, 0, 0, 0, 0, 0, 0, 0, 0], [0, 1, 0, 0, 0, 0, 0, 0, 0, 0, 0, 0, 0, 0], [0, 0, 1, 0, 0, 0, 0, 0, 0, 0, 0, 0, 0, 0], [0, 0, 0, 1, 0, 0, 0, 0, 0, 0, 0, 0, 0, 0], [0, 0, 0, 0, 1, 0, 0, 0, 0, 0, 0, 0, 0, 0], [0, 0, 0, 0, 0, 1, 0, 0, 0, 0, 0, 0, 0, 0], [0, 0, 0, 0, 0, 0, 1, 0, 0, 0, 0, 0, 0, 0], [0, 0, 0, 0, 0, 0, 0, 1, 0, 0, 0, 0, 0, 0], [0, 0, 0, 0, 0, 0, 0, 0, 1, 0, 0, 0, 0, 0], [0, 0, 0, 0, 0, 0, 0, 0, 0, 1, 0, 0, 0, 0], [0, 0, 0, 0, 0, 0, 0, 0, 0, 0, 1, 0, 0, 0], [0, 0, 0, 0, 0, 0, 0, 0, 0, 0, 0, 1, 0, 0], [0, 0, 0, 0, 0, 0, 0, 0, 0, 0, 0, 0, 1, 0], [0, 0, 0, 0, 0, 0, 0, 0, 0, 0, 0, 0, 0, 1]]
[[1, 0, 0, 0, 0, 0, 0, 0, 0, 0, 0, 0, 0, 0], [0, 1, 0, 0, 0, 0, 0, 0, 0, 0, 0, 0, 0, 0], [0, 0, 1, 0, 0, 0, 0, 0, 0, 0, 0, 0, 0, 0], [0, 0, 0, 1, 0, 0, 0, 0, 0, 0, 0, 0, 0, 0], [0, 0, 0, 0, 1, 0, 0, 0, 0, 0, 0, 0, 0, 0], [0, 0, 0, 0, 0, 1, 0, 0, 0, 0, 0, 0, 0, 0], [0, 0, 0, 0, 0, 0, 1, 0, 0, 0, 0, 0, 0, 0], [0, 0, 0, 0, 0, 0, 0, 1, 0, 0, 0, 0, 0, 0], [0, 0, 0, 0, 0, 0, 0, 0, 1, 0, 0, 0, 0, 0], [0, 0, 0, 0, 0, 0, 0, 0, 0, 1, 0, 0, 0, 0], [0, 0, 0, 0, 0, 0, 0, 0, 0, 0, 1, 0, 0, 0], [0, 0, 0, 0, 0, 0, 0, 0, 0, 0, 0, 1, 0, 0], [0, 0, 0, 0, 0, 0, 0, 0, 0, 0, 0, 0, 1, 0], [0, 0, 0, 0, 0, 0, 0, 0, 0, 0, 0, 0, 0, 1]]
[[2, 1, 1, 0, -1, 0, 2, 0, 0, 0, 0, 0, -1, 0], [1, 1, 0, 0, 0, 0, 0, 0, 0, -1, -2, 1, -1, 0], [-2, -1, 0, 0, 1, -1, -2, 2, 0, 0, 1, -1, 1, 1], [1, 0, 0, 1, 0, 0, 0, 0, 0, -1, -2, 1, -1, 0], [-1, -1, -1, 0, 2, -1, -2, 2, 0, -1, -1, 0, 0, 1], [0, 1, 1, 0, -1, 2, 2, -2, 0, 2, 3, -1, 1, -1], [-1, -1, -1, 0, 1, 0, -1, 0, 0, 0, 0, 0, 1, 0], [0, 0, 0, 0, 0, 1, 0, -1, 0, 1, 1, 0, 1, -1], [-1, -1, -1, 0, 1, 0, -2, 0, 1, 0, 0, 0, 1, 0], [-1, -1, -1, 0, 1, 0, -2, 0, 0, 1, 0, 0, 1, 0], [2, 1, 1, 0, -1, 0, 2, 0, 0, -1, -1, 1, -2, 0], [1, 1, 1, 0, -1, 0, 2, 0, 0, 0, 0, 1, -1, 0], [1, 1, 1, 0, -1, 0, 2, 0, 0, 0, 0, 0, 0, 0], [2, 2, 2, 0, -2, 1, 4, -2, 0, 1, 1, 0, -1, 0]]
[[3, 1, -1, 1, -3, 2, 4, -5, -1, -1, -2, 1, -3, -3], [-1, -1, -1, 0, 1, 0, -2, 0, 0, -1, -1, 1, 0, 0], [-1, 0, 0, 0, 3, -2, -4, 4, 2, -1, -1, 1, 0, 2], [1, 1, 0, 1, 1, 1, 0, 0, 1, -2, -1, 1, -2, 0], [2, 2, 2, 2, 1, 0, 0, 2, 2, -2, -2, 2, -2, 2], [-1, -1, 0, -1, -2, 0, 2, -1, -2, 3, 3, -3, 3, -1], [0, 1, 3, 0, 0, 0, 1, 2, 0, 2, 2, -1, 2, 2], [0, 0, 2, -1, -3, 1, 4, -2, -2, 4, 4, -3, 3, -1], [-2, -1, 1, -1, 1, -1, -2, 3, -1, 2, 2, -2, 3, 1], [1, 0, 1, 0, -1, 0, 2, 0, 0, 0, 1, -1, 0, 0], [2, 1, -1, 1, -3, 2, 4, -5, -1, -1, -1, 1, -3, -3], [2, 2, 2, 0, -4, 2, 6, -4, -2, 2, 2, -1, 0, -2], [0, 1, 1, 0, 0, 1, 0, 0, -1, 1, 0, 0, 1, 0], [0, -1, -3, 0, 0, 0, 0, -2, 0, -2, -2, 1, -2, -1]]
[[1, 0, 0, 0, 0, 0, 0, 0, 0, 0, 0, 0, 0, 0], [0, 1, 0, 0, 0, 0, 0, 0, 0, 0, 0, 0, 0, 0], [0, 0, 1, 0, 0, 0, 0, 0, 0, 0, 0, 0, 0, 0], [0, 0, 0, 1, 0, 0, 0, 0, 0, 0, 0, 0, 0, 0], [0, 0, 0, 0, 1, 0, 0, 0, 0, 0, 0, 0, 0, 0], [0, 0, 0, 0, 0, 1, 0, 0, 0, 0, 0, 0, 0, 0], [0, 0, 0, 0, 0, 0, 1, 0, 0, 0, 0, 0, 0, 0], [0, 0, 0, 0, 0, 0, 0, 1, 0, 0, 0, 0, 0, 0], [0, 0, 0, 0, 0, 0, 0, 0, 1, 0, 0, 0, 0, 0], [0, 0, 0, 0, 0, 0, 0, 0, 0, 1, 0, 0, 0, 0], [0, 0, 0, 0, 0, 0, 0, 0, 0, 0, 1, 0, 0, 0], [0, 0, 0, 0, 0, 0, 0, 0, 0, 0, 0, 1, 0, 0], [0, 0, 0, 0, 0, 0, 0, 0, 0, 0, 0, 0, 1, 0], [0, 0, 0, 0, 0, 0, 0, 0, 0, 0, 0, 0, 0, 1]]
[[1, 0, 0, 0, 0, 0, 0, 0, 0, 0, 0, 0, 0, 0], [0, 1, 0, 0, 0, 0, 0, 0, 0, 0, 0, 0, 0, 0], [0, 0, 1, 0, 0, 0, 0, 0, 0, 0, 0, 0, 0, 0], [0, 0, 0, 1, 0, 0, 0, 0, 0, 0, 0, 0, 0, 0], [0, 0, 0, 0, 1, 0, 0, 0, 0, 0, 0, 0, 0, 0], [0, 0, 0, 0, 0, 1, 0, 0, 0, 0, 0, 0, 0, 0], [0, 0, 0, 0, 0, 0, 1, 0, 0, 0, 0, 0, 0, 0], [0, 0, 0, 0, 0, 0, 0, 1, 0, 0, 0, 0, 0, 0], [0, 0, 0, 0, 0, 0, 0, 0, 1, 0, 0, 0, 0, 0], [0, 0, 0, 0, 0, 0, 0, 0, 0, 1, 0, 0, 0, 0], [0, 0, 0, 0, 0, 0, 0, 0, 0, 0, 1, 0, 0, 0], [0, 0, 0, 0, 0, 0, 0, 0, 0, 0, 0, 1, 0, 0], [0, 0, 0, 0, 0, 0, 0, 0, 0, 0, 0, 0, 1, 0], [0, 0, 0, 0, 0, 0, 0, 0, 0, 0, 0, 0, 0, 1]]
[[-2, -3, -2, -1, 0, -1, -2, 0, -1, 0, 1, -1, 1, -1], [-1, 0, -1, 0, 2, 0, -2, 1, 1, -1, 0, 0, 0, 0], [3, 3, 2, 2, 0, 2, 2, -1, 1, -1, -2, 2, -2, 0], [0, 0, 0, 1, 0, 0, 0, 0, 0, 0, 0, 0, 0, 0], [1, 1, 0, 1, -1, 1, 2, -2, -1, 0, -1, 1, -1, -1], [-1, -1, 1, -2, -1, -1, 0, 1, -1, 2, 2, -2, 2, 1], [1, 1, 1, 0, -2, 0, 3, -1, -1, 1, 0, 0, 0, 0], [-1, -1, 1, -2, -1, -2, 0, 2, -1, 2, 2, -2, 2, 1], [1, 1, 1, 0, -2, 0, 2, -1, 0, 1, 0, 0, 0, 0], [-1, -1, 0, -1, -1, -1, 0, 0, -1, 2, 1, -1, 1, 0], [-2, -2, -1, -1, 1, -1, -2, 1, 0, 0, 2, -1, 1, 0], [-2, -2, 0, -2, 1, -2, -2, 2, 0, 1, 2, -1, 2, 1], [0, 0, 0, 0, 0, 0, 0, 0, 0, 0, 0, 0, 1, 0], [-2, -2, -2, 0, 1, 0, -2, 0, 0, -1, 0, 0, 0, 0]]
[[1, 0, 0, 0, 0, 0, 0, 0, 0, 0, 0, 0, 0, 0], [0, 1, 0, 0, 0, 0, 0, 0, 0, 0, 0, 0, 0, 0], [0, 0, 1, 0, 0, 0, 0, 0, 0, 0, 0, 0, 0, 0], [0, 0, 0, 1, 0, 0, 0, 0, 0, 0, 0, 0, 0, 0], [0, 0, 0, 0, 1, 0, 0, 0, 0, 0, 0, 0, 0, 0], [0, 0, 0, 0, 0, 1, 0, 0, 0, 0, 0, 0, 0, 0], [0, 0, 0, 0, 0, 0, 1, 0, 0, 0, 0, 0, 0, 0], [0, 0, 0, 0, 0, 0, 0, 1, 0, 0, 0, 0, 0, 0], [0, 0, 0, 0, 0, 0, 0, 0, 1, 0, 0, 0, 0, 0], [0, 0, 0, 0, 0, 0, 0, 0, 0, 1, 0, 0, 0, 0], [0, 0, 0, 0, 0, 0, 0, 0, 0, 0, 1, 0, 0, 0], [0, 0, 0, 0, 0, 0, 0, 0, 0, 0, 0, 1, 0, 0], [0, 0, 0, 0, 0, 0, 0, 0, 0, 0, 0, 0, 1, 0], [0, 0, 0, 0, 0, 0, 0, 0, 0, 0, 0, 0, 0, 1]]
[[1, 0, 0, 0, 0, 0, 0, 0, 0, 0, 0, 0, 0, 0], [0, 1, 0, 0, 0, 0, 0, 0, 0, 0, 0, 0, 0, 0], [0, 0, 1, 0, 0, 0, 0, 0, 0, 0, 0, 0, 0, 0], [0, 0, 0, 1, 0, 0, 0, 0, 0, 0, 0, 0, 0, 0], [0, 0, 0, 0, 1, 0, 0, 0, 0, 0, 0, 0, 0, 0], [0, 0, 0, 0, 0, 1, 0, 0, 0, 0, 0, 0, 0, 0], [0, 0, 0, 0, 0, 0, 1, 0, 0, 0, 0, 0, 0, 0], [0, 0, 0, 0, 0, 0, 0, 1, 0, 0, 0, 0, 0, 0], [0, 0, 0, 0, 0, 0, 0, 0, 1, 0, 0, 0, 0, 0], [0, 0, 0, 0, 0, 0, 0, 0, 0, 1, 0, 0, 0, 0], [0, 0, 0, 0, 0, 0, 0, 0, 0, 0, 1, 0, 0, 0], [0, 0, 0, 0, 0, 0, 0, 0, 0, 0, 0, 1, 0, 0], [0, 0, 0, 0, 0, 0, 0, 0, 0, 0, 0, 0, 1, 0], [0, 0, 0, 0, 0, 0, 0, 0, 0, 0, 0, 0, 0, 1]]
[[1, 0, 0, 0, 0, 0, 0, 0, 0, 0, 0, 0, 0, 0], [0, 1, 0, 0, 0, 0, 0, 0, 0, 0, 0, 0, 0, 0], [0, 0, 1, 0, 0, 0, 0, 0, 0, 0, 0, 0, 0, 0], [0, 0, 0, 1, 0, 0, 0, 0, 0, 0, 0, 0, 0, 0], [0, 0, 0, 0, 1, 0, 0, 0, 0, 0, 0, 0, 0, 0], [0, 0, 0, 0, 0, 1, 0, 0, 0, 0, 0, 0, 0, 0], [0, 0, 0, 0, 0, 0, 1, 0, 0, 0, 0, 0, 0, 0], [0, 0, 0, 0, 0, 0, 0, 1, 0, 0, 0, 0, 0, 0], [0, 0, 0, 0, 0, 0, 0, 0, 1, 0, 0, 0, 0, 0], [0, 0, 0, 0, 0, 0, 0, 0, 0, 1, 0, 0, 0, 0], [0, 0, 0, 0, 0, 0, 0, 0, 0, 0, 1, 0, 0, 0], [0, 0, 0, 0, 0, 0, 0, 0, 0, 0, 0, 1, 0, 0], [0, 0, 0, 0, 0, 0, 0, 0, 0, 0, 0, 0, 1, 0], [0, 0, 0, 0, 0, 0, 0, 0, 0, 0, 0, 0, 0, 1]]
[[1, 0, 0, 0, 0, 0, 0, 0, 0, 0, 0, 0, 0, 0], [0, 1, 0, 0, 0, 0, 0, 0, 0, 0, 0, 0, 0, 0], [0, 0, 1, 0, 0, 0, 0, 0, 0, 0, 0, 0, 0, 0], [0, 0, 0, 1, 0, 0, 0, 0, 0, 0, 0, 0, 0, 0], [0, 0, 0, 0, 1, 0, 0, 0, 0, 0, 0, 0, 0, 0], [0, 0, 0, 0, 0, 1, 0, 0, 0, 0, 0, 0, 0, 0], [0, 0, 0, 0, 0, 0, 1, 0, 0, 0, 0, 0, 0, 0], [0, 0, 0, 0, 0, 0, 0, 1, 0, 0, 0, 0, 0, 0], [0, 0, 0, 0, 0, 0, 0, 0, 1, 0, 0, 0, 0, 0], [0, 0, 0, 0, 0, 0, 0, 0, 0, 1, 0, 0, 0, 0], [0, 0, 0, 0, 0, 0, 0, 0, 0, 0, 1, 0, 0, 0], [0, 0, 0, 0, 0, 0, 0, 0, 0, 0, 0, 1, 0, 0], [0, 0, 0, 0, 0, 0, 0, 0, 0, 0, 0, 0, 1, 0], [0, 0, 0, 0, 0, 0, 0, 0, 0, 0, 0, 0, 0, 1]]
[[1, 0, 0, 0, 0, 0, 0, 0, 0, 0, 0, 0, 0, 0], [0, 1, 0, 0, 0, 0, 0, 0, 0, 0, 0, 0, 0, 0], [0, 0, 1, 0, 0, 0, 0, 0, 0, 0, 0, 0, 0, 0], [0, 0, 0, 1, 0, 0, 0, 0, 0, 0, 0, 0, 0, 0], [0, 0, 0, 0, 1, 0, 0, 0, 0, 0, 0, 0, 0, 0], [0, 0, 0, 0, 0, 1, 0, 0, 0, 0, 0, 0, 0, 0], [0, 0, 0, 0, 0, 0, 1, 0, 0, 0, 0, 0, 0, 0], [0, 0, 0, 0, 0, 0, 0, 1, 0, 0, 0, 0, 0, 0], [0, 0, 0, 0, 0, 0, 0, 0, 1, 0, 0, 0, 0, 0], [0, 0, 0, 0, 0, 0, 0, 0, 0, 1, 0, 0, 0, 0], [0, 0, 0, 0, 0, 0, 0, 0, 0, 0, 1, 0, 0, 0], [0, 0, 0, 0, 0, 0, 0, 0, 0, 0, 0, 1, 0, 0], [0, 0, 0, 0, 0, 0, 0, 0, 0, 0, 0, 0, 1, 0], [0, 0, 0, 0, 0, 0, 0, 0, 0, 0, 0, 0, 0, 1]]
[[-2, -3, -3, -1, 1, -1, -4, 0, 0, 0, -1, 0, 1, 0], [1, 2, 3, 1, -1, 1, 2, 0, 0, 2, 1, 0, 1, 0], [2, 2, 2, 1, -2, 1, 4, -1, -1, 0, 0, 0, -1, 0], [-1, -1, -1, 0, -1, 0, 0, -1, -1, 0, 0, 0, 0, -1], [0, 0, 0, 0, -3, 1, 4, -3, -1, 0, 1, 0, -1, -1], [0, -1, -2, -1, 3, -2, -4, 2, 2, -2, -2, 1, -1, 1], [-1, 0, 0, -1, 0, 0, 1, 0, 0, 0, 2, -1, 0, 0], [-2, -2, -3, -1, 4, -2, -6, 3, 2, -2, -1, 0, 0, 1], [0, 1, 0, -1, 1, 0, 0, 1, 0, 0, 1, -1, 0, 0], [0, -1, -3, 0, 1, 0, -2, -1, 1, -3, -2, 1, -2, -1], [-2, -3, -3, 0, 1, -1, -4, 0, 0, 0, -2, 1, 1, 0], [-2, -2, -2, 0, 2, -1, -4, 1, 1, 0, -1, 1, 1, 1], [-1, 1, 3, -1, -1, 0, 2, 1, -1, 4, 4, -2, 3, 1], [1, 0, 1, 0, 0, 0, 0, 0, 0, 0, -1, 1, 0, 0]]
[[1, 0, 0, 0, 0, 0, 0, 0, 0, 0, 0, 0, 0, 0], [0, 1, 0, 0, 0, 0, 0, 0, 0, 0, 0, 0, 0, 0], [0, 0, 1, 0, 0, 0, 0, 0, 0, 0, 0, 0, 0, 0], [0, 0, 0, 1, 0, 0, 0, 0, 0, 0, 0, 0, 0, 0], [0, 0, 0, 0, 1, 0, 0, 0, 0, 0, 0, 0, 0, 0], [0, 0, 0, 0, 0, 1, 0, 0, 0, 0, 0, 0, 0, 0], [0, 0, 0, 0, 0, 0, 1, 0, 0, 0, 0, 0, 0, 0], [0, 0, 0, 0, 0, 0, 0, 1, 0, 0, 0, 0, 0, 0], [0, 0, 0, 0, 0, 0, 0, 0, 1, 0, 0, 0, 0, 0], [0, 0, 0, 0, 0, 0, 0, 0, 0, 1, 0, 0, 0, 0], [0, 0, 0, 0, 0, 0, 0, 0, 0, 0, 1, 0, 0, 0], [0, 0, 0, 0, 0, 0, 0, 0, 0, 0, 0, 1, 0, 0], [0, 0, 0, 0, 0, 0, 0, 0, 0, 0, 0, 0, 1, 0], [0, 0, 0, 0, 0, 0, 0, 0, 0, 0, 0, 0, 0, 1]]
[[1, 1, 3, 1, -1, 0, 2, 1, -1, 1, 1, 0, 1, 1], [-1, -1, -3, -1, 0, 0, 0, -2, 0, -1, 0, 0, -1, -1], [0, -1, -2, -1, 1, 0, -2, -1, 1, -1, -1, 0, -1, -1], [0, 0, 0, 0, 0, 0, 0, 0, 0, 1, 1, -1, 1, 0], [1, 1, 0, 0, 2, 0, -2, 1, 1, 0, -1, 0, 0, 0], [0, 1, 3, 1, -1, 1, 2, 1, -1, 1, 1, 0, 1, 1], [1, 1, 0, 1, 1, 0, -1, 1, 1, -1, -2, 1, -1, 0], [0, 1, 3, 1, -1, 0, 2, 2, -1, 1, 1, 0, 1, 1], [0, 0, 0, 1, 0, 0, 0, 0, 1, -1, -1, 1, -1, 0], [0, 1, 3, 0, -1, 0, 2, 1, -1, 3, 2, -1, 2, 1], [0, 1, 3, 0, -1, 0, 2, 1, -1, 2, 3, -1, 2, 1], [0, 1, 3, 0, -1, 0, 2, 1, -1, 2, 2, 0, 2, 1], [0, -1, -3, 1, 1, 0, -2, -1, 1, -3, -3, 2, -2, -1], [0, 0, 0, 0, 0, 0, 0, 0, 0, 0, 0, 0, 0, 1]]
[[1, 0, 0, 0, 0, 0, 0, 0, 0, 0, 0, 0, 0, 0], [0, 1, 0, 0, 0, 0, 0, 0, 0, 0, 0, 0, 0, 0], [0, 0, 1, 0, 0, 0, 0, 0, 0, 0, 0, 0, 0, 0], [0, 0, 0, 1, 0, 0, 0, 0, 0, 0, 0, 0, 0, 0], [0, 0, 0, 0, 1, 0, 0, 0, 0, 0, 0, 0, 0, 0], [0, 0, 0, 0, 0, 1, 0, 0, 0, 0, 0, 0, 0, 0], [0, 0, 0, 0, 0, 0, 1, 0, 0, 0, 0, 0, 0, 0], [0, 0, 0, 0, 0, 0, 0, 1, 0, 0, 0, 0, 0, 0], [0, 0, 0, 0, 0, 0, 0, 0, 1, 0, 0, 0, 0, 0], [0, 0, 0, 0, 0, 0, 0, 0, 0, 1, 0, 0, 0, 0], [0, 0, 0, 0, 0, 0, 0, 0, 0, 0, 1, 0, 0, 0], [0, 0, 0, 0, 0, 0, 0, 0, 0, 0, 0, 1, 0, 0], [0, 0, 0, 0, 0, 0, 0, 0, 0, 0, 0, 0, 1, 0], [0, 0, 0, 0, 0, 0, 0, 0, 0, 0, 0, 0, 0, 1]]
[[1, 0, 0, 0, 0, 0, 0, 0, 0, 0, 0, 0, 0, 0], [0, 1, 0, 0, 0, 0, 0, 0, 0, 0, 0, 0, 0, 0], [0, 0, 1, 0, 0, 0, 0, 0, 0, 0, 0, 0, 0, 0], [0, 0, 0, 1, 0, 0, 0, 0, 0, 0, 0, 0, 0, 0], [1, 0, 0, 1, 0, 0, 1, -1, 1, -1, -1, 1, -1, 0], [0, 0, 0, 0, 0, 1, 0, 0, 0, 0, 0, 0, 0, 0], [0, 0, 0, 0, 0, 0, 1, 0, 0, 0, 0, 0, 0, 0], [0, 0, 0, 0, 0, 0, 0, 1, 0, 0, 0, 0, 0, 0], [-1, 0, 0, -1, 1, 0, -1, 1, 0, 1, 1, -1, 1, 0], [1, 0, 0, 1, -1, 0, 1, -1, 1, 0, -1, 1, -1, 0], [0, 0, 0, 0, 0, 0, 0, 0, 0, 0, 1, 0, 0, 0], [0, 0, 0, 0, 0, 0, 0, 0, 0, 0, 0, 1, 0, 0], [-1, 0, 0, -1, 1, 0, -1, 1, -1, 1, 1, -1, 2, 0], [0, 0, 0, 0, 0, 0, 0, 0, 0, 0, 0, 0, 0, 1]]
[[1, 0, 0, 0, 0, 0, 0, 0, 0, 0, 0, 0, 0, 0], [0, 1, 0, 0, 0, 0, 0, 0, 0, 0, 0, 0, 0, 0], [0, 0, 1, 0, 0, 0, 0, 0, 0, 0, 0, 0, 0, 0], [0, 0, 0, 1, 0, 0, 0, 0, 0, 0, 0, 0, 0, 0], [0, 0, 0, 0, 1, 0, 0, 0, 0, 0, 0, 0, 0, 0], [0, 0, 0, 0, 0, 1, 0, 0, 0, 0, 0, 0, 0, 0], [0, 0, 0, 0, 0, 0, 1, 0, 0, 0, 0, 0, 0, 0], [0, 0, 0, 0, 0, 0, 0, 1, 0, 0, 0, 0, 0, 0], [0, 0, 0, 0, 0, 0, 0, 0, 1, 0, 0, 0, 0, 0], [0, 0, 0, 0, 0, 0, 0, 0, 0, 1, 0, 0, 0, 0], [0, 0, 0, 0, 0, 0, 0, 0, 0, 0, 1, 0, 0, 0], [0, 0, 0, 0, 0, 0, 0, 0, 0, 0, 0, 1, 0, 0], [0, 0, 0, 0, 0, 0, 0, 0, 0, 0, 0, 0, 1, 0], [0, 0, 0, 0, 0, 0, 0, 0, 0, 0, 0, 0, 0, 1]]
[[0, 0, 1, 0, 1, 0, -1, 1, 1, 1, 1, 0, 1, 1], [-1, 0, 0, 0, 0, 0, -1, 0, 0, 1, 1, -1, 1, 0], [1, 1, 1, 0, 0, 0, 1, 0, 0, -1, -1, 1, -1, 0], [0, 1, 1, 1, 0, 1, 1, 0, 0, 0, 1, 0, 0, 0], [0, 1, 1, 0, 0, 2, 2, -1, -1, 0, 2, -1, 0, -1], [1, -1, -2, 0, 0, -1, -1, 0, 0, -1, -3, 1, -1, 0], [0, 0, 0, 0, -1, 1, 2, -1, -1, 0, 1, -1, 0, -1], [0, -1, -1, 0, 0, -1, -1, 1, 0, 0, -1, 0, 0, 0], [1, 0, -1, 0, -1, 0, 1, -1, 0, -1, -1, 0, -1, -1], [1, 1, 0, 0, -1, 1, 2, -1, -1, 0, 0, 0, -1, -1], [-1, -1, 0, 0, 1, -1, -2, 1, 1, 1, 1, 0, 1, 1], [-1, -2, -1, 0, 0, -1, -2, 0, 0, 1, 0, 0, 1, 0], [-1, -1, 0, 0, 0, 0, -1, 0, 0, 1, 1, -1, 2, 0], [0, 0, 0, 0, 0, 0, 0, 0, 0, 0, 0, 0, 0, 1]]
[[3, 4, 4, 0, -2, 2, 6, -2, 0, 2, 2, 0, 0, 0], [-1, -1, -1, -1, -1, 0, 0, -1, -1, 1, 1, -1, 1, 0], [-2, -3, -2, -1, 0, -2, -2, 1, -1, 0, 0, -1, 1, 0], [1, 1, 2, 0, -1, 1, 2, 0, -1, 1, 1, -1, 1, 0], [1, -1, 0, 0, 0, 0, 0, 0, 0, -1, -1, 0, 0, 0], [0, 1, -1, 2, 2, 0, -2, 1, 2, -2, -2, 2, -2, 0], [0, -1, -1, 1, 2, 0, -3, 1, 1, -2, -2, 1, -1, 0], [1, 2, 1, 2, 1, 1, 0, 0, 2, -1, -1, 2, -2, 0], [-2, -1, -1, 0, 3, -1, -4, 3, 1, -1, 0, 0, 0, 1], [2, 2, 2, 2, 1, 0, 0, 2, 2, -2, -2, 2, -2, 1], [2, 3, 3, -1, -3, 2, 6, -3, -1, 3, 3, -1, 1, -1], [2, 2, 0, 0, -2, 2, 4, -4, 0, 0, 0, 1, -2, -2], [-1, -1, -2, -1, 0, 1, 0, -2, -1, 0, 1, -1, 0, -1], [1, 1, 0, 0, 0, 0, 0, 0, 0, 0, -1, 0, 0, 0]]
[[1, 0, 1, 0, -1, 0, 1, 0, -1, 1, 1, -1, 1, 0], [0, 1, 0, 0, 0, 0, 0, 0, 0, 0, 0, 0, 0, 0], [0, 0, -1, 0, 2, 0, -2, 0, 2, -2, -2, 2, -2, 0], [0, 0, -1, 1, 1, 0, -1, 0, 1, -1, -1, 1, -1, 0], [0, 0, -1, 0, 2, 0, -1, 0, 1, -1, -1, 1, -1, 0], [0, 0, 2, 0, -2, 1, 2, 0, -2, 2, 2, -2, 2, 0], [0, 0, 0, 0, 0, 0, 1, 0, 0, 0, 0, 0, 0, 0], [0, 0, 2, 0, -2, 0, 2, 1, -2, 2, 2, -2, 2, 0], [0, 0, 1, 0, -1, 0, 1, 0, 0, 1, 1, -1, 1, 0], [0, 0, 1, 0, -1, 0, 1, 0, -1, 2, 1, -1, 1, 0], [0, 0, 1, 0, -1, 0, 1, 0, -1, 1, 2, -1, 1, 0], [0, 0, 2, 0, -2, 0, 2, 0, -2, 2, 2, -1, 2, 0], [0, 0, 0, 0, 0, 0, 0, 0, 0, 0, 0, 0, 1, 0], [0, 0, 0, 0, 0, 0, 0, 0, 0, 0, 0, 0, 0, 1]]
[[1, 0, 0, 0, 0, 0, 0, 0, 0, 0, 0, 0, 0, 0], [0, 1, 0, 0, 0, 0, 0, 0, 0, 0, 0, 0, 0, 0], [0, 0, 1, 0, 0, 0, 0, 0, 0, 0, 0, 0, 0, 0], [0, 0, 0, 1, 0, 0, 0, 0, 0, 0, 0, 0, 0, 0], [0, 0, 0, 0, 1, 0, 0, 0, 0, 0, 0, 0, 0, 0], [0, 0, 0, 0, 0, 1, 0, 0, 0, 0, 0, 0, 0, 0], [0, 0, 0, 0, 0, 0, 1, 0, 0, 0, 0, 0, 0, 0], [0, 0, 0, 0, 0, 0, 0, 1, 0, 0, 0, 0, 0, 0], [0, 0, 0, 0, 0, 0, 0, 0, 1, 0, 0, 0, 0, 0], [0, 0, 0, 0, 0, 0, 0, 0, 0, 1, 0, 0, 0, 0], [0, 0, 0, 0, 0, 0, 0, 0, 0, 0, 1, 0, 0, 0], [0, 0, 0, 0, 0, 0, 0, 0, 0, 0, 0, 1, 0, 0], [0, 0, 0, 0, 0, 0, 0, 0, 0, 0, 0, 0, 1, 0], [0, 0, 0, 0, 0, 0, 0, 0, 0, 0, 0, 0, 0, 1]]
[[1, 0, 0, 0, 0, 0, 0, 0, 0, 0, 0, 0, 0, 0], [0, 1, 0, 0, 0, 0, 0, 0, 0, 0, 0, 0, 0, 0], [0, 0, 1, 0, 0, 0, 0, 0, 0, 0, 0, 0, 0, 0], [0, 0, 0, 1, 0, 0, 0, 0, 0, 0, 0, 0, 0, 0], [0, 0, 0, 0, 1, 0, 0, 0, 0, 0, 0, 0, 0, 0], [0, 0, 0, 0, 0, 1, 0, 0, 0, 0, 0, 0, 0, 0], [0, 0, 0, 0, 0, 0, 1, 0, 0, 0, 0, 0, 0, 0], [0, 0, 0, 0, 0, 0, 0, 1, 0, 0, 0, 0, 0, 0], [0, 0, 0, 0, 0, 0, 0, 0, 1, 0, 0, 0, 0, 0], [0, 0, 0, 0, 0, 0, 0, 0, 0, 1, 0, 0, 0, 0], [0, 0, 0, 0, 0, 0, 0, 0, 0, 0, 1, 0, 0, 0], [0, 0, 0, 0, 0, 0, 0, 0, 0, 0, 0, 1, 0, 0], [0, 0, 0, 0, 0, 0, 0, 0, 0, 0, 0, 0, 1, 0], [0, 0, 0, 0, 0, 0, 0, 0, 0, 0, 0, 0, 0, 1]]
[[-2, -3, -2, -1, 0, -1, -2, 0, -1, 0, 1, -1, 1, -1], [-1, 0, -1, 0, 2, 0, -2, 1, 1, -1, 0, 0, 0, 0], [3, 3, 2, 2, 0, 2, 2, -1, 1, -1, -2, 2, -2, 0], [0, 0, 0, 1, 0, 0, 0, 0, 0, 0, 0, 0, 0, 0], [1, 1, 0, 1, -1, 1, 2, -2, -1, 0, -1, 1, -1, -1], [-1, -1, 1, -2, -1, -1, 0, 1, -1, 2, 2, -2, 2, 1], [1, 1, 1, 0, -2, 0, 3, -1, -1, 1, 0, 0, 0, 0], [-1, -1, 1, -2, -1, -2, 0, 2, -1, 2, 2, -2, 2, 1], [1, 1, 1, 0, -2, 0, 2, -1, 0, 1, 0, 0, 0, 0], [-1, -1, 0, -1, -1, -1, 0, 0, -1, 2, 1, -1, 1, 0], [-2, -2, -1, -1, 1, -1, -2, 1, 0, 0, 2, -1, 1, 0], [-2, -2, 0, -2, 1, -2, -2, 2, 0, 1, 2, -1, 2, 1], [0, 0, 0, 0, 0, 0, 0, 0, 0, 0, 0, 0, 1, 0], [-2, -2, -2, 0, 1, 0, -2, 0, 0, -1, 0, 0, 0, 0]]
[[1, 2, 4, 0, 0, 0, 2, 2, 0, 2, 2, 0, 2, 2], [0, 0, -2, 0, 0, 0, -1, -1, 0, -1, -1, 0, -1, -1], [0, -1, -1, 0, 0, 0, -1, -1, 0, -1, -1, 0, -1, -1], [0, 0, 0, 1, 0, 0, 0, 0, 0, 0, 0, 0, 0, 0], [0, -1, -2, 0, 1, 0, -1, -1, 0, -1, -1, 0, -1, -1], [0, 1, 2, 0, 0, 1, 1, 1, 0, 1, 1, 0, 1, 1], [0, -1, -2, 0, 0, 0, 0, -1, 0, -1, -1, 0, -1, -1], [0, 1, 2, 0, 0, 0, 1, 2, 0, 1, 1, 0, 1, 1], [0, 0, 0, 0, 0, 0, 0, 0, 1, 0, 0, 0, 0, 0], [0, 1, 2, 0, 0, 0, 1, 1, 0, 2, 1, 0, 1, 1], [0, 1, 2, 0, 0, 0, 1, 1, 0, 1, 2, 0, 1, 1], [0, 0, 0, 0, 0, 0, 0, 0, 0, 0, 0, 1, 0, 0], [0, -1, -2, 0, 0, 0, -1, -1, 0, -1, -1, 0, 0, -1], [0, 0, 0, 0, 0, 0, 0, 0, 0, 0, 0, 0, 0, 1]]
[[1, 1, 4, 0, -2, 0, 3, 1, -2, 3, 2, -1, 3, 1], [0, 0, -2, 0, 0, 0, -1, -1, 0, -1, -2, 1, -1, -1], [0, -1, -3, 0, 0, 0, -1, -2, 1, -2, -2, 1, -3, -1], [0, -1, -2, 1, 0, 0, -1, -1, 0, -1, -2, 1, -1, -1], [0, -1, -3, 0, 0, 0, 0, -2, 0, -1, -2, 1, -2, -1], [0, 2, 5, 0, 1, 1, 1, 3, 0, 2, 4, -2, 3, 2], [0, 0, -1, 0, 1, 0, 0, 0, 1, -1, 0, 0, -1, 0], [0, 2, 5, 0, 1, 0, 1, 4, 0, 2, 4, -2, 3, 2], [0, 1, 2, 0, 0, 0, 1, 1, 1, 1, 2, -1, 1, 1], [0, 1, 3, 0, 1, 0, 0, 2, 0, 2, 2, -1, 2, 1], [0, 0, 2, 0, -2, 0, 2, 0, -2, 2, 1, 0, 2, 0], [0, 1, 3, 0, -1, 0, 2, 1, -1, 2, 2, 0, 2, 1], [0, 0, -1, 0, -1, 0, 1, -1, 0, 0, 0, 0, 0, 0], [0, -1, -1, 0, 1, 0, -2, 0, 0, -1, -2, 1, 0, 0]]
[[3, 1, -1, 1, -3, 2, 4, -5, -1, -1, -2, 1, -3, -3], [-1, -1, -1, 0, 1, 0, -2, 0, 0, -1, -1, 1, 0, 0], [-1, 0, 0, 0, 3, -2, -4, 4, 2, -1, -1, 1, 0, 2], [1, 1, 0, 1, 1, 1, 0, 0, 1, -2, -1, 1, -2, 0], [2, 2, 2, 2, 1, 0, 0, 2, 2, -2, -2, 2, -2, 2], [-1, -1, 0, -1, -2, 0, 2, -1, -2, 3, 3, -3, 3, -1], [0, 1, 3, 0, 0, 0, 1, 2, 0, 2, 2, -1, 2, 2], [0, 0, 2, -1, -3, 1, 4, -2, -2, 4, 4, -3, 3, -1], [-2, -1, 1, -1, 1, -1, -2, 3, -1, 2, 2, -2, 3, 1], [1, 0, 1, 0, -1, 0, 2, 0, 0, 0, 1, -1, 0, 0], [2, 1, -1, 1, -3, 2, 4, -5, -1, -1, -1, 1, -3, -3], [2, 2, 2, 0, -4, 2, 6, -4, -2, 2, 2, -1, 0, -2], [0, 1, 1, 0, 0, 1, 0, 0, -1, 1, 0, 0, 1, 0], [0, -1, -3, 0, 0, 0, 0, -2, 0, -2, -2, 1, -2, -1]]
[[1, 0, 0, 0, 0, 0, 0, 0, 0, 0, 0, 0, 0, 0], [0, 1, 0, 0, 0, 0, 0, 0, 0, 0, 0, 0, 0, 0], [0, 0, 1, 0, 0, 0, 0, 0, 0, 0, 0, 0, 0, 0], [0, 0, 0, 1, 0, 0, 0, 0, 0, 0, 0, 0, 0, 0], [0, 0, 0, 0, 1, 0, 0, 0, 0, 0, 0, 0, 0, 0], [0, 0, 0, 0, 0, 1, 0, 0, 0, 0, 0, 0, 0, 0], [0, 0, 0, 0, 0, 0, 1, 0, 0, 0, 0, 0, 0, 0], [0, 0, 0, 0, 0, 0, 0, 1, 0, 0, 0, 0, 0, 0], [0, 0, 0, 0, 0, 0, 0, 0, 1, 0, 0, 0, 0, 0], [0, 0, 0, 0, 0, 0, 0, 0, 0, 1, 0, 0, 0, 0], [0, 0, 0, 0, 0, 0, 0, 0, 0, 0, 1, 0, 0, 0], [0, 0, 0, 0, 0, 0, 0, 0, 0, 0, 0, 1, 0, 0], [0, 0, 0, 0, 0, 0, 0, 0, 0, 0, 0, 0, 1, 0], [0, 0, 0, 0, 0, 0, 0, 0, 0, 0, 0, 0, 0, 1]]
[[2, 1, 1, 0, -1, 0, 2, 0, 0, 0, 0, 0, -1, 0], [1, 1, 0, 0, 0, 0, 0, 0, 0, -1, -2, 1, -1, 0], [-2, -1, 0, 0, 1, -1, -2, 2, 0, 0, 1, -1, 1, 1], [1, 0, 0, 1, 0, 0, 0, 0, 0, -1, -2, 1, -1, 0], [-1, -1, -1, 0, 2, -1, -2, 2, 0, -1, -1, 0, 0, 1], [0, 1, 1, 0, -1, 2, 2, -2, 0, 2, 3, -1, 1, -1], [-1, -1, -1, 0, 1, 0, -1, 0, 0, 0, 0, 0, 1, 0], [0, 0, 0, 0, 0, 1, 0, -1, 0, 1, 1, 0, 1, -1], [-1, -1, -1, 0, 1, 0, -2, 0, 1, 0, 0, 0, 1, 0], [-1, -1, -1, 0, 1, 0, -2, 0, 0, 1, 0, 0, 1, 0], [2, 1, 1, 0, -1, 0, 2, 0, 0, -1, -1, 1, -2, 0], [1, 1, 1, 0, -1, 0, 2, 0, 0, 0, 0, 1, -1, 0], [1, 1, 1, 0, -1, 0, 2, 0, 0, 0, 0, 0, 0, 0], [2, 2, 2, 0, -2, 1, 4, -2, 0, 1, 1, 0, -1, 0]]
[[1, 0, 0, 0, 0, 0, 0, 0, 0, 0, 0, 0, 0, 0], [0, 1, 0, 0, 0, 0, 0, 0, 0, 0, 0, 0, 0, 0], [0, 0, 1, 0, 0, 0, 0, 0, 0, 0, 0, 0, 0, 0], [0, 0, 0, 1, 0, 0, 0, 0, 0, 0, 0, 0, 0, 0], [0, 0, 0, 0, 1, 0, 0, 0, 0, 0, 0, 0, 0, 0], [0, 0, 0, 0, 0, 1, 0, 0, 0, 0, 0, 0, 0, 0], [0, 0, 0, 0, 0, 0, 1, 0, 0, 0, 0, 0, 0, 0], [0, 0, 0, 0, 0, 0, 0, 1, 0, 0, 0, 0, 0, 0], [0, 0, 0, 0, 0, 0, 0, 0, 1, 0, 0, 0, 0, 0], [0, 0, 0, 0, 0, 0, 0, 0, 0, 1, 0, 0, 0, 0], [0, 0, 0, 0, 0, 0, 0, 0, 0, 0, 1, 0, 0, 0], [0, 0, 0, 0, 0, 0, 0, 0, 0, 0, 0, 1, 0, 0], [0, 0, 0, 0, 0, 0, 0, 0, 0, 0, 0, 0, 1, 0], [0, 0, 0, 0, 0, 0, 0, 0, 0, 0, 0, 0, 0, 1]]
[[1, 0, 0, 0, 0, 0, 0, 0, 0, 0, 0, 0, 0, 0], [0, 1, 0, 0, 0, 0, 0, 0, 0, 0, 0, 0, 0, 0], [0, 0, 1, 0, 0, 0, 0, 0, 0, 0, 0, 0, 0, 0], [0, 0, 0, 1, 0, 0, 0, 0, 0, 0, 0, 0, 0, 0], [0, 0, 0, 0, 1, 0, 0, 0, 0, 0, 0, 0, 0, 0], [0, 0, 0, 0, 0, 1, 0, 0, 0, 0, 0, 0, 0, 0], [0, 0, 0, 0, 0, 0, 1, 0, 0, 0, 0, 0, 0, 0], [0, 0, 0, 0, 0, 0, 0, 1, 0, 0, 0, 0, 0, 0], [0, 0, 0, 0, 0, 0, 0, 0, 1, 0, 0, 0, 0, 0], [0, 0, 0, 0, 0, 0, 0, 0, 0, 1, 0, 0, 0, 0], [0, 0, 0, 0, 0, 0, 0, 0, 0, 0, 1, 0, 0, 0], [0, 0, 0, 0, 0, 0, 0, 0, 0, 0, 0, 1, 0, 0], [0, 0, 0, 0, 0, 0, 0, 0, 0, 0, 0, 0, 1, 0], [0, 0, 0, 0, 0, 0, 0, 0, 0, 0, 0, 0, 0, 1]]
[[1, 0, 0, 0, 0, 0, 0, 0, 0, 0, 0, 0, 0, 0], [0, 1, 0, 0, 0, 0, 0, 0, 0, 0, 0, 0, 0, 0], [0, 0, 1, 0, 0, 0, 0, 0, 0, 0, 0, 0, 0, 0], [0, 0, 0, 1, 0, 0, 0, 0, 0, 0, 0, 0, 0, 0], [0, 0, 0, 0, 1, 0, 0, 0, 0, 0, 0, 0, 0, 0], [0, 0, 0, 0, 0, 1, 0, 0, 0, 0, 0, 0, 0, 0], [0, 0, 0, 0, 0, 0, 1, 0, 0, 0, 0, 0, 0, 0], [0, 0, 0, 0, 0, 0, 0, 1, 0, 0, 0, 0, 0, 0], [0, 0, 0, 0, 0, 0, 0, 0, 1, 0, 0, 0, 0, 0], [0, 0, 0, 0, 0, 0, 0, 0, 0, 1, 0, 0, 0, 0], [0, 0, 0, 0, 0, 0, 0, 0, 0, 0, 1, 0, 0, 0], [0, 0, 0, 0, 0, 0, 0, 0, 0, 0, 0, 1, 0, 0], [0, 0, 0, 0, 0, 0, 0, 0, 0, 0, 0, 0, 1, 0], [0, 0, 0, 0, 0, 0, 0, 0, 0, 0, 0, 0, 0, 1]]
[[0, -1, -4, 0, 1, 1, -2, -2, 0, -2, -2, 0, -1, -2], [0, 1, 2, 0, 0, -1, 0, 2, 0, 1, 1, 0, 1, 1], [0, 0, 2, 0, -2, 0, 2, -1, -1, 2, 1, 0, 1, 0], [0, 0, 0, 1, 0, 0, 0, 0, 0, 0, 0, 0, 0, 0], [0, 0, 1, 0, -1, 0, 2, -1, -1, 2, 1, 0, 1, 0], [0, 0, -1, 0, 2, 1, -2, 1, 1, -2, -1, 0, -1, 0], [1, 1, 2, 0, -1, 0, 3, 0, 0, 1, 1, 0, 0, 1], [1, 1, -1, 0, 1, 1, 0, 0, 1, -2, -1, 0, -2, 0], [1, 1, 2, 0, -1, 0, 2, 0, 1, 1, 1, 0, 0, 1], [0, 0, -1, 0, 2, 0, -2, 1, 1, -1, -1, 0, -1, 0], [-1, -1, -4, 0, 1, 1, -2, -2, 0, -2, -1, 0, -1, -2], [0, 0, -3, 0, 2, 1, -2, -1, 1, -3, -2, 1, -2, -1], [1, 1, 2, 0, -1, 0, 2, 0, 0, 1, 1, 0, 1, 1], [-2, -2, -2, 0, 2, -1, -4, 2, 0, -1, -1, 0, 1, 0]]
[[0, -1, 0, -1, -1, -1, 0, 0, -1, 1, 1, -1, 1, 0], [0, 1, 0, 0, -1, 1, 2, -2, 0, 1, 1, 0, 0, 0], [1, 1, 1, 1, 1, 1, 0, 0, 1, 0, -1, 1, 0, 0], [0, 0, 0, 1, 0, 0, 0, 0, 0, 0, 0, 0, 0, 0], [0, 0, 0, 0, 1, 0, 0, 0, 0, 0, 0, 0, 0, 0], [-1, -1, 0, -1, 0, -1, -2, 2, -1, 0, 0, -1, 1, 0], [0, 0, 0, 0, 0, 0, 1, 0, 0, -1, 0, 0, -1, 0], [-1, -1, 0, -1, -1, -1, 0, 1, -1, 0, 1, -1, 0, 0], [0, 0, 0, 0, 0, 0, 0, 0, 1, -1, 0, 0, -1, 0], [0, 0, 0, 0, 1, -1, -2, 2, 0, -1, -1, 0, -1, 0], [-1, -1, 0, -1, -1, -1, 0, 0, -1, 2, 2, -1, 2, 0], [-1, -1, 0, -1, -1, -1, 0, 0, -1, 1, 1, 0, 1, 0], [0, 0, 0, 0, -1, 1, 2, -2, 0, 0, 1, 0, 0, 0], [0, 0, 0, 0, 1, -1, -2, 2, 0, 0, -1, 0, 1, 1]]
[[1, 0, 0, 0, 0, 0, 0, 0, 0, 0, 0, 0, 0, 0], [0, 1, 0, 0, 0, 0, 0, 0, 0, 0, 0, 0, 0, 0], [0, 0, 1, 0, 0, 0, 0, 0, 0, 0, 0, 0, 0, 0], [0, 0, 0, 1, 0, 0, 0, 0, 0, 0, 0, 0, 0, 0], [0, 0, 0, 0, 1, 0, 0, 0, 0, 0, 0, 0, 0, 0], [0, 0, 0, 0, 0, 1, 0, 0, 0, 0, 0, 0, 0, 0], [0, 0, 0, 0, 0, 0, 1, 0, 0, 0, 0, 0, 0, 0], [0, 0, 0, 0, 0, 0, 0, 1, 0, 0, 0, 0, 0, 0], [0, 0, 0, 0, 0, 0, 0, 0, 1, 0, 0, 0, 0, 0], [0, 0, 0, 0, 0, 0, 0, 0, 0, 1, 0, 0, 0, 0], [0, 0, 0, 0, 0, 0, 0, 0, 0, 0, 1, 0, 0, 0], [0, 0, 0, 0, 0, 0, 0, 0, 0, 0, 0, 1, 0, 0], [0, 0, 0, 0, 0, 0, 0, 0, 0, 0, 0, 0, 1, 0], [0, 0, 0, 0, 0, 0, 0, 0, 0, 0, 0, 0, 0, 1]]
[[1, 0, 0, 0, 0, 0, 0, 0, 0, 0, 0, 0, 0, 0], [0, 1, 0, 0, 0, 0, 0, 0, 0, 0, 0, 0, 0, 0], [0, 0, 1, 0, 0, 0, 0, 0, 0, 0, 0, 0, 0, 0], [0, 0, 0, 1, 0, 0, 0, 0, 0, 0, 0, 0, 0, 0], [0, 0, 0, 0, 1, 0, 0, 0, 0, 0, 0, 0, 0, 0], [0, 0, 0, 0, 0, 1, 0, 0, 0, 0, 0, 0, 0, 0], [0, 0, 0, 0, 0, 0, 1, 0, 0, 0, 0, 0, 0, 0], [0, 0, 0, 0, 0, 0, 0, 1, 0, 0, 0, 0, 0, 0], [0, 0, 0, 0, 0, 0, 0, 0, 1, 0, 0, 0, 0, 0], [0, 0, 0, 0, 0, 0, 0, 0, 0, 1, 0, 0, 0, 0], [0, 0, 0, 0, 0, 0, 0, 0, 0, 0, 1, 0, 0, 0], [0, 0, 0, 0, 0, 0, 0, 0, 0, 0, 0, 1, 0, 0], [0, 0, 0, 0, 0, 0, 0, 0, 0, 0, 0, 0, 1, 0], [0, 0, 0, 0, 0, 0, 0, 0, 0, 0, 0, 0, 0, 1]]
[[1, 0, 0, 0, 0, 0, 0, 0, 0, 0, 0, 0, 0, 0], [1, 2, 2, 0, -1, 1, 2, 0, -1, 1, 1, -1, 1, 0], [-1, -1, -1, -1, 0, -1, 0, 0, 0, -1, 0, 0, -1, 0], [0, 0, 0, -1, 0, 0, 0, 0, 0, 0, 0, 0, 0, 0], [0, 0, 0, -2, 1, 0, 0, 0, 0, 0, 0, 0, 0, 0], [-1, -1, -2, 2, 1, 0, -2, 0, 1, -1, -1, 1, -1, 0], [0, 0, 0, 0, 1, 0, -1, 0, 1, 0, -1, 1, 0, 0], [0, 0, 0, 2, 1, 0, -2, 1, 1, 0, -1, 1, 0, 0], [0, 0, 0, 1, 0, 0, 0, 0, 1, 0, 0, 0, 0, 0], [0, 0, 0, 0, 0, 0, 0, 0, 0, 1, 0, 0, 0, 0], [1, 1, 2, 0, -1, 1, 2, 0, -1, 1, 2, -1, 1, 0], [1, 1, 2, 1, -1, 1, 2, 0, -1, 1, 1, 0, 1, 0], [0, 0, 0, 0, 0, 0, 0, 0, 0, 0, 0, 0, 1, 0], [0, 0, 0, 0, 0, 0, 0, 0, 0, 0, 0, 0, 0, 1]]
[[0, -1, -1, -1, 0, -1, -1, 0, 0, 0, 0, 0, 0, 0], [1, 2, 1, 1, 0, 1, 1, 0, 0, 0, 0, 0, 0, 0], [1, 1, 2, 1, 0, 1, 1, 0, 0, 0, 0, 0, 0, 0], [-1, -1, -1, 0, 0, -1, -1, 0, 0, 0, 0, 0, 0, 0], [-1, -1, -1, -1, 1, -1, -1, 0, 0, 0, 0, 0, 0, 0], [-1, -1, -1, -1, 0, 0, -1, 0, 0, 0, 0, 0, 0, 0], [-1, -1, -1, -1, 0, -1, 0, 0, 0, 0, 0, 0, 0, 0], [-1, -1, -1, -1, 0, -1, -1, 1, 0, 0, 0, 0, 0, 0], [0, 0, 0, 0, 0, 0, 0, 0, 1, 0, 0, 0, 0, 0], [-1, -1, -1, -1, 0, -1, -1, 0, 0, 1, 0, 0, 0, 0], [0, 0, 0, 0, 0, 0, 0, 0, 0, 0, 1, 0, 0, 0], [0, 0, 0, 0, 0, 0, 0, 0, 0, 0, 0, 1, 0, 0], [0, 0, 0, 0, 0, 0, 0, 0, 0, 0, 0, 0, 1, 0], [0, 0, 0, 0, 0, 0, 0, 0, 0, 0, 0, 0, 0, 1]]
[[1, 0, 0, 0, 0, 0, 0, 0, 0, 0, 0, 0, 0, 0], [0, 1, 0, 0, 0, 0, 0, 0, 0, 0, 0, 0, 0, 0], [0, 0, 1, 0, 0, 0, 0, 0, 0, 0, 0, 0, 0, 0], [0, 0, 0, 1, 0, 0, 0, 0, 0, 0, 0, 0, 0, 0], [0, 0, 0, 0, 1, 0, 0, 0, 0, 0, 0, 0, 0, 0], [0, 0, 0, 0, 0, 1, 0, 0, 0, 0, 0, 0, 0, 0], [0, 0, 0, 0, 0, 0, 1, 0, 0, 0, 0, 0, 0, 0], [0, 0, 0, 0, 0, 0, 0, 1, 0, 0, 0, 0, 0, 0], [0, 0, 0, 0, 0, 0, 0, 0, 1, 0, 0, 0, 0, 0], [0, 0, 0, 0, 0, 0, 0, 0, 0, 1, 0, 0, 0, 0], [0, 0, 0, 0, 0, 0, 0, 0, 0, 0, 1, 0, 0, 0], [0, 0, 0, 0, 0, 0, 0, 0, 0, 0, 0, 1, 0, 0], [0, 0, 0, 0, 0, 0, 0, 0, 0, 0, 0, 0, 1, 0], [0, 0, 0, 0, 0, 0, 0, 0, 0, 0, 0, 0, 0, 1]]
[[1, 0, 0, 0, 0, 0, 0, 0, 0, 0, 0, 0, 0, 0], [0, 1, 0, 0, 0, 0, 0, 0, 0, 0, 0, 0, 0, 0], [0, 0, 1, 0, 0, 0, 0, 0, 0, 0, 0, 0, 0, 0], [0, 0, 0, 1, 0, 0, 0, 0, 0, 0, 0, 0, 0, 0], [0, 0, 0, 0, 1, 0, 0, 0, 0, 0, 0, 0, 0, 0], [0, 0, 0, 0, 0, 1, 0, 0, 0, 0, 0, 0, 0, 0], [0, 0, 0, 0, 0, 0, 1, 0, 0, 0, 0, 0, 0, 0], [0, 0, 0, 0, 0, 0, 0, 1, 0, 0, 0, 0, 0, 0], [0, 0, 0, 0, 0, 0, 0, 0, 1, 0, 0, 0, 0, 0], [0, 0, 0, 0, 0, 0, 0, 0, 0, 1, 0, 0, 0, 0], [0, 0, 0, 0, 0, 0, 0, 0, 0, 0, 1, 0, 0, 0], [0, 0, 0, 0, 0, 0, 0, 0, 0, 0, 0, 1, 0, 0], [0, 0, 0, 0, 0, 0, 0, 0, 0, 0, 0, 0, 1, 0], [0, 0, 0, 0, 0, 0, 0, 0, 0, 0, 0, 0, 0, 1]]
[[1, 0, 0, 0, 0, 0, 0, 0, 0, 0, 0, 0, 0, 0], [0, 1, 0, 0, 0, 0, 0, 0, 0, 0, 0, 0, 0, 0], [0, 0, 1, 0, 0, 0, 0, 0, 0, 0, 0, 0, 0, 0], [0, 0, 0, 1, 0, 0, 0, 0, 0, 0, 0, 0, 0, 0], [0, 0, 0, 0, 1, 0, 0, 0, 0, 0, 0, 0, 0, 0], [0, 0, 0, 0, 0, 1, 0, 0, 0, 0, 0, 0, 0, 0], [0, 0, 0, 0, 0, 0, 1, 0, 0, 0, 0, 0, 0, 0], [0, 0, 0, 0, 0, 0, 0, 1, 0, 0, 0, 0, 0, 0], [0, 0, 0, 0, 0, 0, 0, 0, 1, 0, 0, 0, 0, 0], [0, 0, 0, 0, 0, 0, 0, 0, 0, 1, 0, 0, 0, 0], [0, 0, 0, 0, 0, 0, 0, 0, 0, 0, 1, 0, 0, 0], [0, 0, 0, 0, 0, 0, 0, 0, 0, 0, 0, 1, 0, 0], [0, 0, 0, 0, 0, 0, 0, 0, 0, 0, 0, 0, 1, 0], [0, 0, 0, 0, 0, 0, 0, 0, 0, 0, 0, 0, 0, 1]]
[[1, 0, 0, 0, 0, 0, 0, 0, 0, 0, 0, 0, 0, 0], [0, 1, 0, 0, 0, 0, 0, 0, 0, 0, 0, 0, 0, 0], [0, 0, 1, 0, 0, 0, 0, 0, 0, 0, 0, 0, 0, 0], [0, 0, 0, 1, 0, 0, 0, 0, 0, 0, 0, 0, 0, 0], [0, 0, 0, 0, 1, 0, 0, 0, 0, 0, 0, 0, 0, 0], [0, 0, 0, 0, 0, 1, 0, 0, 0, 0, 0, 0, 0, 0], [0, 0, 0, 0, 0, 0, 1, 0, 0, 0, 0, 0, 0, 0], [0, 0, 0, 0, 0, 0, 0, 1, 0, 0, 0, 0, 0, 0], [0, 0, 0, 0, 0, 0, 0, 0, 1, 0, 0, 0, 0, 0], [0, 0, 0, 0, 0, 0, 0, 0, 0, 1, 0, 0, 0, 0], [0, 0, 0, 0, 0, 0, 0, 0, 0, 0, 1, 0, 0, 0], [0, 0, 0, 0, 0, 0, 0, 0, 0, 0, 0, 1, 0, 0], [0, 0, 0, 0, 0, 0, 0, 0, 0, 0, 0, 0, 1, 0], [0, 0, 0, 0, 0, 0, 0, 0, 0, 0, 0, 0, 0, 1]]
[[1, 0, 0, 0, 0, 0, 0, 0, 0, 0, 0, 0, 0, 0], [0, 1, 0, 0, 0, 0, 0, 0, 0, 0, 0, 0, 0, 0], [0, 0, 1, 0, 0, 0, 0, 0, 0, 0, 0, 0, 0, 0], [0, 0, 0, 1, 0, 0, 0, 0, 0, 0, 0, 0, 0, 0], [0, 0, 0, 0, 1, 0, 0, 0, 0, 0, 0, 0, 0, 0], [0, 0, 0, 0, 0, 1, 0, 0, 0, 0, 0, 0, 0, 0], [0, 0, 0, 0, 0, 0, 1, 0, 0, 0, 0, 0, 0, 0], [0, 0, 0, 0, 0, 0, 0, 1, 0, 0, 0, 0, 0, 0], [0, 0, 0, 0, 0, 0, 0, 0, 1, 0, 0, 0, 0, 0], [0, 0, 0, 0, 0, 0, 0, 0, 0, 1, 0, 0, 0, 0], [0, 0, 0, 0, 0, 0, 0, 0, 0, 0, 1, 0, 0, 0], [0, 0, 0, 0, 0, 0, 0, 0, 0, 0, 0, 1, 0, 0], [0, 0, 0, 0, 0, 0, 0, 0, 0, 0, 0, 0, 1, 0], [0, 0, 0, 0, 0, 0, 0, 0, 0, 0, 0, 0, 0, 1]]
[[-2, -3, -3, -1, 1, -1, -4, 0, 0, 0, -1, 0, 1, 0], [1, 2, 3, 1, -1, 1, 2, 0, 0, 2, 1, 0, 1, 0], [2, 2, 2, 1, -2, 1, 4, -1, -1, 0, 0, 0, -1, 0], [-1, -1, -1, 0, -1, 0, 0, -1, -1, 0, 0, 0, 0, -1], [0, 0, 0, 0, -3, 1, 4, -3, -1, 0, 1, 0, -1, -1], [0, -1, -2, -1, 3, -2, -4, 2, 2, -2, -2, 1, -1, 1], [-1, 0, 0, -1, 0, 0, 1, 0, 0, 0, 2, -1, 0, 0], [-2, -2, -3, -1, 4, -2, -6, 3, 2, -2, -1, 0, 0, 1], [0, 1, 0, -1, 1, 0, 0, 1, 0, 0, 1, -1, 0, 0], [0, -1, -3, 0, 1, 0, -2, -1, 1, -3, -2, 1, -2, -1], [-2, -3, -3, 0, 1, -1, -4, 0, 0, 0, -2, 1, 1, 0], [-2, -2, -2, 0, 2, -1, -4, 1, 1, 0, -1, 1, 1, 1], [-1, 1, 3, -1, -1, 0, 2, 1, -1, 4, 4, -2, 3, 1], [1, 0, 1, 0, 0, 0, 0, 0, 0, 0, -1, 1, 0, 0]]
[[1, 0, 0, 0, 0, 0, 0, 0, 0, 0, 0, 0, 0, 0], [0, 1, 0, 0, 0, 0, 0, 0, 0, 0, 0, 0, 0, 0], [0, 0, 1, 0, 0, 0, 0, 0, 0, 0, 0, 0, 0, 0], [0, 0, 0, 1, 0, 0, 0, 0, 0, 0, 0, 0, 0, 0], [0, 0, 0, 0, 1, 0, 0, 0, 0, 0, 0, 0, 0, 0], [0, 0, 0, 0, 0, 1, 0, 0, 0, 0, 0, 0, 0, 0], [0, 0, 0, 0, 0, 0, 1, 0, 0, 0, 0, 0, 0, 0], [0, 0, 0, 0, 0, 0, 0, 1, 0, 0, 0, 0, 0, 0], [0, 0, 0, 0, 0, 0, 0, 0, 1, 0, 0, 0, 0, 0], [0, 0, 0, 0, 0, 0, 0, 0, 0, 1, 0, 0, 0, 0], [0, 0, 0, 0, 0, 0, 0, 0, 0, 0, 1, 0, 0, 0], [0, 0, 0, 0, 0, 0, 0, 0, 0, 0, 0, 1, 0, 0], [0, 0, 0, 0, 0, 0, 0, 0, 0, 0, 0, 0, 1, 0], [0, 0, 0, 0, 0, 0, 0, 0, 0, 0, 0, 0, 0, 1]]
[[1, 0, 0, 0, 0, 0, 0, 0, 0, 0, 0, 0, 0, 0], [0, 1, 0, 0, 0, 0, 0, 0, 0, 0, 0, 0, 0, 0], [0, 0, 1, 0, 0, 0, 0, 0, 0, 0, 0, 0, 0, 0], [0, 0, 0, 1, 0, 0, 0, 0, 0, 0, 0, 0, 0, 0], [0, 0, 0, 0, 1, 0, 0, 0, 0, 0, 0, 0, 0, 0], [0, 0, 0, 0, 0, 1, 0, 0, 0, 0, 0, 0, 0, 0], [0, 0, 0, 0, 0, 0, 1, 0, 0, 0, 0, 0, 0, 0], [0, 0, 0, 0, 0, 0, 0, 1, 0, 0, 0, 0, 0, 0], [0, 0, 0, 0, 0, 0, 0, 0, 1, 0, 0, 0, 0, 0], [0, 0, 0, 0, 0, 0, 0, 0, 0, 1, 0, 0, 0, 0], [0, 0, 0, 0, 0, 0, 0, 0, 0, 0, 1, 0, 0, 0], [0, 0, 0, 0, 0, 0, 0, 0, 0, 0, 0, 1, 0, 0], [0, 0, 0, 0, 0, 0, 0, 0, 0, 0, 0, 0, 1, 0], [0, 0, 0, 0, 0, 0, 0, 0, 0, 0, 0, 0, 0, 1]]

Generators of monodromy action on conics:
(65,67)(66,68)(93,95)(94,96)(115,119)(116,120)(137,143)(138,144)(145,151)(146,152)(157,163)(158,164)(171,179)(172,180)(181,189)(182,190)(183,195)(184,196)(185,191)(186,192)
(1,5)(2,6)(3,7)(4,8)(9,23)(10,24)(11,21)(12,22)(13,19)(14,20)(15,17)(16,18)(25,29)(26,30)(27,31)(28,32)(33,35)(34,36)(37,39)(38,40)(41,55)(42,56)(43,54)(44,53)(45,51)(46,52)(47,49)(48,50)(57,60)(58,59)(61,63)(62,64)(69,97)(70,98)(71,127)(72,128)(73,129)(74,130)(75,122)(76,121)(77,106)(78,105)(79,125)(80,126)(81,103)(82,104)(83,123)(84,124)(85,107)(86,108)(87,99)(88,100)(89,101)(90,102)(91,131)(92,132)(93,96)(94,95)(109,199)(110,200)(111,187)(112,188)(113,175)(114,176)(115,120)(116,119)(117,170)(118,169)(133,167)(134,168)(135,165)(136,166)(139,161)(140,162)(141,159)(142,160)(145,152)(146,151)(147,174)(148,173)(149,177)(150,178)(153,197)(154,198)(155,193)(156,194)(171,180)(172,179)(181,190)(182,189)(183,196)(184,195)(185,192)(186,191)
(1,32)(2,31)(3,30)(4,29)(5,28)(6,27)(7,26)(8,25)(9,24)(10,23)(11,22)(12,21)(13,20)(14,19)(15,18)(16,17)(33,64)(34,63)(35,62)(36,61)(37,60)(38,59)(39,57)(40,58)(41,56)(42,55)(43,53)(44,54)(45,52)(46,51)(47,50)(48,49)(69,84)(70,83)(77,91)(78,92)(97,124)(98,123)(105,132)(106,131)(109,200)(110,199)(111,188)(112,187)(113,176)(114,175)(117,169)(118,170)
(1,33,32,64)(2,34,31,63)(3,37,30,60)(4,38,29,59)(5,35,28,62)(6,36,27,61)(7,39,26,57)(8,40,25,58)(9,41,24,56)(10,42,23,55)(11,43,22,53)(12,44,21,54)(13,45,20,52)(14,46,19,51)(15,47,18,50)(16,48,17,49)(69,84)(70,83)(73,85)(74,86)(75,88)(76,87)(77,91)(78,92)(97,124)(98,123)(99,121)(100,122)(105,132)(106,131)(107,129)(108,130)(109,176)(110,175)(111,117)(112,118)(113,200)(114,199)(115,182)(116,181)(119,190)(120,189)(135,139)(136,140)(149,153)(150,154)(161,165)(162,166)(169,188)(170,187)(171,183)(172,184)(177,197)(178,198)(179,195)(180,196)
(1,46,114)(2,45,113)(3,48,110)(4,47,109)(5,44,170)(6,43,169)(7,42,188)(8,41,187)(9,62,92)(10,61,91)(11,57,84)(12,58,83)(13,38,124)(14,37,123)(15,34,132)(16,33,131)(17,64,106)(18,63,105)(19,60,98)(20,59,97)(21,40,70)(22,39,69)(23,36,77)(24,35,78)(25,56,112)(26,55,111)(27,53,117)(28,54,118)(29,50,200)(30,49,199)(31,52,176)(32,51,175)(65,96,182)(66,95,181)(67,94,190)(68,93,189)(71,99,89)(72,100,90)(73,86,127,75,87,126)(74,85,128,76,88,125)(79,107,81)(80,108,82)(101,104)(102,103)(133,135,173)(134,136,174)(137,185,183)(138,186,184)(141,193,197)(142,194,198)(143,191,195)(144,192,196)(145,157)(146,158)(147,159)(148,160)(149,154,167,162,165,156)(150,153,168,161,166,155)(151,163)(152,164)
