
#########################################################
# DATA FOR CRYSTALLOGRAPHIC QUARTIC SURFACE FAMILY 19.2 #
#########################################################


##################
# GROUP & FAMILY #
##################

Generators of crystallographic group:
[[-1, 0, 0, 0], [0, -1, 0, 0], [0, 0, 0, 1], [0, 0, -1, 0]]
[[0, -1, 0, 0], [1, 0, 0, 0], [0, 0, -1, 0], [0, 0, 0, -1]]

Invariant polynomials:
z^4 + w^4
-z^3*w + z*w^3
z^2*w^2
x^2*z^2 + y^2*z^2 + x^2*w^2 + y^2*w^2
x^4 + y^4
-x^3*y + x*y^3
x^2*y^2

Equivalent crystallographic groups:

############
# HOMOLOGY #
############


Intersection product:
[[-2, 1, 1, 0, 1, -1, -1, -1, 0, 0, 0, 0, -1, 1, 0, 1, -1, -1, 0, -2, 0, -1], [1, -4, -4, -2, -4, 1, -2, 0, -3, 0, -1, -2, 0, -4, -1, -2, 0, 1, -1, 1, -3, 0], [1, -4, -6, -2, -6, 1, -4, 0, -5, 1, -2, -4, 0, -5, -1, -2, 0, 1, -1, 1, -3, 0], [0, -2, -2, -2, -2, 1, -1, 0, -2, 0, -1, -1, 0, -2, 0, -1, 0, 1, 0, 1, -1, 0], [1, -4, -6, -2, -8, 1, -5, 1, -6, 2, -2, -5, 1, -6, -1, -2, 1, 1, -1, 2, -3, 1], [-1, 1, 1, 1, 1, -2, -1, -1, 0, 0, 0, 0, -1, 1, 0, 1, -1, -1, 0, -2, 0, -1], [-1, -2, -4, -1, -5, -1, -6, -1, -5, 2, -2, -5, -1, -4, -1, 0, -1, 0, -1, -1, -2, -1], [-1, 0, 0, 0, 1, -1, -1, -2, 0, 0, 0, 0, -1, 0, 0, 1, -1, 0, 0, -1, 0, -1], [0, -3, -5, -2, -6, 0, -5, 0, -6, 2, -2, -5, 0, -5, -1, -1, 0, 1, -1, 1, -2, 0], [0, 0, 1, 0, 2, 0, 2, 0, 2, -2, 0, 2, 0, 2, 1, 0, 0, 0, 1, 0, 1, 0], [0, -1, -2, -1, -2, 0, -2, 0, -2, 0, -2, -2, 0, -1, 0, 0, 0, 0, 0, 0, 0, 0], [0, -2, -4, -1, -5, 0, -5, 0, -5, 2, -2, -6, -1, -5, -2, 0, -1, 0, -2, -1, -3, -1], [-1, 0, 0, 0, 1, -1, -1, -1, 0, 0, 0, -1, -2, 0, 0, 1, -1, 0, 0, -1, 0, -1], [1, -4, -5, -2, -6, 1, -4, 0, -5, 2, -1, -5, 0, -8, -2, -2, 0, 2, -2, 2, -4, 0], [0, -1, -1, 0, -1, 0, -1, 0, -1, 1, 0, -2, 0, -2, -2, 0, -1, 0, -1, -1, -2, -1], [1, -2, -2, -1, -2, 1, 0, 1, -1, 0, 0, 0, 1, -2, 0, -2, 1, 1, 0, 2, -1, 1], [-1, 0, 0, 0, 1, -1, -1, -1, 0, 0, 0, -1, -1, 0, -1, 1, -2, 0, 0, -1, 0, -1], [-1, 1, 1, 1, 1, -1, 0, 0, 1, 0, 0, 0, 0, 2, 0, 1, 0, -2, 0, -2, 0, -1], [0, -1, -1, 0, -1, 0, -1, 0, -1, 1, 0, -2, 0, -2, -1, 0, 0, 0, -2, -1, -2, -1], [-2, 1, 1, 1, 2, -2, -1, -1, 1, 0, 0, -1, -1, 2, -1, 2, -1, -2, -1, -4, 0, -2], [0, -3, -3, -1, -3, 0, -2, 0, -2, 1, 0, -3, 0, -4, -2, -1, 0, 0, -2, 0, -4, -1], [-1, 0, 0, 0, 1, -1, -1, -1, 0, 0, 0, -1, -1, 0, -1, 1, -1, -1, -1, -2, -1, -2]]

Basis of the generic Picard lattice:
[1, 0, 0, 0, 0, 0, 0, 0, 0, 0, 0, 0, 1, 0, 0, 0, 0, -2, 1, 0, -1, 0]
[0, 1, 0, 0, 0, 0, 0, 0, 0, 0, 0, 0, 1, 0, 0, 0, 0, -2, 1, 0, -2, 0]
[0, 0, 1, 0, 0, 0, 0, 0, 0, 0, 0, 0, 1, 0, 0, 0, 0, -1, 1, 0, -1, 1]
[0, 0, 0, 1, 0, 0, 0, 0, 0, 0, 0, 0, 0, 0, 0, 0, 0, -1, 1, 0, -1, 0]
[0, 0, 0, 0, 1, 0, 0, 0, 0, 0, 0, 0, 1, 0, 0, 1, 0, 1, 1, 0, 0, 2]
[0, 0, 0, 0, 0, 1, 0, 0, 0, 0, 0, 0, 1, 0, 0, 0, 0, -3, 1, 0, -2, 0]
[0, 0, 0, 0, 0, 0, 1, 0, 0, 0, 0, 0, 1, 0, 0, 0, 0, -1, 1, 0, 0, 1]
[0, 0, 0, 0, 0, 0, 0, 1, 0, 0, 0, 0, 0, 0, 0, 0, 0, -1, 1, 0, -1, 0]
[0, 0, 0, 0, 0, 0, 0, 0, 1, 0, 0, 0, 1, 0, 0, 0, 0, 1, 1, 0, 1, 1]
[0, 0, 0, 0, 0, 0, 0, 0, 0, 1, 0, 0, -1, 0, 0, 0, 0, 0, 0, 0, 0, 0]
[0, 0, 0, 0, 0, 0, 0, 0, 0, 0, 1, 0, 0, 0, 0, 0, 0, 1, 0, 0, 1, 0]
[0, 0, 0, 0, 0, 0, 0, 0, 0, 0, 0, 1, 1, 0, 0, 0, 0, 0, -1, 0, 1, 0]
[0, 0, 0, 0, 0, 0, 0, 0, 0, 0, 0, 0, 0, 1, 0, 0, 0, 1, -1, 0, 0, 0]
[0, 0, 0, 0, 0, 0, 0, 0, 0, 0, 0, 0, 0, 0, 1, 0, 0, -2, 0, 0, -1, 0]
[0, 0, 0, 0, 0, 0, 0, 0, 0, 0, 0, 0, 0, 0, 0, 2, 0, 0, 1, 0, -2, 1]
[0, 0, 0, 0, 0, 0, 0, 0, 0, 0, 0, 0, 0, 0, 0, 0, 1, 0, 1, 0, 0, 0]
[0, 0, 0, 0, 0, 0, 0, 0, 0, 0, 0, 0, 0, 0, 0, 0, 0, 0, 0, 1, 1, 0]

Class of hyperplane section:
[1, 0, -1, -1, 2, 0, -2, 2, 0, 0, 1, 1, 1, -1, 1, 2, 0, 0, 1, -1, -1, 1]

Action of the group on homology:
[[-1, 0, 0, 0, 2, -1, -1, -2, 0, 0, 0, -1, -2, 0, -1, 2, -2, 0, -1, -2, -1, -2], [0, -1, 0, 0, 1, 0, 1, 0, 1, 0, 1, 0, 0, 0, -1, 0, 0, 0, -1, 0, -1, 0], [0, 0, -1, 0, -1, 0, -2, -1, -1, 0, -1, -1, -1, -1, 0, 0, -1, 0, 0, -1, 0, -1], [1, 0, -1, 0, -4, 1, -1, 2, -2, 1, -1, -1, 2, -2, 1, -2, 2, 0, 0, 1, 0, 1], [0, -2, -3, -1, -2, 0, -3, -1, -3, 1, -1, -3, -1, -4, -1, 0, -1, 1, -1, 0, -2, -1], [0, 0, -1, 0, -2, 0, -2, 0, -2, 1, -1, -2, 0, -2, 0, 0, 0, 0, 0, 0, 0, 0], [0, 1, 2, 0, 1, 1, 3, 1, 2, -1, 1, 3, 1, 2, 1, -1, 1, 0, 1, 1, 1, 1], [1, 1, 1, 0, 1, 1, 2, 1, 1, -1, 0, 2, 1, 2, 1, 0, 1, 0, 1, 1, 1, 1], [0, 1, 2, 1, 3, -1, 2, 0, 2, 0, 1, 1, 0, 2, 0, 1, 0, 0, 0, 0, 1, 0], [0, 1, 1, 0, 2, 0, 2, 0, 1, -1, 0, 2, 0, 2, 1, 0, 0, 0, 1, 0, 1, 0], [-1, -1, -1, 0, 0, -1, -2, -2, -1, 1, 0, -2, -1, -1, -1, 2, -1, 0, -1, -1, -1, -1], [1, 2, 2, 0, 1, 1, 3, 2, 2, -2, 0, 4, 1, 4, 2, -1, 2, -1, 2, 1, 2, 2], [-1, -1, -1, 0, 0, -1, -2, -1, -1, 1, 0, -2, -1, -1, -1, 1, -1, 0, -1, -1, -1, -1], [-1, -1, -1, 0, -1, -1, -2, -1, -1, 1, 0, -2, 0, -2, -1, 0, -1, 0, -1, -1, -1, -1], [0, 0, 0, 0, 1, 0, 0, -1, 0, 0, 0, 0, -1, 0, 0, 1, -1, 1, 0, 0, 0, 0], [0, 2, 3, 1, 3, 0, 3, 1, 3, -1, 1, 3, 1, 4, 1, 1, 1, -1, 1, 0, 2, 1], [0, -1, -1, 0, -1, 0, -1, 0, -1, 1, 0, -2, 0, -2, 0, 0, 0, 0, -1, 0, -1, -1], [0, -1, 0, 1, 0, -1, 0, 0, 0, 1, 1, -1, 1, -1, 0, 0, 0, 0, -1, 0, -1, -1], [0, -1, -1, 0, 0, 0, -1, -1, -2, 2, 0, -2, 0, -2, 0, 1, -1, 1, -1, 0, -1, -2], [0, 0, 0, 0, -1, 0, 0, 1, 1, 0, 0, 0, 1, 0, -1, -1, 1, -1, 0, 0, 0, 1], [0, 1, 1, 0, 0, 0, 1, 1, 1, -1, 0, 1, 0, 2, 0, 0, 1, -1, 1, 0, 1, 1], [0, 0, -1, 0, 0, 0, -1, -1, -1, 0, 0, 0, -1, -1, 0, 0, -1, 1, 0, 0, 0, 0]]
[[-1, -1, -1, -2, -1, 1, -1, 0, -1, 0, -1, -1, -1, -1, 0, 0, 0, 0, 0, 0, -1, 0], [-1, 0, 0, 0, 1, -1, 0, 0, 1, -1, 0, 0, -1, 1, 0, 0, 0, -1, 0, -1, 0, 0], [1, -1, -1, -1, -2, 2, 0, 0, -1, 0, 0, 0, 0, -2, 0, -1, 0, 1, 0, 1, -1, 0], [2, 2, 1, 2, 0, 1, 1, 0, 0, 1, 1, 1, 1, 0, 1, 0, 0, 1, 0, 1, 1, 0], [0, -1, -1, -1, -1, 1, -1, -1, -1, 0, 0, 0, -1, -2, 1, 0, 0, 1, 0, 1, -1, 0], [1, 0, 0, 0, -1, 1, 0, 0, -1, 0, 0, 0, 0, -1, 1, 0, 0, 1, 0, 1, 0, 0], [0, 1, 1, 1, 1, -1, 0, 0, 1, 0, 0, 0, 0, 1, -1, 0, -1, 0, 0, -1, 1, 0], [0, 1, 1, 1, 2, -1, 1, 0, 1, 0, 0, 1, 1, 2, 0, 1, 1, -1, 0, -1, 1, 0], [-1, 0, 1, 0, 1, -1, 1, 1, 1, 0, 0, 0, 1, 1, 0, 0, 1, -1, 0, 0, 0, 0], [0, 0, 1, 0, 1, 0, 1, 0, 1, 0, 0, 1, 1, 1, 0, 0, 0, 0, 0, 0, 0, 0], [-1, -2, -3, -2, -3, 0, -3, 0, -3, 0, -2, -3, -1, -2, 0, 0, 0, 0, 0, 0, -1, 0], [1, 2, 2, 2, 3, -1, 2, 0, 2, 0, 1, 2, 1, 3, -1, 1, 0, -1, 0, -1, 1, 0], [-1, -1, -1, -1, -1, 0, -1, 0, -1, 0, 0, -1, -1, -1, 0, 0, 0, 0, 0, 0, -1, 0], [0, -1, -1, -1, -1, 1, 0, 0, -1, 0, 0, 0, 0, -1, 1, -1, 0, 1, 0, 1, 0, 0], [-1, -1, -1, -1, -1, 0, -1, 0, -1, 0, -1, -1, 0, -1, 0, 0, 0, 0, 0, 0, -1, 0], [0, 1, 1, 1, 2, -1, 1, 1, 1, 0, 0, 0, 1, 2, -1, 1, 0, -1, 0, -1, 1, 0], [0, -1, -1, 0, -1, 0, -1, 0, -1, 1, 0, -2, 0, -2, 0, 0, 0, 0, -1, 0, -1, -1], [0, -1, -1, 0, -1, 0, 0, 1, -1, 1, 0, -1, 1, -1, 1, -1, 1, 0, 0, 1, 0, 0], [-1, -1, -1, -1, -2, 0, -2, 0, -2, 1, -1, -2, 0, -2, 1, 0, 0, 0, 0, 0, -1, -1], [1, 1, 1, 1, 2, 0, 2, 0, 2, -1, 1, 2, 0, 2, 0, 0, 0, 0, 0, 0, 1, 0], [0, 1, 1, 1, 1, -1, 0, 0, 1, 0, 0, 0, 0, 2, -1, 1, 0, -1, 0, -1, 1, 0], [0, -1, -1, -1, -2, 1, -1, 0, -1, 0, 0, 0, 0, -2, 0, -1, 0, 1, 0, 1, -1, 1]]

####################
# ALGEBRAIC CURVES #
####################


There are 288 conics:
[1, 1, 0, -2, 1, -1, -1, 1, 0, 0, 1, 0, 1, -1, 1, 1, 0, 0, 1, -1, -1, 1]
[0, -1, -1, 1, 1, 1, -1, 1, 0, 0, 0, 1, 0, 0, 0, 1, 0, 0, 0, 0, 0, 0]
[1, 0, -1, -1, 1, 0, -1, 1, 1, 0, 1, 0, 1, -1, 1, 1, 0, 0, 2, -2, -1, 1]
[0, 0, 0, 0, 1, 0, -1, 1, -1, 0, 0, 1, 0, 0, 0, 1, 0, 0, -1, 1, 0, 0]
[1, 0, 0, -1, 2, 0, -2, 1, 0, 0, 1, 0, 1, -1, 1, 0, 0, 0, 1, -1, 0, 1]
[0, 0, -1, 0, 0, 0, 0, 1, 0, 0, 0, 1, 0, 0, 0, 2, 0, 0, 0, 0, -1, 0]
[2, 1, -1, -2, 1, -1, -1, 1, 0, 0, 2, 0, 1, -1, 1, 1, 0, 0, 1, -1, 0, 0]
[-1, -1, 0, 1, 1, 1, -1, 1, 0, 0, -1, 1, 0, 0, 0, 1, 0, 0, 0, 0, -1, 1]
[2, 1, 0, -3, 2, 0, -2, 0, 0, -1, 3, -2, 2, 0, 2, 0, 0, 0, 1, -1, -1, 1]
[-1, -1, -1, 2, 0, 0, 0, 2, 0, 1, -2, 3, -1, -1, -1, 2, 0, 0, 0, 0, 0, 0]
[1, 1, -1, -2, 1, -1, -1, 2, 0, 0, 1, 1, 1, -1, 1, 1, 0, 0, 0, -1, 0, 0]
[0, -1, 0, 1, 1, 1, -1, 0, 0, 0, 0, 0, 0, 0, 0, 1, 0, 0, 1, 0, -1, 1]
[1, 1, -1, -2, 0, -1, -1, 2, 1, 0, 1, 1, 1, -1, 1, 2, -1, 0, 0, 0, 0, 0]
[0, -1, 0, 1, 2, 1, -1, 0, -1, 0, 0, 0, 0, 0, 0, 0, 1, 0, 1, -1, -1, 1]
[2, 1, 0, -2, 2, 0, -2, 0, 0, 0, 2, -1, 2, 0, 1, 0, 0, 0, 1, -1, -1, 1]
[-1, -1, -1, 1, 0, 0, 0, 2, 0, 0, -1, 2, -1, -1, 0, 2, 0, 0, 0, 0, 0, 0]
[2, 1, -1, -3, 1, -1, -1, 1, 1, 1, 1, 0, 1, -1, 2, 1, -1, -1, 0, -1, 0, 1]
[-1, -1, 0, 2, 1, 1, -1, 1, -1, -1, 0, 1, 0, 0, -1, 1, 1, 1, 1, 0, -1, 0]
[2, 0, 0, -2, 1, -1, -1, 1, 0, 0, 2, 0, 1, -1, 2, 1, -1, -1, 0, -1, 0, 1]
[-1, 0, -1, 1, 1, 1, -1, 1, 0, 0, -1, 1, 0, 0, -1, 1, 1, 1, 1, 0, -1, 0]
[1, 1, -1, -2, 0, -1, -1, 1, 1, 0, 1, 1, 1, -1, 1, 2, 0, 1, 0, -1, 0, 0]
[0, -1, 0, 1, 2, 1, -1, 1, -1, 0, 0, 0, 0, 0, 0, 0, 0, -1, 1, 0, -1, 1]
[1, 0, 0, -1, 1, 0, -2, 1, 0, 0, 1, 1, 1, -1, 1, 1, 0, -1, 0, 0, 0, 0]
[0, 0, -1, 0, 1, 0, 0, 1, 0, 0, 0, 0, 0, 0, 0, 1, 0, 1, 1, -1, -1, 1]
[1, 1, -1, -2, 1, -1, 0, 1, 0, 0, 1, 0, 1, -1, 1, 1, -1, 0, 0, -1, 0, 1]
[0, -1, 0, 1, 1, 1, -2, 1, 0, 0, 0, 1, 0, 0, 0, 1, 1, 0, 1, 0, -1, 0]
[1, 0, 0, -1, 2, 0, -1, 1, -1, 0, 1, 0, 1, -1, 1, 0, -1, -2, 0, 0, 0, 1]
[0, 0, -1, 0, 0, 0, -1, 1, 1, 0, 0, 1, 0, 0, 0, 2, 1, 2, 1, -1, -1, 0]
[1, -1, 0, 0, 1, 0, -1, 1, 0, 0, 1, 0, 0, 0, 1, 1, 0, 0, 1, -1, -1, 1]
[0, 1, -1, -1, 1, 0, -1, 1, 0, 0, 0, 1, 1, -1, 0, 1, 0, 0, 0, 0, 0, 0]
[1, 0, -1, -1, 1, 0, -1, 1, 1, 1, 0, 0, 0, 0, 1, 1, 0, 0, 1, -1, -1, 1]
[0, 0, 0, 0, 1, 0, -1, 1, -1, -1, 1, 1, 1, -1, 0, 1, 0, 0, 0, 0, 0, 0]
[1, 0, 0, 0, 2, 1, -2, 0, 0, 0, 1, -1, 1, 1, 0, 0, 1, 1, 2, -1, -2, 1]
[0, 0, -1, -1, 0, -1, 0, 2, 0, 0, 0, 2, 0, -2, 1, 2, -1, -1, -1, 0, 1, 0]
[1, 0, 0, -1, 2, 0, -1, 0, -1, 0, 1, 0, 1, -1, 1, 0, 0, -1, 0, -1, 0, 1]
[0, 0, -1, 0, 0, 0, -1, 2, 1, 0, 0, 1, 0, 0, 0, 2, 0, 1, 1, 0, -1, 0]
[1, 0, 0, -1, 1, 0, -1, 0, 0, 0, 1, 0, 1, -1, 1, 1, -1, -1, 0, 0, 0, 1]
[0, 0, -1, 0, 1, 0, -1, 2, 0, 0, 0, 1, 0, 0, 0, 1, 1, 1, 1, -1, -1, 0]
[1, 0, 0, -1, 2, 1, -2, 0, 0, -1, 2, -2, 1, 1, 1, 0, 1, 1, 2, -1, -2, 1]
[0, 0, -1, 0, 0, -1, 0, 2, 0, 1, -1, 3, 0, -2, 0, 2, -1, -1, -1, 0, 1, 0]
[1, 0, -1, 0, 1, 0, -1, 1, 0, 0, 1, 0, 0, 0, 0, 1, 1, 1, 2, -1, -1, 0]
[0, 0, 0, -1, 1, 0, -1, 1, 0, 0, 0, 1, 1, -1, 1, 1, -1, -1, -1, 0, 0, 1]
[1, 1, -1, -2, 0, -1, 0, 1, 0, 0, 1, 1, 1, -1, 1, 2, -1, -1, -1, 0, 0, 0]
[0, -1, 0, 1, 2, 1, -2, 1, 0, 0, 0, 0, 0, 0, 0, 0, 1, 1, 2, -1, -1, 1]
[2, 1, -1, -3, 1, -1, -1, 1, 1, 0, 2, 0, 2, -2, 2, 1, -1, -1, 1, -2, 0, 1]
[-1, -1, 0, 2, 1, 1, -1, 1, -1, 0, -1, 1, -1, 1, -1, 1, 1, 1, 0, 1, -1, 0]
[1, 0, -1, -1, 1, 0, -1, 1, 0, 0, 1, 1, 1, -1, 1, 1, -1, -1, -1, 0, 1, 0]
[0, 0, 0, 0, 1, 0, -1, 1, 0, 0, 0, 0, 0, 0, 0, 1, 1, 1, 2, -1, -2, 1]
[2, 0, 0, -1, 2, 0, -2, 0, 0, -1, 1, -1, 2, 0, 1, 0, 0, 0, 1, -1, -1, 1]
[-1, 0, -1, 0, 0, 0, 0, 2, 0, 1, 0, 2, -1, -1, 0, 2, 0, 0, 0, 0, 0, 0]
[1, 0, -1, -1, 1, 0, -2, 2, 1, 0, 1, 1, 1, -1, 1, 1, -1, 0, 0, -1, 0, 0]
[0, 0, 0, 0, 1, 0, 0, 0, -1, 0, 0, 0, 0, 0, 0, 1, 1, 0, 1, 0, -1, 1]
[1, 0, 0, -1, 2, 1, -2, 0, 0, 0, 2, -1, 1, 0, 1, 0, 1, 0, 2, -1, -1, 1]
[0, 0, -1, 0, 0, -1, 0, 2, 0, 0, -1, 2, 0, -1, 0, 2, -1, 0, -1, 0, 0, 0]
[1, 1, -2, -2, 0, -1, 0, 2, 1, 1, 1, 1, 0, -1, 1, 2, 0, 0, 1, -1, 0, 0]
[0, -1, 1, 1, 2, 1, -2, 0, -1, -1, 0, 0, 1, 0, 0, 0, 0, 0, 0, 0, -1, 1]
[1, 0, 0, 0, 1, 0, -2, 1, 0, 0, 0, 1, 1, 0, 0, 1, 0, 0, 0, 0, -1, 0]
[0, 0, -1, -1, 1, 0, 0, 1, 0, 0, 1, 0, 0, -1, 1, 1, 0, 0, 1, -1, 0, 1]
[1, 0, 0, -1, 1, 0, -2, 1, 1, 0, 0, 0, 1, 0, 1, 1, -1, 0, 0, 0, -1, 1]
[0, 0, -1, 0, 1, 0, 0, 1, -1, 0, 1, 1, 0, -1, 0, 1, 1, 0, 1, -1, 0, 0]
[1, 0, 0, -1, 1, 0, -2, 1, 0, -1, 1, 0, 1, 0, 1, 1, 0, 0, 0, 0, -1, 0]
[0, 0, -1, 0, 1, 0, 0, 1, 0, 1, 0, 1, 0, -1, 0, 1, 0, 0, 1, -1, 0, 1]
[1, 0, 0, -1, 2, 0, -2, 1, 0, 0, 0, 0, 1, 0, 1, 0, 0, 0, 0, -1, -1, 1]
[0, 0, -1, 0, 0, 0, 0, 1, 0, 0, 1, 1, 0, -1, 0, 2, 0, 0, 1, 0, 0, 0]
[2, 1, 0, -2, 2, 0, -2, 0, 0, -1, 2, -2, 2, 1, 1, 0, 0, 1, 1, -1, -2, 1]
[-1, -1, -1, 1, 0, 0, 0, 2, 0, 1, -1, 3, -1, -2, 0, 2, 0, -1, 0, 0, 1, 0]
[1, 0, -1, -1, 1, 0, 0, 0, 0, 1, 1, 0, 0, -1, 1, 1, 0, -1, 1, -1, 0, 1]
[0, 0, 0, 0, 1, 0, -2, 2, 0, -1, 0, 1, 1, 0, 0, 1, 0, 1, 0, 0, -1, 0]
[2, 0, 0, -1, 2, 0, -2, 0, 0, 0, 1, -1, 1, 0, 1, 0, 0, 0, 1, -1, -1, 1]
[-1, 0, -1, 0, 0, 0, 0, 2, 0, 0, 0, 2, 0, -1, 0, 2, 0, 0, 0, 0, 0, 0]
[1, 1, -1, -2, 1, 0, 0, 0, 0, 0, 2, -1, 1, 0, 1, 1, 0, 0, 1, -1, -1, 1]
[0, -1, 0, 1, 1, 0, -2, 2, 0, 0, -1, 2, 0, -1, 0, 1, 0, 0, 0, 0, 0, 0]
[1, 0, 0, 0, 1, 0, -2, 1, 0, -1, 1, 0, 1, 0, 0, 1, 0, 1, 1, 0, -1, 0]
[0, 0, -1, -1, 1, 0, 0, 1, 0, 1, 0, 1, 0, -1, 1, 1, 0, -1, 0, -1, 0, 1]
[1, 0, 0, 0, 2, 0, -2, 1, 0, 0, 0, 0, 1, 0, 0, 0, 0, 1, 1, -1, -1, 1]
[0, 0, -1, -1, 0, 0, 0, 1, 0, 0, 1, 1, 0, -1, 1, 2, 0, -1, 0, 0, 0, 0]
[1, 0, 0, 0, 2, 0, -2, 1, -1, -1, 1, 0, 1, 0, 0, 0, 1, 1, 1, -1, -1, 0]
[0, 0, -1, -1, 0, 0, 0, 1, 1, 1, 0, 1, 0, -1, 1, 2, -1, -1, 0, 0, 0, 1]
[1, 0, 0, -1, 2, 0, -2, 1, 0, -1, 1, -1, 1, 0, 1, 0, 0, 1, 1, -1, -1, 1]
[0, 0, -1, 0, 0, 0, 0, 1, 0, 1, 0, 2, 0, -1, 0, 2, 0, -1, 0, 0, 0, 0]
[2, 1, -1, -2, 1, -1, -2, 2, 1, 0, 1, 0, 1, 0, 1, 1, 0, 1, 1, -1, -1, 0]
[-1, -1, 0, 1, 1, 1, 0, 0, -1, 0, 0, 1, 0, -1, 0, 1, 0, -1, 0, 0, 0, 1]
[2, 0, 1, -1, 3, 1, -4, 0, 0, -1, 2, -2, 2, 1, 1, -1, 1, 1, 2, -1, -2, 1]
[-1, 0, -2, 0, -1, -1, 2, 2, 0, 1, -1, 3, -1, -2, 0, 3, -1, -1, -1, 0, 1, 0]
[1, 0, 1, 0, 2, 0, -2, 0, -1, -1, 0, -1, 1, 1, 0, 0, 1, 1, 1, 0, -2, 1]
[0, 0, -2, -1, 0, 0, 0, 2, 1, 1, 1, 2, 0, -2, 1, 2, -1, -1, 0, -1, 1, 0]
[1, 0, -1, -1, 1, 0, 0, 0, 0, 0, 1, 0, 1, -1, 1, 1, 0, -1, 1, -1, 0, 1]
[0, 0, 0, 0, 1, 0, -2, 2, 0, 0, 0, 1, 0, 0, 0, 1, 0, 1, 0, 0, -1, 0]
[1, 0, -1, -1, 1, 0, 0, 0, 0, 0, 1, 0, 1, -1, 1, 1, -1, -1, 0, -1, 0, 1]
[0, 0, 0, 0, 1, 0, -2, 2, 0, 0, 0, 1, 0, 0, 0, 1, 1, 1, 1, 0, -1, 0]
[2, 1, 0, -2, 2, 0, -2, 0, 0, 0, 2, -2, 1, 1, 1, 0, 1, 1, 2, -1, -2, 1]
[-1, -1, -1, 1, 0, 0, 0, 2, 0, 0, -1, 3, 0, -2, 0, 2, -1, -1, -1, 0, 1, 0]
[1, 0, -1, -1, 0, 0, -1, 1, 1, 0, 1, 1, 1, -1, 1, 2, -1, -1, 0, 0, 0, 0]
[0, 0, 0, 0, 2, 0, -1, 1, -1, 0, 0, 0, 0, 0, 0, 0, 1, 1, 1, -1, -1, 1]
[1, 0, -1, -1, 1, 0, -1, 1, 1, 1, 0, 1, 1, -1, 1, 1, -1, -1, 0, -1, 0, 1]
[0, 0, 0, 0, 1, 0, -1, 1, -1, -1, 1, 0, 0, 0, 0, 1, 1, 1, 1, 0, -1, 0]
[1, 0, -1, -1, 1, 0, -1, 1, 0, 0, 1, 1, 1, -1, 1, 1, 0, -1, 0, -1, 0, 0]
[0, 0, 0, 0, 1, 0, -1, 1, 0, 0, 0, 0, 0, 0, 0, 1, 0, 1, 1, 0, -1, 1]
[1, 0, -1, -2, 1, 0, -1, 1, 1, 0, 1, 0, 1, -1, 2, 1, -1, -1, 0, -1, 0, 1]
[0, 0, 0, 1, 1, 0, -1, 1, -1, 0, 0, 1, 0, 0, -1, 1, 1, 1, 1, 0, -1, 0]
[1, 1, -2, -2, 0, -1, 0, 2, 1, 0, 1, 1, 1, -1, 1, 2, -1, 0, 0, -1, 0, 0]
[0, -1, 1, 1, 2, 1, -2, 0, -1, 0, 0, 0, 0, 0, 0, 0, 1, 0, 1, 0, -1, 1]
[1, 0, 0, -1, 2, 1, -2, 0, 0, -1, 2, -1, 2, 0, 1, 0, 0, 0, 1, -1, -1, 1]
[0, 0, -1, 0, 0, -1, 0, 2, 0, 1, -1, 2, -1, -1, 0, 2, 0, 0, 0, 0, 0, 0]
[1, 0, -2, -1, 0, -1, 0, 2, 1, 1, 0, 2, 0, -2, 1, 2, -1, -1, 0, -1, 1, 0]
[0, 0, 1, 0, 2, 1, -2, 0, -1, -1, 1, -1, 1, 1, 0, 0, 1, 1, 1, 0, -2, 1]
[1, -1, 0, 0, 2, 1, -2, 0, 0, 0, 1, 0, 1, -1, 1, 0, 0, -1, 1, -1, 0, 1]
[0, 1, -1, -1, 0, -1, 0, 2, 0, 0, 0, 1, 0, 0, 0, 2, 0, 1, 0, 0, -1, 0]
[1, 0, -1, 0, 1, 0, -1, 1, 0, 0, 1, 1, 1, -1, 0, 1, 0, 0, 1, -1, 0, 0]
[0, 0, 0, -1, 1, 0, -1, 1, 0, 0, 0, 0, 0, 0, 1, 1, 0, 0, 0, 0, -1, 1]
[1, 0, -1, -1, 1, 0, -1, 1, 1, 0, 1, 0, 1, -1, 1, 1, -1, 0, 1, -1, 0, 1]
[0, 0, 0, 0, 1, 0, -1, 1, -1, 0, 0, 1, 0, 0, 0, 1, 1, 0, 0, 0, -1, 0]
[1, 0, -1, -1, 1, 0, -1, 1, 0, -1, 2, 0, 1, -1, 1, 1, 0, 0, 1, -1, 0, 0]
[0, 0, 0, 0, 1, 0, -1, 1, 0, 1, -1, 1, 0, 0, 0, 1, 0, 0, 0, 0, -1, 1]
[1, 0, -1, -1, 2, 0, -1, 1, 0, 0, 1, 0, 1, -1, 1, 0, 0, 0, 1, -2, 0, 1]
[0, 0, 0, 0, 0, 0, -1, 1, 0, 0, 0, 1, 0, 0, 0, 2, 0, 0, 0, 1, -1, 0]
[3, 1, -1, -3, 2, 0, -2, 0, 1, 0, 3, -2, 2, 0, 2, 0, 0, 0, 2, -2, -1, 1]
[-2, -1, 0, 2, 0, 0, 0, 2, -1, 0, -2, 3, -1, -1, -1, 2, 0, 0, -1, 1, 0, 0]
[1, 0, -1, -1, 1, 0, -2, 2, 1, 0, 1, 1, 1, -1, 1, 1, 0, 0, 1, -1, 0, 0]
[0, 0, 0, 0, 1, 0, 0, 0, -1, 0, 0, 0, 0, 0, 0, 1, 0, 0, 0, 0, -1, 1]
[1, 1, -1, -1, 2, 0, -2, 1, 0, -1, 2, -1, 1, 0, 1, 0, 1, 1, 2, -1, -1, 0]
[0, -1, 0, 0, 0, 0, 0, 1, 0, 1, -1, 2, 0, -1, 0, 2, -1, -1, -1, 0, 0, 1]
[1, 1, -1, -2, 1, -1, -1, 2, 1, 0, 1, 0, 1, -1, 1, 1, 0, 1, 2, -2, -1, 1]
[0, -1, 0, 1, 1, 1, -1, 0, -1, 0, 0, 1, 0, 0, 0, 1, 0, -1, -1, 1, 0, 0]
[2, 1, 0, -2, 2, 0, -2, 0, 0, -1, 3, -2, 2, 0, 1, 0, 1, 1, 3, -2, -2, 1]
[-1, -1, -1, 1, 0, 0, 0, 2, 0, 1, -2, 3, -1, -1, 0, 2, -1, -1, -2, 1, 1, 0]
[2, 0, 0, -2, 2, 0, -2, 1, 0, 0, 2, -1, 1, 0, 1, 0, 1, 1, 2, -2, -1, 1]
[-1, 0, -1, 1, 0, 0, 0, 1, 0, 0, -1, 2, 0, -1, 0, 2, -1, -1, -1, 1, 0, 0]
[1, 0, 0, -1, 2, 0, -2, 1, 0, 0, 1, 0, 1, -1, 1, 0, 1, 0, 2, -2, -1, 1]
[0, 0, -1, 0, 0, 0, 0, 1, 0, 0, 0, 1, 0, 0, 0, 2, -1, 0, -1, 1, 0, 0]
[2, 1, -1, -3, 1, -1, -1, 1, 1, 0, 2, -1, 1, -1, 2, 1, 0, 0, 2, -2, -1, 1]
[-1, -1, 0, 2, 1, 1, -1, 1, -1, 0, -1, 2, 0, 0, -1, 1, 0, 0, -1, 1, 0, 0]
[2, 0, 0, -1, 2, 0, -2, 1, 0, 0, 2, -1, 1, 0, 1, 0, 0, 0, 2, -1, -1, 1]
[-1, 0, -1, 0, 0, 0, 0, 1, 0, 0, -1, 2, 0, -1, 0, 2, 0, 0, -1, 0, 0, 0]
[1, 1, -1, -1, 1, 0, -2, 1, 1, 0, 1, 0, 1, 0, 0, 1, 1, 2, 2, -1, -1, 0]
[0, -1, 0, 0, 1, 0, 0, 1, -1, 0, 0, 1, 0, -1, 1, 1, -1, -2, -1, 0, 0, 1]
[1, 0, -1, -1, 0, -1, -1, 2, 1, 0, 1, 1, 0, -1, 1, 2, 0, 1, 1, -1, 0, 0]
[0, 0, 0, 0, 2, 1, -1, 0, -1, 0, 0, 0, 1, 0, 0, 0, 0, -1, 0, 0, -1, 1]
[1, 0, 0, -1, 1, 0, -2, 1, 1, 0, 1, 0, 1, -1, 1, 1, 0, 0, 2, -1, -1, 1]
[0, 0, -1, 0, 1, 0, 0, 1, -1, 0, 0, 1, 0, 0, 0, 1, 0, 0, -1, 0, 0, 0]
[1, 0, -1, -1, 1, 0, -2, 2, 1, 1, 1, 1, 0, -1, 1, 1, 0, 0, 1, -1, 0, 0]
[0, 0, 0, 0, 1, 0, 0, 0, -1, -1, 0, 0, 1, 0, 0, 1, 0, 0, 0, 0, -1, 1]
[2, 0, 0, -1, 2, 0, -2, 0, 0, 0, 1, -1, 1, 0, 1, 0, 1, 0, 2, -1, -1, 1]
[-1, 0, -1, 0, 0, 0, 0, 2, 0, 0, 0, 2, 0, -1, 0, 2, -1, 0, -1, 0, 0, 0]
[2, 0, 0, -1, 2, 0, -2, 0, 0, 0, 2, -1, 1, 0, 1, 0, 1, 1, 2, -2, -1, 1]
[-1, 0, -1, 0, 0, 0, 0, 2, 0, 0, -1, 2, 0, -1, 0, 2, -1, -1, -1, 1, 0, 0]
[2, 1, -1, -2, 1, -1, -1, 1, 1, 1, 1, 0, 1, -1, 1, 1, 0, 0, 2, -2, -1, 1]
[-1, -1, 0, 1, 1, 1, -1, 1, -1, -1, 0, 1, 0, 0, 0, 1, 0, 0, -1, 1, 0, 0]
[1, 0, 0, -1, 1, 0, -1, 0, 0, 0, 1, 0, 1, 0, 1, 1, 0, 0, 0, -1, -1, 1]
[0, 0, -1, 0, 1, 0, -1, 2, 0, 0, 0, 1, 0, -1, 0, 1, 0, 0, 1, 0, 0, 0]
[1, 0, 0, -1, 1, 0, -1, 0, 0, 0, 0, 0, 1, 0, 1, 1, 0, -1, 0, 0, -1, 1]
[0, 0, -1, 0, 1, 0, -1, 2, 0, 0, 1, 1, 0, -1, 0, 1, 0, 1, 1, -1, 0, 0]
[1, 0, 0, 0, 2, 0, -1, 0, -1, -1, 1, -1, 1, 0, 0, 0, 1, 1, 2, -1, -1, 1]
[0, 0, -1, -1, 0, 0, -1, 2, 1, 1, 0, 2, 0, -1, 1, 2, -1, -1, -1, 0, 0, 0]
[1, 0, 0, 0, 3, 1, -2, 0, -1, 0, 1, -1, 1, 0, 0, -1, 1, 0, 2, -1, -1, 1]
[0, 0, -1, -1, -1, -1, 0, 2, 1, 0, 0, 2, 0, -1, 1, 3, -1, 0, -1, 0, 0, 0]
[1, 0, 0, -1, 2, 0, -1, 0, 0, 0, 1, -1, 1, -1, 1, 0, 0, 0, 2, -2, -1, 2]
[0, 0, -1, 0, 0, 0, -1, 2, 0, 0, 0, 2, 0, 0, 0, 2, 0, 0, -1, 1, 0, -1]
[1, -1, 0, 0, 2, 0, -1, 1, -1, 0, 1, 0, 0, -1, 1, 0, 0, -1, 1, -1, 0, 1]
[0, 1, -1, -1, 0, 0, -1, 1, 1, 0, 0, 1, 1, 0, 0, 2, 0, 1, 0, 0, -1, 0]
[1, 0, 0, -1, 1, 0, -1, 1, 0, 0, 1, 0, 1, 0, 1, 1, -1, -1, 0, 0, -1, 1]
[0, 0, -1, 0, 1, 0, -1, 1, 0, 0, 0, 1, 0, -1, 0, 1, 1, 1, 1, -1, 0, 0]
[1, 0, 0, -1, 2, 1, -2, 0, 0, 0, 1, -1, 1, 1, 1, 0, 0, 0, 0, 0, -1, 1]
[0, 0, -1, 0, 0, -1, 0, 2, 0, 0, 0, 2, 0, -2, 0, 2, 0, 0, 1, -1, 0, 0]
[1, 0, 0, -2, 1, 0, -1, 1, 0, 0, 1, 0, 1, 0, 1, 1, 0, 0, 0, -1, -1, 1]
[0, 0, -1, 1, 1, 0, -1, 1, 0, 0, 0, 1, 0, -1, 0, 1, 0, 0, 1, 0, 0, 0]
[1, -1, 0, 0, 1, 0, -1, 1, 0, 1, 0, 1, 0, -1, 0, 1, 0, 0, 1, -1, 0, 1]
[0, 1, -1, -1, 1, 0, -1, 1, 0, -1, 1, 0, 1, 0, 1, 1, 0, 0, 0, 0, -1, 0]
[1, 1, -1, -2, 1, 0, -2, 2, 1, 0, 2, 0, 1, 0, 1, 1, 0, 1, 1, -1, -1, 0]
[0, -1, 0, 1, 1, 0, 0, 0, -1, 0, -1, 1, 0, -1, 0, 1, 0, -1, 0, 0, 0, 1]
[2, 1, 0, -2, 2, 0, -2, 0, 0, -1, 2, -2, 2, 1, 1, 0, 1, 1, 2, -1, -2, 1]
[-1, -1, -1, 1, 0, 0, 0, 2, 0, 1, -1, 3, -1, -2, 0, 2, -1, -1, -1, 0, 1, 0]
[2, 1, -1, -3, 1, -1, -1, 1, 1, 0, 2, -1, 1, 0, 2, 1, 0, 1, 1, -2, -1, 1]
[-1, -1, 0, 2, 1, 1, -1, 1, -1, 0, -1, 2, 0, -1, -1, 1, 0, -1, 0, 1, 0, 0]
[2, 1, 0, -3, 2, 0, -2, 0, 1, 0, 2, -2, 2, 0, 2, 0, 0, 0, 2, -2, -2, 2]
[-1, -1, -1, 2, 0, 0, 0, 2, -1, 0, -1, 3, -1, -1, -1, 2, 0, 0, -1, 1, 1, -1]
[2, 0, 0, -2, 2, 0, -2, 1, 0, 0, 2, -1, 1, 0, 2, 0, 0, -1, 1, -1, -1, 1]
[-1, 0, -1, 1, 0, 0, 0, 1, 0, 0, -1, 2, 0, -1, -1, 2, 0, 1, 0, 0, 0, 0]
[1, 1, -1, -2, 1, 0, -2, 1, 1, 0, 1, 0, 1, 0, 1, 1, 1, 1, 1, -1, -1, 0]
[0, -1, 0, 1, 1, 0, 0, 1, -1, 0, 0, 1, 0, -1, 0, 1, -1, -1, 0, 0, 0, 1]
[1, 0, 0, -1, 1, 0, -2, 1, 0, -1, 2, 0, 1, 0, 1, 1, 1, 1, 1, -1, -1, 0]
[0, 0, -1, 0, 1, 0, 0, 1, 0, 1, -1, 1, 0, -1, 0, 1, -1, -1, 0, 0, 0, 1]
[1, 1, -1, -2, 0, -1, -1, 2, 1, 0, 1, 1, 1, -1, 1, 2, 0, 0, 1, -1, -1, 0]
[0, -1, 0, 1, 2, 1, -1, 0, -1, 0, 0, 0, 0, 0, 0, 0, 0, 0, 0, 0, 0, 1]
[1, 0, 0, -1, 1, 0, -2, 1, 1, 0, 1, 0, 1, 0, 1, 1, 0, 1, 1, -1, -1, 1]
[0, 0, -1, 0, 1, 0, 0, 1, -1, 0, 0, 1, 0, -1, 0, 1, 0, -1, 0, 0, 0, 0]
[1, 1, -1, -1, 1, 0, -2, 1, 1, 0, 1, 0, 1, 0, 1, 1, 0, 0, 1, 0, -1, 0]
[0, -1, 0, 0, 1, 0, 0, 1, -1, 0, 0, 1, 0, -1, 0, 1, 0, 0, 0, -1, 0, 1]
[2, 1, -1, -2, 0, -1, -1, 1, 1, 0, 2, 0, 1, 0, 1, 2, 0, 1, 1, -1, -1, 0]
[-1, -1, 0, 1, 2, 1, -1, 1, -1, 0, -1, 1, 0, -1, 0, 0, 0, -1, 0, 0, 0, 1]
[2, 0, 0, -2, 1, 0, -2, 1, 1, 1, 1, 0, 1, 0, 1, 1, 0, 0, 1, -1, -1, 1]
[-1, 0, -1, 1, 1, 0, 0, 1, -1, -1, 0, 1, 0, -1, 0, 1, 0, 0, 0, 0, 0, 0]
[2, 0, 0, -2, 1, 0, -2, 0, 1, 0, 2, -1, 1, 0, 2, 1, 0, 0, 1, -1, -1, 1]
[-1, 0, -1, 1, 1, 0, 0, 2, -1, 0, -1, 2, 0, -1, -1, 1, 0, 0, 0, 0, 0, 0]
[1, 0, -1, -1, 0, -1, -1, 2, 1, 1, 0, 2, 0, -1, 1, 2, 0, 0, 0, -1, 0, 0]
[0, 0, 0, 0, 2, 1, -1, 0, -1, -1, 1, -1, 1, 0, 0, 0, 0, 0, 1, 0, -1, 1]
[1, 1, -1, -2, 2, 0, -1, 1, 0, 0, 1, -1, 1, 0, 1, 0, 0, 0, 1, -1, -1, 1]
[0, -1, 0, 1, 0, 0, -1, 1, 0, 0, 0, 2, 0, -1, 0, 2, 0, 0, 0, 0, 0, 0]
[1, 0, 0, -1, 2, 0, -1, 1, -1, -1, 2, -1, 1, 0, 1, 0, 0, 0, 1, -1, -1, 1]
[0, 0, -1, 0, 0, 0, -1, 1, 1, 1, -1, 2, 0, -1, 0, 2, 0, 0, 0, 0, 0, 0]
[1, -1, 0, 0, 1, 0, -1, 1, 0, 1, 0, 1, 0, -1, 1, 1, -1, -2, 0, 0, 0, 1]
[0, 1, -1, -1, 1, 0, -1, 1, 0, -1, 1, 0, 1, 0, 0, 1, 1, 2, 1, -1, -1, 0]
[1, 0, -1, -1, 0, -1, 0, 1, 1, 1, 0, 1, 0, -1, 1, 2, -1, 0, 0, -1, 0, 1]
[0, 0, 0, 0, 2, 1, -2, 1, -1, -1, 1, 0, 1, 0, 0, 0, 1, 0, 1, 0, -1, 0]
[1, 0, -1, 0, 1, 0, -1, 1, 0, 1, 0, 1, 0, 0, 0, 1, 0, 0, 0, 0, 0, 0]
[0, 0, 0, -1, 1, 0, -1, 1, 0, -1, 1, 0, 1, -1, 1, 1, 0, 0, 1, -1, -1, 1]
[1, 0, 0, 0, 1, 0, -1, 0, 0, 0, 0, 0, 1, 0, 0, 1, 0, 0, 1, 0, -1, 1]
[0, 0, -1, -1, 1, 0, -1, 2, 0, 0, 1, 1, 0, -1, 1, 1, 0, 0, 0, -1, 0, 0]
[1, 0, 0, -1, 2, 0, -1, 0, -1, -1, 1, -1, 1, 0, 1, 0, 1, 0, 1, -1, -1, 1]
[0, 0, -1, 0, 0, 0, -1, 2, 1, 1, 0, 2, 0, -1, 0, 2, -1, 0, 0, 0, 0, 0]
[1, 1, -1, -2, 1, -1, 0, 1, 0, 0, 1, 0, 1, -1, 1, 1, 0, 0, 1, -2, -1, 1]
[0, -1, 0, 1, 1, 1, -2, 1, 0, 0, 0, 1, 0, 0, 0, 1, 0, 0, 0, 1, 0, 0]
[1, -1, 0, -1, 1, 0, -1, 1, 0, 1, 0, 1, 0, -1, 1, 1, 0, -1, 0, -1, 0, 1]
[0, 1, -1, 0, 1, 0, -1, 1, 0, -1, 1, 0, 1, 0, 0, 1, 0, 1, 1, 0, -1, 0]
[1, 0, 0, -1, 1, 0, -1, 0, 0, 0, 1, 0, 1, -1, 1, 1, 0, -1, 1, -1, -1, 1]
[0, 0, -1, 0, 1, 0, -1, 2, 0, 0, 0, 1, 0, 0, 0, 1, 0, 1, 0, 0, 0, 0]
[1, 0, -1, -1, 0, -1, 0, 1, 0, 0, 1, 1, 0, -1, 1, 2, 0, 0, 0, -1, 0, 0]
[0, 0, 0, 0, 2, 1, -2, 1, 0, 0, 0, 0, 1, 0, 0, 0, 0, 0, 1, 0, -1, 1]
[1, 0, 0, 0, 2, 1, -2, 0, -1, -1, 2, -1, 1, 1, 0, 0, 1, 1, 1, 0, -1, 0]
[0, 0, -1, -1, 0, -1, 0, 2, 1, 1, -1, 2, 0, -2, 1, 2, -1, -1, 0, -1, 0, 1]
[1, 0, 0, -1, 1, 0, -1, 1, 0, 0, 1, 0, 1, 0, 0, 1, 0, 1, 1, -1, -1, 1]
[0, 0, -1, 0, 1, 0, -1, 1, 0, 0, 0, 1, 0, -1, 1, 1, 0, -1, 0, 0, 0, 0]
[1, 1, -1, -1, 1, 0, -1, 1, 0, 0, 1, 0, 1, 0, 0, 1, 0, 0, 1, 0, -1, 0]
[0, -1, 0, 0, 1, 0, -1, 1, 0, 0, 0, 1, 0, -1, 1, 1, 0, 0, 0, -1, 0, 1]
[1, 0, -1, -1, 0, -1, 0, 2, 0, 1, 0, 2, 0, -1, 0, 2, 0, 0, 0, -1, 0, 0]
[0, 0, 0, 0, 2, 1, -2, 0, 0, -1, 1, -1, 1, 0, 1, 0, 0, 0, 1, 0, -1, 1]
[2, 0, 0, -2, 1, 0, -1, 0, 0, 0, 2, -1, 1, 0, 1, 1, 0, 0, 1, -1, -1, 1]
[-1, 0, -1, 1, 1, 0, -1, 2, 0, 0, -1, 2, 0, -1, 0, 1, 0, 0, 0, 0, 0, 0]
[1, -1, 1, 0, 2, 1, -2, 0, -1, 0, 1, 0, 1, 0, 0, 0, 1, 0, 1, -1, -1, 1]
[0, 1, -2, -1, 0, -1, 0, 2, 1, 0, 0, 1, 0, -1, 1, 2, -1, 0, 0, 0, 0, 0]
[1, 0, 0, 0, 1, 0, -1, 0, -1, -1, 1, 0, 1, 0, 0, 1, 1, 0, 1, 0, -1, 0]
[0, 0, -1, -1, 1, 0, -1, 2, 1, 1, 0, 1, 0, -1, 1, 1, -1, 0, 0, -1, 0, 1]
[1, 1, -1, -1, 1, 0, -1, 0, 0, 0, 1, 0, 1, 0, 0, 1, 1, 1, 1, -1, -1, 0]
[0, -1, 0, 0, 1, 0, -1, 2, 0, 0, 0, 1, 0, -1, 1, 1, -1, -1, 0, 0, 0, 1]
[1, 0, 0, -1, 1, 0, -1, 0, 0, 0, 0, 0, 1, 0, 0, 1, 1, 1, 1, -1, -1, 1]
[0, 0, -1, 0, 1, 0, -1, 2, 0, 0, 1, 1, 0, -1, 1, 1, -1, -1, 0, 0, 0, 0]
[2, 0, 0, -1, 2, 0, -1, 0, -1, 0, 2, -1, 1, 0, 1, 0, 0, -1, 1, -1, -1, 1]
[-1, 0, -1, 0, 0, 0, -1, 2, 1, 0, -1, 2, 0, -1, 0, 2, 0, 1, 0, 0, 0, 0]
[2, -1, 1, -1, 2, 0, -1, 0, -1, 0, 1, -1, 1, 0, 1, 0, 0, -1, 1, -1, -1, 2]
[-1, 1, -2, 0, 0, 0, -1, 2, 1, 0, 0, 2, 0, -1, 0, 2, 0, 1, 0, 0, 0, -1]
[2, 0, 0, -2, 2, 0, -1, 0, 0, 1, 1, -1, 1, 0, 1, 0, 0, 0, 1, -2, -1, 2]
[-1, 0, -1, 1, 0, 0, -1, 2, 0, -1, 0, 2, 0, -1, 0, 2, 0, 0, 0, 1, 0, -1]
[2, 1, -1, -2, 1, -1, 0, 0, 0, 0, 1, -1, 1, 0, 1, 1, 0, 0, 1, -1, -1, 1]
[-1, -1, 0, 1, 1, 1, -2, 2, 0, 0, 0, 2, 0, -1, 0, 1, 0, 0, 0, 0, 0, 0]
[1, 0, 0, 0, 2, 0, -1, 0, -1, 0, 0, 0, 1, 0, 0, 0, 1, 0, 1, -1, -1, 1]
[0, 0, -1, -1, 0, 0, -1, 2, 1, 0, 1, 1, 0, -1, 1, 2, -1, 0, 0, 0, 0, 0]
[2, 0, 1, -1, 3, 1, -2, -2, -1, -1, 2, -3, 2, 1, 1, -1, 1, 0, 2, -1, -2, 2]
[-1, 0, -2, 0, -1, -1, 0, 4, 1, 1, -1, 4, -1, -2, 0, 3, -1, 0, -1, 0, 1, -1]
[1, 0, 0, -1, 2, 0, -1, 0, 0, 0, 0, -1, 1, 0, 1, 0, 0, 0, 1, -1, -1, 2]
[0, 0, -1, 0, 0, 0, -1, 2, 0, 0, 1, 2, 0, -1, 0, 2, 0, 0, 0, 0, 0, -1]
[1, 1, -1, -1, 2, 0, -1, 0, 0, 0, 1, -1, 1, 0, 1, 0, 0, 0, 1, -1, -1, 1]
[0, -1, 0, 0, 0, 0, -1, 2, 0, 0, 0, 2, 0, -1, 0, 2, 0, 0, 0, 0, 0, 0]
[1, 0, 0, 0, 2, 0, -1, 0, -1, -1, 1, -1, 1, 0, 1, 0, 0, -1, 1, 0, -1, 1]
[0, 0, -1, -1, 0, 0, -1, 2, 1, 1, 0, 2, 0, -1, 0, 2, 0, 1, 0, -1, 0, 0]
[1, -1, 1, 0, 3, 1, -2, 0, -1, 0, 1, -1, 1, 0, 1, -1, 0, -1, 1, -1, -1, 2]
[0, 1, -2, -1, -1, -1, 0, 2, 1, 0, 0, 2, 0, -1, 0, 3, 0, 1, 0, 0, 0, -1]
[2, 0, 0, -2, 2, 0, -1, 0, 0, 0, 2, -2, 1, 0, 2, 0, -1, -1, 1, -1, -1, 2]
[-1, 0, -1, 1, 0, 0, -1, 2, 0, 0, -1, 3, 0, -1, -1, 2, 1, 1, 0, 0, 0, -1]
[1, 0, -1, -1, 1, -1, 0, 2, 0, 1, 0, 1, 0, -1, 1, 1, -1, -1, 0, -1, 0, 1]
[0, 0, 0, 0, 1, 1, -2, 0, 0, -1, 1, 0, 1, 0, 0, 1, 1, 1, 1, 0, -1, 0]
[1, -1, 0, -1, 1, 0, -1, 2, 0, 1, 1, 1, 0, -1, 1, 1, -1, -1, 0, -1, 0, 1]
[0, 1, -1, 0, 1, 0, -1, 0, 0, -1, 0, 0, 1, 0, 0, 1, 1, 1, 1, 0, -1, 0]
[1, 0, -1, -1, 0, -1, 0, 2, 0, 0, 1, 1, 0, -1, 1, 2, -1, -1, 0, 0, 0, 0]
[0, 0, 0, 0, 2, 1, -2, 0, 0, 0, 0, 0, 1, 0, 0, 0, 1, 1, 1, -1, -1, 1]
[1, 1, -1, -2, 1, 0, -1, 0, 1, 0, 1, -1, 1, 0, 1, 1, 0, 1, 1, -1, -1, 1]
[0, -1, 0, 1, 1, 0, -1, 2, -1, 0, 0, 2, 0, -1, 0, 1, 0, -1, 0, 0, 0, 0]
[1, -1, 1, 0, 2, 1, -2, 0, -1, -1, 2, -1, 1, 0, 1, 0, 0, -1, 1, 0, -1, 1]
[0, 1, -2, -1, 0, -1, 0, 2, 1, 1, -1, 2, 0, -1, 0, 2, 0, 1, 0, -1, 0, 0]
[1, 1, -2, -2, 0, -1, 0, 2, 1, 1, 1, 1, 0, -1, 1, 2, -1, 0, 0, -1, 0, 0]
[0, -1, 1, 1, 2, 1, -2, 0, -1, -1, 0, 0, 1, 0, 0, 0, 1, 0, 1, 0, -1, 1]
[1, 0, 0, -1, 1, 0, -1, 0, 0, -1, 1, -1, 1, 0, 1, 1, 0, 0, 1, 0, -1, 1]
[0, 0, -1, 0, 1, 0, -1, 2, 0, 1, 0, 2, 0, -1, 0, 1, 0, 0, 0, -1, 0, 0]
[1, 0, 0, -1, 2, 1, -2, 0, 0, 0, 2, -1, 1, 0, 1, 0, 0, 0, 1, -1, -1, 1]
[0, 0, -1, 0, 0, -1, 0, 2, 0, 0, -1, 2, 0, -1, 0, 2, 0, 0, 0, 0, 0, 0]
[1, 0, 0, -1, 1, 0, -1, 0, 0, -1, 2, -1, 1, 0, 1, 1, 0, 1, 1, -1, -1, 1]
[0, 0, -1, 0, 1, 0, -1, 2, 0, 1, -1, 2, 0, -1, 0, 1, 0, -1, 0, 0, 0, 0]
[1, -1, 1, -1, 2, 1, -2, 0, 0, 0, 1, -1, 1, 0, 1, 0, 0, 0, 1, -1, -1, 2]
[0, 1, -2, 0, 0, -1, 0, 2, 0, 0, 0, 2, 0, -1, 0, 2, 0, 0, 0, 0, 0, -1]
[1, 0, -1, -2, 0, -1, 0, 2, 1, 1, 0, 1, 0, -1, 1, 2, -1, 0, 0, -1, 0, 1]
[0, 0, 0, 1, 2, 1, -2, 0, -1, -1, 1, 0, 1, 0, 0, 0, 1, 0, 1, 0, -1, 0]
[1, 1, -1, -2, 0, -1, 0, 1, 1, 0, 1, 0, 1, -1, 1, 2, -1, 0, 1, -1, -1, 1]
[0, -1, 0, 1, 2, 1, -2, 1, -1, 0, 0, 1, 0, 0, 0, 0, 1, 0, 0, 0, 0, 0]
[1, 1, -1, -1, 1, 0, -1, 0, 0, -1, 2, -1, 1, 0, 1, 1, 0, 0, 1, 0, -1, 0]
[0, -1, 0, 0, 1, 0, -1, 2, 0, 1, -1, 2, 0, -1, 0, 1, 0, 0, 0, -1, 0, 1]
[1, 0, 0, -1, 2, 1, -2, 0, 0, 0, 1, -1, 1, 0, 1, 0, 0, -1, 1, 0, -1, 1]
[0, 0, -1, 0, 0, -1, 0, 2, 0, 0, 0, 2, 0, -1, 0, 2, 0, 1, 0, -1, 0, 0]
[1, 0, -1, -1, 1, 0, -1, 1, 0, 0, 1, 0, 0, 0, 1, 1, 0, 0, 0, 0, 0, 0]
[0, 0, 0, 0, 1, 0, -1, 1, 0, 0, 0, 1, 1, -1, 0, 1, 0, 0, 1, -1, -1, 1]

################
# DISCRIMINANT #
################

The discriminant has 4 components of degree 2, and 1 component of degree 8:
4*Z[0]^2 - 4*Z[0]*Z[2] + 4*Z[1]^2 + Z[2]^2
4*Z[4]^2 - 4*Z[4]*Z[6] + 4*Z[5]^2 + Z[6]^2
4096*Z[0]^4*Z[4]^4 + 4096*Z[0]^4*Z[4]^3*Z[6] - 1024*Z[0]^4*Z[4]^2*Z[5]^2 + 1024*Z[0]^4*Z[4]^2*Z[6]^2 - 512*Z[0]^4*Z[4]*Z[5]^2*Z[6] + 64*Z[0]^4*Z[5]^4 + 4096*Z[0]^3*Z[2]*Z[4]^4 + 4096*Z[0]^3*Z[2]*Z[4]^3*Z[6] - 1024*Z[0]^3*Z[2]*Z[4]^2*Z[5]^2 + 1024*Z[0]^3*Z[2]*Z[4]^2*Z[6]^2 - 512*Z[0]^3*Z[2]*Z[4]*Z[5]^2*Z[6] + 64*Z[0]^3*Z[2]*Z[5]^4 - 9216*Z[0]^3*Z[3]^2*Z[4]^3 - 6144*Z[0]^3*Z[3]^2*Z[4]^2*Z[6] + 1152*Z[0]^3*Z[3]^2*Z[4]*Z[5]^2 - 768*Z[0]^3*Z[3]^2*Z[4]*Z[6]^2 + 192*Z[0]^3*Z[3]^2*Z[5]^2*Z[6] - 1024*Z[0]^2*Z[1]^2*Z[4]^4 - 1024*Z[0]^2*Z[1]^2*Z[4]^3*Z[6] + 256*Z[0]^2*Z[1]^2*Z[4]^2*Z[5]^2 - 256*Z[0]^2*Z[1]^2*Z[4]^2*Z[6]^2 + 128*Z[0]^2*Z[1]^2*Z[4]*Z[5]^2*Z[6] - 16*Z[0]^2*Z[1]^2*Z[5]^4 + 1024*Z[0]^2*Z[2]^2*Z[4]^4 + 1024*Z[0]^2*Z[2]^2*Z[4]^3*Z[6] - 256*Z[0]^2*Z[2]^2*Z[4]^2*Z[5]^2 + 256*Z[0]^2*Z[2]^2*Z[4]^2*Z[6]^2 - 128*Z[0]^2*Z[2]^2*Z[4]*Z[5]^2*Z[6] + 16*Z[0]^2*Z[2]^2*Z[5]^4 - 6144*Z[0]^2*Z[2]*Z[3]^2*Z[4]^3 - 4096*Z[0]^2*Z[2]*Z[3]^2*Z[4]^2*Z[6] + 768*Z[0]^2*Z[2]*Z[3]^2*Z[4]*Z[5]^2 - 512*Z[0]^2*Z[2]*Z[3]^2*Z[4]*Z[6]^2 + 128*Z[0]^2*Z[2]*Z[3]^2*Z[5]^2*Z[6] + 7168*Z[0]^2*Z[3]^4*Z[4]^2 + 2816*Z[0]^2*Z[3]^4*Z[4]*Z[6] - 320*Z[0]^2*Z[3]^4*Z[5]^2 + 128*Z[0]^2*Z[3]^4*Z[6]^2 - 512*Z[0]*Z[1]^2*Z[2]*Z[4]^4 - 512*Z[0]*Z[1]^2*Z[2]*Z[4]^3*Z[6] + 128*Z[0]*Z[1]^2*Z[2]*Z[4]^2*Z[5]^2 - 128*Z[0]*Z[1]^2*Z[2]*Z[4]^2*Z[6]^2 + 64*Z[0]*Z[1]^2*Z[2]*Z[4]*Z[5]^2*Z[6] - 8*Z[0]*Z[1]^2*Z[2]*Z[5]^4 + 1152*Z[0]*Z[1]^2*Z[3]^2*Z[4]^3 + 768*Z[0]*Z[1]^2*Z[3]^2*Z[4]^2*Z[6] - 144*Z[0]*Z[1]^2*Z[3]^2*Z[4]*Z[5]^2 + 96*Z[0]*Z[1]^2*Z[3]^2*Z[4]*Z[6]^2 - 24*Z[0]*Z[1]^2*Z[3]^2*Z[5]^2*Z[6] - 768*Z[0]*Z[2]^2*Z[3]^2*Z[4]^3 - 512*Z[0]*Z[2]^2*Z[3]^2*Z[4]^2*Z[6] + 96*Z[0]*Z[2]^2*Z[3]^2*Z[4]*Z[5]^2 - 64*Z[0]*Z[2]^2*Z[3]^2*Z[4]*Z[6]^2 + 16*Z[0]*Z[2]^2*Z[3]^2*Z[5]^2*Z[6] + 2816*Z[0]*Z[2]*Z[3]^4*Z[4]^2 + 1024*Z[0]*Z[2]*Z[3]^4*Z[4]*Z[6] - 64*Z[0]*Z[2]*Z[3]^4*Z[5]^2 + 64*Z[0]*Z[2]*Z[3]^4*Z[6]^2 - 2304*Z[0]*Z[3]^6*Z[4] - 384*Z[0]*Z[3]^6*Z[6] + 64*Z[1]^4*Z[4]^4 + 64*Z[1]^4*Z[4]^3*Z[6] - 16*Z[1]^4*Z[4]^2*Z[5]^2 + 16*Z[1]^4*Z[4]^2*Z[6]^2 - 8*Z[1]^4*Z[4]*Z[5]^2*Z[6] + Z[1]^4*Z[5]^4 + 192*Z[1]^2*Z[2]*Z[3]^2*Z[4]^3 + 128*Z[1]^2*Z[2]*Z[3]^2*Z[4]^2*Z[6] - 24*Z[1]^2*Z[2]*Z[3]^2*Z[4]*Z[5]^2 + 16*Z[1]^2*Z[2]*Z[3]^2*Z[4]*Z[6]^2 - 4*Z[1]^2*Z[2]*Z[3]^2*Z[5]^2*Z[6] - 320*Z[1]^2*Z[3]^4*Z[4]^2 - 64*Z[1]^2*Z[3]^4*Z[4]*Z[6] - 32*Z[1]^2*Z[3]^4*Z[5]^2 - 16*Z[1]^2*Z[3]^4*Z[6]^2 + 128*Z[2]^2*Z[3]^4*Z[4]^2 + 64*Z[2]^2*Z[3]^4*Z[4]*Z[6] - 16*Z[2]^2*Z[3]^4*Z[5]^2 - 384*Z[2]*Z[3]^6*Z[4] - 64*Z[2]*Z[3]^6*Z[6] + 256*Z[3]^8
8*Z[0]^2 + 4*Z[0]*Z[2] - Z[1]^2
8*Z[4]^2 + 4*Z[4]*Z[6] - Z[5]^2

#############
# MONODROMY #
#############


Generators of the monodromy group on the second homology group:
[[1, 0, 0, 0, 0, 0, 0, 0, 0, 0, 0, 0, 0, 0, 0, 0, 0, 0, 0, 0, 0, 0], [0, 1, 0, 0, 0, 0, 0, 0, 0, 0, 0, 0, 0, 0, 0, 0, 0, 0, 0, 0, 0, 0], [0, 0, 1, 0, 0, 0, 0, 0, 0, 0, 0, 0, 0, 0, 0, 0, 0, 0, 0, 0, 0, 0], [0, 0, 0, 1, 0, 0, 0, 0, 0, 0, 0, 0, 0, 0, 0, 0, 0, 0, 0, 0, 0, 0], [0, 0, 0, 0, 1, 0, 0, 0, 0, 0, 0, 0, 0, 0, 0, 0, 0, 0, 0, 0, 0, 0], [0, 0, 0, 0, 0, 1, 0, 0, 0, 0, 0, 0, 0, 0, 0, 0, 0, 0, 0, 0, 0, 0], [0, 0, 0, 0, 0, 0, 1, 0, 0, 0, 0, 0, 0, 0, 0, 0, 0, 0, 0, 0, 0, 0], [0, 0, 0, 0, 0, 0, 0, 1, 0, 0, 0, 0, 0, 0, 0, 0, 0, 0, 0, 0, 0, 0], [0, 0, 0, 0, 0, 0, 0, 0, 1, 0, 0, 0, 0, 0, 0, 0, 0, 0, 0, 0, 0, 0], [0, 0, 0, 0, 0, 0, 0, 0, 0, 1, 0, 0, 0, 0, 0, 0, 0, 0, 0, 0, 0, 0], [0, 0, 0, 0, 0, 0, 0, 0, 0, 0, 1, 0, 0, 0, 0, 0, 0, 0, 0, 0, 0, 0], [0, 0, 0, 0, 0, 0, 0, 0, 0, 0, 0, 1, 0, 0, 0, 0, 0, 0, 0, 0, 0, 0], [0, 0, 0, 0, 0, 0, 0, 0, 0, 0, 0, 0, 1, 0, 0, 0, 0, 0, 0, 0, 0, 0], [0, 0, 0, 0, 0, 0, 0, 0, 0, 0, 0, 0, 0, 1, 0, 0, 0, 0, 0, 0, 0, 0], [0, 0, 0, 0, 0, 0, 0, 0, 0, 0, 0, 0, 0, 0, 1, 0, 0, 0, 0, 0, 0, 0], [0, 0, 0, 0, 0, 0, 0, 0, 0, 0, 0, 0, 0, 0, 0, 1, 0, 0, 0, 0, 0, 0], [0, 0, 0, 0, 0, 0, 0, 0, 0, 0, 0, 0, 0, 0, 0, 0, 1, 0, 0, 0, 0, 0], [0, 0, 0, 0, 0, 0, 0, 0, 0, 0, 0, 0, 0, 0, 0, 0, 0, 1, 0, 0, 0, 0], [0, 0, 0, 0, 0, 0, 0, 0, 0, 0, 0, 0, 0, 0, 0, 0, 0, 0, 1, 0, 0, 0], [0, 0, 0, 0, 0, 0, 0, 0, 0, 0, 0, 0, 0, 0, 0, 0, 0, 0, 0, 1, 0, 0], [0, 0, 0, 0, 0, 0, 0, 0, 0, 0, 0, 0, 0, 0, 0, 0, 0, 0, 0, 0, 1, 0], [0, 0, 0, 0, 0, 0, 0, 0, 0, 0, 0, 0, 0, 0, 0, 0, 0, 0, 0, 0, 0, 1]]
[[1, 0, 0, 0, 0, 0, 0, 0, 0, 0, 0, 0, 0, 0, 0, 0, 0, 0, 0, 0, 0, 0], [0, 1, 0, 0, 0, 0, 0, 0, 0, 0, 0, 0, 0, 0, 0, 0, 0, 0, 0, 0, 0, 0], [0, 0, 1, 0, 0, 0, 0, 0, 0, 0, 0, 0, 0, 0, 0, 0, 0, 0, 0, 0, 0, 0], [0, 0, 0, 1, 0, 0, 0, 0, 0, 0, 0, 0, 0, 0, 0, 0, 0, 0, 0, 0, 0, 0], [0, 0, 0, 0, 1, 0, 0, 0, 0, 0, 0, 0, 0, 0, 0, 0, 0, 0, 0, 0, 0, 0], [0, 0, 0, 0, 0, 1, 0, 0, 0, 0, 0, 0, 0, 0, 0, 0, 0, 0, 0, 0, 0, 0], [0, 0, 0, 0, 0, 0, 1, 0, 0, 0, 0, 0, 0, 0, 0, 0, 0, 0, 0, 0, 0, 0], [0, 0, 0, 0, 0, 0, 0, 1, 0, 0, 0, 0, 0, 0, 0, 0, 0, 0, 0, 0, 0, 0], [0, 0, 0, 0, 0, 0, 0, 0, 1, 0, 0, 0, 0, 0, 0, 0, 0, 0, 0, 0, 0, 0], [0, 0, 0, 0, 0, 0, 0, 0, 0, 1, 0, 0, 0, 0, 0, 0, 0, 0, 0, 0, 0, 0], [0, 0, 0, 0, 0, 0, 0, 0, 0, 0, 1, 0, 0, 0, 0, 0, 0, 0, 0, 0, 0, 0], [0, 0, 0, 0, 0, 0, 0, 0, 0, 0, 0, 1, 0, 0, 0, 0, 0, 0, 0, 0, 0, 0], [0, 0, 0, 0, 0, 0, 0, 0, 0, 0, 0, 0, 1, 0, 0, 0, 0, 0, 0, 0, 0, 0], [0, 0, 0, 0, 0, 0, 0, 0, 0, 0, 0, 0, 0, 1, 0, 0, 0, 0, 0, 0, 0, 0], [0, 0, 0, 0, 0, 0, 0, 0, 0, 0, 0, 0, 0, 0, 1, 0, 0, 0, 0, 0, 0, 0], [0, 0, 0, 0, 0, 0, 0, 0, 0, 0, 0, 0, 0, 0, 0, 1, 0, 0, 0, 0, 0, 0], [0, 0, 0, 0, 0, 0, 0, 0, 0, 0, 0, 0, 0, 0, 0, 0, 1, 0, 0, 0, 0, 0], [0, 0, 0, 0, 0, 0, 0, 0, 0, 0, 0, 0, 0, 0, 0, 0, 0, 1, 0, 0, 0, 0], [0, 0, 0, 0, 0, 0, 0, 0, 0, 0, 0, 0, 0, 0, 0, 0, 0, 0, 1, 0, 0, 0], [0, 0, 0, 0, 0, 0, 0, 0, 0, 0, 0, 0, 0, 0, 0, 0, 0, 0, 0, 1, 0, 0], [0, 0, 0, 0, 0, 0, 0, 0, 0, 0, 0, 0, 0, 0, 0, 0, 0, 0, 0, 0, 1, 0], [0, 0, 0, 0, 0, 0, 0, 0, 0, 0, 0, 0, 0, 0, 0, 0, 0, 0, 0, 0, 0, 1]]
[[1, -1, -2, 0, -2, 0, -1, 1, -1, 1, 0, -2, 1, -2, -1, -1, 1, 0, -1, 1, -1, 1], [0, 1, 0, 0, 0, 0, 0, 0, 0, 0, 0, 0, 0, 0, 0, 0, 0, 0, 0, 0, 0, 0], [0, 0, 1, 0, 0, 0, 0, 0, 0, 0, 0, 0, 0, 0, 0, 0, 0, 0, 0, 0, 0, 0], [0, 2, 4, 0, 4, 1, 2, -2, 1, -2, -1, 4, -2, 4, 2, 2, -3, 0, 3, -2, 2, -3], [0, 1, 2, 0, 3, 0, 1, -1, 1, -1, 0, 2, -1, 2, 1, 1, -1, 0, 1, -1, 1, -1], [0, 1, 2, 0, 2, 1, 1, -1, 1, -1, 0, 2, -1, 2, 1, 1, -1, 0, 1, -1, 1, -1], [0, 0, 0, 0, 0, 0, 1, 0, 0, 0, 0, 0, 0, 0, 0, 0, 0, 0, 0, 0, 0, 0], [0, 0, 0, 0, 0, 0, 0, 1, 0, 0, 0, 0, 0, 0, 0, 0, 0, 0, 0, 0, 0, 0], [0, -1, -2, 0, -2, 0, -1, 1, 0, 1, 0, -2, 1, -2, -1, -1, 1, 0, -1, 1, -1, 1], [0, 0, 0, 0, 0, 0, 0, 0, 0, 1, 0, 0, 0, 0, 0, 0, 0, 0, 0, 0, 0, 0], [0, -1, -2, 0, -2, 0, -1, 1, -1, 1, 1, -2, 1, -2, -1, -1, 1, 0, -1, 1, -1, 1], [0, 0, 0, 0, 0, 0, 0, 0, 0, 0, 0, 1, 0, 0, 0, 0, 0, 0, 0, 0, 0, 0], [0, 0, 0, 0, 0, 0, 0, 0, 0, 0, 0, 0, 1, 0, 0, 0, 0, 0, 0, 0, 0, 0], [0, 0, 0, 0, 0, 0, 0, 0, 0, 0, 0, 0, 0, 1, 0, 0, 0, 0, 0, 0, 0, 0], [0, 0, 0, -1, 0, 1, 0, 0, -1, 0, -1, 0, 0, 0, 1, 0, -1, 0, 1, 0, 0, -1], [0, -1, -2, 0, -2, 0, -1, 1, -1, 1, 0, -2, 1, -2, -1, 0, 1, 0, -1, 1, -1, 1], [0, 0, 0, 0, 0, 0, 0, 0, 0, 0, 0, 0, 0, 0, 0, 0, 1, 0, 0, 0, 0, 0], [0, 0, 0, -1, 0, 1, 0, 0, -1, 0, -1, 0, 0, 0, 0, 0, -1, 1, 1, 0, 0, -1], [0, 0, 0, 0, 0, 0, 0, 0, 0, 0, 0, 0, 0, 0, 0, 0, 0, 0, 1, 0, 0, 0], [0, 0, 0, 1, 0, -1, 0, 0, 1, 0, 1, 0, 0, 0, 0, 0, 1, 0, -1, 1, 0, 1], [0, -1, -2, 1, -2, -1, -1, 1, 0, 1, 1, -2, 1, -2, -1, -1, 2, 0, -2, 1, 0, 2], [0, 1, 2, -1, 2, 1, 1, -1, 0, -1, -1, 2, -1, 2, 1, 1, -2, 0, 2, -1, 1, -1]]
[[-1, 0, 1, 0, 1, -1, -1, -1, 0, 1, 1, -1, -1, -1, -1, 1, -1, 0, -1, -1, -1, -1], [0, -1, 0, 0, 1, 0, 1, 0, 1, 0, 1, 0, 0, 0, -1, 0, 0, 0, -1, 0, -1, 0], [0, 1, 1, 0, -1, 0, -1, 0, -1, 0, -1, 0, 0, 0, 1, 0, 0, 0, 1, 0, 1, 0], [1, 2, 0, 1, -1, 1, 0, 1, -1, 0, -2, 0, 1, 1, 2, 0, 1, 0, 1, 0, 2, 0], [0, 0, 0, 0, 0, 0, -1, 0, -1, 1, 0, -1, 0, -2, 0, 0, 0, 1, 0, 1, 0, 0], [0, 1, 0, 0, -1, 1, -1, 0, -1, 0, -1, 0, 0, 0, 1, 0, 0, 0, 1, 0, 1, 0], [0, 0, 0, 0, 0, 0, 1, 0, 0, 0, 0, 0, 0, 0, 0, 0, 0, 0, 0, 0, 0, 0], [1, 0, 0, 0, 1, 1, 2, 1, 1, -1, 0, 1, 1, 1, 0, 0, 0, 0, 0, 0, 0, 0], [0, -1, 0, 0, 1, 0, 1, 0, 2, 0, 1, 0, 0, 0, -1, 0, 0, 0, -1, 0, -1, 0], [0, 0, 0, 0, 1, 0, 1, 0, 1, 0, 0, 0, 0, 0, 0, 0, 0, 0, 0, 0, 0, 0], [-1, -1, 0, 0, 0, -1, -1, -1, 0, 1, 2, 0, 0, -1, -1, 0, 0, 0, -1, 0, -1, 0], [1, 1, 0, 0, 1, 1, 2, 1, 1, -2, -1, 2, 0, 3, 1, 0, 0, -1, 1, -1, 1, 0], [-1, -1, 0, 0, 0, -1, -1, 0, 0, 1, 1, -1, 0, -1, -1, 0, 0, 0, -1, 0, -1, 0], [-1, 0, 0, 0, 0, -1, -1, -1, 0, 0, 0, 0, 0, 0, 0, 0, 0, 0, 0, 0, 0, 0], [0, -1, 0, 0, 0, 0, 0, 0, 0, 1, 1, -1, 0, -2, 0, 0, 0, 1, -1, 1, -1, 0], [0, 0, 0, 0, 1, 0, 1, 0, 1, -1, 0, 1, 0, 2, 0, 1, 0, -1, 0, -1, 0, 0], [0, 0, 0, 0, 0, 0, 0, 0, 0, 0, 0, 0, 0, 0, 0, 0, 1, 0, 0, 0, 0, 0], [0, -1, 0, 1, 1, -1, 1, 0, 2, 0, 1, 0, 1, 0, -1, 0, 1, 0, -1, 0, -1, 0], [0, -1, 0, 0, 0, 0, 0, 0, 0, 2, 1, -1, 1, -2, -1, 0, 1, 1, -1, 1, -1, 0], [0, 1, 0, 0, 0, 0, 0, 0, 0, -1, -1, 1, 0, 2, 1, 0, 0, -1, 1, 0, 1, 0], [0, 1, 0, 0, 0, 0, 0, 0, 0, -1, 0, 1, -1, 2, 0, 0, -1, -1, 1, -1, 1, 0], [0, 0, 0, 0, -1, 0, -1, 0, -1, 1, 0, -1, 0, -2, 0, 0, 0, 1, 0, 1, 0, 1]]
[[1, -1, -2, -1, -2, 0, -2, -1, -2, 0, 0, 0, -1, -2, -1, -1, -1, 1, 0, 0, -1, 0], [1, 0, -1, 0, -1, 0, 0, 0, 0, -1, 0, 1, 0, 0, 0, -1, 0, 0, 1, 1, 0, 1], [0, 1, 2, 0, 2, 1, 1, -1, 1, 0, 0, 1, -1, 1, 0, 1, -1, 0, 0, -2, 0, -2], [-1, 2, 5, 2, 5, 1, 4, 1, 3, 1, 0, -1, 1, 1, 2, 3, 1, 0, -1, -1, 1, -3], [0, 1, 1, 1, 2, 0, 1, 0, 1, 1, 1, 0, 0, 0, 0, 1, 1, 0, -1, -1, 0, -1], [0, 2, 3, 1, 3, 1, 2, 0, 1, 1, 0, 0, 0, 1, 1, 2, 0, 0, 0, -1, 1, -2], [0, -1, -1, -1, -2, 1, 0, 1, -1, 0, -1, -1, 1, -1, 0, -1, 0, 0, 0, 1, -1, 0], [0, 0, 1, 0, 1, 0, 1, 1, 1, -1, 0, 1, 0, 1, 1, 0, 0, 0, 1, 1, 1, 1], [0, -1, -2, 0, -2, -2, -2, 0, -1, 0, 0, -1, 0, -1, -1, -1, 0, 0, 0, 1, 0, 2], [0, -2, -2, 0, -2, -1, -1, 1, -1, 1, 0, -2, 1, -2, -1, -1, 1, 0, -1, 1, -1, 1], [0, -1, -3, 0, -3, -1, -3, 0, -2, 1, 1, -2, 0, -2, -2, -1, 0, 0, -1, 0, -1, 1], [0, 0, 2, -1, 2, 1, 2, 0, 1, -2, -1, 3, 0, 2, 2, 0, -1, 0, 2, 1, 1, 0], [0, 0, -1, 1, -1, -1, -1, 0, 0, 1, 1, -1, 1, -1, -1, 0, 1, 0, -1, 0, 0, 1], [0, 0, -1, 1, -1, -1, -1, 0, 0, 1, 1, -1, 0, 0, -1, 0, 1, 0, -1, 0, 0, 1], [0, -1, -2, 1, -2, -1, -2, 1, -1, 2, 0, -4, 1, -3, -1, 0, 1, 0, -2, 0, -1, 0], [0, -1, -1, -1, -1, 0, -1, 0, -1, -1, -1, 0, 0, 0, 0, 0, -1, 0, 1, 1, 0, 1], [0, 0, 0, 0, 0, 0, 0, 0, 0, 0, 0, 0, 0, 0, 0, 0, 1, 0, 0, 0, 0, 0], [0, -1, -1, 2, -1, -2, 0, 2, 1, 1, 1, -3, 2, -1, -1, 0, 3, 0, -2, 1, 0, 2], [-1, -1, -2, 1, -2, -2, -2, 1, -1, 2, 1, -4, 1, -3, -2, 0, 2, 0, -2, 0, -1, 1], [0, 1, 1, -1, 2, 1, 1, -2, 1, -2, 0, 4, -2, 3, 1, 0, -2, 0, 2, 0, 1, 0], [0, 0, 0, -2, 0, 1, 0, -1, -1, -2, -1, 3, -1, 2, 1, -1, -2, 0, 2, 0, 1, 0], [0, 0, 0, 1, 0, 0, 0, 1, 0, 2, 0, -3, 1, -2, -1, 1, 1, 0, -2, -1, -1, -1]]
[[1, 0, 0, 0, 0, 0, 0, 0, 0, 0, 0, 0, 0, 0, 0, 0, 0, 0, 0, 0, 0, 0], [0, 1, 0, 0, 0, 0, 0, 0, 0, 0, 0, 0, 0, 0, 0, 0, 0, 0, 0, 0, 0, 0], [0, 0, 1, 0, 0, 0, 0, 0, 0, 0, 0, 0, 0, 0, 0, 0, 0, 0, 0, 0, 0, 0], [0, 0, 0, 1, 0, 0, 0, 0, 0, 0, 0, 0, 0, 0, 0, 0, 0, 0, 0, 0, 0, 0], [0, 0, 0, 0, 1, 0, 0, 0, 0, 0, 0, 0, 0, 0, 0, 0, 0, 0, 0, 0, 0, 0], [0, 0, 0, 0, 0, 1, 0, 0, 0, 0, 0, 0, 0, 0, 0, 0, 0, 0, 0, 0, 0, 0], [0, 0, 0, 0, 0, 0, 1, 0, 0, 0, 0, 0, 0, 0, 0, 0, 0, 0, 0, 0, 0, 0], [0, 0, 0, 0, 0, 0, 0, 1, 0, 0, 0, 0, 0, 0, 0, 0, 0, 0, 0, 0, 0, 0], [0, 0, 0, 0, 0, 0, 0, 0, 1, 0, 0, 0, 0, 0, 0, 0, 0, 0, 0, 0, 0, 0], [0, 0, 0, 0, 0, 0, 0, 0, 0, 1, 0, 0, 0, 0, 0, 0, 0, 0, 0, 0, 0, 0], [0, 0, 0, 0, 0, 0, 0, 0, 0, 0, 1, 0, 0, 0, 0, 0, 0, 0, 0, 0, 0, 0], [0, 0, 0, 0, 0, 0, 0, 0, 0, 0, 0, 1, 0, 0, 0, 0, 0, 0, 0, 0, 0, 0], [0, 0, 0, 0, 0, 0, 0, 0, 0, 0, 0, 0, 1, 0, 0, 0, 0, 0, 0, 0, 0, 0], [0, 0, 0, 0, 0, 0, 0, 0, 0, 0, 0, 0, 0, 1, 0, 0, 0, 0, 0, 0, 0, 0], [0, 0, 0, 0, 0, 0, 0, 0, 0, 0, 0, 0, 0, 0, 1, 0, 0, 0, 0, 0, 0, 0], [0, 0, 0, 0, 0, 0, 0, 0, 0, 0, 0, 0, 0, 0, 0, 1, 0, 0, 0, 0, 0, 0], [0, 0, 0, 0, 0, 0, 0, 0, 0, 0, 0, 0, 0, 0, 0, 0, 1, 0, 0, 0, 0, 0], [0, 0, 0, 0, 0, 0, 0, 0, 0, 0, 0, 0, 0, 0, 0, 0, 0, 1, 0, 0, 0, 0], [0, 0, 0, 0, 0, 0, 0, 0, 0, 0, 0, 0, 0, 0, 0, 0, 0, 0, 1, 0, 0, 0], [0, 0, 0, 0, 0, 0, 0, 0, 0, 0, 0, 0, 0, 0, 0, 0, 0, 0, 0, 1, 0, 0], [0, 0, 0, 0, 0, 0, 0, 0, 0, 0, 0, 0, 0, 0, 0, 0, 0, 0, 0, 0, 1, 0], [0, 0, 0, 0, 0, 0, 0, 0, 0, 0, 0, 0, 0, 0, 0, 0, 0, 0, 0, 0, 0, 1]]
[[1, -2, -1, 0, 0, 0, 1, 1, 1, -1, 0, 0, 1, -1, -1, -1, 1, 0, -1, 1, -1, 1], [0, 0, 0, 0, 1, 0, 1, 0, 1, -1, 0, 1, 0, 1, 0, 0, 0, 0, 0, 0, 0, 0], [0, 0, 1, 0, 0, 0, 0, 0, 0, 0, 0, 0, 0, 0, 0, 0, 0, 0, 0, 0, 0, 0], [-2, 2, 2, -1, 0, 0, -2, -2, -3, 1, -2, 0, -1, 2, 3, 2, -3, 0, 3, -2, 2, -3], [-1, 0, 2, 0, 3, -1, 1, -1, 1, -1, 0, 2, 0, 2, 1, 1, -1, 0, 1, -1, 1, -1], [-1, 1, 2, 0, 1, 0, 0, -1, 0, 0, 0, 1, 0, 1, 1, 1, -1, 0, 1, -1, 1, -1], [1, 1, 0, 0, -1, 1, 1, 1, 0, 0, 0, 1, 0, 1, 1, -1, 1, 0, 1, 1, 1, 1], [0, 0, -1, 0, 0, 0, -1, 0, -1, 1, 0, -2, -1, -1, -1, 1, -1, 0, -1, -1, -1, -1], [0, -1, -1, 0, 0, 0, 0, 0, 0, 1, 0, -1, 1, -1, -1, 0, 0, 0, -1, 0, -1, -1], [0, 0, 0, 0, 0, 0, 0, 0, 0, 1, 0, 0, 0, 0, 0, 0, 0, 0, 0, 0, 0, 0], [0, -2, -1, 0, 0, 0, 1, 1, 1, -1, 1, 0, 1, -1, -1, -1, 1, 0, -1, 1, -1, 1], [1, 1, -2, 0, -2, 1, -2, 0, -1, 1, 0, -2, -2, -2, -1, 0, 0, 0, -1, 0, -1, 1], [0, -1, 0, 0, 1, 0, 1, 0, 1, -1, 0, 1, 1, 1, 0, 0, 0, 0, 0, 0, 0, 0], [-1, 0, 1, 0, 0, -1, 0, 0, 0, 0, 0, 0, 1, 0, 0, 0, 0, 0, 0, 0, 0, 0], [0, -1, 0, 0, 1, 0, 1, 0, 0, 0, 0, 1, 1, 1, 0, 0, -1, 0, 1, 0, 0, -1], [1, 0, -2, 0, -2, 1, -1, 1, -1, 1, 0, -2, 0, -2, -1, 0, 1, 0, -1, 1, -1, 1], [-1, 0, 1, -1, 1, 0, 0, -1, -1, 0, -1, 0, 0, 0, 1, 1, -1, 1, 1, 0, 1, -1], [-2, -1, 0, -2, 0, 0, -1, -1, -3, 1, -2, -1, 1, 0, 1, 1, -2, 1, 1, -1, 0, -3], [-1, -1, 1, -1, 2, 0, 1, -1, -1, 0, -1, 1, 1, 1, 2, 1, -1, 1, 1, 0, 1, -2], [0, 1, 0, 1, -1, -1, -1, 0, 1, 0, 1, -1, -1, -1, -1, 0, 1, -1, -1, 0, -1, 1], [1, 0, -2, 1, -2, 0, -1, 1, 1, 0, 1, -2, -1, -2, -2, -1, 2, -1, -2, 0, -1, 2], [0, 0, 1, 0, 1, 0, 1, 0, 0, 0, 0, 2, 1, 2, 1, 0, 0, 0, 1, 0, 1, 0]]
[[1, 0, -2, 0, -2, 0, -2, 0, -2, 0, -2, -2, 0, -2, 0, 0, 0, 0, 0, 0, 0, 0], [0, -1, -1, 0, -1, -1, -1, 0, -1, 1, 0, -2, 0, -2, -1, 0, 0, 0, -1, 0, -1, 0], [0, 1, 1, 0, 0, 0, 0, 0, 0, -1, -1, 1, 0, 1, 1, 0, 0, 0, 1, 0, 1, 0], [0, -1, 1, -1, 1, 1, 2, 0, 1, -1, 1, 3, 0, 2, 1, -1, 0, 1, 1, 1, 0, 0], [1, 0, 0, 0, 0, 0, 0, 0, 0, -1, -1, 1, 0, 0, 1, 0, 0, 1, 1, 1, 1, 1], [0, 0, 1, 0, 1, 0, 1, 0, 1, -1, 0, 2, 0, 2, 1, 0, 0, 0, 1, 0, 1, 0], [0, 1, 1, 0, 1, 1, 2, 0, 1, 0, 1, 1, 0, 1, 0, 0, 0, 0, 0, 0, 0, 0], [-1, 0, 0, 0, 1, 0, -1, -1, 0, 1, 1, -1, -1, -1, -1, 1, -1, 0, -1, -1, -1, -1], [-1, -1, -1, 0, 0, -1, -1, 0, 0, 1, 0, -2, 0, -1, -1, 0, 0, -1, -1, -1, -1, -1], [0, 1, 0, 0, 0, 1, 0, 0, 0, 0, 0, 0, -1, 0, 1, 0, 0, 0, 0, 0, 0, 0], [0, -1, -2, 0, -2, -1, -2, 0, -2, 1, -1, -2, 1, -2, -1, 0, 0, 0, 0, 0, 0, 0], [0, 1, 1, 0, 1, 2, 1, 0, 1, 0, 2, 1, -1, 0, 0, 0, 0, 0, -1, 0, -1, 0], [0, -1, -1, 0, -1, -1, -1, 0, -1, 0, -1, -1, 1, -1, 0, 0, 0, 0, 0, 0, 0, 0], [0, -1, -1, 0, -1, -1, -1, 0, -1, 0, -1, -1, 0, 0, 0, 0, 0, 0, 0, 0, 0, 0], [0, 0, -1, 0, -1, 0, -1, 0, -1, 1, -1, -1, 1, -1, 0, 0, 0, 0, 0, 0, 0, 0], [-1, 0, 0, 0, 1, 0, 0, 0, 0, 1, 1, -1, 0, 0, -1, 1, 0, -1, -1, -1, -1, -1], [0, -1, 0, 0, 0, -1, 0, 0, 0, 0, 0, 0, 0, 0, 0, 0, 0, 0, 1, 1, 0, 0], [-1, -2, -1, 0, 0, -2, -1, 0, -1, 1, 0, -2, 0, -1, -1, 0, -1, 0, 0, 0, -1, -1], [0, -1, -1, 0, -1, -1, -1, 0, -1, 0, -1, -1, 0, -1, 0, 0, 0, 0, 1, 0, 0, 0], [0, 0, 1, 0, 1, 0, 1, 0, 1, 0, 1, 1, 0, 1, 0, 0, 1, 0, -1, 0, 0, 0], [0, 1, 1, 0, 1, 1, 1, 0, 1, 0, 1, 1, 0, 1, 0, 0, 0, 0, 0, 0, 1, 0], [0, 1, 0, 0, 0, 0, 0, 0, 0, -1, -1, 1, 0, 1, 1, 0, 0, 0, 1, 0, 1, 1]]
[[1, 0, 0, 0, 0, 0, 0, 0, 0, 0, 0, 0, 0, 0, 0, 0, 0, 0, 0, 0, 0, 0], [0, 1, 0, 0, 0, 0, 0, 0, 0, 0, 0, 0, 0, 0, 0, 0, 0, 0, 0, 0, 0, 0], [0, 0, 1, 0, 0, 0, 0, 0, 0, 0, 0, 0, 0, 0, 0, 0, 0, 0, 0, 0, 0, 0], [0, 0, 0, 1, 0, 0, 0, 0, 0, 0, 0, 0, 0, 0, 0, 0, 0, 0, 0, 0, 0, 0], [0, 0, 0, 0, 1, 0, 0, 0, 0, 0, 0, 0, 0, 0, 0, 0, 0, 0, 0, 0, 0, 0], [0, 0, 0, 0, 0, 1, 0, 0, 0, 0, 0, 0, 0, 0, 0, 0, 0, 0, 0, 0, 0, 0], [0, 0, 0, 0, 0, 0, 1, 0, 0, 0, 0, 0, 0, 0, 0, 0, 0, 0, 0, 0, 0, 0], [0, 0, 0, 0, 0, 0, 0, 1, 0, 0, 0, 0, 0, 0, 0, 0, 0, 0, 0, 0, 0, 0], [0, 0, 0, 0, 0, 0, 0, 0, 1, 0, 0, 0, 0, 0, 0, 0, 0, 0, 0, 0, 0, 0], [0, 0, 0, 0, 0, 0, 0, 0, 0, 1, 0, 0, 0, 0, 0, 0, 0, 0, 0, 0, 0, 0], [0, 0, 0, 0, 0, 0, 0, 0, 0, 0, 1, 0, 0, 0, 0, 0, 0, 0, 0, 0, 0, 0], [0, 0, 0, 0, 0, 0, 0, 0, 0, 0, 0, 1, 0, 0, 0, 0, 0, 0, 0, 0, 0, 0], [0, 0, 0, 0, 0, 0, 0, 0, 0, 0, 0, 0, 1, 0, 0, 0, 0, 0, 0, 0, 0, 0], [0, 0, 0, 0, 0, 0, 0, 0, 0, 0, 0, 0, 0, 1, 0, 0, 0, 0, 0, 0, 0, 0], [0, 0, 0, 0, 0, 0, 0, 0, 0, 0, 0, 0, 0, 0, 1, 0, 0, 0, 0, 0, 0, 0], [0, 0, 0, 0, 0, 0, 0, 0, 0, 0, 0, 0, 0, 0, 0, 1, 0, 0, 0, 0, 0, 0], [0, 0, 0, 0, 0, 0, 0, 0, 0, 0, 0, 0, 0, 0, 0, 0, 1, 0, 0, 0, 0, 0], [0, 0, 0, 0, 0, 0, 0, 0, 0, 0, 0, 0, 0, 0, 0, 0, 0, 1, 0, 0, 0, 0], [0, 0, 0, 0, 0, 0, 0, 0, 0, 0, 0, 0, 0, 0, 0, 0, 0, 0, 1, 0, 0, 0], [0, 0, 0, 0, 0, 0, 0, 0, 0, 0, 0, 0, 0, 0, 0, 0, 0, 0, 0, 1, 0, 0], [0, 0, 0, 0, 0, 0, 0, 0, 0, 0, 0, 0, 0, 0, 0, 0, 0, 0, 0, 0, 1, 0], [0, 0, 0, 0, 0, 0, 0, 0, 0, 0, 0, 0, 0, 0, 0, 0, 0, 0, 0, 0, 0, 1]]
[[1, 0, -1, 0, -1, 0, 0, 0, 0, 0, 1, 1, 0, 0, 0, -1, 1, 0, 0, 1, 0, 2], [0, 1, 0, 0, 0, 0, 0, 0, 0, 0, 0, 0, 0, 0, 0, 0, 0, 0, 0, 0, 0, 0], [0, 0, 0, 0, -1, 0, 0, 0, 0, 0, 1, 1, 0, 0, 0, -1, 1, 0, 0, 1, 0, 2], [0, 1, 3, 1, 3, 1, 2, 0, 1, 0, -1, 0, 0, 1, 1, 2, -1, 0, 1, -1, 1, -3], [0, 1, 2, 0, 3, 1, 2, 0, 1, 0, 0, 1, 0, 1, 1, 1, 0, 0, 1, 0, 1, -1], [0, 0, 0, 0, 0, 1, 0, 0, 0, 0, 0, 0, 0, 0, 0, 0, 0, 0, 0, 0, 0, 0], [0, -1, -1, 0, -1, -1, -1, 0, -1, 0, -1, -2, 0, -1, -1, 0, -1, 0, -1, -1, -1, -1], [0, 0, 0, 0, 0, 0, 0, 1, 0, 0, 0, 0, 0, 0, 0, 0, 0, 0, 0, 0, 0, 0], [0, 0, 0, 0, 0, 0, 0, 0, 1, 0, 0, 0, 0, 0, 0, 0, 0, 0, 0, 0, 0, 0], [0, 0, 1, 0, 1, 0, 0, 0, 0, 1, -1, -1, 0, 0, 0, 1, -1, 0, 0, -1, 0, -2], [0, 0, 0, 0, 0, 0, 0, 0, 0, 0, 1, 0, 0, 0, 0, 0, 0, 0, 0, 0, 0, 0], [0, -1, -2, 0, -2, -1, -2, 0, -1, 0, 0, 0, 0, -1, -1, -1, 0, 0, -1, 0, -1, 1], [0, 1, 2, 0, 2, 1, 2, 0, 1, 0, 0, 1, 1, 1, 1, 1, 0, 0, 1, 0, 1, -1], [0, 1, 2, 0, 2, 1, 2, 0, 1, 0, 0, 1, 0, 2, 1, 1, 0, 0, 1, 0, 1, -1], [0, 1, 3, 0, 3, 1, 2, 0, 1, 0, -1, 0, 0, 1, 2, 2, -1, 0, 1, -1, 1, -3], [0, -1, -2, 0, -2, -1, -2, 0, -1, 0, 0, -1, 0, -1, -1, 0, 0, 0, -1, 0, -1, 1], [0, 0, 0, 0, 0, 0, 0, 0, 0, 0, 0, 0, 0, 0, 0, 0, 1, 0, 0, 0, 0, 0], [0, 2, 5, 0, 5, 2, 4, 0, 2, 0, -1, 1, 0, 2, 2, 3, -1, 1, 2, -1, 2, -4], [0, 1, 3, 0, 3, 1, 2, 0, 1, 0, -1, 0, 0, 1, 1, 2, -1, 0, 2, -1, 1, -3], [0, -1, -3, 0, -3, -1, -2, 0, -1, 0, 1, 0, 0, -1, -1, -2, 1, 0, -1, 2, -1, 3], [0, -2, -5, 0, -5, -2, -4, 0, -2, 0, 1, -1, 0, -2, -2, -3, 1, 0, -2, 1, -1, 4], [0, 1, 3, 0, 3, 1, 2, 0, 1, 0, -1, 0, 0, 1, 1, 2, -1, 0, 1, -1, 1, -2]]
[[1, 0, 0, 0, 0, 0, 0, 0, 0, 0, 0, 0, 0, 0, 0, 0, 0, 0, 0, 0, 0, 0], [0, 1, 0, 0, 0, 0, 0, 0, 0, 0, 0, 0, 0, 0, 0, 0, 0, 0, 0, 0, 0, 0], [0, 0, 1, 0, 0, 0, 0, 0, 0, 0, 0, 0, 0, 0, 0, 0, 0, 0, 0, 0, 0, 0], [0, 0, 0, 1, 0, 0, 0, 0, 0, 0, 0, 0, 0, 0, 0, 0, 0, 0, 0, 0, 0, 0], [0, 0, 0, 0, 1, 0, 0, 0, 0, 0, 0, 0, 0, 0, 0, 0, 0, 0, 0, 0, 0, 0], [0, 0, 0, 0, 0, 1, 0, 0, 0, 0, 0, 0, 0, 0, 0, 0, 0, 0, 0, 0, 0, 0], [0, 0, 0, 0, 0, 0, 1, 0, 0, 0, 0, 0, 0, 0, 0, 0, 0, 0, 0, 0, 0, 0], [0, 0, 0, 0, 0, 0, 0, 1, 0, 0, 0, 0, 0, 0, 0, 0, 0, 0, 0, 0, 0, 0], [0, 0, 0, 0, 0, 0, 0, 0, 1, 0, 0, 0, 0, 0, 0, 0, 0, 0, 0, 0, 0, 0], [0, 0, 0, 0, 0, 0, 0, 0, 0, 1, 0, 0, 0, 0, 0, 0, 0, 0, 0, 0, 0, 0], [0, 0, 0, 0, 0, 0, 0, 0, 0, 0, 1, 0, 0, 0, 0, 0, 0, 0, 0, 0, 0, 0], [0, 0, 0, 0, 0, 0, 0, 0, 0, 0, 0, 1, 0, 0, 0, 0, 0, 0, 0, 0, 0, 0], [0, 0, 0, 0, 0, 0, 0, 0, 0, 0, 0, 0, 1, 0, 0, 0, 0, 0, 0, 0, 0, 0], [0, 0, 0, 0, 0, 0, 0, 0, 0, 0, 0, 0, 0, 1, 0, 0, 0, 0, 0, 0, 0, 0], [0, 0, 0, 0, 0, 0, 0, 0, 0, 0, 0, 0, 0, 0, 1, 0, 0, 0, 0, 0, 0, 0], [0, 0, 0, 0, 0, 0, 0, 0, 0, 0, 0, 0, 0, 0, 0, 1, 0, 0, 0, 0, 0, 0], [0, 0, 0, 0, 0, 0, 0, 0, 0, 0, 0, 0, 0, 0, 0, 0, 1, 0, 0, 0, 0, 0], [0, 0, 0, 0, 0, 0, 0, 0, 0, 0, 0, 0, 0, 0, 0, 0, 0, 1, 0, 0, 0, 0], [0, 0, 0, 0, 0, 0, 0, 0, 0, 0, 0, 0, 0, 0, 0, 0, 0, 0, 1, 0, 0, 0], [0, 0, 0, 0, 0, 0, 0, 0, 0, 0, 0, 0, 0, 0, 0, 0, 0, 0, 0, 1, 0, 0], [0, 0, 0, 0, 0, 0, 0, 0, 0, 0, 0, 0, 0, 0, 0, 0, 0, 0, 0, 0, 1, 0], [0, 0, 0, 0, 0, 0, 0, 0, 0, 0, 0, 0, 0, 0, 0, 0, 0, 0, 0, 0, 0, 1]]
[[1, 1, 2, 0, 2, 1, 3, 0, 2, -1, 2, 4, 0, 1, 1, -1, 1, 1, 0, 2, 0, 2], [-1, 1, 2, 0, 2, 0, 1, 0, 1, 0, 0, 1, 1, 2, 1, 1, 0, 0, 1, 0, 2, -1], [3, 0, -2, 0, -2, 2, 1, 0, 0, -1, 1, 2, -1, -2, 0, -3, 1, 1, -1, 2, -2, 3], [-1, 0, -1, 1, -1, -1, -2, 0, -1, 1, -2, -4, 0, 0, -1, 2, -1, -2, 0, -3, 0, -2], [-1, 0, 1, 0, 2, 0, 1, 0, 0, 1, 0, -1, 1, 1, 0, 2, 0, -1, 0, -1, 0, -2], [1, 0, -2, 0, -2, 1, -1, 0, -1, 0, 0, -1, -1, -2, -1, -1, 0, 0, -1, 0, -2, 1], [0, -1, -1, 0, -2, -1, -2, 0, -1, 0, -1, -1, 0, -1, 0, -1, 0, 0, 0, 0, 0, 0], [0, 0, 0, 0, 0, 0, 0, 1, 0, 0, 0, 0, 0, 0, 0, 0, 0, 0, 0, 0, 0, 0], [-2, 0, 3, 0, 3, -1, 1, 0, 1, 1, 0, -1, 1, 2, 0, 3, -1, 0, 1, -1, 2, -3], [-1, -1, 1, 0, 1, -1, 0, 0, 0, 1, 0, -1, 1, 0, -1, 1, -1, 0, 0, -1, 0, -2], [-1, 1, 2, 0, 2, 0, 1, 0, 1, 0, 1, 1, 0, 2, 1, 1, 0, 0, 0, 0, 1, 0], [2, 0, -3, 0, -3, 0, -2, 0, -1, -1, 0, 1, -2, -3, -1, -3, 0, 1, -1, 1, -2, 3], [-1, 1, 2, 0, 2, 0, 1, 0, 0, 1, 0, 0, 1, 2, 1, 2, 0, 0, 1, 0, 2, -1], [-1, 0, 1, 0, 1, 0, 1, 0, 1, 0, 0, 0, 1, 2, 0, 1, 0, -1, 1, -1, 1, -1], [-2, 0, 3, 0, 3, -1, 1, 0, 0, 1, 0, -1, 1, 2, 1, 3, -1, 0, 1, -1, 2, -3], [1, 0, -1, 0, -1, 0, -1, 0, 0, -1, 0, 1, -1, -1, 0, -1, 0, 1, 0, 1, 0, 2], [-1, 0, 1, 0, 2, 0, 1, 0, 1, 0, -1, -1, 1, 2, 0, 2, 0, -1, 0, -2, 1, -2], [-4, 0, 4, 0, 4, -1, 1, 0, 1, 2, -2, -3, 3, 5, 1, 6, -1, -2, 2, -4, 4, -6], [-2, 0, 3, 0, 4, 0, 2, 0, 1, 1, -1, -1, 2, 4, 1, 4, -1, -1, 1, -2, 2, -4], [1, 0, -2, 0, -2, 0, -1, 0, 0, -1, 0, 0, -1, -2, -1, -2, 0, 0, 0, 1, -1, 2], [2, 0, -3, 0, -4, 0, -2, 0, -1, -1, 1, 1, -2, -4, -1, -4, 1, 1, -2, 2, -3, 4], [0, -1, 0, 0, 0, 0, 0, 0, -1, 1, 0, -1, 1, 0, 0, 1, 0, 0, 0, 0, 0, -1]]
[[0, 1, 2, 1, 2, 0, 2, 0, 2, -1, 1, 2, 0, 0, 1, 0, 0, 0, 0, 0, 0, 0], [-1, -1, 0, -1, 0, -1, 0, 0, 0, 0, 0, 0, 1, 0, -1, 0, 0, 0, 0, 0, 0, 0], [0, 2, 2, 1, 1, 1, 1, 0, 1, 0, 1, 1, -1, 0, 1, 0, 0, 0, 0, 0, 0, 0], [0, -1, -2, -1, -2, 1, -2, 0, -2, 1, -1, -2, -1, 0, 0, 0, 0, 0, 0, 0, 0, 0], [-1, 0, 1, 0, 2, 0, 1, 0, 1, 0, 1, 1, 0, 0, 0, 0, 0, 0, 0, 0, 0, 0], [0, 0, 0, 0, 0, 1, 0, 0, 0, 0, 0, 0, 0, 0, 0, 0, 0, 0, 0, 0, 0, 0], [1, 0, -1, 0, -2, 0, -1, 1, -1, 0, -1, -1, 0, 0, 0, -1, 0, 0, 0, 0, 0, 0], [1, 0, -1, 0, 0, 0, 0, 0, -1, 0, -1, -1, 0, 0, 0, 1, 0, 0, 0, 0, 0, 0], [-1, -1, 0, 0, 1, -2, 0, -1, 1, 0, 0, 0, 1, 1, -1, 1, 0, -1, 0, -1, 0, -1], [1, 1, 0, 1, 0, 0, 0, 0, 0, 0, -1, 0, 0, 0, 1, 0, 0, 0, 0, 0, 0, 0], [-1, -1, 1, 0, 1, -1, 1, 0, 1, -1, 1, 1, 1, 0, 0, 0, 0, 0, 0, 0, 0, 0], [3, 1, -2, 0, -2, 2, -1, 0, -2, 0, -2, -1, -1, -1, 1, 0, 0, 1, 0, 1, 0, 1], [-1, 0, 1, 0, 1, 0, 1, 0, 1, 0, 1, 1, 1, 0, 0, 0, 0, 0, 0, 0, 0, 0], [-1, 0, 1, 0, 1, 0, 1, 0, 1, 0, 1, 1, 0, 1, 0, 0, 0, 0, 0, 0, 0, 0], [0, 0, 1, 1, 1, -1, 1, 0, 1, 0, 1, 1, 1, 0, 0, 0, 0, 0, 0, 0, 0, 0], [1, 0, -1, 0, -1, 0, -1, 0, -1, 0, -1, -1, 0, 0, 0, 1, 0, 0, 0, 0, 0, 0], [-2, -1, 0, -1, 1, -1, -1, -1, 0, 0, 0, -1, -1, 0, -1, 1, -1, 0, 0, -1, 0, -1], [-2, -1, 0, -1, 1, -1, 0, -1, 0, 0, 0, 0, 0, 1, 0, 1, 0, 0, 0, -1, 0, -1], [-1, -1, 0, 0, 0, 0, 0, 0, 0, 0, 0, -1, 0, -2, 0, 0, 0, 0, -1, -1, -2, -1], [0, -1, -1, -1, -1, 0, -1, 0, -1, 1, 0, -1, 0, 0, -1, 0, 0, 0, 0, 1, 0, 0], [1, 0, -1, 0, -1, 0, -1, 0, -1, 0, -1, -1, 0, 0, 0, 0, 0, 0, 0, 0, 1, 0], [-1, 1, 1, 1, 1, -1, 0, 0, 1, 0, 1, 1, 0, 1, 0, 0, 0, -1, 0, -1, 0, 0]]
[[1, 0, 0, 0, 0, 0, 0, 0, 0, 0, 0, 0, 0, 0, 0, 0, 0, 0, 0, 0, 0, 0], [0, 1, 0, 0, 0, 0, 0, 0, 0, 0, 0, 0, 0, 0, 0, 0, 0, 0, 0, 0, 0, 0], [0, 0, 1, 0, 0, 0, 0, 0, 0, 0, 0, 0, 0, 0, 0, 0, 0, 0, 0, 0, 0, 0], [0, 0, 0, 1, 0, 0, 0, 0, 0, 0, 0, 0, 0, 0, 0, 0, 0, 0, 0, 0, 0, 0], [0, 0, 0, 0, 1, 0, 0, 0, 0, 0, 0, 0, 0, 0, 0, 0, 0, 0, 0, 0, 0, 0], [0, 0, 0, 0, 0, 1, 0, 0, 0, 0, 0, 0, 0, 0, 0, 0, 0, 0, 0, 0, 0, 0], [0, 0, 0, 0, 0, 0, 1, 0, 0, 0, 0, 0, 0, 0, 0, 0, 0, 0, 0, 0, 0, 0], [0, 0, 0, 0, 0, 0, 0, 1, 0, 0, 0, 0, 0, 0, 0, 0, 0, 0, 0, 0, 0, 0], [0, 0, 0, 0, 0, 0, 0, 0, 1, 0, 0, 0, 0, 0, 0, 0, 0, 0, 0, 0, 0, 0], [0, 0, 0, 0, 0, 0, 0, 0, 0, 1, 0, 0, 0, 0, 0, 0, 0, 0, 0, 0, 0, 0], [0, 0, 0, 0, 0, 0, 0, 0, 0, 0, 1, 0, 0, 0, 0, 0, 0, 0, 0, 0, 0, 0], [0, 0, 0, 0, 0, 0, 0, 0, 0, 0, 0, 1, 0, 0, 0, 0, 0, 0, 0, 0, 0, 0], [0, 0, 0, 0, 0, 0, 0, 0, 0, 0, 0, 0, 1, 0, 0, 0, 0, 0, 0, 0, 0, 0], [0, 0, 0, 0, 0, 0, 0, 0, 0, 0, 0, 0, 0, 1, 0, 0, 0, 0, 0, 0, 0, 0], [0, 0, 0, 0, 0, 0, 0, 0, 0, 0, 0, 0, 0, 0, 1, 0, 0, 0, 0, 0, 0, 0], [0, 0, 0, 0, 0, 0, 0, 0, 0, 0, 0, 0, 0, 0, 0, 1, 0, 0, 0, 0, 0, 0], [0, 0, 0, 0, 0, 0, 0, 0, 0, 0, 0, 0, 0, 0, 0, 0, 1, 0, 0, 0, 0, 0], [0, 0, 0, 0, 0, 0, 0, 0, 0, 0, 0, 0, 0, 0, 0, 0, 0, 1, 0, 0, 0, 0], [0, 0, 0, 0, 0, 0, 0, 0, 0, 0, 0, 0, 0, 0, 0, 0, 0, 0, 1, 0, 0, 0], [0, 0, 0, 0, 0, 0, 0, 0, 0, 0, 0, 0, 0, 0, 0, 0, 0, 0, 0, 1, 0, 0], [0, 0, 0, 0, 0, 0, 0, 0, 0, 0, 0, 0, 0, 0, 0, 0, 0, 0, 0, 0, 1, 0], [0, 0, 0, 0, 0, 0, 0, 0, 0, 0, 0, 0, 0, 0, 0, 0, 0, 0, 0, 0, 0, 1]]
[[1, 0, 0, 0, 0, 0, 0, 0, 0, 0, 0, 0, 0, 0, 0, 0, 0, 0, 0, 0, 0, 0], [0, 1, 0, 0, 0, 0, 0, 0, 0, 0, 0, 0, 0, 0, 0, 0, 0, 0, 0, 0, 0, 0], [0, 0, 1, 0, 0, 0, 0, 0, 0, 0, 0, 0, 0, 0, 0, 0, 0, 0, 0, 0, 0, 0], [0, 0, 0, 1, 0, 0, 0, 0, 0, 0, 0, 0, 0, 0, 0, 0, 0, 0, 0, 0, 0, 0], [0, 0, 0, 0, 1, 0, 0, 0, 0, 0, 0, 0, 0, 0, 0, 0, 0, 0, 0, 0, 0, 0], [0, 0, 0, 0, 0, 1, 0, 0, 0, 0, 0, 0, 0, 0, 0, 0, 0, 0, 0, 0, 0, 0], [0, 0, 0, 0, 0, 0, 1, 0, 0, 0, 0, 0, 0, 0, 0, 0, 0, 0, 0, 0, 0, 0], [0, 0, 0, 0, 0, 0, 0, 1, 0, 0, 0, 0, 0, 0, 0, 0, 0, 0, 0, 0, 0, 0], [0, 0, 0, 0, 0, 0, 0, 0, 1, 0, 0, 0, 0, 0, 0, 0, 0, 0, 0, 0, 0, 0], [0, 0, 0, 0, 0, 0, 0, 0, 0, 1, 0, 0, 0, 0, 0, 0, 0, 0, 0, 0, 0, 0], [0, 0, 0, 0, 0, 0, 0, 0, 0, 0, 1, 0, 0, 0, 0, 0, 0, 0, 0, 0, 0, 0], [0, 0, 0, 0, 0, 0, 0, 0, 0, 0, 0, 1, 0, 0, 0, 0, 0, 0, 0, 0, 0, 0], [0, 0, 0, 0, 0, 0, 0, 0, 0, 0, 0, 0, 1, 0, 0, 0, 0, 0, 0, 0, 0, 0], [0, 0, 0, 0, 0, 0, 0, 0, 0, 0, 0, 0, 0, 1, 0, 0, 0, 0, 0, 0, 0, 0], [0, 0, 0, 0, 0, 0, 0, 0, 0, 0, 0, 0, 0, 0, 1, 0, 0, 0, 0, 0, 0, 0], [0, 0, 0, 0, 0, 0, 0, 0, 0, 0, 0, 0, 0, 0, 0, 1, 0, 0, 0, 0, 0, 0], [0, 0, 0, 0, 0, 0, 0, 0, 0, 0, 0, 0, 0, 0, 0, 0, 1, 0, 0, 0, 0, 0], [0, 0, 0, 0, 0, 0, 0, 0, 0, 0, 0, 0, 0, 0, 0, 0, 0, 1, 0, 0, 0, 0], [0, 0, 0, 0, 0, 0, 0, 0, 0, 0, 0, 0, 0, 0, 0, 0, 0, 0, 1, 0, 0, 0], [0, 0, 0, 0, 0, 0, 0, 0, 0, 0, 0, 0, 0, 0, 0, 0, 0, 0, 0, 1, 0, 0], [0, 0, 0, 0, 0, 0, 0, 0, 0, 0, 0, 0, 0, 0, 0, 0, 0, 0, 0, 0, 1, 0], [0, 0, 0, 0, 0, 0, 0, 0, 0, 0, 0, 0, 0, 0, 0, 0, 0, 0, 0, 0, 0, 1]]
[[1, 0, 0, 0, 0, 0, 0, 0, 0, 0, 0, 0, 0, 0, 0, 0, 0, 0, 0, 0, 0, 0], [0, 1, 0, 0, 0, 0, 0, 0, 0, 0, 0, 0, 0, 0, 0, 0, 0, 0, 0, 0, 0, 0], [0, 0, 1, 0, 0, 0, 0, 0, 0, 0, 0, 0, 0, 0, 0, 0, 0, 0, 0, 0, 0, 0], [0, 0, 0, 1, 0, 0, 0, 0, 0, 0, 0, 0, 0, 0, 0, 0, 0, 0, 0, 0, 0, 0], [0, 0, 0, 0, 1, 0, 0, 0, 0, 0, 0, 0, 0, 0, 0, 0, 0, 0, 0, 0, 0, 0], [0, 0, 0, 0, 0, 1, 0, 0, 0, 0, 0, 0, 0, 0, 0, 0, 0, 0, 0, 0, 0, 0], [0, 0, 0, 0, 0, 0, 1, 0, 0, 0, 0, 0, 0, 0, 0, 0, 0, 0, 0, 0, 0, 0], [0, 0, 0, 0, 0, 0, 0, 1, 0, 0, 0, 0, 0, 0, 0, 0, 0, 0, 0, 0, 0, 0], [0, 0, 0, 0, 0, 0, 0, 0, 1, 0, 0, 0, 0, 0, 0, 0, 0, 0, 0, 0, 0, 0], [0, 0, 0, 0, 0, 0, 0, 0, 0, 1, 0, 0, 0, 0, 0, 0, 0, 0, 0, 0, 0, 0], [0, 0, 0, 0, 0, 0, 0, 0, 0, 0, 1, 0, 0, 0, 0, 0, 0, 0, 0, 0, 0, 0], [0, 0, 0, 0, 0, 0, 0, 0, 0, 0, 0, 1, 0, 0, 0, 0, 0, 0, 0, 0, 0, 0], [0, 0, 0, 0, 0, 0, 0, 0, 0, 0, 0, 0, 1, 0, 0, 0, 0, 0, 0, 0, 0, 0], [0, 0, 0, 0, 0, 0, 0, 0, 0, 0, 0, 0, 0, 1, 0, 0, 0, 0, 0, 0, 0, 0], [0, 0, 0, 0, 0, 0, 0, 0, 0, 0, 0, 0, 0, 0, 1, 0, 0, 0, 0, 0, 0, 0], [0, 0, 0, 0, 0, 0, 0, 0, 0, 0, 0, 0, 0, 0, 0, 1, 0, 0, 0, 0, 0, 0], [0, 0, 0, 0, 0, 0, 0, 0, 0, 0, 0, 0, 0, 0, 0, 0, 1, 0, 0, 0, 0, 0], [0, 0, 0, 0, 0, 0, 0, 0, 0, 0, 0, 0, 0, 0, 0, 0, 0, 1, 0, 0, 0, 0], [0, 0, 0, 0, 0, 0, 0, 0, 0, 0, 0, 0, 0, 0, 0, 0, 0, 0, 1, 0, 0, 0], [0, 0, 0, 0, 0, 0, 0, 0, 0, 0, 0, 0, 0, 0, 0, 0, 0, 0, 0, 1, 0, 0], [0, 0, 0, 0, 0, 0, 0, 0, 0, 0, 0, 0, 0, 0, 0, 0, 0, 0, 0, 0, 1, 0], [0, 0, 0, 0, 0, 0, 0, 0, 0, 0, 0, 0, 0, 0, 0, 0, 0, 0, 0, 0, 0, 1]]
[[0, 0, 0, 0, 0, -1, -1, 0, 0, 0, -1, -1, -1, 1, 0, 1, 0, -1, 0, -1, 0, 0], [-1, 1, 0, 0, 0, -1, -1, 0, 0, 0, 0, 0, -1, 1, 0, 0, 0, -1, 0, -1, 0, 0], [1, 0, 1, 0, 0, 1, 1, 0, 0, 0, 0, 0, 0, -1, 1, 0, 0, 1, 0, 1, 0, 0], [2, 0, 0, 1, 0, 2, 2, 0, 0, 0, 1, 1, 1, -2, 1, -1, 0, 2, 0, 2, 0, 0], [0, 0, 0, 0, 1, 0, 0, -1, 0, 0, 0, 0, -1, 0, 1, 1, 0, 0, 0, 0, 0, 0], [1, 0, 0, 0, 0, 2, 1, 0, 0, 0, 0, 0, 0, -1, 1, 0, 0, 1, 0, 1, 0, 0], [0, 0, 0, 0, 0, 0, 1, 1, 0, 0, 0, 0, 1, 0, -1, -1, 0, 0, 0, 0, 0, 0], [0, 0, 0, 0, 0, 0, 0, 0, 0, 0, 0, 1, 1, 0, 0, 0, 1, 0, 0, 0, 0, 0], [-1, 0, 0, 0, 0, -1, -1, 0, 1, 0, 0, 0, 0, 1, -1, 0, 0, -1, 0, -1, 0, 0], [0, 0, 0, 0, 0, 0, 0, 0, 0, 1, 0, 0, 1, 0, -1, 0, 0, 0, 0, 0, 0, 0], [-1, -1, -2, -1, -2, -1, -3, 0, -2, 0, -2, -3, -1, 0, 0, 1, 0, -1, 0, -1, 0, 0], [1, 0, 0, 0, 0, 1, 1, 0, 0, 0, 1, 2, 1, -1, -1, -1, 0, 1, 0, 1, -1, 0], [-1, 0, 0, 0, 0, -1, -1, 0, 0, 0, 0, -1, -1, 1, 0, 1, 0, -1, 0, -1, 0, 0], [0, 0, 0, 0, 0, 0, 0, 0, 0, 0, 0, 0, 0, 1, 1, 0, 0, 0, 0, 0, 1, 0], [-1, 0, 0, 0, 0, -1, -1, 0, 0, 0, -1, -1, 0, 1, 0, 1, 0, -1, 0, -1, 0, 0], [0, 0, 0, 0, 0, 0, 0, 1, 0, 0, 0, 0, 1, 0, -1, 0, 0, 0, 0, 0, 0, 0], [0, -1, -1, 0, -1, 0, -1, 0, -1, 1, 0, -2, 0, -2, 0, 0, 0, 0, -1, 0, -1, -1], [-1, -1, -1, 0, -1, -1, -2, 0, -1, 1, 0, -2, 0, -1, 0, 0, 0, 0, -1, -1, 0, -1], [-1, -1, -1, 0, -1, -1, -2, 0, -1, 1, -1, -3, 0, -1, 0, 1, 0, -1, 0, -1, 0, -1], [1, 1, 1, 0, 1, 1, 2, 0, 1, -1, 1, 3, 0, 1, 1, -1, 0, 1, 1, 2, 1, 1], [0, 0, 0, 0, 0, 0, 0, 0, 0, 0, 0, 0, 0, 0, -1, 0, 0, 0, 0, 0, 0, 0], [0, 0, 0, 0, 0, 0, 0, 0, 0, 0, 0, 0, 0, 0, 0, 0, 0, 0, 0, 0, 0, 1]]
[[1, 1, 1, 0, 2, 1, 2, 0, 2, -2, 0, 3, 0, 3, 1, 0, 0, 0, 1, 0, 1, 0], [0, 1, 0, 0, 0, 0, 0, 0, 0, 0, 0, 0, 0, 0, 0, 0, 0, 0, 0, 0, 0, 0], [0, 0, 1, 0, 1, 1, 1, 0, 1, -1, 0, 1, 0, 1, 0, 0, -1, 0, 0, -1, 0, -1], [0, -1, 0, 1, -2, 0, -1, 1, -1, 2, 0, -3, 1, -3, -1, 0, 0, 0, -1, 0, -1, 0], [0, 0, 1, 0, 2, 1, 2, 1, 2, -1, 0, 1, 1, 1, 0, 0, 0, 0, 0, 0, 0, 0], [0, 0, 1, 0, 0, 1, 1, 1, 0, 0, 0, 0, 1, 0, 0, 0, 0, 0, 0, 0, 0, 0], [0, 0, -1, 0, -1, 0, -1, -1, -1, 1, 0, -1, -1, -1, 0, 0, 0, 0, 0, 0, 0, 0], [0, 0, -1, 0, -1, -1, -2, 0, -2, 1, -1, -2, -1, -1, 0, 1, 0, 0, 0, 0, 0, 0], [0, 0, 0, 0, 0, -1, 0, 0, 0, 0, 0, 0, 0, 0, 1, 0, 1, 0, 0, 1, 0, 0], [0, 0, 0, 0, 0, 0, 0, 0, 0, 1, 0, 0, 0, 0, 1, 0, 1, 0, 0, 1, 0, 0], [0, 1, 1, 0, 2, 0, 2, 0, 2, -2, 1, 3, 0, 3, 0, 0, 0, 0, 1, 0, 1, 1], [0, 0, -1, 0, -2, -1, -3, -1, -3, 2, -1, -2, -1, -2, 0, 1, 0, 0, 0, 0, 0, 0], [0, 0, 0, 0, 1, 0, 1, 0, 1, -1, 0, 1, 1, 1, 0, 0, 0, 0, 0, 0, 0, 0], [0, -1, 0, 0, 0, 0, 1, 1, 1, 0, 1, 0, 1, 0, -1, -1, 0, 0, -1, 0, -1, 0], [0, 0, 0, 0, 1, 0, 1, 0, 1, -1, 0, 1, 0, 1, 1, 0, 1, 0, 0, 0, 0, 0], [0, 0, -1, 0, -1, -1, -2, -1, -2, 1, 0, -1, -1, -1, 0, 1, 0, 0, 0, 0, 0, 0], [0, 1, 2, 1, 2, 0, 2, 1, 2, 0, 1, 1, 1, 1, 0, 0, 0, 0, 0, 0, 1, 0], [0, 0, 1, 1, 1, -1, 1, 1, 1, 1, 1, -1, 1, -1, 0, 0, 0, 1, -1, 1, 0, 0], [0, 1, 2, 1, 3, 0, 3, 1, 3, -1, 1, 2, 1, 2, 1, 0, 0, 0, 1, 1, 1, 0], [0, -2, -2, -1, -3, 0, -2, 0, -2, 1, 0, -2, 0, -3, -2, -1, 0, 0, -1, 0, -2, 0], [0, 0, -1, -1, -2, 0, -2, -1, -2, 0, -1, 0, -1, 0, 0, 0, 0, 0, 1, 0, 1, 1], [0, 0, 0, 0, 1, 1, 1, 0, 1, -1, 0, 1, 0, 1, 1, 0, 0, 0, 0, 0, 0, 0]]
[[1, 0, 0, 0, 0, 0, 0, 0, 0, 0, 0, 0, 0, 0, 0, 0, 0, 0, 0, 0, 0, 0], [0, 1, 0, 0, 0, 0, 0, 0, 0, 0, 0, 0, 0, 0, 0, 0, 0, 0, 0, 0, 0, 0], [0, 0, 1, 0, 0, 0, 0, 0, 0, 0, 0, 0, 0, 0, 0, 0, 0, 0, 0, 0, 0, 0], [0, 0, 0, 1, 0, 0, 0, 0, 0, 0, 0, 0, 0, 0, 0, 0, 0, 0, 0, 0, 0, 0], [0, 0, 0, 0, 1, 0, 0, 0, 0, 0, 0, 0, 0, 0, 0, 0, 0, 0, 0, 0, 0, 0], [0, 0, 0, 0, 0, 1, 0, 0, 0, 0, 0, 0, 0, 0, 0, 0, 0, 0, 0, 0, 0, 0], [0, 0, 0, 0, 0, 0, 1, 0, 0, 0, 0, 0, 0, 0, 0, 0, 0, 0, 0, 0, 0, 0], [0, 0, 0, 0, 0, 0, 0, 1, 0, 0, 0, 0, 0, 0, 0, 0, 0, 0, 0, 0, 0, 0], [0, 0, 0, 0, 0, 0, 0, 0, 1, 0, 0, 0, 0, 0, 0, 0, 0, 0, 0, 0, 0, 0], [0, 0, 0, 0, 0, 0, 0, 0, 0, 1, 0, 0, 0, 0, 0, 0, 0, 0, 0, 0, 0, 0], [0, 0, 0, 0, 0, 0, 0, 0, 0, 0, 1, 0, 0, 0, 0, 0, 0, 0, 0, 0, 0, 0], [0, 0, 0, 0, 0, 0, 0, 0, 0, 0, 0, 1, 0, 0, 0, 0, 0, 0, 0, 0, 0, 0], [0, 0, 0, 0, 0, 0, 0, 0, 0, 0, 0, 0, 1, 0, 0, 0, 0, 0, 0, 0, 0, 0], [0, 0, 0, 0, 0, 0, 0, 0, 0, 0, 0, 0, 0, 1, 0, 0, 0, 0, 0, 0, 0, 0], [0, 0, 0, 0, 0, 0, 0, 0, 0, 0, 0, 0, 0, 0, 1, 0, 0, 0, 0, 0, 0, 0], [0, 0, 0, 0, 0, 0, 0, 0, 0, 0, 0, 0, 0, 0, 0, 1, 0, 0, 0, 0, 0, 0], [0, 0, 0, 0, 0, 0, 0, 0, 0, 0, 0, 0, 0, 0, 0, 0, 1, 0, 0, 0, 0, 0], [0, 0, 0, 0, 0, 0, 0, 0, 0, 0, 0, 0, 0, 0, 0, 0, 0, 1, 0, 0, 0, 0], [0, 0, 0, 0, 0, 0, 0, 0, 0, 0, 0, 0, 0, 0, 0, 0, 0, 0, 1, 0, 0, 0], [0, 0, 0, 0, 0, 0, 0, 0, 0, 0, 0, 0, 0, 0, 0, 0, 0, 0, 0, 1, 0, 0], [0, 0, 0, 0, 0, 0, 0, 0, 0, 0, 0, 0, 0, 0, 0, 0, 0, 0, 0, 0, 1, 0], [0, 0, 0, 0, 0, 0, 0, 0, 0, 0, 0, 0, 0, 0, 0, 0, 0, 0, 0, 0, 0, 1]]
[[1, -2, -1, 0, 0, 0, 1, 1, 1, -1, 0, 0, 1, -1, -1, -1, 1, 0, -1, 1, -1, 1], [0, 0, 0, 0, 1, 0, 1, 0, 1, -1, 0, 1, 0, 1, 0, 0, 0, 0, 0, 0, 0, 0], [0, 0, 1, 0, 0, 0, 0, 0, 0, 0, 0, 0, 0, 0, 0, 0, 0, 0, 0, 0, 0, 0], [-2, 2, 2, -1, 0, 0, -2, -2, -3, 1, -2, 0, -1, 2, 3, 2, -3, 0, 3, -2, 2, -3], [-1, 0, 2, 0, 3, -1, 1, -1, 1, -1, 0, 2, 0, 2, 1, 1, -1, 0, 1, -1, 1, -1], [-1, 1, 2, 0, 1, 0, 0, -1, 0, 0, 0, 1, 0, 1, 1, 1, -1, 0, 1, -1, 1, -1], [1, 1, 0, 0, -1, 1, 1, 1, 0, 0, 0, 1, 0, 1, 1, -1, 1, 0, 1, 1, 1, 1], [0, 0, -1, 0, 0, 0, -1, 0, -1, 1, 0, -2, -1, -1, -1, 1, -1, 0, -1, -1, -1, -1], [0, -1, -1, 0, 0, 0, 0, 0, 0, 1, 0, -1, 1, -1, -1, 0, 0, 0, -1, 0, -1, -1], [0, 0, 0, 0, 0, 0, 0, 0, 0, 1, 0, 0, 0, 0, 0, 0, 0, 0, 0, 0, 0, 0], [0, -2, -1, 0, 0, 0, 1, 1, 1, -1, 1, 0, 1, -1, -1, -1, 1, 0, -1, 1, -1, 1], [1, 1, -2, 0, -2, 1, -2, 0, -1, 1, 0, -2, -2, -2, -1, 0, 0, 0, -1, 0, -1, 1], [0, -1, 0, 0, 1, 0, 1, 0, 1, -1, 0, 1, 1, 1, 0, 0, 0, 0, 0, 0, 0, 0], [-1, 0, 1, 0, 0, -1, 0, 0, 0, 0, 0, 0, 1, 0, 0, 0, 0, 0, 0, 0, 0, 0], [0, -1, 0, 0, 1, 0, 1, 0, 0, 0, 0, 1, 1, 1, 0, 0, -1, 0, 1, 0, 0, -1], [1, 0, -2, 0, -2, 1, -1, 1, -1, 1, 0, -2, 0, -2, -1, 0, 1, 0, -1, 1, -1, 1], [-1, 0, 1, -1, 1, 0, 0, -1, -1, 0, -1, 0, 0, 0, 1, 1, -1, 1, 1, 0, 1, -1], [-2, -1, 0, -2, 0, 0, -1, -1, -3, 1, -2, -1, 1, 0, 1, 1, -2, 1, 1, -1, 0, -3], [-1, -1, 1, -1, 2, 0, 1, -1, -1, 0, -1, 1, 1, 1, 2, 1, -1, 1, 1, 0, 1, -2], [0, 1, 0, 1, -1, -1, -1, 0, 1, 0, 1, -1, -1, -1, -1, 0, 1, -1, -1, 0, -1, 1], [1, 0, -2, 1, -2, 0, -1, 1, 1, 0, 1, -2, -1, -2, -2, -1, 2, -1, -2, 0, -1, 2], [0, 0, 1, 0, 1, 0, 1, 0, 0, 0, 0, 2, 1, 2, 1, 0, 0, 0, 1, 0, 1, 0]]
[[1, 1, 2, 0, 2, 1, 3, 0, 2, -1, 2, 4, 0, 1, 1, -1, 1, 1, 0, 2, 0, 2], [-1, 1, 2, 0, 2, 0, 1, 0, 1, 0, 0, 1, 1, 2, 1, 1, 0, 0, 1, 0, 2, -1], [3, 0, -2, 0, -2, 2, 1, 0, 0, -1, 1, 2, -1, -2, 0, -3, 1, 1, -1, 2, -2, 3], [-1, 0, -1, 1, -1, -1, -2, 0, -1, 1, -2, -4, 0, 0, -1, 2, -1, -2, 0, -3, 0, -2], [-1, 0, 1, 0, 2, 0, 1, 0, 0, 1, 0, -1, 1, 1, 0, 2, 0, -1, 0, -1, 0, -2], [1, 0, -2, 0, -2, 1, -1, 0, -1, 0, 0, -1, -1, -2, -1, -1, 0, 0, -1, 0, -2, 1], [0, -1, -1, 0, -2, -1, -2, 0, -1, 0, -1, -1, 0, -1, 0, -1, 0, 0, 0, 0, 0, 0], [0, 0, 0, 0, 0, 0, 0, 1, 0, 0, 0, 0, 0, 0, 0, 0, 0, 0, 0, 0, 0, 0], [-2, 0, 3, 0, 3, -1, 1, 0, 1, 1, 0, -1, 1, 2, 0, 3, -1, 0, 1, -1, 2, -3], [-1, -1, 1, 0, 1, -1, 0, 0, 0, 1, 0, -1, 1, 0, -1, 1, -1, 0, 0, -1, 0, -2], [-1, 1, 2, 0, 2, 0, 1, 0, 1, 0, 1, 1, 0, 2, 1, 1, 0, 0, 0, 0, 1, 0], [2, 0, -3, 0, -3, 0, -2, 0, -1, -1, 0, 1, -2, -3, -1, -3, 0, 1, -1, 1, -2, 3], [-1, 1, 2, 0, 2, 0, 1, 0, 0, 1, 0, 0, 1, 2, 1, 2, 0, 0, 1, 0, 2, -1], [-1, 0, 1, 0, 1, 0, 1, 0, 1, 0, 0, 0, 1, 2, 0, 1, 0, -1, 1, -1, 1, -1], [-2, 0, 3, 0, 3, -1, 1, 0, 0, 1, 0, -1, 1, 2, 1, 3, -1, 0, 1, -1, 2, -3], [1, 0, -1, 0, -1, 0, -1, 0, 0, -1, 0, 1, -1, -1, 0, -1, 0, 1, 0, 1, 0, 2], [-1, 0, 1, 0, 2, 0, 1, 0, 1, 0, -1, -1, 1, 2, 0, 2, 0, -1, 0, -2, 1, -2], [-4, 0, 4, 0, 4, -1, 1, 0, 1, 2, -2, -3, 3, 5, 1, 6, -1, -2, 2, -4, 4, -6], [-2, 0, 3, 0, 4, 0, 2, 0, 1, 1, -1, -1, 2, 4, 1, 4, -1, -1, 1, -2, 2, -4], [1, 0, -2, 0, -2, 0, -1, 0, 0, -1, 0, 0, -1, -2, -1, -2, 0, 0, 0, 1, -1, 2], [2, 0, -3, 0, -4, 0, -2, 0, -1, -1, 1, 1, -2, -4, -1, -4, 1, 1, -2, 2, -3, 4], [0, -1, 0, 0, 0, 0, 0, 0, -1, 1, 0, -1, 1, 0, 0, 1, 0, 0, 0, 0, 0, -1]]
[[2, 0, -1, 0, -1, 1, 0, 0, -1, 0, 0, 1, 0, 0, 1, -1, 0, 1, 0, 1, 0, 1], [0, 1, 1, 0, 2, 0, 1, 0, 1, 0, 0, 0, 0, 1, 0, 1, 0, 0, 0, 0, 1, -1], [1, 0, -1, 0, -3, 1, -1, 0, -2, 0, 0, 1, 0, -1, 1, -2, 0, 1, 0, 1, -1, 2], [-1, 0, 0, 1, -1, -1, -1, 0, 0, 0, 0, -1, 0, -1, -1, 0, 0, -1, 0, -1, -1, 0], [0, 0, 0, 0, 1, 0, 0, 0, 0, 0, 0, 0, 0, 0, 0, 0, 0, 0, 0, 0, 0, 0], [0, 0, -1, 0, -2, 1, -1, 0, -1, 0, 0, 0, 0, -1, 0, -1, 0, 0, 0, 0, -1, 1], [0, 0, 0, 0, 0, 0, 1, 0, 0, 0, 0, 0, 0, 0, 0, 0, 0, 0, 0, 0, 0, 0], [0, 0, 0, 0, 0, 0, 0, 1, 0, 0, 0, 0, 0, 0, 0, 0, 0, 0, 0, 0, 0, 0], [0, 0, 1, 0, 2, 0, 1, 0, 2, 0, 0, 0, 0, 1, 0, 1, 0, 0, 0, 0, 1, -1], [0, 0, 0, 0, 0, 0, 0, 0, 0, 1, 0, 0, 0, 0, 0, 0, 0, 0, 0, 0, 0, 0], [0, 0, 1, 0, 2, 0, 1, 0, 1, 0, 1, 0, 0, 1, 0, 1, 0, 0, 0, 0, 1, -1], [0, 0, -1, 0, -2, 0, -1, 0, -1, 0, 0, 1, 0, -1, 0, -1, 0, 0, 0, 0, -1, 1], [0, 0, 1, 0, 2, 0, 1, 0, 1, 0, 0, 0, 1, 1, 0, 1, 0, 0, 0, 0, 1, -1], [-1, 0, 1, 0, 1, -1, 0, 0, 1, 0, 0, -1, 0, 1, -1, 1, 0, -1, 0, -1, 0, -1], [0, 0, 1, 0, 2, 0, 1, 0, 1, 0, 0, 0, 0, 1, 1, 1, 0, 0, 0, 0, 1, -1], [0, 0, 0, 0, 0, 0, 0, 0, 0, 0, 0, 0, 0, 0, 0, 1, 0, 0, 0, 0, 0, 0], [0, 0, 0, 0, 0, 0, 0, 0, 0, 0, 0, 0, 0, 0, 0, 0, 1, 0, 0, 0, 0, 0], [-1, 0, 2, 0, 3, -1, 1, 0, 2, 0, 0, -1, 0, 1, -1, 2, 0, 0, 0, -1, 1, -2], [1, 0, 0, 0, 1, 1, 1, 0, 0, 0, 0, 1, 0, 1, 1, 0, 0, 1, 1, 1, 1, 0], [-1, 0, 0, 0, -1, -1, -1, 0, 0, 0, 0, -1, 0, -1, -1, 0, 0, -1, 0, 0, -1, 0], [0, 0, -1, 0, -2, 0, -1, 0, -1, 0, 0, 0, 0, -1, 0, -1, 0, 0, 0, 0, 0, 1], [0, 0, 1, 0, 2, 0, 1, 0, 1, 0, 0, 0, 0, 1, 0, 1, 0, 0, 0, 0, 1, 0]]
[[1, 0, 0, 0, 0, 0, 0, 0, 0, 0, 0, 0, 0, 0, 0, 0, 0, 0, 0, 0, 0, 0], [0, 1, 0, 0, 0, 0, 0, 0, 0, 0, 0, 0, 0, 0, 0, 0, 0, 0, 0, 0, 0, 0], [0, 0, 1, 0, 0, 0, 0, 0, 0, 0, 0, 0, 0, 0, 0, 0, 0, 0, 0, 0, 0, 0], [0, 0, 0, 1, 0, 0, 0, 0, 0, 0, 0, 0, 0, 0, 0, 0, 0, 0, 0, 0, 0, 0], [0, 0, 0, 0, 1, 0, 0, 0, 0, 0, 0, 0, 0, 0, 0, 0, 0, 0, 0, 0, 0, 0], [0, 0, 0, 0, 0, 1, 0, 0, 0, 0, 0, 0, 0, 0, 0, 0, 0, 0, 0, 0, 0, 0], [0, 0, 0, 0, 0, 0, 1, 0, 0, 0, 0, 0, 0, 0, 0, 0, 0, 0, 0, 0, 0, 0], [0, 0, 0, 0, 0, 0, 0, 1, 0, 0, 0, 0, 0, 0, 0, 0, 0, 0, 0, 0, 0, 0], [0, 0, 0, 0, 0, 0, 0, 0, 1, 0, 0, 0, 0, 0, 0, 0, 0, 0, 0, 0, 0, 0], [0, 0, 0, 0, 0, 0, 0, 0, 0, 1, 0, 0, 0, 0, 0, 0, 0, 0, 0, 0, 0, 0], [0, 0, 0, 0, 0, 0, 0, 0, 0, 0, 1, 0, 0, 0, 0, 0, 0, 0, 0, 0, 0, 0], [0, 0, 0, 0, 0, 0, 0, 0, 0, 0, 0, 1, 0, 0, 0, 0, 0, 0, 0, 0, 0, 0], [0, 0, 0, 0, 0, 0, 0, 0, 0, 0, 0, 0, 1, 0, 0, 0, 0, 0, 0, 0, 0, 0], [0, 0, 0, 0, 0, 0, 0, 0, 0, 0, 0, 0, 0, 1, 0, 0, 0, 0, 0, 0, 0, 0], [0, 0, 0, 0, 0, 0, 0, 0, 0, 0, 0, 0, 0, 0, 1, 0, 0, 0, 0, 0, 0, 0], [0, 0, 0, 0, 0, 0, 0, 0, 0, 0, 0, 0, 0, 0, 0, 1, 0, 0, 0, 0, 0, 0], [0, 0, 0, 0, 0, 0, 0, 0, 0, 0, 0, 0, 0, 0, 0, 0, 1, 0, 0, 0, 0, 0], [0, 0, 0, 0, 0, 0, 0, 0, 0, 0, 0, 0, 0, 0, 0, 0, 0, 1, 0, 0, 0, 0], [0, 0, 0, 0, 0, 0, 0, 0, 0, 0, 0, 0, 0, 0, 0, 0, 0, 0, 1, 0, 0, 0], [0, 0, 0, 0, 0, 0, 0, 0, 0, 0, 0, 0, 0, 0, 0, 0, 0, 0, 0, 1, 0, 0], [0, 0, 0, 0, 0, 0, 0, 0, 0, 0, 0, 0, 0, 0, 0, 0, 0, 0, 0, 0, 1, 0], [0, 0, 0, 0, 0, 0, 0, 0, 0, 0, 0, 0, 0, 0, 0, 0, 0, 0, 0, 0, 0, 1]]
[[1, 0, -2, 0, -2, 0, -2, 0, -2, 0, -2, -2, 0, -2, 0, 0, 0, 0, 0, 0, 0, 0], [0, -1, -1, 0, -1, -1, -1, 0, -1, 1, 0, -2, 0, -2, -1, 0, 0, 0, -1, 0, -1, 0], [0, 1, 1, 0, 0, 0, 0, 0, 0, -1, -1, 1, 0, 1, 1, 0, 0, 0, 1, 0, 1, 0], [0, -1, 1, -1, 1, 1, 2, 0, 1, -1, 1, 3, 0, 2, 1, -1, 0, 1, 1, 1, 0, 0], [1, 0, 0, 0, 0, 0, 0, 0, 0, -1, -1, 1, 0, 0, 1, 0, 0, 1, 1, 1, 1, 1], [0, 0, 1, 0, 1, 0, 1, 0, 1, -1, 0, 2, 0, 2, 1, 0, 0, 0, 1, 0, 1, 0], [0, 1, 1, 0, 1, 1, 2, 0, 1, 0, 1, 1, 0, 1, 0, 0, 0, 0, 0, 0, 0, 0], [-1, 0, 0, 0, 1, 0, -1, -1, 0, 1, 1, -1, -1, -1, -1, 1, -1, 0, -1, -1, -1, -1], [-1, -1, -1, 0, 0, -1, -1, 0, 0, 1, 0, -2, 0, -1, -1, 0, 0, -1, -1, -1, -1, -1], [0, 1, 0, 0, 0, 1, 0, 0, 0, 0, 0, 0, -1, 0, 1, 0, 0, 0, 0, 0, 0, 0], [0, -1, -2, 0, -2, -1, -2, 0, -2, 1, -1, -2, 1, -2, -1, 0, 0, 0, 0, 0, 0, 0], [0, 1, 1, 0, 1, 2, 1, 0, 1, 0, 2, 1, -1, 0, 0, 0, 0, 0, -1, 0, -1, 0], [0, -1, -1, 0, -1, -1, -1, 0, -1, 0, -1, -1, 1, -1, 0, 0, 0, 0, 0, 0, 0, 0], [0, -1, -1, 0, -1, -1, -1, 0, -1, 0, -1, -1, 0, 0, 0, 0, 0, 0, 0, 0, 0, 0], [0, 0, -1, 0, -1, 0, -1, 0, -1, 1, -1, -1, 1, -1, 0, 0, 0, 0, 0, 0, 0, 0], [-1, 0, 0, 0, 1, 0, 0, 0, 0, 1, 1, -1, 0, 0, -1, 1, 0, -1, -1, -1, -1, -1], [0, -1, 0, 0, 0, -1, 0, 0, 0, 0, 0, 0, 0, 0, 0, 0, 0, 0, 1, 1, 0, 0], [-1, -2, -1, 0, 0, -2, -1, 0, -1, 1, 0, -2, 0, -1, -1, 0, -1, 0, 0, 0, -1, -1], [0, -1, -1, 0, -1, -1, -1, 0, -1, 0, -1, -1, 0, -1, 0, 0, 0, 0, 1, 0, 0, 0], [0, 0, 1, 0, 1, 0, 1, 0, 1, 0, 1, 1, 0, 1, 0, 0, 1, 0, -1, 0, 0, 0], [0, 1, 1, 0, 1, 1, 1, 0, 1, 0, 1, 1, 0, 1, 0, 0, 0, 0, 0, 0, 1, 0], [0, 1, 0, 0, 0, 0, 0, 0, 0, -1, -1, 1, 0, 1, 1, 0, 0, 0, 1, 0, 1, 1]]
[[0, 1, 2, 1, 2, 0, 2, 0, 2, -1, 1, 2, 0, 0, 1, 0, 0, 0, 0, 0, 0, 0], [-1, -1, 0, -1, 0, -1, 0, 0, 0, 0, 0, 0, 1, 0, -1, 0, 0, 0, 0, 0, 0, 0], [0, 2, 2, 1, 1, 1, 1, 0, 1, 0, 1, 1, -1, 0, 1, 0, 0, 0, 0, 0, 0, 0], [0, -1, -2, -1, -2, 1, -2, 0, -2, 1, -1, -2, -1, 0, 0, 0, 0, 0, 0, 0, 0, 0], [-1, 0, 1, 0, 2, 0, 1, 0, 1, 0, 1, 1, 0, 0, 0, 0, 0, 0, 0, 0, 0, 0], [0, 0, 0, 0, 0, 1, 0, 0, 0, 0, 0, 0, 0, 0, 0, 0, 0, 0, 0, 0, 0, 0], [1, 0, -1, 0, -2, 0, -1, 1, -1, 0, -1, -1, 0, 0, 0, -1, 0, 0, 0, 0, 0, 0], [1, 0, -1, 0, 0, 0, 0, 0, -1, 0, -1, -1, 0, 0, 0, 1, 0, 0, 0, 0, 0, 0], [-1, -1, 0, 0, 1, -2, 0, -1, 1, 0, 0, 0, 1, 1, -1, 1, 0, -1, 0, -1, 0, -1], [1, 1, 0, 1, 0, 0, 0, 0, 0, 0, -1, 0, 0, 0, 1, 0, 0, 0, 0, 0, 0, 0], [-1, -1, 1, 0, 1, -1, 1, 0, 1, -1, 1, 1, 1, 0, 0, 0, 0, 0, 0, 0, 0, 0], [3, 1, -2, 0, -2, 2, -1, 0, -2, 0, -2, -1, -1, -1, 1, 0, 0, 1, 0, 1, 0, 1], [-1, 0, 1, 0, 1, 0, 1, 0, 1, 0, 1, 1, 1, 0, 0, 0, 0, 0, 0, 0, 0, 0], [-1, 0, 1, 0, 1, 0, 1, 0, 1, 0, 1, 1, 0, 1, 0, 0, 0, 0, 0, 0, 0, 0], [0, 0, 1, 1, 1, -1, 1, 0, 1, 0, 1, 1, 1, 0, 0, 0, 0, 0, 0, 0, 0, 0], [1, 0, -1, 0, -1, 0, -1, 0, -1, 0, -1, -1, 0, 0, 0, 1, 0, 0, 0, 0, 0, 0], [-2, -1, 0, -1, 1, -1, -1, -1, 0, 0, 0, -1, -1, 0, -1, 1, -1, 0, 0, -1, 0, -1], [-2, -1, 0, -1, 1, -1, 0, -1, 0, 0, 0, 0, 0, 1, 0, 1, 0, 0, 0, -1, 0, -1], [-1, -1, 0, 0, 0, 0, 0, 0, 0, 0, 0, -1, 0, -2, 0, 0, 0, 0, -1, -1, -2, -1], [0, -1, -1, -1, -1, 0, -1, 0, -1, 1, 0, -1, 0, 0, -1, 0, 0, 0, 0, 1, 0, 0], [1, 0, -1, 0, -1, 0, -1, 0, -1, 0, -1, -1, 0, 0, 0, 0, 0, 0, 0, 0, 1, 0], [-1, 1, 1, 1, 1, -1, 0, 0, 1, 0, 1, 1, 0, 1, 0, 0, 0, -1, 0, -1, 0, 0]]
[[1, 1, 0, 1, 0, 0, 0, 0, 0, 0, 0, 0, 0, 0, 1, 0, 0, 0, 0, 0, 0, 0], [0, 0, 0, -1, 0, 0, 0, 0, 0, 0, 0, 0, 0, 0, -1, 0, 0, 0, 0, 0, 0, 0], [0, 1, 1, 1, 0, 0, 0, 0, 0, 0, 0, 0, 0, 0, 1, 0, 0, 0, 0, 0, 0, 0], [0, -1, 0, 0, 0, 0, 0, 0, 0, 0, 0, 0, 0, 0, -1, 0, 0, 0, 0, 0, 0, 0], [0, 0, 0, 0, 1, 0, 0, 0, 0, 0, 0, 0, 0, 0, 0, 0, 0, 0, 0, 0, 0, 0], [0, 0, 0, 0, 0, 1, 0, 0, 0, 0, 0, 0, 0, 0, 0, 0, 0, 0, 0, 0, 0, 0], [0, 0, 0, 0, 0, 0, 1, 0, 0, 0, 0, 0, 0, 0, 0, 0, 0, 0, 0, 0, 0, 0], [0, 0, 0, 0, 0, 0, 0, 1, 0, 0, 0, 0, 0, 0, 0, 0, 0, 0, 0, 0, 0, 0], [0, 0, 0, 0, 0, 0, 0, 0, 1, 0, 0, 0, 0, 0, 0, 0, 0, 0, 0, 0, 0, 0], [0, 1, 0, 1, 0, 0, 0, 0, 0, 1, 0, 0, 0, 0, 1, 0, 0, 0, 0, 0, 0, 0], [0, 0, 0, 0, 0, 0, 0, 0, 0, 0, 1, 0, 0, 0, 0, 0, 0, 0, 0, 0, 0, 0], [0, 0, 0, 0, 0, 0, 0, 0, 0, 0, 0, 1, 0, 0, 0, 0, 0, 0, 0, 0, 0, 0], [0, 0, 0, 0, 0, 0, 0, 0, 0, 0, 0, 0, 1, 0, 0, 0, 0, 0, 0, 0, 0, 0], [0, 0, 0, 0, 0, 0, 0, 0, 0, 0, 0, 0, 0, 1, 0, 0, 0, 0, 0, 0, 0, 0], [0, 0, 0, 0, 0, 0, 0, 0, 0, 0, 0, 0, 0, 0, 1, 0, 0, 0, 0, 0, 0, 0], [0, 0, 0, 0, 0, 0, 0, 0, 0, 0, 0, 0, 0, 0, 0, 1, 0, 0, 0, 0, 0, 0], [0, 0, 0, 0, 0, 0, 0, 0, 0, 0, 0, 0, 0, 0, 0, 0, 1, 0, 0, 0, 0, 0], [0, 0, 0, 0, 0, 0, 0, 0, 0, 0, 0, 0, 0, 0, 0, 0, 0, 1, 0, 0, 0, 0], [1, 0, -1, 1, -2, 1, 0, 1, -1, 1, 0, -1, 1, -2, 1, -1, 1, 1, 0, 1, -1, 1], [0, -1, 0, -1, 0, 0, 0, 0, 0, 0, 0, 0, 0, 0, -1, 0, 0, 0, 0, 1, 0, 0], [0, 0, 0, 0, 0, 0, 0, 0, 0, 0, 0, 0, 0, 0, 0, 0, 0, 0, 0, 0, 1, 0], [-1, 1, 1, 0, 2, -1, 0, -1, 1, -1, 0, 1, -1, 2, 0, 1, -1, -1, 1, -1, 1, 0]]
[[1, 0, 0, 0, 0, 0, 0, 0, 0, 0, 0, 0, 0, 0, 0, 0, 0, 0, 0, 0, 0, 0], [0, 1, 0, 0, 0, 0, 0, 0, 0, 0, 0, 0, 0, 0, 0, 0, 0, 0, 0, 0, 0, 0], [0, 0, 1, 0, 0, 0, 0, 0, 0, 0, 0, 0, 0, 0, 0, 0, 0, 0, 0, 0, 0, 0], [0, 0, 0, 1, 0, 0, 0, 0, 0, 0, 0, 0, 0, 0, 0, 0, 0, 0, 0, 0, 0, 0], [0, 0, 0, 0, 1, 0, 0, 0, 0, 0, 0, 0, 0, 0, 0, 0, 0, 0, 0, 0, 0, 0], [0, 0, 0, 0, 0, 1, 0, 0, 0, 0, 0, 0, 0, 0, 0, 0, 0, 0, 0, 0, 0, 0], [0, 0, 0, 0, 0, 0, 1, 0, 0, 0, 0, 0, 0, 0, 0, 0, 0, 0, 0, 0, 0, 0], [0, 0, 0, 0, 0, 0, 0, 1, 0, 0, 0, 0, 0, 0, 0, 0, 0, 0, 0, 0, 0, 0], [0, 0, 0, 0, 0, 0, 0, 0, 1, 0, 0, 0, 0, 0, 0, 0, 0, 0, 0, 0, 0, 0], [0, 0, 0, 0, 0, 0, 0, 0, 0, 1, 0, 0, 0, 0, 0, 0, 0, 0, 0, 0, 0, 0], [0, 0, 0, 0, 0, 0, 0, 0, 0, 0, 1, 0, 0, 0, 0, 0, 0, 0, 0, 0, 0, 0], [0, 0, 0, 0, 0, 0, 0, 0, 0, 0, 0, 1, 0, 0, 0, 0, 0, 0, 0, 0, 0, 0], [0, 0, 0, 0, 0, 0, 0, 0, 0, 0, 0, 0, 1, 0, 0, 0, 0, 0, 0, 0, 0, 0], [0, 0, 0, 0, 0, 0, 0, 0, 0, 0, 0, 0, 0, 1, 0, 0, 0, 0, 0, 0, 0, 0], [0, 0, 0, 0, 0, 0, 0, 0, 0, 0, 0, 0, 0, 0, 1, 0, 0, 0, 0, 0, 0, 0], [0, 0, 0, 0, 0, 0, 0, 0, 0, 0, 0, 0, 0, 0, 0, 1, 0, 0, 0, 0, 0, 0], [0, 0, 0, 0, 0, 0, 0, 0, 0, 0, 0, 0, 0, 0, 0, 0, 1, 0, 0, 0, 0, 0], [0, 0, 0, 0, 0, 0, 0, 0, 0, 0, 0, 0, 0, 0, 0, 0, 0, 1, 0, 0, 0, 0], [0, 0, 0, 0, 0, 0, 0, 0, 0, 0, 0, 0, 0, 0, 0, 0, 0, 0, 1, 0, 0, 0], [0, 0, 0, 0, 0, 0, 0, 0, 0, 0, 0, 0, 0, 0, 0, 0, 0, 0, 0, 1, 0, 0], [0, 0, 0, 0, 0, 0, 0, 0, 0, 0, 0, 0, 0, 0, 0, 0, 0, 0, 0, 0, 1, 0], [0, 0, 0, 0, 0, 0, 0, 0, 0, 0, 0, 0, 0, 0, 0, 0, 0, 0, 0, 0, 0, 1]]
[[1, 0, 0, 0, 0, 0, 0, 0, 0, 0, 0, 0, 0, 0, 0, 0, 0, 0, 0, 0, 0, 0], [0, 1, 0, 0, 0, 0, 0, 0, 0, 0, 0, 0, 0, 0, 0, 0, 0, 0, 0, 0, 0, 0], [0, 0, 1, 0, 0, 0, 0, 0, 0, 0, 0, 0, 0, 0, 0, 0, 0, 0, 0, 0, 0, 0], [0, 0, 0, 1, 0, 0, 0, 0, 0, 0, 0, 0, 0, 0, 0, 0, 0, 0, 0, 0, 0, 0], [0, 0, 0, 0, 1, 0, 0, 0, 0, 0, 0, 0, 0, 0, 0, 0, 0, 0, 0, 0, 0, 0], [0, 0, 0, 0, 0, 1, 0, 0, 0, 0, 0, 0, 0, 0, 0, 0, 0, 0, 0, 0, 0, 0], [0, 0, 0, 0, 0, 0, 1, 0, 0, 0, 0, 0, 0, 0, 0, 0, 0, 0, 0, 0, 0, 0], [0, 0, 0, 0, 0, 0, 0, 1, 0, 0, 0, 0, 0, 0, 0, 0, 0, 0, 0, 0, 0, 0], [0, 0, 0, 0, 0, 0, 0, 0, 1, 0, 0, 0, 0, 0, 0, 0, 0, 0, 0, 0, 0, 0], [0, 0, 0, 0, 0, 0, 0, 0, 0, 1, 0, 0, 0, 0, 0, 0, 0, 0, 0, 0, 0, 0], [0, 0, 0, 0, 0, 0, 0, 0, 0, 0, 1, 0, 0, 0, 0, 0, 0, 0, 0, 0, 0, 0], [0, 0, 0, 0, 0, 0, 0, 0, 0, 0, 0, 1, 0, 0, 0, 0, 0, 0, 0, 0, 0, 0], [0, 0, 0, 0, 0, 0, 0, 0, 0, 0, 0, 0, 1, 0, 0, 0, 0, 0, 0, 0, 0, 0], [0, 0, 0, 0, 0, 0, 0, 0, 0, 0, 0, 0, 0, 1, 0, 0, 0, 0, 0, 0, 0, 0], [0, 0, 0, 0, 0, 0, 0, 0, 0, 0, 0, 0, 0, 0, 1, 0, 0, 0, 0, 0, 0, 0], [0, 0, 0, 0, 0, 0, 0, 0, 0, 0, 0, 0, 0, 0, 0, 1, 0, 0, 0, 0, 0, 0], [0, 0, 0, 0, 0, 0, 0, 0, 0, 0, 0, 0, 0, 0, 0, 0, 1, 0, 0, 0, 0, 0], [0, 0, 0, 0, 0, 0, 0, 0, 0, 0, 0, 0, 0, 0, 0, 0, 0, 1, 0, 0, 0, 0], [0, 0, 0, 0, 0, 0, 0, 0, 0, 0, 0, 0, 0, 0, 0, 0, 0, 0, 1, 0, 0, 0], [0, 0, 0, 0, 0, 0, 0, 0, 0, 0, 0, 0, 0, 0, 0, 0, 0, 0, 0, 1, 0, 0], [0, 0, 0, 0, 0, 0, 0, 0, 0, 0, 0, 0, 0, 0, 0, 0, 0, 0, 0, 0, 1, 0], [0, 0, 0, 0, 0, 0, 0, 0, 0, 0, 0, 0, 0, 0, 0, 0, 0, 0, 0, 0, 0, 1]]

#################
# GALOIS GROUPS #
#################


Generators of the monodromy group on the generic Picard lattice:
[[1, 0, 0, 0, 0, 0, 0, 0, 0, 0, 0, 0, 0, 0, 0, 0], [0, 1, 0, 0, 0, 0, 0, 0, 0, 0, 0, 0, 0, 0, 0, 0], [0, 0, 1, 0, 0, 0, 0, 0, 0, 0, 0, 0, 0, 0, 0, 0], [0, 0, 0, 1, 0, 0, 0, 0, 0, 0, 0, 0, 0, 0, 0, 0], [0, 0, 0, 0, 1, 0, 0, 0, 0, 0, 0, 0, 0, 0, 0, 0], [0, 0, 0, 0, 0, 1, 0, 0, 0, 0, 0, 0, 0, 0, 0, 0], [0, 0, 0, 0, 0, 0, 1, 0, 0, 0, 0, 0, 0, 0, 0, 0], [0, 0, 0, 0, 0, 0, 0, 1, 0, 0, 0, 0, 0, 0, 0, 0], [0, 0, 0, 0, 0, 0, 0, 0, 1, 0, 0, 0, 0, 0, 0, 0], [0, 0, 0, 0, 0, 0, 0, 0, 0, 1, 0, 0, 0, 0, 0, 0], [0, 0, 0, 0, 0, 0, 0, 0, 0, 0, 1, 0, 0, 0, 0, 0], [0, 0, 0, 0, 0, 0, 0, 0, 0, 0, 0, 1, 0, 0, 0, 0], [0, 0, 0, 0, 0, 0, 0, 0, 0, 0, 0, 0, 1, 0, 0, 0], [0, 0, 0, 0, 0, 0, 0, 0, 0, 0, 0, 0, 0, 1, 0, 0], [0, 0, 0, 0, 0, 0, 0, 0, 0, 0, 0, 0, 0, 0, 1, 0], [0, 0, 0, 0, 0, 0, 0, 0, 0, 0, 0, 0, 0, 0, 0, 1]]
[[1, 0, 0, 0, 0, 0, 0, 0, 0, 0, 0, 0, 0, 0, 0, 0], [0, 1, 0, 0, 0, 0, 0, 0, 0, 0, 0, 0, 0, 0, 0, 0], [0, 0, 1, 0, 0, 0, 0, 0, 0, 0, 0, 0, 0, 0, 0, 0], [0, 0, 0, 1, 0, 0, 0, 0, 0, 0, 0, 0, 0, 0, 0, 0], [0, 0, 0, 0, 1, 0, 0, 0, 0, 0, 0, 0, 0, 0, 0, 0], [0, 0, 0, 0, 0, 1, 0, 0, 0, 0, 0, 0, 0, 0, 0, 0], [0, 0, 0, 0, 0, 0, 1, 0, 0, 0, 0, 0, 0, 0, 0, 0], [0, 0, 0, 0, 0, 0, 0, 1, 0, 0, 0, 0, 0, 0, 0, 0], [0, 0, 0, 0, 0, 0, 0, 0, 1, 0, 0, 0, 0, 0, 0, 0], [0, 0, 0, 0, 0, 0, 0, 0, 0, 1, 0, 0, 0, 0, 0, 0], [0, 0, 0, 0, 0, 0, 0, 0, 0, 0, 1, 0, 0, 0, 0, 0], [0, 0, 0, 0, 0, 0, 0, 0, 0, 0, 0, 1, 0, 0, 0, 0], [0, 0, 0, 0, 0, 0, 0, 0, 0, 0, 0, 0, 1, 0, 0, 0], [0, 0, 0, 0, 0, 0, 0, 0, 0, 0, 0, 0, 0, 1, 0, 0], [0, 0, 0, 0, 0, 0, 0, 0, 0, 0, 0, 0, 0, 0, 1, 0], [0, 0, 0, 0, 0, 0, 0, 0, 0, 0, 0, 0, 0, 0, 0, 1]]
[[2, 1, 0, 0, -1, 2, 0, 1, -1, 0, -1, -1, -1, 0, 0, 0], [0, 1, 0, 0, 0, 0, 0, 0, 0, 0, 0, 0, 0, 0, 0, 0], [0, 0, 1, 0, 0, 0, 0, 0, 0, 0, 0, 0, 0, 0, 0, 0], [-1, -1, 0, 1, 1, -2, 0, -1, 1, 0, 1, 1, 1, 0, 0, 0], [-1, -1, 0, 0, 2, -2, 0, -1, 1, 0, 1, 1, 1, 0, 0, 0], [-1, -1, 0, 0, 1, -1, 0, -1, 1, 0, 1, 1, 1, 0, 0, 0], [0, 0, 0, 0, 0, 0, 1, 0, 0, 0, 0, 0, 0, 0, 0, 0], [0, 0, 0, 0, 0, 0, 0, 1, 0, 0, 0, 0, 0, 0, 0, 0], [1, 1, 0, 0, -1, 2, 0, 1, 0, 0, -1, -1, -1, 0, 0, 0], [0, 0, 0, 0, 0, 0, 0, 0, 0, 1, 0, 0, 0, 0, 0, 0], [1, 1, 0, 0, -1, 2, 0, 1, -1, 0, 0, -1, -1, 0, 0, 0], [0, 0, 0, 0, 0, 0, 0, 0, 0, 0, 0, 1, 0, 0, 0, 0], [0, 0, 0, 0, 0, 0, 0, 0, 0, 0, 0, 0, 1, 0, 0, 0], [1, 1, 0, 0, -1, 2, 0, 1, -1, 0, -1, -1, -1, 1, 0, 0], [0, 0, 0, 0, 0, 0, 0, 0, 0, 0, 0, 0, 0, 0, 1, 0], [-1, -1, 0, 0, 1, -2, 0, -1, 1, 0, 1, 1, 1, 0, 0, 1]]
[[-2, 0, -1, 0, -4, -1, -4, -1, -4, 2, 0, -2, 0, 0, -2, -2], [0, 0, 0, 0, -1, 1, 0, 0, -1, 0, 0, 0, 1, 0, -1, -1], [0, 0, 1, 0, 1, -1, 0, 0, 1, 0, 0, 0, -1, 0, 1, 1], [1, 0, 0, 0, 4, -1, 2, 0, 3, -1, 0, 2, 0, 0, 2, 2], [-2, -2, -1, -1, 1, -3, -2, -1, 0, 1, 1, -1, -1, -2, 0, 1], [0, 0, 0, 0, 1, 0, 0, 0, 1, 0, 0, 0, -1, 0, 1, 1], [0, 0, 0, 0, 0, 0, 1, 0, 0, 0, 0, 0, 0, 0, 0, 0], [2, 1, 1, 0, 2, 2, 3, 1, 2, -2, 0, 2, 1, 0, 0, 0], [0, 0, 0, 0, -1, 1, 0, 0, 0, 0, 0, 0, 1, 0, -1, -1], [0, 0, 0, 0, 1, 0, 1, 0, 1, 0, 0, 0, 0, 0, 0, 0], [-1, 0, 0, 0, -2, 0, -2, -1, -2, 1, 1, 0, 0, 0, -1, -1], [3, 2, 1, 1, 2, 3, 4, 2, 2, -2, -1, 2, 1, 2, 1, 0], [-1, 0, 0, 0, 0, -1, -1, -1, 0, 0, 0, 0, 0, 0, 0, 0], [-2, -2, -1, -1, -1, -2, -2, -1, -1, 1, 1, -1, 0, -1, -1, 0], [0, 0, 0, 0, 0, 0, 0, 0, 0, 0, 0, 0, 0, 0, 1, 0], [2, 2, 1, 1, 1, 2, 2, 1, 1, -1, -1, 1, 0, 2, 1, 1]]
[[-1, -2, -3, -1, -3, -2, -4, -1, -3, 1, 0, -2, -1, -2, -1, -1], [2, 1, 1, 1, 1, 1, 2, 1, 2, -1, 0, 0, -1, 0, 1, 1], [-1, 0, -1, 0, -2, 0, -2, -1, -2, 1, 0, 0, 1, 0, -1, -2], [-2, 0, 1, 0, 2, -1, 1, -1, 1, 0, 1, 2, 2, 1, 0, 0], [-1, 0, -1, 0, 0, -1, -1, -1, -1, 1, 1, 1, 1, 0, 0, -1], [-1, 0, 0, 0, 1, -1, 0, -1, 0, 1, 1, 1, 1, 0, 0, 0], [2, 2, 1, 0, -2, 4, 1, 2, -1, -1, -2, -1, -1, 1, 0, 0], [0, -1, 2, 0, 4, -1, 3, 1, 4, -1, 1, 1, 0, 0, 1, 2], [0, -1, 0, 0, 1, -2, 0, 0, 1, 0, 0, -1, -1, -1, 0, 1], [1, 0, 0, 0, -1, 1, 0, 1, -1, 0, -1, -1, -1, 0, 0, 0], [0, 0, -2, 0, -3, 0, -3, 0, -3, 1, 0, -2, -1, -1, -1, -1], [1, 0, 3, 0, 4, 1, 4, 1, 4, -2, 0, 2, 0, 1, 1, 2], [-1, -1, -1, 0, 0, -2, -1, -1, 0, 1, 1, 0, 1, -1, 0, 0], [0, 0, -2, 0, -3, 0, -3, 0, -3, 1, -1, -2, -1, 0, -1, -1], [0, 0, 0, 0, 0, 0, 0, 0, 0, 0, 0, 0, 0, 0, 1, 0], [-1, -1, 0, 0, 2, -1, 1, -1, 2, 0, 1, 1, 1, 0, 0, 1]]
[[1, 0, 0, 0, 0, 0, 0, 0, 0, 0, 0, 0, 0, 0, 0, 0], [0, 1, 0, 0, 0, 0, 0, 0, 0, 0, 0, 0, 0, 0, 0, 0], [0, 0, 1, 0, 0, 0, 0, 0, 0, 0, 0, 0, 0, 0, 0, 0], [0, 0, 0, 1, 0, 0, 0, 0, 0, 0, 0, 0, 0, 0, 0, 0], [0, 0, 0, 0, 1, 0, 0, 0, 0, 0, 0, 0, 0, 0, 0, 0], [0, 0, 0, 0, 0, 1, 0, 0, 0, 0, 0, 0, 0, 0, 0, 0], [0, 0, 0, 0, 0, 0, 1, 0, 0, 0, 0, 0, 0, 0, 0, 0], [0, 0, 0, 0, 0, 0, 0, 1, 0, 0, 0, 0, 0, 0, 0, 0], [0, 0, 0, 0, 0, 0, 0, 0, 1, 0, 0, 0, 0, 0, 0, 0], [0, 0, 0, 0, 0, 0, 0, 0, 0, 1, 0, 0, 0, 0, 0, 0], [0, 0, 0, 0, 0, 0, 0, 0, 0, 0, 1, 0, 0, 0, 0, 0], [0, 0, 0, 0, 0, 0, 0, 0, 0, 0, 0, 1, 0, 0, 0, 0], [0, 0, 0, 0, 0, 0, 0, 0, 0, 0, 0, 0, 1, 0, 0, 0], [0, 0, 0, 0, 0, 0, 0, 0, 0, 0, 0, 0, 0, 1, 0, 0], [0, 0, 0, 0, 0, 0, 0, 0, 0, 0, 0, 0, 0, 0, 1, 0], [0, 0, 0, 0, 0, 0, 0, 0, 0, 0, 0, 0, 0, 0, 0, 1]]
[[2, 0, 1, 0, 1, 2, 2, 1, 1, -2, -1, 1, 0, 0, 0, 0], [0, 0, 0, 0, 1, 0, 1, 0, 1, -1, 0, 1, 1, 0, 0, 0], [0, 0, 1, 0, 0, 0, 0, 0, 0, 0, 0, 0, 0, 0, 0, 0], [-2, 0, -1, 0, -2, -2, -3, -1, -2, 2, 0, -2, -1, 1, 0, 0], [-1, -1, 1, 0, 3, -2, 1, -1, 2, -1, 1, 2, 1, 0, 0, 0], [-1, 0, 1, 0, 1, -1, 0, -1, 1, 0, 1, 1, 0, 0, 0, 0], [1, 0, 1, 0, 3, 0, 3, 1, 3, 0, 1, 1, 0, 0, 2, 2], [-1, 0, -3, 0, -5, 0, -4, 0, -5, 2, -1, -3, 0, 0, -2, -2], [1, 1, -1, 0, -2, 2, -1, 0, -2, 0, -1, 0, 0, 0, -1, -1], [0, 0, 0, 0, 0, 0, 0, 0, 0, 1, 0, 0, 0, 0, 0, 0], [1, 0, 1, 0, 1, 2, 2, 1, 1, -2, 0, 1, 0, 0, 0, 0], [-1, 0, -3, 0, -5, 0, -4, 0, -4, 3, -1, -4, -1, 0, -1, -1], [0, 1, 2, 0, 1, 0, 1, 0, 1, -1, 0, 1, 0, 0, 0, 0], [2, 1, 1, 1, 1, 2, 2, 1, 1, -1, 0, 1, 0, 0, 0, 0], [-3, -3, -1, -2, 2, -4, -1, -2, 1, 0, 1, 0, 0, -2, 0, 1], [1, 3, 1, 2, -4, 2, -1, 1, -2, 1, -1, -2, -1, 2, 0, -1]]
[[1, 0, -2, 0, -2, 0, -2, 0, -2, 0, -2, -2, -2, 0, 0, 0], [0, 0, -1, 0, -3, 0, -2, 0, -3, 1, -1, -2, -1, 0, -1, -1], [0, 0, 1, 0, 2, -1, 1, 0, 2, -1, 0, 1, 0, 0, 1, 1], [-1, -2, 1, -1, 3, -1, 2, 0, 3, -1, 2, 2, 2, -1, 1, 1], [-1, -3, 0, -1, 4, -4, 1, -1, 4, -1, 1, 1, 0, -2, 1, 2], [0, -1, 1, 0, 3, -1, 2, 0, 3, -1, 1, 2, 1, 0, 1, 1], [0, 1, 1, 0, 1, 1, 2, 0, 1, 0, 1, 1, 1, 0, 0, 0], [-2, 0, -2, 0, -4, 0, -4, -1, -4, 2, 0, -2, 0, 0, -2, -2], [1, 2, -1, 1, -4, 3, -2, 1, -4, 1, -2, -2, -1, 2, -1, -2], [-1, 0, -1, 0, -1, 0, -1, 0, -1, 1, 0, -1, 0, 1, 0, 0], [1, 0, -1, 0, -1, 0, -1, 0, -1, 0, -1, -1, -2, -1, 0, 0], [-1, 1, 0, 0, -2, 2, -1, 0, -2, 1, 1, 0, 1, 1, -1, -1], [0, -1, -1, 0, -1, -1, -1, 0, -1, 0, -1, -1, 0, 0, 0, 0], [1, 1, 0, 0, 0, 1, 0, 0, 0, 0, -1, 0, -1, 0, 0, 0], [1, 0, 1, 1, 0, 0, 1, 1, 1, 0, 0, -1, -1, 0, 1, 1], [-1, -1, 0, -1, 1, -1, 0, -1, 0, 0, 1, 2, 2, 0, 0, 0]]
[[1, 0, 0, 0, 0, 0, 0, 0, 0, 0, 0, 0, 0, 0, 0, 0], [0, 1, 0, 0, 0, 0, 0, 0, 0, 0, 0, 0, 0, 0, 0, 0], [0, 0, 1, 0, 0, 0, 0, 0, 0, 0, 0, 0, 0, 0, 0, 0], [0, 0, 0, 1, 0, 0, 0, 0, 0, 0, 0, 0, 0, 0, 0, 0], [0, 0, 0, 0, 1, 0, 0, 0, 0, 0, 0, 0, 0, 0, 0, 0], [0, 0, 0, 0, 0, 1, 0, 0, 0, 0, 0, 0, 0, 0, 0, 0], [0, 0, 0, 0, 0, 0, 1, 0, 0, 0, 0, 0, 0, 0, 0, 0], [0, 0, 0, 0, 0, 0, 0, 1, 0, 0, 0, 0, 0, 0, 0, 0], [0, 0, 0, 0, 0, 0, 0, 0, 1, 0, 0, 0, 0, 0, 0, 0], [0, 0, 0, 0, 0, 0, 0, 0, 0, 1, 0, 0, 0, 0, 0, 0], [0, 0, 0, 0, 0, 0, 0, 0, 0, 0, 1, 0, 0, 0, 0, 0], [0, 0, 0, 0, 0, 0, 0, 0, 0, 0, 0, 1, 0, 0, 0, 0], [0, 0, 0, 0, 0, 0, 0, 0, 0, 0, 0, 0, 1, 0, 0, 0], [0, 0, 0, 0, 0, 0, 0, 0, 0, 0, 0, 0, 0, 1, 0, 0], [0, 0, 0, 0, 0, 0, 0, 0, 0, 0, 0, 0, 0, 0, 1, 0], [0, 0, 0, 0, 0, 0, 0, 0, 0, 0, 0, 0, 0, 0, 0, 1]]
[[1, 0, 1, 0, 2, 0, 2, 0, 2, 0, 1, 1, 0, 0, 1, 1], [0, 1, 0, 0, 0, 0, 0, 0, 0, 0, 0, 0, 0, 0, 0, 0], [0, 0, 2, 0, 2, 0, 2, 0, 2, 0, 1, 1, 0, 0, 1, 1], [0, 0, 0, 1, 0, 0, 0, 0, 0, 0, 0, 0, 0, 0, 0, 0], [0, 0, 1, 0, 3, 0, 2, 0, 2, 0, 1, 1, 0, 0, 1, 1], [0, 0, 0, 0, 0, 1, 0, 0, 0, 0, 0, 0, 0, 0, 0, 0], [0, 0, -2, 0, -4, 0, -3, 0, -4, 0, -2, -2, 0, 0, -2, -2], [0, 0, 0, 0, 0, 0, 0, 1, 0, 0, 0, 0, 0, 0, 0, 0], [0, 0, 0, 0, 0, 0, 0, 0, 1, 0, 0, 0, 0, 0, 0, 0], [0, 0, -1, 0, -2, 0, -2, 0, -2, 1, -1, -1, 0, 0, -1, -1], [0, 0, 0, 0, 0, 0, 0, 0, 0, 0, 1, 0, 0, 0, 0, 0], [0, 0, -1, 0, -2, 0, -2, 0, -2, 0, -1, 0, 0, 0, -1, -1], [0, 0, 1, 0, 2, 0, 2, 0, 2, 0, 1, 1, 1, 0, 1, 1], [0, 0, 0, 0, 0, 0, 0, 0, 0, 0, 0, 0, 0, 1, 0, 0], [0, 0, 0, 0, 0, 0, 0, 0, 0, 0, 0, 0, 0, 0, 1, 0], [0, 0, 0, 0, 0, 0, 0, 0, 0, 0, 0, 0, 0, 0, 0, 1]]
[[1, 0, 0, 0, 0, 0, 0, 0, 0, 0, 0, 0, 0, 0, 0, 0], [0, 1, 0, 0, 0, 0, 0, 0, 0, 0, 0, 0, 0, 0, 0, 0], [0, 0, 1, 0, 0, 0, 0, 0, 0, 0, 0, 0, 0, 0, 0, 0], [0, 0, 0, 1, 0, 0, 0, 0, 0, 0, 0, 0, 0, 0, 0, 0], [0, 0, 0, 0, 1, 0, 0, 0, 0, 0, 0, 0, 0, 0, 0, 0], [0, 0, 0, 0, 0, 1, 0, 0, 0, 0, 0, 0, 0, 0, 0, 0], [0, 0, 0, 0, 0, 0, 1, 0, 0, 0, 0, 0, 0, 0, 0, 0], [0, 0, 0, 0, 0, 0, 0, 1, 0, 0, 0, 0, 0, 0, 0, 0], [0, 0, 0, 0, 0, 0, 0, 0, 1, 0, 0, 0, 0, 0, 0, 0], [0, 0, 0, 0, 0, 0, 0, 0, 0, 1, 0, 0, 0, 0, 0, 0], [0, 0, 0, 0, 0, 0, 0, 0, 0, 0, 1, 0, 0, 0, 0, 0], [0, 0, 0, 0, 0, 0, 0, 0, 0, 0, 0, 1, 0, 0, 0, 0], [0, 0, 0, 0, 0, 0, 0, 0, 0, 0, 0, 0, 1, 0, 0, 0], [0, 0, 0, 0, 0, 0, 0, 0, 0, 0, 0, 0, 0, 1, 0, 0], [0, 0, 0, 0, 0, 0, 0, 0, 0, 0, 0, 0, 0, 0, 1, 0], [0, 0, 0, 0, 0, 0, 0, 0, 0, 0, 0, 0, 0, 0, 0, 1]]
[[-1, -1, 3, -1, 6, -2, 4, -1, 5, -1, 3, 4, 2, -1, 1, 2], [-1, -1, 1, -1, 5, -2, 2, -1, 4, -1, 2, 3, 1, -1, 1, 2], [1, 0, 0, 0, 0, 1, 1, 0, 0, 0, 0, 0, 0, 0, 0, 0], [3, 4, -1, 3, -7, 5, -2, 2, -5, 1, -4, -4, -2, 3, -1, -3], [2, 3, 1, 1, -2, 4, 1, 1, -2, 0, -1, 0, 0, 2, 0, -1], [1, 2, -1, 1, -5, 3, -2, 1, -4, 1, -2, -3, -1, 1, -1, -2], [0, -1, -1, 0, -1, -1, -2, 0, -1, 0, -1, -1, -1, 0, 0, 0], [0, 0, 0, 0, 0, 0, 0, 1, 0, 0, 0, 0, 0, 0, 0, 0], [-2, -2, 0, -1, 2, -3, 0, -1, 2, 0, 2, 1, 1, -2, 0, 1], [0, 0, 0, 0, -1, 0, -1, 0, -1, 0, 0, 0, 0, -1, -1, -1], [-2, -1, 1, -1, 3, -2, 1, -1, 2, 0, 2, 2, 2, 0, 0, 1], [-1, -1, -2, 0, -2, -2, -3, 0, -2, 1, -1, -2, -1, -1, -1, -1], [2, 2, 2, 1, 1, 3, 3, 1, 2, -1, 0, 1, 0, 1, 1, 0], [-2, -2, 0, -1, 2, -3, 0, -1, 1, 0, 2, 1, 1, -1, 0, 1], [1, 1, 0, 0, 0, 2, 1, 0, 0, -1, -1, 1, 1, 1, 0, -1], [1, 1, 0, 1, -1, 1, 0, 1, 0, 0, -1, -2, -2, 0, 0, 0]]
[[0, 1, 2, 1, 2, 0, 2, 0, 2, -1, 1, 2, 0, 1, 0, 0], [0, 0, 1, -1, 1, 0, 1, 0, 1, -1, 0, 1, 0, -1, 0, 0], [-1, 1, 1, 1, 0, 0, 0, 0, 0, 1, 1, 0, 0, 1, 0, 0], [-1, -2, -3, -1, -3, 0, -3, 0, -3, 2, -1, -3, 0, 0, 0, 0], [-1, 0, 1, 0, 2, 0, 1, 0, 1, 0, 1, 1, 0, 0, 0, 0], [0, 0, 0, 0, 0, 1, 0, 0, 0, 0, 0, 0, 0, 0, 0, 0], [1, 0, -1, 0, -1, 0, -1, 1, -1, 0, -1, -1, 0, 0, 0, 0], [1, 0, -1, 0, -1, 0, 0, 0, -1, 0, -1, -1, 0, 0, 0, 0], [2, 2, 1, 1, -1, 2, 1, 0, 0, -1, -1, 1, 0, 1, 0, -1], [1, 1, 0, 1, 0, 0, 0, 0, 0, 0, -1, 0, 0, 1, 0, 0], [0, 0, 2, 0, 2, 0, 2, 0, 2, -2, 1, 2, 0, 0, 0, 0], [0, -2, -3, -1, -1, -2, -2, -1, -1, 1, -1, -2, 0, -1, 0, 1], [-1, 0, 1, 0, 1, 0, 1, 0, 1, 0, 1, 1, 1, 0, 0, 0], [1, 1, 2, 1, 2, 0, 2, 0, 2, -1, 1, 2, 0, 0, 0, 0], [-3, -2, -2, -1, -2, -2, -3, -1, -2, 1, 0, -2, 0, -1, -1, -1], [0, -1, -1, -1, -1, 0, -1, 0, -1, 1, 0, -1, 0, -1, 0, 1]]
[[1, 0, 0, 0, 0, 0, 0, 0, 0, 0, 0, 0, 0, 0, 0, 0], [0, 1, 0, 0, 0, 0, 0, 0, 0, 0, 0, 0, 0, 0, 0, 0], [0, 0, 1, 0, 0, 0, 0, 0, 0, 0, 0, 0, 0, 0, 0, 0], [0, 0, 0, 1, 0, 0, 0, 0, 0, 0, 0, 0, 0, 0, 0, 0], [0, 0, 0, 0, 1, 0, 0, 0, 0, 0, 0, 0, 0, 0, 0, 0], [0, 0, 0, 0, 0, 1, 0, 0, 0, 0, 0, 0, 0, 0, 0, 0], [0, 0, 0, 0, 0, 0, 1, 0, 0, 0, 0, 0, 0, 0, 0, 0], [0, 0, 0, 0, 0, 0, 0, 1, 0, 0, 0, 0, 0, 0, 0, 0], [0, 0, 0, 0, 0, 0, 0, 0, 1, 0, 0, 0, 0, 0, 0, 0], [0, 0, 0, 0, 0, 0, 0, 0, 0, 1, 0, 0, 0, 0, 0, 0], [0, 0, 0, 0, 0, 0, 0, 0, 0, 0, 1, 0, 0, 0, 0, 0], [0, 0, 0, 0, 0, 0, 0, 0, 0, 0, 0, 1, 0, 0, 0, 0], [0, 0, 0, 0, 0, 0, 0, 0, 0, 0, 0, 0, 1, 0, 0, 0], [0, 0, 0, 0, 0, 0, 0, 0, 0, 0, 0, 0, 0, 1, 0, 0], [0, 0, 0, 0, 0, 0, 0, 0, 0, 0, 0, 0, 0, 0, 1, 0], [0, 0, 0, 0, 0, 0, 0, 0, 0, 0, 0, 0, 0, 0, 0, 1]]
[[1, 0, 0, 0, 0, 0, 0, 0, 0, 0, 0, 0, 0, 0, 0, 0], [0, 1, 0, 0, 0, 0, 0, 0, 0, 0, 0, 0, 0, 0, 0, 0], [0, 0, 1, 0, 0, 0, 0, 0, 0, 0, 0, 0, 0, 0, 0, 0], [0, 0, 0, 1, 0, 0, 0, 0, 0, 0, 0, 0, 0, 0, 0, 0], [0, 0, 0, 0, 1, 0, 0, 0, 0, 0, 0, 0, 0, 0, 0, 0], [0, 0, 0, 0, 0, 1, 0, 0, 0, 0, 0, 0, 0, 0, 0, 0], [0, 0, 0, 0, 0, 0, 1, 0, 0, 0, 0, 0, 0, 0, 0, 0], [0, 0, 0, 0, 0, 0, 0, 1, 0, 0, 0, 0, 0, 0, 0, 0], [0, 0, 0, 0, 0, 0, 0, 0, 1, 0, 0, 0, 0, 0, 0, 0], [0, 0, 0, 0, 0, 0, 0, 0, 0, 1, 0, 0, 0, 0, 0, 0], [0, 0, 0, 0, 0, 0, 0, 0, 0, 0, 1, 0, 0, 0, 0, 0], [0, 0, 0, 0, 0, 0, 0, 0, 0, 0, 0, 1, 0, 0, 0, 0], [0, 0, 0, 0, 0, 0, 0, 0, 0, 0, 0, 0, 1, 0, 0, 0], [0, 0, 0, 0, 0, 0, 0, 0, 0, 0, 0, 0, 0, 1, 0, 0], [0, 0, 0, 0, 0, 0, 0, 0, 0, 0, 0, 0, 0, 0, 1, 0], [0, 0, 0, 0, 0, 0, 0, 0, 0, 0, 0, 0, 0, 0, 0, 1]]
[[1, 0, 0, 0, 0, 0, 0, 0, 0, 0, 0, 0, 0, 0, 0, 0], [0, 1, 0, 0, 0, 0, 0, 0, 0, 0, 0, 0, 0, 0, 0, 0], [0, 0, 1, 0, 0, 0, 0, 0, 0, 0, 0, 0, 0, 0, 0, 0], [0, 0, 0, 1, 0, 0, 0, 0, 0, 0, 0, 0, 0, 0, 0, 0], [0, 0, 0, 0, 1, 0, 0, 0, 0, 0, 0, 0, 0, 0, 0, 0], [0, 0, 0, 0, 0, 1, 0, 0, 0, 0, 0, 0, 0, 0, 0, 0], [0, 0, 0, 0, 0, 0, 1, 0, 0, 0, 0, 0, 0, 0, 0, 0], [0, 0, 0, 0, 0, 0, 0, 1, 0, 0, 0, 0, 0, 0, 0, 0], [0, 0, 0, 0, 0, 0, 0, 0, 1, 0, 0, 0, 0, 0, 0, 0], [0, 0, 0, 0, 0, 0, 0, 0, 0, 1, 0, 0, 0, 0, 0, 0], [0, 0, 0, 0, 0, 0, 0, 0, 0, 0, 1, 0, 0, 0, 0, 0], [0, 0, 0, 0, 0, 0, 0, 0, 0, 0, 0, 1, 0, 0, 0, 0], [0, 0, 0, 0, 0, 0, 0, 0, 0, 0, 0, 0, 1, 0, 0, 0], [0, 0, 0, 0, 0, 0, 0, 0, 0, 0, 0, 0, 0, 1, 0, 0], [0, 0, 0, 0, 0, 0, 0, 0, 0, 0, 0, 0, 0, 0, 1, 0], [0, 0, 0, 0, 0, 0, 0, 0, 0, 0, 0, 0, 0, 0, 0, 1]]
[[1, 1, 0, 1, -3, 1, -1, 1, -2, 1, -2, -2, 0, 2, 0, -1], [0, 2, 0, 1, -2, 1, -1, 1, -2, 1, -1, -1, 0, 2, 0, -1], [-1, -2, 0, -1, 1, -2, 0, -1, 1, 0, 1, 0, 0, -1, 0, 1], [-1, -3, -1, -1, 4, -3, 1, -2, 3, -1, 3, 2, 0, -3, 0, 2], [-1, -1, -1, 0, -1, -1, -1, -1, -1, 1, 0, -1, 0, 1, 0, 0], [-1, -2, -1, -1, 1, -1, 0, -1, 1, 0, 1, 0, 0, -1, 0, 1], [1, 1, 1, 0, 2, 1, 2, 1, 1, -1, 0, 1, 0, -1, 0, 0], [1, 1, 1, 0, 1, 1, 1, 0, 1, -1, 0, 2, 0, 0, 1, 0], [1, 2, 1, 1, -1, 2, 0, 1, 0, 0, -1, 0, 0, 1, 0, -1], [1, 1, 1, 0, 1, 1, 1, 0, 1, 0, 0, 1, 0, -1, 0, 0], [0, 0, -2, 0, -5, 1, -3, 1, -4, 1, -3, -4, -1, 2, 0, -1], [1, 1, 1, 0, 1, 1, 1, 0, 1, -1, 1, 2, 0, -2, 0, 0], [-1, -2, -1, -1, 2, -2, 0, -1, 1, 0, 1, 1, 1, 0, 0, 1], [1, 2, 1, 1, -2, 2, 0, 1, -1, 0, -2, -1, 0, 2, 0, -1], [0, 0, -2, 0, -4, 1, -3, 0, -4, 1, -1, -2, -1, 1, -1, -1], [-1, -2, 1, -1, 6, -3, 3, -1, 5, -1, 3, 3, 1, -2, 1, 3]]
[[1, 0, 1, 0, 4, 0, 3, 0, 4, -2, 1, 3, 2, 0, 1, 1], [0, 1, 0, 0, 0, 0, 0, 0, 0, 0, 0, 0, 0, 0, 0, 0], [0, 0, 0, 0, 0, 1, 0, 0, 0, -1, 0, 1, 1, 0, -1, -1], [1, 1, 1, 1, -3, 2, -1, 1, -2, 1, -1, -2, -2, 0, -1, -1], [1, 1, 2, 0, 3, 2, 3, 1, 3, -2, 0, 2, 1, 0, 0, 0], [1, 1, 2, 0, 1, 2, 2, 1, 1, -1, 0, 1, 0, 0, 0, 0], [-1, -1, -2, 0, -2, -1, -2, -1, -2, 2, 0, -2, -1, 0, 0, 0], [-1, -1, -2, 0, -3, -2, -3, 0, -3, 2, -1, -3, -1, 0, 0, 0], [0, 0, 0, 0, 0, -1, 0, 0, 0, 0, 0, 0, 0, 1, 1, 1], [0, 0, 0, 0, 0, 0, 0, 0, 0, 1, 0, 0, 0, 1, 1, 1], [0, 0, 2, 0, 5, -1, 4, 0, 5, -2, 2, 3, 2, -1, 1, 1], [-1, -1, -2, 0, -4, -2, -4, -1, -4, 3, -1, -3, -2, 0, 0, 0], [1, 1, 1, 0, 0, 2, 1, 1, 0, -1, 0, 1, 1, 0, -1, -1], [0, 0, 0, 0, 1, 0, 1, 0, 1, -1, 0, 1, 1, 1, 1, 0], [0, 0, 2, 0, 5, -1, 3, 0, 4, -1, 2, 3, 1, -1, 0, 1], [1, 1, -1, 0, -6, 3, -3, 1, -5, 1, -2, -3, -2, 0, -1, -2]]
[[1, 0, 0, 0, 0, 0, 0, 0, 0, 0, 0, 0, 0, 0, 0, 0], [0, 1, 0, 0, 0, 0, 0, 0, 0, 0, 0, 0, 0, 0, 0, 0], [0, 0, 1, 0, 0, 0, 0, 0, 0, 0, 0, 0, 0, 0, 0, 0], [0, 0, 0, 1, 0, 0, 0, 0, 0, 0, 0, 0, 0, 0, 0, 0], [0, 0, 0, 0, 1, 0, 0, 0, 0, 0, 0, 0, 0, 0, 0, 0], [0, 0, 0, 0, 0, 1, 0, 0, 0, 0, 0, 0, 0, 0, 0, 0], [0, 0, 0, 0, 0, 0, 1, 0, 0, 0, 0, 0, 0, 0, 0, 0], [0, 0, 0, 0, 0, 0, 0, 1, 0, 0, 0, 0, 0, 0, 0, 0], [0, 0, 0, 0, 0, 0, 0, 0, 1, 0, 0, 0, 0, 0, 0, 0], [0, 0, 0, 0, 0, 0, 0, 0, 0, 1, 0, 0, 0, 0, 0, 0], [0, 0, 0, 0, 0, 0, 0, 0, 0, 0, 1, 0, 0, 0, 0, 0], [0, 0, 0, 0, 0, 0, 0, 0, 0, 0, 0, 1, 0, 0, 0, 0], [0, 0, 0, 0, 0, 0, 0, 0, 0, 0, 0, 0, 1, 0, 0, 0], [0, 0, 0, 0, 0, 0, 0, 0, 0, 0, 0, 0, 0, 1, 0, 0], [0, 0, 0, 0, 0, 0, 0, 0, 0, 0, 0, 0, 0, 0, 1, 0], [0, 0, 0, 0, 0, 0, 0, 0, 0, 0, 0, 0, 0, 0, 0, 1]]
[[2, 0, 1, 0, 1, 2, 2, 1, 1, -2, -1, 1, 0, 0, 0, 0], [0, 0, 0, 0, 1, 0, 1, 0, 1, -1, 0, 1, 1, 0, 0, 0], [0, 0, 1, 0, 0, 0, 0, 0, 0, 0, 0, 0, 0, 0, 0, 0], [-2, 0, -1, 0, -2, -2, -3, -1, -2, 2, 0, -2, -1, 1, 0, 0], [-1, -1, 1, 0, 3, -2, 1, -1, 2, -1, 1, 2, 1, 0, 0, 0], [-1, 0, 1, 0, 1, -1, 0, -1, 1, 0, 1, 1, 0, 0, 0, 0], [1, 0, 1, 0, 3, 0, 3, 1, 3, 0, 1, 1, 0, 0, 2, 2], [-1, 0, -3, 0, -5, 0, -4, 0, -5, 2, -1, -3, 0, 0, -2, -2], [1, 1, -1, 0, -2, 2, -1, 0, -2, 0, -1, 0, 0, 0, -1, -1], [0, 0, 0, 0, 0, 0, 0, 0, 0, 1, 0, 0, 0, 0, 0, 0], [1, 0, 1, 0, 1, 2, 2, 1, 1, -2, 0, 1, 0, 0, 0, 0], [-1, 0, -3, 0, -5, 0, -4, 0, -4, 3, -1, -4, -1, 0, -1, -1], [0, 1, 2, 0, 1, 0, 1, 0, 1, -1, 0, 1, 0, 0, 0, 0], [2, 1, 1, 1, 1, 2, 2, 1, 1, -1, 0, 1, 0, 0, 0, 0], [-3, -3, -1, -2, 2, -4, -1, -2, 1, 0, 1, 0, 0, -2, 0, 1], [1, 3, 1, 2, -4, 2, -1, 1, -2, 1, -1, -2, -1, 2, 0, -1]]
[[-1, -1, 3, -1, 6, -2, 4, -1, 5, -1, 3, 4, 2, -1, 1, 2], [-1, -1, 1, -1, 5, -2, 2, -1, 4, -1, 2, 3, 1, -1, 1, 2], [1, 0, 0, 0, 0, 1, 1, 0, 0, 0, 0, 0, 0, 0, 0, 0], [3, 4, -1, 3, -7, 5, -2, 2, -5, 1, -4, -4, -2, 3, -1, -3], [2, 3, 1, 1, -2, 4, 1, 1, -2, 0, -1, 0, 0, 2, 0, -1], [1, 2, -1, 1, -5, 3, -2, 1, -4, 1, -2, -3, -1, 1, -1, -2], [0, -1, -1, 0, -1, -1, -2, 0, -1, 0, -1, -1, -1, 0, 0, 0], [0, 0, 0, 0, 0, 0, 0, 1, 0, 0, 0, 0, 0, 0, 0, 0], [-2, -2, 0, -1, 2, -3, 0, -1, 2, 0, 2, 1, 1, -2, 0, 1], [0, 0, 0, 0, -1, 0, -1, 0, -1, 0, 0, 0, 0, -1, -1, -1], [-2, -1, 1, -1, 3, -2, 1, -1, 2, 0, 2, 2, 2, 0, 0, 1], [-1, -1, -2, 0, -2, -2, -3, 0, -2, 1, -1, -2, -1, -1, -1, -1], [2, 2, 2, 1, 1, 3, 3, 1, 2, -1, 0, 1, 0, 1, 1, 0], [-2, -2, 0, -1, 2, -3, 0, -1, 1, 0, 2, 1, 1, -1, 0, 1], [1, 1, 0, 0, 0, 2, 1, 0, 0, -1, -1, 1, 1, 1, 0, -1], [1, 1, 0, 1, -1, 1, 0, 1, 0, 0, -1, -2, -2, 0, 0, 0]]
[[0, -2, -1, -1, 2, -2, 0, -1, 1, 0, 1, 1, 1, -1, 0, 1], [-1, -1, -1, -1, 2, -2, 0, -1, 1, 0, 1, 1, 1, -1, 0, 1], [0, 0, 1, 0, 0, 0, 0, 0, 0, 0, 0, 0, 0, 0, 0, 0], [2, 4, 2, 3, -4, 4, 0, 2, -2, 0, -2, -2, -2, 2, 0, -2], [0, 0, 0, 0, 1, 0, 0, 0, 0, 0, 0, 0, 0, 0, 0, 0], [1, 2, 1, 1, -2, 3, 0, 1, -1, 0, -1, -1, -1, 1, 0, -1], [0, 0, 0, 0, 0, 0, 1, 0, 0, 0, 0, 0, 0, 0, 0, 0], [0, 0, 0, 0, 0, 0, 0, 1, 0, 0, 0, 0, 0, 0, 0, 0], [-1, -2, -1, -1, 2, -2, 0, -1, 2, 0, 1, 1, 1, -1, 0, 1], [0, 0, 0, 0, 0, 0, 0, 0, 0, 1, 0, 0, 0, 0, 0, 0], [-1, -2, -1, -1, 2, -2, 0, -1, 1, 0, 2, 1, 1, -1, 0, 1], [1, 2, 1, 1, -2, 2, 0, 1, -1, 0, -1, 0, -1, 1, 0, -1], [1, 2, 1, 1, -2, 2, 0, 1, -1, 0, -1, -1, 0, 1, 0, -1], [-1, -2, -1, -1, 2, -2, 0, -1, 1, 0, 1, 1, 1, 0, 0, 1], [0, 0, 0, 0, 0, 0, 0, 0, 0, 0, 0, 0, 0, 0, 1, 0], [2, 4, 2, 2, -4, 4, 0, 2, -2, 0, -2, -2, -2, 2, 0, -1]]
[[1, 0, 0, 0, 0, 0, 0, 0, 0, 0, 0, 0, 0, 0, 0, 0], [0, 1, 0, 0, 0, 0, 0, 0, 0, 0, 0, 0, 0, 0, 0, 0], [0, 0, 1, 0, 0, 0, 0, 0, 0, 0, 0, 0, 0, 0, 0, 0], [0, 0, 0, 1, 0, 0, 0, 0, 0, 0, 0, 0, 0, 0, 0, 0], [0, 0, 0, 0, 1, 0, 0, 0, 0, 0, 0, 0, 0, 0, 0, 0], [0, 0, 0, 0, 0, 1, 0, 0, 0, 0, 0, 0, 0, 0, 0, 0], [0, 0, 0, 0, 0, 0, 1, 0, 0, 0, 0, 0, 0, 0, 0, 0], [0, 0, 0, 0, 0, 0, 0, 1, 0, 0, 0, 0, 0, 0, 0, 0], [0, 0, 0, 0, 0, 0, 0, 0, 1, 0, 0, 0, 0, 0, 0, 0], [0, 0, 0, 0, 0, 0, 0, 0, 0, 1, 0, 0, 0, 0, 0, 0], [0, 0, 0, 0, 0, 0, 0, 0, 0, 0, 1, 0, 0, 0, 0, 0], [0, 0, 0, 0, 0, 0, 0, 0, 0, 0, 0, 1, 0, 0, 0, 0], [0, 0, 0, 0, 0, 0, 0, 0, 0, 0, 0, 0, 1, 0, 0, 0], [0, 0, 0, 0, 0, 0, 0, 0, 0, 0, 0, 0, 0, 1, 0, 0], [0, 0, 0, 0, 0, 0, 0, 0, 0, 0, 0, 0, 0, 0, 1, 0], [0, 0, 0, 0, 0, 0, 0, 0, 0, 0, 0, 0, 0, 0, 0, 1]]
[[1, 0, -2, 0, -2, 0, -2, 0, -2, 0, -2, -2, -2, 0, 0, 0], [0, 0, -1, 0, -3, 0, -2, 0, -3, 1, -1, -2, -1, 0, -1, -1], [0, 0, 1, 0, 2, -1, 1, 0, 2, -1, 0, 1, 0, 0, 1, 1], [-1, -2, 1, -1, 3, -1, 2, 0, 3, -1, 2, 2, 2, -1, 1, 1], [-1, -3, 0, -1, 4, -4, 1, -1, 4, -1, 1, 1, 0, -2, 1, 2], [0, -1, 1, 0, 3, -1, 2, 0, 3, -1, 1, 2, 1, 0, 1, 1], [0, 1, 1, 0, 1, 1, 2, 0, 1, 0, 1, 1, 1, 0, 0, 0], [-2, 0, -2, 0, -4, 0, -4, -1, -4, 2, 0, -2, 0, 0, -2, -2], [1, 2, -1, 1, -4, 3, -2, 1, -4, 1, -2, -2, -1, 2, -1, -2], [-1, 0, -1, 0, -1, 0, -1, 0, -1, 1, 0, -1, 0, 1, 0, 0], [1, 0, -1, 0, -1, 0, -1, 0, -1, 0, -1, -1, -2, -1, 0, 0], [-1, 1, 0, 0, -2, 2, -1, 0, -2, 1, 1, 0, 1, 1, -1, -1], [0, -1, -1, 0, -1, -1, -1, 0, -1, 0, -1, -1, 0, 0, 0, 0], [1, 1, 0, 0, 0, 1, 0, 0, 0, 0, -1, 0, -1, 0, 0, 0], [1, 0, 1, 1, 0, 0, 1, 1, 1, 0, 0, -1, -1, 0, 1, 1], [-1, -1, 0, -1, 1, -1, 0, -1, 0, 0, 1, 2, 2, 0, 0, 0]]
[[0, 1, 2, 1, 2, 0, 2, 0, 2, -1, 1, 2, 0, 1, 0, 0], [0, 0, 1, -1, 1, 0, 1, 0, 1, -1, 0, 1, 0, -1, 0, 0], [-1, 1, 1, 1, 0, 0, 0, 0, 0, 1, 1, 0, 0, 1, 0, 0], [-1, -2, -3, -1, -3, 0, -3, 0, -3, 2, -1, -3, 0, 0, 0, 0], [-1, 0, 1, 0, 2, 0, 1, 0, 1, 0, 1, 1, 0, 0, 0, 0], [0, 0, 0, 0, 0, 1, 0, 0, 0, 0, 0, 0, 0, 0, 0, 0], [1, 0, -1, 0, -1, 0, -1, 1, -1, 0, -1, -1, 0, 0, 0, 0], [1, 0, -1, 0, -1, 0, 0, 0, -1, 0, -1, -1, 0, 0, 0, 0], [2, 2, 1, 1, -1, 2, 1, 0, 0, -1, -1, 1, 0, 1, 0, -1], [1, 1, 0, 1, 0, 0, 0, 0, 0, 0, -1, 0, 0, 1, 0, 0], [0, 0, 2, 0, 2, 0, 2, 0, 2, -2, 1, 2, 0, 0, 0, 0], [0, -2, -3, -1, -1, -2, -2, -1, -1, 1, -1, -2, 0, -1, 0, 1], [-1, 0, 1, 0, 1, 0, 1, 0, 1, 0, 1, 1, 1, 0, 0, 0], [1, 1, 2, 1, 2, 0, 2, 0, 2, -1, 1, 2, 0, 0, 0, 0], [-3, -2, -2, -1, -2, -2, -3, -1, -2, 1, 0, -2, 0, -1, -1, -1], [0, -1, -1, -1, -1, 0, -1, 0, -1, 1, 0, -1, 0, -1, 0, 1]]
[[1, 1, 0, 1, 0, 0, 0, 0, 0, 0, 0, 0, 0, 1, 0, 0], [0, 0, 0, -1, 0, 0, 0, 0, 0, 0, 0, 0, 0, -1, 0, 0], [0, 1, 1, 1, 0, 0, 0, 0, 0, 0, 0, 0, 0, 1, 0, 0], [0, -1, 0, 0, 0, 0, 0, 0, 0, 0, 0, 0, 0, -1, 0, 0], [0, 0, 0, 0, 1, 0, 0, 0, 0, 0, 0, 0, 0, 0, 0, 0], [0, 0, 0, 0, 0, 1, 0, 0, 0, 0, 0, 0, 0, 0, 0, 0], [0, 0, 0, 0, 0, 0, 1, 0, 0, 0, 0, 0, 0, 0, 0, 0], [0, 0, 0, 0, 0, 0, 0, 1, 0, 0, 0, 0, 0, 0, 0, 0], [0, 0, 0, 0, 0, 0, 0, 0, 1, 0, 0, 0, 0, 0, 0, 0], [0, 1, 0, 1, 0, 0, 0, 0, 0, 1, 0, 0, 0, 1, 0, 0], [0, 0, 0, 0, 0, 0, 0, 0, 0, 0, 1, 0, 0, 0, 0, 0], [0, 0, 0, 0, 0, 0, 0, 0, 0, 0, 0, 1, 0, 0, 0, 0], [0, 0, 0, 0, 0, 0, 0, 0, 0, 0, 0, 0, 1, 0, 0, 0], [0, 0, 0, 0, 0, 0, 0, 0, 0, 0, 0, 0, 0, 1, 0, 0], [0, 0, 0, 0, 0, 0, 0, 0, 0, 0, 0, 0, 0, 0, 1, 0], [0, -1, 0, -1, 0, 0, 0, 0, 0, 0, 0, 0, 0, -1, 0, 1]]
[[1, 0, 0, 0, 0, 0, 0, 0, 0, 0, 0, 0, 0, 0, 0, 0], [0, 1, 0, 0, 0, 0, 0, 0, 0, 0, 0, 0, 0, 0, 0, 0], [0, 0, 1, 0, 0, 0, 0, 0, 0, 0, 0, 0, 0, 0, 0, 0], [0, 0, 0, 1, 0, 0, 0, 0, 0, 0, 0, 0, 0, 0, 0, 0], [0, 0, 0, 0, 1, 0, 0, 0, 0, 0, 0, 0, 0, 0, 0, 0], [0, 0, 0, 0, 0, 1, 0, 0, 0, 0, 0, 0, 0, 0, 0, 0], [0, 0, 0, 0, 0, 0, 1, 0, 0, 0, 0, 0, 0, 0, 0, 0], [0, 0, 0, 0, 0, 0, 0, 1, 0, 0, 0, 0, 0, 0, 0, 0], [0, 0, 0, 0, 0, 0, 0, 0, 1, 0, 0, 0, 0, 0, 0, 0], [0, 0, 0, 0, 0, 0, 0, 0, 0, 1, 0, 0, 0, 0, 0, 0], [0, 0, 0, 0, 0, 0, 0, 0, 0, 0, 1, 0, 0, 0, 0, 0], [0, 0, 0, 0, 0, 0, 0, 0, 0, 0, 0, 1, 0, 0, 0, 0], [0, 0, 0, 0, 0, 0, 0, 0, 0, 0, 0, 0, 1, 0, 0, 0], [0, 0, 0, 0, 0, 0, 0, 0, 0, 0, 0, 0, 0, 1, 0, 0], [0, 0, 0, 0, 0, 0, 0, 0, 0, 0, 0, 0, 0, 0, 1, 0], [0, 0, 0, 0, 0, 0, 0, 0, 0, 0, 0, 0, 0, 0, 0, 1]]
[[1, 0, 0, 0, 0, 0, 0, 0, 0, 0, 0, 0, 0, 0, 0, 0], [0, 1, 0, 0, 0, 0, 0, 0, 0, 0, 0, 0, 0, 0, 0, 0], [0, 0, 1, 0, 0, 0, 0, 0, 0, 0, 0, 0, 0, 0, 0, 0], [0, 0, 0, 1, 0, 0, 0, 0, 0, 0, 0, 0, 0, 0, 0, 0], [0, 0, 0, 0, 1, 0, 0, 0, 0, 0, 0, 0, 0, 0, 0, 0], [0, 0, 0, 0, 0, 1, 0, 0, 0, 0, 0, 0, 0, 0, 0, 0], [0, 0, 0, 0, 0, 0, 1, 0, 0, 0, 0, 0, 0, 0, 0, 0], [0, 0, 0, 0, 0, 0, 0, 1, 0, 0, 0, 0, 0, 0, 0, 0], [0, 0, 0, 0, 0, 0, 0, 0, 1, 0, 0, 0, 0, 0, 0, 0], [0, 0, 0, 0, 0, 0, 0, 0, 0, 1, 0, 0, 0, 0, 0, 0], [0, 0, 0, 0, 0, 0, 0, 0, 0, 0, 1, 0, 0, 0, 0, 0], [0, 0, 0, 0, 0, 0, 0, 0, 0, 0, 0, 1, 0, 0, 0, 0], [0, 0, 0, 0, 0, 0, 0, 0, 0, 0, 0, 0, 1, 0, 0, 0], [0, 0, 0, 0, 0, 0, 0, 0, 0, 0, 0, 0, 0, 1, 0, 0], [0, 0, 0, 0, 0, 0, 0, 0, 0, 0, 0, 0, 0, 0, 1, 0], [0, 0, 0, 0, 0, 0, 0, 0, 0, 0, 0, 0, 0, 0, 0, 1]]

Generators of monodromy action on conics:
(121,127)(122,128)(165,168)(166,167)(187,191)(188,192)(213,222)(214,221)(225,278)(226,277)(227,283)(228,284)(229,280)(230,279)(235,262)(236,261)(239,253)(240,254)(241,251)(242,252)
(49,87)(50,88)(51,86)(52,85)(53,83)(54,84)(55,81)(56,82)(57,80)(58,79)(59,78)(60,77)(61,76)(62,75)(63,74)(64,73)(65,71)(66,72)(67,69)(68,70)
(9,40)(10,39)(11,37)(12,38)(13,35)(14,36)(15,34)(16,33)(19,30)(20,29)(21,27)(22,28)(53,66)(54,65)(55,67)(56,68)(57,61)(58,62)(59,63)(60,64)(69,81)(70,82)(71,84)(72,83)(73,77)(74,78)(75,79)(76,80)(89,101)(90,102)(91,104)(92,103)(93,97)(94,98)(95,99)(96,100)(105,117)(106,118)(107,119)(108,120)(109,113)(110,114)(111,115)(112,116)(121,167)(122,168)(123,157)(124,158)(125,164)(126,163)(127,166)(128,165)(129,139)(130,140)(131,147)(132,148)(133,162)(134,161)(135,159)(136,160)(137,155)(138,156)(145,150)(146,149)(169,172)(170,171)(173,182)(174,181)(175,220)(176,219)(177,200)(178,199)(179,201)(180,202)(183,215)(184,216)(185,190)(186,189)(187,213)(188,214)(191,222)(192,221)(193,276)(194,275)(195,285)(196,286)(197,203)(198,204)(205,287)(206,288)(207,209)(208,210)(211,281)(212,282)(217,223)(218,224)(225,283)(226,284)(227,278)(228,277)(229,242)(230,241)(233,263)(234,264)(235,253)(236,254)(237,256)(238,255)(239,262)(240,261)(245,271)(246,272)(247,274)(248,273)(251,279)(252,280)(257,268)(258,267)(259,265)(260,266)
(5,90,11,94)(6,89,12,93)(7,91,9,96)(8,92,10,95)(13,108,25,98)(14,107,26,97)(15,106,32,100)(16,105,31,99)(17,110,34,104)(18,109,33,103)(19,85)(20,86)(21,88)(22,87)(23,112,35,102)(24,111,36,101)(27,52)(28,51)(29,49)(30,50)(37,116,43,120)(38,115,44,119)(39,113,41,117)(40,114,42,118)(45,48)(46,47)(53,204,60,155)(54,203,59,156)(55,197,58,150)(56,198,57,149)(61,217,69,193)(62,218,70,194)(63,224,72,195)(64,223,71,196)(65,275,73,189)(66,276,74,190)(67,285,76,186)(68,286,75,185)(77,145,83,181)(78,146,84,182)(79,137,81,173)(80,138,82,174)(133,171,199,153)(134,172,200,154)(135,169,202,152)(136,170,201,151)(139,183,211,157)(140,184,212,158)(141,179,208,162)(142,180,207,161)(143,177,209,159)(144,178,210,160)(147,175,206,164)(148,176,205,163)(165,188,167,191)(166,187,168,192)(225,241,277,252)(226,242,278,251)(231,237,247,267)(232,238,248,268)(233,273,260,250)(234,274,259,249)(235,261)(236,262)(243,257,271,263)(244,258,272,264)(245,255,270,266)(246,256,269,265)
(5,94,11,90)(6,93,12,89)(7,96,9,91)(8,95,10,92)(13,98,25,108)(14,97,26,107)(15,100,32,106)(16,99,31,105)(17,104,34,110)(18,103,33,109)(19,50)(20,49)(21,52)(22,51)(23,102,35,112)(24,101,36,111)(27,88)(28,87)(29,86)(30,85)(37,120,43,116)(38,119,44,115)(39,117,41,113)(40,118,42,114)(45,48)(46,47)(53,145,60,181)(54,146,59,182)(55,137,58,173)(56,138,57,174)(61,285,69,186)(62,286,70,185)(63,276,72,190)(64,275,71,189)(65,223,73,196)(66,224,74,195)(67,217,76,193)(68,218,75,194)(77,204,83,155)(78,203,84,156)(79,197,81,150)(80,198,82,149)(133,152,199,169)(134,151,200,170)(135,153,202,171)(136,154,201,172)(139,157,211,183)(140,158,212,184)(141,159,208,177)(142,160,207,178)(143,162,209,179)(144,161,210,180)(147,164,206,175)(148,163,205,176)(165,191,167,188)(166,192,168,187)(225,252,277,241)(226,251,278,242)(231,260,247,233)(232,259,248,234)(237,250,267,273)(238,249,268,274)(239,254)(240,253)(243,256,271,265)(244,255,272,266)(245,258,270,264)(246,257,269,263)
(1,239)(2,240)(3,254)(4,253)(5,255,15,133)(6,256,16,134)(7,159,35,237)(8,160,36,238)(9,177,23,267)(10,178,24,268)(11,266,32,199)(12,265,31,200)(13,234,42,161)(14,233,41,162)(17,201,37,257)(18,202,38,258)(21,29)(22,30)(25,259,40,180)(26,260,39,179)(33,135,44,264)(34,136,43,263)(45,261)(46,262)(47,236)(48,235)(49,88)(50,87)(55,66,82,71)(56,65,81,72)(57,73,79,63)(58,74,80,64)(89,269,105,172)(90,270,106,171)(91,143,102,247)(92,144,101,248)(93,246,99,154)(94,245,100,153)(95,210,111,232)(96,209,112,231)(97,250,113,208)(98,249,114,207)(103,169,119,244)(104,170,120,243)(107,273,117,141)(108,274,118,142)(109,152,115,272)(110,151,116,271)(121,282,280,219)(122,281,279,220)(123,284,288,221)(124,283,287,222)(125,127,129,229)(126,128,130,230)(131,213,215,227)(132,214,216,228)(137,224,149,189)(138,223,150,190)(139,277,175,191)(140,278,176,192)(147,167,157,241)(148,168,158,242)(163,187,212,226)(164,188,211,225)(165,183,252,206)(166,184,251,205)(173,195,198,275)(174,196,197,276)
