
########################################################
# DATA FOR CRYSTALLOGRAPHIC QUARTIC SURFACE FAMILY 8.3 #
########################################################


##################
# GROUP & FAMILY #
##################

Generators of crystallographic group:
[[1, 0, 0, 0], [0, 1, 0, 0], [0, 0, 0, -1], [0, 0, -1, 0]]
[[1, 0, 0, 0], [0, 1, -1, 0], [0, 0, -1, -1], [0, 0, 1, 0]]

Invariant polynomials:
3*y^4 - 4*y^3*z + 6*y^2*z^2 - 4*y*z^3 + z^4 + 4*y^3*w + 6*y^2*w^2 + 4*y*w^3 + w^4
3*y^4 - 4*y^3*z - 3*y^2*z^2 + 2*y*z^3 + 4*y^3*w - 9*y^2*z*w + z^3*w - 3*y^2*w^2 - 2*y*w^3 + z*w^3
3*x*y^3 - 3*x*y^2*z + 3*x*y*z^2 - x*z^3 + 3*x*y^2*w + 3*x*y*w^2 + x*w^3
-3*y^4 + 4*y^3*z - 4*y^3*w + 6*y^2*z*w + z^2*w^2
-3*y^4 + 4*y^3*z - y^2*z^2 - 4*y^3*w + 5*y^2*z*w - y*z^2*w - y^2*w^2 + y*z*w^2
-2*x*y^3 + 2*x*y^2*z - 2*x*y*z^2 - 2*x*y^2*w - x*z^2*w - 2*x*y*w^2 + x*z*w^2
3*x^2*y^2 - 2*x^2*y*z + x^2*z^2 + 2*x^2*y*w + x^2*w^2
-x*y^3 + x*y^2*z - x*y^2*w + x*y*z*w
-3*x^2*y^2 + 2*x^2*y*z - 2*x^2*y*w + x^2*z*w
3*x^3*y - x^3*z + x^3*w
x^4

Equivalent crystallographic groups:
8.4
8.5

############
# HOMOLOGY #
############


Intersection product:
[[-2, 0, -1, 0, 0, -1, 1, 1, 0, -1, 1, 1, 1, 0, -1, 0, 0, 0, -1, 0, 0, 0], [0, -2, -2, 0, -1, 0, 1, 1, -1, -1, 1, 0, 0, -1, -1, 1, 0, -1, -2, -3, -3, -2], [-1, -2, -4, 1, -1, -1, -1, 0, -1, -4, 0, 1, 1, 1, -1, -1, 0, 0, -3, -3, -4, -3], [0, 0, 1, -2, 0, 0, 3, 2, 0, 3, 2, 0, 0, -2, 0, 2, 0, -1, 1, 0, 1, 1], [0, -1, -1, 0, -2, 0, 1, 1, -1, 0, 1, 0, 0, -1, -1, 1, 0, -1, -1, -2, -2, -1], [-1, 0, -1, 0, 0, -2, 1, 1, 1, -1, 1, 1, 1, 0, 0, 0, 0, 0, -1, 0, 0, 0], [1, 1, -1, 3, 1, 1, -8, -5, 0, -5, -5, -1, -1, 4, 1, -5, -1, 2, -2, 1, -1, -1], [1, 1, 0, 2, 1, 1, -5, -4, 0, -2, -3, -1, -1, 2, 1, -3, -1, 1, -1, 1, 0, 0], [0, -1, -1, 0, -1, 1, 0, 0, -2, 0, 1, 0, 0, -1, -1, 1, 0, -1, -1, -2, -2, -1], [-1, -1, -4, 3, 0, -1, -5, -2, 0, -8, -3, 1, 1, 4, -1, -4, 0, 2, -3, -1, -3, -3], [1, 1, 0, 2, 1, 1, -5, -3, 1, -3, -4, -1, -1, 2, 1, -3, -1, 1, -1, 1, 0, 0], [1, 0, 1, 0, 0, 1, -1, -1, 0, 1, -1, -2, -1, -1, 1, 0, -1, -1, -1, -1, -1, 0], [1, 0, 1, 0, 0, 1, -1, -1, 0, 1, -1, -1, -2, -1, 1, 0, -1, -1, -1, -1, -1, 0], [0, -1, 1, -2, -1, 0, 4, 2, -1, 4, 2, -1, -1, -4, 0, 3, 0, -2, 0, -2, -1, 0], [-1, -1, -1, 0, -1, 0, 1, 1, -1, -1, 1, 1, 1, 0, -2, 1, 1, 0, 0, -1, -1, -1], [0, 1, -1, 2, 1, 0, -5, -3, 1, -4, -3, 0, 0, 3, 1, -4, -1, 1, -2, 1, 0, 0], [0, 0, 0, 0, 0, 0, -1, -1, 0, 0, -1, -1, -1, 0, 1, -1, -2, -1, -2, -1, -1, 0], [0, -1, 0, -1, -1, 0, 2, 1, -1, 2, 1, -1, -1, -2, 0, 1, -1, -2, -1, -2, -2, -1], [-1, -2, -3, 1, -1, -1, -2, -1, -1, -3, -1, -1, -1, 0, 0, -2, -2, -1, -6, -4, -5, -3], [0, -3, -3, 0, -2, 0, 1, 1, -2, -1, 1, -1, -1, -2, -1, 1, -1, -2, -4, -6, -6, -4], [0, -3, -4, 1, -2, 0, -1, 0, -2, -3, 0, -1, -1, -1, -1, 0, -1, -2, -5, -6, -8, -5], [0, -2, -3, 1, -1, 0, -1, 0, -1, -3, 0, 0, 0, 0, -1, 0, 0, -1, -3, -4, -5, -4]]

Basis of the generic Picard lattice:
[1, 0, 0, 0, 0, 0, 0, 0, 0, 0, 0, 0, 1, 0, 2, 3, -3, 0, -1, 5, -5, 0]
[0, 1, 0, 0, 0, 0, 0, 0, 0, 0, 0, 0, 1, 0, 0, 1, -1, 0, 0, 1, -1, 0]
[0, 0, 1, 0, 0, 0, 0, 0, 0, 0, 0, 1, 1, 0, 0, 0, -1, 0, 0, 0, 0, 0]
[0, 0, 0, 1, 0, 0, 0, 0, 0, 0, 0, 0, 0, 0, 1, 2, -2, 0, 0, 2, -2, 0]
[0, 0, 0, 0, 1, 0, 0, 0, 0, 0, 0, 0, 0, 0, 0, 1, -1, 0, 0, 1, -1, 0]
[0, 0, 0, 0, 0, 1, 0, 0, 0, 0, 0, 0, 1, 0, 2, 3, -3, 0, -1, 4, -3, -1]
[0, 0, 0, 0, 0, 0, 1, 0, 0, 0, 0, 0, 1, 0, -1, -4, 2, 0, 1, -4, 3, 0]
[0, 0, 0, 0, 0, 0, 0, 1, 0, 0, 0, 0, 1, 0, 0, -2, 0, 0, 1, -1, 0, 0]
[0, 0, 0, 0, 0, 0, 0, 0, 1, 0, 0, 0, 0, 0, 0, 1, -1, 0, 0, 2, -2, 0]
[0, 0, 0, 0, 0, 0, 0, 0, 0, 1, 0, 1, 1, 0, -1, -3, 1, 0, 1, -3, 2, 0]
[0, 0, 0, 0, 0, 0, 0, 0, 0, 0, 1, 0, 1, 0, 1, -1, -1, 0, 1, 0, -1, 0]
[0, 0, 0, 0, 0, 0, 0, 0, 0, 0, 0, 0, 2, 0, 1, 1, -2, 0, 0, 1, -1, 0]
[0, 0, 0, 0, 0, 0, 0, 0, 0, 0, 0, 0, 0, 1, 1, 2, -1, 0, -1, 1, 0, 0]
[0, 0, 0, 0, 0, 0, 0, 0, 0, 0, 0, 0, 0, 0, 0, 0, 0, 1, 0, -1, 1, 0]

Class of hyperplane section:
[-1, -2, 2, -1, -2, 2, -1, -1, 2, 0, 1, 2, 2, -3, 1, -1, -3, 3, 1, 1, -1, -2]

Action of the group on homology:
[[0, 1, 1, 0, 2, 1, -1, -1, 0, 0, 0, 1, 0, 1, 0, 0, 1, 1, 2, 2, 2, 1], [1, 1, 1, 0, 1, 1, -1, -1, 0, 0, 0, 0, 0, 1, 0, 0, 1, 1, 2, 2, 2, 1], [-1, 0, 0, 0, 1, -1, 1, 1, 0, 0, 2, 2, 2, 1, 0, 0, 1, 1, 2, 2, 2, 1], [1, 0, 0, 0, 0, 1, -1, -1, 0, -1, -1, 0, -1, 0, 0, 0, 0, 0, 0, -1, 0, 0], [1, 0, 0, 0, 1, 1, -1, -1, 0, -1, -1, 0, -1, 0, 0, 0, 0, 0, 0, 0, 0, 0], [-1, 0, 0, 0, 0, -2, 1, 1, 1, 0, 1, 1, 2, 1, 0, 0, 1, 1, 1, 1, 1, 0], [0, 1, 1, 0, 2, 0, 0, 0, 1, 0, 1, 1, 1, 1, 0, 0, 1, 1, 2, 2, 3, 1], [1, 0, -1, 1, 0, 1, -3, -2, 0, -3, -2, 0, -1, 1, 0, -1, 0, 0, -1, -1, -2, -1], [-1, -1, -1, 0, -1, -1, 1, 1, 0, 0, 0, 0, 1, 0, 0, 0, 0, 0, -1, -1, -1, -1], [1, 0, 0, 0, 0, 1, -1, -1, 0, 0, -1, 0, -1, 0, 0, 0, 0, 0, 0, 0, 0, 0], [-1, 0, 0, 0, -1, -1, 1, 1, 0, 0, 0, 0, 1, 0, 0, 0, 0, 0, 0, 0, 0, 0], [0, 0, 1, 0, 1, 0, 0, 0, 0, 1, 1, 1, 1, 1, 0, 0, 1, 1, 2, 2, 2, 1], [-1, 0, 1, -1, 1, -1, 2, 1, 0, 2, 2, 1, 1, 0, 0, 1, 1, 1, 2, 2, 2, 1], [1, 1, 0, 0, 0, 1, -1, -1, 0, 0, -1, -1, -2, -1, 0, -1, -1, -1, -1, 0, 0, 0], [-1, 0, 0, 0, -1, -1, 1, 1, 0, 0, 1, 0, 1, 0, -1, 0, 0, 0, 0, 0, 0, 0], [0, 0, 0, -1, -1, 0, 1, 0, -1, 2, 0, -2, -1, -2, 0, 0, -1, -1, -1, -1, -1, 0], [1, 1, 0, 0, 0, 1, -1, -1, 0, 0, -1, -1, -2, 0, 0, -1, -2, -1, -1, 0, 0, 0], [0, 0, 0, 1, 1, 0, -1, 0, 1, -2, 0, 2, 3, 2, 0, 1, 3, 2, 3, 1, 1, 0], [0, -1, -1, 1, -1, 0, -1, 0, 0, -2, -1, 0, 0, 0, 0, 0, 0, 0, -2, -2, -2, -1], [-1, 0, 0, -1, 0, -1, 1, 1, 0, 1, 1, 0, 1, 0, 0, 0, 0, 0, 0, 0, 0, 0], [0, 0, 0, 0, -1, 0, 1, 0, 0, 1, 0, -1, -1, -1, 0, 0, -1, -1, -1, -1, -1, 0], [1, 0, 0, 0, 0, 1, -1, -1, -1, 0, -1, -1, -2, -1, 0, 0, -1, -1, -1, -1, -1, -1]]
[[2, 1, 1, 0, 1, 2, -1, -1, 1, 0, -1, 0, -1, 0, 1, 1, 1, 0, 2, -1, 0, 0], [1, 1, 0, 0, 1, 1, -1, -1, 1, 0, -1, 0, -1, 0, 1, 0, 0, 0, 0, -1, 0, 0], [0, 0, 0, 0, 1, 0, 0, 0, 1, -1, 0, 1, 1, 1, 1, 0, 0, 0, 1, -1, 0, 0], [0, 1, 1, 0, 1, 0, 0, 0, 1, 1, 0, 0, 0, 0, 0, 0, 1, 1, 1, 2, 2, 1], [1, 1, 1, 0, 0, 1, 0, -1, 0, 2, 0, -1, -1, -1, 0, 1, 1, 0, 1, 0, 0, 0], [-1, -1, -1, 0, 0, -1, 1, 1, 0, -1, 1, 1, 1, 0, 0, -1, -1, 0, -1, 0, 1, 1], [1, 1, 0, 0, 1, 1, -1, -1, 1, -1, -1, 1, 0, 1, 1, 0, 1, 1, 2, 0, 1, 1], [0, 0, 1, -1, 0, 0, 2, 1, 0, 3, 1, -1, -1, -2, 0, 1, 0, -1, 0, 0, 0, 0], [-1, -1, -1, 0, -1, -1, 0, 1, -1, -1, 1, 0, 1, 0, -1, -1, -1, 0, -2, 0, 0, 0], [0, 0, 1, 0, 0, 0, 0, 0, 0, 1, 0, -1, -1, -1, 0, 0, 0, 0, -1, 0, 0, 0], [-1, -1, -1, 0, -1, -1, 1, 1, -1, 0, 1, 0, 1, 0, -1, 0, -1, 0, -1, 0, 0, 0], [0, 0, 0, 0, 1, 0, 0, 0, 1, -1, 0, 1, 0, 0, 1, 0, 0, 0, 0, -1, 0, 0], [1, 0, 0, 1, 1, 1, -2, -1, 1, -2, -1, 1, 0, 1, 1, -1, 0, 0, 0, -1, 0, 0], [1, 0, 0, 0, 0, 1, -1, -1, 0, 0, -1, -1, -1, 0, 0, 1, 1, 0, 0, -1, -2, -1], [-1, -1, -1, 0, 0, -1, 1, 1, 0, -1, 0, 1, 1, 0, 0, 0, 0, 0, 0, 0, 0, 0], [0, -1, -2, 1, 0, 0, -1, 0, 0, -3, 0, 1, 1, 1, -1, 0, 1, 0, -1, -1, -2, -2], [1, 1, 1, 0, 0, 1, -1, -1, 0, 1, -1, -1, -1, 0, 1, 1, 1, 0, 1, 0, -1, 0], [-2, -1, 0, -1, 0, -1, 3, 2, -1, 1, 2, 1, 1, -1, -1, 0, -1, 0, 0, 0, 2, 1], [-1, 0, 1, -1, -1, -1, 2, 1, -1, 3, 1, -1, 0, -1, -1, 0, -1, 0, 0, 2, 2, 1], [0, -1, -2, 1, 0, 0, -1, 0, 0, -3, 0, 1, 1, 1, 0, -1, 0, 0, -1, -1, -1, -1], [0, 0, 0, 0, 0, -1, 0, 0, 0, 0, 0, 0, 0, 0, 0, 0, 0, 0, 0, 1, 0, 0], [1, 1, 1, 0, 0, 2, -1, -1, 0, 1, -1, -1, -1, 0, 0, 1, 1, 0, 1, 0, -1, 0]]

####################
# ALGEBRAIC CURVES #
####################


There are 164 conics:
[0, -1, 1, -1, 0, 0, -1, 0, 0, 0, 0, 1, 1, -1, 0, 0, -1, 0, 0, 1, -1, 0]
[-1, -1, 1, 0, -2, 2, 0, -1, 2, 0, 1, 1, 1, -2, 1, -1, -2, 3, 1, 0, 0, -2]
[0, -1, 1, -1, 0, 0, -1, 0, 0, 0, 0, 1, 1, -1, 0, 0, -1, 1, 0, 0, 0, 0]
[-1, -1, 1, 0, -2, 2, 0, -1, 2, 0, 1, 1, 1, -2, 1, -1, -2, 2, 1, 1, -1, -2]
[1, 0, 2, -1, 0, 1, 0, 0, 0, 0, 0, 2, 2, -2, 0, -1, -2, 3, 0, 1, -2, -1]
[-2, -2, 0, 0, -2, 1, -1, -1, 2, 0, 1, 0, 0, -1, 1, 0, -1, 0, 1, 0, 1, -1]
[0, -1, 1, -1, -1, 0, -1, 0, 1, 0, 0, 1, 1, -1, 0, 0, -1, 1, 0, 1, -1, 0]
[-1, -1, 1, 0, -1, 2, 0, -1, 1, 0, 1, 1, 1, -2, 1, -1, -2, 2, 1, 0, 0, -2]
[0, -1, 0, 0, 0, 0, -1, 1, 0, 1, -1, 1, 1, 0, 0, 0, -1, 0, 0, 0, 0, 0]
[-1, -1, 2, -1, -2, 2, 0, -2, 2, -1, 2, 1, 1, -3, 1, -1, -2, 3, 1, 1, -1, -2]
[1, -1, 1, 0, 1, 0, 0, 0, 0, 1, -1, 2, 1, -1, -1, -1, -1, 1, 0, 0, -1, 0]
[-2, -1, 1, -1, -3, 2, -1, -1, 2, -1, 2, 0, 1, -2, 2, 0, -2, 2, 1, 1, 0, -2]
[0, -1, 1, -1, -1, 1, -1, 0, 1, 1, 0, 2, 1, -1, 0, -1, -1, 1, 0, 1, -1, -1]
[-1, -1, 1, 0, -1, 1, 0, -1, 1, -1, 1, 0, 1, -2, 1, 0, -2, 2, 1, 0, 0, -1]
[1, 0, 1, 0, 0, 0, 0, 0, 0, 1, -1, 2, 2, -1, -1, -1, -1, 1, 0, 0, -1, 0]
[-2, -2, 1, -1, -2, 2, -1, -1, 2, -1, 2, 0, 0, -2, 2, 0, -2, 2, 1, 1, 0, -2]
[0, -1, 1, -1, -1, 0, -1, 0, 0, 0, 0, 1, 1, -1, 0, -1, 0, 0, 0, 0, 0, 0]
[-1, -1, 1, 0, -1, 2, 0, -1, 2, 0, 1, 1, 1, -2, 1, 0, -3, 3, 1, 1, -1, -2]
[1, 0, 2, 0, 0, 0, 0, 0, -1, 0, 0, 2, 1, -1, 0, -1, -1, 1, 0, 0, -1, 0]
[-2, -2, 0, -1, -2, 2, -1, -1, 3, 0, 1, 0, 1, -2, 1, 0, -2, 2, 1, 1, 0, -2]
[0, -1, 1, 0, 0, 0, -1, 1, 0, 0, 0, 1, 0, -1, 0, -1, -1, 1, 1, 0, -1, 0]
[-1, -1, 1, -1, -2, 2, 0, -2, 2, 0, 1, 1, 2, -2, 1, 0, -2, 2, 0, 1, 0, -2]
[2, 0, 2, 0, 0, 0, 1, 0, -1, 0, -1, 2, 2, -1, 0, -1, -1, 2, -1, 0, -1, 0]
[-3, -2, 0, -1, -2, 2, -2, -1, 3, 0, 2, 0, 0, -2, 1, 0, -2, 1, 2, 1, 0, -2]
[0, -1, 1, 0, -1, 1, 0, -1, 1, 0, 1, 1, 1, -2, 1, -1, -2, 3, 1, 0, -1, -1]
[-1, -1, 1, -1, -1, 1, -1, 0, 1, 0, 0, 1, 1, -1, 0, 0, -1, 0, 0, 1, 0, -1]
[1, 0, 2, -1, 0, 1, 1, -1, 0, 0, 0, 2, 2, -1, 0, -1, -1, 1, -1, 1, -1, -1]
[-2, -2, 0, 0, -2, 1, -2, 0, 2, 0, 1, 0, 0, -2, 1, 0, -2, 2, 2, 0, 0, -1]
[0, -1, 1, -1, 0, 1, 0, 0, 1, 0, 0, 1, 1, -1, 0, -1, -1, 1, 0, 1, -1, -1]
[-1, -1, 1, 0, -2, 1, -1, -1, 1, 0, 1, 1, 1, -2, 1, 0, -2, 2, 1, 0, 0, -1]
[1, 0, 2, 0, 0, 1, 1, 0, 0, 0, -1, 2, 2, -1, 0, 0, -2, 2, -1, 1, -1, -1]
[-2, -2, 0, -1, -2, 1, -2, -1, 2, 0, 2, 0, 0, -2, 1, -1, -1, 1, 2, 0, 0, -1]
[0, -1, 2, -1, -1, 1, 0, 0, 0, -1, 0, 1, 1, -1, 1, 0, -1, 1, -1, 1, 0, -1]
[-1, -1, 0, 0, -1, 1, -1, -1, 2, 1, 1, 1, 1, -2, 0, -1, -2, 2, 2, 0, -1, -1]
[1, 0, 2, 0, 1, 0, 1, 0, -1, -1, 0, 1, 1, -1, 0, -1, -1, 1, 0, 0, -1, 0]
[-2, -2, 0, -1, -3, 2, -2, -1, 3, 1, 1, 1, 1, -2, 1, 0, -2, 2, 1, 1, 0, -2]
[0, 0, 2, -1, -1, 1, 0, 0, 0, -1, 1, 1, 1, -1, 1, -1, -1, 1, 0, 1, -1, -1]
[-1, -2, 0, 0, -1, 1, -1, -1, 2, 1, 0, 1, 1, -2, 0, 0, -2, 2, 1, 0, 0, -1]
[1, 0, 3, -1, -1, 1, 1, -1, 0, -1, 0, 2, 2, -2, 0, -1, -1, 2, -1, 1, -1, -1]
[-2, -2, -1, 0, -1, 1, -2, 0, 2, 1, 1, 0, 0, -1, 1, 0, -2, 1, 2, 0, 0, -1]
[1, 0, 2, 0, 0, 1, 1, 0, -1, 0, -1, 2, 2, -1, 0, -1, -1, 1, -1, 0, 0, -1]
[-2, -2, 0, -1, -2, 1, -2, -1, 3, 0, 2, 0, 0, -2, 1, 0, -2, 2, 2, 1, -1, -1]
[0, -1, 1, 0, 0, 0, 0, 0, 0, 0, 0, 1, 0, 0, 0, -1, 0, -1, 0, 0, 0, 0]
[-1, -1, 1, -1, -2, 2, -1, -1, 2, 0, 1, 1, 2, -3, 1, 0, -3, 4, 1, 1, -1, -2]
[1, 0, 2, 0, -1, 1, 1, 0, 0, 0, -1, 2, 2, -1, 0, -1, -1, 1, -1, 1, -1, -1]
[-2, -2, 0, -1, -1, 1, -2, -1, 2, 0, 2, 0, 0, -2, 1, 0, -2, 2, 2, 0, 0, -1]
[1, 0, 2, 0, 0, 1, 1, 0, 0, 0, 0, 2, 1, -1, 0, -2, -1, 2, 0, 0, -1, -1]
[-2, -2, 0, -1, -2, 1, -2, -1, 2, 0, 1, 0, 1, -2, 1, 1, -2, 1, 1, 1, 0, -1]
[1, 0, 3, 0, -1, 2, 2, -1, 0, -1, 0, 2, 2, -2, 1, -1, -2, 3, -1, 1, -1, -2]
[-2, -2, -1, -1, -1, 0, -3, 0, 2, 1, 1, 0, 0, -1, 0, 0, -1, 0, 2, 0, 0, 0]
[0, -1, 1, -1, -1, 1, -1, -1, 1, 1, 0, 2, 2, -2, 0, 0, -2, 2, 0, 1, -1, -1]
[-1, -1, 1, 0, -1, 1, 0, 0, 1, -1, 1, 0, 0, -1, 1, -1, -1, 1, 1, 0, 0, -1]
[0, 0, 2, 0, -1, 1, 1, -1, 0, -1, 1, 1, 1, -1, 1, -1, -1, 1, 0, 0, 0, -1]
[-1, -2, 0, -1, -1, 1, -2, 0, 2, 1, 0, 1, 1, -2, 0, 0, -2, 2, 1, 1, -1, -1]
[0, -1, 0, 0, 0, 0, -1, 0, 1, 1, 0, 1, 1, -1, 0, 0, -2, 2, 1, 0, -1, 0]
[-1, -1, 2, -1, -2, 2, 0, -1, 1, -1, 1, 1, 1, -2, 1, -1, -1, 1, 0, 1, 0, -2]
[0, 0, 2, 0, -1, 2, 1, -1, 1, 0, 0, 2, 2, -2, 0, -1, -2, 2, 0, 1, -1, -2]
[-1, -2, 0, -1, -1, 0, -2, 0, 1, 0, 1, 0, 0, -1, 1, 0, -1, 1, 1, 0, 0, 0]
[0, -1, 1, 0, 0, 0, -1, 0, 0, 0, 0, 1, 1, -2, 0, 0, -2, 2, 1, 0, -1, 0]
[-1, -1, 1, -1, -2, 2, 0, -1, 2, 0, 1, 1, 1, -1, 1, -1, -1, 1, 0, 1, 0, -2]
[0, -1, 1, 0, 0, 1, 1, -1, 1, 0, 0, 1, 1, -1, 0, -1, -1, 1, 0, 0, 0, -1]
[-1, -1, 1, -1, -2, 1, -2, 0, 1, 0, 1, 1, 1, -2, 1, 0, -2, 2, 1, 1, -1, -1]
[0, -1, 1, -1, -1, 0, -1, -1, 1, 0, 1, 1, 1, -2, 0, -1, -1, 2, 1, 0, -1, 0]
[-1, -1, 1, 0, -1, 2, 0, 0, 1, 0, 0, 1, 1, -1, 1, 0, -2, 1, 0, 1, 0, -2]
[0, -1, 0, 0, 0, 0, -1, 0, 0, 1, 0, 1, 1, -1, 0, -1, -1, 1, 1, -1, 0, 0]
[-1, -1, 2, -1, -2, 2, 0, -1, 2, -1, 1, 1, 1, -2, 1, 0, -2, 2, 0, 2, -1, -2]
[0, 0, 2, -1, -1, 2, 1, -1, 1, -1, 1, 1, 2, -2, 1, -1, -2, 3, 0, 1, -1, -2]
[-1, -2, 0, 0, -1, 0, -2, 0, 1, 1, 0, 1, 0, -1, 0, 0, -1, 0, 1, 0, 0, 0]
[0, -1, 0, 0, -1, 0, -1, 0, 1, 1, 0, 1, 1, -1, 0, -1, -1, 1, 1, 0, -1, 0]
[-1, -1, 2, -1, -1, 2, 0, -1, 1, -1, 1, 1, 1, -2, 1, 0, -2, 2, 0, 1, 0, -2]
[0, -1, 1, 0, -1, 1, -1, 0, 1, 1, 0, 2, 1, -2, 0, -1, -2, 3, 1, 0, -1, -1]
[-1, -1, 1, -1, -1, 1, 0, -1, 1, -1, 1, 0, 1, -1, 1, 0, -1, 0, 0, 1, 0, -1]
[1, 0, 2, 0, -1, 1, 1, -1, 0, 0, 0, 2, 2, -2, 0, -2, -1, 2, 0, 0, -1, -1]
[-2, -2, 0, -1, -1, 1, -2, 0, 2, 0, 1, 0, 0, -1, 1, 1, -2, 1, 1, 1, 0, -1]
[0, -1, 1, -1, 0, 1, 0, -1, 1, 0, 0, 1, 2, -2, 0, 0, -2, 2, 0, 1, -1, -1]
[-1, -1, 1, 0, -2, 1, -1, 0, 1, 0, 1, 1, 0, -1, 1, -1, -1, 1, 1, 0, 0, -1]
[0, -1, 1, 1, 0, 0, 0, 0, 0, 0, 0, 1, 0, -1, 0, -1, -1, 1, 1, -1, 0, 0]
[-1, -1, 1, -2, -2, 2, -1, -1, 2, 0, 1, 1, 2, -2, 1, 0, -2, 2, 0, 2, -1, -2]
[0, -1, 1, 0, -1, 1, 0, 0, 0, 0, 0, 1, 1, -1, 1, -1, -1, 1, 0, 0, 0, -1]
[-1, -1, 1, -1, -1, 1, -1, -1, 2, 0, 1, 1, 1, -2, 0, 0, -2, 2, 1, 1, -1, -1]
[1, 0, 1, 1, 0, 1, 1, 0, 0, 1, -1, 2, 2, -1, 0, -1, -2, 2, 0, 0, -1, -1]
[-2, -2, 1, -2, -2, 1, -2, -1, 2, -1, 2, 0, 0, -2, 1, 0, -1, 1, 1, 1, 0, -1]
[0, 0, 2, -1, -1, 1, 0, -1, 0, -1, 1, 1, 2, -2, 1, 0, -2, 2, 0, 1, -1, -1]
[-1, -2, 0, 0, -1, 1, -1, 0, 2, 1, 0, 1, 0, -1, 0, -1, -1, 1, 1, 0, 0, -1]
[0, -1, 1, 0, -1, 1, 0, -1, 1, 1, 0, 2, 1, -1, 0, -1, -1, 1, 0, 0, 0, -1]
[-1, -1, 1, -1, -1, 1, -1, 0, 1, -1, 1, 0, 1, -2, 1, 0, -2, 2, 1, 1, -1, -1]
[0, -1, 2, -1, -1, 1, 0, -1, 1, -1, 1, 1, 1, -2, 1, 0, -2, 3, 0, 1, -1, -1]
[-1, -1, 0, 0, -1, 1, -1, 0, 1, 1, 0, 1, 1, -1, 0, -1, -1, 0, 1, 0, 0, -1]
[0, 0, 2, 0, -1, 1, 0, 0, 0, -1, 1, 1, 1, -2, 1, -1, -2, 3, 1, 0, -1, -1]
[-1, -2, 0, -1, -1, 1, -1, -1, 2, 1, 0, 1, 1, -1, 0, 0, -1, 0, 0, 1, 0, -1]
[0, -1, 2, -1, -2, 1, 0, -1, 1, -1, 1, 1, 1, -2, 1, -1, -1, 2, 0, 1, -1, -1]
[-1, -1, 0, 0, 0, 1, -1, 0, 1, 1, 0, 1, 1, -1, 0, 0, -2, 1, 1, 0, 0, -1]
[0, -1, 1, -1, -1, 2, 0, -1, 2, 1, 0, 2, 2, -2, 0, -1, -2, 3, 0, 1, -1, -2]
[-1, -1, 1, 0, -1, 0, -1, 0, 0, -1, 1, 0, 0, -1, 1, 0, -1, 0, 1, 0, 0, 0]
[0, -1, 2, -1, -1, 1, 0, -1, 0, -1, 1, 1, 1, -2, 1, -1, -1, 2, 0, 0, 0, -1]
[-1, -1, 0, 0, -1, 1, -1, 0, 2, 1, 0, 1, 1, -1, 0, 0, -2, 1, 1, 1, -1, -1]
[1, 0, 2, 0, -1, 1, 1, -1, 1, 0, 0, 2, 2, -2, 0, -1, -2, 3, 0, 1, -2, -1]
[-2, -2, 0, -1, -1, 1, -2, 0, 1, 0, 1, 0, 0, -1, 1, 0, -1, 0, 1, 0, 1, -1]
[0, -1, 1, 0, 0, 0, 0, -1, 0, 0, 0, 1, 1, -1, 0, 0, -1, 0, 0, 0, 0, 0]
[-1, -1, 1, -1, -2, 2, -1, 0, 2, 0, 1, 1, 1, -2, 1, -1, -2, 3, 1, 1, -1, -2]
[0, -1, 1, 0, 0, 1, 0, 0, 1, 0, 0, 1, 1, -2, 0, -1, -2, 3, 1, 0, -1, -1]
[-1, -1, 1, -1, -2, 1, -1, -1, 1, 0, 1, 1, 1, -1, 1, 0, -1, 0, 0, 1, 0, -1]
[0, -1, 1, 0, -1, 1, 0, 0, 1, 0, 0, 1, 1, -1, 1, 0, -2, 2, 0, 1, -1, -1]
[-1, -1, 1, -1, -1, 1, -1, -1, 1, 0, 1, 1, 1, -2, 0, -1, -1, 1, 1, 0, 0, -1]
[0, -1, 1, 0, 0, 1, 0, 0, 0, 0, 0, 1, 1, -1, 1, 0, -2, 2, 0, 0, 0, -1]
[-1, -1, 1, -1, -2, 1, -1, -1, 2, 0, 1, 1, 1, -2, 0, -1, -1, 1, 1, 1, -1, -1]
[0, 0, 2, -1, -2, 2, 0, -1, 1, 0, 1, 2, 2, -2, 1, -1, -2, 3, 0, 1, -1, -2]
[-1, -2, 0, 0, 0, 0, -1, 0, 1, 0, 0, 0, 0, -1, 0, 0, -1, 0, 1, 0, 0, 0]
[0, 0, 1, 1, 0, 0, 0, 0, 0, 0, 0, 1, 1, -1, 0, 0, -2, 1, 1, 0, -1, 0]
[-1, -2, 1, -2, -2, 2, -1, -1, 2, 0, 1, 1, 1, -2, 1, -1, -1, 2, 0, 1, 0, -2]
[0, -1, 1, 0, -1, 0, 0, -1, 1, 0, 0, 1, 1, -1, 0, 0, -1, 1, 0, 0, 0, 0]
[-1, -1, 1, -1, -1, 2, -1, 0, 1, 0, 1, 1, 1, -2, 1, -1, -2, 2, 1, 1, -1, -2]
[0, -1, 1, 0, 0, 0, 0, -1, 1, 0, 1, 1, 0, -1, 0, -1, -1, 1, 1, 0, -1, 0]
[-1, -1, 1, -1, -2, 2, -1, 0, 1, 0, 0, 1, 2, -2, 1, 0, -2, 2, 0, 1, 0, -2]
[0, -1, 2, 0, -1, 1, 0, -1, 1, 0, 0, 2, 1, -2, 0, 0, -2, 2, 0, 1, -1, -1]
[-1, -1, 0, -1, -1, 1, -1, 0, 1, 0, 1, 0, 1, -1, 1, -1, -1, 1, 1, 0, 0, -1]
[0, -1, 1, 0, 0, 0, 0, -1, 1, 0, 0, 1, 1, -2, -1, -1, -1, 1, 1, 0, -1, 0]
[-1, -1, 1, -1, -2, 2, -1, 0, 1, 0, 1, 1, 1, -1, 2, 0, -2, 2, 0, 1, 0, -2]
[1, 0, 2, 0, 0, 1, 1, -1, 0, 0, 0, 2, 2, -2, 0, -1, -2, 3, 0, 0, -1, -1]
[-2, -2, 0, -1, -2, 1, -2, 0, 2, 0, 1, 0, 0, -1, 1, 0, -1, 0, 1, 1, 0, -1]
[0, -1, 1, 0, -1, 0, 0, -1, 1, 0, 0, 1, 1, -1, 0, 0, -1, 0, 0, 1, -1, 0]
[-1, -1, 1, -1, -1, 2, -1, 0, 1, 0, 1, 1, 1, -2, 1, -1, -2, 3, 1, 0, 0, -2]
[1, 0, 2, 0, -1, 1, 1, -1, 0, 0, 0, 2, 2, -1, 1, 0, -2, 2, -1, 1, -1, -1]
[-2, -2, 0, -1, -1, 1, -2, 0, 2, 0, 1, 0, 0, -2, 0, -1, -1, 1, 2, 0, 0, -1]
[1, 0, 1, 0, 0, 0, 1, -1, 0, 0, 0, 1, 2, -1, 0, -1, -1, 1, 0, 0, -1, 0]
[-2, -2, 1, -1, -2, 2, -2, 0, 2, 0, 1, 1, 0, -2, 1, 0, -2, 2, 1, 1, 0, -2]
[1, 0, 2, 0, -1, 1, 1, -1, 0, 0, -1, 2, 3, -2, 0, 0, -2, 2, -1, 1, -1, -1]
[-2, -2, 0, -1, -1, 1, -2, 0, 2, 0, 2, 0, -1, -1, 1, -1, -1, 1, 2, 0, 0, -1]
[1, 0, 2, 0, 0, 1, 1, -1, 0, 0, 0, 2, 2, -2, 0, -1, -2, 2, 0, 1, -2, -1]
[-2, -2, 0, -1, -2, 1, -2, 0, 2, 0, 1, 0, 0, -1, 1, 0, -1, 1, 1, 0, 1, -1]
[1, -1, 2, -1, -1, 1, 1, -2, 1, 0, 0, 2, 2, -2, 0, -1, -1, 2, -1, 1, -1, -1]
[-2, -1, 0, 0, -1, 1, -2, 1, 1, 0, 1, 0, 0, -1, 1, 0, -2, 1, 2, 0, 0, -1]
[1, 0, 2, -1, -1, 2, 1, -1, 0, 0, 0, 2, 3, -2, 1, -1, -2, 3, -1, 1, -1, -2]
[-2, -2, 0, 0, -1, 0, -2, 0, 2, 0, 1, 0, -1, -1, 0, 0, -1, 0, 2, 0, 0, 0]
[0, -1, 1, -1, -1, 1, 0, -1, 1, 0, 0, 1, 2, -2, 0, -1, -1, 1, 0, 1, -1, -1]
[-1, -1, 1, 0, -1, 1, -1, 0, 1, 0, 1, 1, 0, -1, 1, 0, -2, 2, 1, 0, 0, -1]
[0, -1, 2, -1, -2, 2, 0, -1, 1, 0, 0, 2, 2, -2, 1, 0, -2, 2, -1, 2, -1, -2]
[-1, -1, 0, 0, 0, 0, -1, 0, 1, 0, 1, 0, 0, -1, 0, -1, -1, 1, 2, -1, 0, 0]
[0, -1, 1, -1, -1, 1, 0, -1, 1, 0, 1, 1, 1, -1, 1, -1, -1, 1, 0, 1, -1, -1]
[-1, -1, 1, 0, -1, 1, -1, 0, 1, 0, 0, 1, 1, -2, 0, 0, -2, 2, 1, 0, 0, -1]
[0, -1, 1, -1, -2, 1, 0, -1, 1, 0, 0, 1, 2, -1, 1, 0, -1, 1, -1, 1, 0, -1]
[-1, -1, 1, 0, 0, 1, -1, 0, 1, 0, 1, 1, 0, -2, 0, -1, -2, 2, 2, 0, -1, -1]
[0, 0, 1, 0, -1, 1, 0, 0, 0, 0, 0, 1, 2, -1, 1, 0, -2, 1, 0, 1, -1, -1]
[-1, -2, 1, -1, -1, 1, -1, -1, 2, 0, 1, 1, 0, -2, 0, -1, -1, 2, 1, 0, 0, -1]
[0, -1, 2, -1, -1, 2, 0, -1, 1, 0, 0, 2, 2, -3, 0, -1, -2, 3, 0, 1, -1, -2]
[-1, -1, 0, 0, -1, 0, -1, 0, 1, 0, 1, 0, 0, 0, 1, 0, -1, 0, 1, 0, 0, 0]
[0, -1, 1, -1, 0, 1, 0, -1, 1, 0, 1, 1, 1, -2, 0, -2, -1, 2, 1, 0, -1, -1]
[-1, -1, 1, 0, -2, 1, -1, 0, 1, 0, 0, 1, 1, -1, 1, 1, -2, 1, 0, 1, 0, -1]
[0, -1, 1, -1, -1, 1, 0, -1, 1, 0, 0, 1, 2, -2, 0, -1, -1, 2, 0, 0, 0, -1]
[-1, -1, 1, 0, -1, 1, -1, 0, 1, 0, 1, 1, 0, -1, 1, 0, -2, 1, 1, 1, -1, -1]
[0, 0, 1, 0, 0, 1, 0, 0, 0, 0, 0, 1, 2, -2, 0, -1, -2, 2, 1, 0, -1, -1]
[-1, -2, 1, -1, -2, 1, -1, -1, 2, 0, 1, 1, 0, -1, 1, 0, -1, 1, 0, 1, 0, -1]
[0, -1, 2, -1, -1, 2, 0, -1, 1, 0, 1, 2, 1, -2, 1, -1, -2, 3, 0, 1, -1, -2]
[-1, -1, 0, 0, -1, 0, -1, 0, 1, 0, 0, 0, 1, -1, 0, 0, -1, 0, 1, 0, 0, 0]
[0, 0, 1, 0, -1, 1, 0, 0, 0, 0, 0, 1, 2, -1, 1, 0, -2, 2, 0, 0, 0, -1]
[-1, -2, 1, -1, -1, 1, -1, -1, 2, 0, 1, 1, 0, -2, 0, -1, -1, 1, 1, 1, -1, -1]
[0, -1, 2, -1, -2, 2, 0, -1, 1, 0, 0, 2, 2, -2, 1, 0, -2, 3, -1, 1, 0, -2]
[-1, -1, 0, 0, 0, 0, -1, 0, 1, 0, 1, 0, 0, -1, 0, -1, -1, 0, 2, 0, -1, 0]
[0, 0, 2, 0, -1, 2, 0, 0, 0, 0, 0, 2, 2, -2, 1, 0, -3, 3, 0, 1, -1, -2]
[-1, -2, 0, -1, -1, 0, -1, -1, 2, 0, 1, 0, 0, -1, 0, -1, 0, 0, 1, 0, 0, 0]
[0, 0, 1, 0, 0, 1, 0, 0, 0, 0, 1, 1, 1, -1, 1, -1, -2, 2, 1, 0, -1, -1]
[-1, -2, 1, -1, -2, 1, -1, -1, 2, 0, 0, 1, 1, -2, 0, 0, -1, 1, 0, 1, 0, -1]
[0, -1, 1, -1, -1, 1, 0, -1, 1, 0, 1, 1, 1, -1, 1, -1, -1, 2, 0, 0, 0, -1]
[-1, -1, 1, 0, -1, 1, -1, 0, 1, 0, 0, 1, 1, -2, 0, 0, -2, 1, 1, 1, -1, -1]

################
# DISCRIMINANT #
################

We did not manage to compute the discriminant.
The restriction of the discriminant to the line we chose had 1 component of degree 1, 2 components of degree 6, and 1 component of degree 21.
The equation of the line we chose is:
(-11*x^4 - 27*x^3*y + 15*x^2*y^2 + 31*x*y^3 + 12*y^4 + 9*x^3*z - 10*x^2*y*z - 31*x*y^2*z - 16*y^3*z + 4*x^2*z^2 + 25*x*y*z^2 + 8*y^2*z^2 - 7*x*z^3 - 14*y*z^3 + 5*z^4 - 9*x^3*w + 10*x^2*y*w + 31*x*y^2*w + 16*y^3*w - x^2*z*w - 6*x*y*z*w - 16*y^2*z*w + 2*x*z^2*w - 13*y*z^2*w + 3*z^3*w + 4*x^2*w^2 + 25*x*y*w^2 + 8*y^2*w^2 - 2*x*z*w^2 + 13*y*z*w^2 - 9*z^2*w^2 + 7*x*w^3 + 14*y*w^3 + 3*z*w^3 + 5*w^4)*t - 41*x^4 - 84*x^3*y - 111*x^2*y^2 + 167*x*y^3 - 429*y^4 + 28*x^3*z + 74*x^2*y*z - 167*x*y^2*z + 572*y^3*z + 31*x^2*z^2 + 157*x*y*z^2 - 664*y^2*z^2 - 95*x*z^3 + 396*y*z^3 - 89*z^4 - 28*x^3*w - 74*x^2*y*w + 167*x*y^2*w - 572*y^3*w + 68*x^2*z*w - 10*x*y*z*w + 194*y^2*z*w - 64*x*z^2*w - 70*y*z^2*w + 20*z^3*w + 31*x^2*w^2 + 157*x*y*w^2 - 664*y^2*w^2 + 64*x*z*w^2 + 70*y*z*w^2 + 4*z^2*w^2 + 95*x*w^3 - 396*y*w^3 + 20*z*w^3 - 89*w^4

#############
# MONODROMY #
#############


Generators of the monodromy group on the second homology group:
[[1, 0, 0, 0, 0, 0, 0, 0, 0, 0, 0, 0, 0, 0, 0, 0, 0, 0, 0, 0, 0, 0], [0, 1, 0, 0, 0, 0, 0, 0, 0, 0, 0, 0, 0, 0, 0, 0, 0, 0, 0, 0, 0, 0], [0, 0, 1, 0, 0, 0, 0, 0, 0, 0, 0, 0, 0, 0, 0, 0, 0, 0, 0, 0, 0, 0], [0, 0, 0, 1, 0, 0, 0, 0, 0, 0, 0, 0, 0, 0, 0, 0, 0, 0, 0, 0, 0, 0], [0, 0, 0, 0, 1, 0, 0, 0, 0, 0, 0, 0, 0, 0, 0, 0, 0, 0, 0, 0, 0, 0], [0, 0, 0, 0, 0, 1, 0, 0, 0, 0, 0, 0, 0, 0, 0, 0, 0, 0, 0, 0, 0, 0], [0, 0, 0, 0, 0, 0, 1, 0, 0, 0, 0, 0, 0, 0, 0, 0, 0, 0, 0, 0, 0, 0], [0, 0, 0, 0, 0, 0, 0, 1, 0, 0, 0, 0, 0, 0, 0, 0, 0, 0, 0, 0, 0, 0], [0, 0, 0, 0, 0, 0, 0, 0, 1, 0, 0, 0, 0, 0, 0, 0, 0, 0, 0, 0, 0, 0], [0, 0, 0, 0, 0, 0, 0, 0, 0, 1, 0, 0, 0, 0, 0, 0, 0, 0, 0, 0, 0, 0], [0, 0, 0, 0, 0, 0, 0, 0, 0, 0, 1, 0, 0, 0, 0, 0, 0, 0, 0, 0, 0, 0], [0, 0, 0, 0, 0, 0, 0, 0, 0, 0, 0, 1, 0, 0, 0, 0, 0, 0, 0, 0, 0, 0], [0, 0, 0, 0, 0, 0, 0, 0, 0, 0, 0, 0, 1, 0, 0, 0, 0, 0, 0, 0, 0, 0], [0, 0, 0, 0, 0, 0, 0, 0, 0, 0, 0, 0, 0, 1, 0, 0, 0, 0, 0, 0, 0, 0], [0, 0, 0, 0, 0, 0, 0, 0, 0, 0, 0, 0, 0, 0, 1, 0, 0, 0, 0, 0, 0, 0], [0, 0, 0, 0, 0, 0, 0, 0, 0, 0, 0, 0, 0, 0, 0, 1, 0, 0, 0, 0, 0, 0], [0, 0, 0, 0, 0, 0, 0, 0, 0, 0, 0, 0, 0, 0, 0, 0, 1, 0, 0, 0, 0, 0], [0, 0, 0, 0, 0, 0, 0, 0, 0, 0, 0, 0, 0, 0, 0, 0, 0, 1, 0, 0, 0, 0], [0, 0, 0, 0, 0, 0, 0, 0, 0, 0, 0, 0, 0, 0, 0, 0, 0, 0, 1, 0, 0, 0], [0, 0, 0, 0, 0, 0, 0, 0, 0, 0, 0, 0, 0, 0, 0, 0, 0, 0, 0, 1, 0, 0], [0, 0, 0, 0, 0, 0, 0, 0, 0, 0, 0, 0, 0, 0, 0, 0, 0, 0, 0, 0, 1, 0], [0, 0, 0, 0, 0, 0, 0, 0, 0, 0, 0, 0, 0, 0, 0, 0, 0, 0, 0, 0, 0, 1]]
[[1, 0, 0, 0, 0, 0, 0, 0, 0, 0, 0, 0, 0, 0, 0, 0, 0, 0, 0, 0, 0, 0], [0, 1, 0, 0, 0, 0, 0, 0, 0, 0, 0, 0, 0, 0, 0, 0, 0, 0, 0, 0, 0, 0], [0, 0, 1, 0, 0, 0, 0, 0, 0, 0, 0, 0, 0, 0, 0, 0, 0, 0, 0, 0, 0, 0], [0, 0, 0, 1, 0, 0, 0, 0, 0, 0, 0, 0, 0, 0, 0, 0, 0, 0, 0, 0, 0, 0], [0, 0, 0, 0, 1, 0, 0, 0, 0, 0, 0, 0, 0, 0, 0, 0, 0, 0, 0, 0, 0, 0], [0, 0, 0, 0, 0, 1, 0, 0, 0, 0, 0, 0, 0, 0, 0, 0, 0, 0, 0, 0, 0, 0], [0, 0, 0, 0, 0, 0, 1, 0, 0, 0, 0, 0, 0, 0, 0, 0, 0, 0, 0, 0, 0, 0], [0, 0, 0, 0, 0, 0, 0, 1, 0, 0, 0, 0, 0, 0, 0, 0, 0, 0, 0, 0, 0, 0], [0, 0, 0, 0, 0, 0, 0, 0, 1, 0, 0, 0, 0, 0, 0, 0, 0, 0, 0, 0, 0, 0], [0, 0, 0, 0, 0, 0, 0, 0, 0, 1, 0, 0, 0, 0, 0, 0, 0, 0, 0, 0, 0, 0], [0, 0, 0, 0, 0, 0, 0, 0, 0, 0, 1, 0, 0, 0, 0, 0, 0, 0, 0, 0, 0, 0], [0, 0, 0, 0, 0, 0, 0, 0, 0, 0, 0, 1, 0, 0, 0, 0, 0, 0, 0, 0, 0, 0], [0, 0, 0, 0, 0, 0, 0, 0, 0, 0, 0, 0, 1, 0, 0, 0, 0, 0, 0, 0, 0, 0], [0, 0, 0, 0, 0, 0, 0, 0, 0, 0, 0, 0, 0, 1, 0, 0, 0, 0, 0, 0, 0, 0], [0, 0, 0, 0, 0, 0, 0, 0, 0, 0, 0, 0, 0, 0, 1, 0, 0, 0, 0, 0, 0, 0], [0, 0, 0, 0, 0, 0, 0, 0, 0, 0, 0, 0, 0, 0, 0, 1, 0, 0, 0, 0, 0, 0], [0, 0, 0, 0, 0, 0, 0, 0, 0, 0, 0, 0, 0, 0, 0, 0, 1, 0, 0, 0, 0, 0], [0, 0, 0, 0, 0, 0, 0, 0, 0, 0, 0, 0, 0, 0, 0, 0, 0, 1, 0, 0, 0, 0], [0, 0, 0, 0, 0, 0, 0, 0, 0, 0, 0, 0, 0, 0, 0, 0, 0, 0, 1, 0, 0, 0], [0, 0, 0, 0, 0, 0, 0, 0, 0, 0, 0, 0, 0, 0, 0, 0, 0, 0, 0, 1, 0, 0], [0, 0, 0, 0, 0, 0, 0, 0, 0, 0, 0, 0, 0, 0, 0, 0, 0, 0, 0, 0, 1, 0], [0, 0, 0, 0, 0, 0, 0, 0, 0, 0, 0, 0, 0, 0, 0, 0, 0, 0, 0, 0, 0, 1]]
[[1, 0, 0, 0, 0, 0, 0, 0, 0, 0, 0, 0, 0, 0, 0, 0, 0, 0, 0, 0, 0, 0], [0, 1, 0, 0, 0, 0, 0, 0, 0, 0, 0, 0, 0, 0, 0, 0, 0, 0, 0, 0, 0, 0], [0, 0, 1, 0, 0, 0, 0, 0, 0, 0, 0, 0, 0, 0, 0, 0, 0, 0, 0, 0, 0, 0], [0, 0, 0, 1, 0, 0, 0, 0, 0, 0, 0, 0, 0, 0, 0, 0, 0, 0, 0, 0, 0, 0], [0, 0, 0, 0, 1, 0, 0, 0, 0, 0, 0, 0, 0, 0, 0, 0, 0, 0, 0, 0, 0, 0], [0, 0, 0, 0, 0, 1, 0, 0, 0, 0, 0, 0, 0, 0, 0, 0, 0, 0, 0, 0, 0, 0], [0, 0, 0, 0, 0, 0, 1, 0, 0, 0, 0, 0, 0, 0, 0, 0, 0, 0, 0, 0, 0, 0], [0, 0, 0, 0, 0, 0, 0, 1, 0, 0, 0, 0, 0, 0, 0, 0, 0, 0, 0, 0, 0, 0], [0, 0, 0, 0, 0, 0, 0, 0, 1, 0, 0, 0, 0, 0, 0, 0, 0, 0, 0, 0, 0, 0], [0, 0, 0, 0, 0, 0, 0, 0, 0, 1, 0, 0, 0, 0, 0, 0, 0, 0, 0, 0, 0, 0], [0, 0, 0, 0, 0, 0, 0, 0, 0, 0, 1, 0, 0, 0, 0, 0, 0, 0, 0, 0, 0, 0], [0, 0, 0, 0, 0, 0, 0, 0, 0, 0, 0, 1, 0, 0, 0, 0, 0, 0, 0, 0, 0, 0], [0, 0, 0, 0, 0, 0, 0, 0, 0, 0, 0, 0, 1, 0, 0, 0, 0, 0, 0, 0, 0, 0], [0, 0, 0, 0, 0, 0, 0, 0, 0, 0, 0, 0, 0, 1, 0, 0, 0, 0, 0, 0, 0, 0], [0, 0, 0, 0, 0, 0, 0, 0, 0, 0, 0, 0, 0, 0, 1, 0, 0, 0, 0, 0, 0, 0], [0, 0, 0, 0, 0, 0, 0, 0, 0, 0, 0, 0, 0, 0, 0, 1, 0, 0, 0, 0, 0, 0], [0, 0, 0, 0, 0, 0, 0, 0, 0, 0, 0, 0, 0, 0, 0, 0, 1, 0, 0, 0, 0, 0], [0, 0, 0, 0, 0, 0, 0, 0, 0, 0, 0, 0, 0, 0, 0, 0, 0, 1, 0, 0, 0, 0], [0, 0, 0, 0, 0, 0, 0, 0, 0, 0, 0, 0, 0, 0, 0, 0, 0, 0, 1, 0, 0, 0], [0, 0, 0, 0, 0, 0, 0, 0, 0, 0, 0, 0, 0, 0, 0, 0, 0, 0, 0, 1, 0, 0], [0, 0, 0, 0, 0, 0, 0, 0, 0, 0, 0, 0, 0, 0, 0, 0, 0, 0, 0, 0, 1, 0], [0, 0, 0, 0, 0, 0, 0, 0, 0, 0, 0, 0, 0, 0, 0, 0, 0, 0, 0, 0, 0, 1]]
[[0, 0, 0, 0, 0, 0, 1, 1, 0, 0, 1, 1, 1, 0, -1, 1, 1, 0, 1, 0, 0, 0], [0, 1, 0, 0, 0, 0, 0, 0, 0, 0, 0, 0, 0, 0, 0, 0, 0, 0, 0, 0, 0, 0], [-1, 0, 1, 0, 0, 0, 1, 1, 0, 0, 1, 1, 1, 0, -1, 1, 1, 0, 1, 0, 0, 0], [1, 1, 1, 0, 0, 0, 0, -1, 0, 2, -1, -1, -1, 0, 1, -1, -1, 0, 1, 2, 2, 1], [1, 1, 1, -1, 1, 0, 0, -1, 0, 2, -1, -1, -1, 0, 1, -1, -1, 0, 1, 2, 2, 1], [-1, -1, -1, 1, 0, 1, 0, 1, 0, -2, 1, 1, 1, 0, -1, 1, 1, 0, -1, -2, -2, -1], [-1, 0, 0, 0, 0, 0, 2, 1, 0, 0, 1, 1, 1, 0, -1, 1, 1, 0, 1, 0, 0, 0], [1, 1, 1, -1, 0, 0, 0, 0, 0, 2, -1, -1, -1, 0, 1, -1, -1, 0, 1, 2, 2, 1], [0, -1, -1, 1, 0, 0, -1, 0, 1, -2, 0, 0, 0, 0, 0, 0, 0, 0, -2, -2, -2, -1], [1, 0, 0, 0, 0, 0, -1, -1, 0, 0, -2, -1, -1, 0, 1, -1, -1, 0, 0, 0, 0, 0], [0, 0, 0, 0, 0, 0, 0, 0, 0, 0, 1, 0, 0, 0, 0, 0, 0, 0, 0, 0, 0, 0], [-1, -1, -1, 1, 0, 0, 0, 1, 0, -2, 1, 2, 1, 0, -1, 1, 1, 0, -1, -2, -2, -1], [-1, -1, -1, 1, 0, 0, 0, 1, 0, -2, 1, 1, 2, 0, -1, 1, 1, 0, -1, -2, -2, -1], [1, 1, 1, -1, 0, 0, 0, -1, 0, 1, -2, -1, -1, 1, 1, -1, -1, 0, 2, 2, 2, 1], [-1, 0, 0, 0, 0, 0, 1, 1, 0, 0, 1, 1, 1, 0, 0, 1, 1, 0, 1, 0, 0, 0], [0, 0, 0, 0, 0, 0, 0, 0, 0, 0, 0, 0, 0, 0, 0, 1, 0, 0, 0, 0, 0, 0], [1, 1, 1, -1, 0, 0, 0, -1, 0, 1, -2, -1, -1, 0, 1, -1, 0, 0, 2, 2, 2, 1], [-1, 0, 0, 0, 0, 0, 1, 1, 0, 0, 1, 1, 1, 0, -1, 1, 1, 1, 1, 0, 0, 0], [1, 0, 0, 0, 0, 0, -1, -1, 0, 1, 0, -1, -1, 0, 1, -1, -1, 0, -1, 0, 0, 0], [-1, -1, -1, 1, 0, 0, 0, 1, 0, -2, 1, 1, 1, 0, -1, 1, 1, 0, -1, -1, -2, -1], [0, 0, 0, 0, 0, 0, 0, 0, 0, 0, 0, 0, 0, 0, 0, 0, 0, 0, 0, 0, 1, 0], [1, 1, 1, -1, 0, 0, 0, -1, 0, 2, -1, -1, -1, 0, 1, -1, -1, 0, 1, 2, 2, 2]]
[[1, 0, 0, 0, 0, 0, 0, 0, 0, 0, 0, 0, 0, 0, 0, 0, 0, 0, 0, 0, 0, 0], [1, 1, 1, 0, 0, 1, 0, 0, 0, 1, 0, -1, 0, 0, 0, 0, 0, 0, 1, 1, 1, 1], [0, 0, 1, 0, 0, 0, 0, 0, 0, 0, 0, 0, 0, 0, 0, 0, 0, 0, 0, 0, 0, 0], [0, 0, 0, 1, 0, 0, 0, 0, 0, 0, 0, 0, 0, 0, 0, 0, 0, 0, 0, 0, 0, 0], [0, 0, 0, 0, 1, 0, 0, 0, 0, 0, 0, 0, 0, 0, 0, 0, 0, 0, 0, 0, 0, 0], [0, 0, 0, 0, 0, 1, 0, 0, 0, 0, 0, 0, 0, 0, 0, 0, 0, 0, 0, 0, 0, 0], [0, 0, 0, 0, 0, 0, 1, 0, 0, 0, 0, 0, 0, 0, 0, 0, 0, 0, 0, 0, 0, 0], [0, 0, 0, 0, 0, 0, 0, 1, 0, 0, 0, 0, 0, 0, 0, 0, 0, 0, 0, 0, 0, 0], [0, 0, 0, 0, 0, 0, 0, 0, 1, 0, 0, 0, 0, 0, 0, 0, 0, 0, 0, 0, 0, 0], [0, 0, 0, 0, 0, 0, 0, 0, 0, 1, 0, 0, 0, 0, 0, 0, 0, 0, 0, 0, 0, 0], [0, 0, 0, 0, 0, 0, 0, 0, 0, 0, 1, 0, 0, 0, 0, 0, 0, 0, 0, 0, 0, 0], [1, 0, 1, 0, 0, 1, 0, 0, 0, 1, 0, 0, 0, 0, 0, 0, 0, 0, 1, 1, 1, 1], [0, 0, 0, 0, 0, 0, 0, 0, 0, 0, 0, 0, 1, 0, 0, 0, 0, 0, 0, 0, 0, 0], [-1, 0, -1, 0, 0, -1, 0, 0, 0, -1, 0, 1, 0, 1, 0, 0, 0, 0, -1, -1, -1, -1], [0, 0, 0, 0, 0, 0, 0, 0, 0, 0, 0, 0, 0, 0, 1, 0, 0, 0, 0, 0, 0, 0], [0, 0, 0, 0, 0, 0, 0, 0, 0, 0, 0, 0, 0, 0, 0, 1, 0, 0, 0, 0, 0, 0], [-1, 0, -1, 0, 0, -1, 0, 0, 0, -1, 0, 1, 0, 0, 0, 0, 1, 0, -1, -1, -1, -1], [1, 0, 1, 0, 0, 1, 0, 0, 0, 1, 0, -1, 0, 0, 0, 0, 0, 1, 1, 1, 1, 1], [0, 0, 0, 0, 0, 0, 0, 0, 0, 0, 0, 0, 0, 0, 0, 0, 0, 0, 1, 0, 0, 0], [0, 0, 0, 0, 0, 0, 0, 0, 0, 0, 0, 0, 0, 0, 0, 0, 0, 0, 0, 1, 0, 0], [0, 0, 0, 0, 0, 0, 0, 0, 0, 0, 0, 0, 0, 0, 0, 0, 0, 0, 0, 0, 1, 0], [-1, 0, -1, 0, 0, -1, 0, 0, 0, -1, 0, 1, 0, 0, 0, 0, 0, 0, -1, -1, -1, 0]]
[[0, 0, -2, 2, 0, 1, -4, -2, 0, -4, -2, 0, 0, 2, 0, -3, -1, 0, -3, -1, -1, -1], [-1, 1, -1, 1, 0, 0, -2, -1, 0, -2, -1, 0, 0, 1, 0, -2, -1, 0, -2, 0, 0, 0], [-1, 0, 0, 1, 0, 0, -2, -1, 0, -2, -1, 0, 0, 1, 0, -2, -1, 0, -2, 0, 0, 0], [0, 0, 0, 0, 0, 0, 0, 1, 0, 0, 0, 0, 0, 0, 0, 0, 0, 0, 0, 0, 0, 0], [0, 0, -1, 1, 0, 0, -1, 0, 1, -2, -1, 0, 0, 1, 0, -1, 0, 0, -1, -1, -1, -1], [-1, 0, 1, -1, 0, -1, 2, 1, 0, 2, 1, 0, 0, -1, 0, 0, -1, 0, 0, 2, 2, 2], [-1, 0, -1, 0, 0, 0, -1, 0, 0, -2, -1, 0, 0, 1, 0, -2, -1, 0, -2, 0, 0, 0], [0, 0, 0, 1, 0, 0, 0, 0, 0, 0, 0, 0, 0, 0, 0, 0, 0, 0, 0, 0, 0, 0], [0, 0, 1, -1, 1, 0, 1, 0, 0, 2, 1, 0, 0, -1, 0, 1, 0, 0, 1, 1, 1, 1], [0, 0, 0, 0, 0, 0, 0, 0, 0, 1, 0, 0, 0, 0, 0, 0, 0, 0, 0, 0, 0, 0], [0, 0, 1, -1, 0, -1, 2, 1, 0, 2, 2, 0, 0, -1, 0, 1, 0, 0, 1, 1, 1, 1], [-1, 0, -1, 1, 0, 0, -2, -1, 0, -2, -1, 1, 0, 1, 0, -2, -1, 0, -2, 0, 0, 0], [-1, 0, -1, 1, 0, 0, -2, -1, 0, -2, -1, 0, 1, 1, 0, -2, -1, 0, -2, 0, 0, 0], [1, 0, 0, 0, 0, 1, 0, 0, 0, 0, 0, 0, 0, 1, 0, 1, 1, 0, 1, -1, -1, -1], [0, 0, 1, -1, 0, -1, 2, 1, 0, 2, 1, 0, 0, -1, 1, 1, 0, 0, 1, 1, 1, 1], [1, 0, 0, 0, 0, 1, 0, 0, 0, 0, 0, 0, 0, 0, 0, 2, 1, 0, 1, -1, -1, -1], [1, 0, 0, 0, 0, 1, 0, 0, 0, 0, 0, 0, 0, 0, 0, 1, 2, 0, 1, -1, -1, -1], [-2, -1, 0, -1, -1, -2, 2, 1, -1, 2, 1, -1, -1, -2, 0, -1, -3, -1, -3, 0, 0, 1], [0, 0, 1, -1, 0, -1, 2, 1, 0, 2, 1, 0, 0, -1, 0, 1, 0, 0, 2, 1, 1, 1], [0, 0, 1, -1, 0, 0, 2, 1, 0, 2, 1, 0, 0, -1, 0, 1, 0, 0, 1, 1, 2, 1], [1, 0, 0, 0, 0, 0, 0, 0, 0, 0, 0, 0, 0, 0, 0, 1, 1, 0, 1, 0, -1, -1], [1, 0, -1, 1, 0, 2, -2, -1, 0, -2, -1, 0, 0, 1, 0, 0, 1, 0, 0, -2, -2, -1]]
[[1, 0, 0, 0, 0, 0, 0, 0, 0, 0, 0, 0, 0, 0, 0, 0, 0, 0, 0, 0, 0, 0], [0, 1, 0, 0, 0, 0, 0, 0, 0, 0, 0, 0, 0, 0, 0, 0, 0, 0, 0, 0, 0, 0], [0, 0, 1, 0, 0, 0, 0, 0, 0, 0, 0, 0, 0, 0, 0, 0, 0, 0, 0, 0, 0, 0], [0, 0, 0, 1, 0, 0, 0, 0, 0, 0, 0, 0, 0, 0, 0, 0, 0, 0, 0, 0, 0, 0], [0, 0, 0, 0, 1, 0, 0, 0, 0, 0, 0, 0, 0, 0, 0, 0, 0, 0, 0, 0, 0, 0], [0, 0, 0, 0, 0, 1, 0, 0, 0, 0, 0, 0, 0, 0, 0, 0, 0, 0, 0, 0, 0, 0], [0, 0, 0, 0, 0, 0, 1, 0, 0, 0, 0, 0, 0, 0, 0, 0, 0, 0, 0, 0, 0, 0], [0, 0, 0, 0, 0, 0, 0, 1, 0, 0, 0, 0, 0, 0, 0, 0, 0, 0, 0, 0, 0, 0], [0, 0, 0, 0, 0, 0, 0, 0, 1, 0, 0, 0, 0, 0, 0, 0, 0, 0, 0, 0, 0, 0], [0, 0, 0, 0, 0, 0, 0, 0, 0, 1, 0, 0, 0, 0, 0, 0, 0, 0, 0, 0, 0, 0], [0, 0, 0, 0, 0, 0, 0, 0, 0, 0, 1, 0, 0, 0, 0, 0, 0, 0, 0, 0, 0, 0], [0, 0, 0, 0, 0, 0, 0, 0, 0, 0, 0, 1, 0, 0, 0, 0, 0, 0, 0, 0, 0, 0], [0, 0, 0, 0, 0, 0, 0, 0, 0, 0, 0, 0, 1, 0, 0, 0, 0, 0, 0, 0, 0, 0], [0, 0, 0, 0, 0, 0, 0, 0, 0, 0, 0, 0, 0, 1, 0, 0, 0, 0, 0, 0, 0, 0], [0, 0, 0, 0, 0, 0, 0, 0, 0, 0, 0, 0, 0, 0, 1, 0, 0, 0, 0, 0, 0, 0], [0, 0, 0, 0, 0, 0, 0, 0, 0, 0, 0, 0, 0, 0, 0, 1, 0, 0, 0, 0, 0, 0], [0, 0, 0, 0, 0, 0, 0, 0, 0, 0, 0, 0, 0, 0, 0, 0, 1, 0, 0, 0, 0, 0], [0, 0, 0, 0, 0, 0, 0, 0, 0, 0, 0, 0, 0, 0, 0, 0, 0, 1, 0, 0, 0, 0], [0, 0, 0, 0, 0, 0, 0, 0, 0, 0, 0, 0, 0, 0, 0, 0, 0, 0, 1, 0, 0, 0], [0, 0, 0, 0, 0, 0, 0, 0, 0, 0, 0, 0, 0, 0, 0, 0, 0, 0, 0, 1, 0, 0], [0, 0, 0, 0, 0, 0, 0, 0, 0, 0, 0, 0, 0, 0, 0, 0, 0, 0, 0, 0, 1, 0], [0, 0, 0, 0, 0, 0, 0, 0, 0, 0, 0, 0, 0, 0, 0, 0, 0, 0, 0, 0, 0, 1]]
[[1, 0, 0, 0, 0, 0, 0, 0, 0, 0, 0, 0, 0, 0, 0, 0, 0, 0, 0, 0, 0, 0], [1, 1, 1, 0, 0, 0, 0, 0, 0, 1, 0, -1, 0, 0, 0, 0, 0, 0, 1, 1, 1, 0], [0, 0, 1, 0, 0, 0, 0, 0, 0, 0, 0, 0, 0, 0, 0, 0, 0, 0, 0, 0, 0, 0], [0, 0, 0, 1, 0, 0, 0, 0, 0, 0, 0, 0, 0, 0, 0, 0, 0, 0, 0, 0, 0, 0], [0, 0, 0, 0, 1, 0, 0, 0, 0, 0, 0, 0, 0, 0, 0, 0, 0, 0, 0, 0, 0, 0], [1, 0, 1, 0, 0, 1, 0, 0, 0, 1, 0, -1, 0, 0, 0, 0, 0, 0, 1, 1, 1, 0], [1, 0, 1, 0, 0, 0, 1, 0, 0, 1, 0, -1, 0, 0, 0, 0, 0, 0, 1, 1, 1, 0], [0, 0, 0, 0, 0, 0, 0, 1, 0, 0, 0, 0, 0, 0, 0, 0, 0, 0, 0, 0, 0, 0], [0, 0, 0, 0, 0, 0, 0, 0, 1, 0, 0, 0, 0, 0, 0, 0, 0, 0, 0, 0, 0, 0], [0, 0, 0, 0, 0, 0, 0, 0, 0, 1, 0, 0, 0, 0, 0, 0, 0, 0, 0, 0, 0, 0], [0, 0, 0, 0, 0, 0, 0, 0, 0, 0, 1, 0, 0, 0, 0, 0, 0, 0, 0, 0, 0, 0], [1, 0, 1, 0, 0, 0, 0, 0, 0, 1, 0, 0, 0, 0, 0, 0, 0, 0, 1, 1, 1, 0], [0, 0, 0, 0, 0, 0, 0, 0, 0, 0, 0, 0, 1, 0, 0, 0, 0, 0, 0, 0, 0, 0], [-1, 0, -1, 0, 0, 0, 0, 0, 0, -1, 0, 1, 0, 1, 0, 0, 0, 0, -1, -1, -1, 0], [0, 0, 0, 0, 0, 0, 0, 0, 0, 0, 0, 0, 0, 0, 1, 0, 0, 0, 0, 0, 0, 0], [-1, 0, -1, 0, 0, 0, 0, 0, 0, -1, 0, 1, 0, 0, 0, 1, 0, 0, -1, -1, -1, 0], [-1, 0, -1, 0, 0, 0, 0, 0, 0, -1, 0, 1, 0, 0, 0, 0, 1, 0, -1, -1, -1, 0], [2, 0, 2, 0, 0, 0, 0, 0, 0, 2, 0, -2, 0, 0, 0, 0, 0, 1, 2, 2, 2, 0], [0, 0, 0, 0, 0, 0, 0, 0, 0, 0, 0, 0, 0, 0, 0, 0, 0, 0, 1, 0, 0, 0], [0, 0, 0, 0, 0, 0, 0, 0, 0, 0, 0, 0, 0, 0, 0, 0, 0, 0, 0, 1, 0, 0], [-1, 0, -1, 0, 0, 0, 0, 0, 0, -1, 0, 1, 0, 0, 0, 0, 0, 0, -1, -1, 0, 0], [0, 0, 0, 0, 0, 0, 0, 0, 0, 0, 0, 0, 0, 0, 0, 0, 0, 0, 0, 0, 0, 1]]
[[-1, 0, -3, 1, 1, 0, -3, -2, 0, -5, -1, 3, 1, 2, 0, -1, 1, 1, -2, -2, -2, -1], [1, 1, 1, -1, 0, 0, 1, 1, 0, 2, 1, -1, 0, -1, 0, 0, 0, 0, 1, 1, 2, 1], [-2, 0, -2, 1, 1, 0, -3, -2, 0, -5, -1, 3, 1, 2, 0, -1, 1, 1, -2, -2, -2, -1], [1, 0, 1, 0, 0, 0, 1, 1, 0, 2, 1, -1, 0, -1, 0, 0, 0, 0, 1, 1, 2, 1], [0, 0, 0, 0, 1, 0, 0, 0, 0, 0, 0, 0, 0, 0, 0, 0, 0, 0, 0, 0, 0, 0], [2, 0, 3, -2, -1, 1, 3, 2, -1, 6, 2, -3, -1, -3, 0, 1, -1, -1, 2, 2, 3, 2], [0, 0, 0, -1, 0, 0, 1, 0, -1, 1, 1, 0, 0, -1, 0, 0, 0, 0, 0, 0, 1, 1], [0, 0, 0, 0, 0, 0, 0, 1, 0, 0, 0, 0, 0, 0, 0, 0, 0, 0, 0, 0, 0, 0], [1, 0, 2, -1, -1, 0, 2, 1, 0, 4, 1, -2, -1, -2, 0, 1, -1, -1, 1, 1, 1, 1], [0, 0, 0, 0, 0, 0, 0, 0, 0, 1, 0, 0, 0, 0, 0, 0, 0, 0, 0, 0, 0, 0], [2, 0, 3, -1, -1, 0, 3, 2, 0, 5, 2, -3, -1, -2, 0, 1, -1, -1, 2, 2, 2, 1], [1, 0, 1, -1, 0, 0, 1, 1, 0, 2, 1, 0, 0, -1, 0, 0, 0, 0, 1, 1, 2, 1], [-2, 0, -3, 1, 1, 0, -3, -2, 0, -5, -1, 3, 2, 2, 0, -1, 1, 1, -2, -2, -2, -1], [-3, 0, -4, 2, 1, 0, -4, -3, 0, -7, -2, 4, 1, 4, 0, -1, 1, 1, -3, -3, -4, -2], [0, 0, 0, 0, 0, 0, 0, 0, 0, 0, 0, 0, 0, 0, 1, 0, 0, 0, 0, 0, 0, 0], [-1, 0, -2, 1, 1, 0, -2, -1, 1, -4, -1, 2, 1, 2, 0, 0, 1, 1, -1, -1, -1, -1], [-4, 0, -5, 3, 1, 0, -5, -4, 0, -9, -3, 5, 1, 4, 0, -1, 2, 1, -4, -4, -6, -3], [5, 0, 7, -4, -2, 0, 7, 5, -1, 13, 4, -7, -2, -6, 0, 2, -2, -1, 5, 5, 7, 4], [2, 0, 3, -1, -1, 0, 3, 2, 0, 5, 1, -3, -1, -2, 0, 1, -1, -1, 3, 2, 2, 1], [1, 0, 1, -1, 0, 0, 1, 1, 0, 2, 1, -1, 0, -1, 0, 0, 0, 0, 1, 2, 2, 1], [-1, 0, -1, 1, 0, 0, -1, -1, 0, -2, -1, 1, 0, 1, 0, 0, 0, 0, -1, -1, -1, -1], [-2, 0, -3, 2, 1, 0, -3, -2, 1, -6, -2, 3, 1, 3, 0, -1, 1, 1, -2, -2, -3, -1]]
[[1, 0, 0, 0, 0, 0, 0, 0, 0, 0, 0, 0, 0, 0, 0, 0, 0, 0, 0, 0, 0, 0], [0, 1, 0, 0, 0, 0, 0, 0, 0, 0, 0, 0, 0, 0, 0, 0, 0, 0, 0, 0, 0, 0], [0, 0, 1, 0, 0, 0, 0, 0, 0, 0, 0, 0, 0, 0, 0, 0, 0, 0, 0, 0, 0, 0], [0, 0, 0, 1, 0, 0, 0, 0, 0, 0, 0, 0, 0, 0, 0, 0, 0, 0, 0, 0, 0, 0], [0, 0, 0, 0, 1, 0, 0, 0, 0, 0, 0, 0, 0, 0, 0, 0, 0, 0, 0, 0, 0, 0], [0, 0, 0, 0, 0, 1, 0, 0, 0, 0, 0, 0, 0, 0, 0, 0, 0, 0, 0, 0, 0, 0], [0, 0, 0, 0, 0, 0, 1, 0, 0, 0, 0, 0, 0, 0, 0, 0, 0, 0, 0, 0, 0, 0], [0, 0, 0, 0, 0, 0, 0, 1, 0, 0, 0, 0, 0, 0, 0, 0, 0, 0, 0, 0, 0, 0], [0, 0, 0, 0, 0, 0, 0, 0, 1, 0, 0, 0, 0, 0, 0, 0, 0, 0, 0, 0, 0, 0], [0, 0, 0, 0, 0, 0, 0, 0, 0, 1, 0, 0, 0, 0, 0, 0, 0, 0, 0, 0, 0, 0], [0, 0, 0, 0, 0, 0, 0, 0, 0, 0, 1, 0, 0, 0, 0, 0, 0, 0, 0, 0, 0, 0], [0, 0, 0, 0, 0, 0, 0, 0, 0, 0, 0, 1, 0, 0, 0, 0, 0, 0, 0, 0, 0, 0], [0, 0, 0, 0, 0, 0, 0, 0, 0, 0, 0, 0, 1, 0, 0, 0, 0, 0, 0, 0, 0, 0], [0, 0, 0, 0, 0, 0, 0, 0, 0, 0, 0, 0, 0, 1, 0, 0, 0, 0, 0, 0, 0, 0], [0, 0, 0, 0, 0, 0, 0, 0, 0, 0, 0, 0, 0, 0, 1, 0, 0, 0, 0, 0, 0, 0], [0, 0, 0, 0, 0, 0, 0, 0, 0, 0, 0, 0, 0, 0, 0, 1, 0, 0, 0, 0, 0, 0], [0, 0, 0, 0, 0, 0, 0, 0, 0, 0, 0, 0, 0, 0, 0, 0, 1, 0, 0, 0, 0, 0], [0, 0, 0, 0, 0, 0, 0, 0, 0, 0, 0, 0, 0, 0, 0, 0, 0, 1, 0, 0, 0, 0], [0, 0, 0, 0, 0, 0, 0, 0, 0, 0, 0, 0, 0, 0, 0, 0, 0, 0, 1, 0, 0, 0], [0, 0, 0, 0, 0, 0, 0, 0, 0, 0, 0, 0, 0, 0, 0, 0, 0, 0, 0, 1, 0, 0], [0, 0, 0, 0, 0, 0, 0, 0, 0, 0, 0, 0, 0, 0, 0, 0, 0, 0, 0, 0, 1, 0], [0, 0, 0, 0, 0, 0, 0, 0, 0, 0, 0, 0, 0, 0, 0, 0, 0, 0, 0, 0, 0, 1]]
[[1, 1, 0, 1, 0, 1, -3, -2, 0, -2, -2, 0, 0, 2, 0, -1, 0, 1, 0, 0, 0, 0], [0, 1, 0, 0, 0, 0, 0, 0, 0, 0, 0, 0, 0, 0, 0, 0, 0, 0, 0, 0, 0, 0], [0, 0, 1, 0, 0, 0, 0, 0, 0, 0, 0, 0, 0, 0, 0, 0, 0, 0, 0, 0, 0, 0], [0, 0, 0, 1, 0, 0, 0, 0, 0, 0, 0, 0, 0, 0, 0, 0, 0, 0, 0, 0, 0, 0], [1, 1, 0, 1, 0, 1, -2, -1, 0, -1, -1, 0, 0, 1, 0, 0, 1, 1, 1, 0, 0, 0], [0, -1, 0, -1, 0, 0, 3, 2, 0, 2, 2, 0, 0, -2, 0, 1, 0, -1, 0, 0, 0, 0], [0, 1, 0, 1, 0, 1, -2, -2, 0, -2, -2, 0, 0, 2, 0, -1, 0, 1, 0, 0, 0, 0], [0, 0, -1, 1, 0, 0, -2, -1, 0, -2, -1, 0, 0, 1, 0, -1, 0, 0, -1, -1, -2, -1], [0, -1, 1, -2, 0, -1, 5, 4, 1, 4, 3, 0, 0, -3, 0, 2, 0, -1, 1, 1, 2, 1], [0, 0, 0, 0, 0, 0, 0, 0, 0, 1, 0, 0, 0, 0, 0, 0, 0, 0, 0, 0, 0, 0], [0, -1, 1, -2, 0, -1, 5, 4, 0, 4, 4, 0, 0, -3, 0, 2, 0, -1, 1, 1, 2, 1], [0, 0, 0, 0, 0, 0, 0, 0, 0, 0, 0, 1, 0, 0, 0, 0, 0, 0, 0, 0, 0, 0], [0, 0, 0, 0, 0, 0, 0, 0, 0, 0, 0, 0, 1, 0, 0, 0, 0, 0, 0, 0, 0, 0], [0, 1, -1, 2, 0, 1, -5, -4, 0, -4, -3, 0, 0, 4, 0, -2, 0, 1, -1, -1, -2, -1], [-1, 0, -1, 1, 1, 0, -3, -3, 0, -3, -2, 0, 0, 2, 1, -2, -1, 0, -2, -1, -2, -1], [0, 0, -1, 1, 0, 0, -2, -2, 0, -2, -1, 0, 0, 1, 0, 0, 0, 0, -1, -1, -2, -1], [-1, 2, -1, 3, 1, 2, -9, -7, 0, -7, -6, 0, 0, 6, 0, -4, 0, 2, -2, -1, -2, -1], [0, -2, 1, -3, 0, -2, 8, 6, 0, 6, 5, 0, 0, -5, 0, 3, 0, -1, 1, 1, 2, 1], [0, -1, 1, -2, 0, -1, 5, 4, 0, 4, 3, 0, 0, -3, 0, 2, 0, -1, 2, 1, 2, 1], [0, 0, 0, 0, 0, 0, 0, 0, 0, 0, 0, 0, 0, 0, 0, 0, 0, 0, 0, 1, 0, 0], [0, 0, -1, 1, 0, 0, -2, -2, 0, -2, -1, 0, 0, 1, 0, -1, 0, 0, -1, -1, -1, -1], [0, 1, 0, 1, 0, 1, -3, -2, 0, -2, -2, 0, 0, 2, 0, -1, 0, 1, 0, 0, 0, 1]]
[[1, 0, 0, 0, 0, 0, 0, 0, 0, 0, 0, 0, 0, 0, 0, 0, 0, 0, 0, 0, 0, 0], [0, 1, 0, 0, 0, 0, 0, 0, 0, 0, 0, 0, 0, 0, 0, 0, 0, 0, 0, 0, 0, 0], [0, 0, 1, 0, 0, 0, 0, 0, 0, 0, 0, 0, 0, 0, 0, 0, 0, 0, 0, 0, 0, 0], [0, 0, 0, 1, 0, 0, 0, 0, 0, 0, 0, 0, 0, 0, 0, 0, 0, 0, 0, 0, 0, 0], [0, 0, 0, 0, 1, 0, 0, 0, 0, 0, 0, 0, 0, 0, 0, 0, 0, 0, 0, 0, 0, 0], [0, 0, 0, 0, 0, 1, 0, 0, 0, 0, 0, 0, 0, 0, 0, 0, 0, 0, 0, 0, 0, 0], [0, 0, 0, 0, 0, 0, 1, 0, 0, 0, 0, 0, 0, 0, 0, 0, 0, 0, 0, 0, 0, 0], [0, 0, 0, 0, 0, 0, 0, 1, 0, 0, 0, 0, 0, 0, 0, 0, 0, 0, 0, 0, 0, 0], [0, 0, 0, 0, 0, 0, 0, 0, 1, 0, 0, 0, 0, 0, 0, 0, 0, 0, 0, 0, 0, 0], [0, 0, 0, 0, 0, 0, 0, 0, 0, 1, 0, 0, 0, 0, 0, 0, 0, 0, 0, 0, 0, 0], [0, 0, 0, 0, 0, 0, 0, 0, 0, 0, 1, 0, 0, 0, 0, 0, 0, 0, 0, 0, 0, 0], [0, 0, 0, 0, 0, 0, 0, 0, 0, 0, 0, 1, 0, 0, 0, 0, 0, 0, 0, 0, 0, 0], [0, 0, 0, 0, 0, 0, 0, 0, 0, 0, 0, 0, 1, 0, 0, 0, 0, 0, 0, 0, 0, 0], [0, 0, 0, 0, 0, 0, 0, 0, 0, 0, 0, 0, 0, 1, 0, 0, 0, 0, 0, 0, 0, 0], [0, 0, 0, 0, 0, 0, 0, 0, 0, 0, 0, 0, 0, 0, 1, 0, 0, 0, 0, 0, 0, 0], [0, 0, 0, 0, 0, 0, 0, 0, 0, 0, 0, 0, 0, 0, 0, 1, 0, 0, 0, 0, 0, 0], [0, 0, 0, 0, 0, 0, 0, 0, 0, 0, 0, 0, 0, 0, 0, 0, 1, 0, 0, 0, 0, 0], [0, 0, 0, 0, 0, 0, 0, 0, 0, 0, 0, 0, 0, 0, 0, 0, 0, 1, 0, 0, 0, 0], [0, 0, 0, 0, 0, 0, 0, 0, 0, 0, 0, 0, 0, 0, 0, 0, 0, 0, 1, 0, 0, 0], [0, 0, 0, 0, 0, 0, 0, 0, 0, 0, 0, 0, 0, 0, 0, 0, 0, 0, 0, 1, 0, 0], [0, 0, 0, 0, 0, 0, 0, 0, 0, 0, 0, 0, 0, 0, 0, 0, 0, 0, 0, 0, 1, 0], [0, 0, 0, 0, 0, 0, 0, 0, 0, 0, 0, 0, 0, 0, 0, 0, 0, 0, 0, 0, 0, 1]]
[[1, -1, -1, 1, 0, 1, 0, 1, 0, -1, 2, 1, 1, 0, -1, 1, 1, 0, -1, -1, -1, 0], [0, 0, -1, 1, 0, 1, 0, 1, 0, -1, 2, 1, 1, 0, -1, 1, 1, 0, -1, -1, -1, 0], [0, -1, 0, 1, 0, 1, 0, 1, 0, -1, 2, 1, 1, 0, -1, 1, 1, 0, -1, -1, -1, 0], [0, 1, 1, 0, 0, -1, 0, -1, 0, 1, -2, -1, -1, 0, 1, -1, -1, 0, 1, 1, 1, 0], [0, 1, 1, -1, 1, -1, 0, -1, 0, 1, -2, -1, -1, 0, 1, -1, -1, 0, 1, 1, 1, 0], [0, -1, -1, 1, 0, 2, 0, 1, 0, -1, 2, 1, 1, 0, -1, 1, 1, 0, -1, -1, -1, 0], [0, 0, 0, 0, 0, 0, 1, 0, 0, 0, 0, 0, 0, 0, 0, 0, 0, 0, 0, 0, 0, 0], [0, 1, 1, -1, 0, -1, 0, 0, 0, 1, -2, -1, -1, 0, 1, -1, -1, 0, 1, 1, 1, 0], [0, -1, -1, 1, 0, 1, 0, 1, 1, -1, 2, 1, 1, 0, -1, 1, 1, 0, -1, -1, -1, 0], [0, 1, 1, -1, 0, -1, 0, -1, 0, 2, -2, -1, -1, 0, 1, -1, -1, 0, 1, 1, 1, 0], [0, 0, 0, 0, 0, 0, 0, 0, 0, 0, 1, 0, 0, 0, 0, 0, 0, 0, 0, 0, 0, 0], [0, -2, -2, 2, 0, 2, 0, 2, 0, -2, 4, 3, 2, 0, -2, 2, 2, 0, -2, -2, -2, 0], [0, -2, -2, 2, 0, 2, 0, 2, 0, -2, 4, 2, 3, 0, -2, 2, 2, 0, -2, -2, -2, 0], [0, 3, 3, -3, 0, -3, 0, -3, 0, 3, -6, -3, -3, 1, 3, -3, -3, 0, 3, 3, 3, 0], [0, 0, 0, 0, 0, 0, 0, 0, 0, 0, 0, 0, 0, 0, 1, 0, 0, 0, 0, 0, 0, 0], [0, 0, 0, 0, 0, 0, 0, 0, 0, 0, 0, 0, 0, 0, 0, 1, 0, 0, 0, 0, 0, 0], [0, 3, 3, -3, 0, -3, 0, -3, 0, 3, -6, -3, -3, 0, 3, -3, -2, 0, 3, 3, 3, 0], [0, -1, -1, 1, 0, 1, 0, 1, 0, -1, 2, 1, 1, 0, -1, 1, 1, 1, -1, -1, -1, 0], [0, 0, 0, 0, 0, 0, 0, 0, 0, 0, 0, 0, 0, 0, 0, 0, 0, 0, 1, 0, 0, 0], [0, -1, -1, 1, 0, 1, 0, 1, 0, -1, 2, 1, 1, 0, -1, 1, 1, 0, -1, 0, -1, 0], [0, 0, 0, 0, 0, 0, 0, 0, 0, 0, 0, 0, 0, 0, 0, 0, 0, 0, 0, 0, 1, 0], [0, 2, 2, -2, 0, -2, 0, -2, 0, 2, -4, -2, -2, 0, 2, -2, -2, 0, 2, 2, 2, 1]]
[[1, 0, 1, -1, 1, 1, 1, 0, 0, 2, 0, -1, -1, -1, 1, 1, -1, -1, 0, -1, 0, 0], [0, 0, 0, -1, 0, 0, 3, 2, 0, 2, 2, 0, 0, -2, 0, 2, 0, -1, 0, -1, 0, 0], [0, -1, 1, -1, 0, 0, 3, 2, 0, 2, 2, 0, 0, -2, 0, 2, 0, -1, 0, -1, 0, 0], [0, 0, 0, 1, 0, 0, 0, 0, 0, 0, 0, 0, 0, 0, 0, 0, 0, 0, 0, 0, 0, 0], [0, 0, 0, 0, 1, 0, 0, 0, 0, 0, 0, 0, 0, 0, 0, 0, 0, 0, 0, 0, 0, 0], [0, -1, -1, 0, -1, 0, 2, 2, 0, 0, 2, 1, 1, -1, -1, 1, 1, 0, 0, 0, 0, 0], [0, 1, 1, 0, 1, 1, -1, -2, 0, 0, -2, -1, -1, 1, 1, -1, -1, 0, 0, 0, 0, 0], [-1, 0, 0, 0, 0, -1, 0, 0, 0, 0, -1, -1, 0, 0, 0, -1, -1, 0, -1, 0, 0, 0], [1, -1, -1, 0, -1, 0, 2, 3, 1, 0, 3, 2, 1, -1, -1, 2, 2, 0, 1, 0, 0, 0], [0, 0, 0, 0, 0, 0, 0, 0, 0, 1, 0, 0, 0, 0, 0, 0, 0, 0, 0, 0, 0, 0], [0, -1, -1, 0, -1, -1, 2, 2, 0, 0, 3, 1, 1, -1, -1, 1, 1, 0, 0, 0, 0, 0], [0, -1, 0, -1, 0, 0, 3, 2, 0, 2, 2, 1, 0, -2, 0, 2, 0, -1, 0, -1, 0, 0], [1, -1, 0, -1, 0, 1, 3, 3, 0, 2, 3, 1, 1, -2, 0, 3, 1, -1, 1, -1, 0, 0], [-1, 2, 1, 1, 1, 0, -5, -5, 0, -2, -5, -2, -1, 4, 1, -4, -2, 1, -1, 1, 0, 0], [-1, 1, 0, 1, 0, -1, -3, -3, 0, -2, -3, -1, 0, 2, 1, -3, -1, 1, -1, 1, 0, 0], [0, 1, 0, 1, 0, 0, -3, -2, 0, -2, -2, 0, 0, 2, 0, -1, 0, 1, 0, 1, 0, 0], [-1, 3, 2, 1, 2, 1, -7, -7, 0, -2, -7, -3, -2, 4, 2, -5, -2, 1, -1, 1, 0, 0], [0, -2, -1, -1, -1, -1, 5, 4, 0, 2, 4, 1, 1, -3, -1, 3, 1, 0, 0, -1, 0, 0], [0, -1, -1, 0, -1, -1, 2, 2, 0, 0, 2, 1, 1, -1, -1, 1, 1, 0, 1, 0, 0, 0], [0, 0, 0, 0, 0, 0, 0, 0, 0, 0, 0, 0, 0, 0, 0, 0, 0, 0, 0, 1, 0, 0], [0, 1, 0, 1, 0, 0, -3, -2, 0, -2, -2, 0, 0, 2, 0, -2, 0, 1, 0, 1, 1, 0], [0, 1, 1, 0, 1, 1, -2, -2, 0, 0, -2, -1, -1, 1, 1, -1, -1, 0, 0, 0, 0, 1]]
[[1, 0, 0, 0, 0, 0, 0, 0, 0, 0, 0, 0, 0, 0, 0, 0, 0, 0, 0, 0, 0, 0], [0, 1, 0, 0, 0, 0, 0, 0, 0, 0, 0, 0, 0, 0, 0, 0, 0, 0, 0, 0, 0, 0], [0, 0, 1, 0, 0, 0, 0, 0, 0, 0, 0, 0, 0, 0, 0, 0, 0, 0, 0, 0, 0, 0], [0, 0, 0, 1, 0, 0, 0, 0, 0, 0, 0, 0, 0, 0, 0, 0, 0, 0, 0, 0, 0, 0], [0, 0, 0, 0, 1, 0, 0, 0, 0, 0, 0, 0, 0, 0, 0, 0, 0, 0, 0, 0, 0, 0], [0, 0, 0, 0, 0, 1, 0, 0, 0, 0, 0, 0, 0, 0, 0, 0, 0, 0, 0, 0, 0, 0], [0, 0, 0, 0, 0, 0, 1, 0, 0, 0, 0, 0, 0, 0, 0, 0, 0, 0, 0, 0, 0, 0], [0, 0, 0, 0, 0, 0, 0, 1, 0, 0, 0, 0, 0, 0, 0, 0, 0, 0, 0, 0, 0, 0], [0, 0, 0, 0, 0, 0, 0, 0, 1, 0, 0, 0, 0, 0, 0, 0, 0, 0, 0, 0, 0, 0], [0, 0, 0, 0, 0, 0, 0, 0, 0, 1, 0, 0, 0, 0, 0, 0, 0, 0, 0, 0, 0, 0], [0, 0, 0, 0, 0, 0, 0, 0, 0, 0, 1, 0, 0, 0, 0, 0, 0, 0, 0, 0, 0, 0], [0, 0, 0, 0, 0, 0, 0, 0, 0, 0, 0, 1, 0, 0, 0, 0, 0, 0, 0, 0, 0, 0], [0, 0, 0, 0, 0, 0, 0, 0, 0, 0, 0, 0, 1, 0, 0, 0, 0, 0, 0, 0, 0, 0], [0, 0, 0, 0, 0, 0, 0, 0, 0, 0, 0, 0, 0, 1, 0, 0, 0, 0, 0, 0, 0, 0], [0, 0, 0, 0, 0, 0, 0, 0, 0, 0, 0, 0, 0, 0, 1, 0, 0, 0, 0, 0, 0, 0], [0, 0, 0, 0, 0, 0, 0, 0, 0, 0, 0, 0, 0, 0, 0, 1, 0, 0, 0, 0, 0, 0], [0, 0, 0, 0, 0, 0, 0, 0, 0, 0, 0, 0, 0, 0, 0, 0, 1, 0, 0, 0, 0, 0], [0, 0, 0, 0, 0, 0, 0, 0, 0, 0, 0, 0, 0, 0, 0, 0, 0, 1, 0, 0, 0, 0], [0, 0, 0, 0, 0, 0, 0, 0, 0, 0, 0, 0, 0, 0, 0, 0, 0, 0, 1, 0, 0, 0], [0, 0, 0, 0, 0, 0, 0, 0, 0, 0, 0, 0, 0, 0, 0, 0, 0, 0, 0, 1, 0, 0], [0, 0, 0, 0, 0, 0, 0, 0, 0, 0, 0, 0, 0, 0, 0, 0, 0, 0, 0, 0, 1, 0], [0, 0, 0, 0, 0, 0, 0, 0, 0, 0, 0, 0, 0, 0, 0, 0, 0, 0, 0, 0, 0, 1]]
[[0, 0, -1, 1, 0, 1, -3, -2, 0, -4, -4, 0, -1, 1, 1, -1, 0, 0, -1, -1, -2, -1], [0, 1, -1, 1, 0, 1, -3, -2, 0, -3, -3, 0, -1, 1, 1, -1, 0, 0, -1, -1, -2, -1], [-1, 0, -2, 2, 0, 0, -4, -3, 0, -6, -4, 2, 1, 3, 1, -2, 1, 1, 0, 0, -2, -1], [0, 0, 1, 0, 0, 0, 1, 1, 0, 2, 1, -1, -1, -1, 0, 0, -1, -1, -1, 0, 0, 0], [0, 0, -1, 1, 1, 1, -3, -2, 0, -3, -3, 0, -1, 1, 1, -1, 0, 0, -1, -1, -2, -1], [0, -1, 0, -1, -2, -1, 4, 4, 0, 3, 4, -1, 1, -2, -2, 1, -1, -1, -1, -1, 0, 0], [0, 0, -1, 1, -1, 1, -2, -1, 0, -3, -3, 0, -1, 1, 0, -1, 0, 0, -1, -1, -2, -1], [0, 0, 0, 0, 1, 0, 0, 0, 0, 0, 0, 0, 0, 0, 1, 0, 0, 0, 0, 0, 0, 0], [0, 0, 1, -1, 0, -1, 3, 2, 1, 3, 3, 0, 1, -1, -1, 1, 0, 0, 1, 1, 2, 1], [-1, 0, 0, 0, 1, 0, 0, -1, 0, 0, -1, 0, 0, 0, 1, 0, 0, 0, 0, 0, 0, 0], [0, 0, 1, -1, -1, -1, 3, 3, 0, 3, 4, 0, 1, -1, -2, 1, 0, 0, 1, 1, 2, 1], [-1, -1, -1, 0, -1, -1, 1, 1, 0, -1, 0, 0, 0, -1, 0, 0, -1, -1, -2, -2, -2, -1], [0, 0, -1, 1, 0, 1, -3, -2, 0, -3, -3, 0, 0, 1, 1, -1, 0, 0, -1, -1, -2, -1], [0, 1, -1, 2, 2, 2, -5, -5, 0, -5, -5, 2, 0, 4, 2, -1, 2, 2, 2, 1, 0, 0], [0, 0, 1, -1, -1, -1, 3, 3, 0, 3, 3, 0, 1, -1, -1, 1, 0, 0, 1, 1, 2, 1], [1, 0, 0, 0, 0, 0, 0, 0, 0, 1, 1, 0, 0, 0, 0, 1, 0, 0, 0, 0, 0, 0], [0, 1, -1, 2, 2, 2, -5, -5, 0, -5, -5, 2, 0, 3, 2, -1, 3, 2, 2, 1, 0, 0], [-2, -1, 0, -2, -2, -3, 5, 5, 0, 3, 4, -1, 1, -2, -2, 0, -2, -1, -2, 0, 0, 0], [0, 0, 2, -2, 0, -1, 4, 3, 0, 5, 4, -1, 0, -2, -1, 1, -1, -1, 1, 1, 2, 1], [1, -1, 1, -1, -2, -1, 4, 4, 0, 4, 4, -2, 0, -3, -2, 2, -1, -1, -1, -1, 0, 0], [1, 0, 0, 0, 0, 0, 0, 0, 0, 1, 1, 0, 0, 0, 0, 0, 0, 0, 0, 0, 1, 0], [0, 1, 0, 1, 2, 2, -4, -4, 0, -3, -4, 1, -1, 2, 2, -1, 1, 1, 1, 1, 0, 1]]
[[0, 1, 0, 0, 1, -1, -1, -1, 1, -1, -1, 1, 0, 1, 1, -1, 0, 1, 0, 1, 1, 1], [2, 1, 2, -1, 0, 0, 2, 2, 1, 3, 2, -1, 0, -1, 0, 1, 0, 0, 2, 2, 3, 2], [-1, 1, 1, 0, 1, -1, -1, -1, 1, -1, -1, 1, 0, 1, 1, -1, 0, 1, 0, 1, 1, 1], [1, 0, 1, 0, 0, 0, 1, 1, 0, 2, 1, -1, 0, -1, 0, 1, 0, 0, 1, 1, 1, 1], [0, 0, 0, 0, 1, 0, 0, 0, 0, 0, 0, 0, 0, 0, 0, 0, 0, 0, 0, 0, 0, 0], [2, 0, 2, -1, 0, 1, 2, 2, 1, 3, 2, -1, 0, -1, 0, 1, 0, 0, 2, 2, 3, 2], [0, 1, 1, -1, 1, -1, 1, 0, 1, 1, 0, 0, 0, 0, 1, 0, 0, 1, 1, 2, 2, 2], [0, 0, 0, 0, 0, 0, 0, 1, 0, 0, 0, 0, 0, 0, 0, 0, 0, 0, 0, 0, 0, 0], [1, -1, 0, 0, -1, 1, 1, 1, 0, 1, 1, -1, 0, -1, -1, 1, 0, -1, 0, -1, -1, -1], [0, 0, 0, 0, 0, 0, 0, 0, 0, 1, 0, 0, 0, 0, 0, 0, 0, 0, 0, 0, 0, 0], [1, -1, 0, 0, -1, 1, 1, 1, -1, 1, 2, -1, 0, -1, -1, 1, 0, -1, 0, -1, -1, -1], [2, 0, 2, -1, 0, 0, 2, 2, 1, 3, 2, 0, 0, -1, 0, 1, 0, 0, 2, 2, 3, 2], [0, 1, 1, 0, 1, -1, 0, 0, 2, 0, 0, 1, 1, 1, 1, -1, 0, 1, 1, 2, 3, 2], [-4, 1, -3, 1, 1, -1, -4, -4, -1, -5, -4, 2, 0, 3, 1, -2, 0, 1, -3, -2, -4, -2], [0, 0, 0, 0, 0, 0, 0, 0, 0, 0, 0, 0, 0, 0, 1, 0, 0, 0, 0, 0, 0, 0], [-1, 0, -1, 1, 0, 0, -1, -1, 0, -2, -1, 1, 0, 1, 0, 0, 0, 0, -1, -1, -1, -1], [-4, 1, -3, 1, 1, -1, -4, -4, -1, -5, -4, 2, 0, 2, 1, -2, 1, 1, -3, -2, -4, -2], [4, -1, 3, -1, -1, 1, 4, 4, 1, 5, 4, -2, 0, -2, -1, 2, 0, 0, 3, 2, 4, 2], [1, -1, 0, 0, -1, 1, 1, 1, -1, 1, 1, -1, 0, -1, -1, 1, 0, -1, 1, -1, -1, -1], [1, 0, 1, 0, 0, 0, 1, 1, 1, 1, 1, 0, 0, 0, 0, 0, 0, 0, 1, 2, 2, 1], [-1, 0, -1, 0, 0, 0, -1, -1, -1, -1, -1, 0, 0, 0, 0, 0, 0, 0, -1, -1, -1, -1], [-2, 0, -2, 1, 0, 0, -2, -2, -1, -3, -2, 1, 0, 1, 0, -1, 0, 0, -2, -2, -3, -1]]
[[1, 0, 0, 0, 0, 0, 0, 0, 0, 0, 0, 0, 0, 0, 0, 0, 0, 0, 0, 0, 0, 0], [0, 1, 0, 0, 0, 0, 0, 0, 0, 0, 0, 0, 0, 0, 0, 0, 0, 0, 0, 0, 0, 0], [0, 0, 1, 0, 0, 0, 0, 0, 0, 0, 0, 0, 0, 0, 0, 0, 0, 0, 0, 0, 0, 0], [0, 0, 0, 1, 0, 0, 0, 0, 0, 0, 0, 0, 0, 0, 0, 0, 0, 0, 0, 0, 0, 0], [0, 0, 0, 0, 1, 0, 0, 0, 0, 0, 0, 0, 0, 0, 0, 0, 0, 0, 0, 0, 0, 0], [0, 0, 0, 0, 0, 1, 0, 0, 0, 0, 0, 0, 0, 0, 0, 0, 0, 0, 0, 0, 0, 0], [0, 0, 0, 0, 0, 0, 1, 0, 0, 0, 0, 0, 0, 0, 0, 0, 0, 0, 0, 0, 0, 0], [0, 0, 0, 0, 0, 0, 0, 1, 0, 0, 0, 0, 0, 0, 0, 0, 0, 0, 0, 0, 0, 0], [0, 0, 0, 0, 0, 0, 0, 0, 1, 0, 0, 0, 0, 0, 0, 0, 0, 0, 0, 0, 0, 0], [0, 0, 0, 0, 0, 0, 0, 0, 0, 1, 0, 0, 0, 0, 0, 0, 0, 0, 0, 0, 0, 0], [0, 0, 0, 0, 0, 0, 0, 0, 0, 0, 1, 0, 0, 0, 0, 0, 0, 0, 0, 0, 0, 0], [0, 0, 0, 0, 0, 0, 0, 0, 0, 0, 0, 1, 0, 0, 0, 0, 0, 0, 0, 0, 0, 0], [0, 0, 0, 0, 0, 0, 0, 0, 0, 0, 0, 0, 1, 0, 0, 0, 0, 0, 0, 0, 0, 0], [0, 0, 0, 0, 0, 0, 0, 0, 0, 0, 0, 0, 0, 1, 0, 0, 0, 0, 0, 0, 0, 0], [0, 0, 0, 0, 0, 0, 0, 0, 0, 0, 0, 0, 0, 0, 1, 0, 0, 0, 0, 0, 0, 0], [0, 0, 0, 0, 0, 0, 0, 0, 0, 0, 0, 0, 0, 0, 0, 1, 0, 0, 0, 0, 0, 0], [0, 0, 0, 0, 0, 0, 0, 0, 0, 0, 0, 0, 0, 0, 0, 0, 1, 0, 0, 0, 0, 0], [0, 0, 0, 0, 0, 0, 0, 0, 0, 0, 0, 0, 0, 0, 0, 0, 0, 1, 0, 0, 0, 0], [0, 0, 0, 0, 0, 0, 0, 0, 0, 0, 0, 0, 0, 0, 0, 0, 0, 0, 1, 0, 0, 0], [0, 0, 0, 0, 0, 0, 0, 0, 0, 0, 0, 0, 0, 0, 0, 0, 0, 0, 0, 1, 0, 0], [0, 0, 0, 0, 0, 0, 0, 0, 0, 0, 0, 0, 0, 0, 0, 0, 0, 0, 0, 0, 1, 0], [0, 0, 0, 0, 0, 0, 0, 0, 0, 0, 0, 0, 0, 0, 0, 0, 0, 0, 0, 0, 0, 1]]
[[1, 0, -1, 0, -2, 0, -1, -1, -1, 0, -1, -1, -1, 0, 0, -1, -1, -1, -1, -1, -2, -1], [0, 1, -1, 0, -1, 0, -2, -2, -1, -1, -2, -1, -1, 1, 0, -2, -1, 0, -1, 0, -1, -1], [0, 0, 0, 0, -1, 0, 0, 0, 0, 0, 0, 0, 0, 0, 0, 0, 0, -1, 0, -1, -2, -1], [0, 0, -1, 1, 0, 0, -3, -3, -1, -2, -3, -1, -1, 2, 0, -3, -1, 1, -1, 1, 0, -1], [0, 1, 0, 0, -1, 0, -3, -4, -2, 0, -4, -2, -2, 2, 0, -3, -2, 1, 0, 2, 1, 0], [0, -1, 0, 0, 0, 1, 3, 4, 1, 1, 4, 1, 1, -3, 0, 3, 1, -2, -1, -3, -2, 0], [0, 0, -1, 0, -2, 0, 0, -1, -1, 0, -1, -1, -1, 0, 0, -1, -1, -1, -1, -1, -2, -1], [0, 1, 0, 0, 0, 0, -3, -4, -2, -1, -4, -1, -1, 3, 0, -3, -1, 2, 2, 3, 2, 0], [0, -1, 1, 0, 1, 0, 3, 4, 2, 1, 4, 1, 1, -3, 0, 3, 1, -1, -1, -2, 0, 1], [-1, 0, 0, 0, 0, -1, -2, -3, -2, -1, -3, -1, -1, 2, 0, -3, -2, 1, 0, 2, 1, 0], [0, 0, 1, 0, 1, 0, 2, 3, 2, 1, 3, 1, 1, -1, 0, 2, 1, 0, 0, 0, 1, 1], [0, -1, -1, 0, -1, 0, 1, 2, 0, 0, 2, 1, 0, -2, 0, 1, 0, -2, -2, -3, -3, -1], [0, -1, -1, 0, -1, 0, 1, 2, 0, 0, 2, 0, 1, -2, 0, 1, 0, -2, -2, -3, -3, -1], [0, 1, 0, 0, 0, 0, -3, -5, -2, -1, -4, -1, -1, 4, 0, -3, -1, 2, 2, 3, 2, 0], [0, 0, 0, 0, 1, 0, 1, 1, 1, 0, 1, 1, 1, 0, 1, 1, 1, 0, 1, 0, 0, 0], [1, -1, -1, 0, 1, 1, 1, 2, 1, 0, 3, 1, 1, -2, 0, 3, 2, -1, -1, -3, -2, -1], [-1, 2, 1, 0, 0, -1, -3, -6, -2, -1, -6, -1, -1, 5, 0, -4, -1, 3, 4, 6, 4, 1], [-1, -1, -1, 0, -1, -1, 1, 2, 0, -1, 1, 0, 0, -1, 0, 0, -1, -1, -2, -2, -3, -1], [0, 0, 1, 0, 1, 0, 0, 1, 1, 0, 0, 0, 0, 0, 0, 0, 0, 1, 0, 1, 2, 1], [1, -1, 0, 0, 0, 1, 3, 4, 1, 2, 5, 1, 1, -4, 0, 4, 2, -2, -1, -3, -2, 0], [0, 0, 0, 0, 1, 0, 1, 1, 1, 0, 1, 1, 1, 0, 0, 1, 1, 0, 1, 0, 1, 0], [0, 1, 0, 0, 0, 0, -3, -4, -1, -1, -4, -1, -1, 3, 0, -3, -1, 2, 1, 3, 2, 1]]
[[0, 0, 0, 1, 1, 1, 0, 1, 1, -1, 1, 2, 1, 0, 0, 2, 2, 0, 0, -1, -1, 0], [0, 1, 0, 0, 0, 0, 0, 0, 0, 0, 0, 0, 0, 0, 0, 0, 0, 0, 0, 0, 0, 0], [-1, -1, -1, 2, 1, 1, -1, 1, 1, -3, 2, 3, 2, 0, 0, 2, 3, 0, -2, -3, -3, -1], [1, 1, 2, -2, -1, -2, 2, -1, -1, 4, -2, -4, -2, 0, 0, -3, -4, 0, 2, 4, 4, 1], [1, 1, 2, -2, 0, -1, 1, -1, -1, 3, -2, -3, -2, 0, 0, -2, -3, 0, 2, 3, 3, 1], [0, -1, -2, 2, 0, 2, -2, 0, 0, -3, 1, 2, 1, 0, 0, 1, 2, 0, -2, -3, -3, -1], [0, 0, 0, 1, 0, 1, 0, 0, 0, -1, 0, 1, 0, 0, 0, 1, 1, 0, 0, -1, -1, 0], [1, 1, 2, -3, -1, -2, 2, 0, -1, 4, -2, -4, -2, 0, 0, -3, -4, 0, 2, 4, 4, 1], [0, -1, -2, 2, 0, 1, -2, 0, 1, -3, 1, 2, 1, 0, 0, 1, 2, 0, -2, -3, -3, -1], [1, 1, 2, -2, -1, -1, 1, -1, -1, 4, -2, -3, -2, 0, 0, -2, -3, 0, 2, 3, 3, 1], [0, 0, 0, 0, 0, 0, 0, 0, 0, 0, 1, 0, 0, 0, 0, 0, 0, 0, 0, 0, 0, 0], [-1, -1, -2, 2, 1, 1, -1, 1, 1, -3, 2, 4, 2, 0, 0, 2, 3, 0, -2, -3, -3, -1], [-1, -1, -2, 3, 1, 2, -2, 1, 1, -4, 2, 4, 3, 0, 0, 3, 4, 0, -2, -4, -4, -1], [1, 1, 2, -2, -1, -1, 1, -1, -1, 3, -2, -3, -2, 1, 0, -2, -3, 0, 2, 3, 3, 1], [0, 0, 0, 0, 0, 0, 0, 0, 0, 0, 0, 0, 0, 0, 1, 0, 0, 0, 0, 0, 0, 0], [0, -1, -2, 1, 0, 0, -1, 0, 0, -2, 1, 1, 1, 0, 0, 1, 1, 0, -2, -2, -2, -1], [1, 2, 4, -3, -1, -1, 2, -1, -1, 5, -3, -4, -3, 0, 0, -2, -3, 0, 4, 5, 5, 2], [0, 0, 0, 0, 0, 0, 0, 0, 0, 0, 0, 0, 0, 0, 0, 0, 0, 1, 0, 0, 0, 0], [0, 0, 0, -1, 0, -1, 1, 0, 0, 1, 0, -1, 0, 0, 0, -1, -1, 0, 1, 1, 1, 0], [0, -1, -2, 2, 0, 1, -2, 0, 0, -3, 1, 2, 1, 0, 0, 1, 2, 0, -2, -2, -3, -1], [0, 0, 0, 0, 0, 0, 0, 0, 0, 0, 0, 0, 0, 0, 0, 0, 0, 0, 0, 0, 1, 0], [0, 1, 2, -2, 0, -1, 2, 0, 0, 3, -1, -2, -1, 0, 0, -1, -2, 0, 2, 3, 3, 2]]
[[1, 0, 0, 0, 0, 0, 0, 0, 0, 0, 0, 0, 0, 0, 0, 0, 0, 0, 0, 0, 0, 0], [0, 1, 0, 0, 0, 0, 0, 0, 0, 0, 0, 0, 0, 0, 0, 0, 0, 0, 0, 0, 0, 0], [0, 0, 1, 0, 0, 0, 0, 0, 0, 0, 0, 0, 0, 0, 0, 0, 0, 0, 0, 0, 0, 0], [0, 0, 0, 1, 0, 0, 0, 0, 0, 0, 0, 0, 0, 0, 0, 0, 0, 0, 0, 0, 0, 0], [0, 0, 0, 0, 1, 0, 0, 0, 0, 0, 0, 0, 0, 0, 0, 0, 0, 0, 0, 0, 0, 0], [0, 0, 0, 0, 0, 1, 0, 0, 0, 0, 0, 0, 0, 0, 0, 0, 0, 0, 0, 0, 0, 0], [0, 0, 0, 0, 0, 0, 1, 0, 0, 0, 0, 0, 0, 0, 0, 0, 0, 0, 0, 0, 0, 0], [0, 0, 0, 0, 0, 0, 0, 1, 0, 0, 0, 0, 0, 0, 0, 0, 0, 0, 0, 0, 0, 0], [0, 0, 0, 0, 0, 0, 0, 0, 1, 0, 0, 0, 0, 0, 0, 0, 0, 0, 0, 0, 0, 0], [0, 0, 0, 0, 0, 0, 0, 0, 0, 1, 0, 0, 0, 0, 0, 0, 0, 0, 0, 0, 0, 0], [0, 0, 0, 0, 0, 0, 0, 0, 0, 0, 1, 0, 0, 0, 0, 0, 0, 0, 0, 0, 0, 0], [0, 0, 0, 0, 0, 0, 0, 0, 0, 0, 0, 1, 0, 0, 0, 0, 0, 0, 0, 0, 0, 0], [0, 0, 0, 0, 0, 0, 0, 0, 0, 0, 0, 0, 1, 0, 0, 0, 0, 0, 0, 0, 0, 0], [0, 0, 0, 0, 0, 0, 0, 0, 0, 0, 0, 0, 0, 1, 0, 0, 0, 0, 0, 0, 0, 0], [0, 0, 0, 0, 0, 0, 0, 0, 0, 0, 0, 0, 0, 0, 1, 0, 0, 0, 0, 0, 0, 0], [0, 0, 0, 0, 0, 0, 0, 0, 0, 0, 0, 0, 0, 0, 0, 1, 0, 0, 0, 0, 0, 0], [0, 0, 0, 0, 0, 0, 0, 0, 0, 0, 0, 0, 0, 0, 0, 0, 1, 0, 0, 0, 0, 0], [0, 0, 0, 0, 0, 0, 0, 0, 0, 0, 0, 0, 0, 0, 0, 0, 0, 1, 0, 0, 0, 0], [0, 0, 0, 0, 0, 0, 0, 0, 0, 0, 0, 0, 0, 0, 0, 0, 0, 0, 1, 0, 0, 0], [0, 0, 0, 0, 0, 0, 0, 0, 0, 0, 0, 0, 0, 0, 0, 0, 0, 0, 0, 1, 0, 0], [0, 0, 0, 0, 0, 0, 0, 0, 0, 0, 0, 0, 0, 0, 0, 0, 0, 0, 0, 0, 1, 0], [0, 0, 0, 0, 0, 0, 0, 0, 0, 0, 0, 0, 0, 0, 0, 0, 0, 0, 0, 0, 0, 1]]
[[1, 0, 0, 0, 0, 0, 0, 0, 0, 0, 0, 0, 0, 0, 0, 0, 0, 0, 0, 0, 0, 0], [0, 1, 0, 0, 0, 0, 0, 0, 0, 0, 0, 0, 0, 0, 0, 0, 0, 0, 0, 0, 0, 0], [0, 0, 1, 0, 0, 0, 0, 0, 0, 0, 0, 0, 0, 0, 0, 0, 0, 0, 0, 0, 0, 0], [0, 0, 0, 1, 0, 0, 0, 0, 0, 0, 0, 0, 0, 0, 0, 0, 0, 0, 0, 0, 0, 0], [0, 0, 0, 0, 1, 0, 0, 0, 0, 0, 0, 0, 0, 0, 0, 0, 0, 0, 0, 0, 0, 0], [0, 0, 0, 0, 0, 1, 0, 0, 0, 0, 0, 0, 0, 0, 0, 0, 0, 0, 0, 0, 0, 0], [0, 0, 0, 0, 0, 0, 1, 0, 0, 0, 0, 0, 0, 0, 0, 0, 0, 0, 0, 0, 0, 0], [0, 0, 0, 0, 0, 0, 0, 1, 0, 0, 0, 0, 0, 0, 0, 0, 0, 0, 0, 0, 0, 0], [0, 0, 0, 0, 0, 0, 0, 0, 1, 0, 0, 0, 0, 0, 0, 0, 0, 0, 0, 0, 0, 0], [0, 0, 0, 0, 0, 0, 0, 0, 0, 1, 0, 0, 0, 0, 0, 0, 0, 0, 0, 0, 0, 0], [0, 0, 0, 0, 0, 0, 0, 0, 0, 0, 1, 0, 0, 0, 0, 0, 0, 0, 0, 0, 0, 0], [0, 0, 0, 0, 0, 0, 0, 0, 0, 0, 0, 1, 0, 0, 0, 0, 0, 0, 0, 0, 0, 0], [0, 0, 0, 0, 0, 0, 0, 0, 0, 0, 0, 0, 1, 0, 0, 0, 0, 0, 0, 0, 0, 0], [0, 0, 0, 0, 0, 0, 0, 0, 0, 0, 0, 0, 0, 1, 0, 0, 0, 0, 0, 0, 0, 0], [0, 0, 0, 0, 0, 0, 0, 0, 0, 0, 0, 0, 0, 0, 1, 0, 0, 0, 0, 0, 0, 0], [0, 0, 0, 0, 0, 0, 0, 0, 0, 0, 0, 0, 0, 0, 0, 1, 0, 0, 0, 0, 0, 0], [0, 0, 0, 0, 0, 0, 0, 0, 0, 0, 0, 0, 0, 0, 0, 0, 1, 0, 0, 0, 0, 0], [0, 0, 0, 0, 0, 0, 0, 0, 0, 0, 0, 0, 0, 0, 0, 0, 0, 1, 0, 0, 0, 0], [0, 0, 0, 0, 0, 0, 0, 0, 0, 0, 0, 0, 0, 0, 0, 0, 0, 0, 1, 0, 0, 0], [0, 0, 0, 0, 0, 0, 0, 0, 0, 0, 0, 0, 0, 0, 0, 0, 0, 0, 0, 1, 0, 0], [0, 0, 0, 0, 0, 0, 0, 0, 0, 0, 0, 0, 0, 0, 0, 0, 0, 0, 0, 0, 1, 0], [0, 0, 0, 0, 0, 0, 0, 0, 0, 0, 0, 0, 0, 0, 0, 0, 0, 0, 0, 0, 0, 1]]
[[1, 0, 0, 0, 0, 0, 0, 0, 0, 0, 0, 0, 0, 0, 0, 0, 0, 0, 0, 0, 0, 0], [0, 0, -1, 0, 0, 0, 0, 0, 0, -1, 0, 0, 0, 0, -1, 0, 0, 0, -1, -1, -1, -1], [0, 0, 1, 0, 1, 0, 0, 0, 1, 0, -1, 0, 0, 0, 1, 0, 0, 0, 0, 0, 0, 0], [0, -1, -1, 1, -1, 0, 0, 0, -1, -1, 1, 0, 0, 0, -2, 0, 0, 0, -1, -1, -1, -1], [0, 0, 0, 0, 0, 0, 0, 0, -1, 0, 1, 0, 0, 0, -1, 0, 0, 0, 0, 0, 0, 0], [0, 0, 0, 0, 0, 1, 0, 0, 0, 0, 0, 0, 0, 0, 0, 0, 0, 0, 0, 0, 0, 0], [0, 0, 0, 0, 0, 0, 1, 0, 0, 0, 0, 0, 0, 0, 0, 0, 0, 0, 0, 0, 0, 0], [0, -1, -1, 0, -1, 0, 0, 1, -1, -1, 1, 0, 0, 0, -2, 0, 0, 0, -1, -1, -1, -1], [0, 1, 1, 0, 0, 0, 0, 0, 1, 1, 0, 0, 0, 0, 1, 0, 0, 0, 1, 1, 1, 1], [0, 0, 0, 0, -1, 0, 0, 0, -1, 1, 1, 0, 0, 0, -1, 0, 0, 0, 0, 0, 0, 0], [0, 0, 0, 0, 1, 0, 0, 0, 1, 0, 0, 0, 0, 0, 1, 0, 0, 0, 0, 0, 0, 0], [0, 0, 0, 0, 0, 0, 0, 0, 0, 0, 0, 1, 0, 0, 0, 0, 0, 0, 0, 0, 0, 0], [0, 0, 0, 0, 0, 0, 0, 0, 0, 0, 0, 0, 1, 0, 0, 0, 0, 0, 0, 0, 0, 0], [0, 0, 0, 0, 0, 0, 0, 0, 0, 0, 0, 0, 0, 0, 0, 0, 1, 0, 0, 0, 0, 0], [0, -1, -1, 0, 0, 0, 0, 0, 0, -1, 0, 0, 0, 0, 0, 0, 0, 0, -1, -1, -1, -1], [0, 0, 0, 0, 0, 0, 0, 0, 0, 0, 0, 0, 0, -1, 0, 1, 1, 0, 0, 0, 0, 0], [0, 0, 0, 0, 0, 0, 0, 0, 0, 0, 0, 0, 0, 1, 0, 0, 0, 0, 0, 0, 0, 0], [0, 0, 0, 0, 0, 0, 0, 0, 0, 0, 0, 0, 0, 0, 0, 0, 0, 1, 0, 0, 0, 0], [0, 0, 0, 0, 0, 0, 0, 0, 0, 0, 0, 0, 0, 0, 0, 0, 0, 0, 1, 0, 0, 0], [0, 0, 0, 0, 0, 0, 0, 0, 0, 0, 0, 0, 0, 0, 0, 0, 0, 0, 0, 1, 0, 0], [0, 0, 0, 0, 0, 0, 0, 0, 0, 0, 0, 0, 0, 0, 0, 0, 0, 0, 0, 0, 1, 0], [0, 0, 0, 0, 0, 0, 0, 0, 0, 0, 0, 0, 0, 0, 0, 0, 0, 0, 0, 0, 0, 1]]
[[0, 0, 0, 0, 0, 0, 1, 0, 0, 0, 0, 0, 0, 0, 0, 0, 0, 0, 0, 0, 0, 0], [0, 1, 0, 0, 0, 0, 0, 0, 0, 0, 0, 0, 0, 0, 0, 0, 0, 0, 0, 0, 0, 0], [-1, 0, 0, 0, 0, -1, 0, 0, 0, -1, 0, 1, 1, 1, 0, -1, 0, 1, 0, 1, 1, 1], [0, 0, 0, 1, 0, 0, 0, 0, 0, 0, 0, 0, 0, 0, 0, 0, 0, 0, 0, 0, 0, 0], [-1, 0, 0, 0, 1, 0, 1, 0, 0, 0, 0, 0, 0, 0, 0, 0, 0, 0, 0, 0, 0, 0], [2, 0, 0, 0, 0, 0, -1, 1, 1, 0, 1, 0, 1, 0, 0, 0, 0, 0, 0, 0, 1, 0], [1, 0, 0, 0, 0, 0, 0, 0, 0, 0, 0, 0, 0, 0, 0, 0, 0, 0, 0, 0, 0, 0], [-1, 0, 0, 0, 0, 0, 1, 1, 0, 0, 0, 0, 0, 0, 0, 0, 0, 0, 0, 0, 0, 0], [1, 0, 0, 0, 0, 0, -1, 0, 1, 0, 0, 0, 0, 0, 0, 0, 0, 0, 0, 0, 0, 0], [-1, 0, 0, 0, 0, 0, 1, 0, 0, 1, 0, 0, 0, 0, 0, 0, 0, 0, 0, 0, 0, 0], [1, 0, 0, 0, 0, 0, -1, 0, 0, 0, 1, 0, 0, 0, 0, 0, 0, 0, 0, 0, 0, 0], [0, 0, 0, 0, 0, -1, 1, 1, 1, 0, 1, 1, 1, 0, 0, 0, 0, 0, 0, 0, 1, 0], [0, 0, 0, 0, 0, 0, 0, 0, 0, 0, 0, 0, 1, 0, 0, 0, 0, 0, 0, 0, 0, 0], [-1, 0, 0, 0, 0, 1, 0, -1, -1, 0, -1, 0, -1, 1, 0, 0, 0, 0, 0, 0, -1, 0], [1, 0, 0, 0, 0, 0, -1, 0, 0, 0, 0, 0, 0, 0, 1, 0, 0, 0, 0, 0, 0, 0], [0, 0, 0, 0, 0, 0, 0, 0, 0, 0, 0, 0, 0, 0, 0, 1, 0, 0, 0, 0, 0, 0], [-1, 0, 0, 0, 0, 1, 0, -1, -1, 0, -1, 0, -1, 0, 0, 0, 1, 0, 0, 0, -1, 0], [1, 0, 0, 0, 0, -1, 0, 1, 1, 0, 1, 0, 1, 0, 0, 0, 0, 1, 0, 0, 1, 0], [0, 0, 0, 0, 0, 0, 0, 0, 0, 0, 0, 0, 0, 0, 0, 0, 0, 0, 1, 0, 0, 0], [1, 0, 0, 0, 0, -1, 0, 1, 1, 0, 1, 0, 1, 0, 0, 0, 0, 0, 0, 1, 1, 0], [0, 0, 0, 0, 0, 1, -1, -1, -1, 0, -1, 0, -1, 0, 0, 0, 0, 0, 0, 0, 0, 0], [0, 0, 1, 0, 0, 1, 1, 0, 0, 1, 0, -1, -1, -1, 0, 1, 0, -1, 0, -1, -1, 0]]
[[1, 0, 0, 0, 0, 0, 0, 0, 0, 0, 0, 0, 0, 0, 0, 0, 0, 0, 0, 0, 0, 0], [0, 1, 0, 0, 0, 0, 0, 0, 0, 0, 0, 0, 0, 0, 0, 0, 0, 0, 0, 0, 0, 0], [0, 0, 1, 0, 0, 0, 0, 0, 0, 0, 0, 0, 0, 0, 0, 0, 0, 0, 0, 0, 0, 0], [0, 0, 0, 1, 0, 0, 0, 0, 0, 0, 0, 0, 0, 0, 0, 0, 0, 0, 0, 0, 0, 0], [0, 0, 0, 0, 1, 0, 0, 0, 0, 0, 0, 0, 0, 0, 0, 0, 0, 0, 0, 0, 0, 0], [0, 0, 0, 0, 0, 1, 0, 0, 0, 0, 0, 0, 0, 0, 0, 0, 0, 0, 0, 0, 0, 0], [0, 0, 0, 0, 0, 0, 1, 0, 0, 0, 0, 0, 0, 0, 0, 0, 0, 0, 0, 0, 0, 0], [0, 0, 0, 0, 0, 0, 0, 1, 0, 0, 0, 0, 0, 0, 0, 0, 0, 0, 0, 0, 0, 0], [0, 0, 0, 0, 0, 0, 0, 0, 1, 0, 0, 0, 0, 0, 0, 0, 0, 0, 0, 0, 0, 0], [0, 0, 0, 0, 0, 0, 0, 0, 0, 1, 0, 0, 0, 0, 0, 0, 0, 0, 0, 0, 0, 0], [0, 0, 0, 0, 0, 0, 0, 0, 0, 0, 1, 0, 0, 0, 0, 0, 0, 0, 0, 0, 0, 0], [0, 0, 0, 0, 0, 0, 0, 0, 0, 0, 0, 1, 0, 0, 0, 0, 0, 0, 0, 0, 0, 0], [0, 0, 0, 0, 0, 0, 0, 0, 0, 0, 0, 0, 1, 0, 0, 0, 0, 0, 0, 0, 0, 0], [0, 0, 0, 0, 0, 0, 0, 0, 0, 0, 0, 0, 0, 1, 0, 0, 0, 0, 0, 0, 0, 0], [0, 0, 0, 0, 0, 0, 0, 0, 0, 0, 0, 0, 0, 0, 1, 0, 0, 0, 0, 0, 0, 0], [0, 0, 0, 0, 0, 0, 0, 0, 0, 0, 0, 0, 0, 0, 0, 1, 0, 0, 0, 0, 0, 0], [0, 0, 0, 0, 0, 0, 0, 0, 0, 0, 0, 0, 0, 0, 0, 0, 1, 0, 0, 0, 0, 0], [0, 0, 0, 0, 0, 0, 0, 0, 0, 0, 0, 0, 0, 0, 0, 0, 0, 1, 0, 0, 0, 0], [0, 0, 0, 0, 0, 0, 0, 0, 0, 0, 0, 0, 0, 0, 0, 0, 0, 0, 1, 0, 0, 0], [0, 0, 0, 0, 0, 0, 0, 0, 0, 0, 0, 0, 0, 0, 0, 0, 0, 0, 0, 1, 0, 0], [0, 0, 0, 0, 0, 0, 0, 0, 0, 0, 0, 0, 0, 0, 0, 0, 0, 0, 0, 0, 1, 0], [0, 0, 0, 0, 0, 0, 0, 0, 0, 0, 0, 0, 0, 0, 0, 0, 0, 0, 0, 0, 0, 1]]
[[1, 0, 0, 0, 0, 0, 0, 0, 0, 0, 0, 0, 0, 0, 0, 0, 0, 0, 0, 0, 0, 0], [0, 1, 0, 0, 0, 0, 0, 0, 0, 0, 0, 0, 0, 0, 0, 0, 0, 0, 0, 0, 0, 0], [0, 0, 1, 0, 0, 0, 0, 0, 0, 0, 0, 0, 0, 0, 0, 0, 0, 0, 0, 0, 0, 0], [0, 0, 0, 1, 0, 0, 0, 0, 0, 0, 0, 0, 0, 0, 0, 0, 0, 0, 0, 0, 0, 0], [0, 0, 0, 0, 1, 0, 0, 0, 0, 0, 0, 0, 0, 0, 0, 0, 0, 0, 0, 0, 0, 0], [0, 0, 0, 0, 0, 1, 0, 0, 0, 0, 0, 0, 0, 0, 0, 0, 0, 0, 0, 0, 0, 0], [0, 0, 0, 0, 0, 0, 1, 0, 0, 0, 0, 0, 0, 0, 0, 0, 0, 0, 0, 0, 0, 0], [0, 0, 0, 0, 0, 0, 0, 1, 0, 0, 0, 0, 0, 0, 0, 0, 0, 0, 0, 0, 0, 0], [0, 0, 0, 0, 0, 0, 0, 0, 1, 0, 0, 0, 0, 0, 0, 0, 0, 0, 0, 0, 0, 0], [0, 0, 0, 0, 0, 0, 0, 0, 0, 1, 0, 0, 0, 0, 0, 0, 0, 0, 0, 0, 0, 0], [0, 0, 0, 0, 0, 0, 0, 0, 0, 0, 1, 0, 0, 0, 0, 0, 0, 0, 0, 0, 0, 0], [0, 0, 0, 0, 0, 0, 0, 0, 0, 0, 0, 1, 0, 0, 0, 0, 0, 0, 0, 0, 0, 0], [0, 0, 0, 0, 0, 0, 0, 0, 0, 0, 0, 0, 1, 0, 0, 0, 0, 0, 0, 0, 0, 0], [0, 0, 0, 0, 0, 0, 0, 0, 0, 0, 0, 0, 0, 1, 0, 0, 0, 0, 0, 0, 0, 0], [0, 0, 0, 0, 0, 0, 0, 0, 0, 0, 0, 0, 0, 0, 1, 0, 0, 0, 0, 0, 0, 0], [0, 0, 0, 0, 0, 0, 0, 0, 0, 0, 0, 0, 0, 0, 0, 1, 0, 0, 0, 0, 0, 0], [0, 0, 0, 0, 0, 0, 0, 0, 0, 0, 0, 0, 0, 0, 0, 0, 1, 0, 0, 0, 0, 0], [0, 0, 0, 0, 0, 0, 0, 0, 0, 0, 0, 0, 0, 0, 0, 0, 0, 1, 0, 0, 0, 0], [0, 0, 0, 0, 0, 0, 0, 0, 0, 0, 0, 0, 0, 0, 0, 0, 0, 0, 1, 0, 0, 0], [0, 0, 0, 0, 0, 0, 0, 0, 0, 0, 0, 0, 0, 0, 0, 0, 0, 0, 0, 1, 0, 0], [0, 0, 0, 0, 0, 0, 0, 0, 0, 0, 0, 0, 0, 0, 0, 0, 0, 0, 0, 0, 1, 0], [0, 0, 0, 0, 0, 0, 0, 0, 0, 0, 0, 0, 0, 0, 0, 0, 0, 0, 0, 0, 0, 1]]
[[1, 0, 0, 0, 0, 0, 1, 0, 0, 1, 0, 0, 0, 0, 0, 0, 0, 0, 1, 1, 1, 0], [0, 1, 0, 0, 0, -1, 1, 0, 0, 1, 0, 0, 0, 0, 0, -1, 0, 1, 1, 3, 3, 1], [0, 0, 1, 0, 0, 0, 1, 0, 0, 1, 0, 0, 0, 0, 0, 0, 0, 0, 1, 1, 1, 0], [0, 0, 0, 1, 0, -1, 0, 0, 0, 0, 0, 0, 0, 0, 0, -1, 0, 1, 0, 2, 2, 1], [0, 0, 0, 0, 1, -1, 1, 0, 0, 1, 0, 0, 0, 0, 0, -1, 0, 1, 1, 3, 3, 1], [0, 0, 0, 0, 0, 1, -1, 0, 0, -1, 0, 0, 0, 0, 0, 0, 0, 0, -1, -1, -1, 0], [0, 0, 0, 0, 0, 0, 1, 0, 0, 0, 0, 0, 0, 0, 0, 0, 0, 0, 0, 0, 0, 0], [0, 0, 0, 0, 0, -1, 1, 1, 0, 1, 0, 0, 0, 0, 0, -1, 0, 1, 1, 3, 3, 1], [0, 0, 0, 0, 0, 0, -1, 0, 0, -1, 0, 0, 0, 0, 0, 0, 0, 0, 0, 0, -1, 0], [0, 0, 0, 0, 0, -1, 0, 0, -1, 1, 0, 0, 0, 0, 0, -1, 0, 1, 1, 3, 2, 1], [0, 0, 0, 0, 0, 0, 0, 0, 0, 0, 1, 0, 0, 0, 0, 0, 0, 0, 0, 0, 0, 0], [0, 0, 0, 0, 0, 0, 0, 0, 0, 0, 0, 1, 0, 0, 0, 0, 0, 0, 0, 0, 0, 0], [0, 0, 0, 0, 0, 0, 0, 0, 0, 0, 0, 0, 1, 0, 0, 0, 0, 0, 0, 0, 0, 0], [0, 0, 0, 0, 0, 0, 0, 0, 0, 0, 0, 0, 0, 1, 0, 0, 0, 0, 0, 0, 0, 0], [0, 0, 0, 0, 0, 1, -1, 0, 1, -1, 0, 0, 0, 0, 1, 1, 0, -1, -2, -4, -3, -1], [0, 0, 0, 0, 0, 1, -1, 0, 1, -1, 0, 0, 0, 0, 0, 2, 0, -1, -2, -4, -3, -1], [0, 0, 0, 0, 0, 1, 0, 0, 0, 0, 0, 0, 0, 0, 0, 1, 1, -1, 0, -2, -2, -1], [0, 0, 0, 0, 0, -1, 1, 0, -1, 1, 0, 0, 0, 0, 0, -1, 0, 2, 2, 4, 3, 1], [0, 0, 0, 0, 0, -1, 0, 0, 0, 0, 0, 0, 0, 0, 0, -1, 0, 1, 1, 2, 2, 1], [0, 0, 0, 0, 0, 1, -1, 0, 1, -1, 0, 0, 0, 0, 0, 1, 0, -1, -2, -3, -3, -1], [0, 0, 0, 0, 0, 1, -1, 0, 0, -1, 0, 0, 0, 0, 0, 1, 0, -1, -1, -3, -2, -1], [0, 0, 0, 0, 0, 0, 1, 0, 0, 1, 0, 0, 0, 0, 0, 0, 0, 0, 1, 1, 1, 1]]
[[1, 0, 0, 0, 0, 0, 0, 0, 0, 0, 0, 0, 0, 0, 0, 0, 0, 0, 0, 0, 0, 0], [3, -1, 0, 0, -1, 2, 2, 3, 0, 1, 4, 0, 1, -1, -2, 3, 1, -1, 1, -1, 0, 0], [0, 0, 1, 0, 0, 0, 0, 0, 0, 0, 0, 0, 0, 0, 0, 0, 0, 0, 0, 0, 0, 0], [1, -1, -1, 1, 0, 1, 0, 1, 0, -1, 1, 0, 1, 0, -1, 1, 1, 0, 0, -1, -1, -1], [0, 0, 0, 0, 1, 0, 0, 0, 0, 0, 0, 0, 0, 0, 0, 0, 0, 0, 0, 0, 0, 0], [2, -1, 1, 0, -1, 2, 2, 2, 0, 2, 3, 0, 0, -1, -1, 2, 0, -1, 1, 0, 1, 1], [0, 0, 0, 0, 0, 0, 1, 0, 0, 0, 0, 0, 0, 0, 0, 0, 0, 0, 0, 0, 0, 0], [0, 0, 0, 0, 0, 0, 0, 1, 0, 0, 0, 0, 0, 0, 0, 0, 0, 0, 0, 0, 0, 0], [1, -1, 0, 0, -1, 1, 1, 1, 0, 1, 2, 0, 0, -1, -1, 1, 0, -1, 0, -1, 0, 0], [0, 0, 0, 0, 0, 0, 0, 0, 0, 1, 0, 0, 0, 0, 0, 0, 0, 0, 0, 0, 0, 0], [0, 0, 0, 0, 0, 0, 0, 0, 0, 0, 1, 0, 0, 0, 0, 0, 0, 0, 0, 0, 0, 0], [3, -2, 0, 0, -1, 2, 2, 3, 0, 1, 4, 1, 1, -1, -2, 3, 1, -1, 1, -1, 0, 0], [2, -1, 1, 0, -1, 1, 2, 2, 0, 2, 3, 0, 1, -1, -1, 2, 0, -1, 1, 0, 1, 1], [-5, 3, -1, 0, 2, -3, -4, -5, 0, -3, -7, 0, -1, 3, 3, -5, -1, 2, -2, 1, -1, -1], [0, 0, 0, 0, 0, 0, 0, 0, 0, 0, 0, 0, 0, 0, 1, 0, 0, 0, 0, 0, 0, 0], [-1, 0, -1, 0, 0, 0, -1, -1, -1, -1, -1, 0, 0, 0, 0, 0, 0, 0, -1, -1, -1, -1], [-4, 3, 0, 0, 2, -3, -3, -4, 1, -2, -6, 0, -1, 2, 3, -4, 0, 2, -1, 2, 0, 0], [3, -2, 1, 0, -2, 2, 3, 3, -1, 3, 5, 0, 0, -2, -2, 3, 0, -1, 1, -1, 1, 1], [0, 0, 0, 0, 0, 0, 0, 0, 0, 0, 0, 0, 0, 0, 0, 0, 0, 0, 1, 0, 0, 0], [1, -1, 0, 0, -1, 1, 1, 1, -1, 1, 2, 0, 0, -1, -1, 1, 0, -1, 0, 0, 0, 0], [-1, 1, 0, 0, 1, -1, -1, -1, 1, -1, -2, 0, 0, 1, 1, -1, 0, 1, 0, 1, 1, 0], [-2, 1, -1, 0, 1, -1, -2, -2, 0, -2, -3, 0, 0, 1, 1, -2, 0, 1, -1, 0, -1, 0]]
[[1, 0, 0, 0, 0, 0, 0, 0, 0, 0, 0, 0, 0, 0, 0, 0, 0, 0, 0, 0, 0, 0], [0, 1, 0, 0, 0, 0, 0, 0, 0, 0, 0, 0, 0, 0, 0, 0, 0, 0, 0, 0, 0, 0], [0, 0, 1, 0, 0, 0, 0, 0, 0, 0, 0, 0, 0, 0, 0, 0, 0, 0, 0, 0, 0, 0], [0, 0, 0, 1, 0, 0, 0, 0, 0, 0, 0, 0, 0, 0, 0, 0, 0, 0, 0, 0, 0, 0], [0, 0, 0, 0, 1, 0, 0, 0, 0, 0, 0, 0, 0, 0, 0, 0, 0, 0, 0, 0, 0, 0], [0, 0, 0, 0, 0, 1, 0, 0, 0, 0, 0, 0, 0, 0, 0, 0, 0, 0, 0, 0, 0, 0], [0, 0, 0, 0, 0, 0, 1, 0, 0, 0, 0, 0, 0, 0, 0, 0, 0, 0, 0, 0, 0, 0], [0, 0, 0, 0, 0, 0, 0, 1, 0, 0, 0, 0, 0, 0, 0, 0, 0, 0, 0, 0, 0, 0], [0, 0, 0, 0, 0, 0, 0, 0, 1, 0, 0, 0, 0, 0, 0, 0, 0, 0, 0, 0, 0, 0], [0, 0, 0, 0, 0, 0, 0, 0, 0, 1, 0, 0, 0, 0, 0, 0, 0, 0, 0, 0, 0, 0], [0, 0, 0, 0, 0, 0, 0, 0, 0, 0, 1, 0, 0, 0, 0, 0, 0, 0, 0, 0, 0, 0], [0, 0, 0, 0, 0, 0, 0, 0, 0, 0, 0, 1, 0, 0, 0, 0, 0, 0, 0, 0, 0, 0], [0, 0, 0, 0, 0, 0, 0, 0, 0, 0, 0, 0, 1, 0, 0, 0, 0, 0, 0, 0, 0, 0], [0, 0, 0, 0, 0, 0, 0, 0, 0, 0, 0, 0, 0, 1, 0, 0, 0, 0, 0, 0, 0, 0], [0, 0, 0, 0, 0, 0, 0, 0, 0, 0, 0, 0, 0, 0, 1, 0, 0, 0, 0, 0, 0, 0], [0, 0, 0, 0, 0, 0, 0, 0, 0, 0, 0, 0, 0, 0, 0, 1, 0, 0, 0, 0, 0, 0], [0, 0, 0, 0, 0, 0, 0, 0, 0, 0, 0, 0, 0, 0, 0, 0, 1, 0, 0, 0, 0, 0], [0, 0, 0, 0, 0, 0, 0, 0, 0, 0, 0, 0, 0, 0, 0, 0, 0, 1, 0, 0, 0, 0], [0, 0, 0, 0, 0, 0, 0, 0, 0, 0, 0, 0, 0, 0, 0, 0, 0, 0, 1, 0, 0, 0], [0, 0, 0, 0, 0, 0, 0, 0, 0, 0, 0, 0, 0, 0, 0, 0, 0, 0, 0, 1, 0, 0], [0, 0, 0, 0, 0, 0, 0, 0, 0, 0, 0, 0, 0, 0, 0, 0, 0, 0, 0, 0, 1, 0], [0, 0, 0, 0, 0, 0, 0, 0, 0, 0, 0, 0, 0, 0, 0, 0, 0, 0, 0, 0, 0, 1]]
[[1, 0, 0, 0, 0, 0, 0, 0, 0, 0, 0, 0, 0, 0, 0, 0, 0, 0, 0, 0, 0, 0], [0, 1, 0, 0, 0, 0, 0, 0, 0, 0, 0, 0, 0, 0, 0, 0, 0, 0, 0, 0, 0, 0], [0, 0, 1, 0, 0, 0, 0, 0, 0, 0, 0, 0, 0, 0, 0, 0, 0, 0, 0, 0, 0, 0], [0, 0, 0, 1, 0, 0, 0, 0, 0, 0, 0, 0, 0, 0, 0, 0, 0, 0, 0, 0, 0, 0], [0, 0, 0, 0, 1, 0, 0, 0, 0, 0, 0, 0, 0, 0, 0, 0, 0, 0, 0, 0, 0, 0], [0, 0, 0, 0, 0, 1, 0, 0, 0, 0, 0, 0, 0, 0, 0, 0, 0, 0, 0, 0, 0, 0], [0, 0, 0, 0, 0, 0, 1, 0, 0, 0, 0, 0, 0, 0, 0, 0, 0, 0, 0, 0, 0, 0], [0, 0, 0, 0, 0, 0, 0, 1, 0, 0, 0, 0, 0, 0, 0, 0, 0, 0, 0, 0, 0, 0], [0, 0, 0, 0, 0, 0, 0, 0, 1, 0, 0, 0, 0, 0, 0, 0, 0, 0, 0, 0, 0, 0], [0, 0, 0, 0, 0, 0, 0, 0, 0, 1, 0, 0, 0, 0, 0, 0, 0, 0, 0, 0, 0, 0], [0, 0, 0, 0, 0, 0, 0, 0, 0, 0, 1, 0, 0, 0, 0, 0, 0, 0, 0, 0, 0, 0], [0, 0, 0, 0, 0, 0, 0, 0, 0, 0, 0, 1, 0, 0, 0, 0, 0, 0, 0, 0, 0, 0], [0, 0, 0, 0, 0, 0, 0, 0, 0, 0, 0, 0, 1, 0, 0, 0, 0, 0, 0, 0, 0, 0], [0, 0, 0, 0, 0, 0, 0, 0, 0, 0, 0, 0, 0, 1, 0, 0, 0, 0, 0, 0, 0, 0], [0, 0, 0, 0, 0, 0, 0, 0, 0, 0, 0, 0, 0, 0, 1, 0, 0, 0, 0, 0, 0, 0], [0, 0, 0, 0, 0, 0, 0, 0, 0, 0, 0, 0, 0, 0, 0, 1, 0, 0, 0, 0, 0, 0], [0, 0, 0, 0, 0, 0, 0, 0, 0, 0, 0, 0, 0, 0, 0, 0, 1, 0, 0, 0, 0, 0], [0, 0, 0, 0, 0, 0, 0, 0, 0, 0, 0, 0, 0, 0, 0, 0, 0, 1, 0, 0, 0, 0], [0, 0, 0, 0, 0, 0, 0, 0, 0, 0, 0, 0, 0, 0, 0, 0, 0, 0, 1, 0, 0, 0], [0, 0, 0, 0, 0, 0, 0, 0, 0, 0, 0, 0, 0, 0, 0, 0, 0, 0, 0, 1, 0, 0], [0, 0, 0, 0, 0, 0, 0, 0, 0, 0, 0, 0, 0, 0, 0, 0, 0, 0, 0, 0, 1, 0], [0, 0, 0, 0, 0, 0, 0, 0, 0, 0, 0, 0, 0, 0, 0, 0, 0, 0, 0, 0, 0, 1]]
[[1, -1, -1, 0, 0, 0, 0, 0, 0, -1, 0, 0, 0, 0, 0, 1, 0, 0, -1, -2, -2, -1], [0, 0, -1, 0, 0, 0, 0, 0, 0, -1, 0, 0, 0, 0, 0, 1, 0, 0, -1, -2, -2, -1], [0, -1, 0, 0, 0, 0, 0, 0, 0, -1, 0, 0, 0, 0, 0, 1, 0, 0, -1, -2, -2, -1], [0, 0, 0, 1, 0, 0, 0, 0, 0, 0, 0, 0, 0, 0, 0, 0, 0, 0, 0, 0, 0, 0], [0, 0, 0, 0, 1, 0, 0, 0, 0, 0, 0, 0, 0, 0, 0, 0, 0, 0, 0, 0, 0, 0], [0, 0, 0, 0, 0, 1, 0, 0, 0, 0, 0, 0, 0, 0, 0, 0, 0, 0, 0, 0, 0, 0], [0, -1, -1, 0, 0, 0, 1, 0, 0, -1, 0, 0, 0, 0, 0, 1, 0, 0, -1, -2, -2, -1], [0, 0, 0, 0, 0, 0, 0, 1, 0, 0, 0, 0, 0, 0, 0, 0, 0, 0, 0, 0, 0, 0], [0, 1, 1, 0, 0, 0, 0, 0, 1, 1, 0, 0, 0, 0, 0, -1, 0, 0, 1, 2, 2, 1], [0, 0, 0, 0, 0, 0, 0, 0, 0, 1, 0, 0, 0, 0, 0, 0, 0, 0, 0, 0, 0, 0], [0, 1, 1, 0, 0, 0, 0, 0, 0, 1, 0, -1, 0, -1, 0, -1, 0, 0, 1, 2, 2, 1], [0, -1, -1, 0, 0, 0, 0, 0, 0, -1, 0, 1, 0, 0, 0, 1, 0, 0, -1, -2, -2, -1], [0, -1, -1, 0, 0, 0, 0, 0, 0, -1, 1, 1, 1, 1, 0, 1, 0, 0, -1, -2, -2, -1], [0, 0, 0, 0, 0, 0, 0, 0, 0, 0, -1, -1, 0, 0, 0, 0, 0, 0, 0, 0, 0, 0], [-1, -1, -1, 0, -1, 0, 1, 1, -1, -1, 1, 1, 1, 0, -1, 1, 1, 0, 0, -1, -1, -1], [0, 1, 1, 0, 0, 0, 0, 0, 0, 1, 0, 0, 0, 0, 0, 0, 0, 0, 1, 2, 2, 1], [0, -1, -1, 0, 0, 0, 0, 0, 0, -1, 0, 0, 0, 0, 0, 1, 1, 0, -1, -2, -2, -1], [0, 1, 1, 0, 0, 0, 0, 0, 0, 1, 0, 0, 0, 0, 0, -1, 0, 1, 1, 2, 2, 1], [0, 1, 1, 0, 0, 0, 0, 0, 0, 1, 0, 0, 0, 0, 0, -1, 0, 0, 2, 2, 2, 1], [0, 0, 0, 0, 0, 0, 0, 0, 0, 0, 0, 0, 0, 0, 0, 0, 0, 0, 0, 1, 0, 0], [0, 0, 0, 0, 0, 0, 0, 0, 0, 0, 0, 0, 0, 0, 0, 0, 0, 0, 0, 0, 1, 0], [0, 0, 0, 0, 0, 0, 0, 0, 0, 0, 0, 0, 0, 0, 0, 0, 0, 0, 0, 0, 0, 1]]
[[1, 0, 0, 0, 0, 0, 0, 0, 0, 0, 0, 0, 0, 0, 0, 0, 0, 0, 0, 0, 0, 0], [0, 1, 0, 0, 0, 0, 0, 0, 0, 0, 0, 0, 0, 0, 0, 0, 0, 0, 0, 0, 0, 0], [0, 0, 1, 0, 0, 0, 0, 0, 0, 0, 0, 0, 0, 0, 0, 0, 0, 0, 0, 0, 0, 0], [-1, -1, -1, 0, -1, -1, 2, 1, -1, 0, 1, 1, 0, 0, -1, 1, 0, 0, 0, -1, -1, -1], [-1, -1, -1, -1, 0, -1, 2, 1, -1, 0, 1, 1, 0, 0, -1, 1, 0, 0, 0, -1, -1, -1], [1, 1, 1, 1, 1, 2, -2, -1, 1, 0, -1, -1, 0, 0, 1, -1, 0, 0, 0, 1, 1, 1], [0, 0, 0, 0, 0, 0, 1, 0, 0, 0, 0, 0, 0, 0, 0, 0, 0, 0, 0, 0, 0, 0], [-1, -1, -1, -1, -1, -1, 2, 2, -1, 0, 1, 1, 0, 0, -1, 1, 0, 0, 0, -1, -1, -1], [1, 1, 1, 1, 1, 1, -2, -1, 2, 0, -1, -1, 0, 0, 1, -1, 0, 0, 0, 1, 1, 1], [-1, -1, -1, -1, -1, -1, 2, 1, -1, 1, 1, 1, 0, 0, -1, 1, 0, 0, 0, -1, -1, -1], [1, 1, 1, 1, 1, 1, -2, -1, 1, 0, 0, -1, 0, 0, 1, -1, 0, 0, 0, 1, 1, 1], [1, 1, 1, 1, 1, 1, -2, -1, 1, 0, -1, 0, 0, 0, 1, -1, 0, 0, 0, 1, 1, 1], [0, 0, 0, 0, 0, 0, 0, 0, 0, 0, 0, 0, 1, 0, 0, 0, 0, 0, 0, 0, 0, 0], [-1, -1, -1, -1, -1, -1, 2, 1, -1, 0, 1, 1, 0, 1, -1, 1, 0, 0, 0, -1, -1, -1], [0, 0, 0, 0, 0, 0, 0, 0, 0, 0, 0, 0, 0, 0, 1, 0, 0, 0, 0, 0, 0, 0], [1, 1, 1, 1, 1, 1, -2, -1, 1, 0, -1, -1, 0, 0, 1, 0, 0, 0, 0, 1, 1, 1], [-2, -2, -2, -2, -2, -2, 4, 2, -2, 0, 2, 2, 0, 0, -2, 2, 1, 0, 0, -2, -2, -2], [1, 1, 1, 1, 1, 1, -2, -1, 1, 0, -1, -1, 0, 0, 1, -1, 0, 1, 0, 1, 1, 1], [0, 0, 0, 0, 0, 0, 0, 0, 0, 0, 0, 0, 0, 0, 0, 0, 0, 0, 1, 0, 0, 0], [1, 1, 1, 1, 1, 1, -2, -1, 1, 0, -1, -1, 0, 0, 1, -1, 0, 0, 0, 2, 1, 1], [0, 0, 0, 0, 0, 0, 0, 0, 0, 0, 0, 0, 0, 0, 0, 0, 0, 0, 0, 0, 1, 0], [-1, -1, -1, -1, -1, -1, 2, 1, -1, 0, 1, 1, 0, 0, -1, 1, 0, 0, 0, -1, -1, 0]]
[[1, 0, 0, 0, 0, 0, 0, 0, 0, 0, 0, 0, 0, 0, 0, 0, 0, 0, 0, 0, 0, 0], [0, 1, 0, 0, 0, 0, 0, 0, 0, 0, 0, 0, 0, 0, 0, 0, 0, 0, 0, 0, 0, 0], [0, 0, 1, 0, 0, 0, 0, 0, 0, 0, 0, 0, 0, 0, 0, 0, 0, 0, 0, 0, 0, 0], [0, 0, 0, 1, 0, 0, 0, 0, 0, 0, 0, 0, 0, 0, 0, 0, 0, 0, 0, 0, 0, 0], [0, 0, 0, 0, 1, 0, 0, 0, 0, 0, 0, 0, 0, 0, 0, 0, 0, 0, 0, 0, 0, 0], [0, 0, 0, 0, 0, 1, 0, 0, 0, 0, 0, 0, 0, 0, 0, 0, 0, 0, 0, 0, 0, 0], [0, 0, 0, 0, 0, 0, 1, 0, 0, 0, 0, 0, 0, 0, 0, 0, 0, 0, 0, 0, 0, 0], [0, 0, 0, 0, 0, 0, 0, 1, 0, 0, 0, 0, 0, 0, 0, 0, 0, 0, 0, 0, 0, 0], [0, 0, 0, 0, 0, 0, 0, 0, 1, 0, 0, 0, 0, 0, 0, 0, 0, 0, 0, 0, 0, 0], [0, 0, 0, 0, 0, 0, 0, 0, 0, 1, 0, 0, 0, 0, 0, 0, 0, 0, 0, 0, 0, 0], [0, 0, 0, 0, 0, 0, 0, 0, 0, 0, 1, 0, 0, 0, 0, 0, 0, 0, 0, 0, 0, 0], [0, 0, 0, 0, 0, 0, 0, 0, 0, 0, 0, 1, 0, 0, 0, 0, 0, 0, 0, 0, 0, 0], [0, 0, 0, 0, 0, 0, 0, 0, 0, 0, 0, 0, 1, 0, 0, 0, 0, 0, 0, 0, 0, 0], [0, 0, 0, 0, 0, 0, 0, 0, 0, 0, 0, 0, 0, 1, 0, 0, 0, 0, 0, 0, 0, 0], [0, 0, 0, 0, 0, 0, 0, 0, 0, 0, 0, 0, 0, 0, 1, 0, 0, 0, 0, 0, 0, 0], [0, 0, 0, 0, 0, 0, 0, 0, 0, 0, 0, 0, 0, 0, 0, 1, 0, 0, 0, 0, 0, 0], [0, 0, 0, 0, 0, 0, 0, 0, 0, 0, 0, 0, 0, 0, 0, 0, 1, 0, 0, 0, 0, 0], [0, 0, 0, 0, 0, 0, 0, 0, 0, 0, 0, 0, 0, 0, 0, 0, 0, 1, 0, 0, 0, 0], [0, 0, 0, 0, 0, 0, 0, 0, 0, 0, 0, 0, 0, 0, 0, 0, 0, 0, 1, 0, 0, 0], [0, 0, 0, 0, 0, 0, 0, 0, 0, 0, 0, 0, 0, 0, 0, 0, 0, 0, 0, 1, 0, 0], [0, 0, 0, 0, 0, 0, 0, 0, 0, 0, 0, 0, 0, 0, 0, 0, 0, 0, 0, 0, 1, 0], [0, 0, 0, 0, 0, 0, 0, 0, 0, 0, 0, 0, 0, 0, 0, 0, 0, 0, 0, 0, 0, 1]]
[[1, 0, 0, 0, 0, 0, 0, 0, 0, 0, 0, 0, 0, 0, 0, 0, 0, 0, 0, 0, 0, 0], [0, 1, 0, 0, 0, 0, 0, 0, 0, 0, 0, 0, 0, 0, 0, 0, 0, 0, 0, 0, 0, 0], [0, 0, 1, 0, 0, 0, 0, 0, 0, 0, 0, 0, 0, 0, 0, 0, 0, 0, 0, 0, 0, 0], [0, 0, 0, 1, 0, 0, 0, 0, 0, 0, 0, 0, 0, 0, 0, 0, 0, 0, 0, 0, 0, 0], [0, 0, 0, 0, 1, 0, 0, 0, 0, 0, 0, 0, 0, 0, 0, 0, 0, 0, 0, 0, 0, 0], [0, 0, 0, 0, 0, 1, 0, 0, 0, 0, 0, 0, 0, 0, 0, 0, 0, 0, 0, 0, 0, 0], [0, 0, 0, 0, 0, 0, 1, 0, 0, 0, 0, 0, 0, 0, 0, 0, 0, 0, 0, 0, 0, 0], [0, 0, 0, 0, 0, 0, 0, 1, 0, 0, 0, 0, 0, 0, 0, 0, 0, 0, 0, 0, 0, 0], [0, 0, 0, 0, 0, 0, 0, 0, 1, 0, 0, 0, 0, 0, 0, 0, 0, 0, 0, 0, 0, 0], [0, 0, 0, 0, 0, 0, 0, 0, 0, 1, 0, 0, 0, 0, 0, 0, 0, 0, 0, 0, 0, 0], [0, 0, 0, 0, 0, 0, 0, 0, 0, 0, 1, 0, 0, 0, 0, 0, 0, 0, 0, 0, 0, 0], [0, 0, 0, 0, 0, 0, 0, 0, 0, 0, 0, 1, 0, 0, 0, 0, 0, 0, 0, 0, 0, 0], [0, 0, 0, 0, 0, 0, 0, 0, 0, 0, 0, 0, 1, 0, 0, 0, 0, 0, 0, 0, 0, 0], [0, 0, 0, 0, 0, 0, 0, 0, 0, 0, 0, 0, 0, 1, 0, 0, 0, 0, 0, 0, 0, 0], [0, 0, 0, 0, 0, 0, 0, 0, 0, 0, 0, 0, 0, 0, 1, 0, 0, 0, 0, 0, 0, 0], [0, 0, 0, 0, 0, 0, 0, 0, 0, 0, 0, 0, 0, 0, 0, 1, 0, 0, 0, 0, 0, 0], [0, 0, 0, 0, 0, 0, 0, 0, 0, 0, 0, 0, 0, 0, 0, 0, 1, 0, 0, 0, 0, 0], [0, 0, 0, 0, 0, 0, 0, 0, 0, 0, 0, 0, 0, 0, 0, 0, 0, 1, 0, 0, 0, 0], [0, 0, 0, 0, 0, 0, 0, 0, 0, 0, 0, 0, 0, 0, 0, 0, 0, 0, 1, 0, 0, 0], [0, 0, 0, 0, 0, 0, 0, 0, 0, 0, 0, 0, 0, 0, 0, 0, 0, 0, 0, 1, 0, 0], [0, 0, 0, 0, 0, 0, 0, 0, 0, 0, 0, 0, 0, 0, 0, 0, 0, 0, 0, 0, 1, 0], [0, 0, 0, 0, 0, 0, 0, 0, 0, 0, 0, 0, 0, 0, 0, 0, 0, 0, 0, 0, 0, 1]]
[[1, 0, 0, 0, 0, 0, 0, 0, 0, 0, 0, 0, 0, 0, 0, 0, 0, 0, 0, 0, 0, 0], [0, 1, 0, 0, 0, 0, 0, 0, 0, 0, 0, 0, 0, 0, 0, 0, 0, 0, 0, 0, 0, 0], [0, 0, 1, 0, 0, 0, 0, 0, 0, 0, 0, 0, 0, 0, 0, 0, 0, 0, 0, 0, 0, 0], [0, 0, 0, 1, 0, 0, 0, 0, 0, 0, 0, 0, 0, 0, 0, 0, 0, 0, 0, 0, 0, 0], [0, 0, 0, 0, 1, 0, 0, 0, 0, 0, 0, 0, 0, 0, 0, 0, 0, 0, 0, 0, 0, 0], [0, 0, 0, 0, 0, 1, 0, 0, 0, 0, 0, 0, 0, 0, 0, 0, 0, 0, 0, 0, 0, 0], [0, 0, 0, 0, 0, 0, 1, 0, 0, 0, 0, 0, 0, 0, 0, 0, 0, 0, 0, 0, 0, 0], [0, 0, 0, 0, 0, 0, 0, 1, 0, 0, 0, 0, 0, 0, 0, 0, 0, 0, 0, 0, 0, 0], [0, 0, 0, 0, 0, 0, 0, 0, 1, 0, 0, 0, 0, 0, 0, 0, 0, 0, 0, 0, 0, 0], [0, 0, 0, 0, 0, 0, 0, 0, 0, 1, 0, 0, 0, 0, 0, 0, 0, 0, 0, 0, 0, 0], [0, 0, 0, 0, 0, 0, 0, 0, 0, 0, 1, 0, 0, 0, 0, 0, 0, 0, 0, 0, 0, 0], [0, 0, 0, 0, 0, 0, 0, 0, 0, 0, 0, 1, 0, 0, 0, 0, 0, 0, 0, 0, 0, 0], [0, 0, 0, 0, 0, 0, 0, 0, 0, 0, 0, 0, 1, 0, 0, 0, 0, 0, 0, 0, 0, 0], [0, 0, 0, 0, 0, 0, 0, 0, 0, 0, 0, 0, 0, 1, 0, 0, 0, 0, 0, 0, 0, 0], [0, 0, 0, 0, 0, 0, 0, 0, 0, 0, 0, 0, 0, 0, 1, 0, 0, 0, 0, 0, 0, 0], [0, 0, 0, 0, 0, 0, 0, 0, 0, 0, 0, 0, 0, 0, 0, 1, 0, 0, 0, 0, 0, 0], [0, 0, 0, 0, 0, 0, 0, 0, 0, 0, 0, 0, 0, 0, 0, 0, 1, 0, 0, 0, 0, 0], [0, 0, 0, 0, 0, 0, 0, 0, 0, 0, 0, 0, 0, 0, 0, 0, 0, 1, 0, 0, 0, 0], [0, 0, 0, 0, 0, 0, 0, 0, 0, 0, 0, 0, 0, 0, 0, 0, 0, 0, 1, 0, 0, 0], [0, 0, 0, 0, 0, 0, 0, 0, 0, 0, 0, 0, 0, 0, 0, 0, 0, 0, 0, 1, 0, 0], [0, 0, 0, 0, 0, 0, 0, 0, 0, 0, 0, 0, 0, 0, 0, 0, 0, 0, 0, 0, 1, 0], [0, 0, 0, 0, 0, 0, 0, 0, 0, 0, 0, 0, 0, 0, 0, 0, 0, 0, 0, 0, 0, 1]]
[[-1, -1, -2, 1, -2, 0, -2, -1, -2, -3, -1, 0, 0, 1, -2, -1, 0, 0, -2, -2, -3, -2], [-1, 0, -2, 1, -1, 0, -2, -1, -1, -3, -1, 0, 0, 1, -1, -1, 0, 0, -2, -2, -3, -2], [-1, -1, -1, 1, -1, 0, -2, -1, -1, -3, -1, 0, 0, 1, -1, -1, 0, 0, -2, -2, -3, -2], [0, 0, 0, 0, 0, 0, 1, 1, 0, 1, 1, 0, 0, -1, 0, 0, 0, -1, 0, 0, 0, 0], [0, 0, 0, 0, -1, 0, 0, 0, -1, 1, 0, -1, -1, -1, 0, 0, -1, -1, -1, -1, -1, 0], [0, 0, 0, 0, 0, 1, 0, 0, 0, 0, 0, 0, 0, 0, 0, 0, 0, 0, 0, 0, 0, 0], [-2, -1, -2, 1, -2, 0, -1, -1, -2, -3, -1, 0, 0, 1, -2, -1, 0, 0, -2, -2, -3, -2], [0, 0, 0, 0, 0, 0, 0, 0, -1, 1, 1, 0, 0, 0, 0, 0, 0, 0, 0, 0, 0, 0], [1, 1, 2, -1, 1, 0, 2, 1, 2, 3, 1, 0, 0, -1, 1, 1, 0, 0, 2, 2, 3, 2], [0, 0, 0, 0, 0, 0, 0, 0, 0, 1, 0, 0, 0, 0, 0, 0, 0, 0, 0, 0, 0, 0], [1, 1, 2, -1, 1, 0, 2, 2, 2, 2, 1, 0, 0, -1, 1, 1, 0, 0, 2, 2, 3, 2], [-1, -1, -2, 1, -1, 0, -2, -1, -1, -3, -1, 1, 0, 1, -1, -1, 0, 0, -2, -2, -3, -2], [-1, -1, -2, 1, -1, 0, -2, -1, -1, -3, -1, 0, 1, 1, -1, -1, 0, 0, -2, -2, -3, -2], [1, 0, 0, 0, 0, 1, 0, 0, 0, 0, 0, 0, 0, 0, 0, 1, 1, 0, 1, -1, 0, 0], [-1, 0, 0, 0, 1, 0, 0, 0, 0, -1, 0, 1, 1, 1, 0, 0, 1, 1, 1, 1, 1, 0], [2, 0, 0, -1, 1, 1, 1, 1, 1, 1, 1, 0, 0, -2, 1, 2, 1, -1, 1, -1, 0, 0], [0, 0, 0, 1, 0, 0, -1, -1, 0, -1, -1, 0, 0, 1, 0, 0, 1, 1, 0, 0, 0, 0], [-2, 0, 0, -1, -1, -1, 1, 1, -1, 1, 1, 0, 0, 0, -1, -1, -1, 0, -1, 1, 0, 0], [0, 1, 2, -1, 1, -1, 2, 1, 1, 3, 1, 0, 0, 0, 1, 0, -1, 0, 2, 3, 3, 2], [1, 0, 0, 0, 0, 1, 0, 0, 0, 0, 0, 0, 0, -1, 0, 1, 1, 0, 1, 0, 0, 0], [1, 0, 0, 0, 1, 0, 0, 0, 1, 0, 0, 0, 0, 0, 1, 0, 0, 0, 0, 0, 1, 0], [0, 0, 0, 0, 0, 0, 0, 0, 0, 0, 0, 0, 0, 0, 0, 0, 0, 0, 0, 0, 0, 1]]
[[1, 0, 0, 0, 0, 0, 0, 0, 0, 0, 0, 0, 0, 0, 0, 0, 0, 0, 0, 0, 0, 0], [0, 1, 0, 0, 0, 0, 0, 0, 0, 0, 0, 0, 0, 0, 0, 0, 0, 0, 0, 0, 0, 0], [0, 0, 1, 0, 0, 0, 0, 0, 0, 0, 0, 0, 0, 0, 0, 0, 0, 0, 0, 0, 0, 0], [0, 0, 0, 1, 0, 0, 0, 0, 0, 0, 0, 0, 0, 0, 0, 0, 0, 0, 0, 0, 0, 0], [0, 0, 0, 0, 1, 0, 0, 0, 0, 0, 0, 0, 0, 0, 0, 0, 0, 0, 0, 0, 0, 0], [0, 0, 0, 0, 0, 1, 0, 0, 0, 0, 0, 0, 0, 0, 0, 0, 0, 0, 0, 0, 0, 0], [0, 0, 0, 0, 0, 0, 1, 0, 0, 0, 0, 0, 0, 0, 0, 0, 0, 0, 0, 0, 0, 0], [0, 0, 0, 0, 0, 0, 0, 1, 0, 0, 0, 0, 0, 0, 0, 0, 0, 0, 0, 0, 0, 0], [0, 0, 0, 0, 0, 0, 0, 0, 1, 0, 0, 0, 0, 0, 0, 0, 0, 0, 0, 0, 0, 0], [0, 0, 0, 0, 0, 0, 0, 0, 0, 1, 0, 0, 0, 0, 0, 0, 0, 0, 0, 0, 0, 0], [0, 0, 0, 0, 0, 0, 0, 0, 0, 0, 1, 0, 0, 0, 0, 0, 0, 0, 0, 0, 0, 0], [0, 0, 0, 0, 0, 0, 0, 0, 0, 0, 0, 1, 0, 0, 0, 0, 0, 0, 0, 0, 0, 0], [0, 0, 0, 0, 0, 0, 0, 0, 0, 0, 0, 0, 1, 0, 0, 0, 0, 0, 0, 0, 0, 0], [0, 0, 0, 0, 0, 0, 0, 0, 0, 0, 0, 0, 0, 1, 0, 0, 0, 0, 0, 0, 0, 0], [0, 0, 0, 0, 0, 0, 0, 0, 0, 0, 0, 0, 0, 0, 1, 0, 0, 0, 0, 0, 0, 0], [0, 0, 0, 0, 0, 0, 0, 0, 0, 0, 0, 0, 0, 0, 0, 1, 0, 0, 0, 0, 0, 0], [0, 0, 0, 0, 0, 0, 0, 0, 0, 0, 0, 0, 0, 0, 0, 0, 1, 0, 0, 0, 0, 0], [0, 0, 0, 0, 0, 0, 0, 0, 0, 0, 0, 0, 0, 0, 0, 0, 0, 1, 0, 0, 0, 0], [0, 0, 0, 0, 0, 0, 0, 0, 0, 0, 0, 0, 0, 0, 0, 0, 0, 0, 1, 0, 0, 0], [0, 0, 0, 0, 0, 0, 0, 0, 0, 0, 0, 0, 0, 0, 0, 0, 0, 0, 0, 1, 0, 0], [0, 0, 0, 0, 0, 0, 0, 0, 0, 0, 0, 0, 0, 0, 0, 0, 0, 0, 0, 0, 1, 0], [0, 0, 0, 0, 0, 0, 0, 0, 0, 0, 0, 0, 0, 0, 0, 0, 0, 0, 0, 0, 0, 1]]
[[1, 0, 0, 0, 0, 0, 0, 0, 0, 0, 0, 0, 0, 0, 0, 0, 0, 0, 0, 0, 0, 0], [0, 1, 0, 0, 0, 0, 0, 0, 0, 0, 0, 0, 0, 0, 0, 0, 0, 0, 0, 0, 0, 0], [0, 0, 1, 0, 0, 0, 0, 0, 0, 0, 0, 0, 0, 0, 0, 0, 0, 0, 0, 0, 0, 0], [0, 0, 0, 1, 0, 0, 0, 0, 0, 0, 0, 0, 0, 0, 0, 0, 0, 0, 0, 0, 0, 0], [0, 0, 0, 0, 1, 0, 0, 0, 0, 0, 0, 0, 0, 0, 0, 0, 0, 0, 0, 0, 0, 0], [0, 0, 0, 0, 0, 1, 0, 0, 0, 0, 0, 0, 0, 0, 0, 0, 0, 0, 0, 0, 0, 0], [0, 0, 0, 0, 0, 0, 1, 0, 0, 0, 0, 0, 0, 0, 0, 0, 0, 0, 0, 0, 0, 0], [0, 0, 0, 0, 0, 0, 0, 1, 0, 0, 0, 0, 0, 0, 0, 0, 0, 0, 0, 0, 0, 0], [0, 0, 0, 0, 0, 0, 0, 0, 1, 0, 0, 0, 0, 0, 0, 0, 0, 0, 0, 0, 0, 0], [0, 0, 0, 0, 0, 0, 0, 0, 0, 1, 0, 0, 0, 0, 0, 0, 0, 0, 0, 0, 0, 0], [0, 0, 0, 0, 0, 0, 0, 0, 0, 0, 1, 0, 0, 0, 0, 0, 0, 0, 0, 0, 0, 0], [0, 0, 0, 0, 0, 0, 0, 0, 0, 0, 0, 1, 0, 0, 0, 0, 0, 0, 0, 0, 0, 0], [0, 0, 0, 0, 0, 0, 0, 0, 0, 0, 0, 0, 1, 0, 0, 0, 0, 0, 0, 0, 0, 0], [0, 0, 0, 0, 0, 0, 0, 0, 0, 0, 0, 0, 0, 1, 0, 0, 0, 0, 0, 0, 0, 0], [0, 0, 0, 0, 0, 0, 0, 0, 0, 0, 0, 0, 0, 0, 1, 0, 0, 0, 0, 0, 0, 0], [0, 0, 0, 0, 0, 0, 0, 0, 0, 0, 0, 0, 0, 0, 0, 1, 0, 0, 0, 0, 0, 0], [0, 0, 0, 0, 0, 0, 0, 0, 0, 0, 0, 0, 0, 0, 0, 0, 1, 0, 0, 0, 0, 0], [0, 0, 0, 0, 0, 0, 0, 0, 0, 0, 0, 0, 0, 0, 0, 0, 0, 1, 0, 0, 0, 0], [0, 0, 0, 0, 0, 0, 0, 0, 0, 0, 0, 0, 0, 0, 0, 0, 0, 0, 1, 0, 0, 0], [0, 0, 0, 0, 0, 0, 0, 0, 0, 0, 0, 0, 0, 0, 0, 0, 0, 0, 0, 1, 0, 0], [0, 0, 0, 0, 0, 0, 0, 0, 0, 0, 0, 0, 0, 0, 0, 0, 0, 0, 0, 0, 1, 0], [0, 0, 0, 0, 0, 0, 0, 0, 0, 0, 0, 0, 0, 0, 0, 0, 0, 0, 0, 0, 0, 1]]
[[1, 0, 0, 0, 0, 0, 0, 0, 0, 0, 0, 0, 0, 0, 0, 0, 0, 0, 0, 0, 0, 0], [0, 1, 0, 0, 0, 0, 0, 0, 0, 0, 0, 0, 0, 0, 0, 0, 0, 0, 0, 0, 0, 0], [0, 0, 1, 0, 0, 0, 0, 0, 0, 0, 0, 0, 0, 0, 0, 0, 0, 0, 0, 0, 0, 0], [0, 0, 0, 1, 0, 0, 0, 0, 0, 0, 0, 0, 0, 0, 0, 0, 0, 0, 0, 0, 0, 0], [0, 0, 0, 0, 1, 0, 0, 0, 0, 0, 0, 0, 0, 0, 0, 0, 0, 0, 0, 0, 0, 0], [0, 0, 0, 0, 0, 1, 0, 0, 0, 0, 0, 0, 0, 0, 0, 0, 0, 0, 0, 0, 0, 0], [0, 0, 0, 0, 0, 0, 1, 0, 0, 0, 0, 0, 0, 0, 0, 0, 0, 0, 0, 0, 0, 0], [0, 0, 0, 0, 0, 0, 0, 1, 0, 0, 0, 0, 0, 0, 0, 0, 0, 0, 0, 0, 0, 0], [0, 0, 0, 0, 0, 0, 0, 0, 1, 0, 0, 0, 0, 0, 0, 0, 0, 0, 0, 0, 0, 0], [0, 0, 0, 0, 0, 0, 0, 0, 0, 1, 0, 0, 0, 0, 0, 0, 0, 0, 0, 0, 0, 0], [0, 0, 0, 0, 0, 0, 0, 0, 0, 0, 1, 0, 0, 0, 0, 0, 0, 0, 0, 0, 0, 0], [0, 0, 0, 0, 0, 0, 0, 0, 0, 0, 0, 1, 0, 0, 0, 0, 0, 0, 0, 0, 0, 0], [0, 0, 0, 0, 0, 0, 0, 0, 0, 0, 0, 0, 1, 0, 0, 0, 0, 0, 0, 0, 0, 0], [0, 0, 0, 0, 0, 0, 0, 0, 0, 0, 0, 0, 0, 1, 0, 0, 0, 0, 0, 0, 0, 0], [0, 0, 0, 0, 0, 0, 0, 0, 0, 0, 0, 0, 0, 0, 1, 0, 0, 0, 0, 0, 0, 0], [0, 0, 0, 0, 0, 0, 0, 0, 0, 0, 0, 0, 0, 0, 0, 1, 0, 0, 0, 0, 0, 0], [0, 0, 0, 0, 0, 0, 0, 0, 0, 0, 0, 0, 0, 0, 0, 0, 1, 0, 0, 0, 0, 0], [0, 0, 0, 0, 0, 0, 0, 0, 0, 0, 0, 0, 0, 0, 0, 0, 0, 1, 0, 0, 0, 0], [0, 0, 0, 0, 0, 0, 0, 0, 0, 0, 0, 0, 0, 0, 0, 0, 0, 0, 1, 0, 0, 0], [0, 0, 0, 0, 0, 0, 0, 0, 0, 0, 0, 0, 0, 0, 0, 0, 0, 0, 0, 1, 0, 0], [0, 0, 0, 0, 0, 0, 0, 0, 0, 0, 0, 0, 0, 0, 0, 0, 0, 0, 0, 0, 1, 0], [0, 0, 0, 0, 0, 0, 0, 0, 0, 0, 0, 0, 0, 0, 0, 0, 0, 0, 0, 0, 0, 1]]
[[0, -1, -1, 1, 0, -1, 1, 1, 0, -1, 1, 1, 1, 0, -1, 0, 1, 1, 0, 1, 1, 0], [-1, 0, -1, 1, 0, -1, 1, 1, 0, -1, 1, 1, 1, 0, -1, 0, 1, 1, 0, 1, 1, 0], [-1, -1, 0, 1, 0, -1, 1, 1, 0, -1, 1, 1, 1, 0, -1, 0, 1, 1, 0, 1, 1, 0], [0, 1, 1, 0, 0, 0, 0, 0, 0, 1, 0, 0, 0, 0, 0, 0, 0, 0, 1, 1, 1, 1], [0, 0, 0, 0, 1, 0, 0, 0, 0, 0, 0, 0, 0, 0, 0, 0, 0, 0, 0, 0, 0, 0], [-1, 0, 0, 0, 0, 0, 1, 1, 0, 0, 1, 1, 1, 0, -1, 0, 1, 1, 1, 2, 2, 1], [-1, 0, 0, 0, 0, -1, 2, 1, 0, 0, 1, 1, 1, 0, -1, 0, 1, 1, 1, 2, 2, 1], [0, 0, 0, 0, 0, 0, 0, 1, 0, 0, 0, 0, 0, 0, 0, 0, 0, 0, 0, 0, 0, 0], [0, 0, 0, 0, 0, 0, 0, 0, 0, 1, 1, 0, 0, 0, 0, 0, 0, 0, 0, 1, 0, 0], [0, 0, 0, 0, 0, 0, 0, 0, 0, 1, 0, 0, 0, 0, 0, 0, 0, 0, 0, 0, 0, 0], [0, 0, 0, 0, 0, 0, 0, 0, 0, 0, 1, 0, 0, 0, 0, 0, 0, 0, 0, 0, 0, 0], [-1, -1, -1, 1, 0, -1, 1, 1, 0, -1, 1, 2, 1, 0, -1, 0, 1, 1, 0, 1, 1, 0], [-1, -1, -1, 1, 0, -1, 1, 1, 0, -1, 1, 1, 2, 0, -1, 0, 1, 1, 0, 1, 1, 0], [1, 1, 1, -1, 0, 1, -1, -1, 1, 0, -2, -1, -1, 1, 1, 0, -1, -1, 0, -2, -1, 0], [0, 1, 1, -1, 0, 0, 0, 0, 1, 0, -1, 0, 0, 0, 1, 0, 0, 0, 1, 0, 1, 1], [1, 1, 1, -1, 0, 1, -1, -1, 1, 0, -2, -1, -1, 0, 1, 1, -1, -1, 0, -2, -1, 0], [2, 1, 1, -1, 0, 2, -2, -2, 1, 0, -3, -2, -2, 0, 2, 0, -1, -2, -1, -4, -3, -1], [-2, -1, -1, 1, 0, -2, 2, 2, -1, 0, 3, 2, 2, 0, -2, 0, 2, 3, 1, 4, 3, 1], [0, 0, 0, 0, 0, 0, 0, 0, -1, 1, 1, 0, 0, 0, 0, 0, 0, 0, 1, 1, 0, 0], [0, 0, 0, 0, 0, 0, 0, 0, 1, -1, -1, 0, 0, 0, 0, 0, 0, 0, 0, 0, 0, 0], [1, 1, 1, -1, 0, 1, -1, -1, 0, 1, -1, -1, -1, 0, 1, 0, -1, -1, 0, -1, 0, 0], [1, 0, 0, 0, 0, 1, -1, -1, 0, 0, -1, -1, -1, 0, 1, 0, -1, -1, -1, -2, -2, 0]]
[[1, 0, 0, 0, 0, 0, 0, 0, 0, 0, 0, 0, 0, 0, 0, 0, 0, 0, 0, 0, 0, 0], [0, 1, 0, 0, 0, 0, 0, 0, 0, 0, 0, 0, 0, 0, 0, 0, 0, 0, 0, 0, 0, 0], [0, 0, 1, 0, 0, 0, 0, 0, 0, 0, 0, 0, 0, 0, 0, 0, 0, 0, 0, 0, 0, 0], [0, 0, 0, 1, 0, 0, 0, 0, 0, 0, 0, 0, 0, 0, 0, 0, 0, 0, 0, 0, 0, 0], [0, 0, 0, 0, 1, 0, 0, 0, 0, 0, 0, 0, 0, 0, 0, 0, 0, 0, 0, 0, 0, 0], [0, 0, 0, 0, 0, 1, 0, 0, 0, 0, 0, 0, 0, 0, 0, 0, 0, 0, 0, 0, 0, 0], [0, 0, 0, 0, 0, 0, 1, 0, 0, 0, 0, 0, 0, 0, 0, 0, 0, 0, 0, 0, 0, 0], [0, 0, 0, 0, 0, 0, 0, 1, 0, 0, 0, 0, 0, 0, 0, 0, 0, 0, 0, 0, 0, 0], [0, 0, 0, 0, 0, 0, 0, 0, 1, 0, 0, 0, 0, 0, 0, 0, 0, 0, 0, 0, 0, 0], [0, 0, 0, 0, 0, 0, 0, 0, 0, 1, 0, 0, 0, 0, 0, 0, 0, 0, 0, 0, 0, 0], [0, 0, 0, 0, 0, 0, 0, 0, 0, 0, 1, 0, 0, 0, 0, 0, 0, 0, 0, 0, 0, 0], [0, 0, 0, 0, 0, 0, 0, 0, 0, 0, 0, 1, 0, 0, 0, 0, 0, 0, 0, 0, 0, 0], [0, 0, 0, 0, 0, 0, 0, 0, 0, 0, 0, 0, 1, 0, 0, 0, 0, 0, 0, 0, 0, 0], [0, 0, 0, 0, 0, 0, 0, 0, 0, 0, 0, 0, 0, 1, 0, 0, 0, 0, 0, 0, 0, 0], [0, 0, 0, 0, 0, 0, 0, 0, 0, 0, 0, 0, 0, 0, 1, 0, 0, 0, 0, 0, 0, 0], [0, 0, 0, 0, 0, 0, 0, 0, 0, 0, 0, 0, 0, 0, 0, 1, 0, 0, 0, 0, 0, 0], [0, 0, 0, 0, 0, 0, 0, 0, 0, 0, 0, 0, 0, 0, 0, 0, 1, 0, 0, 0, 0, 0], [0, 0, 0, 0, 0, 0, 0, 0, 0, 0, 0, 0, 0, 0, 0, 0, 0, 1, 0, 0, 0, 0], [0, 0, 0, 0, 0, 0, 0, 0, 0, 0, 0, 0, 0, 0, 0, 0, 0, 0, 1, 0, 0, 0], [0, 0, 0, 0, 0, 0, 0, 0, 0, 0, 0, 0, 0, 0, 0, 0, 0, 0, 0, 1, 0, 0], [0, 0, 0, 0, 0, 0, 0, 0, 0, 0, 0, 0, 0, 0, 0, 0, 0, 0, 0, 0, 1, 0], [0, 0, 0, 0, 0, 0, 0, 0, 0, 0, 0, 0, 0, 0, 0, 0, 0, 0, 0, 0, 0, 1]]
[[1, 0, 0, 0, 0, 0, 0, 0, 0, 0, 0, 0, 0, 0, 0, 0, 0, 0, 0, 0, 0, 0], [0, 1, 0, 0, 0, 0, 0, 0, 0, 0, 0, 0, 0, 0, 0, 0, 0, 0, 0, 0, 0, 0], [0, 0, 1, 0, 0, 0, 0, 0, 0, 0, 0, 0, 0, 0, 0, 0, 0, 0, 0, 0, 0, 0], [0, 0, 0, 1, 0, 0, 0, 0, 0, 0, 0, 0, 0, 0, 0, 0, 0, 0, 0, 0, 0, 0], [0, 0, 0, 0, 1, 0, 0, 0, 0, 0, 0, 0, 0, 0, 0, 0, 0, 0, 0, 0, 0, 0], [0, 0, 0, 0, 0, 1, 0, 0, 0, 0, 0, 0, 0, 0, 0, 0, 0, 0, 0, 0, 0, 0], [0, 0, 0, 0, 0, 0, 1, 0, 0, 0, 0, 0, 0, 0, 0, 0, 0, 0, 0, 0, 0, 0], [0, 0, 0, 0, 0, 0, 0, 1, 0, 0, 0, 0, 0, 0, 0, 0, 0, 0, 0, 0, 0, 0], [0, 0, 0, 0, 0, 0, 0, 0, 1, 0, 0, 0, 0, 0, 0, 0, 0, 0, 0, 0, 0, 0], [0, 0, 0, 0, 0, 0, 0, 0, 0, 1, 0, 0, 0, 0, 0, 0, 0, 0, 0, 0, 0, 0], [0, 0, 0, 0, 0, 0, 0, 0, 0, 0, 1, 0, 0, 0, 0, 0, 0, 0, 0, 0, 0, 0], [0, 0, 0, 0, 0, 0, 0, 0, 0, 0, 0, 1, 0, 0, 0, 0, 0, 0, 0, 0, 0, 0], [0, 0, 0, 0, 0, 0, 0, 0, 0, 0, 0, 0, 1, 0, 0, 0, 0, 0, 0, 0, 0, 0], [0, 0, 0, 0, 0, 0, 0, 0, 0, 0, 0, 0, 0, 1, 0, 0, 0, 0, 0, 0, 0, 0], [0, 0, 0, 0, 0, 0, 0, 0, 0, 0, 0, 0, 0, 0, 1, 0, 0, 0, 0, 0, 0, 0], [0, 0, 0, 0, 0, 0, 0, 0, 0, 0, 0, 0, 0, 0, 0, 1, 0, 0, 0, 0, 0, 0], [0, 0, 0, 0, 0, 0, 0, 0, 0, 0, 0, 0, 0, 0, 0, 0, 1, 0, 0, 0, 0, 0], [0, 0, 0, 0, 0, 0, 0, 0, 0, 0, 0, 0, 0, 0, 0, 0, 0, 1, 0, 0, 0, 0], [0, 0, 0, 0, 0, 0, 0, 0, 0, 0, 0, 0, 0, 0, 0, 0, 0, 0, 1, 0, 0, 0], [0, 0, 0, 0, 0, 0, 0, 0, 0, 0, 0, 0, 0, 0, 0, 0, 0, 0, 0, 1, 0, 0], [0, 0, 0, 0, 0, 0, 0, 0, 0, 0, 0, 0, 0, 0, 0, 0, 0, 0, 0, 0, 1, 0], [0, 0, 0, 0, 0, 0, 0, 0, 0, 0, 0, 0, 0, 0, 0, 0, 0, 0, 0, 0, 0, 1]]
[[1, 0, 0, 0, -1, 0, 1, 0, -1, 1, 1, 0, 0, 0, -1, 0, 0, 0, 1, 1, 1, 0], [0, 0, -1, 0, -1, -1, 1, 0, -2, 0, 1, 0, 0, 1, -2, -1, -1, 1, 1, 3, 2, 0], [0, 0, 1, 0, 0, 0, 0, 0, 0, 0, 0, 0, 0, 0, 0, 0, 0, 0, 0, 0, 0, 0], [0, -1, -1, 1, -1, -1, 1, 0, -2, 0, 1, 0, 0, 1, -2, -1, -1, 1, 1, 3, 2, 0], [0, 0, 0, 0, -1, -1, 2, 0, -2, 2, 2, 0, 0, 1, -2, -1, -1, 1, 2, 4, 4, 1], [0, 0, 0, 0, 1, 1, -1, 0, 1, -1, -1, 0, 0, 0, 1, 0, 0, 0, -1, -1, -1, 0], [0, 0, 0, 0, 0, 0, 1, 0, 0, 0, 0, 0, 0, 0, 0, 0, 0, 0, 0, 0, 0, 0], [0, -1, -1, 0, -2, -1, 2, 1, -3, 1, 2, 0, 0, 1, -3, -1, -1, 1, 2, 4, 3, 0], [0, 0, 0, 0, 1, 0, -1, 0, 2, -1, -1, 0, 0, 0, 1, 0, 0, 0, -1, -1, -1, 0], [0, -1, -1, 0, -1, -1, 1, 0, -2, 1, 1, 0, 0, 1, -2, -1, -1, 1, 1, 3, 2, 0], [0, 0, 0, 0, 1, 0, -1, 0, 1, -1, 0, 0, 0, 0, 1, 0, 0, 0, -1, -1, -1, 0], [0, 0, 0, 0, 0, 0, 0, 0, 0, 0, 0, 1, 0, 0, 0, 0, 0, 0, 0, 0, 0, 0], [0, 0, 0, 0, 0, 0, 0, 0, 0, 0, 0, 0, 1, 0, 0, 0, 0, 0, 0, 0, 0, 0], [0, 0, 0, 0, 0, 1, 0, 0, 0, 0, 0, 0, 0, 0, 0, 1, 1, -1, 0, -2, -2, -1], [0, 0, 0, 0, 1, 1, -1, 0, 1, -1, -1, 0, 0, -1, 2, 1, 1, -1, -1, -3, -3, -1], [0, 1, 1, 0, 1, 2, -1, 0, 2, 0, -1, 0, 0, -2, 2, 3, 2, -2, -1, -5, -4, -1], [0, 0, 0, 0, 0, 0, 0, 0, 0, 0, 0, 0, 0, 0, 0, 0, 1, 0, 0, 0, 0, 0], [0, -1, -1, 0, -1, -1, 1, 0, -2, 0, 1, 0, 0, 1, -2, -1, -1, 2, 1, 3, 2, 0], [0, 0, 0, 0, 0, -1, 0, 0, 0, 0, 0, 0, 0, 1, 0, -1, -1, 1, 1, 2, 2, 1], [0, 1, 1, 0, 1, 1, -1, 0, 2, 0, -1, 0, 0, -1, 2, 1, 1, -1, -1, -2, -2, 0], [0, 0, 0, 0, 1, 1, -1, 0, 1, -1, -1, 0, 0, -1, 1, 1, 1, -1, -1, -3, -2, -1], [0, 0, 0, 0, -1, 0, 1, 0, -1, 1, 1, 0, 0, 0, -1, 0, 0, 0, 1, 1, 1, 1]]
[[1, 0, 0, 0, 0, 0, 0, 0, 0, 0, 0, 0, 0, 0, 0, 0, 0, 0, 0, 0, 0, 0], [2, 0, 1, 0, 0, 1, 2, 2, 1, 2, 2, 0, 0, -2, 0, 2, 1, -1, 1, 0, 1, 1], [1, -1, 1, 0, 0, 1, 1, 1, 0, 1, 1, 0, 0, -1, 0, 1, 0, -1, 0, -1, 0, 0], [-1, 1, 0, 1, 0, -1, -1, -1, 0, -1, -1, 0, 0, 1, 0, -1, 0, 1, 0, 1, 0, 0], [-1, 1, 0, 0, 1, -1, -1, -1, 0, -1, -1, 0, 0, 1, 0, -1, 0, 1, 0, 1, 0, 0], [2, -1, 1, 0, 0, 2, 2, 2, 1, 2, 2, 0, 0, -2, 0, 2, 1, -1, 1, 0, 1, 1], [0, 0, 0, 0, 0, 0, 1, 0, 0, 0, 0, 0, 0, 0, 0, 0, 0, 0, 0, 0, 0, 0], [-2, 1, 0, 0, 0, -2, -1, -1, 0, -1, -2, 0, -1, 1, 0, -2, -1, 1, -1, 1, 0, 0], [2, -1, 0, 0, 0, 2, 1, 2, 1, 1, 2, 0, 1, -1, 0, 2, 1, -1, 1, -1, 0, 0], [-1, 1, 0, 0, 0, -1, -1, -1, 0, 0, -1, 0, 0, 1, 0, -1, 0, 1, 0, 1, 0, 0], [1, -1, 0, 0, 0, 1, 1, 1, 0, 1, 2, 0, 0, -1, 0, 1, 0, -1, 0, -1, 0, 0], [3, -1, 1, 0, 0, 2, 2, 3, 1, 2, 3, 1, 1, -2, 0, 3, 2, -1, 2, 0, 1, 1], [2, -1, 1, 0, 0, 1, 2, 2, 1, 2, 2, 0, 1, -2, 0, 2, 1, -1, 1, 0, 1, 1], [-4, 2, -1, 0, 0, -3, -3, -4, -1, -3, -4, 0, -1, 4, 0, -4, -2, 2, -2, 1, -1, -1], [-1, 0, 0, 0, 0, -1, 0, -1, 0, 0, -1, 0, -1, 0, 1, -1, -1, 0, -1, 0, 0, 0], [0, 0, 0, 0, 0, 0, 0, 0, 0, 0, 0, 0, 0, 0, 0, 1, 0, 0, 0, 0, 0, 0], [-5, 2, -2, 0, 0, -3, -4, -5, -2, -4, -5, 0, -1, 4, 0, -5, -2, 2, -3, 0, -2, -2], [3, -2, 1, 0, 0, 2, 3, 3, 1, 3, 3, 0, 0, -3, 0, 3, 1, -1, 1, -1, 1, 1], [0, 0, 0, 0, 0, 0, 0, 0, 0, 0, 0, 0, 0, 0, 0, 0, 0, 0, 1, 0, 0, 0], [1, -1, 0, 0, 0, 1, 1, 1, 0, 1, 1, 0, 0, -1, 0, 1, 0, -1, 0, 0, 0, 0], [-1, 1, 0, 0, 0, -1, -1, -1, 0, -1, -1, 0, 0, 1, 0, -1, 0, 1, 0, 1, 1, 0], [-2, 1, -1, 0, 0, -1, -2, -2, -1, -2, -2, 0, 0, 2, 0, -2, -1, 1, -1, 0, -1, 0]]
[[1, 0, 0, 0, 0, 0, 0, 0, 0, 0, 0, 0, 0, 0, 0, 0, 0, 0, 0, 0, 0, 0], [0, 1, 0, 0, 0, 0, 0, 0, 0, 0, 0, 0, 0, 0, 0, 0, 0, 0, 0, 0, 0, 0], [0, 0, 1, 0, 0, 0, 0, 0, 0, 0, 0, 0, 0, 0, 0, 0, 0, 0, 0, 0, 0, 0], [0, 0, 0, 1, 0, 0, 0, 0, 0, 0, 0, 0, 0, 0, 0, 0, 0, 0, 0, 0, 0, 0], [0, 0, 0, 0, 1, 0, 0, 0, 0, 0, 0, 0, 0, 0, 0, 0, 0, 0, 0, 0, 0, 0], [0, 0, 0, 0, 0, 1, 0, 0, 0, 0, 0, 0, 0, 0, 0, 0, 0, 0, 0, 0, 0, 0], [0, 0, 0, 0, 0, 0, 1, 0, 0, 0, 0, 0, 0, 0, 0, 0, 0, 0, 0, 0, 0, 0], [0, 0, 0, 0, 0, 0, 0, 1, 0, 0, 0, 0, 0, 0, 0, 0, 0, 0, 0, 0, 0, 0], [0, 0, 0, 0, 0, 0, 0, 0, 1, 0, 0, 0, 0, 0, 0, 0, 0, 0, 0, 0, 0, 0], [0, 0, 0, 0, 0, 0, 0, 0, 0, 1, 0, 0, 0, 0, 0, 0, 0, 0, 0, 0, 0, 0], [0, 0, 0, 0, 0, 0, 0, 0, 0, 0, 1, 0, 0, 0, 0, 0, 0, 0, 0, 0, 0, 0], [0, 0, 0, 0, 0, 0, 0, 0, 0, 0, 0, 1, 0, 0, 0, 0, 0, 0, 0, 0, 0, 0], [0, 0, 0, 0, 0, 0, 0, 0, 0, 0, 0, 0, 1, 0, 0, 0, 0, 0, 0, 0, 0, 0], [0, 0, 0, 0, 0, 0, 0, 0, 0, 0, 0, 0, 0, 1, 0, 0, 0, 0, 0, 0, 0, 0], [0, 0, 0, 0, 0, 0, 0, 0, 0, 0, 0, 0, 0, 0, 1, 0, 0, 0, 0, 0, 0, 0], [0, 0, 0, 0, 0, 0, 0, 0, 0, 0, 0, 0, 0, 0, 0, 1, 0, 0, 0, 0, 0, 0], [0, 0, 0, 0, 0, 0, 0, 0, 0, 0, 0, 0, 0, 0, 0, 0, 1, 0, 0, 0, 0, 0], [0, 0, 0, 0, 0, 0, 0, 0, 0, 0, 0, 0, 0, 0, 0, 0, 0, 1, 0, 0, 0, 0], [0, 0, 0, 0, 0, 0, 0, 0, 0, 0, 0, 0, 0, 0, 0, 0, 0, 0, 1, 0, 0, 0], [0, 0, 0, 0, 0, 0, 0, 0, 0, 0, 0, 0, 0, 0, 0, 0, 0, 0, 0, 1, 0, 0], [0, 0, 0, 0, 0, 0, 0, 0, 0, 0, 0, 0, 0, 0, 0, 0, 0, 0, 0, 0, 1, 0], [0, 0, 0, 0, 0, 0, 0, 0, 0, 0, 0, 0, 0, 0, 0, 0, 0, 0, 0, 0, 0, 1]]
[[1, 0, 0, 0, 0, 0, 0, 0, 0, 0, 0, 0, 0, 0, 0, 0, 0, 0, 0, 0, 0, 0], [0, 1, 0, 0, 0, 0, 0, 0, 0, 0, 0, 0, 0, 0, 0, 0, 0, 0, 0, 0, 0, 0], [0, 0, 1, 0, 0, 0, 0, 0, 0, 0, 0, 0, 0, 0, 0, 0, 0, 0, 0, 0, 0, 0], [0, 0, 0, 1, 0, 0, 0, 0, 0, 0, 0, 0, 0, 0, 0, 0, 0, 0, 0, 0, 0, 0], [0, 0, 0, 0, 1, 0, 0, 0, 0, 0, 0, 0, 0, 0, 0, 0, 0, 0, 0, 0, 0, 0], [0, 0, 0, 0, 0, 1, 0, 0, 0, 0, 0, 0, 0, 0, 0, 0, 0, 0, 0, 0, 0, 0], [0, 0, 0, 0, 0, 0, 1, 0, 0, 0, 0, 0, 0, 0, 0, 0, 0, 0, 0, 0, 0, 0], [0, 0, 0, 0, 0, 0, 0, 1, 0, 0, 0, 0, 0, 0, 0, 0, 0, 0, 0, 0, 0, 0], [0, 0, 0, 0, 0, 0, 0, 0, 1, 0, 0, 0, 0, 0, 0, 0, 0, 0, 0, 0, 0, 0], [0, 0, 0, 0, 0, 0, 0, 0, 0, 1, 0, 0, 0, 0, 0, 0, 0, 0, 0, 0, 0, 0], [0, 0, 0, 0, 0, 0, 0, 0, 0, 0, 1, 0, 0, 0, 0, 0, 0, 0, 0, 0, 0, 0], [0, 0, 0, 0, 0, 0, 0, 0, 0, 0, 0, 1, 0, 0, 0, 0, 0, 0, 0, 0, 0, 0], [0, 0, 0, 0, 0, 0, 0, 0, 0, 0, 0, 0, 1, 0, 0, 0, 0, 0, 0, 0, 0, 0], [0, 0, 0, 0, 0, 0, 0, 0, 0, 0, 0, 0, 0, 1, 0, 0, 0, 0, 0, 0, 0, 0], [0, 0, 0, 0, 0, 0, 0, 0, 0, 0, 0, 0, 0, 0, 1, 0, 0, 0, 0, 0, 0, 0], [0, 0, 0, 0, 0, 0, 0, 0, 0, 0, 0, 0, 0, 0, 0, 1, 0, 0, 0, 0, 0, 0], [0, 0, 0, 0, 0, 0, 0, 0, 0, 0, 0, 0, 0, 0, 0, 0, 1, 0, 0, 0, 0, 0], [0, 0, 0, 0, 0, 0, 0, 0, 0, 0, 0, 0, 0, 0, 0, 0, 0, 1, 0, 0, 0, 0], [0, 0, 0, 0, 0, 0, 0, 0, 0, 0, 0, 0, 0, 0, 0, 0, 0, 0, 1, 0, 0, 0], [0, 0, 0, 0, 0, 0, 0, 0, 0, 0, 0, 0, 0, 0, 0, 0, 0, 0, 0, 1, 0, 0], [0, 0, 0, 0, 0, 0, 0, 0, 0, 0, 0, 0, 0, 0, 0, 0, 0, 0, 0, 0, 1, 0], [0, 0, 0, 0, 0, 0, 0, 0, 0, 0, 0, 0, 0, 0, 0, 0, 0, 0, 0, 0, 0, 1]]
[[1, 0, 0, 0, 0, 0, 0, 0, 0, 0, 0, 0, 0, 0, 0, 0, 0, 0, 0, 0, 0, 0], [0, 1, 0, 0, 0, 0, 0, 0, 0, 0, 0, 0, 0, 0, 0, 0, 0, 0, 0, 0, 0, 0], [0, 0, 1, 0, 0, -1, 1, 1, 1, 0, 1, 1, 1, 0, 0, 1, 1, 0, 1, 0, 0, 0], [0, 1, 0, 1, 0, 1, -2, -2, -1, 0, -2, -1, -1, 1, 0, -2, -1, 1, 0, 2, 1, 1], [0, 1, 0, 0, 1, 1, -2, -2, -1, 0, -2, -1, -1, 1, 0, -2, -1, 1, 0, 2, 1, 1], [0, -1, 0, 0, 0, -1, 3, 3, 2, 0, 3, 2, 2, -1, 0, 3, 2, -1, 1, -2, -1, -1], [1, 0, 0, 0, 0, 0, 1, 1, 1, 0, 1, 1, 1, 0, 0, 2, 2, 0, 1, -1, -1, -1], [-1, 1, 0, 0, 0, 0, -1, -1, -1, 0, -2, -1, -1, 1, 0, -3, -2, 1, 0, 3, 2, 2], [0, -1, 0, 0, 0, 0, 1, 1, 1, 0, 1, 0, 0, -1, 0, 1, 0, -1, -1, -2, -1, -1], [-1, 0, 0, 0, 0, 0, 0, -1, -1, 1, -1, -1, -1, 0, 0, -2, -2, 0, -1, 1, 1, 1], [0, 0, 0, 0, 0, 0, 0, 0, 0, 0, 1, 0, 0, 0, 0, 0, 0, 0, 0, 0, 0, 0], [0, -1, 0, 0, 0, -1, 2, 2, 1, 0, 2, 2, 1, -1, 0, 2, 1, -1, 0, -2, -1, -1], [0, -1, 0, 0, 0, -1, 2, 2, 1, 0, 2, 1, 2, -1, 0, 2, 1, -1, 0, -2, -1, -1], [0, 1, 0, 0, 0, 1, -2, -2, -1, 0, -2, -1, -1, 2, 0, -2, -1, 1, 0, 2, 1, 1], [0, 0, 0, 0, 0, -1, 1, 1, 1, 0, 1, 1, 1, 0, 1, 1, 1, 0, 1, 0, 0, 0], [0, 0, 0, 0, 0, 0, 0, 0, 0, 0, 0, 0, 0, 0, 0, 1, 0, 0, 0, 0, 0, 0], [0, 1, 0, 0, 0, 1, -2, -2, -1, 0, -2, -1, -1, 1, 0, -2, 0, 1, 0, 2, 1, 1], [-1, -1, 0, 0, 0, -2, 3, 2, 1, 0, 2, 1, 1, -1, 0, 1, 0, 0, 0, -1, 0, 0], [0, 0, 0, 0, 0, 1, -1, -1, -1, 0, -1, -1, -1, 0, 0, -1, -1, 0, 0, 0, 0, 0], [0, -1, 0, 0, 0, -1, 2, 2, 1, 0, 2, 1, 1, -1, 0, 2, 1, -1, 0, -1, -1, -1], [0, 1, 0, 0, 0, 0, -1, -1, 0, 0, -1, 0, 0, 1, 0, -1, 0, 1, 1, 2, 2, 1], [1, 0, 0, 0, 0, 2, -2, -1, -1, 0, -1, -1, -1, 0, 0, 0, 0, 0, -1, -1, -1, 0]]
[[1, 0, 0, 0, 0, 0, 0, 0, 0, 0, 0, 0, 0, 0, 0, 0, 0, 0, 0, 0, 0, 0], [0, 0, -1, 0, 0, 0, 0, 0, 0, -1, 0, 0, 0, 0, -1, 0, 0, 0, -1, -1, -1, -1], [0, 0, 1, 0, 1, 0, 0, 0, 1, 0, -1, 0, 0, 0, 1, 0, 0, 0, 0, 0, 0, 0], [0, -1, -1, 1, -1, 0, 0, 0, -1, -1, 1, 0, 0, 0, -2, 0, 0, 0, -1, -1, -1, -1], [0, 0, 0, 0, 0, 0, 0, 0, -1, 0, 1, 0, 0, 0, -1, 0, 0, 0, 0, 0, 0, 0], [0, 0, 0, 0, 0, 1, 0, 0, 0, 0, 0, 0, 0, 0, 0, 0, 0, 0, 0, 0, 0, 0], [0, 0, 0, 0, 0, 0, 1, 0, 0, 0, 0, 0, 0, 0, 0, 0, 0, 0, 0, 0, 0, 0], [0, -1, -1, 0, -1, 0, 0, 1, -1, -1, 1, 0, 0, 0, -2, 0, 0, 0, -1, -1, -1, -1], [0, 1, 1, 0, 0, 0, 0, 0, 1, 1, 0, 0, 0, 0, 1, 0, 0, 0, 1, 1, 1, 1], [0, 0, 0, 0, -1, 0, 0, 0, -1, 1, 1, 0, 0, 0, -1, 0, 0, 0, 0, 0, 0, 0], [0, 0, 0, 0, 1, 0, 0, 0, 1, 0, 0, 0, 0, 0, 1, 0, 0, 0, 0, 0, 0, 0], [0, 0, 0, 0, 0, 0, 0, 0, 0, 0, 0, 1, 0, 0, 0, 0, 0, 0, 0, 0, 0, 0], [0, 0, 0, 0, 0, 0, 0, 0, 0, 0, 0, 0, 1, 0, 0, 0, 0, 0, 0, 0, 0, 0], [0, 0, 0, 0, 0, 0, 0, 0, 0, 0, 0, 0, 0, 0, 0, 0, 1, 0, 0, 0, 0, 0], [0, -1, -1, 0, 0, 0, 0, 0, 0, -1, 0, 0, 0, 0, 0, 0, 0, 0, -1, -1, -1, -1], [0, 0, 0, 0, 0, 0, 0, 0, 0, 0, 0, 0, 0, -1, 0, 1, 1, 0, 0, 0, 0, 0], [0, 0, 0, 0, 0, 0, 0, 0, 0, 0, 0, 0, 0, 1, 0, 0, 0, 0, 0, 0, 0, 0], [0, 0, 0, 0, 0, 0, 0, 0, 0, 0, 0, 0, 0, 0, 0, 0, 0, 1, 0, 0, 0, 0], [0, 0, 0, 0, 0, 0, 0, 0, 0, 0, 0, 0, 0, 0, 0, 0, 0, 0, 1, 0, 0, 0], [0, 0, 0, 0, 0, 0, 0, 0, 0, 0, 0, 0, 0, 0, 0, 0, 0, 0, 0, 1, 0, 0], [0, 0, 0, 0, 0, 0, 0, 0, 0, 0, 0, 0, 0, 0, 0, 0, 0, 0, 0, 0, 1, 0], [0, 0, 0, 0, 0, 0, 0, 0, 0, 0, 0, 0, 0, 0, 0, 0, 0, 0, 0, 0, 0, 1]]
[[1, 0, 0, 0, 0, 0, 0, 0, 0, 0, 0, 0, 0, 0, 0, 0, 0, 0, 0, 0, 0, 0], [0, 1, 0, 0, 0, 0, 0, 0, 0, 0, 0, 0, 0, 0, 0, 0, 0, 0, 0, 0, 0, 0], [0, 0, 1, 0, 0, 0, 0, 0, 0, 0, 0, 0, 0, 0, 0, 0, 0, 0, 0, 0, 0, 0], [0, 0, 0, 1, 0, 0, 0, 0, 0, 0, 0, 0, 0, 0, 0, 0, 0, 0, 0, 0, 0, 0], [0, 0, 0, 0, 1, 0, 0, 0, 0, 0, 0, 0, 0, 0, 0, 0, 0, 0, 0, 0, 0, 0], [0, 0, 0, 0, 0, 1, 0, 0, 0, 0, 0, 0, 0, 0, 0, 0, 0, 0, 0, 0, 0, 0], [0, 0, 0, 0, 0, 0, 1, 0, 0, 0, 0, 0, 0, 0, 0, 0, 0, 0, 0, 0, 0, 0], [0, 0, 0, 0, 0, 0, 0, 1, 0, 0, 0, 0, 0, 0, 0, 0, 0, 0, 0, 0, 0, 0], [0, 0, 0, 0, 0, 0, 0, 0, 1, 0, 0, 0, 0, 0, 0, 0, 0, 0, 0, 0, 0, 0], [0, 0, 0, 0, 0, 0, 0, 0, 0, 1, 0, 0, 0, 0, 0, 0, 0, 0, 0, 0, 0, 0], [0, 0, 0, 0, 0, 0, 0, 0, 0, 0, 1, 0, 0, 0, 0, 0, 0, 0, 0, 0, 0, 0], [0, 0, 0, 0, 0, 0, 0, 0, 0, 0, 0, 1, 0, 0, 0, 0, 0, 0, 0, 0, 0, 0], [0, 0, 0, 0, 0, 0, 0, 0, 0, 0, 0, 0, 1, 0, 0, 0, 0, 0, 0, 0, 0, 0], [0, 0, 0, 0, 0, 0, 0, 0, 0, 0, 0, 0, 0, 1, 0, 0, 0, 0, 0, 0, 0, 0], [0, 0, 0, 0, 0, 0, 0, 0, 0, 0, 0, 0, 0, 0, 1, 0, 0, 0, 0, 0, 0, 0], [0, 0, 0, 0, 0, 0, 0, 0, 0, 0, 0, 0, 0, 0, 0, 1, 0, 0, 0, 0, 0, 0], [0, 0, 0, 0, 0, 0, 0, 0, 0, 0, 0, 0, 0, 0, 0, 0, 1, 0, 0, 0, 0, 0], [0, 0, 0, 0, 0, 0, 0, 0, 0, 0, 0, 0, 0, 0, 0, 0, 0, 1, 0, 0, 0, 0], [0, 0, 0, 0, 0, 0, 0, 0, 0, 0, 0, 0, 0, 0, 0, 0, 0, 0, 1, 0, 0, 0], [0, 0, 0, 0, 0, 0, 0, 0, 0, 0, 0, 0, 0, 0, 0, 0, 0, 0, 0, 1, 0, 0], [0, 0, 0, 0, 0, 0, 0, 0, 0, 0, 0, 0, 0, 0, 0, 0, 0, 0, 0, 0, 1, 0], [0, 0, 0, 0, 0, 0, 0, 0, 0, 0, 0, 0, 0, 0, 0, 0, 0, 0, 0, 0, 0, 1]]
[[1, 0, 0, 0, 0, 0, 0, 0, 0, 0, 0, 0, 0, 0, 0, 0, 0, 0, 0, 0, 0, 0], [0, 1, 0, 0, 0, 0, 0, 0, 0, 0, 0, 0, 0, 0, 0, 0, 0, 0, 0, 0, 0, 0], [0, 0, 1, 0, 0, 0, 0, 0, 0, 0, 0, 0, 0, 0, 0, 0, 0, 0, 0, 0, 0, 0], [0, 0, 0, 1, 0, 0, 0, 0, 0, 0, 0, 0, 0, 0, 0, 0, 0, 0, 0, 0, 0, 0], [0, 0, 0, 0, 1, 0, 0, 0, 0, 0, 0, 0, 0, 0, 0, 0, 0, 0, 0, 0, 0, 0], [0, 0, 0, 0, 0, 1, 0, 0, 0, 0, 0, 0, 0, 0, 0, 0, 0, 0, 0, 0, 0, 0], [0, 0, 0, 0, 0, 0, 1, 0, 0, 0, 0, 0, 0, 0, 0, 0, 0, 0, 0, 0, 0, 0], [0, 0, 0, 0, 0, 0, 0, 1, 0, 0, 0, 0, 0, 0, 0, 0, 0, 0, 0, 0, 0, 0], [0, 0, 0, 0, 0, 0, 0, 0, 1, 0, 0, 0, 0, 0, 0, 0, 0, 0, 0, 0, 0, 0], [0, 0, 0, 0, 0, 0, 0, 0, 0, 1, 0, 0, 0, 0, 0, 0, 0, 0, 0, 0, 0, 0], [0, 0, 0, 0, 0, 0, 0, 0, 0, 0, 1, 0, 0, 0, 0, 0, 0, 0, 0, 0, 0, 0], [0, 0, 0, 0, 0, 0, 0, 0, 0, 0, 0, 1, 0, 0, 0, 0, 0, 0, 0, 0, 0, 0], [0, 0, 0, 0, 0, 0, 0, 0, 0, 0, 0, 0, 1, 0, 0, 0, 0, 0, 0, 0, 0, 0], [0, 0, 0, 0, 0, 0, 0, 0, 0, 0, 0, 0, 0, 1, 0, 0, 0, 0, 0, 0, 0, 0], [0, 0, 0, 0, 0, 0, 0, 0, 0, 0, 0, 0, 0, 0, 1, 0, 0, 0, 0, 0, 0, 0], [0, 0, 0, 0, 0, 0, 0, 0, 0, 0, 0, 0, 0, 0, 0, 1, 0, 0, 0, 0, 0, 0], [0, 0, 0, 0, 0, 0, 0, 0, 0, 0, 0, 0, 0, 0, 0, 0, 1, 0, 0, 0, 0, 0], [0, 0, 0, 0, 0, 0, 0, 0, 0, 0, 0, 0, 0, 0, 0, 0, 0, 1, 0, 0, 0, 0], [0, 0, 0, 0, 0, 0, 0, 0, 0, 0, 0, 0, 0, 0, 0, 0, 0, 0, 1, 0, 0, 0], [0, 0, 0, 0, 0, 0, 0, 0, 0, 0, 0, 0, 0, 0, 0, 0, 0, 0, 0, 1, 0, 0], [0, 0, 0, 0, 0, 0, 0, 0, 0, 0, 0, 0, 0, 0, 0, 0, 0, 0, 0, 0, 1, 0], [0, 0, 0, 0, 0, 0, 0, 0, 0, 0, 0, 0, 0, 0, 0, 0, 0, 0, 0, 0, 0, 1]]
[[1, 1, 1, -1, 0, 0, 1, 0, 0, 2, 1, 0, 0, -1, 0, 1, 1, 0, 2, 1, 1, 1], [2, 2, 1, 1, 1, 2, -3, -2, 1, -1, -1, -1, 0, 1, 0, -1, 0, 0, 1, 1, 1, 1], [-1, 0, 1, -1, 0, -1, 2, 1, 0, 1, 1, 1, 0, -1, 0, 1, 1, 0, 1, 0, 0, 0], [1, 1, 1, 1, 0, 1, -1, -1, 0, 1, 0, -1, 0, 0, 0, 0, 0, 0, 1, 1, 1, 1], [0, 1, 1, -1, 0, 0, 1, 0, -1, 3, 1, -1, 0, -1, 0, 1, 0, 0, 1, 1, 1, 1], [1, 0, 0, 1, 1, 2, -2, -1, 1, -2, -1, 0, 0, 1, 0, -1, 0, 0, 0, 0, 0, 0], [0, 1, 1, -1, 0, 0, 2, 0, 0, 2, 1, 0, 0, -1, 0, 1, 1, 0, 2, 1, 1, 1], [1, 1, 1, 0, 0, 1, -1, 0, 0, 1, 0, -1, 0, 0, 0, 0, 0, 0, 1, 1, 1, 1], [0, -1, -1, 1, 0, 0, -1, 0, 1, -2, -1, 0, 0, 1, 0, -1, -1, 0, -2, -1, -1, -1], [0, 0, 0, 0, 0, 0, 0, 0, 0, 1, 0, 0, 0, 0, 0, 0, 0, 0, 0, 0, 0, 0], [0, -1, -1, 1, 0, 0, -1, 0, 0, -2, 0, 0, 0, 1, 0, -1, -1, 0, -2, -1, -1, -1], [2, 1, 1, 1, 1, 2, -3, -2, 1, -1, -1, 0, 0, 1, 0, -1, 0, 0, 1, 1, 1, 1], [0, 0, 0, 0, 1, 0, 0, 0, 1, -1, 0, 1, 1, 0, 0, 0, 1, 0, 1, 0, 0, 0], [-2, 0, 0, -2, -1, -2, 4, 2, -1, 3, 2, 1, 0, -1, 0, 2, 1, 0, 1, 0, 0, 0], [1, 0, 0, 1, 1, 1, -2, -1, 1, -2, -1, 0, 0, 1, 1, -1, 0, 0, 0, 0, 0, 0], [1, 0, 0, 1, 1, 1, -2, -1, 1, -2, -1, 0, 0, 1, 0, 0, 0, 0, 0, 0, 0, 0], [-1, 0, 0, -1, -1, -1, 2, 1, -1, 2, 1, 0, 0, -1, 0, 1, 1, 0, 0, 0, 0, 0], [1, 0, 0, 1, 1, 1, -2, -1, 1, -2, -1, 0, 0, 1, 0, -1, 0, 1, 0, 0, 0, 0], [-1, -1, -1, 0, -1, -1, 1, 1, -1, 0, 0, 0, 0, 0, 0, 0, -1, 0, -1, -1, -1, -1], [1, 0, 0, 1, 1, 1, -2, -1, 1, -2, -1, 0, 0, 1, 0, -1, 0, 0, 0, 1, 0, 0], [0, 0, 0, 0, 0, 0, 0, 0, 0, 0, 0, 0, 0, 0, 0, 0, 0, 0, 0, 0, 1, 0], [-1, 0, 0, -1, -1, -1, 2, 1, -1, 2, 1, 0, 0, -1, 0, 1, 0, 0, 0, 0, 0, 1]]
[[0, 0, -1, 0, -2, -1, 0, 0, -1, 0, 0, -1, -1, -1, 0, -1, -1, -1, -2, -1, -2, -1], [2, 0, 0, 0, -1, 2, -1, 0, 0, 0, 0, -1, -1, -1, 0, 1, 0, -2, -1, -3, -3, -1], [0, -1, -1, 0, -1, 0, -1, 0, -1, -1, 0, 0, 0, 0, 0, -1, -1, -1, -2, -2, -2, -1], [-1, 0, -1, 1, 0, -1, 0, 0, 0, -1, 0, 0, 0, 0, 0, -1, 0, 0, -1, 0, -1, -1], [-2, 1, 0, 0, -1, -2, 1, 0, -1, 1, 0, -1, -1, -1, 0, -1, -1, 0, -1, 1, 0, 0], [2, -1, 0, 0, 0, 3, -1, 0, 0, 0, 0, 0, 0, 0, 0, 1, 0, -1, 0, -2, -1, 0], [1, -1, -1, 0, -2, 1, 0, 0, -1, 0, 0, -1, -1, -1, 0, 0, -1, -2, -2, -3, -3, -1], [-2, 1, 0, 0, 0, -2, 1, 0, -1, 1, 0, 0, -1, -1, 0, -1, 0, 1, 0, 2, 1, 0], [0, 0, 0, 0, 1, 0, 0, 0, 1, 0, 0, 1, 1, 1, 0, 0, 0, 1, 1, 1, 2, 1], [-2, 1, 0, 0, 0, -2, 1, 0, 0, 1, 0, 0, 0, 0, 0, -1, 0, 1, 0, 2, 1, 0], [-1, 0, 0, 0, 1, -1, 0, 0, 0, 0, 0, 1, 0, 1, 0, -1, -1, 1, 0, 2, 2, 1], [3, -1, 0, 0, -1, 3, -1, 1, 1, -1, 1, 0, 1, 0, 0, 2, 1, -2, 0, -4, -3, -1], [2, -1, 0, 0, -1, 2, -1, 0, 0, 0, 0, -1, 0, -1, 0, 1, 0, -2, -1, -3, -3, -1], [-2, 1, 0, 0, 0, -2, 1, -1, -1, 1, 0, 0, -1, 0, 0, -1, 0, 1, 0, 2, 1, 0], [3, -1, 1, 0, 1, 3, -1, 0, 1, 0, 0, 0, 0, 0, 1, 2, 1, -1, 1, -2, -1, 0], [3, -1, 0, 0, 1, 3, -1, 0, 1, -1, 1, 0, 1, 0, 0, 3, 2, -1, 1, -3, -2, -1], [-1, 1, 1, 0, 0, -1, 1, 0, 0, 1, 0, 0, 0, 0, 0, 0, 1, 1, 1, 2, 2, 1], [-1, -1, -2, 0, -1, -1, -1, 0, -1, -1, -1, 0, -1, 0, 0, -2, -2, 0, -3, -1, -2, -1], [-3, 1, 0, 0, 1, -3, 1, 0, 0, 0, -1, 1, 0, 1, 0, -2, -1, 2, 1, 4, 3, 1], [3, -1, 0, 0, 0, 3, -1, 0, 0, 0, 1, 0, 1, 0, 0, 2, 1, -1, 1, -2, -1, 0], [1, 0, 1, 0, 1, 1, 0, 0, 1, 0, 0, 0, 0, 0, 0, 1, 1, 0, 1, 0, 1, 0], [-2, 1, 0, 0, 0, -2, 1, 0, 0, 0, 0, 0, 0, 0, 0, -1, 0, 1, 0, 2, 1, 1]]
[[1, 0, 0, 0, 0, 0, 0, 0, 0, 0, 0, 0, 0, 0, 0, 0, 0, 0, 0, 0, 0, 0], [0, 1, 0, 0, 0, 0, 0, 0, 0, 0, 0, 0, 0, 0, 0, 0, 0, 0, 0, 0, 0, 0], [0, 0, 1, 0, 0, 0, 0, 0, 0, 0, 0, 0, 0, 0, 0, 0, 0, 0, 0, 0, 0, 0], [0, 0, 0, 1, 0, 0, 0, 0, 0, 0, 0, 0, 0, 0, 0, 0, 0, 0, 0, 0, 0, 0], [0, 0, 0, 0, 1, 0, 0, 0, 0, 0, 0, 0, 0, 0, 0, 0, 0, 0, 0, 0, 0, 0], [0, 0, 0, 0, 0, 1, 0, 0, 0, 0, 0, 0, 0, 0, 0, 0, 0, 0, 0, 0, 0, 0], [0, 0, 0, 0, 0, 0, 1, 0, 0, 0, 0, 0, 0, 0, 0, 0, 0, 0, 0, 0, 0, 0], [0, 0, 0, 0, 0, 0, 0, 1, 0, 0, 0, 0, 0, 0, 0, 0, 0, 0, 0, 0, 0, 0], [0, 0, 0, 0, 0, 0, 0, 0, 1, 0, 0, 0, 0, 0, 0, 0, 0, 0, 0, 0, 0, 0], [0, 0, 0, 0, 0, 0, 0, 0, 0, 1, 0, 0, 0, 0, 0, 0, 0, 0, 0, 0, 0, 0], [0, 0, 0, 0, 0, 0, 0, 0, 0, 0, 1, 0, 0, 0, 0, 0, 0, 0, 0, 0, 0, 0], [0, 0, 0, 0, 0, 0, 0, 0, 0, 0, 0, 1, 0, 0, 0, 0, 0, 0, 0, 0, 0, 0], [0, 0, 0, 0, 0, 0, 0, 0, 0, 0, 0, 0, 1, 0, 0, 0, 0, 0, 0, 0, 0, 0], [0, 0, 0, 0, 0, 0, 0, 0, 0, 0, 0, 0, 0, 1, 0, 0, 0, 0, 0, 0, 0, 0], [0, 0, 0, 0, 0, 0, 0, 0, 0, 0, 0, 0, 0, 0, 1, 0, 0, 0, 0, 0, 0, 0], [0, 0, 0, 0, 0, 0, 0, 0, 0, 0, 0, 0, 0, 0, 0, 1, 0, 0, 0, 0, 0, 0], [0, 0, 0, 0, 0, 0, 0, 0, 0, 0, 0, 0, 0, 0, 0, 0, 1, 0, 0, 0, 0, 0], [0, 0, 0, 0, 0, 0, 0, 0, 0, 0, 0, 0, 0, 0, 0, 0, 0, 1, 0, 0, 0, 0], [0, 0, 0, 0, 0, 0, 0, 0, 0, 0, 0, 0, 0, 0, 0, 0, 0, 0, 1, 0, 0, 0], [0, 0, 0, 0, 0, 0, 0, 0, 0, 0, 0, 0, 0, 0, 0, 0, 0, 0, 0, 1, 0, 0], [0, 0, 0, 0, 0, 0, 0, 0, 0, 0, 0, 0, 0, 0, 0, 0, 0, 0, 0, 0, 1, 0], [0, 0, 0, 0, 0, 0, 0, 0, 0, 0, 0, 0, 0, 0, 0, 0, 0, 0, 0, 0, 0, 1]]
[[1, 0, 0, 0, 0, 1, 0, 0, -1, 0, 0, 0, 0, 0, -1, 0, 0, 0, 1, 1, 1, 0], [1, 1, -1, 1, 0, 0, -1, -1, -1, -1, 0, 0, 0, 1, -1, -2, -1, 1, 1, 4, 3, 1], [0, 0, 1, 0, 0, 0, 0, 0, 0, 0, 0, 0, 0, 0, 0, 0, 0, 0, 0, 0, 0, 0], [1, 0, -1, 2, 0, 0, -1, -1, -1, -1, 0, 0, 0, 1, -1, -2, -1, 1, 1, 4, 3, 1], [1, 0, -1, 1, 1, 0, -1, -1, -1, -1, 0, 0, 0, 1, -1, -2, -1, 1, 1, 4, 3, 1], [0, 0, 0, 0, 0, 0, 0, 0, 1, 0, 0, 0, 0, 0, 1, 0, 0, 0, -1, -1, -1, 0], [0, 0, 0, 0, 0, 1, 0, 0, 0, -1, -1, 0, 0, 0, 0, 1, 1, 0, 0, -2, -2, -1], [1, 0, -1, 1, 0, -1, 0, 0, -1, 0, 1, 0, 0, 1, -1, -3, -2, 1, 1, 6, 5, 2], [0, 0, 0, 0, 0, 0, 0, 0, 1, 0, 0, 0, 0, 0, 0, 0, 0, 0, 0, 0, 0, 0], [1, 0, -1, 1, 0, 0, -1, -1, -1, 0, 0, 0, 0, 1, -1, -2, -1, 1, 1, 4, 3, 1], [0, 0, 0, 0, 0, 0, 0, 0, 0, 0, 1, 0, 0, 0, 0, 0, 0, 0, 0, 0, 0, 0], [0, 0, 0, 0, 0, 0, 0, 0, 0, 0, 0, 1, 0, 0, 0, 0, 0, 0, 0, 0, 0, 0], [0, 0, 0, 0, 0, 0, 0, 0, 0, 0, 0, 0, 1, 0, 0, 0, 0, 0, 0, 0, 0, 0], [0, 0, 0, 0, 0, 1, -1, 0, 0, -1, -1, 0, 0, 1, 0, 1, 1, 0, 0, -2, -2, -1], [-1, 0, 1, -1, 0, 0, 1, 1, 1, 1, 0, 0, 0, -1, 2, 2, 1, -1, -1, -4, -3, -1], [-1, 0, 1, -1, 0, 0, 1, 1, 1, 1, 0, 0, 0, -1, 1, 3, 1, -1, -1, -4, -3, -1], [0, 0, 0, 0, 0, 1, -1, 0, 0, -1, -1, 0, 0, 0, 0, 1, 2, 0, 0, -2, -2, -1], [0, 0, 0, 0, 0, -1, 2, 0, -1, 2, 2, 0, 0, 0, -1, -2, -2, 1, 1, 5, 5, 2], [0, 0, 0, 0, 0, -1, 1, 0, 0, 1, 1, 0, 0, 0, 0, -1, -1, 0, 1, 2, 2, 1], [-1, 0, 1, -1, 0, 0, 1, 1, 1, 1, 0, 0, 0, -1, 1, 2, 1, -1, -1, -3, -3, -1], [0, 0, 0, 0, 0, 0, -1, 0, 1, -1, -1, 0, 0, 0, 1, 1, 1, 0, -1, -3, -2, -1], [0, 0, 0, 0, 0, 1, 0, 0, -1, 0, 0, 0, 0, 0, -1, 0, 0, 0, 1, 1, 1, 1]]
[[0, 0, -1, -1, 0, -1, 0, 0, 0, 0, 0, -1, -1, -1, 1, -1, -2, -1, -2, -1, -1, 0], [0, 1, 0, -1, 0, 0, 0, 0, 0, 1, 0, -1, -1, -1, 1, 0, -1, -1, -1, -1, -1, 0], [0, 0, 2, -2, 0, 0, 2, 2, 1, 2, 1, 0, 1, -1, 1, 2, 1, -1, 2, -1, 0, 1], [-2, 1, -3, 2, 0, -2, -3, -3, -2, -2, -1, 0, -2, 1, -1, -5, -4, 1, -4, 3, 1, 0], [-2, 0, -3, 1, 0, -2, -2, -2, -2, -2, -1, -1, -2, 0, -1, -4, -4, 0, -5, 1, -1, -1], [0, 0, 1, -1, 0, 1, 2, 2, 1, 1, 1, 1, 2, 0, 0, 2, 2, 0, 3, 0, 1, 1], [1, 0, 2, -3, 0, 1, 3, 2, 1, 4, 1, -1, 0, -2, 2, 3, 1, -2, 2, -2, -1, 1], [-3, 1, -4, 2, 0, -3, -3, -3, -3, -3, -1, 0, -2, 1, -2, -6, -5, 2, -5, 4, 2, 0], [0, 0, 0, 1, 0, 0, 0, 0, 1, -1, 0, 1, 1, 1, -1, 0, 1, 1, 1, 1, 1, 0], [-2, 0, -3, 2, 0, -2, -2, -2, -1, -3, -1, 0, -1, 1, -1, -4, -3, 1, -4, 1, 0, -1], [-1, 0, -1, 1, -1, -1, 0, 0, -1, -1, 1, 1, 1, 1, -2, -1, 0, 1, 0, 2, 1, 0], [1, -1, 2, -2, 0, 1, 3, 3, 2, 2, 1, 0, 1, -2, 2, 4, 2, -2, 2, -4, -2, 0], [1, 0, 1, -1, 1, 1, 0, 1, 2, 0, 0, 0, 1, 0, 2, 1, 1, -1, 1, -2, -1, 0], [0, 0, 0, 0, 0, 0, 0, -1, -1, 1, 0, -1, -1, 0, 0, 0, -1, 0, -1, 0, 0, 0], [1, 0, 2, -1, 0, 1, 2, 2, 1, 2, 1, 1, 2, 0, 1, 3, 3, 0, 4, 0, 1, 1], [2, 0, 2, 0, 1, 2, 0, 1, 2, 0, 0, 1, 1, 1, 1, 3, 3, 0, 3, -1, 0, 0], [0, 0, 0, 0, 0, 0, 0, -1, -1, 1, 0, -1, -1, -1, 0, 0, 0, 0, -1, 0, 0, 0], [-2, 0, -2, 0, -1, -2, 0, 1, 0, -2, 0, 1, 1, 1, -1, -2, -1, 1, -1, 1, 0, 0], [-1, 0, -2, 2, -1, -1, -2, -2, -2, -2, -1, 0, -1, 1, -2, -3, -2, 1, -2, 2, 0, -1], [1, 0, 2, -1, 1, 1, 2, 2, 2, 1, 1, 1, 2, 0, 1, 3, 3, 0, 4, 0, 1, 1], [1, 0, 1, 0, 0, 1, 0, 0, 0, 1, 0, 0, 0, 0, 0, 1, 1, 0, 1, 0, 1, 0], [0, 0, -1, 1, 0, 0, -2, -2, -1, -1, -1, -1, -2, 0, 0, -2, -2, 0, -3, 0, -1, 0]]
[[1, 0, 0, 0, 0, 0, 0, 0, 0, 0, 0, 0, 0, 0, 0, 0, 0, 0, 0, 0, 0, 0], [0, 1, 0, 0, 0, 0, 0, 0, 0, 0, 0, 0, 0, 0, 0, 0, 0, 0, 0, 0, 0, 0], [0, 0, 1, 0, 0, 0, 0, 0, 0, 0, 0, 0, 0, 0, 0, 0, 0, 0, 0, 0, 0, 0], [0, 0, 0, 1, 0, 0, 0, 0, 0, 0, 0, 0, 0, 0, 0, 0, 0, 0, 0, 0, 0, 0], [0, 0, 0, 0, 1, 0, 0, 0, 0, 0, 0, 0, 0, 0, 0, 0, 0, 0, 0, 0, 0, 0], [0, 0, 0, 0, 0, 1, 0, 0, 0, 0, 0, 0, 0, 0, 0, 0, 0, 0, 0, 0, 0, 0], [0, 0, 0, 0, 0, 0, 1, 0, 0, 0, 0, 0, 0, 0, 0, 0, 0, 0, 0, 0, 0, 0], [0, 0, 0, 0, 0, 0, 0, 1, 0, 0, 0, 0, 0, 0, 0, 0, 0, 0, 0, 0, 0, 0], [0, 0, 0, 0, 0, 0, 0, 0, 1, 0, 0, 0, 0, 0, 0, 0, 0, 0, 0, 0, 0, 0], [0, 0, 0, 0, 0, 0, 0, 0, 0, 1, 0, 0, 0, 0, 0, 0, 0, 0, 0, 0, 0, 0], [0, 0, 0, 0, 0, 0, 0, 0, 0, 0, 1, 0, 0, 0, 0, 0, 0, 0, 0, 0, 0, 0], [0, 0, 0, 0, 0, 0, 0, 0, 0, 0, 0, 1, 0, 0, 0, 0, 0, 0, 0, 0, 0, 0], [0, 0, 0, 0, 0, 0, 0, 0, 0, 0, 0, 0, 1, 0, 0, 0, 0, 0, 0, 0, 0, 0], [0, 0, 0, 0, 0, 0, 0, 0, 0, 0, 0, 0, 0, 1, 0, 0, 0, 0, 0, 0, 0, 0], [0, 0, 0, 0, 0, 0, 0, 0, 0, 0, 0, 0, 0, 0, 1, 0, 0, 0, 0, 0, 0, 0], [0, 0, 0, 0, 0, 0, 0, 0, 0, 0, 0, 0, 0, 0, 0, 1, 0, 0, 0, 0, 0, 0], [0, 0, 0, 0, 0, 0, 0, 0, 0, 0, 0, 0, 0, 0, 0, 0, 1, 0, 0, 0, 0, 0], [0, 0, 0, 0, 0, 0, 0, 0, 0, 0, 0, 0, 0, 0, 0, 0, 0, 1, 0, 0, 0, 0], [0, 0, 0, 0, 0, 0, 0, 0, 0, 0, 0, 0, 0, 0, 0, 0, 0, 0, 1, 0, 0, 0], [0, 0, 0, 0, 0, 0, 0, 0, 0, 0, 0, 0, 0, 0, 0, 0, 0, 0, 0, 1, 0, 0], [0, 0, 0, 0, 0, 0, 0, 0, 0, 0, 0, 0, 0, 0, 0, 0, 0, 0, 0, 0, 1, 0], [0, 0, 0, 0, 0, 0, 0, 0, 0, 0, 0, 0, 0, 0, 0, 0, 0, 0, 0, 0, 0, 1]]
[[0, -1, -1, 1, 0, -1, 1, 1, 0, -1, 1, 1, 1, 0, -1, 0, 1, 1, 0, 1, 1, 0], [-1, 0, -1, 1, 0, -1, 1, 1, 0, -1, 1, 1, 1, 0, -1, 0, 1, 1, 0, 1, 1, 0], [-1, -1, 0, 1, 0, -1, 1, 1, 0, -1, 1, 1, 1, 0, -1, 0, 1, 1, 0, 1, 1, 0], [0, 1, 1, 0, 0, 0, 0, 0, 0, 1, 0, 0, 0, 0, 0, 0, 0, 0, 1, 1, 1, 1], [0, 0, 0, 0, 1, 0, 0, 0, 0, 0, 0, 0, 0, 0, 0, 0, 0, 0, 0, 0, 0, 0], [-1, 0, 0, 0, 0, 0, 1, 1, 0, 0, 1, 1, 1, 0, -1, 0, 1, 1, 1, 2, 2, 1], [-1, 0, 0, 0, 0, -1, 2, 1, 0, 0, 1, 1, 1, 0, -1, 0, 1, 1, 1, 2, 2, 1], [0, 0, 0, 0, 0, 0, 0, 1, 0, 0, 0, 0, 0, 0, 0, 0, 0, 0, 0, 0, 0, 0], [0, 0, 0, 0, 0, 0, 0, 0, 0, 1, 1, 0, 0, 0, 0, 0, 0, 0, 0, 1, 0, 0], [0, 0, 0, 0, 0, 0, 0, 0, 0, 1, 0, 0, 0, 0, 0, 0, 0, 0, 0, 0, 0, 0], [0, 0, 0, 0, 0, 0, 0, 0, 0, 0, 1, 0, 0, 0, 0, 0, 0, 0, 0, 0, 0, 0], [-1, -1, -1, 1, 0, -1, 1, 1, 0, -1, 1, 2, 1, 0, -1, 0, 1, 1, 0, 1, 1, 0], [-1, -1, -1, 1, 0, -1, 1, 1, 0, -1, 1, 1, 2, 0, -1, 0, 1, 1, 0, 1, 1, 0], [1, 1, 1, -1, 0, 1, -1, -1, 1, 0, -2, -1, -1, 1, 1, 0, -1, -1, 0, -2, -1, 0], [0, 1, 1, -1, 0, 0, 0, 0, 1, 0, -1, 0, 0, 0, 1, 0, 0, 0, 1, 0, 1, 1], [1, 1, 1, -1, 0, 1, -1, -1, 1, 0, -2, -1, -1, 0, 1, 1, -1, -1, 0, -2, -1, 0], [2, 1, 1, -1, 0, 2, -2, -2, 1, 0, -3, -2, -2, 0, 2, 0, -1, -2, -1, -4, -3, -1], [-2, -1, -1, 1, 0, -2, 2, 2, -1, 0, 3, 2, 2, 0, -2, 0, 2, 3, 1, 4, 3, 1], [0, 0, 0, 0, 0, 0, 0, 0, -1, 1, 1, 0, 0, 0, 0, 0, 0, 0, 1, 1, 0, 0], [0, 0, 0, 0, 0, 0, 0, 0, 1, -1, -1, 0, 0, 0, 0, 0, 0, 0, 0, 0, 0, 0], [1, 1, 1, -1, 0, 1, -1, -1, 0, 1, -1, -1, -1, 0, 1, 0, -1, -1, 0, -1, 0, 0], [1, 0, 0, 0, 0, 1, -1, -1, 0, 0, -1, -1, -1, 0, 1, 0, -1, -1, -1, -2, -2, 0]]
[[1, 0, 0, 0, 0, 0, 0, 0, 0, 0, 0, 0, 0, 0, 0, 0, 0, 0, 0, 0, 0, 0], [0, 1, 0, 0, 0, 0, 0, 0, 0, 0, 0, 0, 0, 0, 0, 0, 0, 0, 0, 0, 0, 0], [0, 0, 1, 0, 0, 0, 0, 0, 0, 0, 0, 0, 0, 0, 0, 0, 0, 0, 0, 0, 0, 0], [0, 0, 0, 1, 0, 0, 0, 0, 0, 0, 0, 0, 0, 0, 0, 0, 0, 0, 0, 0, 0, 0], [0, 0, 0, 0, 1, 0, 0, 0, 0, 0, 0, 0, 0, 0, 0, 0, 0, 0, 0, 0, 0, 0], [0, 0, 0, 0, 0, 1, 0, 0, 0, 0, 0, 0, 0, 0, 0, 0, 0, 0, 0, 0, 0, 0], [0, 0, 0, 0, 0, 0, 1, 0, 0, 0, 0, 0, 0, 0, 0, 0, 0, 0, 0, 0, 0, 0], [0, 0, 0, 0, 0, 0, 0, 1, 0, 0, 0, 0, 0, 0, 0, 0, 0, 0, 0, 0, 0, 0], [0, 0, 0, 0, 0, 0, 0, 0, 1, 0, 0, 0, 0, 0, 0, 0, 0, 0, 0, 0, 0, 0], [0, 0, 0, 0, 0, 0, 0, 0, 0, 1, 0, 0, 0, 0, 0, 0, 0, 0, 0, 0, 0, 0], [0, 0, 0, 0, 0, 0, 0, 0, 0, 0, 1, 0, 0, 0, 0, 0, 0, 0, 0, 0, 0, 0], [0, 0, 0, 0, 0, 0, 0, 0, 0, 0, 0, 1, 0, 0, 0, 0, 0, 0, 0, 0, 0, 0], [0, 0, 0, 0, 0, 0, 0, 0, 0, 0, 0, 0, 1, 0, 0, 0, 0, 0, 0, 0, 0, 0], [0, 0, 0, 0, 0, 0, 0, 0, 0, 0, 0, 0, 0, 1, 0, 0, 0, 0, 0, 0, 0, 0], [0, 0, 0, 0, 0, 0, 0, 0, 0, 0, 0, 0, 0, 0, 1, 0, 0, 0, 0, 0, 0, 0], [0, 0, 0, 0, 0, 0, 0, 0, 0, 0, 0, 0, 0, 0, 0, 1, 0, 0, 0, 0, 0, 0], [0, 0, 0, 0, 0, 0, 0, 0, 0, 0, 0, 0, 0, 0, 0, 0, 1, 0, 0, 0, 0, 0], [0, 0, 0, 0, 0, 0, 0, 0, 0, 0, 0, 0, 0, 0, 0, 0, 0, 1, 0, 0, 0, 0], [0, 0, 0, 0, 0, 0, 0, 0, 0, 0, 0, 0, 0, 0, 0, 0, 0, 0, 1, 0, 0, 0], [0, 0, 0, 0, 0, 0, 0, 0, 0, 0, 0, 0, 0, 0, 0, 0, 0, 0, 0, 1, 0, 0], [0, 0, 0, 0, 0, 0, 0, 0, 0, 0, 0, 0, 0, 0, 0, 0, 0, 0, 0, 0, 1, 0], [0, 0, 0, 0, 0, 0, 0, 0, 0, 0, 0, 0, 0, 0, 0, 0, 0, 0, 0, 0, 0, 1]]
[[1, 0, 0, 0, 0, 0, 0, 0, 0, 0, 0, 0, 0, 0, 0, 0, 0, 0, 0, 0, 0, 0], [0, 1, 0, 0, 0, 0, 0, 0, 0, 0, 0, 0, 0, 0, 0, 0, 0, 0, 0, 0, 0, 0], [0, 0, 1, 0, 0, 0, 0, 0, 0, 0, 0, 0, 0, 0, 0, 0, 0, 0, 0, 0, 0, 0], [0, 0, 0, 1, 0, 0, 0, 0, 0, 0, 0, 0, 0, 0, 0, 0, 0, 0, 0, 0, 0, 0], [0, 0, 0, 0, 1, 0, 0, 0, 0, 0, 0, 0, 0, 0, 0, 0, 0, 0, 0, 0, 0, 0], [0, 0, 0, 0, 0, 1, 0, 0, 0, 0, 0, 0, 0, 0, 0, 0, 0, 0, 0, 0, 0, 0], [0, 0, 0, 0, 0, 0, 1, 0, 0, 0, 0, 0, 0, 0, 0, 0, 0, 0, 0, 0, 0, 0], [0, 0, 0, 0, 0, 0, 0, 1, 0, 0, 0, 0, 0, 0, 0, 0, 0, 0, 0, 0, 0, 0], [0, 0, 0, 0, 0, 0, 0, 0, 1, 0, 0, 0, 0, 0, 0, 0, 0, 0, 0, 0, 0, 0], [0, 0, 0, 0, 0, 0, 0, 0, 0, 1, 0, 0, 0, 0, 0, 0, 0, 0, 0, 0, 0, 0], [0, 0, 0, 0, 0, 0, 0, 0, 0, 0, 1, 0, 0, 0, 0, 0, 0, 0, 0, 0, 0, 0], [0, 0, 0, 0, 0, 0, 0, 0, 0, 0, 0, 1, 0, 0, 0, 0, 0, 0, 0, 0, 0, 0], [0, 0, 0, 0, 0, 0, 0, 0, 0, 0, 0, 0, 1, 0, 0, 0, 0, 0, 0, 0, 0, 0], [0, 0, 0, 0, 0, 0, 0, 0, 0, 0, 0, 0, 0, 1, 0, 0, 0, 0, 0, 0, 0, 0], [0, 0, 0, 0, 0, 0, 0, 0, 0, 0, 0, 0, 0, 0, 1, 0, 0, 0, 0, 0, 0, 0], [0, 0, 0, 0, 0, 0, 0, 0, 0, 0, 0, 0, 0, 0, 0, 1, 0, 0, 0, 0, 0, 0], [0, 0, 0, 0, 0, 0, 0, 0, 0, 0, 0, 0, 0, 0, 0, 0, 1, 0, 0, 0, 0, 0], [0, 0, 0, 0, 0, 0, 0, 0, 0, 0, 0, 0, 0, 0, 0, 0, 0, 1, 0, 0, 0, 0], [0, 0, 0, 0, 0, 0, 0, 0, 0, 0, 0, 0, 0, 0, 0, 0, 0, 0, 1, 0, 0, 0], [0, 0, 0, 0, 0, 0, 0, 0, 0, 0, 0, 0, 0, 0, 0, 0, 0, 0, 0, 1, 0, 0], [0, 0, 0, 0, 0, 0, 0, 0, 0, 0, 0, 0, 0, 0, 0, 0, 0, 0, 0, 0, 1, 0], [0, 0, 0, 0, 0, 0, 0, 0, 0, 0, 0, 0, 0, 0, 0, 0, 0, 0, 0, 0, 0, 1]]
[[2, 3, -3, 9, 4, 3, -14, -9, 0, -10, -4, 0, 1, 6, -2, -10, -2, 4, -3, 10, 6, 3], [2, 4, -5, 12, 5, 4, -19, -12, 0, -14, -6, 0, 1, 8, -2, -13, -3, 5, -5, 11, 6, 3], [1, 0, -1, 3, 1, 1, -5, -3, 0, -4, -2, 0, 0, 2, 0, -3, -1, 1, -2, 1, 0, 0], [0, 2, -1, 5, 2, 1, -6, -4, 0, -4, -1, 0, 1, 3, -1, -5, -1, 2, -1, 6, 4, 2], [0, 2, -1, 4, 3, 1, -6, -4, 0, -4, -1, 0, 1, 3, -1, -5, -1, 2, -1, 6, 4, 2], [1, 0, -2, 3, 1, 2, -5, -3, 0, -4, -2, 0, 0, 2, 0, -3, -1, 1, -2, 1, 0, 0], [0, -1, 1, -2, -1, 0, 4, 2, 0, 2, 0, 0, -1, -2, 0, 3, 1, -1, 1, -3, -2, -1], [1, 4, -4, 11, 5, 3, -17, -10, 0, -12, -4, 0, 2, 8, -2, -13, -3, 5, -4, 13, 8, 4], [1, 1, -3, 5, 2, 1, -8, -5, 1, -6, -2, 0, 1, 4, 0, -6, -2, 2, -3, 4, 2, 1], [0, 2, -1, 4, 2, 1, -6, -4, 0, -3, -1, 0, 1, 3, -1, -5, -1, 2, -1, 6, 4, 2], [1, 0, -2, 3, 1, 1, -5, -3, 0, -4, -1, 0, 0, 2, 0, -3, -1, 1, -2, 1, 0, 0], [1, 2, -3, 7, 3, 2, -11, -7, 0, -8, -3, 1, 1, 5, -1, -8, -2, 3, -3, 7, 4, 2], [1, 1, -2, 5, 2, 2, -8, -5, 0, -6, -3, 0, 1, 3, -1, -5, -1, 2, -2, 4, 2, 1], [-2, -3, 6, -12, -5, -3, 19, 12, 0, 14, 5, 0, -2, -8, 1, 14, 4, -5, 6, -11, -6, -3], [-1, -3, 4, -9, -4, -2, 14, 9, 0, 10, 3, 0, -2, -7, 2, 11, 3, -4, 4, -10, -6, -3], [-1, -2, 3, -7, -3, -2, 11, 7, 0, 8, 3, 0, -1, -5, 1, 9, 2, -3, 3, -7, -4, -2], [-2, -4, 6, -14, -6, -4, 22, 14, 0, 16, 6, 0, -2, -10, 2, 16, 5, -6, 6, -14, -8, -4], [2, 4, -6, 14, 6, 4, -22, -14, 0, -16, -6, 0, 2, 10, -2, -16, -4, 7, -6, 14, 8, 4], [0, 1, -1, 2, 1, 0, -3, -2, 0, -2, 0, 0, 1, 2, 0, -3, -1, 1, 0, 3, 2, 1], [0, -2, 1, -4, -2, -1, 6, 4, 0, 4, 1, 0, -1, -3, 1, 5, 1, -2, 1, -5, -4, -2], [-1, -2, 3, -7, -3, -2, 11, 7, 0, 8, 3, 0, -1, -5, 1, 8, 2, -3, 3, -7, -3, -2], [-1, 0, 2, -3, -1, -1, 5, 3, 0, 4, 2, 0, 0, -2, 0, 3, 1, -1, 2, -1, 0, 1]]
[[1, 0, 0, 0, 0, 0, 0, 0, 0, 0, 0, 0, 0, 0, 0, 0, 0, 0, 0, 0, 0, 0], [0, 1, 0, 0, 0, 0, 0, 0, 0, 0, 0, 0, 0, 0, 0, 0, 0, 0, 0, 0, 0, 0], [0, 0, 1, 0, 0, 0, 0, 0, 0, 0, 0, 0, 0, 0, 0, 0, 0, 0, 0, 0, 0, 0], [0, 0, 0, 1, 0, 0, 0, 0, 0, 0, 0, 0, 0, 0, 0, 0, 0, 0, 0, 0, 0, 0], [0, 0, 0, 0, 1, 0, 0, 0, 0, 0, 0, 0, 0, 0, 0, 0, 0, 0, 0, 0, 0, 0], [0, 0, 0, 0, 0, 0, 0, 0, 0, 0, 0, 0, 0, 0, 0, 0, 0, 0, 0, 0, 0, -1], [0, 0, 0, 0, 0, -1, 1, 0, 0, 0, 0, 0, 0, 0, 0, 0, 0, 0, 0, 0, 0, -1], [0, 0, 0, 0, 0, 0, 0, 1, 0, 0, 0, 0, 0, 0, 0, 0, 0, 0, 0, 0, 0, 0], [0, 0, 0, 0, 0, 0, 0, 0, 1, 0, 0, 0, 0, 0, 0, 0, 0, 0, 0, 0, 0, 0], [0, 0, 0, 0, 0, 0, 0, 0, 0, 1, 0, 0, 0, 0, 0, 0, 0, 0, 0, 0, 0, 0], [0, 0, 0, 0, 0, 0, 0, 0, 0, 0, 1, 0, 0, 0, 0, 0, 0, 0, 0, 0, 0, 0], [0, 0, 0, 0, 0, 0, 0, 0, 0, 0, 0, 1, 0, 0, 0, 0, 0, 0, 0, 0, 0, 0], [0, 0, 0, 0, 0, 0, 0, 0, 0, 0, 0, 0, 1, 0, 0, 0, 0, 0, 0, 0, 0, 0], [0, 0, 0, 0, 0, 0, 0, 0, 0, 0, 0, 0, 0, 1, 0, 0, 0, 0, 0, 0, 0, 0], [0, 0, 0, 0, 0, 0, 0, 0, 0, 0, 0, 0, 0, 0, 1, 0, 0, 0, 0, 0, 0, 0], [0, 0, 0, 0, 0, 1, 0, 0, 0, 0, 0, 0, 0, 0, 0, 1, 0, 0, 0, 0, 0, 1], [0, 0, 0, 0, 0, 0, 0, 0, 0, 0, 0, 0, 0, 0, 0, 0, 1, 0, 0, 0, 0, 0], [0, 0, 0, 0, 0, -1, 0, 0, 0, 0, 0, 0, 0, 0, 0, 0, 0, 1, 0, 0, 0, -1], [0, 0, 0, 0, 0, 0, 0, 0, 0, 0, 0, 0, 0, 0, 0, 0, 0, 0, 1, 0, 0, 0], [0, 0, 0, 0, 0, 0, 0, 0, 0, 0, 0, 0, 0, 0, 0, 0, 0, 0, 0, 1, 0, 0], [0, 0, 0, 0, 0, 1, 0, 0, 0, 0, 0, 0, 0, 0, 0, 0, 0, 0, 0, 0, 1, 1], [0, 0, 0, 0, 0, -1, 0, 0, 0, 0, 0, 0, 0, 0, 0, 0, 0, 0, 0, 0, 0, 0]]
[[2, 1, 0, 3, 1, 3, -5, -3, 1, -3, -2, 0, 0, 2, 0, -2, 0, 1, -1, 1, 1, 2], [1, 2, 0, 3, 1, 3, -5, -3, 1, -3, -2, 0, 0, 2, 0, -2, 0, 1, -1, 1, 1, 2], [1, 0, 0, 2, 0, 2, -3, -2, 0, -2, -1, 0, 0, 1, 0, -1, 0, 0, -1, -1, -1, 0], [-1, 0, 1, -1, 0, -2, 3, 2, 0, 2, 1, 0, 0, -1, 0, 1, 0, 0, 1, 1, 1, 0], [0, 0, 1, -1, 0, -1, 2, 1, 0, 2, 0, 0, -1, -1, 0, 1, 0, 0, 1, 0, 1, 0], [0, 0, 0, 0, 0, 1, 0, 0, 0, 0, 0, 0, 0, 0, 0, 0, 0, 0, 0, 0, 0, 0], [0, 0, 1, -1, -1, -1, 3, 1, 0, 2, 0, 0, -1, -1, 0, 1, 0, 0, 1, 0, 1, 0], [0, 0, 0, 0, 0, 0, 0, 1, 0, 0, 0, 0, 0, 0, 0, 0, 0, 0, 0, 0, 0, 0], [0, 0, -1, 1, 1, 1, -2, -1, 1, -2, 0, 0, 1, 1, 0, -1, 0, 0, -1, 0, -1, 0], [-1, 0, 1, -2, 0, -2, 3, 2, 0, 3, 1, 0, 0, -1, 0, 1, 0, 0, 1, 1, 1, 0], [0, 0, 0, 0, 0, 0, 0, 0, 0, 0, 1, 0, 0, 0, 0, 0, 0, 0, 0, 0, 0, 0], [1, 1, -1, 4, 2, 4, -7, -4, 1, -5, -2, 1, 1, 3, 0, -3, 0, 1, -2, 1, 0, 2], [1, 1, 0, 3, 1, 3, -5, -3, 1, -3, -2, 0, 1, 2, 0, -2, 0, 1, -1, 1, 1, 2], [-1, -1, 1, -4, -2, -4, 7, 4, -1, 5, 2, 0, -1, -2, 0, 3, 0, -1, 2, -1, 0, -2], [0, 0, 0, 0, 0, 0, 0, 0, 0, 0, 0, 0, 0, 0, 1, 0, 0, 0, 0, 0, 0, 0], [1, 0, -2, 3, 1, 3, -5, -3, 0, -4, -1, 0, 1, 2, 0, -1, 0, 0, -2, -1, -2, 0], [-1, -1, 1, -4, -2, -4, 7, 4, -1, 5, 2, 0, -1, -3, 0, 3, 1, -1, 2, -1, 0, -2], [0, 0, 0, 0, 0, 0, 0, 0, 0, 0, 0, 0, 0, 0, 0, 0, 0, 1, 0, 0, 0, 0], [-1, 0, 1, -2, 0, -2, 3, 2, 0, 2, 1, 0, 0, -1, 0, 1, 0, 0, 2, 1, 1, 0], [1, 0, -1, 2, 0, 2, -3, -2, 0, -2, -1, 0, 0, 1, 0, -1, 0, 0, -1, 0, -1, 0], [0, 0, -1, 1, 1, 1, -2, -1, 0, -2, 0, 0, 1, 1, 0, -1, 0, 0, -1, 0, 0, 0], [-1, -1, 1, -4, -2, -4, 7, 4, -1, 5, 2, 0, -1, -3, 0, 3, 0, -1, 2, -1, 0, -1]]
[[1, 0, 0, 0, 0, 0, 0, 0, 0, 0, 0, 0, 0, 0, 0, 0, 0, 0, 0, 0, 0, 0], [0, 1, 0, 0, 0, 0, 0, 0, 0, 0, 0, 0, 0, 0, 0, 0, 0, 0, 0, 0, 0, 0], [0, 0, 1, 0, 0, 0, 0, 0, 0, 0, 0, 0, 0, 0, 0, 0, 0, 0, 0, 0, 0, 0], [0, 0, 0, 1, 0, 0, 0, 0, 0, 0, 0, 0, 0, 0, 0, 0, 0, 0, 0, 0, 0, 0], [0, 0, 0, 0, 1, 0, 0, 0, 0, 0, 0, 0, 0, 0, 0, 0, 0, 0, 0, 0, 0, 0], [0, 0, 0, 0, 0, 1, 0, 0, 0, 0, 0, 0, 0, 0, 0, 0, 0, 0, 0, 0, 0, 0], [0, 0, 0, 0, 0, 0, 1, 0, 0, 0, 0, 0, 0, 0, 0, 0, 0, 0, 0, 0, 0, 0], [0, 0, 0, 0, 0, 0, 0, 1, 0, 0, 0, 0, 0, 0, 0, 0, 0, 0, 0, 0, 0, 0], [0, 0, 0, 0, 0, 0, 0, 0, 1, 0, 0, 0, 0, 0, 0, 0, 0, 0, 0, 0, 0, 0], [0, 0, 0, 0, 0, 0, 0, 0, 0, 1, 0, 0, 0, 0, 0, 0, 0, 0, 0, 0, 0, 0], [0, 0, 0, 0, 0, 0, 0, 0, 0, 0, 1, 0, 0, 0, 0, 0, 0, 0, 0, 0, 0, 0], [0, 0, 0, 0, 0, 0, 0, 0, 0, 0, 0, 1, 0, 0, 0, 0, 0, 0, 0, 0, 0, 0], [0, 0, 0, 0, 0, 0, 0, 0, 0, 0, 0, 0, 1, 0, 0, 0, 0, 0, 0, 0, 0, 0], [0, 0, 0, 0, 0, 0, 0, 0, 0, 0, 0, 0, 0, 1, 0, 0, 0, 0, 0, 0, 0, 0], [0, 0, 0, 0, 0, 0, 0, 0, 0, 0, 0, 0, 0, 0, 1, 0, 0, 0, 0, 0, 0, 0], [0, 0, 0, 0, 0, 0, 0, 0, 0, 0, 0, 0, 0, 0, 0, 1, 0, 0, 0, 0, 0, 0], [0, 0, 0, 0, 0, 0, 0, 0, 0, 0, 0, 0, 0, 0, 0, 0, 1, 0, 0, 0, 0, 0], [0, 0, 0, 0, 0, 0, 0, 0, 0, 0, 0, 0, 0, 0, 0, 0, 0, 1, 0, 0, 0, 0], [0, 0, 0, 0, 0, 0, 0, 0, 0, 0, 0, 0, 0, 0, 0, 0, 0, 0, 1, 0, 0, 0], [0, 0, 0, 0, 0, 0, 0, 0, 0, 0, 0, 0, 0, 0, 0, 0, 0, 0, 0, 1, 0, 0], [0, 0, 0, 0, 0, 0, 0, 0, 0, 0, 0, 0, 0, 0, 0, 0, 0, 0, 0, 0, 1, 0], [0, 0, 0, 0, 0, 0, 0, 0, 0, 0, 0, 0, 0, 0, 0, 0, 0, 0, 0, 0, 0, 1]]
[[1, 0, 0, 0, 0, 0, 0, 0, 0, 0, 0, 0, 0, 0, 0, 0, 0, 0, 0, 0, 0, 0], [0, 1, 0, 0, 0, 0, 0, 0, 0, 0, 0, 0, 0, 0, 0, 0, 0, 0, 0, 0, 0, 0], [0, 0, 1, 0, 0, 0, 0, 0, 0, 0, 0, 0, 0, 0, 0, 0, 0, 0, 0, 0, 0, 0], [0, 0, 0, 1, 0, 0, 0, 0, 0, 0, 0, 0, 0, 0, 0, 0, 0, 0, 0, 0, 0, 0], [0, 0, 0, 0, 1, 0, 0, 0, 0, 0, 0, 0, 0, 0, 0, 0, 0, 0, 0, 0, 0, 0], [0, 0, 0, 0, 0, 1, 0, 0, 0, 0, 0, 0, 0, 0, 0, 0, 0, 0, 0, 0, 0, 0], [0, 0, 0, 0, 0, 0, 1, 0, 0, 0, 0, 0, 0, 0, 0, 0, 0, 0, 0, 0, 0, 0], [0, 0, 0, 0, 0, 0, 0, 1, 0, 0, 0, 0, 0, 0, 0, 0, 0, 0, 0, 0, 0, 0], [0, 0, 0, 0, 0, 0, 0, 0, 1, 0, 0, 0, 0, 0, 0, 0, 0, 0, 0, 0, 0, 0], [0, 0, 0, 0, 0, 0, 0, 0, 0, 1, 0, 0, 0, 0, 0, 0, 0, 0, 0, 0, 0, 0], [0, 0, 0, 0, 0, 0, 0, 0, 0, 0, 1, 0, 0, 0, 0, 0, 0, 0, 0, 0, 0, 0], [0, 0, 0, 0, 0, 0, 0, 0, 0, 0, 0, 1, 0, 0, 0, 0, 0, 0, 0, 0, 0, 0], [0, 0, 0, 0, 0, 0, 0, 0, 0, 0, 0, 0, 1, 0, 0, 0, 0, 0, 0, 0, 0, 0], [0, 0, 0, 0, 0, 0, 0, 0, 0, 0, 0, 0, 0, 1, 0, 0, 0, 0, 0, 0, 0, 0], [0, 0, 0, 0, 0, 0, 0, 0, 0, 0, 0, 0, 0, 0, 1, 0, 0, 0, 0, 0, 0, 0], [0, 0, 0, 0, 0, 0, 0, 0, 0, 0, 0, 0, 0, 0, 0, 1, 0, 0, 0, 0, 0, 0], [0, 0, 0, 0, 0, 0, 0, 0, 0, 0, 0, 0, 0, 0, 0, 0, 1, 0, 0, 0, 0, 0], [0, 0, 0, 0, 0, 0, 0, 0, 0, 0, 0, 0, 0, 0, 0, 0, 0, 1, 0, 0, 0, 0], [0, 0, 0, 0, 0, 0, 0, 0, 0, 0, 0, 0, 0, 0, 0, 0, 0, 0, 1, 0, 0, 0], [0, 0, 0, 0, 0, 0, 0, 0, 0, 0, 0, 0, 0, 0, 0, 0, 0, 0, 0, 1, 0, 0], [0, 0, 0, 0, 0, 0, 0, 0, 0, 0, 0, 0, 0, 0, 0, 0, 0, 0, 0, 0, 1, 0], [0, 0, 0, 0, 0, 0, 0, 0, 0, 0, 0, 0, 0, 0, 0, 0, 0, 0, 0, 0, 0, 1]]
[[1, 0, 0, 0, 0, 0, 0, 0, 0, 0, 0, 0, 0, 0, 0, 0, 0, 0, 0, 0, 0, 0], [1, 1, 0, 0, 0, 0, 0, 0, 0, 0, 0, 0, 0, 0, 0, 0, 0, 0, 1, 1, 1, 0], [0, 0, 1, 0, 0, 0, 0, 0, 0, 0, 0, 0, 0, 0, 0, 0, 0, 0, 0, 0, 0, 0], [1, 0, 0, 1, 0, 0, 0, 0, 0, 0, 0, 0, 0, 0, 0, 0, 0, 0, 1, 1, 1, 0], [1, 0, 0, 0, 1, 0, 0, 0, 0, 0, 0, 0, 0, 0, 0, 0, 0, 0, 1, 1, 1, 0], [0, 0, 0, 0, 0, 1, 0, 0, 0, 0, 0, 0, 0, 0, 0, 0, 0, 0, 0, 0, 0, 0], [0, 0, 0, 0, 0, 0, 1, 0, 0, 0, 0, 0, 0, 0, 0, 0, 0, 0, 0, 0, 0, 0], [1, 0, 0, 0, 0, 0, 0, 1, 0, 0, 0, 0, 0, 0, 0, 0, 0, 0, 1, 1, 1, 0], [0, 0, 0, 0, 0, 0, 0, 0, 1, 0, 0, 0, 0, 0, 0, 0, 0, 0, 0, 0, 0, 0], [1, 0, 0, 0, 0, 0, 0, 0, 0, 1, 0, 0, 0, 0, 0, 0, 0, 0, 1, 1, 1, 0], [0, 0, 0, 0, 0, 0, 0, 0, 0, 0, 1, 0, 0, 0, 0, 0, 0, 0, 0, 0, 0, 0], [0, 0, 0, 0, 0, 0, 0, 0, 0, 0, 0, 1, 0, 0, 0, 0, 0, 0, 0, 0, 0, 0], [0, 0, 0, 0, 0, 0, 0, 0, 0, 0, 0, 0, 1, 0, 0, 0, 0, 0, 0, 0, 0, 0], [0, 0, 0, 0, 0, 0, 0, 0, 0, 0, 0, 0, 0, 1, 0, 0, 0, 0, 0, 0, 0, 0], [-1, 0, 0, 0, 0, 0, 0, 0, 0, 0, 0, 0, 0, 0, 1, 0, 0, 0, -1, -1, -1, 0], [-1, 0, 0, 0, 0, 0, 0, 0, 0, 0, 0, 0, 0, 0, 0, 1, 0, 0, -1, -1, -1, 0], [0, 0, 0, 0, 0, 0, 0, 0, 0, 0, 0, 0, 0, 0, 0, 0, 1, 0, 0, 0, 0, 0], [1, 0, 0, 0, 0, 0, 0, 0, 0, 0, 0, 0, 0, 0, 0, 0, 0, 1, 1, 1, 1, 0], [0, 0, 0, 0, 0, 0, 0, 0, 0, 0, 0, 0, 0, 0, 0, 0, 0, 0, 1, 0, 0, 0], [-1, 0, 0, 0, 0, 0, 0, 0, 0, 0, 0, 0, 0, 0, 0, 0, 0, 0, -1, 0, -1, 0], [-1, 0, 0, 0, 0, 0, 0, 0, 0, 0, 0, 0, 0, 0, 0, 0, 0, 0, -1, -1, 0, 0], [1, 0, 0, 0, 0, 0, 0, 0, 0, 0, 0, 0, 0, 0, 0, 0, 0, 0, 1, 1, 1, 1]]
[[1, 1, 2, -1, 1, 0, 1, 0, 1, 2, 0, -1, -1, -1, 1, 1, 0, 0, 1, 1, 1, 1], [1, 2, 2, 0, 1, 1, -1, -1, 1, 1, -1, -1, -1, 0, 1, 0, 0, 0, 1, 1, 1, 1], [0, 0, 1, 0, 0, 0, 0, 0, 0, 0, 0, 0, 0, 0, 0, 0, 0, 0, 0, 0, 0, 0], [-1, 0, 0, 0, 0, -1, 2, 1, 0, 1, 1, 0, 0, -1, 0, 1, 0, 0, 0, 0, 0, 0], [-1, 0, 0, -1, 1, -1, 2, 1, 0, 1, 1, 0, 0, -1, 0, 1, 0, 0, 0, 0, 0, 0], [1, 0, 0, 1, 0, 2, -2, -1, 0, -1, -1, 0, 0, 1, 0, -1, 0, 0, 0, 0, 0, 0], [1, 1, 2, 0, 1, 1, 0, -1, 1, 1, -1, -1, -1, 0, 1, 0, 0, 0, 1, 1, 1, 1], [-1, 0, 0, -1, 0, -1, 2, 2, 0, 1, 1, 0, 0, -1, 0, 1, 0, 0, 0, 0, 0, 0], [0, -1, -2, 1, -1, 0, -1, 0, 0, -2, 0, 1, 1, 1, -1, -1, 0, 0, -1, -1, -1, -1], [-1, 0, 0, -1, 0, -1, 2, 1, 0, 2, 1, 0, 0, -1, 0, 1, 0, 0, 0, 0, 0, 0], [0, -1, -2, 1, -1, 0, -1, 0, -1, -2, 1, 1, 1, 1, -1, -1, 0, 0, -1, -1, -1, -1], [1, 1, 2, 0, 1, 1, -1, -1, 1, 1, -1, -1, 0, 0, 1, 0, 0, 0, 1, 1, 1, 1], [1, 1, 2, 0, 1, 1, -1, -1, 1, 1, -1, 0, -1, 0, 1, 0, 0, 0, 1, 1, 1, 1], [-1, 0, 0, -1, 0, -1, 2, 1, 0, 1, 1, 0, 0, 0, 0, 1, 0, 0, 0, 0, 0, 0], [1, 0, 0, 1, 0, 1, -2, -1, 0, -1, -1, 0, 0, 1, 1, -1, 0, 0, 0, 0, 0, 0], [1, 0, 0, 1, 0, 1, -2, -1, 0, -1, -1, 0, 0, 1, 0, 0, 0, 0, 0, 0, 0, 0], [-1, 0, 0, -1, 0, -1, 2, 1, 0, 1, 1, 0, 0, -1, 0, 1, 1, 0, 0, 0, 0, 0], [1, 0, 0, 1, 0, 1, -2, -1, 0, -1, -1, 0, 0, 1, 0, -1, 0, 1, 0, 0, 0, 0], [-1, -1, -2, 0, -1, -1, 1, 1, -1, -1, 1, 1, 1, 0, -1, 0, 0, 0, 0, -1, -1, -1], [1, 0, 0, 1, 0, 1, -2, -1, 0, -1, -1, 0, 0, 1, 0, -1, 0, 0, 0, 1, 0, 0], [0, 0, 0, 0, 0, 0, 0, 0, 0, 0, 0, 0, 0, 0, 0, 0, 0, 0, 0, 0, 1, 0], [-1, 0, 0, -1, 0, -1, 2, 1, 0, 1, 1, 0, 0, -1, 0, 1, 0, 0, 0, 0, 0, 1]]
[[1, 0, 0, 0, 0, 0, 0, 0, 0, 0, 0, 0, 0, 0, 0, 0, 0, 0, 0, 0, 0, 0], [0, 1, 0, 0, 0, 0, 0, 0, 0, 0, 0, 0, 0, 0, 0, 0, 0, 0, 0, 0, 0, 0], [0, 0, 1, 0, 0, 0, 0, 0, 0, 0, 0, 0, 0, 0, 0, 0, 0, 0, 0, 0, 0, 0], [0, 0, 0, 1, 0, 0, 0, 0, 0, 0, 0, 0, 0, 0, 0, 0, 0, 0, 0, 0, 0, 0], [0, 0, 0, 0, 1, 0, 0, 0, 0, 0, 0, 0, 0, 0, 0, 0, 0, 0, 0, 0, 0, 0], [0, 0, 0, 0, 0, 1, 0, 0, 0, 0, 0, 0, 0, 0, 0, 0, 0, 0, 0, 0, 0, 0], [0, 0, 0, 0, 0, 0, 1, 0, 0, 0, 0, 0, 0, 0, 0, 0, 0, 0, 0, 0, 0, 0], [0, 0, 0, 0, 0, 0, 0, 1, 0, 0, 0, 0, 0, 0, 0, 0, 0, 0, 0, 0, 0, 0], [0, 0, 0, 0, 0, 0, 0, 0, 1, 0, 0, 0, 0, 0, 0, 0, 0, 0, 0, 0, 0, 0], [0, 0, 0, 0, 0, 0, 0, 0, 0, 1, 0, 0, 0, 0, 0, 0, 0, 0, 0, 0, 0, 0], [0, 0, 0, 0, 0, 0, 0, 0, 0, 0, 1, 0, 0, 0, 0, 0, 0, 0, 0, 0, 0, 0], [0, 0, 0, 0, 0, 0, 0, 0, 0, 0, 0, 1, 0, 0, 0, 0, 0, 0, 0, 0, 0, 0], [0, 0, 0, 0, 0, 0, 0, 0, 0, 0, 0, 0, 1, 0, 0, 0, 0, 0, 0, 0, 0, 0], [0, 0, 0, 0, 0, 0, 0, 0, 0, 0, 0, 0, 0, 1, 0, 0, 0, 0, 0, 0, 0, 0], [0, 0, 0, 0, 0, 0, 0, 0, 0, 0, 0, 0, 0, 0, 1, 0, 0, 0, 0, 0, 0, 0], [0, 0, 0, 0, 0, 0, 0, 0, 0, 0, 0, 0, 0, 0, 0, 1, 0, 0, 0, 0, 0, 0], [0, 0, 0, 0, 0, 0, 0, 0, 0, 0, 0, 0, 0, 0, 0, 0, 1, 0, 0, 0, 0, 0], [0, 0, 0, 0, 0, 0, 0, 0, 0, 0, 0, 0, 0, 0, 0, 0, 0, 1, 0, 0, 0, 0], [0, 0, 0, 0, 0, 0, 0, 0, 0, 0, 0, 0, 0, 0, 0, 0, 0, 0, 1, 0, 0, 0], [0, 0, 0, 0, 0, 0, 0, 0, 0, 0, 0, 0, 0, 0, 0, 0, 0, 0, 0, 1, 0, 0], [0, 0, 0, 0, 0, 0, 0, 0, 0, 0, 0, 0, 0, 0, 0, 0, 0, 0, 0, 0, 1, 0], [0, 0, 0, 0, 0, 0, 0, 0, 0, 0, 0, 0, 0, 0, 0, 0, 0, 0, 0, 0, 0, 1]]
[[1, 0, 0, 0, 0, 0, 0, 0, 0, 0, 0, 0, 0, 0, 0, 0, 0, 0, 0, 0, 0, 0], [0, 1, 0, 0, 0, 0, 0, 0, 0, 0, 0, 0, 0, 0, 0, 0, 0, 0, 0, 0, 0, 0], [0, 0, 1, 0, 0, 0, 0, 0, 0, 0, 0, 0, 0, 0, 0, 0, 0, 0, 0, 0, 0, 0], [0, 0, 0, 1, 0, 0, 0, 0, 0, 0, 0, 0, 0, 0, 0, 0, 0, 0, 0, 0, 0, 0], [0, 0, 0, 0, 1, 0, 0, 0, 0, 0, 0, 0, 0, 0, 0, 0, 0, 0, 0, 0, 0, 0], [0, 0, 0, 0, 0, 1, 0, 0, 0, 0, 0, 0, 0, 0, 0, 0, 0, 0, 0, 0, 0, 0], [0, 0, 0, 0, 0, 0, 1, 0, 0, 0, 0, 0, 0, 0, 0, 0, 0, 0, 0, 0, 0, 0], [0, 0, 0, 0, 0, 0, 0, 1, 0, 0, 0, 0, 0, 0, 0, 0, 0, 0, 0, 0, 0, 0], [0, 0, 0, 0, 0, 0, 0, 0, 1, 0, 0, 0, 0, 0, 0, 0, 0, 0, 0, 0, 0, 0], [0, 0, 0, 0, 0, 0, 0, 0, 0, 1, 0, 0, 0, 0, 0, 0, 0, 0, 0, 0, 0, 0], [0, 0, 0, 0, 0, 0, 0, 0, 0, 0, 1, 0, 0, 0, 0, 0, 0, 0, 0, 0, 0, 0], [0, 0, 0, 0, 0, 0, 0, 0, 0, 0, 0, 1, 0, 0, 0, 0, 0, 0, 0, 0, 0, 0], [0, 0, 0, 0, 0, 0, 0, 0, 0, 0, 0, 0, 1, 0, 0, 0, 0, 0, 0, 0, 0, 0], [0, 0, 0, 0, 0, 0, 0, 0, 0, 0, 0, 0, 0, 1, 0, 0, 0, 0, 0, 0, 0, 0], [0, 0, 0, 0, 0, 0, 0, 0, 0, 0, 0, 0, 0, 0, 1, 0, 0, 0, 0, 0, 0, 0], [0, 0, 0, 0, 0, 0, 0, 0, 0, 0, 0, 0, 0, 0, 0, 1, 0, 0, 0, 0, 0, 0], [0, 0, 0, 0, 0, 0, 0, 0, 0, 0, 0, 0, 0, 0, 0, 0, 1, 0, 0, 0, 0, 0], [0, 0, 0, 0, 0, 0, 0, 0, 0, 0, 0, 0, 0, 0, 0, 0, 0, 1, 0, 0, 0, 0], [0, 0, 0, 0, 0, 0, 0, 0, 0, 0, 0, 0, 0, 0, 0, 0, 0, 0, 1, 0, 0, 0], [0, 0, 0, 0, 0, 0, 0, 0, 0, 0, 0, 0, 0, 0, 0, 0, 0, 0, 0, 1, 0, 0], [0, 0, 0, 0, 0, 0, 0, 0, 0, 0, 0, 0, 0, 0, 0, 0, 0, 0, 0, 0, 1, 0], [0, 0, 0, 0, 0, 0, 0, 0, 0, 0, 0, 0, 0, 0, 0, 0, 0, 0, 0, 0, 0, 1]]

#################
# GALOIS GROUPS #
#################


Generators of the monodromy group on the generic Picard lattice:
[[1, 0, 0, 0, 0, 0, 0, 0, 0, 0, 0, 0, 0], [0, 1, 0, 0, 0, 0, 0, 0, 0, 0, 0, 0, 0], [0, 0, 1, 0, 0, 0, 0, 0, 0, 0, 0, 0, 0], [0, 0, 0, 1, 0, 0, 0, 0, 0, 0, 0, 0, 0], [0, 0, 0, 0, 1, 0, 0, 0, 0, 0, 0, 0, 0], [0, 0, 0, 0, 0, 1, 0, 0, 0, 0, 0, 0, 0], [0, 0, 0, 0, 0, 0, 1, 0, 0, 0, 0, 0, 0], [0, 0, 0, 0, 0, 0, 0, 1, 0, 0, 0, 0, 0], [0, 0, 0, 0, 0, 0, 0, 0, 1, 0, 0, 0, 0], [0, 0, 0, 0, 0, 0, 0, 0, 0, 1, 0, 0, 0], [0, 0, 0, 0, 0, 0, 0, 0, 0, 0, 1, 0, 0], [0, 0, 0, 0, 0, 0, 0, 0, 0, 0, 0, 1, 0], [0, 0, 0, 0, 0, 0, 0, 0, 0, 0, 0, 0, 1]]
[[1, 0, 0, 0, 0, 0, 0, 0, 0, 0, 0, 0, 0], [0, 1, 0, 0, 0, 0, 0, 0, 0, 0, 0, 0, 0], [0, 0, 1, 0, 0, 0, 0, 0, 0, 0, 0, 0, 0], [0, 0, 0, 1, 0, 0, 0, 0, 0, 0, 0, 0, 0], [0, 0, 0, 0, 1, 0, 0, 0, 0, 0, 0, 0, 0], [0, 0, 0, 0, 0, 1, 0, 0, 0, 0, 0, 0, 0], [0, 0, 0, 0, 0, 0, 1, 0, 0, 0, 0, 0, 0], [0, 0, 0, 0, 0, 0, 0, 1, 0, 0, 0, 0, 0], [0, 0, 0, 0, 0, 0, 0, 0, 1, 0, 0, 0, 0], [0, 0, 0, 0, 0, 0, 0, 0, 0, 1, 0, 0, 0], [0, 0, 0, 0, 0, 0, 0, 0, 0, 0, 1, 0, 0], [0, 0, 0, 0, 0, 0, 0, 0, 0, 0, 0, 1, 0], [0, 0, 0, 0, 0, 0, 0, 0, 0, 0, 0, 0, 1]]
[[1, 0, 0, 0, 0, 0, 0, 0, 0, 0, 0, 0, 0], [0, 1, 0, 0, 0, 0, 0, 0, 0, 0, 0, 0, 0], [0, 0, 1, 0, 0, 0, 0, 0, 0, 0, 0, 0, 0], [0, 0, 0, 1, 0, 0, 0, 0, 0, 0, 0, 0, 0], [0, 0, 0, 0, 1, 0, 0, 0, 0, 0, 0, 0, 0], [0, 0, 0, 0, 0, 1, 0, 0, 0, 0, 0, 0, 0], [0, 0, 0, 0, 0, 0, 1, 0, 0, 0, 0, 0, 0], [0, 0, 0, 0, 0, 0, 0, 1, 0, 0, 0, 0, 0], [0, 0, 0, 0, 0, 0, 0, 0, 1, 0, 0, 0, 0], [0, 0, 0, 0, 0, 0, 0, 0, 0, 1, 0, 0, 0], [0, 0, 0, 0, 0, 0, 0, 0, 0, 0, 1, 0, 0], [0, 0, 0, 0, 0, 0, 0, 0, 0, 0, 0, 1, 0], [0, 0, 0, 0, 0, 0, 0, 0, 0, 0, 0, 0, 1]]
[[-2, 1, 1, -1, 0, -2, 2, 1, 0, 2, 0, -1, 0], [0, 1, 0, 0, 0, 0, 0, 0, 0, 0, 0, 0, 0], [-3, 1, 2, -1, 0, -2, 2, 1, 0, 2, 0, -1, 0], [1, 0, 0, 1, 0, 1, -1, -1, 0, 0, 0, 1, 0], [1, 0, 0, 0, 1, 1, -1, -1, 0, 0, 0, 1, 0], [-1, 0, 0, 0, 0, 0, 1, 1, 0, 0, 0, -1, 0], [-3, 1, 1, -1, 0, -2, 3, 1, 0, 2, 0, -1, 0], [1, 0, 0, 0, 0, 1, -1, 0, 0, 0, 0, 1, 0], [2, -1, -1, 1, 0, 1, -1, 0, 1, -2, 0, 0, 0], [2, -1, -1, 1, 0, 1, -1, 0, 0, -1, 0, 0, 0], [0, 0, 0, 0, 0, 0, 0, 0, 0, 0, 1, 0, 0], [0, 0, 0, 0, 0, 0, 0, 0, 0, 0, 0, 1, 0], [-3, 1, 1, -1, 0, -2, 2, 1, 0, 2, 0, -1, 1]]
[[1, 0, 0, 0, 0, 0, 0, 0, 0, 0, 0, 0, 0], [0, 1, 0, 0, 0, 0, 0, 0, 0, 0, 0, 0, 0], [0, 0, 1, 0, 0, 0, 0, 0, 0, 0, 0, 0, 0], [0, 0, 0, 1, 0, 0, 0, 0, 0, 0, 0, 0, 0], [0, 0, 0, 0, 1, 0, 0, 0, 0, 0, 0, 0, 0], [0, 0, 0, 0, 0, 1, 0, 0, 0, 0, 0, 0, 0], [0, 0, 0, 0, 0, 0, 1, 0, 0, 0, 0, 0, 0], [0, 0, 0, 0, 0, 0, 0, 1, 0, 0, 0, 0, 0], [0, 0, 0, 0, 0, 0, 0, 0, 1, 0, 0, 0, 0], [0, 0, 0, 0, 0, 0, 0, 0, 0, 1, 0, 0, 0], [0, 0, 0, 0, 0, 0, 0, 0, 0, 0, 1, 0, 0], [0, 0, 0, 0, 0, 0, 0, 0, 0, 0, 0, 1, 0], [0, 0, 0, 0, 0, 0, 0, 0, 0, 0, 0, 0, 1]]
[[-3, -2, 0, -2, -2, -2, 5, 3, -2, 3, 1, -1, 0], [-2, 0, 0, -1, -1, -1, 2, 1, -1, 1, 0, 0, 0], [-2, -1, 1, -1, -1, -1, 2, 1, -1, 1, 0, 0, 0], [0, 0, 0, 0, 0, 0, 0, 1, 0, 0, 0, 0, 0], [-2, -1, 0, -1, -1, -2, 4, 3, 0, 2, 1, -1, 0], [2, 1, 0, 1, 1, 2, -4, -3, 1, -3, -2, 2, 0], [-2, -1, 0, -2, -1, -1, 3, 2, -1, 1, 0, 0, 0], [0, 0, 0, 1, 0, 0, 0, 0, 0, 0, 0, 0, 0], [2, 1, 0, 1, 2, 2, -4, -3, 1, -2, -1, 1, 0], [0, 0, 0, 0, 0, 0, 0, 0, 0, 1, 0, 0, 0], [2, 1, 0, 1, 1, 1, -3, -2, 1, -2, 0, 1, 0], [0, 0, 0, 0, 0, 0, 1, 1, 0, 1, 1, 0, 0], [6, 0, -2, 3, 1, 5, -7, -4, 1, -6, -2, 2, -1]]
[[1, 0, 0, 0, 0, 0, 0, 0, 0, 0, 0, 0, 0], [0, 1, 0, 0, 0, 0, 0, 0, 0, 0, 0, 0, 0], [0, 0, 1, 0, 0, 0, 0, 0, 0, 0, 0, 0, 0], [0, 0, 0, 1, 0, 0, 0, 0, 0, 0, 0, 0, 0], [0, 0, 0, 0, 1, 0, 0, 0, 0, 0, 0, 0, 0], [0, 0, 0, 0, 0, 1, 0, 0, 0, 0, 0, 0, 0], [0, 0, 0, 0, 0, 0, 1, 0, 0, 0, 0, 0, 0], [0, 0, 0, 0, 0, 0, 0, 1, 0, 0, 0, 0, 0], [0, 0, 0, 0, 0, 0, 0, 0, 1, 0, 0, 0, 0], [0, 0, 0, 0, 0, 0, 0, 0, 0, 1, 0, 0, 0], [0, 0, 0, 0, 0, 0, 0, 0, 0, 0, 1, 0, 0], [0, 0, 0, 0, 0, 0, 0, 0, 0, 0, 0, 1, 0], [0, 0, 0, 0, 0, 0, 0, 0, 0, 0, 0, 0, 1]]
[[1, 0, 0, 0, 0, 0, 0, 0, 0, 0, 0, 0, 0], [0, 1, 0, 0, 0, 0, 0, 0, 0, 0, 0, 0, 0], [0, 0, 1, 0, 0, 0, 0, 0, 0, 0, 0, 0, 0], [0, 0, 0, 1, 0, 0, 0, 0, 0, 0, 0, 0, 0], [0, 0, 0, 0, 1, 0, 0, 0, 0, 0, 0, 0, 0], [0, 0, 0, 0, 0, 1, 0, 0, 0, 0, 0, 0, 0], [0, 0, 0, 0, 0, 0, 1, 0, 0, 0, 0, 0, 0], [0, 0, 0, 0, 0, 0, 0, 1, 0, 0, 0, 0, 0], [0, 0, 0, 0, 0, 0, 0, 0, 1, 0, 0, 0, 0], [0, 0, 0, 0, 0, 0, 0, 0, 0, 1, 0, 0, 0], [0, 0, 0, 0, 0, 0, 0, 0, 0, 0, 1, 0, 0], [0, 0, 0, 0, 0, 0, 0, 0, 0, 0, 0, 1, 0], [0, 0, 0, 0, 0, 0, 0, 0, 0, 0, 0, 0, 1]]
[[-4, -1, 1, -3, -1, -4, 5, 2, -2, 4, 1, -1, 1], [-5, 0, 1, -3, -1, -4, 5, 2, -2, 4, 1, -1, 1], [-5, -1, 2, -3, -1, -4, 5, 2, -2, 4, 1, -1, 1], [-5, -1, 1, -2, -1, -4, 5, 2, -2, 4, 1, -1, 1], [0, 0, 0, 0, 1, 0, 0, 0, 0, 0, 0, 0, 0], [0, 0, 0, 0, 0, 1, -1, -1, -1, 0, 0, 0, 0], [-5, -1, 1, -3, -1, -4, 5, 1, -3, 4, 1, -1, 1], [0, 0, 0, 0, 0, 0, 0, 1, 0, 0, 0, 0, 0], [5, 1, -1, 3, 1, 4, -6, -3, 2, -4, -1, 1, -1], [0, 0, 0, 0, 0, 0, 0, 0, 0, 1, 0, 0, 0], [5, 1, -1, 3, 1, 4, -5, -2, 2, -4, 0, 1, -1], [0, 0, 0, 0, 0, 0, 0, 0, 0, 0, 0, 1, 0], [0, 0, 0, 0, 0, 0, -1, -1, -1, 0, 0, 0, 1]]
[[1, 0, 0, 0, 0, 0, 0, 0, 0, 0, 0, 0, 0], [0, 1, 0, 0, 0, 0, 0, 0, 0, 0, 0, 0, 0], [0, 0, 1, 0, 0, 0, 0, 0, 0, 0, 0, 0, 0], [0, 0, 0, 1, 0, 0, 0, 0, 0, 0, 0, 0, 0], [0, 0, 0, 0, 1, 0, 0, 0, 0, 0, 0, 0, 0], [0, 0, 0, 0, 0, 1, 0, 0, 0, 0, 0, 0, 0], [0, 0, 0, 0, 0, 0, 1, 0, 0, 0, 0, 0, 0], [0, 0, 0, 0, 0, 0, 0, 1, 0, 0, 0, 0, 0], [0, 0, 0, 0, 0, 0, 0, 0, 1, 0, 0, 0, 0], [0, 0, 0, 0, 0, 0, 0, 0, 0, 1, 0, 0, 0], [0, 0, 0, 0, 0, 0, 0, 0, 0, 0, 1, 0, 0], [0, 0, 0, 0, 0, 0, 0, 0, 0, 0, 0, 1, 0], [0, 0, 0, 0, 0, 0, 0, 0, 0, 0, 0, 0, 1]]
[[-2, 0, 1, -1, -1, -2, 2, 1, -1, 2, 0, 0, 1], [0, 1, 0, 0, 0, 0, 0, 0, 0, 0, 0, 0, 0], [0, 0, 1, 0, 0, 0, 0, 0, 0, 0, 0, 0, 0], [0, 0, 0, 1, 0, 0, 0, 0, 0, 0, 0, 0, 0], [-3, 0, 1, -1, -1, -3, 3, 2, -1, 3, 1, -1, 1], [3, 0, -1, 1, 1, 3, -2, -1, 1, -2, 0, 0, -1], [-3, 0, 1, -1, -1, -2, 3, 1, -1, 2, 0, 0, 1], [3, 0, -1, 1, 0, 1, -1, 1, 1, -1, 1, -1, -1], [0, 0, 0, 0, 1, 1, -1, -1, 1, -1, -1, 1, 0], [0, 0, 0, 0, 0, 0, 0, 0, 0, 1, 0, 0, 0], [0, 0, 0, 0, 1, 1, -1, -1, 0, -1, 0, 1, 0], [0, 0, 0, 0, -1, -1, 1, 1, 0, 1, 1, 0, 0], [3, 0, -1, 1, 2, 3, -3, -2, 1, -3, -1, 1, 0]]
[[1, 0, 0, 0, 0, 0, 0, 0, 0, 0, 0, 0, 0], [0, 1, 0, 0, 0, 0, 0, 0, 0, 0, 0, 0, 0], [0, 0, 1, 0, 0, 0, 0, 0, 0, 0, 0, 0, 0], [0, 0, 0, 1, 0, 0, 0, 0, 0, 0, 0, 0, 0], [0, 0, 0, 0, 1, 0, 0, 0, 0, 0, 0, 0, 0], [0, 0, 0, 0, 0, 1, 0, 0, 0, 0, 0, 0, 0], [0, 0, 0, 0, 0, 0, 1, 0, 0, 0, 0, 0, 0], [0, 0, 0, 0, 0, 0, 0, 1, 0, 0, 0, 0, 0], [0, 0, 0, 0, 0, 0, 0, 0, 1, 0, 0, 0, 0], [0, 0, 0, 0, 0, 0, 0, 0, 0, 1, 0, 0, 0], [0, 0, 0, 0, 0, 0, 0, 0, 0, 0, 1, 0, 0], [0, 0, 0, 0, 0, 0, 0, 0, 0, 0, 0, 1, 0], [0, 0, 0, 0, 0, 0, 0, 0, 0, 0, 0, 0, 1]]
[[1, 0, 0, 0, 0, 0, 0, 0, 0, 0, 0, 0, 0], [0, 1, 0, 0, 0, 0, 0, 0, 0, 0, 0, 0, 0], [0, 0, 1, 0, 0, 0, 0, 0, 0, 0, 0, 0, 0], [0, 0, 0, 1, 0, 0, 0, 0, 0, 0, 0, 0, 0], [0, 0, 0, 0, 1, 0, 0, 0, 0, 0, 0, 0, 0], [0, 0, 0, 0, 0, 1, 0, 0, 0, 0, 0, 0, 0], [0, 0, 0, 0, 0, 0, 1, 0, 0, 0, 0, 0, 0], [0, 0, 0, 0, 0, 0, 0, 1, 0, 0, 0, 0, 0], [0, 0, 0, 0, 0, 0, 0, 0, 1, 0, 0, 0, 0], [0, 0, 0, 0, 0, 0, 0, 0, 0, 1, 0, 0, 0], [0, 0, 0, 0, 0, 0, 0, 0, 0, 0, 1, 0, 0], [0, 0, 0, 0, 0, 0, 0, 0, 0, 0, 0, 1, 0], [0, 0, 0, 0, 0, 0, 0, 0, 0, 0, 0, 0, 1]]
[[3, 0, -1, 2, 2, 4, -4, -3, 0, -3, -1, 2, 0], [1, 1, -1, 1, 1, 2, -2, -2, 0, -2, -1, 1, 0], [1, 0, 0, 1, 1, 2, -2, -2, 0, -2, -1, 1, 0], [0, 0, 0, 1, 0, 0, 0, 0, 0, 0, 0, 0, 0], [0, 0, 0, 0, 1, 0, 0, 0, 0, 0, 0, 0, 0], [-1, 0, 0, -1, -1, -1, 2, 1, 0, 1, 0, -1, 0], [1, 0, 0, 1, 1, 2, -1, -1, 0, -1, 0, 1, 0], [0, 0, -1, 0, 0, 0, 0, 0, 0, -1, -1, 0, 0], [-1, 0, 1, -1, -1, -2, 2, 2, 1, 2, 1, -1, 0], [0, 0, 0, 0, 0, 0, 0, 0, 0, 1, 0, 0, 0], [-1, 0, 0, -1, -1, -2, 2, 1, 0, 1, 1, -1, 0], [0, 0, 0, 0, 0, 0, 0, 0, 0, 0, 0, 1, 0], [0, 0, -1, 0, 0, 0, 0, -1, 0, -1, -1, 0, 1]]
[[1, 0, 0, 0, 0, 0, 0, 0, 0, 0, 0, 0, 0], [0, 1, 0, 0, 0, 0, 0, 0, 0, 0, 0, 0, 0], [0, 0, 1, 0, 0, 0, 0, 0, 0, 0, 0, 0, 0], [0, 0, 0, 1, 0, 0, 0, 0, 0, 0, 0, 0, 0], [0, 0, 0, 0, 1, 0, 0, 0, 0, 0, 0, 0, 0], [0, 0, 0, 0, 0, 1, 0, 0, 0, 0, 0, 0, 0], [0, 0, 0, 0, 0, 0, 1, 0, 0, 0, 0, 0, 0], [0, 0, 0, 0, 0, 0, 0, 1, 0, 0, 0, 0, 0], [0, 0, 0, 0, 0, 0, 0, 0, 1, 0, 0, 0, 0], [0, 0, 0, 0, 0, 0, 0, 0, 0, 1, 0, 0, 0], [0, 0, 0, 0, 0, 0, 0, 0, 0, 0, 1, 0, 0], [0, 0, 0, 0, 0, 0, 0, 0, 0, 0, 0, 1, 0], [0, 0, 0, 0, 0, 0, 0, 0, 0, 0, 0, 0, 1]]
[[4, -1, -1, 2, 0, 3, -3, 0, 1, -4, -1, 0, -1], [4, 0, -1, 2, 0, 3, -3, 0, 1, -3, 0, 0, -1], [3, 0, -1, 1, -1, 1, -1, 1, 1, -2, 0, -1, -1], [3, 0, 0, 2, 1, 3, -3, -1, 1, -2, 0, 1, -1], [4, -1, -1, 2, 1, 3, -3, 0, 1, -3, 0, 0, -1], [-1, 1, -1, -1, -1, -1, 2, 1, 0, 1, 0, -1, 0], [2, -1, 0, 1, -1, 1, 0, 2, 1, -1, 0, -1, -1], [2, 0, -1, 1, 1, 2, -2, -1, 0, -2, 0, 1, 0], [-4, 1, 1, -2, 0, -3, 3, 0, 0, 3, 0, 0, 1], [1, 0, -1, 1, 1, 2, -2, -2, 0, -2, -1, 1, 0], [-6, 1, 2, -3, -1, -5, 5, 2, -1, 5, 1, -1, 1], [-2, -1, 1, 0, 0, -1, 1, 0, -1, 1, 0, 1, 1], [3, 2, -2, 0, 0, 2, -2, 0, 2, -3, -1, 0, -1]]
[[-1, 0, 1, -1, 0, -2, 1, 0, 0, 1, 0, 1, 1], [-2, 1, 1, -1, 0, -2, 1, 0, 0, 1, 0, 1, 1], [-2, 0, 2, -1, 0, -2, 1, 0, 0, 1, 0, 1, 1], [3, 1, -1, 2, 1, 2, -4, -2, 1, -3, -1, 1, 0], [0, 0, 0, 0, 1, 0, 0, 0, 0, 0, 0, 0, 0], [-2, 0, 1, -1, 0, -1, 1, 0, 0, 1, 0, 1, 1], [1, 1, 0, 0, 1, 0, -2, -2, 1, -2, -1, 2, 1], [0, 0, 0, 0, 0, 0, 0, 1, 0, 0, 0, 0, 0], [2, 0, -1, 1, 0, 2, -1, 0, 1, -1, 0, -1, -1], [0, 0, 0, 0, 0, 0, 0, 0, 0, 1, 0, 0, 0], [2, 0, -1, 1, 0, 2, -1, 0, 0, -1, 1, -1, -1], [5, 1, -2, 2, 1, 4, -5, -2, 1, -4, -1, 1, -1], [-5, -1, 2, -2, -1, -4, 5, 2, -1, 4, 1, 0, 2]]
[[1, 0, 0, 0, 0, 0, 0, 0, 0, 0, 0, 0, 0], [0, 1, 0, 0, 0, 0, 0, 0, 0, 0, 0, 0, 0], [0, 0, 1, 0, 0, 0, 0, 0, 0, 0, 0, 0, 0], [0, 0, 0, 1, 0, 0, 0, 0, 0, 0, 0, 0, 0], [0, 0, 0, 0, 1, 0, 0, 0, 0, 0, 0, 0, 0], [0, 0, 0, 0, 0, 1, 0, 0, 0, 0, 0, 0, 0], [0, 0, 0, 0, 0, 0, 1, 0, 0, 0, 0, 0, 0], [0, 0, 0, 0, 0, 0, 0, 1, 0, 0, 0, 0, 0], [0, 0, 0, 0, 0, 0, 0, 0, 1, 0, 0, 0, 0], [0, 0, 0, 0, 0, 0, 0, 0, 0, 1, 0, 0, 0], [0, 0, 0, 0, 0, 0, 0, 0, 0, 0, 1, 0, 0], [0, 0, 0, 0, 0, 0, 0, 0, 0, 0, 0, 1, 0], [0, 0, 0, 0, 0, 0, 0, 0, 0, 0, 0, 0, 1]]
[[6, 0, -2, 2, -1, 3, -3, 0, 1, -2, 1, -1, -2], [2, 0, -1, 0, -1, 1, 0, 1, 0, 0, 1, -1, -1], [5, 1, -1, 2, 0, 3, -3, 0, 2, -2, 1, -1, -2], [-1, -2, 0, -1, -1, -1, 3, 2, -1, 2, 1, -1, 0], [0, -1, 0, 0, -1, 0, 0, 0, -1, 1, 0, 0, 0], [3, 1, -1, 2, 1, 3, -3, -1, 1, -3, 0, 0, -1], [5, 0, -2, 2, -1, 3, -2, 0, 1, -2, 1, -1, -2], [-4, -1, 1, -2, -1, -3, 4, 2, -2, 4, 1, -1, 1], [-2, 0, 1, 0, 1, -1, 0, -1, 0, -1, -1, 1, 1], [0, -1, 0, 0, 0, 0, 0, 0, -1, 0, 0, 0, 0], [-1, 1, 1, 0, 1, 0, -1, -1, 1, -1, -1, 2, 1], [-4, -1, 1, -2, -1, -3, 4, 1, -2, 4, 1, 0, 1], [9, 1, -3, 4, 1, 6, -7, -1, 3, -7, 0, 0, -2]]
[[1, 1, 1, 1, 1, 1, -2, -1, 1, -1, -1, 1, 0], [0, 1, 0, 0, 0, 0, 0, 0, 0, 0, 0, 0, 0], [0, 0, 1, 0, 0, 0, 0, 0, 0, 0, 0, 0, 0], [0, 0, -1, 0, 0, 0, 1, 0, 0, 0, 0, 0, 0], [0, 0, 0, 0, 1, 0, 0, 0, 0, 0, 0, 0, 0], [0, -1, 0, 0, -1, 0, 1, 1, -1, 1, 1, -1, 0], [0, 0, 1, 1, 0, 0, 0, 0, 0, 0, 0, 0, 0], [0, 0, -1, -1, 0, 0, 1, 1, 0, 0, 0, 0, 0], [0, -1, 0, 0, -1, -1, 1, 1, 0, 1, 1, -1, 0], [0, 0, 0, 0, 0, 0, 0, 0, 0, 1, 0, 0, 0], [0, 0, 0, 0, 0, 0, 0, 0, 0, 0, 1, 0, 0], [0, 0, 0, 0, 0, 0, 0, 0, 0, 0, 0, 1, 0], [0, 0, 0, 0, 0, 0, 0, 0, 0, 0, 0, 0, 1]]
[[1, 0, 0, 0, 0, 0, 0, 0, 0, 0, 0, 0, 0], [0, 1, 0, 0, 0, 0, 0, 0, 0, 0, 0, 0, 0], [0, 0, 1, 0, 0, 0, 0, 0, 0, 0, 0, 0, 0], [0, 0, 0, 1, 0, 0, 0, 0, 0, 0, 0, 0, 0], [0, 0, 0, 0, 1, 0, 0, 0, 0, 0, 0, 0, 0], [0, 0, 0, 0, 0, 1, 0, 0, 0, 0, 0, 0, 0], [0, 0, 0, 0, 0, 0, 1, 0, 0, 0, 0, 0, 0], [0, 0, 0, 0, 0, 0, 0, 1, 0, 0, 0, 0, 0], [0, 0, 0, 0, 0, 0, 0, 0, 1, 0, 0, 0, 0], [0, 0, 0, 0, 0, 0, 0, 0, 0, 1, 0, 0, 0], [0, 0, 0, 0, 0, 0, 0, 0, 0, 0, 1, 0, 0], [0, 0, 0, 0, 0, 0, 0, 0, 0, 0, 0, 1, 0], [0, 0, 0, 0, 0, 0, 0, 0, 0, 0, 0, 0, 1]]
[[1, 0, 0, 0, 0, 0, 0, 0, 0, 0, 0, 0, 0], [0, 1, 0, 0, 0, 0, 0, 0, 0, 0, 0, 0, 0], [0, 0, 1, 0, 0, 0, 0, 0, 0, 0, 0, 0, 0], [0, 0, 0, 1, 0, 0, 0, 0, 0, 0, 0, 0, 0], [0, 0, 0, 0, 1, 0, 0, 0, 0, 0, 0, 0, 0], [0, 0, 0, 0, 0, 1, 0, 0, 0, 0, 0, 0, 0], [0, 0, 0, 0, 0, 0, 1, 0, 0, 0, 0, 0, 0], [0, 0, 0, 0, 0, 0, 0, 1, 0, 0, 0, 0, 0], [0, 0, 0, 0, 0, 0, 0, 0, 1, 0, 0, 0, 0], [0, 0, 0, 0, 0, 0, 0, 0, 0, 1, 0, 0, 0], [0, 0, 0, 0, 0, 0, 0, 0, 0, 0, 1, 0, 0], [0, 0, 0, 0, 0, 0, 0, 0, 0, 0, 0, 1, 0], [0, 0, 0, 0, 0, 0, 0, 0, 0, 0, 0, 0, 1]]
[[1, 0, 0, 0, 0, 0, 0, 0, 0, 0, 0, 0, 0], [-1, 0, 0, -1, 0, -1, 2, 1, 0, 1, 0, -1, 0], [2, 0, 0, 1, 1, 2, -2, -1, 1, -2, -1, 1, 0], [-3, -1, 1, -1, -1, -3, 4, 2, -1, 3, 1, -2, 0], [-2, 0, 1, -1, 0, -2, 2, 1, -1, 2, 1, -1, 0], [0, 0, 0, 0, 0, 1, 0, 0, 0, 0, 0, 0, 0], [0, 0, 0, 0, 0, 0, 1, 0, 0, 0, 0, 0, 0], [-3, -1, 1, -2, -1, -3, 4, 3, -1, 3, 1, -2, 0], [1, 1, 0, 1, 0, 1, -2, -1, 1, -1, 0, 1, 0], [-2, 0, 1, -1, -1, -2, 2, 1, -1, 3, 1, -1, 0], [2, 0, -1, 1, 1, 2, -2, -1, 1, -2, 0, 1, 0], [-3, -1, 1, -2, -1, -3, 4, 2, -1, 3, 1, -1, 0], [0, 0, 0, 0, 0, 0, 0, 0, 0, 0, 0, 0, 1]]
[[0, 0, 0, 0, 0, 0, 1, 0, 0, 0, 0, 0, 0], [0, 1, 0, 0, 0, 0, 0, 0, 0, 0, 0, 0, 0], [-3, 0, 1, -2, -1, -3, 3, 1, -1, 2, 0, 0, 1], [0, 0, 0, 1, 0, 0, 0, 0, 0, 0, 0, 0, 0], [-1, 0, 0, 0, 1, 0, 1, 0, 0, 0, 0, 0, 0], [-2, 0, 0, -2, -1, -2, 2, 1, -1, 2, 0, 0, 1], [1, 0, 0, 0, 0, 0, 0, 0, 0, 0, 0, 0, 0], [-1, 0, 0, 0, 0, 0, 1, 1, 0, 0, 0, 0, 0], [1, 0, 0, 0, 0, 0, -1, 0, 1, 0, 0, 0, 0], [-1, 0, 0, 0, 0, 0, 1, 0, 0, 1, 0, 0, 0], [1, 0, 0, 0, 0, 0, -1, 0, 0, 0, 1, 0, 0], [3, 0, 0, 2, 1, 3, -3, -1, 1, -2, 0, 1, -1], [-3, 0, 0, -2, -1, -3, 3, 1, -1, 2, 0, 0, 2]]
[[1, 0, 0, 0, 0, 0, 0, 0, 0, 0, 0, 0, 0], [0, 1, 0, 0, 0, 0, 0, 0, 0, 0, 0, 0, 0], [0, 0, 1, 0, 0, 0, 0, 0, 0, 0, 0, 0, 0], [0, 0, 0, 1, 0, 0, 0, 0, 0, 0, 0, 0, 0], [0, 0, 0, 0, 1, 0, 0, 0, 0, 0, 0, 0, 0], [0, 0, 0, 0, 0, 1, 0, 0, 0, 0, 0, 0, 0], [0, 0, 0, 0, 0, 0, 1, 0, 0, 0, 0, 0, 0], [0, 0, 0, 0, 0, 0, 0, 1, 0, 0, 0, 0, 0], [0, 0, 0, 0, 0, 0, 0, 0, 1, 0, 0, 0, 0], [0, 0, 0, 0, 0, 0, 0, 0, 0, 1, 0, 0, 0], [0, 0, 0, 0, 0, 0, 0, 0, 0, 0, 1, 0, 0], [0, 0, 0, 0, 0, 0, 0, 0, 0, 0, 0, 1, 0], [0, 0, 0, 0, 0, 0, 0, 0, 0, 0, 0, 0, 1]]
[[1, 0, 0, 0, 0, 0, 0, 0, 0, 0, 0, 0, 0], [0, 1, 0, 0, 0, 0, 0, 0, 0, 0, 0, 0, 0], [0, 0, 1, 0, 0, 0, 0, 0, 0, 0, 0, 0, 0], [0, 0, 0, 1, 0, 0, 0, 0, 0, 0, 0, 0, 0], [0, 0, 0, 0, 1, 0, 0, 0, 0, 0, 0, 0, 0], [0, 0, 0, 0, 0, 1, 0, 0, 0, 0, 0, 0, 0], [0, 0, 0, 0, 0, 0, 1, 0, 0, 0, 0, 0, 0], [0, 0, 0, 0, 0, 0, 0, 1, 0, 0, 0, 0, 0], [0, 0, 0, 0, 0, 0, 0, 0, 1, 0, 0, 0, 0], [0, 0, 0, 0, 0, 0, 0, 0, 0, 1, 0, 0, 0], [0, 0, 0, 0, 0, 0, 0, 0, 0, 0, 1, 0, 0], [0, 0, 0, 0, 0, 0, 0, 0, 0, 0, 0, 1, 0], [0, 0, 0, 0, 0, 0, 0, 0, 0, 0, 0, 0, 1]]
[[0, 0, 0, 0, 0, 0, 1, 0, 0, 1, 0, 0, 0], [-4, 0, 1, -2, -1, -3, 4, 1, -1, 3, 0, 0, 1], [-1, 0, 1, 0, 0, 0, 1, 0, 0, 1, 0, 0, 0], [-3, -1, 1, -1, -1, -3, 3, 1, -1, 2, 0, 0, 1], [-4, -1, 1, -2, 0, -3, 4, 1, -1, 3, 0, 0, 1], [1, 0, 0, 0, 0, 1, -1, 0, 0, -1, 0, 0, 0], [0, 0, 0, 0, 0, 0, 1, 0, 0, 0, 0, 0, 0], [-4, -1, 1, -2, -1, -3, 4, 2, -1, 3, 0, 0, 1], [5, 1, -1, 2, 1, 3, -5, -1, 2, -4, 0, 0, -1], [1, 0, 0, 0, 0, 0, -1, 0, 0, 0, 0, 0, 0], [0, 0, 0, 0, 0, 0, 0, 0, 0, 0, 1, 0, 0], [0, 0, 0, 0, 0, 0, 0, 0, 0, 0, 0, 1, 0], [0, 0, 0, 0, 0, 0, 0, 0, 0, 0, 0, 0, 1]]
[[1, 0, 0, 0, 0, 0, 0, 0, 0, 0, 0, 0, 0], [0, 1, 0, 0, 0, 0, 0, 0, 0, 0, 0, 0, 0], [0, 0, 1, 0, 0, 0, 0, 0, 0, 0, 0, 0, 0], [0, 0, -1, 0, 0, 0, 1, 1, 0, 0, 0, -1, 0], [0, 0, 0, 0, 1, 0, 0, 0, 0, 0, 0, 0, 0], [0, 0, 1, 1, 0, 1, -1, -1, 0, 0, 0, 1, 0], [0, 0, 0, 0, 0, 0, 1, 0, 0, 0, 0, 0, 0], [0, 0, 0, 0, 0, 0, 0, 1, 0, 0, 0, 0, 0], [-3, -1, 1, -1, -1, -2, 3, 1, -1, 3, 1, -1, 0], [0, 0, 0, 0, 0, 0, 0, 0, 0, 1, 0, 0, 0], [0, 0, 0, 0, 0, 0, 0, 0, 0, 0, 1, 0, 0], [0, 0, -1, -1, 0, 0, 1, 1, 0, 0, 0, 0, 0], [-3, -1, 2, 0, -1, -2, 2, 0, -2, 3, 1, 0, 1]]
[[1, 0, 0, 0, 0, 0, 0, 0, 0, 0, 0, 0, 0], [0, 1, 0, 0, 0, 0, 0, 0, 0, 0, 0, 0, 0], [0, 0, 1, 0, 0, 0, 0, 0, 0, 0, 0, 0, 0], [0, 0, 0, 1, 0, 0, 0, 0, 0, 0, 0, 0, 0], [0, 0, 0, 0, 1, 0, 0, 0, 0, 0, 0, 0, 0], [0, 0, 0, 0, 0, 1, 0, 0, 0, 0, 0, 0, 0], [0, 0, 0, 0, 0, 0, 1, 0, 0, 0, 0, 0, 0], [0, 0, 0, 0, 0, 0, 0, 1, 0, 0, 0, 0, 0], [0, 0, 0, 0, 0, 0, 0, 0, 1, 0, 0, 0, 0], [0, 0, 0, 0, 0, 0, 0, 0, 0, 1, 0, 0, 0], [0, 0, 0, 0, 0, 0, 0, 0, 0, 0, 1, 0, 0], [0, 0, 0, 0, 0, 0, 0, 0, 0, 0, 0, 1, 0], [0, 0, 0, 0, 0, 0, 0, 0, 0, 0, 0, 0, 1]]
[[1, 0, 0, 0, 0, 0, 0, 0, 0, 0, 0, 0, 0], [0, 1, 0, 0, 0, 0, 0, 0, 0, 0, 0, 0, 0], [0, 0, 1, 0, 0, 0, 0, 0, 0, 0, 0, 0, 0], [0, 0, 0, 1, 0, 0, 0, 0, 0, 0, 0, 0, 0], [0, 0, 0, 0, 1, 0, 0, 0, 0, 0, 0, 0, 0], [0, 0, 0, 0, 0, 1, 0, 0, 0, 0, 0, 0, 0], [0, 0, 0, 0, 0, 0, 1, 0, 0, 0, 0, 0, 0], [0, 0, 0, 0, 0, 0, 0, 1, 0, 0, 0, 0, 0], [0, 0, 0, 0, 0, 0, 0, 0, 1, 0, 0, 0, 0], [0, 0, 0, 0, 0, 0, 0, 0, 0, 1, 0, 0, 0], [0, 0, 0, 0, 0, 0, 0, 0, 0, 0, 1, 0, 0], [0, 0, 0, 0, 0, 0, 0, 0, 0, 0, 0, 1, 0], [0, 0, 0, 0, 0, 0, 0, 0, 0, 0, 0, 0, 1]]
[[5, 0, -2, 2, 1, 3, -4, -2, 1, -4, -1, 1, 0], [4, 1, -2, 2, 1, 3, -4, -2, 1, -4, -1, 1, 0], [4, 0, -1, 2, 1, 3, -4, -2, 1, -4, -1, 1, 0], [0, 0, 0, 1, 0, 0, 0, 0, 0, 0, 0, 0, 0], [0, 0, 0, 0, 1, 0, 0, 0, 0, 0, 0, 0, 0], [0, 0, 0, 0, 0, 1, 0, 0, 0, 0, 0, 0, 0], [4, 0, -2, 2, 1, 3, -3, -2, 1, -4, -1, 1, 0], [0, 0, 0, 0, 0, 0, 0, 1, 0, 0, 0, 0, 0], [-4, 0, 2, -2, -1, -3, 4, 2, 0, 4, 1, -1, 0], [0, 0, 0, 0, 0, 0, 0, 0, 0, 1, 0, 0, 0], [-4, 0, 1, -2, -1, -3, 4, 2, -1, 3, 1, -2, 0], [0, 0, -1, 0, 0, 0, 0, 0, 0, -1, -1, 0, 0], [-4, 0, 2, -2, -1, -3, 4, 2, -1, 4, 1, -1, 1]]
[[1, 0, 0, 0, 0, 0, 0, 0, 0, 0, 0, 0, 0], [0, 1, 0, 0, 0, 0, 0, 0, 0, 0, 0, 0, 0], [0, 0, 1, 0, 0, 0, 0, 0, 0, 0, 0, 0, 0], [0, 0, 0, 1, 0, 0, 0, 0, 0, 0, 0, 0, 0], [0, 0, 0, 0, 1, 0, 0, 0, 0, 0, 0, 0, 0], [0, 0, 0, 0, 0, 1, 0, 0, 0, 0, 0, 0, 0], [0, 0, 0, 0, 0, 0, 1, 0, 0, 0, 0, 0, 0], [0, 0, 0, 0, 0, 0, 0, 1, 0, 0, 0, 0, 0], [0, 0, 0, 0, 0, 0, 0, 0, 1, 0, 0, 0, 0], [0, 0, 0, 0, 0, 0, 0, 0, 0, 1, 0, 0, 0], [0, 0, 0, 0, 0, 0, 0, 0, 0, 0, 1, 0, 0], [0, 0, 0, 0, 0, 0, 0, 0, 0, 0, 0, 1, 0], [0, 0, 0, 0, 0, 0, 0, 0, 0, 0, 0, 0, 1]]
[[1, 0, 0, 0, 0, 0, 0, 0, 0, 0, 0, 0, 0], [0, 1, 0, 0, 0, 0, 0, 0, 0, 0, 0, 0, 0], [0, 0, 1, 0, 0, 0, 0, 0, 0, 0, 0, 0, 0], [0, 0, 0, 1, 0, 0, 0, 0, 0, 0, 0, 0, 0], [0, 0, 0, 0, 1, 0, 0, 0, 0, 0, 0, 0, 0], [0, 0, 0, 0, 0, 1, 0, 0, 0, 0, 0, 0, 0], [0, 0, 0, 0, 0, 0, 1, 0, 0, 0, 0, 0, 0], [0, 0, 0, 0, 0, 0, 0, 1, 0, 0, 0, 0, 0], [0, 0, 0, 0, 0, 0, 0, 0, 1, 0, 0, 0, 0], [0, 0, 0, 0, 0, 0, 0, 0, 0, 1, 0, 0, 0], [0, 0, 0, 0, 0, 0, 0, 0, 0, 0, 1, 0, 0], [0, 0, 0, 0, 0, 0, 0, 0, 0, 0, 0, 1, 0], [0, 0, 0, 0, 0, 0, 0, 0, 0, 0, 0, 0, 1]]
[[1, 0, 0, 0, 0, 0, 0, 0, 0, 0, 0, 0, 0], [0, 1, 0, 0, 0, 0, 0, 0, 0, 0, 0, 0, 0], [0, 0, 1, 0, 0, 0, 0, 0, 0, 0, 0, 0, 0], [0, 0, 0, 1, 0, 0, 0, 0, 0, 0, 0, 0, 0], [0, 0, 0, 0, 1, 0, 0, 0, 0, 0, 0, 0, 0], [0, 0, 0, 0, 0, 1, 0, 0, 0, 0, 0, 0, 0], [0, 0, 0, 0, 0, 0, 1, 0, 0, 0, 0, 0, 0], [0, 0, 0, 0, 0, 0, 0, 1, 0, 0, 0, 0, 0], [0, 0, 0, 0, 0, 0, 0, 0, 1, 0, 0, 0, 0], [0, 0, 0, 0, 0, 0, 0, 0, 0, 1, 0, 0, 0], [0, 0, 0, 0, 0, 0, 0, 0, 0, 0, 1, 0, 0], [0, 0, 0, 0, 0, 0, 0, 0, 0, 0, 0, 1, 0], [0, 0, 0, 0, 0, 0, 0, 0, 0, 0, 0, 0, 1]]
[[1, 0, 0, 0, 0, 0, 0, 0, 0, 0, 0, 0, 0], [0, 1, 0, 0, 0, 0, 0, 0, 0, 0, 0, 0, 0], [0, 0, 1, 0, 0, 0, 0, 0, 0, 0, 0, 0, 0], [0, 0, 0, 1, 0, 0, 0, 0, 0, 0, 0, 0, 0], [0, 0, 0, 0, 1, 0, 0, 0, 0, 0, 0, 0, 0], [0, 0, 0, 0, 0, 1, 0, 0, 0, 0, 0, 0, 0], [0, 0, 0, 0, 0, 0, 1, 0, 0, 0, 0, 0, 0], [0, 0, 0, 0, 0, 0, 0, 1, 0, 0, 0, 0, 0], [0, 0, 0, 0, 0, 0, 0, 0, 1, 0, 0, 0, 0], [0, 0, 0, 0, 0, 0, 0, 0, 0, 1, 0, 0, 0], [0, 0, 0, 0, 0, 0, 0, 0, 0, 0, 1, 0, 0], [0, 0, 0, 0, 0, 0, 0, 0, 0, 0, 0, 1, 0], [0, 0, 0, 0, 0, 0, 0, 0, 0, 0, 0, 0, 1]]
[[-1, -1, 0, -1, -2, -2, 3, 3, -1, 2, 1, -3, -1], [1, 0, -1, 0, -1, 0, 1, 2, 0, 0, 1, -2, -1], [1, -1, 0, 0, -1, 0, 1, 2, 0, 0, 1, -2, -1], [0, 0, 0, 0, 0, 0, 1, 1, 0, 1, 1, -1, -1], [3, 0, -1, 2, 0, 2, -3, -1, 0, -2, 0, 0, -1], [0, 0, 0, 0, 0, 1, 0, 0, 0, 0, 0, 0, 0], [-2, -1, 0, -1, -2, -2, 4, 3, -1, 2, 1, -3, -1], [0, 0, 0, 0, 0, 0, 0, 0, -1, 1, 1, 0, 0], [-1, 1, 1, 0, 1, 0, -1, -2, 1, 0, -1, 2, 1], [0, 0, 0, 0, 0, 0, 0, 0, 0, 1, 0, 0, 0], [-1, 1, 1, 0, 1, 0, -1, -1, 1, -1, -1, 2, 1], [-5, -1, 1, -2, -1, -4, 5, 2, -2, 4, 1, -1, 1], [2, 1, 0, 0, 0, 2, -2, 0, 1, -1, 0, 0, -1]]
[[1, 0, 0, 0, 0, 0, 0, 0, 0, 0, 0, 0, 0], [0, 1, 0, 0, 0, 0, 0, 0, 0, 0, 0, 0, 0], [0, 0, 1, 0, 0, 0, 0, 0, 0, 0, 0, 0, 0], [0, 0, 0, 1, 0, 0, 0, 0, 0, 0, 0, 0, 0], [0, 0, 0, 0, 1, 0, 0, 0, 0, 0, 0, 0, 0], [0, 0, 0, 0, 0, 1, 0, 0, 0, 0, 0, 0, 0], [0, 0, 0, 0, 0, 0, 1, 0, 0, 0, 0, 0, 0], [0, 0, 0, 0, 0, 0, 0, 1, 0, 0, 0, 0, 0], [0, 0, 0, 0, 0, 0, 0, 0, 1, 0, 0, 0, 0], [0, 0, 0, 0, 0, 0, 0, 0, 0, 1, 0, 0, 0], [0, 0, 0, 0, 0, 0, 0, 0, 0, 0, 1, 0, 0], [0, 0, 0, 0, 0, 0, 0, 0, 0, 0, 0, 1, 0], [0, 0, 0, 0, 0, 0, 0, 0, 0, 0, 0, 0, 1]]
[[1, 0, 0, 0, 0, 0, 0, 0, 0, 0, 0, 0, 0], [0, 1, 0, 0, 0, 0, 0, 0, 0, 0, 0, 0, 0], [0, 0, 1, 0, 0, 0, 0, 0, 0, 0, 0, 0, 0], [0, 0, 0, 1, 0, 0, 0, 0, 0, 0, 0, 0, 0], [0, 0, 0, 0, 1, 0, 0, 0, 0, 0, 0, 0, 0], [0, 0, 0, 0, 0, 1, 0, 0, 0, 0, 0, 0, 0], [0, 0, 0, 0, 0, 0, 1, 0, 0, 0, 0, 0, 0], [0, 0, 0, 0, 0, 0, 0, 1, 0, 0, 0, 0, 0], [0, 0, 0, 0, 0, 0, 0, 0, 1, 0, 0, 0, 0], [0, 0, 0, 0, 0, 0, 0, 0, 0, 1, 0, 0, 0], [0, 0, 0, 0, 0, 0, 0, 0, 0, 0, 1, 0, 0], [0, 0, 0, 0, 0, 0, 0, 0, 0, 0, 0, 1, 0], [0, 0, 0, 0, 0, 0, 0, 0, 0, 0, 0, 0, 1]]
[[1, 0, 0, 0, 0, 0, 0, 0, 0, 0, 0, 0, 0], [0, 1, 0, 0, 0, 0, 0, 0, 0, 0, 0, 0, 0], [0, 0, 1, 0, 0, 0, 0, 0, 0, 0, 0, 0, 0], [0, 0, 0, 1, 0, 0, 0, 0, 0, 0, 0, 0, 0], [0, 0, 0, 0, 1, 0, 0, 0, 0, 0, 0, 0, 0], [0, 0, 0, 0, 0, 1, 0, 0, 0, 0, 0, 0, 0], [0, 0, 0, 0, 0, 0, 1, 0, 0, 0, 0, 0, 0], [0, 0, 0, 0, 0, 0, 0, 1, 0, 0, 0, 0, 0], [0, 0, 0, 0, 0, 0, 0, 0, 1, 0, 0, 0, 0], [0, 0, 0, 0, 0, 0, 0, 0, 0, 1, 0, 0, 0], [0, 0, 0, 0, 0, 0, 0, 0, 0, 0, 1, 0, 0], [0, 0, 0, 0, 0, 0, 0, 0, 0, 0, 0, 1, 0], [0, 0, 0, 0, 0, 0, 0, 0, 0, 0, 0, 0, 1]]
[[-4, -1, 1, -2, -1, -4, 5, 2, -1, 3, 0, -1, 1], [-5, 0, 1, -2, -1, -4, 5, 2, -1, 3, 0, -1, 1], [-5, -1, 2, -2, -1, -4, 5, 2, -1, 3, 0, -1, 1], [-1, 1, 1, 0, 0, -1, 0, 0, 0, 1, 0, 0, 0], [0, 0, 0, 0, 1, 0, 0, 0, 0, 0, 0, 0, 0], [-6, 0, 2, -3, -1, -4, 5, 2, -1, 4, 0, -1, 1], [-6, 0, 2, -3, -1, -5, 6, 2, -1, 4, 0, -1, 1], [0, 0, 0, 0, 0, 0, 0, 1, 0, 0, 0, 0, 0], [5, 1, -1, 2, 1, 4, -5, -2, 2, -3, 0, 1, -1], [0, 0, 0, 0, 0, 0, 0, 0, 0, 1, 0, 0, 0], [0, 0, 0, 0, 0, 0, 0, 0, 0, 0, 1, 0, 0], [0, 0, 0, 0, 0, 0, 0, 0, 0, 0, 0, 1, 0], [-6, 0, 2, -3, -1, -5, 5, 2, -1, 4, 0, -1, 2]]
[[1, 0, 0, 0, 0, 0, 0, 0, 0, 0, 0, 0, 0], [0, 1, 0, 0, 0, 0, 0, 0, 0, 0, 0, 0, 0], [0, 0, 1, 0, 0, 0, 0, 0, 0, 0, 0, 0, 0], [0, 0, 0, 1, 0, 0, 0, 0, 0, 0, 0, 0, 0], [0, 0, 0, 0, 1, 0, 0, 0, 0, 0, 0, 0, 0], [0, 0, 0, 0, 0, 1, 0, 0, 0, 0, 0, 0, 0], [0, 0, 0, 0, 0, 0, 1, 0, 0, 0, 0, 0, 0], [0, 0, 0, 0, 0, 0, 0, 1, 0, 0, 0, 0, 0], [0, 0, 0, 0, 0, 0, 0, 0, 1, 0, 0, 0, 0], [0, 0, 0, 0, 0, 0, 0, 0, 0, 1, 0, 0, 0], [0, 0, 0, 0, 0, 0, 0, 0, 0, 0, 1, 0, 0], [0, 0, 0, 0, 0, 0, 0, 0, 0, 0, 0, 1, 0], [0, 0, 0, 0, 0, 0, 0, 0, 0, 0, 0, 0, 1]]
[[1, 0, 0, 0, 0, 0, 0, 0, 0, 0, 0, 0, 0], [0, 1, 0, 0, 0, 0, 0, 0, 0, 0, 0, 0, 0], [0, 0, 1, 0, 0, 0, 0, 0, 0, 0, 0, 0, 0], [0, 0, 0, 1, 0, 0, 0, 0, 0, 0, 0, 0, 0], [0, 0, 0, 0, 1, 0, 0, 0, 0, 0, 0, 0, 0], [0, 0, 0, 0, 0, 1, 0, 0, 0, 0, 0, 0, 0], [0, 0, 0, 0, 0, 0, 1, 0, 0, 0, 0, 0, 0], [0, 0, 0, 0, 0, 0, 0, 1, 0, 0, 0, 0, 0], [0, 0, 0, 0, 0, 0, 0, 0, 1, 0, 0, 0, 0], [0, 0, 0, 0, 0, 0, 0, 0, 0, 1, 0, 0, 0], [0, 0, 0, 0, 0, 0, 0, 0, 0, 0, 1, 0, 0], [0, 0, 0, 0, 0, 0, 0, 0, 0, 0, 0, 1, 0], [0, 0, 0, 0, 0, 0, 0, 0, 0, 0, 0, 0, 1]]
[[-2, 0, 1, -1, -1, -2, 3, 1, -1, 3, 1, -1, 0], [0, 1, 0, 0, 0, 0, 0, 0, 0, 0, 0, 0, 0], [0, 0, 1, 0, 0, 0, 0, 0, 0, 0, 0, 0, 0], [0, 0, 0, 1, 0, 0, 0, 0, 0, 0, 0, 0, 0], [-6, 0, 2, -2, -1, -4, 5, 1, -2, 5, 1, 0, 1], [3, 0, -1, 1, 1, 3, -3, -1, 1, -3, -1, 1, 0], [0, 0, 0, 0, 0, 0, 1, 0, 0, 0, 0, 0, 0], [-3, 0, 1, -1, -1, -2, 3, 2, -1, 3, 1, -1, 0], [3, 0, -1, 1, 1, 2, -3, -1, 2, -3, -1, 1, 0], [0, 0, 0, 0, 0, 0, 0, 0, 0, 1, 0, 0, 0], [3, 0, -1, 1, 1, 2, -3, -1, 1, -3, 0, 1, 0], [0, 0, 0, 0, 0, 0, 1, 1, 0, 1, 1, -1, -1], [0, 0, 0, 0, 0, 0, 0, 0, 0, 0, 0, 0, 1]]
[[1, 0, 0, 0, 0, 0, 0, 0, 0, 0, 0, 0, 0], [-1, 0, 1, 0, 0, -1, 1, 0, 0, 1, 0, 0, 0], [-1, -1, 1, 0, 0, 0, 1, 0, -1, 1, 0, 0, 0], [1, 1, 0, 1, 0, 0, -1, 0, 1, -1, 0, 0, 0], [1, 1, 0, 0, 1, 0, -1, 0, 1, -1, 0, 0, 0], [-1, -1, 1, 0, 0, 0, 1, 0, 0, 1, 0, 0, 0], [0, 0, 0, 0, 0, 0, 1, 0, 0, 0, 0, 0, 0], [0, 0, 1, 0, 0, -1, 0, 1, 1, 0, 0, 0, 0], [0, 0, -1, 0, 0, 1, 0, 0, 0, 0, 0, 0, 0], [1, 1, 0, 0, 0, 0, -1, 0, 1, 0, 0, 0, 0], [-1, -1, 0, 0, 0, 0, 1, 0, -1, 1, 1, 0, 0], [1, 1, 0, 0, 0, 0, -1, 0, 1, -1, 0, 1, 0], [-2, -2, 1, 0, 0, -1, 2, 0, -1, 2, 0, 0, 1]]
[[1, 0, 0, 0, 0, 0, 0, 0, 0, 0, 0, 0, 0], [0, 1, 0, 0, 0, 0, 0, 0, 0, 0, 0, 0, 0], [0, 0, 1, 0, 0, 0, 0, 0, 0, 0, 0, 0, 0], [0, 0, 0, 1, 0, 0, 0, 0, 0, 0, 0, 0, 0], [0, 0, 0, 0, 1, 0, 0, 0, 0, 0, 0, 0, 0], [0, 0, 0, 0, 0, 1, 0, 0, 0, 0, 0, 0, 0], [0, 0, 0, 0, 0, 0, 1, 0, 0, 0, 0, 0, 0], [0, 0, 0, 0, 0, 0, 0, 1, 0, 0, 0, 0, 0], [0, 0, 0, 0, 0, 0, 0, 0, 1, 0, 0, 0, 0], [0, 0, 0, 0, 0, 0, 0, 0, 0, 1, 0, 0, 0], [0, 0, 0, 0, 0, 0, 0, 0, 0, 0, 1, 0, 0], [0, 0, 0, 0, 0, 0, 0, 0, 0, 0, 0, 1, 0], [0, 0, 0, 0, 0, 0, 0, 0, 0, 0, 0, 0, 1]]
[[1, 0, 0, 0, 0, 0, 0, 0, 0, 0, 0, 0, 0], [0, 1, 0, 0, 0, 0, 0, 0, 0, 0, 0, 0, 0], [0, 0, 1, 0, 0, 0, 0, 0, 0, 0, 0, 0, 0], [0, 0, 0, 1, 0, 0, 0, 0, 0, 0, 0, 0, 0], [0, 0, 0, 0, 1, 0, 0, 0, 0, 0, 0, 0, 0], [0, 0, 0, 0, 0, 1, 0, 0, 0, 0, 0, 0, 0], [0, 0, 0, 0, 0, 0, 1, 0, 0, 0, 0, 0, 0], [0, 0, 0, 0, 0, 0, 0, 1, 0, 0, 0, 0, 0], [0, 0, 0, 0, 0, 0, 0, 0, 1, 0, 0, 0, 0], [0, 0, 0, 0, 0, 0, 0, 0, 0, 1, 0, 0, 0], [0, 0, 0, 0, 0, 0, 0, 0, 0, 0, 1, 0, 0], [0, 0, 0, 0, 0, 0, 0, 0, 0, 0, 0, 1, 0], [0, 0, 0, 0, 0, 0, 0, 0, 0, 0, 0, 0, 1]]
[[1, 0, 0, 0, 0, 0, 0, 0, 0, 0, 0, 0, 0], [0, 1, 0, 0, 0, 0, 0, 0, 0, 0, 0, 0, 0], [0, 1, 1, 0, 0, -1, 0, 0, 1, 0, 0, 0, 0], [1, 0, 0, 1, 0, 1, -1, 0, 0, 0, 0, 0, 0], [1, 0, 0, 0, 1, 1, -1, 0, 0, 0, 0, 0, 0], [-1, 1, 0, 0, 0, -1, 1, 0, 1, 0, 0, 0, 0], [1, 1, 0, 0, 0, 0, 0, 0, 1, 0, 0, 0, 0], [0, 0, 0, 0, 0, 0, 0, 1, 0, 0, 0, 0, 0], [-1, -1, 0, 0, 0, 0, 1, 0, 0, 0, 0, 0, 0], [-1, -1, 0, 0, 0, 0, 1, 0, -1, 1, 0, 0, 0], [0, 0, 0, 0, 0, 0, 0, 0, 0, 0, 1, 0, 0], [1, 0, 0, 0, 0, 1, -1, 0, 0, 0, 0, 1, 0], [-2, 0, 0, 0, 0, -2, 2, 0, 0, 0, 0, 0, 1]]
[[1, 0, 0, 0, 0, 0, 0, 0, 0, 0, 0, 0, 0], [-1, 0, 0, -1, 0, -1, 2, 1, 0, 1, 0, -1, 0], [2, 0, 0, 1, 1, 2, -2, -1, 1, -2, -1, 1, 0], [-3, -1, 1, -1, -1, -3, 4, 2, -1, 3, 1, -2, 0], [-2, 0, 1, -1, 0, -2, 2, 1, -1, 2, 1, -1, 0], [0, 0, 0, 0, 0, 1, 0, 0, 0, 0, 0, 0, 0], [0, 0, 0, 0, 0, 0, 1, 0, 0, 0, 0, 0, 0], [-3, -1, 1, -2, -1, -3, 4, 3, -1, 3, 1, -2, 0], [1, 1, 0, 1, 0, 1, -2, -1, 1, -1, 0, 1, 0], [-2, 0, 1, -1, -1, -2, 2, 1, -1, 3, 1, -1, 0], [2, 0, -1, 1, 1, 2, -2, -1, 1, -2, 0, 1, 0], [-3, -1, 1, -2, -1, -3, 4, 2, -1, 3, 1, -1, 0], [0, 0, 0, 0, 0, 0, 0, 0, 0, 0, 0, 0, 1]]
[[1, 0, 0, 0, 0, 0, 0, 0, 0, 0, 0, 0, 0], [0, 1, 0, 0, 0, 0, 0, 0, 0, 0, 0, 0, 0], [0, 0, 1, 0, 0, 0, 0, 0, 0, 0, 0, 0, 0], [0, 0, 0, 1, 0, 0, 0, 0, 0, 0, 0, 0, 0], [0, 0, 0, 0, 1, 0, 0, 0, 0, 0, 0, 0, 0], [0, 0, 0, 0, 0, 1, 0, 0, 0, 0, 0, 0, 0], [0, 0, 0, 0, 0, 0, 1, 0, 0, 0, 0, 0, 0], [0, 0, 0, 0, 0, 0, 0, 1, 0, 0, 0, 0, 0], [0, 0, 0, 0, 0, 0, 0, 0, 1, 0, 0, 0, 0], [0, 0, 0, 0, 0, 0, 0, 0, 0, 1, 0, 0, 0], [0, 0, 0, 0, 0, 0, 0, 0, 0, 0, 1, 0, 0], [0, 0, 0, 0, 0, 0, 0, 0, 0, 0, 0, 1, 0], [0, 0, 0, 0, 0, 0, 0, 0, 0, 0, 0, 0, 1]]
[[1, 0, 0, 0, 0, 0, 0, 0, 0, 0, 0, 0, 0], [0, 1, 0, 0, 0, 0, 0, 0, 0, 0, 0, 0, 0], [0, 0, 1, 0, 0, 0, 0, 0, 0, 0, 0, 0, 0], [0, 0, 0, 1, 0, 0, 0, 0, 0, 0, 0, 0, 0], [0, 0, 0, 0, 1, 0, 0, 0, 0, 0, 0, 0, 0], [0, 0, 0, 0, 0, 1, 0, 0, 0, 0, 0, 0, 0], [0, 0, 0, 0, 0, 0, 1, 0, 0, 0, 0, 0, 0], [0, 0, 0, 0, 0, 0, 0, 1, 0, 0, 0, 0, 0], [0, 0, 0, 0, 0, 0, 0, 0, 1, 0, 0, 0, 0], [0, 0, 0, 0, 0, 0, 0, 0, 0, 1, 0, 0, 0], [0, 0, 0, 0, 0, 0, 0, 0, 0, 0, 1, 0, 0], [0, 0, 0, 0, 0, 0, 0, 0, 0, 0, 0, 1, 0], [0, 0, 0, 0, 0, 0, 0, 0, 0, 0, 0, 0, 1]]
[[-1, 1, 1, -1, 0, -2, 1, 0, 0, 2, 1, -1, 0], [-2, 1, 1, -1, 0, -2, 2, 1, 0, 2, 1, -1, 0], [-2, 0, 2, -1, 0, -2, 2, 1, 0, 2, 1, -1, 0], [0, 1, 0, 1, 0, 0, -1, -1, 0, 0, 0, 0, 0], [2, 2, -1, 1, 1, 2, -4, -3, 0, -2, -1, 1, 0], [-2, -1, 1, -1, 0, -1, 3, 2, 0, 2, 1, -1, 0], [-2, 1, 1, -1, 0, -2, 2, 0, 0, 2, 1, -1, 0], [0, 1, 0, 0, 0, 0, -1, 0, 0, 0, 0, 0, 0], [2, -1, -1, 1, 0, 2, -1, 0, 1, -2, -1, 1, 0], [0, 0, 0, 0, 0, 0, 0, 0, 0, 1, 0, 0, 0], [2, -1, -1, 1, 0, 2, -1, 0, 0, -2, 0, 1, 0], [0, 1, 0, 0, 0, 0, -1, -1, 0, 0, 0, 1, 0], [-2, -1, 1, -1, 0, -2, 3, 2, 0, 2, 1, -1, 1]]
[[6, 0, -2, 2, -1, 3, -3, 0, 1, -3, 1, -1, -2], [5, 0, -1, 2, 0, 3, -3, 0, 1, -2, 1, -1, -2], [2, -1, -1, 0, -1, 1, 0, 1, -1, 0, 1, -1, -1], [2, 0, -1, 1, 0, 1, 0, 1, 1, -1, 1, -1, -1], [3, 1, -1, 2, 0, 2, -3, -1, 1, -3, 0, 0, -1], [0, -1, 0, 0, 0, 1, 0, 0, -1, 1, 0, 0, 0], [5, -1, -2, 2, -1, 3, -2, 0, 0, -2, 1, -1, -2], [-1, 0, 1, 0, 0, -1, 1, 1, 0, 1, 1, -1, 0], [-5, 0, 1, -2, 0, -3, 3, 0, -1, 3, -1, 1, 2], [0, 1, 0, 0, 0, 0, 0, 0, 1, 0, 0, 0, 0], [-1, 0, 1, 0, 1, 0, -1, -1, 0, 0, -1, 2, 1], [-1, 0, 1, 0, 0, -1, 1, 0, 0, 1, 1, 0, 0], [6, -1, -2, 2, 0, 4, -4, 0, 1, -3, 0, 0, -1]]
[[1, 0, 0, 0, 0, 0, 0, 0, 0, 0, 0, 0, 0], [0, 1, 0, 0, 0, 0, 0, 0, 0, 0, 0, 0, 0], [0, 0, 1, 0, 0, 0, 0, 0, 0, 0, 0, 0, 0], [0, 0, 0, 1, 0, 0, 0, 0, 0, 0, 0, 0, 0], [0, 0, 0, 0, 1, 0, 0, 0, 0, 0, 0, 0, 0], [0, 0, 0, 0, 0, 1, 0, 0, 0, 0, 0, 0, 0], [0, 0, 0, 0, 0, 0, 1, 0, 0, 0, 0, 0, 0], [0, 0, 0, 0, 0, 0, 0, 1, 0, 0, 0, 0, 0], [0, 0, 0, 0, 0, 0, 0, 0, 1, 0, 0, 0, 0], [0, 0, 0, 0, 0, 0, 0, 0, 0, 1, 0, 0, 0], [0, 0, 0, 0, 0, 0, 0, 0, 0, 0, 1, 0, 0], [0, 0, 0, 0, 0, 0, 0, 0, 0, 0, 0, 1, 0], [0, 0, 0, 0, 0, 0, 0, 0, 0, 0, 0, 0, 1]]
[[-2, 0, 1, -1, 0, -1, 2, 1, -1, 2, 0, -1, 0], [0, 1, 0, 0, 0, 0, 0, 0, 0, 0, 0, 0, 0], [0, 0, 1, 0, 0, 0, 0, 0, 0, 0, 0, 0, 0], [0, 0, 0, 1, 0, 0, 0, 0, 0, 0, 0, 0, 0], [0, 0, 0, 0, 1, 0, 0, 0, 0, 0, 0, 0, 0], [3, 0, -1, 1, 0, 2, -2, -1, 1, -2, 0, 1, 0], [0, 0, 0, 0, 0, 0, 1, 1, 0, 0, 0, -1, 0], [0, 0, 0, 0, 0, 0, 0, 0, 0, 0, 0, 1, 0], [0, 0, 0, 0, 0, 0, 0, 0, 1, 0, 0, 0, 0], [0, 0, 0, 0, 0, 0, 0, 0, 0, 1, 0, 0, 0], [0, 0, 0, 0, 0, 0, 0, 0, 0, 0, 1, 0, 0], [0, 0, 0, 0, 0, 0, 0, 1, 0, 0, 0, 0, 0], [-3, 0, 1, -1, 0, -1, 2, -1, -1, 2, 0, 1, 1]]
[[6, 0, -3, 2, 1, 4, -5, -2, 1, -5, 0, 1, -1], [5, 1, -2, 2, 1, 4, -5, -2, 1, -4, 0, 1, -1], [-1, 1, 0, -1, 0, -1, 0, 0, 0, 0, 0, 0, 0], [5, 0, -1, 3, 1, 4, -5, -2, 1, -3, 0, 1, -1], [9, 0, -3, 4, 2, 7, -8, -3, 2, -7, -1, 1, -2], [-6, 1, 1, -3, -1, -4, 5, 2, -1, 4, 0, -1, 1], [4, 1, -2, 1, 1, 3, -4, -2, 1, -3, 0, 1, -1], [3, 0, -1, 2, 1, 3, -4, -2, 0, -3, -1, 1, 0], [-5, 0, 2, -2, -1, -4, 5, 2, 0, 4, 0, -1, 1], [1, -1, -1, 1, 0, 1, 0, 0, 0, -1, 0, 0, 0], [-2, 1, 1, -1, -1, -2, 2, 1, 0, 2, 0, -1, 0], [3, 0, -1, 2, 1, 3, -4, -3, 0, -3, -1, 2, 0], [0, 1, -1, -1, -1, -1, 1, 2, 1, 0, 0, -1, 0]]
[[1, 0, 0, 0, 0, 0, 0, 0, 0, 0, 0, 0, 0], [0, 1, 0, 0, 0, 0, 0, 0, 0, 0, 0, 0, 0], [0, 0, 1, 0, 0, 0, 0, 0, 0, 0, 0, 0, 0], [0, 0, 0, 1, 0, 0, 0, 0, 0, 0, 0, 0, 0], [0, 0, 0, 0, 1, 0, 0, 0, 0, 0, 0, 0, 0], [0, 0, 0, 0, 0, 1, 0, 0, 0, 0, 0, 0, 0], [0, 0, 0, 0, 0, 0, 1, 0, 0, 0, 0, 0, 0], [0, 0, 0, 0, 0, 0, 0, 1, 0, 0, 0, 0, 0], [0, 0, 0, 0, 0, 0, 0, 0, 1, 0, 0, 0, 0], [0, 0, 0, 0, 0, 0, 0, 0, 0, 1, 0, 0, 0], [0, 0, 0, 0, 0, 0, 0, 0, 0, 0, 1, 0, 0], [0, 0, 0, 0, 0, 0, 0, 0, 0, 0, 0, 1, 0], [0, 0, 0, 0, 0, 0, 0, 0, 0, 0, 0, 0, 1]]
[[-4, -1, 1, -2, -1, -4, 5, 2, -1, 3, 0, -1, 1], [-5, 0, 1, -2, -1, -4, 5, 2, -1, 3, 0, -1, 1], [-5, -1, 2, -2, -1, -4, 5, 2, -1, 3, 0, -1, 1], [-1, 1, 1, 0, 0, -1, 0, 0, 0, 1, 0, 0, 0], [0, 0, 0, 0, 1, 0, 0, 0, 0, 0, 0, 0, 0], [-6, 0, 2, -3, -1, -4, 5, 2, -1, 4, 0, -1, 1], [-6, 0, 2, -3, -1, -5, 6, 2, -1, 4, 0, -1, 1], [0, 0, 0, 0, 0, 0, 0, 1, 0, 0, 0, 0, 0], [5, 1, -1, 2, 1, 4, -5, -2, 2, -3, 0, 1, -1], [0, 0, 0, 0, 0, 0, 0, 0, 0, 1, 0, 0, 0], [0, 0, 0, 0, 0, 0, 0, 0, 0, 0, 1, 0, 0], [0, 0, 0, 0, 0, 0, 0, 0, 0, 0, 0, 1, 0], [-6, 0, 2, -3, -1, -5, 5, 2, -1, 4, 0, -1, 2]]
[[1, 0, 0, 0, 0, 0, 0, 0, 0, 0, 0, 0, 0], [0, 1, 0, 0, 0, 0, 0, 0, 0, 0, 0, 0, 0], [0, 0, 1, 0, 0, 0, 0, 0, 0, 0, 0, 0, 0], [0, 0, 0, 1, 0, 0, 0, 0, 0, 0, 0, 0, 0], [0, 0, 0, 0, 1, 0, 0, 0, 0, 0, 0, 0, 0], [0, 0, 0, 0, 0, 1, 0, 0, 0, 0, 0, 0, 0], [0, 0, 0, 0, 0, 0, 1, 0, 0, 0, 0, 0, 0], [0, 0, 0, 0, 0, 0, 0, 1, 0, 0, 0, 0, 0], [0, 0, 0, 0, 0, 0, 0, 0, 1, 0, 0, 0, 0], [0, 0, 0, 0, 0, 0, 0, 0, 0, 1, 0, 0, 0], [0, 0, 0, 0, 0, 0, 0, 0, 0, 0, 1, 0, 0], [0, 0, 0, 0, 0, 0, 0, 0, 0, 0, 0, 1, 0], [0, 0, 0, 0, 0, 0, 0, 0, 0, 0, 0, 0, 1]]
[[1, 0, 0, 0, 0, 0, 0, 0, 0, 0, 0, 0, 0], [0, 1, 0, 0, 0, 0, 0, 0, 0, 0, 0, 0, 0], [0, 0, 1, 0, 0, 0, 0, 0, 0, 0, 0, 0, 0], [0, 0, 0, 1, 0, 0, 0, 0, 0, 0, 0, 0, 0], [0, 0, 0, 0, 1, 0, 0, 0, 0, 0, 0, 0, 0], [0, 0, 0, 0, 0, 1, 0, 0, 0, 0, 0, 0, 0], [0, 0, 0, 0, 0, 0, 1, 0, 0, 0, 0, 0, 0], [0, 0, 0, 0, 0, 0, 0, 1, 0, 0, 0, 0, 0], [0, 0, 0, 0, 0, 0, 0, 0, 1, 0, 0, 0, 0], [0, 0, 0, 0, 0, 0, 0, 0, 0, 1, 0, 0, 0], [0, 0, 0, 0, 0, 0, 0, 0, 0, 0, 1, 0, 0], [0, 0, 0, 0, 0, 0, 0, 0, 0, 0, 0, 1, 0], [0, 0, 0, 0, 0, 0, 0, 0, 0, 0, 0, 0, 1]]
[[-2, 0, 2, -1, 0, -2, 2, 1, 0, 2, 0, -1, 0], [-1, 0, 1, 0, 0, -1, 1, 1, 0, 1, 0, -1, 0], [2, -1, 0, 1, 0, 1, -1, 0, 0, -1, 0, 0, 0], [-2, 1, 1, 0, 0, -1, 1, 0, 0, 1, 0, 0, 0], [-2, 1, 1, -1, 1, -1, 1, 0, 0, 1, 0, 0, 0], [2, -1, -1, 1, 0, 2, -1, 0, 0, -1, 0, 0, 0], [-1, -1, 1, 0, 0, -1, 2, 1, 0, 1, 0, -1, 0], [-2, 1, 1, -1, 0, -1, 1, 1, 0, 1, 0, 0, 0], [3, 0, -2, 1, 0, 2, -2, -1, 1, -2, 0, 1, 0], [-2, 1, 1, -1, 0, -1, 1, 0, 0, 2, 0, 0, 0], [2, -1, -1, 1, 0, 1, -1, 0, 0, -1, 1, 0, 0], [-3, 0, 2, -1, 0, -2, 2, 1, 0, 2, 0, 0, 0], [0, 0, 0, 0, 0, 0, 0, 0, 0, 0, 0, 0, 1]]
[[1, 0, 0, 0, 0, 0, 0, 0, 0, 0, 0, 0, 0], [0, 1, 0, 0, 0, 0, 0, 0, 0, 0, 0, 0, 0], [0, 0, 1, 0, 0, 0, 0, 0, 0, 0, 0, 0, 0], [0, 0, 0, 1, 0, 0, 0, 0, 0, 0, 0, 0, 0], [0, 0, 0, 0, 1, 0, 0, 0, 0, 0, 0, 0, 0], [0, 0, 0, 0, 0, 1, 0, 0, 0, 0, 0, 0, 0], [0, 0, 0, 0, 0, 0, 1, 0, 0, 0, 0, 0, 0], [0, 0, 0, 0, 0, 0, 0, 1, 0, 0, 0, 0, 0], [0, 0, 0, 0, 0, 0, 0, 0, 1, 0, 0, 0, 0], [0, 0, 0, 0, 0, 0, 0, 0, 0, 1, 0, 0, 0], [0, 0, 0, 0, 0, 0, 0, 0, 0, 0, 1, 0, 0], [0, 0, 0, 0, 0, 0, 0, 0, 0, 0, 0, 1, 0], [0, 0, 0, 0, 0, 0, 0, 0, 0, 0, 0, 0, 1]]
[[-3, -1, 2, -1, -1, -3, 3, 1, -1, 3, 0, 0, 1], [-4, 0, 2, -1, -1, -3, 3, 1, -1, 3, 0, 0, 1], [-1, -1, 1, 0, -1, -1, 2, 1, -1, 2, 1, -1, 0], [1, 1, 0, 1, 1, 1, -2, -1, 1, -2, -1, 1, 0], [-4, -1, 2, -1, 0, -3, 3, 1, -1, 3, 0, 0, 1], [0, 0, 0, 0, 0, 1, 0, 0, 0, 0, 0, 0, 0], [-4, -1, 2, -1, -1, -3, 4, 1, -1, 3, 0, 0, 1], [0, 0, 0, 0, 0, 0, 0, 1, 0, 0, 0, 0, 0], [4, 1, -2, 1, 1, 3, -3, -1, 2, -3, 0, 0, -1], [1, 1, 0, 0, 1, 1, -2, -1, 1, -1, -1, 1, 0], [0, 0, 0, 0, 0, 0, 0, 0, 0, 0, 1, 0, 0], [0, 0, 0, 0, 0, 0, 0, 0, 0, 0, 0, 1, 0], [0, 0, 0, 0, 0, 0, 0, 0, 0, 0, 0, 0, 1]]
[[1, 0, 0, 0, 0, 0, 0, 0, 0, 0, 0, 0, 0], [0, 1, 0, 0, 0, 0, 0, 0, 0, 0, 0, 0, 0], [0, 0, 1, 0, 0, 0, 0, 0, 0, 0, 0, 0, 0], [0, 0, 0, 1, 0, 0, 0, 0, 0, 0, 0, 0, 0], [0, 0, 0, 0, 1, 0, 0, 0, 0, 0, 0, 0, 0], [0, 0, 0, 0, 0, 1, 0, 0, 0, 0, 0, 0, 0], [0, 0, 0, 0, 0, 0, 1, 0, 0, 0, 0, 0, 0], [0, 0, 0, 0, 0, 0, 0, 1, 0, 0, 0, 0, 0], [0, 0, 0, 0, 0, 0, 0, 0, 1, 0, 0, 0, 0], [0, 0, 0, 0, 0, 0, 0, 0, 0, 1, 0, 0, 0], [0, 0, 0, 0, 0, 0, 0, 0, 0, 0, 1, 0, 0], [0, 0, 0, 0, 0, 0, 0, 0, 0, 0, 0, 1, 0], [0, 0, 0, 0, 0, 0, 0, 0, 0, 0, 0, 0, 1]]
[[1, 0, 0, 0, 0, 0, 0, 0, 0, 0, 0, 0, 0], [0, 1, 0, 0, 0, 0, 0, 0, 0, 0, 0, 0, 0], [0, 0, 1, 0, 0, 0, 0, 0, 0, 0, 0, 0, 0], [0, 0, 0, 1, 0, 0, 0, 0, 0, 0, 0, 0, 0], [0, 0, 0, 0, 1, 0, 0, 0, 0, 0, 0, 0, 0], [0, 0, 0, 0, 0, 1, 0, 0, 0, 0, 0, 0, 0], [0, 0, 0, 0, 0, 0, 1, 0, 0, 0, 0, 0, 0], [0, 0, 0, 0, 0, 0, 0, 1, 0, 0, 0, 0, 0], [0, 0, 0, 0, 0, 0, 0, 0, 1, 0, 0, 0, 0], [0, 0, 0, 0, 0, 0, 0, 0, 0, 1, 0, 0, 0], [0, 0, 0, 0, 0, 0, 0, 0, 0, 0, 1, 0, 0], [0, 0, 0, 0, 0, 0, 0, 0, 0, 0, 0, 1, 0], [0, 0, 0, 0, 0, 0, 0, 0, 0, 0, 0, 0, 1]]
[[1, 0, 0, 0, 0, 0, 0, 0, 0, 0, 0, 0, 0], [0, 1, 0, 0, 0, 0, 0, 0, 0, 0, 0, 0, 0], [0, 0, 1, 0, 0, 0, 0, 0, 0, 0, 0, 0, 0], [0, 0, 0, 1, 0, 0, 0, 0, 0, 0, 0, 0, 0], [0, 0, 0, 0, 1, 0, 0, 0, 0, 0, 0, 0, 0], [0, 0, 0, 0, 0, 1, 0, 0, 0, 0, 0, 0, 0], [0, 0, 0, 0, 0, 0, 1, 0, 0, 0, 0, 0, 0], [0, 0, 0, 0, 0, 0, 0, 1, 0, 0, 0, 0, 0], [0, 0, 0, 0, 0, 0, 0, 0, 1, 0, 0, 0, 0], [0, 0, 0, 0, 0, 0, 0, 0, 0, 1, 0, 0, 0], [0, 0, 0, 0, 0, 0, 0, 0, 0, 0, 1, 0, 0], [0, 0, 0, 0, 0, 0, 0, 0, 0, 0, 0, 1, 0], [0, 0, 0, 0, 0, 0, 0, 0, 0, 0, 0, 0, 1]]
[[4, 1, 0, 2, 2, 3, -5, -3, 2, -4, -1, 2, 0], [1, 1, 1, 1, 1, 1, -2, -1, 1, -1, 0, 1, 0], [0, 0, 1, 0, 0, 0, 0, 0, 0, 0, 0, 0, 0], [2, 1, -1, 2, 1, 2, -3, -2, 1, -3, -1, 1, 0], [2, 1, -1, 1, 2, 2, -3, -2, 1, -3, -1, 1, 0], [-2, -1, 1, -1, -1, -1, 3, 2, -1, 3, 1, -1, 0], [1, 0, 1, 1, 1, 1, -1, -1, 1, -1, 0, 1, 0], [2, 1, -1, 1, 1, 2, -3, -1, 1, -3, -1, 1, 0], [-3, -1, 0, -2, -2, -3, 5, 3, -1, 4, 1, -2, 0], [2, 1, -1, 1, 1, 2, -3, -2, 1, -2, -1, 1, 0], [-3, -1, 0, -2, -2, -3, 5, 3, -2, 4, 2, -2, 0], [2, 1, -1, 1, 1, 2, -3, -2, 1, -3, -1, 2, 0], [-2, -1, 1, -1, -1, -2, 3, 2, -1, 3, 1, -1, 1]]
[[1, 0, 0, 0, 0, 0, 0, 0, 0, 0, 0, 0, 0], [0, 1, 0, 0, 0, 0, 0, 0, 0, 0, 0, 0, 0], [0, 0, 1, 0, 0, 0, 0, 0, 0, 0, 0, 0, 0], [0, 0, 0, 1, 0, 0, 0, 0, 0, 0, 0, 0, 0], [0, 0, 0, 0, 1, 0, 0, 0, 0, 0, 0, 0, 0], [0, 0, 0, 0, 0, 1, 0, 0, 0, 0, 0, 0, 0], [0, 0, 0, 0, 0, 0, 1, 0, 0, 0, 0, 0, 0], [0, 0, 0, 0, 0, 0, 0, 1, 0, 0, 0, 0, 0], [0, 0, 0, 0, 0, 0, 0, 0, 1, 0, 0, 0, 0], [0, 0, 0, 0, 0, 0, 0, 0, 0, 1, 0, 0, 0], [0, 0, 0, 0, 0, 0, 0, 0, 0, 0, 1, 0, 0], [0, 0, 0, 0, 0, 0, 0, 0, 0, 0, 0, 1, 0], [0, 0, 0, 0, 0, 0, 0, 0, 0, 0, 0, 0, 1]]
[[1, 0, 0, 0, 0, 0, 0, 0, 0, 0, 0, 0, 0], [0, 1, 0, 0, 0, 0, 0, 0, 0, 0, 0, 0, 0], [0, 0, 1, 0, 0, 0, 0, 0, 0, 0, 0, 0, 0], [0, 0, 0, 1, 0, 0, 0, 0, 0, 0, 0, 0, 0], [0, 0, 0, 0, 1, 0, 0, 0, 0, 0, 0, 0, 0], [0, 0, 0, 0, 0, 1, 0, 0, 0, 0, 0, 0, 0], [0, 0, 0, 0, 0, 0, 1, 0, 0, 0, 0, 0, 0], [0, 0, 0, 0, 0, 0, 0, 1, 0, 0, 0, 0, 0], [0, 0, 0, 0, 0, 0, 0, 0, 1, 0, 0, 0, 0], [0, 0, 0, 0, 0, 0, 0, 0, 0, 1, 0, 0, 0], [0, 0, 0, 0, 0, 0, 0, 0, 0, 0, 1, 0, 0], [0, 0, 0, 0, 0, 0, 0, 0, 0, 0, 0, 1, 0], [0, 0, 0, 0, 0, 0, 0, 0, 0, 0, 0, 0, 1]]

Generators of monodromy action on conics:
(1,35,43,11,29,27)(2,36,44,12,30,28)(3,33,41,9,31,26)(4,34,42,10,32,25)(5,72,19,108,47,90)(6,71,20,107,48,89)(7,70,17,105,45,92)(8,69,18,106,46,91)(13,75,37,99,21,61)(14,76,38,100,22,62)(15,74,39,98,23,64)(16,73,40,97,24,63)(49,88,55,66,104,58)(50,87,56,65,103,57)(51,86,53,68,101,60)(52,85,54,67,102,59)(77,84,93,78,83,94)(79,81,96,80,82,95)(109,134,144,110,133,143)(111,126,149,118,127,132)(112,125,150,117,128,131)(113,156,147,139,129,158)(114,155,148,140,130,157)(115,124,163,137,151,146)(116,123,164,138,152,145)(119,120)(121,142,160,153,135,161)(122,141,159,154,136,162)
(1,52,54,43,28,90,94,20)(2,51,53,44,27,89,93,19)(3,49,55,41,25,92,95,18)(4,50,56,42,26,91,96,17)(5,47,71,85,30,22,83,67)(6,48,72,86,29,21,84,68)(7,45,69,88,32,24,82,66)(8,46,70,87,31,23,81,65)(9,79,40,98,16,74,33,103)(10,80,39,97,15,73,34,104)(11,77,38,99,14,75,35,101)(12,78,37,100,13,76,36,102)(57,63)(58,64)(59,61)(60,62)(109,149,129,138,145,113,140,131)(110,150,130,137,146,114,139,132)(111,127,125,151,147,142,144,115)(112,128,126,152,148,141,143,116)(121,154,135,158,124,156,134,162)(122,153,136,157,123,155,133,161)(159,163)(160,164)
