
#########################################################
# DATA FOR CRYSTALLOGRAPHIC QUARTIC SURFACE FAMILY 18.3 #
#########################################################

##################
# GROUP & FAMILY #
##################

Generators of crystallographic group:
[[1, 0, 1, 0], [0, -1, 0, -1], [0, 0, -1, 0], [0, 0, 0, 1]]
[[-1, 0, 0, 0], [0, -1, 0, 0], [0, 0, -1, 0], [0, 0, 0, -1]]
[[0, -1, 0, 0], [1, 0, 1, 0], [0, 0, 0, -1], [0, 0, -1, 0]]

Invariant polynomials:
z^4 + w^4
-x^4 - y^4 - 2*x^3*z + x*z^3 - 2*y^3*w + y*w^3
z^2*w^2
y^2*z^2 + y*z^2*w + x^2*w^2 + x*z*w^2
x^4 + y^4 + 2*x^3*z + x^2*z^2 + 2*y^3*w + y^2*w^2
x^2*y^2 + x*y^2*z + x^2*y*w + x*y*z*w

Equivalent crystallographic groups:
18.5

############
# HOMOLOGY #
############

Intersection product:
[[-2, 1, 0, 1, 1, 0, 0, 0, 0, 0, 1, 0, 1, 0, 0, 0, 0, 0, 0, 0, 1, 1], [1, -4, -2, -2, -1, -1, -4, -1, 1, -1, -1, -2, -1, -1, -3, 0, 0, -1, 1, -1, 0, 0], [0, -2, -4, 0, 1, -2, -2, 0, 1, 0, 1, -3, 1, -2, -3, -1, 0, 0, 1, 0, 3, 3], [1, -2, 0, -2, -1, 0, -2, -1, 0, -1, -1, 0, -1, 0, -1, 0, 0, -1, 0, -1, -1, -1], [1, -1, 1, -1, -2, 1, -1, -1, -1, -1, -1, 1, -1, 1, 0, 0, 0, -1, -1, -1, -1, -2], [0, -1, -2, 0, 1, -2, -1, 0, 0, 0, 1, -1, 1, -1, -1, -1, 0, 0, 0, 0, 2, 2], [0, -4, -2, -2, -1, -1, -6, -1, 1, -2, -2, -2, -1, -1, -3, 0, 1, -1, 1, -2, 1, 0], [0, -1, 0, -1, -1, 0, -1, -2, -1, -1, 0, 1, 0, 1, 0, 0, 0, -1, -1, -1, 0, -1], [0, 1, 1, 0, -1, 0, 1, -1, -2, 0, 0, 1, 0, 1, 1, 0, 0, 0, -1, 0, 0, -1], [0, -1, 0, -1, -1, 0, -2, -1, 0, -2, -2, 0, -1, 0, 0, 0, 1, 0, 0, -1, 0, -1], [1, -1, 1, -1, -1, 1, -2, 0, 0, -2, -4, 0, -2, 0, 0, 0, 1, 0, 0, -1, -1, -2], [0, -2, -3, 0, 1, -1, -2, 1, 1, 0, 0, -4, 1, -2, -3, -1, 0, 0, 1, 0, 3, 3], [1, -1, 1, -1, -1, 1, -1, 0, 0, -1, -2, 1, -2, 1, 0, 0, 0, -1, -1, -1, -1, -2], [0, -1, -2, 0, 1, -1, -1, 1, 1, 0, 0, -2, 1, -2, -1, -1, 0, 0, 0, 0, 2, 2], [0, -3, -3, -1, 0, -1, -3, 0, 1, 0, 0, -3, 0, -1, -4, -1, 0, -1, 0, -1, 3, 2], [0, 0, -1, 0, 0, -1, 0, 0, 0, 0, 0, -1, 0, -1, -1, -2, 0, 0, -1, 0, 2, 1], [0, 0, 0, 0, 0, 0, 1, 0, 0, 1, 1, 0, 0, 0, 0, 0, -2, -1, -1, 0, 0, 0], [0, -1, 0, -1, -1, 0, -1, -1, 0, 0, 0, 0, -1, 0, -1, 0, -1, -2, -1, -1, 0, -1], [0, 1, 1, 0, -1, 0, 1, -1, -1, 0, 0, 1, -1, 0, 0, -1, -1, -1, -2, 0, 0, -1], [0, -1, 0, -1, -1, 0, -2, -1, 0, -1, -1, 0, -1, 0, -1, 0, 0, -1, 0, -2, 0, -1], [1, 0, 3, -1, -1, 2, 1, 0, 0, 0, -1, 3, -1, 2, 3, 2, 0, 0, 0, 0, -4, -3], [1, 0, 3, -1, -2, 2, 0, -1, -1, -1, -2, 3, -2, 2, 2, 1, 0, -1, -1, -1, -3, -4]]

Basis of the generic Picard lattice:
[1, 0, 0, 0, 0, 0, 0, 0, 0, 0, 0, 0, 0, 0, 0, 0, 0, 1, 0, -1, -1, 2]
[0, 1, 0, 0, 0, 0, 0, 0, 0, 0, 0, 0, 0, 0, 0, 0, 0, 0, 1, 0, 1, -1]
[0, 0, 1, 0, 0, 0, 0, 0, 0, 0, 0, 0, 0, 0, 0, 0, -1, 0, 1, 0, 1, -1]
[0, 0, 0, 1, 0, 0, 0, 0, 0, 0, 0, 0, 0, 0, 0, 0, -1, 0, 2, 0, 1, -3]
[0, 0, 0, 0, 1, 0, 0, 0, 0, 0, 0, 0, 0, 0, 0, 0, -1, 0, 1, 0, 0, -2]
[0, 0, 0, 0, 0, 1, 0, 0, 0, 0, 0, 0, 0, 0, 0, 0, -1, -1, 1, 1, 1, -2]
[0, 0, 0, 0, 0, 0, 1, 0, 0, 0, 0, 0, 0, 0, 0, 0, 0, -1, 1, 0, 0, -1]
[0, 0, 0, 0, 0, 0, 0, 1, 0, 0, 0, 0, 0, 0, 0, 0, -1, -1, 1, 0, 0, -2]
[0, 0, 0, 0, 0, 0, 0, 0, 1, 0, 0, 0, 0, 0, 0, 0, 0, -1, -1, 1, 0, -1]
[0, 0, 0, 0, 0, 0, 0, 0, 0, 1, 0, 0, 0, 0, 0, 0, 0, -1, 0, 0, 0, -1]
[0, 0, 0, 0, 0, 0, 0, 0, 0, 0, 1, 0, 0, 0, 0, 0, 0, -1, 1, 1, 1, -3]
[0, 0, 0, 0, 0, 0, 0, 0, 0, 0, 0, 1, 0, 0, 0, 0, -1, 0, 2, 0, 1, -1]
[0, 0, 0, 0, 0, 0, 0, 0, 0, 0, 0, 0, 1, 0, 0, 0, -1, -2, 2, 2, 1, -5]
[0, 0, 0, 0, 0, 0, 0, 0, 0, 0, 0, 0, 0, 1, 0, 0, -1, -1, 1, 0, 0, 0]
[0, 0, 0, 0, 0, 0, 0, 0, 0, 0, 0, 0, 0, 0, 1, 0, -1, -3, 3, 2, 1, -5]
[0, 0, 0, 0, 0, 0, 0, 0, 0, 0, 0, 0, 0, 0, 0, 1, 0, -2, 0, 1, 0, -1]

Class of hyperplane section:
[0, 1, -1, 0, 1, -1, 0, 1, 0, -1, 1, -2, 1, 1, -1, 0, 1, 0, -2, 0, -2, -2]

Action of the group on homology:
[[0, -1, -2, -1, 0, -1, -1, -1, 1, 0, 0, -2, -1, -2, -3, -1, -1, -1, 0, 0, 1, 1], [0, 0, -1, 0, 0, 0, 0, -1, 0, 0, 0, 0, 0, 0, -1, 0, 0, 0, 0, 0, 0, 0], [-1, -1, -1, -1, 0, -1, -1, -1, 1, 0, 0, -2, -1, -2, -3, -1, -1, -1, 0, 0, 1, 1], [-1, 0, -1, -1, 0, -1, 0, 0, 1, 1, 1, -2, 0, -2, -1, 0, -1, 0, 1, 1, 0, 1], [1, 0, 0, 0, 0, 0, 0, 1, 1, 0, -1, -1, -1, -2, -1, -1, -1, -1, -1, 0, 0, 0], [1, 1, 1, 1, 0, 1, 1, 1, 0, 0, 0, 1, 0, 0, 1, -1, 0, 0, -1, 0, 0, 0], [0, 0, 1, 0, 0, 0, -1, 0, -1, -1, -1, 1, 0, 1, 1, 0, 1, 0, 0, -1, 0, -1], [1, 0, 2, 1, 0, 1, 0, 0, -2, -1, -1, 3, 0, 3, 2, 0, 1, 0, -1, -1, -1, -2], [-1, -1, -1, -1, 0, 0, -1, -1, 1, 0, 0, -1, 0, 0, -1, 1, 0, 0, 1, 0, 0, 0], [-1, 1, -1, 0, 0, 0, 2, 1, 1, 2, 2, -2, 1, -1, 0, 1, 0, 1, 1, 2, 1, 2], [1, -1, 0, -1, -1, 0, -1, 0, 1, 0, -1, -1, -2, -2, -2, -1, -2, -2, -1, -1, -1, -1], [0, 1, 2, 1, 0, 1, 1, -1, -2, -1, 0, 3, 0, 3, 2, 0, 1, 0, -1, 0, 0, -1], [-1, 0, 0, 1, 1, 0, -1, -1, -1, -1, 0, 1, 1, 2, 0, 0, 1, 0, 0, -1, 1, 0], [0, -1, -1, 0, 0, 0, -1, 0, 0, 0, 0, 0, 1, 1, 0, 1, 1, 1, 1, 0, 0, 0], [0, 0, -1, 0, 0, 0, 1, 1, 1, 1, 1, -1, 1, -1, 1, 1, 0, 1, 1, 1, 0, 1], [0, 0, 0, -1, 0, -1, 0, -1, 0, 0, 0, 0, -1, -1, -1, -1, -1, -1, -1, 0, 0, 0], [0, 0, 0, -1, 0, 0, 0, 1, 1, 1, 0, -1, 0, -1, 0, 1, 0, 0, 1, 0, -1, 0], [0, 0, 0, -1, -1, 0, 0, 0, 1, 0, -1, -2, -2, -2, -2, -1, -2, -1, -1, 0, 0, 0], [0, 0, 0, 1, 0, 0, 0, -1, -1, -1, 0, 1, 0, 1, 0, -1, 1, 0, 0, 0, 1, 0], [0, 0, 0, 1, 1, 0, 0, 0, 0, 0, 0, 1, 0, 1, 0, 0, 0, 0, 0, 0, 0, 0], [0, 0, 0, 0, 0, 0, 1, -1, 0, 0, 0, 0, -1, 0, -1, -1, -1, -1, -1, 0, 1, 0], [0, 0, 0, 0, 0, 0, 0, 0, -1, 0, 1, 1, 2, 1, 2, 1, 2, 2, 1, 1, 0, 1]]
[[1, 0, 0, 0, 0, 0, 0, 0, 0, 0, 0, 0, 0, 0, 0, 0, 0, 0, 0, 0, 0, 0], [0, 1, 0, 0, 0, 0, 0, 0, 0, 0, 0, 0, 0, 0, 0, 0, 0, 0, 0, 0, 0, 0], [0, 0, 1, 0, 0, 0, 0, 0, 0, 0, 0, 0, 0, 0, 0, 0, 0, 0, 0, 0, 0, 0], [0, 0, 0, 1, 0, 0, 0, 0, 0, 0, 0, 0, 0, 0, 0, 0, 0, 0, 0, 0, 0, 0], [0, 0, 0, 0, 1, 0, 0, 0, 0, 0, 0, 0, 0, 0, 0, 0, 0, 0, 0, 0, 0, 0], [0, 0, 0, 0, 0, 1, 0, 0, 0, 0, 0, 0, 0, 0, 0, 0, 0, 0, 0, 0, 0, 0], [0, 0, 0, 0, 0, 0, 1, 0, 0, 0, 0, 0, 0, 0, 0, 0, 0, 0, 0, 0, 0, 0], [0, 0, 0, 0, 0, 0, 0, 1, 0, 0, 0, 0, 0, 0, 0, 0, 0, 0, 0, 0, 0, 0], [0, 0, 0, 0, 0, 0, 0, 0, 1, 0, 0, 0, 0, 0, 0, 0, 0, 0, 0, 0, 0, 0], [0, 0, 0, 0, 0, 0, 0, 0, 0, 1, 0, 0, 0, 0, 0, 0, 0, 0, 0, 0, 0, 0], [0, 0, 0, 0, 0, 0, 0, 0, 0, 0, 1, 0, 0, 0, 0, 0, 0, 0, 0, 0, 0, 0], [0, 0, 0, 0, 0, 0, 0, 0, 0, 0, 0, 1, 0, 0, 0, 0, 0, 0, 0, 0, 0, 0], [0, 0, 0, 0, 0, 0, 0, 0, 0, 0, 0, 0, 1, 0, 0, 0, 0, 0, 0, 0, 0, 0], [0, 0, 0, 0, 0, 0, 0, 0, 0, 0, 0, 0, 0, 1, 0, 0, 0, 0, 0, 0, 0, 0], [0, 0, 0, 0, 0, 0, 0, 0, 0, 0, 0, 0, 0, 0, 1, 0, 0, 0, 0, 0, 0, 0], [0, 0, 0, 0, 0, 0, 0, 0, 0, 0, 0, 0, 0, 0, 0, 1, 0, 0, 0, 0, 0, 0], [0, 0, 0, 0, 0, 0, 0, 0, 0, 0, 0, 0, 0, 0, 0, 0, 1, 0, 0, 0, 0, 0], [0, 0, 0, 0, 0, 0, 0, 0, 0, 0, 0, 0, 0, 0, 0, 0, 0, 1, 0, 0, 0, 0], [0, 0, 0, 0, 0, 0, 0, 0, 0, 0, 0, 0, 0, 0, 0, 0, 0, 0, 1, 0, 0, 0], [0, 0, 0, 0, 0, 0, 0, 0, 0, 0, 0, 0, 0, 0, 0, 0, 0, 0, 0, 1, 0, 0], [0, 0, 0, 0, 0, 0, 0, 0, 0, 0, 0, 0, 0, 0, 0, 0, 0, 0, 0, 0, 1, 0], [0, 0, 0, 0, 0, 0, 0, 0, 0, 0, 0, 0, 0, 0, 0, 0, 0, 0, 0, 0, 0, 1]]
[[0, -1, 0, 0, 0, 0, -1, 0, 0, 0, 0, 0, 0, 1, 0, 0, 0, 0, 0, 0, 0, 0], [0, 0, -1, 1, 1, -1, 0, 0, 0, 0, 1, 0, 1, 0, 0, -1, 0, 0, 0, 0, 1, 1], [0, 0, 1, 0, 0, 0, 0, 0, -1, 0, 0, 1, 0, 1, 1, 0, 0, 0, -1, 0, 0, 0], [1, -1, 1, -1, -1, 1, -1, -1, -1, -1, -2, 1, -1, 1, 0, 0, 0, -1, -1, -1, -1, -2], [0, -1, 0, 0, 0, 1, -1, 1, 1, 0, -1, -1, 0, 1, 0, 2, 0, 1, 1, 0, -1, 0], [0, -1, -1, 0, 0, 0, 0, 1, 1, 1, 0, -2, 0, 0, -1, 1, 0, 1, 1, 1, 1, 1], [-1, 1, 0, 0, 0, 0, 0, 0, 0, 0, 0, 0, 0, -1, 0, 0, 0, 0, 0, 0, 0, 0], [-1, 1, -1, 0, 0, -1, 0, 0, 1, 0, 1, -1, 0, -2, -1, -1, 0, 0, 0, 0, 1, 1], [0, 0, 0, 0, 0, -1, 0, -1, -1, 0, 1, 1, 0, 0, 0, -1, -1, -1, -1, 0, 0, 0], [2, 0, 1, 0, 0, 1, 1, 0, -1, 0, -1, 1, 0, 1, 1, 0, 0, 0, 0, 0, -1, -1], [0, -1, 0, 0, 0, 1, -1, 1, 1, 0, -1, -1, -1, 1, -1, 1, 0, 0, 0, 0, 0, 0], [-1, 1, 0, 0, 0, -1, 1, 0, 0, 1, 2, 0, 1, -1, 1, 0, 0, 0, 0, 1, 1, 1], [-1, 1, -1, 0, 0, -2, 0, -1, -1, 0, 2, 0, 1, -1, 0, -1, 0, 0, 0, 0, 1, 1], [0, 0, -1, 0, 0, -1, 0, -1, 0, 0, 1, 0, 0, -1, -1, -1, -1, -1, 0, -1, 0, 0], [1, 0, 1, 0, 0, 1, 1, 0, 0, 0, -1, 1, -1, 1, 0, 0, 0, 0, 0, 0, -1, -1], [0, -1, 0, 0, 0, 0, -2, 0, 0, -1, -1, 0, 0, 0, 0, 0, 1, 0, 0, 0, 0, 0], [1, 0, 0, 0, 0, 1, 0, 0, 0, -1, -2, 0, -1, 0, 0, 0, 0, 0, 0, 0, -1, -1], [0, -1, 1, 0, 0, 1, -1, 1, 0, 0, -1, -1, 0, 1, 0, 1, 0, 0, 0, 0, 0, 0], [-1, 2, 1, 1, 0, 0, 2, 0, -1, 1, 2, 2, 1, 1, 2, 0, 0, 0, -1, 0, 1, 0], [-1, 0, -1, 0, 0, -1, 0, -1, 0, 0, 2, 0, 1, 0, 0, 0, 0, 0, 0, 0, 1, 1], [-1, 1, 1, 1, 0, 0, 1, 0, -1, 1, 2, 1, 1, 1, 1, 0, 0, 0, -1, 1, 1, 1], [1, -1, -1, -1, 0, -1, 0, 0, 1, 0, -1, -1, -1, -2, -1, -1, 0, 0, 1, 0, 0, 0]]

####################
# ALGEBRAIC CURVES #
####################

There are 240 conics:
[0, 1, -2, 0, 0, 0, 0, 0, 0, 1, -1, -1, 1, 1, 0, -1, 1, -1, -1, 0, -2, 0]
[0, 0, 1, 0, 1, -1, 0, 1, 0, -2, 2, -1, 0, 0, -1, 1, 0, 1, -1, 0, 0, -2]
[0, 1, -1, 0, 1, 0, 0, 0, 0, 0, 1, -2, 0, 1, 0, -1, 1, 0, -1, 0, -1, -2]
[0, 0, 0, 0, 0, -1, 0, 1, 0, -1, 0, 0, 1, 0, -1, 1, 0, 0, -1, 0, -1, 0]
[0, 1, -1, 0, 1, 0, 0, 0, 0, 0, 0, -1, 1, 1, -1, 0, 0, 0, -1, 0, -1, -1]
[0, 0, 0, 0, 0, -1, 0, 1, 0, -1, 1, -1, 0, 0, 0, 0, 1, 0, -1, 0, -1, -1]
[0, 1, -1, 1, 0, -1, 0, 0, 0, 1, 0, -2, 0, 1, 0, 0, 2, -1, -2, -1, -2, 0]
[0, 0, 0, -1, 1, 0, 0, 1, 0, -2, 1, 0, 1, 0, -1, 0, -1, 1, 0, 1, 0, -2]
[1, 1, 0, 0, 2, 0, -1, 0, 0, -1, 2, -2, -1, 0, 0, 1, 1, 1, -2, 0, -1, -1]
[-1, 0, -1, 0, -1, -1, 1, 1, 0, 0, -1, 0, 2, 1, -1, -1, 0, -1, 0, 0, -1, -1]
[0, 1, -1, 0, 0, -1, 0, 0, 0, 0, 0, -2, 1, 2, 0, -1, 1, -1, -1, 0, -2, 0]
[0, 0, 0, 0, 1, 0, 0, 1, 0, -1, 1, 0, 0, -1, -1, 1, 0, 1, -1, 0, 0, -2]
[0, 1, -1, 1, -1, -1, 0, 0, 1, 0, -1, -1, 1, 2, 0, -1, 0, -1, 0, 0, -1, 0]
[0, 0, 0, -1, 2, 0, 0, 1, -1, -1, 2, -1, 0, -1, -1, 1, 1, 1, -2, 0, -1, -2]
[1, 1, 1, 0, 1, -1, -1, 0, 1, -1, 1, -1, 1, 0, -1, 1, 0, 1, -2, 1, 0, -2]
[-1, 0, -2, 0, 0, 0, 1, 1, -1, 0, 0, -1, 0, 1, 0, -1, 1, -1, 0, -1, -2, 0]
[1, 2, 0, 0, 0, -1, -1, 0, 1, 0, 0, -1, 2, 1, -1, 0, 0, 0, -1, 1, 0, -2]
[-1, -1, -1, 0, 1, 0, 1, 1, -1, -1, 1, -1, -1, 0, 0, 0, 1, 0, -1, -1, -2, 0]
[0, 1, -1, -1, 1, 0, 0, 1, -1, 0, 1, -1, 1, 0, -1, 0, 1, 0, -1, 0, -1, -2]
[0, 0, 0, 1, 0, -1, 0, 0, 1, -1, 0, -1, 0, 1, 0, 0, 0, 0, -1, 0, -1, 0]
[0, 1, -1, 0, 0, 0, 0, 1, 0, 0, 0, 0, 1, 0, -1, 0, 0, 0, 0, 0, 0, -2]
[0, 0, 0, 0, 1, -1, 0, 0, 0, -1, 1, -2, 0, 1, 0, 0, 1, 0, -2, 0, -2, 0]
[1, 2, -1, 0, 1, 0, -1, 0, 0, 0, 1, -2, 0, 1, 0, 0, 1, 0, -1, 0, -1, -1]
[-1, -1, 0, 0, 0, -1, 1, 1, 0, -1, 0, 0, 1, 0, -1, 0, 0, 0, -1, 0, -1, -1]
[0, 1, -1, -1, 0, 0, 0, 1, 0, -1, 0, 0, 2, 1, -1, -1, -1, 0, 1, 1, 0, -2]
[0, 0, 0, 1, 1, -1, 0, 0, 0, 0, 1, -2, -1, 0, 0, 1, 2, 0, -3, -1, -2, 0]
[0, 1, -1, 0, -1, -1, 0, 1, 0, 0, 0, -1, 1, 1, 0, -1, 1, -1, 0, 0, -1, -1]
[0, 0, 0, 0, 2, 0, 0, 0, 0, -1, 1, -1, 0, 0, -1, 1, 0, 1, -2, 0, -1, -1]
[0, 1, -1, 0, -1, -1, 0, 1, 0, 0, -1, 0, 2, 1, -1, 0, 0, -1, 0, 0, -1, 0]
[0, 0, 0, 0, 2, 0, 0, 0, 0, -1, 2, -2, -1, 0, 0, 0, 1, 1, -2, 0, -1, -2]
[0, 1, 0, 0, 0, -1, 0, 1, 0, -1, 1, -1, 1, 1, -1, 0, 0, 0, 0, 0, 0, -2]
[0, 0, -1, 0, 1, 0, 0, 0, 0, 0, 0, -1, 0, 0, 0, 0, 1, 0, -2, 0, -2, 0]
[0, 1, -1, 0, 0, -1, 0, 1, 0, -1, 1, -1, 0, 1, 0, 0, 1, -1, 0, 0, -1, -1]
[0, 0, 0, 0, 1, 0, 0, 0, 0, 0, 0, -1, 1, 0, -1, 0, 0, 1, -2, 0, -1, -1]
[0, 1, -1, 0, -1, -1, 0, 1, 1, -1, -1, 1, 2, 1, -1, 0, -1, -1, 1, 1, 0, -1]
[0, 0, 0, 0, 2, 0, 0, 0, -1, 0, 2, -3, -1, 0, 0, 0, 2, 1, -3, -1, -2, -1]
[0, 1, 0, 0, -1, -2, 0, 1, 1, -1, 0, 0, 2, 1, -1, 0, 0, -1, 0, 1, 0, -2]
[0, 0, -1, 0, 2, 1, 0, 0, -1, 0, 1, -2, -1, 0, 0, 0, 1, 1, -2, -1, -2, 0]
[0, 1, -1, -1, 0, -1, 0, 1, 0, -1, 0, 0, 2, 1, -1, 0, 0, -1, 0, 1, -1, -1]
[0, 0, 0, 1, 1, 0, 0, 0, 0, 0, 1, -2, -1, 0, 0, 0, 1, 1, -2, -1, -1, -1]
[0, 1, -1, 0, 0, -1, 0, 1, 0, 0, 0, 0, 1, 0, -1, 1, 1, -1, -1, 0, -1, -1]
[0, 0, 0, 0, 1, 0, 0, 0, 0, -1, 1, -2, 0, 1, 0, -1, 0, 1, -1, 0, -1, -1]
[1, 2, 0, 0, 1, -1, -1, 0, 1, -1, 1, -1, 1, 1, -1, 1, 0, 0, -1, 1, 0, -2]
[-1, -1, -1, 0, 0, 0, 1, 1, -1, 0, 0, -1, 0, 0, 0, -1, 1, 0, -1, -1, -2, 0]
[0, 1, -1, -1, 1, 0, 0, 1, 0, -1, 1, 0, 1, 0, -1, 0, 0, 0, 0, 1, 0, -3]
[0, 0, 0, 1, 0, -1, 0, 0, 0, 0, 0, -2, 0, 1, 0, 0, 1, 0, -2, -1, -2, 1]
[1, 2, -1, 0, 0, -1, -1, 0, 1, 0, 0, -1, 1, 1, 0, 0, 1, -1, -1, 1, -1, -1]
[-1, -1, 0, 0, 1, 0, 1, 1, -1, -1, 1, -1, 0, 0, -1, 0, 0, 1, -1, -1, -1, -1]
[1, 1, 0, 0, 1, 0, -1, 0, 0, 0, 1, -2, 0, 0, 0, 0, 1, 1, -2, 0, -1, -1]
[-1, 0, -1, 0, 0, -1, 1, 1, 0, -1, 0, 0, 1, 1, -1, 0, 0, -1, 0, 0, -1, -1]
[0, 1, -1, 1, -1, -2, 0, 0, 1, 0, -1, -1, 1, 2, 0, 0, 1, -2, -1, 0, -2, 1]
[0, 0, 0, -1, 2, 1, 0, 1, -1, -1, 2, -1, 0, -1, -1, 0, 0, 2, -1, 0, 0, -3]
[1, 1, 1, 0, 2, 0, -1, 0, 0, -1, 2, -2, 0, 0, -1, 1, 0, 2, -2, 0, 0, -2]
[-1, 0, -2, 0, -1, -1, 1, 1, 0, 0, -1, 0, 1, 1, 0, -1, 1, -2, 0, 0, -2, 0]
[0, 1, -1, 0, 0, -1, 0, 0, 1, -1, 0, -1, 1, 2, 0, -1, 0, -1, 0, 1, -1, -1]
[0, 0, 0, 0, 1, 0, 0, 1, -1, 0, 1, -1, 0, -1, -1, 1, 1, 1, -2, -1, -1, -1]
[0, 1, -1, 1, 0, -1, 0, 0, 1, 0, 0, -1, 0, 1, 0, 0, 1, -1, -1, 0, -1, -1]
[0, 0, 0, -1, 1, 0, 0, 1, -1, -1, 1, -1, 1, 0, -1, 0, 0, 1, -1, 0, -1, -1]
[0, 1, -2, 0, 1, 0, 0, 0, 0, 0, 0, -1, 0, 1, 0, 0, 1, -1, -1, 0, -2, 0]
[0, 0, 1, 0, 0, -1, 0, 1, 0, -1, 1, -1, 1, 0, -1, 0, 0, 1, -1, 0, 0, -2]
[0, 1, -1, 0, 1, -1, 0, 0, 0, 0, 1, -2, 0, 1, 0, 0, 2, -1, -2, 0, -2, -1]
[0, 0, 0, 0, 0, 0, 0, 1, 0, -1, 0, 0, 1, 0, -1, 0, -1, 1, 0, 0, 0, -1]
[0, 1, -1, 0, 0, -1, 0, 0, 1, 0, -1, 0, 2, 1, -1, 0, 0, -1, -1, 1, -1, -1]
[0, 0, 0, 0, 1, 0, 0, 1, -1, -1, 2, -2, -1, 0, 0, 0, 1, 1, -1, -1, -1, -1]
[0, 1, 0, -1, -1, -1, 0, 2, 0, -2, 0, 0, 2, 1, -1, 0, -1, -1, 1, 1, 0, -1]
[0, 0, -1, 1, 2, 0, 0, -1, 0, 1, 1, -2, -1, 0, 0, 0, 2, 1, -3, -1, -2, -1]
[0, 1, -1, 0, 1, 0, 0, 0, 0, 0, 0, -2, 0, 1, 0, 0, 1, -1, -2, 0, -2, 0]
[0, 0, 0, 0, 0, -1, 0, 1, 0, -1, 1, 0, 1, 0, -1, 0, 0, 1, 0, 0, 0, -2]
[0, 1, 0, 0, 0, -1, 0, 1, 0, -1, 0, 0, 1, 0, -1, 1, 0, 0, 0, 0, 0, -1]
[0, 0, -1, 0, 1, 0, 0, 0, 0, 0, 1, -2, 0, 1, 0, -1, 1, 0, -2, 0, -2, -1]
[1, 1, 0, 0, 1, 0, -1, 1, 0, -1, 2, -1, 0, 0, -1, 1, 0, 1, -1, 0, 0, -2]
[-1, 0, -1, 0, 0, -1, 1, 0, 0, 0, -1, -1, 1, 1, 0, -1, 1, -1, -1, 0, -2, 0]
[1, 1, 0, 0, 0, -1, 0, 1, 0, -1, 1, -1, 1, 0, -1, 1, 1, 0, -1, 0, -1, -1]
[-1, 0, -1, 0, 1, 0, 0, 0, 0, 0, 0, -1, 0, 1, 0, -1, 0, 0, -1, 0, -1, -1]
[1, 1, 1, 0, 0, -1, 0, 1, 1, -2, 1, 0, 2, 0, -2, 1, -1, 1, 0, 1, 1, -3]
[-1, 0, -2, 0, 1, 0, 0, 0, -1, 1, 0, -2, -1, 1, 1, -1, 2, -1, -2, -1, -3, 1]
[0, 1, -1, 0, 0, -1, 0, 0, 1, 0, -1, -1, 1, 2, 0, -1, 0, -1, -1, 0, -2, 1]
[0, 0, 0, 0, 1, 0, 0, 1, -1, -1, 2, -1, 0, -1, -1, 1, 1, 1, -1, 0, 0, -3]
[1, 1, 0, 0, 1, 0, -1, 0, 0, -1, 1, -1, 1, 0, -1, 1, 0, 1, -1, 1, 0, -2]
[-1, 0, -1, 0, 0, -1, 1, 1, 0, 0, 0, -1, 0, 1, 0, -1, 1, -1, -1, -1, -2, 0]
[0, 1, 0, -1, 0, -1, 0, 2, 0, -2, 1, 0, 2, 0, -2, 1, 0, 0, -1, 1, 0, -2]
[0, 0, -1, 1, 1, 0, 0, -1, 0, 1, 0, -2, -1, 1, 1, -1, 1, 0, -1, -1, -2, 0]
[1, 1, 1, 0, 1, -1, -1, 0, 0, 0, 1, -1, 1, 0, -1, 1, 0, 1, -1, 0, 0, -2]
[-1, 0, -2, 0, 0, 0, 1, 1, 0, -1, 0, -1, 0, 1, 0, -1, 1, -1, -1, 0, -2, 0]
[0, 1, -1, -1, 0, 0, 0, 2, 0, -2, 1, 0, 1, 0, -1, 0, 0, 0, 0, 1, 0, -2]
[0, 0, 0, 1, 1, -1, 0, -1, 0, 1, 0, -2, 0, 1, 0, 0, 1, 0, -2, -1, -2, 0]
[1, 1, 0, 0, 1, 0, -1, 0, 0, 0, 1, -1, 0, 0, 0, 0, 0, 1, 0, 0, 0, -2]
[-1, 0, -1, 0, 0, -1, 1, 1, 0, -1, 0, -1, 1, 1, -1, 0, 1, -1, -2, 0, -2, 0]
[0, 1, 0, -1, 0, -1, 0, 2, 0, -1, 1, 0, 1, 0, -1, 0, 0, 0, 0, 0, 0, -2]
[0, 0, -1, 1, 1, 0, 0, -1, 0, 0, 0, -2, 0, 1, 0, 0, 1, 0, -2, 0, -2, 0]
[1, 2, 0, -1, 0, -1, -1, 1, 1, -1, 0, 0, 2, 1, -1, 0, -1, 0, 0, 1, 0, -1]
[-1, -1, -1, 1, 1, 0, 1, 0, -1, 0, 1, -2, -1, 0, 0, 0, 2, 0, -2, -1, -2, -1]
[0, 1, -1, -1, 1, 0, -1, 1, -1, 0, 1, -1, 0, 0, 0, 0, 1, 0, -1, 0, -1, -1]
[0, 0, 0, 1, 0, -1, 1, 0, 1, -1, 0, -1, 1, 1, -1, 0, 0, 0, -1, 0, -1, -1]
[0, 1, 0, -1, 1, 0, -1, 1, 0, -1, 1, 0, 1, 0, -1, 0, -1, 1, 0, 1, 1, -3]
[0, 0, -1, 1, 0, -1, 1, 0, 0, 0, 0, -2, 0, 1, 0, 0, 2, -1, -2, -1, -3, 1]
[0, 1, 0, -1, 0, -1, 0, 1, 0, -1, 0, 0, 2, 0, -1, 0, 0, 0, 0, 1, 0, -2]
[0, 0, -1, 1, 1, 0, 0, 0, 0, 0, 1, -2, -1, 1, 0, 0, 1, 0, -2, -1, -2, 0]
[1, 1, 0, -1, 1, 0, -1, 1, 0, -1, 2, -1, 1, 0, -1, 0, 0, 1, -1, 1, 0, -3]
[-1, 0, -1, 1, 0, -1, 1, 0, 0, 0, -1, -1, 0, 1, 0, 0, 1, -1, -1, -1, -2, 1]
[1, 2, 0, -1, 1, 0, -1, 1, 0, -1, 1, -1, 1, 0, -1, 1, 0, 0, -1, 1, 0, -2]
[-1, -1, -1, 1, 0, -1, 1, 0, 0, 0, 0, -1, 0, 1, 0, -1, 1, 0, -1, -1, -2, 0]
[1, 1, 0, 0, 2, 0, -1, 0, 0, 0, 2, -1, 0, -1, -1, 1, 1, 2, -2, 0, 0, -3]
[-1, 0, -1, 0, -1, -1, 1, 1, 0, -1, -1, -1, 1, 2, 0, -1, 0, -2, 0, 0, -2, 1]
[1, 1, 0, 0, 2, 0, -1, -1, 0, 1, 1, -2, 0, 0, 0, 0, 1, 1, -2, 0, -1, -2]
[-1, 0, -1, 0, -1, -1, 1, 2, 0, -2, 0, 0, 1, 1, -1, 0, 0, -1, 0, 0, -1, 0]
[0, 1, -1, -1, 1, 0, 0, 1, 0, -1, 1, -1, 1, 0, -1, 0, 1, 0, -2, 1, -1, -2]
[0, 0, 0, 1, 0, -1, 0, 0, 0, 0, 0, -1, 0, 1, 0, 0, 0, 0, 0, -1, -1, 0]
[0, 1, -1, 0, 1, 0, -1, 0, 0, 1, 0, -1, 0, 0, 0, 0, 1, 0, -2, 0, -1, -1]
[0, 0, 0, 0, 0, -1, 1, 1, 0, -2, 1, -1, 1, 1, -1, 0, 0, 0, 0, 0, -1, -1]
[0, 1, -1, -1, 3, 1, -1, 0, -1, 0, 2, -2, -1, 0, 0, 0, 1, 1, -2, 0, -1, -2]
[0, 0, 0, 1, -2, -2, 1, 1, 1, -1, -1, 0, 2, 1, -1, 0, 0, -1, 0, 0, -1, 0]
[0, 1, -1, -1, 1, 0, 0, 1, 0, 0, 0, 0, 1, 0, -1, 0, 0, 0, -1, 0, -1, -1]
[0, 0, 0, 1, 0, -1, 0, 0, 0, -1, 1, -2, 0, 1, 0, 0, 1, 0, -1, 0, -1, -1]
[1, 2, 0, 0, 1, -1, -1, 0, 1, 0, 1, -2, 0, 1, 0, 0, 1, 0, -2, 0, -1, -1]
[-1, -1, -1, 0, 0, 0, 1, 1, -1, -1, 0, 0, 1, 0, -1, 0, 0, 0, 0, 0, -1, -1]
[1, 1, -1, 0, 2, 1, -1, 0, 0, 0, 2, -2, -1, 0, 0, 0, 1, 1, -2, 0, -1, -2]
[-1, 0, 0, 0, -1, -2, 1, 1, 0, -1, -1, 0, 2, 1, -1, 0, 0, -1, 0, 0, -1, 0]
[0, 1, -1, 0, 1, 0, 0, 0, 0, 0, 0, -1, 0, 0, 0, 0, 1, 0, -1, 0, -1, -1]
[0, 0, 0, 0, 0, -1, 0, 1, 0, -1, 1, -1, 1, 1, -1, 0, 0, 0, -1, 0, -1, -1]
[1, 1, 0, 0, 2, 0, -1, 0, 0, 0, 2, -2, 0, 0, -1, 1, 1, 1, -3, 0, -1, -2]
[-1, 0, -1, 0, -1, -1, 1, 1, 0, -1, -1, 0, 1, 1, 0, -1, 0, -1, 1, 0, -1, 0]
[0, 1, 0, 0, 1, -1, 0, 0, 0, 0, 0, -1, 1, 0, -1, 1, 1, 0, -2, 0, -1, -1]
[0, 0, -1, 0, 0, 0, 0, 1, 0, -1, 1, -1, 0, 1, 0, -1, 0, 0, 0, 0, -1, -1]
[0, 1, 0, 0, -1, -2, 0, 1, 1, -1, 0, -1, 1, 2, 0, -1, 0, -1, 0, 0, -1, 0]
[0, 0, -1, 0, 2, 1, 0, 0, -1, 0, 1, -1, 0, -1, -1, 1, 1, 1, -2, 0, -1, -2]
[1, 1, 0, 1, 2, 0, -1, -1, 0, 0, 2, -3, -1, 0, 0, 1, 2, 1, -3, 0, -1, -2]
[-1, 0, -1, -1, -1, -1, 1, 2, 0, -1, -1, 1, 2, 1, -1, -1, -1, -1, 1, 0, -1, 0]
[1, 1, 0, 1, 0, -1, 0, 0, 1, 0, 0, -1, 1, 0, -1, 1, 1, 0, -2, 0, -1, -1]
[-1, 0, -1, -1, 1, 0, 0, 1, -1, -1, 1, -1, 0, 1, 0, -1, 0, 0, 0, 0, -1, -1]
[1, 1, 0, 0, 2, 0, 0, 0, 0, -1, 2, -2, 0, 0, -1, 1, 1, 1, -2, 0, -1, -2]
[-1, 0, -1, 0, -1, -1, 0, 1, 0, 0, -1, 0, 1, 1, 0, -1, 0, -1, 0, 0, -1, 0]
[1, 1, 0, 1, 2, 0, -1, -1, 0, 1, 1, -2, -1, 0, 0, 1, 1, 1, -2, -1, -1, -1]
[-1, 0, -1, -1, -1, -1, 1, 2, 0, -2, 0, 0, 2, 1, -1, -1, 0, -1, 0, 1, -1, -1]
[0, 1, -1, 0, 1, 0, 0, 1, 0, -1, 1, -1, 0, 0, -1, 1, 1, 0, -2, 0, -1, -1]
[0, 0, 0, 0, 0, -1, 0, 0, 0, 0, 0, -1, 1, 1, 0, -1, 0, 0, 0, 0, -1, -1]
[0, 1, -1, -1, 1, 0, -1, 0, 0, 0, 0, -1, 1, 1, 0, -1, 0, 0, -1, 1, -1, -1]
[0, 0, 0, 1, 0, -1, 1, 1, 0, -1, 1, -1, 0, 0, -1, 1, 1, 0, -1, -1, -1, -1]
[1, 1, 0, 1, 0, -1, 0, 0, 1, -1, 0, -1, 1, 1, -1, 1, 0, 0, -1, 0, -1, 0]
[-1, 0, -1, -1, 1, 0, 0, 1, -1, 0, 1, -1, 0, 0, 0, -1, 1, 0, -1, 0, -1, -2]
[0, 1, 0, -1, 0, -1, 0, 1, 1, -1, 0, 0, 2, 1, -1, -1, -1, 0, 0, 1, 0, -2]
[0, 0, -1, 1, 1, 0, 0, 0, -1, 0, 1, -2, -1, 0, 0, 1, 2, 0, -2, -1, -2, 0]
[0, 1, -1, -1, 0, -1, 0, 1, 0, 0, 0, -1, 1, 1, 0, -1, 1, -1, -1, 0, -2, 0]
[0, 0, 0, 1, 1, 0, 0, 0, 0, -1, 1, -1, 0, 0, -1, 1, 0, 1, -1, 0, 0, -2]
[0, 1, 0, 0, 0, -1, 0, 1, 0, -1, 0, -1, 1, 1, -1, 1, 0, -1, -1, 0, -1, 0]
[0, 0, -1, 0, 1, 0, 0, 0, 0, 0, 1, -1, 0, 0, 0, -1, 1, 1, -1, 0, -1, -2]
[0, 1, -1, -1, 0, 0, 0, 1, 0, -1, 0, -1, 1, 1, 0, -1, 0, -1, 0, 1, -1, -1]
[0, 0, 0, 1, 1, -1, 0, 0, 0, 0, 1, -1, 0, 0, -1, 1, 1, 1, -2, -1, -1, -1]
[0, 1, -1, -1, 1, 0, -1, 1, 0, 0, 1, -1, 0, 1, 0, -1, 0, 0, -1, 0, -1, -1]
[0, 0, 0, 1, 0, -1, 1, 0, 0, -1, 0, -1, 1, 0, -1, 1, 1, 0, -1, 0, -1, -1]
[1, 0, 0, 1, 1, 0, 0, 0, 0, -1, 2, -2, 0, 0, -1, 1, 1, 1, -2, 0, -1, -2]
[-1, 1, -1, -1, 0, -1, 0, 1, 0, 0, -1, 0, 1, 1, 0, -1, 0, -1, 0, 0, -1, 0]
[1, 1, 1, 1, 0, -2, 0, 0, 1, -1, 1, -2, 1, 1, -1, 1, 1, 0, -2, 0, -1, -1]
[-1, 0, -2, -1, 1, 1, 0, 1, -1, 0, 0, 0, 0, 0, 0, -1, 0, 0, 0, 0, -1, -1]
[0, 1, -1, 0, 1, 0, -1, 0, 0, 0, 1, -2, -1, 1, 1, -1, 1, 0, -1, 0, -1, -1]
[0, 0, 0, 0, 0, -1, 1, 1, 0, -1, 0, 0, 2, 0, -2, 1, 0, 0, -1, 0, -1, -1]
[0, 1, -1, 0, -1, -1, 0, 1, 1, 0, -1, 0, 1, 1, 0, -1, 0, -1, 0, 0, -1, 0]
[0, 0, 0, 0, 2, 0, 0, 0, -1, -1, 2, -2, 0, 0, -1, 1, 1, 1, -2, 0, -1, -2]
[0, 1, -1, -1, 1, 0, 0, 1, 0, -1, 1, -1, 0, 1, 0, -1, 0, 0, 0, 0, -1, -1]
[0, 0, 0, 1, 0, -1, 0, 0, 0, 0, 0, -1, 1, 0, -1, 1, 1, 0, -2, 0, -1, -1]
[0, 1, -1, 0, 0, 0, 0, 1, 0, -1, 0, -1, 0, 1, 0, 0, 0, -1, 0, 0, -1, 0]
[0, 0, 0, 0, 1, -1, 0, 0, 0, 0, 1, -1, 1, 0, -1, 0, 1, 1, -2, 0, -1, -2]
[0, 1, 0, -1, 0, -1, 0, 1, 0, -1, 0, -1, 2, 1, -1, 0, 0, -1, -1, 1, -1, -1]
[0, 0, -1, 1, 1, 0, 0, 0, 0, 0, 1, -1, -1, 0, 0, 0, 1, 1, -1, -1, -1, -1]
[0, 1, -1, 0, 0, -1, 0, 1, 0, 0, 0, -1, 0, 1, 0, 0, 1, -1, -1, -1, -2, 1]
[0, 0, 0, 0, 1, 0, 0, 0, 0, -1, 1, -1, 1, 0, -1, 0, 0, 1, -1, 1, 0, -3]
[0, 1, 0, 0, 0, -1, 0, 1, 1, -1, 0, 0, 1, 1, -1, 0, -1, 0, 0, 0, 0, -1]
[0, 0, -1, 0, 1, 0, 0, 0, -1, 0, 1, -2, 0, 0, 0, 0, 2, 0, -2, 0, -2, -1]
[1, 1, 0, 0, 0, -1, 0, 0, 1, -1, 0, -1, 2, 1, -1, 0, 0, 0, -1, 1, -1, -1]
[-1, 0, -1, 0, 1, 0, 0, 1, -1, 0, 1, -1, -1, 0, 0, 0, 1, 0, -1, -1, -1, -1]
[0, 1, -1, 0, 1, 0, -1, 0, 0, 0, 0, -1, 0, 1, 0, 0, 0, 0, -1, 0, -1, 0]
[0, 0, 0, 0, 0, -1, 1, 1, 0, -1, 1, -1, 1, 0, -1, 0, 1, 0, -1, 0, -1, -2]
[1, 1, 0, 1, 0, -1, 0, 0, 1, -1, 1, -2, 0, 1, 0, 0, 1, 0, -1, 0, -1, -1]
[-1, 0, -1, -1, 1, 0, 0, 1, -1, 0, 0, 0, 1, 0, -1, 0, 0, 0, -1, 0, -1, -1]
[0, 1, 0, 0, 1, -1, -1, 0, 0, 0, 1, -2, 0, 1, 0, 0, 1, 0, -2, 0, -1, -1]
[0, 0, -1, 0, 0, 0, 1, 1, 0, -1, 0, 0, 1, 0, -1, 0, 0, 0, 0, 0, -1, -1]
[0, 1, 0, 0, -1, -2, 0, 1, 1, 0, -1, 0, 2, 1, -1, 0, 0, -1, -1, 0, -1, 0]
[0, 0, -1, 0, 2, 1, 0, 0, -1, -1, 2, -2, -1, 0, 0, 0, 1, 1, -1, 0, -1, -2]
[0, 1, 0, -1, 1, -1, 0, 1, 0, -1, 1, -1, 1, 1, -1, 0, 0, 0, -1, 0, -1, -1]
[0, 0, -1, 1, 0, 0, 0, 0, 0, 0, 0, -1, 0, 0, 0, 0, 1, 0, -1, 0, -1, -1]
[0, 1, 0, 0, -1, -2, 1, 1, 1, -1, -1, 0, 2, 1, -1, 0, 0, -1, 0, 0, -1, 0]
[0, 0, -1, 0, 2, 1, -1, 0, -1, 0, 2, -2, -1, 0, 0, 0, 1, 1, -2, 0, -1, -2]
[1, 1, 0, 0, 0, -1, 0, 1, 1, -1, 1, -1, 1, 1, -1, 0, 0, 0, -1, 0, -1, -1]
[-1, 0, -1, 0, 1, 0, 0, 0, -1, 0, 0, -1, 0, 0, 0, 0, 1, 0, -1, 0, -1, -1]
[1, 1, 0, 1, 0, -1, -1, -1, 1, 1, -1, -1, 1, 1, 0, 0, 0, 0, -1, 0, -1, 0]
[-1, 0, -1, -1, 1, 0, 1, 2, -1, -2, 2, -1, 0, 0, -1, 0, 1, 0, -1, 0, -1, -2]
[1, 1, 0, 0, 1, 0, -1, 0, 1, -1, 1, -1, 1, 1, -1, 0, -1, 1, -1, 1, 0, -2]
[-1, 0, -1, 0, 0, -1, 1, 1, -1, 0, 0, -1, 0, 0, 0, 0, 2, -1, -1, -1, -2, 0]
[0, 1, 0, 0, 0, -1, 0, 1, 0, -1, 1, -2, 0, 1, 0, 0, 1, -1, -1, 0, -1, -1]
[0, 0, -1, 0, 1, 0, 0, 0, 0, 0, 0, 0, 1, 0, -1, 0, 0, 1, -1, 0, -1, -1]
[0, 1, -1, 0, 0, -1, 0, 1, 0, -1, 1, -2, 0, 1, 0, 0, 2, -1, -2, 0, -2, 0]
[0, 0, 0, 0, 1, 0, 0, 0, 0, 0, 0, 0, 1, 0, -1, 0, -1, 1, 0, 0, 0, -2]
[0, 1, -1, -1, 0, 0, 0, 1, 0, -1, -1, 0, 2, 1, -1, 0, -1, -1, 0, 1, -1, 0]
[0, 0, 0, 1, 1, -1, 0, 0, 0, 0, 2, -2, -1, 0, 0, 0, 2, 1, -2, -1, -1, -2]
[0, 1, 0, 0, 1, -1, 0, 0, 0, -1, 1, -2, 0, 1, 0, 0, 1, 0, -1, 0, -1, -1]
[0, 0, -1, 0, 0, 0, 0, 1, 0, 0, 0, 0, 1, 0, -1, 0, 0, 0, -1, 0, -1, -1]
[0, 1, 0, 0, 0, -1, 0, 0, 1, -1, -1, 0, 2, 1, -1, 0, -1, 0, 0, 1, 0, -1]
[0, 0, -1, 0, 1, 0, 0, 1, -1, 0, 2, -2, -1, 0, 0, 0, 2, 0, -2, -1, -2, -1]
[0, 1, -1, -1, 1, 0, 0, 1, -1, -1, 1, -2, 0, 1, 0, 0, 1, -1, -1, 0, -2, 0]
[0, 0, 0, 1, 0, -1, 0, 0, 1, 0, 0, 0, 1, 0, -1, 0, 0, 1, -1, 0, 0, -2]
[0, 1, -1, 0, -1, -1, 0, 1, 1, -1, -1, 0, 2, 1, -1, 0, 0, -1, -1, 1, -1, 0]
[0, 0, 0, 0, 2, 0, 0, 0, -1, 0, 2, -2, -1, 0, 0, 0, 1, 1, -1, -1, -1, -2]
[0, 1, 0, 0, -1, -1, 0, 1, 1, -1, -1, 0, 2, 1, -1, 0, -1, -1, 0, 1, 0, -1]
[0, 0, -1, 0, 2, 0, 0, 0, -1, 0, 2, -2, -1, 0, 0, 0, 2, 1, -2, -1, -2, -1]
[1, 1, 0, 0, 2, 0, -1, 0, 0, -1, 3, -3, -1, 1, 0, 0, 1, 1, -2, 0, -1, -2]
[-1, 0, -1, 0, -1, -1, 1, 1, 0, 0, -2, 1, 2, 0, -1, 0, 0, -1, 0, 0, -1, 0]
[1, 1, 0, 1, 1, -1, -1, -1, 0, 1, 1, -3, -1, 1, 1, 0, 2, 0, -2, -1, -2, 0]
[-1, 0, -1, -1, 0, 0, 1, 2, 0, -2, 0, 1, 2, 0, -2, 0, -1, 0, 0, 1, 0, -2]
[1, 1, 0, 0, 2, 0, -1, -1, 0, 0, 1, -2, 0, 1, 0, 0, 0, 1, -1, 0, -1, -1]
[-1, 0, -1, 0, -1, -1, 1, 2, 0, -1, 0, 0, 1, 0, -1, 0, 1, -1, -1, 0, -1, -1]
[1, 0, 0, 1, 2, 0, -1, -1, 0, 1, 2, -2, -1, 0, 0, 0, 1, 2, -2, -1, -1, -2]
[-1, 1, -1, -1, -1, -1, 1, 2, 0, -2, -1, 0, 2, 1, -1, 0, 0, -2, 0, 1, -1, 0]
[1, 1, -1, 0, 1, 0, -1, 0, 0, 0, 1, -2, 0, 1, 0, 0, 1, 0, -2, 0, -2, 0]
[-1, 0, 0, 0, 0, -1, 1, 1, 0, -1, 0, 0, 1, 0, -1, 0, 0, 0, 0, 0, 0, -2]
[1, 1, 0, 0, 1, 0, -1, 0, 0, 0, 1, -2, 0, 1, 0, 0, 0, 0, -1, 0, -1, -1]
[-1, 0, -1, 0, 0, -1, 1, 1, 0, -1, 0, 0, 1, 0, -1, 0, 1, 0, -1, 0, -1, -1]
[0, 1, 0, 0, 0, -1, 0, 1, 1, -2, 1, -1, 1, 1, -1, 0, 0, 0, -1, 1, 0, -2]
[0, 0, -1, 0, 1, 0, 0, 0, -1, 1, 0, -1, 0, 0, 0, 0, 1, 0, -1, -1, -2, 0]
[0, 1, 0, 1, -1, -2, 0, 0, 1, 0, -1, -1, 1, 1, 0, 0, 1, -1, -1, 0, -1, 0]
[0, 0, -1, -1, 2, 1, 0, 1, -1, -1, 2, -1, 0, 0, -1, 0, 0, 1, -1, 0, -1, -2]
[1, 1, 0, 1, 1, -1, -1, -1, 1, 0, 1, -2, 0, 1, 0, 0, 1, 1, -2, 0, -1, -1]
[-1, 0, -1, -1, 0, 0, 1, 2, -1, -1, 0, 0, 1, 0, -1, 0, 0, -1, 0, 0, -1, -1]
[1, 1, 1, 1, 1, -1, -1, -1, 1, 0, 1, -2, 0, 1, 0, 0, 0, 1, -1, 0, 0, -2]
[-1, 0, -2, -1, 0, 0, 1, 2, -1, -1, 0, 0, 1, 0, -1, 0, 1, -1, -1, 0, -2, 0]
[1, 2, 0, 0, 0, -1, -1, 0, 1, -1, 0, -2, 1, 2, 0, 0, 0, -1, -1, 1, -1, 0]
[-1, -1, -1, 0, 1, 0, 1, 1, -1, 0, 1, 0, 0, -1, -1, 0, 1, 1, -1, -1, -1, -2]
[1, 1, 0, 1, 0, -1, -1, 0, 1, 0, 1, -2, 0, 1, 0, 0, 1, 0, -2, 0, -1, -1]
[-1, 0, -1, -1, 1, 0, 1, 1, -1, -1, 0, 0, 1, 0, -1, 0, 0, 0, 0, 0, -1, -1]
[0, 1, -1, -1, 0, 0, 0, 2, 0, -2, 1, -1, 1, 1, -1, 0, 0, -1, -1, 1, -1, -1]
[0, 0, 0, 1, 1, -1, 0, -1, 0, 1, 0, -1, 0, 0, 0, 0, 1, 1, -1, -1, -1, -1]
[0, 1, -1, 0, -1, -1, 0, 1, 0, 0, -1, -1, 1, 1, 0, 0, 1, -2, -1, 0, -2, 1]
[0, 0, 0, 0, 2, 0, 0, 0, 0, -1, 2, -1, 0, 0, -1, 0, 0, 2, -1, 0, 0, -3]
[0, 1, -1, 0, 0, -1, 0, 0, 0, 0, -1, -1, 1, 1, 0, 0, 1, -1, -1, 0, -2, 1]
[0, 0, 0, 0, 1, 0, 0, 1, 0, -1, 2, -1, 0, 0, -1, 0, 0, 1, -1, 0, 0, -3]
[0, 1, 0, 0, 0, -1, 0, 0, 0, 0, -1, -1, 1, 1, 0, 0, 0, -1, 0, 0, -1, 0]
[0, 0, -1, 0, 1, 0, 0, 1, 0, -1, 2, -1, 0, 0, -1, 0, 1, 1, -2, 0, -1, -2]
[0, 1, 0, -1, 1, 0, 0, 1, 0, -2, 1, -1, 1, 1, -1, 0, -1, 0, 0, 1, 0, -2]
[0, 0, -1, 1, 0, -1, 0, 0, 0, 1, 0, -1, 0, 0, 0, 0, 2, 0, -2, -1, -2, 0]
[0, 1, -1, -1, 1, 0, 0, 1, 0, -2, 1, -1, 1, 1, -1, 0, 0, 0, -1, 1, -1, -1]
[0, 0, 0, 1, 0, -1, 0, 0, 0, 1, 0, -1, 0, 0, 0, 0, 1, 0, -1, -1, -1, -1]

################
# DISCRIMINANT #
################

The discriminant has 6 components of degree 1, 4 components of degree 2, and 2 components of degree 3:
16*Z[0] - 5*Z[1] + Z[4]
2*Z[1] - 2*Z[4] + Z[5]
2*Z[1] - 2*Z[4] - Z[5]
32*Z[0] - 10*Z[1] + 16*Z[2] - 8*Z[3] + 2*Z[4] + Z[5]
32*Z[0] - 10*Z[1] - 16*Z[2] + 8*Z[3] + 2*Z[4] - Z[5]
4*Z[0]*Z[1] - 4*Z[0]*Z[4] + 2*Z[0]*Z[5] + Z[1]^2 - 2*Z[1]*Z[2] - 2*Z[1]*Z[3] + 2*Z[2]*Z[4] - Z[2]*Z[5] + Z[3]^2
4*Z[0]*Z[1] - 4*Z[0]*Z[4] + Z[1]^2
4*Z[0]*Z[1] - 4*Z[0]*Z[4] - 2*Z[0]*Z[5] + Z[1]^2 + 2*Z[1]*Z[2] + 2*Z[1]*Z[3] - 2*Z[2]*Z[4] - Z[2]*Z[5] + Z[3]^2
4*Z[0]*Z[1]^2 - 8*Z[0]*Z[1]*Z[4] + 4*Z[0]*Z[4]^2 - Z[0]*Z[5]^2 + Z[1]^3 - Z[1]^2*Z[4] + Z[1]*Z[3]^2 + Z[1]*Z[3]*Z[5] - Z[3]^2*Z[4]
64*Z[0]*Z[1] - 64*Z[0]*Z[4] - 20*Z[1]^2 + 24*Z[1]*Z[4] + 16*Z[3]^2 - 8*Z[3]*Z[5] - 4*Z[4]^2 + Z[5]^2
64*Z[0]^2*Z[1] - 64*Z[0]^2*Z[4] - 4*Z[0]*Z[1]^2 + 24*Z[0]*Z[1]*Z[4] + 16*Z[0]*Z[3]^2 - 8*Z[0]*Z[3]*Z[5] - 4*Z[0]*Z[4]^2 + Z[0]*Z[5]^2 - 5*Z[1]^3 + Z[1]^2*Z[4] - 16*Z[1]*Z[2]^2 - 8*Z[1]*Z[2]*Z[3] + 4*Z[1]*Z[2]*Z[5] + 3*Z[1]*Z[3]^2 - Z[1]*Z[3]*Z[5] + 16*Z[2]^2*Z[4] - 8*Z[2]*Z[3]*Z[4] + Z[3]^2*Z[4]
Z[1] - Z[4]

#############
# MONODROMY #
#############

Generators of the monodromy group on the second homology group:
[[1, 0, 0, 0, 0, 0, 0, 0, 0, 0, 0, 0, 0, 0, 0, 0, 0, 0, 0, 0, 0, 0], [0, 1, 0, 0, 0, 0, 0, 0, 0, 0, 0, 0, 0, 0, 0, 0, 0, 0, 0, 0, 0, 0], [0, 0, 1, 0, 0, 0, 0, 0, 0, 0, 0, 0, 0, 0, 0, 0, 0, 0, 0, 0, 0, 0], [0, 0, 0, 1, 0, 0, 0, 0, 0, 0, 0, 0, 0, 0, 0, 0, 0, 0, 0, 0, 0, 0], [0, 0, 0, 0, 1, 0, 0, 0, 0, 0, 0, 0, 0, 0, 0, 0, 0, 0, 0, 0, 0, 0], [0, 0, 0, 0, 0, 1, 0, 0, 0, 0, 0, 0, 0, 0, 0, 0, 0, 0, 0, 0, 0, 0], [0, 0, 0, 0, 0, 0, 1, 0, 0, 0, 0, 0, 0, 0, 0, 0, 0, 0, 0, 0, 0, 0], [0, 0, 0, 0, 0, 0, 0, 1, 0, 0, 0, 0, 0, 0, 0, 0, 0, 0, 0, 0, 0, 0], [0, 0, 0, 0, 0, 0, 0, 0, 1, 0, 0, 0, 0, 0, 0, 0, 0, 0, 0, 0, 0, 0], [0, 0, 0, 0, 0, 0, 0, 0, 0, 1, 0, 0, 0, 0, 0, 0, 0, 0, 0, 0, 0, 0], [0, 0, 0, 0, 0, 0, 0, 0, 0, 0, 1, 0, 0, 0, 0, 0, 0, 0, 0, 0, 0, 0], [0, 0, 0, 0, 0, 0, 0, 0, 0, 0, 0, 1, 0, 0, 0, 0, 0, 0, 0, 0, 0, 0], [0, 0, 0, 0, 0, 0, 0, 0, 0, 0, 0, 0, 1, 0, 0, 0, 0, 0, 0, 0, 0, 0], [0, 0, 0, 0, 0, 0, 0, 0, 0, 0, 0, 0, 0, 1, 0, 0, 0, 0, 0, 0, 0, 0], [0, 0, 0, 0, 0, 0, 0, 0, 0, 0, 0, 0, 0, 0, 1, 0, 0, 0, 0, 0, 0, 0], [0, 0, 0, 0, 0, 0, 0, 0, 0, 0, 0, 0, 0, 0, 0, 1, 0, 0, 0, 0, 0, 0], [0, 0, 0, 0, 0, 0, 0, 0, 0, 0, 0, 0, 0, 0, 0, 0, 1, 0, 0, 0, 0, 0], [0, 0, 0, 0, 0, 0, 0, 0, 0, 0, 0, 0, 0, 0, 0, 0, 0, 1, 0, 0, 0, 0], [0, 0, 0, 0, 0, 0, 0, 0, 0, 0, 0, 0, 0, 0, 0, 0, 0, 0, 1, 0, 0, 0], [0, 0, 0, 0, 0, 0, 0, 0, 0, 0, 0, 0, 0, 0, 0, 0, 0, 0, 0, 1, 0, 0], [0, 0, 0, 0, 0, 0, 0, 0, 0, 0, 0, 0, 0, 0, 0, 0, 0, 0, 0, 0, 1, 0], [0, 0, 0, 0, 0, 0, 0, 0, 0, 0, 0, 0, 0, 0, 0, 0, 0, 0, 0, 0, 0, 1]]
[[1, 0, 0, 0, 0, 0, 0, 0, 0, 0, 0, 0, 0, 0, 0, 0, 0, 0, 0, 0, 0, 0], [0, 1, 0, 0, 0, 0, 0, 0, 0, 0, 0, 0, 0, 0, 0, 0, 0, 0, 0, 0, 0, 0], [0, 0, 1, 0, 0, 0, 0, 0, 0, 0, 0, 0, 0, 0, 0, 0, 0, 0, 0, 0, 0, 0], [0, 0, 0, 1, 0, 0, 0, 0, 0, 0, 0, 0, 0, 0, 0, 0, 0, 0, 0, 0, 0, 0], [0, 0, 0, 0, 1, 0, 0, 0, 0, 0, 0, 0, 0, 0, 0, 0, 0, 0, 0, 0, 0, 0], [0, 0, 0, 0, 0, 1, 0, 0, 0, 0, 0, 0, 0, 0, 0, 0, 0, 0, 0, 0, 0, 0], [0, 0, 0, 0, 0, 0, 1, 0, 0, 0, 0, 0, 0, 0, 0, 0, 0, 0, 0, 0, 0, 0], [0, 0, 0, 0, 0, 0, 0, 1, 0, 0, 0, 0, 0, 0, 0, 0, 0, 0, 0, 0, 0, 0], [0, 0, 0, 0, 0, 0, 0, 0, 1, 0, 0, 0, 0, 0, 0, 0, 0, 0, 0, 0, 0, 0], [0, 0, 0, 0, 0, 0, 0, 0, 0, 1, 0, 0, 0, 0, 0, 0, 0, 0, 0, 0, 0, 0], [0, 0, 0, 0, 0, 0, 0, 0, 0, 0, 1, 0, 0, 0, 0, 0, 0, 0, 0, 0, 0, 0], [0, 0, 0, 0, 0, 0, 0, 0, 0, 0, 0, 1, 0, 0, 0, 0, 0, 0, 0, 0, 0, 0], [0, 0, 0, 0, 0, 0, 0, 0, 0, 0, 0, 0, 1, 0, 0, 0, 0, 0, 0, 0, 0, 0], [0, 0, 0, 0, 0, 0, 0, 0, 0, 0, 0, 0, 0, 1, 0, 0, 0, 0, 0, 0, 0, 0], [0, 0, 0, 0, 0, 0, 0, 0, 0, 0, 0, 0, 0, 0, 1, 0, 0, 0, 0, 0, 0, 0], [0, 0, 0, 0, 0, 0, 0, 0, 0, 0, 0, 0, 0, 0, 0, 1, 0, 0, 0, 0, 0, 0], [0, 0, 0, 0, 0, 0, 0, 0, 0, 0, 0, 0, 0, 0, 0, 0, 1, 0, 0, 0, 0, 0], [0, 0, 0, 0, 0, 0, 0, 0, 0, 0, 0, 0, 0, 0, 0, 0, 0, 1, 0, 0, 0, 0], [0, 0, 0, 0, 0, 0, 0, 0, 0, 0, 0, 0, 0, 0, 0, 0, 0, 0, 1, 0, 0, 0], [0, 0, 0, 0, 0, 0, 0, 0, 0, 0, 0, 0, 0, 0, 0, 0, 0, 0, 0, 1, 0, 0], [0, 0, 0, 0, 0, 0, 0, 0, 0, 0, 0, 0, 0, 0, 0, 0, 0, 0, 0, 0, 1, 0], [0, 0, 0, 0, 0, 0, 0, 0, 0, 0, 0, 0, 0, 0, 0, 0, 0, 0, 0, 0, 0, 1]]
[[1, 0, 0, 0, 0, 0, 0, 0, 0, 0, 0, 0, 0, 0, 0, 0, 0, 0, 0, 0, 0, 0], [0, 1, 0, 0, 0, 0, 0, 0, 0, 0, 0, 0, 0, 0, 0, 0, 0, 0, 0, 0, 0, 0], [0, 0, 1, 0, 0, 0, 0, 0, 0, 0, 0, 0, 0, 0, 0, 0, 0, 0, 0, 0, 0, 0], [0, 0, 0, 1, 0, 0, 0, 0, 0, 0, 0, 0, 0, 0, 0, 0, 0, 0, 0, 0, 0, 0], [0, 0, 0, 0, 1, 0, 0, 0, 0, 0, 0, 0, 0, 0, 0, 0, 0, 0, 0, 0, 0, 0], [0, 0, 0, 0, 0, 1, 0, 0, 0, 0, 0, 0, 0, 0, 0, 0, 0, 0, 0, 0, 0, 0], [0, 0, 0, 0, 0, 0, 1, 0, 0, 0, 0, 0, 0, 0, 0, 0, 0, 0, 0, 0, 0, 0], [0, 0, 0, 0, 0, 0, 0, 1, 0, 0, 0, 0, 0, 0, 0, 0, 0, 0, 0, 0, 0, 0], [0, 0, 0, 0, 0, 0, 0, 0, 1, 0, 0, 0, 0, 0, 0, 0, 0, 0, 0, 0, 0, 0], [0, 0, 0, 0, 0, 0, 0, 0, 0, 1, 0, 0, 0, 0, 0, 0, 0, 0, 0, 0, 0, 0], [0, 0, 0, 0, 0, 0, 0, 0, 0, 0, 1, 0, 0, 0, 0, 0, 0, 0, 0, 0, 0, 0], [0, 0, 0, 0, 0, 0, 0, 0, 0, 0, 0, 1, 0, 0, 0, 0, 0, 0, 0, 0, 0, 0], [0, 0, 0, 0, 0, 0, 0, 0, 0, 0, 0, 0, 1, 0, 0, 0, 0, 0, 0, 0, 0, 0], [0, 0, 0, 0, 0, 0, 0, 0, 0, 0, 0, 0, 0, 1, 0, 0, 0, 0, 0, 0, 0, 0], [0, 0, 0, 0, 0, 0, 0, 0, 0, 0, 0, 0, 0, 0, 1, 0, 0, 0, 0, 0, 0, 0], [0, 0, 0, 0, 0, 0, 0, 0, 0, 0, 0, 0, 0, 0, 0, 1, 0, 0, 0, 0, 0, 0], [0, 0, 0, 0, 0, 0, 0, 0, 0, 0, 0, 0, 0, 0, 0, 0, 1, 0, 0, 0, 0, 0], [0, 0, 0, 0, 0, 0, 0, 0, 0, 0, 0, 0, 0, 0, 0, 0, 0, 1, 0, 0, 0, 0], [0, 0, 0, 0, 0, 0, 0, 0, 0, 0, 0, 0, 0, 0, 0, 0, 0, 0, 1, 0, 0, 0], [0, 0, 0, 0, 0, 0, 0, 0, 0, 0, 0, 0, 0, 0, 0, 0, 0, 0, 0, 1, 0, 0], [0, 0, 0, 0, 0, 0, 0, 0, 0, 0, 0, 0, 0, 0, 0, 0, 0, 0, 0, 0, 1, 0], [0, 0, 0, 0, 0, 0, 0, 0, 0, 0, 0, 0, 0, 0, 0, 0, 0, 0, 0, 0, 0, 1]]
[[1, 0, 0, 0, 0, 0, 0, 0, 0, 0, 0, 0, 0, 0, 0, 0, 0, 0, 0, 0, 0, 0], [0, 1, 0, 0, 0, 0, 0, 0, 0, 0, 0, 0, 0, 0, 0, 0, 0, 0, 0, 0, 0, 0], [0, 0, 1, 0, 0, 0, 0, 0, 0, 0, 0, 0, 0, 0, 0, 0, 0, 0, 0, 0, 0, 0], [0, 0, 0, 1, 0, 0, 0, 0, 0, 0, 0, 0, 0, 0, 0, 0, 0, 0, 0, 0, 0, 0], [0, 0, 0, 0, 1, 0, 0, 0, 0, 0, 0, 0, 0, 0, 0, 0, 0, 0, 0, 0, 0, 0], [0, 0, 0, 0, 0, 1, 0, 0, 0, 0, 0, 0, 0, 0, 0, 0, 0, 0, 0, 0, 0, 0], [0, 0, 0, 0, 0, 0, 1, 0, 0, 0, 0, 0, 0, 0, 0, 0, 0, 0, 0, 0, 0, 0], [0, 0, 0, 0, 0, 0, 0, 1, 0, 0, 0, 0, 0, 0, 0, 0, 0, 0, 0, 0, 0, 0], [0, 0, 0, 0, 0, 0, 0, 0, 1, 0, 0, 0, 0, 0, 0, 0, 0, 0, 0, 0, 0, 0], [0, 0, 0, 0, 0, 0, 0, 0, 0, 1, 0, 0, 0, 0, 0, 0, 0, 0, 0, 0, 0, 0], [0, 0, 0, 0, 0, 0, 0, 0, 0, 0, 1, 0, 0, 0, 0, 0, 0, 0, 0, 0, 0, 0], [0, 0, 0, 0, 0, 0, 0, 0, 0, 0, 0, 1, 0, 0, 0, 0, 0, 0, 0, 0, 0, 0], [0, 0, 0, 0, 0, 0, 0, 0, 0, 0, 0, 0, 1, 0, 0, 0, 0, 0, 0, 0, 0, 0], [0, 0, 0, 0, 0, 0, 0, 0, 0, 0, 0, 0, 0, 1, 0, 0, 0, 0, 0, 0, 0, 0], [0, 0, 0, 0, 0, 0, 0, 0, 0, 0, 0, 0, 0, 0, 1, 0, 0, 0, 0, 0, 0, 0], [0, 0, 0, 0, 0, 0, 0, 0, 0, 0, 0, 0, 0, 0, 0, 1, 0, 0, 0, 0, 0, 0], [0, 0, 0, 0, 0, 0, 0, 0, 0, 0, 0, 0, 0, 0, 0, 0, 1, 0, 0, 0, 0, 0], [0, 0, 0, 0, 0, 0, 0, 0, 0, 0, 0, 0, 0, 0, 0, 0, 0, 1, 0, 0, 0, 0], [0, 0, 0, 0, 0, 0, 0, 0, 0, 0, 0, 0, 0, 0, 0, 0, 0, 0, 1, 0, 0, 0], [0, 0, 0, 0, 0, 0, 0, 0, 0, 0, 0, 0, 0, 0, 0, 0, 0, 0, 0, 1, 0, 0], [0, 0, 0, 0, 0, 0, 0, 0, 0, 0, 0, 0, 0, 0, 0, 0, 0, 0, 0, 0, 1, 0], [0, 0, 0, 0, 0, 0, 0, 0, 0, 0, 0, 0, 0, 0, 0, 0, 0, 0, 0, 0, 0, 1]]
[[1, 0, 0, 0, 0, 0, 0, 0, 0, 0, 0, 0, 0, 0, 0, 0, 0, 0, 0, 0, 0, 0], [0, 1, 0, 0, 0, 0, 0, 0, 0, 0, 0, 0, 0, 0, 0, 0, 0, 0, 0, 0, 0, 0], [0, 0, 1, 0, 0, 0, 0, 0, 0, 0, 0, 0, 0, 0, 0, 0, 0, 0, 0, 0, 0, 0], [0, 0, 0, 1, 0, 0, 0, 0, 0, 0, 0, 0, 0, 0, 0, 0, 0, 0, 0, 0, 0, 0], [0, 0, 0, 0, 1, 0, 0, 0, 0, 0, 0, 0, 0, 0, 0, 0, 0, 0, 0, 0, 0, 0], [0, 0, 0, 0, 0, 1, 0, 0, 0, 0, 0, 0, 0, 0, 0, 0, 0, 0, 0, 0, 0, 0], [0, 0, 0, 0, 0, 0, 1, 0, 0, 0, 0, 0, 0, 0, 0, 0, 0, 0, 0, 0, 0, 0], [0, 0, 0, 0, 0, 0, 0, 1, 0, 0, 0, 0, 0, 0, 0, 0, 0, 0, 0, 0, 0, 0], [0, 0, 0, 0, 0, 0, 0, 0, 1, 0, 0, 0, 0, 0, 0, 0, 0, 0, 0, 0, 0, 0], [0, 0, 0, 0, 0, 0, 0, 0, 0, 1, 0, 0, 0, 0, 0, 0, 0, 0, 0, 0, 0, 0], [0, 0, 0, 0, 0, 0, 0, 0, 0, 0, 1, 0, 0, 0, 0, 0, 0, 0, 0, 0, 0, 0], [0, 0, 0, 0, 0, 0, 0, 0, 0, 0, 0, 1, 0, 0, 0, 0, 0, 0, 0, 0, 0, 0], [0, 0, 0, 0, 0, 0, 0, 0, 0, 0, 0, 0, 1, 0, 0, 0, 0, 0, 0, 0, 0, 0], [0, 0, 0, 0, 0, 0, 0, 0, 0, 0, 0, 0, 0, 1, 0, 0, 0, 0, 0, 0, 0, 0], [0, 0, 0, 0, 0, 0, 0, 0, 0, 0, 0, 0, 0, 0, 1, 0, 0, 0, 0, 0, 0, 0], [0, 0, 0, 0, 0, 0, 0, 0, 0, 0, 0, 0, 0, 0, 0, 1, 0, 0, 0, 0, 0, 0], [0, 0, 0, 0, 0, 0, 0, 0, 0, 0, 0, 0, 0, 0, 0, 0, 1, 0, 0, 0, 0, 0], [0, 0, 0, 0, 0, 0, 0, 0, 0, 0, 0, 0, 0, 0, 0, 0, 0, 1, 0, 0, 0, 0], [0, 0, 0, 0, 0, 0, 0, 0, 0, 0, 0, 0, 0, 0, 0, 0, 0, 0, 1, 0, 0, 0], [0, 0, 0, 0, 0, 0, 0, 0, 0, 0, 0, 0, 0, 0, 0, 0, 0, 0, 0, 1, 0, 0], [0, 0, 0, 0, 0, 0, 0, 0, 0, 0, 0, 0, 0, 0, 0, 0, 0, 0, 0, 0, 1, 0], [0, 0, 0, 0, 0, 0, 0, 0, 0, 0, 0, 0, 0, 0, 0, 0, 0, 0, 0, 0, 0, 1]]
[[1, 0, 0, 0, 0, 0, 0, 0, 0, 0, 0, 0, 0, 0, 0, 0, 0, 0, 0, 0, 0, 0], [0, 1, 0, 0, 0, 0, 0, 0, 0, 0, 0, 0, 0, 0, 0, 0, 0, 0, 0, 0, 0, 0], [0, 0, 1, 0, 0, 0, 0, 0, 0, 0, 0, 0, 0, 0, 0, 0, 0, 0, 0, 0, 0, 0], [0, 0, 0, 1, 0, 0, 0, 0, 0, 0, 0, 0, 0, 0, 0, 0, 0, 0, 0, 0, 0, 0], [0, 0, 0, 0, 1, 0, 0, 0, 0, 0, 0, 0, 0, 0, 0, 0, 0, 0, 0, 0, 0, 0], [0, 0, 0, 0, 0, 1, 0, 0, 0, 0, 0, 0, 0, 0, 0, 0, 0, 0, 0, 0, 0, 0], [0, 0, 0, 0, 0, 0, 1, 0, 0, 0, 0, 0, 0, 0, 0, 0, 0, 0, 0, 0, 0, 0], [0, 0, 0, 0, 0, 0, 0, 1, 0, 0, 0, 0, 0, 0, 0, 0, 0, 0, 0, 0, 0, 0], [0, 0, 0, 0, 0, 0, 0, 0, 1, 0, 0, 0, 0, 0, 0, 0, 0, 0, 0, 0, 0, 0], [0, 0, 0, 0, 0, 0, 0, 0, 0, 1, 0, 0, 0, 0, 0, 0, 0, 0, 0, 0, 0, 0], [0, 0, 0, 0, 0, 0, 0, 0, 0, 0, 1, 0, 0, 0, 0, 0, 0, 0, 0, 0, 0, 0], [0, 0, 0, 0, 0, 0, 0, 0, 0, 0, 0, 1, 0, 0, 0, 0, 0, 0, 0, 0, 0, 0], [0, 0, 0, 0, 0, 0, 0, 0, 0, 0, 0, 0, 1, 0, 0, 0, 0, 0, 0, 0, 0, 0], [0, 0, 0, 0, 0, 0, 0, 0, 0, 0, 0, 0, 0, 1, 0, 0, 0, 0, 0, 0, 0, 0], [0, 0, 0, 0, 0, 0, 0, 0, 0, 0, 0, 0, 0, 0, 1, 0, 0, 0, 0, 0, 0, 0], [0, 0, 0, 0, 0, 0, 0, 0, 0, 0, 0, 0, 0, 0, 0, 1, 0, 0, 0, 0, 0, 0], [0, 0, 0, 0, 0, 0, 0, 0, 0, 0, 0, 0, 0, 0, 0, 0, 1, 0, 0, 0, 0, 0], [0, 0, 0, 0, 0, 0, 0, 0, 0, 0, 0, 0, 0, 0, 0, 0, 0, 1, 0, 0, 0, 0], [0, 0, 0, 0, 0, 0, 0, 0, 0, 0, 0, 0, 0, 0, 0, 0, 0, 0, 1, 0, 0, 0], [0, 0, 0, 0, 0, 0, 0, 0, 0, 0, 0, 0, 0, 0, 0, 0, 0, 0, 0, 1, 0, 0], [0, 0, 0, 0, 0, 0, 0, 0, 0, 0, 0, 0, 0, 0, 0, 0, 0, 0, 0, 0, 1, 0], [0, 0, 0, 0, 0, 0, 0, 0, 0, 0, 0, 0, 0, 0, 0, 0, 0, 0, 0, 0, 0, 1]]
[[1, 0, 0, 0, 0, 0, 0, 0, 0, 0, 0, 0, 0, 0, 0, 0, 0, 0, 0, 0, 0, 0], [0, 1, 0, 0, 0, 0, 0, 0, 0, 0, 0, 0, 0, 0, 0, 0, 0, 0, 0, 0, 0, 0], [0, 0, 1, 0, 0, 0, 0, 0, 0, 0, 0, 0, 0, 0, 0, 0, 0, 0, 0, 0, 0, 0], [0, 0, 0, 1, 0, 0, 0, 0, 0, 0, 0, 0, 0, 0, 0, 0, 0, 0, 0, 0, 0, 0], [0, 0, 0, 0, 1, 0, 0, 0, 0, 0, 0, 0, 0, 0, 0, 0, 0, 0, 0, 0, 0, 0], [0, 0, 0, 0, 0, 1, 0, 0, 0, 0, 0, 0, 0, 0, 0, 0, 0, 0, 0, 0, 0, 0], [0, 0, 0, 0, 0, 0, 1, 0, 0, 0, 0, 0, 0, 0, 0, 0, 0, 0, 0, 0, 0, 0], [0, 0, 0, 0, 0, 0, 0, 1, 0, 0, 0, 0, 0, 0, 0, 0, 0, 0, 0, 0, 0, 0], [0, 0, 0, 0, 0, 0, 0, 0, 1, 0, 0, 0, 0, 0, 0, 0, 0, 0, 0, 0, 0, 0], [0, 0, 0, 0, 0, 0, 0, 0, 0, 1, 0, 0, 0, 0, 0, 0, 0, 0, 0, 0, 0, 0], [0, 0, 0, 0, 0, 0, 0, 0, 0, 0, 1, 0, 0, 0, 0, 0, 0, 0, 0, 0, 0, 0], [0, 0, 0, 0, 0, 0, 0, 0, 0, 0, 0, 1, 0, 0, 0, 0, 0, 0, 0, 0, 0, 0], [0, 0, 0, 0, 0, 0, 0, 0, 0, 0, 0, 0, 1, 0, 0, 0, 0, 0, 0, 0, 0, 0], [0, 0, 0, 0, 0, 0, 0, 0, 0, 0, 0, 0, 0, 1, 0, 0, 0, 0, 0, 0, 0, 0], [0, 0, 0, 0, 0, 0, 0, 0, 0, 0, 0, 0, 0, 0, 1, 0, 0, 0, 0, 0, 0, 0], [0, 0, 0, 0, 0, 0, 0, 0, 0, 0, 0, 0, 0, 0, 0, 1, 0, 0, 0, 0, 0, 0], [0, 0, 0, 0, 0, 0, 0, 0, 0, 0, 0, 0, 0, 0, 0, 0, 1, 0, 0, 0, 0, 0], [0, 0, 0, 0, 0, 0, 0, 0, 0, 0, 0, 0, 0, 0, 0, 0, 0, 1, 0, 0, 0, 0], [0, 0, 0, 0, 0, 0, 0, 0, 0, 0, 0, 0, 0, 0, 0, 0, 0, 0, 1, 0, 0, 0], [0, 0, 0, 0, 0, 0, 0, 0, 0, 0, 0, 0, 0, 0, 0, 0, 0, 0, 0, 1, 0, 0], [0, 0, 0, 0, 0, 0, 0, 0, 0, 0, 0, 0, 0, 0, 0, 0, 0, 0, 0, 0, 1, 0], [0, 0, 0, 0, 0, 0, 0, 0, 0, 0, 0, 0, 0, 0, 0, 0, 0, 0, 0, 0, 0, 1]]
[[1, 0, 0, 0, 0, 0, 0, 0, 0, 0, 0, 0, 0, 0, 0, 0, 0, 0, 0, 0, 0, 0], [0, 1, 0, 0, 0, 0, 0, 0, 0, 0, 0, 0, 0, 0, 0, 0, 0, 0, 0, 0, 0, 0], [0, 0, 1, 0, 0, 0, 0, 0, 0, 0, 0, 0, 0, 0, 0, 0, 0, 0, 0, 0, 0, 0], [0, 0, 0, 1, 0, 0, 0, 0, 0, 0, 0, 0, 0, 0, 0, 0, 0, 0, 0, 0, 0, 0], [0, 0, 0, 0, 1, 0, 0, 0, 0, 0, 0, 0, 0, 0, 0, 0, 0, 0, 0, 0, 0, 0], [0, 0, 0, 0, 0, 1, 0, 0, 0, 0, 0, 0, 0, 0, 0, 0, 0, 0, 0, 0, 0, 0], [0, 0, 0, 0, 0, 0, 1, 0, 0, 0, 0, 0, 0, 0, 0, 0, 0, 0, 0, 0, 0, 0], [0, 0, 0, 0, 0, 0, 0, 1, 0, 0, 0, 0, 0, 0, 0, 0, 0, 0, 0, 0, 0, 0], [0, 0, 0, 0, 0, 0, 0, 0, 1, 0, 0, 0, 0, 0, 0, 0, 0, 0, 0, 0, 0, 0], [0, 0, 0, 0, 0, 0, 0, 0, 0, 1, 0, 0, 0, 0, 0, 0, 0, 0, 0, 0, 0, 0], [0, 0, 0, 0, 0, 0, 0, 0, 0, 0, 1, 0, 0, 0, 0, 0, 0, 0, 0, 0, 0, 0], [0, 0, 0, 0, 0, 0, 0, 0, 0, 0, 0, 1, 0, 0, 0, 0, 0, 0, 0, 0, 0, 0], [0, 0, 0, 0, 0, 0, 0, 0, 0, 0, 0, 0, 1, 0, 0, 0, 0, 0, 0, 0, 0, 0], [0, 0, 0, 0, 0, 0, 0, 0, 0, 0, 0, 0, 0, 1, 0, 0, 0, 0, 0, 0, 0, 0], [0, 0, 0, 0, 0, 0, 0, 0, 0, 0, 0, 0, 0, 0, 1, 0, 0, 0, 0, 0, 0, 0], [0, 0, 0, 0, 0, 0, 0, 0, 0, 0, 0, 0, 0, 0, 0, 1, 0, 0, 0, 0, 0, 0], [0, 0, 0, 0, 0, 0, 0, 0, 0, 0, 0, 0, 0, 0, 0, 0, 1, 0, 0, 0, 0, 0], [0, 0, 0, 0, 0, 0, 0, 0, 0, 0, 0, 0, 0, 0, 0, 0, 0, 1, 0, 0, 0, 0], [0, 0, 0, 0, 0, 0, 0, 0, 0, 0, 0, 0, 0, 0, 0, 0, 0, 0, 1, 0, 0, 0], [0, 0, 0, 0, 0, 0, 0, 0, 0, 0, 0, 0, 0, 0, 0, 0, 0, 0, 0, 1, 0, 0], [0, 0, 0, 0, 0, 0, 0, 0, 0, 0, 0, 0, 0, 0, 0, 0, 0, 0, 0, 0, 1, 0], [0, 0, 0, 0, 0, 0, 0, 0, 0, 0, 0, 0, 0, 0, 0, 0, 0, 0, 0, 0, 0, 1]]
[[0, 0, 0, 0, 0, 0, -2, -1, 0, -1, 0, 0, 0, -1, -1, -1, 0, -1, 0, -1, 0, 0], [0, 1, 0, 0, 0, 0, 0, 0, 0, 0, 0, 0, 0, 0, 0, 0, 0, 0, 0, 0, 0, 0], [-1, 0, 1, 0, 0, 0, -2, -1, 0, -1, 0, 0, 0, -1, -1, -1, 0, -1, 0, -1, 0, 0], [0, -1, -1, 0, 0, -1, -1, 0, 0, 0, -1, -1, -1, 0, -1, 0, 0, 0, 0, 0, 1, 0], [0, 1, 1, 1, 1, 1, 1, 0, 0, 0, 1, 1, 1, 0, 1, 0, 0, 0, 0, 0, -1, 0], [1, 0, 0, 0, 0, 1, 2, 1, 0, 1, 0, 0, 0, 1, 1, 1, 0, 1, 0, 1, 0, 0], [-1, 0, 0, 0, 0, 0, -1, -1, 0, -1, 0, 0, 0, -1, -1, -1, 0, -1, 0, -1, 0, 0], [-1, 1, 1, 1, 0, 1, -1, 0, 0, -1, 1, 1, 1, -1, 0, -1, 0, -1, 0, -1, -1, 0], [0, -1, -1, -1, 0, -1, -1, 0, 1, 0, -1, -1, -1, 0, -1, 0, 0, 0, 0, 0, 1, 0], [2, -1, -1, -1, 0, -1, 3, 2, 0, 3, -1, -1, -1, 2, 1, 2, 0, 2, 0, 2, 1, 0], [0, 0, 0, 0, 0, 0, 0, 0, 0, 0, 1, 0, 0, 0, 0, 0, 0, 0, 0, 0, 0, 0], [-1, 1, 1, 1, 0, 1, -1, -1, 0, -1, 1, 2, 1, -1, 0, -1, 0, -1, 0, -1, -1, 0], [-1, 0, 0, 0, 0, 0, -2, -1, 0, -1, 0, 0, 1, -1, -1, -1, 0, -1, 0, -1, 0, 0], [0, 0, 0, 0, 0, 0, 0, 0, 0, 0, 0, 0, 0, 1, 0, 0, 0, 0, 0, 0, 0, 0], [2, -1, -1, -1, 0, -1, 3, 2, 0, 2, -1, -1, -1, 2, 2, 2, 0, 2, 0, 2, 1, 0], [-1, 0, 0, 0, 0, 0, -2, -1, 0, -1, 0, 0, 0, -1, -1, 0, 0, -1, 0, -1, 0, 0], [1, -1, -1, -1, 0, -1, 1, 1, 0, 1, -1, -1, -1, 1, 0, 1, 1, 1, 0, 1, 1, 0], [0, 0, 0, 0, 0, 0, 0, 0, 0, 0, 0, 0, 0, 0, 0, 0, 0, 1, 0, 0, 0, 0], [-1, 1, 1, 1, 0, 1, -1, -1, 0, -1, 1, 1, 1, -1, 0, -1, 0, -1, 1, -1, -1, 0], [-1, 1, 1, 1, 0, 1, -1, -1, 0, -1, 1, 1, 1, -1, 0, -1, 0, -1, 0, 0, -1, 0], [-1, 1, 1, 1, 0, 1, -1, -1, 0, -1, 1, 1, 1, -1, 0, -1, 0, -1, 0, -1, 0, 0], [1, -1, -1, -1, 0, -1, 1, 1, 0, 1, -1, -1, -1, 1, 0, 1, 0, 1, 0, 1, 1, 1]]
[[0, -1, 0, 0, 0, 0, -3, -1, 0, -1, 0, 0, 0, -1, -2, -1, 0, -2, 0, -2, 0, 0], [0, -1, 0, -1, -1, 0, -2, -1, 0, -1, -1, 0, -1, 0, -1, 1, 0, -1, 0, -1, -1, -1], [0, 0, 0, 0, 0, 0, -1, 0, 0, 0, -1, -1, -1, -1, -2, -1, 0, -1, 0, -1, 1, 0], [1, -1, -2, -2, -1, -3, 0, 0, 0, 1, -1, -2, -2, -1, -1, 0, -1, 1, 0, 1, 1, 0], [0, 0, 0, 1, 1, 0, 0, 0, 0, 1, 2, 0, 2, -1, -1, -1, -1, -1, 0, -1, 0, 1], [0, 0, 0, 0, 0, 0, 1, 0, 0, 1, 2, 0, 1, 0, 0, 0, -1, 0, 0, 0, 0, 1], [-1, 1, 1, 1, 1, 1, 0, 0, 0, -1, 0, 1, 1, 0, 1, -1, 1, 0, 0, 0, 0, 0], [-2, 2, 3, 4, 2, 4, -1, 1, 0, -2, 1, 3, 3, 1, 2, -1, 2, -1, 0, -1, -1, 0], [1, -2, -2, -3, -2, -2, -1, -1, 0, 0, -2, -2, -3, 0, -2, 1, 0, 0, 0, 0, 1, -1], [2, -2, -3, -4, -2, -4, 3, 0, 0, 3, -1, -3, -3, 1, 0, 3, -2, 3, 0, 3, 1, 0], [0, -1, -2, 0, 0, -1, -1, 0, 1, 1, 1, -2, 0, -2, -3, -1, -2, -1, 0, -1, 1, 1], [-2, 3, 4, 4, 2, 4, 0, 0, -1, -2, 2, 5, 3, 2, 3, -1, 3, -1, 0, -1, -1, 0], [-1, 1, 2, 1, 1, 2, -1, 0, 0, -2, -1, 2, 0, 1, 1, 0, 2, -1, 0, -1, -1, -1], [1, -1, 1, -1, -1, 1, -1, 0, 0, -1, -2, 1, -1, 1, 1, 1, 1, 0, 0, 0, -2, -2], [2, -2, -3, -3, -2, -3, 2, 0, 0, 2, -1, -3, -2, 0, 0, 2, -2, 2, 0, 2, 1, 0], [-1, 1, 0, 1, 1, 0, -1, 0, 0, 0, 1, 0, 1, -1, -1, -1, 0, -1, 0, -1, 1, 1], [1, -2, -4, -3, -1, -4, 1, 0, 1, 2, -1, -4, -2, -1, -2, 1, -2, 2, 0, 2, 2, 1], [0, 0, -1, 0, 0, -1, 0, 0, 0, 1, 1, -1, 0, -1, -2, -1, -1, 0, 0, -1, 1, 1], [-1, 1, 3, 2, 1, 3, -1, 0, 0, -2, 0, 3, 1, 1, 2, 0, 2, -1, 1, -1, -2, -1], [-1, 1, 2, 2, 1, 2, -1, 0, 0, -1, 1, 2, 1, 0, 0, -1, 1, -2, 0, -1, -1, 0], [-1, 1, 2, 2, 1, 2, -1, 0, 0, -1, 1, 2, 1, 0, 0, -1, 1, -2, 0, -2, 0, 0], [1, 0, 0, -1, -1, 0, 1, 0, -1, 0, -1, 0, 0, 1, 2, 1, 1, 2, 0, 2, 0, 0]]
[[-1, 1, 0, 1, 1, 0, -1, 0, 0, -1, 0, 0, 1, -1, 0, -1, 1, 0, 0, 0, 1, 1], [0, 1, 0, 0, 0, 0, 0, 0, 0, 0, 0, 0, 0, 0, 0, 0, 0, 0, 0, 0, 0, 0], [0, -1, -1, -1, 0, -1, -2, 0, 1, -1, -1, -2, -1, -2, -2, -1, 1, 0, 1, 0, 1, 1], [0, -1, -3, -2, -1, -3, 0, -2, 0, 0, 0, -3, -2, -2, -3, -1, -1, 0, 0, 1, 2, 1], [0, 1, 1, 2, 1, 1, 0, 1, 0, -1, -1, 1, 1, -1, 1, -1, 1, 0, -1, 0, 0, 0], [0, 1, 1, 1, 0, 1, 1, 0, -1, 0, 0, 1, 1, 0, 1, 0, 0, 0, -1, 0, 0, 0], [0, -1, 1, 0, 0, 1, -1, 0, 0, 0, 0, 1, 0, 1, 0, 0, 0, -1, 0, -1, -1, -1], [0, 1, 4, 2, 1, 3, 0, 2, -1, 0, 0, 4, 2, 3, 4, 1, 1, 0, 0, -1, -3, -2], [0, -1, -2, -2, 0, -2, -1, -1, 1, 0, 0, -2, -1, -1, -2, 0, 0, 0, 1, 0, 1, 1], [0, 0, -4, -2, -1, -3, 3, -1, 1, 2, 1, -4, -2, -2, -3, 0, -2, 1, 0, 2, 3, 2], [0, 1, 1, 1, 0, 0, -1, 0, -1, -2, -2, 1, 0, -1, 1, -1, 1, 0, -1, -1, 0, -1], [0, 0, 2, 1, 1, 2, 0, 1, 0, 1, 2, 3, 2, 2, 2, 1, 1, 0, 1, 0, -2, 0], [0, -1, 0, 0, 1, 1, -2, 1, 1, 0, 0, 0, 1, 1, 0, 1, 1, 0, 2, -1, -1, 0], [0, 0, 0, 0, 0, 0, 0, 0, 0, 0, 0, 0, 0, 1, 0, 0, 0, 0, 0, 0, 0, 0], [0, 0, -2, -1, -1, -2, 2, -1, 0, 1, 1, -2, -1, -1, -1, 0, -2, 0, -1, 1, 2, 1], [0, 0, 1, 0, 0, 1, -1, 0, 0, -1, -1, 1, 0, 0, 1, 0, 1, 0, 0, 0, -1, -1], [0, 0, -1, -1, -1, -1, 1, -1, 0, 0, -1, -1, -2, 0, -1, 0, -1, 0, -1, 0, 1, -1], [0, 0, -1, 0, 0, -1, -1, 0, 0, -1, -1, -1, 0, -2, -1, -1, 1, 1, 0, 0, 1, 1], [0, -1, 0, 0, 0, 0, -1, 0, 0, 1, 2, 0, 1, 0, -1, 0, 0, -1, 1, 0, 0, 1], [0, 0, 1, 1, 1, 1, -1, 1, 0, 0, 0, 1, 1, 1, 1, 1, 1, 0, 1, 0, -1, 0], [0, 0, 1, 1, 1, 1, -1, 1, 0, 0, 1, 1, 2, 0, 1, 0, 2, 0, 1, 0, 0, 1], [0, 0, 0, -1, -1, 0, 2, -1, 0, 1, 1, 0, -1, 1, 0, 0, -2, 0, -1, 1, 0, 0]]
[[1, 0, 0, 0, 0, 0, 0, 0, 0, 0, 0, 0, 0, 0, 0, 0, 0, 0, 0, 0, 0, 0], [0, 1, 0, 0, 0, 0, 0, 0, 0, 0, 0, 0, 0, 0, 0, 0, 0, 0, 0, 0, 0, 0], [0, 0, 1, 0, 0, 0, 0, 0, 0, 0, 0, 0, 0, 0, 0, 0, 0, 0, 0, 0, 0, 0], [0, 0, 0, 1, 0, 0, 0, 0, 0, 0, 0, 0, 0, 0, 0, 0, 0, 0, 0, 0, 0, 0], [0, 0, 0, 0, 1, 0, 0, 0, 0, 0, 0, 0, 0, 0, 0, 0, 0, 0, 0, 0, 0, 0], [0, 0, 0, 0, 0, 1, 0, 0, 0, 0, 0, 0, 0, 0, 0, 0, 0, 0, 0, 0, 0, 0], [0, 0, 0, 0, 0, 0, 1, 0, 0, 0, 0, 0, 0, 0, 0, 0, 0, 0, 0, 0, 0, 0], [0, 0, 0, 0, 0, 0, 0, 1, 0, 0, 0, 0, 0, 0, 0, 0, 0, 0, 0, 0, 0, 0], [0, 0, 0, 0, 0, 0, 0, 0, 1, 0, 0, 0, 0, 0, 0, 0, 0, 0, 0, 0, 0, 0], [0, 0, 0, 0, 0, 0, 0, 0, 0, 1, 0, 0, 0, 0, 0, 0, 0, 0, 0, 0, 0, 0], [0, 0, 0, 0, 0, 0, 0, 0, 0, 0, 1, 0, 0, 0, 0, 0, 0, 0, 0, 0, 0, 0], [0, 0, 0, 0, 0, 0, 0, 0, 0, 0, 0, 1, 0, 0, 0, 0, 0, 0, 0, 0, 0, 0], [0, 0, 0, 0, 0, 0, 0, 0, 0, 0, 0, 0, 1, 0, 0, 0, 0, 0, 0, 0, 0, 0], [0, 0, 0, 0, 0, 0, 0, 0, 0, 0, 0, 0, 0, 1, 0, 0, 0, 0, 0, 0, 0, 0], [0, 0, 0, 0, 0, 0, 0, 0, 0, 0, 0, 0, 0, 0, 1, 0, 0, 0, 0, 0, 0, 0], [0, 0, 0, 0, 0, 0, 0, 0, 0, 0, 0, 0, 0, 0, 0, 1, 0, 0, 0, 0, 0, 0], [0, 0, 0, 0, 0, 0, 0, 0, 0, 0, 0, 0, 0, 0, 0, 0, 1, 0, 0, 0, 0, 0], [0, 0, 0, 0, 0, 0, 0, 0, 0, 0, 0, 0, 0, 0, 0, 0, 0, 1, 0, 0, 0, 0], [0, 0, 0, 0, 0, 0, 0, 0, 0, 0, 0, 0, 0, 0, 0, 0, 0, 0, 1, 0, 0, 0], [0, 0, 0, 0, 0, 0, 0, 0, 0, 0, 0, 0, 0, 0, 0, 0, 0, 0, 0, 1, 0, 0], [0, 0, 0, 0, 0, 0, 0, 0, 0, 0, 0, 0, 0, 0, 0, 0, 0, 0, 0, 0, 1, 0], [0, 0, 0, 0, 0, 0, 0, 0, 0, 0, 0, 0, 0, 0, 0, 0, 0, 0, 0, 0, 0, 1]]
[[1, 0, 0, 0, 0, 0, 0, 0, 0, 0, 0, 0, 0, 0, 0, 0, 0, 0, 0, 0, 0, 0], [0, 1, 0, 0, 0, 0, 0, 0, 0, 0, 0, 0, 0, 0, 0, 0, 0, 0, 0, 0, 0, 0], [0, 0, 1, 0, 0, 0, 0, 0, 0, 0, 0, 0, 0, 0, 0, 0, 0, 0, 0, 0, 0, 0], [0, 0, 0, 1, 0, 0, 0, 0, 0, 0, 0, 0, 0, 0, 0, 0, 0, 0, 0, 0, 0, 0], [0, 0, 0, 0, 1, 0, 0, 0, 0, 0, 0, 0, 0, 0, 0, 0, 0, 0, 0, 0, 0, 0], [0, 0, 0, 0, 0, 1, 0, 0, 0, 0, 0, 0, 0, 0, 0, 0, 0, 0, 0, 0, 0, 0], [0, 0, 0, 0, 0, 0, 1, 0, 0, 0, 0, 0, 0, 0, 0, 0, 0, 0, 0, 0, 0, 0], [0, 0, 0, 0, 0, 0, 0, 1, 0, 0, 0, 0, 0, 0, 0, 0, 0, 0, 0, 0, 0, 0], [0, 0, 0, 0, 0, 0, 0, 0, 1, 0, 0, 0, 0, 0, 0, 0, 0, 0, 0, 0, 0, 0], [0, 0, 0, 0, 0, 0, 0, 0, 0, 1, 0, 0, 0, 0, 0, 0, 0, 0, 0, 0, 0, 0], [0, 0, 0, 0, 0, 0, 0, 0, 0, 0, 1, 0, 0, 0, 0, 0, 0, 0, 0, 0, 0, 0], [0, 0, 0, 0, 0, 0, 0, 0, 0, 0, 0, 1, 0, 0, 0, 0, 0, 0, 0, 0, 0, 0], [0, 0, 0, 0, 0, 0, 0, 0, 0, 0, 0, 0, 1, 0, 0, 0, 0, 0, 0, 0, 0, 0], [0, 0, 0, 0, 0, 0, 0, 0, 0, 0, 0, 0, 0, 1, 0, 0, 0, 0, 0, 0, 0, 0], [0, 0, 0, 0, 0, 0, 0, 0, 0, 0, 0, 0, 0, 0, 1, 0, 0, 0, 0, 0, 0, 0], [0, 0, 0, 0, 0, 0, 0, 0, 0, 0, 0, 0, 0, 0, 0, 1, 0, 0, 0, 0, 0, 0], [0, 0, 0, 0, 0, 0, 0, 0, 0, 0, 0, 0, 0, 0, 0, 0, 1, 0, 0, 0, 0, 0], [0, 0, 0, 0, 0, 0, 0, 0, 0, 0, 0, 0, 0, 0, 0, 0, 0, 1, 0, 0, 0, 0], [0, 0, 0, 0, 0, 0, 0, 0, 0, 0, 0, 0, 0, 0, 0, 0, 0, 0, 1, 0, 0, 0], [0, 0, 0, 0, 0, 0, 0, 0, 0, 0, 0, 0, 0, 0, 0, 0, 0, 0, 0, 1, 0, 0], [0, 0, 0, 0, 0, 0, 0, 0, 0, 0, 0, 0, 0, 0, 0, 0, 0, 0, 0, 0, 1, 0], [0, 0, 0, 0, 0, 0, 0, 0, 0, 0, 0, 0, 0, 0, 0, 0, 0, 0, 0, 0, 0, 1]]
[[1, 0, 0, 0, 0, 0, 0, 0, 0, 0, 0, 0, 0, 0, 0, 0, 0, 0, 0, 0, 0, 0], [0, 1, 0, 0, 0, 0, 0, 0, 0, 0, 0, 0, 0, 0, 0, 0, 0, 0, 0, 0, 0, 0], [0, 0, 1, 0, 0, 0, 0, 0, 0, 0, 0, 0, 0, 0, 0, 0, 0, 0, 0, 0, 0, 0], [0, 0, 0, 1, 0, 0, 0, 0, 0, 0, 0, 0, 0, 0, 0, 0, 0, 0, 0, 0, 0, 0], [0, 0, 0, 0, 1, 0, 0, 0, 0, 0, 0, 0, 0, 0, 0, 0, 0, 0, 0, 0, 0, 0], [0, 0, 0, 0, 0, 1, 0, 0, 0, 0, 0, 0, 0, 0, 0, 0, 0, 0, 0, 0, 0, 0], [0, 0, 0, 0, 0, 0, 1, 0, 0, 0, 0, 0, 0, 0, 0, 0, 0, 0, 0, 0, 0, 0], [0, 0, 0, 0, 0, 0, 0, 1, 0, 0, 0, 0, 0, 0, 0, 0, 0, 0, 0, 0, 0, 0], [0, 0, 0, 0, 0, 0, 0, 0, 1, 0, 0, 0, 0, 0, 0, 0, 0, 0, 0, 0, 0, 0], [0, 0, 0, 0, 0, 0, 0, 0, 0, 1, 0, 0, 0, 0, 0, 0, 0, 0, 0, 0, 0, 0], [0, 0, 0, 0, 0, 0, 0, 0, 0, 0, 1, 0, 0, 0, 0, 0, 0, 0, 0, 0, 0, 0], [0, 0, 0, 0, 0, 0, 0, 0, 0, 0, 0, 1, 0, 0, 0, 0, 0, 0, 0, 0, 0, 0], [0, 0, 0, 0, 0, 0, 0, 0, 0, 0, 0, 0, 1, 0, 0, 0, 0, 0, 0, 0, 0, 0], [0, 0, 0, 0, 0, 0, 0, 0, 0, 0, 0, 0, 0, 1, 0, 0, 0, 0, 0, 0, 0, 0], [0, 0, 0, 0, 0, 0, 0, 0, 0, 0, 0, 0, 0, 0, 1, 0, 0, 0, 0, 0, 0, 0], [0, 0, 0, 0, 0, 0, 0, 0, 0, 0, 0, 0, 0, 0, 0, 1, 0, 0, 0, 0, 0, 0], [0, 0, 0, 0, 0, 0, 0, 0, 0, 0, 0, 0, 0, 0, 0, 0, 1, 0, 0, 0, 0, 0], [0, 0, 0, 0, 0, 0, 0, 0, 0, 0, 0, 0, 0, 0, 0, 0, 0, 1, 0, 0, 0, 0], [0, 0, 0, 0, 0, 0, 0, 0, 0, 0, 0, 0, 0, 0, 0, 0, 0, 0, 1, 0, 0, 0], [0, 0, 0, 0, 0, 0, 0, 0, 0, 0, 0, 0, 0, 0, 0, 0, 0, 0, 0, 1, 0, 0], [0, 0, 0, 0, 0, 0, 0, 0, 0, 0, 0, 0, 0, 0, 0, 0, 0, 0, 0, 0, 1, 0], [0, 0, 0, 0, 0, 0, 0, 0, 0, 0, 0, 0, 0, 0, 0, 0, 0, 0, 0, 0, 0, 1]]
[[1, 1, -1, 1, 0, -2, 1, 0, -1, 1, 1, -1, -1, -2, -1, -1, -2, 0, 0, 2, 0, 1], [0, 1, 0, 0, 0, -1, 0, 0, 0, 0, 0, 0, -1, -1, 0, 0, -1, 0, 0, 1, -1, 0], [0, 2, -1, 2, 0, -3, 2, 0, -2, 2, 2, -2, -1, -3, -2, -2, -3, 0, 0, 3, 1, 2], [0, 0, 0, 1, 0, 0, 0, 0, 0, 0, 0, 0, 0, 0, 0, 0, 0, 0, 0, 0, 0, 0], [0, 1, -1, 1, 1, -1, 1, 0, -1, 1, 1, -1, 0, -1, -1, -1, -1, 0, 0, 1, 1, 1], [0, 0, 0, 0, 0, 1, 0, 0, 0, 0, 0, 0, 0, 0, 0, 0, 0, 0, 0, 0, 0, 0], [0, 0, 0, 0, 0, 0, 1, 0, 0, 0, 0, 0, 0, 0, 0, 0, 0, 0, 0, 0, 0, 0], [0, -1, 1, -1, 0, 2, -1, 1, 1, -1, -1, 1, 1, 2, 1, 1, 2, 0, 0, -2, 0, -1], [0, 1, -1, 1, 0, -2, 1, 0, 0, 1, 1, -1, -1, -2, -1, -1, -2, 0, 0, 2, 0, 1], [0, -1, 1, -1, 0, 1, -1, 0, 1, 0, -1, 1, 0, 1, 1, 1, 1, 0, 0, -1, -1, -1], [0, 1, -1, 1, 0, -1, 1, 0, -1, 1, 2, -1, 0, -1, -1, -1, -1, 0, 0, 1, 1, 1], [0, 0, 0, 0, 0, 0, 0, 0, 0, 0, 0, 1, 0, 0, 0, 0, 0, 0, 0, 0, 0, 0], [0, 0, 0, 0, 0, -1, 0, 0, 0, 0, 0, 0, 0, -1, 0, 0, -1, 0, 0, 1, -1, 0], [0, -1, 1, -1, 0, 1, -1, 0, 1, -1, -1, 1, 0, 2, 1, 1, 1, 0, 0, -1, -1, -1], [0, -1, 1, -1, 0, 2, -1, 0, 1, -1, -1, 1, 1, 2, 2, 1, 2, 0, 0, -2, 0, -1], [0, 1, -1, 1, 0, -1, 1, 0, -1, 1, 1, -1, 0, -1, -1, 0, -1, 0, 0, 1, 1, 1], [0, 0, 0, 0, 0, 0, 0, 0, 0, 0, 0, 0, 0, 0, 0, 0, 1, 0, 0, 0, 0, 0], [0, 1, -1, 1, 0, -1, 1, 0, -1, 1, 1, -1, 0, -1, -1, -1, -1, 1, 0, 1, 1, 1], [0, 0, 0, 0, 0, -1, 0, 0, 0, 0, 0, 0, -1, -1, 0, 0, -1, 0, 1, 1, -1, 0], [0, 0, 0, 0, 0, 0, 0, 0, 0, 0, 0, 0, 0, 0, 0, 0, 0, 0, 0, 1, 0, 0], [0, 1, -1, 1, 0, -2, 1, 0, -1, 1, 1, -1, -1, -2, -1, -1, -2, 0, 0, 2, 1, 1], [0, -1, 1, -1, 0, 2, -1, 0, 1, -1, -1, 1, 1, 2, 1, 1, 2, 0, 0, -2, 0, 0]]
[[1, 0, 0, 0, 0, 0, 0, 0, 0, 0, 0, 0, 0, 0, 0, 0, 0, 0, 0, 0, 0, 0], [0, 1, 0, 0, 0, 0, 0, 0, 0, 0, 0, 0, 0, 0, 0, 0, 0, 0, 0, 0, 0, 0], [0, 0, 1, 0, 0, 0, 0, 0, 0, 0, 0, 0, 0, 0, 0, 0, 0, 0, 0, 0, 0, 0], [0, 0, 0, 1, 0, 0, 0, 0, 0, 0, 0, 0, 0, 0, 0, 0, 0, 0, 0, 0, 0, 0], [0, 0, 0, 0, 1, 0, 0, 0, 0, 0, 0, 0, 0, 0, 0, 0, 0, 0, 0, 0, 0, 0], [0, 0, 0, 0, 0, 1, 0, 0, 0, 0, 0, 0, 0, 0, 0, 0, 0, 0, 0, 0, 0, 0], [0, 0, 0, 0, 0, 0, 1, 0, 0, 0, 0, 0, 0, 0, 0, 0, 0, 0, 0, 0, 0, 0], [0, 0, 0, 0, 0, 0, 0, 1, 0, 0, 0, 0, 0, 0, 0, 0, 0, 0, 0, 0, 0, 0], [0, 0, 0, 0, 0, 0, 0, 0, 1, 0, 0, 0, 0, 0, 0, 0, 0, 0, 0, 0, 0, 0], [0, 0, 0, 0, 0, 0, 0, 0, 0, 1, 0, 0, 0, 0, 0, 0, 0, 0, 0, 0, 0, 0], [0, 0, 0, 0, 0, 0, 0, 0, 0, 0, 1, 0, 0, 0, 0, 0, 0, 0, 0, 0, 0, 0], [0, 0, 0, 0, 0, 0, 0, 0, 0, 0, 0, 1, 0, 0, 0, 0, 0, 0, 0, 0, 0, 0], [0, 0, 0, 0, 0, 0, 0, 0, 0, 0, 0, 0, 1, 0, 0, 0, 0, 0, 0, 0, 0, 0], [0, 0, 0, 0, 0, 0, 0, 0, 0, 0, 0, 0, 0, 1, 0, 0, 0, 0, 0, 0, 0, 0], [0, 0, 0, 0, 0, 0, 0, 0, 0, 0, 0, 0, 0, 0, 1, 0, 0, 0, 0, 0, 0, 0], [0, 0, 0, 0, 0, 0, 0, 0, 0, 0, 0, 0, 0, 0, 0, 1, 0, 0, 0, 0, 0, 0], [0, 0, 0, 0, 0, 0, 0, 0, 0, 0, 0, 0, 0, 0, 0, 0, 1, 0, 0, 0, 0, 0], [0, 0, 0, 0, 0, 0, 0, 0, 0, 0, 0, 0, 0, 0, 0, 0, 0, 1, 0, 0, 0, 0], [0, 0, 0, 0, 0, 0, 0, 0, 0, 0, 0, 0, 0, 0, 0, 0, 0, 0, 1, 0, 0, 0], [0, 0, 0, 0, 0, 0, 0, 0, 0, 0, 0, 0, 0, 0, 0, 0, 0, 0, 0, 1, 0, 0], [0, 0, 0, 0, 0, 0, 0, 0, 0, 0, 0, 0, 0, 0, 0, 0, 0, 0, 0, 0, 1, 0], [0, 0, 0, 0, 0, 0, 0, 0, 0, 0, 0, 0, 0, 0, 0, 0, 0, 0, 0, 0, 0, 1]]
[[1, 1, 0, 1, 0, 0, 1, -1, -1, 0, 1, 1, 0, -1, 0, -1, -2, -1, -1, 0, -1, 0], [0, 0, 0, -1, 0, 0, 0, 0, 1, 0, -1, -1, -1, -1, -1, 0, -1, 0, 0, 0, -1, 0], [0, 3, 1, 3, 0, 0, 2, -2, -3, 0, 3, 3, 1, -1, 1, -2, -3, -2, -2, 0, -1, 0], [0, -2, -1, -1, 0, 0, -1, 1, 2, 1, -1, -2, 0, 0, -1, 2, 1, 1, 2, 0, 0, 0], [0, 2, 0, 2, 1, 0, 1, -1, -2, 0, 2, 2, 1, 0, 1, -1, -1, -1, -1, 0, 0, 0], [0, 0, 0, 0, 0, 1, 0, 0, 0, 0, 0, 0, 0, 1, 0, 0, 1, 0, 0, 0, 1, 0], [0, 2, 1, 2, 0, 0, 1, 0, -2, -1, 1, 2, 1, 0, 2, -1, 0, 0, -1, 0, 0, 0], [0, 2, 1, 2, 0, 0, 1, 0, -2, -1, 1, 2, 0, 0, 1, -2, -1, -1, -2, 0, 0, 0], [0, 0, 0, 0, 0, 0, 0, 0, 1, 0, 0, 0, 0, -1, 0, 0, -1, 0, 0, 0, -1, 0], [0, -4, -1, -4, 0, 0, -2, 2, 4, 2, -3, -4, -1, 1, -2, 3, 3, 2, 3, 0, 1, 0], [0, 0, -1, 0, 0, 0, 1, -1, 0, 1, 2, 0, 0, 0, -1, 0, -1, -1, 0, 0, 0, 0], [0, 3, 2, 3, 0, 0, 1, -1, -3, -2, 1, 4, 0, 0, 2, -3, -1, -1, -3, 0, 0, 0], [0, 3, 2, 3, 0, 0, 1, -1, -3, -2, 1, 3, 1, -1, 2, -3, -2, -1, -3, 0, -1, 0], [0, -1, 0, -1, 0, 0, -1, 1, 1, 0, -1, -1, 0, 0, 0, 1, 0, 1, 1, 0, -1, 0], [0, -5, -2, -5, 0, 0, -2, 2, 5, 2, -3, -5, -1, 1, -2, 4, 3, 2, 4, 0, 1, 0], [0, 1, 0, 1, 0, 0, 1, -1, -1, 0, 1, 1, 0, 0, 0, 0, -1, -1, -1, 0, 0, 0], [0, -2, -1, -2, 0, 0, -1, 1, 2, 1, -1, -2, 0, 0, -1, 2, 2, 1, 2, 0, 0, 0], [0, 0, -1, 0, 0, 0, 1, -1, 0, 1, 1, 0, 0, 1, -1, 0, 0, 0, 0, 0, 1, 0], [0, 3, 2, 3, 0, 0, 1, -1, -3, -2, 1, 3, 0, -1, 2, -3, -2, -1, -2, 0, -1, 0], [0, 2, 1, 2, 0, 0, 1, -1, -2, -1, 1, 2, 0, -1, 1, -2, -2, -1, -2, 1, -1, 0], [0, 3, 1, 3, 0, 0, 2, -2, -3, -1, 2, 3, 0, -1, 1, -3, -3, -2, -3, 0, 0, 0], [0, -3, -1, -3, 0, 0, -2, 2, 3, 1, -2, -3, 0, 1, -1, 3, 3, 2, 3, 0, 1, 1]]
[[1, 0, 0, 0, 0, 0, 0, 0, 0, 0, 0, 0, 0, 0, 0, 0, 0, 0, 0, 0, 0, 0], [0, 1, 0, 0, 0, 0, 0, 0, 0, 0, 0, 0, 0, 0, 0, 0, 0, 0, 0, 0, 0, 0], [0, 0, 1, 0, 0, 0, 0, 0, 0, 0, 0, 0, 0, 0, 0, 0, 0, 0, 0, 0, 0, 0], [0, 0, 0, 1, 0, 0, 0, 0, 0, 0, 0, 0, 0, 0, 0, 0, 0, 0, 0, 0, 0, 0], [0, 0, 0, 0, 1, 0, 0, 0, 0, 0, 0, 0, 0, 0, 0, 0, 0, 0, 0, 0, 0, 0], [0, 0, 0, 0, 0, 1, 0, 0, 0, 0, 0, 0, 0, 0, 0, 0, 0, 0, 0, 0, 0, 0], [0, 0, 0, 0, 0, 0, 1, 0, 0, 0, 0, 0, 0, 0, 0, 0, 0, 0, 0, 0, 0, 0], [0, 0, 0, 0, 0, 0, 0, 1, 0, 0, 0, 0, 0, 0, 0, 0, 0, 0, 0, 0, 0, 0], [0, 0, 0, 0, 0, 0, 0, 0, 1, 0, 0, 0, 0, 0, 0, 0, 0, 0, 0, 0, 0, 0], [0, 0, 0, 0, 0, 0, 0, 0, 0, 1, 0, 0, 0, 0, 0, 0, 0, 0, 0, 0, 0, 0], [0, 0, 0, 0, 0, 0, 0, 0, 0, 0, 1, 0, 0, 0, 0, 0, 0, 0, 0, 0, 0, 0], [0, 0, 0, 0, 0, 0, 0, 0, 0, 0, 0, 1, 0, 0, 0, 0, 0, 0, 0, 0, 0, 0], [0, 0, 0, 0, 0, 0, 0, 0, 0, 0, 0, 0, 1, 0, 0, 0, 0, 0, 0, 0, 0, 0], [0, 0, 0, 0, 0, 0, 0, 0, 0, 0, 0, 0, 0, 1, 0, 0, 0, 0, 0, 0, 0, 0], [0, 0, 0, 0, 0, 0, 0, 0, 0, 0, 0, 0, 0, 0, 1, 0, 0, 0, 0, 0, 0, 0], [0, 0, 0, 0, 0, 0, 0, 0, 0, 0, 0, 0, 0, 0, 0, 1, 0, 0, 0, 0, 0, 0], [0, 0, 0, 0, 0, 0, 0, 0, 0, 0, 0, 0, 0, 0, 0, 0, 1, 0, 0, 0, 0, 0], [0, 0, 0, 0, 0, 0, 0, 0, 0, 0, 0, 0, 0, 0, 0, 0, 0, 1, 0, 0, 0, 0], [0, 0, 0, 0, 0, 0, 0, 0, 0, 0, 0, 0, 0, 0, 0, 0, 0, 0, 1, 0, 0, 0], [0, 0, 0, 0, 0, 0, 0, 0, 0, 0, 0, 0, 0, 0, 0, 0, 0, 0, 0, 1, 0, 0], [0, 0, 0, 0, 0, 0, 0, 0, 0, 0, 0, 0, 0, 0, 0, 0, 0, 0, 0, 0, 1, 0], [0, 0, 0, 0, 0, 0, 0, 0, 0, 0, 0, 0, 0, 0, 0, 0, 0, 0, 0, 0, 0, 1]]
[[1, 0, 0, 0, 0, 0, 0, 0, 0, 0, 0, 0, 0, 0, 0, 0, 0, 0, 0, 0, 0, 0], [0, 1, 0, 0, 0, 0, 0, 0, 0, 0, 0, 0, 0, 0, 0, 0, 0, 0, 0, 0, 0, 0], [2, 0, 0, 0, 0, -1, 0, 0, -1, -1, -1, 0, -1, -1, 0, -1, 0, 0, 0, 0, 0, 0], [0, 0, 0, 1, 0, 0, 0, 0, 0, 0, 0, 0, 0, 0, 0, 0, 0, 0, 0, 0, 0, 0], [0, 0, 0, 0, 1, 0, 0, 0, 0, 0, 0, 0, 0, 0, 0, 0, 0, 0, 0, 0, 0, 0], [0, 0, 0, 0, 0, 0, 0, -1, -1, 0, 1, 1, 0, 0, 0, 0, -1, -1, -1, 0, 0, 0], [0, 0, 0, 0, 0, 0, 1, 0, 0, 0, 0, 0, 0, 0, 0, 0, 0, 0, 0, 0, 0, 0], [0, 0, 0, 0, 0, 0, 0, 1, 0, 0, 0, 0, 0, 0, 0, 0, 0, 0, 0, 0, 0, 0], [1, 0, -1, 0, 0, -1, 0, 0, 0, 0, 0, -1, 0, -1, -1, -1, 0, 0, 0, 0, 1, 1], [-1, 0, 1, 0, 0, 1, 0, 0, 1, 1, 0, 1, 0, 1, 1, 1, 0, 0, 0, 0, -1, -1], [0, 0, 0, 0, 0, 0, 0, 0, 0, 0, 1, 0, 0, 0, 0, 0, 0, 0, 0, 0, 0, 0], [1, 0, -1, 0, 0, -1, 0, 0, -1, 0, 0, 0, 0, -1, -1, -1, 0, 0, 0, 0, 1, 1], [2, 0, -1, 0, 0, -1, 0, 0, -1, -1, -1, 0, 0, -1, 0, -1, 0, 0, 0, 0, 0, 0], [0, 0, 0, 0, 0, 0, 0, 0, 0, 0, 0, 0, 0, 1, 0, 0, 0, 0, 0, 0, 0, 0], [-2, 0, 1, 0, 0, 1, 0, 0, 1, 1, 1, 0, 1, 1, 1, 1, 0, 0, 0, 0, 0, 0], [0, 0, 0, 0, 0, 1, 0, 1, 1, 0, -1, -1, 0, 0, 0, 1, 1, 1, 1, 0, 0, 0], [-1, 1, 1, 1, 0, 1, 1, 0, 0, 0, 0, 1, 0, 1, 1, 0, 0, 0, -1, 0, 0, -1], [0, -1, 0, -1, 0, 0, -1, 0, 1, 0, 0, 0, 0, 0, 0, 1, 1, 1, 1, 0, -1, 0], [1, 0, -1, 0, 0, -2, 0, -1, -2, 0, 1, 0, 0, -1, -1, -1, -1, -1, 0, 0, 1, 1], [1, 0, -1, 0, 0, -1, 0, 0, -1, 0, 0, -1, 0, -1, -1, -1, 0, 0, 0, 1, 1, 1], [1, -1, -1, -1, 0, -1, -1, 0, 0, 0, 0, -1, 0, -1, -1, 0, 1, 0, 1, 0, 1, 1], [-1, 1, 1, 1, 0, 1, 1, 0, 0, 0, 0, 1, 0, 1, 1, 0, -1, 0, -1, 0, 0, 0]]
[[0, -1, -1, -1, -1, 0, -1, 0, 2, 0, -1, -2, -2, -1, -3, 0, 0, 0, 1, 0, 0, 0], [0, 0, 0, 0, 0, 0, -1, 0, 1, -1, -1, 1, -1, 0, 0, 0, 0, 0, 0, -1, -1, -1], [0, -1, -2, 0, 0, -1, -1, 0, 1, 0, 0, -3, 0, -2, -3, -1, 0, 0, 1, 0, 2, 2], [-1, -1, 0, -2, -2, 0, -1, 0, 2, 1, -1, -3, -2, -1, -3, 1, 1, 1, 2, 2, -1, 0], [0, -2, -2, -2, -1, 0, -2, 0, 2, 0, -2, -4, -2, -2, -4, 0, 0, 0, 2, 0, 0, 0], [0, 0, 0, 0, 0, 1, 0, 0, 0, 0, 0, 0, 0, 0, 0, 0, 0, 0, 0, 0, 0, 0], [1, 1, 1, 1, 1, 0, 2, 0, -2, 0, 1, 2, 2, 1, 3, 0, 0, 0, -1, 0, 0, 0], [2, 2, 1, 4, 3, 0, 2, 1, -4, -1, 2, 5, 4, 2, 6, -1, -1, -1, -3, -2, 1, 0], [0, 0, 0, 0, 0, 0, 0, 0, 1, 0, 0, 0, 0, 0, 0, 0, 0, 0, 0, 0, 0, 0], [-2, -1, 0, -3, -2, 0, -1, 0, 3, 1, -1, -3, -3, -1, -3, 1, 1, 1, 2, 2, -1, 0], [0, -3, -2, -3, -2, 0, -3, 0, 3, 1, -2, -5, -3, -2, -6, 1, 0, 0, 3, 0, -1, 0], [1, 3, 1, 4, 3, 0, 3, 0, -4, -1, 3, 5, 4, 2, 6, -1, -1, -1, -3, -1, 2, 1], [1, 2, 1, 4, 3, 0, 2, 0, -3, -2, 2, 5, 4, 2, 6, -1, -1, -1, -3, -2, 1, 0], [1, 1, 1, 2, 1, 0, 1, 0, -2, -1, 1, 4, 2, 1, 4, -1, -1, -1, -3, -1, 0, -1], [-2, -1, 0, -3, -2, 0, -1, 0, 3, 2, -1, -3, -3, -1, -4, 1, 1, 1, 2, 2, -1, 0], [0, -1, -1, -1, -1, 0, -1, 0, 1, 0, -1, -2, -1, 0, -2, 1, 1, 1, 2, 0, 0, 0], [0, -1, 1, -2, -2, 1, -1, 0, 1, 0, -2, -1, -2, 0, -1, 1, 1, 0, 1, 0, -2, -2], [-1, -2, -2, -3, -2, 0, -2, 0, 3, 1, -2, -6, -3, -2, -6, 1, 0, 1, 3, 1, 0, 1], [0, 2, 0, 3, 3, -1, 2, 0, -2, 0, 3, 3, 3, 0, 3, -1, -1, -1, -2, 0, 2, 2], [1, 1, 0, 3, 2, 0, 1, 0, -2, -1, 1, 3, 2, 1, 3, -1, -1, -1, -2, -1, 1, 0], [0, -1, -2, 0, 1, -1, -1, 0, 1, 0, 0, -2, 0, -1, -2, 0, 0, 0, 1, 0, 2, 2], [0, 3, 3, 2, 0, 1, 3, 0, -3, 0, 2, 5, 2, 2, 5, -1, 0, 0, -3, 0, 0, -1]]
[[1, 0, 0, 0, 0, 0, 0, 0, 0, 0, 0, 0, 0, 0, 0, 0, 0, 0, 0, 0, 0, 0], [0, 1, 0, 0, 0, 0, 0, 0, 0, 0, 0, 0, 0, 0, 0, 0, 0, 0, 0, 0, 0, 0], [0, 0, 1, 0, 0, 0, 0, 0, 0, 0, 0, 0, 0, 0, 0, 0, 0, 0, 0, 0, 0, 0], [0, 0, 0, 1, 0, 0, 0, 0, 0, 0, 0, 0, 0, 0, 0, 0, 0, 0, 0, 0, 0, 0], [0, 0, 0, 0, 1, 0, 0, 0, 0, 0, 0, 0, 0, 0, 0, 0, 0, 0, 0, 0, 0, 0], [0, 0, 0, 0, 0, 1, 0, 0, 0, 0, 0, 0, 0, 0, 0, 0, 0, 0, 0, 0, 0, 0], [0, 0, 0, 0, 0, 0, 1, 0, 0, 0, 0, 0, 0, 0, 0, 0, 0, 0, 0, 0, 0, 0], [0, 0, 0, 0, 0, 0, 0, 1, 0, 0, 0, 0, 0, 0, 0, 0, 0, 0, 0, 0, 0, 0], [0, 0, 0, 0, 0, 0, 0, 0, 1, 0, 0, 0, 0, 0, 0, 0, 0, 0, 0, 0, 0, 0], [0, 0, 0, 0, 0, 0, 0, 0, 0, 1, 0, 0, 0, 0, 0, 0, 0, 0, 0, 0, 0, 0], [0, 0, 0, 0, 0, 0, 0, 0, 0, 0, 1, 0, 0, 0, 0, 0, 0, 0, 0, 0, 0, 0], [0, 0, 0, 0, 0, 0, 0, 0, 0, 0, 0, 1, 0, 0, 0, 0, 0, 0, 0, 0, 0, 0], [0, 0, 0, 0, 0, 0, 0, 0, 0, 0, 0, 0, 1, 0, 0, 0, 0, 0, 0, 0, 0, 0], [0, 0, 0, 0, 0, 0, 0, 0, 0, 0, 0, 0, 0, 1, 0, 0, 0, 0, 0, 0, 0, 0], [0, 0, 0, 0, 0, 0, 0, 0, 0, 0, 0, 0, 0, 0, 1, 0, 0, 0, 0, 0, 0, 0], [0, 0, 0, 0, 0, 0, 0, 0, 0, 0, 0, 0, 0, 0, 0, 1, 0, 0, 0, 0, 0, 0], [0, 0, 0, 0, 0, 0, 0, 0, 0, 0, 0, 0, 0, 0, 0, 0, 1, 0, 0, 0, 0, 0], [0, 0, 0, 0, 0, 0, 0, 0, 0, 0, 0, 0, 0, 0, 0, 0, 0, 1, 0, 0, 0, 0], [0, 0, 0, 0, 0, 0, 0, 0, 0, 0, 0, 0, 0, 0, 0, 0, 0, 0, 1, 0, 0, 0], [0, 0, 0, 0, 0, 0, 0, 0, 0, 0, 0, 0, 0, 0, 0, 0, 0, 0, 0, 1, 0, 0], [0, 0, 0, 0, 0, 0, 0, 0, 0, 0, 0, 0, 0, 0, 0, 0, 0, 0, 0, 0, 1, 0], [0, 0, 0, 0, 0, 0, 0, 0, 0, 0, 0, 0, 0, 0, 0, 0, 0, 0, 0, 0, 0, 1]]
[[1, 1, 0, 2, 1, -1, 1, 1, -1, 1, 1, 0, 0, -1, 0, -1, -1, 0, 0, 2, 0, 1], [0, 1, 0, 1, 0, 0, 0, 0, -1, 0, 0, 0, 0, 0, 0, 0, 0, 0, 0, 1, 0, 0], [0, 1, 1, 2, 1, -1, 1, 1, -1, 1, 1, 0, 0, -1, 0, -1, -1, 0, 0, 2, 0, 1], [0, 0, 0, 0, 0, 0, 0, 0, 1, 0, 0, 0, 0, 0, 0, 0, 0, 0, 0, -1, 0, 0], [0, 1, 0, 1, 2, -1, 1, 1, 0, 1, 1, 0, 0, -1, 0, -1, -1, 0, 0, 1, 0, 1], [0, 1, 0, 1, 1, 0, 1, 1, 0, 1, 1, 0, 0, -1, 0, -1, -1, 0, 0, 1, 0, 1], [0, 0, 0, 0, 0, 0, 1, 0, 0, 0, 0, 0, 0, 0, 0, 0, 0, 0, 0, 0, 0, 0], [0, -1, 0, -1, -1, 1, -1, 0, 0, -1, -1, 0, 0, 1, 0, 1, 1, 0, 0, -1, 0, -1], [0, 0, 0, 1, 0, 0, 0, 0, 0, 0, 0, 0, 0, 0, 0, 0, 0, 0, 0, 1, 0, 0], [0, -1, 0, -2, -1, 1, -1, -1, 1, 0, -1, 0, 0, 1, 0, 1, 1, 0, 0, -2, 0, -1], [0, 1, 0, 1, 1, -1, 1, 1, 0, 1, 2, 0, 0, -1, 0, -1, -1, 0, 0, 1, 0, 1], [0, 0, 0, 1, 0, 0, 0, 0, -1, 0, 0, 1, 0, 0, 0, 0, 0, 0, 0, 1, 0, 0], [0, 0, 0, 1, 0, 0, 0, 0, -1, 0, 0, 0, 1, 0, 0, 0, 0, 0, 0, 1, 0, 0], [0, -1, 0, -1, -1, 1, -1, -1, 0, -1, -1, 0, 0, 2, 0, 1, 1, 0, 0, -1, 0, -1], [0, -1, 0, -2, -1, 1, -1, -1, 1, -1, -1, 0, 0, 1, 1, 1, 1, 0, 0, -2, 0, -1], [0, 1, 0, 1, 1, -1, 1, 1, 0, 1, 1, 0, 0, -1, 0, 0, -1, 0, 0, 1, 0, 1], [0, 0, 0, -1, 0, 0, 0, 0, 1, 0, 0, 0, 0, 0, 0, 0, 1, 0, 0, -1, 0, 0], [0, 1, 0, 1, 1, -1, 1, 1, 0, 1, 1, 0, 0, -1, 0, -1, -1, 1, 0, 1, 0, 1], [0, 0, 0, 1, 0, 0, 0, 0, -1, 0, 0, 0, 0, 0, 0, 0, 0, 0, 1, 1, 0, 0], [0, 0, 0, 0, 0, 0, 0, 0, 0, 0, 0, 0, 0, 0, 0, 0, 0, 0, 0, 1, 0, 0], [0, 1, 0, 2, 1, -1, 1, 1, -1, 1, 1, 0, 0, -1, 0, -1, -1, 0, 0, 2, 1, 1], [0, -1, 0, -1, -1, 1, -1, -1, 0, -1, -1, 0, 0, 1, 0, 1, 1, 0, 0, -1, 0, 0]]
[[1, 0, 0, 0, 0, -1, 0, -1, -2, 0, 1, 1, 0, 0, 0, -1, -1, -1, -1, 0, 0, 0], [0, 0, 0, -1, -1, 0, 0, -1, -1, 0, 0, -1, 0, 0, -1, 0, 0, 0, 0, 0, 0, 0], [1, 2, 2, 2, 1, 0, 2, 0, -3, 0, 1, 4, 0, 1, 3, -1, -1, -1, -2, 1, -1, -1], [-2, -2, -2, -3, 0, -1, -2, -1, 4, 1, 0, -4, -1, -2, -4, 1, 0, 0, 3, -1, 0, 1], [1, 1, 1, 2, 1, -1, 1, 0, -2, 0, 2, 3, 1, 1, 2, -1, -1, -1, -2, 0, 0, 0], [1, 1, 1, 2, 0, 0, 1, 0, -2, 0, 2, 3, 1, 1, 2, -1, -1, -1, -2, 0, 0, 0], [0, 1, 0, 2, 1, 0, 0, 1, -1, -1, -1, 1, 0, 0, 1, -1, 0, 0, -1, 0, 1, 0], [1, 1, 1, 2, 0, 1, 1, 1, -2, -1, -1, 2, 0, 1, 2, -1, 0, 0, -2, 1, 0, -1], [0, 0, 0, 0, 0, 0, 0, 0, -1, 0, 0, 0, 0, 0, 0, 0, 0, 0, 0, 0, 0, 0], [-2, -3, -2, -4, -1, 0, -2, -1, 5, 2, 0, -5, 0, -1, -4, 3, 1, 1, 4, -1, 0, 1], [0, 0, 0, 0, 0, -1, 0, -1, 0, 0, 2, 1, 0, 0, 0, -1, -1, -1, -1, 0, 0, 0], [2, 2, 2, 3, 0, 1, 2, 1, -4, -1, -1, 4, 0, 1, 3, -2, 0, 0, -3, 1, 0, -1], [2, 3, 2, 4, 1, 1, 2, 2, -5, -1, -1, 4, 1, 1, 4, -2, 0, 0, -3, 1, 0, -1], [0, 0, 0, 0, 0, 1, 0, 1, 0, 0, -1, -1, 0, 1, 0, 1, 1, 1, 1, 0, 0, 0], [-2, -3, -2, -4, -1, 0, -2, -1, 5, 1, 0, -5, 0, -1, -3, 3, 1, 1, 4, -1, 0, 1], [0, 0, 0, -1, 0, -1, 0, -1, 0, 0, 0, 0, -1, -1, -1, -1, -1, -1, -1, 0, 0, 0], [-2, -1, -2, -1, 1, -1, -1, 0, 3, 1, 1, -3, 1, -1, -2, 1, 0, 1, 2, 0, 1, 2], [0, -1, 0, -2, -1, -1, -1, -2, 1, 0, 1, 1, -1, 0, -1, 0, 0, -1, 0, -1, -1, -1], [2, 2, 2, 3, 0, 1, 2, 1, -4, -1, -1, 3, 0, 1, 3, -2, 0, 0, -2, 1, 0, -1], [1, 1, 1, 1, 0, 0, 1, 1, -2, 0, 0, 1, 0, 0, 1, -1, 0, 0, -1, 1, 0, 0], [2, 2, 2, 2, 0, 0, 3, 0, -4, 0, 1, 4, 0, 1, 3, -2, -1, -1, -3, 1, 0, -1], [-1, -1, -1, -1, 0, 1, -1, 0, 2, 0, -1, -2, 0, 0, -1, 2, 1, 1, 2, 0, 0, 1]]
[[0, 0, 0, -1, 0, 0, 0, -1, 1, 0, -1, -1, -1, -1, -2, 0, 0, 0, 1, 0, -1, 0], [0, 0, -1, 0, 0, 0, 0, -1, 0, 0, 0, 0, 0, 0, -1, 0, 0, 0, 0, 0, 0, 0], [1, -1, 0, -1, 0, 0, 0, 0, 1, 0, -1, -1, -1, -1, -1, 0, 0, 0, 1, 0, -1, 0], [-1, -1, 0, -2, -1, 0, -2, 0, 3, 1, -1, -3, -2, -2, -4, 1, 0, 0, 3, 0, -2, 0], [-1, 1, 1, -1, 1, 0, 0, 0, 1, 0, -1, -1, -1, -1, -1, 0, 0, 0, 1, 0, -1, 0], [-1, 2, 1, 1, 1, 0, 1, 0, -1, 0, 1, 1, 1, 0, 1, -1, 0, 0, -1, 0, 1, 1], [1, 0, 0, 1, 0, 0, 1, 1, -1, 0, 1, 1, 1, 1, 2, 0, 0, 0, -1, 0, 1, 0], [1, 1, 0, 3, 1, 0, 2, 1, -3, -1, 1, 3, 2, 2, 4, -1, 0, 0, -3, 0, 2, 0], [1, -1, -1, 0, 0, 0, 0, 0, 0, 0, 0, 0, 1, 0, 1, 1, 0, 0, 0, 0, 0, 0], [-1, 0, 1, -1, -1, 1, -1, 0, 1, 1, -1, -1, -1, 0, -1, 1, 0, 0, 1, 0, -1, -1], [-2, 1, 1, -2, 0, 0, 0, -1, 2, 0, -1, -2, -2, -2, -3, 0, 0, 0, 2, 0, -2, 0], [2, 0, 0, 2, 0, 0, 1, 0, -3, -1, 1, 3, 1, 2, 3, -1, 0, -1, -3, 0, 2, 0], [3, 0, -1, 3, 1, 0, 2, 1, -3, -1, 1, 3, 3, 2, 5, -1, 0, 0, -3, 0, 2, 0], [1, 0, -1, 2, 1, 0, 1, 1, -2, 0, 1, 2, 3, 2, 4, 1, 0, 1, -1, 0, 1, 0], [-2, -1, 0, -2, -1, 0, -2, -1, 2, 1, 0, -2, -1, -1, -3, 1, 0, 0, 2, 0, -1, 0], [0, 0, 0, -1, 0, 0, 0, 0, 2, 0, -1, -1, -2, -1, -2, 0, 0, 0, 1, 0, -1, 0], [-1, 1, 1, 0, 0, 1, 1, 1, 1, 1, 0, 0, 0, 0, 1, 1, -1, 0, 0, 0, -1, -1], [-1, 0, 1, -3, -1, 0, -1, -1, 2, 0, -2, -3, -3, -2, -4, 0, 0, 0, 2, 0, -2, 0], [1, -1, -1, 1, 0, -1, 0, -1, -2, 0, 2, 1, 1, 1, 0, -1, 0, -1, -1, 0, 2, 1], [1, 0, -1, 1, 1, -1, 1, 0, -1, 0, 1, 1, 1, 0, 1, -1, 0, 0, -1, 1, 1, 1], [1, -1, -1, -1, 0, -1, 0, -1, 0, 0, 0, -1, -1, -1, -2, -1, 0, -1, 0, 0, 1, 1], [0, 0, 0, 2, 0, 1, 0, 1, -1, 0, 1, 2, 2, 2, 3, 1, 0, 1, -1, 0, 1, 0]]
[[1, 0, 0, 0, 0, 0, 0, 0, 0, 0, 0, 0, 0, 0, 0, 0, 0, 0, 0, 0, 0, 0], [0, 1, 0, 0, 0, 0, 0, 0, 0, 0, 0, 0, 0, 0, 0, 0, 0, 0, 0, 0, 0, 0], [0, 0, 1, 0, 0, 0, 0, 0, 0, 0, 0, 0, 0, 0, 0, 0, 0, 0, 0, 0, 0, 0], [0, 0, 0, 1, 0, 0, 0, 0, 0, 0, 0, 0, 0, 0, 0, 0, 0, 0, 0, 0, 0, 0], [0, 0, 0, 0, 1, 0, 0, 0, 0, 0, 0, 0, 0, 0, 0, 0, 0, 0, 0, 0, 0, 0], [0, 0, 0, 0, 0, 1, 0, 0, 0, 0, 0, 0, 0, 0, 0, 0, 0, 0, 0, 0, 0, 0], [0, 0, 0, 0, 0, 0, 1, 0, 0, 0, 0, 0, 0, 0, 0, 0, 0, 0, 0, 0, 0, 0], [0, 0, 0, 0, 0, 0, 0, 1, 0, 0, 0, 0, 0, 0, 0, 0, 0, 0, 0, 0, 0, 0], [0, 0, 0, 0, 0, 0, 0, 0, 1, 0, 0, 0, 0, 0, 0, 0, 0, 0, 0, 0, 0, 0], [0, 0, 0, 0, 0, 0, 0, 0, 0, 1, 0, 0, 0, 0, 0, 0, 0, 0, 0, 0, 0, 0], [0, 0, 0, 0, 0, 0, 0, 0, 0, 0, 1, 0, 0, 0, 0, 0, 0, 0, 0, 0, 0, 0], [0, 0, 0, 0, 0, 0, 0, 0, 0, 0, 0, 1, 0, 0, 0, 0, 0, 0, 0, 0, 0, 0], [0, 0, 0, 0, 0, 0, 0, 0, 0, 0, 0, 0, 1, 0, 0, 0, 0, 0, 0, 0, 0, 0], [0, 0, 0, 0, 0, 0, 0, 0, 0, 0, 0, 0, 0, 1, 0, 0, 0, 0, 0, 0, 0, 0], [0, 0, 0, 0, 0, 0, 0, 0, 0, 0, 0, 0, 0, 0, 1, 0, 0, 0, 0, 0, 0, 0], [0, 0, 0, 0, 0, 0, 0, 0, 0, 0, 0, 0, 0, 0, 0, 1, 0, 0, 0, 0, 0, 0], [0, 0, 0, 0, 0, 0, 0, 0, 0, 0, 0, 0, 0, 0, 0, 0, 1, 0, 0, 0, 0, 0], [0, 0, 0, 0, 0, 0, 0, 0, 0, 0, 0, 0, 0, 0, 0, 0, 0, 1, 0, 0, 0, 0], [0, 0, 0, 0, 0, 0, 0, 0, 0, 0, 0, 0, 0, 0, 0, 0, 0, 0, 1, 0, 0, 0], [0, 0, 0, 0, 0, 0, 0, 0, 0, 0, 0, 0, 0, 0, 0, 0, 0, 0, 0, 1, 0, 0], [0, 0, 0, 0, 0, 0, 0, 0, 0, 0, 0, 0, 0, 0, 0, 0, 0, 0, 0, 0, 1, 0], [0, 0, 0, 0, 0, 0, 0, 0, 0, 0, 0, 0, 0, 0, 0, 0, 0, 0, 0, 0, 0, 1]]
[[1, 0, 0, 0, 0, 0, 0, 0, 0, 0, 0, 0, 0, 0, 0, 0, 0, 0, 0, 0, 0, 0], [0, 1, 0, 0, 0, 0, 0, 0, 0, 0, 0, 0, 0, 0, 0, 0, 0, 0, 0, 0, 0, 0], [0, 0, 1, 0, 0, 0, 0, 0, 0, 0, 0, 0, 0, 0, 0, 0, 0, 0, 0, 0, 0, 0], [0, 0, 0, 1, 0, 0, 0, 0, 0, 0, 0, 0, 0, 0, 0, 0, 0, 0, 0, 0, 0, 0], [0, 0, 0, 0, 1, 0, 0, 0, 0, 0, 0, 0, 0, 0, 0, 0, 0, 0, 0, 0, 0, 0], [0, 0, 0, 0, 0, 1, 0, 0, 0, 0, 0, 0, 0, 0, 0, 0, 0, 0, 0, 0, 0, 0], [0, 0, 0, 0, 0, 0, 1, 0, 0, 0, 0, 0, 0, 0, 0, 0, 0, 0, 0, 0, 0, 0], [0, 0, 0, 0, 0, 0, 0, 1, 0, 0, 0, 0, 0, 0, 0, 0, 0, 0, 0, 0, 0, 0], [0, 0, 0, 0, 0, 0, 0, 0, 1, 0, 0, 0, 0, 0, 0, 0, 0, 0, 0, 0, 0, 0], [0, 0, 0, 0, 0, 0, 0, 0, 0, 1, 0, 0, 0, 0, 0, 0, 0, 0, 0, 0, 0, 0], [0, 0, 0, 0, 0, 0, 0, 0, 0, 0, 1, 0, 0, 0, 0, 0, 0, 0, 0, 0, 0, 0], [0, 0, 0, 0, 0, 0, 0, 0, 0, 0, 0, 1, 0, 0, 0, 0, 0, 0, 0, 0, 0, 0], [0, 0, 0, 0, 0, 0, 0, 0, 0, 0, 0, 0, 1, 0, 0, 0, 0, 0, 0, 0, 0, 0], [0, 0, 0, 0, 0, 0, 0, 0, 0, 0, 0, 0, 0, 1, 0, 0, 0, 0, 0, 0, 0, 0], [0, 0, 0, 0, 0, 0, 0, 0, 0, 0, 0, 0, 0, 0, 1, 0, 0, 0, 0, 0, 0, 0], [0, 0, 0, 0, 0, 0, 0, 0, 0, 0, 0, 0, 0, 0, 0, 1, 0, 0, 0, 0, 0, 0], [0, 0, 0, 0, 0, 0, 0, 0, 0, 0, 0, 0, 0, 0, 0, 0, 1, 0, 0, 0, 0, 0], [0, 0, 0, 0, 0, 0, 0, 0, 0, 0, 0, 0, 0, 0, 0, 0, 0, 1, 0, 0, 0, 0], [0, 0, 0, 0, 0, 0, 0, 0, 0, 0, 0, 0, 0, 0, 0, 0, 0, 0, 1, 0, 0, 0], [0, 0, 0, 0, 0, 0, 0, 0, 0, 0, 0, 0, 0, 0, 0, 0, 0, 0, 0, 1, 0, 0], [0, 0, 0, 0, 0, 0, 0, 0, 0, 0, 0, 0, 0, 0, 0, 0, 0, 0, 0, 0, 1, 0], [0, 0, 0, 0, 0, 0, 0, 0, 0, 0, 0, 0, 0, 0, 0, 0, 0, 0, 0, 0, 0, 1]]
[[-1, 1, 0, 1, 1, 0, -1, 0, 0, -1, 0, 0, 1, -1, 0, -1, 1, 0, 0, 0, 1, 1], [0, 1, 0, 0, 0, 0, 0, 0, 0, 0, 0, 0, 0, 0, 0, 0, 0, 0, 0, 0, 0, 0], [0, -1, -1, -1, 0, -1, -2, 0, 1, -1, -1, -2, -1, -2, -2, -1, 1, 0, 1, 0, 1, 1], [0, -1, -3, -2, -1, -3, 0, -2, 0, 0, 0, -3, -2, -2, -3, -1, -1, 0, 0, 1, 2, 1], [0, 1, 1, 2, 1, 1, 0, 1, 0, -1, -1, 1, 1, -1, 1, -1, 1, 0, -1, 0, 0, 0], [0, 1, 1, 1, 0, 1, 1, 0, -1, 0, 0, 1, 1, 0, 1, 0, 0, 0, -1, 0, 0, 0], [0, -1, 1, 0, 0, 1, -1, 0, 0, 0, 0, 1, 0, 1, 0, 0, 0, -1, 0, -1, -1, -1], [0, 1, 4, 2, 1, 3, 0, 2, -1, 0, 0, 4, 2, 3, 4, 1, 1, 0, 0, -1, -3, -2], [0, -1, -2, -2, 0, -2, -1, -1, 1, 0, 0, -2, -1, -1, -2, 0, 0, 0, 1, 0, 1, 1], [0, 0, -4, -2, -1, -3, 3, -1, 1, 2, 1, -4, -2, -2, -3, 0, -2, 1, 0, 2, 3, 2], [0, 1, 1, 1, 0, 0, -1, 0, -1, -2, -2, 1, 0, -1, 1, -1, 1, 0, -1, -1, 0, -1], [0, 0, 2, 1, 1, 2, 0, 1, 0, 1, 2, 3, 2, 2, 2, 1, 1, 0, 1, 0, -2, 0], [0, -1, 0, 0, 1, 1, -2, 1, 1, 0, 0, 0, 1, 1, 0, 1, 1, 0, 2, -1, -1, 0], [0, 0, 0, 0, 0, 0, 0, 0, 0, 0, 0, 0, 0, 1, 0, 0, 0, 0, 0, 0, 0, 0], [0, 0, -2, -1, -1, -2, 2, -1, 0, 1, 1, -2, -1, -1, -1, 0, -2, 0, -1, 1, 2, 1], [0, 0, 1, 0, 0, 1, -1, 0, 0, -1, -1, 1, 0, 0, 1, 0, 1, 0, 0, 0, -1, -1], [0, 0, -1, -1, -1, -1, 1, -1, 0, 0, -1, -1, -2, 0, -1, 0, -1, 0, -1, 0, 1, -1], [0, 0, -1, 0, 0, -1, -1, 0, 0, -1, -1, -1, 0, -2, -1, -1, 1, 1, 0, 0, 1, 1], [0, -1, 0, 0, 0, 0, -1, 0, 0, 1, 2, 0, 1, 0, -1, 0, 0, -1, 1, 0, 0, 1], [0, 0, 1, 1, 1, 1, -1, 1, 0, 0, 0, 1, 1, 1, 1, 1, 1, 0, 1, 0, -1, 0], [0, 0, 1, 1, 1, 1, -1, 1, 0, 0, 1, 1, 2, 0, 1, 0, 2, 0, 1, 0, 0, 1], [0, 0, 0, -1, -1, 0, 2, -1, 0, 1, 1, 0, -1, 1, 0, 0, -2, 0, -1, 1, 0, 0]]
[[1, -1, -2, -1, -1, -2, -1, -1, 0, 0, 0, -2, -2, -2, -4, -1, -1, -1, 0, 0, 1, 1], [0, 0, -1, 0, 0, -1, -1, 0, 0, 0, 0, -1, 0, -1, -2, -1, 0, 0, 0, -1, 1, 1], [1, 0, -1, -1, -1, -2, 0, -1, 0, 0, -1, -1, -4, -2, -4, -1, -1, -1, 0, 1, 0, 0], [1, 0, -1, -1, -2, -2, 0, -1, -1, 0, -1, -2, -3, -2, -3, -1, -1, 0, 0, 2, 0, 0], [0, -2, -2, -2, -1, -2, -2, -2, 0, 0, 0, -2, -2, -2, -4, 0, -2, -2, 0, 0, 0, 0], [0, -1, -1, -1, -1, -1, -1, -2, -1, 0, 1, 0, -1, 0, -2, 0, -1, -1, 0, 0, 0, 0], [0, 1, 2, 1, 1, 2, 2, 1, 0, 0, 0, 2, 2, 2, 4, 1, 1, 1, 0, 0, -1, -1], [-1, 1, 3, 3, 3, 4, 1, 3, 1, 0, 1, 4, 5, 4, 7, 2, 2, 1, 0, -2, -1, -1], [1, 0, 0, -1, -1, -1, 0, 0, 0, 0, -1, -1, -2, -1, -2, -1, 0, 0, 0, 0, 0, 0], [-1, 0, -2, -1, -1, -2, 0, -1, 0, 1, 1, -3, -1, -2, -3, -1, -1, 0, 0, 2, 2, 2], [1, -2, -2, -2, -2, -2, -2, -2, 0, 0, -1, -2, -4, -2, -5, 0, -3, -2, 0, 0, -1, -1], [-1, 2, 3, 2, 2, 3, 2, 2, 0, 0, 1, 3, 3, 3, 5, 1, 2, 1, 0, -1, 0, 0], [0, 2, 2, 2, 2, 2, 2, 2, 0, 0, 0, 2, 2, 2, 3, 0, 2, 1, 0, -1, 0, 0], [0, 0, 1, 1, 1, 2, 0, 2, 1, 0, 0, 1, 3, 1, 3, 0, 2, 1, 0, -1, 0, 0], [0, -1, -2, -1, -1, -2, -1, -1, 0, 0, 0, -2, -1, -2, -2, -1, -1, 0, 0, 1, 1, 1], [0, 0, 0, 0, 0, 0, 0, 0, 0, 0, 0, 0, 0, 0, 0, 1, 0, 0, 0, 0, 0, 0], [0, -1, -1, -1, -1, -1, -1, -1, 0, 0, -1, -2, -1, -1, -2, 0, -1, 0, 0, 1, 0, 0], [0, -1, -1, -2, -2, -1, -1, -2, 0, 0, 0, -1, -3, -1, -3, 1, -2, -2, 0, 0, -1, -1], [0, 1, 0, 1, 1, 0, 1, 1, 0, 0, 0, 0, 0, 0, 0, -1, 1, 1, 1, 0, 1, 1], [0, 0, 1, 1, 1, 1, 0, 1, 0, 0, 0, 1, 1, 1, 1, 0, 1, 0, 0, -1, 0, 0], [0, 0, 0, 0, 0, 0, 0, 0, 0, 0, 0, 0, -1, 0, -1, 0, 0, -1, 0, -1, 1, 0], [0, 1, 1, 1, 1, 1, 1, 1, 0, 0, 1, 2, 3, 1, 4, 0, 2, 2, 0, 1, 0, 1]]
[[1, 0, -1, 0, 0, -1, 0, 0, 0, 0, 0, -1, -1, -1, -2, -1, 0, 0, 0, 1, 1, 1], [0, 1, 0, 0, 0, 0, 0, 0, 0, 0, 0, 0, 0, 0, 0, 0, 0, 0, 0, 0, 0, 0], [0, 0, 0, 0, 0, -1, 0, 0, 0, 0, 0, -1, -1, -1, -2, -1, 0, 0, 0, 1, 1, 1], [0, 0, -1, 1, 0, -1, 0, 0, 0, 0, 0, -1, -1, -1, -2, -1, 0, 0, 0, 1, 1, 1], [0, 0, -1, 0, 1, -1, 0, 0, 0, 0, 0, -1, -1, -1, -2, -1, 0, 0, 0, 1, 1, 1], [1, 0, 0, 0, 0, 0, 0, 0, -1, 0, -1, 0, -2, 0, -2, -1, 0, 0, 0, 1, 0, 0], [0, 0, 1, 0, 0, 1, 1, 0, 0, 0, 0, 1, 1, 1, 2, 1, 0, 0, 0, -1, -1, -1], [0, 0, 2, 0, 0, 2, 0, 1, 0, 0, 0, 2, 2, 2, 4, 2, 0, 0, 0, -2, -2, -2], [0, 0, 0, 0, 0, 0, 0, 0, 1, 0, 0, 0, 0, 0, 0, 0, 0, 0, 0, 0, 0, 0], [-1, 0, -2, 0, 0, -1, 0, 0, 1, 1, 1, -2, 0, -2, -2, -1, 0, 0, 0, 1, 2, 2], [1, 0, 0, 0, 0, -1, 0, 0, -1, 0, 0, 0, -2, 0, -2, -1, 0, 0, 0, 1, 0, 0], [0, 0, 1, 0, 0, 1, 0, 0, 0, 0, 0, 2, 1, 1, 2, 1, 0, 0, 0, -1, -1, -1], [0, 0, 1, 0, 0, 1, 0, 0, 0, 0, 0, 1, 2, 1, 2, 1, 0, 0, 0, -1, -1, -1], [-1, 0, 0, 0, 0, 1, 0, 0, 1, 0, 1, 0, 2, 1, 2, 1, 0, 0, 0, -1, 0, 0], [0, 0, -1, 0, 0, -1, 0, 0, 0, 0, 0, -1, -1, -1, -1, -1, 0, 0, 0, 1, 1, 1], [0, 0, 0, 0, 0, 0, 0, 0, 0, 0, 0, 0, 0, 0, 0, 1, 0, 0, 0, 0, 0, 0], [0, 0, 0, 0, 0, 0, 0, 0, 0, 0, 0, 0, 0, 0, 0, 0, 1, 0, 0, 0, 0, 0], [0, 0, -1, 0, 0, -1, 0, 0, 0, 0, 0, -1, -1, -1, -2, -1, 0, 1, 0, 1, 1, 1], [0, 0, 0, 0, 0, 0, 0, 0, 0, 0, 0, 0, 0, 0, 0, 0, 0, 0, 1, 0, 0, 0], [0, 0, 1, 0, 0, 1, 0, 0, 0, 0, 0, 1, 1, 1, 2, 1, 0, 0, 0, 0, -1, -1], [0, 0, 0, 0, 0, 0, 0, 0, 0, 0, 0, 0, 0, 0, 0, 0, 0, 0, 0, 0, 1, 0], [0, 0, 0, 0, 0, 0, 0, 0, 0, 0, 0, 0, 0, 0, 0, 0, 0, 0, 0, 0, 0, 1]]
[[1, 0, 0, 0, 0, 0, 0, 0, 0, 0, 0, 0, 0, 0, 0, 0, 0, 0, 0, 0, 0, 0], [0, 1, 0, 0, 0, 0, 0, 0, 0, 0, 0, 0, 0, 0, 0, 0, 0, 0, 0, 0, 0, 0], [0, 0, 1, 0, 0, 0, 0, 0, 0, 0, 0, 0, 0, 0, 0, 0, 0, 0, 0, 0, 0, 0], [0, 0, 0, 1, 0, 0, 0, 0, 0, 0, 0, 0, 0, 0, 0, 0, 0, 0, 0, 0, 0, 0], [0, 0, 0, 0, 1, 0, 0, 0, 0, 0, 0, 0, 0, 0, 0, 0, 0, 0, 0, 0, 0, 0], [0, 0, 0, 0, 0, 1, 0, 0, 0, 0, 0, 0, 0, 0, 0, 0, 0, 0, 0, 0, 0, 0], [0, 0, 0, 0, 0, 0, 1, 0, 0, 0, 0, 0, 0, 0, 0, 0, 0, 0, 0, 0, 0, 0], [0, 0, 0, 0, 0, 0, 0, 1, 0, 0, 0, 0, 0, 0, 0, 0, 0, 0, 0, 0, 0, 0], [0, 0, 0, 0, 0, 0, 0, 0, 1, 0, 0, 0, 0, 0, 0, 0, 0, 0, 0, 0, 0, 0], [0, 0, 0, 0, 0, 0, 0, 0, 0, 1, 0, 0, 0, 0, 0, 0, 0, 0, 0, 0, 0, 0], [0, 0, 0, 0, 0, 0, 0, 0, 0, 0, 1, 0, 0, 0, 0, 0, 0, 0, 0, 0, 0, 0], [0, 0, 0, 0, 0, 0, 0, 0, 0, 0, 0, 1, 0, 0, 0, 0, 0, 0, 0, 0, 0, 0], [0, 0, 0, 0, 0, 0, 0, 0, 0, 0, 0, 0, 1, 0, 0, 0, 0, 0, 0, 0, 0, 0], [0, 0, 0, 0, 0, 0, 0, 0, 0, 0, 0, 0, 0, 1, 0, 0, 0, 0, 0, 0, 0, 0], [0, 0, 0, 0, 0, 0, 0, 0, 0, 0, 0, 0, 0, 0, 1, 0, 0, 0, 0, 0, 0, 0], [0, 0, 0, 0, 0, 0, 0, 0, 0, 0, 0, 0, 0, 0, 0, 1, 0, 0, 0, 0, 0, 0], [0, 0, 0, 0, 0, 0, 0, 0, 0, 0, 0, 0, 0, 0, 0, 0, 1, 0, 0, 0, 0, 0], [0, 0, 0, 0, 0, 0, 0, 0, 0, 0, 0, 0, 0, 0, 0, 0, 0, 1, 0, 0, 0, 0], [0, 0, 0, 0, 0, 0, 0, 0, 0, 0, 0, 0, 0, 0, 0, 0, 0, 0, 1, 0, 0, 0], [0, 0, 0, 0, 0, 0, 0, 0, 0, 0, 0, 0, 0, 0, 0, 0, 0, 0, 0, 1, 0, 0], [0, 0, 0, 0, 0, 0, 0, 0, 0, 0, 0, 0, 0, 0, 0, 0, 0, 0, 0, 0, 1, 0], [0, 0, 0, 0, 0, 0, 0, 0, 0, 0, 0, 0, 0, 0, 0, 0, 0, 0, 0, 0, 0, 1]]
[[1, 0, 0, 0, 0, 0, 0, 0, 0, 0, 0, 0, 0, 0, 0, 0, 0, 0, 0, 0, 0, 0], [0, 1, 0, 0, 0, 0, 0, 0, 0, 0, 0, 0, 0, 0, 0, 0, 0, 0, 0, 0, 0, 0], [0, 0, 1, 0, 0, 0, 0, 0, 0, 0, 0, 0, 0, 0, 0, 0, 0, 0, 0, 0, 0, 0], [0, 0, 0, 1, 0, 0, 0, 0, 0, 0, 0, 0, 0, 0, 0, 0, 0, 0, 0, 0, 0, 0], [0, 0, 0, 0, 1, 0, 0, 0, 0, 0, 0, 0, 0, 0, 0, 0, 0, 0, 0, 0, 0, 0], [0, 0, 0, 0, 0, 1, 0, 0, 0, 0, 0, 0, 0, 0, 0, 0, 0, 0, 0, 0, 0, 0], [0, 0, 0, 0, 0, 0, 1, 0, 0, 0, 0, 0, 0, 0, 0, 0, 0, 0, 0, 0, 0, 0], [0, 0, 0, 0, 0, 0, 0, 1, 0, 0, 0, 0, 0, 0, 0, 0, 0, 0, 0, 0, 0, 0], [0, 0, 0, 0, 0, 0, 0, 0, 1, 0, 0, 0, 0, 0, 0, 0, 0, 0, 0, 0, 0, 0], [0, 0, 0, 0, 0, 0, 0, 0, 0, 1, 0, 0, 0, 0, 0, 0, 0, 0, 0, 0, 0, 0], [0, 0, 0, 0, 0, 0, 0, 0, 0, 0, 1, 0, 0, 0, 0, 0, 0, 0, 0, 0, 0, 0], [0, 0, 0, 0, 0, 0, 0, 0, 0, 0, 0, 1, 0, 0, 0, 0, 0, 0, 0, 0, 0, 0], [0, 0, 0, 0, 0, 0, 0, 0, 0, 0, 0, 0, 1, 0, 0, 0, 0, 0, 0, 0, 0, 0], [0, 0, 0, 0, 0, 0, 0, 0, 0, 0, 0, 0, 0, 1, 0, 0, 0, 0, 0, 0, 0, 0], [0, 0, 0, 0, 0, 0, 0, 0, 0, 0, 0, 0, 0, 0, 1, 0, 0, 0, 0, 0, 0, 0], [0, 0, 0, 0, 0, 0, 0, 0, 0, 0, 0, 0, 0, 0, 0, 1, 0, 0, 0, 0, 0, 0], [0, 0, 0, 0, 0, 0, 0, 0, 0, 0, 0, 0, 0, 0, 0, 0, 1, 0, 0, 0, 0, 0], [0, 0, 0, 0, 0, 0, 0, 0, 0, 0, 0, 0, 0, 0, 0, 0, 0, 1, 0, 0, 0, 0], [0, 0, 0, 0, 0, 0, 0, 0, 0, 0, 0, 0, 0, 0, 0, 0, 0, 0, 1, 0, 0, 0], [0, 0, 0, 0, 0, 0, 0, 0, 0, 0, 0, 0, 0, 0, 0, 0, 0, 0, 0, 1, 0, 0], [0, 0, 0, 0, 0, 0, 0, 0, 0, 0, 0, 0, 0, 0, 0, 0, 0, 0, 0, 0, 1, 0], [0, 0, 0, 0, 0, 0, 0, 0, 0, 0, 0, 0, 0, 0, 0, 0, 0, 0, 0, 0, 0, 1]]
[[1, 0, 0, 0, 0, 0, 0, 0, 0, 0, 0, 0, 0, 0, 0, 0, 0, 0, 0, 0, 0, 0], [0, 1, 0, 0, 0, 0, 0, 0, 0, 0, 0, 0, 0, 0, 0, 0, 0, 0, 0, 0, 0, 0], [0, 0, 1, 0, 0, 0, 0, 0, 0, 0, 0, 0, 0, 0, 0, 0, 0, 0, 0, 0, 0, 0], [0, 0, 0, 1, 0, 0, 0, 0, 0, 0, 0, 0, 0, 0, 0, 0, 0, 0, 0, 0, 0, 0], [0, 0, 0, 0, 1, 0, 0, 0, 0, 0, 0, 0, 0, 0, 0, 0, 0, 0, 0, 0, 0, 0], [0, 0, 0, 0, 0, 1, 0, 0, 0, 0, 0, 0, 0, 0, 0, 0, 0, 0, 0, 0, 0, 0], [0, 0, 0, 0, 0, 0, 1, 0, 0, 0, 0, 0, 0, 0, 0, 0, 0, 0, 0, 0, 0, 0], [0, 0, 0, 0, 0, 0, 0, 1, 0, 0, 0, 0, 0, 0, 0, 0, 0, 0, 0, 0, 0, 0], [0, 0, 0, 0, 0, 0, 0, 0, 1, 0, 0, 0, 0, 0, 0, 0, 0, 0, 0, 0, 0, 0], [0, 0, 0, 0, 0, 0, 0, 0, 0, 1, 0, 0, 0, 0, 0, 0, 0, 0, 0, 0, 0, 0], [0, 0, 0, 0, 0, 0, 0, 0, 0, 0, 1, 0, 0, 0, 0, 0, 0, 0, 0, 0, 0, 0], [0, 0, 0, 0, 0, 0, 0, 0, 0, 0, 0, 1, 0, 0, 0, 0, 0, 0, 0, 0, 0, 0], [0, 0, 0, 0, 0, 0, 0, 0, 0, 0, 0, 0, 1, 0, 0, 0, 0, 0, 0, 0, 0, 0], [0, 0, 0, 0, 0, 0, 0, 0, 0, 0, 0, 0, 0, 1, 0, 0, 0, 0, 0, 0, 0, 0], [0, 0, 0, 0, 0, 0, 0, 0, 0, 0, 0, 0, 0, 0, 1, 0, 0, 0, 0, 0, 0, 0], [0, 0, 0, 0, 0, 0, 0, 0, 0, 0, 0, 0, 0, 0, 0, 1, 0, 0, 0, 0, 0, 0], [0, 0, 0, 0, 0, 0, 0, 0, 0, 0, 0, 0, 0, 0, 0, 0, 1, 0, 0, 0, 0, 0], [0, 0, 0, 0, 0, 0, 0, 0, 0, 0, 0, 0, 0, 0, 0, 0, 0, 1, 0, 0, 0, 0], [0, 0, 0, 0, 0, 0, 0, 0, 0, 0, 0, 0, 0, 0, 0, 0, 0, 0, 1, 0, 0, 0], [0, 0, 0, 0, 0, 0, 0, 0, 0, 0, 0, 0, 0, 0, 0, 0, 0, 0, 0, 1, 0, 0], [0, 0, 0, 0, 0, 0, 0, 0, 0, 0, 0, 0, 0, 0, 0, 0, 0, 0, 0, 0, 1, 0], [0, 0, 0, 0, 0, 0, 0, 0, 0, 0, 0, 0, 0, 0, 0, 0, 0, 0, 0, 0, 0, 1]]
[[1, 0, 0, 0, 0, 0, 0, 0, 0, 0, 0, 0, 0, 0, 0, 0, 0, 0, 0, 0, 0, 0], [0, 1, 0, 1, 1, 0, 1, 2, 0, 1, 0, -1, 1, 0, 1, 0, 0, 1, 0, 1, 1, 1], [0, 0, 1, -1, -1, 0, -1, -2, 0, -1, 0, 1, -1, 0, -1, 0, 0, -1, 0, -1, -1, -1], [0, 0, 0, -1, -2, 0, -2, -3, 0, -2, -1, 0, -2, -1, -3, -1, 0, -1, 0, -2, -1, -1], [0, 0, 0, -1, 0, 0, -1, -2, 0, -1, 0, 1, -1, 0, -1, 0, 0, -1, 0, -1, -1, -1], [0, 0, 0, 1, 1, 1, 1, 1, 0, 1, 1, 1, 1, 1, 2, 1, 0, 0, 0, 1, 0, 0], [0, 0, 0, 0, 0, 0, 1, 0, 0, 0, 0, 0, 0, 0, 0, 0, 0, 0, 0, 0, 0, 0], [0, 0, 0, 0, 0, 0, 0, 1, 0, 0, 0, 0, 0, 0, 0, 0, 0, 0, 0, 0, 0, 0], [0, 0, 0, 1, 1, 0, 1, 2, 1, 1, 0, -1, 1, 0, 1, 0, 0, 1, 0, 1, 1, 1], [0, 0, 0, 0, 0, 0, 0, 0, 0, 1, 0, 0, 0, 0, 0, 0, 0, 0, 0, 0, 0, 0], [0, 0, 0, -1, -1, 0, -1, -2, 0, -1, 1, 1, -1, 0, -1, 0, 0, -1, 0, -1, -1, -1], [0, 0, 0, 1, 1, 0, 1, 2, 0, 1, 0, 0, 1, 0, 1, 0, 0, 1, 0, 1, 1, 1], [0, 0, 0, 1, 1, 0, 1, 2, 0, 1, 0, -1, 2, 0, 1, 0, 0, 1, 0, 1, 1, 1], [0, 0, 0, 1, 1, 0, 1, 2, 0, 1, 0, -1, 1, 1, 1, 0, 0, 1, 0, 1, 1, 1], [0, 0, 0, 0, 0, 0, 0, 0, 0, 0, 0, 0, 0, 0, 1, 0, 0, 0, 0, 0, 0, 0], [0, 0, 0, 0, 0, 0, 0, 0, 0, 0, 0, 0, 0, 0, 0, 1, 0, 0, 0, 0, 0, 0], [0, 0, 0, 0, 0, 0, 0, 0, 0, 0, 0, 0, 0, 0, 0, 0, 1, 0, 0, 0, 0, 0], [0, 0, 0, 0, 0, 0, 0, -1, 0, 0, 1, 2, 0, 1, 1, 1, 0, 0, 0, 0, -1, -1], [0, 0, 0, -1, -1, 0, -1, -1, 0, -1, -1, -1, -1, -1, -2, -1, 0, 0, 1, -1, 0, 0], [0, 0, 0, -1, -1, 0, -1, -1, 0, -1, -1, -1, -1, -1, -2, -1, 0, 0, 0, 0, 0, 0], [0, 0, 0, 0, 0, 0, 0, 0, 0, 0, 0, 0, 0, 0, 0, 0, 0, 0, 0, 0, 1, 0], [0, 0, 0, 2, 2, 0, 2, 3, 0, 2, 1, 0, 2, 1, 3, 1, 0, 1, 0, 2, 1, 2]]
[[1, 0, 0, 0, 0, 0, 0, 0, 0, 0, 0, 0, 0, 0, 0, 0, 0, 0, 0, 0, 0, 0], [-1, 0, 0, 0, 1, 0, 0, 2, 2, 1, 0, -2, 1, -1, 1, 1, 0, 1, 1, 1, 0, 1], [1, 1, 1, 0, -1, 0, 0, -2, -2, -1, 0, 2, -1, 1, -1, -1, 0, -1, -1, -1, 0, -1], [1, 1, 1, 0, -1, 0, 1, -2, -2, -1, 0, 2, -1, 1, 0, -1, 0, 0, -1, 0, -1, -1], [2, 0, 0, 0, -1, 0, -2, -2, -2, -2, -2, 2, -2, 0, -2, -2, 0, -2, -2, -2, 0, -2], [1, 0, 0, 0, -1, 1, -1, -1, -1, -1, -1, 1, -1, 0, -1, -1, 0, -1, -1, -1, 0, -1], [0, 0, 0, 0, 0, 0, 1, 0, 0, 0, 0, 0, 0, 0, 0, 0, 0, 0, 0, 0, 0, 0], [0, 0, 0, 0, 0, 0, 0, 1, 0, 0, 0, 0, 0, 0, 0, 0, 0, 0, 0, 0, 0, 0], [-1, 0, 0, 0, 1, 0, 1, 1, 2, 1, 1, -1, 1, 0, 1, 1, 0, 1, 1, 1, 0, 1], [-1, 0, 0, 0, 1, 0, 1, 1, 1, 2, 1, -1, 1, 0, 1, 1, 0, 1, 1, 1, 0, 1], [2, 0, 0, 0, -2, 0, -2, -2, -2, -2, -1, 2, -2, 0, -2, -2, 0, -2, -2, -2, 0, -2], [-1, 0, 0, 0, 1, 0, 1, 1, 1, 1, 1, 0, 1, 0, 1, 1, 0, 1, 1, 1, 0, 1], [-1, 0, 0, 0, 1, 0, 0, 1, 1, 0, 0, -1, 1, 0, 0, 1, 0, 1, 1, 0, 0, 1], [-1, -1, 0, 0, 1, 0, 0, 2, 2, 1, 0, -2, 1, 0, 1, 1, 0, 1, 1, 1, 0, 1], [0, 0, 0, 0, 0, 0, 0, 0, 0, 0, 0, 0, 0, 0, 1, 0, 0, 0, 0, 0, 0, 0], [0, 0, 0, 0, 0, 0, 1, 0, 0, 1, 1, 0, 1, 0, 1, 1, 0, 0, 0, 1, 0, 0], [0, 0, 0, 0, 0, 0, 0, 0, 0, 0, 0, 0, 0, 0, 0, 0, 1, 0, 0, 0, 0, 0], [0, 0, -1, 1, 0, 0, 0, 0, 0, 1, 1, 0, 1, 0, 0, 0, 0, 0, 0, 0, 1, 0], [1, 0, 1, -1, -1, 0, -1, -1, -1, -2, -2, 1, -2, 0, -1, -1, 0, 0, 0, -1, -1, -1], [0, 0, 0, 0, 0, 0, -1, 0, 0, -1, -1, 0, -1, 0, -1, 0, 0, 0, 0, 0, 0, 0], [0, 0, 0, 0, 0, 0, 0, 0, 0, 0, 0, 0, 0, 0, 0, 0, 0, 0, 0, 0, 1, 0], [-1, 0, 0, 0, 1, 0, 2, 1, 1, 2, 2, -1, 2, 0, 2, 1, 0, 1, 1, 2, 0, 2]]
[[1, 0, 0, 0, 0, 0, 0, 0, 0, 0, 0, 0, 0, 0, 0, 0, 0, 0, 0, 0, 0, 0], [0, 1, 0, 0, 0, 0, 0, 0, 0, 0, 0, 0, 0, 0, 0, 0, 0, 0, 0, 0, 0, 0], [0, 0, 1, 0, 0, 0, 0, 0, 0, 0, 0, 0, 0, 0, 0, 0, 0, 0, 0, 0, 0, 0], [0, 0, 0, 1, 0, 0, 0, 0, 0, 0, 0, 0, 0, 0, 0, 0, 0, 0, 0, 0, 0, 0], [0, 0, 0, 0, 1, 0, 0, 0, 0, 0, 0, 0, 0, 0, 0, 0, 0, 0, 0, 0, 0, 0], [0, 0, 0, 0, 0, 1, 0, 0, 0, 0, 0, 0, 0, 0, 0, 0, 0, 0, 0, 0, 0, 0], [0, 0, 0, 0, 0, 0, 1, 0, 0, 0, 0, 0, 0, 0, 0, 0, 0, 0, 0, 0, 0, 0], [0, 0, 0, 0, 0, 0, 0, 1, 0, 0, 0, 0, 0, 0, 0, 0, 0, 0, 0, 0, 0, 0], [0, 0, 0, 0, 0, 0, 0, 0, 1, 0, 0, 0, 0, 0, 0, 0, 0, 0, 0, 0, 0, 0], [0, 0, 0, 0, 0, 0, 0, 0, 0, 1, 0, 0, 0, 0, 0, 0, 0, 0, 0, 0, 0, 0], [0, 0, 0, 0, 0, 0, 0, 0, 0, 0, 1, 0, 0, 0, 0, 0, 0, 0, 0, 0, 0, 0], [0, 0, 0, 0, 0, 0, 0, 0, 0, 0, 0, 1, 0, 0, 0, 0, 0, 0, 0, 0, 0, 0], [0, 0, 0, 0, 0, 0, 0, 0, 0, 0, 0, 0, 1, 0, 0, 0, 0, 0, 0, 0, 0, 0], [0, 0, 0, 0, 0, 0, 0, 0, 0, 0, 0, 0, 0, 1, 0, 0, 0, 0, 0, 0, 0, 0], [0, 0, 0, 0, 0, 0, 0, 0, 0, 0, 0, 0, 0, 0, 1, 0, 0, 0, 0, 0, 0, 0], [0, 0, 0, 0, 0, 0, 0, 0, 0, 0, 0, 0, 0, 0, 0, 1, 0, 0, 0, 0, 0, 0], [0, 0, 0, 0, 0, 0, 0, 0, 0, 0, 0, 0, 0, 0, 0, 0, 1, 0, 0, 0, 0, 0], [0, 0, 0, 0, 0, 0, 0, 0, 0, 0, 0, 0, 0, 0, 0, 0, 0, 1, 0, 0, 0, 0], [0, 0, 0, 0, 0, 0, 0, 0, 0, 0, 0, 0, 0, 0, 0, 0, 0, 0, 1, 0, 0, 0], [0, 0, 0, 0, 0, 0, 0, 0, 0, 0, 0, 0, 0, 0, 0, 0, 0, 0, 0, 1, 0, 0], [0, 0, 0, 0, 0, 0, 0, 0, 0, 0, 0, 0, 0, 0, 0, 0, 0, 0, 0, 0, 1, 0], [0, 0, 0, 0, 0, 0, 0, 0, 0, 0, 0, 0, 0, 0, 0, 0, 0, 0, 0, 0, 0, 1]]
[[1, 1, 2, 0, -2, 1, -1, -2, -2, -2, 0, 3, -1, 1, 0, -1, 0, -1, -1, -2, -2, -2], [0, -1, -1, -1, 0, -1, 0, 1, 1, 1, 0, -2, 0, 0, 0, 1, 0, 0, 1, 0, 1, 0], [0, 3, 4, 1, -2, 2, -1, -3, -3, -3, 0, 5, -1, 1, 0, -2, 0, -1, -2, -2, -3, -2], [0, 0, 0, 1, 0, 0, 0, 0, 0, 0, 0, 0, 0, 0, 0, 0, 0, 0, 0, 0, 0, 0], [0, 1, 2, 0, -2, 1, -3, -4, -3, -4, 0, 4, -1, 1, -1, -2, 0, -1, -1, -3, -3, -2], [0, -2, -1, -1, 0, 0, -1, 0, 1, 0, 0, -1, 0, 0, 0, 1, 0, 0, 1, 0, 0, 0], [0, 2, 1, 1, 0, 1, 1, -1, -1, -1, 0, 2, 0, 0, 0, -1, 0, 0, -1, 0, -1, 0], [0, 2, 1, 1, 0, 1, 0, 0, -1, -1, 0, 2, 0, 0, 0, -1, 0, 0, -1, 0, -1, 0], [0, 0, 0, 0, 0, 0, 1, 1, 1, 1, 0, -1, 0, 0, 0, 0, 0, 0, 0, 0, 1, 0], [0, -5, -4, -2, 2, -3, 0, 3, 4, 4, 0, -6, 1, -1, 0, 3, 0, 1, 3, 2, 3, 2], [0, 0, 0, 0, -1, 0, -2, -2, -1, -2, 1, 1, 0, 0, -1, -1, 0, 0, 0, -1, -1, 0], [0, 2, 1, 1, 0, 1, 1, 0, -1, 0, 0, 2, 0, 0, 0, -1, 0, 0, -1, 0, 0, 0], [0, 3, 3, 1, -1, 2, 1, -1, -2, -1, 0, 4, 0, 1, 1, -1, 0, -1, -2, -1, -2, -2], [0, 0, 0, 0, 1, 0, 2, 2, 1, 2, 0, -1, 0, 1, 1, 1, 0, 0, 0, 1, 1, 0], [0, -3, -3, -1, 2, -2, 1, 3, 3, 3, 0, -5, 1, -1, 1, 2, 0, 1, 2, 2, 3, 2], [0, 0, 0, 0, -1, 0, -1, -1, -1, -1, 0, 0, 0, 0, -1, 0, 0, 0, 0, -1, 0, 0], [0, -3, -3, -1, 1, -2, -1, 1, 2, 1, 0, -4, 1, -1, -1, 1, 1, 1, 2, 1, 2, 2], [0, -2, -1, -1, 0, -1, -1, 0, 1, 0, 0, -1, 0, 0, 0, 1, 0, 1, 1, 0, 0, 0], [0, 5, 4, 2, -1, 3, 1, -2, -3, -2, 0, 6, -1, 1, 1, -2, 0, -1, -2, -1, -3, -2], [0, 3, 3, 1, -2, 2, 0, -2, -3, -2, 0, 4, -1, 1, 0, -2, 0, -1, -2, -1, -2, -2], [0, 3, 3, 1, -2, 2, -1, -3, -3, -3, 0, 5, -1, 1, 0, -2, 0, -1, -2, -2, -2, -2], [0, -3, -3, -1, 3, -2, 3, 5, 4, 5, 0, -6, 1, -1, 1, 3, 0, 1, 2, 3, 4, 3]]
[[1, 0, 1, 0, -1, 1, -2, -1, -1, -2, -2, 2, -2, 1, -1, -1, 0, -1, -1, -2, -1, -2], [-1, -2, -3, -1, 0, -1, -1, 1, 3, 1, -1, -6, 0, -3, -2, 1, -1, 0, 2, 0, 2, 1], [1, 0, 2, 0, -1, 1, -3, -2, -2, -3, -2, 4, -2, 2, -1, -1, 1, -1, -1, -2, -2, -2], [0, 0, 0, 0, 0, -1, -1, 0, 0, 0, 0, 0, 0, -1, 0, -1, 0, 0, 0, 0, 0, 0], [3, 2, 4, 1, -1, 3, 0, -1, -3, -3, -2, 8, -2, 4, 2, -1, 1, 0, -2, -2, -5, -4], [1, 2, 2, 1, 0, 2, 2, 0, -1, 0, 1, 4, 0, 2, 2, 0, 0, 0, -1, 0, -2, -1], [0, 1, 1, 0, 0, 0, 0, -1, -2, -1, 0, 2, 0, 1, 0, -1, 1, 0, -1, 0, 0, 0], [0, 1, 1, 1, 0, 1, 0, 0, -2, -1, 0, 2, 0, 2, 0, 0, 1, 0, -1, 0, 0, 0], [-1, -2, -2, -1, 0, -1, -2, 0, 2, 0, -1, -4, 0, -2, -2, 0, 0, 0, 1, 0, 2, 1], [-1, -2, -3, -1, 1, -2, 2, 2, 4, 4, 2, -6, 2, -3, 1, 2, -1, 1, 3, 2, 2, 2], [2, 0, 1, 0, -1, 1, -2, -1, -1, -2, -1, 4, -2, 1, -1, -1, 0, -1, -1, -2, -3, -2], [-1, 1, 0, 1, 1, 0, 1, 0, -1, 0, 1, 0, 1, 1, 0, 0, 1, 1, 0, 1, 2, 2], [-1, 1, 1, 1, 0, 1, -1, -1, -2, -2, -1, 1, 0, 2, -1, -1, 1, 0, -1, -1, 1, 0], [-1, -2, -2, -1, 0, -1, 0, 1, 2, 2, 0, -5, 1, -2, -1, 1, -1, 0, 1, 1, 2, 1], [0, 0, 0, 0, 0, 0, 2, 1, 1, 2, 1, -1, 1, -1, 2, 1, -1, 0, 0, 1, 0, 0], [0, -1, -1, -1, 0, -1, -2, 0, 1, -1, -1, -1, -1, -1, -1, 0, 0, 0, 1, -1, 0, 0], [0, -1, -1, -1, 0, -1, 0, 1, 2, 1, 0, -2, 0, -2, 0, 0, 0, 0, 1, 0, 0, 0], [0, -2, -3, -1, 1, -2, -1, 0, 3, 1, 1, -2, 0, -2, -1, 1, -1, 0, 2, 0, 0, 1], [0, 3, 3, 2, 0, 2, 1, -1, -4, -1, 0, 4, 0, 3, 0, -1, 1, 0, -2, 0, 0, 0], [0, 1, 1, 1, 0, 1, 0, 0, -1, -1, -1, 1, -1, 1, -1, -1, 0, 0, -1, 0, 0, 0], [1, 1, 1, 1, 0, 1, -1, -1, -2, -2, -1, 3, -1, 2, -1, -1, 1, 0, -1, -1, 0, 0], [-2, -1, -1, -1, 0, -1, 2, 1, 2, 3, 2, -4, 2, -2, 2, 2, -1, 0, 1, 2, 2, 1]]
[[1, 0, 0, 0, 0, 0, 0, 0, 0, 0, 0, 0, 0, 0, 0, 0, 0, 0, 0, 0, 0, 0], [0, 1, 0, 0, 0, 0, 0, 0, 0, 0, 0, 0, 0, 0, 0, 0, 0, 0, 0, 0, 0, 0], [0, 0, 1, 0, 0, 0, 0, 0, 0, 0, 0, 0, 0, 0, 0, 0, 0, 0, 0, 0, 0, 0], [0, 0, 0, 1, 0, 0, 0, 0, 0, 0, 0, 0, 0, 0, 0, 0, 0, 0, 0, 0, 0, 0], [0, 0, 0, 0, 1, 0, 0, 0, 0, 0, 0, 0, 0, 0, 0, 0, 0, 0, 0, 0, 0, 0], [0, 0, 0, 0, 0, 1, 0, 0, 0, 0, 0, 0, 0, 0, 0, 0, 0, 0, 0, 0, 0, 0], [0, 0, 0, 0, 0, 0, 1, 0, 0, 0, 0, 0, 0, 0, 0, 0, 0, 0, 0, 0, 0, 0], [0, 0, 0, 0, 0, 0, 0, 1, 0, 0, 0, 0, 0, 0, 0, 0, 0, 0, 0, 0, 0, 0], [0, 0, 0, 0, 0, 0, 0, 0, 1, 0, 0, 0, 0, 0, 0, 0, 0, 0, 0, 0, 0, 0], [0, 0, 0, 0, 0, 0, 0, 0, 0, 1, 0, 0, 0, 0, 0, 0, 0, 0, 0, 0, 0, 0], [0, 0, 0, 0, 0, 0, 0, 0, 0, 0, 1, 0, 0, 0, 0, 0, 0, 0, 0, 0, 0, 0], [0, 0, 0, 0, 0, 0, 0, 0, 0, 0, 0, 1, 0, 0, 0, 0, 0, 0, 0, 0, 0, 0], [0, 0, 0, 0, 0, 0, 0, 0, 0, 0, 0, 0, 1, 0, 0, 0, 0, 0, 0, 0, 0, 0], [0, 0, 0, 0, 0, 0, 0, 0, 0, 0, 0, 0, 0, 1, 0, 0, 0, 0, 0, 0, 0, 0], [0, 0, 0, 0, 0, 0, 0, 0, 0, 0, 0, 0, 0, 0, 1, 0, 0, 0, 0, 0, 0, 0], [0, 0, 0, 0, 0, 0, 0, 0, 0, 0, 0, 0, 0, 0, 0, 1, 0, 0, 0, 0, 0, 0], [0, 0, 0, 0, 0, 0, 0, 0, 0, 0, 0, 0, 0, 0, 0, 0, 1, 0, 0, 0, 0, 0], [0, 0, 0, 0, 0, 0, 0, 0, 0, 0, 0, 0, 0, 0, 0, 0, 0, 1, 0, 0, 0, 0], [0, 0, 0, 0, 0, 0, 0, 0, 0, 0, 0, 0, 0, 0, 0, 0, 0, 0, 1, 0, 0, 0], [0, 0, 0, 0, 0, 0, 0, 0, 0, 0, 0, 0, 0, 0, 0, 0, 0, 0, 0, 1, 0, 0], [0, 0, 0, 0, 0, 0, 0, 0, 0, 0, 0, 0, 0, 0, 0, 0, 0, 0, 0, 0, 1, 0], [0, 0, 0, 0, 0, 0, 0, 0, 0, 0, 0, 0, 0, 0, 0, 0, 0, 0, 0, 0, 0, 1]]
[[0, 0, 0, -1, 0, 0, 0, -1, 1, 0, -1, -1, -1, -1, -2, 0, 0, 0, 1, 0, -1, 0], [0, 0, -1, 0, 0, 0, 0, -1, 0, 0, 0, 0, 0, 0, -1, 0, 0, 0, 0, 0, 0, 0], [1, -1, 0, -1, 0, 0, 0, 0, 1, 0, -1, -1, -1, -1, -1, 0, 0, 0, 1, 0, -1, 0], [-1, -1, 0, -2, -1, 0, -2, 0, 3, 1, -1, -3, -2, -2, -4, 1, 0, 0, 3, 0, -2, 0], [-1, 1, 1, -1, 1, 0, 0, 0, 1, 0, -1, -1, -1, -1, -1, 0, 0, 0, 1, 0, -1, 0], [-1, 2, 1, 1, 1, 0, 1, 0, -1, 0, 1, 1, 1, 0, 1, -1, 0, 0, -1, 0, 1, 1], [1, 0, 0, 1, 0, 0, 1, 1, -1, 0, 1, 1, 1, 1, 2, 0, 0, 0, -1, 0, 1, 0], [1, 1, 0, 3, 1, 0, 2, 1, -3, -1, 1, 3, 2, 2, 4, -1, 0, 0, -3, 0, 2, 0], [1, -1, -1, 0, 0, 0, 0, 0, 0, 0, 0, 0, 1, 0, 1, 1, 0, 0, 0, 0, 0, 0], [-1, 0, 1, -1, -1, 1, -1, 0, 1, 1, -1, -1, -1, 0, -1, 1, 0, 0, 1, 0, -1, -1], [-2, 1, 1, -2, 0, 0, 0, -1, 2, 0, -1, -2, -2, -2, -3, 0, 0, 0, 2, 0, -2, 0], [2, 0, 0, 2, 0, 0, 1, 0, -3, -1, 1, 3, 1, 2, 3, -1, 0, -1, -3, 0, 2, 0], [3, 0, -1, 3, 1, 0, 2, 1, -3, -1, 1, 3, 3, 2, 5, -1, 0, 0, -3, 0, 2, 0], [1, 0, -1, 2, 1, 0, 1, 1, -2, 0, 1, 2, 3, 2, 4, 1, 0, 1, -1, 0, 1, 0], [-2, -1, 0, -2, -1, 0, -2, -1, 2, 1, 0, -2, -1, -1, -3, 1, 0, 0, 2, 0, -1, 0], [0, 0, 0, -1, 0, 0, 0, 0, 2, 0, -1, -1, -2, -1, -2, 0, 0, 0, 1, 0, -1, 0], [-1, 1, 1, 0, 0, 1, 1, 1, 1, 1, 0, 0, 0, 0, 1, 1, -1, 0, 0, 0, -1, -1], [-1, 0, 1, -3, -1, 0, -1, -1, 2, 0, -2, -3, -3, -2, -4, 0, 0, 0, 2, 0, -2, 0], [1, -1, -1, 1, 0, -1, 0, -1, -2, 0, 2, 1, 1, 1, 0, -1, 0, -1, -1, 0, 2, 1], [1, 0, -1, 1, 1, -1, 1, 0, -1, 0, 1, 1, 1, 0, 1, -1, 0, 0, -1, 1, 1, 1], [1, -1, -1, -1, 0, -1, 0, -1, 0, 0, 0, -1, -1, -1, -2, -1, 0, -1, 0, 0, 1, 1], [0, 0, 0, 2, 0, 1, 0, 1, -1, 0, 1, 2, 2, 2, 3, 1, 0, 1, -1, 0, 1, 0]]
[[1, 0, 0, 0, 0, 0, 0, 0, 0, 0, 0, 0, 0, 0, 0, 0, 0, 0, 0, 0, 0, 0], [0, 1, 0, 0, 0, 0, 0, 0, 0, 0, 0, 0, 0, 0, 0, 0, 0, 0, 0, 0, 0, 0], [0, 0, 1, 0, 0, 0, 0, 0, 0, 0, 0, 0, 0, 0, 0, 0, 0, 0, 0, 0, 0, 0], [0, 0, 0, 1, 0, 0, 0, 0, 0, 0, 0, 0, 0, 0, 0, 0, 0, 0, 0, 0, 0, 0], [0, 0, 0, 0, 1, 0, 0, 0, 0, 0, 0, 0, 0, 0, 0, 0, 0, 0, 0, 0, 0, 0], [0, 0, 0, 0, 0, 1, 0, 0, 0, 0, 0, 0, 0, 0, 0, 0, 0, 0, 0, 0, 0, 0], [0, 0, 0, 0, 0, 0, 1, 0, 0, 0, 0, 0, 0, 0, 0, 0, 0, 0, 0, 0, 0, 0], [0, 0, 0, 0, 0, 0, 0, 1, 0, 0, 0, 0, 0, 0, 0, 0, 0, 0, 0, 0, 0, 0], [0, 0, 0, 0, 0, 0, 0, 0, 1, 0, 0, 0, 0, 0, 0, 0, 0, 0, 0, 0, 0, 0], [0, 0, 0, 0, 0, 0, 0, 0, 0, 1, 0, 0, 0, 0, 0, 0, 0, 0, 0, 0, 0, 0], [0, 0, 0, 0, 0, 0, 0, 0, 0, 0, 1, 0, 0, 0, 0, 0, 0, 0, 0, 0, 0, 0], [0, 0, 0, 0, 0, 0, 0, 0, 0, 0, 0, 1, 0, 0, 0, 0, 0, 0, 0, 0, 0, 0], [0, 0, 0, 0, 0, 0, 0, 0, 0, 0, 0, 0, 1, 0, 0, 0, 0, 0, 0, 0, 0, 0], [0, 0, 0, 0, 0, 0, 0, 0, 0, 0, 0, 0, 0, 1, 0, 0, 0, 0, 0, 0, 0, 0], [0, 0, 0, 0, 0, 0, 0, 0, 0, 0, 0, 0, 0, 0, 1, 0, 0, 0, 0, 0, 0, 0], [0, 0, 0, 0, 0, 0, 0, 0, 0, 0, 0, 0, 0, 0, 0, 1, 0, 0, 0, 0, 0, 0], [0, 0, 0, 0, 0, 0, 0, 0, 0, 0, 0, 0, 0, 0, 0, 0, 1, 0, 0, 0, 0, 0], [0, 0, 0, 0, 0, 0, 0, 0, 0, 0, 0, 0, 0, 0, 0, 0, 0, 1, 0, 0, 0, 0], [0, 0, 0, 0, 0, 0, 0, 0, 0, 0, 0, 0, 0, 0, 0, 0, 0, 0, 1, 0, 0, 0], [0, 0, 0, 0, 0, 0, 0, 0, 0, 0, 0, 0, 0, 0, 0, 0, 0, 0, 0, 1, 0, 0], [0, 0, 0, 0, 0, 0, 0, 0, 0, 0, 0, 0, 0, 0, 0, 0, 0, 0, 0, 0, 1, 0], [0, 0, 0, 0, 0, 0, 0, 0, 0, 0, 0, 0, 0, 0, 0, 0, 0, 0, 0, 0, 0, 1]]
[[0, -1, -1, -2, -1, -1, -1, -2, 1, 0, 1, -2, -1, -2, -4, -1, 0, -1, 1, 0, 0, 1], [0, 0, 0, -1, 0, -1, 0, -1, 0, 0, 1, 1, 0, 0, 0, 0, 0, 0, 0, 0, -1, 0], [0, 1, 0, 0, 0, 0, 2, 0, 0, 1, 1, -1, 0, -1, -1, -1, 0, 0, 0, 1, 1, 1], [-2, -1, -1, -2, -1, 0, -2, -2, 3, 0, 0, -4, -2, -3, -6, 0, 0, -1, 3, 0, -1, 1], [-1, -1, -1, -1, -1, -1, -3, -2, 0, -1, 0, -3, -1, -2, -5, -2, 0, -2, 0, -1, 2, 1], [0, -1, 0, 0, -1, 0, -2, -1, -1, -1, 0, 0, 0, 0, -1, -1, 0, -1, -1, -1, 1, 0], [1, 1, 1, 2, 1, 1, 2, 2, -1, 0, -1, 2, 1, 2, 4, 1, 0, 1, -1, 0, 0, -1], [2, 1, 2, 2, 1, 1, 2, 2, -2, 0, -1, 4, 1, 3, 5, 0, 0, 1, -2, 0, -1, -2], [1, 1, 0, 1, 1, 0, 4, 2, -1, 2, 2, 2, 2, 2, 5, 2, -1, 1, -1, 1, 0, 0], [-2, -1, -2, -1, 0, -1, -1, 0, 2, 1, 1, -3, 0, -2, -2, 1, -1, 0, 1, 1, 1, 2], [-1, -1, 0, -2, -2, 0, -3, -3, 1, -1, 0, -3, -2, -2, -6, -2, 0, -2, 1, -1, 0, 0], [2, 1, 2, 1, 0, 1, 2, 1, -2, 0, -1, 4, 0, 2, 4, 0, 0, 0, -2, 0, -1, -2], [3, 2, 2, 3, 2, 1, 5, 4, -3, 1, 0, 6, 3, 4, 10, 2, 0, 2, -3, 1, -1, -2], [1, 1, 0, 2, 2, 0, 3, 3, -1, 1, 1, 3, 2, 3, 6, 2, 0, 2, -1, 1, 0, 0], [-2, -1, -2, -1, 0, -1, -2, -1, 2, 0, 1, -3, 0, -2, -3, 0, 0, 0, 2, 0, 1, 2], [0, 0, 0, -1, -1, 0, 0, -2, 0, 0, 0, -1, -1, -1, -3, -1, 0, -1, 0, 0, 0, 0], [-1, 0, -1, 1, 1, 0, 1, 1, 0, 1, 1, -1, 2, 1, 2, 2, -1, 1, 0, 1, 1, 1], [-1, -1, 0, -3, -3, 0, -3, -3, 1, -1, -1, -4, -3, -3, -7, -2, 0, -2, 1, -1, 0, 0], [1, 0, 1, 0, 0, 0, 0, 0, 0, -1, -1, 2, -1, 0, 1, -1, 1, 0, 0, 0, -1, -1], [1, 0, 1, 0, 0, 0, 0, 0, -1, 0, 0, 2, 0, 1, 1, 0, 1, 0, 0, 0, -1, -1], [1, 0, 1, -1, -1, 0, 1, -1, -1, 0, 0, 1, -1, 0, 0, -1, 0, -1, -1, 0, 0, -1], [0, 1, -1, 2, 2, 0, 2, 2, 0, 1, 1, 1, 2, 1, 3, 1, 0, 2, 0, 1, 1, 2]]
[[1, 0, 0, 0, 0, 0, 0, 0, 0, 0, 0, 0, 0, 0, 0, 0, 0, 0, 0, 0, 0, 0], [0, 1, -1, 1, 1, -1, 1, 1, 0, 1, 1, 0, 1, 0, 1, 0, 0, 1, 0, 1, 1, 1], [0, 0, 1, 0, 0, 0, 0, 0, 0, 0, 0, 0, 0, 0, 0, 0, 0, 0, 0, 0, 0, 0], [0, 0, 1, 0, -1, 1, -1, -1, 0, -1, -1, 0, -1, 0, -1, 0, 0, -1, 0, -1, -1, -1], [0, 0, 1, -1, 0, 1, -1, -1, 0, -1, -1, 0, -1, 0, -1, 0, 0, -1, 0, -1, -1, -1], [0, 0, 0, 0, 0, 1, 0, 0, 0, 0, 0, 0, 0, 0, 0, 0, 0, 0, 0, 0, 0, 0], [0, 0, 0, 0, 0, 0, 1, 0, 0, 0, 0, 0, 0, 0, 0, 0, 0, 0, 0, 0, 0, 0], [0, 0, 0, 0, 0, 0, -1, 0, 0, -1, 0, 1, 0, 0, -1, -1, 1, 0, 0, -1, 0, 0], [0, 0, -1, 1, 1, -1, 2, 2, 1, 2, 1, -1, 1, 0, 2, 1, -1, 1, 0, 2, 1, 1], [0, 0, 0, 0, 0, 0, 1, 1, 0, 2, 0, -1, 0, 0, 1, 1, -1, 0, 0, 1, 0, 0], [0, 0, 1, -1, -1, 1, -1, -1, 0, -1, 0, 0, -1, 0, -1, 0, 0, -1, 0, -1, -1, -1], [0, 0, 0, 0, 0, 0, 0, 0, 0, 0, 0, 1, 0, 0, 0, 0, 0, 0, 0, 0, 0, 0], [0, 0, -1, 1, 1, -1, 1, 1, 0, 1, 1, 0, 2, 0, 1, 0, 0, 1, 0, 1, 1, 1], [0, 0, -1, 1, 1, -1, 1, 1, 0, 1, 1, 0, 1, 1, 1, 0, 0, 1, 0, 1, 1, 1], [0, 0, 0, 0, 0, 0, 0, 0, 0, 0, 0, 0, 0, 0, 1, 0, 0, 0, 0, 0, 0, 0], [0, 0, 0, 0, 0, 0, 0, 0, 0, 0, 0, 0, 0, 0, 0, 1, 0, 0, 0, 0, 0, 0], [0, 0, 0, 0, 0, 0, 1, 1, 0, 1, 0, -1, 0, 0, 1, 1, 0, 0, 0, 1, 0, 0], [0, 0, 1, -1, -1, 1, 0, 0, 0, 0, -1, -1, -1, 0, 0, 1, -1, 0, 0, 0, -1, -1], [0, 0, 0, 0, 0, 0, -1, -1, 0, -1, 0, 1, 0, 0, -1, -1, 1, 0, 1, -1, 0, 0], [0, 0, 0, 0, 0, 0, -1, -1, 0, -1, 0, 1, 0, 0, -1, -1, 1, 0, 0, 0, 0, 0], [0, 0, 0, 0, 0, 0, 0, 0, 0, 0, 0, 0, 0, 0, 0, 0, 0, 0, 0, 0, 1, 0], [0, 0, -1, 1, 1, -1, 1, 1, 0, 1, 1, 0, 1, 0, 1, 0, 0, 1, 0, 1, 1, 2]]

#################
# GALOIS GROUPS #
#################

Generators of the monodromy group on the generic Picard lattice:
[[1, 0, 0, 0, 0, 0, 0, 0, 0, 0, 0, 0, 0, 0, 0], [0, 1, 0, 0, 0, 0, 0, 0, 0, 0, 0, 0, 0, 0, 0], [0, 0, 1, 0, 0, 0, 0, 0, 0, 0, 0, 0, 0, 0, 0], [0, 0, 0, 1, 0, 0, 0, 0, 0, 0, 0, 0, 0, 0, 0], [0, 0, 0, 0, 1, 0, 0, 0, 0, 0, 0, 0, 0, 0, 0], [0, 0, 0, 0, 0, 1, 0, 0, 0, 0, 0, 0, 0, 0, 0], [0, 0, 0, 0, 0, 0, 1, 0, 0, 0, 0, 0, 0, 0, 0], [0, 0, 0, 0, 0, 0, 0, 1, 0, 0, 0, 0, 0, 0, 0], [0, 0, 0, 0, 0, 0, 0, 0, 1, 0, 0, 0, 0, 0, 0], [0, 0, 0, 0, 0, 0, 0, 0, 0, 1, 0, 0, 0, 0, 0], [0, 0, 0, 0, 0, 0, 0, 0, 0, 0, 1, 0, 0, 0, 0], [0, 0, 0, 0, 0, 0, 0, 0, 0, 0, 0, 1, 0, 0, 0], [0, 0, 0, 0, 0, 0, 0, 0, 0, 0, 0, 0, 1, 0, 0], [0, 0, 0, 0, 0, 0, 0, 0, 0, 0, 0, 0, 0, 1, 0], [0, 0, 0, 0, 0, 0, 0, 0, 0, 0, 0, 0, 0, 0, 1]]
[[1, 0, 0, 0, 0, 0, 0, 0, 0, 0, 0, 0, 0, 0, 0], [0, 1, 0, 0, 0, 0, 0, 0, 0, 0, 0, 0, 0, 0, 0], [0, 0, 1, 0, 0, 0, 0, 0, 0, 0, 0, 0, 0, 0, 0], [0, 0, 0, 1, 0, 0, 0, 0, 0, 0, 0, 0, 0, 0, 0], [0, 0, 0, 0, 1, 0, 0, 0, 0, 0, 0, 0, 0, 0, 0], [0, 0, 0, 0, 0, 1, 0, 0, 0, 0, 0, 0, 0, 0, 0], [0, 0, 0, 0, 0, 0, 1, 0, 0, 0, 0, 0, 0, 0, 0], [0, 0, 0, 0, 0, 0, 0, 1, 0, 0, 0, 0, 0, 0, 0], [0, 0, 0, 0, 0, 0, 0, 0, 1, 0, 0, 0, 0, 0, 0], [0, 0, 0, 0, 0, 0, 0, 0, 0, 1, 0, 0, 0, 0, 0], [0, 0, 0, 0, 0, 0, 0, 0, 0, 0, 1, 0, 0, 0, 0], [0, 0, 0, 0, 0, 0, 0, 0, 0, 0, 0, 1, 0, 0, 0], [0, 0, 0, 0, 0, 0, 0, 0, 0, 0, 0, 0, 1, 0, 0], [0, 0, 0, 0, 0, 0, 0, 0, 0, 0, 0, 0, 0, 1, 0], [0, 0, 0, 0, 0, 0, 0, 0, 0, 0, 0, 0, 0, 0, 1]]
[[1, 0, 0, 0, 0, 0, 0, 0, 0, 0, 0, 0, 0, 0, 0], [0, 1, 0, 0, 0, 0, 0, 0, 0, 0, 0, 0, 0, 0, 0], [0, 0, 1, 0, 0, 0, 0, 0, 0, 0, 0, 0, 0, 0, 0], [0, 0, 0, 1, 0, 0, 0, 0, 0, 0, 0, 0, 0, 0, 0], [0, 0, 0, 0, 1, 0, 0, 0, 0, 0, 0, 0, 0, 0, 0], [0, 0, 0, 0, 0, 1, 0, 0, 0, 0, 0, 0, 0, 0, 0], [0, 0, 0, 0, 0, 0, 1, 0, 0, 0, 0, 0, 0, 0, 0], [0, 0, 0, 0, 0, 0, 0, 1, 0, 0, 0, 0, 0, 0, 0], [0, 0, 0, 0, 0, 0, 0, 0, 1, 0, 0, 0, 0, 0, 0], [0, 0, 0, 0, 0, 0, 0, 0, 0, 1, 0, 0, 0, 0, 0], [0, 0, 0, 0, 0, 0, 0, 0, 0, 0, 1, 0, 0, 0, 0], [0, 0, 0, 0, 0, 0, 0, 0, 0, 0, 0, 1, 0, 0, 0], [0, 0, 0, 0, 0, 0, 0, 0, 0, 0, 0, 0, 1, 0, 0], [0, 0, 0, 0, 0, 0, 0, 0, 0, 0, 0, 0, 0, 1, 0], [0, 0, 0, 0, 0, 0, 0, 0, 0, 0, 0, 0, 0, 0, 1]]
[[1, 0, 0, 0, 0, 0, 0, 0, 0, 0, 0, 0, 0, 0, 0], [0, 1, 0, 0, 0, 0, 0, 0, 0, 0, 0, 0, 0, 0, 0], [0, 0, 1, 0, 0, 0, 0, 0, 0, 0, 0, 0, 0, 0, 0], [0, 0, 0, 1, 0, 0, 0, 0, 0, 0, 0, 0, 0, 0, 0], [0, 0, 0, 0, 1, 0, 0, 0, 0, 0, 0, 0, 0, 0, 0], [0, 0, 0, 0, 0, 1, 0, 0, 0, 0, 0, 0, 0, 0, 0], [0, 0, 0, 0, 0, 0, 1, 0, 0, 0, 0, 0, 0, 0, 0], [0, 0, 0, 0, 0, 0, 0, 1, 0, 0, 0, 0, 0, 0, 0], [0, 0, 0, 0, 0, 0, 0, 0, 1, 0, 0, 0, 0, 0, 0], [0, 0, 0, 0, 0, 0, 0, 0, 0, 1, 0, 0, 0, 0, 0], [0, 0, 0, 0, 0, 0, 0, 0, 0, 0, 1, 0, 0, 0, 0], [0, 0, 0, 0, 0, 0, 0, 0, 0, 0, 0, 1, 0, 0, 0], [0, 0, 0, 0, 0, 0, 0, 0, 0, 0, 0, 0, 1, 0, 0], [0, 0, 0, 0, 0, 0, 0, 0, 0, 0, 0, 0, 0, 1, 0], [0, 0, 0, 0, 0, 0, 0, 0, 0, 0, 0, 0, 0, 0, 1]]
[[1, 0, 0, 0, 0, 0, 0, 0, 0, 0, 0, 0, 0, 0, 0], [0, 1, 0, 0, 0, 0, 0, 0, 0, 0, 0, 0, 0, 0, 0], [0, 0, 1, 0, 0, 0, 0, 0, 0, 0, 0, 0, 0, 0, 0], [0, 0, 0, 1, 0, 0, 0, 0, 0, 0, 0, 0, 0, 0, 0], [0, 0, 0, 0, 1, 0, 0, 0, 0, 0, 0, 0, 0, 0, 0], [0, 0, 0, 0, 0, 1, 0, 0, 0, 0, 0, 0, 0, 0, 0], [0, 0, 0, 0, 0, 0, 1, 0, 0, 0, 0, 0, 0, 0, 0], [0, 0, 0, 0, 0, 0, 0, 1, 0, 0, 0, 0, 0, 0, 0], [0, 0, 0, 0, 0, 0, 0, 0, 1, 0, 0, 0, 0, 0, 0], [0, 0, 0, 0, 0, 0, 0, 0, 0, 1, 0, 0, 0, 0, 0], [0, 0, 0, 0, 0, 0, 0, 0, 0, 0, 1, 0, 0, 0, 0], [0, 0, 0, 0, 0, 0, 0, 0, 0, 0, 0, 1, 0, 0, 0], [0, 0, 0, 0, 0, 0, 0, 0, 0, 0, 0, 0, 1, 0, 0], [0, 0, 0, 0, 0, 0, 0, 0, 0, 0, 0, 0, 0, 1, 0], [0, 0, 0, 0, 0, 0, 0, 0, 0, 0, 0, 0, 0, 0, 1]]
[[1, 0, 0, 0, 0, 0, 0, 0, 0, 0, 0, 0, 0, 0, 0], [0, 1, 0, 0, 0, 0, 0, 0, 0, 0, 0, 0, 0, 0, 0], [0, 0, 1, 0, 0, 0, 0, 0, 0, 0, 0, 0, 0, 0, 0], [0, 0, 0, 1, 0, 0, 0, 0, 0, 0, 0, 0, 0, 0, 0], [0, 0, 0, 0, 1, 0, 0, 0, 0, 0, 0, 0, 0, 0, 0], [0, 0, 0, 0, 0, 1, 0, 0, 0, 0, 0, 0, 0, 0, 0], [0, 0, 0, 0, 0, 0, 1, 0, 0, 0, 0, 0, 0, 0, 0], [0, 0, 0, 0, 0, 0, 0, 1, 0, 0, 0, 0, 0, 0, 0], [0, 0, 0, 0, 0, 0, 0, 0, 1, 0, 0, 0, 0, 0, 0], [0, 0, 0, 0, 0, 0, 0, 0, 0, 1, 0, 0, 0, 0, 0], [0, 0, 0, 0, 0, 0, 0, 0, 0, 0, 1, 0, 0, 0, 0], [0, 0, 0, 0, 0, 0, 0, 0, 0, 0, 0, 1, 0, 0, 0], [0, 0, 0, 0, 0, 0, 0, 0, 0, 0, 0, 0, 1, 0, 0], [0, 0, 0, 0, 0, 0, 0, 0, 0, 0, 0, 0, 0, 1, 0], [0, 0, 0, 0, 0, 0, 0, 0, 0, 0, 0, 0, 0, 0, 1]]
[[1, 0, 0, 0, 0, 0, 0, 0, 0, 0, 0, 0, 0, 0, 0], [0, 1, 0, 0, 0, 0, 0, 0, 0, 0, 0, 0, 0, 0, 0], [0, 0, 1, 0, 0, 0, 0, 0, 0, 0, 0, 0, 0, 0, 0], [0, 0, 0, 1, 0, 0, 0, 0, 0, 0, 0, 0, 0, 0, 0], [0, 0, 0, 0, 1, 0, 0, 0, 0, 0, 0, 0, 0, 0, 0], [0, 0, 0, 0, 0, 1, 0, 0, 0, 0, 0, 0, 0, 0, 0], [0, 0, 0, 0, 0, 0, 1, 0, 0, 0, 0, 0, 0, 0, 0], [0, 0, 0, 0, 0, 0, 0, 1, 0, 0, 0, 0, 0, 0, 0], [0, 0, 0, 0, 0, 0, 0, 0, 1, 0, 0, 0, 0, 0, 0], [0, 0, 0, 0, 0, 0, 0, 0, 0, 1, 0, 0, 0, 0, 0], [0, 0, 0, 0, 0, 0, 0, 0, 0, 0, 1, 0, 0, 0, 0], [0, 0, 0, 0, 0, 0, 0, 0, 0, 0, 0, 1, 0, 0, 0], [0, 0, 0, 0, 0, 0, 0, 0, 0, 0, 0, 0, 1, 0, 0], [0, 0, 0, 0, 0, 0, 0, 0, 0, 0, 0, 0, 0, 1, 0], [0, 0, 0, 0, 0, 0, 0, 0, 0, 0, 0, 0, 0, 0, 1]]
[[1, 0, 0, 0, 0, 0, 0, 0, 0, 0, 0, 0, 0, 0, 0], [0, 1, 0, 0, 0, 0, 0, 0, 0, 0, 0, 0, 0, 0, 0], [0, 0, 1, 0, 0, 0, 0, 0, 0, 0, 0, 0, 0, 0, 0], [0, 0, 0, 1, 0, 0, 0, 0, 0, 0, 0, 0, 0, 0, 0], [0, 0, 0, 0, 1, 0, 0, 0, 0, 0, 0, 0, 0, 0, 0], [0, 0, 0, 0, 0, 1, 0, 0, 0, 0, 0, 0, 0, 0, 0], [0, 0, 0, 0, 0, 0, 1, 0, 0, 0, 0, 0, 0, 0, 0], [0, 0, 0, 0, 0, 0, 0, 1, 0, 0, 0, 0, 0, 0, 0], [0, 0, 0, 0, 0, 0, 0, 0, 1, 0, 0, 0, 0, 0, 0], [0, 0, 0, 0, 0, 0, 0, 0, 0, 1, 0, 0, 0, 0, 0], [0, 0, 0, 0, 0, 0, 0, 0, 0, 0, 1, 0, 0, 0, 0], [0, 0, 0, 0, 0, 0, 0, 0, 0, 0, 0, 1, 0, 0, 0], [0, 0, 0, 0, 0, 0, 0, 0, 0, 0, 0, 0, 1, 0, 0], [0, 0, 0, 0, 0, 0, 0, 0, 0, 0, 0, 0, 0, 1, 0], [0, 0, 0, 0, 0, 0, 0, 0, 0, 0, 0, 0, 0, 0, 1]]
[[0, 0, 0, 0, 0, 0, -1, 0, 0, 0, 0, 0, 0, 0, 0], [0, 1, 0, 0, 0, 0, 0, 0, 0, 0, 0, 0, 0, 0, 0], [-1, 0, 1, 0, 0, 0, -1, 0, 0, 0, 0, 0, 0, 0, 0], [-1, 0, 0, 1, 0, 0, -1, 0, 0, 0, 0, 0, 0, 0, 0], [1, 0, 0, 0, 1, 0, 1, 0, 0, 0, 0, 0, 0, 0, 0], [1, 0, 0, 0, 0, 1, 1, 0, 0, 0, 0, 0, 0, 0, 0], [-1, 0, 0, 0, 0, 0, 0, 0, 0, 0, 0, 0, 0, 0, 0], [0, 0, 0, 0, 0, 0, 0, 1, 0, 0, 0, 0, 0, 0, 0], [-1, 0, 0, 0, 0, 0, -1, 0, 1, 0, 0, 0, 0, 0, 0], [1, 0, 0, 0, 0, 0, 1, 0, 0, 1, 0, 0, 0, 0, 0], [0, 0, 0, 0, 0, 0, 0, 0, 0, 0, 1, 0, 0, 0, 0], [0, 0, 0, 0, 0, 0, 0, 0, 0, 0, 0, 1, 0, 0, 0], [-1, 0, 0, 0, 0, 0, -1, 0, 0, 0, 0, 0, 1, 0, 0], [0, 0, 0, 0, 0, 0, 0, 0, 0, 0, 0, 0, 0, 1, 0], [-1, 0, 0, 0, 0, 0, -1, 0, 0, 0, 0, 0, 0, 0, 1]]
[[0, -1, 0, 0, 0, 0, -1, 1, 0, 1, 0, 0, 0, 1, 1], [-1, -1, 0, -3, -3, 1, 0, -2, 1, 1, 1, 0, -1, 1, 3], [-1, 1, 1, 1, 0, 1, 0, 1, 0, 1, 0, 0, 0, 0, 0], [0, 0, 0, 0, 0, -1, -1, 0, 0, 0, 0, 0, 0, -1, -1], [2, -1, 0, 3, 4, -1, 0, 4, -1, 1, -1, 0, 2, 1, -1], [2, -1, 0, 2, 3, -1, 0, 3, -1, 0, -1, 0, 1, 1, -1], [-1, 1, 0, 0, 0, 0, 0, -1, 0, -1, 0, 0, 0, -1, -1], [-1, 1, 0, 1, 0, 1, 0, 0, 0, -1, 0, 0, 0, 0, 0], [-2, 0, 0, -3, -4, 1, 0, -3, 1, 1, 2, 0, -1, 0, 2], [1, -1, 0, -1, 0, -1, 0, -1, 0, 0, 0, 0, 0, 0, 0], [1, -1, 0, 4, 4, 0, -1, 5, 0, 1, -1, 0, 2, 1, -1], [-1, 2, 0, 0, -1, 0, 1, -2, -1, -1, 1, 1, -1, 0, 0], [-2, 1, 0, -3, -3, 1, 1, -3, 1, 0, 1, 0, -2, 0, 2], [-1, -1, 0, -6, -6, 2, 1, -5, 2, 1, 2, 0, -2, 0, 3], [0, 1, 0, 3, 3, -1, -1, 3, -1, 0, -1, 0, 1, 0, -1]]
[[0, 1, -1, 3, 3, -2, -2, 2, -1, -2, -2, -1, 1, -2, -2], [0, 1, 0, 0, 0, 0, 0, 0, 0, 0, 0, 0, 0, 0, 0], [1, 0, -1, 2, 2, -2, -2, 2, -1, -2, -2, -1, 0, -2, -2], [-1, 0, -1, 1, 1, -1, -1, 0, 0, -1, 0, -1, 1, -1, -1], [0, 0, -1, 2, 2, -1, -1, 2, 1, -1, -2, -2, 1, -3, -1], [0, 0, 0, 1, 1, 0, 0, 1, 0, 0, -1, -1, 1, -1, 0], [-1, -1, 1, -3, -3, 2, 1, -2, 1, 2, 2, 1, -1, 2, 2], [0, 0, 2, -4, -4, 2, 2, -3, 0, 2, 2, 2, -2, 2, 2], [1, 0, -1, 1, 2, -2, -1, 1, -1, -1, -1, 0, 0, 0, -1], [0, 1, -1, 4, 4, -1, 0, 3, 0, -1, -1, -1, 2, -1, -2], [-1, 1, 0, 1, 0, -1, -1, 0, 0, -1, -1, -1, 0, -3, -1], [2, -1, 0, -2, -1, 0, 1, -1, -1, 1, 1, 2, -1, 2, 1], [2, 0, 0, 0, 0, 0, 0, 0, -2, 0, 0, 2, -1, 2, 0], [0, 0, 0, 0, 0, 0, 0, 0, 0, 0, 0, 0, 0, 1, 0], [-1, 0, 0, -3, -3, 1, 0, -3, 1, 0, 1, 0, -1, -1, 1]]
[[1, 0, 0, 0, 0, 0, 0, 0, 0, 0, 0, 0, 0, 0, 0], [0, 1, 0, 0, 0, 0, 0, 0, 0, 0, 0, 0, 0, 0, 0], [0, 0, 1, 0, 0, 0, 0, 0, 0, 0, 0, 0, 0, 0, 0], [0, 0, 0, 1, 0, 0, 0, 0, 0, 0, 0, 0, 0, 0, 0], [0, 0, 0, 0, 1, 0, 0, 0, 0, 0, 0, 0, 0, 0, 0], [0, 0, 0, 0, 0, 1, 0, 0, 0, 0, 0, 0, 0, 0, 0], [0, 0, 0, 0, 0, 0, 1, 0, 0, 0, 0, 0, 0, 0, 0], [0, 0, 0, 0, 0, 0, 0, 1, 0, 0, 0, 0, 0, 0, 0], [0, 0, 0, 0, 0, 0, 0, 0, 1, 0, 0, 0, 0, 0, 0], [0, 0, 0, 0, 0, 0, 0, 0, 0, 1, 0, 0, 0, 0, 0], [0, 0, 0, 0, 0, 0, 0, 0, 0, 0, 1, 0, 0, 0, 0], [0, 0, 0, 0, 0, 0, 0, 0, 0, 0, 0, 1, 0, 0, 0], [0, 0, 0, 0, 0, 0, 0, 0, 0, 0, 0, 0, 1, 0, 0], [0, 0, 0, 0, 0, 0, 0, 0, 0, 0, 0, 0, 0, 1, 0], [0, 0, 0, 0, 0, 0, 0, 0, 0, 0, 0, 0, 0, 0, 1]]
[[1, 0, 0, 0, 0, 0, 0, 0, 0, 0, 0, 0, 0, 0, 0], [0, 1, 0, 0, 0, 0, 0, 0, 0, 0, 0, 0, 0, 0, 0], [0, 0, 1, 0, 0, 0, 0, 0, 0, 0, 0, 0, 0, 0, 0], [0, 0, 0, 1, 0, 0, 0, 0, 0, 0, 0, 0, 0, 0, 0], [0, 0, 0, 0, 1, 0, 0, 0, 0, 0, 0, 0, 0, 0, 0], [0, 0, 0, 0, 0, 1, 0, 0, 0, 0, 0, 0, 0, 0, 0], [0, 0, 0, 0, 0, 0, 1, 0, 0, 0, 0, 0, 0, 0, 0], [0, 0, 0, 0, 0, 0, 0, 1, 0, 0, 0, 0, 0, 0, 0], [0, 0, 0, 0, 0, 0, 0, 0, 1, 0, 0, 0, 0, 0, 0], [0, 0, 0, 0, 0, 0, 0, 0, 0, 1, 0, 0, 0, 0, 0], [0, 0, 0, 0, 0, 0, 0, 0, 0, 0, 1, 0, 0, 0, 0], [0, 0, 0, 0, 0, 0, 0, 0, 0, 0, 0, 1, 0, 0, 0], [0, 0, 0, 0, 0, 0, 0, 0, 0, 0, 0, 0, 1, 0, 0], [0, 0, 0, 0, 0, 0, 0, 0, 0, 0, 0, 0, 0, 1, 0], [0, 0, 0, 0, 0, 0, 0, 0, 0, 0, 0, 0, 0, 0, 1]]
[[1, 0, 0, 0, 0, 0, 0, 0, 0, 0, 0, 0, 0, 0, 0], [0, 1, 0, 0, 0, 0, 0, 0, 0, 0, 0, 0, 0, 0, 0], [0, 0, 1, 0, 0, 0, 0, 0, 0, 0, 0, 0, 0, 0, 0], [0, 0, 0, 1, 0, 0, 0, 0, 0, 0, 0, 0, 0, 0, 0], [0, 0, 0, 0, 1, 0, 0, 0, 0, 0, 0, 0, 0, 0, 0], [0, 0, 0, 0, 0, 1, 0, 0, 0, 0, 0, 0, 0, 0, 0], [0, 0, 0, 0, 0, 0, 1, 0, 0, 0, 0, 0, 0, 0, 0], [0, 0, 0, 0, 0, 0, 0, 1, 0, 0, 0, 0, 0, 0, 0], [0, 0, 0, 0, 0, 0, 0, 0, 1, 0, 0, 0, 0, 0, 0], [0, 0, 0, 0, 0, 0, 0, 0, 0, 1, 0, 0, 0, 0, 0], [0, 0, 0, 0, 0, 0, 0, 0, 0, 0, 1, 0, 0, 0, 0], [0, 0, 0, 0, 0, 0, 0, 0, 0, 0, 0, 1, 0, 0, 0], [0, 0, 0, 0, 0, 0, 0, 0, 0, 0, 0, 0, 1, 0, 0], [0, 0, 0, 0, 0, 0, 0, 0, 0, 0, 0, 0, 0, 1, 0], [0, 0, 0, 0, 0, 0, 0, 0, 0, 0, 0, 0, 0, 0, 1]]
[[1, 0, 0, 0, 0, 0, 0, 0, 0, 0, 0, 0, 0, 0, 0], [0, 0, 0, -2, -1, 0, 0, -1, 1, 0, 0, 0, -1, 0, 1], [0, 1, 1, 2, 1, 0, 0, 1, -1, 0, 0, 0, 1, 0, -1], [0, 0, 0, 1, 0, 0, 0, 0, 0, 0, 0, 0, 0, 0, 0], [0, 1, 0, 2, 2, 0, 0, 1, -1, 0, 0, 0, 1, 0, -1], [0, 0, 0, 0, 0, 1, 0, 0, 0, 0, 0, 0, 0, 0, 0], [0, 0, 0, 0, 0, 0, 1, 0, 0, 0, 0, 0, 0, 0, 0], [0, 0, 0, 0, 0, 0, 0, 1, 0, 0, 0, 0, 0, 0, 0], [0, 0, 0, 0, 0, 0, 0, 0, 1, 0, 0, 0, 0, 0, 0], [0, -1, 0, -2, -1, 0, 0, -1, 1, 1, 0, 0, -1, 0, 1], [0, 1, 0, 2, 1, 0, 0, 1, -1, 0, 1, 0, 1, 0, -1], [0, 0, 0, 0, 0, 0, 0, 0, 0, 0, 0, 1, 0, 0, 0], [0, -1, 0, -2, -1, 0, 0, -1, 1, 0, 0, 0, 0, 0, 1], [0, -1, 0, -2, -1, 0, 0, -1, 1, 0, 0, 0, -1, 1, 1], [0, 1, 0, 2, 1, 0, 0, 1, -1, 0, 0, 0, 1, 0, 0]]
[[1, 0, 0, 0, 0, 0, 0, 0, 0, 0, 0, 0, 0, 0, 0], [0, 1, 0, 0, 0, 0, 0, 0, 0, 0, 0, 0, 0, 0, 0], [0, 0, 1, 0, 0, 0, 0, 0, 0, 0, 0, 0, 0, 0, 0], [0, 0, 0, 1, 0, 0, 0, 0, 0, 0, 0, 0, 0, 0, 0], [0, 0, 0, 0, 1, 0, 0, 0, 0, 0, 0, 0, 0, 0, 0], [0, 0, 0, 0, 0, 1, 0, 0, 0, 0, 0, 0, 0, 0, 0], [0, 0, 0, 0, 0, 0, 1, 0, 0, 0, 0, 0, 0, 0, 0], [0, 0, 0, 0, 0, 0, 0, 1, 0, 0, 0, 0, 0, 0, 0], [0, 0, 0, 0, 0, 0, 0, 0, 1, 0, 0, 0, 0, 0, 0], [0, 0, 0, 0, 0, 0, 0, 0, 0, 1, 0, 0, 0, 0, 0], [0, 0, 0, 0, 0, 0, 0, 0, 0, 0, 1, 0, 0, 0, 0], [0, 0, 0, 0, 0, 0, 0, 0, 0, 0, 0, 1, 0, 0, 0], [0, 0, 0, 0, 0, 0, 0, 0, 0, 0, 0, 0, 1, 0, 0], [0, 0, 0, 0, 0, 0, 0, 0, 0, 0, 0, 0, 0, 1, 0], [0, 0, 0, 0, 0, 0, 0, 0, 0, 0, 0, 0, 0, 0, 1]]
[[1, -1, 0, -1, 0, 1, 1, 0, 1, 1, 0, 0, 0, 1, 1], [1, -1, 0, 0, 2, 0, 0, 2, 1, 0, -2, -1, 0, 0, 0], [-1, 0, 1, -2, -2, 2, 2, -2, 1, 2, 2, 1, 0, 2, 2], [1, 0, 0, 1, 0, 0, 0, 0, -1, 0, 0, 1, 0, 0, 0], [-1, 1, 0, -1, -1, 1, 1, -2, 0, 1, 2, 1, 0, 1, 1], [-1, 1, 0, 0, -1, 1, 0, -1, 0, 0, 1, 0, 0, 0, 0], [0, 1, 0, 1, 0, -1, 0, 0, -1, -1, 0, 0, 0, -1, -1], [-1, 0, 0, 0, 0, 0, 0, 1, 1, 0, 0, -1, 0, 0, 0], [1, -1, 0, 0, 1, 0, 0, 1, 1, 0, -1, 0, 0, 0, 0], [1, 0, 0, 1, 1, -1, -1, 1, -1, 0, -1, 0, 0, -1, -1], [-1, 0, 0, -2, -2, 2, 2, -2, 1, 2, 3, 1, 0, 2, 2], [-1, 0, 0, 1, 1, -1, -1, 1, 1, -1, -1, -1, 0, -1, -1], [0, -1, 0, 1, 2, -1, -1, 2, 1, -1, -2, -2, 1, -1, -1], [2, -1, 0, 1, 2, -1, -1, 2, -1, -1, -2, 0, 0, 0, -1], [-1, 0, 0, -1, -1, 1, 1, -1, 1, 1, 1, 0, 0, 1, 2]]
[[1, 0, 0, 0, 0, 0, 0, 0, 0, 0, 0, 0, 0, 0, 0], [0, 1, 0, 0, 0, 0, 0, 0, 0, 0, 0, 0, 0, 0, 0], [0, 0, 1, 0, 0, 0, 0, 0, 0, 0, 0, 0, 0, 0, 0], [0, 0, 0, 1, 0, 0, 0, 0, 0, 0, 0, 0, 0, 0, 0], [0, 0, 0, 0, 1, 0, 0, 0, 0, 0, 0, 0, 0, 0, 0], [0, 0, 0, 0, 0, 1, 0, 0, 0, 0, 0, 0, 0, 0, 0], [0, 0, 0, 0, 0, 0, 1, 0, 0, 0, 0, 0, 0, 0, 0], [0, 0, 0, 0, 0, 0, 0, 1, 0, 0, 0, 0, 0, 0, 0], [0, 0, 0, 0, 0, 0, 0, 0, 1, 0, 0, 0, 0, 0, 0], [0, 0, 0, 0, 0, 0, 0, 0, 0, 1, 0, 0, 0, 0, 0], [0, 0, 0, 0, 0, 0, 0, 0, 0, 0, 1, 0, 0, 0, 0], [0, 0, 0, 0, 0, 0, 0, 0, 0, 0, 0, 1, 0, 0, 0], [0, 0, 0, 0, 0, 0, 0, 0, 0, 0, 0, 0, 1, 0, 0], [0, 0, 0, 0, 0, 0, 0, 0, 0, 0, 0, 0, 0, 1, 0], [0, 0, 0, 0, 0, 0, 0, 0, 0, 0, 0, 0, 0, 0, 1]]
[[1, 0, 0, 0, 0, 0, 0, 0, 0, 0, 0, 0, 0, 0, 0], [0, 1, 0, 0, 0, 0, 0, 0, 0, 0, 0, 0, 0, 0, 0], [2, 0, 0, 0, 0, -1, 0, 0, -1, -1, -1, 0, -1, -1, -1], [0, 0, 0, 1, 0, 0, 0, 0, 0, 0, 0, 0, 0, 0, 0], [0, 0, 0, 0, 1, 0, 0, 0, 0, 0, 0, 0, 0, 0, 0], [-1, -1, 0, -2, -1, 1, 0, -1, 1, 1, 1, 0, 0, 1, 2], [0, 0, 0, 0, 0, 0, 1, 0, 0, 0, 0, 0, 0, 0, 0], [0, 0, 0, 0, 0, 0, 0, 1, 0, 0, 0, 0, 0, 0, 0], [2, 0, -1, 3, 3, -2, -1, 3, -1, -1, -2, -1, 1, -1, -2], [-2, 0, 1, -3, -3, 2, 1, -3, 2, 2, 2, 1, -1, 1, 2], [0, 0, 0, 0, 0, 0, 0, 0, 0, 0, 1, 0, 0, 0, 0], [2, 0, -1, 3, 3, -2, -1, 3, -2, -1, -2, 0, 1, -1, -2], [2, 0, -1, 0, 0, -1, 0, 0, -1, -1, -1, 0, 0, -1, -1], [0, 0, 0, 0, 0, 0, 0, 0, 0, 0, 0, 0, 0, 1, 0], [1, 1, 0, 2, 1, 0, 0, 1, -1, -1, -1, 0, 0, -1, -1]]
[[0, 0, 0, 1, 0, 1, 0, 1, 1, 0, 0, 0, 0, 0, 0], [0, 0, 0, 0, 0, 0, 0, 0, 1, 0, 0, 1, -1, 0, 0], [2, 0, -1, 6, 5, -2, -2, 5, -2, -2, -3, -1, 2, -1, -3], [-1, 0, 0, -2, -3, 1, 0, -2, 1, 0, 1, -1, 0, -1, 1], [0, 0, 0, 0, -1, 2, 0, 0, 0, 0, 0, 0, 0, 0, 0], [0, 0, 0, 0, 0, 1, 0, 0, 0, 0, 0, 0, 0, 0, 0], [1, 0, 0, -1, 0, -1, 1, -1, -1, 0, 0, 0, 0, 0, 0], [2, 0, 0, 2, 3, -2, 0, 2, -2, 0, -1, 1, 0, 1, -1], [0, 0, 0, 0, 0, 0, 0, 0, 1, 0, 0, 0, 0, 0, 0], [-2, 0, 0, -3, -3, 1, 0, -2, 2, 0, 1, -1, -1, -1, 1], [1, -1, 0, 0, -1, 2, 0, 1, 0, 1, 0, 0, 0, 1, 1], [1, 1, 0, 2, 3, -2, 0, 1, -2, -1, -1, 1, 0, 1, -1], [1, 0, 0, 2, 3, -2, 0, 1, -1, -1, -1, 1, 0, 1, -1], [-1, -1, 0, -2, -1, 0, 0, -1, 2, 1, 1, 0, 0, 0, 1], [1, 1, 0, 2, 0, 0, 0, 0, -2, -1, 0, 1, 0, 0, -1]]
[[1, 0, 0, 0, 0, 0, 0, 0, 0, 0, 0, 0, 0, 0, 0], [0, 1, 0, 0, 0, 0, 0, 0, 0, 0, 0, 0, 0, 0, 0], [0, 0, 1, 0, 0, 0, 0, 0, 0, 0, 0, 0, 0, 0, 0], [0, 0, 0, 1, 0, 0, 0, 0, 0, 0, 0, 0, 0, 0, 0], [0, 0, 0, 0, 1, 0, 0, 0, 0, 0, 0, 0, 0, 0, 0], [0, 0, 0, 0, 0, 1, 0, 0, 0, 0, 0, 0, 0, 0, 0], [0, 0, 0, 0, 0, 0, 1, 0, 0, 0, 0, 0, 0, 0, 0], [0, 0, 0, 0, 0, 0, 0, 1, 0, 0, 0, 0, 0, 0, 0], [0, 0, 0, 0, 0, 0, 0, 0, 1, 0, 0, 0, 0, 0, 0], [0, 0, 0, 0, 0, 0, 0, 0, 0, 1, 0, 0, 0, 0, 0], [0, 0, 0, 0, 0, 0, 0, 0, 0, 0, 1, 0, 0, 0, 0], [0, 0, 0, 0, 0, 0, 0, 0, 0, 0, 0, 1, 0, 0, 0], [0, 0, 0, 0, 0, 0, 0, 0, 0, 0, 0, 0, 1, 0, 0], [0, 0, 0, 0, 0, 0, 0, 0, 0, 0, 0, 0, 0, 1, 0], [0, 0, 0, 0, 0, 0, 0, 0, 0, 0, 0, 0, 0, 0, 1]]
[[1, 0, 0, 0, 0, 0, 0, 0, 0, 0, 0, 0, 0, 0, 0], [-1, 1, 0, -1, -2, 1, 0, -2, 0, 0, 1, 0, 0, 0, 1], [0, 0, 1, 0, 0, 0, 0, 0, 0, 0, 0, 0, 0, 0, 0], [1, 0, 0, 2, 2, -1, 0, 2, 0, 0, -1, 0, 0, 0, -1], [1, 0, 0, 1, 3, -1, 0, 2, 0, 0, -1, 0, 0, 0, -1], [1, 0, 0, 1, 2, 0, 0, 2, 0, 0, -1, 0, 0, 0, -1], [0, 0, 0, 0, 0, 0, 1, 0, 0, 0, 0, 0, 0, 0, 0], [-1, 0, 0, -1, -2, 1, 0, -1, 0, 0, 1, 0, 0, 0, 1], [-1, 0, 0, -1, -2, 1, 0, -2, 1, 0, 1, 0, 0, 0, 1], [0, 0, 0, 0, 0, 0, 0, 0, 0, 1, 0, 0, 0, 0, 0], [1, 0, 0, 1, 2, -1, 0, 2, 0, 0, 0, 0, 0, 0, -1], [-1, 0, 0, -1, -2, 1, 0, -2, 0, 0, 1, 1, 0, 0, 1], [-1, 0, 0, -1, -2, 1, 0, -2, 0, 0, 1, 0, 1, 0, 1], [-1, 0, 0, -1, -2, 1, 0, -2, 0, 0, 1, 0, 0, 1, 1], [1, 0, 0, 1, 2, -1, 0, 2, 0, 0, -1, 0, 0, 0, 0]]
[[0, -1, 0, -2, -1, 0, 0, -1, 0, 1, 1, 0, 0, 1, 1], [0, 0, 0, 0, 0, 0, 0, 0, -1, 0, 0, -1, 1, 0, 0], [-2, 0, 1, -6, -5, 2, 2, -5, 2, 2, 3, 1, -2, 1, 3], [1, 0, 0, 2, 3, -1, 0, 2, -1, 0, -1, 1, 0, 1, -1], [0, -1, 0, -1, 0, -1, 0, 0, 1, 1, 1, 0, 0, 1, 1], [0, -1, 0, -1, -1, 0, 0, 0, 1, 1, 1, 0, 0, 1, 1], [-1, 1, 0, 2, 1, 0, -1, 1, 0, -1, -1, 0, 0, -1, -1], [-2, 0, 0, -2, -3, 2, 0, -2, 2, 0, 1, -1, 0, -1, 1], [0, 0, 0, 0, 0, 0, 0, 0, -1, 0, 0, 0, 0, 0, 0], [2, 0, 0, 3, 3, -1, 0, 2, -2, 0, -1, 1, 1, 1, -1], [-1, -1, 0, -2, -1, 0, 0, -1, 2, 1, 2, 0, 0, 1, 1], [-1, 0, 0, -1, -2, 1, 0, -1, 1, 0, 0, -1, 0, -2, 0], [-1, 1, 0, -1, -2, 1, 0, -1, 0, 0, 0, -1, 0, -2, 0], [1, 1, 0, 2, 1, 0, 0, 1, -2, -1, -1, 0, 0, 0, -1], [-1, -1, 0, -2, 0, 0, 0, 0, 2, 1, 0, -1, 0, 0, 1]]
[[1, 0, 0, 0, 1, 0, 1, 0, 0, 0, -1, 0, 0, 0, 0], [0, 0, -1, 1, 1, 0, 0, 0, 0, 0, 0, 0, 1, 0, 0], [2, -1, 0, -1, 0, 0, 1, 0, 0, 0, -1, 0, -1, 0, 0], [1, 0, 1, -1, -1, 1, 1, 0, 0, 1, 0, 1, -1, 1, 1], [0, 1, 1, -1, 1, 0, 1, 0, 0, 0, -1, 0, -1, 0, 0], [0, 1, 0, 3, 4, -2, -1, 3, -1, -1, -2, -1, 1, -1, -2], [0, 0, 0, 0, -1, 0, 0, 0, 0, 0, 1, 0, 0, 0, 0], [-1, 0, -1, 2, 1, -1, -1, 1, 0, -1, 0, -1, 1, -1, -1], [1, -1, -1, -1, -1, 0, 0, -1, 0, 0, 0, 0, 0, 0, 1], [-2, 1, 2, -3, -4, 3, 1, -3, 1, 2, 2, 1, -1, 1, 2], [0, 1, 1, -1, 1, 0, 2, 0, 0, 0, -1, 0, -1, 0, 0], [-1, -1, -1, -1, -2, 0, -1, -1, 1, 0, 1, -1, 0, 0, 1], [1, -1, -2, 1, 0, -1, -1, 0, 0, -1, 0, -1, 1, -1, -1], [1, 0, -1, 2, 1, -1, -1, 0, -2, -1, 0, 1, 1, 0, -1], [1, 0, 0, 0, 1, 0, 1, 1, 1, 0, -1, 0, -1, 0, 0]]
[[1, 0, 0, 0, 0, 0, 0, 0, 0, 0, 0, 0, 0, 0, 0], [0, 1, 0, 0, 0, 0, 0, 0, 0, 0, 0, 0, 0, 0, 0], [0, 0, 1, 0, 0, 0, 0, 0, 0, 0, 0, 0, 0, 0, 0], [0, 0, 0, 1, 0, 0, 0, 0, 0, 0, 0, 0, 0, 0, 0], [0, 0, 0, 0, 1, 0, 0, 0, 0, 0, 0, 0, 0, 0, 0], [0, 0, 0, 0, 0, 1, 0, 0, 0, 0, 0, 0, 0, 0, 0], [0, 0, 0, 0, 0, 0, 1, 0, 0, 0, 0, 0, 0, 0, 0], [0, 0, 0, 0, 0, 0, 0, 1, 0, 0, 0, 0, 0, 0, 0], [0, 0, 0, 0, 0, 0, 0, 0, 1, 0, 0, 0, 0, 0, 0], [0, 0, 0, 0, 0, 0, 0, 0, 0, 1, 0, 0, 0, 0, 0], [0, 0, 0, 0, 0, 0, 0, 0, 0, 0, 1, 0, 0, 0, 0], [0, 0, 0, 0, 0, 0, 0, 0, 0, 0, 0, 1, 0, 0, 0], [0, 0, 0, 0, 0, 0, 0, 0, 0, 0, 0, 0, 1, 0, 0], [0, 0, 0, 0, 0, 0, 0, 0, 0, 0, 0, 0, 0, 1, 0], [0, 0, 0, 0, 0, 0, 0, 0, 0, 0, 0, 0, 0, 0, 1]]
[[1, 0, 0, 0, 0, 0, 0, 0, 0, 0, 0, 0, 0, 0, 0], [0, 1, 0, 0, 0, 0, 0, 0, 0, 0, 0, 0, 0, 0, 0], [0, 0, 1, 0, 0, 0, 0, 0, 0, 0, 0, 0, 0, 0, 0], [0, 0, 0, 1, 0, 0, 0, 0, 0, 0, 0, 0, 0, 0, 0], [0, 0, 0, 0, 1, 0, 0, 0, 0, 0, 0, 0, 0, 0, 0], [0, 0, 0, 0, 0, 1, 0, 0, 0, 0, 0, 0, 0, 0, 0], [0, 0, 0, 0, 0, 0, 1, 0, 0, 0, 0, 0, 0, 0, 0], [0, 0, 0, 0, 0, 0, 0, 1, 0, 0, 0, 0, 0, 0, 0], [0, 0, 0, 0, 0, 0, 0, 0, 1, 0, 0, 0, 0, 0, 0], [0, 0, 0, 0, 0, 0, 0, 0, 0, 1, 0, 0, 0, 0, 0], [0, 0, 0, 0, 0, 0, 0, 0, 0, 0, 1, 0, 0, 0, 0], [0, 0, 0, 0, 0, 0, 0, 0, 0, 0, 0, 1, 0, 0, 0], [0, 0, 0, 0, 0, 0, 0, 0, 0, 0, 0, 0, 1, 0, 0], [0, 0, 0, 0, 0, 0, 0, 0, 0, 0, 0, 0, 0, 1, 0], [0, 0, 0, 0, 0, 0, 0, 0, 0, 0, 0, 0, 0, 0, 1]]
[[0, 1, -1, 3, 3, -2, -2, 2, -1, -2, -2, -1, 1, -2, -2], [0, 1, 0, 0, 0, 0, 0, 0, 0, 0, 0, 0, 0, 0, 0], [1, 0, -1, 2, 2, -2, -2, 2, -1, -2, -2, -1, 0, -2, -2], [-1, 0, -1, 1, 1, -1, -1, 0, 0, -1, 0, -1, 1, -1, -1], [0, 0, -1, 2, 2, -1, -1, 2, 1, -1, -2, -2, 1, -3, -1], [0, 0, 0, 1, 1, 0, 0, 1, 0, 0, -1, -1, 1, -1, 0], [-1, -1, 1, -3, -3, 2, 1, -2, 1, 2, 2, 1, -1, 2, 2], [0, 0, 2, -4, -4, 2, 2, -3, 0, 2, 2, 2, -2, 2, 2], [1, 0, -1, 1, 2, -2, -1, 1, -1, -1, -1, 0, 0, 0, -1], [0, 1, -1, 4, 4, -1, 0, 3, 0, -1, -1, -1, 2, -1, -2], [-1, 1, 0, 1, 0, -1, -1, 0, 0, -1, -1, -1, 0, -3, -1], [2, -1, 0, -2, -1, 0, 1, -1, -1, 1, 1, 2, -1, 2, 1], [2, 0, 0, 0, 0, 0, 0, 0, -2, 0, 0, 2, -1, 2, 0], [0, 0, 0, 0, 0, 0, 0, 0, 0, 0, 0, 0, 0, 1, 0], [-1, 0, 0, -3, -3, 1, 0, -3, 1, 0, 1, 0, -1, -1, 1]]
[[1, -1, -1, 2, 2, -1, -1, 3, 0, 0, -1, -1, 1, 0, 0], [2, 0, -1, 6, 6, -3, -2, 6, -2, -1, -3, -1, 2, -1, -3], [-1, 0, 0, -2, -2, 1, 1, -1, 2, 1, 1, 0, -1, 0, 2], [-1, 0, 0, -2, -3, 1, 0, -2, 1, 0, 1, -1, 0, -1, 1], [-2, -2, 0, -4, -3, 2, 0, -2, 2, 2, 2, 0, 0, 2, 4], [-1, -1, 0, -2, -2, 1, 0, -2, 0, 1, 2, 1, 0, 2, 2], [0, 1, 1, -2, -2, 1, 2, -3, 0, 0, 1, 1, -1, 0, 0], [1, 1, 1, 1, 1, 0, 1, 0, -1, 0, 0, 2, -1, 1, -1], [1, 0, 0, 1, 1, -1, 0, 2, 0, 0, -1, -1, 0, -1, -1], [-1, 0, -1, 2, 2, -1, -2, 2, 0, -1, -1, -2, 2, -1, -1], [-2, -2, 1, -5, -5, 4, 1, -3, 3, 3, 3, 1, -1, 3, 5], [1, 2, 1, 2, 2, -1, 1, 1, -2, -1, -1, 1, -1, 0, -2], [2, 2, 0, 4, 4, -2, 1, 3, -2, -1, -2, 0, 0, -1, -3], [2, 0, -1, 3, 3, -2, -1, 3, -1, -1, -2, -1, 1, -2, -3], [0, 0, 0, 0, 0, 0, 0, 0, 0, 0, 0, 0, 0, 0, 1]]
[[1, 0, -1, 2, 2, -1, -1, 2, 0, -1, -1, -1, 1, -1, -1], [0, 1, 0, 0, 0, 0, 0, 0, 0, 0, 0, 0, 0, 0, 0], [0, 0, 0, 2, 2, -1, -1, 2, 0, -1, -1, -1, 1, -1, -1], [0, 0, -1, 3, 2, -1, -1, 2, 0, -1, -1, -1, 1, -1, -1], [0, 0, -1, 2, 3, -1, -1, 2, 0, -1, -1, -1, 1, -1, -1], [0, 0, 0, 0, 0, 1, 0, 0, 0, 0, 0, 0, 0, 0, 0], [0, 0, 1, -2, -2, 1, 2, -2, 0, 1, 1, 1, -1, 1, 1], [0, 0, 2, -4, -4, 2, 2, -3, 0, 2, 2, 2, -2, 2, 2], [0, 0, 0, 0, 0, 0, 0, 0, 1, 0, 0, 0, 0, 0, 0], [0, 0, -2, 4, 4, -2, -2, 4, 0, -1, -2, -2, 2, -2, -2], [0, 0, 0, 0, 0, 0, 0, 0, 0, 0, 1, 0, 0, 0, 0], [0, 0, 1, -2, -2, 1, 1, -2, 0, 1, 1, 2, -1, 1, 1], [0, 0, 1, -2, -2, 1, 1, -2, 0, 1, 1, 1, 0, 1, 1], [0, 0, 0, 0, 0, 0, 0, 0, 0, 0, 0, 0, 0, 1, 0], [0, 0, 0, 0, 0, 0, 0, 0, 0, 0, 0, 0, 0, 0, 1]]
[[1, 0, 0, 0, 0, 0, 0, 0, 0, 0, 0, 0, 0, 0, 0], [0, 1, 0, 0, 0, 0, 0, 0, 0, 0, 0, 0, 0, 0, 0], [0, 0, 1, 0, 0, 0, 0, 0, 0, 0, 0, 0, 0, 0, 0], [0, 0, 0, 1, 0, 0, 0, 0, 0, 0, 0, 0, 0, 0, 0], [0, 0, 0, 0, 1, 0, 0, 0, 0, 0, 0, 0, 0, 0, 0], [0, 0, 0, 0, 0, 1, 0, 0, 0, 0, 0, 0, 0, 0, 0], [0, 0, 0, 0, 0, 0, 1, 0, 0, 0, 0, 0, 0, 0, 0], [0, 0, 0, 0, 0, 0, 0, 1, 0, 0, 0, 0, 0, 0, 0], [0, 0, 0, 0, 0, 0, 0, 0, 1, 0, 0, 0, 0, 0, 0], [0, 0, 0, 0, 0, 0, 0, 0, 0, 1, 0, 0, 0, 0, 0], [0, 0, 0, 0, 0, 0, 0, 0, 0, 0, 1, 0, 0, 0, 0], [0, 0, 0, 0, 0, 0, 0, 0, 0, 0, 0, 1, 0, 0, 0], [0, 0, 0, 0, 0, 0, 0, 0, 0, 0, 0, 0, 1, 0, 0], [0, 0, 0, 0, 0, 0, 0, 0, 0, 0, 0, 0, 0, 1, 0], [0, 0, 0, 0, 0, 0, 0, 0, 0, 0, 0, 0, 0, 0, 1]]
[[1, 0, 0, 0, 0, 0, 0, 0, 0, 0, 0, 0, 0, 0, 0], [0, 1, 0, 0, 0, 0, 0, 0, 0, 0, 0, 0, 0, 0, 0], [0, 0, 1, 0, 0, 0, 0, 0, 0, 0, 0, 0, 0, 0, 0], [0, 0, 0, 1, 0, 0, 0, 0, 0, 0, 0, 0, 0, 0, 0], [0, 0, 0, 0, 1, 0, 0, 0, 0, 0, 0, 0, 0, 0, 0], [0, 0, 0, 0, 0, 1, 0, 0, 0, 0, 0, 0, 0, 0, 0], [0, 0, 0, 0, 0, 0, 1, 0, 0, 0, 0, 0, 0, 0, 0], [0, 0, 0, 0, 0, 0, 0, 1, 0, 0, 0, 0, 0, 0, 0], [0, 0, 0, 0, 0, 0, 0, 0, 1, 0, 0, 0, 0, 0, 0], [0, 0, 0, 0, 0, 0, 0, 0, 0, 1, 0, 0, 0, 0, 0], [0, 0, 0, 0, 0, 0, 0, 0, 0, 0, 1, 0, 0, 0, 0], [0, 0, 0, 0, 0, 0, 0, 0, 0, 0, 0, 1, 0, 0, 0], [0, 0, 0, 0, 0, 0, 0, 0, 0, 0, 0, 0, 1, 0, 0], [0, 0, 0, 0, 0, 0, 0, 0, 0, 0, 0, 0, 0, 1, 0], [0, 0, 0, 0, 0, 0, 0, 0, 0, 0, 0, 0, 0, 0, 1]]
[[1, 0, 0, 0, 0, 0, 0, 0, 0, 0, 0, 0, 0, 0, 0], [0, 1, 0, 0, 0, 0, 0, 0, 0, 0, 0, 0, 0, 0, 0], [0, 0, 1, 0, 0, 0, 0, 0, 0, 0, 0, 0, 0, 0, 0], [0, 0, 0, 1, 0, 0, 0, 0, 0, 0, 0, 0, 0, 0, 0], [0, 0, 0, 0, 1, 0, 0, 0, 0, 0, 0, 0, 0, 0, 0], [0, 0, 0, 0, 0, 1, 0, 0, 0, 0, 0, 0, 0, 0, 0], [0, 0, 0, 0, 0, 0, 1, 0, 0, 0, 0, 0, 0, 0, 0], [0, 0, 0, 0, 0, 0, 0, 1, 0, 0, 0, 0, 0, 0, 0], [0, 0, 0, 0, 0, 0, 0, 0, 1, 0, 0, 0, 0, 0, 0], [0, 0, 0, 0, 0, 0, 0, 0, 0, 1, 0, 0, 0, 0, 0], [0, 0, 0, 0, 0, 0, 0, 0, 0, 0, 1, 0, 0, 0, 0], [0, 0, 0, 0, 0, 0, 0, 0, 0, 0, 0, 1, 0, 0, 0], [0, 0, 0, 0, 0, 0, 0, 0, 0, 0, 0, 0, 1, 0, 0], [0, 0, 0, 0, 0, 0, 0, 0, 0, 0, 0, 0, 0, 1, 0], [0, 0, 0, 0, 0, 0, 0, 0, 0, 0, 0, 0, 0, 0, 1]]
[[1, 0, 0, 0, 0, 0, 0, 0, 0, 0, 0, 0, 0, 0, 0], [1, 1, 0, 3, 3, -1, -1, 3, -1, -1, -2, -1, 1, -1, -2], [-1, 0, 1, -3, -3, 1, 1, -3, 1, 1, 2, 1, -1, 1, 2], [0, 0, 0, 1, 0, 0, 0, 0, 0, 0, 0, 0, 0, 0, 0], [-1, 0, 0, -3, -2, 1, 1, -3, 1, 1, 2, 1, -1, 1, 2], [-1, 0, 0, -3, -3, 2, 1, -3, 1, 1, 2, 1, -1, 1, 2], [0, 0, 0, 0, 0, 0, 1, 0, 0, 0, 0, 0, 0, 0, 0], [0, 0, 0, 0, 0, 0, 0, 1, 0, 0, 0, 0, 0, 0, 0], [1, 0, 0, 3, 3, -1, -1, 3, 0, -1, -2, -1, 1, -1, -2], [0, 0, 0, 0, 0, 0, 0, 0, 0, 1, 0, 0, 0, 0, 0], [-1, 0, 0, -3, -3, 1, 1, -3, 1, 1, 3, 1, -1, 1, 2], [1, 0, 0, 3, 3, -1, -1, 3, -1, -1, -2, 0, 1, -1, -2], [1, 0, 0, 3, 3, -1, -1, 3, -1, -1, -2, -1, 2, -1, -2], [1, 0, 0, 3, 3, -1, -1, 3, -1, -1, -2, -1, 1, 0, -2], [0, 0, 0, 0, 0, 0, 0, 0, 0, 0, 0, 0, 0, 0, 1]]
[[1, 0, 0, 0, 0, 0, 0, 0, 0, 0, 0, 0, 0, 0, 0], [1, 0, 0, 1, 2, -1, -1, 2, 0, -1, -2, -1, 0, -1, -1], [-1, 1, 1, -1, -2, 1, 1, -2, 0, 1, 2, 1, 0, 1, 1], [0, 0, 0, -1, -1, 0, 1, -2, 0, 0, 1, 0, 0, 0, 0], [-2, 0, 0, -2, -3, 2, 0, -2, 2, 2, 2, 0, 0, 0, 2], [-1, 0, 0, -1, -2, 2, 0, -1, 1, 1, 1, 0, 0, 0, 1], [0, 0, 0, 0, 0, 0, 1, 0, 0, 0, 0, 0, 0, 0, 0], [0, 0, 0, 0, 0, 0, 0, 1, 0, 0, 0, 0, 0, 0, 0], [1, 0, 0, 1, 2, -1, 0, 1, 0, -1, -1, 0, 0, 0, -1], [1, 0, 0, 1, 2, -1, 0, 1, -1, 0, -1, 0, 0, 0, -1], [-2, 0, 0, -2, -4, 2, 0, -2, 2, 2, 3, 0, 0, 0, 2], [1, 0, 0, 1, 2, -1, 0, 1, -1, -1, -1, 1, 0, 0, -1], [2, 0, 0, 4, 5, -2, -1, 4, -2, -2, -3, 0, 1, 0, -2], [1, -1, 0, 1, 2, -1, -1, 2, 0, -1, -2, -1, 0, 0, -1], [-1, 0, 0, -3, -3, 1, 1, -3, 1, 1, 2, 0, 0, 0, 2]]
[[1, 0, 0, 0, 0, 0, 0, 0, 0, 0, 0, 0, 0, 0, 0], [0, 1, 0, 0, 0, 0, 0, 0, 0, 0, 0, 0, 0, 0, 0], [0, 0, 1, 0, 0, 0, 0, 0, 0, 0, 0, 0, 0, 0, 0], [0, 0, 0, 1, 0, 0, 0, 0, 0, 0, 0, 0, 0, 0, 0], [0, 0, 0, 0, 1, 0, 0, 0, 0, 0, 0, 0, 0, 0, 0], [0, 0, 0, 0, 0, 1, 0, 0, 0, 0, 0, 0, 0, 0, 0], [0, 0, 0, 0, 0, 0, 1, 0, 0, 0, 0, 0, 0, 0, 0], [0, 0, 0, 0, 0, 0, 0, 1, 0, 0, 0, 0, 0, 0, 0], [0, 0, 0, 0, 0, 0, 0, 0, 1, 0, 0, 0, 0, 0, 0], [0, 0, 0, 0, 0, 0, 0, 0, 0, 1, 0, 0, 0, 0, 0], [0, 0, 0, 0, 0, 0, 0, 0, 0, 0, 1, 0, 0, 0, 0], [0, 0, 0, 0, 0, 0, 0, 0, 0, 0, 0, 1, 0, 0, 0], [0, 0, 0, 0, 0, 0, 0, 0, 0, 0, 0, 0, 1, 0, 0], [0, 0, 0, 0, 0, 0, 0, 0, 0, 0, 0, 0, 0, 1, 0], [0, 0, 0, 0, 0, 0, 0, 0, 0, 0, 0, 0, 0, 0, 1]]
[[0, 0, 1, -2, -3, 1, 1, -2, 0, 1, 2, 1, -1, 1, 1], [-1, 1, 1, -2, -3, 1, 1, -2, 0, 1, 2, 1, -1, 1, 1], [0, 0, 1, 0, 0, 0, 0, 0, 0, 0, 0, 0, 0, 0, 0], [0, 0, 0, 1, 0, 0, 0, 0, 0, 0, 0, 0, 0, 0, 0], [1, -1, 0, 1, 1, -1, -1, 0, -2, -1, 0, 1, 0, 1, -1], [0, -1, 0, -2, -2, 1, 0, -2, 0, 0, 1, 1, -1, 1, 1], [1, 0, -1, 2, 3, -1, 0, 2, 0, -1, -2, -1, 1, -1, -1], [1, 0, -1, 2, 3, -1, -1, 3, 0, -1, -2, -1, 1, -1, -1], [-1, 1, 1, 0, -1, 1, 1, 0, 1, 1, 1, 0, 0, 0, 0], [0, -1, 0, -2, -2, 0, 0, -2, 0, 1, 1, 1, -1, 1, 1], [2, -1, -1, 3, 3, -2, -2, 2, -2, -2, -1, 0, 1, 0, -2], [0, 1, 0, 2, 2, 0, 0, 2, 0, 0, -1, 0, 1, -1, -1], [-2, 1, 1, -3, -3, 2, 2, -2, 2, 2, 2, 0, 0, 0, 2], [-2, 1, 1, -3, -3, 2, 2, -2, 2, 2, 2, 0, -1, 1, 2], [1, 0, 0, 3, 2, -1, -1, 2, -2, -1, -1, 0, 1, 0, -1]]
[[-1, 0, 1, -1, -2, 2, 0, -1, 1, 1, 1, 1, -1, 1, 1], [-1, 1, 1, 1, -1, 2, 0, 0, 0, 0, 0, 0, 0, 0, 0], [0, -1, 0, -1, -1, 0, -1, -1, 0, 0, 0, 1, -1, 1, 1], [0, 0, 0, 0, 0, -1, -1, 0, 0, 0, 0, 0, 0, -1, -1], [2, -1, 0, -3, -2, 1, 2, -2, 1, 1, 1, 2, -2, 1, 1], [1, 0, 0, -2, -1, 1, 2, -1, 1, 1, 1, 1, -1, 1, 1], [0, 0, -1, 1, 2, -2, -1, 1, -1, -1, -1, -1, 1, -1, -1], [0, 0, -1, 2, 2, -1, -1, 2, -1, -1, -1, -1, 1, 0, 0], [-1, 0, 0, 2, 1, 0, -2, 1, 0, -1, -1, -1, 1, -1, -1], [0, 1, 1, -2, -3, 1, 2, -3, 0, 1, 2, 1, -1, 0, 0], [2, -2, -1, -1, 0, 0, 0, 1, 1, 1, 0, 1, -1, 1, 1], [1, 1, -1, 6, 6, -3, -2, 4, -3, -3, -3, -1, 2, -1, -3], [-1, 1, 0, 5, 4, -1, -2, 3, -2, -2, -2, -1, 2, 0, -2], [-2, 0, 1, -1, -2, 2, 0, -1, 1, 1, 1, -1, 1, 0, 1], [1, 0, 0, 1, 1, -1, -1, 1, -1, -1, -1, 1, -1, 0, -1]]
[[1, 0, 0, 0, 0, 0, 0, 0, 0, 0, 0, 0, 0, 0, 0], [0, 1, 0, 0, 0, 0, 0, 0, 0, 0, 0, 0, 0, 0, 0], [0, 0, 1, 0, 0, 0, 0, 0, 0, 0, 0, 0, 0, 0, 0], [0, 0, 0, 1, 0, 0, 0, 0, 0, 0, 0, 0, 0, 0, 0], [0, 0, 0, 0, 1, 0, 0, 0, 0, 0, 0, 0, 0, 0, 0], [0, 0, 0, 0, 0, 1, 0, 0, 0, 0, 0, 0, 0, 0, 0], [0, 0, 0, 0, 0, 0, 1, 0, 0, 0, 0, 0, 0, 0, 0], [0, 0, 0, 0, 0, 0, 0, 1, 0, 0, 0, 0, 0, 0, 0], [0, 0, 0, 0, 0, 0, 0, 0, 1, 0, 0, 0, 0, 0, 0], [0, 0, 0, 0, 0, 0, 0, 0, 0, 1, 0, 0, 0, 0, 0], [0, 0, 0, 0, 0, 0, 0, 0, 0, 0, 1, 0, 0, 0, 0], [0, 0, 0, 0, 0, 0, 0, 0, 0, 0, 0, 1, 0, 0, 0], [0, 0, 0, 0, 0, 0, 0, 0, 0, 0, 0, 0, 1, 0, 0], [0, 0, 0, 0, 0, 0, 0, 0, 0, 0, 0, 0, 0, 1, 0], [0, 0, 0, 0, 0, 0, 0, 0, 0, 0, 0, 0, 0, 0, 1]]
[[1, 0, 0, 0, 1, 0, 1, 0, 0, 0, -1, 0, 0, 0, 0], [0, 0, -1, 1, 1, 0, 0, 0, 0, 0, 0, 0, 1, 0, 0], [2, -1, 0, -1, 0, 0, 1, 0, 0, 0, -1, 0, -1, 0, 0], [1, 0, 1, -1, -1, 1, 1, 0, 0, 1, 0, 1, -1, 1, 1], [0, 1, 1, -1, 1, 0, 1, 0, 0, 0, -1, 0, -1, 0, 0], [0, 1, 0, 3, 4, -2, -1, 3, -1, -1, -2, -1, 1, -1, -2], [0, 0, 0, 0, -1, 0, 0, 0, 0, 0, 1, 0, 0, 0, 0], [-1, 0, -1, 2, 1, -1, -1, 1, 0, -1, 0, -1, 1, -1, -1], [1, -1, -1, -1, -1, 0, 0, -1, 0, 0, 0, 0, 0, 0, 1], [-2, 1, 2, -3, -4, 3, 1, -3, 1, 2, 2, 1, -1, 1, 2], [0, 1, 1, -1, 1, 0, 2, 0, 0, 0, -1, 0, -1, 0, 0], [-1, -1, -1, -1, -2, 0, -1, -1, 1, 0, 1, -1, 0, 0, 1], [1, -1, -2, 1, 0, -1, -1, 0, 0, -1, 0, -1, 1, -1, -1], [1, 0, -1, 2, 1, -1, -1, 0, -2, -1, 0, 1, 1, 0, -1], [1, 0, 0, 0, 1, 0, 1, 1, 1, 0, -1, 0, -1, 0, 0]]
[[1, 0, 0, 0, 0, 0, 0, 0, 0, 0, 0, 0, 0, 0, 0], [0, 1, 0, 0, 0, 0, 0, 0, 0, 0, 0, 0, 0, 0, 0], [0, 0, 1, 0, 0, 0, 0, 0, 0, 0, 0, 0, 0, 0, 0], [0, 0, 0, 1, 0, 0, 0, 0, 0, 0, 0, 0, 0, 0, 0], [0, 0, 0, 0, 1, 0, 0, 0, 0, 0, 0, 0, 0, 0, 0], [0, 0, 0, 0, 0, 1, 0, 0, 0, 0, 0, 0, 0, 0, 0], [0, 0, 0, 0, 0, 0, 1, 0, 0, 0, 0, 0, 0, 0, 0], [0, 0, 0, 0, 0, 0, 0, 1, 0, 0, 0, 0, 0, 0, 0], [0, 0, 0, 0, 0, 0, 0, 0, 1, 0, 0, 0, 0, 0, 0], [0, 0, 0, 0, 0, 0, 0, 0, 0, 1, 0, 0, 0, 0, 0], [0, 0, 0, 0, 0, 0, 0, 0, 0, 0, 1, 0, 0, 0, 0], [0, 0, 0, 0, 0, 0, 0, 0, 0, 0, 0, 1, 0, 0, 0], [0, 0, 0, 0, 0, 0, 0, 0, 0, 0, 0, 0, 1, 0, 0], [0, 0, 0, 0, 0, 0, 0, 0, 0, 0, 0, 0, 0, 1, 0], [0, 0, 0, 0, 0, 0, 0, 0, 0, 0, 0, 0, 0, 0, 1]]
[[1, -1, -1, 0, 1, -1, 0, 1, 0, 0, 0, -1, 1, 0, 0], [1, -1, -1, -1, 1, -2, 0, 0, 0, 0, 0, 0, 0, 0, 0], [0, 1, 0, 1, 1, 0, 1, 1, 0, 0, 0, -1, 1, -1, -1], [0, 0, 0, 0, 0, 1, 1, 0, 0, 0, 0, 0, 0, 1, 1], [-2, 0, 0, 2, 1, 0, -2, 2, 0, 0, 0, -2, 2, 0, 0], [-1, -1, 0, 1, 0, 0, -2, 1, 0, 0, 0, -1, 1, 0, 0], [0, 1, 1, 0, -1, 1, 1, -1, 0, 0, 0, 1, -1, 0, 0], [0, 0, 1, -2, -2, 1, 1, -2, 1, 1, 1, 1, -1, 0, 0], [1, 0, 0, -2, -1, 0, 2, -1, 0, 1, 1, 1, -1, 1, 1], [0, -1, -1, 2, 3, -1, -2, 3, 0, -1, -2, -1, 1, 0, 0], [-2, 0, 1, -1, -2, 2, 0, -1, 1, 1, 2, -1, 1, 1, 1], [-1, 0, 1, -5, -5, 2, 2, -4, 2, 2, 2, 1, -2, 0, 2], [1, 0, 0, -4, -3, 0, 2, -3, 1, 1, 1, 1, -2, -1, 1], [2, 0, -1, 1, 2, -2, 0, 1, -1, -1, -1, 1, -1, 0, -1], [-1, 0, 0, -1, -1, 1, 1, -1, 1, 1, 1, -1, 1, 0, 1]]
[[1, 0, 0, 0, 0, 0, 0, 0, 0, 0, 0, 0, 0, 0, 0], [1, 1, -1, 3, 3, -2, -1, 2, -1, -1, -1, 0, 1, -1, -2], [0, 0, 1, 0, 0, 0, 0, 0, 0, 0, 0, 0, 0, 0, 0], [-1, 0, 1, -2, -3, 2, 1, -2, 1, 1, 1, 0, -1, 1, 2], [-1, 0, 1, -3, -2, 2, 1, -2, 1, 1, 1, 0, -1, 1, 2], [0, 0, 0, 0, 0, 1, 0, 0, 0, 0, 0, 0, 0, 0, 0], [0, 0, 0, 0, 0, 0, 1, 0, 0, 0, 0, 0, 0, 0, 0], [1, 0, -1, 3, 3, -2, -1, 3, -1, -1, -1, 0, 1, -1, -2], [0, 0, 0, 0, 0, 0, 0, 0, 1, 0, 0, 0, 0, 0, 0], [-1, 0, 1, -3, -3, 2, 1, -2, 1, 2, 1, 0, -1, 1, 2], [-1, 0, 1, -3, -3, 2, 1, -2, 1, 1, 2, 0, -1, 1, 2], [0, 0, 0, 0, 0, 0, 0, 0, 0, 0, 0, 1, 0, 0, 0], [1, 0, -1, 3, 3, -2, -1, 2, -1, -1, -1, 0, 2, -1, -2], [1, 0, -1, 3, 3, -2, -1, 2, -1, -1, -1, 0, 1, 0, -2], [0, 0, 0, 0, 0, 0, 0, 0, 0, 0, 0, 0, 0, 0, 1]]

Generators of monodromy action on conics:
(81,83)(82,84)(85,87)(86,88)(105,107)(106,108)(133,135)(134,136)(185,201)(186,202)(191,207)(192,208)(209,239)(210,240)(211,236)(212,235)(215,229)(216,230)(217,223)(218,224)
(77,90)(78,89)(79,91)(80,92)(113,126)(114,125)(115,127)(116,128)(141,166)(142,165)(143,168)(144,167)(149,182)(150,181)(151,183)(152,184)(157,180)(158,179)(159,178)(160,177)
(73,93)(74,94)(75,95)(76,96)(109,129)(110,130)(111,131)(112,132)(137,169)(138,170)(139,171)(140,172)(149,183)(150,184)(151,182)(152,181)(153,175)(154,176)(155,173)(156,174)
(69,71)(70,72)(97,99)(98,100)(117,119)(118,120)(121,123)(122,124)(149,152)(150,151)(181,183)(182,184)(187,197)(188,198)(195,205)(196,206)(211,230)(212,229)(213,233)(214,234)(215,235)(216,236)(219,227)(220,228)
(65,68)(66,67)(101,103)(102,104)(145,148)(146,147)(161,164)(162,163)(189,194)(190,193)(199,204)(200,203)(211,215)(212,216)(221,225)(222,226)(229,236)(230,235)(231,238)(232,237)
(33,64)(34,63)(35,62)(36,61)(37,60)(38,59)(39,58)(40,57)(41,56)(42,55)(43,53)(44,54)(45,52)(46,51)(47,49)(48,50)
(1,3)(2,4)(5,25)(6,26)(7,27)(8,28)(9,12)(10,11)(13,17)(14,18)(15,20)(16,19)(21,23)(22,24)(29,31)(30,32)(33,56)(34,55)(35,53)(36,54)(37,46)(38,45)(39,48)(40,47)(41,64)(42,63)(43,62)(44,61)(49,57)(50,58)(51,60)(52,59)(65,145)(66,146)(67,147)(68,148)(73,170)(74,169)(75,171)(76,172)(77,166)(78,165)(79,167)(80,168)(81,106)(82,105)(83,108)(84,107)(85,135)(86,136)(87,133)(88,134)(89,142)(90,141)(91,144)(92,143)(93,138)(94,137)(95,139)(96,140)(97,100)(98,99)(101,161)(102,162)(103,164)(104,163)(109,173)(110,174)(111,176)(112,175)(113,178)(114,177)(115,180)(116,179)(121,124)(122,123)(125,160)(126,159)(127,157)(128,158)(129,155)(130,156)(131,154)(132,153)(149,151)(150,152)(181,184)(182,183)(185,223)(186,224)(189,231)(190,232)(191,210)(192,209)(193,237)(194,238)(195,206)(196,205)(199,222)(200,221)(201,217)(202,218)(203,225)(204,226)(207,240)(208,239)(213,234)(214,233)
(1,18)(2,17)(3,20)(4,19)(5,24)(6,23)(7,22)(8,21)(9,27)(10,28)(11,26)(12,25)(13,30)(14,29)(15,31)(16,32)(33,49)(34,50)(35,52)(36,51)(37,53)(38,54)(39,56)(40,55)(41,58)(42,57)(43,60)(44,59)(45,62)(46,61)(47,64)(48,63)(65,101)(66,102)(67,104)(68,103)(69,99)(70,100)(71,97)(72,98)(73,93)(74,94)(75,95)(76,96)(77,80)(78,79)(89,91)(90,92)(105,108)(106,107)(109,110)(111,112)(113,128)(114,127)(115,125)(116,126)(117,122)(118,121)(119,124)(120,123)(129,130)(131,132)(133,136)(134,135)(137,138)(139,140)(141,167)(142,168)(143,165)(144,166)(145,163)(146,164)(147,161)(148,162)(149,181)(150,182)(151,184)(152,183)(153,175)(154,176)(155,173)(156,174)(157,159)(158,160)(169,170)(171,172)(177,179)(178,180)(185,202)(186,201)(187,214)(188,213)(189,225)(190,226)(193,222)(194,221)(195,227)(196,228)(197,234)(198,233)(199,231)(200,232)(203,237)(204,238)(205,219)(206,220)(209,240)(210,239)(211,230)(212,229)(215,235)(216,236)
(1,38)(2,37)(3,40)(4,39)(5,34)(6,33)(7,36)(8,35)(9,47)(10,48)(11,46)(12,45)(13,42)(14,41)(15,43)(16,44)(17,53)(18,54)(19,56)(20,55)(21,52)(22,51)(23,49)(24,50)(25,62)(26,61)(27,64)(28,63)(29,58)(30,57)(31,60)(32,59)(69,97)(70,98)(71,99)(72,100)(105,133)(106,134)(107,135)(108,136)(109,111)(110,112)(129,131)(130,132)(137,171)(138,172)(139,169)(140,170)(141,167)(142,168)(143,165)(144,166)(145,163)(146,164)(147,161)(148,162)(157,159)(158,160)(177,179)(178,180)(185,209)(186,210)(195,219)(196,220)(199,231)(200,232)(201,239)(202,240)(203,237)(204,238)(205,227)(206,228)
