
#########################################################
# DATA FOR CRYSTALLOGRAPHIC QUARTIC SURFACE FAMILY 18.1 #
#########################################################


##################
# GROUP & FAMILY #
##################

Generators of crystallographic group:
[[-1, 0, -1, 0], [0, -1, 0, -1], [0, 0, 1, 0], [0, 0, 0, 1]]
[[0, -1, 0, -1], [1, 0, 1, 0], [0, 0, 0, 1], [0, 0, -1, 0]]

Invariant polynomials:
z^4 + w^4
-z^3*w + z*w^3
-x^4 - y^4 - 2*x^3*z + x*z^3 - 2*y^3*w + y*w^3
4*x^3*y - 4*x*y^3 + 6*x^2*y*z - 2*y^3*z - y*z^3 + 2*x^3*w - 6*x*y^2*w + 3*x^2*z*w - 3*y^2*z*w + x*w^3
z^2*w^2
-x^2*z*w + y^2*z*w - x*z^2*w + y*z*w^2
-2*x^2*y^2 - 2*x*y^2*z - 2*x^2*y*w + y*z^2*w + x*z*w^2
x^4 + y^4 + 2*x^3*z + x^2*z^2 + 2*y^3*w + y^2*w^2
-2*x^3*y + 2*x*y^3 - 3*x^2*y*z + y^3*z - x*y*z^2 - x^3*w + 3*x*y^2*w - x^2*z*w + y^2*z*w + x*y*w^2
2*x^2*y^2 + 2*x*y^2*z + y^2*z^2 + 2*x^2*y*w + x^2*w^2
x^2*y^2 + x*y^2*z + x^2*y*w + x*y*z*w

Equivalent crystallographic groups:

############
# HOMOLOGY #
############


Intersection product:
[[-2, 0, 1, -2, -1, -1, -1, -1, 0, -1, -1, 0, 0, -1, -1, 0, 0, 0, 0, -1, -1, 0], [0, -6, 3, -2, 1, -3, -2, -1, 4, -2, -2, -1, -4, 1, -2, -4, -4, -2, 0, 0, -2, 4], [1, 3, -4, 3, 1, 3, 2, 1, -2, 1, 1, 1, 1, 0, 1, 1, 1, 1, -1, 1, 2, -2], [-2, -2, 3, -4, -1, -2, -2, -2, 1, -2, -2, -1, -1, -1, -2, -1, -1, -1, 0, -2, -2, 1], [-1, 1, 1, -1, -2, -1, 0, 0, 0, 0, 0, 0, 1, 0, 0, 1, 1, 1, 1, 0, -1, 0], [-1, -3, 3, -2, -1, -6, -1, -1, 5, -3, -3, 0, -4, 1, -3, -4, -4, 0, 1, 1, -4, 5], [-1, -2, 2, -2, 0, -1, -2, -1, 1, -1, -1, -1, -1, 0, -1, -1, -1, -1, 0, -1, -1, 1], [-1, -1, 1, -2, 0, -1, -1, -2, 1, -2, -2, 0, -2, -1, -2, -2, -2, -1, -1, -1, -1, 1], [0, 4, -2, 1, 0, 5, 1, 1, -6, 3, 3, 0, 5, -1, 3, 5, 5, 1, 0, -1, 3, -5], [-1, -2, 1, -2, 0, -3, -1, -2, 3, -4, -3, 0, -4, 0, -3, -4, -4, -1, -1, 0, -2, 3], [-1, -2, 1, -2, 0, -3, -1, -2, 3, -3, -4, 0, -4, 0, -3, -4, -4, -1, -1, 0, -2, 3], [0, -1, 1, -1, 0, 0, -1, 0, 0, 0, 0, -2, 0, 1, 0, 0, 0, 0, 0, 0, 0, 0], [0, -4, 1, -1, 1, -4, -1, -2, 5, -4, -4, 0, -6, 0, -3, -5, -5, -2, -1, 0, -2, 4], [-1, 1, 0, -1, 0, 1, 0, -1, -1, 0, 0, 1, 0, -2, -1, 0, 0, 0, -1, -1, 0, -1], [-1, -2, 1, -2, 0, -3, -1, -2, 3, -3, -3, 0, -3, -1, -4, -4, -4, -1, -1, 0, -2, 3], [0, -4, 1, -1, 1, -4, -1, -2, 5, -4, -4, 0, -5, 0, -4, -6, -5, -2, -1, 0, -2, 4], [0, -4, 1, -1, 1, -4, -1, -2, 5, -4, -4, 0, -5, 0, -4, -5, -6, -2, -1, 0, -2, 4], [0, -2, 1, -1, 1, 0, -1, -1, 1, -1, -1, 0, -2, 0, -1, -2, -2, -2, -1, -1, 0, 0], [0, 0, -1, 0, 1, 1, 0, -1, 0, -1, -1, 0, -1, -1, -1, -1, -1, -1, -2, -1, 1, -1], [-1, 0, 1, -2, 0, 1, -1, -1, -1, 0, 0, 0, 0, -1, 0, 0, 0, -1, -1, -2, 0, -1], [-1, -2, 2, -2, -1, -4, -1, -1, 3, -2, -2, 0, -2, 0, -2, -2, -2, 0, 1, 0, -4, 4], [0, 4, -2, 1, 0, 5, 1, 1, -5, 3, 3, 0, 4, -1, 3, 4, 4, 0, -1, -1, 4, -6]]

Basis of the generic Picard lattice:
[1, 0, 0, 0, 0, 0, 0, 0, 0, 0, 0, 0, 0, 1, 0, 2, -1, 0, -1, 0, 0, 0]
[0, 1, 0, 0, 0, 0, 0, 0, 0, 0, 0, -1, 0, 0, 2, 0, -3, 4, 1, -2, 2, 1]
[0, 0, 1, 0, 0, 0, 0, 0, 0, 0, 0, 2, 0, 1, -3, -1, 4, -4, 0, 1, -1, -1]
[0, 0, 0, 1, 0, 0, 0, 0, 0, 0, 0, -1, 0, 1, 1, 3, -2, 0, -2, 0, 0, 1]
[0, 0, 0, 0, 1, 0, 0, 0, 0, 0, 0, 0, 0, 0, -1, 1, 0, -1, 0, 1, 0, 0]
[0, 0, 0, 0, 0, 1, 0, 0, 0, 0, 0, 0, 0, 1, -1, 1, 0, -1, 0, 0, 0, 1]
[0, 0, 0, 0, 0, 0, 1, 0, 0, 0, 0, -1, 0, 1, 1, 2, -2, 2, -1, -1, 1, 1]
[0, 0, 0, 0, 0, 0, 0, 1, 0, 0, 0, 0, 0, 1, 0, 1, 0, 0, -1, -1, 0, 1]
[0, 0, 0, 0, 0, 0, 0, 0, 1, 0, 0, 0, 0, 1, 1, 1, 1, -1, -2, 0, -1, 0]
[0, 0, 0, 0, 0, 0, 0, 0, 0, 1, 0, 1, 0, 1, -2, -1, 3, -3, 0, 0, -1, 0]
[0, 0, 0, 0, 0, 0, 0, 0, 0, 0, 1, 1, 0, 1, -2, 0, 2, -3, 0, 0, -1, 0]
[0, 0, 0, 0, 0, 0, 0, 0, 0, 0, 0, 0, 1, 0, 1, -1, -1, 1, 1, -1, 0, 0]
[0, 0, 0, 0, 0, 0, 0, 0, 0, 0, 0, 0, 0, 2, 0, 2, -1, 1, -1, -1, 1, 1]

Class of hyperplane section:
[4, -2, -4, -3, -1, -3, -4, 0, -1, 1, 1, 3, -1, 1, -1, 0, 0, 3, 0, -1, 0, -3]

Action of the group on homology:
[[1, 0, -1, 1, 0, 0, 0, 0, 0, 0, -1, -1, 0, 1, 0, 0, 0, 1, 0, 1, 1, 0], [0, 1, 0, 0, 0, 0, 0, 0, 0, 0, 0, 0, 0, 0, 0, 0, 0, 0, 0, 0, 0, 0], [-1, 0, 1, -1, 0, 0, -1, -1, 0, -1, 0, 0, 0, -1, -1, -1, 0, -1, 0, -1, 0, 0], [-1, 0, 1, -2, 0, 1, -1, 0, -2, 0, 2, -1, 2, -1, 1, 1, 2, -1, 0, -1, 1, -1], [0, 0, 0, 1, 0, -1, 0, -1, 2, -1, -2, 1, -2, 0, -1, -1, -1, 0, 0, -1, -2, 1], [-1, 1, 0, 0, 0, 0, 0, 0, 0, 0, 0, 1, 0, -1, -1, -1, 0, 0, 0, 0, 0, 0], [-1, -1, 1, -1, 0, -2, 0, -1, 2, -2, -1, 1, -2, -1, -2, -2, -2, -1, 0, -1, -2, 2], [0, 1, -2, 1, 0, 2, 0, 0, -1, 0, 0, -1, 1, 0, 0, 0, 1, 0, 0, 0, 2, -2], [0, 0, 0, 1, 0, -1, 0, 0, 2, 0, -1, 1, -1, 0, -1, -1, -1, 0, 0, 0, -1, 1], [0, -1, 1, -1, 0, -1, 0, 0, 1, 0, 0, 0, -1, 0, 0, 0, -1, 0, 0, 0, -1, 1], [1, 0, 0, 1, 0, 0, 1, 1, 0, 1, 1, 0, 0, 1, 1, 1, 0, 1, 0, 1, 0, 0], [1, 0, -1, 2, 0, 0, 1, 0, 1, 0, -1, 1, -1, 1, 0, 0, -1, 1, 0, 1, 0, 0], [-1, 0, 0, -1, 0, 0, -1, -1, 0, -1, -1, 0, 0, -1, -1, -1, 0, -1, -1, -1, 0, 0], [1, 0, 0, 2, 0, -2, 2, 0, 3, -1, -1, 2, -3, 1, -1, -1, -3, 1, 0, 1, -2, 1], [-1, 0, 0, -2, 1, 2, -2, 0, -3, 1, 1, -1, 2, -1, 1, 0, 2, -2, -1, -1, 2, -1], [0, 1, 0, 1, -1, -1, 1, 0, 1, 0, 0, 1, 0, 0, 0, 1, 0, 1, 1, 0, -1, 0], [1, -1, 0, 2, 0, -2, 1, 0, 3, -1, -1, 1, -2, 1, -1, -1, -2, 1, 1, 1, -2, 2], [1, 0, -1, 1, 1, 2, 0, 0, -1, 1, 0, 0, 0, 0, 0, 0, 0, 0, -1, 0, 1, -1], [0, 0, 0, 0, 0, 0, 0, 0, 0, 0, -1, 0, -1, 0, 0, 0, 0, 0, 0, 0, 0, 0], [-1, 0, 1, -1, -1, -1, -1, 0, 0, 0, 0, 0, 1, 0, 0, 0, 1, 0, 1, 0, -1, 1], [1, 0, 0, 1, 0, 0, 1, 0, 1, 0, 0, 1, -1, 0, 0, 0, -1, 0, 0, 0, 0, 0], [0, 1, 0, 0, 0, 0, 1, 0, 0, 0, 1, 1, 0, -1, 0, 0, 0, 0, 0, 0, 0, 0]]
[[0, 0, 1, -1, -1, 0, -1, 0, -1, 0, 0, -1, 1, 1, 1, 1, 1, 0, 0, 0, 1, -1], [-1, -1, 1, -1, 0, -1, 0, 0, 1, 0, 0, 0, -1, 0, -1, -1, -1, 0, 0, 0, -2, 1], [0, -1, 0, 1, 1, 0, 1, 1, 1, 1, 1, 0, -1, 0, 0, 0, 0, 1, 0, 0, -2, 1], [1, -1, -1, 1, 1, 1, 0, 0, 0, 0, 0, -1, 0, 0, 0, 0, 0, 0, 0, 0, 0, 1], [-1, 1, 0, 0, 0, -1, 1, 0, 0, 0, 0, 1, 0, -1, -1, 0, 0, 1, 0, 0, -1, 0], [-1, 0, 0, 1, 0, 0, 1, 1, 1, 1, 1, 1, -1, 0, 0, 0, 0, 1, 0, 0, -2, 0], [0, -1, 0, 1, 1, -2, 1, 0, 3, -1, -1, 1, -3, 0, -1, -2, -2, 0, 0, 0, -2, 2], [0, 0, 0, 0, 0, 2, 0, 2, -2, 2, 2, -1, 2, 1, 2, 2, 2, 0, 0, 0, 1, -2], [-1, 1, 0, 0, -1, -1, 1, 0, 1, 0, 0, 1, 0, -1, -1, 0, 0, 1, 0, 0, -1, 0], [0, -1, 1, -1, 0, -1, -1, -1, 1, -1, -1, 0, -1, 0, -1, -1, -2, -1, 0, 0, 0, 1], [0, -1, 1, -1, 0, -1, -1, -1, 1, -1, -1, 0, -1, 0, -1, -2, -1, -1, 0, 0, 0, 1], [0, 0, 0, 0, 0, 0, 0, 0, 0, 0, 0, 1, 0, 0, 0, 0, 0, 0, 0, 0, 0, 0], [0, 2, -2, 1, 0, 1, 1, 0, -1, 0, 0, 0, 1, -1, 0, 1, 1, 1, -1, 0, 1, -1], [0, -2, 1, 0, 1, -3, 0, -1, 4, -2, -2, 2, -4, 0, -3, -4, -4, -1, 0, 0, -3, 3], [0, 3, -2, 0, -1, 3, 1, 0, -4, 1, 1, -1, 3, -1, 2, 3, 3, 1, -1, 0, 3, -3], [0, -1, 1, 0, 0, -2, 0, 0, 2, 0, -1, 1, -1, 0, -1, -1, -1, 0, 1, 0, -2, 2], [0, -1, 1, 0, 0, -2, 0, 0, 2, -1, 0, 1, -1, 0, -1, -1, -1, 0, 1, 0, -2, 2], [0, 1, 0, 0, 0, 2, 0, 0, -2, 1, 1, 0, 1, 0, 1, 1, 1, 0, -1, 0, 2, -3], [-1, 0, 0, 0, 0, 0, 0, 0, 0, 0, 0, 0, -1, 0, 0, 0, 0, 0, 0, 0, 0, -1], [0, 2, -1, 1, -1, 0, 1, 1, -1, 1, 1, 0, 2, 0, 1, 2, 2, 2, 1, 1, 0, 0], [0, -2, 1, 0, 1, -1, 0, 0, 2, 0, 0, 1, -2, 0, -1, -2, -2, -1, 0, 0, -1, 1], [0, -2, 1, 0, 1, -1, 0, 0, 2, 0, 0, 1, -2, 0, -1, -2, -2, -1, 0, 0, -2, 2]]

####################
# ALGEBRAIC CURVES #
####################


There are 128 conics:
[3, -1, -3, -2, -1, -2, -3, 1, -1, 1, 1, 2, -1, 1, -1, 0, 0, 2, 0, -2, 0, -1]
[1, -1, -1, -1, 0, -1, -1, -1, 0, 0, 0, 1, 0, 0, 0, 0, 0, 1, 0, 1, 0, -2]
[3, -1, -3, -2, 0, -3, -3, 1, -1, 1, 1, 2, -1, 0, -1, 0, 0, 2, 0, -1, 0, -2]
[1, -1, -1, -1, -1, 0, -1, -1, 0, 0, 0, 1, 0, 1, 0, 0, 0, 1, 0, 0, 0, -1]
[2, -1, -1, -2, 0, -1, -2, 1, 0, -1, 0, 2, 0, 0, 0, 0, 0, 2, 0, 0, 0, -2]
[2, -1, -3, -1, -1, -2, -2, -1, -1, 2, 1, 1, -1, 1, -1, 0, 0, 1, 0, -1, 0, -1]
[2, -1, -2, -1, -1, -2, -2, 1, -1, 1, 0, 1, -1, 0, 0, 0, 0, 2, -1, -1, 0, -1]
[2, -1, -2, -2, 0, -1, -2, -1, 0, 0, 1, 2, 0, 1, -1, 0, 0, 1, 1, 0, 0, -2]
[2, -1, 0, -1, 0, 0, -1, 1, 0, -1, -1, 1, 1, -1, 1, 0, -1, 1, 0, 1, -1, -2]
[2, -1, -4, -2, -1, -3, -3, -1, -1, 2, 2, 2, -2, 2, -2, 0, 1, 2, 0, -2, 1, -1]
[3, -1, -3, -2, -1, -2, -3, 1, -1, 1, 1, 2, -2, 1, -2, 1, 1, 1, -1, -1, 0, -1]
[1, -1, -1, -1, 0, -1, -1, -1, 0, 0, 0, 1, 1, 0, 1, -1, -1, 2, 1, 0, 0, -2]
[3, -1, -3, -1, -2, -2, -3, 0, -1, 1, 1, 1, -1, -1, 1, -1, -1, 2, 0, -1, -1, -2]
[1, -1, -1, -2, 1, -1, -1, 0, 0, 0, 0, 2, 0, 2, -2, 1, 1, 1, 0, 0, 1, -1]
[2, -1, -1, -2, 0, -1, -1, 0, 0, 0, 0, 2, 0, 1, -1, 0, 1, 1, 0, 0, 0, -2]
[2, -1, -3, -1, -1, -2, -3, 0, -1, 1, 1, 1, -1, 0, 0, 0, -1, 2, 0, -1, 0, -1]
[3, -1, -3, -3, 0, -2, -2, 0, 0, 1, 1, 2, -1, 1, -1, 0, 1, 2, 0, -1, 0, -2]
[1, -1, -1, 0, -1, -1, -2, 0, -1, 0, 0, 1, 0, 0, 0, 0, -1, 1, 0, 0, 0, -1]
[2, -1, -1, 0, -2, -1, -2, 0, -1, 0, 0, 1, 0, -1, 1, -1, -1, 1, 0, 0, -1, -2]
[2, -1, -3, -3, 1, -2, -2, 0, 0, 1, 1, 2, -1, 2, -2, 1, 1, 2, 0, -1, 1, -1]
[2, -1, -1, -1, -1, -1, -2, 1, -1, 0, 0, 2, -1, 1, -2, 1, 1, 0, -1, 0, 0, -1]
[2, -1, -3, -2, 0, -2, -2, -1, 0, 1, 1, 1, 0, 0, 1, -1, -1, 3, 1, -1, 0, -2]
[3, -1, -2, -2, 0, -1, -2, 1, 0, 0, 0, 1, 0, -1, 1, 0, -1, 2, 0, 0, -1, -2]
[1, -1, -2, -1, -1, -2, -2, -1, -1, 1, 1, 2, -1, 2, -2, 0, 1, 1, 0, -1, 1, -1]
[3, -1, -4, -3, 0, -2, -3, -1, 0, 1, 2, 2, -1, 1, -1, 0, 0, 2, 1, -1, 0, -2]
[1, -1, 0, 0, -1, -1, -1, 1, -1, 0, -1, 1, 0, 0, 0, 0, 0, 1, -1, 0, 0, -1]
[3, -1, -3, -3, 0, -2, -3, 1, 0, 0, 1, 2, -1, 0, 0, 0, 0, 3, 0, -1, 0, -2]
[1, -1, -1, 0, -1, -1, -1, -1, -1, 1, 0, 1, 0, 1, -1, 0, 0, 0, 0, 0, 0, -1]
[2, -1, -1, -1, 0, -2, -2, 1, -1, 0, 0, 2, 0, 0, -1, 0, 0, 1, 0, 0, 0, -2]
[2, -1, -3, -2, -1, -1, -2, -1, 0, 1, 1, 1, -1, 1, 0, 0, 0, 2, 0, -1, 0, -1]
[2, -1, -1, -1, -1, -1, -2, 1, -1, 0, 0, 2, 0, 1, -1, 0, 0, 1, 0, -1, 0, -1]
[2, -1, -3, -2, 0, -2, -2, -1, 0, 1, 1, 1, -1, 0, 0, 0, 0, 2, 0, 0, 0, -2]
[2, -1, -2, -1, -1, -2, -2, 0, -1, 1, 1, 2, -1, 2, -2, 1, 1, 0, -1, -1, 0, -1]
[2, -1, -2, -2, 0, -1, -2, 0, 0, 0, 0, 1, 0, -1, 1, -1, -1, 3, 1, 0, 0, -2]
[3, -1, -2, -2, -1, 0, -2, 0, 0, 0, 0, 1, 0, -1, 1, -1, -1, 2, 1, 0, -1, -2]
[1, -1, -2, -1, 0, -3, -2, 0, -1, 1, 1, 2, -1, 2, -2, 1, 1, 1, -1, -1, 1, -1]
[3, -1, -2, -3, 0, -1, -2, 1, 0, 0, 0, 2, -1, 0, -1, 0, 1, 2, 0, 0, 0, -2]
[1, -1, -2, 0, -1, -2, -2, -1, -1, 1, 1, 1, 0, 1, 0, 0, -1, 1, 0, -1, 0, -1]
[2, -1, -1, 0, -1, -2, -2, 1, -1, 0, 0, 1, 0, -1, 1, 0, -1, 1, -1, 0, -1, -2]
[2, -1, -3, -3, 0, -1, -2, -1, 0, 1, 1, 2, -1, 2, -2, 0, 1, 2, 1, -1, 1, -1]
[2, -1, -1, -2, 0, 0, -1, 1, 0, 0, -1, 1, 0, 0, 0, 0, 0, 2, 0, 0, 0, -1]
[2, -1, -3, -1, -1, -3, -3, -1, -1, 1, 2, 2, -1, 1, -1, 0, 0, 1, 0, -1, 0, -2]
[3, -2, -3, -1, -2, -3, -3, 1, -2, 1, 1, 2, -1, 0, -1, 0, 0, 1, -1, -1, -1, -2]
[1, 0, -1, -2, 1, 0, -1, -1, 1, 0, 0, 1, 0, 1, 0, 0, 0, 2, 1, 0, 1, -1]
[3, 0, -1, -1, -1, -1, -3, 2, -1, 0, 0, 2, -1, 0, -1, 0, 0, 1, 0, -1, 0, -1]
[1, -2, -3, -2, 0, -2, -1, -2, 0, 1, 1, 1, 0, 1, 0, 0, 0, 2, 0, 0, 0, -2]
[2, -1, -2, -1, -1, -2, -3, 1, -1, 1, 0, 2, -1, 1, -1, 0, 1, 1, -1, -1, 0, -1]
[2, -1, -2, -2, 0, -1, -1, -1, 0, 0, 1, 1, 0, 0, 0, 0, -1, 2, 1, 0, 0, -2]
[2, -1, -2, 0, -1, -2, -3, 0, -1, 1, 0, 1, 0, -1, 1, -1, -1, 1, 0, 0, -1, -2]
[2, -1, -2, -3, 0, -1, -1, 0, 0, 0, 1, 2, -1, 2, -2, 1, 1, 2, 0, -1, 1, -1]
[2, -1, -2, -1, -1, -2, -3, 1, -1, 0, 1, 2, -1, 1, -1, 1, 0, 1, -1, -1, 0, -1]
[2, -1, -2, -2, 0, -1, -1, -1, 0, 1, 0, 1, 0, 0, 0, -1, 0, 2, 1, 0, 0, -2]
[2, -1, -2, -1, -2, -2, -2, 1, -2, 1, 1, 2, -2, 2, -3, 1, 1, 1, -1, -2, 1, 0]
[2, -1, -2, -2, 1, -1, -2, -1, 1, 0, 0, 1, 1, -1, 2, -1, -1, 2, 1, 1, -1, -3]
[2, -1, -2, 0, -2, -2, -2, 0, -2, 1, 1, 1, -1, 0, -1, 0, -1, 1, 0, -1, 0, -1]
[2, -1, -2, -3, 1, -1, -2, 0, 1, 0, 0, 2, 0, 1, 0, 0, 1, 2, 0, 0, 0, -2]
[3, 0, -1, -3, 1, 0, -2, 1, 1, -1, 0, 2, 0, 0, 0, 0, 0, 2, 1, 0, 0, -2]
[1, -2, -3, 0, -2, -3, -2, -1, -2, 2, 1, 1, -1, 1, -1, 0, 0, 1, -1, -1, 0, -1]
[3, -2, -3, -3, 0, -2, -2, 0, 0, 0, 1, 2, 0, 0, 0, 0, 0, 2, 0, 0, -1, -3]
[1, 0, -1, 0, -1, -1, -2, 0, -1, 1, 0, 1, -1, 1, -1, 0, 0, 1, 0, -1, 1, 0]
[3, -1, -2, -3, 0, -1, -2, 1, 0, 0, 0, 2, 0, 0, 0, -1, 0, 3, 1, -1, 0, -2]
[1, -1, -2, 0, -1, -2, -2, -1, -1, 1, 1, 1, -1, 1, -1, 1, 0, 0, -1, 0, 0, -1]
[3, -1, -2, -3, 1, -1, -2, 1, 0, 0, 0, 2, 0, 0, -1, 0, 0, 2, 1, 0, 0, -2]
[1, -1, -2, 0, -2, -2, -2, -1, -1, 1, 1, 1, -1, 1, 0, 0, 0, 1, -1, -1, 0, -1]
[2, -1, -2, -1, -2, -1, -2, 0, -1, 0, 1, 1, -1, 0, 0, 0, -1, 2, 0, -1, 0, -1]
[2, -1, -2, -2, 1, -2, -2, 0, 0, 1, 0, 2, 0, 1, -1, 0, 1, 1, 0, 0, 0, -2]
[2, 0, -1, -1, -1, 0, -2, 0, 0, 0, 0, 1, -1, 0, 0, 0, 0, 1, 0, 0, 0, -1]
[2, -2, -3, -2, 0, -3, -2, 0, -1, 1, 1, 2, 0, 1, -1, 0, 0, 2, 0, -1, 0, -2]
[2, 0, -1, -2, 1, -1, -2, 1, 0, 0, 0, 2, 0, 1, -1, 0, 0, 2, 1, -1, 1, -1]
[2, -2, -3, -1, -2, -2, -2, -1, -1, 1, 1, 1, -1, 0, 0, 0, 0, 1, -1, 0, -1, -2]
[2, -1, -2, -1, -2, -1, -2, 0, -1, 1, 0, 1, -1, 0, 0, -1, 0, 2, 0, -1, 0, -1]
[2, -1, -2, -2, 1, -2, -2, 0, 0, 0, 1, 2, 0, 1, -1, 1, 0, 1, 0, 0, 0, -2]
[2, -1, -2, -1, -1, -1, -2, 0, -1, 1, 0, 1, -1, 0, -1, 0, 0, 1, 0, 0, 0, -1]
[2, -1, -2, -2, 0, -2, -2, 0, 0, 0, 1, 2, 0, 1, 0, 0, 0, 2, 0, -1, 0, -2]
[2, -1, -1, -1, 0, -1, -2, 1, 0, 0, -1, 1, 1, -1, 2, -1, -1, 2, 0, 0, -1, -2]
[2, -1, -3, -2, -1, -2, -2, -1, -1, 1, 2, 2, -2, 2, -3, 1, 1, 1, 0, -1, 1, -1]
[2, -1, -1, -1, -1, -1, -1, 1, -1, 0, 0, 1, -1, 0, -1, 1, 0, 1, -1, 0, 0, -1]
[2, -1, -3, -2, 0, -2, -3, -1, 0, 1, 1, 2, 0, 1, 0, -1, 0, 2, 1, -1, 0, -2]
[3, -1, -2, -2, 0, -1, -3, 1, 0, 0, 0, 2, 0, 0, 0, 0, 0, 1, 0, 0, -1, -2]
[1, -1, -2, -1, -1, -2, -1, -1, -1, 1, 1, 1, -1, 1, -1, 0, 0, 2, 0, -1, 1, -1]
[3, -1, -2, -2, 0, -2, -3, 1, 0, 0, 0, 2, 0, -1, 1, -1, 0, 2, 0, 0, -1, -3]
[1, -1, -2, -1, -1, -1, -1, -1, -1, 1, 1, 1, -1, 2, -2, 1, 0, 1, 0, -1, 1, 0]
[2, -1, -2, -1, -2, -1, -1, -1, -1, 1, 1, 1, -1, 1, -1, 0, 0, 1, 0, -1, 0, -1]
[2, -1, -2, -2, 1, -2, -3, 1, 0, 0, 0, 2, 0, 0, 0, 0, 0, 2, 0, 0, 0, -2]
[2, -1, -2, -1, -1, -1, -3, 0, 0, 0, 0, 1, 0, -1, 2, -1, -1, 2, 0, 0, -1, -2]
[2, -1, -2, -2, 0, -2, -1, 0, -1, 1, 1, 2, -1, 2, -3, 1, 1, 1, 0, -1, 1, -1]
[3, -1, -2, -2, -1, -1, -3, 2, -1, 0, 0, 2, -1, 0, -1, 0, 0, 2, 0, -1, 0, -1]
[1, -1, -2, -1, 0, -2, -1, -2, 0, 1, 1, 1, 0, 1, 0, 0, 0, 1, 0, 0, 0, -2]
[2, 0, -2, -2, 0, -1, -3, 0, 0, 0, 1, 2, -1, 1, -1, 0, 0, 2, 1, -1, 1, -1]
[2, -2, -2, -1, -1, -2, -1, 0, -1, 1, 0, 1, 0, 0, 0, 0, 0, 1, -1, 0, -1, -2]
[2, 0, 0, -1, 0, 0, -1, 1, 0, 0, -1, 1, 0, 0, 0, 0, 0, 1, 0, 0, 0, -1]
[2, -2, -4, -2, -1, -3, -3, -1, -1, 1, 2, 2, -1, 1, -1, 0, 0, 2, 0, -1, 0, -2]
[2, -1, -1, -1, -1, -1, -1, 1, -1, 0, 0, 1, 0, 0, 0, 0, -1, 2, 0, -1, 0, -1]
[2, -1, -3, -2, 0, -2, -3, -1, 0, 1, 1, 2, -1, 1, -1, 0, 1, 1, 0, 0, 0, -2]
[3, -1, -3, -2, -1, -2, -3, 0, -1, 1, 1, 2, -1, 0, -1, -1, 0, 2, 1, -1, 0, -2]
[1, -1, -1, -1, 0, -1, -1, 0, 0, 0, 0, 1, 0, 1, 0, 1, 0, 1, -1, 0, 0, -1]
[2, 0, 0, -1, 0, 0, -2, 2, 0, -1, -1, 1, 0, -1, 1, 0, -1, 2, 0, 0, 0, -1]
[2, -2, -4, -2, -1, -3, -2, -2, -1, 2, 2, 2, -1, 2, -2, 0, 1, 1, 0, -1, 0, -2]
[2, 0, -2, -2, 0, -1, -2, -1, 0, 1, 1, 2, -1, 2, -2, 0, 1, 1, 1, -1, 1, -1]
[2, -2, -2, -1, -1, -2, -2, 1, -1, 0, 0, 1, 0, -1, 1, 0, -1, 2, -1, 0, -1, -2]
[2, -1, -1, -1, 0, -1, -2, 1, 0, 0, -1, 1, 0, -1, 1, 0, 0, 1, -1, 1, -1, -2]
[2, -1, -3, -2, -1, -2, -2, -1, -1, 1, 2, 2, -1, 2, -2, 0, 0, 2, 1, -2, 1, -1]
[3, -1, -1, -1, -1, -1, -2, 2, -1, 0, -1, 1, 0, -2, 1, -1, -1, 2, 0, 0, -1, -2]
[1, -1, -3, -2, 0, -2, -2, -2, 0, 1, 2, 2, -1, 3, -2, 1, 1, 1, 0, -1, 1, -1]
[3, -1, -2, -2, -1, -1, -2, 1, -1, 1, 0, 2, -1, 1, -2, 0, 1, 1, 0, -1, 0, -1]
[1, -1, -2, -1, 0, -2, -2, -1, 0, 0, 1, 1, 0, 0, 1, 0, -1, 2, 0, 0, 0, -2]
[2, -1, -2, -1, -1, -1, -2, -1, 0, 1, 0, 1, 0, 0, 1, -1, 0, 1, 0, 0, -1, -2]
[2, -1, -2, -2, 0, -2, -2, 1, -1, 0, 1, 2, -1, 1, -2, 1, 0, 2, 0, -1, 1, -1]
[3, -1, -2, -2, -1, -1, -2, 1, -1, 0, 1, 2, -1, 1, -2, 1, 0, 1, 0, -1, 0, -1]
[1, -1, -2, -1, 0, -2, -2, -1, 0, 1, 0, 1, 0, 0, 1, -1, 0, 2, 0, 0, 0, -2]
[3, -1, -2, -2, -1, -2, -2, 1, -1, 0, 1, 2, -1, 0, -1, 0, 0, 2, 0, -1, 0, -2]
[1, -1, -2, -1, 0, -1, -2, -1, 0, 1, 0, 1, 0, 1, 0, 0, 0, 1, 0, 0, 0, -1]
[2, -1, -2, -1, -1, -1, -2, -1, 0, 0, 1, 1, 0, 0, 1, 0, -1, 1, 0, 0, -1, -2]
[2, -1, -2, -2, 0, -2, -2, 1, -1, 1, 0, 2, -1, 1, -2, 0, 1, 2, 0, -1, 1, -1]
[2, -1, -2, -1, -1, -1, -2, 0, -1, 1, 0, 1, 0, 0, 0, -1, -1, 2, 1, -1, 0, -1]
[2, -1, -2, -2, 0, -2, -2, 0, 0, 0, 1, 2, -1, 1, -1, 1, 1, 1, -1, 0, 0, -2]
[2, 0, -1, -1, 0, -1, -2, 0, 0, 0, 0, 1, 0, -1, 1, -1, -1, 2, 1, 0, 0, -2]
[2, -2, -3, -2, -1, -2, -2, 0, -1, 1, 1, 2, -1, 2, -2, 1, 1, 1, -1, -1, 0, -1]
[2, 0, -1, -2, 0, 0, -2, 1, 0, 0, 0, 2, -1, 2, -2, 1, 1, 1, 0, -1, 1, 0]
[2, -2, -3, -1, -1, -3, -2, -1, -1, 1, 1, 1, 0, -1, 1, -1, -1, 2, 0, 0, -1, -3]
[2, 0, -1, -1, -1, 0, -2, 0, 0, 0, 0, 1, 0, 0, 1, -1, -1, 2, 1, -1, 0, -1]
[2, -2, -3, -2, 0, -3, -2, 0, -1, 1, 1, 2, -1, 1, -2, 1, 1, 1, -1, 0, 0, -2]
[2, 0, -1, -1, 0, 0, -2, 0, 0, 0, 0, 1, 0, 0, 0, 0, -1, 1, 1, 0, 0, -1]
[2, -2, -3, -2, -1, -3, -2, 0, -1, 1, 1, 2, -1, 1, -1, 0, 1, 2, -1, -1, 0, -2]
[2, 0, -1, -2, 1, -1, -2, 1, 0, 0, 0, 2, -1, 1, -2, 1, 1, 1, 0, 0, 1, -1]
[2, -2, -3, -1, -2, -2, -2, -1, -1, 1, 1, 1, 0, 0, 1, -1, -1, 2, 0, -1, -1, -2]
[2, 0, -1, -2, 0, -1, -2, 1, 0, 0, 0, 2, -1, 1, -1, 0, 1, 2, 0, -1, 1, -1]
[2, -2, -3, -1, -1, -2, -2, -1, -1, 1, 1, 1, 0, 0, 0, 0, -1, 1, 0, 0, -1, -2]

################
# DISCRIMINANT #
################

We did not manage to compute the discriminant.
The restriction of the discriminant to the line we chose had 5 components of degree 1, 3 components of degree 2, 1 component of degree 5, and 1 component of degree 10.
The equation of the line we chose is:
(-13*x^4 - 34*x^3*y - 37*x^2*y^2 + 34*x*y^3 - 13*y^4 - 26*x^3*z - 51*x^2*y*z - 37*x*y^2*z + 17*y^3*z - 6*x^2*z^2 + x*y*z^2 - 9*y^2*z^2 + 7*x*z^3 + 9*y*z^3 + 5*z^4 - 17*x^3*w - 37*x^2*y*w + 51*x*y^2*w - 26*y^3*w - 24*x^2*z*w - 11*x*y*z*w + 24*y^2*z*w + 2*x*z^2*w + 4*y*z^2*w - 3*z^3*w - 9*x^2*w^2 - x*y*w^2 - 6*y^2*w^2 + 4*x*z*w^2 - 2*y*z*w^2 + 13*z^2*w^2 - 9*x*w^3 + 7*y*w^3 + 3*z*w^3 + 5*w^4)*t - 105*x^4 - 120*x^3*y - 159*x^2*y^2 + 120*x*y^3 - 105*y^4 - 210*x^3*z - 180*x^2*y*z - 159*x*y^2*z + 60*y^3*z - 10*x^2*z^2 - 68*x*y*z^2 - 28*y^2*z^2 + 95*x*z^3 - 4*y*z^3 - 89*z^4 - 60*x^3*w - 159*x^2*y*w + 180*x*y^2*w - 210*y^3*w - 120*x^2*z*w - 41*x*y*z*w + 120*y^2*z*w - 64*x*z^2*w + 31*y*z^2*w - 20*z^3*w - 28*x^2*w^2 + 68*x*y*w^2 - 10*y^2*w^2 + 31*x*z*w^2 + 64*y*z*w^2 + 70*z^2*w^2 + 4*x*w^3 + 95*y*w^3 + 20*z*w^3 - 89*w^4

#############
# MONODROMY #
#############


Generators of the monodromy group on the second homology group:
[[2, 1, -1, 2, 0, 1, 1, 1, -1, 1, 1, 0, 1, 1, 1, 1, 1, 1, 0, 1, 1, -1], [0, 1, 0, 0, 0, 0, 0, 0, 0, 0, 0, 0, 0, 0, 0, 0, 0, 0, 0, 0, 0, 0], [-2, 1, 2, -3, -1, 0, -1, -1, -1, 0, 0, 0, 1, -2, 0, 1, 1, -1, 0, -2, 0, -1], [-3, 0, 2, -4, -1, -1, -2, -2, 0, -1, -1, 0, 0, -3, -1, 0, 0, -2, 0, -3, -1, 0], [1, 1, -1, 2, 1, 1, 1, 1, -1, 1, 1, 0, 1, 1, 1, 1, 1, 1, 0, 1, 1, -1], [-1, 2, 0, -1, -1, 2, 0, 0, -2, 1, 1, 0, 2, -1, 1, 2, 2, 0, 0, -1, 1, -2], [-1, -1, 1, -2, 0, -1, 0, -1, 1, -1, -1, 0, -1, -1, -1, -1, -1, -1, 0, -1, -1, 1], [-1, 2, 0, -1, -1, 1, 0, 1, -2, 1, 1, 0, 2, -1, 1, 2, 2, 0, 0, -1, 1, -2], [1, 1, -1, 2, 0, 1, 1, 1, 0, 1, 1, 0, 1, 1, 1, 1, 1, 1, 0, 1, 1, -1], [1, -2, 0, 1, 1, -1, 0, 0, 2, -1, 0, 0, -2, 1, -1, -2, -2, 0, 0, 1, -1, 2], [1, -2, 0, 1, 1, -1, 0, 0, 2, 0, -1, 0, -2, 1, -1, -2, -2, 0, 0, 1, -1, 2], [2, -1, -1, 3, 1, 0, 1, 1, 1, 0, 0, 1, -1, 2, 0, -1, -1, 1, 0, 2, 0, 1], [-1, 2, 0, -1, -1, 1, 0, 0, -2, 1, 1, 0, 3, -1, 1, 2, 2, 0, 0, -1, 1, -2], [2, -4, 0, 2, 2, -2, 0, 0, 4, -2, -2, 0, -4, 3, -2, -4, -4, 0, 0, 2, -2, 4], [-2, 4, 0, -2, -2, 2, 0, 0, -4, 2, 2, 0, 4, -2, 3, 4, 4, 0, 0, -2, 2, -4], [1, -2, 0, 1, 1, -1, 0, 0, 2, -1, -1, 0, -2, 1, -1, -2, -1, 0, 0, 1, -1, 2], [1, -2, 0, 1, 1, -1, 0, 0, 2, -1, -1, 0, -2, 1, -1, -1, -2, 0, 0, 1, -1, 2], [1, 1, -1, 2, 0, 1, 1, 1, -1, 1, 1, 0, 1, 1, 1, 1, 1, 2, 0, 1, 1, -1], [1, 1, -1, 2, 0, 1, 1, 1, -1, 1, 1, 0, 1, 1, 1, 1, 1, 1, 1, 1, 1, -1], [-1, 2, 0, -1, -1, 1, 0, 0, -2, 1, 1, 0, 2, -1, 1, 2, 2, 0, 0, 0, 1, -2], [1, -2, 0, 1, 1, -1, 0, 0, 2, -1, -1, 0, -2, 1, -1, -2, -2, 0, 0, 1, 0, 2], [-1, -1, 1, -2, 0, -1, -1, -1, 1, -1, -1, 0, -1, -1, -1, -1, -1, -1, 0, -1, -1, 2]]
[[1, 0, 0, 0, 0, 0, 0, 0, 0, 0, 0, 0, 0, 0, 0, 0, 0, 0, 0, 0, 0, 0], [0, 1, 0, 0, 0, 0, 0, 0, 0, 0, 0, 0, 0, 0, 0, 0, 0, 0, 0, 0, 0, 0], [0, 0, 1, 0, 0, 0, 0, 0, 0, 0, 0, 0, 0, 0, 0, 0, 0, 0, 0, 0, 0, 0], [0, 0, 0, 1, 0, 0, 0, 0, 0, 0, 0, 0, 0, 0, 0, 0, 0, 0, 0, 0, 0, 0], [0, 0, 0, 0, 1, 0, 0, 0, 0, 0, 0, 0, 0, 0, 0, 0, 0, 0, 0, 0, 0, 0], [0, 0, 0, 0, 0, 1, 0, 0, 0, 0, 0, 0, 0, 0, 0, 0, 0, 0, 0, 0, 0, 0], [0, 0, 0, 0, 0, 0, 1, 0, 0, 0, 0, 0, 0, 0, 0, 0, 0, 0, 0, 0, 0, 0], [0, 0, 0, 0, 0, 0, 0, 1, 0, 0, 0, 0, 0, 0, 0, 0, 0, 0, 0, 0, 0, 0], [0, 0, 0, 0, 0, 0, 0, 0, 1, 0, 0, 0, 0, 0, 0, 0, 0, 0, 0, 0, 0, 0], [0, 0, 0, 0, 0, 0, 0, 0, 0, 1, 0, 0, 0, 0, 0, 0, 0, 0, 0, 0, 0, 0], [0, 0, 0, 0, 0, 0, 0, 0, 0, 0, 1, 0, 0, 0, 0, 0, 0, 0, 0, 0, 0, 0], [0, 0, 0, 0, 0, 0, 0, 0, 0, 0, 0, 1, 0, 0, 0, 0, 0, 0, 0, 0, 0, 0], [0, 0, 0, 0, 0, 0, 0, 0, 0, 0, 0, 0, 1, 0, 0, 0, 0, 0, 0, 0, 0, 0], [0, 0, 0, 0, 0, 0, 0, 0, 0, 0, 0, 0, 0, 1, 0, 0, 0, 0, 0, 0, 0, 0], [0, 0, 0, 0, 0, 0, 0, 0, 0, 0, 0, 0, 0, 0, 1, 0, 0, 0, 0, 0, 0, 0], [0, 0, 0, 0, 0, 0, 0, 0, 0, 0, 0, 0, 0, 0, 0, 1, 0, 0, 0, 0, 0, 0], [0, 0, 0, 0, 0, 0, 0, 0, 0, 0, 0, 0, 0, 0, 0, 0, 1, 0, 0, 0, 0, 0], [0, 0, 0, 0, 0, 0, 0, 0, 0, 0, 0, 0, 0, 0, 0, 0, 0, 1, 0, 0, 0, 0], [0, 0, 0, 0, 0, 0, 0, 0, 0, 0, 0, 0, 0, 0, 0, 0, 0, 0, 1, 0, 0, 0], [0, 0, 0, 0, 0, 0, 0, 0, 0, 0, 0, 0, 0, 0, 0, 0, 0, 0, 0, 1, 0, 0], [0, 0, 0, 0, 0, 0, 0, 0, 0, 0, 0, 0, 0, 0, 0, 0, 0, 0, 0, 0, 1, 0], [0, 0, 0, 0, 0, 0, 0, 0, 0, 0, 0, 0, 0, 0, 0, 0, 0, 0, 0, 0, 0, 1]]
[[1, 0, 0, 0, 0, 0, 0, 0, 0, 0, 0, 0, 0, 0, 0, 0, 0, 0, 0, 0, 0, 0], [0, 1, 0, 0, 0, 0, 0, 0, 0, 0, 0, 0, 0, 0, 0, 0, 0, 0, 0, 0, 0, 0], [0, 0, 1, 0, 0, 0, 0, 0, 0, 0, 0, 0, 0, 0, 0, 0, 0, 0, 0, 0, 0, 0], [0, 0, 0, 1, 0, 0, 0, 0, 0, 0, 0, 0, 0, 0, 0, 0, 0, 0, 0, 0, 0, 0], [0, 0, 0, 0, 1, 0, 0, 0, 0, 0, 0, 0, 0, 0, 0, 0, 0, 0, 0, 0, 0, 0], [0, 0, 0, 0, 0, 1, 0, 0, 0, 0, 0, 0, 0, 0, 0, 0, 0, 0, 0, 0, 0, 0], [0, 0, 0, 0, 0, 0, 1, 0, 0, 0, 0, 0, 0, 0, 0, 0, 0, 0, 0, 0, 0, 0], [0, 0, 0, 0, 0, 0, 0, 1, 0, 0, 0, 0, 0, 0, 0, 0, 0, 0, 0, 0, 0, 0], [0, 0, 0, 0, 0, 0, 0, 0, 1, 0, 0, 0, 0, 0, 0, 0, 0, 0, 0, 0, 0, 0], [0, 0, 0, 0, 0, 0, 0, 0, 0, 1, 0, 0, 0, 0, 0, 0, 0, 0, 0, 0, 0, 0], [0, 0, 0, 0, 0, 0, 0, 0, 0, 0, 1, 0, 0, 0, 0, 0, 0, 0, 0, 0, 0, 0], [0, 0, 0, 0, 0, 0, 0, 0, 0, 0, 0, 1, 0, 0, 0, 0, 0, 0, 0, 0, 0, 0], [0, 0, 0, 0, 0, 0, 0, 0, 0, 0, 0, 0, 1, 0, 0, 0, 0, 0, 0, 0, 0, 0], [0, 0, 0, 0, 0, 0, 0, 0, 0, 0, 0, 0, 0, 1, 0, 0, 0, 0, 0, 0, 0, 0], [0, 0, 0, 0, 0, 0, 0, 0, 0, 0, 0, 0, 0, 0, 1, 0, 0, 0, 0, 0, 0, 0], [0, 0, 0, 0, 0, 0, 0, 0, 0, 0, 0, 0, 0, 0, 0, 1, 0, 0, 0, 0, 0, 0], [0, 0, 0, 0, 0, 0, 0, 0, 0, 0, 0, 0, 0, 0, 0, 0, 1, 0, 0, 0, 0, 0], [0, 0, 0, 0, 0, 0, 0, 0, 0, 0, 0, 0, 0, 0, 0, 0, 0, 1, 0, 0, 0, 0], [0, 0, 0, 0, 0, 0, 0, 0, 0, 0, 0, 0, 0, 0, 0, 0, 0, 0, 1, 0, 0, 0], [0, 0, 0, 0, 0, 0, 0, 0, 0, 0, 0, 0, 0, 0, 0, 0, 0, 0, 0, 1, 0, 0], [0, 0, 0, 0, 0, 0, 0, 0, 0, 0, 0, 0, 0, 0, 0, 0, 0, 0, 0, 0, 1, 0], [0, 0, 0, 0, 0, 0, 0, 0, 0, 0, 0, 0, 0, 0, 0, 0, 0, 0, 0, 0, 0, 1]]
[[1, 0, 0, 0, 0, 0, 0, 0, 0, 0, 0, 0, 0, 0, 0, 0, 0, 0, 0, 0, 0, 0], [0, 1, 0, 0, 0, 0, 0, 0, 0, 0, 0, 0, 0, 0, 0, 0, 0, 0, 0, 0, 0, 0], [0, 0, 1, 0, 0, 0, 0, 0, 0, 0, 0, 0, 0, 0, 0, 0, 0, 0, 0, 0, 0, 0], [0, 0, 0, 1, 0, 0, 0, 0, 0, 0, 0, 0, 0, 0, 0, 0, 0, 0, 0, 0, 0, 0], [0, 0, 0, 0, 1, 0, 0, 0, 0, 0, 0, 0, 0, 0, 0, 0, 0, 0, 0, 0, 0, 0], [0, 0, 0, 0, 0, 1, 0, 0, 0, 0, 0, 0, 0, 0, 0, 0, 0, 0, 0, 0, 0, 0], [0, 0, 0, 0, 0, 0, 1, 0, 0, 0, 0, 0, 0, 0, 0, 0, 0, 0, 0, 0, 0, 0], [0, 0, 0, 0, 0, 0, 0, 1, 0, 0, 0, 0, 0, 0, 0, 0, 0, 0, 0, 0, 0, 0], [0, 0, 0, 0, 0, 0, 0, 0, 1, 0, 0, 0, 0, 0, 0, 0, 0, 0, 0, 0, 0, 0], [0, 0, 0, 0, 0, 0, 0, 0, 0, 1, 0, 0, 0, 0, 0, 0, 0, 0, 0, 0, 0, 0], [0, 0, 0, 0, 0, 0, 0, 0, 0, 0, 1, 0, 0, 0, 0, 0, 0, 0, 0, 0, 0, 0], [0, 0, 0, 0, 0, 0, 0, 0, 0, 0, 0, 1, 0, 0, 0, 0, 0, 0, 0, 0, 0, 0], [0, 0, 0, 0, 0, 0, 0, 0, 0, 0, 0, 0, 1, 0, 0, 0, 0, 0, 0, 0, 0, 0], [0, 0, 0, 0, 0, 0, 0, 0, 0, 0, 0, 0, 0, 1, 0, 0, 0, 0, 0, 0, 0, 0], [0, 0, 0, 0, 0, 0, 0, 0, 0, 0, 0, 0, 0, 0, 1, 0, 0, 0, 0, 0, 0, 0], [0, 0, 0, 0, 0, 0, 0, 0, 0, 0, 0, 0, 0, 0, 0, 1, 0, 0, 0, 0, 0, 0], [0, 0, 0, 0, 0, 0, 0, 0, 0, 0, 0, 0, 0, 0, 0, 0, 1, 0, 0, 0, 0, 0], [0, 0, 0, 0, 0, 0, 0, 0, 0, 0, 0, 0, 0, 0, 0, 0, 0, 1, 0, 0, 0, 0], [0, 0, 0, 0, 0, 0, 0, 0, 0, 0, 0, 0, 0, 0, 0, 0, 0, 0, 1, 0, 0, 0], [0, 0, 0, 0, 0, 0, 0, 0, 0, 0, 0, 0, 0, 0, 0, 0, 0, 0, 0, 1, 0, 0], [0, 0, 0, 0, 0, 0, 0, 0, 0, 0, 0, 0, 0, 0, 0, 0, 0, 0, 0, 0, 1, 0], [0, 0, 0, 0, 0, 0, 0, 0, 0, 0, 0, 0, 0, 0, 0, 0, 0, 0, 0, 0, 0, 1]]
[[1, 1, -1, 1, 0, 0, 1, 0, 0, 0, 0, 1, 0, 0, 0, 0, 0, 1, 0, 1, 0, 0], [0, 1, 0, 0, 0, 0, 0, 0, 0, 0, 0, 0, 0, 0, 0, 0, 0, 0, 0, 0, 0, 0], [0, 0, 1, 0, 0, 0, 0, 0, 0, 0, 0, 0, 0, 0, 0, 0, 0, 0, 0, 0, 0, 0], [0, 0, 0, 1, 0, 0, 0, 0, 0, 0, 0, 0, 0, 0, 0, 0, 0, 0, 0, 0, 0, 0], [0, -1, 1, -1, 1, 0, -1, 0, 0, 0, 0, -1, 0, 0, 0, 0, 0, -1, 0, -1, 0, 0], [0, 0, 0, 0, 0, 1, 0, 0, 0, 0, 0, 0, 0, 0, 0, 0, 0, 0, 0, 0, 0, 0], [0, -1, 1, -1, 0, 0, 0, 0, 0, 0, 0, -1, 0, 0, 0, 0, 0, -1, 0, -1, 0, 0], [0, 2, -2, 2, 0, 0, 2, 1, 0, 0, 0, 2, 0, 0, 0, 0, 0, 2, 0, 2, 0, 0], [0, -1, 1, -1, 0, 0, -1, 0, 1, 0, 0, -1, 0, 0, 0, 0, 0, -1, 0, -1, 0, 0], [0, 0, 0, 0, 0, 0, 0, 0, 0, 1, 0, 0, 0, 0, 0, 0, 0, 0, 0, 0, 0, 0], [0, 0, 0, 0, 0, 0, 0, 0, 0, 0, 1, 0, 0, 0, 0, 0, 0, 0, 0, 0, 0, 0], [0, 0, 0, 0, 0, 0, 0, 0, 0, 0, 0, 0, 0, 0, 0, 0, 0, 0, 0, 0, 1, -1], [0, -1, 1, -1, 0, 0, -1, 0, 0, 0, 0, -1, 1, 0, 0, 0, 0, -1, 0, -1, 0, 0], [0, 0, 0, 0, 0, 0, 0, 0, 0, 0, 0, -1, 0, 1, 0, 0, 0, 0, 0, 0, 1, -1], [0, -1, 1, -1, 0, 0, -1, 0, 0, 0, 0, 0, 0, 0, 1, 0, 0, -1, 0, -1, -1, 1], [0, 0, 0, 0, 0, 0, 0, 0, 0, 0, 0, -1, 0, 0, 0, 1, 0, 0, 0, 0, 1, -1], [0, 0, 0, 0, 0, 0, 0, 0, 0, 0, 0, -1, 0, 0, 0, 0, 1, 0, 0, 0, 1, -1], [0, 0, 0, 0, 0, 0, 0, 0, 0, 0, 0, 1, 0, 0, 0, 0, 0, 1, 0, 0, -1, 1], [0, 0, 0, 0, 0, 0, 0, 0, 0, 0, 0, 1, 0, 0, 0, 0, 0, 0, 1, 0, -1, 1], [0, -1, 1, -1, 0, 0, -1, 0, 0, 0, 0, -1, 0, 0, 0, 0, 0, -1, 0, 0, 0, 0], [0, 0, 0, 0, 0, 0, 0, 0, 0, 0, 0, 0, 0, 0, 0, 0, 0, 0, 0, 0, 1, 0], [0, 0, 0, 0, 0, 0, 0, 0, 0, 0, 0, -1, 0, 0, 0, 0, 0, 0, 0, 0, 1, 0]]
[[1, 0, 0, 0, 0, 0, 0, 0, 0, 0, 0, 0, 0, 0, 0, 0, 0, 0, 0, 0, 0, 0], [0, 1, 0, 0, 0, 0, 0, 0, 0, 0, 0, 0, 0, 0, 0, 0, 0, 0, 0, 0, 0, 0], [0, 0, 1, 0, 0, 0, 0, 0, 0, 0, 0, 0, 0, 0, 0, 0, 0, 0, 0, 0, 0, 0], [0, 0, 0, 1, 0, 0, 0, 0, 0, 0, 0, 0, 0, 0, 0, 0, 0, 0, 0, 0, 0, 0], [0, 0, 0, 0, 1, 0, 0, 0, 0, 0, 0, 0, 0, 0, 0, 0, 0, 0, 0, 0, 0, 0], [0, 0, 0, 0, 0, 1, 0, 0, 0, 0, 0, 0, 0, 0, 0, 0, 0, 0, 0, 0, 0, 0], [0, 0, 0, 0, 0, 0, 1, 0, 0, 0, 0, 0, 0, 0, 0, 0, 0, 0, 0, 0, 0, 0], [0, 0, 0, 0, 0, 0, 0, 1, 0, 0, 0, 0, 0, 0, 0, 0, 0, 0, 0, 0, 0, 0], [0, 0, 0, 0, 0, 0, 0, 0, 1, 0, 0, 0, 0, 0, 0, 0, 0, 0, 0, 0, 0, 0], [0, 0, 0, 0, 0, 0, 0, 0, 0, 1, 0, 0, 0, 0, 0, 0, 0, 0, 0, 0, 0, 0], [0, 0, 0, 0, 0, 0, 0, 0, 0, 0, 1, 0, 0, 0, 0, 0, 0, 0, 0, 0, 0, 0], [0, 0, 0, 0, 0, 0, 0, 0, 0, 0, 0, 1, 0, 0, 0, 0, 0, 0, 0, 0, 0, 0], [0, 0, 0, 0, 0, 0, 0, 0, 0, 0, 0, 0, 1, 0, 0, 0, 0, 0, 0, 0, 0, 0], [0, 0, 0, 0, 0, 0, 0, 0, 0, 0, 0, 0, 0, 1, 0, 0, 0, 0, 0, 0, 0, 0], [0, 0, 0, 0, 0, 0, 0, 0, 0, 0, 0, 0, 0, 0, 1, 0, 0, 0, 0, 0, 0, 0], [0, 0, 0, 0, 0, 0, 0, 0, 0, 0, 0, 0, 0, 0, 0, 1, 0, 0, 0, 0, 0, 0], [0, 0, 0, 0, 0, 0, 0, 0, 0, 0, 0, 0, 0, 0, 0, 0, 1, 0, 0, 0, 0, 0], [0, 0, 0, 0, 0, 0, 0, 0, 0, 0, 0, 0, 0, 0, 0, 0, 0, 1, 0, 0, 0, 0], [0, 0, 0, 0, 0, 0, 0, 0, 0, 0, 0, 0, 0, 0, 0, 0, 0, 0, 1, 0, 0, 0], [0, 0, 0, 0, 0, 0, 0, 0, 0, 0, 0, 0, 0, 0, 0, 0, 0, 0, 0, 1, 0, 0], [0, 0, 0, 0, 0, 0, 0, 0, 0, 0, 0, 0, 0, 0, 0, 0, 0, 0, 0, 0, 1, 0], [0, 0, 0, 0, 0, 0, 0, 0, 0, 0, 0, 0, 0, 0, 0, 0, 0, 0, 0, 0, 0, 1]]
[[1, 0, 0, 0, 0, 0, 0, 0, 0, 0, 0, 0, 0, 0, 0, 0, 0, 0, 0, 0, 0, 0], [0, 1, 0, 0, 0, 0, 0, 0, 0, 0, 0, 0, 0, 0, 0, 0, 0, 0, 0, 0, 0, 0], [0, 0, 1, 0, 0, 0, 0, 0, 0, 0, 0, 0, 0, 0, 0, 0, 0, 0, 0, 0, 0, 0], [0, 0, 0, 1, 0, 0, 0, 0, 0, 0, 0, 0, 0, 0, 0, 0, 0, 0, 0, 0, 0, 0], [0, 0, 0, 0, 1, 0, 0, 0, 0, 0, 0, 0, 0, 0, 0, 0, 0, 0, 0, 0, 0, 0], [0, 0, 0, 0, 0, 1, 0, 0, 0, 0, 0, 0, 0, 0, 0, 0, 0, 0, 0, 0, 0, 0], [0, 0, 0, 0, 0, 0, 1, 0, 0, 0, 0, 0, 0, 0, 0, 0, 0, 0, 0, 0, 0, 0], [0, 0, 0, 0, 0, 0, 0, 1, 0, 0, 0, 0, 0, 0, 0, 0, 0, 0, 0, 0, 0, 0], [0, 0, 0, 0, 0, 0, 0, 0, 1, 0, 0, 0, 0, 0, 0, 0, 0, 0, 0, 0, 0, 0], [0, 0, 0, 0, 0, 0, 0, 0, 0, 1, 0, 0, 0, 0, 0, 0, 0, 0, 0, 0, 0, 0], [0, 0, 0, 0, 0, 0, 0, 0, 0, 0, 1, 0, 0, 0, 0, 0, 0, 0, 0, 0, 0, 0], [0, 0, 0, 0, 0, 0, 0, 0, 0, 0, 0, 1, 0, 0, 0, 0, 0, 0, 0, 0, 0, 0], [0, 0, 0, 0, 0, 0, 0, 0, 0, 0, 0, 0, 1, 0, 0, 0, 0, 0, 0, 0, 0, 0], [0, 0, 0, 0, 0, 0, 0, 0, 0, 0, 0, 0, 0, 1, 0, 0, 0, 0, 0, 0, 0, 0], [0, 0, 0, 0, 0, 0, 0, 0, 0, 0, 0, 0, 0, 0, 1, 0, 0, 0, 0, 0, 0, 0], [0, 0, 0, 0, 0, 0, 0, 0, 0, 0, 0, 0, 0, 0, 0, 1, 0, 0, 0, 0, 0, 0], [0, 0, 0, 0, 0, 0, 0, 0, 0, 0, 0, 0, 0, 0, 0, 0, 1, 0, 0, 0, 0, 0], [0, 0, 0, 0, 0, 0, 0, 0, 0, 0, 0, 0, 0, 0, 0, 0, 0, 1, 0, 0, 0, 0], [0, 0, 0, 0, 0, 0, 0, 0, 0, 0, 0, 0, 0, 0, 0, 0, 0, 0, 1, 0, 0, 0], [0, 0, 0, 0, 0, 0, 0, 0, 0, 0, 0, 0, 0, 0, 0, 0, 0, 0, 0, 1, 0, 0], [0, 0, 0, 0, 0, 0, 0, 0, 0, 0, 0, 0, 0, 0, 0, 0, 0, 0, 0, 0, 1, 0], [0, 0, 0, 0, 0, 0, 0, 0, 0, 0, 0, 0, 0, 0, 0, 0, 0, 0, 0, 0, 0, 1]]
[[1, 0, 0, 0, 0, 0, 0, 0, 0, 0, 0, 0, 0, 1, 1, 0, 0, 0, 0, 0, 0, 0], [0, 1, 0, 0, 0, 0, 0, 0, 0, 0, 0, 0, 0, 0, 0, 0, 0, 0, 0, 0, 0, 0], [0, 0, 1, 0, 0, 0, 0, 0, 0, 0, 0, 0, 0, 0, 0, 0, 0, 0, 0, 0, 0, 0], [0, 0, 0, 0, 0, 0, 0, 0, -1, 0, 0, 0, 1, 0, 0, 0, 0, 0, 0, 0, 0, 1], [0, 0, 0, 1, 0, 0, 0, 0, 1, 0, 0, -1, 0, -1, -1, 1, 1, 1, 1, 0, 0, -1], [0, 0, 0, 0, 1, 1, 0, 0, 0, 0, 0, 1, -1, 0, 0, -1, -1, -1, -1, 0, 0, 0], [0, -1, 1, 1, 0, 0, 0, 1, 1, 1, 1, -1, 0, 0, 0, 1, 1, 0, 1, 0, 0, -1], [0, 1, -1, 0, 0, 0, 1, 0, 0, -1, -1, 1, -1, 1, 1, -1, -1, 0, -1, 0, 0, 0], [0, 0, 0, 0, 0, 0, 0, 0, 1, 0, 0, 0, 0, -1, -1, 0, 0, 0, 0, 0, 0, 0], [0, 0, 0, 0, 0, 0, 0, 0, 0, 1, 0, 0, 0, 0, 0, 0, 0, 0, 0, 0, 0, 0], [0, 0, 0, 0, 0, 0, 0, 0, 0, 0, 1, 0, 0, 0, 0, 0, 0, 0, 0, 0, 0, 0], [0, 0, 0, 1, -1, 0, 0, 0, 1, 0, 0, 0, 0, 0, 0, 1, 1, 1, 1, 0, 0, -1], [0, 0, 0, 0, 0, 0, 0, 0, 0, 0, 0, 0, 1, -1, -1, 0, 0, 0, 0, 0, 0, 0], [0, 0, 0, 2, -1, 0, 0, 0, 2, 0, 0, -1, -1, 0, -1, 1, 1, 1, 1, 0, 0, -2], [0, 0, 0, -2, 1, 0, 0, 0, -2, 0, 0, 1, 1, -1, 0, -1, -1, -1, -1, 0, 0, 2], [0, 0, 0, 1, -1, 0, 0, 0, 1, 0, 0, -1, 0, 0, 0, 2, 1, 1, 1, 0, 0, -1], [0, 0, 0, 1, -1, 0, 0, 0, 1, 0, 0, -1, 0, 0, 0, 1, 2, 1, 1, 0, 0, -1], [0, 0, 0, 0, 1, 0, 0, 0, 0, 0, 0, 1, -1, 0, 0, -1, -1, 0, -1, 0, 0, 0], [0, 0, 0, 0, 1, 0, 0, 0, 0, 0, 0, 1, -1, 0, 0, -1, -1, -1, 0, 0, 0, 0], [0, 0, 0, -1, 0, 0, 0, 0, -1, 0, 0, 0, 1, 0, 0, 0, 0, 0, 0, 1, 0, 1], [0, 0, 0, 1, 0, 0, 0, 0, 1, 0, 0, 0, -1, 0, 0, 0, 0, 0, 0, 0, 1, -1], [0, 0, 0, 1, 0, 0, 0, 0, 1, 0, 0, 0, -1, 0, 0, 0, 0, 0, 0, 0, 0, 0]]
[[1, 0, 0, 0, 0, 0, 0, 0, 0, 0, 0, 0, 0, 0, 0, 0, 0, 0, 0, 0, 0, 0], [0, 1, 0, 0, 0, 0, 0, 0, 0, 0, 0, 0, 0, 0, 0, 0, 0, 0, 0, 0, 0, 0], [0, 0, 1, 0, 0, 0, 0, 0, 0, 0, 0, 0, 0, 0, 0, 0, 0, 0, 0, 0, 0, 0], [0, 0, 0, 1, 0, 0, 0, 0, 0, 0, 0, 0, 0, 0, 0, 0, 0, 0, 0, 0, 0, 0], [0, 0, 0, 0, 1, 0, 0, 0, 0, 0, 0, 0, 0, 0, 0, 0, 0, 0, 0, 0, 0, 0], [0, 0, 0, 0, 0, 1, 0, 0, 0, 0, 0, 0, 0, 0, 0, 0, 0, 0, 0, 0, 0, 0], [0, 0, 0, 0, 0, 0, 1, 0, 0, 0, 0, 0, 0, 0, 0, 0, 0, 0, 0, 0, 0, 0], [0, 0, 0, 0, 0, 0, 0, 1, 0, 0, 0, 0, 0, 0, 0, 0, 0, 0, 0, 0, 0, 0], [0, 0, 0, 0, 0, 0, 0, 0, 1, 0, 0, 0, 0, 0, 0, 0, 0, 0, 0, 0, 0, 0], [0, 0, 0, 0, 0, 0, 0, 0, 0, 1, 0, 0, 0, 0, 0, 0, 0, 0, 0, 0, 0, 0], [0, 0, 0, 0, 0, 0, 0, 0, 0, 0, 1, 0, 0, 0, 0, 0, 0, 0, 0, 0, 0, 0], [0, 0, 0, 0, 0, 0, 0, 0, 0, 0, 0, 1, 0, 0, 0, 0, 0, 0, 0, 0, 0, 0], [0, 0, 0, 0, 0, 0, 0, 0, 0, 0, 0, 0, 1, 0, 0, 0, 0, 0, 0, 0, 0, 0], [0, 0, 0, 0, 0, 0, 0, 0, 0, 0, 0, 0, 0, 1, 0, 0, 0, 0, 0, 0, 0, 0], [0, 0, 0, 0, 0, 0, 0, 0, 0, 0, 0, 0, 0, 0, 1, 0, 0, 0, 0, 0, 0, 0], [0, 0, 0, 0, 0, 0, 0, 0, 0, 0, 0, 0, 0, 0, 0, 1, 0, 0, 0, 0, 0, 0], [0, 0, 0, 0, 0, 0, 0, 0, 0, 0, 0, 0, 0, 0, 0, 0, 1, 0, 0, 0, 0, 0], [0, 0, 0, 0, 0, 0, 0, 0, 0, 0, 0, 0, 0, 0, 0, 0, 0, 1, 0, 0, 0, 0], [0, 0, 0, 0, 0, 0, 0, 0, 0, 0, 0, 0, 0, 0, 0, 0, 0, 0, 1, 0, 0, 0], [0, 0, 0, 0, 0, 0, 0, 0, 0, 0, 0, 0, 0, 0, 0, 0, 0, 0, 0, 1, 0, 0], [0, 0, 0, 0, 0, 0, 0, 0, 0, 0, 0, 0, 0, 0, 0, 0, 0, 0, 0, 0, 1, 0], [0, 0, 0, 0, 0, 0, 0, 0, 0, 0, 0, 0, 0, 0, 0, 0, 0, 0, 0, 0, 0, 1]]
[[1, 1, -1, 0, 0, 0, 1, 0, 0, 0, 0, 1, 0, 0, 0, -1, -1, 0, -1, 1, 1, 0], [0, 1, 0, 0, 0, 0, 0, 0, 0, 0, 0, 0, 0, 0, 0, 0, 0, 0, 0, 0, 0, 0], [0, 0, 1, 0, 0, 0, 0, 0, 0, 0, 0, 0, 0, 0, 0, 0, 0, 0, 0, 0, 0, 0], [0, 1, -1, 0, 0, 0, 1, 0, 0, 0, 0, 2, 0, 0, 0, -2, -2, -1, -2, 1, 1, 1], [0, -2, 2, 1, 1, 0, -2, 0, 0, 0, 0, -3, 0, 0, 0, 3, 3, 1, 3, -2, -2, -1], [0, 0, 0, 0, 0, 1, 0, 0, 0, 0, 0, 0, 0, 0, 0, 0, 0, 0, 0, 0, 0, 0], [0, -2, 2, 1, 0, 0, -1, 0, 0, 0, 0, -3, 0, 0, 0, 3, 3, 1, 3, -2, -2, -1], [0, 2, -2, 0, 0, 0, 2, 1, 0, 0, 0, 2, 0, 0, 0, -2, -2, 0, -2, 2, 2, 0], [0, -2, 2, 1, 0, 0, -2, 0, 1, 0, 0, -3, 0, 0, 0, 3, 3, 1, 3, -2, -2, -1], [0, 0, 0, 0, 0, 0, 0, 0, 0, 1, 0, 0, 0, 0, 0, 0, 0, 0, 0, 0, 0, 0], [0, 0, 0, 0, 0, 0, 0, 0, 0, 0, 1, 0, 0, 0, 0, 0, 0, 0, 0, 0, 0, 0], [0, -1, 1, 2, 0, 0, -1, 0, 0, 0, 0, -2, 0, 0, 0, 3, 3, 2, 3, -1, -1, -2], [0, -1, 1, 0, 0, 0, -1, 0, 0, 0, 0, -1, 1, 0, 0, 1, 1, 0, 1, -1, -1, 0], [0, -2, 2, 3, 0, 0, -2, 0, 0, 0, 0, -5, 0, 1, 0, 5, 5, 3, 5, -2, -2, -3], [0, 1, -1, -3, 0, 0, 1, 0, 0, 0, 0, 4, 0, 0, 1, -4, -4, -3, -4, 1, 1, 3], [0, -1, 1, 2, 0, 0, -1, 0, 0, 0, 0, -3, 0, 0, 0, 4, 3, 2, 3, -1, -1, -2], [0, -1, 1, 2, 0, 0, -1, 0, 0, 0, 0, -3, 0, 0, 0, 3, 4, 2, 3, -1, -1, -2], [0, 0, 0, -1, 0, 0, 0, 0, 0, 0, 0, 1, 0, 0, 0, -1, -1, 0, -1, 0, 0, 1], [0, 0, 0, -1, 0, 0, 0, 0, 0, 0, 0, 1, 0, 0, 0, -1, -1, -1, 0, 0, 0, 1], [0, 0, 0, -1, 0, 0, 0, 0, 0, 0, 0, 1, 0, 0, 0, -1, -1, -1, -1, 1, 0, 1], [0, -1, 1, 1, 0, 0, -1, 0, 0, 0, 0, -2, 0, 0, 0, 2, 2, 1, 2, -1, 0, -1], [0, 0, 0, 1, 0, 0, 0, 0, 0, 0, 0, -1, 0, 0, 0, 1, 1, 1, 1, 0, 0, 0]]
[[1, 0, 0, 0, 0, 0, 0, 0, 0, 0, 0, 0, 0, 0, 0, 0, 0, 0, 0, 0, 0, 0], [0, 1, 0, 0, 0, 0, 0, 0, 0, 0, 0, 0, 0, 0, 0, 0, 0, 0, 0, 0, 0, 0], [0, 0, 1, 0, 0, 0, 0, 0, 0, 0, 0, 0, 0, 0, 0, 0, 0, 0, 0, 0, 0, 0], [0, 0, 0, 1, 0, 0, 0, 0, 0, 0, 0, 0, 0, 0, 0, 0, 0, 0, 0, 0, 0, 0], [0, 0, 0, 0, 1, 0, 0, 0, 0, 0, 0, 0, 0, 0, 0, 0, 0, 0, 0, 0, 0, 0], [0, 0, 0, 0, 0, 1, 0, 0, 0, 0, 0, 0, 0, 0, 0, 0, 0, 0, 0, 0, 0, 0], [0, 0, 0, 0, 0, 0, 1, 0, 0, 0, 0, 0, 0, 0, 0, 0, 0, 0, 0, 0, 0, 0], [0, 0, 0, 0, 0, 0, 0, 1, 0, 0, 0, 0, 0, 0, 0, 0, 0, 0, 0, 0, 0, 0], [0, 0, 0, 0, 0, 0, 0, 0, 1, 0, 0, 0, 0, 0, 0, 0, 0, 0, 0, 0, 0, 0], [0, 0, 0, 0, 0, 0, 0, 0, 0, 1, 0, 0, 0, 0, 0, 0, 0, 0, 0, 0, 0, 0], [0, 0, 0, 0, 0, 0, 0, 0, 0, 0, 1, 0, 0, 0, 0, 0, 0, 0, 0, 0, 0, 0], [0, 0, 0, 0, 0, 0, 0, 0, 0, 0, 0, 1, 0, 0, 0, 0, 0, 0, 0, 0, 0, 0], [0, 0, 0, 0, 0, 0, 0, 0, 0, 0, 0, 0, 1, 0, 0, 0, 0, 0, 0, 0, 0, 0], [0, 0, 0, 0, 0, 0, 0, 0, 0, 0, 0, 0, 0, 1, 0, 0, 0, 0, 0, 0, 0, 0], [0, 0, 0, 0, 0, 0, 0, 0, 0, 0, 0, 0, 0, 0, 1, 0, 0, 0, 0, 0, 0, 0], [0, 0, 0, 0, 0, 0, 0, 0, 0, 0, 0, 0, 0, 0, 0, 1, 0, 0, 0, 0, 0, 0], [0, 0, 0, 0, 0, 0, 0, 0, 0, 0, 0, 0, 0, 0, 0, 0, 1, 0, 0, 0, 0, 0], [0, 0, 0, 0, 0, 0, 0, 0, 0, 0, 0, 0, 0, 0, 0, 0, 0, 1, 0, 0, 0, 0], [0, 0, 0, 0, 0, 0, 0, 0, 0, 0, 0, 0, 0, 0, 0, 0, 0, 0, 1, 0, 0, 0], [0, 0, 0, 0, 0, 0, 0, 0, 0, 0, 0, 0, 0, 0, 0, 0, 0, 0, 0, 1, 0, 0], [0, 0, 0, 0, 0, 0, 0, 0, 0, 0, 0, 0, 0, 0, 0, 0, 0, 0, 0, 0, 1, 0], [0, 0, 0, 0, 0, 0, 0, 0, 0, 0, 0, 0, 0, 0, 0, 0, 0, 0, 0, 0, 0, 1]]
[[1, 0, 0, 0, 0, 0, 0, 0, 0, 0, 0, 0, 0, 0, 0, 0, 0, 0, 0, 0, 0, 0], [0, 1, 0, 1, 0, 0, 1, 1, 0, 1, 1, 2, -1, 1, 1, 0, 0, 1, 1, 2, -1, 1], [0, 0, 1, 1, 0, 0, 1, 1, 0, 1, 1, 2, -1, 1, 1, 0, 0, 1, 1, 2, -1, 1], [0, 0, 0, 1, 0, 0, 0, 0, 0, 0, 0, 0, 0, 0, 0, 0, 0, 0, 0, 0, 0, 0], [0, 0, 0, 0, 1, 0, 0, 0, 0, 0, 0, 0, 0, 0, 0, 0, 0, 0, 0, 0, 0, 0], [0, 0, 0, 1, 0, 1, 1, 1, 0, 1, 1, 2, -1, 1, 1, 0, 0, 1, 1, 2, -1, 1], [0, 0, 0, 0, 0, 0, 1, 0, 0, 0, 0, 0, 0, 0, 0, 0, 0, 0, 0, 0, 0, 0], [0, 0, 0, 1, 0, 0, 1, 2, 0, 1, 1, 2, -1, 1, 1, 0, 0, 1, 1, 2, -1, 1], [0, 0, 0, 0, 0, 0, 0, 0, 1, 0, 0, 0, 0, 0, 0, 0, 0, 0, 0, 0, 0, 0], [0, 0, 0, 0, 0, 0, 0, 0, 0, 1, 0, 0, 0, 0, 0, 0, 0, 0, 0, 0, 0, 0], [0, 0, 0, 0, 0, 0, 0, 0, 0, 0, 1, 0, 0, 0, 0, 0, 0, 0, 0, 0, 0, 0], [0, 0, 0, -1, 0, 0, -1, -1, 0, -1, -1, -1, 1, -1, -1, 0, 0, -1, -1, -2, 1, -1], [0, 0, 0, 0, 0, 0, 0, 0, 0, 0, 0, 0, 1, 0, 0, 0, 0, 0, 0, 0, 0, 0], [0, 0, 0, 0, 0, 0, 0, 0, 0, 0, 0, 0, 0, 1, 0, 0, 0, 0, 0, 0, 0, 0], [0, 0, 0, 0, 0, 0, 0, 0, 0, 0, 0, 0, 0, 0, 1, 0, 0, 0, 0, 0, 0, 0], [0, 0, 0, -1, 0, 0, -1, -1, 0, -1, -1, -2, 1, -1, -1, 1, 0, -1, -1, -2, 1, -1], [0, 0, 0, -1, 0, 0, -1, -1, 0, -1, -1, -2, 1, -1, -1, 0, 1, -1, -1, -2, 1, -1], [0, 0, 0, 1, 0, 0, 1, 1, 0, 1, 1, 2, -1, 1, 1, 0, 0, 2, 1, 2, -1, 1], [0, 0, 0, 0, 0, 0, 0, 0, 0, 0, 0, 0, 0, 0, 0, 0, 0, 0, 1, 0, 0, 0], [0, 0, 0, -1, 0, 0, -1, -1, 0, -1, -1, -2, 1, -1, -1, 0, 0, -1, -1, -1, 1, -1], [0, 0, 0, 0, 0, 0, 0, 0, 0, 0, 0, 0, 0, 0, 0, 0, 0, 0, 0, 0, 1, 0], [0, 0, 0, 0, 0, 0, 0, 0, 0, 0, 0, 0, 0, 0, 0, 0, 0, 0, 0, 0, 0, 1]]
[[1, 1, -1, -1, 0, 0, 1, 0, -1, 0, 0, 2, 0, 0, 1, -1, -1, -1, -1, 1, 1, 1], [0, 1, 0, 0, 0, 0, 0, 0, 0, 0, 0, 0, 0, 0, 0, 0, 0, 0, 0, 0, 0, 0], [0, 0, 1, 0, 0, 0, 0, 0, 0, 0, 0, 0, 0, 0, 0, 0, 0, 0, 0, 0, 0, 0], [0, 2, -2, -1, 0, 0, 2, 0, -2, 0, 0, 4, 0, 0, 2, -2, -2, -2, -2, 2, 2, 2], [0, -3, 3, 3, 1, 0, -3, 0, 3, 0, 0, -6, 0, 0, -3, 3, 3, 3, 3, -3, -3, -3], [0, 0, 0, 0, 0, 1, 0, 0, 0, 0, 0, 0, 0, 0, 0, 0, 0, 0, 0, 0, 0, 0], [0, -3, 3, 3, 0, 0, -2, 0, 3, 0, 0, -6, 0, 0, -3, 3, 3, 3, 3, -3, -3, -3], [0, 2, -2, -2, 0, 0, 2, 1, -2, 0, 0, 4, 0, 0, 2, -2, -2, -2, -2, 2, 2, 2], [0, -2, 2, 2, 0, 0, -2, 0, 3, 0, 0, -4, 0, 0, -2, 2, 2, 2, 2, -2, -2, -2], [0, 0, 0, 0, 0, 0, 0, 0, 0, 1, 0, 0, 0, 0, 0, 0, 0, 0, 0, 0, 0, 0], [0, 0, 0, 0, 0, 0, 0, 0, 0, 0, 1, 0, 0, 0, 0, 0, 0, 0, 0, 0, 0, 0], [0, -3, 3, 3, 0, 0, -3, 0, 3, 0, 0, -5, 0, 0, -3, 3, 3, 3, 3, -3, -3, -3], [0, 0, 0, 0, 0, 0, 0, 0, 0, 0, 0, 0, 1, 0, 0, 0, 0, 0, 0, 0, 0, 0], [0, -5, 5, 5, 0, 0, -5, 0, 5, 0, 0, -10, 0, 1, -5, 5, 5, 5, 5, -5, -5, -5], [0, 4, -4, -4, 0, 0, 4, 0, -4, 0, 0, 8, 0, 0, 5, -4, -4, -4, -4, 4, 4, 4], [0, -3, 3, 3, 0, 0, -3, 0, 3, 0, 0, -6, 0, 0, -3, 4, 3, 3, 3, -3, -3, -3], [0, -3, 3, 3, 0, 0, -3, 0, 3, 0, 0, -6, 0, 0, -3, 3, 4, 3, 3, -3, -3, -3], [0, 1, -1, -1, 0, 0, 1, 0, -1, 0, 0, 2, 0, 0, 1, -1, -1, 0, -1, 1, 1, 1], [0, 0, 0, 0, 0, 0, 0, 0, 0, 0, 0, 0, 0, 0, 0, 0, 0, 0, 1, 0, 0, 0], [0, 1, -1, -1, 0, 0, 1, 0, -1, 0, 0, 2, 0, 0, 1, -1, -1, -1, -1, 2, 1, 1], [0, -2, 2, 2, 0, 0, -2, 0, 2, 0, 0, -4, 0, 0, -2, 2, 2, 2, 2, -2, -1, -2], [0, -1, 1, 1, 0, 0, -1, 0, 1, 0, 0, -2, 0, 0, -1, 1, 1, 1, 1, -1, -1, 0]]
[[1, 0, 0, 0, 0, 0, 0, 0, 0, 0, 0, 0, 0, 0, 0, 0, 0, 0, 0, 0, 0, 0], [0, 1, 0, 0, 0, 0, 0, 0, 0, 0, 0, 0, 0, 0, 0, 0, 0, 0, 0, 0, 0, 0], [0, 0, 1, 0, 0, 0, 0, 0, 0, 0, 0, 0, 0, 0, 0, 0, 0, 0, 0, 0, 0, 0], [0, 0, 0, 1, 0, 0, 0, 0, 0, 0, 0, 0, 0, 0, 0, 0, 0, 0, 0, 0, 0, 0], [0, 0, 0, 0, 1, 0, 0, 0, 0, 0, 0, 0, 0, 0, 0, 0, 0, 0, 0, 0, 0, 0], [0, 0, 0, 0, 0, 1, 0, 0, 0, 0, 0, 0, 0, 0, 0, 0, 0, 0, 0, 0, 0, 0], [0, 0, 0, 0, 0, 0, 1, 0, 0, 0, 0, 0, 0, 0, 0, 0, 0, 0, 0, 0, 0, 0], [0, 0, 0, 0, 0, 0, 0, 1, 0, 0, 0, 0, 0, 0, 0, 0, 0, 0, 0, 0, 0, 0], [0, 0, 0, 0, 0, 0, 0, 0, 1, 0, 0, 0, 0, 0, 0, 0, 0, 0, 0, 0, 0, 0], [0, 0, 0, 0, 0, 0, 0, 0, 0, 1, 0, 0, 0, 0, 0, 0, 0, 0, 0, 0, 0, 0], [0, 0, 0, 0, 0, 0, 0, 0, 0, 0, 1, 0, 0, 0, 0, 0, 0, 0, 0, 0, 0, 0], [0, 0, 0, 0, 0, 0, 0, 0, 0, 0, 0, 1, 0, 0, 0, 0, 0, 0, 0, 0, 0, 0], [0, 0, 0, 0, 0, 0, 0, 0, 0, 0, 0, 0, 1, 0, 0, 0, 0, 0, 0, 0, 0, 0], [0, 0, 0, 0, 0, 0, 0, 0, 0, 0, 0, 0, 0, 1, 0, 0, 0, 0, 0, 0, 0, 0], [0, 0, 0, 0, 0, 0, 0, 0, 0, 0, 0, 0, 0, 0, 1, 0, 0, 0, 0, 0, 0, 0], [0, 0, 0, 0, 0, 0, 0, 0, 0, 0, 0, 0, 0, 0, 0, 1, 0, 0, 0, 0, 0, 0], [0, 0, 0, 0, 0, 0, 0, 0, 0, 0, 0, 0, 0, 0, 0, 0, 1, 0, 0, 0, 0, 0], [0, 0, 0, 0, 0, 0, 0, 0, 0, 0, 0, 0, 0, 0, 0, 0, 0, 1, 0, 0, 0, 0], [0, 0, 0, 0, 0, 0, 0, 0, 0, 0, 0, 0, 0, 0, 0, 0, 0, 0, 1, 0, 0, 0], [0, 0, 0, 0, 0, 0, 0, 0, 0, 0, 0, 0, 0, 0, 0, 0, 0, 0, 0, 1, 0, 0], [0, 0, 0, 0, 0, 0, 0, 0, 0, 0, 0, 0, 0, 0, 0, 0, 0, 0, 0, 0, 1, 0], [0, 0, 0, 0, 0, 0, 0, 0, 0, 0, 0, 0, 0, 0, 0, 0, 0, 0, 0, 0, 0, 1]]
[[1, 0, -1, -1, 0, 1, 0, 0, -1, 0, 0, 0, 1, 0, 1, 0, 0, -1, -1, 0, 2, 0], [0, 1, 0, 0, 0, 0, 0, 0, 0, 0, 0, 0, 0, 0, 0, 0, 0, 0, 0, 0, 0, 0], [0, 0, 1, 0, 0, 0, 0, 0, 0, 0, 0, 0, 0, 0, 0, 0, 0, 0, 0, 0, 0, 0], [0, 1, -3, -1, 0, 2, 1, 0, -2, 0, 0, 2, 2, -1, 2, -1, -1, -3, -3, 0, 5, 0], [0, -1, 3, 2, 1, -2, -1, 0, 2, 0, 0, -2, -2, 1, -2, 1, 1, 3, 3, 0, -5, 0], [0, 0, 1, 1, 0, 0, 0, 0, 1, 0, 0, 0, -1, 0, -1, 0, 0, 1, 1, 0, -2, 0], [0, -1, 3, 2, 0, -2, 0, 0, 2, 0, 0, -2, -2, 1, -2, 1, 1, 3, 3, 0, -5, 0], [0, 0, -1, -1, 0, 1, 0, 1, -1, 0, 0, 0, 1, 0, 1, 0, 0, -1, -1, 0, 2, 0], [0, -1, 3, 2, 0, -2, -1, 0, 3, 0, 0, -2, -2, 1, -2, 1, 1, 3, 3, 0, -5, 0], [0, 0, 0, 0, 0, 0, 0, 0, 0, 1, 0, 0, 0, 0, 0, 0, 0, 0, 0, 0, 0, 0], [0, 0, 0, 0, 0, 0, 0, 0, 0, 0, 1, 0, 0, 0, 0, 0, 0, 0, 0, 0, 0, 0], [0, -2, 4, 2, 0, -2, -2, 0, 2, 0, 0, -3, -2, 2, -2, 2, 2, 4, 4, 0, -6, 0], [0, 0, 0, 0, 0, 0, 0, 0, 0, 0, 0, 0, 1, 0, 0, 0, 0, 0, 0, 0, 0, 0], [0, -2, 6, 4, 0, -4, -2, 0, 4, 0, 0, -4, -4, 3, -4, 2, 2, 6, 6, 0, -10, 0], [0, 2, -5, -3, 0, 3, 2, 0, -3, 0, 0, 4, 3, -2, 4, -2, -2, -5, -5, 0, 8, 0], [0, -1, 3, 2, 0, -2, -1, 0, 2, 0, 0, -2, -2, 1, -2, 2, 1, 3, 3, 0, -5, 0], [0, -1, 3, 2, 0, -2, -1, 0, 2, 0, 0, -2, -2, 1, -2, 1, 2, 3, 3, 0, -5, 0], [0, 0, 0, 0, 0, 0, 0, 0, 0, 0, 0, 0, 0, 0, 0, 0, 0, 1, 0, 0, 0, 0], [0, 0, 0, 0, 0, 0, 0, 0, 0, 0, 0, 0, 0, 0, 0, 0, 0, 0, 1, 0, 0, 0], [0, 1, -2, -1, 0, 1, 1, 0, -1, 0, 0, 2, 1, -1, 1, -1, -1, -2, -2, 1, 3, 0], [0, -1, 3, 2, 0, -2, -1, 0, 2, 0, 0, -2, -2, 1, -2, 1, 1, 3, 3, 0, -4, 0], [0, 0, 1, 1, 0, -1, 0, 0, 1, 0, 0, 0, -1, 0, -1, 0, 0, 1, 1, 0, -2, 1]]
[[1, -1, 0, 0, 0, -1, 0, 0, 1, -1, -1, 0, -1, 1, 0, -1, -1, 0, 0, 1, 0, 1], [0, 1, 0, 0, 0, 0, 0, 0, 0, 0, 0, 0, 0, 0, 0, 0, 0, 0, 0, 0, 0, 0], [0, 1, 0, 0, 0, 1, 0, 0, -1, 0, 1, 0, 1, -1, 0, 1, 1, 0, 0, -1, 0, 0], [0, 0, -1, 1, 0, 0, 0, 0, 0, -1, 0, 0, 0, 0, 0, 0, 0, 0, 0, 0, 0, 1], [0, 1, 0, 0, 1, 1, 0, 0, -1, 1, 1, 0, 1, -1, 0, 1, 1, 0, 0, -1, 0, -1], [0, 1, 0, 0, 0, 2, 0, 0, -1, 1, 1, 0, 1, -1, 0, 1, 1, 0, 0, -1, 0, -1], [-1, -1, 2, -2, 0, 0, -1, -1, 0, 0, 0, -1, 0, -1, -1, 0, 0, -1, 0, -2, -1, 0], [0, 0, 0, 0, 0, 0, 0, 1, 0, 0, 0, 0, 0, 0, 0, 0, 0, 0, 0, 0, 0, 0], [0, 1, 0, 0, 0, 1, 0, 0, 0, 1, 1, 0, 1, -1, 0, 1, 1, 0, 0, -1, 0, -1], [0, -1, 0, 0, 0, -1, 0, 0, 1, 0, -1, 0, -1, 1, 0, -1, -1, 0, 0, 1, 0, 1], [0, -1, 1, 0, 0, -1, 0, 0, 1, 0, 0, 0, -1, 1, 0, -1, -1, 0, 0, 1, 0, 0], [0, 0, 1, 0, 0, 0, 0, 0, 0, 1, 0, 0, 0, 0, 0, 1, 0, 1, 0, 0, 0, -1], [0, 1, -1, 0, 0, 1, 0, 0, -1, 0, 1, 0, 2, -1, 0, 1, 1, 0, 0, -1, 0, 0], [0, 0, 2, 0, 0, 0, 0, 0, 0, 2, 0, -1, 0, 1, 0, 1, 0, 1, 0, 0, 0, -2], [0, 1, -2, 0, 0, 1, 0, 0, -1, -1, 1, 1, 1, -1, 1, 0, 1, -1, 0, -1, 0, 1], [0, 0, 1, 0, 0, 0, 0, 0, 0, 1, 0, 0, 0, 0, 0, 1, 0, 0, 0, 0, 0, -1], [0, 0, 1, 0, 0, 0, 0, 0, 0, 1, 0, -1, 0, 0, 0, 1, 1, 1, 0, 0, 0, -1], [0, 0, 0, 0, 0, 0, 0, 0, 0, 0, 0, 1, 0, 0, 0, -1, 0, 0, 0, 0, 0, 0], [0, 0, 0, 0, 0, 0, 0, 0, 0, 0, 0, 0, 0, 0, 0, 0, 0, 0, 1, 0, 0, 0], [0, 1, -1, 0, 0, 1, 0, 0, -1, 0, 1, 0, 1, -1, 0, 1, 1, 0, 0, 0, 0, 0], [0, 0, 1, 0, 0, 0, 0, 0, 0, 1, 0, 0, 0, 0, 0, 0, 0, 0, 0, 0, 1, -1], [0, 0, 1, 0, 0, 0, 0, 0, 0, 1, 0, 0, 0, 0, 0, 0, 0, 0, 0, 0, 0, 0]]
[[1, 0, 0, 0, 0, 0, 0, 0, 0, 0, 0, 0, 0, 0, 0, 0, 0, 0, 0, 0, 0, 0], [0, 1, 0, 0, 0, 0, 0, 0, 0, 0, 0, 0, 0, 0, 0, 0, 0, 0, 0, 0, 0, 0], [0, 0, 1, 0, 0, 0, 0, 0, 0, 0, 0, 0, 0, 0, 0, 0, 0, 0, 0, 0, 0, 0], [0, 0, 0, 1, 0, 0, 0, 0, 0, 0, 0, 0, 0, 0, 0, 0, 0, 0, 0, 0, 0, 0], [0, 0, 0, 0, 1, 0, 0, 0, 0, 0, 0, 0, 0, 0, 0, 0, 0, 0, 0, 0, 0, 0], [0, 0, 0, 0, 0, 1, 0, 0, 0, 0, 0, 0, 0, 0, 0, 0, 0, 0, 0, 0, 0, 0], [0, 0, 0, 0, 0, 0, 1, 0, 0, 0, 0, 0, 0, 0, 0, 0, 0, 0, 0, 0, 0, 0], [0, 0, 0, 0, 0, 0, 0, 1, 0, 0, 0, 0, 0, 0, 0, 0, 0, 0, 0, 0, 0, 0], [0, 0, 0, 0, 0, 0, 0, 0, 1, 0, 0, 0, 0, 0, 0, 0, 0, 0, 0, 0, 0, 0], [0, 0, 0, 0, 0, 0, 0, 0, 0, 1, 0, 0, 0, 0, 0, 0, 0, 0, 0, 0, 0, 0], [0, 0, 0, 0, 0, 0, 0, 0, 0, 0, 1, 0, 0, 0, 0, 0, 0, 0, 0, 0, 0, 0], [0, 0, 0, 0, 0, 0, 0, 0, 0, 0, 0, 1, 0, 0, 0, 0, 0, 0, 0, 0, 0, 0], [0, 0, 0, 0, 0, 0, 0, 0, 0, 0, 0, 0, 1, 0, 0, 0, 0, 0, 0, 0, 0, 0], [0, 0, 0, 0, 0, 0, 0, 0, 0, 0, 0, 0, 0, 1, 0, 0, 0, 0, 0, 0, 0, 0], [0, 0, 0, 0, 0, 0, 0, 0, 0, 0, 0, 0, 0, 0, 1, 0, 0, 0, 0, 0, 0, 0], [0, 0, 0, 0, 0, 0, 0, 0, 0, 0, 0, 0, 0, 0, 0, 1, 0, 0, 0, 0, 0, 0], [0, 0, 0, 0, 0, 0, 0, 0, 0, 0, 0, 0, 0, 0, 0, 0, 1, 0, 0, 0, 0, 0], [0, 0, 0, 0, 0, 0, 0, 0, 0, 0, 0, 0, 0, 0, 0, 0, 0, 1, 0, 0, 0, 0], [0, 0, 0, 0, 0, 0, 0, 0, 0, 0, 0, 0, 0, 0, 0, 0, 0, 0, 1, 0, 0, 0], [0, 0, 0, 0, 0, 0, 0, 0, 0, 0, 0, 0, 0, 0, 0, 0, 0, 0, 0, 1, 0, 0], [0, 0, 0, 0, 0, 0, 0, 0, 0, 0, 0, 0, 0, 0, 0, 0, 0, 0, 0, 0, 1, 0], [0, 0, 0, 0, 0, 0, 0, 0, 0, 0, 0, 0, 0, 0, 0, 0, 0, 0, 0, 0, 0, 1]]
[[1, 0, 0, 0, 0, 0, 0, 0, 0, 0, 0, 0, 0, 0, 0, 0, 0, 0, 0, 0, 0, 0], [0, 1, 0, 0, 0, 0, 0, 0, 0, 0, 0, 0, 0, 0, 0, 0, 0, 0, 0, 0, 0, 0], [0, 0, 1, 0, 0, 0, 0, 0, 0, 0, 0, 0, 0, 0, 0, 0, 0, 0, 0, 0, 0, 0], [0, 0, 0, 1, 0, 0, 0, 0, 0, 0, 0, 0, 0, 0, 0, 0, 0, 0, 0, 0, 0, 0], [0, 0, 0, 0, 1, 0, 0, 0, 0, 0, 0, 0, 0, 0, 0, 0, 0, 0, 0, 0, 0, 0], [0, 0, 0, 0, 0, 1, 0, 0, 0, 0, 0, 0, 0, 0, 0, 0, 0, 0, 0, 0, 0, 0], [0, 0, 0, 0, 0, 0, 1, 0, 0, 0, 0, 0, 0, 0, 0, 0, 0, 0, 0, 0, 0, 0], [0, 0, 0, 0, 0, 0, 0, 1, 0, 0, 0, 0, 0, 0, 0, 0, 0, 0, 0, 0, 0, 0], [0, 0, 0, 0, 0, 0, 0, 0, 1, 0, 0, 0, 0, 0, 0, 0, 0, 0, 0, 0, 0, 0], [0, 0, 0, 0, 0, 0, 0, 0, 0, 1, 0, 0, 0, 0, 0, 0, 0, 0, 0, 0, 0, 0], [0, 0, 0, 0, 0, 0, 0, 0, 0, 0, 1, 0, 0, 0, 0, 0, 0, 0, 0, 0, 0, 0], [0, 0, 0, 0, 0, 0, 0, 0, 0, 0, 0, 1, 0, 0, 0, 0, 0, 0, 0, 0, 0, 0], [0, 0, 0, 0, 0, 0, 0, 0, 0, 0, 0, 0, 1, 0, 0, 0, 0, 0, 0, 0, 0, 0], [0, 0, 0, 0, 0, 0, 0, 0, 0, 0, 0, 0, 0, 1, 0, 0, 0, 0, 0, 0, 0, 0], [0, 0, 0, 0, 0, 0, 0, 0, 0, 0, 0, 0, 0, 0, 1, 0, 0, 0, 0, 0, 0, 0], [0, 0, 0, 0, 0, 0, 0, 0, 0, 0, 0, 0, 0, 0, 0, 1, 0, 0, 0, 0, 0, 0], [0, 0, 0, 0, 0, 0, 0, 0, 0, 0, 0, 0, 0, 0, 0, 0, 1, 0, 0, 0, 0, 0], [0, 0, 0, 0, 0, 0, 0, 0, 0, 0, 0, 0, 0, 0, 0, 0, 0, 1, 0, 0, 0, 0], [0, 0, 0, 0, 0, 0, 0, 0, 0, 0, 0, 0, 0, 0, 0, 0, 0, 0, 1, 0, 0, 0], [0, 0, 0, 0, 0, 0, 0, 0, 0, 0, 0, 0, 0, 0, 0, 0, 0, 0, 0, 1, 0, 0], [0, 0, 0, 0, 0, 0, 0, 0, 0, 0, 0, 0, 0, 0, 0, 0, 0, 0, 0, 0, 1, 0], [0, 0, 0, 0, 0, 0, 0, 0, 0, 0, 0, 0, 0, 0, 0, 0, 0, 0, 0, 0, 0, 1]]
[[2, 1, -1, 1, 0, 1, 0, 0, -1, 0, 0, -1, 1, 1, 1, 1, 1, 0, 0, 0, 1, -1], [-1, -1, 1, -1, 0, 0, 0, 0, 1, 1, 0, 1, -1, -1, -1, -1, -1, 0, 0, 0, -1, 1], [-1, -2, 2, -1, 0, 0, 0, 0, 1, 1, 0, 1, -1, -1, -1, -1, -1, 0, 0, 0, -1, 1], [-1, 0, 1, -1, 0, 1, 0, 1, -2, 2, 2, 0, 2, -1, 1, 1, 2, 0, 0, 0, 1, -1], [0, -2, 0, 1, 1, -1, 0, -1, 3, -1, -2, 1, -3, 0, -2, -2, -3, 0, 0, 0, -2, 2], [-1, -1, 1, -1, 0, 0, 0, 0, 1, 0, 0, 1, -1, -1, -1, -1, -1, 0, 0, 0, -1, 1], [-1, -1, 1, 0, 0, -1, 1, 0, 2, 0, 0, 2, -2, -1, -1, -1, -2, 0, 0, 0, -1, 1], [1, 0, -1, 1, 0, 2, 0, 1, -1, 1, 0, -1, 1, 1, 1, 1, 1, 0, 0, 0, 1, -1], [0, -1, 0, 0, 0, -2, 0, -1, 3, -2, -2, 0, -2, 0, -2, -2, -2, 0, 0, 0, -2, 2], [0, 1, 0, 0, 0, -1, 0, 0, 0, 0, 0, 0, 0, 0, 0, 0, 0, 0, 0, 0, 0, 0], [0, 0, 0, 0, 0, 0, 0, 0, 0, 0, 1, 0, 0, 0, 0, 0, 0, 0, 0, 0, 0, 0], [1, 0, -1, 1, 0, -1, 0, -1, 1, -2, -2, 0, -1, 1, -1, -1, -1, 0, 0, 0, -1, 1], [0, 0, 0, 0, 0, 0, 0, 0, 0, 0, 0, 0, 1, 0, 0, 0, 0, 0, 0, 0, 0, 0], [-1, -2, 1, 0, 0, -3, 0, -1, 4, -2, -2, 2, -4, 0, -3, -3, -4, 0, 0, 0, -3, 3], [0, 1, 0, -1, 0, 2, 0, 1, -3, 2, 2, -1, 3, 0, 3, 2, 3, 0, 0, 0, 2, -2], [0, -1, 0, 0, 0, -2, 0, -1, 2, -2, -2, 0, -2, 0, -2, -1, -2, 0, 0, 0, -2, 2], [0, -1, 0, 1, 0, -2, 0, -1, 3, -2, -2, 1, -3, 0, -2, -2, -2, 0, 0, 0, -2, 2], [1, 1, -1, 1, 0, 1, 0, 0, -1, 0, 0, -1, 1, 1, 1, 1, 1, 1, 0, 0, 1, -1], [0, 0, 0, 0, 0, 0, 0, 0, 0, 0, 0, 0, 0, 0, 0, 0, 0, 0, 1, 0, 0, 0], [0, 0, 0, 0, 0, 0, 0, 0, 0, 0, 0, 0, 0, 0, 0, 0, 0, 0, 0, 1, 0, 0], [0, -1, 0, 0, 0, -2, 0, -1, 2, -2, -2, 0, -2, 0, -2, -2, -2, 0, 0, 0, -1, 2], [-1, -1, 1, -1, 0, -1, 0, 0, 1, 0, 0, 1, -1, -1, -1, -1, -1, 0, 0, 0, -1, 2]]
[[1, 0, 0, 0, 0, 0, 0, 0, 0, 0, 0, 0, 0, 0, 0, 0, 0, 0, 0, 0, 0, 0], [0, 1, 0, 0, 0, 0, 0, 0, 0, 0, 0, 0, 0, 0, 0, 0, 0, 0, 0, 0, 0, 0], [0, 0, 1, 0, 0, 0, 0, 0, 0, 0, 0, 0, 0, 0, 0, 0, 0, 0, 0, 0, 0, 0], [0, 0, 0, 1, 0, 0, 0, 0, 0, 0, 0, 0, 0, 0, 0, 0, 0, 0, 0, 0, 0, 0], [0, 0, 0, 0, 1, 0, 0, 0, 0, 0, 0, 0, 0, 0, 0, 0, 0, 0, 0, 0, 0, 0], [0, 0, 0, 0, 0, 1, 0, 0, 0, 0, 0, 0, 0, 0, 0, 0, 0, 0, 0, 0, 0, 0], [0, 0, 0, 0, 0, 0, 1, 0, 0, 0, 0, 0, 0, 0, 0, 0, 0, 0, 0, 0, 0, 0], [0, 0, 0, 0, 0, 0, 0, 1, 0, 0, 0, 0, 0, 0, 0, 0, 0, 0, 0, 0, 0, 0], [0, 0, 0, 0, 0, 0, 0, 0, 1, 0, 0, 0, 0, 0, 0, 0, 0, 0, 0, 0, 0, 0], [0, 0, 0, 0, 0, 0, 0, 0, 0, 1, 0, 0, 0, 0, 0, 0, 0, 0, 0, 0, 0, 0], [0, 0, 0, 0, 0, 0, 0, 0, 0, 0, 1, 0, 0, 0, 0, 0, 0, 0, 0, 0, 0, 0], [0, 0, 0, 0, 0, 0, 0, 0, 0, 0, 0, 1, 0, 0, 0, 0, 0, 0, 0, 0, 0, 0], [0, 0, 0, 0, 0, 0, 0, 0, 0, 0, 0, 0, 1, 0, 0, 0, 0, 0, 0, 0, 0, 0], [0, 0, 0, 0, 0, 0, 0, 0, 0, 0, 0, 0, 0, 1, 0, 0, 0, 0, 0, 0, 0, 0], [0, 0, 0, 0, 0, 0, 0, 0, 0, 0, 0, 0, 0, 0, 1, 0, 0, 0, 0, 0, 0, 0], [0, 0, 0, 0, 0, 0, 0, 0, 0, 0, 0, 0, 0, 0, 0, 1, 0, 0, 0, 0, 0, 0], [0, 0, 0, 0, 0, 0, 0, 0, 0, 0, 0, 0, 0, 0, 0, 0, 1, 0, 0, 0, 0, 0], [0, 0, 0, 0, 0, 0, 0, 0, 0, 0, 0, 0, 0, 0, 0, 0, 0, 1, 0, 0, 0, 0], [0, 0, 0, 0, 0, 0, 0, 0, 0, 0, 0, 0, 0, 0, 0, 0, 0, 0, 1, 0, 0, 0], [0, 0, 0, 0, 0, 0, 0, 0, 0, 0, 0, 0, 0, 0, 0, 0, 0, 0, 0, 1, 0, 0], [0, 0, 0, 0, 0, 0, 0, 0, 0, 0, 0, 0, 0, 0, 0, 0, 0, 0, 0, 0, 1, 0], [0, 0, 0, 0, 0, 0, 0, 0, 0, 0, 0, 0, 0, 0, 0, 0, 0, 0, 0, 0, 0, 1]]
[[1, 0, 0, 0, 0, 0, 0, 0, 0, 0, 0, 0, 0, 0, 0, 0, 0, 0, 0, 0, 0, 0], [0, 1, 0, 0, 0, 0, 0, 0, 0, 0, 0, 0, 0, 0, 0, 0, 0, 0, 0, 0, 0, 0], [0, 0, 1, 0, 0, 0, 0, 0, 0, 0, 0, 0, 0, 0, 0, 0, 0, 0, 0, 0, 0, 0], [0, 0, 0, 1, 0, 0, 0, 0, 0, 0, 0, 0, 0, 0, 0, 0, 0, 0, 0, 0, 0, 0], [0, 0, 0, 0, 1, 0, 0, 0, 0, 0, 0, 0, 0, 0, 0, 0, 0, 0, 0, 0, 0, 0], [0, 0, 0, 0, 0, 1, 0, 0, 0, 0, 0, 0, 0, 0, 0, 0, 0, 0, 0, 0, 0, 0], [0, 0, 0, 0, 0, 0, 1, 0, 0, 0, 0, 0, 0, 0, 0, 0, 0, 0, 0, 0, 0, 0], [0, 0, 0, 0, 0, 0, 0, 1, 0, 0, 0, 0, 0, 0, 0, 0, 0, 0, 0, 0, 0, 0], [0, 0, 0, 0, 0, 0, 0, 0, 1, 0, 0, 0, 0, 0, 0, 0, 0, 0, 0, 0, 0, 0], [0, 0, 0, 0, 0, 0, 0, 0, 0, 1, 0, 0, 0, 0, 0, 0, 0, 0, 0, 0, 0, 0], [0, 0, 0, 0, 0, 0, 0, 0, 0, 0, 1, 0, 0, 0, 0, 0, 0, 0, 0, 0, 0, 0], [0, 0, 0, 0, 0, 0, 0, 0, 0, 0, 0, 1, 0, 0, 0, 0, 0, 0, 0, 0, 0, 0], [0, 0, 0, 0, 0, 0, 0, 0, 0, 0, 0, 0, 1, 0, 0, 0, 0, 0, 0, 0, 0, 0], [0, 0, 0, 0, 0, 0, 0, 0, 0, 0, 0, 0, 0, 1, 0, 0, 0, 0, 0, 0, 0, 0], [0, 0, 0, 0, 0, 0, 0, 0, 0, 0, 0, 0, 0, 0, 1, 0, 0, 0, 0, 0, 0, 0], [0, 0, 0, 0, 0, 0, 0, 0, 0, 0, 0, 0, 0, 0, 0, 1, 0, 0, 0, 0, 0, 0], [0, 0, 0, 0, 0, 0, 0, 0, 0, 0, 0, 0, 0, 0, 0, 0, 1, 0, 0, 0, 0, 0], [0, 0, 0, 0, 0, 0, 0, 0, 0, 0, 0, 0, 0, 0, 0, 0, 0, 1, 0, 0, 0, 0], [0, 0, 0, 0, 0, 0, 0, 0, 0, 0, 0, 0, 0, 0, 0, 0, 0, 0, 1, 0, 0, 0], [0, 0, 0, 0, 0, 0, 0, 0, 0, 0, 0, 0, 0, 0, 0, 0, 0, 0, 0, 1, 0, 0], [0, 0, 0, 0, 0, 0, 0, 0, 0, 0, 0, 0, 0, 0, 0, 0, 0, 0, 0, 0, 1, 0], [0, 0, 0, 0, 0, 0, 0, 0, 0, 0, 0, 0, 0, 0, 0, 0, 0, 0, 0, 0, 0, 1]]
[[1, 0, 0, 0, 0, 0, 0, 0, 0, 0, 0, 0, 0, 0, 0, 0, 0, 0, 0, 0, 0, 0], [0, 1, 0, 0, 0, 0, 0, 0, 0, 0, 0, 0, 0, 0, 0, 0, 0, 0, 0, 0, 0, 0], [0, 0, 1, 0, 0, 0, 0, 0, 0, 0, 0, 0, 0, 0, 0, 0, 0, 0, 0, 0, 0, 0], [0, 0, 0, 1, 0, 0, 0, 0, 0, 0, 0, 0, 0, 0, 0, 0, 0, 0, 0, 0, 0, 0], [0, 0, 0, 0, 1, 0, 0, 0, 0, 0, 0, 0, 0, 0, 0, 0, 0, 0, 0, 0, 0, 0], [0, 0, 0, 0, 0, 1, 0, 0, 0, 0, 0, 0, 0, 0, 0, 0, 0, 0, 0, 0, 0, 0], [0, 0, 0, 0, 0, 0, 1, 0, 0, 0, 0, 0, 0, 0, 0, 0, 0, 0, 0, 0, 0, 0], [0, 0, 0, 0, 0, 0, 0, 1, 0, 0, 0, 0, 0, 0, 0, 0, 0, 0, 0, 0, 0, 0], [0, 0, 0, 0, 0, 0, 0, 0, 1, 0, 0, 0, 0, 0, 0, 0, 0, 0, 0, 0, 0, 0], [0, 0, 0, 0, 0, 0, 0, 0, 0, 1, 0, 0, 0, 0, 0, 0, 0, 0, 0, 0, 0, 0], [0, 0, 0, 0, 0, 0, 0, 0, 0, 0, 1, 0, 0, 0, 0, 0, 0, 0, 0, 0, 0, 0], [0, 0, 0, 0, 0, 0, 0, 0, 0, 0, 0, 1, 0, 0, 0, 0, 0, 0, 0, 0, 0, 0], [0, 0, 0, 0, 0, 0, 0, 0, 0, 0, 0, 0, 1, 0, 0, 0, 0, 0, 0, 0, 0, 0], [0, 0, 0, 0, 0, 0, 0, 0, 0, 0, 0, 0, 0, 1, 0, 0, 0, 0, 0, 0, 0, 0], [0, 0, 0, 0, 0, 0, 0, 0, 0, 0, 0, 0, 0, 0, 1, 0, 0, 0, 0, 0, 0, 0], [0, 0, 0, 0, 0, 0, 0, 0, 0, 0, 0, 0, 0, 0, 0, 1, 0, 0, 0, 0, 0, 0], [0, 0, 0, 0, 0, 0, 0, 0, 0, 0, 0, 0, 0, 0, 0, 0, 1, 0, 0, 0, 0, 0], [0, 0, 0, 0, 0, 0, 0, 0, 0, 0, 0, 0, 0, 0, 0, 0, 0, 1, 0, 0, 0, 0], [0, 0, 0, 0, 0, 0, 0, 0, 0, 0, 0, 0, 0, 0, 0, 0, 0, 0, 1, 0, 0, 0], [0, 0, 0, 0, 0, 0, 0, 0, 0, 0, 0, 0, 0, 0, 0, 0, 0, 0, 0, 1, 0, 0], [0, 0, 0, 0, 0, 0, 0, 0, 0, 0, 0, 0, 0, 0, 0, 0, 0, 0, 0, 0, 1, 0], [0, 0, 0, 0, 0, 0, 0, 0, 0, 0, 0, 0, 0, 0, 0, 0, 0, 0, 0, 0, 0, 1]]
[[1, 0, 0, 0, 0, 0, 0, 0, 0, 0, 0, 0, 0, 0, 0, 0, 0, 0, 0, 0, 0, 0], [0, 1, 0, 0, 0, 0, 0, 0, 0, 0, 0, 0, 0, 0, 0, 0, 0, 0, 0, 0, 0, 0], [0, 0, 1, 0, 0, 0, 0, 0, 0, 0, 0, 0, 0, 0, 0, 0, 0, 0, 0, 0, 0, 0], [0, 0, 0, 1, 0, 0, 0, 0, 0, 0, 0, 0, 0, 0, 0, 0, 0, 0, 0, 0, 0, 0], [0, 0, 0, 0, 1, 0, 0, 0, 0, 0, 0, 0, 0, 0, 0, 0, 0, 0, 0, 0, 0, 0], [0, 0, 0, 0, 0, 1, 0, 0, 0, 0, 0, 0, 0, 0, 0, 0, 0, 0, 0, 0, 0, 0], [0, 0, 0, 0, 0, 0, 1, 0, 0, 0, 0, 0, 0, 0, 0, 0, 0, 0, 0, 0, 0, 0], [0, 0, 0, 0, 0, 0, 0, 1, 0, 0, 0, 0, 0, 0, 0, 0, 0, 0, 0, 0, 0, 0], [0, 0, 0, 0, 0, 0, 0, 0, 1, 0, 0, 0, 0, 0, 0, 0, 0, 0, 0, 0, 0, 0], [0, 0, 0, 0, 0, 0, 0, 0, 0, 1, 0, 0, 0, 0, 0, 0, 0, 0, 0, 0, 0, 0], [0, 0, 0, 0, 0, 0, 0, 0, 0, 0, 1, 0, 0, 0, 0, 0, 0, 0, 0, 0, 0, 0], [0, 0, 0, 0, 0, 0, 0, 0, 0, 0, 0, 1, 0, 0, 0, 0, 0, 0, 0, 0, 0, 0], [0, 0, 0, 0, 0, 0, 0, 0, 0, 0, 0, 0, 1, 0, 0, 0, 0, 0, 0, 0, 0, 0], [0, 0, 0, 0, 0, 0, 0, 0, 0, 0, 0, 0, 0, 1, 0, 0, 0, 0, 0, 0, 0, 0], [0, 0, 0, 0, 0, 0, 0, 0, 0, 0, 0, 0, 0, 0, 1, 0, 0, 0, 0, 0, 0, 0], [0, 0, 0, 0, 0, 0, 0, 0, 0, 0, 0, 0, 0, 0, 0, 1, 0, 0, 0, 0, 0, 0], [0, 0, 0, 0, 0, 0, 0, 0, 0, 0, 0, 0, 0, 0, 0, 0, 1, 0, 0, 0, 0, 0], [0, 0, 0, 0, 0, 0, 0, 0, 0, 0, 0, 0, 0, 0, 0, 0, 0, 1, 0, 0, 0, 0], [0, 0, 0, 0, 0, 0, 0, 0, 0, 0, 0, 0, 0, 0, 0, 0, 0, 0, 1, 0, 0, 0], [0, 0, 0, 0, 0, 0, 0, 0, 0, 0, 0, 0, 0, 0, 0, 0, 0, 0, 0, 1, 0, 0], [0, 0, 0, 0, 0, 0, 0, 0, 0, 0, 0, 0, 0, 0, 0, 0, 0, 0, 0, 0, 1, 0], [0, 0, 0, 0, 0, 0, 0, 0, 0, 0, 0, 0, 0, 0, 0, 0, 0, 0, 0, 0, 0, 1]]
[[2, 0, 0, 1, 0, -1, 0, 0, 1, -1, 0, -1, 0, 1, 0, 0, 0, 0, 0, 0, 0, 0], [-2, 2, 0, -1, 0, 3, 0, 1, -3, 3, 2, 2, 1, -1, 2, 2, 1, 0, 0, 0, 1, -2], [-2, 1, 1, -1, 0, 3, 0, 1, -3, 3, 2, 2, 1, -1, 2, 2, 1, 0, 0, 0, 1, -2], [-1, 0, 0, 0, 0, 1, 0, 0, -1, 1, 0, 1, 0, -1, 0, 0, 0, 0, 0, 0, 0, 0], [0, 0, 0, 0, 1, 0, 0, 0, 0, 0, 0, 0, 0, 0, 0, 0, 0, 0, 0, 0, 0, 0], [-1, 1, 0, 0, 0, 3, 0, 1, -2, 2, 2, 1, 1, 0, 2, 2, 1, 0, 0, 0, 1, -2], [-2, 1, 0, -1, 0, 3, 1, 1, -3, 3, 2, 2, 1, -1, 2, 2, 1, 0, 0, 0, 1, -2], [1, 0, 0, 1, 0, -1, 0, 1, 1, -1, 0, -1, 0, 1, 0, 0, 0, 0, 0, 0, 0, 0], [0, 0, 0, 0, 0, 0, 0, 0, 1, 0, 0, 0, 0, 0, 0, 0, 0, 0, 0, 0, 0, 0], [0, 0, 0, 0, 0, 0, 0, 0, 0, 1, 0, 0, 0, 0, 0, 0, 0, 0, 0, 0, 0, 0], [-1, 0, 0, -1, 0, 1, 0, 0, -1, 1, 1, 1, 0, -1, 0, 0, 0, 0, 0, 0, 0, 0], [2, -1, 0, 1, 0, -3, 0, -1, 3, -3, -2, -1, -1, 1, -2, -2, -1, 0, 0, 0, -1, 2], [0, 0, 0, 0, 0, 0, 0, 0, 0, 0, 0, 0, 1, 0, 0, 0, 0, 0, 0, 0, 0, 0], [-1, 0, 0, -1, 0, 1, 0, 0, -1, 1, 0, 1, 0, 0, 0, 0, 0, 0, 0, 0, 0, 0], [0, 0, 0, 0, 0, 0, 0, 0, 0, 0, 0, 0, 0, 0, 1, 0, 0, 0, 0, 0, 0, 0], [1, -1, 0, 0, 0, -2, 0, -1, 2, -2, -2, -1, -1, 0, -2, -1, -1, 0, 0, 0, -1, 2], [0, 0, 0, 0, 0, 0, 0, 0, 0, 0, 0, 0, 0, 0, 0, 0, 1, 0, 0, 0, 0, 0], [1, 0, 0, 1, 0, -1, 0, 0, 1, -1, 0, -1, 0, 1, 0, 0, 0, 1, 0, 0, 0, 0], [1, 0, 0, 1, 0, -1, 0, 0, 1, -1, 0, -1, 0, 1, 0, 0, 0, 0, 1, 0, 0, 0], [0, 0, 0, 0, 0, 0, 0, 0, 0, 0, 0, 0, 0, 0, 0, 0, 0, 0, 0, 1, 0, 0], [0, 0, 0, 0, 0, 0, 0, 0, 0, 0, 0, 0, 0, 0, 0, 0, 0, 0, 0, 0, 1, 0], [-2, 1, 0, -1, 0, 3, 0, 1, -3, 3, 2, 2, 1, -1, 2, 2, 1, 0, 0, 0, 1, -1]]
[[1, 0, 0, 0, 0, 0, 0, 0, 0, 0, 0, 0, 0, 0, 0, 0, 0, 0, 0, 0, 0, 0], [0, 1, 0, 0, 0, 0, 0, 0, 0, 0, 0, 0, 0, 0, 0, 0, 0, 0, 0, 0, 0, 0], [0, 0, 1, 0, 0, 0, 0, 0, 0, 0, 0, 0, 0, 0, 0, 0, 0, 0, 0, 0, 0, 0], [0, 0, 0, 1, 0, 0, 0, 0, 0, 0, 0, 0, 0, 0, 0, 0, 0, 0, 0, 0, 0, 0], [0, 0, 0, 0, 1, 0, 0, 0, 0, 0, 0, 0, 0, 0, 0, 0, 0, 0, 0, 0, 0, 0], [0, 0, 0, 0, 0, 1, 0, 0, 0, 0, 0, 0, 0, 0, 0, 0, 0, 0, 0, 0, 0, 0], [0, 0, 0, 0, 0, 0, 1, 0, 0, 0, 0, 0, 0, 0, 0, 0, 0, 0, 0, 0, 0, 0], [0, 0, 0, 0, 0, 0, 0, 1, 0, 0, 0, 0, 0, 0, 0, 0, 0, 0, 0, 0, 0, 0], [0, 0, 0, 0, 0, 0, 0, 0, 1, 0, 0, 0, 0, 0, 0, 0, 0, 0, 0, 0, 0, 0], [0, 0, 0, 0, 0, 0, 0, 0, 0, 1, 0, 0, 0, 0, 0, 0, 0, 0, 0, 0, 0, 0], [0, 0, 0, 0, 0, 0, 0, 0, 0, 0, 1, 0, 0, 0, 0, 0, 0, 0, 0, 0, 0, 0], [0, 0, 0, 0, 0, 0, 0, 0, 0, 0, 0, 1, 0, 0, 0, 0, 0, 0, 0, 0, 0, 0], [0, 0, 0, 0, 0, 0, 0, 0, 0, 0, 0, 0, 1, 0, 0, 0, 0, 0, 0, 0, 0, 0], [0, 0, 0, 0, 0, 0, 0, 0, 0, 0, 0, 0, 0, 1, 0, 0, 0, 0, 0, 0, 0, 0], [0, 0, 0, 0, 0, 0, 0, 0, 0, 0, 0, 0, 0, 0, 1, 0, 0, 0, 0, 0, 0, 0], [0, 0, 0, 0, 0, 0, 0, 0, 0, 0, 0, 0, 0, 0, 0, 1, 0, 0, 0, 0, 0, 0], [0, 0, 0, 0, 0, 0, 0, 0, 0, 0, 0, 0, 0, 0, 0, 0, 1, 0, 0, 0, 0, 0], [0, 0, 0, 0, 0, 0, 0, 0, 0, 0, 0, 0, 0, 0, 0, 0, 0, 1, 0, 0, 0, 0], [0, 0, 0, 0, 0, 0, 0, 0, 0, 0, 0, 0, 0, 0, 0, 0, 0, 0, 1, 0, 0, 0], [0, 0, 0, 0, 0, 0, 0, 0, 0, 0, 0, 0, 0, 0, 0, 0, 0, 0, 0, 1, 0, 0], [0, 0, 0, 0, 0, 0, 0, 0, 0, 0, 0, 0, 0, 0, 0, 0, 0, 0, 0, 0, 1, 0], [0, 0, 0, 0, 0, 0, 0, 0, 0, 0, 0, 0, 0, 0, 0, 0, 0, 0, 0, 0, 0, 1]]
[[0, 2, -1, -1, 0, 2, 0, 0, -3, 1, 1, 0, 2, -1, 1, 2, 1, 0, -1, 0, 2, -2], [0, 1, 0, 0, 0, 0, 0, 0, 0, 0, 0, 0, 0, 0, 0, 0, 0, 0, 0, 0, 0, 0], [0, 0, 1, 0, 0, 0, 0, 0, 0, 0, 0, 0, 0, 0, 0, 0, 0, 0, 0, 0, 0, 0], [-3, 3, -1, -3, 0, 3, -1, -1, -5, 2, 0, 1, 3, -3, 1, 2, 1, -1, -2, -1, 2, -2], [5, -6, 2, 6, 1, -5, 1, 1, 9, -4, -1, -2, -6, 5, -2, -4, -2, 1, 3, 1, -4, 4], [1, 0, 0, 2, 0, 0, 1, 1, 1, 0, 1, 0, 0, 1, 0, 0, 0, 1, 1, 1, 0, 0], [1, -2, 1, 1, 0, -2, 1, 0, 3, -1, -1, 0, -2, 1, -1, -2, -1, 0, 1, 0, -2, 2], [-1, 2, -1, -1, 0, 2, 0, 1, -3, 1, 1, 0, 2, -1, 1, 2, 1, 0, -1, 0, 2, -2], [3, -3, 1, 4, 0, -3, 1, 1, 6, -2, 0, -1, -3, 3, -1, -2, -1, 1, 2, 1, -2, 2], [0, 0, 0, 0, 0, 0, 0, 0, 0, 1, 0, 0, 0, 0, 0, 0, 0, 0, 0, 0, 0, 0], [-2, 1, 0, -3, 0, 1, -1, -1, -2, 1, 0, 1, 1, -2, 0, 0, 0, -1, -1, -1, 0, 0], [4, -5, 1, 5, 1, -4, 1, 1, 7, -3, -1, -1, -5, 4, -2, -4, -2, 1, 2, 2, -2, 3], [1, -1, 0, 1, 0, 0, 0, 0, 1, -1, 0, -1, 0, 1, 0, 0, 0, 0, 0, 0, 0, 0], [4, -6, 2, 5, 1, -6, 1, 1, 9, -3, -2, -1, -6, 5, -3, -6, -3, 1, 3, 2, -4, 5], [-4, 6, -2, -5, -1, 6, -1, -1, -9, 3, 2, 1, 6, -4, 4, 6, 3, -1, -3, -2, 4, -5], [4, -6, 2, 5, 1, -6, 1, 1, 9, -3, -2, -1, -6, 4, -3, -5, -3, 1, 3, 2, -4, 5], [2, -2, 1, 3, 0, -3, 1, 1, 4, -1, 0, 0, -2, 2, -1, -2, 0, 1, 2, 1, -2, 2], [1, -1, 0, 1, 0, 0, 0, 0, 1, -1, 0, -1, -1, 1, 0, 0, 0, 1, 0, 0, 0, 0], [1, -1, 0, 1, 0, 0, 0, 0, 1, -1, 0, -1, -1, 1, 0, 0, 0, 0, 1, 0, 0, 0], [-1, 2, 0, -1, -1, 1, 0, 0, -2, 1, 1, 1, 2, -1, 1, 2, 1, 0, 0, 0, 0, -1], [1, -2, 1, 1, 0, -2, 0, 0, 3, -1, -1, 0, -2, 1, -1, -2, -1, 0, 1, 0, -1, 2], [-1, 1, 0, -1, 0, 0, 0, 0, -1, 1, 0, 1, 1, -1, 0, 0, 0, 0, 0, 0, 0, 1]]
[[2, 1, -2, 3, 0, -1, 1, 0, 1, -1, -1, 0, 0, 1, -1, 0, 0, 2, 1, 2, -1, 1], [-1, -2, 2, -2, 1, 0, -1, 0, 1, 1, 0, 0, -2, 0, 0, -2, -2, -2, -1, -1, 0, 0], [-1, -3, 3, -2, 1, 0, -1, 0, 1, 1, 0, 0, -2, 0, 0, -2, -2, -2, -1, -1, 0, 0], [-1, -1, 2, -2, 0, 1, -1, 0, -1, 1, 1, 0, 0, -1, 1, 0, 0, -2, -1, -2, 1, -1], [0, 0, 0, 0, 1, 0, 0, 0, 0, 0, 0, 0, 0, 0, 0, 0, 0, 0, 0, 0, 0, 0], [-1, -3, 2, -2, 1, 1, -1, 0, 1, 1, 0, 0, -2, 0, 0, -2, -2, -2, -1, -1, 0, 0], [-1, -2, 2, -2, 0, -1, 0, 0, 1, 0, 0, 0, -1, 0, 0, -1, -1, -1, 0, -1, -1, 1], [1, 0, -2, 3, 1, 0, 1, 1, 1, 0, -1, 0, -1, 1, -1, -1, -1, 1, 0, 2, 0, 0], [0, 0, 0, 0, 0, 0, 0, 0, 1, 0, 0, 0, 0, 0, 0, 0, 0, 0, 0, 0, 0, 0], [0, 1, 0, 0, -1, -1, 0, 0, 0, 0, 0, 0, 1, 0, 0, 1, 1, 1, 1, 0, -1, 1], [0, 0, 0, 0, 0, 0, 0, 0, 0, 0, 1, 0, 0, 0, 0, 0, 0, 0, 0, 0, 0, 0], [1, 1, -2, 3, 0, -1, 1, 0, 1, -1, -1, 1, 0, 1, -1, 0, 0, 2, 1, 2, -1, 1], [0, 1, 0, -1, 0, 2, 0, 0, -2, 1, 1, 0, 2, -1, 1, 1, 1, -1, -1, -1, 2, -2], [0, -1, 0, 1, 0, -2, 0, 0, 2, -1, -1, 0, -1, 2, -1, -1, -1, 1, 1, 1, -2, 2], [0, 2, 0, -2, 0, 4, 0, 0, -4, 2, 2, 0, 2, -2, 3, 2, 2, -2, -2, -2, 4, -4], [0, -1, 0, 1, 0, -2, 0, 0, 2, -1, -1, 0, -1, 1, -1, 0, -1, 1, 1, 1, -2, 2], [0, -1, 0, 1, 0, -2, 0, 0, 2, -1, -1, 0, -1, 1, -1, -1, -1, 1, 1, 1, -1, 2], [1, 2, -2, 2, 0, 1, 1, 0, -1, 0, 0, 0, 1, 0, 0, 1, 2, 2, 0, 1, 0, -1], [0, 0, 0, 0, 0, 0, 0, 0, 0, 0, 0, 0, 0, 0, 0, 0, 1, 0, 1, 0, -1, 0], [-1, -1, 2, -3, 0, 1, -1, 0, -1, 1, 1, 0, 0, -1, 1, 0, -1, -2, -1, -1, 2, -1], [0, -1, 0, 1, 0, -2, 0, 0, 2, -1, -1, 0, -1, 1, -1, -1, 0, 1, 1, 1, -2, 2], [-1, -3, 2, -2, 1, 0, -1, 0, 1, 1, 0, 0, -2, 0, 0, -2, -2, -2, -1, -1, 0, 1]]
[[1, 0, 0, 0, 0, 0, 0, 0, 0, 0, 0, 0, 0, 0, 0, 0, 0, 0, 0, 0, 0, 0], [0, 1, 0, 0, 0, 0, 0, 0, 0, 0, 0, 0, 0, 0, 0, 0, 0, 0, 0, 0, 0, 0], [0, 0, 1, 0, 0, 0, 0, 0, 0, 0, 0, 0, 0, 0, 0, 0, 0, 0, 0, 0, 0, 0], [0, 0, 0, 1, 0, 0, 0, 0, 0, 0, 0, 0, 0, 0, 0, 0, 0, 0, 0, 0, 0, 0], [0, 0, 0, 0, 1, 0, 0, 0, 0, 0, 0, 0, 0, 0, 0, 0, 0, 0, 0, 0, 0, 0], [0, 0, 0, 0, 0, 1, 0, 0, 0, 0, 0, 0, 0, 0, 0, 0, 0, 0, 0, 0, 0, 0], [0, 0, 0, 0, 0, 0, 1, 0, 0, 0, 0, 0, 0, 0, 0, 0, 0, 0, 0, 0, 0, 0], [0, 0, 0, 0, 0, 0, 0, 1, 0, 0, 0, 0, 0, 0, 0, 0, 0, 0, 0, 0, 0, 0], [0, 0, 0, 0, 0, 0, 0, 0, 1, 0, 0, 0, 0, 0, 0, 0, 0, 0, 0, 0, 0, 0], [0, 0, 0, 0, 0, 0, 0, 0, 0, 1, 0, 0, 0, 0, 0, 0, 0, 0, 0, 0, 0, 0], [0, 0, 0, 0, 0, 0, 0, 0, 0, 0, 1, 0, 0, 0, 0, 0, 0, 0, 0, 0, 0, 0], [0, 0, 0, 0, 0, 0, 0, 0, 0, 0, 0, 1, 0, 0, 0, 0, 0, 0, 0, 0, 0, 0], [0, 0, 0, 0, 0, 0, 0, 0, 0, 0, 0, 0, 1, 0, 0, 0, 0, 0, 0, 0, 0, 0], [0, 0, 0, 0, 0, 0, 0, 0, 0, 0, 0, 0, 0, 1, 0, 0, 0, 0, 0, 0, 0, 0], [0, 0, 0, 0, 0, 0, 0, 0, 0, 0, 0, 0, 0, 0, 1, 0, 0, 0, 0, 0, 0, 0], [0, 0, 0, 0, 0, 0, 0, 0, 0, 0, 0, 0, 0, 0, 0, 1, 0, 0, 0, 0, 0, 0], [0, 0, 0, 0, 0, 0, 0, 0, 0, 0, 0, 0, 0, 0, 0, 0, 1, 0, 0, 0, 0, 0], [0, 0, 0, 0, 0, 0, 0, 0, 0, 0, 0, 0, 0, 0, 0, 0, 0, 1, 0, 0, 0, 0], [0, 0, 0, 0, 0, 0, 0, 0, 0, 0, 0, 0, 0, 0, 0, 0, 0, 0, 1, 0, 0, 0], [0, 0, 0, 0, 0, 0, 0, 0, 0, 0, 0, 0, 0, 0, 0, 0, 0, 0, 0, 1, 0, 0], [0, 0, 0, 0, 0, 0, 0, 0, 0, 0, 0, 0, 0, 0, 0, 0, 0, 0, 0, 0, 1, 0], [0, 0, 0, 0, 0, 0, 0, 0, 0, 0, 0, 0, 0, 0, 0, 0, 0, 0, 0, 0, 0, 1]]
[[1, 0, 0, 0, 0, 0, 0, 0, 0, 0, 0, 0, 0, 0, 0, 0, 0, 0, 0, 0, 0, 0], [0, 1, 0, 0, 0, 0, 0, 0, 0, 0, 0, 0, 0, 0, 0, 0, 0, 0, 0, 0, 0, 0], [0, 0, 1, 0, 0, 0, 0, 0, 0, 0, 0, 0, 0, 0, 0, 0, 0, 0, 0, 0, 0, 0], [-1, 0, 1, -2, 0, 1, -1, -1, -1, 1, 0, 0, 1, -2, 0, 0, -1, -2, -2, -2, 2, -1], [1, 0, -1, 3, 1, -1, 1, 1, 1, -1, 0, 0, -1, 2, 0, 0, 1, 2, 2, 2, -2, 1], [0, 0, 0, 0, 0, 1, 0, 0, 0, 0, 0, 0, 0, 0, 0, 0, 0, 0, 0, 0, 0, 0], [0, -1, 0, 1, 0, -2, 1, 0, 2, -2, -1, 0, -2, 1, -1, -1, -1, 1, 1, 1, -2, 2], [0, 1, 0, -1, 0, 2, 0, 1, -2, 2, 1, 0, 2, -1, 1, 1, 1, -1, -1, -1, 2, -2], [1, 0, -1, 3, 0, -1, 1, 1, 2, -1, 0, 0, -1, 2, 0, 0, 1, 2, 2, 2, -2, 1], [0, -1, 0, 1, 0, -2, 0, 0, 2, -1, -1, 0, -2, 1, -1, -1, -1, 1, 1, 1, -2, 2], [0, 0, 0, 0, 0, 0, 0, 0, 0, 0, 1, 0, 0, 0, 0, 0, 0, 0, 0, 0, 0, 0], [1, 0, -1, 3, 0, -1, 1, 1, 1, -1, 0, 1, -1, 2, 0, 0, 1, 2, 2, 2, -2, 1], [0, 0, 0, 0, 0, 0, 0, 0, 0, 0, 0, 0, 1, 0, 0, 0, 0, 0, 0, 0, 0, 0], [1, -1, -1, 4, 0, -3, 1, 1, 3, -3, -1, 0, -3, 4, -1, -1, 0, 3, 3, 3, -4, 3], [-1, 1, 1, -4, 0, 3, -1, -1, -3, 3, 1, 0, 3, -3, 2, 1, 0, -3, -3, -3, 4, -3], [1, 0, -1, 3, 0, -1, 1, 1, 1, -1, 0, 0, -1, 2, 0, 1, 1, 2, 2, 2, -2, 1], [0, -1, 0, 1, 0, -2, 0, 0, 2, -2, -1, 0, -2, 1, -1, -1, 0, 1, 1, 1, -2, 2], [1, 1, -1, 2, 0, 1, 1, 1, -1, 1, 1, 0, 1, 1, 1, 1, 2, 2, 1, 1, 0, -1], [0, 0, 0, 0, 0, 0, 0, 0, 0, 0, 0, 0, 0, 0, 0, 0, 0, 0, 1, 0, 0, 0], [-1, 0, 1, -3, 0, 1, -1, -1, -1, 1, 0, 0, 1, -2, 0, 0, -1, -2, -2, -1, 2, -1], [1, 0, -1, 3, 0, -1, 1, 1, 1, -1, 0, 0, -1, 2, 0, 0, 1, 2, 2, 2, -1, 1], [0, 0, 0, 0, 0, 0, 0, 0, 0, 0, 0, 0, 0, 0, 0, 0, 0, 0, 0, 0, 0, 1]]
[[1, 0, 0, 0, 0, 0, 0, 0, 0, 0, 0, 0, 0, 0, 0, 0, 0, 0, 0, 0, 0, 0], [0, 1, 0, 0, 0, 0, 0, 0, 0, 0, 0, 0, 0, 0, 0, 0, 0, 0, 0, 0, 0, 0], [0, 0, 1, 0, 0, 0, 0, 0, 0, 0, 0, 0, 0, 0, 0, 0, 0, 0, 0, 0, 0, 0], [0, 0, 0, 1, 0, 0, 0, 0, 0, 0, 0, 0, 0, 0, 0, 0, 0, 0, 0, 0, 0, 0], [0, 0, 0, 0, 1, 0, 0, 0, 0, 0, 0, 0, 0, 0, 0, 0, 0, 0, 0, 0, 0, 0], [0, 0, 0, 0, 0, 1, 0, 0, 0, 0, 0, 0, 0, 0, 0, 0, 0, 0, 0, 0, 0, 0], [0, 0, 0, 0, 0, 0, 1, 0, 0, 0, 0, 0, 0, 0, 0, 0, 0, 0, 0, 0, 0, 0], [0, 0, 0, 0, 0, 0, 0, 1, 0, 0, 0, 0, 0, 0, 0, 0, 0, 0, 0, 0, 0, 0], [0, 0, 0, 0, 0, 0, 0, 0, 1, 0, 0, 0, 0, 0, 0, 0, 0, 0, 0, 0, 0, 0], [0, 0, 0, 0, 0, 0, 0, 0, 0, 1, 0, 0, 0, 0, 0, 0, 0, 0, 0, 0, 0, 0], [0, 0, 0, 0, 0, 0, 0, 0, 0, 0, 1, 0, 0, 0, 0, 0, 0, 0, 0, 0, 0, 0], [0, 0, 0, 0, 0, 0, 0, 0, 0, 0, 0, 1, 0, 0, 0, 0, 0, 0, 0, 0, 0, 0], [0, 0, 0, 0, 0, 0, 0, 0, 0, 0, 0, 0, 1, 0, 0, 0, 0, 0, 0, 0, 0, 0], [0, 0, 0, 0, 0, 0, 0, 0, 0, 0, 0, 0, 0, 1, 0, 0, 0, 0, 0, 0, 0, 0], [0, 0, 0, 0, 0, 0, 0, 0, 0, 0, 0, 0, 0, 0, 1, 0, 0, 0, 0, 0, 0, 0], [0, 0, 0, 0, 0, 0, 0, 0, 0, 0, 0, 0, 0, 0, 0, 1, 0, 0, 0, 0, 0, 0], [0, 0, 0, 0, 0, 0, 0, 0, 0, 0, 0, 0, 0, 0, 0, 0, 1, 0, 0, 0, 0, 0], [0, 0, 0, 0, 0, 0, 0, 0, 0, 0, 0, 0, 0, 0, 0, 0, 0, 1, 0, 0, 0, 0], [0, 0, 0, 0, 0, 0, 0, 0, 0, 0, 0, 0, 0, 0, 0, 0, 0, 0, 1, 0, 0, 0], [0, 0, 0, 0, 0, 0, 0, 0, 0, 0, 0, 0, 0, 0, 0, 0, 0, 0, 0, 1, 0, 0], [0, 0, 0, 0, 0, 0, 0, 0, 0, 0, 0, 0, 0, 0, 0, 0, 0, 0, 0, 0, 1, 0], [0, 0, 0, 0, 0, 0, 0, 0, 0, 0, 0, 0, 0, 0, 0, 0, 0, 0, 0, 0, 0, 1]]
[[1, 0, 0, 0, 0, 0, 0, 0, 0, 0, 0, 0, 0, 0, 0, 0, 0, 0, 0, 0, 0, 0], [0, 1, 0, 0, 0, 0, 0, 0, 0, 0, 0, 0, 0, 0, 0, 0, 0, 0, 0, 0, 0, 0], [0, 0, 1, 0, 0, 0, 0, 0, 0, 0, 0, 0, 0, 0, 0, 0, 0, 0, 0, 0, 0, 0], [0, 0, 0, 1, 0, 0, 0, 0, 0, 0, 0, 0, 0, 0, 0, 0, 0, 0, 0, 0, 0, 0], [0, 0, 0, 0, 1, 0, 0, 0, 0, 0, 0, 0, 0, 0, 0, 0, 0, 0, 0, 0, 0, 0], [0, 0, 0, 0, 0, 1, 0, 0, 0, 0, 0, 0, 0, 0, 0, 0, 0, 0, 0, 0, 0, 0], [0, 0, 0, 0, 0, 0, 1, 0, 0, 0, 0, 0, 0, 0, 0, 0, 0, 0, 0, 0, 0, 0], [0, 0, 0, 0, 0, 0, 0, 1, 0, 0, 0, 0, 0, 0, 0, 0, 0, 0, 0, 0, 0, 0], [0, 0, 0, 0, 0, 0, 0, 0, 1, 0, 0, 0, 0, 0, 0, 0, 0, 0, 0, 0, 0, 0], [0, 0, 0, 0, 0, 0, 0, 0, 0, 1, 0, 0, 0, 0, 0, 0, 0, 0, 0, 0, 0, 0], [0, 0, 0, 0, 0, 0, 0, 0, 0, 0, 1, 0, 0, 0, 0, 0, 0, 0, 0, 0, 0, 0], [0, 0, 0, 0, 0, 0, 0, 0, 0, 0, 0, 1, 0, 0, 0, 0, 0, 0, 0, 0, 0, 0], [0, 0, 0, 0, 0, 0, 0, 0, 0, 0, 0, 0, 1, 0, 0, 0, 0, 0, 0, 0, 0, 0], [0, 0, 0, 0, 0, 0, 0, 0, 0, 0, 0, 0, 0, 1, 0, 0, 0, 0, 0, 0, 0, 0], [0, 0, 0, 0, 0, 0, 0, 0, 0, 0, 0, 0, 0, 0, 1, 0, 0, 0, 0, 0, 0, 0], [0, 0, 0, 0, 0, 0, 0, 0, 0, 0, 0, 0, 0, 0, 0, 1, 0, 0, 0, 0, 0, 0], [0, 0, 0, 0, 0, 0, 0, 0, 0, 0, 0, 0, 0, 0, 0, 0, 1, 0, 0, 0, 0, 0], [0, 0, 0, 0, 0, 0, 0, 0, 0, 0, 0, 0, 0, 0, 0, 0, 0, 1, 0, 0, 0, 0], [0, 0, 0, 0, 0, 0, 0, 0, 0, 0, 0, 0, 0, 0, 0, 0, 0, 0, 1, 0, 0, 0], [0, 0, 0, 0, 0, 0, 0, 0, 0, 0, 0, 0, 0, 0, 0, 0, 0, 0, 0, 1, 0, 0], [0, 0, 0, 0, 0, 0, 0, 0, 0, 0, 0, 0, 0, 0, 0, 0, 0, 0, 0, 0, 1, 0], [0, 0, 0, 0, 0, 0, 0, 0, 0, 0, 0, 0, 0, 0, 0, 0, 0, 0, 0, 0, 0, 1]]
[[1, 0, 0, 0, 0, 0, 0, 0, 0, 0, 0, 0, 0, 0, 0, 0, 0, 0, 0, 0, 0, 0], [0, 1, 0, 0, 0, 0, 0, 0, 0, 0, 0, 0, 0, 0, 0, 0, 0, 0, 0, 0, 0, 0], [0, 0, 1, 0, 0, 0, 0, 0, 0, 0, 0, 0, 0, 0, 0, 0, 0, 0, 0, 0, 0, 0], [0, 0, 0, 1, 0, 0, 0, 0, 0, 0, 0, 0, 0, 0, 0, 0, 0, 0, 0, 0, 0, 0], [0, 0, 0, 0, 1, 0, 0, 0, 0, 0, 0, 0, 0, 0, 0, 0, 0, 0, 0, 0, 0, 0], [0, 0, 0, 0, 0, 1, 0, 0, 0, 0, 0, 0, 0, 0, 0, 0, 0, 0, 0, 0, 0, 0], [0, 0, 0, 0, 0, 0, 1, 0, 0, 0, 0, 0, 0, 0, 0, 0, 0, 0, 0, 0, 0, 0], [0, 0, 0, 0, 0, 0, 0, 1, 0, 0, 0, 0, 0, 0, 0, 0, 0, 0, 0, 0, 0, 0], [0, 0, 0, 0, 0, 0, 0, 0, 1, 0, 0, 0, 0, 0, 0, 0, 0, 0, 0, 0, 0, 0], [0, 0, 0, 0, 0, 0, 0, 0, 0, 1, 0, 0, 0, 0, 0, 0, 0, 0, 0, 0, 0, 0], [0, 0, 0, 0, 0, 0, 0, 0, 0, 0, 1, 0, 0, 0, 0, 0, 0, 0, 0, 0, 0, 0], [0, 0, 0, 0, 0, 0, 0, 0, 0, 0, 0, 1, 0, 0, 0, 0, 0, 0, 0, 0, 0, 0], [0, 0, 0, 0, 0, 0, 0, 0, 0, 0, 0, 0, 1, 0, 0, 0, 0, 0, 0, 0, 0, 0], [0, 0, 0, 0, 0, 0, 0, 0, 0, 0, 0, 0, 0, 1, 0, 0, 0, 0, 0, 0, 0, 0], [0, 0, 0, 0, 0, 0, 0, 0, 0, 0, 0, 0, 0, 0, 1, 0, 0, 0, 0, 0, 0, 0], [0, 0, 0, 0, 0, 0, 0, 0, 0, 0, 0, 0, 0, 0, 0, 1, 0, 0, 0, 0, 0, 0], [0, 0, 0, 0, 0, 0, 0, 0, 0, 0, 0, 0, 0, 0, 0, 0, 1, 0, 0, 0, 0, 0], [0, 0, 0, 0, 0, 0, 0, 0, 0, 0, 0, 0, 0, 0, 0, 0, 0, 1, 0, 0, 0, 0], [0, 0, 0, 0, 0, 0, 0, 0, 0, 0, 0, 0, 0, 0, 0, 0, 0, 0, 1, 0, 0, 0], [0, 0, 0, 0, 0, 0, 0, 0, 0, 0, 0, 0, 0, 0, 0, 0, 0, 0, 0, 1, 0, 0], [0, 0, 0, 0, 0, 0, 0, 0, 0, 0, 0, 0, 0, 0, 0, 0, 0, 0, 0, 0, 1, 0], [0, 0, 0, 0, 0, 0, 0, 0, 0, 0, 0, 0, 0, 0, 0, 0, 0, 0, 0, 0, 0, 1]]
[[1, 0, 0, -1, 0, 0, -1, -1, -1, -1, -1, -1, 1, 0, 0, 0, 0, -1, 0, -1, 1, 0], [0, 0, 0, 2, 0, 0, 1, 2, 2, 2, 2, 1, -1, 1, 0, 0, 0, 2, 1, 2, -2, 1], [0, -2, 0, 3, 1, 0, 1, 2, 3, 2, 2, 1, -2, 1, -1, -1, -1, 2, 1, 2, -3, 2], [0, 0, 0, 0, 0, 0, 0, 0, -1, 0, 0, -1, 1, 0, 1, 1, 1, 0, 0, -1, 0, 0], [0, -1, 0, 3, 1, 0, 1, 2, 3, 2, 2, 2, -2, 1, -1, -1, -1, 2, 1, 3, -2, 1], [0, -1, -1, 2, 1, 1, 1, 1, 2, 1, 1, 1, -2, 0, -1, -1, -1, 1, 0, 1, -2, 1], [0, -1, 0, 3, 0, 0, 2, 2, 3, 2, 2, 2, -2, 1, -1, -1, -1, 2, 1, 3, -2, 1], [0, -1, -1, 0, 1, 0, -1, 0, 0, -1, -1, -1, 0, 0, -1, -1, -1, -1, 0, -1, 0, 1], [0, 0, -1, 0, 1, 0, 0, -1, 1, -1, -1, 0, -1, -1, -1, -1, -1, -1, -1, -1, 0, 0], [0, 1, 1, -1, -1, 0, 0, 0, -1, 1, 0, 0, 1, 0, 1, 1, 1, 0, 0, 0, 1, -1], [0, 1, 1, -1, -1, 0, 0, 0, -1, 0, 1, 0, 1, 0, 1, 1, 1, 0, 0, 0, 1, -1], [0, 0, 0, 0, 0, 0, 0, 0, 0, 0, 0, 1, 0, 0, 0, 0, 0, 0, 0, 0, 0, 0], [0, 0, -1, 0, 1, 0, 0, -1, 0, -1, -1, 0, 0, -1, -1, -1, -1, -1, -1, -1, 0, 0], [0, 0, 1, 3, -1, 0, 2, 3, 3, 3, 3, 3, -2, 2, 0, 0, 0, 3, 1, 4, -2, 0], [0, 0, -1, -1, 1, 0, -1, -2, -1, -2, -2, -1, 0, -1, 0, -1, -1, -2, -1, -2, 1, 0], [0, 0, 0, 0, 0, 0, 0, 0, 0, 0, 0, 0, 0, 0, 0, 1, 0, 0, 0, 0, 0, 0], [0, 0, 0, 0, 0, 0, 0, 0, 0, 0, 0, 0, 0, 0, 0, 0, 1, 0, 0, 0, 0, 0], [0, 0, 0, 1, 0, 0, 0, 0, 1, 0, 0, 1, -1, 0, -1, -1, -1, 1, 0, 1, 0, 0], [0, 0, 0, 1, 0, 0, 1, 1, 1, 1, 1, 1, -1, 0, 0, 0, 0, 1, 1, 1, -1, 0], [0, 0, -1, -2, 1, 0, -1, -2, -2, -2, -2, -2, 1, -1, 0, 0, 0, -2, -1, -2, 1, 0], [0, 0, 0, 1, 0, 0, 1, 1, 1, 1, 1, 1, -1, 0, 0, 0, 0, 1, 0, 1, 0, 0], [0, 0, 0, 1, 0, 0, 1, 1, 1, 1, 1, 1, -1, 0, 0, 0, 0, 1, 0, 1, -1, 1]]
[[1, 0, 0, 0, 0, 0, 0, 0, 0, 0, 0, 0, 0, 0, 0, 0, 0, 0, 0, 0, 0, 0], [0, 1, 0, 0, 0, 0, 0, 0, 0, 0, 0, 0, 0, 0, 0, 0, 0, 0, 0, 0, 0, 0], [0, 0, 1, 0, 0, 0, 0, 0, 0, 0, 0, 0, 0, 0, 0, 0, 0, 0, 0, 0, 0, 0], [0, 0, 0, 1, 0, 0, 0, 0, 0, 0, 0, 0, 0, 0, 0, 0, 0, 0, 0, 0, 0, 0], [0, 0, 0, 0, 1, 0, 0, 0, 0, 0, 0, 0, 0, 0, 0, 0, 0, 0, 0, 0, 0, 0], [0, 0, 0, 0, 0, 1, 0, 0, 0, 0, 0, 0, 0, 0, 0, 0, 0, 0, 0, 0, 0, 0], [0, 0, 0, 0, 0, 0, 1, 0, 0, 0, 0, 0, 0, 0, 0, 0, 0, 0, 0, 0, 0, 0], [0, 0, 0, 0, 0, 0, 0, 1, 0, 0, 0, 0, 0, 0, 0, 0, 0, 0, 0, 0, 0, 0], [0, 0, 0, 0, 0, 0, 0, 0, 1, 0, 0, 0, 0, 0, 0, 0, 0, 0, 0, 0, 0, 0], [0, 0, 0, 0, 0, 0, 0, 0, 0, 1, 0, 0, 0, 0, 0, 0, 0, 0, 0, 0, 0, 0], [0, 0, 0, 0, 0, 0, 0, 0, 0, 0, 1, 0, 0, 0, 0, 0, 0, 0, 0, 0, 0, 0], [0, 0, 0, 0, 0, 0, 0, 0, 0, 0, 0, 1, 0, 0, 0, 0, 0, 0, 0, 0, 0, 0], [0, 0, 0, 0, 0, 0, 0, 0, 0, 0, 0, 0, 1, 0, 0, 0, 0, 0, 0, 0, 0, 0], [0, 0, 0, 0, 0, 0, 0, 0, 0, 0, 0, 0, 0, 1, 0, 0, 0, 0, 0, 0, 0, 0], [0, 0, 0, 0, 0, 0, 0, 0, 0, 0, 0, 0, 0, 0, 1, 0, 0, 0, 0, 0, 0, 0], [0, 0, 0, 0, 0, 0, 0, 0, 0, 0, 0, 0, 0, 0, 0, 1, 0, 0, 0, 0, 0, 0], [0, 0, 0, 0, 0, 0, 0, 0, 0, 0, 0, 0, 0, 0, 0, 0, 1, 0, 0, 0, 0, 0], [0, 0, 0, 0, 0, 0, 0, 0, 0, 0, 0, 0, 0, 0, 0, 0, 0, 1, 0, 0, 0, 0], [0, 0, 0, 0, 0, 0, 0, 0, 0, 0, 0, 0, 0, 0, 0, 0, 0, 0, 1, 0, 0, 0], [0, 0, 0, 0, 0, 0, 0, 0, 0, 0, 0, 0, 0, 0, 0, 0, 0, 0, 0, 1, 0, 0], [0, 0, 0, 0, 0, 0, 0, 0, 0, 0, 0, 0, 0, 0, 0, 0, 0, 0, 0, 0, 1, 0], [0, 0, 0, 0, 0, 0, 0, 0, 0, 0, 0, 0, 0, 0, 0, 0, 0, 0, 0, 0, 0, 1]]
[[0, 0, 0, -2, 0, 1, -1, -1, -2, 0, -1, -1, 1, -1, 0, 1, 0, -1, -1, -1, 1, -1], [1, -3, 2, 2, 0, -3, 1, 1, 5, -1, 0, 1, -4, 3, -2, -4, -3, 1, 1, 3, -3, 3], [1, -2, 2, 2, 0, -2, 1, 1, 4, -1, 1, 1, -3, 2, -1, -3, -1, 1, 1, 2, -2, 2], [-4, 5, -1, -6, -1, 4, -3, -3, -8, 0, 0, -2, 6, -6, 2, 5, 5, -3, -2, -6, 4, -5], [5, -7, 2, 9, 2, -6, 4, 4, 12, -1, 1, 3, -9, 8, -3, -8, -6, 4, 3, 8, -6, 7], [2, -4, 2, 4, 0, -3, 2, 2, 7, -1, 1, 2, -5, 4, -2, -5, -3, 2, 2, 4, -4, 4], [1, 0, 0, 2, 0, -1, 2, 1, 2, 0, 1, 1, -1, 1, 0, -1, 0, 1, 1, 1, -1, 1], [0, -2, 1, 0, 0, -1, 0, 1, 2, -1, 0, 0, -2, 1, -1, -2, -1, 0, 0, 1, -1, 1], [1, -2, 1, 2, 0, -2, 1, 1, 4, 0, 0, 1, -2, 2, -1, -2, -2, 1, 1, 2, -2, 2], [0, 0, 0, 0, 0, 0, 0, 0, 0, 1, 0, 0, 0, 0, 0, 0, 0, 0, 0, 0, 0, 0], [-1, 2, -1, -2, 0, 2, -1, -1, -4, 1, 0, -1, 3, -2, 1, 3, 1, -1, -1, -2, 2, -2], [3, -3, 0, 5, 1, -2, 2, 2, 5, 0, 0, 2, -4, 4, -1, -3, -3, 2, 1, 4, -2, 3], [-1, 2, -1, -2, 0, 2, -1, -1, -3, 0, 0, -1, 3, -2, 1, 2, 2, -1, -1, -2, 2, -2], [5, -5, 1, 9, 1, -5, 4, 4, 10, 0, 1, 3, -7, 8, -2, -6, -5, 4, 3, 7, -5, 6], [-5, 5, -1, -9, -1, 5, -4, -4, -10, 0, -1, -3, 7, -7, 3, 6, 5, -4, -3, -7, 5, -6], [2, -2, 1, 4, 0, -3, 2, 2, 5, 0, 1, 2, -3, 3, -1, -2, -2, 2, 2, 3, -3, 3], [1, 0, 0, 2, 0, -1, 1, 1, 1, 1, 0, 1, 0, 1, 0, 0, 0, 1, 1, 1, -1, 1], [3, -5, 1, 5, 1, -3, 2, 2, 7, -1, 0, 1, -6, 5, -2, -5, -4, 3, 1, 5, -3, 4], [3, -5, 1, 5, 1, -3, 2, 2, 7, -1, 0, 1, -6, 5, -2, -5, -4, 2, 2, 5, -3, 4], [-3, 5, -1, -5, -1, 3, -2, -2, -7, 1, 0, -1, 6, -5, 2, 5, 4, -2, -1, -4, 3, -4], [1, -2, 1, 2, 0, -2, 1, 1, 3, 0, 0, 1, -2, 2, -1, -2, -2, 1, 1, 2, -1, 2], [-2, 1, 1, -3, -1, 0, -1, -1, -2, 0, 0, 0, 2, -2, 0, 1, 1, -1, 0, -2, 0, 0]]
[[0, 4, -3, -3, 0, 1, -2, -4, -5, -4, -4, -4, 5, -4, -1, 3, 3, -2, -2, -6, 2, -3], [1, -9, 7, 5, 0, -3, 4, 8, 11, 8, 8, 8, -11, 8, 1, -7, -7, 4, 4, 12, -6, 7], [1, -10, 8, 5, 0, -3, 4, 8, 11, 8, 8, 8, -11, 8, 1, -7, -7, 4, 4, 12, -6, 7], [0, 0, 0, 1, 0, 0, 0, 0, 0, 0, 0, 0, 0, 0, 0, 0, 0, 0, 0, 0, 0, 0], [1, -7, 5, 4, 1, -2, 3, 6, 8, 6, 6, 6, -8, 6, 1, -5, -5, 3, 3, 9, -4, 5], [1, -10, 7, 5, 0, -2, 4, 8, 11, 8, 8, 8, -11, 8, 1, -7, -7, 4, 4, 12, -6, 7], [1, -4, 3, 3, 0, -1, 3, 4, 5, 4, 4, 4, -5, 4, 1, -3, -3, 2, 2, 6, -2, 3], [0, -3, 2, 1, 0, -1, 1, 3, 3, 2, 2, 2, -3, 2, 0, -2, -2, 1, 1, 3, -2, 2], [-1, 1, -1, -2, 0, 0, -1, -2, -1, -2, -2, -2, 2, -2, -1, 1, 1, -1, -1, -3, 0, -1], [0, 3, -2, -1, 0, 1, -1, -2, -3, -1, -2, -2, 3, -2, 0, 2, 2, -1, -1, -3, 2, -2], [0, 3, -2, -1, 0, 1, -1, -2, -3, -2, -1, -2, 3, -2, 0, 2, 2, -1, -1, -3, 2, -2], [-1, 4, -3, -3, 0, 1, -2, -4, -5, -4, -4, -3, 5, -4, -1, 3, 3, -2, -2, -6, 2, -3], [0, 0, 0, 0, 0, 0, 0, 0, 0, 0, 0, 0, 1, 0, 0, 0, 0, 0, 0, 0, 0, 0], [1, -4, 3, 3, 0, -1, 2, 4, 5, 4, 4, 4, -5, 5, 1, -3, -3, 2, 2, 6, -2, 3], [0, 0, 0, 0, 0, 0, 0, 0, 0, 0, 0, 0, 0, 0, 1, 0, 0, 0, 0, 0, 0, 0], [-1, 4, -3, -3, 0, 1, -2, -4, -5, -4, -4, -4, 5, -4, -1, 4, 3, -2, -2, -6, 2, -3], [-1, 4, -3, -3, 0, 1, -2, -4, -5, -4, -4, -4, 5, -4, -1, 3, 4, -2, -2, -6, 2, -3], [1, -4, 3, 3, 0, -1, 2, 4, 5, 4, 4, 4, -5, 4, 1, -3, -3, 3, 2, 6, -2, 3], [0, -3, 2, 1, 0, -1, 1, 2, 3, 2, 2, 2, -3, 2, 0, -2, -2, 1, 2, 3, -2, 2], [-1, 4, -3, -3, 0, 1, -2, -4, -5, -4, -4, -4, 5, -4, -1, 3, 3, -2, -2, -5, 2, -3], [-1, 1, -1, -2, 0, 0, -1, -2, -2, -2, -2, -2, 2, -2, -1, 1, 1, -1, -1, -3, 1, -1], [0, -3, 2, 1, 0, -1, 1, 2, 3, 2, 2, 2, -3, 2, 0, -2, -2, 1, 1, 3, -2, 3]]
[[1, 0, 0, 0, 0, 0, 0, 0, 0, 0, 0, 0, 0, 0, 0, 0, 0, 0, 0, 0, 0, 0], [0, 1, 0, 0, 0, 0, 0, 0, 0, 0, 0, 0, 0, 0, 0, 0, 0, 0, 0, 0, 0, 0], [0, 0, 1, 0, 0, 0, 0, 0, 0, 0, 0, 0, 0, 0, 0, 0, 0, 0, 0, 0, 0, 0], [0, 0, 0, 1, 0, 0, 0, 0, 0, 0, 0, 0, 0, 0, 0, 0, 0, 0, 0, 0, 0, 0], [0, 0, 0, 0, 1, 0, 0, 0, 0, 0, 0, 0, 0, 0, 0, 0, 0, 0, 0, 0, 0, 0], [0, 0, 0, 0, 0, 1, 0, 0, 0, 0, 0, 0, 0, 0, 0, 0, 0, 0, 0, 0, 0, 0], [0, 0, 0, 0, 0, 0, 1, 0, 0, 0, 0, 0, 0, 0, 0, 0, 0, 0, 0, 0, 0, 0], [0, 0, 0, 0, 0, 0, 0, 1, 0, 0, 0, 0, 0, 0, 0, 0, 0, 0, 0, 0, 0, 0], [0, 0, 0, 0, 0, 0, 0, 0, 1, 0, 0, 0, 0, 0, 0, 0, 0, 0, 0, 0, 0, 0], [0, 0, 0, 0, 0, 0, 0, 0, 0, 1, 0, 0, 0, 0, 0, 0, 0, 0, 0, 0, 0, 0], [0, 0, 0, 0, 0, 0, 0, 0, 0, 0, 1, 0, 0, 0, 0, 0, 0, 0, 0, 0, 0, 0], [0, 0, 0, 0, 0, 0, 0, 0, 0, 0, 0, 1, 0, 0, 0, 0, 0, 0, 0, 0, 0, 0], [0, 0, 0, 0, 0, 0, 0, 0, 0, 0, 0, 0, 1, 0, 0, 0, 0, 0, 0, 0, 0, 0], [0, 0, 0, 0, 0, 0, 0, 0, 0, 0, 0, 0, 0, 1, 0, 0, 0, 0, 0, 0, 0, 0], [0, 0, 0, 0, 0, 0, 0, 0, 0, 0, 0, 0, 0, 0, 1, 0, 0, 0, 0, 0, 0, 0], [0, 0, 0, 0, 0, 0, 0, 0, 0, 0, 0, 0, 0, 0, 0, 1, 0, 0, 0, 0, 0, 0], [0, 0, 0, 0, 0, 0, 0, 0, 0, 0, 0, 0, 0, 0, 0, 0, 1, 0, 0, 0, 0, 0], [0, 0, 0, 0, 0, 0, 0, 0, 0, 0, 0, 0, 0, 0, 0, 0, 0, 1, 0, 0, 0, 0], [0, 0, 0, 0, 0, 0, 0, 0, 0, 0, 0, 0, 0, 0, 0, 0, 0, 0, 1, 0, 0, 0], [0, 0, 0, 0, 0, 0, 0, 0, 0, 0, 0, 0, 0, 0, 0, 0, 0, 0, 0, 1, 0, 0], [0, 0, 0, 0, 0, 0, 0, 0, 0, 0, 0, 0, 0, 0, 0, 0, 0, 0, 0, 0, 1, 0], [0, 0, 0, 0, 0, 0, 0, 0, 0, 0, 0, 0, 0, 0, 0, 0, 0, 0, 0, 0, 0, 1]]
[[1, 0, 0, 0, 0, 0, 0, 0, 0, 0, 0, 0, 0, 0, 0, 0, 0, 0, 0, 0, 0, 0], [0, 1, 0, 0, 0, 0, 0, 0, 0, 0, 0, 0, 0, 0, 0, 0, 0, 0, 0, 0, 0, 0], [0, 0, 1, 0, 0, 0, 0, 0, 0, 0, 0, 0, 0, 0, 0, 0, 0, 0, 0, 0, 0, 0], [0, 0, 0, 1, 0, 0, 0, 0, 0, 0, 0, 0, 0, 0, 0, 0, 0, 0, 0, 0, 0, 0], [0, 0, 0, 0, 1, 0, 0, 0, 0, 0, 0, 0, 0, 0, 0, 0, 0, 0, 0, 0, 0, 0], [0, 0, 0, 0, 0, 1, 0, 0, 0, 0, 0, 0, 0, 0, 0, 0, 0, 0, 0, 0, 0, 0], [0, 0, 0, 0, 0, 0, 1, 0, 0, 0, 0, 0, 0, 0, 0, 0, 0, 0, 0, 0, 0, 0], [0, 0, 0, 0, 0, 0, 0, 1, 0, 0, 0, 0, 0, 0, 0, 0, 0, 0, 0, 0, 0, 0], [0, 0, 0, 0, 0, 0, 0, 0, 1, 0, 0, 0, 0, 0, 0, 0, 0, 0, 0, 0, 0, 0], [0, 0, 0, 0, 0, 0, 0, 0, 0, 1, 0, 0, 0, 0, 0, 0, 0, 0, 0, 0, 0, 0], [0, 0, 0, 0, 0, 0, 0, 0, 0, 0, 1, 0, 0, 0, 0, 0, 0, 0, 0, 0, 0, 0], [0, 0, 0, 0, 0, 0, 0, 0, 0, 0, 0, 1, 0, 0, 0, 0, 0, 0, 0, 0, 0, 0], [0, 0, 0, 0, 0, 0, 0, 0, 0, 0, 0, 0, 1, 0, 0, 0, 0, 0, 0, 0, 0, 0], [0, 0, 0, 0, 0, 0, 0, 0, 0, 0, 0, 0, 0, 1, 0, 0, 0, 0, 0, 0, 0, 0], [0, 0, 0, 0, 0, 0, 0, 0, 0, 0, 0, 0, 0, 0, 1, 0, 0, 0, 0, 0, 0, 0], [0, 0, 0, 0, 0, 0, 0, 0, 0, 0, 0, 0, 0, 0, 0, 1, 0, 0, 0, 0, 0, 0], [0, 0, 0, 0, 0, 0, 0, 0, 0, 0, 0, 0, 0, 0, 0, 0, 1, 0, 0, 0, 0, 0], [0, 0, 0, 0, 0, 0, 0, 0, 0, 0, 0, 0, 0, 0, 0, 0, 0, 1, 0, 0, 0, 0], [0, 0, 0, 0, 0, 0, 0, 0, 0, 0, 0, 0, 0, 0, 0, 0, 0, 0, 1, 0, 0, 0], [0, 0, 0, 0, 0, 0, 0, 0, 0, 0, 0, 0, 0, 0, 0, 0, 0, 0, 0, 1, 0, 0], [0, 0, 0, 0, 0, 0, 0, 0, 0, 0, 0, 0, 0, 0, 0, 0, 0, 0, 0, 0, 1, 0], [0, 0, 0, 0, 0, 0, 0, 0, 0, 0, 0, 0, 0, 0, 0, 0, 0, 0, 0, 0, 0, 1]]
[[1, 0, 0, 1, 0, 0, 0, 0, 0, 0, 0, 0, 0, 0, 0, 0, 1, 1, 0, 0, 0, 0], [0, 1, 0, 0, 0, 0, 0, 0, 0, 0, 0, 0, 0, 0, 0, 0, 0, 0, 0, 0, 0, 0], [-1, 1, 1, -2, -1, -1, 0, 0, 0, 0, -1, 0, 0, 0, 0, 0, -1, -1, 0, 0, 0, 0], [-1, 1, 0, -2, -1, -1, 0, 0, 0, 0, -1, 0, 0, 0, 0, 0, -2, -2, 0, 0, 0, 0], [0, 0, 0, 1, 1, 0, 0, 0, 0, 0, 0, 0, 0, 0, 0, 0, 1, 1, 0, 0, 0, 0], [-1, 1, 0, -1, -1, 0, 0, 0, 0, 0, -1, 0, 0, 0, 0, 0, 0, 0, 0, 0, 0, 0], [0, 0, 0, 0, 0, 0, 1, 0, 0, 0, 0, 0, 0, 0, 0, 0, 0, 0, 0, 0, 0, 0], [0, 0, 0, 0, 0, 0, 0, 1, 0, 0, 0, 0, 0, 0, 0, 0, 0, 0, 0, 0, 0, 0], [0, 0, 0, 1, 0, 0, 0, 0, 1, 0, 0, 0, 0, 0, 0, 0, 1, 1, 0, 0, 0, 0], [1, -1, 0, 1, 1, 1, 0, 0, 0, 1, 1, 0, 0, 0, 0, 0, 0, 0, 0, 0, 0, 0], [0, 0, 0, 0, 0, 0, 0, 0, 0, 0, 1, 0, 0, 0, 0, 0, 0, 0, 0, 0, 0, 0], [1, -1, 0, 2, 1, 1, 0, 0, 0, 0, 1, 1, 0, 0, 0, 0, 1, 1, 0, 0, 0, 0], [-1, 1, 0, -1, -1, -1, 0, 0, 0, 0, -1, 0, 1, 0, 0, 0, 0, 0, 0, 0, 0, 0], [2, -2, 0, 3, 2, 2, 0, 0, 0, 0, 2, 0, 0, 1, 0, 0, 1, 1, 0, 0, 0, 0], [-2, 2, 0, -3, -2, -2, 0, 0, 0, 0, -2, 0, 0, 0, 1, 0, -1, -1, 0, 0, 0, 0], [1, -1, 0, 2, 1, 1, 0, 0, 0, 0, 1, 0, 0, 0, 0, 1, 1, 1, 0, 0, 0, 0], [1, -1, 0, 1, 1, 1, 0, 0, 0, 0, 1, 0, 0, 0, 0, 0, 1, 0, 0, 0, 0, 0], [0, 0, 0, 0, 0, 0, 0, 0, 0, 0, 0, 0, 0, 0, 0, 0, 0, 1, 0, 0, 0, 0], [0, 0, 0, 1, 0, 0, 0, 0, 0, 0, 0, 0, 0, 0, 0, 0, 1, 1, 1, 0, 0, 0], [-1, 1, 0, -1, -1, -1, 0, 0, 0, 0, -1, 0, 0, 0, 0, 0, 0, 0, 0, 1, 0, 0], [1, -1, 0, 1, 1, 1, 0, 0, 0, 0, 1, 0, 0, 0, 0, 0, 0, 0, 0, 0, 1, 0], [0, 0, 0, -1, 0, 0, 0, 0, 0, 0, 0, 0, 0, 0, 0, 0, -1, -1, 0, 0, 0, 1]]
[[1, 0, 0, 0, 0, 0, -1, -1, -1, -1, -1, -2, 1, 0, 0, 1, 2, 1, 0, -1, 0, 0], [-1, 1, 0, -1, -1, 0, 1, 1, 0, 1, 1, 1, 0, 0, 0, 0, -1, 0, 0, 1, 0, 0], [-2, 0, 1, -2, -2, 0, 1, 1, 1, 1, 1, 2, -1, 0, 0, -1, -2, -1, 0, 1, 0, 0], [-1, 0, 0, 0, -1, 0, 1, 2, 1, 2, 1, 2, -1, 1, 1, -1, -2, -1, 0, 2, 1, 0], [-1, 0, 0, -1, 0, 0, 0, -1, 0, -1, 0, 0, 0, -1, -1, 0, 0, 0, 0, -1, -1, 0], [-1, 0, 0, -1, -1, 1, 1, 1, 0, 1, 1, 1, 0, 0, 0, 0, -1, 0, 0, 1, 0, 0], [0, 0, 0, 0, 0, 0, 1, 0, 1, 0, 0, 1, -1, 0, 0, -1, -1, -1, 0, 0, 0, 0], [-1, 0, 0, -1, -1, 0, -1, -1, 0, -2, -1, -1, 0, -1, -1, 0, 1, 0, 0, -2, -1, 0], [0, 0, 0, 0, 0, 0, 0, -1, 0, -1, 0, -1, 1, -1, -1, 1, 1, 1, 0, -1, -1, 0], [1, 0, 0, 1, 1, 0, 0, 0, 0, 1, 0, 0, 0, 0, 0, 0, 0, 0, 0, 0, 0, 0], [1, 0, 0, 1, 1, 0, 0, 1, 0, 1, 1, 0, 0, 1, 1, 0, 0, 0, 0, 1, 1, 0], [1, 0, 0, 1, 1, 0, -1, -2, -1, -2, -1, -1, 1, -1, -1, 1, 2, 1, 0, -2, -1, 0], [-1, 0, 0, -1, -1, 0, 0, 0, 0, 0, 0, 0, 1, 0, 0, 0, 0, 0, 0, 0, 0, 0], [2, 0, 0, 2, 2, 0, 0, -1, 0, -1, 0, 0, 0, 0, -1, 0, 0, 0, 0, -1, -1, 0], [-2, 0, 0, -2, -2, 0, 1, 2, 0, 2, 1, 1, 0, 1, 2, 0, -1, 0, 0, 2, 1, 0], [1, 0, 0, 1, 1, 0, -1, -2, 0, -2, -1, -1, 0, -1, -1, 1, 1, 0, 0, -2, -1, 0], [1, 0, 0, 1, 1, 0, 0, -1, 0, -1, 0, 0, 0, -1, -1, 0, 1, 0, 0, -1, -1, 0], [0, 0, 0, 0, 0, 0, 0, 0, 0, 0, 0, 0, 0, 0, 0, 0, 0, 1, 0, 0, 0, 0], [0, 0, 0, 0, 0, 0, 0, 0, -1, 0, 0, -1, 1, 0, 0, 1, 1, 1, 1, 0, 0, 0], [-1, 0, 0, -1, -1, 0, 0, 0, 0, 0, 0, 0, 0, 0, 0, 0, 0, 0, 0, 1, 0, 0], [1, 0, 0, 1, 1, 0, 0, -1, 0, -1, 0, 0, 0, -1, -1, 0, 0, 0, 0, -1, 0, 0], [0, 0, 0, 0, 0, 0, 1, 1, 1, 1, 1, 2, -1, 0, 0, -1, -2, -1, 0, 1, 0, 1]]
[[1, 0, 0, 0, 0, 0, 0, 0, 0, 0, 0, 0, 0, 0, 0, 0, 0, 0, 0, 0, 0, 0], [0, 1, 0, 0, 0, 0, 0, 0, 0, 0, 0, 0, 0, 0, 0, 0, 0, 0, 0, 0, 0, 0], [0, 0, 1, 0, 0, 0, 0, 0, 0, 0, 0, 0, 0, 0, 0, 0, 0, 0, 0, 0, 0, 0], [0, 0, 0, 1, 0, 0, 0, 0, 0, 0, 0, 0, 0, 0, 0, 0, 0, 0, 0, 0, 0, 0], [0, 0, 0, 0, 1, 0, 0, 0, 0, 0, 0, 0, 0, 0, 0, 0, 0, 0, 0, 0, 0, 0], [0, 0, 0, 0, 0, 1, 0, 0, 0, 0, 0, 0, 0, 0, 0, 0, 0, 0, 0, 0, 0, 0], [0, 0, 0, 0, 0, 0, 1, 0, 0, 0, 0, 0, 0, 0, 0, 0, 0, 0, 0, 0, 0, 0], [0, 0, 0, 0, 0, 0, 0, 1, 0, 0, 0, 0, 0, 0, 0, 0, 0, 0, 0, 0, 0, 0], [0, 0, 0, 0, 0, 0, 0, 0, 1, 0, 0, 0, 0, 0, 0, 0, 0, 0, 0, 0, 0, 0], [0, 0, 0, 0, 0, 0, 0, 0, 0, 1, 0, 0, 0, 0, 0, 0, 0, 0, 0, 0, 0, 0], [0, 0, 0, 0, 0, 0, 0, 0, 0, 0, 1, 0, 0, 0, 0, 0, 0, 0, 0, 0, 0, 0], [0, 0, 0, 0, 0, 0, 0, 0, 0, 0, 0, 1, 0, 0, 0, 0, 0, 0, 0, 0, 0, 0], [0, 0, 0, 0, 0, 0, 0, 0, 0, 0, 0, 0, 1, 0, 0, 0, 0, 0, 0, 0, 0, 0], [0, 0, 0, 0, 0, 0, 0, 0, 0, 0, 0, 0, 0, 1, 0, 0, 0, 0, 0, 0, 0, 0], [0, 0, 0, 0, 0, 0, 0, 0, 0, 0, 0, 0, 0, 0, 1, 0, 0, 0, 0, 0, 0, 0], [0, 0, 0, 0, 0, 0, 0, 0, 0, 0, 0, 0, 0, 0, 0, 1, 0, 0, 0, 0, 0, 0], [0, 0, 0, 0, 0, 0, 0, 0, 0, 0, 0, 0, 0, 0, 0, 0, 1, 0, 0, 0, 0, 0], [0, 0, 0, 0, 0, 0, 0, 0, 0, 0, 0, 0, 0, 0, 0, 0, 0, 1, 0, 0, 0, 0], [0, 0, 0, 0, 0, 0, 0, 0, 0, 0, 0, 0, 0, 0, 0, 0, 0, 0, 1, 0, 0, 0], [0, 0, 0, 0, 0, 0, 0, 0, 0, 0, 0, 0, 0, 0, 0, 0, 0, 0, 0, 1, 0, 0], [0, 0, 0, 0, 0, 0, 0, 0, 0, 0, 0, 0, 0, 0, 0, 0, 0, 0, 0, 0, 1, 0], [0, 0, 0, 0, 0, 0, 0, 0, 0, 0, 0, 0, 0, 0, 0, 0, 0, 0, 0, 0, 0, 1]]
[[1, 0, 0, 0, 0, 0, 0, 0, 0, 0, 0, 0, 0, 0, 0, 0, 0, 0, 0, 0, 0, 0], [0, 0, 0, 1, 0, 1, 1, 1, 0, 1, 2, 1, 0, 0, 0, 0, 0, 1, 0, 1, 0, 0], [-1, 0, 1, -1, -1, 0, 0, -1, 0, -1, 0, 0, 0, -1, -1, 0, 0, 0, 0, -1, -1, 0], [0, 0, 0, -1, 0, 0, -1, -1, -1, -1, -1, -2, 1, 0, 0, 1, 0, -1, 0, -1, 0, 0], [-1, 0, 0, 1, 0, 0, 1, 0, 1, 0, 1, 2, -1, -1, -1, -1, 0, 1, 0, 0, -1, 0], [-1, 1, 0, 0, -1, 0, 1, 0, 0, 0, 0, 1, 0, -1, -1, 0, 0, 1, 0, 0, -1, 0], [0, 0, 0, 1, 0, 0, 1, 0, 1, 0, 0, 1, -1, 0, 0, -1, 0, 0, 0, 0, 0, 0], [-1, 0, 0, -2, -1, 0, -1, -1, 0, -2, -1, -1, 0, -1, -1, 0, 0, -1, 0, -2, -1, 0], [-1, 1, 0, 0, -1, -1, 1, 0, 1, 0, 0, 1, 0, -1, -1, 0, 0, 1, 0, 0, -1, 0], [1, -1, 0, 1, 1, 1, 0, 1, 0, 2, 1, 0, 0, 1, 1, 0, 0, 0, 0, 1, 1, 0], [1, 0, 0, 1, 1, 0, 0, 1, 0, 1, 1, 0, 0, 1, 1, 0, 0, 0, 0, 1, 1, 0], [0, 0, 0, 0, 0, 0, 0, 0, 0, 0, 0, 1, 0, 0, 0, 0, 0, 0, 0, 0, 0, 0], [-1, 1, 0, -1, -1, -1, 0, -1, 0, -1, -1, 0, 1, -1, -1, 0, 0, 0, 0, -1, -1, 0], [1, -1, 0, 3, 1, 1, 1, 2, 1, 2, 2, 2, -1, 2, 1, -1, 0, 1, 0, 2, 1, 0], [-1, 1, 0, -2, -1, -1, 0, -1, -1, -1, -1, -1, 1, -1, 0, 1, 0, 0, 0, -1, -1, 0], [0, 0, 0, 1, 0, 0, 0, 0, 1, 0, 0, 1, -1, 0, 0, 0, 0, 0, 0, 0, 0, 0], [0, 0, 0, 0, 0, 0, 0, 0, 0, 0, 0, 0, 0, 0, 0, 0, 1, 0, 0, 0, 0, 0], [0, 0, 0, 0, 0, 0, 0, 0, 0, 0, 0, 0, 0, 0, 0, 0, 0, 1, 0, 0, 0, 0], [0, 0, 0, 1, 0, 0, 1, 1, 0, 1, 1, 1, 0, 0, 0, 0, 0, 1, 1, 1, 0, 0], [-1, 1, 0, -1, -1, -1, 0, -1, 0, -1, -1, 0, 0, -1, -1, 0, 0, 0, 0, 0, -1, 0], [0, 0, 0, 0, 0, 0, 0, 0, 0, 0, 0, 0, 0, 0, 0, 0, 0, 0, 0, 0, 1, 0], [0, 0, 0, 0, 0, 0, 0, 0, 0, 0, 0, 0, 0, 0, 0, 0, 0, 0, 0, 0, 0, 1]]
[[1, 0, 0, 0, 0, 0, 0, 0, 0, 0, 0, 0, 0, 0, 0, 0, 0, 0, 0, 0, 0, 0], [0, 1, 0, 0, 0, 0, 0, 0, 0, 0, 0, 0, 0, 0, 0, 0, 0, 0, 0, 0, 0, 0], [0, 0, 1, 0, 0, 0, 0, 0, 0, 0, 0, 0, 0, 0, 0, 0, 0, 0, 0, 0, 0, 0], [0, 0, 0, 1, 0, 0, 0, 0, 0, 0, 0, 0, 0, 0, 0, 0, 0, 0, 0, 0, 0, 0], [0, 0, 0, 0, 1, 0, 0, 0, 0, 0, 0, 0, 0, 0, 0, 0, 0, 0, 0, 0, 0, 0], [0, 0, 0, 0, 0, 1, 0, 0, 0, 0, 0, 0, 0, 0, 0, 0, 0, 0, 0, 0, 0, 0], [0, 0, 0, 0, 0, 0, 1, 0, 0, 0, 0, 0, 0, 0, 0, 0, 0, 0, 0, 0, 0, 0], [0, 0, 0, 0, 0, 0, 0, 1, 0, 0, 0, 0, 0, 0, 0, 0, 0, 0, 0, 0, 0, 0], [0, 0, 0, 0, 0, 0, 0, 0, 1, 0, 0, 0, 0, 0, 0, 0, 0, 0, 0, 0, 0, 0], [0, 0, 0, 0, 0, 0, 0, 0, 0, 1, 0, 0, 0, 0, 0, 0, 0, 0, 0, 0, 0, 0], [0, 0, 0, 0, 0, 0, 0, 0, 0, 0, 1, 0, 0, 0, 0, 0, 0, 0, 0, 0, 0, 0], [0, 0, 0, 0, 0, 0, 0, 0, 0, 0, 0, 1, 0, 0, 0, 0, 0, 0, 0, 0, 0, 0], [0, 0, 0, 0, 0, 0, 0, 0, 0, 0, 0, 0, 1, 0, 0, 0, 0, 0, 0, 0, 0, 0], [0, 0, 0, 0, 0, 0, 0, 0, 0, 0, 0, 0, 0, 1, 0, 0, 0, 0, 0, 0, 0, 0], [0, 0, 0, 0, 0, 0, 0, 0, 0, 0, 0, 0, 0, 0, 1, 0, 0, 0, 0, 0, 0, 0], [0, 0, 0, 0, 0, 0, 0, 0, 0, 0, 0, 0, 0, 0, 0, 1, 0, 0, 0, 0, 0, 0], [0, 0, 0, 0, 0, 0, 0, 0, 0, 0, 0, 0, 0, 0, 0, 0, 1, 0, 0, 0, 0, 0], [0, 0, 0, 0, 0, 0, 0, 0, 0, 0, 0, 0, 0, 0, 0, 0, 0, 1, 0, 0, 0, 0], [0, 0, 0, 0, 0, 0, 0, 0, 0, 0, 0, 0, 0, 0, 0, 0, 0, 0, 1, 0, 0, 0], [0, 0, 0, 0, 0, 0, 0, 0, 0, 0, 0, 0, 0, 0, 0, 0, 0, 0, 0, 1, 0, 0], [0, 0, 0, 0, 0, 0, 0, 0, 0, 0, 0, 0, 0, 0, 0, 0, 0, 0, 0, 0, 1, 0], [0, 0, 0, 0, 0, 0, 0, 0, 0, 0, 0, 0, 0, 0, 0, 0, 0, 0, 0, 0, 0, 1]]
[[1, 0, 0, 0, 0, 0, 0, 0, 0, 0, 0, 0, 0, 0, 0, 0, 0, 0, 0, 0, 0, 0], [0, 1, 0, 0, 0, 0, 0, 0, 0, 0, 0, 0, 0, 0, 0, 0, 0, 0, 0, 0, 0, 0], [0, 0, 1, 0, 0, 0, 0, 0, 0, 0, 0, 0, 0, 0, 0, 0, 0, 0, 0, 0, 0, 0], [0, 0, 0, 1, 0, 0, 0, 0, 0, 0, 0, 0, 0, 0, 0, 0, 0, 0, 0, 0, 0, 0], [0, 0, 0, 0, 1, 0, 0, 0, 0, 0, 0, 0, 0, 0, 0, 0, 0, 0, 0, 0, 0, 0], [0, 0, 0, 0, 0, 1, 0, 0, 0, 0, 0, 0, 0, 0, 0, 0, 0, 0, 0, 0, 0, 0], [0, 0, 0, 0, 0, 0, 1, 0, 0, 0, 0, 0, 0, 0, 0, 0, 0, 0, 0, 0, 0, 0], [0, 0, 0, 0, 0, 0, 0, 1, 0, 0, 0, 0, 0, 0, 0, 0, 0, 0, 0, 0, 0, 0], [0, 0, 0, 0, 0, 0, 0, 0, 1, 0, 0, 0, 0, 0, 0, 0, 0, 0, 0, 0, 0, 0], [0, 0, 0, 0, 0, 0, 0, 0, 0, 1, 0, 0, 0, 0, 0, 0, 0, 0, 0, 0, 0, 0], [0, 0, 0, 0, 0, 0, 0, 0, 0, 0, 1, 0, 0, 0, 0, 0, 0, 0, 0, 0, 0, 0], [0, 0, 0, 0, 0, 0, 0, 0, 0, 0, 0, 1, 0, 0, 0, 0, 0, 0, 0, 0, 0, 0], [0, 0, 0, 0, 0, 0, 0, 0, 0, 0, 0, 0, 1, 0, 0, 0, 0, 0, 0, 0, 0, 0], [0, 0, 0, 0, 0, 0, 0, 0, 0, 0, 0, 0, 0, 1, 0, 0, 0, 0, 0, 0, 0, 0], [0, 0, 0, 0, 0, 0, 0, 0, 0, 0, 0, 0, 0, 0, 1, 0, 0, 0, 0, 0, 0, 0], [0, 0, 0, 0, 0, 0, 0, 0, 0, 0, 0, 0, 0, 0, 0, 1, 0, 0, 0, 0, 0, 0], [0, 0, 0, 0, 0, 0, 0, 0, 0, 0, 0, 0, 0, 0, 0, 0, 1, 0, 0, 0, 0, 0], [0, 0, 0, 0, 0, 0, 0, 0, 0, 0, 0, 0, 0, 0, 0, 0, 0, 1, 0, 0, 0, 0], [0, 0, 0, 0, 0, 0, 0, 0, 0, 0, 0, 0, 0, 0, 0, 0, 0, 0, 1, 0, 0, 0], [0, 0, 0, 0, 0, 0, 0, 0, 0, 0, 0, 0, 0, 0, 0, 0, 0, 0, 0, 1, 0, 0], [0, 0, 0, 0, 0, 0, 0, 0, 0, 0, 0, 0, 0, 0, 0, 0, 0, 0, 0, 0, 1, 0], [0, 0, 0, 0, 0, 0, 0, 0, 0, 0, 0, 0, 0, 0, 0, 0, 0, 0, 0, 0, 0, 1]]
[[1, 0, 0, 0, 0, 0, 0, 0, 0, 0, 0, 0, 0, 0, 0, 0, 0, 0, 0, 0, 0, 0], [0, 1, 0, 0, 0, 0, 0, 0, 0, 0, 0, 0, 0, 0, 0, 0, 0, 0, 0, 0, 0, 0], [0, 0, 1, 0, 0, 0, 0, 0, 0, 0, 0, 0, 0, 0, 0, 0, 0, 0, 0, 0, 0, 0], [0, 0, 0, 1, 0, 0, 0, 0, 0, 0, 0, 0, 0, 0, 0, 0, 0, 0, 0, 0, 0, 0], [0, 0, 0, 0, 1, 0, 0, 0, 0, 0, 0, 0, 0, 0, 0, 0, 0, 0, 0, 0, 0, 0], [0, 0, 0, 0, 0, 1, 0, 0, 0, 0, 0, 0, 0, 0, 0, 0, 0, 0, 0, 0, 0, 0], [0, 0, 0, 0, 0, 0, 1, 0, 0, 0, 0, 0, 0, 0, 0, 0, 0, 0, 0, 0, 0, 0], [0, 0, 0, 0, 0, 0, 0, 1, 0, 0, 0, 0, 0, 0, 0, 0, 0, 0, 0, 0, 0, 0], [0, 0, 0, 0, 0, 0, 0, 0, 1, 0, 0, 0, 0, 0, 0, 0, 0, 0, 0, 0, 0, 0], [0, 0, 0, 0, 0, 0, 0, 0, 0, 1, 0, 0, 0, 0, 0, 0, 0, 0, 0, 0, 0, 0], [0, 0, 0, 0, 0, 0, 0, 0, 0, 0, 1, 0, 0, 0, 0, 0, 0, 0, 0, 0, 0, 0], [0, 0, 0, 0, 0, 0, 0, 0, 0, 0, 0, 1, 0, 0, 0, 0, 0, 0, 0, 0, 0, 0], [0, 0, 0, 0, 0, 0, 0, 0, 0, 0, 0, 0, 1, 0, 0, 0, 0, 0, 0, 0, 0, 0], [0, 0, 0, 0, 0, 0, 0, 0, 0, 0, 0, 0, 0, 1, 0, 0, 0, 0, 0, 0, 0, 0], [0, 0, 0, 0, 0, 0, 0, 0, 0, 0, 0, 0, 0, 0, 1, 0, 0, 0, 0, 0, 0, 0], [0, 0, 0, 0, 0, 0, 0, 0, 0, 0, 0, 0, 0, 0, 0, 1, 0, 0, 0, 0, 0, 0], [0, 0, 0, 0, 0, 0, 0, 0, 0, 0, 0, 0, 0, 0, 0, 0, 1, 0, 0, 0, 0, 0], [0, 0, 0, 0, 0, 0, 0, 0, 0, 0, 0, 0, 0, 0, 0, 0, 0, 1, 0, 0, 0, 0], [0, 0, 0, 0, 0, 0, 0, 0, 0, 0, 0, 0, 0, 0, 0, 0, 0, 0, 1, 0, 0, 0], [0, 0, 0, 0, 0, 0, 0, 0, 0, 0, 0, 0, 0, 0, 0, 0, 0, 0, 0, 1, 0, 0], [0, 0, 0, 0, 0, 0, 0, 0, 0, 0, 0, 0, 0, 0, 0, 0, 0, 0, 0, 0, 1, 0], [0, 0, 0, 0, 0, 0, 0, 0, 0, 0, 0, 0, 0, 0, 0, 0, 0, 0, 0, 0, 0, 1]]
[[0, 0, 1, -1, -1, 0, -1, 0, -1, 0, 0, -1, 1, 1, 1, 1, 1, 0, 0, 0, 1, -1], [0, 1, 0, 0, 0, 0, 0, 0, 0, 0, 0, 0, 0, 0, 0, 0, 0, 0, 0, 0, 0, 0], [0, 1, -1, 0, 0, 0, 1, 0, 0, 0, -1, 1, 0, -1, 0, 0, 0, 0, 0, 0, 0, 1], [-1, 3, -3, 0, -1, 0, 2, 0, -1, 0, -1, 2, 1, -2, 1, 1, 1, 0, 0, 0, 1, 0], [1, -2, 1, 1, 2, 0, -1, 0, 1, 0, 0, -1, -1, 1, -1, -1, -1, 0, 0, 0, -1, 1], [0, 0, 0, 0, 0, 1, 0, 0, 0, 0, 0, 0, 0, 0, 0, 0, 0, 0, 0, 0, 0, 0], [1, -1, 0, 1, 1, 0, 1, 0, 1, 0, 0, 0, -1, 0, -1, -1, -1, 0, 0, 0, -1, 1], [-1, 1, 0, -1, -1, 0, 0, 1, -1, 0, 0, 0, 1, 0, 1, 1, 1, 0, 0, 0, 1, -1], [1, -2, 1, 1, 1, 0, -1, 0, 2, 0, 0, -1, -1, 1, -1, -1, -1, 0, 0, 0, -1, 1], [0, 0, 1, 0, 0, 0, 0, 0, 0, 1, 1, 0, 0, 0, 0, 0, 0, 0, 0, 0, 0, -1], [0, 0, 0, 0, 0, 0, 0, 0, 0, 0, 1, 0, 0, 0, 0, 0, 0, 0, 0, 0, 0, 0], [1, -2, 2, 1, 1, 0, -1, 0, 1, 0, 1, -1, -1, 1, -1, -1, 0, 1, 0, 0, -1, 0], [0, 0, -1, 0, 0, 0, 0, 0, 0, 0, -1, 0, 1, 0, 0, 0, 0, 0, 0, 0, 0, 1], [2, -2, 2, 2, 2, 0, 0, 0, 2, 0, 2, -1, -2, 1, -2, -2, -1, 1, 0, 0, -2, 0], [-1, 1, -2, -1, -1, 0, 0, 0, -1, 0, -2, 1, 1, 0, 2, 1, 0, -1, 0, 0, 1, 1], [1, -1, 1, 1, 1, 0, 0, 0, 1, 0, 1, -1, -1, 0, -1, 0, 0, 1, 0, 0, -1, 0], [1, -1, 1, 1, 1, 0, 0, 0, 1, 0, 1, 0, -1, 0, -1, -1, 0, 0, 0, 0, -1, 0], [0, -1, 1, 0, 0, 0, -1, 0, 0, 0, 0, 0, 0, 1, 0, 0, -1, 0, 0, 0, 0, 0], [0, -1, 1, 0, 0, 0, -1, 0, 0, 0, 0, -1, 0, 1, 0, 0, 0, 0, 1, 0, 0, 0], [0, 0, -1, 0, 0, 0, 0, 0, 0, 0, -1, 0, 0, 0, 0, 0, 0, 0, 0, 1, 0, 1], [1, -1, 1, 1, 1, 0, 0, 0, 1, 0, 1, 0, -1, 0, -1, -1, -1, 0, 0, 0, 0, 0], [0, 1, 0, 0, 0, 0, 1, 0, 0, 0, 1, 1, 0, -1, 0, 0, 0, 0, 0, 0, 0, 0]]
[[1, 0, 0, 0, 0, 0, 0, 0, 0, 0, 0, 0, 0, 0, 0, 0, 0, 0, 0, 0, 0, 0], [0, 1, 0, 0, 0, 0, 0, 0, 0, 0, 0, 0, 0, 0, 0, 0, 0, 0, 0, 0, 0, 0], [0, 1, -1, 1, 0, 0, 1, 0, 0, -1, -1, 1, 0, 0, 0, 0, 0, 0, 0, 0, 0, 0], [0, 1, -2, 2, 0, 0, 1, 0, 0, -1, -1, 1, 0, 0, 0, 0, 0, 0, 0, 0, 0, 0], [0, 0, 0, 0, 1, 0, 0, 0, 0, 0, 0, 0, 0, 0, 0, 0, 0, 0, 0, 0, 0, 0], [0, 0, 0, 0, 0, 1, 0, 0, 0, 0, 0, 0, 0, 0, 0, 0, 0, 0, 0, 0, 0, 0], [0, 0, 0, 0, 0, 0, 1, 0, 0, 0, 0, 0, 0, 0, 0, 0, 0, 0, 0, 0, 0, 0], [0, 0, 0, 0, 0, 0, 0, 1, 0, 0, 0, 0, 0, 0, 0, 0, 0, 0, 0, 0, 0, 0], [0, 0, 0, 0, 0, 0, 0, 0, 1, 0, 0, 0, 0, 0, 0, 0, 0, 0, 0, 0, 0, 0], [0, 0, 0, 0, 0, 0, 0, 0, 0, 1, 0, 0, 0, 0, 0, 0, 0, 0, 0, 0, 0, 0], [0, 0, 0, 0, 0, 0, 0, 0, 0, 0, 1, 0, 0, 0, 0, 0, 0, 0, 0, 0, 0, 0], [0, -1, 2, -1, 0, 0, -1, 0, 0, 1, 1, 0, 0, 0, 0, 0, 0, 0, 0, 0, 0, 0], [0, 0, 0, 0, 0, 0, 0, 0, 0, 0, 0, 0, 1, 0, 0, 0, 0, 0, 0, 0, 0, 0], [0, -1, 2, -1, 0, 0, -1, 0, 0, 1, 1, -1, 0, 1, 0, 0, 0, 0, 0, 0, 0, 0], [0, 0, 0, 0, 0, 0, 0, 0, 0, 0, 0, 0, 0, 0, 1, 0, 0, 0, 0, 0, 0, 0], [0, 0, 0, 0, 0, 0, 0, 0, 0, 0, 0, 0, 0, 0, 0, 1, 0, 0, 0, 0, 0, 0], [0, 0, 0, 0, 0, 0, 0, 0, 0, 0, 0, 0, 0, 0, 0, 0, 1, 0, 0, 0, 0, 0], [0, 0, 0, 0, 0, 0, 0, 0, 0, 0, 0, 0, 0, 0, 0, 0, 0, 1, 0, 0, 0, 0], [0, 0, 0, 0, 0, 0, 0, 0, 0, 0, 0, 0, 0, 0, 0, 0, 0, 0, 1, 0, 0, 0], [0, 0, 0, 0, 0, 0, 0, 0, 0, 0, 0, 0, 0, 0, 0, 0, 0, 0, 0, 1, 0, 0], [0, 0, 0, 0, 0, 0, 0, 0, 0, 0, 0, 0, 0, 0, 0, 0, 0, 0, 0, 0, 1, 0], [0, 0, 0, 0, 0, 0, 0, 0, 0, 0, 0, 0, 0, 0, 0, 0, 0, 0, 0, 0, 0, 1]]
[[1, 0, 0, 0, 0, 0, 0, 0, 0, 0, 0, 0, 0, 0, 0, 0, 0, 0, 0, 0, 0, 0], [0, 1, 0, 0, 0, 0, 0, 0, 0, 0, 0, 0, 0, 0, 0, 0, 0, 0, 0, 0, 0, 0], [0, 0, 1, 0, 0, 0, 0, 0, 0, 0, 0, 0, 0, 0, 0, 0, 0, 0, 0, 0, 0, 0], [0, 0, 0, 1, 0, 0, 0, 0, 0, 0, 0, 0, 0, 0, 0, 0, 0, 0, 0, 0, 0, 0], [0, 0, 0, 0, 1, 0, 0, 0, 0, 0, 0, 0, 0, 0, 0, 0, 0, 0, 0, 0, 0, 0], [0, 0, 0, 0, 0, 1, 0, 0, 0, 0, 0, 0, 0, 0, 0, 0, 0, 0, 0, 0, 0, 0], [0, 0, 0, 0, 0, 0, 1, 0, 0, 0, 0, 0, 0, 0, 0, 0, 0, 0, 0, 0, 0, 0], [0, 0, 0, 0, 0, 0, 0, 1, 0, 0, 0, 0, 0, 0, 0, 0, 0, 0, 0, 0, 0, 0], [0, 0, 0, 0, 0, 0, 0, 0, 1, 0, 0, 0, 0, 0, 0, 0, 0, 0, 0, 0, 0, 0], [0, 0, 0, 0, 0, 0, 0, 0, 0, 1, 0, 0, 0, 0, 0, 0, 0, 0, 0, 0, 0, 0], [0, 0, 0, 0, 0, 0, 0, 0, 0, 0, 1, 0, 0, 0, 0, 0, 0, 0, 0, 0, 0, 0], [0, 0, 0, 0, 0, 0, 0, 0, 0, 0, 0, 1, 0, 0, 0, 0, 0, 0, 0, 0, 0, 0], [0, 0, 0, 0, 0, 0, 0, 0, 0, 0, 0, 0, 1, 0, 0, 0, 0, 0, 0, 0, 0, 0], [0, 0, 0, 0, 0, 0, 0, 0, 0, 0, 0, 0, 0, 1, 0, 0, 0, 0, 0, 0, 0, 0], [0, 0, 0, 0, 0, 0, 0, 0, 0, 0, 0, 0, 0, 0, 1, 0, 0, 0, 0, 0, 0, 0], [0, 0, 0, 0, 0, 0, 0, 0, 0, 0, 0, 0, 0, 0, 0, 1, 0, 0, 0, 0, 0, 0], [0, 0, 0, 0, 0, 0, 0, 0, 0, 0, 0, 0, 0, 0, 0, 0, 1, 0, 0, 0, 0, 0], [0, 0, 0, 0, 0, 0, 0, 0, 0, 0, 0, 0, 0, 0, 0, 0, 0, 1, 0, 0, 0, 0], [0, 0, 0, 0, 0, 0, 0, 0, 0, 0, 0, 0, 0, 0, 0, 0, 0, 0, 1, 0, 0, 0], [0, 0, 0, 0, 0, 0, 0, 0, 0, 0, 0, 0, 0, 0, 0, 0, 0, 0, 0, 1, 0, 0], [0, 0, 0, 0, 0, 0, 0, 0, 0, 0, 0, 0, 0, 0, 0, 0, 0, 0, 0, 0, 1, 0], [0, 0, 0, 0, 0, 0, 0, 0, 0, 0, 0, 0, 0, 0, 0, 0, 0, 0, 0, 0, 0, 1]]
[[1, -1, 1, -1, 0, 1, -1, 0, -1, 1, 1, -1, 1, 0, 1, 1, 1, 0, 0, 0, 1, 0], [0, 1, 0, 0, 0, 0, 0, 0, 0, 0, 0, 0, 0, 0, 0, 0, 0, 0, 0, 0, 0, 0], [0, 1, -1, 1, 0, -1, 1, 0, 1, -2, -2, 0, -1, 1, -1, -1, -1, 0, 0, 0, -1, 0], [0, 0, -1, 1, 0, 0, 0, 0, 0, -1, -1, -1, 0, 1, 0, 0, 0, 0, 0, 0, 0, 0], [0, 1, -1, 1, 1, -1, 1, 0, 1, -1, -1, 1, -1, 0, -1, -1, -1, 0, 0, 0, -1, 0], [0, 1, -1, 1, 0, 0, 1, 0, 1, -1, -1, 1, -1, 0, -1, -1, -1, 0, 0, 0, -1, 0], [0, 1, -1, 1, 0, -1, 2, 0, 1, -1, -1, 1, -1, 0, -1, -1, -1, 0, 0, 0, -1, 0], [0, -1, 1, -1, 0, 1, -1, 1, -1, 1, 1, -1, 1, 0, 1, 1, 1, 0, 0, 0, 1, 0], [0, 1, -1, 1, 0, -1, 1, 0, 2, -1, -1, 1, -1, 0, -1, -1, -1, 0, 0, 0, -1, 0], [0, 0, 0, 0, 0, 0, 0, 0, 0, 1, 0, 0, 0, 0, 0, 0, 0, 0, 0, 0, 0, 0], [0, 0, 0, 0, 0, 0, 0, 0, 0, 0, 1, 0, 0, 0, 0, 0, 0, 0, 0, 0, 0, 0], [0, 0, 0, 0, 0, 0, 0, 0, 0, 0, 0, 1, 0, 0, 0, 0, 0, 0, 0, 0, 0, 0], [0, 0, 0, 0, 0, 0, 0, 0, 0, 0, 0, 0, 1, 0, 0, 0, 0, 0, 0, 0, 0, 0], [0, 1, 0, 1, 0, -1, 1, 0, 1, 0, 0, 2, -1, 0, -1, -1, -1, 0, 0, 0, -1, 0], [0, -1, 1, -1, 0, 1, -1, 0, -1, 1, 1, -1, 1, 0, 2, 1, 1, 0, 0, 0, 1, 0], [0, 1, -1, 1, 0, -1, 1, 0, 1, -1, -1, 1, -1, 0, -1, 0, -1, 0, 0, 0, -1, 0], [0, 1, -1, 1, 0, -1, 1, 0, 1, -1, -1, 1, -1, 0, -1, -1, 0, 0, 0, 0, -1, 0], [0, 0, 0, 0, 0, 0, 0, 0, 0, 0, 0, 0, 0, 0, 0, 0, 0, 1, 0, 0, 0, 0], [0, 0, 0, 0, 0, 0, 0, 0, 0, 0, 0, 0, 0, 0, 0, 0, 0, 0, 1, 0, 0, 0], [0, 0, 0, 0, 0, 0, 0, 0, 0, 0, 0, 0, 0, 0, 0, 0, 0, 0, 0, 1, 0, 0], [0, 1, -1, 1, 0, -1, 1, 0, 1, -1, -1, 1, -1, 0, -1, -1, -1, 0, 0, 0, 0, 0], [0, 1, -1, 1, 0, -1, 1, 0, 1, -1, -1, 1, -1, 0, -1, -1, -1, 0, 0, 0, -1, 1]]
[[1, 0, 0, 0, 0, 0, 0, 0, 0, 0, 0, 0, 0, 0, 0, 0, 0, 0, 0, 0, 0, 0], [0, 1, 0, 0, 0, 0, 0, 0, 0, 0, 0, 0, 0, 0, 0, 0, 0, 0, 0, 0, 0, 0], [0, 0, 1, 0, 0, 0, 0, 0, 0, 0, 0, 0, 0, 0, 0, 0, 0, 0, 0, 0, 0, 0], [0, 0, 0, 1, 0, 0, 0, 0, 0, 0, 0, 0, 0, 0, 0, 0, 0, 0, 0, 0, 0, 0], [0, 0, 0, 0, 1, 0, 0, 0, 0, 0, 0, 0, 0, 0, 0, 0, 0, 0, 0, 0, 0, 0], [0, 0, 0, 0, 0, 1, 0, 0, 0, 0, 0, 0, 0, 0, 0, 0, 0, 0, 0, 0, 0, 0], [0, 0, 0, 0, 0, 0, 1, 0, 0, 0, 0, 0, 0, 0, 0, 0, 0, 0, 0, 0, 0, 0], [0, 0, 0, 0, 0, 0, 0, 1, 0, 0, 0, 0, 0, 0, 0, 0, 0, 0, 0, 0, 0, 0], [0, 0, 0, 0, 0, 0, 0, 0, 1, 0, 0, 0, 0, 0, 0, 0, 0, 0, 0, 0, 0, 0], [0, 0, 0, 0, 0, 0, 0, 0, 0, 1, 0, 0, 0, 0, 0, 0, 0, 0, 0, 0, 0, 0], [0, 0, 0, 0, 0, 0, 0, 0, 0, 0, 1, 0, 0, 0, 0, 0, 0, 0, 0, 0, 0, 0], [0, 0, 0, 0, 0, 0, 0, 0, 0, 0, 0, 1, 0, 0, 0, 0, 0, 0, 0, 0, 0, 0], [0, 0, 0, 0, 0, 0, 0, 0, 0, 0, 0, 0, 1, 0, 0, 0, 0, 0, 0, 0, 0, 0], [0, 0, 0, 0, 0, 0, 0, 0, 0, 0, 0, 0, 0, 1, 0, 0, 0, 0, 0, 0, 0, 0], [0, 0, 0, 0, 0, 0, 0, 0, 0, 0, 0, 0, 0, 0, 1, 0, 0, 0, 0, 0, 0, 0], [0, 0, 0, 0, 0, 0, 0, 0, 0, 0, 0, 0, 0, 0, 0, 1, 0, 0, 0, 0, 0, 0], [0, 0, 0, 0, 0, 0, 0, 0, 0, 0, 0, 0, 0, 0, 0, 0, 1, 0, 0, 0, 0, 0], [0, 0, 0, 0, 0, 0, 0, 0, 0, 0, 0, 0, 0, 0, 0, 0, 0, 1, 0, 0, 0, 0], [0, 0, 0, 0, 0, 0, 0, 0, 0, 0, 0, 0, 0, 0, 0, 0, 0, 0, 1, 0, 0, 0], [0, 0, 0, 0, 0, 0, 0, 0, 0, 0, 0, 0, 0, 0, 0, 0, 0, 0, 0, 1, 0, 0], [0, 0, 0, 0, 0, 0, 0, 0, 0, 0, 0, 0, 0, 0, 0, 0, 0, 0, 0, 0, 1, 0], [0, 0, 0, 0, 0, 0, 0, 0, 0, 0, 0, 0, 0, 0, 0, 0, 0, 0, 0, 0, 0, 1]]
[[1, 0, 1, -1, 0, 0, -1, -1, -1, 0, 0, -1, 1, -1, 0, 1, 1, 0, 0, -1, 0, 0], [0, 1, -1, 1, 0, 0, 1, 1, 1, 0, 0, 1, -1, 1, 0, -1, -1, 0, 0, 1, 0, 0], [0, 0, -1, 2, 0, 0, 2, 2, 2, 0, 0, 2, -2, 2, 0, -2, -2, 0, 0, 2, 0, 0], [0, 0, -1, 2, 0, 0, 1, 1, 1, 0, 0, 1, -1, 1, 0, -1, -1, 0, 0, 1, 0, 0], [0, 0, -1, 1, 1, 0, 1, 1, 1, 0, 0, 1, -1, 1, 0, -1, -1, 0, 0, 1, 0, 0], [0, 0, -1, 1, 0, 1, 1, 1, 1, 0, 0, 1, -1, 1, 0, -1, -1, 0, 0, 1, 0, 0], [0, 0, -1, 1, 0, 0, 2, 1, 1, 0, 0, 1, -1, 1, 0, -1, -1, 0, 0, 1, 0, 0], [0, 0, 1, -1, 0, 0, -1, 0, -1, 0, 0, -1, 1, -1, 0, 1, 1, 0, 0, -1, 0, 0], [0, 0, 0, 0, 0, 0, 0, 0, 1, 0, 0, 0, 0, 0, 0, 0, 0, 0, 0, 0, 0, 0], [0, 0, 0, 0, 0, 0, 0, 0, 0, 1, 0, 0, 0, 0, 0, 0, 0, 0, 0, 0, 0, 0], [0, 0, 0, 0, 0, 0, 0, 0, 0, 0, 1, 0, 0, 0, 0, 0, 0, 0, 0, 0, 0, 0], [0, 0, 1, -1, 0, 0, -1, -1, -1, 0, 0, 0, 1, -1, 0, 1, 1, 0, 0, -1, 0, 0], [0, 0, 0, 0, 0, 0, 0, 0, 0, 0, 0, 0, 1, 0, 0, 0, 0, 0, 0, 0, 0, 0], [0, 0, 0, 0, 0, 0, 0, 0, 0, 0, 0, 0, 0, 1, 0, 0, 0, 0, 0, 0, 0, 0], [0, 0, 0, 0, 0, 0, 0, 0, 0, 0, 0, 0, 0, 0, 1, 0, 0, 0, 0, 0, 0, 0], [0, 0, 0, 0, 0, 0, 0, 0, 0, 0, 0, 0, 0, 0, 0, 1, 0, 0, 0, 0, 0, 0], [0, 0, 0, 0, 0, 0, 0, 0, 0, 0, 0, 0, 0, 0, 0, 0, 1, 0, 0, 0, 0, 0], [0, 0, 0, 0, 0, 0, 0, 0, 0, 0, 0, 0, 0, 0, 0, 0, 0, 1, 0, 0, 0, 0], [0, 0, 0, 0, 0, 0, 0, 0, 0, 0, 0, 0, 0, 0, 0, 0, 0, 0, 1, 0, 0, 0], [0, 0, 0, 0, 0, 0, 0, 0, 0, 0, 0, 0, 0, 0, 0, 0, 0, 0, 0, 1, 0, 0], [0, 0, 0, 0, 0, 0, 0, 0, 0, 0, 0, 0, 0, 0, 0, 0, 0, 0, 0, 0, 1, 0], [0, 0, -1, 1, 0, 0, 1, 1, 1, 0, 0, 1, -1, 1, 0, -1, -1, 0, 0, 1, 0, 1]]
[[1, 0, 0, 0, 0, 0, 0, 0, 0, 0, 0, 0, 0, 0, 0, 0, 0, 0, 0, 0, 0, 0], [0, 1, 0, 0, 0, 0, 0, 0, 0, 0, 0, 0, 0, 0, 0, 0, 0, 0, 0, 0, 0, 0], [0, 0, 1, 0, 0, 0, 0, 0, 0, 0, 0, 0, 0, 0, 0, 0, 0, 0, 0, 0, 0, 0], [0, 0, 0, 1, 0, 0, 0, 0, 0, 0, 0, 0, 0, 0, 0, 0, 0, 0, 0, 0, 0, 0], [0, 0, 0, 0, 1, 0, 0, 0, 0, 0, 0, 0, 0, 0, 0, 0, 0, 0, 0, 0, 0, 0], [0, 0, 0, 0, 0, 1, 0, 0, 0, 0, 0, 0, 0, 0, 0, 0, 0, 0, 0, 0, 0, 0], [0, 0, 0, 0, 0, 0, 1, 0, 0, 0, 0, 0, 0, 0, 0, 0, 0, 0, 0, 0, 0, 0], [0, 0, 0, 0, 0, 0, 0, 1, 0, 0, 0, 0, 0, 0, 0, 0, 0, 0, 0, 0, 0, 0], [0, 0, 0, 0, 0, 0, 0, 0, 1, 0, 0, 0, 0, 0, 0, 0, 0, 0, 0, 0, 0, 0], [0, 0, 0, 0, 0, 0, 0, 0, 0, 1, 0, 0, 0, 0, 0, 0, 0, 0, 0, 0, 0, 0], [0, 0, 0, 0, 0, 0, 0, 0, 0, 0, 1, 0, 0, 0, 0, 0, 0, 0, 0, 0, 0, 0], [0, 0, 0, 0, 0, 0, 0, 0, 0, 0, 0, 1, 0, 0, 0, 0, 0, 0, 0, 0, 0, 0], [0, 0, 0, 0, 0, 0, 0, 0, 0, 0, 0, 0, 1, 0, 0, 0, 0, 0, 0, 0, 0, 0], [0, 0, 0, 0, 0, 0, 0, 0, 0, 0, 0, 0, 0, 1, 0, 0, 0, 0, 0, 0, 0, 0], [0, 0, 0, 0, 0, 0, 0, 0, 0, 0, 0, 0, 0, 0, 1, 0, 0, 0, 0, 0, 0, 0], [0, 0, 0, 0, 0, 0, 0, 0, 0, 0, 0, 0, 0, 0, 0, 1, 0, 0, 0, 0, 0, 0], [0, 0, 0, 0, 0, 0, 0, 0, 0, 0, 0, 0, 0, 0, 0, 0, 1, 0, 0, 0, 0, 0], [0, 0, 0, 0, 0, 0, 0, 0, 0, 0, 0, 0, 0, 0, 0, 0, 0, 1, 0, 0, 0, 0], [0, 0, 0, 0, 0, 0, 0, 0, 0, 0, 0, 0, 0, 0, 0, 0, 0, 0, 1, 0, 0, 0], [0, 0, 0, 0, 0, 0, 0, 0, 0, 0, 0, 0, 0, 0, 0, 0, 0, 0, 0, 1, 0, 0], [0, 0, 0, 0, 0, 0, 0, 0, 0, 0, 0, 0, 0, 0, 0, 0, 0, 0, 0, 0, 1, 0], [0, 0, 0, 0, 0, 0, 0, 0, 0, 0, 0, 0, 0, 0, 0, 0, 0, 0, 0, 0, 0, 1]]
[[1, 0, 0, 0, 0, 0, 0, 0, 0, 0, 0, 0, 0, 0, 0, 0, 0, 0, 0, 0, 0, 0], [0, 1, 0, 0, 0, 0, 0, 0, 0, 0, 0, 0, 0, 0, 0, 0, 0, 0, 0, 0, 0, 0], [0, 0, 1, 0, 0, 0, 0, 0, 0, 0, 0, 0, 0, 0, 0, 0, 0, 0, 0, 0, 0, 0], [0, 0, 0, 1, 0, 0, 0, 0, 0, 0, 0, 0, 0, 0, 0, 0, 0, 0, 0, 0, 0, 0], [0, 0, 0, 0, 1, 0, 0, 0, 0, 0, 0, 0, 0, 0, 0, 0, 0, 0, 0, 0, 0, 0], [0, 0, 0, 0, 0, 1, 0, 0, 0, 0, 0, 0, 0, 0, 0, 0, 0, 0, 0, 0, 0, 0], [0, 0, 0, 0, 0, 0, 1, 0, 0, 0, 0, 0, 0, 0, 0, 0, 0, 0, 0, 0, 0, 0], [0, 0, 0, 0, 0, 0, 0, 1, 0, 0, 0, 0, 0, 0, 0, 0, 0, 0, 0, 0, 0, 0], [0, 0, 0, 0, 0, 0, 0, 0, 1, 0, 0, 0, 0, 0, 0, 0, 0, 0, 0, 0, 0, 0], [0, 0, 0, 0, 0, 0, 0, 0, 0, 1, 0, 0, 0, 0, 0, 0, 0, 0, 0, 0, 0, 0], [0, 0, 0, 0, 0, 0, 0, 0, 0, 0, 1, 0, 0, 0, 0, 0, 0, 0, 0, 0, 0, 0], [0, 0, 0, 0, 0, 0, 0, 0, 0, 0, 0, 1, 0, 0, 0, 0, 0, 0, 0, 0, 0, 0], [0, 0, 0, 0, 0, 0, 0, 0, 0, 0, 0, 0, 1, 0, 0, 0, 0, 0, 0, 0, 0, 0], [0, 0, 0, 0, 0, 0, 0, 0, 0, 0, 0, 0, 0, 1, 0, 0, 0, 0, 0, 0, 0, 0], [0, 0, 0, 0, 0, 0, 0, 0, 0, 0, 0, 0, 0, 0, 1, 0, 0, 0, 0, 0, 0, 0], [0, 0, 0, 0, 0, 0, 0, 0, 0, 0, 0, 0, 0, 0, 0, 1, 0, 0, 0, 0, 0, 0], [0, 0, 0, 0, 0, 0, 0, 0, 0, 0, 0, 0, 0, 0, 0, 0, 1, 0, 0, 0, 0, 0], [0, 0, 0, 0, 0, 0, 0, 0, 0, 0, 0, 0, 0, 0, 0, 0, 0, 1, 0, 0, 0, 0], [0, 0, 0, 0, 0, 0, 0, 0, 0, 0, 0, 0, 0, 0, 0, 0, 0, 0, 1, 0, 0, 0], [0, 0, 0, 0, 0, 0, 0, 0, 0, 0, 0, 0, 0, 0, 0, 0, 0, 0, 0, 1, 0, 0], [0, 0, 0, 0, 0, 0, 0, 0, 0, 0, 0, 0, 0, 0, 0, 0, 0, 0, 0, 0, 1, 0], [0, 0, 0, 0, 0, 0, 0, 0, 0, 0, 0, 0, 0, 0, 0, 0, 0, 0, 0, 0, 0, 1]]
[[1, 0, 0, 0, 0, 0, 0, 0, 0, 0, 0, 0, 0, 0, 0, 0, 0, 0, 0, 0, 0, 0], [0, 1, 0, 0, 0, 0, 0, 0, 0, 0, 0, 0, 0, 0, 0, 0, 0, 0, 0, 0, 0, 0], [0, 0, 1, 0, 0, 0, 0, 0, 0, 0, 0, 0, 0, 0, 0, 0, 0, 0, 0, 0, 0, 0], [0, 0, 0, 1, 0, 0, 0, 1, 0, 1, 1, 0, 1, 0, 0, 0, 0, 0, 0, 1, 1, 0], [0, 0, 0, 0, 0, 0, 0, -1, 1, -1, -1, 0, -1, 0, 0, 0, 0, 0, 0, -1, -1, 0], [0, 0, 0, 0, 1, 1, 0, 0, -1, 0, 0, 0, 0, 0, 0, 0, 0, 0, 0, 0, 0, 0], [0, 0, 0, 0, 0, 0, 1, 0, 0, 0, 0, 0, 0, 0, 0, 0, 0, 0, 0, 0, 0, 0], [0, 0, 0, 0, 0, 0, 0, 0, 0, -1, -1, 0, -1, 0, 0, 0, 0, 0, 0, -1, -1, 0], [0, 0, 0, 0, 1, 0, 0, -1, 0, -1, -1, 0, -1, 0, 0, 0, 0, 0, 0, -1, -1, 0], [0, 0, 0, 0, 0, 0, 0, 0, 0, 1, 0, 0, 0, 0, 0, 0, 0, 0, 0, 0, 0, 0], [0, 0, 0, 0, 0, 0, 0, 0, 0, 0, 1, 0, 0, 0, 0, 0, 0, 0, 0, 0, 0, 0], [0, 0, 0, 0, 0, 0, 0, -1, 0, -1, -1, 1, -1, 0, 0, 0, 0, 0, 0, -1, -1, 0], [0, 0, 0, 0, 0, 0, 0, 0, 0, 0, 0, 0, 1, 0, 0, 0, 0, 0, 0, 0, 0, 0], [0, 0, 0, 0, 0, 0, 0, -1, 0, -1, -1, 0, -1, 1, 0, 0, 0, 0, 0, -1, -1, 0], [0, 0, 0, 0, 0, 0, 0, 2, 0, 2, 2, 0, 2, 0, 1, 0, 0, 0, 0, 2, 2, 0], [0, 0, 0, 0, 0, 0, 0, -1, 0, -1, -1, 0, -1, 0, 0, 1, 0, 0, 0, -1, -1, 0], [0, 0, 0, 0, 0, 0, 0, -1, 0, -1, -1, 0, -1, 0, 0, 0, 1, 0, 0, -1, -1, 0], [0, 0, 0, 0, 0, 0, 0, 0, 0, 0, 0, 0, 0, 0, 0, 0, 0, 1, 0, 0, 0, 0], [0, 0, 0, 0, 0, 0, 0, 0, 0, 0, 0, 0, 0, 0, 0, 0, 0, 0, 1, 0, 0, 0], [0, 0, 0, 0, 0, 0, 0, 0, 0, 0, 0, 0, 0, 0, 0, 0, 0, 0, 0, 1, 0, 0], [0, 0, 0, 0, 0, 0, 0, -1, 0, -1, -1, 0, -1, 0, 0, 0, 0, 0, 0, -1, 0, 0], [0, 0, 0, 0, 0, 0, 0, 0, 0, 0, 0, 0, 0, 0, 0, 0, 0, 0, 0, 0, 0, 1]]
[[1, 0, 0, 0, 0, 0, 0, 0, 0, 0, 0, 0, 0, 0, 0, 0, 0, 0, 0, 0, 0, 0], [0, 1, 0, 0, 0, 0, 0, 0, 0, 0, 0, 0, 0, 0, 0, 0, 0, 0, 0, 0, 0, 0], [0, 1, 0, 1, 0, 1, 0, 0, 0, 0, 1, 0, 0, 0, 1, 1, 1, 0, 0, -1, 0, -1], [-1, 0, 0, -2, -1, 2, -1, 0, -1, 2, 1, 0, 3, -3, 1, 1, 0, -3, -2, -2, 5, -2], [0, 0, 0, 1, 1, -1, 0, -1, 1, -2, -1, 0, -2, 1, -1, -1, 0, 1, 1, 0, -3, 1], [1, 1, -1, 3, 1, 1, 1, 1, 0, 0, 1, 0, -1, 2, 1, 1, 1, 2, 1, 1, -2, 0], [0, 0, 0, 1, 0, -1, 1, 0, 1, -1, 0, 0, -1, 1, 0, 0, 0, 1, 1, 0, -2, 1], [0, 1, -1, 1, 0, 1, 0, 0, 0, -1, 0, 0, -1, 0, 0, 0, 1, 0, 0, -1, -1, -1], [1, 0, 0, 3, 1, -2, 1, 0, 2, -2, -1, 0, -3, 3, -1, -1, 0, 3, 2, 2, -5, 2], [0, -1, 1, 0, 0, -2, 0, 0, 1, 0, -1, 0, -1, 1, -1, -1, -1, 1, 1, 1, -2, 2], [0, -1, 1, -1, 0, -1, 0, 0, 0, 0, 0, 0, 0, 0, -1, -1, -1, 0, 0, 1, 0, 1], [1, 0, 0, 3, 1, -2, 1, 0, 1, -2, -1, 1, -3, 3, -1, -1, 0, 3, 2, 2, -5, 2], [0, 1, -1, 0, 0, 2, 0, 0, -1, 1, 1, 0, 2, -1, 1, 1, 1, -1, -1, -1, 2, -2], [1, -1, 1, 3, 1, -4, 1, 0, 2, -3, -2, 0, -4, 5, -2, -2, -1, 4, 3, 3, -7, 4], [-1, 1, -1, -4, -1, 5, -1, 0, -3, 4, 2, 0, 5, -5, 3, 2, 1, -5, -4, -3, 9, -5], [0, -1, 1, 1, 0, -3, 0, -1, 2, -3, -2, 0, -3, 2, -2, -1, -1, 2, 2, 1, -5, 3], [0, -1, 1, 1, 0, -3, 0, 0, 2, -2, -1, 0, -2, 2, -1, -1, 0, 2, 2, 1, -4, 3], [1, 1, -1, 2, 1, 1, 1, 0, -1, 0, 0, 0, -1, 1, 0, 0, 1, 2, 0, 1, -1, -1], [1, 1, -1, 2, 1, 1, 1, 1, -1, 1, 1, 0, 0, 1, 1, 1, 1, 1, 1, 1, 0, -1], [-1, 0, 0, -2, -1, 1, -1, 0, 0, 1, 1, 0, 2, -2, 1, 1, 0, -2, -1, -1, 3, -1], [1, 0, 0, 3, 1, -2, 1, 0, 1, -2, -1, 0, -3, 3, -1, -1, 0, 3, 2, 2, -4, 2], [0, 0, 0, 0, 0, 0, 0, 0, 0, 0, 0, 0, 0, 0, 0, 0, 0, 0, 0, 0, 0, 1]]
[[1, 0, 0, 0, -1, 0, -1, 0, 0, 0, 0, -2, 2, 0, 0, 1, 2, 1, 0, 0, 1, 0], [-1, 1, 0, -1, 0, 0, 1, 0, -1, 0, 0, 1, -1, 0, 0, 0, -1, 0, 0, 0, -1, 0], [-2, 0, 1, -2, 1, 0, 1, 0, -2, 0, 0, 2, -2, 0, 0, -1, -2, -1, 0, 0, -1, 0], [-1, 0, 0, 0, 1, 0, 0, 0, -1, 0, 0, 1, -1, 0, 0, -1, -1, -1, 0, 0, 0, 0], [0, 0, 0, 0, 0, 0, 1, 0, 0, 0, 0, 0, 0, 0, 0, 1, 0, 1, 0, 0, -1, 0], [-2, 0, 0, -2, 1, 1, 1, 0, -2, 0, 0, 2, -2, 0, 0, -1, -2, -1, 0, 0, -1, 0], [0, 0, 0, 0, 1, 0, 1, 0, 0, 0, 0, 1, -1, 0, 0, -1, -1, -1, 0, 0, 0, 0], [-1, 0, 0, -1, 0, 0, 0, 1, -1, 0, 0, 0, 0, 0, 0, 0, 0, 0, 0, 0, 0, 0], [-1, 0, 0, -1, 0, 0, 1, 0, 0, 0, 0, 1, -1, 0, 0, 0, -1, 0, 0, 0, -1, 0], [1, 0, 0, 1, 0, 0, 0, 0, 1, 1, 0, 0, 0, 0, 0, 0, 0, 0, 0, 0, 0, 0], [1, 0, 0, 1, 0, 0, 0, 0, 1, 0, 0, 0, -1, 1, 1, 0, 0, 0, 0, 0, 0, 0], [1, 0, 0, 1, -1, 0, 0, 0, 1, 0, 0, 0, 1, 0, 0, 1, 1, 1, 0, 0, 0, 0], [-1, 0, 0, -1, 0, 0, 0, 0, -1, 0, 0, 0, 1, 0, 0, 0, 0, 0, 0, 0, 0, 0], [2, 0, 0, 2, 0, 0, 1, 0, 2, 0, 0, 1, -1, 1, 0, 0, -1, 0, 0, 0, -1, 0], [-2, 0, 0, -2, 0, 0, -1, 0, -2, 0, 1, -1, 2, -1, 0, 0, 1, 0, 0, 0, 1, 0], [1, 0, 0, 1, 0, 0, 0, 0, 1, 0, 0, 0, 0, 0, 0, 1, 0, 0, 0, 0, 0, 0], [1, 0, 0, 1, 0, 0, 1, 0, 1, 0, 0, 1, -1, 0, 0, 0, 0, 0, 0, 0, -1, 0], [0, 0, 0, 0, 0, 0, 0, 0, 0, 0, 0, 0, 0, 0, 0, 0, 0, 1, 0, 0, 0, 0], [0, 0, 0, 0, -1, 0, 0, 0, 0, 0, 0, -1, 1, 0, 0, 1, 1, 1, 1, 0, 0, 0], [-1, 0, 0, -1, 0, 0, 0, 0, -1, 0, 0, 0, 0, 0, 0, 0, 0, 0, 0, 1, 0, 0], [1, 0, 0, 1, 0, 0, 1, 0, 1, 0, 0, 1, -1, 0, 0, 0, -1, 0, 0, 0, 0, 0], [0, 0, 0, 0, 1, 0, 1, 0, 0, 0, 0, 2, -2, 0, 0, -1, -2, -1, 0, 0, -1, 1]]
[[1, 0, 0, 0, 0, 0, 0, 0, 0, 0, 0, 0, 0, 0, 0, 0, 0, 0, 0, 0, 0, 0], [0, 1, 0, 0, 0, 0, 0, 0, 0, 0, 0, 0, 0, 0, 0, 0, 0, 0, 0, 0, 0, 0], [0, 0, 1, 0, 0, 0, 0, 0, 0, 0, 0, 0, 0, 0, 0, 0, 0, 0, 0, 0, 0, 0], [0, 0, 0, 1, 0, 0, 0, 0, 0, 0, 0, 0, 0, 0, 0, 0, 0, 0, 0, 0, 0, 0], [0, 0, 0, 0, 1, 0, 0, 0, 0, 0, 0, 0, 0, 0, 0, 0, 0, 0, 0, 0, 0, 0], [0, 0, 0, 0, 0, 1, 0, 0, 0, 0, 0, 0, 0, 0, 0, 0, 0, 0, 0, 0, 0, 0], [0, 0, 0, 0, 0, 0, 1, 0, 0, 0, 0, 0, 0, 0, 0, 0, 0, 0, 0, 0, 0, 0], [0, 0, 0, 0, 0, 0, 0, 1, 0, 0, 0, 0, 0, 0, 0, 0, 0, 0, 0, 0, 0, 0], [0, 0, 0, 0, 0, 0, 0, 0, 1, 0, 0, 0, 0, 0, 0, 0, 0, 0, 0, 0, 0, 0], [0, 0, 0, 0, 0, 0, 0, 0, 0, 1, 0, 0, 0, 0, 0, 0, 0, 0, 0, 0, 0, 0], [0, 0, 0, 0, 0, 0, 0, 0, 0, 0, 1, 0, 0, 0, 0, 0, 0, 0, 0, 0, 0, 0], [0, 0, 0, 0, 0, 0, 0, 0, 0, 0, 0, 1, 0, 0, 0, 0, 0, 0, 0, 0, 0, 0], [0, 0, 0, 0, 0, 0, 0, 0, 0, 0, 0, 0, 1, 0, 0, 0, 0, 0, 0, 0, 0, 0], [0, 0, 0, 0, 0, 0, 0, 0, 0, 0, 0, 0, 0, 1, 0, 0, 0, 0, 0, 0, 0, 0], [0, 0, 0, 0, 0, 0, 0, 0, 0, 0, 0, 0, 0, 0, 1, 0, 0, 0, 0, 0, 0, 0], [0, 0, 0, 0, 0, 0, 0, 0, 0, 0, 0, 0, 0, 0, 0, 1, 0, 0, 0, 0, 0, 0], [0, 0, 0, 0, 0, 0, 0, 0, 0, 0, 0, 0, 0, 0, 0, 0, 1, 0, 0, 0, 0, 0], [0, 0, 0, 0, 0, 0, 0, 0, 0, 0, 0, 0, 0, 0, 0, 0, 0, 1, 0, 0, 0, 0], [0, 0, 0, 0, 0, 0, 0, 0, 0, 0, 0, 0, 0, 0, 0, 0, 0, 0, 1, 0, 0, 0], [0, 0, 0, 0, 0, 0, 0, 0, 0, 0, 0, 0, 0, 0, 0, 0, 0, 0, 0, 1, 0, 0], [0, 0, 0, 0, 0, 0, 0, 0, 0, 0, 0, 0, 0, 0, 0, 0, 0, 0, 0, 0, 1, 0], [0, 0, 0, 0, 0, 0, 0, 0, 0, 0, 0, 0, 0, 0, 0, 0, 0, 0, 0, 0, 0, 1]]
[[1, 0, 1, -1, -1, 0, -1, 0, 0, 1, 1, -1, 2, -1, 1, 2, 1, -1, 0, -1, 2, -1], [0, 2, -2, 3, 2, 1, 2, 1, -1, -1, 0, 2, -3, 3, 0, -2, -1, 2, 0, 2, -3, 0], [0, 1, -1, 3, 2, 1, 2, 1, -1, -1, 0, 2, -3, 3, 0, -2, -1, 2, 0, 2, -3, 0], [0, -2, 3, -4, -3, -2, -3, -2, 2, 1, -1, -3, 4, -5, -1, 2, 1, -3, 0, -3, 4, 1], [0, 1, -2, 3, 3, 1, 2, 1, -1, -1, 0, 2, -3, 3, 0, -2, -1, 2, 0, 2, -3, 0], [0, 2, -3, 5, 3, 3, 3, 2, -2, -1, 1, 3, -4, 5, 1, -2, -1, 3, 0, 3, -4, -1], [0, 1, -2, 3, 2, 1, 3, 1, -1, -1, 0, 2, -3, 3, 0, -2, -1, 2, 0, 2, -3, 0], [0, 0, 1, -1, -1, 0, -1, 1, 0, 1, 1, -1, 2, -1, 1, 2, 1, -1, 0, -1, 2, -1], [0, 2, -4, 6, 4, 2, 4, 2, -1, -2, 0, 4, -6, 6, 0, -4, -2, 4, 0, 4, -6, 0], [0, 1, -2, 3, 2, 1, 2, 1, -1, 0, 0, 2, -3, 3, 0, -2, -1, 2, 0, 2, -3, 0], [0, 0, -1, 1, 1, 0, 1, 0, 0, -1, 0, 1, -2, 1, -1, -2, -1, 1, 0, 1, -2, 1], [0, 1, -2, 3, 2, 1, 2, 1, -1, -1, 0, 3, -3, 3, 0, -2, -1, 2, 0, 2, -3, 0], [0, -1, 2, -3, -2, -1, -2, -1, 1, 1, 0, -2, 4, -3, 0, 2, 1, -2, 0, -2, 3, 0], [0, 2, -5, 7, 5, 2, 5, 2, -2, -3, -1, 5, -8, 8, -1, -6, -3, 5, 0, 5, -8, 1], [0, -3, 6, -9, -6, -3, -6, -3, 3, 3, 0, -6, 9, -9, 1, 6, 3, -6, 0, -6, 9, 0], [0, 1, -3, 4, 3, 1, 3, 1, -1, -2, -1, 3, -5, 4, -1, -3, -2, 3, 0, 3, -5, 1], [0, 1, -2, 3, 2, 1, 2, 1, -1, -1, 0, 2, -3, 3, 0, -2, 0, 2, 0, 2, -3, 0], [0, 1, -1, 2, 1, 1, 1, 1, -1, 0, 1, 1, -1, 2, 1, 0, 0, 2, 0, 1, -1, -1], [0, 1, -1, 2, 1, 1, 1, 1, -1, 0, 1, 1, -1, 2, 1, 0, 0, 1, 1, 1, -1, -1], [0, -1, 2, -3, -2, -1, -2, -1, 1, 1, 0, -2, 3, -3, 0, 2, 1, -2, 0, -1, 3, 0], [0, 2, -4, 6, 4, 2, 4, 2, -2, -2, 0, 4, -6, 6, 0, -4, -2, 4, 0, 4, -5, 0], [0, 1, -2, 3, 2, 1, 2, 1, -1, -1, 0, 2, -3, 3, 0, -2, -1, 2, 0, 2, -3, 1]]
[[2, -1, 0, 1, 0, 0, 0, 0, 1, 0, 0, -1, 0, 1, 0, 0, 0, 0, 0, 0, 0, 0], [-2, 2, 0, -1, 0, 2, 0, 1, -3, 2, 2, 1, 1, 0, 2, 2, 1, 0, 0, 0, 0, -2], [-2, 1, 1, -1, 0, 2, 0, 1, -3, 2, 2, 1, 1, 0, 2, 2, 1, 0, 0, 0, 0, -2], [-1, 2, 0, -1, 0, 2, 0, 1, -4, 2, 2, 0, 3, -1, 2, 2, 3, 0, 0, 0, 2, -2], [1, -2, 0, 2, 1, -2, 0, -1, 4, -2, -2, 0, -3, 1, -2, -2, -3, 0, 0, 0, -2, 2], [-2, 0, 1, -1, 0, 1, 0, 1, -1, 1, 2, 1, 0, 0, 1, 1, 0, 0, 0, 0, -1, -1], [-2, 1, 0, -1, 0, 0, 1, 0, -1, 0, 0, 2, -1, -1, 0, 0, -1, 0, 0, 0, -1, 0], [2, -2, 0, 2, 0, 0, 0, 1, 2, 0, 0, -2, 0, 2, 0, 0, 0, 0, 0, 0, 0, 0], [-1, 0, 0, 0, 0, 0, 0, 0, 1, 0, 0, 1, -1, 0, 0, 0, -1, 0, 0, 0, -1, 0], [-1, 1, 0, -1, 0, 0, 0, 0, -1, 1, 0, 1, 0, -1, 0, 0, 0, 0, 0, 0, 0, 0], [-1, 2, -1, -1, 0, 2, 0, 0, -3, 1, 1, 1, 1, -1, 1, 1, 1, 0, 0, 0, 1, -1], [2, -2, 0, 2, 0, -2, 0, -1, 4, -2, -2, 0, -2, 1, -2, -2, -2, 0, 0, 0, -1, 2], [0, 0, 0, 0, 0, 0, 0, 0, 0, 0, 0, 0, 1, 0, 0, 0, 0, 0, 0, 0, 0, 0], [-1, 0, 0, 0, 0, -2, 0, -1, 2, -2, -2, 2, -3, 0, -2, -2, -3, 0, 0, 0, -2, 2], [0, 1, 0, -1, 0, 2, 0, 1, -3, 2, 2, -1, 3, 0, 3, 2, 3, 0, 0, 0, 2, -2], [1, -1, 0, 1, 0, -2, 0, -1, 3, -2, -2, 0, -2, 0, -2, -1, -2, 0, 0, 0, -1, 2], [0, -1, 0, 1, 0, -2, 0, -1, 3, -2, -2, 1, -3, 0, -2, -2, -2, 0, 0, 0, -2, 2], [1, -1, 0, 1, 0, 0, 0, 0, 1, 0, 0, -1, 0, 1, 0, 0, 0, 1, 0, 0, 0, 0], [1, -2, 1, 1, 0, -2, 0, 0, 3, -1, 0, -1, -1, 1, -1, -1, -1, 0, 1, 0, -1, 1], [0, 0, 0, 0, 0, 0, 0, 0, 0, 0, 0, 0, 0, 0, 0, 0, 0, 0, 0, 1, 0, 0], [-1, 0, 0, 0, 0, 0, 0, 0, 0, 0, 0, 1, -1, 0, 0, 0, -1, 0, 0, 0, 0, 0], [-3, 2, 0, -2, 0, 2, 0, 1, -4, 2, 2, 2, 1, -1, 2, 2, 1, 0, 0, 0, 0, -1]]
[[1, 0, 0, 0, 0, 0, 0, 0, 0, 0, 0, 0, 0, 0, 0, 0, 0, 0, 0, 0, 0, 0], [0, 1, 0, 0, 0, 0, 0, 0, 0, 0, 0, 0, 0, 0, 0, 0, 0, 0, 0, 0, 0, 0], [0, 0, 1, 0, 0, 0, 0, 0, 0, 0, 0, 0, 0, 0, 0, 0, 0, 0, 0, 0, 0, 0], [0, 0, 0, 1, 0, 0, 0, 0, 0, 0, 0, 0, 0, 0, 0, 0, 0, 0, 0, 0, 0, 0], [0, 0, 0, 0, 1, 0, 0, 0, 0, 0, 0, 0, 0, 0, 0, 0, 0, 0, 0, 0, 0, 0], [0, 0, 0, 0, 0, 1, 0, 0, 0, 0, 0, 0, 0, 0, 0, 0, 0, 0, 0, 0, 0, 0], [0, 0, 0, 0, 0, 0, 1, 0, 0, 0, 0, 0, 0, 0, 0, 0, 0, 0, 0, 0, 0, 0], [0, 0, 0, 0, 0, 0, 0, 1, 0, 0, 0, 0, 0, 0, 0, 0, 0, 0, 0, 0, 0, 0], [0, 0, 0, 0, 0, 0, 0, 0, 1, 0, 0, 0, 0, 0, 0, 0, 0, 0, 0, 0, 0, 0], [0, 0, 0, 0, 0, 0, 0, 0, 0, 1, 0, 0, 0, 0, 0, 0, 0, 0, 0, 0, 0, 0], [0, 0, 0, 0, 0, 0, 0, 0, 0, 0, 1, 0, 0, 0, 0, 0, 0, 0, 0, 0, 0, 0], [0, 0, 0, 0, 0, 0, 0, 0, 0, 0, 0, 1, 0, 0, 0, 0, 0, 0, 0, 0, 0, 0], [0, 0, 0, 0, 0, 0, 0, 0, 0, 0, 0, 0, 1, 0, 0, 0, 0, 0, 0, 0, 0, 0], [0, 0, 0, 0, 0, 0, 0, 0, 0, 0, 0, 0, 0, 1, 0, 0, 0, 0, 0, 0, 0, 0], [0, 0, 0, 0, 0, 0, 0, 0, 0, 0, 0, 0, 0, 0, 1, 0, 0, 0, 0, 0, 0, 0], [0, 0, 0, 0, 0, 0, 0, 0, 0, 0, 0, 0, 0, 0, 0, 1, 0, 0, 0, 0, 0, 0], [0, 0, 0, 0, 0, 0, 0, 0, 0, 0, 0, 0, 0, 0, 0, 0, 1, 0, 0, 0, 0, 0], [0, 0, 0, 0, 0, 0, 0, 0, 0, 0, 0, 0, 0, 0, 0, 0, 0, 1, 0, 0, 0, 0], [0, 0, 0, 0, 0, 0, 0, 0, 0, 0, 0, 0, 0, 0, 0, 0, 0, 0, 1, 0, 0, 0], [0, 0, 0, 0, 0, 0, 0, 0, 0, 0, 0, 0, 0, 0, 0, 0, 0, 0, 0, 1, 0, 0], [0, 0, 0, 0, 0, 0, 0, 0, 0, 0, 0, 0, 0, 0, 0, 0, 0, 0, 0, 0, 1, 0], [0, 0, 0, 0, 0, 0, 0, 0, 0, 0, 0, 0, 0, 0, 0, 0, 0, 0, 0, 0, 0, 1]]
[[1, 0, 0, 0, 0, 0, 0, 0, 0, 0, 0, 0, 0, 0, 0, 0, 0, 0, 0, 0, 0, 0], [0, 1, 0, 0, 0, 0, 0, 0, 0, 0, 0, 0, 0, 0, 0, 0, 0, 0, 0, 0, 0, 0], [0, 0, 1, 0, 0, 0, 0, 0, 0, 0, 0, 0, 0, 0, 0, 0, 0, 0, 0, 0, 0, 0], [0, 0, 0, 1, 0, 0, 0, 0, 0, 0, 0, 0, 0, 0, 0, 0, 0, 0, 0, 0, 0, 0], [0, 0, 0, 0, 1, 0, 0, 0, 0, 0, 0, 0, 0, 0, 0, 0, 0, 0, 0, 0, 0, 0], [0, 0, 0, 0, 0, 1, 0, 0, 0, 0, 0, 0, 0, 0, 0, 0, 0, 0, 0, 0, 0, 0], [0, 0, 0, 0, 0, 0, 1, 0, 0, 0, 0, 0, 0, 0, 0, 0, 0, 0, 0, 0, 0, 0], [0, 0, 0, 0, 0, 0, 0, 1, 0, 0, 0, 0, 0, 0, 0, 0, 0, 0, 0, 0, 0, 0], [0, 0, 0, 0, 0, 0, 0, 0, 1, 0, 0, 0, 0, 0, 0, 0, 0, 0, 0, 0, 0, 0], [0, 0, 0, 0, 0, 0, 0, 0, 0, 1, 0, 0, 0, 0, 0, 0, 0, 0, 0, 0, 0, 0], [0, 0, 0, 0, 0, 0, 0, 0, 0, 0, 1, 0, 0, 0, 0, 0, 0, 0, 0, 0, 0, 0], [0, 0, 0, 0, 0, 0, 0, 0, 0, 0, 0, 1, 0, 0, 0, 0, 0, 0, 0, 0, 0, 0], [0, 0, 0, 0, 0, 0, 0, 0, 0, 0, 0, 0, 1, 0, 0, 0, 0, 0, 0, 0, 0, 0], [0, 0, 0, 0, 0, 0, 0, 0, 0, 0, 0, 0, 0, 1, 0, 0, 0, 0, 0, 0, 0, 0], [0, 0, 0, 0, 0, 0, 0, 0, 0, 0, 0, 0, 0, 0, 1, 0, 0, 0, 0, 0, 0, 0], [0, 0, 0, 0, 0, 0, 0, 0, 0, 0, 0, 0, 0, 0, 0, 1, 0, 0, 0, 0, 0, 0], [0, 0, 0, 0, 0, 0, 0, 0, 0, 0, 0, 0, 0, 0, 0, 0, 1, 0, 0, 0, 0, 0], [0, 0, 0, 0, 0, 0, 0, 0, 0, 0, 0, 0, 0, 0, 0, 0, 0, 1, 0, 0, 0, 0], [0, 0, 0, 0, 0, 0, 0, 0, 0, 0, 0, 0, 0, 0, 0, 0, 0, 0, 1, 0, 0, 0], [0, 0, 0, 0, 0, 0, 0, 0, 0, 0, 0, 0, 0, 0, 0, 0, 0, 0, 0, 1, 0, 0], [0, 0, 0, 0, 0, 0, 0, 0, 0, 0, 0, 0, 0, 0, 0, 0, 0, 0, 0, 0, 1, 0], [0, 0, 0, 0, 0, 0, 0, 0, 0, 0, 0, 0, 0, 0, 0, 0, 0, 0, 0, 0, 0, 1]]
[[1, 0, 0, 0, 0, 0, 0, 0, 0, 0, 0, 0, 0, 0, 0, 0, 0, 0, 0, 0, 0, 0], [0, 1, 0, 0, 0, 0, 0, 0, 0, 0, 0, 0, 0, 0, 0, 0, 0, 0, 0, 0, 0, 0], [0, 0, 1, 0, 0, 0, 0, 0, 0, 0, 0, 0, 0, 0, 0, 0, 0, 0, 0, 0, 0, 0], [0, 0, 0, 1, 0, 0, 0, 0, 0, 0, 0, 0, 0, 0, 0, 0, 0, 0, 0, 0, 0, 0], [0, 0, 0, 0, 1, 0, 0, 0, 0, 0, 0, 0, 0, 0, 0, 0, 0, 0, 0, 0, 0, 0], [0, 0, 0, 0, 0, 1, 0, 0, 0, 0, 0, 0, 0, 0, 0, 0, 0, 0, 0, 0, 0, 0], [0, 0, 0, 0, 0, 0, 1, 0, 0, 0, 0, 0, 0, 0, 0, 0, 0, 0, 0, 0, 0, 0], [0, 0, 0, 0, 0, 0, 0, 1, 0, 0, 0, 0, 0, 0, 0, 0, 0, 0, 0, 0, 0, 0], [0, 0, 0, 0, 0, 0, 0, 0, 1, 0, 0, 0, 0, 0, 0, 0, 0, 0, 0, 0, 0, 0], [0, 0, 0, 0, 0, 0, 0, 0, 0, 1, 0, 0, 0, 0, 0, 0, 0, 0, 0, 0, 0, 0], [0, 0, 0, 0, 0, 0, 0, 0, 0, 0, 1, 0, 0, 0, 0, 0, 0, 0, 0, 0, 0, 0], [0, 0, 0, 0, 0, 0, 0, 0, 0, 0, 0, 1, 0, 0, 0, 0, 0, 0, 0, 0, 0, 0], [0, 0, 0, 0, 0, 0, 0, 0, 0, 0, 0, 0, 1, 0, 0, 0, 0, 0, 0, 0, 0, 0], [0, 0, 0, 0, 0, 0, 0, 0, 0, 0, 0, 0, 0, 1, 0, 0, 0, 0, 0, 0, 0, 0], [0, 0, 0, 0, 0, 0, 0, 0, 0, 0, 0, 0, 0, 0, 1, 0, 0, 0, 0, 0, 0, 0], [0, 0, 0, 0, 0, 0, 0, 0, 0, 0, 0, 0, 0, 0, 0, 1, 0, 0, 0, 0, 0, 0], [0, 0, 0, 0, 0, 0, 0, 0, 0, 0, 0, 0, 0, 0, 0, 0, 1, 0, 0, 0, 0, 0], [0, 0, 0, 0, 0, 0, 0, 0, 0, 0, 0, 0, 0, 0, 0, 0, 0, 1, 0, 0, 0, 0], [0, 0, 0, 0, 0, 0, 0, 0, 0, 0, 0, 0, 0, 0, 0, 0, 0, 0, 1, 0, 0, 0], [0, 0, 0, 0, 0, 0, 0, 0, 0, 0, 0, 0, 0, 0, 0, 0, 0, 0, 0, 1, 0, 0], [0, 0, 0, 0, 0, 0, 0, 0, 0, 0, 0, 0, 0, 0, 0, 0, 0, 0, 0, 0, 1, 0], [0, 0, 0, 0, 0, 0, 0, 0, 0, 0, 0, 0, 0, 0, 0, 0, 0, 0, 0, 0, 0, 1]]
[[1, 0, 0, 0, 0, 0, 0, 0, 0, 0, 0, 0, 0, 0, 0, 0, 0, 0, 0, 0, 0, 0], [0, 1, 0, 0, 0, 0, 0, 0, 0, 0, 0, 0, 0, 0, 0, 0, 0, 0, 0, 0, 0, 0], [0, 0, 1, 0, 0, 0, 0, 0, 0, 0, 0, 0, 0, 0, 0, 0, 0, 0, 0, 0, 0, 0], [-2, 2, -1, -1, -1, 3, -1, 0, -4, 2, 1, 0, 4, -3, 2, 4, 3, -1, 0, -2, 3, -3], [1, 0, 0, 1, 1, -1, 1, 0, 1, -1, 0, 0, -1, 1, -1, -1, -1, 1, 0, 1, -1, 1], [2, -2, 1, 2, 1, -2, 1, 0, 4, -2, -1, 0, -4, 3, -2, -4, -3, 1, 0, 2, -3, 3], [-1, 0, 0, -1, 0, 1, 0, 0, -1, 1, 0, 0, 1, -1, 1, 1, 1, -1, 0, -1, 1, -1], [2, -2, 1, 2, 1, -3, 1, 1, 4, -2, -1, 0, -4, 3, -2, -4, -3, 1, 0, 2, -3, 3], [1, 0, 0, 1, 0, -1, 1, 0, 2, -1, 0, 0, -1, 1, -1, -1, -1, 1, 0, 1, -1, 1], [0, 0, 0, 0, 0, 0, 0, 0, 0, 1, 0, 0, 0, 0, 0, 0, 0, 0, 0, 0, 0, 0], [-1, 0, 0, -1, 0, 1, -1, 0, -1, 1, 1, 0, 1, -1, 1, 1, 1, -1, 0, -1, 1, -1], [2, -2, 1, 2, 1, -3, 1, 0, 4, -2, -1, 1, -4, 3, -2, -4, -3, 1, 0, 2, -3, 3], [-1, 2, -1, -1, -1, 2, 0, 0, -3, 1, 1, 0, 4, -2, 1, 3, 2, 0, 0, -1, 2, -2], [1, -2, 1, 1, 1, -2, 0, 0, 3, -1, -1, 0, -3, 3, -1, -3, -2, 0, 0, 1, -2, 2], [-2, 4, -2, -2, -2, 4, 0, 0, -6, 2, 2, 0, 6, -4, 3, 6, 4, 0, 0, -2, 4, -4], [1, -2, 1, 1, 1, -2, 0, 0, 3, -1, -1, 0, -3, 2, -1, -2, -2, 0, 0, 1, -2, 2], [0, 0, 0, 0, 0, 0, 0, 0, 0, 0, 0, 0, 0, 0, 0, 0, 1, 0, 0, 0, 0, 0], [2, -2, 1, 2, 1, -3, 1, 0, 4, -2, -1, 0, -4, 3, -2, -4, -3, 2, 0, 2, -3, 3], [2, -2, 1, 2, 1, -3, 1, 0, 4, -2, -1, 0, -4, 3, -2, -4, -3, 1, 1, 2, -3, 3], [-1, 2, -1, -1, -1, 2, 0, 0, -3, 1, 1, 0, 3, -2, 1, 3, 2, 0, 0, 0, 2, -2], [1, -2, 1, 1, 1, -2, 0, 0, 3, -1, -1, 0, -3, 2, -1, -3, -2, 0, 0, 1, -1, 2], [-1, 0, 0, -1, 0, 1, -1, 0, -1, 1, 0, 0, 1, -1, 1, 1, 1, -1, 0, -1, 1, 0]]
[[1, 0, 0, 0, 0, 0, 0, 0, 0, 0, 0, 0, 0, 0, 0, 0, 0, 0, 0, 0, 0, 0], [0, 1, 0, 0, 0, 0, 0, 0, 0, 0, 0, 0, 0, 0, 0, 0, 0, 0, 0, 0, 0, 0], [0, 0, 1, 0, 0, 0, 0, 0, 0, 0, 0, 0, 0, 0, 0, 0, 0, 0, 0, 0, 0, 0], [0, 0, 0, 1, 0, 0, 0, 0, 0, 0, 0, 0, 0, 0, 0, 0, 0, 0, 0, 0, 0, 0], [0, 0, 0, 0, 1, 0, 0, 0, 0, 0, 0, 0, 0, 0, 0, 0, 0, 0, 0, 0, 0, 0], [0, 0, 0, 0, 0, 1, 0, 0, 0, 0, 0, 0, 0, 0, 0, 0, 0, 0, 0, 0, 0, 0], [0, 0, 0, 0, 0, 0, 1, 0, 0, 0, 0, 0, 0, 0, 0, 0, 0, 0, 0, 0, 0, 0], [0, 0, 0, 0, 0, 0, 0, 1, 0, 0, 0, 0, 0, 0, 0, 0, 0, 0, 0, 0, 0, 0], [0, 0, 0, 0, 0, 0, 0, 0, 1, 0, 0, 0, 0, 0, 0, 0, 0, 0, 0, 0, 0, 0], [0, 0, 0, 0, 0, 0, 0, 0, 0, 1, 0, 0, 0, 0, 0, 0, 0, 0, 0, 0, 0, 0], [0, 0, 0, 0, 0, 0, 0, 0, 0, 0, 1, 0, 0, 0, 0, 0, 0, 0, 0, 0, 0, 0], [0, 0, 0, 0, 0, 0, 0, 0, 0, 0, 0, 1, 0, 0, 0, 0, 0, 0, 0, 0, 0, 0], [0, 0, 0, 0, 0, 0, 0, 0, 0, 0, 0, 0, 1, 0, 0, 0, 0, 0, 0, 0, 0, 0], [0, 0, 0, 0, 0, 0, 0, 0, 0, 0, 0, 0, 0, 1, 0, 0, 0, 0, 0, 0, 0, 0], [0, 0, 0, 0, 0, 0, 0, 0, 0, 0, 0, 0, 0, 0, 1, 0, 0, 0, 0, 0, 0, 0], [0, 0, 0, 0, 0, 0, 0, 0, 0, 0, 0, 0, 0, 0, 0, 1, 0, 0, 0, 0, 0, 0], [0, 0, 0, 0, 0, 0, 0, 0, 0, 0, 0, 0, 0, 0, 0, 0, 1, 0, 0, 0, 0, 0], [0, 0, 0, 0, 0, 0, 0, 0, 0, 0, 0, 0, 0, 0, 0, 0, 0, 1, 0, 0, 0, 0], [0, 0, 0, 0, 0, 0, 0, 0, 0, 0, 0, 0, 0, 0, 0, 0, 0, 0, 1, 0, 0, 0], [0, 0, 0, 0, 0, 0, 0, 0, 0, 0, 0, 0, 0, 0, 0, 0, 0, 0, 0, 1, 0, 0], [0, 0, 0, 0, 0, 0, 0, 0, 0, 0, 0, 0, 0, 0, 0, 0, 0, 0, 0, 0, 1, 0], [0, 0, 0, 0, 0, 0, 0, 0, 0, 0, 0, 0, 0, 0, 0, 0, 0, 0, 0, 0, 0, 1]]
[[1, 0, 0, 0, 0, 0, -1, 0, 0, 0, 0, -1, 1, 0, 0, 1, 0, 0, 0, 0, 1, 0], [0, -1, 0, 0, 1, -1, 1, 0, 1, -1, -1, 1, -3, 1, -1, -3, -2, 0, 0, 1, -2, 2], [0, -2, 1, 0, 1, -1, 1, 0, 1, -1, -1, 1, -3, 1, -1, -3, -2, 0, 0, 1, -2, 2], [-1, -1, 1, -1, -1, -1, -1, -1, 1, -1, -1, -1, 0, -1, -1, 0, 0, 0, 0, -1, -1, 1], [0, 0, 0, 0, 1, 0, 1, 0, 0, 0, 0, 1, -1, 0, 0, -1, 0, 0, 0, 0, -1, 0], [1, -1, -1, 2, 2, 1, 2, 1, 0, 0, 0, 2, -3, 2, 0, -3, -2, 0, 0, 2, -1, 1], [0, 0, 0, 0, 0, 0, 1, 0, 0, 0, 0, 0, 0, 0, 0, 0, 0, 0, 0, 0, 0, 0], [0, 0, 0, 0, 0, 0, 0, 1, 0, 0, 0, 0, 0, 0, 0, 0, 0, 0, 0, 0, 0, 0], [1, -1, -1, 2, 2, 0, 2, 1, 1, 0, 0, 2, -3, 2, 0, -3, -2, 0, 0, 2, -1, 1], [0, 0, 0, 0, 0, 0, 0, 0, 0, 0, 0, 0, -1, 1, 1, 0, 0, 0, 0, 0, 0, 0], [0, 0, 0, 0, 0, 0, 0, 0, 0, 0, 1, 0, 0, 0, 0, 0, 0, 0, 0, 0, 0, 0], [0, 0, 0, 0, 0, 0, 0, 0, 0, 0, 0, 1, 0, 0, 0, 0, 0, 0, 0, 0, 0, 0], [0, 0, 0, 0, 0, 0, 0, 0, 0, 0, 0, 0, 1, 0, 0, 0, 0, 0, 0, 0, 0, 0], [0, 0, 0, 0, 0, 0, 1, 0, 0, 0, 0, 1, -1, 1, 0, -1, 0, 0, 0, 0, -1, 0], [0, 0, 0, 0, 0, 0, -1, 0, 0, 1, 0, -1, 2, -1, 0, 1, 0, 0, 0, 0, 1, 0], [0, 0, 0, 0, 0, 0, 1, 0, 0, 0, 0, 1, -1, 0, 0, 0, 0, 0, 0, 0, -1, 0], [0, 0, 0, 0, 0, 0, 0, 0, 0, 0, 0, 0, 0, 0, 0, 0, 1, 0, 0, 0, 0, 0], [1, 1, -1, 2, 1, 1, 1, 1, -1, 1, 1, 1, 0, 1, 1, 0, 0, 1, 0, 1, 1, -1], [0, 0, 0, 0, 0, 0, 0, 0, 0, 0, 0, 0, 0, 0, 0, 0, 0, 0, 1, 0, 0, 0], [0, 0, 0, 0, 0, 0, 0, 0, 0, 0, 0, 0, 0, 0, 0, 0, 0, 0, 0, 1, 0, 0], [0, 0, 0, 0, 0, 0, 1, 0, 0, 0, 0, 1, -1, 0, 0, -1, 0, 0, 0, 0, 0, 0], [0, 0, 0, 0, 0, 0, 1, 0, 0, 0, 0, 1, -1, 0, 0, -1, 0, 0, 0, 0, -1, 1]]
[[1, 0, 0, 0, 0, 0, 0, 0, 0, 0, 0, 0, 0, 0, 0, 0, 0, 0, 0, 0, 0, 0], [0, 1, 0, 0, 0, 0, 0, 0, 0, 0, 0, 0, 0, 0, 0, 0, 0, 0, 0, 0, 0, 0], [0, 0, 1, 0, 0, 0, 0, 0, 0, 0, 0, 0, 0, 0, 0, 0, 0, 0, 0, 0, 0, 0], [0, 0, 0, 1, 0, 0, 0, 0, 0, 0, 0, 0, 0, 0, 0, 0, 0, 0, 0, 0, 0, 0], [0, 0, 0, 0, 1, 0, 0, 0, 0, 0, 0, 0, 0, 0, 0, 0, 0, 0, 0, 0, 0, 0], [0, 0, 0, 0, 0, 1, 0, 0, 0, 0, 0, 0, 0, 0, 0, 0, 0, 0, 0, 0, 0, 0], [0, 0, 0, 0, 0, 0, 1, 0, 0, 0, 0, 0, 0, 0, 0, 0, 0, 0, 0, 0, 0, 0], [0, 0, 0, 0, 0, 0, 0, 1, 0, 0, 0, 0, 0, 0, 0, 0, 0, 0, 0, 0, 0, 0], [0, 0, 0, 0, 0, 0, 0, 0, 1, 0, 0, 0, 0, 0, 0, 0, 0, 0, 0, 0, 0, 0], [0, 0, 0, 0, 0, 0, 0, 0, 0, 1, 0, 0, 0, 0, 0, 0, 0, 0, 0, 0, 0, 0], [0, 0, 0, 0, 0, 0, 0, 0, 0, 0, 1, 0, 0, 0, 0, 0, 0, 0, 0, 0, 0, 0], [0, 0, 0, 0, 0, 0, 0, 0, 0, 0, 0, 1, 0, 0, 0, 0, 0, 0, 0, 0, 0, 0], [0, 0, 0, 0, 0, 0, 0, 0, 0, 0, 0, 0, 1, 0, 0, 0, 0, 0, 0, 0, 0, 0], [0, 0, 0, 0, 0, 0, 0, 0, 0, 0, 0, 0, 0, 1, 0, 0, 0, 0, 0, 0, 0, 0], [0, 0, 0, 0, 0, 0, 0, 0, 0, 0, 0, 0, 0, 0, 1, 0, 0, 0, 0, 0, 0, 0], [0, 0, 0, 0, 0, 0, 0, 0, 0, 0, 0, 0, 0, 0, 0, 1, 0, 0, 0, 0, 0, 0], [0, 0, 0, 0, 0, 0, 0, 0, 0, 0, 0, 0, 0, 0, 0, 0, 1, 0, 0, 0, 0, 0], [0, 0, 0, 0, 0, 0, 0, 0, 0, 0, 0, 0, 0, 0, 0, 0, 0, 1, 0, 0, 0, 0], [0, 0, 0, 0, 0, 0, 0, 0, 0, 0, 0, 0, 0, 0, 0, 0, 0, 0, 1, 0, 0, 0], [0, 0, 0, 0, 0, 0, 0, 0, 0, 0, 0, 0, 0, 0, 0, 0, 0, 0, 0, 1, 0, 0], [0, 0, 0, 0, 0, 0, 0, 0, 0, 0, 0, 0, 0, 0, 0, 0, 0, 0, 0, 0, 1, 0], [0, 0, 0, 0, 0, 0, 0, 0, 0, 0, 0, 0, 0, 0, 0, 0, 0, 0, 0, 0, 0, 1]]
[[1, 0, 0, 0, 0, 0, 0, -1, 0, -1, -1, 0, -1, 0, -1, -1, -1, 0, -1, 0, 0, 0], [0, 1, 0, 0, 0, 0, 0, 0, 0, 0, 0, 0, 0, 0, 0, 0, 0, 0, 0, 0, 0, 0], [0, 0, 0, 1, 0, 0, 0, 1, 1, 1, 0, 0, 0, 0, 1, 1, 1, 0, 1, 0, 0, 0], [-1, 1, 0, 0, -1, 0, 0, 2, -1, 2, 2, 0, 3, -1, 2, 3, 3, 0, 2, 0, 1, -1], [0, 0, -1, 1, 0, 0, 0, -1, 1, -1, -2, 0, -1, 0, -1, 0, -1, 0, 0, 0, 0, 0], [0, 0, 0, 0, 1, 1, 0, 0, 0, 0, 0, 0, -1, 0, 0, -1, 0, 0, -1, 0, 0, 0], [0, 0, -1, 1, 0, 0, 1, 1, 1, 1, 0, 0, 0, 0, 1, 1, 1, 0, 1, 0, 0, 0], [1, -1, 0, 1, 1, 0, 0, 0, 1, -1, -1, 0, -2, 1, -1, -2, -2, 0, -1, 0, -1, 1], [0, 0, 0, 0, 0, 0, 0, -1, 1, -1, -1, 0, -1, 0, -1, -1, -1, 0, -1, 0, 0, 0], [0, 0, 1, -1, 0, 0, 0, 0, -1, 1, 1, 0, 1, 0, 0, 0, 0, 0, 0, 0, 0, 0], [0, 0, 0, 0, 0, 0, 0, 0, 0, 0, 1, 0, 0, 0, 0, 0, 0, 0, 0, 0, 0, 0], [1, -1, 0, 1, 1, 0, 0, -1, 1, -1, -1, 1, -2, 1, -1, -2, -2, 0, -1, 0, -1, 1], [-1, 1, -1, 0, -1, 0, 0, 0, 0, 0, -1, 0, 1, -1, 0, 1, 1, 0, 0, 0, 1, -1], [1, -1, 0, 1, 1, 0, 0, 0, 1, 0, 0, 0, -1, 2, 0, -1, -1, 0, 0, 0, -1, 1], [-2, 2, 0, -2, -2, 0, 0, 0, -2, 0, 0, 0, 2, -2, 1, 2, 2, 0, 0, 0, 2, -2], [1, -1, 0, 1, 1, 0, 0, 0, 1, 0, 0, 0, -1, 1, 0, 0, -1, 0, 0, 0, -1, 1], [1, -1, 0, 1, 0, 0, 0, 0, 1, 0, 0, 0, 0, 1, 0, 0, 0, 0, 1, 0, -1, 1], [0, 0, 0, 0, 0, 0, 0, -1, 0, -1, -1, 0, -1, 0, -1, -1, -1, 1, -1, 0, 0, 0], [0, 0, 0, 0, 1, 0, 0, -1, 0, -1, -1, 0, -2, 0, -1, -2, -1, 0, -1, 0, 0, 0], [0, 0, 0, 0, 0, 0, 0, 0, 0, 0, 0, 0, 0, 0, 0, 0, 0, 0, 0, 1, 0, 0], [1, -1, 0, 1, 1, 0, 0, 0, 1, 0, 0, 0, -1, 1, 0, -1, -1, 0, 0, 0, 0, 1], [0, 0, 0, 0, 0, 0, 0, 1, 0, 1, 1, 0, 1, 0, 1, 1, 1, 0, 1, 0, 0, 1]]
[[1, 0, 0, 0, 0, 0, 0, 0, 0, 0, 0, 0, 0, 0, 0, 0, 0, 0, 0, 0, 0, 0], [0, 1, 0, 0, 0, 0, 0, 0, 0, 0, 0, 0, 0, 0, 0, 0, 0, 0, 0, 0, 0, 0], [0, 0, 1, 0, 0, 0, 0, 0, 0, 0, 0, 0, 0, 0, 0, 0, 0, 0, 0, 0, 0, 0], [0, 0, 0, 1, 0, 0, 0, 0, 0, 0, 0, 0, 0, 0, 0, 0, 0, 0, 0, 0, 0, 0], [0, 0, 0, 0, 1, 0, 0, 0, 0, 0, 0, 0, 0, 0, 0, 0, 0, 0, 0, 0, 0, 0], [0, 0, 0, 0, 0, 1, 0, 0, 0, 0, 0, 0, 0, 0, 0, 0, 0, 0, 0, 0, 0, 0], [0, 0, 0, 0, 0, 0, 1, 0, 0, 0, 0, 0, 0, 0, 0, 0, 0, 0, 0, 0, 0, 0], [0, 0, 0, 0, 0, 0, 0, 1, 0, 0, 0, 0, 0, 0, 0, 0, 0, 0, 0, 0, 0, 0], [0, 0, 0, 0, 0, 0, 0, 0, 1, 0, 0, 0, 0, 0, 0, 0, 0, 0, 0, 0, 0, 0], [0, 0, 0, 0, 0, 0, 0, 0, 0, 1, 0, 0, 0, 0, 0, 0, 0, 0, 0, 0, 0, 0], [0, 0, 0, 0, 0, 0, 0, 0, 0, 0, 1, 0, 0, 0, 0, 0, 0, 0, 0, 0, 0, 0], [0, 0, 0, 0, 0, 0, 0, 0, 0, 0, 0, 1, 0, 0, 0, 0, 0, 0, 0, 0, 0, 0], [0, 0, 0, 0, 0, 0, 0, 0, 0, 0, 0, 0, 1, 0, 0, 0, 0, 0, 0, 0, 0, 0], [0, 0, 0, 0, 0, 0, 0, 0, 0, 0, 0, 0, 0, 1, 0, 0, 0, 0, 0, 0, 0, 0], [0, 0, 0, 0, 0, 0, 0, 0, 0, 0, 0, 0, 0, 0, 1, 0, 0, 0, 0, 0, 0, 0], [0, 0, 0, 0, 0, 0, 0, 0, 0, 0, 0, 0, 0, 0, 0, 1, 0, 0, 0, 0, 0, 0], [0, 0, 0, 0, 0, 0, 0, 0, 0, 0, 0, 0, 0, 0, 0, 0, 1, 0, 0, 0, 0, 0], [0, 0, 0, 0, 0, 0, 0, 0, 0, 0, 0, 0, 0, 0, 0, 0, 0, 1, 0, 0, 0, 0], [0, 0, 0, 0, 0, 0, 0, 0, 0, 0, 0, 0, 0, 0, 0, 0, 0, 0, 1, 0, 0, 0], [0, 0, 0, 0, 0, 0, 0, 0, 0, 0, 0, 0, 0, 0, 0, 0, 0, 0, 0, 1, 0, 0], [0, 0, 0, 0, 0, 0, 0, 0, 0, 0, 0, 0, 0, 0, 0, 0, 0, 0, 0, 0, 1, 0], [0, 0, 0, 0, 0, 0, 0, 0, 0, 0, 0, 0, 0, 0, 0, 0, 0, 0, 0, 0, 0, 1]]
[[0, 0, 0, 0, -1, 0, -1, -1, 0, 0, 0, 0, 3, -3, -1, 2, 2, 1, 0, -1, 1, 0], [-1, -1, 2, -2, 0, -2, 0, 0, 1, -1, -1, 0, -3, 2, -1, -3, -3, -1, 0, 1, -2, 1], [0, -1, 2, -1, 1, -2, 1, 1, 1, -1, -1, 0, -5, 4, 0, -4, -4, -1, 0, 2, -2, 1], [1, 1, -1, 2, 1, 1, 1, 1, -1, 1, 1, 0, 0, 1, 1, 0, 0, 0, 0, 1, 1, -1], [-1, -2, 2, -2, 0, -2, -1, -1, 2, -2, -2, 0, -3, 1, -1, -2, -2, -1, 0, -1, -3, 2], [-1, -2, 2, -2, 1, -3, 1, 1, 2, -2, -2, 0, -7, 5, -1, -6, -6, -1, 0, 3, -3, 2], [0, 0, 0, 0, 0, -1, 1, 0, 1, -1, -1, 0, -2, 1, 0, -1, -1, 0, 0, 0, -1, 1], [0, 0, 0, 0, 0, 1, 0, 1, -1, 1, 1, 0, 2, -1, 0, 1, 1, 0, 0, 0, 1, -1], [-1, -2, 2, -2, 0, -3, 0, 0, 3, -2, -2, 0, -5, 3, -1, -4, -4, -1, 0, 1, -3, 2], [0, 0, 0, 0, 0, 0, 0, 0, 0, 1, 0, 0, 0, 0, 0, 0, 0, 0, 0, 0, 0, 0], [0, 0, 0, 0, 0, 0, 0, 0, 0, 0, 1, 0, 0, 0, 0, 0, 0, 0, 0, 0, 0, 0], [0, 0, 0, 0, 0, 0, 0, 0, 0, 0, 0, 1, 0, 0, 0, 0, 0, 0, 0, 0, 0, 0], [0, 0, 0, 0, 0, -1, 0, 0, 1, -1, -1, 0, -1, 1, 0, -1, -1, 0, 0, 0, -1, 1], [0, 0, 0, 0, 0, 0, 0, 0, 0, 0, 0, 0, 0, 1, 0, 0, 0, 0, 0, 0, 0, 0], [0, 0, 0, 0, 0, 0, 0, 0, 0, 0, 0, 0, 0, 0, 1, 0, 0, 0, 0, 0, 0, 0], [0, 0, 0, 0, 0, 0, 0, 0, 0, 0, 0, 0, 0, 0, 0, 1, 0, 0, 0, 0, 0, 0], [0, 0, 0, 0, 0, 0, 0, 0, 0, 0, 0, 0, 0, 0, 0, 0, 1, 0, 0, 0, 0, 0], [0, -1, 1, -1, 0, 0, 0, 0, 0, 0, 0, 0, -1, 1, 0, -1, -1, 0, 0, 0, -1, 0], [-1, -1, 1, -1, -1, -1, -1, -1, 1, -1, -1, 0, 0, -1, -1, 0, 0, 0, 1, -1, -1, 1], [0, 0, 0, 0, 0, -1, 0, 0, 1, -1, -1, 0, -2, 1, 0, -1, -1, 0, 0, 1, -1, 1], [0, -1, 1, -1, 0, 0, 0, 0, 0, 0, 0, 0, -1, 1, 0, -1, -1, -1, 0, 0, 0, 0], [0, -1, 1, -1, 1, -1, 1, 1, 0, 0, 0, 0, -3, 3, 0, -3, -3, -1, 0, 2, -1, 1]]
[[1, 0, 0, 0, 0, 0, 0, 0, 0, 0, 0, 0, 0, 1, 1, 0, 0, 0, 0, 0, 0, 0], [0, 1, 0, 0, 0, 0, 0, 0, 0, 0, 0, 0, 0, 0, 0, 0, 0, 0, 0, 0, 0, 0], [0, 0, 1, 0, 0, 0, 0, 0, 0, 0, 0, 0, 0, 0, 0, 0, 0, 0, 0, 0, 0, 0], [0, 0, 0, 0, 0, 0, 0, 0, -1, 0, 0, 0, 1, 0, 0, 0, 0, 0, 0, 0, 0, 1], [0, 0, 0, 1, 0, 0, 0, 0, 1, 0, 0, -1, 0, -1, -1, 1, 1, 1, 1, 0, 0, -1], [0, 0, 0, 0, 1, 1, 0, 0, 0, 0, 0, 1, -1, 0, 0, -1, -1, -1, -1, 0, 0, 0], [0, -1, 1, 1, 0, 0, 0, 1, 1, 1, 1, -1, 0, 0, 0, 1, 1, 0, 1, 0, 0, -1], [0, 1, -1, 0, 0, 0, 1, 0, 0, -1, -1, 1, -1, 1, 1, -1, -1, 0, -1, 0, 0, 0], [0, 0, 0, 0, 0, 0, 0, 0, 1, 0, 0, 0, 0, -1, -1, 0, 0, 0, 0, 0, 0, 0], [0, 0, 0, 0, 0, 0, 0, 0, 0, 1, 0, 0, 0, 0, 0, 0, 0, 0, 0, 0, 0, 0], [0, 0, 0, 0, 0, 0, 0, 0, 0, 0, 1, 0, 0, 0, 0, 0, 0, 0, 0, 0, 0, 0], [0, 0, 0, 1, -1, 0, 0, 0, 1, 0, 0, 0, 0, 0, 0, 1, 1, 1, 1, 0, 0, -1], [0, 0, 0, 0, 0, 0, 0, 0, 0, 0, 0, 0, 1, -1, -1, 0, 0, 0, 0, 0, 0, 0], [0, 0, 0, 2, -1, 0, 0, 0, 2, 0, 0, -1, -1, 0, -1, 1, 1, 1, 1, 0, 0, -2], [0, 0, 0, -2, 1, 0, 0, 0, -2, 0, 0, 1, 1, -1, 0, -1, -1, -1, -1, 0, 0, 2], [0, 0, 0, 1, -1, 0, 0, 0, 1, 0, 0, -1, 0, 0, 0, 2, 1, 1, 1, 0, 0, -1], [0, 0, 0, 1, -1, 0, 0, 0, 1, 0, 0, -1, 0, 0, 0, 1, 2, 1, 1, 0, 0, -1], [0, 0, 0, 0, 1, 0, 0, 0, 0, 0, 0, 1, -1, 0, 0, -1, -1, 0, -1, 0, 0, 0], [0, 0, 0, 0, 1, 0, 0, 0, 0, 0, 0, 1, -1, 0, 0, -1, -1, -1, 0, 0, 0, 0], [0, 0, 0, -1, 0, 0, 0, 0, -1, 0, 0, 0, 1, 0, 0, 0, 0, 0, 0, 1, 0, 1], [0, 0, 0, 1, 0, 0, 0, 0, 1, 0, 0, 0, -1, 0, 0, 0, 0, 0, 0, 0, 1, -1], [0, 0, 0, 1, 0, 0, 0, 0, 1, 0, 0, 0, -1, 0, 0, 0, 0, 0, 0, 0, 0, 0]]
[[1, 0, 0, 0, 0, 0, 0, 0, 0, 0, 0, 0, 0, 0, 0, 0, 0, 0, 0, 0, 0, 0], [0, 1, 0, 0, 0, 0, 0, 0, 0, 0, 0, 0, 0, 0, 0, 0, 0, 0, 0, 0, 0, 0], [0, 0, 1, 0, 0, 0, 0, 0, 0, 0, 0, 0, 0, 0, 0, 0, 0, 0, 0, 0, 0, 0], [0, 0, 0, 0, 1, 0, 0, 0, -1, 0, 0, 0, 0, 0, 0, -1, -1, -1, -1, 0, 1, 0], [0, 0, 0, 2, -1, 0, 0, 0, 2, 0, 0, 0, 0, 0, 0, 2, 2, 2, 2, 0, -2, 0], [0, 0, 0, -1, 1, 1, 0, 0, -1, 0, 0, 0, 0, 0, 0, -1, -1, -1, -1, 0, 1, 0], [0, 0, 0, 2, -1, 0, 1, 1, 1, 1, 1, 0, 1, 0, 0, 2, 2, 2, 2, 1, -1, 0], [0, 0, 0, -1, 0, 0, 0, 0, 0, -1, -1, 0, -1, 0, 0, -1, -1, -1, -1, -1, 0, 0], [0, 0, 0, 0, 0, 0, 0, 0, 1, 0, 0, 0, 0, 0, 0, 0, 0, 0, 0, 0, 0, 0], [0, 0, 0, 0, 0, 0, 0, 0, 0, 1, 0, 0, 0, 0, 0, 0, 0, 0, 0, 0, 0, 0], [0, 0, 0, 0, 0, 0, 0, 0, 0, 0, 1, 0, 0, 0, 0, 0, 0, 0, 0, 0, 0, 0], [0, 0, 0, 1, -1, 0, 0, 0, 1, 0, 0, 1, 0, 0, 0, 1, 1, 1, 1, 0, -1, 0], [0, 0, 0, 0, 0, 0, 0, 0, 0, 0, 0, 0, 1, 0, 0, 0, 0, 0, 0, 0, 0, 0], [0, 0, 0, 3, -2, 0, 0, 1, 2, 1, 1, 0, 1, 1, 0, 3, 3, 3, 3, 1, -2, 0], [0, 0, 0, -2, 2, 0, 0, 0, -2, 0, 0, 0, 0, 0, 1, -2, -2, -2, -2, 0, 2, 0], [0, 0, 0, 1, -1, 0, 0, 0, 1, 0, 0, 0, 0, 0, 0, 2, 1, 1, 1, 0, -1, 0], [0, 0, 0, 1, -1, 0, 0, 0, 1, 0, 0, 0, 0, 0, 0, 1, 2, 1, 1, 0, -1, 0], [0, 0, 0, 0, 0, 0, 0, 0, 0, 0, 0, 0, 0, 0, 0, 0, 0, 1, 0, 0, 0, 0], [0, 0, 0, 0, 0, 0, 0, 0, 0, 0, 0, 0, 0, 0, 0, 0, 0, 0, 1, 0, 0, 0], [0, 0, 0, -2, 1, 0, 0, -1, -1, -1, -1, 0, -1, 0, 0, -2, -2, -2, -2, 0, 1, 0], [0, 0, 0, 1, -1, 0, 0, 0, 1, 0, 0, 0, 0, 0, 0, 1, 1, 1, 1, 0, 0, 0], [0, 0, 0, 0, 0, 0, 0, 0, 0, 0, 0, 0, 0, 0, 0, 0, 0, 0, 0, 0, 0, 1]]
[[1, 0, 0, 0, 0, 0, 0, 0, 0, 0, 0, 0, 0, 0, 0, 0, 0, 0, 0, 0, 0, 0], [0, 1, 0, 0, 0, 0, 0, 0, 0, 0, 0, 0, 0, 0, 0, 0, 0, 0, 0, 0, 0, 0], [0, 0, 1, 0, 0, 0, 0, 0, 0, 0, 0, 0, 0, 0, 0, 0, 0, 0, 0, 0, 0, 0], [0, 0, 0, 1, 0, 0, 0, 0, 0, 0, 0, 0, 0, 0, 0, 0, 0, 0, 0, 0, 0, 0], [0, 0, 0, 0, 1, 0, 0, 0, 0, 0, 0, 0, 0, 0, 0, 0, 0, 0, 0, 0, 0, 0], [0, 0, 0, 0, 0, 1, 0, 0, 0, 0, 0, 0, 0, 0, 0, 0, 0, 0, 0, 0, 0, 0], [0, 0, 0, 0, 0, 0, 1, 0, 0, 0, 0, 0, 0, 0, 0, 0, 0, 0, 0, 0, 0, 0], [0, 0, 0, 0, 0, 0, 0, 1, 0, 0, 0, 0, 0, 0, 0, 0, 0, 0, 0, 0, 0, 0], [0, 0, 0, 0, 0, 0, 0, 0, 1, 0, 0, 0, 0, 0, 0, 0, 0, 0, 0, 0, 0, 0], [0, 0, 0, 0, 0, 0, 0, 0, 0, 1, 0, 0, 0, 0, 0, 0, 0, 0, 0, 0, 0, 0], [0, 0, 0, 0, 0, 0, 0, 0, 0, 0, 1, 0, 0, 0, 0, 0, 0, 0, 0, 0, 0, 0], [0, 0, 0, 0, 0, 0, 0, 0, 0, 0, 0, 1, 0, 0, 0, 0, 0, 0, 0, 0, 0, 0], [0, 0, 0, 0, 0, 0, 0, 0, 0, 0, 0, 0, 1, 0, 0, 0, 0, 0, 0, 0, 0, 0], [0, 0, 0, 0, 0, 0, 0, 0, 0, 0, 0, 0, 0, 1, 0, 0, 0, 0, 0, 0, 0, 0], [0, 0, 0, 0, 0, 0, 0, 0, 0, 0, 0, 0, 0, 0, 1, 0, 0, 0, 0, 0, 0, 0], [0, 0, 0, 0, 0, 0, 0, 0, 0, 0, 0, 0, 0, 0, 0, 1, 0, 0, 0, 0, 0, 0], [0, 0, 0, 0, 0, 0, 0, 0, 0, 0, 0, 0, 0, 0, 0, 0, 1, 0, 0, 0, 0, 0], [0, 0, 0, 0, 0, 0, 0, 0, 0, 0, 0, 0, 0, 0, 0, 0, 0, 1, 0, 0, 0, 0], [0, 0, 0, 0, 0, 0, 0, 0, 0, 0, 0, 0, 0, 0, 0, 0, 0, 0, 1, 0, 0, 0], [0, 0, 0, 0, 0, 0, 0, 0, 0, 0, 0, 0, 0, 0, 0, 0, 0, 0, 0, 1, 0, 0], [0, 0, 0, 0, 0, 0, 0, 0, 0, 0, 0, 0, 0, 0, 0, 0, 0, 0, 0, 0, 1, 0], [0, 0, 0, 0, 0, 0, 0, 0, 0, 0, 0, 0, 0, 0, 0, 0, 0, 0, 0, 0, 0, 1]]
[[1, 0, 0, 0, 0, 0, 0, 0, 0, 0, 0, 0, 0, 0, 0, 0, 0, 0, 0, 0, 0, 0], [0, 1, 0, 0, 0, 0, 0, 0, 0, 0, 0, 0, 0, 0, 0, 0, 0, 0, 0, 0, 0, 0], [0, 0, 1, 0, 0, 0, 0, 0, 0, 0, 0, 0, 0, 0, 0, 0, 0, 0, 0, 0, 0, 0], [0, 0, 0, 1, 0, 0, 0, 0, 0, 0, 0, 0, 0, 0, 0, 0, 0, 0, 0, 0, 0, 0], [0, 0, 0, 0, 1, 0, 0, 0, 0, 0, 0, 0, 0, 0, 0, 0, 0, 0, 0, 0, 0, 0], [0, 0, 0, 0, 0, 1, 0, 0, 0, 0, 0, 0, 0, 0, 0, 0, 0, 0, 0, 0, 0, 0], [0, 0, 0, 0, 0, 0, 1, 0, 0, 0, 0, 0, 0, 0, 0, 0, 0, 0, 0, 0, 0, 0], [0, 0, 0, 0, 0, 0, 0, 1, 0, 0, 0, 0, 0, 0, 0, 0, 0, 0, 0, 0, 0, 0], [0, 0, 0, 0, 0, 0, 0, 0, 1, 0, 0, 0, 0, 0, 0, 0, 0, 0, 0, 0, 0, 0], [0, 0, 0, 0, 0, 0, 0, 0, 0, 1, 0, 0, 0, 0, 0, 0, 0, 0, 0, 0, 0, 0], [0, 0, 0, 0, 0, 0, 0, 0, 0, 0, 1, 0, 0, 0, 0, 0, 0, 0, 0, 0, 0, 0], [0, 0, 0, 0, 0, 0, 0, 0, 0, 0, 0, 1, 0, 0, 0, 0, 0, 0, 0, 0, 0, 0], [0, 0, 0, 0, 0, 0, 0, 0, 0, 0, 0, 0, 1, 0, 0, 0, 0, 0, 0, 0, 0, 0], [0, 0, 0, 0, 0, 0, 0, 0, 0, 0, 0, 0, 0, 1, 0, 0, 0, 0, 0, 0, 0, 0], [0, 0, 0, 0, 0, 0, 0, 0, 0, 0, 0, 0, 0, 0, 1, 0, 0, 0, 0, 0, 0, 0], [0, 0, 0, 0, 0, 0, 0, 0, 0, 0, 0, 0, 0, 0, 0, 1, 0, 0, 0, 0, 0, 0], [0, 0, 0, 0, 0, 0, 0, 0, 0, 0, 0, 0, 0, 0, 0, 0, 1, 0, 0, 0, 0, 0], [0, 0, 0, 0, 0, 0, 0, 0, 0, 0, 0, 0, 0, 0, 0, 0, 0, 1, 0, 0, 0, 0], [0, 0, 0, 0, 0, 0, 0, 0, 0, 0, 0, 0, 0, 0, 0, 0, 0, 0, 1, 0, 0, 0], [0, 0, 0, 0, 0, 0, 0, 0, 0, 0, 0, 0, 0, 0, 0, 0, 0, 0, 0, 1, 0, 0], [0, 0, 0, 0, 0, 0, 0, 0, 0, 0, 0, 0, 0, 0, 0, 0, 0, 0, 0, 0, 1, 0], [0, 0, 0, 0, 0, 0, 0, 0, 0, 0, 0, 0, 0, 0, 0, 0, 0, 0, 0, 0, 0, 1]]
[[1, 0, 0, 0, 0, 0, 0, 0, 0, 0, 0, 0, 0, 0, 0, 0, 0, 0, 0, 0, 0, 0], [0, 1, 0, 0, 0, 0, 0, 0, 0, 0, 0, 0, 0, 0, 0, 0, 0, 0, 0, 0, 0, 0], [0, 1, 0, 1, 1, 1, 0, 1, -1, 1, 2, 0, 1, 0, 1, 1, 1, 0, 0, 0, 1, -1], [-1, 0, 0, -1, 1, 1, -1, -1, -2, 0, 0, 0, 1, -2, 0, 0, 0, -2, -1, -2, 2, -1], [1, 0, 0, 2, 0, -1, 1, 1, 2, 0, 0, 0, -1, 2, 0, 0, 0, 2, 1, 2, -2, 1], [0, 1, -1, 1, 1, 2, 0, 1, -1, 1, 2, 0, 1, 0, 1, 1, 1, 0, 0, 0, 1, -1], [0, 0, 0, 1, 0, -1, 1, 1, 1, 0, 1, 0, 0, 1, 0, 0, 0, 1, 1, 1, -1, 1], [0, 1, -1, 0, 1, 2, 0, 1, -2, 1, 1, 0, 1, -1, 1, 1, 1, -1, -1, -1, 2, -2], [0, 0, 0, 0, 0, 0, 0, 0, 1, 0, 0, 0, 0, 0, 0, 0, 0, 0, 0, 0, 0, 0], [0, -1, 1, 0, -1, -2, 0, 0, 2, 0, -1, 0, -1, 1, -1, -1, -1, 1, 1, 1, -2, 2], [0, -1, 1, -1, -1, -1, 0, -1, 1, -1, -1, 0, -1, 0, -1, -1, -1, 0, 0, 0, -1, 1], [1, 0, 0, 2, -1, -1, 1, 1, 2, 0, 0, 1, -1, 2, 0, 0, 0, 2, 1, 2, -2, 1], [0, 1, -1, 0, 1, 2, 0, 0, -2, 1, 1, 0, 2, -1, 1, 1, 1, -1, -1, -1, 2, -2], [1, -1, 1, 2, -2, -3, 1, 1, 4, -1, -1, 0, -2, 4, -1, -1, -1, 3, 2, 3, -4, 3], [-1, 1, -1, -2, 2, 3, -1, -1, -4, 1, 1, 0, 2, -3, 1, 0, 1, -3, -2, -2, 4, -3], [0, -1, 1, 0, -1, -2, 0, 0, 2, -1, -1, 0, -1, 1, -1, 0, -1, 1, 1, 1, -2, 2], [0, -1, 1, 0, -1, -2, 0, 0, 2, -1, -1, 0, -1, 1, 0, 0, 0, 1, 1, 0, -2, 2], [1, 1, -1, 2, 0, 1, 1, 1, 0, 1, 1, 0, 0, 1, 0, 0, 1, 2, 0, 2, 0, -1], [1, 1, -1, 2, 0, 1, 1, 1, 0, 1, 1, 0, 0, 1, 1, 1, 1, 1, 1, 1, 0, -1], [-1, 0, 0, -2, 1, 1, -1, -1, -2, 0, 0, 0, 1, -2, 1, 1, 0, -2, -1, -2, 2, -1], [1, 0, 0, 2, -1, -1, 1, 1, 2, 0, 0, 0, -1, 2, 0, 0, 0, 2, 1, 2, -1, 1], [0, 0, 0, 0, 0, 0, 0, 0, 0, 0, 0, 0, 0, 0, 0, 0, 0, 0, 0, 0, 0, 1]]
[[1, 0, 0, 0, 0, 1, 0, 0, -1, 1, 0, 0, 1, 0, 1, 1, 1, 0, 0, 0, 1, -1], [0, 1, 0, 0, 0, 0, 0, 0, 0, 0, 0, 0, 0, 0, 0, 0, 0, 0, 0, 0, 0, 0], [0, 1, 0, 0, 0, 1, 0, 0, -1, 0, 1, 0, 1, -1, 0, 1, 1, 0, 0, -1, 0, 0], [0, 1, -1, 1, 0, 2, 0, 0, -2, 1, 1, 0, 2, -1, 1, 2, 2, 0, 0, -1, 1, -1], [0, 0, 0, 0, 1, -1, 0, 0, 1, -1, 0, 0, -1, 0, -1, -1, -1, 0, 0, 0, -1, 1], [0, 0, 0, 0, 0, 0, 0, 0, 1, -1, 0, 0, -1, 0, -1, -1, -1, 0, 0, 0, -1, 1], [-1, -1, 1, -1, 0, -2, 0, -1, 2, -2, -1, 1, -2, -1, -2, -2, -2, -1, 0, -1, -2, 2], [0, 1, -1, 0, 0, 3, 0, 1, -3, 2, 1, 0, 3, -1, 2, 3, 3, 0, 0, -1, 2, -2], [0, 0, 0, 0, 0, -1, 0, 0, 2, -1, 0, 0, -1, 0, -1, -1, -1, 0, 0, 0, -1, 1], [0, -1, 1, 0, 0, -2, 0, 0, 2, 0, -1, 0, -2, 1, -1, -2, -2, 0, 0, 1, -1, 1], [0, -1, 1, 0, 0, -1, 0, 0, 1, 0, 0, 0, -1, 1, 0, -1, -1, 0, 0, 1, 0, 0], [1, 0, 0, 1, 0, -1, 1, 1, 1, 0, 0, 0, -1, 2, 0, -1, -1, 1, 0, 2, 0, 0], [0, 1, -1, 0, 0, 1, 0, 0, -1, 0, 1, 0, 2, -1, 0, 1, 1, 0, 0, -1, 0, 0], [0, -1, 1, 1, 0, -4, 1, 0, 4, -2, -2, 1, -4, 2, -2, -3, -4, 1, 0, 2, -2, 2], [0, 1, -1, -1, 0, 3, -1, 0, -3, 1, 2, -1, 3, -1, 2, 2, 3, -1, 0, -2, 1, -1], [0, -1, 1, 0, 0, -2, 0, 0, 2, -1, -1, 0, -2, 1, -1, -1, -2, 0, 0, 1, -1, 1], [0, 0, 0, 1, 0, -2, 1, 0, 2, -1, -1, 1, -2, 0, -1, -1, -1, 1, 0, 1, -1, 1], [0, -1, 1, -1, 0, 0, -1, 0, 0, 0, 0, -1, 0, 1, 0, -1, 0, 0, 0, 0, 0, 0], [0, 0, 0, 0, 0, 0, 0, 0, 0, 0, 0, 0, 0, 0, 0, 0, 0, 0, 1, 0, 0, 0], [0, 1, -1, 0, 0, 1, 0, 0, -1, 0, 1, 0, 1, -1, 0, 1, 1, 0, 0, 0, 0, 0], [0, -1, 1, 0, 0, -2, 0, 0, 2, -1, -1, 0, -2, 1, -1, -2, -2, 0, 0, 1, 0, 1], [0, -1, 1, 0, 0, -2, 0, 0, 2, -1, -1, 0, -2, 1, -1, -2, -2, 0, 0, 1, -1, 2]]
[[1, 0, 0, 0, 0, 0, 0, 0, 0, 0, 0, 0, 0, 0, 0, 0, 0, 0, 0, 0, 0, 0], [0, 1, 0, 0, 0, 0, 0, 0, 0, 0, 0, 0, 0, 0, 0, 0, 0, 0, 0, 0, 0, 0], [0, 0, 1, 0, 0, 0, 0, 0, 0, 0, 0, 0, 0, 0, 0, 0, 0, 0, 0, 0, 0, 0], [0, 0, 0, 1, 0, 0, 0, 0, 0, 0, 0, 0, 0, 0, 0, 0, 0, 0, 0, 0, 0, 0], [0, 0, 0, 0, 1, 0, 0, 0, 0, 0, 0, 0, 0, 0, 0, 0, 0, 0, 0, 0, 0, 0], [0, 0, 0, 0, 0, 1, 0, 0, 0, 0, 0, 0, 0, 0, 0, 0, 0, 0, 0, 0, 0, 0], [0, 0, 0, 0, 0, 0, 1, 0, 0, 0, 0, 0, 0, 0, 0, 0, 0, 0, 0, 0, 0, 0], [0, 0, 0, 0, 0, 0, 0, 1, 0, 0, 0, 0, 0, 0, 0, 0, 0, 0, 0, 0, 0, 0], [0, 0, 0, 0, 0, 0, 0, 0, 1, 0, 0, 0, 0, 0, 0, 0, 0, 0, 0, 0, 0, 0], [0, 0, 0, 0, 0, 0, 0, 0, 0, 1, 0, 0, 0, 0, 0, 0, 0, 0, 0, 0, 0, 0], [0, 0, 0, 0, 0, 0, 0, 0, 0, 0, 1, 0, 0, 0, 0, 0, 0, 0, 0, 0, 0, 0], [0, 0, 0, 0, 0, 0, 0, 0, 0, 0, 0, 1, 0, 0, 0, 0, 0, 0, 0, 0, 0, 0], [0, 0, 0, 0, 0, 0, 0, 0, 0, 0, 0, 0, 1, 0, 0, 0, 0, 0, 0, 0, 0, 0], [0, 0, 0, 0, 0, 0, 0, 0, 0, 0, 0, 0, 0, 1, 0, 0, 0, 0, 0, 0, 0, 0], [0, 0, 0, 0, 0, 0, 0, 0, 0, 0, 0, 0, 0, 0, 1, 0, 0, 0, 0, 0, 0, 0], [0, 0, 0, 0, 0, 0, 0, 0, 0, 0, 0, 0, 0, 0, 0, 1, 0, 0, 0, 0, 0, 0], [0, 0, 0, 0, 0, 0, 0, 0, 0, 0, 0, 0, 0, 0, 0, 0, 1, 0, 0, 0, 0, 0], [0, 0, 0, 0, 0, 0, 0, 0, 0, 0, 0, 0, 0, 0, 0, 0, 0, 1, 0, 0, 0, 0], [0, 0, 0, 0, 0, 0, 0, 0, 0, 0, 0, 0, 0, 0, 0, 0, 0, 0, 1, 0, 0, 0], [0, 0, 0, 0, 0, 0, 0, 0, 0, 0, 0, 0, 0, 0, 0, 0, 0, 0, 0, 1, 0, 0], [0, 0, 0, 0, 0, 0, 0, 0, 0, 0, 0, 0, 0, 0, 0, 0, 0, 0, 0, 0, 1, 0], [0, 0, 0, 0, 0, 0, 0, 0, 0, 0, 0, 0, 0, 0, 0, 0, 0, 0, 0, 0, 0, 1]]

#################
# GALOIS GROUPS #
#################


Generators of the monodromy group on the generic Picard lattice:
[[1, 0, 0, 1, 0, 0, 1, 1, 1, 1, 1, 0], [0, 1, 0, 0, 0, 0, 0, 0, 0, 0, 0, 0], [0, 0, 3, -2, -1, -1, -1, -1, 0, 0, 0, 0], [0, 0, 2, -2, -1, -1, -2, -2, -1, -1, -1, 0], [0, 0, 0, 1, 1, 0, 1, 1, 1, 1, 1, 0], [0, 0, 2, -1, -1, 0, 0, 0, 1, 1, 1, 0], [0, 0, 0, -1, 0, 0, 0, -1, -1, -1, -1, 0], [0, 0, 2, -1, -1, -1, 0, 1, 1, 1, 1, 0], [0, 0, 0, 1, 0, 0, 1, 1, 2, 1, 1, 0], [0, 0, -2, 1, 1, 1, 0, 0, -1, -1, 0, 0], [0, 0, -2, 1, 1, 1, 0, 0, -1, 0, -1, 0], [0, 0, 2, -1, -1, -1, 0, 0, 1, 1, 1, 1]]
[[1, 0, 0, 0, 0, 0, 0, 0, 0, 0, 0, 0], [0, 1, 0, 0, 0, 0, 0, 0, 0, 0, 0, 0], [0, 0, 1, 0, 0, 0, 0, 0, 0, 0, 0, 0], [0, 0, 0, 1, 0, 0, 0, 0, 0, 0, 0, 0], [0, 0, 0, 0, 1, 0, 0, 0, 0, 0, 0, 0], [0, 0, 0, 0, 0, 1, 0, 0, 0, 0, 0, 0], [0, 0, 0, 0, 0, 0, 1, 0, 0, 0, 0, 0], [0, 0, 0, 0, 0, 0, 0, 1, 0, 0, 0, 0], [0, 0, 0, 0, 0, 0, 0, 0, 1, 0, 0, 0], [0, 0, 0, 0, 0, 0, 0, 0, 0, 1, 0, 0], [0, 0, 0, 0, 0, 0, 0, 0, 0, 0, 1, 0], [0, 0, 0, 0, 0, 0, 0, 0, 0, 0, 0, 1]]
[[1, 0, 0, 0, 0, 0, 0, 0, 0, 0, 0, 0], [0, 1, 0, 0, 0, 0, 0, 0, 0, 0, 0, 0], [0, 0, 1, 0, 0, 0, 0, 0, 0, 0, 0, 0], [0, 0, 0, 1, 0, 0, 0, 0, 0, 0, 0, 0], [0, 0, 0, 0, 1, 0, 0, 0, 0, 0, 0, 0], [0, 0, 0, 0, 0, 1, 0, 0, 0, 0, 0, 0], [0, 0, 0, 0, 0, 0, 1, 0, 0, 0, 0, 0], [0, 0, 0, 0, 0, 0, 0, 1, 0, 0, 0, 0], [0, 0, 0, 0, 0, 0, 0, 0, 1, 0, 0, 0], [0, 0, 0, 0, 0, 0, 0, 0, 0, 1, 0, 0], [0, 0, 0, 0, 0, 0, 0, 0, 0, 0, 1, 0], [0, 0, 0, 0, 0, 0, 0, 0, 0, 0, 0, 1]]
[[1, 0, 0, 0, 0, 0, 0, 0, 0, 0, 0, 0], [0, 1, 0, 0, 0, 0, 0, 0, 0, 0, 0, 0], [0, 0, 1, 0, 0, 0, 0, 0, 0, 0, 0, 0], [0, 0, 0, 1, 0, 0, 0, 0, 0, 0, 0, 0], [0, 0, 0, 0, 1, 0, 0, 0, 0, 0, 0, 0], [0, 0, 0, 0, 0, 1, 0, 0, 0, 0, 0, 0], [0, 0, 0, 0, 0, 0, 1, 0, 0, 0, 0, 0], [0, 0, 0, 0, 0, 0, 0, 1, 0, 0, 0, 0], [0, 0, 0, 0, 0, 0, 0, 0, 1, 0, 0, 0], [0, 0, 0, 0, 0, 0, 0, 0, 0, 1, 0, 0], [0, 0, 0, 0, 0, 0, 0, 0, 0, 0, 1, 0], [0, 0, 0, 0, 0, 0, 0, 0, 0, 0, 0, 1]]
[[1, 2, -2, 0, 0, -1, 1, -1, -1, -2, -2, 0], [0, 1, 0, 0, 0, 0, 0, 0, 0, 0, 0, 0], [0, 0, 1, 0, 0, 0, 0, 0, 0, 0, 0, 0], [0, 0, 0, 1, 0, 0, 0, 0, 0, 0, 0, 0], [0, -2, 2, 0, 1, 1, -1, 1, 1, 2, 2, 0], [0, 0, 0, 0, 0, 1, 0, 0, 0, 0, 0, 0], [0, -2, 2, 0, 0, 1, 0, 1, 1, 2, 2, 0], [0, 4, -4, 0, 0, -2, 2, -1, -2, -4, -4, 0], [0, -2, 2, 0, 0, 1, -1, 1, 2, 2, 2, 0], [0, 0, 0, 0, 0, 0, 0, 0, 0, 1, 0, 0], [0, 0, 0, 0, 0, 0, 0, 0, 0, 0, 1, 0], [0, -2, 2, 0, 0, 1, -1, 1, 1, 2, 2, 1]]
[[1, 0, 0, 0, 0, 0, 0, 0, 0, 0, 0, 0], [0, 1, 0, 0, 0, 0, 0, 0, 0, 0, 0, 0], [0, 0, 1, 0, 0, 0, 0, 0, 0, 0, 0, 0], [0, 0, 0, 1, 0, 0, 0, 0, 0, 0, 0, 0], [0, 0, 0, 0, 1, 0, 0, 0, 0, 0, 0, 0], [0, 0, 0, 0, 0, 1, 0, 0, 0, 0, 0, 0], [0, 0, 0, 0, 0, 0, 1, 0, 0, 0, 0, 0], [0, 0, 0, 0, 0, 0, 0, 1, 0, 0, 0, 0], [0, 0, 0, 0, 0, 0, 0, 0, 1, 0, 0, 0], [0, 0, 0, 0, 0, 0, 0, 0, 0, 1, 0, 0], [0, 0, 0, 0, 0, 0, 0, 0, 0, 0, 1, 0], [0, 0, 0, 0, 0, 0, 0, 0, 0, 0, 0, 1]]
[[1, 0, 0, 0, 0, 0, 0, 0, 0, 0, 0, 0], [0, 1, 0, 0, 0, 0, 0, 0, 0, 0, 0, 0], [0, 0, 1, 0, 0, 0, 0, 0, 0, 0, 0, 0], [0, 0, 0, 1, 0, 0, 0, 0, 0, 0, 0, 0], [0, 0, 0, 0, 1, 0, 0, 0, 0, 0, 0, 0], [0, 0, 0, 0, 0, 1, 0, 0, 0, 0, 0, 0], [0, 0, 0, 0, 0, 0, 1, 0, 0, 0, 0, 0], [0, 0, 0, 0, 0, 0, 0, 1, 0, 0, 0, 0], [0, 0, 0, 0, 0, 0, 0, 0, 1, 0, 0, 0], [0, 0, 0, 0, 0, 0, 0, 0, 0, 1, 0, 0], [0, 0, 0, 0, 0, 0, 0, 0, 0, 0, 1, 0], [0, 0, 0, 0, 0, 0, 0, 0, 0, 0, 0, 1]]
[[0, 0, 0, 0, -1, 0, 0, 1, 2, 1, 1, 1], [0, 1, 0, 0, 0, 0, 0, 0, 0, 0, 0, 0], [0, 0, 1, 0, 0, 0, 0, 0, 0, 0, 0, 0], [-1, 0, 0, 0, 0, 1, 0, 1, -1, 1, 1, 1], [1, 2, -2, 0, 1, -1, 1, -2, -2, -3, -3, -1], [1, -2, 2, 1, 1, 1, -1, 0, 1, 1, 1, -1], [1, -2, 2, 1, 1, 0, 0, 0, 1, 1, 1, -1], [-1, 2, -2, 0, -2, -1, 1, 1, 2, -1, -1, 1], [1, 0, 0, 0, 1, 0, 0, -1, -1, -1, -1, -1], [0, 0, 0, 0, 0, 0, 0, 0, 0, 1, 0, 0], [0, 0, 0, 0, 0, 0, 0, 0, 0, 0, 1, 0], [1, 0, 0, 0, 1, 0, 0, -1, -2, -1, -1, 0]]
[[1, 0, 0, 0, 0, 0, 0, 0, 0, 0, 0, 0], [0, 1, 0, 0, 0, 0, 0, 0, 0, 0, 0, 0], [0, 0, 1, 0, 0, 0, 0, 0, 0, 0, 0, 0], [0, 0, 0, 1, 0, 0, 0, 0, 0, 0, 0, 0], [0, 0, 0, 0, 1, 0, 0, 0, 0, 0, 0, 0], [0, 0, 0, 0, 0, 1, 0, 0, 0, 0, 0, 0], [0, 0, 0, 0, 0, 0, 1, 0, 0, 0, 0, 0], [0, 0, 0, 0, 0, 0, 0, 1, 0, 0, 0, 0], [0, 0, 0, 0, 0, 0, 0, 0, 1, 0, 0, 0], [0, 0, 0, 0, 0, 0, 0, 0, 0, 1, 0, 0], [0, 0, 0, 0, 0, 0, 0, 0, 0, 0, 1, 0], [0, 0, 0, 0, 0, 0, 0, 0, 0, 0, 0, 1]]
[[1, 2, -2, 0, 0, -1, 1, -1, -1, -2, -2, 0], [0, 1, 0, 0, 0, 0, 0, 0, 0, 0, 0, 0], [0, 0, 1, 0, 0, 0, 0, 0, 0, 0, 0, 0], [0, 0, 0, 1, 0, 0, 0, 0, 0, 0, 0, 0], [0, -2, 2, 0, 1, 1, -1, 1, 1, 2, 2, 0], [0, 0, 0, 0, 0, 1, 0, 0, 0, 0, 0, 0], [0, -2, 2, 0, 0, 1, 0, 1, 1, 2, 2, 0], [0, 4, -4, 0, 0, -2, 2, -1, -2, -4, -4, 0], [0, -2, 2, 0, 0, 1, -1, 1, 2, 2, 2, 0], [0, 0, 0, 0, 0, 0, 0, 0, 0, 1, 0, 0], [0, 0, 0, 0, 0, 0, 0, 0, 0, 0, 1, 0], [0, -2, 2, 0, 0, 1, -1, 1, 1, 2, 2, 1]]
[[1, 0, 0, 0, 0, 0, 0, 0, 0, 0, 0, 0], [0, 1, 0, 0, 0, 0, 0, 0, 0, 0, 0, 0], [0, 0, 1, 0, 0, 0, 0, 0, 0, 0, 0, 0], [0, 0, 0, 1, 0, 0, 0, 0, 0, 0, 0, 0], [0, 0, 0, 0, 1, 0, 0, 0, 0, 0, 0, 0], [0, 0, 0, 0, 0, 1, 0, 0, 0, 0, 0, 0], [0, 0, 0, 0, 0, 0, 1, 0, 0, 0, 0, 0], [0, 0, 0, 0, 0, 0, 0, 1, 0, 0, 0, 0], [0, 0, 0, 0, 0, 0, 0, 0, 1, 0, 0, 0], [0, 0, 0, 0, 0, 0, 0, 0, 0, 1, 0, 0], [0, 0, 0, 0, 0, 0, 0, 0, 0, 0, 1, 0], [0, 0, 0, 0, 0, 0, 0, 0, 0, 0, 0, 1]]
[[1, 0, 0, 0, 0, 0, 0, 0, 0, 0, 0, 0], [0, 1, 0, 0, 0, 0, 0, 0, 0, 0, 0, 0], [0, 0, 1, 0, 0, 0, 0, 0, 0, 0, 0, 0], [0, 0, 0, 1, 0, 0, 0, 0, 0, 0, 0, 0], [0, 0, 0, 0, 1, 0, 0, 0, 0, 0, 0, 0], [0, 0, 0, 0, 0, 1, 0, 0, 0, 0, 0, 0], [0, 0, 0, 0, 0, 0, 1, 0, 0, 0, 0, 0], [0, 0, 0, 0, 0, 0, 0, 1, 0, 0, 0, 0], [0, 0, 0, 0, 0, 0, 0, 0, 1, 0, 0, 0], [0, 0, 0, 0, 0, 0, 0, 0, 0, 1, 0, 0], [0, 0, 0, 0, 0, 0, 0, 0, 0, 0, 1, 0], [0, 0, 0, 0, 0, 0, 0, 0, 0, 0, 0, 1]]
[[1, 0, 0, 0, 0, 0, 0, 0, 0, 0, 0, 0], [0, 1, 0, 0, 0, 0, 0, 0, 0, 0, 0, 0], [0, 0, 1, 0, 0, 0, 0, 0, 0, 0, 0, 0], [0, 0, 0, 1, 0, 0, 0, 0, 0, 0, 0, 0], [0, 0, 0, 0, 1, 0, 0, 0, 0, 0, 0, 0], [0, 0, 0, 0, 0, 1, 0, 0, 0, 0, 0, 0], [0, 0, 0, 0, 0, 0, 1, 0, 0, 0, 0, 0], [0, 0, 0, 0, 0, 0, 0, 1, 0, 0, 0, 0], [0, 0, 0, 0, 0, 0, 0, 0, 1, 0, 0, 0], [0, 0, 0, 0, 0, 0, 0, 0, 0, 1, 0, 0], [0, 0, 0, 0, 0, 0, 0, 0, 0, 0, 1, 0], [0, 0, 0, 0, 0, 0, 0, 0, 0, 0, 0, 1]]
[[1, 0, 0, 0, 0, 0, 0, 0, 0, 0, 0, 0], [0, 1, 0, 0, 0, 0, 0, 0, 0, 0, 0, 0], [0, 0, 1, 0, 0, 0, 0, 0, 0, 0, 0, 0], [0, 0, 0, 1, 0, 0, 0, 0, 0, 0, 0, 0], [0, 0, 0, 0, 1, 0, 0, 0, 0, 0, 0, 0], [0, 0, 0, 0, 0, 1, 0, 0, 0, 0, 0, 0], [0, 0, 0, 0, 0, 0, 1, 0, 0, 0, 0, 0], [0, 0, 0, 0, 0, 0, 0, 1, 0, 0, 0, 0], [0, 0, 0, 0, 0, 0, 0, 0, 1, 0, 0, 0], [0, 0, 0, 0, 0, 0, 0, 0, 0, 1, 0, 0], [0, 0, 0, 0, 0, 0, 0, 0, 0, 0, 1, 0], [0, 0, 0, 0, 0, 0, 0, 0, 0, 0, 0, 1]]
[[0, -1, 0, 0, 0, 1, 0, 1, 1, 1, 1, 0], [0, 1, 0, 0, 0, 0, 0, 0, 0, 0, 0, 0], [0, 0, 1, 0, 0, 0, 0, 0, 0, 0, 0, 0], [-1, -1, 0, 1, 0, 1, 0, 1, 1, 1, 1, 0], [1, 1, 0, 0, 1, -1, 0, -1, -1, -1, -1, 0], [1, 1, 0, 0, 0, 0, 0, -1, -1, -1, -1, 0], [1, 1, 0, 0, 0, -1, 1, -1, -1, -1, -1, 0], [-1, -1, 0, 0, 0, 1, 0, 2, 1, 1, 1, 0], [1, 1, 0, 0, 0, -1, 0, -1, 0, -1, -1, 0], [0, 0, 0, 0, 0, 0, 0, 0, 0, 1, 0, 0], [0, 0, 0, 0, 0, 0, 0, 0, 0, 0, 1, 0], [0, 0, 0, 0, 0, 0, 0, 0, 0, 0, 0, 1]]
[[0, 0, -1, 0, 0, 0, 0, 0, 0, -1, -1, 0], [0, 1, 0, 0, 0, 0, 0, 0, 0, 0, 0, 0], [0, 0, 1, 0, 0, 1, 0, 1, 0, 1, 2, 0], [-1, 0, -1, 1, 0, 1, 0, 1, 0, 0, 1, 0], [1, 0, 1, 0, 1, 0, 0, 0, 0, 1, 1, 0], [1, 0, 1, 0, 0, 1, 0, 0, 0, 1, 1, 0], [0, -2, 3, -1, 0, 1, -1, 0, 0, 2, 2, 0], [0, 0, 0, 0, 0, 0, 0, 1, 0, 0, 0, 0], [1, 0, 1, 0, 0, 0, 0, 0, 1, 1, 1, 0], [-1, 0, -1, 0, 0, 0, 0, 0, 0, 0, -1, 0], [0, 0, 0, 0, 0, -1, 0, -1, 0, -1, -1, 0], [0, 0, 0, 0, 0, 1, 0, 1, 0, 1, 2, 1]]
[[1, 0, 0, 0, 0, 0, 0, 0, 0, 0, 0, 0], [0, 1, 0, 0, 0, 0, 0, 0, 0, 0, 0, 0], [0, 0, 1, 0, 0, 0, 0, 0, 0, 0, 0, 0], [0, 0, 0, 1, 0, 0, 0, 0, 0, 0, 0, 0], [0, 0, 0, 0, 1, 0, 0, 0, 0, 0, 0, 0], [0, 0, 0, 0, 0, 1, 0, 0, 0, 0, 0, 0], [0, 0, 0, 0, 0, 0, 1, 0, 0, 0, 0, 0], [0, 0, 0, 0, 0, 0, 0, 1, 0, 0, 0, 0], [0, 0, 0, 0, 0, 0, 0, 0, 1, 0, 0, 0], [0, 0, 0, 0, 0, 0, 0, 0, 0, 1, 0, 0], [0, 0, 0, 0, 0, 0, 0, 0, 0, 0, 1, 0], [0, 0, 0, 0, 0, 0, 0, 0, 0, 0, 0, 1]]
[[1, 0, 0, 0, 0, 0, 0, 0, 0, 0, 0, 0], [0, 1, 0, 0, 0, 0, 0, 0, 0, 0, 0, 0], [0, 0, 1, 0, 0, 0, 0, 0, 0, 0, 0, 0], [0, 0, 0, 1, 0, 0, 0, 0, 0, 0, 0, 0], [0, 0, 0, 0, 1, 0, 0, 0, 0, 0, 0, 0], [0, 0, 0, 0, 0, 1, 0, 0, 0, 0, 0, 0], [0, 0, 0, 0, 0, 0, 1, 0, 0, 0, 0, 0], [0, 0, 0, 0, 0, 0, 0, 1, 0, 0, 0, 0], [0, 0, 0, 0, 0, 0, 0, 0, 1, 0, 0, 0], [0, 0, 0, 0, 0, 0, 0, 0, 0, 1, 0, 0], [0, 0, 0, 0, 0, 0, 0, 0, 0, 0, 1, 0], [0, 0, 0, 0, 0, 0, 0, 0, 0, 0, 0, 1]]
[[1, -1, 1, 1, 0, 1, 0, 1, 2, 2, 2, 0], [0, 1, -1, -1, 0, 0, 0, -1, -2, -1, -2, 0], [0, 0, 0, -1, 0, 0, 0, -1, -2, -1, -2, 0], [0, -1, 2, -1, 0, -1, 0, 0, 0, 1, 0, 0], [0, 1, -3, 1, 1, 1, 0, -1, -2, -2, -2, 0], [0, 1, -1, -1, 0, 0, 0, -1, -2, -2, -2, 0], [0, 2, -2, 0, 0, -1, 1, -1, -2, -3, -2, 0], [0, -2, 1, 1, 0, 2, 0, 2, 2, 3, 2, 0], [0, 1, -2, 0, 0, 0, 0, -1, -1, -2, -2, 0], [0, 1, 0, 0, 0, -1, 0, 0, 0, 0, 0, 0], [0, 0, 0, 0, 0, 0, 0, 0, 0, 0, 1, 0], [0, 0, 0, 0, 0, 0, 0, 0, 0, 0, 0, 1]]
[[1, 0, 0, 0, 0, 0, 0, 0, 0, 0, 0, 0], [0, 1, 0, 0, 0, 0, 0, 0, 0, 0, 0, 0], [0, 0, 1, 0, 0, 0, 0, 0, 0, 0, 0, 0], [0, 0, 0, 1, 0, 0, 0, 0, 0, 0, 0, 0], [0, 0, 0, 0, 1, 0, 0, 0, 0, 0, 0, 0], [0, 0, 0, 0, 0, 1, 0, 0, 0, 0, 0, 0], [0, 0, 0, 0, 0, 0, 1, 0, 0, 0, 0, 0], [0, 0, 0, 0, 0, 0, 0, 1, 0, 0, 0, 0], [0, 0, 0, 0, 0, 0, 0, 0, 1, 0, 0, 0], [0, 0, 0, 0, 0, 0, 0, 0, 0, 1, 0, 0], [0, 0, 0, 0, 0, 0, 0, 0, 0, 0, 1, 0], [0, 0, 0, 0, 0, 0, 0, 0, 0, 0, 0, 1]]
[[1, 0, 0, 0, 0, 0, 0, 0, 0, 0, 0, 0], [0, 1, 0, 0, 0, 0, 0, 0, 0, 0, 0, 0], [0, 0, 1, 0, 0, 0, 0, 0, 0, 0, 0, 0], [0, 0, 0, 1, 0, 0, 0, 0, 0, 0, 0, 0], [0, 0, 0, 0, 1, 0, 0, 0, 0, 0, 0, 0], [0, 0, 0, 0, 0, 1, 0, 0, 0, 0, 0, 0], [0, 0, 0, 0, 0, 0, 1, 0, 0, 0, 0, 0], [0, 0, 0, 0, 0, 0, 0, 1, 0, 0, 0, 0], [0, 0, 0, 0, 0, 0, 0, 0, 1, 0, 0, 0], [0, 0, 0, 0, 0, 0, 0, 0, 0, 1, 0, 0], [0, 0, 0, 0, 0, 0, 0, 0, 0, 0, 1, 0], [0, 0, 0, 0, 0, 0, 0, 0, 0, 0, 0, 1]]
[[1, 0, 0, 0, 0, 0, 0, 0, 0, 0, 0, 0], [0, 1, 0, 0, 0, 0, 0, 0, 0, 0, 0, 0], [0, 0, 1, 0, 0, 0, 0, 0, 0, 0, 0, 0], [0, 0, 0, 1, 0, 0, 0, 0, 0, 0, 0, 0], [0, 0, 0, 0, 1, 0, 0, 0, 0, 0, 0, 0], [0, 0, 0, 0, 0, 1, 0, 0, 0, 0, 0, 0], [0, 0, 0, 0, 0, 0, 1, 0, 0, 0, 0, 0], [0, 0, 0, 0, 0, 0, 0, 1, 0, 0, 0, 0], [0, 0, 0, 0, 0, 0, 0, 0, 1, 0, 0, 0], [0, 0, 0, 0, 0, 0, 0, 0, 0, 1, 0, 0], [0, 0, 0, 0, 0, 0, 0, 0, 0, 0, 1, 0], [0, 0, 0, 0, 0, 0, 0, 0, 0, 0, 0, 1]]
[[1, 0, 0, 0, 0, 0, 0, 0, 0, 0, 0, 0], [0, 1, 0, 0, 0, 0, 0, 0, 0, 0, 0, 0], [0, 0, 1, 0, 0, 0, 0, 0, 0, 0, 0, 0], [0, 0, 0, 1, 0, 0, 0, 0, 0, 0, 0, 0], [0, 0, 0, 0, 1, 0, 0, 0, 0, 0, 0, 0], [0, 0, 0, 0, 0, 1, 0, 0, 0, 0, 0, 0], [0, 0, 0, 0, 0, 0, 1, 0, 0, 0, 0, 0], [0, 0, 0, 0, 0, 0, 0, 1, 0, 0, 0, 0], [0, 0, 0, 0, 0, 0, 0, 0, 1, 0, 0, 0], [0, 0, 0, 0, 0, 0, 0, 0, 0, 1, 0, 0], [0, 0, 0, 0, 0, 0, 0, 0, 0, 0, 1, 0], [0, 0, 0, 0, 0, 0, 0, 0, 0, 0, 0, 1]]
[[1, -1, 1, 1, 0, 0, 0, 1, 2, 1, 2, 0], [0, 1, 0, 0, 0, 0, 0, 0, 0, 0, 0, 0], [0, 0, 1, 0, 0, 0, 0, 0, 0, 0, 0, 0], [0, 1, -1, 0, 0, 0, 0, -1, -2, -1, -2, 0], [0, 0, 0, 0, 1, 0, 0, 0, 0, 0, 0, 0], [0, -1, 1, 1, 0, 1, 0, 1, 2, 1, 2, 0], [0, 0, 0, 0, 0, 0, 1, 0, 0, 0, 0, 0], [0, -1, 1, 1, 0, 0, 0, 2, 2, 1, 2, 0], [0, 0, 0, 0, 0, 0, 0, 0, 1, 0, 0, 0], [0, 0, 0, 0, 0, 0, 0, 0, 0, 1, 0, 0], [0, 1, -1, -1, 0, 0, 0, -1, -2, -1, -1, 0], [0, 0, 0, 0, 0, 0, 0, 0, 0, 0, 0, 1]]
[[1, 0, 0, 0, 0, 0, 0, 0, 0, 0, 0, 0], [0, 1, 0, 0, 0, 0, 0, 0, 0, 0, 0, 0], [0, 0, 1, 0, 0, 0, 0, 0, 0, 0, 0, 0], [0, 0, 0, 1, 0, 0, 0, 0, 0, 0, 0, 0], [0, 0, 0, 0, 1, 0, 0, 0, 0, 0, 0, 0], [0, 0, 0, 0, 0, 1, 0, 0, 0, 0, 0, 0], [0, 0, 0, 0, 0, 0, 1, 0, 0, 0, 0, 0], [0, 0, 0, 0, 0, 0, 0, 1, 0, 0, 0, 0], [0, 0, 0, 0, 0, 0, 0, 0, 1, 0, 0, 0], [0, 0, 0, 0, 0, 0, 0, 0, 0, 1, 0, 0], [0, 0, 0, 0, 0, 0, 0, 0, 0, 0, 1, 0], [0, 0, 0, 0, 0, 0, 0, 0, 0, 0, 0, 1]]
[[1, 0, -1, 1, 1, 0, 1, 0, 0, -1, 0, -1], [0, 1, 0, 0, 0, 0, 0, 0, 0, 0, 0, 0], [0, 0, 1, 0, 0, 0, 0, 0, 0, 0, 0, 0], [0, 0, -1, 1, 1, 0, 0, -1, -1, -1, -2, -1], [0, -2, 3, 0, -1, 1, -1, 2, 3, 3, 4, 1], [0, 2, -1, 0, 0, 0, 1, 0, -1, -1, 0, 1], [0, 0, 1, -1, -1, 0, 0, 0, 0, 1, 0, 1], [0, 0, -1, 1, 1, 0, 1, 1, 0, -1, 0, -1], [0, 0, 1, 0, -1, 0, 0, 1, 2, 1, 2, 1], [0, 0, 0, 0, 0, 0, 0, 0, 0, 1, 0, 0], [0, 0, 0, -1, 0, 0, -1, -1, -1, 0, -1, 0], [0, -2, 1, 1, 0, 1, 0, 1, 2, 1, 2, 0]]
[[1, 2, -3, 1, 1, 0, 1, -1, -2, -2, -2, 0], [0, -1, 1, 0, 0, 0, -1, 0, 1, 1, 0, 0], [0, -2, 2, 0, 0, 0, -1, 0, 1, 1, 0, 0], [0, -2, 3, 0, -1, 0, -1, 1, 2, 2, 2, 0], [0, 0, 0, 0, 1, 0, 0, 0, 0, 0, 0, 0], [0, -2, 1, 0, 0, 1, -1, 0, 1, 1, 0, 0], [-1, -1, 1, -1, -1, 0, 0, 1, 1, 1, 1, 1], [1, 1, -3, 2, 2, 0, 1, -1, -2, -2, -3, -1], [0, 0, 0, 0, 0, 0, 0, 0, 1, 0, 0, 0], [-1, 1, 0, -1, -1, 0, 0, 1, 0, 1, 1, 1], [0, 0, 0, 0, 0, 0, 0, 0, 0, 0, 1, 0], [1, -1, 2, 0, 0, 0, 0, 0, 1, 1, 1, 0]]
[[1, 0, 0, 0, 0, 0, 0, 0, 0, 0, 0, 0], [0, 1, 0, 0, 0, 0, 0, 0, 0, 0, 0, 0], [0, 0, 1, 0, 0, 0, 0, 0, 0, 0, 0, 0], [0, 0, 0, 1, 0, 0, 0, 0, 0, 0, 0, 0], [0, 0, 0, 0, 1, 0, 0, 0, 0, 0, 0, 0], [0, 0, 0, 0, 0, 1, 0, 0, 0, 0, 0, 0], [0, 0, 0, 0, 0, 0, 1, 0, 0, 0, 0, 0], [0, 0, 0, 0, 0, 0, 0, 1, 0, 0, 0, 0], [0, 0, 0, 0, 0, 0, 0, 0, 1, 0, 0, 0], [0, 0, 0, 0, 0, 0, 0, 0, 0, 1, 0, 0], [0, 0, 0, 0, 0, 0, 0, 0, 0, 0, 1, 0], [0, 0, 0, 0, 0, 0, 0, 0, 0, 0, 0, 1]]
[[1, 0, 0, 0, 0, 0, 0, 0, 0, 0, 0, 0], [0, 1, 0, 0, 0, 0, 0, 0, 0, 0, 0, 0], [0, 0, 1, 0, 0, 0, 0, 0, 0, 0, 0, 0], [0, 0, 0, 1, 0, 0, 0, 0, 0, 0, 0, 0], [0, 0, 0, 0, 1, 0, 0, 0, 0, 0, 0, 0], [0, 0, 0, 0, 0, 1, 0, 0, 0, 0, 0, 0], [-1, 1, -2, 0, 0, 0, 1, 0, -1, -2, -1, 0], [1, -1, 2, 0, 0, 0, 0, 1, 1, 2, 1, 0], [0, 0, 0, 0, 0, 0, 0, 0, 1, 0, 0, 0], [-1, 1, -2, 0, 0, 0, 0, 0, -1, -1, -1, 0], [0, 0, 0, 0, 0, 0, 0, 0, 0, 0, 1, 0], [0, 0, 0, 0, 0, 0, 0, 0, 0, 0, 0, 1]]
[[1, 0, 0, 0, 0, 0, 0, 0, 0, 0, 0, 0], [0, 1, 0, 0, 0, 0, 0, 0, 0, 0, 0, 0], [0, 0, 1, 0, 0, 0, 0, 0, 0, 0, 0, 0], [0, 0, 0, 1, 0, 0, 0, 0, 0, 0, 0, 0], [0, 0, 0, 0, 1, 0, 0, 0, 0, 0, 0, 0], [0, 0, 0, 0, 0, 1, 0, 0, 0, 0, 0, 0], [0, 0, 0, 0, 0, 0, 1, 0, 0, 0, 0, 0], [0, 0, 0, 0, 0, 0, 0, 1, 0, 0, 0, 0], [0, 0, 0, 0, 0, 0, 0, 0, 1, 0, 0, 0], [0, 0, 0, 0, 0, 0, 0, 0, 0, 1, 0, 0], [0, 0, 0, 0, 0, 0, 0, 0, 0, 0, 1, 0], [0, 0, 0, 0, 0, 0, 0, 0, 0, 0, 0, 1]]
[[1, 0, 0, 0, 0, 0, 0, 0, 0, 0, 0, 0], [0, 1, 0, 0, 0, 0, 0, 0, 0, 0, 0, 0], [0, 0, 1, 0, 0, 0, 0, 0, 0, 0, 0, 0], [0, 0, 0, 1, 0, 0, 0, 0, 0, 0, 0, 0], [0, 0, 0, 0, 1, 0, 0, 0, 0, 0, 0, 0], [0, 0, 0, 0, 0, 1, 0, 0, 0, 0, 0, 0], [0, 0, 0, 0, 0, 0, 1, 0, 0, 0, 0, 0], [0, 0, 0, 0, 0, 0, 0, 1, 0, 0, 0, 0], [0, 0, 0, 0, 0, 0, 0, 0, 1, 0, 0, 0], [0, 0, 0, 0, 0, 0, 0, 0, 0, 1, 0, 0], [0, 0, 0, 0, 0, 0, 0, 0, 0, 0, 1, 0], [0, 0, 0, 0, 0, 0, 0, 0, 0, 0, 0, 1]]
[[1, 0, 0, 0, 0, 0, 0, 0, 0, 0, 0, 0], [0, 1, 0, 0, 0, 0, 0, 0, 0, 0, 0, 0], [0, 0, 1, 0, 0, 0, 0, 0, 0, 0, 0, 0], [0, 0, 0, 1, 0, 0, 0, 0, 0, 0, 0, 0], [0, 0, 0, 0, 1, 0, 0, 0, 0, 0, 0, 0], [0, 0, 0, 0, 0, 1, 0, 0, 0, 0, 0, 0], [0, 0, 0, 0, 0, 0, 1, 0, 0, 0, 0, 0], [0, 0, 0, 0, 0, 0, 0, 1, 0, 0, 0, 0], [0, 0, 0, 0, 0, 0, 0, 0, 1, 0, 0, 0], [0, 0, 0, 0, 0, 0, 0, 0, 0, 1, 0, 0], [0, 0, 0, 0, 0, 0, 0, 0, 0, 0, 1, 0], [0, 0, 0, 0, 0, 0, 0, 0, 0, 0, 0, 1]]
[[0, 0, 1, -1, 0, 1, -1, 0, -1, 1, 1, 1], [0, 1, -2, 1, 0, 0, 1, 1, 1, 0, 0, 0], [0, 0, -3, 2, 1, 1, 1, 1, 0, 0, 0, 0], [-1, 0, -1, 1, -1, 0, 1, 2, 2, 1, 1, 1], [1, 0, -1, 1, 2, 0, 0, -1, -1, -1, -1, -1], [1, 0, -3, 2, 1, 1, 1, 0, 0, -1, -1, -1], [1, 0, -1, 1, 1, 0, 1, -1, -1, -1, -1, -1], [-1, 0, -1, 0, 1, 2, -1, 1, -2, 1, 1, 1], [1, 0, -1, 1, 1, 0, 0, -1, 0, -1, -1, -1], [0, 0, 2, -1, -1, -1, 0, 0, 1, 1, 0, 0], [0, 0, 2, -1, -1, -1, 0, 0, 1, 0, 1, 0], [1, 0, -1, 1, 1, 0, 0, -1, -1, -1, -1, 0]]
[[1, 0, 0, 0, 0, 0, 0, 0, 0, 0, 0, 0], [0, 1, 0, 0, 0, 0, 0, 0, 0, 0, 0, 0], [0, 0, 1, 0, 0, 0, 0, 0, 0, 0, 0, 0], [0, 0, 0, 1, 0, 0, 0, 0, 0, 0, 0, 0], [0, 0, 0, 0, 1, 0, 0, 0, 0, 0, 0, 0], [0, 0, 0, 0, 0, 1, 0, 0, 0, 0, 0, 0], [0, 0, 0, 0, 0, 0, 1, 0, 0, 0, 0, 0], [0, 0, 0, 0, 0, 0, 0, 1, 0, 0, 0, 0], [0, 0, 0, 0, 0, 0, 0, 0, 1, 0, 0, 0], [0, 0, 0, 0, 0, 0, 0, 0, 0, 1, 0, 0], [0, 0, 0, 0, 0, 0, 0, 0, 0, 0, 1, 0], [0, 0, 0, 0, 0, 0, 0, 0, 0, 0, 0, 1]]
[[1, -2, 0, 1, 1, 1, 0, 0, 0, 0, 0, -1], [0, -1, 2, -1, 0, 0, -1, -1, -1, 0, 0, 0], [0, 0, 3, -2, -1, -1, -1, -1, 0, 0, 0, 0], [0, 0, 2, -1, -1, -1, -1, -1, 1, 0, 0, -1], [0, 0, 0, 0, 1, 0, 0, 0, -1, 0, 0, 1], [0, 0, 2, -2, -1, 0, -1, -1, -1, 0, 0, 1], [0, 2, 0, -1, -1, -1, 1, 0, 0, 0, 0, 1], [0, -2, 2, -1, 0, 0, -1, 0, 0, 0, 0, -1], [0, 0, 0, 0, 0, 0, 0, 0, 0, 0, 0, 1], [0, 0, 0, 0, 0, 0, 0, 0, 0, 1, 0, 0], [0, 0, -2, 2, 1, 1, 1, 1, 0, 0, 1, 0], [0, 0, 0, 0, 0, 0, 0, 0, 1, 0, 0, 0]]
[[1, 0, 0, 0, 0, 0, 0, 0, 0, 0, 0, 0], [0, -1, 0, 0, 0, 0, 0, 0, 0, 0, 0, 0], [0, -2, 1, 0, 0, 0, 0, 0, 0, 0, 0, 0], [0, 0, 0, 1, 0, 0, 0, 0, 0, 0, 0, 0], [0, -1, 0, 0, 1, 0, 0, 0, 0, 0, 0, 0], [0, -2, 0, 0, 0, 1, 0, 0, 0, 0, 0, 0], [0, 0, 0, 0, 0, 0, 1, 0, 0, 0, 0, 0], [0, -1, 0, 0, 0, 0, 0, 1, 0, 0, 0, 0], [0, -1, 0, 0, 0, 0, 0, 0, 1, 0, 0, 0], [0, 1, 0, 0, 0, 0, 0, 0, 0, 1, 0, 0], [0, 1, 0, 0, 0, 0, 0, 0, 0, 0, 1, 0], [0, 0, 0, 0, 0, 0, 0, 0, 0, 0, 0, 1]]
[[1, 0, 0, 0, 0, 0, 0, 0, 0, 0, 0, 0], [0, 1, 0, 0, 0, 0, 0, 0, 0, 0, 0, 0], [0, 0, 1, 0, 0, 0, 0, 0, 0, 0, 0, 0], [0, 0, 0, 1, 0, 0, 0, 0, 0, 0, 0, 0], [0, 0, 0, 0, 1, 0, 0, 0, 0, 0, 0, 0], [0, 0, 0, 0, 0, 1, 0, 0, 0, 0, 0, 0], [0, 0, 0, 0, 0, 0, 1, 0, 0, 0, 0, 0], [0, 0, 0, 0, 0, 0, 0, 1, 0, 0, 0, 0], [0, 0, 0, 0, 0, 0, 0, 0, 1, 0, 0, 0], [0, 0, 0, 0, 0, 0, 0, 0, 0, 1, 0, 0], [0, 0, 0, 0, 0, 0, 0, 0, 0, 0, 1, 0], [0, 0, 0, 0, 0, 0, 0, 0, 0, 0, 0, 1]]
[[1, 0, 0, 0, 0, 0, 0, 0, 0, 0, 0, 0], [0, 1, 0, 0, 0, 0, 0, 0, 0, 0, 0, 0], [0, 0, 1, 0, 0, 0, 0, 0, 0, 0, 0, 0], [0, 0, 0, 1, 0, 0, 0, 0, 0, 0, 0, 0], [0, 0, 0, 0, 1, 0, 0, 0, 0, 0, 0, 0], [0, 0, 0, 0, 0, 1, 0, 0, 0, 0, 0, 0], [0, 0, 0, 0, 0, 0, 1, 0, 0, 0, 0, 0], [0, 0, 0, 0, 0, 0, 0, 1, 0, 0, 0, 0], [0, 0, 0, 0, 0, 0, 0, 0, 1, 0, 0, 0], [0, 0, 0, 0, 0, 0, 0, 0, 0, 1, 0, 0], [0, 0, 0, 0, 0, 0, 0, 0, 0, 0, 1, 0], [0, 0, 0, 0, 0, 0, 0, 0, 0, 0, 0, 1]]
[[0, 1, 0, -1, -1, -1, 0, 0, 0, 0, -1, 0], [0, 1, 0, 0, 0, 0, 0, 0, 0, 0, 0, 0], [0, 0, 1, 0, 0, 0, 0, 0, 0, 0, 0, 0], [1, -1, 0, 2, 1, 1, 0, 0, 0, 0, 1, 0], [-1, 1, 0, -1, 0, -1, 0, 0, 0, 0, -1, 0], [-1, 1, 0, -1, -1, 0, 0, 0, 0, 0, -1, 0], [0, 0, 0, 0, 0, 0, 1, 0, 0, 0, 0, 0], [0, 0, 0, 0, 0, 0, 0, 1, 0, 0, 0, 0], [-1, 1, 0, -1, -1, -1, 0, 0, 1, 0, -1, 0], [1, -1, 0, 1, 1, 1, 0, 0, 0, 1, 1, 0], [0, 0, 0, 0, 0, 0, 0, 0, 0, 0, 1, 0], [-1, 1, 0, -1, -1, -1, 0, 0, 0, 0, -1, 1]]
[[-1, 0, 0, -1, -1, 0, 0, 1, 1, 1, 0, 0], [0, 1, -1, 0, 0, 0, 1, 0, -1, -1, 0, 0], [0, 0, 1, -1, -1, 0, 0, -1, -1, -1, 0, 0], [0, 0, 0, 1, 0, 0, 0, 0, 0, 0, 0, 0], [0, 0, 0, -1, 0, 0, 0, -1, -1, -1, 0, 0], [0, 0, -1, 0, 0, 1, 1, 0, -1, -1, 0, 0], [1, 0, 1, 0, 0, 0, 0, -1, 0, 0, 0, 0], [-1, 0, 1, -2, -2, 0, -1, 0, 0, 0, 0, 0], [0, 0, -1, 0, 0, 0, 1, 0, 0, -1, 0, 0], [1, 0, 0, 1, 1, 0, 0, 0, 0, 1, 0, 0], [0, 0, 0, 1, 1, 0, 0, 1, 1, 1, 1, 0], [-1, 0, 0, -1, -1, 0, 0, 0, 0, 0, 0, 1]]
[[1, 0, 0, 0, 0, 0, 0, 0, 0, 0, 0, 0], [0, 1, 0, 0, 0, 0, 0, 0, 0, 0, 0, 0], [0, 0, 1, 0, 0, 0, 0, 0, 0, 0, 0, 0], [0, 0, 0, 1, 0, 0, 0, 0, 0, 0, 0, 0], [0, 0, 0, 0, 1, 0, 0, 0, 0, 0, 0, 0], [0, 0, 0, 0, 0, 1, 0, 0, 0, 0, 0, 0], [0, 0, 0, 0, 0, 0, 1, 0, 0, 0, 0, 0], [0, 0, 0, 0, 0, 0, 0, 1, 0, 0, 0, 0], [0, 0, 0, 0, 0, 0, 0, 0, 1, 0, 0, 0], [0, 0, 0, 0, 0, 0, 0, 0, 0, 1, 0, 0], [0, 0, 0, 0, 0, 0, 0, 0, 0, 0, 1, 0], [0, 0, 0, 0, 0, 0, 0, 0, 0, 0, 0, 1]]
[[1, 0, 0, 0, 0, 0, 0, 0, 0, 0, 0, 0], [0, 1, -1, 0, 0, 0, 1, 0, -1, -1, 0, 0], [0, 0, 1, -1, -1, 0, 0, -1, -1, -1, 0, 0], [0, -2, 0, 2, 1, 2, 0, 1, 1, 1, 2, 0], [0, 2, 0, -2, -1, -2, 0, -2, -2, -2, -2, 0], [0, 2, -1, -1, -1, -1, 1, -1, -2, -2, -2, 0], [0, 1, 1, -1, -1, -1, 0, -1, 0, 0, -1, 0], [0, -1, 1, -1, -1, 1, -1, 0, 0, 0, 1, 0], [0, 2, -1, -1, -1, -2, 1, -1, -1, -2, -2, 0], [0, -1, 0, 1, 1, 1, 0, 1, 1, 2, 1, 0], [0, 0, 0, 1, 1, 0, 0, 1, 1, 1, 1, 0], [0, 1, 0, -1, -1, -1, 0, -1, -1, -1, -1, 1]]
[[1, 0, 0, 0, 0, 0, 0, 0, 0, 0, 0, 0], [0, 1, 0, 0, 0, 0, 0, 0, 0, 0, 0, 0], [0, 0, 1, 0, 0, 0, 0, 0, 0, 0, 0, 0], [0, 0, 0, 1, 0, 0, 0, 0, 0, 0, 0, 0], [0, 0, 0, 0, 1, 0, 0, 0, 0, 0, 0, 0], [0, 0, 0, 0, 0, 1, 0, 0, 0, 0, 0, 0], [0, 0, 0, 0, 0, 0, 1, 0, 0, 0, 0, 0], [0, 0, 0, 0, 0, 0, 0, 1, 0, 0, 0, 0], [0, 0, 0, 0, 0, 0, 0, 0, 1, 0, 0, 0], [0, 0, 0, 0, 0, 0, 0, 0, 0, 1, 0, 0], [0, 0, 0, 0, 0, 0, 0, 0, 0, 0, 1, 0], [0, 0, 0, 0, 0, 0, 0, 0, 0, 0, 0, 1]]
[[1, 0, 0, 0, 0, 0, 0, 0, 0, 0, 0, 0], [0, 1, 0, 0, 0, 0, 0, 0, 0, 0, 0, 0], [0, 0, 1, 0, 0, 0, 0, 0, 0, 0, 0, 0], [0, 0, 0, 1, 0, 0, 0, 0, 0, 0, 0, 0], [0, 0, 0, 0, 1, 0, 0, 0, 0, 0, 0, 0], [0, 0, 0, 0, 0, 1, 0, 0, 0, 0, 0, 0], [0, 0, 0, 0, 0, 0, 1, 0, 0, 0, 0, 0], [0, 0, 0, 0, 0, 0, 0, 1, 0, 0, 0, 0], [0, 0, 0, 0, 0, 0, 0, 0, 1, 0, 0, 0], [0, 0, 0, 0, 0, 0, 0, 0, 0, 1, 0, 0], [0, 0, 0, 0, 0, 0, 0, 0, 0, 0, 1, 0], [0, 0, 0, 0, 0, 0, 0, 0, 0, 0, 0, 1]]
[[1, 0, 0, 0, 0, 0, 0, 0, 0, 0, 0, 0], [0, 1, 0, 0, 0, 0, 0, 0, 0, 0, 0, 0], [0, 0, 1, 0, 0, 0, 0, 0, 0, 0, 0, 0], [0, 0, 0, 1, 0, 0, 0, 0, 0, 0, 0, 0], [0, 0, 0, 0, 1, 0, 0, 0, 0, 0, 0, 0], [0, 0, 0, 0, 0, 1, 0, 0, 0, 0, 0, 0], [0, 0, 0, 0, 0, 0, 1, 0, 0, 0, 0, 0], [0, 0, 0, 0, 0, 0, 0, 1, 0, 0, 0, 0], [0, 0, 0, 0, 0, 0, 0, 0, 1, 0, 0, 0], [0, 0, 0, 0, 0, 0, 0, 0, 0, 1, 0, 0], [0, 0, 0, 0, 0, 0, 0, 0, 0, 0, 1, 0], [0, 0, 0, 0, 0, 0, 0, 0, 0, 0, 0, 1]]
[[-1, -2, 3, -1, -1, 0, -1, 1, 2, 2, 2, 0], [0, 1, 0, 0, 0, 0, 0, 0, 0, 0, 0, 0], [0, 2, -2, 0, 0, 0, 1, 0, -1, -1, -2, 0], [0, 4, -4, 0, -1, -2, 2, -1, -1, -3, -4, 0], [0, -2, 1, 1, 2, 2, -1, 1, 0, 2, 2, 0], [0, 0, 0, 0, 0, 1, 0, 0, 0, 0, 0, 0], [1, 0, -1, 1, 1, 1, 1, 0, -1, 0, 0, 0], [-1, 0, 1, -1, -1, -1, 0, 1, 1, 0, 0, 0], [0, -2, 1, 1, 1, 2, -1, 1, 1, 2, 2, 0], [1, 0, 1, 0, 0, -1, 0, -1, 0, 0, 0, 0], [0, 0, 0, 0, 0, 0, 0, 0, 0, 0, 1, 0], [-1, 0, -1, 0, 0, 1, 0, 1, 0, 1, 0, 1]]
[[1, 0, 0, 0, 0, 0, 0, 0, 0, 0, 0, 0], [0, 1, 0, 0, 0, 0, 0, 0, 0, 0, 0, 0], [0, 0, 1, 0, 0, 0, 0, 0, 0, 0, 0, 0], [0, 0, 0, 1, 0, 0, 0, 0, 0, 0, 0, 0], [0, 0, 0, 0, 1, 0, 0, 0, 0, 0, 0, 0], [0, 0, 0, 0, 0, 1, 0, 0, 0, 0, 0, 0], [0, 0, 0, 0, 0, 0, 1, 0, 0, 0, 0, 0], [0, 0, 0, 0, 0, 0, 0, 1, 0, 0, 0, 0], [0, 0, 0, 0, 0, 0, 0, 0, 1, 0, 0, 0], [0, 0, 0, 0, 0, 0, 0, 0, 0, 1, 0, 0], [0, 0, 0, 0, 0, 0, 0, 0, 0, 0, 1, 0], [0, 0, 0, 0, 0, 0, 0, 0, 0, 0, 0, 1]]
[[1, 0, 0, 0, 0, 0, 0, 0, 0, 0, 0, 0], [0, 1, 0, 0, 0, 0, 0, 0, 0, 0, 0, 0], [0, 0, 1, 0, 0, 0, 0, 0, 0, 0, 0, 0], [0, 0, 0, 1, 0, 0, 0, 0, 0, 0, 0, 0], [0, 0, 0, 0, 1, 0, 0, 0, 0, 0, 0, 0], [0, 0, 0, 0, 0, 1, 0, 0, 0, 0, 0, 0], [0, 0, 0, 0, 0, 0, 1, 0, 0, 0, 0, 0], [0, 0, 0, 0, 0, 0, 0, 1, 0, 0, 0, 0], [0, 0, 0, 0, 0, 0, 0, 0, 1, 0, 0, 0], [0, 0, 0, 0, 0, 0, 0, 0, 0, 1, 0, 0], [0, 0, 0, 0, 0, 0, 0, 0, 0, 0, 1, 0], [0, 0, 0, 0, 0, 0, 0, 0, 0, 0, 0, 1]]
[[0, -1, 0, 0, 0, 1, 0, 1, 1, 1, 1, 0], [0, 1, 0, 0, 0, 0, 0, 0, 0, 0, 0, 0], [0, 0, 1, 0, 0, 0, 0, 0, 0, 0, 0, 0], [-1, -1, 0, 1, 0, 1, 0, 1, 1, 1, 1, 0], [1, 1, 0, 0, 1, -1, 0, -1, -1, -1, -1, 0], [1, 1, 0, 0, 0, 0, 0, -1, -1, -1, -1, 0], [1, 1, 0, 0, 0, -1, 1, -1, -1, -1, -1, 0], [-1, -1, 0, 0, 0, 1, 0, 2, 1, 1, 1, 0], [1, 1, 0, 0, 0, -1, 0, -1, 0, -1, -1, 0], [0, 0, 0, 0, 0, 0, 0, 0, 0, 1, 0, 0], [0, 0, 0, 0, 0, 0, 0, 0, 0, 0, 1, 0], [0, 0, 0, 0, 0, 0, 0, 0, 0, 0, 0, 1]]
[[1, 0, 0, 0, 0, 0, 0, 0, 0, 0, 0, 0], [0, 1, 0, 0, 0, 0, 0, 0, 0, 0, 0, 0], [0, 0, 1, 0, 0, 0, 0, 0, 0, 0, 0, 0], [0, 0, 0, 1, 0, 0, 0, 0, 0, 0, 0, 0], [0, 0, 0, 0, 1, 0, 0, 0, 0, 0, 0, 0], [0, 0, 0, 0, 0, 1, 0, 0, 0, 0, 0, 0], [0, 0, 0, 0, 0, 0, 1, 0, 0, 0, 0, 0], [0, 0, 0, 0, 0, 0, 0, 1, 0, 0, 0, 0], [0, 0, 0, 0, 0, 0, 0, 0, 1, 0, 0, 0], [0, 0, 0, 0, 0, 0, 0, 0, 0, 1, 0, 0], [0, 0, 0, 0, 0, 0, 0, 0, 0, 0, 1, 0], [0, 0, 0, 0, 0, 0, 0, 0, 0, 0, 0, 1]]
[[1, 0, 0, 0, 0, 0, 0, 0, 0, 0, 0, 0], [0, 1, 0, 0, 0, 0, 0, 0, 0, 0, 0, 0], [0, 0, 1, 0, 0, 0, 0, 0, 0, 0, 0, 0], [0, 0, 0, 1, 0, 0, 0, 0, 0, 0, 0, 0], [0, 0, 0, 0, 1, 0, 0, 0, 0, 0, 0, 0], [0, 0, 0, 0, 0, 1, 0, 0, 0, 0, 0, 0], [0, 0, 0, 0, 0, 0, 1, 0, 0, 0, 0, 0], [0, 0, 0, 0, 0, 0, 0, 1, 0, 0, 0, 0], [0, 0, 0, 0, 0, 0, 0, 0, 1, 0, 0, 0], [0, 0, 0, 0, 0, 0, 0, 0, 0, 1, 0, 0], [0, 0, 0, 0, 0, 0, 0, 0, 0, 0, 1, 0], [0, 0, 0, 0, 0, 0, 0, 0, 0, 0, 0, 1]]
[[1, 0, 0, 0, 0, 0, 0, 0, 0, 0, 0, 0], [0, 1, 0, 0, 0, 0, 0, 0, 0, 0, 0, 0], [0, 0, 1, 0, 0, 0, 0, 0, 0, 0, 0, 0], [0, 0, 0, 1, 0, 0, 0, 0, 0, 0, 0, 0], [0, 0, 0, 0, 1, 0, 0, 0, 0, 0, 0, 0], [0, 0, 0, 0, 0, 1, 0, 0, 0, 0, 0, 0], [0, 0, 0, 0, 0, 0, 1, 0, 0, 0, 0, 0], [0, 0, 0, 0, 0, 0, 0, 1, 0, 0, 0, 0], [0, 0, 0, 0, 0, 0, 0, 0, 1, 0, 0, 0], [0, 0, 0, 0, 0, 0, 0, 0, 0, 1, 0, 0], [0, 0, 0, 0, 0, 0, 0, 0, 0, 0, 1, 0], [0, 0, 0, 0, 0, 0, 0, 0, 0, 0, 0, 1]]
[[1, 0, 0, 0, 0, 0, 0, 0, 0, 0, 0, 0], [0, 1, 0, 0, 0, 0, 0, 0, 0, 0, 0, 0], [0, 0, 1, 0, 0, 0, 0, 0, 0, 0, 0, 0], [0, 0, 0, 1, 0, 0, 0, 0, 0, 0, 0, 0], [0, 0, 0, 0, 1, 0, 0, 0, 0, 0, 0, 0], [0, 0, 0, 0, 0, 1, 0, 0, 0, 0, 0, 0], [0, 0, 0, 0, 0, 0, 1, 0, 0, 0, 0, 0], [0, 0, 0, 0, 0, 0, 0, 1, 0, 0, 0, 0], [0, 0, 0, 0, 0, 0, 0, 0, 1, 0, 0, 0], [0, 0, 0, 0, 0, 0, 0, 0, 0, 1, 0, 0], [0, 0, 0, 0, 0, 0, 0, 0, 0, 0, 1, 0], [0, 0, 0, 0, 0, 0, 0, 0, 0, 0, 0, 1]]
[[1, 0, 0, 0, 0, 0, 0, 0, 0, 0, 0, 0], [0, 1, 0, 0, 0, 0, 0, 0, 0, 0, 0, 0], [0, 0, 1, 0, 0, 0, 0, 0, 0, 0, 0, 0], [0, 0, 0, 1, 1, 0, 0, 0, -1, 0, 0, 0], [0, 0, 0, 0, -1, 0, 0, 0, 2, 0, 0, 0], [0, 0, 0, 0, 1, 1, 0, 0, -1, 0, 0, 0], [0, 0, 0, 0, 0, 0, 1, 0, 0, 0, 0, 0], [0, 0, 0, 0, -1, 0, 0, 1, 1, 0, 0, 0], [0, 0, 0, 0, 0, 0, 0, 0, 1, 0, 0, 0], [0, 0, 0, 0, 0, 0, 0, 0, 0, 1, 0, 0], [0, 0, 0, 0, 0, 0, 0, 0, 0, 0, 1, 0], [0, 0, 0, 0, 0, 0, 0, 0, 0, 0, 0, 1]]
[[1, 0, 0, 0, 0, 0, 0, 0, 0, 0, 0, 0], [0, 1, 0, 0, 0, 0, 0, 0, 0, 0, 0, 0], [0, 0, 1, 1, -1, 0, 0, 1, 3, 1, 2, 0], [0, 0, 0, 1, 0, 0, 0, 0, 0, 0, 0, 0], [0, 0, 1, -1, 0, 0, -1, -1, 0, 0, 0, 0], [0, 0, -1, 2, 0, 1, 1, 2, 3, 1, 2, 0], [-1, 1, -1, 0, -1, 0, 1, 1, 1, 0, 1, 1], [1, -1, 2, 0, -1, 0, -1, 0, 2, 1, 1, -1], [0, 0, 0, 0, 0, 0, 0, 0, 1, 0, 0, 0], [-1, 1, -1, -1, 0, 0, 0, 0, -2, 0, -1, 1], [0, 0, 0, -1, 1, 0, 0, -1, -3, -1, -1, 0], [1, -1, 1, 1, 0, 0, 0, 0, 2, 1, 1, 0]]
[[-1, 0, 0, -1, -1, 0, 0, 1, 1, 1, 0, 0], [0, 1, -1, 0, 0, 0, 1, 0, -1, -1, 0, 0], [0, 0, 1, -1, 1, 0, 0, -1, -3, -1, 0, 0], [0, 0, 1, 0, 1, 0, -1, -1, -2, 0, 0, 0], [0, 0, -2, 1, 0, 0, 2, 1, 1, -1, 0, 0], [0, 0, 0, -1, 1, 1, 0, -1, -3, -1, 0, 0], [1, 0, 1, 0, 1, 0, 0, -1, -1, 0, 0, 0], [-1, 0, 0, -1, 0, 0, 0, 1, -1, 0, 0, 0], [0, 0, -1, 0, 0, 0, 1, 0, 0, -1, 0, 0], [1, 0, 0, 1, 0, 0, 0, 0, 1, 1, 0, 0], [0, 0, 0, 1, -1, 0, 0, 1, 3, 1, 1, 0], [-1, 0, 0, -1, 0, 0, 0, 0, -1, 0, 0, 1]]
[[1, 0, 0, 0, 0, 0, 0, 0, 0, 0, 0, 0], [0, 1, 0, 0, 0, 0, 0, 0, 0, 0, 0, 0], [0, 0, 1, 0, 0, 0, 0, 0, 0, 0, 0, 0], [0, 0, 0, 1, 0, 0, 0, 0, 0, 0, 0, 0], [0, 0, 0, 0, 1, 0, 0, 0, 0, 0, 0, 0], [0, 0, 0, 0, 0, 1, 0, 0, 0, 0, 0, 0], [0, 0, 0, 0, 0, 0, 1, 0, 0, 0, 0, 0], [0, 0, 0, 0, 0, 0, 0, 1, 0, 0, 0, 0], [0, 0, 0, 0, 0, 0, 0, 0, 1, 0, 0, 0], [0, 0, 0, 0, 0, 0, 0, 0, 0, 1, 0, 0], [0, 0, 0, 0, 0, 0, 0, 0, 0, 0, 1, 0], [0, 0, 0, 0, 0, 0, 0, 0, 0, 0, 0, 1]]
[[1, -1, 1, 1, 0, 0, 0, 1, 2, 1, 2, 0], [0, 1, 0, 0, 0, 0, 0, 0, 0, 0, 0, 0], [0, 0, 1, 0, 0, 0, 0, 0, 0, 0, 0, 0], [0, 1, -1, 0, 0, 0, 0, -1, -2, -1, -2, 0], [0, 0, 0, 0, 1, 0, 0, 0, 0, 0, 0, 0], [0, -1, 1, 1, 0, 1, 0, 1, 2, 1, 2, 0], [0, 0, 0, 0, 0, 0, 1, 0, 0, 0, 0, 0], [0, -1, 1, 1, 0, 0, 0, 2, 2, 1, 2, 0], [0, 0, 0, 0, 0, 0, 0, 0, 1, 0, 0, 0], [0, 0, 0, 0, 0, 0, 0, 0, 0, 1, 0, 0], [0, 1, -1, -1, 0, 0, 0, -1, -2, -1, -1, 0], [0, 0, 0, 0, 0, 0, 0, 0, 0, 0, 0, 1]]
[[1, -2, 1, 1, 0, 1, 0, 1, 2, 2, 2, 0], [0, -1, 1, 1, 0, 0, 0, 1, 2, 1, 2, 0], [0, -2, 2, 1, 0, 0, 0, 1, 2, 1, 2, 0], [0, 0, 2, -1, 0, -1, 0, 0, 0, 1, 0, 0], [0, 0, -2, 2, 1, 1, 0, 0, 0, -1, 0, 0], [0, -2, 1, 1, 0, 0, 0, 1, 2, 0, 2, 0], [0, 2, -2, 0, 0, -1, 1, -1, -2, -3, -2, 0], [0, -4, 2, 2, 0, 2, 0, 3, 4, 4, 4, 0], [0, 0, -1, 1, 0, 0, 0, 0, 1, -1, 0, 0], [0, 2, -1, -1, 0, -1, 0, -1, -2, -1, -2, 0], [0, 2, -1, -1, 0, 0, 0, -1, -2, -1, -1, 0], [0, 0, 0, 0, 0, 0, 0, 0, 0, 0, 0, 1]]
[[1, 0, 0, 0, 0, 0, 0, 0, 0, 0, 0, 0], [0, 1, 0, 0, 0, 0, 0, 0, 0, 0, 0, 0], [0, 0, 1, 0, 0, 0, 0, 0, 0, 0, 0, 0], [0, 0, 0, 1, 0, 0, 0, 0, 0, 0, 0, 0], [0, 0, 0, 0, 1, 0, 0, 0, 0, 0, 0, 0], [0, 0, 0, 0, 0, 1, 0, 0, 0, 0, 0, 0], [0, 0, 0, 0, 0, 0, 1, 0, 0, 0, 0, 0], [0, 0, 0, 0, 0, 0, 0, 1, 0, 0, 0, 0], [0, 0, 0, 0, 0, 0, 0, 0, 1, 0, 0, 0], [0, 0, 0, 0, 0, 0, 0, 0, 0, 1, 0, 0], [0, 0, 0, 0, 0, 0, 0, 0, 0, 0, 1, 0], [0, 0, 0, 0, 0, 0, 0, 0, 0, 0, 0, 1]]
[[1, 0, 0, 0, 0, 0, 0, 0, 0, 0, 0, 0], [0, 1, 0, 0, 0, 0, 0, 0, 0, 0, 0, 0], [0, 0, 1, 0, 0, 0, 0, 0, 0, 0, 0, 0], [0, 0, 0, 1, 0, 0, 0, 0, 0, 0, 0, 0], [0, 0, 0, 0, 1, 0, 0, 0, 0, 0, 0, 0], [0, 0, 0, 0, 0, 1, 0, 0, 0, 0, 0, 0], [0, 0, 0, 0, 0, 0, 1, 0, 0, 0, 0, 0], [0, 0, 0, 0, 0, 0, 0, 1, 0, 0, 0, 0], [0, 0, 0, 0, 0, 0, 0, 0, 1, 0, 0, 0], [0, 0, 0, 0, 0, 0, 0, 0, 0, 1, 0, 0], [0, 0, 0, 0, 0, 0, 0, 0, 0, 0, 1, 0], [0, 0, 0, 0, 0, 0, 0, 0, 0, 0, 0, 1]]
[[1, 0, 0, 0, 0, 0, 0, 0, 0, 0, 0, 0], [0, 1, 0, 0, 0, 0, 0, 0, 0, 0, 0, 0], [0, 0, 1, 0, 0, 0, 0, 0, 0, 0, 0, 0], [0, 0, 0, 1, 0, 0, 0, 0, 0, 0, 0, 0], [0, 0, 0, 0, 1, 0, 0, 0, 0, 0, 0, 0], [0, 0, 0, 0, 0, 1, 0, 0, 0, 0, 0, 0], [0, 0, 0, 0, 0, 0, 1, 0, 0, 0, 0, 0], [0, 0, 0, 0, 0, 0, 0, 1, 0, 0, 0, 0], [0, 0, 0, 0, 0, 0, 0, 0, 1, 0, 0, 0], [0, 0, 0, 0, 0, 0, 0, 0, 0, 1, 0, 0], [0, 0, 0, 0, 0, 0, 0, 0, 0, 0, 1, 0], [0, 0, 0, 0, 0, 0, 0, 0, 0, 0, 0, 1]]
[[1, 0, 0, 0, 0, 0, 0, 0, 0, 0, 0, 0], [0, 1, 0, 0, 0, 0, 0, 0, 0, 0, 0, 0], [0, 0, 1, 0, 0, 0, 0, 0, 0, 0, 0, 0], [0, 0, 0, 1, 0, 0, 0, 0, 0, 0, 0, 0], [0, 1, -1, 0, 1, 0, 1, 0, -1, -1, 0, 0], [0, 0, 0, 0, 0, 1, 0, 0, 0, 0, 0, 0], [0, -1, 1, 0, 0, 0, 0, 0, 1, 1, 0, 0], [0, 0, 0, 0, 0, 0, 0, 1, 0, 0, 0, 0], [0, 1, -1, 0, 0, 0, 1, 0, 0, -1, 0, 0], [0, 0, 0, 0, 0, 0, 0, 0, 0, 1, 0, 0], [0, -1, 1, 0, 0, 0, -1, 0, 1, 1, 1, 0], [0, 1, -1, 0, 0, 0, 1, 0, -1, -1, 0, 1]]
[[1, 0, 0, 0, 0, 0, 0, 0, 0, 0, 0, 0], [0, 1, 0, 0, 0, 0, 0, 0, 0, 0, 0, 0], [0, 0, 1, 0, 0, 0, 0, 0, 0, 0, 0, 0], [0, 0, 0, 1, 0, 0, 0, 0, 0, 0, 0, 0], [0, 0, 0, 0, 1, 0, 0, 0, 0, 0, 0, 0], [0, 0, 0, 0, 0, 1, 0, 0, 0, 0, 0, 0], [0, 0, 0, 0, 0, 0, 1, 0, 0, 0, 0, 0], [0, 0, 0, 0, 0, 0, 0, 1, 0, 0, 0, 0], [0, 0, 0, 0, 0, 0, 0, 0, 1, 0, 0, 0], [0, 0, 0, 0, 0, 0, 0, 0, 0, 1, 0, 0], [0, 0, 0, 0, 0, 0, 0, 0, 0, 0, 1, 0], [0, 0, 0, 0, 0, 0, 0, 0, 0, 0, 0, 1]]
[[0, 0, -1, 1, 1, 1, 0, 1, 0, 0, 1, 0], [0, 1, -1, -1, 0, 0, 0, -1, -2, -1, -2, 0], [0, 0, 0, -1, 0, 0, 0, -1, -2, -1, -2, 0], [-1, 0, -1, 0, -1, 0, 0, 0, 0, -1, -1, 0], [1, 0, 1, -1, 0, -1, 0, -1, 0, 0, -1, 0], [1, 0, 0, 0, 1, 1, 0, -1, -2, 0, -1, 0], [0, 0, 0, 0, 0, 0, 1, 0, 0, 0, 0, 0], [0, 0, 0, 0, 0, 0, 0, 1, 0, 0, 0, 0], [1, 0, 0, 0, 1, 0, 0, -1, -1, 0, -1, 0], [-1, 0, 0, 0, -1, 0, 0, 1, 2, 1, 1, 0], [0, 0, 0, 0, 0, 0, 0, 0, 0, 0, 1, 0], [0, 0, 0, 0, 0, 0, 0, 0, 0, 0, 0, 1]]
[[1, 0, 0, 0, 0, 0, 0, 0, 0, 0, 0, 0], [0, 1, 0, 0, 0, 0, 0, 0, 0, 0, 0, 0], [0, 0, 1, 0, 0, 0, 0, 0, 0, 0, 0, 0], [0, 0, 0, 1, 0, 0, 0, 0, 0, 0, 0, 0], [0, 0, 0, 0, 1, 0, 0, 0, 0, 0, 0, 0], [0, 0, 0, 0, 0, 1, 0, 0, 0, 0, 0, 0], [0, 0, 0, 0, 0, 0, 1, 0, 0, 0, 0, 0], [0, 0, 0, 0, 0, 0, 0, 1, 0, 0, 0, 0], [0, 0, 0, 0, 0, 0, 0, 0, 1, 0, 0, 0], [0, 0, 0, 0, 0, 0, 0, 0, 0, 1, 0, 0], [0, 0, 0, 0, 0, 0, 0, 0, 0, 0, 1, 0], [0, 0, 0, 0, 0, 0, 0, 0, 0, 0, 0, 1]]
[[1, 0, 0, 0, 0, 0, 0, -1, -1, -1, -1, -1], [0, 1, 0, 0, 0, 0, 0, 0, 0, 0, 0, 0], [0, 0, 0, 1, 0, 0, 0, 1, 2, 1, 0, 0], [0, 0, 1, 0, 0, -1, 0, 1, 1, 1, 1, 1], [0, 0, -1, 1, 1, 1, 0, -1, -1, -1, -1, -1], [0, 0, 0, 0, 0, 0, 0, 0, 1, 0, -1, -1], [0, 0, -1, 1, 0, 0, 1, 1, 2, 1, 0, 0], [0, 0, -1, 1, 0, 1, 0, 1, 0, 0, 0, 0], [0, 0, 0, 0, 0, 0, 0, -1, 0, -1, -1, -1], [0, 0, 1, -1, 0, 0, 0, 0, -1, 1, 1, 1], [0, 0, 0, 0, 0, 0, 0, 0, 0, 0, 1, 0], [0, 0, 0, 0, 0, -1, 0, -1, 0, -1, -2, -1]]
[[1, 0, 0, 0, 0, 0, 0, 0, 0, 0, 0, 0], [0, 1, 0, 0, 0, 0, 0, 0, 0, 0, 0, 0], [0, 0, 1, 0, 0, 0, 0, 0, 0, 0, 0, 0], [0, 0, 0, 1, 0, 0, 0, 0, 0, 0, 0, 0], [0, 0, 0, 0, 1, 0, 0, 0, 0, 0, 0, 0], [0, 0, 0, 0, 0, 1, 0, 0, 0, 0, 0, 0], [0, 0, 0, 0, 0, 0, 1, 0, 0, 0, 0, 0], [0, 0, 0, 0, 0, 0, 0, 1, 0, 0, 0, 0], [0, 0, 0, 0, 0, 0, 0, 0, 1, 0, 0, 0], [0, 0, 0, 0, 0, 0, 0, 0, 0, 1, 0, 0], [0, 0, 0, 0, 0, 0, 0, 0, 0, 0, 1, 0], [0, 0, 0, 0, 0, 0, 0, 0, 0, 0, 0, 1]]
[[0, 1, -1, -1, 0, -1, 0, -1, -2, -2, -2, 0], [0, -1, 2, -1, 0, 0, -1, -1, -1, 0, 0, 0], [0, 0, 1, 0, 0, 0, 0, 0, 0, 0, 0, 0], [1, 1, -1, 2, 1, 0, 1, 0, 0, 0, 0, 0], [-1, -3, 3, -1, -1, 1, -2, 1, 2, 2, 2, 0], [-1, 1, -1, -1, 0, 0, 0, -1, -2, -2, -2, 0], [-1, 1, -1, 0, -1, 0, 1, 1, 1, 0, 0, 0], [1, -1, 1, 0, 1, 0, 0, 0, -1, 0, 0, 0], [-1, -1, 1, -1, -1, 0, -1, 0, 1, 0, 0, 0], [0, 0, 0, 0, 0, 0, 0, 0, 0, 1, 0, 0], [0, 0, 0, 0, 0, 0, 0, 0, 0, 0, 1, 0], [-1, 1, -1, 0, -1, 0, 0, 1, 1, 0, 0, 1]]
[[0, 0, 0, 0, -1, 0, 0, 1, 2, 1, 1, 1], [0, 1, 0, 0, 0, 0, 0, 0, 0, 0, 0, 0], [0, 0, 1, 0, 0, 0, 0, 0, 0, 0, 0, 0], [-1, 0, 0, 0, 0, 1, 0, 1, -1, 1, 1, 1], [1, 2, -2, 0, 1, -1, 1, -2, -2, -3, -3, -1], [1, -2, 2, 1, 1, 1, -1, 0, 1, 1, 1, -1], [1, -2, 2, 1, 1, 0, 0, 0, 1, 1, 1, -1], [-1, 2, -2, 0, -2, -1, 1, 1, 2, -1, -1, 1], [1, 0, 0, 0, 1, 0, 0, -1, -1, -1, -1, -1], [0, 0, 0, 0, 0, 0, 0, 0, 0, 1, 0, 0], [0, 0, 0, 0, 0, 0, 0, 0, 0, 0, 1, 0], [1, 0, 0, 0, 1, 0, 0, -1, -2, -1, -1, 0]]
[[1, 0, 0, 0, 0, 0, 0, 0, 0, 0, 0, 0], [0, 1, 0, 0, 0, 0, 0, 0, 0, 0, 0, 0], [0, 0, 1, 0, 0, 0, 0, 0, 0, 0, 0, 0], [0, 0, 0, 1, 1, 0, 0, 0, -1, 0, 0, 0], [0, 0, 0, 0, -1, 0, 0, 0, 2, 0, 0, 0], [0, 0, 0, 0, 1, 1, 0, 0, -1, 0, 0, 0], [0, 0, 0, 0, 0, 0, 1, 0, 0, 0, 0, 0], [0, 0, 0, 0, -1, 0, 0, 1, 1, 0, 0, 0], [0, 0, 0, 0, 0, 0, 0, 0, 1, 0, 0, 0], [0, 0, 0, 0, 0, 0, 0, 0, 0, 1, 0, 0], [0, 0, 0, 0, 0, 0, 0, 0, 0, 0, 1, 0], [0, 0, 0, 0, 0, 0, 0, 0, 0, 0, 0, 1]]
[[1, 0, 0, 0, 0, 0, 0, 0, 0, 0, 0, 0], [0, 1, 0, 0, 0, 0, 0, 0, 0, 0, 0, 0], [0, 0, 1, 0, 0, 0, 0, 0, 0, 0, 0, 0], [0, 0, 0, 1, 0, 0, 0, 0, 0, 0, 0, 0], [0, 0, 0, 0, 1, 0, 0, 0, 0, 0, 0, 0], [0, 0, 0, 0, 0, 1, 0, 0, 0, 0, 0, 0], [0, 0, 0, 0, 0, 0, 1, 0, 0, 0, 0, 0], [0, 0, 0, 0, 0, 0, 0, 1, 0, 0, 0, 0], [0, 0, 0, 0, 0, 0, 0, 0, 1, 0, 0, 0], [0, 0, 0, 0, 0, 0, 0, 0, 0, 1, 0, 0], [0, 0, 0, 0, 0, 0, 0, 0, 0, 0, 1, 0], [0, 0, 0, 0, 0, 0, 0, 0, 0, 0, 0, 1]]
[[1, 0, 0, 0, 0, 0, 0, 0, 0, 0, 0, 0], [0, 1, 0, 0, 0, 0, 0, 0, 0, 0, 0, 0], [0, 0, 1, 0, 0, 0, 0, 0, 0, 0, 0, 0], [0, 0, 0, 1, 0, 0, 0, 0, 0, 0, 0, 0], [0, 0, 0, 0, 1, 0, 0, 0, 0, 0, 0, 0], [0, 0, 0, 0, 0, 1, 0, 0, 0, 0, 0, 0], [0, 0, 0, 0, 0, 0, 1, 0, 0, 0, 0, 0], [0, 0, 0, 0, 0, 0, 0, 1, 0, 0, 0, 0], [0, 0, 0, 0, 0, 0, 0, 0, 1, 0, 0, 0], [0, 0, 0, 0, 0, 0, 0, 0, 0, 1, 0, 0], [0, 0, 0, 0, 0, 0, 0, 0, 0, 0, 1, 0], [0, 0, 0, 0, 0, 0, 0, 0, 0, 0, 0, 1]]
[[1, 0, 0, 0, 0, 0, 0, 0, 0, 0, 0, 0], [0, 1, 0, 0, 0, 0, 0, 0, 0, 0, 0, 0], [0, 0, 1, 1, 1, 0, 0, 1, 1, 1, 2, 0], [0, 0, 1, 0, 1, 0, -1, -1, -2, 0, 0, 0], [0, 0, -1, 1, 0, 0, 1, 1, 2, 0, 0, 0], [0, 0, 0, 1, 1, 1, 0, 1, 1, 1, 2, 0], [-1, 1, -1, 0, 0, 0, 1, 1, 0, 0, 1, 1], [1, -1, 1, 1, 1, 0, 0, 1, 1, 1, 1, -1], [0, 0, 0, 0, 0, 0, 0, 0, 1, 0, 0, 0], [-1, 1, -1, -1, -1, 0, 0, 0, -1, 0, -1, 1], [0, 0, 0, -1, -1, 0, 0, -1, -1, -1, -1, 0], [1, -1, 1, 1, 1, 0, 0, 0, 1, 1, 1, 0]]
[[1, -1, 1, 0, 0, 0, 0, 0, 1, 1, 0, 0], [0, 1, 0, 0, 0, 0, 0, 0, 0, 0, 0, 0], [0, 0, 1, 0, 0, 1, 0, 1, 0, 1, 2, 0], [0, -1, 1, 1, 0, 1, 0, 1, 1, 2, 2, 0], [0, 1, -1, 0, 1, 0, 0, 0, -1, -1, 0, 0], [0, 1, -1, 0, 0, 1, 0, 0, -1, -1, 0, 0], [0, 0, 1, -1, 0, 0, -1, -1, -2, -1, 0, 0], [0, -2, 2, 0, 0, 1, 0, 2, 2, 3, 2, 0], [0, 1, -1, 0, 0, 0, 0, 0, 0, -1, 0, 0], [0, 1, -1, 0, 0, -1, 0, -1, -1, -1, -2, 0], [0, 0, 0, 0, 0, -1, 0, -1, 0, -1, -1, 0], [0, 0, 0, 0, 0, 1, 0, 1, 0, 1, 2, 1]]
[[1, 0, 0, 0, 0, 0, 0, 0, 0, 0, 0, 0], [0, 1, 0, 0, 0, 0, 0, 0, 0, 0, 0, 0], [0, 0, 1, 0, 0, 0, 0, 0, 0, 0, 0, 0], [0, 0, 0, 1, 0, 0, 0, 0, 0, 0, 0, 0], [0, 0, 0, 0, 1, 0, 0, 0, 0, 0, 0, 0], [0, 0, 0, 0, 0, 1, 0, 0, 0, 0, 0, 0], [0, 0, 0, 0, 0, 0, 1, 0, 0, 0, 0, 0], [0, 0, 0, 0, 0, 0, 0, 1, 0, 0, 0, 0], [0, 0, 0, 0, 0, 0, 0, 0, 1, 0, 0, 0], [0, 0, 0, 0, 0, 0, 0, 0, 0, 1, 0, 0], [0, 0, 0, 0, 0, 0, 0, 0, 0, 0, 1, 0], [0, 0, 0, 0, 0, 0, 0, 0, 0, 0, 0, 1]]

Generators of monodromy action on conics:
(47,53)(48,54)(49,55)(50,56)(65,85)(66,86)(75,93)(76,94)(77,101)(78,102)(79,109)(80,110)(81,111)(82,112)(83,107)(84,108)
(7,23)(8,24)(9,26)(10,25)(35,71)(36,72)(47,79)(48,80)(53,109)(54,110)(57,127)(58,128)(59,124)(60,123)(63,114)(64,113)
(1,35,28,39)(2,36,27,40)(3,61,8,88)(4,62,7,87)(5,104,32,114)(6,103,31,113)(9,33,13,115)(10,34,14,116)(11,71,18,96)(12,72,17,95)(15,42,22,63)(16,41,21,64)(19,38,23,105)(20,37,24,106)(25,52,29,74)(26,51,30,73)(43,121,128,91)(44,122,127,92)(45,126,123,90)(46,125,124,89)(47,85,112,101)(48,86,111,102)(49,75,79,107)(50,76,80,108)(53,65,82,77)(54,66,81,78)(55,93,109,83)(56,94,110,84)(57,98,117,68)(58,97,118,67)(59,99,120,69)(60,100,119,70)
(1,126,78)(2,125,77)(3,100,110)(4,99,109)(5,60,111,18,127,55)(6,59,112,17,128,56)(7,120,84)(8,119,83)(9,44,86)(10,43,85)(11,70,94)(12,69,93)(13,92,47)(14,91,48)(15,123,50,28,57,82)(16,124,49,27,58,81)(19,89,53)(20,90,54)(21,67,76)(22,68,75)(23,46,66)(24,45,65)(25,118,107)(26,117,108)(29,97,80)(30,98,79)(31,121,102)(32,122,101)(33,113,104)(34,114,103)(35,40,105)(36,39,106)(37,73)(38,74)(41,52,63)(42,51,64)(61,115)(62,116)(71,95,87)(72,96,88)
