
########################################################
# DATA FOR CRYSTALLOGRAPHIC QUARTIC SURFACE FAMILY 5.1 #
########################################################

##################
# GROUP & FAMILY #
##################

Generators of crystallographic group:
[[-1, -1, 0, 0], [0, 1, 0, 0], [0, 0, -1, -1], [0, 0, 0, 1]]
[[-1, 0, -1, 0], [0, -1, 0, -1], [0, 0, 1, 0], [0, 0, 0, 1]]

Invariant polynomials:
w^4
-z^4 - 2*z^3*w + z*w^3
-y^4 - 2*y^3*w + y*w^3
4*x^4 + 8*x^3*y - 4*x*y^3 + 8*x^3*z + 12*x^2*y*z - 2*y^3*z - 3*y^2*z^2 - 4*x*z^3 - 2*y*z^3 + 4*x^3*w - 6*x*y^2*w - 3*y^2*z*w - 6*x*z^2*w - 3*y*z^2*w + x*w^3
z^4 + 2*z^3*w + z^2*w^2
y^2*z^2 + y^2*z*w + y*z^2*w + y*z*w^2
-2*x^4 - 4*x^3*y - 2*x^2*y^2 - 4*x^3*z - 6*x^2*y*z - 2*x*y^2*z + 2*x*z^3 + y*z^3 - 2*x^3*w - 2*x^2*y*w + 3*x*z^2*w + y*z^2*w + x*z*w^2
y^4 + 2*y^3*w + y^2*w^2
-2*x^4 - 4*x^3*y + 2*x*y^3 - 4*x^3*z - 6*x^2*y*z + y^3*z - 2*x^2*z^2 - 2*x*y*z^2 - 2*x^3*w + 3*x*y^2*w - 2*x^2*z*w + y^2*z*w + x*y*w^2
2*x^4 + 4*x^3*y + 2*x^2*y^2 + 4*x^3*z + 6*x^2*y*z + 2*x*y^2*z + 2*x^2*z^2 + 2*x*y*z^2 + y^2*z^2 + 2*x^3*w + 2*x^2*y*w + 2*x^2*z*w + x^2*w^2
x^4 + 2*x^3*y + x^2*y^2 + 2*x^3*z + 3*x^2*y*z + x*y^2*z + x^2*z^2 + x*y*z^2 + x^3*w + x^2*y*w + x^2*z*w + x*y*z*w

Equivalent crystallographic groups:
5.2

############
# HOMOLOGY #
############

Intersection product:
[[-2, -1, 1, 0, 0, 0, 1, 1, 0, 0, -1, -1, -1, -1, 0, 0, 1, 0, 1, 0, 0, 1], [-1, -2, 1, 0, 0, -1, 1, 1, 1, 1, 1, 1, 0, 0, 0, 0, 1, 0, 1, 0, 1, 0], [1, 1, -2, -1, 1, 1, -1, -1, -1, -1, -1, -1, 0, 0, -1, -1, -1, 1, -1, -1, -1, 0], [0, 0, -1, -2, 1, 0, 0, 0, 0, 0, -1, 0, 0, 0, 0, -1, 0, 1, 0, 0, -1, 1], [0, 0, 1, 1, -2, -2, 1, 0, 1, 1, 2, 1, 0, 0, 0, 0, 1, -1, 0, 0, 1, 0], [0, -1, 1, 0, -2, -4, 1, 0, 1, 2, 3, 2, 0, 1, 0, 0, 1, -1, 0, 0, 1, 0], [1, 1, -1, 0, 1, 1, -2, -1, -1, -1, -1, -1, 0, 0, -1, -1, -1, 1, -1, -1, -1, 0], [1, 1, -1, 0, 0, 0, -1, -2, 0, 0, 1, 0, 0, 0, -1, -1, 0, 1, -1, -1, 0, 0], [0, 1, -1, 0, 1, 1, -1, 0, -2, -1, -2, -2, -1, -1, -1, -1, 0, 1, 0, -1, -1, 1], [0, 1, -1, 0, 1, 2, -1, 0, -1, -2, -2, -1, 0, -1, 0, -1, 0, 1, 0, 0, -1, 1], [-1, 1, -1, -1, 2, 3, -1, 1, -2, -2, -6, -4, -1, -2, 0, -1, -1, 1, 0, 0, -2, 2], [-1, 1, -1, 0, 1, 2, -1, 0, -2, -1, -4, -4, -1, -2, -1, -1, 0, 1, 0, -1, -1, 2], [-1, 0, 0, 0, 0, 0, 0, 0, -1, 0, -1, -1, -2, -1, 0, 0, 1, 0, 1, 0, 0, 1], [-1, 0, 0, 0, 0, 1, 0, 0, -1, -1, -2, -2, -1, -2, 0, 0, 0, 0, 0, 0, 0, 1], [0, 0, -1, 0, 0, 0, -1, -1, -1, 0, 0, -1, 0, 0, -2, -1, 0, 1, 0, -1, 0, 0], [0, 0, -1, -1, 0, 0, -1, -1, -1, -1, -1, -1, 0, 0, -1, -2, 0, 1, 0, 0, -1, 1], [1, 1, -1, 0, 1, 1, -1, 0, 0, 0, -1, 0, 1, 0, 0, 0, -2, 1, -1, -1, -1, 0], [0, 0, 1, 1, -1, -1, 1, 1, 1, 1, 1, 1, 0, 0, 1, 1, 1, -2, 0, 0, 1, 0], [1, 1, -1, 0, 0, 0, -1, -1, 0, 0, 0, 0, 1, 0, 0, 0, -1, 0, -2, -1, 0, 0], [0, 0, -1, 0, 0, 0, -1, -1, -1, 0, 0, -1, 0, 0, -1, 0, -1, 0, -1, -2, 0, 0], [0, 1, -1, -1, 1, 1, -1, 0, -1, -1, -2, -1, 0, 0, 0, -1, -1, 1, 0, 0, -2, 1], [1, 0, 0, 1, 0, 0, 0, 0, 1, 1, 2, 2, 1, 1, 0, 1, 0, 0, 0, 0, 1, -2]]

Basis of the generic Picard lattice:
[1, 0, 0, 0, 0, 0, 0, 0, 0, 0, 0, 0, 1, 0, 0, -3, -1, -2, -1, 2, 2, 0]
[0, 1, 0, 0, 0, 0, 0, 0, 0, 0, 0, 0, 0, 0, 0, -2, -1, -1, 0, 1, 2, 0]
[0, 0, 1, 0, 0, 0, 0, 0, 0, 0, 0, 0, 0, 0, -1, 2, 1, 1, 0, 0, -2, 0]
[0, 0, 0, 1, 0, 0, 0, 0, 0, 0, 0, 0, 0, 0, 0, -1, 0, 0, -1, 1, 0, 0]
[0, 0, 0, 0, 1, 0, 0, 0, 0, 0, 0, 0, 1, 0, 0, -2, -1, -2, 0, 1, 2, 0]
[0, 0, 0, 0, 0, 1, 0, 0, 0, 0, 0, 0, 0, 0, 0, -1, -1, -1, 1, 0, 3, 1]
[0, 0, 0, 0, 0, 0, 1, 0, 0, 0, 0, 0, 0, 0, -1, 1, -1, 0, 1, 0, 1, 1]
[0, 0, 0, 0, 0, 0, 0, 1, 0, 0, 0, 0, 0, 0, -1, 1, 0, 0, 0, 0, 0, 0]
[0, 0, 0, 0, 0, 0, 0, 0, 1, 0, 0, 0, 0, 0, -1, 0, -1, -1, 0, 1, 1, 1]
[0, 0, 0, 0, 0, 0, 0, 0, 0, 1, 0, 0, 0, 0, 0, -1, 0, -1, -1, 1, -1, -1]
[0, 0, 0, 0, 0, 0, 0, 0, 0, 0, 1, 0, 0, 0, 0, -1, -1, 0, -1, 1, 0, 1]
[0, 0, 0, 0, 0, 0, 0, 0, 0, 0, 0, 1, 0, 0, -1, -1, -1, -1, -1, 1, 1, 1]
[0, 0, 0, 0, 0, 0, 0, 0, 0, 0, 0, 0, 0, 1, 0, -1, 0, 0, -1, 1, 0, 0]

Class of hyperplane section:
[3, -3, 0, 0, -3, 1, 0, 0, 0, 0, -1, 0, 0, 0, 0, 3, 3, 2, -1, -1, -3, 0]

Action of the group on homology:
[[0, 0, 0, 0, 1, 1, -1, 0, -1, -1, -2, -1, -1, 0, 0, 0, 0, 0, 0, 0, -1, 0], [0, 0, 0, 0, 0, 0, 1, 0, 1, 1, 1, 0, 0, 0, 0, 0, 0, 0, 0, -1, 1, 0], [0, 0, 0, 0, 0, 0, 0, 0, 0, 0, -1, -1, 0, 0, 0, 0, -1, 0, -1, -1, 0, 0], [1, 0, 0, 0, 0, -1, 0, 0, 1, 1, 2, 2, 1, 1, 0, 0, 0, 0, 0, 0, 0, 0], [1, 0, -1, 0, 0, -1, 0, -1, 0, 1, 2, 0, 0, 0, -1, 0, -1, 0, -1, -2, 1, 0], [0, 1, 0, 0, 0, 1, 0, 1, 0, -1, -2, 0, 1, 0, 1, 0, 0, 0, 0, 2, -1, 0], [0, 0, 0, 0, 0, 0, 0, 0, 0, 0, 0, 0, 0, 0, 0, 1, -1, -1, -1, -1, 0, 0], [0, 0, 1, 0, 0, 0, 1, 1, 1, 0, 0, 1, 0, 0, 1, -1, 2, 0, 1, 2, 0, 0], [0, 0, 0, 0, 0, 0, 0, -1, 0, 0, 1, 0, -1, 0, -1, -1, 1, 1, 1, 0, 0, 0], [0, 0, 0, 0, 0, 0, 0, 1, 0, 0, -1, 0, 1, 0, 0, 0, 0, 0, 0, 1, 0, 0], [0, 0, 0, 0, 0, 0, 0, 0, 0, -1, 0, 0, 0, 0, 0, -1, 1, 0, 0, 1, 0, 0], [0, 0, 0, 0, 0, 0, 1, 1, 1, 1, 0, 1, 1, 0, 1, 1, -1, 0, 0, 0, 0, 0], [0, 0, -1, 0, 0, 0, -1, -1, -1, 0, 0, -1, 0, 0, -1, 0, -1, 0, -1, -2, 0, 0], [0, 1, 1, 1, -1, 0, 0, 0, 0, 0, 0, 0, 0, 0, 1, 1, 0, -1, 0, 1, 0, 0], [0, 0, 0, 0, 0, 0, -1, 0, -1, -1, 0, 0, 0, 0, 0, 0, 0, 0, 0, 0, 0, 0], [0, 0, 0, 0, 0, 0, 0, -1, 0, 0, 0, 0, -1, 0, 0, 0, 1, 0, 0, 0, 0, 0], [0, 0, 0, 0, 0, 0, 0, 0, 0, 0, 0, 0, 0, 0, 0, 0, 1, 0, 0, 0, 0, 0], [0, 0, 1, 0, 0, 0, 0, 0, 1, 0, 0, 1, 0, 0, 1, 0, 1, 0, 0, 1, 0, 0], [0, 0, -1, 0, 0, 0, -1, -1, -1, 0, 0, -1, -1, 0, -1, 0, -1, 0, 0, -2, 0, 0], [0, 0, 0, 0, 0, 0, 0, 0, 0, 0, 0, 0, 0, 0, 0, 0, 0, 0, 0, 1, 0, 0], [0, 1, 0, 0, 0, 0, 0, 0, 0, 1, 0, 0, 0, 0, 1, 1, -1, 0, 0, 0, 0, 0], [0, 1, 0, 0, 0, 0, 0, 0, 0, 0, -1, 0, 0, 0, 1, 0, 0, 0, 0, 1, -1, 1]]
[[0, -1, 1, 0, -1, -2, 1, 0, 1, 1, 1, 1, 0, 0, 0, 0, 0, 0, 0, 0, 0, 1], [1, 1, -1, 0, 1, 1, -1, 0, 0, 0, 0, 0, 1, 1, 0, 0, -1, 0, -1, -1, 0, -1], [0, 0, 0, 0, 0, 0, 0, 0, 0, 0, -1, -1, 0, 0, 0, 0, -1, 0, -1, -1, 0, 0], [0, 0, 0, 0, 1, 1, 0, 0, 0, 0, 0, 0, -1, 0, 0, 0, 1, 0, 1, 0, 0, 0], [1, 1, -1, 0, 2, 2, -1, 0, 0, 0, -1, -1, 0, 1, 0, 0, 0, 0, 0, 0, 0, -1], [-1, 0, 0, 0, -1, 0, 1, 0, -1, -1, -1, -1, -1, -2, 0, 0, 0, 0, 0, 0, 0, 1], [0, 0, 0, 0, 1, 2, 0, 0, 0, -1, -1, -1, 0, 0, 0, 0, 0, 0, 0, 0, 0, 0], [0, 0, 0, -1, -1, -2, 1, 0, 0, 0, 1, 1, -1, -1, 0, -1, 1, 0, 0, 0, 0, 1], [1, 0, 0, 0, 0, -1, 0, 0, 1, 1, 2, 2, 1, 1, 0, 0, 0, 0, 0, 0, 0, -1], [-1, 0, 0, 0, 0, 1, 0, 0, -1, -1, -2, -2, -1, -2, 0, 0, 0, 0, 0, 0, 0, 1], [0, 0, 0, 0, -1, -1, 1, 0, 0, 0, 1, 0, -1, -1, 0, 0, 1, -1, 0, 0, 1, 0], [0, 1, -1, 0, 1, 2, -1, 0, -1, -1, -2, -1, 0, 0, 0, 0, -1, 1, 0, 0, -1, 0], [0, 0, 0, 0, 0, 0, 0, 0, 1, 1, 0, 0, 1, 1, 0, 0, 0, 0, 0, 0, 0, 0], [0, 0, 0, 0, 0, 0, 0, 0, -1, -1, 0, 0, 0, 0, 0, 0, 0, 0, 0, 0, 0, 0], [-1, -1, 2, 1, -1, -1, 1, 1, 1, 1, 1, 1, 0, 0, 1, 1, 1, -1, 1, 1, 1, 0], [1, 0, 0, 0, -1, -2, 0, -1, 1, 1, 2, 2, 1, 1, 0, 0, 0, 0, -1, 0, 0, 0], [-1, -1, 1, 0, -1, -2, 1, 0, 1, 1, 1, 1, 0, 0, 0, 0, 1, 0, 0, 0, 0, 1], [0, -1, 1, 0, -1, -2, 1, 0, 1, 1, 2, 2, 0, 0, 0, 0, 1, 0, 0, 0, 1, 0], [1, 0, 0, 1, 0, 0, -1, 0, 1, 1, 1, 1, 2, 2, 0, 0, -1, 0, 0, 0, 0, -1], [0, 0, -1, -1, 1, 1, 0, 0, -1, -1, -1, -1, -1, -1, 0, 0, 0, 0, 0, 0, 0, 0], [1, 1, -1, 0, 1, 1, -1, 0, -1, 0, 0, 0, 1, 1, 0, 0, -1, 1, 0, 0, 0, -1], [1, 1, -1, 0, 0, 0, 0, 0, -1, 0, 0, 0, 0, 0, 0, 0, 0, 0, 0, 0, 0, 0]]

####################
# ALGEBRAIC CURVES #
####################

There are 128 conics:
[2, -1, 0, 0, -2, 0, 0, 0, 0, -1, -1, 0, 0, 0, 0, 2, 2, 2, 0, -1, -1, 0]
[1, -2, 0, 0, -1, 1, 0, 0, 0, 1, 0, 0, 0, 0, 0, 1, 1, 0, -1, 0, -2, 0]
[2, -2, 0, 0, -2, 1, 0, 1, -1, 0, 0, 0, 0, 0, 0, 2, 2, 2, -1, -1, -2, 0]
[1, -1, 0, 0, -1, 0, 0, -1, 1, 0, -1, 0, 0, 0, 0, 1, 1, 0, 0, 0, -1, 0]
[2, -2, 0, 0, -2, 1, 0, 0, 0, 1, 0, -1, 0, 0, 1, 1, 2, 1, -1, 0, -3, -1]
[1, -1, 0, 0, -1, 0, 0, 0, 0, -1, -1, 1, 0, 0, -1, 2, 1, 1, 0, -1, 0, 1]
[2, -2, -1, 0, -2, 0, 0, 0, 1, 0, -1, -1, 0, 0, 1, 2, 2, 1, 0, -1, -2, -1]
[1, -1, 1, 0, -1, 1, 0, 0, -1, 0, 0, 1, 0, 0, -1, 1, 1, 1, -1, 0, -1, 1]
[2, -1, 1, -1, -2, 1, 0, 0, -1, 0, -1, 1, 0, 0, -1, 2, 2, 1, 0, -1, -1, 0]
[1, -2, -1, 1, -1, 0, 0, 0, 1, 0, 0, -1, 0, 0, 1, 1, 1, 1, -1, 0, -2, 0]
[2, -2, 0, 0, -2, 1, 0, 0, -1, 0, -1, 1, 0, 0, 0, 1, 2, 1, -1, -1, -1, 0]
[1, -1, 0, 0, -1, 0, 0, 0, 1, 0, 0, -1, 0, 0, 0, 2, 1, 1, 0, 0, -2, 0]
[2, -2, 0, -1, -2, 1, -1, 0, 1, 0, 0, -1, 0, 0, 1, 2, 2, 1, 0, -1, -2, 0]
[1, -1, 0, 1, -1, 0, 1, 0, -1, 0, -1, 1, 0, 0, -1, 1, 1, 1, -1, 0, -1, 0]
[2, -2, 0, 0, -2, 1, -1, 1, 1, 0, 0, -1, 0, 0, 0, 2, 2, 1, -1, 0, -2, 0]
[1, -1, 0, 0, -1, 0, 1, -1, -1, 0, -1, 1, 0, 0, 0, 1, 1, 1, 0, -1, -1, 0]
[2, -2, 0, 0, -3, 2, -1, 2, 0, 0, 0, 0, -1, 1, -1, 2, 2, 2, -2, 0, -1, 1]
[1, -1, 0, 0, 0, -1, 1, -2, 0, 0, -1, 0, 1, -1, 1, 1, 1, 0, 1, -1, -2, -1]
[2, -2, 0, -1, -3, 2, -1, 1, 0, 0, 0, 0, -1, 1, 0, 2, 2, 2, -1, -1, -1, 1]
[1, -1, 0, 1, 0, -1, 1, -1, 0, 0, -1, 0, 1, -1, 0, 1, 1, 0, 0, 0, -2, -1]
[2, -2, 0, 0, -1, 0, 0, -1, 0, 0, -1, 0, 1, -1, 1, 1, 2, 0, 0, -1, -2, -1]
[1, -1, 0, 0, -2, 1, 0, 1, 0, 0, 0, 0, -1, 1, -1, 2, 1, 2, -1, 0, -1, 1]
[2, -1, 1, -1, -1, 0, 0, -1, 0, 0, -1, 0, 1, -1, 0, 2, 2, 0, 1, -1, -2, -1]
[1, -2, -1, 1, -2, 1, 0, 1, 0, 0, 0, 0, -1, 1, 0, 1, 1, 2, -2, 0, -1, 1]
[2, -2, -1, 0, -3, 1, 0, 1, 0, 0, -1, 0, -1, 1, 0, 2, 2, 2, -1, -1, -1, 0]
[1, -1, 1, 0, 0, 0, 0, -1, 0, 0, 0, 0, 1, -1, 0, 1, 1, 0, 0, 0, -2, 0]
[2, -2, 0, 0, -3, 2, 0, 1, -1, 1, 0, 0, -1, 1, 0, 1, 2, 2, -2, 0, -2, 0]
[1, -1, 0, 0, 0, -1, 0, -1, 1, -1, -1, 0, 1, -1, 0, 2, 1, 0, 1, -1, -1, 0]
[2, -2, 0, 0, -1, 0, 0, 0, 0, 0, 0, -1, 1, -1, 1, 2, 2, 1, 0, -1, -3, -1]
[1, -1, 0, 0, -2, 1, 0, 0, 0, 0, -1, 1, -1, 1, -1, 1, 1, 1, -1, 0, 0, 1]
[2, -1, 0, 0, -1, -1, 0, -1, 1, -1, -1, -1, 1, -1, 1, 2, 2, 1, 1, -1, -2, -1]
[1, -2, 0, 0, -2, 2, 0, 1, -1, 1, 0, 1, -1, 1, -1, 1, 1, 1, -2, 0, -1, 1]
[2, -2, 0, 0, -2, 1, -1, 1, 0, 0, 0, 0, 0, -1, 0, 2, 2, 1, -1, -1, -2, 0]
[1, -1, 0, 0, -1, 0, 1, -1, 0, 0, -1, 0, 0, 1, 0, 1, 1, 1, 0, 0, -1, 0]
[2, -1, 1, -1, -2, 1, -1, 0, 0, 0, 0, 0, 0, -1, 0, 2, 2, 1, 0, -1, -2, 0]
[1, -2, -1, 1, -1, 0, 1, 0, 0, 0, -1, 0, 0, 1, 0, 1, 1, 1, -1, 0, -1, 0]
[2, -2, 0, 0, -2, 1, 0, 0, 0, 0, -1, 0, 0, 1, 0, 1, 2, 1, -1, 0, -1, 0]
[1, -1, 0, 0, -1, 0, 0, 0, 0, 0, 0, 0, 0, -1, 0, 2, 1, 1, 0, -1, -2, 0]
[2, -2, 0, -1, -2, 1, 0, 0, 0, 0, -1, 0, 0, 1, 0, 2, 2, 1, 0, -1, -1, 0]
[1, -1, 0, 1, -1, 0, 0, 0, 0, 0, 0, 0, 0, -1, 0, 1, 1, 1, -1, 0, -2, 0]
[2, -1, 0, 0, -1, -1, 1, -1, 0, -1, -1, 0, 1, -1, 0, 2, 1, 1, 1, -1, -1, 0]
[1, -2, 0, 0, -2, 2, -1, 1, 0, 1, 0, 0, -1, 1, 0, 1, 2, 1, -2, 0, -2, 0]
[2, -1, 0, 0, -1, -1, 0, 0, 0, -1, -1, 0, 1, -1, 0, 2, 2, 1, 0, -1, -2, -1]
[1, -2, 0, 0, -2, 2, 0, 0, 0, 1, 0, 0, -1, 1, 0, 1, 1, 1, -1, 0, -1, 1]
[2, -1, 0, 0, -2, 0, 0, 0, 0, 0, -1, 0, 0, -1, 0, 2, 2, 1, 0, -1, -2, -1]
[1, -2, 0, 0, -1, 1, 0, 0, 0, 0, 0, 0, 0, 1, 0, 1, 1, 1, -1, 0, -1, 1]
[2, -2, 0, 1, -1, 0, 1, -1, -1, 0, -1, 0, 1, -1, 1, 1, 2, 1, 0, -1, -2, -1]
[1, -1, 0, -1, -2, 1, -1, 1, 1, 0, 0, 0, -1, 1, -1, 2, 1, 1, -1, 0, -1, 1]
[3, -2, 1, -1, -2, 1, 0, 0, -1, 0, 0, 0, 1, -1, 0, 2, 2, 1, 0, -1, -2, 0]
[0, -1, -1, 1, -1, 0, 0, 0, 1, 0, -1, 0, -1, 1, 0, 1, 1, 1, -1, 0, -1, 0]
[2, -2, 0, 0, -2, 1, 0, 0, -1, 1, 0, 0, 0, -1, 1, 1, 2, 1, -1, -1, -3, -1]
[1, -1, 0, 0, -1, 0, 0, 0, 1, -1, -1, 0, 0, 1, -1, 2, 1, 1, 0, 0, 0, 1]
[3, -3, 0, -1, -4, 3, -1, 2, 0, 1, 1, -1, -1, 1, 0, 2, 2, 2, -2, 0, -2, 1]
[0, 0, 0, 1, 1, -2, 1, -2, 0, -1, -2, 1, 1, -1, 0, 1, 1, 0, 1, -1, -1, -1]
[2, -3, -1, 1, -3, 2, 0, 1, 0, 1, 0, -1, -1, 1, 1, 1, 2, 2, -2, 0, -2, 0]
[1, 0, 1, -1, 0, -1, 0, -1, 0, -1, -1, 1, 1, -1, -1, 2, 1, 0, 1, -1, -1, 0]
[2, -2, 0, 0, -2, 1, 0, 1, 0, 0, 0, -1, 0, 1, 0, 2, 2, 2, -1, 0, -2, 0]
[1, -1, 0, 0, -1, 0, 0, -1, 0, 0, -1, 1, 0, -1, 0, 1, 1, 0, 0, -1, -1, 0]
[2, -2, -1, 0, -3, 1, -1, 2, 1, 0, 0, -1, -1, 1, 0, 2, 2, 2, -2, 0, -2, 0]
[1, -1, 1, 0, 0, 0, 1, -2, -1, 0, -1, 1, 1, -1, 0, 1, 1, 0, 1, -1, -1, 0]
[2, -2, -1, 0, -3, 1, 0, 1, 1, 0, 0, -1, -1, 1, 0, 2, 1, 2, -1, 0, -1, 1]
[1, -1, 1, 0, 0, 0, 0, -1, -1, 0, -1, 1, 1, -1, 0, 1, 2, 0, 0, -1, -2, -1]
[2, -2, -1, 0, -2, 0, 0, 0, 1, -1, -1, -1, 0, 1, 1, 2, 2, 2, 0, -1, -1, 0]
[1, -1, 1, 0, -1, 1, 0, 0, -1, 1, 0, 1, 0, -1, -1, 1, 1, 0, -1, 0, -2, 0]
[3, -2, 0, -1, -3, 1, -1, 1, 1, -1, 0, -1, 0, 0, 0, 3, 2, 2, 0, -1, -1, 1]
[0, -1, 0, 1, 0, 0, 1, -1, -1, 1, -1, 1, 0, 0, 0, 0, 1, 0, -1, 0, -2, -1]
[2, -1, 0, -1, -2, 0, -1, 1, 1, -1, 0, -1, 0, 0, 0, 3, 2, 2, 0, -1, -2, 0]
[1, -2, 0, 1, -1, 1, 1, -1, -1, 1, -1, 1, 0, 0, 0, 0, 1, 0, -1, 0, -1, 0]
[2, -2, -1, 0, -3, 1, -1, 1, 1, 0, 0, -1, -1, 0, 1, 2, 2, 2, -1, -1, -2, 0]
[1, -1, 1, 0, 0, 0, 1, -1, -1, 0, -1, 1, 1, 0, -1, 1, 1, 0, 0, 0, -1, 0]
[2, -2, 0, 0, -2, 1, 0, 0, 0, 0, 0, -1, 0, 0, 1, 2, 2, 2, 0, -1, -2, 0]
[1, -1, 0, 0, -1, 0, 0, 0, 0, 0, -1, 1, 0, 0, -1, 1, 1, 0, -1, 0, -1, 0]
[2, -2, 0, 0, -2, 1, 0, 1, 0, 0, 1, -1, 0, 0, 0, 2, 1, 2, -1, 0, -2, 1]
[1, -1, 0, 0, -1, 0, 0, -1, 0, 0, -2, 1, 0, 0, 0, 1, 2, 0, 0, -1, -1, -1]
[2, -2, 0, 0, -3, 2, -1, 2, 0, 1, 1, -1, -1, 0, 0, 2, 2, 2, -2, 0, -3, 0]
[1, -1, 0, 0, 0, -1, 1, -2, 0, -1, -2, 1, 1, 0, 0, 1, 1, 0, 1, -1, 0, 0]
[3, -2, 0, -1, -3, 1, 0, 1, 0, 0, 0, -1, 0, 0, 0, 3, 2, 2, 0, -1, -2, 0]
[0, -1, 0, 1, 0, 0, 0, -1, 0, 0, -1, 1, 0, 0, 0, 0, 1, 0, -1, 0, -1, 0]
[3, -3, -1, 0, -3, 1, 0, 1, 0, 0, 0, -1, 0, 0, 1, 2, 2, 2, -1, -1, -2, 0]
[0, 0, 1, 0, 0, 0, 0, -1, 0, 0, -1, 1, 0, 0, -1, 1, 1, 0, 0, 0, -1, 0]
[3, -2, 0, 0, -3, 1, 0, 1, 0, 0, 0, -1, 0, 0, 0, 2, 2, 2, -1, 0, -2, 0]
[0, -1, 0, 0, 0, 0, 0, -1, 0, 0, -1, 1, 0, 0, 0, 1, 1, 0, 0, -1, -1, 0]
[3, -2, 0, -1, -3, 1, 0, 0, 0, 0, 0, -1, 0, 0, 1, 2, 2, 2, 0, -1, -2, 0]
[0, -1, 0, 1, 0, 0, 0, 0, 0, 0, -1, 1, 0, 0, -1, 1, 1, 0, -1, 0, -1, 0]
[2, -2, 0, 0, -2, 1, 1, 0, -1, 1, 0, 0, 0, 0, 0, 1, 1, 1, -1, 0, -2, 0]
[1, -1, 0, 0, -1, 0, -1, 0, 1, -1, -1, 0, 0, 0, 0, 2, 2, 1, 0, -1, -1, 0]
[2, -2, 0, 0, -2, 1, 1, -1, -1, 1, -1, 0, 0, 0, 1, 1, 2, 1, 0, -1, -2, -1]
[1, -1, 0, 0, -1, 0, -1, 1, 1, -1, 0, 0, 0, 0, -1, 2, 1, 1, -1, 0, -1, 1]
[2, -2, 0, 0, -1, 0, 1, -1, -1, 0, -1, 0, 1, 0, 1, 1, 2, 1, 0, -1, -2, -1]
[1, -1, 0, 0, -2, 1, -1, 1, 1, 0, 0, 0, -1, 0, -1, 2, 1, 1, -1, 0, -1, 1]
[2, -1, 0, -1, -2, 0, 0, 0, 0, 0, -1, 0, 0, 0, 0, 2, 2, 1, 0, -1, -2, -1]
[1, -2, 0, 1, -1, 1, 0, 0, 0, 0, 0, 0, 0, 0, 0, 1, 1, 1, -1, 0, -1, 1]
[3, -2, 0, -1, -3, 1, 0, 0, 0, 0, -1, 0, 0, 0, 0, 2, 2, 1, 0, -1, -1, 0]
[0, -1, 0, 1, 0, 0, 0, 0, 0, 0, 0, 0, 0, 0, 0, 1, 1, 1, -1, 0, -2, 0]
[2, -1, 0, 0, -1, -1, 1, -1, 0, -1, -2, 0, 1, 0, 0, 2, 2, 1, 1, -1, -1, -1]
[1, -2, 0, 0, -2, 2, -1, 1, 0, 1, 1, 0, -1, 0, 0, 1, 1, 1, -2, 0, -2, 1]
[2, -1, 0, -1, -2, 0, -1, 1, 1, -1, -1, 0, 0, 0, -1, 3, 2, 1, 0, -1, -1, 0]
[1, -2, 0, 1, -1, 1, 1, -1, -1, 1, 0, 0, 0, 0, 1, 0, 1, 1, -1, 0, -2, 0]
[2, -2, 0, 0, -1, 0, 0, 0, 0, -1, -1, 0, 1, 0, 0, 2, 2, 1, 0, -1, -1, 0]
[1, -1, 0, 0, -2, 1, 0, 0, 0, 1, 0, 0, -1, 0, 0, 1, 1, 1, -1, 0, -2, 0]
[2, -2, 0, 0, -2, 1, 0, 0, 0, 0, -1, 0, 0, 0, 0, 2, 2, 1, 0, -1, -1, 0]
[1, -1, 0, 0, -1, 0, 0, 0, 0, 0, 0, 0, 0, 0, 0, 1, 1, 1, -1, 0, -2, 0]
[2, -2, 0, 0, -2, 1, 0, 1, 0, 0, 0, 0, 0, 0, -1, 2, 1, 1, -1, 0, -1, 1]
[1, -1, 0, 0, -1, 0, 0, -1, 0, 0, -1, 0, 0, 0, 1, 1, 2, 1, 0, -1, -2, -1]
[2, -1, 0, -1, -2, 0, -1, 0, 1, -1, -1, 0, 0, 0, 0, 2, 2, 1, 0, -1, -1, 0]
[1, -2, 0, 1, -1, 1, 1, 0, -1, 1, 0, 0, 0, 0, 0, 1, 1, 1, -1, 0, -2, 0]
[2, -2, 1, 0, -2, 2, 0, 0, -1, 1, 0, 0, 0, 0, 0, 1, 2, 1, -1, 0, -2, 0]
[1, -1, -1, 0, -1, -1, 0, 0, 1, -1, -1, 0, 0, 0, 0, 2, 1, 1, 0, -1, -1, 0]
[2, -3, 0, 0, -2, 2, 0, 0, -1, 1, 0, 0, 0, 0, 1, 1, 2, 1, -1, -1, -2, 0]
[1, 0, 0, 0, -1, -1, 0, 0, 1, -1, -1, 0, 0, 0, -1, 2, 1, 1, 0, 0, -1, 0]
[2, -1, 1, -1, -1, 0, 0, -1, 0, -1, -1, 0, 1, 0, 0, 2, 2, 1, 1, -1, -1, 0]
[1, -2, -1, 1, -2, 1, 0, 1, 0, 1, 0, 0, -1, 0, 0, 1, 1, 1, -2, 0, -2, 0]
[2, -2, 0, 0, -2, 1, 0, -1, 0, 0, -1, 0, 0, 0, 1, 1, 2, 1, 0, -1, -1, 0]
[1, -1, 0, 0, -1, 0, 0, 1, 0, 0, 0, 0, 0, 0, -1, 2, 1, 1, -1, 0, -2, 0]
[2, -2, 0, 0, -3, 2, -1, 1, 0, 1, 0, 0, -1, 0, 0, 1, 2, 1, -2, 0, -2, 0]
[1, -1, 0, 0, 0, -1, 1, -1, 0, -1, -1, 0, 1, 0, 0, 2, 1, 1, 1, -1, -1, 0]
[2, -2, 0, -1, -3, 2, -1, 1, 0, 1, 0, 0, -1, 0, 0, 2, 2, 1, -1, -1, -2, 0]
[1, -1, 0, 1, 0, -1, 1, -1, 0, -1, -1, 0, 1, 0, 0, 1, 1, 1, 0, 0, -1, 0]
[2, -2, 0, 0, -2, 1, 0, 0, 0, 0, 0, 0, 0, 0, 0, 1, 1, 1, -1, 0, -1, 1]
[1, -1, 0, 0, -1, 0, 0, 0, 0, 0, -1, 0, 0, 0, 0, 2, 2, 1, 0, -1, -2, -1]
[2, -1, 1, -1, -2, 1, -1, 1, 0, 0, 0, 0, 0, 0, -1, 2, 2, 1, -1, 0, -2, 0]
[1, -2, -1, 1, -1, 0, 1, -1, 0, 0, -1, 0, 0, 0, 1, 1, 1, 1, 0, -1, -1, 0]
[2, -2, 0, -1, -2, 1, -1, 1, 0, 0, 0, 0, 0, 0, 0, 2, 2, 1, -1, -1, -2, 0]
[1, -1, 0, 1, -1, 0, 1, -1, 0, 0, -1, 0, 0, 0, 0, 1, 1, 1, 0, 0, -1, 0]
[2, -1, 1, -1, -2, 1, 0, 0, 0, 0, 0, 0, 0, 0, -1, 2, 1, 1, 0, 0, -1, 1]
[1, -2, -1, 1, -1, 0, 0, 0, 0, 0, -1, 0, 0, 0, 1, 1, 2, 1, -1, -1, -2, -1]
[2, -2, 0, -1, -2, 1, 0, 0, 0, 0, 0, 0, 0, 0, 0, 2, 1, 1, 0, -1, -1, 1]
[1, -1, 0, 1, -1, 0, 0, 0, 0, 0, -1, 0, 0, 0, 0, 1, 2, 1, -1, 0, -2, -1]

################
# DISCRIMINANT #
################

We did not manage to compute the discriminant.
The restriction of the discriminant to the line we chose had 4 components of degree 1, 6 components of degree 2, and 1 component of degree 20.
The equation of the line we chose is:
(-71*x^4 - 142*x^3*y - 37*x^2*y^2 + 34*x*y^3 - 13*y^4 - 142*x^3*z - 213*x^2*y*z - 37*x*y^2*z + 17*y^3*z - 27*x^2*z^2 - 27*x*y*z^2 + 16*y^2*z^2 + 44*x*z^3 + 22*y*z^3 + 10*z^4 - 71*x^3*w - 37*x^2*y*w + 51*x*y^2*w - 26*y^3*w - 27*x^2*z*w - 11*x*y*z*w + 24*y^2*z*w + 66*x*z^2*w + 29*y*z^2*w + 20*z^3*w - 9*x^2*w^2 - x*y*w^2 - 6*y^2*w^2 + 4*x*z*w^2 - 2*y*z*w^2 + 13*z^2*w^2 - 9*x*w^3 + 7*y*w^3 + 3*z*w^3 + 5*w^4)*t - 279*x^4 - 558*x^3*y - 159*x^2*y^2 + 120*x*y^3 - 105*y^4 - 558*x^3*z - 837*x^2*y*z - 159*x*y^2*z + 60*y^3*z - 233*x^2*z^2 - 233*x*y*z^2 + 24*y^2*z^2 + 46*x*z^3 + 23*y*z^3 + 50*z^4 - 279*x^3*w - 159*x^2*y*w + 180*x*y^2*w - 210*y^3*w - 233*x^2*z*w - 41*x*y*z*w + 120*y^2*z*w + 69*x*z^2*w + 83*y*z^2*w + 100*z^3*w - 28*x^2*w^2 + 68*x*y*w^2 - 10*y^2*w^2 + 31*x*z*w^2 + 64*y*z*w^2 + 70*z^2*w^2 + 4*x*w^3 + 95*y*w^3 + 20*z*w^3 - 89*w^4

#############
# MONODROMY #
#############

Generators of the monodromy group on the second homology group:
[[1, 0, 0, 0, 0, 0, 0, 0, 0, 0, 0, 0, 0, 0, 0, 0, 0, 0, 0, 0, 0, 0], [0, 1, 0, 0, 0, 0, 0, 0, 0, 0, 0, 0, 0, 0, 0, 0, 0, 0, 0, 0, 0, 0], [0, 0, 1, 0, 0, 0, 0, 0, 0, 0, 0, 0, 0, 0, 0, 0, 0, 0, 0, 0, 0, 0], [0, 0, 0, 1, 0, 0, 0, 0, 0, 0, 0, 0, 0, 0, 0, 0, 0, 0, 0, 0, 0, 0], [0, 0, 0, 0, 1, 0, 0, 0, 0, 0, 0, 0, 0, 0, 0, 0, 0, 0, 0, 0, 0, 0], [0, 0, 0, 0, 0, 1, 0, 0, 0, 0, 0, 0, 0, 0, 0, 0, 0, 0, 0, 0, 0, 0], [0, 0, 0, 0, 0, 0, 1, 0, 0, 0, 0, 0, 0, 0, 0, 0, 0, 0, 0, 0, 0, 0], [0, 0, 0, 0, 0, 0, 0, 1, 0, 0, 0, 0, 0, 0, 0, 0, 0, 0, 0, 0, 0, 0], [0, 0, 0, 0, 0, 0, 0, 0, 1, 0, 0, 0, 0, 0, 0, 0, 0, 0, 0, 0, 0, 0], [0, 0, 0, 0, 0, 0, 0, 0, 0, 1, 0, 0, 0, 0, 0, 0, 0, 0, 0, 0, 0, 0], [0, 0, 0, 0, 0, 0, 0, 0, 0, 0, 1, 0, 0, 0, 0, 0, 0, 0, 0, 0, 0, 0], [0, 0, 0, 0, 0, 0, 0, 0, 0, 0, 0, 1, 0, 0, 0, 0, 0, 0, 0, 0, 0, 0], [0, 0, 0, 0, 0, 0, 0, 0, 0, 0, 0, 0, 1, 0, 0, 0, 0, 0, 0, 0, 0, 0], [0, 0, 0, 0, 0, 0, 0, 0, 0, 0, 0, 0, 0, 1, 0, 0, 0, 0, 0, 0, 0, 0], [0, 0, 0, 0, 0, 0, 0, 0, 0, 0, 0, 0, 0, 0, 1, 0, 0, 0, 0, 0, 0, 0], [0, 0, 0, 0, 0, 0, 0, 0, 0, 0, 0, 0, 0, 0, 0, 1, 0, 0, 0, 0, 0, 0], [0, 0, 0, 0, 0, 0, 0, 0, 0, 0, 0, 0, 0, 0, 0, 0, 1, 0, 0, 0, 0, 0], [0, 0, 0, 0, 0, 0, 0, 0, 0, 0, 0, 0, 0, 0, 0, 0, 0, 1, 0, 0, 0, 0], [0, 0, 0, 0, 0, 0, 0, 0, 0, 0, 0, 0, 0, 0, 0, 0, 0, 0, 1, 0, 0, 0], [0, 0, 0, 0, 0, 0, 0, 0, 0, 0, 0, 0, 0, 0, 0, 0, 0, 0, 0, 1, 0, 0], [0, 0, 0, 0, 0, 0, 0, 0, 0, 0, 0, 0, 0, 0, 0, 0, 0, 0, 0, 0, 1, 0], [0, 0, 0, 0, 0, 0, 0, 0, 0, 0, 0, 0, 0, 0, 0, 0, 0, 0, 0, 0, 0, 1]]
[[1, 0, 0, 0, 0, 0, 0, 0, 0, 0, 0, 0, 0, 0, 0, 0, 0, 0, 0, 0, 0, 0], [0, 1, 0, 0, 0, 0, 0, 0, 0, 0, 0, 0, 0, 0, 0, 0, 0, 0, 0, 0, 0, 0], [0, 0, 1, 0, 0, 0, 0, 0, 0, 0, 0, 0, 0, 0, 0, 0, 0, 0, 0, 0, 0, 0], [0, 0, 0, 1, 0, 0, 0, 0, 0, 0, 0, 0, 0, 0, 0, 0, 0, 0, 0, 0, 0, 0], [0, 0, 0, 0, 1, 0, 0, 0, 0, 0, 0, 0, 0, 0, 0, 0, 0, 0, 0, 0, 0, 0], [0, 0, 0, 0, 0, 1, 0, 0, 0, 0, 0, 0, 0, 0, 0, 0, 0, 0, 0, 0, 0, 0], [0, 0, 0, 0, 0, 0, 1, 0, 0, 0, 0, 0, 0, 0, 0, 0, 0, 0, 0, 0, 0, 0], [0, 0, 0, 0, 0, 0, 0, 1, 0, 0, 0, 0, 0, 0, 0, 0, 0, 0, 0, 0, 0, 0], [0, 0, 0, 0, 0, 0, 0, 0, 1, 0, 0, 0, 0, 0, 0, 0, 0, 0, 0, 0, 0, 0], [0, 0, 0, 0, 0, 0, 0, 0, 0, 1, 0, 0, 0, 0, 0, 0, 0, 0, 0, 0, 0, 0], [0, 0, 0, 0, 0, 0, 0, 0, 0, 0, 1, 0, 0, 0, 0, 0, 0, 0, 0, 0, 0, 0], [0, 0, 0, 0, 0, 0, 0, 0, 0, 0, 0, 1, 0, 0, 0, 0, 0, 0, 0, 0, 0, 0], [0, 0, 0, 0, 0, 0, 0, 0, 0, 0, 0, 0, 1, 0, 0, 0, 0, 0, 0, 0, 0, 0], [0, 0, 0, 0, 0, 0, 0, 0, 0, 0, 0, 0, 0, 1, 0, 0, 0, 0, 0, 0, 0, 0], [0, 0, 0, 0, 0, 0, 0, 0, 0, 0, 0, 0, 0, 0, 1, 0, 0, 0, 0, 0, 0, 0], [0, 0, 0, 0, 0, 0, 0, 0, 0, 0, 0, 0, 0, 0, 0, 1, 0, 0, 0, 0, 0, 0], [0, 0, 0, 0, 0, 0, 0, 0, 0, 0, 0, 0, 0, 0, 0, 0, 1, 0, 0, 0, 0, 0], [0, 0, 0, 0, 0, 0, 0, 0, 0, 0, 0, 0, 0, 0, 0, 0, 0, 1, 0, 0, 0, 0], [0, 0, 0, 0, 0, 0, 0, 0, 0, 0, 0, 0, 0, 0, 0, 0, 0, 0, 1, 0, 0, 0], [0, 0, 0, 0, 0, 0, 0, 0, 0, 0, 0, 0, 0, 0, 0, 0, 0, 0, 0, 1, 0, 0], [0, 0, 0, 0, 0, 0, 0, 0, 0, 0, 0, 0, 0, 0, 0, 0, 0, 0, 0, 0, 1, 0], [0, 0, 0, 0, 0, 0, 0, 0, 0, 0, 0, 0, 0, 0, 0, 0, 0, 0, 0, 0, 0, 1]]
[[1, 0, 0, 0, 0, 0, 0, 0, 0, 0, 0, 0, 0, 0, 0, 0, 0, 0, 0, 0, 0, 0], [0, 1, 0, 0, 0, 0, 0, 0, 0, 0, 0, 0, 0, 0, 0, 0, 0, 0, 0, 0, 0, 0], [0, 0, 1, 0, 0, 0, 0, 0, 0, 0, 0, 0, 0, 0, 0, 0, 0, 0, 0, 0, 0, 0], [0, 0, 0, 1, 0, 0, 0, 0, 0, 0, 0, 0, 0, 0, 0, 0, 0, 0, 0, 0, 0, 0], [0, 0, 0, 0, 1, 0, 0, 0, 0, 0, 0, 0, 0, 0, 0, 0, 0, 0, 0, 0, 0, 0], [0, 0, 0, 0, 0, 1, 0, 0, 0, 0, 0, 0, 0, 0, 0, 0, 0, 0, 0, 0, 0, 0], [0, 0, 0, 0, 0, 0, 1, 0, 0, 0, 0, 0, 0, 0, 0, 0, 0, 0, 0, 0, 0, 0], [0, 0, 0, 0, 0, 0, 0, 1, 0, 0, 0, 0, 0, 0, 0, 0, 0, 0, 0, 0, 0, 0], [0, 0, 0, 0, 0, 0, 0, 0, 1, 0, 0, 0, 0, 0, 0, 0, 0, 0, 0, 0, 0, 0], [0, 0, 0, 0, 0, 0, 0, 0, 0, 1, 0, 0, 0, 0, 0, 0, 0, 0, 0, 0, 0, 0], [0, 0, 0, 0, 0, 0, 0, 0, 0, 0, 1, 0, 0, 0, 0, 0, 0, 0, 0, 0, 0, 0], [0, 0, 0, 0, 0, 0, 0, 0, 0, 0, 0, 1, 0, 0, 0, 0, 0, 0, 0, 0, 0, 0], [0, 0, 0, 0, 0, 0, 0, 0, 0, 0, 0, 0, 1, 0, 0, 0, 0, 0, 0, 0, 0, 0], [0, 0, 0, 0, 0, 0, 0, 0, 0, 0, 0, 0, 0, 1, 0, 0, 0, 0, 0, 0, 0, 0], [0, 0, 0, 0, 0, 0, 0, 0, 0, 0, 0, 0, 0, 0, 1, 0, 0, 0, 0, 0, 0, 0], [0, 0, 0, 0, 0, 0, 0, 0, 0, 0, 0, 0, 0, 0, 0, 1, 0, 0, 0, 0, 0, 0], [0, 0, 0, 0, 0, 0, 0, 0, 0, 0, 0, 0, 0, 0, 0, 0, 1, 0, 0, 0, 0, 0], [0, 0, 0, 0, 0, 0, 0, 0, 0, 0, 0, 0, 0, 0, 0, 0, 0, 1, 0, 0, 0, 0], [0, 0, 0, 0, 0, 0, 0, 0, 0, 0, 0, 0, 0, 0, 0, 0, 0, 0, 1, 0, 0, 0], [0, 0, 0, 0, 0, 0, 0, 0, 0, 0, 0, 0, 0, 0, 0, 0, 0, 0, 0, 1, 0, 0], [0, 0, 0, 0, 0, 0, 0, 0, 0, 0, 0, 0, 0, 0, 0, 0, 0, 0, 0, 0, 1, 0], [0, 0, 0, 0, 0, 0, 0, 0, 0, 0, 0, 0, 0, 0, 0, 0, 0, 0, 0, 0, 0, 1]]
[[1, 0, 0, 0, 0, 0, 0, 0, 0, 0, 0, 0, 0, 0, 0, 0, 0, 0, 0, 0, 0, 0], [0, 1, 0, 0, 0, 0, 0, 0, 0, 0, 0, 0, 0, 0, 0, 0, 0, 0, 0, 0, 0, 0], [0, 0, 1, 0, 0, 0, 0, 0, 0, 0, 0, 0, 0, 0, 0, 0, 0, 0, 0, 0, 0, 0], [0, 0, 0, 1, 0, 0, 0, 0, 0, 0, 0, 0, 0, 0, 0, 0, 0, 0, 0, 0, 0, 0], [0, 0, 0, 0, 1, 0, 0, 0, 0, 0, 0, 0, 0, 0, 0, 0, 0, 0, 0, 0, 0, 0], [0, 0, 0, 0, 0, 1, 0, 0, 0, 0, 0, 0, 0, 0, 0, 0, 0, 0, 0, 0, 0, 0], [0, 0, 0, 0, 0, 0, 1, 0, 0, 0, 0, 0, 0, 0, 0, 0, 0, 0, 0, 0, 0, 0], [0, 0, 0, 0, 0, 0, 0, 1, 0, 0, 0, 0, 0, 0, 0, 0, 0, 0, 0, 0, 0, 0], [0, 0, 0, 0, 0, 0, 0, 0, 1, 0, 0, 0, 0, 0, 0, 0, 0, 0, 0, 0, 0, 0], [0, 0, 0, 0, 0, 0, 0, 0, 0, 1, 0, 0, 0, 0, 0, 0, 0, 0, 0, 0, 0, 0], [0, 0, 0, 0, 0, 0, 0, 0, 0, 0, 1, 0, 0, 0, 0, 0, 0, 0, 0, 0, 0, 0], [0, 0, 0, 0, 0, 0, 0, 0, 0, 0, 0, 1, 0, 0, 0, 0, 0, 0, 0, 0, 0, 0], [0, 0, 0, 0, 0, 0, 0, 0, 0, 0, 0, 0, 1, 0, 0, 0, 0, 0, 0, 0, 0, 0], [0, 0, 0, 0, 0, 0, 0, 0, 0, 0, 0, 0, 0, 1, 0, 0, 0, 0, 0, 0, 0, 0], [0, 0, 0, 0, 0, 0, 0, 0, 0, 0, 0, 0, 0, 0, 1, 0, 0, 0, 0, 0, 0, 0], [0, 0, 0, 0, 0, 0, 0, 0, 0, 0, 0, 0, 0, 0, 0, 1, 0, 0, 0, 0, 0, 0], [0, 0, 0, 0, 0, 0, 0, 0, 0, 0, 0, 0, 0, 0, 0, 0, 1, 0, 0, 0, 0, 0], [0, 0, 0, 0, 0, 0, 0, 0, 0, 0, 0, 0, 0, 0, 0, 0, 0, 1, 0, 0, 0, 0], [0, 0, 0, 0, 0, 0, 0, 0, 0, 0, 0, 0, 0, 0, 0, 0, 0, 0, 1, 0, 0, 0], [0, 0, 0, 0, 0, 0, 0, 0, 0, 0, 0, 0, 0, 0, 0, 0, 0, 0, 0, 1, 0, 0], [0, 0, 0, 0, 0, 0, 0, 0, 0, 0, 0, 0, 0, 0, 0, 0, 0, 0, 0, 0, 1, 0], [0, 0, 0, 0, 0, 0, 0, 0, 0, 0, 0, 0, 0, 0, 0, 0, 0, 0, 0, 0, 0, 1]]
[[-1, -1, 1, 0, 0, 0, 1, 0, 0, 0, -1, -1, -2, -1, 0, 0, 1, 0, 1, 0, 0, 1], [0, 1, 0, 0, 0, 0, 0, 1, 0, 0, 0, 0, 1, 0, 0, -1, 1, 0, 0, 0, 0, 0], [0, 0, 1, 0, 0, 0, 0, 0, 0, 0, 0, 0, 0, 0, 0, 0, 0, 0, 0, 0, 0, 0], [0, 0, 0, 0, -1, -2, 1, 1, 1, 1, 1, 1, 1, 0, 0, -1, 1, 0, 0, 0, 0, 1], [0, 0, 0, -1, 0, -2, 1, 2, 1, 1, 1, 1, 2, 0, 0, -2, 2, 0, 0, 0, 0, 1], [0, 0, 0, 0, 0, 1, 0, -1, 0, 0, 0, 0, -1, 0, 0, 1, -1, 0, 0, 0, 0, 0], [0, 0, 0, 0, 0, 0, 1, 1, 0, 0, 0, 0, 1, 0, 0, 0, 0, 0, 0, 0, 0, 0], [0, 0, 0, 0, 0, 0, 0, -1, 0, 0, 0, 0, -2, 0, 0, 0, 0, 0, 0, 0, 0, 0], [0, 0, 0, 0, 0, 0, 0, 0, 1, 0, 0, 0, 0, 0, 0, -1, 1, 0, 0, 0, 0, 0], [0, 0, 0, 0, 0, 0, 0, 0, 0, 1, 0, 0, 0, 0, 0, 1, -1, 0, 0, 0, 0, 0], [0, 0, 0, 0, 0, 0, 0, -1, 0, 0, 1, 0, -1, 0, 0, 0, 0, 0, 0, 0, 0, 0], [0, 0, 0, 0, 0, 0, 0, 1, 0, 0, 0, 1, 1, 0, 0, 0, 0, 0, 0, 0, 0, 0], [0, 0, 0, 0, 0, 0, 0, 0, 0, 0, 0, 0, 1, 0, 0, 0, 0, 0, 0, 0, 0, 0], [0, 0, 0, 0, 0, 0, 0, 0, 0, 0, 0, 0, 0, 1, 0, 0, 0, 0, 0, 0, 0, 0], [0, 0, 0, 0, 0, 0, 0, 0, 0, 0, 0, 0, 0, 0, 1, 1, -1, 0, 0, 0, 0, 0], [0, 0, 0, 0, 0, 0, 0, -1, 0, 0, 0, 0, -1, 0, 0, 0, 1, 0, 0, 0, 0, 0], [0, 0, 0, 0, 0, 0, 0, -1, 0, 0, 0, 0, -1, 0, 0, 1, 0, 0, 0, 0, 0, 0], [0, 0, 0, 0, 0, 0, 0, -1, 0, 0, 0, 0, -1, 0, 0, 0, 0, 1, 0, 0, 0, 0], [0, 0, 0, 0, 0, 0, 0, 1, 0, 0, 0, 0, 1, 0, 0, -1, 1, 0, 1, 0, 0, 0], [0, 0, 0, 0, 0, 0, 0, 0, 0, 0, 0, 0, 0, 0, 0, 0, 0, 0, 0, 1, 0, 0], [0, 0, 0, 0, 0, 0, 0, 1, 0, 0, 0, 0, 1, 0, 0, -1, 1, 0, 0, 0, 1, 0], [0, 0, 0, 0, 0, 0, 0, 0, 0, 0, 0, 0, 0, 0, 0, -1, 1, 0, 0, 0, 0, 1]]
[[1, 0, 0, 0, 0, 0, 0, 0, 0, 0, 0, 0, 0, 0, 0, 0, 0, 0, 0, 0, 0, 0], [0, 1, 0, 0, 0, 0, 0, 0, 0, 1, 0, 0, 0, 0, 0, 0, 0, 0, 0, 0, 0, 0], [0, 0, 1, 0, 0, 0, 0, 0, 0, 0, 0, 0, 0, 0, 0, 0, 0, 0, 0, 0, 0, 0], [0, 0, -1, -1, 1, 0, 0, 0, 0, 0, -1, 0, 0, 0, 0, -1, 0, 1, 0, 0, -1, 1], [0, 0, 0, 0, 1, 0, 0, 0, 0, 1, 0, 0, 0, 0, 0, 0, 0, 0, 0, 0, 0, 0], [0, 0, 0, 0, 0, 1, 0, 0, 0, -2, 0, 0, 0, 0, 0, 0, 0, 0, 0, 0, 0, 0], [0, 0, 0, 0, 0, 0, 1, 0, 0, 0, 0, 0, 0, 0, 0, 0, 0, 0, 0, 0, 0, 0], [0, 0, 0, 0, 0, 0, 0, 0, 0, -1, 1, 0, -1, 0, 0, 0, 0, 0, 0, -1, 0, 0], [0, 0, 0, 0, 0, 0, 0, 0, 1, 1, 0, 0, 0, 0, 0, 0, 0, 0, 0, 0, 0, 0], [0, 0, 0, 0, 0, 0, 0, 0, 0, -1, 0, 0, 0, 0, 0, 0, 0, 0, 0, 0, 0, 0], [0, 0, 0, 0, 0, 0, 0, 0, 0, -1, 1, 0, 0, 0, 0, 0, 0, 0, 0, 0, 0, 0], [0, 0, 0, 0, 0, 0, 0, 0, 0, 0, 0, 1, 0, 0, 0, 0, 0, 0, 0, 0, 0, 0], [0, 0, 0, 0, 0, 0, 0, 0, 0, 1, 0, 0, 1, 0, 0, 0, 0, 0, 0, 0, 0, 0], [-1, 0, 0, 0, 0, 1, 0, 0, -1, -1, -2, -2, -1, -1, 0, 0, 0, 0, 0, 0, 0, 1], [0, 0, 0, 0, 0, 0, 0, 1, 0, 0, -1, 0, 1, 0, 1, 0, 0, 0, 0, 1, 0, 0], [0, 0, 0, 0, 0, 0, 0, 0, 0, 1, 0, 0, 0, 0, 0, 1, 0, 0, 0, 0, 0, 0], [0, 0, 0, 0, 0, 0, 0, 0, 0, 0, 0, 0, 0, 0, 0, 0, 1, 0, 0, 0, 0, 0], [0, 0, 0, 0, 0, 0, 0, 0, 0, 0, 0, 0, 0, 0, 0, 0, 0, 1, 0, 0, 0, 0], [0, 0, 0, 0, 0, 0, 0, 1, 0, 2, -1, 0, 1, 0, 0, 0, 0, 0, 1, 1, 0, 0], [0, 0, 0, 0, 0, 0, 0, -1, 0, -1, 1, 0, -1, 0, 0, 0, 0, 0, 0, 0, 0, 0], [0, 0, 0, 0, 0, 0, 0, 0, 0, 1, 0, 0, 0, 0, 0, 0, 0, 0, 0, 0, 1, 0], [0, 0, 0, 0, 0, 0, 0, 0, 0, 0, 0, 0, 0, 0, 0, 0, 0, 0, 0, 0, 0, 1]]
[[1, 0, 0, 0, 0, 0, 0, 0, 0, 0, 0, 0, 0, 0, 0, 0, 0, 0, 0, 0, 0, 0], [0, 1, 0, 0, 0, 0, 0, 0, 0, 0, 0, 0, 0, 0, 0, 0, 0, 0, 0, 0, 0, 0], [0, 0, 1, 0, 0, 0, 0, 0, 0, 0, 0, 0, 0, 0, 0, 0, 0, 0, 0, 0, 0, 0], [0, 0, 0, 1, 0, 0, 0, 0, 0, 0, 0, 0, 0, 0, 0, 0, 0, 0, 0, 0, 0, 0], [0, 0, 0, 0, 1, 0, 0, 0, 0, 0, 0, 0, 0, 0, 0, 0, 0, 0, 0, 0, 0, 0], [0, 0, 0, 0, 0, 1, 0, 0, 0, 0, 0, 0, 0, 0, 0, 0, 0, 0, 0, 0, 0, 0], [0, 0, 0, 0, 0, 0, 1, 0, 0, 0, 0, 0, 0, 0, 0, 0, 0, 0, 0, 0, 0, 0], [0, 0, 0, 0, 0, 0, 0, 1, 0, 0, 0, 0, 0, 0, 0, 0, 0, 0, 0, 0, 0, 0], [0, 0, 0, 0, 0, 0, 0, 0, 1, 0, 0, 0, 0, 0, 0, 0, 0, 0, 0, 0, 0, 0], [0, 0, 0, 0, 0, 0, 0, 0, 0, 1, 0, 0, 0, 0, 0, 0, 0, 0, 0, 0, 0, 0], [0, 0, 0, 0, 0, 0, 0, 0, 0, 0, 1, 0, 0, 0, 0, 0, 0, 0, 0, 0, 0, 0], [0, 0, 0, 0, 0, 0, 0, 0, 0, 0, 0, 1, 0, 0, 0, 0, 0, 0, 0, 0, 0, 0], [0, 0, 0, 0, 0, 0, 0, 0, 0, 0, 0, 0, 1, 0, 0, 0, 0, 0, 0, 0, 0, 0], [0, 0, 0, 0, 0, 0, 0, 0, 0, 0, 0, 0, 0, 1, 0, 0, 0, 0, 0, 0, 0, 0], [0, 0, 0, 0, 0, 0, 0, 0, 0, 0, 0, 0, 0, 0, 1, 0, 0, 0, 0, 0, 0, 0], [0, 0, 0, 0, 0, 0, 0, 0, 0, 0, 0, 0, 0, 0, 0, 1, 0, 0, 0, 0, 0, 0], [0, 0, 0, 0, 0, 0, 0, 0, 0, 0, 0, 0, 0, 0, 0, 0, 1, 0, 0, 0, 0, 0], [0, 0, 0, 0, 0, 0, 0, 0, 0, 0, 0, 0, 0, 0, 0, 0, 0, 1, 0, 0, 0, 0], [0, 0, 0, 0, 0, 0, 0, 0, 0, 0, 0, 0, 0, 0, 0, 0, 0, 0, 1, 0, 0, 0], [0, 0, 0, 0, 0, 0, 0, 0, 0, 0, 0, 0, 0, 0, 0, 0, 0, 0, 0, 1, 0, 0], [0, 0, 0, 0, 0, 0, 0, 0, 0, 0, 0, 0, 0, 0, 0, 0, 0, 0, 0, 0, 1, 0], [0, 0, 0, 0, 0, 0, 0, 0, 0, 0, 0, 0, 0, 0, 0, 0, 0, 0, 0, 0, 0, 1]]
[[0, 0, -1, -1, 0, 1, -1, -1, -2, -2, -3, -3, 0, -1, -1, -1, -2, 0, -1, -1, -2, 2], [1, 0, 2, 1, 0, -2, 2, 1, 4, 3, 5, 5, 0, 1, 2, 1, 3, 0, 1, 1, 3, -2], [0, 0, 1, 0, 0, 0, 0, 0, 0, 0, 0, 0, 0, 0, 0, 0, 0, 0, 0, 0, 0, 0], [1, 0, 0, 1, 0, -1, 0, 0, 1, 1, 2, 2, 0, 1, 0, 0, 1, 0, 0, 0, 1, -1], [2, 0, 1, 1, 1, -2, 1, 1, 3, 3, 5, 5, 0, 2, 1, 1, 3, 0, 1, 1, 3, -3], [-1, 0, 0, 0, 0, 1, 0, 0, -1, -1, -1, -1, 0, -1, 0, 0, -1, 1, 0, 0, -1, 1], [1, 0, 0, 0, 0, -1, 1, 0, 1, 1, 2, 2, 0, 1, 0, 0, 1, 0, 0, 0, 1, -1], [-1, -1, 1, 0, 0, 0, 1, 1, 1, 0, 0, 0, 0, -1, 1, 0, 0, 0, 0, 0, 0, 1], [0, 0, 0, 0, 0, 0, 0, 0, 1, 0, 0, 0, 0, 0, 0, 0, 0, 0, 0, 0, 0, 0], [0, 0, 0, 0, 0, -1, 0, 0, 0, 1, 1, 1, 0, 0, 0, 0, 0, 1, 0, 0, 0, 0], [0, 0, 0, 0, 0, 0, 0, 0, 0, 0, 1, 0, 0, 0, 0, 0, 0, 0, 0, 0, 0, 0], [0, 0, 1, 1, 0, 0, 1, 1, 1, 1, 1, 2, 0, 0, 1, 1, 1, 0, 1, 1, 1, -1], [1, 0, 0, 0, 0, -1, 0, 0, 1, 1, 2, 2, 1, 1, 0, 0, 1, 0, 0, 0, 1, -1], [-1, 0, 0, 0, 0, 1, 0, 0, -1, -1, -2, -2, 0, 0, 0, 0, -1, 0, 0, 0, -1, 1], [0, 1, -2, -1, 0, 1, -2, -1, -3, -2, -3, -3, 0, 0, -1, -1, -2, 0, -1, -1, -2, 1], [-1, 0, -1, -1, 0, 2, -1, -1, -2, -2, -4, -4, 0, -1, -1, 0, -2, -1, -1, -1, -2, 2], [-1, 0, -1, -1, 0, 1, -1, -1, -2, -2, -3, -3, 0, -1, -1, -1, -1, 0, -1, -1, -2, 2], [-1, 0, -1, -1, 0, 2, -1, -1, -2, -2, -4, -4, 0, -1, -1, -1, -2, 0, -1, -1, -2, 2], [1, 0, 0, 0, 0, -1, 0, 0, 1, 1, 2, 2, 0, 1, 0, 0, 1, 0, 1, 0, 1, -1], [0, 0, 0, 0, 0, 0, 0, 0, 0, 0, 0, 0, 0, 0, 0, 0, 0, 0, 0, 1, 0, 0], [0, 0, 1, 1, 0, 0, 1, 1, 1, 1, 1, 1, 0, 0, 1, 1, 1, 0, 1, 1, 2, -1], [0, 0, 1, 1, 0, 0, 1, 1, 1, 1, 1, 1, 0, 0, 1, 1, 1, 0, 1, 1, 1, 0]]
[[0, 1, -1, 0, 0, 2, -1, -1, -2, -2, -2, -2, -1, -1, 0, 1, -1, -1, -1, 0, -1, 0], [1, 1, 0, 0, 0, -1, 0, 0, 1, 1, 1, 1, 1, 1, 0, -1, 0, 1, 0, 0, 0, 0], [0, 1, -1, -1, 0, 1, 0, -1, -1, -1, -1, -1, 0, 0, 0, 0, -1, 0, -1, 0, -1, 0], [0, -1, 1, 1, 0, -1, 1, 1, 1, 1, 1, 1, 0, 0, 0, 0, 1, 0, 1, 0, 1, 0], [1, 0, 0, 0, 1, -1, 0, 0, 1, 1, 1, 1, 1, 1, 0, -1, 0, 1, 0, 0, 0, 0], [0, -1, 1, 0, 0, -1, 1, 1, 1, 2, 1, 1, -1, 0, 0, 0, 1, 0, 1, -1, 1, 0], [0, 0, 1, 1, 0, 0, 0, 0, 0, 0, 0, 0, 0, 0, 0, 0, 0, 0, 0, 0, 0, 0], [0, -1, 1, 0, 0, -2, 1, 2, 1, 2, 1, 1, -1, 0, 0, 0, 1, 0, 1, -1, 1, 0], [0, 0, 0, 0, 0, 0, 0, 0, 1, 0, 0, 0, 0, 0, 0, 0, 0, 0, 0, 0, 0, 0], [0, -1, 1, 0, 0, -1, 1, 1, 1, 2, 1, 1, 0, 0, 0, 0, 1, 0, 1, 0, 1, 0], [0, -1, 1, 0, 0, -2, 1, 1, 1, 2, 2, 1, -1, 0, 0, 0, 1, 0, 1, -1, 1, 0], [1, 0, 0, 0, 0, -1, 0, 0, 1, 1, 1, 2, 1, 1, 0, -1, 0, 1, 0, 0, 0, 0], [0, 1, -1, 0, 0, 1, -1, -1, -1, -1, -1, -1, 1, 0, 0, 0, -1, 0, -1, 0, -1, 0], [-1, 0, 0, 0, 0, 1, 0, 0, -1, -1, -1, -1, -1, 0, 0, 1, 0, -1, 0, 0, 0, 0], [-1, 0, 0, 0, 0, 2, 0, 0, -1, -2, -1, -1, 0, -1, 1, 1, 0, -1, 0, 1, 0, 0], [0, 1, -1, 0, 0, 1, -1, -1, -1, -1, -1, -1, 0, 0, 0, 1, -1, 0, -1, 0, -1, 0], [0, 0, 0, 0, 0, 0, 0, 0, 0, 0, 0, 0, 0, 0, 0, 0, 1, 0, 0, 0, 0, 0], [-1, 0, 0, 0, 0, 1, 0, 0, -1, -1, -1, -1, -1, -1, 0, 1, 0, 0, 0, 0, 0, 0], [0, 2, -2, 0, 0, 3, -2, -2, -2, -3, -2, -2, 1, 0, 0, 0, -2, 0, -1, 1, -2, 0], [0, -1, 1, 0, 0, -2, 1, 1, 1, 2, 1, 1, -1, 0, 0, 0, 1, 0, 1, 0, 1, 0], [0, 1, -1, 0, 0, 1, -1, -1, -1, -1, -1, -1, 0, 0, 0, 0, -1, 0, -1, 0, 0, 0], [0, 0, 0, 0, 0, -1, 0, 0, 0, 1, 0, 0, -1, 0, 0, 0, 0, 0, 0, -1, 0, 1]]
[[1, 0, 0, 0, 0, 0, 0, 0, 0, 0, 0, 0, 0, 0, 0, 0, 0, 0, 0, 0, 0, 0], [0, 1, 0, 0, 0, 0, 0, 0, 0, 0, 0, 0, 0, 0, 0, 0, 0, 0, 0, 0, 0, 0], [0, 0, 1, 0, 0, 0, 0, 0, 0, 0, 0, 0, 0, 0, 0, 0, 0, 0, 0, 0, 0, 0], [0, 0, 0, 1, 0, 0, 0, 0, 0, 0, 0, 0, 0, 0, 0, 0, 0, 0, 0, 0, 0, 0], [0, 0, 0, 0, 1, 0, 0, 0, 0, 0, 0, 0, 0, 0, 0, 0, 0, 0, 0, 0, 0, 0], [0, 0, 0, 0, 0, 1, 0, 0, 0, 0, 0, 0, 0, 0, 0, 0, 0, 0, 0, 0, 0, 0], [0, 0, 0, 0, 0, 0, 1, 0, 0, 0, 0, 0, 0, 0, 0, 0, 0, 0, 0, 0, 0, 0], [0, 0, 0, 0, 0, 0, 0, 1, 0, 0, 0, 0, 0, 0, 0, 0, 0, 0, 0, 0, 0, 0], [0, 0, 0, 0, 0, 0, 0, 0, 1, 0, 0, 0, 0, 0, 0, 0, 0, 0, 0, 0, 0, 0], [0, 0, 0, 0, 0, 0, 0, 0, 0, 1, 0, 0, 0, 0, 0, 0, 0, 0, 0, 0, 0, 0], [0, 0, 0, 0, 0, 0, 0, 0, 0, 0, 1, 0, 0, 0, 0, 0, 0, 0, 0, 0, 0, 0], [0, 0, 0, 0, 0, 0, 0, 0, 0, 0, 0, 1, 0, 0, 0, 0, 0, 0, 0, 0, 0, 0], [0, 0, 0, 0, 0, 0, 0, 0, 0, 0, 0, 0, 1, 0, 0, 0, 0, 0, 0, 0, 0, 0], [0, 0, 0, 0, 0, 0, 0, 0, 0, 0, 0, 0, 0, 1, 0, 0, 0, 0, 0, 0, 0, 0], [0, 0, 0, 0, 0, 0, 0, 0, 0, 0, 0, 0, 0, 0, 1, 0, 0, 0, 0, 0, 0, 0], [0, 0, 0, 0, 0, 0, 0, 0, 0, 0, 0, 0, 0, 0, 0, 1, 0, 0, 0, 0, 0, 0], [0, 0, 0, 0, 0, 0, 0, 0, 0, 0, 0, 0, 0, 0, 0, 0, 1, 0, 0, 0, 0, 0], [0, 0, 0, 0, 0, 0, 0, 0, 0, 0, 0, 0, 0, 0, 0, 0, 0, 1, 0, 0, 0, 0], [0, 0, 0, 0, 0, 0, 0, 0, 0, 0, 0, 0, 0, 0, 0, 0, 0, 0, 1, 0, 0, 0], [0, 0, 0, 0, 0, 0, 0, 0, 0, 0, 0, 0, 0, 0, 0, 0, 0, 0, 0, 1, 0, 0], [0, 0, 0, 0, 0, 0, 0, 0, 0, 0, 0, 0, 0, 0, 0, 0, 0, 0, 0, 0, 1, 0], [0, 0, 0, 0, 0, 0, 0, 0, 0, 0, 0, 0, 0, 0, 0, 0, 0, 0, 0, 0, 0, 1]]
[[-1, 1, -3, -2, 0, 4, -1, -3, -6, -6, -6, -9, -2, -2, -3, 0, -3, -3, -3, -2, -3, 2], [2, 0, 3, 2, 0, -4, 1, 3, 6, 6, 6, 9, 2, 2, 3, 0, 3, 3, 3, 2, 3, -2], [-1, 1, -1, -1, 0, 3, -1, -2, -4, -4, -4, -6, -1, -1, -2, 0, -2, -2, -2, -1, -2, 1], [1, -1, 2, 2, 0, -3, 1, 2, 4, 4, 4, 6, 1, 1, 2, 0, 2, 2, 2, 1, 2, -1], [3, -1, 4, 3, 1, -5, 1, 4, 8, 8, 8, 12, 3, 3, 4, 0, 4, 4, 4, 3, 4, -3], [-1, -1, 0, -1, 0, 0, 1, 0, 0, 0, 0, 0, -1, -1, 0, 0, 0, 0, 0, -1, 0, 1], [1, 0, 1, 1, 0, -1, 1, 1, 2, 2, 2, 3, 1, 1, 1, 0, 1, 1, 1, 1, 1, -1], [-1, -1, 0, -1, 0, -1, 1, 1, 0, 0, 0, 0, -1, -1, 0, 0, 0, 0, 0, -1, 0, 1], [0, 0, 0, 0, 0, 0, 0, 0, 1, 0, 0, 0, 0, 0, 0, 0, 0, 0, 0, 0, 0, 0], [0, -1, 1, 0, 0, -2, 1, 1, 2, 3, 2, 3, 0, 0, 1, 0, 1, 1, 1, 0, 1, 0], [0, -1, 1, 0, 0, -2, 1, 1, 2, 2, 3, 3, 0, 0, 1, 0, 1, 1, 1, 0, 1, 0], [1, 0, 1, 1, 0, -1, 0, 1, 2, 2, 2, 4, 1, 1, 1, 0, 1, 1, 1, 1, 1, -1], [1, 0, 1, 1, 0, -1, 0, 1, 2, 2, 2, 3, 2, 1, 1, 0, 1, 1, 1, 1, 1, -1], [-1, 0, -1, -1, 0, 1, 0, -1, -2, -2, -2, -3, -1, 0, -1, 0, -1, -1, -1, -1, -1, 1], [-1, 1, -2, -1, 0, 3, -1, -2, -4, -4, -4, -6, -1, -1, -1, 0, -2, -2, -2, -1, -2, 1], [-1, 1, -2, -1, 0, 3, -1, -2, -4, -4, -4, -6, -1, -1, -2, 1, -2, -2, -2, -1, -2, 1], [-1, 0, -1, -1, 0, 1, 0, -1, -2, -2, -2, -3, -1, -1, -1, 0, 0, -1, -1, -1, -1, 1], [-2, 1, -3, -2, 0, 4, -1, -3, -6, -6, -6, -9, -2, -2, -3, 0, -3, -2, -3, -2, -3, 2], [1, 1, 0, 1, 0, 1, -1, 0, 0, 0, 0, 0, 1, 1, 0, 0, 0, 0, 1, 1, 0, -1], [0, -1, 1, 0, 0, -2, 1, 1, 2, 2, 2, 3, 0, 0, 1, 0, 1, 1, 1, 1, 1, 0], [1, 0, 1, 1, 0, -1, 0, 1, 2, 2, 2, 3, 1, 1, 1, 0, 1, 1, 1, 1, 2, -1], [1, -1, 2, 1, 0, -3, 1, 2, 4, 4, 4, 6, 1, 1, 2, 0, 2, 2, 2, 1, 2, 0]]
[[1, 0, 0, 0, 0, 0, 1, 0, 0, 0, 0, 0, 0, 0, 0, 1, -1, -1, -1, -1, 0, 0], [-1, -1, 1, 0, 0, -1, 0, 1, 1, 1, 1, 1, 0, 0, 0, -1, 2, 1, 2, 1, 1, 0], [0, 0, 1, 0, 0, 0, 0, 0, 0, 0, 0, 0, 0, 0, 0, 0, 0, 0, 0, 0, 0, 0], [0, 0, 0, 1, 0, 0, -1, 0, 0, 0, 0, 0, 0, 0, 0, 0, 0, 0, 0, 0, 0, 0], [0, 0, 0, 0, 1, 0, -2, 0, 0, 0, 0, 0, 0, 0, 0, -1, 1, 1, 1, 1, 0, 0], [0, 0, 0, 0, -1, -1, 1, 0, 0, 1, 1, 1, 0, 0, 0, 0, 0, 0, 0, 0, 0, 0], [0, 0, 0, 0, 0, 0, -1, 0, 0, 0, 0, 0, 0, 0, 0, 0, 0, 0, 0, 0, 0, 0], [0, 0, 0, 0, 0, 0, 2, 1, 0, 0, 0, 0, 0, 0, 0, 0, 0, 0, 0, 0, 0, 0], [0, 0, 0, 0, 0, 0, 1, 0, 1, 0, 0, 0, 0, 0, 0, 0, 0, 0, 0, 0, 0, 0], [0, 0, 0, 0, 0, 0, 0, 0, 0, 1, 0, 0, 0, 0, 0, 0, 0, 0, 0, 0, 0, 0], [0, 0, 0, 0, 0, 0, 1, 0, 0, 0, 1, 0, 0, 0, 0, 0, 0, 0, 0, 0, 0, 0], [0, 0, 0, 0, 0, 0, -1, 0, 0, 0, 0, 1, 0, 0, 0, -1, 1, 1, 1, 1, 0, 0], [0, 0, 0, 0, 0, 0, -1, 0, 0, 0, 0, 0, 1, 0, 0, 0, 0, 0, 0, 0, 0, 0], [0, 0, 0, 0, -1, -2, 0, 0, 0, 1, 1, 1, 0, 1, 0, 0, 0, 0, 0, 0, 0, 0], [0, 0, 0, 0, 0, 0, 0, 0, 0, 0, 0, 0, 0, 0, 1, 1, -1, -1, -1, -1, 0, 0], [0, 0, 0, 0, 0, 0, 1, 0, 0, 0, 0, 0, 0, 0, 0, 1, 0, 0, 0, 0, 0, 0], [0, 0, 0, 0, 0, 0, 1, 0, 0, 0, 0, 0, 0, 0, 0, 1, 0, -1, -1, -1, 0, 0], [0, 0, 0, 0, 0, 0, 1, 0, 0, 0, 0, 0, 0, 0, 0, 1, -1, 0, -1, -1, 0, 0], [0, 0, 0, 0, 0, 0, -1, 0, 0, 0, 0, 0, 0, 0, 0, 0, 0, 0, 1, 0, 0, 0], [0, 0, 0, 0, 0, 0, 0, 0, 0, 0, 0, 0, 0, 0, 0, 0, 0, 0, 0, 1, 0, 0], [0, 0, 0, 0, -1, -2, -1, 0, 0, 1, 1, 1, 0, 0, 0, -1, 1, 1, 1, 1, 1, 0], [0, 0, 0, 0, -1, -2, 0, 0, 0, 1, 1, 1, 0, 0, 0, -1, 1, 1, 1, 1, 0, 1]]
[[1, 0, 0, 0, 0, 0, 0, 0, 0, 0, 0, 0, 0, 0, 0, 0, 0, 0, 0, 0, 0, 0], [0, 1, 0, 0, 0, 0, 0, 0, 0, 0, 0, 0, 0, 0, 0, 0, 0, 0, 0, 0, 0, 0], [0, 0, 1, 0, 0, 0, 0, 0, 0, 0, 0, 0, 0, 0, 0, 0, 0, 0, 0, 0, 0, 0], [0, 0, 0, 1, 0, 0, 0, 0, 0, 0, 0, 0, 0, 0, 0, 0, 0, 0, 0, 0, 0, 0], [0, 0, 0, 0, 1, 0, 0, 0, 0, 0, 0, 0, 0, 0, 0, 0, 0, 0, 0, 0, 0, 0], [0, 0, 0, 0, 0, 1, 0, 0, 0, 0, 0, 0, 0, 0, 0, 0, 0, 0, 0, 0, 0, 0], [0, 0, 0, 0, 0, 0, 1, 0, 0, 0, 0, 0, 0, 0, 0, 0, 0, 0, 0, 0, 0, 0], [0, 0, 0, 0, 0, 0, 0, 1, 0, 0, 0, 0, 0, 0, 0, 0, 0, 0, 0, 0, 0, 0], [0, 0, 0, 0, 0, 0, 0, 0, 1, 0, 0, 0, 0, 0, 0, 0, 0, 0, 0, 0, 0, 0], [0, 0, 0, 0, 0, 0, 0, 0, 0, 1, 0, 0, 0, 0, 0, 0, 0, 0, 0, 0, 0, 0], [0, 0, 0, 0, 0, 0, 0, 0, 0, 0, 1, 0, 0, 0, 0, 0, 0, 0, 0, 0, 0, 0], [0, 0, 0, 0, 0, 0, 0, 0, 0, 0, 0, 1, 0, 0, 0, 0, 0, 0, 0, 0, 0, 0], [0, 0, 0, 0, 0, 0, 0, 0, 0, 0, 0, 0, 1, 0, 0, 0, 0, 0, 0, 0, 0, 0], [0, 0, 0, 0, 0, 0, 0, 0, 0, 0, 0, 0, 0, 1, 0, 0, 0, 0, 0, 0, 0, 0], [0, 0, 0, 0, 0, 0, 0, 0, 0, 0, 0, 0, 0, 0, 1, 0, 0, 0, 0, 0, 0, 0], [0, 0, 0, 0, 0, 0, 0, 0, 0, 0, 0, 0, 0, 0, 0, 1, 0, 0, 0, 0, 0, 0], [0, 0, 0, 0, 0, 0, 0, 0, 0, 0, 0, 0, 0, 0, 0, 0, 1, 0, 0, 0, 0, 0], [0, 0, 0, 0, 0, 0, 0, 0, 0, 0, 0, 0, 0, 0, 0, 0, 0, 1, 0, 0, 0, 0], [0, 0, 0, 0, 0, 0, 0, 0, 0, 0, 0, 0, 0, 0, 0, 0, 0, 0, 1, 0, 0, 0], [0, 0, 0, 0, 0, 0, 0, 0, 0, 0, 0, 0, 0, 0, 0, 0, 0, 0, 0, 1, 0, 0], [0, 0, 0, 0, 0, 0, 0, 0, 0, 0, 0, 0, 0, 0, 0, 0, 0, 0, 0, 0, 1, 0], [0, 0, 0, 0, 0, 0, 0, 0, 0, 0, 0, 0, 0, 0, 0, 0, 0, 0, 0, 0, 0, 1]]
[[0, 1, -1, 0, 0, 2, -1, -1, -2, -2, -2, -2, -1, -1, 0, 1, -1, -1, -1, 0, -1, 0], [1, 1, 0, 0, 0, -1, 0, 0, 1, 1, 1, 1, 1, 1, 0, -1, 0, 1, 0, 0, 0, 0], [0, 1, -1, -1, 0, 1, 0, -1, -1, -1, -1, -1, 0, 0, 0, 0, -1, 0, -1, 0, -1, 0], [0, -1, 1, 1, 0, -1, 1, 1, 1, 1, 1, 1, 0, 0, 0, 0, 1, 0, 1, 0, 1, 0], [1, 0, 0, 0, 1, -1, 0, 0, 1, 1, 1, 1, 1, 1, 0, -1, 0, 1, 0, 0, 0, 0], [0, -1, 1, 0, 0, -1, 1, 1, 1, 2, 1, 1, -1, 0, 0, 0, 1, 0, 1, -1, 1, 0], [0, 0, 1, 1, 0, 0, 0, 0, 0, 0, 0, 0, 0, 0, 0, 0, 0, 0, 0, 0, 0, 0], [0, -1, 1, 0, 0, -2, 1, 2, 1, 2, 1, 1, -1, 0, 0, 0, 1, 0, 1, -1, 1, 0], [0, 0, 0, 0, 0, 0, 0, 0, 1, 0, 0, 0, 0, 0, 0, 0, 0, 0, 0, 0, 0, 0], [0, -1, 1, 0, 0, -1, 1, 1, 1, 2, 1, 1, 0, 0, 0, 0, 1, 0, 1, 0, 1, 0], [0, -1, 1, 0, 0, -2, 1, 1, 1, 2, 2, 1, -1, 0, 0, 0, 1, 0, 1, -1, 1, 0], [1, 0, 0, 0, 0, -1, 0, 0, 1, 1, 1, 2, 1, 1, 0, -1, 0, 1, 0, 0, 0, 0], [0, 1, -1, 0, 0, 1, -1, -1, -1, -1, -1, -1, 1, 0, 0, 0, -1, 0, -1, 0, -1, 0], [-1, 0, 0, 0, 0, 1, 0, 0, -1, -1, -1, -1, -1, 0, 0, 1, 0, -1, 0, 0, 0, 0], [-1, 0, 0, 0, 0, 2, 0, 0, -1, -2, -1, -1, 0, -1, 1, 1, 0, -1, 0, 1, 0, 0], [0, 1, -1, 0, 0, 1, -1, -1, -1, -1, -1, -1, 0, 0, 0, 1, -1, 0, -1, 0, -1, 0], [0, 0, 0, 0, 0, 0, 0, 0, 0, 0, 0, 0, 0, 0, 0, 0, 1, 0, 0, 0, 0, 0], [-1, 0, 0, 0, 0, 1, 0, 0, -1, -1, -1, -1, -1, -1, 0, 1, 0, 0, 0, 0, 0, 0], [0, 2, -2, 0, 0, 3, -2, -2, -2, -3, -2, -2, 1, 0, 0, 0, -2, 0, -1, 1, -2, 0], [0, -1, 1, 0, 0, -2, 1, 1, 1, 2, 1, 1, -1, 0, 0, 0, 1, 0, 1, 0, 1, 0], [0, 1, -1, 0, 0, 1, -1, -1, -1, -1, -1, -1, 0, 0, 0, 0, -1, 0, -1, 0, 0, 0], [0, 0, 0, 0, 0, -1, 0, 0, 0, 1, 0, 0, -1, 0, 0, 0, 0, 0, 0, -1, 0, 1]]
[[1, 0, 0, 0, 0, 0, 0, 0, 0, 0, 0, 0, 0, 0, 0, 0, 0, 0, 0, 0, 0, 0], [0, 1, 0, 0, 0, 0, 0, 0, 0, 0, 0, 0, 0, 0, 0, 0, 0, 0, 0, 0, 0, 0], [0, 0, 1, 0, 0, 0, 0, 0, 0, 0, 0, 0, 0, 0, 0, 0, 0, 0, 0, 0, 0, 0], [0, 0, 0, 1, 0, 0, 0, 0, 0, 0, 0, 0, 0, 0, 0, 0, 0, 0, 0, 0, 0, 0], [0, 0, 0, 0, 1, 0, 0, 0, 0, 0, 0, 0, 0, 0, 0, 0, 0, 0, 0, 0, 0, 0], [0, 0, 0, 0, 0, 1, 0, 0, 0, 0, 0, 0, 0, 0, 0, 0, 0, 0, 0, 0, 0, 0], [0, 0, 0, 0, 0, 0, 1, 0, 0, 0, 0, 0, 0, 0, 0, 0, 0, 0, 0, 0, 0, 0], [0, 0, 0, 0, 0, 0, 0, 1, 0, 0, 0, 0, 0, 0, 0, 0, 0, 0, 0, 0, 0, 0], [0, 0, 0, 0, 0, 0, 0, 0, 1, 0, 0, 0, 0, 0, 0, 0, 0, 0, 0, 0, 0, 0], [0, 0, 0, 0, 0, 0, 0, 0, 0, 1, 0, 0, 0, 0, 0, 0, 0, 0, 0, 0, 0, 0], [0, 0, 0, 0, 0, 0, 0, 0, 0, 0, 1, 0, 0, 0, 0, 0, 0, 0, 0, 0, 0, 0], [0, 0, 0, 0, 0, 0, 0, 0, 0, 0, 0, 1, 0, 0, 0, 0, 0, 0, 0, 0, 0, 0], [0, 0, 0, 0, 0, 0, 0, 0, 0, 0, 0, 0, 1, 0, 0, 0, 0, 0, 0, 0, 0, 0], [0, 0, 0, 0, 0, 0, 0, 0, 0, 0, 0, 0, 0, 1, 0, 0, 0, 0, 0, 0, 0, 0], [0, 0, 0, 0, 0, 0, 0, 0, 0, 0, 0, 0, 0, 0, 1, 0, 0, 0, 0, 0, 0, 0], [0, 0, 0, 0, 0, 0, 0, 0, 0, 0, 0, 0, 0, 0, 0, 1, 0, 0, 0, 0, 0, 0], [0, 0, 0, 0, 0, 0, 0, 0, 0, 0, 0, 0, 0, 0, 0, 0, 1, 0, 0, 0, 0, 0], [0, 0, 0, 0, 0, 0, 0, 0, 0, 0, 0, 0, 0, 0, 0, 0, 0, 1, 0, 0, 0, 0], [0, 0, 0, 0, 0, 0, 0, 0, 0, 0, 0, 0, 0, 0, 0, 0, 0, 0, 1, 0, 0, 0], [0, 0, 0, 0, 0, 0, 0, 0, 0, 0, 0, 0, 0, 0, 0, 0, 0, 0, 0, 1, 0, 0], [0, 0, 0, 0, 0, 0, 0, 0, 0, 0, 0, 0, 0, 0, 0, 0, 0, 0, 0, 0, 1, 0], [0, 0, 0, 0, 0, 0, 0, 0, 0, 0, 0, 0, 0, 0, 0, 0, 0, 0, 0, 0, 0, 1]]
[[1, 0, 0, 0, 0, 0, 0, 0, 0, 0, 0, 0, 0, 0, 0, 0, 0, 0, 0, 0, 0, 0], [0, 1, 0, 0, 0, 0, 0, 0, 0, 0, 0, 0, 0, 0, 0, 0, 0, 0, 0, 0, 0, 0], [0, 0, 1, 0, 0, 0, 0, 0, 0, 0, 0, 0, 0, 0, 0, 0, 0, 0, 0, 0, 0, 0], [0, 0, 0, 1, 0, 0, 0, 0, 0, 0, 0, 0, 0, 0, 0, 0, 0, 0, 0, 0, 0, 0], [0, 0, 0, 0, 1, 0, 0, 0, 0, 0, 0, 0, 0, 0, 0, 0, 0, 0, 0, 0, 0, 0], [0, 0, 0, 0, 0, 1, 0, 0, 0, 0, 0, 0, 0, 0, 0, 0, 0, 0, 0, 0, 0, 0], [0, 0, 0, 0, 0, 0, 1, 0, 0, 0, 0, 0, 0, 0, 0, 0, 0, 0, 0, 0, 0, 0], [0, 0, 0, 0, 0, 0, 0, 1, 0, 0, 0, 0, 0, 0, 0, 0, 0, 0, 0, 0, 0, 0], [0, 0, 0, 0, 0, 0, 0, 0, 1, 0, 0, 0, 0, 0, 0, 0, 0, 0, 0, 0, 0, 0], [0, 0, 0, 0, 0, 0, 0, 0, 0, 1, 0, 0, 0, 0, 0, 0, 0, 0, 0, 0, 0, 0], [0, 0, 0, 0, 0, 0, 0, 0, 0, 0, 1, 0, 0, 0, 0, 0, 0, 0, 0, 0, 0, 0], [0, 0, 0, 0, 0, 0, 0, 0, 0, 0, 0, 1, 0, 0, 0, 0, 0, 0, 0, 0, 0, 0], [0, 0, 0, 0, 0, 0, 0, 0, 0, 0, 0, 0, 1, 0, 0, 0, 0, 0, 0, 0, 0, 0], [0, 0, 0, 0, 0, 0, 0, 0, 0, 0, 0, 0, 0, 1, 0, 0, 0, 0, 0, 0, 0, 0], [0, 0, 0, 0, 0, 0, 0, 0, 0, 0, 0, 0, 0, 0, 1, 0, 0, 0, 0, 0, 0, 0], [0, 0, 0, 0, 0, 0, 0, 0, 0, 0, 0, 0, 0, 0, 0, 1, 0, 0, 0, 0, 0, 0], [0, 0, 0, 0, 0, 0, 0, 0, 0, 0, 0, 0, 0, 0, 0, 0, 1, 0, 0, 0, 0, 0], [0, 0, 0, 0, 0, 0, 0, 0, 0, 0, 0, 0, 0, 0, 0, 0, 0, 1, 0, 0, 0, 0], [0, 0, 0, 0, 0, 0, 0, 0, 0, 0, 0, 0, 0, 0, 0, 0, 0, 0, 1, 0, 0, 0], [0, 0, 0, 0, 0, 0, 0, 0, 0, 0, 0, 0, 0, 0, 0, 0, 0, 0, 0, 1, 0, 0], [0, 0, 0, 0, 0, 0, 0, 0, 0, 0, 0, 0, 0, 0, 0, 0, 0, 0, 0, 0, 1, 0], [0, 0, 0, 0, 0, 0, 0, 0, 0, 0, 0, 0, 0, 0, 0, 0, 0, 0, 0, 0, 0, 1]]
[[1, 0, 0, 0, 0, 0, 0, 0, 0, 0, 0, 0, 0, 0, 0, 0, 0, 0, 0, 0, 0, 0], [0, 1, 0, 0, 0, 0, 0, 0, 0, 0, 0, 0, 0, 0, 0, 0, 0, 0, 0, 0, 0, 0], [0, 0, 1, 0, 0, 0, 0, 0, 0, 0, 0, 0, 0, 0, 0, 0, 0, 0, 0, 0, 0, 0], [0, 0, 0, 1, 0, 0, 0, 0, 0, 0, 0, 0, 0, 0, 0, 0, 0, 0, 0, 0, 0, 0], [0, 0, 0, 0, 1, 0, 0, 0, 0, 0, 0, 0, 0, 0, 0, 0, 0, 0, 0, 0, 0, 0], [0, 0, 0, 0, 0, 1, 0, 0, 0, 0, 0, 0, 0, 0, 0, 0, 0, 0, 0, 0, 0, 0], [0, 0, 0, 0, 0, 0, 1, 0, 0, 0, 0, 0, 0, 0, 0, 0, 0, 0, 0, 0, 0, 0], [0, 0, 0, 0, 0, 0, 0, 1, 0, 0, 0, 0, 0, 0, 0, 0, 0, 0, 0, 0, 0, 0], [0, 0, 0, 0, 0, 0, 0, 0, 1, 0, 0, 0, 0, 0, 0, 0, 0, 0, 0, 0, 0, 0], [0, 0, 0, 0, 0, 0, 0, 0, 0, 1, 0, 0, 0, 0, 0, 0, 0, 0, 0, 0, 0, 0], [0, 0, 0, 0, 0, 0, 0, 0, 0, 0, 1, 0, 0, 0, 0, 0, 0, 0, 0, 0, 0, 0], [0, 0, 0, 0, 0, 0, 0, 0, 0, 0, 0, 1, 0, 0, 0, 0, 0, 0, 0, 0, 0, 0], [0, 0, 0, 0, 0, 0, 0, 0, 0, 0, 0, 0, 1, 0, 0, 0, 0, 0, 0, 0, 0, 0], [0, 0, 0, 0, 0, 0, 0, 0, 0, 0, 0, 0, 0, 1, 0, 0, 0, 0, 0, 0, 0, 0], [0, 0, 0, 0, 0, 0, 0, 0, 0, 0, 0, 0, 0, 0, 1, 0, 0, 0, 0, 0, 0, 0], [0, 0, 0, 0, 0, 0, 0, 0, 0, 0, 0, 0, 0, 0, 0, 1, 0, 0, 0, 0, 0, 0], [0, 0, 0, 0, 0, 0, 0, 0, 0, 0, 0, 0, 0, 0, 0, 0, 1, 0, 0, 0, 0, 0], [0, 0, 0, 0, 0, 0, 0, 0, 0, 0, 0, 0, 0, 0, 0, 0, 0, 1, 0, 0, 0, 0], [0, 0, 0, 0, 0, 0, 0, 0, 0, 0, 0, 0, 0, 0, 0, 0, 0, 0, 1, 0, 0, 0], [0, 0, 0, 0, 0, 0, 0, 0, 0, 0, 0, 0, 0, 0, 0, 0, 0, 0, 0, 1, 0, 0], [0, 0, 0, 0, 0, 0, 0, 0, 0, 0, 0, 0, 0, 0, 0, 0, 0, 0, 0, 0, 1, 0], [0, 0, 0, 0, 0, 0, 0, 0, 0, 0, 0, 0, 0, 0, 0, 0, 0, 0, 0, 0, 0, 1]]
[[1, 0, 0, 0, 0, 0, 1, -1, 1, 0, 1, 0, -1, 0, -1, 0, 0, 0, 0, -1, 0, 0], [0, 1, 0, 0, 0, 0, -1, 1, -1, 0, -1, 0, 1, 0, 1, 0, 0, 0, 0, 1, 0, 0], [1, 1, 0, 1, 0, 1, 0, -1, 0, -1, 0, -1, 0, 0, -1, 0, -1, 0, -1, -1, 0, -1], [-1, -1, 1, 0, 0, -1, 0, 1, 0, 1, 0, 1, 0, 0, 1, 0, 1, 0, 1, 1, 0, 1], [-1, 0, 0, 0, 0, -1, -2, 1, -3, 0, -2, -1, 0, -1, 1, 0, 0, 0, 0, 1, 0, 1], [0, 0, 0, 0, 0, 1, 2, 0, 2, 0, 0, 0, 0, 0, 0, 0, 0, 0, 0, 0, 0, 0], [0, 0, 0, 0, 0, 0, 0, 0, -1, 0, 0, 0, 0, 0, 0, 0, 0, 0, 0, 0, 0, 0], [1, 0, 0, 0, 1, 1, 2, 0, 3, 0, 2, 1, 0, 1, -1, 0, 0, 0, 0, -1, 0, -1], [0, 0, 0, 0, 0, 0, -1, 0, 0, 0, 0, 0, 0, 0, 0, 0, 0, 0, 0, 0, 0, 0], [0, 0, 0, 0, 0, 0, 1, 0, 1, 1, 0, 0, 0, 0, 0, 0, 0, 0, 0, 0, 0, 0], [0, 0, 0, 0, 0, 0, 1, 0, 1, 0, 1, 0, 0, 0, 0, 0, 0, 0, 0, 0, 0, 0], [0, 0, 0, 0, 0, 0, 0, 1, 0, 0, -1, 1, 1, 0, 1, 0, 0, 0, 0, 1, 0, 0], [-1, 0, 0, 0, -1, -1, -1, 0, -2, 0, -1, -1, 0, -1, 0, 0, 0, 0, 0, 0, 0, 1], [0, 0, 0, 0, 0, 0, 0, 0, 0, 0, 0, 0, 0, 1, 0, 0, 0, 0, 0, 0, 0, 0], [0, 0, 0, 0, 0, 0, 0, -1, 0, 0, 1, 0, -1, 0, 0, 0, 0, 0, 0, -1, 0, 0], [0, 0, 0, 0, 0, 0, 0, 0, 0, 0, 0, 0, 0, 0, 0, 1, 0, 0, 0, 0, 0, 0], [0, 0, 0, 0, 0, 0, 1, -1, 1, 0, 1, 0, -1, 0, -1, 0, 1, 0, 0, -1, 0, 0], [1, 0, 0, 0, 1, 1, 1, -1, 2, 0, 2, 1, 0, 1, -1, 0, 0, 1, 0, -1, 0, -1], [-1, 0, 0, 0, -1, -1, -2, 1, -3, 0, -2, -1, 0, -1, 1, 0, 0, 0, 1, 1, 0, 1], [0, 0, 0, 0, 0, 0, 0, 0, 0, 0, 0, 0, 0, 0, 0, 0, 0, 0, 0, 1, 0, 0], [0, 0, 0, 0, 0, 0, -1, 1, -1, 0, -1, 0, 1, 0, 1, 0, 0, 0, 0, 1, 1, 0], [0, 0, 0, 0, 0, 0, 0, 1, 0, 0, -1, 0, 1, 0, 1, 0, 0, 0, 0, 1, 0, 1]]
[[1, 0, 0, 0, 0, 0, 0, 0, 0, 0, 0, 0, 0, 0, 0, 0, 0, 0, 0, 0, 0, 0], [-1, 0, 0, -1, 0, 0, 0, 0, 0, 0, 0, 0, 0, 0, 0, 0, 0, 0, 0, 0, 0, 0], [0, 0, 1, 0, 0, 0, 0, 0, 0, 0, 0, 0, 0, 0, 0, 0, 0, 0, 0, 0, 0, 0], [-1, -1, 0, 0, 0, 0, 0, 0, 0, 0, 0, 0, 0, 0, 0, 0, 0, 0, 0, 0, 0, 0], [-3, -2, 0, -2, 0, 0, 0, 0, -1, -1, -1, -1, 0, -1, 0, 0, 0, 0, 0, 1, 0, 0], [2, 2, 0, 2, 0, 1, 0, 0, 0, 0, 0, 0, 0, 0, 0, 0, 0, 0, 0, 0, 0, 0], [-1, -1, 0, -1, 0, 0, 1, 0, 0, 0, 0, 0, 0, 0, 0, 0, 0, 0, 0, 0, 0, 0], [3, 2, 0, 2, 1, 0, 0, 1, 1, 1, 1, 1, 0, 1, 0, 0, 0, 0, 0, -1, 0, 0], [0, 0, 0, 0, 0, 0, 0, 0, 1, 0, 0, 0, 0, 0, 0, 0, 0, 0, 0, 0, 0, 0], [1, 1, 0, 1, 0, 0, 0, 0, 0, 1, 0, 0, 0, 0, 0, 0, 0, 0, 0, 0, 0, 0], [1, 1, 0, 1, 0, 0, 0, 0, 0, 0, 1, 0, 0, 0, 0, 0, 0, 0, 0, 0, 0, 0], [0, 0, 0, 0, 0, 0, 0, 0, 0, 0, 0, 1, 0, 0, 0, 0, 0, 0, 0, 0, 0, 0], [-1, -1, 0, -1, 0, 0, 0, 0, 0, 0, 0, 0, 1, 0, 0, 0, 0, 0, 0, 0, 0, 0], [-1, 0, 0, 0, -1, 0, 0, 0, -1, -1, -1, -1, 0, 0, 0, 0, 0, 0, 0, 1, 0, 0], [0, 0, 0, 0, 0, 0, 0, 0, 0, 0, 0, 0, 0, 0, 1, 0, 0, 0, 0, 0, 0, 0], [0, 0, 0, 0, 0, 0, 0, 0, 0, 0, 0, 0, 0, 0, 0, 1, 0, 0, 0, 0, 0, 0], [2, 1, 0, 1, 1, 0, 0, 0, 1, 1, 1, 1, 0, 1, 0, 0, 1, 0, 0, -1, 0, 0], [2, 1, 0, 1, 1, 0, 0, 0, 1, 1, 1, 1, 0, 1, 0, 0, 0, 1, 0, -1, 0, 0], [-3, -2, 0, -2, -1, 0, 0, 0, -1, -1, -1, -1, 0, -1, 0, 0, 0, 0, 1, 1, 0, 0], [0, 0, 0, 0, 0, 0, 0, 0, 0, 0, 0, 0, 0, 0, 0, 0, 0, 0, 0, 1, 0, 0], [-2, -1, 0, -1, -1, 0, 0, 0, -1, -1, -1, -1, 0, -1, 0, 0, 0, 0, 0, 1, 1, 0], [-1, 0, 0, 0, -1, 0, 0, 0, -1, -1, -1, -1, 0, -1, 0, 0, 0, 0, 0, 1, 0, 1]]
[[1, 0, 0, 0, 0, 0, 0, 0, 0, 0, 0, 0, 0, 0, 0, 0, 0, 0, 0, 0, 0, 0], [0, 1, 0, 0, 0, 0, 0, 0, 0, 0, 0, 0, 0, 0, 0, 0, 0, 0, 0, 0, 0, 0], [0, 0, 1, 0, 0, 0, 0, 0, 0, 0, 0, 0, 0, 0, 0, 0, 0, 0, 0, 0, 0, 0], [0, 0, 0, 1, 0, 0, 0, 0, 0, 0, 0, 0, 0, 0, 0, 0, 0, 0, 0, 0, 0, 0], [0, 0, 0, 0, 1, 0, 0, 0, 0, 0, 0, 0, 0, 0, 0, 0, 0, 0, 0, 0, 0, 0], [0, 0, 0, 0, 0, 1, 0, 0, 0, 0, 0, 0, 0, 0, 0, 0, 0, 0, 0, 0, 0, 0], [0, 0, 0, 0, 0, 0, 1, 0, 0, 0, 0, 0, 0, 0, 0, 0, 0, 0, 0, 0, 0, 0], [0, 0, 0, 0, 0, 0, 0, 1, 0, 0, 0, 0, 0, 0, 0, 0, 0, 0, 0, 0, 0, 0], [0, 0, 0, 0, 0, 0, 0, 0, 1, 0, 0, 0, 0, 0, 0, 0, 0, 0, 0, 0, 0, 0], [0, 0, 0, 0, 0, 0, 0, 0, 0, 1, 0, 0, 0, 0, 0, 0, 0, 0, 0, 0, 0, 0], [0, 0, 0, 0, 0, 0, 0, 0, 0, 0, 1, 0, 0, 0, 0, 0, 0, 0, 0, 0, 0, 0], [0, 0, 0, 0, 0, 0, 0, 0, 0, 0, 0, 1, 0, 0, 0, 0, 0, 0, 0, 0, 0, 0], [0, 0, 0, 0, 0, 0, 0, 0, 0, 0, 0, 0, 1, 0, 0, 0, 0, 0, 0, 0, 0, 0], [0, 0, 0, 0, 0, 0, 0, 0, 0, 0, 0, 0, 0, 1, 0, 0, 0, 0, 0, 0, 0, 0], [0, 0, 0, 0, 0, 0, 0, 0, 0, 0, 0, 0, 0, 0, 1, 0, 0, 0, 0, 0, 0, 0], [0, 0, 0, 0, 0, 0, 0, 0, 0, 0, 0, 0, 0, 0, 0, 1, 0, 0, 0, 0, 0, 0], [0, 0, 0, 0, 0, 0, 0, 0, 0, 0, 0, 0, 0, 0, 0, 0, 1, 0, 0, 0, 0, 0], [0, 0, 0, 0, 0, 0, 0, 0, 0, 0, 0, 0, 0, 0, 0, 0, 0, 1, 0, 0, 0, 0], [0, 0, 0, 0, 0, 0, 0, 0, 0, 0, 0, 0, 0, 0, 0, 0, 0, 0, 1, 0, 0, 0], [0, 0, 0, 0, 0, 0, 0, 0, 0, 0, 0, 0, 0, 0, 0, 0, 0, 0, 0, 1, 0, 0], [0, 0, 0, 0, 0, 0, 0, 0, 0, 0, 0, 0, 0, 0, 0, 0, 0, 0, 0, 0, 1, 0], [0, 0, 0, 0, 0, 0, 0, 0, 0, 0, 0, 0, 0, 0, 0, 0, 0, 0, 0, 0, 0, 1]]
[[-1, -1, 0, -1, -1, 0, 1, -1, -1, -2, 0, -3, -1, -1, -2, -1, 1, -1, -1, -1, 0, 0], [0, 1, 0, 0, 0, 0, 0, 0, 0, 0, 0, 0, 0, 0, 0, 0, 0, 0, 0, 0, 0, 0], [-2, -1, 1, -1, -1, 0, 1, -1, -1, -2, 0, -3, -1, -1, -2, -1, 1, -1, -1, -1, 0, 0], [0, 0, 0, 1, 0, 0, 0, 0, 0, 0, 0, 0, 0, 0, 0, 0, 0, 0, 0, 0, 0, 0], [-1, 0, 0, 0, 0, 0, 0, -1, -1, -1, 0, -2, -1, -1, -1, 0, 0, -1, -1, -1, 0, 0], [1, 0, 0, 0, 1, 1, 0, 1, 1, 1, 0, 2, 1, 1, 1, 0, 0, 1, 1, 1, 0, 0], [-1, 0, 0, 0, -1, 0, 1, -1, -1, -1, 0, -2, -1, -1, -1, 0, 0, -1, -1, -1, 0, 0], [1, 0, 0, 0, 1, 0, 0, 2, 1, 1, 0, 2, 1, 1, 1, 0, 0, 1, 1, 1, 0, 0], [0, 0, 0, 0, 0, 0, 0, 0, 1, 0, 0, 0, 0, 0, 0, 0, 0, 0, 0, 0, 0, 0], [1, 0, 0, 0, 1, 0, 0, 1, 1, 2, 0, 2, 1, 1, 1, 0, 0, 1, 1, 1, 0, 0], [1, 0, 0, 0, 1, 0, 0, 1, 1, 1, 1, 2, 1, 1, 1, 0, 0, 1, 1, 1, 0, 0], [0, 0, 0, 0, 0, 0, 0, 0, 0, 0, 0, 1, 0, 0, 0, 0, 0, 0, 0, 0, 0, 0], [1, 1, 0, 1, 0, 0, -1, 0, 0, 1, 0, 1, 1, 0, 1, 1, -1, 0, 0, 0, 0, 0], [-1, 0, 0, 0, -1, 0, 0, -1, -1, -1, 0, -2, -1, 0, -1, 0, 0, -1, -1, -1, 0, 0], [0, 0, 0, 0, 0, 0, 0, 0, 0, 0, 0, 0, 0, 0, 1, 0, 0, 0, 0, 0, 0, 0], [0, 0, 0, 0, 0, 0, 0, 0, 0, 0, 0, 0, 0, 0, 0, 1, 0, 0, 0, 0, 0, 0], [2, 1, 0, 1, 1, 0, -1, 1, 1, 2, 0, 3, 1, 1, 2, 1, 0, 1, 1, 1, 0, 0], [0, 0, 0, 0, 0, 0, 0, 0, 0, 0, 0, 0, 0, 0, 0, 0, 0, 1, 0, 0, 0, 0], [-1, 0, 0, 0, -1, 0, 0, -1, -1, -1, 0, -2, -1, -1, -1, 0, 0, -1, 0, -1, 0, 0], [0, 0, 0, 0, 0, 0, 0, 0, 0, 0, 0, 0, 0, 0, 0, 0, 0, 0, 0, 1, 0, 0], [-1, 0, 0, 0, -1, 0, 0, -1, -1, -1, 0, -2, -1, -1, -1, 0, 0, -1, -1, -1, 1, 0], [0, 0, 0, 0, 0, 0, 0, 0, 0, 0, 0, 0, 0, 0, 0, 0, 0, 0, 0, 0, 0, 1]]
[[1, 0, 0, 0, 0, 0, 1, -1, 1, 0, 2, 0, 0, 0, -1, 0, 1, 0, -1, -1, 1, -1], [0, 1, 0, 0, 0, 0, 0, 0, 0, 0, 0, 0, 0, 0, 0, 0, 0, 0, 0, 0, 0, 0], [0, 0, 1, 0, 0, 0, 1, -1, 1, 0, 2, 0, 0, 0, -1, 0, 1, 0, -1, -1, 1, -1], [0, 0, 0, 1, 0, 0, 0, 0, 0, 0, 0, 0, 0, 0, 0, 0, 0, 0, 0, 0, 0, 0], [0, 0, 0, 0, 1, 0, 0, 0, 0, 0, 0, 0, 0, 0, 0, 0, 0, 0, 0, 0, 0, 0], [0, 0, 0, 0, 0, 1, 0, 0, 0, 0, 0, 0, 0, 0, 0, 0, 0, 0, 0, 0, 0, 0], [0, 0, 0, 0, 0, 0, 1, 0, 0, 0, 0, 0, 0, 0, 0, 0, 0, 0, 0, 0, 0, 0], [0, 0, 0, 0, 0, 0, 1, 0, 1, 0, 2, 0, 0, 0, -1, 0, 1, 0, -1, -1, 1, -1], [0, 0, 0, 0, 0, 0, 0, 0, 1, 0, 0, 0, 0, 0, 0, 0, 0, 0, 0, 0, 0, 0], [0, 0, 0, 0, 0, 0, 0, 0, 0, 1, 0, 0, 0, 0, 0, 0, 0, 0, 0, 0, 0, 0], [0, 0, 0, 0, 0, 0, 0, 0, 0, 0, 1, 0, 0, 0, 0, 0, 0, 0, 0, 0, 0, 0], [0, 0, 0, 0, 0, 0, 0, 0, 0, 0, 0, 1, 0, 0, 0, 0, 0, 0, 0, 0, 0, 0], [0, 0, 0, 0, 0, 0, -1, 1, -1, 0, -2, 0, 1, 0, 1, 0, -1, 0, 1, 1, -1, 1], [0, 0, 0, 0, 0, 0, 0, 0, 0, 0, 0, 0, 0, 1, 0, 0, 0, 0, 0, 0, 0, 0], [0, 0, 0, 0, 0, 0, 0, 0, 0, 0, 0, 0, 0, 0, 1, 0, 0, 0, 0, 0, 0, 0], [0, 0, 0, 0, 0, 0, -1, 1, -1, 0, -2, 0, 0, 0, 1, 1, -1, 0, 1, 1, -1, 1], [0, 0, 0, 0, 0, 0, -1, 1, -1, 0, -2, 0, 0, 0, 1, 0, 0, 0, 1, 1, -1, 1], [0, 0, 0, 0, 0, 0, 0, 0, 0, 0, 0, 0, 0, 0, 0, 0, 0, 1, 0, 0, 0, 0], [0, 0, 0, 0, 0, 0, 0, 0, 0, 0, 0, 0, 0, 0, 0, 0, 0, 0, 1, 0, 0, 0], [0, 0, 0, 0, 0, 0, 0, 0, 0, 0, 0, 0, 0, 0, 0, 0, 0, 0, 0, 1, 0, 0], [0, 0, 0, 0, 0, 0, 0, 0, 0, 0, 0, 0, 0, 0, 0, 0, 0, 0, 0, 0, 1, 0], [0, 0, 0, 0, 0, 0, 0, 0, 0, 0, 0, 0, 0, 0, 0, 0, 0, 0, 0, 0, 0, 1]]
[[0, -1, 1, 0, 0, -1, 1, 1, 1, 1, 0, 1, 0, 1, 0, 0, 1, 0, 1, 1, 0, 0], [0, 1, 0, 0, 0, 0, 0, 0, 0, 0, 1, 0, 0, 0, 0, 0, 0, 0, 0, -1, 0, 0], [0, 0, 1, 0, 0, 0, 0, 0, 0, 0, 0, 0, 0, 0, 0, 0, 0, 0, 0, 0, 0, 0], [0, 0, 0, 1, 0, 0, 0, 0, 0, 0, 1, 0, 0, 0, 0, 0, 0, 0, 0, -1, 0, 0], [0, 0, 1, 1, -1, -2, 1, 0, 1, 1, 4, 1, 0, 0, 0, 0, 1, -1, 0, -2, 1, 0], [0, 0, 0, 0, 0, 1, 0, 0, 0, -1, -1, 0, 0, 0, 0, -1, 1, 0, 0, 1, 0, 0], [0, 0, 0, 0, 0, 0, 1, 0, 0, 0, 1, 0, 0, 0, 0, 0, 0, 0, 0, -1, 0, 0], [0, 0, 0, 0, 0, 0, 0, 1, 0, -1, -1, 0, 0, 0, 0, -1, 1, 0, 0, 1, 0, 0], [0, 0, 0, 0, 0, 0, 0, 0, 1, 0, 0, 0, 0, 0, 0, 0, 0, 0, 0, 0, 0, 0], [0, 0, 0, 0, 0, 0, 0, 0, 0, 0, 0, 0, 0, 0, 0, -1, 1, 0, 0, 0, 0, 0], [0, 0, 0, 0, 0, 0, 0, 0, 0, -1, 0, 0, 0, 0, 0, -1, 1, 0, 0, 1, 0, 0], [0, 0, 0, 0, 0, 0, 0, 0, 0, 0, 1, 1, 0, 0, 0, 0, 0, 0, 0, -1, 0, 0], [0, 0, 0, 0, 0, 0, 0, 0, 0, 1, 0, 0, 1, 0, 0, 1, -1, 0, 0, 0, 0, 0], [1, 1, -1, 0, 0, 1, -1, -1, -1, -1, -1, -1, 0, 0, 0, 0, -1, 0, -1, 0, 0, 0], [0, 0, 0, 0, 0, 0, 0, 0, 0, 1, -1, 0, 0, 0, 1, 1, -1, 0, 0, 1, 0, 0], [0, 0, 0, 0, 0, 0, 0, 0, 0, 0, -1, 0, 0, 0, 0, 1, 0, 0, 0, 1, 0, 0], [0, 0, 0, 0, 0, 0, 0, 0, 0, 1, -1, 0, 0, 0, 0, 1, 0, 0, 0, 1, 0, 0], [0, 0, 0, 0, 0, 0, 0, 0, 0, 0, -1, 0, 0, 0, 0, 0, 0, 1, 0, 1, 0, 0], [0, 0, 0, 0, 0, 0, 0, 0, 0, 1, 0, 0, 0, 0, 0, 1, -1, 0, 1, 0, 0, 0], [0, 0, 0, 0, 0, 0, 0, 0, 0, -1, 1, 0, 0, 0, 0, -1, 1, 0, 0, 0, 0, 0], [0, 0, 0, 0, 0, 0, 0, 0, 0, 0, 1, 0, 0, 0, 0, 0, 0, 0, 0, -1, 1, 0], [0, 0, 0, 0, 0, 0, 0, 0, 0, -1, 0, 0, 0, 0, 0, -1, 1, 0, 0, 0, 0, 1]]
[[1, 0, 0, 0, 0, 0, 0, 0, 0, 0, 0, 0, 0, 0, 0, 0, 0, 0, 0, 0, 0, 0], [0, 1, 0, 0, 0, 0, 0, 0, 0, 0, 0, 0, 0, 0, 0, 0, 0, 0, 0, 0, 0, 0], [0, 0, 1, 0, 0, 0, 0, 0, 0, 0, 0, 0, 0, 0, 0, 0, 0, 0, 0, 0, 0, 0], [0, 0, 0, 1, 0, 0, 0, 0, 0, 0, 0, 0, 0, 0, 0, 0, 0, 0, 0, 0, 0, 0], [0, 0, 0, 0, 1, 0, 0, 0, 0, 0, 0, 0, 0, 0, 0, 0, 0, 0, 0, 0, 0, 0], [0, 0, 0, 0, 0, 1, 0, 0, 0, 0, 0, 0, 0, 0, 0, 0, 0, 0, 0, 0, 0, 0], [0, 0, 0, 0, 0, 0, 1, 0, 0, 0, 0, 0, 0, 0, 0, 0, 0, 0, 0, 0, 0, 0], [0, 0, 0, 0, 0, 0, 0, 1, 0, 0, 0, 0, 0, 0, 0, 0, 0, 0, 0, 0, 0, 0], [0, 0, 0, 0, 0, 0, 0, 0, 1, 0, 0, 0, 0, 0, 0, 0, 0, 0, 0, 0, 0, 0], [0, 0, 0, 0, 0, 0, 0, 0, 0, 1, 0, 0, 0, 0, 0, 0, 0, 0, 0, 0, 0, 0], [0, 0, 0, 0, 0, 0, 0, 0, 0, 0, 1, 0, 0, 0, 0, 0, 0, 0, 0, 0, 0, 0], [0, 0, 0, 0, 0, 0, 0, 0, 0, 0, 0, 1, 0, 0, 0, 0, 0, 0, 0, 0, 0, 0], [0, 0, 0, 0, 0, 0, 0, 0, 0, 0, 0, 0, 1, 0, 0, 0, 0, 0, 0, 0, 0, 0], [0, 0, 0, 0, 0, 0, 0, 0, 0, 0, 0, 0, 0, 1, 0, 0, 0, 0, 0, 0, 0, 0], [0, 0, 0, 0, 0, 0, 0, 0, 0, 0, 0, 0, 0, 0, 1, 0, 0, 0, 0, 0, 0, 0], [0, 0, 0, 0, 0, 0, 0, 0, 0, 0, 0, 0, 0, 0, 0, 1, 0, 0, 0, 0, 0, 0], [0, 0, 0, 0, 0, 0, 0, 0, 0, 0, 0, 0, 0, 0, 0, 0, 1, 0, 0, 0, 0, 0], [0, 0, 0, 0, 0, 0, 0, 0, 0, 0, 0, 0, 0, 0, 0, 0, 0, 1, 0, 0, 0, 0], [0, 0, 0, 0, 0, 0, 0, 0, 0, 0, 0, 0, 0, 0, 0, 0, 0, 0, 1, 0, 0, 0], [0, 0, 0, 0, 0, 0, 0, 0, 0, 0, 0, 0, 0, 0, 0, 0, 0, 0, 0, 1, 0, 0], [0, 0, 0, 0, 0, 0, 0, 0, 0, 0, 0, 0, 0, 0, 0, 0, 0, 0, 0, 0, 1, 0], [0, 0, 0, 0, 0, 0, 0, 0, 0, 0, 0, 0, 0, 0, 0, 0, 0, 0, 0, 0, 0, 1]]
[[1, 0, -3, -3, 3, 6, -2, -5, -3, -5, -6, -9, -1, -3, -6, -2, -5, 2, -5, -3, -2, -1], [0, 1, 2, 2, -2, -4, 1, 3, 2, 3, 4, 6, 1, 2, 4, 1, 3, -1, 3, 2, 1, 1], [0, 0, -1, -2, 2, 4, -1, -3, -2, -3, -4, -6, -1, -2, -4, -1, -3, 1, -3, -2, -1, -1], [0, 0, 1, 2, -1, -2, 1, 2, 1, 2, 2, 3, 0, 1, 2, 1, 2, -1, 2, 1, 1, 0], [0, 0, 3, 3, -2, -6, 2, 5, 3, 5, 6, 9, 1, 3, 6, 2, 5, -2, 5, 3, 2, 1], [0, 0, 0, 0, 0, 1, 0, 0, 0, 0, 0, 0, 0, 0, 0, 0, 0, 0, 0, 0, 0, 0], [0, 0, 0, 0, 0, 0, 1, 0, 0, 0, 0, 0, 0, 0, 0, 0, 0, 0, 0, 0, 0, 0], [0, 0, -2, -2, 2, 4, -1, -2, -2, -3, -4, -6, -1, -2, -4, -1, -3, 1, -3, -2, -1, -1], [0, 0, 0, 0, 0, 0, 0, 0, 1, 0, 0, 0, 0, 0, 0, 0, 0, 0, 0, 0, 0, 0], [0, 0, 2, 2, -2, -4, 1, 3, 2, 4, 4, 6, 1, 2, 4, 1, 3, -1, 3, 2, 1, 1], [0, 0, -1, -1, 1, 2, 0, -1, -1, -1, -1, -3, -1, -1, -2, 0, -1, 0, -1, -1, 0, -1], [0, 0, 2, 2, -2, -4, 1, 3, 2, 3, 4, 7, 1, 2, 4, 1, 3, -1, 3, 2, 1, 1], [0, 0, 2, 2, -2, -4, 1, 3, 2, 3, 4, 6, 2, 2, 4, 1, 3, -1, 3, 2, 1, 1], [0, 0, -2, -2, 2, 4, -1, -3, -2, -3, -4, -6, -1, -1, -4, -1, -3, 1, -3, -2, -1, -1], [0, 0, -2, -2, 2, 4, -1, -3, -2, -3, -4, -6, -1, -2, -3, -1, -3, 1, -3, -2, -1, -1], [0, 0, -1, -1, 1, 2, -1, -2, -1, -2, -2, -3, 0, -1, -2, 0, -2, 1, -2, -1, -1, 0], [0, 0, -1, -1, 1, 2, -1, -2, -1, -2, -2, -3, 0, -1, -2, -1, -1, 1, -2, -1, -1, 0], [0, 0, -2, -2, 2, 4, -1, -3, -2, -3, -4, -6, -1, -2, -4, -1, -3, 2, -3, -2, -1, -1], [0, 0, 1, 1, -1, -2, 0, 1, 1, 1, 2, 3, 1, 1, 2, 0, 1, 0, 2, 1, 0, 1], [0, 0, 1, 1, -1, -2, 1, 2, 1, 2, 2, 3, 0, 1, 2, 1, 2, -1, 2, 2, 1, 0], [0, 0, 2, 2, -2, -4, 1, 3, 2, 3, 4, 6, 1, 2, 4, 1, 3, -1, 3, 2, 2, 1], [0, 0, 1, 1, -1, -2, 1, 2, 1, 2, 2, 3, 0, 1, 2, 1, 2, -1, 2, 1, 1, 1]]
[[1, 0, 0, 0, 0, 0, 0, 0, 0, 0, 0, 0, 0, 0, 0, 0, 0, 0, 0, 0, 0, 0], [0, 1, 0, 0, 0, 0, 0, 0, 0, 0, 0, 0, 0, 0, 0, 0, 0, 0, 0, 0, 0, 0], [0, 0, 1, 0, 0, 0, 0, 0, 0, 0, 0, 0, 0, 0, 0, 0, 0, 0, 0, 0, 0, 0], [0, 0, 0, 1, 0, 0, 0, 0, 0, 0, 0, 0, 0, 0, 0, 0, 0, 0, 0, 0, 0, 0], [-1, 0, 0, 0, 0, 0, 0, 1, -1, -1, -1, 0, 0, 0, 1, 0, 0, -1, 1, 1, -1, 1], [1, 0, 0, 0, 1, 1, 0, -1, 1, 1, 1, 0, 0, 0, -1, 0, 0, 1, -1, -1, 1, -1], [0, 0, 0, 0, 0, 0, 1, 0, 0, 0, 0, 0, 0, 0, 0, 0, 0, 0, 0, 0, 0, 0], [2, 0, 0, 0, 2, 0, 0, -1, 2, 2, 2, 0, 0, 0, -2, 0, 0, 2, -2, -2, 2, -2], [0, 0, 0, 0, 0, 0, 0, 0, 1, 0, 0, 0, 0, 0, 0, 0, 0, 0, 0, 0, 0, 0], [0, 0, 0, 0, 0, 0, 0, 0, 0, 1, 0, 0, 0, 0, 0, 0, 0, 0, 0, 0, 0, 0], [1, 0, 0, 0, 1, 0, 0, -1, 1, 1, 2, 0, 0, 0, -1, 0, 0, 1, -1, -1, 1, -1], [0, 0, 0, 0, 0, 0, 0, 0, 0, 0, 0, 1, 0, 0, 0, 0, 0, 0, 0, 0, 0, 0], [-1, 0, 0, 0, -1, 0, 0, 1, -1, -1, -1, 0, 1, 0, 1, 0, 0, -1, 1, 1, -1, 1], [0, 0, 0, 0, 0, 0, 0, 0, 0, 0, 0, 0, 0, 1, 0, 0, 0, 0, 0, 0, 0, 0], [0, 0, 0, 0, 0, 0, 0, 0, 0, 0, 0, 0, 0, 0, 1, 0, 0, 0, 0, 0, 0, 0], [-1, 0, 0, 0, -1, 0, 0, 1, -1, -1, -1, 0, 0, 0, 1, 1, 0, -1, 1, 1, -1, 1], [0, 0, 0, 0, 0, 0, 0, 0, 0, 0, 0, 0, 0, 0, 0, 0, 1, 0, 0, 0, 0, 0], [0, 0, 0, 0, 0, 0, 0, 0, 0, 0, 0, 0, 0, 0, 0, 0, 0, 1, 0, 0, 0, 0], [-1, 0, 0, 0, -1, 0, 0, 1, -1, -1, -1, 0, 0, 0, 1, 0, 0, -1, 2, 1, -1, 1], [0, 0, 0, 0, 0, 0, 0, 0, 0, 0, 0, 0, 0, 0, 0, 0, 0, 0, 0, 1, 0, 0], [-1, 0, 0, 0, -1, 0, 0, 1, -1, -1, -1, 0, 0, 0, 1, 0, 0, -1, 1, 1, 0, 1], [0, 0, 0, 0, 0, 0, 0, 0, 0, 0, 0, 0, 0, 0, 0, 0, 0, 0, 0, 0, 0, 1]]
[[1, 0, 0, 0, 0, 0, 0, 0, 0, 0, 0, 0, 0, 0, 0, 0, 0, 0, 0, 0, 0, 0], [0, 1, 0, 0, 0, 0, 0, 0, 0, 0, 0, 0, 0, 0, 0, 0, 0, 0, 0, 0, 0, 0], [0, 0, 1, 0, 0, 0, 0, 0, 0, 0, 0, 0, 0, 0, 0, 0, 0, 0, 0, 0, 0, 0], [0, 0, 0, 1, 0, 0, 0, 0, 0, 0, 0, 0, 0, 0, 0, 0, 0, 0, 0, 0, 0, 0], [0, 0, 0, 0, 1, 0, 0, 0, 0, 0, 0, 0, 0, 0, 0, 0, 0, 0, 0, 0, 0, 0], [0, 0, 0, 0, 0, 1, 0, 0, 0, 0, 0, 0, 0, 0, 0, 0, 0, 0, 0, 0, 0, 0], [0, 0, 0, 0, 0, 0, 1, 0, 0, 0, 0, 0, 0, 0, 0, 0, 0, 0, 0, 0, 0, 0], [0, 0, 0, 0, 0, 0, 0, 1, 0, 0, 0, 0, 0, 0, 0, 0, 0, 0, 0, 0, 0, 0], [0, 0, 0, 0, 0, 0, 0, 0, 1, 0, 0, 0, 0, 0, 0, 0, 0, 0, 0, 0, 0, 0], [0, 0, 0, 0, 0, 0, 0, 0, 0, 1, 0, 0, 0, 0, 0, 0, 0, 0, 0, 0, 0, 0], [0, 0, 0, 0, 0, 0, 0, 0, 0, 0, 1, 0, 0, 0, 0, 0, 0, 0, 0, 0, 0, 0], [0, 0, 0, 0, 0, 0, 0, 0, 0, 0, 0, 1, 0, 0, 0, 0, 0, 0, 0, 0, 0, 0], [0, 0, 0, 0, 0, 0, 0, 0, 0, 0, 0, 0, 1, 0, 0, 0, 0, 0, 0, 0, 0, 0], [0, 0, 0, 0, 0, 0, 0, 0, 0, 0, 0, 0, 0, 1, 0, 0, 0, 0, 0, 0, 0, 0], [0, 0, 0, 0, 0, 0, 0, 0, 0, 0, 0, 0, 0, 0, 1, 0, 0, 0, 0, 0, 0, 0], [0, 0, 0, 0, 0, 0, 0, 0, 0, 0, 0, 0, 0, 0, 0, 1, 0, 0, 0, 0, 0, 0], [0, 0, 0, 0, 0, 0, 0, 0, 0, 0, 0, 0, 0, 0, 0, 0, 1, 0, 0, 0, 0, 0], [0, 0, 0, 0, 0, 0, 0, 0, 0, 0, 0, 0, 0, 0, 0, 0, 0, 1, 0, 0, 0, 0], [0, 0, 0, 0, 0, 0, 0, 0, 0, 0, 0, 0, 0, 0, 0, 0, 0, 0, 1, 0, 0, 0], [0, 0, 0, 0, 0, 0, 0, 0, 0, 0, 0, 0, 0, 0, 0, 0, 0, 0, 0, 1, 0, 0], [0, 0, 0, 0, 0, 0, 0, 0, 0, 0, 0, 0, 0, 0, 0, 0, 0, 0, 0, 0, 1, 0], [0, 0, 0, 0, 0, 0, 0, 0, 0, 0, 0, 0, 0, 0, 0, 0, 0, 0, 0, 0, 0, 1]]
[[1, 0, 0, 0, 0, 0, 0, 0, 0, 0, 0, 0, 0, 0, 0, 0, 0, 0, 0, 0, 0, 0], [0, 1, 0, 0, 0, 0, 0, 0, 0, 0, 0, 0, 0, 0, 0, 0, 0, 0, 0, 0, 0, 0], [0, 0, 1, 0, 0, 0, 0, 0, 0, 0, 0, 0, 0, 0, 0, 0, 0, 0, 0, 0, 0, 0], [0, 0, 0, 1, 0, 0, 0, 0, 0, 0, 0, 0, 0, 0, 0, 0, 0, 0, 0, 0, 0, 0], [0, 0, 0, 0, 1, 0, 0, 0, 0, 0, 0, 0, 0, 0, 0, 0, 0, 0, 0, 0, 0, 0], [0, 0, 0, 0, 0, 1, 0, 0, 0, 0, 0, 0, 0, 0, 0, 0, 0, 0, 0, 0, 0, 0], [0, 0, 0, 0, 0, 0, 1, 0, 0, 0, 0, 0, 0, 0, 0, 0, 0, 0, 0, 0, 0, 0], [0, 0, 0, 0, 0, 0, 0, 1, 0, 0, 0, 0, 0, 0, 0, 0, 0, 0, 0, 0, 0, 0], [0, 0, 0, 0, 0, 0, 0, 0, 1, 0, 0, 0, 0, 0, 0, 0, 0, 0, 0, 0, 0, 0], [0, 0, 0, 0, 0, 0, 0, 0, 0, 1, 0, 0, 0, 0, 0, 0, 0, 0, 0, 0, 0, 0], [0, 0, 0, 0, 0, 0, 0, 0, 0, 0, 1, 0, 0, 0, 0, 0, 0, 0, 0, 0, 0, 0], [0, 0, 0, 0, 0, 0, 0, 0, 0, 0, 0, 1, 0, 0, 0, 0, 0, 0, 0, 0, 0, 0], [0, 0, 0, 0, 0, 0, 0, 0, 0, 0, 0, 0, 1, 0, 0, 0, 0, 0, 0, 0, 0, 0], [0, 0, 0, 0, 0, 0, 0, 0, 0, 0, 0, 0, 0, 1, 0, 0, 0, 0, 0, 0, 0, 0], [0, 0, 0, 0, 0, 0, 0, 0, 0, 0, 0, 0, 0, 0, 1, 0, 0, 0, 0, 0, 0, 0], [0, 0, 0, 0, 0, 0, 0, 0, 0, 0, 0, 0, 0, 0, 0, 1, 0, 0, 0, 0, 0, 0], [0, 0, 0, 0, 0, 0, 0, 0, 0, 0, 0, 0, 0, 0, 0, 0, 1, 0, 0, 0, 0, 0], [0, 0, 0, 0, 0, 0, 0, 0, 0, 0, 0, 0, 0, 0, 0, 0, 0, 1, 0, 0, 0, 0], [0, 0, 0, 0, 0, 0, 0, 0, 0, 0, 0, 0, 0, 0, 0, 0, 0, 0, 1, 0, 0, 0], [0, 0, 0, 0, 0, 0, 0, 0, 0, 0, 0, 0, 0, 0, 0, 0, 0, 0, 0, 1, 0, 0], [0, 0, 0, 0, 0, 0, 0, 0, 0, 0, 0, 0, 0, 0, 0, 0, 0, 0, 0, 0, 1, 0], [0, 0, 0, 0, 0, 0, 0, 0, 0, 0, 0, 0, 0, 0, 0, 0, 0, 0, 0, 0, 0, 1]]
[[0, -1, -2, -3, 2, 3, 0, -3, -2, -3, -4, -8, -2, -3, -6, -3, -1, 1, -3, -3, -1, 0], [0, 1, 1, 1, 0, 0, 0, 1, 1, 1, 1, 2, 1, 1, 2, 1, 0, 0, 1, 1, 0, 0], [-1, -1, -1, -3, 2, 3, 0, -3, -2, -3, -4, -8, -2, -3, -6, -3, -1, 1, -3, -3, -1, 0], [0, 0, 0, 1, 0, -1, 0, 1, 0, 1, 1, 2, 0, 1, 1, 1, 0, 0, 1, 0, 0, 0], [1, 1, 1, 2, 0, -2, -1, 2, 1, 2, 3, 6, 2, 3, 4, 2, 0, 0, 2, 2, 0, 0], [0, 0, 0, 0, -1, 0, 1, 0, 0, 0, 0, 0, -1, -1, 0, 0, 1, -1, 0, 0, 1, 0], [0, 0, -1, -1, 1, 1, 0, -1, -1, -1, -1, -2, 0, 0, -2, -1, -1, 1, -1, -1, -1, 0], [-1, -1, 0, -1, 0, 1, 2, 0, 0, -1, -2, -4, -2, -3, -2, -1, 1, -1, -1, -1, 1, 0], [0, 0, 0, 0, 0, 0, 0, 0, 1, 0, 0, 0, 0, 0, 0, 0, 0, 0, 0, 0, 0, 0], [1, 1, 1, 2, -2, -3, 0, 2, 1, 3, 3, 6, 1, 2, 4, 2, 1, -1, 2, 2, 1, 0], [0, 0, 0, 0, -1, -1, 1, 0, 0, 0, 1, 0, -1, -1, 0, 0, 1, -1, 0, 0, 1, 0], [0, 0, 1, 1, 0, 0, 0, 1, 1, 1, 1, 3, 1, 1, 2, 1, 0, 0, 1, 1, 0, 0], [1, 1, 1, 2, -1, -2, -1, 2, 1, 2, 3, 6, 3, 3, 4, 2, 0, 0, 2, 2, 0, 0], [-1, -1, -1, -2, 1, 2, 1, -2, -1, -2, -3, -6, -2, -2, -4, -2, 0, 0, -2, -2, 0, 0], [0, 0, -2, -2, 1, 1, -1, -2, -2, -2, -2, -4, -1, -1, -3, -2, -1, 1, -2, -2, -1, 0], [0, 0, 0, 0, 0, 1, 0, -1, 0, -1, -1, -2, 0, -1, -1, 0, 0, 0, -1, 0, 0, 0], [0, 0, 0, 0, 0, 0, 0, 0, 0, 0, 0, 0, 0, 0, 0, 0, 1, 0, 0, 0, 0, 0], [-1, -1, -1, -2, 1, 2, 1, -2, -1, -2, -3, -6, -2, -3, -4, -2, 0, 1, -2, -2, 0, 0], [1, 1, 0, 1, 0, 0, -2, 0, 0, 0, 1, 2, 2, 2, 1, 0, -1, 1, 1, 1, -1, 0], [0, 0, 1, 1, -1, -2, 1, 2, 1, 2, 2, 4, 0, 1, 3, 2, 1, -1, 2, 2, 1, 0], [0, 0, 1, 1, 0, 0, 0, 1, 1, 1, 1, 2, 1, 1, 2, 1, 0, 0, 1, 1, 1, 0], [0, 0, 1, 1, -1, -1, 1, 1, 1, 1, 1, 2, 0, 0, 2, 1, 1, -1, 1, 1, 1, 1]]
[[1, 0, 0, 0, 0, 0, 0, 0, 0, 0, 0, 0, 0, 0, 0, 0, 0, 0, 0, 0, 0, 0], [0, 1, 0, 0, 0, 0, 0, 0, 0, 0, 0, 0, 0, 0, 0, 0, 0, 0, 0, 0, 0, 0], [0, 0, 1, 0, 0, 0, 0, 0, 0, 0, 0, 0, 0, 0, 0, 0, 0, 0, 0, 0, 0, 0], [0, 0, 0, 1, 0, 0, 0, 0, 0, 0, 0, 0, 0, 0, 0, 0, 0, 0, 0, 0, 0, 0], [-1, 0, 0, 0, 0, 1, 0, 1, -1, -2, -1, 1, 0, 0, 2, 1, -1, -1, 1, 2, -1, 0], [1, 0, 0, 0, 1, 0, 0, -1, 1, 2, 1, -1, 0, 0, -2, -1, 1, 1, -1, -2, 1, 0], [0, 0, 0, 0, 0, 0, 1, 0, 0, 0, 0, 0, 0, 0, 0, 0, 0, 0, 0, 0, 0, 0], [2, 0, 0, 0, 1, -2, 0, -1, 2, 3, 2, -1, 0, 0, -3, -2, 2, 1, -2, -3, 2, 0], [0, 0, 0, 0, 0, 0, 0, 0, 1, 0, 0, 0, 0, 0, 0, 0, 0, 0, 0, 0, 0, 0], [0, 0, 0, 0, 0, 0, 0, 0, 0, 1, 0, 0, 0, 0, 0, 0, 0, 0, 0, 0, 0, 0], [1, 0, 0, 0, 0, -1, 0, -1, 1, 1, 2, 0, 0, 0, -1, -1, 1, 0, -1, -1, 1, 0], [0, 0, 0, 0, 1, 0, 0, 0, 0, 1, 0, 0, 0, 0, -1, 0, 0, 1, 0, -1, 0, 0], [-1, 0, 0, 0, -1, 1, 0, 1, -1, -2, -1, 1, 1, 0, 2, 1, -1, -1, 1, 2, -1, 0], [0, 0, 0, 0, 0, 0, 0, 0, 0, 0, 0, 0, 0, 1, 0, 0, 0, 0, 0, 0, 0, 0], [0, 0, 0, 0, 0, 0, 0, 0, 0, 0, 0, 0, 0, 0, 1, 0, 0, 0, 0, 0, 0, 0], [0, 0, 0, 0, -1, 0, 0, 0, 0, -1, 0, 1, 0, 0, 1, 1, 0, -1, 0, 1, 0, 0], [0, 0, 0, 0, 0, 0, 0, 0, 0, 0, 0, 0, 0, 0, 0, 0, 1, 0, 0, 0, 0, 0], [1, 0, 0, 0, 0, -1, 0, -1, 1, 1, 1, 0, 0, 0, -1, -1, 1, 1, -1, -1, 1, 0], [-1, 0, 0, 0, -1, 1, 0, 1, -1, -2, -1, 1, 0, 0, 2, 1, -1, -1, 2, 2, -1, 0], [0, 0, 0, 0, 0, 0, 0, 0, 0, 0, 0, 0, 0, 0, 0, 0, 0, 0, 0, 1, 0, 0], [-1, 0, 0, 0, 0, 1, 0, 1, -1, -1, -1, 0, 0, 0, 1, 1, -1, 0, 1, 1, 0, 0], [0, 0, 0, 0, 0, 0, 0, 0, 0, 0, 0, 0, 0, 0, 0, 0, 0, 0, 0, 0, 0, 1]]
[[1, 0, 0, 0, 0, 0, 0, 0, 0, 0, 0, 0, 0, 0, 0, 0, 0, 0, 0, 0, 0, 0], [0, 1, 0, 0, 0, 0, 0, 0, 0, 0, 0, 0, 0, 0, 0, 0, 0, 0, 0, 0, 0, 0], [0, 0, 1, 0, 0, 0, 0, 0, 0, 0, 0, 0, 0, 0, 0, 0, 0, 0, 0, 0, 0, 0], [0, 0, 0, 1, 0, 0, 0, 0, 0, 0, 0, 0, 0, 0, 0, 0, 0, 0, 0, 0, 0, 0], [0, 0, 0, 0, 1, 0, 0, 0, 0, 0, 0, 0, 0, 0, 0, 0, 0, 0, 0, 0, 0, 0], [0, 0, 0, 0, 0, 1, 0, 0, 0, 0, 0, 0, 0, 0, 0, 0, 0, 0, 0, 0, 0, 0], [0, 0, 0, 0, 0, 0, 1, 0, 0, 0, 0, 0, 0, 0, 0, 0, 0, 0, 0, 0, 0, 0], [0, 0, 0, 0, 0, 0, 0, 1, 0, 0, 0, 0, 0, 0, 0, 0, 0, 0, 0, 0, 0, 0], [0, 0, 0, 0, 0, 0, 0, 0, 1, 0, 0, 0, 0, 0, 0, 0, 0, 0, 0, 0, 0, 0], [0, 0, 0, 0, 0, 0, 0, 0, 0, 1, 0, 0, 0, 0, 0, 0, 0, 0, 0, 0, 0, 0], [0, 0, 0, 0, 0, 0, 0, 0, 0, 0, 1, 0, 0, 0, 0, 0, 0, 0, 0, 0, 0, 0], [0, 0, 0, 0, 0, 0, 0, 0, 0, 0, 0, 1, 0, 0, 0, 0, 0, 0, 0, 0, 0, 0], [0, 0, 0, 0, 0, 0, 0, 0, 0, 0, 0, 0, 1, 0, 0, 0, 0, 0, 0, 0, 0, 0], [0, 0, 0, 0, 0, 0, 0, 0, 0, 0, 0, 0, 0, 1, 0, 0, 0, 0, 0, 0, 0, 0], [0, 0, 0, 0, 0, 0, 0, 0, 0, 0, 0, 0, 0, 0, 1, 0, 0, 0, 0, 0, 0, 0], [0, 0, 0, 0, 0, 0, 0, 0, 0, 0, 0, 0, 0, 0, 0, 1, 0, 0, 0, 0, 0, 0], [0, 0, 0, 0, 0, 0, 0, 0, 0, 0, 0, 0, 0, 0, 0, 0, 1, 0, 0, 0, 0, 0], [0, 0, 0, 0, 0, 0, 0, 0, 0, 0, 0, 0, 0, 0, 0, 0, 0, 1, 0, 0, 0, 0], [0, 0, 0, 0, 0, 0, 0, 0, 0, 0, 0, 0, 0, 0, 0, 0, 0, 0, 1, 0, 0, 0], [0, 0, 0, 0, 0, 0, 0, 0, 0, 0, 0, 0, 0, 0, 0, 0, 0, 0, 0, 1, 0, 0], [0, 0, 0, 0, 0, 0, 0, 0, 0, 0, 0, 0, 0, 0, 0, 0, 0, 0, 0, 0, 1, 0], [0, 0, 0, 0, 0, 0, 0, 0, 0, 0, 0, 0, 0, 0, 0, 0, 0, 0, 0, 0, 0, 1]]
[[1, 0, -2, -2, 3, 5, 0, -3, 0, -4, -3, -4, 0, -1, -4, -2, -3, 2, -3, -3, -2, -1], [0, 1, 1, 1, -2, -4, 0, 2, 0, 3, 2, 3, 0, 1, 3, 1, 2, -1, 2, 2, 1, 1], [1, 1, -1, -1, 1, 2, 0, -2, 0, -1, -1, -2, 0, 0, -2, -1, -2, 1, -2, -2, -1, -1], [0, 0, 1, 2, -1, -1, 0, 1, 0, 1, 1, 1, 0, 0, 1, 1, 1, -1, 1, 1, 1, 0], [1, 1, 1, 2, -2, -4, 0, 2, 0, 4, 3, 3, 0, 1, 3, 2, 2, -2, 2, 2, 2, 0], [-1, -1, 0, -1, 1, 1, 0, 0, 0, -1, -1, 0, 0, 0, 0, -1, 0, 1, 0, 0, -1, 1], [0, 0, 1, 1, -1, -1, 1, 1, 0, 1, 1, 1, 0, 0, 1, 1, 1, -1, 1, 1, 1, 0], [0, 0, -2, -2, 3, 5, 0, -2, 0, -4, -3, -4, 0, -1, -4, -2, -3, 2, -3, -3, -2, -1], [0, 0, 0, 0, 0, 0, 0, 0, 1, 0, 0, 0, 0, 0, 0, 0, 0, 0, 0, 0, 0, 0], [-1, -1, 1, 0, 0, -1, 0, 1, 0, 1, 0, 1, 0, 0, 1, 0, 1, 0, 1, 1, 0, 1], [0, 0, -1, -1, 2, 3, 0, -1, 0, -2, -1, -2, 0, 0, -2, -1, -1, 1, -1, -1, -1, -1], [0, 0, 1, 1, -2, -4, 0, 2, 0, 3, 2, 4, 0, 1, 3, 1, 2, -1, 2, 2, 1, 1], [0, 0, 1, 1, -2, -4, 0, 2, 0, 3, 2, 3, 1, 1, 3, 1, 2, -1, 2, 2, 1, 1], [0, 0, 0, 0, 0, 1, 0, -1, 0, -1, 0, -1, 0, 0, -1, 0, -1, 0, -1, -1, 0, 0], [0, 0, 0, 0, 1, 3, 0, -1, 0, -2, -1, -2, 0, -1, -1, 0, -1, 0, -1, -1, 0, -1], [0, 0, -1, -1, 1, 1, 0, -1, 0, -1, -1, -1, 0, 0, -1, 0, -1, 1, -1, -1, -1, 0], [0, 0, -1, -1, 1, 2, 0, -2, 0, -2, -1, -2, 0, -1, -2, -1, -1, 1, -2, -2, -1, 0], [0, 0, -1, -1, 2, 4, 0, -2, 0, -3, -2, -3, 0, -1, -3, -1, -2, 2, -2, -2, -1, -1], [0, 0, 1, 1, -2, -4, 0, 2, 0, 3, 2, 3, 0, 1, 3, 1, 2, -1, 3, 2, 1, 1], [0, 0, 0, 0, 0, 0, 0, 0, 0, 0, 0, 0, 0, 0, 0, 0, 0, 0, 0, 1, 0, 0], [0, 0, 1, 1, -2, -4, 0, 2, 0, 3, 2, 3, 0, 1, 3, 1, 2, -1, 2, 2, 2, 1], [0, 0, 0, 0, 0, -1, 0, 1, 0, 1, 0, 1, 0, 1, 1, 0, 1, 0, 1, 1, 0, 1]]
[[1, 0, 0, 0, 0, 0, 0, 0, 0, 0, 0, 0, 0, 0, 0, 0, 0, 0, 0, 0, 0, 0], [0, 1, 0, 0, 0, 0, 0, 0, 0, 0, 0, 0, 0, 0, 0, 0, 0, 0, 0, 0, 0, 0], [0, 0, 1, 0, 0, 0, 0, 0, 0, 0, 0, 0, 0, 0, 0, 0, 0, 0, 0, 0, 0, 0], [0, 0, 0, 1, 0, 0, 0, 0, 0, 0, 0, 0, 0, 0, 0, 0, 0, 0, 0, 0, 0, 0], [-1, 0, 0, 0, 0, 0, -1, 0, -2, -1, -2, -2, -1, -1, 0, 0, -1, -1, 0, 0, -1, 1], [1, 0, 0, 0, 1, 1, 1, 0, 2, 1, 2, 2, 1, 1, 0, 0, 1, 1, 0, 0, 1, -1], [-1, 0, 0, 0, -1, 0, 0, 0, -2, -1, -2, -2, -1, -1, 0, 0, -1, -1, 0, 0, -1, 1], [3, 1, 0, 1, 2, 0, 2, 0, 5, 3, 6, 5, 2, 2, 0, 1, 2, 2, -1, -1, 3, -3], [0, 0, 0, 0, 0, 0, 0, 0, 1, 0, 0, 0, 0, 0, 0, 0, 0, 0, 0, 0, 0, 0], [1, 0, 0, 0, 1, 0, 1, 0, 2, 2, 2, 2, 1, 1, 0, 0, 1, 1, 0, 0, 1, -1], [1, 0, 0, 0, 1, 0, 1, 0, 2, 1, 3, 2, 1, 1, 0, 0, 1, 1, 0, 0, 1, -1], [0, 0, 0, 0, 0, 0, 0, 0, 0, 0, 0, 1, 0, 0, 0, 0, 0, 0, 0, 0, 0, 0], [-1, 0, 0, 0, -1, 0, -1, 0, -2, -1, -2, -2, 0, -1, 0, 0, -1, -1, 0, 0, -1, 1], [-1, 0, 0, 0, -1, 0, -1, 0, -2, -1, -2, -2, -1, 0, 0, 0, -1, -1, 0, 0, -1, 1], [0, 0, 0, 0, 0, 0, 0, 0, 0, 0, 0, 0, 0, 0, 1, 0, 0, 0, 0, 0, 0, 0], [-2, -1, 0, -1, -1, 0, -1, 1, -3, -2, -4, -3, -1, -1, 0, 0, -1, -1, 1, 1, -2, 2], [0, 0, 0, 0, 0, 0, 0, 0, 0, 0, 0, 0, 0, 0, 0, 0, 1, 0, 0, 0, 0, 0], [0, 0, 0, 0, 0, 0, 0, 0, 0, 0, 0, 0, 0, 0, 0, 0, 0, 1, 0, 0, 0, 0], [-1, 0, 0, 0, -1, 0, -1, 0, -2, -1, -2, -2, -1, -1, 0, 0, -1, -1, 1, 0, -1, 1], [0, 0, 0, 0, 0, 0, 0, 0, 0, 0, 0, 0, 0, 0, 0, 0, 0, 0, 0, 1, 0, 0], [-1, 0, 0, 0, -1, 0, -1, 0, -2, -1, -2, -2, -1, -1, 0, 0, -1, -1, 0, 0, 0, 1], [0, 0, 0, 0, 0, 0, 0, 0, 0, 0, 0, 0, 0, 0, 0, 0, 0, 0, 0, 0, 0, 1]]
[[1, 0, 0, 0, 0, 0, 0, 0, 0, 0, 0, 0, 0, 0, 0, 0, 0, 0, 0, 0, 0, 0], [0, 1, 0, 0, 0, 0, 0, 0, 0, 0, 0, 0, 0, 0, 0, 0, 0, 0, 0, 0, 0, 0], [0, 0, 1, 0, 0, 0, 0, 0, 0, 0, 0, 0, 0, 0, 0, 0, 0, 0, 0, 0, 0, 0], [0, 0, 0, 1, 0, 0, 0, 0, 0, 0, 0, 0, 0, 0, 0, 0, 0, 0, 0, 0, 0, 0], [0, 0, 0, 0, 1, 0, 0, 0, 0, 0, 0, 0, 0, 0, 0, 0, 0, 0, 0, 0, 0, 0], [0, 0, 0, 0, 0, 1, 0, 0, 0, 0, 0, 0, 0, 0, 0, 0, 0, 0, 0, 0, 0, 0], [0, 0, 0, 0, 0, 0, 1, 0, 0, 0, 0, 0, 0, 0, 0, 0, 0, 0, 0, 0, 0, 0], [0, 0, 0, 0, 0, 0, 0, 1, 0, 0, 0, 0, 0, 0, 0, 0, 0, 0, 0, 0, 0, 0], [0, 0, 0, 0, 0, 0, 0, 0, 1, 0, 0, 0, 0, 0, 0, 0, 0, 0, 0, 0, 0, 0], [0, 0, 0, 0, 0, 0, 0, 0, 0, 1, 0, 0, 0, 0, 0, 0, 0, 0, 0, 0, 0, 0], [0, 0, 0, 0, 0, 0, 0, 0, 0, 0, 1, 0, 0, 0, 0, 0, 0, 0, 0, 0, 0, 0], [0, 0, 0, 0, 0, 0, 0, 0, 0, 0, 0, 1, 0, 0, 0, 0, 0, 0, 0, 0, 0, 0], [0, 0, 0, 0, 0, 0, 0, 0, 0, 0, 0, 0, 1, 0, 0, 0, 0, 0, 0, 0, 0, 0], [0, 0, 0, 0, 0, 0, 0, 0, 0, 0, 0, 0, 0, 1, 0, 0, 0, 0, 0, 0, 0, 0], [0, 0, 0, 0, 0, 0, 0, 0, 0, 0, 0, 0, 0, 0, 1, 0, 0, 0, 0, 0, 0, 0], [0, 0, 0, 0, 0, 0, 0, 0, 0, 0, 0, 0, 0, 0, 0, 1, 0, 0, 0, 0, 0, 0], [0, 0, 0, 0, 0, 0, 0, 0, 0, 0, 0, 0, 0, 0, 0, 0, 1, 0, 0, 0, 0, 0], [0, 0, 0, 0, 0, 0, 0, 0, 0, 0, 0, 0, 0, 0, 0, 0, 0, 1, 0, 0, 0, 0], [0, 0, 0, 0, 0, 0, 0, 0, 0, 0, 0, 0, 0, 0, 0, 0, 0, 0, 1, 0, 0, 0], [0, 0, 0, 0, 0, 0, 0, 0, 0, 0, 0, 0, 0, 0, 0, 0, 0, 0, 0, 1, 0, 0], [0, 0, 0, 0, 0, 0, 0, 0, 0, 0, 0, 0, 0, 0, 0, 0, 0, 0, 0, 0, 1, 0], [0, 0, 0, 0, 0, 0, 0, 0, 0, 0, 0, 0, 0, 0, 0, 0, 0, 0, 0, 0, 0, 1]]
[[0, 0, -1, -1, 1, 2, -1, -1, -2, -2, -3, -3, -1, -1, -2, -1, -1, 1, -1, -1, -1, 0], [1, 1, 0, 0, 0, -1, 0, 0, 1, 1, 2, 2, 1, 1, 1, 0, 0, 0, 0, 0, 0, 0], [0, 0, 1, 0, 0, 0, 0, 0, 0, 0, 0, 0, 0, 0, 0, 0, 0, 0, 0, 0, 0, 0], [0, 0, 0, 0, 0, 0, 1, 0, 1, 1, 0, 0, 0, 0, 0, 0, 0, 0, 0, 0, 0, 0], [0, 0, 0, -1, 1, 0, 1, 0, 1, 1, 0, 0, 0, 0, 0, 0, 0, 0, 0, 0, 0, 0], [0, 0, 1, 2, -1, 0, 0, 1, 0, 0, 1, 1, 0, 0, 1, 1, 1, -1, 1, 1, 1, 0], [0, 0, 0, 0, 0, 0, 1, 0, 0, 0, 0, 0, 0, 0, 0, 0, 0, 0, 0, 0, 0, 0], [0, 0, 0, 0, 0, 0, 0, 1, 0, 0, 0, 0, 0, 0, 0, 0, 0, 0, 0, 0, 0, 0], [0, 0, -1, -1, 1, 1, -1, -1, 0, -1, -1, -1, 0, 0, -1, -1, -1, 1, -1, -1, -1, 0], [0, 0, 1, 2, -1, -1, 0, 1, 0, 1, 1, 1, 0, 0, 1, 1, 1, -1, 1, 1, 1, 0], [-1, 0, 0, 0, 0, 1, 0, 0, -1, -1, -1, -2, -1, -1, -1, 0, 0, 0, 0, 0, 0, 0], [1, 0, 1, 1, -1, -2, 1, 1, 2, 2, 3, 4, 1, 1, 2, 1, 1, -1, 1, 1, 1, 0], [0, 0, 0, 0, 0, -1, 0, 0, 0, 1, 1, 1, 0, 1, 0, 0, 1, 0, 1, 0, 0, 0], [0, 0, 0, 0, 0, 1, 0, 0, 0, -1, -1, -1, 1, 0, 0, 0, -1, 0, -1, 0, 0, 0], [-1, 0, 0, 0, 0, 1, 0, 0, -1, -1, -2, -2, -1, -1, 0, 0, 0, 0, 0, 0, 0, 0], [0, 0, -1, -1, 1, 1, -1, -1, -1, -1, -1, -1, 0, 0, -1, 0, -1, 1, -1, -1, -1, 0], [0, 0, 0, 0, 0, 0, 0, 0, 0, 0, 0, 0, 0, 0, 0, 0, 1, 0, 0, 0, 0, 0], [0, 0, 0, 0, 0, 0, 0, 0, 0, 0, 0, 0, 0, 0, 0, 0, 0, 1, 0, 0, 0, 0], [0, 0, -1, -1, 1, 1, -1, -1, -1, -1, -1, -1, 0, 0, -1, -1, -1, 1, 0, -1, -1, 0], [0, 0, 0, 0, 0, 0, 0, 0, 0, 0, 0, 0, 0, 0, 0, 0, 0, 0, 0, 1, 0, 0], [1, 0, 0, 0, 0, -1, 0, 0, 1, 1, 2, 2, 1, 1, 1, 0, 0, 0, 0, 0, 1, 0], [0, 0, 0, 0, 0, 0, 0, 0, 0, 0, 0, 0, 0, 0, 0, 0, 0, 0, 0, 0, 0, 1]]
[[1, 0, 0, 0, 0, 0, 0, 0, 0, 0, 0, 0, 0, 0, 0, 0, 0, 0, 0, 0, 0, 0], [0, 1, 0, 0, 0, 0, 0, 0, 0, 0, 0, 0, 0, 0, 0, 0, 0, 0, 0, 0, 0, 0], [0, 0, 1, 0, 0, 0, 0, 0, 0, 0, 0, 0, 0, 0, 0, 0, 0, 0, 0, 0, 0, 0], [0, 0, 0, 1, 0, 0, 0, 0, 0, 0, 0, 0, 0, 0, 0, 0, 0, 0, 0, 0, 0, 0], [0, 0, 0, 0, 1, 0, 0, 0, 0, 0, 0, 0, 0, 0, 0, 0, 0, 0, 0, 0, 0, 0], [0, 0, 0, 0, 0, 1, 0, 0, 0, 0, 0, 0, 0, 0, 0, 0, 0, 0, 0, 0, 0, 0], [0, 0, 0, 0, 0, 0, 1, 0, 0, 0, 0, 0, 0, 0, 0, 0, 0, 0, 0, 0, 0, 0], [0, 0, 0, 0, 0, 0, 0, 1, 0, 0, 0, 0, 0, 0, 0, 0, 0, 0, 0, 0, 0, 0], [0, 0, 0, 0, 0, 0, 0, 0, 1, 0, 0, 0, 0, 0, 0, 0, 0, 0, 0, 0, 0, 0], [0, 0, 0, 0, 0, 0, 0, 0, 0, 1, 0, 0, 0, 0, 0, 0, 0, 0, 0, 0, 0, 0], [0, 0, 0, 0, 0, 0, 0, 0, 0, 0, 1, 0, 0, 0, 0, 0, 0, 0, 0, 0, 0, 0], [0, 0, 0, 0, 0, 0, 0, 0, 0, 0, 0, 1, 0, 0, 0, 0, 0, 0, 0, 0, 0, 0], [0, 0, 0, 0, 0, 0, 0, 0, 0, 0, 0, 0, 1, 0, 0, 0, 0, 0, 0, 0, 0, 0], [0, 0, 0, 0, 0, 0, 0, 0, 0, 0, 0, 0, 0, 1, 0, 0, 0, 0, 0, 0, 0, 0], [0, 0, 0, 0, 0, 0, 0, 0, 0, 0, 0, 0, 0, 0, 1, 0, 0, 0, 0, 0, 0, 0], [0, 0, 0, 0, 0, 0, 0, 0, 0, 0, 0, 0, 0, 0, 0, 1, 0, 0, 0, 0, 0, 0], [0, 0, 0, 0, 0, 0, 0, 0, 0, 0, 0, 0, 0, 0, 0, 0, 1, 0, 0, 0, 0, 0], [0, 0, 0, 0, 0, 0, 0, 0, 0, 0, 0, 0, 0, 0, 0, 0, 0, 1, 0, 0, 0, 0], [0, 0, 0, 0, 0, 0, 0, 0, 0, 0, 0, 0, 0, 0, 0, 0, 0, 0, 1, 0, 0, 0], [0, 0, 0, 0, 0, 0, 0, 0, 0, 0, 0, 0, 0, 0, 0, 0, 0, 0, 0, 1, 0, 0], [0, 0, 0, 0, 0, 0, 0, 0, 0, 0, 0, 0, 0, 0, 0, 0, 0, 0, 0, 0, 1, 0], [0, 0, 0, 0, 0, 0, 0, 0, 0, 0, 0, 0, 0, 0, 0, 0, 0, 0, 0, 0, 0, 1]]
[[1, 0, 0, 0, 0, 0, 0, 0, 0, 0, 0, 0, 0, 0, 0, 0, 0, 0, 0, 0, 0, 0], [0, 0, 0, 1, 0, 0, 0, 0, 0, 0, 1, 0, 0, 0, -1, 0, 0, 0, 0, -1, 1, -1], [0, -1, 1, 1, 0, 0, 0, 0, 1, 0, 1, 0, 0, 0, -1, 0, 0, 0, 0, -1, 1, -1], [0, 1, 0, 0, 0, 0, 0, 0, 0, 0, -1, 0, 0, 0, 1, 0, 0, 0, 0, 1, -1, 1], [-1, 0, 0, 0, 1, 1, 0, 0, -1, -1, -2, -2, -1, -1, 0, 0, 0, 0, 0, 0, 0, 1], [1, 0, 0, 0, 0, 0, 0, 0, 2, 1, 2, 2, 1, 1, 0, 0, 0, 0, 0, 0, 0, -1], [0, 0, 0, 0, 0, 0, 1, 0, 1, 0, 0, 0, 0, 0, 0, 0, 0, 0, 0, 0, 0, 0], [1, 0, 0, 0, 0, -1, 0, 0, 1, 1, 3, 2, 0, 1, -1, -1, 1, 1, 1, 0, 0, -1], [0, 0, 0, 0, 0, 0, 0, 0, -1, 0, 0, 0, 0, 0, 0, 0, 0, 0, 0, 0, 0, 0], [0, 0, 0, 0, 0, 0, 0, 0, 1, 1, 0, 0, 0, 0, 0, 0, 0, 0, 0, 0, 0, 0], [0, 0, 0, 0, 0, 0, 0, 0, 0, 0, 1, 0, 0, 0, 0, 0, 0, 0, 0, 0, 0, 0], [0, 0, 0, 0, 0, 0, 0, 0, 1, 0, 0, 1, 0, 0, 0, 0, 0, 0, 0, 0, 0, 0], [-1, 0, 0, 0, 0, 1, 0, 0, -1, -1, -2, -2, 0, -1, 0, 0, 0, 0, 0, 0, 0, 1], [1, 0, 0, 0, 0, -1, 0, 0, 1, 1, 2, 2, 1, 2, 0, 0, 0, 0, 0, 0, 0, -1], [0, 0, 0, 0, 0, 0, 0, 0, 0, 0, 0, 0, 0, 0, 1, 0, 0, 0, 0, 0, 0, 0], [0, 0, 0, 0, 0, 0, 0, 0, -1, 0, 0, 0, 0, 0, 0, 1, 0, 0, 0, 0, 0, 0], [0, 0, 0, 0, 0, 0, 0, 0, 0, 0, 0, 0, 0, 0, 0, 0, 1, 0, 0, 0, 0, 0], [1, 0, 0, 0, 0, -1, 0, 0, 1, 1, 2, 2, 1, 1, 0, 0, 0, 1, 0, 0, 0, -1], [-1, 0, 0, 0, 0, 1, 0, 1, -2, -1, -3, -2, 0, -1, 1, 1, -1, -1, 0, 0, 0, 1], [0, 0, 0, 0, 0, 0, 0, 0, 0, 0, 0, 0, 0, 0, 0, 0, 0, 0, 0, 1, 0, 0], [1, 0, 0, 0, 0, -1, 0, 0, 1, 1, 2, 2, 1, 1, 0, 0, 0, 0, 0, 0, 1, -1], [1, 0, 0, 0, 0, -1, 0, 0, 1, 1, 2, 2, 1, 1, 0, 0, 0, 0, 0, 0, 0, 0]]
[[0, 0, 0, -1, 0, 1, 0, 0, -1, -1, -3, -2, -1, -1, 0, 0, -1, 0, 0, 1, -1, 1], [1, 1, 0, 1, 0, -1, 0, 0, 1, 1, 3, 2, 1, 1, 0, 0, 1, 0, 0, -1, 1, -1], [0, 0, 1, 0, 0, 0, 0, 0, 0, 0, 0, 0, 0, 0, 0, 0, 0, 0, 0, 0, 0, 0], [0, 0, 0, 1, 0, 0, 0, 0, 0, 0, 0, 0, 0, 0, 0, 0, 0, 0, 0, 0, 0, 0], [0, 0, 0, 0, 1, 0, 0, 0, 0, 0, 0, 0, 0, 0, 0, 0, 0, 0, 0, 0, 0, 0], [1, 0, 1, 2, -1, -2, 1, 0, 3, 3, 6, 4, 1, 2, 0, 0, 3, 0, 1, -1, 2, -1], [0, 0, 0, 0, 0, 0, 1, 0, 0, 0, 0, 0, 0, 0, 0, 0, 0, 0, 0, 0, 0, 0], [1, 0, 1, 2, -1, -3, 1, 1, 3, 3, 6, 4, 1, 2, 0, 0, 3, 0, 1, -1, 2, -1], [0, 0, -1, -1, 1, 2, -1, 0, -1, -2, -3, -2, 0, -1, 0, 0, -2, 0, -1, 0, -1, 0], [1, 0, 1, 2, -1, -3, 1, 0, 3, 4, 6, 4, 1, 2, 0, 0, 3, 0, 1, -1, 2, -1], [0, 0, 0, 0, 0, 0, 0, 0, 0, 0, 1, 0, 0, 0, 0, 0, 0, 0, 0, 0, 0, 0], [1, 0, 1, 2, -1, -3, 1, 0, 3, 3, 6, 5, 1, 2, 0, 0, 3, 0, 1, -1, 2, -1], [-1, 0, 0, -1, 0, 1, 0, 0, -1, -1, -3, -2, 0, -1, 0, 0, -1, 0, 0, 1, -1, 1], [0, 0, -1, -1, 1, 2, -1, 0, -2, -2, -3, -2, 0, 0, 0, 0, -2, 0, -1, 0, -1, 0], [-1, 0, 0, -1, 0, 1, 0, 0, -1, -1, -3, -2, -1, -1, 1, 0, -1, 0, 0, 1, -1, 1], [-1, 0, -1, -2, 1, 3, -1, 0, -3, -3, -6, -4, -1, -2, 0, 1, -3, 0, -1, 1, -2, 1], [-1, 0, 0, -1, 0, 1, 0, 0, -1, -1, -3, -2, -1, -1, 0, 0, 0, 0, 0, 1, -1, 1], [0, 0, 0, 0, 0, 0, 0, 0, 0, 0, 0, 0, 0, 0, 0, 0, 0, 1, 0, 0, 0, 0], [-1, 0, -1, -2, 1, 3, -1, 0, -3, -3, -6, -4, -1, -2, 0, 0, -3, 0, 0, 1, -2, 1], [1, 0, 0, 1, 0, -1, 0, 0, 1, 1, 3, 2, 1, 1, 0, 0, 1, 0, 0, 0, 1, -1], [1, 0, 0, 1, 0, -1, 0, 0, 1, 1, 3, 2, 1, 1, 0, 0, 1, 0, 0, -1, 2, -1], [1, 0, 0, 1, 0, -1, 0, 0, 1, 1, 3, 2, 1, 1, 0, 0, 1, 0, 0, -1, 1, 0]]
[[1, 0, 0, 0, 0, 0, 0, 0, 0, 0, 0, 0, 0, 0, 0, 0, 0, 0, 0, 0, 0, 0], [0, 1, 0, 0, 0, 0, 0, 0, 0, 0, 0, 0, 0, 0, 0, 0, 0, 0, 0, 0, 0, 0], [0, 0, 1, 0, 0, 0, 0, 0, 0, 0, 0, 0, 0, 0, 0, 0, 0, 0, 0, 0, 0, 0], [0, 0, 0, 1, 0, 0, 0, 0, 0, 0, 0, 0, 0, 0, 0, 0, 0, 0, 0, 0, 0, 0], [0, 0, 0, 0, 1, 0, 0, 0, 0, 0, 0, 0, 0, 0, 0, 0, 0, 0, 0, 0, 0, 0], [0, 0, 0, 0, 0, 1, 0, 0, 0, 0, 0, 0, 0, 0, 0, 0, 0, 0, 0, 0, 0, 0], [0, 0, 0, 0, 0, 0, 1, 0, 0, 0, 0, 0, 0, 0, 0, 0, 0, 0, 0, 0, 0, 0], [0, 0, 0, 0, 0, 0, 0, 1, 0, 0, 0, 0, 0, 0, 0, 0, 0, 0, 0, 0, 0, 0], [0, 0, 0, 0, 0, 0, 0, 0, 1, 0, 0, 0, 0, 0, 0, 0, 0, 0, 0, 0, 0, 0], [0, 0, 0, 0, 0, 0, 0, 0, 0, 1, 0, 0, 0, 0, 0, 0, 0, 0, 0, 0, 0, 0], [0, 0, 0, 0, 0, 0, 0, 0, 0, 0, 1, 0, 0, 0, 0, 0, 0, 0, 0, 0, 0, 0], [0, 0, 0, 0, 0, 0, 0, 0, 0, 0, 0, 1, 0, 0, 0, 0, 0, 0, 0, 0, 0, 0], [0, 0, 0, 0, 0, 0, 0, 0, 0, 0, 0, 0, 1, 0, 0, 0, 0, 0, 0, 0, 0, 0], [0, 0, 0, 0, 0, 0, 0, 0, 0, 0, 0, 0, 0, 1, 0, 0, 0, 0, 0, 0, 0, 0], [0, 0, 0, 0, 0, 0, 0, 0, 0, 0, 0, 0, 0, 0, 1, 0, 0, 0, 0, 0, 0, 0], [0, 0, 0, 0, 0, 0, 0, 0, 0, 0, 0, 0, 0, 0, 0, 1, 0, 0, 0, 0, 0, 0], [0, 0, 0, 0, 0, 0, 0, 0, 0, 0, 0, 0, 0, 0, 0, 0, 1, 0, 0, 0, 0, 0], [0, 0, 0, 0, 0, 0, 0, 0, 0, 0, 0, 0, 0, 0, 0, 0, 0, 1, 0, 0, 0, 0], [0, 0, 0, 0, 0, 0, 0, 0, 0, 0, 0, 0, 0, 0, 0, 0, 0, 0, 1, 0, 0, 0], [0, 0, 0, 0, 0, 0, 0, 0, 0, 0, 0, 0, 0, 0, 0, 0, 0, 0, 0, 1, 0, 0], [0, 0, 0, 0, 0, 0, 0, 0, 0, 0, 0, 0, 0, 0, 0, 0, 0, 0, 0, 0, 1, 0], [0, 0, 0, 0, 0, 0, 0, 0, 0, 0, 0, 0, 0, 0, 0, 0, 0, 0, 0, 0, 0, 1]]
[[0, 0, -1, -1, 1, 2, -1, -1, -2, -2, -3, -3, -1, -1, -2, -1, -1, 1, -1, -1, -1, 0], [1, 1, 0, 0, 0, -1, 0, 0, 1, 1, 2, 2, 1, 1, 1, 0, 0, 0, 0, 0, 0, 0], [0, 0, 1, 0, 0, 0, 0, 0, 0, 0, 0, 0, 0, 0, 0, 0, 0, 0, 0, 0, 0, 0], [0, 0, 0, 0, 0, 0, 1, 0, 1, 1, 0, 0, 0, 0, 0, 0, 0, 0, 0, 0, 0, 0], [0, 0, 0, -1, 1, 0, 1, 0, 1, 1, 0, 0, 0, 0, 0, 0, 0, 0, 0, 0, 0, 0], [0, 0, 1, 2, -1, 0, 0, 1, 0, 0, 1, 1, 0, 0, 1, 1, 1, -1, 1, 1, 1, 0], [0, 0, 0, 0, 0, 0, 1, 0, 0, 0, 0, 0, 0, 0, 0, 0, 0, 0, 0, 0, 0, 0], [0, 0, 0, 0, 0, 0, 0, 1, 0, 0, 0, 0, 0, 0, 0, 0, 0, 0, 0, 0, 0, 0], [0, 0, -1, -1, 1, 1, -1, -1, 0, -1, -1, -1, 0, 0, -1, -1, -1, 1, -1, -1, -1, 0], [0, 0, 1, 2, -1, -1, 0, 1, 0, 1, 1, 1, 0, 0, 1, 1, 1, -1, 1, 1, 1, 0], [-1, 0, 0, 0, 0, 1, 0, 0, -1, -1, -1, -2, -1, -1, -1, 0, 0, 0, 0, 0, 0, 0], [1, 0, 1, 1, -1, -2, 1, 1, 2, 2, 3, 4, 1, 1, 2, 1, 1, -1, 1, 1, 1, 0], [0, 0, 0, 0, 0, -1, 0, 0, 0, 1, 1, 1, 0, 1, 0, 0, 1, 0, 1, 0, 0, 0], [0, 0, 0, 0, 0, 1, 0, 0, 0, -1, -1, -1, 1, 0, 0, 0, -1, 0, -1, 0, 0, 0], [-1, 0, 0, 0, 0, 1, 0, 0, -1, -1, -2, -2, -1, -1, 0, 0, 0, 0, 0, 0, 0, 0], [0, 0, -1, -1, 1, 1, -1, -1, -1, -1, -1, -1, 0, 0, -1, 0, -1, 1, -1, -1, -1, 0], [0, 0, 0, 0, 0, 0, 0, 0, 0, 0, 0, 0, 0, 0, 0, 0, 1, 0, 0, 0, 0, 0], [0, 0, 0, 0, 0, 0, 0, 0, 0, 0, 0, 0, 0, 0, 0, 0, 0, 1, 0, 0, 0, 0], [0, 0, -1, -1, 1, 1, -1, -1, -1, -1, -1, -1, 0, 0, -1, -1, -1, 1, 0, -1, -1, 0], [0, 0, 0, 0, 0, 0, 0, 0, 0, 0, 0, 0, 0, 0, 0, 0, 0, 0, 0, 1, 0, 0], [1, 0, 0, 0, 0, -1, 0, 0, 1, 1, 2, 2, 1, 1, 1, 0, 0, 0, 0, 0, 1, 0], [0, 0, 0, 0, 0, 0, 0, 0, 0, 0, 0, 0, 0, 0, 0, 0, 0, 0, 0, 0, 0, 1]]
[[0, 0, 0, -1, 0, 1, 0, 0, -1, -2, -3, -2, -1, -1, 0, -1, -1, 0, 0, 1, -2, 2], [0, 1, 0, 1, 0, 0, 0, 0, 0, 1, 1, 0, 0, 0, 0, 1, 0, 0, 0, -1, 1, -1], [-1, 0, 0, -1, 1, 2, 0, 1, -2, -2, -4, -3, -1, -1, 0, 0, -2, 0, 0, 0, -2, 1], [1, 0, 0, 1, 0, -1, 0, 0, 1, 1, 2, 2, 1, 1, 0, 0, 1, 0, 0, 0, 1, -1], [0, 0, 0, 1, 1, 0, 0, 0, 0, 1, 1, 0, 0, 0, 0, 1, 0, 0, 0, -1, 1, -1], [1, 0, 0, 0, 0, -1, 0, 0, 2, 2, 3, 3, 2, 2, 0, 0, 1, 1, 0, 0, 1, -1], [0, 0, 0, 0, 0, 0, 1, 0, 0, 0, 0, 0, 0, 0, 0, 0, 0, 0, 0, 0, 0, 0], [1, 0, 1, 1, -1, -2, 0, 0, 2, 2, 4, 3, 1, 1, 0, 0, 2, 0, 0, 0, 2, -1], [0, 0, 0, 0, 0, 1, 0, 0, 0, -1, -1, -1, -1, -1, 0, 0, 0, -1, 0, 0, 0, 0], [1, 0, 0, 0, 0, -2, 0, 0, 2, 3, 3, 3, 2, 2, 0, 0, 1, 1, 0, 0, 1, -1], [1, 0, 0, 0, 0, -1, 0, 0, 1, 1, 3, 2, 1, 1, 0, 0, 1, 0, 0, 0, 1, -1], [0, 0, 0, 1, 0, -1, 0, 0, 1, 2, 2, 2, 1, 1, 0, 1, 0, 1, 0, -1, 1, -1], [-1, 0, 0, 0, 0, 1, 0, 0, -1, -1, -2, -2, 0, -1, 0, 0, -1, 0, 0, 0, -1, 1], [0, 0, 0, 0, 0, 1, 0, 0, -1, -1, -1, -1, -1, 0, 0, 0, 0, -1, 0, 0, 0, 0], [0, 0, 0, -1, 0, 0, 0, 0, 0, -1, -1, 0, 0, 0, 1, -1, 0, 0, 0, 1, -1, 1], [-1, 0, 0, -1, 0, 2, 0, 0, -2, -3, -4, -3, -2, -2, 0, 0, -1, -1, 0, 1, -2, 2], [-1, 0, 0, -1, 0, 1, 0, 0, -1, -2, -3, -2, -1, -1, 0, -1, 0, 0, 0, 1, -2, 2], [0, 0, 0, -1, 0, 1, 0, 0, -1, -2, -2, -1, -1, -1, 0, -1, 0, 0, 0, 1, -1, 1], [-1, 0, 0, 0, 0, 1, 0, 0, -1, -1, -2, -2, -1, -1, 0, 0, -1, 0, 1, 0, -1, 1], [1, 0, 0, 1, 0, -1, 0, 0, 1, 2, 3, 2, 1, 1, 0, 1, 1, 0, 0, 0, 2, -2], [0, 0, 0, 1, 0, 0, 0, 0, 0, 1, 1, 0, 0, 0, 0, 1, 0, 0, 0, -1, 2, -1], [1, 0, 0, 1, 0, -1, 0, 0, 1, 2, 3, 2, 1, 1, 0, 1, 1, 0, 0, -1, 2, -1]]
[[1, 0, 0, 0, 0, 0, 0, 0, 0, 0, 0, 0, 0, 0, 0, 0, 0, 0, 0, 0, 0, 0], [0, 1, 0, 0, 0, 0, 0, 0, 0, 0, 0, 0, 0, 0, 0, 0, 0, 0, 0, 0, 0, 0], [0, 0, 1, 0, 0, 0, 0, 0, 0, 0, 0, 0, 0, 0, 0, 0, 0, 0, 0, 0, 0, 0], [0, 0, 0, 1, 0, 0, 0, 0, 0, 0, 0, 0, 0, 0, 0, 0, 0, 0, 0, 0, 0, 0], [0, 0, 0, 0, 1, 0, 0, 0, 0, 0, 0, 0, 0, 0, 0, 0, 0, 0, 0, 0, 0, 0], [0, 0, 0, 0, 0, 1, 0, 0, 0, 0, 0, 0, 0, 0, 0, 0, 0, 0, 0, 0, 0, 0], [0, 0, 0, 0, 0, 0, 1, 0, 0, 0, 0, 0, 0, 0, 0, 0, 0, 0, 0, 0, 0, 0], [0, 0, 0, 0, 0, 0, 0, 1, 0, 0, 0, 0, 0, 0, 0, 0, 0, 0, 0, 0, 0, 0], [0, 0, 0, 0, 0, 0, 0, 0, 1, 0, 0, 0, 0, 0, 0, 0, 0, 0, 0, 0, 0, 0], [0, 0, 0, 0, 0, 0, 0, 0, 0, 1, 0, 0, 0, 0, 0, 0, 0, 0, 0, 0, 0, 0], [0, 0, 0, 0, 0, 0, 0, 0, 0, 0, 1, 0, 0, 0, 0, 0, 0, 0, 0, 0, 0, 0], [0, 0, 0, 0, 0, 0, 0, 0, 0, 0, 0, 1, 0, 0, 0, 0, 0, 0, 0, 0, 0, 0], [0, 0, 0, 0, 0, 0, 0, 0, 0, 0, 0, 0, 1, 0, 0, 0, 0, 0, 0, 0, 0, 0], [0, 0, 0, 0, 0, 0, 0, 0, 0, 0, 0, 0, 0, 1, 0, 0, 0, 0, 0, 0, 0, 0], [0, 0, 0, 0, 0, 0, 0, 0, 0, 0, 0, 0, 0, 0, 1, 0, 0, 0, 0, 0, 0, 0], [0, 0, 0, 0, 0, 0, 0, 0, 0, 0, 0, 0, 0, 0, 0, 1, 0, 0, 0, 0, 0, 0], [0, 0, 0, 0, 0, 0, 0, 0, 0, 0, 0, 0, 0, 0, 0, 0, 1, 0, 0, 0, 0, 0], [0, 0, 0, 0, 0, 0, 0, 0, 0, 0, 0, 0, 0, 0, 0, 0, 0, 1, 0, 0, 0, 0], [0, 0, 0, 0, 0, 0, 0, 0, 0, 0, 0, 0, 0, 0, 0, 0, 0, 0, 1, 0, 0, 0], [0, 0, 0, 0, 0, 0, 0, 0, 0, 0, 0, 0, 0, 0, 0, 0, 0, 0, 0, 1, 0, 0], [0, 0, 0, 0, 0, 0, 0, 0, 0, 0, 0, 0, 0, 0, 0, 0, 0, 0, 0, 0, 1, 0], [0, 0, 0, 0, 0, 0, 0, 0, 0, 0, 0, 0, 0, 0, 0, 0, 0, 0, 0, 0, 0, 1]]
[[1, 0, 0, 0, 0, 0, 1, 0, 1, 1, 0, 0, 0, 0, -1, 0, 0, 0, 0, 0, 0, 0], [0, 1, 0, 0, 0, 0, 0, 0, 0, 0, 0, 0, 0, 0, 1, 0, 0, 0, 0, 0, 0, 0], [1, 1, -1, -1, 1, 1, 0, -1, 0, 0, -1, -1, 0, 0, -1, -1, -1, 1, -1, -1, -1, 0], [0, 0, 0, 1, 0, 0, -1, 0, -1, -1, 0, 0, 0, 0, 0, 0, 0, 0, 0, 0, 0, 0], [0, 0, 0, 0, 0, -2, -1, 0, -1, 0, 1, 1, 0, 1, 1, 0, 0, 0, 0, 0, 0, 0], [0, 0, 0, 0, 0, 1, 0, 0, 0, 0, 0, 0, 0, 0, 0, 0, 0, 0, 0, 0, 0, 0], [0, 0, 0, 0, 0, 0, 0, 0, -1, -1, 0, 0, 0, 0, 0, 0, 0, 0, 0, 0, 0, 0], [0, 0, 0, 0, 1, 2, 1, 1, 1, 0, -1, -1, 0, -1, 0, 0, 0, 0, 0, 0, 0, 0], [0, 0, 0, 0, 0, 0, 0, 0, 1, 0, 0, 0, 0, 0, 0, 0, 0, 0, 0, 0, 0, 0], [0, 0, 0, 0, 0, 0, -1, 0, -1, 0, 0, 0, 0, 0, 0, 0, 0, 0, 0, 0, 0, 0], [0, 0, 0, 0, 0, 0, 0, 0, 0, 0, 1, 0, 0, 0, 0, 0, 0, 0, 0, 0, 0, 0], [0, 0, 0, 0, 0, 0, 0, 0, 0, 0, 0, 1, 0, 0, 1, 0, 0, 0, 0, 0, 0, 0], [0, 0, 0, 0, -1, -2, 0, 0, 0, 1, 1, 1, 1, 1, 0, 0, 0, 0, 0, 0, 0, 0], [0, 0, 0, 0, 1, 2, 0, 0, 0, -1, -1, -1, 0, 0, 0, 0, 0, 0, 0, 0, 0, 0], [0, 0, 0, 0, 0, 0, 0, 0, 0, 0, 0, 0, 0, 0, -1, 0, 0, 0, 0, 0, 0, 0], [0, 0, 0, 0, 0, 0, 1, 0, 1, 1, 0, 0, 0, 0, 0, 1, 0, 0, 0, 0, 0, 0], [0, 0, 0, 0, 0, 0, 1, 0, 1, 1, 0, 0, 0, 0, -1, 0, 1, 0, 0, 0, 0, 0], [0, 0, 0, 0, 1, 2, 1, 0, 1, 0, -1, -1, 0, -1, -1, 0, 0, 1, 0, 0, 0, 0], [0, 0, 0, 0, -1, -2, 0, 0, 0, 1, 1, 1, 0, 1, 0, 0, 0, 0, 1, 0, 0, 0], [0, 0, 0, 0, 0, 0, -1, 0, -1, -1, 0, 0, 0, 0, 1, 0, 0, 0, 0, 1, 0, 0], [0, 0, 0, 0, 0, 0, 0, 0, 0, 0, 0, 0, 0, 0, 1, 0, 0, 0, 0, 0, 1, 0], [0, 0, 0, 0, 0, 0, 0, 0, 0, 0, 0, 0, 0, 0, 1, 0, 0, 0, 0, 0, 0, 1]]
[[0, 0, 0, -1, 0, -1, 0, 0, 0, 0, -1, 0, -1, 0, 0, 0, 0, 0, 0, 0, -1, 1], [1, 1, 0, 1, 0, 1, 0, 0, 0, 0, 1, 0, 1, 0, 0, 0, 0, 0, 0, 0, 1, -1], [0, 0, 1, 0, 0, 0, 0, 0, 0, 0, 0, 0, 0, 0, 0, 0, 0, 0, 0, 0, 0, 0], [0, 0, 0, 1, 0, 0, 0, 0, 0, 0, 0, 0, 0, 0, 0, 0, 0, 0, 0, 0, 0, 0], [1, 0, 0, 1, 1, 1, 0, 0, 0, 0, 1, 0, 1, 0, 0, 0, 0, 0, 0, 0, 1, -1], [-1, 0, 0, -1, 0, 0, 0, 0, 0, 0, -1, 0, -1, 0, 0, 0, 0, 0, 0, 0, -1, 1], [0, 0, 0, 0, 0, 0, 0, 0, -1, -1, -1, -1, 0, 0, 0, 0, 0, -1, -1, 0, 0, 0], [0, 0, 0, 0, 0, 0, 1, 1, 2, 1, 1, 2, 0, 0, 0, 0, 0, 1, 1, 0, 0, 0], [0, 0, 0, 0, 0, 0, 0, 0, 0, 0, 0, -1, 0, 0, 0, 0, 0, 0, 0, 0, 0, 0], [0, 0, 0, 0, 0, 0, 0, 0, 1, 1, 0, 1, 0, 0, 0, 0, 0, 0, 0, 0, 0, 0], [0, 0, 0, 0, 0, 0, 0, 0, 1, 0, 1, 1, 0, 0, 0, 0, 0, 0, 0, 0, 0, 0], [0, 0, 0, 0, 0, 0, 0, 0, -1, 0, 0, 0, 0, 0, 0, 0, 0, 0, 0, 0, 0, 0], [0, 0, 0, 0, 0, 0, 0, 0, 0, 0, 0, 0, 1, 0, 0, 0, 0, 0, 0, 0, 0, 0], [0, 0, 0, 0, 0, 0, 0, 0, 0, 0, 0, 0, 0, 1, 0, 0, 0, 0, 0, 0, 0, 0], [0, 0, 0, 0, 0, 0, 0, 0, 1, 0, 0, 1, 0, 0, 1, 0, 0, 0, 0, 0, 0, 0], [0, 0, 0, 0, 0, 0, 0, 0, 0, 0, 0, 0, 0, 0, 0, 1, 0, 0, 0, 0, 0, 0], [0, 0, 0, 0, 0, 0, 1, 0, 2, 1, 1, 2, 0, 0, 0, 0, 1, 1, 1, 0, 0, 0], [0, 0, 0, 0, 0, 0, 0, 0, 1, 0, 0, 1, 0, 0, 0, 0, 0, 1, 0, 0, 0, 0], [0, 0, 0, 0, 0, 0, -1, 0, -2, -1, -1, -2, 0, 0, 0, 0, 0, -1, 0, 0, 0, 0], [0, 0, 0, 0, 0, 0, 0, 0, 0, 0, 0, 0, 0, 0, 0, 0, 0, 0, 0, 1, 0, 0], [1, 1, -1, 0, 1, 1, -1, 0, -1, 0, 0, 0, 1, 1, 0, 0, -1, 1, 0, 0, 0, -1], [1, 1, -1, 0, 1, 1, -1, 0, 0, 0, 0, 1, 1, 1, 0, 0, -1, 1, 0, 0, -1, 0]]
[[-1, -1, 1, -1, -1, -1, 1, 0, -2, -2, -1, -3, -2, -1, 0, 0, 1, -2, -1, 0, 0, 1], [0, 1, 0, 0, 0, 0, 0, 0, 0, 0, 0, 0, 0, 0, 0, 0, 0, 0, 0, 0, 0, 0], [-2, -1, 2, -1, -1, -1, 1, 0, -2, -2, -1, -3, -2, -1, 0, 0, 1, -2, -1, 0, 0, 1], [0, 0, 0, 1, 0, 0, 0, 0, 0, 0, 0, 0, 0, 0, 0, 0, 0, 0, 0, 0, 0, 0], [-2, -1, 1, -1, 0, -1, 1, 0, -2, -2, -1, -3, -2, -1, 0, 0, 1, -2, -1, 0, 0, 1], [2, 1, -1, 1, 1, 2, -1, 0, 2, 2, 1, 3, 2, 1, 0, 0, -1, 2, 1, 0, 0, -1], [-2, -1, 1, -1, -1, -1, 2, 0, -2, -2, -1, -3, -2, -1, 0, 0, 1, -2, -1, 0, 0, 1], [4, 2, -2, 2, 2, 2, -2, 1, 4, 4, 2, 6, 4, 2, 0, 0, -2, 4, 2, 0, 0, -2], [-2, -1, 1, -1, -1, -1, 1, 0, -1, -2, -1, -3, -2, -1, 0, 0, 1, -2, -1, 0, 0, 1], [2, 1, -1, 1, 1, 1, -1, 0, 2, 3, 1, 3, 2, 1, 0, 0, -1, 2, 1, 0, 0, -1], [2, 1, -1, 1, 1, 1, -1, 0, 2, 2, 2, 3, 2, 1, 0, 0, -1, 2, 1, 0, 0, -1], [0, 0, 0, 0, 0, 0, 0, 0, 0, 0, 0, 1, 0, 0, 0, 0, 0, 0, 0, 0, 0, 0], [0, 0, 0, 0, 0, 0, 0, 0, 0, 0, 0, 0, 1, 0, 0, 0, 0, 0, 0, 0, 0, 0], [0, 0, 0, 0, 0, 0, 0, 0, 0, 0, 0, 0, 0, 1, 0, 0, 0, 0, 0, 0, 0, 0], [2, 1, -1, 1, 1, 1, -1, 0, 2, 2, 1, 3, 2, 1, 1, 0, -1, 2, 1, 0, 0, -1], [0, 0, 0, 0, 0, 0, 0, 0, 0, 0, 0, 0, 0, 0, 0, 1, 0, 0, 0, 0, 0, 0], [4, 2, -2, 2, 2, 2, -2, 0, 4, 4, 2, 6, 4, 2, 0, 0, -1, 4, 2, 0, 0, -2], [2, 1, -1, 1, 1, 1, -1, 0, 2, 2, 1, 3, 2, 1, 0, 0, -1, 3, 1, 0, 0, -1], [-4, -2, 2, -2, -2, -2, 2, 0, -4, -4, -2, -6, -4, -2, 0, 0, 2, -4, -1, 0, 0, 2], [0, 0, 0, 0, 0, 0, 0, 0, 0, 0, 0, 0, 0, 0, 0, 0, 0, 0, 0, 1, 0, 0], [0, 0, 0, 0, 0, 0, 0, 0, 0, 0, 0, 0, 0, 0, 0, 0, 0, 0, 0, 0, 1, 0], [2, 1, -1, 1, 1, 1, -1, 0, 2, 2, 1, 3, 2, 1, 0, 0, -1, 2, 1, 0, 0, 0]]
[[1, 0, 0, 0, 0, 0, 0, 0, 0, 0, 0, 0, 0, 0, 0, 0, 0, 0, 0, 0, 0, 0], [0, 1, 0, 0, 0, 0, 0, 0, 0, 0, 0, 0, 0, 0, 0, 0, 0, 0, 0, 0, 0, 0], [0, 0, 1, 0, 0, 0, 0, 0, 0, 0, 0, 0, 0, 0, 0, 0, 0, 0, 0, 0, 0, 0], [0, 0, 0, 1, 0, 0, 0, 0, 0, 0, 0, 0, 0, 0, 0, 0, 0, 0, 0, 0, 0, 0], [0, 0, 0, 0, 1, 0, 0, 0, 0, 0, 0, 0, 0, 0, 0, 0, 0, 0, 0, 0, 0, 0], [0, 0, 0, 0, 0, 1, 0, 0, 0, 0, 0, 0, 0, 0, 0, 0, 0, 0, 0, 0, 0, 0], [0, 0, 0, 0, 0, 0, 1, 0, 0, 0, 0, 0, 0, 0, 0, 0, 0, 0, 0, 0, 0, 0], [0, 0, 0, 0, 0, 0, 0, 1, 0, 0, 0, 0, 0, 0, 0, 0, 0, 0, 0, 0, 0, 0], [0, 0, 0, 0, 0, 0, 0, 0, 1, 0, 0, 0, 0, 0, 0, 0, 0, 0, 0, 0, 0, 0], [0, 0, 0, 0, 0, 0, 0, 0, 0, 1, 0, 0, 0, 0, 0, 0, 0, 0, 0, 0, 0, 0], [0, 0, 0, 0, 0, 0, 0, 0, 0, 0, 1, 0, 0, 0, 0, 0, 0, 0, 0, 0, 0, 0], [0, 0, 0, 0, 0, 0, 0, 0, 0, 0, 0, 1, 0, 0, 0, 0, 0, 0, 0, 0, 0, 0], [0, 0, 0, 0, 0, 0, 0, 0, 0, 0, 0, 0, 1, 0, 0, 0, 0, 0, 0, 0, 0, 0], [0, 0, 0, 0, 0, 0, 0, 0, 0, 0, 0, 0, 0, 1, 0, 0, 0, 0, 0, 0, 0, 0], [0, 0, 0, 0, 0, 0, 0, 0, 0, 0, 0, 0, 0, 0, 1, 0, 0, 0, 0, 0, 0, 0], [0, 0, 0, 0, 0, 0, 0, 0, 0, 0, 0, 0, 0, 0, 0, 1, 0, 0, 0, 0, 0, 0], [0, 0, 0, 0, 0, 0, 0, 0, 0, 0, 0, 0, 0, 0, 0, 0, 1, 0, 0, 0, 0, 0], [0, 0, 0, 0, 0, 0, 0, 0, 0, 0, 0, 0, 0, 0, 0, 0, 0, 1, 0, 0, 0, 0], [0, 0, 0, 0, 0, 0, 0, 0, 0, 0, 0, 0, 0, 0, 0, 0, 0, 0, 1, 0, 0, 0], [0, 0, 0, 0, 0, 0, 0, 0, 0, 0, 0, 0, 0, 0, 0, 0, 0, 0, 0, 1, 0, 0], [0, 0, 0, 0, 0, 0, 0, 0, 0, 0, 0, 0, 0, 0, 0, 0, 0, 0, 0, 0, 1, 0], [0, 0, 0, 0, 0, 0, 0, 0, 0, 0, 0, 0, 0, 0, 0, 0, 0, 0, 0, 0, 0, 1]]
[[1, 0, 0, 0, 0, 0, 0, 0, 0, 0, 0, 0, 0, 0, 0, 0, 0, 0, 0, 0, 0, 0], [-1, 0, 1, 0, 0, 0, 0, 0, 0, 0, 0, -1, 0, 0, 0, 0, 0, 0, 0, 0, 0, 0], [0, 0, 1, 0, 0, 0, 0, 0, 0, 0, 0, 0, 0, 0, 0, 0, 0, 0, 0, 0, 0, 0], [-1, -1, 0, 0, 0, -1, 0, 0, -1, 0, 0, -1, -1, 0, -1, 0, 0, 0, 0, -1, 0, 0], [-2, -2, 1, -1, 0, -2, -1, -1, -2, -1, 0, -3, -1, 0, -2, -1, 0, 0, -1, -1, 0, 0], [0, 0, 0, 0, -1, 0, 1, 0, 0, 0, 0, 0, -1, -1, 0, 0, 1, -1, 0, 0, 1, 0], [-2, -2, 1, -1, -1, -2, 0, -1, -2, -1, 0, -3, -1, 0, -2, -1, 0, 0, -1, -1, 0, 0], [1, 1, 0, 1, 0, 1, 2, 2, 2, 1, 0, 2, 0, -1, 2, 1, 1, -1, 1, 1, 1, 0], [0, 0, 0, 0, 0, 0, 0, 0, 1, 0, 0, 0, 0, 0, 0, 0, 0, 0, 0, 0, 0, 0], [1, 1, -1, 0, 0, 0, 0, 0, 0, 1, 0, 1, 0, 0, 0, 0, 0, 0, 0, 0, 0, 0], [0, 0, 0, 0, -1, -1, 1, 0, 0, 0, 1, 0, -1, -1, 0, 0, 1, -1, 0, 0, 1, 0], [-1, -1, 1, 0, 0, 0, 0, 0, 0, 0, 0, 0, 0, 0, 0, 0, 0, 0, 0, 0, 0, 0], [1, 1, -1, 0, 1, 1, -1, 0, 0, 0, 0, 1, 2, 1, 0, 0, -1, 1, 0, 0, -1, 0], [-1, -1, 1, 0, -1, -1, 1, 0, 0, 0, 0, -1, -1, 0, 0, 0, 1, -1, 0, 0, 1, 0], [2, 2, -2, 0, 1, 1, -1, 0, 0, 0, 0, 2, 1, 1, 1, 0, -1, 1, 0, 0, -1, 0], [1, 1, 0, 1, 0, 1, 0, 0, 1, 0, 0, 1, 1, 0, 1, 1, 0, 0, 0, 1, 0, 0], [3, 3, -2, 1, 2, 3, 0, 1, 2, 1, 0, 4, 2, 1, 2, 1, 0, 1, 1, 1, -1, 0], [2, 2, -1, 1, 1, 2, 1, 1, 2, 1, 0, 3, 1, 0, 2, 1, 0, 1, 1, 1, 0, 0], [0, 0, 0, 0, 0, 0, -2, -1, -1, -1, 0, -1, 1, 1, -1, -1, -1, 1, 0, 0, -1, 0], [-2, -2, 1, -1, -1, -2, 1, 0, -1, 0, 0, -2, -2, -1, -1, 0, 1, -1, 0, 0, 1, 0], [-1, -1, 1, 0, 0, 0, 0, 0, 0, 0, 0, -1, 0, 0, 0, 0, 0, 0, 0, 0, 1, 0], [-1, -1, 1, 0, -1, -1, 1, 0, 0, 0, 0, -1, -1, -1, 0, 0, 1, -1, 0, 0, 1, 1]]
[[-3, -3, 2, -3, -1, -2, 2, 0, -3, -3, -3, -7, -4, -3, -2, -2, 2, -2, -2, -1, 0, 2], [-2, -1, 1, -2, 0, -1, 1, 0, -1, -1, -1, -3, -2, -1, -1, -1, 1, -1, -1, -1, 0, 1], [-4, -3, 3, -3, -1, -2, 2, 0, -3, -3, -3, -7, -4, -3, -2, -2, 2, -2, -2, -1, 0, 2], [-2, -2, 1, -1, 0, -1, 1, 0, -1, -1, -1, -3, -2, -1, -1, -1, 1, -1, -1, -1, 0, 1], [-6, -5, 3, -5, 0, -3, 3, 0, -4, -4, -4, -10, -6, -4, -3, -3, 3, -3, -3, -2, 0, 3], [4, 4, -2, 4, 0, 3, -2, 0, 2, 2, 2, 6, 4, 2, 2, 2, -2, 2, 2, 2, 0, -2], [-6, -5, 3, -5, -1, -3, 4, 0, -4, -4, -4, -10, -6, -4, -3, -3, 3, -3, -3, -2, 0, 3], [6, 5, -3, 5, 1, 3, -3, 1, 4, 4, 4, 10, 6, 4, 3, 3, -3, 3, 3, 2, 0, -3], [-4, -3, 2, -3, -1, -2, 2, 0, -2, -3, -3, -7, -4, -3, -2, -2, 2, -2, -2, -1, 0, 2], [6, 5, -3, 5, 1, 3, -3, 0, 4, 5, 4, 10, 6, 4, 3, 3, -3, 3, 3, 2, 0, -3], [2, 2, -1, 2, 0, 1, -1, 0, 1, 1, 2, 3, 2, 1, 1, 1, -1, 1, 1, 1, 0, -1], [0, 0, 0, 0, 0, 0, 0, 0, 0, 0, 0, 1, 0, 0, 0, 0, 0, 0, 0, 0, 0, 0], [2, 1, -1, 1, 1, 1, -1, 0, 2, 2, 2, 4, 3, 2, 1, 1, -1, 1, 1, 0, 0, -1], [-2, -1, 1, -1, -1, -1, 1, 0, -2, -2, -2, -4, -2, -1, -1, -1, 1, -1, -1, 0, 0, 1], [4, 3, -2, 3, 1, 2, -2, 0, 3, 3, 3, 7, 4, 3, 3, 2, -2, 2, 2, 1, 0, -2], [0, 0, 0, 0, 0, 0, 0, 0, 0, 0, 0, 0, 0, 0, 0, 1, 0, 0, 0, 0, 0, 0], [8, 6, -4, 6, 2, 4, -4, 0, 6, 6, 6, 14, 8, 6, 4, 4, -3, 4, 4, 2, 0, -4], [4, 3, -2, 3, 1, 2, -2, 0, 3, 3, 3, 7, 4, 3, 2, 2, -2, 3, 2, 1, 0, -2], [-6, -5, 3, -5, -1, -3, 3, 0, -4, -4, -4, -10, -6, -4, -3, -3, 3, -3, -2, -2, 0, 3], [0, 0, 0, 0, 0, 0, 0, 0, 0, 0, 0, 0, 0, 0, 0, 0, 0, 0, 0, 1, 0, 0], [0, 0, 0, 0, 0, 0, 0, 0, 0, 0, 0, 0, 0, 0, 0, 0, 0, 0, 0, 0, 1, 0], [2, 2, -1, 2, 0, 1, -1, 0, 1, 1, 1, 3, 2, 1, 1, 1, -1, 1, 1, 1, 0, 0]]
[[1, 0, 0, 0, 0, 0, 0, 0, 0, 0, 0, 0, 0, 0, 0, 0, 0, 0, 0, 0, 0, 0], [-1, 0, 1, 0, 0, 0, 1, 0, 0, 0, 0, -1, -1, -1, 0, 0, 1, 0, 0, 0, 1, 0], [0, 0, 1, 0, 0, 0, 0, 0, 0, 0, 0, 0, 0, 0, 0, 0, 0, 0, 0, 0, 0, 0], [0, 0, 0, 0, 0, -1, 0, 0, 0, 0, 0, 0, 0, 0, 0, 0, 0, 0, -1, 0, 0, 0], [-1, -1, 1, -1, 1, -1, 1, 0, 0, 0, 0, -1, -1, -1, 0, 0, 1, 0, -1, 0, 1, 0], [1, 1, -1, 0, 0, 1, -1, 0, 0, 0, 0, 1, 1, 1, 0, 0, -1, 0, 0, 0, -1, 0], [0, 0, 0, -1, 0, -1, 1, 0, 0, 0, 0, 0, 0, 0, 0, 0, 0, 0, -1, 0, 0, 0], [0, 0, 0, 1, 0, 1, 0, 1, 0, 0, 0, 0, 0, 0, 0, 0, 0, 0, 1, 0, 0, 0], [-1, -1, 1, 0, 0, 0, 1, 0, 1, 0, 0, -1, -1, -1, 0, 0, 1, 0, 0, 0, 1, 0], [1, 1, -1, 0, 0, 0, -1, 0, 0, 1, 0, 1, 1, 1, 0, 0, -1, 0, 0, 0, -1, 0], [0, 0, 0, 0, 0, 0, 0, 0, 0, 0, 1, 0, 0, 0, 0, 0, 0, 0, 0, 0, 0, 0], [0, 0, 0, 0, 0, 0, 0, 0, 0, 0, 0, 1, 0, 0, 0, 0, 0, 0, 0, 0, 0, 0], [0, 0, 0, 0, 0, 0, 0, 0, 0, 0, 0, 0, 1, 0, 0, 0, 0, 0, 0, 0, 0, 0], [0, 0, 0, 0, 0, 0, 0, 0, 0, 0, 0, 0, 0, 1, 0, 0, 0, 0, 0, 0, 0, 0], [1, 1, -1, 0, 0, 0, -1, 0, 0, 0, 0, 1, 1, 1, 1, 0, -1, 0, 0, 0, -1, 0], [0, 0, 0, 1, 0, 1, 0, 0, 0, 0, 0, 0, 0, 0, 0, 1, 0, 0, 1, 0, 0, 0], [1, 1, -1, 1, 0, 1, -1, 0, 0, 0, 0, 1, 1, 1, 0, 0, 0, 0, 1, 0, -1, 0], [1, 1, -1, 1, 0, 1, -1, 0, 0, 0, 0, 1, 1, 1, 0, 0, -1, 1, 1, 0, -1, 0], [-1, -1, 1, -1, 0, -1, 1, 0, 0, 0, 0, -1, -1, -1, 0, 0, 1, 0, 0, 0, 1, 0], [0, 0, 0, 0, 0, 0, 0, 0, 0, 0, 0, 0, 0, 0, 0, 0, 0, 0, 0, 1, 0, 0], [0, 0, 0, 0, 0, 0, 0, 0, 0, 0, 0, 0, 0, 0, 0, 0, 0, 0, 0, 0, 1, 0], [0, 0, 0, 0, 0, 0, 0, 0, 0, 0, 0, 0, 0, 0, 0, 0, 0, 0, 0, 0, 0, 1]]
[[1, 0, 0, 0, 0, 0, 0, 0, 0, 0, 0, 0, 0, 0, 0, 0, 0, 0, 0, 0, 0, 0], [0, 1, 0, 0, 0, 0, 0, 0, 0, 0, 0, 0, 0, 0, 0, 0, 0, 0, 0, 0, 0, 0], [0, 0, 1, 0, 0, 0, 0, 0, 0, 0, 0, 0, 0, 0, 0, 0, 0, 0, 0, 0, 0, 0], [0, 0, 0, 1, 0, 0, 0, 0, 0, 0, 0, 0, 0, 0, 0, 0, 0, 0, 0, 0, 0, 0], [0, 0, 0, 0, 1, 0, 0, 0, 0, 0, 0, 0, 0, 0, 0, 0, 0, 0, 0, 0, 0, 0], [0, 0, 0, 0, 0, 1, 0, 0, 0, 0, 0, 0, 0, 0, 0, 0, 0, 0, 0, 0, 0, 0], [0, 0, 0, 0, 0, 0, 1, 0, 0, 0, 0, 0, 0, 0, 0, 0, 0, 0, 0, 0, 0, 0], [0, 0, 0, 0, 0, 0, 0, 1, 0, 0, 0, 0, 0, 0, 0, 0, 0, 0, 0, 0, 0, 0], [0, 0, 0, 0, 0, 0, 0, 0, 1, 0, 0, 0, 0, 0, 0, 0, 0, 0, 0, 0, 0, 0], [0, 0, 0, 0, 0, 0, 0, 0, 0, 1, 0, 0, 0, 0, 0, 0, 0, 0, 0, 0, 0, 0], [0, 0, 0, 0, 0, 0, 0, 0, 0, 0, 1, 0, 0, 0, 0, 0, 0, 0, 0, 0, 0, 0], [0, 0, 0, 0, 0, 0, 0, 0, 0, 0, 0, 1, 0, 0, 0, 0, 0, 0, 0, 0, 0, 0], [0, 0, 0, 0, 0, 0, 0, 0, 0, 0, 0, 0, 1, 0, 0, 0, 0, 0, 0, 0, 0, 0], [0, 0, 0, 0, 0, 0, 0, 0, 0, 0, 0, 0, 0, 1, 0, 0, 0, 0, 0, 0, 0, 0], [0, 0, 0, 0, 0, 0, 0, 0, 0, 0, 0, 0, 0, 0, 1, 0, 0, 0, 0, 0, 0, 0], [0, 0, 0, 0, 0, 0, 0, 0, 0, 0, 0, 0, 0, 0, 0, 1, 0, 0, 0, 0, 0, 0], [0, 0, 0, 0, 0, 0, 0, 0, 0, 0, 0, 0, 0, 0, 0, 0, 1, 0, 0, 0, 0, 0], [0, 0, 0, 0, 0, 0, 0, 0, 0, 0, 0, 0, 0, 0, 0, 0, 0, 1, 0, 0, 0, 0], [0, 0, 0, 0, 0, 0, 0, 0, 0, 0, 0, 0, 0, 0, 0, 0, 0, 0, 1, 0, 0, 0], [0, 0, 0, 0, 0, 0, 0, 0, 0, 0, 0, 0, 0, 0, 0, 0, 0, 0, 0, 1, 0, 0], [0, 0, 0, 0, 0, 0, 0, 0, 0, 0, 0, 0, 0, 0, 0, 0, 0, 0, 0, 0, 1, 0], [0, 0, 0, 0, 0, 0, 0, 0, 0, 0, 0, 0, 0, 0, 0, 0, 0, 0, 0, 0, 0, 1]]
[[0, 1, 0, 0, 0, 1, 0, 0, -1, -1, -2, -2, -1, -1, 0, 0, 0, -1, -1, -1, -1, 1], [1, 0, 0, 0, 0, -1, 0, 0, 1, 1, 2, 2, 1, 1, 0, 0, 0, 0, 0, 0, 1, -1], [0, 0, 1, 0, 0, 0, 0, 0, 0, 0, 0, 0, 0, 0, 0, 0, 0, 0, 0, 0, 0, 0], [0, 0, 0, 0, 0, 0, 1, 0, 1, 0, 0, 0, 0, 0, 0, -1, 1, 0, 0, 0, 0, 1], [0, 0, 0, -1, 1, 0, 1, 0, 1, 0, 0, 0, 0, 0, 0, -1, 1, 0, 0, 0, 0, 1], [0, 0, 0, 1, 0, 1, -1, 0, -1, 0, 0, 0, 0, 0, 0, 1, -1, 1, 1, 1, 0, -1], [0, 0, 0, 0, 0, 0, 0, -1, 0, 0, 0, 0, -1, 0, 0, 0, 0, 0, 0, 0, 0, 0], [0, 0, 0, 0, 0, 0, 0, 1, 0, 0, 0, 0, 0, 0, 0, 0, 0, 0, 0, 0, 0, 0], [0, 0, 0, 0, 0, 0, 1, 1, 1, 0, 0, 0, 1, 0, 0, 0, 0, -1, -1, -1, 0, 0], [0, 0, 0, 0, 0, 0, 0, 0, 0, 1, 0, 0, 0, 0, 0, 0, 0, 1, 1, 1, 0, 0], [0, 0, 0, 0, 0, 0, 0, 0, 0, 0, 1, 0, 0, 0, 0, 0, 0, 0, 0, 0, 0, 0], [0, 0, 0, 0, 0, 0, 0, 0, 0, 0, 0, 1, 0, 0, 0, 0, 0, 1, 1, 1, 0, 0], [0, 0, 0, 0, 0, 0, -1, -1, 0, 0, 0, 0, 0, 0, 0, 0, 0, 0, 0, 0, 0, 0], [0, 0, 0, 1, 0, 0, -1, 0, -1, 0, 0, 0, 0, 1, 0, 1, -1, 0, 0, 0, 0, -1], [0, 0, 0, 0, 0, 0, 0, 0, 0, 0, 0, 0, 0, 0, 1, 0, 0, 0, 0, 0, 0, 0], [0, 0, 0, 0, 0, 0, 0, 0, 0, 0, 0, 0, 0, 0, 0, 1, 0, -1, -1, -1, 0, 0], [0, 0, 0, 0, 0, 0, 0, 0, 0, 0, 0, 0, 0, 0, 0, 0, 1, 0, 0, 0, 0, 0], [0, 0, 0, 0, 0, 0, 0, 0, 0, 0, 0, 0, 0, 0, 0, 0, 0, 0, -1, -1, 0, 0], [0, 0, 0, 0, 0, 0, 0, 0, 0, 0, 0, 0, 0, 0, 0, 0, 0, -1, 0, -1, 0, 0], [0, 0, 0, 0, 0, 0, 0, 0, 0, 0, 0, 0, 0, 0, 0, 0, 0, 0, 0, 1, 0, 0], [0, 0, 0, 1, 0, 0, -1, 0, -1, 0, 0, 0, 0, 0, 0, 1, -1, 0, 0, 0, 1, -1], [0, 0, 0, 1, 0, 0, -1, 0, -1, 0, 0, 0, 0, 0, 0, 1, -1, 0, 0, 0, 0, 0]]
[[1, 0, 0, 0, 0, 0, 0, 0, 0, 0, 0, 0, 0, 0, 0, 0, 0, 0, 0, 0, 0, 0], [0, 1, 0, 0, 0, 0, 0, 0, 0, 0, 0, 0, 0, 0, 0, 0, 0, 0, 0, 0, 0, 0], [0, 0, 1, 0, 0, 0, 0, 0, 0, 0, 0, 0, 0, 0, 0, 0, 0, 0, 0, 0, 0, 0], [0, 0, 0, 1, 0, 0, 0, 0, 0, 0, 0, 0, 0, 0, 0, 0, 0, 0, 0, 0, 0, 0], [0, 0, 0, 0, 1, 0, 0, 0, 0, 0, 0, 0, 0, 0, 0, 0, 0, 0, 0, 0, 0, 0], [0, 0, 0, 0, 0, 1, 0, 0, 0, 0, 0, 0, 0, 0, 0, 0, 0, 0, 0, 0, 0, 0], [0, 0, 0, 0, 0, 0, 1, 0, 0, 0, 0, 0, 0, 0, 0, 0, 0, 0, 0, 0, 0, 0], [0, 0, 0, 0, 0, 0, 0, 1, 0, 0, 0, 0, 0, 0, 0, 0, 0, 0, 0, 0, 0, 0], [0, 0, 0, 0, 0, 0, 0, 0, 1, 0, 0, 0, 0, 0, 0, 0, 0, 0, 0, 0, 0, 0], [0, 0, 0, 0, 0, 0, 0, 0, 0, 1, 0, 0, 0, 0, 0, 0, 0, 0, 0, 0, 0, 0], [0, 0, 0, 0, 0, 0, 0, 0, 0, 0, 1, 0, 0, 0, 0, 0, 0, 0, 0, 0, 0, 0], [0, 0, 0, 0, 0, 0, 0, 0, 0, 0, 0, 1, 0, 0, 0, 0, 0, 0, 0, 0, 0, 0], [0, 0, 0, 0, 0, 0, 0, 0, 0, 0, 0, 0, 1, 0, 0, 0, 0, 0, 0, 0, 0, 0], [0, 0, 0, 0, 0, 0, 0, 0, 0, 0, 0, 0, 0, 1, 0, 0, 0, 0, 0, 0, 0, 0], [0, 0, 0, 0, 0, 0, 0, 0, 0, 0, 0, 0, 0, 0, 1, 0, 0, 0, 0, 0, 0, 0], [0, 0, 0, 0, 0, 0, 0, 0, 0, 0, 0, 0, 0, 0, 0, 1, 0, 0, 0, 0, 0, 0], [0, 0, 0, 0, 0, 0, 0, 0, 0, 0, 0, 0, 0, 0, 0, 0, 1, 0, 0, 0, 0, 0], [0, 0, 0, 0, 0, 0, 0, 0, 0, 0, 0, 0, 0, 0, 0, 0, 0, 1, 0, 0, 0, 0], [0, 0, 0, 0, 0, 0, 0, 0, 0, 0, 0, 0, 0, 0, 0, 0, 0, 0, 1, 0, 0, 0], [0, 0, 0, 0, 0, 0, 0, 0, 0, 0, 0, 0, 0, 0, 0, 0, 0, 0, 0, 1, 0, 0], [0, 0, 0, 0, 0, 0, 0, 0, 0, 0, 0, 0, 0, 0, 0, 0, 0, 0, 0, 0, 1, 0], [0, 0, 0, 0, 0, 0, 0, 0, 0, 0, 0, 0, 0, 0, 0, 0, 0, 0, 0, 0, 0, 1]]
[[0, 0, -1, -1, 1, 1, 0, 0, -1, -1, -2, -2, -1, -1, -2, -2, 1, 1, 0, -1, -1, 1], [0, 1, 0, 0, 0, 0, 1, 1, 1, 1, 0, 0, 1, 0, 0, 0, 0, 0, 0, 0, 0, 0], [-1, 0, 0, -1, 1, 1, 1, 1, 0, 0, -2, -2, 0, -1, -1, -1, 0, 1, 0, -1, -1, 1], [0, 0, 0, 0, 0, 0, 1, 0, 1, 0, 0, 0, 0, -1, 0, -1, 1, 0, 0, 0, 0, 1], [0, 0, 0, 0, 1, 0, 1, 1, 1, 1, 0, 0, 1, 0, 0, 0, 0, 0, 0, 0, 0, 0], [0, 0, 0, 0, 0, 1, -1, -1, -1, -1, 0, 0, -1, 0, 1, 1, -1, 0, 0, 0, 0, 0], [0, 0, 0, 0, 0, 0, 1, 0, 0, 0, 0, 0, 0, 0, 0, 0, 0, 0, 0, 0, 0, 0], [0, 0, 0, -1, 0, 0, 0, 0, 0, -1, 0, 0, -1, -1, 0, -1, 1, 0, 0, 0, 0, 1], [0, 0, 0, 0, 0, 0, 0, 0, 1, 0, 0, 0, 0, 0, -1, -1, 1, 0, 0, 0, 0, 0], [0, 0, 0, 0, 0, 0, -1, -1, -1, 0, 0, 0, -1, 0, 1, 1, -1, 0, 0, 0, 0, 0], [0, 0, 0, 0, 0, 0, -1, -1, -1, -1, 1, 0, -1, 0, 0, 0, 0, 0, 0, 0, 0, 0], [0, 0, 0, 0, 0, 0, 1, 1, 1, 1, 0, 1, 1, 0, 1, 1, -1, 0, 0, 0, 0, 0], [0, 0, 0, 1, 0, 0, -1, 0, -1, 0, 0, 0, 1, 1, 0, 1, -1, 0, 0, 0, 0, -1], [0, 0, 0, -1, 0, 0, 1, 0, 1, 0, 0, 0, 0, 0, 0, -1, 1, 0, 0, 0, 0, 1], [0, 0, 0, 0, 0, 0, 0, 0, 0, 0, 0, 0, 0, 0, 0, -1, 1, 0, 0, 0, 0, 0], [0, 0, 0, 0, 0, 0, 0, 0, 0, 0, 0, 0, 0, 0, -1, 0, 1, 0, 0, 0, 0, 0], [0, 0, 0, 0, 0, 0, 0, 0, 0, 0, 0, 0, 0, 0, 0, 0, 1, 0, 0, 0, 0, 0], [0, 0, 0, -1, 0, 0, 1, 0, 1, 0, 0, 0, 0, -1, -1, -2, 2, 1, 0, 0, 0, 1], [0, 0, 0, 1, 0, 0, 0, 1, 0, 1, 0, 0, 1, 1, -1, 0, 0, 0, 1, 0, 0, -1], [0, 0, 0, 0, 0, 0, -1, -1, -1, -1, 0, 0, -1, 0, 1, 1, -1, 0, 0, 1, 0, 0], [0, 0, 0, 0, 0, 0, 1, 1, 1, 1, 0, 0, 1, 0, 0, 0, 0, 0, 0, 0, 1, 0], [0, 0, 0, 0, 0, 0, 0, 0, 0, 0, 0, 0, 0, 0, 0, 0, 0, 0, 0, 0, 0, 1]]
[[1, 0, 0, 0, 0, 0, 0, 0, 0, 0, 0, 0, 0, 0, 0, 0, 0, 0, 0, 0, 0, 0], [0, 0, 0, 0, 0, 0, 0, 0, 0, -1, 0, 0, 0, 0, 0, -1, 0, 0, 0, 0, 0, 0], [0, -1, 1, 0, -1, -1, 0, 0, 0, -1, 0, 0, -1, 0, 0, -1, 0, -1, 0, 0, 0, 0], [0, 1, 0, 1, 0, 0, 0, 0, 0, 1, 0, 0, 0, 0, 0, 1, 0, 0, 0, 0, 0, 0], [0, 0, 0, 0, 0, -1, 0, 0, 0, 0, 0, 0, -1, 0, 0, 0, 0, -1, 0, 0, 0, 0], [0, 0, 0, 0, 0, 1, 0, 0, 0, 0, 0, 0, 0, 0, 0, 0, 0, 0, 0, 0, 0, 0], [0, 0, 0, 0, -1, -1, 0, 0, -1, -1, 0, 0, -1, 0, 0, 0, -1, -1, 0, 0, -1, 0], [0, 0, 0, 0, 1, 1, 1, 1, 1, 1, 0, 0, 1, 0, 0, 0, 1, 1, 0, 0, 1, 0], [0, 0, 0, 0, 1, 1, 0, 0, 1, 0, 0, 0, 1, 0, 0, 0, 0, 1, 0, 0, 0, 0], [0, 0, 0, 0, 0, 0, 0, 0, 0, 1, 0, 0, 0, 0, 0, 0, 0, 0, 0, 0, 0, 0], [0, 0, 0, 0, 0, 0, 1, 0, 1, 1, 1, 0, 0, 0, 0, 0, 1, 0, 0, 0, 1, 0], [0, 0, 0, 0, 0, 0, 0, 0, 0, 0, 0, 1, 0, 0, 0, 0, 0, 0, 0, 0, 0, 0], [0, 0, 0, 0, -1, -1, 0, 0, 0, 0, 0, 0, 0, 0, 0, 0, 0, -1, 0, 0, 0, 0], [0, 0, 0, 0, 0, 0, -1, 0, -1, -1, 0, 0, 0, 1, 0, 0, -1, 0, 0, 0, -1, 0], [0, 1, 0, 0, 0, 0, 0, 0, 0, 1, 0, 0, 0, 0, 1, 1, 0, 0, 0, 0, 0, 0], [0, -1, 0, 0, 0, 0, 0, 0, 0, -1, 0, 0, 0, 0, 0, 0, 0, 0, 0, 0, 0, 0], [0, 0, 0, 0, 0, 0, 0, 0, 0, 0, 0, 0, 0, 0, 0, 0, 1, 0, 0, 0, 0, 0], [0, 0, 0, 0, 0, 0, 0, 0, 0, 0, 0, 0, 0, 0, 0, 0, 0, 1, 0, 0, 0, 0], [1, 1, -1, 0, 0, 0, -1, -1, 0, 0, 0, 0, 1, 0, 0, 0, -1, 0, -1, -1, 0, 0], [0, 0, 0, 0, 0, 0, 0, 0, 0, 0, 0, 0, 0, 0, 0, 0, 0, 0, 0, 1, 0, 0], [0, 0, 0, 0, 0, 0, -1, 0, -1, -1, 0, 0, 0, 0, 0, 0, -1, 0, 0, 0, 0, 0], [0, 0, 0, 0, 0, 0, 0, 0, 0, 0, 0, 0, 0, 0, 0, 0, 0, 0, 0, 0, 0, 1]]
[[1, 0, 0, 0, 0, 0, 0, 0, 0, 0, 0, 0, 0, 0, 0, 0, 0, 0, 0, 0, 0, 0], [0, 1, 0, 0, 0, 0, 0, 0, 0, 0, 0, 0, 0, 0, 0, 0, 0, 0, 0, 0, 0, 0], [0, 0, 1, 0, 0, 0, 0, 0, 0, 0, 0, 0, 0, 0, 0, 0, 0, 0, 0, 0, 0, 0], [0, 0, 0, 1, 0, 0, 0, 0, 0, 0, 0, 0, 0, 0, 0, 0, 0, 0, 0, 0, 0, 0], [0, 0, 0, 0, 1, 0, 0, 0, 0, 0, 0, 0, 0, 0, 0, 0, 0, 0, 0, 0, 0, 0], [0, 0, 0, 0, 0, 1, 0, 0, 0, 0, 0, 0, 0, 0, 0, 0, 0, 0, 0, 0, 0, 0], [0, 0, 0, 0, 0, 0, 1, 0, 0, 0, 0, 0, 0, 0, 0, 0, 0, 0, 0, 0, 0, 0], [0, 0, 0, 0, 0, 0, 0, 1, 0, 0, 0, 0, 0, 0, 0, 0, 0, 0, 0, 0, 0, 0], [0, 0, 0, 0, 0, 0, 0, 0, 1, 0, 0, 0, 0, 0, 0, 0, 0, 0, 0, 0, 0, 0], [0, 0, 0, 0, 0, 0, 0, 0, 0, 1, 0, 0, 0, 0, 0, 0, 0, 0, 0, 0, 0, 0], [0, 0, 0, 0, 0, 0, 0, 0, 0, 0, 1, 0, 0, 0, 0, 0, 0, 0, 0, 0, 0, 0], [0, 0, 0, 0, 0, 0, 0, 0, 0, 0, 0, 1, 0, 0, 0, 0, 0, 0, 0, 0, 0, 0], [0, 0, 0, 0, 0, 0, 0, 0, 0, 0, 0, 0, 1, 0, 0, 0, 0, 0, 0, 0, 0, 0], [0, 0, 0, 0, 0, 0, 0, 0, 0, 0, 0, 0, 0, 1, 0, 0, 0, 0, 0, 0, 0, 0], [0, 0, 0, 0, 0, 0, 0, 0, 0, 0, 0, 0, 0, 0, 1, 0, 0, 0, 0, 0, 0, 0], [0, 0, 0, 0, 0, 0, 0, 0, 0, 0, 0, 0, 0, 0, 0, 1, 0, 0, 0, 0, 0, 0], [0, 0, 0, 0, 0, 0, 0, 0, 0, 0, 0, 0, 0, 0, 0, 0, 1, 0, 0, 0, 0, 0], [0, 0, 0, 0, 0, 0, 0, 0, 0, 0, 0, 0, 0, 0, 0, 0, 0, 1, 0, 0, 0, 0], [0, 0, 0, 0, 0, 0, 0, 0, 0, 0, 0, 0, 0, 0, 0, 0, 0, 0, 1, 0, 0, 0], [0, 0, 0, 0, 0, 0, 0, 0, 0, 0, 0, 0, 0, 0, 0, 0, 0, 0, 0, 1, 0, 0], [0, 0, 0, 0, 0, 0, 0, 0, 0, 0, 0, 0, 0, 0, 0, 0, 0, 0, 0, 0, 1, 0], [0, 0, 0, 0, 0, 0, 0, 0, 0, 0, 0, 0, 0, 0, 0, 0, 0, 0, 0, 0, 0, 1]]
[[1, 0, 0, 0, 0, 0, 1, 1, 1, 1, 0, 1, 1, 0, 0, 0, 0, 0, 0, 0, 0, 0], [0, 1, 0, 0, 0, 0, 0, 0, 0, 0, 0, 0, 0, 0, 0, 0, 0, 0, 0, 0, 0, 0], [0, 0, 1, 0, 0, 0, 0, 0, 0, 0, 0, 0, 0, 0, 0, 0, 0, 0, 0, 0, 0, 0], [0, 1, -1, 0, 1, 2, 0, 0, 0, -1, -2, -1, 0, -1, 0, -1, 0, 1, 0, 0, -1, 1], [0, 1, -1, -1, 2, 2, 0, 0, 0, -1, -2, -1, 0, -1, 0, -1, 0, 1, 0, 0, -1, 1], [0, -1, 1, 1, -1, -1, -1, -1, -1, 0, 2, 0, -1, 1, 0, 1, 0, -1, 0, 0, 1, -1], [0, 0, 0, 0, 0, 0, 0, -1, -1, -1, 0, -1, -1, 0, 0, 0, 0, 0, 0, 0, 0, 0], [0, 0, 0, 0, 0, 0, 0, 1, 0, 0, 0, 0, 0, 0, 0, 0, 0, 0, 0, 0, 0, 0], [0, 0, 0, 0, 0, 0, 1, 1, 2, 1, 0, 1, 1, 0, 0, 0, 0, 0, 0, 0, 0, 0], [0, 0, 0, 0, 0, 0, -1, -1, -1, 0, 0, -1, -1, 0, 0, 0, 0, 0, 0, 0, 0, 0], [0, 0, 0, 0, 0, 0, 0, 0, 0, 0, 1, 0, 0, 0, 0, 0, 0, 0, 0, 0, 0, 0], [0, 0, 0, 0, 0, 0, -1, -1, -1, -1, 0, 0, -1, 0, 0, 0, 0, 0, 0, 0, 0, 0], [0, 0, 0, 0, 0, 0, 0, 0, 0, 0, 0, 0, 1, 0, 0, 0, 0, 0, 0, 0, 0, 0], [0, 0, 0, 0, 0, 0, 0, 0, 0, 0, 0, 0, 0, 1, 0, 0, 0, 0, 0, 0, 0, 0], [0, 0, 0, 0, 0, 0, 1, 1, 1, 1, 0, 1, 1, 0, 1, 0, 0, 0, 0, 0, 0, 0], [0, 0, 0, 0, 0, 0, 1, 1, 1, 1, 0, 1, 1, 0, 0, 1, 0, 0, 0, 0, 0, 0], [0, 0, 0, 0, 0, 0, 1, 1, 1, 1, 0, 1, 1, 0, 0, 0, 1, 0, 0, 0, 0, 0], [0, 0, 0, 0, 0, 0, 1, 1, 1, 1, 0, 1, 1, 0, 0, 0, 0, 1, 0, 0, 0, 0], [0, 0, 0, 0, 0, 0, 1, 1, 1, 1, 0, 1, 1, 0, 0, 0, 0, 0, 1, 0, 0, 0], [0, 0, 0, 0, 0, 0, -1, -1, -1, -1, 0, -1, -1, 0, 0, 0, 0, 0, 0, 1, 0, 0], [0, 0, 0, 0, 0, 0, 0, 0, 0, 0, 0, 0, 0, 0, 0, 0, 0, 0, 0, 0, 1, 0], [0, 0, 0, 0, 0, 0, 0, 0, 0, 0, 0, 0, 0, 0, 0, 0, 0, 0, 0, 0, 0, 1]]
[[1, 0, 0, 0, 0, 0, 0, 0, 0, 0, 0, 0, 0, 0, 0, 0, 0, 0, 0, 0, 0, 0], [0, 1, 0, 0, 0, 0, 0, 0, 0, 0, 0, 0, 0, 0, 0, 0, 0, 0, 0, 0, 0, 0], [0, 0, 1, 0, 0, 0, 0, 0, 0, 0, 0, 0, 0, 0, 0, 0, 0, 0, 0, 0, 0, 0], [0, 0, 0, 1, 0, 0, 0, 0, 0, 0, 0, 0, 0, 0, 0, 0, 0, 0, 0, 0, 0, 0], [0, 0, 0, 0, 1, 0, 0, 0, 0, 0, 0, 0, 0, 0, 0, 0, 0, 0, 0, 0, 0, 0], [0, 0, 0, 0, 0, 1, 0, 0, 0, 0, 0, 0, 0, 0, 0, 0, 0, 0, 0, 0, 0, 0], [0, 0, 0, 0, 0, 0, 1, 0, 0, 0, 0, 0, 0, 0, 0, 0, 0, 0, 0, 0, 0, 0], [0, 0, 0, 0, 0, 0, 0, 1, 0, 0, 0, 0, 0, 0, 0, 0, 0, 0, 0, 0, 0, 0], [0, 0, 0, 0, 0, 0, 0, 0, 1, 0, 0, 0, 0, 0, 0, 0, 0, 0, 0, 0, 0, 0], [0, 0, 0, 0, 0, 0, 0, 0, 0, 1, 0, 0, 0, 0, 0, 0, 0, 0, 0, 0, 0, 0], [0, 0, 0, 0, 0, 0, 0, 0, 0, 0, 1, 0, 0, 0, 0, 0, 0, 0, 0, 0, 0, 0], [0, 0, 0, 0, 0, 0, 0, 0, 0, 0, 0, 1, 0, 0, 0, 0, 0, 0, 0, 0, 0, 0], [0, 0, 0, 0, 0, 0, 0, 0, 0, 0, 0, 0, 1, 0, 0, 0, 0, 0, 0, 0, 0, 0], [0, 0, 0, 0, 0, 0, 0, 0, 0, 0, 0, 0, 0, 1, 0, 0, 0, 0, 0, 0, 0, 0], [0, 0, 0, 0, 0, 0, 0, 0, 0, 0, 0, 0, 0, 0, 1, 0, 0, 0, 0, 0, 0, 0], [0, 0, 0, 0, 0, 0, 0, 0, 0, 0, 0, 0, 0, 0, 0, 1, 0, 0, 0, 0, 0, 0], [0, 0, 0, 0, 0, 0, 0, 0, 0, 0, 0, 0, 0, 0, 0, 0, 1, 0, 0, 0, 0, 0], [0, 0, 0, 0, 0, 0, 0, 0, 0, 0, 0, 0, 0, 0, 0, 0, 0, 1, 0, 0, 0, 0], [0, 0, 0, 0, 0, 0, 0, 0, 0, 0, 0, 0, 0, 0, 0, 0, 0, 0, 1, 0, 0, 0], [0, 0, 0, 0, 0, 0, 0, 0, 0, 0, 0, 0, 0, 0, 0, 0, 0, 0, 0, 1, 0, 0], [0, 0, 0, 0, 0, 0, 0, 0, 0, 0, 0, 0, 0, 0, 0, 0, 0, 0, 0, 0, 1, 0], [0, 0, 0, 0, 0, 0, 0, 0, 0, 0, 0, 0, 0, 0, 0, 0, 0, 0, 0, 0, 0, 1]]
[[1, 0, 0, 0, 0, 0, 0, 0, 0, 0, 0, 0, 0, 0, 0, 0, 0, 0, 0, 0, 0, 0], [-1, 0, 1, 0, 0, 0, 1, 0, 0, 0, 0, -1, -1, -1, 0, 0, 1, 0, 0, 0, 1, 0], [0, 0, 1, 0, 0, 0, 0, 0, 0, 0, 0, 0, 0, 0, 0, 0, 0, 0, 0, 0, 0, 0], [0, 0, 0, 0, 0, -1, 0, 0, 0, 0, 0, 0, 0, 0, 0, 0, 0, 0, -1, 0, 0, 0], [-1, -1, 1, -1, 1, -1, 1, 0, 0, 0, 0, -1, -1, -1, 0, 0, 1, 0, -1, 0, 1, 0], [1, 1, -1, 0, 0, 1, -1, 0, 0, 0, 0, 1, 1, 1, 0, 0, -1, 0, 0, 0, -1, 0], [0, 0, 0, -1, 0, -1, 1, 0, 0, 0, 0, 0, 0, 0, 0, 0, 0, 0, -1, 0, 0, 0], [0, 0, 0, 1, 0, 1, 0, 1, 0, 0, 0, 0, 0, 0, 0, 0, 0, 0, 1, 0, 0, 0], [-1, -1, 1, 0, 0, 0, 1, 0, 1, 0, 0, -1, -1, -1, 0, 0, 1, 0, 0, 0, 1, 0], [1, 1, -1, 0, 0, 0, -1, 0, 0, 1, 0, 1, 1, 1, 0, 0, -1, 0, 0, 0, -1, 0], [0, 0, 0, 0, 0, 0, 0, 0, 0, 0, 1, 0, 0, 0, 0, 0, 0, 0, 0, 0, 0, 0], [0, 0, 0, 0, 0, 0, 0, 0, 0, 0, 0, 1, 0, 0, 0, 0, 0, 0, 0, 0, 0, 0], [0, 0, 0, 0, 0, 0, 0, 0, 0, 0, 0, 0, 1, 0, 0, 0, 0, 0, 0, 0, 0, 0], [0, 0, 0, 0, 0, 0, 0, 0, 0, 0, 0, 0, 0, 1, 0, 0, 0, 0, 0, 0, 0, 0], [1, 1, -1, 0, 0, 0, -1, 0, 0, 0, 0, 1, 1, 1, 1, 0, -1, 0, 0, 0, -1, 0], [0, 0, 0, 1, 0, 1, 0, 0, 0, 0, 0, 0, 0, 0, 0, 1, 0, 0, 1, 0, 0, 0], [1, 1, -1, 1, 0, 1, -1, 0, 0, 0, 0, 1, 1, 1, 0, 0, 0, 0, 1, 0, -1, 0], [1, 1, -1, 1, 0, 1, -1, 0, 0, 0, 0, 1, 1, 1, 0, 0, -1, 1, 1, 0, -1, 0], [-1, -1, 1, -1, 0, -1, 1, 0, 0, 0, 0, -1, -1, -1, 0, 0, 1, 0, 0, 0, 1, 0], [0, 0, 0, 0, 0, 0, 0, 0, 0, 0, 0, 0, 0, 0, 0, 0, 0, 0, 0, 1, 0, 0], [0, 0, 0, 0, 0, 0, 0, 0, 0, 0, 0, 0, 0, 0, 0, 0, 0, 0, 0, 0, 1, 0], [0, 0, 0, 0, 0, 0, 0, 0, 0, 0, 0, 0, 0, 0, 0, 0, 0, 0, 0, 0, 0, 1]]
[[1, 0, 0, 0, 0, 0, 0, 0, 0, 0, 0, 0, 0, 0, 0, 0, 0, 0, 0, 0, 0, 0], [0, 1, 0, 0, 0, 0, 0, 0, 0, 0, 0, 0, 0, 0, 0, 0, 0, 0, 0, 0, 0, 0], [0, 0, 1, 0, 0, 0, 0, 0, 0, 0, 0, 0, 0, 0, 0, 0, 0, 0, 0, 0, 0, 0], [0, 0, 0, 1, 0, 0, 0, 0, 0, 0, 0, 0, 0, 0, 0, 0, 0, 0, 0, 0, 0, 0], [0, 0, 0, 0, 1, 0, 0, 0, 0, 0, 0, 0, 0, 0, 0, 0, 0, 0, 0, 0, 0, 0], [0, 0, 0, 0, 0, 1, 0, 0, 0, 0, 0, 0, 0, 0, 0, 0, 0, 0, 0, 0, 0, 0], [0, 0, 0, 0, 0, 0, 1, 0, 0, 0, 0, 0, 0, 0, 0, 0, 0, 0, 0, 0, 0, 0], [0, 0, 0, 0, 0, 0, 0, 1, 0, 0, 0, 0, 0, 0, 0, 0, 0, 0, 0, 0, 0, 0], [0, 0, 0, 0, 0, 0, 0, 0, 1, 0, 0, 0, 0, 0, 0, 0, 0, 0, 0, 0, 0, 0], [0, 0, 0, 0, 0, 0, 0, 0, 0, 1, 0, 0, 0, 0, 0, 0, 0, 0, 0, 0, 0, 0], [0, 0, 0, 0, 0, 0, 0, 0, 0, 0, 1, 0, 0, 0, 0, 0, 0, 0, 0, 0, 0, 0], [0, 0, 0, 0, 0, 0, 0, 0, 0, 0, 0, 1, 0, 0, 0, 0, 0, 0, 0, 0, 0, 0], [0, 0, 0, 0, 0, 0, 0, 0, 0, 0, 0, 0, 1, 0, 0, 0, 0, 0, 0, 0, 0, 0], [0, 0, 0, 0, 0, 0, 0, 0, 0, 0, 0, 0, 0, 1, 0, 0, 0, 0, 0, 0, 0, 0], [0, 0, 0, 0, 0, 0, 0, 0, 0, 0, 0, 0, 0, 0, 1, 0, 0, 0, 0, 0, 0, 0], [0, 0, 0, 0, 0, 0, 0, 0, 0, 0, 0, 0, 0, 0, 0, 1, 0, 0, 0, 0, 0, 0], [0, 0, 0, 0, 0, 0, 0, 0, 0, 0, 0, 0, 0, 0, 0, 0, 1, 0, 0, 0, 0, 0], [0, 0, 0, 0, 0, 0, 0, 0, 0, 0, 0, 0, 0, 0, 0, 0, 0, 1, 0, 0, 0, 0], [0, 0, 0, 0, 0, 0, 0, 0, 0, 0, 0, 0, 0, 0, 0, 0, 0, 0, 1, 0, 0, 0], [0, 0, 0, 0, 0, 0, 0, 0, 0, 0, 0, 0, 0, 0, 0, 0, 0, 0, 0, 1, 0, 0], [0, 0, 0, 0, 0, 0, 0, 0, 0, 0, 0, 0, 0, 0, 0, 0, 0, 0, 0, 0, 1, 0], [0, 0, 0, 0, 0, 0, 0, 0, 0, 0, 0, 0, 0, 0, 0, 0, 0, 0, 0, 0, 0, 1]]
[[1, 0, 0, 0, 0, 0, 0, 0, 0, 0, 0, 0, 0, 0, 0, 0, 0, 0, 0, 0, 0, 0], [0, 1, 0, 0, 0, 0, 0, 0, 0, 0, 0, 0, 0, 0, 0, 0, 0, 0, 0, 0, 0, 0], [0, 0, 1, 0, 0, 0, 0, 0, 0, 0, 0, 0, 0, 0, 0, 0, 0, 0, 0, 0, 0, 0], [0, 0, 0, 1, 0, 0, 0, 0, 0, 0, 0, 0, 0, 0, 0, 0, 0, 0, 0, 0, 0, 0], [0, 0, 0, 0, 1, 0, 0, 0, 0, 0, 0, 0, 0, 0, 0, 0, 0, 0, 0, 0, 0, 0], [0, 0, 0, 0, 0, 1, 0, 0, 0, 0, 0, 0, 0, 0, 0, 0, 0, 0, 0, 0, 0, 0], [-1, -1, 1, 0, 0, 0, 1, 1, -1, -1, -2, -2, -1, -1, 0, 0, 0, -1, 0, 0, 0, 1], [1, 1, -1, 0, 0, 0, 0, 0, 1, 1, 2, 2, 1, 1, 0, 0, 0, 1, 0, 0, 0, -1], [0, 0, 0, -1, 0, -1, 0, 0, 0, 0, -1, -1, -1, 0, 0, -1, 0, 0, 0, 0, -1, 1], [0, 0, 0, 1, 0, 1, 0, 0, 1, 1, 1, 1, 1, 0, 0, 1, 0, 0, 0, 0, 1, -1], [0, 0, 0, 0, 0, 0, 0, 0, 0, 0, 1, 0, 0, 0, 0, 0, 0, 0, 0, 0, 0, 0], [0, 0, 0, 0, 0, 0, 0, 0, 0, 0, 0, 1, 0, 0, 0, 0, 0, 0, 0, 0, 0, 0], [0, 0, 0, 0, 0, 0, 0, 0, 0, 0, 0, 0, 1, 0, 0, 0, 0, 0, 0, 0, 0, 0], [0, 0, 0, 0, 0, 0, 0, 0, 0, 0, 0, 0, 0, 1, 0, 0, 0, 0, 0, 0, 0, 0], [0, 0, 0, 1, 0, 1, 0, 0, 1, 0, 1, 1, 1, 0, 1, 1, 0, 0, 0, 0, 1, -1], [0, 0, 0, -1, 0, -1, 0, 0, -1, 0, -1, -1, -1, 0, 0, 0, 0, 0, 0, 0, -1, 1], [0, 0, 0, 0, 0, 0, 0, 0, 0, 0, 0, 0, 0, 0, 0, 0, 1, 0, 0, 0, 0, 0], [0, 0, 0, 0, 0, 0, 0, 0, 0, 0, 0, 0, 0, 0, 0, 0, 0, 1, 0, 0, 0, 0], [0, 0, 0, 0, 0, 0, 0, 0, 0, 0, 0, 0, 0, 0, 0, 0, 0, 0, 1, 0, 0, 0], [0, 0, 0, 0, 0, 0, 0, 0, 0, 0, 0, 0, 0, 0, 0, 0, 0, 0, 0, 1, 0, 0], [1, 1, -1, 0, 0, 0, 0, -1, 1, 1, 2, 2, 1, 1, 0, 0, 0, 1, 0, 0, 1, -1], [1, 1, -1, 0, 0, 0, 0, -1, 1, 1, 2, 2, 1, 1, 0, 0, 0, 1, 0, 0, 0, 0]]
[[1, 0, 0, 0, 0, 0, 0, 0, 0, 0, 0, 0, 0, 0, 0, 0, 0, 0, 0, 0, 0, 0], [-1, 0, 1, -1, 0, -1, 1, 1, 0, 0, -1, -1, -1, -1, 0, -1, 1, 0, 0, 0, 0, 1], [0, 0, 1, 0, 0, 0, 0, 0, 0, 0, 0, 0, 0, 0, 0, 0, 0, 0, 0, 0, 0, 0], [-1, -1, 1, 0, 0, -1, 1, 1, 0, 0, -1, -1, -1, -1, 0, -1, 1, 0, 0, 0, 0, 1], [-2, -2, 2, -2, 1, -2, 2, 2, 0, 0, -2, -2, -2, -2, 0, -2, 2, 0, 0, 0, 0, 2], [1, 1, -1, 1, 0, 2, -1, -1, 0, 0, 1, 1, 1, 1, 0, 1, -1, 0, 0, 0, 0, -1], [-1, -1, 1, -1, 0, -1, 2, 1, 0, 0, -1, -1, -1, -1, 0, -1, 1, 0, 0, 0, 0, 1], [1, 1, -1, 1, 0, 1, -1, 0, 0, 0, 1, 1, 1, 1, 0, 1, -1, 0, 0, 0, 0, -1], [-1, -1, 1, -1, 0, -1, 1, 1, 1, 0, -1, -1, -1, -1, 0, -1, 1, 0, 0, 0, 0, 1], [1, 1, -1, 1, 0, 1, -1, -1, 0, 1, 1, 1, 1, 1, 0, 1, -1, 0, 0, 0, 0, -1], [0, 0, 0, 0, 0, 0, 0, 0, 0, 0, 1, 0, 0, 0, 0, 0, 0, 0, 0, 0, 0, 0], [0, 0, 0, 0, 0, 0, 0, 0, 0, 0, 0, 1, 0, 0, 0, 0, 0, 0, 0, 0, 0, 0], [0, 0, 0, 0, 0, 0, 0, 0, 0, 0, 0, 0, 1, 0, 0, 0, 0, 0, 0, 0, 0, 0], [0, 0, 0, 0, 0, 0, 0, 0, 0, 0, 0, 0, 0, 1, 0, 0, 0, 0, 0, 0, 0, 0], [1, 1, -1, 1, 0, 1, -1, -1, 0, 0, 1, 1, 1, 1, 1, 1, -1, 0, 0, 0, 0, -1], [0, 0, 0, 0, 0, 0, 0, 0, 0, 0, 0, 0, 0, 0, 0, 1, 0, 0, 0, 0, 0, 0], [1, 1, -1, 1, 0, 1, -1, -1, 0, 0, 1, 1, 1, 1, 0, 1, 0, 0, 0, 0, 0, -1], [1, 1, -1, 1, 0, 1, -1, -1, 0, 0, 1, 1, 1, 1, 0, 1, -1, 1, 0, 0, 0, -1], [-1, -1, 1, -1, 0, -1, 1, 1, 0, 0, -1, -1, -1, -1, 0, -1, 1, 0, 1, 0, 0, 1], [0, 0, 0, 0, 0, 0, 0, 0, 0, 0, 0, 0, 0, 0, 0, 0, 0, 0, 0, 1, 0, 0], [0, 0, 0, 0, 0, 0, 0, 0, 0, 0, 0, 0, 0, 0, 0, 0, 0, 0, 0, 0, 1, 0], [0, 0, 0, 0, 0, 0, 0, 0, 0, 0, 0, 0, 0, 0, 0, 0, 0, 0, 0, 0, 0, 1]]
[[1, 0, 0, 0, 0, 0, 0, 0, 0, 0, 0, 0, 0, 0, 0, 0, 0, 0, 0, 0, 0, 0], [0, 1, 0, 0, 0, 0, 0, 0, 0, 0, 0, 0, 0, 0, 0, 0, 0, 0, 0, 0, 0, 0], [0, 0, 1, 0, 0, 0, 0, 0, 0, 0, 0, 0, 0, 0, 0, 0, 0, 0, 0, 0, 0, 0], [0, 0, 0, 1, 0, 0, 0, 0, 0, 0, 0, 0, 0, 0, 0, 0, 0, 0, 0, 0, 0, 0], [0, 0, 0, 0, 1, 0, 0, 0, 0, 0, 0, 0, 0, 0, 0, 0, 0, 0, 0, 0, 0, 0], [0, 0, 0, 0, 0, 1, 0, 0, 0, 0, 0, 0, 0, 0, 0, 0, 0, 0, 0, 0, 0, 0], [0, 0, 0, 0, 0, 0, 1, 0, 0, 0, 0, 0, 0, 0, 0, 0, 0, 0, 0, 0, 0, 0], [0, 0, 0, 0, 0, 0, 0, 1, 0, 0, 0, 0, 0, 0, 0, 0, 0, 0, 0, 0, 0, 0], [0, 0, 0, 0, 0, 0, 0, 0, 1, 0, 0, 0, 0, 0, 0, 0, 0, 0, 0, 0, 0, 0], [0, 0, 0, 0, 0, 0, 0, 0, 0, 1, 0, 0, 0, 0, 0, 0, 0, 0, 0, 0, 0, 0], [0, 0, 0, 0, 0, 0, 0, 0, 0, 0, 1, 0, 0, 0, 0, 0, 0, 0, 0, 0, 0, 0], [0, 0, 0, 0, 0, 0, 0, 0, 0, 0, 0, 1, 0, 0, 0, 0, 0, 0, 0, 0, 0, 0], [0, 0, 0, 0, 0, 0, 0, 0, 0, 0, 0, 0, 1, 0, 0, 0, 0, 0, 0, 0, 0, 0], [0, 0, 0, 0, 0, 0, 0, 0, 0, 0, 0, 0, 0, 1, 0, 0, 0, 0, 0, 0, 0, 0], [0, 0, 0, 0, 0, 0, 0, 0, 0, 0, 0, 0, 0, 0, 1, 0, 0, 0, 0, 0, 0, 0], [0, 0, 0, 0, 0, 0, 0, 0, 0, 0, 0, 0, 0, 0, 0, 1, 0, 0, 0, 0, 0, 0], [0, 0, 0, 0, 0, 0, 0, 0, 0, 0, 0, 0, 0, 0, 0, 0, 1, 0, 0, 0, 0, 0], [0, 0, 0, 0, 0, 0, 0, 0, 0, 0, 0, 0, 0, 0, 0, 0, 0, 1, 0, 0, 0, 0], [0, 0, 0, 0, 0, 0, 0, 0, 0, 0, 0, 0, 0, 0, 0, 0, 0, 0, 1, 0, 0, 0], [0, 0, 0, 0, 0, 0, 0, 0, 0, 0, 0, 0, 0, 0, 0, 0, 0, 0, 0, 1, 0, 0], [0, 0, 0, 0, 0, 0, 0, 0, 0, 0, 0, 0, 0, 0, 0, 0, 0, 0, 0, 0, 1, 0], [0, 0, 0, 0, 0, 0, 0, 0, 0, 0, 0, 0, 0, 0, 0, 0, 0, 0, 0, 0, 0, 1]]

#################
# GALOIS GROUPS #
#################

Generators of the monodromy group on the generic Picard lattice:
[[1, 0, 0, 0, 0, 0, 0, 0, 0, 0, 0, 0], [0, 1, 0, 0, 0, 0, 0, 0, 0, 0, 0, 0], [0, 0, 1, 0, 0, 0, 0, 0, 0, 0, 0, 0], [0, 0, 0, 1, 0, 0, 0, 0, 0, 0, 0, 0], [0, 0, 0, 0, 1, 0, 0, 0, 0, 0, 0, 0], [0, 0, 0, 0, 0, 1, 0, 0, 0, 0, 0, 0], [0, 0, 0, 0, 0, 0, 1, 0, 0, 0, 0, 0], [0, 0, 0, 0, 0, 0, 0, 1, 0, 0, 0, 0], [0, 0, 0, 0, 0, 0, 0, 0, 1, 0, 0, 0], [0, 0, 0, 0, 0, 0, 0, 0, 0, 1, 0, 0], [0, 0, 0, 0, 0, 0, 0, 0, 0, 0, 1, 0], [0, 0, 0, 0, 0, 0, 0, 0, 0, 0, 0, 1]]
[[1, 0, 0, 0, 0, 0, 0, 0, 0, 0, 0, 0], [0, 1, 0, 0, 0, 0, 0, 0, 0, 0, 0, 0], [0, 0, 1, 0, 0, 0, 0, 0, 0, 0, 0, 0], [0, 0, 0, 1, 0, 0, 0, 0, 0, 0, 0, 0], [0, 0, 0, 0, 1, 0, 0, 0, 0, 0, 0, 0], [0, 0, 0, 0, 0, 1, 0, 0, 0, 0, 0, 0], [0, 0, 0, 0, 0, 0, 1, 0, 0, 0, 0, 0], [0, 0, 0, 0, 0, 0, 0, 1, 0, 0, 0, 0], [0, 0, 0, 0, 0, 0, 0, 0, 1, 0, 0, 0], [0, 0, 0, 0, 0, 0, 0, 0, 0, 1, 0, 0], [0, 0, 0, 0, 0, 0, 0, 0, 0, 0, 1, 0], [0, 0, 0, 0, 0, 0, 0, 0, 0, 0, 0, 1]]
[[1, 0, 0, 0, 0, 0, 0, 0, 0, 0, 0, 0], [0, 1, 0, 0, 0, 0, 0, 0, 0, 0, 0, 0], [0, 0, 1, 0, 0, 0, 0, 0, 0, 0, 0, 0], [0, 0, 0, 1, 0, 0, 0, 0, 0, 0, 0, 0], [0, 0, 0, 0, 1, 0, 0, 0, 0, 0, 0, 0], [0, 0, 0, 0, 0, 1, 0, 0, 0, 0, 0, 0], [0, 0, 0, 0, 0, 0, 1, 0, 0, 0, 0, 0], [0, 0, 0, 0, 0, 0, 0, 1, 0, 0, 0, 0], [0, 0, 0, 0, 0, 0, 0, 0, 1, 0, 0, 0], [0, 0, 0, 0, 0, 0, 0, 0, 0, 1, 0, 0], [0, 0, 0, 0, 0, 0, 0, 0, 0, 0, 1, 0], [0, 0, 0, 0, 0, 0, 0, 0, 0, 0, 0, 1]]
[[1, 0, 0, 0, 0, 0, 0, 0, 0, 0, 0, 0], [0, 1, 0, 0, 0, 0, 0, 0, 0, 0, 0, 0], [0, 0, 1, 0, 0, 0, 0, 0, 0, 0, 0, 0], [0, 0, 0, 1, 0, 0, 0, 0, 0, 0, 0, 0], [0, 0, 0, 0, 1, 0, 0, 0, 0, 0, 0, 0], [0, 0, 0, 0, 0, 1, 0, 0, 0, 0, 0, 0], [0, 0, 0, 0, 0, 0, 1, 0, 0, 0, 0, 0], [0, 0, 0, 0, 0, 0, 0, 1, 0, 0, 0, 0], [0, 0, 0, 0, 0, 0, 0, 0, 1, 0, 0, 0], [0, 0, 0, 0, 0, 0, 0, 0, 0, 1, 0, 0], [0, 0, 0, 0, 0, 0, 0, 0, 0, 0, 1, 0], [0, 0, 0, 0, 0, 0, 0, 0, 0, 0, 0, 1]]
[[-6, -3, 3, -1, -4, 2, 0, 0, -2, -2, -2, -2], [3, 2, -1, 1, 2, -2, 0, -1, 1, 0, 0, 1], [0, 0, 1, 0, 0, 0, 0, 0, 0, 0, 0, 0], [4, 2, -2, 1, 2, 0, 0, 1, 1, 2, 2, 1], [7, 3, -3, 1, 5, -2, 0, 0, 2, 2, 2, 2], [1, 0, 0, 0, 1, 1, 1, 0, 0, 0, 0, 0], [-2, 0, 0, 0, -2, 0, -1, 0, 0, 0, 0, 0], [2, 1, -1, 1, 1, -2, -1, 0, 1, 0, 0, 1], [-2, -1, 1, -1, -1, 2, 1, 1, 0, 0, 0, -1], [-1, 0, 0, 0, -1, 0, -1, 0, 0, 1, 0, 0], [1, 0, 0, 0, 1, 0, 1, 0, 0, 0, 1, 0], [0, 0, 0, 0, 0, 0, 0, 0, 0, 0, 0, 1]]
[[1, 0, 0, 0, 0, 0, 0, 0, 0, 0, 0, 0], [0, 1, 0, 0, 0, 0, 0, 0, 1, 0, 0, 0], [0, 0, 1, 0, 0, 0, 0, 0, 0, 0, 0, 0], [1, 1, -2, 0, 1, -1, -1, -1, 0, 1, 0, 1], [0, 0, 0, 0, 1, 0, 0, 0, 1, 0, 0, 0], [0, 0, 0, 0, 0, 1, 0, 0, 0, 0, 0, 0], [-3, -1, 0, -1, -2, 0, 0, -1, -2, 0, -1, -1], [0, 0, 0, 0, 0, 0, 0, 1, 1, 0, 0, 0], [0, 0, 0, 0, 0, 0, 0, 0, -1, 0, 0, 0], [0, 0, 0, 0, 0, 0, 0, 0, -1, 1, 0, 0], [0, 0, 0, 0, 0, 0, 0, 0, 0, 0, 1, 0], [-4, -2, 2, 0, -3, 1, 0, 0, -2, -1, -1, -1]]
[[1, 0, 0, 0, 0, 0, 0, 0, 0, 0, 0, 0], [0, 1, 0, 0, 0, 0, 0, 0, 0, 0, 0, 0], [0, 0, 1, 0, 0, 0, 0, 0, 0, 0, 0, 0], [0, 0, 0, 1, 0, 0, 0, 0, 0, 0, 0, 0], [0, 0, 0, 0, 1, 0, 0, 0, 0, 0, 0, 0], [0, 0, 0, 0, 0, 1, 0, 0, 0, 0, 0, 0], [0, 0, 0, 0, 0, 0, 1, 0, 0, 0, 0, 0], [0, 0, 0, 0, 0, 0, 0, 1, 0, 0, 0, 0], [0, 0, 0, 0, 0, 0, 0, 0, 1, 0, 0, 0], [0, 0, 0, 0, 0, 0, 0, 0, 0, 1, 0, 0], [0, 0, 0, 0, 0, 0, 0, 0, 0, 0, 1, 0], [0, 0, 0, 0, 0, 0, 0, 0, 0, 0, 0, 1]]
[[1, 0, -1, 0, 0, 0, -1, 0, -1, 2, 1, 0], [0, 0, 1, 0, 0, 0, 0, 1, 1, -1, 0, 0], [0, 0, 1, 0, 0, 0, 0, 0, 0, 0, 0, 0], [2, 1, -1, 1, 1, -1, 0, 0, 1, 0, 1, 1], [2, 1, 0, 0, 2, -1, 1, 0, 2, -2, 0, 1], [2, 1, -1, 0, 1, 0, 0, 0, 1, 0, 1, 1], [-2, -2, 1, 0, -1, 1, 0, 1, -1, 1, 0, -1], [0, 0, 0, 0, 0, 0, 0, 1, 0, 0, 0, 0], [0, 1, -1, 0, 0, 0, 0, -1, 0, 1, 0, 0], [0, 0, 0, 0, 0, 0, 0, 0, 0, 1, 0, 0], [-2, -1, 2, 0, -1, 1, 1, 0, 0, -2, -1, -1], [-2, -1, 1, 0, -1, 1, 0, 0, -1, 0, -1, 0]]
[[-1, 0, 0, 0, -1, -1, 0, -1, 0, -1, -1, -1], [4, 3, -2, 1, 2, -1, -1, 0, 1, 2, 1, 2], [2, 2, -2, 0, 1, -1, -1, -1, 1, 1, 0, 1], [-2, -2, 2, 0, -1, 2, 1, 1, -1, -1, 0, -1], [4, 2, -2, 1, 3, -1, -1, 0, 1, 2, 1, 2], [0, 0, 1, 1, 0, 0, 0, 0, 0, 0, 0, 0], [-4, -2, 1, -2, -2, 2, 2, 0, -1, -2, -1, -2], [0, 0, 0, 0, 0, 0, 0, 1, 0, 0, 0, 0], [-2, -2, 2, -1, -1, 2, 1, 1, 0, -1, 0, -1], [-4, -2, 1, -2, -2, 2, 1, 0, -1, -1, -1, -2], [4, 2, -2, 1, 2, -1, -1, 0, 1, 2, 2, 2], [-4, -2, 2, -1, -2, 1, 1, 0, -1, -2, -1, -1]]
[[1, 0, 0, 0, 0, 0, 0, 0, 0, 0, 0, 0], [0, 1, 0, 0, 0, 0, 0, 0, 0, 0, 0, 0], [0, 0, 1, 0, 0, 0, 0, 0, 0, 0, 0, 0], [0, 0, 0, 1, 0, 0, 0, 0, 0, 0, 0, 0], [0, 0, 0, 0, 1, 0, 0, 0, 0, 0, 0, 0], [0, 0, 0, 0, 0, 1, 0, 0, 0, 0, 0, 0], [0, 0, 0, 0, 0, 0, 1, 0, 0, 0, 0, 0], [0, 0, 0, 0, 0, 0, 0, 1, 0, 0, 0, 0], [0, 0, 0, 0, 0, 0, 0, 0, 1, 0, 0, 0], [0, 0, 0, 0, 0, 0, 0, 0, 0, 1, 0, 0], [0, 0, 0, 0, 0, 0, 0, 0, 0, 0, 1, 0], [0, 0, 0, 0, 0, 0, 0, 0, 0, 0, 0, 1]]
[[-1, -1, 0, -1, -1, 1, 0, 0, -1, 0, 0, -1], [2, 2, 0, 1, 1, -1, 0, 0, 1, 0, 0, 1], [0, 0, 1, 0, 0, 0, 0, 0, 0, 0, 0, 0], [0, 0, 0, 1, 0, 0, 0, 0, 0, 0, 0, 0], [4, 2, 0, 2, 3, -2, 0, 0, 2, 0, 0, 2], [2, 1, 0, 1, 1, 0, 0, 0, 1, 0, 0, 1], [-4, -2, 0, -2, -2, 2, 1, 0, -2, 0, 0, -2], [0, 0, 0, 0, 0, 0, 0, 1, 0, 0, 0, 0], [-2, -1, 0, -1, -1, 1, 0, 0, 0, 0, 0, -1], [-2, -1, 0, -1, -1, 1, 0, 0, -1, 1, 0, -1], [2, 1, 0, 1, 1, -1, 0, 0, 1, 0, 1, 1], [-2, -1, 0, -1, -1, 1, 0, 0, -1, 0, 0, 0]]
[[0, -1, 0, -1, 0, 2, 1, 1, 0, 0, 1, -1], [-2, -1, 2, 0, -1, 0, 0, 0, -1, -1, -1, 0], [0, 0, 1, 0, 0, 0, 0, 0, 0, 0, 0, 0], [0, 0, 0, 1, 0, -1, 0, 0, 0, 0, 0, 0], [1, 1, 0, 1, 1, -3, -1, -1, 0, 0, -1, 1], [0, 0, 0, 0, 0, -1, 0, 0, 0, 0, 0, 0], [0, 0, 0, 0, 0, 2, 1, 0, 0, 0, 0, 0], [0, 0, 0, 0, 0, 1, 0, 1, 0, 0, 0, 0], [0, 0, 0, 0, 0, 0, 0, 0, 1, 0, 0, 0], [0, 0, 0, 0, 0, 1, 0, 0, 0, 1, 0, 0], [1, 1, 0, 1, 0, -2, -1, -1, 0, 0, 0, 1], [2, 2, -2, 0, 1, 0, 0, 0, 1, 1, 1, 1]]
[[1, 0, 0, 0, 0, 0, 0, 0, 0, 0, 0, 0], [0, 1, 0, 0, 0, 0, 0, 0, 0, 0, 0, 0], [0, 0, 1, 0, 0, 0, 0, 0, 0, 0, 0, 0], [0, 0, 0, 1, 0, 0, 0, 0, 0, 0, 0, 0], [0, 0, 0, 0, 1, 0, 0, 0, 0, 0, 0, 0], [0, 0, 0, 0, 0, 1, 0, 0, 0, 0, 0, 0], [0, 0, 0, 0, 0, 0, 1, 0, 0, 0, 0, 0], [0, 0, 0, 0, 0, 0, 0, 1, 0, 0, 0, 0], [0, 0, 0, 0, 0, 0, 0, 0, 1, 0, 0, 0], [0, 0, 0, 0, 0, 0, 0, 0, 0, 1, 0, 0], [0, 0, 0, 0, 0, 0, 0, 0, 0, 0, 1, 0], [0, 0, 0, 0, 0, 0, 0, 0, 0, 0, 0, 1]]
[[-1, 0, 0, 0, -1, -1, 0, -1, 0, -1, -1, -1], [4, 3, -2, 1, 2, -1, -1, 0, 1, 2, 1, 2], [2, 2, -2, 0, 1, -1, -1, -1, 1, 1, 0, 1], [-2, -2, 2, 0, -1, 2, 1, 1, -1, -1, 0, -1], [4, 2, -2, 1, 3, -1, -1, 0, 1, 2, 1, 2], [0, 0, 1, 1, 0, 0, 0, 0, 0, 0, 0, 0], [-4, -2, 1, -2, -2, 2, 2, 0, -1, -2, -1, -2], [0, 0, 0, 0, 0, 0, 0, 1, 0, 0, 0, 0], [-2, -2, 2, -1, -1, 2, 1, 1, 0, -1, 0, -1], [-4, -2, 1, -2, -2, 2, 1, 0, -1, -1, -1, -2], [4, 2, -2, 1, 2, -1, -1, 0, 1, 2, 2, 2], [-4, -2, 2, -1, -2, 1, 1, 0, -1, -2, -1, -1]]
[[1, 0, 0, 0, 0, 0, 0, 0, 0, 0, 0, 0], [0, 1, 0, 0, 0, 0, 0, 0, 0, 0, 0, 0], [0, 0, 1, 0, 0, 0, 0, 0, 0, 0, 0, 0], [0, 0, 0, 1, 0, 0, 0, 0, 0, 0, 0, 0], [0, 0, 0, 0, 1, 0, 0, 0, 0, 0, 0, 0], [0, 0, 0, 0, 0, 1, 0, 0, 0, 0, 0, 0], [0, 0, 0, 0, 0, 0, 1, 0, 0, 0, 0, 0], [0, 0, 0, 0, 0, 0, 0, 1, 0, 0, 0, 0], [0, 0, 0, 0, 0, 0, 0, 0, 1, 0, 0, 0], [0, 0, 0, 0, 0, 0, 0, 0, 0, 1, 0, 0], [0, 0, 0, 0, 0, 0, 0, 0, 0, 0, 1, 0], [0, 0, 0, 0, 0, 0, 0, 0, 0, 0, 0, 1]]
[[1, 0, 0, 0, 0, 0, 0, 0, 0, 0, 0, 0], [0, 1, 0, 0, 0, 0, 0, 0, 0, 0, 0, 0], [0, 0, 1, 0, 0, 0, 0, 0, 0, 0, 0, 0], [0, 0, 0, 1, 0, 0, 0, 0, 0, 0, 0, 0], [0, 0, 0, 0, 1, 0, 0, 0, 0, 0, 0, 0], [0, 0, 0, 0, 0, 1, 0, 0, 0, 0, 0, 0], [0, 0, 0, 0, 0, 0, 1, 0, 0, 0, 0, 0], [0, 0, 0, 0, 0, 0, 0, 1, 0, 0, 0, 0], [0, 0, 0, 0, 0, 0, 0, 0, 1, 0, 0, 0], [0, 0, 0, 0, 0, 0, 0, 0, 0, 1, 0, 0], [0, 0, 0, 0, 0, 0, 0, 0, 0, 0, 1, 0], [0, 0, 0, 0, 0, 0, 0, 0, 0, 0, 0, 1]]
[[1, 0, 0, 0, 0, 0, 0, 0, 0, 0, 0, 0], [0, 1, 0, 0, 0, 0, 0, 0, 0, 0, 0, 0], [0, 0, 1, 0, 0, 0, 0, 0, 0, 0, 0, 0], [0, 0, 0, 1, 0, 0, 0, 0, 0, 0, 0, 0], [0, 0, 0, 0, 1, 0, 0, 0, 0, 0, 0, 0], [0, 0, 0, 0, 0, 1, 0, 0, 0, 0, 0, 0], [0, 0, 0, 0, 0, 0, 1, 0, 0, 0, 0, 0], [0, 0, 0, 0, 0, 0, 0, 1, 0, 0, 0, 0], [0, 0, 0, 0, 0, 0, 0, 0, 1, 0, 0, 0], [0, 0, 0, 0, 0, 0, 0, 0, 0, 1, 0, 0], [0, 0, 0, 0, 0, 0, 0, 0, 0, 0, 1, 0], [0, 0, 0, 0, 0, 0, 0, 0, 0, 0, 0, 1]]
[[-2, -1, 1, -1, -2, 2, 0, 1, -1, 0, 0, -1], [3, 2, -1, 1, 2, -2, 0, -1, 1, 0, 0, 1], [1, 1, 0, 1, 0, 0, 0, 0, 0, 0, 0, 0], [-1, -1, 1, 0, 0, 0, 0, 0, 0, 0, 0, 0], [1, 1, -1, 1, 1, -2, 0, -2, 0, 0, 0, 0], [0, 0, 0, 0, 0, 0, 0, -1, 0, 0, 0, 0], [-1, -1, 1, -1, 0, 2, 1, 2, 0, 0, 0, 0], [0, 0, 0, 0, 0, -1, 0, 0, 0, 0, 0, 0], [0, 0, 0, 0, 0, 1, 0, 1, 1, 0, 0, 0], [0, 0, 0, 0, 0, 1, 0, 1, 0, 1, 0, 0], [3, 1, -1, 1, 2, -1, 0, 0, 1, 0, 1, 1], [0, 0, 0, 0, 0, 0, 0, 0, 0, 0, 0, 1]]
[[1, 0, 0, 0, 0, 0, 0, 0, 0, 0, 0, 0], [-1, 0, 0, -1, 0, 0, 0, 0, 0, 0, 0, 0], [0, 0, 1, 0, 0, 0, 0, 0, 0, 0, 0, 0], [-1, -1, 0, 0, 0, 0, 0, 0, 0, 0, 0, 0], [-1, -1, 0, -1, 1, 0, 0, 0, 0, 0, 0, 0], [-1, -1, 0, -1, 0, 1, 0, 0, 0, 0, 0, 0], [1, 1, 0, 1, 0, 0, 1, 0, 0, 0, 0, 0], [0, 0, 0, 0, 0, 0, 0, 1, 0, 0, 0, 0], [1, 1, 0, 1, 0, 0, 0, 0, 1, 0, 0, 0], [1, 1, 0, 1, 0, 0, 0, 0, 0, 1, 0, 0], [0, 0, 0, 0, 0, 0, 0, 0, 0, 0, 1, 0], [1, 1, 0, 1, 0, 0, 0, 0, 0, 0, 0, 1]]
[[1, 0, 0, 0, 0, 0, 0, 0, 0, 0, 0, 0], [0, 1, 0, 0, 0, 0, 0, 0, 0, 0, 0, 0], [0, 0, 1, 0, 0, 0, 0, 0, 0, 0, 0, 0], [0, 0, 0, 1, 0, 0, 0, 0, 0, 0, 0, 0], [0, 0, 0, 0, 1, 0, 0, 0, 0, 0, 0, 0], [0, 0, 0, 0, 0, 1, 0, 0, 0, 0, 0, 0], [0, 0, 0, 0, 0, 0, 1, 0, 0, 0, 0, 0], [0, 0, 0, 0, 0, 0, 0, 1, 0, 0, 0, 0], [0, 0, 0, 0, 0, 0, 0, 0, 1, 0, 0, 0], [0, 0, 0, 0, 0, 0, 0, 0, 0, 1, 0, 0], [0, 0, 0, 0, 0, 0, 0, 0, 0, 0, 1, 0], [0, 0, 0, 0, 0, 0, 0, 0, 0, 0, 0, 1]]
[[1, 0, 0, 0, 0, 0, 0, 0, 0, 0, 0, 0], [0, 1, 0, 0, 0, 0, 0, 0, 0, 0, 0, 0], [0, 0, 1, 0, 0, 0, 0, 0, 0, 0, 0, 0], [0, 0, 0, 1, 0, 0, 0, 0, 0, 0, 0, 0], [-1, 0, 0, 0, 0, 0, 0, 0, 0, 0, 0, -1], [-1, 0, 0, 0, -1, 1, 0, 0, 0, 0, 0, -1], [1, 0, 0, 0, 1, 0, 1, 0, 0, 0, 0, 1], [0, 0, 0, 0, 0, 0, 0, 1, 0, 0, 0, 0], [1, 0, 0, 0, 1, 0, 0, 0, 1, 0, 0, 1], [1, 0, 0, 0, 1, 0, 0, 0, 0, 1, 0, 1], [0, 0, 0, 0, 0, 0, 0, 0, 0, 0, 1, 0], [-1, 0, 0, 0, -1, 0, 0, 0, 0, 0, 0, 0]]
[[1, 0, 0, 0, 0, 0, 0, 0, 0, 0, 0, 0], [0, 1, 0, 0, 0, 0, 0, 0, 0, 0, 0, 0], [0, 0, 1, 0, 0, 0, 0, 0, 0, 0, 0, 0], [0, 0, 0, 1, 0, 0, 0, 0, 0, 0, 0, 0], [0, 0, 0, 0, 1, 0, 0, 0, 0, 0, 0, 0], [0, 0, 0, 0, 0, 1, 0, 0, 0, 0, 0, 0], [0, 0, 0, 0, 0, 0, 1, 0, 0, 0, 0, 0], [0, 0, 0, 0, 0, 0, 0, 1, 0, 0, 0, 0], [0, 0, 0, 0, 0, 0, 0, 0, 1, 0, 0, 0], [0, 0, 0, 0, 0, 0, 0, 0, 0, 1, 0, 0], [0, 0, 0, 0, 0, 0, 0, 0, 0, 0, 1, 0], [0, 0, 0, 0, 0, 0, 0, 0, 0, 0, 0, 1]]
[[1, 0, 1, 0, 1, 1, 1, 1, 1, -1, 0, 1], [-2, 0, 0, -1, -1, 0, 0, -1, -1, 0, -1, -1], [0, 0, 1, 0, 0, 0, 0, 0, 0, 0, 0, 0], [-2, -1, 0, 0, -1, 0, 0, -1, -1, 0, -1, -1], [-2, -1, 0, -1, -1, 1, 0, 0, -1, 1, 0, -2], [-2, -1, 0, -1, -1, 1, 0, -1, -1, 0, -1, -1], [4, 2, -1, 2, 2, -2, 0, 0, 1, 0, 1, 2], [0, 0, 0, 0, 0, 0, 0, 1, 0, 0, 0, 0], [2, 1, -1, 1, 1, -2, -1, -1, 1, 0, 0, 1], [4, 2, -1, 2, 2, -2, -1, 0, 1, 1, 1, 2], [-2, -1, 0, -1, -1, 0, 0, -1, -1, 0, 0, -1], [2, 1, -1, 1, 0, -1, -1, 0, 0, 1, 1, 1]]
[[1, 0, 0, 0, 0, 0, 0, 0, 0, 0, 0, 0], [0, 1, 0, 0, 0, 0, 0, 0, 0, 0, 0, 0], [0, 0, 1, 0, 0, 0, 0, 0, 0, 0, 0, 0], [0, 0, 0, 1, 0, 0, 0, 0, 0, 0, 0, 0], [0, 0, 0, 0, 1, 0, 0, 0, 0, 0, 0, 0], [0, 0, 0, 0, 0, 1, 0, 0, 0, 0, 0, 0], [0, 0, 0, 0, 0, 0, 1, 0, 0, 0, 0, 0], [0, 0, 0, 0, 0, 0, 0, 1, 0, 0, 0, 0], [0, 0, 0, 0, 0, 0, 0, 0, 1, 0, 0, 0], [0, 0, 0, 0, 0, 0, 0, 0, 0, 1, 0, 0], [0, 0, 0, 0, 0, 0, 0, 0, 0, 0, 1, 0], [0, 0, 0, 0, 0, 0, 0, 0, 0, 0, 0, 1]]
[[3, 1, -1, 1, 1, -1, -1, 0, 0, 2, 1, 1], [0, 1, 0, 0, 0, 0, 0, 0, 0, 0, 0, 0], [0, 0, 1, 0, 0, 0, 0, 0, 0, 0, 0, 0], [-2, -1, 1, 0, -1, 1, 1, 0, 0, -2, -1, -1], [-2, -1, 1, -1, 0, 1, 1, 0, 0, -2, -1, -1], [0, 0, 0, 0, 0, 1, 0, 0, 0, 0, 0, 0], [0, 0, 0, 0, 0, 0, 1, 0, 0, 0, 0, 0], [0, 0, 0, 0, 0, 0, 0, 1, 0, 0, 0, 0], [0, 0, 0, 0, 0, 0, 0, 0, 1, 0, 0, 0], [-2, -1, 1, -1, -1, 1, 1, 0, 0, -1, -1, -1], [0, 0, 0, 0, 0, 0, 0, 0, 0, 0, 1, 0], [0, 0, 0, 0, 0, 0, 0, 0, 0, 0, 0, 1]]
[[1, 0, 0, 0, 0, 0, 0, 0, 0, 0, 0, 0], [0, 1, 0, 0, 0, 0, 0, 0, 0, 0, 0, 0], [0, 0, 1, 0, 0, 0, 0, 0, 0, 0, 0, 0], [0, 0, 0, 1, 0, 0, 0, 0, 0, 0, 0, 0], [0, 0, 0, 0, 1, 0, 0, 0, 0, 0, 0, 0], [0, 0, 0, 0, 0, 1, 0, 0, 0, 0, 0, 0], [0, 0, 0, 0, 0, 0, 1, 0, 0, 0, 0, 0], [0, 0, 0, 0, 0, 0, 0, 1, 0, 0, 0, 0], [0, 0, 0, 0, 0, 0, 0, 0, 1, 0, 0, 0], [0, 0, 0, 0, 0, 0, 0, 0, 0, 1, 0, 0], [0, 0, 0, 0, 0, 0, 0, 0, 0, 0, 1, 0], [0, 0, 0, 0, 0, 0, 0, 0, 0, 0, 0, 1]]
[[1, 0, 0, 0, 0, 0, 0, 0, 0, 0, 0, 0], [0, 1, 0, 0, 0, 0, 0, 0, 0, 0, 0, 0], [0, 0, 1, 0, 0, 0, 0, 0, 0, 0, 0, 0], [0, 0, 0, 1, 0, 0, 0, 0, 0, 0, 0, 0], [0, 0, 0, 0, 1, 0, 0, 0, 0, 0, 0, 0], [0, 0, 0, 0, 0, 1, 0, 0, 0, 0, 0, 0], [0, 0, 0, 0, 0, 0, 1, 0, 0, 0, 0, 0], [0, 0, 0, 0, 0, 0, 0, 1, 0, 0, 0, 0], [0, 0, 0, 0, 0, 0, 0, 0, 1, 0, 0, 0], [0, 0, 0, 0, 0, 0, 0, 0, 0, 1, 0, 0], [0, 0, 0, 0, 0, 0, 0, 0, 0, 0, 1, 0], [0, 0, 0, 0, 0, 0, 0, 0, 0, 0, 0, 1]]
[[1, 0, 0, 0, 0, 0, 0, 0, 0, 0, 0, 0], [0, 1, 0, 0, 0, 0, 0, 0, 0, 0, 0, 0], [0, 0, 1, 0, 0, 0, 0, 0, 0, 0, 0, 0], [0, 0, 0, 1, 0, 0, 0, 0, 0, 0, 0, 0], [0, 0, 0, 0, 1, 0, 0, 0, 0, 0, 0, 0], [0, 0, 0, 0, 0, 1, 0, 0, 0, 0, 0, 0], [0, 0, 0, 0, 0, 0, 1, 0, 0, 0, 0, 0], [0, 0, 0, 0, 0, 0, 0, 1, 0, 0, 0, 0], [0, 0, 0, 0, 0, 0, 0, 0, 1, 0, 0, 0], [0, 0, 0, 0, 0, 0, 0, 0, 0, 1, 0, 0], [0, 0, 0, 0, 0, 0, 0, 0, 0, 0, 1, 0], [0, 0, 0, 0, 0, 0, 0, 0, 0, 0, 0, 1]]
[[1, 0, 0, 0, 0, 0, 0, 0, 0, 0, 0, 0], [-1, 0, 1, 0, 0, 0, 0, 0, 0, 0, -1, 0], [0, 0, 1, 0, 0, 0, 0, 0, 0, 0, 0, 0], [-3, -1, 0, -1, -1, 1, 1, -1, -1, -1, -1, -1], [1, 1, -1, 0, 2, -1, 0, -1, 0, 1, 0, 1], [1, 1, -1, 0, 1, 0, 0, -1, 0, 1, 0, 1], [-2, -2, 2, 0, -2, 2, 1, 2, 0, -2, 0, -2], [0, 0, 0, 0, 0, 0, 0, 1, 0, 0, 0, 0], [1, 1, -1, 0, 0, 0, 0, 0, 1, 0, 1, 0], [0, 0, 0, 0, -1, 1, 0, 1, 0, 0, 1, -1], [-1, -1, 1, 0, 0, 0, 0, 0, 0, 0, 0, 0], [-1, -1, 1, 0, -1, 1, 0, 1, 0, -1, 0, 0]]
[[1, 0, 0, 0, 0, 0, 0, 0, 0, 0, 0, 0], [0, 1, 0, 0, 0, 0, 0, 0, 0, 0, 0, 0], [0, 0, 1, 0, 0, 0, 0, 0, 0, 0, 0, 0], [0, 0, 0, 1, 0, 0, 0, 0, 0, 0, 0, 0], [0, 0, 0, 0, 1, 0, 0, 0, 0, 0, 0, 0], [0, 0, 0, 0, 0, 1, 0, 0, 0, 0, 0, 0], [3, 1, -1, 1, 1, -1, 0, 1, 1, 1, 2, 1], [0, 0, 0, 0, 0, 0, 0, 1, 0, 0, 0, 0], [0, 0, 0, 0, 0, 0, 0, 0, 1, 0, 0, 0], [3, 1, -1, 1, 1, -1, -1, 1, 1, 2, 2, 1], [-3, -1, 1, -1, -1, 1, 1, -1, -1, -1, -1, -1], [0, 0, 0, 0, 0, 0, 0, 0, 0, 0, 0, 1]]
[[1, 0, 0, 0, 0, 0, 0, 0, 0, 0, 0, 0], [0, 1, 0, 0, 0, 0, 0, 0, 0, 0, 0, 0], [0, 0, 1, 0, 0, 0, 0, 0, 0, 0, 0, 0], [0, 0, 0, 1, 0, 0, 0, 0, 0, 0, 0, 0], [0, 0, 0, 0, 1, 0, 0, 0, 0, 0, 0, 0], [0, 0, 0, 0, 0, 1, 0, 0, 0, 0, 0, 0], [0, 0, 0, 0, 0, 0, 1, 0, 0, 0, 0, 0], [0, 0, 0, 0, 0, 0, 0, 1, 0, 0, 0, 0], [0, 0, 0, 0, 0, 0, 0, 0, 1, 0, 0, 0], [0, 0, 0, 0, 0, 0, 0, 0, 0, 1, 0, 0], [0, 0, 0, 0, 0, 0, 0, 0, 0, 0, 1, 0], [0, 0, 0, 0, 0, 0, 0, 0, 0, 0, 0, 1]]
[[1, 0, -1, 0, 1, -1, -1, -1, -1, 1, 0, 1], [1, 2, -1, 0, 0, 0, 0, 0, 1, 0, 0, 0], [2, 2, -2, 0, 1, -1, -1, -1, 1, 1, 0, 1], [-1, -1, 2, 1, -1, 1, 1, 1, 0, -1, 0, -1], [1, 1, 0, 0, 0, 1, 1, 1, 2, -1, 0, -1], [-1, -1, 2, 0, -1, 2, 1, 1, 0, -1, 0, -1], [0, 0, -1, 0, 1, -1, 0, -1, -1, 1, 0, 1], [0, 0, 0, 0, 0, 0, 0, 1, 0, 0, 0, 0], [-1, -1, 1, 0, 0, 0, 0, 0, 0, 0, 0, 0], [0, 0, 0, 0, 1, -1, 0, -1, 0, 0, -1, 1], [1, 1, -1, 0, 0, 0, 0, 0, 1, 0, 1, 0], [-1, -1, 1, 0, -1, 1, 0, 1, -1, 1, 1, 0]]
[[1, 0, 0, 0, 0, 0, 0, 0, 0, 0, 0, 0], [0, 1, 0, 0, 0, 0, 0, 0, 0, 0, 0, 0], [0, 0, 1, 0, 0, 0, 0, 0, 0, 0, 0, 0], [0, 0, 0, 1, 0, 0, 0, 0, 0, 0, 0, 0], [-1, 0, 0, 0, 0, 0, 0, 0, 0, 0, 0, -1], [-1, 0, 0, 0, -1, 1, 0, 0, 0, 0, 0, -1], [1, 0, 0, 0, 1, 0, 1, 0, 0, 0, 0, 1], [0, 0, 0, 0, 0, 0, 0, 1, 0, 0, 0, 0], [1, 0, 0, 0, 1, 0, 0, 0, 1, 0, 0, 1], [1, 0, 0, 0, 1, 0, 0, 0, 0, 1, 0, 1], [0, 0, 0, 0, 0, 0, 0, 0, 0, 0, 1, 0], [-1, 0, 0, 0, -1, 0, 0, 0, 0, 0, 0, 0]]
[[1, 0, 0, 0, 0, 0, 0, 0, 0, 0, 0, 0], [0, 1, 0, 0, 0, 0, 0, 0, 0, 0, 0, 0], [0, 0, 1, 0, 0, 0, 0, 0, 0, 0, 0, 0], [0, 0, 0, 1, 0, 0, 0, 0, 0, 0, 0, 0], [0, 0, 0, 0, 1, 0, 0, 0, 0, 0, 0, 0], [0, 0, 0, 0, 0, 1, 0, 0, 0, 0, 0, 0], [0, 0, 0, 0, 0, 0, 1, 0, 0, 0, 0, 0], [0, 0, 0, 0, 0, 0, 0, 1, 0, 0, 0, 0], [0, 0, 0, 0, 0, 0, 0, 0, 1, 0, 0, 0], [0, 0, 0, 0, 0, 0, 0, 0, 0, 1, 0, 0], [0, 0, 0, 0, 0, 0, 0, 0, 0, 0, 1, 0], [0, 0, 0, 0, 0, 0, 0, 0, 0, 0, 0, 1]]
[[-1, 0, 0, 0, -1, -1, 0, -2, -1, -1, -1, 0], [3, 2, -2, 0, 2, -1, -1, 0, 1, 2, 1, 1], [0, 0, 1, 0, 0, 0, 0, 0, 0, 0, 0, 0], [0, 0, 0, 0, 0, 1, 0, 1, 1, 0, 0, 0], [0, 0, 0, -1, 1, 1, 0, 1, 1, 0, 0, 0], [0, 0, 0, 0, 0, 1, 0, 0, 0, 0, 0, 0], [0, 0, 0, 0, 0, 0, 1, 0, 0, 0, 0, 0], [1, 1, -2, 0, 1, -2, -1, -1, 0, 1, 0, 1], [-1, -1, 2, 1, -1, 1, 1, 1, 0, -1, 0, -1], [-3, -1, 2, 0, -2, 1, 1, 0, -1, -1, -1, -1], [2, 0, 0, 0, 1, 1, 0, 2, 1, 1, 2, 0], [2, 0, 0, 1, 1, 0, 0, 1, 0, 1, 1, 1]]
[[1, 0, 0, 0, 0, 0, 0, 0, 0, 0, 0, 0], [0, 1, 0, 0, 0, 0, 0, 0, 0, 0, 0, 0], [0, 0, 1, 0, 0, 0, 0, 0, 0, 0, 0, 0], [0, 0, 0, 1, 0, 0, 0, 0, 0, 0, 0, 0], [0, 0, 0, 0, 1, 0, 0, 0, 0, 0, 0, 0], [0, 0, 0, 0, 0, 1, 0, 0, 0, 0, 0, 0], [0, 0, 0, 0, 0, 0, 1, 0, 0, 0, 0, 0], [0, 0, 0, 0, 0, 0, 0, 1, 0, 0, 0, 0], [0, 0, 0, 0, 0, 0, 0, 0, 1, 0, 0, 0], [0, 0, 0, 0, 0, 0, 0, 0, 0, 1, 0, 0], [0, 0, 0, 0, 0, 0, 0, 0, 0, 0, 1, 0], [0, 0, 0, 0, 0, 0, 0, 0, 0, 0, 0, 1]]
[[1, 0, 0, 0, 0, 0, 0, 0, 0, 0, 0, 0], [-2, -1, 1, 0, -1, 1, 1, 0, -1, -1, 0, -1], [-2, -2, 2, 0, -1, 1, 1, 1, -1, -1, 0, -1], [2, 2, -1, 1, 1, -1, -1, 0, 1, 1, 0, 1], [-4, -2, 2, 0, -2, 1, 0, 0, -2, -1, -1, -1], [0, 0, 0, 0, 0, 1, 0, 1, 0, 0, 0, 0], [2, 2, -1, 0, 1, -1, 0, -1, 1, 1, 0, 1], [0, 0, 0, 0, 0, 0, 0, -1, 0, 0, 0, 0], [0, 0, 0, 0, 0, 0, 0, 1, 1, 0, 0, 0], [0, 0, 0, 0, 0, 0, 0, 0, 0, 1, 0, 0], [0, 0, 0, 0, 0, 0, 0, 1, 0, 0, 1, 0], [4, 2, -2, 0, 3, -1, 0, 0, 2, 1, 1, 2]]
[[0, 0, 1, 0, -1, 1, 0, 1, 0, 0, 0, 0], [1, 1, -1, 0, 1, -1, 0, -1, 0, 0, 0, 0], [0, 0, 1, 0, 0, 0, 0, 0, 0, 0, 0, 0], [0, 0, 0, 1, 0, 0, 0, 0, 0, 0, 0, 0], [0, 0, 0, 0, 1, 0, 0, 0, 0, 0, 0, 0], [0, 0, 0, 0, 0, 1, 0, 0, 0, 0, 0, 0], [0, 0, 0, 0, 0, 0, 1, 0, 0, 0, 0, 0], [1, 0, -1, 0, 1, -1, 0, 0, 0, 0, 0, 0], [0, 0, 0, 0, 0, 0, 0, 0, 1, 0, 0, 0], [0, 0, 0, 0, 0, 0, 0, 0, 0, 1, 0, 0], [0, 0, 0, 0, 0, 0, 0, 0, 0, 0, 1, 0], [1, 0, -1, 0, 1, -1, 0, -1, 0, 0, 0, 1]]
[[1, 0, 0, 0, 0, 0, 0, 0, 0, 0, 0, 0], [0, 1, 0, 0, 0, 0, 0, 0, 0, 0, 0, 0], [0, 0, 1, 0, 0, 0, 0, 0, 0, 0, 0, 0], [0, 0, 0, 1, 0, 0, 0, 0, 0, 0, 0, 0], [0, 0, 0, 0, 1, 0, 0, 0, 0, 0, 0, 0], [0, 0, 0, 0, 0, 1, 0, 0, 0, 0, 0, 0], [0, 0, 0, 0, 0, 0, 1, 0, 0, 0, 0, 0], [0, 0, 0, 0, 0, 0, 0, 1, 0, 0, 0, 0], [0, 0, 0, 0, 0, 0, 0, 0, 1, 0, 0, 0], [0, 0, 0, 0, 0, 0, 0, 0, 0, 1, 0, 0], [0, 0, 0, 0, 0, 0, 0, 0, 0, 0, 1, 0], [0, 0, 0, 0, 0, 0, 0, 0, 0, 0, 0, 1]]
[[-1, 0, 0, 0, -1, -1, 0, -2, -1, -1, -1, 0], [3, 2, -2, 0, 2, -1, -1, 0, 1, 2, 1, 1], [0, 0, 1, 0, 0, 0, 0, 0, 0, 0, 0, 0], [0, 0, 0, 0, 0, 1, 0, 1, 1, 0, 0, 0], [0, 0, 0, -1, 1, 1, 0, 1, 1, 0, 0, 0], [0, 0, 0, 0, 0, 1, 0, 0, 0, 0, 0, 0], [0, 0, 0, 0, 0, 0, 1, 0, 0, 0, 0, 0], [1, 1, -2, 0, 1, -2, -1, -1, 0, 1, 0, 1], [-1, -1, 2, 1, -1, 1, 1, 1, 0, -1, 0, -1], [-3, -1, 2, 0, -2, 1, 1, 0, -1, -1, -1, -1], [2, 0, 0, 0, 1, 1, 0, 2, 1, 1, 2, 0], [2, 0, 0, 1, 1, 0, 0, 1, 0, 1, 1, 1]]
[[2, 1, 0, 1, 0, 0, -1, 1, 0, 2, 1, 1], [-4, -1, 1, -1, -2, 1, 1, -1, -1, -2, -2, -2], [-3, -1, 1, -1, -1, 1, 1, -1, -1, -1, -2, -1], [3, 1, -1, 1, 2, -1, 0, 0, 1, 0, 1, 1], [-4, -2, 1, -1, -1, 1, 1, -1, -1, -2, -2, -2], [0, 0, 0, 0, 0, 1, 0, 0, 0, 0, 0, 0], [3, 1, 0, 1, 1, -1, 0, 1, 1, 1, 2, 1], [-1, -1, 1, 0, -1, 0, 0, 1, 0, -1, 0, -1], [4, 2, -2, 0, 3, -1, 0, 0, 2, 1, 1, 2], [3, 1, -1, 0, 2, -1, 0, 0, 1, 1, 1, 1], [-3, -1, 0, -1, -1, 1, 1, -1, -1, -1, -1, -1], [-1, -1, 1, 0, -1, 0, 0, 0, 0, -1, 0, 0]]
[[1, 0, 0, 0, 0, 0, 0, 0, 0, 0, 0, 0], [0, 1, 0, 0, 0, 0, 0, 0, 0, 0, 0, 0], [0, 0, 1, 0, 0, 0, 0, 0, 0, 0, 0, 0], [0, 0, 0, 1, 0, 0, 0, 0, 0, 0, 0, 0], [0, 0, 0, 0, 1, 0, 0, 0, 0, 0, 0, 0], [0, 0, 0, 0, 0, 1, 0, 0, 0, 0, 0, 0], [0, 0, 0, 0, 0, 0, 1, 0, 0, 0, 0, 0], [0, 0, 0, 0, 0, 0, 0, 1, 0, 0, 0, 0], [0, 0, 0, 0, 0, 0, 0, 0, 1, 0, 0, 0], [0, 0, 0, 0, 0, 0, 0, 0, 0, 1, 0, 0], [0, 0, 0, 0, 0, 0, 0, 0, 0, 0, 1, 0], [0, 0, 0, 0, 0, 0, 0, 0, 0, 0, 0, 1]]
[[1, 0, 1, 0, 0, 2, 1, 2, 1, 0, 1, 0], [0, 1, -1, 0, 0, -1, -1, -1, 0, 0, -1, 0], [2, 2, -2, 0, 1, -1, -1, -1, 1, 1, 0, 1], [0, 0, 0, 1, 0, -1, 0, -1, -1, 0, 0, 0], [2, 2, -3, 0, 2, -2, -1, -2, 0, 1, 0, 1], [0, 0, 0, 0, 0, 0, 0, -1, -1, 0, 0, 0], [-2, -2, 2, 0, -1, 1, 1, 1, 0, -1, -1, -1], [0, 0, 0, 0, 0, 0, 0, 1, 0, 0, 0, 0], [0, 0, 0, 0, 0, -1, 0, -1, 0, 0, 0, 0], [0, 0, 0, 0, 0, 0, 0, 0, 0, 1, 0, 0], [0, 0, -1, 0, 0, -1, -1, -1, 0, 0, 0, 0], [-2, -2, 2, 0, -1, 0, 0, 0, -1, -1, -1, 0]]
[[0, 1, -1, -1, 0, 0, 0, 0, 0, 0, 0, 0], [1, 0, 1, 1, 0, 0, 0, 0, 0, 0, 0, 0], [0, 0, 1, 0, 0, 0, 0, 0, 0, 0, 0, 0], [0, 0, 0, 1, 0, 0, 0, 0, 0, 0, 0, 0], [1, -1, 1, 1, 1, 0, 0, 0, 0, 0, 0, 0], [3, 1, -1, 1, 2, -1, 0, 0, 1, 0, 1, 1], [-3, -1, 1, -1, -2, 2, 1, 1, -1, 0, 0, -1], [0, 0, 0, 0, 0, 0, 0, 0, 0, 0, -1, 0], [0, 0, 0, 0, 0, 0, 0, 1, 1, 0, 1, 0], [0, 0, 0, 0, 0, 0, 0, 1, 0, 1, 1, 0], [0, 0, 0, 0, 0, 0, 0, -1, 0, 0, 0, 0], [0, 0, 0, 0, 0, 0, 0, 0, 0, 0, 0, 1]]
[[1, 0, 0, 0, 0, 0, 0, 0, 0, 0, 0, 0], [0, 1, 0, 0, 0, 0, 0, 0, 0, 0, 0, 0], [0, 0, 1, 0, 0, 0, 0, 0, 0, 0, 0, 0], [0, 0, 0, 1, 0, 0, 0, 0, 0, 0, 0, 0], [0, 0, 0, 0, 1, 0, 0, 0, 0, 0, 0, 0], [0, 0, 0, 0, 0, 1, 0, 0, 0, 0, 0, 0], [0, 0, 0, 0, 0, 0, 1, 0, 0, 0, 0, 0], [0, 0, 0, 0, 0, 0, 0, 1, 0, 0, 0, 0], [0, 0, 0, 0, 0, 0, 0, 0, 1, 0, 0, 0], [0, 0, 0, 0, 0, 0, 0, 0, 0, 1, 0, 0], [0, 0, 0, 0, 0, 0, 0, 0, 0, 0, 1, 0], [0, 0, 0, 0, 0, 0, 0, 0, 0, 0, 0, 1]]
[[1, 0, 0, 0, 0, 0, 0, 0, 0, 0, 0, 0], [0, 1, 0, 0, 0, 0, 0, 0, 0, 0, 0, 0], [0, 0, 1, 0, 0, 0, 0, 0, 0, 0, 0, 0], [0, 0, 0, 1, 0, 0, 0, 0, 0, 0, 0, 0], [0, 0, 0, 0, 1, 0, 0, 0, 0, 0, 0, 0], [0, 0, 0, 0, 0, 1, 0, 0, 0, 0, 0, 0], [0, 0, 0, 0, 0, 0, 1, 0, 0, 0, 0, 0], [0, 0, 0, 0, 0, 0, 0, 1, 0, 0, 0, 0], [0, 0, 0, 0, 0, 0, 0, 0, 1, 0, 0, 0], [0, 0, 0, 0, 0, 0, 0, 0, 0, 1, 0, 0], [0, 0, 0, 0, 0, 0, 0, 0, 0, 0, 1, 0], [0, 0, 0, 0, 0, 0, 0, 0, 0, 0, 0, 1]]
[[1, 0, 0, 0, 0, 0, 0, 0, 0, 0, 0, 0], [-1, 0, 1, 0, 0, 0, 0, 0, 0, 0, -1, 0], [0, 0, 1, 0, 0, 0, 0, 0, 0, 0, 0, 0], [-3, -1, 0, -1, -1, 1, 1, -1, -1, -1, -1, -1], [1, 1, -1, 0, 2, -1, 0, -1, 0, 1, 0, 1], [1, 1, -1, 0, 1, 0, 0, -1, 0, 1, 0, 1], [-2, -2, 2, 0, -2, 2, 1, 2, 0, -2, 0, -2], [0, 0, 0, 0, 0, 0, 0, 1, 0, 0, 0, 0], [1, 1, -1, 0, 0, 0, 0, 0, 1, 0, 1, 0], [0, 0, 0, 0, -1, 1, 0, 1, 0, 0, 1, -1], [-1, -1, 1, 0, 0, 0, 0, 0, 0, 0, 0, 0], [-1, -1, 1, 0, -1, 1, 0, 1, 0, -1, 0, 0]]
[[1, 0, 0, 0, 0, 0, 0, 0, 0, 0, 0, 0], [-1, 0, 0, -1, 0, 0, 0, 0, 0, 0, 0, 0], [0, 0, 1, 0, 0, 0, 0, 0, 0, 0, 0, 0], [-1, -1, 0, 0, 0, 0, 0, 0, 0, 0, 0, 0], [-1, -1, 0, -1, 1, 0, 0, 0, 0, 0, 0, 0], [-1, -1, 0, -1, 0, 1, 0, 0, 0, 0, 0, 0], [1, 1, 0, 1, 0, 0, 1, 0, 0, 0, 0, 0], [0, 0, 0, 0, 0, 0, 0, 1, 0, 0, 0, 0], [1, 1, 0, 1, 0, 0, 0, 0, 1, 0, 0, 0], [1, 1, 0, 1, 0, 0, 0, 0, 0, 1, 0, 0], [0, 0, 0, 0, 0, 0, 0, 0, 0, 0, 1, 0], [1, 1, 0, 1, 0, 0, 0, 0, 0, 0, 0, 1]]
[[1, 0, 0, 0, 0, 0, 0, 0, 0, 0, 0, 0], [-3, -1, 2, 0, -2, 1, 0, 0, -1, -1, -1, -1], [0, 0, 1, 0, 0, 0, 0, 0, 0, 0, 0, 0], [3, 2, -2, 1, 2, -1, 0, 0, 1, 1, 1, 1], [0, 0, 0, 0, 1, 0, 0, 0, 0, 0, 0, 0], [3, 2, -2, 0, 2, 0, 0, 0, 1, 1, 1, 1], [-3, -2, 2, 0, -2, 1, 1, 0, -1, -1, -1, -1], [-3, -2, 2, 0, -2, 1, 0, 1, -1, -1, -1, -1], [3, 2, -2, 0, 2, -1, 0, 0, 2, 1, 1, 1], [0, 0, 0, 0, 0, 0, 0, 0, 0, 1, 0, 0], [0, 0, 0, 0, 0, 0, 0, 0, 0, 0, 1, 0], [0, 0, 0, 0, 0, 0, 0, 0, 0, 0, 0, 1]]
[[1, 0, 0, 0, 0, 0, 0, 0, 0, 0, 0, 0], [0, 1, 0, 0, 0, 0, 0, 0, 0, 0, 0, 0], [0, 0, 1, 0, 0, 0, 0, 0, 0, 0, 0, 0], [0, 0, 0, 1, 0, 0, 0, 0, 0, 0, 0, 0], [0, 0, 0, 0, 1, 0, 0, 0, 0, 0, 0, 0], [0, 0, 0, 0, 0, 1, 0, 0, 0, 0, 0, 0], [0, 0, 0, 0, 0, 0, 1, 0, 0, 0, 0, 0], [0, 0, 0, 0, 0, 0, 0, 1, 0, 0, 0, 0], [0, 0, 0, 0, 0, 0, 0, 0, 1, 0, 0, 0], [0, 0, 0, 0, 0, 0, 0, 0, 0, 1, 0, 0], [0, 0, 0, 0, 0, 0, 0, 0, 0, 0, 1, 0], [0, 0, 0, 0, 0, 0, 0, 0, 0, 0, 0, 1]]
[[-1, 0, 0, 0, -1, -1, 0, -1, 0, -1, -1, -1], [3, 1, -1, 0, 2, 0, 0, 1, 1, 1, 2, 1], [0, 0, 1, 0, 0, 0, 0, 0, 0, 0, 0, 0], [1, 0, 0, 1, 0, 0, -1, 1, 0, 1, 1, 1], [1, 0, 0, 0, 1, 0, -1, 1, 0, 1, 1, 1], [-1, 0, 0, 0, -1, 0, -1, 0, 0, 0, 0, 0], [0, 0, 0, 0, 0, 0, 1, 0, 0, 0, 0, 0], [2, 0, -1, 0, 2, 0, 1, 1, 1, 0, 1, 0], [-1, 0, 1, 0, -1, 1, 0, 0, 0, 0, -1, 0], [0, 0, 0, 0, 0, 0, 0, 0, 0, 1, 0, 0], [-1, 0, 1, 0, -1, 1, 0, 0, -1, 0, 0, 0], [-1, 0, 0, 0, 0, 0, 1, -1, 0, -1, -1, 0]]
[[1, 0, 0, 0, 0, 0, 0, 0, 0, 0, 0, 0], [0, 1, 0, 0, 0, 0, 0, 0, 0, 0, 0, 0], [0, 0, 1, 0, 0, 0, 0, 0, 0, 0, 0, 0], [0, 0, 0, 1, 0, 0, 0, 0, 0, 0, 0, 0], [0, 0, 0, 0, 1, 0, 0, 0, 0, 0, 0, 0], [0, 0, 0, 0, 0, 1, 0, 0, 0, 0, 0, 0], [0, 0, 0, 0, 0, 0, 1, 0, 0, 0, 0, 0], [0, 0, 0, 0, 0, 0, 0, 1, 0, 0, 0, 0], [0, 0, 0, 0, 0, 0, 0, 0, 1, 0, 0, 0], [0, 0, 0, 0, 0, 0, 0, 0, 0, 1, 0, 0], [0, 0, 0, 0, 0, 0, 0, 0, 0, 0, 1, 0], [0, 0, 0, 0, 0, 0, 0, 0, 0, 0, 0, 1]]
[[-1, 0, 0, 0, -1, -1, 0, -2, -1, -1, -1, 0], [1, 1, 0, 0, 1, 1, 1, 1, 1, 0, 0, 0], [-3, -1, 1, -1, -1, 1, 1, -1, -1, -1, -2, -1], [1, 0, 0, 1, 0, 0, -1, 1, 0, 1, 1, 0], [1, 0, 0, 0, 2, 1, 1, 1, 1, 0, 0, 0], [0, 0, 0, 0, 0, 1, 0, 0, 0, 0, 0, 0], [0, 0, 0, 0, -1, -1, -1, 0, -1, 1, 1, 0], [2, 1, 0, 1, 1, -1, 0, 1, 1, 0, 1, 1], [-3, -1, 0, -1, -2, 0, -1, -1, -1, 0, -1, -1], [-1, 0, 0, 0, -1, -1, -1, -1, -1, 1, 0, 0], [-1, -1, 0, -1, 0, 2, 1, 1, 0, 0, 0, -1], [1, 0, 0, 0, 0, 0, -1, 1, 0, 1, 1, 1]]
[[1, 0, 0, 0, 0, 0, 0, 0, 0, 0, 0, 0], [2, 1, -1, 1, 1, -1, -1, 0, 0, 1, 1, 1], [3, 1, -1, 1, 1, -1, -1, 1, 1, 1, 2, 1], [-2, 0, 1, 0, -1, 1, 1, 0, 0, -1, -1, -1], [1, 1, -1, 0, 1, 0, 0, 1, 1, 0, 1, 0], [2, 2, -2, 0, 1, 0, 0, 0, 1, 1, 1, 0], [-2, -2, 2, 0, -1, 1, 1, 0, -1, -1, -1, 0], [-1, -1, 1, 0, 0, 0, 0, 0, -1, 0, -1, 0], [0, 0, 0, 0, 0, 0, 0, 0, 1, 0, 0, 0], [-1, -1, 1, 0, -1, 1, 0, 1, 0, 0, 0, 0], [0, 0, 0, 0, 0, 0, 0, 0, 0, 0, 1, 0], [1, 1, -1, 0, 1, -1, 0, -1, 0, 1, 0, 1]]
[[1, 0, 0, 0, 0, 0, 0, 0, 0, 0, 0, 0], [0, 1, 0, 0, 0, 0, 0, 0, 0, 0, 0, 0], [0, 0, 1, 0, 0, 0, 0, 0, 0, 0, 0, 0], [0, 0, 0, 1, 0, 0, 0, 0, 0, 0, 0, 0], [0, 0, 0, 0, 1, 0, 0, 0, 0, 0, 0, 0], [0, 0, 0, 0, 0, 1, 0, 0, 0, 0, 0, 0], [0, 0, 0, 0, 0, 0, 1, 0, 0, 0, 0, 0], [0, 0, 0, 0, 0, 0, 0, 1, 0, 0, 0, 0], [0, 0, 0, 0, 0, 0, 0, 0, 1, 0, 0, 0], [0, 0, 0, 0, 0, 0, 0, 0, 0, 1, 0, 0], [0, 0, 0, 0, 0, 0, 0, 0, 0, 0, 1, 0], [0, 0, 0, 0, 0, 0, 0, 0, 0, 0, 0, 1]]
[[2, 0, 0, 0, 1, 1, 1, 1, 1, 0, 1, 0], [0, 1, 0, 0, 0, 0, 0, 0, 0, 0, 0, 0], [0, 0, 1, 0, 0, 0, 0, 0, 0, 0, 0, 0], [-1, 0, 0, 1, -1, -1, -1, -1, -1, 0, -1, 0], [-1, 0, 0, 0, 0, -1, -1, -1, -1, 0, -1, 0], [-1, 0, 0, 0, -1, 0, -1, -1, -1, 0, -1, 0], [0, 0, 0, 0, 0, 0, 1, 0, 0, 0, 0, 0], [1, 0, 0, 0, 1, 1, 1, 2, 1, 0, 1, 0], [-1, 0, 0, 0, -1, -1, -1, -1, 0, 0, -1, 0], [0, 0, 0, 0, 0, 0, 0, 0, 0, 1, 0, 0], [-1, 0, 0, 0, -1, -1, -1, -1, -1, 0, 0, 0], [0, 0, 0, 0, 0, 0, 0, 0, 0, 0, 0, 1]]
[[1, 0, 0, 0, 0, 0, 0, 0, 0, 0, 0, 0], [0, 1, 0, 0, 0, 0, 0, 0, 0, 0, 0, 0], [0, 0, 1, 0, 0, 0, 0, 0, 0, 0, 0, 0], [0, 0, 0, 1, 0, 0, 0, 0, 0, 0, 0, 0], [0, 0, 0, 0, 1, 0, 0, 0, 0, 0, 0, 0], [0, 0, 0, 0, 0, 1, 0, 0, 0, 0, 0, 0], [0, 0, 0, 0, 0, 0, 1, 0, 0, 0, 0, 0], [0, 0, 0, 0, 0, 0, 0, 1, 0, 0, 0, 0], [0, 0, 0, 0, 0, 0, 0, 0, 1, 0, 0, 0], [0, 0, 0, 0, 0, 0, 0, 0, 0, 1, 0, 0], [0, 0, 0, 0, 0, 0, 0, 0, 0, 0, 1, 0], [0, 0, 0, 0, 0, 0, 0, 0, 0, 0, 0, 1]]
[[1, 0, 0, 0, 0, 0, 0, 0, 0, 0, 0, 0], [-3, -1, 2, 0, -2, 1, 0, 0, -1, -1, -1, -1], [0, 0, 1, 0, 0, 0, 0, 0, 0, 0, 0, 0], [3, 2, -2, 1, 2, -1, 0, 0, 1, 1, 1, 1], [0, 0, 0, 0, 1, 0, 0, 0, 0, 0, 0, 0], [3, 2, -2, 0, 2, 0, 0, 0, 1, 1, 1, 1], [-3, -2, 2, 0, -2, 1, 1, 0, -1, -1, -1, -1], [-3, -2, 2, 0, -2, 1, 0, 1, -1, -1, -1, -1], [3, 2, -2, 0, 2, -1, 0, 0, 2, 1, 1, 1], [0, 0, 0, 0, 0, 0, 0, 0, 0, 1, 0, 0], [0, 0, 0, 0, 0, 0, 0, 0, 0, 0, 1, 0], [0, 0, 0, 0, 0, 0, 0, 0, 0, 0, 0, 1]]
[[1, 0, 0, 0, 0, 0, 0, 0, 0, 0, 0, 0], [0, 1, 0, 0, 0, 0, 0, 0, 0, 0, 0, 0], [0, 0, 1, 0, 0, 0, 0, 0, 0, 0, 0, 0], [0, 0, 0, 1, 0, 0, 0, 0, 0, 0, 0, 0], [0, 0, 0, 0, 1, 0, 0, 0, 0, 0, 0, 0], [0, 0, 0, 0, 0, 1, 0, 0, 0, 0, 0, 0], [0, 0, 0, 0, 0, 0, 1, 0, 0, 0, 0, 0], [0, 0, 0, 0, 0, 0, 0, 1, 0, 0, 0, 0], [0, 0, 0, 0, 0, 0, 0, 0, 1, 0, 0, 0], [0, 0, 0, 0, 0, 0, 0, 0, 0, 1, 0, 0], [0, 0, 0, 0, 0, 0, 0, 0, 0, 0, 1, 0], [0, 0, 0, 0, 0, 0, 0, 0, 0, 0, 0, 1]]
[[1, 0, 0, 0, 0, 0, 0, 0, 0, 0, 0, 0], [0, 1, 0, 0, 0, 0, 0, 0, 0, 0, 0, 0], [0, 0, 1, 0, 0, 0, 0, 0, 0, 0, 0, 0], [0, 0, 0, 1, 0, 0, 0, 0, 0, 0, 0, 0], [0, 0, 0, 0, 1, 0, 0, 0, 0, 0, 0, 0], [-2, -2, 2, 0, -1, 2, 1, 1, -1, -1, 0, -1], [2, 2, -2, 0, 1, -1, 0, -1, 1, 1, 0, 1], [2, 2, -2, 0, 1, -1, -1, 0, 1, 1, 0, 1], [-2, -2, 2, 0, -1, 1, 1, 1, 0, -1, 0, -1], [0, 0, 0, 0, 0, 0, 0, 0, 0, 1, 0, 0], [0, 0, 0, 0, 0, 0, 0, 0, 0, 0, 1, 0], [0, 0, 0, 0, 0, 0, 0, 0, 0, 0, 0, 1]]
[[1, 0, 0, 0, 0, 0, 0, 0, 0, 0, 0, 0], [0, 1, 0, 0, 0, 0, 0, 0, 0, 0, 0, 0], [0, 0, 1, 0, 0, 0, 0, 0, 0, 0, 0, 0], [0, 0, 0, 1, 0, 0, 0, 0, 0, 0, 0, 0], [0, 0, 0, 0, 1, 0, 0, 0, 0, 0, 0, 0], [0, 0, 0, 0, 0, 1, 0, 0, 0, 0, 0, 0], [0, 0, 0, 0, 0, 0, 1, 0, 0, 0, 0, 0], [0, 0, 0, 0, 0, 0, 0, 1, 0, 0, 0, 0], [0, 0, 0, 0, 0, 0, 0, 0, 1, 0, 0, 0], [0, 0, 0, 0, 0, 0, 0, 0, 0, 1, 0, 0], [0, 0, 0, 0, 0, 0, 0, 0, 0, 0, 1, 0], [0, 0, 0, 0, 0, 0, 0, 0, 0, 0, 0, 1]]
[[1, 0, 0, 0, 0, 0, 0, 0, 0, 0, 0, 0], [0, 1, 0, 0, 0, 0, 0, 0, 0, 0, 0, 0], [0, 0, 1, 0, 0, 0, 0, 0, 0, 0, 0, 0], [0, 0, 0, 1, 0, 0, 0, 0, 0, 0, 0, 0], [0, 0, 0, 0, 1, 0, 0, 0, 0, 0, 0, 0], [0, 0, 0, 0, 0, 1, 0, 0, 0, 0, 0, 0], [0, 0, 0, 0, 0, 0, 1, 0, 0, 0, 0, 0], [0, 0, 0, 0, 0, 0, 0, 1, 0, 0, 0, 0], [0, 0, 0, 0, 0, 0, 0, 0, 1, 0, 0, 0], [0, 0, 0, 0, 0, 0, 0, 0, 0, 1, 0, 0], [0, 0, 0, 0, 0, 0, 0, 0, 0, 0, 1, 0], [0, 0, 0, 0, 0, 0, 0, 0, 0, 0, 0, 1]]

Generators of monodromy action on conics:
(43,47)(44,48)(55,59)(56,60)(67,71)(68,72)(87,91)(88,92)(97,101)(98,102)(105,113)(106,114)(107,121)(108,122)(109,123)(110,124)
(3,22)(4,21)(11,30)(12,29)(33,90)(34,89)(43,110)(44,109)(47,124)(48,123)(49,125)(50,126)(51,100)(52,99)(61,79)(62,80)
(1,80,45,107)(2,79,46,108)(3,94,38,106)(4,93,37,105)(5,83,34,91)(6,84,33,92)(7,53,63,48)(8,54,64,47)(9,128,35,124)(10,127,36,123)(11,78,58,68)(12,77,57,67)(13,61,39,59)(14,62,40,60)(15,65,52,97)(16,66,51,98)(17,86,90,101)(18,85,89,102)(19,50,117,55)(20,49,118,56)(21,119,76,72)(22,120,75,71)(23,81,111,110)(24,82,112,109)(25,42,69,44)(26,41,70,43)(27,104,100,87)(28,103,99,88)(29,73,116,114)(30,74,115,113)(31,125,95,121)(32,126,96,122)
(1,128,95)(2,127,96)(3,126,89,11,62,99)(4,125,90,12,61,100)(5,93,35,15,77,69)(6,94,36,16,78,70)(7,83,115,23,65,75)(8,84,116,24,66,76)(9,86,57,25,104,37)(10,85,58,26,103,38)(13,53,117)(14,54,118)(17,120,63,27,74,111)(18,119,64,28,73,112)(19,42,39)(20,41,40)(21,49,33,29,79,51)(22,50,34,30,80,52)(31,81,45)(32,82,46)(55,87,113,107,101,71)(56,88,114,108,102,72)(59,91,105,121,97,67)(60,92,106,122,98,68)
