
#########################################################
# DATA FOR CRYSTALLOGRAPHIC QUARTIC SURFACE FAMILY 18.4 #
#########################################################


##################
# GROUP & FAMILY #
##################

Generators of crystallographic group:
[[-1, 0, 0, 0], [0, 1, 0, 0], [0, 0, -1, 0], [0, 0, 0, 1]]
[[-1, 0, -1, 0], [0, -1, 0, -1], [0, 0, 1, 0], [0, 0, 0, 1]]
[[0, 1, 0, 1], [-1, 0, -1, 0], [0, 0, 0, -1], [0, 0, 1, 0]]

Invariant polynomials:
z^4 + w^4
-x^4 - y^4 - 2*x^3*z + x*z^3 - 2*y^3*w + y*w^3
z^2*w^2
-2*x^2*y^2 - 2*x*y^2*z - 2*x^2*y*w + y*z^2*w + x*z*w^2
x^4 + y^4 + 2*x^3*z + x^2*z^2 + 2*y^3*w + y^2*w^2
2*x^2*y^2 + 2*x*y^2*z + y^2*z^2 + 2*x^2*y*w + x^2*w^2
x^2*y^2 + x*y^2*z + x^2*y*w + x*y*z*w

Equivalent crystallographic groups:

############
# HOMOLOGY #
############


Intersection product:
[[-2, -1, 1, 1, 0, 1, 0, 0, 0, 1, 0, -1, -1, 0, 0, -1, 0, 1, 1, 0, -1, 0], [-1, -2, 1, 1, 0, 0, 0, 0, 1, 0, 1, 0, 1, 0, 0, -1, 0, 0, 1, 0, 0, 0], [1, 1, -2, 0, 0, -1, 0, -1, 0, -1, 0, 1, 0, 1, 0, 0, 1, -1, -1, -1, 1, 0], [1, 1, 0, -2, 0, 1, 0, 0, -1, 0, -1, 0, -1, -1, 0, 1, -1, 0, -1, 0, 0, 0], [0, 0, 0, 0, -2, -1, -1, -1, 1, -2, 1, 1, 1, 2, 0, -1, 1, -2, 0, -1, 1, -1], [1, 0, -1, 1, -1, -4, -1, -1, 3, -3, 3, 2, 4, 3, 0, -1, 2, -3, 0, -1, 2, -1], [0, 0, 0, 0, -1, -1, -2, -1, 1, -2, 1, 1, 1, 2, 0, -1, 1, -2, 0, -1, 1, -1], [0, 0, -1, 0, -1, -1, -1, -2, 1, -1, 1, 1, 1, 1, 0, -1, 1, -1, 0, -1, 1, 0], [0, 1, 0, -1, 1, 3, 1, 1, -4, 2, -3, -1, -4, -2, 0, 1, -1, 2, -1, 0, -1, 1], [1, 0, -1, 0, -2, -3, -2, -1, 2, -4, 2, 2, 3, 3, 0, -1, 2, -3, 0, -1, 2, -1], [0, 1, 0, -1, 1, 3, 1, 1, -3, 2, -4, -1, -4, -2, 0, 1, -1, 2, -1, 0, -1, 1], [-1, 0, 1, 0, 1, 2, 1, 1, -1, 2, -1, -2, -2, -1, 0, 0, -1, 1, 0, 0, -1, 0], [-1, 1, 0, -1, 1, 4, 1, 1, -4, 3, -4, -2, -6, -2, 1, 2, -1, 2, -1, 0, -1, 1], [0, 0, 1, -1, 2, 3, 2, 1, -2, 3, -2, -1, -2, -4, 0, 1, -2, 3, 0, 1, -2, 1], [0, 0, 0, 0, 0, 0, 0, 0, 0, 0, 0, 0, 1, 0, -2, -2, 0, 0, 0, -1, 0, 0], [-1, -1, 0, 1, -1, -1, -1, -1, 1, -1, 1, 0, 2, 1, -2, -4, 1, 0, 1, -1, 0, 0], [0, 0, 1, -1, 1, 2, 1, 1, -1, 2, -1, -1, -1, -2, 0, 1, -2, 1, 0, 0, -1, 0], [1, 0, -1, 0, -2, -3, -2, -1, 2, -3, 2, 1, 2, 3, 0, 0, 1, -4, 0, -1, 2, -1], [1, 1, -1, -1, 0, 0, 0, 0, -1, 0, -1, 0, -1, 0, 0, 1, 0, 0, -2, -1, 1, 0], [0, 0, -1, 0, -1, -1, -1, -1, 0, -1, 0, 0, 0, 1, -1, -1, 0, -1, -1, -2, 1, 0], [-1, 0, 1, 0, 1, 2, 1, 1, -1, 2, -1, -1, -1, -2, 0, 0, -1, 2, 1, 1, -2, 0], [0, 0, 0, 0, -1, -1, -1, 0, 1, -1, 1, 0, 1, 1, 0, 0, 0, -1, 0, 0, 0, -2]]

Basis of the generic Picard lattice:
[1, 0, 0, 0, 0, 0, 0, 0, 0, 0, 0, 0, 0, 0, 0, -1, -1, 1, 0, 0, 2, 0]
[0, 1, 0, 0, 0, 0, 0, 0, 0, 0, 0, 0, 0, 0, 0, -2, -2, 1, -1, 1, 4, 0]
[0, 0, 1, 0, 0, 0, 0, 0, 0, 0, 0, 0, 0, 0, 0, -1, 0, 0, -1, 1, 0, 1]
[0, 0, 0, 1, 0, 0, 0, 0, 0, 0, 0, 0, 0, 0, 0, 2, 2, -1, 2, -1, -5, 0]
[0, 0, 0, 0, 1, 0, 0, 0, 0, 0, 0, 0, 0, 0, 0, -2, -2, 2, -1, 1, 5, -1]
[0, 0, 0, 0, 0, 1, 0, 0, 0, 0, 0, 0, 0, 0, 0, -3, -2, 1, -2, 3, 5, 0]
[0, 0, 0, 0, 0, 0, 1, 0, 0, 0, 0, 0, 0, 0, 0, -1, 0, 0, -1, 1, 0, 0]
[0, 0, 0, 0, 0, 0, 0, 1, 0, 0, 0, 0, 0, 0, 0, -2, -2, 1, -2, 1, 5, 0]
[0, 0, 0, 0, 0, 0, 0, 0, 1, 0, 0, 0, 0, 0, 0, 2, 2, -1, 0, -2, -5, 1]
[0, 0, 0, 0, 0, 0, 0, 0, 0, 1, 0, 0, 0, 0, 0, -3, -2, 2, -2, 2, 6, -1]
[0, 0, 0, 0, 0, 0, 0, 0, 0, 0, 1, 0, 0, 0, 0, 1, 0, 1, 0, -2, 0, 0]
[0, 0, 0, 0, 0, 0, 0, 0, 0, 0, 0, 1, 0, 0, 0, 2, 2, -2, 2, -1, -7, 1]
[0, 0, 0, 0, 0, 0, 0, 0, 0, 0, 0, 0, 1, 0, 0, 1, 0, 0, -1, -2, -1, 1]
[0, 0, 0, 0, 0, 0, 0, 0, 0, 0, 0, 0, 0, 1, 0, 2, 1, 0, 2, -2, -3, 0]
[0, 0, 0, 0, 0, 0, 0, 0, 0, 0, 0, 0, 0, 0, 1, -1, 0, 0, 0, 1, -1, 0]

Class of hyperplane section:
[-4, 0, 0, 1, 1, 1, 1, -3, -3, -1, -3, -2, 5, 0, 0, 1, 0, -3, -3, 3, 0, 0]

Action of the group on homology:
[[1, 0, 0, -1, 0, 0, 0, 1, -1, 0, -1, -1, -2, 0, 1, 3, -1, 0, -1, 0, 0, 0], [0, 0, 0, 0, 0, 0, 0, 0, 0, 0, 0, 0, -1, 0, 1, 2, -1, 0, -1, 0, 0, -1], [0, -1, 1, 1, 0, 0, 0, -1, 1, 0, 1, 1, 1, 0, 0, -1, 0, 0, 0, 0, 0, -1], [0, 1, 0, -2, 0, 1, 0, 1, -2, 1, -2, -1, -2, -2, 0, 2, -2, 2, -1, 1, -1, 0], [-1, -1, 1, 2, 0, 0, 0, -1, 1, 0, 2, 1, 1, 1, 0, -2, 1, -1, 1, 0, 0, -1], [0, 1, 0, -1, -1, 0, -1, 0, 0, -1, 0, 0, 0, 1, 0, 0, 0, -1, 0, 0, 0, -1], [-1, -1, 1, 2, 0, 0, 0, -1, 2, 0, 1, 1, 1, 1, 0, -2, 1, -1, 1, 0, 0, -1], [2, 1, -2, -1, 0, -2, 0, 1, 0, -2, 0, 0, 0, 1, 1, 3, 0, -2, -1, -1, 1, 0], [1, 0, -1, 0, -1, -2, 0, 0, 1, -2, 1, 0, 0, 2, 1, 2, 0, -2, -1, -1, 1, -1], [1, 1, -1, -1, 1, 0, 1, 1, -1, 1, -1, -1, 0, -1, 0, 1, 0, 1, 0, 0, 0, 2], [1, 0, -1, 0, 0, -2, -1, 0, 1, -2, 1, 0, 0, 2, 1, 2, 0, -2, -1, -1, 1, -1], [1, 0, -1, 1, 0, -2, 0, 0, 1, -2, 1, 1, 1, 2, 1, 1, 1, -2, 0, -1, 1, 0], [-1, 1, 1, -1, 0, 2, 0, 0, -1, 2, -1, 0, 1, -2, -2, -3, 0, 2, 1, 1, -1, 1], [0, 0, 0, 1, 0, 0, 0, -1, 1, 0, 1, 1, 1, 1, 0, -1, 1, -1, 1, 0, 0, 0], [1, 1, -1, -1, 0, 0, 0, 0, -1, 0, -1, 0, -1, 0, 0, 1, 0, -1, -1, -1, 1, 1], [-1, 0, 1, 0, 0, 1, 0, 0, 0, 1, 0, 0, 1, -1, -1, -2, 0, 2, 1, 1, -1, 0], [0, 0, 0, 0, 0, 0, 0, 0, 0, 0, 0, 0, 1, 0, -1, -2, 1, 1, 0, 0, 0, 0], [0, 0, 0, 0, 0, 0, 0, 0, 0, 0, 0, 0, -1, 0, 1, 2, 0, 0, 0, 0, 0, 0], [-1, -1, 1, 0, 1, 2, 1, 1, -1, 2, -1, -1, -2, -2, 1, 2, -1, 2, 1, 1, -1, 1], [0, 0, 0, 0, 0, 0, 0, 0, 0, 0, 0, 0, 0, 0, 0, 0, 0, 0, 0, 1, 0, 0], [-1, 0, 1, -1, 1, 2, 1, 1, -1, 2, -1, -1, -2, -3, 2, 3, -1, 2, 1, 2, -1, 1], [1, 0, -1, 0, -1, -2, -1, -1, 1, -2, 1, 1, 1, 2, 0, 0, 0, -2, -1, -1, 1, -1]]
[[1, 0, 0, 0, -1, 0, -1, -1, 1, -1, -1, 0, -1, 2, 1, 0, 1, -1, 0, 0, 0, -1], [0, 0, 1, 0, -1, 0, -1, -1, 1, -1, 0, 1, 0, 1, 1, 0, 0, -1, 0, 0, 0, -1], [0, 0, 1, 0, 0, 1, 1, 1, -1, 1, -1, 0, -1, -1, 0, 1, -1, 1, 0, 1, -1, 0], [0, 0, 0, 0, 0, 0, -1, 0, 0, 0, -1, 0, -1, 0, 0, 1, -1, 0, -1, 0, 0, -1], [0, -1, 1, 1, 0, 0, 1, 0, 0, 0, 1, 1, 1, 0, 0, -1, 0, 0, 0, 0, 0, 0], [0, 0, 0, 0, 0, -1, -1, 0, 1, -1, 1, 0, 1, 1, 0, 0, 0, -1, -1, -1, 1, -1], [0, -1, 1, 0, 0, 0, 1, 0, 0, 0, 1, 1, 1, -1, 0, 0, -1, 0, 0, 0, 0, 0], [0, 0, 0, 0, -1, 0, -2, -2, 2, -2, 0, 0, 0, 3, 1, -2, 3, -2, 1, -1, 1, 0], [0, -1, 1, 1, -2, -1, -2, -2, 3, -3, 1, 1, 1, 4, 1, -2, 2, -3, 1, -1, 1, -1], [0, 1, -1, 0, 1, 0, 0, 0, 0, 1, 0, -1, 0, 0, 0, 0, 1, 0, 1, 0, 0, 1], [1, 0, 0, 0, -2, -1, -2, -2, 2, -3, 0, 1, 0, 4, 1, -1, 2, -3, 0, -1, 1, -1], [0, 0, 0, 1, -1, -1, -1, -2, 2, -2, 1, 1, 1, 3, 1, -2, 3, -2, 1, -1, 1, 0], [-1, 1, -1, -1, 3, 1, 2, 3, -3, 4, 0, -2, 0, -5, -2, 2, -3, 4, -1, 1, -1, 1], [0, 0, 0, 0, 1, 0, 1, 0, 0, 1, 1, 0, 1, -1, 0, 0, 0, 1, 0, 0, 0, 1], [0, 1, -1, -1, 1, 1, 0, 0, -1, 1, -1, -1, -1, -1, 0, 0, 0, 1, 0, 0, 0, 1], [0, 0, 0, 0, 0, 0, 1, 1, -1, 1, 0, 0, 0, -1, -1, 1, -1, 1, -1, 0, 0, 0], [0, 0, 0, 0, 0, 0, 0, 1, -1, 0, 0, 0, 0, 0, -1, 0, 0, 0, 0, 0, 0, 0], [1, 0, 0, 0, -1, 0, 0, -1, 1, -1, -1, 1, 0, 1, 1, 0, 1, 0, 0, 0, 0, 0], [1, 0, 0, 0, -1, 0, 1, -1, 1, 0, -1, 1, 0, 0, 1, 0, 1, 0, 0, 0, 0, 0], [0, 0, 0, 0, 1, -1, 0, 1, 0, 0, 1, 0, 1, -1, 0, 1, -1, 0, 0, 1, 0, 0], [1, 0, 0, 0, 0, 0, 1, 0, 1, 0, -1, 1, 0, -1, 2, 2, 0, 0, 0, 1, 0, 0], [-1, 0, 0, 0, 0, 0, -1, 0, 0, 0, 0, -1, -1, 1, 0, 0, 0, 0, 0, 0, 0, 0]]
[[0, -1, 1, 1, 0, 1, 0, -1, 0, 1, 0, 0, 0, 0, -1, -2, 0, 1, 1, 0, -1, 0], [0, -1, 1, 1, 0, 0, 0, -1, 1, 0, 1, 1, 1, 0, 0, -1, 0, 0, 0, 0, 0, -1], [0, 0, 0, 0, 0, 0, 0, 0, 0, 0, 0, 0, -1, 0, 1, 2, -1, 0, -1, 0, 0, -1], [-1, 0, 1, 0, 0, 1, 0, 1, -1, 1, -1, -1, -1, -1, 0, 0, -1, 2, 0, 1, -1, 0], [0, 0, 0, 0, 0, -1, -1, -1, 1, -1, 1, 1, 0, 1, 1, 1, 0, -2, -1, -1, 1, -1], [0, 0, 1, 0, 0, 0, 0, 1, 0, 0, 0, 0, 1, 0, -1, -1, 0, 0, 0, 0, 0, 0], [0, 0, 0, 0, -1, -1, 0, -1, 1, -1, 1, 1, 0, 1, 1, 1, 0, -2, -1, -1, 1, -1], [0, -2, 1, 2, 0, 1, 0, -2, 1, 0, 1, 1, 2, 1, -2, -5, 2, 0, 2, -1, 0, 1], [0, -2, 1, 2, 0, 0, 0, -2, 2, 0, 1, 1, 2, 1, -2, -4, 1, 0, 1, -1, 0, 0], [1, 1, -1, -1, 1, 1, 1, 1, -1, 1, -1, -1, 0, -1, 0, 0, 1, 1, 1, 1, 0, 2], [0, -2, 1, 2, 0, 0, 0, -2, 1, 0, 2, 1, 2, 1, -2, -4, 1, 0, 1, -1, 0, 0], [1, -1, 0, 1, 0, 0, 0, -2, 1, -1, 1, 2, 2, 1, -1, -3, 2, -1, 1, -1, 1, 1], [0, 3, -1, -3, 0, 0, 0, 4, -2, 0, -2, -2, -2, -1, 2, 5, -1, 0, -1, 2, 0, 0], [1, 0, 0, 0, 0, -1, 0, 0, 1, -1, 1, 1, 1, 1, 1, 1, 1, -2, 0, 0, 1, 0], [0, 0, 0, 1, 0, 0, 0, 0, 0, 0, 0, 0, 0, 1, 0, -1, 1, -1, 1, 0, 0, 0], [0, 1, 0, -2, 0, 0, 0, 2, -1, 0, -1, -1, -1, -1, 1, 3, -1, 1, -1, 1, 0, 0], [0, 1, -1, -1, 0, 0, 0, 1, -1, 0, -1, -1, -1, 0, 0, 1, 0, 1, -1, 0, 0, 0], [0, -1, 1, 1, 0, 0, 0, -1, 1, 0, 1, 1, 1, 0, 0, -1, 1, 0, 1, 0, 0, 0], [0, -1, 1, 0, 0, 0, 0, -1, 1, 0, 1, 1, 1, -1, 1, 0, 0, 0, 1, 0, 0, 0], [0, 1, -1, 0, 0, -1, 0, 0, 0, 0, 0, 0, 0, 0, 0, 1, -1, 0, -1, 0, 0, 0], [-1, 0, 1, 0, 1, 1, 1, 0, 0, 2, 0, 0, 0, -3, 1, 1, -1, 2, 1, 1, -1, 1], [0, -1, 0, 1, 0, 0, 0, 0, 0, 0, 0, 0, 0, 1, -1, -1, 0, 0, 0, 0, 0, 0]]

####################
# ALGEBRAIC CURVES #
####################


There are 192 conics:
[-1, 1, 0, 2, 0, 1, 0, -2, -1, -1, -1, -2, 2, -1, 0, 0, 0, -1, -1, 2, 1, 0]
[-3, -1, 0, -1, 1, 0, 1, -1, -2, 0, -2, 0, 3, 1, 0, 1, 0, -2, -2, 1, -1, 0]
[-1, 0, -1, 1, -1, 1, -1, 0, -1, 1, -1, 0, 2, 0, 1, -1, -1, -1, -1, 2, 1, 0]
[-3, 0, 1, 0, 2, 0, 2, -3, -2, -2, -2, -2, 3, 0, -1, 2, 1, -2, -2, 1, -1, 0]
[0, 1, -1, 1, -1, 0, -1, 2, 1, 1, 1, 1, -1, -1, 1, -2, -1, 0, -1, 1, 1, 0]
[-4, -1, 1, 0, 2, 1, 2, -5, -4, -2, -4, -3, 6, 1, -1, 3, 1, -3, -2, 2, -1, 0]
[0, 1, -1, 2, -1, 1, -1, 1, 0, 0, 0, 0, 1, -1, 1, -1, -1, -1, -1, 1, 0, 1]
[-4, -1, 1, -1, 2, 0, 2, -4, -3, -1, -3, -2, 4, 1, -1, 2, 1, -2, -2, 2, 0, -1]
[-1, 0, -1, 1, -1, 1, -1, 0, 0, 1, -1, 0, 2, -1, 1, -1, 0, -2, -3, 2, -1, 1]
[-3, 0, 1, 0, 2, 0, 2, -3, -3, -2, -2, -2, 3, 1, -1, 2, 0, -1, 0, 1, 1, -1]
[-2, 0, 0, 1, 0, 0, 0, -2, -2, 0, -3, -2, 4, 0, 1, 0, 0, -2, -2, 2, 0, 0]
[-2, 0, 0, 0, 1, 1, 1, -1, -1, -1, 0, 0, 1, 0, -1, 1, 0, -1, -1, 1, 0, 0]
[-1, 1, -1, 1, 0, 1, 0, 0, 0, 0, -1, 0, 1, 0, 0, -1, -1, -1, -1, 2, 1, 0]
[-3, -1, 1, 0, 1, 0, 1, -3, -3, -1, -2, -2, 4, 0, 0, 2, 1, -2, -2, 1, -1, 0]
[-2, 0, 1, 0, 1, 0, 1, -2, -2, -1, -1, -1, 2, 0, -1, 1, 0, -1, -1, 1, 1, 0]
[-2, 0, -1, 1, 0, 1, 0, -1, -1, 0, -2, -1, 3, 0, 1, 0, 0, -2, -2, 2, -1, 0]
[0, 1, 0, 1, 0, 0, -1, 0, 0, 0, 0, 0, 0, -1, 0, -1, -1, 0, 0, 1, 2, 0]
[-4, -1, 0, 0, 1, 1, 2, -3, -3, -1, -3, -2, 5, 1, 0, 2, 1, -3, -3, 2, -2, 0]
[-1, 0, 0, 1, 0, 0, -1, -1, -1, 0, -1, -1, 2, -1, 1, 0, 0, -1, -1, 1, 0, 0]
[-3, 0, 0, 0, 1, 1, 2, -2, -2, -1, -2, -1, 3, 1, -1, 1, 0, -2, -2, 2, 0, 0]
[0, 1, -1, 1, 0, 1, -1, 1, 1, 0, 1, 1, -1, -1, 0, -1, -1, 0, 0, 1, 1, 0]
[-4, -1, 1, 0, 1, 0, 2, -4, -4, -1, -4, -3, 6, 1, 0, 2, 1, -3, -3, 2, -1, 0]
[-1, 1, 0, 1, 1, 0, 0, -1, -1, -1, -1, -1, 1, 0, 0, 0, -1, 0, 1, 1, 2, -1]
[-3, -1, 0, 0, 0, 1, 1, -2, -2, 0, -2, -1, 4, 0, 0, 1, 1, -3, -4, 2, -2, 1]
[-2, 0, 0, 1, 0, 1, 1, -1, -2, -1, -1, -1, 3, 0, 0, 1, 0, -2, -2, 1, -1, 1]
[-2, 0, 0, 0, 1, 0, 0, -2, -1, 0, -2, -1, 2, 0, 0, 0, 0, -1, -1, 2, 1, -1]
[-2, 0, 0, 1, 1, 1, 0, -3, -2, -1, -3, -2, 4, 0, 0, 1, 0, -2, -1, 2, 0, 0]
[-2, 0, 0, 0, 0, 0, 1, 0, -1, 0, 0, 0, 1, 0, 0, 0, 0, -1, -2, 1, 0, 0]
[-1, 1, 0, 1, 1, 0, 0, -1, 0, -1, -1, -1, 1, -1, 0, 0, 0, -1, -1, 1, 0, 0]
[-3, -1, 0, 0, 0, 1, 1, -2, -3, 0, -2, -1, 4, 1, 0, 1, 0, -2, -2, 2, 0, 0]
[-1, 0, -1, 0, 0, 0, -1, 1, 0, 1, -1, 1, 1, 0, 1, -1, -1, -1, -1, 1, 0, 0]
[-3, 0, 1, 1, 1, 1, 2, -4, -3, -2, -2, -3, 4, 0, -1, 2, 1, -2, -2, 2, 0, 0]
[-2, 0, 0, 1, 1, 1, 0, -1, -1, -1, -2, -1, 3, 0, 0, 1, 0, -2, -2, 1, -1, 1]
[-2, 0, 0, 0, 0, 0, 1, -2, -2, 0, -1, -1, 2, 0, 0, 0, 0, -1, -1, 2, 1, -1]
[-2, 0, 0, 1, 0, 1, 1, -3, -3, -1, -2, -2, 4, 0, 0, 1, 0, -2, -1, 2, 0, 0]
[-2, 0, 0, 0, 1, 0, 0, 0, 0, 0, -1, 0, 1, 0, 0, 0, 0, -1, -2, 1, 0, 0]
[-1, 1, 0, 1, 0, 0, 1, -1, -1, -1, 0, -1, 1, -1, 0, 0, 0, -1, -1, 1, 0, 0]
[-3, -1, 0, 0, 1, 1, 0, -2, -2, 0, -3, -1, 4, 1, 0, 1, 0, -2, -2, 2, 0, 0]
[-1, 0, -1, 0, -1, 0, 0, 1, -1, 1, 0, 1, 1, 0, 1, -1, -1, -1, -1, 1, 0, 0]
[-3, 0, 1, 1, 2, 1, 1, -4, -2, -2, -3, -3, 4, 0, -1, 2, 1, -2, -2, 2, 0, 0]
[-2, 0, 0, 1, 1, 1, 0, -1, -1, -1, -1, -1, 2, 0, 0, 1, 0, -1, -1, 1, 0, 0]
[-2, 0, 0, 0, 0, 0, 1, -2, -2, 0, -2, -1, 3, 0, 0, 0, 0, -2, -2, 2, 0, 0]
[-1, 1, 0, 1, 1, 1, 0, 0, 0, -1, 0, 0, 0, 0, -1, 0, -1, 0, 0, 1, 2, 0]
[-3, -1, 0, 0, 0, 0, 1, -3, -3, 0, -3, -2, 5, 0, 1, 1, 1, -3, -3, 2, -2, 0]
[-2, 0, 1, 1, 1, 0, 0, -2, -2, -1, -2, -2, 3, 0, 0, 1, 0, -1, -1, 1, 1, 0]
[-2, 0, -1, 0, 0, 1, 1, -1, -1, 0, -1, 0, 2, 0, 0, 0, 0, -2, -2, 2, -1, 0]
[-1, 0, 0, 1, 0, 1, -1, 0, 0, 0, 0, 0, 1, -1, 0, 0, 0, -1, -2, 1, 0, 1]
[-3, 0, 0, 0, 1, 0, 2, -3, -3, -1, -3, -2, 4, 1, 0, 1, 0, -2, -1, 2, 0, -1]
[-1, 0, 0, 0, 0, 0, 0, -1, -1, 0, 0, 0, 1, -1, 0, 0, 0, -1, -1, 1, 0, 0]
[-3, 0, 0, 1, 1, 1, 1, -2, -2, -1, -3, -2, 4, 1, 0, 1, 0, -2, -2, 2, 0, 0]
[-2, 0, 1, 0, 1, -1, 1, -3, -3, -1, -2, -2, 3, 0, 0, 1, 0, -1, 0, 1, 1, -1]
[-2, 0, -1, 1, 0, 2, 0, 0, 0, 0, -1, 0, 2, 0, 0, 0, 0, -2, -3, 2, -1, 1]
[-1, 1, 0, 0, 1, 0, 1, -1, -1, -1, 0, 0, 0, 0, -1, 0, -1, 0, 1, 1, 2, -1]
[-3, -1, 0, 1, 0, 1, 0, -2, -2, 0, -3, -2, 5, 0, 1, 1, 1, -3, -4, 2, -2, 1]
[-2, 0, 0, 1, 0, 1, 0, -1, -1, 0, -2, -1, 3, 0, 0, 0, 0, -2, -3, 2, 0, 1]
[-2, 0, 0, 0, 1, 0, 1, -2, -2, -1, -1, -1, 2, 0, 0, 1, 0, -1, 0, 1, 0, -1]
[-1, 0, -1, 1, -1, 1, -1, 2, 0, 1, 0, 1, 1, 0, 1, -1, -1, -1, -2, 1, 0, 1]
[-3, 0, 1, 0, 2, 0, 2, -5, -3, -2, -3, -3, 4, 0, -1, 2, 1, -2, -1, 2, 0, -1]
[-1, 1, 0, 2, 0, 1, 0, 0, 0, -1, 0, -1, 1, -1, 0, 0, 0, -1, -2, 1, 0, 1]
[-3, -1, 0, -1, 1, 0, 1, -3, -3, 0, -3, -1, 4, 1, 0, 1, 0, -2, -1, 2, 0, -1]
[-2, 0, 0, 2, 0, 2, 0, -2, -2, -1, -2, -2, 4, 0, 0, 1, 0, -2, -2, 2, 0, 1]
[-2, 0, 0, -1, 1, -1, 1, -1, -1, 0, -1, 0, 1, 0, 0, 0, 0, -1, -1, 1, 0, -1]
[-2, 0, 0, 1, 0, 1, 0, -1, -1, 0, -1, -1, 2, 0, 0, 0, 0, -1, -2, 2, 1, 0]
[-2, 0, 0, 0, 1, 0, 1, -2, -2, -1, -2, -1, 3, 0, 0, 1, 0, -2, -1, 1, -1, 0]
[-2, 0, 0, 2, -1, 1, 0, -2, -2, 0, -2, -2, 4, -1, 0, 1, 1, -3, -3, 2, -1, 1]
[-2, 0, 0, -1, 2, 0, 1, -1, -1, -1, -1, 0, 1, 1, 0, 0, -1, 0, 0, 1, 1, -1]
[-2, 0, 0, 1, 0, 1, 1, -2, -2, -1, -2, -2, 3, 0, 0, 0, 0, -2, -2, 3, 1, 0]
[-2, 0, 0, 0, 1, 0, 0, -1, -1, 0, -1, 0, 2, 0, 0, 1, 0, -1, -1, 0, -1, 0]
[-2, 0, 1, 0, 2, -1, 1, -2, -2, -1, -2, -1, 2, 0, -1, 1, 0, -1, 0, 1, 1, -1]
[-2, 0, -1, 1, -1, 2, 0, -1, -1, 0, -1, -1, 3, 0, 1, 0, 0, -2, -3, 2, -1, 1]
[-2, 0, 0, 1, 2, 1, 1, -3, -2, -2, -2, -2, 3, 0, -1, 2, 0, -1, 0, 1, 1, -1]
[-2, 0, 0, 0, -1, 0, 0, 0, -1, 1, -1, 0, 2, 0, 1, -1, 0, -2, -3, 2, -1, 1]
[-1, 0, -1, 1, -1, 1, 0, 1, 0, 0, 0, 0, 1, -1, 1, -1, 0, -2, -3, 2, -1, 1]
[-3, 0, 1, 0, 2, 0, 1, -4, -3, -1, -3, -2, 4, 1, -1, 2, 0, -1, 0, 1, 1, -1]
[-2, 0, 0, 1, 0, 1, 1, -2, -2, -1, -2, -2, 4, 0, 1, 0, 0, -2, -3, 2, -1, 1]
[-2, 0, 0, 0, 1, 0, 0, -1, -1, 0, -1, 0, 1, 0, -1, 1, 0, -1, 0, 1, 1, -1]
[-1, 1, -1, 1, -1, 1, 0, 1, 0, 0, 0, 0, 1, 0, 1, -1, -1, -1, -2, 1, 0, 1]
[-3, -1, 1, 0, 2, 0, 1, -4, -3, -1, -3, -2, 4, 0, -1, 2, 1, -2, -1, 2, 0, -1]
[-2, 1, 1, 0, 2, 0, 1, -2, -1, -2, -1, -1, 1, 0, -1, 1, 0, -1, 0, 1, 0, 0]
[-2, -1, -1, 1, -1, 1, 0, -1, -2, 1, -2, -1, 4, 0, 1, 0, 0, -2, -3, 2, 0, 0]
[-2, 1, 0, 1, 0, 1, 1, -1, -1, -1, -1, -1, 2, 0, 0, 0, 0, -2, -2, 2, -1, 1]
[-2, -1, 0, 0, 1, 0, 0, -2, -2, 0, -2, -1, 3, 0, 0, 1, 0, -1, -1, 1, 1, -1]
[-1, 1, 0, 0, 1, 0, 0, 0, 0, -1, 0, 0, 0, 0, 0, 0, -1, 0, 0, 0, 1, 0]
[-3, -1, 0, 1, 0, 1, 1, -3, -3, 0, -3, -2, 5, 0, 0, 1, 1, -3, -3, 3, -1, 0]
[-2, 0, 1, 0, 2, 0, 1, -3, -2, -2, -2, -2, 3, 0, 0, 1, 0, -1, -1, 1, 0, 0]
[-2, 0, -1, 1, -1, 1, 0, 0, -1, 1, -1, 0, 2, 0, 0, 0, 0, -2, -2, 2, 0, 0]
[-1, 0, 0, 0, 1, 0, 0, 0, 0, -1, 0, 0, 0, -1, 0, 0, 0, -1, -1, 1, 0, 0]
[-3, 0, 0, 1, 0, 1, 1, -3, -3, 0, -3, -2, 5, 1, 0, 1, 0, -2, -2, 2, 0, 0]
[-2, 0, 1, -1, 1, -1, 0, -1, -1, 0, -1, 0, 1, 0, 0, 0, 0, -1, -1, 1, 0, 0]
[-2, 0, -1, 2, 0, 2, 1, -2, -2, -1, -2, -2, 4, 0, 0, 1, 0, -2, -2, 2, 0, 0]
[-2, 0, 0, 1, 0, 0, 1, -1, -2, 0, -2, -1, 3, 0, 0, 0, 0, -2, -2, 2, 0, 0]
[-2, 0, 0, 0, 1, 1, 0, -2, -1, -1, -1, -1, 2, 0, 0, 1, 0, -1, -1, 1, 0, 0]
[-2, 0, 1, 0, 2, 0, 1, -3, -2, -2, -2, -2, 2, 0, -1, 1, 0, -1, 0, 2, 2, -1]
[-2, 0, -1, 1, -1, 1, 0, 0, -1, 1, -1, 0, 3, 0, 1, 0, 0, -2, -3, 1, -2, 1]
[-2, 0, 1, 1, 1, 0, 0, -3, -2, -1, -2, -2, 3, -1, -1, 2, 1, -2, -1, 1, 0, 0]
[-2, 0, -1, 0, 0, 1, 1, 0, -1, 0, -1, 0, 2, 1, 1, -1, -1, -1, -2, 2, 0, 0]
[-1, 1, 1, 1, 0, 0, 0, -1, -1, -1, 0, -1, 1, -1, 0, 0, 0, -1, -1, 1, 0, 1]
[-3, -1, -1, 0, 1, 1, 1, -2, -2, 0, -3, -1, 4, 1, 0, 1, 0, -2, -2, 2, 0, -1]
[-1, 0, 0, 1, 0, 1, 0, -1, -1, -1, 0, -1, 1, -1, 0, 0, 0, -1, -1, 2, 1, 0]
[-3, 0, 0, 0, 1, 0, 1, -2, -2, 0, -3, -1, 4, 1, 0, 1, 0, -2, -2, 1, -1, 0]
[-1, 1, 0, 1, 0, 1, 0, -1, -1, -1, 0, -1, 1, 0, 0, 0, -1, 0, 0, 1, 2, 0]
[-3, -1, 0, 0, 1, 0, 1, -2, -2, 0, -3, -1, 4, 0, 0, 1, 1, -3, -3, 2, -2, 0]
[-1, 0, 0, 1, -1, 0, -1, 0, -1, 1, 0, 0, 1, -1, 0, 0, 0, -1, -1, 1, 1, 0]
[-3, 0, 0, 0, 2, 1, 2, -3, -2, -2, -3, -2, 4, 1, 0, 1, 0, -2, -2, 2, -1, 0]
[0, 1, 0, 1, 0, 0, 0, 1, 0, -1, 1, 0, -1, -1, 0, -1, -1, 0, 0, 1, 2, 0]
[-4, -1, 0, 0, 1, 1, 1, -4, -3, 0, -4, -2, 6, 1, 0, 2, 1, -3, -3, 2, -2, 0]
[-1, 0, 0, 2, 0, 1, 0, -2, -2, -1, -1, -2, 3, -1, 0, 1, 0, -1, -1, 1, 1, 0]
[-3, 0, 0, -1, 1, 0, 1, -1, -1, 0, -2, 0, 2, 1, 0, 0, 0, -2, -2, 2, -1, 0]
[0, 1, -1, 1, -1, 1, -1, 2, 1, 0, 2, 1, -1, -1, 1, -1, -1, 0, -1, 0, 0, 1]
[-4, -1, 1, 0, 2, 0, 2, -5, -4, -1, -5, -3, 6, 1, -1, 2, 1, -3, -2, 3, 0, -1]
[-1, 0, 0, 0, 0, 0, 0, 0, -1, 0, 0, 0, 1, 0, 1, -1, -1, 0, -1, 1, 1, 0]
[-3, 0, 0, 1, 1, 1, 1, -3, -2, -1, -3, -2, 4, 0, -1, 2, 1, -3, -2, 2, -1, 0]
[-1, 1, 0, 2, 0, 1, 0, -1, -1, -1, 0, -1, 1, -1, -1, 1, 0, -1, 0, 1, 1, 0]
[-3, -1, 0, -1, 1, 0, 1, -2, -2, 0, -3, -1, 4, 1, 1, 0, 0, -2, -3, 2, -1, 0]
[-2, 0, 1, 1, 1, 0, 1, -3, -3, -1, -2, -2, 3, 0, -1, 1, 0, -1, 0, 2, 2, -1]
[-2, 0, -1, 0, 0, 1, 0, 0, 0, 0, -1, 0, 2, 0, 1, 0, 0, -2, -3, 1, -2, 1]
[-1, 1, 0, 0, 0, 0, 0, 1, 0, 0, 1, 1, -1, 0, 0, -1, -1, 0, 0, 1, 1, 0]
[-3, -1, 0, 1, 1, 1, 1, -4, -3, -1, -4, -3, 6, 0, 0, 2, 1, -3, -3, 2, -1, 0]
[-2, 0, 0, 1, 0, 1, 0, -2, -2, 0, -1, -1, 3, 0, 0, 1, 0, -1, -1, 1, 0, 0]
[-2, 0, 0, 0, 1, 0, 1, -1, -1, -1, -2, -1, 2, 0, 0, 0, 0, -2, -2, 2, 0, 0]
[-1, 1, 0, 1, 1, 1, 1, -1, -1, -2, 0, -1, 1, 0, 0, 0, -1, 0, 0, 1, 1, 0]
[-3, -1, 0, 0, 0, 0, 0, -2, -2, 1, -3, -1, 4, 0, 0, 1, 1, -3, -3, 2, -1, 0]
[-1, 0, 0, 1, 0, 0, 0, 0, -1, 0, 0, 0, 1, -1, 0, 0, 0, -1, -1, 1, 0, 0]
[-3, 0, 0, 0, 1, 1, 1, -3, -2, -1, -3, -2, 4, 1, 0, 1, 0, -2, -2, 2, 0, 0]
[-1, 1, 0, 1, 0, 0, 0, 0, -1, 0, 0, 0, 1, 0, 0, 0, -1, 0, 0, 0, 1, 0]
[-3, -1, 0, 0, 1, 1, 1, -3, -2, -1, -3, -2, 4, 0, 0, 1, 1, -3, -3, 3, -1, 0]
[-1, 0, -1, 1, 0, 1, 0, 0, -1, 0, 0, 0, 1, 0, 0, 0, -1, 0, 0, 1, 2, -1]
[-3, 0, 1, 0, 1, 0, 1, -3, -2, -1, -3, -2, 4, 0, 0, 1, 1, -3, -3, 2, -2, 1]
[-1, 1, 0, 1, 0, 1, 0, -1, 0, -1, 0, -1, 1, -1, 0, 0, 0, -1, -2, 1, 0, 1]
[-3, -1, 0, 0, 1, 0, 1, -2, -3, 0, -3, -1, 4, 1, 0, 1, 0, -2, -1, 2, 0, -1]
[-1, 0, 0, 0, 0, 0, 0, 0, 0, 0, 0, 0, 0, -1, 0, -1, 0, -1, -2, 2, 1, 0]
[-3, 0, 0, 1, 1, 1, 1, -3, -3, -1, -3, -2, 5, 1, 0, 2, 0, -2, -1, 1, -1, 0]
[-1, 0, 0, 1, 0, 1, 0, -1, -1, -1, -1, -1, 2, -1, 0, 0, 0, -2, -2, 2, 0, 1]
[-3, 0, 0, 0, 1, 0, 1, -2, -2, 0, -2, -1, 3, 1, 0, 1, 0, -1, -1, 1, 0, -1]
[-2, 0, 1, 1, 1, 0, 1, -3, -2, -2, -2, -3, 3, -1, 0, 1, 1, -2, -2, 2, 0, 0]
[-2, 0, -1, 0, 0, 1, 0, 0, -1, 1, -1, 1, 2, 1, 0, 0, -1, -1, -1, 1, 0, 0]
[-1, 0, -1, 0, -1, 1, -1, 1, 0, 1, 0, 1, 1, 0, 1, -1, -1, -1, -2, 1, 0, 1]
[-3, 0, 1, 1, 2, 0, 2, -4, -3, -2, -3, -3, 4, 0, -1, 2, 1, -2, -1, 2, 0, -1]
[-2, 0, 0, 1, 1, 1, 1, -2, -2, -1, -2, -1, 3, 0, -1, 1, 0, -2, -1, 2, 0, 0]
[-2, 0, 0, 0, 0, 0, 0, -1, -1, 0, -1, -1, 2, 0, 1, 0, 0, -1, -2, 1, 0, 0]
[-2, 0, 0, 1, 0, 1, 0, -2, -2, -1, -2, -2, 4, 0, 1, 1, 0, -2, -2, 1, -1, 1]
[-2, 0, 0, 0, 1, 0, 1, -1, -1, 0, -1, 0, 1, 0, -1, 0, 0, -1, -1, 2, 1, -1]
[-2, 1, 0, 1, 1, 1, 1, -2, -1, -1, -1, -1, 2, 0, -1, 1, 0, -1, -1, 1, 0, 0]
[-2, -1, 0, 0, 0, 0, 0, -1, -2, 0, -2, -1, 3, 0, 1, 0, 0, -2, -2, 2, 0, 0]
[-2, 0, 0, 1, 0, 1, 0, -2, -1, 0, -1, -1, 2, -1, -1, 1, 1, -2, -2, 2, 0, 0]
[-2, 0, 0, 0, 1, 0, 1, -1, -2, -1, -2, -1, 3, 1, 1, 0, -1, -1, -1, 1, 0, 0]
[-2, 1, 1, 0, 1, 0, 1, -2, -1, -1, -1, -1, 1, 0, -1, 0, 0, -1, -1, 2, 1, 0]
[-2, -1, -1, 1, 0, 1, 0, -1, -2, 0, -2, -1, 4, 0, 1, 1, 0, -2, -2, 1, -1, 0]
[-2, 0, 0, 1, 0, 1, 0, -2, -2, 0, -2, -1, 3, 0, -1, 1, 0, -2, -1, 2, 1, 0]
[-2, 0, 0, 0, 1, 0, 1, -1, -1, -1, -1, -1, 2, 0, 1, 0, 0, -1, -2, 1, -1, 0]
[-1, 0, -1, 0, 0, 1, 0, 1, 0, 0, 0, 1, 1, 0, 1, -1, -1, -1, -2, 1, -1, 1]
[-3, 0, 1, 1, 1, 0, 1, -4, -3, -1, -3, -3, 4, 0, -1, 2, 1, -2, -1, 2, 1, -1]
[-1, 1, 0, 1, 1, 1, 1, -1, 0, -2, 0, -1, 0, -1, -1, 0, 0, -1, -1, 2, 1, 0]
[-3, -1, 0, 0, 0, 0, 0, -2, -3, 1, -3, -1, 5, 1, 1, 1, 0, -2, -2, 1, -1, 0]
[-2, 0, 1, 1, 1, 0, 1, -3, -2, -1, -2, -2, 3, -1, -1, 1, 1, -2, -2, 2, 0, 0]
[-2, 0, -1, 0, 0, 1, 0, 0, -1, 0, -1, 0, 2, 1, 1, 0, -1, -1, -1, 1, 0, 0]
[-1, 1, 0, 1, 0, 0, 0, 0, 0, 0, 0, 0, 0, -1, -1, 0, 0, -1, -1, 1, 1, 0]
[-3, -1, 0, 0, 1, 1, 1, -3, -3, -1, -3, -2, 5, 1, 1, 1, 0, -2, -2, 2, -1, 0]
[-2, 0, 0, 1, 1, 1, 1, -3, -2, -1, -2, -2, 3, 0, -1, 1, 0, -1, -1, 2, 2, -1]
[-2, 0, 0, 0, 0, 0, 0, 0, -1, 0, -1, 0, 2, 0, 1, 0, 0, -2, -2, 1, -2, 1]
[-2, 0, 0, 1, 1, 0, 1, -2, -2, -1, -2, -2, 3, 0, 0, 1, 0, -1, -1, 1, 1, -1]
[-2, 0, 0, 0, 0, 1, 0, -1, -1, 0, -1, 0, 2, 0, 0, 0, 0, -2, -2, 2, -1, 1]
[-1, 0, -1, 1, 0, 1, 0, 0, -1, 0, -1, 0, 2, 0, 0, 0, -1, -1, -1, 1, 1, 0]
[-3, 0, 1, 0, 1, 0, 1, -3, -2, -1, -2, -2, 3, 0, 0, 1, 1, -2, -2, 2, -1, 0]
[-1, 1, 0, 0, 1, 0, 1, 0, 0, -1, 0, 0, 0, 0, 0, -1, -1, 0, -1, 1, 1, 0]
[-3, -1, 0, 1, 0, 1, 0, -3, -3, 0, -3, -2, 5, 0, 0, 2, 1, -3, -2, 2, -1, 0]
[-1, 0, -1, 1, 0, 1, 0, 0, 0, 0, 0, 0, 1, -1, 0, 0, 0, -1, -2, 1, 0, 0]
[-3, 0, 1, 0, 1, 0, 1, -3, -3, -1, -3, -2, 4, 1, 0, 1, 0, -2, -1, 2, 0, 0]
[-1, 1, 0, 0, 0, 0, 0, 1, 1, 0, 1, 1, -1, -1, 0, -1, 0, -1, -2, 1, -1, 1]
[-3, -1, 0, 1, 1, 1, 1, -4, -4, -1, -4, -3, 6, 1, 0, 2, 0, -2, -1, 2, 1, -1]
[-2, 0, 0, 1, 0, 0, 0, -1, -2, 0, -2, -1, 3, 0, 0, 1, 0, -2, -1, 1, 0, 0]
[-2, 0, 0, 0, 1, 1, 1, -2, -1, -1, -1, -1, 2, 0, 0, 0, 0, -1, -2, 2, 0, 0]
[-1, 1, -1, 0, 0, 1, 0, 1, 1, 0, 1, 1, -1, 0, 0, -1, -1, 0, -1, 1, 1, 0]
[-3, -1, 1, 1, 1, 0, 1, -4, -4, -1, -4, -3, 6, 0, 0, 2, 1, -3, -2, 2, -1, 0]
[-2, 0, 0, 1, 1, 1, 1, -2, -2, -2, -2, -2, 3, 0, 0, 1, 0, -2, -1, 2, 0, 0]
[-2, 0, 0, 0, 0, 0, 0, -1, -1, 1, -1, 0, 2, 0, 0, 0, 0, -1, -2, 1, 0, 0]
[-1, 1, -1, 1, 0, 2, 0, 0, 0, -1, 0, 0, 1, 0, 0, 0, -1, -1, -1, 1, 0, 1]
[-3, -1, 1, 0, 1, -1, 1, -3, -3, 0, -3, -2, 4, 0, 0, 1, 1, -2, -2, 2, 0, -1]
[-2, 1, 0, 1, 1, 1, 1, -2, -1, -2, -1, -2, 2, 0, 0, 1, 0, -1, -1, 1, 0, 0]
[-2, -1, 0, 0, 0, 0, 0, -1, -2, 1, -2, 0, 3, 0, 0, 0, 0, -2, -2, 2, 0, 0]
[-1, 0, -1, 1, -1, 1, -1, 1, 0, 1, 0, 1, 1, -1, 0, 0, 0, -2, -2, 1, -1, 1]
[-3, 0, 1, 0, 2, 0, 2, -4, -3, -2, -3, -3, 4, 1, 0, 1, 0, -1, -1, 2, 1, -1]
[-2, 0, 0, 1, 0, 0, 0, -1, -1, 0, -1, -1, 2, -1, 0, 1, 1, -2, -2, 1, -1, 0]
[-2, 0, 0, 0, 1, 1, 1, -2, -2, -1, -2, -1, 3, 1, 0, 0, -1, -1, -1, 2, 1, 0]
[-1, 1, 0, 0, 0, 0, 0, 1, 0, 0, 0, 1, 0, 0, 0, -1, -1, -1, -1, 1, 0, 1]
[-3, -1, 0, 1, 1, 1, 1, -4, -3, -1, -3, -3, 5, 0, 0, 2, 1, -2, -2, 2, 0, -1]
[-1, 0, -1, 0, 0, 1, 0, 1, 0, 0, 0, 1, 0, 0, 0, -1, -1, -1, -1, 2, 1, 0]
[-3, 0, 1, 1, 1, 0, 1, -4, -3, -1, -3, -3, 5, 0, 0, 2, 1, -2, -2, 1, -1, 0]
[-2, 0, 0, 1, 0, 1, 0, -2, -2, 0, -2, -1, 4, 0, 0, 1, 0, -2, -2, 1, -1, 1]
[-2, 0, 0, 0, 1, 0, 1, -1, -1, -1, -1, -1, 1, 0, 0, 0, 0, -1, -1, 2, 1, -1]
[-2, 1, 1, 0, 1, -1, 1, -1, -1, -1, -1, -1, 1, 0, 0, 0, 0, -1, -1, 1, 0, 0]
[-2, -1, -1, 1, 0, 2, 0, -2, -2, 0, -2, -1, 4, 0, 0, 1, 0, -2, -2, 2, 0, 0]

################
# DISCRIMINANT #
################

The discriminant has 6 components of degree 1, 6 components of degree 2, and 1 component of degree 6:
16*Z[0] - 5*Z[1] + Z[4]
2*Z[1] + 2*Z[3] - 2*Z[4] - 2*Z[5] - Z[6]
2*Z[1] - 2*Z[3] - 2*Z[4] + 2*Z[5] + Z[6]
256*Z[0]^3*Z[1]^3 - 768*Z[0]^3*Z[1]^2*Z[4] - 256*Z[0]^3*Z[1]*Z[3]^2 + 512*Z[0]^3*Z[1]*Z[3]*Z[5] + 256*Z[0]^3*Z[1]*Z[3]*Z[6] + 768*Z[0]^3*Z[1]*Z[4]^2 - 256*Z[0]^3*Z[1]*Z[5]^2 - 256*Z[0]^3*Z[1]*Z[5]*Z[6] - 64*Z[0]^3*Z[1]*Z[6]^2 + 256*Z[0]^3*Z[3]^2*Z[4] - 512*Z[0]^3*Z[3]*Z[4]*Z[5] - 256*Z[0]^3*Z[3]*Z[4]*Z[6] - 256*Z[0]^3*Z[4]^3 + 256*Z[0]^3*Z[4]*Z[5]^2 + 256*Z[0]^3*Z[4]*Z[5]*Z[6] + 64*Z[0]^3*Z[4]*Z[6]^2 + 48*Z[0]^2*Z[1]^4 - 96*Z[0]^2*Z[1]^2*Z[3]^2 + 128*Z[0]^2*Z[1]^2*Z[3]*Z[5] - 32*Z[0]^2*Z[1]^2*Z[3]*Z[6] - 160*Z[0]^2*Z[1]^2*Z[4]^2 + 96*Z[0]^2*Z[1]^2*Z[5]^2 + 64*Z[0]^2*Z[1]^2*Z[5]*Z[6] + 8*Z[0]^2*Z[1]^2*Z[6]^2 + 128*Z[0]^2*Z[1]*Z[3]^2*Z[4] - 256*Z[0]^2*Z[1]*Z[3]*Z[4]*Z[5] + 128*Z[0]^2*Z[1]*Z[3]*Z[4]*Z[6] + 128*Z[0]^2*Z[1]*Z[4]^3 - 128*Z[0]^2*Z[1]*Z[4]*Z[5]^2 - 128*Z[0]^2*Z[1]*Z[4]*Z[5]*Z[6] - 32*Z[0]^2*Z[1]*Z[4]*Z[6]^2 - 16*Z[0]^2*Z[3]^4 + 32*Z[0]^2*Z[3]^3*Z[6] - 96*Z[0]^2*Z[3]^2*Z[4]^2 + 32*Z[0]^2*Z[3]^2*Z[5]^2 - 24*Z[0]^2*Z[3]^2*Z[6]^2 + 256*Z[0]^2*Z[3]*Z[4]^2*Z[5] - 32*Z[0]^2*Z[3]*Z[4]^2*Z[6] - 32*Z[0]^2*Z[3]*Z[5]^2*Z[6] + 8*Z[0]^2*Z[3]*Z[6]^3 - 16*Z[0]^2*Z[4]^4 - 32*Z[0]^2*Z[4]^2*Z[5]^2 + 8*Z[0]^2*Z[4]^2*Z[6]^2 - 16*Z[0]^2*Z[5]^4 + 8*Z[0]^2*Z[5]^2*Z[6]^2 - Z[0]^2*Z[6]^4 - 24*Z[0]*Z[1]^5 + 72*Z[0]*Z[1]^4*Z[4] - 64*Z[0]*Z[1]^3*Z[2]^2 + 32*Z[0]*Z[1]^3*Z[2]*Z[3] - 64*Z[0]*Z[1]^3*Z[2]*Z[5] + 16*Z[0]*Z[1]^3*Z[2]*Z[6] + 32*Z[0]*Z[1]^3*Z[3]^2 - 16*Z[0]*Z[1]^3*Z[3]*Z[5] - 32*Z[0]*Z[1]^3*Z[3]*Z[6] - 56*Z[0]*Z[1]^3*Z[4]^2 + 8*Z[0]*Z[1]^3*Z[5]^2 + 16*Z[0]*Z[1]^3*Z[5]*Z[6] + 6*Z[0]*Z[1]^3*Z[6]^2 + 192*Z[0]*Z[1]^2*Z[2]^2*Z[4] - 128*Z[0]*Z[1]^2*Z[2]*Z[3]*Z[4] + 160*Z[0]*Z[1]^2*Z[2]*Z[4]*Z[5] - 32*Z[0]*Z[1]^2*Z[2]*Z[4]*Z[6] - 48*Z[0]*Z[1]^2*Z[3]^2*Z[4] + 24*Z[0]*Z[1]^2*Z[3]*Z[4]*Z[6] + 8*Z[0]*Z[1]^2*Z[4]^3 + 40*Z[0]*Z[1]^2*Z[4]*Z[5]^2 + 16*Z[0]*Z[1]^2*Z[4]*Z[5]*Z[6] - 2*Z[0]*Z[1]^2*Z[4]*Z[6]^2 + 64*Z[0]*Z[1]*Z[2]^2*Z[3]^2 - 128*Z[0]*Z[1]*Z[2]^2*Z[3]*Z[5] - 64*Z[0]*Z[1]*Z[2]^2*Z[3]*Z[6] - 192*Z[0]*Z[1]*Z[2]^2*Z[4]^2 + 64*Z[0]*Z[1]*Z[2]^2*Z[5]^2 + 64*Z[0]*Z[1]*Z[2]^2*Z[5]*Z[6] + 16*Z[0]*Z[1]*Z[2]^2*Z[6]^2 + 32*Z[0]*Z[1]*Z[2]*Z[3]^3 - 64*Z[0]*Z[1]*Z[2]*Z[3]^2*Z[5] - 16*Z[0]*Z[1]*Z[2]*Z[3]^2*Z[6] + 160*Z[0]*Z[1]*Z[2]*Z[3]*Z[4]^2 + 32*Z[0]*Z[1]*Z[2]*Z[3]*Z[5]^2 + 8*Z[0]*Z[1]*Z[2]*Z[3]*Z[6]^2 - 128*Z[0]*Z[1]*Z[2]*Z[4]^2*Z[5] + 16*Z[0]*Z[1]*Z[2]*Z[4]^2*Z[6] + 16*Z[0]*Z[1]*Z[2]*Z[5]^2*Z[6] - 4*Z[0]*Z[1]*Z[2]*Z[6]^3 - 8*Z[0]*Z[1]*Z[3]^4 - 16*Z[0]*Z[1]*Z[3]^3*Z[5] + 16*Z[0]*Z[1]*Z[3]^3*Z[6] + 24*Z[0]*Z[1]*Z[3]^2*Z[4]^2 + 24*Z[0]*Z[1]*Z[3]^2*Z[5]^2 - 6*Z[0]*Z[1]*Z[3]^2*Z[6]^2 - 48*Z[0]*Z[1]*Z[3]*Z[4]^2*Z[5] - 8*Z[0]*Z[1]*Z[3]*Z[4]^2*Z[6] + 16*Z[0]*Z[1]*Z[3]*Z[5]^3 - 8*Z[0]*Z[1]*Z[3]*Z[5]^2*Z[6] - 4*Z[0]*Z[1]*Z[3]*Z[5]*Z[6]^2 + 2*Z[0]*Z[1]*Z[3]*Z[6]^3 - 64*Z[0]*Z[2]^2*Z[3]^2*Z[4] + 128*Z[0]*Z[2]^2*Z[3]*Z[4]*Z[5] + 64*Z[0]*Z[2]^2*Z[3]*Z[4]*Z[6] + 64*Z[0]*Z[2]^2*Z[4]^3 - 64*Z[0]*Z[2]^2*Z[4]*Z[5]^2 - 64*Z[0]*Z[2]^2*Z[4]*Z[5]*Z[6] - 16*Z[0]*Z[2]^2*Z[4]*Z[6]^2 + 32*Z[0]*Z[2]*Z[3]^2*Z[4]*Z[5] - 32*Z[0]*Z[2]*Z[3]^2*Z[4]*Z[6] - 64*Z[0]*Z[2]*Z[3]*Z[4]^3 - 64*Z[0]*Z[2]*Z[3]*Z[4]*Z[5]^2 + 32*Z[0]*Z[2]*Z[3]*Z[4]*Z[5]*Z[6] + 16*Z[0]*Z[2]*Z[3]*Z[4]*Z[6]^2 + 32*Z[0]*Z[2]*Z[4]^3*Z[5] + 32*Z[0]*Z[2]*Z[4]*Z[5]^3 - 8*Z[0]*Z[2]*Z[4]*Z[5]*Z[6]^2 + 8*Z[0]*Z[3]^4*Z[4] - 8*Z[0]*Z[3]^3*Z[4]*Z[6] + 8*Z[0]*Z[3]^2*Z[4]^3 - 24*Z[0]*Z[3]^2*Z[4]*Z[5]^2 + 16*Z[0]*Z[3]^2*Z[4]*Z[5]*Z[6] - 2*Z[0]*Z[3]^2*Z[4]*Z[6]^2 - 5*Z[1]^6 + 6*Z[1]^5*Z[4] - 16*Z[1]^4*Z[2]^2 + 8*Z[1]^4*Z[2]*Z[3] - 16*Z[1]^4*Z[2]*Z[5] + 4*Z[1]^4*Z[2]*Z[6] + 10*Z[1]^4*Z[3]^2 - 4*Z[1]^4*Z[3]*Z[5] - 2*Z[1]^4*Z[3]*Z[6] - Z[1]^4*Z[4]^2 - 8*Z[1]^4*Z[5]^2 - 4*Z[1]^4*Z[5]*Z[6] + 32*Z[1]^3*Z[2]^2*Z[4] - 24*Z[1]^3*Z[2]*Z[3]*Z[4] + 24*Z[1]^3*Z[2]*Z[4]*Z[5] - 4*Z[1]^3*Z[2]*Z[4]*Z[6] - 8*Z[1]^3*Z[3]^2*Z[4] + 12*Z[1]^3*Z[3]*Z[4]*Z[5] + 2*Z[1]^3*Z[3]*Z[4]*Z[6] + 32*Z[1]^2*Z[2]^2*Z[3]*Z[5] - 16*Z[1]^2*Z[2]^2*Z[4]^2 - 48*Z[1]^2*Z[2]^2*Z[5]^2 - 16*Z[1]^2*Z[2]^2*Z[5]*Z[6] - 8*Z[1]^2*Z[2]*Z[3]^3 + 32*Z[1]^2*Z[2]*Z[3]^2*Z[5] + 4*Z[1]^2*Z[2]*Z[3]^2*Z[6] + 16*Z[1]^2*Z[2]*Z[3]*Z[4]^2 - 16*Z[1]^2*Z[2]*Z[3]*Z[5]^2 - 8*Z[1]^2*Z[2]*Z[3]*Z[5]*Z[6] - 8*Z[1]^2*Z[2]*Z[4]^2*Z[5] - 16*Z[1]^2*Z[2]*Z[5]^3 + 4*Z[1]^2*Z[2]*Z[5]*Z[6]^2 - 5*Z[1]^2*Z[3]^4 + 4*Z[1]^2*Z[3]^3*Z[5] + 2*Z[1]^2*Z[3]^3*Z[6] - 2*Z[1]^2*Z[3]^2*Z[4]^2 + 4*Z[1]^2*Z[3]^2*Z[5]^2 - Z[1]^2*Z[3]^2*Z[6]^2 - 32*Z[1]*Z[2]^2*Z[3]*Z[4]*Z[5] + 64*Z[1]*Z[2]^2*Z[4]*Z[5]^2 + 16*Z[1]*Z[2]^2*Z[4]*Z[5]*Z[6] + 8*Z[1]*Z[2]*Z[3]^3*Z[4] - 24*Z[1]*Z[2]*Z[3]^2*Z[4]*Z[5] - 4*Z[1]*Z[2]*Z[3]^2*Z[4]*Z[6] + 16*Z[1]*Z[2]*Z[3]*Z[4]*Z[5]^2 - 8*Z[1]*Z[2]*Z[3]*Z[4]*Z[5]*Z[6] + 2*Z[1]*Z[3]^4*Z[4] - 4*Z[1]*Z[3]^3*Z[4]*Z[5] + 2*Z[1]*Z[3]^3*Z[4]*Z[6] - 16*Z[2]^2*Z[4]^2*Z[5]^2 + 8*Z[2]*Z[3]^2*Z[4]^2*Z[5] - Z[3]^4*Z[4]^2
32*Z[0] - 10*Z[1] + 16*Z[2] - 10*Z[3] + 2*Z[4] + 2*Z[5] + Z[6]
32*Z[0] - 10*Z[1] - 16*Z[2] + 10*Z[3] + 2*Z[4] - 2*Z[5] - Z[6]
4*Z[0]*Z[1] + 4*Z[0]*Z[3] - 4*Z[0]*Z[4] - 4*Z[0]*Z[5] - 2*Z[0]*Z[6] + Z[1]^2 + 2*Z[1]*Z[2] + 2*Z[1]*Z[3] + 2*Z[2]*Z[3] - 2*Z[2]*Z[4] - 2*Z[2]*Z[5] - Z[2]*Z[6] + Z[3]^2
4*Z[0]*Z[1] + 4*Z[0]*Z[3] - 4*Z[0]*Z[4] - 4*Z[0]*Z[5] - 2*Z[0]*Z[6] + Z[1]^2 + 2*Z[1]*Z[2] - 4*Z[1]*Z[3] + 6*Z[1]*Z[5] + 2*Z[2]*Z[3] - 2*Z[2]*Z[4] - 2*Z[2]*Z[5] - Z[2]*Z[6] - Z[3]^2 + 2*Z[3]*Z[4] + Z[3]*Z[6] - 2*Z[4]*Z[5] + 2*Z[5]^2 - Z[5]*Z[6]
4*Z[0]*Z[1] - 4*Z[0]*Z[3] - 4*Z[0]*Z[4] + 4*Z[0]*Z[5] + 2*Z[0]*Z[6] + Z[1]^2 - 2*Z[1]*Z[2] + 4*Z[1]*Z[3] - 6*Z[1]*Z[5] + 2*Z[2]*Z[3] + 2*Z[2]*Z[4] - 2*Z[2]*Z[5] - Z[2]*Z[6] - Z[3]^2 - 2*Z[3]*Z[4] + Z[3]*Z[6] + 2*Z[4]*Z[5] + 2*Z[5]^2 - Z[5]*Z[6]
4*Z[0]*Z[1] - 4*Z[0]*Z[3] - 4*Z[0]*Z[4] + 4*Z[0]*Z[5] + 2*Z[0]*Z[6] + Z[1]^2 - 2*Z[1]*Z[2] - 2*Z[1]*Z[3] + 2*Z[2]*Z[3] + 2*Z[2]*Z[4] - 2*Z[2]*Z[5] - Z[2]*Z[6] + Z[3]^2
4*Z[0]*Z[1] - 4*Z[0]*Z[4] + Z[1]^2
64*Z[0]*Z[1] - 64*Z[0]*Z[4] - 20*Z[1]^2 + 24*Z[1]*Z[4] + 4*Z[3]^2 + 8*Z[3]*Z[5] - 4*Z[3]*Z[6] - 4*Z[4]^2 + 4*Z[5]^2 - 4*Z[5]*Z[6] + Z[6]^2
Z[1] - Z[4]

#############
# MONODROMY #
#############


Generators of the monodromy group on the second homology group:
[[1, 0, 0, 0, 0, 0, 0, 0, 0, 0, 0, 0, 0, 0, 0, 0, 0, 0, 0, 0, 0, 0], [0, 1, 0, 0, 0, 0, 0, 0, 0, 0, 0, 0, 0, 0, 0, 0, 0, 0, 0, 0, 0, 0], [0, 0, 1, 0, 0, 0, 0, 0, 0, 0, 0, 0, 0, 0, 0, 0, 0, 0, 0, 0, 0, 0], [0, 0, 0, 1, 0, 0, 0, 0, 0, 0, 0, 0, 0, 0, 0, 0, 0, 0, 0, 0, 0, 0], [0, 0, 0, 0, 1, 0, 0, 0, 0, 0, 0, 0, 0, 0, 0, 0, 0, 0, 0, 0, 0, 0], [0, 0, 0, 0, 0, 1, 0, 0, 0, 0, 0, 0, 0, 0, 0, 0, 0, 0, 0, 0, 0, 0], [0, 0, 0, 0, 0, 0, 1, 0, 0, 0, 0, 0, 0, 0, 0, 0, 0, 0, 0, 0, 0, 0], [0, 0, 0, 0, 0, 0, 0, 1, 0, 0, 0, 0, 0, 0, 0, 0, 0, 0, 0, 0, 0, 0], [0, 0, 0, 0, 0, 0, 0, 0, 1, 0, 0, 0, 0, 0, 0, 0, 0, 0, 0, 0, 0, 0], [0, 0, 0, 0, 0, 0, 0, 0, 0, 1, 0, 0, 0, 0, 0, 0, 0, 0, 0, 0, 0, 0], [0, 0, 0, 0, 0, 0, 0, 0, 0, 0, 1, 0, 0, 0, 0, 0, 0, 0, 0, 0, 0, 0], [0, 0, 0, 0, 0, 0, 0, 0, 0, 0, 0, 1, 0, 0, 0, 0, 0, 0, 0, 0, 0, 0], [0, 0, 0, 0, 0, 0, 0, 0, 0, 0, 0, 0, 1, 0, 0, 0, 0, 0, 0, 0, 0, 0], [0, 0, 0, 0, 0, 0, 0, 0, 0, 0, 0, 0, 0, 1, 0, 0, 0, 0, 0, 0, 0, 0], [0, 0, 0, 0, 0, 0, 0, 0, 0, 0, 0, 0, 0, 0, 1, 0, 0, 0, 0, 0, 0, 0], [0, 0, 0, 0, 0, 0, 0, 0, 0, 0, 0, 0, 0, 0, 0, 1, 0, 0, 0, 0, 0, 0], [0, 0, 0, 0, 0, 0, 0, 0, 0, 0, 0, 0, 0, 0, 0, 0, 1, 0, 0, 0, 0, 0], [0, 0, 0, 0, 0, 0, 0, 0, 0, 0, 0, 0, 0, 0, 0, 0, 0, 1, 0, 0, 0, 0], [0, 0, 0, 0, 0, 0, 0, 0, 0, 0, 0, 0, 0, 0, 0, 0, 0, 0, 1, 0, 0, 0], [0, 0, 0, 0, 0, 0, 0, 0, 0, 0, 0, 0, 0, 0, 0, 0, 0, 0, 0, 1, 0, 0], [0, 0, 0, 0, 0, 0, 0, 0, 0, 0, 0, 0, 0, 0, 0, 0, 0, 0, 0, 0, 1, 0], [0, 0, 0, 0, 0, 0, 0, 0, 0, 0, 0, 0, 0, 0, 0, 0, 0, 0, 0, 0, 0, 1]]
[[1, 0, 0, 0, 0, 0, 0, 0, 0, 0, 0, 0, 0, 0, 0, 0, 0, 0, 0, 0, 0, 0], [0, 1, 0, 0, 0, 0, 0, 0, 0, 0, 0, 0, 0, 0, 0, 0, 0, 0, 0, 0, 0, 0], [0, 0, 1, 0, 0, 0, 0, 0, 0, 0, 0, 0, 0, 0, 0, 0, 0, 0, 0, 0, 0, 0], [0, 0, 0, 1, 0, 0, 0, 0, 0, 0, 0, 0, 0, 0, 0, 0, 0, 0, 0, 0, 0, 0], [0, 0, 0, 0, 1, 0, 0, 0, 0, 0, 0, 0, 0, 0, 0, 0, 0, 0, 0, 0, 0, 0], [0, 0, 0, 0, 0, 1, 0, 0, 0, 0, 0, 0, 0, 0, 0, 0, 0, 0, 0, 0, 0, 0], [0, 0, 0, 0, 0, 0, 1, 0, 0, 0, 0, 0, 0, 0, 0, 0, 0, 0, 0, 0, 0, 0], [0, 0, 0, 0, 0, 0, 0, 1, 0, 0, 0, 0, 0, 0, 0, 0, 0, 0, 0, 0, 0, 0], [0, 0, 0, 0, 0, 0, 0, 0, 1, 0, 0, 0, 0, 0, 0, 0, 0, 0, 0, 0, 0, 0], [0, 0, 0, 0, 0, 0, 0, 0, 0, 1, 0, 0, 0, 0, 0, 0, 0, 0, 0, 0, 0, 0], [0, 0, 0, 0, 0, 0, 0, 0, 0, 0, 1, 0, 0, 0, 0, 0, 0, 0, 0, 0, 0, 0], [0, 0, 0, 0, 0, 0, 0, 0, 0, 0, 0, 1, 0, 0, 0, 0, 0, 0, 0, 0, 0, 0], [0, 0, 0, 0, 0, 0, 0, 0, 0, 0, 0, 0, 1, 0, 0, 0, 0, 0, 0, 0, 0, 0], [0, 0, 0, 0, 0, 0, 0, 0, 0, 0, 0, 0, 0, 1, 0, 0, 0, 0, 0, 0, 0, 0], [0, 0, 0, 0, 0, 0, 0, 0, 0, 0, 0, 0, 0, 0, 1, 0, 0, 0, 0, 0, 0, 0], [0, 0, 0, 0, 0, 0, 0, 0, 0, 0, 0, 0, 0, 0, 0, 1, 0, 0, 0, 0, 0, 0], [0, 0, 0, 0, 0, 0, 0, 0, 0, 0, 0, 0, 0, 0, 0, 0, 1, 0, 0, 0, 0, 0], [0, 0, 0, 0, 0, 0, 0, 0, 0, 0, 0, 0, 0, 0, 0, 0, 0, 1, 0, 0, 0, 0], [0, 0, 0, 0, 0, 0, 0, 0, 0, 0, 0, 0, 0, 0, 0, 0, 0, 0, 1, 0, 0, 0], [0, 0, 0, 0, 0, 0, 0, 0, 0, 0, 0, 0, 0, 0, 0, 0, 0, 0, 0, 1, 0, 0], [0, 0, 0, 0, 0, 0, 0, 0, 0, 0, 0, 0, 0, 0, 0, 0, 0, 0, 0, 0, 1, 0], [0, 0, 0, 0, 0, 0, 0, 0, 0, 0, 0, 0, 0, 0, 0, 0, 0, 0, 0, 0, 0, 1]]
[[1, 0, 0, 0, 0, 0, 0, 0, 0, 0, 0, 0, 0, 0, 0, 0, 0, 0, 0, 0, 0, 0], [0, 1, 0, 0, 0, 0, 0, 0, 0, 0, 0, 0, 0, 0, 0, 0, 0, 0, 0, 0, 0, 0], [0, 0, 1, 0, 0, 0, 0, 0, 0, 0, 0, 0, 0, 0, 0, 0, 0, 0, 0, 0, 0, 0], [0, 0, 0, 1, 0, 0, 0, 0, 0, 0, 0, 0, 0, 0, 0, 0, 0, 0, 0, 0, 0, 0], [0, 0, 0, 0, 1, 0, 0, 0, 0, 0, 0, 0, 0, 0, 0, 0, 0, 0, 0, 0, 0, 0], [0, 0, 0, 0, 0, 1, 0, 0, 0, 0, 0, 0, 0, 0, 0, 0, 0, 0, 0, 0, 0, 0], [0, 0, 0, 0, 0, 0, 1, 0, 0, 0, 0, 0, 0, 0, 0, 0, 0, 0, 0, 0, 0, 0], [0, 0, 0, 0, 0, 0, 0, 1, 0, 0, 0, 0, 0, 0, 0, 0, 0, 0, 0, 0, 0, 0], [0, 0, 0, 0, 0, 0, 0, 0, 1, 0, 0, 0, 0, 0, 0, 0, 0, 0, 0, 0, 0, 0], [0, 0, 0, 0, 0, 0, 0, 0, 0, 1, 0, 0, 0, 0, 0, 0, 0, 0, 0, 0, 0, 0], [0, 0, 0, 0, 0, 0, 0, 0, 0, 0, 1, 0, 0, 0, 0, 0, 0, 0, 0, 0, 0, 0], [0, 0, 0, 0, 0, 0, 0, 0, 0, 0, 0, 1, 0, 0, 0, 0, 0, 0, 0, 0, 0, 0], [0, 0, 0, 0, 0, 0, 0, 0, 0, 0, 0, 0, 1, 0, 0, 0, 0, 0, 0, 0, 0, 0], [0, 0, 0, 0, 0, 0, 0, 0, 0, 0, 0, 0, 0, 1, 0, 0, 0, 0, 0, 0, 0, 0], [0, 0, 0, 0, 0, 0, 0, 0, 0, 0, 0, 0, 0, 0, 1, 0, 0, 0, 0, 0, 0, 0], [0, 0, 0, 0, 0, 0, 0, 0, 0, 0, 0, 0, 0, 0, 0, 1, 0, 0, 0, 0, 0, 0], [0, 0, 0, 0, 0, 0, 0, 0, 0, 0, 0, 0, 0, 0, 0, 0, 1, 0, 0, 0, 0, 0], [0, 0, 0, 0, 0, 0, 0, 0, 0, 0, 0, 0, 0, 0, 0, 0, 0, 1, 0, 0, 0, 0], [0, 0, 0, 0, 0, 0, 0, 0, 0, 0, 0, 0, 0, 0, 0, 0, 0, 0, 1, 0, 0, 0], [0, 0, 0, 0, 0, 0, 0, 0, 0, 0, 0, 0, 0, 0, 0, 0, 0, 0, 0, 1, 0, 0], [0, 0, 0, 0, 0, 0, 0, 0, 0, 0, 0, 0, 0, 0, 0, 0, 0, 0, 0, 0, 1, 0], [0, 0, 0, 0, 0, 0, 0, 0, 0, 0, 0, 0, 0, 0, 0, 0, 0, 0, 0, 0, 0, 1]]
[[1, 0, 0, 0, 0, 0, 0, 1, -1, 0, -1, 0, 0, -1, -1, 0, 0, 2, 0, 1, -1, 0], [0, 0, 1, 1, 1, 0, 1, 0, 1, 1, 1, 0, 1, 0, 0, -1, 0, -1, 1, 0, 0, 0], [0, 0, 1, 0, 0, 0, 0, -1, 1, 0, 1, 0, 0, 1, 1, 0, 0, -2, 0, -1, 1, 0], [0, 0, 0, 1, 0, 0, 0, 0, 0, 0, 0, 0, 0, 0, 0, 0, 0, 0, 0, 0, 0, 0], [0, 0, 0, 0, 1, 0, 0, -1, 1, 0, 1, 0, 0, 1, 1, 0, 0, -2, 0, -1, 1, 0], [0, -1, 1, 1, 1, 1, 1, 0, 1, 1, 1, 0, 1, 0, 0, -1, 0, -1, 1, 0, 0, 0], [0, 0, 0, 0, 0, 0, 1, -1, 1, 0, 1, 0, 0, 1, 1, 0, 0, -2, 0, -1, 1, 0], [0, -1, 1, 1, 1, 0, 1, 2, 0, 1, 0, 0, 1, -1, -1, -1, 0, 1, 1, 1, -1, 0], [0, -1, 1, 1, 1, 0, 1, 1, 1, 1, 0, 0, 1, -1, -1, -1, 0, 1, 1, 1, -1, 0], [0, 1, -1, -1, -1, 0, -1, 1, -2, 0, -2, 0, -1, -1, -1, 1, 0, 3, -1, 1, -1, 0], [0, -1, 1, 1, 1, 0, 1, 1, 0, 1, 1, 0, 1, -1, -1, -1, 0, 1, 1, 1, -1, 0], [0, -1, 1, 1, 1, 0, 1, 0, 1, 1, 1, 1, 1, 0, 0, -1, 0, -1, 1, 0, 0, 0], [0, 1, -1, -1, -1, 0, -1, -1, 0, -1, 0, 0, 0, 1, 1, 1, 0, -1, -1, -1, 1, 0], [0, 0, 0, 0, 0, 0, 0, 0, 0, 0, 0, 0, 0, 1, 0, 0, 0, 0, 0, 0, 0, 0], [0, 0, 0, 0, 0, 0, 0, 1, -1, 0, -1, 0, 0, -1, 0, 0, 0, 2, 0, 1, -1, 0], [0, 0, 0, 0, 0, 0, 0, -1, 1, 0, 1, 0, 0, 1, 1, 1, 0, -2, 0, -1, 1, 0], [0, 0, 0, 0, 0, 0, 0, -1, 1, 0, 1, 0, 0, 1, 1, 0, 1, -2, 0, -1, 1, 0], [0, -1, 1, 1, 1, 0, 1, 0, 1, 1, 1, 0, 1, 0, 0, -1, 0, 0, 1, 0, 0, 0], [0, 0, 0, 0, 0, 0, 0, 0, 0, 0, 0, 0, 0, 0, 0, 0, 0, 0, 1, 0, 0, 0], [0, 1, -1, -1, -1, 0, -1, 0, -1, -1, -1, 0, -1, 0, 0, 1, 0, 1, -1, 1, 0, 0], [0, 0, 0, 0, 0, 0, 0, 0, 0, 0, 0, 0, 0, 0, 0, 0, 0, 0, 0, 0, 1, 0], [0, 0, 0, 0, 0, 0, 0, 1, -1, 0, -1, 0, 0, -1, -1, 0, 0, 2, 0, 1, -1, 1]]
[[1, 0, 0, 0, -1, 0, -1, -1, 0, -1, 0, 1, 0, 1, 0, 0, 1, 1, 0, 1, 0, 0], [0, 0, 1, 0, 0, 1, 0, 0, 0, 0, 0, 0, 0, 0, 0, -1, 0, -1, 1, 0, 0, 0], [0, 0, 1, 0, 0, 0, 0, 0, 0, 0, 0, 0, 0, 0, 0, 0, -1, -1, 0, -1, 0, 0], [0, 0, 0, 1, 0, 0, 0, 0, 0, 0, 0, 0, 0, 0, 0, 0, 0, 0, 0, 0, 0, 0], [0, 0, 0, 0, 1, 0, 0, 0, 0, 0, 0, 0, 0, 0, 0, 0, -1, -1, 0, -1, 0, 0], [0, 0, 0, 0, 1, 1, 1, 1, 0, 1, 0, -1, 0, -1, 0, 0, 0, 0, 0, 0, 0, 0], [0, 0, 0, 0, 0, 0, 1, 0, 0, 0, 0, 0, 0, 0, 0, 0, -1, -1, 0, -1, 0, 0], [-1, -1, 1, 0, -1, 2, -1, -1, 0, 0, 0, 0, -1, 1, 0, -2, 2, 1, 1, 1, 0, 0], [0, -1, 1, 0, -1, 1, -1, -1, 1, -1, 0, 1, 0, 1, 0, -1, 1, 0, 1, 1, 0, 0], [0, 0, 0, 0, 0, 0, 0, 0, 0, 1, 0, 0, 0, 0, 0, 0, 1, 1, 0, 1, 0, 0], [0, -1, 1, 0, -1, 1, -1, -1, 0, -1, 1, 1, 0, 1, 0, -1, 1, 0, 1, 1, 0, 0], [-1, -1, 1, 0, 0, 2, 0, -1, 0, 1, 0, 0, -1, 0, 0, -2, 1, 0, 1, 0, 0, 0], [0, 1, -1, 0, 2, -1, 2, 2, 0, 2, 0, -2, 1, -2, 0, 1, -1, 0, -1, -1, 0, 0], [0, 0, 0, 0, 1, 0, 1, 1, 0, 1, 0, -1, 0, 0, 0, 0, 0, 0, 0, 0, 0, 0], [0, 0, 0, 0, 0, 0, 0, 0, 0, 0, 0, 0, 0, 0, 1, 0, 1, 1, 0, 1, 0, 0], [0, 0, 0, 0, 1, 0, 1, 1, 0, 1, 0, -1, 0, -1, 0, 1, -1, -1, 0, -1, 0, 0], [0, 0, 0, 0, 0, 0, 0, 0, 0, 0, 0, 0, 0, 0, 0, 0, 0, -1, 0, -1, 0, 0], [0, -1, 1, 0, 0, 1, 0, 0, 0, 0, 0, 0, 0, 0, 0, -1, 0, 0, 1, 0, 0, 0], [0, 0, 0, 0, 0, 0, 0, 0, 0, 0, 0, 0, 0, 0, 0, 0, 0, 0, 1, 0, 0, 0], [0, 1, -1, 0, 0, -1, 0, 0, 0, 0, 0, 0, 0, 0, 0, 1, -1, 0, -1, 0, 0, 0], [0, 0, 0, 0, 0, 0, 0, 0, 0, 0, 0, 0, 0, 0, 0, 0, -1, -1, 0, -1, 1, 0], [0, 0, 0, 0, 0, 0, 0, 0, 0, 0, 0, 0, 0, 0, 0, 0, 1, 1, 0, 1, 0, 1]]
[[1, 0, 0, 0, 0, 0, 0, 0, 0, 0, 0, 0, 0, 0, 0, 0, 0, 0, 0, 0, 0, 0], [0, 1, 0, 0, 0, 0, 0, 0, 0, 0, 0, 0, 0, 0, 0, 0, 0, 0, 0, 0, 0, 0], [0, 0, 1, 0, 0, 0, 0, 0, 0, 0, 0, 0, 0, 0, 0, 0, 0, 0, 0, 0, 0, 0], [0, 0, 0, 1, 0, 0, 0, 0, 0, 0, 0, 0, 0, 0, 0, 0, 0, 0, 0, 0, 0, 0], [0, 0, 0, 0, 1, 0, 0, 0, 0, 0, 0, 0, 0, 0, 0, 0, 0, 0, 0, 0, 0, 0], [0, 0, 0, 0, 0, 1, 0, 0, 0, 0, 0, 0, 0, 0, 0, 0, 0, 0, 0, 0, 0, 0], [0, 0, 0, 0, 0, 0, 1, 0, 0, 0, 0, 0, 0, 0, 0, 0, 0, 0, 0, 0, 0, 0], [0, 0, 0, 0, 0, 0, 0, 1, 0, 0, 0, 0, 0, 0, 0, 0, 0, 0, 0, 0, 0, 0], [0, 0, 0, 0, 0, 0, 0, 0, 1, 0, 0, 0, 0, 0, 0, 0, 0, 0, 0, 0, 0, 0], [0, 0, 0, 0, 0, 0, 0, 0, 0, 1, 0, 0, 0, 0, 0, 0, 0, 0, 0, 0, 0, 0], [0, 0, 0, 0, 0, 0, 0, 0, 0, 0, 1, 0, 0, 0, 0, 0, 0, 0, 0, 0, 0, 0], [0, 0, 0, 0, 0, 0, 0, 0, 0, 0, 0, 1, 0, 0, 0, 0, 0, 0, 0, 0, 0, 0], [0, 0, 0, 0, 0, 0, 0, 0, 0, 0, 0, 0, 1, 0, 0, 0, 0, 0, 0, 0, 0, 0], [0, 0, 0, 0, 0, 0, 0, 0, 0, 0, 0, 0, 0, 1, 0, 0, 0, 0, 0, 0, 0, 0], [0, 0, 0, 0, 0, 0, 0, 0, 0, 0, 0, 0, 0, 0, 1, 0, 0, 0, 0, 0, 0, 0], [0, 0, 0, 0, 0, 0, 0, 0, 0, 0, 0, 0, 0, 0, 0, 1, 0, 0, 0, 0, 0, 0], [0, 0, 0, 0, 0, 0, 0, 0, 0, 0, 0, 0, 0, 0, 0, 0, 1, 0, 0, 0, 0, 0], [0, 0, 0, 0, 0, 0, 0, 0, 0, 0, 0, 0, 0, 0, 0, 0, 0, 1, 0, 0, 0, 0], [0, 0, 0, 0, 0, 0, 0, 0, 0, 0, 0, 0, 0, 0, 0, 0, 0, 0, 1, 0, 0, 0], [0, 0, 0, 0, 0, 0, 0, 0, 0, 0, 0, 0, 0, 0, 0, 0, 0, 0, 0, 1, 0, 0], [0, 0, 0, 0, 0, 0, 0, 0, 0, 0, 0, 0, 0, 0, 0, 0, 0, 0, 0, 0, 1, 0], [0, 0, 0, 0, 0, 0, 0, 0, 0, 0, 0, 0, 0, 0, 0, 0, 0, 0, 0, 0, 0, 1]]
[[2, 1, -1, 0, 0, 0, -3, 0, -4, -1, -3, 0, -3, 0, -3, 0, -2, 3, -3, 0, -3, -2], [0, 1, 0, 0, 0, 0, -1, 0, -1, 0, -1, 0, -1, 0, -1, 0, -1, 1, -1, 0, -1, -1], [0, 0, 1, 0, -1, 0, -1, 0, -1, -1, 0, 0, -1, 1, 0, 0, 0, 0, -1, 0, 0, -1], [0, 0, 0, 0, 0, 0, -1, 0, 0, 0, -1, 0, -1, 0, 0, 1, -1, 0, -1, 0, 0, -1], [-1, -1, 1, 1, 0, 0, 1, 0, 1, 0, 2, 0, 1, 1, 1, -1, 1, -1, 1, 0, 1, 0], [-1, -1, 1, 0, 1, 1, 2, 0, 3, 2, 1, 0, 2, -1, 1, 0, 0, -1, 2, 0, 1, 1], [0, 0, 0, 0, -1, 0, 0, 0, -1, -1, 0, 0, -1, 1, 0, 0, 0, 0, -1, 0, 0, -1], [1, 1, -1, 0, 2, 0, 0, 1, -1, 1, -2, 0, 0, -2, -2, 0, -1, 2, 0, 0, -2, 1], [1, 1, -1, 1, 0, 0, -3, 0, -4, -1, -3, 0, -3, 0, -4, -1, -2, 4, -3, 0, -4, -2], [1, 1, -1, -1, 1, 0, 1, 0, 1, 1, 0, 0, 1, -1, 1, 1, 1, -1, 1, 0, 1, 2], [1, 1, -1, 0, 1, 0, -2, 0, -3, 0, -2, 0, -2, -1, -3, 0, -2, 3, -2, 0, -3, -1], [1, 1, -1, 0, 1, 0, 0, 0, -1, 0, -1, 1, 0, -1, -1, 0, 0, 1, 0, 0, -1, 1], [-2, -2, 2, -1, 0, 0, 5, 0, 8, 2, 5, 0, 6, 0, 6, 1, 3, -6, 5, 0, 6, 3], [0, 0, 0, 0, 0, 0, 1, 0, 1, 0, 1, 0, 1, 1, 1, 0, 1, -1, 1, 0, 1, 1], [0, 0, 0, 0, 1, 0, 1, 0, 1, 1, 0, 0, 1, -1, 1, 0, 0, 0, 1, 0, 0, 1], [-1, -1, 1, 0, -1, 0, 1, 0, 2, 0, 2, 0, 1, 1, 2, 1, 1, -2, 1, 0, 2, 0], [-1, -1, 1, 0, 0, 0, 2, 0, 3, 1, 2, 0, 2, 0, 2, 0, 2, -2, 2, 0, 2, 1], [1, 1, -1, 0, 0, 0, -2, 0, -3, -1, -2, 0, -2, 0, -2, 0, -1, 3, -2, 0, -2, -1], [1, 1, -1, 0, -1, 0, -3, 0, -4, -2, -2, 0, -3, 1, -2, 0, -1, 2, -2, 0, -2, -2], [0, 0, 0, 0, 0, 0, 0, 0, 0, 0, 0, 0, 0, 0, 0, 0, 0, 0, 0, 1, 0, 0], [1, 1, -1, 0, 0, 0, -2, 0, -3, -1, -2, 0, -2, 0, -2, 0, -1, 2, -2, 0, -1, -1], [0, 0, 0, 0, 0, 0, -1, 0, -1, 0, -1, 0, -1, 0, -1, 0, -1, 1, -1, 0, -1, 0]]
[[2, 0, 0, 2, -1, -3, -3, -1, 2, -4, 2, 2, 2, 5, -1, -1, 2, -1, -1, 1, -1, -4], [0, 0, 1, 1, 0, -1, -1, 0, 1, -1, 1, 1, 1, 1, 0, 0, 0, 0, 0, 1, -1, -2], [0, 0, 1, 0, -1, 0, -1, -1, 0, -1, 1, 1, 0, 1, 0, 0, 0, 0, -1, 0, 0, -1], [0, 0, 0, 0, 0, 0, 0, 0, 0, 0, 0, 0, 0, -1, 1, 1, -1, 1, 0, 1, -1, -1], [0, 0, 0, 0, 0, 0, 0, -1, 0, 0, 1, 1, 0, 0, 0, 0, 0, -1, -1, -1, 1, 0], [0, 0, 0, -1, 1, 1, 2, 1, 0, 2, -1, -1, 0, -3, 1, 1, -1, 0, 1, 0, 0, 1], [0, -1, 1, 1, -1, -1, -1, -1, 1, -2, 2, 2, 1, 2, 0, 0, 0, -2, -1, -1, 1, -1], [1, 1, -1, 1, 0, -2, -1, 1, 1, -2, 0, 0, 1, 3, -1, -1, 2, -1, 1, 1, -1, -2], [2, 0, 0, 2, -1, -4, -3, -1, 3, -5, 3, 3, 4, 5, -2, -2, 2, -2, 0, 1, -1, -4], [0, 1, -1, -1, 1, 1, 1, 1, -1, 2, -2, -2, -1, -1, 0, 0, 0, 1, 1, 0, 0, 2], [1, 0, 0, 2, 0, -3, -2, 0, 2, -3, 2, 1, 2, 4, -1, -1, 2, -1, 0, 1, -1, -3], [1, 1, -1, 1, 0, -2, -1, 0, 1, -2, 0, 1, 1, 3, -1, -1, 2, -1, 0, 0, 0, -1], [-3, 0, 0, -4, 2, 7, 6, 2, -4, 9, -5, -5, -5, -10, 3, 3, -4, 3, 2, -1, 1, 7], [0, 0, 0, 0, 0, 0, 1, 0, 0, 1, 0, 0, 0, 0, 0, 0, 0, -1, 0, -1, 1, 1], [0, 0, 0, 1, 0, 0, 0, 0, 0, 0, 0, 0, 0, 1, 0, -1, 1, -1, 1, 0, 0, 0], [-1, 0, 0, -2, 1, 3, 3, 1, -2, 4, -2, -2, -2, -5, 1, 2, -2, 3, 0, 0, 0, 3], [-1, 0, 0, -2, 1, 3, 2, 1, -2, 3, -2, -2, -2, -4, 1, 1, -1, 2, 1, 0, 0, 3], [1, 0, 0, 2, -1, -3, -2, -1, 2, -3, 2, 2, 2, 4, -1, -1, 2, -1, -1, 0, 0, -3], [1, 0, 0, 2, -1, -3, -2, -1, 2, -3, 2, 2, 2, 4, -1, -1, 2, 0, -2, 0, 0, -3], [0, 0, 0, -1, 0, 0, 0, 0, 0, 0, 0, 0, 0, -1, 1, 1, -1, -1, 0, 0, 1, 1], [1, 0, 0, 1, -1, -3, -2, -1, 2, -3, 2, 2, 2, 3, 0, 0, 1, -1, -2, 0, 1, -3], [0, 0, 0, 0, 0, 0, 0, 0, 0, 0, 0, 0, 0, 0, 0, 0, 0, 0, 1, 1, -1, 0]]
[[1, 0, 0, 0, 0, 0, 0, 0, 0, 0, 0, 0, 0, 0, 0, 0, 0, 0, 0, 0, 0, 0], [0, 1, 0, 0, 0, 0, 0, 0, 0, 0, 0, 0, 0, 0, 0, 0, 0, 0, 0, 0, 0, 0], [0, 0, 1, 0, 0, 0, 0, 0, 0, 0, 0, 0, 0, 0, 0, 0, 0, 0, 0, 0, 0, 0], [0, 0, 0, 1, 0, 0, 0, 0, 0, 0, 0, 0, 0, 0, 0, 0, 0, 0, 0, 0, 0, 0], [0, 0, 0, 0, 1, 0, 0, 0, 0, 0, 0, 0, 0, 0, 0, 0, 0, 0, 0, 0, 0, 0], [0, 0, 0, 0, 0, 1, 0, 0, 0, 0, 0, 0, 0, 0, 0, 0, 0, 0, 0, 0, 0, 0], [0, 0, 0, 0, 0, 0, 1, 0, 0, 0, 0, 0, 0, 0, 0, 0, 0, 0, 0, 0, 0, 0], [0, 0, 0, 0, 0, 0, 0, 1, 0, 0, 0, 0, 0, 0, 0, 0, 0, 0, 0, 0, 0, 0], [0, 0, 0, 0, 0, 0, 0, 0, 1, 0, 0, 0, 0, 0, 0, 0, 0, 0, 0, 0, 0, 0], [0, 0, 0, 0, 0, 0, 0, 0, 0, 1, 0, 0, 0, 0, 0, 0, 0, 0, 0, 0, 0, 0], [0, 0, 0, 0, 0, 0, 0, 0, 0, 0, 1, 0, 0, 0, 0, 0, 0, 0, 0, 0, 0, 0], [0, 0, 0, 0, 0, 0, 0, 0, 0, 0, 0, 1, 0, 0, 0, 0, 0, 0, 0, 0, 0, 0], [0, 0, 0, 0, 0, 0, 0, 0, 0, 0, 0, 0, 1, 0, 0, 0, 0, 0, 0, 0, 0, 0], [0, 0, 0, 0, 0, 0, 0, 0, 0, 0, 0, 0, 0, 1, 0, 0, 0, 0, 0, 0, 0, 0], [0, 0, 0, 0, 0, 0, 0, 0, 0, 0, 0, 0, 0, 0, 1, 0, 0, 0, 0, 0, 0, 0], [0, 0, 0, 0, 0, 0, 0, 0, 0, 0, 0, 0, 0, 0, 0, 1, 0, 0, 0, 0, 0, 0], [0, 0, 0, 0, 0, 0, 0, 0, 0, 0, 0, 0, 0, 0, 0, 0, 1, 0, 0, 0, 0, 0], [0, 0, 0, 0, 0, 0, 0, 0, 0, 0, 0, 0, 0, 0, 0, 0, 0, 1, 0, 0, 0, 0], [0, 0, 0, 0, 0, 0, 0, 0, 0, 0, 0, 0, 0, 0, 0, 0, 0, 0, 1, 0, 0, 0], [0, 0, 0, 0, 0, 0, 0, 0, 0, 0, 0, 0, 0, 0, 0, 0, 0, 0, 0, 1, 0, 0], [0, 0, 0, 0, 0, 0, 0, 0, 0, 0, 0, 0, 0, 0, 0, 0, 0, 0, 0, 0, 1, 0], [0, 0, 0, 0, 0, 0, 0, 0, 0, 0, 0, 0, 0, 0, 0, 0, 0, 0, 0, 0, 0, 1]]
[[0, -1, -1, 1, -2, -1, -2, -1, -1, -3, -1, 1, -1, 1, -2, -2, 0, 1, -1, -1, -1, -1], [0, 0, -1, 1, -1, -1, -1, -1, 0, -2, 0, 1, 0, 1, -1, -1, 0, 0, -1, -1, 0, -1], [0, -1, 0, 1, -1, -1, -1, -1, 0, -2, 0, 1, 0, 1, -1, -1, 0, 0, -1, -1, 0, -1], [-1, 0, 0, 1, -1, 0, -1, 0, -1, -1, -1, 0, -1, 0, -1, -1, 0, 1, 0, 0, -1, 0], [0, 0, 0, 0, 1, 0, 0, 0, 0, 0, 0, 0, 0, 0, 0, 0, 0, 0, 0, 0, 0, 0], [0, 1, 1, -1, 1, 2, 1, 1, 0, 2, 0, -1, 0, -1, 1, 1, 0, 0, 1, 1, 0, 1], [0, 0, 0, 0, 0, 0, 1, 0, 0, 0, 0, 0, 0, 0, 0, 0, 0, 0, 0, 0, 0, 0], [1, 0, 0, 0, 1, 0, 1, 1, 1, 1, 1, 0, 1, 0, 1, 1, 0, -1, 0, 0, 1, 0], [0, -1, -1, 1, -1, -1, -1, -1, 1, -2, 0, 1, 0, 1, -1, -1, 0, 0, -1, -1, 0, -1], [0, 0, 0, 0, 0, 0, 0, 0, 0, 1, 0, 0, 0, 0, 0, 0, 0, 0, 0, 0, 0, 0], [0, -1, -1, 1, -1, -1, -1, -1, 0, -2, 1, 1, 0, 1, -1, -1, 0, 0, -1, -1, 0, -1], [1, 0, 0, 0, 1, 0, 1, 0, 1, 1, 1, 1, 1, 0, 1, 1, 0, -1, 0, 0, 1, 0], [0, 2, 2, -2, 2, 2, 2, 2, 0, 4, 0, -2, 1, -2, 2, 2, 0, 0, 2, 2, 0, 2], [0, 0, 0, 0, 0, 0, 0, 0, 0, 0, 0, 0, 0, 1, 0, 0, 0, 0, 0, 0, 0, 0], [0, 0, 0, 0, 0, 0, 0, 0, 0, 0, 0, 0, 0, 0, 1, 0, 0, 0, 0, 0, 0, 0], [0, 1, 1, -1, 1, 1, 1, 1, 0, 2, 0, -1, 0, -1, 1, 2, 0, 0, 1, 1, 0, 1], [1, 1, 1, -1, 2, 1, 2, 1, 1, 3, 1, -1, 1, -1, 2, 2, 1, -1, 1, 1, 1, 1], [0, 0, 0, 0, 0, 0, 0, 0, 0, 0, 0, 0, 0, 0, 0, 0, 0, 1, 0, 0, 0, 0], [0, 0, 0, 0, 0, 0, 0, 0, 0, 0, 0, 0, 0, 0, 0, 0, 0, 0, 1, 0, 0, 0], [-1, -1, -1, 1, -2, -1, -2, -1, -1, -3, -1, 1, -1, 1, -2, -2, 0, 1, -1, 0, -1, -1], [-1, 0, 0, 0, -1, 0, -1, 0, -1, -1, -1, 0, -1, 0, -1, -1, 0, 1, 0, 0, 0, 0], [0, -1, -1, 1, -1, -1, -1, -1, 0, -2, 0, 1, 0, 1, -1, -1, 0, 0, -1, -1, 0, 0]]
[[1, -2, -1, 4, -4, -2, -4, -5, -3, -7, -1, 6, -3, 6, -2, -4, 2, -1, -4, -4, 0, -2], [1, -1, -1, 3, -3, -2, -3, -4, -1, -6, 0, 5, -1, 5, -1, -3, 2, -2, -3, -3, 1, -2], [1, -1, -1, 4, -2, -3, -3, -3, 0, -6, 0, 5, 0, 5, -1, -3, 2, -2, -2, -2, 0, -3], [0, 1, 0, -1, 0, 1, 0, 1, -2, 1, -2, -1, -2, -1, -1, 1, -1, 1, -1, 0, 0, 1], [0, -1, 0, 3, -1, -2, -2, -2, 1, -4, 1, 3, 1, 4, 0, -3, 2, -2, 0, -1, 0, -2], [-1, 1, 1, -2, 1, 2, 1, 2, 0, 3, 0, -3, 0, -2, 0, 1, -1, 1, 1, 1, 0, 1], [0, -1, -1, 4, -2, -3, -3, -4, 1, -6, 1, 5, 1, 5, -1, -5, 3, -2, -1, -2, 0, -3], [0, -2, 1, 0, -1, 1, 0, -2, 0, 0, 1, 1, 0, 0, 0, -1, 0, 0, -1, -2, 1, 1], [0, -4, -1, 7, -6, -4, -6, -8, -1, -11, 1, 9, -2, 10, -2, -7, 4, -3, -5, -6, 1, -4], [0, 1, 1, -4, 3, 3, 4, 4, 0, 7, 0, -5, 0, -6, 2, 5, -2, 2, 2, 3, 0, 3], [1, -3, -1, 5, -5, -3, -5, -7, -1, -9, 1, 8, -1, 8, -2, -6, 3, -3, -4, -5, 1, -3], [0, -2, 1, 1, -1, 0, 0, -2, 1, -1, 2, 2, 1, 1, 1, -1, 1, -1, 0, -1, 1, 0], [-1, 6, 2, -11, 9, 6, 9, 13, 2, 17, -1, -15, 3, -15, 3, 11, -6, 5, 7, 9, -1, 6], [0, 0, 0, 0, 1, 0, 0, 0, 1, 0, 1, 0, 1, 0, 1, 0, 1, 0, 1, 1, 0, 0], [0, 1, 0, -3, 2, 2, 2, 2, -1, 4, -1, -3, -1, -4, 1, 3, -2, 2, 0, 1, 0, 2], [0, 2, 1, -3, 2, 1, 2, 4, 2, 4, 0, -4, 2, -3, 1, 3, -1, 0, 3, 3, 0, 1], [0, 2, 1, -4, 3, 2, 4, 5, 2, 7, 0, -6, 2, -5, 1, 4, -2, 1, 3, 3, 0, 2], [1, -1, 0, 1, -2, 0, -1, -2, -1, -3, -1, 3, -1, 2, 0, -1, 1, 0, -1, -1, 0, 0], [1, -1, 0, 1, -2, 0, -1, -2, -1, -3, -1, 3, -1, 2, 0, -1, 1, -1, 0, -1, 0, 0], [-1, 0, -1, 2, 0, -1, -1, -1, -1, -1, 0, 1, -1, 1, -1, -1, 0, 1, -1, 0, -1, -1], [0, 0, 0, 1, -1, 1, 0, -1, -2, -1, -2, 2, -2, 0, 0, 0, 0, 1, 0, 0, -1, 1], [0, -1, -1, 2, -1, -2, -2, -2, 0, -3, 1, 2, 0, 3, -1, -2, 1, -1, -2, -2, 1, -1]]
[[2, -1, -1, 3, -1, -3, -4, -5, 2, -6, 3, 6, 2, 7, 0, -4, 5, -4, -1, -2, 2, -2], [1, 0, -1, 3, -1, -3, -3, -4, 2, -5, 3, 5, 2, 6, 0, -3, 4, -4, -1, -2, 2, -2], [1, -1, 0, 4, -1, -4, -2, -3, 2, -5, 4, 5, 3, 6, 0, -3, 4, -4, -1, -2, 2, -2], [0, 1, 0, -1, 1, 1, 0, 1, -1, 1, -2, -1, -1, -2, 0, 1, -1, 2, 0, 1, -1, 1], [0, -1, 0, 3, 0, -2, 0, -1, 1, -2, 3, 2, 2, 3, 0, -2, 2, -2, 0, -1, 1, -1], [0, 1, 0, -2, 1, 2, 1, 2, -1, 2, -2, -2, -1, -3, 0, 2, -2, 2, 0, 1, -1, 1], [1, -1, -1, 4, -1, -4, -1, -3, 2, -5, 4, 5, 3, 6, 0, -3, 4, -4, -1, -2, 2, -2], [0, -1, 0, 0, -1, 1, -3, -3, 1, -2, 0, 2, -1, 3, 0, -2, 2, -2, 0, -1, 1, -1], [1, -2, -1, 5, -2, -4, -5, -7, 4, -8, 5, 8, 3, 10, 0, -6, 7, -6, -1, -3, 3, -3], [-1, 1, 1, -4, 1, 4, 2, 3, -2, 6, -4, -5, -3, -6, 0, 3, -4, 4, 1, 2, -2, 2], [1, -1, -1, 2, -1, -2, -4, -5, 2, -5, 3, 5, 1, 6, 0, -3, 4, -4, -1, -2, 2, -2], [0, -1, 0, 1, -1, 0, -2, -3, 1, -2, 1, 3, 0, 3, 0, -2, 2, -2, 0, -1, 1, -1], [-2, 3, 2, -8, 3, 7, 8, 11, -5, 13, -8, -13, -4, -16, 0, 9, -11, 10, 2, 5, -5, 5], [0, 0, 0, 0, 0, 0, 1, 1, 0, 1, 0, -1, 0, 0, 0, 1, -1, 0, 0, 0, 0, 0], [0, 0, 0, -1, 0, 1, 0, 0, 0, 1, -1, -1, -1, -1, 1, 1, -1, 0, 0, 0, 0, 0], [-1, 1, 1, -2, 1, 2, 3, 4, -2, 4, -2, -4, -1, -5, 0, 3, -3, 4, 1, 2, -2, 2], [-1, 1, 1, -3, 1, 3, 3, 4, -2, 5, -3, -5, -2, -6, 0, 3, -3, 4, 1, 2, -2, 2], [1, -1, -1, 3, -1, -3, -3, -4, 2, -5, 3, 5, 2, 6, 0, -3, 4, -3, -1, -2, 2, -2], [1, -1, -1, 4, -1, -4, -3, -4, 2, -6, 4, 6, 3, 7, 0, -4, 5, -4, 0, -2, 2, -2], [0, 1, 0, -2, 1, 1, 2, 3, -1, 3, -2, -3, -1, -4, 0, 3, -3, 2, 0, 2, -1, 1], [1, 0, -1, 2, 0, -3, -2, -2, 1, -4, 2, 4, 2, 4, 0, -2, 3, -2, -1, -1, 2, -1], [0, 0, 0, -1, 0, 1, 0, 0, 0, 1, -1, -1, -1, -1, 0, 1, -1, 0, 0, 0, 0, 1]]
[[1, 0, 0, 0, 0, 0, 0, 0, 0, 0, 0, 0, 0, 0, 0, 0, 0, 0, 0, 0, 0, 0], [0, 1, 0, 0, 0, 0, 0, 0, 0, 0, 0, 0, 0, 0, 0, 0, 0, 0, 0, 0, 0, 0], [0, 0, 1, 0, 0, 0, 0, 0, 0, 0, 0, 0, 0, 0, 0, 0, 0, 0, 0, 0, 0, 0], [0, 0, 0, 1, 0, 0, 0, 0, 0, 0, 0, 0, 0, 0, 0, 0, 0, 0, 0, 0, 0, 0], [0, 0, 0, 0, 1, 0, 0, 0, 0, 0, 0, 0, 0, 0, 0, 0, 0, 0, 0, 0, 0, 0], [0, 0, 0, 0, 0, 1, 0, 0, 0, 0, 0, 0, 0, 0, 0, 0, 0, 0, 0, 0, 0, 0], [0, 0, 0, 0, 0, 0, 1, 0, 0, 0, 0, 0, 0, 0, 0, 0, 0, 0, 0, 0, 0, 0], [0, 0, 0, 0, 0, 0, 0, 1, 0, 0, 0, 0, 0, 0, 0, 0, 0, 0, 0, 0, 0, 0], [0, 0, 0, 0, 0, 0, 0, 0, 1, 0, 0, 0, 0, 0, 0, 0, 0, 0, 0, 0, 0, 0], [0, 0, 0, 0, 0, 0, 0, 0, 0, 1, 0, 0, 0, 0, 0, 0, 0, 0, 0, 0, 0, 0], [0, 0, 0, 0, 0, 0, 0, 0, 0, 0, 1, 0, 0, 0, 0, 0, 0, 0, 0, 0, 0, 0], [0, 0, 0, 0, 0, 0, 0, 0, 0, 0, 0, 1, 0, 0, 0, 0, 0, 0, 0, 0, 0, 0], [0, 0, 0, 0, 0, 0, 0, 0, 0, 0, 0, 0, 1, 0, 0, 0, 0, 0, 0, 0, 0, 0], [0, 0, 0, 0, 0, 0, 0, 0, 0, 0, 0, 0, 0, 1, 0, 0, 0, 0, 0, 0, 0, 0], [0, 0, 0, 0, 0, 0, 0, 0, 0, 0, 0, 0, 0, 0, 1, 0, 0, 0, 0, 0, 0, 0], [0, 0, 0, 0, 0, 0, 0, 0, 0, 0, 0, 0, 0, 0, 0, 1, 0, 0, 0, 0, 0, 0], [0, 0, 0, 0, 0, 0, 0, 0, 0, 0, 0, 0, 0, 0, 0, 0, 1, 0, 0, 0, 0, 0], [0, 0, 0, 0, 0, 0, 0, 0, 0, 0, 0, 0, 0, 0, 0, 0, 0, 1, 0, 0, 0, 0], [0, 0, 0, 0, 0, 0, 0, 0, 0, 0, 0, 0, 0, 0, 0, 0, 0, 0, 1, 0, 0, 0], [0, 0, 0, 0, 0, 0, 0, 0, 0, 0, 0, 0, 0, 0, 0, 0, 0, 0, 0, 1, 0, 0], [0, 0, 0, 0, 0, 0, 0, 0, 0, 0, 0, 0, 0, 0, 0, 0, 0, 0, 0, 0, 1, 0], [0, 0, 0, 0, 0, 0, 0, 0, 0, 0, 0, 0, 0, 0, 0, 0, 0, 0, 0, 0, 0, 1]]
[[1, 0, 0, 0, 0, 0, 0, 0, 0, 0, 0, 0, 0, 0, 0, 0, 0, 0, 0, 0, 0, 0], [0, 0, 0, 0, 0, 0, 0, 0, 0, 0, 0, 0, 0, 0, 0, 0, -1, 0, 0, 0, 0, 0], [0, -1, 1, 0, 0, 0, 0, 0, 0, 0, 0, 0, 0, 0, 0, 0, -1, 0, 0, 0, 0, 0], [-1, -1, 0, 1, 0, 0, 0, 0, 0, 1, 0, -1, -1, 0, 0, 0, -1, 0, 0, 0, 0, 0], [0, 0, 1, 0, 0, 0, -1, 0, 0, -1, 0, 1, 0, 1, 0, 0, 0, -1, 0, 0, 0, -1], [-1, 0, 0, 0, 0, 1, 0, 0, 0, 1, 0, -1, -1, 0, 0, 0, 0, 0, 0, 0, 0, 0], [0, 0, 1, 0, -1, 0, 0, 0, 0, -1, 0, 1, 0, 1, 0, 0, 0, -1, 0, 0, 0, -1], [1, 1, -1, 0, 1, 0, 1, 1, 0, 0, 0, 0, 1, -1, 0, 0, 1, 1, 0, 0, 0, 1], [1, 0, 0, 0, 0, 0, 0, 0, 1, -1, 0, 1, 1, 0, 0, 0, 0, 0, 0, 0, 0, 0], [1, 1, -1, 0, 1, 0, 1, 0, 0, 1, 0, 0, 1, -1, 0, 0, 1, 1, 0, 0, 0, 1], [1, 0, 0, 0, 0, 0, 0, 0, 0, -1, 1, 1, 1, 0, 0, 0, 0, 0, 0, 0, 0, 0], [1, 1, -1, 0, 1, 0, 1, 0, 0, 0, 0, 1, 1, -1, 0, 0, 1, 1, 0, 0, 0, 1], [-2, 0, 0, 0, 0, 0, 0, 0, 0, 2, 0, -2, -1, 0, 0, 0, 0, 0, 0, 0, 0, 0], [0, 1, 0, 0, 0, 0, 0, 0, 0, 0, 0, 0, 0, 1, 0, 0, 1, 0, 0, 0, 0, 0], [0, 1, 0, 0, 0, 0, 0, 0, 0, 0, 0, 0, 0, 0, 1, 0, 1, 0, 0, 0, 0, 0], [-1, -1, 0, 0, 0, 0, 0, 0, 0, 1, 0, -1, -1, 0, 0, 1, -1, 0, 0, 0, 0, 0], [0, -1, 0, 0, 0, 0, 0, 0, 0, 0, 0, 0, 0, 0, 0, 0, 0, 0, 0, 0, 0, 0], [0, 0, 0, 0, 0, 0, 0, 0, 0, 0, 0, 0, 0, 0, 0, 0, 0, 0, 1, 0, 0, 1], [0, 0, 0, 0, 0, 0, 0, 0, 0, 0, 0, 0, 0, 0, 0, 0, 0, 0, 1, 0, 0, 0], [0, 0, 0, 0, 0, 0, 0, 0, 0, 0, 0, 0, 0, 0, 0, 0, 0, 0, 0, 1, 0, 0], [0, 0, 0, 0, 0, 0, 0, 0, 0, 0, 0, 0, 0, 0, 0, 0, 0, -1, 1, 0, 1, 1], [0, 0, 0, 0, 0, 0, 0, 0, 0, 0, 0, 0, 0, 0, 0, 0, 0, 1, -1, 0, 0, 0]]
[[1, 0, 0, 0, 0, 0, 0, 0, 0, 0, 0, 0, 0, 0, 0, 0, 0, 0, 0, 0, 0, 0], [0, 1, 0, 0, 0, 0, 0, 0, 0, 0, 0, 0, 0, 0, 0, 0, 0, 0, 0, 0, 0, 0], [0, 0, 1, 0, 0, 0, 0, 0, 0, 0, 0, 0, 0, 0, 0, 0, 0, 0, 0, 0, 0, 0], [0, 0, 0, 1, 0, 0, 0, 0, 0, 0, 0, 0, 0, 0, 0, 0, 0, 0, 0, 0, 0, 0], [0, 0, 0, 0, 1, 0, 0, 0, 0, 0, 0, 0, 0, 0, 0, 0, 0, 0, 0, 0, 0, 0], [0, 0, 0, 0, 0, 1, 0, 0, 0, 0, 0, 0, 0, 0, 0, 0, 0, 0, 0, 0, 0, 0], [0, 0, 0, 0, 0, 0, 1, 0, 0, 0, 0, 0, 0, 0, 0, 0, 0, 0, 0, 0, 0, 0], [0, 0, 0, 0, 0, 0, 0, 1, 0, 0, 0, 0, 0, 0, 0, 0, 0, 0, 0, 0, 0, 0], [0, 0, 0, 0, 0, 0, 0, 0, 1, 0, 0, 0, 0, 0, 0, 0, 0, 0, 0, 0, 0, 0], [0, 0, 0, 0, 0, 0, 0, 0, 0, 1, 0, 0, 0, 0, 0, 0, 0, 0, 0, 0, 0, 0], [0, 0, 0, 0, 0, 0, 0, 0, 0, 0, 1, 0, 0, 0, 0, 0, 0, 0, 0, 0, 0, 0], [0, 0, 0, 0, 0, 0, 0, 0, 0, 0, 0, 1, 0, 0, 0, 0, 0, 0, 0, 0, 0, 0], [0, 0, 0, 0, 0, 0, 0, 0, 0, 0, 0, 0, 1, 0, 0, 0, 0, 0, 0, 0, 0, 0], [0, 0, 0, 0, 0, 0, 0, 0, 0, 0, 0, 0, 0, 1, 0, 0, 0, 0, 0, 0, 0, 0], [0, 0, 0, 0, 0, 0, 0, 0, 0, 0, 0, 0, 0, 0, 1, 0, 0, 0, 0, 0, 0, 0], [0, 0, 0, 0, 0, 0, 0, 0, 0, 0, 0, 0, 0, 0, 0, 1, 0, 0, 0, 0, 0, 0], [0, 0, 0, 0, 0, 0, 0, 0, 0, 0, 0, 0, 0, 0, 0, 0, 1, 0, 0, 0, 0, 0], [0, 0, 0, 0, 0, 0, 0, 0, 0, 0, 0, 0, 0, 0, 0, 0, 0, 1, 0, 0, 0, 0], [0, 0, 0, 0, 0, 0, 0, 0, 0, 0, 0, 0, 0, 0, 0, 0, 0, 0, 1, 0, 0, 0], [0, 0, 0, 0, 0, 0, 0, 0, 0, 0, 0, 0, 0, 0, 0, 0, 0, 0, 0, 1, 0, 0], [0, 0, 0, 0, 0, 0, 0, 0, 0, 0, 0, 0, 0, 0, 0, 0, 0, 0, 0, 0, 1, 0], [0, 0, 0, 0, 0, 0, 0, 0, 0, 0, 0, 0, 0, 0, 0, 0, 0, 0, 0, 0, 0, 1]]
[[1, 0, 0, 0, 0, 0, 0, 0, 0, 0, 0, 0, 0, 0, 0, 0, 0, 0, 0, 0, 0, 0], [0, 1, 0, 0, 0, 0, 0, 0, 0, 0, 0, 0, 0, 0, 0, 0, 0, 0, 0, 0, 0, 0], [0, 0, 1, 0, 0, 0, 0, 0, 0, 0, 0, 0, 0, 0, 0, 0, 0, 0, 0, 0, 0, 0], [0, 0, 0, 1, 0, 0, 0, 0, 0, 0, 0, 0, 0, 0, 0, 0, 0, 0, 0, 0, 0, 0], [0, 0, 0, 0, 1, 0, 0, 0, 0, 0, 0, 0, 0, 0, 0, 0, 0, 0, 0, 0, 0, 0], [0, 0, 0, 0, 0, 1, 0, 0, 0, 0, 0, 0, 0, 0, 0, 0, 0, 0, 0, 0, 0, 0], [0, 0, 0, 0, 0, 0, 1, 0, 0, 0, 0, 0, 0, 0, 0, 0, 0, 0, 0, 0, 0, 0], [0, 0, 0, 0, 0, 0, 0, 1, 0, 0, 0, 0, 0, 0, 0, 0, 0, 0, 0, 0, 0, 0], [0, 0, 0, 0, 0, 0, 0, 0, 1, 0, 0, 0, 0, 0, 0, 0, 0, 0, 0, 0, 0, 0], [0, 0, 0, 0, 0, 0, 0, 0, 0, 1, 0, 0, 0, 0, 0, 0, 0, 0, 0, 0, 0, 0], [0, 0, 0, 0, 0, 0, 0, 0, 0, 0, 1, 0, 0, 0, 0, 0, 0, 0, 0, 0, 0, 0], [0, 0, 0, 0, 0, 0, 0, 0, 0, 0, 0, 1, 0, 0, 0, 0, 0, 0, 0, 0, 0, 0], [0, 0, 0, 0, 0, 0, 0, 0, 0, 0, 0, 0, 1, 0, 0, 0, 0, 0, 0, 0, 0, 0], [0, 0, 0, 0, 0, 0, 0, 0, 0, 0, 0, 0, 0, 1, 0, 0, 0, 0, 0, 0, 0, 0], [0, 0, 0, 0, 0, 0, 0, 0, 0, 0, 0, 0, 0, 0, 1, 0, 0, 0, 0, 0, 0, 0], [0, 0, 0, 0, 0, 0, 0, 0, 0, 0, 0, 0, 0, 0, 0, 1, 0, 0, 0, 0, 0, 0], [0, 0, 0, 0, 0, 0, 0, 0, 0, 0, 0, 0, 0, 0, 0, 0, 1, 0, 0, 0, 0, 0], [0, 0, 0, 0, 0, 0, 0, 0, 0, 0, 0, 0, 0, 0, 0, 0, 0, 1, 0, 0, 0, 0], [0, 0, 0, 0, 0, 0, 0, 0, 0, 0, 0, 0, 0, 0, 0, 0, 0, 0, 1, 0, 0, 0], [0, 0, 0, 0, 0, 0, 0, 0, 0, 0, 0, 0, 0, 0, 0, 0, 0, 0, 0, 1, 0, 0], [0, 0, 0, 0, 0, 0, 0, 0, 0, 0, 0, 0, 0, 0, 0, 0, 0, 0, 0, 0, 1, 0], [0, 0, 0, 0, 0, 0, 0, 0, 0, 0, 0, 0, 0, 0, 0, 0, 0, 0, 0, 0, 0, 1]]
[[1, -2, -1, 2, 0, -3, -2, -1, 2, -2, 2, 0, 1, 4, -1, -1, 0, -2, 1, 1, -1, -1], [1, -1, -1, 2, 0, -3, -1, -1, 2, -2, 2, 1, 2, 3, -1, -1, 0, -2, 0, 0, 0, -1], [1, -1, -1, 1, -1, -2, -1, -2, 1, -2, 2, 1, 1, 3, -1, -1, 0, -2, -1, -1, 1, 0], [0, 0, -1, 1, -1, -3, -2, -1, 1, -2, 2, 0, 1, 3, -1, -1, 0, -2, 0, 0, 0, -1], [1, 1, 0, -1, 0, 1, 1, 0, -1, 0, -1, 1, 0, -1, 0, 0, 0, 0, -1, -1, 1, 1], [0, 1, 1, -1, 0, 0, 0, 1, 0, 0, 0, 0, 1, -1, 0, 0, 0, 0, 0, 0, 0, -1], [0, 0, 0, 0, 0, 0, 1, 0, 0, 0, 0, 0, 0, 0, 0, 0, 0, 0, -1, -1, 1, 1], [0, -1, 0, 1, 1, 0, 0, 1, 1, 0, 0, 0, 0, 0, 1, 1, 0, 0, 2, 2, -2, -2], [1, -2, -1, 2, 0, -3, -1, -1, 3, -2, 2, 1, 2, 3, -1, -1, 0, -2, 1, 1, -1, -2], [-1, 1, 1, -1, 1, 3, 1, 1, -1, 3, -2, -1, -2, -3, 2, 2, 0, 2, 1, 1, -1, 0], [1, -2, 0, 2, 0, -2, -1, 0, 2, -2, 1, 1, 1, 3, 0, 0, 0, -2, 1, 1, -1, -2], [0, -1, 0, 1, 1, 0, 0, 0, 1, 0, 0, 1, 0, 0, 1, 1, 0, 0, 1, 1, -1, -1], [-2, 4, 2, -4, 0, 5, 2, 2, -4, 4, -3, -2, -2, -6, 1, 1, 0, 4, -1, -1, 1, 2], [0, 1, 1, -1, 1, 2, 2, 1, -1, 2, -1, 0, 0, -3, 1, 1, 0, 2, 0, 0, 0, 1], [-1, 0, 1, 0, 1, 2, 1, 1, -1, 2, -1, -1, -1, -2, 1, 0, 0, 2, 1, 1, -1, 0], [0, 1, 0, -1, -1, 0, 0, 0, -1, 0, 0, 0, 0, 0, -1, 0, 0, 0, -1, -1, 1, 1], [0, 1, 0, -1, -1, 1, 0, 0, -1, 0, -1, 0, -1, 0, 0, 0, 1, 0, -1, -1, 1, 0], [1, -2, -1, 2, 0, -3, -1, -1, 2, -2, 2, 1, 2, 3, -1, -1, 0, -1, 1, 1, -1, 0], [1, -2, -1, 2, 0, -3, -1, -1, 2, -2, 2, 1, 2, 3, -1, -1, 0, -2, 1, 0, 0, 1], [0, 1, 0, -1, 0, 0, 0, 0, 0, 0, 0, 0, 0, -1, 1, 1, 0, 0, -1, 0, 1, 0], [1, -1, -1, 1, 0, -3, -1, -1, 2, -2, 2, 1, 2, 2, 0, 0, 0, -2, 1, 1, 0, 1], [0, 0, 0, 0, 0, 0, 0, 0, 0, 0, 0, 0, 0, 0, 0, 0, 0, 0, 0, 0, 0, -1]]
[[1, 0, 0, 0, 0, 0, 0, 0, 0, 0, 0, 0, 0, 0, 0, 0, 0, 0, 0, 0, 0, 0], [0, 1, 0, 0, 0, 0, 0, 0, 0, 0, 0, 0, 0, 0, 0, 0, 0, 0, 0, 0, 0, 0], [0, 0, 1, 0, 0, 0, 0, 0, 0, 0, 0, 0, 0, 0, 0, 0, 0, 0, 0, 0, 0, 0], [0, 0, 0, 1, 0, 0, 0, 0, 0, 0, 0, 0, 0, 0, 0, 0, 0, 0, 0, 0, 0, 0], [0, 0, 0, 0, 1, 0, 0, 0, 0, 0, 0, 0, 0, 0, 0, 0, 0, 0, 0, 0, 0, 0], [0, 0, 0, 0, 0, 1, 0, 0, 0, 0, 0, 0, 0, 0, 0, 0, 0, 0, 0, 0, 0, 0], [0, 0, 0, 0, 0, 0, 1, 0, 0, 0, 0, 0, 0, 0, 0, 0, 0, 0, 0, 0, 0, 0], [0, 0, 0, 0, 0, 0, 0, 1, 0, 0, 0, 0, 0, 0, 0, 0, 0, 0, 0, 0, 0, 0], [0, 0, 0, 0, 0, 0, 0, 0, 1, 0, 0, 0, 0, 0, 0, 0, 0, 0, 0, 0, 0, 0], [0, 0, 0, 0, 0, 0, 0, 0, 0, 1, 0, 0, 0, 0, 0, 0, 0, 0, 0, 0, 0, 0], [0, 0, 0, 0, 0, 0, 0, 0, 0, 0, 1, 0, 0, 0, 0, 0, 0, 0, 0, 0, 0, 0], [0, 0, 0, 0, 0, 0, 0, 0, 0, 0, 0, 1, 0, 0, 0, 0, 0, 0, 0, 0, 0, 0], [0, 0, 0, 0, 0, 0, 0, 0, 0, 0, 0, 0, 1, 0, 0, 0, 0, 0, 0, 0, 0, 0], [0, 0, 0, 0, 0, 0, 0, 0, 0, 0, 0, 0, 0, 1, 0, 0, 0, 0, 0, 0, 0, 0], [0, 0, 0, 0, 0, 0, 0, 0, 0, 0, 0, 0, 0, 0, 1, 0, 0, 0, 0, 0, 0, 0], [0, 0, 0, 0, 0, 0, 0, 0, 0, 0, 0, 0, 0, 0, 0, 1, 0, 0, 0, 0, 0, 0], [0, 0, 0, 0, 0, 0, 0, 0, 0, 0, 0, 0, 0, 0, 0, 0, 1, 0, 0, 0, 0, 0], [0, 0, 0, 0, 0, 0, 0, 0, 0, 0, 0, 0, 0, 0, 0, 0, 0, 1, 0, 0, 0, 0], [0, 0, 0, 0, 0, 0, 0, 0, 0, 0, 0, 0, 0, 0, 0, 0, 0, 0, 1, 0, 0, 0], [0, 0, 0, 0, 0, 0, 0, 0, 0, 0, 0, 0, 0, 0, 0, 0, 0, 0, 0, 1, 0, 0], [0, 0, 0, 0, 0, 0, 0, 0, 0, 0, 0, 0, 0, 0, 0, 0, 0, 0, 0, 0, 1, 0], [0, 0, 0, 0, 0, 0, 0, 0, 0, 0, 0, 0, 0, 0, 0, 0, 0, 0, 0, 0, 0, 1]]
[[1, 0, 0, 0, 0, 0, 0, 0, 0, 0, 0, 0, 0, 0, 0, 0, 0, 0, 0, 0, 0, 0], [0, 1, 0, 0, 0, 0, 0, 0, 0, 0, 0, 0, 0, 0, 0, 0, 0, 0, 0, 0, 0, 0], [0, 0, 1, 0, 0, 0, 0, 0, 0, 0, 0, 0, 0, 0, 0, 0, 0, 0, 0, 0, 0, 0], [0, 0, 0, 1, 0, 0, 0, 0, 0, 0, 0, 0, 0, 0, 0, 0, 0, 0, 0, 0, 0, 0], [0, 0, 0, 0, 1, 0, 0, 0, 0, 0, 0, 0, 0, 0, 0, 0, 0, 0, 0, 0, 0, 0], [0, 0, 0, 0, 0, 1, 0, 0, 0, 0, 0, 0, 0, 0, 0, 0, 0, 0, 0, 0, 0, 0], [0, 0, 0, 0, 0, 0, 1, 0, 0, 0, 0, 0, 0, 0, 0, 0, 0, 0, 0, 0, 0, 0], [0, 0, 0, 0, 0, 0, 0, 1, 0, 0, 0, 0, 0, 0, 0, 0, 0, 0, 0, 0, 0, 0], [0, 0, 0, 0, 0, 0, 0, 0, 1, 0, 0, 0, 0, 0, 0, 0, 0, 0, 0, 0, 0, 0], [0, 0, 0, 0, 0, 0, 0, 0, 0, 1, 0, 0, 0, 0, 0, 0, 0, 0, 0, 0, 0, 0], [0, 0, 0, 0, 0, 0, 0, 0, 0, 0, 1, 0, 0, 0, 0, 0, 0, 0, 0, 0, 0, 0], [0, 0, 0, 0, 0, 0, 0, 0, 0, 0, 0, 1, 0, 0, 0, 0, 0, 0, 0, 0, 0, 0], [0, 0, 0, 0, 0, 0, 0, 0, 0, 0, 0, 0, 1, 0, 0, 0, 0, 0, 0, 0, 0, 0], [0, 0, 0, 0, 0, 0, 0, 0, 0, 0, 0, 0, 0, 1, 0, 0, 0, 0, 0, 0, 0, 0], [0, 0, 0, 0, 0, 0, 0, 0, 0, 0, 0, 0, 0, 0, 1, 0, 0, 0, 0, 0, 0, 0], [0, 0, 0, 0, 0, 0, 0, 0, 0, 0, 0, 0, 0, 0, 0, 1, 0, 0, 0, 0, 0, 0], [0, 0, 0, 0, 0, 0, 0, 0, 0, 0, 0, 0, 0, 0, 0, 0, 1, 0, 0, 0, 0, 0], [0, 0, 0, 0, 0, 0, 0, 0, 0, 0, 0, 0, 0, 0, 0, 0, 0, 1, 0, 0, 0, 0], [0, 0, 0, 0, 0, 0, 0, 0, 0, 0, 0, 0, 0, 0, 0, 0, 0, 0, 1, 0, 0, 0], [0, 0, 0, 0, 0, 0, 0, 0, 0, 0, 0, 0, 0, 0, 0, 0, 0, 0, 0, 1, 0, 0], [0, 0, 0, 0, 0, 0, 0, 0, 0, 0, 0, 0, 0, 0, 0, 0, 0, 0, 0, 0, 1, 0], [0, 0, 0, 0, 0, 0, 0, 0, 0, 0, 0, 0, 0, 0, 0, 0, 0, 0, 0, 0, 0, 1]]
[[1, 0, 0, 0, 0, 0, 0, 0, 0, 0, 0, 0, 0, 0, 0, 0, 0, 0, 0, 0, 0, 0], [0, 1, 0, 0, 0, 0, 0, 0, 0, 0, 0, 0, 0, 0, 0, 0, 0, 0, 0, 0, 0, 0], [0, 0, 1, 0, 0, 0, 0, 0, 0, 0, 0, 0, 0, 0, 0, 0, 0, 0, 0, 0, 0, 0], [0, 0, 0, 1, 0, 0, 0, 0, 0, 0, 0, 0, 0, 0, 0, 0, 0, 0, 0, 0, 0, 0], [0, 0, 0, 0, 1, 0, 0, 0, 0, 0, 0, 0, 0, 0, 0, 0, 0, 0, 0, 0, 0, 0], [0, 0, 0, 0, 0, 1, 0, 0, 0, 0, 0, 0, 0, 0, 0, 0, 0, 0, 0, 0, 0, 0], [0, 0, 0, 0, 0, 0, 1, 0, 0, 0, 0, 0, 0, 0, 0, 0, 0, 0, 0, 0, 0, 0], [0, 0, 0, 0, 0, 0, 0, 1, 0, 0, 0, 0, 0, 0, 0, 0, 0, 0, 0, 0, 0, 0], [0, 0, 0, 0, 0, 0, 0, 0, 1, 0, 0, 0, 0, 0, 0, 0, 0, 0, 0, 0, 0, 0], [0, 0, 0, 0, 0, 0, 0, 0, 0, 1, 0, 0, 0, 0, 0, 0, 0, 0, 0, 0, 0, 0], [0, 0, 0, 0, 0, 0, 0, 0, 0, 0, 1, 0, 0, 0, 0, 0, 0, 0, 0, 0, 0, 0], [0, 0, 0, 0, 0, 0, 0, 0, 0, 0, 0, 1, 0, 0, 0, 0, 0, 0, 0, 0, 0, 0], [0, 0, 0, 0, 0, 0, 0, 0, 0, 0, 0, 0, 1, 0, 0, 0, 0, 0, 0, 0, 0, 0], [0, 0, 0, 0, 0, 0, 0, 0, 0, 0, 0, 0, 0, 1, 0, 0, 0, 0, 0, 0, 0, 0], [0, 0, 0, 0, 0, 0, 0, 0, 0, 0, 0, 0, 0, 0, 1, 0, 0, 0, 0, 0, 0, 0], [0, 0, 0, 0, 0, 0, 0, 0, 0, 0, 0, 0, 0, 0, 0, 1, 0, 0, 0, 0, 0, 0], [0, 0, 0, 0, 0, 0, 0, 0, 0, 0, 0, 0, 0, 0, 0, 0, 1, 0, 0, 0, 0, 0], [0, 0, 0, 0, 0, 0, 0, 0, 0, 0, 0, 0, 0, 0, 0, 0, 0, 1, 0, 0, 0, 0], [0, 0, 0, 0, 0, 0, 0, 0, 0, 0, 0, 0, 0, 0, 0, 0, 0, 0, 1, 0, 0, 0], [0, 0, 0, 0, 0, 0, 0, 0, 0, 0, 0, 0, 0, 0, 0, 0, 0, 0, 0, 1, 0, 0], [0, 0, 0, 0, 0, 0, 0, 0, 0, 0, 0, 0, 0, 0, 0, 0, 0, 0, 0, 0, 1, 0], [0, 0, 0, 0, 0, 0, 0, 0, 0, 0, 0, 0, 0, 0, 0, 0, 0, 0, 0, 0, 0, 1]]
[[0, -2, 0, 2, 0, -1, 0, -1, 1, -1, 1, 1, 0, 2, 0, -1, 1, -1, 0, -1, 1, 1], [-1, -2, 0, 3, -1, -3, -1, -3, 3, -3, 3, 3, 2, 4, 0, -3, 2, -3, 0, -2, 2, 0], [-1, -2, 0, 3, -1, -3, -1, -3, 3, -3, 3, 3, 2, 4, 0, -3, 2, -3, 1, -1, 1, -1], [-1, -2, 0, 3, -1, -2, -1, -2, 2, -2, 2, 2, 1, 3, 0, -2, 1, -2, 0, -1, 1, -1], [0, -1, 0, 1, 0, -2, -1, -2, 2, -2, 2, 2, 2, 2, 0, -2, 1, -2, 0, -1, 1, -1], [0, -1, 0, 1, -1, -1, -1, -2, 2, -2, 2, 2, 2, 2, 0, -2, 1, -2, 0, -1, 1, -1], [0, -1, 0, 1, -1, -2, 0, -2, 2, -2, 2, 2, 2, 2, 0, -2, 1, -2, 0, -1, 1, -1], [1, 1, 0, -1, 1, 1, 1, 2, -1, 1, -1, -1, 0, -2, 0, 1, 0, 1, 0, 0, 0, 2], [0, -1, 0, 1, 0, -1, 0, -1, 2, -1, 1, 1, 1, 1, 0, -1, 1, -1, 0, -1, 1, 1], [1, 3, 0, -3, 2, 4, 2, 4, -4, 5, -4, -4, -3, -5, 0, 4, -2, 4, 0, 2, -2, 2], [0, -1, 0, 1, 0, -1, 0, -1, 1, -1, 2, 1, 1, 1, 0, -1, 1, -1, 0, -1, 1, 1], [1, 1, 0, -1, 1, 1, 1, 1, -1, 1, -1, 0, 0, -2, 0, 1, 0, 1, 0, 0, 0, 2], [0, 2, 0, -2, 0, 2, 0, 2, -2, 2, -2, -2, -1, -2, 0, 2, -2, 2, 0, 2, -2, -2], [1, 1, 0, -1, 0, 0, 0, 0, 0, 0, 0, 0, 1, 0, 0, 0, 0, 0, 0, 0, 0, 0], [0, 1, 0, -1, 1, 2, 1, 2, -2, 2, -2, -2, -2, -2, 1, 2, -1, 2, 0, 1, -1, 1], [0, 0, 0, 0, -1, -1, -1, -1, 1, -1, 1, 1, 1, 1, 0, 0, 0, -1, 0, 0, 0, -2], [0, 1, 0, -1, 0, 1, 0, 1, -1, 1, -1, -1, -1, -1, 0, 1, 0, 1, 0, 1, -1, -1], [0, -1, 0, 1, 0, -1, 0, -1, 1, -1, 1, 1, 1, 1, 0, -1, 1, 0, 0, -1, 1, 1], [0, -1, 1, 0, 0, 0, 0, 0, 0, 0, 0, 0, 0, 0, 0, 0, 0, 0, 0, -1, 1, 1], [0, 0, 0, 0, 0, 0, 0, 0, 0, 0, 0, 0, 0, 0, 0, 0, 0, 0, 0, 1, 0, 0], [0, -1, 0, 1, 0, -1, 0, -1, 1, -1, 1, 1, 1, 1, 0, -1, 1, -1, 0, -1, 2, 1], [0, 1, 0, -1, 0, 1, 0, 1, -1, 1, -1, -1, -1, -1, 0, 1, -1, 1, 0, 1, -1, 0]]
[[1, 0, 0, 0, 0, 0, 0, 0, 0, 0, 0, 0, 0, 0, 0, 0, 0, 0, 0, 0, 0, 0], [0, 1, 0, 0, 0, 0, 0, 0, 0, 0, 0, 0, 0, 0, 0, 0, 0, 0, 0, 0, 0, 0], [0, 0, 1, 0, 0, 0, 0, 0, 0, 0, 0, 0, 0, 0, 0, 0, 0, 0, 0, 0, 0, 0], [0, 0, 0, 1, 0, 0, 0, 0, 0, 0, 0, 0, 0, 0, 0, 0, 0, 0, 0, 0, 0, 0], [0, 0, 0, 0, 1, 0, 0, 0, 0, 0, 0, 0, 0, 0, 0, 0, 0, 0, 0, 0, 0, 0], [0, 0, 0, 0, 0, 1, 0, 0, 0, 0, 0, 0, 0, 0, 0, 0, 0, 0, 0, 0, 0, 0], [0, 0, 0, 0, 0, 0, 1, 0, 0, 0, 0, 0, 0, 0, 0, 0, 0, 0, 0, 0, 0, 0], [0, 0, 0, 0, 0, 0, 0, 1, 0, 0, 0, 0, 0, 0, 0, 0, 0, 0, 0, 0, 0, 0], [0, 0, 0, 0, 0, 0, 0, 0, 1, 0, 0, 0, 0, 0, 0, 0, 0, 0, 0, 0, 0, 0], [0, 0, 0, 0, 0, 0, 0, 0, 0, 1, 0, 0, 0, 0, 0, 0, 0, 0, 0, 0, 0, 0], [0, 0, 0, 0, 0, 0, 0, 0, 0, 0, 1, 0, 0, 0, 0, 0, 0, 0, 0, 0, 0, 0], [0, 0, 0, 0, 0, 0, 0, 0, 0, 0, 0, 1, 0, 0, 0, 0, 0, 0, 0, 0, 0, 0], [0, 0, 0, 0, 0, 0, 0, 0, 0, 0, 0, 0, 1, 0, 0, 0, 0, 0, 0, 0, 0, 0], [0, 0, 0, 0, 0, 0, 0, 0, 0, 0, 0, 0, 0, 1, 0, 0, 0, 0, 0, 0, 0, 0], [0, 0, 0, 0, 0, 0, 0, 0, 0, 0, 0, 0, 0, 0, 1, 0, 0, 0, 0, 0, 0, 0], [0, 0, 0, 0, 0, 0, 0, 0, 0, 0, 0, 0, 0, 0, 0, 1, 0, 0, 0, 0, 0, 0], [0, 0, 0, 0, 0, 0, 0, 0, 0, 0, 0, 0, 0, 0, 0, 0, 1, 0, 0, 0, 0, 0], [0, 0, 0, 0, 0, 0, 0, 0, 0, 0, 0, 0, 0, 0, 0, 0, 0, 1, 0, 0, 0, 0], [0, 0, 0, 0, 0, 0, 0, 0, 0, 0, 0, 0, 0, 0, 0, 0, 0, 0, 1, 0, 0, 0], [0, 0, 0, 0, 0, 0, 0, 0, 0, 0, 0, 0, 0, 0, 0, 0, 0, 0, 0, 1, 0, 0], [0, 0, 0, 0, 0, 0, 0, 0, 0, 0, 0, 0, 0, 0, 0, 0, 0, 0, 0, 0, 1, 0], [0, 0, 0, 0, 0, 0, 0, 0, 0, 0, 0, 0, 0, 0, 0, 0, 0, 0, 0, 0, 0, 1]]
[[0, -3, -1, 4, -2, -3, -3, -4, 0, -5, 3, 2, -1, 6, -1, -5, 1, -5, -1, -4, 0, -3], [-1, -3, -1, 5, -2, -3, -4, -5, 0, -6, 3, 3, -1, 7, -2, -7, 1, -6, -1, -5, 0, -3], [-1, -4, 0, 5, -1, -2, -4, -5, 0, -5, 2, 3, -1, 6, -3, -8, 1, -5, -1, -5, 0, -2], [0, -1, -1, 2, -1, -1, -1, -2, -1, -2, 1, 1, -1, 2, -1, -2, 0, -2, -1, -2, 0, -1], [0, -1, 0, 1, 1, 0, -1, -1, 0, -1, 0, 1, 0, 1, -1, -2, 0, -1, 0, -1, 0, 0], [0, 1, 0, -1, 0, 1, 1, 1, 0, 1, 0, -1, 0, -1, 1, 2, 0, 1, 0, 1, 0, 0], [-1, -3, 0, 4, 0, -1, -2, -3, 1, -3, 1, 2, 0, 4, -2, -6, 1, -3, 0, -3, 0, -1], [0, 1, 0, -1, -1, -1, 1, 2, 0, 0, 1, -1, 0, 0, 2, 3, 0, 0, 0, 1, 0, -1], [-1, -4, -1, 5, -3, -4, -4, -5, 1, -7, 4, 3, -1, 8, -1, -6, 1, -7, -1, -5, 0, -4], [1, 4, 1, -5, 1, 2, 4, 5, 0, 6, -2, -3, 1, -6, 3, 8, -1, 5, 1, 5, 0, 2], [-1, -3, 0, 4, -2, -3, -3, -3, 1, -5, 4, 2, 0, 6, 0, -4, 1, -5, 0, -3, 0, -3], [-1, -1, 0, 2, -1, -2, -1, -1, 1, -2, 2, 1, 0, 3, 1, -1, 1, -2, 0, -1, 0, -2], [2, 7, 1, -9, 4, 6, 7, 8, -1, 11, -6, -5, 2, -13, 2, 11, -2, 11, 1, 8, 0, 6], [0, 1, 0, -1, 1, 1, 1, 1, 0, 2, -1, -1, 0, -1, 0, 1, 0, 2, 0, 1, 0, 1], [1, 3, 0, -4, 1, 2, 3, 3, -1, 4, -2, -2, 0, -5, 2, 5, -1, 4, 0, 3, 0, 2], [0, 0, 0, 0, 1, 1, 0, 0, 0, 1, -1, 0, 0, -1, -1, 0, 0, 1, 0, 0, 0, 1], [1, 2, 1, -3, 1, 2, 2, 3, 0, 3, -2, -1, 1, -4, 1, 4, 0, 3, 1, 3, 0, 2], [-1, -4, -1, 5, -2, -3, -4, -5, 0, -6, 3, 3, -1, 7, -2, -7, 1, -5, -1, -5, 0, -3], [-1, -3, -1, 4, -1, -2, -3, -4, 0, -4, 2, 2, -1, 5, -2, -6, 1, -4, 0, -4, 0, -2], [0, 0, 0, 0, 0, 0, 0, 0, 0, 0, 0, 0, 0, 0, 0, 0, 0, 0, 0, 1, 0, 0], [-1, -4, -1, 5, -2, -3, -4, -5, 0, -6, 3, 3, -1, 7, -2, -7, 1, -6, -1, -5, 1, -3], [0, 1, 0, -1, 0, 0, 1, 1, 0, 1, 0, -1, 0, -1, 1, 2, 0, 1, 0, 1, 0, 1]]
[[1, -2, 0, 2, 0, -2, 0, -2, 2, -2, 4, 2, 2, 4, 0, -2, 2, -4, 0, -2, 2, 0], [0, -2, 0, 4, 0, -4, -1, -4, 5, -4, 7, 4, 5, 7, 0, -5, 4, -7, 1, -3, 3, -1], [0, -3, 1, 5, 0, -5, -2, -5, 7, -5, 8, 5, 7, 8, 0, -7, 5, -8, 2, -3, 3, -2], [0, -1, 0, 2, 0, -1, 0, -1, 1, -1, 2, 1, 1, 2, 0, -1, 1, -2, 0, -1, 1, 0], [0, -1, 0, 2, 1, -2, -1, -2, 3, -2, 3, 2, 3, 3, 0, -3, 2, -3, 1, -1, 1, -1], [0, 0, 0, 0, 0, 1, 0, 0, 0, 0, 0, 0, 0, 0, 0, 0, 0, 0, 0, 0, 0, 0], [0, -2, 0, 4, 0, -4, -1, -4, 6, -4, 6, 4, 6, 6, 0, -6, 4, -6, 2, -2, 2, -2], [0, 0, 0, -1, 0, 1, 1, 2, -2, 1, -1, -1, -2, -1, 0, 2, -1, 1, -1, 0, 0, 1], [0, -2, 0, 2, 0, -2, 0, -2, 3, -2, 4, 2, 2, 4, 0, -2, 2, -4, 0, -2, 2, 0], [0, 3, 0, -5, 0, 5, 2, 5, -7, 6, -8, -5, -7, -8, 0, 7, -5, 8, -2, 3, -3, 2], [0, -1, 0, 1, 0, -1, 0, -1, 1, -1, 3, 1, 1, 2, 0, -1, 1, -2, 0, -1, 1, 0], [0, -1, 0, 1, 0, -1, 0, -1, 1, -1, 2, 2, 1, 2, 0, -1, 1, -2, 0, -1, 1, 0], [0, 4, 0, -5, 0, 5, 1, 5, -6, 5, -9, -5, -5, -9, 0, 6, -5, 9, -1, 4, -4, 1], [0, 1, 0, -1, 0, 1, 0, 1, -1, 1, -2, -1, -1, -1, 0, 1, -1, 2, 0, 1, -1, 0], [0, 1, 0, -2, 0, 2, 1, 2, -3, 2, -3, -2, -3, -3, 1, 3, -2, 3, -1, 1, -1, 1], [0, 0, 0, 1, 0, -1, -1, -1, 2, -1, 1, 1, 2, 1, 0, -1, 1, -1, 1, 0, 0, -1], [0, 1, 0, -1, 0, 1, 0, 1, -1, 1, -2, -1, -1, -2, 0, 1, 0, 2, 0, 1, -1, 0], [0, -3, 0, 4, 0, -4, -1, -4, 5, -4, 7, 4, 5, 7, 0, -5, 4, -6, 1, -3, 3, -1], [0, -3, 0, 4, 0, -4, -1, -4, 5, -4, 7, 4, 5, 7, 0, -5, 4, -7, 2, -3, 3, -1], [0, 2, 0, -3, 0, 3, 1, 3, -4, 3, -5, -3, -4, -5, 0, 4, -3, 5, -1, 3, -2, 1], [0, -3, 0, 4, 0, -4, -1, -4, 5, -4, 7, 4, 5, 7, 0, -5, 4, -7, 1, -3, 4, -1], [0, 2, 0, -3, 0, 3, 1, 3, -4, 3, -5, -3, -4, -5, 0, 4, -3, 5, -1, 2, -2, 2]]
[[1, 0, 0, 0, 0, 0, 0, 0, 0, 0, 0, 0, -1, 2, 1, 2, 0, -1, 0, 0, 0, 0], [1, 1, 0, 0, 0, -1, 0, 0, 1, -1, 1, 1, 1, 2, 1, 1, 1, -2, 0, 0, 1, 0], [1, 0, 1, 1, 0, -1, 0, -1, 2, -1, 2, 2, 3, 2, 0, -2, 2, -2, 1, 0, 1, 0], [0, 0, 0, 0, 0, 0, 0, 1, -1, 0, -1, -1, -1, 0, 0, 1, -1, 1, -1, 0, 0, 0], [1, 0, 0, 1, 0, -1, 0, -1, 1, -1, 1, 2, 2, 1, -1, -2, 1, -2, 0, -1, 1, 0], [0, 0, 0, 0, 0, -1, -1, 0, 1, -1, 1, 0, 1, 1, 0, 0, 0, -1, -1, -1, 1, -1], [1, 0, 0, 2, 0, -3, 0, -2, 4, -2, 4, 3, 5, 3, 0, -3, 3, -4, 1, -1, 2, -1], [-1, 0, 0, 0, 1, 1, 0, 1, 0, 1, 0, -1, -2, 1, 2, 3, 0, 0, 1, 1, -1, 0], [0, 0, 0, 0, 0, 0, 0, 0, 1, 0, 0, 0, -1, 2, 1, 2, 0, -1, 0, 0, 0, 0], [-1, 0, 0, -2, 1, 3, 1, 2, -3, 3, -3, -3, -4, -4, 1, 3, -2, 4, 0, 2, -2, 1], [0, 0, 0, 0, -1, 0, -1, 0, 0, -1, -1, 0, -2, 2, 1, 2, -1, -1, 0, 0, -1, -1], [0, 0, 0, 0, 1, 0, 0, 0, 1, 0, 1, 1, 0, 1, 2, 2, 1, -1, 1, 1, 0, 0], [-1, 0, 0, -1, 0, 1, 0, 1, -2, 1, -1, -2, 0, -4, -2, -2, -1, 3, -1, 0, 0, 0], [0, 0, 0, 0, 0, 0, 0, 0, 0, 0, 0, 0, 0, -1, 0, 0, 0, 0, 0, 0, 0, 0], [-1, 0, 0, 0, 0, 1, 0, 0, -1, 1, 0, -1, -2, 0, 1, 1, 0, 0, 0, 0, 0, 0], [1, 0, 0, 0, 0, -1, 0, 0, 1, -1, 1, 1, 3, 0, -1, -2, 1, 0, 0, 0, 1, 0], [0, 0, 0, 0, 0, 0, 0, 0, 0, 0, 0, 0, 1, 0, -1, -2, 1, 1, 0, 0, 0, 0], [2, 0, 0, 1, 0, -2, 0, -1, 3, -2, 3, 3, 3, 4, 2, 1, 3, -4, 1, 0, 2, 0], [3, 0, 0, 1, 1, -3, 1, -1, 4, -2, 5, 4, 6, 4, 2, 0, 4, -5, 2, 0, 3, 1], [-2, 0, 0, -1, -1, 2, 0, 1, -4, 2, -5, -3, -5, -5, -2, 1, -5, 5, -2, 0, -3, 0], [2, 0, 0, 1, 1, -2, 1, -1, 3, -1, 3, 3, 4, 2, 2, 1, 2, -3, 1, 0, 2, 1], [-2, 0, 0, -1, -1, 2, -1, 1, -3, 1, -4, -3, -5, -2, -1, 1, -3, 3, -1, 0, -2, 0]]
[[1, 0, 0, 0, 0, 0, 0, 0, 0, 0, 0, 0, 0, 0, 0, 0, 0, 0, 0, 0, 0, 0], [0, 1, 0, 0, 0, 0, 0, 0, 0, 0, 0, 0, 0, 0, 0, 0, 0, 0, 0, 0, 0, 0], [0, 0, 1, 0, 0, 0, 0, 0, 0, 0, 0, 0, 0, 0, 0, 0, 0, 0, 0, 0, 0, 0], [0, 0, 0, 1, 0, 0, 0, 0, 0, 0, 0, 0, 0, 0, 0, 0, 0, 0, 0, 0, 0, 0], [0, 0, 0, 0, 1, 0, 0, 0, 0, 0, 0, 0, 0, 0, 0, 0, 0, 0, 0, 0, 0, 0], [0, 0, 0, 0, 0, 1, 0, 0, 0, 0, 0, 0, 0, 0, 0, 0, 0, 0, 0, 0, 0, 0], [0, 0, 0, 0, 0, 0, 1, 0, 0, 0, 0, 0, 0, 0, 0, 0, 0, 0, 0, 0, 0, 0], [0, 0, 0, 0, 0, 0, 0, 1, 0, 0, 0, 0, 0, 0, 0, 0, 0, 0, 0, 0, 0, 0], [0, 0, 0, 0, 0, 0, 0, 0, 1, 0, 0, 0, 0, 0, 0, 0, 0, 0, 0, 0, 0, 0], [0, 0, 0, 0, 0, 0, 0, 0, 0, 1, 0, 0, 0, 0, 0, 0, 0, 0, 0, 0, 0, 0], [0, 0, 0, 0, 0, 0, 0, 0, 0, 0, 1, 0, 0, 0, 0, 0, 0, 0, 0, 0, 0, 0], [0, 0, 0, 0, 0, 0, 0, 0, 0, 0, 0, 1, 0, 0, 0, 0, 0, 0, 0, 0, 0, 0], [0, 0, 0, 0, 0, 0, 0, 0, 0, 0, 0, 0, 1, 0, 0, 0, 0, 0, 0, 0, 0, 0], [0, 0, 0, 0, 0, 0, 0, 0, 0, 0, 0, 0, 0, 1, 0, 0, 0, 0, 0, 0, 0, 0], [0, 0, 0, 0, 0, 0, 0, 0, 0, 0, 0, 0, 0, 0, 1, 0, 0, 0, 0, 0, 0, 0], [0, 0, 0, 0, 0, 0, 0, 0, 0, 0, 0, 0, 0, 0, 0, 1, 0, 0, 0, 0, 0, 0], [0, 0, 0, 0, 0, 0, 0, 0, 0, 0, 0, 0, 0, 0, 0, 0, 1, 0, 0, 0, 0, 0], [0, 0, 0, 0, 0, 0, 0, 0, 0, 0, 0, 0, 0, 0, 0, 0, 0, 1, 0, 0, 0, 0], [0, 0, 0, 0, 0, 0, 0, 0, 0, 0, 0, 0, 0, 0, 0, 0, 0, 0, 1, 0, 0, 0], [0, 0, 0, 0, 0, 0, 0, 0, 0, 0, 0, 0, 0, 0, 0, 0, 0, 0, 0, 1, 0, 0], [0, 0, 0, 0, 0, 0, 0, 0, 0, 0, 0, 0, 0, 0, 0, 0, 0, 0, 0, 0, 1, 0], [0, 0, 0, 0, 0, 0, 0, 0, 0, 0, 0, 0, 0, 0, 0, 0, 0, 0, 0, 0, 0, 1]]
[[1, -1, 0, 2, 0, -1, 0, -2, 1, -1, 1, 2, 1, 2, 0, -3, 3, -1, 0, -1, 1, 0], [0, -2, 0, 4, 0, -2, -1, -4, 2, -3, 3, 5, 2, 4, 1, -4, 4, -3, 0, -2, 2, -1], [0, -1, -1, 3, 0, -2, -1, -3, 1, -3, 2, 4, 0, 4, 2, -1, 3, -3, -1, -2, 2, -1], [0, 1, 0, -1, 0, 1, 0, 0, -1, 1, -1, 0, -1, -2, 0, 1, -1, 1, 0, 1, -1, 0], [-1, -1, 0, 2, 0, -1, -1, -2, 1, -2, 2, 2, 0, 3, 2, -1, 2, -2, 0, -1, 1, -1], [0, 0, 0, 1, 0, 0, 0, -1, 0, -1, 1, 2, 1, 1, 0, -2, 2, -1, 1, 0, 0, 0], [-1, -2, 0, 3, 0, -1, -1, -3, 1, -3, 2, 4, 0, 4, 2, -2, 3, -3, 0, -2, 2, 0], [2, -1, 0, 1, -1, -2, 0, -2, 2, -2, 2, 2, 4, 2, -2, -5, 3, -2, 0, -2, 2, 0], [1, -3, 0, 5, -1, -4, -1, -5, 4, -5, 5, 6, 5, 6, 0, -7, 6, -5, 1, -3, 3, -1], [1, 2, 0, -3, 0, 1, 1, 3, -1, 3, -2, -4, 0, -3, -2, 2, -3, 2, 0, 1, -1, 1], [1, -2, 0, 3, 0, -2, 0, -3, 2, -2, 3, 3, 3, 3, -1, -5, 4, -2, 0, -2, 2, 0], [1, -1, 0, 2, -1, -2, 0, -2, 2, -2, 2, 2, 3, 3, -1, -4, 3, -2, 0, -2, 2, 0], [-1, 4, 0, -6, 1, 4, 1, 6, -4, 5, -5, -6, -4, -7, 0, 8, -7, 5, 0, 4, -4, 1], [0, 0, 0, 0, 0, 0, 0, 0, 0, 0, 0, 0, 0, 1, 0, 0, 0, 0, 0, 0, 0, 0], [1, 1, 0, -2, 1, 1, 1, 2, -1, 2, -2, -2, 0, -3, -1, 1, -2, 2, 0, 1, -1, 1], [-1, 1, 0, -1, 0, 1, 0, 1, -1, 1, -1, -1, -2, -1, 1, 3, -1, 1, 0, 1, -1, 0], [0, 1, 0, -2, 0, 1, 0, 2, -1, 1, -1, -2, -1, -2, 0, 3, -2, 1, 0, 1, -1, 0], [0, -1, 0, 2, 0, -1, 0, -2, 1, -1, 1, 2, 1, 2, 0, -3, 3, 0, 0, -1, 1, 0], [-1, -1, 0, 2, 0, 0, 0, -2, 1, 0, 0, 1, -1, 2, 1, -2, 3, 0, 0, -1, 1, 0], [0, 1, 0, -2, 0, 1, 0, 2, -1, 1, -1, -2, -1, -2, 0, 3, -3, 1, 0, 2, -1, 0], [-1, 0, 0, 1, 0, 0, 0, -1, 0, 0, 0, 1, -1, 1, 1, -1, 2, 0, 0, 0, 1, 0], [1, 0, 0, -1, 0, 0, 1, 1, 0, 1, 0, -1, 1, -2, -1, 1, -2, 1, 0, 1, -1, 0]]
[[1, 0, 0, 0, 0, 0, 0, 0, 0, 0, 0, 0, 0, 0, 0, 0, 0, 0, 0, 0, 0, 0], [0, 1, 0, 0, 0, 0, 0, 0, 0, 0, 0, 0, 0, 0, 0, 0, 0, 0, 0, 0, 0, 0], [0, 0, 1, 0, 0, 0, 0, 0, 0, 0, 0, 0, 0, 0, 0, 0, 0, 0, 0, 0, 0, 0], [0, 0, 0, 1, 0, 0, 0, 0, 0, 0, 0, 0, 0, 0, 0, 0, 0, 0, 0, 0, 0, 0], [0, 0, 0, 0, 1, 0, 0, 0, 0, 0, 0, 0, 0, 0, 0, 0, 0, 0, 0, 0, 0, 0], [0, 0, 0, 0, 0, 1, 0, 0, 0, 0, 0, 0, 0, 0, 0, 0, 0, 0, 0, 0, 0, 0], [0, 0, 0, 0, 0, 0, 1, 0, 0, 0, 0, 0, 0, 0, 0, 0, 0, 0, 0, 0, 0, 0], [0, 0, 0, 0, 0, 0, 0, 1, 0, 0, 0, 0, 0, 0, 0, 0, 0, 0, 0, 0, 0, 0], [0, 0, 0, 0, 0, 0, 0, 0, 1, 0, 0, 0, 0, 0, 0, 0, 0, 0, 0, 0, 0, 0], [0, 0, 0, 0, 0, 0, 0, 0, 0, 1, 0, 0, 0, 0, 0, 0, 0, 0, 0, 0, 0, 0], [0, 0, 0, 0, 0, 0, 0, 0, 0, 0, 1, 0, 0, 0, 0, 0, 0, 0, 0, 0, 0, 0], [0, 0, 0, 0, 0, 0, 0, 0, 0, 0, 0, 1, 0, 0, 0, 0, 0, 0, 0, 0, 0, 0], [0, 0, 0, 0, 0, 0, 0, 0, 0, 0, 0, 0, 1, 0, 0, 0, 0, 0, 0, 0, 0, 0], [0, 0, 0, 0, 0, 0, 0, 0, 0, 0, 0, 0, 0, 1, 0, 0, 0, 0, 0, 0, 0, 0], [0, 0, 0, 0, 0, 0, 0, 0, 0, 0, 0, 0, 0, 0, 1, 0, 0, 0, 0, 0, 0, 0], [0, 0, 0, 0, 0, 0, 0, 0, 0, 0, 0, 0, 0, 0, 0, 1, 0, 0, 0, 0, 0, 0], [0, 0, 0, 0, 0, 0, 0, 0, 0, 0, 0, 0, 0, 0, 0, 0, 1, 0, 0, 0, 0, 0], [0, 0, 0, 0, 0, 0, 0, 0, 0, 0, 0, 0, 0, 0, 0, 0, 0, 1, 0, 0, 0, 0], [0, 0, 0, 0, 0, 0, 0, 0, 0, 0, 0, 0, 0, 0, 0, 0, 0, 0, 1, 0, 0, 0], [0, 0, 0, 0, 0, 0, 0, 0, 0, 0, 0, 0, 0, 0, 0, 0, 0, 0, 0, 1, 0, 0], [0, 0, 0, 0, 0, 0, 0, 0, 0, 0, 0, 0, 0, 0, 0, 0, 0, 0, 0, 0, 1, 0], [0, 0, 0, 0, 0, 0, 0, 0, 0, 0, 0, 0, 0, 0, 0, 0, 0, 0, 0, 0, 0, 1]]
[[1, 0, 0, 0, 0, 0, 0, 0, 0, 0, 0, 0, 0, 0, 0, 0, 0, 0, 0, 0, 0, 0], [0, 1, 0, 0, 0, 0, 0, 0, 0, 0, 0, 0, 0, 0, 0, 0, 0, 0, 0, 0, 0, 0], [0, 0, 1, 0, 0, 0, 0, 0, 0, 0, 0, 0, 0, 0, 0, 0, 0, 0, 0, 0, 0, 0], [0, 0, 0, 1, 0, 0, 0, 0, 0, 0, 0, 0, 0, 0, 0, 0, 0, 0, 0, 0, 0, 0], [0, 0, 0, 0, 1, 0, 0, 0, 0, 0, 0, 0, 0, 0, 0, 0, 0, 0, 0, 0, 0, 0], [0, 0, 0, 0, 0, 1, 0, 0, 0, 0, 0, 0, 0, 0, 0, 0, 0, 0, 0, 0, 0, 0], [0, 0, 0, 0, 0, 0, 1, 0, 0, 0, 0, 0, 0, 0, 0, 0, 0, 0, 0, 0, 0, 0], [0, 0, 0, 0, 0, 0, 0, 1, 0, 0, 0, 0, 0, 0, 0, 0, 0, 0, 0, 0, 0, 0], [0, 0, 0, 0, 0, 0, 0, 0, 1, 0, 0, 0, 0, 0, 0, 0, 0, 0, 0, 0, 0, 0], [0, 0, 0, 0, 0, 0, 0, 0, 0, 1, 0, 0, 0, 0, 0, 0, 0, 0, 0, 0, 0, 0], [0, 0, 0, 0, 0, 0, 0, 0, 0, 0, 1, 0, 0, 0, 0, 0, 0, 0, 0, 0, 0, 0], [0, 0, 0, 0, 0, 0, 0, 0, 0, 0, 0, 1, 0, 0, 0, 0, 0, 0, 0, 0, 0, 0], [0, 0, 0, 0, 0, 0, 0, 0, 0, 0, 0, 0, 1, 0, 0, 0, 0, 0, 0, 0, 0, 0], [0, 0, 0, 0, 0, 0, 0, 0, 0, 0, 0, 0, 0, 1, 0, 0, 0, 0, 0, 0, 0, 0], [0, 0, 0, 0, 0, 0, 0, 0, 0, 0, 0, 0, 0, 0, 1, 0, 0, 0, 0, 0, 0, 0], [0, 0, 0, 0, 0, 0, 0, 0, 0, 0, 0, 0, 0, 0, 0, 1, 0, 0, 0, 0, 0, 0], [0, 0, 0, 0, 0, 0, 0, 0, 0, 0, 0, 0, 0, 0, 0, 0, 1, 0, 0, 0, 0, 0], [0, 0, 0, 0, 0, 0, 0, 0, 0, 0, 0, 0, 0, 0, 0, 0, 0, 1, 0, 0, 0, 0], [0, 0, 0, 0, 0, 0, 0, 0, 0, 0, 0, 0, 0, 0, 0, 0, 0, 0, 1, 0, 0, 0], [0, 0, 0, 0, 0, 0, 0, 0, 0, 0, 0, 0, 0, 0, 0, 0, 0, 0, 0, 1, 0, 0], [0, 0, 0, 0, 0, 0, 0, 0, 0, 0, 0, 0, 0, 0, 0, 0, 0, 0, 0, 0, 1, 0], [0, 0, 0, 0, 0, 0, 0, 0, 0, 0, 0, 0, 0, 0, 0, 0, 0, 0, 0, 0, 0, 1]]
[[1, 0, 0, 0, 0, 0, 0, 0, 0, 0, 0, 0, 0, 0, 0, 0, 0, 0, 0, 0, 0, 0], [0, 1, 0, 0, 0, 0, 0, 0, 0, 0, 0, 0, 0, 0, 0, 0, 0, 0, 0, 0, 0, 0], [0, 0, 1, 0, 0, 0, 0, 0, 0, 0, 0, 0, 0, 0, 0, 0, 0, 0, 0, 0, 0, 0], [0, 0, 0, 0, -1, 0, 0, 0, 0, 0, 0, -1, 0, -1, -1, 0, -2, 0, 0, 0, -1, -1], [0, 0, 0, 0, 1, 0, 0, 0, 0, 0, 0, 0, 0, 0, 0, 0, 0, 0, 0, 0, 0, 0], [1, 1, -1, 0, 0, 0, 0, -1, 0, -1, 1, 2, 1, 1, 1, 0, 2, -1, 0, 0, 1, 0], [0, 0, 0, 1, 1, 0, 1, 0, 0, 0, 0, 1, 0, 1, 1, 0, 2, 0, 0, 0, 1, 1], [1, 1, -1, 0, 0, -1, 0, 0, 0, -1, 1, 2, 1, 1, 1, 0, 2, -1, 0, 0, 1, 0], [1, 1, -1, 0, 0, -1, 0, -1, 1, -1, 1, 2, 1, 1, 1, 0, 2, -1, 0, 0, 1, 0], [0, 0, 0, 0, 0, 0, 0, 0, 0, 1, 0, 0, 0, 0, 0, 0, 0, 0, 0, 0, 0, 0], [0, 0, 0, 0, 0, 0, 0, 0, 0, 0, 1, 0, 0, 0, 0, 0, 0, 0, 0, 0, 0, 0], [0, 0, 0, 0, 0, 0, 0, 0, 0, 0, 0, 1, 0, 0, 0, 0, 0, 0, 0, 0, 0, 0], [0, 0, 0, 0, 0, 0, 0, 0, 0, 0, 0, 0, 1, 0, 0, 0, 0, 0, 0, 0, 0, 0], [0, 0, 0, 0, 0, 0, 0, 0, 0, 0, 0, 0, 0, 1, 0, 0, 0, 0, 0, 0, 0, 0], [0, 0, 0, 0, 0, 0, 0, 0, 0, 0, 0, 0, 0, 0, 1, 0, 0, 0, 0, 0, 0, 0], [0, 0, 0, 0, 0, 0, 0, 0, 0, 0, 0, 0, 0, 0, 0, 1, 0, 0, 0, 0, 0, 0], [0, 0, 0, 0, 0, 0, 0, 0, 0, 0, 0, 0, 0, 0, 0, 0, 1, 0, 0, 0, 0, 0], [0, 0, 0, 0, 0, 0, 0, 0, 0, 0, 0, 0, 0, 0, 0, 0, 0, 1, 0, 0, 0, 0], [0, 0, 0, 1, 1, 0, 0, 0, 0, 0, 0, 1, 0, 1, 1, 0, 2, 0, 1, 0, 1, 1], [-1, -1, 1, -1, -1, 1, 0, 1, 0, 1, -1, -3, -1, -2, -2, 0, -4, 1, 0, 1, -2, -1], [0, 0, 0, 0, 0, 0, 0, 0, 0, 0, 0, 0, 0, 0, 0, 0, 0, 0, 0, 0, 1, 0], [0, 0, 0, -1, -1, 0, 0, 0, 0, 0, 0, -1, 0, -1, -1, 0, -2, 0, 0, 0, -1, 0]]
[[0, -1, 0, 2, -1, -1, -1, -2, 1, -2, 1, 2, 1, 2, -1, -3, 1, -1, 0, -2, 0, -1], [-1, -1, 0, 3, -2, -2, -2, -3, 2, -5, 2, 4, 2, 4, -1, -5, 3, -3, 0, -3, 1, -2], [-1, -2, 1, 3, -2, -2, -2, -3, 2, -5, 2, 4, 2, 4, -1, -5, 3, -3, 0, -3, 1, -2], [0, 0, 0, 1, 0, 0, 0, 0, 0, 0, 0, 0, 0, 0, 0, 0, 0, 0, 0, 0, 0, 0], [-1, -2, 0, 3, -1, -2, -2, -3, 2, -5, 2, 4, 2, 4, -1, -5, 3, -3, 0, -3, 1, -2], [0, 0, 0, 0, 0, 1, 0, 0, 0, 0, 0, 0, 0, 0, 0, 0, 0, 0, 0, 0, 0, 0], [-1, -2, 0, 3, -2, -2, -1, -3, 2, -5, 2, 4, 2, 4, -1, -5, 3, -3, 0, -3, 1, -2], [0, 1, 0, -1, 1, 1, 1, 2, -1, 3, -1, -2, -1, -2, 0, 2, -2, 2, 0, 1, -1, 1], [-1, -1, 0, 2, -1, -1, -1, -2, 2, -2, 1, 2, 1, 2, -1, -3, 1, -1, 0, -2, 0, -1], [1, 1, 0, -2, 1, 1, 1, 2, -1, 3, -1, -2, -1, -2, 1, 3, -1, 1, 0, 2, 0, 1], [-1, -1, 0, 2, -1, -1, -1, -2, 1, -2, 2, 2, 1, 2, -1, -3, 1, -1, 0, -2, 0, -1], [0, 0, 0, 0, 0, 0, 0, 0, 0, 0, 0, 1, 0, 0, 0, 0, 0, 0, 0, 0, 0, 0], [2, 2, 0, -4, 2, 2, 2, 4, -2, 4, -2, -4, -1, -4, 2, 6, -2, 2, 0, 4, 0, 2], [0, -1, 0, 1, -1, -1, -1, -1, 1, -3, 1, 2, 1, 3, 0, -2, 2, -2, 0, -1, 1, -1], [0, 0, 0, 0, 0, 0, 0, 0, 0, 0, 0, 0, 0, 0, 1, 0, 0, 0, 0, 0, 0, 0], [1, 1, 0, -2, 1, 1, 1, 2, -1, 2, -1, -2, -1, -2, 1, 4, -1, 1, 0, 2, 0, 1], [1, 2, 0, -3, 2, 2, 2, 3, -2, 5, -2, -4, -2, -4, 1, 5, -2, 3, 0, 3, -1, 2], [0, 0, 0, 0, 0, 0, 0, 0, 0, 0, 0, 0, 0, 0, 0, 0, 0, 1, 0, 0, 0, 0], [0, 0, 0, 0, 0, 0, 0, 0, 0, 0, 0, 0, 0, 0, 0, 0, 0, 0, 1, 0, 0, 0], [-1, -1, 0, 2, -1, -1, -1, -2, 1, -2, 1, 2, 1, 2, -1, -3, 1, -1, 0, -1, 0, -1], [-1, -1, 0, 2, -1, -1, -1, -2, 1, -2, 1, 2, 1, 2, -1, -3, 1, -1, 0, -2, 1, -1], [0, 0, 0, 0, 0, 0, 0, 0, 0, 0, 0, 0, 0, 0, 0, 0, 0, 0, 0, 0, 0, 1]]
[[0, -1, 1, 1, 0, 1, 0, -1, 0, 1, 0, 0, 0, 0, -1, -2, 0, 1, 1, 0, -1, 0], [-1, -2, 0, 5, -1, -4, -1, -5, 6, -6, 6, 8, 7, 7, 1, -7, 8, -6, 3, -3, 4, 0], [0, -2, 0, 4, -1, -5, -1, -4, 6, -7, 6, 8, 7, 7, 2, -5, 8, -7, 2, -3, 5, 0], [0, 0, 0, 1, 0, 0, 0, 0, 0, 0, 0, 0, 0, 0, 0, 0, 0, 0, 0, 0, 0, 0], [0, -2, -1, 4, 0, -5, -1, -4, 6, -7, 6, 8, 7, 7, 2, -5, 8, -7, 2, -3, 5, 0], [-1, -2, -1, 5, 0, -4, 0, -4, 6, -5, 6, 7, 7, 6, 1, -6, 8, -5, 2, -3, 4, 0], [0, -2, -1, 4, -1, -5, 0, -4, 6, -7, 6, 8, 7, 7, 2, -5, 8, -7, 2, -3, 5, 0], [-2, -1, 2, 0, 0, 4, 0, 0, -2, 4, -2, -3, -3, -2, -2, -2, -2, 4, 1, 1, -3, 0], [-1, -1, 2, 0, 0, 3, 0, 0, -1, 3, -2, -2, -2, -2, -2, -1, -3, 3, 1, 1, -3, 0], [0, 1, 0, -2, 0, 2, 0, 1, -2, 3, -2, -3, -3, -2, 0, 2, -2, 2, -1, 1, -1, 0], [-1, -1, 2, 0, 0, 3, 0, 0, -2, 3, -1, -2, -2, -2, -2, -1, -3, 3, 1, 1, -3, 0], [-1, 0, 1, -1, 0, 3, 0, 0, -2, 3, -2, -2, -3, -2, -1, 0, -2, 3, 0, 1, -2, 0], [1, 1, -3, 1, 0, -5, 0, -1, 4, -5, 4, 4, 5, 4, 3, 0, 6, -5, -1, -2, 5, 0], [0, 0, -1, 1, 0, -2, 0, -1, 2, -2, 2, 2, 2, 3, 1, -1, 3, -2, 0, -1, 2, 0], [-1, -1, 0, 2, 0, -1, 0, -2, 2, -1, 2, 2, 2, 2, 1, -3, 3, -1, 1, -1, 1, 0], [1, 1, -1, -1, 0, -1, 0, 1, 0, -1, 0, 0, 0, 0, 1, 3, 0, -1, -1, 0, 1, 0], [1, 1, 0, -2, 0, 1, 0, 2, -2, 1, -2, -2, -2, -2, 0, 3, -2, 1, -1, 1, -1, 0], [0, 0, 1, -1, 0, 2, 0, 1, -2, 2, -2, -2, -2, -2, -1, 1, -3, 3, 0, 1, -2, 0], [0, 0, 0, 0, 0, 0, 0, 0, 0, 0, 0, 0, 0, 0, 0, 0, 0, 0, 1, 0, 0, 0], [1, 2, 0, -3, 1, 2, 1, 4, -4, 4, -4, -5, -4, -5, -1, 5, -6, 4, -2, 3, -3, 0], [0, -1, 0, 2, 0, -2, 0, -1, 2, -2, 2, 3, 3, 2, 0, -2, 2, -2, 1, -1, 2, 0], [0, 2, 1, -4, 1, 5, 1, 4, -6, 7, -6, -8, -7, -7, -2, 5, -8, 7, -2, 3, -5, 1]]
[[0, -1, 1, 2, 0, -1, 0, 0, 1, 0, 1, 0, 1, 1, 0, -1, 0, 0, 1, 0, -1, -1], [-1, 0, 1, 1, 0, 1, 0, 0, -1, 1, -1, -1, -2, -1, 0, 0, -2, 1, 0, 0, -2, -1], [0, 0, 1, -1, 0, 2, 0, 0, -2, 1, -2, -1, -3, -2, 0, 1, -2, 1, -1, 0, -1, 0], [0, 0, 0, 1, 0, 0, 0, 0, 0, 0, 0, 0, 0, 0, 0, 0, 0, 0, 0, 0, 0, 0], [0, 0, 0, -1, 1, 2, 0, 0, -2, 1, -2, -1, -3, -2, 0, 1, -2, 1, -1, 0, -1, 0], [0, 0, 0, 1, 0, -1, 0, 0, 2, -1, 2, 1, 3, 2, 0, -1, 2, -1, 1, 0, 1, 0], [0, 0, 0, -1, 0, 2, 1, 0, -2, 1, -2, -1, -3, -2, 0, 1, -2, 1, -1, 0, -1, 0], [-1, -1, 1, 3, 0, -3, 0, 1, 3, -1, 3, 1, 4, 3, 0, -2, 2, -1, 2, 0, 0, -1], [-2, -2, 2, 3, -1, 1, -1, 0, -2, 1, -3, -3, -5, 0, -2, -2, -5, 1, -1, -2, -4, -3], [1, 1, -1, 0, 0, -4, 0, 0, 5, -2, 5, 3, 7, 4, 2, 0, 6, -3, 2, 1, 4, 1], [-2, -2, 2, 3, -1, 1, -1, 0, -3, 1, -2, -3, -5, 0, -2, -2, -5, 1, -1, -2, -4, -3], [-1, -1, 1, 2, -1, -1, -1, 0, 0, -1, 0, 0, -1, 2, 0, -1, -1, -1, 0, -1, -1, -2], [3, 3, -3, -4, 1, -2, 1, 0, 4, -2, 4, 4, 8, 1, 2, 2, 7, -2, 1, 2, 6, 4], [0, 0, 0, -1, 0, 2, 0, 0, -2, 1, -2, -1, -3, -1, 0, 1, -2, 1, -1, 0, -1, 0], [1, 1, -1, 0, 1, -3, 1, 0, 4, -1, 4, 3, 7, 2, 1, -1, 5, -1, 2, 1, 3, 2], [1, 1, -1, -2, 0, 1, 0, 0, -1, 0, -1, 0, -1, -1, 0, 2, 0, 0, -1, 0, 1, 1], [1, 1, -1, -1, 0, -1, 0, 0, 1, -1, 1, 1, 2, 1, 0, 0, 3, -1, 0, 0, 2, 1], [-1, -1, 1, 1, 0, 1, 0, 0, -1, 1, -1, -1, -2, -1, 0, 0, -2, 2, 0, 0, -2, -1], [0, 0, 0, 0, 1, -1, 1, 0, 3, 0, 3, 2, 4, 0, 2, 1, 3, 0, 3, 2, 1, 1], [-1, -1, 1, 0, -1, 4, -1, 0, -6, 2, -6, -4, -9, -3, -2, 0, -7, 2, -3, -1, -4, -2], [-1, -1, 1, 1, 1, 0, 1, 0, 2, 1, 2, 1, 2, -1, 2, 1, 1, 1, 2, 2, 0, 0], [-1, -1, 1, 1, -1, 2, -1, 0, -4, 1, -4, -3, -6, -1, -2, -1, -5, 1, -2, -2, -3, -1]]
[[0, -1, 0, 1, 0, 2, 1, 0, -3, 1, -2, -1, -4, 0, -1, -1, 0, 1, -1, -1, -1, 0], [-1, -3, 0, 5, -1, 0, -2, -4, -2, -4, 0, 3, -3, 4, -2, -7, 1, -4, -2, -6, 0, -3], [-1, -3, 0, 5, -2, -1, -4, -6, 0, -6, 1, 4, -2, 6, -1, -8, 2, -6, -2, -7, 1, -4], [0, 1, 0, -1, 0, 1, 0, 1, -2, 1, -2, -1, -2, -1, -1, 1, -1, 1, -1, 0, 0, 1], [-1, -2, 0, 4, -1, -2, -3, -4, 1, -5, 2, 3, 0, 5, 0, -6, 2, -5, -1, -5, 1, -3], [0, 0, 1, 0, 0, 0, 0, 1, 0, 0, 0, 0, 1, 0, -1, -1, 0, 0, 0, 0, 0, 0], [-1, -3, 0, 5, -2, -2, -4, -6, 1, -7, 2, 5, 0, 6, -1, -9, 2, -7, -1, -7, 1, -4], [0, 0, 0, -1, 2, 3, 4, 4, -2, 5, -2, -3, -2, -4, 0, 4, -1, 5, 1, 4, -2, 2], [-2, -5, 1, 6, -1, 1, -1, -3, -2, -3, 0, 2, -4, 4, -2, -7, 1, -3, -1, -5, -1, -3], [1, 3, 0, -5, 2, 2, 4, 5, 0, 7, -1, -4, 1, -6, 2, 9, -2, 6, 2, 7, -1, 4], [-1, -3, 0, 4, 0, 1, 0, -2, -2, -1, 0, 1, -3, 2, -2, -5, 1, -1, -1, -3, -1, -2], [-1, -2, 0, 3, 0, 1, 1, -1, -1, 0, 0, 1, -2, 1, 0, -2, 1, 0, 0, -1, -1, -1], [2, 6, 0, -8, 1, -1, 1, 5, 3, 4, 0, -3, 6, -5, 2, 9, -2, 4, 2, 7, 1, 4], [0, -1, 0, 2, 0, -1, -1, -2, 1, -2, 1, 2, 1, 2, 0, -3, 1, -2, 0, -2, 0, -1], [1, 2, 0, -4, 2, 2, 3, 4, -1, 5, -2, -3, 0, -5, 1, 6, -2, 5, 1, 5, -1, 3], [0, 1, 0, 0, -1, -2, -2, -1, 2, -2, 1, 1, 2, 2, 0, -1, 1, -2, 0, -1, 1, -1], [1, 2, 0, -3, 0, -1, 0, 2, 2, 1, 1, -1, 3, -1, 1, 4, 0, 1, 1, 3, 1, 1], [-1, -2, 0, 3, 0, 1, 0, -2, -2, -1, -1, 1, -3, 1, -1, -4, 1, 0, -1, -3, -1, -1], [0, 0, -1, 1, 0, 0, 1, -1, -1, 0, -1, 0, -2, 0, 0, -1, 1, 0, -1, -2, 0, 0], [0, -1, 0, 1, -1, -1, -2, -2, 0, -3, 1, 2, 0, 2, 0, -2, 0, -3, -1, -2, 1, -1], [-1, -1, 0, 2, 0, 1, 0, -2, -2, -1, -1, 1, -3, 0, 0, -3, 1, -1, -1, -3, 0, 0], [0, -1, 0, 1, 0, 0, 0, 0, 0, 0, 0, 0, 0, 1, -1, -1, 0, 0, 0, 0, 0, 0]]
[[1, 0, 0, 0, 0, 0, 0, 0, 0, 0, 0, 0, 0, 0, 0, 0, 0, 0, 0, 0, 0, 0], [0, 1, 0, 0, 0, 0, 0, 0, 0, 0, 0, 0, 0, 0, 0, 0, 0, 0, 0, 0, 0, 0], [0, 0, 1, 0, 0, 0, 0, 0, 0, 0, 0, 0, 0, 0, 0, 0, 0, 0, 0, 0, 0, 0], [0, 0, 0, 1, 0, 0, 0, 0, 0, 0, 0, 0, 0, 0, 0, 0, 0, 0, 0, 0, 0, 0], [0, 0, 0, 0, 1, 0, 0, 0, 0, 0, 0, 0, 0, 0, 0, 0, 0, 0, 0, 0, 0, 0], [0, 0, 0, 0, 0, 1, 0, 0, 0, 0, 0, 0, 0, 0, 0, 0, 0, 0, 0, 0, 0, 0], [0, 0, 0, 0, 0, 0, 1, 0, 0, 0, 0, 0, 0, 0, 0, 0, 0, 0, 0, 0, 0, 0], [0, 0, 0, 0, 0, 0, 0, 1, 0, 0, 0, 0, 0, 0, 0, 0, 0, 0, 0, 0, 0, 0], [0, 0, 0, 0, 0, 0, 0, 0, 1, 0, 0, 0, 0, 0, 0, 0, 0, 0, 0, 0, 0, 0], [0, 0, 0, 0, 0, 0, 0, 0, 0, 1, 0, 0, 0, 0, 0, 0, 0, 0, 0, 0, 0, 0], [0, 0, 0, 0, 0, 0, 0, 0, 0, 0, 1, 0, 0, 0, 0, 0, 0, 0, 0, 0, 0, 0], [0, 0, 0, 0, 0, 0, 0, 0, 0, 0, 0, 1, 0, 0, 0, 0, 0, 0, 0, 0, 0, 0], [0, 0, 0, 0, 0, 0, 0, 0, 0, 0, 0, 0, 1, 0, 0, 0, 0, 0, 0, 0, 0, 0], [0, 0, 0, 0, 0, 0, 0, 0, 0, 0, 0, 0, 0, 1, 0, 0, 0, 0, 0, 0, 0, 0], [0, 0, 0, 0, 0, 0, 0, 0, 0, 0, 0, 0, 0, 0, 1, 0, 0, 0, 0, 0, 0, 0], [0, 0, 0, 0, 0, 0, 0, 0, 0, 0, 0, 0, 0, 0, 0, 1, 0, 0, 0, 0, 0, 0], [0, 0, 0, 0, 0, 0, 0, 0, 0, 0, 0, 0, 0, 0, 0, 0, 1, 0, 0, 0, 0, 0], [0, 0, 0, 0, 0, 0, 0, 0, 0, 0, 0, 0, 0, 0, 0, 0, 0, 1, 0, 0, 0, 0], [0, 0, 0, 0, 0, 0, 0, 0, 0, 0, 0, 0, 0, 0, 0, 0, 0, 0, 1, 0, 0, 0], [0, 0, 0, 0, 0, 0, 0, 0, 0, 0, 0, 0, 0, 0, 0, 0, 0, 0, 0, 1, 0, 0], [0, 0, 0, 0, 0, 0, 0, 0, 0, 0, 0, 0, 0, 0, 0, 0, 0, 0, 0, 0, 1, 0], [0, 0, 0, 0, 0, 0, 0, 0, 0, 0, 0, 0, 0, 0, 0, 0, 0, 0, 0, 0, 0, 1]]
[[1, 0, 0, 0, 0, 0, 0, 0, 0, 0, 0, 0, 0, 0, 0, 0, 0, 0, 0, 0, 0, 0], [0, 1, 0, 0, 0, 0, 0, 0, 0, 0, 0, 0, 0, 0, 0, 0, 0, 0, 0, 0, 0, 0], [0, 0, 1, 0, 0, 0, 0, 0, 0, 0, 0, 0, 0, 0, 0, 0, 0, 0, 0, 0, 0, 0], [0, 0, 0, 1, 0, 0, 0, 0, 0, 0, 0, 0, 0, 0, 0, 0, 0, 0, 0, 0, 0, 0], [0, 0, 0, 0, 1, 0, 0, 0, 0, 0, 0, 0, 0, 0, 0, 0, 0, 0, 0, 0, 0, 0], [0, 0, 0, 0, 0, 1, 0, 0, 0, 0, 0, 0, 0, 0, 0, 0, 0, 0, 0, 0, 0, 0], [0, 0, 0, 0, 0, 0, 1, 0, 0, 0, 0, 0, 0, 0, 0, 0, 0, 0, 0, 0, 0, 0], [0, 0, 0, 0, 0, 0, 0, 1, 0, 0, 0, 0, 0, 0, 0, 0, 0, 0, 0, 0, 0, 0], [0, 0, 0, 0, 0, 0, 0, 0, 1, 0, 0, 0, 0, 0, 0, 0, 0, 0, 0, 0, 0, 0], [0, 0, 0, 0, 0, 0, 0, 0, 0, 1, 0, 0, 0, 0, 0, 0, 0, 0, 0, 0, 0, 0], [0, 0, 0, 0, 0, 0, 0, 0, 0, 0, 1, 0, 0, 0, 0, 0, 0, 0, 0, 0, 0, 0], [0, 0, 0, 0, 0, 0, 0, 0, 0, 0, 0, 1, 0, 0, 0, 0, 0, 0, 0, 0, 0, 0], [0, 0, 0, 0, 0, 0, 0, 0, 0, 0, 0, 0, 1, 0, 0, 0, 0, 0, 0, 0, 0, 0], [0, 0, 0, 0, 0, 0, 0, 0, 0, 0, 0, 0, 0, 1, 0, 0, 0, 0, 0, 0, 0, 0], [0, 0, 0, 0, 0, 0, 0, 0, 0, 0, 0, 0, 0, 0, 1, 0, 0, 0, 0, 0, 0, 0], [0, 0, 0, 0, 0, 0, 0, 0, 0, 0, 0, 0, 0, 0, 0, 1, 0, 0, 0, 0, 0, 0], [0, 0, 0, 0, 0, 0, 0, 0, 0, 0, 0, 0, 0, 0, 0, 0, 1, 0, 0, 0, 0, 0], [0, 0, 0, 0, 0, 0, 0, 0, 0, 0, 0, 0, 0, 0, 0, 0, 0, 1, 0, 0, 0, 0], [0, 0, 0, 0, 0, 0, 0, 0, 0, 0, 0, 0, 0, 0, 0, 0, 0, 0, 1, 0, 0, 0], [0, 0, 0, 0, 0, 0, 0, 0, 0, 0, 0, 0, 0, 0, 0, 0, 0, 0, 0, 1, 0, 0], [0, 0, 0, 0, 0, 0, 0, 0, 0, 0, 0, 0, 0, 0, 0, 0, 0, 0, 0, 0, 1, 0], [0, 0, 0, 0, 0, 0, 0, 0, 0, 0, 0, 0, 0, 0, 0, 0, 0, 0, 0, 0, 0, 1]]
[[1, 0, 0, 0, 0, 0, 0, 0, 0, 0, 0, 0, 0, 0, 0, 0, 0, 0, 0, 0, 0, 0], [0, 1, 0, 0, 0, 0, 0, 0, 0, 0, 0, 0, 0, 0, 0, 0, 0, 0, 0, 0, 0, 0], [0, 0, 1, 0, 0, 0, 0, 0, 0, 0, 0, 0, 0, 0, 0, 0, 0, 0, 0, 0, 0, 0], [0, 0, 0, 1, 0, 0, 0, 0, 0, 0, 0, 0, 0, 0, 0, 0, 0, 0, 0, 0, 0, 0], [0, 0, 0, 0, 1, 0, 0, 0, 0, 0, 0, 0, 0, 0, 0, 0, 0, 0, 0, 0, 0, 0], [0, 0, 0, 0, 0, 1, 0, 0, 0, 0, 0, 0, 0, 0, 0, 0, 0, 0, 0, 0, 0, 0], [0, 0, 0, 0, 0, 0, 1, 0, 0, 0, 0, 0, 0, 0, 0, 0, 0, 0, 0, 0, 0, 0], [0, 0, 0, 0, 0, 0, 0, 1, 0, 0, 0, 0, 0, 0, 0, 0, 0, 0, 0, 0, 0, 0], [0, 0, 0, 0, 0, 0, 0, 0, 1, 0, 0, 0, 0, 0, 0, 0, 0, 0, 0, 0, 0, 0], [0, 0, 0, 0, 0, 0, 0, 0, 0, 1, 0, 0, 0, 0, 0, 0, 0, 0, 0, 0, 0, 0], [0, 0, 0, 0, 0, 0, 0, 0, 0, 0, 1, 0, 0, 0, 0, 0, 0, 0, 0, 0, 0, 0], [0, 0, 0, 0, 0, 0, 0, 0, 0, 0, 0, 1, 0, 0, 0, 0, 0, 0, 0, 0, 0, 0], [0, 0, 0, 0, 0, 0, 0, 0, 0, 0, 0, 0, 1, 0, 0, 0, 0, 0, 0, 0, 0, 0], [0, 0, 0, 0, 0, 0, 0, 0, 0, 0, 0, 0, 0, 1, 0, 0, 0, 0, 0, 0, 0, 0], [0, 0, 0, 0, 0, 0, 0, 0, 0, 0, 0, 0, 0, 0, 1, 0, 0, 0, 0, 0, 0, 0], [0, 0, 0, 0, 0, 0, 0, 0, 0, 0, 0, 0, 0, 0, 0, 1, 0, 0, 0, 0, 0, 0], [0, 0, 0, 0, 0, 0, 0, 0, 0, 0, 0, 0, 0, 0, 0, 0, 1, 0, 0, 0, 0, 0], [0, 0, 0, 0, 0, 0, 0, 0, 0, 0, 0, 0, 0, 0, 0, 0, 0, 1, 0, 0, 0, 0], [0, 0, 0, 0, 0, 0, 0, 0, 0, 0, 0, 0, 0, 0, 0, 0, 0, 0, 1, 0, 0, 0], [0, 0, 0, 0, 0, 0, 0, 0, 0, 0, 0, 0, 0, 0, 0, 0, 0, 0, 0, 1, 0, 0], [0, 0, 0, 0, 0, 0, 0, 0, 0, 0, 0, 0, 0, 0, 0, 0, 0, 0, 0, 0, 1, 0], [0, 0, 0, 0, 0, 0, 0, 0, 0, 0, 0, 0, 0, 0, 0, 0, 0, 0, 0, 0, 0, 1]]
[[0, -1, 1, 0, 0, 2, 0, 0, -1, 1, -1, -1, -2, 0, 0, 0, 0, 1, 0, 0, 0, 1], [-1, 0, 1, 0, 0, 2, 0, 0, -1, 1, -1, -1, -2, -1, 0, 0, -1, 1, 0, 0, -1, 0], [0, 0, 1, 0, 0, 0, 0, 0, 0, 0, 0, 0, 0, -1, 0, 0, -1, 0, 0, 0, -1, -1], [0, 0, 0, 1, 0, 0, 0, 0, 0, 0, 0, 0, 0, 0, 0, 0, 0, 0, 0, 0, 0, 0], [0, 0, 0, 0, 1, 0, 0, 0, 0, 0, 0, 0, 0, -1, 0, 0, -1, 0, 0, 0, -1, -1], [1, 1, -1, 0, 0, -1, 0, 0, 1, -1, 1, 1, 2, 1, 0, 0, 1, -1, 0, 0, 1, 0], [0, 0, 0, 0, 0, 0, 1, 0, 0, 0, 0, 0, 0, -1, 0, 0, -1, 0, 0, 0, -1, -1], [-1, -1, 1, 0, -1, 2, -1, -1, 0, 0, 0, 0, -1, 2, 0, -2, 2, 0, 1, 0, 1, 1], [-1, -1, 1, 0, -1, 2, -1, -1, 0, 0, -1, -1, -2, 1, -1, -2, 0, 0, 0, -1, 0, 0], [0, 0, 0, 0, 0, 0, 0, 0, 0, 1, 0, 0, 0, 1, 0, 0, 1, 0, 0, 0, 1, 1], [-1, -1, 1, 0, -1, 2, -1, -1, -1, 0, 0, -1, -2, 1, -1, -2, 0, 0, 0, -1, 0, 0], [-1, -1, 1, 0, -1, 2, -1, -1, -1, 0, -1, 0, -2, 1, -1, -2, 0, 0, 0, -1, 0, 0], [2, 2, -2, 0, 1, -4, 1, 1, 2, -1, 2, 2, 5, 0, 1, 2, 1, -1, 0, 1, 1, 0], [0, 0, 0, 0, 0, 0, 0, 0, 0, 0, 0, 0, 0, 0, 0, 0, -1, 0, 0, 0, -1, -1], [0, 0, 0, 0, 0, 0, 0, 0, 0, 0, 0, 0, 0, 1, 1, 0, 1, 0, 0, 0, 1, 1], [1, 1, -1, 0, 0, -2, 0, 0, 1, -1, 1, 1, 2, 0, 0, 1, 0, -1, 0, 0, 0, -1], [1, 1, -1, 0, 0, -2, 0, 0, 1, -1, 1, 1, 2, 1, 0, 0, 2, -1, 0, 0, 1, 0], [-1, -1, 1, 0, 0, 2, 0, 0, -1, 1, -1, -1, -2, -1, 0, 0, -1, 2, 0, 0, -1, 0], [-1, -1, 1, 0, 1, 2, 1, 1, -1, 2, -1, -1, -2, -2, 1, 2, -1, 2, 1, 1, -1, 1], [0, 0, 0, 0, 0, 0, 0, 1, -1, 0, -1, -1, -1, -1, -1, 0, -2, 0, -1, 0, -1, -1], [-1, -1, 1, 0, 1, 2, 1, 1, -1, 2, -1, -1, -2, -3, 1, 2, -2, 2, 0, 1, -1, 0], [0, 0, 0, 0, -1, 0, -1, -1, 0, -1, 0, 0, 0, 1, -1, -2, 0, -1, 0, -1, 0, 0]]
[[1, 0, 0, 0, 0, 0, 0, 0, 0, 0, 0, 0, 0, 0, 0, 0, 0, 0, 0, 0, 0, 0], [0, 1, 0, 0, 0, 0, 0, 0, 0, 0, 0, 0, 0, 0, 0, 0, 0, 0, 0, 0, 0, 0], [0, 0, 1, 0, 0, 0, 0, 0, 0, 0, 0, 0, 0, 0, 0, 0, 0, 0, 0, 0, 0, 0], [0, 0, 0, 1, 0, 0, 0, 0, 0, 0, 0, 0, 0, 0, 0, 0, 0, 0, 0, 0, 0, 0], [0, 0, 0, 0, 1, 0, 0, 0, 0, 0, 0, 0, 0, 0, 0, 0, 0, 0, 0, 0, 0, 0], [0, 0, 0, 0, 0, 1, 0, 0, 0, 0, 0, 0, 0, 0, 0, 0, 0, 0, 0, 0, 0, 0], [0, 0, 0, 0, 0, 0, 1, 0, 0, 0, 0, 0, 0, 0, 0, 0, 0, 0, 0, 0, 0, 0], [0, 0, 0, 0, 0, 0, 0, 1, 0, 0, 0, 0, 0, 0, 0, 0, 0, 0, 0, 0, 0, 0], [0, 0, 0, 0, 0, 0, 0, 0, 1, 0, 0, 0, 0, 0, 0, 0, 0, 0, 0, 0, 0, 0], [0, 0, 0, 0, 0, 0, 0, 0, 0, 1, 0, 0, 0, 0, 0, 0, 0, 0, 0, 0, 0, 0], [0, 0, 0, 0, 0, 0, 0, 0, 0, 0, 1, 0, 0, 0, 0, 0, 0, 0, 0, 0, 0, 0], [0, 0, 0, 0, 0, 0, 0, 0, 0, 0, 0, 1, 0, 0, 0, 0, 0, 0, 0, 0, 0, 0], [0, 0, 0, 0, 0, 0, 0, 0, 0, 0, 0, 0, 1, 0, 0, 0, 0, 0, 0, 0, 0, 0], [0, 0, 0, 0, 0, 0, 0, 0, 0, 0, 0, 0, 0, 1, 0, 0, 0, 0, 0, 0, 0, 0], [0, 0, 0, 0, 0, 0, 0, 0, 0, 0, 0, 0, 0, 0, 1, 0, 0, 0, 0, 0, 0, 0], [0, 0, 0, 0, 0, 0, 0, 0, 0, 0, 0, 0, 0, 0, 0, 1, 0, 0, 0, 0, 0, 0], [0, 0, 0, 0, 0, 0, 0, 0, 0, 0, 0, 0, 0, 0, 0, 0, 1, 0, 0, 0, 0, 0], [0, 0, 0, 0, 0, 0, 0, 0, 0, 0, 0, 0, 0, 0, 0, 0, 0, 1, 0, 0, 0, 0], [0, 0, 0, 0, 0, 0, 0, 0, 0, 0, 0, 0, 0, 0, 0, 0, 0, 0, 1, 0, 0, 0], [0, 0, 0, 0, 0, 0, 0, 0, 0, 0, 0, 0, 0, 0, 0, 0, 0, 0, 0, 1, 0, 0], [0, 0, 0, 0, 0, 0, 0, 0, 0, 0, 0, 0, 0, 0, 0, 0, 0, 0, 0, 0, 1, 0], [0, 0, 0, 0, 0, 0, 0, 0, 0, 0, 0, 0, 0, 0, 0, 0, 0, 0, 0, 0, 0, 1]]
[[3, 2, -2, -2, 0, 0, 0, 0, -2, 0, -2, 0, -2, 0, 0, 2, 0, 0, -2, 0, 0, 0], [1, 2, -1, -1, 0, 0, 0, 0, -1, 0, -1, 0, -1, 0, 0, 1, 0, 0, -1, 0, 0, 0], [0, 0, 1, 1, 0, 0, 0, 0, 0, 0, 0, 0, 0, 1, 0, -1, 1, 0, 0, 0, 0, 0], [1, 1, -1, -1, 0, 0, 0, 0, -1, 0, -1, 0, -1, -1, 0, 2, -1, 0, -1, 0, 0, 0], [-1, -1, 1, 2, 0, 0, 1, 0, 1, 0, 1, 0, 1, 1, 0, -2, 1, 0, 1, 0, 0, 0], [0, 0, 0, -1, 0, 1, 0, 0, 0, 0, 0, 0, 0, -1, 0, 1, -1, 0, 0, 0, 0, 0], [-1, -1, 1, 2, 1, 0, 0, 0, 1, 0, 1, 0, 1, 1, 0, -2, 1, 0, 1, 0, 0, 0], [2, 2, -2, -3, 0, 0, 0, 1, -2, 0, -2, 0, -2, -1, 0, 3, -1, 0, -2, 0, 0, 0], [2, 2, -2, -2, 0, 0, 0, 0, -2, 0, -1, 0, -2, 0, 0, 2, 0, 0, -2, 0, 0, 0], [0, 0, 0, -1, 0, 0, 0, 0, 0, 1, 0, 0, 0, -1, 0, 1, -1, 0, 0, 0, 0, 0], [2, 2, -2, -2, 0, 0, 0, 0, -1, 0, -2, 0, -2, 0, 0, 2, 0, 0, -2, 0, 0, 0], [1, 1, -1, -1, 0, 0, 0, 0, -1, 0, -1, 1, -1, 0, 0, 1, 0, 0, -1, 0, 0, 0], [-3, -3, 3, 2, 0, 0, 0, 0, 3, 0, 3, 0, 4, -1, 0, -2, -1, 0, 3, 0, 0, 0], [-1, -1, 1, 1, 0, 0, 0, 0, 1, 0, 1, 0, 1, 1, 0, -1, 0, 0, 1, 0, 0, 0], [0, 0, 0, -1, 0, 0, 0, 0, 0, 0, 0, 0, 0, -1, 1, 1, -1, 0, 0, 0, 0, 0], [-1, -1, 1, 2, 0, 0, 0, 0, 1, 0, 1, 0, 1, 1, 0, -1, 1, 0, 1, 0, 0, 0], [-1, -1, 1, 1, 0, 0, 0, 0, 1, 0, 1, 0, 1, 0, 0, -1, 1, 0, 1, 0, 0, 0], [2, 2, -2, -1, 0, 0, 0, 0, -2, 0, -2, 0, -2, 1, 0, 1, 1, 1, -2, 0, 0, 0], [2, 2, -2, 0, 0, 0, 0, 0, -2, 0, -2, 0, -2, 2, 0, 0, 2, 0, -1, 0, 0, 0], [-1, -1, 1, 0, 0, 0, 0, 0, 1, 0, 1, 0, 1, -1, 0, 0, -1, 0, 1, 1, 0, 0], [2, 2, -2, -1, 0, 0, 0, 0, -2, 0, -2, 0, -2, 1, 0, 1, 1, 0, -2, 0, 1, 0], [0, 0, 0, -1, 0, 0, 0, 0, 0, 0, 0, 0, 0, -1, 0, 1, -1, 0, 0, 0, 0, 1]]
[[1, 0, 1, 0, -1, -1, -1, 1, 1, -1, 1, -1, 1, 1, 0, 1, -1, 0, 0, 1, -1, -2], [0, 0, 0, 1, 0, -1, 0, -1, 1, -1, 1, 1, 1, 1, 1, -1, 1, -1, 0, -1, 1, 0], [0, 0, 0, 0, 1, 1, 1, 0, -1, 1, -1, 0, -1, -1, 0, 0, 0, 1, 0, 0, 0, 1], [0, 0, 0, 1, 0, 0, 0, 0, 0, 0, 0, 0, 0, 0, 0, 0, 0, 0, 0, 0, 0, 0], [0, 0, 0, 0, 1, 0, 0, -1, 0, 0, 0, 1, 0, 0, 0, -1, 1, -1, 0, -1, 1, 1], [-1, -1, 0, 2, 0, 0, 0, -2, 1, -1, 1, 2, 0, 2, 2, -2, 3, -3, 1, -2, 2, 1], [0, 0, 0, 0, 0, 0, 1, -1, 0, 0, 0, 1, 0, 0, 0, -1, 1, -1, 0, -1, 1, 1], [0, -1, 1, 1, -1, -2, -1, 1, 2, -2, 2, 0, 2, 2, 1, 0, 0, -1, 0, 0, 0, -2], [0, -1, 1, 1, -1, -2, -1, 0, 3, -2, 2, 0, 2, 2, 1, 0, 0, -1, 0, 0, 0, -2], [0, 0, 0, 0, 0, 0, 0, 1, 0, 1, 0, -1, 0, 0, 0, 1, -1, 1, 0, 1, -1, -1], [0, -1, 1, 1, -1, -2, -1, 0, 2, -2, 3, 0, 2, 2, 1, 0, 0, -1, 0, 0, 0, -2], [0, -1, 1, 1, -1, -2, -1, 0, 2, -2, 2, 1, 2, 2, 1, 0, 0, -1, 0, 0, 0, -2], [-1, 1, -2, 0, 2, 3, 2, -1, -3, 3, -3, 1, -3, -2, 0, -1, 2, 0, 1, -1, 1, 4], [0, 0, 0, 0, 0, 0, 0, -1, 0, 0, 0, 1, 0, 1, 0, -1, 1, -1, 0, -1, 1, 1], [0, 1, 0, -1, 0, 1, 0, 1, -1, 1, -1, -1, -1, -1, 0, 1, -1, 1, 0, 1, -1, 0], [0, 0, -1, 0, 1, 1, 1, -1, -1, 1, -1, 1, -1, -1, 0, 0, 1, 0, 0, -1, 1, 2], [0, 0, -1, 0, 1, 1, 1, 0, -1, 1, -1, 0, -1, -1, 0, 0, 1, 1, 0, 0, 0, 1], [0, 0, 1, 0, -1, -1, -1, 0, 1, -1, 1, 0, 1, 1, 0, 0, 0, 0, 0, 0, 0, -1], [1, 0, 1, -1, -1, -1, -1, 0, 1, -1, 1, 0, 2, 0, -1, 0, -1, 0, 0, 0, 0, -1], [0, 0, 0, 0, 0, 0, 0, 0, 0, 0, 0, 0, 0, 0, 0, 0, 0, 0, 0, 1, 0, 0], [0, 0, 1, 0, -1, -1, -1, 0, 1, -1, 1, 0, 1, 1, 0, 0, 0, -1, 0, 0, 1, -1], [0, 0, 0, 0, 0, 0, 0, 1, 0, 0, 0, -1, 0, 0, 0, 1, -1, 1, 0, 1, -1, 0]]
[[1, 0, 0, 0, 0, 0, 0, 0, 0, 0, 0, 0, 0, 0, 0, 0, 0, 0, 0, 0, 0, 0], [0, 1, 0, 0, 0, 0, 0, 0, 0, 0, 0, 0, 0, 0, 0, 0, 0, 0, 0, 0, 0, 0], [0, 0, 1, 0, 0, 0, 0, 0, 0, 0, 0, 0, 0, 0, 0, 0, 0, 0, 0, 0, 0, 0], [0, 0, 0, 1, 0, 0, 0, 0, 0, 0, 0, 0, 0, 0, 0, 0, 0, 0, 0, 0, 0, 0], [0, 0, 0, 0, 1, 0, 0, 0, 0, 0, 0, 0, 0, 0, 0, 0, 0, 0, 0, 0, 0, 0], [0, 0, 0, 0, 0, 1, 0, 0, 0, 0, 0, 0, 0, 0, 0, 0, 0, 0, 0, 0, 0, 0], [0, 0, 0, 0, 0, 0, 1, 0, 0, 0, 0, 0, 0, 0, 0, 0, 0, 0, 0, 0, 0, 0], [0, 0, 0, 0, 0, 0, 0, 1, 0, 0, 0, 0, 0, 0, 0, 0, 0, 0, 0, 0, 0, 0], [0, 0, 0, 0, 0, 0, 0, 0, 1, 0, 0, 0, 0, 0, 0, 0, 0, 0, 0, 0, 0, 0], [0, 0, 0, 0, 0, 0, 0, 0, 0, 1, 0, 0, 0, 0, 0, 0, 0, 0, 0, 0, 0, 0], [0, 0, 0, 0, 0, 0, 0, 0, 0, 0, 1, 0, 0, 0, 0, 0, 0, 0, 0, 0, 0, 0], [0, 0, 0, 0, 0, 0, 0, 0, 0, 0, 0, 1, 0, 0, 0, 0, 0, 0, 0, 0, 0, 0], [0, 0, 0, 0, 0, 0, 0, 0, 0, 0, 0, 0, 1, 0, 0, 0, 0, 0, 0, 0, 0, 0], [0, 0, 0, 0, 0, 0, 0, 0, 0, 0, 0, 0, 0, 1, 0, 0, 0, 0, 0, 0, 0, 0], [0, 0, 0, 0, 0, 0, 0, 0, 0, 0, 0, 0, 0, 0, 1, 0, 0, 0, 0, 0, 0, 0], [0, 0, 0, 0, 0, 0, 0, 0, 0, 0, 0, 0, 0, 0, 0, 1, 0, 0, 0, 0, 0, 0], [0, 0, 0, 0, 0, 0, 0, 0, 0, 0, 0, 0, 0, 0, 0, 0, 1, 0, 0, 0, 0, 0], [0, 0, 0, 0, 0, 0, 0, 0, 0, 0, 0, 0, 0, 0, 0, 0, 0, 1, 0, 0, 0, 0], [0, 0, 0, 0, 0, 0, 0, 0, 0, 0, 0, 0, 0, 0, 0, 0, 0, 0, 1, 0, 0, 0], [0, 0, 0, 0, 0, 0, 0, 0, 0, 0, 0, 0, 0, 0, 0, 0, 0, 0, 0, 1, 0, 0], [0, 0, 0, 0, 0, 0, 0, 0, 0, 0, 0, 0, 0, 0, 0, 0, 0, 0, 0, 0, 1, 0], [0, 0, 0, 0, 0, 0, 0, 0, 0, 0, 0, 0, 0, 0, 0, 0, 0, 0, 0, 0, 0, 1]]
[[1, 0, 0, 0, 0, 0, 0, 0, 0, 0, 0, 0, 0, 0, 0, 0, 0, 0, 0, 0, 0, 0], [0, 0, 0, 1, -1, -1, -1, -1, 1, -2, 1, 2, 1, 2, 0, -1, 1, -2, 0, -1, 1, -1], [0, -1, 1, 1, -1, -1, -1, -1, 1, -2, 1, 2, 1, 2, 0, -1, 1, -2, 0, -1, 1, -1], [-1, 0, 1, 0, 0, 1, 0, 1, -1, 1, -1, -1, -1, -1, 0, 0, -1, 2, 0, 1, -1, 0], [0, -1, 0, 1, 0, -1, -1, -1, 1, -2, 1, 2, 1, 2, 0, -1, 1, -2, 0, -1, 1, -1], [-1, 0, 0, 0, 0, 1, 0, 0, 0, 0, 0, 0, 0, 0, 0, -1, 1, 1, 0, 0, 0, 0], [0, -1, 0, 1, -1, -1, 0, -1, 1, -2, 1, 2, 1, 2, 0, -1, 1, -2, 0, -1, 1, -1], [1, 1, -1, 0, 1, 0, 1, 1, 0, 1, 0, -1, 0, -1, 0, 1, 0, 0, 0, 0, 0, 1], [1, 0, 0, 0, 0, 0, 0, 0, 1, 0, 0, 0, 0, 0, 0, 1, -1, -1, 0, 0, 0, 0], [0, 1, -1, 0, 1, 0, 1, 0, 0, 1, 0, 0, 1, -1, 0, -1, 2, 1, 1, 0, 0, 2], [1, 0, 0, 0, 0, 0, 0, 0, 0, 0, 1, 0, 0, 0, 0, 1, -1, -1, 0, 0, 0, 0], [1, 1, -1, 0, 1, 0, 1, 0, 0, 1, 0, 0, 0, -1, 0, 1, 0, 0, 0, 0, 0, 1], [-2, 0, 0, 0, 0, 0, 0, 0, 0, 0, 0, 0, 1, 0, 0, -2, 2, 2, 0, 0, 0, 0], [0, 0, -1, 1, 0, -1, 0, -1, 1, -1, 1, 1, 1, 2, 0, -1, 2, -1, 0, -1, 1, 0], [0, 0, -1, 1, 0, -1, 0, -1, 1, -1, 1, 1, 1, 1, 1, -1, 2, -1, 0, -1, 1, 0], [-1, 0, 1, -1, 0, 1, 0, 1, -1, 1, -1, -1, -1, -1, 0, 1, -1, 2, 0, 1, -1, 0], [0, 0, 1, -1, 0, 1, 0, 1, -1, 1, -1, -1, -1, -1, 0, 1, -1, 1, 0, 1, -1, 0], [1, 0, 0, 0, 0, 0, 0, 0, 0, 0, 0, 0, 0, 0, 0, 1, -1, 0, 0, 0, 0, 0], [0, 0, 0, 0, 0, 0, 0, 0, 0, 0, 0, 0, 0, 0, 0, 0, 0, 0, 1, 0, 0, 0], [0, 0, 0, 0, 0, 0, 0, 0, 0, 0, 0, 0, 0, 0, 0, 0, 0, 0, 0, 1, 0, 0], [0, 0, 0, 0, 0, 0, 0, 0, 0, -1, 0, 1, 1, 0, 0, -1, 1, 0, 1, 0, 1, 1], [0, 0, 0, 0, 0, 0, 0, 0, 0, 1, 0, -1, -1, 0, 0, 1, -1, 0, -1, 0, 0, 0]]
[[1, 0, 0, 0, 0, 0, 0, 0, 0, 0, 0, 0, 0, 0, 0, 0, 0, 0, 0, 0, 0, 0], [0, 0, -1, 1, 0, -1, 0, -1, 1, -1, 1, 1, 1, 1, 0, -1, 1, -1, 0, -1, 1, 0], [0, -1, 0, 1, 0, -1, 0, -1, 1, -1, 1, 1, 1, 1, 0, -1, 1, -1, 0, -1, 1, 0], [-1, 0, 0, 1, 0, 0, 0, 0, 0, 0, 0, 0, 0, 0, 0, -1, 1, 0, 1, 0, 0, 1], [0, 0, 0, 0, 1, 0, 0, 0, 0, 0, 0, 0, 0, 0, 0, 0, 0, 0, 0, 0, 0, 0], [-1, 0, 0, 0, 0, 1, 0, 0, 0, 0, 0, 0, 0, 0, 0, -1, 1, 0, 1, 0, 0, 1], [0, 0, 0, 0, 0, 0, 1, 0, 0, 0, 0, 0, 0, 0, 0, 0, 0, 0, 0, 0, 0, 0], [1, 0, 0, 0, 0, 0, 0, 1, 0, 0, 0, 0, 0, 0, 0, 1, -1, 0, -1, 0, 0, -1], [1, 0, 0, 0, 0, 0, 0, 0, 1, 0, 0, 0, 0, 0, 0, 1, -1, 0, -1, 0, 0, -1], [0, 0, 0, 0, 0, 0, 0, 0, 0, 1, 0, 0, 0, 0, 0, 0, 0, 0, 0, 0, 0, 0], [1, 0, 0, 0, 0, 0, 0, 0, 0, 0, 1, 0, 0, 0, 0, 1, -1, 0, -1, 0, 0, -1], [1, 0, 0, 0, 0, 0, 0, 0, 0, 0, 0, 1, 0, 0, 0, 1, -1, 0, -1, 0, 0, -1], [-2, 0, 0, 0, 0, 0, 0, 0, 0, 0, 0, 0, 1, 0, 0, -2, 2, 0, 2, 0, 0, 2], [0, 0, 0, 0, 0, 0, 0, 0, 0, 0, 0, 0, 0, 1, 0, 0, 0, 0, 0, 0, 0, 0], [0, 0, 0, 0, 0, 0, 0, 0, 0, 0, 0, 0, 0, 0, 1, 0, 0, 0, 0, 0, 0, 0], [-1, 0, 0, 0, 0, 0, 0, 0, 0, 0, 0, 0, 0, 0, 0, 0, 1, 0, 1, 0, 0, 1], [0, 0, 0, 0, 0, 0, 0, 0, 0, 0, 0, 0, 0, 0, 0, 0, 1, 0, 0, 0, 0, 0], [0, 0, 0, 0, 0, 0, 0, 0, 0, 0, 0, 0, 0, 0, 0, 0, 0, 1, 0, 0, 0, 0], [0, 0, 0, 0, 0, 0, 0, 0, 0, 0, 0, 0, 0, 0, 0, 0, 0, 0, 1, 0, 0, 0], [0, 0, 0, 0, 0, 0, 0, 0, 0, 0, 0, 0, 0, 0, 0, 0, 0, 0, 0, 1, 0, 0], [-1, 0, 0, 0, 0, 0, 0, 0, 0, 0, 0, 0, 0, 0, 0, -1, 1, 0, 1, 0, 1, 1], [1, 0, 0, 0, 0, 0, 0, 0, 0, 0, 0, 0, 0, 0, 0, 1, -1, 0, -1, 0, 0, 0]]

#################
# GALOIS GROUPS #
#################


Generators of the monodromy group on the generic Picard lattice:
[[1, 0, 0, 0, 0, 0, 0, 0, 0, 0, 0, 0, 0, 0], [0, 1, 0, 0, 0, 0, 0, 0, 0, 0, 0, 0, 0, 0], [0, 0, 1, 0, 0, 0, 0, 0, 0, 0, 0, 0, 0, 0], [0, 0, 0, 1, 0, 0, 0, 0, 0, 0, 0, 0, 0, 0], [0, 0, 0, 0, 1, 0, 0, 0, 0, 0, 0, 0, 0, 0], [0, 0, 0, 0, 0, 1, 0, 0, 0, 0, 0, 0, 0, 0], [0, 0, 0, 0, 0, 0, 1, 0, 0, 0, 0, 0, 0, 0], [0, 0, 0, 0, 0, 0, 0, 1, 0, 0, 0, 0, 0, 0], [0, 0, 0, 0, 0, 0, 0, 0, 1, 0, 0, 0, 0, 0], [0, 0, 0, 0, 0, 0, 0, 0, 0, 1, 0, 0, 0, 0], [0, 0, 0, 0, 0, 0, 0, 0, 0, 0, 1, 0, 0, 0], [0, 0, 0, 0, 0, 0, 0, 0, 0, 0, 0, 1, 0, 0], [0, 0, 0, 0, 0, 0, 0, 0, 0, 0, 0, 0, 1, 0], [0, 0, 0, 0, 0, 0, 0, 0, 0, 0, 0, 0, 0, 1]]
[[1, 0, 0, 0, 0, 0, 0, 0, 0, 0, 0, 0, 0, 0], [0, 1, 0, 0, 0, 0, 0, 0, 0, 0, 0, 0, 0, 0], [0, 0, 1, 0, 0, 0, 0, 0, 0, 0, 0, 0, 0, 0], [0, 0, 0, 1, 0, 0, 0, 0, 0, 0, 0, 0, 0, 0], [0, 0, 0, 0, 1, 0, 0, 0, 0, 0, 0, 0, 0, 0], [0, 0, 0, 0, 0, 1, 0, 0, 0, 0, 0, 0, 0, 0], [0, 0, 0, 0, 0, 0, 1, 0, 0, 0, 0, 0, 0, 0], [0, 0, 0, 0, 0, 0, 0, 1, 0, 0, 0, 0, 0, 0], [0, 0, 0, 0, 0, 0, 0, 0, 1, 0, 0, 0, 0, 0], [0, 0, 0, 0, 0, 0, 0, 0, 0, 1, 0, 0, 0, 0], [0, 0, 0, 0, 0, 0, 0, 0, 0, 0, 1, 0, 0, 0], [0, 0, 0, 0, 0, 0, 0, 0, 0, 0, 0, 1, 0, 0], [0, 0, 0, 0, 0, 0, 0, 0, 0, 0, 0, 0, 1, 0], [0, 0, 0, 0, 0, 0, 0, 0, 0, 0, 0, 0, 0, 1]]
[[1, 0, 0, 0, 0, 0, 0, 0, 0, 0, 0, 0, 0, 0], [0, 1, 0, 0, 0, 0, 0, 0, 0, 0, 0, 0, 0, 0], [0, 0, 1, 0, 0, 0, 0, 0, 0, 0, 0, 0, 0, 0], [0, 0, 0, 1, 0, 0, 0, 0, 0, 0, 0, 0, 0, 0], [0, 0, 0, 0, 1, 0, 0, 0, 0, 0, 0, 0, 0, 0], [0, 0, 0, 0, 0, 1, 0, 0, 0, 0, 0, 0, 0, 0], [0, 0, 0, 0, 0, 0, 1, 0, 0, 0, 0, 0, 0, 0], [0, 0, 0, 0, 0, 0, 0, 1, 0, 0, 0, 0, 0, 0], [0, 0, 0, 0, 0, 0, 0, 0, 1, 0, 0, 0, 0, 0], [0, 0, 0, 0, 0, 0, 0, 0, 0, 1, 0, 0, 0, 0], [0, 0, 0, 0, 0, 0, 0, 0, 0, 0, 1, 0, 0, 0], [0, 0, 0, 0, 0, 0, 0, 0, 0, 0, 0, 1, 0, 0], [0, 0, 0, 0, 0, 0, 0, 0, 0, 0, 0, 0, 1, 0], [0, 0, 0, 0, 0, 0, 0, 0, 0, 0, 0, 0, 0, 1]]
[[1, -1, 1, 2, 0, 0, 1, -1, 0, 0, -1, 2, -1, 1], [0, 0, 1, 2, 0, 0, 1, -1, 0, 0, -1, 2, -1, 1], [0, 1, 0, -2, 0, 0, -1, 1, 0, 0, 1, -2, 1, -1], [0, 0, 0, 1, 0, 0, 0, 0, 0, 0, 0, 0, 0, 0], [0, 1, -1, -2, 1, 0, -1, 1, 0, 0, 1, -2, 1, -1], [0, -1, 1, 2, 0, 1, 1, -1, 0, 0, -1, 2, -1, 1], [0, 1, -1, -2, 0, 0, 0, 1, 0, 0, 1, -2, 1, -1], [0, -2, 2, 4, 0, 0, 2, -1, 0, 0, -2, 4, -2, 2], [0, -2, 2, 4, 0, 0, 2, -2, 1, 0, -2, 4, -2, 2], [0, 0, 0, 0, 0, 0, 0, 0, 0, 1, 0, 0, 0, 0], [0, -2, 2, 4, 0, 0, 2, -2, 0, 0, -1, 4, -2, 2], [0, -1, 1, 2, 0, 0, 1, -1, 0, 0, -1, 3, -1, 1], [0, 2, -2, -4, 0, 0, -2, 2, 0, 0, 2, -4, 3, -2], [0, -1, 1, 2, 0, 0, 1, -1, 0, 0, -1, 2, -1, 2]]
[[1, 0, 1, 0, 0, 2, 0, -1, -1, 1, -1, 0, -2, 1], [0, 0, 1, 1, -1, 1, 0, -1, -1, -1, -2, 2, -2, 1], [0, 1, 0, -1, 0, -1, -1, 1, 0, -1, 1, 0, 2, -1], [0, 0, 0, 1, 0, 0, 0, 0, 0, 0, 0, 0, 0, 0], [0, 1, -1, -1, 1, -1, -1, 1, 0, -1, 1, 0, 2, -1], [0, -1, 0, 1, 0, 0, 1, 0, 1, 0, 0, 0, 0, 0], [0, 1, -1, -1, 0, -1, 0, 1, 0, -1, 1, 0, 2, -1], [0, -1, 3, 1, 0, 5, 1, -2, -2, 3, -3, 0, -6, 3], [0, -1, 2, 1, -1, 3, 0, -2, -1, 0, -3, 2, -4, 2], [0, -1, 1, 1, 0, 1, 1, -1, 0, 2, -1, 0, -2, 1], [0, -1, 2, 1, -1, 3, 0, -2, -2, 0, -2, 2, -4, 2], [0, -1, 2, 1, 0, 3, 1, -2, -1, 2, -2, 1, -4, 2], [0, 0, -2, 0, 1, -4, 1, 2, 3, 0, 3, -2, 5, -2], [0, -1, 1, 1, 0, 1, 1, -1, 0, 1, -1, 0, -2, 2]]
[[1, 0, 0, 0, 0, 0, 0, 0, 0, 0, 0, 0, 0, 0], [0, 1, 0, 0, 0, 0, 0, 0, 0, 0, 0, 0, 0, 0], [0, 0, 1, 0, 0, 0, 0, 0, 0, 0, 0, 0, 0, 0], [0, 0, 0, 1, 0, 0, 0, 0, 0, 0, 0, 0, 0, 0], [0, 0, 0, 0, 1, 0, 0, 0, 0, 0, 0, 0, 0, 0], [0, 0, 0, 0, 0, 1, 0, 0, 0, 0, 0, 0, 0, 0], [0, 0, 0, 0, 0, 0, 1, 0, 0, 0, 0, 0, 0, 0], [0, 0, 0, 0, 0, 0, 0, 1, 0, 0, 0, 0, 0, 0], [0, 0, 0, 0, 0, 0, 0, 0, 1, 0, 0, 0, 0, 0], [0, 0, 0, 0, 0, 0, 0, 0, 0, 1, 0, 0, 0, 0], [0, 0, 0, 0, 0, 0, 0, 0, 0, 0, 1, 0, 0, 0], [0, 0, 0, 0, 0, 0, 0, 0, 0, 0, 0, 1, 0, 0], [0, 0, 0, 0, 0, 0, 0, 0, 0, 0, 0, 0, 1, 0], [0, 0, 0, 0, 0, 0, 0, 0, 0, 0, 0, 0, 0, 1]]
[[1, 0, 0, 1, 1, -1, 0, -1, 1, 0, 0, 2, 1, 0], [0, 1, 0, 0, 1, 0, 0, 0, 0, 1, 0, 0, 0, 0], [0, 0, 1, -1, 0, 1, 0, 1, -1, 1, 0, -2, -1, 0], [0, 0, -1, -1, 1, 0, -1, 1, 0, 1, 0, -2, 0, -1], [0, 0, 1, 0, 1, 2, 1, 1, -2, 2, 0, -2, -2, 1], [0, 0, 0, 0, 1, 1, 0, 0, 0, 1, 0, 0, 0, 0], [0, 0, 0, -1, 0, 1, 1, 1, -1, 1, 0, -2, -1, 0], [0, 0, 0, 3, 0, -3, 0, -2, 3, -3, 0, 6, 3, 0], [0, 0, 1, 3, 1, -1, 1, -2, 2, 0, 0, 4, 1, 1], [0, 0, -1, 0, -2, -2, -1, -1, 2, -3, 0, 2, 2, -1], [0, 0, 0, 2, 1, -2, 0, -2, 2, -1, 1, 4, 2, 0], [0, 0, 0, 2, -1, -2, 0, -2, 2, -3, 0, 5, 2, 0], [0, 0, -1, -4, -1, 2, -1, 3, -2, 1, 0, -6, -1, -1], [0, 0, 0, 1, 0, -1, 0, -1, 1, -1, 0, 2, 1, 1]]
[[-2, -1, -1, 3, 0, -1, 0, -2, 0, -1, -2, 2, -3, 2], [-2, -1, 0, 3, 0, -1, 0, -2, 0, -1, -1, 3, -2, 2], [0, 0, 1, -1, 0, 1, 0, 0, 0, 1, 1, -1, 0, 0], [-1, -1, -1, 2, 0, -1, 0, -2, 0, -1, 0, 2, -1, 2], [1, 0, 0, -2, 0, 0, 0, 1, 1, 1, 2, -2, 2, -2], [0, -1, -1, 1, -1, -2, 0, -1, 1, -2, 0, 2, 1, 0], [0, 0, 0, -2, 0, 0, -1, 2, 0, 0, 2, -2, 2, -2], [-3, 0, -2, 4, -1, -2, 0, -2, -1, -3, -4, 4, -4, 2], [-2, -1, -1, 4, -1, -2, 0, -3, 0, -3, -3, 5, -3, 2], [1, 2, 0, -1, 1, 1, 0, 1, -1, 1, -1, -1, 0, 0], [-3, -1, -1, 4, 0, -2, 0, -2, 0, -2, -2, 3, -3, 2], [-1, 1, -1, 1, 0, -1, 0, 0, 0, -1, -2, 1, -1, 0], [3, 1, 1, -4, 0, 2, 0, 2, 0, 2, 3, -3, 4, -2], [-1, 0, 0, 2, -1, 0, 0, -1, -1, -1, -2, 2, -2, 1]]
[[1, 0, 0, 0, 0, 0, 0, 0, 0, 0, 0, 0, 0, 0], [0, 1, 0, 0, 0, 0, 0, 0, 0, 0, 0, 0, 0, 0], [0, 0, 1, 0, 0, 0, 0, 0, 0, 0, 0, 0, 0, 0], [0, 0, 0, 1, 0, 0, 0, 0, 0, 0, 0, 0, 0, 0], [0, 0, 0, 0, 1, 0, 0, 0, 0, 0, 0, 0, 0, 0], [0, 0, 0, 0, 0, 1, 0, 0, 0, 0, 0, 0, 0, 0], [0, 0, 0, 0, 0, 0, 1, 0, 0, 0, 0, 0, 0, 0], [0, 0, 0, 0, 0, 0, 0, 1, 0, 0, 0, 0, 0, 0], [0, 0, 0, 0, 0, 0, 0, 0, 1, 0, 0, 0, 0, 0], [0, 0, 0, 0, 0, 0, 0, 0, 0, 1, 0, 0, 0, 0], [0, 0, 0, 0, 0, 0, 0, 0, 0, 0, 1, 0, 0, 0], [0, 0, 0, 0, 0, 0, 0, 0, 0, 0, 0, 1, 0, 0], [0, 0, 0, 0, 0, 0, 0, 0, 0, 0, 0, 0, 1, 0], [0, 0, 0, 0, 0, 0, 0, 0, 0, 0, 0, 0, 0, 1]]
[[1, 0, 0, 0, 0, 0, 0, 0, 0, 0, 0, 0, 0, 0], [1, 1, -1, -1, 1, 0, 0, 1, 0, 1, 1, -2, 1, -1], [1, 0, 0, -1, 1, 0, 0, 1, 0, 1, 1, -2, 1, -1], [-1, 0, 1, 2, -1, 0, 0, -1, 0, -1, -1, 2, -1, 1], [0, 0, 0, 0, 1, 0, 0, 0, 0, 0, 0, 0, 0, 0], [-1, 0, 1, 1, -1, 1, 0, -1, 0, -1, -1, 2, -1, 1], [0, 0, 0, 0, 0, 0, 1, 0, 0, 0, 0, 0, 0, 0], [1, 0, -1, -1, 1, 0, 0, 2, 0, 1, 1, -2, 1, -1], [1, 0, -1, -1, 1, 0, 0, 1, 1, 1, 1, -2, 1, -1], [0, 0, 0, 0, 0, 0, 0, 0, 0, 1, 0, 0, 0, 0], [1, 0, -1, -1, 1, 0, 0, 1, 0, 1, 2, -2, 1, -1], [1, 0, -1, -1, 1, 0, 0, 1, 0, 1, 1, -1, 1, -1], [-2, 0, 2, 2, -2, 0, 0, -2, 0, -2, -2, 4, -1, 2], [0, 0, 0, 0, 0, 0, 0, 0, 0, 0, 0, 0, 0, 1]]
[[2, 1, 1, -3, 0, 1, 0, 2, 0, 1, 2, -2, 3, -2], [2, 1, 0, -3, 0, 1, 0, 2, 0, 1, 1, -3, 2, -2], [0, 0, -1, 1, 0, -1, 0, 0, 0, -1, -1, 1, 0, 0], [1, 1, 1, -2, 0, 1, 0, 2, 0, 1, 0, -2, 1, -2], [-1, 0, 0, 2, 0, 0, 0, -1, -1, -1, -2, 2, -2, 2], [0, 1, 1, -1, 1, 2, 0, 1, -1, 2, 0, -2, -1, 0], [0, 0, 0, 2, 0, 0, 1, -2, 0, 0, -2, 2, -2, 2], [3, 0, 2, -4, 1, 2, 0, 2, 1, 3, 4, -4, 4, -2], [2, 1, 1, -4, 1, 2, 0, 3, 0, 3, 3, -5, 3, -2], [-1, -2, 0, 1, -1, -1, 0, -1, 1, -1, 1, 1, 0, 0], [3, 1, 1, -4, 0, 2, 0, 2, 0, 2, 2, -3, 3, -2], [1, -1, 1, -1, 0, 1, 0, 0, 0, 1, 2, -1, 1, 0], [-3, -1, -1, 4, 0, -2, 0, -2, 0, -2, -3, 3, -4, 2], [1, 0, 0, -2, 1, 0, 0, 1, 1, 1, 2, -2, 2, -1]]
[[1, 0, 0, -1, 0, 1, -1, -1, 0, 0, -1, 0, -1, 0], [0, 1, -1, -1, 0, 0, -1, 0, 0, 0, 0, -1, 0, -1], [0, 0, 0, 0, 0, -1, 0, 1, 0, 0, 1, -1, 1, -1], [0, 0, 1, 1, 0, 0, 0, -1, 1, -1, -1, 2, 0, 1], [0, 0, 0, 1, 1, 0, 1, 1, -1, 1, 1, -1, 0, 0], [0, 0, 0, 0, 0, 0, 0, 0, 1, -1, 0, 1, 1, 0], [0, 0, -1, 0, 0, -1, 1, 1, 0, 0, 1, -1, 1, -1], [0, 0, 0, -2, 0, 3, -2, -1, -1, 1, -2, -1, -3, 0], [0, 0, 0, -1, 0, 2, -1, -1, 0, 1, -1, -1, -2, 0], [0, 0, 1, 0, 0, 1, 0, -1, 0, 1, -1, 1, -1, 1], [0, 0, -1, -2, 0, 1, -2, -1, 0, 0, 0, -1, -1, -1], [0, 0, 0, -1, 0, 2, -1, -1, -1, 1, -1, 0, -2, 0], [0, 0, 1, 2, 0, -2, 2, 1, 1, -1, 1, 2, 3, 1], [0, 0, -1, -1, 0, 0, -1, 0, 0, 0, 0, -1, 0, 0]]
[[1, 0, 0, 0, 0, 0, 0, 0, 0, 0, 0, 0, 0, 0], [0, 1, 0, 0, 0, 0, 0, 0, 0, 0, 0, 0, 0, 0], [0, 0, 1, 0, 0, 0, 0, 0, 0, 0, 0, 0, 0, 0], [0, 0, 0, 1, 0, 0, 0, 0, 0, 0, 0, 0, 0, 0], [0, 0, 0, 0, 1, 0, 0, 0, 0, 0, 0, 0, 0, 0], [0, 0, 0, 0, 0, 1, 0, 0, 0, 0, 0, 0, 0, 0], [0, 0, 0, 0, 0, 0, 1, 0, 0, 0, 0, 0, 0, 0], [0, 0, 0, 0, 0, 0, 0, 1, 0, 0, 0, 0, 0, 0], [0, 0, 0, 0, 0, 0, 0, 0, 1, 0, 0, 0, 0, 0], [0, 0, 0, 0, 0, 0, 0, 0, 0, 1, 0, 0, 0, 0], [0, 0, 0, 0, 0, 0, 0, 0, 0, 0, 1, 0, 0, 0], [0, 0, 0, 0, 0, 0, 0, 0, 0, 0, 0, 1, 0, 0], [0, 0, 0, 0, 0, 0, 0, 0, 0, 0, 0, 0, 1, 0], [0, 0, 0, 0, 0, 0, 0, 0, 0, 0, 0, 0, 0, 1]]
[[1, 0, 0, 0, 0, 0, 0, 0, 0, 0, 0, 0, 0, 0], [1, 1, 0, -1, 1, 1, 0, 1, -1, 1, 0, -1, 0, 0], [1, 0, 1, -1, 1, 1, 0, 1, -1, 1, 0, -1, 0, 0], [0, 0, 0, 0, 1, 1, 0, 1, -1, 2, 0, -2, -1, 0], [-1, 0, 0, 0, 0, 0, -1, 0, -1, -1, -1, 1, -1, 0], [-1, 0, 0, 0, 0, 1, 0, 0, 0, 1, 0, -1, -1, 0], [-1, 0, 0, 0, -1, 0, 0, 0, -1, -1, -1, 1, -1, 0], [1, 0, 0, 1, 0, -1, 1, 0, 2, -1, 1, 1, 2, 0], [1, 0, 0, 0, 0, 0, 0, 0, 1, -1, 0, 1, 1, 0], [1, 0, 0, 1, 0, -1, 1, -1, 2, 0, 1, 1, 2, 0], [1, 0, 0, 0, 0, 0, 0, 0, 0, -1, 1, 1, 1, 0], [1, 0, 0, 1, 0, -1, 1, -1, 2, -1, 1, 2, 2, 0], [-2, 0, 0, 0, 0, 0, 0, 0, 0, 2, 0, -2, -1, 0], [-1, 0, 0, 1, -1, -1, 0, -1, 1, -1, 0, 1, 0, 1]]
[[1, 0, 0, 0, 0, 0, 0, 0, 0, 0, 0, 0, 0, 0], [0, 1, 0, 0, 0, 0, 0, 0, 0, 0, 0, 0, 0, 0], [0, 0, 1, 0, 0, 0, 0, 0, 0, 0, 0, 0, 0, 0], [0, 0, 0, 1, 0, 0, 0, 0, 0, 0, 0, 0, 0, 0], [0, 0, 0, 0, 1, 0, 0, 0, 0, 0, 0, 0, 0, 0], [0, 0, 0, 0, 0, 1, 0, 0, 0, 0, 0, 0, 0, 0], [0, 0, 0, 0, 0, 0, 1, 0, 0, 0, 0, 0, 0, 0], [0, 0, 0, 0, 0, 0, 0, 1, 0, 0, 0, 0, 0, 0], [0, 0, 0, 0, 0, 0, 0, 0, 1, 0, 0, 0, 0, 0], [0, 0, 0, 0, 0, 0, 0, 0, 0, 1, 0, 0, 0, 0], [0, 0, 0, 0, 0, 0, 0, 0, 0, 0, 1, 0, 0, 0], [0, 0, 0, 0, 0, 0, 0, 0, 0, 0, 0, 1, 0, 0], [0, 0, 0, 0, 0, 0, 0, 0, 0, 0, 0, 0, 1, 0], [0, 0, 0, 0, 0, 0, 0, 0, 0, 0, 0, 0, 0, 1]]
[[1, 0, 0, 0, 0, 0, 0, 0, 0, 0, 0, 0, 0, 0], [0, 1, 0, 0, 0, 0, 0, 0, 0, 0, 0, 0, 0, 0], [0, 0, 1, 0, 0, 0, 0, 0, 0, 0, 0, 0, 0, 0], [0, 0, 0, 1, 0, 0, 0, 0, 0, 0, 0, 0, 0, 0], [0, 0, 0, 0, 1, 0, 0, 0, 0, 0, 0, 0, 0, 0], [0, 0, 0, 0, 0, 1, 0, 0, 0, 0, 0, 0, 0, 0], [0, 0, 0, 0, 0, 0, 1, 0, 0, 0, 0, 0, 0, 0], [0, 0, 0, 0, 0, 0, 0, 1, 0, 0, 0, 0, 0, 0], [0, 0, 0, 0, 0, 0, 0, 0, 1, 0, 0, 0, 0, 0], [0, 0, 0, 0, 0, 0, 0, 0, 0, 1, 0, 0, 0, 0], [0, 0, 0, 0, 0, 0, 0, 0, 0, 0, 1, 0, 0, 0], [0, 0, 0, 0, 0, 0, 0, 0, 0, 0, 0, 1, 0, 0], [0, 0, 0, 0, 0, 0, 0, 0, 0, 0, 0, 0, 1, 0], [0, 0, 0, 0, 0, 0, 0, 0, 0, 0, 0, 0, 0, 1]]
[[-2, -1, -1, 3, -1, -1, -1, -2, -1, -3, -3, 4, -3, 2], [0, 0, -1, 1, 0, -1, 0, 0, 0, -1, -1, 1, 0, 0], [2, 1, 0, -3, 0, 1, 0, 2, 0, 1, 1, -3, 2, -2], [-1, 1, -1, 0, -1, -1, -1, 0, -1, -1, -1, 0, -1, 0], [3, 1, 1, -3, 0, 1, 1, 2, 1, 1, 1, -2, 3, -2], [0, 0, 0, 0, 0, -1, 0, 0, 0, 0, 0, 0, 0, 0], [2, 1, 1, -3, 1, 1, 1, 3, 1, 2, 2, -4, 3, -2], [-5, -3, -3, 7, -1, -3, -1, -5, -1, -5, -3, 8, -5, 4], [-2, -2, -2, 4, -1, -2, 0, -3, 0, -3, -3, 5, -3, 2], [-3, -1, -1, 3, 0, -1, -1, -3, 0, -1, 0, 3, -2, 2], [-3, -2, -2, 4, -1, -2, -1, -2, -1, -4, -3, 5, -3, 2], [-3, -2, -2, 4, 0, -2, -1, -3, 0, -3, -1, 5, -2, 2], [3, 3, 3, -5, 2, 3, 1, 3, 0, 6, 4, -7, 3, -2], [-1, -1, 1, 3, 1, 1, 1, -2, -1, 1, -1, 2, -3, 3]]
[[1, 0, 0, 0, 0, 0, 0, 0, 0, 0, 0, 0, 0, 0], [0, 1, 0, 0, 0, 0, 0, 0, 0, 0, 0, 0, 0, 0], [0, 0, 1, 0, 0, 0, 0, 0, 0, 0, 0, 0, 0, 0], [0, 0, 0, 1, 0, 0, 0, 0, 0, 0, 0, 0, 0, 0], [0, 0, 0, 0, 1, 0, 0, 0, 0, 0, 0, 0, 0, 0], [0, 0, 0, 0, 0, 1, 0, 0, 0, 0, 0, 0, 0, 0], [0, 0, 0, 0, 0, 0, 1, 0, 0, 0, 0, 0, 0, 0], [0, 0, 0, 0, 0, 0, 0, 1, 0, 0, 0, 0, 0, 0], [0, 0, 0, 0, 0, 0, 0, 0, 1, 0, 0, 0, 0, 0], [0, 0, 0, 0, 0, 0, 0, 0, 0, 1, 0, 0, 0, 0], [0, 0, 0, 0, 0, 0, 0, 0, 0, 0, 1, 0, 0, 0], [0, 0, 0, 0, 0, 0, 0, 0, 0, 0, 0, 1, 0, 0], [0, 0, 0, 0, 0, 0, 0, 0, 0, 0, 0, 0, 1, 0], [0, 0, 0, 0, 0, 0, 0, 0, 0, 0, 0, 0, 0, 1]]
[[1, 0, 0, 0, 0, 0, 0, 0, 0, 0, 0, 0, 0, 0], [0, 1, 0, 0, 0, 0, 0, 0, 0, 0, 0, 0, 0, 0], [0, 0, 1, 0, 0, 0, 0, 0, 0, 0, 0, 0, 0, 0], [0, 0, 0, 1, 0, 0, 0, 0, 0, 0, 0, 0, 0, 0], [0, 0, 0, 0, 1, 0, 0, 0, 0, 0, 0, 0, 0, 0], [0, 0, 0, 0, 0, 1, 0, 0, 0, 0, 0, 0, 0, 0], [0, 0, 0, 0, 0, 0, 1, 0, 0, 0, 0, 0, 0, 0], [0, 0, 0, 0, 0, 0, 0, 1, 0, 0, 0, 0, 0, 0], [0, 0, 0, 0, 0, 0, 0, 0, 1, 0, 0, 0, 0, 0], [0, 0, 0, 0, 0, 0, 0, 0, 0, 1, 0, 0, 0, 0], [0, 0, 0, 0, 0, 0, 0, 0, 0, 0, 1, 0, 0, 0], [0, 0, 0, 0, 0, 0, 0, 0, 0, 0, 0, 1, 0, 0], [0, 0, 0, 0, 0, 0, 0, 0, 0, 0, 0, 0, 1, 0], [0, 0, 0, 0, 0, 0, 0, 0, 0, 0, 0, 0, 0, 1]]
[[1, 0, 0, 0, 0, 0, 0, 0, 0, 0, 0, 0, 0, 0], [0, 1, 0, 0, 0, 0, 0, 0, 0, 0, 0, 0, 0, 0], [0, 0, 1, 0, 0, 0, 0, 0, 0, 0, 0, 0, 0, 0], [0, 0, 0, 1, 0, 0, 0, 0, 0, 0, 0, 0, 0, 0], [0, 0, 0, 0, 1, 0, 0, 0, 0, 0, 0, 0, 0, 0], [0, 0, 0, 0, 0, 1, 0, 0, 0, 0, 0, 0, 0, 0], [0, 0, 0, 0, 0, 0, 1, 0, 0, 0, 0, 0, 0, 0], [0, 0, 0, 0, 0, 0, 0, 1, 0, 0, 0, 0, 0, 0], [0, 0, 0, 0, 0, 0, 0, 0, 1, 0, 0, 0, 0, 0], [0, 0, 0, 0, 0, 0, 0, 0, 0, 1, 0, 0, 0, 0], [0, 0, 0, 0, 0, 0, 0, 0, 0, 0, 1, 0, 0, 0], [0, 0, 0, 0, 0, 0, 0, 0, 0, 0, 0, 1, 0, 0], [0, 0, 0, 0, 0, 0, 0, 0, 0, 0, 0, 0, 1, 0], [0, 0, 0, 0, 0, 0, 0, 0, 0, 0, 0, 0, 0, 1]]
[[1, 0, 1, -1, 1, 1, 0, 2, 0, 1, 1, -2, 1, -1], [1, 1, 1, -2, 1, 1, 0, 2, 0, 2, 1, -3, 1, -1], [-1, 0, 0, 1, 0, 0, 0, -1, -1, 0, -1, 1, -2, 1], [0, 0, 0, 0, 1, 1, 0, 1, -1, 2, 0, -2, -1, 0], [1, 0, 0, -1, 1, 0, 0, 0, 0, 1, 0, -1, 0, 0], [1, 0, 0, -1, 0, 1, 0, 0, 0, 1, 0, -1, 0, 0], [1, 0, 0, -1, 0, 0, 1, 0, 0, 1, 0, -1, 0, 0], [1, 0, 1, 0, -1, -1, 0, 1, 2, -2, 1, 1, 3, -1], [1, 0, 1, -1, 0, 0, 0, 1, 2, 0, 1, -1, 2, -1], [-1, 0, 0, 2, -1, -1, 0, -1, 1, -2, 0, 3, 1, 0], [1, 0, 1, -1, 0, 0, 0, 1, 1, 0, 2, -1, 2, -1], [1, 0, 1, 0, -1, -1, 0, 0, 2, -2, 1, 2, 3, -1], [-2, 0, -2, 2, 0, 0, 0, -2, -2, 0, -2, 2, -3, 2], [-1, 0, 0, 1, 0, 0, 0, 0, 0, -1, 0, 1, 0, 1]]
[[1, 0, 0, 0, 0, 0, 0, 0, 0, 0, 0, 0, 0, 0], [0, 1, 0, 0, 0, 0, 0, 0, 0, 0, 0, 0, 0, 0], [0, 0, 1, 0, 0, 0, 0, 0, 0, 0, 0, 0, 0, 0], [0, 0, 0, 1, 0, 0, 0, 0, 0, 0, 0, 0, 0, 0], [0, 0, 0, 0, 1, 0, 0, 0, 0, 0, 0, 0, 0, 0], [0, 0, 0, 0, 0, 1, 0, 0, 0, 0, 0, 0, 0, 0], [0, 0, 0, 0, 0, 0, 1, 0, 0, 0, 0, 0, 0, 0], [0, 0, 0, 0, 0, 0, 0, 1, 0, 0, 0, 0, 0, 0], [0, 0, 0, 0, 0, 0, 0, 0, 1, 0, 0, 0, 0, 0], [0, 0, 0, 0, 0, 0, 0, 0, 0, 1, 0, 0, 0, 0], [0, 0, 0, 0, 0, 0, 0, 0, 0, 0, 1, 0, 0, 0], [0, 0, 0, 0, 0, 0, 0, 0, 0, 0, 0, 1, 0, 0], [0, 0, 0, 0, 0, 0, 0, 0, 0, 0, 0, 0, 1, 0], [0, 0, 0, 0, 0, 0, 0, 0, 0, 0, 0, 0, 0, 1]]
[[-1, 0, -2, 0, -1, -2, -1, 0, -1, -2, 1, 0, 0, 0], [-1, 1, -1, 0, -1, -1, -1, 0, -1, -2, 0, 1, 0, 0], [1, 0, 2, 0, 0, 1, 0, 0, 0, 0, -1, 1, 0, 0], [0, 0, -1, 0, -1, -1, 0, 0, 0, -1, 1, 0, 1, -1], [1, 0, 1, 0, 1, 1, 0, 0, 0, 0, -1, 1, 0, 0], [-1, 0, -1, 0, 0, 0, 0, 0, 0, 0, 1, -1, 0, 0], [1, 0, 2, 1, 1, 2, 1, 0, 0, 1, -2, 1, -1, 1], [-3, 0, -3, 0, -1, -3, -1, 1, -1, -2, 2, -1, 0, 0], [-3, 0, -3, 0, -2, -3, -2, 0, -1, -4, 1, 1, 0, 0], [-1, 0, -1, 0, 0, -1, 0, 0, 0, 1, 1, -1, 0, 0], [-3, 0, -2, 1, -1, -2, -2, 0, -2, -3, 1, 1, -1, 1], [-3, 0, -2, 1, 0, -2, -1, 0, -1, -1, 1, 0, -1, 1], [4, 0, 3, -1, 2, 3, 3, 0, 3, 5, 0, -2, 2, -1], [1, 0, 0, -1, 0, 0, 1, 0, 1, 1, 1, -1, 1, 0]]
[[1, 0, 0, -2, 0, 0, 0, 2, 0, 0, 2, -2, 2, -2], [0, 1, 0, -1, 0, 0, 0, 1, 0, 0, 1, -1, 1, -1], [0, 0, 1, 1, 0, 0, 0, -1, 0, 0, -1, 1, -1, 1], [0, 0, 0, 0, 0, 0, 0, 1, 0, 0, 1, -1, 1, -1], [0, 0, 0, 1, 1, 0, 0, -1, 0, 0, -1, 1, -1, 1], [0, 0, 0, 0, 0, 1, 0, 0, 0, 0, 0, 0, 0, 0], [0, 0, 0, 2, 0, 0, 1, -2, 0, 0, -2, 2, -2, 2], [0, 0, 0, -2, 0, 0, 0, 3, 0, 0, 2, -2, 2, -2], [0, 0, 0, -2, 0, 0, 0, 2, 1, 0, 2, -2, 2, -2], [0, 0, 0, -1, 0, 0, 0, 1, 0, 1, 1, -1, 1, -1], [0, 0, 0, -1, 0, 0, 0, 1, 0, 0, 2, -1, 1, -1], [0, 0, 0, -1, 0, 0, 0, 1, 0, 0, 1, 0, 1, -1], [0, 0, 0, 2, 0, 0, 0, -2, 0, 0, -2, 2, -1, 2], [0, 0, 0, -1, 0, 0, 0, 1, 0, 0, 1, -1, 1, 0]]
[[-2, 1, -2, -1, 0, -1, -2, 1, -1, -2, 1, 0, 1, -1], [-1, 1, -1, -1, -1, -1, -1, 1, 0, -2, 0, 0, 1, -1], [1, 0, 2, 1, -1, 1, 1, -1, 0, 0, -2, 2, -1, 1], [1, 1, 0, -2, 2, 1, 0, 3, -1, 2, 1, -4, 1, -1], [2, 0, 1, 0, -1, 0, 1, 0, 1, 0, -1, 1, 1, -1], [1, 1, -1, -3, 2, 0, -1, 3, 0, 2, 2, -5, 2, -2], [1, 0, 0, 1, -1, -1, 1, -1, 1, 0, -1, 1, 0, 0], [-6, 0, -3, 2, 0, -2, -3, -1, -1, -4, 1, 3, -1, 1], [-3, 1, -2, -1, 0, -1, -2, 1, 0, -2, 1, 0, 1, -1], [-2, -2, 0, 2, 0, 0, 0, -2, 0, -1, 0, 2, -2, 2], [-4, 1, -3, 0, -1, -2, -3, 0, -1, -4, 0, 2, 0, 0], [-4, -1, -2, 2, -1, -2, -2, -2, 0, -4, 0, 4, -1, 1], [5, -1, 3, -1, 2, 3, 3, 1, 0, 6, 0, -5, -1, 0], [-2, 0, -1, 0, 0, 0, -1, 0, -1, 0, 1, -1, -1, 0]]
[[1, 0, 0, 0, 0, 0, 0, 0, 0, 0, 0, 0, 0, 0], [0, 1, 0, 0, 0, 0, 0, 0, 0, 0, 0, 0, 0, 0], [0, 0, 1, 0, 0, 0, 0, 0, 0, 0, 0, 0, 0, 0], [0, 0, 0, 1, 0, 0, 0, 0, 0, 0, 0, 0, 0, 0], [0, 0, 0, 0, 1, 0, 0, 0, 0, 0, 0, 0, 0, 0], [0, 0, 0, 0, 0, 1, 0, 0, 0, 0, 0, 0, 0, 0], [0, 0, 0, 0, 0, 0, 1, 0, 0, 0, 0, 0, 0, 0], [0, 0, 0, 0, 0, 0, 0, 1, 0, 0, 0, 0, 0, 0], [0, 0, 0, 0, 0, 0, 0, 0, 1, 0, 0, 0, 0, 0], [0, 0, 0, 0, 0, 0, 0, 0, 0, 1, 0, 0, 0, 0], [0, 0, 0, 0, 0, 0, 0, 0, 0, 0, 1, 0, 0, 0], [0, 0, 0, 0, 0, 0, 0, 0, 0, 0, 0, 1, 0, 0], [0, 0, 0, 0, 0, 0, 0, 0, 0, 0, 0, 0, 1, 0], [0, 0, 0, 0, 0, 0, 0, 0, 0, 0, 0, 0, 0, 1]]
[[2, -1, 2, 1, 0, 1, 2, -1, 1, 2, -1, 0, -1, 1], [1, -1, 1, 1, 1, 1, 1, -1, 0, 2, 0, 0, -1, 1], [-1, 0, -2, -1, 1, -1, -1, 1, 0, 0, 2, -2, 1, -1], [-1, -1, 0, 2, -2, -1, 0, -3, 1, -2, -1, 4, -1, 1], [-2, 0, -1, 0, 1, 0, -1, 0, -1, 0, 1, -1, -1, 1], [-1, -1, 1, 3, -2, 0, 1, -3, 0, -2, -2, 5, -2, 2], [-1, 0, 0, -1, 1, 1, -1, 1, -1, 0, 1, -1, 0, 0], [6, 0, 3, -2, 0, 2, 3, 1, 1, 4, -1, -3, 1, -1], [3, -1, 2, 1, 0, 1, 2, -1, 0, 2, -1, 0, -1, 1], [2, 2, 0, -2, 0, 0, 0, 2, 0, 1, 0, -2, 2, -2], [4, -1, 3, 0, 1, 2, 3, 0, 1, 4, 0, -2, 0, 0], [4, 1, 2, -2, 1, 2, 2, 2, 0, 4, 0, -4, 1, -1], [-5, 1, -3, 1, -2, -3, -3, -1, 0, -6, 0, 5, 1, 0], [2, 0, 1, 0, 0, 0, 1, 0, 1, 0, -1, 1, 1, 0]]
[[1, 0, 0, 0, 0, 0, 0, 0, 0, 0, 0, 0, 0, 0], [0, 1, 0, 0, 0, 0, 0, 0, 0, 0, 0, 0, 0, 0], [0, 0, 1, 0, 0, 0, 0, 0, 0, 0, 0, 0, 0, 0], [0, 0, 0, 1, 0, 0, 0, 0, 0, 0, 0, 0, 0, 0], [0, 0, 0, 0, 1, 0, 0, 0, 0, 0, 0, 0, 0, 0], [0, 0, 0, 0, 0, 1, 0, 0, 0, 0, 0, 0, 0, 0], [0, 0, 0, 0, 0, 0, 1, 0, 0, 0, 0, 0, 0, 0], [0, 0, 0, 0, 0, 0, 0, 1, 0, 0, 0, 0, 0, 0], [0, 0, 0, 0, 0, 0, 0, 0, 1, 0, 0, 0, 0, 0], [0, 0, 0, 0, 0, 0, 0, 0, 0, 1, 0, 0, 0, 0], [0, 0, 0, 0, 0, 0, 0, 0, 0, 0, 1, 0, 0, 0], [0, 0, 0, 0, 0, 0, 0, 0, 0, 0, 0, 1, 0, 0], [0, 0, 0, 0, 0, 0, 0, 0, 0, 0, 0, 0, 1, 0], [0, 0, 0, 0, 0, 0, 0, 0, 0, 0, 0, 0, 0, 1]]
[[1, 0, 0, 0, 0, 0, 0, 0, 0, 0, 0, 0, 0, 0], [0, 1, 0, 0, 0, 0, 0, 0, 0, 0, 0, 0, 0, 0], [0, 0, 1, 0, 0, 0, 0, 0, 0, 0, 0, 0, 0, 0], [0, 0, 0, 1, 0, 0, 0, 0, 0, 0, 0, 0, 0, 0], [0, 0, 0, 0, 1, 0, 0, 0, 0, 0, 0, 0, 0, 0], [0, 0, 0, 0, 0, 1, 0, 0, 0, 0, 0, 0, 0, 0], [0, 0, 0, 0, 0, 0, 1, 0, 0, 0, 0, 0, 0, 0], [0, 0, 0, 0, 0, 0, 0, 1, 0, 0, 0, 0, 0, 0], [0, 0, 0, 0, 0, 0, 0, 0, 1, 0, 0, 0, 0, 0], [0, 0, 0, 0, 0, 0, 0, 0, 0, 1, 0, 0, 0, 0], [0, 0, 0, 0, 0, 0, 0, 0, 0, 0, 1, 0, 0, 0], [0, 0, 0, 0, 0, 0, 0, 0, 0, 0, 0, 1, 0, 0], [0, 0, 0, 0, 0, 0, 0, 0, 0, 0, 0, 0, 1, 0], [0, 0, 0, 0, 0, 0, 0, 0, 0, 0, 0, 0, 0, 1]]
[[1, 0, 0, 0, 0, 0, 0, 0, 0, 0, 0, 0, 0, 0], [0, 1, 0, 0, 0, 0, 0, 0, 0, 0, 0, 0, 0, 0], [0, 0, 1, 0, 0, 0, 0, 0, 0, 0, 0, 0, 0, 0], [0, 0, -1, 1, -1, -1, 0, -1, 0, -1, 0, 1, 0, 0], [0, 0, 0, 0, 1, 0, 0, 0, 0, 0, 0, 0, 0, 0], [0, 0, -1, 0, -1, 0, 0, -1, 0, -1, 0, 1, 0, 0], [0, 0, 1, 0, 1, 1, 1, 1, 0, 1, 0, -1, 0, 0], [0, 0, -1, 0, -1, -1, 0, 0, 0, -1, 0, 1, 0, 0], [0, 0, -1, 0, -1, -1, 0, -1, 1, -1, 0, 1, 0, 0], [0, 0, 0, 0, 0, 0, 0, 0, 0, 1, 0, 0, 0, 0], [0, 0, 0, 0, 0, 0, 0, 0, 0, 0, 1, 0, 0, 0], [0, 0, 0, 0, 0, 0, 0, 0, 0, 0, 0, 1, 0, 0], [0, 0, 0, 0, 0, 0, 0, 0, 0, 0, 0, 0, 1, 0], [0, 0, 0, 0, 0, 0, 0, 0, 0, 0, 0, 0, 0, 1]]
[[1, 1, 0, 0, 1, 0, 0, 0, 0, 1, 1, 0, 1, 0], [0, 1, 0, 0, 0, 0, 0, 0, 0, 0, 0, 0, 0, 0], [0, 0, 1, 0, 0, 0, 0, 0, 0, 0, 0, 0, 0, 0], [0, 0, 0, 1, 0, 0, 0, 0, 0, 0, 0, 0, 0, 0], [0, 0, 0, 0, 1, 0, 0, 0, 0, 0, 0, 0, 0, 0], [0, 0, 0, 0, 0, 1, 0, 0, 0, 0, 0, 0, 0, 0], [0, 0, 0, 0, 0, 0, 1, 0, 0, 0, 0, 0, 0, 0], [0, 1, 0, 0, 1, 0, 0, 1, 0, 1, 1, 0, 1, 0], [0, 1, 0, 0, 1, 0, 0, 0, 1, 1, 1, 0, 1, 0], [0, -1, 0, 0, -1, 0, 0, 0, 0, 0, -1, 0, -1, 0], [0, 1, 0, 0, 1, 0, 0, 0, 0, 1, 2, 0, 1, 0], [0, 0, 0, 0, 0, 0, 0, 0, 0, 0, 0, 1, 0, 0], [0, -2, 0, 0, -2, 0, 0, 0, 0, -2, -2, 0, -1, 0], [0, 0, 0, 0, 0, 0, 0, 0, 0, 0, 0, 0, 0, 1]]
[[1, 0, 2, 2, 1, 2, 1, -2, -1, 2, -1, 2, -2, 2], [0, 1, 1, 1, 0, 1, 0, -1, -1, 0, -1, 2, -1, 1], [0, 0, 0, -1, -1, -1, -1, 1, 0, -2, 0, 0, 1, -1], [0, 0, 0, 1, 0, 0, 0, 0, 0, 0, 0, 0, 0, 0], [0, 0, -1, -1, 0, -1, -1, 1, 0, -2, 0, 0, 1, -1], [0, 0, 0, 1, 1, 0, 1, 0, 1, 1, 1, 0, 1, 0], [0, 0, -1, -1, -1, -1, 0, 1, 0, -2, 0, 0, 1, -1], [0, 0, 4, 3, 2, 5, 2, -3, -2, 5, -2, 2, -5, 4], [0, 0, 3, 3, 1, 3, 1, -3, -1, 2, -2, 4, -3, 3], [0, 0, 0, -1, 0, 1, 0, 0, 0, 2, 0, -2, -1, 0], [0, 0, 3, 3, 1, 3, 1, -3, -2, 2, -1, 4, -3, 3], [0, 0, 2, 1, 1, 3, 1, -2, -1, 3, -1, 1, -3, 2], [0, 0, -4, -4, -1, -4, -1, 4, 3, -2, 3, -6, 5, -4], [0, 0, 1, 1, 1, 1, 1, -1, 0, 2, 0, 0, -1, 2]]
[[-1, 0, 0, 3, 1, -1, 0, -1, -1, 0, 0, 2, -1, 2], [-2, 0, 0, 3, 0, -1, 0, -2, 0, -1, 0, 3, -1, 2], [0, -1, 1, 0, -1, 0, 0, -1, 1, -1, 0, 1, 0, 0], [0, 0, 0, 1, 0, 0, 0, 0, 0, 0, 0, 0, 0, 0], [0, -1, 0, 0, 0, 0, 0, -1, 1, -1, 0, 1, 0, 0], [0, 1, 0, 0, 1, 1, 0, 1, -1, 1, 0, -1, 0, 0], [0, -1, 0, 0, -1, 0, 1, -1, 1, -1, 0, 1, 0, 0], [-2, 1, 0, 3, 2, -1, 0, 1, -2, 1, 0, 1, -1, 2], [-2, 1, 0, 3, 2, -1, 0, 0, -1, 1, 0, 1, -1, 2], [0, 1, -1, -2, 0, 0, -1, 2, -1, 1, 0, -3, 0, -1], [-2, 1, 0, 3, 2, -1, 0, 0, -2, 1, 1, 1, -1, 2], [-2, 1, -1, 1, 1, -1, -1, 1, -2, 0, 0, 0, -1, 1], [4, 0, 0, -6, -2, 2, 0, 2, 2, 0, 0, -4, 3, -4], [2, 1, 1, -1, 1, 1, 1, 1, 0, 2, 0, -1, 1, 0]]
[[0, -1, 1, 1, 0, 1, 2, 0, 0, 1, 0, 0, -1, 0], [1, 0, 0, 0, 1, 0, 1, 1, 0, 1, 1, -1, 1, -1], [1, 1, -1, -2, 1, 0, -1, 1, 0, 1, 1, -3, 1, -1], [1, 1, 1, -2, 0, 1, 0, 2, 0, 1, 0, -2, 1, -2], [0, 1, -1, -1, 1, -1, -1, 1, 0, 0, 1, -2, 1, 0], [1, 0, 2, 0, 0, 1, 1, 1, 0, 1, -1, 0, 0, 0], [1, 1, -1, -1, 0, -1, -1, 0, 0, -1, 0, 0, 1, 0], [-2, -3, 1, 5, 0, 1, 3, -2, 0, 0, -1, 4, -3, 2], [-1, -2, 1, 3, 1, 1, 2, 0, -1, 1, 0, 1, -2, 1], [-2, -1, 0, 2, -1, 0, 0, -2, 0, -1, 0, 3, -1, 1], [0, -2, 1, 3, 1, 1, 3, -1, 0, 2, 0, 1, -2, 1], [-2, -2, 0, 4, 0, 0, 2, -2, 0, 0, 0, 3, -2, 2], [1, 3, 0, -4, -1, 0, -3, 1, 0, -1, -1, -1, 2, -1], [0, -1, 1, 1, 0, 1, 1, -1, 0, 0, -1, 2, -1, 1]]
[[1, 0, 0, 0, 0, 0, 0, 0, 0, 0, 0, 0, 0, 0], [0, 1, 0, 0, 0, 0, 0, 0, 0, 0, 0, 0, 0, 0], [0, 0, 1, 0, 0, 0, 0, 0, 0, 0, 0, 0, 0, 0], [0, 0, 0, 1, 0, 0, 0, 0, 0, 0, 0, 0, 0, 0], [0, 0, 0, 0, 1, 0, 0, 0, 0, 0, 0, 0, 0, 0], [0, 0, 0, 0, 0, 1, 0, 0, 0, 0, 0, 0, 0, 0], [0, 0, 0, 0, 0, 0, 1, 0, 0, 0, 0, 0, 0, 0], [0, 0, 0, 0, 0, 0, 0, 1, 0, 0, 0, 0, 0, 0], [0, 0, 0, 0, 0, 0, 0, 0, 1, 0, 0, 0, 0, 0], [0, 0, 0, 0, 0, 0, 0, 0, 0, 1, 0, 0, 0, 0], [0, 0, 0, 0, 0, 0, 0, 0, 0, 0, 1, 0, 0, 0], [0, 0, 0, 0, 0, 0, 0, 0, 0, 0, 0, 1, 0, 0], [0, 0, 0, 0, 0, 0, 0, 0, 0, 0, 0, 0, 1, 0], [0, 0, 0, 0, 0, 0, 0, 0, 0, 0, 0, 0, 0, 1]]
[[1, 0, 0, 0, 0, 0, 0, 0, 0, 0, 0, 0, 0, 0], [0, 1, 0, 0, 0, 0, 0, 0, 0, 0, 0, 0, 0, 0], [0, 0, 1, 0, 0, 0, 0, 0, 0, 0, 0, 0, 0, 0], [0, 0, 0, 1, 0, 0, 0, 0, 0, 0, 0, 0, 0, 0], [0, 0, 0, 0, 1, 0, 0, 0, 0, 0, 0, 0, 0, 0], [0, 0, 0, 0, 0, 1, 0, 0, 0, 0, 0, 0, 0, 0], [0, 0, 0, 0, 0, 0, 1, 0, 0, 0, 0, 0, 0, 0], [0, 0, 0, 0, 0, 0, 0, 1, 0, 0, 0, 0, 0, 0], [0, 0, 0, 0, 0, 0, 0, 0, 1, 0, 0, 0, 0, 0], [0, 0, 0, 0, 0, 0, 0, 0, 0, 1, 0, 0, 0, 0], [0, 0, 0, 0, 0, 0, 0, 0, 0, 0, 1, 0, 0, 0], [0, 0, 0, 0, 0, 0, 0, 0, 0, 0, 0, 1, 0, 0], [0, 0, 0, 0, 0, 0, 0, 0, 0, 0, 0, 0, 1, 0], [0, 0, 0, 0, 0, 0, 0, 0, 0, 0, 0, 0, 0, 1]]
[[1, 0, 0, 0, 0, 0, 0, 0, 0, 0, 0, 0, 0, 0], [0, 1, 0, 0, 0, 0, 0, 0, 0, 0, 0, 0, 0, 0], [0, 0, 1, 0, 0, 0, 0, 0, 0, 0, 0, 0, 0, 0], [0, 0, 0, 1, 0, 0, 0, 0, 0, 0, 0, 0, 0, 0], [0, 0, 0, 0, 1, 0, 0, 0, 0, 0, 0, 0, 0, 0], [0, 0, 0, 0, 0, 1, 0, 0, 0, 0, 0, 0, 0, 0], [0, 0, 0, 0, 0, 0, 1, 0, 0, 0, 0, 0, 0, 0], [0, 0, 0, 0, 0, 0, 0, 1, 0, 0, 0, 0, 0, 0], [0, 0, 0, 0, 0, 0, 0, 0, 1, 0, 0, 0, 0, 0], [0, 0, 0, 0, 0, 0, 0, 0, 0, 1, 0, 0, 0, 0], [0, 0, 0, 0, 0, 0, 0, 0, 0, 0, 1, 0, 0, 0], [0, 0, 0, 0, 0, 0, 0, 0, 0, 0, 0, 1, 0, 0], [0, 0, 0, 0, 0, 0, 0, 0, 0, 0, 0, 0, 1, 0], [0, 0, 0, 0, 0, 0, 0, 0, 0, 0, 0, 0, 0, 1]]
[[1, 0, 2, -1, 1, 3, 0, 1, -1, 2, 0, -2, -1, 0], [-1, 0, 1, 1, 0, 1, 0, -1, 0, 0, 0, 1, -1, 1], [-1, -1, 0, 2, -1, -2, 0, -2, 1, -2, 0, 3, 0, 1], [0, 0, 0, 1, 0, 0, 0, 0, 0, 0, 0, 0, 0, 0], [-1, -1, -1, 2, 0, -2, 0, -2, 1, -2, 0, 3, 0, 1], [1, 1, -1, -1, 0, 0, 0, 1, 0, 0, 0, -1, 1, -1], [-1, -1, -1, 2, -1, -2, 1, -2, 1, -2, 0, 3, 0, 1], [1, 1, 3, -2, 1, 6, 0, 1, -3, 4, -2, -3, -4, 1], [1, 1, 2, -2, 1, 4, 0, 1, -1, 3, -1, -3, -2, 0], [1, 1, 1, -2, 1, 2, 0, 2, -1, 3, 0, -3, 0, -1], [1, 1, 2, -2, 1, 4, 0, 1, -2, 3, 0, -3, -2, 0], [1, 1, 2, -2, 1, 4, 0, 1, -2, 3, -1, -2, -2, 0], [0, 0, -3, 1, -1, -5, 0, 0, 2, -3, 1, 2, 4, -1], [1, 1, 1, -2, 1, 2, 0, 2, -1, 2, 0, -3, 0, 0]]
[[1, 0, 0, 0, 0, 0, 0, 0, 0, 0, 0, 0, 0, 0], [0, 1, 0, 0, 0, 0, 0, 0, 0, 0, 0, 0, 0, 0], [0, 0, 1, 0, 0, 0, 0, 0, 0, 0, 0, 0, 0, 0], [0, 0, 0, 1, 0, 0, 0, 0, 0, 0, 0, 0, 0, 0], [0, 0, 0, 0, 1, 0, 0, 0, 0, 0, 0, 0, 0, 0], [0, 0, 0, 0, 0, 1, 0, 0, 0, 0, 0, 0, 0, 0], [0, 0, 0, 0, 0, 0, 1, 0, 0, 0, 0, 0, 0, 0], [0, 0, 0, 0, 0, 0, 0, 1, 0, 0, 0, 0, 0, 0], [0, 0, 0, 0, 0, 0, 0, 0, 1, 0, 0, 0, 0, 0], [0, 0, 0, 0, 0, 0, 0, 0, 0, 1, 0, 0, 0, 0], [0, 0, 0, 0, 0, 0, 0, 0, 0, 0, 1, 0, 0, 0], [0, 0, 0, 0, 0, 0, 0, 0, 0, 0, 0, 1, 0, 0], [0, 0, 0, 0, 0, 0, 0, 0, 0, 0, 0, 0, 1, 0], [0, 0, 0, 0, 0, 0, 0, 0, 0, 0, 0, 0, 0, 1]]
[[1, 0, -2, -2, -2, -2, 0, 0, 2, -2, 0, 0, 2, -2], [0, 1, -1, -1, -1, -1, 0, 0, 1, -1, 0, 0, 1, -1], [0, 0, 2, 1, 0, 1, 1, 0, 0, 1, -1, 0, -1, 1], [0, 0, -2, -1, -1, -2, -1, 0, 1, -2, 1, 0, 2, -2], [0, 0, 2, 2, 1, 2, 2, 0, -1, 2, -1, 0, -2, 2], [0, 0, -1, -1, 0, 0, -1, 0, 0, -1, 1, 0, 1, -1], [0, 0, 2, 2, 2, 2, 1, 0, -1, 2, -1, 0, -2, 2], [0, 0, -3, -3, -2, -3, -1, 1, 2, -3, 1, 0, 3, -3], [0, 0, -2, -2, -2, -2, 0, 0, 2, -2, 1, 0, 2, -2], [0, 0, -1, -1, 0, -1, -1, 0, 0, 0, 1, 0, 1, -1], [0, 0, -2, -2, -2, -2, 0, 0, 3, -2, 0, 0, 2, -2], [0, 0, -1, -1, -1, -1, 0, 0, 1, -1, 0, 1, 1, -1], [0, 0, 2, 2, 3, 2, -1, 0, -3, 2, 1, 0, -1, 2], [0, 0, -1, -1, 0, -1, -1, 0, 0, -1, 1, 0, 1, 0]]
[[-1, 0, -1, 1, 0, -1, -1, 0, -1, -1, 0, 0, -1, 1], [1, 1, 0, -1, 1, 0, 0, 1, 0, 1, 1, -2, 1, 0], [1, 0, 1, 0, 1, 1, 1, 0, 0, 1, 0, 0, 0, 0], [0, 0, 0, 1, 0, 0, 0, 0, 0, 0, 0, 0, 0, 0], [1, 0, 1, -1, 0, 0, 0, 0, 1, 0, 0, 0, 1, -1], [-1, 0, 0, 0, -1, 0, -1, 0, 0, -1, 0, 0, 0, 0], [1, 0, 1, -1, -1, 0, 1, 0, 1, 0, 0, 0, 1, -1], [-1, 0, -1, 0, 1, -1, -1, 2, -1, 0, 1, -2, 0, 1], [-1, 0, -1, 0, 1, -1, -1, 1, 0, 0, 1, -2, 0, 1], [-1, 0, -1, 1, 1, 0, 0, 0, -1, 1, 0, 0, -1, 1], [-1, 0, -1, 0, 1, -1, -1, 1, -1, 0, 2, -2, 0, 1], [-1, 0, -1, 0, 1, -1, -1, 1, -1, 0, 1, -1, 0, 1], [0, 0, 1, 1, -2, 1, 1, -2, 1, -1, -2, 4, 0, -1], [-1, 0, 0, 1, -1, 0, 0, -1, 0, -1, -1, 2, -1, 1]]
[[1, 0, 0, 0, 0, 0, 0, 0, 0, 0, 0, 0, 0, 0], [0, 1, 0, 0, 0, 0, 0, 0, 0, 0, 0, 0, 0, 0], [0, 0, 1, 0, 0, 0, 0, 0, 0, 0, 0, 0, 0, 0], [0, 0, 0, 1, 0, 0, 0, 0, 0, 0, 0, 0, 0, 0], [0, 0, 0, 0, 1, 0, 0, 0, 0, 0, 0, 0, 0, 0], [0, 0, 0, 0, 0, 1, 0, 0, 0, 0, 0, 0, 0, 0], [0, 0, 0, 0, 0, 0, 1, 0, 0, 0, 0, 0, 0, 0], [0, 0, 0, 0, 0, 0, 0, 1, 0, 0, 0, 0, 0, 0], [0, 0, 0, 0, 0, 0, 0, 0, 1, 0, 0, 0, 0, 0], [0, 0, 0, 0, 0, 0, 0, 0, 0, 1, 0, 0, 0, 0], [0, 0, 0, 0, 0, 0, 0, 0, 0, 0, 1, 0, 0, 0], [0, 0, 0, 0, 0, 0, 0, 0, 0, 0, 0, 1, 0, 0], [0, 0, 0, 0, 0, 0, 0, 0, 0, 0, 0, 0, 1, 0], [0, 0, 0, 0, 0, 0, 0, 0, 0, 0, 0, 0, 0, 1]]
[[1, 0, 0, 0, 0, 0, 0, 0, 0, 0, 0, 0, 0, 0], [0, 1, -1, -1, 0, 0, -1, 1, -1, 0, 0, -1, 0, -1], [0, 0, 0, -1, 0, 0, -1, 1, -1, 0, 0, -1, 0, -1], [0, 0, 2, 1, 1, 2, 1, 0, -1, 2, -1, 0, -2, 2], [0, 0, -1, -1, 1, 0, -1, 1, -1, 0, 0, -1, 0, -1], [0, 0, 1, 0, 1, 2, 1, 0, 0, 2, 0, -1, -1, 1], [0, 0, -1, -1, 0, 0, 0, 1, -1, 0, 0, -1, 0, -1], [0, 0, -1, 1, -1, -2, 0, 0, 2, -2, 1, 1, 2, -1], [0, 0, -1, 0, -1, -1, -1, 0, 1, -2, 0, 1, 1, -1], [0, 0, 1, 2, -1, -1, 1, -2, 2, -1, 0, 3, 1, 1], [0, 0, -1, 0, -1, -1, -1, 0, 0, -2, 1, 1, 1, -1], [0, 0, -1, 1, -1, -2, 0, -1, 2, -2, 1, 2, 2, -1], [0, 0, 2, 0, 2, 2, 2, 0, 0, 4, 0, -2, -1, 2], [0, 0, -1, 0, 0, -1, 0, 0, 1, 0, 1, -1, 1, 0]]
[[1, 0, 0, 0, 0, 0, 0, 0, 0, 0, 0, 0, 0, 0], [1, 1, -1, -1, 1, 0, 0, 1, 0, 1, 1, -2, 1, -1], [1, 0, 0, -1, 1, 0, 0, 1, 0, 1, 1, -2, 1, -1], [-1, 0, 1, 2, -1, 0, 0, -1, 0, -1, -1, 2, -1, 1], [0, 0, 0, 0, 1, 0, 0, 0, 0, 0, 0, 0, 0, 0], [-1, 0, 1, 1, -1, 1, 0, -1, 0, -1, -1, 2, -1, 1], [0, 0, 0, 0, 0, 0, 1, 0, 0, 0, 0, 0, 0, 0], [1, 0, -1, -1, 1, 0, 0, 2, 0, 1, 1, -2, 1, -1], [1, 0, -1, -1, 1, 0, 0, 1, 1, 1, 1, -2, 1, -1], [0, 0, 0, 0, 0, 0, 0, 0, 0, 1, 0, 0, 0, 0], [1, 0, -1, -1, 1, 0, 0, 1, 0, 1, 2, -2, 1, -1], [1, 0, -1, -1, 1, 0, 0, 1, 0, 1, 1, -1, 1, -1], [-2, 0, 2, 2, -2, 0, 0, -2, 0, -2, -2, 4, -1, 2], [0, 0, 0, 0, 0, 0, 0, 0, 0, 0, 0, 0, 0, 1]]

Generators of monodromy action on conics:
(71,79)(72,80)(81,90)(82,89)(97,107)(98,108)(117,127)(118,128)(147,159)(148,160)(161,191)(162,192)(163,185)(164,186)(167,169)(168,170)
(69,83)(70,84)(77,91)(78,92)(101,115)(102,116)(109,123)(110,124)(129,155)(130,156)(137,180)(138,179)(139,177)(140,178)(141,174)(142,173)
(33,64)(34,63)(35,61)(36,62)(37,59)(38,60)(39,57)(40,58)(41,56)(42,55)(43,53)(44,54)(45,51)(46,52)(47,49)(48,50)
(9,11)(10,12)(13,16)(14,15)(17,19)(18,20)(21,23)(22,24)(41,43)(42,44)(45,47)(46,48)(49,51)(50,52)(53,56)(54,55)(67,84)(68,83)(69,87)(70,88)(73,91)(74,92)(77,94)(78,93)(99,115)(100,116)(101,119)(102,120)(105,123)(106,124)(109,125)(110,126)(129,188)(130,187)(131,178)(132,177)(133,174)(134,173)(135,155)(136,156)(137,154)(138,153)(139,175)(140,176)(141,189)(142,190)(143,179)(144,180)(145,152)(146,151)(147,164)(148,163)(149,166)(150,165)(157,183)(158,184)(159,186)(160,185)(161,167)(162,168)(169,191)(170,192)(171,181)(172,182)
(9,16)(10,15)(11,13)(12,14)(17,23)(18,24)(19,21)(20,22)(41,47)(42,48)(43,45)(44,46)(49,56)(50,55)(51,53)(52,54)(65,90)(66,89)(71,95)(72,96)(75,81)(76,82)(79,85)(80,86)(97,121)(98,122)(103,127)(104,128)(107,113)(108,114)(111,117)(112,118)(129,179)(130,180)(131,190)(132,189)(133,175)(134,176)(135,153)(136,154)(137,156)(138,155)(139,174)(140,173)(141,177)(142,178)(143,188)(144,187)(145,186)(146,185)(147,182)(148,181)(149,170)(150,169)(151,160)(152,159)(157,161)(158,162)(163,171)(164,172)(165,191)(166,192)(167,183)(168,184)
(1,7)(2,8)(3,5)(4,6)(25,32)(26,31)(27,29)(28,30)(33,40)(34,39)(35,37)(36,38)(57,63)(58,64)(59,61)(60,62)(67,77)(68,78)(69,74)(70,73)(83,93)(84,94)(87,92)(88,91)(99,109)(100,110)(101,105)(102,106)(115,125)(116,126)(119,123)(120,124)(129,133)(130,134)(131,137)(132,138)(135,141)(136,142)(139,143)(140,144)(145,181)(146,182)(147,185)(148,186)(149,157)(150,158)(151,172)(152,171)(153,177)(154,178)(155,189)(156,190)(159,163)(160,164)(161,170)(162,169)(165,184)(166,183)(167,192)(168,191)(173,187)(174,188)(175,179)(176,180)
(1,11)(2,12)(3,19)(4,20)(5,16)(6,15)(7,23)(8,24)(9,26)(10,25)(13,29)(14,30)(17,27)(18,28)(21,31)(22,32)(33,53)(34,54)(35,45)(36,46)(37,50)(38,49)(39,41)(40,42)(43,64)(44,63)(47,60)(48,59)(51,61)(52,62)(55,58)(56,57)(65,152)(66,151)(67,135)(68,136)(69,177)(70,178)(71,185)(72,186)(73,190)(74,189)(75,182)(76,181)(77,138)(78,137)(79,163)(80,164)(81,161)(82,162)(83,139)(84,140)(85,184)(86,183)(87,187)(88,188)(89,192)(90,191)(91,179)(92,180)(93,133)(94,134)(95,149)(96,150)(97,170)(98,169)(99,144)(100,143)(101,174)(102,173)(103,166)(104,165)(105,175)(106,176)(107,168)(108,167)(109,130)(110,129)(111,158)(112,157)(113,171)(114,172)(115,141)(116,142)(117,148)(118,147)(119,154)(120,153)(121,146)(122,145)(123,156)(124,155)(125,132)(126,131)(127,160)(128,159)
(1,35)(2,36)(3,34)(4,33)(5,39)(6,40)(7,37)(8,38)(9,44)(10,43)(11,42)(12,41)(13,48)(14,47)(15,45)(16,46)(17,51)(18,52)(19,49)(20,50)(21,56)(22,55)(23,53)(24,54)(25,59)(26,60)(27,58)(28,57)(29,64)(30,63)(31,62)(32,61)(129,141)(130,142)(131,144)(132,143)(133,135)(134,136)(137,140)(138,139)(145,166)(146,165)(147,168)(148,167)(149,152)(150,151)(153,175)(154,176)(155,174)(156,173)(157,171)(158,172)(159,170)(160,169)(161,163)(162,164)(177,179)(178,180)(181,183)(182,184)(185,191)(186,192)(187,190)(188,189)
