
#########################################################
# DATA FOR CRYSTALLOGRAPHIC QUARTIC SURFACE FAMILY 14.3 #
#########################################################


##################
# GROUP & FAMILY #
##################

Generators of crystallographic group:
[[-1, 0, 0, 0], [0, 0, 1, 0], [0, 1, 0, 0], [0, 0, 0, 1]]
[[1, 0, 0, 0], [0, 0, 1, 0], [0, 0, 0, 1], [0, 1, 0, 0]]

Invariant polynomials:
y^4 + z^4 + w^4
y^3*z + y*z^3 + y^3*w + z^3*w + y*w^3 + z*w^3
y^2*z^2 + y^2*w^2 + z^2*w^2
y^2*z*w + y*z^2*w + y*z*w^2
-x*y^2*z + x*y*z^2 + x*y^2*w - x*z^2*w - x*y*w^2 + x*z*w^2
x^2*y^2 + x^2*z^2 + x^2*w^2
x^2*y*z + x^2*y*w + x^2*z*w
x^4

Equivalent crystallographic groups:
14.5

############
# HOMOLOGY #
############


Intersection product:
[[-2, -2, 0, 0, -2, -1, 0, -1, -2, -1, 0, 0, -2, 0, -1, -1, 0, 0, -1, 0, -3, -1], [-2, -8, 0, 1, -5, -2, 1, -1, -3, -1, 0, 2, -5, 0, -2, -1, 1, 2, -1, 1, -9, -2], [0, 0, -2, 0, 1, 0, 0, -1, -1, -1, 0, 0, 1, 0, 0, -1, 0, 0, -1, 0, 1, 0], [0, 1, 0, -2, -1, 1, -1, 0, 0, 0, 2, -1, -1, 0, 0, 0, 1, 0, 0, -1, 1, 0], [-2, -5, 1, -1, -6, -1, 0, 1, -1, 0, 1, 1, -5, 1, -1, 1, 1, 1, 0, 0, -7, -1], [-1, -2, 0, 1, -1, -2, 0, -1, -2, -1, 0, 0, -2, 0, -1, -1, 0, 0, -1, 0, -3, -1], [0, 1, 0, -1, 0, 0, -2, 0, 0, 0, 2, -1, -1, 0, 0, 0, 1, 0, 0, -1, 1, 0], [-1, -1, -1, 0, 1, -1, 0, -4, -3, -2, 0, 0, 0, -1, -1, -3, 0, 0, -2, 0, 0, -1], [-2, -3, -1, 0, -1, -2, 0, -3, -4, -2, 0, 0, -2, 0, -1, -2, 0, 0, -2, 0, -3, -1], [-1, -1, -1, 0, 0, -1, 0, -2, -2, -2, -1, 0, 0, 0, 0, -1, -1, 0, -1, 0, -1, 0], [0, 0, 0, 2, 1, 0, 2, 0, 0, -1, -4, 1, 2, 0, 0, 0, -2, 0, 0, 1, 0, 0], [0, 2, 0, -1, 1, 0, -1, 0, 0, 0, 1, -2, 0, 0, 0, 0, 0, -1, 0, -1, 2, 0], [-2, -5, 1, -1, -5, -2, -1, 0, -2, 0, 2, 0, -6, 1, -1, 1, 1, 1, 0, 0, -7, -1], [0, 0, 0, 0, 1, 0, 0, -1, 0, 0, 0, 0, 1, -2, -1, -2, 1, 0, -1, 0, 1, -1], [-1, -2, 0, 0, -1, -1, 0, -1, -1, 0, 0, 0, -1, -1, -2, -1, 1, 0, -1, 0, -2, -1], [-1, -1, -1, 0, 1, -1, 0, -3, -2, -1, 0, 0, 1, -2, -1, -4, 0, 0, -2, 0, 0, -1], [0, 1, 0, 1, 1, 0, 1, 0, 0, -1, -2, 0, 1, 1, 1, 0, -2, 0, 0, 0, 1, 0], [0, 2, 0, 0, 1, 0, 0, 0, 0, 0, 0, -1, 1, 0, 0, 0, 0, -2, 0, 0, 2, 0], [-1, -1, -1, 0, 0, -1, 0, -2, -2, -1, 0, 0, 0, -1, -1, -2, 0, 0, -2, 0, -1, 0], [0, 1, 0, -1, 0, 0, -1, 0, 0, 0, 1, -1, 0, 0, 0, 0, 0, 0, 0, -2, 1, 0], [-3, -9, 1, 1, -7, -3, 1, 0, -3, -1, 0, 2, -7, 1, -2, 0, 1, 2, -1, 1, -12, -2], [-1, -2, 0, 0, -1, -1, 0, -1, -1, 0, 0, 0, -1, -1, -1, -1, 0, 0, 0, 0, -2, -2]]

Basis of the generic Picard lattice:
[1, 0, 0, 0, 0, 0, 0, 0, 0, 0, 0, 0, 0, 0, 0, 1, -1, -1, -1, 1, 0, 0]
[0, 1, 0, 0, 0, 0, 0, 0, 0, 0, 0, 0, 0, 0, 0, 0, 0, 0, -1, 0, -1, 0]
[0, 0, 1, 0, 0, 0, 0, 0, 0, 0, 0, 0, 0, 0, 0, 0, 0, 0, 0, 0, 0, -1]
[0, 0, 0, 1, 0, 0, 0, 0, 0, 0, 0, 0, 0, 0, 0, 2, -1, -1, -2, 0, 0, 0]
[0, 0, 0, 0, 1, 0, 0, 0, 0, 0, 0, 0, 0, 1, 0, 1, -1, 0, 1, 2, 0, -1]
[0, 0, 0, 0, 0, 1, 0, 0, 0, 0, 0, 0, 0, -1, 0, 2, -1, -1, -2, 0, 0, 0]
[0, 0, 0, 0, 0, 0, 1, 0, 0, 0, 0, 0, 0, -1, 0, 1, 0, 0, -1, -1, 0, 0]
[0, 0, 0, 0, 0, 0, 0, 1, 0, 0, 0, 0, 0, 0, 0, 1, -1, -1, -2, 0, 0, 0]
[0, 0, 0, 0, 0, 0, 0, 0, 1, 0, 0, 0, 0, 0, 0, 2, -1, -1, -2, 0, 0, -1]
[0, 0, 0, 0, 0, 0, 0, 0, 0, 1, 0, 0, 0, 0, 0, 0, 0, 0, -1, -1, 0, 0]
[0, 0, 0, 0, 0, 0, 0, 0, 0, 0, 1, 0, 0, 0, 0, 6, -5, -1, 3, 11, 4, -3]
[0, 0, 0, 0, 0, 0, 0, 0, 0, 0, 0, 1, 0, -1, 0, 4, -2, -1, -2, 1, 1, -1]
[0, 0, 0, 0, 0, 0, 0, 0, 0, 0, 0, 0, 1, 0, 0, 3, -1, 0, -2, 0, 0, -1]
[0, 0, 0, 0, 0, 0, 0, 0, 0, 0, 0, 0, 0, 0, 1, 0, 0, 0, 1, 1, 0, -1]
[0, 0, 0, 0, 0, 0, 0, 0, 0, 0, 0, 0, 0, 0, 0, 7, -5, -1, 2, 10, 4, -3]

Class of hyperplane section:
[-1, 0, -1, -3, 4, 0, 1, 2, 1, -1, 0, 4, -4, -1, -2, -1, -2, -2, 1, -1, 0, 1]

Action of the group on homology:
[[0, -1, -1, 0, 0, 0, 0, -1, -1, -1, 0, 1, 0, 0, 0, 0, 1, 0, -1, 1, 0, 0], [-1, -1, 0, 0, -1, -1, 0, 0, -1, 0, 0, -1, -1, 0, -1, 0, 0, -1, 0, 0, -2, 0], [2, 1, -1, 0, 2, 2, 0, -1, 1, -1, 1, 2, 2, 0, 2, -1, 1, 1, 0, 1, 3, 0], [0, 1, 1, 0, -1, 0, 0, 1, 1, 1, 0, -1, 0, -1, -1, 0, 0, 0, 0, -1, 0, 0], [0, 0, 0, 0, 1, 0, 0, 0, 0, 0, 0, 0, 0, 0, 0, 0, 0, 0, 0, 0, 0, 0], [0, 0, 0, 0, 0, 0, 0, 0, 0, 1, 1, 0, 0, -1, -1, -1, 1, 0, -1, 0, 0, 0], [0, 1, 1, 0, 0, 0, 0, 0, 0, 0, 0, -1, -1, 1, 0, 1, -1, 0, 1, -1, 0, 0], [2, 2, -1, 0, 2, 2, -1, 0, 1, -1, 1, 1, 1, 1, 2, 0, 0, 1, 1, 0, 3, 0], [-2, -2, 1, 1, -1, -2, 1, 0, -1, 0, -2, 0, -1, 0, -1, 0, -1, 0, -1, 0, -3, 0], [-2, -2, 0, -1, -2, -1, 0, 0, -1, 1, 0, -1, -1, -1, -2, 0, 1, -1, -1, 0, -2, 0], [2, 2, 0, 0, 2, 2, 0, -1, 1, -1, 0, 1, 2, 0, 2, -1, -1, 1, 1, 0, 3, 0], [0, -1, 0, 0, -1, 0, 0, 1, 0, 0, 0, 0, -1, 1, 0, 1, -1, 0, 1, -1, -2, 0], [2, 2, -1, 0, 3, 2, 0, -2, 1, -1, 0, 2, 4, -1, 2, -2, 1, 0, 0, 2, 5, 0], [0, 0, -1, 0, 1, 1, 1, -1, 0, -1, -1, 2, 2, 0, 1, -1, 1, 0, -1, 2, 2, 0], [-2, -1, 1, -1, -2, -2, -1, 0, -1, 1, 1, -2, -2, -1, -2, 0, 1, -1, -1, -1, -2, 0], [1, 0, 0, 0, 1, 0, 0, -1, 0, 0, 0, 0, 1, -1, 0, -1, 0, 0, 0, 0, 1, 0], [-1, 0, 1, 0, -1, -1, 0, 1, 0, 1, 0, -1, -1, 0, -1, 1, 1, -1, 0, 0, -1, 0], [1, 1, 0, 0, 1, 1, 0, 0, 1, 0, 0, 0, 1, 0, 1, 0, 0, 0, 1, 1, 2, 0], [0, 1, 1, 0, -1, 0, 0, 2, 1, 1, 0, -1, -1, 1, 0, 2, -1, 0, 2, -1, -1, 0], [1, 0, -1, 0, 1, 1, 0, -1, 0, -1, 0, 1, 1, 0, 1, -1, 0, 1, 0, 1, 1, 0], [1, 1, 0, 0, 0, 1, 0, 1, 1, 0, 0, 0, 0, 1, 1, 1, -1, 1, 1, -1, 1, 0], [0, 1, 1, 0, -1, 0, 0, 2, 1, 1, 0, -1, -1, 1, 0, 2, -1, 0, 1, -1, -1, 1]]
[[-1, -2, 0, 2, 0, -1, 1, 0, -1, 0, -2, 1, 0, 0, 0, 0, -1, 0, 0, 1, -2, -1], [1, 2, 0, -1, 0, 1, -1, 1, 1, 1, 2, -1, 0, 0, 0, 1, 1, -1, 1, -1, 2, 0], [-2, -3, 0, 3, 0, -2, 1, -2, -2, -2, -3, 2, 0, 0, 0, -2, -2, 1, -1, 1, -4, -1], [1, 2, 0, 0, 0, 1, 0, 2, 2, 1, 0, -1, 1, 0, 0, 1, 0, 0, 1, 0, 2, 1], [1, 0, 0, -1, 0, 0, -1, 0, 0, 0, 2, 0, -1, 0, 0, 0, 1, 0, 0, -1, 0, 0], [1, 0, 0, 1, 0, 0, 0, 1, 1, 1, 0, 0, 0, 0, -1, 1, 0, 0, 1, 0, 0, 0], [1, 2, 0, -2, 0, 1, -1, 0, 0, 0, 3, -1, -1, 1, 1, 0, 1, 0, 0, -1, 2, 1], [-1, -2, 0, 1, 0, -1, 0, -2, -2, -2, -1, 1, -1, 0, 0, -2, -1, 1, -1, 0, -3, -1], [2, 2, 0, -2, 1, 2, 0, 1, 2, 1, 2, 0, 1, 0, 1, 1, 2, 0, 0, 0, 4, 1], [0, -1, 0, -1, -2, 0, 0, 2, 1, 2, 1, -1, -1, 0, -1, 2, 1, -1, 1, 0, -1, 0], [-1, 0, 0, 2, 0, -1, 0, -1, -1, -2, -2, 1, 0, 1, 1, -1, -3, 1, 0, 0, -2, 0], [0, 0, 0, -2, -1, 1, -1, 0, 0, 0, 2, 0, -1, 0, 0, 0, 1, 0, 0, -1, 0, 0], [-3, -2, 0, 5, 1, -3, 2, -2, -2, -2, -6, 2, 2, 0, 0, -2, -4, 0, -1, 2, -4, -1], [-1, -2, 0, 2, 0, -1, 2, -1, -1, -1, -3, 2, 1, 0, 0, -1, -1, 0, -1, 1, -2, -1], [1, 2, 0, -1, 1, 1, 0, 2, 2, 2, 1, -2, 1, 0, 0, 2, 1, -1, 1, 0, 3, 1], [-1, 0, 0, 1, 0, -1, 0, 0, 0, 0, -1, 0, 0, 0, 0, 0, -1, 0, 0, 1, -1, 0], [1, 2, 0, -1, 1, 1, 0, 1, 1, 1, 1, -1, 1, 0, 0, 1, 2, -1, 0, 0, 3, 1], [-1, 0, 0, 1, 0, -1, 0, -1, -1, -1, -1, 0, 0, 0, 0, -1, -1, 0, -1, 0, -1, 0], [1, 2, 0, -2, 0, 1, -1, 0, 0, 0, 2, -1, 0, 0, 0, 0, 1, 0, 0, -2, 2, 1], [-1, -1, 0, 2, 0, -1, 0, -1, -1, -1, -2, 1, 0, 0, 0, -1, -2, 1, 0, 0, -2, -1], [-1, -1, 0, -1, -1, 0, 0, -1, -1, -1, 0, 0, -1, 0, 0, -1, 0, 1, -1, 0, -1, 0], [1, 1, 1, -2, -1, 1, -1, 1, 1, 1, 2, -1, -1, 0, 0, 1, 1, 0, 1, -1, 1, 1]]

####################
# ALGEBRAIC CURVES #
####################


There are no conics.

################
# DISCRIMINANT #
################

We did not manage to compute the discriminant.
The restriction of the discriminant to the line we chose had 2 components of degree 1, 1 component of degree 2, 2 components of degree 5, and 1 component of degree 12.
The equation of the line we chose is:
(-6*x^4 - 2*x^2*y^2 + 5*y^4 + 4*x^2*y*z - 13*x*y^2*z + 3*y^3*z - 2*x^2*z^2 + 13*x*y*z^2 + 7*y^2*z^2 + 3*y*z^3 + 5*z^4 + 4*x^2*y*w + 13*x*y^2*w + 3*y^3*w + 4*x^2*z*w - 9*y^2*z*w - 13*x*z^2*w - 9*y*z^2*w + 3*z^3*w - 2*x^2*w^2 - 13*x*y*w^2 + 7*y^2*w^2 + 13*x*z*w^2 - 9*y*z*w^2 + 7*z^2*w^2 + 3*y*w^3 + 3*z*w^3 + 5*w^4)*t - 10*x^4 + 64*x^2*y^2 - 89*y^4 + 31*x^2*y*z - 70*x*y^2*z + 20*y^3*z + 64*x^2*z^2 + 70*x*y*z^2 + 95*y^2*z^2 + 20*y*z^3 - 89*z^4 + 31*x^2*y*w + 70*x*y^2*w + 20*y^3*w + 31*x^2*z*w + 4*y^2*z*w - 70*x*z^2*w + 4*y*z^2*w + 20*z^3*w + 64*x^2*w^2 - 70*x*y*w^2 + 95*y^2*w^2 + 70*x*z*w^2 + 4*y*z*w^2 + 95*z^2*w^2 + 20*y*w^3 + 20*z*w^3 - 89*w^4

#############
# MONODROMY #
#############


Generators of the monodromy group on the second homology group:
[[1, 0, 0, 0, 0, 0, 0, 0, 0, 0, 0, 0, 0, 0, 0, 0, 0, 0, 0, 0, 0, 0], [0, 1, 0, 0, 0, 0, 0, 0, 0, 0, 0, 0, 0, 0, 0, 0, 0, 0, 0, 0, 0, 0], [0, 0, 1, 0, 0, 0, 0, 0, 0, 0, 0, 0, 0, 0, 0, 0, 0, 0, 0, 0, 0, 0], [0, 0, 0, 1, 0, 0, 0, 0, 0, 0, 0, 0, 0, 0, 0, 0, 0, 0, 0, 0, 0, 0], [0, 0, 0, 0, 1, 0, 0, 0, 0, 0, 0, 0, 0, 0, 0, 0, 0, 0, 0, 0, 0, 0], [0, 0, 0, 0, 0, 1, 0, 0, 0, 0, 0, 0, 0, 0, 0, 0, 0, 0, 0, 0, 0, 0], [0, 0, 0, 0, 0, 0, 1, 0, 0, 0, 0, 0, 0, 0, 0, 0, 0, 0, 0, 0, 0, 0], [0, 0, 0, 0, 0, 0, 0, 1, 0, 0, 0, 0, 0, 0, 0, 0, 0, 0, 0, 0, 0, 0], [0, 0, 0, 0, 0, 0, 0, 0, 1, 0, 0, 0, 0, 0, 0, 0, 0, 0, 0, 0, 0, 0], [0, 0, 0, 0, 0, 0, 0, 0, 0, 1, 0, 0, 0, 0, 0, 0, 0, 0, 0, 0, 0, 0], [0, 0, 0, 0, 0, 0, 0, 0, 0, 0, 1, 0, 0, 0, 0, 0, 0, 0, 0, 0, 0, 0], [0, 0, 0, 0, 0, 0, 0, 0, 0, 0, 0, 1, 0, 0, 0, 0, 0, 0, 0, 0, 0, 0], [0, 0, 0, 0, 0, 0, 0, 0, 0, 0, 0, 0, 1, 0, 0, 0, 0, 0, 0, 0, 0, 0], [0, 0, 0, 0, 0, 0, 0, 0, 0, 0, 0, 0, 0, 1, 0, 0, 0, 0, 0, 0, 0, 0], [0, 0, 0, 0, 0, 0, 0, 0, 0, 0, 0, 0, 0, 0, 1, 0, 0, 0, 0, 0, 0, 0], [0, 0, 0, 0, 0, 0, 0, 0, 0, 0, 0, 0, 0, 0, 0, 1, 0, 0, 0, 0, 0, 0], [0, 0, 0, 0, 0, 0, 0, 0, 0, 0, 0, 0, 0, 0, 0, 0, 1, 0, 0, 0, 0, 0], [0, 0, 0, 0, 0, 0, 0, 0, 0, 0, 0, 0, 0, 0, 0, 0, 0, 1, 0, 0, 0, 0], [0, 0, 0, 0, 0, 0, 0, 0, 0, 0, 0, 0, 0, 0, 0, 0, 0, 0, 1, 0, 0, 0], [0, 0, 0, 0, 0, 0, 0, 0, 0, 0, 0, 0, 0, 0, 0, 0, 0, 0, 0, 1, 0, 0], [0, 0, 0, 0, 0, 0, 0, 0, 0, 0, 0, 0, 0, 0, 0, 0, 0, 0, 0, 0, 1, 0], [0, 0, 0, 0, 0, 0, 0, 0, 0, 0, 0, 0, 0, 0, 0, 0, 0, 0, 0, 0, 0, 1]]
[[1, 0, 0, 0, -2, 0, 0, 1, 0, 0, 0, 0, -1, 1, 0, 1, -1, 0, 1, -1, -1, 0], [0, 1, 0, 0, 0, 0, 0, 0, 0, 0, 0, 0, 0, 0, 0, 0, 0, 0, 0, 0, 0, 0], [0, 0, 1, 0, -4, 0, 0, 2, 0, 0, 0, 0, -2, 2, 0, 2, -2, 0, 2, -2, -2, 0], [0, 0, 0, 0, -1, 1, 1, 0, 0, 0, 0, 0, 0, 0, 0, 0, 0, 0, 0, 0, 0, 0], [0, 0, 0, 0, 1, 0, 0, 0, 0, 0, 0, 0, 0, 0, 0, 0, 0, 0, 0, 0, 0, 0], [0, 0, 0, 0, -2, 1, 0, 1, 0, 0, 0, 0, -1, 1, 0, 1, -1, 0, 1, -1, -1, 0], [0, 0, 0, 1, 3, -1, 0, -1, 0, 0, 0, 0, 1, -1, 0, -1, 1, 0, -1, 1, 1, 0], [0, 0, 0, 0, -2, 0, 0, 1, -1, 0, 1, 0, -2, 2, 0, 1, -1, 0, 1, -1, -1, 0], [0, 0, 0, 0, 4, 0, 0, -2, 1, 0, 0, 0, 2, -2, 0, -2, 2, 0, -2, 2, 2, 0], [0, 0, 0, 0, 2, 0, 0, 0, 1, 1, -1, 0, 2, -2, 0, -1, 1, 0, -1, 1, 1, 0], [0, 0, 0, 0, -4, 0, 0, 2, 0, 0, 1, 0, -2, 2, 0, 2, -2, 0, 2, -2, -2, 0], [0, 0, 0, 0, 2, 0, 0, -1, 0, 0, 0, 1, 1, -1, 0, -1, 1, 0, -1, 1, 1, 0], [0, 0, 0, 0, -6, 0, 0, 3, 0, 0, 0, 0, -2, 3, 0, 3, -3, 0, 3, -3, -3, 0], [0, 0, 0, 0, 0, 0, 0, 1, 1, 0, -1, 0, 1, 0, 0, 0, 0, 0, 0, 0, 0, 0], [0, 0, 0, 0, 2, 0, 0, -1, 0, 0, 0, 0, 1, -1, 1, -1, 1, 0, -1, 1, 1, 0], [0, 0, 0, 0, -2, 0, 0, 1, 0, 0, 0, 0, -1, 1, 0, 2, -1, 0, 1, -1, -1, 0], [0, 0, 0, 0, 2, 0, 0, -1, 0, 0, 0, 0, 1, -1, 0, -1, 2, 0, -1, 1, 1, 0], [0, 0, 0, 0, -2, 0, 0, 1, 0, 0, 0, 0, -1, 1, 0, 1, -1, 1, 1, -1, -1, 0], [0, 0, 0, 0, 2, 0, 0, -1, 0, 0, 0, 0, 1, -1, 0, -1, 1, 0, 0, 1, 1, 0], [0, 0, 0, 0, -4, 0, 0, 2, 0, 0, 0, 0, -2, 2, 0, 2, -2, 0, 2, -1, -2, 0], [0, 0, 0, 0, 2, 0, 0, -1, 0, 0, 0, 0, 1, -1, 0, -1, 1, 0, -1, 1, 2, 0], [0, 0, 0, 0, 2, 0, 0, -1, 0, 0, 0, 0, 1, -1, 0, -1, 1, 0, -1, 1, 1, 1]]
[[1, 0, 0, 0, 0, 0, 0, 0, 0, 0, 0, 0, 0, 0, 0, 0, 0, 0, 0, 0, 0, 0], [0, 1, 0, 0, 0, 0, 0, 0, 0, 0, 0, 0, 0, 0, 0, 0, 0, 0, 0, 0, 0, 0], [0, 0, 1, 0, 0, 0, 0, 0, 0, 0, 0, 0, 0, 0, 0, 0, 0, 0, 0, 0, 0, 0], [0, 0, 0, 1, 0, 0, 0, 0, 0, 0, 0, 0, 0, 0, 0, 0, 0, 0, 0, 0, 0, 0], [0, 0, 0, 0, 1, 0, 0, 0, 0, 0, 0, 0, 0, 0, 0, 0, 0, 0, 0, 0, 0, 0], [0, 0, 0, 0, 0, 1, 0, 0, 0, 0, 0, 0, 0, 0, 0, 0, 0, 0, 0, 0, 0, 0], [0, 0, 0, 0, 0, 0, 1, 0, 0, 0, 0, 0, 0, 0, 0, 0, 0, 0, 0, 0, 0, 0], [0, 0, 0, 0, 0, 0, 0, 1, 0, 0, 0, 0, 0, 0, 0, 0, 0, 0, 0, 0, 0, 0], [0, 0, 0, 0, 0, 0, 0, 0, 1, 0, 0, 0, 0, 0, 0, 0, 0, 0, 0, 0, 0, 0], [0, 0, 0, 0, 0, 0, 0, 0, 0, 1, 0, 0, 0, 0, 0, 0, 0, 0, 0, 0, 0, 0], [0, 0, 0, 0, 0, 0, 0, 0, 0, 0, 1, 0, 0, 0, 0, 0, 0, 0, 0, 0, 0, 0], [0, 0, 0, 0, 0, 0, 0, 0, 0, 0, 0, 1, 0, 0, 0, 0, 0, 0, 0, 0, 0, 0], [0, 0, 0, 0, 0, 0, 0, 0, 0, 0, 0, 0, 1, 0, 0, 0, 0, 0, 0, 0, 0, 0], [0, 0, 0, 0, 0, 0, 0, 0, 0, 0, 0, 0, 0, 1, 0, 0, 0, 0, 0, 0, 0, 0], [0, 0, 0, 0, 0, 0, 0, 0, 0, 0, 0, 0, 0, 0, 1, 0, 0, 0, 0, 0, 0, 0], [0, 0, 0, 0, 0, 0, 0, 0, 0, 0, 0, 0, 0, 0, 0, 1, 0, 0, 0, 0, 0, 0], [0, 0, 0, 0, 0, 0, 0, 0, 0, 0, 0, 0, 0, 0, 0, 0, 1, 0, 0, 0, 0, 0], [0, 0, 0, 0, 0, 0, 0, 0, 0, 0, 0, 0, 0, 0, 0, 0, 0, 1, 0, 0, 0, 0], [0, 0, 0, 0, 0, 0, 0, 0, 0, 0, 0, 0, 0, 0, 0, 0, 0, 0, 1, 0, 0, 0], [0, 0, 0, 0, 0, 0, 0, 0, 0, 0, 0, 0, 0, 0, 0, 0, 0, 0, 0, 1, 0, 0], [0, 0, 0, 0, 0, 0, 0, 0, 0, 0, 0, 0, 0, 0, 0, 0, 0, 0, 0, 0, 1, 0], [0, 0, 0, 0, 0, 0, 0, 0, 0, 0, 0, 0, 0, 0, 0, 0, 0, 0, 0, 0, 0, 1]]
[[0, 2, 0, 0, -1, 0, -1, 1, 0, 0, 0, -1, -1, 1, 0, 1, -1, 0, 1, -1, 1, 0], [0, 0, 0, 0, 0, 0, 0, 0, 0, 0, 0, 0, 0, 0, 0, 0, 0, 0, 0, 0, -1, 0], [0, 3, 1, 0, -2, 0, 0, 2, 0, 0, 0, -2, -2, 2, 0, 2, -2, 0, 2, -2, 1, 0], [1, 1, 0, -1, -1, 1, 0, 0, 0, 0, 2, -1, -1, 0, 0, 0, 1, 0, 0, -1, 1, 0], [0, -1, 0, 0, 2, 0, 0, -1, 0, 0, 0, 1, 1, -1, 0, -1, 1, 0, -1, 1, 0, 0], [1, 1, 0, 0, 0, 1, 1, 0, 0, 0, 0, 0, 0, 0, 0, 0, 0, 0, 0, 0, 1, 0], [-1, -2, 0, 0, 1, 0, 0, -1, 0, 0, 0, 1, 1, -1, 0, -1, 1, 0, -1, 1, -1, 0], [0, 1, 0, 0, -1, 0, 0, 1, -1, -1, 0, -1, -2, 2, 0, 2, -1, 0, 1, -1, 0, 0], [0, -2, 0, 0, 2, 0, 0, -2, 0, 0, 1, 2, 1, -1, 1, -2, 2, 0, -2, 2, 0, 0], [0, -1, 0, 0, 1, 0, 0, -1, 1, 1, -1, 1, 2, -2, -1, -1, 1, 0, -1, 1, 0, 0], [0, 2, 0, 0, -2, 0, 0, 2, 0, 0, 1, -2, -2, 2, 0, 2, -2, 0, 2, -2, 0, 0], [0, -2, 0, 0, 0, 0, 0, 0, 0, 0, 0, 1, 0, 0, 0, 0, 0, 0, 0, 0, -2, 0], [0, 5, 0, 0, -3, 0, 0, 3, 0, 0, 0, -3, -2, 3, 0, 3, -3, 0, 3, -3, 2, 0], [0, 2, 0, 0, 0, 0, 0, 0, 0, 0, 0, 0, 0, 1, 0, 0, 0, 0, 0, 0, 2, 0], [0, -1, 0, 0, 1, 0, 0, -1, 1, 0, -1, 1, 2, -2, 0, -1, 1, 0, -1, 1, 0, 0], [0, 1, 0, 0, -1, 0, 0, 2, 1, 1, 0, -1, 0, 0, 0, 1, -1, 0, 1, -1, 0, 0], [0, -1, 0, 0, 1, 0, 0, -1, 0, 0, 0, 1, 1, -1, 0, -1, 2, 0, -1, 1, 0, 0], [0, 1, 0, 0, -1, 0, 0, 1, 0, 0, 0, -1, -1, 1, 0, 1, -1, 1, 1, -1, 0, 0], [0, -2, 0, 0, 1, 0, 0, -1, 0, 0, 0, 1, 1, -1, 0, -1, 1, 0, 0, 1, -1, 0], [0, 2, 0, 0, -2, 0, 0, 2, 0, 0, 0, -2, -2, 2, 0, 2, -2, 0, 2, -1, 0, 0], [0, -1, 0, 0, 0, 0, 0, 0, 0, 0, 0, 0, 0, 0, 0, 0, 0, 0, 0, 0, 0, 0], [0, -2, 0, 0, 1, 0, 0, -1, 0, 0, 0, 1, 1, -1, 0, -1, 1, 0, -1, 1, -1, 1]]
[[1, 0, 0, 0, 0, 0, 0, 0, 0, 0, 0, 0, 0, 0, 0, 0, 0, 0, 0, 0, 0, 0], [0, 1, 0, 0, 0, 0, 0, 0, 0, 0, 0, 0, 0, 0, 0, 0, 0, 0, 0, 0, 0, 0], [0, 0, 1, 0, 0, 0, 0, 0, 0, 0, 0, 0, 0, 0, 0, 0, 0, 0, 0, 0, 0, 0], [0, 0, 0, 1, 0, 0, 0, 0, 0, 0, 0, 0, 0, 0, 0, 0, 0, 0, 0, 0, 0, 0], [0, 0, 0, 0, 1, 0, 0, 0, 0, 0, 0, 0, 0, 0, 0, 0, 0, 0, 0, 0, 0, 0], [0, 0, 0, 0, 0, 1, 0, 0, 0, 0, 0, 0, 0, 0, 0, 0, 0, 0, 0, 0, 0, 0], [0, 0, 0, 0, 0, 0, 1, 0, 0, 0, 0, 0, 0, 0, 0, 0, 0, 0, 0, 0, 0, 0], [0, 0, 0, 0, 0, 0, 0, 1, 0, 0, 0, 0, 0, 0, 0, 0, 0, 0, 0, 0, 0, 0], [0, 0, 0, 0, 0, 0, 0, 0, 1, 0, 0, 0, 0, 0, 0, 0, 0, 0, 0, 0, 0, 0], [0, 0, 0, 0, 0, 0, 0, 0, 0, 1, 0, 0, 0, 0, 0, 0, 0, 0, 0, 0, 0, 0], [0, 0, 0, 0, 0, 0, 0, 0, 0, 0, 1, 0, 0, 0, 0, 0, 0, 0, 0, 0, 0, 0], [0, 0, 0, 0, 0, 0, 0, 0, 0, 0, 0, 1, 0, 0, 0, 0, 0, 0, 0, 0, 0, 0], [0, 0, 0, 0, 0, 0, 0, 0, 0, 0, 0, 0, 1, 0, 0, 0, 0, 0, 0, 0, 0, 0], [0, 0, 0, 0, 0, 0, 0, 0, 0, 0, 0, 0, 0, 1, 0, 0, 0, 0, 0, 0, 0, 0], [0, 0, 0, 0, 0, 0, 0, 0, 0, 0, 0, 0, 0, 0, 1, 0, 0, 0, 0, 0, 0, 0], [0, 0, 0, 0, 0, 0, 0, 0, 0, 0, 0, 0, 0, 0, 0, 1, 0, 0, 0, 0, 0, 0], [0, 0, 0, 0, 0, 0, 0, 0, 0, 0, 0, 0, 0, 0, 0, 0, 1, 0, 0, 0, 0, 0], [0, 0, 0, 0, 0, 0, 0, 0, 0, 0, 0, 0, 0, 0, 0, 0, 0, 1, 0, 0, 0, 0], [0, 0, 0, 0, 0, 0, 0, 0, 0, 0, 0, 0, 0, 0, 0, 0, 0, 0, 1, 0, 0, 0], [0, 0, 0, 0, 0, 0, 0, 0, 0, 0, 0, 0, 0, 0, 0, 0, 0, 0, 0, 1, 0, 0], [0, 0, 0, 0, 0, 0, 0, 0, 0, 0, 0, 0, 0, 0, 0, 0, 0, 0, 0, 0, 1, 0], [0, 0, 0, 0, 0, 0, 0, 0, 0, 0, 0, 0, 0, 0, 0, 0, 0, 0, 0, 0, 0, 1]]
[[1, 0, 0, 0, 0, 0, 0, 0, 0, 0, 0, 0, 0, 0, 0, 0, 0, 0, 0, 0, 0, 0], [0, 1, 0, 0, 0, 0, 0, 0, 0, 0, 0, 0, 0, 0, 0, 0, 0, 0, 0, 0, 0, 0], [0, 0, 1, 0, 0, 0, 0, 0, 0, 0, 0, 0, 0, 0, 0, 0, 0, 0, 0, 0, 0, 0], [0, 0, 0, 1, 0, 0, 0, 0, 0, 0, 0, 0, 0, 0, 0, 0, 0, 0, 0, 0, 0, 0], [0, 0, 0, 0, 1, 0, 0, 0, 0, 0, 0, 0, 0, 0, 0, 0, 0, 0, 0, 0, 0, 0], [0, 0, 0, 0, 0, 1, 0, 0, 0, 0, 0, 0, 0, 0, 0, 0, 0, 0, 0, 0, 0, 0], [0, 0, 0, 0, 0, 0, 1, 0, 0, 0, 0, 0, 0, 0, 0, 0, 0, 0, 0, 0, 0, 0], [0, 0, 0, 0, 0, 0, 0, 1, 0, 0, 0, 0, 0, 0, 0, 0, 0, 0, 0, 0, 0, 0], [0, 0, 0, 0, 0, 0, 0, 0, 1, 0, 0, 0, 0, 0, 0, 0, 0, 0, 0, 0, 0, 0], [0, 0, 0, 0, 0, 0, 0, 0, 0, 1, 0, 0, 0, 0, 0, 0, 0, 0, 0, 0, 0, 0], [0, 0, 0, 0, 0, 0, 0, 0, 0, 0, 1, 0, 0, 0, 0, 0, 0, 0, 0, 0, 0, 0], [0, 0, 0, 0, 0, 0, 0, 0, 0, 0, 0, 1, 0, 0, 0, 0, 0, 0, 0, 0, 0, 0], [0, 0, 0, 0, 0, 0, 0, 0, 0, 0, 0, 0, 1, 0, 0, 0, 0, 0, 0, 0, 0, 0], [0, 0, 0, 0, 0, 0, 0, 0, 0, 0, 0, 0, 0, 1, 0, 0, 0, 0, 0, 0, 0, 0], [0, 0, 0, 0, 0, 0, 0, 0, 0, 0, 0, 0, 0, 0, 1, 0, 0, 0, 0, 0, 0, 0], [0, 0, 0, 0, 0, 0, 0, 0, 0, 0, 0, 0, 0, 0, 0, 1, 0, 0, 0, 0, 0, 0], [0, 0, 0, 0, 0, 0, 0, 0, 0, 0, 0, 0, 0, 0, 0, 0, 1, 0, 0, 0, 0, 0], [0, 0, 0, 0, 0, 0, 0, 0, 0, 0, 0, 0, 0, 0, 0, 0, 0, 1, 0, 0, 0, 0], [0, 0, 0, 0, 0, 0, 0, 0, 0, 0, 0, 0, 0, 0, 0, 0, 0, 0, 1, 0, 0, 0], [0, 0, 0, 0, 0, 0, 0, 0, 0, 0, 0, 0, 0, 0, 0, 0, 0, 0, 0, 1, 0, 0], [0, 0, 0, 0, 0, 0, 0, 0, 0, 0, 0, 0, 0, 0, 0, 0, 0, 0, 0, 0, 1, 0], [0, 0, 0, 0, 0, 0, 0, 0, 0, 0, 0, 0, 0, 0, 0, 0, 0, 0, 0, 0, 0, 1]]
[[1, 1, 1, -1, -1, 1, 0, 0, 0, -1, 2, 0, -1, 1, 1, 0, 1, 0, 0, -2, 1, 0], [0, 0, -1, 0, 0, 0, 0, 0, 0, 0, -1, 0, 1, -1, -1, 0, 0, 0, 0, 0, 0, 0], [1, 0, 1, 0, -1, 1, -1, 1, 1, 0, 2, 0, -1, 1, 1, 1, 0, 0, 2, -2, 0, -1], [0, 1, 0, 1, 1, 0, 1, 0, 0, 0, -1, 0, 1, 0, 0, 0, 0, 0, -1, 1, 1, 1], [0, 0, 0, 0, 1, 0, 0, 0, 0, 0, 0, 0, 0, 0, 0, 0, 0, 0, 0, 0, 0, 0], [1, 3, 1, 0, 1, 2, 1, 1, 1, 0, 0, 0, 1, 1, 1, 1, 0, 0, 0, -1, 3, 1], [-1, -3, -1, 1, 0, -2, 0, -1, -1, 1, -2, 0, 0, -2, -2, -1, -1, 0, 0, 2, -3, -1], [2, 3, 1, 0, 1, 2, -1, 1, 1, -1, 3, 0, -1, 3, 3, 1, 0, 0, 2, -2, 3, 0], [-1, 0, 0, 0, 1, -1, 1, -1, 0, 0, -2, 0, 1, -1, -1, -1, 0, 0, -2, 2, 0, 1], [-1, -1, -1, -1, 0, 0, 1, -1, -1, 0, -1, 0, 1, -1, -1, -1, 1, 0, -2, 1, 0, 1], [0, -2, 0, 1, -1, -1, -2, 0, 0, 1, 1, 0, -1, -1, -1, 0, -1, 0, 2, -1, -2, -2], [0, -1, -1, 0, 0, 0, 0, 0, 0, 0, 0, 1, 0, 0, 0, 0, 0, 0, 0, 1, -1, 0], [0, -1, 1, 0, -2, 0, -2, 0, 0, 0, 2, 0, -1, 0, 0, 0, 0, 0, 2, -3, -1, -2], [0, 1, 1, -1, -1, 1, 0, 0, 0, -1, 2, 0, -1, 2, 1, 0, 1, 0, 0, -2, 1, 0], [-1, -1, -1, 0, 1, -1, 1, -1, -1, 0, -3, 0, 2, -2, -1, -1, 0, 0, -2, 2, 0, 1], [-1, -2, 0, 0, -1, -1, -1, -1, -1, 0, 0, 0, -1, -1, -1, 0, 0, 0, 0, 0, -2, -1], [0, 1, 0, 0, 1, 0, 1, 0, 0, 0, -1, 0, 1, 0, 0, 0, 1, 0, -1, 1, 1, 1], [0, -1, 0, 0, -1, 0, -1, 0, 0, 0, 1, 0, -1, 0, 0, 0, 0, 1, 1, -1, -1, -1], [-1, -3, -1, 1, -1, -2, 0, 1, 0, 2, -2, 0, 0, -2, -2, 0, -1, 0, 1, 2, -4, -1], [1, 1, 1, 0, -1, 1, -1, 1, 1, 0, 2, 0, -1, 1, 1, 1, 0, 0, 2, -2, 1, -1], [0, 0, 0, 0, 0, 0, 0, 0, 0, 0, 1, 0, -1, 1, 1, 0, 0, 0, 0, 1, 0, 0], [-1, -3, -1, 1, -1, -2, 0, 1, 0, 2, -2, 0, 0, -2, -2, 0, -1, 0, 0, 2, -4, 0]]
[[1, 3, 1, -1, 1, 1, 0, 0, 0, -1, 2, 0, 0, 2, 2, 0, 2, -1, 0, -1, 3, 0], [-1, -5, -1, 1, -4, -2, -1, 1, 0, 2, -2, 0, -2, -3, -3, 0, -3, 2, 1, 1, -7, -1], [0, 1, 1, -1, 0, 1, 0, 0, 0, -1, 1, 0, 0, 1, 1, 0, 1, 0, 0, -1, 1, 0], [0, 0, 0, 1, 0, 0, 0, 0, 0, 0, 0, 0, 0, 0, 0, 0, 0, 0, 0, 0, 0, 0], [0, 0, 0, 0, 1, 0, 0, 0, 0, 0, 0, 0, 0, 0, 0, 0, 0, 0, 0, 0, 0, 0], [0, 2, 1, 0, 1, 1, 0, 0, 0, 0, 1, 0, 0, 1, 1, 0, 1, -1, 0, 0, 2, 0], [-1, -6, -1, 1, -4, -2, 0, 1, 0, 2, -2, 0, -2, -3, -3, 0, -3, 2, 1, 1, -7, -1], [1, 4, 0, -1, 3, 2, 1, 0, 0, -2, 1, 0, 2, 2, 2, 0, 2, -1, -1, -1, 5, 1], [1, 5, 1, 0, 4, 1, 1, -1, 1, -1, 1, 0, 2, 2, 2, 0, 2, -2, -1, 0, 6, 1], [0, 0, 0, 0, 0, 0, 0, 0, 0, 1, 0, 0, 0, 0, 0, 0, 0, 0, 0, 0, 0, 0], [-1, -5, -1, 0, -4, -1, -1, 1, 0, 1, 0, 0, -2, -2, -2, 0, -2, 2, 1, 0, -6, -1], [0, -2, -1, 0, -1, 0, 0, 0, 0, 0, -1, 1, 0, -1, -1, 0, -1, 1, 0, 0, -2, 0], [-1, -3, 0, 0, -3, -1, -1, 1, 0, 1, 0, 0, -1, -1, -1, 0, -1, 1, 1, 0, -4, -1], [1, 6, 1, -1, 4, 2, 1, -1, 0, -2, 2, 0, 2, 4, 3, 0, 3, -2, -1, -1, 7, 1], [0, -1, 0, 1, 0, -1, 0, 0, 0, 1, -1, 0, 0, -1, 0, 0, -1, 0, 0, 1, -1, 0], [-1, -3, 0, 0, -3, -1, -1, 1, 0, 1, 0, 0, -2, -1, -1, 1, -1, 1, 1, 0, -4, -1], [0, -1, 0, 1, 0, -1, 0, 0, 0, 1, -1, 0, 0, -1, -1, 0, 0, 0, 0, 1, -1, 0], [0, 0, 0, 0, 0, 0, 0, 0, 0, 0, 0, 0, 0, 0, 0, 0, 0, 1, 0, 0, 0, 0], [-1, -9, -2, 2, -5, -3, -1, 1, 0, 3, -4, 0, -2, -5, -5, 0, -5, 3, 2, 2, -10, -1], [0, 1, 0, -1, 0, 1, 0, 0, 0, -1, 1, 0, 0, 1, 1, 0, 1, 0, 0, 0, 1, 0], [1, 4, 0, -1, 3, 2, 1, -1, 0, -2, 1, 0, 2, 2, 2, 0, 2, -1, -1, -1, 6, 1], [-1, -6, -1, 1, -4, -2, -1, 1, 0, 2, -2, 0, -2, -3, -3, 0, -3, 2, 1, 1, -7, 0]]
[[1, 0, 0, 0, 0, 0, 0, 0, 0, 0, 0, 0, 0, 0, 0, 0, 0, 0, 0, 0, 0, 0], [0, 1, 0, 0, 0, 0, 0, 0, 0, 0, 0, 0, 0, 0, 0, 0, 0, 0, 0, 0, 0, 0], [0, 0, 1, 0, 0, 0, 0, 0, 0, 0, 0, 0, 0, 0, 0, 0, 0, 0, 0, 0, 0, 0], [0, 0, 0, 1, 0, 0, 0, 0, 0, 0, 0, 0, 0, 0, 0, 0, 0, 0, 0, 0, 0, 0], [0, 0, 0, 0, 1, 0, 0, 0, 0, 0, 0, 0, 0, 0, 0, 0, 0, 0, 0, 0, 0, 0], [0, 0, 0, 0, 0, 1, 0, 0, 0, 0, 0, 0, 0, 0, 0, 0, 0, 0, 0, 0, 0, 0], [0, 0, 0, 0, 0, 0, 1, 0, 0, 0, 0, 0, 0, 0, 0, 0, 0, 0, 0, 0, 0, 0], [0, 0, 0, 0, 0, 0, 0, 1, 0, 0, 0, 0, 0, 0, 0, 0, 0, 0, 0, 0, 0, 0], [0, 0, 0, 0, 0, 0, 0, 0, 1, 0, 0, 0, 0, 0, 0, 0, 0, 0, 0, 0, 0, 0], [0, 0, 0, 0, 0, 0, 0, 0, 0, 1, 0, 0, 0, 0, 0, 0, 0, 0, 0, 0, 0, 0], [0, 0, 0, 0, 0, 0, 0, 0, 0, 0, 1, 0, 0, 0, 0, 0, 0, 0, 0, 0, 0, 0], [0, 0, 0, 0, 0, 0, 0, 0, 0, 0, 0, 1, 0, 0, 0, 0, 0, 0, 0, 0, 0, 0], [0, 0, 0, 0, 0, 0, 0, 0, 0, 0, 0, 0, 1, 0, 0, 0, 0, 0, 0, 0, 0, 0], [0, 0, 0, 0, 0, 0, 0, 0, 0, 0, 0, 0, 0, 1, 0, 0, 0, 0, 0, 0, 0, 0], [0, 0, 0, 0, 0, 0, 0, 0, 0, 0, 0, 0, 0, 0, 1, 0, 0, 0, 0, 0, 0, 0], [0, 0, 0, 0, 0, 0, 0, 0, 0, 0, 0, 0, 0, 0, 0, 1, 0, 0, 0, 0, 0, 0], [0, 0, 0, 0, 0, 0, 0, 0, 0, 0, 0, 0, 0, 0, 0, 0, 1, 0, 0, 0, 0, 0], [0, 0, 0, 0, 0, 0, 0, 0, 0, 0, 0, 0, 0, 0, 0, 0, 0, 1, 0, 0, 0, 0], [0, 0, 0, 0, 0, 0, 0, 0, 0, 0, 0, 0, 0, 0, 0, 0, 0, 0, 1, 0, 0, 0], [0, 0, 0, 0, 0, 0, 0, 0, 0, 0, 0, 0, 0, 0, 0, 0, 0, 0, 0, 1, 0, 0], [0, 0, 0, 0, 0, 0, 0, 0, 0, 0, 0, 0, 0, 0, 0, 0, 0, 0, 0, 0, 1, 0], [0, 0, 0, 0, 0, 0, 0, 0, 0, 0, 0, 0, 0, 0, 0, 0, 0, 0, 0, 0, 0, 1]]
[[0, 1, 0, -1, 1, 1, 0, -1, 0, 0, 0, 0, 1, -1, 0, -1, 1, 0, -1, 1, 2, 0], [0, 0, 0, 0, -2, 0, 0, 1, 0, 0, 0, 0, -1, 1, 0, 1, -1, 0, 1, -1, -2, 0], [0, 1, 1, 0, 2, 0, 0, -1, 0, 0, 0, 0, 1, -1, 0, -1, 1, 0, -1, 1, 2, 0], [0, 0, 0, 1, 0, 0, 0, 0, 0, 0, 0, 0, 0, 0, 0, 0, 0, 0, 0, 0, 0, 0], [0, -1, 0, 0, -2, 0, 0, 1, 0, 0, 0, 1, -1, 1, 0, 1, -1, 0, 1, -1, -2, 0], [1, 0, 0, 1, 0, 0, 0, 0, 0, 0, 0, 1, 0, 0, 0, 0, 0, 0, 0, 0, 0, 0], [0, 0, 0, -1, -2, 0, -1, 1, 0, 0, 2, -1, -2, 1, 0, 1, 0, 0, 1, -2, -1, 0], [0, 0, 0, 0, 0, 0, 0, 0, 0, 0, 0, 0, 0, 0, -1, 0, 0, 0, 0, 0, 0, 0], [0, 0, 0, 0, 0, 0, 0, 1, 1, 0, 0, 0, 0, 0, 1, 0, 0, 0, 0, 0, 0, 0], [0, 0, 0, 0, 0, 0, 0, 0, 0, 0, -1, 0, 0, 0, 0, 1, 0, 0, 0, 0, 0, 0], [0, 0, 0, 0, 0, 0, 0, 0, 0, 0, 1, 0, 0, 0, 0, 0, 0, 0, 0, 0, 0, 0], [0, -1, 0, 0, -1, 0, 0, 1, 0, 0, 0, 0, -1, 1, 0, 1, -1, 0, 1, -1, -2, 0], [0, 2, 0, 0, 4, 0, 0, -2, 0, 0, 0, 0, 3, -2, 0, -2, 2, 0, -2, 2, 4, 0], [0, 2, 0, 0, 4, 0, 0, -1, 0, -1, -1, 0, 2, -1, 1, -1, 2, 0, -2, 2, 4, 0], [0, 0, 0, 0, 0, 0, 0, -1, 0, 0, 0, 0, 0, 0, 0, 0, 0, 0, 0, 0, 0, 0], [0, 0, 0, 0, 0, 0, 0, 0, 0, 1, 1, 0, 0, 0, 0, 0, 0, 0, 0, 0, 0, 0], [0, 0, 0, 0, 0, 0, 0, 0, 0, 0, 0, 0, 0, 0, 0, 0, 1, 0, 0, 0, 0, 0], [0, 0, 0, 0, 0, 0, 0, 0, 0, 0, 0, 0, 0, 0, 0, 0, 0, 1, 0, 0, 0, 0], [0, -1, 0, 0, -2, 0, 0, 1, 0, 0, 0, 0, -1, 1, 0, 1, -1, 0, 2, -1, -2, 0], [0, 0, 0, 0, 0, 0, 0, 0, 0, 0, 0, 0, 0, 0, 0, 0, 0, 0, 0, 1, 0, 0], [0, 0, 0, 0, 1, 0, 0, 0, 0, 0, 0, -1, 0, 0, 0, 0, 0, 0, 0, 0, 1, 0], [0, -1, 0, 0, -2, 0, 0, 1, 0, 0, 0, 0, -1, 1, 0, 1, -1, 0, 1, -1, -2, 1]]
[[0, 0, -1, 1, 0, -1, 0, 0, -1, -1, -1, 0, 0, 1, 0, 0, -1, 0, -1, 0, -1, 1], [1, 0, 1, 0, -1, 1, 0, 1, 1, 1, 1, 1, -1, 0, 0, 1, 1, 1, 1, 0, -1, 0], [-1, 2, 0, 1, 0, -1, 0, 1, 0, -1, -2, -1, 1, 1, 0, 0, -2, -1, -1, 0, 0, 2], [0, 1, 0, 0, 1, 0, 0, -1, 0, 0, 0, -1, 1, -1, 0, -1, 0, -1, 0, 0, 2, -1], [1, -1, 1, 0, 0, 1, 0, 1, 1, 1, 1, 1, -1, 0, 0, 1, 1, 1, 1, 0, -1, 0], [0, 0, 0, 0, 0, 1, 0, 0, 0, 0, 0, 0, 0, 0, 0, 0, 0, 0, 0, 0, 0, 0], [1, -1, 1, 0, -1, 1, 1, 1, 1, 1, 1, 1, -1, 0, 0, 1, 1, 1, 1, 0, -1, 0], [1, 0, 1, 1, -2, 1, 0, 4, 2, 1, 0, 1, -1, 1, 0, 2, 0, 1, 1, 0, -2, 2], [-1, -2, -1, -1, 2, -1, 0, -4, -2, -1, 1, 0, 0, -1, 0, -2, 1, 0, -1, 0, 1, -3], [-1, 0, -1, -1, 2, -1, 0, -3, -2, 0, 0, -1, 1, -1, 0, -2, 0, -1, -1, 0, 2, -2], [1, 2, 1, 1, -2, 1, 0, 4, 3, 1, 0, 0, 0, 1, 0, 2, -1, 0, 1, 0, -1, 3], [1, -1, 1, 0, -1, 1, 0, 1, 1, 1, 1, 2, -1, 0, 0, 1, 1, 1, 1, 0, -1, 0], [-1, 4, -1, 1, 0, -1, 0, 2, 1, -1, -3, -2, 3, 1, 0, 0, -3, -2, -1, 0, 1, 3], [-1, 1, -1, 0, 1, -1, 0, -1, -1, -1, -1, -1, 1, 1, 0, -1, -1, -1, -1, 0, 1, 0], [-1, 0, -1, -1, 2, -1, 0, -3, -2, -1, 0, -1, 1, -1, 1, -2, 0, -1, -1, 0, 2, -2], [0, 2, 0, 0, 0, 0, 0, 1, 1, 0, -1, -1, 1, 0, 0, 1, -1, -1, 0, 0, 1, 1], [-1, 0, -1, -1, 2, -1, 0, -3, -2, -1, 0, -1, 1, -1, 0, -2, 1, -1, -1, 0, 2, -2], [0, 2, 0, 0, 0, 0, 0, 1, 1, 0, -1, -1, 1, 0, 0, 0, -1, 0, 0, 0, 1, 1], [1, -1, 1, 0, -1, 1, 0, 1, 1, 1, 1, 1, -1, 0, 0, 1, 1, 1, 2, 0, -1, 0], [0, 1, 0, 1, -1, 0, 0, 2, 1, 0, -1, 0, 0, 1, 0, 1, -1, 0, 0, 1, -1, 2], [0, 0, 0, 0, 0, 0, 0, 0, 0, 0, 0, 0, 0, 0, 0, 0, 0, 0, 0, 0, 1, 0], [0, -1, 0, -1, 1, 0, 0, -2, -1, 0, 1, 0, 0, -1, 0, -1, 1, 0, 0, 0, 1, -1]]
[[1, 4, 0, -1, 5, 1, -1, -1, 1, 0, 0, -2, 3, -1, 1, 0, 1, -1, 0, 0, 7, 0], [0, -2, 0, 1, -5, 1, 1, 3, 1, 2, 0, 1, -2, 1, -2, 2, -1, 0, 2, 0, -5, 0], [1, 4, 1, 0, 5, 2, 0, -1, 1, 0, -1, 0, 4, -1, 2, -1, 0, 0, 0, 0, 7, 0], [0, -1, 0, 1, -1, -1, 0, 0, 0, 0, 0, 0, -1, 0, -1, 0, 0, 1, 0, 0, -2, 0], [0, -4, 0, 1, -6, 1, 1, 2, 0, 1, 0, 3, -3, 1, -2, 1, -1, 1, 1, 0, -7, 0], [0, -1, 0, 0, -1, 0, 0, 0, 0, 0, 0, 0, -1, 0, -1, 0, 0, 1, 0, 0, -2, 0], [0, -4, 0, 1, -7, 1, 2, 2, 0, 1, 0, 3, -3, 1, -2, 1, -1, 1, 1, 0, -7, 0], [1, 0, 0, 1, -2, 3, 1, 2, 1, 1, -1, 3, 1, 0, 0, 0, -1, 1, 1, 0, 0, 0], [-1, 0, 0, -1, 2, -3, -1, -2, -1, -2, 1, -2, -1, 0, 1, -1, 1, -1, -2, 0, 0, 0], [-2, 1, 0, -2, 4, -4, -2, -3, -2, -2, 1, -4, -1, 0, 1, 0, 2, -2, -2, 1, 2, 0], [2, 0, 0, 2, -2, 4, 2, 2, 2, 2, -1, 4, 2, 0, 0, 0, -2, 2, 2, 0, 0, 0], [0, -3, 0, 1, -4, 0, 1, 2, 0, 1, 0, 2, -2, 1, -1, 1, -1, 0, 1, 0, -5, 0], [1, 8, 0, -1, 11, 2, -1, -3, 1, -1, -1, -2, 8, -2, 4, -2, 1, -1, -1, 0, 14, 0], [-1, 8, 0, -3, 13, -2, -3, -6, -2, -4, 1, -5, 5, -1, 5, -3, 3, -3, -4, 0, 14, 0], [-1, -1, 0, -1, -1, -2, -1, 0, 0, 0, 1, -2, -2, 0, -1, 1, 1, 0, 0, 0, -2, 0], [1, 0, 0, 1, 0, 1, 1, 1, 1, 1, -1, 1, 1, 0, 0, 1, -1, 1, 1, 0, 0, 0], [-1, 0, 0, -1, 1, -2, -1, -1, -1, -1, 1, -2, -1, 0, 0, 0, 2, -1, -1, 0, 0, 0], [0, 1, 0, 0, 1, 1, 0, 0, 0, 0, 0, 0, 1, 0, 1, 0, 0, 0, 0, 0, 2, 0], [0, -5, 0, 1, -9, 1, 1, 3, 0, 2, 1, 3, -4, 1, -3, 1, -1, 1, 2, -1, -9, 0], [1, 3, 0, 0, 3, 2, 0, 0, 1, 1, 0, 0, 3, -1, 1, -1, 0, 0, 0, 0, 5, 0], [0, 0, 0, 0, 1, -1, 0, -1, -1, -1, 0, 0, 0, 0, 1, -1, 0, 0, -1, 0, 1, 0], [0, -4, 0, 1, -6, 0, 1, 2, 0, 1, 0, 2, -3, 1, -2, 1, -1, 1, 1, 0, -7, 1]]
[[1, 0, 0, 0, 0, 0, 0, 0, 0, 0, 0, 0, 0, 0, 0, 0, 0, 0, 0, 0, 0, 0], [0, 1, 0, 0, 0, 0, 0, 0, 0, 0, 0, 0, 0, 0, 0, 0, 0, 0, 0, 0, 0, 0], [0, 0, 1, 0, 0, 0, 0, 0, 0, 0, 0, 0, 0, 0, 0, 0, 0, 0, 0, 0, 0, 0], [0, 0, 0, 1, 0, 0, 0, 0, 0, 0, 0, 0, 0, 0, 0, 0, 0, 0, 0, 0, 0, 0], [0, 0, 0, 0, 1, 0, 0, 0, 0, 0, 0, 0, 0, 0, 0, 0, 0, 0, 0, 0, 0, 0], [0, 0, 0, 0, 0, 1, 0, 0, 0, 0, 0, 0, 0, 0, 0, 0, 0, 0, 0, 0, 0, 0], [0, 0, 0, 0, 0, 0, 1, 0, 0, 0, 0, 0, 0, 0, 0, 0, 0, 0, 0, 0, 0, 0], [0, 0, 0, 0, 0, 0, 0, 1, 0, 0, 0, 0, 0, 0, 0, 0, 0, 0, 0, 0, 0, 0], [0, 0, 0, 0, 0, 0, 0, 0, 1, 0, 0, 0, 0, 0, 0, 0, 0, 0, 0, 0, 0, 0], [0, 0, 0, 0, 0, 0, 0, 0, 0, 1, 0, 0, 0, 0, 0, 0, 0, 0, 0, 0, 0, 0], [0, 0, 0, 0, 0, 0, 0, 0, 0, 0, 1, 0, 0, 0, 0, 0, 0, 0, 0, 0, 0, 0], [0, 0, 0, 0, 0, 0, 0, 0, 0, 0, 0, 1, 0, 0, 0, 0, 0, 0, 0, 0, 0, 0], [0, 0, 0, 0, 0, 0, 0, 0, 0, 0, 0, 0, 1, 0, 0, 0, 0, 0, 0, 0, 0, 0], [0, 0, 0, 0, 0, 0, 0, 0, 0, 0, 0, 0, 0, 1, 0, 0, 0, 0, 0, 0, 0, 0], [0, 0, 0, 0, 0, 0, 0, 0, 0, 0, 0, 0, 0, 0, 1, 0, 0, 0, 0, 0, 0, 0], [0, 0, 0, 0, 0, 0, 0, 0, 0, 0, 0, 0, 0, 0, 0, 1, 0, 0, 0, 0, 0, 0], [0, 0, 0, 0, 0, 0, 0, 0, 0, 0, 0, 0, 0, 0, 0, 0, 1, 0, 0, 0, 0, 0], [0, 0, 0, 0, 0, 0, 0, 0, 0, 0, 0, 0, 0, 0, 0, 0, 0, 1, 0, 0, 0, 0], [0, 0, 0, 0, 0, 0, 0, 0, 0, 0, 0, 0, 0, 0, 0, 0, 0, 0, 1, 0, 0, 0], [0, 0, 0, 0, 0, 0, 0, 0, 0, 0, 0, 0, 0, 0, 0, 0, 0, 0, 0, 1, 0, 0], [0, 0, 0, 0, 0, 0, 0, 0, 0, 0, 0, 0, 0, 0, 0, 0, 0, 0, 0, 0, 1, 0], [0, 0, 0, 0, 0, 0, 0, 0, 0, 0, 0, 0, 0, 0, 0, 0, 0, 0, 0, 0, 0, 1]]
[[1, 0, 0, 0, 0, 0, 0, 0, 0, 0, 0, 0, 0, 0, 0, 0, 0, 0, 0, 0, 0, 0], [0, 1, 0, 0, 0, 0, 0, 0, 0, 0, 0, 0, 0, 0, 0, 0, 0, 0, 0, 0, 0, 0], [0, 0, 1, 0, 0, 0, 0, 0, 0, 0, 0, 0, 0, 0, 0, 0, 0, 0, 0, 0, 0, 0], [0, 0, 0, 1, 0, 0, 0, 0, 0, 0, 0, 0, 0, 0, 0, 0, 0, 0, 0, 0, 0, 0], [0, 0, 0, 0, 1, 0, 0, 0, 0, 0, 0, 0, 0, 0, 0, 0, 0, 0, 0, 0, 0, 0], [0, 0, 0, 0, 0, 1, 0, 0, 0, 0, 0, 0, 0, 0, 0, 0, 0, 0, 0, 0, 0, 0], [0, 0, 0, 0, 0, 0, 1, 0, 0, 0, 0, 0, 0, 0, 0, 0, 0, 0, 0, 0, 0, 0], [0, 0, 0, 0, 0, 0, 0, 1, 0, 0, 0, 0, 0, 0, 0, 0, 0, 0, 0, 0, 0, 0], [0, 0, 0, 0, 0, 0, 0, 0, 1, 0, 0, 0, 0, 0, 0, 0, 0, 0, 0, 0, 0, 0], [0, 0, 0, 0, 0, 0, 0, 0, 0, 1, 0, 0, 0, 0, 0, 0, 0, 0, 0, 0, 0, 0], [0, 0, 0, 0, 0, 0, 0, 0, 0, 0, 1, 0, 0, 0, 0, 0, 0, 0, 0, 0, 0, 0], [0, 0, 0, 0, 0, 0, 0, 0, 0, 0, 0, 1, 0, 0, 0, 0, 0, 0, 0, 0, 0, 0], [0, 0, 0, 0, 0, 0, 0, 0, 0, 0, 0, 0, 1, 0, 0, 0, 0, 0, 0, 0, 0, 0], [0, 0, 0, 0, 0, 0, 0, 0, 0, 0, 0, 0, 0, 1, 0, 0, 0, 0, 0, 0, 0, 0], [0, 0, 0, 0, 0, 0, 0, 0, 0, 0, 0, 0, 0, 0, 1, 0, 0, 0, 0, 0, 0, 0], [0, 0, 0, 0, 0, 0, 0, 0, 0, 0, 0, 0, 0, 0, 0, 1, 0, 0, 0, 0, 0, 0], [0, 0, 0, 0, 0, 0, 0, 0, 0, 0, 0, 0, 0, 0, 0, 0, 1, 0, 0, 0, 0, 0], [0, 0, 0, 0, 0, 0, 0, 0, 0, 0, 0, 0, 0, 0, 0, 0, 0, 1, 0, 0, 0, 0], [0, 0, 0, 0, 0, 0, 0, 0, 0, 0, 0, 0, 0, 0, 0, 0, 0, 0, 1, 0, 0, 0], [0, 0, 0, 0, 0, 0, 0, 0, 0, 0, 0, 0, 0, 0, 0, 0, 0, 0, 0, 1, 0, 0], [0, 0, 0, 0, 0, 0, 0, 0, 0, 0, 0, 0, 0, 0, 0, 0, 0, 0, 0, 0, 1, 0], [0, 0, 0, 0, 0, 0, 0, 0, 0, 0, 0, 0, 0, 0, 0, 0, 0, 0, 0, 0, 0, 1]]
[[1, 0, 0, 0, 0, 0, 0, 0, 0, 0, 0, 0, 0, 0, 0, 0, 0, 0, 0, 0, 0, 0], [0, 1, 0, 0, 0, 0, 0, 0, 0, 0, 0, 0, 0, 0, 0, 0, 0, 0, 0, 0, 0, 0], [0, 0, 1, 0, 0, 0, 0, 0, 0, 0, 0, 0, 0, 0, 0, 0, 0, 0, 0, 0, 0, 0], [0, 0, 0, 1, 0, 0, 0, 0, 0, 0, 0, 0, 0, 0, 0, 0, 0, 0, 0, 0, 0, 0], [0, 0, 0, 0, 1, 0, 0, 0, 0, 0, 0, 0, 0, 0, 0, 0, 0, 0, 0, 0, 0, 0], [0, 0, 0, 0, 0, 1, 0, 0, 0, 0, 0, 0, 0, 0, 0, 0, 0, 0, 0, 0, 0, 0], [0, 0, 0, 0, 0, 0, 1, 0, 0, 0, 0, 0, 0, 0, 0, 0, 0, 0, 0, 0, 0, 0], [0, 0, 0, 0, 0, 0, 0, 1, 0, 0, 0, 0, 0, 0, 0, 0, 0, 0, 0, 0, 0, 0], [0, 0, 0, 0, 0, 0, 0, 0, 1, 0, 0, 0, 0, 0, 0, 0, 0, 0, 0, 0, 0, 0], [0, 0, 0, 0, 0, 0, 0, 0, 0, 1, 0, 0, 0, 0, 0, 0, 0, 0, 0, 0, 0, 0], [0, 0, 0, 0, 0, 0, 0, 0, 0, 0, 1, 0, 0, 0, 0, 0, 0, 0, 0, 0, 0, 0], [0, 0, 0, 0, 0, 0, 0, 0, 0, 0, 0, 1, 0, 0, 0, 0, 0, 0, 0, 0, 0, 0], [0, 0, 0, 0, 0, 0, 0, 0, 0, 0, 0, 0, 1, 0, 0, 0, 0, 0, 0, 0, 0, 0], [0, 0, 0, 0, 0, 0, 0, 0, 0, 0, 0, 0, 0, 1, 0, 0, 0, 0, 0, 0, 0, 0], [0, 0, 0, 0, 0, 0, 0, 0, 0, 0, 0, 0, 0, 0, 1, 0, 0, 0, 0, 0, 0, 0], [0, 0, 0, 0, 0, 0, 0, 0, 0, 0, 0, 0, 0, 0, 0, 1, 0, 0, 0, 0, 0, 0], [0, 0, 0, 0, 0, 0, 0, 0, 0, 0, 0, 0, 0, 0, 0, 0, 1, 0, 0, 0, 0, 0], [0, 0, 0, 0, 0, 0, 0, 0, 0, 0, 0, 0, 0, 0, 0, 0, 0, 1, 0, 0, 0, 0], [0, 0, 0, 0, 0, 0, 0, 0, 0, 0, 0, 0, 0, 0, 0, 0, 0, 0, 1, 0, 0, 0], [0, 0, 0, 0, 0, 0, 0, 0, 0, 0, 0, 0, 0, 0, 0, 0, 0, 0, 0, 1, 0, 0], [0, 0, 0, 0, 0, 0, 0, 0, 0, 0, 0, 0, 0, 0, 0, 0, 0, 0, 0, 0, 1, 0], [0, 0, 0, 0, 0, 0, 0, 0, 0, 0, 0, 0, 0, 0, 0, 0, 0, 0, 0, 0, 0, 1]]
[[1, -1, 0, 0, -2, 0, 0, 1, 0, 0, 1, 1, -2, 1, 0, 1, 1, 1, 0, 0, -2, 0], [-1, 0, 0, 1, 2, -2, 0, -2, -1, 0, -2, -1, 2, -2, -1, -2, -2, -1, 0, 0, 0, -1], [3, 0, 2, -2, -6, 5, 1, 5, 2, 0, 4, 3, -6, 5, 2, 5, 5, 3, 1, 0, -2, 2], [0, 0, 0, 1, 0, 0, 0, 0, 0, 0, 0, 0, 0, 0, 0, 0, 0, 0, 0, 0, 0, 0], [0, 0, 0, 0, 1, 0, 0, 0, 0, 0, 0, 0, 0, 0, 0, 0, 0, 0, 0, 0, 0, 0], [-1, -3, 0, 1, -2, -1, 0, 0, -1, 0, 0, 1, -2, 0, -1, 0, 0, 1, 0, 0, -4, -1], [-1, 2, 0, 0, 2, -1, 0, -1, 0, 0, -1, -2, 2, -1, 0, -1, -2, -2, 0, 0, 2, 0], [4, 2, 2, -2, -4, 6, 1, 6, 3, 1, 4, 2, -5, 5, 2, 6, 5, 2, 2, 0, 1, 2], [-1, 0, -1, 1, 4, -2, 0, -3, -1, 0, -1, -1, 3, -2, -1, -3, -1, -1, -2, 0, 2, 0], [-4, -2, -2, 2, 4, -6, -1, -5, -2, 0, -5, -2, 6, -6, -2, -6, -6, -2, -1, 0, -1, -3], [3, 0, 2, -2, -6, 5, 1, 5, 2, 0, 4, 2, -6, 5, 2, 5, 4, 2, 2, 0, -2, 2], [0, 1, 0, 0, 2, 0, 0, -1, 0, 0, -1, 0, 2, -1, 0, -1, -1, -1, 0, 0, 2, 0], [3, -1, 2, -2, -8, 5, 1, 6, 2, 0, 4, 3, -7, 6, 2, 6, 5, 3, 2, 0, -4, 2], [2, 0, 0, -1, -2, 3, 1, 2, 1, 0, 2, 2, -2, 3, 1, 2, 3, 2, 0, 0, 0, 1], [-3, -1, -1, 2, 4, -5, -1, -4, -2, 0, -3, -2, 4, -4, -1, -4, -4, -2, -1, 0, 0, -2], [-1, -2, 0, 0, -2, -1, 0, 0, -1, -1, -1, 0, -1, 0, 0, 0, -1, 0, 0, 0, -3, 0], [-2, 1, -1, 1, 4, -3, -1, -3, -1, 0, -2, -2, 4, -3, -1, -3, -2, -2, -1, 0, 2, -1], [1, 1, 1, -1, -2, 2, 0, 2, 1, 0, 1, 0, -2, 2, 1, 2, 1, 1, 1, 0, 0, 1], [-1, 3, -1, 0, 4, -1, -1, -2, 0, 0, -1, -2, 4, -2, 0, -2, -2, -2, 0, 0, 4, 0], [2, -1, 1, -1, -4, 3, 1, 3, 1, 0, 2, 2, -4, 3, 1, 3, 3, 2, 1, 1, -2, 1], [1, 2, 0, -1, 0, 2, 0, 1, 1, 0, 1, 0, 0, 1, 1, 1, 1, 0, 0, 0, 3, 1], [-2, 1, -1, 1, 4, -3, -1, -3, 0, 0, -3, -2, 5, -4, -1, -3, -4, -2, 0, 0, 2, -1]]
[[1, 0, 0, 0, 0, 0, 0, 0, 0, 0, 0, 0, 0, 0, 0, 0, 0, 0, 0, 0, 0, 0], [0, 1, 0, 0, 0, 0, 0, 0, 0, 0, 0, 0, 0, 0, 0, 0, 0, 0, 0, 0, 0, 0], [0, 0, 1, 0, 0, 0, 0, 0, 0, 0, 0, 0, 0, 0, 0, 0, 0, 0, 0, 0, 0, 0], [0, 0, 0, 1, 0, 0, 0, 0, 0, 0, 0, 0, 0, 0, 0, 0, 0, 0, 0, 0, 0, 0], [0, 0, 0, 0, 1, 0, 0, 0, 0, 0, 0, 0, 0, 0, 0, 0, 0, 0, 0, 0, 0, 0], [0, 0, 0, 0, 0, 1, 0, 0, 0, 0, 0, 0, 0, 0, 0, 0, 0, 0, 0, 0, 0, 0], [0, 0, 0, 0, 0, 0, 1, 0, 0, 0, 0, 0, 0, 0, 0, 0, 0, 0, 0, 0, 0, 0], [0, 0, 0, 0, 0, 0, 0, 1, 0, 0, 0, 0, 0, 0, 0, 0, 0, 0, 0, 0, 0, 0], [0, 0, 0, 0, 0, 0, 0, 0, 1, 0, 0, 0, 0, 0, 0, 0, 0, 0, 0, 0, 0, 0], [0, 0, 0, 0, 0, 0, 0, 0, 0, 1, 0, 0, 0, 0, 0, 0, 0, 0, 0, 0, 0, 0], [0, 0, 0, 0, 0, 0, 0, 0, 0, 0, 1, 0, 0, 0, 0, 0, 0, 0, 0, 0, 0, 0], [0, 0, 0, 0, 0, 0, 0, 0, 0, 0, 0, 1, 0, 0, 0, 0, 0, 0, 0, 0, 0, 0], [0, 0, 0, 0, 0, 0, 0, 0, 0, 0, 0, 0, 1, 0, 0, 0, 0, 0, 0, 0, 0, 0], [0, 0, 0, 0, 0, 0, 0, 0, 0, 0, 0, 0, 0, 1, 0, 0, 0, 0, 0, 0, 0, 0], [0, 0, 0, 0, 0, 0, 0, 0, 0, 0, 0, 0, 0, 0, 1, 0, 0, 0, 0, 0, 0, 0], [0, 0, 0, 0, 0, 0, 0, 0, 0, 0, 0, 0, 0, 0, 0, 1, 0, 0, 0, 0, 0, 0], [0, 0, 0, 0, 0, 0, 0, 0, 0, 0, 0, 0, 0, 0, 0, 0, 1, 0, 0, 0, 0, 0], [0, 0, 0, 0, 0, 0, 0, 0, 0, 0, 0, 0, 0, 0, 0, 0, 0, 1, 0, 0, 0, 0], [0, 0, 0, 0, 0, 0, 0, 0, 0, 0, 0, 0, 0, 0, 0, 0, 0, 0, 1, 0, 0, 0], [0, 0, 0, 0, 0, 0, 0, 0, 0, 0, 0, 0, 0, 0, 0, 0, 0, 0, 0, 1, 0, 0], [0, 0, 0, 0, 0, 0, 0, 0, 0, 0, 0, 0, 0, 0, 0, 0, 0, 0, 0, 0, 1, 0], [0, 0, 0, 0, 0, 0, 0, 0, 0, 0, 0, 0, 0, 0, 0, 0, 0, 0, 0, 0, 0, 1]]
[[0, 0, 0, -1, 1, -1, -1, -2, -1, -1, 0, -1, 0, -1, 0, -1, 0, 0, -1, 0, 1, 0], [0, 1, 0, 0, 0, 0, 0, 0, 0, 0, 0, 0, 0, 0, 0, 0, 0, 0, 0, 0, 0, 0], [0, 0, 1, 0, 0, 0, 0, 0, 0, 0, 0, 0, 0, 0, 0, 0, 0, 0, 0, 0, 0, 0], [0, 0, 0, 1, 0, 0, 0, 0, 0, 0, 0, 0, 0, 0, 0, 0, 0, 0, 0, 0, 0, 0], [1, 0, 0, 1, -1, 2, 1, 2, 1, 1, 0, 2, 0, 1, -1, 1, 1, 0, 1, 0, -1, 0], [0, 0, 0, 0, 0, 1, 0, 0, 0, 0, 0, 0, 0, 0, 0, 0, 0, 0, 0, 0, 0, 0], [1, 0, 0, 1, -2, 2, 2, 2, 1, 1, 0, 2, 0, 1, -1, 1, 1, 0, 1, 0, -1, 0], [1, 0, 0, 1, -2, 2, 1, 3, 1, 1, 0, 2, 0, 1, -1, 1, 1, 0, 1, 0, -1, 0], [0, 0, 0, 0, 0, 0, 0, 0, 1, 0, 0, 0, 0, 0, 0, 0, 0, 0, 0, 0, 0, 0], [-2, 0, 0, -2, 3, -3, -2, -4, -2, -1, 0, -3, 0, -2, 1, -2, -1, 0, -2, 0, 2, 0], [1, 0, 0, 1, -2, 2, 1, 2, 1, 1, 1, 2, 0, 1, -1, 1, 1, 0, 1, 0, -1, 0], [1, 0, 0, 1, -1, 1, 1, 2, 1, 1, 0, 2, 0, 1, 0, 1, 0, 0, 1, 0, -1, 0], [-2, 0, 0, -2, 3, -3, -2, -4, -2, -2, 0, -3, 1, -2, 1, -2, -1, 0, -2, 0, 2, 0], [-2, 0, 0, -2, 3, -3, -2, -4, -2, -2, 0, -3, 0, -1, 1, -2, -1, 0, -2, 0, 2, 0], [-1, 0, 0, -1, 1, -1, -1, -2, -1, -1, 0, -1, 0, -1, 1, -1, 0, 0, -1, 0, 1, 0], [0, 0, 0, 0, 0, 0, 0, 0, 0, 0, 0, 0, 0, 0, 0, 1, 0, 0, 0, 0, 0, 0], [-1, 0, 0, -1, 2, -2, -1, -2, -1, -1, 0, -2, 0, -1, 1, -1, 0, 0, -1, 0, 1, 0], [0, 0, 0, 0, 0, 0, 0, 0, 0, 0, 0, 0, 0, 0, 0, 0, 0, 1, 0, 0, 0, 0], [1, 0, 0, 1, -1, 1, 1, 2, 1, 1, 0, 1, 0, 1, 0, 1, 0, 0, 2, 0, -1, 0], [0, 0, 0, 0, 0, 0, 0, 0, 0, 0, 0, 0, 0, 0, 0, 0, 0, 0, 0, 1, 0, 0], [1, 0, 0, 1, -1, 1, 1, 2, 1, 1, 0, 1, 0, 1, 0, 1, 0, 0, 1, 0, 0, 0], [1, 0, 0, 1, -1, 1, 1, 2, 1, 1, 0, 1, 0, 1, 0, 1, 0, 0, 1, 0, -1, 1]]
[[1, 0, 0, 0, 0, 0, 0, 0, 0, 0, 0, 0, 0, 0, 0, 0, 0, 0, 0, 0, 0, 0], [0, 1, 0, 0, 0, 0, 0, 0, 0, 0, 0, 0, 0, 0, 0, 0, 0, 0, 0, 0, 0, 0], [0, 0, 1, 0, 0, 0, 0, 0, 0, 0, 0, 0, 0, 0, 0, 0, 0, 0, 0, 0, 0, 0], [0, 0, 0, 1, 0, 0, 0, 0, 0, 0, 0, 0, 0, 0, 0, 0, 0, 0, 0, 0, 0, 0], [0, 0, 0, 0, 1, 0, 0, 0, 0, 0, 0, 0, 0, 0, 0, 0, 0, 0, 0, 0, 0, 0], [0, 0, 0, 0, 0, 1, 0, 0, 0, 0, 0, 0, 0, 0, 0, 0, 0, 0, 0, 0, 0, 0], [0, 0, 0, 0, 0, 0, 1, 0, 0, 0, 0, 0, 0, 0, 0, 0, 0, 0, 0, 0, 0, 0], [0, 0, 0, 0, 0, 0, 0, 1, 0, 0, 0, 0, 0, 0, 0, 0, 0, 0, 0, 0, 0, 0], [0, 0, 0, 0, 0, 0, 0, 0, 1, 0, 0, 0, 0, 0, 0, 0, 0, 0, 0, 0, 0, 0], [0, 0, 0, 0, 0, 0, 0, 0, 0, 1, 0, 0, 0, 0, 0, 0, 0, 0, 0, 0, 0, 0], [0, 0, 0, 0, 0, 0, 0, 0, 0, 0, 1, 0, 0, 0, 0, 0, 0, 0, 0, 0, 0, 0], [0, 0, 0, 0, 0, 0, 0, 0, 0, 0, 0, 1, 0, 0, 0, 0, 0, 0, 0, 0, 0, 0], [0, 0, 0, 0, 0, 0, 0, 0, 0, 0, 0, 0, 1, 0, 0, 0, 0, 0, 0, 0, 0, 0], [0, 0, 0, 0, 0, 0, 0, 0, 0, 0, 0, 0, 0, 1, 0, 0, 0, 0, 0, 0, 0, 0], [0, 0, 0, 0, 0, 0, 0, 0, 0, 0, 0, 0, 0, 0, 1, 0, 0, 0, 0, 0, 0, 0], [0, 0, 0, 0, 0, 0, 0, 0, 0, 0, 0, 0, 0, 0, 0, 1, 0, 0, 0, 0, 0, 0], [0, 0, 0, 0, 0, 0, 0, 0, 0, 0, 0, 0, 0, 0, 0, 0, 1, 0, 0, 0, 0, 0], [0, 0, 0, 0, 0, 0, 0, 0, 0, 0, 0, 0, 0, 0, 0, 0, 0, 1, 0, 0, 0, 0], [0, 0, 0, 0, 0, 0, 0, 0, 0, 0, 0, 0, 0, 0, 0, 0, 0, 0, 1, 0, 0, 0], [0, 0, 0, 0, 0, 0, 0, 0, 0, 0, 0, 0, 0, 0, 0, 0, 0, 0, 0, 1, 0, 0], [0, 0, 0, 0, 0, 0, 0, 0, 0, 0, 0, 0, 0, 0, 0, 0, 0, 0, 0, 0, 1, 0], [0, 0, 0, 0, 0, 0, 0, 0, 0, 0, 0, 0, 0, 0, 0, 0, 0, 0, 0, 0, 0, 1]]
[[-1, -1, 0, 0, -1, -1, 0, 0, -1, 0, 0, 0, -1, 0, 0, -1, 0, 0, -1, 1, -2, 0], [1, 2, 0, 1, 0, 1, 1, 0, 1, 0, -1, 1, 2, 0, 0, 0, -2, 0, 1, -1, 1, 0], [-1, -1, 1, -2, 0, -1, -2, 0, -1, 0, 2, -2, -3, 0, 0, 0, 3, 0, -1, 1, -1, 0], [0, 0, 0, 1, 0, 0, 0, 0, 0, 0, 0, 0, 0, 0, 0, 0, 0, 0, 0, 0, 0, 0], [1, 1, 0, 1, 1, 1, 1, 0, 1, 0, -1, 1, 2, 0, 0, 0, -2, 0, 1, -1, 1, 0], [0, 0, 0, 1, 0, 1, 1, 0, 0, 0, -1, 1, 1, 0, 0, 0, -1, 0, 0, 0, 0, 0], [1, 1, 0, 0, 0, 1, 1, 0, 1, 0, 0, 0, 1, 0, 0, 0, -1, 0, 1, -1, 1, 0], [1, 1, 0, -1, 0, 1, -1, 1, 1, 0, 1, -1, 0, 0, 0, 0, 0, 0, 1, -1, 1, 0], [0, -1, 0, 1, 1, -1, 1, 0, 0, 0, -1, 1, 0, 0, 0, 1, 1, 0, -1, 1, 0, 0], [0, 0, 0, 1, 0, 0, 1, 0, 0, 1, -1, 1, 1, 0, 0, 0, -1, 0, 0, 0, 0, 0], [0, 0, 0, -2, 0, 0, -2, 0, 0, 0, 3, -2, -2, 0, 0, 0, 2, 0, 0, 0, 0, 0], [1, 1, 0, 0, 0, 1, 0, 0, 1, 0, 0, 1, 1, 0, 0, 0, -1, 0, 1, -1, 1, 0], [-2, -2, 0, -3, 0, -2, -3, 0, -2, 0, 3, -3, -4, 0, 0, 0, 5, 0, -2, 2, -2, 0], [-1, -2, 0, -1, 1, -2, -1, 0, -2, 0, 1, -1, -3, 1, 0, 1, 4, 0, -2, 2, -1, 0], [0, 0, 0, 1, 0, 0, 1, 0, 0, 0, -1, 1, 1, 0, 1, 0, -1, 0, 0, 0, 0, 0], [-1, 0, 0, -1, -1, 0, -1, 0, 0, 0, 1, -1, -1, 0, 0, 0, 0, 0, 0, 0, -1, 0], [0, 0, 0, 1, 0, 0, 1, 0, 0, 0, -1, 1, 1, 0, 0, 0, 0, 0, 0, 0, 0, 0], [0, 0, 0, -1, 0, 0, -1, 0, 0, 0, 1, -1, -1, 0, 0, 0, 1, 1, 0, 0, 0, 0], [1, 1, 0, 1, 0, 1, 1, 0, 1, 0, -1, 1, 2, 0, 0, 0, -2, 0, 2, -1, 1, 0], [0, 0, 0, -1, 0, 0, -1, 0, 0, 0, 1, -1, -1, 0, 0, 0, 1, 0, 0, 1, 0, 0], [0, 0, 0, -1, 0, 0, -1, 0, 0, 0, 1, -1, -1, 0, 0, 0, 1, 0, 0, 0, 1, 0], [1, 1, 0, 1, 0, 1, 1, 0, 1, 0, -1, 1, 2, 0, 0, 0, -2, 0, 1, -1, 1, 1]]
[[1, 0, 0, 0, 0, 0, 0, 0, 0, 0, 0, 0, 0, 0, 0, 0, 0, 0, 0, 0, 0, 0], [0, 1, 0, 0, 0, 0, 0, 0, 0, 0, 0, 0, 0, 0, 0, 0, 0, 0, 0, 0, 0, 0], [0, 0, 1, 0, 0, 0, 0, 0, 0, 0, 0, 0, 0, 0, 0, 0, 0, 0, 0, 0, 0, 0], [0, 0, 0, 1, 0, 0, 0, 0, 0, 0, 0, 0, 0, 0, 0, 0, 0, 0, 0, 0, 0, 0], [0, 0, 0, 0, 1, 0, 0, 0, 0, 0, 0, 0, 0, 0, 0, 0, 0, 0, 0, 0, 0, 0], [0, 0, 0, 0, 0, 1, 0, 0, 0, 0, 0, 0, 0, 0, 0, 0, 0, 0, 0, 0, 0, 0], [0, 0, 0, 0, 0, 0, 1, 0, 0, 0, 0, 0, 0, 0, 0, 0, 0, 0, 0, 0, 0, 0], [0, 0, 0, 0, 0, 0, 0, 1, 0, 0, 0, 0, 0, 0, 0, 0, 0, 0, 0, 0, 0, 0], [0, 0, 0, 0, 0, 0, 0, 0, 1, 0, 0, 0, 0, 0, 0, 0, 0, 0, 0, 0, 0, 0], [0, 0, 0, 0, 0, 0, 0, 0, 0, 1, 0, 0, 0, 0, 0, 0, 0, 0, 0, 0, 0, 0], [0, 0, 0, 0, 0, 0, 0, 0, 0, 0, 1, 0, 0, 0, 0, 0, 0, 0, 0, 0, 0, 0], [0, 0, 0, 0, 0, 0, 0, 0, 0, 0, 0, 1, 0, 0, 0, 0, 0, 0, 0, 0, 0, 0], [0, 0, 0, 0, 0, 0, 0, 0, 0, 0, 0, 0, 1, 0, 0, 0, 0, 0, 0, 0, 0, 0], [0, 0, 0, 0, 0, 0, 0, 0, 0, 0, 0, 0, 0, 1, 0, 0, 0, 0, 0, 0, 0, 0], [0, 0, 0, 0, 0, 0, 0, 0, 0, 0, 0, 0, 0, 0, 1, 0, 0, 0, 0, 0, 0, 0], [0, 0, 0, 0, 0, 0, 0, 0, 0, 0, 0, 0, 0, 0, 0, 1, 0, 0, 0, 0, 0, 0], [0, 0, 0, 0, 0, 0, 0, 0, 0, 0, 0, 0, 0, 0, 0, 0, 1, 0, 0, 0, 0, 0], [0, 0, 0, 0, 0, 0, 0, 0, 0, 0, 0, 0, 0, 0, 0, 0, 0, 1, 0, 0, 0, 0], [0, 0, 0, 0, 0, 0, 0, 0, 0, 0, 0, 0, 0, 0, 0, 0, 0, 0, 1, 0, 0, 0], [0, 0, 0, 0, 0, 0, 0, 0, 0, 0, 0, 0, 0, 0, 0, 0, 0, 0, 0, 1, 0, 0], [0, 0, 0, 0, 0, 0, 0, 0, 0, 0, 0, 0, 0, 0, 0, 0, 0, 0, 0, 0, 1, 0], [0, 0, 0, 0, 0, 0, 0, 0, 0, 0, 0, 0, 0, 0, 0, 0, 0, 0, 0, 0, 0, 1]]
[[1, 0, 0, 0, 0, 0, 0, 0, 0, 0, 0, 0, 0, 0, 0, 0, 0, 0, 0, 0, 0, 0], [0, 1, 0, 0, 0, 0, 0, 0, 0, 0, 0, 0, 0, 0, 0, 0, 0, 0, 0, 0, 0, 0], [0, 0, 1, 0, 0, 0, 0, 0, 0, 0, 0, 0, 0, 0, 0, 0, 0, 0, 0, 0, 0, 0], [0, 0, 0, 1, 0, 0, 0, 0, 0, 0, 0, 0, 0, 0, 0, 0, 0, 0, 0, 0, 0, 0], [0, 0, 0, 0, 1, 0, 0, 0, 0, 0, 0, 0, 0, 0, 0, 0, 0, 0, 0, 0, 0, 0], [0, 0, 0, 0, 0, 1, 0, 0, 0, 0, 0, 0, 0, 0, 0, 0, 0, 0, 0, 0, 0, 0], [0, 0, 0, 0, 0, 0, 1, 0, 0, 0, 0, 0, 0, 0, 0, 0, 0, 0, 0, 0, 0, 0], [0, 0, 0, 0, 0, 0, 0, 1, 0, 0, 0, 0, 0, 0, 0, 0, 0, 0, 0, 0, 0, 0], [0, 0, 0, 0, 0, 0, 0, 0, 1, 0, 0, 0, 0, 0, 0, 0, 0, 0, 0, 0, 0, 0], [0, 0, 0, 0, 0, 0, 0, 0, 0, 1, 0, 0, 0, 0, 0, 0, 0, 0, 0, 0, 0, 0], [0, 0, 0, 0, 0, 0, 0, 0, 0, 0, 1, 0, 0, 0, 0, 0, 0, 0, 0, 0, 0, 0], [0, 0, 0, 0, 0, 0, 0, 0, 0, 0, 0, 1, 0, 0, 0, 0, 0, 0, 0, 0, 0, 0], [0, 0, 0, 0, 0, 0, 0, 0, 0, 0, 0, 0, 1, 0, 0, 0, 0, 0, 0, 0, 0, 0], [0, 0, 0, 0, 0, 0, 0, 0, 0, 0, 0, 0, 0, 1, 0, 0, 0, 0, 0, 0, 0, 0], [0, 0, 0, 0, 0, 0, 0, 0, 0, 0, 0, 0, 0, 0, 1, 0, 0, 0, 0, 0, 0, 0], [0, 0, 0, 0, 0, 0, 0, 0, 0, 0, 0, 0, 0, 0, 0, 1, 0, 0, 0, 0, 0, 0], [0, 0, 0, 0, 0, 0, 0, 0, 0, 0, 0, 0, 0, 0, 0, 0, 1, 0, 0, 0, 0, 0], [0, 0, 0, 0, 0, 0, 0, 0, 0, 0, 0, 0, 0, 0, 0, 0, 0, 1, 0, 0, 0, 0], [0, 0, 0, 0, 0, 0, 0, 0, 0, 0, 0, 0, 0, 0, 0, 0, 0, 0, 1, 0, 0, 0], [0, 0, 0, 0, 0, 0, 0, 0, 0, 0, 0, 0, 0, 0, 0, 0, 0, 0, 0, 1, 0, 0], [0, 0, 0, 0, 0, 0, 0, 0, 0, 0, 0, 0, 0, 0, 0, 0, 0, 0, 0, 0, 1, 0], [0, 0, 0, 0, 0, 0, 0, 0, 0, 0, 0, 0, 0, 0, 0, 0, 0, 0, 0, 0, 0, 1]]
[[1, 0, 0, 0, 0, 0, 0, 0, 0, 0, 0, 0, 0, 0, 0, 0, 0, 0, 0, 0, 0, 0], [0, 1, 0, 0, 0, 0, 0, 0, 0, 0, 0, 0, 0, 0, 0, 0, 0, 0, 0, 0, 0, 0], [0, 0, 1, 0, 0, 0, 0, 0, 0, 0, 0, 0, 0, 0, 0, 0, 0, 0, 0, 0, 0, 0], [0, 0, 0, 1, 0, 0, 0, 0, 0, 0, 0, 0, 0, 0, 0, 0, 0, 0, 0, 0, 0, 0], [0, 0, 0, 0, 1, 0, 0, 0, 0, 0, 0, 0, 0, 0, 0, 0, 0, 0, 0, 0, 0, 0], [0, 0, 0, 0, 0, 1, 0, 0, 0, 0, 0, 0, 0, 0, 0, 0, 0, 0, 0, 0, 0, 0], [0, 0, 0, 0, 0, 0, 1, 0, 0, 0, 0, 0, 0, 0, 0, 0, 0, 0, 0, 0, 0, 0], [0, 0, 0, 0, 0, 0, 0, 1, 0, 0, 0, 0, 0, 0, 0, 0, 0, 0, 0, 0, 0, 0], [0, 0, 0, 0, 0, 0, 0, 0, 1, 0, 0, 0, 0, 0, 0, 0, 0, 0, 0, 0, 0, 0], [0, 0, 0, 0, 0, 0, 0, 0, 0, 1, 0, 0, 0, 0, 0, 0, 0, 0, 0, 0, 0, 0], [0, 0, 0, 0, 0, 0, 0, 0, 0, 0, 1, 0, 0, 0, 0, 0, 0, 0, 0, 0, 0, 0], [0, 0, 0, 0, 0, 0, 0, 0, 0, 0, 0, 1, 0, 0, 0, 0, 0, 0, 0, 0, 0, 0], [0, 0, 0, 0, 0, 0, 0, 0, 0, 0, 0, 0, 1, 0, 0, 0, 0, 0, 0, 0, 0, 0], [0, 0, 0, 0, 0, 0, 0, 0, 0, 0, 0, 0, 0, 1, 0, 0, 0, 0, 0, 0, 0, 0], [0, 0, 0, 0, 0, 0, 0, 0, 0, 0, 0, 0, 0, 0, 1, 0, 0, 0, 0, 0, 0, 0], [0, 0, 0, 0, 0, 0, 0, 0, 0, 0, 0, 0, 0, 0, 0, 1, 0, 0, 0, 0, 0, 0], [0, 0, 0, 0, 0, 0, 0, 0, 0, 0, 0, 0, 0, 0, 0, 0, 1, 0, 0, 0, 0, 0], [0, 0, 0, 0, 0, 0, 0, 0, 0, 0, 0, 0, 0, 0, 0, 0, 0, 1, 0, 0, 0, 0], [0, 0, 0, 0, 0, 0, 0, 0, 0, 0, 0, 0, 0, 0, 0, 0, 0, 0, 1, 0, 0, 0], [0, 0, 0, 0, 0, 0, 0, 0, 0, 0, 0, 0, 0, 0, 0, 0, 0, 0, 0, 1, 0, 0], [0, 0, 0, 0, 0, 0, 0, 0, 0, 0, 0, 0, 0, 0, 0, 0, 0, 0, 0, 0, 1, 0], [0, 0, 0, 0, 0, 0, 0, 0, 0, 0, 0, 0, 0, 0, 0, 0, 0, 0, 0, 0, 0, 1]]
[[1, 0, 0, 0, 0, 0, 0, 0, 0, 0, 0, 0, 0, 0, 0, 0, 0, 0, 0, 0, 0, 0], [0, 1, 0, 0, 0, 0, 0, 0, 0, 0, 0, 0, 0, 0, 0, 0, 0, 0, 0, 0, 0, 0], [0, 0, 1, 0, 0, 0, 0, 0, 0, 0, 0, 0, 0, 0, 0, 0, 0, 0, 0, 0, 0, 0], [0, 0, 0, 1, 0, 0, 0, 0, 0, 0, 0, 0, 0, 0, 0, 0, 0, 0, 0, 0, 0, 0], [0, 0, 0, 0, 1, 0, 0, 0, 0, 0, 0, 0, 0, 0, 0, 0, 0, 0, 0, 0, 0, 0], [0, 0, 0, 0, 0, 1, 0, 0, 0, 0, 0, 0, 0, 0, 0, 0, 0, 0, 0, 0, 0, 0], [0, 0, 0, 0, 0, 0, 1, 0, 0, 0, 0, 0, 0, 0, 0, 0, 0, 0, 0, 0, 0, 0], [0, 0, 0, 0, 0, 0, 0, 1, 0, 0, 0, 0, 0, 0, 0, 0, 0, 0, 0, 0, 0, 0], [0, 0, 0, 0, 0, 0, 0, 0, 1, 0, 0, 0, 0, 0, 0, 0, 0, 0, 0, 0, 0, 0], [0, 0, 0, 0, 0, 0, 0, 0, 0, 1, 0, 0, 0, 0, 0, 0, 0, 0, 0, 0, 0, 0], [0, 0, 0, 0, 0, 0, 0, 0, 0, 0, 1, 0, 0, 0, 0, 0, 0, 0, 0, 0, 0, 0], [0, 0, 0, 0, 0, 0, 0, 0, 0, 0, 0, 1, 0, 0, 0, 0, 0, 0, 0, 0, 0, 0], [0, 0, 0, 0, 0, 0, 0, 0, 0, 0, 0, 0, 1, 0, 0, 0, 0, 0, 0, 0, 0, 0], [0, 0, 0, 0, 0, 0, 0, 0, 0, 0, 0, 0, 0, 1, 0, 0, 0, 0, 0, 0, 0, 0], [0, 0, 0, 0, 0, 0, 0, 0, 0, 0, 0, 0, 0, 0, 1, 0, 0, 0, 0, 0, 0, 0], [0, 0, 0, 0, 0, 0, 0, 0, 0, 0, 0, 0, 0, 0, 0, 1, 0, 0, 0, 0, 0, 0], [0, 0, 0, 0, 0, 0, 0, 0, 0, 0, 0, 0, 0, 0, 0, 0, 1, 0, 0, 0, 0, 0], [0, 0, 0, 0, 0, 0, 0, 0, 0, 0, 0, 0, 0, 0, 0, 0, 0, 1, 0, 0, 0, 0], [0, 0, 0, 0, 0, 0, 0, 0, 0, 0, 0, 0, 0, 0, 0, 0, 0, 0, 1, 0, 0, 0], [0, 0, 0, 0, 0, 0, 0, 0, 0, 0, 0, 0, 0, 0, 0, 0, 0, 0, 0, 1, 0, 0], [0, 0, 0, 0, 0, 0, 0, 0, 0, 0, 0, 0, 0, 0, 0, 0, 0, 0, 0, 0, 1, 0], [0, 0, 0, 0, 0, 0, 0, 0, 0, 0, 0, 0, 0, 0, 0, 0, 0, 0, 0, 0, 0, 1]]
[[1, 0, 0, 0, 0, 0, 0, 0, 0, 0, 0, 0, 0, 0, 0, 0, 0, 0, 0, 0, 0, 0], [0, 1, 0, 0, 0, 0, 0, 0, 0, 0, 0, 0, 0, 0, 0, 0, 0, 0, 0, 0, 0, 0], [0, 0, 1, 0, 0, 0, 0, 0, 0, 0, 0, 0, 0, 0, 0, 0, 0, 0, 0, 0, 0, 0], [0, 0, 0, 1, 0, 0, 0, 0, 0, 0, 0, 0, 0, 0, 0, 0, 0, 0, 0, 0, 0, 0], [0, 0, 0, 0, 0, 1, 1, 0, 0, 0, 0, 1, 0, 1, 0, 0, 0, 0, 0, 0, 0, 0], [0, 0, 0, 0, 0, 1, 0, 0, 0, 0, 0, 0, 0, 0, 0, 0, 0, 0, 0, 0, 0, 0], [0, 0, 0, 0, 0, 0, 1, 0, 0, 0, 0, 0, 0, 0, 0, 0, 0, 0, 0, 0, 0, 0], [0, 0, 0, 0, -1, 1, 1, 1, 0, 0, 0, 1, 0, 1, 0, 0, 0, 0, 0, 0, 0, 0], [0, 0, 0, 0, 0, 0, 0, 0, 1, 0, 0, 0, 0, 0, 0, 0, 0, 0, 0, 0, 0, 0], [0, 0, 0, 0, 1, -1, -1, 0, 0, 1, 0, -1, 0, -1, 0, 0, 0, 0, 0, 0, 0, 0], [0, 0, 0, 0, 0, 0, 0, 0, 0, 0, 1, 0, 0, 0, 0, 0, 0, 0, 0, 0, 0, 0], [0, 0, 0, 0, 0, 0, 0, 0, 0, 0, 0, 1, 0, 0, 0, 0, 0, 0, 0, 0, 0, 0], [0, 0, 0, 0, 1, -1, -1, 0, 0, 0, 0, -1, 1, -1, 0, 0, 0, 0, 0, 0, 0, 0], [0, 0, 0, 0, 1, -1, -1, 0, 0, 0, 0, -1, 0, 0, 0, 0, 0, 0, 0, 0, 0, 0], [0, 0, 0, 0, 0, 0, 0, 0, 0, 0, 0, 0, 0, 0, 1, 0, 0, 0, 0, 0, 0, 0], [0, 0, 0, 0, 0, 0, 0, 0, 0, 0, 0, 0, 0, 0, 0, 1, 0, 0, 0, 0, 0, 0], [0, 0, 0, 0, 0, 0, 0, 0, 0, 0, 0, 0, 0, 0, 0, 0, 1, 0, 0, 0, 0, 0], [0, 0, 0, 0, 0, 0, 0, 0, 0, 0, 0, 0, 0, 0, 0, 0, 0, 1, 0, 0, 0, 0], [0, 0, 0, 0, 0, 0, 0, 0, 0, 0, 0, 0, 0, 0, 0, 0, 0, 0, 1, 0, 0, 0], [0, 0, 0, 0, 0, 0, 0, 0, 0, 0, 0, 0, 0, 0, 0, 0, 0, 0, 0, 1, 0, 0], [0, 0, 0, 0, 0, 0, 0, 0, 0, 0, 0, 0, 0, 0, 0, 0, 0, 0, 0, 0, 1, 0], [0, 0, 0, 0, 0, 0, 0, 0, 0, 0, 0, 0, 0, 0, 0, 0, 0, 0, 0, 0, 0, 1]]
[[1, 0, 0, 0, 0, 0, 0, 0, 0, 0, 0, 0, 0, 0, 0, 0, 0, 0, 0, 0, 0, 0], [0, 1, 0, 0, 0, 0, 0, 0, 0, 0, 0, 0, 0, 0, 0, 0, 0, 0, 0, 0, 0, 0], [0, 0, 1, 0, 0, 0, 0, 0, 0, 0, 0, 0, 0, 0, 0, 0, 0, 0, 0, 0, 0, 0], [0, 0, 0, 1, 0, 0, 0, 0, 0, 0, 0, 0, 0, 0, 0, 0, 0, 0, 0, 0, 0, 0], [0, 0, 0, 0, 1, 0, 0, 0, 0, 0, 0, 0, 0, 0, 0, 0, 0, 0, 0, 0, 0, 0], [0, 0, 0, 0, 0, 1, 0, 0, 0, 0, 0, 0, 0, 0, 0, 0, 0, 0, 0, 0, 0, 0], [0, 0, 0, 0, 0, 0, 1, 0, 0, 0, 0, 0, 0, 0, 0, 0, 0, 0, 0, 0, 0, 0], [0, 0, 0, 0, 0, 0, 0, 1, 0, 0, 0, 0, 0, 0, 0, 0, 0, 0, 0, 0, 0, 0], [0, 0, 0, 0, 0, 0, 0, 0, 1, 0, 0, 0, 0, 0, 0, 0, 0, 0, 0, 0, 0, 0], [0, 0, 0, 0, 0, 0, 0, 0, 0, 1, 0, 0, 0, 0, 0, 0, 0, 0, 0, 0, 0, 0], [0, 0, 0, 0, 0, 0, 0, 0, 0, 0, 1, 0, 0, 0, 0, 0, 0, 0, 0, 0, 0, 0], [0, 0, 0, 0, 0, 0, 0, 0, 0, 0, 0, 1, 0, 0, 0, 0, 0, 0, 0, 0, 0, 0], [0, 0, 0, 0, 0, 0, 0, 0, 0, 0, 0, 0, 1, 0, 0, 0, 0, 0, 0, 0, 0, 0], [0, 0, 0, 0, 0, 0, 0, 0, 0, 0, 0, 0, 0, 1, 0, 0, 0, 0, 0, 0, 0, 0], [0, 0, 0, 0, 0, 0, 0, 0, 0, 0, 0, 0, 0, 0, 1, 0, 0, 0, 0, 0, 0, 0], [0, 0, 0, 0, 0, 0, 0, 0, 0, 0, 0, 0, 0, 0, 0, 1, 0, 0, 0, 0, 0, 0], [0, 0, 0, 0, 0, 0, 0, 0, 0, 0, 0, 0, 0, 0, 0, 0, 1, 0, 0, 0, 0, 0], [0, 0, 0, 0, 0, 0, 0, 0, 0, 0, 0, 0, 0, 0, 0, 0, 0, 1, 0, 0, 0, 0], [0, 0, 0, 0, 0, 0, 0, 0, 0, 0, 0, 0, 0, 0, 0, 0, 0, 0, 1, 0, 0, 0], [0, 0, 0, 0, 0, 0, 0, 0, 0, 0, 0, 0, 0, 0, 0, 0, 0, 0, 0, 1, 0, 0], [0, 0, 0, 0, 0, 0, 0, 0, 0, 0, 0, 0, 0, 0, 0, 0, 0, 0, 0, 0, 1, 0], [0, 0, 0, 0, 0, 0, 0, 0, 0, 0, 0, 0, 0, 0, 0, 0, 0, 0, 0, 0, 0, 1]]
[[1, 0, 0, 0, 0, 0, 0, 0, 0, 0, 0, 0, 0, 0, 0, 0, 0, 0, 0, 0, 0, 0], [0, 1, 0, 0, 0, 0, 0, 0, 0, 0, 0, 0, 0, 0, 0, 0, 0, 0, 0, 0, 0, 0], [0, 0, 1, 0, 0, 0, 0, 0, 0, 0, 0, 0, 0, 0, 0, 0, 0, 0, 0, 0, 0, 0], [0, 0, 0, 1, 0, 0, 0, 0, 0, 0, 0, 0, 0, 0, 0, 0, 0, 0, 0, 0, 0, 0], [0, 0, 0, 0, 1, 0, 0, 0, 0, 0, 0, 0, 0, 0, 0, 0, 0, 0, 0, 0, 0, 0], [0, 0, 0, 0, 0, 1, 0, 0, 0, 0, 0, 0, 0, 0, 0, 0, 0, 0, 0, 0, 0, 0], [0, 0, 0, 0, 0, 0, 1, 0, 0, 0, 0, 0, 0, 0, 0, 0, 0, 0, 0, 0, 0, 0], [0, 0, 0, 0, 0, 0, 0, 1, 0, 0, 0, 0, 0, 0, 0, 0, 0, 0, 0, 0, 0, 0], [0, 0, 0, 0, 0, 0, 0, 0, 1, 0, 0, 0, 0, 0, 0, 0, 0, 0, 0, 0, 0, 0], [0, 0, 0, 0, 0, 0, 0, 0, 0, 1, 0, 0, 0, 0, 0, 0, 0, 0, 0, 0, 0, 0], [0, 0, 0, 0, 0, 0, 0, 0, 0, 0, 1, 0, 0, 0, 0, 0, 0, 0, 0, 0, 0, 0], [0, 0, 0, 0, 0, 0, 0, 0, 0, 0, 0, 1, 0, 0, 0, 0, 0, 0, 0, 0, 0, 0], [0, 0, 0, 0, 0, 0, 0, 0, 0, 0, 0, 0, 1, 0, 0, 0, 0, 0, 0, 0, 0, 0], [0, 0, 0, 0, 0, 0, 0, 0, 0, 0, 0, 0, 0, 1, 0, 0, 0, 0, 0, 0, 0, 0], [0, 0, 0, 0, 0, 0, 0, 0, 0, 0, 0, 0, 0, 0, 1, 0, 0, 0, 0, 0, 0, 0], [0, 0, 0, 0, 0, 0, 0, 0, 0, 0, 0, 0, 0, 0, 0, 1, 0, 0, 0, 0, 0, 0], [0, 0, 0, 0, 0, 0, 0, 0, 0, 0, 0, 0, 0, 0, 0, 0, 1, 0, 0, 0, 0, 0], [0, 0, 0, 0, 0, 0, 0, 0, 0, 0, 0, 0, 0, 0, 0, 0, 0, 1, 0, 0, 0, 0], [0, 0, 0, 0, 0, 0, 0, 0, 0, 0, 0, 0, 0, 0, 0, 0, 0, 0, 1, 0, 0, 0], [0, 0, 0, 0, 0, 0, 0, 0, 0, 0, 0, 0, 0, 0, 0, 0, 0, 0, 0, 1, 0, 0], [0, 0, 0, 0, 0, 0, 0, 0, 0, 0, 0, 0, 0, 0, 0, 0, 0, 0, 0, 0, 1, 0], [0, 0, 0, 0, 0, 0, 0, 0, 0, 0, 0, 0, 0, 0, 0, 0, 0, 0, 0, 0, 0, 1]]
[[1, 0, 1, 0, 0, 0, 1, 0, 0, 0, 1, 0, -2, 2, 0, 2, 2, 0, 0, 0, 0, 0], [-1, -2, -2, 2, 0, -2, -1, -1, -1, 0, -2, 0, 2, -3, -2, -3, -3, 0, 0, 0, -3, -1], [1, 2, 3, -1, 0, 1, 2, 1, 1, 0, 2, 0, -3, 4, 1, 4, 4, 0, 0, 0, 2, 1], [1, 2, 0, 0, 0, 1, 0, 1, 1, 0, 0, 0, 1, 0, 1, 0, 0, 0, 0, 0, 2, 1], [0, 0, -1, 0, 1, 0, -1, 0, 0, 0, 0, 0, 1, -1, 0, -1, -1, 0, 0, 0, 0, 0], [1, 1, -1, 0, 0, 1, 0, 1, 1, 0, 0, 0, 1, 0, 0, 0, 0, 0, 0, 0, 1, 1], [-1, -1, -2, 2, 0, -1, -1, 0, 0, 0, -3, 0, 3, -3, -1, -2, -5, 0, 1, 0, -2, -1], [0, 1, 2, -1, 0, 1, 1, 1, 0, 0, 2, 0, -3, 3, 1, 3, 3, 0, 0, 0, 1, 0], [0, 0, 0, -2, 0, 1, -1, -1, -1, -1, 2, 0, -1, 1, 2, -1, 1, 0, -1, 0, 1, 1], [0, -1, -2, 1, 0, -1, -1, 0, 0, 1, -1, 0, 2, -2, -1, -2, -2, 0, 0, 0, -1, 0], [0, 1, 2, 1, 0, 0, 2, 1, 1, 0, -2, 0, 0, 1, 0, 2, -1, 0, 1, 0, 0, 0], [-1, -2, -1, 1, 0, -1, -1, -1, -1, 0, -1, 1, 1, -2, -1, -2, -2, 0, 0, 0, -2, -1], [1, 2, 4, -1, 0, 1, 4, 1, 1, 0, 1, 0, -3, 5, 1, 5, 5, 0, 0, 0, 2, 1], [1, 2, 3, -3, 0, 2, 2, 0, 0, 0, 4, 0, -4, 5, 2, 3, 6, 0, -1, 0, 3, 1], [0, -1, -2, 1, 0, -1, -1, 0, 0, 0, -1, 0, 2, -2, 0, -2, -2, 0, 0, 0, -1, 0], [0, -1, 0, 1, 0, -1, 1, 0, 0, 0, -2, 0, 1, -1, -1, 0, -1, 0, 0, 0, -1, 0], [0, 0, -1, 0, 0, 0, -1, 0, 0, 0, 0, 0, 1, -1, 0, -1, 0, 0, 0, 0, 0, 0], [0, 0, 1, 0, 0, 0, 1, 0, 0, 0, 0, 0, -1, 1, 0, 1, 1, 1, 0, 0, 0, 0], [-1, -1, -2, 2, 0, -1, -2, 0, 1, 1, -3, 0, 4, -5, -2, -3, -5, 0, 2, 0, -2, -2], [0, 0, 2, 0, 0, 0, 2, 0, 0, 0, 0, 0, -2, 2, 0, 2, 2, 0, 0, 1, 0, 0], [0, 1, 1, -1, 0, 1, 0, 0, 0, 0, 1, 0, -1, 1, 1, 1, 1, 0, 0, 0, 2, 0], [-1, -1, -2, 2, 0, -1, -2, 0, 1, 1, -3, 0, 4, -5, -2, -3, -5, 0, 1, 0, -2, -1]]
[[1, 0, 0, 0, 0, 0, 0, 0, 0, 0, 0, 0, 0, 0, 0, 0, 0, 0, 0, 0, 0, 0], [0, 0, 0, 0, -1, 0, 0, 0, 0, 0, 0, 0, -1, 0, 0, 0, -1, 1, 0, 0, -1, 0], [0, 0, 1, 0, 0, 0, 0, 0, 0, 0, 0, 0, 0, 0, 0, 0, 0, 0, 0, 0, 0, 0], [0, 0, 0, 1, 0, 0, 0, 0, 0, 0, 0, 0, 0, 0, 0, 0, 0, 0, 0, 0, 0, 0], [0, 0, 0, 0, 1, 0, 0, 0, 0, 0, 0, 0, 0, 0, 0, 0, 0, 0, 0, 0, 0, 0], [0, 0, 0, 0, 0, 1, 0, 0, 0, 0, 0, 0, 0, 0, 0, 0, 0, 0, 0, 0, 0, 0], [0, 0, 0, 0, 0, 0, 1, 0, 0, 0, 0, 0, 0, 0, 0, 0, 0, 0, 0, 0, 0, 0], [0, 0, 0, 0, 0, 0, 0, 1, 0, 0, 0, 0, 0, 0, 0, 0, 0, 0, 0, 0, 0, 0], [0, 1, 0, 0, 1, 0, 0, 0, 1, 0, 0, 0, 1, 0, 0, 0, 1, -1, 0, 0, 1, 0], [0, 0, 0, 0, 0, 0, 0, 0, 0, 1, 0, 0, 0, 0, 0, 0, 0, 0, 0, 0, 0, 0], [0, 0, 0, 0, 0, 0, 0, 0, 0, 0, 1, 0, 0, 0, 0, 0, 0, 0, 0, 0, 0, 0], [0, 0, 0, 0, 0, 0, 0, 0, 0, 0, 0, 1, 0, 0, 0, 0, 0, 0, 0, 0, 0, 0], [0, -1, 0, 0, -1, 0, 0, 0, 0, 0, 0, 0, 0, 0, 0, 0, -1, 1, 0, 0, -1, 0], [0, 0, 0, 0, 0, 0, 0, 0, 0, 0, 0, 0, 0, 1, 0, 0, 0, 0, 0, 0, 0, 0], [0, 0, 0, 0, 0, 0, 0, 0, 0, 0, 0, 0, 0, 0, 1, 0, 0, 0, 0, 0, 0, 0], [0, 0, 0, 0, 0, 0, 0, 0, 0, 0, 0, 0, 0, 0, 0, 1, 0, 0, 0, 0, 0, 0], [0, -1, 0, 0, -1, 0, 0, 0, 0, 0, 0, 0, -1, 0, 0, 0, 0, 1, 0, 0, -1, 0], [0, 0, 0, 0, 0, 0, 0, 0, 0, 0, 0, 0, 0, 0, 0, 0, 0, 1, 0, 0, 0, 0], [0, -1, 0, 0, -1, 0, 0, 0, 0, 0, 0, 0, -1, 0, 0, 0, -1, 1, 1, 0, -1, 0], [0, 0, 0, 0, 0, 0, 0, 0, 0, 0, 0, 0, 0, 0, 0, 0, 0, 0, 0, 1, 0, 0], [0, 1, 0, 0, 1, 0, 0, 0, 0, 0, 0, 0, 1, 0, 0, 0, 1, -1, 0, 0, 2, 0], [0, 0, 0, 0, 0, 0, 0, 0, 0, 0, 0, 0, 0, 0, 0, 0, 0, 0, 0, 0, 0, 1]]
[[1, 0, 0, 0, 0, 0, 0, 0, 0, 0, 0, 0, 0, 0, 0, 0, 0, 0, 0, 0, 0, 0], [0, 1, 0, 0, 0, 0, 0, 0, 0, 0, 0, 0, 0, 0, 0, 0, 0, 0, 0, 0, 0, 0], [0, 0, 1, 0, 0, 0, 0, 0, 0, 0, 0, 0, 0, 0, 0, 0, 0, 0, 0, 0, 0, 0], [0, 0, 0, 1, 0, 0, 0, 0, 0, 0, 0, 0, 0, 0, 0, 0, 0, 0, 0, 0, 0, 0], [0, 0, 0, 0, 1, 0, 0, 0, 0, 0, 0, 0, 0, 0, 0, 0, 0, 0, 0, 0, 0, 0], [0, 0, 0, 0, 0, 1, 0, 0, 0, 0, 0, 0, 0, 0, 0, 0, 0, 0, 0, 0, 0, 0], [0, 0, 0, 0, 0, 0, 1, 0, 0, 0, 0, 0, 0, 0, 0, 0, 0, 0, 0, 0, 0, 0], [0, 0, 0, 0, 0, 0, 0, 1, 0, 0, 0, 0, 0, 0, 0, 0, 0, 0, 0, 0, 0, 0], [0, 0, 0, 0, 0, 0, 0, 0, 1, 0, 0, 0, 0, 0, 0, 0, 0, 0, 0, 0, 0, 0], [0, 0, 0, 0, 0, 0, 0, 0, 0, 1, 0, 0, 0, 0, 0, 0, 0, 0, 0, 0, 0, 0], [0, 0, 0, 0, 0, 0, 0, 0, 0, 0, 1, 0, 0, 0, 0, 0, 0, 0, 0, 0, 0, 0], [0, 0, 0, 0, 0, 0, 0, 0, 0, 0, 0, 1, 0, 0, 0, 0, 0, 0, 0, 0, 0, 0], [0, 0, 0, 0, 0, 0, 0, 0, 0, 0, 0, 0, 1, 0, 0, 0, 0, 0, 0, 0, 0, 0], [0, 0, 0, 0, 0, 0, 0, 0, 0, 0, 0, 0, 0, 1, 0, 0, 0, 0, 0, 0, 0, 0], [0, 0, 0, 0, 0, 0, 0, 0, 0, 0, 0, 0, 0, 0, 1, 0, 0, 0, 0, 0, 0, 0], [0, 0, 0, 0, 0, 0, 0, 0, 0, 0, 0, 0, 0, 0, 0, 1, 0, 0, 0, 0, 0, 0], [0, 0, 0, 0, 0, 0, 0, 0, 0, 0, 0, 0, 0, 0, 0, 0, 1, 0, 0, 0, 0, 0], [0, 0, 0, 0, 0, 0, 0, 0, 0, 0, 0, 0, 0, 0, 0, 0, 0, 1, 0, 0, 0, 0], [0, 0, 0, 0, 0, 0, 0, 0, 0, 0, 0, 0, 0, 0, 0, 0, 0, 0, 1, 0, 0, 0], [0, 0, 0, 0, 0, 0, 0, 0, 0, 0, 0, 0, 0, 0, 0, 0, 0, 0, 0, 1, 0, 0], [0, 0, 0, 0, 0, 0, 0, 0, 0, 0, 0, 0, 0, 0, 0, 0, 0, 0, 0, 0, 1, 0], [0, 0, 0, 0, 0, 0, 0, 0, 0, 0, 0, 0, 0, 0, 0, 0, 0, 0, 0, 0, 0, 1]]
[[1, 0, 0, 0, 0, 0, 0, 0, 0, 0, 0, 0, 0, 0, 0, 0, 0, 0, 0, 0, 0, 0], [0, 1, 0, 0, 0, 0, 0, 0, 0, 0, 0, 0, 0, 0, 0, 0, 0, 0, 0, 0, 0, 0], [0, 0, 1, 0, 0, 0, 0, 0, 0, 0, 0, 0, 0, 0, 0, 0, 0, 0, 0, 0, 0, 0], [0, 0, 0, 1, 0, 0, 0, 0, 0, 0, 0, 0, 0, 0, 0, 0, 0, 0, 0, 0, 0, 0], [0, 0, 0, 0, 1, 0, 0, 0, 0, 0, 0, 0, 0, 0, 0, 0, 0, 0, 0, 0, 0, 0], [0, 0, 0, 0, 0, 1, 0, 0, 0, 0, 0, 0, 0, 0, 0, 0, 0, 0, 0, 0, 0, 0], [0, 0, 0, 0, 0, 0, 1, 0, 0, 0, 0, 0, 0, 0, 0, 0, 0, 0, 0, 0, 0, 0], [0, 0, 0, 0, 0, 0, 0, 1, 0, 0, 0, 0, 0, 0, 0, 0, 0, 0, 0, 0, 0, 0], [0, 0, 0, 0, 0, 0, 0, 0, 1, 0, 0, 0, 0, 0, 0, 0, 0, 0, 0, 0, 0, 0], [0, 0, 0, 0, 0, 0, 0, 0, 0, 1, 0, 0, 0, 0, 0, 0, 0, 0, 0, 0, 0, 0], [0, 0, 0, 0, 0, 0, 0, 0, 0, 0, 1, 0, 0, 0, 0, 0, 0, 0, 0, 0, 0, 0], [0, 0, 0, 0, 0, 0, 0, 0, 0, 0, 0, 1, 0, 0, 0, 0, 0, 0, 0, 0, 0, 0], [0, 0, 0, 0, 0, 0, 0, 0, 0, 0, 0, 0, 1, 0, 0, 0, 0, 0, 0, 0, 0, 0], [0, 0, 0, 0, 0, 0, 0, 0, 0, 0, 0, 0, 0, 1, 0, 0, 0, 0, 0, 0, 0, 0], [0, 0, 0, 0, 0, 0, 0, 0, 0, 0, 0, 0, 0, 0, 1, 0, 0, 0, 0, 0, 0, 0], [0, 0, 0, 0, 0, 0, 0, 0, 0, 0, 0, 0, 0, 0, 0, 1, 0, 0, 0, 0, 0, 0], [0, 0, 0, 0, 0, 0, 0, 0, 0, 0, 0, 0, 0, 0, 0, 0, 1, 0, 0, 0, 0, 0], [0, 0, 0, 0, 0, 0, 0, 0, 0, 0, 0, 0, 0, 0, 0, 0, 0, 1, 0, 0, 0, 0], [0, 0, 0, 0, 0, 0, 0, 0, 0, 0, 0, 0, 0, 0, 0, 0, 0, 0, 1, 0, 0, 0], [0, 0, 0, 0, 0, 0, 0, 0, 0, 0, 0, 0, 0, 0, 0, 0, 0, 0, 0, 1, 0, 0], [0, 0, 0, 0, 0, 0, 0, 0, 0, 0, 0, 0, 0, 0, 0, 0, 0, 0, 0, 0, 1, 0], [0, 0, 0, 0, 0, 0, 0, 0, 0, 0, 0, 0, 0, 0, 0, 0, 0, 0, 0, 0, 0, 1]]
[[1, 0, 0, 0, 0, 0, 0, 0, 0, 0, 0, 0, 0, 0, 0, 0, 0, 0, 0, 0, 0, 0], [0, 1, 0, 0, 0, 0, 0, 0, 0, 0, 0, 0, 0, 0, 0, 0, 0, 0, 0, 0, 0, 0], [0, 0, 1, 0, 0, 0, 0, 0, 0, 0, 0, 0, 0, 0, 0, 0, 0, 0, 0, 0, 0, 0], [0, 0, 0, 1, 0, 0, 0, 0, 0, 0, 0, 0, 0, 0, 0, 0, 0, 0, 0, 0, 0, 0], [0, 0, 0, 0, 1, 0, 0, 0, 0, 0, 0, 0, 0, 0, 0, 0, 0, 0, 0, 0, 0, 0], [0, 0, 0, 0, 0, 1, 0, 0, 0, 0, 0, 0, 0, 0, 0, 0, 0, 0, 0, 0, 0, 0], [0, 0, 0, 0, 0, 0, 1, 0, 0, 0, 0, 0, 0, 0, 0, 0, 0, 0, 0, 0, 0, 0], [0, 0, 0, 0, 0, 0, 0, 1, 0, 0, 0, 0, 0, 0, 0, 0, 0, 0, 0, 0, 0, 0], [0, 0, 0, 0, 0, 0, 0, 0, 1, 0, 0, 0, 0, 0, 0, 0, 0, 0, 0, 0, 0, 0], [0, 0, 0, 0, 0, 0, 0, 0, 0, 1, 0, 0, 0, 0, 0, 0, 0, 0, 0, 0, 0, 0], [0, 0, 0, 0, 0, 0, 0, 0, 0, 0, 1, 0, 0, 0, 0, 0, 0, 0, 0, 0, 0, 0], [0, 0, 0, 0, 0, 0, 0, 0, 0, 0, 0, 1, 0, 0, 0, 0, 0, 0, 0, 0, 0, 0], [0, 0, 0, 0, 0, 0, 0, 0, 0, 0, 0, 0, 1, 0, 0, 0, 0, 0, 0, 0, 0, 0], [0, 0, 0, 0, 0, 0, 0, 0, 0, 0, 0, 0, 0, 1, 0, 0, 0, 0, 0, 0, 0, 0], [0, 0, 0, 0, 0, 0, 0, 0, 0, 0, 0, 0, 0, 0, 1, 0, 0, 0, 0, 0, 0, 0], [0, 0, 0, 0, 0, 0, 0, 0, 0, 0, 0, 0, 0, 0, 0, 1, 0, 0, 0, 0, 0, 0], [0, 0, 0, 0, 0, 0, 0, 0, 0, 0, 0, 0, 0, 0, 0, 0, 1, 0, 0, 0, 0, 0], [0, 0, 0, 0, 0, 0, 0, 0, 0, 0, 0, 0, 0, 0, 0, 0, 0, 1, 0, 0, 0, 0], [0, 0, 0, 0, 0, 0, 0, 0, 0, 0, 0, 0, 0, 0, 0, 0, 0, 0, 1, 0, 0, 0], [0, 0, 0, 0, 0, 0, 0, 0, 0, 0, 0, 0, 0, 0, 0, 0, 0, 0, 0, 1, 0, 0], [0, 0, 0, 0, 0, 0, 0, 0, 0, 0, 0, 0, 0, 0, 0, 0, 0, 0, 0, 0, 1, 0], [0, 0, 0, 0, 0, 0, 0, 0, 0, 0, 0, 0, 0, 0, 0, 0, 0, 0, 0, 0, 0, 1]]
[[-1, 0, 0, 0, -1, -1, -1, 1, 0, 1, 0, -1, -1, 0, 0, 0, -1, 0, 1, 0, -1, -1], [1, 1, 1, 1, 0, 1, 1, 1, 1, 0, -1, 1, 1, 0, 0, 0, 0, 0, 0, 0, 0, 1], [-2, 1, -2, -2, 0, -2, -3, -1, -2, 0, 2, -3, -1, 0, 0, -1, -1, 0, 0, -2, 1, -1], [-1, -1, 0, -1, -1, -1, 0, -1, -1, 0, 0, -2, -1, -1, -1, 0, 0, -1, 0, 0, -1, -1], [3, 2, 1, 2, 2, 3, 1, 2, 3, 0, 0, 3, 2, 1, 1, 1, 1, 1, 0, 0, 2, 2], [0, 0, 0, 0, 0, 1, 0, 0, 0, 0, 0, 0, 0, 0, 0, 0, 0, 0, 0, 0, 0, 0], [3, 2, 1, 2, 1, 3, 2, 2, 3, 0, 0, 3, 2, 1, 1, 1, 1, 1, 0, 0, 2, 2], [2, 2, -1, 1, 1, 2, -1, 2, 2, 0, 2, 2, 1, 1, 1, 0, 1, 2, 0, -1, 2, 1], [0, -2, 1, 1, 1, -1, 2, -2, -1, -1, -2, 1, 0, 0, 0, 0, 0, -1, -1, 2, -1, 0], [-1, -2, 1, -1, -1, -1, 1, -1, -1, 1, -1, -1, -1, -1, -1, 0, 0, -1, 0, 1, -2, -1], [-1, 1, -2, -1, 0, -1, -2, 0, -1, 0, 2, -2, 0, 0, 0, -1, -1, 0, 0, -2, 1, 0], [2, 0, 1, 1, 0, 2, 1, 1, 2, 0, 0, 3, 1, 0, 0, 0, 1, 1, 0, 0, 0, 1], [-6, -1, -4, -4, -1, -6, -4, -3, -6, 0, 1, -7, -2, -1, -1, -2, -3, -2, 0, -2, -1, -3], [-2, 0, -1, -1, 0, -2, -1, -1, -2, 0, 0, -2, -1, 1, 0, 0, -1, -1, 0, 0, 0, -1], [-1, -2, 1, -1, -1, -1, 1, -1, -1, 0, -1, -1, -1, -1, 0, 0, 0, -1, 0, 1, -2, -1], [-2, -2, -1, -1, -1, -2, -1, -1, -2, 0, 0, -2, -1, -1, -1, -1, -1, 0, 0, -1, -2, -1], [0, 0, 1, 0, 0, 0, 1, 0, 0, 0, -1, 0, 0, 0, 0, 1, 1, -1, 0, 1, 0, 0], [-1, 1, -1, -1, 0, -1, -1, 0, -1, 0, 0, -2, 0, 0, 0, 0, -1, 0, 0, -1, 1, 0], [3, 3, 1, 1, 1, 3, 1, 2, 3, 0, 0, 2, 2, 1, 1, 2, 1, 0, 1, 0, 3, 2], [-1, 1, -2, -1, 0, -1, -2, 0, -1, 0, 1, -2, 0, 0, 0, -1, -1, 0, 0, -1, 1, 0], [1, 0, 0, 0, 0, 1, 0, 0, 1, 0, 1, 1, 0, 0, 0, 0, 1, 1, 0, 0, 1, 0], [1, 0, 1, 0, 0, 1, 1, 0, 1, 0, 0, 1, 0, 0, 0, 1, 1, 0, 0, 1, 0, 1]]
[[1, 0, 0, 0, 0, 0, 0, 0, 0, 0, 0, 0, 0, 0, 0, 0, 0, 0, 0, 0, 0, 0], [0, 1, 0, 0, 0, 0, 0, 0, 0, 0, 0, 0, 0, 0, 0, 0, 0, 0, 0, 0, 0, 0], [0, 0, 1, 0, 0, 0, 0, 0, 0, 0, 0, 0, 0, 0, 0, 0, 0, 0, 0, 0, 0, 0], [0, 0, 0, 1, 0, 0, 0, 0, 0, 0, 0, 0, 0, 0, 0, 0, 0, 0, 0, 0, 0, 0], [0, 0, 0, 0, 1, 0, 0, 0, 0, 0, 0, 0, 0, 0, 0, 0, 0, 0, 0, 0, 0, 0], [0, 0, 0, 0, 0, 1, 0, 0, 0, 0, 0, 0, 0, 0, 0, 0, 0, 0, 0, 0, 0, 0], [0, 0, 0, 0, 0, 0, 1, 0, 0, 0, 0, 0, 0, 0, 0, 0, 0, 0, 0, 0, 0, 0], [0, 0, 0, 0, 0, 0, 0, 1, 0, 0, 0, 0, 0, 0, 0, 0, 0, 0, 0, 0, 0, 0], [0, 0, 0, 0, 0, 0, 0, 0, 1, 0, 0, 0, 0, 0, 0, 0, 0, 0, 0, 0, 0, 0], [0, 0, 0, 0, 0, 0, 0, 0, 0, 1, 0, 0, 0, 0, 0, 0, 0, 0, 0, 0, 0, 0], [0, 0, 0, 0, 0, 0, 0, 0, 0, 0, 1, 0, 0, 0, 0, 0, 0, 0, 0, 0, 0, 0], [0, 0, 0, 0, 0, 0, 0, 0, 0, 0, 0, 1, 0, 0, 0, 0, 0, 0, 0, 0, 0, 0], [0, 0, 0, 0, 0, 0, 0, 0, 0, 0, 0, 0, 1, 0, 0, 0, 0, 0, 0, 0, 0, 0], [0, 0, 0, 0, 0, 0, 0, 0, 0, 0, 0, 0, 0, 1, 0, 0, 0, 0, 0, 0, 0, 0], [0, 0, 0, 0, 0, 0, 0, 0, 0, 0, 0, 0, 0, 0, 1, 0, 0, 0, 0, 0, 0, 0], [0, 0, 0, 0, 0, 0, 0, 0, 0, 0, 0, 0, 0, 0, 0, 1, 0, 0, 0, 0, 0, 0], [0, 0, 0, 0, 0, 0, 0, 0, 0, 0, 0, 0, 0, 0, 0, 0, 1, 0, 0, 0, 0, 0], [0, 0, 0, 0, 0, 0, 0, 0, 0, 0, 0, 0, 0, 0, 0, 0, 0, 1, 0, 0, 0, 0], [0, 0, 0, 0, 0, 0, 0, 0, 0, 0, 0, 0, 0, 0, 0, 0, 0, 0, 1, 0, 0, 0], [0, 0, 0, 0, 0, 0, 0, 0, 0, 0, 0, 0, 0, 0, 0, 0, 0, 0, 0, 1, 0, 0], [0, 0, 0, 0, 0, 0, 0, 0, 0, 0, 0, 0, 0, 0, 0, 0, 0, 0, 0, 0, 1, 0], [0, 0, 0, 0, 0, 0, 0, 0, 0, 0, 0, 0, 0, 0, 0, 0, 0, 0, 0, 0, 0, 1]]
[[1, 0, 0, 0, 0, 0, 0, 0, 0, 0, 0, 0, 0, 0, 0, 0, 0, 0, 0, 0, 0, 0], [0, 1, 0, 0, 0, 0, 0, 0, 0, 0, 0, 0, 0, 0, 0, 0, 0, 0, 0, 0, 0, 0], [0, 0, 1, 0, 0, 0, 0, 0, 0, 0, 0, 0, 0, 0, 0, 0, 0, 0, 0, 0, 0, 0], [0, 0, 0, 1, 0, 0, 0, 0, 0, 0, 0, 0, 0, 0, 0, 0, 0, 0, 0, 0, 0, 0], [0, 0, 0, 0, 1, 0, 0, 0, 0, 0, 0, 0, 0, 0, 0, 0, 0, 0, 0, 0, 0, 0], [0, 0, 0, 0, 0, 1, 0, 0, 0, 0, 0, 0, 0, 0, 0, 0, 0, 0, 0, 0, 0, 0], [0, 0, 0, 0, 0, 0, 1, 0, 0, 0, 0, 0, 0, 0, 0, 0, 0, 0, 0, 0, 0, 0], [0, 0, 0, 0, 0, 0, 0, 1, 0, 0, 0, 0, 0, 0, 0, 0, 0, 0, 0, 0, 0, 0], [0, 0, 0, 0, 0, 0, 0, 0, 1, 0, 0, 0, 0, 0, 0, 0, 0, 0, 0, 0, 0, 0], [0, 0, 0, 0, 0, 0, 0, 0, 0, 1, 0, 0, 0, 0, 0, 0, 0, 0, 0, 0, 0, 0], [0, 0, 0, 0, 0, 0, 0, 0, 0, 0, 1, 0, 0, 0, 0, 0, 0, 0, 0, 0, 0, 0], [0, 0, 0, 0, 0, 0, 0, 0, 0, 0, 0, 1, 0, 0, 0, 0, 0, 0, 0, 0, 0, 0], [0, 0, 0, 0, 0, 0, 0, 0, 0, 0, 0, 0, 1, 0, 0, 0, 0, 0, 0, 0, 0, 0], [0, 0, 0, 0, 0, 0, 0, 0, 0, 0, 0, 0, 0, 1, 0, 0, 0, 0, 0, 0, 0, 0], [0, 0, 0, 0, 0, 0, 0, 0, 0, 0, 0, 0, 0, 0, 1, 0, 0, 0, 0, 0, 0, 0], [0, 0, 0, 0, 0, 0, 0, 0, 0, 0, 0, 0, 0, 0, 0, 1, 0, 0, 0, 0, 0, 0], [0, 0, 0, 0, 0, 0, 0, 0, 0, 0, 0, 0, 0, 0, 0, 0, 1, 0, 0, 0, 0, 0], [0, 0, 0, 0, 0, 0, 0, 0, 0, 0, 0, 0, 0, 0, 0, 0, 0, 1, 0, 0, 0, 0], [0, 0, 0, 0, 0, 0, 0, 0, 0, 0, 0, 0, 0, 0, 0, 0, 0, 0, 1, 0, 0, 0], [0, 0, 0, 0, 0, 0, 0, 0, 0, 0, 0, 0, 0, 0, 0, 0, 0, 0, 0, 1, 0, 0], [0, 0, 0, 0, 0, 0, 0, 0, 0, 0, 0, 0, 0, 0, 0, 0, 0, 0, 0, 0, 1, 0], [0, 0, 0, 0, 0, 0, 0, 0, 0, 0, 0, 0, 0, 0, 0, 0, 0, 0, 0, 0, 0, 1]]
[[1, 0, 0, 0, 0, 0, 0, 0, 0, 0, 0, 0, 0, 0, 0, 0, 0, 0, 0, 0, 0, 0], [0, 1, 0, 0, 0, 0, 0, 0, 0, 0, 0, 0, 0, 0, 0, 0, 0, 0, 0, 0, 0, 0], [0, 0, 1, 0, 0, 0, 0, 0, 0, 0, 0, 0, 0, 0, 0, 0, 0, 0, 0, 0, 0, 0], [0, 0, 0, 1, 0, 0, 0, 0, 0, 0, 0, 0, 0, 0, 0, 0, 0, 0, 0, 0, 0, 0], [0, 0, 0, 0, 1, 0, 0, 0, 0, 0, 0, 0, 0, 0, 0, 0, 0, 0, 0, 0, 0, 0], [0, 0, 0, 0, 0, 1, 0, 0, 0, 0, 0, 0, 0, 0, 0, 0, 0, 0, 0, 0, 0, 0], [0, 0, 0, 0, 0, 0, 1, 0, 0, 0, 0, 0, 0, 0, 0, 0, 0, 0, 0, 0, 0, 0], [0, 0, 0, 0, 0, 0, 0, 1, 0, 0, 0, 0, 0, 0, 0, 0, 0, 0, 0, 0, 0, 0], [0, 0, 0, 0, 0, 0, 0, 0, 1, 0, 0, 0, 0, 0, 0, 0, 0, 0, 0, 0, 0, 0], [0, 0, 0, 0, 0, 0, 0, 0, 0, 1, 0, 0, 0, 0, 0, 0, 0, 0, 0, 0, 0, 0], [0, 0, 0, 0, 0, 0, 0, 0, 0, 0, 1, 0, 0, 0, 0, 0, 0, 0, 0, 0, 0, 0], [0, 0, 0, 0, 0, 0, 0, 0, 0, 0, 0, 1, 0, 0, 0, 0, 0, 0, 0, 0, 0, 0], [0, 0, 0, 0, 0, 0, 0, 0, 0, 0, 0, 0, 1, 0, 0, 0, 0, 0, 0, 0, 0, 0], [0, 0, 0, 0, 0, 0, 0, 0, 0, 0, 0, 0, 0, 1, 0, 0, 0, 0, 0, 0, 0, 0], [0, 0, 0, 0, 0, 0, 0, 0, 0, 0, 0, 0, 0, 0, 1, 0, 0, 0, 0, 0, 0, 0], [0, 0, 0, 0, 0, 0, 0, 0, 0, 0, 0, 0, 0, 0, 0, 1, 0, 0, 0, 0, 0, 0], [0, 0, 0, 0, 0, 0, 0, 0, 0, 0, 0, 0, 0, 0, 0, 0, 1, 0, 0, 0, 0, 0], [0, 0, 0, 0, 0, 0, 0, 0, 0, 0, 0, 0, 0, 0, 0, 0, 0, 1, 0, 0, 0, 0], [0, 0, 0, 0, 0, 0, 0, 0, 0, 0, 0, 0, 0, 0, 0, 0, 0, 0, 1, 0, 0, 0], [0, 0, 0, 0, 0, 0, 0, 0, 0, 0, 0, 0, 0, 0, 0, 0, 0, 0, 0, 1, 0, 0], [0, 0, 0, 0, 0, 0, 0, 0, 0, 0, 0, 0, 0, 0, 0, 0, 0, 0, 0, 0, 1, 0], [0, 0, 0, 0, 0, 0, 0, 0, 0, 0, 0, 0, 0, 0, 0, 0, 0, 0, 0, 0, 0, 1]]
[[1, 0, 0, 0, 0, 0, 0, 0, 0, 0, 0, 0, 0, 0, 0, 0, 0, 0, 0, 0, 0, 0], [0, 1, 0, 0, 0, 0, 0, 0, 0, 0, 0, 0, 0, 0, 0, 0, 0, 0, 0, 0, 0, 0], [0, 0, 1, 0, 0, 0, 0, 0, 0, 0, 0, 0, 0, 0, 0, 0, 0, 0, 0, 0, 0, 0], [0, 0, 0, 1, 0, 0, 0, 0, 0, 0, 0, 0, 0, 0, 0, 0, 0, 0, 0, 0, 0, 0], [0, 0, 0, 0, 1, 0, 0, 0, 0, 0, 0, 0, 0, 0, 0, 0, 0, 0, 0, 0, 0, 0], [0, 0, 0, 0, 0, 1, 0, 0, 0, 0, 0, 0, 0, 0, 0, 0, 0, 0, 0, 0, 0, 0], [0, 0, 0, 0, 0, 0, 1, 0, 0, 0, 0, 0, 0, 0, 0, 0, 0, 0, 0, 0, 0, 0], [0, 0, 0, 0, 0, 0, 0, 1, 0, 0, 0, 0, 0, 0, 0, 0, 0, 0, 0, 0, 0, 0], [0, 0, 0, 0, 0, 0, 0, 0, 1, 0, 0, 0, 0, 0, 0, 0, 0, 0, 0, 0, 0, 0], [0, 0, 0, 0, 0, 0, 0, 0, 0, 1, 0, 0, 0, 0, 0, 0, 0, 0, 0, 0, 0, 0], [0, 0, 0, 0, 0, 0, 0, 0, 0, 0, 1, 0, 0, 0, 0, 0, 0, 0, 0, 0, 0, 0], [0, 0, 0, 0, 0, 0, 0, 0, 0, 0, 0, 1, 0, 0, 0, 0, 0, 0, 0, 0, 0, 0], [0, 0, 0, 0, 0, 0, 0, 0, 0, 0, 0, 0, 1, 0, 0, 0, 0, 0, 0, 0, 0, 0], [0, 0, 0, 0, 0, 0, 0, 0, 0, 0, 0, 0, 0, 1, 0, 0, 0, 0, 0, 0, 0, 0], [0, 0, 0, 0, 0, 0, 0, 0, 0, 0, 0, 0, 0, 0, 1, 0, 0, 0, 0, 0, 0, 0], [0, 0, 0, 0, 0, 0, 0, 0, 0, 0, 0, 0, 0, 0, 0, 1, 0, 0, 0, 0, 0, 0], [0, 0, 0, 0, 0, 0, 0, 0, 0, 0, 0, 0, 0, 0, 0, 0, 1, 0, 0, 0, 0, 0], [0, 0, 0, 0, 0, 0, 0, 0, 0, 0, 0, 0, 0, 0, 0, 0, 0, 1, 0, 0, 0, 0], [0, 0, 0, 0, 0, 0, 0, 0, 0, 0, 0, 0, 0, 0, 0, 0, 0, 0, 1, 0, 0, 0], [0, 0, 0, 0, 0, 0, 0, 0, 0, 0, 0, 0, 0, 0, 0, 0, 0, 0, 0, 1, 0, 0], [0, 0, 0, 0, 0, 0, 0, 0, 0, 0, 0, 0, 0, 0, 0, 0, 0, 0, 0, 0, 1, 0], [0, 0, 0, 0, 0, 0, 0, 0, 0, 0, 0, 0, 0, 0, 0, 0, 0, 0, 0, 0, 0, 1]]
[[1, 0, 0, 0, 0, 0, 0, 0, 0, 0, 0, 0, 0, 0, 0, 0, 0, 0, 0, 0, 0, 0], [0, 2, 0, 0, 1, 0, -1, 0, 0, 0, 1, -1, 0, 0, 0, 0, 0, 0, 0, -1, 1, 0], [0, -2, 1, 0, -2, 0, 2, 0, 0, 0, -2, 2, 0, 0, 0, 0, 0, 0, 0, 2, -2, 0], [0, 0, 0, 1, 0, 0, 0, 0, 0, 0, 0, 0, 0, 0, 0, 0, 0, 0, 0, 0, 0, 0], [0, 0, 0, 0, 1, 0, 0, 0, 0, 0, 0, 0, 0, 0, 0, 0, 0, 0, 0, 0, 0, 0], [0, 0, 0, 1, 0, 0, 0, 0, 0, -1, -1, 0, 0, 0, 0, 0, -1, 0, 0, 0, -1, 0], [0, 1, 0, 0, 1, 0, 0, 0, 0, 0, 1, -1, 0, 0, 0, 0, 0, 0, 0, -1, 1, 0], [0, -1, 0, 0, -1, 0, 1, 1, 0, 0, -1, 1, 0, 0, 0, 0, 0, 0, 0, 1, -1, 0], [0, 1, 0, -1, 1, 1, -1, 0, 1, 1, 2, -1, 0, 0, 0, 0, 1, 0, 0, -1, 2, 0], [0, 1, 0, 1, 1, -1, -1, 0, 0, 0, 0, -1, 0, 0, 0, 0, -1, 0, 0, -1, 0, 0], [0, -2, 0, 0, -2, 0, 2, 0, 0, 0, -1, 2, 0, 0, 0, 0, 0, 0, 0, 2, -2, 0], [0, 1, 0, 0, 1, 0, -1, 0, 0, 0, 1, 0, 0, 0, 0, 0, 0, 0, 0, -1, 1, 0], [0, -3, 0, 0, -3, 0, 3, 0, 0, 0, -3, 3, 1, 0, 0, 0, 0, 0, 0, 3, -3, 0], [1, 1, 0, 0, 1, 1, 1, 0, 1, 0, -1, 1, 2, 0, 1, -1, 0, 0, 0, 1, 2, 0], [-1, -1, 0, 0, -1, -1, -1, 0, -1, 0, 1, -1, -2, 1, 0, 1, 0, 0, 0, -1, -2, 0], [0, -1, 0, 0, -1, 0, 1, 0, 0, 0, -1, 1, 0, 0, 0, 1, 0, 0, 0, 1, -1, 0], [0, 1, 0, 0, 1, 0, -1, 0, 0, 0, 1, -1, 0, 0, 0, 0, 1, 0, 0, -1, 1, 0], [0, -1, 0, 0, -1, 0, 1, 0, 0, 0, -1, 1, 0, 0, 0, 0, 0, 1, 0, 1, -1, 0], [0, 1, 0, 0, 1, 0, -1, 0, 0, 0, 1, -1, 0, 0, 0, 0, 0, 0, 1, -1, 1, 0], [0, -1, 0, 0, -1, 0, 1, 0, 0, 0, -1, 1, 0, 0, 0, 0, 0, 0, 0, 2, -1, 0], [0, 0, 0, 0, 0, 0, 0, 0, 0, 0, 0, 0, 0, 0, 0, 0, 0, 0, 0, 0, 1, 0], [0, 1, 0, 0, 1, 0, -1, 0, 0, 0, 1, -1, 0, 0, 0, 0, 0, 0, 0, -1, 1, 1]]
[[1, 0, 0, 0, 0, 0, 0, 0, 0, 0, 0, 0, 0, 0, 0, 0, 0, 0, 0, 0, 0, 0], [0, 1, 0, 0, 0, 0, 0, 0, 0, 0, 0, 0, 0, 0, 0, 0, 0, 0, 0, 0, 0, 0], [0, 0, 1, 0, 0, 0, 0, 0, 0, 0, 0, 0, 0, 0, 0, 0, 0, 0, 0, 0, 0, 0], [0, 0, 0, 1, 0, 0, 0, 0, 0, 0, 0, 0, 0, 0, 0, 0, 0, 0, 0, 0, 0, 0], [0, 0, 0, 0, 1, 0, 0, 0, 0, 0, 0, 0, 0, 0, 0, 0, 0, 0, 0, 0, 0, 0], [0, 0, 0, 0, 0, 1, 0, 0, 0, 0, 0, 0, 0, 0, 0, 0, 0, 0, 0, 0, 0, 0], [0, 0, 0, 0, 0, 0, 1, 0, 0, 0, 0, 0, 0, 0, 0, 0, 0, 0, 0, 0, 0, 0], [0, 0, 0, 0, 0, 0, 0, 1, 0, 0, 0, 0, 0, 0, 0, 0, 0, 0, 0, 0, 0, 0], [0, 0, 0, 0, 0, 0, 0, 0, 1, 0, 0, 0, 0, 0, 0, 0, 0, 0, 0, 0, 0, 0], [0, 0, 0, 0, 0, 0, 0, 0, 0, 1, 0, 0, 0, 0, 0, 0, 0, 0, 0, 0, 0, 0], [0, 0, 0, 0, 0, 0, 0, 0, 0, 0, 1, 0, 0, 0, 0, 0, 0, 0, 0, 0, 0, 0], [0, 0, 0, 0, 0, 0, 0, 0, 0, 0, 0, 1, 0, 0, 0, 0, 0, 0, 0, 0, 0, 0], [0, 0, 0, 0, 0, 0, 0, 0, 0, 0, 0, 0, 1, 0, 0, 0, 0, 0, 0, 0, 0, 0], [0, 0, 0, 0, 0, 0, 0, 0, 0, 0, 0, 0, 0, 1, 0, 0, 0, 0, 0, 0, 0, 0], [0, 0, 0, 0, 0, 0, 0, 0, 0, 0, 0, 0, 0, 0, 1, 0, 0, 0, 0, 0, 0, 0], [0, 0, 0, 0, 0, 0, 0, 0, 0, 0, 0, 0, 0, 0, 0, 1, 0, 0, 0, 0, 0, 0], [0, 0, 0, 0, 0, 0, 0, 0, 0, 0, 0, 0, 0, 0, 0, 0, 1, 0, 0, 0, 0, 0], [0, 0, 0, 0, 0, 0, 0, 0, 0, 0, 0, 0, 0, 0, 0, 0, 0, 1, 0, 0, 0, 0], [0, 0, 0, 0, 0, 0, 0, 0, 0, 0, 0, 0, 0, 0, 0, 0, 0, 0, 1, 0, 0, 0], [0, 0, 0, 0, 0, 0, 0, 0, 0, 0, 0, 0, 0, 0, 0, 0, 0, 0, 0, 1, 0, 0], [0, 0, 0, 0, 0, 0, 0, 0, 0, 0, 0, 0, 0, 0, 0, 0, 0, 0, 0, 0, 1, 0], [0, 0, 0, 0, 0, 0, 0, 0, 0, 0, 0, 0, 0, 0, 0, 0, 0, 0, 0, 0, 0, 1]]
[[1, 0, 0, 0, 0, 0, 0, 0, 0, 0, 0, 0, 0, 0, 0, 0, 0, 0, 0, 0, 0, 0], [0, 1, 0, 0, 0, 0, 0, 0, 0, 0, 0, 0, 0, 0, 0, 0, 0, 0, 0, 0, 0, 0], [0, 0, 1, 0, 0, 0, 0, 0, 0, 0, 0, 0, 0, 0, 0, 0, 0, 0, 0, 0, 0, 0], [0, 0, 0, 1, 0, 0, 0, 0, 0, 0, 0, 0, 0, 0, 0, 0, 0, 0, 0, 0, 0, 0], [0, 0, 0, 0, 1, 0, 0, 0, 0, 0, 0, 0, 0, 0, 0, 0, 0, 0, 0, 0, 0, 0], [0, 0, 0, 0, 0, 1, 0, 0, 0, 0, 0, 0, 0, 0, 0, 0, 0, 0, 0, 0, 0, 0], [0, 0, 0, 0, 0, 0, 1, 0, 0, 0, 0, 0, 0, 0, 0, 0, 0, 0, 0, 0, 0, 0], [0, 0, 0, 0, 0, 0, 0, 1, 0, 0, 0, 0, 0, 0, 0, 0, 0, 0, 0, 0, 0, 0], [0, 0, 0, 0, 0, 0, 0, 0, 1, 0, 0, 0, 0, 0, 0, 0, 0, 0, 0, 0, 0, 0], [0, 0, 0, 0, 0, 0, 0, 0, 0, 1, 0, 0, 0, 0, 0, 0, 0, 0, 0, 0, 0, 0], [0, 0, 0, 0, 0, 0, 0, 0, 0, 0, 1, 0, 0, 0, 0, 0, 0, 0, 0, 0, 0, 0], [0, 0, 0, 0, 0, 0, 0, 0, 0, 0, 0, 1, 0, 0, 0, 0, 0, 0, 0, 0, 0, 0], [0, 0, 0, 0, 0, 0, 0, 0, 0, 0, 0, 0, 1, 0, 0, 0, 0, 0, 0, 0, 0, 0], [0, 0, 0, 0, 0, 0, 0, 0, 0, 0, 0, 0, 0, 1, 0, 0, 0, 0, 0, 0, 0, 0], [0, 0, 0, 0, 0, 0, 0, 0, 0, 0, 0, 0, 0, 0, 1, 0, 0, 0, 0, 0, 0, 0], [0, 0, 0, 0, 0, 0, 0, 0, 0, 0, 0, 0, 0, 0, 0, 1, 0, 0, 0, 0, 0, 0], [0, 0, 0, 0, 0, 0, 0, 0, 0, 0, 0, 0, 0, 0, 0, 0, 1, 0, 0, 0, 0, 0], [0, 0, 0, 0, 0, 0, 0, 0, 0, 0, 0, 0, 0, 0, 0, 0, 0, 1, 0, 0, 0, 0], [0, 0, 0, 0, 0, 0, 0, 0, 0, 0, 0, 0, 0, 0, 0, 0, 0, 0, 1, 0, 0, 0], [0, 0, 0, 0, 0, 0, 0, 0, 0, 0, 0, 0, 0, 0, 0, 0, 0, 0, 0, 1, 0, 0], [0, 0, 0, 0, 0, 0, 0, 0, 0, 0, 0, 0, 0, 0, 0, 0, 0, 0, 0, 0, 1, 0], [0, 0, 0, 0, 0, 0, 0, 0, 0, 0, 0, 0, 0, 0, 0, 0, 0, 0, 0, 0, 0, 1]]
[[0, 0, 0, -1, 0, 0, 0, -2, -1, -1, 0, 0, 0, 0, 0, -1, 0, 0, -1, 0, 1, 0], [0, 1, 0, 0, 0, 0, 0, 0, 0, 0, 0, 0, 0, 0, 0, 0, 0, 0, 0, 0, 0, 0], [0, 0, 1, 0, 0, 0, 0, 0, 0, 0, 0, 0, 0, 0, 0, 0, 0, 0, 0, 0, 0, 0], [0, 0, 0, 1, 0, 0, 0, 0, 0, 0, 0, 0, 0, 0, 0, 0, 0, 0, 0, 0, 0, 0], [0, 0, 0, 0, 1, 0, 0, 0, 0, 0, 0, 0, 0, 0, 0, 0, 0, 0, 0, 0, 0, 0], [0, 0, 0, 0, 0, 1, 0, 0, 0, 0, 0, 0, 0, 0, 0, 0, 0, 0, 0, 0, 0, 0], [1, 0, 0, 1, 0, 0, 0, 2, 1, 1, 0, 0, 0, -1, -1, 1, 1, 0, 1, 0, -1, 0], [0, 0, 0, 0, 0, 0, 0, 1, 0, 0, 0, 0, 0, 0, 0, 0, 0, 0, 0, 0, 0, 0], [0, 0, 0, 0, 0, 0, 0, 0, 1, 0, 0, 0, 0, 0, 0, 0, 0, 0, 0, 0, 0, 0], [-1, 0, 0, -1, 0, 0, 0, -2, -1, 0, 0, 0, 0, 0, 0, -1, 0, 0, -1, 0, 1, 0], [1, 0, 0, 1, 0, 0, -1, 2, 1, 1, 1, 0, 0, -1, -1, 1, 1, 0, 1, 0, -1, 0], [1, 0, 0, 1, 0, 0, 0, 2, 1, 1, 0, 1, 0, 0, 0, 1, 0, 0, 1, 0, -1, 0], [-1, 0, 0, -1, 0, 0, 0, -2, -1, -1, 0, 0, 1, 0, 0, -1, 0, 0, -1, 0, 1, 0], [-1, 0, 0, -1, 0, 0, 0, -2, -1, -1, 0, 0, 0, 1, 0, -1, 0, 0, -1, 0, 1, 0], [-1, 0, 0, -1, 0, 0, 0, -2, -1, -1, 0, 0, 0, 0, 1, -1, 0, 0, -1, 0, 1, 0], [0, 0, 0, 0, 0, 0, 0, 0, 0, 0, 0, 0, 0, 0, 0, 1, 0, 0, 0, 0, 0, 0], [-1, 0, 0, -1, 0, 0, 1, -2, -1, -1, 0, 0, 0, 1, 1, -1, 0, 0, -1, 0, 1, 0], [0, 0, 0, 0, 0, 0, 0, 0, 0, 0, 0, 0, 0, 0, 0, 0, 0, 1, 0, 0, 0, 0], [1, 0, 0, 1, 0, 0, 0, 2, 1, 1, 0, 0, 0, 0, 0, 1, 0, 0, 2, 0, -1, 0], [0, 0, 0, 0, 0, 0, 0, 0, 0, 0, 0, 0, 0, 0, 0, 0, 0, 0, 0, 1, 0, 0], [1, 0, 0, 1, 0, 0, 0, 2, 1, 1, 0, 0, 0, 0, 0, 1, 0, 0, 1, 0, 0, 0], [1, 0, 0, 1, 0, 0, 0, 2, 1, 1, 0, 0, 0, 0, 0, 1, 0, 0, 1, 0, -1, 1]]
[[1, 0, 0, 0, 0, 0, 0, 0, 0, 0, 0, 0, 0, 0, 0, 0, 0, 0, 0, 0, 0, 0], [0, 1, 0, 0, 0, 0, 0, 0, 0, 0, 0, 0, 0, 0, 0, 0, 0, 0, 0, 0, 0, 0], [0, 0, 1, 0, 0, 0, 0, 0, 0, 0, 0, 0, 0, 0, 0, 0, 0, 0, 0, 0, 0, 0], [0, 0, 0, 1, 0, 0, 0, 0, 0, 0, 0, 0, 0, 0, 0, 0, 0, 0, 0, 0, 0, 0], [0, 0, 0, 0, 1, 0, 0, 0, 0, 0, 0, 0, 0, 0, 0, 0, 0, 0, 0, 0, 0, 0], [0, 0, 0, 0, 0, 1, 0, 0, 0, 0, 0, 0, 0, 0, 0, 0, 0, 0, 0, 0, 0, 0], [0, 0, 0, 0, 0, 0, 1, 0, 0, 0, 0, 0, 0, 0, 0, 0, 0, 0, 0, 0, 0, 0], [0, 0, 0, 0, 0, 0, 0, 1, 0, 0, 0, 0, 0, 0, 0, 0, 0, 0, 0, 0, 0, 0], [0, 0, 0, 0, 0, 0, 0, 0, 1, 0, 0, 0, 0, 0, 0, 0, 0, 0, 0, 0, 0, 0], [0, 0, 0, 0, 0, 0, 0, 0, 0, 1, 0, 0, 0, 0, 0, 0, 0, 0, 0, 0, 0, 0], [0, 0, 0, 0, 0, 0, 0, 0, 0, 0, 1, 0, 0, 0, 0, 0, 0, 0, 0, 0, 0, 0], [0, 0, 0, 0, 0, 0, 0, 0, 0, 0, 0, 1, 0, 0, 0, 0, 0, 0, 0, 0, 0, 0], [0, 0, 0, 0, 0, 0, 0, 0, 0, 0, 0, 0, 1, 0, 0, 0, 0, 0, 0, 0, 0, 0], [0, 0, 0, 0, 0, 0, 0, 0, 0, 0, 0, 0, 0, 1, 0, 0, 0, 0, 0, 0, 0, 0], [0, 0, 0, 0, 0, 0, 0, 0, 0, 0, 0, 0, 0, 0, 1, 0, 0, 0, 0, 0, 0, 0], [0, 0, 0, 0, 0, 0, 0, 0, 0, 0, 0, 0, 0, 0, 0, 1, 0, 0, 0, 0, 0, 0], [0, 0, 0, 0, 0, 0, 0, 0, 0, 0, 0, 0, 0, 0, 0, 0, 1, 0, 0, 0, 0, 0], [0, 0, 0, 0, 0, 0, 0, 0, 0, 0, 0, 0, 0, 0, 0, 0, 0, 1, 0, 0, 0, 0], [0, 0, 0, 0, 0, 0, 0, 0, 0, 0, 0, 0, 0, 0, 0, 0, 0, 0, 1, 0, 0, 0], [0, 0, 0, 0, 0, 0, 0, 0, 0, 0, 0, 0, 0, 0, 0, 0, 0, 0, 0, 1, 0, 0], [0, 0, 0, 0, 0, 0, 0, 0, 0, 0, 0, 0, 0, 0, 0, 0, 0, 0, 0, 0, 1, 0], [0, 0, 0, 0, 0, 0, 0, 0, 0, 0, 0, 0, 0, 0, 0, 0, 0, 0, 0, 0, 0, 1]]
[[0, 0, -1, 1, 1, 0, 1, 0, 0, -1, -1, 1, 1, 1, 1, 0, 0, 0, -1, 2, 0, 1], [0, 0, 0, 0, 0, 0, 0, 0, -1, 0, 0, 0, 0, 0, 0, 0, 0, 0, 0, -1, 0, 0], [0, -2, -2, 0, -1, -1, 0, -1, -1, 0, 0, 0, -1, -1, -1, -1, 0, 0, 0, 3, -2, -1], [0, 1, 0, 0, -1, 0, -1, 1, 0, 1, 0, -2, -1, 0, -1, 1, -1, 0, 1, -1, 0, 0], [1, 1, 1, 0, 2, 1, 0, 0, 1, 0, 1, 1, 1, 0, 1, 0, 1, 0, 0, -1, 2, 0], [0, 0, 0, 0, 0, 1, 0, 0, 0, 0, 0, 0, 0, 0, 0, 0, 0, 0, 0, 0, 0, 0], [1, 2, 1, -1, 0, 1, 0, 1, 1, 1, 1, -1, 0, 0, 0, 1, 0, 0, 1, -2, 2, 0], [1, 0, 0, 0, 0, 0, 0, 0, 1, 0, 1, 1, 0, -1, 0, -1, 1, 0, 0, 1, 0, -1], [0, 1, 1, 0, 1, 1, 0, 1, 1, 0, 0, 0, 1, 1, 1, 1, 0, 0, 0, -2, 2, 1], [-1, 0, 1, 1, 1, 0, 1, 0, 0, 0, -1, 1, 1, 1, 1, 0, 0, 0, -1, 0, 0, 1], [0, -3, -2, -1, -3, -2, -1, -1, -2, 1, 1, -2, -3, -2, -3, -1, -1, 0, 1, 1, -4, -2], [0, 0, 1, 0, 0, 0, 0, 0, 0, 0, 0, 1, 0, 0, 0, 0, 0, 0, 0, -1, 0, 0], [-1, -5, -4, 0, -3, -3, 0, -2, -3, 0, -1, -1, -2, -2, -3, -2, -1, 0, 0, 4, -6, -2], [0, -1, -1, 1, 1, 0, 1, -1, 0, -1, 0, 2, 1, 1, 1, -1, 1, 0, -1, 2, 0, 0], [-1, 1, 1, 0, 0, 0, 0, 1, 0, 0, -1, -1, 0, 1, 1, 1, -1, 0, 0, -1, 0, 1], [0, -1, -1, 0, 0, -1, 0, -1, -1, 0, -1, -1, 0, -1, -1, -1, -1, 0, 0, 1, -1, 0], [0, 2, 1, 0, 1, 1, 0, 1, 1, 0, 0, 0, 1, 1, 1, 1, 1, 0, 0, -1, 2, 1], [0, -2, -1, 0, -1, -1, 0, -1, -1, 0, 0, 0, -1, -1, -1, -1, 0, 1, 0, 1, -2, -1], [0, 0, 1, -1, -2, 0, -1, 1, 0, 1, 1, -1, -2, 0, -1, 2, 0, 0, 2, -2, -1, -1], [0, -2, -1, 0, -1, -1, 0, -1, -1, 0, 0, 0, -1, -1, -1, -1, 0, 0, 0, 2, -2, -1], [0, 1, 1, 0, 0, 0, 0, 0, 1, 0, 0, 0, 0, 0, 0, 0, 0, 0, 0, 0, 1, 0], [0, 0, 1, -1, -2, 0, -1, 1, 0, 1, 1, -1, -2, 0, -1, 2, 0, 0, 1, -2, -1, 0]]
[[1, 0, 0, 0, 0, 0, 0, 0, 0, 0, 0, 0, 0, 0, 0, 0, 0, 0, 0, 0, 0, 0], [0, 1, 0, 0, 0, 0, 0, 0, 0, 0, 0, 0, 0, 0, 0, 0, 0, 0, 0, 0, 0, 0], [0, 0, 1, 0, 0, 0, 0, 0, 0, 0, 0, 0, 0, 0, 0, 0, 0, 0, 0, 0, 0, 0], [0, 0, 0, 1, 0, 0, 0, 0, 0, 0, 0, 0, 0, 0, 0, 0, 0, 0, 0, 0, 0, 0], [0, 0, 0, 0, 1, 0, 0, 0, 0, 0, 0, 0, 0, 0, 0, 0, 0, 0, 0, 0, 0, 0], [0, 0, 0, 0, 0, 1, 0, 0, 0, 0, 0, 0, 0, 0, 0, 0, 0, 0, 0, 0, 0, 0], [0, 0, 0, 0, 0, 0, 1, 0, 0, 0, 0, 0, 0, 0, 0, 0, 0, 0, 0, 0, 0, 0], [0, 0, 0, 0, 0, 0, 0, 1, 0, 0, 0, 0, 0, 0, 0, 0, 0, 0, 0, 0, 0, 0], [0, 0, 0, 0, 0, 0, 0, 0, 1, 0, 0, 0, 0, 0, 0, 0, 0, 0, 0, 0, 0, 0], [0, 0, 0, 0, 0, 0, 0, 0, 0, 1, 0, 0, 0, 0, 0, 0, 0, 0, 0, 0, 0, 0], [0, 0, 0, 0, 0, 0, 0, 0, 0, 0, 1, 0, 0, 0, 0, 0, 0, 0, 0, 0, 0, 0], [0, 0, 0, 0, 0, 0, 0, 0, 0, 0, 0, 1, 0, 0, 0, 0, 0, 0, 0, 0, 0, 0], [0, 0, 0, 0, 0, 0, 0, 0, 0, 0, 0, 0, 1, 0, 0, 0, 0, 0, 0, 0, 0, 0], [0, 0, 0, 0, 0, 0, 0, 0, 0, 0, 0, 0, 0, 1, 0, 0, 0, 0, 0, 0, 0, 0], [0, 0, 0, 0, 0, 0, 0, 0, 0, 0, 0, 0, 0, 0, 1, 0, 0, 0, 0, 0, 0, 0], [0, 0, 0, 0, 0, 0, 0, 0, 0, 0, 0, 0, 0, 0, 0, 1, 0, 0, 0, 0, 0, 0], [0, 0, 0, 0, 0, 0, 0, 0, 0, 0, 0, 0, 0, 0, 0, 0, 1, 0, 0, 0, 0, 0], [0, 0, 0, 0, 0, 0, 0, 0, 0, 0, 0, 0, 0, 0, 0, 0, 0, 1, 0, 0, 0, 0], [0, 0, 0, 0, 0, 0, 0, 0, 0, 0, 0, 0, 0, 0, 0, 0, 0, 0, 1, 0, 0, 0], [0, 0, 0, 0, 0, 0, 0, 0, 0, 0, 0, 0, 0, 0, 0, 0, 0, 0, 0, 1, 0, 0], [0, 0, 0, 0, 0, 0, 0, 0, 0, 0, 0, 0, 0, 0, 0, 0, 0, 0, 0, 0, 1, 0], [0, 0, 0, 0, 0, 0, 0, 0, 0, 0, 0, 0, 0, 0, 0, 0, 0, 0, 0, 0, 0, 1]]
[[1, 0, 0, 0, 0, 0, 0, 0, 0, 0, 0, 0, 0, 0, 0, 0, 0, 0, 0, 0, 0, 0], [0, 1, 0, 0, 0, 0, 0, 0, 0, 0, 0, 0, 0, 0, 0, 0, 0, 0, 0, 0, 0, 0], [0, 0, 1, 0, 0, 0, 0, 0, 0, 0, 0, 0, 0, 0, 0, 0, 0, 0, 0, 0, 0, 0], [0, 0, 0, 1, 0, 0, 0, 0, 0, 0, 0, 0, 0, 0, 0, 0, 0, 0, 0, 0, 0, 0], [0, 0, 0, 0, 1, 0, 0, 0, 0, 0, 0, 0, 0, 0, 0, 0, 0, 0, 0, 0, 0, 0], [0, 0, 0, 0, 0, 1, 0, 0, 0, 0, 0, 0, 0, 0, 0, 0, 0, 0, 0, 0, 0, 0], [0, 0, 0, 0, 0, 0, 1, 0, 0, 0, 0, 0, 0, 0, 0, 0, 0, 0, 0, 0, 0, 0], [0, 0, 0, 0, 0, 0, 0, 1, 0, 0, 0, 0, 0, 0, 0, 0, 0, 0, 0, 0, 0, 0], [0, 0, 0, 0, 0, 0, 0, 0, 1, 0, 0, 0, 0, 0, 0, 0, 0, 0, 0, 0, 0, 0], [0, 0, 0, 0, 0, 0, 0, 0, 0, 1, 0, 0, 0, 0, 0, 0, 0, 0, 0, 0, 0, 0], [0, 0, 0, 0, 0, 0, 0, 0, 0, 0, 1, 0, 0, 0, 0, 0, 0, 0, 0, 0, 0, 0], [0, 0, 0, 0, 0, 0, 0, 0, 0, 0, 0, 1, 0, 0, 0, 0, 0, 0, 0, 0, 0, 0], [0, 0, 0, 0, 0, 0, 0, 0, 0, 0, 0, 0, 1, 0, 0, 0, 0, 0, 0, 0, 0, 0], [0, 0, 0, 0, 0, 0, 0, 0, 0, 0, 0, 0, 0, 1, 0, 0, 0, 0, 0, 0, 0, 0], [0, 0, 0, 0, 0, 0, 0, 0, 0, 0, 0, 0, 0, 0, 1, 0, 0, 0, 0, 0, 0, 0], [0, 0, 0, 0, 0, 0, 0, 0, 0, 0, 0, 0, 0, 0, 0, 1, 0, 0, 0, 0, 0, 0], [0, 0, 0, 0, 0, 0, 0, 0, 0, 0, 0, 0, 0, 0, 0, 0, 1, 0, 0, 0, 0, 0], [0, 0, 0, 0, 0, 0, 0, 0, 0, 0, 0, 0, 0, 0, 0, 0, 0, 1, 0, 0, 0, 0], [0, 0, 0, 0, 0, 0, 0, 0, 0, 0, 0, 0, 0, 0, 0, 0, 0, 0, 1, 0, 0, 0], [0, 0, 0, 0, 0, 0, 0, 0, 0, 0, 0, 0, 0, 0, 0, 0, 0, 0, 0, 1, 0, 0], [0, 0, 0, 0, 0, 0, 0, 0, 0, 0, 0, 0, 0, 0, 0, 0, 0, 0, 0, 0, 1, 0], [0, 0, 0, 0, 0, 0, 0, 0, 0, 0, 0, 0, 0, 0, 0, 0, 0, 0, 0, 0, 0, 1]]
[[1, 0, 0, 0, 0, 0, 0, 0, 0, 0, 0, 0, 0, 0, 0, 0, 0, 0, 0, 0, 0, 0], [0, 1, 0, 0, 0, 0, 0, 0, 0, 0, 0, 0, 0, 0, 0, 0, 0, 0, 0, 0, 0, 0], [0, 0, 1, 0, 0, 0, 0, 0, 0, 0, 0, 0, 0, 0, 0, 0, 0, 0, 0, 0, 0, 0], [0, 0, 0, 1, 0, 0, 0, 0, 0, 0, 0, 0, 0, 0, 0, 0, 0, 0, 0, 0, 0, 0], [0, 0, 0, 0, 1, 0, 0, 0, 0, 0, 0, 0, 0, 0, 0, 0, 0, 0, 0, 0, 0, 0], [0, 0, 0, 0, 0, 1, 0, 0, 0, 0, 0, 0, 0, 0, 0, 0, 0, 0, 0, 0, 0, 0], [0, 0, 0, 0, 0, 0, 1, 0, 0, 0, 0, 0, 0, 0, 0, 0, 0, 0, 0, 0, 0, 0], [0, 0, 0, 0, 0, 0, 0, 1, 0, 0, 0, 0, 0, 0, 0, 0, 0, 0, 0, 0, 0, 0], [0, 0, 0, 0, 0, 0, 0, 0, 1, 0, 0, 0, 0, 0, 0, 0, 0, 0, 0, 0, 0, 0], [0, 0, 0, 0, 0, 0, 0, 0, 0, 1, 0, 0, 0, 0, 0, 0, 0, 0, 0, 0, 0, 0], [0, 0, 0, 0, 0, 0, 0, 0, 0, 0, 1, 0, 0, 0, 0, 0, 0, 0, 0, 0, 0, 0], [0, 0, 0, 0, 0, 0, 0, 0, 0, 0, 0, 1, 0, 0, 0, 0, 0, 0, 0, 0, 0, 0], [0, 0, 0, 0, 0, 0, 0, 0, 0, 0, 0, 0, 1, 0, 0, 0, 0, 0, 0, 0, 0, 0], [0, 0, 0, 0, 0, 0, 0, 0, 0, 0, 0, 0, 0, 1, 0, 0, 0, 0, 0, 0, 0, 0], [0, 0, 0, 0, 0, 0, 0, 0, 0, 0, 0, 0, 0, 0, 1, 0, 0, 0, 0, 0, 0, 0], [0, 0, 0, 0, 0, 0, 0, 0, 0, 0, 0, 0, 0, 0, 0, 1, 0, 0, 0, 0, 0, 0], [0, 0, 0, 0, 0, 0, 0, 0, 0, 0, 0, 0, 0, 0, 0, 0, 1, 0, 0, 0, 0, 0], [0, 0, 0, 0, 0, 0, 0, 0, 0, 0, 0, 0, 0, 0, 0, 0, 0, 1, 0, 0, 0, 0], [0, 0, 0, 0, 0, 0, 0, 0, 0, 0, 0, 0, 0, 0, 0, 0, 0, 0, 1, 0, 0, 0], [0, 0, 0, 0, 0, 0, 0, 0, 0, 0, 0, 0, 0, 0, 0, 0, 0, 0, 0, 1, 0, 0], [0, 0, 0, 0, 0, 0, 0, 0, 0, 0, 0, 0, 0, 0, 0, 0, 0, 0, 0, 0, 1, 0], [0, 0, 0, 0, 0, 0, 0, 0, 0, 0, 0, 0, 0, 0, 0, 0, 0, 0, 0, 0, 0, 1]]
[[0, 1, 0, -1, 0, 0, 0, -1, 0, 0, 0, 0, 1, 0, 0, 0, 0, -1, 0, 0, 2, 0], [1, 1, 0, 1, 0, 0, 0, 2, 1, 1, 0, 0, 0, 0, 0, 1, 0, 0, 1, 0, 0, 0], [2, 2, 1, 1, 2, 1, -1, 0, 1, 0, 0, 0, 1, 0, 0, 1, 0, 0, 1, -1, 3, 0], [-1, -1, 0, 0, -2, 0, 0, 1, 0, 0, 0, 0, -1, 0, 0, 0, 0, 1, 0, 0, -2, 0], [0, 0, 0, 0, 1, 0, 0, 0, 0, 0, 0, 0, 0, 0, 0, 0, 0, 0, 0, 0, 0, 0], [0, 0, 0, 0, -1, 1, 0, 2, 1, 1, 0, 0, 0, 0, 0, 1, 0, 0, 1, 0, 0, 0], [2, 0, 0, 1, 0, 1, -1, 2, 1, 0, 1, 0, -2, 0, 0, 1, 1, 2, 1, 0, -1, 0], [2, 2, 0, 1, 3, 1, -1, -1, 0, -1, 0, 0, 1, 0, 0, 0, 0, 0, 0, -1, 3, 0], [-2, -2, 0, -1, -2, -1, 1, 0, 0, 0, 0, 0, -1, 0, 0, -1, 0, 0, -1, 1, -3, 0], [-3, -1, 0, -2, -2, -1, 1, -1, -1, 1, 0, 0, 0, 0, 0, -1, 0, -1, -1, 1, -1, 0], [4, 2, 0, 2, 2, 2, -2, 2, 2, 0, 1, 0, 0, 0, 0, 2, 0, 2, 2, -2, 2, 0], [1, -1, 0, 1, 0, 0, 0, 1, 0, 0, 0, 1, -1, 0, 0, 0, 0, 1, 0, 0, -2, 0], [2, 3, 0, 1, 3, 1, -1, -1, 1, 0, 0, 0, 3, 0, 0, 1, 0, -1, 1, -1, 5, 0], [0, 1, 0, 0, 1, 0, 0, -1, 0, 0, 0, 0, 1, 0, -1, 0, 1, -1, -1, 0, 2, 0], [-3, -1, 0, -2, -2, -1, 1, -1, -1, 0, 0, 0, 0, 0, 1, -1, 0, -1, -1, 1, -1, 0], [0, 0, 0, 0, 0, 0, 0, 0, 0, 0, 0, 0, 0, 1, 1, 1, -1, 0, 1, 0, 0, 0], [-2, -1, 0, -1, -1, -1, 1, -1, -1, 0, 0, 0, 0, 0, 0, -1, 1, -1, -1, 1, -1, 0], [1, 1, 0, 1, 2, 0, 0, -1, 0, 0, 0, 0, 1, 0, 0, 0, 0, 0, 0, 0, 2, 0], [1, -1, 0, 1, 0, 0, 0, 1, 0, 0, 0, 0, -1, -1, -1, 0, 1, 1, 0, 0, -2, 0], [2, 2, 0, 1, 2, 1, 0, 0, 1, 0, -1, 0, 2, 0, 0, 1, -1, 0, 1, -1, 3, 0], [0, -1, 0, 0, 0, 0, 0, -1, -1, -1, 0, 0, -1, 0, 0, -1, 0, 1, -1, 0, -1, 0], [0, -1, 0, 0, -1, 0, 0, 1, 0, 0, 0, 0, -1, 0, 0, 0, 0, 1, 0, 0, -2, 1]]
[[-1, -2, 2, 0, -2, -2, 0, 0, 0, 0, 0, 0, -2, 0, 0, 0, 0, 0, 0, 0, -4, 0], [1, 2, -1, 0, 1, 1, 0, 0, 0, 0, 0, 0, 1, 0, 0, 0, 0, 0, 0, 0, 2, 0], [-2, -4, 1, 0, -4, -2, 0, 0, 0, 0, 0, 0, -2, -2, -2, -2, 0, 0, 0, 0, -6, -2], [1, 1, -1, 1, 1, 1, 0, 0, 0, 0, 0, 0, 1, 0, 0, 0, 0, 0, 0, 0, 2, 0], [1, 1, -1, 0, 2, 1, 0, 0, 0, 0, 0, 0, 1, 0, 0, 0, 0, 0, 0, 0, 2, 0], [0, 0, 0, 0, 0, 1, 0, 0, 0, 0, 0, 0, 0, 0, 0, 0, 0, 0, 0, 0, 0, 0], [1, 1, -2, 1, 1, 1, 1, 0, -1, 0, -1, 0, 1, 0, -1, 0, -1, 0, 0, 0, 2, -1], [-1, -2, 0, 0, -2, -1, 0, 1, 0, 0, 0, 0, -1, -1, -1, -1, 0, 0, 0, 0, -3, -1], [2, 4, 0, 0, 4, 2, 0, 0, 1, 0, 0, 0, 2, 2, 2, 2, 0, 0, 0, 0, 6, 2], [1, 2, 1, -1, 2, 1, 0, 0, 1, 1, 1, 0, 1, 1, 2, 1, 1, 0, 0, 0, 3, 2], [-2, -4, -1, 1, -4, -2, 0, 0, -1, 0, 0, 0, -2, -2, -3, -2, -1, 0, 0, 0, -6, -3], [1, 1, -1, 0, 1, 1, 0, 0, 0, 0, 0, 1, 1, 0, 0, 0, 0, 0, 0, 0, 2, 0], [-4, -6, 2, 0, -6, -4, 0, 0, 0, 0, 0, 0, -3, -2, -2, -2, 0, 0, 0, 0, -10, -2], [-1, -1, 2, -1, -1, -1, 0, 0, 1, 0, 1, 0, -1, 1, 1, 0, 1, 0, 0, 0, -2, 1], [1, 2, 0, 0, 2, 1, 0, 0, 0, 0, 0, 0, 1, 1, 2, 1, 0, 0, 0, 0, 3, 1], [-1, -2, 0, 0, -2, -1, 0, 0, 0, 0, 0, 0, -1, -1, -1, 0, 0, 0, 0, 0, -3, -1], [1, 2, 0, 0, 2, 1, 0, 0, 0, 0, 0, 0, 1, 1, 1, 1, 1, 0, 0, 0, 3, 1], [-1, -2, 0, 0, -2, -1, 0, 0, 0, 0, 0, 0, -1, -1, -1, -1, 0, 1, 0, 0, -3, -1], [1, 1, -2, 1, 1, 1, 0, 0, -1, 0, -1, 0, 1, 0, -1, 0, -1, 0, 1, 0, 2, -1], [-2, -3, 1, 0, -3, -2, 0, 0, 0, 0, 0, 0, -2, -1, -1, -1, 0, 0, 0, 1, -5, -1], [0, 0, 0, 0, 0, 0, 0, 0, 0, 0, 0, 0, 0, 0, 0, 0, 0, 0, 0, 0, 1, 0], [1, 1, -2, 1, 1, 1, 0, 0, -1, 0, -1, 0, 1, 0, -1, 0, -1, 0, 0, 0, 2, 0]]
[[0, 1, 0, -1, 1, 1, 0, -1, 0, 0, 0, 0, 1, -1, 0, -1, 1, 0, -1, 1, 2, 0], [0, 0, 0, 0, -2, 0, 0, 1, 0, 0, 0, 0, -1, 1, 0, 1, -1, 0, 1, -1, -2, 0], [0, 1, 1, 0, 2, 0, 0, -1, 0, 0, 0, 0, 1, -1, 0, -1, 1, 0, -1, 1, 2, 0], [0, 0, 0, 1, 0, 0, 0, 0, 0, 0, 0, 0, 0, 0, 0, 0, 0, 0, 0, 0, 0, 0], [0, -1, 0, 0, -2, 0, 0, 1, 0, 0, 0, 1, -1, 1, 0, 1, -1, 0, 1, -1, -2, 0], [1, 0, 0, 1, 0, 0, 0, 0, 0, 0, 0, 1, 0, 0, 0, 0, 0, 0, 0, 0, 0, 0], [0, 0, 0, -1, -2, 0, -1, 1, 0, 0, 2, -1, -2, 1, 0, 1, 0, 0, 1, -2, -1, 0], [0, 0, 0, 0, 0, 0, 0, 0, 0, 0, 0, 0, 0, 0, -1, 0, 0, 0, 0, 0, 0, 0], [0, 0, 0, 0, 0, 0, 0, 1, 1, 0, 0, 0, 0, 0, 1, 0, 0, 0, 0, 0, 0, 0], [0, 0, 0, 0, 0, 0, 0, 0, 0, 0, -1, 0, 0, 0, 0, 1, 0, 0, 0, 0, 0, 0], [0, 0, 0, 0, 0, 0, 0, 0, 0, 0, 1, 0, 0, 0, 0, 0, 0, 0, 0, 0, 0, 0], [0, -1, 0, 0, -1, 0, 0, 1, 0, 0, 0, 0, -1, 1, 0, 1, -1, 0, 1, -1, -2, 0], [0, 2, 0, 0, 4, 0, 0, -2, 0, 0, 0, 0, 3, -2, 0, -2, 2, 0, -2, 2, 4, 0], [0, 2, 0, 0, 4, 0, 0, -1, 0, -1, -1, 0, 2, -1, 1, -1, 2, 0, -2, 2, 4, 0], [0, 0, 0, 0, 0, 0, 0, -1, 0, 0, 0, 0, 0, 0, 0, 0, 0, 0, 0, 0, 0, 0], [0, 0, 0, 0, 0, 0, 0, 0, 0, 1, 1, 0, 0, 0, 0, 0, 0, 0, 0, 0, 0, 0], [0, 0, 0, 0, 0, 0, 0, 0, 0, 0, 0, 0, 0, 0, 0, 0, 1, 0, 0, 0, 0, 0], [0, 0, 0, 0, 0, 0, 0, 0, 0, 0, 0, 0, 0, 0, 0, 0, 0, 1, 0, 0, 0, 0], [0, -1, 0, 0, -2, 0, 0, 1, 0, 0, 0, 0, -1, 1, 0, 1, -1, 0, 2, -1, -2, 0], [0, 0, 0, 0, 0, 0, 0, 0, 0, 0, 0, 0, 0, 0, 0, 0, 0, 0, 0, 1, 0, 0], [0, 0, 0, 0, 1, 0, 0, 0, 0, 0, 0, -1, 0, 0, 0, 0, 0, 0, 0, 0, 1, 0], [0, -1, 0, 0, -2, 0, 0, 1, 0, 0, 0, 0, -1, 1, 0, 1, -1, 0, 1, -1, -2, 1]]
[[1, 0, 0, 0, 0, 0, 0, 0, 0, 0, 0, 0, 0, 0, 0, 0, 0, 0, 0, 0, 0, 0], [0, 1, 0, 0, 0, 0, 0, 0, 0, 0, 0, 0, 0, 0, 0, 0, 0, 0, 0, 0, 0, 0], [0, 0, 1, 0, 0, 0, 0, 0, 0, 0, 0, 0, 0, 0, 0, 0, 0, 0, 0, 0, 0, 0], [0, 0, 0, 1, 0, 0, 0, 0, 0, 0, 0, 0, 0, 0, 0, 0, 0, 0, 0, 0, 0, 0], [0, 0, 0, 0, 1, 0, 0, 0, 0, 0, 0, 0, 0, 0, 0, 0, 0, 0, 0, 0, 0, 0], [0, 0, 0, 0, 0, 1, 0, 0, 0, 0, 0, 0, 0, 0, 0, 0, 0, 0, 0, 0, 0, 0], [0, 0, 0, 0, 0, 0, 1, 0, 0, 0, 0, 0, 0, 0, 0, 0, 0, 0, 0, 0, 0, 0], [0, 0, 0, 0, 0, 0, 0, 1, 0, 0, 0, 0, 0, 0, 0, 0, 0, 0, 0, 0, 0, 0], [0, 0, 0, 0, 0, 0, 0, 0, 1, 0, 0, 0, 0, 0, 0, 0, 0, 0, 0, 0, 0, 0], [0, 0, 0, 0, 0, 0, 0, 0, 0, 1, 0, 0, 0, 0, 0, 0, 0, 0, 0, 0, 0, 0], [0, 0, 0, 0, 0, 0, 0, 0, 0, 0, 1, 0, 0, 0, 0, 0, 0, 0, 0, 0, 0, 0], [0, 0, 0, 0, 0, 0, 0, 0, 0, 0, 0, 1, 0, 0, 0, 0, 0, 0, 0, 0, 0, 0], [0, 0, 0, 0, 0, 0, 0, 0, 0, 0, 0, 0, 1, 0, 0, 0, 0, 0, 0, 0, 0, 0], [0, 0, 0, 0, 0, 0, 0, 0, 0, 0, 0, 0, 0, 1, 0, 0, 0, 0, 0, 0, 0, 0], [0, 0, 0, 0, 0, 0, 0, 0, 0, 0, 0, 0, 0, 0, 1, 0, 0, 0, 0, 0, 0, 0], [0, 0, 0, 0, 0, 0, 0, 0, 0, 0, 0, 0, 0, 0, 0, 1, 0, 0, 0, 0, 0, 0], [0, 0, 0, 0, 0, 0, 0, 0, 0, 0, 0, 0, 0, 0, 0, 0, 1, 0, 0, 0, 0, 0], [0, 0, 0, 0, 0, 0, 0, 0, 0, 0, 0, 0, 0, 0, 0, 0, 0, 1, 0, 0, 0, 0], [0, 0, 0, 0, 0, 0, 0, 0, 0, 0, 0, 0, 0, 0, 0, 0, 0, 0, 1, 0, 0, 0], [0, 0, 0, 0, 0, 0, 0, 0, 0, 0, 0, 0, 0, 0, 0, 0, 0, 0, 0, 1, 0, 0], [0, 0, 0, 0, 0, 0, 0, 0, 0, 0, 0, 0, 0, 0, 0, 0, 0, 0, 0, 0, 1, 0], [0, 0, 0, 0, 0, 0, 0, 0, 0, 0, 0, 0, 0, 0, 0, 0, 0, 0, 0, 0, 0, 1]]
[[1, 2, -1, 0, 3, 1, 0, -1, 0, 0, -1, -1, 3, -1, 0, -1, -1, 0, 0, -1, 4, 0], [-1, 0, 0, -1, -1, -1, -1, -1, -1, 0, 1, -1, -1, -1, -1, -1, 0, 0, 0, -1, -1, -1], [2, 4, 0, 2, 5, 3, 2, 1, 2, 0, -3, 1, 5, 1, 2, 1, -1, 0, 0, 1, 6, 2], [-1, 0, 0, 0, -1, -2, -1, -1, -1, 0, 1, -2, -1, -1, -1, -1, -1, -1, 0, -1, -1, -1], [0, -3, 1, 0, -2, 0, 0, 1, 0, 0, 1, 2, -3, 1, 0, 1, 2, 1, 0, 1, -4, 0], [-1, 0, 0, -1, -1, -1, -1, -1, -1, 0, 1, -2, -1, -1, -1, -1, -1, -1, 0, -1, -1, -1], [0, -3, 1, 0, -3, 0, 1, 1, 0, 0, 1, 2, -3, 1, 0, 1, 2, 1, 0, 1, -4, 0], [2, 1, 0, 2, 2, 3, 2, 3, 2, 0, -2, 3, 2, 2, 2, 2, 1, 1, 0, 2, 2, 2], [-1, -4, 1, -1, -4, -1, -1, 0, 0, 0, 2, 1, -4, 0, -1, 0, 2, 1, 0, 0, -5, -1], [-3, -2, -1, -2, -2, -4, -2, -4, -4, -1, 1, -3, -2, -2, -2, -3, -2, -1, -1, -2, -3, -2], [2, 3, 0, 2, 4, 3, 2, 1, 2, 0, -2, 2, 4, 1, 2, 1, 0, 0, 0, 2, 5, 2], [0, -2, 0, 0, -2, 0, 0, 1, 0, 0, 1, 2, -2, 1, 0, 1, 1, 1, 0, 0, -3, 0], [2, 8, -1, 2, 9, 3, 2, -1, 2, 0, -5, -1, 10, -1, 2, -1, -3, -2, 0, 1, 12, 2], [1, 2, 0, 1, 3, 2, 1, 0, 1, 0, -2, 1, 3, 1, 1, 0, 0, 0, 0, 1, 4, 1], [-2, -1, 0, -2, -2, -3, -2, -2, -2, 0, 2, -3, -2, -2, -2, -2, 0, -1, -1, -2, -2, -1], [0, 2, 0, 0, 2, 0, 0, -1, 0, 0, -1, -1, 2, -1, 0, 0, -1, -1, 0, 0, 3, 0], [-1, 0, 0, -1, -1, -2, -1, -1, -1, 0, 1, -2, -1, -1, -1, -1, 0, -1, 0, -1, -1, -1], [1, 3, 0, 1, 3, 1, 1, 0, 1, 0, -2, 0, 3, 0, 1, 0, -1, 0, 0, 1, 4, 1], [0, -1, 0, 0, -2, -1, 0, 1, 0, 0, 1, 0, -2, 1, 0, 1, 0, 0, 1, 0, -3, 0], [1, 3, -1, 1, 4, 2, 1, 0, 1, 0, -2, 0, 4, 0, 1, 0, -1, 0, 0, 1, 5, 1], [1, -1, 0, 1, -1, 1, 1, 2, 1, 0, 0, 2, -1, 2, 1, 2, 1, 1, 0, 1, -1, 1], [-1, -2, 0, -1, -3, -2, -1, 0, -1, 0, 2, -1, -3, 0, 0, 0, -1, 0, 1, -1, -4, -1]]
[[1, 0, 0, 0, 0, 0, 0, 0, 0, 0, 0, 0, 0, 0, 0, 0, 0, 0, 0, 0, 0, 0], [0, 1, 0, 0, 0, 0, 0, 0, 0, 0, 0, 0, 0, 0, 0, 0, 0, 0, 0, 0, 0, 0], [0, 0, 1, 0, 0, 0, 0, 0, 0, 0, 0, 0, 0, 0, 0, 0, 0, 0, 0, 0, 0, 0], [0, 0, 0, 1, 0, 0, 0, 0, 0, 0, 0, 0, 0, 0, 0, 0, 0, 0, 0, 0, 0, 0], [0, 0, 0, 0, 1, 0, 0, 0, 0, 0, 0, 0, 0, 0, 0, 0, 0, 0, 0, 0, 0, 0], [0, 0, 0, 0, 0, 1, 0, 0, 0, 0, 0, 0, 0, 0, 0, 0, 0, 0, 0, 0, 0, 0], [0, 0, 0, 0, 0, 0, 1, 0, 0, 0, 0, 0, 0, 0, 0, 0, 0, 0, 0, 0, 0, 0], [0, 0, 0, 0, 0, 0, 0, 1, 0, 0, 0, 0, 0, 0, 0, 0, 0, 0, 0, 0, 0, 0], [0, 0, 0, 0, 0, 0, 0, 0, 1, 0, 0, 0, 0, 0, 0, 0, 0, 0, 0, 0, 0, 0], [0, 0, 0, 0, 0, 0, 0, 0, 0, 1, 0, 0, 0, 0, 0, 0, 0, 0, 0, 0, 0, 0], [0, 0, 0, 0, 0, 0, 0, 0, 0, 0, 1, 0, 0, 0, 0, 0, 0, 0, 0, 0, 0, 0], [0, 0, 0, 0, 0, 0, 0, 0, 0, 0, 0, 1, 0, 0, 0, 0, 0, 0, 0, 0, 0, 0], [0, 0, 0, 0, 0, 0, 0, 0, 0, 0, 0, 0, 1, 0, 0, 0, 0, 0, 0, 0, 0, 0], [0, 0, 0, 0, 0, 0, 0, 0, 0, 0, 0, 0, 0, 1, 0, 0, 0, 0, 0, 0, 0, 0], [0, 0, 0, 0, 0, 0, 0, 0, 0, 0, 0, 0, 0, 0, 1, 0, 0, 0, 0, 0, 0, 0], [0, 0, 0, 0, 0, 0, 0, 0, 0, 0, 0, 0, 0, 0, 0, 1, 0, 0, 0, 0, 0, 0], [0, 0, 0, 0, 0, 0, 0, 0, 0, 0, 0, 0, 0, 0, 0, 0, 1, 0, 0, 0, 0, 0], [0, 0, 0, 0, 0, 0, 0, 0, 0, 0, 0, 0, 0, 0, 0, 0, 0, 1, 0, 0, 0, 0], [0, 0, 0, 0, 0, 0, 0, 0, 0, 0, 0, 0, 0, 0, 0, 0, 0, 0, 1, 0, 0, 0], [0, 0, 0, 0, 0, 0, 0, 0, 0, 0, 0, 0, 0, 0, 0, 0, 0, 0, 0, 1, 0, 0], [0, 0, 0, 0, 0, 0, 0, 0, 0, 0, 0, 0, 0, 0, 0, 0, 0, 0, 0, 0, 1, 0], [0, 0, 0, 0, 0, 0, 0, 0, 0, 0, 0, 0, 0, 0, 0, 0, 0, 0, 0, 0, 0, 1]]
[[1, 0, 0, 0, 0, 0, 0, 0, 0, 0, 0, 0, 0, 0, 0, 0, 0, 0, 0, 0, 0, 0], [0, 1, 0, 0, -1, 0, 0, 0, 0, 0, 0, -1, -1, 0, 0, 0, -2, 0, 1, 0, 0, -1], [0, 1, 0, 0, 1, 0, 0, -1, -1, -1, 0, 0, 1, 0, 0, -1, 0, 0, -2, -1, 1, 1], [0, -1, 0, 1, -1, 0, 0, 0, 0, 0, 0, 0, -1, 0, 0, 0, -1, 1, 1, 0, -1, -1], [0, 0, 0, 0, 1, 0, 0, 0, 0, 0, 0, 0, 0, 0, 0, 0, 0, 0, 0, 0, 0, 0], [0, -1, 0, 0, -1, 1, 0, 0, 0, 0, 0, 0, -1, 0, 0, 0, -1, 1, 1, 0, -1, -1], [0, 0, 0, 0, 0, 0, 1, 0, 0, 0, 0, 0, 0, 0, 0, 0, 0, 0, 0, 0, 0, 0], [0, 1, -1, 0, 1, 0, 0, 0, -1, -1, 0, 0, 1, 0, 0, -1, 0, 0, -2, -1, 1, 1], [0, -1, 1, 0, 0, 0, 0, 1, 2, 1, 0, 1, 0, 0, 0, 1, 2, 0, 1, 1, -1, 0], [0, -1, 1, 0, -1, 0, 0, 1, 1, 2, 0, 0, -1, 0, 0, 1, 0, 0, 2, 1, -1, -1], [0, 1, -1, 0, 1, 0, 0, -1, -1, -1, 1, 0, 1, 0, 0, -1, 0, 0, -2, -1, 1, 1], [0, 0, 0, 0, 0, 0, 0, 0, 0, 0, 0, 1, 0, 0, 0, 0, 0, 0, 0, 0, 0, 0], [0, 2, -1, 0, 1, 0, 0, -1, -1, -1, 0, -1, 2, 0, 0, -1, -1, -1, -2, -1, 2, 1], [0, 1, 0, 0, 1, 0, 0, 0, 0, 0, 0, 0, 1, 1, 0, 0, 1, -1, -1, 0, 1, 1], [0, -1, 1, 0, -1, 0, 0, 1, 1, 1, 0, 0, -1, 0, 1, 1, 0, 0, 2, 1, -1, -1], [0, 0, 0, 0, 0, 0, 0, 0, 0, 0, 0, 0, 0, 0, 0, 1, 0, 0, 0, 0, 0, 0], [0, 0, 0, 0, -1, 0, 0, 0, 0, 0, 0, -1, -1, 0, 0, 0, -1, 0, 1, 0, 0, -1], [0, 2, 0, 0, 1, 0, 0, 0, 0, 0, 0, -1, 1, 0, 0, 0, 0, -1, -1, 0, 2, 1], [0, 1, -1, 0, 0, 0, 0, -1, -1, -1, 0, -1, 0, 0, 0, -1, -2, 0, 0, -1, 1, 0], [0, 1, -1, 0, 1, 0, 0, -1, -1, -1, 0, 0, 1, 0, 0, -1, 0, 0, -2, 0, 1, 1], [0, 0, 0, 0, 1, 0, 0, 0, 0, 0, 0, 1, 1, 0, 0, 0, 2, 0, -1, 0, 1, 1], [0, -1, 0, 0, -1, 0, 0, 0, 0, 0, 0, 0, -1, 0, 0, 0, -1, 1, 1, 0, -1, 0]]
[[1, 0, 0, 0, 0, 0, 0, 0, 0, 0, 0, 0, 0, 0, 0, 0, 0, 0, 0, 0, 0, 0], [0, 1, 0, 0, 0, 0, 0, 0, 0, 0, 0, 0, 0, 0, 0, 0, 0, 0, 0, 0, 0, 0], [0, 0, 1, 0, 0, 0, 0, 0, 0, 0, 0, 0, 0, 0, 0, 0, 0, 0, 0, 0, 0, 0], [0, 0, 0, 1, 0, 0, 0, 0, 0, 0, 0, 0, 0, 0, 0, 0, 0, 0, 0, 0, 0, 0], [0, 0, 0, 0, 1, 0, 0, 0, 0, 0, 0, 0, 0, 0, 0, 0, 0, 0, 0, 0, 0, 0], [0, 0, 0, 0, 0, 1, 0, 0, 0, 0, 0, 0, 0, 0, 0, 0, 0, 0, 0, 0, 0, 0], [0, 0, 0, 0, 0, 0, 1, 0, 0, 0, 0, 0, 0, 0, 0, 0, 0, 0, 0, 0, 0, 0], [0, 0, 0, 0, 0, 0, 0, 1, 0, 0, 0, 0, 0, 0, 0, 0, 0, 0, 0, 0, 0, 0], [0, 0, 0, 0, 0, 0, 0, 0, 1, 0, 0, 0, 0, 0, 0, 0, 0, 0, 0, 0, 0, 0], [0, 0, 0, 0, 0, 0, 0, 0, 0, 1, 0, 0, 0, 0, 0, 0, 0, 0, 0, 0, 0, 0], [0, 0, 0, 0, 0, 0, 0, 0, 0, 0, 1, 0, 0, 0, 0, 0, 0, 0, 0, 0, 0, 0], [0, 0, 0, 0, 0, 0, 0, 0, 0, 0, 0, 1, 0, 0, 0, 0, 0, 0, 0, 0, 0, 0], [0, 0, 0, 0, 0, 0, 0, 0, 0, 0, 0, 0, 1, 0, 0, 0, 0, 0, 0, 0, 0, 0], [0, 0, 0, 0, 0, 0, 0, 0, 0, 0, 0, 0, 0, 1, 0, 0, 0, 0, 0, 0, 0, 0], [0, 0, 0, 0, 0, 0, 0, 0, 0, 0, 0, 0, 0, 0, 1, 0, 0, 0, 0, 0, 0, 0], [0, 0, 0, 0, 0, 0, 0, 0, 0, 0, 0, 0, 0, 0, 0, 1, 0, 0, 0, 0, 0, 0], [0, 0, 0, 0, 0, 0, 0, 0, 0, 0, 0, 0, 0, 0, 0, 0, 1, 0, 0, 0, 0, 0], [0, 0, 0, 0, 0, 0, 0, 0, 0, 0, 0, 0, 0, 0, 0, 0, 0, 1, 0, 0, 0, 0], [0, 0, 0, 0, 0, 0, 0, 0, 0, 0, 0, 0, 0, 0, 0, 0, 0, 0, 1, 0, 0, 0], [0, 0, 0, 0, 0, 0, 0, 0, 0, 0, 0, 0, 0, 0, 0, 0, 0, 0, 0, 1, 0, 0], [0, 0, 0, 0, 0, 0, 0, 0, 0, 0, 0, 0, 0, 0, 0, 0, 0, 0, 0, 0, 1, 0], [0, 0, 0, 0, 0, 0, 0, 0, 0, 0, 0, 0, 0, 0, 0, 0, 0, 0, 0, 0, 0, 1]]
[[0, 0, 1, 0, 1, -2, 0, -1, 0, 0, -1, -1, 1, -1, 0, 0, -1, -1, 1, 0, -1, 0], [0, 1, 0, 0, -1, 1, 0, 1, 0, 0, 0, 0, -1, 1, 0, 1, 0, 0, 0, 0, 0, 0], [1, -2, 0, 1, 0, 0, 1, -1, 0, 0, 0, 2, 0, -1, -1, -2, 1, 2, -1, 1, -1, -1], [0, 0, 0, 1, 0, 0, 0, 0, 0, 0, 0, 0, 0, 0, 0, 0, 0, 0, 0, 0, 0, 0], [1, 0, -1, 0, 0, 2, 0, 1, 0, 0, 1, 1, -1, 1, 0, 0, 1, 1, -1, 0, 1, 0], [0, 0, 0, 0, 1, 0, 0, -1, 0, 0, 0, 0, 1, -1, 0, -1, 0, 0, 0, 0, 0, 0], [1, 0, -1, 0, -2, 3, 1, 2, 0, 0, 1, 1, -2, 2, 0, 1, 1, 1, -1, 0, 1, 0], [1, -2, -1, 1, -1, 1, 1, 1, 0, 0, 0, 2, -1, 0, -1, -1, 1, 2, -1, 1, -1, -1], [0, 2, 0, -1, 0, 1, -1, 1, 1, 0, 1, -1, 0, 1, 1, 1, 0, -1, 0, -1, 2, 1], [-2, 2, 2, -1, 2, -3, -1, -1, 0, 1, -1, -3, 2, -1, 1, 1, -2, -3, 2, -1, 0, 1], [1, -2, -1, 1, -1, 1, 1, 0, 0, 0, 1, 2, -1, 0, -1, -1, 1, 2, -1, 1, -1, -1], [0, 0, 0, 0, -1, 1, 0, 1, 0, 0, 0, 1, -1, 1, 0, 1, 0, 0, 0, 0, 0, 0], [0, -2, 0, 1, 1, -2, 1, -2, 0, 0, -1, 1, 2, -2, -1, -2, 0, 1, 0, 1, -2, -1], [0, 0, 0, 0, 1, -1, 0, -1, 0, 0, 0, 0, 1, 0, 0, -1, 0, 0, 0, 0, 0, 0], [-1, 0, 1, 0, 0, -1, 0, 0, 0, 0, -1, -1, 0, 0, 1, 1, -1, -1, 1, 0, -1, 0], [0, 0, 0, 0, 1, -1, 0, -1, 0, 0, 0, 0, 1, -1, 0, 0, 0, 0, 0, 0, 0, 0], [0, 0, 0, 0, -1, 1, 0, 1, 0, 0, 0, 0, -1, 1, 0, 1, 1, 0, 0, 0, 0, 0], [0, 0, 0, 0, 0, 0, 0, 0, 0, 0, 0, 0, 0, 0, 0, 0, 0, 1, 0, 0, 0, 0], [1, 0, -1, 0, -2, 3, 0, 2, 0, 0, 1, 1, -2, 2, 0, 1, 1, 1, 0, 0, 1, 0], [0, 0, 0, 0, 1, -1, 0, -1, 0, 0, 0, 0, 1, -1, 0, -1, 0, 0, 0, 1, 0, 0], [0, 0, 0, 0, 0, 0, 0, 0, 0, 0, 0, 0, 0, 0, 0, 0, 0, 0, 0, 0, 1, 0], [0, 0, 0, 0, -1, 1, 0, 1, 0, 0, 0, 0, -1, 1, 0, 1, 0, 0, 0, 0, 0, 1]]
[[1, 0, 0, 0, 0, 0, 0, 0, 0, 0, 0, 0, 0, 0, 0, 0, 0, 0, 0, 0, 0, 0], [0, 1, 0, 0, 0, 0, 0, 0, 0, 0, 0, 0, 0, 0, 0, 0, 0, 0, 0, 0, 0, 0], [0, 0, 1, 0, 0, 0, 0, 0, 0, 0, 0, 0, 0, 0, 0, 0, 0, 0, 0, 0, 0, 0], [0, 0, 0, 1, 0, 0, 0, 0, 0, 0, 0, 0, 0, 0, 0, 0, 0, 0, 0, 0, 0, 0], [0, 0, 0, 0, 1, 0, 0, 0, 0, 0, 0, 0, 0, 0, 0, 0, 0, 0, 0, 0, 0, 0], [0, 0, 0, 0, 0, 1, 0, 0, 0, 0, 0, 0, 0, 0, 0, 0, 0, 0, 0, 0, 0, 0], [0, 0, 0, 0, 0, 0, 1, 0, 0, 0, 0, 0, 0, 0, 0, 0, 0, 0, 0, 0, 0, 0], [0, 0, 0, 0, 0, 0, 0, 1, 0, 0, 0, 0, 0, 0, 0, 0, 0, 0, 0, 0, 0, 0], [0, 0, 0, 0, 0, 0, 0, 0, 1, 0, 0, 0, 0, 0, 0, 0, 0, 0, 0, 0, 0, 0], [0, 0, 0, 0, 0, 0, 0, 0, 0, 1, 0, 0, 0, 0, 0, 0, 0, 0, 0, 0, 0, 0], [0, 0, 0, 0, 0, 0, 0, 0, 0, 0, 1, 0, 0, 0, 0, 0, 0, 0, 0, 0, 0, 0], [0, 0, 0, 0, 0, 0, 0, 0, 0, 0, 0, 1, 0, 0, 0, 0, 0, 0, 0, 0, 0, 0], [0, 0, 0, 0, 0, 0, 0, 0, 0, 0, 0, 0, 1, 0, 0, 0, 0, 0, 0, 0, 0, 0], [0, 0, 0, 0, 0, 0, 0, 0, 0, 0, 0, 0, 0, 1, 0, 0, 0, 0, 0, 0, 0, 0], [0, 0, 0, 0, 0, 0, 0, 0, 0, 0, 0, 0, 0, 0, 1, 0, 0, 0, 0, 0, 0, 0], [0, 0, 0, 0, 0, 0, 0, 0, 0, 0, 0, 0, 0, 0, 0, 1, 0, 0, 0, 0, 0, 0], [0, 0, 0, 0, 0, 0, 0, 0, 0, 0, 0, 0, 0, 0, 0, 0, 1, 0, 0, 0, 0, 0], [0, 0, 0, 0, 0, 0, 0, 0, 0, 0, 0, 0, 0, 0, 0, 0, 0, 1, 0, 0, 0, 0], [0, 0, 0, 0, 0, 0, 0, 0, 0, 0, 0, 0, 0, 0, 0, 0, 0, 0, 1, 0, 0, 0], [0, 0, 0, 0, 0, 0, 0, 0, 0, 0, 0, 0, 0, 0, 0, 0, 0, 0, 0, 1, 0, 0], [0, 0, 0, 0, 0, 0, 0, 0, 0, 0, 0, 0, 0, 0, 0, 0, 0, 0, 0, 0, 1, 0], [0, 0, 0, 0, 0, 0, 0, 0, 0, 0, 0, 0, 0, 0, 0, 0, 0, 0, 0, 0, 0, 1]]
[[-1, 0, 0, -1, -1, -1, -1, -1, -1, 0, 0, -2, -1, -1, -1, 0, -1, -1, 2, 0, -1, -2], [1, 1, 0, 1, 1, 1, 1, 1, 1, 0, -1, 1, 1, 1, 1, 1, 0, 0, 0, 1, 1, 1], [-1, 0, -1, -2, -1, -1, -2, -2, -2, -1, 2, -3, -1, -1, -1, -1, -1, -1, 2, -2, -1, -2], [0, 4, -1, 0, 1, -2, -1, -1, -2, 0, 0, -4, 1, -1, -1, 0, -3, -2, 2, -3, 2, -1], [1, -2, 1, 1, 1, 2, 1, 1, 2, 0, 0, 4, 0, 1, 1, 0, 3, 2, -3, 2, 0, 2], [0, 4, -1, -1, 1, -1, -1, -1, -2, 0, 0, -4, 1, -1, -1, 0, -3, -2, 2, -3, 2, -1], [1, -2, 1, 1, 0, 2, 2, 1, 2, 0, 0, 4, 0, 1, 1, 0, 3, 2, -3, 2, 0, 2], [0, -2, -1, -1, -1, 1, -1, 0, 0, -1, 2, 1, -1, 0, 0, -1, 2, 1, -1, 0, -1, 0], [1, 0, 2, 2, 1, 1, 2, 2, 3, 1, -2, 3, 1, 1, 1, 1, 1, 1, -2, 2, 1, 2], [0, 2, 0, 0, 1, 0, 0, 0, 0, 1, -1, -1, 1, 0, 0, 1, -1, -1, 1, 0, 2, 0], [-1, 1, -2, -2, -1, -2, -2, -2, -3, -1, 3, -4, -1, -1, -1, -1, -2, -2, 2, -3, -1, -2], [1, -2, 0, 1, 0, 1, 1, 1, 1, 0, 0, 3, 0, 1, 1, 0, 1, 1, -1, 1, -1, 1], [-3, 1, -2, -3, -2, -3, -3, -3, -4, -1, 2, -6, -1, -2, -2, -1, -3, -3, 4, -3, -2, -4], [-1, -2, 1, 0, -1, 1, 0, 0, 1, 0, 0, 2, -1, 1, 0, 0, 2, 1, -1, 2, -1, 0], [1, 2, 1, 1, 2, 1, 1, 1, 2, 1, -2, 1, 2, 0, 1, 1, 0, 1, 0, 1, 3, 1], [-1, 0, -1, -1, -1, -2, -1, -1, -2, 0, 1, -3, -1, -1, -1, 0, -2, -1, 2, -2, -2, -2], [1, -1, 2, 2, 1, 2, 2, 2, 3, 1, -2, 4, 1, 1, 1, 1, 3, 2, -2, 3, 1, 2], [-1, 0, -1, -1, -1, -1, -1, -1, -2, -1, 1, -2, -1, 0, 0, 0, -1, -1, 1, -1, -1, -1], [1, -1, 1, 1, 0, 1, 1, 1, 1, 0, 0, 3, 0, 1, 1, 0, 2, 1, -2, 1, 0, 2], [-1, 1, -2, -2, -1, -2, -2, -2, -3, -1, 2, -4, -1, -1, -1, -1, -2, -2, 2, -2, -1, -2], [0, -2, 0, 0, -1, 0, 0, 0, 0, 0, 1, 1, -1, 0, 0, -1, 1, 1, -1, 0, -1, 0], [0, 1, 0, 0, 0, -1, 0, 0, -1, 0, 0, -1, 0, 0, 0, 0, -1, -1, 0, -1, 0, 1]]
[[1, 0, 0, 0, 0, 0, 0, 0, 0, 0, 0, 0, 0, 0, 0, 0, 0, 0, 0, 0, 0, 0], [0, 1, 0, 0, 0, 0, 0, 0, 0, 0, 0, 0, 0, 0, 0, 0, 0, 0, 0, 0, 0, 0], [0, 0, 1, 0, 0, 0, 0, 0, 0, 0, 0, 0, 0, 0, 0, 0, 0, 0, 0, 0, 0, 0], [0, 0, 0, 1, 0, 0, 0, 0, 0, 0, 0, 0, 0, 0, 0, 0, 0, 0, 0, 0, 0, 0], [0, 0, 0, 0, 1, 0, 0, 0, 0, 0, 0, 0, 0, 0, 0, 0, 0, 0, 0, 0, 0, 0], [0, 0, 0, 0, 0, 1, 0, 0, 0, 0, 0, 0, 0, 0, 0, 0, 0, 0, 0, 0, 0, 0], [0, 0, 0, 0, 0, 0, 1, 0, 0, 0, 0, 0, 0, 0, 0, 0, 0, 0, 0, 0, 0, 0], [0, 0, 0, 0, 0, 0, 0, 1, 0, 0, 0, 0, 0, 0, 0, 0, 0, 0, 0, 0, 0, 0], [0, 0, 0, 0, 0, 0, 0, 0, 1, 0, 0, 0, 0, 0, 0, 0, 0, 0, 0, 0, 0, 0], [0, 0, 0, 0, 0, 0, 0, 0, 0, 1, 0, 0, 0, 0, 0, 0, 0, 0, 0, 0, 0, 0], [0, 0, 0, 0, 0, 0, 0, 0, 0, 0, 1, 0, 0, 0, 0, 0, 0, 0, 0, 0, 0, 0], [0, 0, 0, 0, 0, 0, 0, 0, 0, 0, 0, 1, 0, 0, 0, 0, 0, 0, 0, 0, 0, 0], [0, 0, 0, 0, 0, 0, 0, 0, 0, 0, 0, 0, 1, 0, 0, 0, 0, 0, 0, 0, 0, 0], [0, 0, 0, 0, 0, 0, 0, 0, 0, 0, 0, 0, 0, 1, 0, 0, 0, 0, 0, 0, 0, 0], [0, 0, 0, 0, 0, 0, 0, 0, 0, 0, 0, 0, 0, 0, 1, 0, 0, 0, 0, 0, 0, 0], [0, 0, 0, 0, 0, 0, 0, 0, 0, 0, 0, 0, 0, 0, 0, 1, 0, 0, 0, 0, 0, 0], [0, 0, 0, 0, 0, 0, 0, 0, 0, 0, 0, 0, 0, 0, 0, 0, 1, 0, 0, 0, 0, 0], [0, 0, 0, 0, 0, 0, 0, 0, 0, 0, 0, 0, 0, 0, 0, 0, 0, 1, 0, 0, 0, 0], [0, 0, 0, 0, 0, 0, 0, 0, 0, 0, 0, 0, 0, 0, 0, 0, 0, 0, 1, 0, 0, 0], [0, 0, 0, 0, 0, 0, 0, 0, 0, 0, 0, 0, 0, 0, 0, 0, 0, 0, 0, 1, 0, 0], [0, 0, 0, 0, 0, 0, 0, 0, 0, 0, 0, 0, 0, 0, 0, 0, 0, 0, 0, 0, 1, 0], [0, 0, 0, 0, 0, 0, 0, 0, 0, 0, 0, 0, 0, 0, 0, 0, 0, 0, 0, 0, 0, 1]]
[[1, 0, 0, 0, 0, 0, 0, 0, 0, 0, 0, 0, 0, 0, 0, 0, 0, 0, 0, 0, 0, 0], [0, 1, 0, 0, 0, 0, 0, 0, 0, 0, 0, 0, 0, 0, 0, 0, 0, 0, 0, 0, 0, 0], [0, 0, 1, 0, 0, 0, 0, 0, 0, 0, 0, 0, 0, 0, 0, 0, 0, 0, 0, 0, 0, 0], [0, 0, 0, 1, 0, 0, 0, 0, 0, 0, 0, 0, 0, 0, 0, 0, 0, 0, 0, 0, 0, 0], [0, 0, 0, 0, 1, 0, 0, 0, 0, 0, 0, 0, 0, 0, 0, 0, 0, 0, 0, 0, 0, 0], [0, 0, 0, 0, 0, 1, 0, 0, 0, 0, 0, 0, 0, 0, 0, 0, 0, 0, 0, 0, 0, 0], [0, 0, 0, 0, 0, 0, 1, 0, 0, 0, 0, 0, 0, 0, 0, 0, 0, 0, 0, 0, 0, 0], [0, 0, 0, 0, 0, 0, 0, 1, 0, 0, 0, 0, 0, 0, 0, 0, 0, 0, 0, 0, 0, 0], [0, 0, 0, 0, 0, 0, 0, 0, 1, 0, 0, 0, 0, 0, 0, 0, 0, 0, 0, 0, 0, 0], [0, 0, 0, 0, 0, 0, 0, 0, 0, 1, 0, 0, 0, 0, 0, 0, 0, 0, 0, 0, 0, 0], [0, 0, 0, 0, 0, 0, 0, 0, 0, 0, 1, 0, 0, 0, 0, 0, 0, 0, 0, 0, 0, 0], [0, 0, 0, 0, 0, 0, 0, 0, 0, 0, 0, 1, 0, 0, 0, 0, 0, 0, 0, 0, 0, 0], [0, 0, 0, 0, 0, 0, 0, 0, 0, 0, 0, 0, 1, 0, 0, 0, 0, 0, 0, 0, 0, 0], [0, 0, 0, 0, 0, 0, 0, 0, 0, 0, 0, 0, 0, 1, 0, 0, 0, 0, 0, 0, 0, 0], [0, 0, 0, 0, 0, 0, 0, 0, 0, 0, 0, 0, 0, 0, 1, 0, 0, 0, 0, 0, 0, 0], [0, 0, 0, 0, 0, 0, 0, 0, 0, 0, 0, 0, 0, 0, 0, 1, 0, 0, 0, 0, 0, 0], [0, 0, 0, 0, 0, 0, 0, 0, 0, 0, 0, 0, 0, 0, 0, 0, 1, 0, 0, 0, 0, 0], [0, 0, 0, 0, 0, 0, 0, 0, 0, 0, 0, 0, 0, 0, 0, 0, 0, 1, 0, 0, 0, 0], [0, 0, 0, 0, 0, 0, 0, 0, 0, 0, 0, 0, 0, 0, 0, 0, 0, 0, 1, 0, 0, 0], [0, 0, 0, 0, 0, 0, 0, 0, 0, 0, 0, 0, 0, 0, 0, 0, 0, 0, 0, 1, 0, 0], [0, 0, 0, 0, 0, 0, 0, 0, 0, 0, 0, 0, 0, 0, 0, 0, 0, 0, 0, 0, 1, 0], [0, 0, 0, 0, 0, 0, 0, 0, 0, 0, 0, 0, 0, 0, 0, 0, 0, 0, 0, 0, 0, 1]]
[[1, 0, 0, 0, 0, 0, 0, 0, 0, 0, 0, 0, 0, 0, 0, 0, 0, 0, 0, 0, 0, 0], [0, 0, 1, 0, -1, 0, 0, 1, 1, 1, 0, 0, -1, 0, 0, 1, 0, 0, 1, 1, -1, 0], [0, 1, 0, 0, 1, 0, 0, -1, -1, -1, 0, 0, 1, 0, 0, -1, 0, 0, -2, -1, 1, 1], [0, 0, 0, 1, 0, 0, 0, 0, 0, 0, 0, 0, 0, 0, 0, 0, 0, 0, 1, 0, 0, -1], [0, 0, 0, 0, 1, 0, 0, 0, 0, 0, 0, 0, 0, 0, 0, 0, 0, 0, 0, 0, 0, 0], [0, 0, 0, 0, 0, 1, 0, 0, 0, 0, 0, 0, 0, 0, 0, 0, 0, 0, 1, 0, 0, -1], [0, 0, 0, 0, 0, 0, 1, 0, 0, 0, 0, 0, 0, 0, 0, 0, 0, 0, 0, 0, 0, 0], [0, 1, -1, 0, 1, 0, 0, 0, -1, -1, 0, 0, 1, 0, 0, -1, 0, 0, -2, -1, 1, 1], [0, 0, 0, 0, 0, 0, 0, 0, 1, 0, 0, 0, 0, 0, 0, 0, 0, 0, 1, 0, 0, -1], [0, -1, 1, 0, -1, 0, 0, 1, 1, 2, 0, 0, -1, 0, 0, 1, 0, 0, 2, 1, -1, -1], [0, 1, -1, 0, 1, 0, 0, -1, -1, -1, 1, 0, 1, 0, 0, -1, 0, 0, -2, -1, 1, 1], [0, 0, 0, 0, 0, 0, 0, 0, 0, 0, 0, 1, 0, 0, 0, 0, 0, 0, 0, 0, 0, 0], [0, 0, 0, 0, 0, 0, 0, 0, 0, 0, 0, 0, 1, 0, 0, 0, 0, 0, -2, 0, 0, 2], [0, 0, 0, 0, 0, 0, 0, 0, 0, 0, 0, 0, 0, 1, 0, 0, 0, 0, -1, 0, 0, 1], [0, -1, 1, 0, -1, 0, 0, 1, 1, 1, 0, 0, -1, 0, 1, 1, 0, 0, 2, 1, -1, -1], [0, 0, 0, 0, 0, 0, 0, 0, 0, 0, 0, 0, 0, 0, 0, 1, 0, 0, 0, 0, 0, 0], [0, -1, 1, 0, -1, 0, 0, 1, 1, 1, 0, 0, -1, 0, 0, 1, 1, 0, 1, 1, -1, 0], [0, 2, 0, 0, 1, 0, 0, 0, 0, 0, 0, -1, 1, 0, 0, 0, 0, -1, -1, 0, 2, 1], [0, 0, 0, 0, 0, 0, 0, 0, 0, 0, 0, 0, 0, 0, 0, 0, 0, 0, 0, 0, 0, 1], [0, 1, -1, 0, 1, 0, 0, -1, -1, -1, 0, 0, 1, 0, 0, -1, 0, 0, -2, 0, 1, 1], [0, 1, -1, 0, 1, 0, 0, -1, -1, -1, 0, 0, 1, 0, 0, -1, 0, 0, -1, -1, 2, 0], [0, 0, 0, 0, 0, 0, 0, 0, 0, 0, 0, 0, 0, 0, 0, 0, 0, 0, 1, 0, 0, 0]]
[[1, -2, 0, 0, -1, 0, 0, 0, 0, 0, 1, 1, -1, 0, 0, 0, 1, 1, 0, 0, -2, 0], [0, 1, 0, 0, 0, 0, 0, 0, 0, 0, 0, 0, 0, 0, 0, 0, 0, 0, 0, 0, 0, 0], [0, -2, -1, 0, 0, 0, 0, -1, -1, -1, 1, 1, 0, 0, 0, -1, 1, 1, -1, 0, -1, 0], [0, 2, 0, 1, 1, 0, 0, 0, 0, 0, -1, -1, 1, 0, 0, 0, -1, -1, 0, 0, 2, 0], [0, 0, 0, 0, 1, 0, 0, 0, 0, 0, 0, 0, 0, 0, 0, 0, 0, 0, 0, 0, 0, 0], [0, 0, 0, 0, 0, 1, 0, 0, 0, 0, 0, 0, 0, 0, 0, 0, 0, 0, 0, 0, 0, 0], [0, 2, 0, 0, 1, 0, 1, 0, 0, 0, -1, -1, 1, 0, 0, 0, -1, -1, 0, 0, 2, 0], [0, -2, 0, 0, -1, 0, 0, 1, 0, 0, 1, 1, -1, 0, 0, 0, 1, 1, 0, 0, -2, 0], [0, 2, 0, 0, 1, 0, 0, 0, 1, 0, -1, -1, 1, 0, 0, 0, -1, -1, 0, 0, 2, 0], [0, 0, 0, 0, 0, 0, 0, 0, 0, 1, 0, 0, 0, 0, 0, 0, 0, 0, 0, 0, 0, 0], [0, 0, 0, 0, 0, 0, 0, 0, 0, 0, 1, 0, 0, 0, 0, 0, 0, 0, 0, 0, 0, 0], [0, 0, 0, 0, 0, 0, 0, 0, 0, 0, 0, 1, 0, 0, 0, 0, 0, 0, 0, 0, 0, 0], [0, -2, 0, 0, -1, 0, 0, 0, 0, 0, 1, 1, 0, 0, 0, 0, 1, 1, 0, 0, -2, 0], [0, -2, 0, 0, -1, 0, 0, 0, 0, 0, 1, 1, -1, 1, 0, 0, 1, 1, 0, 0, -2, 0], [0, 2, 0, 0, 1, 0, 0, 0, 0, 0, -1, -1, 1, 0, 1, 0, -1, -1, 0, 0, 2, 0], [0, 0, 0, 0, 0, 0, 0, 0, 0, 0, 0, 0, 0, 0, 0, 1, 0, 0, 0, 0, 0, 0], [0, 2, 0, 0, 1, 0, 0, 0, 0, 0, -1, -1, 1, 0, 0, 0, 0, -1, 0, 0, 2, 0], [0, 0, 0, 0, 0, 0, 0, 0, 0, 0, 0, 0, 0, 0, 0, 0, 0, 1, 0, 0, 0, 0], [0, 2, 0, 0, 1, 0, 0, 0, 0, 0, -1, -1, 1, 0, 0, 0, -1, -1, 1, 0, 2, 0], [0, -2, 0, 0, -1, 0, 0, 0, 0, 0, 1, 1, -1, 0, 0, 0, 1, 1, 0, 1, -2, 0], [0, 0, 0, 0, 0, 0, 0, 0, 0, 0, 0, 0, 0, 0, 0, 0, 0, 0, 0, 0, 1, 0], [-1, 0, 0, 0, 0, -1, 0, -1, -1, 0, -1, -1, 0, -1, -1, -1, -1, -1, 0, 0, 0, -1]]

#################
# GALOIS GROUPS #
#################


Generators of the monodromy group on the generic Picard lattice:
[[1, 0, 0, 0, 0, 0, 0, 0, 0, 0, 0, 0, 0, 0], [0, 1, 0, 0, 0, 0, 0, 0, 0, 0, 0, 0, 0, 0], [0, 0, 1, 0, 0, 0, 0, 0, 0, 0, 0, 0, 0, 0], [0, 0, 0, 1, 0, 0, 0, 0, 0, 0, 0, 0, 0, 0], [0, 0, 0, 0, 1, 0, 0, 0, 0, 0, 0, 0, 0, 0], [0, 0, 0, 0, 0, 1, 0, 0, 0, 0, 0, 0, 0, 0], [0, 0, 0, 0, 0, 0, 1, 0, 0, 0, 0, 0, 0, 0], [0, 0, 0, 0, 0, 0, 0, 1, 0, 0, 0, 0, 0, 0], [0, 0, 0, 0, 0, 0, 0, 0, 1, 0, 0, 0, 0, 0], [0, 0, 0, 0, 0, 0, 0, 0, 0, 1, 0, 0, 0, 0], [0, 0, 0, 0, 0, 0, 0, 0, 0, 0, 1, 0, 0, 0], [0, 0, 0, 0, 0, 0, 0, 0, 0, 0, 0, 1, 0, 0], [0, 0, 0, 0, 0, 0, 0, 0, 0, 0, 0, 0, 1, 0], [0, 0, 0, 0, 0, 0, 0, 0, 0, 0, 0, 0, 0, 1]]
[[1, 0, 0, 1, 0, 0, 0, 1, 1, 0, -1, 1, 1, 0], [0, 1, 0, 0, 0, 0, 0, 0, 0, 0, 0, 0, 0, 0], [0, 0, 1, 2, 0, 0, 0, 2, 2, 0, -2, 2, 2, 0], [0, 0, 0, 0, -1, 1, 1, 0, 0, 0, 0, 0, 0, 0], [0, 0, 0, 0, 1, 0, 0, 0, 0, 0, 0, 0, 0, 0], [0, 0, 0, 1, 0, 1, 0, 1, 1, 0, -1, 1, 1, 0], [0, 0, 0, 0, 1, -1, 0, -1, -1, 0, 1, -1, -1, 0], [0, 0, 0, 1, 1, -1, -1, 1, 0, 0, 0, 0, 0, 0], [0, 0, 0, -2, 0, 0, 0, -2, -1, 0, 2, -2, -2, 0], [0, 0, 0, -1, -1, 1, 1, 0, 0, 1, 0, 0, 0, 0], [0, 0, 0, 2, 0, 0, 0, 2, 2, 0, -1, 2, 2, 0], [0, 0, 0, -1, 0, 0, 0, -1, -1, 0, 1, 0, -1, 0], [0, 0, 0, 3, 0, 0, 0, 3, 3, 0, -3, 3, 4, 0], [0, 0, 0, -1, 0, 0, 0, -1, -1, 0, 1, -1, -1, 1]]
[[1, 0, 0, 0, 0, 0, 0, 0, 0, 0, 0, 0, 0, 0], [0, 1, 0, 0, 0, 0, 0, 0, 0, 0, 0, 0, 0, 0], [0, 0, 1, 0, 0, 0, 0, 0, 0, 0, 0, 0, 0, 0], [0, 0, 0, 1, 0, 0, 0, 0, 0, 0, 0, 0, 0, 0], [0, 0, 0, 0, 1, 0, 0, 0, 0, 0, 0, 0, 0, 0], [0, 0, 0, 0, 0, 1, 0, 0, 0, 0, 0, 0, 0, 0], [0, 0, 0, 0, 0, 0, 1, 0, 0, 0, 0, 0, 0, 0], [0, 0, 0, 0, 0, 0, 0, 1, 0, 0, 0, 0, 0, 0], [0, 0, 0, 0, 0, 0, 0, 0, 1, 0, 0, 0, 0, 0], [0, 0, 0, 0, 0, 0, 0, 0, 0, 1, 0, 0, 0, 0], [0, 0, 0, 0, 0, 0, 0, 0, 0, 0, 1, 0, 0, 0], [0, 0, 0, 0, 0, 0, 0, 0, 0, 0, 0, 1, 0, 0], [0, 0, 0, 0, 0, 0, 0, 0, 0, 0, 0, 0, 1, 0], [0, 0, 0, 0, 0, 0, 0, 0, 0, 0, 0, 0, 0, 1]]
[[0, 0, 0, 1, 1, 0, -1, 1, 1, 0, -1, 2, 1, 0], [0, 1, 0, 0, 0, 0, 0, 0, 0, 0, 0, -1, 0, 0], [0, 0, 1, 2, 2, 0, 0, 2, 2, 0, -2, 3, 2, 0], [-1, 0, 0, -2, -4, 0, 1, -1, -1, 1, 1, -3, -2, -1], [0, 0, 0, -1, 0, 0, 0, -1, -1, 0, 1, -1, -1, 0], [1, 0, 0, 0, 0, 1, 1, 0, 0, 0, 0, 1, 0, 0], [-1, 0, 0, -1, -1, 0, 0, -1, -1, 0, 1, -2, -1, 0], [1, 0, 0, 3, 3, 1, 0, 2, 2, -1, -2, 4, 3, 0], [0, 0, 0, -2, -1, -1, -1, -2, -2, 0, 3, -3, -3, 1], [0, 0, 0, -1, -2, 1, 1, -1, 0, 1, 0, 0, 0, -1], [0, 0, 0, 2, 2, 0, 0, 2, 2, 0, -1, 2, 2, 0], [0, 0, 0, 0, 0, 0, 0, 0, 0, 0, 0, -1, 0, 0], [0, 0, 0, 3, 3, 0, 0, 3, 3, 0, -3, 5, 4, 0], [0, 0, 0, -1, -2, 1, 1, -1, 0, 0, 0, 0, 0, 0]]
[[1, 0, 0, 0, 0, 0, 0, 0, 0, 0, 0, 0, 0, 0], [0, 1, 0, 0, 0, 0, 0, 0, 0, 0, 0, 0, 0, 0], [0, 0, 1, 0, 0, 0, 0, 0, 0, 0, 0, 0, 0, 0], [0, 0, 0, 1, 0, 0, 0, 0, 0, 0, 0, 0, 0, 0], [0, 0, 0, 0, 1, 0, 0, 0, 0, 0, 0, 0, 0, 0], [0, 0, 0, 0, 0, 1, 0, 0, 0, 0, 0, 0, 0, 0], [0, 0, 0, 0, 0, 0, 1, 0, 0, 0, 0, 0, 0, 0], [0, 0, 0, 0, 0, 0, 0, 1, 0, 0, 0, 0, 0, 0], [0, 0, 0, 0, 0, 0, 0, 0, 1, 0, 0, 0, 0, 0], [0, 0, 0, 0, 0, 0, 0, 0, 0, 1, 0, 0, 0, 0], [0, 0, 0, 0, 0, 0, 0, 0, 0, 0, 1, 0, 0, 0], [0, 0, 0, 0, 0, 0, 0, 0, 0, 0, 0, 1, 0, 0], [0, 0, 0, 0, 0, 0, 0, 0, 0, 0, 0, 0, 1, 0], [0, 0, 0, 0, 0, 0, 0, 0, 0, 0, 0, 0, 0, 1]]
[[1, 0, 0, 0, 0, 0, 0, 0, 0, 0, 0, 0, 0, 0], [0, 1, 0, 0, 0, 0, 0, 0, 0, 0, 0, 0, 0, 0], [0, 0, 1, 0, 0, 0, 0, 0, 0, 0, 0, 0, 0, 0], [0, 0, 0, 1, 0, 0, 0, 0, 0, 0, 0, 0, 0, 0], [0, 0, 0, 0, 1, 0, 0, 0, 0, 0, 0, 0, 0, 0], [0, 0, 0, 0, 0, 1, 0, 0, 0, 0, 0, 0, 0, 0], [0, 0, 0, 0, 0, 0, 1, 0, 0, 0, 0, 0, 0, 0], [0, 0, 0, 0, 0, 0, 0, 1, 0, 0, 0, 0, 0, 0], [0, 0, 0, 0, 0, 0, 0, 0, 1, 0, 0, 0, 0, 0], [0, 0, 0, 0, 0, 0, 0, 0, 0, 1, 0, 0, 0, 0], [0, 0, 0, 0, 0, 0, 0, 0, 0, 0, 1, 0, 0, 0], [0, 0, 0, 0, 0, 0, 0, 0, 0, 0, 0, 1, 0, 0], [0, 0, 0, 0, 0, 0, 0, 0, 0, 0, 0, 0, 1, 0], [0, 0, 0, 0, 0, 0, 0, 0, 0, 0, 0, 0, 0, 1]]
[[-2, 0, 1, -2, -5, -1, 1, -1, -1, 1, 0, -4, -2, -1], [0, 0, -1, 0, -1, 1, 1, 0, 0, 0, -1, 1, 1, -1], [-2, -2, 2, -2, 0, -2, -1, -2, 0, 0, 1, -2, -1, 2], [2, 1, -1, 3, 1, 2, 1, 2, 1, 0, -1, 3, 2, -1], [0, 0, 0, 0, 1, 0, 0, 0, 0, 0, 0, 0, 0, 0], [1, 0, 0, 2, 0, 3, 2, 2, 2, 1, -2, 4, 3, -1], [1, 0, 0, 0, 3, -1, -1, -1, -1, -1, 1, 0, -1, 1], [-1, -2, 1, -2, 3, -3, -3, -2, -1, -1, 2, -2, -2, 3], [2, 2, -1, 2, 0, 2, 1, 2, 1, 0, -1, 2, 1, -2], [0, 1, -2, 0, -4, 2, 2, 1, -1, 1, -1, -1, 0, -3], [-2, -2, 2, -2, 1, -3, -2, -3, -1, 0, 2, -2, -2, 2], [1, 0, -1, 0, 2, 0, -1, 0, 0, -1, 1, 1, 0, 1], [-5, -2, 3, -4, -4, -4, -1, -4, -2, 1, 1, -6, -3, 1], [2, 1, -2, 2, -1, 3, 2, 2, 0, 0, -2, 3, 2, -2]]
[[-1, 0, 1, -2, -1, -2, -1, -1, -1, 0, 1, -3, -2, 1], [0, 1, 0, 0, 0, 0, 0, 0, 0, 0, 0, 0, 0, 0], [-2, 0, 1, -2, -2, -1, 0, -1, -1, 0, 0, -3, -1, 0], [0, 0, 0, 1, 0, 0, 0, 0, 0, 0, 0, 0, 0, 0], [0, 0, 0, 0, 1, 0, 0, 0, 0, 0, 0, 0, 0, 0], [0, 0, 1, 0, 1, 0, -1, 0, 0, 0, 1, 0, -1, 1], [0, 0, 0, 0, 0, 0, 1, 0, 0, 0, 0, 0, 0, 0], [0, 0, -1, 0, -1, 1, 1, 1, 0, 0, -1, 0, 1, -1], [2, 0, 0, 2, 2, 1, 0, 1, 2, 0, 0, 3, 1, 0], [0, 0, 0, 0, 0, 0, 0, 0, 0, 1, 0, 0, 0, 0], [-2, 0, 0, -2, -2, -1, 0, -1, -1, 0, 1, -3, -1, 0], [0, 0, -1, 0, -1, 1, 1, 0, 0, 0, -1, 1, 1, -1], [-2, 0, 1, -2, -1, -2, -1, -1, -1, 0, 1, -3, -1, 1], [2, 0, 0, 2, 2, 1, 0, 1, 1, 0, 0, 3, 1, 1]]
[[1, 0, 0, 0, 0, 0, 0, 0, 0, 0, 0, 0, 0, 0], [0, 1, 0, 0, 0, 0, 0, 0, 0, 0, 0, 0, 0, 0], [0, 0, 1, 0, 0, 0, 0, 0, 0, 0, 0, 0, 0, 0], [0, 0, 0, 1, 0, 0, 0, 0, 0, 0, 0, 0, 0, 0], [0, 0, 0, 0, 1, 0, 0, 0, 0, 0, 0, 0, 0, 0], [0, 0, 0, 0, 0, 1, 0, 0, 0, 0, 0, 0, 0, 0], [0, 0, 0, 0, 0, 0, 1, 0, 0, 0, 0, 0, 0, 0], [0, 0, 0, 0, 0, 0, 0, 1, 0, 0, 0, 0, 0, 0], [0, 0, 0, 0, 0, 0, 0, 0, 1, 0, 0, 0, 0, 0], [0, 0, 0, 0, 0, 0, 0, 0, 0, 1, 0, 0, 0, 0], [0, 0, 0, 0, 0, 0, 0, 0, 0, 0, 1, 0, 0, 0], [0, 0, 0, 0, 0, 0, 0, 0, 0, 0, 0, 1, 0, 0], [0, 0, 0, 0, 0, 0, 0, 0, 0, 0, 0, 0, 1, 0], [0, 0, 0, 0, 0, 0, 0, 0, 0, 0, 0, 0, 0, 1]]
[[0, 0, 0, -2, -1, 1, 0, -1, -1, 0, 1, 0, -1, 0], [0, 1, 0, 1, 0, 0, 0, 1, 1, 0, -1, 0, 1, 0], [0, 0, 1, -1, 0, 0, 0, -1, -1, 0, 1, 0, -1, 0], [0, 0, 0, 1, 0, 0, 0, 0, 0, 0, 0, 0, 0, 0], [0, 0, 0, 1, 0, 0, 0, 1, 1, 0, -1, 1, 1, 0], [1, 0, 0, 1, 0, 0, 0, 0, 0, 0, 0, 1, 0, 0], [-2, 0, 0, -1, -3, -1, 0, 0, 0, 1, 0, -3, -1, -1], [0, 0, 0, 0, 0, 0, 0, 0, 0, 0, 0, 0, 0, -1], [0, 0, 0, 0, 0, 0, 0, 1, 1, 0, 0, 0, 0, 1], [1, 0, 0, 2, 1, 2, 1, 1, 2, 0, -2, 4, 3, 0], [0, 0, 0, 0, 0, 0, 0, 0, 0, 0, 1, 0, 0, 0], [0, 0, 0, 1, 1, 0, 0, 1, 1, 0, -1, 0, 1, 0], [0, 0, 0, -2, 0, 0, 0, -2, -2, 0, 2, 0, -1, 0], [0, 0, 0, 0, 0, 0, 0, -1, 0, 0, 0, 0, 0, 0]]
[[2, 2, -2, 4, 0, 1, 0, 3, 1, 0, -2, 1, 2, -2], [-1, 0, 1, -2, 0, -1, 0, -2, -1, 0, 1, -1, -1, 1], [3, 3, -2, 6, 0, 3, 0, 6, 3, 0, -3, 3, 3, -3], [0, -1, 1, -1, 0, 0, 0, -1, 0, 0, 1, 0, -1, 1], [-1, -1, 1, -2, 1, -1, 0, -2, -1, 0, 1, -1, -1, 1], [0, 0, 0, 0, 0, 1, 0, 0, 0, 0, 0, 0, 0, 0], [-1, -1, 1, -2, 0, -1, 1, -2, -1, 0, 1, -1, -1, 1], [1, 1, -1, 2, 0, 1, 0, 3, 1, 0, -1, 1, 1, -1], [-3, -2, 2, -4, 0, -3, 0, -5, -2, 0, 2, -3, -2, 2], [-1, -1, 1, -2, 0, -1, 0, -2, -1, 1, 1, -1, -1, 1], [3, 2, -2, 4, 0, 3, 0, 5, 3, 0, -1, 3, 2, -2], [-1, -1, 1, -2, 0, -1, 0, -2, -1, 0, 1, 0, -1, 1], [5, 4, -4, 8, 0, 5, 0, 9, 5, 0, -4, 5, 5, -4], [-1, -1, 1, -2, 0, -1, 0, -2, -1, 0, 1, -1, -1, 2]]
[[1, -3, 0, -1, 3, 2, 0, -1, 1, 0, 0, 5, 2, 1], [1, 1, 0, 2, 1, 1, 0, 2, 2, 0, 0, 1, 1, 0], [0, -3, 1, -2, 3, 1, 0, -2, -1, 0, 0, 4, 1, 2], [-1, 1, 0, 0, -1, -2, 0, -1, -1, 0, 0, -3, -1, -1], [0, 2, 0, 1, -2, 0, 0, 1, 0, 0, 0, -2, -1, -1], [-1, 1, 0, -1, -1, -1, 0, -1, -1, 0, 0, -3, -1, -1], [0, 2, 0, 1, -3, 0, 1, 1, 0, 0, 0, -2, -1, -1], [0, -1, 0, -1, 0, 1, 0, 0, -1, 0, 0, 2, 0, 1], [0, 2, 0, 1, -2, -1, 0, 1, 1, 0, 0, -3, -1, -1], [1, 1, 0, 2, 2, 0, -1, 1, 2, -1, 0, 1, 1, 0], [0, -2, 0, -2, 2, 0, 0, -2, -2, 0, 1, 2, 0, 2], [1, 1, 0, 2, 0, 0, 0, 2, 1, 0, 0, 0, 0, 0], [0, -5, 0, -3, 5, 2, 0, -3, -1, 0, 0, 7, 3, 3], [-1, 1, 0, 0, -1, -1, 0, 0, 1, 0, 0, -2, 0, -1]]
[[1, 0, 0, 0, 0, 0, 0, 0, 0, 0, 0, 0, 0, 0], [0, 1, 0, 0, 0, 0, 0, 0, 0, 0, 0, 0, 0, 0], [0, 0, 1, 0, 0, 0, 0, 0, 0, 0, 0, 0, 0, 0], [0, 0, 0, 1, 0, 0, 0, 0, 0, 0, 0, 0, 0, 0], [0, 0, 0, 0, 1, 0, 0, 0, 0, 0, 0, 0, 0, 0], [0, 0, 0, 0, 0, 1, 0, 0, 0, 0, 0, 0, 0, 0], [0, 0, 0, 0, 0, 0, 1, 0, 0, 0, 0, 0, 0, 0], [0, 0, 0, 0, 0, 0, 0, 1, 0, 0, 0, 0, 0, 0], [0, 0, 0, 0, 0, 0, 0, 0, 1, 0, 0, 0, 0, 0], [0, 0, 0, 0, 0, 0, 0, 0, 0, 1, 0, 0, 0, 0], [0, 0, 0, 0, 0, 0, 0, 0, 0, 0, 1, 0, 0, 0], [0, 0, 0, 0, 0, 0, 0, 0, 0, 0, 0, 1, 0, 0], [0, 0, 0, 0, 0, 0, 0, 0, 0, 0, 0, 0, 1, 0], [0, 0, 0, 0, 0, 0, 0, 0, 0, 0, 0, 0, 0, 1]]
[[1, 0, 0, 0, 0, 0, 0, 0, 0, 0, 0, 0, 0, 0], [0, 1, 0, 0, 0, 0, 0, 0, 0, 0, 0, 0, 0, 0], [0, 0, 1, 0, 0, 0, 0, 0, 0, 0, 0, 0, 0, 0], [0, 0, 0, 1, 0, 0, 0, 0, 0, 0, 0, 0, 0, 0], [0, 0, 0, 0, 1, 0, 0, 0, 0, 0, 0, 0, 0, 0], [0, 0, 0, 0, 0, 1, 0, 0, 0, 0, 0, 0, 0, 0], [0, 0, 0, 0, 0, 0, 1, 0, 0, 0, 0, 0, 0, 0], [0, 0, 0, 0, 0, 0, 0, 1, 0, 0, 0, 0, 0, 0], [0, 0, 0, 0, 0, 0, 0, 0, 1, 0, 0, 0, 0, 0], [0, 0, 0, 0, 0, 0, 0, 0, 0, 1, 0, 0, 0, 0], [0, 0, 0, 0, 0, 0, 0, 0, 0, 0, 1, 0, 0, 0], [0, 0, 0, 0, 0, 0, 0, 0, 0, 0, 0, 1, 0, 0], [0, 0, 0, 0, 0, 0, 0, 0, 0, 0, 0, 0, 1, 0], [0, 0, 0, 0, 0, 0, 0, 0, 0, 0, 0, 0, 0, 1]]
[[1, 0, 0, 0, 0, 0, 0, 0, 0, 0, 0, 0, 0, 0], [0, 1, 0, 0, 0, 0, 0, 0, 0, 0, 0, 0, 0, 0], [0, 0, 1, 0, 0, 0, 0, 0, 0, 0, 0, 0, 0, 0], [0, 0, 0, 1, 0, 0, 0, 0, 0, 0, 0, 0, 0, 0], [0, 0, 0, 0, 1, 0, 0, 0, 0, 0, 0, 0, 0, 0], [0, 0, 0, 0, 0, 1, 0, 0, 0, 0, 0, 0, 0, 0], [0, 0, 0, 0, 0, 0, 1, 0, 0, 0, 0, 0, 0, 0], [0, 0, 0, 0, 0, 0, 0, 1, 0, 0, 0, 0, 0, 0], [0, 0, 0, 0, 0, 0, 0, 0, 1, 0, 0, 0, 0, 0], [0, 0, 0, 0, 0, 0, 0, 0, 0, 1, 0, 0, 0, 0], [0, 0, 0, 0, 0, 0, 0, 0, 0, 0, 1, 0, 0, 0], [0, 0, 0, 0, 0, 0, 0, 0, 0, 0, 0, 1, 0, 0], [0, 0, 0, 0, 0, 0, 0, 0, 0, 0, 0, 0, 1, 0], [0, 0, 0, 0, 0, 0, 0, 0, 0, 0, 0, 0, 0, 1]]
[[0, 1, 0, 0, -1, -1, 0, 0, 0, 0, 0, -1, 0, 0], [0, 0, 1, 0, 1, -1, 0, -1, -1, 0, 0, -1, -1, 0], [-1, 1, 0, -2, -2, 0, 0, 0, 0, -1, 0, -1, 0, 1], [0, 0, 0, 1, 0, 0, 0, 0, 0, 0, 0, 0, 0, 0], [0, 0, 0, 0, 1, 0, 0, 0, 0, 0, 0, 0, 0, 0], [-2, 1, 1, 0, -1, -2, 0, -1, -1, 0, 0, -3, -1, 0], [2, 0, 0, 2, 2, 2, 0, 2, 2, 0, 0, 3, 1, 0], [1, -1, 0, -1, 2, 2, 0, 1, 2, -1, 0, 4, 2, 2], [0, 0, -1, 1, -2, 0, 1, 0, -1, 2, 0, -2, -1, -3], [-1, 0, 1, 0, 0, -2, 0, -1, -1, 1, 0, -2, -1, 0], [0, 0, 0, -2, 0, 0, -1, 0, 0, -2, 1, -1, -1, 2], [1, -1, 0, 0, 1, 1, 0, 0, 0, 0, 0, 2, 0, 0], [-1, 1, 0, -2, -1, -1, -1, 0, 0, -2, 0, -2, 0, 2], [0, 0, 1, 2, 1, -1, 0, 0, 0, 1, 0, 0, 0, 0]]
[[1, 0, 0, 0, 0, 0, 0, 0, 0, 0, 0, 0, 0, 0], [0, 1, 0, 0, 0, 0, 0, 0, 0, 0, 0, 0, 0, 0], [0, 0, 1, 0, 0, 0, 0, 0, 0, 0, 0, 0, 0, 0], [0, 0, 0, 1, 0, 0, 0, 0, 0, 0, 0, 0, 0, 0], [0, 0, 0, 0, 1, 0, 0, 0, 0, 0, 0, 0, 0, 0], [0, 0, 0, 0, 0, 1, 0, 0, 0, 0, 0, 0, 0, 0], [0, 0, 0, 0, 0, 0, 1, 0, 0, 0, 0, 0, 0, 0], [0, 0, 0, 0, 0, 0, 0, 1, 0, 0, 0, 0, 0, 0], [0, 0, 0, 0, 0, 0, 0, 0, 1, 0, 0, 0, 0, 0], [0, 0, 0, 0, 0, 0, 0, 0, 0, 1, 0, 0, 0, 0], [0, 0, 0, 0, 0, 0, 0, 0, 0, 0, 1, 0, 0, 0], [0, 0, 0, 0, 0, 0, 0, 0, 0, 0, 0, 1, 0, 0], [0, 0, 0, 0, 0, 0, 0, 0, 0, 0, 0, 0, 1, 0], [0, 0, 0, 0, 0, 0, 0, 0, 0, 0, 0, 0, 0, 1]]
[[0, 0, 0, -1, -2, 0, 0, -1, -1, 0, 0, -1, -1, -1], [0, 1, 0, 0, 0, 0, 0, 0, 0, 0, 0, 0, 0, 0], [0, 0, 1, 0, 0, 0, 0, 0, 0, 0, 0, 0, 0, 0], [0, 0, 0, 1, 0, 0, 0, 0, 0, 0, 0, 0, 0, 0], [0, 0, 0, 0, 1, 0, 0, 0, 0, 0, 0, 0, 0, 0], [0, 0, 0, 0, 0, 1, 0, 0, 0, 0, 0, 0, 0, 0], [0, 0, 0, 0, 0, 0, 1, 0, 0, 0, 0, 0, 0, 0], [0, 0, 0, 0, 0, 0, 0, 1, 0, 0, 0, 0, 0, 0], [0, 0, 0, 0, 0, 0, 0, 0, 1, 0, 0, 0, 0, 0], [-1, 0, 0, -1, -2, 0, 0, -1, -1, 1, 0, -1, -1, -1], [0, 0, 0, 0, 0, 0, 0, 0, 0, 0, 1, 0, 0, 0], [1, 0, 0, 1, 2, 0, 0, 1, 1, 0, 0, 2, 1, 1], [-1, 0, 0, -1, -2, 0, 0, -1, -1, 0, 0, -1, 0, -1], [-1, 0, 0, -1, -2, 0, 0, -1, -1, 0, 0, -1, -1, 0]]
[[1, 0, 0, 0, 0, 0, 0, 0, 0, 0, 0, 0, 0, 0], [0, 1, 0, 0, 0, 0, 0, 0, 0, 0, 0, 0, 0, 0], [0, 0, 1, 0, 0, 0, 0, 0, 0, 0, 0, 0, 0, 0], [0, 0, 0, 1, 0, 0, 0, 0, 0, 0, 0, 0, 0, 0], [0, 0, 0, 0, 1, 0, 0, 0, 0, 0, 0, 0, 0, 0], [0, 0, 0, 0, 0, 1, 0, 0, 0, 0, 0, 0, 0, 0], [0, 0, 0, 0, 0, 0, 1, 0, 0, 0, 0, 0, 0, 0], [0, 0, 0, 0, 0, 0, 0, 1, 0, 0, 0, 0, 0, 0], [0, 0, 0, 0, 0, 0, 0, 0, 1, 0, 0, 0, 0, 0], [0, 0, 0, 0, 0, 0, 0, 0, 0, 1, 0, 0, 0, 0], [0, 0, 0, 0, 0, 0, 0, 0, 0, 0, 1, 0, 0, 0], [0, 0, 0, 0, 0, 0, 0, 0, 0, 0, 0, 1, 0, 0], [0, 0, 0, 0, 0, 0, 0, 0, 0, 0, 0, 0, 1, 0], [0, 0, 0, 0, 0, 0, 0, 0, 0, 0, 0, 0, 0, 1]]
[[0, 2, 0, 0, -1, -1, -1, 1, -1, 0, 1, -3, -2, 0], [1, 0, 0, 1, 1, 1, 1, 0, 1, 0, -1, 3, 2, 0], [-2, 1, 1, -3, -2, -2, -2, -1, -2, 0, 2, -6, -4, 0], [0, 0, 0, 1, 0, 0, 0, 0, 0, 0, 0, 0, 0, 0], [1, -1, 0, 1, 2, 1, 1, 0, 1, 0, -1, 3, 2, 0], [1, 0, 0, 2, 1, 2, 1, 1, 1, 0, -1, 3, 2, 0], [0, -1, 0, -1, 0, 0, 1, -1, 0, 0, 0, 0, 0, 0], [-1, -1, 0, -3, -1, -1, -1, -1, -1, 0, 1, -3, -2, 0], [2, 0, 0, 4, 2, 2, 2, 2, 3, 0, -2, 6, 4, 0], [1, 0, 0, 2, 1, 1, 1, 1, 1, 1, -1, 3, 2, 0], [-2, 0, 0, -4, -2, -2, -2, -2, -2, 0, 3, -6, -4, 0], [0, -1, 0, -1, 0, 0, 0, -1, 0, 0, 0, 1, 0, 0], [-3, 2, 0, -4, -3, -3, -3, -1, -3, 0, 3, -9, -5, 0], [1, 0, 0, 2, 1, 1, 1, 1, 1, 0, -1, 3, 2, 1]]
[[1, 0, 0, 0, 0, 0, 0, 0, 0, 0, 0, 0, 0, 0], [0, 1, 0, 0, 0, 0, 0, 0, 0, 0, 0, 0, 0, 0], [0, 0, 1, 0, 0, 0, 0, 0, 0, 0, 0, 0, 0, 0], [0, 0, 0, 1, 0, 0, 0, 0, 0, 0, 0, 0, 0, 0], [0, 0, 0, 0, 1, 0, 0, 0, 0, 0, 0, 0, 0, 0], [0, 0, 0, 0, 0, 1, 0, 0, 0, 0, 0, 0, 0, 0], [0, 0, 0, 0, 0, 0, 1, 0, 0, 0, 0, 0, 0, 0], [0, 0, 0, 0, 0, 0, 0, 1, 0, 0, 0, 0, 0, 0], [0, 0, 0, 0, 0, 0, 0, 0, 1, 0, 0, 0, 0, 0], [0, 0, 0, 0, 0, 0, 0, 0, 0, 1, 0, 0, 0, 0], [0, 0, 0, 0, 0, 0, 0, 0, 0, 0, 1, 0, 0, 0], [0, 0, 0, 0, 0, 0, 0, 0, 0, 0, 0, 1, 0, 0], [0, 0, 0, 0, 0, 0, 0, 0, 0, 0, 0, 0, 1, 0], [0, 0, 0, 0, 0, 0, 0, 0, 0, 0, 0, 0, 0, 1]]
[[1, 0, 0, 0, 0, 0, 0, 0, 0, 0, 0, 0, 0, 0], [0, 1, 0, 0, 0, 0, 0, 0, 0, 0, 0, 0, 0, 0], [0, 0, 1, 0, 0, 0, 0, 0, 0, 0, 0, 0, 0, 0], [0, 0, 0, 1, 0, 0, 0, 0, 0, 0, 0, 0, 0, 0], [0, 0, 0, 0, 1, 0, 0, 0, 0, 0, 0, 0, 0, 0], [0, 0, 0, 0, 0, 1, 0, 0, 0, 0, 0, 0, 0, 0], [0, 0, 0, 0, 0, 0, 1, 0, 0, 0, 0, 0, 0, 0], [0, 0, 0, 0, 0, 0, 0, 1, 0, 0, 0, 0, 0, 0], [0, 0, 0, 0, 0, 0, 0, 0, 1, 0, 0, 0, 0, 0], [0, 0, 0, 0, 0, 0, 0, 0, 0, 1, 0, 0, 0, 0], [0, 0, 0, 0, 0, 0, 0, 0, 0, 0, 1, 0, 0, 0], [0, 0, 0, 0, 0, 0, 0, 0, 0, 0, 0, 1, 0, 0], [0, 0, 0, 0, 0, 0, 0, 0, 0, 0, 0, 0, 1, 0], [0, 0, 0, 0, 0, 0, 0, 0, 0, 0, 0, 0, 0, 1]]
[[1, 0, 0, 0, 0, 0, 0, 0, 0, 0, 0, 0, 0, 0], [0, 1, 0, 0, 0, 0, 0, 0, 0, 0, 0, 0, 0, 0], [0, 0, 1, 0, 0, 0, 0, 0, 0, 0, 0, 0, 0, 0], [0, 0, 0, 1, 0, 0, 0, 0, 0, 0, 0, 0, 0, 0], [0, 0, 0, 0, 1, 0, 0, 0, 0, 0, 0, 0, 0, 0], [0, 0, 0, 0, 0, 1, 0, 0, 0, 0, 0, 0, 0, 0], [0, 0, 0, 0, 0, 0, 1, 0, 0, 0, 0, 0, 0, 0], [0, 0, 0, 0, 0, 0, 0, 1, 0, 0, 0, 0, 0, 0], [0, 0, 0, 0, 0, 0, 0, 0, 1, 0, 0, 0, 0, 0], [0, 0, 0, 0, 0, 0, 0, 0, 0, 1, 0, 0, 0, 0], [0, 0, 0, 0, 0, 0, 0, 0, 0, 0, 1, 0, 0, 0], [0, 0, 0, 0, 0, 0, 0, 0, 0, 0, 0, 1, 0, 0], [0, 0, 0, 0, 0, 0, 0, 0, 0, 0, 0, 0, 1, 0], [0, 0, 0, 0, 0, 0, 0, 0, 0, 0, 0, 0, 0, 1]]
[[1, 0, 0, 0, 0, 0, 0, 0, 0, 0, 0, 0, 0, 0], [0, 1, 0, 0, 0, 0, 0, 0, 0, 0, 0, 0, 0, 0], [0, 0, 1, 0, 0, 0, 0, 0, 0, 0, 0, 0, 0, 0], [0, 0, 0, 1, 0, 0, 0, 0, 0, 0, 0, 0, 0, 0], [0, 0, 0, 0, 1, 0, 0, 0, 0, 0, 0, 0, 0, 0], [0, 0, 0, 0, 0, 1, 0, 0, 0, 0, 0, 0, 0, 0], [0, 0, 0, 0, 0, 0, 1, 0, 0, 0, 0, 0, 0, 0], [0, 0, 0, 0, 0, 0, 0, 1, 0, 0, 0, 0, 0, 0], [0, 0, 0, 0, 0, 0, 0, 0, 1, 0, 0, 0, 0, 0], [0, 0, 0, 0, 0, 0, 0, 0, 0, 1, 0, 0, 0, 0], [0, 0, 0, 0, 0, 0, 0, 0, 0, 0, 1, 0, 0, 0], [0, 0, 0, 0, 0, 0, 0, 0, 0, 0, 0, 1, 0, 0], [0, 0, 0, 0, 0, 0, 0, 0, 0, 0, 0, 0, 1, 0], [0, 0, 0, 0, 0, 0, 0, 0, 0, 0, 0, 0, 0, 1]]
[[1, 0, 0, 0, 0, 0, 0, 0, 0, 0, 0, 0, 0, 0], [0, 1, 0, 0, 0, 0, 0, 0, 0, 0, 0, 0, 0, 0], [0, 0, 1, 0, 0, 0, 0, 0, 0, 0, 0, 0, 0, 0], [0, 0, 0, 1, 0, 0, 0, 0, 0, 0, 0, 0, 0, 0], [0, 0, 0, 0, 1, 0, 0, 0, 0, 0, 0, 0, 0, 0], [0, 0, 0, 0, 0, 1, 0, 0, 0, 0, 0, 0, 0, 0], [0, 0, 0, 0, 0, 0, 1, 0, 0, 0, 0, 0, 0, 0], [0, 0, 0, 0, 0, 0, 0, 1, 0, 0, 0, 0, 0, 0], [0, 0, 0, 0, 0, 0, 0, 0, 1, 0, 0, 0, 0, 0], [0, 0, 0, 0, 0, 0, 0, 0, 0, 1, 0, 0, 0, 0], [0, 0, 0, 0, 0, 0, 0, 0, 0, 0, 1, 0, 0, 0], [0, 0, 0, 0, 0, 0, 0, 0, 0, 0, 0, 1, 0, 0], [0, 0, 0, 0, 0, 0, 0, 0, 0, 0, 0, 0, 1, 0], [0, 0, 0, 0, 0, 0, 0, 0, 0, 0, 0, 0, 0, 1]]
[[1, 0, 0, 0, 0, 0, 0, 0, 0, 0, 0, 0, 0, 0], [0, 1, 0, 0, 0, 0, 0, 0, 0, 0, 0, 0, 0, 0], [0, 0, 1, 0, 0, 0, 0, 0, 0, 0, 0, 0, 0, 0], [0, 0, 0, 1, 0, 0, 0, 0, 0, 0, 0, 0, 0, 0], [0, 0, 0, 0, 1, 0, 0, 0, 0, 0, 0, 0, 0, 0], [0, 0, 0, 0, 0, 1, 0, 0, 0, 0, 0, 0, 0, 0], [0, 0, 0, 0, 0, 0, 1, 0, 0, 0, 0, 0, 0, 0], [0, 0, 0, 0, 0, 0, 0, 1, 0, 0, 0, 0, 0, 0], [0, 0, 0, 0, 0, 0, 0, 0, 1, 0, 0, 0, 0, 0], [0, 0, 0, 0, 0, 0, 0, 0, 0, 1, 0, 0, 0, 0], [0, 0, 0, 0, 0, 0, 0, 0, 0, 0, 1, 0, 0, 0], [0, 0, 0, 0, 0, 0, 0, 0, 0, 0, 0, 1, 0, 0], [0, 0, 0, 0, 0, 0, 0, 0, 0, 0, 0, 0, 1, 0], [0, 0, 0, 0, 0, 0, 0, 0, 0, 0, 0, 0, 0, 1]]
[[1, 0, 0, 0, 0, 0, 0, 0, 0, 0, 0, 0, 0, 0], [0, 1, 0, 0, 0, 0, 0, 0, 0, 0, 0, 0, 0, 0], [0, 0, 1, 0, 0, 0, 0, 0, 0, 0, 0, 0, 0, 0], [0, 0, 0, 1, 0, 0, 0, 0, 0, 0, 0, 0, 0, 0], [0, 0, 0, 0, 1, 0, 0, 0, 0, 0, 0, 0, 0, 0], [0, 0, 0, 0, 0, 1, 0, 0, 0, 0, 0, 0, 0, 0], [0, 0, 0, 0, 0, 0, 1, 0, 0, 0, 0, 0, 0, 0], [0, 0, 0, 0, 0, 0, 0, 1, 0, 0, 0, 0, 0, 0], [0, 0, 0, 0, 0, 0, 0, 0, 1, 0, 0, 0, 0, 0], [0, 0, 0, 0, 0, 0, 0, 0, 0, 1, 0, 0, 0, 0], [0, 0, 0, 0, 0, 0, 0, 0, 0, 0, 1, 0, 0, 0], [0, 0, 0, 0, 0, 0, 0, 0, 0, 0, 0, 1, 0, 0], [0, 0, 0, 0, 0, 0, 0, 0, 0, 0, 0, 0, 1, 0], [0, 0, 0, 0, 0, 0, 0, 0, 0, 0, 0, 0, 0, 1]]
[[1, 0, 1, 2, 2, 0, 1, 0, 2, 0, -1, 2, 2, 0], [-1, 1, -1, -1, -2, -2, -1, -1, -3, 0, 1, -5, -3, -1], [1, 0, 2, 3, 3, 1, 2, 1, 4, 0, -2, 5, 4, 0], [1, 0, -1, 0, -1, 1, 0, 1, 0, 0, 0, 1, 0, 0], [0, 0, -1, -1, 0, 0, -1, 0, -1, 0, 1, -1, -1, 0], [1, 0, -2, 0, -1, 1, 0, 1, 0, 0, 0, 0, 0, -1], [1, 0, -1, 1, 2, 1, -1, 1, 0, -1, 0, 2, 1, 1], [0, 0, 2, 2, 3, 1, 1, 1, 3, 0, -1, 4, 3, 1], [-1, 0, -1, -3, -3, -1, -2, -1, -3, 0, 2, -5, -4, 0], [0, 0, -2, -1, -2, -1, -1, 0, -2, 1, 1, -3, -2, -1], [2, 0, 2, 4, 5, 2, 2, 2, 4, -1, -3, 7, 5, 1], [-1, 0, 0, -1, -1, -1, -1, -1, -2, 0, 1, -2, -2, 0], [1, 0, 3, 4, 4, 1, 4, 1, 5, 0, -4, 6, 6, 0], [0, 0, -2, -1, -2, -1, -1, 0, -2, 0, 1, -3, -2, 0]]
[[1, 0, 0, 0, 0, 0, 0, 0, 0, 0, 0, 0, 0, 0], [0, 1, 0, 0, 0, 0, 0, 0, 0, 0, 0, 0, 0, 0], [0, 0, 1, 0, 0, 0, 0, 0, 0, 0, 0, 0, 0, 0], [0, 0, 0, 1, 0, 0, 0, 0, 0, 0, 0, 0, 0, 0], [0, 0, 0, 0, 1, 0, 0, 0, 0, 0, 0, 0, 0, 0], [0, 0, 0, 0, 0, 1, 0, 0, 0, 0, 0, 0, 0, 0], [0, 0, 0, 0, 0, 0, 1, 0, 0, 0, 0, 0, 0, 0], [0, 0, 0, 0, 0, 0, 0, 1, 0, 0, 0, 0, 0, 0], [0, 0, 0, 0, 0, 0, 0, 0, 1, 0, 0, 0, 0, 0], [0, 0, 0, 0, 0, 0, 0, 0, 0, 1, 0, 0, 0, 0], [0, 0, 0, 0, 0, 0, 0, 0, 0, 0, 1, 0, 0, 0], [0, 0, 0, 0, 0, 0, 0, 0, 0, 0, 0, 1, 0, 0], [0, 0, 0, 0, 0, 0, 0, 0, 0, 0, 0, 0, 1, 0], [0, 0, 0, 0, 0, 0, 0, 0, 0, 0, 0, 0, 0, 1]]
[[1, 0, 0, 0, 0, 0, 0, 0, 0, 0, 0, 0, 0, 0], [0, 1, 0, 0, 0, 0, 0, 0, 0, 0, 0, 0, 0, 0], [0, 0, 1, 0, 0, 0, 0, 0, 0, 0, 0, 0, 0, 0], [0, 0, 0, 1, 0, 0, 0, 0, 0, 0, 0, 0, 0, 0], [0, 0, 0, 0, 1, 0, 0, 0, 0, 0, 0, 0, 0, 0], [0, 0, 0, 0, 0, 1, 0, 0, 0, 0, 0, 0, 0, 0], [0, 0, 0, 0, 0, 0, 1, 0, 0, 0, 0, 0, 0, 0], [0, 0, 0, 0, 0, 0, 0, 1, 0, 0, 0, 0, 0, 0], [0, 0, 0, 0, 0, 0, 0, 0, 1, 0, 0, 0, 0, 0], [0, 0, 0, 0, 0, 0, 0, 0, 0, 1, 0, 0, 0, 0], [0, 0, 0, 0, 0, 0, 0, 0, 0, 0, 1, 0, 0, 0], [0, 0, 0, 0, 0, 0, 0, 0, 0, 0, 0, 1, 0, 0], [0, 0, 0, 0, 0, 0, 0, 0, 0, 0, 0, 0, 1, 0], [0, 0, 0, 0, 0, 0, 0, 0, 0, 0, 0, 0, 0, 1]]
[[1, 0, 0, 0, 0, 0, 0, 0, 0, 0, 0, 0, 0, 0], [0, 1, 0, 0, 0, 0, 0, 0, 0, 0, 0, 0, 0, 0], [0, 0, 1, 0, 0, 0, 0, 0, 0, 0, 0, 0, 0, 0], [0, 0, 0, 1, 0, 0, 0, 0, 0, 0, 0, 0, 0, 0], [0, 0, 0, 0, 1, 0, 0, 0, 0, 0, 0, 0, 0, 0], [0, 0, 0, 0, 0, 1, 0, 0, 0, 0, 0, 0, 0, 0], [0, 0, 0, 0, 0, 0, 1, 0, 0, 0, 0, 0, 0, 0], [0, 0, 0, 0, 0, 0, 0, 1, 0, 0, 0, 0, 0, 0], [0, 0, 0, 0, 0, 0, 0, 0, 1, 0, 0, 0, 0, 0], [0, 0, 0, 0, 0, 0, 0, 0, 0, 1, 0, 0, 0, 0], [0, 0, 0, 0, 0, 0, 0, 0, 0, 0, 1, 0, 0, 0], [0, 0, 0, 0, 0, 0, 0, 0, 0, 0, 0, 1, 0, 0], [0, 0, 0, 0, 0, 0, 0, 0, 0, 0, 0, 0, 1, 0], [0, 0, 0, 0, 0, 0, 0, 0, 0, 0, 0, 0, 0, 1]]
[[1, 0, 0, 0, 0, 0, 0, 0, 0, 0, 0, 0, 0, 0], [0, 1, 0, 0, 0, 0, 0, 0, 0, 0, 0, 0, 0, 0], [0, 0, 1, 0, 0, 0, 0, 0, 0, 0, 0, 0, 0, 0], [0, 0, 0, 1, 0, 0, 0, 0, 0, 0, 0, 0, 0, 0], [0, 0, 0, 0, 1, 0, 0, 0, 0, 0, 0, 0, 0, 0], [0, 0, 0, 0, 0, 1, 0, 0, 0, 0, 0, 0, 0, 0], [0, 0, 0, 0, 0, 0, 1, 0, 0, 0, 0, 0, 0, 0], [0, 0, 0, 0, 0, 0, 0, 1, 0, 0, 0, 0, 0, 0], [0, 0, 0, 0, 0, 0, 0, 0, 1, 0, 0, 0, 0, 0], [0, 0, 0, 0, 0, 0, 0, 0, 0, 1, 0, 0, 0, 0], [0, 0, 0, 0, 0, 0, 0, 0, 0, 0, 1, 0, 0, 0], [0, 0, 0, 0, 0, 0, 0, 0, 0, 0, 0, 1, 0, 0], [0, 0, 0, 0, 0, 0, 0, 0, 0, 0, 0, 0, 1, 0], [0, 0, 0, 0, 0, 0, 0, 0, 0, 0, 0, 0, 0, 1]]
[[-1, 0, 1, -1, 2, -2, -2, 0, 0, 0, 1, -1, -1, 2], [1, 1, 0, 1, -1, 1, 1, 1, 0, 0, -1, 0, 0, -1], [-4, 0, -1, -3, -3, -3, -2, -1, -2, 2, 1, -5, -2, -1], [0, 0, 1, 0, -1, 1, 1, 0, 1, 0, 0, 0, 0, 0], [2, 0, -1, 2, 1, 2, 1, 1, 1, 0, -1, 3, 2, -1], [0, 0, 0, 0, 0, 1, 0, 0, 0, 0, 0, 0, 0, 0], [2, 0, -1, 2, 0, 2, 2, 1, 1, 0, -1, 3, 2, -1], [-2, 0, -2, -2, -2, -2, -1, -1, -2, 1, 1, -3, -1, -1], [4, 0, 1, 4, 4, 2, 1, 1, 2, -2, -1, 5, 2, 1], [1, 0, 2, 0, 1, 1, 1, 0, 1, 0, 0, 1, 0, 1], [-3, 0, -2, -2, -4, -2, -1, 0, -2, 2, 1, -5, -2, -2], [0, 0, 0, -1, -2, 0, 1, -1, -1, 0, 0, -1, -1, -1], [-5, 0, -1, -3, -2, -4, -3, 0, -2, 2, 1, -6, -2, 0], [1, 0, 2, 0, 1, 1, 1, 0, 1, -1, 0, 1, 0, 2]]
[[1, 0, 0, 0, 0, 0, 0, 0, 0, 0, 0, 0, 0, 0], [0, 1, 0, 0, 0, 0, 0, 0, 0, 0, 0, 0, 0, 0], [0, 0, 1, 0, 0, 0, 0, 0, 0, 0, 0, 0, 0, 0], [0, 0, 0, 1, 0, 0, 0, 0, 0, 0, 0, 0, 0, 0], [0, 0, 0, 0, 1, 0, 0, 0, 0, 0, 0, 0, 0, 0], [0, 0, 0, 0, 0, 1, 0, 0, 0, 0, 0, 0, 0, 0], [0, 0, 0, 0, 0, 0, 1, 0, 0, 0, 0, 0, 0, 0], [0, 0, 0, 0, 0, 0, 0, 1, 0, 0, 0, 0, 0, 0], [0, 0, 0, 0, 0, 0, 0, 0, 1, 0, 0, 0, 0, 0], [0, 0, 0, 0, 0, 0, 0, 0, 0, 1, 0, 0, 0, 0], [0, 0, 0, 0, 0, 0, 0, 0, 0, 0, 1, 0, 0, 0], [0, 0, 0, 0, 0, 0, 0, 0, 0, 0, 0, 1, 0, 0], [0, 0, 0, 0, 0, 0, 0, 0, 0, 0, 0, 0, 1, 0], [0, 0, 0, 0, 0, 0, 0, 0, 0, 0, 0, 0, 0, 1]]
[[1, 0, 0, 0, 0, 0, 0, 0, 0, 0, 0, 0, 0, 0], [0, 1, 0, 0, 0, 0, 0, 0, 0, 0, 0, 0, 0, 0], [0, 0, 1, 0, 0, 0, 0, 0, 0, 0, 0, 0, 0, 0], [0, 0, 0, 1, 0, 0, 0, 0, 0, 0, 0, 0, 0, 0], [0, 0, 0, 0, 1, 0, 0, 0, 0, 0, 0, 0, 0, 0], [0, 0, 0, 0, 0, 1, 0, 0, 0, 0, 0, 0, 0, 0], [0, 0, 0, 0, 0, 0, 1, 0, 0, 0, 0, 0, 0, 0], [0, 0, 0, 0, 0, 0, 0, 1, 0, 0, 0, 0, 0, 0], [0, 0, 0, 0, 0, 0, 0, 0, 1, 0, 0, 0, 0, 0], [0, 0, 0, 0, 0, 0, 0, 0, 0, 1, 0, 0, 0, 0], [0, 0, 0, 0, 0, 0, 0, 0, 0, 0, 1, 0, 0, 0], [0, 0, 0, 0, 0, 0, 0, 0, 0, 0, 0, 1, 0, 0], [0, 0, 0, 0, 0, 0, 0, 0, 0, 0, 0, 0, 1, 0], [0, 0, 0, 0, 0, 0, 0, 0, 0, 0, 0, 0, 0, 1]]
[[1, 0, 0, 0, 0, 0, 0, 0, 0, 0, 0, 0, 0, 0], [0, 1, 0, 0, 0, 0, 0, 0, 0, 0, 0, 0, 0, 0], [0, 0, 1, 0, 0, 0, 0, 0, 0, 0, 0, 0, 0, 0], [0, 0, 0, 1, 0, 0, 0, 0, 0, 0, 0, 0, 0, 0], [0, 0, 0, 0, 1, 0, 0, 0, 0, 0, 0, 0, 0, 0], [0, 0, 0, 0, 0, 1, 0, 0, 0, 0, 0, 0, 0, 0], [0, 0, 0, 0, 0, 0, 1, 0, 0, 0, 0, 0, 0, 0], [0, 0, 0, 0, 0, 0, 0, 1, 0, 0, 0, 0, 0, 0], [0, 0, 0, 0, 0, 0, 0, 0, 1, 0, 0, 0, 0, 0], [0, 0, 0, 0, 0, 0, 0, 0, 0, 1, 0, 0, 0, 0], [0, 0, 0, 0, 0, 0, 0, 0, 0, 0, 1, 0, 0, 0], [0, 0, 0, 0, 0, 0, 0, 0, 0, 0, 0, 1, 0, 0], [0, 0, 0, 0, 0, 0, 0, 0, 0, 0, 0, 0, 1, 0], [0, 0, 0, 0, 0, 0, 0, 0, 0, 0, 0, 0, 0, 1]]
[[1, 0, 0, 0, 0, 0, 0, 0, 0, 0, 0, 0, 0, 0], [0, 1, 0, 0, 0, 0, 0, 0, 0, 0, 0, 0, 0, 0], [0, 0, 1, 0, 0, 0, 0, 0, 0, 0, 0, 0, 0, 0], [0, 0, 0, 1, 0, 0, 0, 0, 0, 0, 0, 0, 0, 0], [0, 0, 0, 0, 1, 0, 0, 0, 0, 0, 0, 0, 0, 0], [0, 0, 0, 0, 0, 1, 0, 0, 0, 0, 0, 0, 0, 0], [0, 0, 0, 0, 0, 0, 1, 0, 0, 0, 0, 0, 0, 0], [0, 0, 0, 0, 0, 0, 0, 1, 0, 0, 0, 0, 0, 0], [0, 0, 0, 0, 0, 0, 0, 0, 1, 0, 0, 0, 0, 0], [0, 0, 0, 0, 0, 0, 0, 0, 0, 1, 0, 0, 0, 0], [0, 0, 0, 0, 0, 0, 0, 0, 0, 0, 1, 0, 0, 0], [0, 0, 0, 0, 0, 0, 0, 0, 0, 0, 0, 1, 0, 0], [0, 0, 0, 0, 0, 0, 0, 0, 0, 0, 0, 0, 1, 0], [0, 0, 0, 0, 0, 0, 0, 0, 0, 0, 0, 0, 0, 1]]
[[1, 0, 0, 0, 0, 0, 0, 0, 0, 0, 0, 0, 0, 0], [-1, 1, 0, 0, -1, 0, 0, 0, 0, 1, 0, -1, 0, -1], [2, 0, 1, 0, 2, 0, 0, 0, 0, -2, 0, 2, 0, 2], [0, 0, 0, 1, 0, 0, 0, 0, 0, 0, 0, 0, 0, 0], [0, 0, 0, 0, 1, 0, 0, 0, 0, 0, 0, 0, 0, 0], [1, 1, 0, 2, 1, 1, 0, 1, 1, -1, -1, 1, 1, 0], [-1, 0, 0, 0, -1, 0, 1, 0, 0, 1, 0, -1, 0, -1], [1, 0, 0, 0, 1, 0, 0, 1, 0, -1, 0, 1, 0, 1], [-2, -1, 0, -2, -2, 0, 0, -1, 0, 2, 1, -2, -1, -1], [0, 1, 0, 2, 0, 0, 0, 1, 1, 1, -1, 0, 1, -1], [2, 0, 0, 0, 2, 0, 0, 0, 0, -2, 1, 2, 0, 2], [-1, 0, 0, 0, -1, 0, 0, 0, 0, 1, 0, 0, 0, -1], [3, 0, 0, 0, 3, 0, 0, 0, 0, -3, 0, 3, 1, 3], [-1, 1, 0, 2, -1, 0, 0, 1, 1, 1, -1, -1, 1, -1]]
[[1, 0, 0, 0, 0, 0, 0, 0, 0, 0, 0, 0, 0, 0], [0, 1, 0, 0, 0, 0, 0, 0, 0, 0, 0, 0, 0, 0], [0, 0, 1, 0, 0, 0, 0, 0, 0, 0, 0, 0, 0, 0], [0, 0, 0, 1, 0, 0, 0, 0, 0, 0, 0, 0, 0, 0], [0, 0, 0, 0, 1, 0, 0, 0, 0, 0, 0, 0, 0, 0], [0, 0, 0, 0, 0, 1, 0, 0, 0, 0, 0, 0, 0, 0], [0, 0, 0, 0, 0, 0, 1, 0, 0, 0, 0, 0, 0, 0], [0, 0, 0, 0, 0, 0, 0, 1, 0, 0, 0, 0, 0, 0], [0, 0, 0, 0, 0, 0, 0, 0, 1, 0, 0, 0, 0, 0], [0, 0, 0, 0, 0, 0, 0, 0, 0, 1, 0, 0, 0, 0], [0, 0, 0, 0, 0, 0, 0, 0, 0, 0, 1, 0, 0, 0], [0, 0, 0, 0, 0, 0, 0, 0, 0, 0, 0, 1, 0, 0], [0, 0, 0, 0, 0, 0, 0, 0, 0, 0, 0, 0, 1, 0], [0, 0, 0, 0, 0, 0, 0, 0, 0, 0, 0, 0, 0, 1]]
[[1, 0, 0, 0, 0, 0, 0, 0, 0, 0, 0, 0, 0, 0], [0, 1, 0, 0, 0, 0, 0, 0, 0, 0, 0, 0, 0, 0], [0, 0, 1, 0, 0, 0, 0, 0, 0, 0, 0, 0, 0, 0], [0, 0, 0, 1, 0, 0, 0, 0, 0, 0, 0, 0, 0, 0], [0, 0, 0, 0, 1, 0, 0, 0, 0, 0, 0, 0, 0, 0], [0, 0, 0, 0, 0, 1, 0, 0, 0, 0, 0, 0, 0, 0], [0, 0, 0, 0, 0, 0, 1, 0, 0, 0, 0, 0, 0, 0], [0, 0, 0, 0, 0, 0, 0, 1, 0, 0, 0, 0, 0, 0], [0, 0, 0, 0, 0, 0, 0, 0, 1, 0, 0, 0, 0, 0], [0, 0, 0, 0, 0, 0, 0, 0, 0, 1, 0, 0, 0, 0], [0, 0, 0, 0, 0, 0, 0, 0, 0, 0, 1, 0, 0, 0], [0, 0, 0, 0, 0, 0, 0, 0, 0, 0, 0, 1, 0, 0], [0, 0, 0, 0, 0, 0, 0, 0, 0, 0, 0, 0, 1, 0], [0, 0, 0, 0, 0, 0, 0, 0, 0, 0, 0, 0, 0, 1]]
[[0, 0, 0, -1, -2, 0, 0, -1, -1, 0, 0, -1, -1, -1], [0, 1, 0, 0, 0, 0, 0, 0, 0, 0, 0, 0, 0, 0], [0, 0, 1, 0, 0, 0, 0, 0, 0, 0, 0, 0, 0, 0], [0, 0, 0, 1, 0, 0, 0, 0, 0, 0, 0, 0, 0, 0], [0, 0, 0, 0, 1, 0, 0, 0, 0, 0, 0, 0, 0, 0], [0, 0, 0, 0, 0, 1, 0, 0, 0, 0, 0, 0, 0, 0], [0, 0, 0, 0, 0, 0, 1, 0, 0, 0, 0, 0, 0, 0], [0, 0, 0, 0, 0, 0, 0, 1, 0, 0, 0, 0, 0, 0], [0, 0, 0, 0, 0, 0, 0, 0, 1, 0, 0, 0, 0, 0], [-1, 0, 0, -1, -2, 0, 0, -1, -1, 1, 0, -1, -1, -1], [0, 0, 0, 0, 0, 0, 0, 0, 0, 0, 1, 0, 0, 0], [1, 0, 0, 1, 2, 0, 0, 1, 1, 0, 0, 2, 1, 1], [-1, 0, 0, -1, -2, 0, 0, -1, -1, 0, 0, -1, 0, -1], [-1, 0, 0, -1, -2, 0, 0, -1, -1, 0, 0, -1, -1, 0]]
[[1, 0, 0, 0, 0, 0, 0, 0, 0, 0, 0, 0, 0, 0], [0, 1, 0, 0, 0, 0, 0, 0, 0, 0, 0, 0, 0, 0], [0, 0, 1, 0, 0, 0, 0, 0, 0, 0, 0, 0, 0, 0], [0, 0, 0, 1, 0, 0, 0, 0, 0, 0, 0, 0, 0, 0], [0, 0, 0, 0, 1, 0, 0, 0, 0, 0, 0, 0, 0, 0], [0, 0, 0, 0, 0, 1, 0, 0, 0, 0, 0, 0, 0, 0], [0, 0, 0, 0, 0, 0, 1, 0, 0, 0, 0, 0, 0, 0], [0, 0, 0, 0, 0, 0, 0, 1, 0, 0, 0, 0, 0, 0], [0, 0, 0, 0, 0, 0, 0, 0, 1, 0, 0, 0, 0, 0], [0, 0, 0, 0, 0, 0, 0, 0, 0, 1, 0, 0, 0, 0], [0, 0, 0, 0, 0, 0, 0, 0, 0, 0, 1, 0, 0, 0], [0, 0, 0, 0, 0, 0, 0, 0, 0, 0, 0, 1, 0, 0], [0, 0, 0, 0, 0, 0, 0, 0, 0, 0, 0, 0, 1, 0], [0, 0, 0, 0, 0, 0, 0, 0, 0, 0, 0, 0, 0, 1]]
[[3, 1, -2, 3, 4, 1, -1, 2, 1, -2, 0, 3, 2, 1], [-1, 0, 0, 0, -2, 0, 1, 0, -1, 1, -1, -1, 0, -1], [2, 0, -1, -2, 4, -2, -3, -2, -2, -3, 4, -1, -3, 3], [0, 0, 0, 1, 0, 1, 0, 1, 1, 1, -1, 1, 1, -1], [-1, -1, 1, -1, -1, 0, 1, -1, 0, 1, 0, 0, 0, 0], [0, 0, 0, 0, 0, 1, 0, 0, 0, 0, 0, 0, 0, 0], [-1, -1, 1, -1, -2, 1, 2, 0, 1, 2, -1, 1, 1, -1], [0, 0, 1, -3, 0, -2, -1, -2, -1, -1, 3, -2, -3, 2], [-1, -1, 0, 2, -2, 2, 2, 2, 2, 2, -3, 2, 3, -2], [0, 1, 0, 3, 0, 1, 1, 2, 1, 1, -2, 1, 2, -1], [0, 0, 0, -4, 0, -3, -2, -3, -3, -1, 4, -5, -5, 1], [-1, 0, 1, 0, -2, 0, 1, 0, 0, 1, -1, 0, 0, -1], [2, 1, -2, -3, 4, -4, -4, -3, -4, -4, 5, -5, -5, 3], [0, 1, 0, 3, 0, 2, 1, 3, 2, 1, -3, 2, 3, -1]]
[[1, 0, 0, 0, 0, 0, 0, 0, 0, 0, 0, 0, 0, 0], [0, 1, 0, 0, 0, 0, 0, 0, 0, 0, 0, 0, 0, 0], [0, 0, 1, 0, 0, 0, 0, 0, 0, 0, 0, 0, 0, 0], [0, 0, 0, 1, 0, 0, 0, 0, 0, 0, 0, 0, 0, 0], [0, 0, 0, 0, 1, 0, 0, 0, 0, 0, 0, 0, 0, 0], [0, 0, 0, 0, 0, 1, 0, 0, 0, 0, 0, 0, 0, 0], [0, 0, 0, 0, 0, 0, 1, 0, 0, 0, 0, 0, 0, 0], [0, 0, 0, 0, 0, 0, 0, 1, 0, 0, 0, 0, 0, 0], [0, 0, 0, 0, 0, 0, 0, 0, 1, 0, 0, 0, 0, 0], [0, 0, 0, 0, 0, 0, 0, 0, 0, 1, 0, 0, 0, 0], [0, 0, 0, 0, 0, 0, 0, 0, 0, 0, 1, 0, 0, 0], [0, 0, 0, 0, 0, 0, 0, 0, 0, 0, 0, 1, 0, 0], [0, 0, 0, 0, 0, 0, 0, 0, 0, 0, 0, 0, 1, 0], [0, 0, 0, 0, 0, 0, 0, 0, 0, 0, 0, 0, 0, 1]]
[[1, 0, 0, 0, 0, 0, 0, 0, 0, 0, 0, 0, 0, 0], [0, 1, 0, 0, 0, 0, 0, 0, 0, 0, 0, 0, 0, 0], [0, 0, 1, 0, 0, 0, 0, 0, 0, 0, 0, 0, 0, 0], [0, 0, 0, 1, 0, 0, 0, 0, 0, 0, 0, 0, 0, 0], [0, 0, 0, 0, 1, 0, 0, 0, 0, 0, 0, 0, 0, 0], [0, 0, 0, 0, 0, 1, 0, 0, 0, 0, 0, 0, 0, 0], [0, 0, 0, 0, 0, 0, 1, 0, 0, 0, 0, 0, 0, 0], [0, 0, 0, 0, 0, 0, 0, 1, 0, 0, 0, 0, 0, 0], [0, 0, 0, 0, 0, 0, 0, 0, 1, 0, 0, 0, 0, 0], [0, 0, 0, 0, 0, 0, 0, 0, 0, 1, 0, 0, 0, 0], [0, 0, 0, 0, 0, 0, 0, 0, 0, 0, 1, 0, 0, 0], [0, 0, 0, 0, 0, 0, 0, 0, 0, 0, 0, 1, 0, 0], [0, 0, 0, 0, 0, 0, 0, 0, 0, 0, 0, 0, 1, 0], [0, 0, 0, 0, 0, 0, 0, 0, 0, 0, 0, 0, 0, 1]]
[[1, 0, 0, 0, 0, 0, 0, 0, 0, 0, 0, 0, 0, 0], [0, 1, 0, 0, 0, 0, 0, 0, 0, 0, 0, 0, 0, 0], [0, 0, 1, 0, 0, 0, 0, 0, 0, 0, 0, 0, 0, 0], [0, 0, 0, 1, 0, 0, 0, 0, 0, 0, 0, 0, 0, 0], [0, 0, 0, 0, 1, 0, 0, 0, 0, 0, 0, 0, 0, 0], [0, 0, 0, 0, 0, 1, 0, 0, 0, 0, 0, 0, 0, 0], [0, 0, 0, 0, 0, 0, 1, 0, 0, 0, 0, 0, 0, 0], [0, 0, 0, 0, 0, 0, 0, 1, 0, 0, 0, 0, 0, 0], [0, 0, 0, 0, 0, 0, 0, 0, 1, 0, 0, 0, 0, 0], [0, 0, 0, 0, 0, 0, 0, 0, 0, 1, 0, 0, 0, 0], [0, 0, 0, 0, 0, 0, 0, 0, 0, 0, 1, 0, 0, 0], [0, 0, 0, 0, 0, 0, 0, 0, 0, 0, 0, 1, 0, 0], [0, 0, 0, 0, 0, 0, 0, 0, 0, 0, 0, 0, 1, 0], [0, 0, 0, 0, 0, 0, 0, 0, 0, 0, 0, 0, 0, 1]]
[[1, -1, 0, 0, 0, 1, 0, 0, 1, 0, 0, 3, 1, 0], [1, 0, 0, 1, 2, 0, 0, 1, 1, 0, 0, 2, 1, 1], [1, -2, 1, 1, 2, 1, 0, -1, 1, 0, -1, 4, 2, 0], [-2, 1, 0, -1, -2, -1, 0, 0, -1, 0, 0, -3, -1, 0], [0, 0, 0, 0, 1, 0, 0, 0, 0, 0, 0, 0, 0, 0], [0, -1, 0, 0, 1, 1, 0, 1, 1, 0, 0, 2, 1, 1], [-1, 0, 0, -2, 1, -2, -1, -2, -2, -1, 1, -3, -2, 1], [1, -1, 0, 1, 1, 1, 0, -1, 0, 0, -1, 2, 1, -1], [-1, 2, 0, -1, -2, -1, 0, 1, 0, 0, 1, -4, -2, 0], [-1, 1, 0, -1, -2, 0, 0, 1, 0, 1, 1, -1, -1, 0], [0, -2, 0, 0, 2, 0, 0, -2, 0, 0, -1, 2, 2, 0], [0, 1, 0, 0, 0, -1, 0, 0, -1, 0, 0, -2, -1, 0], [2, -3, 0, 2, 3, 2, 0, -1, 2, 0, -1, 7, 4, 0], [-1, 1, 0, -1, -2, 0, 0, 1, 0, 0, 1, -1, -1, 1]]
[[-1, 2, 2, 0, -2, -2, 0, 0, 0, 0, 0, -4, -2, 0], [1, 0, -1, 0, 1, 1, 0, 0, 0, 0, 0, 2, 1, 0], [-4, 2, 3, -4, -6, -4, 0, -2, -2, 0, 2, -10, -6, 0], [1, -1, -1, 1, 1, 1, 0, 0, 0, 0, 0, 2, 1, 0], [1, -1, -1, 0, 2, 1, 0, 0, 0, 0, 0, 2, 1, 0], [0, 0, 0, 0, 0, 1, 0, 0, 0, 0, 0, 0, 0, 0], [2, -1, -1, 2, 3, 2, 1, 1, 1, 0, -1, 5, 3, 0], [-2, 1, 1, -2, -3, -2, 0, 0, -1, 0, 1, -5, -3, 0], [4, -2, -2, 4, 6, 4, 0, 2, 3, 0, -2, 10, 6, 0], [1, -1, -1, 0, 1, 1, 0, 0, 0, 1, 0, 2, 1, 0], [-3, 2, 2, -2, -4, -3, 0, -1, -1, 0, 2, -7, -4, 0], [1, -1, -1, 0, 1, 1, 0, 0, 0, 0, 0, 3, 1, 0], [-6, 4, 4, -4, -8, -6, 0, -2, -2, 0, 2, -14, -7, 0], [2, -1, -1, 2, 3, 2, 0, 1, 1, 0, -1, 5, 3, 1]]
[[0, 0, 0, -2, -1, 1, 0, -1, -1, 0, 1, 0, -1, 0], [0, 1, 0, 1, 0, 0, 0, 1, 1, 0, -1, 0, 1, 0], [0, 0, 1, -1, 0, 0, 0, -1, -1, 0, 1, 0, -1, 0], [0, 0, 0, 1, 0, 0, 0, 0, 0, 0, 0, 0, 0, 0], [0, 0, 0, 1, 0, 0, 0, 1, 1, 0, -1, 1, 1, 0], [1, 0, 0, 1, 0, 0, 0, 0, 0, 0, 0, 1, 0, 0], [-2, 0, 0, -1, -3, -1, 0, 0, 0, 1, 0, -3, -1, -1], [0, 0, 0, 0, 0, 0, 0, 0, 0, 0, 0, 0, 0, -1], [0, 0, 0, 0, 0, 0, 0, 1, 1, 0, 0, 0, 0, 1], [1, 0, 0, 2, 1, 2, 1, 1, 2, 0, -2, 4, 3, 0], [0, 0, 0, 0, 0, 0, 0, 0, 0, 0, 1, 0, 0, 0], [0, 0, 0, 1, 1, 0, 0, 1, 1, 0, -1, 0, 1, 0], [0, 0, 0, -2, 0, 0, 0, -2, -2, 0, 2, 0, -1, 0], [0, 0, 0, 0, 0, 0, 0, -1, 0, 0, 0, 0, 0, 0]]
[[1, 0, 0, 0, 0, 0, 0, 0, 0, 0, 0, 0, 0, 0], [0, 1, 0, 0, 0, 0, 0, 0, 0, 0, 0, 0, 0, 0], [0, 0, 1, 0, 0, 0, 0, 0, 0, 0, 0, 0, 0, 0], [0, 0, 0, 1, 0, 0, 0, 0, 0, 0, 0, 0, 0, 0], [0, 0, 0, 0, 1, 0, 0, 0, 0, 0, 0, 0, 0, 0], [0, 0, 0, 0, 0, 1, 0, 0, 0, 0, 0, 0, 0, 0], [0, 0, 0, 0, 0, 0, 1, 0, 0, 0, 0, 0, 0, 0], [0, 0, 0, 0, 0, 0, 0, 1, 0, 0, 0, 0, 0, 0], [0, 0, 0, 0, 0, 0, 0, 0, 1, 0, 0, 0, 0, 0], [0, 0, 0, 0, 0, 0, 0, 0, 0, 1, 0, 0, 0, 0], [0, 0, 0, 0, 0, 0, 0, 0, 0, 0, 1, 0, 0, 0], [0, 0, 0, 0, 0, 0, 0, 0, 0, 0, 0, 1, 0, 0], [0, 0, 0, 0, 0, 0, 0, 0, 0, 0, 0, 0, 1, 0], [0, 0, 0, 0, 0, 0, 0, 0, 0, 0, 0, 0, 0, 1]]
[[0, -2, -1, -1, 0, 1, 1, -1, -1, 1, -1, 1, 1, -1], [-3, 1, 1, -3, -4, -2, 0, -2, -2, 1, 1, -5, -3, -1], [5, -2, -2, 5, 8, 5, 1, 3, 3, -1, -3, 11, 7, 1], [-1, 1, 1, 0, -3, -1, 0, 0, 0, 1, 1, -3, -2, -1], [-1, 1, 1, -1, 0, -2, -1, -1, -1, -1, 1, -3, -2, 1], [-1, 1, 1, -1, -3, 0, 0, 0, 0, 1, 1, -3, -2, -1], [-1, 1, 1, -1, -1, -2, 0, -1, -1, -1, 1, -3, -2, 1], [4, -1, -2, 4, 7, 3, 0, 3, 2, -2, -2, 8, 5, 2], [-4, 1, 2, -4, -5, -4, -1, -3, -2, 0, 2, -8, -5, 0], [-4, 2, 1, -3, -8, -3, 0, -2, -3, 2, 1, -9, -5, -3], [5, -2, -2, 4, 8, 4, 0, 2, 2, -2, -1, 10, 5, 2], [-1, 1, 0, 0, -1, -1, 0, 0, 0, 0, 0, -1, 0, 0], [7, -4, -3, 5, 10, 7, 1, 3, 3, -1, -3, 15, 8, 1], [-4, 2, 1, -3, -10, -2, 1, -1, -2, 3, 1, -9, -5, -4]]
[[1, 0, 0, 0, 0, 0, 0, 0, 0, 0, 0, 0, 0, 0], [0, 1, 0, 0, 0, 0, 0, 0, 0, 0, 0, 0, 0, 0], [0, 0, 1, 0, 0, 0, 0, 0, 0, 0, 0, 0, 0, 0], [0, 0, 0, 1, 0, 0, 0, 0, 0, 0, 0, 0, 0, 0], [0, 0, 0, 0, 1, 0, 0, 0, 0, 0, 0, 0, 0, 0], [0, 0, 0, 0, 0, 1, 0, 0, 0, 0, 0, 0, 0, 0], [0, 0, 0, 0, 0, 0, 1, 0, 0, 0, 0, 0, 0, 0], [0, 0, 0, 0, 0, 0, 0, 1, 0, 0, 0, 0, 0, 0], [0, 0, 0, 0, 0, 0, 0, 0, 1, 0, 0, 0, 0, 0], [0, 0, 0, 0, 0, 0, 0, 0, 0, 1, 0, 0, 0, 0], [0, 0, 0, 0, 0, 0, 0, 0, 0, 0, 1, 0, 0, 0], [0, 0, 0, 0, 0, 0, 0, 0, 0, 0, 0, 1, 0, 0], [0, 0, 0, 0, 0, 0, 0, 0, 0, 0, 0, 0, 1, 0], [0, 0, 0, 0, 0, 0, 0, 0, 0, 0, 0, 0, 0, 1]]
[[1, 0, 0, 0, 0, 0, 0, 0, 0, 0, 0, 0, 0, 0], [1, 0, 1, 0, 3, 0, -1, 0, 1, -1, 1, 2, 0, 2], [0, 2, -1, 2, -5, 2, 2, 2, 0, 2, -2, -1, 1, -4], [-1, -1, 1, -1, 2, -2, -1, -2, -1, -1, 1, -1, -1, 2], [0, 0, 0, 0, 1, 0, 0, 0, 0, 0, 0, 0, 0, 0], [-1, -1, 1, -2, 2, -1, -1, -2, -1, -1, 1, -1, -1, 2], [0, 0, 0, 0, 0, 0, 1, 0, 0, 0, 0, 0, 0, 0], [0, 2, -2, 2, -5, 2, 2, 3, 0, 2, -2, -1, 1, -4], [-1, -1, 1, -2, 2, -2, -1, -2, 0, -1, 1, -1, -1, 2], [0, -2, 2, -2, 5, -2, -2, -2, 0, -1, 2, 1, -1, 4], [0, 2, -2, 2, -5, 2, 2, 2, 0, 2, -1, -1, 1, -4], [0, 0, 0, 0, 0, 0, 0, 0, 0, 0, 0, 1, 0, 0], [2, 2, -2, 4, -4, 4, 2, 4, 2, 2, -2, 2, 3, -4], [0, -2, 2, -2, 5, -2, -2, -2, 0, -2, 2, 1, -1, 5]]
[[1, 0, 0, 0, 0, 0, 0, 0, 0, 0, 0, 0, 0, 0], [0, 1, 0, 0, 0, 0, 0, 0, 0, 0, 0, 0, 0, 0], [0, 0, 1, 0, 0, 0, 0, 0, 0, 0, 0, 0, 0, 0], [0, 0, 0, 1, 0, 0, 0, 0, 0, 0, 0, 0, 0, 0], [0, 0, 0, 0, 1, 0, 0, 0, 0, 0, 0, 0, 0, 0], [0, 0, 0, 0, 0, 1, 0, 0, 0, 0, 0, 0, 0, 0], [0, 0, 0, 0, 0, 0, 1, 0, 0, 0, 0, 0, 0, 0], [0, 0, 0, 0, 0, 0, 0, 1, 0, 0, 0, 0, 0, 0], [0, 0, 0, 0, 0, 0, 0, 0, 1, 0, 0, 0, 0, 0], [0, 0, 0, 0, 0, 0, 0, 0, 0, 1, 0, 0, 0, 0], [0, 0, 0, 0, 0, 0, 0, 0, 0, 0, 1, 0, 0, 0], [0, 0, 0, 0, 0, 0, 0, 0, 0, 0, 0, 1, 0, 0], [0, 0, 0, 0, 0, 0, 0, 0, 0, 0, 0, 0, 1, 0], [0, 0, 0, 0, 0, 0, 0, 0, 0, 0, 0, 0, 0, 1]]
[[1, 0, 1, 0, 2, -1, 0, -1, 0, -1, 0, 0, 0, 1], [1, 1, 0, 2, 1, 2, 0, 2, 2, 0, -1, 3, 2, 0], [-2, 0, 1, -4, -2, -4, 0, -4, -4, 0, 2, -6, -4, 0], [0, 0, 0, 1, 0, 0, 0, 0, 0, 0, 0, 0, 0, 0], [0, 0, -1, 0, -1, 1, 0, 1, 0, 1, 0, 0, 0, -1], [-1, 0, 0, -2, -1, -1, 0, -2, -2, 0, 1, -3, -2, 0], [1, 0, -1, 2, -1, 3, 1, 3, 2, 1, -1, 3, 2, -1], [-1, 0, 0, -2, -1, -2, 0, -1, -2, 0, 1, -3, -2, 0], [1, 0, -1, 2, -1, 3, 0, 3, 3, 1, -1, 3, 2, -1], [1, 0, 1, 2, 3, 1, 0, 1, 2, 0, -1, 3, 2, 1], [-1, 0, 0, -2, -1, -2, 0, -2, -2, 0, 2, -3, -2, 0], [1, 0, 0, 2, 1, 2, 0, 2, 2, 0, -1, 4, 2, 0], [-2, 0, 1, -4, 0, -5, 0, -5, -4, -1, 2, -6, -3, 1], [1, 0, 1, 2, 3, 1, 0, 1, 2, -1, -1, 3, 2, 2]]
[[1, 0, 0, 0, 0, 0, 0, 0, 0, 0, 0, 0, 0, 0], [0, 1, 0, 0, 0, 0, 0, 0, 0, 0, 0, 0, 0, 0], [0, 0, 1, 0, 0, 0, 0, 0, 0, 0, 0, 0, 0, 0], [0, 0, 0, 1, 0, 0, 0, 0, 0, 0, 0, 0, 0, 0], [0, 0, 0, 0, 1, 0, 0, 0, 0, 0, 0, 0, 0, 0], [0, 0, 0, 0, 0, 1, 0, 0, 0, 0, 0, 0, 0, 0], [0, 0, 0, 0, 0, 0, 1, 0, 0, 0, 0, 0, 0, 0], [0, 0, 0, 0, 0, 0, 0, 1, 0, 0, 0, 0, 0, 0], [0, 0, 0, 0, 0, 0, 0, 0, 1, 0, 0, 0, 0, 0], [0, 0, 0, 0, 0, 0, 0, 0, 0, 1, 0, 0, 0, 0], [0, 0, 0, 0, 0, 0, 0, 0, 0, 0, 1, 0, 0, 0], [0, 0, 0, 0, 0, 0, 0, 0, 0, 0, 0, 1, 0, 0], [0, 0, 0, 0, 0, 0, 0, 0, 0, 0, 0, 0, 1, 0], [0, 0, 0, 0, 0, 0, 0, 0, 0, 0, 0, 0, 0, 1]]
[[-1, -1, 2, -3, 3, -2, -2, -3, -1, -2, 2, -1, -2, 3], [3, 0, -1, 3, 4, 2, 0, 2, 2, -1, -1, 5, 3, 1], [-4, -1, 1, -6, -2, -4, -2, -5, -4, -1, 3, -8, -5, 1], [0, 0, 0, 1, 0, 0, 1, 0, 0, 1, -1, 1, 1, -1], [1, 1, -1, 2, -2, 2, 1, 2, 1, 1, -1, 1, 1, -2], [0, 0, 0, 0, 0, 1, 1, 0, 0, 1, -1, 1, 1, -1], [1, 1, -1, 2, -3, 2, 2, 2, 1, 1, -1, 1, 1, -2], [-3, 0, -1, -4, -5, -2, -1, -2, -3, 0, 2, -7, -4, -1], [4, 1, 0, 6, 2, 4, 2, 5, 5, 1, -3, 8, 5, -1], [2, -1, 0, 2, 4, 2, 0, 1, 2, 0, -1, 6, 3, 1], [-3, 0, 0, -4, -3, -3, -1, -3, -3, 0, 3, -7, -4, 0], [1, 0, -1, 1, 0, 0, 0, 1, 0, 0, 0, 0, 0, 0], [-5, -1, 2, -7, 0, -5, -3, -6, -4, -2, 4, -8, -5, 3], [2, -1, 0, 2, 4, 2, 1, 1, 2, 0, -2, 7, 4, 1]]
[[1, 0, 0, 0, 0, 0, 0, 0, 0, 0, 0, 0, 0, 0], [0, 1, 0, 0, 0, 0, 0, 0, 0, 0, 0, 0, 0, 0], [0, 0, 1, 0, 0, 0, 0, 0, 0, 0, 0, 0, 0, 0], [0, 0, 0, 1, 0, 0, 0, 0, 0, 0, 0, 0, 0, 0], [0, 0, 0, 0, 1, 0, 0, 0, 0, 0, 0, 0, 0, 0], [0, 0, 0, 0, 0, 1, 0, 0, 0, 0, 0, 0, 0, 0], [0, 0, 0, 0, 0, 0, 1, 0, 0, 0, 0, 0, 0, 0], [0, 0, 0, 0, 0, 0, 0, 1, 0, 0, 0, 0, 0, 0], [0, 0, 0, 0, 0, 0, 0, 0, 1, 0, 0, 0, 0, 0], [0, 0, 0, 0, 0, 0, 0, 0, 0, 1, 0, 0, 0, 0], [0, 0, 0, 0, 0, 0, 0, 0, 0, 0, 1, 0, 0, 0], [0, 0, 0, 0, 0, 0, 0, 0, 0, 0, 0, 1, 0, 0], [0, 0, 0, 0, 0, 0, 0, 0, 0, 0, 0, 0, 1, 0], [0, 0, 0, 0, 0, 0, 0, 0, 0, 0, 0, 0, 0, 1]]
[[1, 0, 0, 0, 0, 0, 0, 0, 0, 0, 0, 0, 0, 0], [0, 1, 0, 0, 0, 0, 0, 0, 0, 0, 0, 0, 0, 0], [0, 0, 1, 0, 0, 0, 0, 0, 0, 0, 0, 0, 0, 0], [0, 0, 0, 1, 0, 0, 0, 0, 0, 0, 0, 0, 0, 0], [0, 0, 0, 0, 1, 0, 0, 0, 0, 0, 0, 0, 0, 0], [0, 0, 0, 0, 0, 1, 0, 0, 0, 0, 0, 0, 0, 0], [0, 0, 0, 0, 0, 0, 1, 0, 0, 0, 0, 0, 0, 0], [0, 0, 0, 0, 0, 0, 0, 1, 0, 0, 0, 0, 0, 0], [0, 0, 0, 0, 0, 0, 0, 0, 1, 0, 0, 0, 0, 0], [0, 0, 0, 0, 0, 0, 0, 0, 0, 1, 0, 0, 0, 0], [0, 0, 0, 0, 0, 0, 0, 0, 0, 0, 1, 0, 0, 0], [0, 0, 0, 0, 0, 0, 0, 0, 0, 0, 0, 1, 0, 0], [0, 0, 0, 0, 0, 0, 0, 0, 0, 0, 0, 0, 1, 0], [0, 0, 0, 0, 0, 0, 0, 0, 0, 0, 0, 0, 0, 1]]
[[1, 0, 0, 0, 0, 0, 0, 0, 0, 0, 0, 0, 0, 0], [1, 0, 1, 0, 3, 0, -1, 0, 1, -1, 1, 2, 0, 2], [0, 2, -1, 2, -5, 2, 2, 2, 0, 2, -2, -1, 1, -4], [-1, -1, 1, -1, 2, -2, -1, -2, -1, -1, 1, -1, -1, 2], [0, 0, 0, 0, 1, 0, 0, 0, 0, 0, 0, 0, 0, 0], [-1, -1, 1, -2, 2, -1, -1, -2, -1, -1, 1, -1, -1, 2], [0, 0, 0, 0, 0, 0, 1, 0, 0, 0, 0, 0, 0, 0], [0, 2, -2, 2, -5, 2, 2, 3, 0, 2, -2, -1, 1, -4], [-1, -1, 1, -2, 2, -2, -1, -2, 0, -1, 1, -1, -1, 2], [0, -2, 2, -2, 5, -2, -2, -2, 0, -1, 2, 1, -1, 4], [0, 2, -2, 2, -5, 2, 2, 2, 0, 2, -1, -1, 1, -4], [0, 0, 0, 0, 0, 0, 0, 0, 0, 0, 0, 1, 0, 0], [2, 2, -2, 4, -4, 4, 2, 4, 2, 2, -2, 2, 3, -4], [0, -2, 2, -2, 5, -2, -2, -2, 0, -2, 2, 1, -1, 5]]
[[-1, 0, 0, -2, -2, -2, 0, -2, -2, 0, 1, -4, -2, 0], [0, 1, 0, 0, 0, 0, 0, 0, 0, 0, 0, 0, 0, 0], [-2, 0, -1, -2, -3, -2, 0, -2, -3, 0, 1, -5, -2, -1], [2, 0, 0, 3, 2, 2, 0, 2, 2, 0, -1, 4, 2, 0], [0, 0, 0, 0, 1, 0, 0, 0, 0, 0, 0, 0, 0, 0], [0, 0, 0, 0, 0, 1, 0, 0, 0, 0, 0, 0, 0, 0], [2, 0, 0, 2, 2, 2, 1, 2, 2, 0, -1, 4, 2, 0], [-2, 0, 0, -2, -2, -2, 0, -1, -2, 0, 1, -4, -2, 0], [2, 0, 0, 2, 2, 2, 0, 2, 3, 0, -1, 4, 2, 0], [0, 0, 0, 0, 0, 0, 0, 0, 0, 1, 0, 0, 0, 0], [0, 0, 0, 0, 0, 0, 0, 0, 0, 0, 1, 0, 0, 0], [0, 0, 0, 0, 0, 0, 0, 0, 0, 0, 0, 1, 0, 0], [-2, 0, 0, -2, -2, -2, 0, -2, -2, 0, 1, -4, -1, 0], [2, 0, 0, 2, 2, 2, 0, 2, 2, 0, -1, 4, 2, 1]]
