
#########################################################
# DATA FOR CRYSTALLOGRAPHIC QUARTIC SURFACE FAMILY 27.3 #
#########################################################


##################
# GROUP & FAMILY #
##################

Generators of crystallographic group:
[[0, 0, 1, -1], [0, 1, 0, -1], [1, 0, 0, -1], [0, 0, 0, -1]]
[[0, -1, 1, 0], [0, -1, 0, 1], [0, -1, 0, 0], [1, -1, 0, 0]]

Invariant polynomials:
x^4 + y^4 - 2*x^3*z + 3*x^2*z^2 - 2*x*z^3 + z^4 - 2*x^3*w - 2*y^3*w + 3*x^2*w^2 + 3*y^2*w^2 - 2*x*w^3 - 2*y*w^3 + w^4
x^3*y + x*y^3 - x^3*z - 3*x*y^2*z + y^3*z + 3*x^2*z^2 - x*z^3 + y*z^3 - x^3*w - y^3*w - 3*x^2*z*w + 3*x*y*z*w - 3*y*z^2*w + z^3*w + 3*x^2*w^2 - 3*x*y*w^2 + 3*y^2*w^2 - x*w^3 - y*w^3 + z*w^3
x^2*y^2 - 2*x*y^2*z + x^2*z^2 + y^2*z^2 - 2*x^2*z*w + 2*x*y*z*w - 2*y*z^2*w + x^2*w^2 - 2*x*y*w^2 + y^2*w^2 + z^2*w^2
x^2*y*z - x*y^2*z - x^2*z^2 + x*y*z^2 + x^2*z*w - x*y*z*w + y^2*z*w - y*z^2*w - x^2*w^2 + x*y*w^2 - y^2*w^2 + y*z*w^2
-x*y^2*z + x^2*z^2 + x^2*y*w + x*y^2*w - 3*x^2*z*w + x*y*z*w + x*z^2*w - y*z^2*w + x^2*w^2 - 3*x*y*w^2 + y^2*w^2 + x*z*w^2

Equivalent crystallographic groups:
27.4

############
# HOMOLOGY #
############


Intersection product:
[[-4, -2, 2, 0, 0, -2, -1, 0, 1, -2, -2, 0, -1, -2, -1, 2, 1, 1, -3, -2, -2, 2], [-2, -4, 1, 0, -1, -2, 0, 1, 2, -1, 2, 1, 2, -2, 2, 0, 1, -1, -1, -1, -1, 1], [2, 1, -4, -1, -3, 1, 1, 1, 1, 1, 3, 1, 2, 1, 2, -1, 0, -1, 2, 2, 1, -1], [0, 0, -1, -2, -1, 0, -1, 0, 0, -1, -1, 0, 0, 0, 0, 0, 0, 0, 0, 0, -1, 0], [0, -1, -3, -1, -6, 0, 0, 2, 4, -2, 2, 1, 2, 0, 2, 1, 2, -1, 1, 1, -2, 2], [-2, -2, 1, 0, 0, -2, 0, 1, 1, -1, 0, 0, 0, -1, 0, 0, 0, 0, -1, -1, -1, 1], [-1, 0, 1, -1, 0, 0, -2, 0, 0, -2, -3, -1, -2, 0, -2, 1, 0, 1, -1, -1, -2, 1], [0, 1, 1, 0, 2, 1, 0, -2, -2, 1, -2, -1, -2, 1, -2, 0, -1, 1, 0, 0, 1, -1], [1, 2, 1, 0, 4, 1, 0, -2, -4, 2, -2, -1, -2, 1, -2, -1, -2, 1, 0, 0, 2, -2], [-2, -1, 1, -1, -2, -1, -2, 1, 2, -4, -3, -1, -2, 0, -2, 2, 1, 1, -1, -1, -3, 3], [-2, 2, 3, -1, 2, 0, -3, -2, -2, -3, -8, -2, -5, 0, -5, 3, 0, 3, -3, -2, -3, 2], [0, 1, 1, 0, 1, 0, -1, -1, -1, -1, -2, -2, -2, 1, -2, 0, -1, 1, 0, 0, 0, 0], [-1, 2, 2, 0, 2, 0, -2, -2, -2, -2, -5, -2, -4, 0, -3, 2, 0, 2, -2, -1, -1, 1], [-2, -2, 1, 0, 0, -1, 0, 1, 1, 0, 0, 1, 0, -2, 0, 0, 0, 0, -1, -1, -1, 1], [-1, 2, 2, 0, 2, 0, -2, -2, -2, -2, -5, -2, -3, 0, -4, 2, 0, 2, -2, -1, -1, 1], [2, 0, -1, 0, 1, 0, 1, 0, -1, 2, 3, 0, 2, 0, 2, -4, -2, -1, 2, 1, 2, -2], [1, 1, 0, 0, 2, 0, 0, -1, -2, 1, 0, -1, 0, 0, 0, -2, -2, 0, 0, 0, 1, -1], [1, -1, -1, 0, -1, 0, 1, 1, 1, 1, 3, 1, 2, 0, 2, -1, 0, -2, 2, 1, 1, -1], [-3, -1, 2, 0, 1, -1, -1, 0, 0, -1, -3, 0, -2, -1, -2, 2, 0, 2, -4, -2, -2, 2], [-2, -1, 2, 0, 1, -1, -1, 0, 0, -1, -2, 0, -1, -1, -1, 1, 0, 1, -2, -2, -1, 1], [-2, -1, 1, -1, -2, -1, -2, 1, 2, -3, -3, 0, -1, -1, -1, 2, 1, 1, -2, -1, -4, 3], [2, 1, -1, 0, 2, 1, 1, -1, -2, 3, 2, 0, 1, 1, 1, -2, -1, -1, 2, 1, 3, -4]]

Basis of the generic Picard lattice:
[1, 0, 0, 0, 0, 0, 0, 0, 0, 0, 0, 0, 0, 0, 0, 0, 1, 1, 0, 4, -4, -2]
[0, 1, 0, 0, 0, 0, 0, 0, 0, 0, 0, 0, 0, 0, 0, 0, 1, 0, 0, 5, -4, -2]
[0, 0, 1, 0, 0, 0, 0, 0, 0, 0, 0, 0, 0, 0, 0, 0, 1, 0, 0, 5, -4, -3]
[0, 0, 0, 1, 0, 0, 0, 0, 0, 0, 0, 0, 0, 0, 0, 0, 1, 0, 0, 5, -4, -2]
[0, 0, 0, 0, 1, 0, 0, 0, 0, 0, 0, 0, 0, 0, 0, 0, 0, -1, 1, 1, -1, 0]
[0, 0, 0, 0, 0, 1, 0, 0, 0, 0, 0, 0, 0, 0, 0, 0, 0, -1, 0, 0, 0, 0]
[0, 0, 0, 0, 0, 0, 1, 0, 0, 0, 0, 0, 0, 0, 0, 0, 1, 0, -1, 1, 0, 0]
[0, 0, 0, 0, 0, 0, 0, 1, 0, 0, 0, 0, 0, 0, 0, 0, 0, 0, -1, -4, 4, 2]
[0, 0, 0, 0, 0, 0, 0, 0, 1, 0, 0, 0, 0, 0, 0, 0, 1, 1, -1, 1, 0, -1]
[0, 0, 0, 0, 0, 0, 0, 0, 0, 1, 0, 0, 0, 0, 0, 0, 1, 0, 0, 1, -1, 0]
[0, 0, 0, 0, 0, 0, 0, 0, 0, 0, 1, 0, 0, 0, 0, 0, 1, 2, -1, 0, 0, 0]
[0, 0, 0, 0, 0, 0, 0, 0, 0, 0, 0, 1, 0, 0, 0, 0, 0, 1, 0, -1, 0, 0]
[0, 0, 0, 0, 0, 0, 0, 0, 0, 0, 0, 0, 1, 0, 0, 0, 0, 3, 0, -1, 0, 0]
[0, 0, 0, 0, 0, 0, 0, 0, 0, 0, 0, 0, 0, 1, 0, 0, 1, -1, -1, 1, 0, 0]
[0, 0, 0, 0, 0, 0, 0, 0, 0, 0, 0, 0, 0, 0, 1, 0, 1, 3, 0, 4, -4, -2]
[0, 0, 0, 0, 0, 0, 0, 0, 0, 0, 0, 0, 0, 0, 0, 1, 1, 0, 0, 5, -4, -3]
[0, 0, 0, 0, 0, 0, 0, 0, 0, 0, 0, 0, 0, 0, 0, 0, 2, 1, -1, 6, -4, -3]

Class of hyperplane section:
[2, 3, 2, -3, 0, -3, 0, -4, 0, 0, 8, 3, -3, 0, -3, 1, 0, 1, 1, -3, -4, 0]

Action of the group on homology:
[[1, 0, 0, -1, 0, 1, -1, -1, -1, 0, -1, 0, 0, 0, 0, 0, 0, 0, 0, 0, -1, -1], [2, 2, -1, -1, -2, 2, -1, 0, 0, -1, -1, 0, 0, 1, 0, 0, 0, 0, 1, 1, -2, 0], [1, 1, 0, -1, -1, 1, -1, 0, 0, -1, -1, 0, 0, 0, 0, 0, 0, 0, 1, 0, -1, 0], [-2, -1, 1, 2, 2, -2, 1, 0, 0, 1, 1, 0, 0, -1, 0, 0, 0, 0, -1, -1, 2, 0], [-1, 0, 0, 0, 0, 0, 0, 0, 0, 0, -1, 0, -1, 0, -1, 1, 0, 1, -2, 0, -1, 1], [-4, -2, 2, 1, 2, -3, 1, 0, 1, 0, 0, 0, 0, -2, 0, 1, 1, 0, -2, -2, 1, 1], [-2, -1, 1, 0, 2, -1, 1, -1, -1, 1, 0, 0, 0, -1, 0, 0, 0, 0, -1, -1, 1, -1], [-3, -2, 2, 1, 3, -3, 1, 0, 0, 1, 1, 0, 1, -2, 1, -1, 0, 0, -1, -2, 2, 0], [0, 0, 0, 0, 0, 1, 0, 0, 0, 1, 0, 1, 0, 0, 0, 1, 0, 0, -1, 0, 0, 0], [3, 2, -1, -1, 0, 2, -1, 0, -1, 0, -1, -1, -1, 2, -1, -1, -1, 0, 2, 1, 0, -1], [4, 3, -2, -3, -5, 4, -3, 0, 0, -4, -4, -1, -2, 3, -2, 1, 0, 1, 1, 2, -6, 1], [2, 1, -2, 0, -3, 2, 0, 1, 1, 0, 1, 1, 0, 1, 0, 0, 0, 0, 1, 2, -1, 0], [-2, -1, 1, 1, 2, -2, 1, 0, 0, 1, 1, 0, 1, -1, 0, 0, 0, 0, -1, -1, 2, 0], [1, 1, -2, 0, -2, 1, 0, 1, 1, 0, 1, 0, 0, 1, 0, 0, 0, 0, 1, 1, 0, 0], [-2, -1, 1, 1, 2, -2, 1, 0, 0, 1, 1, 0, 0, -1, 1, 0, 0, 0, -1, -1, 2, 0], [0, 0, 1, 0, 1, 0, 0, -1, -1, 0, -1, -1, -1, 1, -1, 0, -1, 1, -1, 0, 0, 0], [1, 1, -1, -1, -1, 1, -1, 0, 0, -1, -1, 0, 0, 0, 0, 0, 1, 0, 1, 0, -1, 0], [0, 0, 1, 0, 1, 0, 0, 0, -1, 0, -1, 0, -1, 1, -1, 1, 0, 1, -1, 0, 0, 0], [1, 1, 0, 0, 0, 1, 0, 0, -1, 0, -1, -1, -2, 2, -2, 0, -1, 1, 0, 1, 0, 0], [-2, -1, 1, 1, 2, -2, 1, 0, 0, 1, 1, 1, 1, -2, 1, 0, 0, 0, -1, -1, 2, 1], [-2, -2, 1, 1, 1, -2, 1, 0, 1, 1, 2, 1, 2, -2, 2, 0, 1, -1, 0, -1, 2, 0], [1, 1, -1, -1, -1, 1, -1, 0, 0, -1, -1, -1, -1, 1, -1, 0, 0, 0, 1, 1, -1, 0]]
[[0, 0, 1, 1, 0, 0, 0, 0, 0, -1, 0, -1, -1, 0, 0, -1, -1, 0, 0, 0, -1, 1], [0, -1, 0, -1, -1, 0, -1, 0, 0, -2, 0, -1, -1, 0, 0, -1, -1, 0, 0, 0, -1, 0], [0, 0, 0, -1, -1, 0, -1, 0, 0, -2, -1, -1, -1, 0, -1, -1, -1, 1, 0, 0, -1, 1], [0, 1, 0, 1, 2, 0, 1, -1, -1, 3, 0, 1, 1, 0, 0, 1, 1, 0, 0, 0, 2, -2], [0, 0, 0, 0, 0, 0, 0, 0, 0, 0, 0, 0, 0, 0, 0, 1, 0, -1, 0, 0, 0, 0], [-1, 0, 0, 0, 0, -1, 0, 0, 1, 0, -1, 1, 2, -1, -1, 2, 2, 0, -1, -1, 0, 1], [-1, 0, 0, 0, -1, -1, -1, 1, 1, -2, -1, 0, 1, -1, -1, 1, 1, 0, -1, -1, -2, 2], [0, 0, 0, 0, 1, -1, 0, 0, 0, 1, 0, 1, 3, -1, 0, 0, 1, 0, 0, -1, 1, 0], [0, 0, 0, 0, 0, 0, 0, 0, 0, 0, 0, -1, -1, 1, -1, 0, -1, 0, 0, 1, 0, 0], [0, 0, 0, 0, 0, 1, 0, 0, 0, 0, 0, -1, -2, 1, 0, -1, -1, 1, 0, 0, 0, 0], [0, -1, 1, -1, -2, 1, -1, 0, 0, -4, -1, -2, -4, 1, 0, -1, -2, 0, 0, 0, -3, 1], [1, 0, -1, 0, -1, 1, 1, 0, 0, 1, 2, 0, -1, 1, 1, -1, -1, -1, 2, 2, 1, -2], [-1, 0, 0, 0, 1, -1, 0, 0, 0, 1, 0, 1, 2, -1, 0, 1, 1, 0, -1, -1, 1, 0], [1, 1, -1, 0, 1, 1, 1, 0, -1, 2, 1, 0, -1, 1, 0, -1, -1, 0, 1, 1, 2, -2], [1, 1, -1, 0, 0, 0, 0, 0, 0, 1, 0, 1, 2, 0, 0, 1, 1, 0, 0, 0, 1, 0], [0, 0, 1, 0, 0, 0, -1, 0, 0, -1, -1, 0, 0, 0, 0, 1, 0, 0, -1, -1, -1, 1], [0, 0, 0, 0, 0, 0, 0, 0, 0, -1, 0, -1, -1, 0, 0, -1, 0, 0, 1, 0, 0, 0], [0, 0, 0, 0, -1, 0, 0, 0, 0, -1, 0, 0, 0, 1, 0, 1, 0, 0, 0, 0, 0, 1], [0, 0, 0, 0, -1, 1, 0, 0, 0, 0, 0, 0, -1, 1, 0, 1, 0, 0, 0, 0, 0, 0], [0, 0, 0, 0, 1, -1, 0, 0, 0, 1, 0, 1, 2, -1, 0, 1, 1, 0, 0, 0, 1, 0], [0, 0, 0, 0, 1, -1, 0, 0, 0, 1, 0, 1, 2, -1, 0, 0, 1, 0, 0, 0, 1, 0], [0, 0, 0, 0, 0, 1, 0, 0, 0, 0, 0, 0, -1, 0, 0, 0, 0, 0, 0, 0, 0, 0]]

####################
# ALGEBRAIC CURVES #
####################


There are no conics.

################
# DISCRIMINANT #
################

We did not manage to compute the discriminant.
The restriction of the discriminant to the line we chose had 1 component of degree 2, and 2 components of degree 6.
The equation of the line we chose is:
(5*x^4 + 3*x^3*y + 7*x^2*y^2 + 3*x*y^3 + 5*y^4 - 13*x^3*z - 9*x^2*y*z - 27*x*y^2*z + 3*y^3*z + 53*x^2*z^2 - 9*x*y*z^2 + 7*y^2*z^2 - 13*x*z^3 + 3*y*z^3 + 5*z^4 - 13*x^3*w + 13*x^2*y*w + 13*x*y^2*w - 13*y^3*w - 71*x^2*z*w + 45*x*y*z*w - 9*y^2*z*w + 13*x*z^2*w - 27*y*z^2*w + 3*z^3*w + 53*x^2*w^2 - 71*x*y*w^2 + 53*y^2*w^2 + 13*x*z*w^2 - 9*y*z*w^2 + 7*z^2*w^2 - 13*x*w^3 - 13*y*w^3 + 3*z*w^3 + 5*w^4)*t - 89*x^4 + 20*x^3*y + 95*x^2*y^2 + 20*x*y^3 - 89*y^4 + 158*x^3*z + 4*x^2*y*z - 324*x*y^2*z + 20*y^3*z - 46*x^2*z^2 + 4*x*y*z^2 + 95*y^2*z^2 + 158*x*z^3 + 20*y*z^3 - 89*z^4 + 158*x^3*w + 70*x^2*y*w + 70*x*y^2*w + 158*y^3*w - 456*x^2*z*w + 316*x*y*z*w + 4*y^2*z*w + 70*x*z^2*w - 324*y*z^2*w + 20*z^3*w - 46*x^2*w^2 - 456*x*y*w^2 - 46*y^2*w^2 + 70*x*z*w^2 + 4*y*z*w^2 + 95*z^2*w^2 + 158*x*w^3 + 158*y*w^3 + 20*z*w^3 - 89*w^4

#############
# MONODROMY #
#############


Generators of the monodromy group on the second homology group:
[[1, 0, 0, 0, 0, 0, 0, 0, 0, 0, 0, 0, 0, 0, 0, 0, 0, 0, 0, 0, 0, 0], [0, 1, 0, 0, 0, 0, 0, 0, 0, 0, 0, 0, 0, 0, 0, 0, 0, 0, 0, 0, 0, 0], [0, 0, 1, 0, 0, 0, 0, 0, 0, 0, 0, 0, 0, 0, 0, 0, 0, 0, 0, 0, 0, 0], [0, 0, 0, 1, 0, 0, 0, 0, 0, 0, 0, 0, 0, 0, 0, 0, 0, 0, 0, 0, 0, 0], [0, 0, 0, 0, 1, 0, 0, 0, 0, 0, 0, 0, 0, 0, 0, 0, 0, 0, 0, 0, 0, 0], [0, 0, 0, 0, 0, 1, 0, 0, 0, 0, 0, 0, 0, 0, 0, 0, 0, 0, 0, 0, 0, 0], [0, 0, 0, 0, 0, 0, 1, 0, 0, 0, 0, 0, 0, 0, 0, 0, 0, 0, 0, 0, 0, 0], [0, 0, 0, 0, 0, 0, 0, 1, 0, 0, 0, 0, 0, 0, 0, 0, 0, 0, 0, 0, 0, 0], [0, 0, 0, 0, 0, 0, 0, 0, 1, 0, 0, 0, 0, 0, 0, 0, 0, 0, 0, 0, 0, 0], [0, 0, 0, 0, 0, 0, 0, 0, 0, 1, 0, 0, 0, 0, 0, 0, 0, 0, 0, 0, 0, 0], [0, 0, 0, 0, 0, 0, 0, 0, 0, 0, 1, 0, 0, 0, 0, 0, 0, 0, 0, 0, 0, 0], [0, 0, 0, 0, 0, 0, 0, 0, 0, 0, 0, 1, 0, 0, 0, 0, 0, 0, 0, 0, 0, 0], [0, 0, 0, 0, 0, 0, 0, 0, 0, 0, 0, 0, 1, 0, 0, 0, 0, 0, 0, 0, 0, 0], [0, 0, 0, 0, 0, 0, 0, 0, 0, 0, 0, 0, 0, 1, 0, 0, 0, 0, 0, 0, 0, 0], [0, 0, 0, 0, 0, 0, 0, 0, 0, 0, 0, 0, 0, 0, 1, 0, 0, 0, 0, 0, 0, 0], [0, 0, 0, 0, 0, 0, 0, 0, 0, 0, 0, 0, 0, 0, 0, 1, 0, 0, 0, 0, 0, 0], [0, 0, 0, 0, 0, 0, 0, 0, 0, 0, 0, 0, 0, 0, 0, 0, 1, 0, 0, 0, 0, 0], [0, 0, 0, 0, 0, 0, 0, 0, 0, 0, 0, 0, 0, 0, 0, 0, 0, 1, 0, 0, 0, 0], [0, 0, 0, 0, 0, 0, 0, 0, 0, 0, 0, 0, 0, 0, 0, 0, 0, 0, 1, 0, 0, 0], [0, 0, 0, 0, 0, 0, 0, 0, 0, 0, 0, 0, 0, 0, 0, 0, 0, 0, 0, 1, 0, 0], [0, 0, 0, 0, 0, 0, 0, 0, 0, 0, 0, 0, 0, 0, 0, 0, 0, 0, 0, 0, 1, 0], [0, 0, 0, 0, 0, 0, 0, 0, 0, 0, 0, 0, 0, 0, 0, 0, 0, 0, 0, 0, 0, 1]]
[[1, 0, 0, 0, 0, 0, 0, 0, 0, 0, 0, 0, 0, 0, 0, 0, 0, 0, 0, 0, 0, 0], [0, 1, 0, 0, 0, 0, 0, 0, 0, 0, 0, 0, 0, 0, 0, 0, 0, 0, 0, 0, 0, 0], [0, 0, 1, 0, 0, 0, 0, 0, 0, 0, 0, 0, 0, 0, 0, 0, 0, 0, 0, 0, 0, 0], [0, 0, 0, 1, 0, 0, 0, 0, 0, 0, 0, 0, 0, 0, 0, 0, 0, 0, 0, 0, 0, 0], [0, 0, 0, 0, 1, 0, 0, 0, 0, 0, 0, 0, 0, 0, 0, 0, 0, 0, 0, 0, 0, 0], [0, 0, 0, 0, 0, 1, 0, 0, 0, 0, 0, 0, 0, 0, 0, 0, 0, 0, 0, 0, 0, 0], [0, 0, 0, 0, 0, 0, 1, 0, 0, 0, 0, 0, 0, 0, 0, 0, 0, 0, 0, 0, 0, 0], [0, 0, 0, 0, 0, 0, 0, 1, 0, 0, 0, 0, 0, 0, 0, 0, 0, 0, 0, 0, 0, 0], [0, 0, 0, 0, 0, 0, 0, 0, 1, 0, 0, 0, 0, 0, 0, 0, 0, 0, 0, 0, 0, 0], [0, 0, 0, 0, 0, 0, 0, 0, 0, 1, 0, 0, 0, 0, 0, 0, 0, 0, 0, 0, 0, 0], [0, 0, 0, 0, 0, 0, 0, 0, 0, 0, 1, 0, 0, 0, 0, 0, 0, 0, 0, 0, 0, 0], [0, 0, 0, 0, 0, 0, 0, 0, 0, 0, 0, 1, 0, 0, 0, 0, 0, 0, 0, 0, 0, 0], [0, 0, 0, 0, 0, 0, 0, 0, 0, 0, 0, 0, 1, 0, 0, 0, 0, 0, 0, 0, 0, 0], [0, 0, 0, 0, 0, 0, 0, 0, 0, 0, 0, 0, 0, 1, 0, 0, 0, 0, 0, 0, 0, 0], [0, 0, 0, 0, 0, 0, 0, 0, 0, 0, 0, 0, 0, 0, 1, 0, 0, 0, 0, 0, 0, 0], [0, 0, 0, 0, 0, 0, 0, 0, 0, 0, 0, 0, 0, 0, 0, 1, 0, 0, 0, 0, 0, 0], [0, 0, 0, 0, 0, 0, 0, 0, 0, 0, 0, 0, 0, 0, 0, 0, 1, 0, 0, 0, 0, 0], [0, 0, 0, 0, 0, 0, 0, 0, 0, 0, 0, 0, 0, 0, 0, 0, 0, 1, 0, 0, 0, 0], [0, 0, 0, 0, 0, 0, 0, 0, 0, 0, 0, 0, 0, 0, 0, 0, 0, 0, 1, 0, 0, 0], [0, 0, 0, 0, 0, 0, 0, 0, 0, 0, 0, 0, 0, 0, 0, 0, 0, 0, 0, 1, 0, 0], [0, 0, 0, 0, 0, 0, 0, 0, 0, 0, 0, 0, 0, 0, 0, 0, 0, 0, 0, 0, 1, 0], [0, 0, 0, 0, 0, 0, 0, 0, 0, 0, 0, 0, 0, 0, 0, 0, 0, 0, 0, 0, 0, 1]]
[[0, -1, 0, 0, -2, 0, 0, 0, 1, -1, 0, 0, 0, 0, 0, 1, 1, 0, 0, 0, -1, 1], [-1, -1, 0, 0, -2, -1, 0, 0, 1, -1, 1, 0, 1, -1, 1, 0, 0, -1, 0, 0, -1, 1], [0, -1, 0, 0, -1, -1, 0, 0, 1, 0, 2, 0, 2, -1, 2, -1, -1, -1, 0, 0, 0, 0], [1, 2, 0, 1, 2, 1, 0, 0, -1, 1, -1, 0, -1, 1, -1, 0, 0, 1, 0, 0, 1, -1], [-1, -1, 1, 0, 0, 0, 0, 0, 0, -1, -1, 0, -1, 0, -1, 1, 1, 0, 0, 0, -1, 1], [1, 1, 0, 0, 2, 1, 0, 0, -1, 1, 0, 0, 0, 0, 0, -1, -1, 0, 0, 0, 1, -1], [0, 0, 0, 0, 0, 0, 1, 0, 0, 0, 0, 0, 0, 0, 0, 0, 0, 0, 0, 0, 0, 0], [1, 1, -1, 0, 1, 0, 0, 1, 0, 1, 1, 0, 1, 0, 1, -1, -1, 0, 0, 0, 1, -1], [-1, -1, 1, 0, -1, 0, 0, 0, 1, -1, -1, 0, -1, 0, -1, 1, 1, 0, 0, 0, -1, 1], [0, 0, 0, 0, 0, 0, 0, 0, 0, 0, 0, -1, -1, 1, -1, 0, 0, 0, 1, 0, 1, 0], [-2, -3, 1, 0, -3, -1, 0, 0, 1, -2, 1, 0, 0, -1, 0, 1, 1, -1, 0, 0, -2, 2], [-1, -1, 0, 0, -2, 0, 0, 0, 1, -1, 0, 1, 0, 0, 0, 1, 1, 0, 0, 0, -1, 1], [1, 1, 0, 0, 2, 0, 0, 0, -1, 1, 0, 0, 1, 0, 0, -1, -1, 0, 0, 0, 1, -1], [0, 0, 0, 0, 0, 0, 0, 0, 0, 0, 0, 0, 0, 0, 0, -1, 0, 0, 1, 0, 0, 0], [1, 1, 0, 0, 2, 0, 0, 0, -1, 1, 0, 0, 0, 0, 1, -1, -1, 0, 0, 0, 1, -1], [0, 0, 1, 0, 1, 0, 0, 0, -1, 0, -1, 0, -1, 0, -1, 1, 0, 0, 0, 0, 0, 0], [0, -1, -1, 0, -1, -1, 0, 0, 1, 0, 2, 0, 2, -1, 2, -1, 0, -1, 0, 0, 0, 0], [0, -1, 1, 0, 1, -1, 0, 0, -1, 0, 0, 0, 0, 0, 0, 0, -1, 0, -1, 0, 0, 0], [0, 0, 1, 0, 1, 0, 0, 0, -1, 0, -1, 0, -1, 1, -1, 1, 0, 0, 0, 0, 0, 0], [1, 1, -1, 0, 1, 0, 0, 0, 0, 1, 1, 0, 1, 0, 1, -1, -1, 0, 0, 1, 1, -1], [1, 1, -1, 0, 1, 0, 0, 0, 0, 2, 1, 1, 2, -1, 2, -1, -1, 0, -1, 0, 1, -1], [0, 0, 0, 0, 0, 0, 0, 0, 0, 0, 0, 0, 0, 0, 0, 0, 0, 0, 0, 0, 0, 1]]
[[1, 0, 0, 0, 0, 0, 0, 0, 0, 0, 0, 0, 0, 0, 0, 0, 0, 0, 0, 0, 0, 0], [0, 1, 0, 0, 0, 0, 0, 0, 0, 0, 0, 0, 0, 0, 0, 0, 0, 0, 0, 0, 0, 0], [0, 0, 1, 0, 0, 0, 0, 0, 0, 0, 0, 0, 0, 0, 0, 0, 0, 0, 0, 0, 0, 0], [0, 0, 0, 1, 0, 0, 0, 0, 0, 0, 0, 0, 0, 0, 0, 0, 0, 0, 0, 0, 0, 0], [0, 0, 0, 0, 1, 0, 0, 0, 0, 0, 0, 0, 0, 0, 0, 0, 0, 0, 0, 0, 0, 0], [0, 0, 0, 0, 0, 1, 0, 0, 0, 0, 0, 0, 0, 0, 0, 0, 0, 0, 0, 0, 0, 0], [0, 0, 0, 0, 0, 0, 1, 0, 0, 0, 0, 0, 0, 0, 0, 0, 0, 0, 0, 0, 0, 0], [0, 0, 0, 0, 0, 0, 0, 1, 0, 0, 0, 0, 0, 0, 0, 0, 0, 0, 0, 0, 0, 0], [0, 0, 0, 0, 0, 0, 0, 0, 1, 0, 0, 0, 0, 0, 0, 0, 0, 0, 0, 0, 0, 0], [0, 0, 0, 0, 0, 0, 0, 0, 0, 1, 0, 0, 0, 0, 0, 0, 0, 0, 0, 0, 0, 0], [0, 0, 0, 0, 0, 0, 0, 0, 0, 0, 1, 0, 0, 0, 0, 0, 0, 0, 0, 0, 0, 0], [0, 0, 0, 0, 0, 0, 0, 0, 0, 0, 0, 1, 0, 0, 0, 0, 0, 0, 0, 0, 0, 0], [0, 0, 0, 0, 0, 0, 0, 0, 0, 0, 0, 0, 1, 0, 0, 0, 0, 0, 0, 0, 0, 0], [0, 0, 0, 0, 0, 0, 0, 0, 0, 0, 0, 0, 0, 1, 0, 0, 0, 0, 0, 0, 0, 0], [0, 0, 0, 0, 0, 0, 0, 0, 0, 0, 0, 0, 0, 0, 1, 0, 0, 0, 0, 0, 0, 0], [0, 0, 0, 0, 0, 0, 0, 0, 0, 0, 0, 0, 0, 0, 0, 1, 0, 0, 0, 0, 0, 0], [0, 0, 0, 0, 0, 0, 0, 0, 0, 0, 0, 0, 0, 0, 0, 0, 1, 0, 0, 0, 0, 0], [0, 0, 0, 0, 0, 0, 0, 0, 0, 0, 0, 0, 0, 0, 0, 0, 0, 1, 0, 0, 0, 0], [0, 0, 0, 0, 0, 0, 0, 0, 0, 0, 0, 0, 0, 0, 0, 0, 0, 0, 1, 0, 0, 0], [0, 0, 0, 0, 0, 0, 0, 0, 0, 0, 0, 0, 0, 0, 0, 0, 0, 0, 0, 1, 0, 0], [0, 0, 0, 0, 0, 0, 0, 0, 0, 0, 0, 0, 0, 0, 0, 0, 0, 0, 0, 0, 1, 0], [0, 0, 0, 0, 0, 0, 0, 0, 0, 0, 0, 0, 0, 0, 0, 0, 0, 0, 0, 0, 0, 1]]
[[1, 0, 0, 0, 0, 0, 0, 0, 0, 0, 0, 0, 0, 0, 0, 0, 0, 0, 0, 0, 0, 0], [0, 1, 0, 0, 0, 0, 0, 0, 0, 0, 0, 0, 0, 0, 0, 0, 0, 0, 0, 0, 0, 0], [0, 0, 1, 0, 0, 0, 0, 0, 0, 0, 0, 0, 0, 0, 0, 0, 0, 0, 0, 0, 0, 0], [0, 0, 0, 1, 0, 0, 0, 0, 0, 0, 0, 0, 0, 0, 0, 0, 0, 0, 0, 0, 0, 0], [0, 0, 0, 0, 1, 0, 0, 0, 0, 0, 0, 0, 0, 0, 0, 0, 0, 0, 0, 0, 0, 0], [0, 0, 0, 0, 0, 1, 0, 0, 0, 0, 0, 0, 0, 0, 0, 0, 0, 0, 0, 0, 0, 0], [0, 0, 0, 0, 0, 0, 1, 0, 0, 0, 0, 0, 0, 0, 0, 0, 0, 0, 0, 0, 0, 0], [0, 0, 0, 0, 0, 0, 0, 1, 0, 0, 0, 0, 0, 0, 0, 0, 0, 0, 0, 0, 0, 0], [0, 0, 0, 0, 0, 0, 0, 0, 1, 0, 0, 0, 0, 0, 0, 0, 0, 0, 0, 0, 0, 0], [0, 0, 0, 0, 0, 0, 0, 0, 0, 1, 0, 0, 0, 0, 0, 0, 0, 0, 0, 0, 0, 0], [0, 0, 0, 0, 0, 0, 0, 0, 0, 0, 1, 0, 0, 0, 0, 0, 0, 0, 0, 0, 0, 0], [0, 0, 0, 0, 0, 0, 0, 0, 0, 0, 0, 1, 0, 0, 0, 0, 0, 0, 0, 0, 0, 0], [0, 0, 0, 0, 0, 0, 0, 0, 0, 0, 0, 0, 1, 0, 0, 0, 0, 0, 0, 0, 0, 0], [0, 0, 0, 0, 0, 0, 0, 0, 0, 0, 0, 0, 0, 1, 0, 0, 0, 0, 0, 0, 0, 0], [0, 0, 0, 0, 0, 0, 0, 0, 0, 0, 0, 0, 0, 0, 1, 0, 0, 0, 0, 0, 0, 0], [0, 0, 0, 0, 0, 0, 0, 0, 0, 0, 0, 0, 0, 0, 0, 1, 0, 0, 0, 0, 0, 0], [0, 0, 0, 0, 0, 0, 0, 0, 0, 0, 0, 0, 0, 0, 0, 0, 1, 0, 0, 0, 0, 0], [0, 0, 0, 0, 0, 0, 0, 0, 0, 0, 0, 0, 0, 0, 0, 0, 0, 1, 0, 0, 0, 0], [0, 0, 0, 0, 0, 0, 0, 0, 0, 0, 0, 0, 0, 0, 0, 0, 0, 0, 1, 0, 0, 0], [0, 0, 0, 0, 0, 0, 0, 0, 0, 0, 0, 0, 0, 0, 0, 0, 0, 0, 0, 1, 0, 0], [0, 0, 0, 0, 0, 0, 0, 0, 0, 0, 0, 0, 0, 0, 0, 0, 0, 0, 0, 0, 1, 0], [0, 0, 0, 0, 0, 0, 0, 0, 0, 0, 0, 0, 0, 0, 0, 0, 0, 0, 0, 0, 0, 1]]
[[0, -1, 1, 0, 0, 0, 0, 0, 0, 0, 0, 0, 0, 0, -1, 0, 0, 0, 0, 0, 0, 0], [1, 1, 0, 1, 0, 0, 0, 0, 0, 0, 1, 0, 1, 0, 1, 0, 0, -1, 0, 0, 0, 0], [1, 1, 0, 1, 0, -1, -1, -1, 0, -1, 0, -1, 1, -1, 2, 0, 0, -1, -1, -1, -1, 0], [-1, -1, -1, -2, -2, 1, 1, 2, 1, 0, 0, 1, -2, 2, -2, 0, 0, 2, 2, 2, 1, 1], [-1, -1, 1, 0, 1, 0, 0, 0, 0, 0, 0, 0, 0, 0, -1, 0, 0, 0, 0, 0, 0, 0], [-1, 1, -1, 0, 1, -1, -2, -3, -1, -1, -2, -2, 0, -2, 2, 0, 0, 0, -3, -2, -2, -1], [-1, 0, 0, 1, 1, -2, -1, -3, -1, -1, -1, -2, 1, -2, 2, 0, 0, -1, -3, -2, -2, -1], [-1, 1, -1, 0, 1, -2, -2, -2, -1, -1, -2, -2, 0, -2, 2, 0, 0, 0, -3, -2, -2, -1], [0, -2, 0, -1, -2, 1, 1, 2, 2, 0, 2, 1, 0, 2, -1, 0, 0, 0, 2, 2, 1, 1], [1, 0, 0, 0, -1, 1, 1, 2, 1, 1, 1, 1, 0, 1, -1, 0, 0, 0, 2, 1, 1, 1], [1, 0, 2, 2, 1, 1, 1, 1, 0, 1, 2, 1, 1, 0, -1, 0, 0, -1, 1, 0, 1, 0], [0, -2, 0, -2, -3, 2, 2, 4, 2, 0, 2, 3, -1, 3, -3, 0, 0, 1, 4, 3, 2, 2], [0, 1, -1, 0, 1, -1, -1, -2, -1, 0, -1, -1, 1, -1, 2, 0, 0, 0, -2, -1, -1, -1], [0, 0, 0, -1, -1, 1, 1, 2, 1, 0, 0, 1, -1, 2, -2, 0, 0, 1, 2, 1, 1, 1], [-1, 0, 0, 0, 0, -1, -1, -1, 0, -1, -1, -1, 0, -1, 1, 0, 0, 0, -1, -1, -1, 0], [-1, -1, 1, 0, 0, 0, 0, 0, 0, 0, 0, 0, 0, 0, -1, 1, 0, 0, 0, 0, 0, 0], [1, 2, 0, 2, 2, -1, -1, -2, -1, 0, -1, -1, 1, -2, 2, 0, 1, -1, -2, -2, -1, -1], [0, -1, 1, 1, 0, 0, 0, 0, 0, 0, 1, 0, 1, 0, 0, 0, 0, 0, 0, 0, 0, 0], [0, -1, 1, 0, 0, 1, 1, 1, 0, 1, 1, 1, 0, 1, -1, 0, 0, 0, 2, 1, 1, 0], [0, 1, -1, 0, 0, -1, -1, -1, 0, -1, -1, -1, 0, -1, 1, 0, 0, 0, -1, 0, -1, 0], [0, 1, -1, 0, 1, -1, -1, -2, -1, 0, -1, -1, 0, -1, 2, 0, 0, 0, -2, -1, 0, -1], [0, 1, 1, 1, 2, 0, 0, -1, -1, 1, -1, 0, 0, -1, 0, 0, 0, 0, -1, -1, 0, 0]]
[[1, 0, 0, 0, 1, 0, 0, 0, -1, 1, 1, 0, 1, 0, 0, -1, -1, 0, 0, 0, 1, -1], [0, 0, 1, 1, 1, 0, 1, 0, 0, 1, 1, 0, 0, 0, 0, 0, 0, 0, 0, 0, 1, -1], [0, 0, 1, 0, 0, 0, 0, 0, 0, 0, 0, 0, 0, 0, 0, 0, 0, 0, 0, 0, 0, 0], [0, -1, -2, -1, -2, -1, 0, 1, 1, 0, 2, 2, 3, -1, 3, -1, 0, -1, 0, 0, 0, 0], [0, 0, 0, 0, 1, 0, 0, 0, 0, 0, 0, 0, 0, 0, 0, 0, 0, 0, 0, 0, 0, 0], [-1, 2, 0, -1, -1, 1, -2, -1, 0, -3, -5, -1, -3, 0, -2, 2, 1, 1, -1, -1, -3, 3], [0, 3, 0, 0, 1, 2, -1, -2, -2, -1, -4, -2, -4, 1, -3, 1, 0, 1, 0, 0, -1, 1], [-1, 2, 0, -1, 0, 1, -2, -1, -1, -2, -5, -1, -4, 0, -2, 2, 1, 1, -1, -1, -2, 2], [0, 0, 0, 0, 1, 0, 0, 0, 0, 1, 1, 0, 1, 0, 0, -1, -1, 0, 0, 0, 1, -1], [0, -1, 1, 1, 1, 0, 1, 0, 0, 2, 1, 0, 0, 0, 0, 0, 0, 0, 0, 0, 1, -1], [0, -2, 2, 2, 1, -1, 2, 1, 1, 1, 3, 0, 1, 0, 0, 0, 0, 0, 0, 0, 1, -1], [1, -2, 0, 1, 0, -1, 2, 2, 1, 2, 5, 2, 4, 0, 2, -2, -1, -1, 1, 1, 2, -2], [0, 1, -1, -1, -1, 1, -1, -1, 0, -1, -2, 0, -1, 0, 0, 1, 1, 0, 0, 0, -1, 1], [0, -1, 1, 1, 1, 0, 1, 0, 0, 1, 1, 0, 0, 1, 0, 0, 0, 0, 0, 0, 1, -1], [0, 1, -1, -1, -1, 0, -1, 0, 0, -1, -1, 0, 0, 0, 1, 0, 0, 0, 0, 0, -1, 1], [1, 0, -2, -1, -2, 0, 0, 1, 1, 0, 2, 1, 2, 0, 2, 0, 0, -1, 1, 1, 0, 0], [-1, 0, 2, 1, 2, 0, 0, -1, -1, 0, -2, -1, -2, 0, -2, 1, 1, 1, -1, -1, 0, 0], [1, 0, -2, -1, -2, 0, 0, 1, 1, 0, 2, 1, 2, 0, 2, -1, 0, 0, 1, 1, 0, 0], [1, -1, -1, 0, -1, 0, 1, 1, 1, 1, 3, 1, 2, 0, 2, -1, 0, -1, 2, 1, 1, -1], [-1, 0, -1, -2, -1, -1, -1, 0, 0, -1, -1, 1, 1, -1, 1, 0, 0, 0, -1, 0, -1, 1], [0, 1, -1, -1, -1, 0, -1, 0, 0, -1, -1, 0, 0, 0, 0, 0, 0, 0, 0, 0, 0, 1], [0, -1, 1, 1, 1, 0, 1, 0, 0, 1, 1, 0, 0, 0, 0, 0, 0, 0, 0, 0, 1, 0]]
[[1, 0, 0, 0, 0, 0, 0, 0, 0, 0, 0, 0, 0, 0, 0, 0, 0, 0, 0, 0, 0, 0], [0, 1, 0, 0, 0, 0, 0, 0, 0, 0, 0, 0, 0, 0, 0, 0, 0, 0, 0, 0, 0, 0], [0, 0, 1, 0, 0, 0, 0, 0, 0, 0, 0, 0, 0, 0, 0, 0, 0, 0, 0, 0, 0, 0], [0, 0, 0, 1, 0, 0, 0, 0, 0, 0, 0, 0, 0, 0, 0, 0, 0, 0, 0, 0, 0, 0], [0, 0, 0, 0, 1, 0, 0, 0, 0, 0, 0, 0, 0, 0, 0, 0, 0, 0, 0, 0, 0, 0], [0, 0, 0, 0, 0, 1, 0, 0, 0, 0, 0, 0, 0, 0, 0, 0, 0, 0, 0, 0, 0, 0], [0, 0, 0, 0, 0, 0, 1, 0, 0, 0, 0, 0, 0, 0, 0, 0, 0, 0, 0, 0, 0, 0], [0, 0, 0, 0, 0, 0, 0, 1, 0, 0, 0, 0, 0, 0, 0, 0, 0, 0, 0, 0, 0, 0], [0, 0, 0, 0, 0, 0, 0, 0, 1, 0, 0, 0, 0, 0, 0, 0, 0, 0, 0, 0, 0, 0], [0, 0, 0, 0, 0, 0, 0, 0, 0, 1, 0, 0, 0, 0, 0, 0, 0, 0, 0, 0, 0, 0], [0, 0, 0, 0, 0, 0, 0, 0, 0, 0, 1, 0, 0, 0, 0, 0, 0, 0, 0, 0, 0, 0], [0, 0, 0, 0, 0, 0, 0, 0, 0, 0, 0, 1, 0, 0, 0, 0, 0, 0, 0, 0, 0, 0], [0, 0, 0, 0, 0, 0, 0, 0, 0, 0, 0, 0, 1, 0, 0, 0, 0, 0, 0, 0, 0, 0], [0, 0, 0, 0, 0, 0, 0, 0, 0, 0, 0, 0, 0, 1, 0, 0, 0, 0, 0, 0, 0, 0], [0, 0, 0, 0, 0, 0, 0, 0, 0, 0, 0, 0, 0, 0, 1, 0, 0, 0, 0, 0, 0, 0], [0, 0, 0, 0, 0, 0, 0, 0, 0, 0, 0, 0, 0, 0, 0, 1, 0, 0, 0, 0, 0, 0], [0, 0, 0, 0, 0, 0, 0, 0, 0, 0, 0, 0, 0, 0, 0, 0, 1, 0, 0, 0, 0, 0], [0, 0, 0, 0, 0, 0, 0, 0, 0, 0, 0, 0, 0, 0, 0, 0, 0, 1, 0, 0, 0, 0], [0, 0, 0, 0, 0, 0, 0, 0, 0, 0, 0, 0, 0, 0, 0, 0, 0, 0, 1, 0, 0, 0], [0, 0, 0, 0, 0, 0, 0, 0, 0, 0, 0, 0, 0, 0, 0, 0, 0, 0, 0, 1, 0, 0], [0, 0, 0, 0, 0, 0, 0, 0, 0, 0, 0, 0, 0, 0, 0, 0, 0, 0, 0, 0, 1, 0], [0, 0, 0, 0, 0, 0, 0, 0, 0, 0, 0, 0, 0, 0, 0, 0, 0, 0, 0, 0, 0, 1]]
[[0, 1, 0, 0, 0, 0, 0, -1, -1, 0, -1, -1, -1, 0, -1, 0, -1, 0, 0, 0, 0, 0], [0, 2, 1, 1, 1, 1, 0, 0, -1, 0, -2, -1, -3, 1, -3, 1, 0, 1, 0, 0, 0, 0], [0, 0, 1, 0, 0, 0, 0, 0, 0, 0, 0, 0, 0, 0, 0, 0, 0, 0, 0, 0, 0, 0], [1, -4, -4, -3, -4, -4, -1, 2, 4, 0, 8, 5, 13, -5, 11, -3, 0, -4, -2, 0, -1, 0], [-1, 2, 1, 1, 2, 2, 0, -1, -2, 0, -4, -2, -6, 2, -5, 2, 0, 2, 0, 0, 0, 0], [-1, -1, 1, 0, 1, 1, 0, -1, 0, 0, -1, 0, -1, 0, 0, 0, 1, 1, 0, -1, 0, 0], [-2, 1, 2, 1, 2, 2, 1, -2, -2, 0, -5, -2, -7, 2, -5, 2, 1, 3, 0, -1, 0, 0], [-1, -2, 0, -1, 0, -1, 0, 0, 1, 0, 1, 1, 2, -1, 3, -1, 1, 0, 0, -1, 0, 0], [-1, 2, 1, 1, 1, 2, 0, -1, -1, 0, -4, -2, -6, 2, -5, 2, 0, 2, 0, 0, 0, 0], [1, 2, 1, 2, 1, 2, 1, 0, -1, 1, -2, -2, -5, 3, -4, 1, 0, 1, 2, 1, 1, 0], [0, 5, 3, 4, 3, 4, 1, -1, -4, 0, -6, -5, -12, 5, -11, 3, -1, 3, 2, 1, 1, 0], [1, 1, -1, 0, -1, 0, 0, 1, 0, 0, 1, 1, 1, 0, 0, 0, -1, -1, 0, 1, 0, 0], [0, -1, -1, -1, -1, 0, 0, 0, 1, 0, 1, 1, 2, 0, 2, 0, 1, 0, 0, 0, 0, 0], [0, 1, 1, 1, 1, 1, 0, 0, -1, 0, -2, -1, -3, 2, -3, 1, 0, 1, 0, 0, 0, 0], [0, -3, -1, -2, -1, -3, -1, 1, 2, 0, 4, 3, 8, -4, 7, -2, 0, -2, -2, -1, -1, 0], [0, 0, 0, 0, 0, 0, 0, 0, 0, 0, 0, 0, 0, 0, 0, 1, 0, 0, 0, 0, 0, 0], [0, 0, 0, 0, 0, -1, 0, 0, 0, 0, 1, 0, 2, -1, 1, -1, 0, -1, 0, 0, 0, 0], [1, 0, -2, -1, -2, -1, 0, 1, 1, 0, 3, 1, 4, -1, 3, -1, -1, -1, 0, 1, 0, 0], [1, 1, -1, 0, -1, 1, 0, 1, 0, 0, 0, 0, -1, 1, -1, 1, 0, 0, 1, 1, 0, 0], [0, -4, -2, -3, -2, -4, -1, 1, 3, 0, 6, 4, 11, -5, 9, -3, 0, -3, -2, 0, -1, 0], [0, -4, -2, -3, -2, -4, -1, 1, 3, 0, 6, 4, 11, -5, 9, -3, 0, -3, -2, -1, 0, 0], [0, 1, 1, 1, 1, 1, 0, 0, -1, 0, -2, -1, -3, 1, -3, 1, 0, 1, 0, 0, 0, 1]]
[[1, 0, 0, 0, 0, 0, 0, 0, 0, 0, 0, 0, 0, 0, 0, 0, 0, 0, 0, 0, 0, 0], [0, 1, 0, 0, 0, 0, 0, 0, 0, 0, 0, 0, 0, 0, 0, 0, 0, 0, 0, 0, 0, 0], [0, 0, 1, 0, 0, 0, 0, 0, 0, 0, 0, 0, 0, 0, 0, 0, 0, 0, 0, 0, 0, 0], [0, 0, 0, 1, 0, 0, 0, 0, 0, 0, 0, 0, 0, 0, 0, 0, 0, 0, 0, 0, 0, 0], [0, 0, 0, 0, 1, 0, 0, 0, 0, 0, 0, 0, 0, 0, 0, 0, 0, 0, 0, 0, 0, 0], [0, 0, 0, 0, 0, 1, 0, 0, 0, 0, 0, 0, 0, 0, 0, 0, 0, 0, 0, 0, 0, 0], [0, 0, 0, 0, 0, 0, 1, 0, 0, 0, 0, 0, 0, 0, 0, 0, 0, 0, 0, 0, 0, 0], [0, 0, 0, 0, 0, 0, 0, 1, 0, 0, 0, 0, 0, 0, 0, 0, 0, 0, 0, 0, 0, 0], [0, 0, 0, 0, 0, 0, 0, 0, 1, 0, 0, 0, 0, 0, 0, 0, 0, 0, 0, 0, 0, 0], [0, 0, 0, 0, 0, 0, 0, 0, 0, 1, 0, 0, 0, 0, 0, 0, 0, 0, 0, 0, 0, 0], [0, 0, 0, 0, 0, 0, 0, 0, 0, 0, 1, 0, 0, 0, 0, 0, 0, 0, 0, 0, 0, 0], [0, 0, 0, 0, 0, 0, 0, 0, 0, 0, 0, 1, 0, 0, 0, 0, 0, 0, 0, 0, 0, 0], [0, 0, 0, 0, 0, 0, 0, 0, 0, 0, 0, 0, 1, 0, 0, 0, 0, 0, 0, 0, 0, 0], [0, 0, 0, 0, 0, 0, 0, 0, 0, 0, 0, 0, 0, 1, 0, 0, 0, 0, 0, 0, 0, 0], [0, 0, 0, 0, 0, 0, 0, 0, 0, 0, 0, 0, 0, 0, 1, 0, 0, 0, 0, 0, 0, 0], [0, 0, 0, 0, 0, 0, 0, 0, 0, 0, 0, 0, 0, 0, 0, 1, 0, 0, 0, 0, 0, 0], [0, 0, 0, 0, 0, 0, 0, 0, 0, 0, 0, 0, 0, 0, 0, 0, 1, 0, 0, 0, 0, 0], [0, 0, 0, 0, 0, 0, 0, 0, 0, 0, 0, 0, 0, 0, 0, 0, 0, 1, 0, 0, 0, 0], [0, 0, 0, 0, 0, 0, 0, 0, 0, 0, 0, 0, 0, 0, 0, 0, 0, 0, 1, 0, 0, 0], [0, 0, 0, 0, 0, 0, 0, 0, 0, 0, 0, 0, 0, 0, 0, 0, 0, 0, 0, 1, 0, 0], [0, 0, 0, 0, 0, 0, 0, 0, 0, 0, 0, 0, 0, 0, 0, 0, 0, 0, 0, 0, 1, 0], [0, 0, 0, 0, 0, 0, 0, 0, 0, 0, 0, 0, 0, 0, 0, 0, 0, 0, 0, 0, 0, 1]]
[[0, 0, 1, 0, 0, 1, 0, 0, -1, -1, -1, -1, -3, 2, -2, 0, -1, 1, 1, 1, 0, 1], [0, -1, 1, -1, -1, 1, 0, -1, -1, -1, -1, -1, -2, 2, -2, 0, -1, 1, 1, 1, 0, 0], [1, 0, 0, -1, -1, 1, 0, 0, -1, -1, -1, -1, -2, 2, -2, -1, -1, 1, 2, 1, 0, 0], [1, 1, -2, 1, 2, -3, -1, -1, 1, 2, 3, 2, 8, -6, 8, -1, 1, -4, -4, -3, -1, -2], [-1, 0, 1, 0, 0, 1, 0, 0, 0, 0, -1, 0, -2, 1, -3, 2, 0, 1, 0, 1, 1, 1], [0, 1, -1, 1, 0, 0, 1, 2, 1, 1, 0, 1, 0, 0, -1, 1, 2, 0, 1, -1, 1, 0], [0, 0, 0, 1, 0, 1, 1, 2, 0, 0, 0, 0, -2, 2, -3, 0, 1, 1, 2, 0, 1, 0], [1, 1, -2, 1, 2, -2, 1, 1, 0, 2, 2, 1, 4, -2, 3, -2, 1, -2, 0, -2, 1, -2], [1, -1, 1, -1, -1, 1, -1, 0, 1, 0, 1, 1, 1, 0, 0, 1, -1, 0, 0, 2, 1, 2], [0, -1, 1, -1, -1, 1, 0, 0, 0, -1, -1, -1, -3, 2, -2, 0, -1, 1, 2, 2, 0, 1], [-2, -1, 4, -2, -3, 4, 0, -1, -2, -4, -6, -3, -11, 7, -10, 3, -2, 5, 3, 4, -1, 3], [0, -1, 0, -2, -2, 0, -2, -2, 1, -1, 1, 1, 3, -2, 3, 1, -1, -1, -2, 1, -1, 1], [0, 0, -1, 1, 1, -2, 0, 1, 1, 1, 2, 1, 4, -3, 3, -1, 1, -2, -1, -2, 0, -1], [0, 0, 0, -1, 0, 0, -1, -1, 0, 0, 0, 0, 1, -1, 1, 0, -1, 0, -1, 0, 0, 0], [1, 1, -2, 1, 2, -2, 0, 0, 0, 2, 2, 1, 5, -3, 4, -1, 1, -2, -2, -2, 0, -2], [-1, -1, 2, 0, 1, -1, -1, 0, 0, -1, -1, 0, 0, -1, -1, 1, 0, 0, -1, 0, -1, 1], [0, 2, -1, 1, 0, 2, 2, 0, -2, 0, -2, -3, -6, 5, -4, -1, 0, 2, 3, 0, 1, -2], [0, 0, 0, 1, 0, -1, 0, 0, 0, 0, 1, 0, 2, -1, 1, 0, 0, -1, -1, 0, -1, 0], [-1, -1, 1, 0, 0, 0, 0, 0, 0, 0, 0, 0, -1, 0, -1, 1, 0, 0, 0, 1, 0, 0], [1, 1, -2, 1, 1, -2, 0, 0, 1, 1, 2, 1, 5, -3, 4, -1, 1, -2, -2, -2, 0, -1], [1, 1, -2, 1, 2, -2, 0, 0, 0, 2, 2, 1, 5, -3, 5, -2, 1, -2, -2, -3, 0, -2], [-1, 0, 1, 0, 0, 2, 1, 0, -1, 0, -2, -1, -5, 3, -4, 1, 0, 2, 2, 1, 1, 0]]
[[1, 0, 0, 0, 0, 0, 0, 0, 0, 0, 0, 0, 0, 0, 0, 0, 0, 0, 0, 0, 0, 0], [0, 1, 0, 0, 0, 0, 0, 0, 0, 0, 0, 0, 0, 0, 0, 0, 0, 0, 0, 0, 0, 0], [0, 0, 1, 0, 0, 0, 0, 0, 0, 0, 0, 0, 0, 0, 0, 0, 0, 0, 0, 0, 0, 0], [0, 0, 0, 1, 0, 0, 0, 0, 0, 0, 0, 0, 0, 0, 0, 0, 0, 0, 0, 0, 0, 0], [0, 0, 0, 0, 1, 0, 0, 0, 0, 0, 0, 0, 0, 0, 0, 0, 0, 0, 0, 0, 0, 0], [0, 0, 0, 0, 0, 1, 0, 0, 0, 0, 0, 0, 0, 0, 0, 0, 0, 0, 0, 0, 0, 0], [0, 0, 0, 0, 0, 0, 1, 0, 0, 0, 0, 0, 0, 0, 0, 0, 0, 0, 0, 0, 0, 0], [0, 0, 0, 0, 0, 0, 0, 1, 0, 0, 0, 0, 0, 0, 0, 0, 0, 0, 0, 0, 0, 0], [0, 0, 0, 0, 0, 0, 0, 0, 1, 0, 0, 0, 0, 0, 0, 0, 0, 0, 0, 0, 0, 0], [0, 0, 0, 0, 0, 0, 0, 0, 0, 1, 0, 0, 0, 0, 0, 0, 0, 0, 0, 0, 0, 0], [0, 0, 0, 0, 0, 0, 0, 0, 0, 0, 1, 0, 0, 0, 0, 0, 0, 0, 0, 0, 0, 0], [0, 0, 0, 0, 0, 0, 0, 0, 0, 0, 0, 1, 0, 0, 0, 0, 0, 0, 0, 0, 0, 0], [0, 0, 0, 0, 0, 0, 0, 0, 0, 0, 0, 0, 1, 0, 0, 0, 0, 0, 0, 0, 0, 0], [0, 0, 0, 0, 0, 0, 0, 0, 0, 0, 0, 0, 0, 1, 0, 0, 0, 0, 0, 0, 0, 0], [0, 0, 0, 0, 0, 0, 0, 0, 0, 0, 0, 0, 0, 0, 1, 0, 0, 0, 0, 0, 0, 0], [0, 0, 0, 0, 0, 0, 0, 0, 0, 0, 0, 0, 0, 0, 0, 1, 0, 0, 0, 0, 0, 0], [0, 0, 0, 0, 0, 0, 0, 0, 0, 0, 0, 0, 0, 0, 0, 0, 1, 0, 0, 0, 0, 0], [0, 0, 0, 0, 0, 0, 0, 0, 0, 0, 0, 0, 0, 0, 0, 0, 0, 1, 0, 0, 0, 0], [0, 0, 0, 0, 0, 0, 0, 0, 0, 0, 0, 0, 0, 0, 0, 0, 0, 0, 1, 0, 0, 0], [0, 0, 0, 0, 0, 0, 0, 0, 0, 0, 0, 0, 0, 0, 0, 0, 0, 0, 0, 1, 0, 0], [0, 0, 0, 0, 0, 0, 0, 0, 0, 0, 0, 0, 0, 0, 0, 0, 0, 0, 0, 0, 1, 0], [0, 0, 0, 0, 0, 0, 0, 0, 0, 0, 0, 0, 0, 0, 0, 0, 0, 0, 0, 0, 0, 1]]
[[1, 0, 0, 0, 0, 0, 0, 0, 0, 0, 0, 0, 0, 0, 0, 0, 0, 0, 0, 0, 0, 0], [0, 1, 0, 0, 0, 0, 0, 0, 0, 0, 0, 0, 0, 0, 0, 0, 0, 0, 0, 0, 0, 0], [0, 0, 1, 0, 0, 0, 0, 0, 0, 0, 0, 0, 0, 0, 0, 0, 0, 0, 0, 0, 0, 0], [0, 0, 0, 1, 0, 0, 0, 0, 0, 0, 0, 0, 0, 0, 0, 0, 0, 0, 0, 0, 0, 0], [0, 0, 0, 0, 1, 0, 0, 0, 0, 0, 0, 0, 0, 0, 0, 0, 0, 0, 0, 0, 0, 0], [0, 0, 0, 0, 0, 1, 0, 0, 0, 0, 0, 0, 0, 0, 0, 0, 0, 0, 0, 0, 0, 0], [0, 0, 0, 0, 0, 0, 1, 0, 0, 0, 0, 0, 0, 0, 0, 0, 0, 0, 0, 0, 0, 0], [0, 0, 0, 0, 0, 0, 0, 1, 0, 0, 0, 0, 0, 0, 0, 0, 0, 0, 0, 0, 0, 0], [0, 0, 0, 0, 0, 0, 0, 0, 1, 0, 0, 0, 0, 0, 0, 0, 0, 0, 0, 0, 0, 0], [0, 0, 0, 0, 0, 0, 0, 0, 0, 1, 0, 0, 0, 0, 0, 0, 0, 0, 0, 0, 0, 0], [0, 0, 0, 0, 0, 0, 0, 0, 0, 0, 1, 0, 0, 0, 0, 0, 0, 0, 0, 0, 0, 0], [0, 0, 0, 0, 0, 0, 0, 0, 0, 0, 0, 1, 0, 0, 0, 0, 0, 0, 0, 0, 0, 0], [0, 0, 0, 0, 0, 0, 0, 0, 0, 0, 0, 0, 1, 0, 0, 0, 0, 0, 0, 0, 0, 0], [0, 0, 0, 0, 0, 0, 0, 0, 0, 0, 0, 0, 0, 1, 0, 0, 0, 0, 0, 0, 0, 0], [0, 0, 0, 0, 0, 0, 0, 0, 0, 0, 0, 0, 0, 0, 1, 0, 0, 0, 0, 0, 0, 0], [0, 0, 0, 0, 0, 0, 0, 0, 0, 0, 0, 0, 0, 0, 0, 1, 0, 0, 0, 0, 0, 0], [0, 0, 0, 0, 0, 0, 0, 0, 0, 0, 0, 0, 0, 0, 0, 0, 1, 0, 0, 0, 0, 0], [0, 0, 0, 0, 0, 0, 0, 0, 0, 0, 0, 0, 0, 0, 0, 0, 0, 1, 0, 0, 0, 0], [0, 0, 0, 0, 0, 0, 0, 0, 0, 0, 0, 0, 0, 0, 0, 0, 0, 0, 1, 0, 0, 0], [0, 0, 0, 0, 0, 0, 0, 0, 0, 0, 0, 0, 0, 0, 0, 0, 0, 0, 0, 1, 0, 0], [0, 0, 0, 0, 0, 0, 0, 0, 0, 0, 0, 0, 0, 0, 0, 0, 0, 0, 0, 0, 1, 0], [0, 0, 0, 0, 0, 0, 0, 0, 0, 0, 0, 0, 0, 0, 0, 0, 0, 0, 0, 0, 0, 1]]
[[1, 0, 0, 0, 0, 0, 0, 0, 0, 0, 0, 0, 0, 0, 0, 0, 0, 0, 0, 0, 0, 0], [0, 1, 0, 0, 0, 0, 0, 0, 0, 0, 0, 0, 0, 0, 0, 0, 0, 0, 0, 0, 0, 0], [0, 0, 1, 0, 0, 0, 0, 0, 0, 0, 0, 0, 0, 0, 0, 0, 0, 0, 0, 0, 0, 0], [0, 0, 0, 1, 0, 0, 0, 0, 0, 0, 0, 0, 0, 0, 0, 0, 0, 0, 0, 0, 0, 0], [0, 0, 0, 0, 1, 0, 0, 0, 0, 0, 0, 0, 0, 0, 0, 0, 0, 0, 0, 0, 0, 0], [0, 0, 0, 0, 0, 1, 0, 0, 0, 0, 0, 0, 0, 0, 0, 0, 0, 0, 0, 0, 0, 0], [0, 0, 0, 0, 0, 0, 1, 0, 0, 0, 0, 0, 0, 0, 0, 0, 0, 0, 0, 0, 0, 0], [0, 0, 0, 0, 0, 0, 0, 1, 0, 0, 0, 0, 0, 0, 0, 0, 0, 0, 0, 0, 0, 0], [0, 0, 0, 0, 0, 0, 0, 0, 1, 0, 0, 0, 0, 0, 0, 0, 0, 0, 0, 0, 0, 0], [0, 0, 0, 0, 0, 0, 0, 0, 0, 1, 0, 0, 0, 0, 0, 0, 0, 0, 0, 0, 0, 0], [0, 0, 0, 0, 0, 0, 0, 0, 0, 0, 1, 0, 0, 0, 0, 0, 0, 0, 0, 0, 0, 0], [0, 0, 0, 0, 0, 0, 0, 0, 0, 0, 0, 1, 0, 0, 0, 0, 0, 0, 0, 0, 0, 0], [0, 0, 0, 0, 0, 0, 0, 0, 0, 0, 0, 0, 1, 0, 0, 0, 0, 0, 0, 0, 0, 0], [0, 0, 0, 0, 0, 0, 0, 0, 0, 0, 0, 0, 0, 1, 0, 0, 0, 0, 0, 0, 0, 0], [0, 0, 0, 0, 0, 0, 0, 0, 0, 0, 0, 0, 0, 0, 1, 0, 0, 0, 0, 0, 0, 0], [0, 0, 0, 0, 0, 0, 0, 0, 0, 0, 0, 0, 0, 0, 0, 1, 0, 0, 0, 0, 0, 0], [0, 0, 0, 0, 0, 0, 0, 0, 0, 0, 0, 0, 0, 0, 0, 0, 1, 0, 0, 0, 0, 0], [0, 0, 0, 0, 0, 0, 0, 0, 0, 0, 0, 0, 0, 0, 0, 0, 0, 1, 0, 0, 0, 0], [0, 0, 0, 0, 0, 0, 0, 0, 0, 0, 0, 0, 0, 0, 0, 0, 0, 0, 1, 0, 0, 0], [0, 0, 0, 0, 0, 0, 0, 0, 0, 0, 0, 0, 0, 0, 0, 0, 0, 0, 0, 1, 0, 0], [0, 0, 0, 0, 0, 0, 0, 0, 0, 0, 0, 0, 0, 0, 0, 0, 0, 0, 0, 0, 1, 0], [0, 0, 0, 0, 0, 0, 0, 0, 0, 0, 0, 0, 0, 0, 0, 0, 0, 0, 0, 0, 0, 1]]
[[1, 0, 0, 0, 0, 0, 0, 0, 0, 0, 0, 0, 0, 0, 0, 0, 0, 0, 0, 0, 0, 0], [0, 1, 0, 0, 0, 0, 0, 0, 0, 0, 0, 0, 0, 0, 0, 0, 0, 0, 0, 0, 0, 0], [0, 0, 1, 0, 0, 0, 0, 0, 0, 0, 0, 0, 0, 0, 0, 0, 0, 0, 0, 0, 0, 0], [0, 0, 0, 1, 0, 0, 0, 0, 0, 0, 0, 0, 0, 0, 0, 0, 0, 0, 0, 0, 0, 0], [0, 0, 0, 0, 1, 0, 0, 0, 0, 0, 0, 0, 0, 0, 0, 0, 0, 0, 0, 0, 0, 0], [0, 0, 0, 0, 0, 1, 0, 0, 0, 0, 0, 0, 0, 0, 0, 0, 0, 0, 0, 0, 0, 0], [0, 0, 0, 0, 0, 0, 1, 0, 0, 0, 0, 0, 0, 0, 0, 0, 0, 0, 0, 0, 0, 0], [0, 0, 0, 0, 0, 0, 0, 1, 0, 0, 0, 0, 0, 0, 0, 0, 0, 0, 0, 0, 0, 0], [0, 0, 0, 0, 0, 0, 0, 0, 1, 0, 0, 0, 0, 0, 0, 0, 0, 0, 0, 0, 0, 0], [0, 0, 0, 0, 0, 0, 0, 0, 0, 1, 0, 0, 0, 0, 0, 0, 0, 0, 0, 0, 0, 0], [0, 0, 0, 0, 0, 0, 0, 0, 0, 0, 1, 0, 0, 0, 0, 0, 0, 0, 0, 0, 0, 0], [0, 0, 0, 0, 0, 0, 0, 0, 0, 0, 0, 1, 0, 0, 0, 0, 0, 0, 0, 0, 0, 0], [0, 0, 0, 0, 0, 0, 0, 0, 0, 0, 0, 0, 1, 0, 0, 0, 0, 0, 0, 0, 0, 0], [0, 0, 0, 0, 0, 0, 0, 0, 0, 0, 0, 0, 0, 1, 0, 0, 0, 0, 0, 0, 0, 0], [0, 0, 0, 0, 0, 0, 0, 0, 0, 0, 0, 0, 0, 0, 1, 0, 0, 0, 0, 0, 0, 0], [0, 0, 0, 0, 0, 0, 0, 0, 0, 0, 0, 0, 0, 0, 0, 1, 0, 0, 0, 0, 0, 0], [0, 0, 0, 0, 0, 0, 0, 0, 0, 0, 0, 0, 0, 0, 0, 0, 1, 0, 0, 0, 0, 0], [0, 0, 0, 0, 0, 0, 0, 0, 0, 0, 0, 0, 0, 0, 0, 0, 0, 1, 0, 0, 0, 0], [0, 0, 0, 0, 0, 0, 0, 0, 0, 0, 0, 0, 0, 0, 0, 0, 0, 0, 1, 0, 0, 0], [0, 0, 0, 0, 0, 0, 0, 0, 0, 0, 0, 0, 0, 0, 0, 0, 0, 0, 0, 1, 0, 0], [0, 0, 0, 0, 0, 0, 0, 0, 0, 0, 0, 0, 0, 0, 0, 0, 0, 0, 0, 0, 1, 0], [0, 0, 0, 0, 0, 0, 0, 0, 0, 0, 0, 0, 0, 0, 0, 0, 0, 0, 0, 0, 0, 1]]
[[1, 0, 0, 0, 0, 0, 0, 0, 0, 0, 0, 0, 0, 0, 0, 0, 0, 0, 0, 0, 0, 0], [0, 1, 0, 0, 0, 0, 0, 0, 0, 0, 0, 0, 0, 0, 0, 0, 0, 0, 0, 0, 0, 0], [0, 0, 1, 0, 0, 0, 0, 0, 0, 0, 0, 0, 0, 0, 0, 0, 0, 0, 0, 0, 0, 0], [0, 0, 0, 1, 0, 0, 0, 0, 0, 0, 0, 0, 0, 0, 0, 0, 0, 0, 0, 0, 0, 0], [0, 0, 0, 0, 1, 0, 0, 0, 0, 0, 0, 0, 0, 0, 0, 0, 0, 0, 0, 0, 0, 0], [0, 0, 0, 0, 0, 1, 0, 0, 0, 0, 0, 0, 0, 0, 0, 0, 0, 0, 0, 0, 0, 0], [0, 0, 0, 0, 0, 0, 1, 0, 0, 0, 0, 0, 0, 0, 0, 0, 0, 0, 0, 0, 0, 0], [0, 0, 0, 0, 0, 0, 0, 1, 0, 0, 0, 0, 0, 0, 0, 0, 0, 0, 0, 0, 0, 0], [0, 0, 0, 0, 0, 0, 0, 0, 1, 0, 0, 0, 0, 0, 0, 0, 0, 0, 0, 0, 0, 0], [0, 0, 0, 0, 0, 0, 0, 0, 0, 1, 0, 0, 0, 0, 0, 0, 0, 0, 0, 0, 0, 0], [0, 0, 0, 0, 0, 0, 0, 0, 0, 0, 1, 0, 0, 0, 0, 0, 0, 0, 0, 0, 0, 0], [0, 0, 0, 0, 0, 0, 0, 0, 0, 0, 0, 1, 0, 0, 0, 0, 0, 0, 0, 0, 0, 0], [0, 0, 0, 0, 0, 0, 0, 0, 0, 0, 0, 0, 1, 0, 0, 0, 0, 0, 0, 0, 0, 0], [0, 0, 0, 0, 0, 0, 0, 0, 0, 0, 0, 0, 0, 1, 0, 0, 0, 0, 0, 0, 0, 0], [0, 0, 0, 0, 0, 0, 0, 0, 0, 0, 0, 0, 0, 0, 1, 0, 0, 0, 0, 0, 0, 0], [0, 0, 0, 0, 0, 0, 0, 0, 0, 0, 0, 0, 0, 0, 0, 1, 0, 0, 0, 0, 0, 0], [0, 0, 0, 0, 0, 0, 0, 0, 0, 0, 0, 0, 0, 0, 0, 0, 1, 0, 0, 0, 0, 0], [0, 0, 0, 0, 0, 0, 0, 0, 0, 0, 0, 0, 0, 0, 0, 0, 0, 1, 0, 0, 0, 0], [0, 0, 0, 0, 0, 0, 0, 0, 0, 0, 0, 0, 0, 0, 0, 0, 0, 0, 1, 0, 0, 0], [0, 0, 0, 0, 0, 0, 0, 0, 0, 0, 0, 0, 0, 0, 0, 0, 0, 0, 0, 1, 0, 0], [0, 0, 0, 0, 0, 0, 0, 0, 0, 0, 0, 0, 0, 0, 0, 0, 0, 0, 0, 0, 1, 0], [0, 0, 0, 0, 0, 0, 0, 0, 0, 0, 0, 0, 0, 0, 0, 0, 0, 0, 0, 0, 0, 1]]
[[1, 0, 0, 0, 0, 0, 0, 0, 0, 0, 0, 0, 0, 0, 0, 0, 0, 0, 0, 0, 0, 0], [0, 1, 0, 0, 0, 0, 0, 0, 0, 0, 0, 0, 0, 0, 0, 0, 0, 0, 0, 0, 0, 0], [0, 0, 1, 0, 0, 0, 0, 0, 0, 0, 0, 0, 0, 0, 0, 0, 0, 0, 0, 0, 0, 0], [0, 0, 0, 1, 0, 0, 0, 0, 0, 0, 0, 0, 0, 0, 0, 0, 0, 0, 0, 0, 0, 0], [0, 0, 0, 0, 1, 0, 0, 0, 0, 0, 0, 0, 0, 0, 0, 0, 0, 0, 0, 0, 0, 0], [0, 0, 0, 0, 0, 1, 0, 0, 0, 0, 0, 0, 0, 0, 0, 0, 0, 0, 0, 0, 0, 0], [0, 0, 0, 0, 0, 0, 1, 0, 0, 0, 0, 0, 0, 0, 0, 0, 0, 0, 0, 0, 0, 0], [0, 0, 0, 0, 0, 0, 0, 1, 0, 0, 0, 0, 0, 0, 0, 0, 0, 0, 0, 0, 0, 0], [0, 0, 0, 0, 0, 0, 0, 0, 1, 0, 0, 0, 0, 0, 0, 0, 0, 0, 0, 0, 0, 0], [0, 0, 0, 0, 0, 0, 0, 0, 0, 1, 0, 0, 0, 0, 0, 0, 0, 0, 0, 0, 0, 0], [0, 0, 0, 0, 0, 0, 0, 0, 0, 0, 1, 0, 0, 0, 0, 0, 0, 0, 0, 0, 0, 0], [0, 0, 0, 0, 0, 0, 0, 0, 0, 0, 0, 1, 0, 0, 0, 0, 0, 0, 0, 0, 0, 0], [0, 0, 0, 0, 0, 0, 0, 0, 0, 0, 0, 0, 1, 0, 0, 0, 0, 0, 0, 0, 0, 0], [0, 0, 0, 0, 0, 0, 0, 0, 0, 0, 0, 0, 0, 1, 0, 0, 0, 0, 0, 0, 0, 0], [0, 0, 0, 0, 0, 0, 0, 0, 0, 0, 0, 0, 0, 0, 1, 0, 0, 0, 0, 0, 0, 0], [0, 0, 0, 0, 0, 0, 0, 0, 0, 0, 0, 0, 0, 0, 0, 1, 0, 0, 0, 0, 0, 0], [0, 0, 0, 0, 0, 0, 0, 0, 0, 0, 0, 0, 0, 0, 0, 0, 1, 0, 0, 0, 0, 0], [0, 0, 0, 0, 0, 0, 0, 0, 0, 0, 0, 0, 0, 0, 0, 0, 0, 1, 0, 0, 0, 0], [0, 0, 0, 0, 0, 0, 0, 0, 0, 0, 0, 0, 0, 0, 0, 0, 0, 0, 1, 0, 0, 0], [0, 0, 0, 0, 0, 0, 0, 0, 0, 0, 0, 0, 0, 0, 0, 0, 0, 0, 0, 1, 0, 0], [0, 0, 0, 0, 0, 0, 0, 0, 0, 0, 0, 0, 0, 0, 0, 0, 0, 0, 0, 0, 1, 0], [0, 0, 0, 0, 0, 0, 0, 0, 0, 0, 0, 0, 0, 0, 0, 0, 0, 0, 0, 0, 0, 1]]
[[1, 0, 0, 0, 0, 0, 0, 0, 0, 0, 0, 0, 0, 0, 0, 0, 0, 0, 0, 0, 0, 0], [0, 1, 0, 0, 0, 0, 0, 0, 0, 0, 0, 0, 0, 0, 0, 0, 0, 0, 0, 0, 0, 0], [0, 0, 1, 0, 0, 0, 0, 0, 0, 0, 0, 0, 0, 0, 0, 0, 0, 0, 0, 0, 0, 0], [0, 0, 0, 1, 0, 0, 0, 0, 0, 0, 0, 0, 0, 0, 0, 0, 0, 0, 0, 0, 0, 0], [0, 0, 0, 0, 1, 0, 0, 0, 0, 0, 0, 0, 0, 0, 0, 0, 0, 0, 0, 0, 0, 0], [0, 0, 0, 0, 0, 1, 0, 0, 0, 0, 0, 0, 0, 0, 0, 0, 0, 0, 0, 0, 0, 0], [0, 0, 0, 0, 0, 0, 1, 0, 0, 0, 0, 0, 0, 0, 0, 0, 0, 0, 0, 0, 0, 0], [0, 0, 0, 0, 0, 0, 0, 1, 0, 0, 0, 0, 0, 0, 0, 0, 0, 0, 0, 0, 0, 0], [0, 0, 0, 0, 0, 0, 0, 0, 1, 0, 0, 0, 0, 0, 0, 0, 0, 0, 0, 0, 0, 0], [0, 0, 0, 0, 0, 0, 0, 0, 0, 1, 0, 0, 0, 0, 0, 0, 0, 0, 0, 0, 0, 0], [0, 0, 0, 0, 0, 0, 0, 0, 0, 0, 1, 0, 0, 0, 0, 0, 0, 0, 0, 0, 0, 0], [0, 0, 0, 0, 0, 0, 0, 0, 0, 0, 0, 1, 0, 0, 0, 0, 0, 0, 0, 0, 0, 0], [0, 0, 0, 0, 0, 0, 0, 0, 0, 0, 0, 0, 1, 0, 0, 0, 0, 0, 0, 0, 0, 0], [0, 0, 0, 0, 0, 0, 0, 0, 0, 0, 0, 0, 0, 1, 0, 0, 0, 0, 0, 0, 0, 0], [0, 0, 0, 0, 0, 0, 0, 0, 0, 0, 0, 0, 0, 0, 1, 0, 0, 0, 0, 0, 0, 0], [0, 0, 0, 0, 0, 0, 0, 0, 0, 0, 0, 0, 0, 0, 0, 1, 0, 0, 0, 0, 0, 0], [0, 0, 0, 0, 0, 0, 0, 0, 0, 0, 0, 0, 0, 0, 0, 0, 1, 0, 0, 0, 0, 0], [0, 0, 0, 0, 0, 0, 0, 0, 0, 0, 0, 0, 0, 0, 0, 0, 0, 1, 0, 0, 0, 0], [0, 0, 0, 0, 0, 0, 0, 0, 0, 0, 0, 0, 0, 0, 0, 0, 0, 0, 1, 0, 0, 0], [0, 0, 0, 0, 0, 0, 0, 0, 0, 0, 0, 0, 0, 0, 0, 0, 0, 0, 0, 1, 0, 0], [0, 0, 0, 0, 0, 0, 0, 0, 0, 0, 0, 0, 0, 0, 0, 0, 0, 0, 0, 0, 1, 0], [0, 0, 0, 0, 0, 0, 0, 0, 0, 0, 0, 0, 0, 0, 0, 0, 0, 0, 0, 0, 0, 1]]
[[1, 0, 0, 0, 0, 0, 0, 0, 0, 0, 0, 0, 0, 0, 0, 0, 0, 0, 0, 0, 0, 0], [0, 1, 0, 0, 0, 0, 0, 0, 0, 0, 0, 0, 0, 0, 0, 0, 0, 0, 0, 0, 0, 0], [0, 0, 1, 0, 0, 0, 0, 0, 0, 0, 0, 0, 0, 0, 0, 0, 0, 0, 0, 0, 0, 0], [0, 0, 0, 1, 0, 0, 0, 0, 0, 0, 0, 0, 0, 0, 0, 0, 0, 0, 0, 0, 0, 0], [0, 0, 0, 0, 1, 0, 0, 0, 0, 0, 0, 0, 0, 0, 0, 0, 0, 0, 0, 0, 0, 0], [0, 0, 0, 0, 0, 1, 0, 0, 0, 0, 0, 0, 0, 0, 0, 0, 0, 0, 0, 0, 0, 0], [0, 0, 0, 0, 0, 0, 1, 0, 0, 0, 0, 0, 0, 0, 0, 0, 0, 0, 0, 0, 0, 0], [0, 0, 0, 0, 0, 0, 0, 1, 0, 0, 0, 0, 0, 0, 0, 0, 0, 0, 0, 0, 0, 0], [0, 0, 0, 0, 0, 0, 0, 0, 1, 0, 0, 0, 0, 0, 0, 0, 0, 0, 0, 0, 0, 0], [0, 0, 0, 0, 0, 0, 0, 0, 0, 1, 0, 0, 0, 0, 0, 0, 0, 0, 0, 0, 0, 0], [0, 0, 0, 0, 0, 0, 0, 0, 0, 0, 1, 0, 0, 0, 0, 0, 0, 0, 0, 0, 0, 0], [0, 0, 0, 0, 0, 0, 0, 0, 0, 0, 0, 1, 0, 0, 0, 0, 0, 0, 0, 0, 0, 0], [0, 0, 0, 0, 0, 0, 0, 0, 0, 0, 0, 0, 1, 0, 0, 0, 0, 0, 0, 0, 0, 0], [0, 0, 0, 0, 0, 0, 0, 0, 0, 0, 0, 0, 0, 1, 0, 0, 0, 0, 0, 0, 0, 0], [0, 0, 0, 0, 0, 0, 0, 0, 0, 0, 0, 0, 0, 0, 1, 0, 0, 0, 0, 0, 0, 0], [0, 0, 0, 0, 0, 0, 0, 0, 0, 0, 0, 0, 0, 0, 0, 1, 0, 0, 0, 0, 0, 0], [0, 0, 0, 0, 0, 0, 0, 0, 0, 0, 0, 0, 0, 0, 0, 0, 1, 0, 0, 0, 0, 0], [0, 0, 0, 0, 0, 0, 0, 0, 0, 0, 0, 0, 0, 0, 0, 0, 0, 1, 0, 0, 0, 0], [0, 0, 0, 0, 0, 0, 0, 0, 0, 0, 0, 0, 0, 0, 0, 0, 0, 0, 1, 0, 0, 0], [0, 0, 0, 0, 0, 0, 0, 0, 0, 0, 0, 0, 0, 0, 0, 0, 0, 0, 0, 1, 0, 0], [0, 0, 0, 0, 0, 0, 0, 0, 0, 0, 0, 0, 0, 0, 0, 0, 0, 0, 0, 0, 1, 0], [0, 0, 0, 0, 0, 0, 0, 0, 0, 0, 0, 0, 0, 0, 0, 0, 0, 0, 0, 0, 0, 1]]
[[1, 0, 0, 0, 0, 0, 0, 0, 0, 0, 0, 0, 0, 0, 0, 0, 0, 0, 0, 0, 0, 0], [-1, -1, 1, 0, 0, -1, 0, 1, 1, -1, 0, 1, 0, -1, 1, 1, 1, 0, -1, -1, -1, 1], [0, 0, 0, 0, 1, -1, 0, 0, 0, 0, 0, 0, 1, -1, 2, 0, 0, -1, -2, -1, -2, 0], [1, 0, 0, 0, -3, 2, 1, 1, 0, 0, 1, 1, -2, 3, -3, 0, 0, 2, 5, 4, 4, 1], [0, 0, 1, 0, 0, 1, 0, 0, 0, 0, 0, 0, -1, 1, -2, 0, 0, 1, 2, 1, 2, 0], [0, 3, -2, 0, 3, 0, -1, -3, -2, 1, -2, -3, 1, -1, 1, -2, -2, -1, -4, -2, -3, -2], [0, 3, -2, 1, 4, -1, 0, -3, -2, 2, -1, -3, 2, -2, 2, -2, -2, -2, -5, -3, -3, -3], [0, 3, -2, 0, 3, -1, -1, -2, -2, 1, -2, -3, 1, -1, 1, -2, -2, -1, -4, -2, -3, -2], [2, -1, 0, -1, -5, 3, 2, 3, 2, 0, 3, 3, -2, 4, -3, 1, 1, 2, 8, 6, 6, 2], [-1, -2, 1, 0, 0, -1, 0, 1, 1, 0, 0, 1, 0, -1, 1, 1, 1, 0, -1, -1, -1, 1], [-2, -3, 3, 0, 0, -2, -1, 1, 2, -3, -1, 1, 0, -2, 1, 2, 2, 0, -2, -3, -3, 2], [1, -3, 2, -1, -6, 3, 2, 4, 2, -1, 3, 5, -3, 4, -4, 2, 2, 3, 9, 6, 7, 3], [0, 1, -1, 0, 1, 0, 0, -1, -1, 1, 0, -1, 1, 0, 0, -1, -1, 0, -1, 0, 0, -1], [0, -2, 1, 0, -2, 1, 1, 2, 1, 0, 2, 2, -1, 2, -1, 1, 1, 1, 3, 2, 3, 1], [1, 2, -1, 0, 0, 1, 0, -1, -1, 1, 0, -1, 0, 1, 0, -1, -1, 0, 1, 1, 1, -1], [0, 0, 1, -1, -2, 1, 0, 0, 0, -1, -1, 0, -2, 2, -3, 1, 0, 2, 3, 2, 2, 1], [-2, 1, -1, 2, 7, -4, -2, -3, -1, 1, -2, -3, 4, -6, 6, -1, 0, -4, -11, -8, -8, -3], [1, 1, 0, 0, -1, 1, 0, 0, 0, 0, 0, 0, 0, 1, -1, 0, 0, 1, 2, 1, 1, 0], [-1, -1, 1, 0, 0, 0, 0, 0, 0, 0, 0, 0, -1, 0, -1, 0, 0, 1, 1, 0, 1, 0], [1, 1, 0, 0, -1, 1, 0, 0, 0, 0, 0, 0, 0, 1, -1, 0, 0, 0, 2, 2, 1, 0], [1, 2, -2, 0, 1, 0, 0, -1, -1, 1, 0, -1, 1, 0, 1, -1, -1, -1, -1, 0, 0, -1], [-2, -1, 1, 1, 3, -2, -1, -1, 0, 0, -1, -1, 1, -3, 2, 0, 0, -1, -5, -4, -3, 0]]
[[1, 0, 0, 0, 0, 0, 0, 0, 0, 0, 0, 0, 0, 0, 0, 0, 0, 0, 0, 0, 0, 0], [0, 1, 0, 0, 0, 0, 0, 0, 0, 0, 0, 0, 0, 0, 0, 0, 0, 0, 0, 0, 0, 0], [0, 0, 1, 0, 0, 0, 0, 0, 0, 0, 0, 0, 0, 0, 0, 0, 0, 0, 0, 0, 0, 0], [0, 0, 0, 1, 0, 0, 0, 0, 0, 0, 0, 0, 0, 0, 0, 0, 0, 0, 0, 0, 0, 0], [0, 0, 0, 0, 1, 0, 0, 0, 0, 0, 0, 0, 0, 0, 0, 0, 0, 0, 0, 0, 0, 0], [0, 0, 0, 0, 0, 1, 0, 0, 0, 0, 0, 0, 0, 0, 0, 0, 0, 0, 0, 0, 0, 0], [0, 0, 0, 0, 0, 0, 1, 0, 0, 0, 0, 0, 0, 0, 0, 0, 0, 0, 0, 0, 0, 0], [0, 0, 0, 0, 0, 0, 0, 1, 0, 0, 0, 0, 0, 0, 0, 0, 0, 0, 0, 0, 0, 0], [0, 0, 0, 0, 0, 0, 0, 0, 1, 0, 0, 0, 0, 0, 0, 0, 0, 0, 0, 0, 0, 0], [0, 0, 0, 0, 0, 0, 0, 0, 0, 1, 0, 0, 0, 0, 0, 0, 0, 0, 0, 0, 0, 0], [0, 0, 0, 0, 0, 0, 0, 0, 0, 0, 1, 0, 0, 0, 0, 0, 0, 0, 0, 0, 0, 0], [0, 0, 0, 0, 0, 0, 0, 0, 0, 0, 0, 1, 0, 0, 0, 0, 0, 0, 0, 0, 0, 0], [0, 0, 0, 0, 0, 0, 0, 0, 0, 0, 0, 0, 1, 0, 0, 0, 0, 0, 0, 0, 0, 0], [0, 0, 0, 0, 0, 0, 0, 0, 0, 0, 0, 0, 0, 1, 0, 0, 0, 0, 0, 0, 0, 0], [0, 0, 0, 0, 0, 0, 0, 0, 0, 0, 0, 0, 0, 0, 1, 0, 0, 0, 0, 0, 0, 0], [0, 0, 0, 0, 0, 0, 0, 0, 0, 0, 0, 0, 0, 0, 0, 1, 0, 0, 0, 0, 0, 0], [0, 0, 0, 0, 0, 0, 0, 0, 0, 0, 0, 0, 0, 0, 0, 0, 1, 0, 0, 0, 0, 0], [0, 0, 0, 0, 0, 0, 0, 0, 0, 0, 0, 0, 0, 0, 0, 0, 0, 1, 0, 0, 0, 0], [0, 0, 0, 0, 0, 0, 0, 0, 0, 0, 0, 0, 0, 0, 0, 0, 0, 0, 1, 0, 0, 0], [0, 0, 0, 0, 0, 0, 0, 0, 0, 0, 0, 0, 0, 0, 0, 0, 0, 0, 0, 1, 0, 0], [0, 0, 0, 0, 0, 0, 0, 0, 0, 0, 0, 0, 0, 0, 0, 0, 0, 0, 0, 0, 1, 0], [0, 0, 0, 0, 0, 0, 0, 0, 0, 0, 0, 0, 0, 0, 0, 0, 0, 0, 0, 0, 0, 1]]
[[1, 0, -1, 0, -1, 0, 1, 0, 0, 0, 1, 0, 0, 1, 0, 0, 0, 0, 1, 1, 1, 0], [0, 1, -1, 0, -1, 0, 1, 0, 0, 0, 1, 0, 0, 1, 0, 0, 0, 0, 1, 1, 1, 0], [0, 0, 0, 0, 0, 0, 1, 0, 0, 0, 1, 0, 0, 1, 0, 0, 0, 0, 1, 1, 1, 0], [0, 0, 1, 1, 1, 0, -1, 0, 0, 0, -1, 0, 0, -1, 0, 0, 0, 0, -1, -1, -1, 0], [0, 0, 0, 0, -1, 0, 0, 0, 0, 0, 0, 0, 0, 0, 0, 0, 0, 0, 0, 0, 0, 0], [0, 0, 1, 0, 1, 1, -1, 0, 0, 0, -1, 0, 0, -1, 0, 0, 0, 0, -1, -1, -1, 0], [0, 0, 1, 0, 1, 0, 0, 0, 0, 0, -1, 0, 0, -1, 0, 0, 0, 0, -1, -1, -1, 0], [0, 0, 1, 0, 2, 0, -1, 0, 0, 0, -1, -1, 0, -1, 0, -1, -1, 0, -1, -1, -1, 0], [0, 0, -1, 0, -2, 0, 1, 1, 1, 0, 1, 1, 0, 1, 0, 1, 1, 0, 1, 1, 1, 0], [0, 0, -1, 0, 0, 0, 1, 0, 0, 1, 1, 0, 0, 1, 0, 0, 0, 0, 1, 1, 1, 0], [0, 0, -2, 0, -3, 0, 2, 0, 0, 0, 3, 0, 0, 2, 0, 0, 0, 0, 2, 2, 2, 0], [0, 0, -1, 0, -2, 0, 1, 0, 0, 0, 1, 1, 0, 1, 0, 0, 0, 0, 1, 1, 1, 0], [0, 0, 1, 0, 1, 0, -1, 0, 0, 0, -1, 0, 1, -1, 0, 0, 0, 0, -1, -1, -1, 0], [0, 0, 0, 0, 0, 0, 0, 0, 0, 0, 0, 0, 0, 1, 0, 0, 0, 0, 0, 0, 0, 0], [0, 0, 1, 0, 1, 0, -1, 0, 0, 0, -1, 0, 0, -1, 1, 0, 0, 0, -1, -1, -1, 0], [0, 0, 0, 0, -1, 0, 0, 0, 0, 0, 0, 0, 0, 0, 0, 0, 0, 1, 0, 0, 0, 0], [0, 0, 0, 0, 1, 0, 0, -1, 0, 0, 0, -1, 0, 0, 0, 0, 0, -1, 0, 0, 0, 0], [0, 0, 0, 0, -1, 0, 0, 0, 0, 0, 0, 0, 0, 0, 0, 1, 0, 0, 0, 0, 0, 0], [-1, 0, 0, 0, -1, 0, 0, 0, 0, 0, -1, 0, -1, 0, -1, 1, 0, 1, -1, 0, -1, 1], [1, 0, 1, 0, 1, 0, -1, 0, 0, 0, 0, 0, 1, -1, 1, -1, 0, -1, 1, 0, 0, -1], [0, 0, 1, 0, 2, 0, -1, 0, 0, 0, -1, 0, 0, -1, 0, 0, 0, 0, -1, -1, 0, 0], [0, 0, 0, 0, 0, 0, 0, 0, 0, 0, 0, 0, 0, 0, 0, 0, 0, 0, 0, 0, 0, 1]]
[[1, 0, 0, 0, 0, 0, 0, 0, 0, 0, 0, 0, 0, 0, 0, 0, 0, 0, 0, 0, 0, 0], [0, 1, 0, 0, 0, 0, 0, 0, 0, 0, 0, 0, 0, 0, 0, 0, 0, 0, 0, 0, 0, 0], [0, 0, 1, 0, 0, 0, 0, 0, 0, 0, 0, 0, 0, 0, 0, 0, 0, 0, 0, 0, 0, 0], [0, 0, 0, 1, 0, 0, 0, 0, 0, 0, 0, 0, 0, 0, 0, 0, 0, 0, 0, 0, 0, 0], [0, 0, 0, 0, 1, 0, 0, 0, 0, 0, 0, 0, 0, 0, 0, 0, 0, 0, 0, 0, 0, 0], [0, 0, 0, 0, 0, 1, 0, 0, 0, 0, 0, 0, 0, 0, 0, 0, 0, 0, 0, 0, 0, 0], [0, 0, 0, 0, 0, 0, 1, 0, 0, 0, 0, 0, 0, 0, 0, 0, 0, 0, 0, 0, 0, 0], [0, 0, 0, 0, 0, 0, 0, 1, 0, 0, 0, 0, 0, 0, 0, 0, 0, 0, 0, 0, 0, 0], [0, 0, 0, 0, 0, 0, 0, 0, 1, 0, 0, 0, 0, 0, 0, 0, 0, 0, 0, 0, 0, 0], [0, 0, 0, 0, 0, 0, 0, 0, 0, 1, 0, 0, 0, 0, 0, 0, 0, 0, 0, 0, 0, 0], [0, 0, 0, 0, 0, 0, 0, 0, 0, 0, 1, 0, 0, 0, 0, 0, 0, 0, 0, 0, 0, 0], [0, 0, 0, 0, 0, 0, 0, 0, 0, 0, 0, 1, 0, 0, 0, 0, 0, 0, 0, 0, 0, 0], [0, 0, 0, 0, 0, 0, 0, 0, 0, 0, 0, 0, 1, 0, 0, 0, 0, 0, 0, 0, 0, 0], [0, 0, 0, 0, 0, 0, 0, 0, 0, 0, 0, 0, 0, 1, 0, 0, 0, 0, 0, 0, 0, 0], [0, 0, 0, 0, 0, 0, 0, 0, 0, 0, 0, 0, 0, 0, 1, 0, 0, 0, 0, 0, 0, 0], [0, 0, 0, 0, 0, 0, 0, 0, 0, 0, 0, 0, 0, 0, 0, 1, 0, 0, 0, 0, 0, 0], [0, 0, 0, 0, 0, 0, 0, 0, 0, 0, 0, 0, 0, 0, 0, 0, 1, 0, 0, 0, 0, 0], [0, 0, 0, 0, 0, 0, 0, 0, 0, 0, 0, 0, 0, 0, 0, 0, 0, 1, 0, 0, 0, 0], [0, 0, 0, 0, 0, 0, 0, 0, 0, 0, 0, 0, 0, 0, 0, 0, 0, 0, 1, 0, 0, 0], [0, 0, 0, 0, 0, 0, 0, 0, 0, 0, 0, 0, 0, 0, 0, 0, 0, 0, 0, 1, 0, 0], [0, 0, 0, 0, 0, 0, 0, 0, 0, 0, 0, 0, 0, 0, 0, 0, 0, 0, 0, 0, 1, 0], [0, 0, 0, 0, 0, 0, 0, 0, 0, 0, 0, 0, 0, 0, 0, 0, 0, 0, 0, 0, 0, 1]]
[[-2, -2, 2, 0, 0, -1, 0, 1, 1, -1, -1, 1, 0, -1, -1, 1, 0, 1, -2, -1, -2, 2], [1, 0, 0, 0, 0, 0, 2, 1, 0, 1, 1, 1, 1, 1, 0, -1, -1, 0, 1, 1, 0, 0], [0, -1, 0, 0, 0, 0, 2, 1, 0, 1, 2, 1, 1, 1, 0, -1, -1, 0, 1, 1, 1, 0], [1, 3, 1, 1, 1, 1, -4, -5, -2, -2, -4, -2, -2, -2, 1, 3, 3, 0, -1, -1, 0, 0], [0, 0, -1, -1, -1, 0, 0, 1, 1, 0, 0, 0, 0, 0, 0, -1, -1, 0, 0, 0, -1, 0], [-1, 0, -4, -1, -1, 0, 1, 1, 0, 2, 3, -1, 0, 1, 1, -2, -1, -1, 1, 0, 2, -3], [-2, -2, -3, -1, -2, -1, 2, 2, 1, 1, 3, 0, 1, 1, 1, -2, -1, -1, 0, -1, 0, -2], [-1, 1, -3, 1, 0, 0, 1, -1, -1, 2, 2, -1, 0, 0, 2, -1, 1, -1, 0, -1, 2, -3], [0, 0, 1, -1, 0, 0, -1, 0, 0, -1, -2, 0, -1, 0, -1, 1, -1, 1, -1, 0, -1, 2], [0, -1, 2, 0, 2, 0, 1, 1, 0, 1, 0, 1, 0, 1, -2, 0, -1, 1, 0, 1, 1, 1], [0, -3, 2, -1, -1, -1, 3, 5, 3, 0, 2, 3, 2, 1, -2, -2, -3, 1, 1, 2, -2, 3], [2, 1, 4, 0, 0, 1, -3, -2, 0, -3, -4, 0, -1, -1, -1, 3, 1, 1, 0, 1, -2, 3], [0, 1, -3, 0, 0, 0, 0, -1, -1, 1, 1, -1, 0, 0, 2, -1, 1, -1, 0, -1, 1, -3], [2, 1, 1, 0, 1, 1, -1, -1, -1, 0, -1, 0, 0, 0, 0, 0, 0, 0, 1, 1, 0, 0], [0, 2, -1, 1, 1, 0, -1, -3, -2, 0, -1, -2, -1, -1, 1, 0, 1, -1, 0, -1, 1, -2], [-1, -1, 0, 0, -1, -1, 0, 0, 1, -1, 0, 0, 0, -1, 0, 0, 0, 0, -1, 0, -1, 1], [0, -1, 0, 0, 1, 0, 2, 2, 0, 2, 2, 1, 1, 1, 0, -2, -1, 0, 1, 0, 1, -1], [-1, 0, 1, 0, 0, -1, -1, -1, 0, -2, -2, 0, -1, -2, 0, 1, 1, 0, -1, -1, -1, 1], [0, 0, 1, -1, -1, 0, -1, 0, 1, -2, -2, 0, -1, 0, -2, 1, 0, 1, 0, 1, -1, 2], [1, 2, -1, 1, 1, 1, -1, -3, -2, 1, 0, -1, 0, -1, 2, 0, 1, -1, 0, -1, 2, -2], [0, 1, -1, 1, 0, 0, -1, -2, -1, 0, 0, -1, 0, -1, 2, 1, 2, -1, 0, -1, 1, -1], [0, -1, 0, -1, 0, 0, 1, 2, 1, 1, 1, 1, 1, 1, -1, -1, -1, 0, 1, 1, 0, 0]]
[[1, 0, 0, 0, 0, 0, 0, 0, 0, 0, 0, 0, 0, 0, 0, 0, 0, 0, 0, 0, 0, 0], [0, 1, 0, 0, 0, 0, 0, 0, 0, 0, 0, 0, 0, 0, 0, 0, 0, 0, 0, 0, 0, 0], [0, 0, 1, 0, 0, 0, 0, 0, 0, 0, 0, 0, 0, 0, 0, 0, 0, 0, 0, 0, 0, 0], [0, 0, 0, 1, 0, 0, 0, 0, 0, 0, 0, 0, 0, 0, 0, 0, 0, 0, 0, 0, 0, 0], [0, 0, 0, 0, 1, 0, 0, 0, 0, 0, 0, 0, 0, 0, 0, 0, 0, 0, 0, 0, 0, 0], [0, 0, 0, 0, 0, 1, 0, 0, 0, 0, 0, 0, 0, 0, 0, 0, 0, 0, 0, 0, 0, 0], [0, 0, 0, 0, 0, 0, 1, 0, 0, 0, 0, 0, 0, 0, 0, 0, 0, 0, 0, 0, 0, 0], [0, 0, 0, 0, 0, 0, 0, 1, 0, 0, 0, 0, 0, 0, 0, 0, 0, 0, 0, 0, 0, 0], [0, 0, 0, 0, 0, 0, 0, 0, 1, 0, 0, 0, 0, 0, 0, 0, 0, 0, 0, 0, 0, 0], [0, 0, 0, 0, 0, 0, 0, 0, 0, 1, 0, 0, 0, 0, 0, 0, 0, 0, 0, 0, 0, 0], [0, 0, 0, 0, 0, 0, 0, 0, 0, 0, 1, 0, 0, 0, 0, 0, 0, 0, 0, 0, 0, 0], [0, 0, 0, 0, 0, 0, 0, 0, 0, 0, 0, 1, 0, 0, 0, 0, 0, 0, 0, 0, 0, 0], [0, 0, 0, 0, 0, 0, 0, 0, 0, 0, 0, 0, 1, 0, 0, 0, 0, 0, 0, 0, 0, 0], [0, 0, 0, 0, 0, 0, 0, 0, 0, 0, 0, 0, 0, 1, 0, 0, 0, 0, 0, 0, 0, 0], [0, 0, 0, 0, 0, 0, 0, 0, 0, 0, 0, 0, 0, 0, 1, 0, 0, 0, 0, 0, 0, 0], [0, 0, 0, 0, 0, 0, 0, 0, 0, 0, 0, 0, 0, 0, 0, 1, 0, 0, 0, 0, 0, 0], [0, 0, 0, 0, 0, 0, 0, 0, 0, 0, 0, 0, 0, 0, 0, 0, 1, 0, 0, 0, 0, 0], [0, 0, 0, 0, 0, 0, 0, 0, 0, 0, 0, 0, 0, 0, 0, 0, 0, 1, 0, 0, 0, 0], [0, 0, 0, 0, 0, 0, 0, 0, 0, 0, 0, 0, 0, 0, 0, 0, 0, 0, 1, 0, 0, 0], [0, 0, 0, 0, 0, 0, 0, 0, 0, 0, 0, 0, 0, 0, 0, 0, 0, 0, 0, 1, 0, 0], [0, 0, 0, 0, 0, 0, 0, 0, 0, 0, 0, 0, 0, 0, 0, 0, 0, 0, 0, 0, 1, 0], [0, 0, 0, 0, 0, 0, 0, 0, 0, 0, 0, 0, 0, 0, 0, 0, 0, 0, 0, 0, 0, 1]]
[[1, 0, 0, 0, 0, 0, 0, 0, 0, 0, 0, 0, 0, 0, 0, 0, 0, 0, 0, 0, 0, 0], [0, 1, 0, 0, 0, 0, 0, 0, 0, 0, 0, 0, 0, 0, 0, 0, 0, 0, 0, 0, 0, 0], [0, 0, 1, 0, 0, 0, 0, 0, 0, 0, 0, 0, 0, 0, 0, 0, 0, 0, 0, 0, 0, 0], [0, 0, 0, 1, 0, 0, 0, 0, 0, 0, 0, 0, 0, 0, 0, 0, 0, 0, 0, 0, 0, 0], [0, 0, 0, 0, 1, 0, 0, 0, 0, 0, 0, 0, 0, 0, 0, 0, 0, 0, 0, 0, 0, 0], [0, 0, 0, 0, 0, 1, 0, 0, 0, 0, 0, 0, 0, 0, 0, 0, 0, 0, 0, 0, 0, 0], [0, 0, 0, 0, 0, 0, 1, 0, 0, 0, 0, 0, 0, 0, 0, 0, 0, 0, 0, 0, 0, 0], [0, 0, 0, 0, 0, 0, 0, 1, 0, 0, 0, 0, 0, 0, 0, 0, 0, 0, 0, 0, 0, 0], [0, 0, 0, 0, 0, 0, 0, 0, 1, 0, 0, 0, 0, 0, 0, 0, 0, 0, 0, 0, 0, 0], [0, 0, 0, 0, 0, 0, 0, 0, 0, 1, 0, 0, 0, 0, 0, 0, 0, 0, 0, 0, 0, 0], [0, 0, 0, 0, 0, 0, 0, 0, 0, 0, 1, 0, 0, 0, 0, 0, 0, 0, 0, 0, 0, 0], [0, 0, 0, 0, 0, 0, 0, 0, 0, 0, 0, 1, 0, 0, 0, 0, 0, 0, 0, 0, 0, 0], [0, 0, 0, 0, 0, 0, 0, 0, 0, 0, 0, 0, 1, 0, 0, 0, 0, 0, 0, 0, 0, 0], [0, 0, 0, 0, 0, 0, 0, 0, 0, 0, 0, 0, 0, 1, 0, 0, 0, 0, 0, 0, 0, 0], [0, 0, 0, 0, 0, 0, 0, 0, 0, 0, 0, 0, 0, 0, 1, 0, 0, 0, 0, 0, 0, 0], [0, 0, 0, 0, 0, 0, 0, 0, 0, 0, 0, 0, 0, 0, 0, 1, 0, 0, 0, 0, 0, 0], [0, 0, 0, 0, 0, 0, 0, 0, 0, 0, 0, 0, 0, 0, 0, 0, 1, 0, 0, 0, 0, 0], [0, 0, 0, 0, 0, 0, 0, 0, 0, 0, 0, 0, 0, 0, 0, 0, 0, 1, 0, 0, 0, 0], [0, 0, 0, 0, 0, 0, 0, 0, 0, 0, 0, 0, 0, 0, 0, 0, 0, 0, 1, 0, 0, 0], [0, 0, 0, 0, 0, 0, 0, 0, 0, 0, 0, 0, 0, 0, 0, 0, 0, 0, 0, 1, 0, 0], [0, 0, 0, 0, 0, 0, 0, 0, 0, 0, 0, 0, 0, 0, 0, 0, 0, 0, 0, 0, 1, 0], [0, 0, 0, 0, 0, 0, 0, 0, 0, 0, 0, 0, 0, 0, 0, 0, 0, 0, 0, 0, 0, 1]]
[[1, 0, 0, 0, 0, 0, 0, 0, 0, 0, 0, 0, 0, 0, 0, 0, 0, 0, 0, 0, 0, 0], [0, 1, 0, 0, 0, 0, 0, 0, 0, 0, 0, 0, 0, 0, 0, 0, 0, 0, 0, 0, 0, 0], [0, 0, 1, 0, 0, 0, 0, 0, 0, 0, 0, 0, 0, 0, 0, 0, 0, 0, 0, 0, 0, 0], [0, 0, 0, 1, 0, 0, 0, 0, 0, 0, 0, 0, 0, 0, 0, 0, 0, 0, 0, 0, 0, 0], [0, 0, 0, 0, 1, 0, 0, 0, 0, 0, 0, 0, 0, 0, 0, 0, 0, 0, 0, 0, 0, 0], [0, 0, 0, 0, 0, 1, 0, 0, 0, 0, 0, 0, 0, 0, 0, 0, 0, 0, 0, 0, 0, 0], [0, 0, 0, 0, 0, 0, 1, 0, 0, 0, 0, 0, 0, 0, 0, 0, 0, 0, 0, 0, 0, 0], [0, 0, 0, 0, 0, 0, 0, 1, 0, 0, 0, 0, 0, 0, 0, 0, 0, 0, 0, 0, 0, 0], [0, 0, 0, 0, 0, 0, 0, 0, 1, 0, 0, 0, 0, 0, 0, 0, 0, 0, 0, 0, 0, 0], [0, 0, 0, 0, 0, 0, 0, 0, 0, 1, 0, 0, 0, 0, 0, 0, 0, 0, 0, 0, 0, 0], [0, 0, 0, 0, 0, 0, 0, 0, 0, 0, 1, 0, 0, 0, 0, 0, 0, 0, 0, 0, 0, 0], [0, 0, 0, 0, 0, 0, 0, 0, 0, 0, 0, 1, 0, 0, 0, 0, 0, 0, 0, 0, 0, 0], [0, 0, 0, 0, 0, 0, 0, 0, 0, 0, 0, 0, 1, 0, 0, 0, 0, 0, 0, 0, 0, 0], [0, 0, 0, 0, 0, 0, 0, 0, 0, 0, 0, 0, 0, 1, 0, 0, 0, 0, 0, 0, 0, 0], [0, 0, 0, 0, 0, 0, 0, 0, 0, 0, 0, 0, 0, 0, 1, 0, 0, 0, 0, 0, 0, 0], [0, 0, 0, 0, 0, 0, 0, 0, 0, 0, 0, 0, 0, 0, 0, 1, 0, 0, 0, 0, 0, 0], [0, 0, 0, 0, 0, 0, 0, 0, 0, 0, 0, 0, 0, 0, 0, 0, 1, 0, 0, 0, 0, 0], [0, 0, 0, 0, 0, 0, 0, 0, 0, 0, 0, 0, 0, 0, 0, 0, 0, 1, 0, 0, 0, 0], [0, 0, 0, 0, 0, 0, 0, 0, 0, 0, 0, 0, 0, 0, 0, 0, 0, 0, 1, 0, 0, 0], [0, 0, 0, 0, 0, 0, 0, 0, 0, 0, 0, 0, 0, 0, 0, 0, 0, 0, 0, 1, 0, 0], [0, 0, 0, 0, 0, 0, 0, 0, 0, 0, 0, 0, 0, 0, 0, 0, 0, 0, 0, 0, 1, 0], [0, 0, 0, 0, 0, 0, 0, 0, 0, 0, 0, 0, 0, 0, 0, 0, 0, 0, 0, 0, 0, 1]]
[[-1, -1, 1, 0, 0, -1, 0, 0, 0, -1, -1, 0, -1, -1, 0, 1, 0, 0, -1, -1, -1, 1], [-2, 1, 1, 0, 1, -1, 0, 0, -1, -1, -3, -1, -3, 0, -2, 1, -1, 1, -2, -1, -2, 1], [-1, 1, 1, 1, 3, 0, 1, 0, -2, 2, -2, -1, -3, 1, -2, 0, -2, 1, -2, -1, -1, -1], [2, -2, 0, -1, -5, 0, -2, 0, 3, -3, 4, 3, 7, -3, 4, 0, 4, -2, 4, 2, 2, 2], [0, 0, 0, -1, -1, 0, -1, 0, 1, -2, -1, 0, 0, 0, 0, 1, 1, 0, 0, 0, -1, 1], [3, 2, -2, 1, 2, 3, 1, 0, -1, 4, 2, 0, 1, 2, 0, -2, -1, 0, 1, 1, 2, -3], [2, 2, -2, 1, 2, 2, 2, 0, -1, 4, 1, 0, 0, 2, 0, -1, -1, 0, 0, 0, 1, -3], [3, 1, -2, 1, 1, 2, 1, 1, 0, 4, 4, 1, 3, 1, 2, -2, 0, -1, 2, 1, 3, -3], [-1, -1, 1, -1, -1, -1, -1, 0, 1, -2, -1, 1, 1, -2, 0, 1, 1, 0, 0, 0, -1, 2], [-2, 0, 1, 1, 2, -1, 1, 0, -1, 1, -2, -2, -4, 1, -2, 0, -2, 1, -2, -1, -1, 0], [-5, 1, 2, 0, 2, -2, 0, 0, -2, -3, -8, -4, -10, 2, -6, 3, -3, 3, -6, -3, -6, 2], [-2, -2, 2, -1, -2, -2, -1, 0, 1, -4, -1, 1, 0, -2, 0, 1, 1, 0, 0, 0, -1, 3], [2, 0, -1, 0, -1, 1, 0, 0, 1, 1, 3, 1, 4, 0, 2, -1, 1, -1, 2, 1, 2, -1], [-1, -1, 1, 0, 0, -1, 0, 0, 0, -1, 0, 0, 0, 0, 0, 0, 0, 0, 0, 0, 0, 1], [3, 0, -1, -1, -2, 1, -1, 0, 1, 0, 3, 2, 5, -1, 3, -1, 2, -1, 3, 2, 2, 0], [1, 0, 0, -1, -2, 0, -1, 0, 1, -2, 0, 0, 1, 0, 0, 1, 1, 0, 1, 1, 0, 1], [-2, 1, 0, 2, 4, 0, 2, 0, -2, 3, -2, -2, -5, 2, -2, 0, -2, 1, -3, -2, -1, -2], [0, 0, 0, -1, -2, 0, -1, 0, 1, -2, -1, 0, 0, 0, 0, 1, 1, 1, 0, 0, -1, 1], [0, 1, 0, 0, 0, 0, 0, 0, 0, -1, -2, -2, -3, 2, -2, 0, -1, 1, 0, 0, -1, 0], [2, -1, -1, -1, -3, 1, -1, 0, 2, 0, 4, 3, 6, -2, 4, 0, 3, -2, 3, 2, 2, 0], [2, 0, -1, 0, 0, 1, 0, 0, 0, 2, 3, 2, 4, -1, 2, -1, 1, -1, 2, 1, 3, -1], [-1, 1, 0, 1, 2, 0, 1, 0, -1, 1, -2, -2, -4, 2, -2, 0, -2, 1, -2, -1, -1, 0]]
[[-1, -1, 0, 0, -2, -1, 0, 0, 1, -2, 0, 0, 0, -1, 0, 1, 1, -1, 0, 0, -1, 1], [-1, 1, 0, 0, -1, 0, 0, 0, 0, -1, -1, 0, -1, 0, -1, 1, 0, 0, -1, 0, -1, 1], [-1, 0, 1, 1, 1, 0, 1, 0, 0, 1, 0, 0, -1, 0, -1, 0, -1, 0, -1, 0, 0, 0], [2, 0, 0, 0, 0, 0, -1, 0, 0, 0, 1, 0, 2, 0, 2, -1, 1, 0, 2, 0, 1, -1], [0, 0, 0, -1, -1, 0, -1, 0, 0, -2, -1, 0, 0, 0, 0, 1, 1, 0, 0, 0, -1, 1], [1, 0, 0, 0, 2, 1, 0, 0, 0, 2, 1, 0, 1, 0, 1, -1, 0, 0, 1, 0, 1, -2], [0, 0, 0, 0, 1, 0, 1, 0, 0, 1, 0, 0, 0, 0, 0, 0, 0, 0, 0, 0, 0, -1], [1, 0, 0, 1, 3, 0, 1, 1, 0, 3, 2, 0, 1, 0, 1, -2, -1, 0, 1, 0, 2, -2], [0, 0, 0, -1, -2, 0, -1, 0, 1, -2, -1, 0, 0, 0, 0, 1, 1, 0, 0, 0, -1, 1], [-1, 0, 0, 1, 0, 0, 1, 0, 0, 1, 0, 0, -1, 0, -1, 0, -1, 0, -1, 0, 0, 1], [-3, 0, 0, 0, -3, 0, 0, 0, 0, -3, -2, 0, -3, 0, -3, 3, 0, 0, -3, 0, -3, 3], [0, 0, 0, -1, -2, 0, -1, 0, 0, -2, -1, 0, -1, 1, 0, 1, 0, 0, 0, 0, -1, 1], [1, 0, 0, 0, 1, 0, 0, 0, 0, 1, 1, 0, 2, 0, 1, -1, 0, 0, 1, 0, 1, -1], [0, 0, 0, 0, 0, 0, 0, 0, 0, 0, 0, 0, 0, 1, 0, 0, 0, 0, 0, 0, 0, 0], [1, 0, 0, 0, 1, 0, 0, 0, 0, 1, 1, 1, 2, -1, 2, -1, 1, 0, 1, 0, 1, -1], [0, 0, 0, 0, -1, 0, 0, 0, 0, -1, 0, 1, 1, -1, 0, 1, 1, 0, 0, 0, 0, 1], [-1, 0, 0, 1, 1, 0, 1, 0, 0, 1, 0, -1, -2, 1, -1, 0, -1, 0, -1, 0, 0, 0], [-1, 0, 0, 0, -1, 0, 0, 0, 0, -1, -1, 0, -1, 0, -1, 1, 0, 1, -1, 0, -1, 1], [0, 1, 0, 0, 0, 1, 0, 0, -1, 0, -2, 0, -2, 1, -2, 1, -1, 1, -1, 0, -1, 1], [2, 0, 0, 0, 1, 0, 0, 0, 0, 1, 2, 0, 2, 0, 2, -2, 0, 0, 2, 1, 2, -1], [1, 0, 0, 0, 2, 0, 0, 0, 0, 2, 1, 0, 1, 0, 1, -1, 0, 0, 1, 0, 2, -2], [-1, 0, 0, 0, 0, 0, 0, 0, 0, 0, -1, 0, -1, 0, -1, 1, 0, 0, -1, 0, -1, 1]]
[[1, 0, 0, 0, 0, 0, 0, 0, 0, 0, 0, 0, 0, 0, 0, 0, 0, 0, 0, 0, 0, 0], [0, 1, 0, 0, 0, 0, 0, 0, 0, 0, 0, 0, 0, 0, 0, 0, 0, 0, 0, 0, 0, 0], [0, 0, 1, 0, 0, 0, 0, 0, 0, 0, 0, 0, 0, 0, 0, 0, 0, 0, 0, 0, 0, 0], [0, 0, 0, 1, 0, 0, 0, 0, 0, 0, 0, 0, 0, 0, 0, 0, 0, 0, 0, 0, 0, 0], [0, 0, 0, 0, 1, 0, 0, 0, 0, 0, 0, 0, 0, 0, 0, 0, 0, 0, 0, 0, 0, 0], [0, 0, 0, 0, 0, 1, 0, 0, 0, 0, 0, 0, 0, 0, 0, 0, 0, 0, 0, 0, 0, 0], [0, 0, 0, 0, 0, 0, 1, 0, 0, 0, 0, 0, 0, 0, 0, 0, 0, 0, 0, 0, 0, 0], [0, 0, 0, 0, 0, 0, 0, 1, 0, 0, 0, 0, 0, 0, 0, 0, 0, 0, 0, 0, 0, 0], [0, 0, 0, 0, 0, 0, 0, 0, 1, 0, 0, 0, 0, 0, 0, 0, 0, 0, 0, 0, 0, 0], [0, 0, 0, 0, 0, 0, 0, 0, 0, 1, 0, 0, 0, 0, 0, 0, 0, 0, 0, 0, 0, 0], [0, 0, 0, 0, 0, 0, 0, 0, 0, 0, 1, 0, 0, 0, 0, 0, 0, 0, 0, 0, 0, 0], [0, 0, 0, 0, 0, 0, 0, 0, 0, 0, 0, 1, 0, 0, 0, 0, 0, 0, 0, 0, 0, 0], [0, 0, 0, 0, 0, 0, 0, 0, 0, 0, 0, 0, 1, 0, 0, 0, 0, 0, 0, 0, 0, 0], [0, 0, 0, 0, 0, 0, 0, 0, 0, 0, 0, 0, 0, 1, 0, 0, 0, 0, 0, 0, 0, 0], [0, 0, 0, 0, 0, 0, 0, 0, 0, 0, 0, 0, 0, 0, 1, 0, 0, 0, 0, 0, 0, 0], [0, 0, 0, 0, 0, 0, 0, 0, 0, 0, 0, 0, 0, 0, 0, 1, 0, 0, 0, 0, 0, 0], [0, 0, 0, 0, 0, 0, 0, 0, 0, 0, 0, 0, 0, 0, 0, 0, 1, 0, 0, 0, 0, 0], [0, 0, 0, 0, 0, 0, 0, 0, 0, 0, 0, 0, 0, 0, 0, 0, 0, 1, 0, 0, 0, 0], [0, 0, 0, 0, 0, 0, 0, 0, 0, 0, 0, 0, 0, 0, 0, 0, 0, 0, 1, 0, 0, 0], [0, 0, 0, 0, 0, 0, 0, 0, 0, 0, 0, 0, 0, 0, 0, 0, 0, 0, 0, 1, 0, 0], [0, 0, 0, 0, 0, 0, 0, 0, 0, 0, 0, 0, 0, 0, 0, 0, 0, 0, 0, 0, 1, 0], [0, 0, 0, 0, 0, 0, 0, 0, 0, 0, 0, 0, 0, 0, 0, 0, 0, 0, 0, 0, 0, 1]]
[[1, 0, 0, 0, 0, 0, 0, 0, 0, 0, 0, 0, 0, 0, 0, 0, 0, 0, 0, 0, 0, 0], [0, 1, 0, 0, 0, 0, 0, 0, 0, 0, 0, 0, 0, 0, 0, 0, 0, 0, 0, 0, 0, 0], [0, 0, 1, 0, 0, 0, 0, 0, 0, 0, 0, 0, 0, 0, 0, 0, 0, 0, 0, 0, 0, 0], [0, 0, 0, 1, 0, 0, 0, 0, 0, 0, 0, 0, 0, 0, 0, 0, 0, 0, 0, 0, 0, 0], [0, 0, 0, 0, 1, 0, 0, 0, 0, 0, 0, 0, 0, 0, 0, 0, 0, 0, 0, 0, 0, 0], [0, 0, 0, 0, 0, 1, 0, 0, 0, 0, 0, 0, 0, 0, 0, 0, 0, 0, 0, 0, 0, 0], [0, 0, 0, 0, 0, 0, 1, 0, 0, 0, 0, 0, 0, 0, 0, 0, 0, 0, 0, 0, 0, 0], [0, 0, 0, 0, 0, 0, 0, 1, 0, 0, 0, 0, 0, 0, 0, 0, 0, 0, 0, 0, 0, 0], [0, 0, 0, 0, 0, 0, 0, 0, 1, 0, 0, 0, 0, 0, 0, 0, 0, 0, 0, 0, 0, 0], [0, 0, 0, 0, 0, 0, 0, 0, 0, 1, 0, 0, 0, 0, 0, 0, 0, 0, 0, 0, 0, 0], [0, 0, 0, 0, 0, 0, 0, 0, 0, 0, 1, 0, 0, 0, 0, 0, 0, 0, 0, 0, 0, 0], [0, 0, 0, 0, 0, 0, 0, 0, 0, 0, 0, 1, 0, 0, 0, 0, 0, 0, 0, 0, 0, 0], [0, 0, 0, 0, 0, 0, 0, 0, 0, 0, 0, 0, 1, 0, 0, 0, 0, 0, 0, 0, 0, 0], [0, 0, 0, 0, 0, 0, 0, 0, 0, 0, 0, 0, 0, 1, 0, 0, 0, 0, 0, 0, 0, 0], [0, 0, 0, 0, 0, 0, 0, 0, 0, 0, 0, 0, 0, 0, 1, 0, 0, 0, 0, 0, 0, 0], [0, 0, 0, 0, 0, 0, 0, 0, 0, 0, 0, 0, 0, 0, 0, 1, 0, 0, 0, 0, 0, 0], [0, 0, 0, 0, 0, 0, 0, 0, 0, 0, 0, 0, 0, 0, 0, 0, 1, 0, 0, 0, 0, 0], [0, 0, 0, 0, 0, 0, 0, 0, 0, 0, 0, 0, 0, 0, 0, 0, 0, 1, 0, 0, 0, 0], [0, 0, 0, 0, 0, 0, 0, 0, 0, 0, 0, 0, 0, 0, 0, 0, 0, 0, 1, 0, 0, 0], [0, 0, 0, 0, 0, 0, 0, 0, 0, 0, 0, 0, 0, 0, 0, 0, 0, 0, 0, 1, 0, 0], [0, 0, 0, 0, 0, 0, 0, 0, 0, 0, 0, 0, 0, 0, 0, 0, 0, 0, 0, 0, 1, 0], [0, 0, 0, 0, 0, 0, 0, 0, 0, 0, 0, 0, 0, 0, 0, 0, 0, 0, 0, 0, 0, 1]]
[[1, 0, 0, 0, 0, 0, 0, 0, 0, 0, 0, 0, 0, 0, 0, 0, 0, 0, 0, 0, 0, 0], [0, 1, 0, 0, 0, 0, 0, 0, 0, 0, 0, 0, 0, 0, 0, 0, 0, 0, 0, 0, 0, 0], [0, 0, 1, 0, 0, 0, 0, 0, 0, 0, 0, 0, 0, 0, 0, 0, 0, 0, 0, 0, 0, 0], [0, 0, 0, 1, 0, 0, 0, 0, 0, 0, 0, 0, 0, 0, 0, 0, 0, 0, 0, 0, 0, 0], [0, 0, 0, 0, 1, 0, 0, 0, 0, 0, 0, 0, 0, 0, 0, 0, 0, 0, 0, 0, 0, 0], [0, 0, 0, 0, 0, 1, 0, 0, 0, 0, 0, 0, 0, 0, 0, 0, 0, 0, 0, 0, 0, 0], [0, 0, 0, 0, 0, 0, 1, 0, 0, 0, 0, 0, 0, 0, 0, 0, 0, 0, 0, 0, 0, 0], [0, 0, 0, 0, 0, 0, 0, 1, 0, 0, 0, 0, 0, 0, 0, 0, 0, 0, 0, 0, 0, 0], [0, 0, 0, 0, 0, 0, 0, 0, 1, 0, 0, 0, 0, 0, 0, 0, 0, 0, 0, 0, 0, 0], [0, 0, 0, 0, 0, 0, 0, 0, 0, 1, 0, 0, 0, 0, 0, 0, 0, 0, 0, 0, 0, 0], [0, 0, 0, 0, 0, 0, 0, 0, 0, 0, 1, 0, 0, 0, 0, 0, 0, 0, 0, 0, 0, 0], [0, 0, 0, 0, 0, 0, 0, 0, 0, 0, 0, 1, 0, 0, 0, 0, 0, 0, 0, 0, 0, 0], [0, 0, 0, 0, 0, 0, 0, 0, 0, 0, 0, 0, 1, 0, 0, 0, 0, 0, 0, 0, 0, 0], [0, 0, 0, 0, 0, 0, 0, 0, 0, 0, 0, 0, 0, 1, 0, 0, 0, 0, 0, 0, 0, 0], [0, 0, 0, 0, 0, 0, 0, 0, 0, 0, 0, 0, 0, 0, 1, 0, 0, 0, 0, 0, 0, 0], [0, 0, 0, 0, 0, 0, 0, 0, 0, 0, 0, 0, 0, 0, 0, 1, 0, 0, 0, 0, 0, 0], [0, 0, 0, 0, 0, 0, 0, 0, 0, 0, 0, 0, 0, 0, 0, 0, 1, 0, 0, 0, 0, 0], [0, 0, 0, 0, 0, 0, 0, 0, 0, 0, 0, 0, 0, 0, 0, 0, 0, 1, 0, 0, 0, 0], [0, 0, 0, 0, 0, 0, 0, 0, 0, 0, 0, 0, 0, 0, 0, 0, 0, 0, 1, 0, 0, 0], [0, 0, 0, 0, 0, 0, 0, 0, 0, 0, 0, 0, 0, 0, 0, 0, 0, 0, 0, 1, 0, 0], [0, 0, 0, 0, 0, 0, 0, 0, 0, 0, 0, 0, 0, 0, 0, 0, 0, 0, 0, 0, 1, 0], [0, 0, 0, 0, 0, 0, 0, 0, 0, 0, 0, 0, 0, 0, 0, 0, 0, 0, 0, 0, 0, 1]]
[[1, 1, 0, 0, 0, 1, -1, 0, 0, -1, -1, -1, -1, 1, -1, 0, 0, 1, 0, 0, -1, 0], [2, 3, -1, 1, 1, 3, 1, -2, -2, 2, -1, -2, -3, 3, -2, -1, -1, 1, 2, 1, 1, -3], [1, 3, 1, 2, 3, 3, 1, -2, -3, 2, -3, -3, -6, 4, -4, 0, -1, 2, 1, 0, 1, -3], [-1, -8, -1, -6, -8, -7, -3, 4, 7, -5, 9, 8, 18, -10, 11, -1, 2, -6, -1, 1, -1, 6], [0, 0, 0, 1, 1, 0, 1, 0, 0, 1, 0, 0, -1, 0, 0, 0, 0, 0, 0, 0, 0, 0], [-2, 1, 2, 3, 4, 0, 2, 0, -2, 2, -3, -1, -6, 1, -3, 2, 0, 1, -2, -2, 1, 0], [-1, 4, 2, 4, 6, 2, 2, -1, -4, 2, -6, -4, -11, 4, -6, 1, -1, 3, -1, -2, 0, -2], [-1, 0, 1, 1, 2, -1, 1, 1, -1, 1, -1, 0, -2, 0, -1, 1, 0, 0, -1, -1, 1, 0], [0, 0, 0, 0, 0, 0, 0, 0, 1, 0, 0, 0, 0, 0, 0, 0, 0, 0, 0, 0, 0, 0], [1, 3, 0, 1, 3, 3, 0, -2, -3, 2, -3, -3, -5, 4, -4, 0, -1, 2, 1, 0, 1, -3], [3, 6, -1, 4, 4, 7, 2, -4, -5, 4, -4, -6, -11, 8, -7, -1, -2, 4, 3, 1, 1, -6], [1, -3, -2, -3, -6, -1, -1, 1, 4, -2, 5, 4, 9, -3, 5, -1, 1, -2, 1, 2, -1, 2], [-1, -1, 1, 0, 1, -2, 0, 1, 0, 0, 0, 1, 1, -2, 1, 0, 0, -1, -1, -1, 0, 1], [1, -1, -1, -1, -2, 0, 0, 0, 1, 0, 2, 1, 3, 0, 2, -1, 0, -1, 1, 1, 0, 0], [-1, -4, 0, -3, -3, -4, -1, 2, 3, -2, 4, 4, 8, -5, 6, 0, 1, -3, -1, 0, 0, 3], [0, -1, 0, -1, -1, -1, -1, 1, 1, -1, 1, 1, 2, -2, 2, 0, 0, -1, 0, 0, -1, 1], [1, 3, 0, 2, 3, 3, 1, -2, -3, 2, -3, -3, -6, 4, -4, 0, 0, 2, 1, 0, 1, -3], [0, -2, 0, -2, -1, -2, -1, 1, 1, -1, 2, 2, 4, -3, 3, -1, 0, -1, 0, 0, 0, 1], [0, 0, 0, 0, 0, 0, 0, 0, 0, 0, 0, 0, 0, 0, 0, 0, 0, 0, 1, 0, 0, 0], [-1, -4, 0, -3, -3, -4, -1, 2, 3, -2, 4, 4, 8, -5, 5, 0, 1, -3, -1, 1, 0, 3], [-1, -3, 0, -2, -3, -3, -1, 2, 3, -2, 3, 3, 6, -4, 4, 0, 1, -2, -1, 0, 0, 3], [1, 3, 0, 2, 3, 3, 1, -2, -3, 2, -3, -3, -6, 4, -4, 0, -1, 2, 1, 0, 1, -2]]
[[1, 1, 0, 0, 0, 0, 0, 0, 0, 0, 0, 0, 1, 0, 0, 0, 0, 0, 0, 0, 0, 0], [0, -1, 0, 1, -2, 0, 0, 1, 2, -1, 1, 0, 0, 0, 0, 1, 1, 0, 0, 0, -1, 1], [0, 0, 1, 1, 0, 1, 0, 0, 0, 0, -1, -1, -3, 1, -2, 1, 0, 1, 0, 0, 0, 0], [0, -2, -2, -3, -2, -3, -1, 1, 1, -1, 4, 3, 8, -4, 6, -3, 0, -3, 0, 0, 0, 0], [0, 0, 0, 0, 1, 0, 0, 0, 0, 0, 0, 0, 0, 0, 0, 0, 0, 0, 0, 0, 0, 0], [-1, 0, 2, 0, 4, 1, 0, -2, -3, 1, -3, -1, -4, 1, -2, 0, -1, 1, -1, -1, 1, -1], [-1, 1, 2, 1, 4, 1, 1, -2, -3, 1, -4, -2, -6, 2, -4, 1, -1, 2, -1, -1, 1, -1], [-1, 0, 2, 0, 4, 0, 0, -1, -3, 1, -3, -1, -4, 1, -2, 0, -1, 1, -1, -1, 1, -1], [0, 0, 0, 0, 0, 0, 0, 0, 1, 0, 0, 0, 0, 0, 0, 0, 0, 0, 0, 0, 0, 0], [0, 1, 0, 1, 0, 1, 0, 0, 0, 1, -1, -1, -2, 1, -2, 1, 0, 1, 0, 0, 0, 0], [1, 1, 0, 3, -2, 2, 1, 1, 2, 0, 1, -1, -2, 2, -2, 2, 1, 1, 1, 1, -1, 1], [1, 0, -2, 0, -4, 0, 0, 2, 3, -1, 3, 2, 4, -1, 2, 0, 1, -1, 1, 1, -1, 1], [0, 0, 0, -1, 2, 0, 0, -1, -2, 1, -1, 0, -1, 0, 0, -1, -1, 0, 0, 0, 1, -1], [1, 1, -2, 0, -2, 1, 0, 1, 1, 0, 1, 0, 0, 1, 0, 0, 0, 0, 1, 1, 0, 0], [-1, -2, 0, -2, 0, -2, -1, 0, 0, -1, 1, 1, 3, -2, 3, -1, 0, -1, -1, -1, 0, 0], [0, -1, 0, -1, 0, -1, 0, 0, 0, 0, 1, 1, 2, -1, 2, 0, 0, -1, 0, 0, 0, 0], [0, 1, 0, 1, 0, 1, 0, 0, 0, 0, -1, -1, -2, 1, -2, 1, 1, 1, 0, 0, 0, 0], [0, -1, 0, -1, 0, -1, 0, 0, 0, 0, 1, 1, 2, -1, 2, -1, 0, 0, 0, 0, 0, 0], [0, 0, 0, 0, 0, 0, 0, 0, 0, 0, 0, 0, 0, 0, 0, 0, 0, 0, 1, 0, 0, 0], [-1, -2, 0, -2, 0, -2, -1, 0, 0, -1, 1, 1, 3, -2, 2, -1, 0, -1, -1, 0, 0, 0], [0, -1, 0, -1, 0, -1, 0, 0, 0, 0, 1, 1, 2, -1, 2, -1, 0, -1, 0, 0, 1, 0], [0, 1, 0, 1, 0, 1, 0, 0, 0, 0, -1, -1, -2, 1, -2, 1, 0, 1, 0, 0, 0, 1]]
[[1, 0, 0, 0, 0, 0, 0, 0, 0, 0, 0, 0, 0, 0, 0, 0, 0, 0, 0, 0, 0, 0], [0, 1, 0, 0, 0, 0, 0, 0, 0, 0, 0, 0, 0, 0, 0, 0, 0, 0, 0, 0, 0, 0], [0, 0, 1, 0, 0, 0, 0, 0, 0, 0, 0, 0, 0, 0, 0, 0, 0, 0, 0, 0, 0, 0], [0, 0, 0, 1, 0, 0, 0, 0, 0, 0, 0, 0, 0, 0, 0, 0, 0, 0, 0, 0, 0, 0], [0, 0, 0, 0, 1, 0, 0, 0, 0, 0, 0, 0, 0, 0, 0, 0, 0, 0, 0, 0, 0, 0], [0, 0, 0, 0, 0, 1, 0, 0, 0, 0, 0, 0, 0, 0, 0, 0, 0, 0, 0, 0, 0, 0], [0, 0, 0, 0, 0, 0, 1, 0, 0, 0, 0, 0, 0, 0, 0, 0, 0, 0, 0, 0, 0, 0], [0, 0, 0, 0, 0, 0, 0, 1, 0, 0, 0, 0, 0, 0, 0, 0, 0, 0, 0, 0, 0, 0], [0, 0, 0, 0, 0, 0, 0, 0, 1, 0, 0, 0, 0, 0, 0, 0, 0, 0, 0, 0, 0, 0], [0, 0, 0, 0, 0, 0, 0, 0, 0, 1, 0, 0, 0, 0, 0, 0, 0, 0, 0, 0, 0, 0], [0, 0, 0, 0, 0, 0, 0, 0, 0, 0, 1, 0, 0, 0, 0, 0, 0, 0, 0, 0, 0, 0], [0, 0, 0, 0, 0, 0, 0, 0, 0, 0, 0, 1, 0, 0, 0, 0, 0, 0, 0, 0, 0, 0], [0, 0, 0, 0, 0, 0, 0, 0, 0, 0, 0, 0, 1, 0, 0, 0, 0, 0, 0, 0, 0, 0], [0, 0, 0, 0, 0, 0, 0, 0, 0, 0, 0, 0, 0, 1, 0, 0, 0, 0, 0, 0, 0, 0], [0, 0, 0, 0, 0, 0, 0, 0, 0, 0, 0, 0, 0, 0, 1, 0, 0, 0, 0, 0, 0, 0], [0, 0, 0, 0, 0, 0, 0, 0, 0, 0, 0, 0, 0, 0, 0, 1, 0, 0, 0, 0, 0, 0], [0, 0, 0, 0, 0, 0, 0, 0, 0, 0, 0, 0, 0, 0, 0, 0, 1, 0, 0, 0, 0, 0], [0, 0, 0, 0, 0, 0, 0, 0, 0, 0, 0, 0, 0, 0, 0, 0, 0, 1, 0, 0, 0, 0], [0, 0, 0, 0, 0, 0, 0, 0, 0, 0, 0, 0, 0, 0, 0, 0, 0, 0, 1, 0, 0, 0], [0, 0, 0, 0, 0, 0, 0, 0, 0, 0, 0, 0, 0, 0, 0, 0, 0, 0, 0, 1, 0, 0], [0, 0, 0, 0, 0, 0, 0, 0, 0, 0, 0, 0, 0, 0, 0, 0, 0, 0, 0, 0, 1, 0], [0, 0, 0, 0, 0, 0, 0, 0, 0, 0, 0, 0, 0, 0, 0, 0, 0, 0, 0, 0, 0, 1]]
[[1, 0, 0, 0, 0, 0, 0, 0, 0, 0, 0, 0, 0, 0, 0, 0, 0, 0, 0, 0, 0, 0], [0, 1, 0, 0, 0, 0, 0, 0, 0, 0, 0, 0, 0, 0, 0, 0, 0, 0, 0, 0, 0, 0], [0, 0, 1, 0, 0, 0, 0, 0, 0, 0, 0, 0, 0, 0, 0, 0, 0, 0, 0, 0, 0, 0], [0, 0, 0, 1, 0, 0, 0, 0, 0, 0, 0, 0, 0, 0, 0, 0, 0, 0, 0, 0, 0, 0], [0, 0, 0, 0, 1, 0, 0, 0, 0, 0, 0, 0, 0, 0, 0, 0, 0, 0, 0, 0, 0, 0], [0, 0, 0, 0, 0, 1, 0, 0, 0, 0, 0, 0, 0, 0, 0, 0, 0, 0, 0, 0, 0, 0], [0, 0, 0, 0, 0, 0, 1, 0, 0, 0, 0, 0, 0, 0, 0, 0, 0, 0, 0, 0, 0, 0], [0, 0, 0, 0, 0, 0, 0, 1, 0, 0, 0, 0, 0, 0, 0, 0, 0, 0, 0, 0, 0, 0], [0, 0, 0, 0, 0, 0, 0, 0, 1, 0, 0, 0, 0, 0, 0, 0, 0, 0, 0, 0, 0, 0], [0, 0, 0, 0, 0, 0, 0, 0, 0, 1, 0, 0, 0, 0, 0, 0, 0, 0, 0, 0, 0, 0], [0, 0, 0, 0, 0, 0, 0, 0, 0, 0, 1, 0, 0, 0, 0, 0, 0, 0, 0, 0, 0, 0], [0, 0, 0, 0, 0, 0, 0, 0, 0, 0, 0, 1, 0, 0, 0, 0, 0, 0, 0, 0, 0, 0], [0, 0, 0, 0, 0, 0, 0, 0, 0, 0, 0, 0, 1, 0, 0, 0, 0, 0, 0, 0, 0, 0], [0, 0, 0, 0, 0, 0, 0, 0, 0, 0, 0, 0, 0, 1, 0, 0, 0, 0, 0, 0, 0, 0], [0, 0, 0, 0, 0, 0, 0, 0, 0, 0, 0, 0, 0, 0, 1, 0, 0, 0, 0, 0, 0, 0], [0, 0, 0, 0, 0, 0, 0, 0, 0, 0, 0, 0, 0, 0, 0, 1, 0, 0, 0, 0, 0, 0], [0, 0, 0, 0, 0, 0, 0, 0, 0, 0, 0, 0, 0, 0, 0, 0, 1, 0, 0, 0, 0, 0], [0, 0, 0, 0, 0, 0, 0, 0, 0, 0, 0, 0, 0, 0, 0, 0, 0, 1, 0, 0, 0, 0], [0, 0, 0, 0, 0, 0, 0, 0, 0, 0, 0, 0, 0, 0, 0, 0, 0, 0, 1, 0, 0, 0], [0, 0, 0, 0, 0, 0, 0, 0, 0, 0, 0, 0, 0, 0, 0, 0, 0, 0, 0, 1, 0, 0], [0, 0, 0, 0, 0, 0, 0, 0, 0, 0, 0, 0, 0, 0, 0, 0, 0, 0, 0, 0, 1, 0], [0, 0, 0, 0, 0, 0, 0, 0, 0, 0, 0, 0, 0, 0, 0, 0, 0, 0, 0, 0, 0, 1]]
[[0, 0, 0, 0, 0, 0, 0, 0, 0, 0, -1, 0, -1, 0, 0, 0, 0, 1, -1, -1, -1, 0], [0, 2, 0, 0, 1, 0, 0, 0, -1, 0, -2, -1, -2, 1, -1, -1, -1, 1, 0, -1, -1, -1], [1, 2, -1, 0, 0, 1, 1, 0, -1, 1, -1, -1, -2, 3, -1, -1, -1, 1, 1, 0, 0, -2], [-1, -3, 2, -1, -3, -1, -3, -1, 3, -4, 1, 2, 5, -5, 2, 3, 3, -2, -1, 1, -1, 5], [0, 0, 0, 1, 2, 0, 1, 0, -1, 2, 1, 0, 0, 0, 0, -1, -1, 0, 0, 0, 1, -1], [2, 1, -2, 1, 0, 2, 2, 0, -1, 3, 3, 0, 1, 2, 0, -1, -1, -1, 2, 2, 3, -2], [1, 1, -2, 1, 0, 1, 3, 0, -1, 3, 2, 0, 0, 2, 0, -1, -1, 0, 1, 1, 2, -2], [1, 0, -2, -1, -3, 1, 0, 0, 1, 0, 2, 1, 3, 0, 1, 1, 1, -1, 1, 2, 1, 1], [0, 0, 0, 1, 1, 0, 1, 0, 0, 2, 1, 0, 0, 0, 0, -1, -1, 0, 0, 0, 1, -1], [0, 1, 0, 0, 1, 0, 0, 1, 0, 0, -2, -1, -3, 2, -1, 0, 0, 1, 0, -1, -1, -1], [0, 3, 0, 1, 4, 0, 1, 1, -3, 1, -4, -3, -7, 4, -3, -3, -3, 3, 0, -3, -2, -4], [-1, -1, 2, 0, 1, -1, -1, 0, 0, -1, -1, 1, 0, -2, 0, 0, 0, 0, -1, -1, -1, 1], [0, -1, 0, 0, -1, 0, 0, 0, 1, 0, 2, 1, 3, -1, 1, 1, 1, -1, 0, 1, 1, 1], [-1, -1, 2, 0, 1, -1, -1, 0, 0, -1, -1, 0, 0, -1, 0, 0, 0, 0, -1, -1, -1, 1], [1, -1, 0, -1, -2, 0, -1, -1, 1, -1, 2, 1, 4, -2, 2, 1, 1, -2, 1, 2, 1, 2], [0, 0, 0, 0, 0, 0, 0, 0, 0, 0, 0, 0, 0, 0, 0, 1, 0, 0, 0, 0, 0, 0], [0, 1, 0, 0, 1, 0, 0, 0, -1, 0, -2, -1, -2, 1, -1, -1, 0, 1, 0, -1, -1, -1], [1, 0, 0, 0, 0, 0, 0, 0, 0, 0, 1, 0, 1, 0, 0, 0, 0, 0, 1, 1, 1, 0], [0, 0, 0, 1, 1, 0, 1, 1, 0, 1, 1, 0, -1, 1, 0, 0, 0, 0, 1, 0, 1, -1], [0, -1, 0, -1, -2, 0, -1, -1, 1, -1, 1, 1, 3, -2, 1, 1, 1, -1, 0, 2, 0, 2], [0, -1, 0, -1, -2, 0, -1, -1, 1, -1, 1, 1, 3, -2, 1, 1, 1, -1, 0, 1, 1, 2], [0, 1, 0, 1, 2, 0, 1, 1, -1, 1, -1, -1, -3, 2, -1, -1, -1, 1, 0, -1, 0, -1]]
[[1, 0, 0, 0, 0, 0, 0, 0, 0, 0, 0, 0, 0, 0, 0, 0, 0, 0, 0, 0, 0, 0], [0, 1, 0, 0, 0, 0, 0, 0, 0, 0, 0, 0, 0, 0, 0, 0, 0, 0, 0, 0, 0, 0], [0, 0, 1, 0, 0, 0, 0, 0, 0, 0, 0, 0, 0, 0, 0, 0, 0, 0, 0, 0, 0, 0], [0, 0, 0, 1, 0, 0, 0, 0, 0, 0, 0, 0, 0, 0, 0, 0, 0, 0, 0, 0, 0, 0], [0, 0, 0, 0, 1, 0, 0, 0, 0, 0, 0, 0, 0, 0, 0, 0, 0, 0, 0, 0, 0, 0], [0, 0, 0, 0, 0, 1, 0, 0, 0, 0, 0, 0, 0, 0, 0, 0, 0, 0, 0, 0, 0, 0], [0, 0, 0, 0, 0, 0, 1, 0, 0, 0, 0, 0, 0, 0, 0, 0, 0, 0, 0, 0, 0, 0], [0, 0, 0, 0, 0, 0, 0, 1, 0, 0, 0, 0, 0, 0, 0, 0, 0, 0, 0, 0, 0, 0], [0, 0, 0, 0, 0, 0, 0, 0, 1, 0, 0, 0, 0, 0, 0, 0, 0, 0, 0, 0, 0, 0], [0, 0, 0, 0, 0, 0, 0, 0, 0, 1, 0, 0, 0, 0, 0, 0, 0, 0, 0, 0, 0, 0], [0, 0, 0, 0, 0, 0, 0, 0, 0, 0, 1, 0, 0, 0, 0, 0, 0, 0, 0, 0, 0, 0], [0, 0, 0, 0, 0, 0, 0, 0, 0, 0, 0, 1, 0, 0, 0, 0, 0, 0, 0, 0, 0, 0], [0, 0, 0, 0, 0, 0, 0, 0, 0, 0, 0, 0, 1, 0, 0, 0, 0, 0, 0, 0, 0, 0], [0, 0, 0, 0, 0, 0, 0, 0, 0, 0, 0, 0, 0, 1, 0, 0, 0, 0, 0, 0, 0, 0], [0, 0, 0, 0, 0, 0, 0, 0, 0, 0, 0, 0, 0, 0, 1, 0, 0, 0, 0, 0, 0, 0], [0, 0, 0, 0, 0, 0, 0, 0, 0, 0, 0, 0, 0, 0, 0, 1, 0, 0, 0, 0, 0, 0], [0, 0, 0, 0, 0, 0, 0, 0, 0, 0, 0, 0, 0, 0, 0, 0, 1, 0, 0, 0, 0, 0], [0, 0, 0, 0, 0, 0, 0, 0, 0, 0, 0, 0, 0, 0, 0, 0, 0, 1, 0, 0, 0, 0], [0, 0, 0, 0, 0, 0, 0, 0, 0, 0, 0, 0, 0, 0, 0, 0, 0, 0, 1, 0, 0, 0], [0, 0, 0, 0, 0, 0, 0, 0, 0, 0, 0, 0, 0, 0, 0, 0, 0, 0, 0, 1, 0, 0], [0, 0, 0, 0, 0, 0, 0, 0, 0, 0, 0, 0, 0, 0, 0, 0, 0, 0, 0, 0, 1, 0], [0, 0, 0, 0, 0, 0, 0, 0, 0, 0, 0, 0, 0, 0, 0, 0, 0, 0, 0, 0, 0, 1]]
[[1, 0, 0, 0, 0, 0, 0, 0, 0, 0, 0, 0, 0, 0, 0, 0, 0, 0, 0, 0, 0, 0], [0, 1, 0, 0, 0, 0, 0, 0, 0, 0, 0, 0, 0, 0, 0, 0, 0, 0, 0, 0, 0, 0], [0, 0, 1, 0, 0, 0, 0, 0, 0, 0, 0, 0, 0, 0, 0, 0, 0, 0, 0, 0, 0, 0], [0, 0, 0, 1, 0, 0, 0, 0, 0, 0, 0, 0, 0, 0, 0, 0, 0, 0, 0, 0, 0, 0], [0, 0, 0, 0, 1, 0, 0, 0, 0, 0, 0, 0, 0, 0, 0, 0, 0, 0, 0, 0, 0, 0], [0, 0, 0, 0, 0, 1, 0, 0, 0, 0, 0, 0, 0, 0, 0, 0, 0, 0, 0, 0, 0, 0], [0, 0, 0, 0, 0, 0, 1, 0, 0, 0, 0, 0, 0, 0, 0, 0, 0, 0, 0, 0, 0, 0], [0, 0, 0, 0, 0, 0, 0, 1, 0, 0, 0, 0, 0, 0, 0, 0, 0, 0, 0, 0, 0, 0], [0, 0, 0, 0, 0, 0, 0, 0, 1, 0, 0, 0, 0, 0, 0, 0, 0, 0, 0, 0, 0, 0], [0, 0, 0, 0, 0, 0, 0, 0, 0, 1, 0, 0, 0, 0, 0, 0, 0, 0, 0, 0, 0, 0], [0, 0, 0, 0, 0, 0, 0, 0, 0, 0, 1, 0, 0, 0, 0, 0, 0, 0, 0, 0, 0, 0], [0, 0, 0, 0, 0, 0, 0, 0, 0, 0, 0, 1, 0, 0, 0, 0, 0, 0, 0, 0, 0, 0], [0, 0, 0, 0, 0, 0, 0, 0, 0, 0, 0, 0, 1, 0, 0, 0, 0, 0, 0, 0, 0, 0], [0, 0, 0, 0, 0, 0, 0, 0, 0, 0, 0, 0, 0, 1, 0, 0, 0, 0, 0, 0, 0, 0], [0, 0, 0, 0, 0, 0, 0, 0, 0, 0, 0, 0, 0, 0, 1, 0, 0, 0, 0, 0, 0, 0], [0, 0, 0, 0, 0, 0, 0, 0, 0, 0, 0, 0, 0, 0, 0, 1, 0, 0, 0, 0, 0, 0], [0, 0, 0, 0, 0, 0, 0, 0, 0, 0, 0, 0, 0, 0, 0, 0, 1, 0, 0, 0, 0, 0], [0, 0, 0, 0, 0, 0, 0, 0, 0, 0, 0, 0, 0, 0, 0, 0, 0, 1, 0, 0, 0, 0], [0, 0, 0, 0, 0, 0, 0, 0, 0, 0, 0, 0, 0, 0, 0, 0, 0, 0, 1, 0, 0, 0], [0, 0, 0, 0, 0, 0, 0, 0, 0, 0, 0, 0, 0, 0, 0, 0, 0, 0, 0, 1, 0, 0], [0, 0, 0, 0, 0, 0, 0, 0, 0, 0, 0, 0, 0, 0, 0, 0, 0, 0, 0, 0, 1, 0], [0, 0, 0, 0, 0, 0, 0, 0, 0, 0, 0, 0, 0, 0, 0, 0, 0, 0, 0, 0, 0, 1]]
[[-2, 0, 2, 0, 1, -1, -1, 0, 0, -2, -3, -1, -2, -1, -2, 1, 0, 1, -2, -2, -2, 1], [1, 3, 0, 0, -1, 1, -1, 0, 0, -2, -3, -1, -2, 1, -2, 1, 0, 1, 0, 0, -2, 1], [1, 2, 1, 0, 0, 1, -1, -1, -1, -1, -3, -1, -2, 1, -2, 1, 0, 1, 0, 0, -1, 0], [0, -3, -2, -1, -1, -1, 1, 1, 1, 2, 5, 2, 4, -1, 4, -2, 0, -2, 1, 1, 2, -1], [0, 0, 0, 0, 1, 0, 0, 0, 0, 0, 0, 0, 0, 0, 0, 0, 0, 0, 0, 0, 0, 0], [1, -1, -1, 0, 2, 1, 1, -2, -2, 4, 3, 1, 2, 0, 2, -1, 0, -1, 1, 1, 4, -3], [0, 0, 0, 0, 2, 0, 1, -2, -2, 2, 0, 0, 0, 0, 0, 0, 0, 0, 0, 0, 2, -2], [1, -1, -1, 0, 2, 0, 1, -1, -2, 4, 3, 1, 2, 0, 2, -1, 0, -1, 1, 1, 4, -3], [0, 0, 0, 0, 0, 0, 0, 0, 1, 0, 0, 0, 0, 0, 0, 0, 0, 0, 0, 0, 0, 0], [-1, 1, 1, 0, -1, 0, -1, 1, 1, -2, -3, -1, -2, 0, -2, 1, 0, 1, -1, -1, -3, 2], [-1, 4, 2, 0, -2, 1, -3, 1, 1, -7, -8, -3, -6, 1, -6, 3, 0, 3, -2, -2, -7, 4], [0, 0, 0, 0, -2, 0, 0, 2, 2, -2, 0, 1, 0, 0, 0, 0, 0, 0, 0, 0, -2, 2], [1, -1, -1, 0, 1, 0, 1, -1, -1, 3, 3, 1, 2, 0, 3, -1, 0, -1, 1, 1, 3, -2], [0, 0, 0, 0, -1, 0, 0, 1, 1, -1, 0, 0, 0, 1, 0, 0, 0, 0, 0, 0, -1, 1], [1, -1, -1, 0, 1, 0, 1, -1, -1, 3, 3, 1, 3, 0, 2, -1, 0, -1, 1, 1, 3, -2], [0, 0, 0, 0, 0, 0, 0, 0, 0, 0, 0, 0, 0, 0, 0, 1, 0, 0, 0, 0, 0, 0], [-1, 1, 1, 0, 0, 0, -1, 0, 0, -2, -3, -1, -2, 0, -2, 1, 1, 1, -1, -1, -2, 1], [0, 0, 0, 0, 0, 0, 0, 0, 0, 0, 0, 0, 0, 0, 0, 0, 0, 1, 0, 0, 0, 0], [0, 0, 0, 0, -1, 0, 0, 1, 1, -1, 0, 0, 0, 0, 0, 0, 0, 0, 1, 0, -1, 1], [1, -1, -1, 0, 1, 0, 1, -1, -1, 3, 3, 1, 2, 0, 2, -1, 0, -1, 1, 2, 3, -2], [1, -1, -1, 0, 1, 0, 1, -1, -1, 3, 3, 1, 2, 0, 2, -1, 0, -1, 1, 1, 4, -2], [-1, 1, 1, 0, 0, 0, -1, 0, 0, -2, -3, -1, -2, 0, -2, 1, 0, 1, -1, -1, -2, 2]]

#################
# GALOIS GROUPS #
#################


Generators of the monodromy group on the generic Picard lattice:
[[1, 0, 0, 0, 0, 0, 0, 0, 0, 0, 0, 0, 0, 0, 0, 0], [0, 1, 0, 0, 0, 0, 0, 0, 0, 0, 0, 0, 0, 0, 0, 0], [0, 0, 1, 0, 0, 0, 0, 0, 0, 0, 0, 0, 0, 0, 0, 0], [0, 0, 0, 1, 0, 0, 0, 0, 0, 0, 0, 0, 0, 0, 0, 0], [0, 0, 0, 0, 1, 0, 0, 0, 0, 0, 0, 0, 0, 0, 0, 0], [0, 0, 0, 0, 0, 1, 0, 0, 0, 0, 0, 0, 0, 0, 0, 0], [0, 0, 0, 0, 0, 0, 1, 0, 0, 0, 0, 0, 0, 0, 0, 0], [0, 0, 0, 0, 0, 0, 0, 1, 0, 0, 0, 0, 0, 0, 0, 0], [0, 0, 0, 0, 0, 0, 0, 0, 1, 0, 0, 0, 0, 0, 0, 0], [0, 0, 0, 0, 0, 0, 0, 0, 0, 1, 0, 0, 0, 0, 0, 0], [0, 0, 0, 0, 0, 0, 0, 0, 0, 0, 1, 0, 0, 0, 0, 0], [0, 0, 0, 0, 0, 0, 0, 0, 0, 0, 0, 1, 0, 0, 0, 0], [0, 0, 0, 0, 0, 0, 0, 0, 0, 0, 0, 0, 1, 0, 0, 0], [0, 0, 0, 0, 0, 0, 0, 0, 0, 0, 0, 0, 0, 1, 0, 0], [0, 0, 0, 0, 0, 0, 0, 0, 0, 0, 0, 0, 0, 0, 1, 0], [0, 0, 0, 0, 0, 0, 0, 0, 0, 0, 0, 0, 0, 0, 0, 1]]
[[1, 0, 0, 0, 0, 0, 0, 0, 0, 0, 0, 0, 0, 0, 0, 0], [0, 1, 0, 0, 0, 0, 0, 0, 0, 0, 0, 0, 0, 0, 0, 0], [0, 0, 1, 0, 0, 0, 0, 0, 0, 0, 0, 0, 0, 0, 0, 0], [0, 0, 0, 1, 0, 0, 0, 0, 0, 0, 0, 0, 0, 0, 0, 0], [0, 0, 0, 0, 1, 0, 0, 0, 0, 0, 0, 0, 0, 0, 0, 0], [0, 0, 0, 0, 0, 1, 0, 0, 0, 0, 0, 0, 0, 0, 0, 0], [0, 0, 0, 0, 0, 0, 1, 0, 0, 0, 0, 0, 0, 0, 0, 0], [0, 0, 0, 0, 0, 0, 0, 1, 0, 0, 0, 0, 0, 0, 0, 0], [0, 0, 0, 0, 0, 0, 0, 0, 1, 0, 0, 0, 0, 0, 0, 0], [0, 0, 0, 0, 0, 0, 0, 0, 0, 1, 0, 0, 0, 0, 0, 0], [0, 0, 0, 0, 0, 0, 0, 0, 0, 0, 1, 0, 0, 0, 0, 0], [0, 0, 0, 0, 0, 0, 0, 0, 0, 0, 0, 1, 0, 0, 0, 0], [0, 0, 0, 0, 0, 0, 0, 0, 0, 0, 0, 0, 1, 0, 0, 0], [0, 0, 0, 0, 0, 0, 0, 0, 0, 0, 0, 0, 0, 1, 0, 0], [0, 0, 0, 0, 0, 0, 0, 0, 0, 0, 0, 0, 0, 0, 1, 0], [0, 0, 0, 0, 0, 0, 0, 0, 0, 0, 0, 0, 0, 0, 0, 1]]
[[0, -1, -1, 0, -1, 0, 1, 1, 1, 1, 1, 0, 0, 1, 0, 0], [0, 1, 1, 2, 0, 0, 0, -2, -1, 0, -1, -1, -2, 0, 0, 1], [1, 1, 2, 2, 0, 0, -1, -3, -1, -1, -1, -1, -1, -1, 1, 1], [0, 0, -1, -1, 0, 0, 0, 2, 1, 0, 1, 1, 2, 0, 0, -1], [-1, -1, 0, 0, 1, 0, 1, 1, 0, 1, 0, 0, -1, 1, -1, 0], [1, 1, 1, 0, 1, 1, -1, -1, -1, -1, -1, 0, 0, -1, 0, 0], [0, 0, 0, 0, 0, 0, 1, 0, 0, 0, 0, 0, 0, 0, 0, 0], [1, 1, 0, 0, 0, 0, -1, 0, 0, -1, 0, 0, 1, -1, 1, 0], [-1, -1, 0, 0, 0, 0, 1, 1, 1, 1, 0, 0, -1, 1, -1, 0], [1, 1, 1, 1, 0, 0, -1, -2, -1, -1, -1, -1, -1, 0, 0, 1], [-1, -1, 1, 2, 0, 0, 1, -1, -1, 1, 0, -1, -3, 1, -1, 1], [-1, -1, -1, 0, -1, 0, 1, 1, 1, 1, 1, 1, 0, 1, 0, 0], [1, 1, 1, 0, 1, 0, -1, -1, -1, -1, -1, 0, 1, -1, 0, 0], [1, 1, 1, 1, 1, 0, -1, -2, -1, 0, -1, 0, 0, -1, 1, 0], [1, 1, 1, 0, 1, 0, -1, -1, -1, -1, -1, 0, 0, -1, 1, 0], [0, 0, 1, 0, 1, 0, 0, 0, -1, 0, -1, 0, -1, 0, -1, 1]]
[[1, 0, 0, 0, 0, 0, 0, 0, 0, 0, 0, 0, 0, 0, 0, 0], [0, 1, 0, 0, 0, 0, 0, 0, 0, 0, 0, 0, 0, 0, 0, 0], [0, 0, 1, 0, 0, 0, 0, 0, 0, 0, 0, 0, 0, 0, 0, 0], [0, 0, 0, 1, 0, 0, 0, 0, 0, 0, 0, 0, 0, 0, 0, 0], [0, 0, 0, 0, 1, 0, 0, 0, 0, 0, 0, 0, 0, 0, 0, 0], [0, 0, 0, 0, 0, 1, 0, 0, 0, 0, 0, 0, 0, 0, 0, 0], [0, 0, 0, 0, 0, 0, 1, 0, 0, 0, 0, 0, 0, 0, 0, 0], [0, 0, 0, 0, 0, 0, 0, 1, 0, 0, 0, 0, 0, 0, 0, 0], [0, 0, 0, 0, 0, 0, 0, 0, 1, 0, 0, 0, 0, 0, 0, 0], [0, 0, 0, 0, 0, 0, 0, 0, 0, 1, 0, 0, 0, 0, 0, 0], [0, 0, 0, 0, 0, 0, 0, 0, 0, 0, 1, 0, 0, 0, 0, 0], [0, 0, 0, 0, 0, 0, 0, 0, 0, 0, 0, 1, 0, 0, 0, 0], [0, 0, 0, 0, 0, 0, 0, 0, 0, 0, 0, 0, 1, 0, 0, 0], [0, 0, 0, 0, 0, 0, 0, 0, 0, 0, 0, 0, 0, 1, 0, 0], [0, 0, 0, 0, 0, 0, 0, 0, 0, 0, 0, 0, 0, 0, 1, 0], [0, 0, 0, 0, 0, 0, 0, 0, 0, 0, 0, 0, 0, 0, 0, 1]]
[[1, 0, 0, 0, 0, 0, 0, 0, 0, 0, 0, 0, 0, 0, 0, 0], [0, 1, 0, 0, 0, 0, 0, 0, 0, 0, 0, 0, 0, 0, 0, 0], [0, 0, 1, 0, 0, 0, 0, 0, 0, 0, 0, 0, 0, 0, 0, 0], [0, 0, 0, 1, 0, 0, 0, 0, 0, 0, 0, 0, 0, 0, 0, 0], [0, 0, 0, 0, 1, 0, 0, 0, 0, 0, 0, 0, 0, 0, 0, 0], [0, 0, 0, 0, 0, 1, 0, 0, 0, 0, 0, 0, 0, 0, 0, 0], [0, 0, 0, 0, 0, 0, 1, 0, 0, 0, 0, 0, 0, 0, 0, 0], [0, 0, 0, 0, 0, 0, 0, 1, 0, 0, 0, 0, 0, 0, 0, 0], [0, 0, 0, 0, 0, 0, 0, 0, 1, 0, 0, 0, 0, 0, 0, 0], [0, 0, 0, 0, 0, 0, 0, 0, 0, 1, 0, 0, 0, 0, 0, 0], [0, 0, 0, 0, 0, 0, 0, 0, 0, 0, 1, 0, 0, 0, 0, 0], [0, 0, 0, 0, 0, 0, 0, 0, 0, 0, 0, 1, 0, 0, 0, 0], [0, 0, 0, 0, 0, 0, 0, 0, 0, 0, 0, 0, 1, 0, 0, 0], [0, 0, 0, 0, 0, 0, 0, 0, 0, 0, 0, 0, 0, 1, 0, 0], [0, 0, 0, 0, 0, 0, 0, 0, 0, 0, 0, 0, 0, 0, 1, 0], [0, 0, 0, 0, 0, 0, 0, 0, 0, 0, 0, 0, 0, 0, 0, 1]]
[[0, -1, 1, 0, 0, 0, 0, 0, 0, 0, 0, 0, 0, 0, -1, 0], [1, 2, 1, 2, 1, 1, 0, -1, -1, 0, -1, -1, -2, 1, -1, 1], [2, 2, 1, 2, 0, 0, -1, -2, -1, -1, -1, -1, -1, 0, 1, 1], [-2, -2, -3, -3, -1, -1, 1, 3, 2, 1, 2, 1, 2, 0, 1, -2], [-1, -1, 1, 0, 1, 0, 0, 0, 0, 0, 0, 0, 0, 0, -1, 0], [-1, -1, -2, -2, -2, -1, -1, 0, 1, -1, 1, 0, 2, -1, 2, -1], [-1, -1, 0, 0, -1, -1, 0, -1, 0, -1, 0, -1, 0, 0, 0, 0], [-1, -1, -2, -2, -2, -2, -1, 1, 1, -1, 1, 0, 2, -1, 2, -1], [-1, -1, 0, 0, 1, 1, 1, 1, 1, 1, 0, -1, -2, 2, -2, 0], [2, 2, 1, 2, 1, 1, 0, -1, -1, 1, -1, 0, -1, 0, 0, 1], [2, 2, 4, 4, 2, 2, 0, -2, -2, 0, -1, 0, -2, 0, -2, 2], [0, 0, 0, 0, 1, 1, 1, 1, 0, 1, 0, 1, -1, 1, -1, 0], [-1, -1, -2, -2, -1, -1, 0, 1, 1, 0, 1, 0, 2, 0, 1, -1], [1, 1, 0, 0, 0, 0, 0, 0, 0, 0, 0, 1, 1, 0, 1, 0], [0, 0, 0, 0, -1, -1, -1, -1, 0, -1, 0, 0, 1, -1, 2, 0], [-1, -1, 1, 0, 0, 0, 0, 0, 0, 0, 0, 0, 0, 0, -1, 1]]
[[1, 0, 1, 0, 0, 0, -1, -1, -1, -1, 0, 0, 1, -1, 0, 0], [-1, -1, 1, 0, 0, 0, 1, 1, 1, 0, 1, 0, 0, 0, -1, 0], [0, 0, 1, 0, 0, 0, 0, 0, 0, 0, 0, 0, 0, 0, 0, 0], [0, 0, -1, 0, -1, 0, 0, 0, 0, 0, 0, 1, 0, 0, 1, 0], [0, 0, 0, 0, 1, 0, 0, 0, 0, 0, 0, 0, 0, 0, 0, 0], [2, 3, -2, 0, -1, 0, -1, -1, -1, 0, -1, 1, 1, 0, 3, 0], [1, 3, -1, 0, 1, 1, -1, -2, -2, 0, -2, -1, -1, 0, 0, 0], [1, 2, -2, -1, -1, 0, -1, 0, -1, 0, -1, 1, 0, 0, 2, 0], [0, 0, 1, 0, 0, 0, -1, -1, 0, -1, 0, 0, 1, -1, 0, 0], [-1, -2, 1, 0, 0, 0, 1, 1, 1, 1, 1, 0, 0, 0, -1, 0], [-1, -3, 2, 1, 0, -1, 2, 2, 2, 0, 3, 0, 1, 0, -1, 0], [-1, -2, 2, 1, 1, 0, 1, 1, 1, 0, 1, 0, 0, 0, -2, 0], [0, 1, -2, -1, 0, 1, 0, 0, 0, 1, -1, 0, -1, 1, 0, 0], [-1, -2, 1, 0, 0, 0, 1, 1, 1, 0, 1, 0, 0, 1, -1, 0], [1, 2, -1, 0, 0, 0, -1, -1, -1, 0, -1, 0, 0, 0, 2, 0], [0, 1, -1, 0, 1, 1, 0, 0, 0, 1, -1, -1, -2, 1, -1, 1]]
[[1, 0, 0, 0, 0, 0, 0, 0, 0, 0, 0, 0, 0, 0, 0, 0], [0, 1, 0, 0, 0, 0, 0, 0, 0, 0, 0, 0, 0, 0, 0, 0], [0, 0, 1, 0, 0, 0, 0, 0, 0, 0, 0, 0, 0, 0, 0, 0], [0, 0, 0, 1, 0, 0, 0, 0, 0, 0, 0, 0, 0, 0, 0, 0], [0, 0, 0, 0, 1, 0, 0, 0, 0, 0, 0, 0, 0, 0, 0, 0], [0, 0, 0, 0, 0, 1, 0, 0, 0, 0, 0, 0, 0, 0, 0, 0], [0, 0, 0, 0, 0, 0, 1, 0, 0, 0, 0, 0, 0, 0, 0, 0], [0, 0, 0, 0, 0, 0, 0, 1, 0, 0, 0, 0, 0, 0, 0, 0], [0, 0, 0, 0, 0, 0, 0, 0, 1, 0, 0, 0, 0, 0, 0, 0], [0, 0, 0, 0, 0, 0, 0, 0, 0, 1, 0, 0, 0, 0, 0, 0], [0, 0, 0, 0, 0, 0, 0, 0, 0, 0, 1, 0, 0, 0, 0, 0], [0, 0, 0, 0, 0, 0, 0, 0, 0, 0, 0, 1, 0, 0, 0, 0], [0, 0, 0, 0, 0, 0, 0, 0, 0, 0, 0, 0, 1, 0, 0, 0], [0, 0, 0, 0, 0, 0, 0, 0, 0, 0, 0, 0, 0, 1, 0, 0], [0, 0, 0, 0, 0, 0, 0, 0, 0, 0, 0, 0, 0, 0, 1, 0], [0, 0, 0, 0, 0, 0, 0, 0, 0, 0, 0, 0, 0, 0, 0, 1]]
[[1, 2, 1, 1, 0, 0, -1, -3, -2, -1, -2, -1, -1, -1, 0, 1], [0, 1, 0, 0, 0, 0, 0, 1, 0, 0, 0, 0, 0, 0, -1, 0], [0, 0, 1, 0, 0, 0, 0, 0, 0, 0, 0, 0, 0, 0, 0, 0], [-1, -2, -2, -1, -1, 0, 1, 2, 2, 1, 2, 1, 1, 1, 1, -1], [-1, 0, -1, -1, 0, 0, 0, 1, 0, 0, 0, 0, 0, 0, -1, 0], [0, -2, 0, -1, -1, 0, 0, 0, 1, 0, 2, 2, 3, -1, 3, -1], [-1, -2, -1, -2, -2, -1, 1, 1, 1, 0, 2, 2, 3, -1, 2, -1], [0, -2, 0, -1, -1, -1, 0, 0, 1, 0, 2, 2, 3, -1, 4, -1], [-1, 0, -1, -1, -1, 0, 0, 1, 1, 0, 0, 0, 0, 0, -1, 0], [1, 2, 1, 2, 2, 1, 0, -1, -1, 1, -2, -2, -3, 1, -2, 1], [1, 4, 2, 3, 2, 1, -1, -2, -3, -1, -3, -3, -4, 0, -4, 2], [0, 2, 0, 1, 1, 1, 0, 0, -1, 0, -2, -1, -3, 1, -3, 1], [-1, -2, -2, -2, -1, 0, 1, 2, 2, 1, 2, 1, 2, 1, 1, -1], [0, 0, 0, 0, 0, 0, 0, 1, 0, 0, 0, 0, 0, 1, -1, 0], [0, -2, 0, -1, -1, -1, 0, 1, 1, 0, 2, 2, 3, -1, 3, -1], [0, 0, 0, 0, 0, 0, 0, 0, 0, 0, 0, 0, 0, 0, 0, 1]]
[[1, 0, 0, 0, 0, 0, 0, 0, 0, 0, 0, 0, 0, 0, 0, 0], [0, 1, 0, 0, 0, 0, 0, 0, 0, 0, 0, 0, 0, 0, 0, 0], [0, 0, 1, 0, 0, 0, 0, 0, 0, 0, 0, 0, 0, 0, 0, 0], [0, 0, 0, 1, 0, 0, 0, 0, 0, 0, 0, 0, 0, 0, 0, 0], [0, 0, 0, 0, 1, 0, 0, 0, 0, 0, 0, 0, 0, 0, 0, 0], [0, 0, 0, 0, 0, 1, 0, 0, 0, 0, 0, 0, 0, 0, 0, 0], [0, 0, 0, 0, 0, 0, 1, 0, 0, 0, 0, 0, 0, 0, 0, 0], [0, 0, 0, 0, 0, 0, 0, 1, 0, 0, 0, 0, 0, 0, 0, 0], [0, 0, 0, 0, 0, 0, 0, 0, 1, 0, 0, 0, 0, 0, 0, 0], [0, 0, 0, 0, 0, 0, 0, 0, 0, 1, 0, 0, 0, 0, 0, 0], [0, 0, 0, 0, 0, 0, 0, 0, 0, 0, 1, 0, 0, 0, 0, 0], [0, 0, 0, 0, 0, 0, 0, 0, 0, 0, 0, 1, 0, 0, 0, 0], [0, 0, 0, 0, 0, 0, 0, 0, 0, 0, 0, 0, 1, 0, 0, 0], [0, 0, 0, 0, 0, 0, 0, 0, 0, 0, 0, 0, 0, 1, 0, 0], [0, 0, 0, 0, 0, 0, 0, 0, 0, 0, 0, 0, 0, 0, 1, 0], [0, 0, 0, 0, 0, 0, 0, 0, 0, 0, 0, 0, 0, 0, 0, 1]]
[[1, 1, 1, 1, 1, 0, -1, -2, -2, -1, -1, -1, -1, 0, 1, 0], [0, -1, 1, -1, 0, 0, -1, -2, -1, -1, -1, -1, 0, 0, 0, 0], [2, 1, 1, 0, 1, 0, -2, -3, -2, -1, -2, -1, 0, -1, 1, 0], [0, 1, 0, 1, 0, 1, 1, 1, 1, 1, 0, 1, -1, 0, -1, 1], [-2, -1, -1, -1, -1, 0, 1, 2, 1, 0, 1, 0, 0, 1, -2, 0], [1, 1, -1, 1, -1, 0, 1, 2, 1, 1, 1, 2, 1, 0, 0, 1], [1, 0, 0, 1, 0, 0, 0, 1, 0, 0, 1, 1, 1, 0, 0, 0], [2, 2, 1, 2, 1, 0, 0, -1, -1, 0, -1, 1, 0, -1, 0, 1], [0, 0, 0, 0, 0, 1, 0, 0, 0, 0, 0, -1, -1, 1, -1, 0], [0, 0, 1, 0, 2, 0, -1, -2, -1, 0, -2, -2, -2, 0, 0, 0], [-2, -2, 0, -3, 0, -1, -1, -1, -1, -1, -1, -2, 0, 1, 0, -1], [-2, -1, -1, -2, -1, 1, 0, 0, 1, 0, 0, -1, -1, 1, -1, 0], [1, 1, 1, 2, 0, 0, 0, 0, 0, 0, 0, 1, 0, -1, 0, 1], [0, 0, 0, -1, -1, 0, -1, -1, 0, -1, 0, 0, 1, -1, 1, 0], [0, 0, -1, 0, 0, 0, 1, 2, 1, 1, 1, 1, 1, 0, -1, 0], [-1, -1, 1, 0, 1, -1, 0, 1, 0, 0, 0, 0, 0, 0, -1, 0]]
[[1, 0, 0, 0, 0, 0, 0, 0, 0, 0, 0, 0, 0, 0, 0, 0], [0, 1, 0, 0, 0, 0, 0, 0, 0, 0, 0, 0, 0, 0, 0, 0], [0, 0, 1, 0, 0, 0, 0, 0, 0, 0, 0, 0, 0, 0, 0, 0], [0, 0, 0, 1, 0, 0, 0, 0, 0, 0, 0, 0, 0, 0, 0, 0], [0, 0, 0, 0, 1, 0, 0, 0, 0, 0, 0, 0, 0, 0, 0, 0], [0, 0, 0, 0, 0, 1, 0, 0, 0, 0, 0, 0, 0, 0, 0, 0], [0, 0, 0, 0, 0, 0, 1, 0, 0, 0, 0, 0, 0, 0, 0, 0], [0, 0, 0, 0, 0, 0, 0, 1, 0, 0, 0, 0, 0, 0, 0, 0], [0, 0, 0, 0, 0, 0, 0, 0, 1, 0, 0, 0, 0, 0, 0, 0], [0, 0, 0, 0, 0, 0, 0, 0, 0, 1, 0, 0, 0, 0, 0, 0], [0, 0, 0, 0, 0, 0, 0, 0, 0, 0, 1, 0, 0, 0, 0, 0], [0, 0, 0, 0, 0, 0, 0, 0, 0, 0, 0, 1, 0, 0, 0, 0], [0, 0, 0, 0, 0, 0, 0, 0, 0, 0, 0, 0, 1, 0, 0, 0], [0, 0, 0, 0, 0, 0, 0, 0, 0, 0, 0, 0, 0, 1, 0, 0], [0, 0, 0, 0, 0, 0, 0, 0, 0, 0, 0, 0, 0, 0, 1, 0], [0, 0, 0, 0, 0, 0, 0, 0, 0, 0, 0, 0, 0, 0, 0, 1]]
[[1, 0, 0, 0, 0, 0, 0, 0, 0, 0, 0, 0, 0, 0, 0, 0], [0, 1, 0, 0, 0, 0, 0, 0, 0, 0, 0, 0, 0, 0, 0, 0], [0, 0, 1, 0, 0, 0, 0, 0, 0, 0, 0, 0, 0, 0, 0, 0], [0, 0, 0, 1, 0, 0, 0, 0, 0, 0, 0, 0, 0, 0, 0, 0], [0, 0, 0, 0, 1, 0, 0, 0, 0, 0, 0, 0, 0, 0, 0, 0], [0, 0, 0, 0, 0, 1, 0, 0, 0, 0, 0, 0, 0, 0, 0, 0], [0, 0, 0, 0, 0, 0, 1, 0, 0, 0, 0, 0, 0, 0, 0, 0], [0, 0, 0, 0, 0, 0, 0, 1, 0, 0, 0, 0, 0, 0, 0, 0], [0, 0, 0, 0, 0, 0, 0, 0, 1, 0, 0, 0, 0, 0, 0, 0], [0, 0, 0, 0, 0, 0, 0, 0, 0, 1, 0, 0, 0, 0, 0, 0], [0, 0, 0, 0, 0, 0, 0, 0, 0, 0, 1, 0, 0, 0, 0, 0], [0, 0, 0, 0, 0, 0, 0, 0, 0, 0, 0, 1, 0, 0, 0, 0], [0, 0, 0, 0, 0, 0, 0, 0, 0, 0, 0, 0, 1, 0, 0, 0], [0, 0, 0, 0, 0, 0, 0, 0, 0, 0, 0, 0, 0, 1, 0, 0], [0, 0, 0, 0, 0, 0, 0, 0, 0, 0, 0, 0, 0, 0, 1, 0], [0, 0, 0, 0, 0, 0, 0, 0, 0, 0, 0, 0, 0, 0, 0, 1]]
[[1, 0, 0, 0, 0, 0, 0, 0, 0, 0, 0, 0, 0, 0, 0, 0], [0, 1, 0, 0, 0, 0, 0, 0, 0, 0, 0, 0, 0, 0, 0, 0], [0, 0, 1, 0, 0, 0, 0, 0, 0, 0, 0, 0, 0, 0, 0, 0], [0, 0, 0, 1, 0, 0, 0, 0, 0, 0, 0, 0, 0, 0, 0, 0], [0, 0, 0, 0, 1, 0, 0, 0, 0, 0, 0, 0, 0, 0, 0, 0], [0, 0, 0, 0, 0, 1, 0, 0, 0, 0, 0, 0, 0, 0, 0, 0], [0, 0, 0, 0, 0, 0, 1, 0, 0, 0, 0, 0, 0, 0, 0, 0], [0, 0, 0, 0, 0, 0, 0, 1, 0, 0, 0, 0, 0, 0, 0, 0], [0, 0, 0, 0, 0, 0, 0, 0, 1, 0, 0, 0, 0, 0, 0, 0], [0, 0, 0, 0, 0, 0, 0, 0, 0, 1, 0, 0, 0, 0, 0, 0], [0, 0, 0, 0, 0, 0, 0, 0, 0, 0, 1, 0, 0, 0, 0, 0], [0, 0, 0, 0, 0, 0, 0, 0, 0, 0, 0, 1, 0, 0, 0, 0], [0, 0, 0, 0, 0, 0, 0, 0, 0, 0, 0, 0, 1, 0, 0, 0], [0, 0, 0, 0, 0, 0, 0, 0, 0, 0, 0, 0, 0, 1, 0, 0], [0, 0, 0, 0, 0, 0, 0, 0, 0, 0, 0, 0, 0, 0, 1, 0], [0, 0, 0, 0, 0, 0, 0, 0, 0, 0, 0, 0, 0, 0, 0, 1]]
[[1, 0, 0, 0, 0, 0, 0, 0, 0, 0, 0, 0, 0, 0, 0, 0], [0, 1, 0, 0, 0, 0, 0, 0, 0, 0, 0, 0, 0, 0, 0, 0], [0, 0, 1, 0, 0, 0, 0, 0, 0, 0, 0, 0, 0, 0, 0, 0], [0, 0, 0, 1, 0, 0, 0, 0, 0, 0, 0, 0, 0, 0, 0, 0], [0, 0, 0, 0, 1, 0, 0, 0, 0, 0, 0, 0, 0, 0, 0, 0], [0, 0, 0, 0, 0, 1, 0, 0, 0, 0, 0, 0, 0, 0, 0, 0], [0, 0, 0, 0, 0, 0, 1, 0, 0, 0, 0, 0, 0, 0, 0, 0], [0, 0, 0, 0, 0, 0, 0, 1, 0, 0, 0, 0, 0, 0, 0, 0], [0, 0, 0, 0, 0, 0, 0, 0, 1, 0, 0, 0, 0, 0, 0, 0], [0, 0, 0, 0, 0, 0, 0, 0, 0, 1, 0, 0, 0, 0, 0, 0], [0, 0, 0, 0, 0, 0, 0, 0, 0, 0, 1, 0, 0, 0, 0, 0], [0, 0, 0, 0, 0, 0, 0, 0, 0, 0, 0, 1, 0, 0, 0, 0], [0, 0, 0, 0, 0, 0, 0, 0, 0, 0, 0, 0, 1, 0, 0, 0], [0, 0, 0, 0, 0, 0, 0, 0, 0, 0, 0, 0, 0, 1, 0, 0], [0, 0, 0, 0, 0, 0, 0, 0, 0, 0, 0, 0, 0, 0, 1, 0], [0, 0, 0, 0, 0, 0, 0, 0, 0, 0, 0, 0, 0, 0, 0, 1]]
[[1, 0, 0, 0, 0, 0, 0, 0, 0, 0, 0, 0, 0, 0, 0, 0], [0, 1, 0, 0, 0, 0, 0, 0, 0, 0, 0, 0, 0, 0, 0, 0], [0, 0, 1, 0, 0, 0, 0, 0, 0, 0, 0, 0, 0, 0, 0, 0], [0, 0, 0, 1, 0, 0, 0, 0, 0, 0, 0, 0, 0, 0, 0, 0], [0, 0, 0, 0, 1, 0, 0, 0, 0, 0, 0, 0, 0, 0, 0, 0], [0, 0, 0, 0, 0, 1, 0, 0, 0, 0, 0, 0, 0, 0, 0, 0], [0, 0, 0, 0, 0, 0, 1, 0, 0, 0, 0, 0, 0, 0, 0, 0], [0, 0, 0, 0, 0, 0, 0, 1, 0, 0, 0, 0, 0, 0, 0, 0], [0, 0, 0, 0, 0, 0, 0, 0, 1, 0, 0, 0, 0, 0, 0, 0], [0, 0, 0, 0, 0, 0, 0, 0, 0, 1, 0, 0, 0, 0, 0, 0], [0, 0, 0, 0, 0, 0, 0, 0, 0, 0, 1, 0, 0, 0, 0, 0], [0, 0, 0, 0, 0, 0, 0, 0, 0, 0, 0, 1, 0, 0, 0, 0], [0, 0, 0, 0, 0, 0, 0, 0, 0, 0, 0, 0, 1, 0, 0, 0], [0, 0, 0, 0, 0, 0, 0, 0, 0, 0, 0, 0, 0, 1, 0, 0], [0, 0, 0, 0, 0, 0, 0, 0, 0, 0, 0, 0, 0, 0, 1, 0], [0, 0, 0, 0, 0, 0, 0, 0, 0, 0, 0, 0, 0, 0, 0, 1]]
[[1, 0, 0, 0, 0, 0, 0, 0, 0, 0, 0, 0, 0, 0, 0, 0], [0, 1, 0, 0, 0, 0, 0, 0, 0, 0, 0, 0, 0, 0, 0, 0], [0, 0, 1, 0, 0, 0, 0, 0, 0, 0, 0, 0, 0, 0, 0, 0], [0, 0, 0, 1, 0, 0, 0, 0, 0, 0, 0, 0, 0, 0, 0, 0], [0, 0, 0, 0, 1, 0, 0, 0, 0, 0, 0, 0, 0, 0, 0, 0], [0, 0, 0, 0, 0, 1, 0, 0, 0, 0, 0, 0, 0, 0, 0, 0], [0, 0, 0, 0, 0, 0, 1, 0, 0, 0, 0, 0, 0, 0, 0, 0], [0, 0, 0, 0, 0, 0, 0, 1, 0, 0, 0, 0, 0, 0, 0, 0], [0, 0, 0, 0, 0, 0, 0, 0, 1, 0, 0, 0, 0, 0, 0, 0], [0, 0, 0, 0, 0, 0, 0, 0, 0, 1, 0, 0, 0, 0, 0, 0], [0, 0, 0, 0, 0, 0, 0, 0, 0, 0, 1, 0, 0, 0, 0, 0], [0, 0, 0, 0, 0, 0, 0, 0, 0, 0, 0, 1, 0, 0, 0, 0], [0, 0, 0, 0, 0, 0, 0, 0, 0, 0, 0, 0, 1, 0, 0, 0], [0, 0, 0, 0, 0, 0, 0, 0, 0, 0, 0, 0, 0, 1, 0, 0], [0, 0, 0, 0, 0, 0, 0, 0, 0, 0, 0, 0, 0, 0, 1, 0], [0, 0, 0, 0, 0, 0, 0, 0, 0, 0, 0, 0, 0, 0, 0, 1]]
[[1, 0, 0, 0, 0, 0, 0, 0, 0, 0, 0, 0, 0, 0, 0, 0], [0, 1, 0, 0, 0, 0, 0, 0, 0, 0, 0, 0, 0, 0, 0, 0], [0, 0, 1, 0, 0, 0, 0, 0, 0, 0, 0, 0, 0, 0, 0, 0], [0, 0, 0, 1, 0, 0, 0, 0, 0, 0, 0, 0, 0, 0, 0, 0], [0, 0, 0, 0, 1, 0, 0, 0, 0, 0, 0, 0, 0, 0, 0, 0], [0, 0, 0, 0, 0, 1, 0, 0, 0, 0, 0, 0, 0, 0, 0, 0], [0, 0, 0, 0, 0, 0, 1, 0, 0, 0, 0, 0, 0, 0, 0, 0], [0, 0, 0, 0, 0, 0, 0, 1, 0, 0, 0, 0, 0, 0, 0, 0], [0, 0, 0, 0, 0, 0, 0, 0, 1, 0, 0, 0, 0, 0, 0, 0], [0, 0, 0, 0, 0, 0, 0, 0, 0, 1, 0, 0, 0, 0, 0, 0], [0, 0, 0, 0, 0, 0, 0, 0, 0, 0, 1, 0, 0, 0, 0, 0], [0, 0, 0, 0, 0, 0, 0, 0, 0, 0, 0, 1, 0, 0, 0, 0], [0, 0, 0, 0, 0, 0, 0, 0, 0, 0, 0, 0, 1, 0, 0, 0], [0, 0, 0, 0, 0, 0, 0, 0, 0, 0, 0, 0, 0, 1, 0, 0], [0, 0, 0, 0, 0, 0, 0, 0, 0, 0, 0, 0, 0, 0, 1, 0], [0, 0, 0, 0, 0, 0, 0, 0, 0, 0, 0, 0, 0, 0, 0, 1]]
[[1, 0, 0, 0, 0, 0, 0, 0, 0, 0, 0, 0, 0, 0, 0, 0], [0, 1, 0, 0, 0, 0, 0, 0, 0, 0, 0, 0, 0, 0, 0, 0], [0, 0, 1, 0, 0, 0, 0, 0, 0, 0, 0, 0, 0, 0, 0, 0], [0, 0, 0, 1, 0, 0, 0, 0, 0, 0, 0, 0, 0, 0, 0, 0], [0, 0, 0, 0, 1, 0, 0, 0, 0, 0, 0, 0, 0, 0, 0, 0], [0, 0, 0, 0, 0, 1, 0, 0, 0, 0, 0, 0, 0, 0, 0, 0], [0, 0, 0, 0, 0, 0, 1, 0, 0, 0, 0, 0, 0, 0, 0, 0], [0, 0, 0, 0, 0, 0, 0, 1, 0, 0, 0, 0, 0, 0, 0, 0], [0, 0, 0, 0, 0, 0, 0, 0, 1, 0, 0, 0, 0, 0, 0, 0], [0, 0, 0, 0, 0, 0, 0, 0, 0, 1, 0, 0, 0, 0, 0, 0], [0, 0, 0, 0, 0, 0, 0, 0, 0, 0, 1, 0, 0, 0, 0, 0], [0, 0, 0, 0, 0, 0, 0, 0, 0, 0, 0, 1, 0, 0, 0, 0], [0, 0, 0, 0, 0, 0, 0, 0, 0, 0, 0, 0, 1, 0, 0, 0], [0, 0, 0, 0, 0, 0, 0, 0, 0, 0, 0, 0, 0, 1, 0, 0], [0, 0, 0, 0, 0, 0, 0, 0, 0, 0, 0, 0, 0, 0, 1, 0], [0, 0, 0, 0, 0, 0, 0, 0, 0, 0, 0, 0, 0, 0, 0, 1]]
[[1, 0, 0, 0, 0, 0, 0, 0, 0, 0, 0, 0, 0, 0, 0, 0], [0, -1, 0, 0, -1, -1, 1, 2, 1, 0, 2, 2, 1, 0, 2, 0], [0, 0, 0, 0, 1, 0, 1, 1, 0, 1, 0, 0, -1, 1, 0, 0], [-1, 0, -1, 0, 0, 0, 0, 0, 0, 0, 0, -1, 0, 0, -1, -1], [0, 0, 1, 0, 0, 0, -1, -1, 0, -1, 0, 0, 1, -1, 0, 0], [0, 2, -1, -1, 1, 1, -1, -2, -1, 0, -2, -2, 0, 0, -1, -1], [0, 2, 0, 0, 1, 1, 0, -2, -1, 0, -2, -2, -1, 0, -2, 0], [0, 2, -1, -1, 1, 0, -1, -1, -1, 0, -2, -2, 0, 0, -1, -1], [-1, 0, -1, 0, 1, 1, 1, 1, 1, 1, 0, -1, -2, 1, -2, 0], [0, -2, 0, 0, -1, -1, 1, 2, 1, 1, 2, 2, 1, 0, 2, 0], [2, -2, 2, 1, -2, -2, 0, 1, 1, -1, 3, 4, 3, -1, 5, 1], [-1, -2, 0, 0, -1, 0, 1, 2, 1, 0, 2, 2, 0, 0, 0, 0], [-1, 0, -1, -1, 0, 0, 0, 0, 0, 0, 0, -1, 1, 0, -1, -1], [-1, -2, 0, 0, -1, 0, 1, 2, 1, 0, 2, 1, 0, 1, 0, 0], [0, 2, 0, 0, 1, 1, -1, -2, -1, 0, -2, -2, -1, 0, -1, 0], [0, 0, 0, -1, -1, -1, -1, -1, 0, -1, 0, 0, 2, -1, 1, 0]]
[[1, 0, 0, 0, 0, 0, 0, 0, 0, 0, 0, 0, 0, 0, 0, 0], [0, 1, 0, 0, 0, 0, 0, 0, 0, 0, 0, 0, 0, 0, 0, 0], [0, 0, 1, 0, 0, 0, 0, 0, 0, 0, 0, 0, 0, 0, 0, 0], [0, 0, 0, 1, 0, 0, 0, 0, 0, 0, 0, 0, 0, 0, 0, 0], [0, 0, 0, 0, 1, 0, 0, 0, 0, 0, 0, 0, 0, 0, 0, 0], [0, 0, 0, 0, 0, 1, 0, 0, 0, 0, 0, 0, 0, 0, 0, 0], [0, 0, 0, 0, 0, 0, 1, 0, 0, 0, 0, 0, 0, 0, 0, 0], [0, 0, 0, 0, 0, 0, 0, 1, 0, 0, 0, 0, 0, 0, 0, 0], [0, 0, 0, 0, 0, 0, 0, 0, 1, 0, 0, 0, 0, 0, 0, 0], [0, 0, 0, 0, 0, 0, 0, 0, 0, 1, 0, 0, 0, 0, 0, 0], [0, 0, 0, 0, 0, 0, 0, 0, 0, 0, 1, 0, 0, 0, 0, 0], [0, 0, 0, 0, 0, 0, 0, 0, 0, 0, 0, 1, 0, 0, 0, 0], [0, 0, 0, 0, 0, 0, 0, 0, 0, 0, 0, 0, 1, 0, 0, 0], [0, 0, 0, 0, 0, 0, 0, 0, 0, 0, 0, 0, 0, 1, 0, 0], [0, 0, 0, 0, 0, 0, 0, 0, 0, 0, 0, 0, 0, 0, 1, 0], [0, 0, 0, 0, 0, 0, 0, 0, 0, 0, 0, 0, 0, 0, 0, 1]]
[[0, 0, -1, 0, 0, 0, 1, 0, 0, 0, 0, -1, -1, 1, -1, 0], [-1, 1, -1, 0, 0, 0, 1, 0, 0, 0, 0, -1, -1, 1, -1, 0], [-1, 0, 0, 0, 1, 0, 1, 0, 0, 0, 0, -1, -1, 1, -1, 0], [1, 0, 1, 1, 0, 0, -1, 0, 0, 0, 0, 1, 1, -1, 1, 0], [0, 0, 0, 0, -1, 0, 0, 0, 0, 0, 0, 0, 0, 0, 0, 0], [1, 0, 1, 0, 0, 1, -1, 0, 0, 0, 0, 1, 1, -1, 1, 0], [1, 0, 1, 0, 0, 0, 0, 0, 0, 0, 0, 1, 1, -1, 1, 0], [2, 1, 2, 1, 1, 0, -2, -2, -1, -1, -1, 0, 1, -2, 2, 0], [-2, -1, -2, -1, -1, 0, 2, 3, 2, 1, 1, 0, -1, 2, -2, 0], [-1, 0, -1, 0, 1, 0, 1, 0, 0, 1, 0, -1, -1, 1, -1, 0], [-2, 0, -2, 0, -1, 0, 2, 0, 0, 0, 1, -2, -2, 2, -2, 0], [-1, 0, -1, 0, -1, 0, 1, 0, 0, 0, 0, 0, -1, 1, -1, 0], [1, 0, 1, 0, 0, 0, -1, 0, 0, 0, 0, 1, 2, -1, 1, 0], [0, 0, 0, 0, 0, 0, 0, 0, 0, 0, 0, 0, 0, 1, 0, 0], [1, 0, 1, 0, 0, 0, -1, 0, 0, 0, 0, 1, 1, -1, 2, 0], [0, -1, -1, -1, -2, -1, 0, 1, 1, 0, 2, 1, 3, -1, 2, -1]]
[[1, 0, 0, 0, 0, 0, 0, 0, 0, 0, 0, 0, 0, 0, 0, 0], [0, 1, 0, 0, 0, 0, 0, 0, 0, 0, 0, 0, 0, 0, 0, 0], [0, 0, 1, 0, 0, 0, 0, 0, 0, 0, 0, 0, 0, 0, 0, 0], [0, 0, 0, 1, 0, 0, 0, 0, 0, 0, 0, 0, 0, 0, 0, 0], [0, 0, 0, 0, 1, 0, 0, 0, 0, 0, 0, 0, 0, 0, 0, 0], [0, 0, 0, 0, 0, 1, 0, 0, 0, 0, 0, 0, 0, 0, 0, 0], [0, 0, 0, 0, 0, 0, 1, 0, 0, 0, 0, 0, 0, 0, 0, 0], [0, 0, 0, 0, 0, 0, 0, 1, 0, 0, 0, 0, 0, 0, 0, 0], [0, 0, 0, 0, 0, 0, 0, 0, 1, 0, 0, 0, 0, 0, 0, 0], [0, 0, 0, 0, 0, 0, 0, 0, 0, 1, 0, 0, 0, 0, 0, 0], [0, 0, 0, 0, 0, 0, 0, 0, 0, 0, 1, 0, 0, 0, 0, 0], [0, 0, 0, 0, 0, 0, 0, 0, 0, 0, 0, 1, 0, 0, 0, 0], [0, 0, 0, 0, 0, 0, 0, 0, 0, 0, 0, 0, 1, 0, 0, 0], [0, 0, 0, 0, 0, 0, 0, 0, 0, 0, 0, 0, 0, 1, 0, 0], [0, 0, 0, 0, 0, 0, 0, 0, 0, 0, 0, 0, 0, 0, 1, 0], [0, 0, 0, 0, 0, 0, 0, 0, 0, 0, 0, 0, 0, 0, 0, 1]]
[[0, -2, 0, 0, -2, -2, 1, 2, 1, 0, 3, 3, 4, -1, 3, -1], [1, 1, 1, 1, 2, 0, 1, -1, -1, 1, -1, 0, 0, 0, 0, 0], [0, 0, 1, 1, 1, 0, 1, -1, -1, 0, 0, 0, 0, 0, 0, 0], [-1, 0, -2, -2, -1, 1, -1, 1, 1, 0, 0, -1, -1, 1, -1, 0], [1, 1, 0, 0, 0, 0, -1, -1, 0, 0, -1, 0, 0, -1, 1, 0], [-2, 0, -1, -1, -1, 1, -1, -1, 0, -1, -1, -2, -3, 0, -2, 1], [-1, -1, 0, 0, -2, 0, 0, -1, 0, -1, 0, 0, -1, 0, 0, 1], [-3, -1, -2, -1, -2, 1, 1, 1, 1, 0, 1, -1, -2, 1, -2, 0], [2, 1, 0, 0, -1, -1, -1, -1, -1, -1, 0, 1, 2, -1, 3, 0], [0, -1, 1, 0, 1, -1, 1, 1, 0, 0, 1, 1, 2, 0, 0, -1], [3, 1, 3, 3, 3, -2, 1, -1, -1, 1, 0, 2, 3, -2, 3, -1], [2, 1, 1, 0, 2, 0, -1, 0, 0, 1, -1, 0, 1, 0, 1, 0], [-2, -1, -2, -2, -1, 1, 0, 1, 1, 0, 0, -1, -2, 1, -2, 0], [1, 1, 1, 0, 3, 1, -1, -1, -1, 1, -2, -1, -1, 0, -1, 0], [-1, 1, 0, 0, 0, 1, -1, -2, -1, -1, -2, -2, -3, 0, -2, 1], [-1, -1, -1, 0, -1, -1, 1, 1, 1, 0, 1, 0, 0, 0, 0, -1]]
[[1, 0, 0, 0, 0, 0, 0, 0, 0, 0, 0, 0, 0, 0, 0, 0], [0, 1, 0, 0, 0, 0, 0, 0, 0, 0, 0, 0, 0, 0, 0, 0], [0, 0, 1, 0, 0, 0, 0, 0, 0, 0, 0, 0, 0, 0, 0, 0], [0, 0, 0, 1, 0, 0, 0, 0, 0, 0, 0, 0, 0, 0, 0, 0], [0, 0, 0, 0, 1, 0, 0, 0, 0, 0, 0, 0, 0, 0, 0, 0], [0, 0, 0, 0, 0, 1, 0, 0, 0, 0, 0, 0, 0, 0, 0, 0], [0, 0, 0, 0, 0, 0, 1, 0, 0, 0, 0, 0, 0, 0, 0, 0], [0, 0, 0, 0, 0, 0, 0, 1, 0, 0, 0, 0, 0, 0, 0, 0], [0, 0, 0, 0, 0, 0, 0, 0, 1, 0, 0, 0, 0, 0, 0, 0], [0, 0, 0, 0, 0, 0, 0, 0, 0, 1, 0, 0, 0, 0, 0, 0], [0, 0, 0, 0, 0, 0, 0, 0, 0, 0, 1, 0, 0, 0, 0, 0], [0, 0, 0, 0, 0, 0, 0, 0, 0, 0, 0, 1, 0, 0, 0, 0], [0, 0, 0, 0, 0, 0, 0, 0, 0, 0, 0, 0, 1, 0, 0, 0], [0, 0, 0, 0, 0, 0, 0, 0, 0, 0, 0, 0, 0, 1, 0, 0], [0, 0, 0, 0, 0, 0, 0, 0, 0, 0, 0, 0, 0, 0, 1, 0], [0, 0, 0, 0, 0, 0, 0, 0, 0, 0, 0, 0, 0, 0, 0, 1]]
[[1, 0, 0, 0, 0, 0, 0, 0, 0, 0, 0, 0, 0, 0, 0, 0], [0, 1, 0, 0, 0, 0, 0, 0, 0, 0, 0, 0, 0, 0, 0, 0], [0, 0, 1, 0, 0, 0, 0, 0, 0, 0, 0, 0, 0, 0, 0, 0], [0, 0, 0, 1, 0, 0, 0, 0, 0, 0, 0, 0, 0, 0, 0, 0], [0, 0, 0, 0, 1, 0, 0, 0, 0, 0, 0, 0, 0, 0, 0, 0], [0, 0, 0, 0, 0, 1, 0, 0, 0, 0, 0, 0, 0, 0, 0, 0], [0, 0, 0, 0, 0, 0, 1, 0, 0, 0, 0, 0, 0, 0, 0, 0], [0, 0, 0, 0, 0, 0, 0, 1, 0, 0, 0, 0, 0, 0, 0, 0], [0, 0, 0, 0, 0, 0, 0, 0, 1, 0, 0, 0, 0, 0, 0, 0], [0, 0, 0, 0, 0, 0, 0, 0, 0, 1, 0, 0, 0, 0, 0, 0], [0, 0, 0, 0, 0, 0, 0, 0, 0, 0, 1, 0, 0, 0, 0, 0], [0, 0, 0, 0, 0, 0, 0, 0, 0, 0, 0, 1, 0, 0, 0, 0], [0, 0, 0, 0, 0, 0, 0, 0, 0, 0, 0, 0, 1, 0, 0, 0], [0, 0, 0, 0, 0, 0, 0, 0, 0, 0, 0, 0, 0, 1, 0, 0], [0, 0, 0, 0, 0, 0, 0, 0, 0, 0, 0, 0, 0, 0, 1, 0], [0, 0, 0, 0, 0, 0, 0, 0, 0, 0, 0, 0, 0, 0, 0, 1]]
[[1, 0, 0, 0, 0, 0, 0, 0, 0, 0, 0, 0, 0, 0, 0, 0], [0, 1, 0, 0, 0, 0, 0, 0, 0, 0, 0, 0, 0, 0, 0, 0], [0, 0, 1, 0, 0, 0, 0, 0, 0, 0, 0, 0, 0, 0, 0, 0], [0, 0, 0, 1, 0, 0, 0, 0, 0, 0, 0, 0, 0, 0, 0, 0], [0, 0, 0, 0, 1, 0, 0, 0, 0, 0, 0, 0, 0, 0, 0, 0], [0, 0, 0, 0, 0, 1, 0, 0, 0, 0, 0, 0, 0, 0, 0, 0], [0, 0, 0, 0, 0, 0, 1, 0, 0, 0, 0, 0, 0, 0, 0, 0], [0, 0, 0, 0, 0, 0, 0, 1, 0, 0, 0, 0, 0, 0, 0, 0], [0, 0, 0, 0, 0, 0, 0, 0, 1, 0, 0, 0, 0, 0, 0, 0], [0, 0, 0, 0, 0, 0, 0, 0, 0, 1, 0, 0, 0, 0, 0, 0], [0, 0, 0, 0, 0, 0, 0, 0, 0, 0, 1, 0, 0, 0, 0, 0], [0, 0, 0, 0, 0, 0, 0, 0, 0, 0, 0, 1, 0, 0, 0, 0], [0, 0, 0, 0, 0, 0, 0, 0, 0, 0, 0, 0, 1, 0, 0, 0], [0, 0, 0, 0, 0, 0, 0, 0, 0, 0, 0, 0, 0, 1, 0, 0], [0, 0, 0, 0, 0, 0, 0, 0, 0, 0, 0, 0, 0, 0, 1, 0], [0, 0, 0, 0, 0, 0, 0, 0, 0, 0, 0, 0, 0, 0, 0, 1]]
[[1, 0, 1, 1, -1, -1, 0, -1, -1, -1, 0, 1, 0, -1, 2, 1], [0, 1, 0, 0, -1, -2, 0, 0, -1, -1, 0, 1, 1, -1, 2, 0], [0, 0, 1, 0, 0, -1, 0, 0, -1, 0, 0, 1, 1, -1, 1, 0], [0, 0, 0, 1, 1, 2, 0, 0, 1, 1, 0, -1, -1, 1, -2, 0], [0, 0, -1, -1, 0, 0, 0, 1, 1, 0, 0, 0, 0, 1, 0, 0], [0, 0, -1, -1, 2, 3, 0, 1, 1, 2, 0, -1, 0, 1, -3, -1], [0, 0, -1, -1, 1, 2, 1, 1, 1, 2, 0, 0, 0, 1, -2, 0], [0, 0, 0, 0, 2, 3, 0, 1, 1, 2, 0, -1, -1, 1, -3, 0], [0, 0, 0, 0, 0, -1, 0, 0, 0, 0, 0, 1, 1, -1, 1, 0], [0, 0, 1, 1, -1, -2, 0, -1, -1, -1, 0, 0, 0, -1, 2, 0], [0, 0, -1, -1, -4, -5, 0, 1, -1, -3, 1, 2, 2, -1, 5, 0], [0, 0, 1, 1, -1, -2, 0, -1, -1, -2, 0, 1, 0, -1, 2, 0], [0, 0, 0, 0, 1, 2, 0, 0, 1, 1, 0, -1, 0, 1, -2, 0], [0, 0, 1, 1, 0, -1, 0, -1, -1, -1, 0, 0, 0, 0, 1, 0], [0, 0, -1, -1, 2, 2, 0, 1, 1, 2, 0, -1, 0, 1, -2, -1], [0, 0, -1, -1, 0, 0, 0, 1, 1, 0, 0, -1, 0, 1, -1, 0]]
[[-1, 0, 0, 1, 0, 0, 1, 0, 0, 0, -1, -1, -3, 1, -2, 1], [-1, 1, -1, 0, -1, 0, 1, 1, 0, 0, 0, 0, -1, 1, -1, 0], [-1, 0, 1, 1, 0, 0, 1, 0, 0, 0, 0, 0, -1, 0, -1, 0], [2, 0, 1, 0, 1, 0, -2, -1, 0, 0, 0, 0, 2, -1, 2, 0], [0, 0, -1, -1, 0, 0, 0, 1, 0, 0, 0, 0, 0, 1, 0, 0], [0, -1, 1, -1, 2, 1, -1, 0, 1, 1, 0, 0, 1, -1, 0, 0], [-1, -1, 0, -1, 1, 0, 1, 1, 1, 1, 0, 0, 0, 0, -1, 0], [1, 0, 2, 1, 2, 0, -1, -1, 0, 0, 0, 0, 1, -2, 1, 0], [0, 0, -1, -1, -1, 0, 0, 1, 1, 0, 0, 0, 0, 1, 0, 0], [0, 1, 0, 2, -1, 0, 1, -1, -1, 0, 0, 0, -1, 0, 0, 0], [-3, 0, -3, 0, -3, 0, 3, 3, 0, 0, 1, 0, -3, 3, -3, 0], [1, 1, 0, 0, -1, 0, -1, -1, -1, -1, -1, 0, -1, 1, 1, 1], [1, 0, 1, 0, 1, 0, -1, -1, 0, 0, 0, 0, 2, -1, 1, 0], [0, 0, 0, 0, 0, 0, 0, 0, 0, 0, 0, 0, 0, 1, 0, 0], [0, -1, 0, -1, 1, 0, 0, 1, 1, 1, 1, 1, 2, -1, 1, -1], [0, 0, -1, 0, -1, 0, 1, 1, 0, 0, 1, 1, 1, 0, 0, 0]]
[[1, 0, 0, 0, 0, 0, 0, 0, 0, 0, 0, 0, 0, 0, 0, 0], [0, 1, 0, 0, 0, 0, 0, 0, 0, 0, 0, 0, 0, 0, 0, 0], [0, 0, 1, 0, 0, 0, 0, 0, 0, 0, 0, 0, 0, 0, 0, 0], [0, 0, 0, 1, 0, 0, 0, 0, 0, 0, 0, 0, 0, 0, 0, 0], [0, 0, 0, 0, 1, 0, 0, 0, 0, 0, 0, 0, 0, 0, 0, 0], [0, 0, 0, 0, 0, 1, 0, 0, 0, 0, 0, 0, 0, 0, 0, 0], [0, 0, 0, 0, 0, 0, 1, 0, 0, 0, 0, 0, 0, 0, 0, 0], [0, 0, 0, 0, 0, 0, 0, 1, 0, 0, 0, 0, 0, 0, 0, 0], [0, 0, 0, 0, 0, 0, 0, 0, 1, 0, 0, 0, 0, 0, 0, 0], [0, 0, 0, 0, 0, 0, 0, 0, 0, 1, 0, 0, 0, 0, 0, 0], [0, 0, 0, 0, 0, 0, 0, 0, 0, 0, 1, 0, 0, 0, 0, 0], [0, 0, 0, 0, 0, 0, 0, 0, 0, 0, 0, 1, 0, 0, 0, 0], [0, 0, 0, 0, 0, 0, 0, 0, 0, 0, 0, 0, 1, 0, 0, 0], [0, 0, 0, 0, 0, 0, 0, 0, 0, 0, 0, 0, 0, 1, 0, 0], [0, 0, 0, 0, 0, 0, 0, 0, 0, 0, 0, 0, 0, 0, 1, 0], [0, 0, 0, 0, 0, 0, 0, 0, 0, 0, 0, 0, 0, 0, 0, 1]]
[[1, 0, 0, 0, 0, 0, 0, 0, 0, 0, 0, 0, 0, 0, 0, 0], [0, 1, 0, 0, 0, 0, 0, 0, 0, 0, 0, 0, 0, 0, 0, 0], [0, 0, 1, 0, 0, 0, 0, 0, 0, 0, 0, 0, 0, 0, 0, 0], [0, 0, 0, 1, 0, 0, 0, 0, 0, 0, 0, 0, 0, 0, 0, 0], [0, 0, 0, 0, 1, 0, 0, 0, 0, 0, 0, 0, 0, 0, 0, 0], [0, 0, 0, 0, 0, 1, 0, 0, 0, 0, 0, 0, 0, 0, 0, 0], [0, 0, 0, 0, 0, 0, 1, 0, 0, 0, 0, 0, 0, 0, 0, 0], [0, 0, 0, 0, 0, 0, 0, 1, 0, 0, 0, 0, 0, 0, 0, 0], [0, 0, 0, 0, 0, 0, 0, 0, 1, 0, 0, 0, 0, 0, 0, 0], [0, 0, 0, 0, 0, 0, 0, 0, 0, 1, 0, 0, 0, 0, 0, 0], [0, 0, 0, 0, 0, 0, 0, 0, 0, 0, 1, 0, 0, 0, 0, 0], [0, 0, 0, 0, 0, 0, 0, 0, 0, 0, 0, 1, 0, 0, 0, 0], [0, 0, 0, 0, 0, 0, 0, 0, 0, 0, 0, 0, 1, 0, 0, 0], [0, 0, 0, 0, 0, 0, 0, 0, 0, 0, 0, 0, 0, 1, 0, 0], [0, 0, 0, 0, 0, 0, 0, 0, 0, 0, 0, 0, 0, 0, 1, 0], [0, 0, 0, 0, 0, 0, 0, 0, 0, 0, 0, 0, 0, 0, 0, 1]]
[[1, 0, 0, 0, 0, 0, 0, 0, 0, 0, 0, 0, 0, 0, 0, 0], [0, 1, 0, 0, 0, 0, 0, 0, 0, 0, 0, 0, 0, 0, 0, 0], [0, 0, 1, 0, 0, 0, 0, 0, 0, 0, 0, 0, 0, 0, 0, 0], [0, 0, 0, 1, 0, 0, 0, 0, 0, 0, 0, 0, 0, 0, 0, 0], [0, 0, 0, 0, 1, 0, 0, 0, 0, 0, 0, 0, 0, 0, 0, 0], [0, 0, 0, 0, 0, 1, 0, 0, 0, 0, 0, 0, 0, 0, 0, 0], [0, 0, 0, 0, 0, 0, 1, 0, 0, 0, 0, 0, 0, 0, 0, 0], [0, 0, 0, 0, 0, 0, 0, 1, 0, 0, 0, 0, 0, 0, 0, 0], [0, 0, 0, 0, 0, 0, 0, 0, 1, 0, 0, 0, 0, 0, 0, 0], [0, 0, 0, 0, 0, 0, 0, 0, 0, 1, 0, 0, 0, 0, 0, 0], [0, 0, 0, 0, 0, 0, 0, 0, 0, 0, 1, 0, 0, 0, 0, 0], [0, 0, 0, 0, 0, 0, 0, 0, 0, 0, 0, 1, 0, 0, 0, 0], [0, 0, 0, 0, 0, 0, 0, 0, 0, 0, 0, 0, 1, 0, 0, 0], [0, 0, 0, 0, 0, 0, 0, 0, 0, 0, 0, 0, 0, 1, 0, 0], [0, 0, 0, 0, 0, 0, 0, 0, 0, 0, 0, 0, 0, 0, 1, 0], [0, 0, 0, 0, 0, 0, 0, 0, 0, 0, 0, 0, 0, 0, 0, 1]]
[[1, 0, -1, -1, 0, 0, -1, 1, 1, 0, 1, 0, 2, 0, 1, -1], [0, 1, 0, -1, 2, 2, -1, -2, 0, 1, -2, -2, -1, 0, -2, 0], [0, 0, 1, -1, 1, 1, -1, -1, 0, 0, -1, -1, 0, 0, -1, 0], [0, 0, 1, 2, -1, -1, 1, 0, -1, -1, 0, 1, -1, 0, 0, 1], [0, 0, 0, 1, 1, 0, 1, 0, 0, 1, 0, 0, -1, 0, 0, 0], [0, 0, 1, 2, -2, -1, 2, 1, -1, -1, 1, 2, -1, 0, 1, 1], [1, 1, 1, 1, 0, -1, 0, 0, -1, -1, 0, 1, 0, -1, 2, 0], [0, 0, 1, 1, -1, -1, 1, 1, -1, -1, 0, 1, -1, 0, 0, 1], [0, 0, 0, 0, 0, 0, 0, 0, 1, 0, 0, 0, 0, 0, 0, 0], [0, 0, 0, -2, 1, 1, -2, -1, 0, 0, -1, -1, 1, 0, -1, 0], [0, 0, -1, -2, 3, 3, -2, -2, 1, 2, -1, -3, 0, 0, -2, -1], [-1, -1, -2, -1, 0, 1, 1, 1, 2, 2, 1, 0, 1, 1, -1, -1], [1, 1, 2, 2, 0, -1, 0, -1, -2, -1, -1, 1, -1, -1, 1, 1], [0, 0, 0, 0, 1, 1, 0, -1, 0, 1, -1, -1, -1, 1, -1, 0], [0, 0, 1, 1, -1, -1, 1, 0, -1, -1, 0, 1, -1, 0, 1, 1], [1, 1, 1, 1, 1, 0, -1, -1, -1, 0, -1, 0, -1, -1, 1, 1]]
[[1, 1, 0, 0, 0, 0, 0, 0, 0, 0, 0, 0, 1, 0, 0, 0], [0, -1, -1, 1, -1, 0, 1, 2, 2, 1, 2, 0, 0, 1, 0, 0], [0, -1, 0, 0, -1, 0, 0, 1, 1, 0, 1, 0, 0, 0, 0, 0], [0, 1, 1, 0, 1, 0, -1, -2, -2, -1, -2, 0, -1, -1, 0, 0], [0, 0, 0, 0, 1, 0, 0, 0, 0, 0, 0, 0, 0, 0, 0, 0], [0, -1, 2, -1, 0, 0, -1, -2, -2, -2, -1, 1, 0, -1, 1, 0], [0, -1, 1, -1, -1, -1, 0, -1, -1, -2, 0, 1, 1, -1, 1, 0], [0, -1, 2, -1, 0, -1, -1, -1, -2, -2, -1, 1, 0, -1, 1, 0], [0, 0, 0, 0, 0, 0, 0, 0, 1, 0, 0, 0, 0, 0, 0, 0], [0, 0, -1, 0, -1, 0, 0, 1, 1, 1, 1, 0, 1, 0, 0, 0], [0, 0, -2, 2, 0, 1, 2, 3, 3, 3, 3, -1, 0, 2, -1, 0], [0, 1, -2, 1, 0, 1, 1, 2, 2, 2, 1, 0, 0, 1, -1, 0], [0, 0, 1, -1, 1, 0, -1, -2, -2, -1, -2, 0, -1, -1, 0, 0], [0, 1, -2, 0, 0, 1, 0, 1, 1, 1, 0, -1, -1, 1, -1, 0], [0, -1, 1, -1, -1, -1, -1, -1, -1, -2, 0, 1, 1, -1, 2, 0], [0, 0, 1, 0, 1, 0, 0, -1, -1, 0, -1, 0, -1, 0, 0, 1]]
[[1, 0, 0, 0, 0, 0, 0, 0, 0, 0, 0, 0, 0, 0, 0, 0], [0, 1, 0, 0, 0, 0, 0, 0, 0, 0, 0, 0, 0, 0, 0, 0], [0, 0, 1, 0, 0, 0, 0, 0, 0, 0, 0, 0, 0, 0, 0, 0], [0, 0, 0, 1, 0, 0, 0, 0, 0, 0, 0, 0, 0, 0, 0, 0], [0, 0, 0, 0, 1, 0, 0, 0, 0, 0, 0, 0, 0, 0, 0, 0], [0, 0, 0, 0, 0, 1, 0, 0, 0, 0, 0, 0, 0, 0, 0, 0], [0, 0, 0, 0, 0, 0, 1, 0, 0, 0, 0, 0, 0, 0, 0, 0], [0, 0, 0, 0, 0, 0, 0, 1, 0, 0, 0, 0, 0, 0, 0, 0], [0, 0, 0, 0, 0, 0, 0, 0, 1, 0, 0, 0, 0, 0, 0, 0], [0, 0, 0, 0, 0, 0, 0, 0, 0, 1, 0, 0, 0, 0, 0, 0], [0, 0, 0, 0, 0, 0, 0, 0, 0, 0, 1, 0, 0, 0, 0, 0], [0, 0, 0, 0, 0, 0, 0, 0, 0, 0, 0, 1, 0, 0, 0, 0], [0, 0, 0, 0, 0, 0, 0, 0, 0, 0, 0, 0, 1, 0, 0, 0], [0, 0, 0, 0, 0, 0, 0, 0, 0, 0, 0, 0, 0, 1, 0, 0], [0, 0, 0, 0, 0, 0, 0, 0, 0, 0, 0, 0, 0, 0, 1, 0], [0, 0, 0, 0, 0, 0, 0, 0, 0, 0, 0, 0, 0, 0, 0, 1]]
[[1, 0, 0, 0, 0, 0, 0, 0, 0, 0, 0, 0, 0, 0, 0, 0], [0, 1, 0, 0, 0, 0, 0, 0, 0, 0, 0, 0, 0, 0, 0, 0], [0, 0, 1, 0, 0, 0, 0, 0, 0, 0, 0, 0, 0, 0, 0, 0], [0, 0, 0, 1, 0, 0, 0, 0, 0, 0, 0, 0, 0, 0, 0, 0], [0, 0, 0, 0, 1, 0, 0, 0, 0, 0, 0, 0, 0, 0, 0, 0], [0, 0, 0, 0, 0, 1, 0, 0, 0, 0, 0, 0, 0, 0, 0, 0], [0, 0, 0, 0, 0, 0, 1, 0, 0, 0, 0, 0, 0, 0, 0, 0], [0, 0, 0, 0, 0, 0, 0, 1, 0, 0, 0, 0, 0, 0, 0, 0], [0, 0, 0, 0, 0, 0, 0, 0, 1, 0, 0, 0, 0, 0, 0, 0], [0, 0, 0, 0, 0, 0, 0, 0, 0, 1, 0, 0, 0, 0, 0, 0], [0, 0, 0, 0, 0, 0, 0, 0, 0, 0, 1, 0, 0, 0, 0, 0], [0, 0, 0, 0, 0, 0, 0, 0, 0, 0, 0, 1, 0, 0, 0, 0], [0, 0, 0, 0, 0, 0, 0, 0, 0, 0, 0, 0, 1, 0, 0, 0], [0, 0, 0, 0, 0, 0, 0, 0, 0, 0, 0, 0, 0, 1, 0, 0], [0, 0, 0, 0, 0, 0, 0, 0, 0, 0, 0, 0, 0, 0, 1, 0], [0, 0, 0, 0, 0, 0, 0, 0, 0, 0, 0, 0, 0, 0, 0, 1]]
[[1, -1, -1, -1, -2, -1, 0, 1, 1, 0, 2, 2, 3, -1, 3, -1], [2, 2, 1, 0, 0, -1, -2, -2, -1, -1, -1, 1, 2, -2, 3, 0], [1, 1, 0, -1, 0, 0, -1, -1, 0, 0, -1, 0, 1, 0, 1, 0], [-2, -1, -1, 1, 0, 1, 2, 2, 1, 1, 1, -1, -2, 2, -3, 0], [0, 0, 1, 1, 1, 0, 0, -1, -1, 0, 0, 0, 0, -1, 0, 0], [-1, 1, 0, 1, 2, 3, 1, -1, -1, 1, -2, -3, -4, 2, -5, 1], [-1, 0, -1, 0, 0, 1, 2, 0, 0, 1, 0, -1, -1, 1, -2, 0], [-2, 0, -3, -1, 0, 2, 2, 2, 1, 2, 0, -2, -2, 3, -4, 0], [0, 0, 1, 1, 0, 0, 0, -1, 0, 0, 0, 0, 0, -1, 0, 0], [1, 0, 0, -1, 0, -1, -1, 1, 1, 0, 0, 1, 1, 0, 2, 0], [5, 2, 3, 0, 0, -3, -5, -4, -2, -3, -1, 3, 5, -5, 8, 0], [1, 0, 2, 1, 0, -1, -1, -1, -1, -1, 0, 2, 1, -2, 2, 0], [-2, -1, -1, 0, 0, 1, 2, 2, 1, 1, 1, -1, -1, 2, -3, 0], [1, 0, 2, 1, 0, -1, -1, -1, -1, -1, 0, 1, 1, -1, 2, 0], [-1, 1, 0, 1, 2, 2, 1, -1, -1, 1, -2, -3, -4, 2, -4, 1], [0, 0, 0, 0, 0, 0, 0, 0, 0, 0, 0, 0, 0, 0, 0, 1]]
[[1, 0, 0, 0, 0, 0, 0, 0, 0, 0, 0, 0, 0, 0, 0, 0], [0, 1, 0, 0, 0, 0, 0, 0, 0, 0, 0, 0, 0, 0, 0, 0], [0, 0, 1, 0, 0, 0, 0, 0, 0, 0, 0, 0, 0, 0, 0, 0], [0, 0, 0, 1, 0, 0, 0, 0, 0, 0, 0, 0, 0, 0, 0, 0], [0, 0, 0, 0, 1, 0, 0, 0, 0, 0, 0, 0, 0, 0, 0, 0], [0, 0, 0, 0, 0, 1, 0, 0, 0, 0, 0, 0, 0, 0, 0, 0], [0, 0, 0, 0, 0, 0, 1, 0, 0, 0, 0, 0, 0, 0, 0, 0], [0, 0, 0, 0, 0, 0, 0, 1, 0, 0, 0, 0, 0, 0, 0, 0], [0, 0, 0, 0, 0, 0, 0, 0, 1, 0, 0, 0, 0, 0, 0, 0], [0, 0, 0, 0, 0, 0, 0, 0, 0, 1, 0, 0, 0, 0, 0, 0], [0, 0, 0, 0, 0, 0, 0, 0, 0, 0, 1, 0, 0, 0, 0, 0], [0, 0, 0, 0, 0, 0, 0, 0, 0, 0, 0, 1, 0, 0, 0, 0], [0, 0, 0, 0, 0, 0, 0, 0, 0, 0, 0, 0, 1, 0, 0, 0], [0, 0, 0, 0, 0, 0, 0, 0, 0, 0, 0, 0, 0, 1, 0, 0], [0, 0, 0, 0, 0, 0, 0, 0, 0, 0, 0, 0, 0, 0, 1, 0], [0, 0, 0, 0, 0, 0, 0, 0, 0, 0, 0, 0, 0, 0, 0, 1]]
[[1, 0, 0, 0, 0, 0, 0, 0, 0, 0, 0, 0, 0, 0, 0, 0], [0, 1, 0, 0, 0, 0, 0, 0, 0, 0, 0, 0, 0, 0, 0, 0], [0, 0, 1, 0, 0, 0, 0, 0, 0, 0, 0, 0, 0, 0, 0, 0], [0, 0, 0, 1, 0, 0, 0, 0, 0, 0, 0, 0, 0, 0, 0, 0], [0, 0, 0, 0, 1, 0, 0, 0, 0, 0, 0, 0, 0, 0, 0, 0], [0, 0, 0, 0, 0, 1, 0, 0, 0, 0, 0, 0, 0, 0, 0, 0], [0, 0, 0, 0, 0, 0, 1, 0, 0, 0, 0, 0, 0, 0, 0, 0], [0, 0, 0, 0, 0, 0, 0, 1, 0, 0, 0, 0, 0, 0, 0, 0], [0, 0, 0, 0, 0, 0, 0, 0, 1, 0, 0, 0, 0, 0, 0, 0], [0, 0, 0, 0, 0, 0, 0, 0, 0, 1, 0, 0, 0, 0, 0, 0], [0, 0, 0, 0, 0, 0, 0, 0, 0, 0, 1, 0, 0, 0, 0, 0], [0, 0, 0, 0, 0, 0, 0, 0, 0, 0, 0, 1, 0, 0, 0, 0], [0, 0, 0, 0, 0, 0, 0, 0, 0, 0, 0, 0, 1, 0, 0, 0], [0, 0, 0, 0, 0, 0, 0, 0, 0, 0, 0, 0, 0, 1, 0, 0], [0, 0, 0, 0, 0, 0, 0, 0, 0, 0, 0, 0, 0, 0, 1, 0], [0, 0, 0, 0, 0, 0, 0, 0, 0, 0, 0, 0, 0, 0, 0, 1]]
[[1, 0, 1, 0, -2, -2, -1, 0, 0, -2, 1, 2, 3, -2, 3, 0], [2, 3, -1, 0, 0, 0, -1, 0, 0, 0, -1, 0, 1, 0, 1, 0], [1, 1, 0, -1, 0, 0, -1, 0, 0, 0, -1, 0, 1, 0, 0, 0], [-2, -2, 0, 0, 1, 1, 1, 0, 0, 1, 0, -1, -3, 1, -2, 0], [0, 0, 0, 0, 1, 0, 0, 0, 0, 0, 0, 0, 0, 0, 0, 0], [-3, -3, 0, -2, 1, 2, 1, 0, 0, 1, 0, -1, -2, 1, -4, 0], [-2, -2, 0, -2, 0, 0, 1, 0, 0, 0, 0, 0, 0, 0, -2, 0], [-3, -3, 0, -2, 1, 1, 1, 1, 0, 1, 0, -1, -2, 1, -4, 0], [0, 0, 0, 0, 0, 0, 0, 0, 1, 0, 0, 0, 0, 0, 0, 0], [2, 2, 0, 1, -1, -1, -1, 0, 0, 0, 0, 1, 2, -1, 3, 0], [5, 5, -1, 1, -2, -2, -3, 0, 0, -2, 0, 2, 5, -2, 6, 0], [2, 2, 0, 2, 0, 0, 0, 0, 0, 0, 0, 1, 0, 0, 2, 0], [-2, -2, 0, -1, 1, 1, 1, 0, 0, 1, 0, -1, -2, 1, -2, 0], [1, 1, 0, 1, 0, 0, 0, 0, 0, 0, 0, 0, 0, 1, 1, 0], [-2, -2, 0, -1, 1, 1, 1, 0, 0, 1, 0, -1, -1, 1, -3, 0], [0, 0, 0, 0, 0, 0, 0, 0, 0, 0, 0, 0, 0, 0, 0, 1]]
