
#########################################################
# DATA FOR CRYSTALLOGRAPHIC QUARTIC SURFACE FAMILY 14.6 #
#########################################################


##################
# GROUP & FAMILY #
##################

Generators of crystallographic group:
[[1, 0, 0, 0], [0, 0, 0, 1], [0, 0, 1, 0], [0, 1, 0, 0]]
[[1, 0, 0, 0], [0, 0, 0, -1], [0, -1, 0, 0], [0, 0, -1, 0]]

Invariant polynomials:
y^4 + z^4 + w^4
y^3*z + y*z^3 + y^3*w + z^3*w + y*w^3 + z*w^3
y^2*z^2 + y^2*w^2 + z^2*w^2
y^2*z*w + y*z^2*w + y*z*w^2
x^2*y^2 + x^2*z^2 + x^2*w^2
x^2*y*z + x^2*y*w + x^2*z*w
x^4

Equivalent crystallographic groups:
14.7
14.8
14.9
14.10

############
# HOMOLOGY #
############


Intersection product:
[[-4, 1, 1, -1, 1, 0, 0, -1, -1, -1, 1, -2, 1, 0, 0, 0, -1, -1, 0, 0, -1, 1], [1, -2, -2, 0, -1, -1, -1, 0, 1, 0, -1, 1, -2, -1, 0, -1, 0, 0, -1, -1, 0, -1], [1, -2, -4, 0, -1, -2, -1, -1, 1, 0, -1, 1, -3, -2, 1, -1, 0, 0, -2, -2, -1, -1], [-1, 0, 0, -2, -1, 0, 0, 0, 1, -1, -1, -2, 0, -1, 0, -1, 0, -1, 0, -1, 0, 0], [1, -1, -1, -1, -2, 0, 0, 0, 1, 0, -1, 0, -1, -1, 0, -1, 0, -1, 0, -1, 0, -1], [0, -1, -2, 0, 0, -2, -1, -1, 0, 0, 0, 0, -1, -1, 1, 0, -1, 0, -1, -1, -1, 0], [0, -1, -1, 0, 0, -1, -2, 0, 0, 0, 0, 0, 0, 0, 0, 0, 0, 0, 0, 0, 0, 0], [-1, 0, -1, 0, 0, -1, 0, -2, -1, 0, 1, 0, 0, 0, 1, 1, -1, 0, 0, 0, -1, 1], [-1, 1, 1, 1, 1, 0, 0, -1, -2, 0, 1, 0, 1, 1, 0, 1, -1, 0, 1, 1, 0, 1], [-1, 0, 0, -1, 0, 0, 0, 0, 0, -2, -1, -2, 0, -1, 0, -1, 0, -1, 0, -1, 0, 0], [1, -1, -1, -1, -1, 0, 0, 1, 1, -1, -2, 0, -1, -1, 0, -1, 0, -1, 0, -1, 0, -1], [-2, 1, 1, -2, 0, 0, 0, 0, 0, -2, 0, -4, 2, 0, 0, 0, 0, -1, 1, 0, 0, 1], [1, -2, -3, 0, -1, -1, 0, 0, 1, 0, -1, 2, -4, -2, 1, -1, 0, 0, -2, -2, -1, -1], [0, -1, -2, -1, -1, -1, 0, 0, 1, -1, -1, 0, -2, -2, 1, 0, 0, 0, -1, -1, -1, 0], [0, 0, 1, 0, 0, 1, 0, 1, 0, 0, 0, 0, 1, 1, -2, -1, 0, -1, 1, 0, 1, -1], [0, -1, -1, -1, -1, 0, 0, 1, 1, -1, -1, 0, -1, 0, -1, -2, 0, -1, 0, -1, 0, -1], [-1, 0, 0, 0, 0, -1, 0, -1, -1, 0, 0, 0, 0, 0, 0, 0, -2, -1, 0, 0, -1, 0], [-1, 0, 0, -1, -1, 0, 0, 0, 0, -1, -1, -1, 0, 0, -1, -1, -1, -2, 1, 0, 0, 0], [0, -1, -2, 0, 0, -1, 0, 0, 1, 0, 0, 1, -2, -1, 1, 0, 0, 1, -2, -1, -1, 0], [0, -1, -2, -1, -1, -1, 0, 0, 1, -1, -1, 0, -2, -1, 0, -1, 0, 0, -1, -2, -1, 0], [-1, 0, -1, 0, 0, -1, 0, -1, 0, 0, 0, 0, -1, -1, 1, 0, -1, 0, -1, -1, -2, 1], [1, -1, -1, 0, -1, 0, 0, 1, 1, 0, -1, 1, -1, 0, -1, -1, 0, 0, 0, 0, 1, -2]]

Basis of the generic Picard lattice:
[1, 0, 0, 0, 0, 0, 0, 0, 0, 0, 0, 0, 0, 0, 0, 0, 0, -1, -1, 2, -1, 0]
[0, 1, 0, 0, 0, 0, 0, 0, 0, 0, 0, 0, 0, 0, 0, 2, 0, 2, 1, -2, 1, -3]
[0, 0, 1, 0, 0, 0, 0, 0, 0, 0, 0, 0, 0, 0, 0, 3, 0, 1, -1, -2, 3, -2]
[0, 0, 0, 1, 0, 0, 0, 0, 0, 0, 0, 0, 0, 0, 0, 1, 0, 0, 0, 0, 0, -1]
[0, 0, 0, 0, 1, 0, 0, 0, 0, 0, 0, 0, 0, 0, 0, 1, 0, 0, 0, -1, 2, -1]
[0, 0, 0, 0, 0, 1, 0, 0, 0, 0, 0, 0, 0, 0, 0, 1, 0, 0, -1, -1, 2, 0]
[0, 0, 0, 0, 0, 0, 1, 0, 0, 0, 0, 0, 0, 0, 0, 1, 0, 0, 0, -1, 2, -1]
[0, 0, 0, 0, 0, 0, 0, 1, 0, 0, 0, 0, 0, 0, 0, 0, 0, -1, -1, 0, 0, 1]
[0, 0, 0, 0, 0, 0, 0, 0, 1, 0, 0, 0, 0, 0, 0, 0, 0, -1, -1, 0, 0, 2]
[0, 0, 0, 0, 0, 0, 0, 0, 0, 1, 0, 0, 0, 0, 0, 0, 0, 1, 1, 0, -1, -1]
[0, 0, 0, 0, 0, 0, 0, 0, 0, 0, 1, 0, 0, 0, 0, 0, 0, 0, 0, -1, 2, 0]
[0, 0, 0, 0, 0, 0, 0, 0, 0, 0, 0, 1, 0, 0, 0, -2, 0, -1, 1, 2, -3, 0]
[0, 0, 0, 0, 0, 0, 0, 0, 0, 0, 0, 0, 1, 0, 0, 2, 0, 1, -1, -2, 3, -1]
[0, 0, 0, 0, 0, 0, 0, 0, 0, 0, 0, 0, 0, 1, 0, -1, 0, 0, 1, 0, -1, -1]
[0, 0, 0, 0, 0, 0, 0, 0, 0, 0, 0, 0, 0, 0, 1, 0, 0, 0, 0, 0, 2, 0]
[0, 0, 0, 0, 0, 0, 0, 0, 0, 0, 0, 0, 0, 0, 0, 0, 1, -1, -1, 0, 1, 1]

Class of hyperplane section:
[-1, -1, -2, 1, -1, 1, 1, 2, -1, 1, 0, 0, 2, -1, 1, -1, -2, 1, 0, -1, 2, 2]

Action of the group on homology:
[[-1, 0, -1, 0, 0, -2, 0, -2, -1, 0, 0, 0, -1, -1, 1, 0, -2, 0, -2, -1, -2, 0], [0, -1, -2, 0, 0, -2, 0, -2, 0, 0, 0, 0, -2, -2, 2, 0, -1, 0, -2, -2, -2, 0], [-1, 0, -1, -1, 0, -1, 0, -1, 0, 0, 0, 0, -1, -1, 1, 0, 0, 0, -1, -1, -1, 0], [1, 0, -1, 0, 0, 1, 0, 1, 1, 0, 0, 0, 0, 0, 0, 0, 2, 0, 1, 0, 1, 0], [-1, 0, 0, 0, 0, -2, -1, -1, -1, 0, 0, 0, 0, 0, 0, 0, -2, 0, -1, 0, -1, 0], [0, 0, 0, 0, 0, -1, 0, -1, -1, 0, 1, 0, 0, 0, 1, 1, -1, 1, -1, 0, -1, 1], [1, 0, 1, 0, -1, 2, 0, 2, 1, 0, -1, 0, 1, 1, -2, -1, 1, -1, 2, 1, 2, -1], [0, 0, 1, 0, 0, 2, 0, 2, 1, -1, -1, -1, 1, 1, -2, -1, 1, -1, 2, 1, 2, 0], [0, 0, -2, 0, 0, -2, 0, -2, 0, 1, 0, 1, -2, -2, 2, 0, -1, 0, -2, -2, -2, 0], [0, 0, 2, 0, 0, 2, 0, 2, 0, -1, 0, 0, 2, 2, -2, 0, 1, 0, 2, 2, 2, 0], [0, 0, -1, 0, 0, -1, 0, -1, 0, 0, -1, 0, -1, -1, 1, 0, -1, 0, -1, -1, -1, 0], [0, 0, 0, 0, 0, 0, 0, 0, 1, 1, 0, 0, 0, 0, 0, 0, 0, 0, 0, 0, 0, 0], [1, 0, 1, 1, 0, 2, 0, 2, 1, 1, 0, 1, 1, 2, -2, 0, 1, 0, 2, 2, 2, 0], [0, 0, -1, 0, 0, -1, 0, -1, 0, 0, 0, 0, -1, -2, 1, 0, 0, 0, -1, -1, -1, 0], [0, 0, 0, 0, 0, 1, 0, 1, 1, 0, 0, 0, 0, 0, -1, 0, 1, 0, 1, 0, 1, 0], [0, 0, -1, 0, 0, -1, 0, -1, 0, 0, 0, 0, -1, -1, 1, -1, 0, 0, -1, -1, -1, 0], [0, 0, 0, 0, 0, 0, 0, 0, 0, 0, 0, 0, 0, 0, 0, 0, 1, 0, 0, 0, 0, 0], [0, 0, 1, 0, 0, 1, 0, 0, -1, 0, 1, 0, 1, 1, 0, 1, 0, 0, 1, 1, 1, 0], [0, 0, 0, 0, 0, 0, 0, 0, 0, 0, 0, 0, 0, 0, 0, 0, 0, 0, 0, 0, 1, -1], [0, 0, 0, 0, 0, -1, 0, -1, -1, 0, 0, 0, 0, 0, 0, 0, -1, 0, -1, -1, -1, 0], [0, 0, 1, 0, 0, 2, 0, 2, 1, 0, 0, 0, 1, 1, -1, 0, 1, 0, 2, 1, 1, 0], [0, 0, 1, 0, 0, 2, 0, 2, 1, 0, 0, 0, 1, 1, -1, 0, 1, 0, 1, 1, 1, 0]]
[[0, 0, 0, -1, 0, 0, 0, 1, 1, 0, -1, 0, 0, 1, -1, -1, 0, 0, 0, 0, 1, -1], [1, -1, -1, 0, 0, -1, -1, 1, 1, -1, -2, 0, -1, -1, -1, -2, 0, 0, -1, -1, 1, -2], [-1, 0, -1, 0, 0, -1, 0, -1, -1, -1, -1, 0, -1, -1, 0, -1, -1, -1, -1, -1, -1, -1], [0, 0, 0, 1, 0, 0, 0, -1, -1, 0, 1, 0, 0, -1, 1, 1, 0, 0, 0, 0, 0, 0], [0, 0, -1, -1, 0, 0, 1, 1, 1, 0, -1, 1, -1, 1, -1, 0, 0, 0, 0, 0, 0, 0], [1, 0, 1, -1, 0, 2, 1, 2, 1, 0, 0, 0, 1, 3, -1, 0, 1, 0, 2, 1, 2, 0], [0, 0, 0, 0, -1, 0, 0, -1, 0, 1, 1, 0, 0, -1, 1, 1, 0, 0, 0, 0, -1, 1], [0, 0, 1, 1, 0, 0, -1, 0, 0, 1, 1, 0, 0, -1, 1, 1, 0, 1, 0, 1, 0, 1], [0, 0, -1, 0, 0, -1, 0, 0, 0, -1, -2, 0, -1, -1, -1, -2, -1, -1, -1, -2, 0, -2], [0, 0, 0, 0, 0, 1, 1, 0, 0, 1, 2, 1, 0, 1, 1, 2, 1, 1, 1, 1, -1, 2], [0, 0, 0, 0, 0, -1, -1, 0, 0, 0, -1, 0, 0, 0, -1, -1, -1, 0, 0, 0, 1, -1], [0, 0, 0, 1, 0, -1, -1, 0, 0, 0, -1, 0, 0, -1, -1, -1, -1, 0, -1, 0, 0, -1], [0, 0, 1, 1, 0, 0, -1, 0, 0, 1, 1, 0, 1, 0, 0, 1, 0, 1, 0, 1, 0, 1], [0, 0, 0, 0, 0, 0, 0, 0, 0, -1, -1, -1, 0, -1, 0, -1, 0, -1, 0, -1, 0, -1], [0, 0, 0, 1, 0, 0, -1, 0, 0, 0, 0, 0, 0, -1, 0, 0, 0, 0, 0, 0, 0, 0], [0, 0, 0, 0, 0, 0, 1, 0, 0, -1, -1, 0, -1, -1, 0, -1, 0, 0, -1, -1, 0, -1], [0, 0, -1, 1, 0, -1, 0, -1, -1, 0, 0, 1, -1, -1, 0, 0, 0, 0, -1, 0, -1, 0], [0, 0, 0, -1, 0, 1, 0, 0, 0, 0, 1, -1, 1, 1, 1, 1, 1, 0, 1, 0, 0, 1], [0, 0, -2, 0, 0, -1, 0, -1, 0, 0, 0, 0, -1, -1, 1, 0, 0, 0, -1, -1, -1, 0], [1, 0, 0, 0, 0, 0, 0, 0, 0, 1, 0, 1, 0, 1, 0, 0, 0, 0, 0, 0, 0, 0], [-1, 0, 1, 0, 0, 1, 0, 0, 0, 0, 1, 0, 1, 0, 0, 1, 0, 0, 1, 1, 0, 1], [-1, 0, 1, 0, 0, 1, 0, 0, 0, 1, 2, 0, 1, 1, 0, 1, 0, 0, 1, 1, 0, 1]]

####################
# ALGEBRAIC CURVES #
####################


There are 200 conics:
[0, 0, -1, -1, 1, 1, 0, 0, 0, 1, 0, 0, 0, -1, 0, -1, -1, 1, 1, 0, 0, 1]
[-1, -1, -1, 2, -2, 0, 1, 2, -1, 0, 0, 0, 2, 0, 1, 0, -1, 0, -1, -1, 2, 1]
[0, 0, -1, 1, -1, 1, 0, 1, 0, -1, 0, 0, 1, 0, 1, 0, -2, 0, -1, 0, 1, 1]
[-1, -1, -1, 0, 0, 0, 1, 1, -1, 2, 0, 0, 1, -1, 0, -1, 0, 1, 1, -1, 1, 1]
[0, -1, -1, -1, 1, 0, 1, 1, -1, 2, 0, -1, 0, -1, 0, -1, -1, 1, 1, 0, 1, 1]
[-1, 0, -1, 2, -2, 1, 0, 1, 0, -1, 0, 1, 2, 0, 1, 0, -1, 0, -1, -1, 1, 1]
[0, -1, -2, 0, 0, 1, 1, 1, -1, 2, 0, -1, 1, -1, 0, -1, -1, 1, 0, 0, 1, 2]
[-1, 0, 0, 1, -1, 0, 0, 1, 0, -1, 0, 1, 1, 0, 1, 0, -1, 0, 0, -1, 1, 0]
[1, 0, -2, -1, 1, 2, 0, 1, -1, 1, 1, -1, 0, -1, -1, -1, -2, 1, 0, 0, 0, 1]
[-2, -1, 0, 2, -2, -1, 1, 1, 0, 0, -1, 1, 2, 0, 2, 0, 0, 0, 0, -1, 2, 1]
[0, 1, 1, 1, -1, 0, -1, 0, 2, -2, 1, 1, 0, 1, 1, 1, -1, -1, -1, -1, 1, 0]
[-1, -2, -3, 0, 0, 1, 2, 2, -3, 3, -1, -1, 2, -2, 0, -2, -1, 2, 1, 0, 1, 2]
[1, 1, 0, -1, 1, 1, -1, 0, 1, 0, 1, 0, -1, 0, 0, 0, -1, 0, 0, 0, 0, 0]
[-2, -2, -2, 2, -2, 0, 2, 2, -2, 1, -1, 0, 3, -1, 1, -1, -1, 1, 0, -1, 2, 2]
[0, 0, -1, 1, -1, 1, 0, 1, 0, -1, 1, 0, 1, 0, 0, 0, -2, 0, -1, -1, 1, 1]
[-1, -1, -1, 0, 0, 0, 1, 1, -1, 2, -1, 0, 1, -1, 1, -1, 0, 1, 1, 0, 1, 1]
[0, 0, -1, -1, 1, 1, 0, 1, -1, 1, 0, 0, 0, -1, 0, -1, -1, 1, 1, 0, 0, 0]
[-1, -1, -1, 2, -2, 0, 1, 1, 0, 0, 0, 0, 2, 0, 1, 0, -1, 0, -1, -1, 2, 2]
[0, 0, -2, 0, 0, 2, 0, 1, -1, 1, 0, 0, 1, -1, 0, -1, -1, 1, 0, 0, 0, 1]
[-1, -1, 0, 1, -1, -1, 1, 1, 0, 0, 0, 0, 1, 0, 1, 0, -1, 0, 0, -1, 2, 1]
[1, 0, -2, -1, 1, 2, 0, 1, -1, 1, 0, -1, 0, -1, 0, -1, -2, 1, 0, 1, 0, 1]
[-2, -1, 0, 2, -2, -1, 1, 1, 0, 0, 0, 1, 2, 0, 1, 0, 0, 0, 0, -2, 2, 1]
[0, -1, -2, 0, 0, 1, 1, 2, -2, 2, 0, -1, 1, -1, 0, -1, -1, 1, 0, 0, 1, 1]
[-1, 0, 0, 1, -1, 0, 0, 0, 1, -1, 0, 1, 1, 0, 1, 0, -1, 0, 0, -1, 1, 1]
[0, 0, 0, 0, 0, 0, 0, 0, 1, 0, 1, 0, 0, 0, 0, 0, -1, 0, 0, -1, 1, 1]
[-1, -1, -2, 1, -1, 1, 1, 2, -2, 1, -1, 0, 2, -1, 1, -1, -1, 1, 0, 0, 1, 1]
[1, 1, -1, 0, 0, 2, -1, 1, 0, -1, 1, 0, 0, 0, 0, 0, -2, 0, -1, 0, 0, 0]
[-2, -2, -1, 1, -1, -1, 2, 1, -1, 2, -1, 0, 2, -1, 1, -1, 0, 1, 1, -1, 2, 2]
[0, 0, -1, 1, -1, 1, 0, 1, 0, 0, 0, 0, 1, 0, 1, 0, -1, 0, -1, 0, 1, 1]
[-1, -1, -1, 0, 0, 0, 1, 1, -1, 1, 0, 0, 1, -1, 0, -1, -1, 1, 1, -1, 1, 1]
[0, 0, 0, 0, 0, 0, 0, 1, 0, 0, 0, 0, 0, 0, 1, 0, -1, 0, 0, 0, 1, 0]
[-1, -1, -2, 1, -1, 1, 1, 1, -1, 1, 0, 0, 2, -1, 0, -1, -1, 1, 0, -1, 1, 2]
[0, -1, -2, 0, 0, 1, 1, 1, -1, 1, 0, -1, 1, -1, 0, -1, -2, 1, 0, 0, 1, 2]
[-1, 0, 0, 1, -1, 0, 0, 1, 0, 0, 0, 1, 1, 0, 1, 0, 0, 0, 0, -1, 1, 0]
[0, 1, 0, 0, 0, 1, -1, 0, 1, -1, 0, 1, 0, 0, 1, 0, -1, 0, 0, 0, 0, 0]
[-1, -2, -2, 1, -1, 0, 2, 2, -2, 2, 0, -1, 2, -1, 0, -1, -1, 1, 0, -1, 2, 2]
[0, -1, -1, -1, 0, 2, 0, 0, -1, 1, 0, 0, 1, -1, 0, -1, -2, 2, 0, 0, 1, 1]
[-1, 0, -1, 2, -1, -1, 1, 2, 0, 0, 0, 0, 1, 0, 1, 0, 0, -1, 0, -1, 1, 1]
[0, -1, -1, -1, 1, 1, 0, 1, -1, 1, 0, 0, 1, -1, 0, -1, -2, 1, 0, 0, 1, 1]
[-1, 0, -1, 2, -2, 0, 1, 1, 0, 0, 0, 0, 1, 0, 1, 0, 0, 0, 0, -1, 1, 1]
[0, -1, -1, -1, 0, 2, 0, 1, -1, 1, 0, 0, 1, -1, 0, -1, -2, 1, -1, 0, 1, 2]
[-1, 0, -1, 2, -1, -1, 1, 1, 0, 0, 0, 0, 1, 0, 1, 0, 0, 0, 1, -1, 1, 0]
[0, -1, -2, 0, 0, 2, 0, 1, -1, 1, 0, 0, 2, -1, 0, -1, -2, 1, -1, 0, 1, 2]
[-1, 0, 0, 1, -1, -1, 1, 1, 0, 0, 0, 0, 0, 0, 1, 0, 0, 0, 1, -1, 1, 0]
[2, 0, -2, -2, 1, 4, -1, 0, -1, 0, 1, -1, 0, -1, -1, -1, -4, 2, -1, 1, 0, 1]
[-3, -1, 0, 3, -2, -3, 2, 2, 0, 1, -1, 1, 2, 0, 2, 0, 2, -1, 1, -2, 2, 1]
[0, 2, 1, 1, 0, -1, -1, -1, 3, -2, 1, 1, -1, 1, 1, 1, 0, -1, 1, -1, 0, -1]
[-1, -3, -3, 0, -1, 2, 2, 3, -4, 3, -1, -1, 3, -2, 0, -2, -2, 2, -1, 0, 2, 3]
[1, 1, 0, -1, 1, 1, -1, -1, 2, -1, 1, 1, 0, 0, 0, 0, -2, 0, 0, 0, 0, 0]
[-2, -2, -2, 2, -2, 0, 2, 3, -3, 2, -1, -1, 2, -1, 1, -1, 0, 1, 0, -1, 2, 2]
[1, 1, -1, 0, 0, 2, -1, 0, 0, -1, 1, -1, -1, 0, 0, 0, -2, 1, 0, 0, 0, 0]
[-2, -2, -1, 1, -1, -1, 2, 2, -1, 2, -1, 1, 3, -1, 1, -1, 0, 0, 0, -1, 2, 2]
[0, -1, -1, -1, 0, 1, 1, 1, -1, 1, 0, 0, 1, -1, 0, -1, -2, 1, 0, 0, 1, 1]
[-1, 0, -1, 2, -1, 0, 0, 1, 0, 0, 0, 0, 1, 0, 1, 0, 0, 0, 0, -1, 1, 1]
[0, -1, -2, 0, 0, 1, 1, 1, -1, 1, 0, 0, 2, -1, 0, -1, -2, 1, 0, 0, 1, 1]
[-1, 0, 0, 1, -1, 0, 0, 1, 0, 0, 0, 0, 0, 0, 1, 0, 0, 0, 0, -1, 1, 1]
[0, -1, -2, 0, -1, 2, 1, 1, -1, 1, 0, 0, 2, -1, 0, -1, -2, 1, -1, 0, 1, 2]
[-1, 0, 0, 1, 0, -1, 0, 1, 0, 0, 0, 0, 0, 0, 1, 0, 0, 0, 1, -1, 1, 0]
[0, -1, -2, 0, 0, 1, 1, 2, -1, 1, 0, 0, 2, -1, 0, -1, -2, 0, -1, 0, 1, 2]
[-1, 0, 0, 1, -1, 0, 0, 0, 0, 0, 0, 0, 0, 0, 1, 0, 0, 1, 1, -1, 1, 0]
[1, 0, 0, -1, 1, 2, -1, -1, 1, 0, 0, -1, -1, 1, 0, 0, -2, 1, 0, 0, 0, 0]
[-2, -1, -2, 2, -2, -1, 2, 3, -2, 1, 0, 1, 3, -2, 1, -1, 0, 0, 0, -1, 2, 2]
[0, -1, -1, 0, 1, 2, 0, 0, 0, 1, -1, -1, 0, 0, 0, 0, -2, 1, 0, 0, 0, 1]
[-1, 0, -1, 1, -2, -1, 1, 2, -1, 0, 1, 1, 2, -1, 1, -1, 0, 0, 0, -1, 2, 1]
[0, 1, -1, 0, 0, 0, 0, 1, 0, -1, 1, 1, 1, -1, 0, 0, -1, 0, 0, -1, 1, 0]
[-1, -2, -1, 1, -1, 1, 1, 1, -1, 2, -1, -1, 1, 0, 1, -1, -1, 1, 0, 0, 1, 2]
[0, 1, -1, 0, -1, 0, 0, 1, 0, -1, 1, 1, 1, -1, 1, -1, -1, 0, 0, 0, 1, 1]
[-1, -2, -1, 1, 0, 1, 1, 1, -1, 2, -1, -1, 1, 0, 0, 0, -1, 1, 0, -1, 1, 1]
[0, -1, -1, 0, 0, 2, 0, 1, -1, 1, 0, -1, 0, 0, 0, -1, -2, 1, 0, 0, 0, 1]
[-1, 0, -1, 1, -1, -1, 1, 1, 0, 0, 0, 1, 2, -1, 1, 0, 0, 0, 0, -1, 2, 1]
[0, -1, -2, 0, 0, 3, 0, 0, -1, 1, -1, -1, 1, 0, 0, -1, -2, 2, 0, 0, 0, 1]
[-1, 0, 0, 1, -1, -2, 1, 2, 0, 0, 1, 1, 1, -1, 1, 0, 0, -1, 0, -1, 2, 1]
[0, 0, -2, 0, 0, 2, 0, 0, -1, 0, 0, 0, 1, -1, 0, -1, -1, 1, 0, 0, 1, 1]
[-1, -1, 0, 1, -1, -1, 1, 2, 0, 1, 0, 0, 1, 0, 1, 0, -1, 0, 0, -1, 1, 1]
[0, 0, -1, 0, 0, 1, 0, 1, -1, 0, 1, 0, 0, -1, 0, -1, -1, 0, 0, 0, 1, 1]
[-1, -1, -1, 1, -1, 0, 1, 1, 0, 1, -1, 0, 2, 0, 1, 0, -1, 1, 0, -1, 1, 1]
[0, 0, -1, 0, -1, 1, 0, 1, 0, 0, 0, 0, 1, 0, 1, -1, -2, 1, 0, 0, 0, 1]
[-1, -1, -1, 1, 0, 0, 1, 1, -1, 1, 0, 0, 1, -1, 0, 0, 0, 0, 0, -1, 2, 1]
[0, 0, -1, 0, 0, 1, 0, 1, 0, 0, 0, 0, 1, 0, 0, 0, -2, 1, 0, -1, 0, 0]
[-1, -1, -1, 1, -1, 0, 1, 1, -1, 1, 0, 0, 1, -1, 1, -1, 0, 0, 0, 0, 2, 2]
[0, 0, -1, 0, 1, 1, 0, 0, 0, 0, 0, 0, 0, -1, 0, 0, -1, 0, 0, 0, 1, 1]
[-1, -1, -1, 1, -2, 0, 1, 2, -1, 1, 0, 0, 2, 0, 1, -1, -1, 1, 0, -1, 1, 1]
[1, 1, 0, -1, 1, 1, -1, -1, 1, -1, 1, 0, -1, 0, 0, 0, -1, 0, 0, 0, 1, 0]
[-2, -2, -2, 2, -2, 0, 2, 3, -2, 2, -1, 0, 3, -1, 1, -1, -1, 1, 0, -1, 1, 2]
[0, 0, -1, -1, 0, 1, 0, 1, -1, 0, 1, 1, 1, -2, 0, -1, -2, 1, 0, 0, 1, 1]
[-1, -1, -1, 2, -1, 0, 1, 1, 0, 1, -1, -1, 1, 1, 1, 0, 0, 0, 0, -1, 1, 1]
[1, 1, -1, -1, 0, 1, -1, 1, 0, -1, 2, 1, 1, -1, 0, -1, -2, 0, -1, 0, 1, 1]
[-2, -2, -1, 2, -1, 0, 2, 1, -1, 2, -2, -1, 1, 0, 1, 0, 0, 1, 1, -1, 1, 1]
[0, 0, 0, 1, 0, 1, 0, 0, 1, 0, 0, -1, -1, 1, 0, 1, -1, 0, 0, -1, 0, 0]
[-1, -1, -2, 0, -1, 0, 1, 2, -2, 1, 0, 1, 3, -2, 1, -2, -1, 1, 0, 0, 2, 2]
[0, 0, 0, 1, 0, 0, 0, 0, 1, 0, 0, -1, -1, 1, 1, 0, -1, 0, 1, 0, 0, 0]
[-1, -1, -2, 0, -1, 1, 1, 2, -2, 1, 0, 1, 3, -2, 0, -1, -1, 1, -1, -1, 2, 2]
[0, -1, -2, -1, 0, 1, 1, 2, -2, 1, 0, 0, 2, -2, 0, -1, -2, 1, -1, 0, 2, 2]
[-1, 0, 0, 2, -1, 0, 0, 0, 1, 0, 0, 0, 0, 1, 1, 0, 0, 0, 1, -1, 0, 0]
[0, -1, -2, 0, -1, 1, 1, 2, -2, 1, 1, 0, 2, -2, 0, -1, -2, 1, -1, 0, 2, 2]
[-1, 0, 0, 1, 0, 0, 0, 0, 1, 0, -1, 0, 0, 1, 1, 0, 0, 0, 1, -1, 0, 0]
[0, 0, -1, -1, 1, 1, 0, 0, 0, 0, 0, 1, 1, -1, 0, -1, -1, 0, 0, 0, 1, 1]
[-1, -1, -1, 2, -2, 0, 1, 2, -1, 1, 0, -1, 1, 0, 1, 0, -1, 1, 0, -1, 1, 1]
[0, 0, -1, 0, 0, 1, 0, 0, 0, 0, 1, 1, 1, -1, 0, -1, -1, 0, 0, 0, 1, 1]
[-1, -1, -1, 1, -1, 0, 1, 2, -1, 1, -1, -1, 1, 0, 1, 0, -1, 1, 0, -1, 1, 1]
[1, 0, -1, -1, 1, 1, 0, 0, 0, 0, 1, 0, 0, -1, 0, -1, -2, 0, 0, 1, 1, 1]
[-2, -1, -1, 2, -2, 0, 1, 2, -1, 1, -1, 0, 2, 0, 1, 0, 0, 1, 0, -2, 1, 1]
[1, 0, -1, -1, 1, 2, 0, 0, 0, 0, 1, 0, 0, -1, -1, 0, -2, 0, -1, 0, 1, 1]
[-2, -1, -1, 2, -2, -1, 1, 2, -1, 1, -1, 0, 2, 0, 2, -1, 0, 1, 1, -1, 1, 1]
[0, 1, 0, 1, -1, 0, -1, 1, 1, -1, 1, 0, 0, 1, 1, 0, -1, 0, 0, -1, 0, 0]
[-1, -2, -2, 0, 0, 1, 2, 1, -2, 2, -1, 0, 2, -2, 0, -1, -1, 1, 0, 0, 2, 2]
[0, -1, -2, 0, 0, 1, 1, 1, -1, 1, 0, 0, 2, -1, 0, -1, -1, 0, -1, 0, 2, 2]
[-1, 0, 0, 1, -1, 0, 0, 1, 0, 0, 0, 0, 0, 0, 1, 0, -1, 1, 1, -1, 0, 0]
[1, 1, 0, -1, 1, 2, -2, -1, 1, -1, 1, 0, -1, 0, 0, 0, -2, 1, 0, 0, 0, 0]
[-2, -2, -2, 2, -2, -1, 3, 3, -2, 2, -1, 0, 3, -1, 1, -1, 0, 0, 0, -1, 2, 2]
[1, 1, -1, 0, 0, 1, 0, 0, 1, -1, 1, 0, 0, 0, 0, 0, -2, 0, 0, 0, 0, 0]
[-2, -2, -1, 1, -1, 0, 1, 2, -2, 2, -1, 0, 2, -1, 1, -1, 0, 1, 0, -1, 2, 2]
[0, -1, -1, -1, 0, 2, 0, 1, -2, 1, 0, -1, 0, -1, 0, -1, -2, 2, 0, 0, 1, 1]
[-1, 0, -1, 2, -1, -1, 1, 1, 1, 0, 0, 1, 2, 0, 1, 0, 0, -1, 0, -1, 1, 1]
[0, -1, -2, 0, 0, 2, 0, 1, -2, 1, 0, -1, 1, -1, 0, -1, -2, 2, 0, 0, 1, 1]
[-1, 0, 0, 1, -1, -1, 1, 1, 1, 0, 0, 1, 1, 0, 1, 0, 0, -1, 0, -1, 1, 1]
[0, -1, -2, 0, -1, 3, 0, 1, -2, 1, 0, -1, 1, -1, 0, -1, -2, 2, -1, 0, 1, 2]
[-1, 0, 0, 1, 0, -2, 1, 1, 1, 0, 0, 1, 1, 0, 1, 0, 0, -1, 1, -1, 1, 0]
[0, -1, -2, 0, 0, 2, 0, 2, -2, 1, 0, -1, 1, -1, 0, -1, -2, 1, -1, 0, 1, 2]
[-1, 0, 0, 1, -1, -1, 1, 0, 1, 0, 0, 1, 1, 0, 1, 0, 0, 0, 1, -1, 1, 0]
[0, -1, -1, 1, 0, 1, 1, 0, 0, 1, 0, -1, 0, 0, 0, 0, -1, 0, 0, 0, 1, 1]
[-1, 0, -1, 0, -1, 0, 0, 2, -1, 0, 0, 1, 2, -1, 1, -1, -1, 1, 0, -1, 1, 1]
[0, -1, -1, 0, 1, 1, 1, 0, 0, 1, -1, -1, 0, 0, 0, 0, -1, 0, 0, 0, 1, 1]
[-1, 0, -1, 1, -2, 0, 0, 2, -1, 0, 1, 1, 2, -1, 1, -1, -1, 1, 0, -1, 1, 1]
[0, 0, -1, 0, -1, 0, 0, 2, -1, 0, 1, 0, 1, -1, 1, -1, -2, 1, 0, 0, 1, 1]
[-1, -1, -1, 1, 0, 1, 1, 0, 0, 1, -1, 0, 1, 0, 0, 0, 0, 0, 0, -1, 1, 1]
[0, 0, -1, 0, -1, 1, 0, 2, -1, 0, 1, 0, 1, -1, 0, 0, -2, 1, -1, -1, 1, 1]
[-1, -1, -1, 1, 0, 0, 1, 0, 0, 1, -1, 0, 1, 0, 1, -1, 0, 0, 1, 0, 1, 1]
[1, 1, 0, 0, 1, 1, -1, -1, 2, -1, 1, 0, -1, 1, 0, 0, -1, -1, 0, 0, 0, 0]
[-2, -2, -2, 1, -2, 0, 2, 3, -3, 2, -1, 0, 3, -2, 1, -1, -1, 2, 0, -1, 2, 2]
[0, 0, 0, 0, 1, 1, 0, -1, 1, 0, 0, 0, -1, 0, 0, 0, -1, 0, 1, 0, 0, 0]
[-1, -1, -2, 1, -2, 0, 1, 3, -2, 1, 0, 0, 3, -1, 1, -1, -1, 1, -1, -1, 2, 2]
[0, -1, 0, 0, 1, 1, 0, 0, 0, 1, 0, -1, -1, 0, 0, 0, -1, 0, 0, 0, 1, 1]
[-1, 0, -2, 1, -2, 0, 1, 2, -1, 0, 0, 1, 3, -1, 1, -1, -1, 1, 0, -1, 1, 1]
[0, -1, -1, 0, 1, 2, 0, -1, 0, 1, -1, -1, 0, 0, 0, 0, -1, 1, 0, 0, 1, 1]
[-1, 0, -1, 1, -2, -1, 1, 3, -1, 0, 1, 1, 2, -1, 1, -1, -1, 0, 0, -1, 1, 1]
[1, 0, -1, -1, 1, 3, -1, -1, 0, 0, 0, -1, -1, 0, 0, -1, -2, 1, 0, 1, 0, 1]
[-2, -1, -1, 2, -2, -2, 2, 3, -1, 1, 0, 1, 3, -1, 1, 0, 0, 0, 0, -2, 2, 1]
[1, 0, -1, -1, 2, 3, -1, -1, 0, 0, 0, -1, -1, 0, -1, 0, -2, 1, 0, 0, 0, 0]
[-2, -1, -1, 2, -3, -2, 2, 3, -1, 1, 0, 1, 3, -1, 2, -1, 0, 0, 0, -1, 2, 2]
[0, -1, -1, 0, 0, 2, 0, 0, -1, 1, 0, -1, 0, 0, 0, -1, -1, 1, 0, 0, 1, 1]
[-1, 0, -1, 1, -1, -1, 1, 2, 0, 0, 0, 1, 2, -1, 1, 0, -1, 0, 0, -1, 1, 1]
[0, 1, 0, 0, -1, -1, 0, 1, 1, -1, 1, 1, 1, 0, 1, 0, -1, 0, 0, -1, 1, 0]
[-1, -2, -2, 1, 0, 2, 1, 1, -2, 2, -1, -1, 1, -1, 0, -1, -1, 1, 0, 0, 1, 2]
[0, -1, -3, 1, -1, 2, 1, 2, -2, 1, 0, -1, 2, -1, 0, -1, -2, 1, -1, 0, 1, 2]
[-1, 0, 1, 0, 0, -1, 0, 0, 1, 0, 0, 1, 0, 0, 1, 0, 0, 0, 1, -1, 1, 0]
[0, -1, -2, 0, -1, 2, 1, 2, -2, 1, 0, -1, 1, -1, 0, -1, -2, 1, -1, 0, 1, 2]
[-1, 0, 0, 1, 0, -1, 0, 0, 1, 0, 0, 1, 1, 0, 1, 0, 0, 0, 1, -1, 1, 0]
[0, -1, -2, 0, 0, 1, 1, 2, -2, 1, 0, -1, 1, -1, 0, -1, -2, 1, 0, 0, 1, 1]
[-1, 0, 0, 1, -1, 0, 0, 0, 1, 0, 0, 1, 1, 0, 1, 0, 0, 0, 0, -1, 1, 1]
[0, -1, -2, 0, -1, 2, 1, 1, -2, 1, 0, -1, 1, -1, 0, -1, -2, 2, 0, 0, 1, 1]
[-1, 0, 0, 1, 0, -1, 0, 1, 1, 0, 0, 1, 1, 0, 1, 0, 0, -1, 0, -1, 1, 1]
[0, 1, 0, 0, 0, 0, -1, 0, 1, -1, 1, 1, 0, 0, 1, -1, -1, 0, 1, 0, 0, 0]
[-1, -2, -2, 1, -1, 1, 2, 2, -2, 2, -1, -1, 2, -1, 0, 0, -1, 1, -1, -1, 2, 2]
[0, 1, 0, 0, 0, 1, -1, 0, 1, -1, 1, 1, 0, 0, 0, 0, -1, 0, 0, -1, 0, 0]
[-1, -2, -2, 1, -1, 0, 2, 2, -2, 2, -1, -1, 2, -1, 1, -1, -1, 1, 0, 0, 2, 2]
[1, 0, -1, 0, 0, 1, 0, 1, 0, 0, 1, -1, 0, 0, 0, 0, -2, 0, -1, 0, 1, 1]
[-2, -1, -1, 1, -1, 0, 1, 1, -1, 1, -1, 1, 2, -1, 1, -1, 0, 1, 1, -1, 1, 1]
[0, -1, -1, 0, 0, 1, 1, 1, -1, 1, 0, -1, 0, -1, 0, 0, -2, 1, 0, 0, 1, 1]
[-1, 0, -1, 1, -1, 0, 0, 1, 0, 0, 0, 1, 2, 0, 1, -1, 0, 0, 0, -1, 1, 1]
[0, 0, 0, 0, 0, 0, 0, 0, 1, 0, 0, 0, 0, 0, 1, 0, -1, 0, 0, 0, 1, 1]
[-1, -1, -2, 1, -1, 1, 1, 2, -2, 1, 0, 0, 2, -1, 0, -1, -1, 1, 0, -1, 1, 1]
[0, 0, 0, 0, 1, 0, 0, 0, 1, 0, 0, 0, 0, 0, 0, 1, -1, 0, 0, -1, 1, 0]
[-1, -1, -2, 1, -2, 1, 1, 2, -2, 1, 0, 0, 2, -1, 1, -2, -1, 1, 0, 0, 1, 2]
[0, 0, -2, 0, 0, 2, 0, 1, -1, 0, 0, 0, 1, -1, 0, -1, -2, 1, 0, 0, 0, 1]
[-1, -1, 0, 1, -1, -1, 1, 1, 0, 1, 0, 0, 1, 0, 1, 0, 0, 0, 0, -1, 2, 1]
[1, 1, -1, -1, 0, 2, -1, 0, 0, -1, 1, 0, 0, 0, 0, -1, -2, 1, 0, 0, 0, 0]
[-2, -2, -1, 2, -1, -1, 2, 2, -1, 2, -1, 0, 2, -1, 1, 0, 0, 0, 0, -1, 2, 2]
[1, 1, 0, -1, 1, 1, -1, -1, 1, -1, 1, 0, -1, 0, 0, 0, -2, 1, 1, 0, 0, -1]
[-2, -2, -2, 2, -2, 0, 2, 3, -2, 2, -1, 0, 3, -1, 1, -1, 0, 0, -1, -1, 2, 3]
[1, 1, 0, -1, 0, 2, -1, -1, 1, -1, 1, 0, -1, 0, 0, 0, -2, 1, 0, 0, 0, 0]
[-2, -2, -2, 2, -1, -1, 2, 3, -2, 2, -1, 0, 3, -1, 1, -1, 0, 0, 0, -1, 2, 2]
[1, 1, 0, -1, 1, 1, -1, 0, 1, -1, 1, 0, -1, 0, 0, 0, -2, 0, 0, 0, 0, 0]
[-2, -2, -2, 2, -2, 0, 2, 2, -2, 2, -1, 0, 3, -1, 1, -1, 0, 1, 0, -1, 2, 2]
[1, 1, 0, 0, 0, 1, -1, 0, 1, -1, 2, 0, -1, 0, 0, 0, -2, 0, 0, 0, 0, 0]
[-2, -2, -2, 1, -1, 0, 2, 2, -2, 2, -2, 0, 3, -1, 1, -1, 0, 1, 0, -1, 2, 2]
[0, 0, 0, 0, -1, 0, 0, 1, 0, 0, 1, 0, 0, 0, 1, -1, -1, 0, 0, 0, 1, 1]
[-1, -1, -2, 1, 0, 1, 1, 1, -1, 1, -1, 0, 2, -1, 0, 0, -1, 1, 0, -1, 1, 1]
[0, 0, 0, 0, 0, 0, 0, 1, 0, 0, 1, 0, 0, 0, 0, 0, -1, 0, 0, -1, 1, 0]
[-1, -1, -2, 1, -1, 1, 1, 1, -1, 1, -1, 0, 2, -1, 1, -1, -1, 1, 0, 0, 1, 2]
[0, 0, -1, 1, -1, 1, 0, 1, 0, 0, 1, 0, 1, 0, 0, 0, -1, 0, -1, -1, 1, 1]
[-1, -1, -1, 0, 0, 0, 1, 1, -1, 1, -1, 0, 1, -1, 1, -1, -1, 1, 1, 0, 1, 1]
[0, 0, -1, 1, -1, 0, 0, 1, 0, 0, 1, 0, 1, 0, 1, -1, -1, 0, 0, 0, 1, 1]
[-1, -1, -1, 0, 0, 1, 1, 1, -1, 1, -1, 0, 1, -1, 0, 0, -1, 1, 0, -1, 1, 1]
[1, 1, -1, -1, 1, 2, -1, -1, 1, -1, 0, 0, 0, 0, 0, 0, -2, 1, 0, 0, 0, 0]
[-2, -2, -1, 2, -2, -1, 2, 3, -2, 2, 0, 0, 2, -1, 1, -1, 0, 0, 0, -1, 2, 2]
[0, 0, -1, 0, 0, 1, 0, 1, 0, 0, 0, 0, 1, 0, 0, 0, -1, 0, -1, -1, 1, 1]
[-1, -1, -1, 1, -1, 0, 1, 1, -1, 1, 0, 0, 1, -1, 1, -1, -1, 1, 1, 0, 1, 1]
[1, 1, -1, 0, 0, 2, -1, 0, 1, -1, 1, 0, 0, 0, 0, 0, -2, 0, -1, 0, 0, 1]
[-2, -2, -1, 1, -1, -1, 2, 2, -2, 2, -1, 0, 2, -1, 1, -1, 0, 1, 1, -1, 2, 1]
[0, 0, -1, 0, 0, 0, 0, 1, 0, 0, 0, 0, 1, 0, 1, -1, -1, 0, 0, 0, 1, 1]
[-1, -1, -1, 1, -1, 1, 1, 1, -1, 1, 0, 0, 1, -1, 0, 0, -1, 1, 0, -1, 1, 1]
[1, 1, -1, 0, 1, 1, -1, 0, 1, -1, 1, 0, 0, 0, 0, 0, -2, 0, 0, 0, 0, 0]
[-2, -2, -1, 1, -2, 0, 2, 2, -2, 2, -1, 0, 2, -1, 1, -1, 0, 1, 0, -1, 2, 2]
[1, 1, -1, 0, 0, 2, -1, -1, 1, -1, 1, 0, 0, 0, 0, 0, -2, 1, 0, 0, 0, 0]
[-2, -2, -1, 1, -1, -1, 2, 3, -2, 2, -1, 0, 2, -1, 1, -1, 0, 0, 0, -1, 2, 2]
[0, 0, -1, 0, 0, 1, 0, 0, 0, 0, 0, 0, 1, 0, 0, 0, -1, 1, 0, -1, 1, 0]
[-1, -1, -1, 1, -1, 0, 1, 2, -1, 1, 0, 0, 1, -1, 1, -1, -1, 0, 0, 0, 1, 2]
[0, 0, -1, 0, -1, 1, 0, 0, 0, 0, 0, 0, 1, 0, 1, -1, -1, 1, 0, 0, 1, 1]
[-1, -1, -1, 1, 0, 0, 1, 2, -1, 1, 0, 0, 1, -1, 0, 0, -1, 0, 0, -1, 1, 1]

################
# DISCRIMINANT #
################

The discriminant has 5 components of degree 1, 3 components of degree 2, 1 component of degree 5, and 1 component of degree 10:
128*Z[0]^5 + 128*Z[0]^4*Z[1] + 64*Z[0]^4*Z[2] - 128*Z[0]^4*Z[3] - 64*Z[0]^3*Z[1]^2 + 128*Z[0]^3*Z[1]*Z[2] - 64*Z[0]^3*Z[1]*Z[3] - 96*Z[0]^3*Z[2]^2 - 64*Z[0]^3*Z[2]*Z[3] + 96*Z[0]^3*Z[3]^2 - 128*Z[0]^2*Z[1]^3 + 240*Z[0]^2*Z[1]^2*Z[2] + 24*Z[0]^2*Z[1]^2*Z[3] - 96*Z[0]^2*Z[1]*Z[2]^2 - 96*Z[0]^2*Z[1]*Z[2]*Z[3] - 48*Z[0]^2*Z[1]*Z[3]^2 - 16*Z[0]^2*Z[2]^3 + 32*Z[0]^2*Z[2]^2*Z[3] + 80*Z[0]^2*Z[2]*Z[3]^2 - 24*Z[0]^2*Z[3]^3 - 83*Z[0]*Z[1]^4 + 176*Z[0]*Z[1]^3*Z[2] + 116*Z[0]*Z[1]^3*Z[3] - 24*Z[0]*Z[1]^2*Z[2]^2 - 84*Z[0]*Z[1]^2*Z[2]*Z[3] - 30*Z[0]*Z[1]^2*Z[3]^2 - 64*Z[0]*Z[1]*Z[2]^2*Z[3] + 8*Z[0]*Z[1]*Z[2]*Z[3]^2 + 20*Z[0]*Z[1]*Z[3]^3 + 16*Z[0]*Z[2]^4 + 16*Z[0]*Z[2]^3*Z[3] - 4*Z[0]*Z[2]*Z[3]^3 - Z[0]*Z[3]^4 - 62*Z[1]^5 + 13*Z[1]^4*Z[2] + 25*Z[1]^4*Z[3] + 28*Z[1]^3*Z[2]*Z[3] - 18*Z[1]^3*Z[3]^2 - 8*Z[1]^2*Z[2]^3 - 4*Z[1]^2*Z[2]^2*Z[3] + 2*Z[1]^2*Z[2]*Z[3]^2 + Z[1]^2*Z[3]^3
2*Z[0] - 2*Z[1] + Z[2]
4*Z[0] - Z[1] - 2*Z[2] + Z[3]
4*Z[0]*Z[6] + 8*Z[1]*Z[6] + 4*Z[2]*Z[6] + 4*Z[3]*Z[6] - 3*Z[4]^2 - 6*Z[4]*Z[5] - 3*Z[5]^2
512*Z[0]^5*Z[6]^3 + 512*Z[0]^4*Z[1]*Z[6]^3 + 256*Z[0]^4*Z[2]*Z[6]^3 - 512*Z[0]^4*Z[3]*Z[6]^3 - 768*Z[0]^4*Z[4]^2*Z[6]^2 + 192*Z[0]^4*Z[5]^2*Z[6]^2 - 256*Z[0]^3*Z[1]^2*Z[6]^3 + 512*Z[0]^3*Z[1]*Z[2]*Z[6]^3 - 256*Z[0]^3*Z[1]*Z[3]*Z[6]^3 - 768*Z[0]^3*Z[1]*Z[4]^2*Z[6]^2 + 384*Z[0]^3*Z[1]*Z[4]*Z[5]*Z[6]^2 - 384*Z[0]^3*Z[2]^2*Z[6]^3 - 256*Z[0]^3*Z[2]*Z[3]*Z[6]^3 + 128*Z[0]^3*Z[2]*Z[4]^2*Z[6]^2 - 128*Z[0]^3*Z[2]*Z[4]*Z[5]*Z[6]^2 + 320*Z[0]^3*Z[2]*Z[5]^2*Z[6]^2 + 384*Z[0]^3*Z[3]^2*Z[6]^3 + 640*Z[0]^3*Z[3]*Z[4]^2*Z[6]^2 - 256*Z[0]^3*Z[3]*Z[4]*Z[5]*Z[6]^2 - 320*Z[0]^3*Z[3]*Z[5]^2*Z[6]^2 + 352*Z[0]^3*Z[4]^4*Z[6] + 64*Z[0]^3*Z[4]^3*Z[5]*Z[6] - 384*Z[0]^3*Z[4]^2*Z[5]^2*Z[6] + 160*Z[0]^3*Z[4]*Z[5]^3*Z[6] + 40*Z[0]^3*Z[5]^4*Z[6] - 512*Z[0]^2*Z[1]^3*Z[6]^3 + 960*Z[0]^2*Z[1]^2*Z[2]*Z[6]^3 + 96*Z[0]^2*Z[1]^2*Z[3]*Z[6]^3 - 288*Z[0]^2*Z[1]^2*Z[4]^2*Z[6]^2 + 720*Z[0]^2*Z[1]^2*Z[4]*Z[5]*Z[6]^2 - 288*Z[0]^2*Z[1]^2*Z[5]^2*Z[6]^2 - 384*Z[0]^2*Z[1]*Z[2]^2*Z[6]^3 - 384*Z[0]^2*Z[1]*Z[2]*Z[3]*Z[6]^3 - 768*Z[0]^2*Z[1]*Z[2]*Z[4]*Z[5]*Z[6]^2 + 384*Z[0]^2*Z[1]*Z[2]*Z[5]^2*Z[6]^2 - 192*Z[0]^2*Z[1]*Z[3]^2*Z[6]^3 + 384*Z[0]^2*Z[1]*Z[3]*Z[4]^2*Z[6]^2 + 96*Z[0]^2*Z[1]*Z[3]*Z[4]*Z[5]*Z[6]^2 + 288*Z[0]^2*Z[1]*Z[3]*Z[5]^2*Z[6]^2 + 288*Z[0]^2*Z[1]*Z[4]^4*Z[6] + 96*Z[0]^2*Z[1]*Z[4]^3*Z[5]*Z[6] - 576*Z[0]^2*Z[1]*Z[4]^2*Z[5]^2*Z[6] + 144*Z[0]^2*Z[1]*Z[4]*Z[5]^3*Z[6] - 120*Z[0]^2*Z[1]*Z[5]^4*Z[6] - 64*Z[0]^2*Z[2]^3*Z[6]^3 + 128*Z[0]^2*Z[2]^2*Z[3]*Z[6]^3 + 384*Z[0]^2*Z[2]^2*Z[4]^2*Z[6]^2 + 128*Z[0]^2*Z[2]^2*Z[4]*Z[5]*Z[6]^2 - 16*Z[0]^2*Z[2]^2*Z[5]^2*Z[6]^2 + 320*Z[0]^2*Z[2]*Z[3]^2*Z[6]^3 + 64*Z[0]^2*Z[2]*Z[3]*Z[4]^2*Z[6]^2 - 128*Z[0]^2*Z[2]*Z[3]*Z[4]*Z[5]*Z[6]^2 - 384*Z[0]^2*Z[2]*Z[3]*Z[5]^2*Z[6]^2 - 240*Z[0]^2*Z[2]*Z[4]^4*Z[6] - 32*Z[0]^2*Z[2]*Z[4]^3*Z[5]*Z[6] + 100*Z[0]^2*Z[2]*Z[5]^4*Z[6] - 96*Z[0]^2*Z[3]^3*Z[6]^3 - 448*Z[0]^2*Z[3]^2*Z[4]^2*Z[6]^2 + 240*Z[0]^2*Z[3]^2*Z[4]*Z[5]*Z[6]^2 + 64*Z[0]^2*Z[3]^2*Z[5]^2*Z[6]^2 - 256*Z[0]^2*Z[3]*Z[4]^4*Z[6] + 256*Z[0]^2*Z[3]*Z[4]^3*Z[5]*Z[6] + 288*Z[0]^2*Z[3]*Z[4]^2*Z[5]^2*Z[6] - 208*Z[0]^2*Z[3]*Z[4]*Z[5]^3*Z[6] + 16*Z[0]^2*Z[3]*Z[5]^4*Z[6] - 48*Z[0]^2*Z[4]^6 - 16*Z[0]^2*Z[4]^5*Z[5] + 100*Z[0]^2*Z[4]^4*Z[5]^2 - 32*Z[0]^2*Z[4]^3*Z[5]^3 - 64*Z[0]^2*Z[4]^2*Z[5]^4 + 52*Z[0]^2*Z[4]*Z[5]^5 - 11*Z[0]^2*Z[5]^6 - 332*Z[0]*Z[1]^4*Z[6]^3 + 704*Z[0]*Z[1]^3*Z[2]*Z[6]^3 + 464*Z[0]*Z[1]^3*Z[3]*Z[6]^3 - 96*Z[0]*Z[1]^3*Z[4]^2*Z[6]^2 + 432*Z[0]*Z[1]^3*Z[4]*Z[5]*Z[6]^2 - 408*Z[0]*Z[1]^3*Z[5]^2*Z[6]^2 - 96*Z[0]*Z[1]^2*Z[2]^2*Z[6]^3 - 336*Z[0]*Z[1]^2*Z[2]*Z[3]*Z[6]^3 - 384*Z[0]*Z[1]^2*Z[2]*Z[4]^2*Z[6]^2 - 888*Z[0]*Z[1]^2*Z[2]*Z[4]*Z[5]*Z[6]^2 + 216*Z[0]*Z[1]^2*Z[2]*Z[5]^2*Z[6]^2 - 120*Z[0]*Z[1]^2*Z[3]^2*Z[6]^3 + 120*Z[0]*Z[1]^2*Z[3]*Z[4]^2*Z[6]^2 - 576*Z[0]*Z[1]^2*Z[3]*Z[4]*Z[5]*Z[6]^2 + 204*Z[0]*Z[1]^2*Z[3]*Z[5]^2*Z[6]^2 + 168*Z[0]*Z[1]^2*Z[4]^4*Z[6] + 84*Z[0]*Z[1]^2*Z[4]^3*Z[5]*Z[6] - 144*Z[0]*Z[1]^2*Z[4]^2*Z[5]^2*Z[6] + 510*Z[0]*Z[1]^2*Z[4]*Z[5]^3*Z[6] - 78*Z[0]*Z[1]^2*Z[5]^4*Z[6] - 256*Z[0]*Z[1]*Z[2]^2*Z[3]*Z[6]^3 + 192*Z[0]*Z[1]*Z[2]^2*Z[4]^2*Z[6]^2 + 224*Z[0]*Z[1]*Z[2]^2*Z[4]*Z[5]*Z[6]^2 + 128*Z[0]*Z[1]*Z[2]^2*Z[5]^2*Z[6]^2 + 32*Z[0]*Z[1]*Z[2]*Z[3]^2*Z[6]^3 + 448*Z[0]*Z[1]*Z[2]*Z[3]*Z[4]^2*Z[6]^2 + 304*Z[0]*Z[1]*Z[2]*Z[3]*Z[4]*Z[5]*Z[6]^2 + 96*Z[0]*Z[1]*Z[2]*Z[3]*Z[5]^2*Z[6]^2 - 96*Z[0]*Z[1]*Z[2]*Z[4]^4*Z[6] + 160*Z[0]*Z[1]*Z[2]*Z[4]^3*Z[5]*Z[6] + 48*Z[0]*Z[1]*Z[2]*Z[4]^2*Z[5]^2*Z[6] - 264*Z[0]*Z[1]*Z[2]*Z[4]*Z[5]^3*Z[6] - 56*Z[0]*Z[1]*Z[2]*Z[5]^4*Z[6] + 80*Z[0]*Z[1]*Z[3]^3*Z[6]^3 + 80*Z[0]*Z[1]*Z[3]^2*Z[4]^2*Z[6]^2 - 128*Z[0]*Z[1]*Z[3]^2*Z[5]^2*Z[6]^2 - 208*Z[0]*Z[1]*Z[3]*Z[4]^4*Z[6] - 200*Z[0]*Z[1]*Z[3]*Z[4]^3*Z[5]*Z[6] + 96*Z[0]*Z[1]*Z[3]*Z[4]^2*Z[5]^2*Z[6] - 76*Z[0]*Z[1]*Z[3]*Z[4]*Z[5]^3*Z[6] + 52*Z[0]*Z[1]*Z[3]*Z[5]^4*Z[6] - 32*Z[0]*Z[1]*Z[4]^6 - 64*Z[0]*Z[1]*Z[4]^5*Z[5] + 136*Z[0]*Z[1]*Z[4]^4*Z[5]^2 + 72*Z[0]*Z[1]*Z[4]^3*Z[5]^3 - 148*Z[0]*Z[1]*Z[4]^2*Z[5]^4 + 52*Z[0]*Z[1]*Z[4]*Z[5]^5 - 4*Z[0]*Z[1]*Z[5]^6 + 64*Z[0]*Z[2]^4*Z[6]^3 + 64*Z[0]*Z[2]^3*Z[3]*Z[6]^3 - 96*Z[0]*Z[2]^3*Z[4]^2*Z[6]^2 - 32*Z[0]*Z[2]^3*Z[4]*Z[5]*Z[6]^2 - 96*Z[0]*Z[2]^3*Z[5]^2*Z[6]^2 - 160*Z[0]*Z[2]^2*Z[3]*Z[4]^2*Z[6]^2 + 128*Z[0]*Z[2]^2*Z[3]*Z[4]*Z[5]*Z[6]^2 - 48*Z[0]*Z[2]^2*Z[3]*Z[5]^2*Z[6]^2 - 24*Z[0]*Z[2]^2*Z[4]^4*Z[6] - 16*Z[0]*Z[2]^2*Z[4]^3*Z[5]*Z[6] + 64*Z[0]*Z[2]^2*Z[4]^2*Z[5]^2*Z[6] - 40*Z[0]*Z[2]^2*Z[4]*Z[5]^3*Z[6] + 48*Z[0]*Z[2]^2*Z[5]^4*Z[6] - 16*Z[0]*Z[2]*Z[3]^3*Z[6]^3 - 160*Z[0]*Z[2]*Z[3]^2*Z[4]^2*Z[6]^2 + 8*Z[0]*Z[2]*Z[3]^2*Z[4]*Z[5]*Z[6]^2 + 24*Z[0]*Z[2]*Z[3]^2*Z[5]^2*Z[6]^2 + 64*Z[0]*Z[2]*Z[3]*Z[4]^4*Z[6] - 64*Z[0]*Z[2]*Z[3]*Z[4]^3*Z[5]*Z[6] + 160*Z[0]*Z[2]*Z[3]*Z[4]^2*Z[5]^2*Z[6] - 72*Z[0]*Z[2]*Z[3]*Z[4]*Z[5]^3*Z[6] + 48*Z[0]*Z[2]*Z[4]^6 + 16*Z[0]*Z[2]*Z[4]^5*Z[5] - 44*Z[0]*Z[2]*Z[4]^4*Z[5]^2 - 8*Z[0]*Z[2]*Z[4]^3*Z[5]^3 - 14*Z[0]*Z[2]*Z[4]^2*Z[5]^4 + 28*Z[0]*Z[2]*Z[4]*Z[5]^5 - 8*Z[0]*Z[2]*Z[5]^6 - 4*Z[0]*Z[3]^4*Z[6]^3 + 56*Z[0]*Z[3]^3*Z[4]^2*Z[6]^2 - 32*Z[0]*Z[3]^3*Z[4]*Z[5]*Z[6]^2 + 12*Z[0]*Z[3]^3*Z[5]^2*Z[6]^2 + 152*Z[0]*Z[3]^2*Z[4]^4*Z[6] - 124*Z[0]*Z[3]^2*Z[4]^3*Z[5]*Z[6] - 20*Z[0]*Z[3]^2*Z[4]^2*Z[5]^2*Z[6] + 46*Z[0]*Z[3]^2*Z[4]*Z[5]^3*Z[6] - 12*Z[0]*Z[3]^2*Z[5]^4*Z[6] + 32*Z[0]*Z[3]*Z[4]^6 - 48*Z[0]*Z[3]*Z[4]^5*Z[5] - 56*Z[0]*Z[3]*Z[4]^4*Z[5]^2 + 84*Z[0]*Z[3]*Z[4]^3*Z[5]^3 - 12*Z[0]*Z[3]*Z[4]^2*Z[5]^4 - 14*Z[0]*Z[3]*Z[4]*Z[5]^5 + 4*Z[0]*Z[3]*Z[5]^6 - 248*Z[1]^5*Z[6]^3 + 52*Z[1]^4*Z[2]*Z[6]^3 + 100*Z[1]^4*Z[3]*Z[6]^3 + 57*Z[1]^4*Z[4]^2*Z[6]^2 + 570*Z[1]^4*Z[4]*Z[5]*Z[6]^2 - 63*Z[1]^4*Z[5]^2*Z[6]^2 + 112*Z[1]^3*Z[2]*Z[3]*Z[6]^3 - 176*Z[1]^3*Z[2]*Z[4]^2*Z[6]^2 - 160*Z[1]^3*Z[2]*Z[4]*Z[5]*Z[6]^2 - 56*Z[1]^3*Z[2]*Z[5]^2*Z[6]^2 - 72*Z[1]^3*Z[3]^2*Z[6]^3 - 172*Z[1]^3*Z[3]*Z[4]^2*Z[6]^2 - 128*Z[1]^3*Z[3]*Z[4]*Z[5]*Z[6]^2 + 44*Z[1]^3*Z[3]*Z[5]^2*Z[6]^2 + 56*Z[1]^3*Z[4]^4*Z[6] - 28*Z[1]^3*Z[4]^3*Z[5]*Z[6] - 408*Z[1]^3*Z[4]^2*Z[5]^2*Z[6] + 104*Z[1]^3*Z[4]*Z[5]^3*Z[6] - 4*Z[1]^3*Z[5]^4*Z[6] - 32*Z[1]^2*Z[2]^3*Z[6]^3 - 16*Z[1]^2*Z[2]^2*Z[3]*Z[6]^3 + 72*Z[1]^2*Z[2]^2*Z[4]^2*Z[6]^2 + 8*Z[1]^2*Z[2]^2*Z[4]*Z[5]*Z[6]^2 + 32*Z[1]^2*Z[2]^2*Z[5]^2*Z[6]^2 + 8*Z[1]^2*Z[2]*Z[3]^2*Z[6]^3 + 100*Z[1]^2*Z[2]*Z[3]*Z[4]^2*Z[6]^2 - 176*Z[1]^2*Z[2]*Z[3]*Z[4]*Z[5]*Z[6]^2 + 12*Z[1]^2*Z[2]*Z[4]^4*Z[6] + 214*Z[1]^2*Z[2]*Z[4]^3*Z[5]*Z[6] + 78*Z[1]^2*Z[2]*Z[4]^2*Z[5]^2*Z[6] + 84*Z[1]^2*Z[2]*Z[4]*Z[5]^3*Z[6] - 8*Z[1]^2*Z[2]*Z[5]^4*Z[6] + 4*Z[1]^2*Z[3]^3*Z[6]^3 + 26*Z[1]^2*Z[3]^2*Z[4]^2*Z[6]^2 + 102*Z[1]^2*Z[3]^2*Z[4]*Z[5]*Z[6]^2 - 8*Z[1]^2*Z[3]^2*Z[5]^2*Z[6]^2 - 40*Z[1]^2*Z[3]*Z[4]^4*Z[6] + 232*Z[1]^2*Z[3]*Z[4]^3*Z[5]*Z[6] - 6*Z[1]^2*Z[3]*Z[4]^2*Z[5]^2*Z[6] - 58*Z[1]^2*Z[3]*Z[4]*Z[5]^3*Z[6] + 4*Z[1]^2*Z[3]*Z[5]^4*Z[6] - 16*Z[1]^2*Z[4]^6 - 64*Z[1]^2*Z[4]^5*Z[5] - 20*Z[1]^2*Z[4]^4*Z[5]^2 + 92*Z[1]^2*Z[4]^3*Z[5]^3 - 40*Z[1]^2*Z[4]^2*Z[5]^4 + 4*Z[1]^2*Z[4]*Z[5]^5 + 32*Z[1]*Z[2]^3*Z[4]*Z[5]*Z[6]^2 + 64*Z[1]*Z[2]^2*Z[3]*Z[4]^2*Z[6]^2 + 16*Z[1]*Z[2]^2*Z[3]*Z[4]*Z[5]*Z[6]^2 - 24*Z[1]*Z[2]^2*Z[4]^4*Z[6] - 104*Z[1]*Z[2]^2*Z[4]^3*Z[5]*Z[6] - 40*Z[1]*Z[2]^2*Z[4]^2*Z[5]^2*Z[6] - 32*Z[1]*Z[2]^2*Z[4]*Z[5]^3*Z[6] - 8*Z[1]*Z[2]*Z[3]^2*Z[4]^2*Z[6]^2 - 8*Z[1]*Z[2]*Z[3]^2*Z[4]*Z[5]*Z[6]^2 - 88*Z[1]*Z[2]*Z[3]*Z[4]^4*Z[6] - 92*Z[1]*Z[2]*Z[3]*Z[4]^3*Z[5]*Z[6] + 68*Z[1]*Z[2]*Z[3]*Z[4]^2*Z[5]^2*Z[6] + 16*Z[1]*Z[2]*Z[4]^6 + 32*Z[1]*Z[2]*Z[4]^5*Z[5] - 28*Z[1]*Z[2]*Z[4]^4*Z[5]^2 + 28*Z[1]*Z[2]*Z[4]^3*Z[5]^3 - 28*Z[1]*Z[2]*Z[4]^2*Z[5]^4 + 8*Z[1]*Z[2]*Z[4]*Z[5]^5 - 20*Z[1]*Z[3]^3*Z[4]^2*Z[6]^2 - 4*Z[1]*Z[3]^3*Z[4]*Z[5]*Z[6]^2 - 8*Z[1]*Z[3]^2*Z[4]^4*Z[6] + 4*Z[1]*Z[3]^2*Z[4]^3*Z[5]*Z[6] - 16*Z[1]*Z[3]^2*Z[4]^2*Z[5]^2*Z[6] + 8*Z[1]*Z[3]^2*Z[4]*Z[5]^3*Z[6] + 32*Z[1]*Z[3]*Z[4]^6 + 48*Z[1]*Z[3]*Z[4]^5*Z[5] - 88*Z[1]*Z[3]*Z[4]^4*Z[5]^2 + 20*Z[1]*Z[3]*Z[4]^3*Z[5]^3 + 12*Z[1]*Z[3]*Z[4]^2*Z[5]^4 - 4*Z[1]*Z[3]*Z[4]*Z[5]^5 - 16*Z[2]^4*Z[4]^2*Z[6]^2 - 16*Z[2]^3*Z[3]*Z[4]^2*Z[6]^2 + 28*Z[2]^3*Z[4]^4*Z[6] + 8*Z[2]^3*Z[4]^3*Z[5]*Z[6] + 16*Z[2]^3*Z[4]^2*Z[5]^2*Z[6] + 32*Z[2]^2*Z[3]*Z[4]^4*Z[6] - 32*Z[2]^2*Z[3]*Z[4]^3*Z[5]*Z[6] + 8*Z[2]^2*Z[3]*Z[4]^2*Z[5]^2*Z[6] - 12*Z[2]^2*Z[4]^6 - 4*Z[2]^2*Z[4]^5*Z[5] - 3*Z[2]^2*Z[4]^4*Z[5]^2 + 12*Z[2]^2*Z[4]^3*Z[5]^3 - 4*Z[2]^2*Z[4]^2*Z[5]^4 + 4*Z[2]*Z[3]^3*Z[4]^2*Z[6]^2 + 20*Z[2]*Z[3]^2*Z[4]^4*Z[6] - 2*Z[2]*Z[3]^2*Z[4]^3*Z[5]*Z[6] - 4*Z[2]*Z[3]^2*Z[4]^2*Z[5]^2*Z[6] - 16*Z[2]*Z[3]*Z[4]^6 + 24*Z[2]*Z[3]*Z[4]^5*Z[5] - 12*Z[2]*Z[3]*Z[4]^4*Z[5]^2 + 2*Z[2]*Z[3]*Z[4]^3*Z[5]^3 + Z[3]^4*Z[4]^2*Z[6]^2 - 8*Z[3]^3*Z[4]^4*Z[6] + 8*Z[3]^3*Z[4]^3*Z[5]*Z[6] - 2*Z[3]^3*Z[4]^2*Z[5]^2*Z[6] - 16*Z[3]^2*Z[4]^6 + 16*Z[3]^2*Z[4]^5*Z[5] - 4*Z[3]^2*Z[4]^3*Z[5]^3 + Z[3]^2*Z[4]^2*Z[5]^4
8*Z[0]*Z[6] - 8*Z[1]*Z[6] + 4*Z[2]*Z[6] - 4*Z[4]^2 + 4*Z[4]*Z[5] - Z[5]^2
Z[0] + 2*Z[1] + Z[2] + Z[3]
Z[6]

#############
# MONODROMY #
#############


Generators of the monodromy group on the second homology group:
[[1, 0, 0, 0, 0, 0, 0, 0, 0, 0, 0, 0, 0, 0, 0, 0, 0, 0, 0, 0, 0, 0], [0, 1, 0, 0, 0, 0, 0, 0, 0, 0, 0, 0, 0, 0, 0, 0, 0, 0, 0, 0, 0, 0], [0, 0, 1, 0, 0, 0, 0, 0, 0, 0, 0, 0, 0, 0, 0, 0, 0, 0, 0, 0, 0, 0], [0, 0, 0, 1, 0, 0, 0, 0, 0, 0, 0, 0, 0, 0, 0, 0, 0, 0, 0, 0, 0, 0], [0, 0, 0, 0, 1, 0, 0, 0, 0, 0, 0, 0, 0, 0, 0, 0, 0, 0, 0, 0, 0, 0], [0, 0, 0, 0, 0, 1, 0, 0, 0, 0, 0, 0, 0, 0, 0, 0, 0, 0, 0, 0, 0, 0], [0, 0, 0, 0, 0, 0, 1, 0, 0, 0, 0, 0, 0, 0, 0, 0, 0, 0, 0, 0, 0, 0], [0, 0, 0, 0, 0, 0, 0, 1, 0, 0, 0, 0, 0, 0, 0, 0, 0, 0, 0, 0, 0, 0], [0, 0, 0, 0, 0, 0, 0, 0, 1, 0, 0, 0, 0, 0, 0, 0, 0, 0, 0, 0, 0, 0], [0, 0, 0, 0, 0, 0, 0, 0, 0, 1, 0, 0, 0, 0, 0, 0, 0, 0, 0, 0, 0, 0], [0, 0, 0, 0, 0, 0, 0, 0, 0, 0, 1, 0, 0, 0, 0, 0, 0, 0, 0, 0, 0, 0], [0, 0, 0, 0, 0, 0, 0, 0, 0, 0, 0, 1, 0, 0, 0, 0, 0, 0, 0, 0, 0, 0], [0, 0, 0, 0, 0, 0, 0, 0, 0, 0, 0, 0, 1, 0, 0, 0, 0, 0, 0, 0, 0, 0], [0, 0, 0, 0, 0, 0, 0, 0, 0, 0, 0, 0, 0, 1, 0, 0, 0, 0, 0, 0, 0, 0], [0, 0, 0, 0, 0, 0, 0, 0, 0, 0, 0, 0, 0, 0, 1, 0, 0, 0, 0, 0, 0, 0], [0, 0, 0, 0, 0, 0, 0, 0, 0, 0, 0, 0, 0, 0, 0, 1, 0, 0, 0, 0, 0, 0], [0, 0, 0, 0, 0, 0, 0, 0, 0, 0, 0, 0, 0, 0, 0, 0, 1, 0, 0, 0, 0, 0], [0, 0, 0, 0, 0, 0, 0, 0, 0, 0, 0, 0, 0, 0, 0, 0, 0, 1, 0, 0, 0, 0], [0, 0, 0, 0, 0, 0, 0, 0, 0, 0, 0, 0, 0, 0, 0, 0, 0, 0, 1, 0, 0, 0], [0, 0, 0, 0, 0, 0, 0, 0, 0, 0, 0, 0, 0, 0, 0, 0, 0, 0, 0, 1, 0, 0], [0, 0, 0, 0, 0, 0, 0, 0, 0, 0, 0, 0, 0, 0, 0, 0, 0, 0, 0, 0, 1, 0], [0, 0, 0, 0, 0, 0, 0, 0, 0, 0, 0, 0, 0, 0, 0, 0, 0, 0, 0, 0, 0, 1]]
[[1, 0, 0, 0, 0, 0, 0, 0, 0, 0, 0, 0, 0, 0, 0, 0, 0, 0, 0, 0, 0, 0], [0, 1, 0, 0, 0, 0, 0, 0, 0, 0, 0, 0, 0, 0, 0, 0, 0, 0, 0, 0, 0, 0], [0, 0, 1, 0, 0, 0, 0, 0, 0, 0, 0, 0, 0, 0, 0, 0, 0, 0, 0, 0, 0, 0], [0, 0, 0, 1, 0, 0, 0, 0, 0, 0, 0, 0, 0, 0, 0, 0, 0, 0, 0, 0, 0, 0], [0, 0, 0, 0, 1, 0, 0, 0, 0, 0, 0, 0, 0, 0, 0, 0, 0, 0, 0, 0, 0, 0], [0, 0, 0, 0, 0, 1, 0, 0, 0, 0, 0, 0, 0, 0, 0, 0, 0, 0, 0, 0, 0, 0], [0, 0, 0, 0, 0, 0, 1, 0, 0, 0, 0, 0, 0, 0, 0, 0, 0, 0, 0, 0, 0, 0], [0, 0, 0, 0, 0, 0, 0, 1, 0, 0, 0, 0, 0, 0, 0, 0, 0, 0, 0, 0, 0, 0], [0, 0, 0, 0, 0, 0, 0, 0, 1, 0, 0, 0, 0, 0, 0, 0, 0, 0, 0, 0, 0, 0], [0, 0, 0, 0, 0, 0, 0, 0, 0, 1, 0, 0, 0, 0, 0, 0, 0, 0, 0, 0, 0, 0], [0, 0, 0, 0, 0, 0, 0, 0, 0, 0, 1, 0, 0, 0, 0, 0, 0, 0, 0, 0, 0, 0], [0, 0, 0, 0, 0, 0, 0, 0, 0, 0, 0, 1, 0, 0, 0, 0, 0, 0, 0, 0, 0, 0], [0, 0, 0, 0, 0, 0, 0, 0, 0, 0, 0, 0, 1, 0, 0, 0, 0, 0, 0, 0, 0, 0], [0, 0, 0, 0, 0, 0, 0, 0, 0, 0, 0, 0, 0, 1, 0, 0, 0, 0, 0, 0, 0, 0], [0, 0, 0, 0, 0, 0, 0, 0, 0, 0, 0, 0, 0, 0, 1, 0, 0, 0, 0, 0, 0, 0], [0, 0, 0, 0, 0, 0, 0, 0, 0, 0, 0, 0, 0, 0, 0, 1, 0, 0, 0, 0, 0, 0], [0, 0, 0, 0, 0, 0, 0, 0, 0, 0, 0, 0, 0, 0, 0, 0, 1, 0, 0, 0, 0, 0], [0, 0, 0, 0, 0, 0, 0, 0, 0, 0, 0, 0, 0, 0, 0, 0, 0, 1, 0, 0, 0, 0], [0, 0, 0, 0, 0, 0, 0, 0, 0, 0, 0, 0, 0, 0, 0, 0, 0, 0, 1, 0, 0, 0], [0, 0, 0, 0, 0, 0, 0, 0, 0, 0, 0, 0, 0, 0, 0, 0, 0, 0, 0, 1, 0, 0], [0, 0, 0, 0, 0, 0, 0, 0, 0, 0, 0, 0, 0, 0, 0, 0, 0, 0, 0, 0, 1, 0], [0, 0, 0, 0, 0, 0, 0, 0, 0, 0, 0, 0, 0, 0, 0, 0, 0, 0, 0, 0, 0, 1]]
[[1, 0, 0, 0, 0, 0, 0, 0, 0, 0, 0, 0, 0, 0, 0, 0, 0, 0, 0, 0, 0, 0], [0, 1, 0, 0, 0, 0, 0, 0, 0, 0, 0, 0, 0, 0, 0, 0, 0, 0, 0, 0, 0, 0], [0, 0, 1, 0, 0, 0, 0, 0, 0, 0, 0, 0, 0, 0, 0, 0, 0, 0, 0, 0, 0, 0], [0, 0, 0, 1, 0, 0, 0, 0, 0, 0, 0, 0, 0, 0, 0, 0, 0, 0, 0, 0, 0, 0], [0, 0, 0, 0, 1, 0, 0, 0, 0, 0, 0, 0, 0, 0, 0, 0, 0, 0, 0, 0, 0, 0], [0, 0, 0, 0, 0, 1, 0, 0, 0, 0, 0, 0, 0, 0, 0, 0, 0, 0, 0, 0, 0, 0], [0, 0, 0, 0, 0, 0, 1, 0, 0, 0, 0, 0, 0, 0, 0, 0, 0, 0, 0, 0, 0, 0], [0, 0, 0, 0, 0, 0, 0, 1, 0, 0, 0, 0, 0, 0, 0, 0, 0, 0, 0, 0, 0, 0], [0, 0, 0, 0, 0, 0, 0, 0, 1, 0, 0, 0, 0, 0, 0, 0, 0, 0, 0, 0, 0, 0], [0, 0, 0, 0, 0, 0, 0, 0, 0, 1, 0, 0, 0, 0, 0, 0, 0, 0, 0, 0, 0, 0], [0, 0, 0, 0, 0, 0, 0, 0, 0, 0, 1, 0, 0, 0, 0, 0, 0, 0, 0, 0, 0, 0], [0, 0, 0, 0, 0, 0, 0, 0, 0, 0, 0, 1, 0, 0, 0, 0, 0, 0, 0, 0, 0, 0], [0, 0, 0, 0, 0, 0, 0, 0, 0, 0, 0, 0, 1, 0, 0, 0, 0, 0, 0, 0, 0, 0], [0, 0, 0, 0, 0, 0, 0, 0, 0, 0, 0, 0, 0, 1, 0, 0, 0, 0, 0, 0, 0, 0], [0, 0, 0, 0, 0, 0, 0, 0, 0, 0, 0, 0, 0, 0, 1, 0, 0, 0, 0, 0, 0, 0], [0, 0, 0, 0, 0, 0, 0, 0, 0, 0, 0, 0, 0, 0, 0, 1, 0, 0, 0, 0, 0, 0], [0, 0, 0, 0, 0, 0, 0, 0, 0, 0, 0, 0, 0, 0, 0, 0, 1, 0, 0, 0, 0, 0], [0, 0, 0, 0, 0, 0, 0, 0, 0, 0, 0, 0, 0, 0, 0, 0, 0, 1, 0, 0, 0, 0], [0, 0, 0, 0, 0, 0, 0, 0, 0, 0, 0, 0, 0, 0, 0, 0, 0, 0, 1, 0, 0, 0], [0, 0, 0, 0, 0, 0, 0, 0, 0, 0, 0, 0, 0, 0, 0, 0, 0, 0, 0, 1, 0, 0], [0, 0, 0, 0, 0, 0, 0, 0, 0, 0, 0, 0, 0, 0, 0, 0, 0, 0, 0, 0, 1, 0], [0, 0, 0, 0, 0, 0, 0, 0, 0, 0, 0, 0, 0, 0, 0, 0, 0, 0, 0, 0, 0, 1]]
[[1, 0, 0, 0, 0, 0, 0, 0, 0, 0, 0, 0, 0, 0, 0, 0, 0, 0, 0, 0, 0, 0], [1, -1, -2, 0, -1, -1, -1, 0, 1, 0, -1, 1, -2, -1, 0, -1, 0, 0, -1, -1, 0, -1], [0, 0, 1, 0, 0, 0, 0, 0, 0, 0, 0, 0, 0, 0, 0, 0, 0, 0, 0, 0, 0, 0], [0, 0, 0, 1, 0, 0, 0, 0, 0, 0, 0, 0, 0, 0, 0, 0, 0, 0, 0, 0, 0, 0], [0, 0, 0, 0, 1, 0, 0, 0, 0, 0, 0, 0, 0, 0, 0, 0, 0, 0, 0, 0, 0, 0], [0, 0, 0, 0, 0, 1, 0, 0, 0, 0, 0, 0, 0, 0, 0, 0, 0, 0, 0, 0, 0, 0], [0, 0, 0, 0, 0, 0, 1, 0, 0, 0, 0, 0, 0, 0, 0, 0, 0, 0, 0, 0, 0, 0], [0, 0, 0, 0, 0, 0, 0, 1, 0, 0, 0, 0, 0, 0, 0, 0, 0, 0, 0, 0, 0, 0], [0, 0, 0, 0, 0, 0, 0, 0, 1, 0, 0, 0, 0, 0, 0, 0, 0, 0, 0, 0, 0, 0], [0, 0, 0, 0, 0, 0, 0, 0, 0, 1, 0, 0, 0, 0, 0, 0, 0, 0, 0, 0, 0, 0], [0, 0, 0, 0, 0, 0, 0, 0, 0, 0, 1, 0, 0, 0, 0, 0, 0, 0, 0, 0, 0, 0], [0, 0, 0, 0, 0, 0, 0, 0, 0, 0, 0, 1, 0, 0, 0, 0, 0, 0, 0, 0, 0, 0], [0, 0, 0, 0, 0, 0, 0, 0, 0, 0, 0, 0, 1, 0, 0, 0, 0, 0, 0, 0, 0, 0], [0, 0, 0, 0, 0, 0, 0, 0, 0, 0, 0, 0, 0, 1, 0, 0, 0, 0, 0, 0, 0, 0], [0, 0, 0, 0, 0, 0, 0, 0, 0, 0, 0, 0, 0, 0, 1, 0, 0, 0, 0, 0, 0, 0], [0, 0, 0, 0, 0, 0, 0, 0, 0, 0, 0, 0, 0, 0, 0, 1, 0, 0, 0, 0, 0, 0], [0, 0, 0, 0, 0, 0, 0, 0, 0, 0, 0, 0, 0, 0, 0, 0, 1, 0, 0, 0, 0, 0], [0, 0, 0, 0, 0, 0, 0, 0, 0, 0, 0, 0, 0, 0, 0, 0, 0, 1, 0, 0, 0, 0], [0, 0, 0, 0, 0, 0, 0, 0, 0, 0, 0, 0, 0, 0, 0, 0, 0, 0, 1, 0, 0, 0], [0, 0, 0, 0, 0, 0, 0, 0, 0, 0, 0, 0, 0, 0, 0, 0, 0, 0, 0, 1, 0, 0], [0, 0, 0, 0, 0, 0, 0, 0, 0, 0, 0, 0, 0, 0, 0, 0, 0, 0, 0, 0, 1, 0], [0, 0, 0, 0, 0, 0, 0, 0, 0, 0, 0, 0, 0, 0, 0, 0, 0, 0, 0, 0, 0, 1]]
[[1, 0, 0, 0, 0, 0, 0, 0, 0, 0, 0, 0, 0, 0, 0, 0, 0, 0, 0, 0, 0, 0], [0, 0, -1, 0, 0, 0, 0, 0, 0, 0, 0, 1, -1, 0, 0, 1, 0, 0, 0, 0, 0, 0], [0, 0, 1, 0, 0, 0, 0, 0, 0, 0, 0, 0, 0, 0, 0, 0, 0, 0, 0, 0, 0, 0], [0, 0, 0, 1, 0, 0, 0, 0, 0, 0, 0, 0, 0, 0, 0, 0, 0, 0, 0, 0, 0, 0], [1, 0, 0, -1, -1, 0, 0, 0, 1, 0, -1, -1, 0, -1, 0, -2, 0, -1, 0, -1, 0, -1], [0, 1, 1, 0, 0, 1, 0, 0, 0, 0, 0, -1, 1, 0, 0, -1, 0, 0, 0, 0, 0, 0], [0, -1, -1, 0, 0, -1, -1, 0, 0, 0, 0, 0, 0, 0, 0, 0, 0, 0, 0, 0, 0, 0], [0, -1, -1, 0, 0, 0, 0, 1, 0, 0, 0, 1, -1, 0, 0, 1, 0, 0, 0, 0, 0, 0], [0, 0, 0, 0, 0, 0, 0, 0, 1, 0, 0, 0, 0, 0, 0, 0, 0, 0, 0, 0, 0, 0], [0, 1, 1, 0, 0, 0, 0, 0, 0, 1, 0, -1, 1, 0, 0, -1, 0, 0, 0, 0, 0, 0], [0, -1, -1, 0, 0, 0, 0, 0, 0, 0, 1, 1, -1, 0, 0, 1, 0, 0, 0, 0, 0, 0], [0, -1, -1, 0, 0, 0, 0, 0, 0, 0, 0, 2, -1, 0, 0, 1, 0, 0, 0, 0, 0, 0], [0, -1, -1, 0, 0, 0, 0, 0, 0, 0, 0, 1, 0, 0, 0, 1, 0, 0, 0, 0, 0, 0], [0, 0, 0, 0, 0, 0, 0, 0, 0, 0, 0, 0, 0, 1, 0, 0, 0, 0, 0, 0, 0, 0], [0, -1, -1, 0, 0, 0, 0, 0, 0, 0, 0, 1, -1, 0, 1, 1, 0, 0, 0, 0, 0, 0], [0, 1, 1, 0, 0, 0, 0, 0, 0, 0, 0, -1, 1, 0, 0, 0, 0, 0, 0, 0, 0, 0], [0, 0, 0, 0, 0, 0, 0, 0, 0, 0, 0, 0, 0, 0, 0, 0, 1, 0, 0, 0, 0, 0], [0, 0, 0, 0, 0, 0, 0, 0, 0, 0, 0, 0, 0, 0, 0, 0, 0, 1, 0, 0, 0, 0], [0, 0, 0, 0, 0, 0, 0, 0, 0, 0, 0, 0, 0, 0, 0, 0, 0, 0, 1, 0, 0, 0], [0, 0, 0, 0, 0, 0, 0, 0, 0, 0, 0, 0, 0, 0, 0, 0, 0, 0, 0, 1, 0, 0], [0, 0, 0, 0, 0, 0, 0, 0, 0, 0, 0, 0, 0, 0, 0, 0, 0, 0, 0, 0, 1, 0], [0, 0, 0, 0, 0, 0, 0, 0, 0, 0, 0, 0, 0, 0, 0, 0, 0, 0, 0, 0, 0, 1]]
[[1, 0, 0, 0, 0, 0, 0, 0, 0, 0, 0, 0, 0, 0, 0, 0, 0, 0, 0, 0, 0, 0], [0, 1, 0, 0, 0, 0, 0, 0, 0, 0, 0, 0, 0, 0, 0, 0, 0, 0, 0, 0, 0, 0], [0, 0, 1, 0, 0, 0, 0, 0, 0, 0, 0, 0, 0, 0, 0, 0, 0, 0, 0, 0, 0, 0], [0, 0, 0, 1, 0, 0, 0, 0, 0, 0, 0, 0, 0, 0, 0, 0, 0, 0, 0, 0, 0, 0], [0, 0, 0, 0, 1, 0, 0, 0, 0, 0, 0, 0, 0, 0, 0, 0, 0, 0, 0, 0, 0, 0], [0, 0, 0, 0, 0, 1, 0, 0, 0, 0, 0, 0, 0, 0, 0, 0, 0, 0, 0, 0, 0, 0], [0, 0, 0, 0, 0, 0, 1, 0, 0, 0, 0, 0, 0, 0, 0, 0, 0, 0, 0, 0, 0, 0], [0, 0, 0, 0, 0, 0, 0, 1, 0, 0, 0, 0, 0, 0, 0, 0, 0, 0, 0, 0, 0, 0], [0, 0, 0, 0, 0, 0, 0, 0, 1, 0, 0, 0, 0, 0, 0, 0, 0, 0, 0, 0, 0, 0], [0, 0, 0, 0, 0, 0, 0, 0, 0, 1, 0, 0, 0, 0, 0, 0, 0, 0, 0, 0, 0, 0], [0, 0, 0, 0, 0, 0, 0, 0, 0, 0, 1, 0, 0, 0, 0, 0, 0, 0, 0, 0, 0, 0], [0, 0, 0, 0, 0, 0, 0, 0, 0, 0, 0, 1, 0, 0, 0, 0, 0, 0, 0, 0, 0, 0], [0, 0, 0, 0, 0, 0, 0, 0, 0, 0, 0, 0, 1, 0, 0, 0, 0, 0, 0, 0, 0, 0], [0, 0, 0, 0, 0, 0, 0, 0, 0, 0, 0, 0, 0, 1, 0, 0, 0, 0, 0, 0, 0, 0], [0, 0, 0, 0, 0, 0, 0, 0, 0, 0, 0, 0, 0, 0, 1, 0, 0, 0, 0, 0, 0, 0], [0, 0, 0, 0, 0, 0, 0, 0, 0, 0, 0, 0, 0, 0, 0, 1, 0, 0, 0, 0, 0, 0], [0, 0, 0, 0, 0, 0, 0, 0, 0, 0, 0, 0, 0, 0, 0, 0, 1, 0, 0, 0, 0, 0], [0, 0, 0, 0, 0, 0, 0, 0, 0, 0, 0, 0, 0, 0, 0, 0, 0, 1, 0, 0, 0, 0], [0, 0, 0, 0, 0, 0, 0, 0, 0, 0, 0, 0, 0, 0, 0, 0, 0, 0, 1, 0, 0, 0], [0, 0, 0, 0, 0, 0, 0, 0, 0, 0, 0, 0, 0, 0, 0, 0, 0, 0, 0, 1, 0, 0], [0, 0, 0, 0, 0, 0, 0, 0, 0, 0, 0, 0, 0, 0, 0, 0, 0, 0, 0, 0, 1, 0], [0, 0, 0, 0, 0, 0, 0, 0, 0, 0, 0, 0, 0, 0, 0, 0, 0, 0, 0, 0, 0, 1]]
[[0, 0, 0, 0, 0, 0, -1, 0, 0, 0, 0, 0, 0, 0, 0, 0, 0, 0, 0, 0, 0, 0], [1, 1, 0, 0, 0, 0, 1, 0, 0, 0, 0, 0, 0, 0, 0, 0, 0, 0, 0, 0, 0, 0], [0, 0, -1, 0, -1, -1, 0, 0, 0, 0, -1, 0, -1, 0, -2, -1, -1, -1, 0, 0, 0, -1], [0, 0, -1, 0, -1, 0, 1, 0, 1, 1, 0, 1, -1, 0, -1, 0, 0, 0, 0, 0, 0, 0], [0, 0, 1, 0, 0, 0, -1, 0, 0, 0, -1, -1, 1, 0, 0, -1, -1, -1, 0, 0, 0, -1], [0, 0, 1, 0, 1, 1, -1, 0, 0, 0, 1, -1, 1, 0, 2, 1, 1, 1, 0, 0, 0, 1], [-1, 0, 0, 0, 0, 0, 0, 0, 0, 0, 0, 0, 0, 0, 0, 0, 0, 0, 0, 0, 0, 0], [0, 0, 1, 0, 1, 1, 1, 1, 0, 0, 1, 1, 0, 0, 1, 1, 1, 1, 0, 0, 0, 1], [0, 0, -2, 0, -1, -1, 0, 0, 1, 0, -1, 0, -1, 0, -2, -1, -1, -1, 0, 0, 0, -1], [0, 0, 2, 1, 1, 1, 0, 0, -1, 0, 0, 0, 1, 0, 1, 0, 0, 0, 0, 0, 0, 0], [0, 0, 0, 0, 0, 0, 0, 0, 0, 0, 1, 0, 0, 0, 0, 0, 0, 0, 0, 0, 0, 0], [1, 0, -1, 0, 0, -1, 0, 0, 0, 0, 0, 0, 0, 0, 0, 0, 0, 0, 0, 0, 0, 0], [0, 0, 0, 0, 1, 0, 0, 0, 0, 0, 1, 0, 1, 0, 1, 1, 1, 1, 0, 0, 0, 1], [0, 0, -1, 0, 0, 0, 1, 0, 0, 0, 0, 1, -1, 1, -1, 0, 0, 0, 0, 0, 0, 0], [0, 0, -1, 0, 0, 0, 1, 0, 0, 0, 0, 1, -1, 0, 0, 0, 0, 0, 0, 0, 0, 0], [1, 0, 0, 0, 0, 0, 1, 0, 0, 0, 0, 0, 0, 0, 0, 0, 0, 0, 0, -1, -1, 0], [1, 0, 0, 0, -1, 0, 1, 0, 0, 0, -1, 0, 0, 0, -1, -1, 0, -1, 0, 0, 0, -1], [-1, 0, 0, 0, 0, 0, -1, 0, 0, 0, 0, 0, 0, 0, 0, 1, 0, 1, 0, 1, 1, 0], [0, 0, 0, 0, -1, 0, 0, 0, 0, 0, -1, 0, 0, 0, -1, 0, -1, -1, 1, 1, 1, -1], [-1, 0, 0, 0, 0, 0, -1, 0, 0, 0, 0, 0, 0, 0, 0, 0, 0, 0, 0, 1, 0, 0], [0, 0, 0, 0, 0, 0, 0, 0, 0, 0, 0, 0, 0, 0, 0, -1, 0, 0, 0, -1, 0, 0], [-1, 0, 0, 0, 0, 0, -1, 0, 0, 0, 0, 0, 0, 0, 0, 0, 0, 0, 0, 0, 0, 1]]
[[1, 0, 0, 0, 0, 0, 0, 0, 0, 0, 0, 0, 0, 0, 0, 0, 0, 0, 0, 0, 0, 0], [0, 1, 0, 0, 0, 0, 0, 0, 0, 0, 0, 0, 0, 0, 0, 0, 0, 0, 0, 0, 0, 0], [0, 0, 1, 0, 0, 0, 0, 0, 0, 0, 0, 0, 0, 0, 0, 0, 0, 0, 0, 0, 0, 0], [0, 0, 0, 1, 0, 0, 0, 0, 0, 0, 0, 0, 0, 0, 0, 0, 0, 0, 0, 0, 0, 0], [0, 0, 0, 0, 1, 0, 0, 0, 0, 0, 0, 0, 0, 0, 0, 0, 0, 0, 0, 0, 0, 0], [0, 0, 0, 0, 0, 1, 0, 0, 0, 0, 0, 0, 0, 0, 0, 0, 0, 0, 0, 0, 0, 0], [0, 0, 0, 0, 0, 0, 1, 0, 0, 0, 0, 0, 0, 0, 0, 0, 0, 0, 0, 0, 0, 0], [0, 0, 0, 0, 0, 0, 0, 1, 0, 0, 0, 0, 0, 0, 0, 0, 0, 0, 0, 0, 0, 0], [0, 0, 0, 0, 0, 0, 0, 0, 1, 0, 0, 0, 0, 0, 0, 0, 0, 0, 0, 0, 0, 0], [0, 0, 0, 0, 0, 0, 0, 0, 0, 1, 0, 0, 0, 0, 0, 0, 0, 0, 0, 0, 0, 0], [0, 0, 0, 0, 0, 0, 0, 0, 0, 0, 1, 0, 0, 0, 0, 0, 0, 0, 0, 0, 0, 0], [0, 0, 0, 0, 0, 0, 0, 0, 0, 0, 0, 1, 0, 0, 0, 0, 0, 0, 0, 0, 0, 0], [0, 0, 0, 0, 0, 0, 0, 0, 0, 0, 0, 0, 1, 0, 0, 0, 0, 0, 0, 0, 0, 0], [0, 0, 0, 0, 0, 0, 0, 0, 0, 0, 0, 0, 0, 1, 0, 0, 0, 0, 0, 0, 0, 0], [0, 0, 0, 0, 0, 0, 0, 0, 0, 0, 0, 0, 0, 0, 1, 0, 0, 0, 0, 0, 0, 0], [0, 0, 0, 0, 0, 0, 0, 0, 0, 0, 0, 0, 0, 0, 0, 1, 0, 0, 0, 0, 0, 0], [0, 0, 0, 0, 0, 0, 0, 0, 0, 0, 0, 0, 0, 0, 0, 0, 1, 0, 0, 0, 0, 0], [0, 0, 0, 0, 0, 0, 0, 0, 0, 0, 0, 0, 0, 0, 0, 0, 0, 1, 0, 0, 0, 0], [0, 0, 0, 0, 0, 0, 0, 0, 0, 0, 0, 0, 0, 0, 0, 0, 0, 0, 1, 0, 0, 0], [0, 0, 0, 0, 0, 0, 0, 0, 0, 0, 0, 0, 0, 0, 0, 0, 0, 0, 0, 1, 0, 0], [0, 0, 0, 0, 0, 0, 0, 0, 0, 0, 0, 0, 0, 0, 0, 0, 0, 0, 0, 0, 1, 0], [0, 0, 0, 0, 0, 0, 0, 0, 0, 0, 0, 0, 0, 0, 0, 0, 0, 0, 0, 0, 0, 1]]
[[1, 0, 0, 0, 0, 0, 0, 0, 0, 0, 0, 0, 0, 0, 0, 0, 0, 0, 0, 0, 0, 0], [0, 1, 0, 0, 0, 0, 0, 0, 0, 0, 0, 0, 0, 0, 0, 0, 0, 0, 0, 0, 0, 0], [0, 0, 1, 0, 0, 0, 0, 0, 0, 0, 0, 0, 0, 0, 0, 0, 0, 0, 0, 0, 0, 0], [0, 0, 0, 1, 0, 0, 0, 0, 0, 0, 0, 0, 0, 0, 0, 0, 0, 0, 0, 0, 0, 0], [0, 0, 0, 0, 1, 0, 0, 0, 0, 0, 0, 0, 0, 0, 0, 0, 0, 0, 0, 0, 0, 0], [0, 0, 0, 0, 0, 1, 0, 0, 0, 0, 0, 0, 0, 0, 0, 0, 0, 0, 0, 0, 0, 0], [0, 0, 0, 0, 0, 0, 1, 0, 0, 0, 0, 0, 0, 0, 0, 0, 0, 0, 0, 0, 0, 0], [0, 0, 0, 0, 0, 0, 0, 1, 0, 0, 0, 0, 0, 0, 0, 0, 0, 0, 0, 0, 0, 0], [0, 0, 0, 0, 0, 0, 0, 0, 1, 0, 0, 0, 0, 0, 0, 0, 0, 0, 0, 0, 0, 0], [0, 0, 0, 0, 0, 0, 0, 0, 0, 1, 0, 0, 0, 0, 0, 0, 0, 0, 0, 0, 0, 0], [0, 0, 0, 0, 0, 0, 0, 0, 0, 0, 1, 0, 0, 0, 0, 0, 0, 0, 0, 0, 0, 0], [0, 0, 0, 0, 0, 0, 0, 0, 0, 0, 0, 1, 0, 0, 0, 0, 0, 0, 0, 0, 0, 0], [0, 0, 0, 0, 0, 0, 0, 0, 0, 0, 0, 0, 1, 0, 0, 0, 0, 0, 0, 0, 0, 0], [0, 0, 0, 0, 0, 0, 0, 0, 0, 0, 0, 0, 0, 1, 0, 0, 0, 0, 0, 0, 0, 0], [0, 0, 0, 0, 0, 0, 0, 0, 0, 0, 0, 0, 0, 0, 1, 0, 0, 0, 0, 0, 0, 0], [0, 0, 0, 0, 0, 0, 0, 0, 0, 0, 0, 0, 0, 0, 0, 1, 0, 0, 0, 0, 0, 0], [0, 0, 0, 0, 0, 0, 0, 0, 0, 0, 0, 0, 0, 0, 0, 0, 1, 0, 0, 0, 0, 0], [0, 0, 0, 0, 0, 0, 0, 0, 0, 0, 0, 0, 0, 0, 0, 0, 0, 1, 0, 0, 0, 0], [0, 0, 0, 0, 0, 0, 0, 0, 0, 0, 0, 0, 0, 0, 0, 0, 0, 0, 1, 0, 0, 0], [0, 0, 0, 0, 0, 0, 0, 0, 0, 0, 0, 0, 0, 0, 0, 0, 0, 0, 0, 1, 0, 0], [0, 0, 0, 0, 0, 0, 0, 0, 0, 0, 0, 0, 0, 0, 0, 0, 0, 0, 0, 0, 1, 0], [0, 0, 0, 0, 0, 0, 0, 0, 0, 0, 0, 0, 0, 0, 0, 0, 0, 0, 0, 0, 0, 1]]
[[1, 0, -1, 0, 0, -1, 0, 0, 0, -1, -1, -1, -1, -1, 0, -1, 0, -1, 0, -1, 0, 0], [-1, 1, 0, -1, 0, -1, 0, -1, -1, -1, 0, -2, 1, 0, 0, 0, -1, -1, 1, 0, 0, 0], [0, 0, 1, 0, 0, -1, 0, -1, -1, 0, 0, 0, 0, 0, 0, 0, -1, 0, 0, 0, 0, 0], [0, 0, 1, 1, 0, 0, 0, -1, -1, 1, 1, 1, 1, 1, 0, 1, -1, 1, 0, 1, 0, 0], [1, 0, -1, 1, 1, -1, 0, 0, 0, 0, -1, 1, -2, -1, 0, -1, 0, 0, -1, -1, 0, 0], [1, 0, -2, 1, 0, -1, 0, 0, 0, -1, -2, 0, -3, -2, 0, -2, 0, -1, -1, -2, 0, 0], [0, 0, 1, 0, 0, 2, 1, 1, 1, 1, 1, 1, 1, 1, 0, 1, 1, 1, 0, 1, 0, 0], [-2, 0, 1, -2, 0, 2, 0, 1, 1, 0, 2, -2, 3, 1, 1, 2, 1, 0, 1, 1, -1, 1], [1, 0, 0, 1, 0, -2, 0, -1, -1, 0, -1, 1, -1, 0, -1, -1, -2, 0, 0, 0, 1, -1], [1, 0, 0, 1, 0, 1, 0, 1, 1, 2, 0, 2, -1, 0, 0, 0, 1, 1, -1, 0, 0, 0], [0, 0, 0, -1, 0, 0, 0, 0, 0, -1, 0, -2, 1, 0, 1, 0, 0, -1, 1, 0, 0, 0], [-2, 0, 1, -2, 0, 1, 0, 0, 0, -1, 1, -2, 3, 1, 0, 1, 0, -1, 2, 1, 0, 0], [-1, 0, 1, -1, 0, 2, 0, 1, 1, 0, 1, -1, 3, 1, 0, 1, 1, 0, 1, 1, 0, 0], [-1, 0, 0, 0, 0, -1, 0, -1, -1, 0, 1, 0, 0, 0, 0, 1, -1, 0, 0, 1, 0, 0], [-2, 0, 1, -1, 0, 1, 0, 0, 0, 0, 2, -1, 2, 1, 0, 1, 0, 0, 1, 1, 0, 0], [0, 0, 0, 0, 0, -1, 0, -1, -1, 0, 0, 0, 0, 0, 0, 1, -1, 0, 0, 0, 0, 0], [0, 0, 1, 0, 0, 0, 0, -1, -1, 1, 1, 1, 1, 1, 0, 1, 0, 1, 0, 1, 0, 0], [1, 0, -1, 1, 0, 0, 0, 1, 1, 0, -1, 1, -2, -1, 0, -1, 1, 1, -1, -1, 0, 0], [1, 0, 0, 1, 0, 0, 0, 0, 0, 1, 0, 2, -1, 0, 0, 0, 0, 1, 0, 0, 0, 0], [1, 0, -1, 1, 0, -1, 0, 0, 0, 0, -1, 1, -2, 0, -1, -2, 0, 0, -1, -1, 0, 0], [-1, 0, 1, -1, 0, 2, 0, 1, 1, 0, 1, -1, 2, 1, 0, 1, 1, 0, 1, 1, 1, 0], [0, 0, 1, 0, 0, 2, 0, 2, 1, 0, 0, 0, 1, 1, -1, 0, 1, 0, 1, 1, 1, 0]]
[[1, 0, 0, 0, 0, 0, 0, 0, 0, 0, 0, 0, 0, 0, 0, 0, 0, 0, 0, 0, 0, 0], [0, 1, 0, 0, 0, 0, 0, 0, 0, 0, 0, 0, 0, 0, 0, 0, 0, 0, 0, 0, 0, 0], [0, 0, 1, 0, 0, 0, 0, 0, 0, 0, 0, 0, 0, 0, 0, 0, 0, 0, 0, 0, 0, 0], [0, 0, 0, 1, 0, 0, 0, 0, 0, 0, 0, 0, 0, 0, 0, 0, 0, 0, 0, 0, 0, 0], [0, 0, 0, 0, 1, 0, 0, 0, 0, 0, 0, 0, 0, 0, 0, 0, 0, 0, 0, 0, 0, 0], [0, 0, 0, 0, 0, 1, 0, 0, 0, 0, 0, 0, 0, 0, 0, 0, 0, 0, 0, 0, 0, 0], [0, 0, 0, 0, 0, 0, 1, 0, 0, 0, 0, 0, 0, 0, 0, 0, 0, 0, 0, 0, 0, 0], [0, 0, 0, 0, 0, 0, 0, 1, 0, 0, 0, 0, 0, 0, 0, 0, 0, 0, 0, 0, 0, 0], [0, 0, 0, 0, 0, 0, 0, 0, 1, 0, 0, 0, 0, 0, 0, 0, 0, 0, 0, 0, 0, 0], [0, 0, 0, 0, 0, 0, 0, 0, 0, 1, 0, 0, 0, 0, 0, 0, 0, 0, 0, 0, 0, 0], [0, 0, 0, 0, 0, 0, 0, 0, 0, 0, 1, 0, 0, 0, 0, 0, 0, 0, 0, 0, 0, 0], [0, 0, 0, 0, 0, 0, 0, 0, 0, 0, 0, 1, 0, 0, 0, 0, 0, 0, 0, 0, 0, 0], [0, 0, 0, 0, 0, 0, 0, 0, 0, 0, 0, 0, 1, 0, 0, 0, 0, 0, 0, 0, 0, 0], [0, 0, 0, 0, 0, 0, 0, 0, 0, 0, 0, 0, 0, 1, 0, 0, 0, 0, 0, 0, 0, 0], [0, 0, 0, 0, 0, 0, 0, 0, 0, 0, 0, 0, 0, 0, 1, 0, 0, 0, 0, 0, 0, 0], [0, 0, 0, 0, 0, 0, 0, 0, 0, 0, 0, 0, 0, 0, 0, 1, 0, 0, 0, 0, 0, 0], [0, 0, 0, 0, 0, 0, 0, 0, 0, 0, 0, 0, 0, 0, 0, 0, 1, 0, 0, 0, 0, 0], [0, 0, 0, 0, 0, 0, 0, 0, 0, 0, 0, 0, 0, 0, 0, 0, 0, 1, 0, 0, 0, 0], [0, 0, 0, 0, 0, 0, 0, 0, 0, 0, 0, 0, 0, 0, 0, 0, 0, 0, 1, 0, 0, 0], [0, 0, 0, 0, 0, 0, 0, 0, 0, 0, 0, 0, 0, 0, 0, 0, 0, 0, 0, 1, 0, 0], [0, 0, 0, 0, 0, 0, 0, 0, 0, 0, 0, 0, 0, 0, 0, 0, 0, 0, 0, 0, 1, 0], [0, 0, 0, 0, 0, 0, 0, 0, 0, 0, 0, 0, 0, 0, 0, 0, 0, 0, 0, 0, 0, 1]]
[[3, 0, -1, 2, 0, -2, 0, -2, -1, 2, -1, 2, -1, -1, 1, -1, -1, 1, -2, -1, 0, -2], [0, 1, 1, 0, 0, 1, 0, 0, -1, 0, 1, 0, 2, 1, 0, 2, 1, 1, 2, 2, 1, 0], [1, 0, 0, 1, 0, -1, 0, -2, -1, 1, 0, 1, -1, -1, 2, 0, 0, 1, -2, -1, -1, 0], [-2, 0, 1, -1, 0, 1, 0, 1, 0, -2, 0, -2, 0, 0, 0, 0, 0, -1, 1, 0, 0, 1], [3, 0, -2, 3, 1, -3, 0, -3, -1, 3, -1, 3, -3, -2, 2, -2, -1, 2, -5, -3, -1, -2], [3, 0, -2, 3, 0, -3, 0, -2, 0, 3, -3, 3, -3, -2, 0, -4, -3, 0, -4, -3, 0, -4], [-2, 0, 1, -2, 0, 2, 1, 2, 1, -2, 1, -2, 1, 1, -1, 1, 1, -1, 2, 1, 0, 2], [-3, 0, 2, -3, 0, 4, 0, 4, 1, -3, 2, -3, 4, 3, -2, 3, 2, -2, 6, 4, 1, 3], [1, 0, 0, 1, 0, -1, 0, -2, -1, 1, 0, 1, -1, -1, 2, 0, 0, 2, -2, -1, 0, -1], [0, 0, -1, 0, 0, -1, 0, 0, 1, 1, -1, 0, -2, -1, 0, -2, -1, -1, -2, -2, -1, 0], [0, 0, 0, 0, 0, 0, 0, -1, -1, 0, 1, 0, 1, 0, 1, 1, 0, 0, 1, 1, 0, 0], [-2, 0, 2, -2, 0, 3, 0, 2, 0, -2, 2, -1, 3, 2, -1, 3, 2, 0, 4, 3, 1, 2], [-3, 0, 2, -3, 0, 3, 0, 3, 1, -3, 1, -3, 3, 2, -2, 1, 1, -2, 4, 2, 1, 2], [-1, 0, 1, -1, 0, 1, 0, 1, 0, -1, 1, -1, 2, 1, 0, 3, 1, 1, 2, 2, 0, 1], [-2, 0, 2, -2, 0, 3, 0, 3, 1, -2, 2, -2, 3, 2, -1, 3, 2, 0, 4, 3, 1, 2], [0, 0, 0, 0, 0, 0, 0, -1, -1, 0, 0, 0, 0, 0, 1, 1, 0, 0, 0, 0, 0, 0], [-1, 0, 0, -1, 0, 0, 0, 0, 0, -1, 0, -1, -1, -1, 1, 0, 1, 0, -1, -1, -1, 1], [1, 0, -1, 1, 0, -1, 0, 0, 1, 1, -1, 1, -1, 0, -1, -2, -1, 0, -1, -1, 0, -1], [1, 0, -1, 1, 0, -1, 0, -1, 0, 1, 0, 1, -2, -1, 1, -1, 0, 1, -2, -2, -1, 0], [2, 0, -1, 2, 0, -2, 0, -1, 0, 2, -1, 2, -2, -1, 0, -2, -1, 1, -3, -1, 0, -2], [-2, 0, 1, -2, 0, 2, 0, 2, 1, -2, 1, -2, 2, 1, -1, 2, 1, -1, 3, 2, 1, 2], [-1, 0, 1, -1, 0, 1, 0, 2, 1, -1, 0, -1, 1, 1, -2, 0, 0, -1, 2, 1, 1, 1]]
[[1, 0, 0, 0, 0, 0, 0, 0, 0, 0, 0, 0, 0, 0, 0, 0, 0, 0, 0, 0, 0, 0], [0, 1, 0, 0, 0, 0, 0, 0, 0, 0, 0, 0, 0, 0, 0, 0, 0, 0, 0, 0, 0, 0], [0, 0, 1, 0, 0, 0, 0, 0, 0, 0, 0, 0, 0, 0, 0, 0, 0, 0, 0, 0, 0, 0], [0, 0, 0, 1, 0, 0, 0, 0, 0, 0, 0, 0, 0, 0, 0, 0, 0, 0, 0, 0, 0, 0], [0, 0, 0, 0, 1, 0, 0, 0, 0, 0, 0, 0, 0, 0, 0, 0, 0, 0, 0, 0, 0, 0], [0, 0, 0, 0, 0, 1, 0, 0, 0, 0, 0, 0, 0, 0, 0, 0, 0, 0, 0, 0, 0, 0], [0, 0, 0, 0, 0, 0, 1, 0, 0, 0, 0, 0, 0, 0, 0, 0, 0, 0, 0, 0, 0, 0], [0, 0, 0, 0, 0, 0, 0, 1, 0, 0, 0, 0, 0, 0, 0, 0, 0, 0, 0, 0, 0, 0], [0, 0, 0, 0, 0, 0, 0, 0, 1, 0, 0, 0, 0, 0, 0, 0, 0, 0, 0, 0, 0, 0], [0, 0, 0, 0, 0, 0, 0, 0, 0, 1, 0, 0, 0, 0, 0, 0, 0, 0, 0, 0, 0, 0], [0, 0, 0, 0, 0, 0, 0, 0, 0, 0, 1, 0, 0, 0, 0, 0, 0, 0, 0, 0, 0, 0], [0, 0, 0, 0, 0, 0, 0, 0, 0, 0, 0, 1, 0, 0, 0, 0, 0, 0, 0, 0, 0, 0], [0, 0, 0, 0, 0, 0, 0, 0, 0, 0, 0, 0, 1, 0, 0, 0, 0, 0, 0, 0, 0, 0], [0, 0, 0, 0, 0, 0, 0, 0, 0, 0, 0, 0, 0, 1, 0, 0, 0, 0, 0, 0, 0, 0], [0, 0, 0, 0, 0, 0, 0, 0, 0, 0, 0, 0, 0, 0, 1, 0, 0, 0, 0, 0, 0, 0], [0, 0, 0, 0, 0, 0, 0, 0, 0, 0, 0, 0, 0, 0, 0, 1, 0, 0, 0, 0, 0, 0], [0, 0, 0, 0, 0, 0, 0, 0, 0, 0, 0, 0, 0, 0, 0, 0, 1, 0, 0, 0, 0, 0], [0, 0, 0, 0, 0, 0, 0, 0, 0, 0, 0, 0, 0, 0, 0, 0, 0, 1, 0, 0, 0, 0], [0, 0, 0, 0, 0, 0, 0, 0, 0, 0, 0, 0, 0, 0, 0, 0, 0, 0, 1, 0, 0, 0], [0, 0, 0, 0, 0, 0, 0, 0, 0, 0, 0, 0, 0, 0, 0, 0, 0, 0, 0, 1, 0, 0], [0, 0, 0, 0, 0, 0, 0, 0, 0, 0, 0, 0, 0, 0, 0, 0, 0, 0, 0, 0, 1, 0], [0, 0, 0, 0, 0, 0, 0, 0, 0, 0, 0, 0, 0, 0, 0, 0, 0, 0, 0, 0, 0, 1]]
[[1, 0, 0, 0, 0, 0, 0, 0, 0, 0, 0, 0, 0, 0, 0, 0, 0, 0, 0, 0, 0, 0], [0, 1, 0, 0, 0, 0, 0, 0, 0, 0, 0, 0, 0, 0, 0, 0, 0, 0, 0, 0, 0, 0], [0, 0, 1, 0, 0, 0, 0, 0, 0, 0, 0, 0, 0, 0, 0, 0, 0, 0, 0, 0, 0, 0], [0, 0, 0, 1, 0, 0, 0, 0, 0, 0, 0, 0, 0, 0, 0, 0, 0, 0, 0, 0, 0, 0], [0, 0, 0, 0, 1, 0, 0, 0, 0, 0, 0, 0, 0, 0, 0, 0, 0, 0, 0, 0, 0, 0], [0, 0, 0, 0, 0, 1, 0, 0, 0, 0, 0, 0, 0, 0, 0, 0, 0, 0, 0, 0, 0, 0], [0, 0, 0, 0, 0, 0, 1, 0, 0, 0, 0, 0, 0, 0, 0, 0, 0, 0, 0, 0, 0, 0], [0, 0, 0, 0, 0, 0, 0, 1, 0, 0, 0, 0, 0, 0, 0, 0, 0, 0, 0, 0, 0, 0], [0, 0, 0, 0, 0, 0, 0, 0, 1, 0, 0, 0, 0, 0, 0, 0, 0, 0, 0, 0, 0, 0], [0, 0, 0, 0, 0, 0, 0, 0, 0, 1, 0, 0, 0, 0, 0, 0, 0, 0, 0, 0, 0, 0], [0, 0, 0, 0, 0, 0, 0, 0, 0, 0, 1, 0, 0, 0, 0, 0, 0, 0, 0, 0, 0, 0], [0, 0, 0, 0, 0, 0, 0, 0, 0, 0, 0, 1, 0, 0, 0, 0, 0, 0, 0, 0, 0, 0], [0, 0, 0, 0, 0, 0, 0, 0, 0, 0, 0, 0, 1, 0, 0, 0, 0, 0, 0, 0, 0, 0], [0, 0, 0, 0, 0, 0, 0, 0, 0, 0, 0, 0, 0, 1, 0, 0, 0, 0, 0, 0, 0, 0], [0, 0, 0, 0, 0, 0, 0, 0, 0, 0, 0, 0, 0, 0, 1, 0, 0, 0, 0, 0, 0, 0], [0, 0, 0, 0, 0, 0, 0, 0, 0, 0, 0, 0, 0, 0, 0, 1, 0, 0, 0, 0, 0, 0], [0, 0, 0, 0, 0, 0, 0, 0, 0, 0, 0, 0, 0, 0, 0, 0, 1, 0, 0, 0, 0, 0], [0, 0, 0, 0, 0, 0, 0, 0, 0, 0, 0, 0, 0, 0, 0, 0, 0, 1, 0, 0, 0, 0], [0, 0, 0, 0, 0, 0, 0, 0, 0, 0, 0, 0, 0, 0, 0, 0, 0, 0, 1, 0, 0, 0], [0, 0, 0, 0, 0, 0, 0, 0, 0, 0, 0, 0, 0, 0, 0, 0, 0, 0, 0, 1, 0, 0], [0, 0, 0, 0, 0, 0, 0, 0, 0, 0, 0, 0, 0, 0, 0, 0, 0, 0, 0, 0, 1, 0], [0, 0, 0, 0, 0, 0, 0, 0, 0, 0, 0, 0, 0, 0, 0, 0, 0, 0, 0, 0, 0, 1]]
[[1, 0, 0, 0, 0, 0, 0, 0, 0, 0, 0, 0, 0, 0, 0, 0, 0, 0, 0, 0, 0, 0], [0, 1, 0, 0, 0, 0, 0, 0, 0, 0, 0, 0, 0, 0, 0, 0, 0, 0, 0, 0, 0, 0], [0, 0, 1, 0, 0, 0, 0, 0, 0, 0, 0, 0, 0, 0, 0, 0, 0, 0, 0, 0, 0, 0], [0, 0, 0, 1, 0, 0, 0, 0, 0, 0, 0, 0, 0, 0, 0, 0, 0, 0, 0, 0, 0, 0], [0, 0, 0, 0, 1, 0, 0, 0, 0, 0, 0, 0, 0, 0, 0, 0, 0, 0, 0, 0, 0, 0], [0, 0, 0, 0, 0, 1, 0, 0, 0, 0, 0, 0, 0, 0, 0, 0, 0, 0, 0, 0, 0, 0], [0, 0, 0, 0, 0, 0, 1, 0, 0, 0, 0, 0, 0, 0, 0, 0, 0, 0, 0, 0, 0, 0], [0, 0, 0, 0, 0, 0, 0, 1, 0, 0, 0, 0, 0, 0, 0, 0, 0, 0, 0, 0, 0, 0], [0, 0, 0, 0, 0, 0, 0, 0, 1, 0, 0, 0, 0, 0, 0, 0, 0, 0, 0, 0, 0, 0], [0, 0, 0, 0, 0, 0, 0, 0, 0, 1, 0, 0, 0, 0, 0, 0, 0, 0, 0, 0, 0, 0], [0, 0, 0, 0, 0, 0, 0, 0, 0, 0, 1, 0, 0, 0, 0, 0, 0, 0, 0, 0, 0, 0], [0, 0, 0, 0, 0, 0, 0, 0, 0, 0, 0, 1, 0, 0, 0, 0, 0, 0, 0, 0, 0, 0], [0, 0, 0, 0, 0, 0, 0, 0, 0, 0, 0, 0, 1, 0, 0, 0, 0, 0, 0, 0, 0, 0], [0, 0, 0, 0, 0, 0, 0, 0, 0, 0, 0, 0, 0, 1, 0, 0, 0, 0, 0, 0, 0, 0], [0, 0, 0, 0, 0, 0, 0, 0, 0, 0, 0, 0, 0, 0, 1, 0, 0, 0, 0, 0, 0, 0], [0, 0, 0, 0, 0, 0, 0, 0, 0, 0, 0, 0, 0, 0, 0, 1, 0, 0, 0, 0, 0, 0], [0, 0, 0, 0, 0, 0, 0, 0, 0, 0, 0, 0, 0, 0, 0, 0, 1, 0, 0, 0, 0, 0], [0, 0, 0, 0, 0, 0, 0, 0, 0, 0, 0, 0, 0, 0, 0, 0, 0, 1, 0, 0, 0, 0], [0, 0, 0, 0, 0, 0, 0, 0, 0, 0, 0, 0, 0, 0, 0, 0, 0, 0, 1, 0, 0, 0], [0, 0, 0, 0, 0, 0, 0, 0, 0, 0, 0, 0, 0, 0, 0, 0, 0, 0, 0, 1, 0, 0], [0, 0, 0, 0, 0, 0, 0, 0, 0, 0, 0, 0, 0, 0, 0, 0, 0, 0, 0, 0, 1, 0], [0, 0, 0, 0, 0, 0, 0, 0, 0, 0, 0, 0, 0, 0, 0, 0, 0, 0, 0, 0, 0, 1]]
[[1, 0, 0, 0, 0, 0, 0, 0, 0, 0, 0, 0, 0, 0, 0, 0, 0, 0, 0, 0, 0, 0], [0, 1, 0, 0, 0, 0, 0, 0, 0, 0, 0, 0, 0, 0, 0, 0, 0, 0, 0, 0, 0, 0], [0, 0, 1, 0, 0, 0, 0, 0, 0, 0, 0, 0, 0, 0, 0, 0, 0, 0, 0, 0, 0, 0], [0, 0, 0, 1, 0, 0, 0, 0, 0, 0, 0, 0, 0, 0, 0, 0, 0, 0, 0, 0, 0, 0], [0, 0, 0, 0, 1, 0, 0, 0, 0, 0, 0, 0, 0, 0, 0, 0, 0, 0, 0, 0, 0, 0], [0, 0, 0, 0, 0, 1, 0, 0, 0, 0, 0, 0, 0, 0, 0, 0, 0, 0, 0, 0, 0, 0], [0, 0, 0, 0, 0, 0, 1, 0, 0, 0, 0, 0, 0, 0, 0, 0, 0, 0, 0, 0, 0, 0], [0, 0, 0, 0, 0, 0, 0, 1, 0, 0, 0, 0, 0, 0, 0, 0, 0, 0, 0, 0, 0, 0], [0, 0, 0, 0, 0, 0, 0, 0, 1, 0, 0, 0, 0, 0, 0, 0, 0, 0, 0, 0, 0, 0], [0, 0, 0, 0, 0, 0, 0, 0, 0, 1, 0, 0, 0, 0, 0, 0, 0, 0, 0, 0, 0, 0], [0, 0, 0, 0, 0, 0, 0, 0, 0, 0, 1, 0, 0, 0, 0, 0, 0, 0, 0, 0, 0, 0], [0, 0, 0, 0, 0, 0, 0, 0, 0, 0, 0, 1, 0, 0, 0, 0, 0, 0, 0, 0, 0, 0], [0, 0, 0, 0, 0, 0, 0, 0, 0, 0, 0, 0, 1, 0, 0, 0, 0, 0, 0, 0, 0, 0], [0, 0, 0, 0, 0, 0, 0, 0, 0, 0, 0, 0, 0, 1, 0, 0, 0, 0, 0, 0, 0, 0], [0, 0, 0, 0, 0, 0, 0, 0, 0, 0, 0, 0, 0, 0, 1, 0, 0, 0, 0, 0, 0, 0], [0, 0, 0, 0, 0, 0, 0, 0, 0, 0, 0, 0, 0, 0, 0, 1, 0, 0, 0, 0, 0, 0], [0, 0, 0, 0, 0, 0, 0, 0, 0, 0, 0, 0, 0, 0, 0, 0, 1, 0, 0, 0, 0, 0], [0, 0, 0, 0, 0, 0, 0, 0, 0, 0, 0, 0, 0, 0, 0, 0, 0, 1, 0, 0, 0, 0], [0, 0, 0, 0, 0, 0, 0, 0, 0, 0, 0, 0, 0, 0, 0, 0, 0, 0, 1, 0, 0, 0], [0, 0, 0, 0, 0, 0, 0, 0, 0, 0, 0, 0, 0, 0, 0, 0, 0, 0, 0, 1, 0, 0], [0, 0, 0, 0, 0, 0, 0, 0, 0, 0, 0, 0, 0, 0, 0, 0, 0, 0, 0, 0, 1, 0], [0, 0, 0, 0, 0, 0, 0, 0, 0, 0, 0, 0, 0, 0, 0, 0, 0, 0, 0, 0, 0, 1]]
[[-1, 0, 0, -1, 0, 0, 0, -1, -1, 0, 0, 0, 0, 0, 1, 0, -1, -1, 0, 0, 0, -1], [-1, 1, 2, -1, 0, 1, 0, 1, 0, 0, 0, 0, 1, 1, -1, 0, 0, 0, 1, 1, 0, 1], [-1, 0, -1, -1, 0, -1, 0, -1, 0, 0, 0, 0, -1, -1, 1, 0, 0, 0, -2, -1, -2, 1], [0, 0, 0, 0, 0, 0, 0, 1, 1, 0, 0, 0, 0, 0, -1, 0, 1, 1, 0, 0, 0, 1], [-1, 0, 0, 0, 1, 0, 0, -1, -1, 0, 0, 0, 0, 0, 1, 0, -1, -1, -1, 0, 0, -1], [0, 0, 0, 0, 0, 1, 0, 0, 0, 0, 0, 0, 0, 0, 0, 0, 0, 0, 1, 0, 2, -2], [1, 0, 0, 1, 0, 0, 1, 0, 0, 0, 0, 0, 0, 0, 0, 0, 0, 0, 0, 0, 0, 0], [1, 0, 0, 1, 0, 0, 0, 1, 0, 0, 0, 0, 0, 0, 0, 0, 0, 0, 1, 0, 0, 0], [-2, 0, 0, -2, 0, 0, 0, 0, 1, 0, 0, 0, 0, 0, 0, 0, 0, 0, -1, 0, -1, 1], [2, 0, 0, 2, 0, 0, 0, 0, 0, 0, -1, 0, 0, -1, 0, 0, 0, 0, 0, 0, 1, -1], [-2, 0, 0, -1, 0, 0, 0, -1, -1, 0, 1, 0, 0, 0, 1, 0, -1, -1, 0, 0, -1, 0], [0, 0, 0, 0, 0, 0, 0, 0, 0, 1, 1, 1, 0, 1, 0, 0, 0, 0, 0, 0, -1, 1], [1, 0, 0, 1, 0, 0, 0, 0, 0, 1, 1, 0, 1, 1, 0, 0, 0, 0, 1, 0, 0, 0], [0, 0, 0, -1, 0, 0, 0, 1, 1, -1, -1, 0, 0, 0, -1, 0, 1, 1, 0, 0, 0, 1], [1, 0, 0, 0, 0, 0, 0, 1, 1, 0, 0, 0, 0, 0, 0, 0, 1, 1, 0, 0, 0, 1], [-1, 0, 0, -1, 0, 0, 0, 0, 0, 0, 0, 0, 0, 0, 0, 1, 0, 0, 0, 0, -1, 1], [0, 0, 0, 0, 0, 0, 0, 0, 0, 0, 0, 0, 0, 0, 0, 0, 1, 0, -1, 0, -1, 1], [1, 0, 0, 1, 0, 0, 0, 0, 0, 0, 0, 0, 0, 0, 0, 0, 0, 1, 0, 0, 1, -1], [0, 0, 0, 0, 0, 0, 0, 0, 0, 0, 0, 0, 0, 0, 0, 0, 0, 0, -1, 0, 0, 0], [0, 0, 0, 0, 0, 0, 0, 0, 0, 0, 0, 0, 0, 0, 0, 0, 0, 0, 0, 1, 1, -1], [1, 0, 0, 1, 0, 0, 0, 0, 0, 0, 0, 0, 0, 0, 0, 0, 0, 0, 1, 0, 0, 1], [1, 0, 0, 1, 0, 0, 0, 0, 0, 0, 0, 0, 0, 0, 0, 0, 0, 0, 1, 0, 1, 0]]
[[1, 0, 0, 0, 0, 0, 0, 0, 0, 0, 0, 0, 0, 0, 0, 0, 0, 0, 0, 0, 0, 0], [0, 1, 0, 0, 0, 0, 0, 0, 0, 0, 0, 0, 0, 0, 0, 0, 0, 0, 0, 0, 0, 0], [0, 0, 1, 0, 0, 0, 0, 0, 0, 0, 0, 0, 0, 0, 0, 0, 0, 0, 0, 0, 0, 0], [0, 0, 0, 1, 0, 0, 0, 0, 0, 0, 0, 0, 0, 0, 0, 0, 0, 0, 0, 0, 0, 0], [0, 0, 0, 0, 1, 0, 0, 0, 0, 0, 0, 0, 0, 0, 0, 0, 0, 0, 0, 0, 0, 0], [0, 0, 0, 0, 0, 1, 0, 0, 0, 0, 0, 0, 0, 0, 0, 0, 0, 0, 0, 0, 0, 0], [0, 0, 0, 0, 0, 0, 1, 0, 0, 0, 0, 0, 0, 0, 0, 0, 0, 0, 0, 0, 0, 0], [0, 0, 0, 0, 0, 0, 0, 1, 0, 0, 0, 0, 0, 0, 0, 0, 0, 0, 0, 0, 0, 0], [0, 0, 0, 0, 0, 0, 0, 0, 1, 0, 0, 0, 0, 0, 0, 0, 0, 0, 0, 0, 0, 0], [0, 0, 0, 0, 0, 0, 0, 0, 0, 1, 0, 0, 0, 0, 0, 0, 0, 0, 0, 0, 0, 0], [0, 0, 0, 0, 0, 0, 0, 0, 0, 0, 1, 0, 0, 0, 0, 0, 0, 0, 0, 0, 0, 0], [0, 0, 0, 0, 0, 0, 0, 0, 0, 0, 0, 1, 0, 0, 0, 0, 0, 0, 0, 0, 0, 0], [0, 0, 0, 0, 0, 0, 0, 0, 0, 0, 0, 0, 1, 0, 0, 0, 0, 0, 0, 0, 0, 0], [0, 0, 0, 0, 0, 0, 0, 0, 0, 0, 0, 0, 0, 1, 0, 0, 0, 0, 0, 0, 0, 0], [0, 0, 0, 0, 0, 0, 0, 0, 0, 0, 0, 0, 0, 0, 1, 0, 0, 0, 0, 0, 0, 0], [0, 0, 0, 0, 0, 0, 0, 0, 0, 0, 0, 0, 0, 0, 0, 1, 0, 0, 0, 0, 0, 0], [0, 0, 0, 0, 0, 0, 0, 0, 0, 0, 0, 0, 0, 0, 0, 0, 1, 0, 0, 0, 0, 0], [0, 0, 0, 0, 0, 0, 0, 0, 0, 0, 0, 0, 0, 0, 0, 0, 0, 1, 0, 0, 0, 0], [0, 0, 0, 0, 0, 0, 0, 0, 0, 0, 0, 0, 0, 0, 0, 0, 0, 0, 1, 0, 0, 0], [0, 0, 0, 0, 0, 0, 0, 0, 0, 0, 0, 0, 0, 0, 0, 0, 0, 0, 0, 1, 0, 0], [0, 0, 0, 0, 0, 0, 0, 0, 0, 0, 0, 0, 0, 0, 0, 0, 0, 0, 0, 0, 1, 0], [0, 0, 0, 0, 0, 0, 0, 0, 0, 0, 0, 0, 0, 0, 0, 0, 0, 0, 0, 0, 0, 1]]
[[-1, 0, -1, -1, 0, 0, 0, 0, 0, 0, 1, 0, 0, 1, 0, 1, 0, 0, 0, 1, 0, 0], [0, 1, 0, 0, 0, 0, 0, 0, 0, 0, 0, 0, 0, 0, 0, 0, 0, 0, 0, 0, 0, 0], [-2, 0, 0, -1, 0, 0, 0, 0, 0, 0, 1, 0, 0, 1, 0, 1, 0, 0, 0, 1, 0, 0], [0, 0, 0, 1, 0, 0, 0, 0, 0, 0, 0, 0, 0, 0, 0, 0, 0, 0, 0, 0, 0, 0], [0, 0, 0, 0, 1, 0, 0, 0, 0, 0, 0, 0, 0, 0, 0, 0, 0, 0, 0, 0, 0, 0], [2, 0, 1, 1, 0, 1, 0, 0, 0, 0, -1, 0, 0, -1, 0, -1, 0, 0, 0, -1, 0, 0], [0, 0, 0, 0, 0, 0, 1, 0, 0, 0, 0, 0, 0, 0, 0, 0, 0, 0, 0, 0, 0, 0], [0, 0, 0, 0, 0, 0, 0, 1, 0, 0, 0, 0, 0, 0, 0, 0, 0, 0, 0, 0, 0, 0], [-2, 0, -1, -1, 0, 0, 0, 0, 1, 0, 1, 0, 0, 1, 0, 1, 0, 0, 0, 1, 0, 0], [4, 0, 2, 2, 0, 0, 0, 0, 0, 1, -2, 0, 0, -2, 0, -2, 0, 0, 0, -2, 0, 0], [-2, 0, -1, -1, 0, 0, 0, 0, 0, 0, 2, 0, 0, 1, 0, 1, 0, 0, 0, 1, 0, 0], [-2, 0, -1, -1, 0, 0, 0, 0, 0, 0, 1, 1, 0, 1, 0, 1, 0, 0, 0, 1, 0, 0], [0, 0, 0, 0, 0, 0, 0, 0, 0, 0, 0, 0, 1, 0, 0, 0, 0, 0, 0, 0, 0, 0], [0, 0, 0, 0, 0, 0, 0, 0, 0, 0, 0, 0, 0, 1, 0, 0, 0, 0, 0, 0, 0, 0], [0, 0, 0, 0, 0, 0, 0, 0, 0, 0, 0, 0, 0, 0, 1, 0, 0, 0, 0, 0, 0, 0], [0, 0, 0, 0, 0, 0, 0, 0, 0, 0, 0, 0, 0, 0, 0, 1, 0, 0, 0, 0, 0, 0], [0, 0, 0, 0, 0, 0, 0, 0, 0, 0, 0, 0, 0, 0, 0, 0, 1, 0, 0, 0, 0, 0], [0, 0, 0, 0, 0, 0, 0, 0, 0, 0, 0, 0, 0, 0, 0, 0, 0, 1, 0, 0, 0, 0], [-2, 0, -1, -1, 0, 0, 0, 0, 0, 0, 1, 0, 0, 1, 0, 1, 0, 0, 1, 1, 0, 0], [0, 0, 0, 0, 0, 0, 0, 0, 0, 0, 0, 0, 0, 0, 0, 0, 0, 0, 0, 1, 0, 0], [2, 0, 1, 1, 0, 0, 0, 0, 0, 0, -1, 0, 0, -1, 0, -1, 0, 0, 0, -1, 1, 0], [0, 0, 0, 0, 0, 0, 0, 0, 0, 0, 0, 0, 0, 0, 0, 0, 0, 0, 0, 0, 0, 1]]
[[1, 0, 0, 0, 0, 0, 0, 0, 0, 0, 0, 0, 0, 0, 0, 0, 0, 0, 0, 0, 0, 0], [0, 1, 0, 0, 0, 0, 0, 0, 0, 0, 0, 0, 0, 0, 0, 0, 0, 0, 0, 0, 0, 0], [0, 0, 1, 0, 0, 0, 0, 0, 0, 0, 0, 0, 0, 0, 0, 0, 0, 0, 0, 0, 0, 0], [0, 0, 0, 1, 0, 0, 0, 0, 0, 0, 0, 0, 0, 0, 0, 0, 0, 0, 0, 0, 0, 0], [0, 0, 0, 0, 1, 0, 0, 0, 0, 0, 0, 0, 0, 0, 0, 0, 0, 0, 0, 0, 0, 0], [0, 0, 0, 0, 0, 1, 0, 0, 0, 0, 0, 0, 0, 0, 0, 0, 0, 0, 0, 0, 0, 0], [0, 0, 0, 0, 0, 0, 1, 0, 0, 0, 0, 0, 0, 0, 0, 0, 0, 0, 0, 0, 0, 0], [0, 0, 0, 0, 0, 0, 0, 1, 0, 0, 0, 0, 0, 0, 0, 0, 0, 0, 0, 0, 0, 0], [0, 0, 0, 0, 0, 0, 0, 0, 1, 0, 0, 0, 0, 0, 0, 0, 0, 0, 0, 0, 0, 0], [0, 0, 0, 0, 0, 0, 0, 0, 0, 1, 0, 0, 0, 0, 0, 0, 0, 0, 0, 0, 0, 0], [0, 0, 0, 0, 0, 0, 0, 0, 0, 0, 1, 0, 0, 0, 0, 0, 0, 0, 0, 0, 0, 0], [0, 0, 0, 0, 0, 0, 0, 0, 0, 0, 0, 1, 0, 0, 0, 0, 0, 0, 0, 0, 0, 0], [0, 0, 0, 0, 0, 0, 0, 0, 0, 0, 0, 0, 1, 0, 0, 0, 0, 0, 0, 0, 0, 0], [0, 0, 0, 0, 0, 0, 0, 0, 0, 0, 0, 0, 0, 1, 0, 0, 0, 0, 0, 0, 0, 0], [0, 0, 0, 0, 0, 0, 0, 0, 0, 0, 0, 0, 0, 0, 1, 0, 0, 0, 0, 0, 0, 0], [0, 0, 0, 0, 0, 0, 0, 0, 0, 0, 0, 0, 0, 0, 0, 1, 0, 0, 0, 0, 0, 0], [0, 0, 0, 0, 0, 0, 0, 0, 0, 0, 0, 0, 0, 0, 0, 0, 1, 0, 0, 0, 0, 0], [0, 0, 0, 0, 0, 0, 0, 0, 0, 0, 0, 0, 0, 0, 0, 0, 0, 1, 0, 0, 0, 0], [0, 0, 0, 0, 0, 0, 0, 0, 0, 0, 0, 0, 0, 0, 0, 0, 0, 0, 1, 0, 0, 0], [0, 0, 0, 0, 0, 0, 0, 0, 0, 0, 0, 0, 0, 0, 0, 0, 0, 0, 0, 1, 0, 0], [0, 0, 0, 0, 0, 0, 0, 0, 0, 0, 0, 0, 0, 0, 0, 0, 0, 0, 0, 0, 1, 0], [0, 0, 0, 0, 0, 0, 0, 0, 0, 0, 0, 0, 0, 0, 0, 0, 0, 0, 0, 0, 0, 1]]
[[0, 0, 0, 0, 0, 0, -1, 0, 0, 0, 0, 0, 0, 0, 0, 0, 0, 0, 0, 0, 0, 0], [1, 1, 0, 0, 0, 0, 1, 0, 0, 0, 0, 0, 0, 0, 0, 0, 0, 0, 0, 0, 0, 0], [0, 0, -1, 0, -1, -1, 0, 0, 0, 0, -1, 0, -1, 0, -2, -1, -1, -1, 0, 0, 0, -1], [0, 0, -1, 0, -1, 0, 1, 0, 1, 1, 0, 1, -1, 0, -1, 0, 0, 0, 0, 0, 0, 0], [0, 0, 1, 0, 0, 0, -1, 0, 0, 0, -1, -1, 1, 0, 0, -1, -1, -1, 0, 0, 0, -1], [0, 0, 1, 0, 1, 1, -1, 0, 0, 0, 1, -1, 1, 0, 2, 1, 1, 1, 0, 0, 0, 1], [-1, 0, 0, 0, 0, 0, 0, 0, 0, 0, 0, 0, 0, 0, 0, 0, 0, 0, 0, 0, 0, 0], [0, 0, 1, 0, 1, 1, 1, 1, 0, 0, 1, 1, 0, 0, 1, 1, 1, 1, 0, 0, 0, 1], [0, 0, -2, 0, -1, -1, 0, 0, 1, 0, -1, 0, -1, 0, -2, -1, -1, -1, 0, 0, 0, -1], [0, 0, 2, 1, 1, 1, 0, 0, -1, 0, 0, 0, 1, 0, 1, 0, 0, 0, 0, 0, 0, 0], [0, 0, 0, 0, 0, 0, 0, 0, 0, 0, 1, 0, 0, 0, 0, 0, 0, 0, 0, 0, 0, 0], [1, 0, -1, 0, 0, -1, 0, 0, 0, 0, 0, 0, 0, 0, 0, 0, 0, 0, 0, 0, 0, 0], [0, 0, 0, 0, 1, 0, 0, 0, 0, 0, 1, 0, 1, 0, 1, 1, 1, 1, 0, 0, 0, 1], [0, 0, -1, 0, 0, 0, 1, 0, 0, 0, 0, 1, -1, 1, -1, 0, 0, 0, 0, 0, 0, 0], [0, 0, -1, 0, 0, 0, 1, 0, 0, 0, 0, 1, -1, 0, 0, 0, 0, 0, 0, 0, 0, 0], [1, 0, 0, 0, 0, 0, 1, 0, 0, 0, 0, 0, 0, 0, 0, 0, 0, 0, 0, -1, -1, 0], [1, 0, 0, 0, -1, 0, 1, 0, 0, 0, -1, 0, 0, 0, -1, -1, 0, -1, 0, 0, 0, -1], [-1, 0, 0, 0, 0, 0, -1, 0, 0, 0, 0, 0, 0, 0, 0, 1, 0, 1, 0, 1, 1, 0], [0, 0, 0, 0, -1, 0, 0, 0, 0, 0, -1, 0, 0, 0, -1, 0, -1, -1, 1, 1, 1, -1], [-1, 0, 0, 0, 0, 0, -1, 0, 0, 0, 0, 0, 0, 0, 0, 0, 0, 0, 0, 1, 0, 0], [0, 0, 0, 0, 0, 0, 0, 0, 0, 0, 0, 0, 0, 0, 0, -1, 0, 0, 0, -1, 0, 0], [-1, 0, 0, 0, 0, 0, -1, 0, 0, 0, 0, 0, 0, 0, 0, 0, 0, 0, 0, 0, 0, 1]]
[[1, 0, 0, 0, 0, 0, 0, 0, 0, 0, 0, 0, 0, 0, 0, 0, 0, 0, 0, 0, 0, 0], [0, 1, 0, 0, 0, 0, 0, 0, 0, 0, 0, 0, 0, 0, 0, 0, 0, 0, 0, 0, 0, 0], [0, 0, 1, 0, 0, 0, 0, 0, 0, 0, 0, 0, 0, 0, 0, 0, 0, 0, 0, 0, 0, 0], [0, 0, 0, 1, 0, 0, 0, 0, 0, 0, 0, 0, 0, 0, 0, 0, 0, 0, 0, 0, 0, 0], [0, 0, 0, 0, 1, 0, 0, 0, 0, 0, 0, 0, 0, 0, 0, 0, 0, 0, 0, 0, 0, 0], [0, 0, 0, 0, 0, 1, 0, 0, 0, 0, 0, 0, 0, 0, 0, 0, 0, 0, 0, 0, 0, 0], [0, 0, 0, 0, 0, 0, 1, 0, 0, 0, 0, 0, 0, 0, 0, 0, 0, 0, 0, 0, 0, 0], [0, 0, 0, 0, 0, 0, 0, 1, 0, 0, 0, 0, 0, 0, 0, 0, 0, 0, 0, 0, 0, 0], [0, 0, 0, 0, 0, 0, 0, 0, 1, 0, 0, 0, 0, 0, 0, 0, 0, 0, 0, 0, 0, 0], [0, 0, 0, 0, 0, 0, 0, 0, 0, 1, 0, 0, 0, 0, 0, 0, 0, 0, 0, 0, 0, 0], [0, 0, 0, 0, 0, 0, 0, 0, 0, 0, 1, 0, 0, 0, 0, 0, 0, 0, 0, 0, 0, 0], [0, 0, 0, 0, 0, 0, 0, 0, 0, 0, 0, 1, 0, 0, 0, 0, 0, 0, 0, 0, 0, 0], [0, 0, 0, 0, 0, 0, 0, 0, 0, 0, 0, 0, 1, 0, 0, 0, 0, 0, 0, 0, 0, 0], [0, 0, 0, 0, 0, 0, 0, 0, 0, 0, 0, 0, 0, 1, 0, 0, 0, 0, 0, 0, 0, 0], [0, 0, 0, 0, 0, 0, 0, 0, 0, 0, 0, 0, 0, 0, 1, 0, 0, 0, 0, 0, 0, 0], [0, 0, 0, 0, 0, 0, 0, 0, 0, 0, 0, 0, 0, 0, 0, 1, 0, 0, 0, 0, 0, 0], [0, 0, 0, 0, 0, 0, 0, 0, 0, 0, 0, 0, 0, 0, 0, 0, 1, 0, 0, 0, 0, 0], [0, 0, 0, 0, 0, 0, 0, 0, 0, 0, 0, 0, 0, 0, 0, 0, 0, 1, 0, 0, 0, 0], [0, 0, 0, 0, 0, 0, 0, 0, 0, 0, 0, 0, 0, 0, 0, 0, 0, 0, 1, 0, 0, 0], [0, 0, 0, 0, 0, 0, 0, 0, 0, 0, 0, 0, 0, 0, 0, 0, 0, 0, 0, 1, 0, 0], [0, 0, 0, 0, 0, 0, 0, 0, 0, 0, 0, 0, 0, 0, 0, 0, 0, 0, 0, 0, 1, 0], [0, 0, 0, 0, 0, 0, 0, 0, 0, 0, 0, 0, 0, 0, 0, 0, 0, 0, 0, 0, 0, 1]]
[[1, -1, -1, 0, -1, -1, -1, -1, 0, 0, -1, 0, -1, -1, 0, -1, -1, -1, -1, -1, 0, -1], [0, 1, 0, 0, 0, 0, 0, 0, 0, 0, 0, 0, 0, 0, 0, 0, 0, 0, 0, 0, 0, 0], [1, -1, -1, 0, -1, -1, -1, 0, 1, 1, -1, 1, -2, -1, 0, -1, 0, 0, -1, -1, 0, -1], [1, 0, -1, 1, 0, 0, 0, 1, 1, 1, 0, 1, -1, 0, 0, 0, 1, 1, 0, 0, 0, 0], [0, -2, -2, 0, -1, -2, -2, -2, 0, 0, -2, 0, -2, -2, 0, -2, -2, -2, -2, -2, 0, -2], [0, -1, -1, 0, -1, 0, -1, -1, 0, 0, -1, 0, -1, -1, 0, -1, -1, -1, -1, -1, 0, -1], [0, 0, 0, 0, 0, 0, 1, 0, 0, 0, 0, 0, 0, 0, 0, 0, 0, 0, 0, 0, 0, 0], [-1, 2, 3, 0, 2, 2, 2, 2, -1, -1, 2, -1, 3, 2, 0, 2, 1, 1, 2, 2, 0, 2], [1, -1, -2, 0, -1, -1, -1, 0, 2, 1, -1, 1, -2, -1, 0, -1, 0, 0, -1, -1, 0, -1], [-1, 0, 1, 0, 0, 0, 0, -1, -1, 0, 0, -1, 1, 0, 0, 0, -1, -1, 0, 0, 0, 0], [0, 0, 0, 0, 0, 0, 0, 0, 0, 0, 1, 0, 0, 0, 0, 0, 0, 0, 0, 0, 0, 0], [0, 1, 1, 0, 1, 1, 1, 1, 0, 0, 1, 1, 1, 1, 0, 1, 1, 1, 1, 1, 0, 1], [0, 1, 1, 0, 1, 1, 1, 1, 0, 0, 1, 0, 2, 1, 0, 1, 1, 1, 1, 1, 0, 1], [0, 1, 1, 0, 1, 1, 1, 1, 0, 0, 1, 0, 1, 2, 0, 1, 1, 1, 1, 1, 0, 1], [0, 1, 1, 0, 1, 1, 1, 1, 0, 0, 1, 0, 1, 1, 1, 1, 1, 1, 1, 1, 0, 1], [0, 1, 1, 0, 1, 1, 1, 1, 0, 0, 1, 0, 1, 1, 0, 2, 1, 1, 1, 1, 0, 1], [0, 0, 0, 0, 0, 0, 0, 0, 0, 0, 0, 0, 0, 0, 0, 0, 1, 0, 0, 0, 0, 0], [0, -1, -1, 0, -1, -1, -1, -1, 0, 0, -1, 0, -1, -1, 0, -1, -1, 0, -1, -1, 0, -1], [0, -1, -1, 0, -1, -1, -1, -1, 0, 0, -1, 0, -1, -1, 0, -1, -1, -1, 0, -1, 0, -1], [0, -1, -1, 0, -1, -1, -1, -1, 0, 0, -1, 0, -1, -1, 0, -1, -1, -1, -1, 0, 0, -1], [0, 1, 1, 0, 1, 1, 1, 1, 0, 0, 1, 0, 1, 1, 0, 1, 1, 1, 1, 1, 1, 1], [0, 0, 0, 0, 0, 0, 0, 0, 0, 0, 0, 0, 0, 0, 0, 0, 0, 0, 0, 0, 0, 1]]
[[1, 0, 0, 0, 0, 0, 0, 0, 0, 0, 0, 0, 0, 0, 0, 0, 0, 0, 0, 0, 0, 0], [0, 1, 0, 0, 0, 0, 0, 0, 0, 0, 0, 0, 0, 0, 0, 0, 0, 0, 0, 0, 0, 0], [0, 0, 1, 0, 0, 0, 0, 0, 0, 0, 0, 0, 0, 0, 0, 0, 0, 0, 0, 0, 0, 0], [0, 0, 0, 1, 0, 0, 0, 0, 0, 0, 0, 0, 0, 0, 0, 0, 0, 0, 0, 0, 0, 0], [0, 0, 0, 0, 1, 0, 0, 0, 0, 0, 0, 0, 0, 0, 0, 0, 0, 0, 0, 0, 0, 0], [0, 0, 0, 0, 0, 1, 0, 0, 0, 0, 0, 0, 0, 0, 0, 0, 0, 0, 0, 0, 0, 0], [0, 0, 0, 0, 0, 0, 1, 0, 0, 0, 0, 0, 0, 0, 0, 0, 0, 0, 0, 0, 0, 0], [0, 0, 0, 0, 0, 0, 0, 1, 0, 0, 0, 0, 0, 0, 0, 0, 0, 0, 0, 0, 0, 0], [0, 0, 0, 0, 0, 0, 0, 0, 1, 0, 0, 0, 0, 0, 0, 0, 0, 0, 0, 0, 0, 0], [0, 0, 0, 0, 0, 0, 0, 0, 0, 1, 0, 0, 0, 0, 0, 0, 0, 0, 0, 0, 0, 0], [0, 0, 0, 0, 0, 0, 0, 0, 0, 0, 1, 0, 0, 0, 0, 0, 0, 0, 0, 0, 0, 0], [0, 0, 0, 0, 0, 0, 0, 0, 0, 0, 0, 1, 0, 0, 0, 0, 0, 0, 0, 0, 0, 0], [0, 0, 0, 0, 0, 0, 0, 0, 0, 0, 0, 0, 1, 0, 0, 0, 0, 0, 0, 0, 0, 0], [0, 0, 0, 0, 0, 0, 0, 0, 0, 0, 0, 0, 0, 1, 0, 0, 0, 0, 0, 0, 0, 0], [0, 0, 0, 0, 0, 0, 0, 0, 0, 0, 0, 0, 0, 0, 1, 0, 0, 0, 0, 0, 0, 0], [0, 0, 0, 0, 0, 0, 0, 0, 0, 0, 0, 0, 0, 0, 0, 1, 0, 0, 0, 0, 0, 0], [0, 0, 0, 0, 0, 0, 0, 0, 0, 0, 0, 0, 0, 0, 0, 0, 1, 0, 0, 0, 0, 0], [0, 0, 0, 0, 0, 0, 0, 0, 0, 0, 0, 0, 0, 0, 0, 0, 0, 1, 0, 0, 0, 0], [0, 0, 0, 0, 0, 0, 0, 0, 0, 0, 0, 0, 0, 0, 0, 0, 0, 0, 1, 0, 0, 0], [0, 0, 0, 0, 0, 0, 0, 0, 0, 0, 0, 0, 0, 0, 0, 0, 0, 0, 0, 1, 0, 0], [0, 0, 0, 0, 0, 0, 0, 0, 0, 0, 0, 0, 0, 0, 0, 0, 0, 0, 0, 0, 1, 0], [0, 0, 0, 0, 0, 0, 0, 0, 0, 0, 0, 0, 0, 0, 0, 0, 0, 0, 0, 0, 0, 1]]
[[0, 1, 1, 0, 0, 0, 0, -1, -1, 0, 0, -1, 1, 0, 0, 0, -1, -1, 0, 0, 0, 0], [1, -1, -1, 0, 0, 0, 0, 1, 1, -1, 0, 1, -1, 0, 0, 0, 1, 1, 0, 0, 0, 0], [0, 1, 1, 0, 0, 0, 0, 0, 0, 1, 0, 0, 0, 0, 0, 0, 0, 0, 0, 0, 0, 0], [1, 0, -1, 1, 0, 0, 0, 1, 1, 1, 0, 1, -1, 0, 0, 0, 1, 1, 0, 0, 0, 0], [-2, 2, 2, 0, 1, 0, 0, -2, -2, 0, 0, -2, 2, 0, 0, 0, -2, -2, 0, 0, 0, 0], [-1, 1, 1, 0, 0, 1, 0, -1, -1, 0, 0, -1, 1, 0, 0, 0, -1, -1, 0, 0, 0, 0], [0, 0, 0, 0, 0, 0, 1, 0, 0, 0, 0, 0, 0, 0, 0, 0, 0, 0, 0, 0, 0, 0], [1, -2, -1, 0, 0, 0, 0, 2, 1, -1, 0, 1, -1, 0, 0, 0, 1, 1, 0, 0, 0, 0], [0, 1, 0, 0, 0, 0, 0, 0, 1, 1, 0, 0, 0, 0, 0, 0, 0, 0, 0, 0, 0, 0], [-1, 0, 1, 0, 0, 0, 0, -1, -1, 0, 0, -1, 1, 0, 0, 0, -1, -1, 0, 0, 0, 0], [0, 0, 0, 0, 0, 0, 0, 0, 0, 0, 1, 0, 0, 0, 0, 0, 0, 0, 0, 0, 0, 0], [1, -1, -1, 0, 0, 0, 0, 1, 1, 0, 0, 2, -1, 0, 0, 0, 1, 1, 0, 0, 0, 0], [1, -1, -1, 0, 0, 0, 0, 1, 1, 0, 0, 1, 0, 0, 0, 0, 1, 1, 0, 0, 0, 0], [1, -1, -1, 0, 0, 0, 0, 1, 1, 0, 0, 1, -1, 1, 0, 0, 1, 1, 0, 0, 0, 0], [1, -1, -1, 0, 0, 0, 0, 1, 1, 0, 0, 1, -1, 0, 1, 0, 1, 1, 0, 0, 0, 0], [1, -1, -1, 0, 0, 0, 0, 1, 1, 0, 0, 1, -1, 0, 0, 1, 1, 1, 0, 0, 0, 0], [0, 0, 0, 0, 0, 0, 0, 0, 0, 0, 0, 0, 0, 0, 0, 0, 1, 0, 0, 0, 0, 0], [-1, 1, 1, 0, 0, 0, 0, -1, -1, 0, 0, -1, 1, 0, 0, 0, -1, 0, 0, 0, 0, 0], [-1, 1, 1, 0, 0, 0, 0, -1, -1, 0, 0, -1, 1, 0, 0, 0, -1, -1, 1, 0, 0, 0], [-1, 1, 1, 0, 0, 0, 0, -1, -1, 0, 0, -1, 1, 0, 0, 0, -1, -1, 0, 1, 0, 0], [1, -1, -1, 0, 0, 0, 0, 1, 1, 0, 0, 1, -1, 0, 0, 0, 1, 1, 0, 0, 1, 0], [0, 0, 0, 0, 0, 0, 0, 0, 0, 0, 0, 0, 0, 0, 0, 0, 0, 0, 0, 0, 0, 1]]
[[1, 0, 0, 0, 0, 0, 0, 0, 0, 0, 0, 0, 0, 0, 0, 0, 0, 0, 0, 0, 0, 0], [0, 1, 0, 0, 0, 0, 0, 0, 0, 0, 0, 0, 0, 0, 0, 0, 0, 0, 0, 0, 0, 0], [0, 0, 1, 0, 0, 0, 0, 0, 0, 0, 0, 0, 0, 0, 0, 0, 0, 0, 0, 0, 0, 0], [0, 0, 0, 1, 0, 0, 0, 0, 0, 0, 0, 0, 0, 0, 0, 0, 0, 0, 0, 0, 0, 0], [0, 0, 0, 0, 1, 0, 0, 0, 0, 0, 0, 0, 0, 0, 0, 0, 0, 0, 0, 0, 0, 0], [0, 0, 0, 0, 0, 1, 0, 0, 0, 0, 0, 0, 0, 0, 0, 0, 0, 0, 0, 0, 0, 0], [0, 0, 0, 0, 0, 0, 1, 0, 0, 0, 0, 0, 0, 0, 0, 0, 0, 0, 0, 0, 0, 0], [0, 0, 0, 0, 0, 0, 0, 1, 0, 0, 0, 0, 0, 0, 0, 0, 0, 0, 0, 0, 0, 0], [0, 0, 0, 0, 0, 0, 0, 0, 1, 0, 0, 0, 0, 0, 0, 0, 0, 0, 0, 0, 0, 0], [0, 0, 0, 0, 0, 0, 0, 0, 0, 1, 0, 0, 0, 0, 0, 0, 0, 0, 0, 0, 0, 0], [0, 0, 0, 0, 0, 0, 0, 0, 0, 0, 1, 0, 0, 0, 0, 0, 0, 0, 0, 0, 0, 0], [0, 0, 0, 0, 0, 0, 0, 0, 0, 0, 0, 1, 0, 0, 0, 0, 0, 0, 0, 0, 0, 0], [0, 0, 0, 0, 0, 0, 0, 0, 0, 0, 0, 0, 1, 0, 0, 0, 0, 0, 0, 0, 0, 0], [0, 0, 0, 0, 0, 0, 0, 0, 0, 0, 0, 0, 0, 1, 0, 0, 0, 0, 0, 0, 0, 0], [0, 0, 0, 0, 0, 0, 0, 0, 0, 0, 0, 0, 0, 0, 1, 0, 0, 0, 0, 0, 0, 0], [0, 0, 0, 0, 0, 0, 0, 0, 0, 0, 0, 0, 0, 0, 0, 1, 0, 0, 0, 0, 0, 0], [0, 0, 0, 0, 0, 0, 0, 0, 0, 0, 0, 0, 0, 0, 0, 0, 1, 0, 0, 0, 0, 0], [0, 0, 0, 0, 0, 0, 0, 0, 0, 0, 0, 0, 0, 0, 0, 0, 0, 1, 0, 0, 0, 0], [0, 0, 0, 0, 0, 0, 0, 0, 0, 0, 0, 0, 0, 0, 0, 0, 0, 0, 1, 0, 0, 0], [0, 0, 0, 0, 0, 0, 0, 0, 0, 0, 0, 0, 0, 0, 0, 0, 0, 0, 0, 1, 0, 0], [0, 0, 0, 0, 0, 0, 0, 0, 0, 0, 0, 0, 0, 0, 0, 0, 0, 0, 0, 0, 1, 0], [0, 0, 0, 0, 0, 0, 0, 0, 0, 0, 0, 0, 0, 0, 0, 0, 0, 0, 0, 0, 0, 1]]
[[1, 0, 0, 0, 0, 0, 0, 0, 0, 0, 0, 0, 0, 0, 0, 0, 0, 0, 0, 0, 0, 0], [0, 1, 0, 0, 0, 0, 0, 0, 0, 0, 0, 0, 0, 0, 0, 0, 0, 0, 0, 0, 0, 0], [0, 0, 1, 0, 0, 0, 0, 0, 0, 0, 0, 0, 0, 0, 0, 0, 0, 0, 0, 0, 0, 0], [0, 0, 0, 1, 0, 0, 0, 0, 0, 0, 0, 0, 0, 0, 0, 0, 0, 0, 0, 0, 0, 0], [0, 0, 0, 0, 1, 0, 0, 0, 0, 0, 0, 0, 0, 0, 0, 0, 0, 0, 0, 0, 0, 0], [0, 0, 0, 0, 0, 1, 0, 0, 0, 0, 0, 0, 0, 0, 0, 0, 0, 0, 0, 0, 0, 0], [0, 0, 0, 0, 0, 0, 1, 0, 0, 0, 0, 0, 0, 0, 0, 0, 0, 0, 0, 0, 0, 0], [0, 0, 0, 0, 0, 0, 0, 1, 0, 0, 0, 0, 0, 0, 0, 0, 0, 0, 0, 0, 0, 0], [0, 0, 0, 0, 0, 0, 0, 0, 1, 0, 0, 0, 0, 0, 0, 0, 0, 0, 0, 0, 0, 0], [0, 0, 0, 0, 0, 0, 0, 0, 0, 1, 0, 0, 0, 0, 0, 0, 0, 0, 0, 0, 0, 0], [0, 0, 0, 0, 0, 0, 0, 0, 0, 0, 1, 0, 0, 0, 0, 0, 0, 0, 0, 0, 0, 0], [0, 0, 0, 0, 0, 0, 0, 0, 0, 0, 0, 1, 0, 0, 0, 0, 0, 0, 0, 0, 0, 0], [0, 0, 0, 0, 0, 0, 0, 0, 0, 0, 0, 0, 1, 0, 0, 0, 0, 0, 0, 0, 0, 0], [0, 0, 0, 0, 0, 0, 0, 0, 0, 0, 0, 0, 0, 1, 0, 0, 0, 0, 0, 0, 0, 0], [0, 0, 0, 0, 0, 0, 0, 0, 0, 0, 0, 0, 0, 0, 1, 0, 0, 0, 0, 0, 0, 0], [0, 0, 0, 0, 0, 0, 0, 0, 0, 0, 0, 0, 0, 0, 0, 1, 0, 0, 0, 0, 0, 0], [0, 0, 0, 0, 0, 0, 0, 0, 0, 0, 0, 0, 0, 0, 0, 0, 1, 0, 0, 0, 0, 0], [0, 0, 0, 0, 0, 0, 0, 0, 0, 0, 0, 0, 0, 0, 0, 0, 0, 1, 0, 0, 0, 0], [0, 0, 0, 0, 0, 0, 0, 0, 0, 0, 0, 0, 0, 0, 0, 0, 0, 0, 1, 0, 0, 0], [0, 0, 0, 0, 0, 0, 0, 0, 0, 0, 0, 0, 0, 0, 0, 0, 0, 0, 0, 1, 0, 0], [0, 0, 0, 0, 0, 0, 0, 0, 0, 0, 0, 0, 0, 0, 0, 0, 0, 0, 0, 0, 1, 0], [0, 0, 0, 0, 0, 0, 0, 0, 0, 0, 0, 0, 0, 0, 0, 0, 0, 0, 0, 0, 0, 1]]
[[1, 0, 0, 0, 0, 0, 0, 0, 0, 0, 0, 0, 0, 0, 0, 0, 0, 0, 0, 0, 0, 0], [0, 1, 0, 0, 0, 0, 0, 0, 0, 0, 0, 0, 0, 0, 0, 0, 0, 0, 0, 0, 0, 0], [0, 0, 1, 0, 0, 0, 0, 0, 0, 0, 0, 0, 0, 0, 0, 0, 0, 0, 0, 0, 0, 0], [0, 0, 0, 1, 0, 0, 0, 0, 0, 0, 0, 0, 0, 0, 0, 0, 0, 0, 0, 0, 0, 0], [0, 0, 0, 0, 1, 0, 0, 0, 0, 0, 0, 0, 0, 0, 0, 0, 0, 0, 0, 0, 0, 0], [0, 0, 0, 0, 0, 1, 0, 0, 0, 0, 0, 0, 0, 0, 0, 0, 0, 0, 0, 0, 0, 0], [0, 0, 0, 0, 0, 0, 1, 0, 0, 0, 0, 0, 0, 0, 0, 0, 0, 0, 0, 0, 0, 0], [0, 0, 0, 0, 0, 0, 0, 1, 0, 0, 0, 0, 0, 0, 0, 0, 0, 0, 0, 0, 0, 0], [0, 0, 0, 0, 0, 0, 0, 0, 1, 0, 0, 0, 0, 0, 0, 0, 0, 0, 0, 0, 0, 0], [0, 0, 0, 0, 0, 0, 0, 0, 0, 1, 0, 0, 0, 0, 0, 0, 0, 0, 0, 0, 0, 0], [0, 0, 0, 0, 0, 0, 0, 0, 0, 0, 1, 0, 0, 0, 0, 0, 0, 0, 0, 0, 0, 0], [0, 0, 0, 0, 0, 0, 0, 0, 0, 0, 0, 1, 0, 0, 0, 0, 0, 0, 0, 0, 0, 0], [0, 0, 0, 0, 0, 0, 0, 0, 0, 0, 0, 0, 1, 0, 0, 0, 0, 0, 0, 0, 0, 0], [0, 0, 0, 0, 0, 0, 0, 0, 0, 0, 0, 0, 0, 1, 0, 0, 0, 0, 0, 0, 0, 0], [0, 0, 0, 0, 0, 0, 0, 0, 0, 0, 0, 0, 0, 0, 1, 0, 0, 0, 0, 0, 0, 0], [0, 0, 0, 0, 0, 0, 0, 0, 0, 0, 0, 0, 0, 0, 0, 1, 0, 0, 0, 0, 0, 0], [0, 0, 0, 0, 0, 0, 0, 0, 0, 0, 0, 0, 0, 0, 0, 0, 1, 0, 0, 0, 0, 0], [0, 0, 0, 0, 0, 0, 0, 0, 0, 0, 0, 0, 0, 0, 0, 0, 0, 1, 0, 0, 0, 0], [0, 0, 0, 0, 0, 0, 0, 0, 0, 0, 0, 0, 0, 0, 0, 0, 0, 0, 1, 0, 0, 0], [0, 0, 0, 0, 0, 0, 0, 0, 0, 0, 0, 0, 0, 0, 0, 0, 0, 0, 0, 1, 0, 0], [0, 0, 0, 0, 0, 0, 0, 0, 0, 0, 0, 0, 0, 0, 0, 0, 0, 0, 0, 0, 1, 0], [0, 0, 0, 0, 0, 0, 0, 0, 0, 0, 0, 0, 0, 0, 0, 0, 0, 0, 0, 0, 0, 1]]
[[-1, 0, 0, -1, 0, 0, 0, -1, -1, 0, 0, 0, 0, 0, 1, 0, -1, -1, 0, 0, 0, -1], [-1, 1, 2, -1, 0, 1, 0, 1, 0, 0, 0, 0, 1, 1, -1, 0, 0, 0, 1, 1, 0, 1], [-1, 0, -1, -1, 0, -1, 0, -1, 0, 0, 0, 0, -1, -1, 1, 0, 0, 0, -2, -1, -2, 1], [0, 0, 0, 0, 0, 0, 0, 1, 1, 0, 0, 0, 0, 0, -1, 0, 1, 1, 0, 0, 0, 1], [-1, 0, 0, 0, 1, 0, 0, -1, -1, 0, 0, 0, 0, 0, 1, 0, -1, -1, -1, 0, 0, -1], [0, 0, 0, 0, 0, 1, 0, 0, 0, 0, 0, 0, 0, 0, 0, 0, 0, 0, 1, 0, 2, -2], [1, 0, 0, 1, 0, 0, 1, 0, 0, 0, 0, 0, 0, 0, 0, 0, 0, 0, 0, 0, 0, 0], [1, 0, 0, 1, 0, 0, 0, 1, 0, 0, 0, 0, 0, 0, 0, 0, 0, 0, 1, 0, 0, 0], [-2, 0, 0, -2, 0, 0, 0, 0, 1, 0, 0, 0, 0, 0, 0, 0, 0, 0, -1, 0, -1, 1], [2, 0, 0, 2, 0, 0, 0, 0, 0, 0, -1, 0, 0, -1, 0, 0, 0, 0, 0, 0, 1, -1], [-2, 0, 0, -1, 0, 0, 0, -1, -1, 0, 1, 0, 0, 0, 1, 0, -1, -1, 0, 0, -1, 0], [0, 0, 0, 0, 0, 0, 0, 0, 0, 1, 1, 1, 0, 1, 0, 0, 0, 0, 0, 0, -1, 1], [1, 0, 0, 1, 0, 0, 0, 0, 0, 1, 1, 0, 1, 1, 0, 0, 0, 0, 1, 0, 0, 0], [0, 0, 0, -1, 0, 0, 0, 1, 1, -1, -1, 0, 0, 0, -1, 0, 1, 1, 0, 0, 0, 1], [1, 0, 0, 0, 0, 0, 0, 1, 1, 0, 0, 0, 0, 0, 0, 0, 1, 1, 0, 0, 0, 1], [-1, 0, 0, -1, 0, 0, 0, 0, 0, 0, 0, 0, 0, 0, 0, 1, 0, 0, 0, 0, -1, 1], [0, 0, 0, 0, 0, 0, 0, 0, 0, 0, 0, 0, 0, 0, 0, 0, 1, 0, -1, 0, -1, 1], [1, 0, 0, 1, 0, 0, 0, 0, 0, 0, 0, 0, 0, 0, 0, 0, 0, 1, 0, 0, 1, -1], [0, 0, 0, 0, 0, 0, 0, 0, 0, 0, 0, 0, 0, 0, 0, 0, 0, 0, -1, 0, 0, 0], [0, 0, 0, 0, 0, 0, 0, 0, 0, 0, 0, 0, 0, 0, 0, 0, 0, 0, 0, 1, 1, -1], [1, 0, 0, 1, 0, 0, 0, 0, 0, 0, 0, 0, 0, 0, 0, 0, 0, 0, 1, 0, 0, 1], [1, 0, 0, 1, 0, 0, 0, 0, 0, 0, 0, 0, 0, 0, 0, 0, 0, 0, 1, 0, 1, 0]]
[[0, 0, 0, 0, 0, 0, -1, 0, 0, 0, 0, 0, 0, 0, 0, 0, 0, 0, 0, 0, 0, 0], [1, 1, 0, 0, 0, 0, 1, 0, 0, 0, 0, 0, 0, 0, 0, 0, 0, 0, 0, 0, 0, 0], [0, 0, -1, 0, -1, -1, 0, 0, 0, 0, -1, 0, -1, 0, -2, -1, -1, -1, 0, 0, 0, -1], [0, 0, -1, 0, -1, 0, 1, 0, 1, 1, 0, 1, -1, 0, -1, 0, 0, 0, 0, 0, 0, 0], [0, 0, 1, 0, 0, 0, -1, 0, 0, 0, -1, -1, 1, 0, 0, -1, -1, -1, 0, 0, 0, -1], [0, 0, 1, 0, 1, 1, -1, 0, 0, 0, 1, -1, 1, 0, 2, 1, 1, 1, 0, 0, 0, 1], [-1, 0, 0, 0, 0, 0, 0, 0, 0, 0, 0, 0, 0, 0, 0, 0, 0, 0, 0, 0, 0, 0], [0, 0, 1, 0, 1, 1, 1, 1, 0, 0, 1, 1, 0, 0, 1, 1, 1, 1, 0, 0, 0, 1], [0, 0, -2, 0, -1, -1, 0, 0, 1, 0, -1, 0, -1, 0, -2, -1, -1, -1, 0, 0, 0, -1], [0, 0, 2, 1, 1, 1, 0, 0, -1, 0, 0, 0, 1, 0, 1, 0, 0, 0, 0, 0, 0, 0], [0, 0, 0, 0, 0, 0, 0, 0, 0, 0, 1, 0, 0, 0, 0, 0, 0, 0, 0, 0, 0, 0], [1, 0, -1, 0, 0, -1, 0, 0, 0, 0, 0, 0, 0, 0, 0, 0, 0, 0, 0, 0, 0, 0], [0, 0, 0, 0, 1, 0, 0, 0, 0, 0, 1, 0, 1, 0, 1, 1, 1, 1, 0, 0, 0, 1], [0, 0, -1, 0, 0, 0, 1, 0, 0, 0, 0, 1, -1, 1, -1, 0, 0, 0, 0, 0, 0, 0], [0, 0, -1, 0, 0, 0, 1, 0, 0, 0, 0, 1, -1, 0, 0, 0, 0, 0, 0, 0, 0, 0], [1, 0, 0, 0, 0, 0, 1, 0, 0, 0, 0, 0, 0, 0, 0, 0, 0, 0, 0, -1, -1, 0], [1, 0, 0, 0, -1, 0, 1, 0, 0, 0, -1, 0, 0, 0, -1, -1, 0, -1, 0, 0, 0, -1], [-1, 0, 0, 0, 0, 0, -1, 0, 0, 0, 0, 0, 0, 0, 0, 1, 0, 1, 0, 1, 1, 0], [0, 0, 0, 0, -1, 0, 0, 0, 0, 0, -1, 0, 0, 0, -1, 0, -1, -1, 1, 1, 1, -1], [-1, 0, 0, 0, 0, 0, -1, 0, 0, 0, 0, 0, 0, 0, 0, 0, 0, 0, 0, 1, 0, 0], [0, 0, 0, 0, 0, 0, 0, 0, 0, 0, 0, 0, 0, 0, 0, -1, 0, 0, 0, -1, 0, 0], [-1, 0, 0, 0, 0, 0, -1, 0, 0, 0, 0, 0, 0, 0, 0, 0, 0, 0, 0, 0, 0, 1]]
[[1, 0, 1, 0, 2, 0, 1, 1, -1, -1, 0, 0, 1, 1, 1, 1, 0, 0, 1, 0, -1, 1], [-1, 1, 1, 0, 1, 0, -1, 2, 0, -1, -1, -1, 1, 1, -2, 1, 0, 0, 1, 2, 1, 1], [0, 0, 0, 0, 1, -1, 0, -1, -1, -1, 0, -1, 0, -1, 2, 0, 0, 0, -2, -1, -2, 1], [-1, 0, 0, 0, -1, 0, -1, -1, 0, 0, 0, -1, 0, -1, 0, -1, 0, 0, -1, 0, 1, -1], [1, 0, 1, 0, 2, 0, 2, 0, -1, 0, 1, 0, 0, 0, 3, 0, 0, 0, -1, -2, -3, 1], [2, 0, 1, 1, 1, 0, 1, 1, 0, 1, 0, 1, 1, 1, 0, 0, -1, 0, 1, 0, 0, -1], [-1, 0, -1, 0, -1, 0, 0, -2, 0, 1, 1, 0, -1, -1, 1, -1, 0, 0, -1, -1, 0, -1], [0, 0, 0, -1, -2, 2, 0, 1, 1, 0, 0, 1, 0, 1, -2, 1, 1, 0, 3, 2, 3, 0], [-1, 0, 0, 0, 1, -1, -1, 1, 0, -2, -1, -2, 0, -1, 0, 0, 0, 0, -1, 0, -1, 1], [1, 0, -1, 0, -1, 0, 1, -2, 0, 2, 1, 1, -1, -1, 2, -1, 0, 0, -1, -2, -1, -1], [0, 0, 1, -1, 1, 1, 0, 2, 0, -2, 0, -1, 2, 2, -1, 2, 1, 0, 3, 2, 1, 2], [0, 0, 0, 0, 0, 1, 0, 1, 0, -1, 0, 0, 0, 1, -1, 1, 1, 0, 1, 1, 1, 1], [0, 0, 0, 0, -1, 2, 1, 0, 0, 0, 1, 1, 0, 1, -1, 1, 1, 0, 2, 1, 2, 0], [-1, 0, -1, 0, -1, -2, -2, 0, 1, 0, -2, -1, -1, -2, -1, -1, -1, 0, -2, 0, 0, -1], [-1, 0, -1, 0, -1, 0, -1, 0, 1, 0, -1, 0, -1, -1, -1, -1, 0, 0, -1, 0, 1, -1], [0, 0, 1, 0, 0, 0, -1, 1, -1, -1, 0, 0, 1, 1, -1, 2, 0, 0, 2, 2, 0, 2], [0, 0, 0, 0, 0, 0, 0, -1, -1, 0, 1, 0, 0, 0, 1, 1, 1, 1, -1, 0, -1, 1], [0, 0, -1, 1, 0, -1, 0, -1, 1, 2, 0, 1, -1, -1, 0, -2, -1, 0, -2, -1, 0, -2], [0, 0, 0, 0, 1, 0, 0, 0, 0, 0, 1, 0, 0, 0, 1, 0, 1, 1, -1, -1, -1, 1], [0, 0, 0, 0, 0, 0, 0, 1, 1, 0, -1, 0, 0, 0, -1, -1, 0, 0, 0, 0, 0, -1], [-1, 0, -1, 0, -1, 0, 0, -2, 0, 1, 0, 0, -1, -1, 1, -1, -1, -1, -1, -1, 0, -1], [0, 0, -1, 0, -1, 0, 1, -2, 0, 1, 0, 0, -1, -1, 1, -2, -1, -1, -1, -2, 0, -2]]
[[1, 0, 0, 0, 0, 0, 0, 0, 0, 0, 0, 0, 0, 0, 0, 0, 0, 0, 0, 0, 0, 0], [0, 1, 0, 0, 0, 0, 0, 0, 0, 0, 0, 0, 0, 0, 0, 0, 0, 0, 0, 0, 0, 0], [0, 0, 1, 0, 0, 0, 0, 0, 0, 0, 0, 0, 0, 0, 0, 0, 0, 0, 0, 0, 0, 0], [0, 0, 0, 1, 0, 0, 0, 0, 0, 0, 0, 0, 0, 0, 0, 0, 0, 0, 0, 0, 0, 0], [0, 0, 0, 0, 1, 0, 0, 0, 0, 0, 0, 0, 0, 0, 0, 0, 0, 0, 0, 0, 0, 0], [0, 0, 0, 0, 0, 1, 0, 0, 0, 0, 0, 0, 0, 0, 0, 0, 0, 0, 0, 0, 0, 0], [0, 0, 0, 0, 0, 0, 1, 0, 0, 0, 0, 0, 0, 0, 0, 0, 0, 0, 0, 0, 0, 0], [0, 0, 0, 0, 0, 0, 0, 1, 0, 0, 0, 0, 0, 0, 0, 0, 0, 0, 0, 0, 0, 0], [0, 0, 0, 0, 0, 0, 0, 0, 1, 0, 0, 0, 0, 0, 0, 0, 0, 0, 0, 0, 0, 0], [0, 0, 0, 0, 0, 0, 0, 0, 0, 1, 0, 0, 0, 0, 0, 0, 0, 0, 0, 0, 0, 0], [0, 0, 0, 0, 0, 0, 0, 0, 0, 0, 1, 0, 0, 0, 0, 0, 0, 0, 0, 0, 0, 0], [0, 0, 0, 0, 0, 0, 0, 0, 0, 0, 0, 1, 0, 0, 0, 0, 0, 0, 0, 0, 0, 0], [0, 0, 0, 0, 0, 0, 0, 0, 0, 0, 0, 0, 1, 0, 0, 0, 0, 0, 0, 0, 0, 0], [0, 0, 0, 0, 0, 0, 0, 0, 0, 0, 0, 0, 0, 1, 0, 0, 0, 0, 0, 0, 0, 0], [0, 0, 0, 0, 0, 0, 0, 0, 0, 0, 0, 0, 0, 0, 1, 0, 0, 0, 0, 0, 0, 0], [0, 0, 0, 0, 0, 0, 0, 0, 0, 0, 0, 0, 0, 0, 0, 1, 0, 0, 0, 0, 0, 0], [0, 0, 0, 0, 0, 0, 0, 0, 0, 0, 0, 0, 0, 0, 0, 0, 1, 0, 0, 0, 0, 0], [0, 0, 0, 0, 0, 0, 0, 0, 0, 0, 0, 0, 0, 0, 0, 0, 0, 1, 0, 0, 0, 0], [0, 0, 0, 0, 0, 0, 0, 0, 0, 0, 0, 0, 0, 0, 0, 0, 0, 0, 1, 0, 0, 0], [0, 0, 0, 0, 0, 0, 0, 0, 0, 0, 0, 0, 0, 0, 0, 0, 0, 0, 0, 1, 0, 0], [0, 0, 0, 0, 0, 0, 0, 0, 0, 0, 0, 0, 0, 0, 0, 0, 0, 0, 0, 0, 1, 0], [0, 0, 0, 0, 0, 0, 0, 0, 0, 0, 0, 0, 0, 0, 0, 0, 0, 0, 0, 0, 0, 1]]
[[1, 0, 0, 0, 0, 0, 0, 0, 0, 0, 0, 0, 0, 0, 0, 0, 0, 0, 0, 0, 0, 0], [0, 1, 0, 0, 0, 0, 0, 0, 0, 0, 0, 0, 0, 0, 0, 0, 0, 0, 0, 0, 0, 0], [0, 0, 1, 0, 0, 0, 0, 0, 0, 0, 0, 0, 0, 0, 0, 0, 0, 0, 0, 0, 0, 0], [0, 0, 0, 1, 0, 0, 0, 0, 0, 0, 0, 0, 0, 0, 0, 0, 0, 0, 0, 0, 0, 0], [0, 0, 0, 0, 1, 0, 0, 0, 0, 0, 0, 0, 0, 0, 0, 0, 0, 0, 0, 0, 0, 0], [0, 0, 0, 0, 0, 1, 0, 0, 0, 0, 0, 0, 0, 0, 0, 0, 0, 0, 0, 0, 0, 0], [0, 0, 0, 0, 0, 0, 1, 0, 0, 0, 0, 0, 0, 0, 0, 0, 0, 0, 0, 0, 0, 0], [0, 0, 0, 0, 0, 0, 0, 1, 0, 0, 0, 0, 0, 0, 0, 0, 0, 0, 0, 0, 0, 0], [0, 0, 0, 0, 0, 0, 0, 0, 1, 0, 0, 0, 0, 0, 0, 0, 0, 0, 0, 0, 0, 0], [0, 0, 0, 0, 0, 0, 0, 0, 0, 1, 0, 0, 0, 0, 0, 0, 0, 0, 0, 0, 0, 0], [0, 0, 0, 0, 0, 0, 0, 0, 0, 0, 1, 0, 0, 0, 0, 0, 0, 0, 0, 0, 0, 0], [0, 0, 0, 0, 0, 0, 0, 0, 0, 0, 0, 1, 0, 0, 0, 0, 0, 0, 0, 0, 0, 0], [0, 0, 0, 0, 0, 0, 0, 0, 0, 0, 0, 0, 1, 0, 0, 0, 0, 0, 0, 0, 0, 0], [0, 0, 0, 0, 0, 0, 0, 0, 0, 0, 0, 0, 0, 1, 0, 0, 0, 0, 0, 0, 0, 0], [0, 0, 0, 0, 0, 0, 0, 0, 0, 0, 0, 0, 0, 0, 1, 0, 0, 0, 0, 0, 0, 0], [0, 0, 0, 0, 0, 0, 0, 0, 0, 0, 0, 0, 0, 0, 0, 1, 0, 0, 0, 0, 0, 0], [0, 0, 0, 0, 0, 0, 0, 0, 0, 0, 0, 0, 0, 0, 0, 0, 1, 0, 0, 0, 0, 0], [0, 0, 0, 0, 0, 0, 0, 0, 0, 0, 0, 0, 0, 0, 0, 0, 0, 1, 0, 0, 0, 0], [0, 0, 0, 0, 0, 0, 0, 0, 0, 0, 0, 0, 0, 0, 0, 0, 0, 0, 1, 0, 0, 0], [0, 0, 0, 0, 0, 0, 0, 0, 0, 0, 0, 0, 0, 0, 0, 0, 0, 0, 0, 1, 0, 0], [0, 0, 0, 0, 0, 0, 0, 0, 0, 0, 0, 0, 0, 0, 0, 0, 0, 0, 0, 0, 1, 0], [0, 0, 0, 0, 0, 0, 0, 0, 0, 0, 0, 0, 0, 0, 0, 0, 0, 0, 0, 0, 0, 1]]
[[1, 0, 0, 0, 0, 0, 0, 0, 0, 0, 0, 0, 0, 0, 0, 0, 0, 0, 0, 0, 0, 0], [0, 1, 0, 0, 0, 0, 0, 0, 0, 0, 0, 0, 0, 0, 0, 0, 0, 0, 0, 0, 0, 0], [0, 0, 1, 0, 0, 0, 0, 0, 0, 0, 0, 0, 0, 0, 0, 0, 0, 0, 0, 0, 0, 0], [0, 0, 0, 1, 0, 0, 0, 0, 0, 0, 0, 0, 0, 0, 0, 0, 0, 0, 0, 0, 0, 0], [0, 0, 0, 0, 1, 0, 0, 0, 0, 0, 0, 0, 0, 0, 0, 0, 0, 0, 0, 0, 0, 0], [0, 0, 0, 0, 0, 1, 0, 0, 0, 0, 0, 0, 0, 0, 0, 0, 0, 0, 0, 0, 0, 0], [0, 0, 0, 0, 0, 0, 1, 0, 0, 0, 0, 0, 0, 0, 0, 0, 0, 0, 0, 0, 0, 0], [0, 0, 0, 0, 0, 0, 0, 1, 0, 0, 0, 0, 0, 0, 0, 0, 0, 0, 0, 0, 0, 0], [0, 0, 0, 0, 0, 0, 0, 0, 1, 0, 0, 0, 0, 0, 0, 0, 0, 0, 0, 0, 0, 0], [0, 0, 0, 0, 0, 0, 0, 0, 0, 1, 0, 0, 0, 0, 0, 0, 0, 0, 0, 0, 0, 0], [0, 0, 0, 0, 0, 0, 0, 0, 0, 0, 1, 0, 0, 0, 0, 0, 0, 0, 0, 0, 0, 0], [0, 0, 0, 0, 0, 0, 0, 0, 0, 0, 0, 1, 0, 0, 0, 0, 0, 0, 0, 0, 0, 0], [0, 0, 0, 0, 0, 0, 0, 0, 0, 0, 0, 0, 1, 0, 0, 0, 0, 0, 0, 0, 0, 0], [0, 0, 0, 0, 0, 0, 0, 0, 0, 0, 0, 0, 0, 1, 0, 0, 0, 0, 0, 0, 0, 0], [0, 0, 0, 0, 0, 0, 0, 0, 0, 0, 0, 0, 0, 0, 1, 0, 0, 0, 0, 0, 0, 0], [0, 0, 0, 0, 0, 0, 0, 0, 0, 0, 0, 0, 0, 0, 0, 1, 0, 0, 0, 0, 0, 0], [0, 0, 0, 0, 0, 0, 0, 0, 0, 0, 0, 0, 0, 0, 0, 0, 1, 0, 0, 0, 0, 0], [0, 0, 0, 0, 0, 0, 0, 0, 0, 0, 0, 0, 0, 0, 0, 0, 0, 1, 0, 0, 0, 0], [0, 0, 0, 0, 0, 0, 0, 0, 0, 0, 0, 0, 0, 0, 0, 0, 0, 0, 1, 0, 0, 0], [0, 0, 0, 0, 0, 0, 0, 0, 0, 0, 0, 0, 0, 0, 0, 0, 0, 0, 0, 1, 0, 0], [0, 0, 0, 0, 0, 0, 0, 0, 0, 0, 0, 0, 0, 0, 0, 0, 0, 0, 0, 0, 1, 0], [0, 0, 0, 0, 0, 0, 0, 0, 0, 0, 0, 0, 0, 0, 0, 0, 0, 0, 0, 0, 0, 1]]
[[1, 0, 0, 2, 2, 0, 0, 0, -1, 1, 2, 2, 1, 2, 0, 2, 1, 2, 0, 2, 0, 1], [0, 1, 0, 2, 3, 0, 2, 0, -2, 0, 3, 2, 1, 3, 1, 3, 1, 3, 0, 3, 0, 1], [1, 0, 1, 1, 0, 0, 0, 0, -1, 0, 0, 0, 1, 1, -1, 0, 0, 0, 1, 1, 1, -1], [0, 0, 0, -1, -2, 0, 0, 0, 1, -1, -2, -2, -1, -2, 0, -2, -1, -2, 0, -2, 0, -1], [2, 0, 0, 1, -1, 0, -2, -1, 0, 2, -1, 0, 1, -1, -1, 0, 0, -1, 1, 0, 1, -1], [0, 0, 0, 1, 1, 0, -2, 0, 0, 1, 0, 0, 1, 0, 0, 1, 0, 0, 0, 1, 0, 1], [0, 0, 0, -2, -3, 0, -1, 0, 2, 0, -3, -2, -1, -3, -1, -3, -1, -3, 0, -3, 0, -1], [-1, 0, 0, -2, 0, 1, 2, 1, 1, -1, 1, 0, -1, 0, 2, 0, 1, 1, -1, -1, -1, 1], [1, 0, 0, 2, 1, 0, 1, 0, -1, 0, 1, 1, 1, 2, -1, 1, 0, 1, 1, 2, 1, -1], [0, 0, 0, -2, -3, 0, -2, 0, 2, 1, -3, -2, -1, -3, -1, -3, -1, -3, 0, -3, 0, -1], [0, 0, 0, 1, 2, 0, 1, 0, -1, 0, 3, 1, 1, 2, 1, 2, 1, 2, 0, 2, 0, 1], [0, 0, 0, 0, 1, 0, 2, 0, -1, -1, 1, 1, 0, 1, 1, 1, 0, 1, 0, 1, 0, 0], [-1, 0, 0, -2, -1, 0, 1, 0, 1, -1, -1, -1, -1, -2, 1, -1, -1, -1, -1, -2, -1, 0], [0, 0, 0, 1, 1, 0, 1, 0, -1, 0, 1, 1, 0, 2, 0, 1, 0, 1, 0, 1, 0, 0], [0, 0, 0, 0, -1, 0, 0, 0, 0, 0, -1, 0, -1, -1, 0, -1, -1, -1, 0, -1, 0, -1], [-1, 0, 0, 0, 3, 1, 3, 1, -1, -2, 3, 1, 1, 4, 1, 2, 2, 3, 0, 2, 0, 1], [0, 0, 0, -1, -1, 0, 1, 0, 0, -1, -1, -1, -1, -1, 0, -1, 0, -1, 0, -1, 0, -1], [0, 0, 0, 0, -1, -1, -3, 0, 1, 1, -2, -1, 0, -2, -1, -1, -1, -1, 0, -1, 0, 0], [0, 0, 0, 0, 0, 0, 0, 0, 0, 0, 0, 0, 0, 0, 0, 0, 0, 0, 1, 0, 0, 0], [0, 0, 0, 1, 0, 0, -1, 0, 0, 1, 0, 1, 0, 0, -1, 0, 0, 0, 0, 1, 0, 0], [0, 0, 0, -1, -2, 0, -1, 0, 1, 0, -2, -1, -1, -2, -1, -2, -1, -2, 0, -2, 1, -1], [0, 0, 0, -1, -2, 0, -1, 0, 1, 0, -2, -1, -1, -2, -1, -2, -1, -2, 0, -2, 0, 0]]
[[0, 0, 0, -1, 0, 0, 1, 0, 0, -1, 0, -1, 0, 0, 0, 0, 0, 0, 0, 0, 0, 0], [-2, 1, 0, -2, 0, 0, 2, 0, 0, -2, 0, -2, 0, 0, 0, 0, 0, 0, 0, 0, 0, 0], [-1, 0, 1, -1, 0, 0, 1, 0, 0, -1, 0, -1, 0, 0, 0, 0, 0, 0, 0, 0, 0, 0], [0, 0, 0, 1, 0, 0, 0, 0, 0, 0, 0, 0, 0, 0, 0, 0, 0, 0, 0, 0, 0, 0], [1, 0, 1, -1, -1, 1, 0, 0, 0, 0, -1, -1, 0, -1, 0, -1, 0, -2, 1, -1, 0, 0], [0, 0, 0, 0, 0, 0, -1, -1, -1, 0, 0, -1, 1, 0, 0, 0, -1, -1, 1, 0, 0, 0], [2, 0, 0, 2, 0, 0, -1, 0, 0, 2, 0, 2, 0, 0, 0, 0, 0, 0, 0, 0, 0, 0], [0, 0, -1, 1, 1, -1, -1, 0, 0, 1, 1, 1, 0, 0, 1, 1, 0, 1, -1, 0, -1, 1], [-1, 0, 1, -2, -1, 1, 2, 1, 1, -2, -1, -2, 0, 0, -1, -1, 0, -1, 1, 0, 1, -1], [2, 0, 0, 2, 0, 0, -2, 0, 0, 3, 0, 2, 0, 0, 0, 0, 0, 0, 0, 0, 0, 0], [0, 0, 0, -1, 0, 0, 1, 0, 0, -1, 0, -1, 0, -1, 1, 1, 0, 0, 0, 0, 0, 0], [-1, 0, 0, -1, 0, 0, 1, 0, 0, -1, 0, 0, 0, 0, 0, 0, 0, 0, 0, 0, 0, 0], [1, 0, 0, 1, 0, 0, -1, 0, 0, 1, 0, 1, 1, 0, 0, 0, 0, 0, 0, 0, 0, 0], [-1, 0, 0, -1, 0, 0, 1, 0, 0, -1, 0, -1, 0, 1, 0, 0, 0, 0, 0, 0, 0, 0], [0, 0, 0, 0, 0, 0, 0, 0, 0, 0, 0, 0, 0, 0, 0, 0, 0, 0, 0, -1, 0, 0], [-2, 0, 0, -1, 0, 0, 1, 0, 0, -1, 1, -1, 0, 1, 0, 0, 0, 0, 0, 1, 0, 0], [0, 0, 0, 0, 0, 0, 0, 0, 0, 0, 0, 0, 0, 0, 0, 0, 1, 0, 0, 0, 0, 0], [1, 0, 0, 1, 0, 0, -1, 0, 0, 1, 0, 1, 0, 0, 0, 0, 0, 1, 0, 0, 0, 0], [0, 0, 0, 0, 0, 1, 1, 1, 1, 0, 0, 1, -1, 0, 0, 0, 1, 1, 0, 0, 0, 0], [0, 0, 0, 0, 0, 0, 0, 0, 0, 0, 0, 0, 0, 0, -1, 0, 0, 0, 0, 0, 0, 0], [1, 0, 0, 1, 0, 0, -1, 0, 0, 1, 0, 1, 0, 0, 0, 0, 0, 0, 0, 0, 1, 0], [1, 0, 0, 2, 1, 0, -1, 1, 0, 1, 0, 2, 0, 1, -1, 0, 0, 1, 0, 1, 1, 0]]
[[1, 0, 0, 0, 0, 0, 0, 0, 0, 0, 0, 0, 0, 0, 0, 0, 0, 0, 0, 0, 0, 0], [0, 1, 0, 0, 0, 0, 0, 0, 0, 0, 0, 0, 0, 0, 0, 0, 0, 0, 0, 0, 0, 0], [0, 0, 1, 0, 0, 0, 0, 0, 0, 0, 0, 0, 0, 0, 0, 0, 0, 0, 0, 0, 0, 0], [0, 0, 0, 1, 0, 0, 0, 0, 0, 0, 0, 0, 0, 0, 0, 0, 0, 0, 0, 0, 0, 0], [0, 0, 0, 0, 1, 0, 0, 0, 0, 0, 0, 0, 0, 0, 0, 0, 0, 0, 0, 0, 0, 0], [0, 0, 0, 0, 0, 1, 0, 0, 0, 0, 0, 0, 0, 0, 0, 0, 0, 0, 0, 0, 0, 0], [0, 0, 0, 0, 0, 0, 1, 0, 0, 0, 0, 0, 0, 0, 0, 0, 0, 0, 0, 0, 0, 0], [0, 0, 0, 0, 0, 0, 0, 1, 0, 0, 0, 0, 0, 0, 0, 0, 0, 0, 0, 0, 0, 0], [0, 0, 0, 0, 0, 0, 0, 0, 1, 0, 0, 0, 0, 0, 0, 0, 0, 0, 0, 0, 0, 0], [0, 0, 0, 0, 0, 0, 0, 0, 0, 1, 0, 0, 0, 0, 0, 0, 0, 0, 0, 0, 0, 0], [0, 0, 0, 0, 0, 0, 0, 0, 0, 0, 1, 0, 0, 0, 0, 0, 0, 0, 0, 0, 0, 0], [0, 0, 0, 0, 0, 0, 0, 0, 0, 0, 0, 1, 0, 0, 0, 0, 0, 0, 0, 0, 0, 0], [0, 0, 0, 0, 0, 0, 0, 0, 0, 0, 0, 0, 1, 0, 0, 0, 0, 0, 0, 0, 0, 0], [0, 0, 0, 0, 0, 0, 0, 0, 0, 0, 0, 0, 0, 1, 0, 0, 0, 0, 0, 0, 0, 0], [0, 0, 0, 0, 0, 0, 0, 0, 0, 0, 0, 0, 0, 0, 1, 0, 0, 0, 0, 0, 0, 0], [0, 0, 0, 0, 0, 0, 0, 0, 0, 0, 0, 0, 0, 0, 0, 1, 0, 0, 0, 0, 0, 0], [0, 0, 0, 0, 0, 0, 0, 0, 0, 0, 0, 0, 0, 0, 0, 0, 1, 0, 0, 0, 0, 0], [0, 0, 0, 0, 0, 0, 0, 0, 0, 0, 0, 0, 0, 0, 0, 0, 0, 1, 0, 0, 0, 0], [0, 0, 0, 0, 0, 0, 0, 0, 0, 0, 0, 0, 0, 0, 0, 0, 0, 0, 1, 0, 0, 0], [0, 0, 0, 0, 0, 0, 0, 0, 0, 0, 0, 0, 0, 0, 0, 0, 0, 0, 0, 1, 0, 0], [0, 0, 0, 0, 0, 0, 0, 0, 0, 0, 0, 0, 0, 0, 0, 0, 0, 0, 0, 0, 1, 0], [0, 0, 0, 0, 0, 0, 0, 0, 0, 0, 0, 0, 0, 0, 0, 0, 0, 0, 0, 0, 0, 1]]
[[1, 0, 0, 0, 0, 0, 0, 0, 0, 0, 0, 0, 0, 0, 0, 0, 0, 0, 0, 0, 0, 0], [0, 1, 0, 0, 0, 0, 0, 0, 0, 0, 0, 0, 0, 0, 0, 0, 0, 0, 0, 0, 0, 0], [0, 0, 1, 0, 0, 0, 0, 0, 0, 0, 0, 0, 0, 0, 0, 0, 0, 0, 0, 0, 0, 0], [0, 0, 0, 1, 0, 0, 0, 0, 0, 0, 0, 0, 0, 0, 0, 0, 0, 0, 0, 0, 0, 0], [0, 0, 0, 0, 1, 0, 0, 0, 0, 0, 0, 0, 0, 0, 0, 0, 0, 0, 0, 0, 0, 0], [0, 0, 0, 0, 0, 1, 0, 0, 0, 0, 0, 0, 0, 0, 0, 0, 0, 0, 0, 0, 0, 0], [0, 0, 0, 0, 0, 0, 1, 0, 0, 0, 0, 0, 0, 0, 0, 0, 0, 0, 0, 0, 0, 0], [0, 0, 0, 0, 0, 0, 0, 1, 0, 0, 0, 0, 0, 0, 0, 0, 0, 0, 0, 0, 0, 0], [0, 0, 0, 0, 0, 0, 0, 0, 1, 0, 0, 0, 0, 0, 0, 0, 0, 0, 0, 0, 0, 0], [0, 0, 0, 0, 0, 0, 0, 0, 0, 1, 0, 0, 0, 0, 0, 0, 0, 0, 0, 0, 0, 0], [0, 0, 0, 0, 0, 0, 0, 0, 0, 0, 1, 0, 0, 0, 0, 0, 0, 0, 0, 0, 0, 0], [0, 0, 0, 0, 0, 0, 0, 0, 0, 0, 0, 1, 0, 0, 0, 0, 0, 0, 0, 0, 0, 0], [0, 0, 0, 0, 0, 0, 0, 0, 0, 0, 0, 0, 1, 0, 0, 0, 0, 0, 0, 0, 0, 0], [0, 0, 0, 0, 0, 0, 0, 0, 0, 0, 0, 0, 0, 1, 0, 0, 0, 0, 0, 0, 0, 0], [0, 0, 0, 0, 0, 0, 0, 0, 0, 0, 0, 0, 0, 0, 1, 0, 0, 0, 0, 0, 0, 0], [0, 0, 0, 0, 0, 0, 0, 0, 0, 0, 0, 0, 0, 0, 0, 1, 0, 0, 0, 0, 0, 0], [0, 0, 0, 0, 0, 0, 0, 0, 0, 0, 0, 0, 0, 0, 0, 0, 1, 0, 0, 0, 0, 0], [0, 0, 0, 0, 0, 0, 0, 0, 0, 0, 0, 0, 0, 0, 0, 0, 0, 1, 0, 0, 0, 0], [0, 0, 0, 0, 0, 0, 0, 0, 0, 0, 0, 0, 0, 0, 0, 0, 0, 0, 1, 0, 0, 0], [0, 0, 0, 0, 0, 0, 0, 0, 0, 0, 0, 0, 0, 0, 0, 0, 0, 0, 0, 1, 0, 0], [0, 0, 0, 0, 0, 0, 0, 0, 0, 0, 0, 0, 0, 0, 0, 0, 0, 0, 0, 0, 1, 0], [0, 0, 0, 0, 0, 0, 0, 0, 0, 0, 0, 0, 0, 0, 0, 0, 0, 0, 0, 0, 0, 1]]
[[1, 0, 0, 0, 0, 0, 0, 0, 0, 0, 0, 0, 0, 0, 0, 0, 0, 0, 0, 0, 0, 0], [0, 1, 0, 0, 0, 0, 0, 0, 0, 0, 0, 0, 0, 0, 0, 0, 0, 0, 0, 0, 0, 0], [0, 0, 1, 0, 0, 0, 0, 0, 0, 0, 0, 0, 0, 0, 0, 0, 0, 0, 0, 0, 0, 0], [0, 0, 0, 1, 0, 0, 0, 0, 0, 0, 0, 0, 0, 0, 0, 0, 0, 0, 0, 0, 0, 0], [0, 0, 0, 0, 1, 0, 0, 0, 0, 0, 0, 0, 0, 0, 0, 0, 0, 0, 0, 0, 0, 0], [0, 0, 0, 0, 0, 1, 0, 0, 0, 0, 0, 0, 0, 0, 0, 0, 0, 0, 0, 0, 0, 0], [0, 0, 0, 0, 0, 0, 1, 0, 0, 0, 0, 0, 0, 0, 0, 0, 0, 0, 0, 0, 0, 0], [0, 0, 0, 0, 0, 0, 0, 1, 0, 0, 0, 0, 0, 0, 0, 0, 0, 0, 0, 0, 0, 0], [0, 0, 0, 0, 0, 0, 0, 0, 1, 0, 0, 0, 0, 0, 0, 0, 0, 0, 0, 0, 0, 0], [0, 0, 0, 0, 0, 0, 0, 0, 0, 1, 0, 0, 0, 0, 0, 0, 0, 0, 0, 0, 0, 0], [0, 0, 0, 0, 0, 0, 0, 0, 0, 0, 1, 0, 0, 0, 0, 0, 0, 0, 0, 0, 0, 0], [0, 0, 0, 0, 0, 0, 0, 0, 0, 0, 0, 1, 0, 0, 0, 0, 0, 0, 0, 0, 0, 0], [0, 0, 0, 0, 0, 0, 0, 0, 0, 0, 0, 0, 1, 0, 0, 0, 0, 0, 0, 0, 0, 0], [0, 0, 0, 0, 0, 0, 0, 0, 0, 0, 0, 0, 0, 1, 0, 0, 0, 0, 0, 0, 0, 0], [0, 0, 0, 0, 0, 0, 0, 0, 0, 0, 0, 0, 0, 0, 1, 0, 0, 0, 0, 0, 0, 0], [0, 0, 0, 0, 0, 0, 0, 0, 0, 0, 0, 0, 0, 0, 0, 1, 0, 0, 0, 0, 0, 0], [0, 0, 0, 0, 0, 0, 0, 0, 0, 0, 0, 0, 0, 0, 0, 0, 1, 0, 0, 0, 0, 0], [0, 0, 0, 0, 0, 0, 0, 0, 0, 0, 0, 0, 0, 0, 0, 0, 0, 1, 0, 0, 0, 0], [0, 0, 0, 0, 0, 0, 0, 0, 0, 0, 0, 0, 0, 0, 0, 0, 0, 0, 1, 0, 0, 0], [0, 0, 0, 0, 0, 0, 0, 0, 0, 0, 0, 0, 0, 0, 0, 0, 0, 0, 0, 1, 0, 0], [0, 0, 0, 0, 0, 0, 0, 0, 0, 0, 0, 0, 0, 0, 0, 0, 0, 0, 0, 0, 1, 0], [0, 0, 0, 0, 0, 0, 0, 0, 0, 0, 0, 0, 0, 0, 0, 0, 0, 0, 0, 0, 0, 1]]
[[-1, 0, 0, -1, 0, 0, 0, -1, -1, 0, 0, 0, 0, 0, 1, 0, -1, -1, 0, 0, 0, -1], [-1, 1, 2, -1, 0, 1, 0, 1, 0, 0, 0, 0, 1, 1, -1, 0, 0, 0, 1, 1, 0, 1], [-1, 0, -1, -1, 0, -1, 0, -1, 0, 0, 0, 0, -1, -1, 1, 0, 0, 0, -2, -1, -2, 1], [0, 0, 0, 0, 0, 0, 0, 1, 1, 0, 0, 0, 0, 0, -1, 0, 1, 1, 0, 0, 0, 1], [-1, 0, 0, 0, 1, 0, 0, -1, -1, 0, 0, 0, 0, 0, 1, 0, -1, -1, -1, 0, 0, -1], [0, 0, 0, 0, 0, 1, 0, 0, 0, 0, 0, 0, 0, 0, 0, 0, 0, 0, 1, 0, 2, -2], [1, 0, 0, 1, 0, 0, 1, 0, 0, 0, 0, 0, 0, 0, 0, 0, 0, 0, 0, 0, 0, 0], [1, 0, 0, 1, 0, 0, 0, 1, 0, 0, 0, 0, 0, 0, 0, 0, 0, 0, 1, 0, 0, 0], [-2, 0, 0, -2, 0, 0, 0, 0, 1, 0, 0, 0, 0, 0, 0, 0, 0, 0, -1, 0, -1, 1], [2, 0, 0, 2, 0, 0, 0, 0, 0, 0, -1, 0, 0, -1, 0, 0, 0, 0, 0, 0, 1, -1], [-2, 0, 0, -1, 0, 0, 0, -1, -1, 0, 1, 0, 0, 0, 1, 0, -1, -1, 0, 0, -1, 0], [0, 0, 0, 0, 0, 0, 0, 0, 0, 1, 1, 1, 0, 1, 0, 0, 0, 0, 0, 0, -1, 1], [1, 0, 0, 1, 0, 0, 0, 0, 0, 1, 1, 0, 1, 1, 0, 0, 0, 0, 1, 0, 0, 0], [0, 0, 0, -1, 0, 0, 0, 1, 1, -1, -1, 0, 0, 0, -1, 0, 1, 1, 0, 0, 0, 1], [1, 0, 0, 0, 0, 0, 0, 1, 1, 0, 0, 0, 0, 0, 0, 0, 1, 1, 0, 0, 0, 1], [-1, 0, 0, -1, 0, 0, 0, 0, 0, 0, 0, 0, 0, 0, 0, 1, 0, 0, 0, 0, -1, 1], [0, 0, 0, 0, 0, 0, 0, 0, 0, 0, 0, 0, 0, 0, 0, 0, 1, 0, -1, 0, -1, 1], [1, 0, 0, 1, 0, 0, 0, 0, 0, 0, 0, 0, 0, 0, 0, 0, 0, 1, 0, 0, 1, -1], [0, 0, 0, 0, 0, 0, 0, 0, 0, 0, 0, 0, 0, 0, 0, 0, 0, 0, -1, 0, 0, 0], [0, 0, 0, 0, 0, 0, 0, 0, 0, 0, 0, 0, 0, 0, 0, 0, 0, 0, 0, 1, 1, -1], [1, 0, 0, 1, 0, 0, 0, 0, 0, 0, 0, 0, 0, 0, 0, 0, 0, 0, 1, 0, 0, 1], [1, 0, 0, 1, 0, 0, 0, 0, 0, 0, 0, 0, 0, 0, 0, 0, 0, 0, 1, 0, 1, 0]]
[[1, 0, 0, 0, 0, 0, 0, 0, 0, 0, 0, 0, 0, 0, 0, 0, 0, 0, 0, 0, 0, 0], [0, 1, 0, 0, 0, 0, 0, 0, 0, 0, 0, 0, 0, 0, 0, 0, 0, 0, 0, 0, 0, 0], [0, 0, 1, 0, 0, 0, 0, 0, 0, 0, 0, 0, 0, 0, 0, 0, 0, 0, 0, 0, 0, 0], [0, 0, 0, 1, 0, 0, 0, 0, 0, 0, 0, 0, 0, 0, 0, 0, 0, 0, 0, 0, 0, 0], [0, 0, 0, 0, 1, 0, 0, 0, 0, 0, 0, 0, 0, 0, 0, 0, 0, 0, 0, 0, 0, 0], [0, 0, 0, 0, 0, 1, 0, 0, 0, 0, 0, 0, 0, 0, 0, 0, 0, 0, 0, 0, 0, 0], [0, 0, 0, 0, 0, 0, 1, 0, 0, 0, 0, 0, 0, 0, 0, 0, 0, 0, 0, 0, 0, 0], [0, 0, 0, 0, 0, 0, 0, 1, 0, 0, 0, 0, 0, 0, 0, 0, 0, 0, 0, 0, 0, 0], [0, 0, 0, 0, 0, 0, 0, 0, 1, 0, 0, 0, 0, 0, 0, 0, 0, 0, 0, 0, 0, 0], [0, 0, 0, 0, 0, 0, 0, 0, 0, 1, 0, 0, 0, 0, 0, 0, 0, 0, 0, 0, 0, 0], [0, 0, 0, 0, 0, 0, 0, 0, 0, 0, 1, 0, 0, 0, 0, 0, 0, 0, 0, 0, 0, 0], [0, 0, 0, 0, 0, 0, 0, 0, 0, 0, 0, 1, 0, 0, 0, 0, 0, 0, 0, 0, 0, 0], [0, 0, 0, 0, 0, 0, 0, 0, 0, 0, 0, 0, 1, 0, 0, 0, 0, 0, 0, 0, 0, 0], [0, 0, 0, 0, 0, 0, 0, 0, 0, 0, 0, 0, 0, 1, 0, 0, 0, 0, 0, 0, 0, 0], [0, 0, 0, 0, 0, 0, 0, 0, 0, 0, 0, 0, 0, 0, 1, 0, 0, 0, 0, 0, 0, 0], [0, 0, 0, 0, 0, 0, 0, 0, 0, 0, 0, 0, 0, 0, 0, 1, 0, 0, 0, 0, 0, 0], [0, 0, 0, 0, 0, 0, 0, 0, 0, 0, 0, 0, 0, 0, 0, 0, 1, 0, 0, 0, 0, 0], [0, 0, 0, 0, 0, 0, 0, 0, 0, 0, 0, 0, 0, 0, 0, 0, 0, 1, 0, 0, 0, 0], [0, 0, 0, 0, 0, 0, 0, 0, 0, 0, 0, 0, 0, 0, 0, 0, 0, 0, 1, 0, 0, 0], [0, 0, 0, 0, 0, 0, 0, 0, 0, 0, 0, 0, 0, 0, 0, 0, 0, 0, 0, 1, 0, 0], [0, 0, 0, 0, 0, 0, 0, 0, 0, 0, 0, 0, 0, 0, 0, 0, 0, 0, 0, 0, 1, 0], [0, 0, 0, 0, 0, 0, 0, 0, 0, 0, 0, 0, 0, 0, 0, 0, 0, 0, 0, 0, 0, 1]]
[[1, 1, 0, 0, 0, 0, 1, 0, 0, 0, 0, 0, 0, 0, 0, 0, 0, 0, 0, 0, 0, 0], [0, 0, 0, 0, 0, 0, -1, 0, 0, 0, 0, 0, 0, 0, 0, 0, 0, 0, 0, 0, 0, 0], [-1, 1, 2, 0, 1, 0, 0, 0, -1, 0, 1, 0, 1, 1, 0, 1, 0, 1, 0, 1, 0, 1], [-1, 0, 1, 1, 1, 0, -1, 0, -1, 0, 1, 0, 1, 1, 0, 1, 0, 1, 0, 1, 0, 1], [1, 0, -1, 0, 0, -1, 0, 0, 1, 0, -1, 0, -1, -2, 0, -1, 0, 0, -1, -1, 0, -1], [2, 0, -2, 0, -2, 0, 1, 0, 2, 0, -2, 0, -2, -3, 0, -2, 0, -1, -1, -2, 0, -2], [0, -1, 0, 0, 0, 0, 0, 0, 0, 0, 0, 0, 0, 0, 0, 0, 0, 0, 0, 0, 0, 0], [0, -1, 0, 0, 0, 1, 0, 1, 0, 0, 0, 0, 0, 1, 0, 0, 0, -1, 1, 0, 0, 0], [-2, 2, 2, 0, 2, 0, 0, 0, -1, 0, 2, 0, 2, 2, 0, 2, 0, 2, 0, 2, 0, 2], [2, -2, -2, 0, -2, -1, -1, 0, 2, 1, -2, 0, -2, -3, 0, -2, 0, -1, -1, -2, 0, -2], [-1, 1, 1, 0, 1, 1, 1, 0, -1, 0, 2, 0, 1, 2, 0, 1, 0, 0, 1, 1, 0, 1], [-1, 0, 1, 0, 1, 1, 0, 0, -1, 0, 1, 1, 1, 2, 0, 1, 0, 0, 1, 1, 0, 1], [0, -1, 0, 0, 0, 1, 0, 0, 0, 0, 0, 0, 1, 1, 0, 0, 0, -1, 1, 0, 0, 0], [0, 0, 0, 0, 0, -1, -1, 0, 0, 0, 0, 0, 0, 0, 0, 0, 0, 1, -1, 0, 0, 0], [0, -1, 0, 0, 0, 0, -1, 0, 0, 0, 0, 0, 0, 0, 1, 0, 0, 0, 0, 0, 0, 0], [-1, 1, 1, 0, 1, 0, 0, 0, -1, 0, 1, 0, 1, 1, 0, 2, 0, 1, 0, 1, 0, 1], [-1, 0, 1, 0, 1, 0, -1, 0, -1, 0, 1, 0, 1, 1, 0, 1, 1, 1, 0, 1, 0, 1], [1, 0, -1, 0, -1, 0, 1, 0, 1, 0, -1, 0, -1, -1, 0, -1, 0, 0, 0, -1, 0, -1], [-1, 1, 1, 0, 1, 0, 0, 0, -1, 0, 1, 0, 1, 1, 0, 1, 0, 1, 1, 1, 0, 1], [0, 1, 0, 0, 0, 0, 1, 0, 0, 0, 0, 0, 0, 0, 0, 0, 0, 0, 0, 1, 0, 0], [1, -2, -1, 0, -1, 0, -1, 0, 1, 0, -1, 0, -1, -1, 0, -1, 0, -1, 0, -1, 1, -1], [1, -1, -1, 0, -1, 0, 0, 0, 1, 0, -1, 0, -1, -1, 0, -1, 0, -1, 0, -1, 0, 0]]
[[2, -1, -1, 0, 0, -1, 0, 0, 0, 0, 0, 1, -1, 0, 1, 0, 0, 1, -1, -1, -1, 0], [2, -2, -3, 0, 1, -1, 1, 0, -1, -1, 1, 4, -3, 2, 2, 1, 1, 2, -1, -1, -1, 1], [0, 0, 1, 0, 0, 0, 0, 0, 0, 0, 0, 0, 0, 0, 0, 0, 0, 0, 0, 0, 0, 0], [-1, 1, 1, 1, 0, 1, 0, 0, 0, 0, 0, -1, 1, 0, -1, 0, 0, -1, 1, 1, 1, 0], [0, 1, 1, 0, 0, -1, -1, 0, 1, 1, -1, -2, 1, -2, 0, -1, -1, 0, -1, -1, -1, -1], [1, 0, 0, 0, -1, 0, 0, 0, 1, 1, -1, 0, 0, -1, 0, -1, -1, 0, -1, -1, -1, -1], [-2, 2, 2, 0, 0, 1, 0, 0, 0, 0, 0, -3, 2, -1, -1, 0, 0, -1, 1, 1, 1, 0], [0, -1, -1, 0, 1, 1, 1, 1, -1, -1, 1, 2, -1, 2, 0, 1, 1, 0, 1, 1, 1, 1], [1, -2, -2, 0, 1, -1, 0, 0, 0, -1, 1, 2, -2, 1, 2, 1, 1, 2, -1, -1, -1, 1], [-2, 3, 3, 0, -1, 1, -1, 0, 1, 2, -1, -4, 3, -2, -2, -1, -1, -2, 1, 1, 1, -1], [2, -3, -3, 0, 1, -1, 1, 0, -1, -1, 2, 4, -3, 2, 2, 1, 1, 2, -1, -1, -1, 1], [0, -1, -1, 0, 1, 0, 0, 0, -1, -1, 1, 2, -1, 1, 1, 1, 1, 1, 0, 0, 0, 1], [-1, 0, 0, 0, 1, 1, 0, 0, -1, -1, 1, 0, 1, 1, 0, 1, 1, 0, 1, 1, 1, 1], [0, 0, 0, 0, 0, 0, 0, 0, 0, 0, 0, 0, 0, 1, 0, 0, 0, 0, 0, 0, 0, 0], [-1, 1, 1, 0, 0, 1, 0, 0, 0, 0, 0, -1, 1, 0, 0, 0, 0, -1, 1, 1, 1, 0], [2, -3, -3, 0, 1, -1, 1, 0, -1, -1, 1, 4, -3, 2, 2, 2, 1, 2, -1, -1, -1, 1], [0, 0, 0, 0, 0, 0, 0, 0, 0, 0, 0, 0, 0, 0, 0, 0, 1, 0, 0, 0, 0, 0], [-1, 2, 2, 0, -1, 1, 0, 0, 1, 1, -1, -2, 2, -1, -2, -1, -1, -1, 1, 1, 1, -1], [0, 0, 0, 0, 0, 0, 0, 0, 0, 0, 0, 0, 0, 0, 0, 0, 0, 0, 1, 0, 0, 0], [1, -1, -1, 0, 0, -1, 0, 0, 0, 0, 0, 1, -1, 0, 1, 0, 0, 1, -1, 0, -1, 0], [-2, 3, 3, 0, -1, 1, -1, 0, 1, 1, -1, -4, 3, -2, -2, -1, -1, -2, 1, 1, 2, -1], [-2, 3, 3, 0, -1, 1, -1, 0, 1, 1, -1, -4, 3, -2, -2, -1, -1, -2, 1, 1, 1, 0]]
[[0, 0, 0, 0, 1, 0, -1, 1, 0, -1, 0, -1, 0, 0, 0, 0, 1, 0, 0, 0, 0, 1], [0, 1, 0, 1, 2, 0, 1, 1, -1, -1, 1, 2, -1, 2, 0, 1, 1, 2, 0, 1, 0, 2], [0, 0, 1, 0, 0, 0, 0, 0, 0, 0, 0, 0, 0, 0, 0, 0, 0, 0, 0, 0, 0, 0], [1, 0, 0, 1, -1, 0, 1, -1, 0, 1, 0, 1, 0, 0, 0, 0, -1, 0, 0, 0, 0, -1], [-1, 0, 0, -1, 0, 0, -2, 0, 1, 0, -1, -3, 1, -2, 0, -1, 0, -2, 0, -1, 0, -1], [-1, 0, 0, 0, 1, 1, -1, 1, 0, -1, 0, -1, 0, 0, 0, 0, 1, 0, 0, 0, 0, 1], [0, 0, 0, -1, -2, 0, 0, -1, 1, 1, -1, -2, 1, -2, 0, -1, -1, -2, 0, -1, 0, -2], [1, 0, 0, 0, -1, 0, 1, 0, 0, 1, 0, 1, 0, 0, 0, 0, -1, 0, 0, 0, 0, -1], [0, 0, 0, 1, 2, 0, 1, 1, 0, -1, 1, 2, -1, 2, 0, 1, 1, 2, 0, 1, 0, 2], [0, 0, 0, -1, -2, 0, -1, -1, 1, 2, -1, -2, 1, -2, 0, -1, -1, -2, 0, -1, 0, -2], [0, 0, 0, 0, 1, 0, 0, 1, 0, -1, 1, 0, 0, 1, 0, 0, 1, 1, 0, 0, 0, 1], [0, 0, 0, 0, 0, 0, 0, 0, 0, 0, 0, 1, 0, 0, 0, 0, 0, 0, 0, 0, 0, 0], [0, 0, 0, 0, -1, 0, 0, -1, 0, 1, 0, 0, 1, -1, 0, 0, -1, -1, 0, 0, 0, -1], [0, 0, 0, 1, 1, 0, 1, 0, -1, 0, 1, 2, -1, 2, 0, 1, 0, 1, 0, 1, 0, 1], [0, 0, 0, 0, -1, 0, 0, -1, 0, 1, 0, 0, 0, -1, 1, 0, -1, -1, 0, 0, 0, -1], [1, 0, 0, 1, 2, 0, 2, 1, -1, -1, 1, 3, -1, 3, 0, 2, 1, 3, 0, 1, 0, 2], [1, 0, 0, 0, -1, 0, 1, -1, 0, 1, 0, 1, 0, 0, 0, 0, 0, 0, 0, 0, 0, -1], [-1, 0, 0, 0, 0, 0, -1, 0, 0, 0, 0, -1, 0, -1, 0, 0, 0, 0, 0, 0, 0, 0], [0, 0, 0, 0, 0, 0, 0, 0, 0, 0, 0, 0, 0, 0, 0, 0, 0, 0, 1, 0, 0, 0], [0, 0, 0, 0, 1, 0, 0, 1, 0, -1, 0, 0, 0, 1, 0, 0, 1, 1, 0, 1, 0, 1], [0, 0, 0, -1, -2, 0, -1, -1, 1, 1, -1, -2, 1, -2, 0, -1, -1, -2, 0, -1, 1, -2], [0, 0, 0, -1, -2, 0, -1, -1, 1, 1, -1, -2, 1, -2, 0, -1, -1, -2, 0, -1, 0, -1]]
[[1, 0, 0, 0, 0, 0, 0, 0, 0, 0, 0, 0, 0, 0, 0, 0, 0, 0, 0, 0, 0, 0], [0, 1, 0, 0, 0, 0, 0, 0, 0, 0, 0, 0, 0, 0, 0, 0, 0, 0, 0, 0, 0, 0], [0, 0, 1, 0, 0, 0, 0, 0, 0, 0, 0, 0, 0, 0, 0, 0, 0, 0, 0, 0, 0, 0], [0, 0, 0, 1, 0, 0, 0, 0, 0, 0, 0, 0, 0, 0, 0, 0, 0, 0, 0, 0, 0, 0], [0, 0, 0, 0, 1, 0, 0, 0, 0, 0, 0, 0, 0, 0, 0, 0, 0, 0, 0, 0, 0, 0], [0, 0, 0, 0, 0, 1, 0, 0, 0, 0, 0, 0, 0, 0, 0, 0, 0, 0, 0, 0, 0, 0], [0, 0, 0, 0, 0, 0, 1, 0, 0, 0, 0, 0, 0, 0, 0, 0, 0, 0, 0, 0, 0, 0], [0, 0, 0, 0, 0, 0, 0, 1, 0, 0, 0, 0, 0, 0, 0, 0, 0, 0, 0, 0, 0, 0], [0, 0, 0, 0, 0, 0, 0, 0, 1, 0, 0, 0, 0, 0, 0, 0, 0, 0, 0, 0, 0, 0], [0, 0, 0, 0, 0, 0, 0, 0, 0, 1, 0, 0, 0, 0, 0, 0, 0, 0, 0, 0, 0, 0], [0, 0, 0, 0, 0, 0, 0, 0, 0, 0, 1, 0, 0, 0, 0, 0, 0, 0, 0, 0, 0, 0], [0, 0, 0, 0, 0, 0, 0, 0, 0, 0, 0, 1, 0, 0, 0, 0, 0, 0, 0, 0, 0, 0], [0, 0, 0, 0, 0, 0, 0, 0, 0, 0, 0, 0, 1, 0, 0, 0, 0, 0, 0, 0, 0, 0], [0, 0, 0, 0, 0, 0, 0, 0, 0, 0, 0, 0, 0, 1, 0, 0, 0, 0, 0, 0, 0, 0], [0, 0, 0, 0, 0, 0, 0, 0, 0, 0, 0, 0, 0, 0, 1, 0, 0, 0, 0, 0, 0, 0], [0, 0, 0, 0, 0, 0, 0, 0, 0, 0, 0, 0, 0, 0, 0, 1, 0, 0, 0, 0, 0, 0], [0, 0, 0, 0, 0, 0, 0, 0, 0, 0, 0, 0, 0, 0, 0, 0, 1, 0, 0, 0, 0, 0], [0, 0, 0, 0, 0, 0, 0, 0, 0, 0, 0, 0, 0, 0, 0, 0, 0, 1, 0, 0, 0, 0], [0, 0, 0, 0, 0, 0, 0, 0, 0, 0, 0, 0, 0, 0, 0, 0, 0, 0, 1, 0, 0, 0], [0, 0, 0, 0, 0, 0, 0, 0, 0, 0, 0, 0, 0, 0, 0, 0, 0, 0, 0, 1, 0, 0], [0, 0, 0, 0, 0, 0, 0, 0, 0, 0, 0, 0, 0, 0, 0, 0, 0, 0, 0, 0, 1, 0], [0, 0, 0, 0, 0, 0, 0, 0, 0, 0, 0, 0, 0, 0, 0, 0, 0, 0, 0, 0, 0, 1]]
[[1, 0, 0, 0, 0, 0, 0, 0, 0, 0, 0, 0, 0, 0, 0, 0, 0, 0, 0, 0, 0, 0], [0, 1, 0, 0, 0, 0, 0, 0, 0, 0, 0, 0, 0, 0, 0, 0, 0, 0, 0, 0, 0, 0], [0, 0, 1, 0, 0, 0, 0, 0, 0, 0, 0, 0, 0, 0, 0, 0, 0, 0, 0, 0, 0, 0], [0, 0, 0, 1, 0, 0, 0, 0, 0, 0, 0, 0, 0, 0, 0, 0, 0, 0, 0, 0, 0, 0], [0, 0, 0, 0, 1, 0, 0, 0, 0, 0, 0, 0, 0, 0, 0, 0, 0, 0, 0, 0, 0, 0], [0, 0, 0, 0, 0, 1, 0, 0, 0, 0, 0, 0, 0, 0, 0, 0, 0, 0, 0, 0, 0, 0], [0, 0, 0, 0, 0, 0, 1, 0, 0, 0, 0, 0, 0, 0, 0, 0, 0, 0, 0, 0, 0, 0], [0, 0, 0, 0, 0, 0, 0, 1, 0, 0, 0, 0, 0, 0, 0, 0, 0, 0, 0, 0, 0, 0], [0, 0, 0, 0, 0, 0, 0, 0, 1, 0, 0, 0, 0, 0, 0, 0, 0, 0, 0, 0, 0, 0], [0, 0, 0, 0, 0, 0, 0, 0, 0, 1, 0, 0, 0, 0, 0, 0, 0, 0, 0, 0, 0, 0], [0, 0, 0, 0, 0, 0, 0, 0, 0, 0, 1, 0, 0, 0, 0, 0, 0, 0, 0, 0, 0, 0], [0, 0, 0, 0, 0, 0, 0, 0, 0, 0, 0, 1, 0, 0, 0, 0, 0, 0, 0, 0, 0, 0], [0, 0, 0, 0, 0, 0, 0, 0, 0, 0, 0, 0, 1, 0, 0, 0, 0, 0, 0, 0, 0, 0], [0, 0, 0, 0, 0, 0, 0, 0, 0, 0, 0, 0, 0, 1, 0, 0, 0, 0, 0, 0, 0, 0], [0, 0, 0, 0, 0, 0, 0, 0, 0, 0, 0, 0, 0, 0, 1, 0, 0, 0, 0, 0, 0, 0], [0, 0, 0, 0, 0, 0, 0, 0, 0, 0, 0, 0, 0, 0, 0, 1, 0, 0, 0, 0, 0, 0], [0, 0, 0, 0, 0, 0, 0, 0, 0, 0, 0, 0, 0, 0, 0, 0, 1, 0, 0, 0, 0, 0], [0, 0, 0, 0, 0, 0, 0, 0, 0, 0, 0, 0, 0, 0, 0, 0, 0, 1, 0, 0, 0, 0], [0, 0, 0, 0, 0, 0, 0, 0, 0, 0, 0, 0, 0, 0, 0, 0, 0, 0, 1, 0, 0, 0], [0, 0, 0, 0, 0, 0, 0, 0, 0, 0, 0, 0, 0, 0, 0, 0, 0, 0, 0, 1, 0, 0], [0, 0, 0, 0, 0, 0, 0, 0, 0, 0, 0, 0, 0, 0, 0, 0, 0, 0, 0, 0, 1, 0], [0, 0, 0, 0, 0, 0, 0, 0, 0, 0, 0, 0, 0, 0, 0, 0, 0, 0, 0, 0, 0, 1]]
[[2, -1, -2, 0, -1, -1, 0, 0, 1, 0, -1, 1, -2, -1, 0, -1, 0, 0, -1, -1, 0, -1], [0, -1, -2, 0, 0, -1, -1, 0, 0, 0, 0, 2, -2, 1, 0, 0, 0, 1, -1, 0, 0, 0], [0, -1, 0, 0, 0, -1, -1, 0, 0, 0, 0, 1, -1, 0, 0, 0, 0, 1, -1, 0, 0, 0], [-1, 0, 1, 1, 1, 0, -1, 0, -1, 0, 1, 0, 1, 1, 0, 1, 0, 1, 0, 1, 0, 1], [1, 0, -1, 0, 0, -1, 0, 0, 1, 0, -1, 0, -1, -2, 0, -1, 0, 0, -1, -1, 0, -1], [2, 0, -2, 0, -2, 0, 1, 0, 2, 0, -2, 0, -2, -3, 0, -2, 0, -1, -1, -2, 0, -2], [-1, 1, 2, 0, 1, 1, 1, 0, -1, 0, 1, -1, 2, 1, 0, 1, 0, 0, 1, 1, 0, 1], [-1, 1, 2, 0, 1, 2, 1, 1, -1, 0, 1, -1, 2, 2, 0, 1, 0, -1, 2, 1, 0, 1], [0, -2, -2, 0, 0, -2, -2, 0, 1, 0, 0, 2, -2, 0, 0, 0, 0, 2, -2, 0, 0, 0], [0, 2, 2, 0, 0, 1, 1, 0, 0, 1, 0, -2, 2, -1, 0, 0, 0, -1, 1, 0, 0, 0], [0, -1, -1, 0, 0, 0, 0, 0, 0, 0, 1, 1, -1, 1, 0, 0, 0, 0, 0, 0, 0, 0], [-1, 0, 1, 0, 1, 1, 0, 0, -1, 0, 1, 1, 1, 2, 0, 1, 0, 0, 1, 1, 0, 1], [-1, 1, 2, 0, 1, 2, 1, 0, -1, 0, 1, -1, 3, 2, 0, 1, 0, -1, 2, 1, 0, 1], [0, 0, 0, 0, 0, -1, -1, 0, 0, 0, 0, 0, 0, 0, 0, 0, 0, 1, -1, 0, 0, 0], [-1, 1, 2, 0, 1, 1, 0, 0, -1, 0, 1, -1, 2, 1, 1, 1, 0, 0, 1, 1, 0, 1], [0, -1, -1, 0, 0, -1, -1, 0, 0, 0, 0, 1, -1, 0, 0, 1, 0, 1, -1, 0, 0, 0], [-1, 0, 1, 0, 1, 0, -1, 0, -1, 0, 1, 0, 1, 1, 0, 1, 1, 1, 0, 1, 0, 1], [1, 0, -1, 0, -1, 0, 1, 0, 1, 0, -1, 0, -1, -1, 0, -1, 0, 0, 0, -1, 0, -1], [0, -1, -1, 0, 0, -1, -1, 0, 0, 0, 0, 1, -1, 0, 0, 0, 0, 1, 0, 0, 0, 0], [1, -1, -2, 0, -1, -1, 0, 0, 1, 0, -1, 1, -2, -1, 0, -1, 0, 0, -1, 0, 0, -1], [-1, 2, 3, 0, 1, 2, 1, 0, -1, 0, 1, -2, 3, 1, 0, 1, 0, -1, 2, 1, 1, 1], [0, 1, 1, 0, 0, 1, 1, 0, 0, 0, 0, -1, 1, 0, 0, 0, 0, -1, 1, 0, 0, 1]]
[[1, 0, -1, 1, 1, -1, 0, 0, 0, 0, 0, 1, -1, 0, 0, 0, 0, 1, -1, 0, 0, 0], [0, 1, 0, 0, 0, 0, 1, 0, 0, 0, 0, 1, -1, 0, 0, 0, 0, 1, -1, 0, 0, 0], [0, 0, 1, 0, 0, 0, 1, 0, 0, 0, 0, 1, -1, 0, 0, 0, 0, 1, -1, 0, 0, 0], [0, 0, 1, 0, -1, 1, 1, 0, 0, 0, 0, 0, 0, 0, 0, 0, 0, 0, 0, 0, 0, 0], [0, 0, 0, 0, 1, 0, 0, 0, 0, 0, 0, 0, 0, 0, 0, 0, 0, 0, 0, 0, 0, 0], [0, 0, -2, 2, 2, -1, -1, 0, 0, 0, 0, 1, -1, 0, 0, 0, 0, 1, -1, 0, 0, 0], [0, 0, 1, -1, -1, 1, 0, 0, 0, 0, 0, -2, 2, 0, 0, 0, 0, -2, 2, 0, 0, 0], [0, 0, 1, -1, -1, 1, -1, 1, 0, 0, 0, -2, 2, 0, 0, 0, 0, -2, 2, 0, 0, 0], [0, 0, 0, 0, 0, 0, 2, 0, 1, 0, 0, 2, -2, 0, 0, 0, 0, 2, -2, 0, 0, 0], [0, 0, 0, 0, 0, 0, -1, 0, 0, 1, 0, -1, 1, 0, 0, 0, 0, -1, 1, 0, 0, 0], [0, 0, 0, 0, 0, 0, 0, 0, 0, 0, 1, 0, 0, 0, 0, 0, 0, 0, 0, 0, 0, 0], [0, 0, 1, -1, -1, 1, 0, 0, 0, 0, 0, 0, 1, 0, 0, 0, 0, -1, 1, 0, 0, 0], [0, 0, 1, -1, -1, 1, -1, 0, 0, 0, 0, -2, 3, 0, 0, 0, 0, -2, 2, 0, 0, 0], [0, 0, 0, 0, 0, 0, 1, 0, 0, 0, 0, 1, -1, 0, 0, 1, 0, 1, -1, 0, 0, 0], [0, 0, 1, -1, -1, 1, 0, 0, 0, 0, 0, -1, 1, -1, 1, 1, 0, -1, 1, 0, 0, 0], [0, 0, 0, 0, 0, 0, 1, 0, 0, 0, 0, 1, -1, 1, 0, 0, 0, 1, -1, 0, 0, 0], [0, 0, 1, -1, -1, 1, 1, 0, 0, 0, 0, 0, 0, 0, 0, 0, 1, 0, 0, 0, 0, 0], [0, 0, -1, 1, 1, -1, -1, 0, 0, 0, 0, 0, 0, 0, 0, 0, 0, 1, 0, 0, 0, 0], [0, 0, 0, 0, 0, 0, 1, 0, 0, 0, 0, 1, -1, 0, 0, 0, 0, 1, 0, 0, 0, 0], [0, 0, -1, 1, 1, -1, 0, 0, 0, 0, 0, 1, -1, 0, 0, 0, 0, 1, -1, 1, 0, 0], [0, 0, 1, -1, -1, 1, -1, 0, 0, 0, 0, -2, 2, 0, 0, 0, 0, -2, 2, 0, 1, 0], [0, 0, 0, 0, 0, 0, -1, 0, 0, 0, 0, -1, 1, 0, 0, 0, 0, -1, 1, 0, 0, 1]]

#################
# GALOIS GROUPS #
#################


Generators of the monodromy group on the generic Picard lattice:
[[1, 0, 0, 0, 0, 0, 0, 0, 0, 0, 0, 0, 0, 0, 0], [0, 1, 0, 0, 0, 0, 0, 0, 0, 0, 0, 0, 0, 0, 0], [0, 0, 1, 0, 0, 0, 0, 0, 0, 0, 0, 0, 0, 0, 0], [0, 0, 0, 1, 0, 0, 0, 0, 0, 0, 0, 0, 0, 0, 0], [0, 0, 0, 0, 1, 0, 0, 0, 0, 0, 0, 0, 0, 0, 0], [0, 0, 0, 0, 0, 1, 0, 0, 0, 0, 0, 0, 0, 0, 0], [0, 0, 0, 0, 0, 0, 1, 0, 0, 0, 0, 0, 0, 0, 0], [0, 0, 0, 0, 0, 0, 0, 1, 0, 0, 0, 0, 0, 0, 0], [0, 0, 0, 0, 0, 0, 0, 0, 1, 0, 0, 0, 0, 0, 0], [0, 0, 0, 0, 0, 0, 0, 0, 0, 1, 0, 0, 0, 0, 0], [0, 0, 0, 0, 0, 0, 0, 0, 0, 0, 1, 0, 0, 0, 0], [0, 0, 0, 0, 0, 0, 0, 0, 0, 0, 0, 1, 0, 0, 0], [0, 0, 0, 0, 0, 0, 0, 0, 0, 0, 0, 0, 1, 0, 0], [0, 0, 0, 0, 0, 0, 0, 0, 0, 0, 0, 0, 0, 1, 0], [0, 0, 0, 0, 0, 0, 0, 0, 0, 0, 0, 0, 0, 0, 1]]
[[1, 0, 0, 0, 0, 0, 0, 0, 0, 0, 0, 0, 0, 0, 0], [0, 1, 0, 0, 0, 0, 0, 0, 0, 0, 0, 0, 0, 0, 0], [0, 0, 1, 0, 0, 0, 0, 0, 0, 0, 0, 0, 0, 0, 0], [0, 0, 0, 1, 0, 0, 0, 0, 0, 0, 0, 0, 0, 0, 0], [0, 0, 0, 0, 1, 0, 0, 0, 0, 0, 0, 0, 0, 0, 0], [0, 0, 0, 0, 0, 1, 0, 0, 0, 0, 0, 0, 0, 0, 0], [0, 0, 0, 0, 0, 0, 1, 0, 0, 0, 0, 0, 0, 0, 0], [0, 0, 0, 0, 0, 0, 0, 1, 0, 0, 0, 0, 0, 0, 0], [0, 0, 0, 0, 0, 0, 0, 0, 1, 0, 0, 0, 0, 0, 0], [0, 0, 0, 0, 0, 0, 0, 0, 0, 1, 0, 0, 0, 0, 0], [0, 0, 0, 0, 0, 0, 0, 0, 0, 0, 1, 0, 0, 0, 0], [0, 0, 0, 0, 0, 0, 0, 0, 0, 0, 0, 1, 0, 0, 0], [0, 0, 0, 0, 0, 0, 0, 0, 0, 0, 0, 0, 1, 0, 0], [0, 0, 0, 0, 0, 0, 0, 0, 0, 0, 0, 0, 0, 1, 0], [0, 0, 0, 0, 0, 0, 0, 0, 0, 0, 0, 0, 0, 0, 1]]
[[1, 0, 0, 0, 0, 0, 0, 0, 0, 0, 0, 0, 0, 0, 0], [0, 1, 0, 0, 0, 0, 0, 0, 0, 0, 0, 0, 0, 0, 0], [0, 0, 1, 0, 0, 0, 0, 0, 0, 0, 0, 0, 0, 0, 0], [0, 0, 0, 1, 0, 0, 0, 0, 0, 0, 0, 0, 0, 0, 0], [0, 0, 0, 0, 1, 0, 0, 0, 0, 0, 0, 0, 0, 0, 0], [0, 0, 0, 0, 0, 1, 0, 0, 0, 0, 0, 0, 0, 0, 0], [0, 0, 0, 0, 0, 0, 1, 0, 0, 0, 0, 0, 0, 0, 0], [0, 0, 0, 0, 0, 0, 0, 1, 0, 0, 0, 0, 0, 0, 0], [0, 0, 0, 0, 0, 0, 0, 0, 1, 0, 0, 0, 0, 0, 0], [0, 0, 0, 0, 0, 0, 0, 0, 0, 1, 0, 0, 0, 0, 0], [0, 0, 0, 0, 0, 0, 0, 0, 0, 0, 1, 0, 0, 0, 0], [0, 0, 0, 0, 0, 0, 0, 0, 0, 0, 0, 1, 0, 0, 0], [0, 0, 0, 0, 0, 0, 0, 0, 0, 0, 0, 0, 1, 0, 0], [0, 0, 0, 0, 0, 0, 0, 0, 0, 0, 0, 0, 0, 1, 0], [0, 0, 0, 0, 0, 0, 0, 0, 0, 0, 0, 0, 0, 0, 1]]
[[1, 0, 0, 0, 0, 0, 0, 0, 0, 0, 0, 0, 0, 0, 0], [0, 1, 0, 0, 0, 0, 0, 0, 0, 0, 0, 0, 0, 0, 0], [0, 0, 1, 0, 0, 0, 0, 0, 0, 0, 0, 0, 0, 0, 0], [0, 0, 0, 1, 0, 0, 0, 0, 0, 0, 0, 0, 0, 0, 0], [0, 0, 0, 0, 1, 0, 0, 0, 0, 0, 0, 0, 0, 0, 0], [0, 0, 0, 0, 0, 1, 0, 0, 0, 0, 0, 0, 0, 0, 0], [0, 0, 0, 0, 0, 0, 1, 0, 0, 0, 0, 0, 0, 0, 0], [0, 0, 0, 0, 0, 0, 0, 1, 0, 0, 0, 0, 0, 0, 0], [0, 0, 0, 0, 0, 0, 0, 0, 1, 0, 0, 0, 0, 0, 0], [0, 0, 0, 0, 0, 0, 0, 0, 0, 1, 0, 0, 0, 0, 0], [0, 0, 0, 0, 0, 0, 0, 0, 0, 0, 1, 0, 0, 0, 0], [0, 0, 0, 0, 0, 0, 0, 0, 0, 0, 0, 1, 0, 0, 0], [0, 0, 0, 0, 0, 0, 0, 0, 0, 0, 0, 0, 1, 0, 0], [0, 0, 0, 0, 0, 0, 0, 0, 0, 0, 0, 0, 0, 1, 0], [0, 0, 0, 0, 0, 0, 0, 0, 0, 0, 0, 0, 0, 0, 1]]
[[1, 0, 0, 0, 0, 0, 0, 0, 0, 0, 0, 0, 0, 0, 0], [0, 2, 2, 1, 1, 1, 1, 0, 0, 0, 0, -1, 1, -1, 0], [0, 0, 1, 0, 0, 0, 0, 0, 0, 0, 0, 0, 0, 0, 0], [0, 0, 0, 1, 0, 0, 0, 0, 0, 0, 0, 0, 0, 0, 0], [0, -1, -3, -2, -1, -1, 0, 0, 0, 0, 0, 2, -2, 2, 0], [0, -1, -2, -1, -1, 0, -1, 0, 0, 0, 0, 1, -1, 1, 0], [0, -1, -1, 0, 0, -1, -1, 0, 0, 0, 0, 0, 0, 0, 0], [0, 1, 2, 1, 1, 1, 1, 1, 0, 0, 0, -1, 1, -1, 0], [0, 0, 0, 0, 0, 0, 0, 0, 1, 0, 0, 0, 0, 0, 0], [0, -1, -2, -1, -1, -1, -1, 0, 0, 1, 0, 1, -1, 1, 0], [0, 1, 2, 1, 1, 1, 1, 0, 0, 0, 1, -1, 1, -1, 0], [0, 1, 2, 1, 1, 1, 1, 0, 0, 0, 0, 0, 1, -1, 0], [0, 1, 2, 1, 1, 1, 1, 0, 0, 0, 0, -1, 2, -1, 0], [0, 0, 0, 0, 0, 0, 0, 0, 0, 0, 0, 0, 0, 1, 0], [0, 0, 0, 0, 0, 0, 0, 0, 0, 0, 0, 0, 0, 0, 1]]
[[1, 0, 0, 0, 0, 0, 0, 0, 0, 0, 0, 0, 0, 0, 0], [0, 1, 0, 0, 0, 0, 0, 0, 0, 0, 0, 0, 0, 0, 0], [0, 0, 1, 0, 0, 0, 0, 0, 0, 0, 0, 0, 0, 0, 0], [0, 0, 0, 1, 0, 0, 0, 0, 0, 0, 0, 0, 0, 0, 0], [0, 0, 0, 0, 1, 0, 0, 0, 0, 0, 0, 0, 0, 0, 0], [0, 0, 0, 0, 0, 1, 0, 0, 0, 0, 0, 0, 0, 0, 0], [0, 0, 0, 0, 0, 0, 1, 0, 0, 0, 0, 0, 0, 0, 0], [0, 0, 0, 0, 0, 0, 0, 1, 0, 0, 0, 0, 0, 0, 0], [0, 0, 0, 0, 0, 0, 0, 0, 1, 0, 0, 0, 0, 0, 0], [0, 0, 0, 0, 0, 0, 0, 0, 0, 1, 0, 0, 0, 0, 0], [0, 0, 0, 0, 0, 0, 0, 0, 0, 0, 1, 0, 0, 0, 0], [0, 0, 0, 0, 0, 0, 0, 0, 0, 0, 0, 1, 0, 0, 0], [0, 0, 0, 0, 0, 0, 0, 0, 0, 0, 0, 0, 1, 0, 0], [0, 0, 0, 0, 0, 0, 0, 0, 0, 0, 0, 0, 0, 1, 0], [0, 0, 0, 0, 0, 0, 0, 0, 0, 0, 0, 0, 0, 0, 1]]
[[0, 0, 0, 0, 0, 0, -1, 0, 0, 0, 0, 0, 0, 0, 0], [1, 1, 0, 0, 0, 0, 1, 0, 0, 0, 0, 0, 0, 0, 0], [-1, 1, -1, 0, 1, 0, 2, 0, -1, 0, 1, 1, -1, 2, -1], [-1, 1, 0, 0, 0, 1, 2, 0, 1, 1, 1, 0, 0, 0, 0], [1, -1, -1, 0, 0, -1, -1, 0, -1, 0, -1, 2, -1, 2, -1], [1, -1, 1, 0, -1, 0, -3, 0, 1, 0, -1, -2, 1, -2, 1], [-1, 0, 0, 0, 0, 0, 0, 0, 0, 0, 0, 0, 0, 0, 0], [0, 0, 2, 0, 0, 1, 0, 1, 1, 0, 0, -1, 1, -2, 1], [-1, 1, -2, 0, 1, 0, 2, 0, 0, 0, 1, 1, -1, 2, -1], [1, -1, 1, 1, 0, 0, -1, 0, -1, 0, -1, 1, 0, 0, 0], [0, 0, 0, 0, 0, 0, 0, 0, 0, 0, 1, 0, 0, 0, 0], [1, 0, -1, 0, 0, -1, 0, 0, 0, 0, 0, 0, 0, 0, 0], [0, 0, 1, 0, 0, 0, -1, 0, 1, 0, 0, -2, 2, -2, 1], [-1, 1, 0, 0, 1, 1, 2, 0, 0, 0, 1, 0, 0, 1, 0], [1, 0, -1, 0, 0, 0, 2, 0, -1, 0, 0, 2, -1, 2, 0]]
[[1, 0, 0, 0, 0, 0, 0, 0, 0, 0, 0, 0, 0, 0, 0], [0, 1, 0, 0, 0, 0, 0, 0, 0, 0, 0, 0, 0, 0, 0], [0, 0, 1, 0, 0, 0, 0, 0, 0, 0, 0, 0, 0, 0, 0], [0, 0, 0, 1, 0, 0, 0, 0, 0, 0, 0, 0, 0, 0, 0], [0, 0, 0, 0, 1, 0, 0, 0, 0, 0, 0, 0, 0, 0, 0], [0, 0, 0, 0, 0, 1, 0, 0, 0, 0, 0, 0, 0, 0, 0], [0, 0, 0, 0, 0, 0, 1, 0, 0, 0, 0, 0, 0, 0, 0], [0, 0, 0, 0, 0, 0, 0, 1, 0, 0, 0, 0, 0, 0, 0], [0, 0, 0, 0, 0, 0, 0, 0, 1, 0, 0, 0, 0, 0, 0], [0, 0, 0, 0, 0, 0, 0, 0, 0, 1, 0, 0, 0, 0, 0], [0, 0, 0, 0, 0, 0, 0, 0, 0, 0, 1, 0, 0, 0, 0], [0, 0, 0, 0, 0, 0, 0, 0, 0, 0, 0, 1, 0, 0, 0], [0, 0, 0, 0, 0, 0, 0, 0, 0, 0, 0, 0, 1, 0, 0], [0, 0, 0, 0, 0, 0, 0, 0, 0, 0, 0, 0, 0, 1, 0], [0, 0, 0, 0, 0, 0, 0, 0, 0, 0, 0, 0, 0, 0, 1]]
[[1, 0, 0, 0, 0, 0, 0, 0, 0, 0, 0, 0, 0, 0, 0], [0, 1, 0, 0, 0, 0, 0, 0, 0, 0, 0, 0, 0, 0, 0], [0, 0, 1, 0, 0, 0, 0, 0, 0, 0, 0, 0, 0, 0, 0], [0, 0, 0, 1, 0, 0, 0, 0, 0, 0, 0, 0, 0, 0, 0], [0, 0, 0, 0, 1, 0, 0, 0, 0, 0, 0, 0, 0, 0, 0], [0, 0, 0, 0, 0, 1, 0, 0, 0, 0, 0, 0, 0, 0, 0], [0, 0, 0, 0, 0, 0, 1, 0, 0, 0, 0, 0, 0, 0, 0], [0, 0, 0, 0, 0, 0, 0, 1, 0, 0, 0, 0, 0, 0, 0], [0, 0, 0, 0, 0, 0, 0, 0, 1, 0, 0, 0, 0, 0, 0], [0, 0, 0, 0, 0, 0, 0, 0, 0, 1, 0, 0, 0, 0, 0], [0, 0, 0, 0, 0, 0, 0, 0, 0, 0, 1, 0, 0, 0, 0], [0, 0, 0, 0, 0, 0, 0, 0, 0, 0, 0, 1, 0, 0, 0], [0, 0, 0, 0, 0, 0, 0, 0, 0, 0, 0, 0, 1, 0, 0], [0, 0, 0, 0, 0, 0, 0, 0, 0, 0, 0, 0, 0, 1, 0], [0, 0, 0, 0, 0, 0, 0, 0, 0, 0, 0, 0, 0, 0, 1]]
[[0, -2, -3, -1, 0, -1, 0, 1, 1, -2, 0, 0, -2, 0, 1], [-1, 0, -2, -1, 0, -2, 0, -1, -1, -1, 0, 0, -1, 1, -1], [0, 0, 1, 0, 0, -1, 0, -1, -1, 0, 0, 0, 0, 0, -1], [1, 2, 3, 2, 0, 0, 0, -2, -2, 2, 0, 0, 2, 0, -2], [0, -1, -1, 0, 1, 0, 0, 1, 1, -1, 0, 0, -1, -1, 1], [-1, -3, -4, -1, 0, 0, 0, 2, 2, -3, 0, 0, -3, -1, 2], [1, 2, 3, 1, 0, 2, 1, 0, 0, 2, 0, 0, 2, 0, 0], [-1, 0, 0, -1, -1, 1, -1, 1, 2, 1, 0, -1, 1, 0, 0], [1, 1, 1, 1, 1, -2, 1, -2, -3, 0, 0, 1, 0, 1, -2], [1, 1, 2, 1, 0, 2, 0, 1, 1, 2, 0, 0, 1, -1, 1], [1, -2, -3, -1, -1, -2, -1, 0, 0, -1, -1, 1, -2, 1, 0], [-1, 0, -1, -1, 0, -1, 0, -1, -1, 0, 0, 1, 0, 2, -1], [0, 1, 1, 0, 0, 1, 0, 0, 0, 1, 0, 0, 2, 1, 0], [1, 0, 1, 1, 0, -1, 0, -1, -1, 0, 0, 0, 0, -1, -1], [1, 2, 3, 1, 0, 0, 0, -2, -2, 2, 0, 0, 2, 0, -1]]
[[1, 0, 0, 0, 0, 0, 0, 0, 0, 0, 0, 0, 0, 0, 0], [0, 1, 0, 0, 0, 0, 0, 0, 0, 0, 0, 0, 0, 0, 0], [0, 0, 1, 0, 0, 0, 0, 0, 0, 0, 0, 0, 0, 0, 0], [0, 0, 0, 1, 0, 0, 0, 0, 0, 0, 0, 0, 0, 0, 0], [0, 0, 0, 0, 1, 0, 0, 0, 0, 0, 0, 0, 0, 0, 0], [0, 0, 0, 0, 0, 1, 0, 0, 0, 0, 0, 0, 0, 0, 0], [0, 0, 0, 0, 0, 0, 1, 0, 0, 0, 0, 0, 0, 0, 0], [0, 0, 0, 0, 0, 0, 0, 1, 0, 0, 0, 0, 0, 0, 0], [0, 0, 0, 0, 0, 0, 0, 0, 1, 0, 0, 0, 0, 0, 0], [0, 0, 0, 0, 0, 0, 0, 0, 0, 1, 0, 0, 0, 0, 0], [0, 0, 0, 0, 0, 0, 0, 0, 0, 0, 1, 0, 0, 0, 0], [0, 0, 0, 0, 0, 0, 0, 0, 0, 0, 0, 1, 0, 0, 0], [0, 0, 0, 0, 0, 0, 0, 0, 0, 0, 0, 0, 1, 0, 0], [0, 0, 0, 0, 0, 0, 0, 0, 0, 0, 0, 0, 0, 1, 0], [0, 0, 0, 0, 0, 0, 0, 0, 0, 0, 0, 0, 0, 0, 1]]
[[3, 5, 4, 3, 1, -1, 1, -3, -4, 3, -1, 0, 3, 0, -2], [2, 4, 3, 2, 0, -1, 0, -3, -4, 2, -1, 0, 2, 0, -1], [1, 1, 2, 1, -1, 0, -1, -1, 0, 1, -1, -1, 1, -2, 0], [-2, -4, -3, -2, -1, 0, -1, 2, 2, -3, 0, 0, -3, 0, 1], [1, 6, 6, 3, 2, 1, 1, -2, -2, 3, 0, -3, 5, -2, -1], [1, 6, 4, 3, 3, 0, 3, -2, -4, 3, 0, 1, 3, 2, -3], [-2, -5, -4, -3, -1, 1, 0, 3, 4, -3, 1, 0, -3, 0, 2], [0, -8, -8, -3, -2, -1, -2, 3, 3, -3, 0, 4, -6, 2, 2], [1, 5, 6, 2, 0, 0, 0, -3, -3, 2, -1, -3, 4, -2, -1], [-2, -3, -3, -2, 0, 1, 0, 3, 4, -1, 1, 0, -2, 0, 1], [2, 0, -1, 1, -1, -2, -1, -2, -2, 1, -1, 2, -1, 0, -1], [0, -2, -1, -1, -1, 0, -1, 0, 0, -1, 0, 1, -1, 0, 1], [-2, -7, -6, -4, -1, 0, -1, 3, 3, -4, 1, 2, -4, 2, 2], [0, 3, 3, 1, 0, 0, 0, -1, -1, 1, -1, -2, 2, -1, -1], [-2, -2, -1, -2, -1, 1, -1, 2, 3, -2, 0, -2, -1, -2, 2]]
[[1, 0, 0, 0, 0, 0, 0, 0, 0, 0, 0, 0, 0, 0, 0], [0, 1, 0, 0, 0, 0, 0, 0, 0, 0, 0, 0, 0, 0, 0], [0, 0, 1, 0, 0, 0, 0, 0, 0, 0, 0, 0, 0, 0, 0], [0, 0, 0, 1, 0, 0, 0, 0, 0, 0, 0, 0, 0, 0, 0], [0, 0, 0, 0, 1, 0, 0, 0, 0, 0, 0, 0, 0, 0, 0], [0, 0, 0, 0, 0, 1, 0, 0, 0, 0, 0, 0, 0, 0, 0], [0, 0, 0, 0, 0, 0, 1, 0, 0, 0, 0, 0, 0, 0, 0], [0, 0, 0, 0, 0, 0, 0, 1, 0, 0, 0, 0, 0, 0, 0], [0, 0, 0, 0, 0, 0, 0, 0, 1, 0, 0, 0, 0, 0, 0], [0, 0, 0, 0, 0, 0, 0, 0, 0, 1, 0, 0, 0, 0, 0], [0, 0, 0, 0, 0, 0, 0, 0, 0, 0, 1, 0, 0, 0, 0], [0, 0, 0, 0, 0, 0, 0, 0, 0, 0, 0, 1, 0, 0, 0], [0, 0, 0, 0, 0, 0, 0, 0, 0, 0, 0, 0, 1, 0, 0], [0, 0, 0, 0, 0, 0, 0, 0, 0, 0, 0, 0, 0, 1, 0], [0, 0, 0, 0, 0, 0, 0, 0, 0, 0, 0, 0, 0, 0, 1]]
[[1, 0, 0, 0, 0, 0, 0, 0, 0, 0, 0, 0, 0, 0, 0], [0, 1, 0, 0, 0, 0, 0, 0, 0, 0, 0, 0, 0, 0, 0], [0, 0, 1, 0, 0, 0, 0, 0, 0, 0, 0, 0, 0, 0, 0], [0, 0, 0, 1, 0, 0, 0, 0, 0, 0, 0, 0, 0, 0, 0], [0, 0, 0, 0, 1, 0, 0, 0, 0, 0, 0, 0, 0, 0, 0], [0, 0, 0, 0, 0, 1, 0, 0, 0, 0, 0, 0, 0, 0, 0], [0, 0, 0, 0, 0, 0, 1, 0, 0, 0, 0, 0, 0, 0, 0], [0, 0, 0, 0, 0, 0, 0, 1, 0, 0, 0, 0, 0, 0, 0], [0, 0, 0, 0, 0, 0, 0, 0, 1, 0, 0, 0, 0, 0, 0], [0, 0, 0, 0, 0, 0, 0, 0, 0, 1, 0, 0, 0, 0, 0], [0, 0, 0, 0, 0, 0, 0, 0, 0, 0, 1, 0, 0, 0, 0], [0, 0, 0, 0, 0, 0, 0, 0, 0, 0, 0, 1, 0, 0, 0], [0, 0, 0, 0, 0, 0, 0, 0, 0, 0, 0, 0, 1, 0, 0], [0, 0, 0, 0, 0, 0, 0, 0, 0, 0, 0, 0, 0, 1, 0], [0, 0, 0, 0, 0, 0, 0, 0, 0, 0, 0, 0, 0, 0, 1]]
[[1, 0, 0, 0, 0, 0, 0, 0, 0, 0, 0, 0, 0, 0, 0], [0, 1, 0, 0, 0, 0, 0, 0, 0, 0, 0, 0, 0, 0, 0], [0, 0, 1, 0, 0, 0, 0, 0, 0, 0, 0, 0, 0, 0, 0], [0, 0, 0, 1, 0, 0, 0, 0, 0, 0, 0, 0, 0, 0, 0], [0, 0, 0, 0, 1, 0, 0, 0, 0, 0, 0, 0, 0, 0, 0], [0, 0, 0, 0, 0, 1, 0, 0, 0, 0, 0, 0, 0, 0, 0], [0, 0, 0, 0, 0, 0, 1, 0, 0, 0, 0, 0, 0, 0, 0], [0, 0, 0, 0, 0, 0, 0, 1, 0, 0, 0, 0, 0, 0, 0], [0, 0, 0, 0, 0, 0, 0, 0, 1, 0, 0, 0, 0, 0, 0], [0, 0, 0, 0, 0, 0, 0, 0, 0, 1, 0, 0, 0, 0, 0], [0, 0, 0, 0, 0, 0, 0, 0, 0, 0, 1, 0, 0, 0, 0], [0, 0, 0, 0, 0, 0, 0, 0, 0, 0, 0, 1, 0, 0, 0], [0, 0, 0, 0, 0, 0, 0, 0, 0, 0, 0, 0, 1, 0, 0], [0, 0, 0, 0, 0, 0, 0, 0, 0, 0, 0, 0, 0, 1, 0], [0, 0, 0, 0, 0, 0, 0, 0, 0, 0, 0, 0, 0, 0, 1]]
[[1, 0, 0, 0, 0, 0, 0, 0, 0, 0, 0, 0, 0, 0, 0], [0, 1, 0, 0, 0, 0, 0, 0, 0, 0, 0, 0, 0, 0, 0], [0, 0, 1, 0, 0, 0, 0, 0, 0, 0, 0, 0, 0, 0, 0], [0, 0, 0, 1, 0, 0, 0, 0, 0, 0, 0, 0, 0, 0, 0], [0, 0, 0, 0, 1, 0, 0, 0, 0, 0, 0, 0, 0, 0, 0], [0, 0, 0, 0, 0, 1, 0, 0, 0, 0, 0, 0, 0, 0, 0], [0, 0, 0, 0, 0, 0, 1, 0, 0, 0, 0, 0, 0, 0, 0], [0, 0, 0, 0, 0, 0, 0, 1, 0, 0, 0, 0, 0, 0, 0], [0, 0, 0, 0, 0, 0, 0, 0, 1, 0, 0, 0, 0, 0, 0], [0, 0, 0, 0, 0, 0, 0, 0, 0, 1, 0, 0, 0, 0, 0], [0, 0, 0, 0, 0, 0, 0, 0, 0, 0, 1, 0, 0, 0, 0], [0, 0, 0, 0, 0, 0, 0, 0, 0, 0, 0, 1, 0, 0, 0], [0, 0, 0, 0, 0, 0, 0, 0, 0, 0, 0, 0, 1, 0, 0], [0, 0, 0, 0, 0, 0, 0, 0, 0, 0, 0, 0, 0, 1, 0], [0, 0, 0, 0, 0, 0, 0, 0, 0, 0, 0, 0, 0, 0, 1]]
[[1, 0, 0, 0, 0, -1, 0, -1, -2, 0, -1, 2, -1, 1, -1], [-1, -2, -2, -2, -1, 0, -1, 1, 1, 0, 0, 2, -2, 1, 0], [-2, -2, -2, -2, -1, 1, -1, 2, 4, -1, 0, -1, -1, -2, 1], [-2, 0, 0, -1, 0, 1, 0, 1, 2, 0, 1, -2, 1, -1, 1], [2, -1, 1, 1, 1, 0, 0, 0, -1, -1, -1, 1, 0, 0, 0], [1, 5, 5, 2, 2, 0, 2, -3, -5, 1, 0, -1, 3, 1, -1], [1, 0, 0, 1, 0, 0, 1, 0, 0, 0, 0, 0, 0, 0, 0], [0, 1, -1, 1, 0, -1, 0, 0, -1, 1, 0, 1, -1, 1, -1], [-2, -3, -2, -3, -1, 1, -1, 2, 4, -1, 0, 0, -1, -1, 1], [3, 2, 3, 3, 1, 0, 1, -1, -2, 0, -1, -1, 2, -1, 0], [-1, -2, -3, -1, -1, -1, -1, 0, 0, 0, 0, 3, -3, 1, -1], [-1, -2, -3, -1, -1, 0, -1, 1, 2, 1, 1, 2, -2, 1, 0], [0, 1, -1, 1, 0, -1, 0, -1, -1, 2, 1, 1, 0, 2, -1], [-2, 0, 0, -2, 0, 1, 0, 1, 2, -1, 0, -2, 1, -1, 1], [0, -3, -2, -1, -1, 1, -1, 2, 3, -1, 0, 0, -1, -1, 2]]
[[1, 0, 0, 0, 0, 0, 0, 0, 0, 0, 0, 0, 0, 0, 0], [0, 1, 0, 0, 0, 0, 0, 0, 0, 0, 0, 0, 0, 0, 0], [0, 0, 1, 0, 0, 0, 0, 0, 0, 0, 0, 0, 0, 0, 0], [0, 0, 0, 1, 0, 0, 0, 0, 0, 0, 0, 0, 0, 0, 0], [0, 0, 0, 0, 1, 0, 0, 0, 0, 0, 0, 0, 0, 0, 0], [0, 0, 0, 0, 0, 1, 0, 0, 0, 0, 0, 0, 0, 0, 0], [0, 0, 0, 0, 0, 0, 1, 0, 0, 0, 0, 0, 0, 0, 0], [0, 0, 0, 0, 0, 0, 0, 1, 0, 0, 0, 0, 0, 0, 0], [0, 0, 0, 0, 0, 0, 0, 0, 1, 0, 0, 0, 0, 0, 0], [0, 0, 0, 0, 0, 0, 0, 0, 0, 1, 0, 0, 0, 0, 0], [0, 0, 0, 0, 0, 0, 0, 0, 0, 0, 1, 0, 0, 0, 0], [0, 0, 0, 0, 0, 0, 0, 0, 0, 0, 0, 1, 0, 0, 0], [0, 0, 0, 0, 0, 0, 0, 0, 0, 0, 0, 0, 1, 0, 0], [0, 0, 0, 0, 0, 0, 0, 0, 0, 0, 0, 0, 0, 1, 0], [0, 0, 0, 0, 0, 0, 0, 0, 0, 0, 0, 0, 0, 0, 1]]
[[1, 0, 0, 0, 0, 0, 0, 0, 0, 0, 0, 0, 0, 0, 0], [0, 1, 0, 0, 0, 0, 0, 0, 0, 0, 0, 0, 0, 0, 0], [0, 0, 1, 0, 0, 0, 0, 0, 0, 0, 0, 0, 0, 0, 0], [0, 0, 0, 1, 0, 0, 0, 0, 0, 0, 0, 0, 0, 0, 0], [0, 0, 0, 0, 1, 0, 0, 0, 0, 0, 0, 0, 0, 0, 0], [0, 0, 0, 0, 0, 1, 0, 0, 0, 0, 0, 0, 0, 0, 0], [0, 0, 0, 0, 0, 0, 1, 0, 0, 0, 0, 0, 0, 0, 0], [0, 0, 0, 0, 0, 0, 0, 1, 0, 0, 0, 0, 0, 0, 0], [0, 0, 0, 0, 0, 0, 0, 0, 1, 0, 0, 0, 0, 0, 0], [0, 0, 0, 0, 0, 0, 0, 0, 0, 1, 0, 0, 0, 0, 0], [0, 0, 0, 0, 0, 0, 0, 0, 0, 0, 1, 0, 0, 0, 0], [0, 0, 0, 0, 0, 0, 0, 0, 0, 0, 0, 1, 0, 0, 0], [0, 0, 0, 0, 0, 0, 0, 0, 0, 0, 0, 0, 1, 0, 0], [0, 0, 0, 0, 0, 0, 0, 0, 0, 0, 0, 0, 0, 1, 0], [0, 0, 0, 0, 0, 0, 0, 0, 0, 0, 0, 0, 0, 0, 1]]
[[1, 0, 0, 0, 0, 0, 0, 0, 0, 0, 0, 0, 0, 0, 0], [0, 1, 0, 0, 0, 0, 0, 0, 0, 0, 0, 0, 0, 0, 0], [0, 0, 1, 0, 0, 0, 0, 0, 0, 0, 0, 0, 0, 0, 0], [0, 0, 0, 1, 0, 0, 0, 0, 0, 0, 0, 0, 0, 0, 0], [0, 0, 0, 0, 1, 0, 0, 0, 0, 0, 0, 0, 0, 0, 0], [0, 0, 0, 0, 0, 1, 0, 0, 0, 0, 0, 0, 0, 0, 0], [0, 0, 0, 0, 0, 0, 1, 0, 0, 0, 0, 0, 0, 0, 0], [0, 0, 0, 0, 0, 0, 0, 1, 0, 0, 0, 0, 0, 0, 0], [0, 0, 0, 0, 0, 0, 0, 0, 1, 0, 0, 0, 0, 0, 0], [0, 0, 0, 0, 0, 0, 0, 0, 0, 1, 0, 0, 0, 0, 0], [0, 0, 0, 0, 0, 0, 0, 0, 0, 0, 1, 0, 0, 0, 0], [0, 0, 0, 0, 0, 0, 0, 0, 0, 0, 0, 1, 0, 0, 0], [0, 0, 0, 0, 0, 0, 0, 0, 0, 0, 0, 0, 1, 0, 0], [0, 0, 0, 0, 0, 0, 0, 0, 0, 0, 0, 0, 0, 1, 0], [0, 0, 0, 0, 0, 0, 0, 0, 0, 0, 0, 0, 0, 0, 1]]
[[0, 0, 0, 0, 0, 0, -1, 0, 0, 0, 0, 0, 0, 0, 0], [1, 1, 0, 0, 0, 0, 1, 0, 0, 0, 0, 0, 0, 0, 0], [-1, 1, -1, 0, 1, 0, 2, 0, -1, 0, 1, 1, -1, 2, -1], [-1, 1, 0, 0, 0, 1, 2, 0, 1, 1, 1, 0, 0, 0, 0], [1, -1, -1, 0, 0, -1, -1, 0, -1, 0, -1, 2, -1, 2, -1], [1, -1, 1, 0, -1, 0, -3, 0, 1, 0, -1, -2, 1, -2, 1], [-1, 0, 0, 0, 0, 0, 0, 0, 0, 0, 0, 0, 0, 0, 0], [0, 0, 2, 0, 0, 1, 0, 1, 1, 0, 0, -1, 1, -2, 1], [-1, 1, -2, 0, 1, 0, 2, 0, 0, 0, 1, 1, -1, 2, -1], [1, -1, 1, 1, 0, 0, -1, 0, -1, 0, -1, 1, 0, 0, 0], [0, 0, 0, 0, 0, 0, 0, 0, 0, 0, 1, 0, 0, 0, 0], [1, 0, -1, 0, 0, -1, 0, 0, 0, 0, 0, 0, 0, 0, 0], [0, 0, 1, 0, 0, 0, -1, 0, 1, 0, 0, -2, 2, -2, 1], [-1, 1, 0, 0, 1, 1, 2, 0, 0, 0, 1, 0, 0, 1, 0], [1, 0, -1, 0, 0, 0, 2, 0, -1, 0, 0, 2, -1, 2, 0]]
[[1, 0, 0, 0, 0, 0, 0, 0, 0, 0, 0, 0, 0, 0, 0], [0, 1, 0, 0, 0, 0, 0, 0, 0, 0, 0, 0, 0, 0, 0], [0, 0, 1, 0, 0, 0, 0, 0, 0, 0, 0, 0, 0, 0, 0], [0, 0, 0, 1, 0, 0, 0, 0, 0, 0, 0, 0, 0, 0, 0], [0, 0, 0, 0, 1, 0, 0, 0, 0, 0, 0, 0, 0, 0, 0], [0, 0, 0, 0, 0, 1, 0, 0, 0, 0, 0, 0, 0, 0, 0], [0, 0, 0, 0, 0, 0, 1, 0, 0, 0, 0, 0, 0, 0, 0], [0, 0, 0, 0, 0, 0, 0, 1, 0, 0, 0, 0, 0, 0, 0], [0, 0, 0, 0, 0, 0, 0, 0, 1, 0, 0, 0, 0, 0, 0], [0, 0, 0, 0, 0, 0, 0, 0, 0, 1, 0, 0, 0, 0, 0], [0, 0, 0, 0, 0, 0, 0, 0, 0, 0, 1, 0, 0, 0, 0], [0, 0, 0, 0, 0, 0, 0, 0, 0, 0, 0, 1, 0, 0, 0], [0, 0, 0, 0, 0, 0, 0, 0, 0, 0, 0, 0, 1, 0, 0], [0, 0, 0, 0, 0, 0, 0, 0, 0, 0, 0, 0, 0, 1, 0], [0, 0, 0, 0, 0, 0, 0, 0, 0, 0, 0, 0, 0, 0, 1]]
[[1, -1, 0, 0, 0, 0, 0, 0, 0, -1, 0, 0, 0, 0, 0], [0, 1, 0, 0, 0, 0, 0, 0, 0, 0, 0, 0, 0, 0, 0], [0, 1, 1, 0, 0, 0, 0, 0, 0, 1, 0, 0, 0, 0, 0], [0, 2, 0, 1, 0, 0, 0, 0, 0, 2, 0, 0, 0, 0, 0], [0, -2, 0, 0, 1, 0, 0, 0, 0, -2, 0, 0, 0, 0, 0], [0, -1, 0, 0, 0, 1, 0, 0, 0, -1, 0, 0, 0, 0, 0], [0, 0, 0, 0, 0, 0, 1, 0, 0, 0, 0, 0, 0, 0, 0], [0, 0, 0, 0, 0, 0, 0, 1, 0, 0, 0, 0, 0, 0, 0], [0, 1, 0, 0, 0, 0, 0, 0, 1, 1, 0, 0, 0, 0, 0], [0, -2, 0, 0, 0, 0, 0, 0, 0, -1, 0, 0, 0, 0, 0], [0, 0, 0, 0, 0, 0, 0, 0, 0, 0, 1, 0, 0, 0, 0], [0, 1, 0, 0, 0, 0, 0, 0, 0, 1, 0, 1, 0, 0, 0], [0, 1, 0, 0, 0, 0, 0, 0, 0, 1, 0, 0, 1, 0, 0], [0, 1, 0, 0, 0, 0, 0, 0, 0, 1, 0, 0, 0, 1, 0], [0, 0, 0, 0, 0, 0, 0, 0, 0, 0, 0, 0, 0, 0, 1]]
[[1, 0, 0, 0, 0, 0, 0, 0, 0, 0, 0, 0, 0, 0, 0], [0, 1, 0, 0, 0, 0, 0, 0, 0, 0, 0, 0, 0, 0, 0], [0, 0, 1, 0, 0, 0, 0, 0, 0, 0, 0, 0, 0, 0, 0], [0, 0, 0, 1, 0, 0, 0, 0, 0, 0, 0, 0, 0, 0, 0], [0, 0, 0, 0, 1, 0, 0, 0, 0, 0, 0, 0, 0, 0, 0], [0, 0, 0, 0, 0, 1, 0, 0, 0, 0, 0, 0, 0, 0, 0], [0, 0, 0, 0, 0, 0, 1, 0, 0, 0, 0, 0, 0, 0, 0], [0, 0, 0, 0, 0, 0, 0, 1, 0, 0, 0, 0, 0, 0, 0], [0, 0, 0, 0, 0, 0, 0, 0, 1, 0, 0, 0, 0, 0, 0], [0, 0, 0, 0, 0, 0, 0, 0, 0, 1, 0, 0, 0, 0, 0], [0, 0, 0, 0, 0, 0, 0, 0, 0, 0, 1, 0, 0, 0, 0], [0, 0, 0, 0, 0, 0, 0, 0, 0, 0, 0, 1, 0, 0, 0], [0, 0, 0, 0, 0, 0, 0, 0, 0, 0, 0, 0, 1, 0, 0], [0, 0, 0, 0, 0, 0, 0, 0, 0, 0, 0, 0, 0, 1, 0], [0, 0, 0, 0, 0, 0, 0, 0, 0, 0, 0, 0, 0, 0, 1]]
[[1, -1, 0, 0, 0, 0, 0, 0, 0, -1, 0, 0, 0, 0, 0], [0, 1, 0, 0, 0, 0, 0, 0, 0, 0, 0, 0, 0, 0, 0], [0, 1, 1, 0, 0, 0, 0, 0, 0, 1, 0, 0, 0, 0, 0], [0, 2, 0, 1, 0, 0, 0, 0, 0, 2, 0, 0, 0, 0, 0], [0, -2, 0, 0, 1, 0, 0, 0, 0, -2, 0, 0, 0, 0, 0], [0, -1, 0, 0, 0, 1, 0, 0, 0, -1, 0, 0, 0, 0, 0], [0, 0, 0, 0, 0, 0, 1, 0, 0, 0, 0, 0, 0, 0, 0], [0, 0, 0, 0, 0, 0, 0, 1, 0, 0, 0, 0, 0, 0, 0], [0, 1, 0, 0, 0, 0, 0, 0, 1, 1, 0, 0, 0, 0, 0], [0, -2, 0, 0, 0, 0, 0, 0, 0, -1, 0, 0, 0, 0, 0], [0, 0, 0, 0, 0, 0, 0, 0, 0, 0, 1, 0, 0, 0, 0], [0, 1, 0, 0, 0, 0, 0, 0, 0, 1, 0, 1, 0, 0, 0], [0, 1, 0, 0, 0, 0, 0, 0, 0, 1, 0, 0, 1, 0, 0], [0, 1, 0, 0, 0, 0, 0, 0, 0, 1, 0, 0, 0, 1, 0], [0, 0, 0, 0, 0, 0, 0, 0, 0, 0, 0, 0, 0, 0, 1]]
[[1, 0, 0, 0, 0, 0, 0, 0, 0, 0, 0, 0, 0, 0, 0], [0, 1, 0, 0, 0, 0, 0, 0, 0, 0, 0, 0, 0, 0, 0], [0, 0, 1, 0, 0, 0, 0, 0, 0, 0, 0, 0, 0, 0, 0], [0, 0, 0, 1, 0, 0, 0, 0, 0, 0, 0, 0, 0, 0, 0], [0, 0, 0, 0, 1, 0, 0, 0, 0, 0, 0, 0, 0, 0, 0], [0, 0, 0, 0, 0, 1, 0, 0, 0, 0, 0, 0, 0, 0, 0], [0, 0, 0, 0, 0, 0, 1, 0, 0, 0, 0, 0, 0, 0, 0], [0, 0, 0, 0, 0, 0, 0, 1, 0, 0, 0, 0, 0, 0, 0], [0, 0, 0, 0, 0, 0, 0, 0, 1, 0, 0, 0, 0, 0, 0], [0, 0, 0, 0, 0, 0, 0, 0, 0, 1, 0, 0, 0, 0, 0], [0, 0, 0, 0, 0, 0, 0, 0, 0, 0, 1, 0, 0, 0, 0], [0, 0, 0, 0, 0, 0, 0, 0, 0, 0, 0, 1, 0, 0, 0], [0, 0, 0, 0, 0, 0, 0, 0, 0, 0, 0, 0, 1, 0, 0], [0, 0, 0, 0, 0, 0, 0, 0, 0, 0, 0, 0, 0, 1, 0], [0, 0, 0, 0, 0, 0, 0, 0, 0, 0, 0, 0, 0, 0, 1]]
[[1, 0, 0, 0, 0, 0, 0, 0, 0, 0, 0, 0, 0, 0, 0], [0, 1, 0, 0, 0, 0, 0, 0, 0, 0, 0, 0, 0, 0, 0], [0, 0, 1, 0, 0, 0, 0, 0, 0, 0, 0, 0, 0, 0, 0], [0, 0, 0, 1, 0, 0, 0, 0, 0, 0, 0, 0, 0, 0, 0], [0, 0, 0, 0, 1, 0, 0, 0, 0, 0, 0, 0, 0, 0, 0], [0, 0, 0, 0, 0, 1, 0, 0, 0, 0, 0, 0, 0, 0, 0], [0, 0, 0, 0, 0, 0, 1, 0, 0, 0, 0, 0, 0, 0, 0], [0, 0, 0, 0, 0, 0, 0, 1, 0, 0, 0, 0, 0, 0, 0], [0, 0, 0, 0, 0, 0, 0, 0, 1, 0, 0, 0, 0, 0, 0], [0, 0, 0, 0, 0, 0, 0, 0, 0, 1, 0, 0, 0, 0, 0], [0, 0, 0, 0, 0, 0, 0, 0, 0, 0, 1, 0, 0, 0, 0], [0, 0, 0, 0, 0, 0, 0, 0, 0, 0, 0, 1, 0, 0, 0], [0, 0, 0, 0, 0, 0, 0, 0, 0, 0, 0, 0, 1, 0, 0], [0, 0, 0, 0, 0, 0, 0, 0, 0, 0, 0, 0, 0, 1, 0], [0, 0, 0, 0, 0, 0, 0, 0, 0, 0, 0, 0, 0, 0, 1]]
[[1, 0, 0, 0, 0, 0, 0, 0, 0, 0, 0, 0, 0, 0, 0], [0, 1, 0, 0, 0, 0, 0, 0, 0, 0, 0, 0, 0, 0, 0], [0, 0, 1, 0, 0, 0, 0, 0, 0, 0, 0, 0, 0, 0, 0], [0, 0, 0, 1, 0, 0, 0, 0, 0, 0, 0, 0, 0, 0, 0], [0, 0, 0, 0, 1, 0, 0, 0, 0, 0, 0, 0, 0, 0, 0], [0, 0, 0, 0, 0, 1, 0, 0, 0, 0, 0, 0, 0, 0, 0], [0, 0, 0, 0, 0, 0, 1, 0, 0, 0, 0, 0, 0, 0, 0], [0, 0, 0, 0, 0, 0, 0, 1, 0, 0, 0, 0, 0, 0, 0], [0, 0, 0, 0, 0, 0, 0, 0, 1, 0, 0, 0, 0, 0, 0], [0, 0, 0, 0, 0, 0, 0, 0, 0, 1, 0, 0, 0, 0, 0], [0, 0, 0, 0, 0, 0, 0, 0, 0, 0, 1, 0, 0, 0, 0], [0, 0, 0, 0, 0, 0, 0, 0, 0, 0, 0, 1, 0, 0, 0], [0, 0, 0, 0, 0, 0, 0, 0, 0, 0, 0, 0, 1, 0, 0], [0, 0, 0, 0, 0, 0, 0, 0, 0, 0, 0, 0, 0, 1, 0], [0, 0, 0, 0, 0, 0, 0, 0, 0, 0, 0, 0, 0, 0, 1]]
[[1, 0, 0, 0, 0, -1, 0, -1, -2, 0, -1, 2, -1, 1, -1], [-1, -2, -2, -2, -1, 0, -1, 1, 1, 0, 0, 2, -2, 1, 0], [-2, -2, -2, -2, -1, 1, -1, 2, 4, -1, 0, -1, -1, -2, 1], [-2, 0, 0, -1, 0, 1, 0, 1, 2, 0, 1, -2, 1, -1, 1], [2, -1, 1, 1, 1, 0, 0, 0, -1, -1, -1, 1, 0, 0, 0], [1, 5, 5, 2, 2, 0, 2, -3, -5, 1, 0, -1, 3, 1, -1], [1, 0, 0, 1, 0, 0, 1, 0, 0, 0, 0, 0, 0, 0, 0], [0, 1, -1, 1, 0, -1, 0, 0, -1, 1, 0, 1, -1, 1, -1], [-2, -3, -2, -3, -1, 1, -1, 2, 4, -1, 0, 0, -1, -1, 1], [3, 2, 3, 3, 1, 0, 1, -1, -2, 0, -1, -1, 2, -1, 0], [-1, -2, -3, -1, -1, -1, -1, 0, 0, 0, 0, 3, -3, 1, -1], [-1, -2, -3, -1, -1, 0, -1, 1, 2, 1, 1, 2, -2, 1, 0], [0, 1, -1, 1, 0, -1, 0, -1, -1, 2, 1, 1, 0, 2, -1], [-2, 0, 0, -2, 0, 1, 0, 1, 2, -1, 0, -2, 1, -1, 1], [0, -3, -2, -1, -1, 1, -1, 2, 3, -1, 0, 0, -1, -1, 2]]
[[0, 0, 0, 0, 0, 0, -1, 0, 0, 0, 0, 0, 0, 0, 0], [1, 1, 0, 0, 0, 0, 1, 0, 0, 0, 0, 0, 0, 0, 0], [-1, 1, -1, 0, 1, 0, 2, 0, -1, 0, 1, 1, -1, 2, -1], [-1, 1, 0, 0, 0, 1, 2, 0, 1, 1, 1, 0, 0, 0, 0], [1, -1, -1, 0, 0, -1, -1, 0, -1, 0, -1, 2, -1, 2, -1], [1, -1, 1, 0, -1, 0, -3, 0, 1, 0, -1, -2, 1, -2, 1], [-1, 0, 0, 0, 0, 0, 0, 0, 0, 0, 0, 0, 0, 0, 0], [0, 0, 2, 0, 0, 1, 0, 1, 1, 0, 0, -1, 1, -2, 1], [-1, 1, -2, 0, 1, 0, 2, 0, 0, 0, 1, 1, -1, 2, -1], [1, -1, 1, 1, 0, 0, -1, 0, -1, 0, -1, 1, 0, 0, 0], [0, 0, 0, 0, 0, 0, 0, 0, 0, 0, 1, 0, 0, 0, 0], [1, 0, -1, 0, 0, -1, 0, 0, 0, 0, 0, 0, 0, 0, 0], [0, 0, 1, 0, 0, 0, -1, 0, 1, 0, 0, -2, 2, -2, 1], [-1, 1, 0, 0, 1, 1, 2, 0, 0, 0, 1, 0, 0, 1, 0], [1, 0, -1, 0, 0, 0, 2, 0, -1, 0, 0, 2, -1, 2, 0]]
[[0, 0, -1, 0, 1, -1, 0, 1, 0, 0, -1, 1, -1, 1, -1], [1, -2, 0, 0, 1, 0, -1, 2, 1, -2, -1, -1, 0, -1, 1], [0, -3, -2, -1, -1, 0, -2, 2, 3, -2, -1, -1, -1, -2, 1], [1, -1, 1, 0, -1, 0, -1, -1, -1, -1, 0, -1, 1, -1, 1], [-2, 0, -2, -1, 0, 0, 0, 2, 2, 1, 0, 1, -2, 1, -1], [1, 4, 2, 2, 2, -1, 2, -1, -3, 3, 0, 2, 1, 3, -3], [-1, 1, 0, 0, -1, 0, 0, -2, -1, 1, 1, 0, 0, 0, 0], [2, 0, 1, 0, -1, 0, 1, -2, -2, 0, 0, 1, 0, 0, 1], [-1, -3, -2, -1, 0, 0, -2, 3, 3, -3, -1, -2, -1, -2, 1], [-1, 3, 0, 0, -1, 0, 1, -2, -1, 3, 1, 1, 0, 1, -1], [1, -3, -2, -1, 0, -1, -1, 1, 1, -2, -1, 0, -1, 0, 1], [1, -2, 0, 0, 0, 1, 0, 1, 1, -2, 0, -1, 0, -1, 2], [1, 1, 2, 1, 0, 1, 2, -2, -2, 0, 1, 0, 1, 0, 1], [0, 0, 1, 0, 0, 0, -1, 1, 1, -1, -1, -2, 1, -2, 0], [0, 0, 1, 0, -1, 1, -1, 0, 1, 0, 0, -2, 1, -2, 1]]
[[1, 0, 0, 0, 0, 0, 0, 0, 0, 0, 0, 0, 0, 0, 0], [0, 1, 0, 0, 0, 0, 0, 0, 0, 0, 0, 0, 0, 0, 0], [0, 0, 1, 0, 0, 0, 0, 0, 0, 0, 0, 0, 0, 0, 0], [0, 0, 0, 1, 0, 0, 0, 0, 0, 0, 0, 0, 0, 0, 0], [0, 0, 0, 0, 1, 0, 0, 0, 0, 0, 0, 0, 0, 0, 0], [0, 0, 0, 0, 0, 1, 0, 0, 0, 0, 0, 0, 0, 0, 0], [0, 0, 0, 0, 0, 0, 1, 0, 0, 0, 0, 0, 0, 0, 0], [0, 0, 0, 0, 0, 0, 0, 1, 0, 0, 0, 0, 0, 0, 0], [0, 0, 0, 0, 0, 0, 0, 0, 1, 0, 0, 0, 0, 0, 0], [0, 0, 0, 0, 0, 0, 0, 0, 0, 1, 0, 0, 0, 0, 0], [0, 0, 0, 0, 0, 0, 0, 0, 0, 0, 1, 0, 0, 0, 0], [0, 0, 0, 0, 0, 0, 0, 0, 0, 0, 0, 1, 0, 0, 0], [0, 0, 0, 0, 0, 0, 0, 0, 0, 0, 0, 0, 1, 0, 0], [0, 0, 0, 0, 0, 0, 0, 0, 0, 0, 0, 0, 0, 1, 0], [0, 0, 0, 0, 0, 0, 0, 0, 0, 0, 0, 0, 0, 0, 1]]
[[1, 0, 0, 0, 0, 0, 0, 0, 0, 0, 0, 0, 0, 0, 0], [0, 1, 0, 0, 0, 0, 0, 0, 0, 0, 0, 0, 0, 0, 0], [0, 0, 1, 0, 0, 0, 0, 0, 0, 0, 0, 0, 0, 0, 0], [0, 0, 0, 1, 0, 0, 0, 0, 0, 0, 0, 0, 0, 0, 0], [0, 0, 0, 0, 1, 0, 0, 0, 0, 0, 0, 0, 0, 0, 0], [0, 0, 0, 0, 0, 1, 0, 0, 0, 0, 0, 0, 0, 0, 0], [0, 0, 0, 0, 0, 0, 1, 0, 0, 0, 0, 0, 0, 0, 0], [0, 0, 0, 0, 0, 0, 0, 1, 0, 0, 0, 0, 0, 0, 0], [0, 0, 0, 0, 0, 0, 0, 0, 1, 0, 0, 0, 0, 0, 0], [0, 0, 0, 0, 0, 0, 0, 0, 0, 1, 0, 0, 0, 0, 0], [0, 0, 0, 0, 0, 0, 0, 0, 0, 0, 1, 0, 0, 0, 0], [0, 0, 0, 0, 0, 0, 0, 0, 0, 0, 0, 1, 0, 0, 0], [0, 0, 0, 0, 0, 0, 0, 0, 0, 0, 0, 0, 1, 0, 0], [0, 0, 0, 0, 0, 0, 0, 0, 0, 0, 0, 0, 0, 1, 0], [0, 0, 0, 0, 0, 0, 0, 0, 0, 0, 0, 0, 0, 0, 1]]
[[1, 0, 0, 0, 0, 0, 0, 0, 0, 0, 0, 0, 0, 0, 0], [0, 1, 0, 0, 0, 0, 0, 0, 0, 0, 0, 0, 0, 0, 0], [0, 0, 1, 0, 0, 0, 0, 0, 0, 0, 0, 0, 0, 0, 0], [0, 0, 0, 1, 0, 0, 0, 0, 0, 0, 0, 0, 0, 0, 0], [0, 0, 0, 0, 1, 0, 0, 0, 0, 0, 0, 0, 0, 0, 0], [0, 0, 0, 0, 0, 1, 0, 0, 0, 0, 0, 0, 0, 0, 0], [0, 0, 0, 0, 0, 0, 1, 0, 0, 0, 0, 0, 0, 0, 0], [0, 0, 0, 0, 0, 0, 0, 1, 0, 0, 0, 0, 0, 0, 0], [0, 0, 0, 0, 0, 0, 0, 0, 1, 0, 0, 0, 0, 0, 0], [0, 0, 0, 0, 0, 0, 0, 0, 0, 1, 0, 0, 0, 0, 0], [0, 0, 0, 0, 0, 0, 0, 0, 0, 0, 1, 0, 0, 0, 0], [0, 0, 0, 0, 0, 0, 0, 0, 0, 0, 0, 1, 0, 0, 0], [0, 0, 0, 0, 0, 0, 0, 0, 0, 0, 0, 0, 1, 0, 0], [0, 0, 0, 0, 0, 0, 0, 0, 0, 0, 0, 0, 0, 1, 0], [0, 0, 0, 0, 0, 0, 0, 0, 0, 0, 0, 0, 0, 0, 1]]
[[3, 1, 2, 3, 1, 0, -1, -1, -1, 2, 0, 0, 2, -1, 0], [4, 3, 3, 4, 1, -1, 0, -2, -3, 2, -1, 0, 2, -1, -1], [2, 2, 2, 2, 1, -1, 1, -2, -4, 1, 0, 1, 1, 2, -1], [-2, -1, -2, -2, -1, 0, 1, 1, 1, -2, 0, 0, -2, 1, 0], [2, 2, 2, 2, 1, 0, 0, -2, -2, 2, 0, 0, 2, 0, 0], [2, -3, -1, 1, 0, 0, -3, 1, 2, 0, -1, 0, 0, -2, 1], [-4, -2, -3, -4, -1, 1, 1, 2, 3, -2, 1, 0, -2, 1, 1], [-2, -1, -1, -3, -2, 1, 0, 2, 3, -1, 0, -1, -1, -1, 1], [3, 4, 3, 4, 2, -1, 2, -3, -5, 2, 0, 1, 2, 2, -2], [-4, -2, -3, -4, -1, 1, 0, 2, 3, -1, 1, 0, -2, 1, 1], [3, 0, 1, 2, 0, -1, -1, -1, -1, 1, 0, 0, 1, -1, 0], [2, 1, 1, 1, 0, -1, 1, -1, -2, 0, -1, 1, 0, 0, -1], [-3, -1, -1, -3, -1, 1, 1, 2, 3, -2, 0, -1, -1, -1, 0], [1, 2, 2, 2, 1, 0, 1, -1, -2, 1, 0, 0, 1, 1, -1], [-1, 1, 0, -1, 0, 0, 2, 0, -1, -1, 0, 0, -1, 1, 0]]
[[0, 0, 0, -1, 0, 0, 1, 0, 0, -1, 0, -1, 0, 0, 0], [-2, 1, 0, -2, 0, 0, 2, 0, 0, -2, 0, -2, 0, 0, 0], [-1, 0, 1, -1, 0, 0, 1, 0, 0, -1, 0, -1, 0, 0, 0], [0, 0, 0, 1, 0, 0, 0, 0, 0, 0, 0, 0, 0, 0, 0], [0, -3, -3, -2, -1, 0, 0, 1, 1, -1, 0, 2, -3, 1, 1], [0, -1, -2, 0, 0, -1, -1, -1, -1, 0, 0, 1, -1, 1, -1], [2, 0, 0, 2, 0, 0, -1, 0, 0, 2, 0, 2, 0, 0, 0], [0, 0, 0, 1, 0, 0, -2, 1, 2, 1, 0, -1, 1, -2, 0], [-1, 0, 0, -2, 0, 0, 3, 0, -1, -2, 0, 0, -1, 2, 0], [2, 0, 0, 2, 0, 0, -2, 0, 0, 3, 0, 2, 0, 0, 0], [1, 1, 2, 0, 0, 0, 1, 0, 0, -1, -1, -2, 1, -2, 0], [-1, 0, 0, -1, 0, 0, 1, 0, 0, -1, 0, 0, 0, 0, 0], [1, 0, 0, 1, 0, 0, -1, 0, 0, 1, 0, 1, 1, 0, 0], [-1, 0, 0, -1, 0, 0, 1, 0, 0, -1, 0, -1, 0, 1, 0], [0, 0, 0, 0, 0, 0, 0, 0, 0, 0, 0, 0, 0, 0, 1]]
[[1, 0, 0, 0, 0, 0, 0, 0, 0, 0, 0, 0, 0, 0, 0], [0, 1, 0, 0, 0, 0, 0, 0, 0, 0, 0, 0, 0, 0, 0], [0, 0, 1, 0, 0, 0, 0, 0, 0, 0, 0, 0, 0, 0, 0], [0, 0, 0, 1, 0, 0, 0, 0, 0, 0, 0, 0, 0, 0, 0], [0, 0, 0, 0, 1, 0, 0, 0, 0, 0, 0, 0, 0, 0, 0], [0, 0, 0, 0, 0, 1, 0, 0, 0, 0, 0, 0, 0, 0, 0], [0, 0, 0, 0, 0, 0, 1, 0, 0, 0, 0, 0, 0, 0, 0], [0, 0, 0, 0, 0, 0, 0, 1, 0, 0, 0, 0, 0, 0, 0], [0, 0, 0, 0, 0, 0, 0, 0, 1, 0, 0, 0, 0, 0, 0], [0, 0, 0, 0, 0, 0, 0, 0, 0, 1, 0, 0, 0, 0, 0], [0, 0, 0, 0, 0, 0, 0, 0, 0, 0, 1, 0, 0, 0, 0], [0, 0, 0, 0, 0, 0, 0, 0, 0, 0, 0, 1, 0, 0, 0], [0, 0, 0, 0, 0, 0, 0, 0, 0, 0, 0, 0, 1, 0, 0], [0, 0, 0, 0, 0, 0, 0, 0, 0, 0, 0, 0, 0, 1, 0], [0, 0, 0, 0, 0, 0, 0, 0, 0, 0, 0, 0, 0, 0, 1]]
[[1, 0, 0, 0, 0, 0, 0, 0, 0, 0, 0, 0, 0, 0, 0], [0, 1, 0, 0, 0, 0, 0, 0, 0, 0, 0, 0, 0, 0, 0], [0, 0, 1, 0, 0, 0, 0, 0, 0, 0, 0, 0, 0, 0, 0], [0, 0, 0, 1, 0, 0, 0, 0, 0, 0, 0, 0, 0, 0, 0], [0, 0, 0, 0, 1, 0, 0, 0, 0, 0, 0, 0, 0, 0, 0], [0, 0, 0, 0, 0, 1, 0, 0, 0, 0, 0, 0, 0, 0, 0], [0, 0, 0, 0, 0, 0, 1, 0, 0, 0, 0, 0, 0, 0, 0], [0, 0, 0, 0, 0, 0, 0, 1, 0, 0, 0, 0, 0, 0, 0], [0, 0, 0, 0, 0, 0, 0, 0, 1, 0, 0, 0, 0, 0, 0], [0, 0, 0, 0, 0, 0, 0, 0, 0, 1, 0, 0, 0, 0, 0], [0, 0, 0, 0, 0, 0, 0, 0, 0, 0, 1, 0, 0, 0, 0], [0, 0, 0, 0, 0, 0, 0, 0, 0, 0, 0, 1, 0, 0, 0], [0, 0, 0, 0, 0, 0, 0, 0, 0, 0, 0, 0, 1, 0, 0], [0, 0, 0, 0, 0, 0, 0, 0, 0, 0, 0, 0, 0, 1, 0], [0, 0, 0, 0, 0, 0, 0, 0, 0, 0, 0, 0, 0, 0, 1]]
[[1, 0, 0, 0, 0, 0, 0, 0, 0, 0, 0, 0, 0, 0, 0], [0, 1, 0, 0, 0, 0, 0, 0, 0, 0, 0, 0, 0, 0, 0], [0, 0, 1, 0, 0, 0, 0, 0, 0, 0, 0, 0, 0, 0, 0], [0, 0, 0, 1, 0, 0, 0, 0, 0, 0, 0, 0, 0, 0, 0], [0, 0, 0, 0, 1, 0, 0, 0, 0, 0, 0, 0, 0, 0, 0], [0, 0, 0, 0, 0, 1, 0, 0, 0, 0, 0, 0, 0, 0, 0], [0, 0, 0, 0, 0, 0, 1, 0, 0, 0, 0, 0, 0, 0, 0], [0, 0, 0, 0, 0, 0, 0, 1, 0, 0, 0, 0, 0, 0, 0], [0, 0, 0, 0, 0, 0, 0, 0, 1, 0, 0, 0, 0, 0, 0], [0, 0, 0, 0, 0, 0, 0, 0, 0, 1, 0, 0, 0, 0, 0], [0, 0, 0, 0, 0, 0, 0, 0, 0, 0, 1, 0, 0, 0, 0], [0, 0, 0, 0, 0, 0, 0, 0, 0, 0, 0, 1, 0, 0, 0], [0, 0, 0, 0, 0, 0, 0, 0, 0, 0, 0, 0, 1, 0, 0], [0, 0, 0, 0, 0, 0, 0, 0, 0, 0, 0, 0, 0, 1, 0], [0, 0, 0, 0, 0, 0, 0, 0, 0, 0, 0, 0, 0, 0, 1]]
[[1, 0, 0, 0, 0, -1, 0, -1, -2, 0, -1, 2, -1, 1, -1], [-1, -2, -2, -2, -1, 0, -1, 1, 1, 0, 0, 2, -2, 1, 0], [-2, -2, -2, -2, -1, 1, -1, 2, 4, -1, 0, -1, -1, -2, 1], [-2, 0, 0, -1, 0, 1, 0, 1, 2, 0, 1, -2, 1, -1, 1], [2, -1, 1, 1, 1, 0, 0, 0, -1, -1, -1, 1, 0, 0, 0], [1, 5, 5, 2, 2, 0, 2, -3, -5, 1, 0, -1, 3, 1, -1], [1, 0, 0, 1, 0, 0, 1, 0, 0, 0, 0, 0, 0, 0, 0], [0, 1, -1, 1, 0, -1, 0, 0, -1, 1, 0, 1, -1, 1, -1], [-2, -3, -2, -3, -1, 1, -1, 2, 4, -1, 0, 0, -1, -1, 1], [3, 2, 3, 3, 1, 0, 1, -1, -2, 0, -1, -1, 2, -1, 0], [-1, -2, -3, -1, -1, -1, -1, 0, 0, 0, 0, 3, -3, 1, -1], [-1, -2, -3, -1, -1, 0, -1, 1, 2, 1, 1, 2, -2, 1, 0], [0, 1, -1, 1, 0, -1, 0, -1, -1, 2, 1, 1, 0, 2, -1], [-2, 0, 0, -2, 0, 1, 0, 1, 2, -1, 0, -2, 1, -1, 1], [0, -3, -2, -1, -1, 1, -1, 2, 3, -1, 0, 0, -1, -1, 2]]
[[1, 0, 0, 0, 0, 0, 0, 0, 0, 0, 0, 0, 0, 0, 0], [0, 1, 0, 0, 0, 0, 0, 0, 0, 0, 0, 0, 0, 0, 0], [0, 0, 1, 0, 0, 0, 0, 0, 0, 0, 0, 0, 0, 0, 0], [0, 0, 0, 1, 0, 0, 0, 0, 0, 0, 0, 0, 0, 0, 0], [0, 0, 0, 0, 1, 0, 0, 0, 0, 0, 0, 0, 0, 0, 0], [0, 0, 0, 0, 0, 1, 0, 0, 0, 0, 0, 0, 0, 0, 0], [0, 0, 0, 0, 0, 0, 1, 0, 0, 0, 0, 0, 0, 0, 0], [0, 0, 0, 0, 0, 0, 0, 1, 0, 0, 0, 0, 0, 0, 0], [0, 0, 0, 0, 0, 0, 0, 0, 1, 0, 0, 0, 0, 0, 0], [0, 0, 0, 0, 0, 0, 0, 0, 0, 1, 0, 0, 0, 0, 0], [0, 0, 0, 0, 0, 0, 0, 0, 0, 0, 1, 0, 0, 0, 0], [0, 0, 0, 0, 0, 0, 0, 0, 0, 0, 0, 1, 0, 0, 0], [0, 0, 0, 0, 0, 0, 0, 0, 0, 0, 0, 0, 1, 0, 0], [0, 0, 0, 0, 0, 0, 0, 0, 0, 0, 0, 0, 0, 1, 0], [0, 0, 0, 0, 0, 0, 0, 0, 0, 0, 0, 0, 0, 0, 1]]
[[1, 1, 0, 0, 0, 0, 1, 0, 0, 0, 0, 0, 0, 0, 0], [0, 0, 0, 0, 0, 0, -1, 0, 0, 0, 0, 0, 0, 0, 0], [0, 0, 2, 0, 0, 0, -1, 0, 0, 0, 0, -1, 1, -1, 0], [0, -1, 1, 1, 0, 0, -2, 0, 0, 0, 0, -1, 1, -1, 0], [0, 2, 1, 0, 1, 0, 1, 0, 0, 0, 0, -1, 1, -1, 0], [0, 3, 0, 0, 0, 1, 3, 0, 0, 0, 0, 0, 0, 0, 0], [0, -1, 0, 0, 0, 0, 0, 0, 0, 0, 0, 0, 0, 0, 0], [0, -2, -2, 0, 0, 0, 0, 1, 0, 0, 0, 2, -2, 2, 0], [0, 0, 2, 0, 0, 0, -2, 0, 1, 0, 0, -2, 2, -2, 0], [0, 1, 0, 0, 0, 0, 1, 0, 0, 1, 0, 0, 0, 0, 0], [0, -1, -1, 0, 0, 0, 0, 0, 0, 0, 1, 1, -1, 1, 0], [0, -2, -1, 0, 0, 0, -1, 0, 0, 0, 0, 2, -1, 1, 0], [0, -2, -2, 0, 0, 0, 0, 0, 0, 0, 0, 2, -1, 2, 0], [0, 1, 2, 0, 0, 0, -1, 0, 0, 0, 0, -2, 2, -1, 0], [0, -1, 1, 0, 0, 0, -2, 0, 0, 0, 0, -1, 1, -1, 1]]
[[0, 2, 1, 0, 0, 0, 0, 0, 0, 1, 0, -1, 1, 0, -1], [0, 1, 0, 0, 0, 0, 0, 0, 0, 0, 0, 0, 0, 0, 0], [0, 0, 1, 0, 0, 0, 0, 0, 0, 0, 0, 0, 0, 0, 0], [1, -2, -1, 1, 0, 0, 0, 0, 0, -1, 0, 1, -1, 0, 1], [-2, 4, 2, 0, 1, 0, 0, 0, 0, 2, 0, -2, 2, 0, -2], [-1, 3, 1, 0, 0, 1, 1, 0, 0, 2, 0, 0, 1, 1, -2], [0, -1, 0, 0, 0, 0, 0, 0, 0, -1, 0, -1, 0, -1, 1], [2, -4, -2, 0, 0, 0, 0, 1, 0, -2, 0, 2, -2, 0, 2], [-1, 1, 1, 0, 0, 0, -1, 0, 1, 0, 0, -2, 1, -1, 0], [0, 0, 0, 0, 0, 0, 0, 0, 0, 1, 0, 0, 0, 0, 0], [0, 0, 0, 0, 0, 0, 0, 0, 0, 0, 1, 0, 0, 0, 0], [0, -1, 0, 0, 0, 0, -1, 0, 0, -1, 0, 0, 0, -1, 1], [1, -3, -1, 0, 0, 0, -1, 0, 0, -2, 0, 0, 0, -1, 2], [0, 0, 0, 0, 0, 0, 0, 0, 0, 0, 0, 0, 0, 1, 0], [0, 0, 0, 0, 0, 0, 0, 0, 0, 0, 0, 0, 0, 0, 1]]
[[0, -3, -2, -1, 0, 0, -2, 2, 2, -2, 0, -1, -1, -1, 2], [0, -1, -1, 0, 0, 0, -1, 1, 1, -1, 0, 0, -1, -1, 1], [0, 0, 1, 0, 0, 0, 0, 0, 0, 0, 0, 0, 0, 0, 0], [1, 3, 2, 2, 0, 0, 2, -2, -2, 2, 0, 1, 1, 1, -2], [-1, -1, -1, -1, 1, 0, -1, 1, 1, -1, 0, -1, 0, 0, 1], [-1, -3, -2, -1, 0, 1, -2, 2, 2, -2, 0, -1, -1, -1, 2], [0, 2, 1, 0, 0, 0, 2, -1, -1, 1, 0, 0, 1, 1, -1], [1, 3, 2, 1, 0, 0, 2, -1, -2, 2, 0, 1, 1, 1, -2], [0, -2, -1, 0, 0, 0, -1, 1, 2, -1, 0, 0, -1, -1, 1], [0, 2, 1, 0, 0, 0, 1, -1, -1, 2, 0, 0, 1, 1, -1], [-1, -1, -1, -1, 0, 0, -1, 1, 1, -1, 1, -1, 0, 0, 1], [0, 0, 0, 0, 0, 0, 0, 0, 0, 0, 0, 1, 0, 0, 0], [1, 1, 1, 1, 0, 0, 1, -1, -1, 1, 0, 1, 1, 0, -1], [1, -1, 0, 1, 0, 0, 0, 0, 0, 0, 0, 1, -1, 0, 0], [1, 3, 2, 1, 0, 0, 2, -2, -2, 2, 0, 1, 1, 1, -1]]
[[1, 0, 0, 0, 0, 0, 0, 0, 0, 0, 0, 0, 0, 0, 0], [0, 1, 0, 0, 0, 0, 0, 0, 0, 0, 0, 0, 0, 0, 0], [0, 0, 1, 0, 0, 0, 0, 0, 0, 0, 0, 0, 0, 0, 0], [0, 0, 0, 1, 0, 0, 0, 0, 0, 0, 0, 0, 0, 0, 0], [0, 0, 0, 0, 1, 0, 0, 0, 0, 0, 0, 0, 0, 0, 0], [0, 0, 0, 0, 0, 1, 0, 0, 0, 0, 0, 0, 0, 0, 0], [0, 0, 0, 0, 0, 0, 1, 0, 0, 0, 0, 0, 0, 0, 0], [0, 0, 0, 0, 0, 0, 0, 1, 0, 0, 0, 0, 0, 0, 0], [0, 0, 0, 0, 0, 0, 0, 0, 1, 0, 0, 0, 0, 0, 0], [0, 0, 0, 0, 0, 0, 0, 0, 0, 1, 0, 0, 0, 0, 0], [0, 0, 0, 0, 0, 0, 0, 0, 0, 0, 1, 0, 0, 0, 0], [0, 0, 0, 0, 0, 0, 0, 0, 0, 0, 0, 1, 0, 0, 0], [0, 0, 0, 0, 0, 0, 0, 0, 0, 0, 0, 0, 1, 0, 0], [0, 0, 0, 0, 0, 0, 0, 0, 0, 0, 0, 0, 0, 1, 0], [0, 0, 0, 0, 0, 0, 0, 0, 0, 0, 0, 0, 0, 0, 1]]
[[1, 0, 0, 0, 0, 0, 0, 0, 0, 0, 0, 0, 0, 0, 0], [0, 1, 0, 0, 0, 0, 0, 0, 0, 0, 0, 0, 0, 0, 0], [0, 0, 1, 0, 0, 0, 0, 0, 0, 0, 0, 0, 0, 0, 0], [0, 0, 0, 1, 0, 0, 0, 0, 0, 0, 0, 0, 0, 0, 0], [0, 0, 0, 0, 1, 0, 0, 0, 0, 0, 0, 0, 0, 0, 0], [0, 0, 0, 0, 0, 1, 0, 0, 0, 0, 0, 0, 0, 0, 0], [0, 0, 0, 0, 0, 0, 1, 0, 0, 0, 0, 0, 0, 0, 0], [0, 0, 0, 0, 0, 0, 0, 1, 0, 0, 0, 0, 0, 0, 0], [0, 0, 0, 0, 0, 0, 0, 0, 1, 0, 0, 0, 0, 0, 0], [0, 0, 0, 0, 0, 0, 0, 0, 0, 1, 0, 0, 0, 0, 0], [0, 0, 0, 0, 0, 0, 0, 0, 0, 0, 1, 0, 0, 0, 0], [0, 0, 0, 0, 0, 0, 0, 0, 0, 0, 0, 1, 0, 0, 0], [0, 0, 0, 0, 0, 0, 0, 0, 0, 0, 0, 0, 1, 0, 0], [0, 0, 0, 0, 0, 0, 0, 0, 0, 0, 0, 0, 0, 1, 0], [0, 0, 0, 0, 0, 0, 0, 0, 0, 0, 0, 0, 0, 0, 1]]
[[1, 1, 0, 0, 0, 0, 1, 0, 0, 0, 0, 0, 0, 0, 0], [0, 0, 0, 0, 0, 0, -1, 0, 0, 0, 0, 0, 0, 0, 0], [0, 0, 2, 0, 0, 0, -1, 0, 0, 0, 0, -1, 1, -1, 0], [0, -1, 1, 1, 0, 0, -2, 0, 0, 0, 0, -1, 1, -1, 0], [0, 2, 1, 0, 1, 0, 1, 0, 0, 0, 0, -1, 1, -1, 0], [0, 3, 0, 0, 0, 1, 3, 0, 0, 0, 0, 0, 0, 0, 0], [0, -1, 0, 0, 0, 0, 0, 0, 0, 0, 0, 0, 0, 0, 0], [0, -2, -2, 0, 0, 0, 0, 1, 0, 0, 0, 2, -2, 2, 0], [0, 0, 2, 0, 0, 0, -2, 0, 1, 0, 0, -2, 2, -2, 0], [0, 1, 0, 0, 0, 0, 1, 0, 0, 1, 0, 0, 0, 0, 0], [0, -1, -1, 0, 0, 0, 0, 0, 0, 0, 1, 1, -1, 1, 0], [0, -2, -1, 0, 0, 0, -1, 0, 0, 0, 0, 2, -1, 1, 0], [0, -2, -2, 0, 0, 0, 0, 0, 0, 0, 0, 2, -1, 2, 0], [0, 1, 2, 0, 0, 0, -1, 0, 0, 0, 0, -2, 2, -1, 0], [0, -1, 1, 0, 0, 0, -2, 0, 0, 0, 0, -1, 1, -1, 1]]
[[1, 1, 1, 1, 1, 0, 0, 0, 0, 0, 0, -1, 1, -1, 0], [0, 2, 2, 0, 0, 1, 1, 0, 0, 0, 0, -1, 1, -1, 0], [0, 1, 3, 0, 0, 1, 1, 0, 0, 0, 0, -1, 1, -1, 0], [0, 0, 1, 0, -1, 1, 1, 0, 0, 0, 0, 0, 0, 0, 0], [0, 0, 0, 0, 1, 0, 0, 0, 0, 0, 0, 0, 0, 0, 0], [0, 1, 0, 2, 2, 0, -1, 0, 0, 0, 0, -1, 1, -1, 0], [0, -2, -3, -1, -1, -1, 0, 0, 0, 0, 0, 2, -2, 2, 0], [0, -2, -3, -1, -1, -1, -1, 1, 0, 0, 0, 2, -2, 2, 0], [0, 2, 4, 0, 0, 2, 2, 0, 1, 0, 0, -2, 2, -2, 0], [0, -1, -2, 0, 0, -1, -1, 0, 0, 1, 0, 1, -1, 1, 0], [0, 0, 0, 0, 0, 0, 0, 0, 0, 0, 1, 0, 0, 0, 0], [0, -1, -1, -1, -1, 0, 0, 0, 0, 0, 0, 2, -1, 1, 0], [0, -2, -3, -1, -1, -1, -1, 0, 0, 0, 0, 2, -1, 2, 0], [0, 3, 5, 1, 1, 2, 2, 0, 0, 0, 0, -3, 3, -2, 0], [0, 0, 1, -1, -1, 1, 1, 0, 0, 0, 0, 0, 0, 0, 1]]

Generators of monodromy action on conics:
(49,109)(50,110)(51,111)(52,112)(53,113)(54,114)(55,115)(56,116)(57,117)(58,118)(59,119)(60,120)(73,134)(74,133)(75,136)(76,135)(77,137)(78,138)(79,139)(80,140)(81,142)(82,141)(83,143)(84,144)(97,122)(98,121)(99,124)(100,123)(101,125)(102,126)(103,127)(104,128)(105,129)(106,130)(107,132)(108,131)
(1,7)(2,8)(3,10)(4,9)(5,12)(6,11)(13,19)(14,20)(15,22)(16,21)(17,23)(18,24)(25,32)(26,31)(27,34)(28,33)(29,35)(30,36)(37,45)(38,46)(39,151)(40,152)(41,195)(42,196)(43,171)(44,172)(47,170)(48,169)(49,117)(50,118)(51,52)(53,115)(54,116)(55,113)(56,114)(57,109)(58,110)(59,60)(61,71)(62,72)(63,199)(64,200)(65,186)(66,185)(67,168)(68,167)(69,197)(70,198)(73,74)(75,138)(76,137)(77,135)(78,136)(79,141)(80,142)(81,140)(82,139)(83,84)(85,95)(86,96)(87,192)(88,191)(89,160)(90,159)(91,176)(92,175)(93,188)(94,187)(97,98)(99,127)(100,128)(101,130)(102,129)(103,124)(104,123)(105,126)(106,125)(107,108)(111,112)(119,120)(121,122)(131,132)(133,134)(143,144)(145,146)(147,148)(149,190)(150,189)(153,154)(155,181)(156,182)(157,158)(161,180)(162,179)(163,164)(165,166)(173,174)(177,178)(183,184)(193,194)
(1,8)(2,7)(3,9)(4,10)(5,11)(6,12)(13,31)(14,32)(15,33)(16,34)(17,35)(18,36)(19,26)(20,25)(21,27)(22,28)(23,29)(24,30)(37,46)(38,45)(39,152)(40,151)(41,196)(42,195)(43,172)(44,171)(47,169)(48,170)(49,118)(50,117)(53,116)(54,115)(55,114)(56,113)(57,110)(58,109)(61,72)(62,71)(63,200)(64,199)(65,185)(66,186)(67,167)(68,168)(69,198)(70,197)(75,137)(76,138)(77,136)(78,135)(79,142)(80,141)(81,139)(82,140)(85,96)(86,95)(87,191)(88,192)(89,159)(90,160)(91,175)(92,176)(93,187)(94,188)(99,128)(100,127)(101,129)(102,130)(103,123)(104,124)(105,125)(106,126)(149,189)(150,190)(155,182)(156,181)(161,179)(162,180)
(1,27,5,35,9,31)(2,28,6,36,10,32)(3,30,11,33,8,25)(4,29,12,34,7,26)(13,21,17)(14,22,18)(15,20,24)(16,19,23)(37,40,55,60,114,115,46,43,50,52,117,110)(38,39,56,59,113,116,45,44,49,51,118,109)(41,147,53,171,111,169,47,193,58,152,119,196)(42,148,54,172,112,170,48,194,57,151,120,195)(61,67,79,83,142,139,72,63,75,74,137,136)(62,68,80,84,141,140,71,64,76,73,138,135)(65,163,81,200,133,198,69,177,77,167,143,185)(66,164,82,199,134,197,70,178,78,168,144,186)(85,89,101,108,129,125,96,87,100,97,127,123)(86,90,102,107,130,126,95,88,99,98,128,124)(91,153,105,191,122,187,93,184,103,159,131,175)(92,154,106,192,121,188,94,183,104,160,132,176)(145,190,150)(146,189,149)(155,157,182)(156,158,181)(161,165,179)(162,166,180)
