
#########################################################
# DATA FOR CRYSTALLOGRAPHIC QUARTIC SURFACE FAMILY 13.1 #
#########################################################


##################
# GROUP & FAMILY #
##################

Generators of crystallographic group:
[[-1, 0, 0, 0], [0, 1, 0, 0], [0, 0, 1, 0], [0, 0, 0, 1]]
[[-1, 0, 0, 0], [0, 1, 0, 0], [0, 0, 0, -1], [0, 0, 1, 0]]

Invariant polynomials:
z^4 + w^4
-z^3*w + z*w^3
z^2*w^2
y^2*z^2 + y^2*w^2
x^2*z^2 + x^2*w^2
y^4
x^2*y^2
x^4

Equivalent crystallographic groups:
13.2
13.5

############
# HOMOLOGY #
############


Intersection product:
[[-4, -3, -4, -4, -4, -3, -4, -3, -2, 2, -5, 2, -5, -1, 2, 0, 2, 1, 1, 1, -1, 1], [-3, -4, -4, -4, -4, -3, -4, -3, -2, 2, -5, 2, -5, -1, 2, 0, 2, 1, 1, 1, -1, 1], [-4, -4, -6, -5, -5, -3, -6, -3, -4, 4, -7, 2, -7, -1, 1, -1, 2, -1, 0, 0, -2, 1], [-4, -4, -5, -6, -5, -3, -6, -3, -3, 4, -7, 2, -7, -1, 1, -1, 2, -1, 0, 0, -2, 1], [-4, -4, -5, -5, -6, -3, -6, -3, -3, 4, -7, 2, -7, -1, 1, -1, 2, -1, 0, 0, -2, 1], [-3, -3, -3, -3, -3, -4, -2, -3, -1, 0, -3, 2, -3, -1, 3, 1, 2, 3, 2, 2, 0, 1], [-4, -4, -6, -6, -6, -2, -8, -3, -4, 5, -8, 2, -8, -1, 0, -2, 2, -2, -1, -1, -3, 1], [-3, -3, -3, -3, -3, -3, -3, -4, -1, 0, -3, 2, -3, -1, 3, 1, 2, 3, 2, 2, 0, 1], [-2, -2, -4, -3, -3, -1, -4, -1, -4, 4, -5, 1, -5, 0, -1, -1, 1, -2, -1, -1, -2, 0], [2, 2, 4, 4, 4, 0, 5, 0, 4, -6, 6, -1, 6, 0, 2, 2, -1, 4, 2, 2, 3, 0], [-5, -5, -7, -7, -7, -3, -8, -3, -5, 6, -10, 3, -9, -1, 1, -1, 3, -1, 0, 0, -3, 1], [2, 2, 2, 2, 2, 2, 2, 2, 1, -1, 3, -2, 2, 1, -1, 0, -1, -1, -1, -1, 0, -1], [-5, -5, -7, -7, -7, -3, -8, -3, -5, 6, -9, 2, -10, -1, 1, -1, 3, -1, 0, 0, -3, 1], [-1, -1, -1, -1, -1, -1, -1, -1, 0, 0, -1, 1, -1, -2, 0, 0, 0, 0, 0, 0, 0, 0], [2, 2, 1, 1, 1, 3, 0, 3, -1, 2, 1, -1, 1, 0, -4, -1, -1, -3, -2, -2, -1, -1], [0, 0, -1, -1, -1, 1, -2, 1, -1, 2, -1, 0, -1, 0, -1, -2, 0, -1, -1, -1, -1, 0], [2, 2, 2, 2, 2, 2, 2, 2, 1, -1, 3, -1, 3, 0, -1, 0, -2, -1, -1, -1, 0, -1], [1, 1, -1, -1, -1, 3, -2, 3, -2, 4, -1, -1, -1, 0, -3, -1, -1, -4, -2, -2, -2, -1], [1, 1, 0, 0, 0, 2, -1, 2, -1, 2, 0, -1, 0, 0, -2, -1, -1, -2, -2, -1, -1, -1], [1, 1, 0, 0, 0, 2, -1, 2, -1, 2, 0, -1, 0, 0, -2, -1, -1, -2, -1, -2, -1, -1], [-1, -1, -2, -2, -2, 0, -3, 0, -2, 3, -3, 0, -3, 0, -1, -1, 0, -2, -1, -1, -2, 0], [1, 1, 1, 1, 1, 1, 1, 1, 0, 0, 1, -1, 1, 0, -1, 0, -1, -1, -1, -1, 0, -2]]

Basis of the generic Picard lattice:
[1, 0, 0, 0, 0, 0, 0, 0, 0, 0, 0, 0, 0, 0, 1, 0, 0, -1, 0, 1, -1, 1]
[0, 1, 0, 0, 0, 0, 0, 0, 0, 0, 0, 0, 0, 0, 1, 0, 0, -1, 0, 1, -2, 2]
[0, 0, 1, 0, 0, 0, 0, 0, 0, 0, 0, 0, 1, 0, 2, 0, 0, -3, 1, 2, -3, 3]
[0, 0, 0, 1, 0, 0, 0, 0, 0, 0, 0, 0, 1, 0, 2, 0, 0, -3, 1, 2, -2, 3]
[0, 0, 0, 0, 1, 0, 0, 0, 0, 0, 0, 0, 1, 0, 2, 0, 0, -3, 1, 2, -1, 2]
[0, 0, 0, 0, 0, 1, 0, 0, 0, 0, 0, 0, 0, 0, 1, 0, 0, -1, 0, 1, -2, 1]
[0, 0, 0, 0, 0, 0, 1, 0, 0, 0, 0, 0, 1, 0, 2, 0, 0, -3, 1, 1, 0, 3]
[0, 0, 0, 0, 0, 0, 0, 1, 0, 0, 0, 0, 0, 0, 2, 0, 0, -2, -1, 3, -2, 2]
[0, 0, 0, 0, 0, 0, 0, 0, 1, 0, 0, 0, 0, 0, 0, 0, 0, -1, 1, 1, -1, 0]
[0, 0, 0, 0, 0, 0, 0, 0, 0, 1, 0, 0, 1, 0, 2, 0, 0, -1, -2, 2, -2, 3]
[0, 0, 0, 0, 0, 0, 0, 0, 0, 0, 1, 0, 1, 0, 2, 0, 0, -3, 1, 1, -2, 3]
[0, 0, 0, 0, 0, 0, 0, 0, 0, 0, 0, 1, 0, 0, 0, 0, 0, 0, 0, -1, 3, -1]
[0, 0, 0, 0, 0, 0, 0, 0, 0, 0, 0, 0, 2, 0, 3, 0, 0, -4, 0, 3, -2, 4]
[0, 0, 0, 0, 0, 0, 0, 0, 0, 0, 0, 0, 0, 1, 0, 0, 0, 0, 0, 0, -1, 1]
[0, 0, 0, 0, 0, 0, 0, 0, 0, 0, 0, 0, 0, 0, 0, 1, 0, 0, 0, -1, 1, 0]
[0, 0, 0, 0, 0, 0, 0, 0, 0, 0, 0, 0, 0, 0, 0, 0, 1, 0, 0, -1, 2, -1]

Class of hyperplane section:
[-1, -1, -4, -1, -1, 2, 3, -1, 3, 0, -1, -1, 0, 2, -4, 0, -3, 3, 0, 0, 0, 0]

Action of the group on homology:
[[0, 0, 1, 0, 1, 0, 1, 0, 1, -1, 1, 0, 1, 0, 1, 0, 1, 2, 1, 1, 2, 0], [0, 0, 1, 0, 1, 0, 1, 0, 1, -1, 1, 0, 1, 0, 1, 1, 1, 2, 2, 1, 2, 1], [0, 0, 1, 1, 1, 0, 1, 0, 0, -1, 1, 0, 1, 0, 0, 0, 1, 1, 1, 0, 1, 0], [0, 0, 0, 0, 0, 0, 0, 0, -1, 0, 0, 0, 0, 1, 0, 0, 0, 0, 0, 0, 0, 0], [1, 1, 2, 2, 2, 0, 3, 0, 1, -3, 3, 0, 3, 1, 1, 1, 0, 2, 1, 1, 1, 0], [0, 0, -1, -1, -1, 0, -1, 1, 0, 2, -1, 0, -1, -1, -1, -1, -1, -2, -1, -1, -1, 0], [0, 0, -1, -2, -1, 1, -2, 1, 1, 2, -1, 0, -1, -2, -1, -1, -1, -2, -1, -1, -1, 0], [0, 0, 0, 1, 0, 0, 0, -1, -1, 0, 0, 0, 0, 1, 0, 0, 0, 0, 0, 0, 0, 0], [0, 0, -1, -1, -1, 0, -1, 0, -1, 1, -1, 0, -1, 1, 0, 0, 0, 0, 0, 0, -1, 0], [0, 0, 0, 0, 0, 0, 0, 0, 0, -1, 0, 0, 0, 0, 0, 0, 0, 0, 0, 0, 0, 0], [0, 0, 0, 1, 0, 0, 0, 0, -1, 0, -1, 0, 0, 1, 0, 0, 0, 0, 0, 0, 0, 0], [1, 1, 1, 2, 1, 1, 1, 1, -1, 0, 1, -1, 1, 2, 0, 0, 0, 1, 1, 0, 1, 0], [-1, -1, -1, -1, -1, -1, -1, -1, 0, 0, -1, 0, -2, -1, 0, 0, 0, -1, -1, 0, -1, 0], [0, 0, -1, 0, -1, 0, -1, 0, -1, 1, -1, 0, -1, 1, 0, 0, 0, 0, 0, 0, -1, 0], [0, 0, 1, 1, 1, 0, 1, 0, 0, -1, 1, 0, 1, 0, 0, 0, 1, 1, 1, 1, 2, 1], [-1, 0, -1, 0, -1, -1, -1, -1, -1, 0, -1, 0, -1, 0, 0, 0, 0, 0, 0, 0, 0, 0], [-1, -1, 0, -1, -1, -1, -1, -1, 0, 0, -1, 0, -1, 0, 1, 0, 1, 1, 1, 1, 1, 1], [0, 0, -1, -1, -1, 0, -1, 0, 0, 1, -1, 0, -1, -1, -1, 0, -1, -2, -1, -1, -1, -1], [1, 1, 2, 1, 2, 1, 2, 1, 1, -1, 2, 0, 2, 1, 0, 0, 0, 1, 0, 0, 0, 0], [1, 0, 1, 1, 2, 0, 2, 0, 1, -2, 2, 0, 2, 1, 1, 0, 0, 1, 0, 0, 0, 0], [0, 0, -1, 0, -1, 0, -1, 0, -1, 1, -1, 0, -1, 0, 0, 0, 0, 0, 0, 0, 0, 0], [-1, 0, -1, -1, -1, 0, -1, 0, 0, 1, -1, 0, -1, -1, 0, 0, 0, -1, 0, 0, 0, 0]]
[[0, 0, -1, -1, -1, 2, -3, 1, -2, 3, -2, -1, -2, 0, -2, -1, -1, -3, -1, -2, -1, 0], [-1, -1, -2, -2, -2, 1, -4, 0, -2, 3, -3, 0, -3, 0, -1, -1, 0, -2, 0, -1, -1, 1], [-1, -1, -1, -1, -1, 0, -2, 0, -2, 2, -2, 0, -2, 0, -1, -1, 0, -2, -1, -1, -1, 0], [0, -1, 0, 0, 0, 0, 0, -1, 0, 0, 0, 0, -1, 0, 0, 0, 0, -1, -1, 0, -1, 0], [-1, 0, 0, 0, 0, 0, 0, -1, 0, 0, 0, 0, -1, 0, 0, 0, 0, -1, -1, 0, -1, 0], [1, 1, 1, 1, 1, 0, 2, 1, 1, -1, 1, 0, 2, 0, 0, 1, 0, 1, 1, 0, 1, -1], [1, 1, 1, 1, 1, 0, 2, 1, 1, -2, 1, 1, 3, 0, 1, 2, 1, 4, 3, 1, 2, 0], [-1, -1, -1, -1, -1, -1, -1, -1, -1, 1, -1, 0, -2, 0, 0, -1, 0, -1, -1, 0, -1, 0], [0, 0, 0, 0, 0, -1, 1, -1, 1, -1, 1, 0, 0, 0, 1, 1, 0, 1, 0, 1, 0, 0], [0, 0, 1, 1, 1, 0, 1, -1, 1, -1, 1, 0, 0, 0, 0, 0, 0, 0, -1, 0, 0, 0], [0, 0, 0, 0, 0, 0, -1, 0, 0, 1, 0, -1, -1, 0, -1, -2, -1, -2, -2, -1, -1, 0], [-1, -1, -1, -2, -2, 0, -3, 0, -1, 3, -2, -1, -3, 0, -1, -2, -1, -3, -2, -1, -2, 0], [1, 1, 2, 2, 2, 0, 3, 0, 2, -3, 3, 0, 3, 0, 1, 1, 0, 2, 1, 1, 2, 0], [0, 0, 0, 0, 0, -1, 1, 0, 1, -1, 1, 0, 1, 0, 1, 0, 0, 1, 0, 1, 0, 0], [0, 0, 0, 0, 0, 2, -2, 1, -2, 3, -1, -1, -2, 0, -3, -2, -1, -4, -2, -2, -1, 0], [0, 0, 0, 0, 0, 0, 0, 0, 0, 1, 0, -1, -1, 1, 0, -1, 0, -1, -1, 0, 0, 0], [0, 0, 0, 1, 0, 1, -1, 0, -1, 1, 0, -1, -1, 0, -1, -1, -1, -2, -1, -1, 0, 0], [0, 0, 0, 0, 0, -1, 1, -1, 1, -1, 0, 1, 1, 0, 1, 1, 1, 2, 1, 1, 1, 0], [0, 0, 0, 0, 0, 0, 0, 0, 0, -1, 0, 0, 0, 0, 0, 1, 0, 0, 0, 0, -1, 0], [-1, -1, -1, -1, 0, -1, 0, -1, 0, -1, -1, 1, -1, -1, 1, 1, 0, 0, 0, 0, -1, 0], [0, 0, 0, 0, -1, 0, 0, 1, 0, 1, 0, 0, 0, 0, 0, -1, 0, 0, 0, 0, 0, 0], [1, 1, 1, 1, 1, 1, 1, 1, 0, 0, 1, 0, 2, 1, 0, 0, 0, 1, 1, 0, 1, 0]]

####################
# ALGEBRAIC CURVES #
####################


There are 248 conics:
[1, 1, -1, -1, 0, 0, 0, 0, 1, -1, 0, 1, -1, 1, -1, -1, -1, 0, 1, 1, 0, -1]
[-2, -2, -3, 0, -1, 2, 3, -1, 2, 1, -1, -2, 1, 1, -3, 1, -2, 3, -1, -1, 0, 1]
[0, -1, -2, 0, 0, 1, 2, -1, 2, 1, -1, -1, 0, 1, -2, 0, -1, 2, 0, 0, 0, 0]
[-1, 0, -2, -1, -1, 1, 1, 0, 1, -1, 0, 0, 0, 1, -2, 0, -2, 1, 0, 0, 0, 0]
[1, 1, -1, -2, -1, 1, 2, -1, 0, -1, -1, -1, 0, 0, -1, 0, -1, 1, 0, -1, 0, 1]
[-2, -2, -3, 1, 0, 1, 1, 0, 3, 1, 0, 0, 0, 2, -3, 0, -2, 2, 0, 1, 0, -1]
[1, 1, -2, -1, -1, 1, 2, -1, 0, -1, -1, -1, 0, 0, -1, -1, -1, 1, 0, 0, 0, 1]
[-2, -2, -2, 0, 0, 1, 1, 0, 3, 1, 0, 0, 0, 2, -3, 1, -2, 2, 0, 0, 0, -1]
[0, 0, -2, -1, -1, 1, 1, -1, 1, -1, -1, -1, 1, 1, -2, 0, -1, 1, 0, 0, 0, 0]
[-1, -1, -2, 0, 0, 1, 2, 0, 2, 1, 0, 0, -1, 1, -2, 0, -2, 2, 0, 0, 0, 0]
[1, 1, -1, 0, -1, 0, 0, 0, 1, -1, 0, 1, -1, 1, -1, 0, -1, 0, 1, 0, 0, 0]
[-2, -2, -3, -1, 0, 2, 3, -1, 2, 1, -1, -2, 1, 1, -3, 0, -2, 3, -1, 0, 0, 0]
[1, 0, -2, -1, -1, 1, 2, -1, 1, -1, -1, -1, 0, 0, -2, -1, -2, 1, 1, 1, -1, 0]
[-2, -1, -2, 0, 0, 1, 1, 0, 2, 1, 0, 0, 0, 2, -2, 1, -1, 2, -1, -1, 1, 0]
[0, -1, -2, -1, -1, 1, 1, 0, 1, -1, 0, 0, 0, 2, -2, 0, -2, 1, 0, 0, 0, 0]
[-1, 0, -2, 0, 0, 1, 2, -1, 2, 1, -1, -1, 0, 0, -2, 0, -1, 2, 0, 0, 0, 0]
[0, 0, -2, -1, -1, 1, 2, -1, 1, -1, -1, -1, 0, 1, -3, -1, -2, 2, 1, 0, -1, 0]
[-1, -1, -2, 0, 0, 1, 1, 0, 2, 1, 0, 0, 0, 1, -1, 1, -1, 1, -1, 0, 1, 0]
[0, 0, -2, -1, -1, 2, 2, -1, 1, -1, -1, 0, 0, 1, -2, -1, -2, 1, 1, 0, 0, 0]
[-1, -1, -2, 0, 0, 0, 1, 0, 2, 1, 0, -1, 0, 1, -2, 1, -1, 2, -1, 0, 0, 0]
[0, 0, -2, -1, -1, 0, 1, 0, 1, -1, 0, -1, 0, 1, -2, 0, -1, 1, 0, 0, 0, 0]
[-1, -1, -2, 0, 0, 2, 2, -1, 2, 1, -1, 0, 0, 1, -2, 0, -2, 2, 0, 0, 0, 0]
[0, 0, -2, -1, -1, 1, 1, 0, 1, -1, 0, 0, 0, 1, -1, 0, -1, 0, 0, 0, 1, 0]
[-1, -1, -2, 0, 0, 1, 2, -1, 2, 1, -1, -1, 0, 1, -3, 0, -2, 3, 0, 0, -1, 0]
[0, 1, -2, -1, -1, 1, 2, -1, 1, -1, -1, -1, 0, 0, -2, -1, -1, 1, 1, 0, 0, 0]
[-1, -2, -2, 0, 0, 1, 1, 0, 2, 1, 0, 0, 0, 2, -2, 1, -2, 2, -1, 0, 0, 0]
[0, -1, -2, 0, 0, 1, 2, -1, 2, 1, -1, -1, 0, 0, -2, 0, -2, 2, 0, 1, -1, 0]
[-1, 0, -2, -1, -1, 1, 1, 0, 1, -1, 0, 0, 0, 2, -2, 0, -1, 1, 0, -1, 1, 0]
[0, 0, -1, 1, 0, 0, 0, 0, 2, 1, 0, 1, -1, 1, -1, 1, -1, 1, 0, 0, 0, 0]
[-1, -1, -3, -2, -1, 2, 3, -1, 1, -1, -1, -2, 1, 1, -3, -1, -2, 2, 0, 0, 0, 0]
[0, 0, -2, -1, -1, 1, 2, 0, 1, -1, 0, 0, -1, 1, -2, -1, -2, 1, 1, 0, 0, 0]
[-1, -1, -2, 0, 0, 1, 1, -1, 2, 1, -1, -1, 1, 1, -2, 1, -1, 2, -1, 0, 0, 0]
[0, 0, -2, 0, 0, 1, 2, -1, 1, 1, -1, -1, 0, 0, -1, 0, -1, 2, -1, 0, 0, 1]
[-1, -1, -2, -1, -1, 1, 1, 0, 2, -1, 0, 0, 0, 2, -3, 0, -2, 1, 1, 0, 0, -1]
[0, 0, -1, -1, 0, 1, 2, -1, 1, 1, -1, -1, 0, 0, -1, 1, -1, 2, -1, -1, 0, 1]
[-1, -1, -3, 0, -1, 1, 1, 0, 2, -1, 0, 0, 0, 2, -3, -1, -2, 1, 1, 1, 0, -1]
[1, 0, -2, -1, -1, 1, 2, -1, 1, -1, -1, -1, 0, 1, -2, -1, -1, 1, 1, 0, 0, 0]
[-2, -1, -2, 0, 0, 1, 1, 0, 2, 1, 0, 0, 0, 1, -2, 1, -2, 2, -1, 0, 0, 0]
[0, 0, -1, 0, 1, 0, 0, 0, 2, 1, 0, 1, -1, 1, -1, 0, -1, 1, 0, 1, 0, -1]
[-1, -1, -3, -1, -2, 2, 3, -1, 1, -1, -1, -2, 1, 1, -3, 0, -2, 2, 0, -1, 0, 1]
[0, 0, -1, -1, 0, 0, 0, 0, 1, 0, 0, 0, 0, 1, -1, 1, -1, 1, -1, 0, 0, 0]
[-1, -1, -3, 0, -1, 2, 3, -1, 2, 0, -1, -1, 0, 1, -3, -1, -2, 2, 1, 0, 0, 0]
[1, 1, -1, 0, 0, 0, 0, 0, 1, 0, 0, 1, -1, 0, 0, 0, -1, 0, 0, 1, 0, 0]
[-2, -2, -3, -1, -1, 2, 3, -1, 2, 0, -1, -2, 1, 2, -4, 0, -2, 3, 0, -1, 0, 0]
[0, 1, -1, -1, 0, 1, 1, -1, 1, 0, -1, 0, 0, 0, -1, 0, -1, 1, 0, 0, 0, 0]
[-1, -2, -3, 0, -1, 1, 2, 0, 2, 0, 0, -1, 0, 2, -3, 0, -2, 2, 0, 0, 0, 0]
[0, 1, -1, 0, 0, 0, 0, 0, 1, 0, 0, 1, -1, 1, -1, 0, -1, 1, 0, 0, 0, 0]
[-1, -2, -3, -1, -1, 2, 3, -1, 2, 0, -1, -2, 1, 1, -3, 0, -2, 2, 0, 0, 0, 0]
[0, 0, -2, -1, 0, 1, 2, -1, 1, 0, -1, -1, 0, 0, -2, -1, -2, 2, 0, 1, -1, 0]
[-1, -1, -2, 0, -1, 1, 1, 0, 2, 0, 0, 0, 0, 2, -2, 1, -1, 1, 0, -1, 1, 0]
[0, 0, -1, 0, 0, 0, 0, 0, 2, 0, 0, 1, -1, 1, -2, 0, -2, 1, 1, 1, -1, -1]
[-1, -1, -3, -1, -1, 2, 3, -1, 1, 0, -1, -2, 1, 1, -2, 0, -1, 2, -1, -1, 1, 1]
[0, 0, -1, -1, 0, 1, 1, 0, 1, 0, 0, 1, -1, 1, -1, 0, -2, 1, 0, 0, 0, 0]
[-1, -1, -3, 0, -1, 1, 2, -1, 2, 0, -1, -2, 1, 1, -3, 0, -1, 2, 0, 0, 0, 0]
[0, 0, -2, -1, -1, 1, 3, -1, 1, 0, -1, -2, 0, 0, -2, 0, -1, 2, 0, -1, 0, 1]
[-1, -1, -2, 0, 0, 1, 0, 0, 2, 0, 0, 1, 0, 2, -2, 0, -2, 1, 0, 1, 0, -1]
[0, 1, -1, -1, 0, 0, 1, 0, 1, 0, 0, 0, -1, 0, -1, 0, -1, 1, 0, 0, 0, 0]
[-1, -2, -3, 0, -1, 2, 2, -1, 2, 0, -1, -1, 1, 2, -3, 0, -2, 2, 0, 0, 0, 0]
[0, -1, -2, -1, -1, 2, 3, -1, 1, 0, -1, -1, 0, 1, -2, 0, -2, 2, 0, -1, 0, 1]
[-1, 0, -2, 0, 0, 0, 0, 0, 2, 0, 0, 0, 0, 1, -2, 0, -1, 1, 0, 1, 0, -1]
[0, -1, -2, 0, -1, 1, 2, -1, 2, 0, -1, -1, 0, 1, -3, 0, -2, 2, 1, 0, -1, 0]
[-1, 0, -2, -1, 0, 1, 1, 0, 1, 0, 0, 0, 0, 1, -1, 0, -1, 1, -1, 0, 1, 0]
[0, -1, -3, -1, -1, 2, 4, -2, 1, 0, -2, -3, 1, 0, -3, -1, -2, 3, 0, 0, -1, 1]
[-1, 0, -1, 0, 0, 0, -1, 1, 2, 0, 1, 2, -1, 2, -1, 1, -1, 0, 0, 0, 1, -1]
[0, 0, -2, 0, -1, 1, 2, -1, 1, 0, -1, -1, 0, 1, -2, 0, -1, 2, 0, -1, 0, 1]
[-1, -1, -2, -1, 0, 1, 1, 0, 2, 0, 0, 0, 0, 1, -2, 0, -2, 1, 0, 1, 0, -1]
[0, 0, -2, -1, -1, 2, 3, -2, 1, 0, -2, -2, 1, 0, -2, 0, -1, 2, 0, -1, 0, 1]
[-1, -1, -2, 0, 0, 0, 0, 1, 2, 0, 1, 1, -1, 2, -2, 0, -2, 1, 0, 1, 0, -1]
[1, 0, -2, 0, -1, 1, 2, -1, 1, 0, -1, -1, 0, 0, -1, 0, -1, 1, 0, 0, 0, 1]
[-2, -1, -2, -1, 0, 1, 1, 0, 2, 0, 0, 0, 0, 2, -3, 0, -2, 2, 0, 0, 0, -1]
[0, -1, -2, -1, -1, 1, 2, -1, 1, 0, -1, -2, 1, 1, -2, 1, -1, 2, -1, -1, 0, 1]
[-1, 0, -2, 0, 0, 1, 1, 0, 2, 0, 0, 1, -1, 1, -2, -1, -2, 1, 1, 1, 0, -1]
[2, 1, -1, 0, 0, 0, 1, -1, 1, 0, -1, 0, -1, 0, -1, -1, -1, 1, 1, 1, -1, 0]
[-3, -2, -3, -1, -1, 2, 2, 0, 2, 0, 0, -1, 1, 2, -3, 1, -2, 2, -1, -1, 1, 0]
[1, 0, -1, -1, 0, 1, 1, -1, 1, 0, -1, 0, 0, 1, -1, 0, -1, 1, 0, 0, 0, 0]
[-2, -1, -3, 0, -1, 1, 2, 0, 2, 0, 0, -1, 0, 1, -3, 0, -2, 2, 0, 0, 0, 0]
[1, 1, -1, -1, -1, 1, 2, -1, 0, -1, -2, -1, 0, 0, -1, 0, -1, 1, 0, 0, 0, 1]
[-2, -2, -3, 0, 0, 1, 1, 0, 3, 1, 1, 0, 0, 2, -3, 0, -2, 2, 0, 0, 0, -1]
[1, 1, -1, 0, 0, 0, 0, -1, 1, 1, 0, 0, 0, 0, 0, 1, 0, 1, -1, -1, 0, 1]
[-2, -2, -3, -1, -1, 2, 3, 0, 2, -1, -1, -1, 0, 2, -4, -1, -3, 2, 1, 1, 0, -1]
[1, 0, -1, 0, 0, 0, 0, 0, 1, 0, 0, 1, -1, 1, -1, 1, -2, 1, 0, 0, 0, 0]
[-2, -1, -3, -1, -1, 2, 3, -1, 2, 0, -1, -2, 1, 1, -3, -1, -1, 2, 0, 0, 0, 0]
[0, -1, -2, -1, -1, 1, 2, -1, 1, 0, -1, -1, 1, 1, -2, 0, -2, 2, -1, 0, 0, 1]
[-1, 0, -2, 0, 0, 1, 1, 0, 2, 0, 0, 0, -1, 1, -2, 0, -1, 1, 1, 0, 0, -1]
[1, 0, -2, 0, 0, 1, 1, -1, 1, 0, -1, -1, 0, 0, -1, 0, -1, 1, 0, 1, -1, 0]
[-2, -1, -2, -1, -1, 1, 2, 0, 2, 0, 0, 0, 0, 2, -3, 0, -2, 2, 0, -1, 1, 0]
[1, 0, -1, -1, -1, 1, 2, -1, 1, 0, -1, -1, 0, 0, -1, 0, -1, 1, 0, 0, -1, 1]
[-2, -1, -3, 0, 0, 1, 1, 0, 2, 0, 0, 0, 0, 2, -3, 0, -2, 2, 0, 0, 1, -1]
[1, 0, -1, -1, -1, 1, 2, -1, 0, 0, -1, -1, 0, 0, -1, 0, -1, 2, -1, -1, 0, 1]
[-2, -1, -3, 0, 0, 1, 1, 0, 3, 0, 0, 0, 0, 2, -3, 0, -2, 1, 1, 1, 0, -1]
[1, 0, -1, 0, -1, 1, 1, -1, 1, 0, -1, 0, 0, 0, -1, 0, -1, 1, 0, 0, 0, 0]
[-2, -1, -3, -1, 0, 1, 2, 0, 2, 0, 0, -1, 0, 2, -3, 0, -2, 2, 0, 0, 0, 0]
[0, 0, -2, -1, 0, 1, 2, -1, 1, 0, -1, -1, 0, 1, -2, 0, -2, 2, 0, 0, -1, 1]
[-1, -1, -2, 0, -1, 1, 1, 0, 2, 0, 0, 0, 0, 1, -2, 0, -1, 1, 0, 0, 1, -1]
[0, 0, -2, 0, 0, 1, 1, -1, 2, 0, -1, 0, 0, 1, -2, 0, -2, 1, 1, 1, -1, 0]
[-1, -1, -2, -1, -1, 1, 2, 0, 1, 0, 0, -1, 0, 1, -2, 0, -1, 2, -1, -1, 1, 0]
[0, 0, -2, 0, 0, 1, 1, -1, 1, 0, -1, 0, 0, 1, -2, 0, -2, 2, 0, 0, 0, 0]
[-1, -1, -2, -1, -1, 1, 2, 0, 2, 0, 0, -1, 0, 1, -2, 0, -1, 1, 0, 0, 0, 0]
[0, 0, -1, -1, -1, 1, 2, -1, 1, 0, -1, 0, 0, 1, -2, 0, -2, 2, 0, -1, 0, 1]
[-1, -1, -3, 0, 0, 1, 1, 0, 2, 0, 0, -1, 0, 1, -2, 0, -1, 1, 0, 1, 0, -1]
[1, 1, -1, 0, 0, 1, 1, -1, 1, 0, -1, 0, -1, 0, -1, 0, -1, 1, 1, 0, -1, 0]
[-2, -2, -3, -1, -1, 1, 2, 0, 2, 0, 0, -1, 1, 2, -3, 0, -2, 2, -1, 0, 1, 0]
[0, 0, -2, -1, -1, 2, 3, -2, 1, 0, -2, -2, 1, 0, -2, -1, -1, 2, 0, 0, -1, 1]
[-1, -1, -2, 0, 0, 0, 0, 1, 2, 0, 1, 1, -1, 2, -2, 1, -2, 1, 0, 0, 1, -1]
[0, -1, -2, -1, -1, 2, 3, -1, 1, -1, -2, -1, 0, 1, -3, -1, -3, 2, 1, 1, -1, 0]
[-1, 0, -2, 0, 0, 0, 0, 0, 2, 1, 1, 0, 0, 1, -1, 1, 0, 1, -1, -1, 1, 0]
[0, -1, -2, 0, 0, 1, 1, -1, 2, 1, 0, 0, 0, 1, -2, 0, -2, 2, 0, 0, -1, 0]
[-1, 0, -2, -1, -1, 1, 2, 0, 1, -1, -1, -1, 0, 1, -2, 0, -1, 1, 0, 0, 1, 0]
[0, 0, -2, 0, -1, 1, 2, -1, 1, 0, -1, -1, 0, 0, -2, 0, -2, 2, 0, 0, -1, 1]
[-1, -1, -2, -1, 0, 1, 1, 0, 2, 0, 0, 0, 0, 2, -2, 0, -1, 1, 0, 0, 1, -1]
[0, 0, -2, 0, 0, 0, 1, 0, 2, 0, 0, 0, -1, 1, -2, -1, -1, 1, 1, 1, 0, -1]
[-1, -1, -2, -1, -1, 2, 2, -1, 1, 0, -1, -1, 1, 1, -2, 1, -2, 2, -1, -1, 0, 1]
[1, 1, -1, -1, 0, 0, 1, -1, 1, 0, -1, -1, 0, 0, -1, 0, 0, 1, 0, 0, 0, 0]
[-2, -2, -3, 0, -1, 2, 2, 0, 2, 0, 0, 0, 0, 2, -3, 0, -3, 2, 0, 0, 0, 0]
[1, 1, -1, 0, 0, 0, 0, 0, 1, 0, 0, 1, -1, 1, 0, 0, 0, 0, 0, 0, 1, 0]
[-2, -2, -3, -1, -1, 2, 3, -1, 2, 0, -1, -2, 1, 1, -4, 0, -3, 3, 0, 0, -1, 0]
[1, 0, -2, -1, 0, 1, 2, -1, 1, 0, -1, -1, 0, 0, -1, -1, -1, 1, 0, 1, 0, 0]
[-2, -1, -2, 0, -1, 1, 1, 0, 2, 0, 0, 0, 0, 2, -3, 1, -2, 2, 0, -1, 0, 0]
[1, 0, -1, -1, 0, 0, 1, 0, 1, 0, 0, 0, -1, 1, -1, 0, -1, 1, 0, 0, 0, 0]
[-2, -1, -3, 0, -1, 2, 2, -1, 2, 0, -1, -1, 1, 1, -3, 0, -2, 2, 0, 0, 0, 0]
[1, 0, -1, 0, 0, 0, 0, 0, 2, 0, 0, 1, -1, 1, -1, 0, -1, 0, 1, 1, 0, -1]
[-2, -1, -3, -1, -1, 2, 3, -1, 1, 0, -1, -2, 1, 1, -3, 0, -2, 3, -1, -1, 0, 1]
[0, -1, -2, 0, 0, 0, 0, 0, 2, 0, 0, 0, 0, 2, -2, 0, -1, 1, 0, 1, 0, -1]
[-1, 0, -2, -1, -1, 2, 3, -1, 1, 0, -1, -1, 0, 0, -2, 0, -2, 2, 0, -1, 0, 1]
[1, 0, -1, 0, 0, 0, 0, 0, 1, 0, 0, 1, -1, 1, -1, 0, -1, 1, 0, 0, 1, -1]
[-2, -1, -3, -1, -1, 2, 3, -1, 2, 0, -1, -2, 1, 1, -3, 0, -2, 2, 0, 0, -1, 1]
[1, 0, -1, -1, -1, 1, 2, -1, 1, 0, -1, -1, 0, 0, -1, -1, 0, 1, 0, 0, 0, 0]
[-2, -1, -3, 0, 0, 1, 1, 0, 2, 0, 0, 0, 0, 2, -3, 1, -3, 2, 0, 0, 0, 0]
[0, 0, -2, 0, 1, 0, 0, 0, 2, 0, 0, 1, -1, 2, -2, 0, -2, 1, 1, 1, 0, -1]
[-1, -1, -2, -1, -2, 2, 3, -1, 1, 0, -1, -2, 1, 0, -2, 0, -1, 2, -1, -1, 0, 1]
[0, 0, -2, -1, 0, 1, 2, -1, 2, 0, -1, -1, 0, 1, -2, -1, -1, 1, 1, 1, -1, 0]
[-1, -1, -2, 0, -1, 1, 1, 0, 1, 0, 0, 0, 0, 1, -2, 1, -2, 2, -1, -1, 1, 0]
[1, 1, -1, -1, 0, 1, 2, -1, 1, 0, -1, 0, -1, 0, -1, -1, -1, 1, 1, 0, 0, 0]
[-2, -2, -3, 0, -1, 1, 1, 0, 2, 0, 0, -1, 1, 2, -3, 1, -2, 2, -1, 0, 0, 0]
[0, 0, -2, -1, 0, 1, 2, -1, 1, 0, -1, -1, 0, 1, -2, -1, -1, 2, 0, 0, 0, 0]
[-1, -1, -2, 0, -1, 1, 1, 0, 2, 0, 0, 0, 0, 1, -2, 1, -2, 1, 0, 0, 0, 0]
[0, 0, -2, 0, 0, 1, 1, -1, 2, 0, -1, 0, 0, 1, -2, -1, -1, 1, 1, 1, 0, -1]
[-1, -1, -2, -1, -1, 1, 2, 0, 1, 0, 0, -1, 0, 1, -2, 1, -2, 2, -1, -1, 0, 1]
[0, 0, -1, 0, 0, 0, 0, 0, 2, 0, 0, 1, -1, 2, -2, 0, -1, 1, 1, 0, 0, -1]
[-1, -1, -3, -1, -1, 2, 3, -1, 1, 0, -1, -2, 1, 0, -2, 0, -2, 2, -1, 0, 0, 1]
[0, -1, -2, -1, 0, 1, 2, -1, 2, 0, -1, -1, 0, 1, -3, -1, -2, 2, 1, 1, -1, -1]
[-1, 0, -2, 0, -1, 1, 1, 0, 1, 0, 0, 0, 0, 1, -1, 1, -1, 1, -1, -1, 1, 1]
[0, -1, -2, 0, 0, 1, 1, 0, 2, 0, 0, 1, -1, 2, -2, -1, -2, 1, 1, 1, 0, -1]
[-1, 0, -2, -1, -1, 1, 2, -1, 1, 0, -1, -2, 1, 0, -2, 1, -1, 2, -1, -1, 0, 1]
[0, 0, -2, 0, 0, 0, 0, 0, 1, 0, 0, 0, 0, 1, -1, 1, -1, 1, -1, 0, 1, 0]
[-1, -1, -2, -1, -1, 2, 3, -1, 2, 0, -1, -1, 0, 1, -3, -1, -2, 2, 1, 0, -1, 0]
[0, 0, -1, -1, -1, 0, 1, 0, 1, 0, 0, 0, 0, 1, -1, 1, -1, 1, -1, -1, 1, 1]
[-1, -1, -3, 0, 0, 2, 2, -1, 2, 0, -1, -1, 0, 1, -3, -1, -2, 2, 1, 1, -1, -1]
[1, 1, -1, 0, 0, 0, 0, 0, 1, 0, 0, 0, -1, 0, 0, 1, 0, 0, 0, 0, 0, 0]
[-2, -2, -3, -1, -1, 2, 3, -1, 2, 0, -1, -1, 1, 2, -4, -1, -3, 3, 0, 0, 0, 0]
[0, 0, -2, -1, -1, 1, 2, -1, 1, 0, -1, -2, 1, 0, -1, 0, 0, 1, -1, 0, 0, 1]
[-1, -1, -2, 0, 0, 1, 1, 0, 2, 0, 0, 1, -1, 2, -3, 0, -3, 2, 1, 0, 0, -1]
[1, 1, -1, -1, -1, 1, 2, -1, 0, 0, -1, -1, 0, -1, 0, 0, 0, 1, -1, -1, 1, 1]
[-2, -2, -3, 0, 0, 1, 1, 0, 3, 0, 0, 0, 0, 3, -4, 0, -3, 2, 1, 1, -1, -1]
[0, 0, -1, 0, -1, 0, 0, 0, 1, 0, 0, 0, 0, 1, -1, 1, 0, 1, -1, -1, 1, 0]
[-1, -1, -3, -1, 0, 2, 3, -1, 2, 0, -1, -1, 0, 1, -3, -1, -3, 2, 1, 1, -1, 0]
[0, 1, -2, -1, 0, 1, 2, -1, 1, 0, -1, -1, 0, 0, -1, 0, -1, 1, 0, 0, 0, 1]
[-1, -2, -2, 0, -1, 1, 1, 0, 2, 0, 0, 0, 0, 2, -3, 0, -2, 2, 0, 0, 0, -1]
[0, -1, -2, -1, -1, 2, 3, -1, 1, 0, -1, -1, 0, 0, -2, -1, -2, 2, 0, 0, 0, 0]
[-1, 0, -2, 0, 0, 0, 0, 0, 2, 0, 0, 0, 0, 2, -2, 1, -1, 1, 0, 0, 0, 0]
[0, 1, -1, 0, 0, 0, 0, 0, 1, 0, 0, 1, -1, 1, -1, 1, -1, 1, 0, -1, 1, 0]
[-1, -2, -3, -1, -1, 2, 3, -1, 2, 0, -1, -2, 1, 1, -3, -1, -2, 2, 0, 1, -1, 0]
[0, -1, -2, 0, 0, 1, 1, 0, 2, 0, 0, 0, -1, 1, -2, 0, -2, 1, 1, 1, -1, -1]
[-1, 0, -2, -1, -1, 1, 2, -1, 1, 0, -1, -1, 1, 1, -2, 0, -1, 2, -1, -1, 1, 1]
[0, 1, -2, 0, 0, 1, 1, -1, 1, 0, -1, -1, 0, 0, -1, 0, 0, 1, 0, 0, 0, 0]
[-1, -2, -2, -1, -1, 1, 2, 0, 2, 0, 0, 0, 0, 2, -3, 0, -3, 2, 0, 0, 0, 0]
[0, 1, -1, -1, -1, 1, 2, -1, 1, 0, -1, -1, 0, 0, -1, 0, 0, 1, 0, -1, 0, 1]
[-1, -2, -3, 0, 0, 1, 1, 0, 2, 0, 0, 0, 0, 2, -3, 0, -3, 2, 0, 1, 0, -1]
[0, -1, -2, -1, -1, 1, 2, 0, 1, -1, -1, -1, 0, 1, -2, 0, -2, 1, 0, 1, 0, 0]
[-1, 0, -2, 0, 0, 1, 1, -1, 2, 1, 0, 0, 0, 1, -2, 0, -1, 2, 0, -1, 0, 0]
[0, -1, -2, 0, 0, 0, 0, 0, 2, 1, 1, 0, 0, 1, -1, 1, -1, 1, -1, 0, 0, 0]
[-1, 0, -2, -1, -1, 2, 3, -1, 1, -1, -2, -1, 0, 1, -3, -1, -2, 2, 1, 0, 0, 0]
[0, -1, -2, -1, -1, 1, 2, -1, 1, 0, -1, -2, 1, 0, -2, 0, -1, 2, -1, 0, 0, 0]
[-1, 0, -2, 0, 0, 1, 1, 0, 2, 0, 0, 1, -1, 2, -2, 0, -2, 1, 1, 0, 0, 0]
[1, 0, -1, 0, -1, 0, 1, 0, 1, 0, 0, 0, -1, 0, -1, 0, -1, 1, 0, 0, 0, 0]
[-2, -1, -3, -1, 0, 2, 2, -1, 2, 0, -1, -1, 1, 2, -3, 0, -2, 2, 0, 0, 0, 0]
[0, -1, -1, -1, -1, 1, 1, 0, 1, 0, 0, 0, 0, 1, -1, 1, -1, 1, -1, -1, 1, 0]
[-1, 0, -3, 0, 0, 1, 2, -1, 2, 0, -1, -1, 0, 1, -3, -1, -2, 2, 1, 1, -1, 0]
[0, -1, -2, 0, -1, 1, 1, 0, 1, 0, 0, 0, 0, 1, -1, 0, -1, 1, -1, 0, 1, 0]
[-1, 0, -2, -1, 0, 1, 2, -1, 2, 0, -1, -1, 0, 1, -3, 0, -2, 2, 1, 0, -1, 0]
[0, 0, -1, 0, -1, 1, 1, 0, 1, 0, 0, 1, -1, 1, -1, 0, -1, 1, 0, -1, 1, 0]
[-1, -1, -3, -1, 0, 1, 2, -1, 2, 0, -1, -2, 1, 1, -3, 0, -2, 2, 0, 1, -1, 0]
[0, 0, -2, 0, 0, 0, 1, 0, 2, 0, 0, 0, -1, 1, -2, 0, -2, 1, 1, 1, -1, 0]
[-1, -1, -2, -1, -1, 2, 2, -1, 1, 0, -1, -1, 1, 1, -2, 0, -1, 2, -1, -1, 1, 0]
[0, 0, -2, 0, -1, 1, 2, -1, 1, 0, -1, -1, 0, 0, -2, -1, -1, 2, 0, 0, 0, 0]
[-1, -1, -2, -1, 0, 1, 1, 0, 2, 0, 0, 0, 0, 2, -2, 1, -2, 1, 0, 0, 0, 0]
[0, 0, -1, -1, -1, 1, 2, -1, 1, 0, -1, -1, 0, 0, -2, 0, -1, 2, 0, -1, 0, 0]
[-1, -1, -3, 0, 0, 1, 1, 0, 2, 0, 0, 0, 0, 2, -2, 0, -2, 1, 0, 1, 0, 0]
[0, 0, -2, -1, -1, 1, 3, -1, 1, -1, -2, -2, 0, 0, -3, -1, -2, 2, 1, 1, -1, 0]
[-1, -1, -2, 0, 0, 1, 0, 0, 2, 1, 1, 1, 0, 2, -1, 1, -1, 1, -1, -1, 1, 0]
[0, 0, -2, 0, 0, 0, 1, -1, 2, 1, 0, -1, 0, 0, -2, 0, -1, 2, 0, 0, -1, 0]
[-1, -1, -2, -1, -1, 2, 2, 0, 1, -1, -1, 0, 0, 2, -2, 0, -2, 1, 0, 0, 1, 0]
[0, 0, -2, -1, 0, 1, 2, -1, 1, 0, -1, -1, 0, 0, -2, 0, -2, 2, 0, 0, 0, 0]
[-1, -1, -2, 0, -1, 1, 1, 0, 2, 0, 0, 0, 0, 2, -2, 0, -1, 1, 0, 0, 0, 0]
[0, 0, -2, 1, 0, 1, 0, 0, 2, 0, 0, 1, -1, 1, -1, 0, -1, 0, 1, 1, 0, -1]
[-1, -1, -2, -2, -1, 1, 3, -1, 1, 0, -1, -2, 1, 1, -3, 0, -2, 3, -1, -1, 0, 1]
[0, 0, -2, -1, -1, 1, 3, -1, 1, 0, -1, -1, 0, 0, -2, -1, -2, 2, 0, 0, 0, 1]
[-1, -1, -2, 0, 0, 1, 0, 0, 2, 0, 0, 0, 0, 2, -2, 1, -1, 1, 0, 0, 0, -1]
[0, 0, -2, 0, 0, 0, 1, 0, 1, 0, 0, 0, -1, 1, -2, 0, -2, 2, 0, 0, 0, 0]
[-1, -1, -2, -1, -1, 2, 2, -1, 2, 0, -1, -1, 1, 1, -2, 0, -1, 1, 0, 0, 0, 0]
[0, 0, -2, -2, -1, 2, 4, -2, 1, 0, -2, -3, 1, -1, -2, -1, -1, 2, 0, 0, -1, 1]
[-1, -1, -2, 1, 0, 0, -1, 1, 2, 0, 1, 2, -1, 3, -2, 1, -2, 1, 0, 0, 1, -1]
[0, 0, -2, -1, 0, 1, 2, -1, 1, 0, -1, -2, 0, 0, -2, 0, -1, 2, 0, 0, -1, 0]
[-1, -1, -2, 0, -1, 1, 1, 0, 2, 0, 0, 1, 0, 2, -2, 0, -2, 1, 0, 0, 1, 0]
[1, 1, -2, 0, 0, 1, 2, -1, 1, 0, -1, -1, -1, -1, -1, -1, -1, 1, 1, 1, -1, 0]
[-2, -2, -2, -1, -1, 1, 1, 0, 2, 0, 0, 0, 1, 3, -3, 1, -2, 2, -1, -1, 1, 0]
[0, 0, -2, -1, -1, 1, 3, -1, 1, 0, -1, -2, 0, 0, -2, -1, -1, 2, 0, 0, -1, 1]
[-1, -1, -2, 0, 0, 1, 0, 0, 2, 0, 0, 1, 0, 2, -2, 1, -2, 1, 0, 0, 1, -1]
[0, 0, -2, -2, -1, 2, 4, -1, 0, -1, -2, -2, 0, 0, -2, -1, -2, 2, 0, 0, 0, 1]
[-1, -1, -2, 1, 0, 0, -1, 0, 3, 1, 1, 1, 0, 2, -2, 1, -1, 1, 0, 0, 0, -1]
[0, 0, -2, -1, 0, 1, 2, -1, 1, 1, 0, -1, 0, 0, -1, 0, -1, 2, -1, -1, 0, 1]
[-1, -1, -2, 0, -1, 1, 1, 0, 2, -1, -1, 0, 0, 2, -3, 0, -2, 1, 1, 1, 0, -1]
[0, 0, -2, 0, 0, 1, 1, 0, 1, 0, 0, 0, -1, 1, -1, 0, -1, 1, 0, 0, 0, 0]
[-1, -1, -2, -1, -1, 1, 2, -1, 2, 0, -1, -1, 1, 1, -3, 0, -2, 2, 0, 0, 0, 0]
[0, 0, -2, -1, -1, 2, 3, -1, 1, 0, -1, -1, 0, 0, -1, -1, -1, 1, 0, 0, 0, 1]
[-1, -1, -2, 0, 0, 0, 0, 0, 2, 0, 0, 0, 0, 2, -3, 1, -2, 2, 0, 0, 0, -1]
[0, 0, -2, 1, 0, 0, 0, 0, 2, 0, 0, 1, -1, 1, -2, 0, -2, 1, 1, 1, 0, -1]
[-1, -1, -2, -2, -1, 2, 3, -1, 1, 0, -1, -2, 1, 1, -2, 0, -1, 2, -1, -1, 0, 1]
[0, 0, -2, -1, 0, 2, 2, -1, 1, 0, -1, -1, 0, 0, -1, 0, -1, 1, 0, 0, 0, 0]
[-1, -1, -2, 0, -1, 0, 1, 0, 2, 0, 0, 0, 0, 2, -3, 0, -2, 2, 0, 0, 0, 0]
[0, 0, -2, 0, 0, 1, 1, -1, 2, 1, 0, -1, 0, 0, -1, 0, 0, 1, 0, 0, -1, 0]
[-1, -1, -2, -1, -1, 1, 2, 0, 1, -1, -1, 0, 0, 2, -3, 0, -3, 2, 0, 0, 1, 0]
[0, 0, -2, -1, -1, 2, 3, -1, 1, -1, -2, -2, 0, 0, -2, -1, -1, 1, 1, 1, -1, 0]
[-1, -1, -2, 0, 0, 0, 0, 0, 2, 1, 1, 1, 0, 2, -2, 1, -2, 2, -1, -1, 1, 0]
[0, 0, -2, 0, 0, 1, 1, -1, 2, 0, -1, -1, 0, 0, -2, 0, -1, 1, 1, 1, -1, -1]
[-1, -1, -2, -1, -1, 1, 2, 0, 1, 0, 0, 0, 0, 2, -2, 0, -2, 2, -1, -1, 1, 1]
[0, 0, -2, 0, 0, 1, 1, 0, 1, 0, 0, 1, -1, 1, -1, 0, -2, 1, 0, 0, 1, 0]
[-1, -1, -2, -1, -1, 1, 2, -1, 2, 0, -1, -2, 1, 1, -3, 0, -1, 2, 0, 0, -1, 0]
[0, 0, -2, 1, 0, 0, 0, 0, 2, 1, 1, 1, -1, 1, -1, 0, -1, 1, 0, 0, 0, 0]
[-1, -1, -2, -2, -1, 2, 3, -1, 1, -1, -2, -2, 1, 1, -3, 0, -2, 2, 0, 0, 0, 0]
[0, 0, -2, 0, -1, 1, 2, 0, 1, -1, -1, 0, -1, 1, -2, -1, -2, 1, 1, 1, 0, 0]
[-1, -1, -2, -1, 0, 1, 1, -1, 2, 1, 0, -1, 1, 1, -2, 1, -1, 2, -1, -1, 0, 0]
[0, 0, -2, 0, -1, 1, 2, -1, 2, 0, -1, -1, 0, 0, -2, -1, -1, 1, 1, 1, -1, 0]
[-1, -1, -2, -1, 0, 1, 1, 0, 1, 0, 0, 0, 0, 2, -2, 1, -2, 2, -1, -1, 1, 0]
[0, 0, -2, 1, 0, 0, 0, 0, 2, 0, 0, 0, -1, 1, -2, 0, -1, 1, 1, 1, -1, -1]
[-1, -1, -2, -2, -1, 2, 3, -1, 1, 0, -1, -1, 1, 1, -2, 0, -2, 2, -1, -1, 1, 1]
[0, 0, -2, -1, -1, 2, 3, -1, 1, -1, -2, -1, 0, 0, -2, -1, -2, 1, 1, 1, 0, 0]
[-1, -1, -2, 0, 0, 0, 0, 0, 2, 1, 1, 0, 0, 2, -2, 1, -1, 2, -1, -1, 0, 0]
[0, 0, -2, 0, 0, 1, 1, -1, 2, 1, 0, 0, 0, 0, -1, 0, -1, 1, 0, 0, 0, 0]
[-1, -1, -2, -1, -1, 1, 2, 0, 1, -1, -1, -1, 0, 2, -3, 0, -2, 2, 0, 0, 0, 0]
[0, 0, -2, 0, 0, 1, 1, 0, 1, -1, -1, 0, -1, 1, -2, 0, -2, 1, 1, 1, 0, -1]
[-1, -1, -2, -1, -1, 1, 2, -1, 2, 1, 0, -1, 1, 1, -2, 0, -1, 2, -1, -1, 0, 1]
[0, 0, -1, -1, -1, 1, 2, 0, 1, -1, -1, 0, -1, 1, -2, 0, -2, 1, 1, 0, 0, 0]
[-1, -1, -3, 0, 0, 1, 1, -1, 2, 1, 0, -1, 1, 1, -2, 0, -1, 2, -1, 0, 0, 0]
[0, 0, -2, 1, 1, 0, -1, 0, 2, 1, 1, 1, -1, 1, -1, 1, -1, 1, 0, 0, 0, -1]
[-1, -1, -2, -2, -2, 2, 4, -1, 1, -1, -2, -2, 1, 1, -3, -1, -2, 2, 0, 0, 0, 1]
[0, 0, -1, 0, 0, 0, 0, 0, 2, 1, 1, 1, -1, 1, -1, 1, -1, 1, 0, -1, 0, 0]
[-1, -1, -3, -1, -1, 2, 3, -1, 1, -1, -2, -2, 1, 1, -3, -1, -2, 2, 0, 1, 0, 0]

################
# DISCRIMINANT #
################

The discriminant has 2 components of degree 1, 3 components of degree 2, 2 components of degree 4, and 1 component of degree 6:
128*Z[0]^2*Z[5]^2*Z[7]^2 - 64*Z[0]^2*Z[5]*Z[6]^2*Z[7] + 8*Z[0]^2*Z[6]^4 + 64*Z[0]*Z[2]*Z[5]^2*Z[7]^2 - 32*Z[0]*Z[2]*Z[5]*Z[6]^2*Z[7] + 4*Z[0]*Z[2]*Z[6]^4 - 96*Z[0]*Z[3]^2*Z[5]*Z[7]^2 + 24*Z[0]*Z[3]^2*Z[6]^2*Z[7] + 96*Z[0]*Z[3]*Z[4]*Z[5]*Z[6]*Z[7] - 24*Z[0]*Z[3]*Z[4]*Z[6]^3 - 96*Z[0]*Z[4]^2*Z[5]^2*Z[7] + 24*Z[0]*Z[4]^2*Z[5]*Z[6]^2 - 16*Z[1]^2*Z[5]^2*Z[7]^2 + 8*Z[1]^2*Z[5]*Z[6]^2*Z[7] - Z[1]^2*Z[6]^4 - 16*Z[2]*Z[3]^2*Z[5]*Z[7]^2 + 4*Z[2]*Z[3]^2*Z[6]^2*Z[7] + 16*Z[2]*Z[3]*Z[4]*Z[5]*Z[6]*Z[7] - 4*Z[2]*Z[3]*Z[4]*Z[6]^3 - 16*Z[2]*Z[4]^2*Z[5]^2*Z[7] + 4*Z[2]*Z[4]^2*Z[5]*Z[6]^2 + 16*Z[3]^4*Z[7]^2 - 32*Z[3]^3*Z[4]*Z[6]*Z[7] + 32*Z[3]^2*Z[4]^2*Z[5]*Z[7] + 16*Z[3]^2*Z[4]^2*Z[6]^2 - 32*Z[3]*Z[4]^3*Z[5]*Z[6] + 16*Z[4]^4*Z[5]^2
4*Z[0]^2 - 4*Z[0]*Z[2] + 4*Z[1]^2 + Z[2]^2
4*Z[5]*Z[7] - Z[6]^2
8*Z[0]^2 + 4*Z[0]*Z[2] - Z[1]^2
8*Z[0]^2*Z[5]^2 + 4*Z[0]*Z[2]*Z[5]^2 - 6*Z[0]*Z[3]^2*Z[5] - Z[1]^2*Z[5]^2 - Z[2]*Z[3]^2*Z[5] + Z[3]^4
8*Z[0]^2*Z[7]^2 + 4*Z[0]*Z[2]*Z[7]^2 - 6*Z[0]*Z[4]^2*Z[7] - Z[1]^2*Z[7]^2 - Z[2]*Z[4]^2*Z[7] + Z[4]^4
Z[5]
Z[7]

#############
# MONODROMY #
#############


Generators of the monodromy group on the second homology group:
[[-1, 0, -2, 0, 0, 0, -1, 0, -2, 1, -1, 0, -1, 0, -1, -1, 0, -2, -1, -1, -1, 0], [0, -1, -2, 0, 0, 0, -1, 0, -2, 1, -1, 0, -1, 0, -1, -1, 0, -2, -1, -1, -1, 0], [0, 0, 1, 2, 2, 0, 2, 0, 0, -2, 2, 0, 2, 0, 0, 0, 0, 0, 0, 0, 0, 0], [1, 1, 1, 1, 2, 1, 1, 1, 0, 0, 1, -1, 1, 0, -1, 0, -1, -1, -1, -1, 0, -1], [1, 1, 1, 2, 1, 1, 1, 1, 0, 0, 1, -1, 1, 0, -1, 0, -1, -1, -1, -1, 0, -1], [-1, -1, -1, -2, -2, 0, -2, -1, 0, 1, -2, 1, -2, 0, 1, 0, 1, 1, 1, 1, 0, 1], [-3, -3, -4, -5, -5, -2, -5, -2, -2, 4, -6, 2, -6, 0, 1, -1, 2, 0, 1, 1, -1, 2], [2, 2, 3, 3, 3, 1, 4, 2, 2, -3, 4, -1, 4, 0, 0, 1, -1, 1, 0, 0, 1, -1], [1, 1, 1, 0, 0, 1, 0, 1, 1, 1, 0, -1, 0, 0, -1, 0, -1, -1, -1, -1, 0, -1], [0, 0, 0, 0, 0, 0, 0, 0, 0, 1, 0, 0, 0, 0, 0, 0, 0, 0, 0, 0, 0, 0], [2, 2, 3, 3, 3, 1, 4, 1, 2, -3, 5, -1, 4, 0, 0, 1, -1, 1, 0, 0, 1, -1], [3, 3, 4, 5, 5, 2, 6, 2, 2, -4, 6, -1, 6, 0, -1, 1, -2, 0, -1, -1, 1, -2], [-1, -1, -1, -2, -2, -1, -2, -1, 0, 1, -2, 1, -1, 0, 1, 0, 1, 1, 1, 1, 0, 1], [1, 1, 2, 1, 1, 0, 2, 0, 2, -2, 2, 0, 2, -1, 0, 1, -1, 1, 0, 0, 1, -1], [0, 0, 0, 2, 2, 0, 2, 0, 0, -2, 2, 0, 2, 0, 1, 0, 0, 0, 0, 0, 0, 0], [1, 1, 2, 2, 2, 0, 3, 0, 2, -3, 3, 0, 3, 0, 1, 1, 0, 2, 0, 1, 1, -1], [0, 0, 0, 1, 1, 0, 1, 0, 0, -1, 1, 0, 1, 0, 0, 0, 0, -1, -1, 0, -1, 0], [-1, -1, -1, -2, -2, -1, -2, -1, 0, 1, -2, 1, -2, 0, 1, 0, 1, 2, 1, 1, 0, 1], [0, 0, -1, -1, -1, 1, -2, 1, -2, 3, -2, -1, -2, 0, -2, -1, -1, -3, -1, -2, -1, -1], [0, 0, -1, -1, -1, 1, -2, 1, -2, 3, -2, -1, -2, 0, -2, 0, 0, -2, 0, -1, 0, 0], [1, 1, 2, 2, 2, 0, 3, 0, 2, -3, 3, 0, 3, 0, 1, 1, -1, 1, 0, 1, 1, 0], [-1, -1, -1, -1, -1, -1, -1, -1, 0, 0, -1, 1, -1, 0, 1, -1, 1, 1, 0, 1, 0, 1]]
[[1, 0, 0, 0, 0, 0, 0, 0, 0, 0, 0, 0, 0, 0, 0, 0, 0, 0, 0, 0, 0, 0], [0, 1, 0, 0, 0, 0, 0, 0, 0, 0, 0, 0, 0, 0, 0, 0, 0, 0, 0, 0, 0, 0], [0, 0, 1, 0, 0, 0, 0, 0, 0, 0, 0, 0, 0, 0, 0, 0, 0, 0, 0, 0, 0, 0], [0, 0, 0, 1, 0, 0, 0, 0, 0, 0, 0, 0, 0, 0, 0, 0, 0, 0, 0, 0, 0, 0], [0, 0, 0, 0, 1, 0, 0, 0, 0, 0, 0, 0, 0, 0, 0, 0, 0, 0, 0, 0, 0, 0], [0, 0, 0, 0, 0, 1, 0, 0, 0, 0, 0, 0, 0, 0, 0, 0, 0, 0, 0, 0, 0, 0], [0, 0, 0, 0, 0, 0, 1, 0, 0, 0, 0, 0, 0, 0, 0, 0, 0, 0, 0, 0, 0, 0], [0, 0, 0, 0, 0, 0, 0, 1, 0, 0, 0, 0, 0, 0, 0, 0, 0, 0, 0, 0, 0, 0], [0, 0, 0, 0, 0, 0, 0, 0, 1, 0, 0, 0, 0, 0, 0, 0, 0, 0, 0, 0, 0, 0], [0, 0, 0, 0, 0, 0, 0, 0, 0, 1, 0, 0, 0, 0, 0, 0, 0, 0, 0, 0, 0, 0], [0, 0, 0, 0, 0, 0, 0, 0, 0, 0, 1, 0, 0, 0, 0, 0, 0, 0, 0, 0, 0, 0], [0, 0, 0, 0, 0, 0, 0, 0, 0, 0, 0, 1, 0, 0, 0, 0, 0, 0, 0, 0, 0, 0], [0, 0, 0, 0, 0, 0, 0, 0, 0, 0, 0, 0, 1, 0, 0, 0, 0, 0, 0, 0, 0, 0], [0, 0, 0, 0, 0, 0, 0, 0, 0, 0, 0, 0, 0, 1, 0, 0, 0, 0, 0, 0, 0, 0], [1, 1, 1, 1, 1, 1, 1, 1, 0, 0, 1, 0, 1, 0, -1, 0, 0, -1, -1, 0, 0, 0], [0, 0, 0, 0, 0, 0, 0, 0, 0, 0, 0, 0, 0, 0, 0, 1, 0, 0, 0, 0, 0, 0], [0, 0, 0, 0, 0, 0, 0, 0, 0, 0, 0, 0, 0, 0, 0, 0, 1, 0, 0, 0, 0, 0], [0, 0, 0, 0, 0, 0, 0, 0, 0, 0, 0, 0, 0, 0, 0, 0, 0, 1, 0, 0, 0, 0], [0, 0, 0, 0, 0, 0, 0, 0, 0, 0, 0, 0, 0, 0, 0, 0, 0, 0, 1, 0, 0, 0], [-1, -1, -1, -1, -1, -1, -1, -1, 0, 0, -1, 0, -1, 0, 2, 0, 0, 1, 1, 1, 0, 0], [0, 0, 0, 0, 0, 0, 0, 0, 0, 0, 0, 0, 0, 0, 0, 0, 0, 0, 0, 0, 1, 0], [0, 0, 0, 0, 0, 0, 0, 0, 0, 0, 0, 0, 0, 0, 0, 0, 0, 0, 0, 0, 0, 1]]
[[0, -1, -1, -1, 0, -1, -1, -1, 0, 0, -1, 0, -1, 0, 1, 0, 0, 0, 1, 0, 0, 1], [-2, -2, -3, -3, -2, -2, -4, -2, -1, 2, -4, 0, -4, -1, 1, -1, 0, -1, 1, -1, 0, 1], [-1, -1, 0, -1, 0, -1, -1, -1, 0, 0, -1, 0, -1, 0, 1, 0, 0, 0, 1, 0, 0, 1], [0, 0, 0, 1, 0, 0, 0, 0, 0, 0, 0, 0, 0, 0, 0, 0, 0, 0, 0, 0, 0, 0], [1, 1, 1, 1, 1, 1, 1, 1, 0, 0, 1, 0, 1, 0, -1, 0, 0, 0, -1, 0, 0, -1], [0, 0, 0, 0, 0, 1, 0, 0, 0, 0, 0, 0, 0, 0, 0, 0, 0, 0, 0, 0, 0, 0], [-2, -3, -3, -3, -2, -2, -3, -2, -1, 2, -4, 0, -4, -1, 1, -1, 0, -1, 1, -1, 0, 1], [2, 3, 3, 3, 2, 2, 4, 3, 1, -2, 4, 0, 4, 1, -1, 1, 0, 1, -1, 1, 0, -1], [1, 1, 1, 1, 0, 1, 1, 1, 1, 0, 1, 0, 1, 0, -1, 0, 0, 0, -1, 0, 0, -1], [0, 0, 0, 0, 0, 0, 0, 0, 0, 1, 0, 0, 0, 0, 0, 0, 0, 0, 0, 0, 0, 0], [2, 3, 3, 3, 2, 2, 4, 2, 1, -2, 5, 0, 4, 1, -1, 1, 0, 1, -1, 1, 0, -1], [2, 3, 3, 3, 2, 2, 4, 2, 1, -2, 4, 1, 4, 1, -1, 1, 0, 1, -1, 1, 0, -1], [0, 0, 0, 0, 0, 0, 0, 0, 0, 0, 0, 0, 1, 0, 0, 0, 0, 0, 0, 0, 0, 0], [1, 1, 1, 1, 0, 1, 1, 1, 0, 0, 1, 0, 1, 1, -1, 0, 0, 0, -1, 0, 0, -1], [1, 2, 2, 2, 2, 1, 3, 1, 1, -2, 3, 0, 3, 1, 1, 1, 0, 1, 0, 1, 0, 0], [2, 3, 3, 3, 2, 2, 4, 2, 1, -2, 4, 0, 4, 1, -1, 2, 0, 1, -1, 1, 0, -1], [1, 2, 2, 2, 2, 1, 3, 1, 1, -2, 3, 0, 3, 1, 0, 1, 1, 1, 0, 1, 0, 0], [0, 0, 0, 0, 0, 0, 0, 0, 0, 0, 0, 0, 0, 0, 0, 0, 0, 1, 0, 0, 0, 0], [-1, -2, -2, -2, -2, -1, -3, -1, -1, 2, -3, 0, -3, -1, 0, -1, 0, -1, 1, -1, 0, 0], [-3, -5, -5, -5, -4, -3, -7, -3, -2, 4, -7, 0, -7, -2, 1, -2, 0, -2, 1, -1, 0, 1], [1, 2, 2, 2, 2, 1, 3, 1, 1, -2, 3, 0, 3, 1, 0, 1, 0, 1, 0, 1, 1, 0], [0, 0, 0, 0, 0, 0, 0, 0, 0, 0, 0, 0, 0, 0, 0, 0, 0, 0, 0, 0, 0, 1]]
[[2, 1, 2, 1, 1, 1, 1, 1, 2, -1, 2, -1, 2, 0, 0, 0, -1, 0, 0, 0, 1, 0], [1, 2, 2, 1, 1, 1, 1, 1, 2, -1, 2, -1, 2, 0, 0, 0, -1, 0, 0, 0, 1, 0], [0, 0, 1, 0, 0, 0, 0, 0, 0, 0, 0, 0, 0, 0, 0, 0, 0, 0, 0, 0, 0, 0], [0, 0, 0, 1, 0, 0, 0, 0, 0, 0, 0, 0, 0, 0, 0, 0, 0, 0, 0, 0, 0, 0], [0, 0, 0, 0, 1, 0, 0, 0, 0, 0, 0, 0, 0, 0, 0, 0, 0, 0, 0, 0, 0, 0], [0, 0, 0, 0, 0, 0, 1, 0, 0, 0, 1, 0, 0, 0, 0, 0, 0, 0, 0, 0, 0, 0], [1, 1, 2, 1, 1, 1, 2, 1, 2, -1, 2, -1, 2, 0, 0, 0, -1, 0, 0, 0, 1, 0], [-1, -1, -2, -1, -1, -1, -1, -1, -2, 1, -2, 2, -1, 0, 0, 0, 1, 0, 0, 0, -1, 0], [-1, -1, -2, -1, -1, -1, -1, -1, -1, 1, -2, 1, -2, 0, 0, 0, 1, 0, 0, 0, -1, 0], [0, 0, 0, 0, 0, 1, -1, 1, 0, 1, -1, -1, -1, 0, 0, 0, 0, 0, 0, 0, 0, 0], [-1, -1, -2, -1, -1, 0, -2, -1, -2, 1, -2, 1, -2, 0, 0, 0, 1, 0, 0, 0, -1, 0], [-1, -1, -2, -1, -1, -1, -1, -1, -2, 1, -2, 2, -2, 0, 0, 0, 1, 0, 0, 0, -1, 0], [0, 0, 0, 0, 0, 0, 0, 1, 0, 0, 0, -1, 0, 0, 0, 0, 0, 0, 0, 0, 0, 0], [-1, -1, -2, -1, -1, -1, -1, -1, -2, 1, -2, 1, -2, 1, 0, 0, 1, 0, 0, 0, -1, 0], [0, 0, 0, 0, 0, 0, 0, 0, 0, 0, 0, 0, 0, 0, 1, 0, 0, 0, 0, 0, 0, 0], [-1, -1, -2, -1, -1, -1, -1, -1, -2, 1, -2, 1, -2, 0, 0, 1, 1, 0, 0, 0, -1, 0], [0, 0, 0, 0, 0, 0, 0, 0, 0, 0, 0, 0, 0, 0, 0, 0, 1, 0, 0, 0, 0, 0], [0, 0, 0, 0, 0, 0, 1, 0, 0, 0, 0, 0, 0, 0, 0, 1, 0, 0, 0, 0, 0, -1], [1, 1, 2, 1, 1, 1, 0, 1, 2, -1, 2, -1, 2, 0, 0, -1, -1, 1, 1, 0, 1, 1], [1, 1, 2, 1, 1, 1, 0, 1, 2, -1, 2, -1, 2, 0, 0, -1, -1, 1, 0, 1, 1, 1], [-1, -1, -2, -1, -1, -1, -1, -1, -2, 1, -2, 1, -2, 0, 0, 0, 1, 0, 0, 0, 0, 0], [0, 0, 0, 0, 0, 0, 1, 0, 0, 0, 0, 0, 0, 0, 0, 1, 0, -1, 0, 0, 0, 0]]
[[-9, -13, -11, -12, -8, -8, -21, -11, -2, 8, -19, -4, -21, -4, 4, -8, -3, -7, 1, -6, 1, 5], [-14, -19, -16, -18, -12, -12, -32, -16, -2, 12, -28, -8, -32, -6, 6, -12, -6, -12, 2, -10, 2, 8], [-5, -7, -5, -6, -4, -4, -12, -6, -1, 4, -10, -3, -11, -2, 2, -5, -2, -4, 1, -4, 1, 3], [-1, -2, -2, -1, -1, -1, -4, -1, -1, 2, -3, -2, -4, 0, 0, -2, -1, -2, 0, -2, 0, 1], [5, 6, 5, 6, 5, 4, 9, 5, 1, -4, 9, 1, 10, 2, -2, 3, 1, 3, 0, 2, 0, -2], [5, 7, 6, 6, 4, 5, 12, 6, 1, -4, 10, 3, 11, 2, -2, 5, 2, 4, -1, 4, -1, -3], [-15, -21, -16, -19, -13, -13, -31, -17, -1, 12, -29, -7, -33, -7, 7, -11, -6, -12, 2, -9, 2, 8], [16, 23, 18, 21, 14, 14, 36, 19, 2, -14, 32, 9, 37, 7, -7, 13, 7, 14, -2, 11, -2, -9], [6, 8, 6, 7, 5, 5, 12, 7, 1, -4, 11, 2, 12, 3, -3, 4, 2, 4, -1, 3, -1, -3], [-2, -4, -3, -3, -2, -2, -7, -3, 0, 3, -5, -3, -6, -1, 1, -3, -2, -3, 1, -3, 1, 2], [16, 23, 18, 21, 14, 14, 36, 18, 2, -14, 33, 9, 37, 7, -7, 13, 7, 14, -2, 11, -2, -9], [15, 21, 16, 19, 13, 13, 32, 17, 1, -12, 29, 8, 33, 7, -7, 11, 6, 12, -2, 9, -2, -8], [-2, -3, -2, -3, -2, -2, -4, -2, 0, 2, -4, -1, -4, -1, 1, -1, -1, -2, 0, -1, 0, 1], [7, 10, 8, 9, 6, 6, 16, 8, 1, -6, 14, 4, 16, 4, -3, 6, 3, 6, -1, 5, -1, -4], [9, 13, 10, 12, 8, 8, 20, 10, 1, -8, 18, 5, 21, 4, -3, 7, 4, 8, -1, 6, -1, -5], [16, 23, 18, 21, 14, 14, 36, 18, 2, -14, 32, 9, 37, 7, -7, 14, 7, 14, -2, 11, -2, -9], [7, 10, 8, 9, 6, 6, 16, 8, 1, -6, 14, 4, 16, 3, -3, 6, 4, 6, -1, 5, -1, -4], [4, 5, 5, 5, 3, 3, 9, 4, 2, -4, 8, 2, 9, 1, -1, 4, 1, 4, 0, 3, 0, -2], [-13, -18, -15, -17, -11, -11, -29, -14, -3, 12, -26, -7, -30, -5, 5, -11, -5, -11, 2, -9, 1, 7], [-22, -32, -26, -29, -19, -19, -52, -25, -4, 20, -45, -14, -52, -9, 9, -20, -10, -20, 3, -16, 3, 13], [7, 10, 8, 9, 6, 6, 16, 8, 1, -6, 14, 4, 16, 3, -3, 6, 3, 6, -1, 5, 0, -4], [1, 2, 2, 2, 1, 1, 4, 1, 1, -2, 3, 2, 4, 0, 0, 2, 1, 2, 0, 2, 0, 0]]
[[-2, -6, -5, -4, -2, -4, -6, -4, -2, 4, -8, 0, -8, -2, -1, -3, -1, -6, -1, -4, -1, 1], [-6, -11, -10, -8, -4, -8, -12, -8, -4, 8, -16, 0, -16, -4, -2, -6, -2, -12, -2, -8, -2, 2], [-3, -6, -4, -4, -2, -4, -6, -4, -2, 4, -8, 0, -8, -2, -1, -3, -1, -6, -1, -4, -1, 1], [1, 2, 2, 2, 1, 1, 2, 1, 1, -2, 3, 0, 3, 0, 0, 1, 0, 2, 0, 1, 0, -1], [5, 8, 8, 7, 5, 6, 10, 6, 3, -6, 12, 0, 12, 3, 1, 4, 1, 8, 1, 5, 1, -2], [-2, -2, -3, -3, -2, -1, -4, -2, -1, 2, -4, 0, -4, -1, 0, -1, 0, -2, 0, -1, 0, 1], [-11, -16, -18, -16, -10, -12, -22, -12, -7, 14, -26, 0, -26, -6, -2, -9, -2, -17, -2, -10, -2, 5], [9, 14, 15, 13, 8, 10, 19, 11, 6, -12, 22, 0, 22, 5, 2, 8, 2, 15, 2, 9, 2, -4], [3, 6, 5, 4, 2, 4, 6, 4, 3, -4, 8, 0, 8, 2, 1, 3, 1, 6, 1, 4, 1, -1], [2, 4, 3, 2, 1, 3, 3, 3, 1, -1, 5, 0, 5, 1, 0, 1, 0, 3, 0, 2, 0, -1], [9, 14, 15, 13, 8, 10, 19, 10, 6, -12, 23, 0, 22, 5, 2, 8, 2, 15, 2, 9, 2, -4], [8, 12, 14, 12, 8, 8, 18, 8, 6, -12, 20, 1, 20, 4, 2, 8, 2, 14, 2, 8, 2, -4], [1, 2, 1, 1, 0, 2, 1, 2, 0, 0, 2, 0, 3, 1, 0, 0, 0, 1, 0, 1, 0, 0], [2, 4, 4, 3, 2, 2, 5, 2, 2, -4, 6, 0, 6, 2, 1, 3, 1, 5, 1, 3, 1, -1], [5, 6, 8, 7, 5, 5, 10, 5, 3, -6, 11, 0, 11, 2, 1, 3, 0, 6, 0, 3, 0, -3], [9, 14, 14, 12, 7, 11, 17, 11, 5, -10, 21, 0, 21, 5, 1, 7, 1, 13, 1, 8, 1, -4], [6, 8, 9, 8, 5, 7, 11, 7, 3, -6, 13, 0, 13, 3, 0, 3, 1, 7, 0, 4, 0, -3], [-1, 0, -2, -2, -2, 0, -3, 0, -1, 2, -2, 0, -2, 0, 0, -1, 0, 0, 0, 0, 0, 1], [-4, -6, -6, -5, -3, -5, -7, -5, -2, 4, -9, 0, -9, -2, 0, -2, 0, -5, 1, -3, 0, 2], [-9, -14, -14, -12, -7, -11, -17, -11, -5, 10, -21, 0, -21, -5, -1, -6, -1, -13, -1, -7, -1, 4], [3, 4, 5, 4, 3, 3, 6, 3, 2, -4, 7, 0, 7, 1, 0, 2, 0, 4, 0, 2, 1, -2], [-1, -2, -2, -2, -1, -1, -3, -1, -1, 2, -3, 0, -3, -1, -1, -2, -1, -3, -1, -2, -1, 1]]
[[1, 0, 0, 0, 0, 0, 0, 0, 0, 0, 0, 0, 0, 0, 0, 0, 0, 0, 0, 0, 0, 0], [0, 1, 0, 0, 0, 0, 0, 0, 0, 0, 0, 0, 0, 0, 0, 0, 0, 0, 0, 0, 0, 0], [0, 0, 1, 0, 0, 0, 0, 0, 0, 0, 0, 0, 0, 0, 0, 0, 0, 0, 0, 0, 0, 0], [0, 0, 0, 1, 0, 0, 0, 0, 0, 0, 0, 0, 0, 0, 0, 0, 0, 0, 0, 0, 0, 0], [0, 0, 0, 0, 1, 0, 0, 0, 0, 0, 0, 0, 0, 0, 0, 0, 0, 0, 0, 0, 0, 0], [0, 0, 0, 0, 0, 1, 0, 0, 0, 0, 0, 0, 0, 0, 0, 0, 0, 0, 0, 0, 0, 0], [0, 0, 0, 0, 0, 0, 1, 0, 0, 0, 0, 0, 0, 0, 0, 0, 0, 0, 0, 0, 0, 0], [0, 0, 0, 0, 0, 0, 0, 1, 0, 0, 0, 0, 0, 0, 0, 0, 0, 0, 0, 0, 0, 0], [0, 0, 0, 0, 0, 0, 0, 0, 1, 0, 0, 0, 0, 0, 0, 0, 0, 0, 0, 0, 0, 0], [0, 0, 0, 0, 0, 0, 0, 0, 0, 1, 0, 0, 0, 0, 0, 0, 0, 0, 0, 0, 0, 0], [0, 0, 0, 0, 0, 0, 0, 0, 0, 0, 1, 0, 0, 0, 0, 0, 0, 0, 0, 0, 0, 0], [0, 0, 0, 0, 0, 0, 0, 0, 0, 0, 0, 1, 0, 0, 0, 0, 0, 0, 0, 0, 0, 0], [0, 0, 0, 0, 0, 0, 0, 0, 0, 0, 0, 0, 1, 0, 0, 0, 0, 0, 0, 0, 0, 0], [0, 0, 0, 0, 0, 0, 0, 0, 0, 0, 0, 0, 0, 1, 0, 0, 0, 0, 0, 0, 0, 0], [0, 0, 0, 0, 0, 0, 0, 0, 0, 0, 0, 0, 0, 0, 1, 0, 0, 0, 0, 0, 0, 0], [0, 0, 0, 0, 0, 0, 0, 0, 0, 0, 0, 0, 0, 0, 0, 1, 0, 0, 0, 0, 0, 0], [0, 0, 0, 0, 0, 0, 0, 0, 0, 0, 0, 0, 0, 0, 0, 0, 1, 0, 0, 0, 0, 0], [0, 0, 0, 0, 0, 0, 0, 0, 0, 0, 0, 0, 0, 0, 0, 0, 0, 1, 0, 0, 0, 0], [0, 0, 0, 0, 0, 0, 0, 0, 0, 0, 0, 0, 0, 0, 0, 0, 0, 0, 1, 0, 0, 0], [0, 0, 0, 0, 0, 0, 0, 0, 0, 0, 0, 0, 0, 0, 0, 0, 0, 0, 0, 1, 0, 0], [0, 0, 0, 0, 0, 0, 0, 0, 0, 0, 0, 0, 0, 0, 0, 0, 0, 0, 0, 0, 1, 0], [0, 0, 0, 0, 0, 0, 0, 0, 0, 0, 0, 0, 0, 0, 0, 0, 0, 0, 0, 0, 0, 1]]
[[3, 3, 3, 5, 4, 1, 7, 3, 0, -3, 4, 3, 5, 0, -4, 1, 1, 0, -3, 0, -1, -1], [5, 6, 6, 8, 7, 3, 12, 6, 1, -5, 7, 4, 9, 1, -7, 2, 2, -1, -5, 0, -2, -2], [2, 2, 3, 4, 3, 1, 5, 2, 0, -3, 3, 2, 4, 0, -3, 1, 1, 0, -2, 0, -1, -1], [-3, -5, -4, -3, -2, -4, -5, -4, -1, 2, -6, -1, -7, -1, 1, -2, 0, -3, 0, -2, 0, 1], [-5, -7, -6, -6, -4, -5, -9, -6, -2, 4, -9, -2, -10, -1, 4, -2, -1, -2, 3, -2, 1, 2], [2, 4, 3, 2, 1, 4, 3, 3, 1, -1, 5, 0, 5, 1, 0, 1, 0, 3, 0, 2, 0, -1], [7, 9, 7, 8, 8, 7, 12, 8, 2, -4, 10, 3, 11, 0, -10, 1, 0, -4, -8, -1, -3, -3], [-5, -6, -5, -7, -7, -4, -10, -5, -1, 4, -7, -3, -8, 0, 8, -1, -1, 3, 6, 1, 2, 2], [-3, -4, -4, -4, -3, -3, -6, -4, 0, 2, -5, -2, -6, -1, 3, -1, -1, -1, 2, -1, 1, 1], [-3, -5, -5, -4, -3, -3, -7, -4, -2, 4, -7, -2, -8, -1, 1, -2, -1, -4, 1, -3, 0, 1], [-2, -2, -1, -3, -5, -1, -4, -2, 0, 1, 0, -3, -1, 2, 9, 2, 0, 8, 8, 4, 3, 1], [-1, -1, 0, -1, -3, -1, -1, -1, 0, -1, 1, -1, 1, 2, 7, 2, 1, 8, 6, 4, 2, 0], [-2, -2, -3, -3, -2, -1, -5, -2, -1, 3, -4, -1, -4, -1, 0, -2, -1, -3, 0, -2, 0, 1], [0, 0, 0, -1, -1, 0, -1, -1, 1, -1, 1, -1, 1, 1, 3, 1, 0, 3, 2, 2, 1, 0], [2, 4, 4, 4, 0, 3, 5, 4, 0, -2, 6, 0, 7, 3, 4, 3, 1, 8, 4, 4, 1, -1], [-4, -4, -4, -6, -7, -2, -9, -4, -1, 4, -5, -3, -6, 1, 8, 0, 0, 5, 7, 2, 2, 2], [-1, 0, 0, 0, -2, 0, -1, 0, -1, 1, 0, -1, 0, 1, 3, 1, 0, 3, 3, 1, 1, 0], [0, 0, -1, -2, -1, 1, -3, 0, 0, 2, -1, -2, -2, 0, 0, -1, -1, -1, 0, -1, 0, 0], [-1, -2, -1, 0, 2, -3, 1, -2, 0, -1, -2, 2, -2, -2, -3, -1, 0, -4, -3, -2, -1, 0], [-2, -5, -4, -1, 3, -5, -1, -4, -1, 0, -7, 3, -7, -4, -7, -3, 0, -11, -7, -5, -2, 1], [0, 0, 0, -1, -2, 1, -2, 0, 0, 1, 0, -1, 0, 1, 2, 0, 0, 2, 2, 1, 1, 0], [2, 3, 2, 2, 1, 3, 2, 3, 0, 0, 3, 0, 3, 1, -2, 0, 0, 0, -1, 0, -1, 0]]
[[1, 0, 0, 0, 0, 0, 0, 0, 0, 0, 0, 0, 0, 0, 0, 0, 0, 0, 0, 0, 0, 0], [0, 1, 0, 0, 0, 0, 0, 0, 0, 0, 0, 0, 0, 0, 0, 0, 0, 0, 0, 0, 0, 0], [0, 0, 1, 0, 0, 0, 0, 0, 0, 0, 0, 0, 0, 0, 0, 0, 0, 0, 0, 0, 0, 0], [0, 0, 0, 1, 0, 0, 0, 0, 0, 0, 0, 0, 0, 0, 0, 0, 0, 0, 0, 0, 0, 0], [0, 0, 0, 0, 1, 0, 0, 0, 0, 0, 0, 0, 0, 0, 0, 0, 0, 0, 0, 0, 0, 0], [0, 0, 0, 0, 0, 1, 0, 0, 0, 0, 0, 0, 0, 0, 0, 0, 0, 0, 0, 0, 0, 0], [0, 0, 0, 0, 0, 0, 1, 0, 0, 0, 0, 0, 0, 0, 0, 0, 0, 0, 0, 0, 0, 0], [0, 0, 0, 0, 0, 0, 0, 1, 0, 0, 0, 0, 0, 0, 0, 0, 0, 0, 0, 0, 0, 0], [0, 0, 0, 0, 0, 0, 0, 0, 1, 0, 0, 0, 0, 0, 0, 0, 0, 0, 0, 0, 0, 0], [0, 0, 0, 0, 0, 0, 0, 0, 0, 1, 0, 0, 0, 0, 0, 0, 0, 0, 0, 0, 0, 0], [0, 0, 0, 0, 0, 0, 0, 0, 0, 0, 1, 0, 0, 0, 0, 0, 0, 0, 0, 0, 0, 0], [0, 0, 0, 0, 0, 0, 0, 0, 0, 0, 0, 1, 0, 0, 0, 0, 0, 0, 0, 0, 0, 0], [0, 0, 0, 0, 0, 0, 0, 0, 0, 0, 0, 0, 1, 0, 0, 0, 0, 0, 0, 0, 0, 0], [0, 0, 0, 0, 0, 0, 0, 0, 0, 0, 0, 0, 0, 1, 0, 0, 0, 0, 0, 0, 0, 0], [0, 0, 0, 0, 0, 0, 0, 0, 0, 0, 0, 0, 0, 0, 1, 0, 0, 0, 0, 0, 0, 0], [0, 0, 0, 0, 0, 0, 0, 0, 0, 0, 0, 0, 0, 0, 0, 1, 0, 0, 0, 0, 0, 0], [0, 0, 0, 0, 0, 0, 0, 0, 0, 0, 0, 0, 0, 0, 0, 0, 1, 0, 0, 0, 0, 0], [0, 0, 0, 0, 0, 0, 0, 0, 0, 0, 0, 0, 0, 0, 0, 0, 0, 1, 0, 0, 0, 0], [0, 0, 0, 0, 0, 0, 0, 0, 0, 0, 0, 0, 0, 0, 0, 0, 0, 0, 1, 0, 0, 0], [0, 0, 0, 0, 0, 0, 0, 0, 0, 0, 0, 0, 0, 0, 0, 0, 0, 0, 0, 1, 0, 0], [0, 0, 0, 0, 0, 0, 0, 0, 0, 0, 0, 0, 0, 0, 0, 0, 0, 0, 0, 0, 1, 0], [0, 0, 0, 0, 0, 0, 0, 0, 0, 0, 0, 0, 0, 0, 0, 0, 0, 0, 0, 0, 0, 1]]
[[-3, -4, -3, -3, -2, -4, -5, -5, 0, 0, -5, 0, -5, 0, 3, -2, 0, 0, 1, -1, 0, 2], [-5, -6, -5, -5, -4, -6, -8, -7, 0, 1, -8, -1, -9, -1, 4, -3, -1, -2, 0, -2, 0, 2], [-2, -2, -1, -1, 0, -2, -2, -3, 0, -1, -2, 0, -2, 0, 2, -1, 0, 0, 0, 0, 0, 1], [0, 0, 0, 0, 0, 0, 0, 1, 0, 1, 0, 0, 0, 0, 0, -1, 0, 0, 0, 0, 0, 1], [1, 1, 1, 0, 0, 1, 1, 2, 0, 1, 1, 1, 2, 0, -1, 0, 1, 1, 0, 1, 0, 0], [2, 2, 2, 2, 1, 2, 3, 2, 0, -1, 3, 0, 3, 1, -1, 2, 0, 1, 0, 1, 0, -1], [-4, -6, -4, -3, -3, -5, -6, -7, 0, 0, -7, -2, -9, -1, 3, -1, -2, -3, 0, -3, 0, 0], [4, 6, 4, 4, 3, 5, 7, 7, 0, -1, 7, 2, 9, 1, -3, 2, 2, 3, 0, 3, 0, -1], [2, 2, 1, 1, 1, 2, 2, 3, 0, 1, 2, 0, 2, 0, -2, 0, 0, 0, -1, 0, 0, -1], [0, 0, 0, 0, 0, 0, 0, 0, 0, 1, 0, 0, 0, 0, 0, 0, 0, 0, 0, 0, 0, 0], [4, 6, 4, 4, 3, 5, 7, 6, 0, -1, 8, 2, 9, 1, -3, 2, 2, 3, 0, 3, 0, -1], [2, 3, 1, 1, 1, 3, 3, 4, -1, 1, 3, 2, 4, 1, -2, 0, 2, 1, -1, 2, -1, 0], [1, 1, 1, 1, 1, 1, 1, 1, 0, 0, 1, -1, 1, 0, -1, 1, -1, -1, 0, -1, 0, -1], [2, 2, 1, 1, 1, 3, 2, 3, 0, 1, 2, 0, 2, 0, -2, 0, 0, -1, -1, 0, 0, -1], [2, 4, 3, 3, 2, 2, 5, 3, 0, -2, 5, 2, 7, 2, 0, 2, 2, 4, 1, 3, 0, 0], [4, 6, 4, 4, 3, 5, 7, 6, 0, -1, 7, 2, 9, 1, -3, 3, 2, 3, 0, 3, 0, -1], [2, 3, 3, 3, 3, 1, 5, 2, 1, -3, 5, 1, 6, 1, 0, 2, 1, 3, 1, 2, 1, 0], [2, 2, 2, 2, 1, 2, 3, 2, 1, -1, 3, 0, 3, 0, -1, 2, 0, 1, 0, 1, 0, -1], [-3, -5, -4, -4, -3, -4, -6, -4, -1, 2, -6, -1, -7, -1, 2, -3, -1, -2, 0, -2, 0, 1], [-6, -8, -6, -7, -5, -6, -11, -7, -1, 4, -11, -2, -13, -2, 3, -5, -2, -4, 0, -4, 0, 2], [1, 2, 1, 1, 1, 2, 2, 2, 0, 0, 2, 0, 2, 1, -1, 1, 1, 0, 0, 1, 0, 0], [0, 0, 0, 1, 0, 0, 0, -1, 0, -1, 0, 0, 0, 0, 0, 1, 0, 0, 0, 0, 0, 0]]
[[1, 0, 0, 0, 0, 0, 0, 0, 0, 0, 0, 0, 0, 0, 0, 0, 0, 0, 0, 0, 0, 0], [0, 1, 0, 0, 0, 0, 0, 0, 0, 0, 0, 0, 0, 0, 0, 0, 0, 0, 0, 0, 0, 0], [0, 0, 1, 0, 0, 0, 0, 0, 0, 0, 0, 0, 0, 0, 0, 0, 0, 0, 0, 0, 0, 0], [0, 0, 0, 1, 0, 0, 0, 0, 0, 0, 0, 0, 0, 0, 0, 0, 0, 0, 0, 0, 0, 0], [0, 0, 0, 0, 1, 0, 0, 0, 0, 0, 0, 0, 0, 0, 0, 0, 0, 0, 0, 0, 0, 0], [0, 0, 0, 0, 0, 1, 0, 0, 0, 0, 0, 0, 0, 0, 0, 0, 0, 0, 0, 0, 0, 0], [0, 0, 0, 0, 0, 0, 1, 0, 0, 0, 0, 0, 0, 0, 0, 0, 0, 0, 0, 0, 0, 0], [0, 0, 0, 0, 0, 0, 0, 1, 0, 0, 0, 0, 0, 0, 0, 0, 0, 0, 0, 0, 0, 0], [0, 0, 0, 0, 0, 0, 0, 0, 1, 0, 0, 0, 0, 0, 0, 0, 0, 0, 0, 0, 0, 0], [0, 0, 0, 0, 0, 0, 0, 0, 0, 1, 0, 0, 0, 0, 0, 0, 0, 0, 0, 0, 0, 0], [0, 0, 0, 0, 0, 0, 0, 0, 0, 0, 1, 0, 0, 0, 0, 0, 0, 0, 0, 0, 0, 0], [0, 0, 0, 0, 0, 0, 0, 0, 0, 0, 0, 1, 0, 0, 0, 0, 0, 0, 0, 0, 0, 0], [0, 0, 0, 0, 0, 0, 0, 0, 0, 0, 0, 0, 1, 0, 0, 0, 0, 0, 0, 0, 0, 0], [0, 0, 0, 0, 0, 0, 0, 0, 0, 0, 0, 0, 0, 1, 0, 0, 0, 0, 0, 0, 0, 0], [0, 0, 0, 0, 0, 0, 0, 0, 0, 0, 0, 0, 0, 0, 1, 0, 0, 0, 0, 0, 0, 0], [0, 0, 0, 0, 0, 0, 0, 0, 0, 0, 0, 0, 0, 0, 0, 1, 0, 0, 0, 0, 0, 0], [0, 0, 0, 0, 0, 0, 0, 0, 0, 0, 0, 0, 0, 0, 0, 0, 1, 0, 0, 0, 0, 0], [0, 0, 0, 0, 0, 0, 0, 0, 0, 0, 0, 0, 0, 0, 0, 0, 0, 1, 0, 0, 0, 0], [0, 0, 0, 0, 0, 0, 0, 0, 0, 0, 0, 0, 0, 0, 0, 0, 0, 0, 1, 0, 0, 0], [0, 0, 0, 0, 0, 0, 0, 0, 0, 0, 0, 0, 0, 0, 0, 0, 0, 0, 0, 1, 0, 0], [0, 0, 0, 0, 0, 0, 0, 0, 0, 0, 0, 0, 0, 0, 0, 0, 0, 0, 0, 0, 1, 0], [0, 0, 0, 0, 0, 0, 0, 0, 0, 0, 0, 0, 0, 0, 0, 0, 0, 0, 0, 0, 0, 1]]
[[-1, -4, -3, -2, -1, -3, -4, -3, 0, 1, -5, 0, -5, -1, 0, -3, -1, -4, -2, -3, -1, 1], [-3, -6, -5, -3, -1, -5, -6, -5, 0, 1, -8, 0, -8, -2, 0, -5, -2, -7, -4, -5, -2, 1], [-1, -3, -1, -1, 0, -2, -2, -2, 0, 0, -3, 0, -3, -1, 0, -2, -1, -3, -2, -2, -1, 0], [2, 3, 3, 3, 2, 2, 4, 2, 1, -2, 5, 0, 5, 0, 0, 2, 0, 3, 1, 2, 1, -1], [3, 5, 4, 3, 2, 4, 5, 4, 0, -1, 7, 0, 7, 2, 0, 3, 1, 5, 2, 4, 1, -1], [-1, -1, -1, -1, -1, 0, -2, -1, 0, 1, -2, 0, -2, 0, 0, -1, 0, -1, 0, -1, 0, 1], [-6, -9, -8, -6, -4, -7, -10, -7, -1, 4, -14, 0, -14, -2, 0, -6, -1, -9, -3, -7, -2, 3], [5, 8, 7, 5, 3, 6, 9, 7, 1, -3, 12, 0, 12, 2, 0, 5, 1, 8, 3, 6, 2, -2], [2, 4, 3, 2, 1, 3, 4, 3, 1, -1, 5, 0, 5, 1, 0, 3, 1, 4, 2, 3, 1, -1], [1, 2, 1, 1, 0, 2, 2, 2, -1, 1, 2, 0, 2, 1, 0, 2, 1, 2, 1, 2, 0, -1], [3, 5, 4, 3, 2, 4, 6, 4, 0, -2, 8, 0, 7, 1, 0, 4, 1, 5, 2, 4, 1, -2], [3, 4, 4, 3, 3, 3, 6, 3, 1, -3, 7, 1, 7, 0, 0, 3, 0, 4, 1, 3, 1, -2], [0, 1, 0, 0, -1, 1, 0, 1, -1, 1, 0, 0, 1, 1, 0, 1, 1, 1, 1, 1, 0, 0], [1, 2, 2, 1, 2, 1, 3, 1, 1, -2, 3, 0, 3, 0, 0, 2, 0, 2, 1, 1, 1, -1], [2, 2, 2, 2, 1, 2, 3, 2, 0, -1, 4, 0, 4, 1, 1, 1, 0, 2, 0, 2, 0, -1], [4, 6, 5, 4, 2, 5, 7, 5, 0, -2, 9, 0, 9, 2, 0, 5, 1, 6, 2, 5, 1, -2], [2, 2, 2, 2, 1, 2, 3, 2, 0, -1, 4, 0, 4, 1, 0, 1, 1, 2, 0, 2, 0, -1], [0, 1, 0, 0, -1, 1, 0, 1, -1, 1, 0, 0, 0, 1, 0, 1, 1, 2, 1, 1, 0, 0], [-1, -2, -1, -1, 0, -2, -2, -2, 1, 0, -2, 0, -2, -1, 0, -2, -1, -2, 0, -2, 0, 1], [-3, -4, -3, -3, -1, -4, -5, -4, 1, 1, -6, 0, -6, -2, 0, -3, -1, -4, -1, -3, 0, 2], [1, 1, 1, 1, 1, 1, 2, 1, 0, -1, 2, 0, 2, 0, 0, 1, 0, 1, 0, 1, 1, -1], [-1, -2, -2, -1, -1, -1, -2, -1, -1, 1, -3, 0, -3, 0, 0, -1, 0, -2, -1, -1, -1, 1]]
[[1, 0, 0, 0, 0, 0, 0, 0, 0, 0, 0, 0, 0, 0, 0, 0, 0, 0, 0, 0, 0, 0], [0, 1, 0, 0, 0, 0, 0, 0, 0, 0, 0, 0, 0, 0, 0, 0, 0, 0, 0, 0, 0, 0], [0, 0, 1, 0, 0, 0, 0, 0, 0, 0, 0, 0, 0, 0, 0, 0, 0, 0, 0, 0, 0, 0], [0, 0, 0, 1, 0, 0, 0, 0, 0, 0, 0, 0, 0, 0, 0, 0, 0, 0, 0, 0, 0, 0], [0, 0, 0, 0, 1, 0, 0, 0, 0, 0, 0, 0, 0, 0, 0, 0, 0, 0, 0, 0, 0, 0], [0, 0, 0, 0, 0, 1, 0, 0, 0, 0, 0, 0, 0, 0, 0, 0, 0, 0, 0, 0, 0, 0], [0, 0, 0, 0, 0, 0, 1, 0, 0, 0, 0, 0, 0, 0, 0, 0, 0, 0, 0, 0, 0, 0], [0, 0, 0, 0, 0, 0, 0, 1, 0, 0, 0, 0, 0, 0, 0, 0, 0, 0, 0, 0, 0, 0], [0, 0, 0, 0, 0, 0, 0, 0, 1, 0, 0, 0, 0, 0, 0, 0, 0, 0, 0, 0, 0, 0], [0, 0, 0, 0, 0, 0, 0, 0, 0, 1, 0, 0, 0, 0, 0, 0, 0, 0, 0, 0, 0, 0], [0, 0, 0, 0, 0, 0, 0, 0, 0, 0, 1, 0, 0, 0, 0, 0, 0, 0, 0, 0, 0, 0], [0, 0, 0, 0, 0, 0, 0, 0, 0, 0, 0, 1, 0, 0, 0, 0, 0, 0, 0, 0, 0, 0], [0, 0, 0, 0, 0, 0, 0, 0, 0, 0, 0, 0, 1, 0, 0, 0, 0, 0, 0, 0, 0, 0], [0, 0, 0, 0, 0, 0, 0, 0, 0, 0, 0, 0, 0, 1, 0, 0, 0, 0, 0, 0, 0, 0], [0, 0, 0, 0, 0, 0, 0, 0, 0, 0, 0, 0, 0, 0, 1, 0, 0, 0, 0, 0, 0, 0], [0, 0, 0, 0, 0, 0, 0, 0, 0, 0, 0, 0, 0, 0, 0, 1, 0, 0, 0, 0, 0, 0], [0, 0, 0, 0, 0, 0, 0, 0, 0, 0, 0, 0, 0, 0, 0, 0, 1, 0, 0, 0, 0, 0], [0, 0, 0, 0, 0, 0, 0, 0, 0, 0, 0, 0, 0, 0, 0, 0, 0, 1, 0, 0, 0, 0], [0, 0, 0, 0, 0, 0, 0, 0, 0, 0, 0, 0, 0, 0, 0, 0, 0, 0, 1, 0, 0, 0], [0, 0, 0, 0, 0, 0, 0, 0, 0, 0, 0, 0, 0, 0, 0, 0, 0, 0, 0, 1, 0, 0], [0, 0, 0, 0, 0, 0, 0, 0, 0, 0, 0, 0, 0, 0, 0, 0, 0, 0, 0, 0, 1, 0], [0, 0, 0, 0, 0, 0, 0, 0, 0, 0, 0, 0, 0, 0, 0, 0, 0, 0, 0, 0, 0, 1]]
[[1, 0, 0, 0, 0, 0, 0, 0, 0, 0, 0, 0, 0, 0, 0, 0, 0, 0, 0, 0, 0, 0], [0, 1, 0, 0, 0, 0, 0, 0, 0, 0, 0, 0, 0, 0, 0, 0, 0, 0, 0, 0, 0, 0], [0, 0, 1, 0, 0, 0, 0, 0, 0, 0, 0, 0, 0, 0, 0, 0, 0, 0, 0, 0, 0, 0], [0, 0, 0, 1, 0, 0, 0, 0, 0, 0, 0, 0, 0, 0, 0, 0, 0, 0, 0, 0, 0, 0], [0, 0, 0, 0, 1, 0, 0, 0, 0, 0, 0, 0, 0, 0, 0, 0, 0, 0, 0, 0, 0, 0], [0, 0, 0, 0, 0, 1, 0, 0, 0, 0, 0, 0, 0, 0, 0, 0, 0, 0, 0, 0, 0, 0], [0, 0, 0, 0, 0, 0, 1, 0, 0, 0, 0, 0, 0, 0, 0, 0, 0, 0, 0, 0, 0, 0], [0, 0, 0, 0, 0, 0, 0, 1, 0, 0, 0, 0, 0, 0, 0, 0, 0, 0, 0, 0, 0, 0], [0, 0, 0, 0, 0, 0, 0, 0, 1, 0, 0, 0, 0, 0, 0, 0, 0, 0, 0, 0, 0, 0], [0, 0, 0, 0, 0, 0, 0, 0, 0, 1, 0, 0, 0, 0, 0, 0, 0, 0, 0, 0, 0, 0], [0, 0, 0, 0, 0, 0, 0, 0, 0, 0, 1, 0, 0, 0, 0, 0, 0, 0, 0, 0, 0, 0], [0, 0, 0, 0, 0, 0, 0, 0, 0, 0, 0, 1, 0, 0, 0, 0, 0, 0, 0, 0, 0, 0], [0, 0, 0, 0, 0, 0, 0, 0, 0, 0, 0, 0, 1, 0, 0, 0, 0, 0, 0, 0, 0, 0], [0, 0, 0, 0, 0, 0, 0, 0, 0, 0, 0, 0, 0, 1, 0, 0, 0, 0, 0, 0, 0, 0], [0, 0, 0, 0, 0, 0, 0, 0, 0, 0, 0, 0, 0, 0, 1, 0, 0, 0, 0, 0, 0, 0], [0, 0, 0, 0, 0, 0, 0, 0, 0, 0, 0, 0, 0, 0, 0, 1, 0, 0, 0, 0, 0, 0], [0, 0, 0, 0, 0, 0, 0, 0, 0, 0, 0, 0, 0, 0, 0, 0, 1, 0, 0, 0, 0, 0], [0, 0, 0, 0, 0, 0, 0, 0, 0, 0, 0, 0, 0, 0, 0, 0, 0, 1, 0, 0, 0, 0], [0, 0, 0, 0, 0, 0, 0, 0, 0, 0, 0, 0, 0, 0, 0, 0, 0, 0, 1, 0, 0, 0], [0, 0, 0, 0, 0, 0, 0, 0, 0, 0, 0, 0, 0, 0, 0, 0, 0, 0, 0, 1, 0, 0], [0, 0, 0, 0, 0, 0, 0, 0, 0, 0, 0, 0, 0, 0, 0, 0, 0, 0, 0, 0, 1, 0], [0, 0, 0, 0, 0, 0, 0, 0, 0, 0, 0, 0, 0, 0, 0, 0, 0, 0, 0, 0, 0, 1]]
[[1, 0, 0, 0, 0, 0, 0, 0, 0, 0, 0, 0, 0, 0, 0, 0, 0, 0, 0, 0, 0, 0], [0, 1, 0, 0, 0, 0, 0, 0, 0, 0, 0, 0, 0, 0, 0, 0, 0, 0, 0, 0, 0, 0], [0, 0, 1, 0, 0, 0, 0, 0, 0, 0, 0, 0, 0, 0, 0, 0, 0, 0, 0, 0, 0, 0], [0, 0, 0, 1, 0, 0, 0, 0, 0, 0, 0, 0, 0, 0, 0, 0, 0, 0, 0, 0, 0, 0], [0, 0, 0, 0, 1, 0, 0, 0, 0, 0, 0, 0, 0, 0, 0, 0, 0, 0, 0, 0, 0, 0], [0, 0, 0, 0, 0, 1, 0, 0, 0, 0, 0, 0, 0, 0, 0, 0, 0, 0, 0, 0, 0, 0], [0, 0, 0, 0, 0, 0, 1, 0, 0, 0, 0, 0, 0, 0, 0, 0, 0, 0, 0, 0, 0, 0], [0, 0, 0, 0, 0, 0, 0, 1, 0, 0, 0, 0, 0, 0, 0, 0, 0, 0, 0, 0, 0, 0], [0, 0, 0, 0, 0, 0, 0, 0, 1, 0, 0, 0, 0, 0, 0, 0, 0, 0, 0, 0, 0, 0], [0, 0, 0, 0, 0, 0, 0, 0, 0, 1, 0, 0, 0, 0, 0, 0, 0, 0, 0, 0, 0, 0], [0, 0, 0, 0, 0, 0, 0, 0, 0, 0, 1, 0, 0, 0, 0, 0, 0, 0, 0, 0, 0, 0], [0, 0, 0, 0, 0, 0, 0, 0, 0, 0, 0, 1, 0, 0, 0, 0, 0, 0, 0, 0, 0, 0], [0, 0, 0, 0, 0, 0, 0, 0, 0, 0, 0, 0, 1, 0, 0, 0, 0, 0, 0, 0, 0, 0], [0, 0, 0, 0, 0, 0, 0, 0, 0, 0, 0, 0, 0, 1, 0, 0, 0, 0, 0, 0, 0, 0], [0, 0, 0, 0, 0, 0, 0, 0, 0, 0, 0, 0, 0, 0, 1, 0, 0, 0, 0, 0, 0, 0], [0, 0, 0, 0, 0, 0, 0, 0, 0, 0, 0, 0, 0, 0, 0, 1, 0, 0, 0, 0, 0, 0], [0, 0, 0, 0, 0, 0, 0, 0, 0, 0, 0, 0, 0, 0, 0, 0, 1, 0, 0, 0, 0, 0], [0, 0, 0, 0, 0, 0, 0, 0, 0, 0, 0, 0, 0, 0, 0, 0, 0, 1, 0, 0, 0, 0], [0, 0, 0, 0, 0, 0, 0, 0, 0, 0, 0, 0, 0, 0, 0, 0, 0, 0, 1, 0, 0, 0], [0, 0, 0, 0, 0, 0, 0, 0, 0, 0, 0, 0, 0, 0, 0, 0, 0, 0, 0, 1, 0, 0], [0, 0, 0, 0, 0, 0, 0, 0, 0, 0, 0, 0, 0, 0, 0, 0, 0, 0, 0, 0, 1, 0], [0, 0, 0, 0, 0, 0, 0, 0, 0, 0, 0, 0, 0, 0, 0, 0, 0, 0, 0, 0, 0, 1]]
[[1, 0, 0, 0, 0, 0, 0, 0, 0, 0, 0, 0, 0, 0, 0, 0, 0, 0, 0, 0, 0, 0], [0, 1, 0, 0, 0, 0, 0, 0, 0, 0, 0, 0, 0, 0, 0, 0, 0, 0, 0, 0, 0, 0], [0, 0, 1, 0, 0, 0, 0, 0, 0, 0, 0, 0, 0, 0, 0, 0, 0, 0, 0, 0, 0, 0], [0, 0, 0, 1, 0, 0, 0, 0, 0, 0, 0, 0, 0, 0, 0, 0, 0, 0, 0, 0, 0, 0], [0, 0, 0, 0, 1, 0, 0, 0, 0, 0, 0, 0, 0, 0, 0, 0, 0, 0, 0, 0, 0, 0], [0, 0, 0, 0, 0, 1, 0, 0, 0, 0, 0, 0, 0, 0, 0, 0, 0, 0, 0, 0, 0, 0], [0, 0, 0, 0, 0, 0, 1, 0, 0, 0, 0, 0, 0, 0, 0, 0, 0, 0, 0, 0, 0, 0], [0, 0, 0, 0, 0, 0, 0, 1, 0, 0, 0, 0, 0, 0, 0, 0, 0, 0, 0, 0, 0, 0], [0, 0, 0, 0, 0, 0, 0, 0, 1, 0, 0, 0, 0, 0, 0, 0, 0, 0, 0, 0, 0, 0], [0, 0, 0, 0, 0, 0, 0, 0, 0, 1, 0, 0, 0, 0, 0, 0, 0, 0, 0, 0, 0, 0], [0, 0, 0, 0, 0, 0, 0, 0, 0, 0, 1, 0, 0, 0, 0, 0, 0, 0, 0, 0, 0, 0], [0, 0, 0, 0, 0, 0, 0, 0, 0, 0, 0, 1, 0, 0, 0, 0, 0, 0, 0, 0, 0, 0], [0, 0, 0, 0, 0, 0, 0, 0, 0, 0, 0, 0, 1, 0, 0, 0, 0, 0, 0, 0, 0, 0], [0, 0, 0, 0, 0, 0, 0, 0, 0, 0, 0, 0, 0, 1, 0, 0, 0, 0, 0, 0, 0, 0], [0, 0, 0, 0, 0, 0, 0, 0, 0, 0, 0, 0, 0, 0, 1, 0, 0, 0, 0, 0, 0, 0], [0, 0, 0, 0, 0, 0, 0, 0, 0, 0, 0, 0, 0, 0, 0, 1, 0, 0, 0, 0, 0, 0], [0, 0, 0, 0, 0, 0, 0, 0, 0, 0, 0, 0, 0, 0, 0, 0, 1, 0, 0, 0, 0, 0], [0, 0, 0, 0, 0, 0, 0, 0, 0, 0, 0, 0, 0, 0, 0, 0, 0, 1, 0, 0, 0, 0], [0, 0, 0, 0, 0, 0, 0, 0, 0, 0, 0, 0, 0, 0, 0, 0, 0, 0, 1, 0, 0, 0], [0, 0, 0, 0, 0, 0, 0, 0, 0, 0, 0, 0, 0, 0, 0, 0, 0, 0, 0, 1, 0, 0], [0, 0, 0, 0, 0, 0, 0, 0, 0, 0, 0, 0, 0, 0, 0, 0, 0, 0, 0, 0, 1, 0], [0, 0, 0, 0, 0, 0, 0, 0, 0, 0, 0, 0, 0, 0, 0, 0, 0, 0, 0, 0, 0, 1]]
[[1, 0, 0, 0, 0, 0, 0, 0, 0, 0, 0, 0, 0, 0, 0, 0, 0, 0, 0, 0, 0, 0], [0, 1, 0, 0, 0, 0, 0, 0, 0, 0, 0, 0, 0, 0, 0, 0, 0, 0, 0, 0, 0, 0], [0, 0, 1, 0, 0, 0, 0, 0, 0, 0, 0, 0, 0, 0, 0, 0, 0, 0, 0, 0, 0, 0], [0, 0, 0, 1, 0, 0, 0, 0, 0, 0, 0, 0, 0, 0, 0, 0, 0, 0, 0, 0, 0, 0], [0, 0, 0, 0, 1, 0, 0, 0, 0, 0, 0, 0, 0, 0, 0, 0, 0, 0, 0, 0, 0, 0], [0, 0, 0, 0, 0, 1, 0, 0, 0, 0, 0, 0, 0, 0, 0, 0, 0, 0, 0, 0, 0, 0], [0, 0, 0, 0, 0, 0, 1, 0, 0, 0, 0, 0, 0, 0, 0, 0, 0, 0, 0, 0, 0, 0], [0, 0, 0, 0, 0, 0, 0, 1, 0, 0, 0, 0, 0, 0, 0, 0, 0, 0, 0, 0, 0, 0], [0, 0, 0, 0, 0, 0, 0, 0, 1, 0, 0, 0, 0, 0, 0, 0, 0, 0, 0, 0, 0, 0], [0, 0, 0, 0, 0, 0, 0, 0, 0, 1, 0, 0, 0, 0, 0, 0, 0, 0, 0, 0, 0, 0], [0, 0, 0, 0, 0, 0, 0, 0, 0, 0, 1, 0, 0, 0, 0, 0, 0, 0, 0, 0, 0, 0], [0, 0, 0, 0, 0, 0, 0, 0, 0, 0, 0, 1, 0, 0, 0, 0, 0, 0, 0, 0, 0, 0], [0, 0, 0, 0, 0, 0, 0, 0, 0, 0, 0, 0, 1, 0, 0, 0, 0, 0, 0, 0, 0, 0], [0, 0, 0, 0, 0, 0, 0, 0, 0, 0, 0, 0, 0, 1, 0, 0, 0, 0, 0, 0, 0, 0], [0, 0, 0, 0, 0, 0, 0, 0, 0, 0, 0, 0, 0, 0, 1, 0, 0, 0, 0, 0, 0, 0], [0, 0, 0, 0, 0, 0, 0, 0, 0, 0, 0, 0, 0, 0, 0, 1, 0, 0, 0, 0, 0, 0], [0, 0, 0, 0, 0, 0, 0, 0, 0, 0, 0, 0, 0, 0, 0, 0, 1, 0, 0, 0, 0, 0], [0, 0, 0, 0, 0, 0, 0, 0, 0, 0, 0, 0, 0, 0, 0, 0, 0, 1, 0, 0, 0, 0], [0, 0, 0, 0, 0, 0, 0, 0, 0, 0, 0, 0, 0, 0, 0, 0, 0, 0, 1, 0, 0, 0], [0, 0, 0, 0, 0, 0, 0, 0, 0, 0, 0, 0, 0, 0, 0, 0, 0, 0, 0, 1, 0, 0], [0, 0, 0, 0, 0, 0, 0, 0, 0, 0, 0, 0, 0, 0, 0, 0, 0, 0, 0, 0, 1, 0], [0, 0, 0, 0, 0, 0, 0, 0, 0, 0, 0, 0, 0, 0, 0, 0, 0, 0, 0, 0, 0, 1]]
[[1, 0, 0, 0, 0, 0, 0, 0, 0, 0, 0, 0, 0, 0, 0, 0, 0, 0, 0, 0, 0, 0], [0, 1, 0, 0, 0, 0, 0, 0, 0, 0, 0, 0, 0, 0, 0, 0, 0, 0, 0, 0, 0, 0], [0, 0, 1, 0, 0, 0, 0, 0, 0, 0, 0, 0, 0, 0, 0, 0, 0, 0, 0, 0, 0, 0], [0, 0, 0, 1, 0, 0, 0, 0, 0, 0, 0, 0, 0, 0, 0, 0, 0, 0, 0, 0, 0, 0], [0, 0, 0, 0, 1, 0, 0, 0, 0, 0, 0, 0, 0, 0, 0, 0, 0, 0, 0, 0, 0, 0], [0, 0, 0, 0, 0, 1, 0, 0, 0, 0, 0, 0, 0, 0, 0, 0, 0, 0, 0, 0, 0, 0], [0, 0, 0, 0, 0, 0, 1, 0, 0, 0, 0, 0, 0, 0, 0, 0, 0, 0, 0, 0, 0, 0], [0, 0, 0, 0, 0, 0, 0, 1, 0, 0, 0, 0, 0, 0, 0, 0, 0, 0, 0, 0, 0, 0], [0, 0, 0, 0, 0, 0, 0, 0, 1, 0, 0, 0, 0, 0, 0, 0, 0, 0, 0, 0, 0, 0], [0, 0, 0, 0, 0, 0, 0, 0, 0, 1, 0, 0, 0, 0, 0, 0, 0, 0, 0, 0, 0, 0], [0, 0, 0, 0, 0, 0, 0, 0, 0, 0, 1, 0, 0, 0, 0, 0, 0, 0, 0, 0, 0, 0], [0, 0, 0, 0, 0, 0, 0, 0, 0, 0, 0, 1, 0, 0, 0, 0, 0, 0, 0, 0, 0, 0], [0, 0, 0, 0, 0, 0, 0, 0, 0, 0, 0, 0, 1, 0, 0, 0, 0, 0, 0, 0, 0, 0], [0, 0, 0, 0, 0, 0, 0, 0, 0, 0, 0, 0, 0, 1, 0, 0, 0, 0, 0, 0, 0, 0], [0, 0, 0, 0, 0, 0, 0, 0, 0, 0, 0, 0, 0, 0, 1, 0, 0, 0, 0, 0, 0, 0], [0, 0, 0, 0, 0, 0, 0, 0, 0, 0, 0, 0, 0, 0, 0, 1, 0, 0, 0, 0, 0, 0], [0, 0, 0, 0, 0, 0, 0, 0, 0, 0, 0, 0, 0, 0, 0, 0, 1, 0, 0, 0, 0, 0], [0, 0, 0, 0, 0, 0, 0, 0, 0, 0, 0, 0, 0, 0, 0, 0, 0, 1, 0, 0, 0, 0], [0, 0, 0, 0, 0, 0, 0, 0, 0, 0, 0, 0, 0, 0, 0, 0, 0, 0, 1, 0, 0, 0], [0, 0, 0, 0, 0, 0, 0, 0, 0, 0, 0, 0, 0, 0, 0, 0, 0, 0, 0, 1, 0, 0], [0, 0, 0, 0, 0, 0, 0, 0, 0, 0, 0, 0, 0, 0, 0, 0, 0, 0, 0, 0, 1, 0], [0, 0, 0, 0, 0, 0, 0, 0, 0, 0, 0, 0, 0, 0, 0, 0, 0, 0, 0, 0, 0, 1]]
[[1, 0, 0, 0, 0, 0, 0, 0, 0, 0, 0, 0, 0, 0, 0, 0, 0, 0, 0, 0, 0, 0], [0, 1, 0, 0, 0, 0, 0, 0, 0, 0, 0, 0, 0, 0, 0, 0, 0, 0, 0, 0, 0, 0], [0, 0, 1, 0, 0, 0, 0, 0, 0, 0, 0, 0, 0, 0, 0, 0, 0, 0, 0, 0, 0, 0], [0, 0, 0, 1, 0, 0, 0, 0, 0, 0, 0, 0, 0, 0, 0, 0, 0, 0, 0, 0, 0, 0], [0, 0, 0, 0, 1, 0, 0, 0, 0, 0, 0, 0, 0, 0, 0, 0, 0, 0, 0, 0, 0, 0], [0, 0, 0, 0, 0, 1, 0, 0, 0, 0, 0, 0, 0, 0, 0, 0, 0, 0, 0, 0, 0, 0], [0, 0, 0, 0, 0, 0, 1, 0, 0, 0, 0, 0, 0, 0, 0, 0, 0, 0, 0, 0, 0, 0], [0, 0, 0, 0, 0, 0, 0, 1, 0, 0, 0, 0, 0, 0, 0, 0, 0, 0, 0, 0, 0, 0], [0, 0, 0, 0, 0, 0, 0, 0, 1, 0, 0, 0, 0, 0, 0, 0, 0, 0, 0, 0, 0, 0], [0, 0, 0, 0, 0, 0, 0, 0, 0, 1, 0, 0, 0, 0, 0, 0, 0, 0, 0, 0, 0, 0], [0, 0, 0, 0, 0, 0, 0, 0, 0, 0, 1, 0, 0, 0, 0, 0, 0, 0, 0, 0, 0, 0], [0, 0, 0, 0, 0, 0, 0, 0, 0, 0, 0, 1, 0, 0, 0, 0, 0, 0, 0, 0, 0, 0], [0, 0, 0, 0, 0, 0, 0, 0, 0, 0, 0, 0, 1, 0, 0, 0, 0, 0, 0, 0, 0, 0], [0, 0, 0, 0, 0, 0, 0, 0, 0, 0, 0, 0, 0, 1, 0, 0, 0, 0, 0, 0, 0, 0], [0, 0, 0, 0, 0, 0, 0, 0, 0, 0, 0, 0, 0, 0, 1, 0, 0, 0, 0, 0, 0, 0], [0, 0, 0, 0, 0, 0, 0, 0, 0, 0, 0, 0, 0, 0, 0, 1, 0, 0, 0, 0, 0, 0], [0, 0, 0, 0, 0, 0, 0, 0, 0, 0, 0, 0, 0, 0, 0, 0, 1, 0, 0, 0, 0, 0], [0, 0, 0, 0, 0, 0, 0, 0, 0, 0, 0, 0, 0, 0, 0, 0, 0, 1, 0, 0, 0, 0], [0, 0, 0, 0, 0, 0, 0, 0, 0, 0, 0, 0, 0, 0, 0, 0, 0, 0, 1, 0, 0, 0], [0, 0, 0, 0, 0, 0, 0, 0, 0, 0, 0, 0, 0, 0, 0, 0, 0, 0, 0, 1, 0, 0], [0, 0, 0, 0, 0, 0, 0, 0, 0, 0, 0, 0, 0, 0, 0, 0, 0, 0, 0, 0, 1, 0], [0, 0, 0, 0, 0, 0, 0, 0, 0, 0, 0, 0, 0, 0, 0, 0, 0, 0, 0, 0, 0, 1]]
[[1, 0, 0, 0, 0, 0, 0, 0, 0, 0, 0, 0, 0, 0, 0, 0, 0, 0, 0, 0, 0, 0], [0, 1, 0, 0, 0, 0, 0, 0, 0, 0, 0, 0, 0, 0, 0, 0, 0, 0, 0, 0, 0, 0], [0, 0, 1, 0, 0, 0, 0, 0, 0, 0, 0, 0, 0, 0, 0, 0, 0, 0, 0, 0, 0, 0], [0, 0, 0, 1, 0, 0, 0, 0, 0, 0, 0, 0, 0, 0, 0, 0, 0, 0, 0, 0, 0, 0], [0, 0, 0, 0, 1, 0, 0, 0, 0, 0, 0, 0, 0, 0, 0, 0, 0, 0, 0, 0, 0, 0], [0, 0, 0, 0, 0, 1, 0, 0, 0, 0, 0, 0, 0, 0, 0, 0, 0, 0, 0, 0, 0, 0], [0, 0, 0, 0, 0, 0, 1, 0, 0, 0, 0, 0, 0, 0, 0, 0, 0, 0, 0, 0, 0, 0], [0, 0, 0, 0, 0, 0, 0, 1, 0, 0, 0, 0, 0, 0, 0, 0, 0, 0, 0, 0, 0, 0], [0, 0, 0, 0, 0, 0, 0, 0, 1, 0, 0, 0, 0, 0, 0, 0, 0, 0, 0, 0, 0, 0], [0, 0, 0, 0, 0, 0, 0, 0, 0, 1, 0, 0, 0, 0, 0, 0, 0, 0, 0, 0, 0, 0], [0, 0, 0, 0, 0, 0, 0, 0, 0, 0, 1, 0, 0, 0, 0, 0, 0, 0, 0, 0, 0, 0], [0, 0, 0, 0, 0, 0, 0, 0, 0, 0, 0, 1, 0, 0, 0, 0, 0, 0, 0, 0, 0, 0], [0, 0, 0, 0, 0, 0, 0, 0, 0, 0, 0, 0, 1, 0, 0, 0, 0, 0, 0, 0, 0, 0], [0, 0, 0, 0, 0, 0, 0, 0, 0, 0, 0, 0, 0, 1, 0, 0, 0, 0, 0, 0, 0, 0], [0, 0, 0, 0, 0, 0, 0, 0, 0, 0, 0, 0, 0, 0, 1, 0, 0, 0, 0, 0, 0, 0], [0, 0, 0, 0, 0, 0, 0, 0, 0, 0, 0, 0, 0, 0, 0, 1, 0, 0, 0, 0, 0, 0], [0, 0, 0, 0, 0, 0, 0, 0, 0, 0, 0, 0, 0, 0, 0, 0, 1, 0, 0, 0, 0, 0], [0, 0, 0, 0, 0, 0, 0, 0, 0, 0, 0, 0, 0, 0, 0, 0, 0, 1, 0, 0, 0, 0], [0, 0, 0, 0, 0, 0, 0, 0, 0, 0, 0, 0, 0, 0, 0, 0, 0, 0, 1, 0, 0, 0], [0, 0, 0, 0, 0, 0, 0, 0, 0, 0, 0, 0, 0, 0, 0, 0, 0, 0, 0, 1, 0, 0], [0, 0, 0, 0, 0, 0, 0, 0, 0, 0, 0, 0, 0, 0, 0, 0, 0, 0, 0, 0, 1, 0], [0, 0, 0, 0, 0, 0, 0, 0, 0, 0, 0, 0, 0, 0, 0, 0, 0, 0, 0, 0, 0, 1]]
[[1, 0, 2, 1, 3, 0, 3, 0, 2, -3, 3, 0, 2, 0, 0, 0, 0, 0, 0, 0, 1, 0], [0, -1, 1, 0, 2, 0, 1, -1, 1, -2, 1, 1, 0, -1, -1, -1, 0, -1, -1, -1, 0, 0], [0, 0, 2, 1, 2, 0, 2, 0, 1, -2, 2, 0, 1, 0, 0, 0, 0, 0, 0, 0, 0, 0], [0, 0, 1, 0, 0, 0, 0, 0, 1, 0, 0, 0, 1, 0, 0, 0, 0, 0, 0, 0, 0, 0], [0, 0, 0, -1, -1, 0, -1, 1, 0, 2, -1, 0, 0, 0, 0, -1, 0, 0, 0, 0, 0, 0], [0, 1, 0, 1, 0, 0, 1, 0, 0, -1, 1, 0, 1, 0, 1, 1, 0, 2, 1, 1, 1, 0], [0, 0, -1, 1, 1, 0, 1, -1, -1, -1, 0, 0, -1, 0, 0, 1, 0, 0, 0, 0, 1, 0], [0, 0, 0, -1, -1, 0, -1, 1, 0, 1, -1, 0, 0, 0, 0, 0, 0, 0, 0, 0, -1, 0], [0, 0, -1, -1, -2, 0, -2, 0, 0, 2, -2, 0, -1, 0, 0, 0, 0, 0, 0, 0, 0, 0], [0, 0, 0, 0, 0, 0, 0, 0, 0, 1, 0, 0, 0, 0, 0, 0, 0, 0, 0, 0, 0, 0], [0, 0, 0, -1, -1, 0, -1, 0, 0, 1, 0, 0, 0, 0, 0, 0, 0, 0, 0, 0, -1, 0], [-1, -1, 0, -2, -1, -1, -1, -1, 1, 0, -1, 1, -1, -1, 0, 0, 1, 0, 0, 0, -1, 0], [0, 0, -1, 1, 0, 0, 0, 0, -1, 0, 0, 0, 0, 0, 0, 0, 0, 0, 0, 0, 0, 0], [-1, -1, -2, -2, -3, -1, -3, -1, -1, 2, -3, 0, -3, 0, 0, 0, 1, 0, 0, 0, -1, 0], [0, -1, 2, 1, 3, -1, 3, -1, 2, -4, 3, 1, 2, -1, 1, 0, 0, 1, 0, 0, 0, 0], [0, 0, 0, 0, -1, 0, 0, 1, 0, 1, 0, 0, 0, 0, 0, 0, 0, 0, 0, 0, -1, 0], [1, 0, 2, 2, 3, 0, 3, 0, 1, -3, 3, 1, 3, 0, 0, 0, 0, 1, 0, 0, 0, 0], [0, 1, -1, 0, -1, 1, -1, 1, -1, 2, -1, -1, -1, 1, 0, 0, 0, 0, 0, 0, 0, 0], [0, 0, 0, -1, -1, 0, -1, 0, 0, 1, -1, 0, 0, 0, 0, 0, 0, 0, 1, 0, 1, 0], [0, 0, 0, -1, -1, 0, -1, 0, 0, 1, -1, 0, 0, 0, 0, 0, 0, 0, 0, 1, 1, 0], [0, 0, 0, 0, 0, 0, 0, 0, 0, 0, 0, 0, 0, 0, 0, 0, 0, 0, 0, 0, -1, 0], [1, 1, 1, 2, 2, 1, 2, 1, 0, -1, 2, -1, 1, 0, -1, 0, -1, -1, -1, -1, 0, -1]]
[[2, 1, 2, 1, 1, 1, 1, 1, 1, -1, 2, 0, 2, 0, -1, 0, 0, 1, 0, 0, 0, 0], [1, 2, 2, 1, 1, 1, 1, 1, 1, -1, 2, 0, 2, 0, -1, 0, 0, 1, 0, 0, 0, 0], [0, 0, 1, 0, 0, 0, 0, 0, 0, 0, 0, 0, 0, 0, 0, 0, 0, 0, 0, 0, 0, 0], [0, 0, 0, 1, 0, 0, 0, 0, 0, 0, 0, 0, 0, 0, 0, 0, 0, 0, 0, 0, 0, 0], [0, 0, 0, 0, 1, 0, 0, 0, 0, 0, 0, 0, 0, 0, 0, 0, 0, 0, 0, 0, 0, 0], [-1, -1, -1, -1, -1, -1, -1, -2, 0, 0, -1, 0, -1, 0, 1, 0, 0, 0, 0, 0, 0, 0], [-1, -1, -1, -1, -1, -2, 0, -2, 0, 0, -1, 0, -1, 0, 1, 0, 0, 0, 0, 0, 0, 0], [0, 0, 0, 0, 0, 0, 0, 1, 0, 0, 0, 0, 0, 0, 0, 0, 0, 0, 0, 0, 0, 0], [-1, -1, -2, -1, -1, -1, -1, -1, 0, 1, -2, 0, -2, 0, 1, 0, 0, -1, 0, 0, 0, 0], [1, 1, 1, 1, 1, 2, 1, 2, 0, 0, 1, 0, 1, 0, -1, 1, 1, 1, 0, 1, 0, 0], [1, 1, 1, 1, 1, 2, 1, 2, 0, -1, 2, 0, 1, 0, -1, 1, 1, 1, 0, 1, 0, 0], [0, 0, 0, 0, 0, 0, 0, 0, 0, -1, 0, 1, 0, 0, 0, 1, 1, 1, 0, 1, 0, 0], [1, 1, 1, 1, 1, 2, 1, 2, 0, 0, 1, 0, 2, 0, -1, 0, 0, 0, 0, 0, 0, 0], [-1, -1, -2, -1, -1, -1, -1, -1, -1, 1, -2, 0, -2, 1, 1, 0, 0, -1, 0, 0, 0, 0], [3, 3, 5, 3, 3, 4, 3, 4, 2, -3, 5, 0, 5, 0, -2, 1, 1, 3, 0, 1, 0, 0], [1, 1, 1, 1, 1, 2, 1, 2, 0, 0, 1, 0, 1, 0, -1, 1, 0, 0, 0, 0, 0, 0], [2, 2, 3, 2, 2, 3, 2, 3, 1, -1, 3, 0, 3, 0, -2, 0, 1, 1, 0, 0, 0, 0], [-1, -1, -2, -1, -1, -1, -1, -1, -1, 1, -2, 0, -2, 0, 1, 0, 0, 0, 0, 0, 0, 0], [0, 0, 0, 0, 0, -1, 0, -1, 1, -1, 1, 0, 1, 0, 1, 0, 0, 1, 1, 1, 1, 1], [-1, -1, -1, -1, -1, -2, -1, -2, 0, 1, -1, 0, -1, 0, 1, -1, -1, -1, 0, 0, 0, 0], [-1, -1, -1, -1, -1, -1, -1, -1, -1, 1, -2, 0, -2, 0, 0, 0, 0, -1, 0, -1, 0, -1], [-1, -1, -1, -1, -1, -1, -1, -1, -1, 1, -2, 0, -2, 0, 0, 0, 0, -1, 0, -1, -1, 0]]
[[1, 0, 0, 0, 0, 0, 0, 0, 0, 0, 0, 0, 0, 0, 0, 0, 0, 0, 0, 0, 0, 0], [0, 1, 0, 0, 0, 0, 0, 0, 0, 0, 0, 0, 0, 0, 0, 0, 0, 0, 0, 0, 0, 0], [0, 0, 1, 0, 0, 0, 0, 0, 0, 0, 0, 0, 0, 0, 0, 0, 0, 0, 0, 0, 0, 0], [0, 0, 0, 1, 0, 0, 0, 0, 0, 0, 0, 0, 0, 0, 0, 0, 0, 0, 0, 0, 0, 0], [0, 0, 0, 0, 1, 0, 0, 0, 0, 0, 0, 0, 0, 0, 0, 0, 0, 0, 0, 0, 0, 0], [0, 0, 0, 0, 0, 1, 0, 0, 0, 0, 0, 0, 0, 0, 0, 0, 0, 0, 0, 0, 0, 0], [0, 0, 0, 0, 0, 0, 1, 0, 0, 0, 0, 0, 0, 0, 0, 0, 0, 0, 0, 0, 0, 0], [0, 0, 0, 0, 0, 0, 0, 1, 0, 0, 0, 0, 0, 0, 0, 0, 0, 0, 0, 0, 0, 0], [0, 0, 0, 0, 0, 0, 0, 0, 1, 0, 0, 0, 0, 0, 0, 0, 0, 0, 0, 0, 0, 0], [0, 0, 0, 0, 0, 0, 0, 0, 0, 1, 0, 0, 0, 0, 0, 0, 0, 0, 0, 0, 0, 0], [0, 0, 0, 0, 0, 0, 0, 0, 0, 0, 1, 0, 0, 0, 0, 0, 0, 0, 0, 0, 0, 0], [0, 0, 0, 0, 0, 0, 0, 0, 0, 0, 0, 1, 0, 0, 0, 0, 0, 0, 0, 0, 0, 0], [0, 0, 0, 0, 0, 0, 0, 0, 0, 0, 0, 0, 1, 0, 0, 0, 0, 0, 0, 0, 0, 0], [0, 0, 0, 0, 0, 0, 0, 0, 0, 0, 0, 0, 0, 1, 0, 0, 0, 0, 0, 0, 0, 0], [0, 0, 0, 0, 0, 0, 0, 0, 0, 0, 0, 0, 0, 0, 1, 0, 0, 0, 0, 0, 0, 0], [0, 0, 0, 0, 0, 0, 0, 0, 0, 0, 0, 0, 0, 0, 0, 1, 0, 0, 0, 0, 0, 0], [0, 0, 0, 0, 0, 0, 0, 0, 0, 0, 0, 0, 0, 0, 0, 0, 1, 0, 0, 0, 0, 0], [0, 0, 0, 0, 0, 0, 0, 0, 0, 0, 0, 0, 0, 0, 0, 0, 0, 1, 0, 0, 0, 0], [0, 0, 0, 0, 0, 0, 0, 0, 0, 0, 0, 0, 0, 0, 0, 0, 0, 0, 1, 0, 0, 0], [0, 0, 0, 0, 0, 0, 0, 0, 0, 0, 0, 0, 0, 0, 0, 0, 0, 0, 0, 1, 0, 0], [0, 0, 0, 0, 0, 0, 0, 0, 0, 0, 0, 0, 0, 0, 0, 0, 0, 0, 0, 0, 1, 0], [0, 0, 0, 0, 0, 0, 0, 0, 0, 0, 0, 0, 0, 0, 0, 0, 0, 0, 0, 0, 0, 1]]
[[1, 1, 1, 0, 0, 2, 0, 2, 0, 1, 0, 1, 2, 0, -1, 0, 1, 1, 0, 1, 0, 1], [2, 3, 3, 2, 2, 3, 3, 4, 1, -1, 3, 1, 5, 0, -1, 1, 1, 3, 1, 2, 1, 1], [1, 1, 2, 1, 1, 2, 1, 2, 0, 0, 1, 0, 2, 0, -1, 0, 0, 0, 0, 0, 0, 0], [-1, -1, -1, 0, -1, -1, -1, -1, -1, 1, -2, 0, -2, 0, 0, 0, 0, -1, 0, -1, -1, 0], [-2, -2, -2, -1, -1, -2, -1, -2, -1, 1, -3, 0, -3, 0, 1, 0, 0, -2, 0, -1, -1, 0], [0, 0, 0, 0, 0, 0, 0, -1, 1, -1, 1, 0, 0, 0, 1, 0, 0, 1, 0, 1, 1, 0], [1, 1, 0, 0, 1, 1, 0, 0, 1, -1, 2, 0, 1, 0, 0, -1, 0, 1, -1, 1, 1, 0], [-1, -1, -1, -1, -1, -1, -1, 0, -1, 1, -2, 0, -2, 0, 0, 0, 0, -1, 0, -1, -1, 0], [-1, -2, -2, -1, -1, -2, -1, -2, 0, 0, -2, 0, -3, 0, 1, 0, 0, -1, 0, -1, -1, 0], [1, 1, 0, 1, 0, 1, 0, 1, -1, 2, 0, -2, 0, 1, -1, 0, -1, -2, 0, -1, 0, -1], [1, 1, 1, 1, 0, 1, 1, 2, -1, 1, 1, -1, 1, 1, -1, 1, 0, 0, 1, 0, 0, 0], [0, 0, 0, 0, -1, 1, 0, 2, -1, 1, -1, 1, 0, 0, -1, 1, 1, 0, 1, 0, -1, 1], [1, 1, 1, 1, 1, 0, 1, 0, 1, -1, 2, -1, 2, 0, 0, 0, -1, 0, 0, 0, 1, -1], [-1, -1, -1, -1, -1, -1, -1, -1, 0, 0, -1, 0, -2, 0, 0, 0, 0, -1, 0, -1, -1, 0], [2, 3, 3, 2, 1, 3, 2, 4, 0, 1, 2, -1, 4, 1, -1, 1, 0, 1, 1, 1, 1, 0], [1, 1, 1, 1, 1, 1, 1, 1, 0, 0, 1, -1, 1, 0, -1, 1, -1, -1, 0, -1, 0, -1], [2, 2, 3, 2, 2, 2, 3, 3, 1, -1, 3, 0, 4, 0, -1, 1, 1, 2, 1, 1, 1, 0], [0, 0, -1, 0, 0, 0, -1, -1, 0, 0, 0, -1, -1, 0, 0, -1, -1, -1, -1, -1, 0, -1], [-2, -2, -2, -2, -2, -2, -2, -2, -1, 2, -3, 1, -3, 0, 1, -1, 0, -1, 0, 0, -1, 1], [-2, -2, -2, -2, -2, -2, -2, -2, -1, 1, -3, 1, -3, 0, 1, 0, 1, 0, 0, 1, -1, 1], [-1, -1, -1, -1, -1, -1, -1, -1, 0, 0, -1, 0, -2, -1, 0, 0, 0, -1, 0, -1, 0, 0], [1, 1, 1, 1, 2, 1, 1, 0, 1, -2, 2, 0, 2, 0, 0, 0, 0, 1, 0, 0, 1, 0]]
[[-1, -2, -2, -2, -2, -2, -2, -2, -1, 1, -3, 1, -3, 0, 1, 0, 1, 0, 0, 0, -1, 0], [-2, -2, -3, -2, -2, -3, -2, -3, -1, 0, -3, 1, -3, 0, 2, 0, 1, 0, 0, 0, -1, 0], [0, -1, 0, 0, 0, -1, 0, -1, 0, -1, 0, 0, 0, 0, 1, 0, 0, 0, 0, 0, 0, 0], [2, 2, 2, 3, 2, 2, 2, 2, 1, -1, 3, -1, 3, 0, -1, 0, -1, 0, 0, 0, 1, 0], [3, 3, 3, 3, 3, 3, 2, 3, 1, -1, 4, -2, 4, 1, -2, 0, -1, 0, 0, 0, 1, 0], [-2, -2, -2, -2, -2, -1, -2, -2, -1, 1, -3, 1, -3, 0, 1, 0, 1, 0, 0, 0, -1, 0], [-4, -4, -4, -4, -4, -4, -3, -4, -2, 2, -6, 2, -6, 0, 2, 0, 2, 0, 0, 0, -2, 0], [2, 2, 2, 2, 2, 2, 2, 3, 1, -1, 3, -1, 3, 0, -1, 0, -1, 0, 0, 0, 1, 0], [2, 2, 2, 2, 2, 2, 2, 2, 2, -1, 3, -1, 3, 0, -1, 0, -1, 0, 0, 0, 1, 0], [3, 3, 3, 3, 2, 3, 2, 3, 1, 0, 4, -2, 4, 1, -2, 0, -1, 0, 0, 0, 1, 0], [2, 2, 2, 2, 2, 2, 2, 2, 1, -1, 4, -1, 3, 0, -1, 0, -1, 0, 0, 0, 1, 0], [2, 1, 1, 2, 2, 1, 2, 1, 1, -2, 3, 0, 3, 0, 0, 0, -1, 0, 0, 0, 1, 0], [0, 1, 1, 0, 0, 1, 0, 1, 0, 1, 0, 0, 1, 0, -1, 0, 0, 0, 0, 0, 0, 0], [1, 1, 1, 1, 2, 1, 2, 1, 1, -1, 2, 0, 2, 0, 0, 0, -1, 0, 0, 0, 1, 0], [1, 1, 1, 1, 0, 1, 0, 1, 0, 0, 1, -1, 1, 1, 0, 0, 0, 0, 0, 0, 0, 0], [2, 2, 2, 2, 2, 2, 2, 2, 1, -1, 3, -1, 3, 0, -1, 1, -1, 0, 0, 0, 1, 0], [0, 0, 0, 0, 0, 0, 0, 0, 0, 0, 0, 0, 0, 0, 0, 0, 1, 0, 0, 0, 0, 0], [0, 0, 0, 0, 0, 0, 0, 0, 0, 0, 0, 0, 0, 0, 0, 0, 0, 1, 0, 0, 0, 0], [0, 0, 0, 0, 0, 0, 0, 0, 0, 0, 0, 0, 0, 0, 0, 0, 0, 0, 0, 1, 0, 0], [0, 0, 0, 0, 0, 0, 0, 0, 0, 0, 0, 0, 0, 0, 0, 0, 0, 0, 1, 0, 0, 0], [0, 0, 0, 0, 0, 0, 0, 0, 0, 0, 0, 0, 0, 0, 0, 0, 0, 0, 0, 0, 1, 0], [-2, -2, -2, -2, -2, -2, -2, -2, -1, 1, -3, 1, -3, 0, 1, 0, 1, 0, 0, 0, -1, 1]]
[[1, 0, 0, 0, 0, 0, 0, 0, 0, 0, 0, 0, 0, 0, 0, 0, 0, 0, 0, 0, 0, 0], [0, 1, 0, 0, 0, 0, 0, 0, 0, 0, 0, 0, 0, 0, 0, 0, 0, 0, 0, 0, 0, 0], [0, 0, 1, 0, 0, 0, 0, 0, 0, 0, 0, 0, 0, 0, 0, 0, 0, 0, 0, 0, 0, 0], [0, 0, 0, 1, 0, 0, 0, 0, 0, 0, 0, 0, 0, 0, 0, 0, 0, 0, 0, 0, 0, 0], [0, 0, 0, 0, 1, 0, 0, 0, 0, 0, 0, 0, 0, 0, 0, 0, 0, 0, 0, 0, 0, 0], [0, 0, 0, 0, 0, 1, 0, 0, 0, 0, 0, 0, 0, 0, 0, 0, 0, 0, 0, 0, 0, 0], [0, 0, 0, 0, 0, 0, 1, 0, 0, 0, 0, 0, 0, 0, 0, 0, 0, 0, 0, 0, 0, 0], [0, 0, 0, 0, 0, 0, 0, 1, 0, 0, 0, 0, 0, 0, 0, 0, 0, 0, 0, 0, 0, 0], [0, 0, 0, 0, 0, 0, 0, 0, 1, 0, 0, 0, 0, 0, 0, 0, 0, 0, 0, 0, 0, 0], [0, 0, 0, 0, 0, 0, 0, 0, 0, 1, 0, 0, 0, 0, 0, 0, 0, 0, 0, 0, 0, 0], [0, 0, 0, 0, 0, 0, 0, 0, 0, 0, 1, 0, 0, 0, 0, 0, 0, 0, 0, 0, 0, 0], [0, 0, 0, 0, 0, 0, 0, 0, 0, 0, 0, 1, 0, 0, 0, 0, 0, 0, 0, 0, 0, 0], [0, 0, 0, 0, 0, 0, 0, 0, 0, 0, 0, 0, 1, 0, 0, 0, 0, 0, 0, 0, 0, 0], [0, 0, 0, 0, 0, 0, 0, 0, 0, 0, 0, 0, 0, 1, 0, 0, 0, 0, 0, 0, 0, 0], [0, 0, 0, 0, 0, 0, 0, 0, 0, 0, 0, 0, 0, 0, 1, 0, 0, 0, 0, 0, 0, 0], [0, 0, 0, 0, 0, 0, 0, 0, 0, 0, 0, 0, 0, 0, 0, 1, 0, 0, 0, 0, 0, 0], [0, 0, 0, 0, 0, 0, 0, 0, 0, 0, 0, 0, 0, 0, 0, 0, 1, 0, 0, 0, 0, 0], [0, 0, 0, 0, 0, 0, 0, 0, 0, 0, 0, 0, 0, 0, 0, 0, 0, 1, 0, 0, 0, 0], [0, 0, 0, 0, 0, 0, 0, 0, 0, 0, 0, 0, 0, 0, 0, 0, 0, 0, 1, 0, 0, 0], [0, 0, 0, 0, 0, 0, 0, 0, 0, 0, 0, 0, 0, 0, 0, 0, 0, 0, 0, 1, 0, 0], [0, 0, 0, 0, 0, 0, 0, 0, 0, 0, 0, 0, 0, 0, 0, 0, 0, 0, 0, 0, 1, 0], [0, 0, 0, 0, 0, 0, 0, 0, 0, 0, 0, 0, 0, 0, 0, 0, 0, 0, 0, 0, 0, 1]]
[[1, 0, 2, 1, 2, 1, 3, 0, 2, -4, 4, 0, 2, 0, 2, 2, 2, 4, 2, 2, 2, 0], [0, 0, 2, 1, 2, 1, 3, -1, 2, -5, 4, 1, 2, 0, 3, 3, 3, 6, 3, 3, 2, 1], [0, 0, 2, 1, 1, 0, 2, 0, 1, -2, 2, 0, 1, 0, 1, 1, 1, 2, 1, 1, 1, 0], [0, 0, 0, 0, 0, 1, -1, 0, 0, 0, 0, 0, 0, 0, 0, 0, 0, 0, 0, 0, 0, 0], [0, 0, 0, 0, 1, 0, 0, 0, 0, 0, 0, 0, 0, 0, 0, 0, 0, 0, 0, 0, 0, 0], [0, 1, -1, 0, -1, 0, -1, 1, -1, 3, -2, -1, -1, 0, -2, -2, -2, -4, -2, -2, -1, -1], [0, 1, -1, -1, -1, 0, -1, 1, -1, 3, -2, -1, -1, 0, -2, -2, -2, -4, -2, -2, -1, -1], [0, -1, 0, 0, 0, 0, 0, 0, 0, -1, 0, 1, 0, 0, 1, 1, 1, 2, 1, 1, 0, 1], [0, 0, -1, -1, -1, 0, -2, 0, 0, 2, -2, 0, -1, 0, -1, -1, -1, -2, -1, -1, -1, 0], [-1, -1, -1, -2, -1, 0, -2, -1, 0, 0, 0, 1, -1, -1, 1, 0, 1, 2, 1, 1, 0, 1], [0, -1, 0, 0, 0, 0, 0, -1, 0, -1, 1, 1, 0, 0, 1, 1, 1, 2, 1, 1, 0, 1], [0, -1, 1, 1, 1, 0, 2, -1, 1, -3, 2, 2, 1, 0, 2, 2, 2, 4, 2, 2, 1, 1], [-1, -1, -1, -1, -1, -1, -1, -1, 0, -1, 0, 1, 0, -1, 1, 0, 1, 2, 1, 1, 0, 1], [0, 0, -1, 0, -1, -1, -1, 0, -1, 2, -2, 0, -1, 1, -1, -1, -1, -2, -1, -1, -1, 0], [-1, -2, 1, 0, 1, 0, 2, -2, 2, -6, 4, 2, 1, -1, 5, 3, 4, 8, 4, 4, 2, 2], [-1, -1, -1, -1, -1, -1, -1, -1, 0, -1, 0, 1, -1, -1, 1, 1, 1, 2, 1, 1, 0, 1], [-1, -2, 0, -1, 0, 0, 0, -2, 1, -4, 2, 2, 0, -1, 3, 2, 4, 6, 3, 3, 1, 2], [0, 1, -1, -1, -1, 0, -2, 1, -1, 3, -2, -1, -1, 0, -2, -2, -2, -3, -2, -2, -1, -1], [1, 1, 1, 1, 1, 1, 1, 1, 0, 1, 0, -1, 1, 1, -1, 0, -1, -2, 0, -1, 0, -1], [1, 1, 1, 1, 1, 1, 1, 1, 0, 1, 0, -1, 1, 1, -1, 0, -1, -2, -1, 0, 0, -1], [0, 0, -1, 0, -1, -1, -1, 0, -1, 2, -2, 0, -1, 0, -1, -1, -1, -2, -1, -1, 0, 0], [0, 1, 0, 0, 0, 0, 0, 1, 0, 1, 0, -1, 0, 0, -1, -1, -1, -2, -1, -1, 0, 0]]
[[1, 0, 0, 0, 0, 0, 0, 0, 0, 0, 0, 0, 0, 0, 0, 0, 0, 0, 0, 0, 0, 0], [0, 1, 0, 0, 0, 0, 0, 0, 0, 0, 0, 0, 0, 0, 0, 0, 0, 0, 0, 0, 0, 0], [0, 0, 1, 0, 0, 0, 0, 0, 0, 0, 0, 0, 0, 0, 0, 0, 0, 0, 0, 0, 0, 0], [0, 0, 0, 1, 0, 0, 0, 0, 0, 0, 0, 0, 0, 0, 0, 0, 0, 0, 0, 0, 0, 0], [0, 0, 0, 0, 1, 0, 0, 0, 0, 0, 0, 0, 0, 0, 0, 0, 0, 0, 0, 0, 0, 0], [0, 0, 0, 0, 0, 1, 0, 0, 0, 0, 0, 0, 0, 0, 0, 0, 0, 0, 0, 0, 0, 0], [0, 0, 0, 0, 0, 0, 1, 0, 0, 0, 0, 0, 0, 0, 0, 0, 0, 0, 0, 0, 0, 0], [0, 0, 0, 0, 0, 0, 0, 1, 0, 0, 0, 0, 0, 0, 0, 0, 0, 0, 0, 0, 0, 0], [0, 0, 0, 0, 0, 0, 0, 0, 1, 0, 0, 0, 0, 0, 0, 0, 0, 0, 0, 0, 0, 0], [0, 0, 0, 0, 0, 0, 0, 0, 0, 1, 0, 0, 0, 0, 0, 0, 0, 0, 0, 0, 0, 0], [0, 0, 0, 0, 0, 0, 0, 0, 0, 0, 1, 0, 0, 0, 0, 0, 0, 0, 0, 0, 0, 0], [0, 0, 0, 0, 0, 0, 0, 0, 0, 0, 0, 1, 0, 0, 0, 0, 0, 0, 0, 0, 0, 0], [0, 0, 0, 0, 0, 0, 0, 0, 0, 0, 0, 0, 1, 0, 0, 0, 0, 0, 0, 0, 0, 0], [0, 0, 0, 0, 0, 0, 0, 0, 0, 0, 0, 0, 0, 1, 0, 0, 0, 0, 0, 0, 0, 0], [0, 0, 0, 0, 0, 0, 0, 0, 0, 0, 0, 0, 0, 0, 1, 0, 0, 0, 0, 0, 0, 0], [0, 0, 0, 0, 0, 0, 0, 0, 0, 0, 0, 0, 0, 0, 0, 1, 0, 0, 0, 0, 0, 0], [0, 0, 0, 0, 0, 0, 0, 0, 0, 0, 0, 0, 0, 0, 0, 0, 1, 0, 0, 0, 0, 0], [0, 0, 0, 0, 0, 0, 0, 0, 0, 0, 0, 0, 0, 0, 0, 0, 0, 1, 0, 0, 0, 0], [0, 0, 0, 0, 0, 0, 0, 0, 0, 0, 0, 0, 0, 0, 0, 0, 0, 0, 1, 0, 0, 0], [0, 0, 0, 0, 0, 0, 0, 0, 0, 0, 0, 0, 0, 0, 0, 0, 0, 0, 0, 1, 0, 0], [0, 0, 0, 0, 0, 0, 0, 0, 0, 0, 0, 0, 0, 0, 0, 0, 0, 0, 0, 0, 1, 0], [0, 0, 0, 0, 0, 0, 0, 0, 0, 0, 0, 0, 0, 0, 0, 0, 0, 0, 0, 0, 0, 1]]
[[1, 0, 1, 0, 0, 0, 1, 0, 1, -1, 1, 0, 1, 0, 1, 1, 0, 1, 1, 1, 1, 0], [0, 1, 1, 0, 0, 0, 1, 0, 1, -1, 1, 0, 1, 0, 1, 1, 0, 1, 1, 1, 1, 0], [0, 0, 1, 0, 0, 0, 0, 0, 0, 0, 0, 0, 0, 0, 0, 0, 0, 0, 0, 0, 0, 0], [-1, -1, 0, 0, -1, -1, 0, -1, 0, -1, 0, 1, 0, 0, 2, 1, 1, 3, 2, 2, 1, 1], [-1, -1, 0, -1, 0, -1, 0, -1, 0, -1, 0, 1, 0, 0, 2, 1, 1, 3, 2, 2, 1, 1], [1, 1, 0, 1, 1, 1, 1, 2, 0, 1, 0, -1, 0, 0, -2, -1, -1, -3, -2, -2, -1, -1], [2, 2, 1, 2, 2, 2, 2, 2, 1, 1, 1, -2, 1, 0, -3, -1, -2, -5, -3, -3, -1, -2], [-1, -1, -1, -1, -1, 0, -2, -1, -1, 0, -1, 1, -1, 0, 1, 0, 1, 2, 1, 1, 0, 1], [-1, -1, -1, -1, -1, -1, -1, -1, 0, 0, -1, 1, -1, 0, 1, 0, 1, 2, 1, 1, 0, 1], [-1, -1, 0, -1, -1, -1, 0, -1, 0, 0, 0, 1, 0, 0, 2, 1, 1, 3, 2, 2, 1, 1], [-1, -1, -1, -1, -1, -1, -1, -1, -1, 0, -1, 2, 0, 0, 1, 0, 1, 2, 1, 1, 0, 1], [-1, -1, -1, -1, -1, -1, -1, -1, -1, 0, -1, 2, -1, 0, 1, 0, 1, 2, 1, 1, 0, 1], [0, 0, 0, 0, 0, 0, 0, 0, 0, 0, 1, -1, 0, 0, 0, 0, 0, 0, 0, 0, 0, 0], [0, 0, -1, 0, 0, 0, -1, 0, -1, 1, -1, 0, -1, 1, -1, -1, 0, -1, -1, -1, -1, 0], [-1, -1, 0, -1, -1, -1, 0, -1, 0, -1, 0, 1, 0, 0, 3, 1, 1, 3, 2, 2, 1, 1], [-1, -1, -1, -1, -1, -1, -1, -1, -1, 0, -1, 1, -1, 0, 1, 1, 1, 2, 1, 1, 0, 1], [-1, -1, 0, -1, -1, -1, 0, -1, 0, -1, 0, 1, 0, 0, 2, 1, 2, 3, 2, 2, 1, 1], [1, 1, 1, 1, 1, 1, 1, 1, 1, 0, 1, -1, 1, 0, -1, 0, -1, -1, -1, -1, 0, -1], [0, 0, 0, 0, 0, 0, 0, 0, 0, 0, 0, 0, 0, 0, 0, 0, 0, 0, 1, 0, 0, 0], [0, 0, 0, 0, 0, 0, 0, 0, 0, 0, 0, 0, 0, 0, 0, 0, 0, 0, 0, 1, 0, 0], [0, 0, -1, 0, 0, 0, -1, 0, -1, 1, -1, 0, -1, 0, -1, -1, 0, -1, -1, -1, 0, 0], [1, 1, 1, 1, 1, 1, 1, 1, 1, 0, 1, -1, 1, 0, -1, 0, -1, -2, -1, -1, 0, 0]]
[[1, 0, 0, 0, 0, 0, 0, 0, 0, 0, 0, 0, 0, 0, 0, 0, 0, 0, 0, 0, 0, 0], [0, 1, 0, 0, 0, 0, 0, 0, 0, 0, 0, 0, 0, 0, 0, 0, 0, 0, 0, 0, 0, 0], [0, 0, 1, 0, 0, 0, 0, 0, 0, 0, 0, 0, 0, 0, 0, 0, 0, 0, 0, 0, 0, 0], [0, 0, 0, 1, 0, 0, 0, 0, 0, 0, 0, 0, 0, 0, 0, 0, 0, 0, 0, 0, 0, 0], [0, 0, 0, 0, 1, 0, 0, 0, 0, 0, 0, 0, 0, 0, 0, 0, 0, 0, 0, 0, 0, 0], [0, 0, 0, 0, 0, 1, 0, 0, 0, 0, 0, 0, 0, 0, 0, 0, 0, 0, 0, 0, 0, 0], [0, 0, 0, 0, 0, 0, 1, 0, 0, 0, 0, 0, 0, 0, 0, 0, 0, 0, 0, 0, 0, 0], [0, 0, 0, 0, 0, 0, 0, 1, 0, 0, 0, 0, 0, 0, 0, 0, 0, 0, 0, 0, 0, 0], [0, 0, 0, 0, 0, 0, 0, 0, 1, 0, 0, 0, 0, 0, 0, 0, 0, 0, 0, 0, 0, 0], [0, 0, 0, 0, 0, 0, 0, 0, 0, 1, 0, 0, 0, 0, 0, 0, 0, 0, 0, 0, 0, 0], [0, 0, 0, 0, 0, 0, 0, 0, 0, 0, 1, 0, 0, 0, 0, 0, 0, 0, 0, 0, 0, 0], [0, 0, 0, 0, 0, 0, 0, 0, 0, 0, 0, 1, 0, 0, 0, 0, 0, 0, 0, 0, 0, 0], [0, 0, 0, 0, 0, 0, 0, 0, 0, 0, 0, 0, 1, 0, 0, 0, 0, 0, 0, 0, 0, 0], [0, 0, 0, 0, 0, 0, 0, 0, 0, 0, 0, 0, 0, 1, 0, 0, 0, 0, 0, 0, 0, 0], [0, 0, 0, 0, 0, 0, 0, 0, 0, 0, 0, 0, 0, 0, 1, 0, 0, 0, 0, 0, 0, 0], [0, 0, 0, 0, 0, 0, 0, 0, 0, 0, 0, 0, 0, 0, 0, 1, 0, 0, 0, 0, 0, 0], [0, 0, 0, 0, 0, 0, 0, 0, 0, 0, 0, 0, 0, 0, 0, 0, 1, 0, 0, 0, 0, 0], [0, 0, 0, 0, 0, 0, 0, 0, 0, 0, 0, 0, 0, 0, 0, 0, 0, 1, 0, 0, 0, 0], [0, 0, 0, 0, 0, 0, 0, 0, 0, 0, 0, 0, 0, 0, 0, 0, 0, 0, 1, 0, 0, 0], [0, 0, 0, 0, 0, 0, 0, 0, 0, 0, 0, 0, 0, 0, 0, 0, 0, 0, 0, 1, 0, 0], [0, 0, 0, 0, 0, 0, 0, 0, 0, 0, 0, 0, 0, 0, 0, 0, 0, 0, 0, 0, 1, 0], [0, 0, 0, 0, 0, 0, 0, 0, 0, 0, 0, 0, 0, 0, 0, 0, 0, 0, 0, 0, 0, 1]]
[[1, 0, 0, 0, 0, 0, 0, 0, 0, 0, 0, 0, 0, 0, 0, 0, 0, 0, 0, 0, 0, 0], [0, 1, 0, 0, 0, 0, 0, 0, 0, 0, 0, 0, 0, 0, 0, 0, 0, 0, 0, 0, 0, 0], [0, 0, 1, 0, 0, 0, 0, 0, 0, 0, 0, 0, 0, 0, 0, 0, 0, 0, 0, 0, 0, 0], [0, 0, 0, 1, 0, 0, 0, 0, 0, 0, 0, 0, 0, 0, 0, 0, 0, 0, 0, 0, 0, 0], [0, 0, 0, 0, 1, 0, 0, 0, 0, 0, 0, 0, 0, 0, 0, 0, 0, 0, 0, 0, 0, 0], [0, 0, 0, 0, 0, 1, 0, 0, 0, 0, 0, 0, 0, 0, 0, 0, 0, 0, 0, 0, 0, 0], [0, 0, 0, 0, 0, 0, 1, 0, 0, 0, 0, 0, 0, 0, 0, 0, 0, 0, 0, 0, 0, 0], [0, 0, 0, 0, 0, 0, 0, 1, 0, 0, 0, 0, 0, 0, 0, 0, 0, 0, 0, 0, 0, 0], [0, 0, 0, 0, 0, 0, 0, 0, 1, 0, 0, 0, 0, 0, 0, 0, 0, 0, 0, 0, 0, 0], [0, 0, 0, 0, 0, 0, 0, 0, 0, 1, 0, 0, 0, 0, 0, 0, 0, 0, 0, 0, 0, 0], [0, 0, 0, 0, 0, 0, 0, 0, 0, 0, 1, 0, 0, 0, 0, 0, 0, 0, 0, 0, 0, 0], [0, 0, 0, 0, 0, 0, 0, 0, 0, 0, 0, 1, 0, 0, 0, 0, 0, 0, 0, 0, 0, 0], [0, 0, 0, 0, 0, 0, 0, 0, 0, 0, 0, 0, 1, 0, 0, 0, 0, 0, 0, 0, 0, 0], [0, 0, 0, 0, 0, 0, 0, 0, 0, 0, 0, 0, 0, 1, 0, 0, 0, 0, 0, 0, 0, 0], [0, 0, 0, 0, 0, 0, 0, 0, 0, 0, 0, 0, 0, 0, 1, 0, 0, 0, 0, 0, 0, 0], [0, 0, 0, 0, 0, 0, 0, 0, 0, 0, 0, 0, 0, 0, 0, 1, 0, 0, 0, 0, 0, 0], [0, 0, 0, 0, 0, 0, 0, 0, 0, 0, 0, 0, 0, 0, 0, 0, 1, 0, 0, 0, 0, 0], [0, 0, 0, 0, 0, 0, 0, 0, 0, 0, 0, 0, 0, 0, 0, 0, 0, 1, 0, 0, 0, 0], [0, 0, 0, 0, 0, 0, 0, 0, 0, 0, 0, 0, 0, 0, 0, 0, 0, 0, 1, 0, 0, 0], [0, 0, 0, 0, 0, 0, 0, 0, 0, 0, 0, 0, 0, 0, 0, 0, 0, 0, 0, 1, 0, 0], [0, 0, 0, 0, 0, 0, 0, 0, 0, 0, 0, 0, 0, 0, 0, 0, 0, 0, 0, 0, 1, 0], [0, 0, 0, 0, 0, 0, 0, 0, 0, 0, 0, 0, 0, 0, 0, 0, 0, 0, 0, 0, 0, 1]]
[[2, 1, 1, 1, 2, 1, 2, 2, 1, -2, 2, 1, 3, 0, 0, 1, 1, 2, 1, 1, 0, 1], [2, 2, 1, 1, 2, 2, 2, 4, 1, -2, 2, 2, 4, -1, -1, 1, 2, 3, 1, 1, 0, 1], [1, 1, 2, 1, 2, 1, 2, 2, 1, -2, 2, 1, 3, 0, 0, 1, 1, 2, 1, 1, 0, 1], [-2, -1, -1, 0, -2, -2, -2, -4, -1, 2, -2, -2, -4, 1, 1, -1, -2, -3, -1, -1, 0, -1], [-3, -2, -2, -2, -3, -3, -4, -6, -2, 4, -4, -3, -7, 1, 1, -2, -3, -5, -2, -2, 0, -2], [2, 1, 1, 1, 2, 3, 2, 4, 1, -2, 2, 2, 4, -1, -1, 1, 2, 3, 1, 1, 0, 1], [2, 1, 1, 1, 2, 2, 3, 4, 1, -2, 2, 2, 4, -1, -1, 1, 2, 3, 1, 1, 0, 1], [-2, -1, -1, -1, -2, -2, -2, -3, -1, 2, -2, -2, -4, 1, 1, -1, -2, -3, -1, -1, 0, -1], [-3, -2, -2, -2, -4, -3, -4, -6, -1, 4, -4, -3, -7, 1, 1, -2, -3, -5, -2, -2, 0, -2], [0, 0, 0, 0, 0, 0, 0, 0, 0, 1, 0, 0, 0, 0, 0, 0, 0, 0, 0, 0, 0, 0], [2, 1, 1, 1, 2, 2, 2, 4, 1, -2, 3, 2, 4, -1, -1, 1, 2, 3, 1, 1, 0, 1], [0, 0, 0, 0, 0, 0, 0, 0, 0, 0, 0, 1, 0, 0, 0, 0, 0, 0, 0, 0, 0, 0], [0, 0, 0, 0, 0, 0, 0, 0, 0, 0, 0, 0, 1, 0, 0, 0, 0, 0, 0, 0, 0, 0], [-1, -1, -1, -1, -2, -1, -2, -2, -1, 2, -2, -1, -3, 1, 0, -1, -1, -2, -1, -1, 0, -1], [3, 2, 2, 2, 4, 3, 4, 6, 2, -4, 4, 3, 7, -1, 0, 2, 3, 5, 2, 2, 0, 2], [0, 0, 0, 0, 0, 0, 0, 0, 0, 0, 0, 0, 0, 0, 0, 1, 0, 0, 0, 0, 0, 0], [1, 1, 1, 1, 2, 1, 2, 2, 1, -2, 2, 1, 3, 0, 0, 1, 2, 2, 1, 1, 0, 1], [0, 0, 0, 0, 0, 0, 0, 0, 0, 0, 0, 0, 0, 0, 0, 0, 0, 1, 0, 0, 0, 0], [-1, -1, -1, -1, -2, -1, -2, -2, -1, 2, -2, -1, -3, 0, 0, -1, -1, -2, 0, -1, 0, -1], [-1, -1, -1, -1, -2, -1, -2, -2, -1, 2, -2, -1, -3, 0, 0, -1, -1, -2, -1, 0, 0, -1], [-1, 0, 0, 0, 0, -1, 0, -2, 0, 0, 0, -1, -1, 1, 1, 0, -1, -1, 0, 0, 1, 0], [0, 0, 0, 0, 0, 0, 0, 0, 0, 0, 0, 0, 0, 0, 0, 0, 0, 0, 0, 0, 0, 1]]
[[1, 0, 0, 0, 0, 0, 0, 0, 0, 0, 0, 0, 0, 0, 0, 0, 0, 0, 0, 0, 0, 0], [0, 1, 0, 0, 0, 0, 0, 0, 0, 0, 0, 0, 0, 0, 0, 0, 0, 0, 0, 0, 0, 0], [0, 0, 1, 0, 0, 0, 0, 0, 0, 0, 0, 0, 0, 0, 0, 0, 0, 0, 0, 0, 0, 0], [0, 0, 0, 1, 0, 0, 0, 0, 0, 0, 0, 0, 0, 0, 0, 0, 0, 0, 0, 0, 0, 0], [0, 0, 0, 0, 1, 0, 0, 0, 0, 0, 0, 0, 0, 0, 0, 0, 0, 0, 0, 0, 0, 0], [0, 0, 0, 0, 0, 1, 0, 0, 0, 0, 0, 0, 0, 0, 0, 0, 0, 0, 0, 0, 0, 0], [0, 0, 0, 0, 0, 0, 1, 0, 0, 0, 0, 0, 0, 0, 0, 0, 0, 0, 0, 0, 0, 0], [0, 0, 0, 0, 0, 0, 0, 1, 0, 0, 0, 0, 0, 0, 0, 0, 0, 0, 0, 0, 0, 0], [0, 0, 0, 0, 0, 0, 0, 0, 1, 0, 0, 0, 0, 0, 0, 0, 0, 0, 0, 0, 0, 0], [0, 0, 0, 0, 0, 0, 0, 0, 0, 1, 0, 0, 0, 0, 0, 0, 0, 0, 0, 0, 0, 0], [0, 0, 0, 0, 0, 0, 0, 0, 0, 0, 1, 0, 0, 0, 0, 0, 0, 0, 0, 0, 0, 0], [0, 0, 0, 0, 0, 0, 0, 0, 0, 0, 0, 1, 0, 0, 0, 0, 0, 0, 0, 0, 0, 0], [0, 0, 0, 0, 0, 0, 0, 0, 0, 0, 0, 0, 1, 0, 0, 0, 0, 0, 0, 0, 0, 0], [0, 0, 0, 0, 0, 0, 0, 0, 0, 0, 0, 0, 0, 1, 0, 0, 0, 0, 0, 0, 0, 0], [0, 0, 0, 0, 0, 0, 0, 0, 0, 0, 0, 0, 0, 0, 1, 0, 0, 0, 0, 0, 0, 0], [0, 0, 0, 0, 0, 0, 0, 0, 0, 0, 0, 0, 0, 0, 0, 1, 0, 0, 0, 0, 0, 0], [0, 0, 0, 0, 0, 0, 0, 0, 0, 0, 0, 0, 0, 0, 0, 0, 1, 0, 0, 0, 0, 0], [0, 0, 0, 0, 0, 0, 0, 0, 0, 0, 0, 0, 0, 0, 0, 0, 0, 1, 0, 0, 0, 0], [0, 0, 0, 0, 0, 0, 0, 0, 0, 0, 0, 0, 0, 0, 0, 0, 0, 0, 1, 0, 0, 0], [0, 0, 0, 0, 0, 0, 0, 0, 0, 0, 0, 0, 0, 0, 0, 0, 0, 0, 0, 1, 0, 0], [0, 0, 0, 0, 0, 0, 0, 0, 0, 0, 0, 0, 0, 0, 0, 0, 0, 0, 0, 0, 1, 0], [0, 0, 0, 0, 0, 0, 0, 0, 0, 0, 0, 0, 0, 0, 0, 0, 0, 0, 0, 0, 0, 1]]
[[2, 1, 1, 1, 2, 2, 1, 2, 0, -1, 2, 1, 3, 0, -1, 0, 1, 2, 1, 1, 0, 1], [3, 2, 2, 1, 2, 4, 1, 5, 0, 0, 3, 1, 4, -1, -3, 0, 1, 2, 1, 1, 0, 1], [1, 1, 2, 1, 2, 2, 1, 2, 0, -1, 2, 1, 3, 0, -1, 0, 1, 2, 1, 1, 0, 1], [-1, -1, -1, -1, -1, -1, -1, 0, -1, 1, -2, 0, -2, 0, 0, 0, 1, 0, 0, 0, -1, 0], [-2, -2, -2, -2, -2, -2, -2, -2, -1, 2, -4, 0, -4, 0, 1, -1, 0, -2, -1, -1, -1, -1], [1, 1, 1, 1, 1, 1, 1, 0, 1, -1, 2, -1, 1, 0, 0, 1, -1, 0, 0, 0, 1, 0], [2, 2, 2, 3, 2, 1, 3, 0, 2, -2, 4, -1, 3, 0, 0, 1, -2, 0, 0, 0, 2, 0], [-2, -1, -1, -1, -1, -2, -1, -2, 0, 0, -2, 0, -2, 0, 1, -1, 0, -1, -1, -1, -1, -1], [-3, -2, -3, -2, -3, -4, -2, -4, -1, 2, -5, -1, -6, 1, 2, -1, -1, -3, -2, -2, -1, -2], [1, 0, 0, -1, 0, 2, 0, 4, -1, 1, 0, 2, 2, -1, -1, 2, 3, 4, 3, 3, 1, 2], [-1, -1, -1, -2, -1, 0, -1, 1, -1, 0, -1, 2, 0, -1, 0, 1, 3, 3, 2, 2, 0, 1], [-3, -2, -2, -3, -2, -3, -2, -3, -1, 1, -4, 1, -4, 0, 1, -1, 1, -1, -1, -1, -2, -1], [2, 1, 1, 1, 1, 2, 1, 3, 0, 0, 2, 0, 3, 0, -1, 1, 0, 1, 1, 1, 1, 1], [-3, -2, -2, -2, -3, -4, -2, -5, 0, 1, -4, -1, -5, 1, 2, -1, -1, -3, -2, -2, -1, -2], [4, 2, 3, 1, 4, 6, 2, 8, 0, -2, 5, 3, 8, -2, -3, 2, 4, 7, 4, 4, 1, 3], [-1, -1, -1, -1, -1, 0, -1, 0, -1, 1, -2, 1, -1, 0, 0, 0, 1, 0, 0, 0, -1, 0], [2, 1, 2, 2, 3, 2, 3, 3, 0, -2, 3, 1, 4, 0, -1, 1, 1, 2, 1, 1, 0, 0], [0, 0, 0, 0, -1, 0, 0, 0, 1, 0, 0, 0, 0, 0, 1, 1, 0, 1, 1, 1, 1, 1], [0, 0, -1, -1, -1, 0, -2, 0, -1, 2, -1, -1, -2, 0, -1, -1, 0, -1, 0, -1, 0, 0], [0, 0, -1, -1, -1, 0, -2, 0, -1, 2, -1, -1, -2, 0, -1, -1, 0, -1, -1, 0, 0, 0], [-2, -1, 0, 0, 0, -3, 1, -4, 1, -1, -1, -1, -2, 1, 2, -1, -2, -3, -2, -2, -1, -2], [0, 0, 1, 2, 1, -1, 2, -2, 1, -2, 1, 0, 1, 0, 1, 0, -2, -1, -1, -1, 0, -1]]
[[-1, 1, 0, 1, 1, 0, 1, 0, -1, 0, 0, 0, 0, 0, -1, 0, 0, -1, -1, -1, -1, -1], [-1, 1, 0, 0, 0, 0, 0, 0, -1, 1, -1, 0, -1, 0, -1, 0, 0, -1, -1, -1, -1, -1], [-1, 1, 1, 1, 1, 0, 1, 0, 0, -1, 1, 0, 1, 0, 0, 0, 0, 0, 0, 0, 0, 0], [2, 2, 1, 1, 1, 3, -1, 3, -1, 2, 1, -2, 1, 1, -3, -1, -1, -2, -1, -1, 0, 0], [1, 1, 0, 0, 0, 2, -2, 2, -1, 2, 0, -1, 0, -1, -3, -1, -1, -2, -1, -1, 0, 0], [-1, -2, -1, -1, -1, -2, 0, -3, 1, -2, -1, 1, -1, 0, 3, 1, 1, 2, 1, 1, 0, 0], [-1, -2, -1, -1, -1, -3, 1, -3, 1, -2, -1, 1, -1, 0, 3, 1, 1, 2, 1, 1, 0, 0], [0, 0, 0, 0, 0, 0, 0, 1, 0, 0, 0, 0, 0, 0, 0, 0, 0, 0, 0, 0, 0, 0], [1, 0, -1, -1, -1, 1, -2, 1, 0, 2, -1, -1, -1, 0, -1, -1, -1, -2, -1, -1, 0, 0], [3, 3, 2, 1, 1, 4, -1, 4, 0, 2, 3, -2, 3, 0, -4, -1, -1, -1, 0, 0, 1, 1], [0, 0, 0, 0, 0, 0, 0, 0, 0, 0, 1, 0, 0, 0, 0, 0, 0, 0, 0, 0, 0, 0], [-2, -1, -2, -1, -1, -2, -1, -2, -1, 0, -2, 1, -2, 0, 1, 0, 0, -1, -1, -1, -1, -1], [2, 1, 2, 1, 1, 2, 1, 2, 1, 0, 2, 0, 3, 0, -1, 0, 0, 1, 1, 1, 1, 1], [-1, -2, -2, -1, -2, -2, -1, -2, 0, 0, -2, 1, -2, 0, 2, 0, 0, 0, 0, 0, 0, 0], [1, 3, 3, 2, 2, 3, 1, 3, 0, 0, 3, -1, 3, 0, -3, 0, 0, 0, 0, 0, 0, 0], [1, 1, 1, 1, 1, 1, 1, 1, 1, -1, 2, 0, 2, 0, 0, 0, 0, 1, 1, 0, 1, 0], [0, 1, 1, 1, 1, 1, 1, 1, 0, 0, 1, 0, 1, 0, -1, 0, 0, -1, 0, -1, -1, 0], [1, 0, 0, 0, 0, 0, 0, 0, 1, -1, 1, 0, 1, 0, 1, 0, 0, 2, 1, 1, 1, 1], [0, 0, -1, -1, -1, 1, -2, 1, -2, 3, -2, -1, -2, 0, -2, 0, 0, -2, -1, 0, 0, 0], [0, 0, -1, -1, -1, 1, -2, 1, -2, 3, -2, -1, -2, 0, -2, -1, -1, -3, -2, -1, -1, -1], [-1, -1, 0, 0, 0, -2, 1, -2, 1, -2, 0, 1, 0, 0, 2, 1, 0, 1, 1, 0, 0, 0], [-1, -1, 0, 0, 0, -2, 1, -2, 1, -2, 0, 1, 0, 0, 2, 0, 1, 2, 1, 0, 0, 0]]
[[1, 0, 0, 0, 0, 0, 0, 0, 0, 0, 0, 0, 0, 0, 0, 0, 0, 0, 0, 0, 0, 0], [0, 1, 0, 0, 0, 0, 0, 0, 0, 0, 0, 0, 0, 0, 0, 0, 0, 0, 0, 0, 0, 0], [0, 0, 1, 0, 0, 0, 0, 0, 0, 0, 0, 0, 0, 0, 0, 0, 0, 0, 0, 0, 0, 0], [-1, -1, -1, 0, -1, -1, -1, -2, -1, 1, -1, 0, -2, 0, 0, 0, 0, -1, 0, 0, 0, 0], [-1, -1, -1, -1, 0, -1, -1, -2, -1, 1, -1, 0, -2, 0, 0, 0, 0, -1, 0, 0, 0, 0], [1, 1, 1, 1, 1, 2, 1, 2, 1, -1, 1, 0, 2, 0, 0, 0, 0, 1, 0, 0, 0, 0], [1, 1, 1, 1, 1, 1, 2, 2, 1, -1, 1, 0, 2, 0, 0, 0, 0, 1, 0, 0, 0, 0], [-1, -1, -1, -1, -1, -1, -1, -1, -1, 1, -1, 0, -2, 0, 0, 0, 0, -1, 0, 0, 0, 0], [-1, -1, -1, -1, -1, -1, -1, -2, 0, 1, -1, 0, -2, 0, 0, 0, 0, -1, 0, 0, 0, 0], [0, 0, 0, 0, 0, 0, 0, 0, 0, 1, 0, 0, 0, 0, 0, 0, 0, 0, 0, 0, 0, 0], [1, 1, 1, 1, 1, 1, 1, 2, 1, -1, 2, 0, 2, 0, 0, 0, 0, 1, 0, 0, 0, 0], [0, 0, 0, 0, 0, 0, 0, 0, 0, 0, 0, 1, 0, 0, 0, 0, 0, 0, 0, 0, 0, 0], [0, 0, 0, 0, 0, 0, 0, 0, 0, 0, 0, 0, 1, 0, 0, 0, 0, 0, 0, 0, 0, 0], [0, 0, 0, 0, 0, 0, 0, 0, 0, 0, 0, 0, 0, 1, 0, 0, 0, 0, 0, 0, 0, 0], [0, 0, 0, 0, 0, 0, 0, 0, 0, 0, 0, 0, 0, 0, 1, 0, 0, 0, 0, 0, 0, 0], [0, 0, 0, 0, 0, 0, 0, 0, 0, 0, 0, 0, 0, 0, 0, 1, 0, 0, 0, 0, 0, 0], [0, 0, 0, 0, 0, 0, 0, 0, 0, 0, 0, 0, 0, 0, 0, 0, 1, 0, 0, 0, 0, 0], [0, 0, 0, 0, 0, 0, 0, 0, 0, 0, 0, 0, 0, 0, 0, 0, 0, 1, 0, 0, 0, 0], [0, 0, 0, 0, 0, 0, 0, 0, 0, 0, 0, 0, 0, 0, 0, 0, 0, 0, 1, 0, 0, 0], [0, 0, 0, 0, 0, 0, 0, 0, 0, 0, 0, 0, 0, 0, 0, 0, 0, 0, 0, 1, 0, 0], [0, 0, 0, 0, 0, 0, 0, 0, 0, 0, 0, 0, 0, 0, 0, 0, 0, 0, 0, 0, 1, 0], [0, 0, 0, 0, 0, 0, 0, 0, 0, 0, 0, 0, 0, 0, 0, 0, 0, 0, 0, 0, 0, 1]]
[[1, -1, 0, -1, 0, 1, -1, 1, 1, -2, 1, 1, 1, -1, 2, 1, 2, 5, 3, 2, 1, 2], [1, 0, 1, 0, 1, 2, 0, 2, 2, -4, 3, 1, 3, -1, 3, 2, 3, 8, 5, 3, 2, 3], [1, 0, 2, 1, 1, 1, 1, 1, 1, -2, 2, 0, 2, 0, 1, 1, 1, 3, 2, 1, 1, 1], [0, 0, 0, 1, 0, 0, 0, 0, 0, 0, 0, 0, 0, 0, 0, 0, 0, 0, 0, 0, 0, 0], [1, 1, 1, 2, 2, 0, 2, 0, 0, 0, 1, -1, 1, 1, -1, 0, -1, -2, -1, -1, 0, -1], [-1, 0, -1, -1, -1, 0, -1, -1, -1, 2, -2, 0, -2, 0, -1, -1, -1, -3, -2, -1, -1, -1], [-2, -1, -2, -3, -2, -1, -2, -1, -1, 2, -3, 1, -3, -1, 0, -1, 0, -1, -1, 0, -1, 0], [1, 1, 1, 2, 1, 0, 2, 1, 0, 0, 1, -1, 1, 1, -1, 0, -1, -2, -1, -1, 0, -1], [0, 1, 0, 1, 0, -1, 1, -1, 0, 2, -1, -1, -1, 1, -2, -1, -2, -5, -3, -2, -1, -2], [0, -1, 0, -1, 0, 1, -1, 1, 1, -1, 1, 1, 1, -1, 2, 1, 2, 5, 3, 2, 1, 2], [1, 0, 1, 1, 1, 1, 1, 1, 1, -2, 3, 0, 2, 0, 1, 1, 1, 3, 2, 1, 1, 1], [2, 1, 2, 3, 2, 1, 3, 1, 1, -2, 3, 0, 3, 1, 0, 1, 0, 1, 1, 0, 1, 0], [-1, -1, -1, -2, -1, 0, -2, 0, 0, 0, -1, 1, 0, -1, 1, 0, 1, 2, 1, 1, 0, 1], [0, 1, 0, 1, 0, -1, 1, -1, -1, 2, -1, -1, -1, 2, -2, -1, -2, -5, -3, -2, -1, -2], [1, -1, 1, 0, 1, 2, 0, 2, 2, -4, 3, 1, 3, -1, 4, 2, 3, 8, 5, 3, 2, 3], [0, 0, 0, 0, 0, 0, 0, 0, 0, 0, 0, 0, 0, 0, 0, 1, 0, 0, 0, 0, 0, 0], [0, -1, 0, -1, 0, 1, -1, 1, 1, -2, 1, 1, 1, -1, 2, 1, 3, 5, 3, 2, 1, 2], [-1, 0, -1, -1, -1, -1, -1, -1, -1, 2, -2, 0, -2, 0, -1, -1, -1, -2, -2, -1, -1, -1], [0, 0, 0, 0, 0, 0, 0, 0, 0, 0, 0, 0, 0, 0, 0, 0, 0, 0, 1, 0, 0, 0], [1, 0, 1, 1, 1, 1, 1, 1, 1, -2, 2, 0, 2, 0, 1, 1, 1, 3, 2, 2, 1, 1], [0, 1, 0, 1, 0, -1, 1, -1, -1, 2, -1, -1, -1, 1, -2, -1, -2, -5, -3, -2, 0, -2], [-1, 0, -1, -1, -1, -1, -1, -1, -1, 2, -2, 0, -2, 0, -1, -1, -1, -3, -2, -1, -1, 0]]
[[1, 0, 0, 0, 0, 0, 0, 0, 0, 0, 0, 0, 0, 0, 0, 0, 0, 0, 0, 0, 0, 0], [0, 1, 0, 0, 0, 0, 0, 0, 0, 0, 0, 0, 0, 0, 0, 0, 0, 0, 0, 0, 0, 0], [0, 0, 1, 0, 0, 0, 0, 0, 0, 0, 0, 0, 0, 0, 0, 0, 0, 0, 0, 0, 0, 0], [0, 0, 0, 1, 0, 0, 0, 0, 0, 0, 0, 0, 0, 0, 0, 0, 0, 0, 0, 0, 0, 0], [0, 0, 0, 0, 1, 0, 0, 0, 0, 0, 0, 0, 0, 0, 0, 0, 0, 0, 0, 0, 0, 0], [0, 0, 0, 0, 0, 1, 0, 0, 0, 0, 0, 0, 0, 0, 0, 0, 0, 0, 0, 0, 0, 0], [0, 0, 0, 0, 0, 0, 1, 0, 0, 0, 0, 0, 0, 0, 0, 0, 0, 0, 0, 0, 0, 0], [0, 0, 0, 0, 0, 0, 0, 1, 0, 0, 0, 0, 0, 0, 0, 0, 0, 0, 0, 0, 0, 0], [0, 0, 0, 0, 0, 0, 0, 0, 1, 0, 0, 0, 0, 0, 0, 0, 0, 0, 0, 0, 0, 0], [0, 0, 0, 0, 0, 0, 0, 0, 0, 1, 0, 0, 0, 0, 0, 0, 0, 0, 0, 0, 0, 0], [0, 0, 0, 0, 0, 0, 0, 0, 0, 0, 1, 0, 0, 0, 0, 0, 0, 0, 0, 0, 0, 0], [0, 0, 0, 0, 0, 0, 0, 0, 0, 0, 0, 1, 0, 0, 0, 0, 0, 0, 0, 0, 0, 0], [0, 0, 0, 0, 0, 0, 0, 0, 0, 0, 0, 0, 1, 0, 0, 0, 0, 0, 0, 0, 0, 0], [0, 0, 0, 0, 0, 0, 0, 0, 0, 0, 0, 0, 0, 1, 0, 0, 0, 0, 0, 0, 0, 0], [0, 0, 0, 0, 0, 0, 0, 0, 0, 0, 0, 0, 0, 0, 1, 0, 0, 0, 0, 0, 0, 0], [0, 0, 0, 0, 0, 0, 0, 0, 0, 0, 0, 0, 0, 0, 0, 1, 0, 0, 0, 0, 0, 0], [0, 0, 0, 0, 0, 0, 0, 0, 0, 0, 0, 0, 0, 0, 0, 0, 1, 0, 0, 0, 0, 0], [0, 0, 0, 0, 0, 0, 0, 0, 0, 0, 0, 0, 0, 0, 0, 0, 0, 1, 0, 0, 0, 0], [0, 0, 0, 0, 0, 0, 0, 0, 0, 0, 0, 0, 0, 0, 0, 0, 0, 0, 1, 0, 0, 0], [0, 0, 0, 0, 0, 0, 0, 0, 0, 0, 0, 0, 0, 0, 0, 0, 0, 0, 0, 1, 0, 0], [0, 0, 0, 0, 0, 0, 0, 0, 0, 0, 0, 0, 0, 0, 0, 0, 0, 0, 0, 0, 1, 0], [0, 0, 0, 0, 0, 0, 0, 0, 0, 0, 0, 0, 0, 0, 0, 0, 0, 0, 0, 0, 0, 1]]
[[1, 0, 0, 0, 0, 0, 0, 0, 0, 0, 0, 0, 0, 0, 0, 0, 0, 0, 0, 0, 0, 0], [0, 1, 0, 0, 0, 0, 0, 0, 0, 0, 0, 0, 0, 0, 0, 0, 0, 0, 0, 0, 0, 0], [0, 0, 1, 0, 0, 0, 0, 0, 0, 0, 0, 0, 0, 0, 0, 0, 0, 0, 0, 0, 0, 0], [0, 0, 0, 1, 0, 0, 0, 0, 0, 0, 0, 0, 0, 0, 0, 0, 0, 0, 0, 0, 0, 0], [0, 0, 0, 0, 1, 0, 0, 0, 0, 0, 0, 0, 0, 0, 0, 0, 0, 0, 0, 0, 0, 0], [0, 0, 0, 0, 0, 1, 0, 0, 0, 0, 0, 0, 0, 0, 0, 0, 0, 0, 0, 0, 0, 0], [0, 0, 0, 0, 0, 0, 1, 0, 0, 0, 0, 0, 0, 0, 0, 0, 0, 0, 0, 0, 0, 0], [0, 0, 0, 0, 0, 0, 0, 1, 0, 0, 0, 0, 0, 0, 0, 0, 0, 0, 0, 0, 0, 0], [0, 0, 0, 0, 0, 0, 0, 0, 1, 0, 0, 0, 0, 0, 0, 0, 0, 0, 0, 0, 0, 0], [0, 0, 0, 0, 0, 0, 0, 0, 0, 1, 0, 0, 0, 0, 0, 0, 0, 0, 0, 0, 0, 0], [0, 0, 0, 0, 0, 0, 0, 0, 0, 0, 1, 0, 0, 0, 0, 0, 0, 0, 0, 0, 0, 0], [0, 0, 0, 0, 0, 0, 0, 0, 0, 0, 0, 1, 0, 0, 0, 0, 0, 0, 0, 0, 0, 0], [0, 0, 0, 0, 0, 0, 0, 0, 0, 0, 0, 0, 1, 0, 0, 0, 0, 0, 0, 0, 0, 0], [0, 0, 0, 0, 0, 0, 0, 0, 0, 0, 0, 0, 0, 1, 0, 0, 0, 0, 0, 0, 0, 0], [0, 0, 0, 0, 0, 0, 0, 0, 0, 0, 0, 0, 0, 0, 1, 0, 0, 0, 0, 0, 0, 0], [0, 0, 0, 0, 0, 0, 0, 0, 0, 0, 0, 0, 0, 0, 0, 1, 0, 0, 0, 0, 0, 0], [0, 0, 0, 0, 0, 0, 0, 0, 0, 0, 0, 0, 0, 0, 0, 0, 1, 0, 0, 0, 0, 0], [0, 0, 0, 0, 0, 0, 0, 0, 0, 0, 0, 0, 0, 0, 0, 0, 0, 1, 0, 0, 0, 0], [0, 0, 0, 0, 0, 0, 0, 0, 0, 0, 0, 0, 0, 0, 0, 0, 0, 0, 1, 0, 0, 0], [0, 0, 0, 0, 0, 0, 0, 0, 0, 0, 0, 0, 0, 0, 0, 0, 0, 0, 0, 1, 0, 0], [0, 0, 0, 0, 0, 0, 0, 0, 0, 0, 0, 0, 0, 0, 0, 0, 0, 0, 0, 0, 1, 0], [0, 0, 0, 0, 0, 0, 0, 0, 0, 0, 0, 0, 0, 0, 0, 0, 0, 0, 0, 0, 0, 1]]
[[1, 0, 0, 0, 0, 0, 0, 0, 0, 0, 0, 0, 0, 0, 0, 0, 0, 0, 0, 0, 0, 0], [0, 1, 0, 0, 0, 0, 0, 0, 0, 0, 0, 0, 0, 0, 0, 0, 0, 0, 0, 0, 0, 0], [0, 0, 1, 0, 0, 0, 0, 0, 0, 0, 0, 0, 0, 0, 0, 0, 0, 0, 0, 0, 0, 0], [0, 0, 0, 1, 0, 0, 0, 0, 0, 0, 0, 0, 0, 0, 0, 0, 0, 0, 0, 0, 0, 0], [0, 0, 0, 0, 1, 0, 0, 0, 0, 0, 0, 0, 0, 0, 0, 0, 0, 0, 0, 0, 0, 0], [0, 0, 0, 0, 0, 1, 0, 0, 0, 0, 0, 0, 0, 0, 0, 0, 0, 0, 0, 0, 0, 0], [0, 0, 0, 0, 0, 0, 1, 0, 0, 0, 0, 0, 0, 0, 0, 0, 0, 0, 0, 0, 0, 0], [0, 0, 0, 0, 0, 0, 0, 1, 0, 0, 0, 0, 0, 0, 0, 0, 0, 0, 0, 0, 0, 0], [0, 0, 0, 0, 0, 0, 0, 0, 1, 0, 0, 0, 0, 0, 0, 0, 0, 0, 0, 0, 0, 0], [0, 0, 0, 0, 0, 0, 0, 0, 0, 1, 0, 0, 0, 0, 0, 0, 0, 0, 0, 0, 0, 0], [0, 0, 0, 0, 0, 0, 0, 0, 0, 0, 1, 0, 0, 0, 0, 0, 0, 0, 0, 0, 0, 0], [0, 0, 0, 0, 0, 0, 0, 0, 0, 0, 0, 1, 0, 0, 0, 0, 0, 0, 0, 0, 0, 0], [0, 0, 0, 0, 0, 0, 0, 0, 0, 0, 0, 0, 1, 0, 0, 0, 0, 0, 0, 0, 0, 0], [0, 0, 0, 0, 0, 0, 0, 0, 0, 0, 0, 0, 0, 1, 0, 0, 0, 0, 0, 0, 0, 0], [0, 0, 0, 0, 0, 0, 0, 0, 0, 0, 0, 0, 0, 0, 1, 0, 0, 0, 0, 0, 0, 0], [0, 0, 0, 0, 0, 0, 0, 0, 0, 0, 0, 0, 0, 0, 0, 1, 0, 0, 0, 0, 0, 0], [0, 0, 0, 0, 0, 0, 0, 0, 0, 0, 0, 0, 0, 0, 0, 0, 1, 0, 0, 0, 0, 0], [0, 0, 0, 0, 0, 0, 0, 0, 0, 0, 0, 0, 0, 0, 0, 0, 0, 1, 0, 0, 0, 0], [0, 0, 0, 0, 0, 0, 0, 0, 0, 0, 0, 0, 0, 0, 0, 0, 0, 0, 1, 0, 0, 0], [0, 0, 0, 0, 0, 0, 0, 0, 0, 0, 0, 0, 0, 0, 0, 0, 0, 0, 0, 1, 0, 0], [0, 0, 0, 0, 0, 0, 0, 0, 0, 0, 0, 0, 0, 0, 0, 0, 0, 0, 0, 0, 1, 0], [0, 0, 0, 0, 0, 0, 0, 0, 0, 0, 0, 0, 0, 0, 0, 0, 0, 0, 0, 0, 0, 1]]
[[1, 0, 1, 0, 0, 0, 0, 0, 1, -1, 1, 0, 1, 0, 1, 0, 0, 2, 1, 1, 1, 1], [0, 1, 1, 0, 0, 0, 0, 0, 1, -1, 1, 0, 1, 0, 1, 0, 0, 2, 1, 1, 1, 1], [0, 0, 1, 0, 0, 0, 0, 0, 0, 0, 0, 0, 0, 0, 0, 0, 0, 0, 0, 0, 0, 0], [0, 0, 1, 1, 0, 0, 0, 0, 1, -1, 1, 0, 1, 0, 1, 0, 0, 2, 1, 1, 1, 1], [0, 0, 1, 0, 1, 0, 0, 0, 1, -1, 1, 0, 1, 0, 1, 0, 0, 2, 1, 1, 1, 1], [0, 0, -1, 0, 0, 0, 1, 0, -1, 1, -1, 1, 0, 0, -1, 0, 0, -2, -1, -1, -1, -1], [0, 0, -1, 0, 0, 0, 1, 0, -1, 1, -1, 0, -1, 0, -1, 0, 0, -2, -1, -1, -1, -1], [0, 0, 0, 0, 0, 0, 0, 1, 0, 0, 0, 0, 0, 0, 0, 0, 0, 0, 0, 0, 0, 0], [0, 0, 0, 0, 0, 0, 0, 0, 1, 0, 0, 0, 0, 0, 0, 0, 0, 0, 0, 0, 0, 0], [0, 0, 1, 0, 0, 1, -1, 0, 1, 0, 1, -1, 0, 0, 1, 0, 0, 2, 1, 1, 1, 1], [0, 0, 0, 0, 0, 0, 0, 0, 0, 0, 1, 0, 0, 0, 0, 0, 0, 0, 0, 0, 0, 0], [0, 0, 0, 0, 0, 0, 0, 0, 0, 0, 0, 1, 0, 0, 0, 0, 0, 0, 0, 0, 0, 0], [0, 0, 0, 0, 0, 1, -1, 0, 0, 0, 0, -1, 0, 0, 0, 0, 0, 0, 0, 0, 0, 0], [0, 0, -1, 0, 0, 0, 0, 0, -1, 1, -1, 0, -1, 1, -1, 0, 0, -2, -1, -1, -1, -1], [0, 0, 1, 0, 0, 0, 0, 0, 1, -1, 1, 0, 1, 0, 2, 0, 0, 2, 1, 1, 1, 1], [0, 0, 0, 0, 0, 0, 0, 0, 0, 0, 0, 0, 0, 0, 0, 1, 0, 0, 0, 0, 0, 0], [0, 0, 1, 0, 0, 0, 0, 0, 1, -1, 1, 0, 1, 0, 1, 0, 1, 2, 1, 1, 1, 1], [0, 0, -1, 0, 0, 0, 0, 0, -1, 1, -1, 0, -1, 0, -1, 0, 0, -1, -1, -1, -1, -1], [0, 0, 1, 0, 0, 0, 0, 0, 1, -1, 1, 0, 1, 0, 1, 0, 0, 2, 2, 1, 1, 1], [0, 0, 1, 0, 0, 0, 0, 0, 1, -1, 1, 0, 1, 0, 1, 0, 0, 2, 1, 2, 1, 1], [0, 0, -1, 0, 0, 0, 0, 0, -1, 1, -1, 0, -1, 0, -1, 0, 0, -2, -1, -1, 0, -1], [0, 0, -1, 0, 0, 0, 0, 0, -1, 1, -1, 0, -1, 0, -1, 0, 0, -2, -1, -1, -1, 0]]
[[1, 0, 0, 0, 0, 0, 0, 0, 0, 0, 0, 0, 0, 0, 0, 0, 0, 0, 0, 0, 0, 0], [0, 1, 0, 0, 0, 0, 0, 0, 0, 0, 0, 0, 0, 0, 0, 0, 0, 0, 0, 0, 0, 0], [0, 0, 1, 0, 0, 0, 0, 0, 0, 0, 0, 0, 0, 0, 0, 0, 0, 0, 0, 0, 0, 0], [0, 0, 0, 1, 0, 0, 0, 0, 0, 0, 0, 0, 0, 0, 0, 0, 0, 0, 0, 0, 0, 0], [0, 0, 0, 0, 1, 0, 0, 0, 0, 0, 0, 0, 0, 0, 0, 0, 0, 0, 0, 0, 0, 0], [0, 0, 0, 0, 0, 1, 0, 0, 0, 0, 0, 0, 0, 0, 0, 0, 0, 0, 0, 0, 0, 0], [0, 0, 0, 0, 0, 0, 1, 0, 0, 0, 0, 0, 0, 0, 0, 0, 0, 0, 0, 0, 0, 0], [0, 0, 0, 0, 0, 0, 0, 1, 0, 0, 0, 0, 0, 0, 0, 0, 0, 0, 0, 0, 0, 0], [0, 0, 0, 0, 0, 0, 0, 0, 1, 0, 0, 0, 0, 0, 0, 0, 0, 0, 0, 0, 0, 0], [0, 0, 0, 0, 0, 0, 0, 0, 0, 1, 0, 0, 0, 0, 0, 0, 0, 0, 0, 0, 0, 0], [0, 0, 0, 0, 0, 0, 0, 0, 0, 0, 1, 0, 0, 0, 0, 0, 0, 0, 0, 0, 0, 0], [0, 0, 0, 0, 0, 0, 0, 0, 0, 0, 0, 1, 0, 0, 0, 0, 0, 0, 0, 0, 0, 0], [0, 0, 0, 0, 0, 0, 0, 0, 0, 0, 0, 0, 1, 0, 0, 0, 0, 0, 0, 0, 0, 0], [0, 0, 0, 0, 0, 0, 0, 0, 0, 0, 0, 0, 0, 1, 0, 0, 0, 0, 0, 0, 0, 0], [0, 0, 0, 0, 0, 0, 0, 0, 0, 0, 0, 0, 0, 0, 1, 0, 0, 0, 0, 0, 0, 0], [0, 0, 0, 0, 0, 0, 0, 0, 0, 0, 0, 0, 0, 0, 0, 1, 0, 0, 0, 0, 0, 0], [0, 0, 0, 0, 0, 0, 0, 0, 0, 0, 0, 0, 0, 0, 0, 0, 1, 0, 0, 0, 0, 0], [0, 0, 0, 0, 0, 0, 0, 0, 0, 0, 0, 0, 0, 0, 0, 0, 0, 1, 0, 0, 0, 0], [0, 0, 0, 0, 0, 0, 0, 0, 0, 0, 0, 0, 0, 0, 0, 0, 0, 0, 1, 0, 0, 0], [0, 0, 0, 0, 0, 0, 0, 0, 0, 0, 0, 0, 0, 0, 0, 0, 0, 0, 0, 1, 0, 0], [0, 0, 0, 0, 0, 0, 0, 0, 0, 0, 0, 0, 0, 0, 0, 0, 0, 0, 0, 0, 1, 0], [0, 0, 0, 0, 0, 0, 0, 0, 0, 0, 0, 0, 0, 0, 0, 0, 0, 0, 0, 0, 0, 1]]
[[-1, 0, -2, 0, 0, 0, -1, 0, -2, 1, -1, 0, -1, 0, -1, -1, 0, -2, -1, -1, -1, 0], [0, -1, -2, 0, 0, 0, -1, 0, -2, 1, -1, 0, -1, 0, -1, -1, 0, -2, -1, -1, -1, 0], [0, 0, 1, 2, 2, 0, 2, 0, 0, -2, 2, 0, 2, 0, 0, 0, 0, 0, 0, 0, 0, 0], [1, 1, 1, 1, 2, 1, 1, 1, 0, 0, 1, -1, 1, 0, -1, 0, -1, -1, -1, -1, 0, -1], [1, 1, 1, 2, 1, 1, 1, 1, 0, 0, 1, -1, 1, 0, -1, 0, -1, -1, -1, -1, 0, -1], [-1, -1, -1, -2, -2, 0, -2, -1, 0, 1, -2, 1, -2, 0, 1, 0, 1, 1, 1, 1, 0, 1], [-3, -3, -4, -5, -5, -2, -5, -2, -2, 4, -6, 2, -6, 0, 1, -1, 2, 0, 1, 1, -1, 2], [2, 2, 3, 3, 3, 1, 4, 2, 2, -3, 4, -1, 4, 0, 0, 1, -1, 1, 0, 0, 1, -1], [1, 1, 1, 0, 0, 1, 0, 1, 1, 1, 0, -1, 0, 0, -1, 0, -1, -1, -1, -1, 0, -1], [0, 0, 0, 0, 0, 0, 0, 0, 0, 1, 0, 0, 0, 0, 0, 0, 0, 0, 0, 0, 0, 0], [2, 2, 3, 3, 3, 1, 4, 1, 2, -3, 5, -1, 4, 0, 0, 1, -1, 1, 0, 0, 1, -1], [3, 3, 4, 5, 5, 2, 6, 2, 2, -4, 6, -1, 6, 0, -1, 1, -2, 0, -1, -1, 1, -2], [-1, -1, -1, -2, -2, -1, -2, -1, 0, 1, -2, 1, -1, 0, 1, 0, 1, 1, 1, 1, 0, 1], [1, 1, 2, 1, 1, 0, 2, 0, 2, -2, 2, 0, 2, -1, 0, 1, -1, 1, 0, 0, 1, -1], [0, 0, 0, 2, 2, 0, 2, 0, 0, -2, 2, 0, 2, 0, 1, 0, 0, 0, 0, 0, 0, 0], [1, 1, 2, 2, 2, 0, 3, 0, 2, -3, 3, 0, 3, 0, 1, 1, 0, 2, 0, 1, 1, -1], [0, 0, 0, 1, 1, 0, 1, 0, 0, -1, 1, 0, 1, 0, 0, 0, 0, -1, -1, 0, -1, 0], [-1, -1, -1, -2, -2, -1, -2, -1, 0, 1, -2, 1, -2, 0, 1, 0, 1, 2, 1, 1, 0, 1], [0, 0, -1, -1, -1, 1, -2, 1, -2, 3, -2, -1, -2, 0, -2, -1, -1, -3, -1, -2, -1, -1], [0, 0, -1, -1, -1, 1, -2, 1, -2, 3, -2, -1, -2, 0, -2, 0, 0, -2, 0, -1, 0, 0], [1, 1, 2, 2, 2, 0, 3, 0, 2, -3, 3, 0, 3, 0, 1, 1, -1, 1, 0, 1, 1, 0], [-1, -1, -1, -1, -1, -1, -1, -1, 0, 0, -1, 1, -1, 0, 1, -1, 1, 1, 0, 1, 0, 1]]

#################
# GALOIS GROUPS #
#################


Generators of the monodromy group on the generic Picard lattice:
[[0, 2, -1, 0, -1, 2, -2, 2, -1, 2, 0, -2, 1, -1, -1], [1, 1, -1, 0, -1, 2, -2, 2, -1, 2, 0, -2, 1, -1, -1], [0, 0, -1, 0, 0, 0, 0, 0, 0, 0, 0, 0, 0, 0, 0], [-1, -2, 1, 1, 3, -1, 2, -3, -1, -3, 2, 1, -1, 1, 1], [-1, -2, 1, 2, 2, -1, 2, -3, -1, -3, 2, 1, -1, 1, 1], [1, 2, 0, -1, -2, 2, -2, 3, 1, 3, -2, -1, 1, -1, -1], [2, 5, 0, -2, -5, 4, -5, 8, 1, 8, -4, -4, 3, -3, -3], [-1, -3, 0, 1, 3, -3, 4, -4, 0, -5, 2, 3, -2, 2, 2], [-1, -2, 2, 1, 2, -1, 2, -3, 0, -3, 2, 1, -1, 1, 1], [0, 0, 0, 0, 0, 0, 0, 0, 0, 1, 0, 0, 0, 0, 0], [-1, -3, 0, 1, 3, -3, 4, -5, 0, -5, 3, 3, -2, 2, 2], [-2, -5, 0, 2, 5, -4, 6, -8, -1, -8, 4, 5, -3, 3, 3], [-2, -4, 1, 1, 3, -4, 4, -6, 0, -6, 2, 4, -3, 2, 2], [-1, -3, -1, 0, 2, -3, 2, -3, 0, -3, 0, 3, -2, 1, 2], [2, 3, -2, -2, -3, 3, -4, 5, 1, 5, -2, -3, 1, -1, -2]]
[[1, 0, 0, 0, 0, 0, 0, 0, 0, 0, 0, 0, 0, 0, 0], [0, 1, 0, 0, 0, 0, 0, 0, 0, 0, 0, 0, 0, 0, 0], [0, 0, 1, 0, 0, 0, 0, 0, 0, 0, 0, 0, 0, 0, 0], [0, 0, 0, 1, 0, 0, 0, 0, 0, 0, 0, 0, 0, 0, 0], [0, 0, 0, 0, 1, 0, 0, 0, 0, 0, 0, 0, 0, 0, 0], [0, 0, 0, 0, 0, 1, 0, 0, 0, 0, 0, 0, 0, 0, 0], [0, 0, 0, 0, 0, 0, 1, 0, 0, 0, 0, 0, 0, 0, 0], [0, 0, 0, 0, 0, 0, 0, 1, 0, 0, 0, 0, 0, 0, 0], [0, 0, 0, 0, 0, 0, 0, 0, 1, 0, 0, 0, 0, 0, 0], [0, 0, 0, 0, 0, 0, 0, 0, 0, 1, 0, 0, 0, 0, 0], [0, 0, 0, 0, 0, 0, 0, 0, 0, 0, 1, 0, 0, 0, 0], [0, 0, 0, 0, 0, 0, 0, 0, 0, 0, 0, 1, 0, 0, 0], [0, 0, 0, 0, 0, 0, 0, 0, 0, 0, 0, 0, 1, 0, 0], [0, 0, 0, 0, 0, 0, 0, 0, 0, 0, 0, 0, 0, 1, 0], [0, 0, 0, 0, 0, 0, 0, 0, 0, 0, 0, 0, 0, 0, 1]]
[[2, 2, -1, -1, -1, 1, -1, 2, 1, 2, -1, -1, 1, 0, -1], [0, 1, 0, 0, 0, 0, 0, 0, 0, 0, 0, 0, 0, 0, 0], [1, 2, 0, -1, -1, 1, -1, 2, 1, 2, -1, -1, 1, 0, -1], [0, 0, 0, 1, 0, 0, 0, 0, 0, 0, 0, 0, 0, 0, 0], [-1, -2, 1, 1, 2, -1, 1, -2, -1, -2, 1, 1, -1, 0, 1], [0, 0, 0, 0, 0, 1, 0, 0, 0, 0, 0, 0, 0, 0, 0], [0, 0, 0, 0, 0, 0, 1, 0, 0, 0, 0, 0, 0, 0, 0], [0, 0, 0, 0, 0, 0, 0, 1, 0, 0, 0, 0, 0, 0, 0], [-1, -2, 1, 1, 1, -1, 1, -2, 0, -2, 1, 1, -1, 0, 1], [0, 0, 0, 0, 0, 0, 0, 0, 0, 1, 0, 0, 0, 0, 0], [0, 0, 0, 0, 0, 0, 0, 0, 0, 0, 1, 0, 0, 0, 0], [0, 0, 0, 0, 0, 0, 0, 0, 0, 0, 0, 1, 0, 0, 0], [-1, -2, 1, 1, 1, -1, 1, -2, -1, -2, 1, 1, 0, 0, 1], [0, 0, 0, 0, 0, 0, 0, 0, 0, 0, 0, 0, 0, 1, 0], [1, 2, -1, -1, -1, 1, -1, 2, 1, 2, -1, -1, 1, 0, 0]]
[[1, -1, -1, -1, 0, -1, 1, -1, 1, -1, 0, 2, -1, 1, 1], [0, 0, -1, -1, 0, -1, 1, -1, 1, -1, 0, 2, -1, 1, 1], [0, 0, 1, 0, 0, 0, 0, 0, 0, 0, 0, 0, 0, 0, 0], [0, 0, 0, 1, 0, 0, 0, 0, 0, 0, 0, 0, 0, 0, 0], [0, 0, 0, 0, 1, 0, 0, 0, 0, 0, 0, 0, 0, 0, 0], [0, 0, 0, 0, 0, 0, 1, 0, 0, 0, 1, 0, 0, 0, 0], [0, -1, -1, -1, 0, -1, 2, -1, 1, -1, 0, 2, -1, 1, 1], [0, 1, 0, 0, -1, 1, -2, 1, -1, 2, -1, -1, 1, -1, -1], [0, 1, 1, 1, 0, 1, -1, 1, 0, 1, 0, -2, 1, -1, -1], [0, 0, 1, 1, 1, 1, 0, 1, 0, 0, 0, -1, 0, 0, 0], [0, 1, 1, 1, 0, 2, -2, 1, -1, 1, 0, -2, 1, -1, -1], [0, 1, 1, 1, 0, 1, -1, 1, -1, 1, 0, -1, 1, -1, -1], [0, 1, 1, 1, 0, 1, -1, 1, -1, 1, 0, -2, 2, -1, -1], [0, 1, 1, 1, 0, 1, -1, 1, -1, 1, 0, -2, 1, 0, -1], [0, 0, 0, 0, 0, 0, 0, 0, 0, 0, 0, 0, 0, 0, 1]]
[[0, 0, 0, 0, 0, 0, -1, 0, -1, 1, -1, 0, 0, -1, 0], [0, 1, 0, 0, 0, 0, 0, 0, 0, 0, 0, 0, 0, 0, 0], [-1, -1, 1, 1, 1, -1, 1, -3, -1, -2, 1, 1, 0, 0, 1], [0, 0, 1, 2, 1, 0, 1, -1, -1, -1, 2, -1, 1, 0, 0], [0, -1, 0, 1, 2, -1, 2, -3, 0, -3, 2, 1, 0, 1, 1], [1, 1, 0, -1, -1, 2, -1, 3, 1, 2, -1, -1, 0, 0, -1], [1, 1, -1, -2, -2, 1, -1, 4, 2, 3, -3, 0, -1, 0, -1], [-1, -1, 0, 1, 1, -1, 1, -2, -1, -2, 1, 1, 0, 0, 1], [0, 0, 1, 1, 1, 0, 1, -1, 0, -1, 2, -1, 1, 0, 0], [0, -1, 0, 1, 1, -1, 2, -3, 0, -2, 2, 1, 0, 1, 1], [-1, -1, 0, 1, 1, -1, 1, -3, -1, -2, 2, 1, 0, 0, 1], [-1, -1, 1, 2, 2, -1, 2, -4, -2, -3, 3, 1, 1, 0, 1], [0, 0, 0, 0, 0, 0, 0, 0, 0, 0, 0, 0, 1, 0, 0], [-1, -1, 0, 1, 1, -1, 1, -3, -1, -2, 1, 1, 0, 1, 1], [0, 0, 0, 0, 0, 0, 0, 0, 0, 0, 0, 0, 0, 0, 1]]
[[1, -1, 1, 1, 1, 0, 1, -1, 0, -1, 1, 0, 0, 0, 0], [0, -1, 2, 2, 2, 0, 2, -2, 0, -2, 2, 0, 0, 0, 0], [0, -1, 2, 1, 1, 0, 1, -1, 0, -1, 1, 0, 0, 0, 0], [-1, -1, 1, 1, 1, -1, 0, -2, 0, -2, 1, 0, -1, 0, 0], [0, 0, 0, 0, 1, 0, 0, 0, 0, 0, 0, 0, 0, 0, 0], [0, 1, -1, -1, -1, 1, -1, 1, 0, 1, -1, 0, 0, 0, 0], [1, 3, -2, -2, -3, 2, -2, 4, 0, 4, -2, -1, 1, -1, -1], [-1, -2, 1, 1, 2, -2, 2, -2, 0, -3, 1, 1, -1, 1, 1], [0, 1, -1, -1, -1, 0, -1, 1, 1, 1, -1, 0, 0, 0, 0], [0, 1, 0, -1, -1, 1, -2, 1, 0, 2, 0, -1, 0, -1, -1], [-1, -2, 1, 1, 2, -2, 2, -3, 0, -3, 2, 1, -1, 1, 1], [-2, -4, 2, 2, 4, -4, 4, -6, 0, -6, 2, 3, -2, 2, 2], [-1, -1, 0, 0, 1, -2, 1, -2, 0, -2, 0, 1, 0, 1, 1], [0, 0, 1, 0, 0, 1, -1, 0, 0, 0, 1, -1, 0, 0, -1], [0, -1, 2, 1, 1, 1, 0, -1, 0, -1, 2, -1, 0, -1, 0]]
[[1, 0, 0, 0, 0, 0, 0, 0, 0, 0, 0, 0, 0, 0, 0], [0, 1, 0, 0, 0, 0, 0, 0, 0, 0, 0, 0, 0, 0, 0], [0, 0, 1, 0, 0, 0, 0, 0, 0, 0, 0, 0, 0, 0, 0], [0, 0, 0, 1, 0, 0, 0, 0, 0, 0, 0, 0, 0, 0, 0], [0, 0, 0, 0, 1, 0, 0, 0, 0, 0, 0, 0, 0, 0, 0], [0, 0, 0, 0, 0, 1, 0, 0, 0, 0, 0, 0, 0, 0, 0], [0, 0, 0, 0, 0, 0, 1, 0, 0, 0, 0, 0, 0, 0, 0], [0, 0, 0, 0, 0, 0, 0, 1, 0, 0, 0, 0, 0, 0, 0], [0, 0, 0, 0, 0, 0, 0, 0, 1, 0, 0, 0, 0, 0, 0], [0, 0, 0, 0, 0, 0, 0, 0, 0, 1, 0, 0, 0, 0, 0], [0, 0, 0, 0, 0, 0, 0, 0, 0, 0, 1, 0, 0, 0, 0], [0, 0, 0, 0, 0, 0, 0, 0, 0, 0, 0, 1, 0, 0, 0], [0, 0, 0, 0, 0, 0, 0, 0, 0, 0, 0, 0, 1, 0, 0], [0, 0, 0, 0, 0, 0, 0, 0, 0, 0, 0, 0, 0, 1, 0], [0, 0, 0, 0, 0, 0, 0, 0, 0, 0, 0, 0, 0, 0, 1]]
[[-1, -1, 1, 2, 1, -2, 2, -2, -2, -1, 1, 1, 0, 0, 0], [-1, 0, 2, 2, 1, -1, 2, -1, -1, -1, 1, 0, 1, 0, 0], [-1, -1, 2, 2, 1, -1, 1, -2, -1, -2, 1, 0, 0, 0, 0], [0, -1, 0, 1, 1, -1, 1, 0, 0, -1, 0, 0, 0, 0, 1], [0, -1, 0, 1, 2, -1, 2, -1, 0, -2, 0, 1, 0, 1, 1], [0, 1, 0, -1, -1, 2, -2, 1, 0, 2, 0, -1, 0, -1, -1], [0, 2, 1, -1, -1, 3, -2, 1, 0, 2, 2, -2, 0, -1, -2], [1, 0, -1, -1, -1, 0, -1, 2, 1, 1, -2, 0, 0, 0, 0], [0, -1, -1, 0, 1, -1, 1, -1, 1, -2, 0, 1, -1, 1, 1], [0, -1, 1, 2, 2, 0, 2, -2, 0, -3, 2, 0, 0, 1, 1], [1, -1, -1, 0, 0, -1, 1, 0, 1, -1, -1, 1, 0, 1, 1], [0, -2, 0, 1, 1, -2, 1, -1, 0, -2, -1, 1, 0, 0, 1], [1, 0, -2, -2, -1, 0, -2, 1, 1, 1, -2, 0, 0, 0, 0], [1, 1, 0, 0, -1, 1, -1, 1, 1, 1, -1, -1, 1, 0, 0], [-1, -1, 1, 2, 1, -1, 2, -2, -1, -2, 1, 1, 0, 1, 1]]
[[1, 0, 0, 0, 0, 0, 0, 0, 0, 0, 0, 0, 0, 0, 0], [0, 1, 0, 0, 0, 0, 0, 0, 0, 0, 0, 0, 0, 0, 0], [0, 0, 1, 0, 0, 0, 0, 0, 0, 0, 0, 0, 0, 0, 0], [0, 0, 0, 1, 0, 0, 0, 0, 0, 0, 0, 0, 0, 0, 0], [0, 0, 0, 0, 1, 0, 0, 0, 0, 0, 0, 0, 0, 0, 0], [0, 0, 0, 0, 0, 1, 0, 0, 0, 0, 0, 0, 0, 0, 0], [0, 0, 0, 0, 0, 0, 1, 0, 0, 0, 0, 0, 0, 0, 0], [0, 0, 0, 0, 0, 0, 0, 1, 0, 0, 0, 0, 0, 0, 0], [0, 0, 0, 0, 0, 0, 0, 0, 1, 0, 0, 0, 0, 0, 0], [0, 0, 0, 0, 0, 0, 0, 0, 0, 1, 0, 0, 0, 0, 0], [0, 0, 0, 0, 0, 0, 0, 0, 0, 0, 1, 0, 0, 0, 0], [0, 0, 0, 0, 0, 0, 0, 0, 0, 0, 0, 1, 0, 0, 0], [0, 0, 0, 0, 0, 0, 0, 0, 0, 0, 0, 0, 1, 0, 0], [0, 0, 0, 0, 0, 0, 0, 0, 0, 0, 0, 0, 0, 1, 0], [0, 0, 0, 0, 0, 0, 0, 0, 0, 0, 0, 0, 0, 0, 1]]
[[1, 2, -1, -1, -2, 0, -2, 1, 0, 3, -2, -1, 2, -1, -1], [1, 2, -2, -2, -3, 0, -3, 3, 0, 4, -3, -1, 1, -1, -1], [1, 2, -2, -2, -2, 1, -3, 3, 0, 4, -3, -1, 1, -1, -1], [1, 2, -1, -1, -2, 1, -1, 3, 0, 4, -1, -1, 1, -1, -1], [0, 0, 0, -1, -1, 0, -1, 1, 0, 2, -1, 0, 0, -1, 0], [0, -1, 1, 1, 1, 0, 1, -1, 0, -2, 1, 0, 0, 1, 0], [-1, -3, 2, 3, 3, -2, 3, -4, 0, -6, 2, 1, -1, 2, 1], [0, 1, -1, -1, -1, 1, -1, 2, 0, 2, -1, 0, 0, -1, 0], [-1, -2, 1, 1, 2, -1, 2, -2, -1, -2, 2, 1, -1, 0, 1], [0, 0, 0, 0, 0, 0, 0, 0, 0, 1, 0, 0, 0, 0, 0], [0, 1, -1, -1, -1, 1, -1, 1, 0, 2, 0, 0, 0, -1, 0], [2, 4, -2, -3, -4, 4, -5, 7, 0, 8, -3, -3, 2, -3, -2], [0, -1, 0, 0, 1, 1, 1, 0, 0, -1, 1, 1, -1, 0, 1], [0, 1, -1, -1, -1, 1, -1, 1, 0, 2, -1, 0, 0, 0, 0], [0, 0, -2, -1, 0, -2, 1, -1, 0, 0, -1, 2, 0, 1, 1]]
[[1, 0, 0, 0, 0, 0, 0, 0, 0, 0, 0, 0, 0, 0, 0], [0, 1, 0, 0, 0, 0, 0, 0, 0, 0, 0, 0, 0, 0, 0], [0, 0, 1, 0, 0, 0, 0, 0, 0, 0, 0, 0, 0, 0, 0], [0, 0, 0, 1, 0, 0, 0, 0, 0, 0, 0, 0, 0, 0, 0], [0, 0, 0, 0, 1, 0, 0, 0, 0, 0, 0, 0, 0, 0, 0], [0, 0, 0, 0, 0, 1, 0, 0, 0, 0, 0, 0, 0, 0, 0], [0, 0, 0, 0, 0, 0, 1, 0, 0, 0, 0, 0, 0, 0, 0], [0, 0, 0, 0, 0, 0, 0, 1, 0, 0, 0, 0, 0, 0, 0], [0, 0, 0, 0, 0, 0, 0, 0, 1, 0, 0, 0, 0, 0, 0], [0, 0, 0, 0, 0, 0, 0, 0, 0, 1, 0, 0, 0, 0, 0], [0, 0, 0, 0, 0, 0, 0, 0, 0, 0, 1, 0, 0, 0, 0], [0, 0, 0, 0, 0, 0, 0, 0, 0, 0, 0, 1, 0, 0, 0], [0, 0, 0, 0, 0, 0, 0, 0, 0, 0, 0, 0, 1, 0, 0], [0, 0, 0, 0, 0, 0, 0, 0, 0, 0, 0, 0, 0, 1, 0], [0, 0, 0, 0, 0, 0, 0, 0, 0, 0, 0, 0, 0, 0, 1]]
[[2, 1, -1, -1, -2, 1, -2, 2, 0, 3, -1, -1, 1, -1, -1], [2, 2, -2, -2, -3, 2, -4, 4, 0, 5, -2, -2, 1, -2, -2], [1, 0, 0, -1, -1, 1, -2, 2, 0, 2, -1, -1, 0, -1, -1], [-1, -2, 0, 1, 2, -2, 2, -3, 0, -3, 1, 2, -2, 1, 1], [0, 0, 0, 0, 1, 0, 0, 0, 0, 0, 0, 0, 0, 0, 0], [0, 1, 0, 0, -1, 1, 0, 0, 0, 1, 0, 0, 1, 0, 0], [1, 3, 0, 0, -3, 2, -1, 3, 0, 4, -1, -2, 3, -1, -1], [-1, -2, 0, 0, 2, -2, 2, -2, 0, -3, 1, 2, -2, 1, 1], [-1, -1, 1, 1, 2, -1, 2, -2, 1, -3, 1, 1, -1, 1, 1], [0, 0, 1, 1, 1, 1, 0, 1, 0, 0, 0, -1, 0, 0, 0], [-1, -2, 1, 1, 3, -1, 2, -2, 0, -4, 2, 1, -2, 1, 1], [-1, -3, 0, 0, 3, -2, 2, -3, 0, -4, 1, 3, -3, 1, 1], [-2, -3, 1, 1, 4, -3, 4, -5, 0, -6, 2, 3, -2, 2, 2], [0, -1, 0, 0, 1, 0, 0, 0, 0, -1, 0, 0, -1, 1, 0], [1, 0, -1, -1, -1, 1, -2, 2, 0, 2, -1, -1, 0, -1, 0]]
[[1, 0, 0, 0, 0, 0, 0, 0, 0, 0, 0, 0, 0, 0, 0], [0, 1, 0, 0, 0, 0, 0, 0, 0, 0, 0, 0, 0, 0, 0], [0, 0, 1, 0, 0, 0, 0, 0, 0, 0, 0, 0, 0, 0, 0], [0, 0, 0, 1, 0, 0, 0, 0, 0, 0, 0, 0, 0, 0, 0], [0, 0, 0, 0, 1, 0, 0, 0, 0, 0, 0, 0, 0, 0, 0], [0, 0, 0, 0, 0, 1, 0, 0, 0, 0, 0, 0, 0, 0, 0], [0, 0, 0, 0, 0, 0, 1, 0, 0, 0, 0, 0, 0, 0, 0], [0, 0, 0, 0, 0, 0, 0, 1, 0, 0, 0, 0, 0, 0, 0], [0, 0, 0, 0, 0, 0, 0, 0, 1, 0, 0, 0, 0, 0, 0], [0, 0, 0, 0, 0, 0, 0, 0, 0, 1, 0, 0, 0, 0, 0], [0, 0, 0, 0, 0, 0, 0, 0, 0, 0, 1, 0, 0, 0, 0], [0, 0, 0, 0, 0, 0, 0, 0, 0, 0, 0, 1, 0, 0, 0], [0, 0, 0, 0, 0, 0, 0, 0, 0, 0, 0, 0, 1, 0, 0], [0, 0, 0, 0, 0, 0, 0, 0, 0, 0, 0, 0, 0, 1, 0], [0, 0, 0, 0, 0, 0, 0, 0, 0, 0, 0, 0, 0, 0, 1]]
[[1, 0, 0, 0, 0, 0, 0, 0, 0, 0, 0, 0, 0, 0, 0], [0, 1, 0, 0, 0, 0, 0, 0, 0, 0, 0, 0, 0, 0, 0], [0, 0, 1, 0, 0, 0, 0, 0, 0, 0, 0, 0, 0, 0, 0], [0, 0, 0, 1, 0, 0, 0, 0, 0, 0, 0, 0, 0, 0, 0], [0, 0, 0, 0, 1, 0, 0, 0, 0, 0, 0, 0, 0, 0, 0], [0, 0, 0, 0, 0, 1, 0, 0, 0, 0, 0, 0, 0, 0, 0], [0, 0, 0, 0, 0, 0, 1, 0, 0, 0, 0, 0, 0, 0, 0], [0, 0, 0, 0, 0, 0, 0, 1, 0, 0, 0, 0, 0, 0, 0], [0, 0, 0, 0, 0, 0, 0, 0, 1, 0, 0, 0, 0, 0, 0], [0, 0, 0, 0, 0, 0, 0, 0, 0, 1, 0, 0, 0, 0, 0], [0, 0, 0, 0, 0, 0, 0, 0, 0, 0, 1, 0, 0, 0, 0], [0, 0, 0, 0, 0, 0, 0, 0, 0, 0, 0, 1, 0, 0, 0], [0, 0, 0, 0, 0, 0, 0, 0, 0, 0, 0, 0, 1, 0, 0], [0, 0, 0, 0, 0, 0, 0, 0, 0, 0, 0, 0, 0, 1, 0], [0, 0, 0, 0, 0, 0, 0, 0, 0, 0, 0, 0, 0, 0, 1]]
[[1, 0, 0, 0, 0, 0, 0, 0, 0, 0, 0, 0, 0, 0, 0], [0, 1, 0, 0, 0, 0, 0, 0, 0, 0, 0, 0, 0, 0, 0], [0, 0, 1, 0, 0, 0, 0, 0, 0, 0, 0, 0, 0, 0, 0], [0, 0, 0, 1, 0, 0, 0, 0, 0, 0, 0, 0, 0, 0, 0], [0, 0, 0, 0, 1, 0, 0, 0, 0, 0, 0, 0, 0, 0, 0], [0, 0, 0, 0, 0, 1, 0, 0, 0, 0, 0, 0, 0, 0, 0], [0, 0, 0, 0, 0, 0, 1, 0, 0, 0, 0, 0, 0, 0, 0], [0, 0, 0, 0, 0, 0, 0, 1, 0, 0, 0, 0, 0, 0, 0], [0, 0, 0, 0, 0, 0, 0, 0, 1, 0, 0, 0, 0, 0, 0], [0, 0, 0, 0, 0, 0, 0, 0, 0, 1, 0, 0, 0, 0, 0], [0, 0, 0, 0, 0, 0, 0, 0, 0, 0, 1, 0, 0, 0, 0], [0, 0, 0, 0, 0, 0, 0, 0, 0, 0, 0, 1, 0, 0, 0], [0, 0, 0, 0, 0, 0, 0, 0, 0, 0, 0, 0, 1, 0, 0], [0, 0, 0, 0, 0, 0, 0, 0, 0, 0, 0, 0, 0, 1, 0], [0, 0, 0, 0, 0, 0, 0, 0, 0, 0, 0, 0, 0, 0, 1]]
[[1, 0, 0, 0, 0, 0, 0, 0, 0, 0, 0, 0, 0, 0, 0], [0, 1, 0, 0, 0, 0, 0, 0, 0, 0, 0, 0, 0, 0, 0], [0, 0, 1, 0, 0, 0, 0, 0, 0, 0, 0, 0, 0, 0, 0], [0, 0, 0, 1, 0, 0, 0, 0, 0, 0, 0, 0, 0, 0, 0], [0, 0, 0, 0, 1, 0, 0, 0, 0, 0, 0, 0, 0, 0, 0], [0, 0, 0, 0, 0, 1, 0, 0, 0, 0, 0, 0, 0, 0, 0], [0, 0, 0, 0, 0, 0, 1, 0, 0, 0, 0, 0, 0, 0, 0], [0, 0, 0, 0, 0, 0, 0, 1, 0, 0, 0, 0, 0, 0, 0], [0, 0, 0, 0, 0, 0, 0, 0, 1, 0, 0, 0, 0, 0, 0], [0, 0, 0, 0, 0, 0, 0, 0, 0, 1, 0, 0, 0, 0, 0], [0, 0, 0, 0, 0, 0, 0, 0, 0, 0, 1, 0, 0, 0, 0], [0, 0, 0, 0, 0, 0, 0, 0, 0, 0, 0, 1, 0, 0, 0], [0, 0, 0, 0, 0, 0, 0, 0, 0, 0, 0, 0, 1, 0, 0], [0, 0, 0, 0, 0, 0, 0, 0, 0, 0, 0, 0, 0, 1, 0], [0, 0, 0, 0, 0, 0, 0, 0, 0, 0, 0, 0, 0, 0, 1]]
[[1, 0, 0, 0, 0, 0, 0, 0, 0, 0, 0, 0, 0, 0, 0], [0, 1, 0, 0, 0, 0, 0, 0, 0, 0, 0, 0, 0, 0, 0], [0, 0, 1, 0, 0, 0, 0, 0, 0, 0, 0, 0, 0, 0, 0], [0, 0, 0, 1, 0, 0, 0, 0, 0, 0, 0, 0, 0, 0, 0], [0, 0, 0, 0, 1, 0, 0, 0, 0, 0, 0, 0, 0, 0, 0], [0, 0, 0, 0, 0, 1, 0, 0, 0, 0, 0, 0, 0, 0, 0], [0, 0, 0, 0, 0, 0, 1, 0, 0, 0, 0, 0, 0, 0, 0], [0, 0, 0, 0, 0, 0, 0, 1, 0, 0, 0, 0, 0, 0, 0], [0, 0, 0, 0, 0, 0, 0, 0, 1, 0, 0, 0, 0, 0, 0], [0, 0, 0, 0, 0, 0, 0, 0, 0, 1, 0, 0, 0, 0, 0], [0, 0, 0, 0, 0, 0, 0, 0, 0, 0, 1, 0, 0, 0, 0], [0, 0, 0, 0, 0, 0, 0, 0, 0, 0, 0, 1, 0, 0, 0], [0, 0, 0, 0, 0, 0, 0, 0, 0, 0, 0, 0, 1, 0, 0], [0, 0, 0, 0, 0, 0, 0, 0, 0, 0, 0, 0, 0, 1, 0], [0, 0, 0, 0, 0, 0, 0, 0, 0, 0, 0, 0, 0, 0, 1]]
[[1, 0, 0, 0, 0, 0, 0, 0, 0, 0, 0, 0, 0, 0, 0], [0, 1, 0, 0, 0, 0, 0, 0, 0, 0, 0, 0, 0, 0, 0], [0, 0, 1, 0, 0, 0, 0, 0, 0, 0, 0, 0, 0, 0, 0], [0, 0, 0, 1, 0, 0, 0, 0, 0, 0, 0, 0, 0, 0, 0], [0, 0, 0, 0, 1, 0, 0, 0, 0, 0, 0, 0, 0, 0, 0], [0, 0, 0, 0, 0, 1, 0, 0, 0, 0, 0, 0, 0, 0, 0], [0, 0, 0, 0, 0, 0, 1, 0, 0, 0, 0, 0, 0, 0, 0], [0, 0, 0, 0, 0, 0, 0, 1, 0, 0, 0, 0, 0, 0, 0], [0, 0, 0, 0, 0, 0, 0, 0, 1, 0, 0, 0, 0, 0, 0], [0, 0, 0, 0, 0, 0, 0, 0, 0, 1, 0, 0, 0, 0, 0], [0, 0, 0, 0, 0, 0, 0, 0, 0, 0, 1, 0, 0, 0, 0], [0, 0, 0, 0, 0, 0, 0, 0, 0, 0, 0, 1, 0, 0, 0], [0, 0, 0, 0, 0, 0, 0, 0, 0, 0, 0, 0, 1, 0, 0], [0, 0, 0, 0, 0, 0, 0, 0, 0, 0, 0, 0, 0, 1, 0], [0, 0, 0, 0, 0, 0, 0, 0, 0, 0, 0, 0, 0, 0, 1]]
[[1, 0, 0, 0, 0, 0, 0, 0, 0, 0, 0, 0, 0, 0, 0], [0, 1, 0, 0, 0, 0, 0, 0, 0, 0, 0, 0, 0, 0, 0], [0, 0, 1, 0, 0, 0, 0, 0, 0, 0, 0, 0, 0, 0, 0], [0, 0, 0, 1, 0, 0, 0, 0, 0, 0, 0, 0, 0, 0, 0], [0, 0, 0, 0, 1, 0, 0, 0, 0, 0, 0, 0, 0, 0, 0], [0, 0, 0, 0, 0, 1, 0, 0, 0, 0, 0, 0, 0, 0, 0], [0, 0, 0, 0, 0, 0, 1, 0, 0, 0, 0, 0, 0, 0, 0], [0, 0, 0, 0, 0, 0, 0, 1, 0, 0, 0, 0, 0, 0, 0], [0, 0, 0, 0, 0, 0, 0, 0, 1, 0, 0, 0, 0, 0, 0], [0, 0, 0, 0, 0, 0, 0, 0, 0, 1, 0, 0, 0, 0, 0], [0, 0, 0, 0, 0, 0, 0, 0, 0, 0, 1, 0, 0, 0, 0], [0, 0, 0, 0, 0, 0, 0, 0, 0, 0, 0, 1, 0, 0, 0], [0, 0, 0, 0, 0, 0, 0, 0, 0, 0, 0, 0, 1, 0, 0], [0, 0, 0, 0, 0, 0, 0, 0, 0, 0, 0, 0, 0, 1, 0], [0, 0, 0, 0, 0, 0, 0, 0, 0, 0, 0, 0, 0, 0, 1]]
[[1, 0, 0, 0, 0, 0, 0, 0, 0, 0, 0, 0, 0, 0, 0], [0, 1, 0, 0, 0, 0, 0, 0, 0, 0, 0, 0, 0, 0, 0], [0, 0, 1, 0, 0, 0, 0, 0, 0, 0, 0, 0, 0, 0, 0], [0, 0, 0, 1, 0, 0, 0, 0, 0, 0, 0, 0, 0, 0, 0], [0, 0, 0, 0, 1, 0, 0, 0, 0, 0, 0, 0, 0, 0, 0], [0, 0, 0, 0, 0, 1, 0, 0, 0, 0, 0, 0, 0, 0, 0], [0, 0, 0, 0, 0, 0, 1, 0, 0, 0, 0, 0, 0, 0, 0], [0, 0, 0, 0, 0, 0, 0, 1, 0, 0, 0, 0, 0, 0, 0], [0, 0, 0, 0, 0, 0, 0, 0, 1, 0, 0, 0, 0, 0, 0], [0, 0, 0, 0, 0, 0, 0, 0, 0, 1, 0, 0, 0, 0, 0], [0, 0, 0, 0, 0, 0, 0, 0, 0, 0, 1, 0, 0, 0, 0], [0, 0, 0, 0, 0, 0, 0, 0, 0, 0, 0, 1, 0, 0, 0], [0, 0, 0, 0, 0, 0, 0, 0, 0, 0, 0, 0, 1, 0, 0], [0, 0, 0, 0, 0, 0, 0, 0, 0, 0, 0, 0, 0, 1, 0], [0, 0, 0, 0, 0, 0, 0, 0, 0, 0, 0, 0, 0, 0, 1]]
[[0, -2, -1, -1, 2, -2, 3, -2, 1, -3, 1, 3, -1, 1, 2], [-1, -2, 1, 0, 2, -1, 2, -3, 0, -3, 2, 2, -1, 0, 1], [0, 0, 1, 0, 1, 0, 1, 0, 1, -1, 1, 0, 0, 0, 0], [0, 0, 0, -1, -1, 0, -1, 0, 1, 1, -1, 0, 0, 0, 0], [0, 0, 0, -1, -1, 0, -1, 1, 0, 2, -1, 0, 0, -1, 0], [-1, -1, -1, 1, 1, -2, 2, -2, -1, -2, 0, 2, -1, 1, 1], [-1, -2, -1, 2, 3, -2, 4, -3, -2, -4, 1, 3, -1, 2, 2], [1, 2, 1, -1, -2, 2, -3, 3, 1, 3, -1, -3, 1, -1, -2], [0, 0, 0, 0, -1, 0, -1, 0, 0, 1, -1, 0, 0, 0, 0], [0, 0, 0, 0, 0, 0, 0, 0, 0, 1, 0, 0, 0, 0, 0], [1, 2, 1, -1, -2, 2, -3, 2, 1, 3, 0, -3, 1, -1, -2], [0, 1, 2, -1, -1, 1, -2, 1, 2, 1, 0, -2, 0, -1, -1], [0, 1, 2, 1, -1, 1, -2, 1, 0, 1, 0, -3, 1, -1, -1], [1, 2, 1, 0, -2, 2, -2, 3, 1, 3, 0, -3, 1, -1, -2], [0, -1, 0, 0, 1, -1, 1, -2, 0, -1, 1, 1, 0, 0, 0]]
[[0, -1, 2, 1, 1, -1, 1, -3, 0, -2, 2, 0, 0, 0, 0], [-1, 0, 2, 1, 1, -1, 1, -3, 0, -2, 2, 0, 0, 0, 0], [0, 0, 1, 0, 0, 0, 0, 0, 0, 0, 0, 0, 0, 0, 0], [0, 0, 0, 1, 0, 0, 0, 0, 0, 0, 0, 0, 0, 0, 0], [0, 0, 0, 0, 1, 0, 0, 0, 0, 0, 0, 0, 0, 0, 0], [0, 0, -1, -1, -1, 0, -1, 0, 0, 1, -1, 0, 0, 0, 0], [0, 0, -1, -1, -1, -1, 0, 0, 0, 1, -1, 0, 0, 0, 0], [0, 0, 0, 0, 0, 0, 0, 1, 0, 0, 0, 0, 0, 0, 0], [1, 1, -2, -1, -1, 1, -1, 3, 1, 2, -2, 0, 0, 0, 0], [0, 0, 1, 1, 1, 1, 0, 1, 0, 0, 0, -1, 0, 0, 0], [0, 0, 1, 1, 1, 1, 0, 1, 0, -1, 1, -1, 0, 0, 0], [0, 0, 0, 0, 0, 0, -1, 1, 0, 0, -1, 0, 0, 0, 0], [1, 1, -2, -1, -1, 1, -1, 3, 0, 2, -2, 0, 1, 0, 0], [0, 0, 1, 1, 1, 1, 1, 0, 0, -1, 1, 0, 0, 1, 0], [-1, -1, 3, 2, 2, 0, 2, -3, 0, -3, 3, 0, 0, 0, 1]]
[[1, 0, 0, 0, 0, 0, 0, 0, 0, 0, 0, 0, 0, 0, 0], [0, 1, 0, 0, 0, 0, 0, 0, 0, 0, 0, 0, 0, 0, 0], [0, 0, 1, 0, 0, 0, 0, 0, 0, 0, 0, 0, 0, 0, 0], [0, 0, 0, 1, 0, 0, 0, 0, 0, 0, 0, 0, 0, 0, 0], [0, 0, 0, 0, 1, 0, 0, 0, 0, 0, 0, 0, 0, 0, 0], [0, 0, 0, 0, 0, 1, 0, 0, 0, 0, 0, 0, 0, 0, 0], [0, 0, 0, 0, 0, 0, 1, 0, 0, 0, 0, 0, 0, 0, 0], [0, 0, 0, 0, 0, 0, 0, 1, 0, 0, 0, 0, 0, 0, 0], [0, 0, 0, 0, 0, 0, 0, 0, 1, 0, 0, 0, 0, 0, 0], [0, 0, 0, 0, 0, 0, 0, 0, 0, 1, 0, 0, 0, 0, 0], [0, 0, 0, 0, 0, 0, 0, 0, 0, 0, 1, 0, 0, 0, 0], [0, 0, 0, 0, 0, 0, 0, 0, 0, 0, 0, 1, 0, 0, 0], [0, 0, 0, 0, 0, 0, 0, 0, 0, 0, 0, 0, 1, 0, 0], [0, 0, 0, 0, 0, 0, 0, 0, 0, 0, 0, 0, 0, 1, 0], [0, 0, 0, 0, 0, 0, 0, 0, 0, 0, 0, 0, 0, 0, 1]]
[[1, 2, -1, -2, -3, 2, -3, 3, 0, 5, -3, -1, 1, -1, -1], [0, 1, -1, -1, -1, 0, 0, 1, 0, 2, -2, 1, 0, 0, 0], [0, 0, 1, 0, 0, 1, 0, 0, 0, 0, 0, 0, 0, 0, 0], [0, 1, 2, 2, 0, 1, 0, 0, 0, 0, 1, -2, 1, 0, -1], [1, 2, 0, 0, -1, 2, -1, 3, 1, 2, -1, -2, 1, 0, -1], [0, -1, -2, -1, 0, -1, 0, 0, 0, 0, -1, 2, -1, 0, 1], [0, -1, -3, -2, 0, -1, -1, 0, -1, 1, -1, 2, -1, -1, 1], [0, 1, 2, 1, 0, 1, 0, 1, 0, 0, 1, -2, 1, 0, -1], [1, 1, 1, 1, 0, 1, 0, 1, 1, 0, 1, -2, 1, 0, -1], [0, -1, 1, 2, 2, 0, 2, -2, 0, -3, 2, 0, 0, 1, 1], [0, 0, 2, 2, 1, 0, 2, -1, 0, -2, 2, -1, 1, 1, 0], [1, 3, 2, 1, -2, 3, -1, 3, 1, 2, 0, -3, 2, 0, -2], [0, 1, 2, 1, 0, 1, 0, 0, 1, -1, 2, -2, 1, 0, -1], [-1, -2, 2, 2, 3, -1, 3, -4, 0, -5, 3, 1, -1, 2, 1], [-1, -2, 1, 1, 2, -2, 3, -3, 0, -3, 1, 2, -1, 1, 2]]
[[1, 1, 1, 0, -1, 1, -2, 2, 0, 2, -1, -2, 1, -1, -1], [1, 2, -1, -1, -2, 1, -3, 3, 0, 3, -2, -2, 1, -1, -1], [1, 0, -1, -1, -1, 0, -1, 1, 0, 1, -1, 0, 0, 0, 0], [0, -1, -1, 1, 1, -1, 2, -2, 0, -2, 1, 2, -1, 1, 1], [0, -1, 0, 1, 2, -1, 2, -3, 0, -3, 2, 1, 0, 1, 1], [0, 1, 1, 0, -1, 2, -2, 2, 0, 2, -1, -2, 1, -1, -1], [0, 2, 2, 0, -2, 2, -3, 4, 0, 4, -2, -4, 2, -2, -2], [0, -1, -1, 0, 1, -1, 2, -1, 0, -2, 1, 2, -1, 1, 1], [0, -1, -1, 0, 1, -1, 2, -2, 1, -2, 1, 2, -1, 1, 1], [0, -1, 0, 1, 1, -1, 2, -3, 0, -2, 2, 1, 0, 1, 1], [0, -1, -1, 0, 1, -1, 2, -2, 0, -2, 2, 2, -1, 1, 1], [1, -1, -3, -1, 0, -1, 1, -1, 0, -1, 0, 3, -1, 1, 1], [0, -1, -2, -1, 1, -1, 2, -1, 0, -1, 0, 3, -1, 1, 1], [0, -1, -1, 0, 1, -1, 2, -2, 0, -2, 1, 2, -1, 2, 1], [0, 0, 0, 0, 0, 0, 0, 0, 0, 0, 0, 0, 0, 0, 1]]
[[1, 0, 0, 0, 0, 0, 0, 0, 0, 0, 0, 0, 0, 0, 0], [0, 1, 0, 0, 0, 0, 0, 0, 0, 0, 0, 0, 0, 0, 0], [0, 0, 1, 0, 0, 0, 0, 0, 0, 0, 0, 0, 0, 0, 0], [0, 0, 0, 1, 0, 0, 0, 0, 0, 0, 0, 0, 0, 0, 0], [0, 0, 0, 0, 1, 0, 0, 0, 0, 0, 0, 0, 0, 0, 0], [0, 0, 0, 0, 0, 1, 0, 0, 0, 0, 0, 0, 0, 0, 0], [0, 0, 0, 0, 0, 0, 1, 0, 0, 0, 0, 0, 0, 0, 0], [0, 0, 0, 0, 0, 0, 0, 1, 0, 0, 0, 0, 0, 0, 0], [0, 0, 0, 0, 0, 0, 0, 0, 1, 0, 0, 0, 0, 0, 0], [0, 0, 0, 0, 0, 0, 0, 0, 0, 1, 0, 0, 0, 0, 0], [0, 0, 0, 0, 0, 0, 0, 0, 0, 0, 1, 0, 0, 0, 0], [0, 0, 0, 0, 0, 0, 0, 0, 0, 0, 0, 1, 0, 0, 0], [0, 0, 0, 0, 0, 0, 0, 0, 0, 0, 0, 0, 1, 0, 0], [0, 0, 0, 0, 0, 0, 0, 0, 0, 0, 0, 0, 0, 1, 0], [0, 0, 0, 0, 0, 0, 0, 0, 0, 0, 0, 0, 0, 0, 1]]
[[-1, -4, 0, 1, 4, -3, 5, -4, 0, -6, 2, 4, -2, 2, 4], [-1, -2, 0, 1, 3, -2, 4, -3, 0, -4, 1, 3, -1, 2, 3], [-1, -2, 1, 1, 2, -2, 3, -2, 0, -3, 1, 2, -1, 1, 2], [0, 0, 0, 0, 0, 1, -1, 0, 0, 0, 0, 0, 0, 0, 0], [0, 0, 0, 0, 1, 0, 0, 0, 0, 0, 0, 0, 0, 0, 0], [0, 1, 0, 0, -1, 1, -1, 1, 0, 1, 0, -1, 0, -1, -1], [0, 1, 0, -1, -1, 1, -1, 1, 0, 1, 0, -1, 0, -1, -1], [1, 1, 0, 0, -1, 1, -1, 2, 0, 2, -1, -1, 1, 0, -1], [1, 2, 0, -1, -2, 2, -3, 2, 1, 3, -1, -2, 1, -1, -2], [0, 1, 0, -1, -1, 1, -2, 1, 0, 2, 0, -1, 0, -1, -1], [1, 1, 0, 0, -1, 1, -1, 1, 0, 2, 0, -1, 1, 0, -1], [0, -1, 0, 1, 1, -1, 2, -1, 0, -1, 0, 2, 0, 1, 1], [1, 2, 0, 0, -2, 1, -2, 2, 0, 3, -1, -2, 2, -1, -2], [0, 1, 0, 0, -1, 0, -1, 1, 0, 1, 0, -1, 0, 0, -1], [0, 0, 0, 0, 0, 0, 0, 0, 0, 0, 0, 0, 0, 0, 1]]
[[1, 0, 0, 0, 0, 0, 0, 0, 0, 0, 0, 0, 0, 0, 0], [0, 1, 0, 0, 0, 0, 0, 0, 0, 0, 0, 0, 0, 0, 0], [0, 0, 1, 0, 0, 0, 0, 0, 0, 0, 0, 0, 0, 0, 0], [0, 0, 0, 1, 0, 0, 0, 0, 0, 0, 0, 0, 0, 0, 0], [0, 0, 0, 0, 1, 0, 0, 0, 0, 0, 0, 0, 0, 0, 0], [0, 0, 0, 0, 0, 1, 0, 0, 0, 0, 0, 0, 0, 0, 0], [0, 0, 0, 0, 0, 0, 1, 0, 0, 0, 0, 0, 0, 0, 0], [0, 0, 0, 0, 0, 0, 0, 1, 0, 0, 0, 0, 0, 0, 0], [0, 0, 0, 0, 0, 0, 0, 0, 1, 0, 0, 0, 0, 0, 0], [0, 0, 0, 0, 0, 0, 0, 0, 0, 1, 0, 0, 0, 0, 0], [0, 0, 0, 0, 0, 0, 0, 0, 0, 0, 1, 0, 0, 0, 0], [0, 0, 0, 0, 0, 0, 0, 0, 0, 0, 0, 1, 0, 0, 0], [0, 0, 0, 0, 0, 0, 0, 0, 0, 0, 0, 0, 1, 0, 0], [0, 0, 0, 0, 0, 0, 0, 0, 0, 0, 0, 0, 0, 1, 0], [0, 0, 0, 0, 0, 0, 0, 0, 0, 0, 0, 0, 0, 0, 1]]
[[1, -1, -1, -1, 0, -1, 1, 0, 1, -1, -1, 2, -1, 1, 1], [0, 0, -1, -1, 0, -1, 1, 0, 1, -1, -1, 2, -1, 1, 1], [0, 0, 1, 0, 0, 0, 0, 0, 0, 0, 0, 0, 0, 0, 0], [0, 0, -1, 0, -1, -1, 0, 1, 0, 1, -2, 1, 0, 0, 0], [0, 0, -1, -1, 0, -1, 0, 1, 0, 1, -2, 1, 0, 0, 0], [0, 0, 1, 1, 1, 1, 1, 0, 0, -1, 2, -1, 0, 0, 0], [0, -1, 1, 1, 2, 1, 2, -2, 1, -3, 3, 0, -1, 1, 1], [0, 1, 0, 0, -1, 1, -2, 1, -1, 2, -1, -1, 1, -1, -1], [0, 1, 0, 0, -1, 0, -1, 1, 0, 2, -1, -1, 1, -1, -1], [0, 0, -1, -1, -1, -1, 0, 1, 0, 2, -2, 1, 0, 0, 0], [0, 1, -1, -1, -2, 0, -2, 1, -1, 3, -2, 0, 1, -1, -1], [0, 1, 0, 0, -1, 0, -1, 1, -1, 2, -1, 0, 1, -1, -1], [0, 1, 1, 1, 0, 1, -1, 0, -1, 1, 1, -2, 2, -1, -1], [0, 1, 0, 0, -1, 0, -1, 1, -1, 2, -1, -1, 1, 0, -1], [0, 0, -1, -1, -1, -1, 0, 1, 0, 1, -2, 1, 0, 0, 1]]
[[1, 0, 0, 0, 0, 0, 0, 0, 0, 0, 0, 0, 0, 0, 0], [0, 1, 0, 0, 0, 0, 0, 0, 0, 0, 0, 0, 0, 0, 0], [0, 0, 1, 0, 0, 0, 0, 0, 0, 0, 0, 0, 0, 0, 0], [0, 0, 0, 1, 0, 0, 0, 0, 0, 0, 0, 0, 0, 0, 0], [0, 0, 0, 0, 1, 0, 0, 0, 0, 0, 0, 0, 0, 0, 0], [0, 0, 0, 0, 0, 1, 0, 0, 0, 0, 0, 0, 0, 0, 0], [0, 0, 0, 0, 0, 0, 1, 0, 0, 0, 0, 0, 0, 0, 0], [0, 0, 0, 0, 0, 0, 0, 1, 0, 0, 0, 0, 0, 0, 0], [0, 0, 0, 0, 0, 0, 0, 0, 1, 0, 0, 0, 0, 0, 0], [0, 0, 0, 0, 0, 0, 0, 0, 0, 1, 0, 0, 0, 0, 0], [0, 0, 0, 0, 0, 0, 0, 0, 0, 0, 1, 0, 0, 0, 0], [0, 0, 0, 0, 0, 0, 0, 0, 0, 0, 0, 1, 0, 0, 0], [0, 0, 0, 0, 0, 0, 0, 0, 0, 0, 0, 0, 1, 0, 0], [0, 0, 0, 0, 0, 0, 0, 0, 0, 0, 0, 0, 0, 1, 0], [0, 0, 0, 0, 0, 0, 0, 0, 0, 0, 0, 0, 0, 0, 1]]
[[1, 0, 0, 0, 0, 0, 0, 0, 0, 0, 0, 0, 0, 0, 0], [0, 1, 0, 0, 0, 0, 0, 0, 0, 0, 0, 0, 0, 0, 0], [0, 0, 1, 0, 0, 0, 0, 0, 0, 0, 0, 0, 0, 0, 0], [0, 0, 0, 1, 0, 0, 0, 0, 0, 0, 0, 0, 0, 0, 0], [0, 0, 0, 0, 1, 0, 0, 0, 0, 0, 0, 0, 0, 0, 0], [0, 0, 0, 0, 0, 1, 0, 0, 0, 0, 0, 0, 0, 0, 0], [0, 0, 0, 0, 0, 0, 1, 0, 0, 0, 0, 0, 0, 0, 0], [0, 0, 0, 0, 0, 0, 0, 1, 0, 0, 0, 0, 0, 0, 0], [0, 0, 0, 0, 0, 0, 0, 0, 1, 0, 0, 0, 0, 0, 0], [0, 0, 0, 0, 0, 0, 0, 0, 0, 1, 0, 0, 0, 0, 0], [0, 0, 0, 0, 0, 0, 0, 0, 0, 0, 1, 0, 0, 0, 0], [0, 0, 0, 0, 0, 0, 0, 0, 0, 0, 0, 1, 0, 0, 0], [0, 0, 0, 0, 0, 0, 0, 0, 0, 0, 0, 0, 1, 0, 0], [0, 0, 0, 0, 0, 0, 0, 0, 0, 0, 0, 0, 0, 1, 0], [0, 0, 0, 0, 0, 0, 0, 0, 0, 0, 0, 0, 0, 0, 1]]
[[2, 2, -1, -1, -1, 1, -1, 2, 1, 2, -1, -1, 1, 0, -1], [0, 1, 0, 0, 0, 0, 0, 0, 0, 0, 0, 0, 0, 0, 0], [1, 2, 0, -1, -1, 1, -1, 2, 1, 2, -1, -1, 1, 0, -1], [0, 0, 0, 1, 0, 0, 0, 0, 0, 0, 0, 0, 0, 0, 0], [-1, -2, 1, 1, 2, -1, 1, -2, -1, -2, 1, 1, -1, 0, 1], [0, 0, 0, 0, 0, 1, 0, 0, 0, 0, 0, 0, 0, 0, 0], [0, 0, 0, 0, 0, 0, 1, 0, 0, 0, 0, 0, 0, 0, 0], [0, 0, 0, 0, 0, 0, 0, 1, 0, 0, 0, 0, 0, 0, 0], [-1, -2, 1, 1, 1, -1, 1, -2, 0, -2, 1, 1, -1, 0, 1], [0, 0, 0, 0, 0, 0, 0, 0, 0, 1, 0, 0, 0, 0, 0], [0, 0, 0, 0, 0, 0, 0, 0, 0, 0, 1, 0, 0, 0, 0], [0, 0, 0, 0, 0, 0, 0, 0, 0, 0, 0, 1, 0, 0, 0], [-1, -2, 1, 1, 1, -1, 1, -2, -1, -2, 1, 1, 0, 0, 1], [0, 0, 0, 0, 0, 0, 0, 0, 0, 0, 0, 0, 0, 1, 0], [1, 2, -1, -1, -1, 1, -1, 2, 1, 2, -1, -1, 1, 0, 0]]
[[1, 0, 0, 0, 0, 0, 0, 0, 0, 0, 0, 0, 0, 0, 0], [0, 1, 0, 0, 0, 0, 0, 0, 0, 0, 0, 0, 0, 0, 0], [0, 0, 1, 0, 0, 0, 0, 0, 0, 0, 0, 0, 0, 0, 0], [0, 0, 0, 1, 0, 0, 0, 0, 0, 0, 0, 0, 0, 0, 0], [0, 0, 0, 0, 1, 0, 0, 0, 0, 0, 0, 0, 0, 0, 0], [0, 0, 0, 0, 0, 1, 0, 0, 0, 0, 0, 0, 0, 0, 0], [0, 0, 0, 0, 0, 0, 1, 0, 0, 0, 0, 0, 0, 0, 0], [0, 0, 0, 0, 0, 0, 0, 1, 0, 0, 0, 0, 0, 0, 0], [0, 0, 0, 0, 0, 0, 0, 0, 1, 0, 0, 0, 0, 0, 0], [0, 0, 0, 0, 0, 0, 0, 0, 0, 1, 0, 0, 0, 0, 0], [0, 0, 0, 0, 0, 0, 0, 0, 0, 0, 1, 0, 0, 0, 0], [0, 0, 0, 0, 0, 0, 0, 0, 0, 0, 0, 1, 0, 0, 0], [0, 0, 0, 0, 0, 0, 0, 0, 0, 0, 0, 0, 1, 0, 0], [0, 0, 0, 0, 0, 0, 0, 0, 0, 0, 0, 0, 0, 1, 0], [0, 0, 0, 0, 0, 0, 0, 0, 0, 0, 0, 0, 0, 0, 1]]
[[1, 1, 0, 0, 0, 1, -1, 0, 0, 1, 0, -1, 1, -1, -1], [0, 0, 2, 1, 1, 1, 0, -1, 0, -1, 2, -1, 0, -1, -1], [0, 1, 1, 0, 0, 1, -1, 0, 0, 1, 0, -1, 1, -1, -1], [0, 1, 2, 1, 0, 1, -1, 2, 0, 1, 0, -3, 1, -1, -1], [0, 0, 1, 0, 0, 1, -1, 2, 0, 1, -1, -1, 0, -1, 0], [0, -1, -1, 0, 1, -1, 2, -2, 0, -2, 1, 2, -1, 2, 1], [0, -2, -3, 0, 1, -3, 4, -4, 0, -3, 1, 5, -2, 3, 2], [-1, 0, 1, 0, 0, 0, -1, 0, 0, 0, 0, -1, 0, -1, 0], [-1, -1, 1, 1, 1, -1, 1, 0, -1, -1, 0, 0, 0, 0, 1], [0, 0, 0, 0, 0, 0, 0, 2, 0, 1, -2, 0, 0, 0, 0], [-1, 0, 1, 0, 0, 0, -1, 1, 0, 0, -1, -1, 0, -1, 0], [-1, 1, 3, 0, 0, 1, -2, 1, 0, 1, 0, -3, 1, -2, -1], [-1, -1, 1, 0, 0, -1, 0, -1, 0, -1, 0, 0, 0, 0, 1], [0, 1, 1, 0, -1, 2, -2, 2, 0, 2, -1, -2, 1, -1, -1], [0, -1, 1, 1, 2, 0, 1, -1, 0, -2, 1, 0, 0, 0, 0]]
[[-2, 0, 2, 2, 2, 0, 1, -2, -1, -2, 2, -1, 0, 0, 0], [-2, 0, 3, 2, 2, 0, 1, -2, -1, -2, 2, -1, 0, 0, 0], [-1, 1, 0, 0, 0, 0, 0, 0, 0, 0, 0, 0, 0, 0, 0], [0, 0, 1, 1, 1, 1, 0, -1, -1, -1, 2, -1, 1, 0, 0], [-1, -1, 1, 1, 1, 0, 0, -2, -1, -2, 2, 0, -1, 0, 0], [1, 0, -1, -1, -1, 0, -1, 1, 1, 1, -2, 0, 0, 0, 0], [1, 0, -1, -1, -1, -1, 0, 1, 1, 1, -2, 0, 0, 0, 0], [0, 0, 0, 0, 0, 0, 0, 1, 0, 0, 0, 0, 0, 0, 0], [1, 0, -1, -1, -1, 1, -1, 1, 0, 1, 0, 0, 0, 0, 0], [0, 0, 0, 0, 0, 0, 0, -2, 0, -1, 2, 0, 0, 0, 0], [0, 0, 0, 0, 0, 0, 0, 0, 0, 0, 1, 0, 0, 0, 0], [-1, 0, 0, 0, 0, 0, -1, 0, -1, 0, 0, 0, 0, 0, 0], [1, 0, -2, -1, -2, 0, -1, 2, 0, 2, -2, 1, 0, 0, 0], [-1, -2, 0, 1, 2, -2, 3, -4, 0, -4, 2, 3, -1, 1, 2], [0, 2, 2, 1, 0, 2, 0, 0, 1, 0, 2, -2, 1, 0, -1]]
[[1, 0, 0, 0, 0, 0, 0, 0, 0, 0, 0, 0, 0, 0, 0], [0, 1, 0, 0, 0, 0, 0, 0, 0, 0, 0, 0, 0, 0, 0], [0, 0, 1, 0, 0, 0, 0, 0, 0, 0, 0, 0, 0, 0, 0], [0, 0, 0, 1, 0, 0, 0, 0, 0, 0, 0, 0, 0, 0, 0], [0, 0, 0, 0, 1, 0, 0, 0, 0, 0, 0, 0, 0, 0, 0], [0, 0, 0, 0, 0, 1, 0, 0, 0, 0, 0, 0, 0, 0, 0], [0, 0, 0, 0, 0, 0, 1, 0, 0, 0, 0, 0, 0, 0, 0], [0, 0, 0, 0, 0, 0, 0, 1, 0, 0, 0, 0, 0, 0, 0], [0, 0, 0, 0, 0, 0, 0, 0, 1, 0, 0, 0, 0, 0, 0], [0, 0, 0, 0, 0, 0, 0, 0, 0, 1, 0, 0, 0, 0, 0], [0, 0, 0, 0, 0, 0, 0, 0, 0, 0, 1, 0, 0, 0, 0], [0, 0, 0, 0, 0, 0, 0, 0, 0, 0, 0, 1, 0, 0, 0], [0, 0, 0, 0, 0, 0, 0, 0, 0, 0, 0, 0, 1, 0, 0], [0, 0, 0, 0, 0, 0, 0, 0, 0, 0, 0, 0, 0, 1, 0], [0, 0, 0, 0, 0, 0, 0, 0, 0, 0, 0, 0, 0, 0, 1]]
[[1, 0, 0, 0, 0, 0, 0, 0, 0, 0, 0, 0, 0, 0, 0], [0, 0, 0, 1, 1, -1, 2, -2, 0, -2, 1, 1, 0, 1, 1], [0, -1, 1, 1, 1, -1, 2, -2, 0, -2, 1, 1, 0, 1, 1], [0, 0, 0, 1, 0, 0, 0, 0, 0, 0, 0, 0, 0, 0, 0], [0, -1, 0, 1, 2, -1, 2, -2, 0, -2, 1, 1, 0, 1, 1], [0, 1, 0, -1, -1, 2, -2, 2, 0, 2, -1, -1, 0, -1, -1], [0, 2, 0, -2, -2, 2, -3, 4, 0, 4, -2, -2, 0, -2, -2], [0, -1, 0, 1, 1, -1, 2, -1, 0, -2, 1, 1, 0, 1, 1], [0, 0, 0, 0, 0, 0, 0, 0, 1, 0, 0, 0, 0, 0, 0], [0, 0, 0, 0, 0, 0, 0, 0, 0, 1, 0, 0, 0, 0, 0], [0, -1, 0, 1, 1, -1, 2, -2, 0, -2, 2, 1, 0, 1, 1], [0, -2, 0, 2, 2, -2, 4, -4, 0, -4, 2, 3, 0, 2, 2], [0, 0, 0, 0, 0, 0, 0, 0, 0, 0, 0, 0, 1, 0, 0], [0, 0, 0, 0, 0, 0, 0, 0, 0, 0, 0, 0, 0, 1, 0], [0, 0, 0, 0, 0, 0, 0, 0, 0, 0, 0, 0, 0, 0, 1]]
[[1, 0, 0, 0, 0, 0, 0, 0, 0, 0, 0, 0, 0, 0, 0], [0, 1, 0, 0, 0, 0, 0, 0, 0, 0, 0, 0, 0, 0, 0], [0, 0, 1, 0, 0, 0, 0, 0, 0, 0, 0, 0, 0, 0, 0], [0, 0, 0, 1, 0, 0, 0, 0, 0, 0, 0, 0, 0, 0, 0], [0, 0, 0, 0, 1, 0, 0, 0, 0, 0, 0, 0, 0, 0, 0], [0, 0, 0, 0, 0, 1, 0, 0, 0, 0, 0, 0, 0, 0, 0], [0, 0, 0, 0, 0, 0, 1, 0, 0, 0, 0, 0, 0, 0, 0], [0, 0, 0, 0, 0, 0, 0, 1, 0, 0, 0, 0, 0, 0, 0], [0, 0, 0, 0, 0, 0, 0, 0, 1, 0, 0, 0, 0, 0, 0], [0, 0, 0, 0, 0, 0, 0, 0, 0, 1, 0, 0, 0, 0, 0], [0, 0, 0, 0, 0, 0, 0, 0, 0, 0, 1, 0, 0, 0, 0], [0, 0, 0, 0, 0, 0, 0, 0, 0, 0, 0, 1, 0, 0, 0], [0, 0, 0, 0, 0, 0, 0, 0, 0, 0, 0, 0, 1, 0, 0], [0, 0, 0, 0, 0, 0, 0, 0, 0, 0, 0, 0, 0, 1, 0], [0, 0, 0, 0, 0, 0, 0, 0, 0, 0, 0, 0, 0, 0, 1]]
[[1, 0, 0, 0, 0, 0, 0, 0, 0, 0, 0, 0, 0, 0, 0], [0, 1, 0, 0, 0, 0, 0, 0, 0, 0, 0, 0, 0, 0, 0], [0, 0, 1, 0, 0, 0, 0, 0, 0, 0, 0, 0, 0, 0, 0], [0, 0, 0, 1, 0, 0, 0, 0, 0, 0, 0, 0, 0, 0, 0], [0, 0, 0, 0, 1, 0, 0, 0, 0, 0, 0, 0, 0, 0, 0], [0, 0, 0, 0, 0, 1, 0, 0, 0, 0, 0, 0, 0, 0, 0], [0, 0, 0, 0, 0, 0, 1, 0, 0, 0, 0, 0, 0, 0, 0], [0, 0, 0, 0, 0, 0, 0, 1, 0, 0, 0, 0, 0, 0, 0], [0, 0, 0, 0, 0, 0, 0, 0, 1, 0, 0, 0, 0, 0, 0], [0, 0, 0, 0, 0, 0, 0, 0, 0, 1, 0, 0, 0, 0, 0], [0, 0, 0, 0, 0, 0, 0, 0, 0, 0, 1, 0, 0, 0, 0], [0, 0, 0, 0, 0, 0, 0, 0, 0, 0, 0, 1, 0, 0, 0], [0, 0, 0, 0, 0, 0, 0, 0, 0, 0, 0, 0, 1, 0, 0], [0, 0, 0, 0, 0, 0, 0, 0, 0, 0, 0, 0, 0, 1, 0], [0, 0, 0, 0, 0, 0, 0, 0, 0, 0, 0, 0, 0, 0, 1]]
[[1, 0, 0, 0, 0, 0, 0, 0, 0, 0, 0, 0, 0, 0, 0], [0, 1, 0, 0, 0, 0, 0, 0, 0, 0, 0, 0, 0, 0, 0], [0, 0, 1, 0, 0, 0, 0, 0, 0, 0, 0, 0, 0, 0, 0], [0, 0, 0, 1, 0, 0, 0, 0, 0, 0, 0, 0, 0, 0, 0], [0, 0, 0, 0, 1, 0, 0, 0, 0, 0, 0, 0, 0, 0, 0], [0, 0, 0, 0, 0, 1, 0, 0, 0, 0, 0, 0, 0, 0, 0], [0, 0, 0, 0, 0, 0, 1, 0, 0, 0, 0, 0, 0, 0, 0], [0, 0, 0, 0, 0, 0, 0, 1, 0, 0, 0, 0, 0, 0, 0], [0, 0, 0, 0, 0, 0, 0, 0, 1, 0, 0, 0, 0, 0, 0], [0, 0, 0, 0, 0, 0, 0, 0, 0, 1, 0, 0, 0, 0, 0], [0, 0, 0, 0, 0, 0, 0, 0, 0, 0, 1, 0, 0, 0, 0], [0, 0, 0, 0, 0, 0, 0, 0, 0, 0, 0, 1, 0, 0, 0], [0, 0, 0, 0, 0, 0, 0, 0, 0, 0, 0, 0, 1, 0, 0], [0, 0, 0, 0, 0, 0, 0, 0, 0, 0, 0, 0, 0, 1, 0], [0, 0, 0, 0, 0, 0, 0, 0, 0, 0, 0, 0, 0, 0, 1]]
[[1, 0, -1, -1, -1, -1, 0, 0, 0, 1, -1, 1, 0, 0, 0], [0, 1, -1, -1, -1, -1, 0, 0, 0, 1, -1, 1, 0, 0, 0], [0, 0, 1, 0, 0, 0, 0, 0, 0, 0, 0, 0, 0, 0, 0], [0, 0, -1, 0, -1, -1, 0, 0, 0, 1, -1, 1, 0, 0, 0], [0, 0, -1, -1, 0, -1, 0, 0, 0, 1, -1, 1, 0, 0, 0], [0, 0, 0, 0, 0, 1, 0, 0, 0, 0, 0, 0, 0, 0, 0], [0, 0, 1, 1, 1, 1, 1, 0, 0, -1, 1, -1, 0, 0, 0], [0, 0, 0, 0, 0, 0, 0, 1, 0, 0, 0, 0, 0, 0, 0], [0, 0, 0, 0, 0, 0, 0, 0, 1, 0, 0, 0, 0, 0, 0], [0, 0, 0, 0, 0, 0, 0, 0, 0, 1, 0, 0, 0, 0, 0], [0, 0, 0, 0, 0, 0, 0, 0, 0, 0, 1, 0, 0, 0, 0], [0, 0, 0, 0, 0, 0, 0, 0, 0, 0, 0, 1, 0, 0, 0], [0, 0, 1, 1, 1, 1, 0, 0, 0, -1, 1, -1, 1, 0, 0], [0, 0, 0, 0, 0, 0, 0, 0, 0, 0, 0, 0, 0, 1, 0], [0, 0, -1, -1, -1, -1, 0, 0, 0, 1, -1, 1, 0, 0, 1]]
[[1, 0, 0, 0, 0, 0, 0, 0, 0, 0, 0, 0, 0, 0, 0], [0, 1, 0, 0, 0, 0, 0, 0, 0, 0, 0, 0, 0, 0, 0], [0, 0, 1, 0, 0, 0, 0, 0, 0, 0, 0, 0, 0, 0, 0], [0, 0, 0, 1, 0, 0, 0, 0, 0, 0, 0, 0, 0, 0, 0], [0, 0, 0, 0, 1, 0, 0, 0, 0, 0, 0, 0, 0, 0, 0], [0, 0, 0, 0, 0, 1, 0, 0, 0, 0, 0, 0, 0, 0, 0], [0, 0, 0, 0, 0, 0, 1, 0, 0, 0, 0, 0, 0, 0, 0], [0, 0, 0, 0, 0, 0, 0, 1, 0, 0, 0, 0, 0, 0, 0], [0, 0, 0, 0, 0, 0, 0, 0, 1, 0, 0, 0, 0, 0, 0], [0, 0, 0, 0, 0, 0, 0, 0, 0, 1, 0, 0, 0, 0, 0], [0, 0, 0, 0, 0, 0, 0, 0, 0, 0, 1, 0, 0, 0, 0], [0, 0, 0, 0, 0, 0, 0, 0, 0, 0, 0, 1, 0, 0, 0], [0, 0, 0, 0, 0, 0, 0, 0, 0, 0, 0, 0, 1, 0, 0], [0, 0, 0, 0, 0, 0, 0, 0, 0, 0, 0, 0, 0, 1, 0], [0, 0, 0, 0, 0, 0, 0, 0, 0, 0, 0, 0, 0, 0, 1]]
[[0, 2, -1, 0, -1, 2, -2, 2, -1, 2, 0, -2, 1, -1, -1], [1, 1, -1, 0, -1, 2, -2, 2, -1, 2, 0, -2, 1, -1, -1], [0, 0, -1, 0, 0, 0, 0, 0, 0, 0, 0, 0, 0, 0, 0], [-1, -2, 1, 1, 3, -1, 2, -3, -1, -3, 2, 1, -1, 1, 1], [-1, -2, 1, 2, 2, -1, 2, -3, -1, -3, 2, 1, -1, 1, 1], [1, 2, 0, -1, -2, 2, -2, 3, 1, 3, -2, -1, 1, -1, -1], [2, 5, 0, -2, -5, 4, -5, 8, 1, 8, -4, -4, 3, -3, -3], [-1, -3, 0, 1, 3, -3, 4, -4, 0, -5, 2, 3, -2, 2, 2], [-1, -2, 2, 1, 2, -1, 2, -3, 0, -3, 2, 1, -1, 1, 1], [0, 0, 0, 0, 0, 0, 0, 0, 0, 1, 0, 0, 0, 0, 0], [-1, -3, 0, 1, 3, -3, 4, -5, 0, -5, 3, 3, -2, 2, 2], [-2, -5, 0, 2, 5, -4, 6, -8, -1, -8, 4, 5, -3, 3, 3], [-2, -4, 1, 1, 3, -4, 4, -6, 0, -6, 2, 4, -3, 2, 2], [-1, -3, -1, 0, 2, -3, 2, -3, 0, -3, 0, 3, -2, 1, 2], [2, 3, -2, -2, -3, 3, -4, 5, 1, 5, -2, -3, 1, -1, -2]]

Generators of monodromy action on conics:
(89,93)(90,94)(91,95)(92,96)(125,129)(126,130)(127,131)(128,132)(153,157)(154,158)(155,160)(156,159)(173,182)(174,181)(175,183)(176,184)(177,186)(178,185)(179,188)(180,187)
(83,85)(84,86)(99,101)(100,102)(147,149)(148,150)(163,166)(164,165)(195,204)(196,203)(197,205)(198,206)(213,226)(214,225)(219,236)(220,235)(221,242)(222,241)(223,246)(224,245)
(81,87)(82,88)(97,103)(98,104)(125,127)(126,128)(129,131)(130,132)(145,151)(146,152)(161,167)(162,168)(193,201)(194,202)(199,207)(200,208)(215,227)(216,228)(217,233)(218,234)(221,245)(222,246)(223,241)(224,242)
(7,17)(8,18)(9,19)(10,20)(21,31)(22,32)(23,34)(24,33)(41,53)(42,54)(43,51)(44,52)(59,71)(60,72)(61,69)(62,70)(77,99)(78,100)(79,101)(80,102)(83,105)(84,106)(85,107)(86,108)(113,133)(114,134)(115,139)(116,140)(117,141)(118,142)(123,143)(124,144)(145,152)(146,151)(147,243)(148,244)(149,247)(150,248)(153,187)(154,188)(155,181)(156,182)(157,180)(158,179)(159,173)(160,174)(163,171)(164,172)(165,170)(166,169)(189,197)(190,198)(191,205)(192,206)(195,210)(196,209)(203,211)(204,212)(213,238)(214,237)(215,228)(216,227)(219,232)(220,231)(223,242)(224,241)(225,239)(226,240)(229,235)(230,236)
(7,23)(8,24)(9,21)(10,22)(17,34)(18,33)(19,31)(20,32)(45,57)(46,58)(47,64)(48,63)(49,66)(50,65)(55,67)(56,68)(73,121)(74,122)(75,119)(76,120)(77,147)(78,148)(79,149)(80,150)(83,169)(84,170)(85,171)(86,172)(89,177)(90,178)(91,175)(92,176)(93,186)(94,185)(95,183)(96,184)(97,104)(98,103)(99,243)(100,244)(101,247)(102,248)(105,166)(106,165)(107,163)(108,164)(109,136)(110,135)(111,137)(112,138)(189,214)(190,213)(191,225)(192,226)(195,229)(196,230)(197,237)(198,238)(199,208)(200,207)(203,232)(204,231)(205,239)(206,240)(209,236)(210,235)(211,219)(212,220)(223,242)(224,241)
(1,222)(2,221)(3,245)(4,246)(5,196,17,99)(6,195,18,100)(7,83,15,226)(8,84,16,225)(9,206,28,164)(10,205,27,163)(11,147,21,220)(12,148,22,219)(13,166,31,197)(14,165,32,198)(19,236,30,150)(20,235,29,149)(23,102,36,204)(24,101,35,203)(25,214,34,86)(26,213,33,85)(37,224)(38,223)(39,241)(40,242)(41,240,47,77)(42,239,48,78)(43,169,68,231)(44,170,67,232)(45,230,70,172)(46,229,69,171)(49,105,53,209)(50,106,54,210)(51,243,57,189)(52,244,58,190)(55,191,61,247)(56,192,62,248)(59,211,63,107)(60,212,64,108)(65,79,71,238)(66,80,72,237)(73,81,119,199)(74,82,120,200)(75,234,135,97)(76,233,136,98)(87,138,207,109)(88,137,208,110)(91,177,96,185)(92,178,95,186)(103,112,218,122)(104,111,217,121)(113,216,139,161)(114,215,140,162)(115,145,123,202)(116,146,124,201)(117,168,143,227)(118,167,144,228)(127,132)(128,131)(133,193,141,152)(134,194,142,151)(153,173,158,181)(154,174,157,182)
