
#########################################################
# DATA FOR CRYSTALLOGRAPHIC QUARTIC SURFACE FAMILY 13.3 #
#########################################################


##################
# GROUP & FAMILY #
##################

Generators of crystallographic group:
[[1, 0, 0, 0], [0, -1, 0, 0], [0, 0, 0, 1], [0, 0, 1, 0]]
[[-1, 0, 0, 0], [0, -1, 0, 0], [0, 0, 0, 1], [0, 0, -1, 0]]

Invariant polynomials:
z^4 + w^4
z^2*w^2
y^2*z^2 + y^2*w^2
x^2*z^2 + x^2*w^2
y^4
x^2*y^2
x^4

Equivalent crystallographic groups:
13.4
13.6
13.7
13.8
13.9
13.10

############
# HOMOLOGY #
############


Intersection product:
[[-2, 1, 0, 1, 0, -1, -1, -1, 1, 0, 0, 1, 0, -1, 0, 0, 1, 1, 1, -2, 1, 0], [1, -6, -2, -4, 1, -3, -1, 2, -1, 1, 1, -5, 0, -1, -2, -2, 0, -5, -4, 2, -1, 2], [0, -2, -2, -2, 0, -2, -1, 0, 0, 0, 0, -2, 0, -1, -1, -1, 0, -2, -2, 0, 0, 1], [1, -4, -2, -4, 0, -2, -1, 1, -1, 1, 0, -3, 0, -1, -2, -1, 0, -3, -3, 2, -1, 1], [0, 1, 0, 0, -2, 1, 0, -1, 0, 0, -1, 2, -1, 0, 0, 1, 0, 1, 1, 0, 0, -1], [-1, -3, -2, -2, 1, -4, -2, 0, 1, 0, 0, -3, 0, -2, -2, -1, 1, -2, -2, -1, 1, 1], [-1, -1, -1, -1, 0, -2, -2, 0, 1, 0, 0, -1, 0, -1, -1, 0, 1, 0, 0, -1, 1, 0], [-1, 2, 0, 1, -1, 0, 0, -2, 1, -1, -1, 2, -1, 0, 0, 1, 0, 2, 2, -1, 1, -1], [1, -1, 0, -1, 0, 1, 1, 1, -2, 1, 0, 0, 0, 0, 0, 0, 0, -1, -1, 1, -1, 0], [0, 1, 0, 1, 0, 0, 0, -1, 1, -2, 0, 0, 0, 0, 0, 0, -1, 0, 0, 0, 0, 0], [0, 1, 0, 0, -1, 0, 0, -1, 0, 0, -2, 1, -1, 0, 0, 1, 0, 1, 1, 0, 0, -1], [1, -5, -2, -3, 2, -3, -1, 2, 0, 0, 1, -6, 1, -1, -2, -2, 0, -4, -4, 2, -1, 2], [0, 0, 0, 0, -1, 0, 0, -1, 0, 0, -1, 1, -2, 0, 0, 0, 0, -1, 0, 0, 0, 0], [-1, -1, -1, -1, 0, -2, -1, 0, 0, 0, 0, -1, 0, -2, -1, 0, 1, 0, 0, -1, 1, 0], [0, -2, -1, -2, 0, -2, -1, 0, 0, 0, 0, -2, 0, -1, -2, 0, 0, -1, -1, 1, 0, 0], [0, -2, -1, -1, 1, -1, 0, 1, 0, 0, 1, -2, 0, 0, 0, -2, 0, -2, -2, 0, 0, 1], [1, 0, 0, 0, 0, 1, 1, 0, 0, -1, 0, 0, 0, 1, 0, 0, -2, -1, -1, 1, -1, 0], [1, -5, -2, -3, 1, -2, 0, 2, -1, 0, 1, -4, -1, 0, -1, -2, -1, -6, -4, 2, -1, 2], [1, -4, -2, -3, 1, -2, 0, 2, -1, 0, 1, -4, 0, 0, -1, -2, -1, -4, -4, 2, -1, 1], [-2, 2, 0, 2, 0, -1, -1, -1, 1, 0, 0, 2, 0, -1, 1, 0, 1, 2, 2, -4, 2, 0], [1, -1, 0, -1, 0, 1, 1, 1, -1, 0, 0, -1, 0, 1, 0, 0, -1, -1, -1, 2, -2, 0], [0, 2, 1, 1, -1, 1, 0, -1, 0, 0, -1, 2, 0, 0, 0, 1, 0, 2, 1, 0, 0, -2]]

Basis of the generic Picard lattice:
[1, 0, 0, 0, 0, 0, 0, 0, 0, 0, 0, 0, 0, 0, 0, 0, -1, 0, 0, -1, 0, 0]
[0, 1, 0, 0, 0, 0, 0, 0, 0, 0, 0, 0, 0, 0, 0, 0, 2, 0, -1, 3, 1, 1]
[0, 0, 1, 0, 0, 0, 0, 0, 0, 0, 0, 0, 0, 0, 0, 0, 0, 0, 0, 1, 1, 1]
[0, 0, 0, 1, 0, 0, 0, 0, 0, 0, 0, 0, 0, 0, 0, 0, 1, 0, -1, 2, 0, 0]
[0, 0, 0, 0, 1, 0, 0, 0, 0, 0, 0, 0, 0, 0, 0, 0, 0, 0, 0, 0, -1, -1]
[0, 0, 0, 0, 0, 1, 0, 0, 0, 0, 0, 0, 0, 0, 0, 0, -1, 0, -2, -1, 0, 0]
[0, 0, 0, 0, 0, 0, 1, 0, 0, 0, 0, 0, 0, 0, 0, 0, 0, 0, -2, -1, -1, -1]
[0, 0, 0, 0, 0, 0, 0, 1, 0, 0, -1, 0, 0, 0, 0, 0, 0, 0, 0, 0, 0, 1]
[0, 0, 0, 0, 0, 0, 0, 0, 1, 0, 1, 0, 0, 0, 0, 0, 0, 0, 0, 0, -1, -1]
[0, 0, 0, 0, 0, 0, 0, 0, 0, 1, 0, 0, 0, 0, 0, 0, 0, 0, 0, 1, 1, 1]
[0, 0, 0, 0, 0, 0, 0, 0, 0, 0, 0, 1, 0, 0, 0, 0, 0, 0, -1, 1, 1, 1]
[0, 0, 0, 0, 0, 0, 0, 0, 0, 0, 0, 0, 1, 0, 0, 0, 1, 0, 0, 2, 1, 1]
[0, 0, 0, 0, 0, 0, 0, 0, 0, 0, 0, 0, 0, 1, 0, 0, 1, 0, -2, 0, -1, -1]
[0, 0, 0, 0, 0, 0, 0, 0, 0, 0, 0, 0, 0, 0, 1, 0, 2, 0, -2, 2, 0, 0]
[0, 0, 0, 0, 0, 0, 0, 0, 0, 0, 0, 0, 0, 0, 0, 1, -1, 0, 0, -1, 0, 0]
[0, 0, 0, 0, 0, 0, 0, 0, 0, 0, 0, 0, 0, 0, 0, 0, 0, 1, -1, 1, 1, 1]

Class of hyperplane section:
[0, 3, 3, -3, -2, 0, 2, 0, 0, -1, 0, -2, 1, 2, -2, 0, 2, -2, 0, -3, 0, 0]

Action of the group on homology:
[[-1, 1, 0, 1, 0, -1, -1, -1, 1, -1, 0, 0, 0, -1, 0, 0, 1, 1, 1, -1, 1, 0], [-1, 0, -1, 0, 0, -1, 0, 0, 0, -1, 1, -1, 0, -1, 0, -1, 0, -1, -1, -1, 1, 0], [0, -1, 0, -1, 0, 0, 0, 1, -1, 0, 1, -1, 1, -1, 0, 0, 0, -1, -1, 0, 0, 0], [1, 1, 1, 1, 0, 1, 0, 0, 0, 1, -1, 1, 0, 1, 0, 1, 0, 1, 1, 1, -1, 0], [0, -2, -1, -1, 1, -2, -1, 0, 1, 0, 0, -2, 0, 0, -1, -1, 0, -1, -1, 0, 0, 1], [1, -1, 0, -1, 0, 0, 0, 0, 0, 1, -1, -1, 0, 0, -1, 0, 0, 0, -1, 1, -1, 0], [-1, 1, 0, 1, 0, 1, 1, 0, 0, -1, 1, 1, 0, 0, 1, 0, 0, 0, 1, -1, 1, 0], [0, 0, 0, 0, 0, 1, 1, 1, -1, 0, 1, 1, 0, 0, 0, 0, 0, 0, 0, 0, 1, -1], [-1, 1, 0, 1, 0, 0, 0, -1, 1, -1, 0, 1, 0, 0, 0, 0, 0, 1, 1, -1, 1, -1], [-1, 1, 0, 1, 0, -1, -1, -1, 1, 0, -1, 0, 0, 0, 0, 0, 0, 1, 1, -1, 0, 0], [-1, 1, 0, 1, 0, -1, -1, -1, 1, -1, 0, 0, 0, 0, 0, 0, 0, 1, 1, -1, 0, 0], [0, 0, 0, 0, 0, 0, 0, 0, 0, 0, 0, 1, 0, 0, 0, 0, 0, 0, 0, 0, 0, 0], [0, 1, 1, 1, 0, 1, 1, 0, 0, 0, 0, 1, 0, 0, 1, 0, 0, 0, 0, 0, 0, 0], [0, 0, 0, 0, 0, 1, 1, 1, -1, 0, 1, 0, 0, 0, 1, 0, 0, -1, -1, 0, 0, 0], [0, 0, 0, 0, 0, -1, -1, -1, 1, 0, -1, 0, 0, 1, 0, 0, 0, 1, 1, 0, 0, 0], [0, -1, 0, 0, 0, 0, 0, 0, 0, 0, 0, 0, -1, 1, 0, 0, 0, -1, 0, 0, 0, 0], [0, 1, 0, 1, 0, 1, 1, 0, 0, -1, 1, 1, 0, 0, 1, 0, 0, 0, 0, -1, 1, 0], [1, -1, 0, -1, 0, 1, 0, 1, -1, 1, 0, 0, 0, 1, 0, 0, 0, 0, 0, 1, -1, 0], [-1, 1, 0, 1, 0, -1, 0, -1, 1, -1, 0, 0, 0, -1, 0, 0, 0, 1, 1, -1, 1, 0], [1, 0, 0, 0, 0, 0, 0, 0, 0, 0, -1, 0, 0, 1, 0, 0, -1, 0, 0, 1, -1, 0], [1, -1, 0, -1, 0, 0, 0, 1, -1, 1, -1, -1, 0, 0, 0, 0, 0, -1, -1, 1, -1, 0], [1, -1, 0, -1, 0, 1, 1, 1, -2, 1, 0, 0, 0, 0, 0, 0, 0, -1, -1, 1, -1, 0]]
[[-1, -1, -1, -1, 0, -2, -1, 0, 0, 0, 0, -1, -1, 0, 0, -1, 0, -2, -1, 0, 0, 1], [0, -3, 0, -1, 1, -1, -1, 2, 0, 1, 1, -3, 0, 0, 0, -1, 1, -3, -2, 0, 0, 1], [0, -1, 0, -1, 0, 0, 0, 1, -1, 1, 0, -1, 0, 0, 0, 0, 0, -1, -1, 0, 0, 0], [0, 2, 0, 1, 0, 0, 0, -1, 0, 0, 0, 2, 1, -1, 0, 0, 0, 2, 1, -1, 0, 0], [0, 0, -1, 0, 0, -1, 0, -1, 1, -2, 0, -1, 0, 0, -1, 0, -1, 0, 0, 1, 0, 0], [1, -1, 0, -1, 0, 0, 0, 0, 0, 0, 0, -1, 1, -1, -1, 0, 0, 0, -1, 1, -1, 0], [0, -1, 0, 0, 0, 1, 0, 1, 0, 1, 0, 0, -1, 1, 1, 0, 1, -1, 0, -1, 1, 0], [0, 0, 1, 1, 0, 1, 0, 1, 0, 1, 0, 1, 0, 0, 0, 1, 1, 1, 1, -1, 1, -1], [0, -1, 0, 0, 0, 0, 0, 0, 1, 0, 0, 0, -1, 1, 0, 0, 0, -1, 0, 0, 1, 0], [0, -1, -1, -1, 0, -1, 0, 0, 0, -1, 1, -1, 0, 0, 0, -1, -1, -2, -1, 1, 0, 1], [0, -1, -1, -1, 0, -1, 0, 0, 0, -1, 1, -1, -1, 1, 0, -1, -1, -2, -1, 1, 0, 1], [0, 2, 1, 2, 0, 1, 0, -1, 1, 0, -1, 2, 0, 0, 0, 1, 1, 3, 2, -1, 1, -1], [0, 1, 1, 1, 0, 1, 0, 0, 0, 1, -1, 1, 0, 0, 1, 0, 1, 1, 0, -1, 0, -1], [0, 0, 1, 1, 1, 1, 1, 1, -1, 1, 0, 0, 0, 0, 1, 0, 1, 0, 0, -1, 0, 0], [-1, 2, -1, 0, -1, -1, 0, -2, 1, -2, 0, 1, 0, 1, 0, 0, -2, 1, 1, 1, 0, 0], [-1, 1, 0, 1, 0, 0, 0, -1, 1, -1, 1, 1, 0, 0, 0, 0, 0, 1, 1, -1, 1, 0], [0, 0, 1, 1, 1, 1, 0, 1, 0, 1, 0, 0, 0, 1, 1, 0, 1, 0, 0, -1, 0, 0], [0, 2, 0, 1, -1, 1, 1, -1, 0, -1, 0, 2, 0, 0, 0, 1, -1, 2, 2, 0, 0, 0], [0, -2, -1, -2, 0, -1, 0, 1, -1, 0, 0, -2, -1, 1, 0, -1, -1, -3, -2, 2, -1, 0], [0, 2, 0, 1, 0, 0, 0, -1, 1, -1, 0, 1, 1, 0, 0, 0, -1, 2, 1, 0, 0, 0], [0, 1, 0, 0, 0, 0, 0, 0, 0, 0, 0, 0, 1, -1, 0, 0, 0, 1, 0, 0, 0, 0], [0, 1, 1, 1, 0, 1, 0, 0, 0, 1, 0, 1, 1, -1, 0, 1, 1, 2, 1, -1, 0, 0]]

####################
# ALGEBRAIC CURVES #
####################


There are 248 conics:
[0, 2, 1, -1, -1, 1, 1, -1, 0, 1, 1, -2, 0, 0, -1, 0, 0, -1, 0, -1, 1, 0]
[0, 1, 2, -2, -1, -1, 1, 1, 0, -2, -1, 0, 1, 2, -1, 0, 2, -1, 0, -2, -1, 0]
[0, 3, 2, -2, -2, 0, 2, 1, 1, 0, 0, -2, 0, 1, -2, 0, 1, -1, 0, -2, 0, 1]
[0, 0, 1, -1, 0, 0, 0, -1, -1, -1, 0, 0, 1, 1, 0, 0, 1, -1, 0, -1, 0, -1]
[0, 2, 2, -2, -1, 0, 1, 0, 0, 0, 0, -1, 0, 1, -1, 0, 1, -1, 0, -1, 1, 1]
[0, 1, 1, -1, -1, 0, 1, 0, 0, -1, 0, -1, 1, 1, -1, 0, 1, -1, 0, -2, -1, -1]
[0, 2, 2, -2, -1, 0, 1, 0, 1, 0, 1, -1, 0, 1, -1, 0, 1, -1, 0, -1, 0, 0]
[0, 1, 1, -1, -1, 0, 1, 0, -1, -1, -1, -1, 1, 1, -1, 0, 1, -1, 0, -2, 0, 0]
[0, 2, 1, -2, 0, 0, 1, 0, 0, 0, 0, -1, 0, 1, -1, 0, 1, -1, 0, -2, -1, -1]
[0, 1, 2, -1, -2, 0, 1, 0, 0, -1, 0, -1, 1, 1, -1, 0, 1, -1, 0, -1, 1, 1]
[1, 2, 2, -2, -1, -1, 2, 0, 0, -1, 0, -1, 1, 1, -1, 0, 2, -2, 1, -2, -1, -1]
[-1, 1, 1, -1, -1, 1, 0, 0, 0, 0, 0, -1, 0, 1, -1, 0, 0, 0, -1, -1, 1, 1]
[1, 2, 2, -2, -2, -1, 2, 0, 1, 0, 1, -1, 0, 1, -1, 0, 1, -1, 0, -2, 0, 0]
[-1, 1, 1, -1, 0, 1, 0, 0, -1, -1, -1, -1, 1, 1, -1, 0, 1, -1, 0, -1, 0, 0]
[0, 2, 1, -2, -1, 0, 1, 0, 0, -1, 0, -1, 1, 1, -1, 0, 2, -2, 1, -2, -1, -1]
[0, 1, 2, -1, -1, 0, 1, 0, 0, 0, 0, -1, 0, 1, -1, 0, 0, 0, -1, -1, 1, 1]
[1, 2, 1, -2, -1, 0, 1, 0, 1, 0, 1, -1, 0, 0, 0, 0, 1, -1, 0, -1, 0, 0]
[-1, 1, 2, -1, -1, 0, 1, 0, -1, -1, -1, -1, 1, 2, -2, 0, 1, -1, 0, -2, 0, 0]
[0, 2, 2, -2, -1, 0, 1, 0, 0, -1, 0, -1, 0, 1, -1, 0, 1, 0, -1, -1, 1, 1]
[0, 1, 1, -1, -1, 0, 1, 0, 0, 0, 0, -1, 1, 1, -1, 0, 1, -2, 1, -2, -1, -1]
[0, 2, 2, -2, -1, 0, 1, 0, -1, -2, -1, -1, 1, 2, -2, -1, 2, -1, 0, -2, 0, 0]
[0, 1, 1, -1, -1, 0, 1, 0, 1, 1, 1, -1, 0, 0, 0, 1, 0, -1, 0, -1, 0, 0]
[1, 2, 1, -2, -1, 0, 1, 0, 0, -1, 0, -1, 1, 1, -1, -1, 2, -2, 1, -2, -1, -1]
[-1, 1, 2, -1, -1, 0, 1, 0, 0, 0, 0, -1, 0, 1, -1, 1, 0, 0, -1, -1, 1, 1]
[0, 2, 1, -2, -1, 0, 1, 0, 1, 0, 1, -1, 0, 0, 0, 1, 1, -1, 0, -1, 0, 0]
[0, 1, 2, -1, -1, 0, 1, 0, -1, -1, -1, -1, 1, 2, -2, -1, 1, -1, 0, -2, 0, 0]
[1, 2, 2, -2, -2, -1, 2, 0, 0, -1, 0, -1, 1, 2, -2, -1, 2, -2, 1, -3, -1, -1]
[-1, 1, 1, -1, 0, 1, 0, 0, 0, 0, 0, -1, 0, 0, 0, 1, 0, 0, -1, 0, 1, 1]
[1, 2, 2, -2, -1, -1, 2, 0, 1, 0, 1, -1, 0, 0, 0, 1, 1, -1, 0, -1, 0, 0]
[-1, 1, 1, -1, -1, 1, 0, 0, -1, -1, -1, -1, 1, 2, -2, -1, 1, -1, 0, -2, 0, 0]
[0, 2, 1, -2, 0, 0, 1, 0, 1, 1, 1, -1, -1, 0, 0, 1, 0, 0, -1, -1, 0, 0]
[0, 1, 2, -1, -2, 0, 1, 0, -1, -2, -1, -1, 2, 2, -2, -1, 2, -2, 1, -2, 0, 0]
[0, 2, 2, -2, -1, 0, 1, 0, 0, -1, 0, -1, 1, 2, -2, -1, 2, -2, 1, -2, -1, -1]
[0, 1, 1, -1, -1, 0, 1, 0, 0, 0, 0, -1, 0, 0, 0, 1, 0, 0, -1, -1, 1, 1]
[0, 2, 2, -2, -1, 0, 1, 0, -1, -1, -1, -1, 1, 2, -2, -1, 2, -2, 1, -2, 0, 0]
[0, 1, 1, -1, -1, 0, 1, 0, 1, 0, 1, -1, 0, 0, 0, 1, 0, 0, -1, -1, 0, 0]
[0, 3, 2, -2, -2, 0, 2, 1, 0, -1, -1, -2, 1, 2, -3, -1, 2, -2, 1, -3, -1, 0]
[0, 0, 1, -1, 0, 0, 0, -1, 0, 0, 1, 0, 0, 0, 1, 1, 0, 0, -1, 0, 1, 0]
[0, 2, 1, -1, -1, 1, 1, -1, -1, 0, 0, -2, 1, 1, -2, -1, 1, -2, 1, -2, 0, -1]
[0, 1, 2, -2, -1, -1, 1, 1, 1, -1, 0, 0, 0, 1, 0, 1, 1, 0, -1, -1, 0, 1]
[0, 2, 1, -1, -1, 0, 1, 0, 0, 0, 0, -1, 0, 1, -1, 1, 1, -1, -1, -1, 0, 0]
[0, 1, 2, -2, -1, 0, 1, 0, 0, -1, 0, -1, 1, 1, -1, -1, 1, -1, 1, -2, 0, 0]
[1, 2, 2, -3, 0, -1, 2, 0, 1, 0, 1, -1, 0, 0, 0, 0, 1, -1, 1, -2, -1, -1]
[-1, 1, 1, 0, -2, 1, 0, 0, -1, -1, -1, -1, 1, 2, -2, 0, 1, -1, -1, -1, 1, 1]
[1, 2, 2, -2, -1, 0, 1, 0, 0, 0, 0, -2, 0, 1, -1, -1, 1, -1, 1, -2, 0, 0]
[-1, 1, 1, -1, -1, 0, 1, 0, 0, -1, 0, 0, 1, 1, -1, 1, 1, -1, -1, -1, 0, 0]
[1, 2, 2, -2, -1, 0, 1, -1, 0, 0, 1, -2, 0, 1, -1, -1, 1, -1, 1, -2, 0, -1]
[-1, 1, 1, -1, -1, 0, 1, 1, 0, -1, -1, 0, 1, 1, -1, 1, 1, -1, -1, -1, 0, 1]
[0, 2, 2, -2, -2, -1, 2, 1, 0, -2, -1, 0, 1, 2, -2, 0, 2, -1, -1, -2, 0, 1]
[0, 1, 1, -1, 0, 1, 0, -1, 0, 1, 1, -2, 0, 0, 0, 0, 0, -1, 1, -1, 0, -1]
[0, 2, 2, -2, -1, 0, 1, 0, 0, 0, 0, -2, 0, 1, -1, 0, 1, -1, 1, -2, 0, 0]
[0, 1, 1, -1, -1, 0, 1, 0, 0, -1, 0, 0, 1, 1, -1, 0, 1, -1, -1, -1, 0, 0]
[1, 1, 1, -1, -1, 0, 1, -1, 0, 1, 1, -2, 0, 0, 0, 0, 0, -1, 1, -2, 0, -1]
[-1, 2, 2, -2, -1, 0, 1, 1, 0, -2, -1, 0, 1, 2, -2, 0, 2, -1, -1, -1, 0, 1]
[0, 2, 1, -2, -1, 0, 1, 0, 0, -1, 0, 0, 1, 1, -1, 0, 2, -2, 0, -1, 0, 0]
[0, 1, 2, -1, -1, 0, 1, 0, 0, 0, 0, -2, 0, 1, -1, 0, 0, 0, 0, -2, 0, 0]
[1, 2, 1, -2, -1, 0, 1, 0, 1, 0, 1, -2, 0, 0, 0, 0, 1, -1, 1, -2, -1, -1]
[-1, 1, 2, -1, -1, 0, 1, 0, -1, -1, -1, 0, 1, 2, -2, 0, 1, -1, -1, -1, 1, 1]
[0, 2, 2, -2, -2, -1, 2, 1, 1, -1, 0, 0, 1, 2, -2, 0, 2, -2, 0, -2, -1, 0]
[0, 1, 1, -1, 0, 1, 0, -1, -1, 0, 0, -2, 0, 0, 0, 0, 0, 0, 0, -1, 1, 0]
[1, 1, 2, -2, -1, -1, 1, 0, 1, 0, 1, -1, 0, 1, 0, 0, 1, -1, 1, -2, -1, -1]
[-1, 2, 1, -1, -1, 1, 1, 0, -1, -1, -1, -1, 1, 1, -2, 0, 1, -1, -1, -1, 1, 1]
[0, 3, 1, -2, -2, 0, 2, 1, 1, -1, 0, -1, 1, 1, -2, 0, 2, -2, 0, -2, -1, 0]
[0, 0, 2, -1, 0, 0, 0, -1, -1, 0, 0, -1, 0, 1, 0, 0, 0, 0, 0, -1, 1, 0]
[1, 1, 1, -2, 0, 0, 0, -1, 0, 0, 1, -1, 0, 0, 1, 0, 1, -1, 1, -1, 0, -1]
[-1, 2, 2, -1, -2, 0, 2, 1, 0, -1, -1, -1, 1, 2, -3, 0, 1, -1, -1, -2, 0, 1]
[0, 2, 1, -1, -2, 0, 2, 0, 0, 0, 0, -1, 1, 1, -2, 0, 1, -2, 0, -2, 0, 0]
[0, 1, 2, -2, 0, 0, 0, 0, 0, -1, 0, -1, 0, 1, 0, 0, 1, 0, 0, -1, 0, 0]
[1, 0, 1, -1, 0, 0, 0, -1, 0, 0, 1, -1, 0, 0, 1, 0, 0, 0, 0, -1, 0, -1]
[-1, 3, 2, -2, -2, 0, 2, 1, 0, -1, -1, -1, 1, 2, -3, 0, 2, -2, 0, -2, 0, 1]
[1, 1, 2, -2, -1, -1, 1, 0, 0, -1, 0, -1, 0, 1, 0, 0, 1, 0, 0, -2, 0, 0]
[-1, 2, 1, -1, -1, 1, 1, 0, 0, 0, 0, -1, 1, 1, -2, 0, 1, -2, 0, -1, 0, 0]
[0, 3, 2, -2, -2, 0, 2, 0, 0, -1, 0, -1, 1, 2, -3, -1, 2, -2, 0, -2, 0, 0]
[0, 0, 1, -1, 0, 0, 0, 0, 0, 0, 0, -1, 0, 0, 1, 1, 0, 0, 0, -1, 0, 0]
[0, 3, 2, -2, -2, 0, 2, 1, 0, -1, -1, -1, 1, 2, -3, -1, 2, -2, 0, -2, 0, 1]
[0, 0, 1, -1, 0, 0, 0, -1, 0, 0, 1, -1, 0, 0, 1, 1, 0, 0, 0, -1, 0, -1]
[0, 3, 2, -3, -1, -1, 3, 1, 1, -1, 0, 0, 1, 1, -2, 0, 2, -2, 0, -2, -1, 0]
[0, 0, 1, 0, -1, 1, -1, -1, -1, 0, 0, -2, 0, 1, 0, 0, 0, 0, 0, -1, 1, 0]
[1, 1, 1, -1, 0, 0, 0, -1, 0, 1, 1, -2, -1, 0, 1, 1, 0, 0, 0, -1, 0, -1]
[-1, 2, 2, -2, -2, 0, 2, 1, 0, -2, -1, 0, 2, 2, -3, -1, 2, -2, 0, -2, 0, 1]
[0, 2, 2, -2, -1, 0, 2, 0, 0, 0, 0, -1, 1, 1, -2, -1, 1, -2, 1, -2, 0, 0]
[0, 1, 1, -1, -1, 0, 0, 0, 0, -1, 0, -1, 0, 1, 0, 1, 1, 0, -1, -1, 0, 0]
[0, 3, 3, -3, -2, -1, 3, 1, 1, -1, 0, -1, 1, 2, -3, -1, 2, -2, 1, -3, -1, 0]
[0, 0, 0, 0, 0, 1, -1, -1, -1, 0, 0, -1, 0, 0, 1, 1, 0, 0, -1, 0, 1, 0]
[0, 3, 2, -3, -1, 0, 2, 0, 0, -1, 0, -1, 1, 1, -2, -1, 2, -2, 1, -2, 0, 0]
[0, 0, 1, 0, -1, 0, 0, 0, 0, 0, 0, -1, 0, 1, 0, 1, 0, 0, -1, -1, 0, 0]
[0, 3, 2, -3, -1, 0, 2, 1, 1, -1, 0, -1, 1, 1, -2, -1, 2, -2, 1, -2, -1, 0]
[0, 0, 1, 0, -1, 0, 0, -1, -1, 0, 0, -1, 0, 1, 0, 1, 0, 0, -1, -1, 1, 0]
[1, 3, 2, -3, -2, -1, 3, 1, 1, -1, 0, -1, 1, 1, -2, -1, 2, -2, 1, -3, -1, 0]
[-1, 0, 1, 0, 0, 1, -1, -1, -1, 0, 0, -1, 0, 1, 0, 1, 0, 0, -1, 0, 1, 0]
[0, 2, 2, -2, -1, 0, 2, 0, 0, -1, 0, -1, 1, 1, -2, -1, 1, -1, 0, -2, 0, 0]
[0, 1, 1, -1, -1, 0, 0, 0, 0, 0, 0, -1, 0, 1, 0, 1, 1, -1, 0, -1, 0, 0]
[0, 2, 1, -2, -1, 0, 2, 0, 1, 0, 1, -1, 1, 0, -1, 0, 1, -2, 1, -2, -1, -1]
[0, 1, 2, -1, -1, 0, 0, 0, -1, -1, -1, -1, 0, 2, -1, 0, 1, 0, -1, -1, 1, 1]
[1, 1, 1, -1, -1, 0, 0, -1, 0, 0, 1, -1, 0, 1, 0, 0, 1, -1, 0, -1, 0, -1]
[-1, 2, 2, -2, -1, 0, 2, 1, 0, -1, -1, -1, 1, 1, -2, 0, 1, -1, 0, -2, 0, 1]
[1, 2, 2, -3, -1, -1, 2, 0, 1, -1, 1, 0, 1, 1, -1, -1, 2, -2, 1, -2, -1, -1]
[-1, 1, 1, 0, -1, 1, 0, 0, -1, 0, -1, -2, 0, 1, -1, 1, 0, 0, -1, -1, 1, 1]
[0, 2, 3, -3, -1, -1, 2, 1, 0, -2, -1, 0, 1, 2, -2, -1, 2, -1, 0, -2, 0, 1]
[0, 1, 0, 0, -1, 1, 0, -1, 0, 1, 1, -2, 0, 0, 0, 1, 0, -1, 0, -1, 0, -1]
[0, 2, 2, -3, -1, -1, 2, 1, 1, -1, 0, 0, 1, 1, -1, 0, 2, -2, 1, -2, -1, 0]
[0, 1, 1, 0, -1, 1, 0, -1, -1, 0, 0, -2, 0, 1, -1, 0, 0, 0, -1, -1, 1, 0]
[1, 2, 1, -1, -2, 0, 1, 0, 0, 0, 0, -2, 0, 1, -1, 0, 1, -1, 0, -2, 0, 0]
[-1, 1, 2, -2, 0, 0, 1, 0, 0, -1, 0, 0, 1, 1, -1, 0, 1, -1, 0, -1, 0, 0]
[0, 2, 1, -1, -1, 1, 0, 0, 0, 0, 0, -2, 0, 1, -1, 0, 1, -1, 0, -1, 0, 0]
[0, 1, 2, -2, -1, -1, 2, 0, 0, -1, 0, 0, 1, 1, -1, 0, 1, -1, 0, -2, 0, 0]
[0, 2, 1, -1, -1, 1, 0, -1, -1, 0, 0, -2, 0, 1, -1, 0, 1, -1, 0, -1, 1, 0]
[0, 1, 2, -2, -1, -1, 2, 1, 1, -1, 0, 0, 1, 1, -1, 0, 1, -1, 0, -2, -1, 0]
[0, 2, 2, -1, -2, 0, 1, 0, 0, 0, 0, -2, 0, 2, -2, 0, 1, -1, 0, -2, 0, 0]
[0, 1, 1, -2, 0, 0, 1, 0, 0, -1, 0, 0, 1, 0, 0, 0, 1, -1, 0, -1, 0, 0]
[0, 2, 2, -3, -1, -1, 2, 1, 1, -2, 0, 0, 1, 1, -1, 0, 2, -1, 0, -2, -1, 0]
[0, 1, 1, 0, -1, 1, 0, -1, -1, 1, 0, -2, 0, 1, -1, 0, 0, -1, 0, -1, 1, 0]
[0, 3, 2, -2, -1, 1, 1, 0, 0, 0, 0, -2, 0, 1, -2, -1, 1, -2, 1, -2, 0, 0]
[0, 0, 1, -1, -1, -1, 1, 0, 0, -1, 0, 0, 1, 1, 0, 1, 1, 0, -1, -1, 0, 0]
[0, 3, 2, -2, -2, 0, 2, 0, 0, 0, 0, -2, 1, 2, -3, -1, 2, -2, 1, -2, 0, 0]
[0, 0, 1, -1, 0, 0, 0, 0, 0, -1, 0, 0, 0, 0, 1, 1, 0, 0, -1, -1, 0, 0]
[0, 2, 1, -1, -2, 1, 1, 0, 0, 0, 0, -2, 1, 1, -2, -1, 1, -2, 1, -2, 0, 0]
[0, 1, 2, -2, 0, -1, 1, 0, 0, -1, 0, 0, 0, 1, 0, 1, 1, 0, -1, -1, 0, 0]
[1, 1, 1, -2, 0, -1, 1, 0, 1, 0, 1, 0, 0, 0, 1, 1, 1, -1, 0, -1, -1, -1]
[-1, 2, 2, -1, -2, 1, 1, 0, -1, -1, -1, -2, 1, 2, -3, -1, 1, -1, 0, -2, 1, 1]
[1, 3, 2, -2, -2, 0, 2, 0, 0, 0, 0, -2, 1, 2, -3, -1, 1, -2, 1, -3, 0, 0]
[-1, 0, 1, -1, 0, 0, 0, 0, 0, -1, 0, 0, 0, 0, 1, 1, 1, 0, -1, 0, 0, 0]
[0, 2, 2, -1, -2, 0, 2, 0, 0, 0, 0, -2, 0, 1, -2, -1, 1, -1, 0, -2, 0, 0]
[0, 1, 1, -2, 0, 0, 0, 0, 0, -1, 0, 0, 1, 1, 0, 1, 1, -1, 0, -1, 0, 0]
[1, 3, 2, -2, -2, 0, 2, 0, 0, -1, 0, -2, 1, 1, -2, -1, 2, -2, 1, -2, 0, 0]
[-1, 0, 1, -1, 0, 0, 0, 0, 0, 0, 0, 0, 0, 1, 0, 1, 0, 0, -1, -1, 0, 0]
[0, 3, 1, -2, -1, 1, 1, 0, 0, 0, 0, -2, 0, 1, -2, -1, 1, -1, 0, -2, 0, 0]
[0, 0, 2, -1, -1, -1, 1, 0, 0, -1, 0, 0, 1, 1, 0, 1, 1, -1, 0, -1, 0, 0]
[0, 2, 2, -1, -2, 0, 2, 0, 0, 0, 0, -2, 1, 1, -2, 0, 1, -2, 1, -2, 0, 0]
[0, 1, 1, -2, 0, 0, 0, 0, 0, -1, 0, 0, 0, 1, 0, 0, 1, 0, -1, -1, 0, 0]
[1, 1, 2, -2, -1, -1, 1, 0, 0, -2, 0, 0, 1, 1, 0, 0, 2, -1, 0, -1, 0, 0]
[-1, 2, 1, -1, -1, 1, 1, 0, 0, 1, 0, -2, 0, 1, -2, 0, 0, -1, 0, -2, 0, 0]
[0, 3, 1, -2, -1, 1, 1, 0, 0, 0, 0, -2, 1, 1, -2, 0, 1, -2, 1, -2, 0, 0]
[0, 0, 2, -1, -1, -1, 1, 0, 0, -1, 0, 0, 0, 1, 0, 0, 1, 0, -1, -1, 0, 0]
[1, 1, 2, -2, -1, -1, 1, 0, 0, -1, 0, 0, 1, 2, -1, 0, 1, -1, 0, -2, 0, 0]
[-1, 2, 1, -1, -1, 1, 1, 0, 0, 0, 0, -2, 0, 0, -1, 0, 1, -1, 0, -1, 0, 0]
[1, 3, 1, -2, -1, 0, 2, 0, 1, 1, 1, -2, 0, 0, -1, 0, 1, -2, 1, -2, -1, -1]
[-1, 0, 2, -1, -1, 0, 0, 0, -1, -2, -1, 0, 1, 2, -1, 0, 1, 0, -1, -1, 1, 1]
[0, 3, 2, -2, -1, 0, 2, 0, 0, 0, 0, -2, 0, 1, -2, 0, 1, -1, 0, -2, 0, 0]
[0, 0, 1, -1, -1, 0, 0, 0, 0, -1, 0, 0, 1, 1, 0, 0, 1, -1, 0, -1, 0, 0]
[0, 2, 1, -1, -1, 1, 1, 0, 0, 0, 0, -2, 0, 0, -1, 0, 0, -1, 0, -2, 0, 0]
[0, 1, 2, -2, -1, -1, 1, 0, 0, -1, 0, 0, 1, 2, -1, 0, 2, -1, 0, -1, 0, 0]
[0, 2, 1, -1, -2, 0, 2, 0, 0, 0, 0, -2, 1, 1, -2, 0, 1, -1, 0, -2, 0, 0]
[0, 1, 2, -2, 0, 0, 0, 0, 0, -1, 0, 0, 0, 1, 0, 0, 1, -1, 0, -1, 0, 0]
[0, 2, 2, -2, -2, 0, 1, 0, 0, -1, 0, -1, 1, 2, -2, -1, 2, -2, 1, -2, 0, 0]
[0, 1, 1, -1, 0, 0, 1, 0, 0, 0, 0, -1, 0, 0, 0, 1, 0, 0, -1, -1, 0, 0]
[1, 2, 1, -2, -1, -1, 2, 0, 1, 0, 1, -1, 0, 0, 0, 1, 1, -1, 0, -2, -1, -1]
[-1, 1, 2, -1, -1, 1, 0, 0, -1, -1, -1, -1, 1, 2, -2, -1, 1, -1, 0, -1, 1, 1]
[1, 2, 3, -2, -2, -1, 2, 0, 0, -1, 0, -1, 1, 2, -2, -1, 2, -2, 1, -2, 0, 0]
[-1, 1, 0, -1, 0, 1, 0, 0, 0, 0, 0, -1, 0, 0, 0, 1, 0, 0, -1, -1, 0, 0]
[0, 2, 2, -2, -1, 0, 1, 0, 0, 0, 0, -1, 0, 2, -2, -1, 1, -1, 0, -2, 0, 0]
[0, 1, 1, -1, -1, 0, 1, 0, 0, -1, 0, -1, 1, 0, 0, 1, 1, -1, 0, -1, 0, 0]
[1, 3, 2, -3, -1, 0, 1, 0, 0, -1, 0, -1, 1, 2, -2, -1, 2, -2, 1, -2, 0, 0]
[-1, 0, 1, 0, -1, 0, 1, 0, 0, 0, 0, -1, 0, 0, 0, 1, 0, 0, -1, -1, 0, 0]
[0, 2, 2, -2, -1, 0, 1, 0, 0, -1, 0, -1, 0, 1, -1, -1, 2, -1, 0, -1, 0, 0]
[0, 1, 1, -1, -1, 0, 1, 0, 0, 0, 0, -1, 1, 1, -1, 1, 0, -1, 0, -2, 0, 0]
[0, 2, 2, -2, -1, 0, 1, 0, 0, 0, 0, -1, 1, 2, -2, 0, 1, -2, 1, -2, 0, 0]
[0, 1, 1, -1, -1, 0, 1, 0, 0, -1, 0, -1, 0, 0, 0, 0, 1, 0, -1, -1, 0, 0]
[1, 2, 1, -2, -1, 0, 1, 0, 0, -1, 0, -1, 1, 1, -1, 0, 1, -1, 0, -2, 0, 0]
[-1, 1, 2, -1, -1, 0, 1, 0, 0, 0, 0, -1, 0, 1, -1, 0, 1, -1, 0, -1, 0, 0]
[0, 2, 2, -2, -1, 0, 1, 0, 0, -1, 0, -1, 1, 1, -1, 0, 2, -2, 1, -1, 0, 0]
[0, 1, 1, -1, -1, 0, 1, 0, 0, 0, 0, -1, 0, 1, -1, 0, 0, 0, -1, -2, 0, 0]
[1, 1, 2, -1, -2, -1, 2, 0, 0, -1, 0, -1, 1, 1, -1, 0, 1, -1, 0, -2, 0, 0]
[-1, 2, 1, -2, 0, 1, 0, 0, 0, 0, 0, -1, 0, 1, -1, 0, 1, -1, 0, -1, 0, 0]
[1, 3, 2, -3, -1, -1, 2, 0, 1, 0, 1, -1, 0, 1, -1, 0, 2, -2, 1, -2, -1, -1]
[-1, 0, 1, 0, -1, 1, 0, 0, -1, -1, -1, -1, 1, 1, -1, 0, 0, 0, -1, -1, 1, 1]
[0, 2, 2, -2, 0, 0, 1, 0, 0, 0, 0, -1, 0, 1, -1, 0, 1, -1, 0, -1, 0, 0]
[0, 1, 1, -1, -2, 0, 1, 0, 0, -1, 0, -1, 1, 1, -1, 0, 1, -1, 0, -2, 0, 0]
[0, 2, 1, -2, 0, 0, 1, 0, 1, 0, 1, -1, 0, 0, 0, 1, 1, -1, 0, -1, -1, -1]
[0, 1, 2, -1, -2, 0, 1, 0, -1, -1, -1, -1, 1, 2, -2, -1, 1, -1, 0, -2, 1, 1]
[0, 2, 1, -2, 0, 0, 1, 0, 0, 0, 0, -1, 0, 0, 0, 1, 1, -1, 0, -1, 0, 0]
[0, 1, 2, -1, -2, 0, 1, 0, 0, -1, 0, -1, 1, 2, -2, -1, 1, -1, 0, -2, 0, 0]
[0, 2, 2, -2, -1, -1, 2, 1, 1, 0, 0, -1, 0, 1, -1, 1, 1, -1, 0, -2, -1, 0]
[0, 1, 1, -1, -1, 1, 0, -1, -1, -1, 0, -1, 1, 1, -1, -1, 1, -1, 0, -1, 1, 0]
[0, 2, 2, -2, -2, 0, 1, 1, 0, -2, -1, -1, 1, 2, -2, -1, 2, -1, 0, -2, 0, 1]
[0, 1, 1, -1, 0, 0, 1, -1, 0, 1, 1, -1, 0, 0, 0, 1, 0, -1, 0, -1, 0, -1]
[1, 2, 2, -2, -1, 0, 1, 0, 0, -1, 0, -1, 0, 1, -1, -1, 1, -1, 0, -2, 0, 0]
[-1, 1, 1, -1, -1, 0, 1, 0, 0, 0, 0, -1, 1, 1, -1, 1, 1, -1, 0, -1, 0, 0]
[1, 2, 2, -2, -2, -1, 2, 0, 0, -1, 0, -1, 1, 2, -2, -1, 2, -1, 0, -2, 0, 0]
[-1, 1, 1, -1, 0, 1, 0, 0, 0, 0, 0, -1, 0, 0, 0, 1, 0, -1, 0, -1, 0, 0]
[1, 3, 2, -3, -1, -1, 2, 1, 1, -1, 0, -1, 0, 1, -1, 0, 2, -1, 0, -2, -1, 0]
[-1, 0, 1, 0, -1, 1, 0, -1, -1, 0, 0, -1, 1, 1, -1, 0, 0, -1, 0, -1, 1, 0]
[1, 2, 1, -2, 0, 0, 1, -1, 0, 0, 1, -1, 0, 0, 0, 0, 1, -1, 0, -1, 0, -1]
[-1, 1, 2, -1, -2, 0, 1, 1, 0, -1, -1, -1, 1, 2, -2, 0, 1, -1, 0, -2, 0, 1]
[0, 2, 1, -2, -1, 0, 1, 0, 0, -1, 0, -1, 1, 1, -1, 0, 2, -1, 0, -1, 0, 0]
[0, 1, 2, -1, -1, 0, 1, 0, 0, 0, 0, -1, 0, 1, -1, 0, 0, -1, 0, -2, 0, 0]
[0, 2, 1, -2, 0, 1, 0, 0, 0, -1, 0, -1, 0, 0, 0, 0, 1, -1, 0, -1, 0, 0]
[0, 1, 2, -1, -2, -1, 2, 0, 0, 0, 0, -1, 1, 2, -2, 0, 1, -1, 0, -2, 0, 0]
[1, 2, 2, -2, -1, -1, 2, 0, 1, 0, 1, -1, 0, 1, -1, 0, 1, -1, 0, -2, -1, -1]
[-1, 1, 1, -1, -1, 1, 0, 0, -1, -1, -1, -1, 1, 1, -1, 0, 1, -1, 0, -1, 1, 1]
[1, 2, 2, -2, -1, -1, 2, 0, 0, 0, 0, -1, 0, 1, -1, 0, 1, -1, 0, -2, 0, 0]
[-1, 1, 1, -1, -1, 1, 0, 0, 0, -1, 0, -1, 1, 1, -1, 0, 1, -1, 0, -1, 0, 0]
[1, 1, 1, -1, -1, 0, 1, -1, 0, 0, 1, -1, 1, 0, 0, 0, 1, -2, 1, -1, 0, -1]
[-1, 2, 2, -2, -1, 0, 1, 1, 0, -1, -1, -1, 0, 2, -2, 0, 1, 0, -1, -2, 0, 1]
[1, 2, 1, -2, -1, 0, 1, 0, 1, 0, 1, -1, 0, 0, 0, 0, 1, -2, 1, -2, -1, -1]
[-1, 1, 2, -1, -1, 0, 1, 0, -1, -1, -1, -1, 1, 2, -2, 0, 1, 0, -1, -1, 1, 1]
[1, 2, 2, -2, -1, 0, 1, 0, 0, -1, 0, -1, 1, 1, -1, 0, 1, -2, 1, -2, 0, 0]
[-1, 1, 1, -1, -1, 0, 1, 0, 0, 0, 0, -1, 0, 1, -1, 0, 1, 0, -1, -1, 0, 0]
[1, 2, 2, -2, -2, -1, 2, 0, 0, -1, 0, -1, 1, 1, -1, 0, 2, -2, 1, -2, 0, 0]
[-1, 1, 1, -1, 0, 1, 0, 0, 0, 0, 0, -1, 0, 1, -1, 0, 0, 0, -1, -1, 0, 0]
[1, 2, 2, -2, -2, -1, 2, 1, 1, -1, 0, -1, 1, 1, -1, 0, 2, -2, 1, -2, -1, 0]
[-1, 1, 1, -1, 0, 1, 0, -1, -1, 0, 0, -1, 0, 1, -1, 0, 0, 0, -1, -1, 1, 0]
[1, 2, 1, -2, -1, 0, 1, 0, 0, 0, 0, -1, 1, 1, -1, 0, 1, -2, 1, -2, 0, 0]
[-1, 1, 2, -1, -1, 0, 1, 0, 0, -1, 0, -1, 0, 1, -1, 0, 1, 0, -1, -1, 0, 0]
[1, 2, 2, -2, -2, -1, 2, 0, 1, -1, 1, -1, 1, 1, -1, 0, 2, -2, 1, -2, -1, -1]
[-1, 1, 1, -1, 0, 1, 0, 0, -1, 0, -1, -1, 0, 1, -1, 0, 0, 0, -1, -1, 1, 1]
[1, 2, 1, -2, -1, 0, 1, -1, 0, 0, 1, -1, 1, 1, -1, 0, 1, -2, 1, -2, 0, -1]
[-1, 1, 2, -1, -1, 0, 1, 1, 0, -1, -1, -1, 0, 1, -1, 0, 1, 0, -1, -1, 0, 1]
[1, 2, 1, -2, -1, 0, 1, 0, 1, 0, 1, -1, 1, 1, -1, 0, 1, -2, 1, -2, -1, -1]
[-1, 1, 2, -1, -1, 0, 1, 0, -1, -1, -1, -1, 0, 1, -1, 0, 1, 0, -1, -1, 1, 1]
[1, 2, 1, -2, -2, -1, 2, 0, 1, 0, 1, -1, 1, 1, -1, 0, 2, -2, 1, -2, -1, -1]
[-1, 1, 2, -1, 0, 1, 0, 0, -1, -1, -1, -1, 0, 1, -1, 0, 0, 0, -1, -1, 1, 1]
[1, 2, 2, -2, -2, -1, 2, 0, 0, -1, 0, -1, 2, 2, -2, 0, 2, -2, 1, -2, 0, 0]
[-1, 1, 1, -1, 0, 1, 0, 0, 0, 0, 0, -1, -1, 0, 0, 0, 0, 0, -1, -1, 0, 0]
[1, 3, 2, -3, -2, -1, 2, 1, 1, -1, 0, -1, 1, 2, -2, 0, 2, -2, 1, -3, -1, 0]
[-1, 0, 1, 0, 0, 1, 0, -1, -1, 0, 0, -1, 0, 0, 0, 0, 0, 0, -1, 0, 1, 0]
[0, 2, 1, -2, -1, 0, 1, 0, 0, 0, 0, -1, 1, 2, -2, 0, 1, -1, 0, -2, 0, 0]
[0, 1, 2, -1, -1, 0, 1, 0, 0, -1, 0, -1, 0, 0, 0, 0, 1, -1, 0, -1, 0, 0]
[0, 2, 2, -2, -2, -1, 2, 1, 1, -1, 0, -1, 1, 2, -2, 0, 2, -1, 0, -2, -1, 0]
[0, 1, 1, -1, 0, 1, 0, -1, -1, 0, 0, -1, 0, 0, 0, 0, 0, -1, 0, -1, 1, 0]
[0, 2, 2, -2, -2, -1, 2, 0, 0, -1, 0, -1, 1, 2, -2, 0, 2, -1, 0, -2, 0, 0]
[0, 1, 1, -1, 0, 1, 0, 0, 0, 0, 0, -1, 0, 0, 0, 0, 0, -1, 0, -1, 0, 0]
[0, 2, 2, -2, -1, 0, 1, 0, 0, -1, 0, -1, 1, 2, -2, 0, 1, -1, 0, -2, 0, 0]
[0, 1, 1, -1, -1, 0, 1, 0, 0, 0, 0, -1, 0, 0, 0, 0, 1, -1, 0, -1, 0, 0]
[0, 2, 1, -2, -1, 0, 1, 0, 1, 0, 1, -1, 0, 1, -1, 0, 1, -1, 0, -2, -1, -1]
[0, 1, 2, -1, -1, 0, 1, 0, -1, -1, -1, -1, 1, 1, -1, 0, 1, -1, 0, -1, 1, 1]
[0, 2, 2, -2, -1, 0, 1, 1, 0, -1, -1, -1, 0, 1, -1, 0, 1, -1, 0, -2, 0, 1]
[0, 1, 1, -1, -1, 0, 1, -1, 0, 0, 1, -1, 1, 1, -1, 0, 1, -1, 0, -1, 0, -1]
[0, 2, 2, -2, -2, -1, 2, 1, 0, -1, -1, -1, 1, 2, -2, 0, 2, -1, 0, -2, 0, 1]
[0, 1, 1, -1, 0, 1, 0, -1, 0, 0, 1, -1, 0, 0, 0, 0, 0, -1, 0, -1, 0, -1]
[0, 2, 2, -2, -1, 0, 1, 1, 0, -1, -1, -1, 1, 2, -2, 0, 1, -1, 0, -2, 0, 1]
[0, 1, 1, -1, -1, 0, 1, -1, 0, 0, 1, -1, 0, 0, 0, 0, 1, -1, 0, -1, 0, -1]
[0, 2, 2, -2, -1, 0, 1, 0, -1, -1, -1, -1, 1, 2, -2, 0, 1, -1, 0, -2, 1, 1]
[0, 1, 1, -1, -1, 0, 1, 0, 1, 0, 1, -1, 0, 0, 0, 0, 1, -1, 0, -1, -1, -1]
[0, 2, 3, -2, -2, -1, 2, 1, 0, -2, -1, -1, 1, 2, -2, 0, 2, -1, 0, -2, 0, 1]
[0, 1, 0, -1, 0, 1, 0, -1, 0, 1, 1, -1, 0, 0, 0, 0, 0, -1, 0, -1, 0, -1]
[0, 2, 1, -2, -1, 0, 1, 1, 1, 0, 0, -1, 0, 1, -1, 0, 1, -1, 0, -2, -1, 0]
[0, 1, 2, -1, -1, 0, 1, -1, -1, -1, 0, -1, 1, 1, -1, 0, 1, -1, 0, -1, 1, 0]
[0, 2, 2, -2, -1, 0, 1, 0, 0, -1, 0, -1, 0, 1, -1, 0, 1, -1, 0, -2, 0, 0]
[0, 1, 1, -1, -1, 0, 1, 0, 0, 0, 0, -1, 1, 1, -1, 0, 1, -1, 0, -1, 0, 0]
[0, 2, 1, -2, -1, 0, 1, 0, 0, 0, 0, -1, 0, 1, -1, 0, 1, -1, 0, -2, 0, 0]
[0, 1, 2, -1, -1, 0, 1, 0, 0, -1, 0, -1, 1, 1, -1, 0, 1, -1, 0, -1, 0, 0]
[0, 2, 1, -2, 0, 1, 0, 0, 0, 0, 0, -1, 0, 1, -1, 0, 0, -1, 0, -2, 0, 0]
[0, 1, 2, -1, -2, -1, 2, 0, 0, -1, 0, -1, 1, 1, -1, 0, 2, -1, 0, -1, 0, 0]
[0, 2, 2, -2, -1, 0, 1, 1, 1, -1, 0, -1, 0, 1, -1, 0, 1, -1, 0, -2, -1, 0]
[0, 1, 1, -1, -1, 0, 1, -1, -1, 0, 0, -1, 1, 1, -1, 0, 1, -1, 0, -1, 1, 0]
[0, 2, 2, -2, -2, -1, 2, 1, 1, -1, 0, -1, 0, 1, -1, 0, 2, -1, 0, -2, -1, 0]
[0, 1, 1, -1, 0, 1, 0, -1, -1, 0, 0, -1, 1, 1, -1, 0, 0, -1, 0, -1, 1, 0]

################
# DISCRIMINANT #
################

The discriminant has 5 components of degree 1, 3 components of degree 2, 1 component of degree 5, and 1 component of degree 10:
2*Z[0] + Z[1]
2*Z[0] - Z[1]
2*Z[0]*Z[4] + Z[1]*Z[4] - Z[2]^2
2*Z[0]*Z[6] + Z[1]*Z[6] - Z[3]^2
4*Z[0]*Z[4] - Z[2]^2
4*Z[0]*Z[4]*Z[6] - Z[0]*Z[5]^2 - Z[2]^2*Z[6] + Z[2]*Z[3]*Z[5] - Z[3]^2*Z[4]
4*Z[0]*Z[6] - Z[3]^2
4*Z[4]*Z[6] - Z[5]^2
8*Z[0]*Z[4]*Z[6] - 2*Z[0]*Z[5]^2 + 4*Z[1]*Z[4]*Z[6] - Z[1]*Z[5]^2 - 4*Z[2]^2*Z[6] + 4*Z[2]*Z[3]*Z[5] - 4*Z[3]^2*Z[4]
Z[0]
Z[4]
Z[6]

#############
# MONODROMY #
#############


Generators of the monodromy group on the second homology group:
[[1, 0, 0, 0, 0, 0, 0, 0, 0, 0, 0, 0, 0, 0, 0, 0, 0, 0, 0, 0, 0, 0], [0, 1, 0, 0, 0, 0, 0, 0, 0, 0, 0, 0, 0, 0, 0, 0, 0, 0, 0, 0, 0, 0], [0, 0, 1, 0, 0, 0, 0, 0, 0, 0, 0, 0, 0, 0, 0, 0, 0, 0, 0, 0, 0, 0], [0, 0, 0, 1, 0, 0, 0, 0, 0, 0, 0, 0, 0, 0, 0, 0, 0, 0, 0, 0, 0, 0], [0, 0, 0, 0, 1, 0, 0, 0, 0, 0, 0, 0, 0, 0, 0, 0, 0, 0, 0, 0, 0, 0], [0, 0, 0, 0, 0, 1, 0, 0, 0, 0, 0, 0, 0, 0, 0, 0, 0, 0, 0, 0, 0, 0], [0, 0, 0, 0, 0, 0, 1, 0, 0, 0, 0, 0, 0, 0, 0, 0, 0, 0, 0, 0, 0, 0], [0, 0, 0, 0, 0, 0, 0, 1, 0, 0, 0, 0, 0, 0, 0, 0, 0, 0, 0, 0, 0, 0], [0, 0, 0, 0, 0, 0, 0, 0, 0, 0, 0, 0, 0, 0, 0, 0, 0, 0, 0, 0, -1, 0], [0, 0, 0, 0, 0, 0, 0, 0, -1, 1, 0, 0, 0, 0, 0, 0, 0, 0, 0, 0, -1, 0], [0, 0, 0, 0, 0, 0, 0, 0, 0, 0, 0, 0, 0, 0, 0, 0, 0, 0, 0, 0, 0, -1], [0, 0, 0, 0, 0, 0, 0, 0, 0, 0, 0, 1, 0, 0, 0, 0, 0, 0, 0, 0, 0, 0], [0, 0, 0, 0, 0, 0, 0, 0, 0, 0, 1, 0, 1, 0, 0, 0, 0, 0, 0, 0, 0, 1], [0, 0, 0, 0, 0, 0, 0, 0, 1, 0, 0, 0, 0, 1, 0, 0, 0, 0, 0, 0, 1, 0], [0, 0, 0, 0, 0, 0, 0, 0, -1, 0, 0, 0, 0, 0, 1, 0, 0, 0, 0, 0, -1, 0], [0, 0, 0, 0, 0, 0, 0, 0, 0, 0, -1, 0, 0, 0, 0, 1, 0, 0, 0, 0, 0, -1], [0, 0, 0, 0, 0, 0, 0, 0, 1, 0, 0, 0, 0, 0, 0, 0, 1, 0, 0, 0, 1, 0], [0, 0, 0, 0, 0, 0, 0, 0, 0, 0, -1, 0, 0, 0, 0, 0, 0, 1, 0, 0, 0, -1], [0, 0, 0, 0, 0, 0, 0, 0, 0, 0, 1, 0, 0, 0, 0, 0, 0, 0, 1, 0, 0, 1], [0, 0, 0, 0, 0, 0, 0, 0, -1, 0, 0, 0, 0, 0, 0, 0, 0, 0, 0, 1, -1, 0], [0, 0, 0, 0, 0, 0, 0, 0, -1, 0, 0, 0, 0, 0, 0, 0, 0, 0, 0, 0, 0, 0], [0, 0, 0, 0, 0, 0, 0, 0, 0, 0, -1, 0, 0, 0, 0, 0, 0, 0, 0, 0, 0, 0]]
[[-1, 0, 0, 0, 0, -1, -1, 0, 0, 1, 0, 0, 0, -1, 0, 0, 1, 0, 0, -1, 0, 0], [-1, 0, 0, 0, 0, 0, 1, 0, 0, 0, 0, 0, -1, 0, 0, 0, 0, -1, 0, 0, 1, -1], [-1, 0, 0, -1, 0, 0, 0, 0, 0, 0, 0, 0, 0, 0, 0, 0, 0, 0, 0, 0, 1, -1], [1, 1, 0, 1, 0, 0, -1, 0, 0, 0, 0, 0, 1, 0, 0, 0, 0, 1, 0, 0, -1, 1], [1, 0, 1, 1, 1, 0, 0, 0, 0, 0, 0, 0, 0, 0, 0, 0, 0, 0, 0, 0, -1, 1], [1, 0, 1, 1, 0, 1, 0, 0, 0, 0, 0, 0, 0, 0, 0, 0, 0, 0, 0, 0, -1, 1], [-1, 0, -1, -1, 0, 0, 1, 0, 0, 0, 0, 0, 0, 0, 0, 0, 0, 0, 0, 0, 1, -1], [0, -1, -1, -1, 0, 1, 2, 1, 0, -1, 0, 0, -1, 1, 0, 0, -1, -1, 0, 1, 2, -2], [0, 0, 0, 0, 0, 0, 0, 0, -1, 1, 0, 1, 0, -1, 0, 0, 1, 0, 0, -1, 0, 0], [1, 1, 1, 1, 0, 0, -1, 0, -1, 1, 0, 0, 1, -1, 0, 0, 1, 1, 0, 0, -2, 1], [0, -1, -1, -1, 0, -1, 0, 0, 0, 0, -1, -1, -1, 0, 0, 0, 0, -1, 0, 0, 0, 0], [0, 0, 0, 0, 0, 0, 0, 0, 0, 0, 0, 1, 0, 0, 0, 0, 0, 0, 0, 0, 0, 0], [-1, 0, 0, 0, 0, -1, -1, 0, 0, 1, 1, 0, 1, -1, 0, -1, 1, 0, -1, -1, 0, 1], [-1, -1, -1, -1, 0, 0, 1, 0, 1, -1, 0, -1, -1, 1, 0, 0, 0, -1, 0, 1, 2, -1], [1, 1, 1, 1, 0, 0, -1, 0, -1, 1, 0, 1, 1, 0, 1, 0, 0, 1, 0, -1, -2, 1], [1, -1, -1, -1, 0, 0, 1, 0, 0, -1, -1, -1, -1, 1, 0, 0, -1, -1, -1, 1, 0, -1], [-1, -1, -1, -1, 0, 0, 1, 0, 1, 0, 0, 0, -1, 1, 0, 0, 0, -1, 0, 0, 2, -1], [1, 0, 0, 0, 0, 1, 1, 0, 0, -1, -1, 0, 0, 1, 0, 1, -1, 1, 1, 1, 0, -1], [-1, 0, 0, 0, 0, -1, -1, 0, 0, 1, 1, 0, 0, -1, 0, -1, 1, 0, 0, -1, 0, 1], [1, 1, 1, 1, 0, 0, -1, 0, -1, 1, 0, 1, 1, 0, 0, 0, 0, 1, 0, 0, -2, 1], [0, 1, 1, 1, 0, 0, -1, 0, 0, 0, 0, 0, 1, 0, 0, 0, 0, 1, 0, 0, -1, 0], [0, 0, 0, 0, 0, 1, 1, 0, 0, -1, 0, 0, 0, 1, 0, 0, -1, 0, 0, 1, 0, -1]]
[[0, 0, 0, 0, 0, 0, 0, 0, 1, -1, 0, -1, 0, 1, 0, 0, -1, 0, 1, 1, 0, 0], [1, -2, -2, -3, -1, 0, 1, 1, 0, -2, 0, -3, -1, 2, 0, -1, -3, -3, -2, 3, 0, -1], [1, -2, 0, -2, -1, 1, 1, 1, -1, 0, 0, -1, -1, 1, 0, 0, -1, -2, -1, 2, 0, -1], [-1, 2, 1, 2, 1, -1, -1, -1, 0, 1, 0, 2, 1, -2, 0, 0, 2, 2, 1, -2, 0, 1], [-1, 1, 0, 2, 1, -1, -1, -1, 1, 0, 0, 1, 0, -1, 0, 0, 1, 1, 1, -3, 1, 1], [0, 2, 1, 2, 1, 0, -1, -1, 0, 1, 0, 2, 1, -2, 0, 0, 2, 2, 0, -3, 0, 1], [1, -2, -1, -2, -1, 1, 1, 1, 0, -1, 0, -2, -1, 2, 0, 0, -1, -2, -1, 3, 0, -1], [1, -2, -1, -2, -1, 1, 1, 2, -1, 0, 0, -1, -1, 1, 0, 0, -1, -2, -1, 2, 0, -1], [0, 0, 0, 1, 0, 0, -1, 0, 1, 0, 0, 0, 0, 0, 0, 0, 1, 0, 0, -1, 0, 0], [-1, 1, 0, 1, 1, -2, -2, -1, 1, 0, 0, 0, 1, -1, 0, -1, 1, 1, 0, -2, 0, 1], [-1, 0, -1, -1, -1, -1, 0, -1, 1, -2, -1, -1, -1, 1, 0, 0, -2, 0, 1, 1, 0, -1], [0, 1, 1, 2, 0, 1, 0, 0, 0, 1, 0, 2, 0, 0, 0, 1, 1, 1, 1, -1, 0, 0], [1, 1, 1, 1, 0, 1, 0, 0, 0, 1, 0, 1, 1, 0, 0, 1, 1, 1, 0, 0, 0, 0], [1, -2, -1, -3, -1, 1, 2, 1, -1, 0, 0, -1, -1, 2, 0, 0, -2, -2, -1, 3, 0, -1], [-2, 2, 1, 3, 1, -1, -1, -1, 1, 0, 0, 1, 1, -1, 1, 0, 1, 2, 2, -3, 0, 1], [-1, -1, -1, -1, 0, -1, 0, 0, 0, -1, 0, -1, 0, 0, 0, 0, -1, -1, 0, 0, 0, 0], [1, -2, -1, -2, -1, 1, 2, 1, 0, -1, 0, -2, -1, 2, 0, 0, -2, -2, -1, 3, 0, -1], [-1, 0, 0, 0, 0, 0, 0, 0, -1, 1, 0, 1, 0, -1, 0, 0, 1, 1, 1, -1, 0, 0], [1, 0, 0, 0, 0, 0, 0, 0, 1, -1, 0, -1, 0, 1, 0, 0, -1, 0, 0, 1, 0, 0], [-1, 2, 1, 3, 1, -1, -1, -1, 0, 1, 0, 2, 1, -2, 0, 0, 2, 2, 1, -3, 0, 1], [0, 1, 1, 1, 1, 0, 0, 0, -1, 1, 0, 1, 1, -1, 0, 0, 1, 1, 0, -1, 0, 0], [1, -1, 0, -1, 0, 1, 1, 1, -2, 1, 0, 0, 0, 0, 0, 0, 0, -1, -1, 1, -1, 0]]
[[1, 0, 0, 0, 0, 0, 0, 0, 0, 0, 0, 0, 0, 0, 0, 0, 0, 0, 0, 0, 0, 0], [0, 1, 0, 0, 0, 0, 0, 0, 0, 0, 0, 0, 0, 0, 0, 0, 0, 0, 0, 0, 0, 0], [0, 0, 1, 0, 0, 0, 0, 0, 0, 0, 0, 0, 0, 0, 0, 0, 0, 0, 0, 0, 0, 0], [0, 0, 0, 1, 0, 0, 0, 0, 0, 0, 0, 0, 0, 0, 0, 0, 0, 0, 0, 0, 0, 0], [0, 0, 0, 0, 1, 0, 0, 0, 0, 0, 0, 0, 0, 0, 0, 0, 0, 0, 0, 0, 0, 0], [0, 0, 0, 0, 0, 1, 0, 0, 0, 0, 0, 0, 0, 0, 0, 0, 0, 0, 0, 0, 0, 0], [0, 0, 0, 0, 0, 0, 1, 0, 0, 0, 0, 0, 0, 0, 0, 0, 0, 0, 0, 0, 0, 0], [0, 0, 0, 0, 0, 0, 0, 1, 0, 0, 0, 0, 0, 0, 0, 0, 0, 0, 0, 0, 0, 0], [0, 0, 0, 0, 0, 0, 0, 0, 1, 0, 0, 0, 0, 0, 0, 0, 0, 0, 0, 0, 0, 0], [0, 0, 0, 0, 0, 0, 0, 0, 0, 1, 0, 0, 0, 0, 0, 0, 0, 0, 0, 0, 0, 0], [0, 0, 0, 0, 0, 0, 0, 0, 0, 0, 1, 0, 0, 0, 0, 0, 0, 0, 0, 0, 0, 0], [0, 0, 0, 0, 0, 0, 0, 0, 0, 0, 0, 1, 0, 0, 0, 0, 0, 0, 0, 0, 0, 0], [0, 0, 0, 0, 0, 0, 0, 0, 0, 0, 0, 0, 1, 0, 0, 0, 0, 0, 0, 0, 0, 0], [0, 0, 0, 0, 0, 0, 0, 0, 0, 0, 0, 0, 0, 1, 0, 0, 0, 0, 0, 0, 0, 0], [0, 0, 0, 0, 0, 0, 0, 0, 0, 0, 0, 0, 0, 0, 1, 0, 0, 0, 0, 0, 0, 0], [0, 0, 0, 0, 0, 0, 0, 0, 0, 0, 0, 0, 0, 0, 0, 1, 0, 0, 0, 0, 0, 0], [0, 0, 0, 0, 0, 0, 0, 0, 0, 0, 0, 0, 0, 0, 0, 0, 1, 0, 0, 0, 0, 0], [0, 0, 0, 0, 0, 0, 0, 0, 0, 0, 0, 0, 0, 0, 0, 0, 0, 1, 0, 0, 0, 0], [0, 0, 0, 0, 0, 0, 0, 0, 0, 0, 0, 0, 0, 0, 0, 0, 0, 0, 1, 0, 0, 0], [0, 0, 0, 0, 0, 0, 0, 0, 0, 0, 0, 0, 0, 0, 0, 0, 0, 0, 0, 1, 0, 0], [0, 0, 0, 0, 0, 0, 0, 0, 0, 0, 0, 0, 0, 0, 0, 0, 0, 0, 0, 0, 1, 0], [0, 0, 0, 0, 0, 0, 0, 0, 0, 0, 0, 0, 0, 0, 0, 0, 0, 0, 0, 0, 0, 1]]
[[1, 0, 0, 0, 0, 0, 0, 0, 0, 0, 0, 0, 0, 0, 0, 0, 0, 0, 0, 0, 0, 0], [0, 1, 0, 0, 0, 0, 0, 0, 0, 0, 0, 0, 0, 0, 0, 0, 0, 0, 0, 0, 0, 0], [0, 0, 1, 0, 0, 0, 0, 0, 0, 0, 0, 0, 0, 0, 0, 0, 0, 0, 0, 0, 0, 0], [0, 0, 0, 1, 0, 0, 0, 0, 0, 0, 0, 0, 0, 0, 0, 0, 0, 0, 0, 0, 0, 0], [0, 0, 0, 0, 1, 0, 0, 0, 0, 0, 0, 0, 0, 0, 0, 0, 0, 0, 0, 0, 0, 0], [0, 0, 0, 0, 0, 1, 0, 0, 0, 0, 0, 0, 0, 0, 0, 0, 0, 0, 0, 0, 0, 0], [0, 0, 0, 0, 0, 0, 1, 0, 0, 0, 0, 0, 0, 0, 0, 0, 0, 0, 0, 0, 0, 0], [0, 0, 0, 0, 0, 0, 0, 1, 0, 0, 0, 0, 0, 0, 0, 0, 0, 0, 0, 0, 0, 0], [0, 0, 0, 0, 0, 0, 0, 0, 1, 0, 0, 0, 0, 0, 0, 0, 0, 0, 0, 0, 0, 0], [0, 0, 0, 0, 0, 0, 0, 0, 0, 1, 0, 0, 0, 0, 0, 0, 0, 0, 0, 0, 0, 0], [0, 0, 0, 0, 0, 0, 0, 0, 0, 0, 1, 0, 0, 0, 0, 0, 0, 0, 0, 0, 0, 0], [0, 0, 0, 0, 0, 0, 0, 0, 0, 0, 0, 1, 0, 0, 0, 0, 0, 0, 0, 0, 0, 0], [0, 0, 0, 0, 0, 0, 0, 0, 0, 0, 0, 0, 1, 0, 0, 0, 0, 0, 0, 0, 0, 0], [0, 0, 0, 0, 0, 0, 0, 0, 0, 0, 0, 0, 0, 1, 0, 0, 0, 0, 0, 0, 0, 0], [0, 0, 0, 0, 0, 0, 0, 0, 0, 0, 0, 0, 0, 0, 1, 0, 0, 0, 0, 0, 0, 0], [0, 0, 0, 0, 0, 0, 0, 0, 0, 0, 0, 0, 0, 0, 0, 1, 0, 0, 0, 0, 0, 0], [0, 0, 0, 0, 0, 0, 0, 0, 0, 0, 0, 0, 0, 0, 0, 0, 1, 0, 0, 0, 0, 0], [0, 0, 0, 0, 0, 0, 0, 0, 0, 0, 0, 0, 0, 0, 0, 0, 0, 1, 0, 0, 0, 0], [0, 0, 0, 0, 0, 0, 0, 0, 0, 0, 0, 0, 0, 0, 0, 0, 0, 0, 1, 0, 0, 0], [0, 0, 0, 0, 0, 0, 0, 0, 0, 0, 0, 0, 0, 0, 0, 0, 0, 0, 0, 1, 0, 0], [0, 0, 0, 0, 0, 0, 0, 0, 0, 0, 0, 0, 0, 0, 0, 0, 0, 0, 0, 0, 1, 0], [0, 0, 0, 0, 0, 0, 0, 0, 0, 0, 0, 0, 0, 0, 0, 0, 0, 0, 0, 0, 0, 1]]
[[0, 2, -1, -1, -2, 1, 2, 0, -1, -1, -1, 0, 0, 3, 3, 0, -3, 0, 1, 3, -1, -1], [-1, 3, -1, -1, -2, 1, 3, 0, -1, -1, -1, 0, 0, 4, 4, -1, -4, 0, 1, 3, -1, -1], [-1, 2, 0, -1, -2, 1, 2, 0, -1, -1, -1, 0, 0, 3, 3, 0, -3, 0, 1, 3, -1, -1], [0, -1, 1, 2, 2, -1, -2, 0, 1, 1, 1, 0, 1, -3, -2, 0, 3, 1, 0, -3, 1, 1], [1, -1, 0, 0, 1, 0, 0, 0, 0, 0, 0, 0, -1, 0, -1, 0, 0, -1, -1, 0, 0, 0], [1, -2, 1, 1, 2, 0, -2, 0, 1, 1, 1, 0, 0, -3, -3, 0, 3, 0, -1, -3, 1, 1], [0, 0, 0, 0, 0, 0, 0, 0, 0, 0, 0, 0, 0, -1, -1, 1, 1, 0, 0, 0, 0, 0], [0, 0, 0, 0, 0, 0, 0, 1, 0, 0, 0, 0, 0, 0, 0, 0, 0, 0, 0, 0, 0, 0], [1, -2, 0, 0, 1, -1, -2, 0, 1, 1, 0, 0, -1, -3, -3, 1, 3, -1, -1, -2, 1, 1], [0, 0, 0, 0, 0, 0, 0, 0, 0, 1, 0, 0, 0, 0, 0, 0, 0, 0, 0, 0, 0, 0], [-1, 2, -2, -2, -3, 1, 4, 0, -2, -1, -1, 0, -1, 5, 5, -1, -5, -1, 1, 4, -1, -1], [1, -2, 1, 1, 2, -1, -3, 0, 1, 1, 1, 1, 0, -4, -4, 1, 4, 0, -1, -3, 1, 1], [1, -2, 1, 1, 2, -1, -3, 0, 1, 1, 1, 0, 1, -4, -4, 1, 4, 0, -1, -3, 1, 1], [-1, 1, 0, 0, 0, 0, 0, 0, 0, 0, 0, 0, 1, 1, 1, 0, 0, 1, 1, 0, 0, 0], [1, -1, 0, 0, 0, 0, 0, 0, 0, 0, 0, 0, -1, 0, 0, 0, 0, -1, -1, 0, 0, 0], [0, 0, 0, 0, 0, 0, 1, 0, 0, 0, 0, 0, 0, 1, 1, 0, -1, 0, 0, 0, 0, 0], [0, 0, 0, 0, 0, 0, 0, 0, 0, 0, 0, 0, 0, 0, 0, 0, 1, 0, 0, 0, 0, 0], [0, 0, 0, 0, 0, 0, 0, 0, 0, 0, 0, 0, 0, 0, 0, 0, 0, 1, 0, 0, 0, 0], [0, 1, -1, -1, -2, 1, 2, 0, -1, -1, -1, 0, -1, 3, 2, 0, -3, -1, 1, 3, -1, -1], [1, -2, 1, 1, 2, -1, -2, 0, 1, 1, 1, 0, 0, -3, -3, 0, 3, 0, -1, -2, 1, 1], [0, 0, 1, 1, 1, 0, -1, 0, 1, 0, 1, 0, 1, -1, -1, 0, 1, 1, 0, -1, 1, 0], [0, 0, 1, 1, 1, 0, -1, 0, 1, 0, 1, 0, 1, -1, -1, 0, 1, 1, 0, -1, 0, 1]]
[[1, 0, 0, 0, 0, 0, 0, 0, 0, 0, 0, 0, 0, 0, 0, 0, 0, 0, 0, 0, 0, 0], [0, 1, 0, 0, 0, 0, 0, 0, 0, 0, 0, 0, 0, 0, 0, 0, 0, 0, 0, 0, 0, 0], [0, 0, 1, 0, 0, 0, 0, 0, 0, 0, 0, 0, 0, 0, 0, 0, 0, 0, 0, 0, 0, 0], [0, 0, 0, 1, 0, 0, 0, 0, 0, 0, 0, 0, 0, 0, 0, 0, 0, 0, 0, 0, 0, 0], [0, 0, 0, 0, 1, 0, 0, 0, 0, 0, 0, 0, 0, 0, 0, 0, 0, 0, 0, 0, 0, 0], [0, 0, 0, 0, 0, 1, 0, 0, 0, 0, 0, 0, 0, 0, 0, 0, 0, 0, 0, 0, 0, 0], [0, 0, 0, 0, 0, 0, 1, 0, 0, 0, 0, 0, 0, 0, 0, 0, 0, 0, 0, 0, 0, 0], [0, 0, 0, 0, 0, 0, 0, 1, 0, 0, 0, 0, 0, 0, 0, 0, 0, 0, 0, 0, 0, 0], [0, 0, 0, 0, 0, 0, 0, 0, 1, 0, 0, 0, 0, 0, 0, 0, 0, 0, 0, 0, 0, 0], [0, 0, 0, 0, 0, 0, 0, 0, 0, 1, 0, 0, 0, 0, 0, 0, 0, 0, 0, 0, 0, 0], [0, 0, 0, 0, 0, 0, 0, 0, 0, 0, 1, 0, 0, 0, 0, 0, 0, 0, 0, 0, 0, 0], [0, 0, 0, 0, 0, 0, 0, 0, 0, 0, 0, 1, 0, 0, 0, 0, 0, 0, 0, 0, 0, 0], [0, 0, 0, 0, 0, 0, 0, 0, 0, 0, 0, 0, 1, 0, 0, 0, 0, 0, 0, 0, 0, 0], [0, 0, 0, 0, 0, 0, 0, 0, 0, 0, 0, 0, 0, 1, 0, 0, 0, 0, 0, 0, 0, 0], [0, 0, 0, 0, 0, 0, 0, 0, 0, 0, 0, 0, 0, 0, 1, 0, 0, 0, 0, 0, 0, 0], [0, 0, 0, 0, 0, 0, 0, 0, 0, 0, 0, 0, 0, 0, 0, 1, 0, 0, 0, 0, 0, 0], [0, 0, 0, 0, 0, 0, 0, 0, 0, 0, 0, 0, 0, 0, 0, 0, 1, 0, 0, 0, 0, 0], [0, 0, 0, 0, 0, 0, 0, 0, 0, 0, 0, 0, 0, 0, 0, 0, 0, 1, 0, 0, 0, 0], [0, 0, 0, 0, 0, 0, 0, 0, 0, 0, 0, 0, 0, 0, 0, 0, 0, 0, 1, 0, 0, 0], [0, 0, 0, 0, 0, 0, 0, 0, 0, 0, 0, 0, 0, 0, 0, 0, 0, 0, 0, 1, 0, 0], [0, 0, 0, 0, 0, 0, 0, 0, 0, 0, 0, 0, 0, 0, 0, 0, 0, 0, 0, 0, 1, 0], [0, 0, 0, 0, 0, 0, 0, 0, 0, 0, 0, 0, 0, 0, 0, 0, 0, 0, 0, 0, 0, 1]]
[[1, 0, 0, 0, 0, 0, 0, 0, 0, 0, 0, 0, 0, 0, 0, 0, 0, 0, 0, 0, 0, 0], [0, 1, 0, 0, 0, 0, 0, 0, 0, 0, 0, 0, 0, 0, 0, 0, 0, 0, 0, 0, 0, 0], [0, 0, 1, 0, 0, 0, 0, 0, 0, 0, 0, 0, 0, 0, 0, 0, 0, 0, 0, 0, 0, 0], [0, 0, 0, 1, 0, 0, 0, 0, 0, 0, 0, 0, 0, 0, 0, 0, 0, 0, 0, 0, 0, 0], [0, 0, 0, 0, 1, 0, 0, 0, 0, 0, 0, 0, 0, 0, 0, 0, 0, 0, 0, 0, 0, 0], [0, 0, 0, 0, 0, 1, 0, 0, 0, 0, 0, 0, 0, 0, 0, 0, 0, 0, 0, 0, 0, 0], [0, 0, 0, 0, 0, 0, 1, 0, 0, 0, 0, 0, 0, 0, 0, 0, 0, 0, 0, 0, 0, 0], [0, 0, 0, 0, 0, 0, 0, 1, 0, 0, 0, 0, 0, 0, 0, 0, 0, 0, 0, 0, 0, 0], [0, 0, 0, 0, 0, 0, 0, 0, 1, 0, 0, 0, 0, 0, 0, 0, 0, 0, 0, 0, 0, 0], [0, 0, 0, 0, 0, 0, 0, 0, 0, 1, 0, 0, 0, 0, 0, 0, 0, 0, 0, 0, 0, 0], [0, 0, 0, 0, 0, 0, 0, 0, 0, 0, 1, 0, 0, 0, 0, 0, 0, 0, 0, 0, 0, 0], [0, 0, 0, 0, 0, 0, 0, 0, 0, 0, 0, 1, 0, 0, 0, 0, 0, 0, 0, 0, 0, 0], [0, 0, 0, 0, 0, 0, 0, 0, 0, 0, 0, 0, 1, 0, 0, 0, 0, 0, 0, 0, 0, 0], [0, 0, 0, 0, 0, 0, 0, 0, 0, 0, 0, 0, 0, 1, 0, 0, 0, 0, 0, 0, 0, 0], [0, 0, 0, 0, 0, 0, 0, 0, 0, 0, 0, 0, 0, 0, 1, 0, 0, 0, 0, 0, 0, 0], [0, 0, 0, 0, 0, 0, 0, 0, 0, 0, 0, 0, 0, 0, 0, 1, 0, 0, 0, 0, 0, 0], [0, 0, 0, 0, 0, 0, 0, 0, 0, 0, 0, 0, 0, 0, 0, 0, 1, 0, 0, 0, 0, 0], [0, 0, 0, 0, 0, 0, 0, 0, 0, 0, 0, 0, 0, 0, 0, 0, 0, 1, 0, 0, 0, 0], [0, 0, 0, 0, 0, 0, 0, 0, 0, 0, 0, 0, 0, 0, 0, 0, 0, 0, 1, 0, 0, 0], [0, 0, 0, 0, 0, 0, 0, 0, 0, 0, 0, 0, 0, 0, 0, 0, 0, 0, 0, 1, 0, 0], [0, 0, 0, 0, 0, 0, 0, 0, 0, 0, 0, 0, 0, 0, 0, 0, 0, 0, 0, 0, 1, 0], [0, 0, 0, 0, 0, 0, 0, 0, 0, 0, 0, 0, 0, 0, 0, 0, 0, 0, 0, 0, 0, 1]]
[[1, 0, 0, 0, 0, 0, 0, 0, 0, 0, 0, 0, 0, 0, 0, 0, 0, 0, 0, 0, 0, 0], [0, 1, 0, 0, 0, 0, 0, 0, 0, 0, 0, 0, 0, 0, 0, 0, 0, 0, 0, 0, 0, 0], [0, 0, 1, 0, 0, 0, 0, 0, 0, 0, 0, 0, 0, 0, 0, 0, 0, 0, 0, 0, 0, 0], [0, 0, 0, 1, 0, 0, 0, 0, 0, 0, 0, 0, 0, 0, 0, 0, 0, 0, 0, 0, 0, 0], [0, 0, 0, 0, 1, 0, 0, 0, 0, 0, 0, 0, 0, 0, 0, 0, 0, 0, 0, 0, 0, 0], [0, 0, 0, 0, 0, 1, 0, 0, 0, 0, 0, 0, 0, 0, 0, 0, 0, 0, 0, 0, 0, 0], [0, 0, 0, 0, 0, 0, 1, 0, 0, 0, 0, 0, 0, 0, 0, 0, 0, 0, 0, 0, 0, 0], [0, 0, 0, 0, 0, 0, 0, 1, 0, 0, 0, 0, 0, 0, 0, 0, 0, 0, 0, 0, 0, 0], [0, 0, 0, 0, 0, 0, 0, 0, 1, 0, 0, 0, 0, 0, 0, 0, 0, 0, 0, 0, 0, 0], [0, 0, 0, 0, 0, 0, 0, 0, 0, 1, 0, 0, 0, 0, 0, 0, 0, 0, 0, 0, 0, 0], [0, 0, 0, 0, 0, 0, 0, 0, 0, 0, 1, 0, 0, 0, 0, 0, 0, 0, 0, 0, 0, 0], [0, 0, 0, 0, 0, 0, 0, 0, 0, 0, 0, 1, 0, 0, 0, 0, 0, 0, 0, 0, 0, 0], [0, 0, 0, 0, 0, 0, 0, 0, 0, 0, 0, 0, 1, 0, 0, 0, 0, 0, 0, 0, 0, 0], [0, 0, 0, 0, 0, 0, 0, 0, 0, 0, 0, 0, 0, 1, 0, 0, 0, 0, 0, 0, 0, 0], [0, 0, 0, 0, 0, 0, 0, 0, 0, 0, 0, 0, 0, 0, 1, 0, 0, 0, 0, 0, 0, 0], [0, 0, 0, 0, 0, 0, 0, 0, 0, 0, 0, 0, 0, 0, 0, 1, 0, 0, 0, 0, 0, 0], [0, 0, 0, 0, 0, 0, 0, 0, 0, 0, 0, 0, 0, 0, 0, 0, 1, 0, 0, 0, 0, 0], [0, 0, 0, 0, 0, 0, 0, 0, 0, 0, 0, 0, 0, 0, 0, 0, 0, 1, 0, 0, 0, 0], [0, 0, 0, 0, 0, 0, 0, 0, 0, 0, 0, 0, 0, 0, 0, 0, 0, 0, 1, 0, 0, 0], [0, 0, 0, 0, 0, 0, 0, 0, 0, 0, 0, 0, 0, 0, 0, 0, 0, 0, 0, 1, 0, 0], [0, 0, 0, 0, 0, 0, 0, 0, 0, 0, 0, 0, 0, 0, 0, 0, 0, 0, 0, 0, 1, 0], [0, 0, 0, 0, 0, 0, 0, 0, 0, 0, 0, 0, 0, 0, 0, 0, 0, 0, 0, 0, 0, 1]]
[[1, 0, 0, 0, 0, 0, 0, 0, 0, 0, 0, 0, 0, 0, 0, 0, 0, 0, 0, 0, 0, 0], [0, 1, 0, 0, 0, 0, 0, -1, 0, 0, 0, 0, 0, 0, 0, 0, 0, 0, 0, 0, -1, 1], [0, 0, 1, 0, 0, 0, 0, -1, 0, 0, 0, 0, 0, 0, 0, 0, 0, 0, 0, 0, -1, 1], [0, 0, 0, 1, 0, 0, 0, 0, 0, 0, 0, 0, 0, 0, 0, 0, 0, 0, 0, 0, 0, 0], [0, 0, 0, 0, 1, 0, 0, 1, 0, 0, 0, 0, 0, 0, 0, 0, 0, 0, 0, 0, 1, -1], [0, 0, 0, 0, 0, 1, 0, 0, 0, 0, 0, 0, 0, 0, 0, 0, 0, 0, 0, 0, 0, 0], [0, 0, 0, 0, 0, 0, 1, 0, 0, 0, 0, 0, 0, 0, 0, 0, 0, 0, 0, 0, 0, 0], [0, 0, 0, 0, 0, 0, 0, 0, 0, 0, 0, 0, 0, 0, 0, 0, 0, 0, 0, 0, -1, 1], [0, 0, 0, 0, 0, 0, 0, 0, 1, 0, 0, 0, 0, 0, 0, 0, 0, 0, 0, 0, 0, 0], [0, 0, 0, 0, 0, 0, 0, 0, 0, 1, 0, 0, 0, 0, 0, 0, 0, 0, 0, 0, 0, 0], [0, 0, 0, 0, 0, 0, 0, 1, 0, 0, 1, 0, 0, 0, 0, 0, 0, 0, 0, 0, 1, -1], [0, 0, 0, 0, 0, 0, 0, 0, 0, 0, 0, 1, 0, 0, 0, 0, 0, 0, 0, 0, 0, 0], [0, 0, 0, 0, 0, 0, 0, -1, 0, 0, 0, 0, 1, 0, 0, 0, 0, 0, 0, 0, -1, 1], [0, 0, 0, 0, 0, 0, 0, 0, 0, 0, 0, 0, 0, 1, 0, 0, 0, 0, 0, 0, 0, 0], [0, 0, 0, 0, 0, 0, 0, 1, 0, 0, 0, 0, 0, 0, 1, 0, 0, 0, 0, 0, 1, -1], [0, 0, 0, 0, 0, 0, 0, 1, 0, 0, 0, 0, 0, 0, 0, 1, 0, 0, 0, 0, 1, -1], [0, 0, 0, 0, 0, 0, 0, 0, 0, 0, 0, 0, 0, 0, 0, 0, 1, 0, 0, 0, 0, 0], [0, 0, 0, 0, 0, 0, 0, 1, 0, 0, 0, 0, 0, 0, 0, 0, 0, 1, 0, 0, 1, -1], [0, 0, 0, 0, 0, 0, 0, 0, 0, 0, 0, 0, 0, 0, 0, 0, 0, 0, 1, 0, 0, 0], [0, 0, 0, 0, 0, 0, 0, 0, 0, 0, 0, 0, 0, 0, 0, 0, 0, 0, 0, 1, 0, 0], [0, 0, 0, 0, 0, 0, 0, -1, 0, 0, 0, 0, 0, 0, 0, 0, 0, 0, 0, 0, 0, 1], [0, 0, 0, 0, 0, 0, 0, 0, 0, 0, 0, 0, 0, 0, 0, 0, 0, 0, 0, 0, 0, 1]]
[[0, 0, 0, 0, 0, -1, 0, 0, 0, 0, 0, 0, 0, 0, 0, 0, 0, 0, 0, 0, 1, -1], [-1, 0, 1, 0, 0, -1, -1, -1, 0, 1, 0, 1, 0, -1, -1, 1, 1, 0, 0, -1, 0, 0], [0, 0, 1, 0, 0, 0, 0, 0, 0, 0, 0, 0, 0, 0, 0, 0, 0, 0, 0, 0, 0, 0], [1, 0, 0, 1, 0, 1, 0, 0, 0, 0, 0, 0, 0, 0, 0, 0, 0, 0, 0, 0, -1, 1], [0, -1, -1, -1, 1, -1, 0, 1, 0, 0, 0, -2, 0, 0, 0, -1, 0, -1, -1, 1, 0, 0], [0, -2, 0, -1, 0, 0, -1, 0, 0, 1, 0, -1, 0, -1, -1, 0, 1, -1, -1, 0, -1, 1], [0, 1, 1, 1, 0, 1, 1, -1, 0, 0, 0, 2, 0, 0, 0, 1, 0, 1, 1, -1, 0, 0], [0, 1, 1, 1, 0, 1, 0, -1, 0, 0, 0, 2, 0, -1, -1, 1, 1, 2, 1, -1, 0, 0], [0, 1, 1, 1, 0, 1, 0, -2, 1, 0, 0, 2, 0, -1, -1, 1, 1, 2, 1, -1, 0, 0], [0, 0, 0, 0, 0, 0, 0, 0, 0, 1, 0, 0, 0, 0, 0, 0, 0, 0, 0, 0, 0, 0], [-1, 1, -1, 0, 0, -1, 1, 2, 0, -1, 1, -1, 0, 2, 2, -1, -2, -1, 0, 1, 2, -2], [1, 0, 0, 0, 0, 1, 0, -1, 0, 0, 0, 1, 0, -1, -1, 0, 1, 1, 0, 0, -1, 1], [1, -1, 1, 0, 0, 1, -1, -2, 0, 1, 0, 1, 1, -2, -2, 1, 2, 1, 0, -1, -2, 2], [0, 0, 0, 0, 0, 0, 0, 0, 0, 0, 0, 0, 0, 1, 0, 0, 0, 0, 0, 0, 0, 0], [0, 1, -1, 0, 0, 0, 1, 1, 0, -1, 0, -1, 0, 1, 2, -1, -1, 0, 0, 1, 1, -1], [0, 1, -1, 0, 0, 0, 1, 1, 0, -1, 0, -1, 0, 1, 1, 0, -1, 0, 0, 1, 1, -1], [0, 1, 1, 1, 0, 1, 0, -1, 0, 0, 0, 2, 0, 0, 0, 1, 1, 1, 1, -1, 0, 0], [0, 1, -1, 0, 0, 0, 1, 2, 0, -1, 0, -1, 0, 2, 2, -1, -2, 0, 0, 1, 1, -1], [-1, 0, 0, 0, 0, -1, 0, 0, 0, 0, 0, 0, 0, 0, 0, 0, 0, 0, 1, 0, 1, -1], [1, 0, 0, 0, 0, 1, 0, 0, 0, 0, 0, 0, 0, 0, 0, 0, 0, 0, 0, 1, -1, 1], [1, -2, 0, -1, 0, 0, -1, 0, 0, 1, 0, -1, 0, -1, -1, 0, 1, -1, -1, 0, -1, 2], [0, 0, 0, 0, 0, 0, 0, 0, 0, 0, 0, 0, 0, 0, 0, 0, 0, 0, 0, 0, 0, 1]]
[[-3, 4, -2, 0, -1, -4, 1, 0, 0, -2, -1, -2, 2, 4, 6, -3, -6, -2, 0, 2, 1, -1], [-3, 3, -1, 0, -1, -3, 0, 0, 0, -1, -1, -1, 1, 3, 4, -1, -4, -2, 0, 1, 1, -1], [-3, 5, -1, 0, -2, -3, 1, 0, 0, -2, -2, -2, 2, 4, 6, -2, -6, -1, 0, 3, 0, -2], [1, -1, 1, 1, 1, 1, 0, 0, 0, 1, 1, 1, 0, -2, -2, 0, 2, 1, 0, -1, -1, 1], [1, -2, 0, 0, 1, 1, -1, 0, 1, 0, 1, 0, -1, -1, -2, 0, 2, 0, 0, -1, 0, 1], [2, -3, 2, 0, 1, 3, -1, 0, 0, 2, 1, 2, -1, -3, -4, 2, 4, 1, 0, -2, -1, 1], [3, -5, 1, 0, 1, 3, -1, 0, 0, 1, 1, 1, -2, -4, -6, 4, 6, 1, 0, -3, 1, 1], [3, -3, 2, 1, 1, 4, -1, 0, 0, 1, 1, 3, -2, -4, -6, 4, 6, 3, 1, -3, 1, 0], [5, -8, 2, 0, 3, 5, -2, 0, 0, 2, 2, 2, -3, -7, -10, 5, 10, 2, 0, -5, 1, 2], [-2, 1, -1, 0, 0, -2, 0, 0, 0, 0, 0, -1, 1, 1, 2, -2, -2, -1, 0, 0, 0, 0], [-6, 7, -4, -1, -2, -7, 3, 1, -1, -3, -2, -5, 3, 9, 12, -7, -12, -5, -1, 6, 0, -2], [6, -7, 2, 0, 2, 6, -2, 0, 0, 2, 2, 3, -3, -7, -10, 5, 10, 3, 0, -4, 0, 2], [6, -7, 3, 0, 2, 6, -2, 0, 0, 3, 2, 3, -2, -7, -10, 6, 10, 3, 0, -4, 0, 2], [0, 1, 0, 0, 0, 0, 0, 0, 0, 0, 0, 0, 1, 0, 0, 1, 0, 1, 0, 0, 0, 0], [-1, 1, -1, 0, 0, -1, 1, 0, 0, -1, 0, -1, 0, 2, 3, -3, -2, -1, 0, 1, 0, 0], [-1, 1, -1, 0, 0, -1, 1, 0, 0, -1, 0, -1, 0, 2, 2, -2, -2, -1, 0, 1, 0, 0], [2, -3, 1, 0, 1, 2, -1, 0, 0, 1, 1, 1, -1, -3, -4, 3, 5, 1, 0, -2, 1, 1], [-2, 3, -1, 0, -1, -2, 1, 0, 0, -1, -1, -1, 1, 3, 4, -3, -4, 0, 0, 2, -1, -1], [-2, 3, -1, 0, -1, -2, 1, 0, 0, -1, -1, -1, 1, 3, 4, -1, -4, -1, 1, 2, 1, -1], [2, -3, 1, 0, 1, 2, -1, 0, 0, 1, 1, 1, -1, -3, -4, 1, 4, 1, 0, -1, -1, 1], [1, -1, 1, 0, 0, 1, -1, 0, 0, 1, 0, 1, 0, -2, -2, 1, 2, 1, 0, -1, -1, 0], [0, 2, 1, 1, -1, 1, 0, -1, 0, 0, -1, 2, 0, 0, 0, 1, 0, 2, 1, 0, -1, -1]]
[[1, 0, 0, 0, 0, 0, 0, 0, 0, 0, 0, 0, 0, 0, 0, 0, 0, 0, 0, 0, 0, 0], [0, 1, 0, 0, 0, 0, 0, 0, 0, 0, 0, 0, 0, 0, 0, 0, 0, 0, 0, 0, 0, 0], [0, 0, 1, 0, 0, 0, 0, 0, 0, 0, 0, 0, 0, 0, 0, 0, 0, 0, 0, 0, 0, 0], [0, 0, 0, 1, 0, 0, 0, 0, 0, 0, 0, 0, 0, 0, 0, 0, 0, 0, 0, 0, 0, 0], [0, 0, 0, 0, 1, 0, 0, 0, 0, 0, 0, 0, 0, 0, 0, 0, 0, 0, 0, 0, 0, 0], [0, 0, 0, 0, 0, 1, 0, 0, 0, 0, 0, 0, 0, 0, 0, 0, 0, 0, 0, 0, 0, 0], [0, 0, 0, 0, 0, 0, 1, 0, 0, 0, 0, 0, 0, 0, 0, 0, 0, 0, 0, 0, 0, 0], [0, 0, 0, 0, 0, 0, 0, 1, 0, 0, 0, 0, 0, 0, 0, 0, 0, 0, 0, 0, 0, 0], [0, 0, 0, 0, 0, 0, 0, 0, 1, 0, 0, 0, 0, 0, 0, 0, 0, 0, 0, 0, 0, 0], [0, 0, 0, 0, 0, 0, 0, 0, 0, 1, 0, 0, 0, 0, 0, 0, 0, 0, 0, 0, 0, 0], [0, 0, 0, 0, 0, 0, 0, 0, 0, 0, 1, 0, 0, 0, 0, 0, 0, 0, 0, 0, 0, 0], [0, 0, 0, 0, 0, 0, 0, 0, 0, 0, 0, 1, 0, 0, 0, 0, 0, 0, 0, 0, 0, 0], [0, 0, 0, 0, 0, 0, 0, 0, 0, 0, 0, 0, 1, 0, 0, 0, 0, 0, 0, 0, 0, 0], [0, 0, 0, 0, 0, 0, 0, 0, 0, 0, 0, 0, 0, 1, 0, 0, 0, 0, 0, 0, 0, 0], [0, 0, 0, 0, 0, 0, 0, 0, 0, 0, 0, 0, 0, 0, 1, 0, 0, 0, 0, 0, 0, 0], [0, 0, 0, 0, 0, 0, 0, 0, 0, 0, 0, 0, 0, 0, 0, 1, 0, 0, 0, 0, 0, 0], [0, 0, 0, 0, 0, 0, 0, 0, 0, 0, 0, 0, 0, 0, 0, 0, 1, 0, 0, 0, 0, 0], [0, 0, 0, 0, 0, 0, 0, 0, 0, 0, 0, 0, 0, 0, 0, 0, 0, 1, 0, 0, 0, 0], [0, 0, 0, 0, 0, 0, 0, 0, 0, 0, 0, 0, 0, 0, 0, 0, 0, 0, 1, 0, 0, 0], [0, 0, 0, 0, 0, 0, 0, 0, 0, 0, 0, 0, 0, 0, 0, 0, 0, 0, 0, 1, 0, 0], [0, 0, 0, 0, 0, 0, 0, 0, 0, 0, 0, 0, 0, 0, 0, 0, 0, 0, 0, 0, 1, 0], [0, 0, 0, 0, 0, 0, 0, 0, 0, 0, 0, 0, 0, 0, 0, 0, 0, 0, 0, 0, 0, 1]]
[[1, 0, 0, 0, 0, 0, 0, 0, 0, 0, 0, 0, 0, 0, 0, 0, 0, 0, 0, 0, 0, 0], [0, 1, 0, 0, 0, 0, 0, 0, 0, 0, 0, 0, 0, 0, 0, 0, 0, 0, 0, 0, 0, 0], [0, 0, 1, 0, 0, 0, 0, 0, 0, 0, 0, 0, 0, 0, 0, 0, 0, 0, 0, 0, 0, 0], [0, 0, 0, 1, 0, 0, 0, 0, 0, 0, 0, 0, 0, 0, 0, 0, 0, 0, 0, 0, 0, 0], [0, 0, 0, 0, 1, 0, 0, 0, 0, 0, 0, 0, 0, 0, 0, 0, 0, 0, 0, 0, 0, 0], [0, 0, 0, 0, 0, 1, 0, 0, 0, 0, 0, 0, 0, 0, 0, 0, 0, 0, 0, 0, 0, 0], [0, 0, 0, 0, 0, 0, 1, 0, 0, 0, 0, 0, 0, 0, 0, 0, 0, 0, 0, 0, 0, 0], [0, 0, 0, 0, 0, 0, 0, 1, 0, 0, 0, 0, 0, 0, 0, 0, 0, 0, 0, 0, 0, 0], [0, 0, 0, 0, 0, 0, 0, 0, 1, 0, 0, 0, 0, 0, 0, 0, 0, 0, 0, 0, 0, 0], [0, 0, 0, 0, 0, 0, 0, 0, 0, 1, 0, 0, 0, 0, 0, 0, 0, 0, 0, 0, 0, 0], [0, 0, 0, 0, 0, 0, 0, 0, 0, 0, 1, 0, 0, 0, 0, 0, 0, 0, 0, 0, 0, 0], [0, 0, 0, 0, 0, 0, 0, 0, 0, 0, 0, 1, 0, 0, 0, 0, 0, 0, 0, 0, 0, 0], [0, 0, 0, 0, 0, 0, 0, 0, 0, 0, 0, 0, 1, 0, 0, 0, 0, 0, 0, 0, 0, 0], [0, 0, 0, 0, 0, 0, 0, 0, 0, 0, 0, 0, 0, 1, 0, 0, 0, 0, 0, 0, 0, 0], [0, 0, 0, 0, 0, 0, 0, 0, 0, 0, 0, 0, 0, 0, 1, 0, 0, 0, 0, 0, 0, 0], [0, 0, 0, 0, 0, 0, 0, 0, 0, 0, 0, 0, 0, 0, 0, 1, 0, 0, 0, 0, 0, 0], [0, 0, 0, 0, 0, 0, 0, 0, 0, 0, 0, 0, 0, 0, 0, 0, 1, 0, 0, 0, 0, 0], [0, 0, 0, 0, 0, 0, 0, 0, 0, 0, 0, 0, 0, 0, 0, 0, 0, 1, 0, 0, 0, 0], [0, 0, 0, 0, 0, 0, 0, 0, 0, 0, 0, 0, 0, 0, 0, 0, 0, 0, 1, 0, 0, 0], [0, 0, 0, 0, 0, 0, 0, 0, 0, 0, 0, 0, 0, 0, 0, 0, 0, 0, 0, 1, 0, 0], [0, 0, 0, 0, 0, 0, 0, 0, 0, 0, 0, 0, 0, 0, 0, 0, 0, 0, 0, 0, 1, 0], [0, 0, 0, 0, 0, 0, 0, 0, 0, 0, 0, 0, 0, 0, 0, 0, 0, 0, 0, 0, 0, 1]]
[[0, 0, 0, 0, 0, -1, 0, 0, 0, 0, 0, 0, 0, 0, 0, 0, -1, -1, 0, 0, 0, 0], [0, 1, 1, 1, 0, 1, 0, 0, 0, 1, 0, 1, 0, 0, 0, 1, 1, 1, 1, -1, 1, -1], [0, 0, 1, 0, 0, 0, 0, 0, 0, 0, 0, 0, 0, 0, 0, 0, 0, 0, 0, 0, 1, -1], [0, 0, -1, 0, 0, -1, 0, 0, 0, -1, 0, -1, 0, 0, 0, -1, -1, -1, -1, 1, -1, 1], [0, 0, 0, 0, 1, 0, 0, 0, 0, 0, 0, 0, 0, 0, 0, 0, 0, 0, 0, 0, -1, 1], [0, 0, 0, 0, 0, 1, 0, 0, 0, 0, 0, 0, 0, 0, 0, 0, 0, 0, 0, 0, -1, 1], [1, 0, 1, 1, 0, 2, 1, 0, 0, 1, 0, 1, 0, 0, 0, 1, 2, 2, 1, -1, 1, -1], [1, 0, 1, 1, 0, 3, 1, 1, -1, 1, 1, 2, 0, 0, 0, 1, 2, 2, 1, -1, 1, -1], [1, 0, 1, 1, 0, 3, 1, 0, 0, 1, 1, 2, 0, 0, 0, 1, 2, 2, 1, -1, 0, 0], [0, 0, -1, -1, 0, -1, 0, 0, 0, 0, 0, -1, 0, 0, 0, -1, -1, -1, -1, 1, -1, 1], [-1, 0, -1, -1, 0, -3, -1, 0, 1, -1, 0, -2, 0, 0, 0, -1, -2, -2, -1, 1, 0, 0], [1, 0, 1, 1, 0, 2, 0, 0, 0, 1, 0, 2, 0, 0, 0, 1, 2, 2, 1, -1, 0, 0], [1, 0, 1, 1, 0, 2, 0, 0, 0, 1, 0, 1, 1, 0, 0, 1, 2, 2, 1, -1, 0, 0], [0, 0, 0, 0, 0, 0, 0, 0, 0, 0, 0, 0, 0, 1, 0, 0, 0, 0, 0, 0, 1, -1], [-1, 0, -1, -1, 0, -2, 0, 0, 0, -1, 0, -1, 0, 0, 1, -1, -2, -2, -1, 1, -1, 1], [0, 0, -1, -1, 0, -1, 0, 0, 0, -1, 0, -1, 0, 0, 0, 0, -1, -1, -1, 1, 0, 0], [0, 0, 1, 1, 0, 1, 0, 0, 0, 1, 0, 1, 0, 0, 0, 1, 2, 1, 1, -1, 1, -1], [-1, 0, -1, -1, 0, -2, 0, 0, 0, -1, 0, -1, 0, 0, 0, -1, -2, -1, -1, 1, 0, 0], [0, 0, 0, 0, 0, 0, 0, 0, 0, 0, 0, 0, 0, 0, 0, 0, 0, 0, 1, 0, 0, 0], [0, 0, 0, 0, 0, 0, 0, 0, 0, 0, 0, 0, 0, 0, 0, 0, 0, 0, 0, 1, -1, 1], [0, 0, 0, 0, 0, 0, 0, 0, 0, 0, 0, 0, 0, 0, 0, 0, 0, 0, 0, 0, 0, 1], [0, 0, 0, 0, 0, 0, 0, 0, 0, 0, 0, 0, 0, 0, 0, 0, 0, 0, 0, 0, 1, 0]]
[[1, 0, 0, -1, -1, 0, 0, -1, 0, 0, -1, 0, 0, 0, 0, 0, -1, 0, 0, 1, -1, 0], [0, 1, 0, -2, -2, 0, 0, -2, 0, 0, -2, 0, 0, 0, 0, 0, -2, 0, 0, 2, -2, 0], [0, 0, 1, -1, -1, 0, 0, -1, 0, 0, -1, 0, 0, 0, 0, 0, -1, 0, 0, 1, -1, 0], [0, 0, 0, 1, 0, 0, 0, 0, 0, 0, 0, 0, 0, 0, 0, 0, 0, 0, 0, 0, 0, 0], [0, 0, 0, 1, 2, 0, 0, 1, 0, 0, 1, 0, 0, 0, 0, 0, 1, 0, 0, -1, 1, 0], [0, 0, 0, 1, 1, 1, 0, 1, 0, 0, 1, 0, 0, 0, 0, 0, 1, 0, 0, -1, 1, 0], [0, 0, 0, 0, 0, 0, 1, 0, 0, 0, 0, 0, 0, 0, 0, 0, 0, 0, 0, 0, 0, 0], [0, 0, 0, 0, 0, 0, 0, 1, 0, 0, 0, 0, 0, 0, 0, 0, 0, 0, 0, 0, 0, 0], [0, 0, 0, 1, 1, 0, 0, 1, 1, 0, 1, 0, 0, 0, 0, 0, 1, 0, 0, -1, 1, 0], [0, 0, 0, 0, 0, 0, 0, 0, 0, 1, 0, 0, 0, 0, 0, 0, 0, 0, 0, 0, 0, 0], [0, 0, 0, -1, -1, 0, 0, -1, 0, 0, 0, 0, 0, 0, 0, 0, -1, 0, 0, 1, -1, 0], [0, 0, 0, 1, 1, 0, 0, 1, 0, 0, 1, 1, 0, 0, 0, 0, 1, 0, 0, -1, 1, 0], [0, 0, 0, 0, 0, 0, 0, 0, 0, 0, 0, 0, 1, 0, 0, 0, 0, 0, 0, 0, 0, 0], [0, 0, 0, -1, -1, 0, 0, -1, 0, 0, -1, 0, 0, 1, 0, 0, -1, 0, 0, 1, -1, 0], [0, 0, 0, 1, 1, 0, 0, 1, 0, 0, 1, 0, 0, 0, 1, 0, 1, 0, 0, -1, 1, 0], [0, 0, 0, 0, 0, 0, 0, 0, 0, 0, 0, 0, 0, 0, 0, 1, 0, 0, 0, 0, 0, 0], [0, 0, 0, -1, -1, 0, 0, -1, 0, 0, -1, 0, 0, 0, 0, 0, 0, 0, 0, 1, -1, 0], [0, 0, 0, 1, 1, 0, 0, 1, 0, 0, 1, 0, 0, 0, 0, 0, 1, 1, 0, -1, 1, 0], [0, 0, 0, 0, 0, 0, 0, 0, 0, 0, 0, 0, 0, 0, 0, 0, 0, 0, 1, 0, 0, 0], [0, 0, 0, 1, 1, 0, 0, 1, 0, 0, 1, 0, 0, 0, 0, 0, 1, 0, 0, 0, 1, 0], [0, 0, 0, 0, 0, 0, 0, 0, 0, 0, 0, 0, 0, 0, 0, 0, 0, 0, 0, 0, 1, 0], [0, 0, 0, 0, 0, 0, 0, 0, 0, 0, 0, 0, 0, 0, 0, 0, 0, 0, 0, 0, 0, 1]]
[[1, 0, 0, 0, 0, 0, 0, 0, 0, 0, 0, 0, 0, 0, 0, 0, 0, 0, 0, 0, 0, 0], [0, 1, 0, 0, 0, 0, 0, 0, 0, 0, 0, 0, 0, 0, 0, 0, 0, 0, 0, 0, 0, 0], [0, 0, 1, 0, 0, 0, 0, 0, 0, 0, 0, 0, 0, 0, 0, 0, 0, 0, 0, 0, 0, 0], [0, 0, 0, 1, 0, 0, 0, 0, 0, 0, 0, 0, 0, 0, 0, 0, 0, 0, 0, 0, 0, 0], [0, 0, 0, 0, 1, 0, 0, 0, 0, 0, 0, 0, 0, 0, 0, 0, 0, 0, 0, 0, 0, 0], [0, 0, 0, 0, 0, 1, 0, 0, 0, 0, 0, 0, 0, 0, 0, 0, 0, 0, 0, 0, 0, 0], [0, 0, 0, 0, 0, 0, 1, 0, 0, 0, 0, 0, 0, 0, 0, 0, 0, 0, 0, 0, 0, 0], [0, 0, 0, 0, 0, 0, 0, 1, 0, 0, 0, 0, 0, 0, 0, 0, 0, 0, 0, 0, 0, 0], [0, 0, 0, 0, 0, 0, 0, 0, 1, 0, 0, 0, 0, 0, 0, 0, 0, 0, 0, 0, 0, 0], [0, 0, 0, 0, 0, 0, 0, 0, 0, 1, 0, 0, 0, 0, 0, 0, 0, 0, 0, 0, 0, 0], [0, 0, 0, 0, 0, 0, 0, 0, 0, 0, 1, 0, 0, 0, 0, 0, 0, 0, 0, 0, 0, 0], [0, 0, 0, 0, 0, 0, 0, 0, 0, 0, 0, 1, 0, 0, 0, 0, 0, 0, 0, 0, 0, 0], [0, 0, 0, 0, 0, 0, 0, 0, 0, 0, 0, 0, 1, 0, 0, 0, 0, 0, 0, 0, 0, 0], [0, 0, 0, 0, 0, 0, 0, 0, 0, 0, 0, 0, 0, 1, 0, 0, 0, 0, 0, 0, 0, 0], [0, 0, 0, 0, 0, 0, 0, 0, 0, 0, 0, 0, 0, 0, 1, 0, 0, 0, 0, 0, 0, 0], [0, 0, 0, 0, 0, 0, 0, 0, 0, 0, 0, 0, 0, 0, 0, 1, 0, 0, 0, 0, 0, 0], [0, 0, 0, 0, 0, 0, 0, 0, 0, 0, 0, 0, 0, 0, 0, 0, 1, 0, 0, 0, 0, 0], [0, 0, 0, 0, 0, 0, 0, 0, 0, 0, 0, 0, 0, 0, 0, 0, 0, 1, 0, 0, 0, 0], [0, 0, 0, 0, 0, 0, 0, 0, 0, 0, 0, 0, 0, 0, 0, 0, 0, 0, 1, 0, 0, 0], [0, 0, 0, 0, 0, 0, 0, 0, 0, 0, 0, 0, 0, 0, 0, 0, 0, 0, 0, 1, 0, 0], [0, 0, 0, 0, 0, 0, 0, 0, 0, 0, 0, 0, 0, 0, 0, 0, 0, 0, 0, 0, 1, 0], [0, 0, 0, 0, 0, 0, 0, 0, 0, 0, 0, 0, 0, 0, 0, 0, 0, 0, 0, 0, 0, 1]]
[[1, 0, 0, 0, 0, 0, 0, 0, 0, 0, 0, 0, 0, 0, 0, 0, 0, 0, 0, 0, 0, 0], [0, 1, 0, 0, 0, 0, 0, -2, 1, 0, -1, 0, 0, 0, 0, 0, 0, 0, 0, 0, -1, 1], [0, 0, 1, 0, 0, 0, 0, -2, 1, 0, -1, 0, 0, 0, 0, 0, 0, 0, 0, 0, -1, 1], [0, 0, 0, 1, 0, 0, 0, 0, 0, 0, 0, 0, 0, 0, 0, 0, 0, 0, 0, 0, 0, 0], [0, 0, 0, 0, 1, 0, 0, 2, -1, 0, 1, 0, 0, 0, 0, 0, 0, 0, 0, 0, 1, -1], [0, 0, 0, 0, 0, 1, 0, 0, 0, 0, 0, 0, 0, 0, 0, 0, 0, 0, 0, 0, 0, 0], [0, 0, 0, 0, 0, 0, 1, 0, 0, 0, 0, 0, 0, 0, 0, 0, 0, 0, 0, 0, 0, 0], [0, 0, 0, 0, 0, 0, 0, -1, 1, 0, -1, 0, 0, 0, 0, 0, 0, 0, 0, 0, -1, 1], [0, 0, 0, 0, 0, 0, 0, 1, 0, 0, 0, 0, 0, 0, 0, 0, 0, 0, 0, 0, 0, -1], [0, 0, 0, 0, 0, 0, 0, 1, -1, 1, 0, 0, 0, 0, 0, 0, 0, 0, 0, 0, 0, -1], [0, 0, 0, 0, 0, 0, 0, 1, -1, 0, 1, 0, 0, 0, 0, 0, 0, 0, 0, 0, 0, -1], [0, 0, 0, 0, 0, 0, 0, 0, 0, 0, 0, 1, 0, 0, 0, 0, 0, 0, 0, 0, 0, 0], [0, 0, 0, 0, 0, 0, 0, -1, 1, 0, 0, 0, 1, 0, 0, 0, 0, 0, 0, 0, 0, 1], [0, 0, 0, 0, 0, 0, 0, -1, 1, 0, 0, 0, 0, 1, 0, 0, 0, 0, 0, 0, 0, 1], [0, 0, 0, 0, 0, 0, 0, 3, -2, 0, 1, 0, 0, 0, 1, 0, 0, 0, 0, 0, 1, -2], [0, 0, 0, 0, 0, 0, 0, 1, -1, 0, 0, 0, 0, 0, 0, 1, 0, 0, 0, 0, 0, -1], [0, 0, 0, 0, 0, 0, 0, -1, 1, 0, 0, 0, 0, 0, 0, 0, 1, 0, 0, 0, 0, 1], [0, 0, 0, 0, 0, 0, 0, 1, -1, 0, 0, 0, 0, 0, 0, 0, 0, 1, 0, 0, 0, -1], [0, 0, 0, 0, 0, 0, 0, 1, 0, 0, 1, 0, 0, 0, 0, 0, 0, 0, 1, 0, 1, 0], [0, 0, 0, 0, 0, 0, 0, 1, -1, 0, 0, 0, 0, 0, 0, 0, 0, 0, 0, 1, 0, -1], [0, 0, 0, 0, 0, 0, 0, -1, 0, 0, -1, 0, 0, 0, 0, 0, 0, 0, 0, 0, 0, 0], [0, 0, 0, 0, 0, 0, 0, -1, 0, 0, -1, 0, 0, 0, 0, 0, 0, 0, 0, 0, -1, 1]]
[[1, 0, 1, 0, 0, 1, 0, 0, 0, 0, 0, 0, 0, 0, 0, 0, 0, 0, 0, 1, -1, 0], [1, 0, 1, -1, -1, 1, 0, -1, 0, 0, -1, 0, 0, -1, -1, 0, -1, 0, -1, 1, -2, 0], [0, 0, 1, 0, 0, 0, 0, 0, 0, 0, 0, 0, 0, 0, 0, 0, 0, 0, 0, 0, 0, 0], [0, 0, 0, 0, -1, 0, -1, -1, 0, 1, -1, 1, 0, -1, -1, 1, 1, 1, 1, 0, 0, 0], [0, 0, -1, 0, 1, -1, 0, 0, 0, 0, 0, 0, 0, 0, 0, 0, 0, 0, 0, -1, 1, 0], [0, 0, -1, 0, 0, 0, 0, 0, 0, 0, 0, 0, 0, 0, 0, 0, 0, 0, 0, -1, 1, 0], [0, 0, 1, 0, 0, 1, 1, 0, 0, 0, 0, 0, 0, 0, 0, 0, 0, 0, 0, 1, -1, 0], [0, 0, 0, 0, 0, 0, 0, 1, 0, 0, 0, 0, 0, 0, 0, 0, 0, 0, 0, 0, 0, 0], [0, 0, 0, 0, 0, 0, 0, 0, 1, 0, 0, 0, 0, 0, 0, 0, 0, 0, 0, 0, 0, 0], [0, 0, 0, 0, 0, 0, 0, 0, 0, 1, 0, 0, 0, 0, 0, 0, 0, 0, 0, 0, 0, 0], [0, 0, 0, 0, 0, 0, 0, 0, 0, 0, 1, 0, 0, 0, 0, 0, 0, 0, 0, 0, 0, 0], [0, 0, 0, 0, 0, 0, 0, 0, 0, 0, 0, 1, 0, 0, 0, 0, 0, 0, 0, 0, 0, 0], [0, 0, 1, 0, -1, 1, 0, -1, 0, 0, -1, 1, 0, -1, 0, 0, 0, 0, 0, 0, -1, 0], [0, 0, 1, 0, -1, 1, 0, -1, 0, 0, -1, 1, -1, 0, 0, 0, 0, 0, 0, 0, -1, 0], [0, 0, -1, 0, 1, -1, 0, 1, 0, 0, 1, -1, 1, 1, 1, 0, 0, 0, 0, 0, 1, 0], [0, 0, 0, 0, 0, 0, 0, 0, 0, 0, 0, 0, 0, 0, 0, 1, 0, 0, 0, 0, 0, 0], [1, -1, 1, -1, -1, 1, 0, -1, 0, 0, -1, 0, 0, -1, -1, 0, 0, 0, -1, 1, -2, 0], [-1, 1, -1, 1, 1, -1, 0, 1, 0, 0, 1, 0, 0, 1, 1, 0, 1, 1, 1, -1, 2, 0], [0, 0, 0, 1, 1, 0, 1, 1, 0, -1, 1, -1, 0, 1, 1, -1, -1, -1, 0, 0, 0, 0], [0, 0, -1, 0, 0, -1, 0, 0, 0, 0, 0, 0, 0, 0, 0, 0, 0, 0, 0, 0, 1, 0], [0, 0, 0, 0, 0, 0, 0, 0, 0, 0, 0, 0, 0, 0, 0, 0, 0, 0, 0, 0, 1, 0], [0, 0, 0, 0, 0, 0, 0, 0, 0, 0, 0, 0, 0, 0, 0, 0, 0, 0, 0, 0, 0, 1]]
[[-1, 3, 0, 1, 0, -1, -1, 0, 0, 0, 0, 1, 1, 0, 1, 0, 0, 2, 1, -1, 1, -1], [1, -2, 0, -2, 0, 0, -1, -2, 1, 0, -1, 0, -1, -1, -2, 1, 1, -1, -1, 0, -1, 1], [0, -2, 0, -2, 0, 0, -1, 0, 0, 1, 0, -1, 0, -1, -1, 0, 1, -1, -1, 0, -1, 1], [0, 0, 0, 1, 0, 0, 0, 0, 0, 0, 0, 0, 0, 0, 0, 0, 0, 0, 0, 0, 0, 0], [0, 1, 0, 1, 1, -1, 1, 2, -1, 0, 1, -1, 1, 1, 1, -1, -1, 0, 0, 1, 1, -1], [1, -2, 0, -1, 0, 0, 0, 0, 0, 0, 0, -1, 0, 0, -1, 0, 0, -1, -1, 1, 0, 0], [0, -1, 0, -1, 0, 1, 0, -2, 1, 0, -1, 1, -1, -1, -1, 1, 1, 0, 0, -1, -1, 1], [2, -4, 0, -2, 0, 2, 0, -3, 2, 0, -2, 0, -2, -2, -4, 2, 2, 0, 0, 0, -2, 2], [0, 0, 0, 0, 0, 0, 0, -2, 1, 0, -2, 1, -1, -1, -1, 1, 1, 1, 1, -1, 0, 0], [-1, 3, 1, 2, 0, -1, 0, 1, -1, 0, 0, 1, 1, 1, 2, 0, -1, 1, 1, 0, 1, -2], [-2, 4, 0, 2, 0, -2, 0, 2, -2, 0, 1, 1, 1, 1, 3, -1, -1, 1, 1, -1, 2, -2], [1, -1, 0, 0, 0, 2, 1, -2, 1, 0, -1, 1, -1, -1, -2, 1, 1, 1, 1, 0, -1, 1], [1, -2, 0, -1, 0, 2, 0, -3, 2, 0, -1, 1, -1, -1, -2, 1, 1, 0, 0, -1, -1, 2], [1, -2, 0, -1, 0, 2, 0, -1, 1, 0, 0, 0, -1, 0, -1, 1, 1, -1, 0, 0, -1, 2], [-2, 5, 0, 3, 0, -2, 1, 3, -2, 0, 1, 0, 2, 2, 4, -2, -2, 2, 1, 0, 2, -3], [0, 1, 0, 1, 0, 0, 1, 1, -1, 0, 0, 0, 0, 1, 1, 0, -1, 0, 0, 0, 0, -1], [1, -2, 0, -1, 0, 2, 0, -3, 2, 0, -1, 1, -2, -1, -2, 1, 2, 0, 0, -1, -1, 2], [0, 1, 0, 1, 0, 0, 1, 3, -2, 0, 1, -1, 1, 1, 2, -1, -1, 0, 0, 1, 0, -1], [-2, 3, 0, 1, 0, -2, -1, 1, 0, 0, 1, 1, 1, 1, 2, -1, -1, 1, 1, -1, 2, -1], [0, 1, 0, 1, 0, 0, 1, 1, -1, 0, 0, 0, 0, 1, 1, -1, -1, 0, 0, 1, 0, -1], [1, -2, 0, -1, 0, 1, 0, 0, 0, 0, 0, -1, 0, 0, -1, 0, 0, -1, -1, 1, -1, 0], [1, -2, 0, -1, 0, 1, 0, 0, 0, 0, 0, -1, 0, 0, -1, 0, 0, -1, -1, 1, -2, 1]]
[[1, 0, 0, 0, 0, 0, 0, 0, 0, 0, 0, 0, 0, 0, 0, 0, 0, 0, 0, 0, 0, 0], [0, 1, 0, 0, 0, 0, 0, 0, 0, 0, 0, 0, 0, 0, 0, 0, 0, 0, 0, 0, 0, 0], [0, 0, 1, 0, 0, 0, 0, 0, 0, 0, 0, 0, 0, 0, 0, 0, 0, 0, 0, 0, 0, 0], [0, 0, 0, 1, 0, 0, 0, 0, 0, 0, 0, 0, 0, 0, 0, 0, 0, 0, 0, 0, 0, 0], [0, 0, 0, 0, 1, 0, 0, 0, 0, 0, 0, 0, 0, 0, 0, 0, 0, 0, 0, 0, 0, 0], [0, 0, 0, 0, 0, 1, 0, 0, 0, 0, 0, 0, 0, 0, 0, 0, 0, 0, 0, 0, 0, 0], [0, 0, 0, 0, 0, 0, 1, 0, 0, 0, 0, 0, 0, 0, 0, 0, 0, 0, 0, 0, 0, 0], [0, 0, 0, 0, 0, 0, 0, 1, 0, 0, 0, 0, 0, 0, 0, 0, 0, 0, 0, 0, 0, 0], [0, 0, 0, 0, 0, 0, 0, 0, 1, 0, 0, 0, 0, 0, 0, 0, 0, 0, 0, 0, 0, 0], [0, 0, 0, 0, 0, 0, 0, 0, 0, 1, 0, 0, 0, 0, 0, 0, 0, 0, 0, 0, 0, 0], [0, 0, 0, 0, 0, 0, 0, 0, 0, 0, 1, 0, 0, 0, 0, 0, 0, 0, 0, 0, 0, 0], [0, 0, 0, 0, 0, 0, 0, 0, 0, 0, 0, 1, 0, 0, 0, 0, 0, 0, 0, 0, 0, 0], [0, 0, 0, 0, 0, 0, 0, 0, 0, 0, 0, 0, 1, 0, 0, 0, 0, 0, 0, 0, 0, 0], [0, 0, 0, 0, 0, 0, 0, 0, 0, 0, 0, 0, 0, 1, 0, 0, 0, 0, 0, 0, 0, 0], [0, 0, 0, 0, 0, 0, 0, 0, 0, 0, 0, 0, 0, 0, 1, 0, 0, 0, 0, 0, 0, 0], [0, 0, 0, 0, 0, 0, 0, 0, 0, 0, 0, 0, 0, 0, 0, 1, 0, 0, 0, 0, 0, 0], [0, 0, 0, 0, 0, 0, 0, 0, 0, 0, 0, 0, 0, 0, 0, 0, 1, 0, 0, 0, 0, 0], [0, 0, 0, 0, 0, 0, 0, 0, 0, 0, 0, 0, 0, 0, 0, 0, 0, 1, 0, 0, 0, 0], [0, 0, 0, 0, 0, 0, 0, 0, 0, 0, 0, 0, 0, 0, 0, 0, 0, 0, 1, 0, 0, 0], [0, 0, 0, 0, 0, 0, 0, 0, 0, 0, 0, 0, 0, 0, 0, 0, 0, 0, 0, 1, 0, 0], [0, 0, 0, 0, 0, 0, 0, 0, 0, 0, 0, 0, 0, 0, 0, 0, 0, 0, 0, 0, 1, 0], [0, 0, 0, 0, 0, 0, 0, 0, 0, 0, 0, 0, 0, 0, 0, 0, 0, 0, 0, 0, 0, 1]]
[[1, 0, 0, 0, 0, 0, 0, 0, 0, 0, 0, 0, 0, 0, 0, 0, 0, 0, 0, 0, 0, 0], [0, 1, 0, 0, 0, 0, 0, 0, 0, 0, 0, 0, 0, 0, 0, 0, 0, 0, 0, 0, 0, 0], [0, 0, 1, 0, 0, 0, 0, 0, 0, 0, 0, 0, 0, 0, 0, 0, 0, 0, 0, 0, 0, 0], [0, 0, 0, 1, 0, 0, 0, 0, 0, 0, 0, 0, 0, 0, 0, 0, 0, 0, 0, 0, 0, 0], [0, 0, 0, 0, 1, 0, 0, 0, 0, 0, 0, 0, 0, 0, 0, 0, 0, 0, 0, 0, 0, 0], [0, 0, 0, 0, 0, 1, 0, 0, 0, 0, 0, 0, 0, 0, 0, 0, 0, 0, 0, 0, 0, 0], [0, 0, 0, 0, 0, 0, 1, 0, 0, 0, 0, 0, 0, 0, 0, 0, 0, 0, 0, 0, 0, 0], [0, 0, 0, 0, 0, 0, 0, 1, 0, 0, 0, 0, 0, 0, 0, 0, 0, 0, 0, 0, 0, 0], [0, 0, 0, 0, 0, 0, 0, 0, 1, 0, 0, 0, 0, 0, 0, 0, 0, 0, 0, 0, 0, 0], [0, 0, 0, 0, 0, 0, 0, 0, 0, 1, 0, 0, 0, 0, 0, 0, 0, 0, 0, 0, 0, 0], [0, 0, 0, 0, 0, 0, 0, 0, 0, 0, 1, 0, 0, 0, 0, 0, 0, 0, 0, 0, 0, 0], [0, 0, 0, 0, 0, 0, 0, 0, 0, 0, 0, 1, 0, 0, 0, 0, 0, 0, 0, 0, 0, 0], [0, 0, 0, 0, 0, 0, 0, 0, 0, 0, 0, 0, 1, 0, 0, 0, 0, 0, 0, 0, 0, 0], [0, 0, 0, 0, 0, 0, 0, 0, 0, 0, 0, 0, 0, 1, 0, 0, 0, 0, 0, 0, 0, 0], [0, 0, 0, 0, 0, 0, 0, 0, 0, 0, 0, 0, 0, 0, 1, 0, 0, 0, 0, 0, 0, 0], [0, 0, 0, 0, 0, 0, 0, 0, 0, 0, 0, 0, 0, 0, 0, 1, 0, 0, 0, 0, 0, 0], [0, 0, 0, 0, 0, 0, 0, 0, 0, 0, 0, 0, 0, 0, 0, 0, 1, 0, 0, 0, 0, 0], [0, 0, 0, 0, 0, 0, 0, 0, 0, 0, 0, 0, 0, 0, 0, 0, 0, 1, 0, 0, 0, 0], [0, 0, 0, 0, 0, 0, 0, 0, 0, 0, 0, 0, 0, 0, 0, 0, 0, 0, 1, 0, 0, 0], [0, 0, 0, 0, 0, 0, 0, 0, 0, 0, 0, 0, 0, 0, 0, 0, 0, 0, 0, 1, 0, 0], [0, 0, 0, 0, 0, 0, 0, 0, 0, 0, 0, 0, 0, 0, 0, 0, 0, 0, 0, 0, 1, 0], [0, 0, 0, 0, 0, 0, 0, 0, 0, 0, 0, 0, 0, 0, 0, 0, 0, 0, 0, 0, 0, 1]]
[[0, 1, 1, -1, -1, -1, -1, 0, -1, 1, -1, 0, 1, -1, 0, -1, -1, 1, -1, 1, -1, -1], [0, -1, 0, -2, 0, -2, -1, 1, -1, 0, 0, -2, 1, -1, 0, -1, -1, -2, -3, 1, -1, 0], [0, -2, -1, -1, 1, -1, 0, 1, 0, 0, 1, -2, 0, 0, 0, -1, 0, -2, -2, -1, 0, 1], [0, 2, 1, 1, -2, 1, -1, -1, 0, 1, -1, 3, 0, 0, 0, 1, 0, 2, 2, 0, 0, -1], [0, 2, 1, 1, -1, 1, 0, -1, 0, 0, -1, 2, 0, -1, 0, 1, 0, 2, 2, 0, 0, -1], [0, 0, 0, 1, 0, 1, 0, -1, 1, -1, 0, 1, -1, 0, 0, 1, 1, 0, 1, -1, 1, 0], [0, -2, -1, -1, 2, -1, 1, 1, 0, 0, 1, -2, 0, 1, 0, -1, 0, -2, -2, 0, 0, 1], [0, -2, -2, 2, 4, 0, 2, 1, 2, -2, 2, -2, -2, 2, 0, 0, 2, -2, 0, -2, 2, 2], [0, 0, 0, 1, 2, 0, 1, 0, 1, -1, 0, -1, 0, 1, 0, 0, 0, 0, 0, 0, 0, 0], [0, 2, 2, 0, -2, 0, -1, -1, -1, 1, -2, 2, 1, -1, 0, 1, -1, 2, 1, 1, -1, -2], [0, 2, 2, -1, -2, 0, -1, 0, -2, 1, -1, 1, 2, -1, 0, 0, -2, 2, 0, 2, -2, -2], [0, 0, -1, 2, 2, 1, 2, 0, 1, -1, 1, 0, -1, 1, 0, 0, 1, 0, 1, -1, 1, 1], [-1, -1, -1, 0, 1, -1, 0, 0, 1, 0, 1, -1, 0, 0, 0, -1, 1, -1, -1, -1, 1, 1], [0, -2, -1, -1, 0, -1, 0, 1, 0, 0, 1, -2, 0, 0, 0, -1, 0, -2, -2, 0, 0, 1], [0, 4, 2, 1, -2, 2, 0, -1, -1, 1, -2, 3, 1, 0, 1, 1, -1, 4, 3, 1, -1, -2], [0, 1, 1, 0, -1, 1, 0, 0, -1, 1, -1, 1, 0, 0, 0, 1, 0, 1, 1, 1, -1, -1], [0, -1, -1, -1, 1, -1, 0, 1, 0, 0, 1, -2, 1, 0, 0, -1, 0, -1, -2, 0, 0, 1], [1, 0, 0, 1, 0, 2, 1, 0, 0, 0, 0, 1, -1, 1, 0, 1, 1, 1, 2, 0, 0, 0], [-1, 0, 0, -1, 0, -2, -1, 0, 0, 0, 0, -1, 1, -1, 0, -1, -1, 0, -1, 0, 0, 0], [0, 2, 0, 1, -1, 1, 0, -1, 0, 0, -1, 2, 0, 0, 0, 1, 0, 2, 2, 0, 0, -1], [0, -1, -1, 0, 0, 0, 0, 0, 0, 0, 0, 0, -1, 0, 0, 0, 1, -1, 0, -1, 1, 0], [0, -1, -1, 0, 0, 0, 0, 0, 0, 0, 0, 0, -1, 0, 0, 0, 1, -1, 0, -1, 0, 1]]
[[1, 0, 1, 0, 0, 1, 0, 0, 0, 0, 0, 0, 0, 0, 0, 0, 0, 0, 0, 1, -1, 0], [1, 0, 1, -1, -1, 1, 0, -1, 0, 0, -1, 0, 0, -1, -1, 0, -1, 0, -1, 1, -2, 0], [0, 0, 1, 0, 0, 0, 0, 0, 0, 0, 0, 0, 0, 0, 0, 0, 0, 0, 0, 0, 0, 0], [0, 0, 0, 0, -1, 0, -1, -1, 0, 1, -1, 1, 0, -1, -1, 1, 1, 1, 1, 0, 0, 0], [0, 0, -1, 0, 1, -1, 0, 0, 0, 0, 0, 0, 0, 0, 0, 0, 0, 0, 0, -1, 1, 0], [0, 0, -1, 0, 0, 0, 0, 0, 0, 0, 0, 0, 0, 0, 0, 0, 0, 0, 0, -1, 1, 0], [0, 0, 1, 0, 0, 1, 1, 0, 0, 0, 0, 0, 0, 0, 0, 0, 0, 0, 0, 1, -1, 0], [0, 0, 0, 0, 0, 0, 0, 1, 0, 0, 0, 0, 0, 0, 0, 0, 0, 0, 0, 0, 0, 0], [0, 0, 0, 0, 0, 0, 0, 0, 1, 0, 0, 0, 0, 0, 0, 0, 0, 0, 0, 0, 0, 0], [0, 0, 0, 0, 0, 0, 0, 0, 0, 1, 0, 0, 0, 0, 0, 0, 0, 0, 0, 0, 0, 0], [0, 0, 0, 0, 0, 0, 0, 0, 0, 0, 1, 0, 0, 0, 0, 0, 0, 0, 0, 0, 0, 0], [0, 0, 0, 0, 0, 0, 0, 0, 0, 0, 0, 1, 0, 0, 0, 0, 0, 0, 0, 0, 0, 0], [0, 0, 1, 0, -1, 1, 0, -1, 0, 0, -1, 1, 0, -1, 0, 0, 0, 0, 0, 0, -1, 0], [0, 0, 1, 0, -1, 1, 0, -1, 0, 0, -1, 1, -1, 0, 0, 0, 0, 0, 0, 0, -1, 0], [0, 0, -1, 0, 1, -1, 0, 1, 0, 0, 1, -1, 1, 1, 1, 0, 0, 0, 0, 0, 1, 0], [0, 0, 0, 0, 0, 0, 0, 0, 0, 0, 0, 0, 0, 0, 0, 1, 0, 0, 0, 0, 0, 0], [1, -1, 1, -1, -1, 1, 0, -1, 0, 0, -1, 0, 0, -1, -1, 0, 0, 0, -1, 1, -2, 0], [-1, 1, -1, 1, 1, -1, 0, 1, 0, 0, 1, 0, 0, 1, 1, 0, 1, 1, 1, -1, 2, 0], [0, 0, 0, 1, 1, 0, 1, 1, 0, -1, 1, -1, 0, 1, 1, -1, -1, -1, 0, 0, 0, 0], [0, 0, -1, 0, 0, -1, 0, 0, 0, 0, 0, 0, 0, 0, 0, 0, 0, 0, 0, 0, 1, 0], [0, 0, 0, 0, 0, 0, 0, 0, 0, 0, 0, 0, 0, 0, 0, 0, 0, 0, 0, 0, 1, 0], [0, 0, 0, 0, 0, 0, 0, 0, 0, 0, 0, 0, 0, 0, 0, 0, 0, 0, 0, 0, 0, 1]]
[[1, 0, 0, 0, 0, 0, 0, 0, 0, 0, 0, 0, 0, 0, 0, 0, 0, 0, 0, 0, 0, 0], [0, 1, 0, 0, 0, 0, 0, 0, 0, 0, 0, 0, 0, 0, 0, 0, 0, 0, 0, 0, 0, 0], [0, 0, 1, 0, 0, 0, 0, 0, 0, 0, 0, 0, 0, 0, 0, 0, 0, 0, 0, 0, 0, 0], [0, 0, 0, 1, 0, 0, 0, 0, 0, 0, 0, 0, 0, 0, 0, 0, 0, 0, 0, 0, 0, 0], [0, 0, 0, 0, 1, 0, 0, 0, 0, 0, 0, 0, 0, 0, 0, 0, 0, 0, 0, 0, 0, 0], [0, 0, 0, 0, 0, 1, 0, 0, 0, 0, 0, 0, 0, 0, 0, 0, 0, 0, 0, 0, 0, 0], [0, 0, 0, 0, 0, 0, 1, 0, 0, 0, 0, 0, 0, 0, 0, 0, 0, 0, 0, 0, 0, 0], [0, 0, 0, 0, 0, 0, 0, 1, 0, 0, 0, 0, 0, 0, 0, 0, 0, 0, 0, 0, 0, 0], [0, 0, 0, 0, 0, 0, 0, 0, 1, 0, 0, 0, 0, 0, 0, 0, 0, 0, 0, 0, 0, 0], [0, 0, 0, 0, 0, 0, 0, 0, 0, 1, 0, 0, 0, 0, 0, 0, 0, 0, 0, 0, 0, 0], [0, 0, 0, 0, 0, 0, 0, 0, 0, 0, 1, 0, 0, 0, 0, 0, 0, 0, 0, 0, 0, 0], [0, 0, 0, 0, 0, 0, 0, 0, 0, 0, 0, 1, 0, 0, 0, 0, 0, 0, 0, 0, 0, 0], [0, 0, 0, 0, 0, 0, 0, 0, 0, 0, 0, 0, 1, 0, 0, 0, 0, 0, 0, 0, 0, 0], [0, 0, 0, 0, 0, 0, 0, 0, 0, 0, 0, 0, 0, 1, 0, 0, 0, 0, 0, 0, 0, 0], [0, 0, 0, 0, 0, 0, 0, 0, 0, 0, 0, 0, 0, 0, 1, 0, 0, 0, 0, 0, 0, 0], [0, 0, 0, 0, 0, 0, 0, 0, 0, 0, 0, 0, 0, 0, 0, 1, 0, 0, 0, 0, 0, 0], [0, 0, 0, 0, 0, 0, 0, 0, 0, 0, 0, 0, 0, 0, 0, 0, 1, 0, 0, 0, 0, 0], [0, 0, 0, 0, 0, 0, 0, 0, 0, 0, 0, 0, 0, 0, 0, 0, 0, 1, 0, 0, 0, 0], [0, 0, 0, 0, 0, 0, 0, 0, 0, 0, 0, 0, 0, 0, 0, 0, 0, 0, 1, 0, 0, 0], [0, 0, 0, 0, 0, 0, 0, 0, 0, 0, 0, 0, 0, 0, 0, 0, 0, 0, 0, 1, 0, 0], [0, 0, 0, 0, 0, 0, 0, 0, 0, 0, 0, 0, 0, 0, 0, 0, 0, 0, 0, 0, 1, 0], [0, 0, 0, 0, 0, 0, 0, 0, 0, 0, 0, 0, 0, 0, 0, 0, 0, 0, 0, 0, 0, 1]]
[[0, 0, 0, 0, 0, -1, -1, 0, 0, 0, 0, 0, 1, -1, 0, 0, 0, 0, 0, -1, 1, 0], [-1, 0, 0, 0, 0, -1, -1, 0, 0, 0, 0, 0, 0, 0, 0, 1, 0, -1, 0, -1, 1, 0], [0, 0, 0, 0, 0, 0, 0, 0, 0, -1, 0, -1, 0, 0, 0, 1, 0, 0, 0, 0, 0, 0], [0, 1, 1, 1, 0, 0, 0, 0, 0, 1, 0, 1, 1, -1, 0, -1, 0, 1, 0, 0, -1, 0], [0, 0, 0, 0, 0, 0, -1, 0, 1, 0, 0, 0, 0, 0, 0, -1, 0, 0, 0, 0, 0, 0], [0, 0, 1, 0, 0, 1, 0, 0, 0, 1, 0, 1, 0, 0, 0, 0, 0, 0, 0, 0, -1, 0], [0, -1, -1, 0, 0, 0, 1, 0, 0, -1, 0, -1, -1, 1, 0, 1, 0, -1, 0, 0, 1, 0], [0, 0, -1, 1, 1, 1, 2, 0, 0, -2, 1, 0, -2, 2, 0, 1, 0, 0, 1, 0, 1, 0], [0, -1, -1, 0, 1, 0, 1, 0, 0, -1, 0, -1, -1, 1, 0, 0, 0, -1, 0, 0, 1, 0], [-1, 0, 0, 0, 0, -1, -1, 0, 0, 1, 0, 0, 1, -1, 0, -1, 0, 0, 0, -1, 0, 0], [0, -1, 0, -1, 0, -1, -1, 1, -1, 1, 0, -1, 1, -1, 0, -1, 0, -1, -1, 0, 0, 0], [1, 0, -1, 0, 0, 1, 1, 0, 0, -1, 0, 0, -1, 1, 0, 0, 0, 0, 0, 1, 0, 0], [1, 0, 0, 0, 0, 1, 1, 0, 0, 0, 0, 0, 0, 1, 0, 1, 0, 0, 0, 1, 0, 0], [0, 1, 0, 0, 0, 0, 0, 0, 0, 0, 0, 0, 1, 0, 0, 1, 0, 1, 0, 0, 0, 0], [0, 0, 0, 0, 0, 0, 0, 0, 0, 0, 0, 0, 0, 0, 1, -2, 0, 0, 0, 0, 0, 0], [0, 0, 0, 0, 0, 0, 0, 0, 0, 0, 0, 0, 0, 0, 0, -1, 0, 0, 0, 0, 0, 0], [0, 0, 0, 0, 0, 0, 0, 0, 0, 0, 0, 0, 0, 0, 0, 1, 1, 0, 0, 0, 1, 0], [0, 0, 0, 0, 0, 0, 0, 0, 0, 0, 0, 0, 0, 0, 0, -1, 0, 1, 0, 0, -1, 0], [0, 0, 0, 0, 0, 0, 0, 0, 0, 0, 0, 0, 0, 0, 0, 1, 0, 0, 1, 0, 1, 0], [0, 0, 0, 0, 0, 0, 0, 0, 0, 0, 0, 0, 0, 0, 0, -1, 0, 0, 0, 1, -1, 0], [0, 0, 0, 0, 0, 0, 0, 0, 0, 0, 0, 0, 0, 0, 0, 0, 0, 0, 0, 0, -1, 0], [0, 2, 1, 1, -1, 1, 0, -1, 0, 0, -1, 2, 0, 0, 0, 1, 0, 2, 1, 0, -1, -1]]
[[1, 0, 0, 0, 0, 0, 0, 0, 0, 0, 0, 0, 0, 0, 0, 0, 0, 0, 0, 0, 0, 0], [0, 1, 0, 0, 0, 0, 0, 0, 0, 0, 0, 0, 0, 0, 0, 0, 0, 0, 0, 0, 0, 0], [0, 0, 1, 0, 0, 0, 0, 0, 0, 0, 0, 0, 0, 0, 0, 0, 0, 0, 0, 0, 0, 0], [0, 0, 0, 1, 0, 0, 0, 0, 0, 0, 0, 0, 0, 0, 0, 0, 0, 0, 0, 0, 0, 0], [0, 0, 0, 0, 1, 0, 0, 0, 0, 0, 0, 0, 0, 0, 0, 0, 0, 0, 0, 0, 0, 0], [0, 0, 0, 0, 0, 1, 0, 0, 0, 0, 0, 0, 0, 0, 0, 0, 0, 0, 0, 0, 0, 0], [0, 0, 0, 0, 0, 0, 1, 0, 0, 0, 0, 0, 0, 0, 0, 0, 0, 0, 0, 0, 0, 0], [0, 0, 0, 0, 0, 0, 0, 1, 0, 0, 0, 0, 0, 0, 0, 0, 0, 0, 0, 0, 0, 0], [0, 0, 0, 0, 0, 0, 0, 0, 1, 0, 0, 0, 0, 0, 0, 0, 0, 0, 0, 0, 0, 0], [0, 0, 0, 0, 0, 0, 0, 0, 0, 1, 0, 0, 0, 0, 0, 0, 0, 0, 0, 0, 0, 0], [0, 0, 0, 0, 0, 0, 0, 0, 0, 0, 1, 0, 0, 0, 0, 0, 0, 0, 0, 0, 0, 0], [0, 0, 0, 0, 0, 0, 0, 0, 0, 0, 0, 1, 0, 0, 0, 0, 0, 0, 0, 0, 0, 0], [0, 0, 0, 0, 0, 0, 0, 0, 0, 0, 0, 0, 1, 0, 0, 0, 0, 0, 0, 0, 0, 0], [0, 0, 0, 0, 0, 0, 0, 0, 0, 0, 0, 0, 0, 1, 0, 0, 0, 0, 0, 0, 0, 0], [0, 0, 0, 0, 0, 0, 0, 0, 0, 0, 0, 0, 0, 0, 1, 0, 0, 0, 0, 0, 0, 0], [0, 0, 0, 0, 0, 0, 0, 0, 0, 0, 0, 0, 0, 0, 0, 1, 0, 0, 0, 0, 0, 0], [0, 0, 0, 0, 0, 0, 0, 0, 0, 0, 0, 0, 0, 0, 0, 0, 1, 0, 0, 0, 0, 0], [0, 0, 0, 0, 0, 0, 0, 0, 0, 0, 0, 0, 0, 0, 0, 0, 0, 1, 0, 0, 0, 0], [0, 0, 0, 0, 0, 0, 0, 0, 0, 0, 0, 0, 0, 0, 0, 0, 0, 0, 1, 0, 0, 0], [0, 0, 0, 0, 0, 0, 0, 0, 0, 0, 0, 0, 0, 0, 0, 0, 0, 0, 0, 1, 0, 0], [0, 0, 0, 0, 0, 0, 0, 0, 0, 0, 0, 0, 0, 0, 0, 0, 0, 0, 0, 0, 1, 0], [0, 0, 0, 0, 0, 0, 0, 0, 0, 0, 0, 0, 0, 0, 0, 0, 0, 0, 0, 0, 0, 1]]
[[1, 0, 0, 0, 0, 0, 0, 0, 0, 0, 0, 0, 0, 0, 0, 0, 0, 0, 0, 0, 0, 0], [0, 1, 0, 0, 0, 0, 0, 0, 0, 0, 0, 0, 0, 0, 0, 0, 0, 0, 0, 0, 0, 0], [0, 0, 1, 0, 0, 0, 0, 0, 0, 0, 0, 0, 0, 0, 0, 0, 0, 0, 0, 0, 0, 0], [0, 0, 0, 1, 0, 0, 0, 0, 0, 0, 0, 0, 0, 0, 0, 0, 0, 0, 0, 0, 0, 0], [0, 0, 0, 0, 1, 0, 0, 0, 0, 0, 0, 0, 0, 0, 0, 0, 0, 0, 0, 0, 0, 0], [0, 0, 0, 0, 0, 1, 0, 0, 0, 0, 0, 0, 0, 0, 0, 0, 0, 0, 0, 0, 0, 0], [0, 0, 0, 0, 0, 0, 1, 0, 0, 0, 0, 0, 0, 0, 0, 0, 0, 0, 0, 0, 0, 0], [0, 0, 0, 0, 0, 0, 0, 1, 0, 0, 0, 0, 0, 0, 0, 0, 0, 0, 0, 0, 0, 0], [0, 0, 0, 0, 0, 0, 0, 0, 1, 0, 0, 0, 0, 0, 0, 0, 0, 0, 0, 0, 0, 0], [0, 0, 0, 0, 0, 0, 0, 0, 0, 1, 0, 0, 0, 0, 0, 0, 0, 0, 0, 0, 0, 0], [0, 0, 0, 0, 0, 0, 0, 0, 0, 0, 1, 0, 0, 0, 0, 0, 0, 0, 0, 0, 0, 0], [0, 0, 0, 0, 0, 0, 0, 0, 0, 0, 0, 1, 0, 0, 0, 0, 0, 0, 0, 0, 0, 0], [0, 0, 0, 0, 0, 0, 0, 0, 0, 0, 0, 0, 1, 0, 0, 0, 0, 0, 0, 0, 0, 0], [0, 0, 0, 0, 0, 0, 0, 0, 0, 0, 0, 0, 0, 1, 0, 0, 0, 0, 0, 0, 0, 0], [0, 0, 0, 0, 0, 0, 0, 0, 0, 0, 0, 0, 0, 0, 1, 0, 0, 0, 0, 0, 0, 0], [0, 0, 0, 0, 0, 0, 0, 0, 0, 0, 0, 0, 0, 0, 0, 1, 0, 0, 0, 0, 0, 0], [0, 0, 0, 0, 0, 0, 0, 0, 0, 0, 0, 0, 0, 0, 0, 0, 1, 0, 0, 0, 0, 0], [0, 0, 0, 0, 0, 0, 0, 0, 0, 0, 0, 0, 0, 0, 0, 0, 0, 1, 0, 0, 0, 0], [0, 0, 0, 0, 0, 0, 0, 0, 0, 0, 0, 0, 0, 0, 0, 0, 0, 0, 1, 0, 0, 0], [0, 0, 0, 0, 0, 0, 0, 0, 0, 0, 0, 0, 0, 0, 0, 0, 0, 0, 0, 1, 0, 0], [0, 0, 0, 0, 0, 0, 0, 0, 0, 0, 0, 0, 0, 0, 0, 0, 0, 0, 0, 0, 1, 0], [0, 0, 0, 0, 0, 0, 0, 0, 0, 0, 0, 0, 0, 0, 0, 0, 0, 0, 0, 0, 0, 1]]
[[2, -1, 0, -1, 0, 1, 1, 1, -1, 0, 0, -1, 0, 1, 0, 0, -1, -1, -1, 2, -1, 0], [1, 0, 0, -1, 0, 1, 1, 1, -1, 0, 0, -1, 1, 0, 0, 0, -1, 0, -1, 1, -1, 0], [0, 0, 0, 0, 0, -1, 0, 0, 0, -1, 0, -1, 0, 0, 0, 0, -1, -1, -1, 0, 0, 0], [-1, 1, 1, 2, 0, 0, -1, -1, 1, 1, 0, 2, 0, -1, 0, 0, 2, 2, 2, -2, 1, 0], [0, 1, 0, 0, -1, 1, 0, -1, 0, 0, -1, 2, -1, 0, 0, 1, 0, 1, 1, 0, 0, -1], [-1, 1, 0, 1, 0, 0, -1, -1, 1, 0, 0, 1, 0, -1, 0, 0, 1, 1, 1, -2, 1, 0], [1, -1, 0, -1, 0, 1, 2, 1, -1, 0, 0, -1, 0, 1, 0, 0, -1, -1, -1, 2, -1, 0], [0, 0, 0, 0, 0, 0, 0, 1, 0, 0, 0, 0, 0, 0, 0, 0, 0, 0, 0, 0, 0, 0], [1, -1, 0, -1, 0, 1, 1, 1, 0, 0, 0, -1, 0, 1, 0, 0, -1, -1, -1, 2, -1, 0], [0, 0, 0, 0, 0, 0, 0, 0, 0, 1, 0, 0, 0, 0, 0, 0, 0, 0, 0, 0, 0, 0], [1, -1, 0, -1, 0, 1, 1, 1, -1, 0, 1, -1, 0, 1, 0, 0, -1, -1, -1, 2, -1, 0], [0, 0, 0, 0, 0, 0, 0, 0, 0, 0, 0, 1, 0, 0, 0, 0, 0, 0, 0, 0, 0, 0], [0, 0, 0, 0, 0, 0, 0, 0, 0, 0, 0, 0, 1, 0, 0, 0, 0, 0, 0, 0, 0, 0], [0, 0, 0, 0, 0, 0, 0, 0, 0, 0, 0, 0, 1, 0, 0, 0, 0, 1, 0, -1, 0, 0], [0, 0, 0, 0, 0, 0, 0, 0, 0, 0, 0, 0, -1, 1, 1, 0, 0, -1, 0, 1, 0, 0], [0, 0, 1, 0, 0, 1, 0, 0, 0, 1, 0, 1, 0, 0, 0, 1, 1, 1, 1, 0, 0, 0], [1, -1, 0, -1, 0, 1, 1, 1, -1, 0, 0, -1, 1, 0, 0, 0, 0, 0, -1, 1, -1, 0], [-1, 1, 0, 1, 0, -1, -1, -1, 1, 0, 0, 1, -1, 0, 0, 0, 1, 1, 1, -1, 1, 0], [1, -1, -1, -1, 0, 0, 1, 1, -1, -1, 0, -2, 0, 1, 0, 0, -2, -2, -1, 2, -1, 0], [-1, 1, 0, 1, 0, -1, -1, -1, 1, 0, 0, 1, 0, -1, 0, 0, 1, 1, 1, -1, 1, 0], [-1, 1, 0, 1, 0, -1, -1, -1, 1, 0, 0, 1, 0, -1, 0, 0, 1, 1, 1, -2, 2, 0], [-1, 1, 0, 1, 0, -1, -1, -1, 1, 0, 0, 1, 0, -1, 0, 0, 1, 1, 1, -2, 1, 1]]
[[1, 0, 0, 0, 0, 0, 0, 0, 0, 0, 0, 0, 0, 0, 0, 0, 0, 0, 0, 0, 0, 0], [0, 1, 0, 0, 0, 0, 0, 0, 0, 0, 0, 0, 0, 0, 0, 0, 0, 0, 0, 0, 0, 0], [0, 0, 1, 0, 0, 0, 0, 0, 0, 0, 0, 0, 0, 0, 0, 0, 0, 0, 0, 0, 0, 0], [0, 0, 0, 1, 0, 0, 0, 0, 0, 0, 0, 0, 0, 0, 0, 0, 0, 0, 0, 0, 0, 0], [0, 0, 0, 0, 1, 0, 0, 0, 0, 0, 0, 0, 0, 0, 0, 0, 0, 0, 0, 0, 0, 0], [0, 0, 0, 0, 0, 1, 0, 0, 0, 0, 0, 0, 0, 0, 0, 0, 0, 0, 0, 0, 0, 0], [0, 0, 0, 0, 0, 0, 1, 0, 0, 0, 0, 0, 0, 0, 0, 0, 0, 0, 0, 0, 0, 0], [0, 0, 0, 0, 0, 0, 0, 1, 0, 0, 0, 0, 0, 0, 0, 0, 0, 0, 0, 0, 0, 0], [0, 0, 0, 0, 0, 0, 0, 0, 1, 0, 0, 0, 0, 0, 0, 0, 0, 0, 0, 0, 0, 0], [0, 0, 0, 0, 0, 0, 0, 0, 0, 1, 0, 0, 0, 0, 0, 0, 0, 0, 0, 0, 0, 0], [0, 0, 0, 0, 0, 0, 0, 0, 0, 0, 1, 0, 0, 0, 0, 0, 0, 0, 0, 0, 0, 0], [0, 0, 0, 0, 0, 0, 0, 0, 0, 0, 0, 1, 0, 0, 0, 0, 0, 0, 0, 0, 0, 0], [0, 0, 0, 0, 0, 0, 0, 0, 0, 0, 0, 0, 1, 0, 0, 0, 0, 0, 0, 0, 0, 0], [0, 0, 0, 0, 0, 0, 0, 0, 0, 0, 0, 0, 0, 1, 0, 0, 0, 0, 0, 0, 0, 0], [0, 0, 0, 0, 0, 0, 0, 0, 0, 0, 0, 0, 0, 0, 1, 0, 0, 0, 0, 0, 0, 0], [0, 0, 0, 0, 0, 0, 0, 0, 0, 0, 0, 0, 0, 0, 0, 1, 0, 0, 0, 0, 0, 0], [0, 0, 0, 0, 0, 0, 0, 0, 0, 0, 0, 0, 0, 0, 0, 0, 1, 0, 0, 0, 0, 0], [0, 0, 0, 0, 0, 0, 0, 0, 0, 0, 0, 0, 0, 0, 0, 0, 0, 1, 0, 0, 0, 0], [0, 0, 0, 0, 0, 0, 0, 0, 0, 0, 0, 0, 0, 0, 0, 0, 0, 0, 1, 0, 0, 0], [0, 0, 0, 0, 0, 0, 0, 0, 0, 0, 0, 0, 0, 0, 0, 0, 0, 0, 0, 1, 0, 0], [0, 0, 0, 0, 0, 0, 0, 0, 0, 0, 0, 0, 0, 0, 0, 0, 0, 0, 0, 0, 1, 0], [0, 0, 0, 0, 0, 0, 0, 0, 0, 0, 0, 0, 0, 0, 0, 0, 0, 0, 0, 0, 0, 1]]
[[1, 0, 0, 0, 0, 0, 0, 0, 0, 0, 0, 0, 0, 0, 0, 0, 0, 0, 0, 0, 0, 0], [0, 1, 0, 0, 0, 0, 0, 0, 0, 0, 0, 0, 0, 0, 0, 0, 0, 0, 0, 0, 0, 0], [0, 0, 1, 0, 0, 0, 0, 0, 0, 0, 0, 0, 0, 0, 0, 0, 0, 0, 0, 0, 0, 0], [0, 0, 0, 1, 0, 0, 0, 0, 0, 0, 0, 0, 0, 0, 0, 0, 0, 0, 0, 0, 0, 0], [0, 0, 0, 0, 1, 0, 0, 0, 0, 0, 0, 0, 0, 0, 0, 0, 0, 0, 0, 0, 0, 0], [0, 0, 0, 0, 0, 1, 0, 0, 0, 0, 0, 0, 0, 0, 0, 0, 0, 0, 0, 0, 0, 0], [0, 0, 0, 0, 0, 0, 1, 0, 0, 0, 0, 0, 0, 0, 0, 0, 0, 0, 0, 0, 0, 0], [0, 0, 0, 0, 0, 0, 0, 1, 0, 0, 0, 0, 0, 0, 0, 0, 0, 0, 0, 0, 0, 0], [0, 0, 0, 0, 0, 0, 0, 0, 1, 0, 0, 0, 0, 0, 0, 0, 0, 0, 0, 0, 0, 0], [0, 0, 0, 0, 0, 0, 0, 0, 0, 1, 0, 0, 0, 0, 0, 0, 0, 0, 0, 0, 0, 0], [0, 0, 0, 0, 0, 0, 0, 0, 0, 0, 1, 0, 0, 0, 0, 0, 0, 0, 0, 0, 0, 0], [0, 0, 0, 0, 0, 0, 0, 0, 0, 0, 0, 1, 0, 0, 0, 0, 0, 0, 0, 0, 0, 0], [0, 0, 0, 0, 0, 0, 0, 0, 0, 0, 0, 0, 1, 0, 0, 0, 0, 0, 0, 0, 0, 0], [0, 0, 0, 0, 0, 0, 0, 0, 0, 0, 0, 0, 0, 1, 0, 0, 0, 0, 0, 0, 0, 0], [0, 0, 0, 0, 0, 0, 0, 0, 0, 0, 0, 0, 0, 0, 1, 0, 0, 0, 0, 0, 0, 0], [0, 0, 0, 0, 0, 0, 0, 0, 0, 0, 0, 0, 0, 0, 0, 1, 0, 0, 0, 0, 0, 0], [0, 0, 0, 0, 0, 0, 0, 0, 0, 0, 0, 0, 0, 0, 0, 0, 1, 0, 0, 0, 0, 0], [0, 0, 0, 0, 0, 0, 0, 0, 0, 0, 0, 0, 0, 0, 0, 0, 0, 1, 0, 0, 0, 0], [0, 0, 0, 0, 0, 0, 0, 0, 0, 0, 0, 0, 0, 0, 0, 0, 0, 0, 1, 0, 0, 0], [0, 0, 0, 0, 0, 0, 0, 0, 0, 0, 0, 0, 0, 0, 0, 0, 0, 0, 0, 1, 0, 0], [0, 0, 0, 0, 0, 0, 0, 0, 0, 0, 0, 0, 0, 0, 0, 0, 0, 0, 0, 0, 1, 0], [0, 0, 0, 0, 0, 0, 0, 0, 0, 0, 0, 0, 0, 0, 0, 0, 0, 0, 0, 0, 0, 1]]
[[1, 0, 0, 0, 0, 0, 0, 0, 0, 0, 0, 0, 0, 0, 0, 0, 0, 0, 0, 0, 0, 0], [0, 1, 0, 0, 0, 0, 0, 0, 0, 0, 0, 0, 0, 0, 0, 0, 0, 0, 0, 0, 0, 0], [0, 0, 1, 0, 0, 0, 0, 0, 0, 0, 0, 0, 0, 0, 0, 0, 0, 0, 0, 0, 0, 0], [0, 0, 0, 1, 0, 0, 0, 0, 0, 0, 0, 0, 0, 0, 0, 0, 0, 0, 0, 0, 0, 0], [0, 0, 0, 0, 1, 0, 0, 0, 0, 0, 0, 0, 0, 0, 0, 0, 0, 0, 0, 0, 0, 0], [0, 0, 0, 0, 0, 1, 0, 0, 0, 0, 0, 0, 0, 0, 0, 0, 0, 0, 0, 0, 0, 0], [0, 0, 0, 0, 0, 0, 1, 0, 0, 0, 0, 0, 0, 0, 0, 0, 0, 0, 0, 0, 0, 0], [0, 0, 0, 0, 0, 0, 0, 1, 0, 0, 0, 0, 0, 0, 0, 0, 0, 0, 0, 0, 0, 0], [0, 0, 0, 0, 0, 0, 0, 0, 1, 0, 0, 0, 0, 0, 0, 0, 0, 0, 0, 0, 0, 0], [0, 0, 0, 0, 0, 0, 0, 0, 0, 1, 0, 0, 0, 0, 0, 0, 0, 0, 0, 0, 0, 0], [0, 0, 0, 0, 0, 0, 0, 0, 0, 0, 1, 0, 0, 0, 0, 0, 0, 0, 0, 0, 0, 0], [0, 0, 0, 0, 0, 0, 0, 0, 0, 0, 0, 1, 0, 0, 0, 0, 0, 0, 0, 0, 0, 0], [0, 0, 0, 0, 0, 0, 0, 0, 0, 0, 0, 0, 1, 0, 0, 0, 0, 0, 0, 0, 0, 0], [0, 0, 0, 0, 0, 0, 0, 0, 0, 0, 0, 0, 0, 1, 0, 0, 0, 0, 0, 0, 0, 0], [0, 0, 0, 0, 0, 0, 0, 0, 0, 0, 0, 0, 0, 0, 1, 0, 0, 0, 0, 0, 0, 0], [0, 0, 0, 0, 0, 0, 0, 0, 0, 0, 0, 0, 0, 0, 0, 1, 0, 0, 0, 0, 0, 0], [0, 0, 0, 0, 0, 0, 0, 0, 0, 0, 0, 0, 0, 0, 0, 0, 1, 0, 0, 0, 0, 0], [0, 0, 0, 0, 0, 0, 0, 0, 0, 0, 0, 0, 0, 0, 0, 0, 0, 1, 0, 0, 0, 0], [0, 0, 0, 0, 0, 0, 0, 0, 0, 0, 0, 0, 0, 0, 0, 0, 0, 0, 1, 0, 0, 0], [0, 0, 0, 0, 0, 0, 0, 0, 0, 0, 0, 0, 0, 0, 0, 0, 0, 0, 0, 1, 0, 0], [0, 0, 0, 0, 0, 0, 0, 0, 0, 0, 0, 0, 0, 0, 0, 0, 0, 0, 0, 0, 1, 0], [0, 0, 0, 0, 0, 0, 0, 0, 0, 0, 0, 0, 0, 0, 0, 0, 0, 0, 0, 0, 0, 1]]
[[-1, -1, -1, -1, 0, -3, -2, -1, 1, -1, 0, -2, 0, -1, -1, -1, -1, -2, -2, 0, -1, 1], [0, -1, 0, 0, 1, -2, -2, -1, 2, -1, 0, -2, 0, -1, -1, -1, 1, -1, -2, -1, 1, 0], [0, 0, 0, 0, 0, 0, 0, 0, 0, 0, 0, 0, 0, 0, 0, 0, 0, 0, -1, -1, 1, -1], [0, 1, 0, 1, 1, 0, 0, 0, 0, 1, 0, 1, 1, -1, 0, 0, 1, 1, 1, -1, 0, 1], [0, -2, -1, -2, -1, -1, 0, 0, -1, 0, 0, -1, -1, 0, -1, 0, -1, -2, 0, 2, -1, 1], [1, -1, 0, -1, 0, 1, 1, 1, -1, 1, 0, 0, 0, 0, 0, 0, 1, 0, 0, 1, 0, 0], [0, 1, 0, 1, 0, 1, 0, 0, 1, -1, 0, 0, 0, 1, 1, 0, 0, 1, 0, -1, 1, -1], [0, 2, 1, 2, 0, 2, 1, 1, 0, 0, 0, 2, 0, 1, 1, 1, 1, 3, 2, -1, 2, -2], [0, 0, 0, 0, 0, 0, 0, 0, 1, -1, 0, -1, 0, 1, 0, 0, -1, 0, 0, 1, 0, 0], [0, -1, -1, -1, 0, -2, -1, -1, 1, -1, 0, -2, 0, -1, -1, -1, -1, -2, -1, 1, -1, 2], [0, -2, -1, -2, 0, -2, -1, 0, 0, -1, 1, -3, 0, 0, -1, -1, -2, -3, -2, 2, -2, 2], [0, 1, 1, 2, 0, 2, 1, 1, 0, 1, 0, 2, 0, 1, 1, 1, 1, 2, 2, -1, 1, -1], [0, 1, 1, 2, 1, 1, 0, 0, 1, 1, -1, 1, 0, 0, 1, 0, 2, 1, 0, -2, 1, -1], [0, 1, 1, 2, 1, 1, 1, 0, 0, 0, 0, 1, 0, 0, 1, 0, 1, 1, 0, -2, 1, -1], [-1, -1, -1, -2, -1, -2, -1, -1, 0, 0, 0, -1, 0, 0, -1, 0, -2, -2, 0, 2, -2, 2], [-1, 0, 0, 0, 0, 0, 0, 0, 0, 0, 1, 0, 0, 0, 0, 0, 0, 0, 1, 0, 0, 1], [0, 1, 1, 2, 1, 1, 0, 0, 1, 0, 0, 1, 0, 1, 1, 0, 1, 1, 0, -2, 1, -1], [0, 1, 0, 0, -1, 2, 2, 1, -2, 0, 1, 2, 0, 1, 1, 1, -1, 1, 2, 1, 0, 0], [0, -1, -1, -2, -1, -2, -1, -1, 0, -1, -1, -2, -1, 0, -1, -1, -2, -2, -2, 2, -2, 0], [0, 0, 0, 0, 0, 0, 0, 0, 0, 1, 0, 1, 0, 0, 0, 0, 0, 0, 1, 0, 0, 1], [0, 0, 0, 0, 0, 0, 0, 0, 0, 1, 0, 1, 0, -1, 0, 0, 1, 0, 0, -1, 1, 0], [0, 2, 1, 2, 0, 2, 1, 0, 0, 1, 0, 3, 0, 0, 1, 1, 2, 3, 2, -2, 2, -1]]
[[0, 1, 0, 1, 0, 0, 1, 0, 0, 0, 0, 0, 0, 1, 1, 0, 0, 1, 1, 0, 0, 0], [0, 0, -1, -1, 0, 0, 1, 1, -1, 0, 1, -1, 0, 1, 1, -1, 0, -1, -1, 1, 0, 0], [0, 0, 0, 0, 0, 2, 3, 2, -2, 0, 2, 0, 0, 3, 3, -1, -1, -1, 0, 1, 0, 0], [1, -1, 1, 0, 0, -2, -4, -2, 2, 0, -2, 0, 0, -4, -4, 1, 1, 0, -1, -1, 0, 0], [-1, 1, 0, 1, 1, 0, 1, 0, 0, 0, 0, 0, 0, 1, 1, 0, 0, 1, 1, 0, 0, 0], [0, -1, 0, -1, 0, -1, -2, -1, 1, 0, -1, -1, 0, -2, -2, 0, 1, 0, -1, 0, 0, 0], [1, -1, 0, -1, 0, 0, 0, 0, 0, 0, 0, 0, 0, -1, -1, 0, 0, -1, -1, 0, 0, 0], [0, 0, -1, 0, 0, 2, 3, 3, -2, 0, 2, 0, 0, 3, 3, -1, -1, -1, 0, 1, 0, 0], [0, 0, 0, 0, 0, 0, 0, 0, 1, 0, 0, 0, 0, 0, 0, 0, 0, 0, 0, 0, 0, 0], [0, 1, 0, 0, 0, -1, -1, -1, 1, 0, -1, 0, 0, 0, 0, 0, 0, 1, 0, 0, 0, 0], [-1, 3, 0, 2, 0, 1, 2, 0, 0, -1, 1, 1, 0, 3, 3, 0, -1, 2, 2, 0, 0, 0], [0, -1, 1, 0, 0, -1, -2, -1, 1, 1, -1, 1, 0, -3, -3, 1, 1, 0, 0, -1, 0, 0], [1, -3, 1, -2, 0, -3, -5, -2, 2, 1, -2, -1, 1, -6, -6, 1, 2, -1, -2, -1, 0, 0], [1, -3, 0, -2, 0, -1, -2, 0, 0, 1, 0, -1, 0, -2, -3, 0, 1, -2, -2, 0, 0, 0], [-1, 2, 1, 2, 0, 0, 0, -1, 1, 0, -1, 1, 0, 0, 1, 1, 0, 2, 2, -1, 0, 0], [0, 0, 0, 0, 0, 0, 0, 0, 0, 0, 0, 0, 0, 0, 0, 1, 0, 0, 0, 0, 0, 0], [1, -2, 1, -1, 0, -1, -3, -1, 1, 1, -1, 0, 0, -4, -4, 1, 2, -1, -1, -1, 0, 0], [0, 1, 0, 1, 0, 2, 2, 1, -1, 0, 1, 1, 0, 2, 2, 0, -1, 1, 1, 0, 0, 0], [-1, 2, -1, 1, 0, 1, 3, 1, -1, -1, 1, 0, 0, 4, 4, -1, -1, 1, 2, 1, 0, 0], [0, 1, 1, 1, 0, 0, -1, -1, 1, 0, -1, 1, 0, -1, -1, 1, 0, 1, 1, 0, 0, 0], [0, 0, 0, 0, 0, 0, 0, 0, 0, 0, 0, 0, 0, 0, 0, 0, 0, 0, 0, 0, 1, 0], [1, -3, 0, -2, 0, -1, -2, 0, 0, 1, 0, -1, 0, -3, -3, 0, 1, -2, -2, 0, 0, 1]]
[[0, 2, 0, 1, 0, 0, 1, -1, 0, -1, 0, 1, 0, 1, 1, 0, -1, 1, 1, 0, 0, 0], [0, 1, 0, 0, 0, 0, 0, 0, 0, 0, 0, 0, 0, 2, 2, 0, 0, 0, 0, 0, 0, 0], [0, 0, 0, 0, 0, 1, 2, 1, -1, 0, 1, -1, 0, 3, 3, -1, -1, -1, 0, 1, -1, 1], [0, -1, 0, 0, 0, -1, -1, 0, 0, 0, 0, 0, 0, -2, -2, 0, 0, -1, -1, 0, 0, 0], [0, 0, 0, 0, 1, 0, 0, 0, 0, 0, 0, 0, 0, -1, -1, 0, 0, 0, 0, 0, 0, 0], [0, -1, 0, -1, 0, 0, -1, 0, 0, 0, 0, 0, 0, -1, -1, 0, 0, -1, -1, 0, 0, 0], [1, -1, 1, 0, 0, 0, -1, 0, 1, 1, -1, 0, 0, -1, -1, 1, 2, 1, 0, -1, 1, -1], [0, 1, 0, 1, 0, 1, 1, 1, 0, 0, 0, 0, 0, 2, 2, 0, 0, 1, 1, 0, 0, 0], [0, 1, 1, 1, 0, 0, -1, -1, 2, 0, -1, 1, 0, -1, -1, 1, 1, 2, 1, -1, 1, -1], [-1, 1, 0, 0, 0, -1, 0, -1, 0, 0, 0, 1, 0, 0, 0, 0, -1, 0, 0, 0, 0, 0], [-1, 2, 0, 1, 0, 0, 1, -1, 0, -1, 1, 1, 0, 1, 1, 0, -1, 1, 1, 0, 0, 0], [1, 0, 1, 1, 0, 1, -1, 0, 1, 1, -1, 1, 0, -2, -2, 1, 2, 2, 1, -1, 1, -1], [1, -1, 1, 0, 0, 0, -2, 0, 1, 1, -1, 0, 1, -2, -2, 1, 2, 1, 0, -1, 1, -1], [1, -2, 0, -1, 0, 0, -1, 1, 0, 1, 0, -1, 0, 0, -1, 0, 1, -1, -1, 0, 0, 0], [-1, 2, 0, 1, 0, 0, 1, -1, 0, -1, 0, 1, 0, -1, 0, 0, -1, 1, 1, 0, 0, 0], [0, 0, 0, 0, 0, 0, 0, 0, 0, 0, 0, 0, 0, -1, -1, 1, 0, 0, 0, 0, 0, 0], [1, -1, 1, 0, 0, 0, -2, 0, 1, 1, -1, 0, 0, -2, -2, 1, 3, 1, 0, -1, 1, -1], [0, -1, -1, -1, 0, 0, 1, 1, -1, 0, 1, -1, 0, 0, 0, -1, -1, -1, -1, 1, -1, 1], [-1, 2, 0, 1, 0, 0, 1, -1, 0, -1, 0, 1, 0, 2, 2, 0, -1, 1, 2, 0, 0, 0], [0, 0, 0, 0, 0, 0, 0, 0, 0, 0, 0, 0, 0, -1, -1, 0, 0, 0, 0, 1, 0, 0], [0, -1, -1, -1, 0, 0, 1, 1, -1, 0, 1, -1, 0, 1, 1, -1, -1, -2, -1, 1, 0, 1], [1, -2, 0, -1, 0, 0, -1, 1, 0, 1, 0, -1, 0, -1, -1, 0, 1, -1, -1, 0, 0, 1]]
[[1, 0, 0, 0, 0, 0, 0, 0, 0, 0, 0, 0, 0, 0, 0, 0, 0, 0, 0, 0, 0, 0], [0, 1, 0, 0, 0, 0, 0, 0, 0, 0, 0, 0, 0, 0, 0, 0, 0, 0, 0, 0, 0, 0], [0, 0, 1, 0, 0, 0, 0, 0, 0, 0, 0, 0, 0, 0, 0, 0, 0, 0, 0, 0, 0, 0], [0, 0, 0, 1, 0, 0, 0, 0, 0, 0, 0, 0, 0, 0, 0, 0, 0, 0, 0, 0, 0, 0], [0, 0, 0, 0, 1, 0, 0, 0, 0, 0, 0, 0, 0, 0, 0, 0, 0, 0, 0, 0, 0, 0], [0, 0, 0, 0, 0, 1, 0, 0, 0, 0, 0, 0, 0, 0, 0, 0, 0, 0, 0, 0, 0, 0], [0, 0, 0, 0, 0, 0, 1, 0, 0, 0, 0, 0, 0, 0, 0, 0, 0, 0, 0, 0, 0, 0], [0, 0, 0, 0, 0, 0, 0, 1, 0, 0, 0, 0, 0, 0, 0, 0, 0, 0, 0, 0, 0, 0], [0, 0, 0, 0, 0, 0, 0, 0, 1, 0, 0, 0, 0, 0, 0, 0, 0, 0, 0, 0, 0, 0], [0, 0, 0, 0, 0, 0, 0, 0, 0, 1, 0, 0, 0, 0, 0, 0, 0, 0, 0, 0, 0, 0], [0, 0, 0, 0, 0, 0, 0, 0, 0, 0, 1, 0, 0, 0, 0, 0, 0, 0, 0, 0, 0, 0], [0, 0, 0, 0, 0, 0, 0, 0, 0, 0, 0, 1, 0, 0, 0, 0, 0, 0, 0, 0, 0, 0], [0, 0, 0, 0, 0, 0, 0, 0, 0, 0, 0, 0, 1, 0, 0, 0, 0, 0, 0, 0, 0, 0], [0, 0, 0, 0, 0, 0, 0, 0, 0, 0, 0, 0, 0, 1, 0, 0, 0, 0, 0, 0, 0, 0], [0, 0, 0, 0, 0, 0, 0, 0, 0, 0, 0, 0, 0, 0, 1, 0, 0, 0, 0, 0, 0, 0], [0, 0, 0, 0, 0, 0, 0, 0, 0, 0, 0, 0, 0, 0, 0, 1, 0, 0, 0, 0, 0, 0], [0, 0, 0, 0, 0, 0, 0, 0, 0, 0, 0, 0, 0, 0, 0, 0, 1, 0, 0, 0, 0, 0], [0, 0, 0, 0, 0, 0, 0, 0, 0, 0, 0, 0, 0, 0, 0, 0, 0, 1, 0, 0, 0, 0], [0, 0, 0, 0, 0, 0, 0, 0, 0, 0, 0, 0, 0, 0, 0, 0, 0, 0, 1, 0, 0, 0], [0, 0, 0, 0, 0, 0, 0, 0, 0, 0, 0, 0, 0, 0, 0, 0, 0, 0, 0, 1, 0, 0], [0, 0, 0, 0, 0, 0, 0, 0, 0, 0, 0, 0, 0, 0, 0, 0, 0, 0, 0, 0, 1, 0], [0, 0, 0, 0, 0, 0, 0, 0, 0, 0, 0, 0, 0, 0, 0, 0, 0, 0, 0, 0, 0, 1]]
[[0, 1, 0, 1, 0, 0, 1, 1, -1, 0, 1, 0, 0, 1, 2, -1, 0, 0, 0, 0, 0, 0], [0, -1, 0, -1, 0, -1, -1, -1, 1, 0, -1, -1, -1, -2, -2, 0, 1, -1, -1, 0, 0, 0], [0, 0, 1, 0, 0, 0, 0, 0, 0, 0, 0, 0, 0, 0, 0, 0, 0, 0, 0, 0, 0, 0], [1, -1, 0, 0, 0, 0, -1, -1, 1, 0, -1, 0, 0, -1, -2, 1, 0, 0, 0, 0, 0, 0], [-1, 3, 0, 2, 1, 1, 2, 2, -2, 0, 2, 1, 1, 3, 4, -1, -1, 1, 1, 0, 0, 0], [0, 0, 0, 0, 0, 1, 0, 0, 0, 0, 0, 0, 0, 0, 0, 0, 0, 0, 0, 0, 0, 0], [1, -3, 0, -2, 0, -1, -1, -2, 2, 0, -2, -1, -1, -3, -4, 1, 1, -1, -1, 0, 0, 0], [1, -3, 0, -2, 0, -1, -2, -1, 2, 0, -2, -1, -1, -3, -4, 1, 1, -1, -1, 0, 0, 0], [0, 0, 0, 0, 0, 0, 0, 0, 1, 0, 0, 0, 0, 0, 0, 0, 0, 0, 0, 0, 0, 0], [-1, 3, 0, 2, 0, 1, 2, 2, -2, 1, 2, 1, 1, 3, 4, -1, -1, 1, 1, 0, 0, 0], [-1, 3, 0, 2, 0, 1, 2, 2, -2, 0, 3, 1, 1, 3, 4, -1, -1, 1, 1, 0, 0, 0], [1, -3, 0, -2, 0, -1, -2, -2, 2, 0, -2, 0, -1, -3, -4, 1, 1, -1, -1, 0, 0, 0], [1, -5, 0, -3, 0, -2, -3, -3, 3, 0, -3, -2, -1, -5, -6, 1, 2, -2, -2, 0, 0, 0], [1, -5, 0, -3, 0, -2, -3, -3, 3, 0, -3, -2, -2, -4, -6, 1, 2, -2, -2, 0, 0, 0], [-1, 5, 0, 3, 0, 2, 3, 3, -3, 0, 3, 2, 2, 5, 7, -1, -2, 2, 2, 0, 0, 0], [0, 0, 0, 0, 0, 0, 0, 0, 0, 0, 0, 0, 0, 0, 0, 1, 0, 0, 0, 0, 0, 0], [2, -6, 0, -4, 0, -2, -4, -4, 4, 0, -4, -2, -2, -6, -8, 2, 3, -2, -2, 0, 0, 0], [0, 2, 0, 1, 0, 1, 1, 1, -1, 0, 1, 1, 1, 2, 2, 0, -1, 2, 1, 0, 0, 0], [-2, 4, 0, 3, 0, 1, 3, 3, -3, 0, 3, 1, 1, 4, 6, -2, -1, 1, 2, 0, 0, 0], [0, 2, 0, 1, 0, 1, 1, 1, -1, 0, 1, 1, 1, 2, 2, 0, -1, 1, 1, 1, 0, 0], [0, 0, 0, 0, 0, 0, 0, 0, 0, 0, 0, 0, 0, 0, 0, 0, 0, 0, 0, 0, 1, 0], [1, -3, 0, -2, 0, -1, -2, -2, 2, 0, -2, -1, -1, -3, -4, 1, 1, -1, -1, 0, 0, 1]]
[[1, 0, 0, 0, 0, 0, 0, 0, 0, 0, 0, 0, 0, 0, 0, 0, 0, 0, 0, 0, 0, 0], [1, 0, 0, -1, -1, 1, 0, 0, 0, 0, -1, 0, -1, 0, -1, 1, 0, 0, 0, 1, 0, -1], [0, 1, 1, 1, 0, 0, 0, 0, 0, 0, 0, 0, 0, 1, 1, 0, 0, 0, 0, 0, 0, 0], [-1, 0, 0, 1, 1, -1, 0, 0, 0, 0, 1, 0, 1, -1, 0, -1, 0, 0, 0, -1, 0, 1], [0, 0, 0, 0, 1, 0, 0, 0, 0, 0, 0, 0, 0, 0, 0, 0, 0, 0, 0, 0, 0, 0], [-1, 1, 0, 1, 1, 0, 0, 0, 0, 0, 1, 0, 1, 0, 1, -1, 0, 0, 0, -1, 0, 1], [2, -2, 0, -2, -2, 2, 1, 0, 0, 0, -2, 0, -2, 0, -2, 2, 0, 0, 0, 2, 0, -2], [1, -1, 0, -1, -1, 1, 0, 1, 0, 0, -1, 0, -1, 0, -1, 1, 0, 0, 0, 1, 0, -1], [1, -1, 0, -1, -1, 1, 0, 0, 1, 0, -1, 0, -1, 0, -1, 1, 0, 0, 0, 1, 0, -1], [-1, 1, 0, 1, 1, -1, 0, 0, 0, 1, 1, 0, 1, 0, 1, -1, 0, 0, 0, -1, 0, 1], [0, 0, 0, 0, 0, 0, 0, 0, 0, 0, 1, 0, 0, 0, 0, 0, 0, 0, 0, 0, 0, 0], [1, -1, 0, -1, -1, 1, 0, 0, 0, 0, -1, 1, -1, 0, -1, 1, 0, 0, 0, 1, 0, -1], [1, -1, 0, -1, -1, 1, 0, 0, 0, 0, -1, 0, 0, 0, -1, 1, 0, 0, 0, 1, 0, -1], [1, -2, 0, -2, -1, 1, 0, 0, 0, 0, -1, 0, -1, 0, -2, 1, 0, 0, 0, 1, 0, -1], [-1, 1, 0, 1, 1, -1, 0, 0, 0, 0, 1, 0, 1, 0, 2, -1, 0, 0, 0, -1, 0, 1], [0, -1, 0, -1, 0, 0, 0, 0, 0, 0, 0, 0, 0, -1, -1, 1, 0, 0, 0, 0, 0, 0], [2, -3, 0, -3, -2, 2, 0, 0, 0, 0, -2, 0, -2, -1, -3, 2, 1, 0, 0, 2, 0, -2], [-1, 1, 0, 1, 1, -1, 0, 0, 0, 0, 1, 0, 1, 0, 1, -1, 0, 1, 0, -1, 0, 1], [0, 1, 0, 1, 0, 0, 0, 0, 0, 0, 0, 0, 0, 1, 1, 0, 0, 0, 1, 0, 0, 0], [-1, 1, 0, 1, 1, -1, 0, 0, 0, 0, 1, 0, 1, 0, 1, -1, 0, 0, 0, 0, 0, 1], [-1, 1, 0, 1, 1, -1, 0, 0, 0, 0, 1, 0, 1, 0, 1, -1, 0, 0, 0, -1, 1, 1], [0, 0, 0, 0, 0, 0, 0, 0, 0, 0, 0, 0, 0, 0, 0, 0, 0, 0, 0, 0, 0, 1]]
[[1, 0, 0, 0, 0, 0, 0, 0, 0, 0, 0, 0, 0, 0, 0, 0, 0, 0, 0, 0, 0, 0], [0, 1, 0, 0, 0, 0, 0, 0, 0, 0, 0, 0, 0, 0, 0, 0, 0, 0, 0, 0, 0, 0], [0, 0, 1, 0, 0, 0, 0, 0, 0, 0, 0, 0, 0, 0, 0, 0, 0, 0, 0, 0, 0, 0], [0, 0, 0, 1, 0, 0, 0, 0, 0, 0, 0, 0, 0, 0, 0, 0, 0, 0, 0, 0, 0, 0], [0, 0, 0, 0, 1, 0, 0, 0, 0, 0, 0, 0, 0, 0, 0, 0, 0, 0, 0, 0, 0, 0], [0, 0, 0, 0, 0, 1, 0, 0, 0, 0, 0, 0, 0, 0, 0, 0, 0, 0, 0, 0, 0, 0], [0, 0, 0, 0, 0, 0, 1, 0, 0, 0, 0, 0, 0, 0, 0, 0, 0, 0, 0, 0, 0, 0], [0, 0, 0, 0, 0, 0, 0, 1, 0, 0, 0, 0, 0, 0, 0, 0, 0, 0, 0, 0, 0, 0], [0, 0, 0, 0, 0, 0, 0, 0, 1, 0, 0, 0, 0, 0, 0, 0, 0, 0, 0, 0, 0, 0], [0, 0, 0, 0, 0, 0, 0, 0, 0, 1, 0, 0, 0, 0, 0, 0, 0, 0, 0, 0, 0, 0], [0, 0, 0, 0, 0, 0, 0, 0, 0, 0, 1, 0, 0, 0, 0, 0, 0, 0, 0, 0, 0, 0], [0, 0, 0, 0, 0, 0, 0, 0, 0, 0, 0, 1, 0, 0, 0, 0, 0, 0, 0, 0, 0, 0], [0, 0, 0, 0, 0, 0, 0, 0, 0, 0, 0, 0, 1, 0, 0, 0, 0, 0, 0, 0, 0, 0], [0, 0, 0, 0, 0, 0, 0, 0, 0, 0, 0, 0, 0, 1, 0, 0, 0, 0, 0, 0, 0, 0], [0, 0, 0, 0, 0, 0, 0, 0, 0, 0, 0, 0, 0, 0, 1, 0, 0, 0, 0, 0, 0, 0], [0, 0, 0, 0, 0, 0, 0, 0, 0, 0, 0, 0, 0, 0, 0, 1, 0, 0, 0, 0, 0, 0], [0, 0, 0, 0, 0, 0, 0, 0, 0, 0, 0, 0, 0, 0, 0, 0, 1, 0, 0, 0, 0, 0], [0, 0, 0, 0, 0, 0, 0, 0, 0, 0, 0, 0, 0, 0, 0, 0, 0, 1, 0, 0, 0, 0], [0, 0, 0, 0, 0, 0, 0, 0, 0, 0, 0, 0, 0, 0, 0, 0, 0, 0, 1, 0, 0, 0], [0, 0, 0, 0, 0, 0, 0, 0, 0, 0, 0, 0, 0, 0, 0, 0, 0, 0, 0, 1, 0, 0], [0, 0, 0, 0, 0, 0, 0, 0, 0, 0, 0, 0, 0, 0, 0, 0, 0, 0, 0, 0, 1, 0], [0, 0, 0, 0, 0, 0, 0, 0, 0, 0, 0, 0, 0, 0, 0, 0, 0, 0, 0, 0, 0, 1]]
[[1, 0, 0, 0, 0, 0, 0, 0, 0, 0, 0, 0, 0, 0, 0, 0, 0, 0, 0, 0, 0, 0], [0, 1, 0, 0, 0, 0, 0, 0, 0, 0, 0, 0, 0, 0, 0, 0, 0, 0, 0, 0, 0, 0], [0, 0, 1, 0, 0, 0, 0, 0, 0, 0, 0, 0, 0, 0, 0, 0, 0, 0, 0, 0, 0, 0], [0, 0, 0, 1, 0, 0, 0, 0, 0, 0, 0, 0, 0, 0, 0, 0, 0, 0, 0, 0, 0, 0], [0, 0, 0, 0, 1, 0, 0, 0, 0, 0, 0, 0, 0, 0, 0, 0, 0, 0, 0, 0, 0, 0], [0, 0, 0, 0, 0, 1, 0, 0, 0, 0, 0, 0, 0, 0, 0, 0, 0, 0, 0, 0, 0, 0], [0, 0, 0, 0, 0, 0, 1, 0, 0, 0, 0, 0, 0, 0, 0, 0, 0, 0, 0, 0, 0, 0], [0, 0, 0, 0, 0, 0, 0, 1, 0, 0, 0, 0, 0, 0, 0, 0, 0, 0, 0, 0, 0, 0], [0, 0, 0, 0, 0, 0, 0, 0, 1, 0, 0, 0, 0, 0, 0, 0, 0, 0, 0, 0, 0, 0], [0, 0, 0, 0, 0, 0, 0, 0, 0, 1, 0, 0, 0, 0, 0, 0, 0, 0, 0, 0, 0, 0], [0, 0, 0, 0, 0, 0, 0, 0, 0, 0, 1, 0, 0, 0, 0, 0, 0, 0, 0, 0, 0, 0], [0, 0, 0, 0, 0, 0, 0, 0, 0, 0, 0, 1, 0, 0, 0, 0, 0, 0, 0, 0, 0, 0], [0, 0, 0, 0, 0, 0, 0, 0, 0, 0, 0, 0, 1, 0, 0, 0, 0, 0, 0, 0, 0, 0], [0, 0, 0, 0, 0, 0, 0, 0, 0, 0, 0, 0, 0, 1, 0, 0, 0, 0, 0, 0, 0, 0], [0, 0, 0, 0, 0, 0, 0, 0, 0, 0, 0, 0, 0, 0, 1, 0, 0, 0, 0, 0, 0, 0], [0, 0, 0, 0, 0, 0, 0, 0, 0, 0, 0, 0, 0, 0, 0, 1, 0, 0, 0, 0, 0, 0], [0, 0, 0, 0, 0, 0, 0, 0, 0, 0, 0, 0, 0, 0, 0, 0, 1, 0, 0, 0, 0, 0], [0, 0, 0, 0, 0, 0, 0, 0, 0, 0, 0, 0, 0, 0, 0, 0, 0, 1, 0, 0, 0, 0], [0, 0, 0, 0, 0, 0, 0, 0, 0, 0, 0, 0, 0, 0, 0, 0, 0, 0, 1, 0, 0, 0], [0, 0, 0, 0, 0, 0, 0, 0, 0, 0, 0, 0, 0, 0, 0, 0, 0, 0, 0, 1, 0, 0], [0, 0, 0, 0, 0, 0, 0, 0, 0, 0, 0, 0, 0, 0, 0, 0, 0, 0, 0, 0, 1, 0], [0, 0, 0, 0, 0, 0, 0, 0, 0, 0, 0, 0, 0, 0, 0, 0, 0, 0, 0, 0, 0, 1]]

#################
# GALOIS GROUPS #
#################


Generators of the monodromy group on the generic Picard lattice:
[[1, 0, 0, 0, 0, 0, 0, 0, 0, 0, 0, 0, 0, 0, 0], [0, 1, 0, 0, 0, 0, 0, 0, 0, 0, 0, 0, 0, 0, 0], [0, 0, 1, 0, 0, 0, 0, 0, 0, 0, 0, 0, 0, 0, 0], [0, 0, 0, 1, 0, 0, 0, 0, 0, 0, 0, 0, 0, 0, 0], [0, 0, 0, 0, 1, 0, 0, 0, 0, 0, 0, 0, 0, 0, 0], [0, 0, 0, 0, 0, 1, 0, 0, 0, 0, 0, 0, 0, 0, 0], [0, 0, 0, 0, 0, 0, 1, 0, 0, 0, 0, 0, 0, 0, 0], [0, 0, 0, 0, 0, 0, 0, 1, 0, 0, 0, 0, 0, 0, 0], [0, -1, -1, 0, 1, 0, 1, 0, 1, -1, -1, -1, 1, 0, -1], [0, -1, -1, 0, 1, 0, 1, 0, 0, 0, -1, -1, 1, 0, -1], [0, 0, 0, 0, 0, 0, 0, 0, 0, 0, 1, 0, 0, 0, 0], [0, 1, 1, 0, -1, 0, -1, 0, 0, 1, 1, 2, -1, 0, 1], [0, 1, 1, 0, -1, 0, -1, 0, 0, 1, 1, 1, 0, 0, 1], [0, -1, -1, 0, 1, 0, 1, 0, 0, -1, -1, -1, 1, 1, -1], [0, -1, -1, 0, 1, 0, 1, 0, 0, -1, -1, -1, 1, 0, 0]]
[[-1, -1, -1, -1, 0, -1, 0, 0, 0, 0, -1, -1, 0, 0, -1], [-1, 0, 0, 0, 0, 0, 1, -1, 0, 0, 0, -1, 0, 0, -1], [-1, 0, 0, -1, 0, 0, 0, -1, 0, 0, 0, 0, 0, 0, 0], [1, 1, 0, 1, 0, 0, -1, 1, 0, 0, 0, 1, 0, 0, 1], [1, 0, 1, 1, 1, 0, 0, 1, 0, 0, 0, 0, 0, 0, 0], [1, 0, 1, 1, 0, 1, 0, 1, 0, 0, 0, 0, 0, 0, 0], [-1, 0, -1, -1, 0, 0, 1, -1, 0, 0, 0, 0, 0, 0, 0], [0, 0, 0, 0, 0, 1, 1, -1, 0, 0, 1, 0, 0, 0, 0], [0, -1, -1, -1, 0, 0, 1, 0, -1, 0, 0, -1, 0, 0, -1], [0, 2, 0, 2, 1, -3, -2, 1, 0, 0, -1, 1, -1, -1, 0], [0, 0, 0, 0, 0, 0, 0, 0, 0, 0, 1, 0, 0, 0, 0], [-1, 1, 0, 0, -1, -1, -1, 0, 0, 1, 1, 1, -1, -1, 1], [-2, 3, 1, 1, -1, -3, -3, -1, 0, 1, 1, 2, -2, -1, 1], [1, 0, -1, 1, 1, 0, 1, 0, 0, -1, 0, -1, 1, 0, 0], [1, -1, 0, 0, 1, 1, 1, 0, 0, -1, -1, 0, 1, 1, 0]]
[[0, 0, 1, 0, 0, 0, -1, 0, 1, 0, -1, 1, 0, 0, 0], [1, 2, 0, 2, 0, 0, -1, 0, 1, 0, 1, 1, 0, -1, 1], [0, 2, 1, 2, 0, -2, -2, 0, 0, 1, 1, 1, -1, -1, 0], [-1, 0, 0, -1, 0, -1, 0, 0, -1, 0, 0, 0, -1, 0, 0], [1, -5, -1, -4, -1, 5, 4, 0, -1, -1, -1, -3, 2, 2, -1], [1, -2, -1, -2, 0, 3, 3, 0, -1, -1, 0, -2, 1, 1, 0], [-1, 5, 1, 4, 0, -5, -5, 0, 1, 1, 1, 3, -2, -2, 1], [0, 2, 0, 2, 0, -2, -2, 1, 0, 1, 1, 1, -1, -1, 0], [0, -1, -1, 0, 0, 0, 0, 0, 1, -1, -1, -1, 1, 0, -1], [0, -2, -1, -2, 0, 1, 1, 0, 0, -1, -1, -1, 1, 0, 0], [0, -1, 0, 0, 0, 1, 1, 0, 0, 0, 0, -1, 1, 1, -1], [0, 3, 1, 2, 0, -2, -2, 0, 0, 1, 1, 2, -1, 0, 1], [0, 3, 1, 2, 0, -2, -2, 0, 0, 2, 2, 2, -1, -1, 1], [0, -3, -1, -2, 0, 2, 2, 0, 0, -1, -1, -1, 1, 1, -1], [-1, -2, -1, -2, 0, 0, 1, 0, -1, 0, -1, -1, 0, 0, -1]]
[[1, 0, 0, 0, 0, 0, 0, 0, 0, 0, 0, 0, 0, 0, 0], [0, 1, 0, 0, 0, 0, 0, 0, 0, 0, 0, 0, 0, 0, 0], [0, 0, 1, 0, 0, 0, 0, 0, 0, 0, 0, 0, 0, 0, 0], [0, 0, 0, 1, 0, 0, 0, 0, 0, 0, 0, 0, 0, 0, 0], [0, 0, 0, 0, 1, 0, 0, 0, 0, 0, 0, 0, 0, 0, 0], [0, 0, 0, 0, 0, 1, 0, 0, 0, 0, 0, 0, 0, 0, 0], [0, 0, 0, 0, 0, 0, 1, 0, 0, 0, 0, 0, 0, 0, 0], [0, 0, 0, 0, 0, 0, 0, 1, 0, 0, 0, 0, 0, 0, 0], [0, 0, 0, 0, 0, 0, 0, 0, 1, 0, 0, 0, 0, 0, 0], [0, 0, 0, 0, 0, 0, 0, 0, 0, 1, 0, 0, 0, 0, 0], [0, 0, 0, 0, 0, 0, 0, 0, 0, 0, 1, 0, 0, 0, 0], [0, 0, 0, 0, 0, 0, 0, 0, 0, 0, 0, 1, 0, 0, 0], [0, 0, 0, 0, 0, 0, 0, 0, 0, 0, 0, 0, 1, 0, 0], [0, 0, 0, 0, 0, 0, 0, 0, 0, 0, 0, 0, 0, 1, 0], [0, 0, 0, 0, 0, 0, 0, 0, 0, 0, 0, 0, 0, 0, 1]]
[[1, 0, 0, 0, 0, 0, 0, 0, 0, 0, 0, 0, 0, 0, 0], [0, 1, 0, 0, 0, 0, 0, 0, 0, 0, 0, 0, 0, 0, 0], [0, 0, 1, 0, 0, 0, 0, 0, 0, 0, 0, 0, 0, 0, 0], [0, 0, 0, 1, 0, 0, 0, 0, 0, 0, 0, 0, 0, 0, 0], [0, 0, 0, 0, 1, 0, 0, 0, 0, 0, 0, 0, 0, 0, 0], [0, 0, 0, 0, 0, 1, 0, 0, 0, 0, 0, 0, 0, 0, 0], [0, 0, 0, 0, 0, 0, 1, 0, 0, 0, 0, 0, 0, 0, 0], [0, 0, 0, 0, 0, 0, 0, 1, 0, 0, 0, 0, 0, 0, 0], [0, 0, 0, 0, 0, 0, 0, 0, 1, 0, 0, 0, 0, 0, 0], [0, 0, 0, 0, 0, 0, 0, 0, 0, 1, 0, 0, 0, 0, 0], [0, 0, 0, 0, 0, 0, 0, 0, 0, 0, 1, 0, 0, 0, 0], [0, 0, 0, 0, 0, 0, 0, 0, 0, 0, 0, 1, 0, 0, 0], [0, 0, 0, 0, 0, 0, 0, 0, 0, 0, 0, 0, 1, 0, 0], [0, 0, 0, 0, 0, 0, 0, 0, 0, 0, 0, 0, 0, 1, 0], [0, 0, 0, 0, 0, 0, 0, 0, 0, 0, 0, 0, 0, 0, 1]]
[[0, 2, 0, 1, 0, -2, -2, 0, 0, 0, 0, 1, -1, 0, 0], [0, 1, 0, 0, 0, 0, 0, 0, 0, 0, 0, 0, 0, 0, 0], [-1, 2, 1, 1, 0, -2, -2, 0, 0, 0, 0, 1, -1, 0, 0], [0, -2, 0, -1, 0, 1, 1, 0, 0, 0, -1, 0, 0, 0, 0], [1, 0, 0, 1, 1, 1, 1, 0, 0, 0, 1, -1, 1, 0, 0], [1, -2, 0, -1, 0, 3, 2, 0, 0, 0, 0, -1, 1, 0, 0], [-1, 2, 0, 1, 0, -2, -1, 0, 0, 0, 0, 1, -1, 0, 0], [0, 0, 0, 0, 0, 0, 0, 1, 0, 0, 0, 0, 0, 0, 0], [0, 1, 0, 0, -1, -1, -1, 1, -1, 1, 1, 0, -1, 0, 0], [0, 0, 0, 0, 0, 0, 0, 0, 0, 1, 0, 0, 0, 0, 0], [0, 0, 0, 0, 0, 0, 0, 0, 0, 0, 1, 0, 0, 0, 0], [0, 0, 0, 0, 0, 0, 0, 0, 0, 0, 0, 1, 0, 0, 0], [-1, 0, 0, -1, 0, -1, -1, 0, 0, 0, -1, 1, 0, 0, 0], [1, -2, 0, -1, 0, 2, 2, 0, 0, 0, 0, -1, 1, 1, 0], [0, 0, 0, 0, 0, 0, 0, 0, 0, 0, 0, 0, 0, 0, 1]]
[[1, 0, 0, 0, 0, 0, 0, 0, 0, 0, 0, 0, 0, 0, 0], [0, 1, 0, 0, 0, 0, 0, 0, 0, 0, 0, 0, 0, 0, 0], [0, 0, 1, 0, 0, 0, 0, 0, 0, 0, 0, 0, 0, 0, 0], [0, 0, 0, 1, 0, 0, 0, 0, 0, 0, 0, 0, 0, 0, 0], [0, 0, 0, 0, 1, 0, 0, 0, 0, 0, 0, 0, 0, 0, 0], [0, 0, 0, 0, 0, 1, 0, 0, 0, 0, 0, 0, 0, 0, 0], [0, 0, 0, 0, 0, 0, 1, 0, 0, 0, 0, 0, 0, 0, 0], [0, 0, 0, 0, 0, 0, 0, 1, 0, 0, 0, 0, 0, 0, 0], [0, 0, 0, 0, 0, 0, 0, 0, 1, 0, 0, 0, 0, 0, 0], [0, 0, 0, 0, 0, 0, 0, 0, 0, 1, 0, 0, 0, 0, 0], [0, 0, 0, 0, 0, 0, 0, 0, 0, 0, 1, 0, 0, 0, 0], [0, 0, 0, 0, 0, 0, 0, 0, 0, 0, 0, 1, 0, 0, 0], [0, 0, 0, 0, 0, 0, 0, 0, 0, 0, 0, 0, 1, 0, 0], [0, 0, 0, 0, 0, 0, 0, 0, 0, 0, 0, 0, 0, 1, 0], [0, 0, 0, 0, 0, 0, 0, 0, 0, 0, 0, 0, 0, 0, 1]]
[[1, 0, 0, 0, 0, 0, 0, 0, 0, 0, 0, 0, 0, 0, 0], [0, 1, 0, 0, 0, 0, 0, 0, 0, 0, 0, 0, 0, 0, 0], [0, 0, 1, 0, 0, 0, 0, 0, 0, 0, 0, 0, 0, 0, 0], [0, 0, 0, 1, 0, 0, 0, 0, 0, 0, 0, 0, 0, 0, 0], [0, 0, 0, 0, 1, 0, 0, 0, 0, 0, 0, 0, 0, 0, 0], [0, 0, 0, 0, 0, 1, 0, 0, 0, 0, 0, 0, 0, 0, 0], [0, 0, 0, 0, 0, 0, 1, 0, 0, 0, 0, 0, 0, 0, 0], [0, 0, 0, 0, 0, 0, 0, 1, 0, 0, 0, 0, 0, 0, 0], [0, 0, 0, 0, 0, 0, 0, 0, 1, 0, 0, 0, 0, 0, 0], [0, 0, 0, 0, 0, 0, 0, 0, 0, 1, 0, 0, 0, 0, 0], [0, 0, 0, 0, 0, 0, 0, 0, 0, 0, 1, 0, 0, 0, 0], [0, 0, 0, 0, 0, 0, 0, 0, 0, 0, 0, 1, 0, 0, 0], [0, 0, 0, 0, 0, 0, 0, 0, 0, 0, 0, 0, 1, 0, 0], [0, 0, 0, 0, 0, 0, 0, 0, 0, 0, 0, 0, 0, 1, 0], [0, 0, 0, 0, 0, 0, 0, 0, 0, 0, 0, 0, 0, 0, 1]]
[[1, 0, 0, 0, 0, 0, 0, 0, 0, 0, 0, 0, 0, 0, 0], [0, 1, 0, 0, 0, 0, 0, 0, 0, 0, 0, 0, 0, 0, 0], [0, 0, 1, 0, 0, 0, 0, 0, 0, 0, 0, 0, 0, 0, 0], [0, 0, 0, 1, 0, 0, 0, 0, 0, 0, 0, 0, 0, 0, 0], [0, 0, 0, 0, 1, 0, 0, 0, 0, 0, 0, 0, 0, 0, 0], [0, 0, 0, 0, 0, 1, 0, 0, 0, 0, 0, 0, 0, 0, 0], [0, 0, 0, 0, 0, 0, 1, 0, 0, 0, 0, 0, 0, 0, 0], [0, 0, 0, 0, 0, 0, 0, 1, 0, 0, 0, 0, 0, 0, 0], [0, 0, 0, 0, 0, 0, 0, 0, 1, 0, 0, 0, 0, 0, 0], [0, 0, 0, 0, 0, 0, 0, 0, 0, 1, 0, 0, 0, 0, 0], [0, 0, 0, 0, 0, 0, 0, 0, 0, 0, 1, 0, 0, 0, 0], [0, 0, 0, 0, 0, 0, 0, 0, 0, 0, 0, 1, 0, 0, 0], [0, 0, 0, 0, 0, 0, 0, 0, 0, 0, 0, 0, 1, 0, 0], [0, 0, 0, 0, 0, 0, 0, 0, 0, 0, 0, 0, 0, 1, 0], [0, 0, 0, 0, 0, 0, 0, 0, 0, 0, 0, 0, 0, 0, 1]]
[[1, 0, 0, 0, 0, 0, 0, 0, 0, 0, 0, 0, 0, 0, 0], [0, 1, 0, 0, 0, 0, 0, 0, 0, 0, 0, 0, 0, 0, 0], [0, 0, 1, 0, 0, 0, 0, 0, 0, 0, 0, 0, 0, 0, 0], [0, 0, 0, 1, 0, 0, 0, 0, 0, 0, 0, 0, 0, 0, 0], [0, 0, 0, 0, 1, 0, 0, 0, 0, 0, 0, 0, 0, 0, 0], [0, 0, 0, 0, 0, 1, 0, 0, 0, 0, 0, 0, 0, 0, 0], [0, 0, 0, 0, 0, 0, 1, 0, 0, 0, 0, 0, 0, 0, 0], [0, 0, 0, 0, 0, 0, 0, 1, 0, 0, 0, 0, 0, 0, 0], [0, 0, 0, 0, 0, 0, 0, 0, 1, 0, 0, 0, 0, 0, 0], [0, 0, 0, 0, 0, 0, 0, 0, 0, 1, 0, 0, 0, 0, 0], [0, 0, 0, 0, 0, 0, 0, 0, 0, 0, 1, 0, 0, 0, 0], [0, 0, 0, 0, 0, 0, 0, 0, 0, 0, 0, 1, 0, 0, 0], [0, 0, 0, 0, 0, 0, 0, 0, 0, 0, 0, 0, 1, 0, 0], [0, 0, 0, 0, 0, 0, 0, 0, 0, 0, 0, 0, 0, 1, 0], [0, 0, 0, 0, 0, 0, 0, 0, 0, 0, 0, 0, 0, 0, 1]]
[[0, 0, 0, 0, 0, -1, 0, -1, 0, 0, 0, 0, 0, 0, 0], [-1, -1, 0, -1, 0, 0, 1, -1, 0, 0, 0, -1, 1, 1, -1], [0, 0, 1, 0, 0, 0, 0, 0, 0, 0, 0, 0, 0, 0, 0], [1, 0, 0, 1, 0, 1, 0, 1, 0, 0, 0, 0, 0, 0, 0], [-1, 3, 0, 2, 1, -4, -3, 1, 0, 1, 0, 2, -2, -2, 1], [-1, 1, 0, 1, 0, -2, -2, 1, 0, 1, 0, 1, -1, -1, 0], [1, -3, 0, -2, 0, 4, 4, -1, 0, -1, 0, -2, 2, 2, -1], [0, -1, 0, -1, 0, 2, 2, -1, 0, -1, 0, -1, 1, 1, 0], [0, -1, 0, -1, 0, 2, 2, -2, 1, -1, 0, -1, 1, 1, 0], [0, 0, 0, 0, 0, 0, 0, 0, 0, 1, 0, 0, 0, 0, 0], [0, 2, 0, 1, 0, -1, -1, 0, 0, 0, 1, 1, -1, -1, 1], [0, 0, 0, 0, 0, 0, 0, 0, 0, 0, 0, 1, 0, 0, 0], [0, 0, 0, 0, 0, 0, 0, 0, 0, 0, 0, 0, 1, 0, 0], [0, 2, 0, 1, 0, -1, -1, 0, 0, 0, 0, 1, -1, 0, 1], [1, 0, 0, 0, 0, 1, 0, 1, 0, 0, 0, 0, 0, 0, 1]]
[[1, -2, 0, -2, -1, 2, 1, 0, -1, 0, 0, 0, 0, 1, 0], [0, -2, 0, -2, -1, 2, 1, 0, -1, 0, 0, -1, 1, 2, -1], [0, 0, 0, 0, 0, 0, 0, 0, 0, -1, -1, 0, 0, 1, 0], [0, 0, 0, 1, 1, 0, 1, 0, 1, 0, 0, 0, 0, -1, 0], [0, 0, 0, 0, 0, 0, -1, 0, 1, 0, 0, 0, 0, -1, 0], [0, -1, 0, 0, 1, 1, 1, 0, 1, 0, 0, -1, 1, 0, -1], [0, 0, 0, 0, -1, 0, 0, 0, -1, 0, 0, 0, 0, 1, 0], [0, 0, 0, 0, 0, 1, 1, -1, 0, -1, 0, -1, 1, 1, 0], [0, 0, 0, 0, 0, 0, 0, 0, -1, 0, 0, 0, 0, 0, 0], [0, -3, -1, -2, 0, 2, 2, 0, 0, 0, -1, -1, 1, 0, -1], [0, 3, 0, 2, 0, -2, -2, 0, 0, 0, 1, 1, -1, -1, 1], [0, 3, 1, 2, 0, -2, -2, 0, 0, 1, 1, 2, -1, 0, 1], [0, 1, 0, 0, 0, 0, 0, 0, 0, 0, 0, 1, 0, 1, 1], [0, 0, 0, 0, 0, 0, 0, 0, 0, 0, 0, 0, 0, -1, 0], [0, -1, -1, 0, 1, 0, 1, 0, 1, -1, -1, -1, 1, -1, 0]]
[[1, 0, 0, 0, 0, 0, 0, 0, 0, 0, 0, 0, 0, 0, 0], [0, 1, 0, 0, 0, 0, 0, 0, 0, 0, 0, 0, 0, 0, 0], [0, 0, 1, 0, 0, 0, 0, 0, 0, 0, 0, 0, 0, 0, 0], [0, 0, 0, 1, 0, 0, 0, 0, 0, 0, 0, 0, 0, 0, 0], [0, 0, 0, 0, 1, 0, 0, 0, 0, 0, 0, 0, 0, 0, 0], [0, 0, 0, 0, 0, 1, 0, 0, 0, 0, 0, 0, 0, 0, 0], [0, 0, 0, 0, 0, 0, 1, 0, 0, 0, 0, 0, 0, 0, 0], [0, 0, 0, 0, 0, 0, 0, 1, 0, 0, 0, 0, 0, 0, 0], [0, 0, 0, 0, 0, 0, 0, 0, 1, 0, 0, 0, 0, 0, 0], [0, 0, 0, 0, 0, 0, 0, 0, 0, 1, 0, 0, 0, 0, 0], [0, 0, 0, 0, 0, 0, 0, 0, 0, 0, 1, 0, 0, 0, 0], [0, 0, 0, 0, 0, 0, 0, 0, 0, 0, 0, 1, 0, 0, 0], [0, 0, 0, 0, 0, 0, 0, 0, 0, 0, 0, 0, 1, 0, 0], [0, 0, 0, 0, 0, 0, 0, 0, 0, 0, 0, 0, 0, 1, 0], [0, 0, 0, 0, 0, 0, 0, 0, 0, 0, 0, 0, 0, 0, 1]]
[[1, 0, 0, 0, 0, 0, 0, 0, 0, 0, 0, 0, 0, 0, 0], [0, 1, 0, 0, 0, 0, 0, 0, 0, 0, 0, 0, 0, 0, 0], [0, 0, 1, 0, 0, 0, 0, 0, 0, 0, 0, 0, 0, 0, 0], [0, 0, 0, 1, 0, 0, 0, 0, 0, 0, 0, 0, 0, 0, 0], [0, 0, 0, 0, 1, 0, 0, 0, 0, 0, 0, 0, 0, 0, 0], [0, 0, 0, 0, 0, 1, 0, 0, 0, 0, 0, 0, 0, 0, 0], [0, 0, 0, 0, 0, 0, 1, 0, 0, 0, 0, 0, 0, 0, 0], [0, 0, 0, 0, 0, 0, 0, 1, 0, 0, 0, 0, 0, 0, 0], [0, 0, 0, 0, 0, 0, 0, 0, 1, 0, 0, 0, 0, 0, 0], [0, 0, 0, 0, 0, 0, 0, 0, 0, 1, 0, 0, 0, 0, 0], [0, 0, 0, 0, 0, 0, 0, 0, 0, 0, 1, 0, 0, 0, 0], [0, 0, 0, 0, 0, 0, 0, 0, 0, 0, 0, 1, 0, 0, 0], [0, 0, 0, 0, 0, 0, 0, 0, 0, 0, 0, 0, 1, 0, 0], [0, 0, 0, 0, 0, 0, 0, 0, 0, 0, 0, 0, 0, 1, 0], [0, 0, 0, 0, 0, 0, 0, 0, 0, 0, 0, 0, 0, 0, 1]]
[[1, -2, 0, -1, 0, 2, 2, 0, 0, 0, 0, -1, 1, 1, -1], [0, -1, 0, -1, 0, 1, 1, -1, 0, 0, -1, -1, 1, 1, -1], [0, 0, 1, 0, 0, 0, 0, -1, 0, 0, 0, 0, 0, 0, 0], [0, 2, 0, 2, 0, -1, -1, 1, 0, 0, 1, 1, -1, -1, 1], [0, 0, 0, 0, 1, 0, 0, 1, 0, 0, 0, 0, 0, 0, 0], [0, 0, 0, 0, 0, 1, 0, 1, 0, 0, 0, 0, 0, 0, 0], [0, 0, 0, 0, 0, -1, 0, -1, 0, 0, -1, 0, 0, 0, 0], [0, 0, 0, 0, 0, 0, 0, -1, 0, 0, 0, 0, 0, 0, 0], [0, 0, 0, 0, 0, 0, 0, -1, 1, 0, 0, 0, 0, 0, 0], [0, 2, 0, 1, 0, -1, -1, 1, 0, 1, 1, 1, -1, -1, 1], [0, 0, 0, 0, 0, -1, -1, 0, 0, 0, 0, 0, 0, 0, 0], [0, 0, 0, 0, 0, -1, -1, 0, 0, 0, -1, 1, 0, 0, 0], [0, 0, 0, 0, 0, 0, 0, -1, 0, 0, 0, 0, 1, 0, 0], [0, 2, 0, 1, 0, -1, -1, 0, 0, 0, 1, 1, -1, 0, 1], [0, 0, 0, 0, 0, 1, 1, 0, 0, 0, 1, 0, 0, 0, 1]]
[[1, 0, 0, 0, 0, 0, 0, 0, 0, 0, 0, 0, 0, 0, 0], [0, 1, 0, 0, 0, 0, 0, 0, 0, 0, 0, 0, 0, 0, 0], [0, 0, 1, 0, 0, 0, 0, 0, 0, 0, 0, 0, 0, 0, 0], [0, 0, 0, 1, 0, 0, 0, 0, 0, 0, 0, 0, 0, 0, 0], [0, 0, 0, 0, 1, 0, 0, 0, 0, 0, 0, 0, 0, 0, 0], [0, 0, 0, 0, 0, 1, 0, 0, 0, 0, 0, 0, 0, 0, 0], [0, 0, 0, 0, 0, 0, 1, 0, 0, 0, 0, 0, 0, 0, 0], [0, 0, 0, 0, 0, 0, 0, 1, 0, 0, 0, 0, 0, 0, 0], [0, 0, 0, 0, 0, 0, 0, 0, 1, 0, 0, 0, 0, 0, 0], [0, 0, 0, 0, 0, 0, 0, 0, 0, 1, 0, 0, 0, 0, 0], [0, 0, 0, 0, 0, 0, 0, 0, 0, 0, 1, 0, 0, 0, 0], [0, 0, 0, 0, 0, 0, 0, 0, 0, 0, 0, 1, 0, 0, 0], [0, 0, 0, 0, 0, 0, 0, 0, 0, 0, 0, 0, 1, 0, 0], [0, 0, 0, 0, 0, 0, 0, 0, 0, 0, 0, 0, 0, 1, 0], [0, 0, 0, 0, 0, 0, 0, 0, 0, 0, 0, 0, 0, 0, 1]]
[[1, 0, 0, 0, 0, 0, 0, 0, 0, 0, 0, 0, 0, 0, 0], [0, 1, 0, 0, 0, 0, 0, 0, 0, 0, 0, 0, 0, 0, 0], [0, 0, 1, 0, 0, 0, 0, 0, 0, 0, 0, 0, 0, 0, 0], [0, 0, 0, 1, 0, 0, 0, 0, 0, 0, 0, 0, 0, 0, 0], [0, 0, 0, 0, 1, 0, 0, 0, 0, 0, 0, 0, 0, 0, 0], [0, 0, 0, 0, 0, 1, 0, 0, 0, 0, 0, 0, 0, 0, 0], [0, 0, 0, 0, 0, 0, 1, 0, 0, 0, 0, 0, 0, 0, 0], [0, 0, 0, 0, 0, 0, 0, 1, 0, 0, 0, 0, 0, 0, 0], [0, 0, 0, 0, 0, 0, 0, 0, 1, 0, 0, 0, 0, 0, 0], [0, 0, 0, 0, 0, 0, 0, 0, 0, 1, 0, 0, 0, 0, 0], [0, 0, 0, 0, 0, 0, 0, 0, 0, 0, 1, 0, 0, 0, 0], [0, 0, 0, 0, 0, 0, 0, 0, 0, 0, 0, 1, 0, 0, 0], [0, 0, 0, 0, 0, 0, 0, 0, 0, 0, 0, 0, 1, 0, 0], [0, 0, 0, 0, 0, 0, 0, 0, 0, 0, 0, 0, 0, 1, 0], [0, 0, 0, 0, 0, 0, 0, 0, 0, 0, 0, 0, 0, 0, 1]]
[[1, 0, 0, 0, 0, 0, 0, 0, 0, 0, 0, 0, 0, 0, 0], [0, 1, 0, 0, 0, 0, 0, 0, 0, 0, 0, 0, 0, 0, 0], [0, 0, 1, 0, 0, 0, 0, 0, 0, 0, 0, 0, 0, 0, 0], [0, 0, 0, 1, 0, 0, 0, 0, 0, 0, 0, 0, 0, 0, 0], [0, 0, 0, 0, 1, 0, 0, 0, 0, 0, 0, 0, 0, 0, 0], [0, 0, 0, 0, 0, 1, 0, 0, 0, 0, 0, 0, 0, 0, 0], [0, 0, 0, 0, 0, 0, 1, 0, 0, 0, 0, 0, 0, 0, 0], [0, 0, 0, 0, 0, 0, 0, 1, 0, 0, 0, 0, 0, 0, 0], [0, -1, -1, 0, 1, 0, 1, 0, 1, -1, -1, -1, 1, 0, -1], [0, -1, -1, 0, 1, 0, 1, 0, 0, 0, -1, -1, 1, 0, -1], [0, 0, 0, 0, 0, 0, 0, 0, 0, 0, 1, 0, 0, 0, 0], [0, 1, 1, 0, -1, 0, -1, 0, 0, 1, 1, 2, -1, 0, 1], [0, 1, 1, 0, -1, 0, -1, 0, 0, 1, 1, 1, 0, 0, 1], [0, -1, -1, 0, 1, 0, 1, 0, 0, -1, -1, -1, 1, 1, -1], [0, -1, -1, 0, 1, 0, 1, 0, 0, -1, -1, -1, 1, 0, 0]]
[[0, 2, 1, 2, 1, -2, -2, 0, 1, 0, 0, 1, -1, -1, 0], [1, 0, 0, 1, 1, 2, 2, 0, 1, -1, 0, -1, 1, 0, 0], [0, 0, 1, 0, 0, 0, 0, 0, 0, 0, 0, 0, 0, 0, 0], [-1, 1, 0, 0, -1, -2, -2, 0, -1, 1, 0, 1, -1, 0, 0], [1, -2, -1, -2, 0, 2, 2, 0, -1, 0, 0, -1, 1, 1, 0], [1, -2, -1, -2, -1, 3, 2, 0, -1, 0, 0, -1, 1, 1, 0], [-1, 2, 1, 2, 1, -2, -1, 0, 1, 0, 0, 1, -1, -1, 0], [0, 0, 0, 0, 0, 0, 0, 1, 0, 0, 0, 0, 0, 0, 0], [0, 0, 0, 0, 0, 0, 0, 0, 1, 0, 0, 0, 0, 0, 0], [0, 0, 0, 0, 0, 0, 0, 0, 0, 1, 0, 0, 0, 0, 0], [0, 0, 0, 0, 0, 0, 0, 0, 0, 0, 1, 0, 0, 0, 0], [0, -1, 0, 0, 0, 1, 1, 0, 0, -1, 0, -1, 0, 0, -1], [0, -1, 0, 0, 0, 1, 1, 0, 0, -1, 0, -2, 1, 0, -1], [0, 0, 0, 0, 0, 0, 0, 0, 0, 0, 0, 0, 0, 1, 0], [-1, 1, 0, -1, -1, -2, -2, 0, -1, 1, 0, 1, -1, 0, 1]]
[[0, -1, -1, -2, 0, 1, 1, -1, 0, -1, -1, -1, 1, 1, 0], [0, 1, 0, 0, 0, -1, -1, 0, 0, 0, 1, 0, 0, 0, 0], [-1, 1, 0, 0, 0, -2, -2, 1, 0, 1, 0, 1, -1, -1, 0], [0, 0, 0, 1, 0, 0, 0, 0, 0, 0, 0, 0, 0, 0, 0], [0, 2, 1, 2, 1, -2, -1, 0, 0, 1, 0, 2, -1, -1, 1], [0, 2, 1, 2, 0, -2, -2, 0, 0, 1, 1, 2, -1, -1, 1], [0, -2, -1, -2, 0, 2, 2, 0, 0, -1, 0, -2, 1, 1, -1], [0, 0, 0, 0, 0, 0, 0, 1, 0, 0, 0, 0, 0, 0, 0], [0, -2, -1, -2, 0, 1, 2, 0, -1, -1, -1, -2, 1, 1, -1], [0, -1, 0, 0, 1, 0, 1, -1, 0, -1, -1, -1, 1, 1, -1], [0, 0, 0, 0, 0, 1, 1, 0, 0, 0, 0, 0, 0, 0, 0], [1, -2, 0, -2, -1, 4, 2, 0, 0, 0, 1, -1, 1, 1, 0], [0, 1, 1, 0, -1, 0, -2, 1, 0, 1, 1, 1, -1, 0, 0], [1, -2, -1, 0, 1, 2, 3, 0, 0, -1, -1, -2, 2, 1, -1], [0, 1, 0, 2, 1, -2, -1, 1, 0, 0, -1, 1, -1, -1, 0]]
[[1, 0, 0, 0, 0, 0, 0, 0, 0, 0, 0, 0, 0, 0, 0], [0, 1, 0, 0, 0, 0, 0, 0, 0, 0, 0, 0, 0, 0, 0], [0, 0, 1, 0, 0, 0, 0, 0, 0, 0, 0, 0, 0, 0, 0], [0, 0, 0, 1, 0, 0, 0, 0, 0, 0, 0, 0, 0, 0, 0], [0, 0, 0, 0, 1, 0, 0, 0, 0, 0, 0, 0, 0, 0, 0], [0, 0, 0, 0, 0, 1, 0, 0, 0, 0, 0, 0, 0, 0, 0], [0, 0, 0, 0, 0, 0, 1, 0, 0, 0, 0, 0, 0, 0, 0], [0, 0, 0, 0, 0, 0, 0, 1, 0, 0, 0, 0, 0, 0, 0], [0, 0, 0, 0, 0, 0, 0, 0, 1, 0, 0, 0, 0, 0, 0], [0, 0, 0, 0, 0, 0, 0, 0, 0, 1, 0, 0, 0, 0, 0], [0, 0, 0, 0, 0, 0, 0, 0, 0, 0, 1, 0, 0, 0, 0], [0, 0, 0, 0, 0, 0, 0, 0, 0, 0, 0, 1, 0, 0, 0], [0, 0, 0, 0, 0, 0, 0, 0, 0, 0, 0, 0, 1, 0, 0], [0, 0, 0, 0, 0, 0, 0, 0, 0, 0, 0, 0, 0, 1, 0], [0, 0, 0, 0, 0, 0, 0, 0, 0, 0, 0, 0, 0, 0, 1]]
[[1, 0, 0, 0, 0, 0, 0, 0, 0, 0, 0, 0, 0, 0, 0], [0, 1, 0, 0, 0, 0, 0, 0, 0, 0, 0, 0, 0, 0, 0], [0, 0, 1, 0, 0, 0, 0, 0, 0, 0, 0, 0, 0, 0, 0], [0, 0, 0, 1, 0, 0, 0, 0, 0, 0, 0, 0, 0, 0, 0], [0, 0, 0, 0, 1, 0, 0, 0, 0, 0, 0, 0, 0, 0, 0], [0, 0, 0, 0, 0, 1, 0, 0, 0, 0, 0, 0, 0, 0, 0], [0, 0, 0, 0, 0, 0, 1, 0, 0, 0, 0, 0, 0, 0, 0], [0, 0, 0, 0, 0, 0, 0, 1, 0, 0, 0, 0, 0, 0, 0], [0, 0, 0, 0, 0, 0, 0, 0, 1, 0, 0, 0, 0, 0, 0], [0, 0, 0, 0, 0, 0, 0, 0, 0, 1, 0, 0, 0, 0, 0], [0, 0, 0, 0, 0, 0, 0, 0, 0, 0, 1, 0, 0, 0, 0], [0, 0, 0, 0, 0, 0, 0, 0, 0, 0, 0, 1, 0, 0, 0], [0, 0, 0, 0, 0, 0, 0, 0, 0, 0, 0, 0, 1, 0, 0], [0, 0, 0, 0, 0, 0, 0, 0, 0, 0, 0, 0, 0, 1, 0], [0, 0, 0, 0, 0, 0, 0, 0, 0, 0, 0, 0, 0, 0, 1]]
[[0, 1, 0, 1, 1, -1, 0, 0, 0, 0, 0, 0, 0, -1, 1], [0, 2, 0, 2, 1, -2, -1, 1, 0, 0, 1, 1, -1, -1, 1], [1, -2, -1, -1, 0, 2, 2, 1, 0, 0, 0, -1, 1, 0, 0], [0, -1, 0, -1, -1, 1, 0, -1, 0, 0, 0, -1, 1, 1, -1], [0, -1, 0, -1, 0, 1, 1, -1, 0, -1, -1, -1, 0, 1, -1], [0, -1, 0, -1, -1, 1, 0, -1, 0, -1, 0, -1, 0, 1, -1], [0, 1, 0, 1, 1, -1, 0, 1, 0, 1, 1, 1, 0, -1, 1], [0, 0, 0, 0, 0, 0, 0, 1, 0, 0, 0, 0, 0, 0, 0], [0, 0, 0, 1, 2, 0, 1, 0, 1, -1, -1, 0, 1, 0, 0], [0, -1, 0, 0, 1, 0, 1, -1, 0, -1, -1, -1, 1, 1, -1], [0, 0, 0, 0, 0, 1, 1, 0, 0, 0, 0, 0, 0, 0, 0], [-1, 1, 0, 0, -1, -1, -1, 0, 0, 1, 1, 1, -1, -1, 1], [0, 1, 0, 1, -1, -1, -1, 1, 0, 1, 1, 1, -1, -1, 1], [-1, 1, 0, 1, 1, -2, -1, 0, 0, 0, -1, 0, 0, 0, -1], [0, 0, 0, 0, 0, -1, -1, 0, 0, 0, -1, 0, 0, 0, -1]]
[[0, 2, 1, 2, 1, -2, -2, 0, 1, 0, 0, 1, -1, -1, 0], [1, 0, 0, 1, 1, 2, 2, 0, 1, -1, 0, -1, 1, 0, 0], [0, 0, 1, 0, 0, 0, 0, 0, 0, 0, 0, 0, 0, 0, 0], [-1, 1, 0, 0, -1, -2, -2, 0, -1, 1, 0, 1, -1, 0, 0], [1, -2, -1, -2, 0, 2, 2, 0, -1, 0, 0, -1, 1, 1, 0], [1, -2, -1, -2, -1, 3, 2, 0, -1, 0, 0, -1, 1, 1, 0], [-1, 2, 1, 2, 1, -2, -1, 0, 1, 0, 0, 1, -1, -1, 0], [0, 0, 0, 0, 0, 0, 0, 1, 0, 0, 0, 0, 0, 0, 0], [0, 0, 0, 0, 0, 0, 0, 0, 1, 0, 0, 0, 0, 0, 0], [0, 0, 0, 0, 0, 0, 0, 0, 0, 1, 0, 0, 0, 0, 0], [0, 0, 0, 0, 0, 0, 0, 0, 0, 0, 1, 0, 0, 0, 0], [0, -1, 0, 0, 0, 1, 1, 0, 0, -1, 0, -1, 0, 0, -1], [0, -1, 0, 0, 0, 1, 1, 0, 0, -1, 0, -2, 1, 0, -1], [0, 0, 0, 0, 0, 0, 0, 0, 0, 0, 0, 0, 0, 1, 0], [-1, 1, 0, -1, -1, -2, -2, 0, -1, 1, 0, 1, -1, 0, 1]]
[[1, 0, 0, 0, 0, 0, 0, 0, 0, 0, 0, 0, 0, 0, 0], [0, 1, 0, 0, 0, 0, 0, 0, 0, 0, 0, 0, 0, 0, 0], [0, 0, 1, 0, 0, 0, 0, 0, 0, 0, 0, 0, 0, 0, 0], [0, 0, 0, 1, 0, 0, 0, 0, 0, 0, 0, 0, 0, 0, 0], [0, 0, 0, 0, 1, 0, 0, 0, 0, 0, 0, 0, 0, 0, 0], [0, 0, 0, 0, 0, 1, 0, 0, 0, 0, 0, 0, 0, 0, 0], [0, 0, 0, 0, 0, 0, 1, 0, 0, 0, 0, 0, 0, 0, 0], [0, 0, 0, 0, 0, 0, 0, 1, 0, 0, 0, 0, 0, 0, 0], [0, 0, 0, 0, 0, 0, 0, 0, 1, 0, 0, 0, 0, 0, 0], [0, 0, 0, 0, 0, 0, 0, 0, 0, 1, 0, 0, 0, 0, 0], [0, 0, 0, 0, 0, 0, 0, 0, 0, 0, 1, 0, 0, 0, 0], [0, 0, 0, 0, 0, 0, 0, 0, 0, 0, 0, 1, 0, 0, 0], [0, 0, 0, 0, 0, 0, 0, 0, 0, 0, 0, 0, 1, 0, 0], [0, 0, 0, 0, 0, 0, 0, 0, 0, 0, 0, 0, 0, 1, 0], [0, 0, 0, 0, 0, 0, 0, 0, 0, 0, 0, 0, 0, 0, 1]]
[[1, -2, 0, -2, -1, 2, 1, 0, -1, 0, 0, 0, 0, 1, 0], [0, -2, 0, -2, -1, 2, 1, 0, -1, 0, 0, -1, 1, 2, -1], [0, 0, 0, 0, 0, 0, 0, 0, 0, -1, -1, 0, 0, 1, 0], [0, 0, 0, 1, 1, 0, 1, 0, 1, 0, 0, 0, 0, -1, 0], [0, 0, 0, 0, 0, 0, -1, 0, 1, 0, 0, 0, 0, -1, 0], [0, -1, 0, 0, 1, 1, 1, 0, 1, 0, 0, -1, 1, 0, -1], [0, 0, 0, 0, -1, 0, 0, 0, -1, 0, 0, 0, 0, 1, 0], [0, 0, 0, 0, 0, 1, 1, -1, 0, -1, 0, -1, 1, 1, 0], [0, 0, 0, 0, 0, 0, 0, 0, -1, 0, 0, 0, 0, 0, 0], [0, -3, -1, -2, 0, 2, 2, 0, 0, 0, -1, -1, 1, 0, -1], [0, 3, 0, 2, 0, -2, -2, 0, 0, 0, 1, 1, -1, -1, 1], [0, 3, 1, 2, 0, -2, -2, 0, 0, 1, 1, 2, -1, 0, 1], [0, 1, 0, 0, 0, 0, 0, 0, 0, 0, 0, 1, 0, 1, 1], [0, 0, 0, 0, 0, 0, 0, 0, 0, 0, 0, 0, 0, -1, 0], [0, -1, -1, 0, 1, 0, 1, 0, 1, -1, -1, -1, 1, -1, 0]]
[[1, 0, 0, 0, 0, 0, 0, 0, 0, 0, 0, 0, 0, 0, 0], [0, 1, 0, 0, 0, 0, 0, 0, 0, 0, 0, 0, 0, 0, 0], [0, 0, 1, 0, 0, 0, 0, 0, 0, 0, 0, 0, 0, 0, 0], [0, 0, 0, 1, 0, 0, 0, 0, 0, 0, 0, 0, 0, 0, 0], [0, 0, 0, 0, 1, 0, 0, 0, 0, 0, 0, 0, 0, 0, 0], [0, 0, 0, 0, 0, 1, 0, 0, 0, 0, 0, 0, 0, 0, 0], [0, 0, 0, 0, 0, 0, 1, 0, 0, 0, 0, 0, 0, 0, 0], [0, 0, 0, 0, 0, 0, 0, 1, 0, 0, 0, 0, 0, 0, 0], [0, 0, 0, 0, 0, 0, 0, 0, 1, 0, 0, 0, 0, 0, 0], [0, 0, 0, 0, 0, 0, 0, 0, 0, 1, 0, 0, 0, 0, 0], [0, 0, 0, 0, 0, 0, 0, 0, 0, 0, 1, 0, 0, 0, 0], [0, 0, 0, 0, 0, 0, 0, 0, 0, 0, 0, 1, 0, 0, 0], [0, 0, 0, 0, 0, 0, 0, 0, 0, 0, 0, 0, 1, 0, 0], [0, 0, 0, 0, 0, 0, 0, 0, 0, 0, 0, 0, 0, 1, 0], [0, 0, 0, 0, 0, 0, 0, 0, 0, 0, 0, 0, 0, 0, 1]]
[[1, 0, 0, 0, 0, 0, 0, 0, 0, 0, 0, 0, 0, 0, 0], [0, 1, 0, 0, 0, 0, 0, 0, 0, 0, 0, 0, 0, 0, 0], [0, 0, 1, 0, 0, 0, 0, 0, 0, 0, 0, 0, 0, 0, 0], [0, 0, 0, 1, 0, 0, 0, 0, 0, 0, 0, 0, 0, 0, 0], [0, 0, 0, 0, 1, 0, 0, 0, 0, 0, 0, 0, 0, 0, 0], [0, 0, 0, 0, 0, 1, 0, 0, 0, 0, 0, 0, 0, 0, 0], [0, 0, 0, 0, 0, 0, 1, 0, 0, 0, 0, 0, 0, 0, 0], [0, 0, 0, 0, 0, 0, 0, 1, 0, 0, 0, 0, 0, 0, 0], [0, 0, 0, 0, 0, 0, 0, 0, 1, 0, 0, 0, 0, 0, 0], [0, 0, 0, 0, 0, 0, 0, 0, 0, 1, 0, 0, 0, 0, 0], [0, 0, 0, 0, 0, 0, 0, 0, 0, 0, 1, 0, 0, 0, 0], [0, 0, 0, 0, 0, 0, 0, 0, 0, 0, 0, 1, 0, 0, 0], [0, 0, 0, 0, 0, 0, 0, 0, 0, 0, 0, 0, 1, 0, 0], [0, 0, 0, 0, 0, 0, 0, 0, 0, 0, 0, 0, 0, 1, 0], [0, 0, 0, 0, 0, 0, 0, 0, 0, 0, 0, 0, 0, 0, 1]]
[[1, 3, 1, 3, 1, -2, -2, 1, 0, 1, 1, 2, -1, -1, 1], [1, 1, 0, 1, 1, 1, 1, 1, 0, 0, 0, 1, 0, 0, 1], [1, -1, 0, 0, 0, 2, 2, 0, 0, -1, 0, -1, 1, 1, 0], [-1, -2, 0, -2, -1, 0, 0, -1, 0, 0, -1, -1, 0, 0, -1], [0, -1, -1, -1, 0, 1, 1, -1, 0, -1, 0, -2, 1, 1, -1], [0, -3, -1, -3, -1, 3, 2, -1, 0, -1, -1, -2, 1, 1, -1], [0, 3, 1, 3, 1, -2, -1, 1, 0, 1, 1, 2, -1, -1, 1], [0, 0, 0, 0, 0, 0, 0, 1, 0, 0, 0, 0, 0, 0, 0], [0, 3, 1, 3, 1, -2, -2, 1, 1, 1, 1, 2, -1, -1, 1], [0, 0, 0, 0, 0, 0, 0, 0, 0, 1, 0, 0, 0, 0, 0], [0, 0, 0, 0, 0, 0, 0, 0, 0, 0, 1, 0, 0, 0, 0], [0, 0, 0, 0, 0, 0, 0, 0, 0, 0, 0, 1, 0, 0, 0], [1, -3, -1, -2, 0, 3, 3, 0, 0, -1, -1, -1, 2, 1, 0], [-1, 1, 1, 0, 0, -2, -2, 0, 0, 1, 0, 1, -1, 0, 0], [-1, 0, 0, -1, -1, -1, -1, -1, 0, 0, 0, -1, 0, 0, 0]]
[[1, 0, 0, 0, 0, 0, 0, 0, 0, 0, 0, 0, 0, 0, 0], [0, 1, 0, 0, 0, 0, 0, 0, 0, 0, 0, 0, 0, 0, 0], [0, 0, 1, 0, 0, 0, 0, 0, 0, 0, 0, 0, 0, 0, 0], [0, 0, 0, 1, 0, 0, 0, 0, 0, 0, 0, 0, 0, 0, 0], [0, 0, 0, 0, 1, 0, 0, 0, 0, 0, 0, 0, 0, 0, 0], [0, 0, 0, 0, 0, 1, 0, 0, 0, 0, 0, 0, 0, 0, 0], [0, 0, 0, 0, 0, 0, 1, 0, 0, 0, 0, 0, 0, 0, 0], [0, 0, 0, 0, 0, 0, 0, 1, 0, 0, 0, 0, 0, 0, 0], [0, 0, 0, 0, 0, 0, 0, 0, 1, 0, 0, 0, 0, 0, 0], [0, 0, 0, 0, 0, 0, 0, 0, 0, 1, 0, 0, 0, 0, 0], [0, 0, 0, 0, 0, 0, 0, 0, 0, 0, 1, 0, 0, 0, 0], [0, 0, 0, 0, 0, 0, 0, 0, 0, 0, 0, 1, 0, 0, 0], [0, 0, 0, 0, 0, 0, 0, 0, 0, 0, 0, 0, 1, 0, 0], [0, 0, 0, 0, 0, 0, 0, 0, 0, 0, 0, 0, 0, 1, 0], [0, 0, 0, 0, 0, 0, 0, 0, 0, 0, 0, 0, 0, 0, 1]]
[[1, 0, 0, 0, 0, 0, 0, 0, 0, 0, 0, 0, 0, 0, 0], [0, 1, 0, 0, 0, 0, 0, 0, 0, 0, 0, 0, 0, 0, 0], [0, 0, 1, 0, 0, 0, 0, 0, 0, 0, 0, 0, 0, 0, 0], [0, 0, 0, 1, 0, 0, 0, 0, 0, 0, 0, 0, 0, 0, 0], [0, 0, 0, 0, 1, 0, 0, 0, 0, 0, 0, 0, 0, 0, 0], [0, 0, 0, 0, 0, 1, 0, 0, 0, 0, 0, 0, 0, 0, 0], [0, 0, 0, 0, 0, 0, 1, 0, 0, 0, 0, 0, 0, 0, 0], [0, 0, 0, 0, 0, 0, 0, 1, 0, 0, 0, 0, 0, 0, 0], [0, 0, 0, 0, 0, 0, 0, 0, 1, 0, 0, 0, 0, 0, 0], [0, 0, 0, 0, 0, 0, 0, 0, 0, 1, 0, 0, 0, 0, 0], [0, 0, 0, 0, 0, 0, 0, 0, 0, 0, 1, 0, 0, 0, 0], [0, 0, 0, 0, 0, 0, 0, 0, 0, 0, 0, 1, 0, 0, 0], [0, 0, 0, 0, 0, 0, 0, 0, 0, 0, 0, 0, 1, 0, 0], [0, 0, 0, 0, 0, 0, 0, 0, 0, 0, 0, 0, 0, 1, 0], [0, 0, 0, 0, 0, 0, 0, 0, 0, 0, 0, 0, 0, 0, 1]]
[[1, 0, 0, 0, 0, 0, 0, 0, 0, 0, 0, 0, 0, 0, 0], [0, 1, 0, 0, 0, 0, 0, 0, 0, 0, 0, 0, 0, 0, 0], [0, 0, 1, 0, 0, 0, 0, 0, 0, 0, 0, 0, 0, 0, 0], [0, 0, 0, 1, 0, 0, 0, 0, 0, 0, 0, 0, 0, 0, 0], [0, 0, 0, 0, 1, 0, 0, 0, 0, 0, 0, 0, 0, 0, 0], [0, 0, 0, 0, 0, 1, 0, 0, 0, 0, 0, 0, 0, 0, 0], [0, 0, 0, 0, 0, 0, 1, 0, 0, 0, 0, 0, 0, 0, 0], [0, 0, 0, 0, 0, 0, 0, 1, 0, 0, 0, 0, 0, 0, 0], [0, 0, 0, 0, 0, 0, 0, 0, 1, 0, 0, 0, 0, 0, 0], [0, 0, 0, 0, 0, 0, 0, 0, 0, 1, 0, 0, 0, 0, 0], [0, 0, 0, 0, 0, 0, 0, 0, 0, 0, 1, 0, 0, 0, 0], [0, 0, 0, 0, 0, 0, 0, 0, 0, 0, 0, 1, 0, 0, 0], [0, 0, 0, 0, 0, 0, 0, 0, 0, 0, 0, 0, 1, 0, 0], [0, 0, 0, 0, 0, 0, 0, 0, 0, 0, 0, 0, 0, 1, 0], [0, 0, 0, 0, 0, 0, 0, 0, 0, 0, 0, 0, 0, 0, 1]]
[[0, -1, -1, 0, 0, 1, 1, 0, 1, -1, 0, -1, 1, 0, 0], [0, 1, 0, 1, 0, -1, -1, -1, 1, -1, 0, 0, 0, -1, 1], [1, -2, -1, -1, 0, 3, 3, -1, 0, -1, 0, -2, 2, 1, 0], [0, 0, 0, -1, 0, 0, 0, 1, -1, 1, 0, 1, -1, 0, 0], [-1, 2, 1, 1, -1, -3, -3, 1, -1, 2, 1, 2, -2, -1, 0], [-1, 4, 1, 2, 0, -5, -4, 1, -1, 2, 1, 3, -3, -2, 1], [1, -2, -1, -1, 0, 3, 2, -1, 1, -2, -1, -2, 2, 1, 0], [0, -1, 0, -1, 0, 1, 1, -1, 0, -1, -1, -1, 1, 1, 0], [0, 1, 1, 1, 0, 0, -1, 0, 1, 0, 0, 1, 0, 0, 1], [0, 2, 1, 1, -1, -1, -2, 1, 0, 1, 1, 2, -2, -1, 1], [0, -2, 0, -1, 0, 1, 1, 0, 0, 0, -1, -1, 1, 1, -1], [0, -1, -1, 0, 1, 0, 1, 0, 0, -1, -1, -2, 1, 0, -1], [1, -3, -1, -1, 1, 3, 4, -1, 0, -2, -1, -3, 2, 1, -1], [-1, 0, 1, -1, -1, 0, -1, 0, 0, 1, 0, 1, -1, 0, 0], [0, 0, 1, -1, -1, 1, 0, 0, -1, 1, 1, 1, -1, 1, 0]]
[[0, 0, 0, 0, 0, -1, 0, 0, 0, 0, -1, 0, 0, 0, 0], [-1, 4, 0, 2, 0, -4, -3, 0, 0, 1, 1, 2, -2, -2, 1], [0, 1, 1, 1, 0, -1, -1, 0, 0, 1, 1, 1, -1, -1, 0], [1, -1, 0, 0, 0, 2, 1, 0, 0, -1, 0, -1, 1, 1, 0], [-1, 0, 0, 0, 1, -1, 0, 0, 0, 0, -1, 0, 0, 0, 0], [-1, 2, 0, 1, 0, -2, -2, 0, 0, 0, 0, 1, -1, -1, 1], [1, 0, 0, 0, 0, 1, 1, 0, 0, 0, 1, 0, 0, 0, 0], [0, 1, 0, 1, 0, -1, -1, 1, 0, 1, 1, 1, -1, -1, 0], [0, 0, 0, 0, 0, 0, 0, 0, 1, 0, 0, 0, 0, 0, 0], [0, 1, 0, 0, 0, -1, -1, 0, 0, 0, 0, 0, 0, 0, 1], [0, -2, 0, -1, 0, 2, 2, 0, 0, 0, 0, -1, 1, 1, -1], [0, 0, 0, 0, 0, 0, 0, 0, 0, 0, 0, 1, 0, 0, 0], [0, 1, 0, 1, 0, -1, -1, 0, 0, 1, 1, 1, 0, -1, 0], [0, 0, 0, 0, 0, 0, 0, 0, 0, 0, 0, 0, 0, 1, 0], [1, -2, 0, -1, 0, 3, 2, 0, 0, 0, 0, -1, 1, 1, 0]]
[[1, -1, 0, -1, 0, 2, 2, -1, 0, -1, 0, -1, 1, 1, 0], [0, 1, 0, 0, 0, -2, -2, 0, 0, 0, 0, 0, 0, 0, 0], [0, 1, 1, 1, 0, -2, -2, 1, 0, 1, 0, 1, -1, -1, 0], [0, 0, 0, 1, 0, 1, 1, 0, 0, 0, 1, 0, 0, 0, 0], [0, 0, 0, 0, 1, 1, 1, 0, 0, 0, 0, 0, 0, 0, 0], [0, 0, 0, 0, 0, 1, 0, 0, 0, 0, 1, 0, 0, 0, 0], [0, 0, 0, 0, 0, -2, -1, 0, 0, 0, -1, 0, 0, 0, 0], [0, 0, 0, 0, 0, -1, -1, 1, 0, 0, -1, 0, 0, 0, 0], [0, -1, 0, -1, 0, 1, 1, -1, 1, -1, -1, -1, 1, 1, 0], [0, -1, 0, -1, 0, 2, 2, -1, 0, 0, 1, -1, 1, 1, 0], [0, 0, 0, 0, 0, 0, 0, 0, 0, 0, -1, 0, 0, 0, 0], [0, 0, 0, 0, 0, -1, -1, 0, 0, 0, -1, 1, 0, 0, 0], [0, 1, 0, 1, 0, -2, -2, 1, 0, 1, 0, 1, 0, -1, 0], [0, 0, 0, 0, 0, 1, 1, 0, 0, 0, 0, 0, 0, 1, 0], [0, 1, 0, 1, 0, 0, 0, 1, 0, 1, 1, 1, -1, -1, 1]]
[[1, 0, 0, 0, 0, 0, 0, 0, 0, 0, 0, 0, 0, 0, 0], [0, 1, 0, 0, 0, 0, 0, 0, 0, 0, 0, 0, 0, 0, 0], [0, 0, 1, 0, 0, 0, 0, 0, 0, 0, 0, 0, 0, 0, 0], [0, 0, 0, 1, 0, 0, 0, 0, 0, 0, 0, 0, 0, 0, 0], [0, 0, 0, 0, 1, 0, 0, 0, 0, 0, 0, 0, 0, 0, 0], [0, 0, 0, 0, 0, 1, 0, 0, 0, 0, 0, 0, 0, 0, 0], [0, 0, 0, 0, 0, 0, 1, 0, 0, 0, 0, 0, 0, 0, 0], [0, 0, 0, 0, 0, 0, 0, 1, 0, 0, 0, 0, 0, 0, 0], [0, 0, 0, 0, 0, 0, 0, 0, 1, 0, 0, 0, 0, 0, 0], [0, 0, 0, 0, 0, 0, 0, 0, 0, 1, 0, 0, 0, 0, 0], [0, 0, 0, 0, 0, 0, 0, 0, 0, 0, 1, 0, 0, 0, 0], [0, 0, 0, 0, 0, 0, 0, 0, 0, 0, 0, 1, 0, 0, 0], [0, 0, 0, 0, 0, 0, 0, 0, 0, 0, 0, 0, 1, 0, 0], [0, 0, 0, 0, 0, 0, 0, 0, 0, 0, 0, 0, 0, 1, 0], [0, 0, 0, 0, 0, 0, 0, 0, 0, 0, 0, 0, 0, 0, 1]]
[[0, 1, 0, 1, 0, -2, -1, 0, 0, 0, 0, 0, -1, -1, 0], [-1, 2, 0, 1, 0, -2, -1, 0, 0, 0, 0, 0, -1, -1, 0], [0, 0, 1, 0, 0, 0, 0, 0, 0, 0, 0, 0, 0, 0, 0], [1, -1, 0, 0, 0, 2, 1, 0, 0, 0, 0, 0, 1, 1, 0], [0, 0, 0, 0, 1, 0, 0, 0, 0, 0, 0, 0, 0, 0, 0], [0, 0, 0, 0, 0, 1, 0, 0, 0, 0, 0, 0, 0, 0, 0], [0, 0, 0, 0, 0, 0, 1, 0, 0, 0, 0, 0, 0, 0, 0], [0, 0, 0, 0, 0, 0, 0, 1, 0, 0, 0, 0, 0, 0, 0], [0, 0, 0, 0, 0, 0, 0, 0, 1, 0, 0, 0, 0, 0, 0], [0, 0, 0, 0, 0, 0, 0, 0, 0, 1, 0, 0, 0, 0, 0], [0, 0, 0, 0, 0, 0, 0, 0, 0, 0, 1, 0, 0, 0, 0], [-1, 1, 0, 1, 0, -2, -1, 0, 0, 0, 0, 1, -1, -1, 0], [-1, 1, 0, 1, 0, -2, -1, 0, 0, 0, 0, 0, 0, -1, 0], [0, 0, 0, 0, 0, 0, 0, 0, 0, 0, 0, 0, 0, 1, 0], [1, -1, 0, -1, 0, 2, 1, 0, 0, 0, 0, 0, 1, 1, 1]]
[[1, 0, 0, 0, 0, 0, 0, 0, 0, 0, 0, 0, 0, 0, 0], [0, 2, 0, 1, 0, -1, -1, 0, 0, 0, 0, 0, 0, 0, 0], [0, 1, 1, 1, 0, -1, -1, 0, 0, 0, 0, 0, 0, 0, 0], [0, -2, 0, -1, 0, 2, 2, 0, 0, 0, 0, 0, 0, 0, 0], [0, 0, 0, 0, 1, 0, 0, 0, 0, 0, 0, 0, 0, 0, 0], [0, -1, 0, -1, 0, 2, 1, 0, 0, 0, 0, 0, 0, 0, 0], [0, 2, 0, 2, 0, -2, -1, 0, 0, 0, 0, 0, 0, 0, 0], [0, 1, 0, 1, 0, -1, -1, 1, 0, 0, 0, 0, 0, 0, 0], [0, 1, 0, 1, 0, -1, -1, 0, 1, 0, 0, 0, 0, 0, 0], [0, -1, 0, -1, 0, 1, 1, 0, 0, 1, 0, 0, 0, 0, 0], [0, 1, 0, 1, 0, -1, -1, 0, 0, 0, 1, 0, 0, 0, 0], [0, 1, 0, 1, 0, -1, -1, 0, 0, 0, 0, 1, 0, 0, 0], [0, 0, 0, 0, 0, 0, 0, 0, 0, 0, 0, 0, 1, 0, 0], [0, -1, 0, -1, 0, 1, 1, 0, 0, 0, 0, 0, 0, 1, 0], [0, -1, 0, -1, 0, 1, 1, 0, 0, 0, 0, 0, 0, 0, 1]]
[[1, 0, 0, 0, 0, 0, 0, 0, 0, 0, 0, 0, 0, 0, 0], [0, 1, 0, 0, 0, 0, 0, 0, 0, 0, 0, 0, 0, 0, 0], [0, 0, 1, 0, 0, 0, 0, 0, 0, 0, 0, 0, 0, 0, 0], [0, 0, 0, 1, 0, 0, 0, 0, 0, 0, 0, 0, 0, 0, 0], [0, 0, 0, 0, 1, 0, 0, 0, 0, 0, 0, 0, 0, 0, 0], [0, 0, 0, 0, 0, 1, 0, 0, 0, 0, 0, 0, 0, 0, 0], [0, 0, 0, 0, 0, 0, 1, 0, 0, 0, 0, 0, 0, 0, 0], [0, 0, 0, 0, 0, 0, 0, 1, 0, 0, 0, 0, 0, 0, 0], [0, 0, 0, 0, 0, 0, 0, 0, 1, 0, 0, 0, 0, 0, 0], [0, 0, 0, 0, 0, 0, 0, 0, 0, 1, 0, 0, 0, 0, 0], [0, 0, 0, 0, 0, 0, 0, 0, 0, 0, 1, 0, 0, 0, 0], [0, 0, 0, 0, 0, 0, 0, 0, 0, 0, 0, 1, 0, 0, 0], [0, 0, 0, 0, 0, 0, 0, 0, 0, 0, 0, 0, 1, 0, 0], [0, 0, 0, 0, 0, 0, 0, 0, 0, 0, 0, 0, 0, 1, 0], [0, 0, 0, 0, 0, 0, 0, 0, 0, 0, 0, 0, 0, 0, 1]]
[[1, 0, 0, 0, 0, 0, 0, 0, 0, 0, 0, 0, 0, 0, 0], [0, 1, 0, 0, 0, 0, 0, 0, 0, 0, 0, 0, 0, 0, 0], [0, 0, 1, 0, 0, 0, 0, 0, 0, 0, 0, 0, 0, 0, 0], [0, 0, 0, 1, 0, 0, 0, 0, 0, 0, 0, 0, 0, 0, 0], [0, 0, 0, 0, 1, 0, 0, 0, 0, 0, 0, 0, 0, 0, 0], [0, 0, 0, 0, 0, 1, 0, 0, 0, 0, 0, 0, 0, 0, 0], [0, 0, 0, 0, 0, 0, 1, 0, 0, 0, 0, 0, 0, 0, 0], [0, 0, 0, 0, 0, 0, 0, 1, 0, 0, 0, 0, 0, 0, 0], [0, 0, 0, 0, 0, 0, 0, 0, 1, 0, 0, 0, 0, 0, 0], [0, 0, 0, 0, 0, 0, 0, 0, 0, 1, 0, 0, 0, 0, 0], [0, 0, 0, 0, 0, 0, 0, 0, 0, 0, 1, 0, 0, 0, 0], [0, 0, 0, 0, 0, 0, 0, 0, 0, 0, 0, 1, 0, 0, 0], [0, 0, 0, 0, 0, 0, 0, 0, 0, 0, 0, 0, 1, 0, 0], [0, 0, 0, 0, 0, 0, 0, 0, 0, 0, 0, 0, 0, 1, 0], [0, 0, 0, 0, 0, 0, 0, 0, 0, 0, 0, 0, 0, 0, 1]]

Generators of monodromy action on conics:
(121,123)(122,124)(133,136)(134,135)(153,155)(154,156)(157,160)(158,159)(197,218)(198,217)(203,224)(204,223)(207,232)(208,231)(209,234)(210,233)(213,244)(214,243)(215,247)(216,248)
(41,77)(42,78)(43,79)(44,80)(81,112)(82,111)(83,109)(84,110)(85,107)(86,108)(87,105)(88,106)(89,103)(90,104)(91,102)(92,101)(93,100)(94,99)(95,97)(96,98)
(9,11)(10,12)(29,31)(30,32)(125,127)(126,128)(129,132)(130,131)(149,151)(150,152)(161,164)(162,163)(193,236)(194,235)(197,243)(198,244)(199,241)(200,242)(201,237)(202,238)(205,225)(206,226)(213,217)(214,218)
(5,7)(6,8)(13,25)(14,26)(15,27)(16,28)(33,35)(34,36)(41,43)(42,44)(45,105)(46,106)(47,107)(48,108)(49,111)(50,112)(51,109)(52,110)(53,100)(54,99)(55,97)(56,98)(57,103)(58,104)(59,101)(60,102)(61,92)(62,91)(63,89)(64,90)(65,95)(66,96)(67,93)(68,94)(69,84)(70,83)(71,82)(72,81)(73,85)(74,86)(75,87)(76,88)(121,133)(122,134)(123,136)(124,135)(149,161)(150,162)(151,164)(152,163)(169,191)(170,192)(171,189)(172,190)(177,187)(178,188)(179,185)(180,186)(199,205)(200,206)(203,209)(204,210)(219,229)(220,230)(223,233)(224,234)(225,241)(226,242)(227,245)(228,246)
(5,16)(6,15)(7,13)(8,14)(25,36)(26,35)(27,33)(28,34)(49,54)(50,53)(51,56)(52,55)(65,69)(66,70)(67,72)(68,71)(85,91)(86,92)(87,89)(88,90)(101,108)(102,107)(103,105)(104,106)(113,121)(114,122)(115,123)(116,124)(133,141)(134,142)(135,144)(136,143)(145,172)(146,171)(147,169)(148,170)(153,177)(154,178)(155,179)(156,180)(157,186)(158,185)(159,187)(160,188)(161,163)(162,164)(165,189)(166,190)(167,191)(168,192)(195,209)(196,210)(199,242)(200,241)(203,222)(204,221)(207,230)(208,229)(211,234)(212,233)(213,218)(214,217)(215,245)(216,246)(219,247)(220,248)(223,239)(224,240)(227,231)(228,232)
(1,3)(2,4)(17,22)(18,21)(19,24)(20,23)(37,39)(38,40)(45,81)(46,82)(47,83)(48,84)(49,88)(50,87)(51,85)(52,86)(53,89)(54,90)(55,92)(56,91)(57,93)(58,94)(59,95)(60,96)(61,97)(62,98)(63,100)(64,99)(65,101)(66,102)(67,103)(68,104)(69,108)(70,107)(71,106)(72,105)(73,109)(74,110)(75,112)(76,111)(77,79)(78,80)(125,129)(126,130)(127,132)(128,131)(153,157)(154,158)(155,160)(156,159)(173,183)(174,184)(175,182)(176,181)(177,186)(178,185)(179,188)(180,187)(193,201)(194,202)(207,215)(208,216)(219,228)(220,227)(229,246)(230,245)(231,248)(232,247)(235,238)(236,237)
(1,19)(2,20)(3,17)(4,18)(21,39)(22,40)(23,37)(24,38)(49,67)(50,68)(51,65)(52,66)(53,71)(54,72)(55,70)(56,69)(81,99)(82,100)(83,97)(84,98)(93,111)(94,112)(95,109)(96,110)(113,155)(114,156)(115,153)(116,154)(117,175)(118,176)(119,173)(120,174)(121,179)(122,180)(123,177)(124,178)(129,131)(130,132)(133,185)(134,186)(135,188)(136,187)(137,181)(138,182)(139,183)(140,184)(141,158)(142,157)(143,159)(144,160)(193,235)(194,236)(195,247)(196,248)(197,244)(198,243)(203,229)(204,230)(207,221)(208,222)(209,219)(210,220)(211,215)(212,216)(223,228)(224,227)(231,240)(232,239)(233,246)(234,245)
(1,37)(2,38)(3,39)(4,40)(5,35)(6,36)(7,33)(8,34)(9,12)(10,11)(13,27)(14,28)(15,25)(16,26)(17,20)(18,19)(21,24)(22,23)(29,32)(30,31)(41,80,43,78)(42,79,44,77)(45,112,75,81)(46,111,76,82)(47,109,73,83)(48,110,74,84)(49,106,71,88)(50,105,72,87)(51,107,70,85)(52,108,69,86)(53,103,67,89)(54,104,68,90)(55,101,65,92)(56,102,66,91)(57,100,63,93)(58,99,64,94)(59,97,61,95)(60,98,62,96)(117,137)(118,138)(119,140)(120,139)(125,129)(126,130)(127,132)(128,131)(145,165)(146,166)(147,168)(148,167)(153,157)(154,158)(155,160)(156,159)(169,192)(170,191)(171,190)(172,189)(173,174)(175,176)(177,186)(178,185)(179,188)(180,187)(181,182)(183,184)(193,201)(194,202)(207,215)(208,216)(219,228)(220,227)(229,246)(230,245)(231,248)(232,247)(235,238)(236,237)
(1,39)(2,40)(3,37)(4,38)(5,35)(6,36)(7,33)(8,34)(9,29)(10,30)(11,31)(12,32)(13,27)(14,28)(15,25)(16,26)(17,23)(18,24)(19,21)(20,22)(125,127)(126,128)(129,132)(130,131)(149,151)(150,152)(161,164)(162,163)(193,236)(194,235)(197,243)(198,244)(199,241)(200,242)(201,237)(202,238)(205,225)(206,226)(213,217)(214,218)
